2024-06-05 03:23:48,748 [INFO] Activator:176 - 


2024-06-05 03:23:48,751 [INFO] Activator:177 - !SESSION log4j initialized
2024-06-05 03:23:54,258 [INFO] LogOutputStream:77 - [STDOUT_REDIRECT] 
2024-06-05 03:23:56,245 [INFO] ApplicationProperties:184 - Using Application install path: C:\ST\STM32CubeIDE_1.10.1\STM32CubeIDE\plugins\com.st.stm32cube.common.mx_6.11.1.202404110753
2024-06-05 03:23:56,261 [INFO] DbMcusXml:78 - Set database path to: C:\ST\STM32CubeIDE_1.10.1\STM32CubeIDE\plugins\com.st.stm32cube.common.mx_6.11.1.202404110753\\db\/mcu/
2024-06-05 03:23:56,261 [INFO] ApiDb:274 - Set plugin database path to: C:\ST\STM32CubeIDE_1.10.1\STM32CubeIDE\plugins\com.st.stm32cube.common.mx_6.11.1.202404110753\\db\/plugins/boardmanager/
2024-06-05 03:23:56,261 [WARN] ApiDb:259 - Overriding images path with different value:  => C:\ST\STM32CubeIDE_1.10.1\STM32CubeIDE\plugins\com.st.stm32cube.common.mx_6.11.1.202404110753\\db\/plugins/mcufinder/images/
2024-06-05 03:23:56,269 [INFO] ApiDb:250 - Set database path to: C:\Users\saksh\.stmcufinder\plugins\mcufinder//mcu/
2024-06-05 03:23:56,269 [INFO] DbMcusAds:125 - Set database path to: C:\Users\saksh\.stmcufinder\plugins\mcufinder//mcu/
2024-06-05 03:23:56,271 [INFO] CrossReferenceDbSqlite:203 - Set database path to: C:\Users\saksh\.stmcufinder\plugins\mcufinder//mcu/cs/
2024-06-05 03:23:56,371 [INFO] RulesReader:64 - Compatibility file has been processed (297 Rules)
2024-06-05 03:23:56,435 [INFO] DbMcusXml:78 - Set database path to: C:\ST\STM32CubeIDE_1.10.1\STM32CubeIDE\plugins\com.st.stm32cube.common.mx_6.11.1.202404110753\\db\/mcu/
2024-06-05 03:23:56,435 [INFO] ApiDb:274 - Set plugin database path to: C:\ST\STM32CubeIDE_1.10.1\STM32CubeIDE\plugins\com.st.stm32cube.common.mx_6.11.1.202404110753\\db\/plugins/boardmanager/
2024-06-05 03:23:56,435 [INFO] ApiDb:261 - Set plugin images path to: C:\ST\STM32CubeIDE_1.10.1\STM32CubeIDE\plugins\com.st.stm32cube.common.mx_6.11.1.202404110753\\db\/plugins/mcufinder/images/
2024-06-05 03:23:56,435 [WARN] DbFile:41 - Overriding database path with different value: C:\Users\saksh\.stmcufinder\plugins\mcufinder/ => C:\Users\saksh\.stmcufinder\plugins\mcufinder
2024-06-05 03:23:56,437 [INFO] ApiDb:250 - Set database path to: C:\Users\saksh\.stmcufinder\plugins\mcufinder//mcu/
2024-06-05 03:23:56,437 [WARN] DbFile:41 - Overriding database path with different value: C:\Users\saksh\.stmcufinder\plugins\mcufinder/ => C:\Users\saksh\.stmcufinder\plugins\mcufinder
2024-06-05 03:23:56,437 [INFO] DbMcusAds:125 - Set database path to: C:\Users\saksh\.stmcufinder\plugins\mcufinder//mcu/
2024-06-05 03:23:56,437 [WARN] DbFile:41 - Overriding database path with different value: C:\Users\saksh\.stmcufinder\plugins\mcufinder/ => C:\Users\saksh\.stmcufinder\plugins\mcufinder
2024-06-05 03:23:56,437 [WARN] DbFile:41 - Overriding database path with different value: C:\Users\saksh\.stmcufinder\plugins\mcufinder/ => C:\Users\saksh\.stmcufinder\plugins\mcufinder
2024-06-05 03:23:56,437 [INFO] CrossReferenceDbSqlite:203 - Set database path to: C:\Users\saksh\.stmcufinder\plugins\mcufinder//mcu/cs/
2024-06-05 03:23:56,505 [INFO] MainPanel:264 - HeapMemory: 268435456
2024-06-05 03:23:56,579 [INFO] DbMcusXml:78 - Set database path to: C:\ST\STM32CubeIDE_1.10.1\STM32CubeIDE\plugins\com.st.stm32cube.common.mx_6.11.1.202404110753\\db\/mcu/
2024-06-05 03:23:56,579 [INFO] ApiDb:274 - Set plugin database path to: C:\ST\STM32CubeIDE_1.10.1\STM32CubeIDE\plugins\com.st.stm32cube.common.mx_6.11.1.202404110753\\db\/plugins/boardmanager/
2024-06-05 03:23:56,579 [INFO] ApiDb:261 - Set plugin images path to: C:\ST\STM32CubeIDE_1.10.1\STM32CubeIDE\plugins\com.st.stm32cube.common.mx_6.11.1.202404110753\\db\/plugins/mcufinder/images/
2024-06-05 03:23:56,580 [WARN] DbFile:41 - Overriding database path with different value: C:\Users\saksh\.stmcufinder\plugins\mcufinder/ => C:\Users\saksh\.stmcufinder\plugins\mcufinder
2024-06-05 03:23:56,580 [INFO] ApiDb:250 - Set database path to: C:\Users\saksh\.stmcufinder\plugins\mcufinder//mcu/
2024-06-05 03:23:56,580 [WARN] DbFile:41 - Overriding database path with different value: C:\Users\saksh\.stmcufinder\plugins\mcufinder/ => C:\Users\saksh\.stmcufinder\plugins\mcufinder
2024-06-05 03:23:56,580 [INFO] DbMcusAds:125 - Set database path to: C:\Users\saksh\.stmcufinder\plugins\mcufinder//mcu/
2024-06-05 03:23:56,580 [WARN] DbFile:41 - Overriding database path with different value: C:\Users\saksh\.stmcufinder\plugins\mcufinder/ => C:\Users\saksh\.stmcufinder\plugins\mcufinder
2024-06-05 03:23:56,580 [WARN] DbFile:41 - Overriding database path with different value: C:\Users\saksh\.stmcufinder\plugins\mcufinder/ => C:\Users\saksh\.stmcufinder\plugins\mcufinder
2024-06-05 03:23:56,580 [INFO] CrossReferenceDbSqlite:203 - Set database path to: C:\Users\saksh\.stmcufinder\plugins\mcufinder//mcu/cs/
2024-06-05 03:23:56,596 [INFO] ApplicationProperties:184 - Using Application install path: C:\ST\STM32CubeIDE_1.10.1\STM32CubeIDE\plugins\com.st.stm32cube.common.mx_6.11.1.202404110753
2024-06-05 03:23:56,597 [INFO] PluginManage:196 - Search for loadable plugins [exclusion list=, ]
2024-06-05 03:23:56,598 [INFO] PluginManage:310 - Check plugin analytics
2024-06-05 03:23:56,716 [INFO] AnalyticsPlugin:253 - Accepted Software Licenses: 
2024-06-05 03:23:56,716 [INFO] AnalyticsPlugin:255 - Accepted CMSIS Pack Licenses: 
2024-06-05 03:23:56,716 [INFO] AnalyticsPlugin:257 - Accepted Firmware Licenses: FW.H7.1.10.0,FW.G4.1.5.0
2024-06-05 03:23:56,718 [INFO] PluginManage:359 - Loaded plugin analytics (category:tool,tabindex:-1)
2024-06-05 03:23:56,718 [INFO] PluginManage:310 - Check plugin cadmodel
2024-06-05 03:23:56,730 [INFO] CADModel:105 - Init CAD model plugin
2024-06-05 03:23:56,730 [INFO] PluginManage:359 - Loaded plugin cadmodel (category:power,tabindex:5)
2024-06-05 03:23:56,730 [INFO] PluginManage:310 - Check plugin clock
2024-06-05 03:23:56,746 [INFO] PluginManage:359 - Loaded plugin clock (category:base,tabindex:2)
2024-06-05 03:23:56,746 [INFO] PluginManage:310 - Check plugin ddr
2024-06-05 03:23:56,747 [INFO] PluginManage:359 - Loaded plugin ddr (category:tool,tabindex:6)
2024-06-05 03:23:56,747 [INFO] PluginManage:310 - Check plugin filemanager
2024-06-05 03:23:56,846 [INFO] PluginManage:359 - Loaded plugin filemanager (category:base,tabindex:10)
2024-06-05 03:23:56,846 [INFO] PluginManage:310 - Check plugin ipmanager
2024-06-05 03:23:56,851 [INFO] PluginManage:359 - Loaded plugin ipmanager (category:base,tabindex:5)
2024-06-05 03:23:56,852 [INFO] PluginManage:310 - Check plugin lpbam
2024-06-05 03:23:56,864 [INFO] PluginManage:359 - Loaded plugin lpbam (category:base,tabindex:0)
2024-06-05 03:23:56,864 [INFO] PluginManage:310 - Check plugin memorymap
2024-06-05 03:23:56,882 [INFO] PluginManage:359 - Loaded plugin memorymap (category:base,tabindex:4)
2024-06-05 03:23:56,882 [INFO] PluginManage:310 - Check plugin pinoutandconfiguration
2024-06-05 03:23:56,897 [INFO] PluginManage:359 - Loaded plugin pinoutandconfiguration (category:base,tabindex:1)
2024-06-05 03:23:56,897 [INFO] PluginManage:310 - Check plugin pinoutconfig
2024-06-05 03:23:56,971 [WARN] SupportedApi:132 - Cannot load RTOS API schema: s4s-elt-must-match.1: The content of 'definitions' must match (annotation?, (simpleType | complexType)?, (unique | key | keyref)*)). A problem was found starting at: attribute.
2024-06-05 03:23:57,075 [INFO] PluginManage:359 - Loaded plugin pinoutconfig (category:base,tabindex:0)
2024-06-05 03:23:57,076 [INFO] PluginManage:310 - Check plugin power
2024-06-05 03:23:57,092 [INFO] PluginManage:359 - Loaded plugin power (category:power,tabindex:4)
2024-06-05 03:23:57,092 [INFO] PluginManage:310 - Check plugin projectmanager
2024-06-05 03:23:57,103 [INFO] PluginManage:359 - Loaded plugin projectmanager (category:projectmanager,tabindex:3)
2024-06-05 03:23:57,103 [INFO] PluginManage:310 - Check plugin thirdparty
2024-06-05 03:23:57,316 [INFO] PluginManage:359 - Loaded plugin thirdparty (category:base,tabindex:-1)
2024-06-05 03:23:57,316 [INFO] PluginManage:310 - Check plugin tools
2024-06-05 03:23:57,316 [WARN] IntegrityCheckThread:84 - waiting for thirdparty lock release [integrity check]
2024-06-05 03:23:57,316 [INFO] IntegrityCheckThread:86 - entering critical section [integrity check]
2024-06-05 03:23:57,316 [INFO] ThirdPartyUpdaterWithRetryManager:70 - Updater plugin not ready yet. [1/15]
2024-06-05 03:23:57,341 [INFO] PluginManage:359 - Loaded plugin tools (category:base,tabindex:7)
2024-06-05 03:23:57,341 [INFO] PluginManage:310 - Check plugin tutovideos
2024-06-05 03:23:57,497 [INFO] PluginManage:359 - Loaded plugin tutovideos (category:base,tabindex:-1)
2024-06-05 03:23:57,497 [INFO] PluginManage:310 - Check plugin updater
2024-06-05 03:23:57,507 [INFO] PluginManage:359 - Loaded plugin updater (category:base,tabindex:12)
2024-06-05 03:23:57,507 [INFO] PluginManage:310 - Check plugin userauth
2024-06-05 03:23:57,511 [INFO] UserAuth:114 - Init User Auth plugin
2024-06-05 03:23:57,511 [INFO] PluginManage:359 - Loaded plugin userauth (category:base,tabindex:14)
2024-06-05 03:23:57,511 [INFO] PluginManage:283 - PluginManage : Loaded plugins [17]
2024-06-05 03:23:57,681 [INFO] PinOutPanel:1561 - setPackage(No Configuration,No Configuration)
2024-06-05 03:23:57,734 [INFO] CADModel:165 - CPN selected for project level
2024-06-05 03:23:57,734 [INFO] CADModel:114 - Register for checkConnection events
2024-06-05 03:23:57,753 [INFO] IPUIPlugin:80 - create IPUIPlugin
2024-06-05 03:23:57,754 [INFO] PluginManager:220 - loadIPPluginJar : add adc
2024-06-05 03:23:57,782 [INFO] IPUIPlugin:80 - create IPUIPlugin
2024-06-05 03:23:57,782 [INFO] PluginManager:220 - loadIPPluginJar : add aes
2024-06-05 03:23:57,812 [INFO] IPUIPlugin:80 - create IPUIPlugin
2024-06-05 03:23:57,812 [INFO] PluginManager:220 - loadIPPluginJar : add can
2024-06-05 03:23:57,828 [INFO] IPUIPlugin:80 - create IPUIPlugin
2024-06-05 03:23:57,829 [INFO] PluginManager:220 - loadIPPluginJar : add comp
2024-06-05 03:23:57,854 [INFO] IPUIPlugin:80 - create IPUIPlugin
2024-06-05 03:23:57,854 [INFO] PluginManager:220 - loadIPPluginJar : add cryp
2024-06-05 03:23:57,887 [INFO] IPUIPlugin:80 - create IPUIPlugin
2024-06-05 03:23:57,887 [INFO] PluginManager:220 - loadIPPluginJar : add dfsdm
2024-06-05 03:23:57,899 [INFO] IPUIPlugin:80 - create IPUIPlugin
2024-06-05 03:23:57,899 [INFO] PluginManager:220 - loadIPPluginJar : add dma
2024-06-05 03:23:57,934 [INFO] IPUIPlugin:80 - create IPUIPlugin
2024-06-05 03:23:57,934 [INFO] PluginManager:220 - loadIPPluginJar : add dma3
2024-06-05 03:23:57,966 [INFO] IPUIPlugin:80 - create IPUIPlugin
2024-06-05 03:23:57,966 [INFO] PluginManager:220 - loadIPPluginJar : add extmemmanager
2024-06-05 03:23:57,980 [INFO] IPUIPlugin:80 - create IPUIPlugin
2024-06-05 03:23:57,980 [INFO] PluginManager:220 - loadIPPluginJar : add fatfs
2024-06-05 03:23:58,019 [INFO] IPUIPlugin:80 - create IPUIPlugin
2024-06-05 03:23:58,020 [INFO] PluginManager:220 - loadIPPluginJar : add fmc
2024-06-05 03:23:58,031 [INFO] IPUIPlugin:80 - create IPUIPlugin
2024-06-05 03:23:58,032 [INFO] PluginManager:220 - loadIPPluginJar : add freertos
2024-06-05 03:23:58,047 [INFO] IPUIPlugin:80 - create IPUIPlugin
2024-06-05 03:23:58,047 [INFO] PluginManager:220 - loadIPPluginJar : add genericplugin
2024-06-05 03:23:58,116 [INFO] IPUIPlugin:80 - create IPUIPlugin
2024-06-05 03:23:58,117 [INFO] PluginManager:220 - loadIPPluginJar : add gfxmmu
2024-06-05 03:23:58,209 [INFO] IPUIPlugin:80 - create IPUIPlugin
2024-06-05 03:23:58,209 [INFO] PluginManager:220 - loadIPPluginJar : add gic
2024-06-05 03:23:58,220 [INFO] IPUIPlugin:80 - create IPUIPlugin
2024-06-05 03:23:58,220 [INFO] PluginManager:220 - loadIPPluginJar : add gpio
2024-06-05 03:23:58,287 [INFO] IPUIPlugin:80 - create IPUIPlugin
2024-06-05 03:23:58,287 [INFO] PluginManager:220 - loadIPPluginJar : add gtzc
2024-06-05 03:23:58,309 [INFO] IPUIPlugin:80 - create IPUIPlugin
2024-06-05 03:23:58,309 [INFO] PluginManager:220 - loadIPPluginJar : add hash
2024-06-05 03:23:58,346 [INFO] IPUIPlugin:80 - create IPUIPlugin
2024-06-05 03:23:58,346 [INFO] PluginManager:220 - loadIPPluginJar : add i2c
2024-06-05 03:23:58,374 [INFO] IPUIPlugin:80 - create IPUIPlugin
2024-06-05 03:23:58,374 [INFO] PluginManager:220 - loadIPPluginJar : add i2s
2024-06-05 03:23:58,404 [INFO] IPUIPlugin:80 - create IPUIPlugin
2024-06-05 03:23:58,404 [INFO] PluginManager:220 - loadIPPluginJar : add i3c
2024-06-05 03:23:58,490 [INFO] IPUIPlugin:80 - create IPUIPlugin
2024-06-05 03:23:58,490 [INFO] PluginManager:220 - loadIPPluginJar : add ipddr
2024-06-05 03:23:58,559 [INFO] IPUIPlugin:80 - create IPUIPlugin
2024-06-05 03:23:58,559 [INFO] PluginManager:220 - loadIPPluginJar : add linkedlist
2024-06-05 03:23:58,583 [INFO] IPUIPlugin:80 - create IPUIPlugin
2024-06-05 03:23:58,584 [INFO] PluginManager:220 - loadIPPluginJar : add lorawan
2024-06-05 03:23:58,608 [INFO] IPUIPlugin:80 - create IPUIPlugin
2024-06-05 03:23:58,609 [INFO] PluginManager:220 - loadIPPluginJar : add ltdc
2024-06-05 03:23:58,620 [INFO] IPUIPlugin:80 - create IPUIPlugin
2024-06-05 03:23:58,620 [INFO] PluginManager:220 - loadIPPluginJar : add mdma
2024-06-05 03:23:58,631 [INFO] IPUIPlugin:80 - create IPUIPlugin
2024-06-05 03:23:58,631 [INFO] PluginManager:220 - loadIPPluginJar : add nvic
2024-06-05 03:23:58,657 [INFO] IPUIPlugin:80 - create IPUIPlugin
2024-06-05 03:23:58,658 [INFO] PluginManager:220 - loadIPPluginJar : add opamp
2024-06-05 03:23:58,702 [INFO] IPUIPlugin:80 - create IPUIPlugin
2024-06-05 03:23:58,703 [INFO] PluginManager:220 - loadIPPluginJar : add openamp
2024-06-05 03:23:58,733 [INFO] IPUIPlugin:80 - create IPUIPlugin
2024-06-05 03:23:58,733 [INFO] PluginManager:220 - loadIPPluginJar : add pdm2pcm
2024-06-05 03:23:58,746 [INFO] IPUIPlugin:80 - create IPUIPlugin
2024-06-05 03:23:58,748 [INFO] PluginManager:220 - loadIPPluginJar : add plateformsettings
2024-06-05 03:23:58,763 [INFO] IPUIPlugin:80 - create IPUIPlugin
2024-06-05 03:23:58,763 [INFO] PluginManager:220 - loadIPPluginJar : add quadspi
2024-06-05 03:23:58,773 [INFO] IPUIPlugin:80 - create IPUIPlugin
2024-06-05 03:23:58,773 [INFO] PluginManager:220 - loadIPPluginJar : add resmgrutility
2024-06-05 03:23:58,810 [INFO] IPUIPlugin:80 - create IPUIPlugin
2024-06-05 03:23:58,810 [INFO] PluginManager:220 - loadIPPluginJar : add sai
2024-06-05 03:23:58,836 [INFO] IPUIPlugin:80 - create IPUIPlugin
2024-06-05 03:23:58,836 [INFO] PluginManager:220 - loadIPPluginJar : add spi
2024-06-05 03:23:58,887 [INFO] IPUIPlugin:80 - create IPUIPlugin
2024-06-05 03:23:58,887 [INFO] PluginManager:220 - loadIPPluginJar : add stm32_wpan
2024-06-05 03:23:58,904 [INFO] IPUIPlugin:80 - create IPUIPlugin
2024-06-05 03:23:58,904 [INFO] PluginManager:220 - loadIPPluginJar : add tim
2024-06-05 03:23:58,948 [INFO] IPUIPlugin:80 - create IPUIPlugin
2024-06-05 03:23:58,948 [INFO] PluginManager:220 - loadIPPluginJar : add touchsensing
2024-06-05 03:23:58,965 [INFO] IPUIPlugin:80 - create IPUIPlugin
2024-06-05 03:23:58,965 [INFO] PluginManager:220 - loadIPPluginJar : add tracer_emb
2024-06-05 03:23:58,981 [INFO] IPUIPlugin:80 - create IPUIPlugin
2024-06-05 03:23:58,981 [INFO] PluginManager:220 - loadIPPluginJar : add ts
2024-06-05 03:23:58,997 [INFO] IPUIPlugin:80 - create IPUIPlugin
2024-06-05 03:23:58,998 [INFO] PluginManager:220 - loadIPPluginJar : add tsc
2024-06-05 03:23:59,012 [INFO] IPUIPlugin:80 - create IPUIPlugin
2024-06-05 03:23:59,012 [INFO] PluginManager:220 - loadIPPluginJar : add ucpd
2024-06-05 03:23:59,041 [INFO] IPUIPlugin:80 - create IPUIPlugin
2024-06-05 03:23:59,042 [INFO] PluginManager:220 - loadIPPluginJar : add usart
2024-06-05 03:23:59,079 [INFO] IPUIPlugin:80 - create IPUIPlugin
2024-06-05 03:23:59,079 [INFO] PluginManager:220 - loadIPPluginJar : add usbx
2024-06-05 03:23:59,188 [INFO] CADModel:165 - CPN selected for project level
2024-06-05 03:23:59,188 [INFO] CADModel:114 - Register for checkConnection events
2024-06-05 03:23:59,189 [FATAL] Updater:308 - Updater called before beeing initialized
2024-06-05 03:23:59,189 [ERROR] CADModel:125 - Updater not yet initialized, retry later 
2024-06-05 03:23:59,307 [INFO] CADModel:165 - CPN selected for project level
2024-06-05 03:23:59,307 [INFO] CADModel:114 - Register for checkConnection events
2024-06-05 03:23:59,307 [FATAL] Updater:308 - Updater called before beeing initialized
2024-06-05 03:23:59,307 [ERROR] CADModel:125 - Updater not yet initialized, retry later 
2024-06-05 03:23:59,310 [FATAL] Updater:308 - Updater called before beeing initialized
2024-06-05 03:23:59,391 [FATAL] Updater:308 - Updater called before beeing initialized
2024-06-05 03:23:59,400 [INFO] DbMcusAds:53 - JSON generation date=Thu May 16 14:52:00 IST 2024 (1715851320852)
2024-06-05 03:23:59,400 [FATAL] Updater:308 - Updater called before beeing initialized
2024-06-05 03:23:59,471 [WARN] DetailPanel:346 - Failed to get advertising image, set to default
2024-06-05 03:23:59,589 [FATAL] Updater:308 - Updater called before beeing initialized
2024-06-05 03:23:59,591 [FATAL] Updater:308 - Updater called before beeing initialized
2024-06-05 03:23:59,591 [FATAL] Updater:308 - Updater called before beeing initialized
2024-06-05 03:23:59,591 [WARN] DetailPanel:346 - Failed to get advertising image, set to default
2024-06-05 03:23:59,592 [FATAL] Updater:308 - Updater called before beeing initialized
2024-06-05 03:23:59,651 [ERROR] Updater:1120 - MainUpdater not yet initialized. External WinMGr cannot be set.
2024-06-05 03:23:59,659 [INFO] Updater:1056 - Updater Version found : 6.11.1
2024-06-05 03:23:59,675 [INFO] ApplicationProperties:184 - Using Application install path: C:\ST\STM32CubeIDE_1.10.1\STM32CubeIDE\plugins\com.st.stm32cube.common.mx_6.11.1.202404110753
2024-06-05 03:24:00,318 [INFO] ThirdPartyUpdaterWithRetryManager:70 - Updater plugin not ready yet. [2/15]
2024-06-05 03:24:01,254 [ERROR] LogOutputStream:75 - [STDERR_REDIRECT] Jun 05, 2024 3:24:01 AM java.util.prefs.WindowsPreferences <init>
2024-06-05 03:24:01,255 [ERROR] LogOutputStream:75 - [STDERR_REDIRECT] WARNING: Could not open/create prefs root node Software\JavaSoft\Prefs at root 0xffffffff80000002. Windows RegCreateKeyEx(...) returned error code 5.
2024-06-05 03:24:01,255 [ERROR] LogOutputStream:75 - [STDERR_REDIRECT] 
2024-06-05 03:24:01,525 [INFO] McuFinderGlobals:63 - Set McuFinder mode to 2 (CubeIDE integrated)
2024-06-05 03:24:01,974 [INFO] MainUpdater:2873 - connection check result : 10
2024-06-05 03:24:01,974 [INFO] MainUpdater:3567 - Updater definition file requires update
2024-06-05 03:24:01,975 [INFO] MainUpdater:290 - Updater Check For Update Now.
2024-06-05 03:24:01,975 [INFO] MicroXplorer:498 - Change Database Version : DB.6.0.111
2024-06-05 03:24:01,988 [INFO] McuFinderGlobals:63 - Set McuFinder mode to 2 (CubeIDE integrated)
2024-06-05 03:24:01,988 [INFO] UserAuth:179 - activating auth plugin
2024-06-05 03:24:01,990 [INFO] UserAuth:415 - Internet connection configuration mode: 1
2024-06-05 03:24:02,006 [INFO] JxBrowserEngine:152 - Initiate JxBrowser Engine with user profile folder
2024-06-05 03:24:03,207 [INFO] ServerAccessManage:473 - Download File updaters.zip
2024-06-05 03:24:03,279 [INFO] FileExtend:240 - Unzip File : updaters.zip
2024-06-05 03:24:03,279 [INFO] FileExtend:255 - Standard Zip Deflate
2024-06-05 03:24:03,319 [WARN] MainUpdater:1194 - Updater busy. Cannot search thirdparties
2024-06-05 03:24:03,319 [INFO] ThirdPartyUpdaterWithRetryManager:96 - Updater plugin is busy. [1/15]
2024-06-05 03:24:04,267 [INFO] ServerAccessManage:473 - Download File PacksControlFlags.xml
2024-06-05 03:24:04,978 [INFO] ServerAccessManage:473 - Download File cubemx.pidx
2024-06-05 03:24:06,260 [INFO] WebApp:161 - Instantiating new browser for Auth
2024-06-05 03:24:06,321 [WARN] MainUpdater:1194 - Updater busy. Cannot search thirdparties
2024-06-05 03:24:06,321 [INFO] ThirdPartyUpdaterWithRetryManager:96 - Updater plugin is busy. [2/15]
2024-06-05 03:24:06,767 [INFO] WebApp:779 - Register for checkConnection events
2024-06-05 03:24:06,767 [INFO] WebApp:414 - Apply proxy settings
2024-06-05 03:24:06,767 [INFO] WebApp:499 - Chromium requires no authentication
2024-06-05 03:24:06,774 [INFO] WebApp:442 - Direct internet connection detected
2024-06-05 03:24:06,900 [INFO] WebApp:192 - Starting web application
2024-06-05 03:24:06,900 [INFO] WebApp:544 - Web application path used C:\ST\STM32CubeIDE_1.10.1\STM32CubeIDE\plugins\com.st.stm32cube.common.mx_6.11.1.202404110753\db\plugins\mcufinder\reactClient1\index.html
2024-06-05 03:24:07,555 [INFO] ServerAccessManage:473 - Download File wolfSSL.I-CUBE-wolfMQTT.pdsc
2024-06-05 03:24:09,017 [ERROR] ServerAccessManage:1089 - Problem, file not found on Server
2024-06-05 03:24:09,171 [WARN] PackLoader:240 - Cannot read IP mode file for wolfSSL.I-CUBE-wolfMQTT.1.19.0
2024-06-05 03:24:09,172 [INFO] PopulateThirdPartyThread:66 - Ending populate Thread
2024-06-05 03:24:09,173 [INFO] ThirdParty:1030 - CMSIS Pack Vendor :wolfSSL I-CUBE-wolfMQTT 1.19.0
2024-06-05 03:24:09,173 [INFO] LoadServerUpdatesThread:375 - End of LoadServerUpdate Thread
2024-06-05 03:24:09,299 [INFO] CheckServerUpdateThread:120 - End of CheckServer Thread
2024-06-05 03:24:09,417 [INFO] MainUpdater:2873 - connection check result : 10
2024-06-05 03:24:09,423 [INFO] MainUpdater:2873 - connection check result : 10
2024-06-05 03:24:09,459 [WARN] PackLoader:240 - Cannot read IP mode file for STMicroelectronics.FP-SNS-MOTENVWB1.1.4.0
2024-06-05 03:24:09,472 [WARN] PackLoader:240 - Cannot read IP mode file for STMicroelectronics.X-CUBE-SMBUS.2.1.0
2024-06-05 03:24:09,482 [WARN] PackLoader:240 - Cannot read IP mode file for STMicroelectronics.X-CUBE-TOUCHGFX.4.23.1
2024-06-05 03:24:09,491 [WARN] PackLoader:240 - Cannot read IP mode file for STMicroelectronics.X-CUBE-TOUCHGFX.4.23.0
2024-06-05 03:24:09,501 [WARN] PackLoader:240 - Cannot read IP mode file for STMicroelectronics.X-CUBE-TOUCHGFX.4.23.2
2024-06-05 03:24:09,526 [WARN] PackLoader:240 - Cannot read IP mode file for STMicroelectronics.X-CUBE-AZRTOS-F7.1.1.0
2024-06-05 03:24:09,542 [ERROR] RealEvaluatedCondition:428 - Found unsupported composite condition: GROUP='STM32_MetaDataManager' CLASS='Data Exchange'
2024-06-05 03:24:09,542 [ERROR] RealEvaluatedCondition:428 - Found unsupported composite condition: GROUP='STM32_MetaDataManager' CLASS='Data Exchange'
2024-06-05 03:24:09,544 [WARN] PackLoader:240 - Cannot read IP mode file for STMicroelectronics.FP-SNS-MOTENV1.4.3.0
2024-06-05 03:24:09,559 [WARN] PackLoader:240 - Cannot read IP mode file for STMicroelectronics.FP-SNS-MOTENV1.4.3.2
2024-06-05 03:24:09,559 [INFO] MicroXplorer:468 - Change Database Path : 
2024-06-05 03:24:09,560 [INFO] MicroXplorer:498 - Change Database Version : DB.6.0.111
2024-06-05 03:24:09,569 [WARN] ThirdParty:871 - waiting for thirdparty lock release [close project]
2024-06-05 03:24:09,571 [WARN] PackLoader:240 - Cannot read IP mode file for STMicroelectronics.FP-SNS-FLIGHT1.5.0.0
2024-06-05 03:24:09,584 [ERROR] RealEvaluatedCondition:428 - Found unsupported composite condition: GROUP='STM32_MetaDataManager' CLASS='Data Exchange'
2024-06-05 03:24:09,584 [ERROR] RealEvaluatedCondition:428 - Found unsupported composite condition: CLASS='Data Exchange' GROUP='STM32_MetaDataManager'
2024-06-05 03:24:09,585 [WARN] PackLoader:240 - Cannot read IP mode file for STMicroelectronics.FP-SNS-MOTENV1.4.3.1
2024-06-05 03:24:09,599 [WARN] PackLoader:240 - Cannot read IP mode file for STMicroelectronics.FP-SNS-FLIGHT1.5.0.1
2024-06-05 03:24:09,613 [WARN] PackLoader:240 - Cannot read IP mode file for STMicroelectronics.X-CUBE-BLE1.6.2.3
2024-06-05 03:24:09,624 [WARN] PackLoader:240 - Cannot read IP mode file for STMicroelectronics.X-CUBE-BLE1.6.2.4
2024-06-05 03:24:09,628 [WARN] PackLoader:240 - Cannot read IP mode file for STMicroelectronics.FP-SNS-FLIGHT1.5.0.2
2024-06-05 03:24:09,645 [WARN] PackLoader:240 - Cannot read IP mode file for STMicroelectronics.X-CUBE-TOF1.3.1.0
2024-06-05 03:24:09,664 [WARN] PackLoader:240 - Cannot read IP mode file for STMicroelectronics.X-CUBE-DISPLAY.3.0.0
2024-06-05 03:24:09,680 [WARN] PackLoader:240 - Cannot read IP mode file for STMicroelectronics.X-CUBE-BLE1.7.0.0
2024-06-05 03:24:09,691 [WARN] PackLoader:240 - Cannot read IP mode file for STMicroelectronics.X-CUBE-TOUCHGFX.4.22.0
2024-06-05 03:24:09,739 [WARN] PackLoader:240 - Cannot read IP mode file for STMicroelectronics.X-CUBE-MEMS1.9.3.0
2024-06-05 03:24:09,897 [WARN] PackLoader:240 - Cannot read IP mode file for STMicroelectronics.X-CUBE-AI.7.2.0
2024-06-05 03:24:09,917 [WARN] PackLoader:240 - Cannot read IP mode file for STMicroelectronics.X-CUBE-BLEMGR.3.1.0
2024-06-05 03:24:09,934 [WARN] PackLoader:240 - Cannot read IP mode file for STMicroelectronics.FP-SNS-SMARTAG2.1.2.0
2024-06-05 03:24:09,959 [INFO] LogOutputStream:77 - [STDOUT_REDIRECT] 1 : Invalid condition id : UX_CORESTACK_Condition cause : null
2024-06-05 03:24:09,961 [INFO] LogOutputStream:77 - [STDOUT_REDIRECT] 1 : Invalid condition id : UX_CORESTACK_Condition cause : null
2024-06-05 03:24:09,961 [INFO] LogOutputStream:77 - [STDOUT_REDIRECT] 1 : Invalid condition id : UX_CORESTACK_Condition cause : null
2024-06-05 03:24:09,963 [INFO] LogOutputStream:77 - [STDOUT_REDIRECT] 1 : Invalid condition id : UX_CORESTACK_Condition cause : null
2024-06-05 03:24:09,964 [INFO] LogOutputStream:77 - [STDOUT_REDIRECT] 1 : Invalid condition id : UX_CORESTACK_Condition cause : null
2024-06-05 03:24:09,967 [WARN] PackLoader:240 - Cannot read IP mode file for STMicroelectronics.X-CUBE-AZRTOS-WL.2.0.0
2024-06-05 03:24:09,984 [WARN] PackLoader:240 - Cannot read IP mode file for STMicroelectronics.FP-SNS-MOTENV1.5.0.0
2024-06-05 03:24:09,989 [WARN] PackLoader:240 - Cannot read IP mode file for wolfSSL.I-CUBE-wolfMQTT.1.19.0
2024-06-05 03:24:10,006 [WARN] PackLoader:240 - Cannot read IP mode file for WES.I-CUBE-Cesium.1.3.0
2024-06-05 03:24:10,023 [WARN] PackLoader:240 - Cannot read IP mode file for STMicroelectronics.X-CUBE-BLE2.3.3.0
2024-06-05 03:24:10,041 [WARN] PackLoader:240 - Cannot read IP mode file for STMicroelectronics.X-CUBE-DISPLAY.2.2.0
2024-06-05 03:24:10,065 [WARN] PackLoader:240 - Cannot read IP mode file for STMicroelectronics.X-CUBE-TOF1.3.2.0
2024-06-05 03:24:10,086 [WARN] PackLoader:240 - Cannot read IP mode file for STMicroelectronics.X-CUBE-ISPU.1.0.0
2024-06-05 03:24:10,120 [WARN] PackLoader:240 - Cannot read IP mode file for STMicroelectronics.X-CUBE-AZRTOS-H7.2.1.0
2024-06-05 03:24:10,144 [WARN] PackLoader:240 - Cannot read IP mode file for STMicroelectronics.X-CUBE-TCPP.4.1.0
2024-06-05 03:24:10,156 [WARN] PackLoader:240 - Cannot read IP mode file for STMicroelectronics.X-CUBE-TOUCHGFX.4.21.1
2024-06-05 03:24:10,165 [WARN] PackLoader:240 - Cannot read IP mode file for STMicroelectronics.X-CUBE-TOUCHGFX.4.21.3
2024-06-05 03:24:10,175 [WARN] PackLoader:240 - Cannot read IP mode file for STMicroelectronics.X-CUBE-TOUCHGFX.4.21.4
2024-06-05 03:24:10,219 [WARN] PackLoader:240 - Cannot read IP mode file for STMicroelectronics.X-CUBE-MEMS1.9.4.0
2024-06-05 03:24:10,392 [WARN] PackLoader:240 - Cannot read IP mode file for STMicroelectronics.X-CUBE-AI.7.3.0
2024-06-05 03:24:10,405 [WARN] PackLoader:240 - Cannot read IP mode file for STMicroelectronics.X-CUBE-ALGOBUILD.1.3.0
2024-06-05 03:24:10,436 [WARN] PackLoader:240 - Cannot read IP mode file for STMicroelectronics.X-CUBE-AZRTOS-G0.1.1.0
2024-06-05 03:24:10,449 [WARN] PackLoader:240 - Cannot read IP mode file for STMicroelectronics.X-CUBE-SAFEA1.1.2.2
2024-06-05 03:24:10,467 [WARN] PackLoader:240 - Cannot read IP mode file for STMicroelectronics.X-CUBE-NFC4.3.0.0
2024-06-05 03:24:10,506 [WARN] PackLoader:240 - Cannot read IP mode file for SEGGER.I-CUBE-embOS.1.2.0
2024-06-05 03:24:10,543 [WARN] PackLoader:240 - Cannot read IP mode file for STMicroelectronics.X-CUBE-BLEMGR.3.0.0
2024-06-05 03:24:10,557 [WARN] PackLoader:240 - Cannot read IP mode file for STMicroelectronics.X-CUBE-BLEMGR.1.3.0
2024-06-05 03:24:10,566 [WARN] PackLoader:240 - Cannot read IP mode file for STMicroelectronics.FP-ATR-SIGFOX1.3.2.0
2024-06-05 03:24:10,576 [WARN] PackLoader:240 - Cannot read IP mode file for STMicroelectronics.X-CUBE-EEPRMA1.5.1.0
2024-06-05 03:24:10,591 [WARN] PackLoader:240 - Cannot read IP mode file for emotas.I-CUBE-CANOPEN.1.1.2
2024-06-05 03:24:10,600 [WARN] PackLoader:240 - Cannot read IP mode file for STMicroelectronics.X-CUBE-TOUCHGFX.4.20.0
2024-06-05 03:24:10,646 [WARN] PackLoader:240 - Cannot read IP mode file for STMicroelectronics.X-CUBE-MEMS1.9.5.0
2024-06-05 03:24:10,749 [WARN] PackLoader:240 - Cannot read IP mode file for SEGGER.I-CUBE-embOS.1.3.1
2024-06-05 03:24:10,777 [WARN] PackLoader:240 - Cannot read IP mode file for STMicroelectronics.X-CUBE-ALGOBUILD.1.4.0
2024-06-05 03:24:10,794 [WARN] PackLoader:240 - Cannot read IP mode file for STMicroelectronics.X-CUBE-GNSS1.6.0.0
2024-06-05 03:24:10,853 [WARN] PackLoader:240 - Cannot read IP mode file for STMicroelectronics.X-CUBE-AZRTOS-F4.1.1.0
2024-06-05 03:24:10,899 [WARN] PackLoader:240 - Cannot read IP mode file for STMicroelectronics.X-CUBE-FREERTOS.1.2.0
2024-06-05 03:24:10,911 [WARN] PackLoader:240 - Cannot read IP mode file for STMicroelectronics.X-CUBE-BLEMGR.1.2.0
2024-06-05 03:24:10,936 [WARN] PackLoader:240 - Cannot read IP mode file for STMicroelectronics.X-CUBE-AZRTOS-L5.2.0.0
2024-06-05 03:24:10,972 [WARN] PackLoader:240 - Cannot read IP mode file for STMicroelectronics.X-CUBE-MEMS1.9.6.0
2024-06-05 03:24:11,042 [WARN] PackLoader:240 - Cannot read IP mode file for STMicroelectronics.X-CUBE-EEPRMA1.4.2.0
2024-06-05 03:24:11,058 [WARN] PackLoader:240 - Cannot read IP mode file for STMicroelectronics.X-CUBE-NFC6.3.1.0
2024-06-05 03:24:11,073 [WARN] PackLoader:240 - Cannot read IP mode file for ITTIA_DB.I-CUBE-ITTIADB.8.8.0
2024-06-05 03:24:11,089 [WARN] PackLoader:240 - Cannot read IP mode file for STMicroelectronics.X-CUBE-BLEMGR.2.0.0
2024-06-05 03:24:11,101 [WARN] PackLoader:240 - Cannot read IP mode file for STMicroelectronics.X-CUBE-NFC4.2.0.4
2024-06-05 03:24:11,112 [WARN] PackLoader:240 - Cannot read IP mode file for STMicroelectronics.X-CUBE-AI.9.0.0
2024-06-05 03:24:11,137 [WARN] ConditionMgr:438 - getConditionDescription Invalid condition id : UX DEVICE CLASS RTOS Condition cause : null
2024-06-05 03:24:11,137 [WARN] ConditionMgr:438 - getConditionDescription Invalid condition id : UX DEVICE CLASS RTOS Condition cause : null
2024-06-05 03:24:11,138 [WARN] PackLoader:240 - Cannot read IP mode file for STMicroelectronics.X-CUBE-AZRTOS-H7.3.1.0
2024-06-05 03:24:11,139 [WARN] ConditionMgr:1039 - genDependencies : Invalid condition id : UX DEVICE CLASS RTOS Condition cause : null
2024-06-05 03:24:11,139 [WARN] ConditionMgr:1039 - genDependencies : Invalid condition id : UX DEVICE CLASS RTOS Condition cause : null
2024-06-05 03:24:11,139 [WARN] ConditionMgr:1039 - genDependencies : Invalid condition id : UX DEVICE CLASS RTOS Condition cause : null
2024-06-05 03:24:11,139 [WARN] ConditionMgr:1039 - genDependencies : Invalid condition id : UX DEVICE CLASS RTOS Condition cause : null
2024-06-05 03:24:11,139 [WARN] ConditionMgr:1039 - genDependencies : Invalid condition id : UX DEVICE CLASS RTOS Condition cause : null
2024-06-05 03:24:11,150 [WARN] PackLoader:240 - Cannot read IP mode file for wolfSSL.I-CUBE-wolfSSL.5.5.0
2024-06-05 03:24:11,159 [WARN] PackLoader:240 - Cannot read IP mode file for STMicroelectronics.X-CUBE-NFC7.1.0.1
2024-06-05 03:24:11,169 [WARN] PackLoader:240 - Cannot read IP mode file for STMicroelectronics.X-CUBE-NFC7.1.0.0
2024-06-05 03:24:11,181 [WARN] PackLoader:240 - Cannot read IP mode file for STMicroelectronics.X-CUBE-NFC6.3.0.0
2024-06-05 03:24:11,189 [WARN] PackLoader:240 - Cannot read IP mode file for STMicroelectronics.X-CUBE-EEPRMA1.4.1.0
2024-06-05 03:24:11,196 [WARN] PackLoader:240 - Cannot read IP mode file for STMicroelectronics.X-CUBE-AI.8.1.0
2024-06-05 03:24:11,213 [WARN] ConditionMgr:438 - getConditionDescription Invalid condition id : LAN8742 Phy interface Condition cause : null
2024-06-05 03:24:11,214 [WARN] PackLoader:240 - Cannot read IP mode file for STMicroelectronics.X-CUBE-AZRTOS-L4.2.0.0
2024-06-05 03:24:11,214 [WARN] ConditionMgr:1039 - genDependencies : Invalid condition id : LAN8742 Phy interface Condition cause : null
2024-06-05 03:24:11,214 [WARN] ConditionMgr:1039 - genDependencies : Invalid condition id : LAN8742 Phy interface Condition cause : null
2024-06-05 03:24:11,214 [WARN] ConditionMgr:1039 - genDependencies : Invalid condition id : LAN8742 Phy interface Condition cause : null
2024-06-05 03:24:11,224 [WARN] PackLoader:240 - Cannot read IP mode file for STMicroelectronics.X-CUBE-SFXS2LP1.4.0.0
2024-06-05 03:24:11,246 [WARN] PackLoader:240 - Cannot read IP mode file for STMicroelectronics.X-CUBE-AZRTOS-H7.3.0.0
2024-06-05 03:24:11,257 [WARN] PackLoader:240 - Cannot read IP mode file for STMicroelectronics.X-CUBE-ISPU.1.1.0
2024-06-05 03:24:11,267 [WARN] PackLoader:240 - Cannot read IP mode file for RoweBots.I-CUBE-UNISONRTOS.5.5.0-4
2024-06-05 03:24:11,280 [WARN] PackLoader:240 - Cannot read IP mode file for STMicroelectronics.X-CUBE-AI.8.0.0
2024-06-05 03:24:11,298 [WARN] ConditionMgr:438 - getConditionDescription Invalid condition id : UX DEVICE CLASS RTOS Condition cause : null
2024-06-05 03:24:11,298 [WARN] ConditionMgr:438 - getConditionDescription Invalid condition id : UX DEVICE CLASS RTOS Condition cause : null
2024-06-05 03:24:11,299 [WARN] PackLoader:240 - Cannot read IP mode file for STMicroelectronics.X-CUBE-AZRTOS-WB.2.0.0
2024-06-05 03:24:11,299 [WARN] ConditionMgr:1039 - genDependencies : Invalid condition id : UX DEVICE CLASS RTOS Condition cause : null
2024-06-05 03:24:11,299 [WARN] ConditionMgr:1039 - genDependencies : Invalid condition id : UX DEVICE CLASS RTOS Condition cause : null
2024-06-05 03:24:11,300 [WARN] ConditionMgr:1039 - genDependencies : Invalid condition id : UX DEVICE CLASS RTOS Condition cause : null
2024-06-05 03:24:11,300 [WARN] ConditionMgr:1039 - genDependencies : Invalid condition id : UX DEVICE CLASS RTOS Condition cause : null
2024-06-05 03:24:11,300 [WARN] ConditionMgr:1039 - genDependencies : Invalid condition id : UX DEVICE CLASS RTOS Condition cause : null
2024-06-05 03:24:11,313 [WARN] PackLoader:240 - Cannot read IP mode file for STMicroelectronics.X-CUBE-FREERTOS.1.0.0
2024-06-05 03:24:11,327 [WARN] PackLoader:240 - Cannot read IP mode file for STMicroelectronics.X-CUBE-FREERTOS.1.0.1
2024-06-05 03:24:11,338 [WARN] PackLoader:240 - Cannot read IP mode file for STMicroelectronics.X-CUBE-BLEMGR.1.0.0
2024-06-05 03:24:11,356 [WARN] PackLoader:240 - Cannot read IP mode file for STMicroelectronics.X-CUBE-AZRTOS-L5.1.1.0
2024-06-05 03:24:11,365 [WARN] PackLoader:240 - Cannot read IP mode file for STMicroelectronics.X-CUBE-AI.8.0.1
2024-06-05 03:24:11,378 [WARN] PackLoader:240 - Cannot read IP mode file for STMicroelectronics.X-CUBE-SUBG2.5.0.0
2024-06-05 03:24:11,392 [WARN] PackLoader:240 - Cannot read IP mode file for STMicroelectronics.X-CUBE-TOF1.3.3.1
2024-06-05 03:24:11,418 [WARN] PackLoader:240 - Cannot read IP mode file for STMicroelectronics.X-CUBE-AZRTOS-G4.2.0.0
2024-06-05 03:24:11,434 [WARN] PackLoader:240 - Cannot read IP mode file for STMicroelectronics.X-CUBE-TOF1.3.3.0
2024-06-05 03:24:11,449 [WARN] PackLoader:240 - Cannot read IP mode file for STMicroelectronics.FP-ATR-ASTRA1.1.1.1
2024-06-05 03:24:11,475 [WARN] PackLoader:240 - Cannot read IP mode file for Infineon.AIROC-Wi-Fi-Bluetooth-STM32.1.5.1
2024-06-05 03:24:11,493 [WARN] PackLoader:240 - Cannot read IP mode file for STMicroelectronics.FP-SNS-MOTENVWB1.1.3.1
2024-06-05 03:24:11,511 [WARN] PackLoader:240 - Cannot read IP mode file for STMicroelectronics.X-CUBE-AZRTOS-G4.1.0.0
2024-06-05 03:24:11,534 [WARN] PackLoader:240 - Cannot read IP mode file for STMicroelectronics.X-CUBE-AZRTOS-L4.1.0.0
2024-06-05 03:24:11,547 [WARN] PackLoader:240 - Cannot read IP mode file for STMicroelectronics.X-CUBE-ISPU.2.0.0
2024-06-05 03:24:11,561 [WARN] PackLoader:240 - Cannot read IP mode file for STMicroelectronics.X-CUBE-ALS.1.0.2
2024-06-05 03:24:11,600 [WARN] PackLoader:240 - Cannot read IP mode file for STMicroelectronics.X-CUBE-MEMS1.10.0.0
2024-06-05 03:24:11,712 [WARN] PackLoader:240 - Cannot read IP mode file for STMicroelectronics.X-CUBE-FREERTOS.1.1.0
2024-06-05 03:24:11,724 [WARN] PackLoader:240 - Cannot read IP mode file for STMicroelectronics.X-CUBE-AZRTOS-WL.1.0.0
2024-06-05 03:24:11,734 [WARN] PackLoader:240 - Cannot read IP mode file for portGmbH.I-Cube-SoM-uGOAL.1.1.0
2024-06-05 03:24:11,742 [WARN] PackLoader:240 - Cannot read IP mode file for STMicroelectronics.X-CUBE-ALS.1.0.1
2024-06-05 03:24:11,756 [WARN] PackLoader:240 - Cannot read IP mode file for STMicroelectronics.X-CUBE-AZRTOS-WB.1.1.0
2024-06-05 03:24:11,771 [WARN] PackLoader:240 - Cannot read IP mode file for STMicroelectronics.X-CUBE-AZRTOS-L5.1.0.0
2024-06-05 03:24:11,779 [WARN] PackLoader:240 - Cannot read IP mode file for STMicroelectronics.X-CUBE-EEPRMA1.3.1.1
2024-06-05 03:24:11,798 [WARN] PackLoader:240 - Cannot read IP mode file for STMicroelectronics.X-CUBE-AZRTOS-H7RS.1.0.0
2024-06-05 03:24:11,801 [WARN] PackLoader:240 - Cannot read IP mode file for STMicroelectronics.FP-ATR-ASTRA1.2.0.0
2024-06-05 03:24:11,811 [WARN] PackLoader:240 - Cannot read IP mode file for STMicroelectronics.X-CUBE-TOF1.3.4.0
2024-06-05 03:24:11,825 [WARN] PackLoader:240 - Cannot read IP mode file for STMicroelectronics.X-CUBE-TOF1.3.4.1
2024-06-05 03:24:11,851 [WARN] PackLoader:240 - Cannot read IP mode file for STMicroelectronics.X-CUBE-AZRTOS-H7.3.2.0
2024-06-05 03:24:11,853 [INFO] ThirdParty:978 - Integrity check success = true
2024-06-05 03:24:11,853 [INFO] IntegrityCheckThread:100 - exiting critical section [integrity check]
2024-06-05 03:24:11,853 [INFO] IntegrityCheckThread:103 - End integrity checks thread
2024-06-05 03:24:11,853 [INFO] ThirdParty:873 - entering critical section [close project]
2024-06-05 03:24:11,854 [INFO] ThirdParty:883 - exiting critical section [close project]
2024-06-05 03:24:11,855 [INFO] PinOutPanel:1561 - setPackage(No Configuration,No Configuration)
2024-06-05 03:24:11,857 [INFO] UtilMem:75 - Begin LoadConfig() Used Memory: 160374976 Bytes (318767104)
2024-06-05 03:24:11,864 [INFO] MicroXplorer:468 - Change Database Path : C:/Users/saksh/.stm32cubemx/databases/DB.6.0.100/db/
2024-06-05 03:24:11,864 [INFO] MicroXplorer:498 - Change Database Version : DB.6.0.100
2024-06-05 03:24:14,407 [INFO] OpenFileManager:312 - Change cursor
2024-06-05 03:24:14,440 [INFO] Mcu:2021 - Initializing MCU STM32G474R(B-C-E)Tx STM32G474RETx STM32G474RET3
2024-06-05 03:24:17,649 [INFO] Context:663 - Trying to add GPIOservice into a context  which must be forbidden
2024-06-05 03:24:19,338 [INFO] RtosManager:555 - Registered RTOS mode: class=CMSIS, group=RTOS, mode=CMSIS_V1, owner=FREERTOS
2024-06-05 03:24:19,339 [INFO] RtosManager:555 - Registered RTOS mode: class=CMSIS, group=RTOS2, mode=CMSIS_V2, owner=FREERTOS
2024-06-05 03:24:19,339 [INFO] RtosManager:555 - Registered RTOS mode: class=RTOS, group=Core, mode=CMSIS_V1, owner=FREERTOS
2024-06-05 03:24:19,339 [INFO] RtosManager:555 - Registered RTOS mode: class=RTOS, group=Core, mode=CMSIS_V2, owner=FREERTOS
2024-06-05 03:24:19,339 [WARN] ModelIntegratedComponent:184 - Missing modes for component STMicroelectronics:FreeRTOS:0.0.1:STMicroelectronics:RTOS:FreeRTOS:Core:::10.2.0:
2024-06-05 03:24:19,346 [WARN] ModelIntegratedComponent:63 - No mode defined for component null
2024-06-05 03:24:19,347 [WARN] ModelIntegratedComponent:63 - No mode defined for component null
2024-06-05 03:24:19,347 [WARN] ModelIntegratedComponent:63 - No mode defined for component null
2024-06-05 03:24:19,347 [WARN] ModelIntegratedComponent:63 - No mode defined for component null
2024-06-05 03:24:19,347 [WARN] ModelIntegratedComponent:63 - No mode defined for component null
2024-06-05 03:24:19,347 [WARN] ModelIntegratedComponent:63 - No mode defined for component null
2024-06-05 03:24:19,347 [WARN] ModelIntegratedComponent:63 - No mode defined for component null
2024-06-05 03:24:19,347 [WARN] ModelIntegratedComponent:63 - No mode defined for component null
2024-06-05 03:24:19,347 [WARN] ModelIntegratedComponent:63 - No mode defined for component null
2024-06-05 03:24:19,347 [WARN] ModelIntegratedComponent:63 - No mode defined for component null
2024-06-05 03:24:19,347 [WARN] ModelIntegratedComponent:63 - No mode defined for component null
2024-06-05 03:24:19,347 [WARN] ModelIntegratedComponent:63 - No mode defined for component null
2024-06-05 03:24:19,347 [WARN] ModelIntegratedComponent:63 - No mode defined for component null
2024-06-05 03:24:19,347 [WARN] ModelIntegratedComponent:63 - No mode defined for component null
2024-06-05 03:24:19,347 [WARN] ModelIntegratedComponent:63 - No mode defined for component null
2024-06-05 03:24:19,347 [WARN] ModelIntegratedComponent:63 - No mode defined for component null
2024-06-05 03:24:19,347 [WARN] ModelIntegratedComponent:63 - No mode defined for component null
2024-06-05 03:24:19,347 [WARN] ModelIntegratedComponent:63 - No mode defined for component null
2024-06-05 03:24:19,347 [WARN] ModelIntegratedComponent:63 - No mode defined for component null
2024-06-05 03:24:19,347 [WARN] ModelIntegratedComponent:63 - No mode defined for component null
2024-06-05 03:24:19,347 [WARN] ModelIntegratedComponent:63 - No mode defined for component null
2024-06-05 03:24:19,347 [WARN] ModelIntegratedComponent:63 - No mode defined for component null
2024-06-05 03:24:19,347 [WARN] ModelIntegratedComponent:63 - No mode defined for component null
2024-06-05 03:24:19,347 [WARN] ModelIntegratedComponent:63 - No mode defined for component null
2024-06-05 03:24:19,347 [WARN] ModelIntegratedComponent:63 - No mode defined for component null
2024-06-05 03:24:19,347 [WARN] ModelIntegratedComponent:63 - No mode defined for component null
2024-06-05 03:24:19,347 [WARN] ModelIntegratedComponent:63 - No mode defined for component null
2024-06-05 03:24:19,347 [WARN] ModelIntegratedComponent:63 - No mode defined for component null
2024-06-05 03:24:19,347 [WARN] ModelIntegratedComponent:63 - No mode defined for component null
2024-06-05 03:24:19,347 [WARN] ModelIntegratedComponent:63 - No mode defined for component null
2024-06-05 03:24:19,347 [WARN] ModelIntegratedComponent:63 - No mode defined for component null
2024-06-05 03:24:19,347 [WARN] ModelIntegratedComponent:63 - No mode defined for component null
2024-06-05 03:24:19,347 [WARN] ModelIntegratedComponent:63 - No mode defined for component null
2024-06-05 03:24:19,347 [WARN] ModelIntegratedComponent:63 - No mode defined for component null
2024-06-05 03:24:19,580 [INFO] ThirdPartyModel:298 - Start build external matchings
2024-06-05 03:24:20,926 [INFO] ThirdPartyModel:316 - End build external matchings
2024-06-05 03:24:20,961 [INFO] ImportTextPane:194 - (OptionalMessage_ERROR) IP (ADC1) : Parameter (CommonPathInternal) has invalid value (null|null|null|null)
2024-06-05 03:24:20,962 [INFO] ImportTextPane:194 - (OptionalMessage_ERROR) IP (ADC3) : Parameter (CommonPathInternal) has invalid value (null|null|null|null)
2024-06-05 03:24:20,962 [INFO] ImportTextPane:194 - (OptionalMessage_ERROR) IP (ADC4) : Parameter (CommonPathInternal) has invalid value (null|null|null|null)
2024-06-05 03:24:20,962 [INFO] ImportTextPane:194 - (OptionalMessage_ERROR) IP (ADC5) : Parameter (CommonPathInternal) has invalid value (null|ADC_CHANNEL_TEMPSENSOR_ADC1|null|null)
2024-06-05 03:24:21,437 [INFO] ApiDb:581 - Connected to CubeFinder SQLite database (C:\Users\saksh\.stmcufinder\plugins\mcufinder\mcu\cube-finder-db.db)
2024-06-05 03:24:21,498 [INFO] ApiDb:668 - CubeFinder database Data Model version=2.1
2024-06-05 03:24:21,498 [INFO] ApiDb:669 - CubeFinder database Configuration version=3.0.39
2024-06-05 03:24:21,498 [INFO] ApiDb:670 - CubeFinder database generation date=2024-04-15 (1713193726)
2024-06-05 03:24:21,498 [INFO] ApiDb:671 - CubeFinder database FW Pack versions=[FP-ATR-ASTRA1_V2.0.0, FP-SNS-FLIGHT1_V5.0.1, FP-SNS-FLIGHT1_V5.0.2, FP-SNS-MOTENV1_V4.3.1, FP-SNS-MOTENV1_V4.3.2, FP-SNS-MOTENVWB1_V1.3.1, FP-SNS-SMARTAG2_V1.2.0, STM32Cube_FW_C0_V1.1.0, STM32Cube_FW_F4_V1.28.0, STM32Cube_FW_F7_V1.17.0, STM32Cube_FW_G0_V1.6.2, STM32Cube_FW_G4_V1.5.2, STM32Cube_FW_H5_V0.5.1, STM32Cube_FW_H5_V1.1.1, STM32Cube_FW_H5_V1.2.0, STM32Cube_FW_H5_V1.2.0RC4, STM32Cube_FW_H7RS_V1.0.0, STM32Cube_FW_H7RS_V1.0.0RC4, STM32Cube_FW_H7_V1.11.0, STM32Cube_FW_L0_V1.12.2, STM32Cube_FW_L5_V1.5.1, STM32Cube_FW_U0_V1.0.0, STM32Cube_FW_U0_V1.0.0RC1, STM32Cube_FW_U5_V1.3.0RC4, STM32Cube_FW_U5_V1.5.0, STM32Cube_FW_U5_V1.5.0RC1, STM32Cube_FW_WBA_V1.0.0RC1, STM32Cube_FW_WBA_V1.2.0, STM32Cube_FW_WBA_V1.2.0RC2, STM32Cube_FW_WBA_V1.3.0, STM32Cube_FW_WBA_V1.3.0RC1, STM32Cube_FW_WB_V1.15.0RC1, STM32Cube_FW_WB_V1.16.0, STM32Cube_FW_WB_V1.16.0RC2, STM32Cube_FW_WB_V1.18.0, STM32Cube_FW_WB_V1.19.0, STM32Cube_FW_WL_V1.3.0, X-CUBE-ALGOBUILD_V1.3.0, X-CUBE-ALS_V1.0.1, X-CUBE-AZRTOS-F4_V1.1.0, X-CUBE-AZRTOS-F7_V1.1.0, X-CUBE-AZRTOS-G0_V1.1.0, X-CUBE-AZRTOS-G4_V2.0.0, X-CUBE-AZRTOS-H7_V3.2.0, X-CUBE-AZRTOS-L4_V1.0.0, X-CUBE-AZRTOS-L4_V2.0.0, X-CUBE-AZRTOS-L5_V1.1.0, X-CUBE-AZRTOS-WB_V2.0.0, X-CUBE-AZRTOS-WL_V2.0.0, X-CUBE-BLE1_V7.0.0, X-CUBE-BLE2_V3.3.0, X-CUBE-BLEMGR_V3.1.0, X-CUBE-EEPRMA1_V4.1.0, X-CUBE-EEPRMA1_V5.1.0, X-CUBE-FREERTOS_V1.1.0, X-CUBE-GNSS1_V6.0.0, X-CUBE-MEMS1_V10.0.0, X-CUBE-MEMS1_V9.1.0, X-CUBE-MEMS1_V9.4.0, X-CUBE-MEMS1_V9.6.0, X-CUBE-NFC4_V3.0.0, X-CUBE-NFC7_V1.0.1, X-CUBE-SFXS2LP1_V4.0.0, X-CUBE-SUBG2_V5.0.0, X-CUBE-TOF1_V3.4.0]
2024-06-05 03:24:21,607 [INFO] DbBoardsSqlite:226 - include board P-NUCLEO-WB55-NUCLEO as a kit item of type 'Nucleo-64'
2024-06-05 03:24:21,608 [INFO] DbBoardsSqlite:226 - include board P-NUCLEO-WB55-USBDONGLE as a kit item of type 'Nucleo USB Dongle'
2024-06-05 03:24:21,608 [INFO] DbBoardsSqlite:226 - include board STEVAL-IDP005V1 as a kit item of type 'Evaluation Board'
2024-06-05 03:24:21,608 [INFO] DbBoardsSqlite:226 - include board STEVAL-IDP005V2 as a kit item of type 'Evaluation Board'
2024-06-05 03:24:21,819 [INFO] ApiDb:240 - Found 483 in-development CPN: [B-G473E-ZEST1S, B-WB1M-WPAN1, B-WL5M-SUBG1, NUCLEO-C031C6, NUCLEO-H503RB, NUCLEO-H533RE, NUCLEO-H563ZI, NUCLEO-H7S3L8, NUCLEO-U031R8, NUCLEO-U083RC, NUCLEO-U545RE-Q, NUCLEO-U5A5ZJ-Q, NUCLEO-WBA52CG, NUCLEO-WBA55CG, STEVAL-PROTEUS1, STEVAL-SMARTAG2, STEVAL-STWINBX1, STM320518-EVAL, STM32C0116-DK, STM32C011D6Y3TR, STM32C011D6Y6TR, STM32C011F4P3, STM32C011F4P6, STM32C011F4U3, STM32C011F4U6TR, STM32C011F6P3, STM32C011F6P6, STM32C011F6U3, STM32C011F6U6TR, STM32C011J4M3, STM32C011J4M6, STM32C011J6M3, STM32C011J6M6, STM32C0316-DK, STM32C031C4T3, STM32C031C4T6, STM32C031C4U3, STM32C031C4U6, STM32C031C6T3, STM32C031C6T6, STM32C031C6U3, STM32C031C6U6, STM32C031F4P3, STM32C031F4P6, STM32C031F6P3, STM32C031F6P6, STM32C031G4U3, STM32C031G4U6, STM32C031G6U3, STM32C031G6U6, STM32C031K4T3, STM32C031K4T6, STM32C031K4U3, STM32C031K4U6, STM32C031K6T3, STM32C031K6T6, STM32C031K6U3, STM32C031K6U6, STM32G071K8TXN, STM32G071K8UXN, STM32G081GBU6N, STM32G081KBT6N, STM32G081KBUXN, STM32G0B1CCT6N, STM32G0B1KCT6, STM32G0B1NEY6TR, STM32G0B1RCT6N, STM32G0C1CCT6, STM32G0C1CCT6N, STM32G0C1CCU6N, STM32G0C1CET6N, STM32G0C1CEU6N, STM32G0C1KCT6, STM32G0C1NEY6TR, STM32G0C1RCI6N, STM32G0C1RCT6N, STM32G0C1REI6N, STM32G0C1RET6N, STM32G0C1VCI6, STM32G0C1VEI6, STM32G471CCT6, STM32G471CCU6, STM32G471CET3, STM32G471CET6, STM32G471CEU3, STM32G471CEU6, STM32G471MCT6, STM32G471MET3, STM32G471MET6, STM32G471MEY6TR, STM32G471QCT6, STM32G471QET3, STM32G471RCT6, STM32G471RET3, STM32G471RET6, STM32G471VCH6, STM32G471VCI6, STM32G471VCT6, STM32G471VEH3, STM32G471VEH6, STM32G471VEI3, STM32G471VEI6, STM32G471VET3, STM32G471VET6, STM32G474CCT6, STM32H503CBT6, STM32H503CBU6, STM32H503EBY6TR, STM32H503KBU6, STM32H503RBT6, STM32H523CCT6, STM32H523CCU6, STM32H523CET6, STM32H523CEU6, STM32H523HEY6TR, STM32H523RCT6, STM32H523RET6, STM32H523VCI6, STM32H523VCT6, STM32H523VEI6, STM32H523VET6, STM32H523ZCJ6, STM32H523ZCT6, STM32H523ZEJ6, STM32H523ZET6, STM32H533CET6, STM32H533CEU6, STM32H533HEY6TR, STM32H533RET6, STM32H533VEI6, STM32H533VET6, STM32H533ZEJ6, STM32H533ZET6, STM32H562AGI6, STM32H562AII6, STM32H562IGK6, STM32H562IGT6, STM32H562IIK6, STM32H562IIT6, STM32H562RGT6, STM32H562RGV6, STM32H562RIT6, STM32H562RIV6, STM32H562VGT6, STM32H562VIT6, STM32H562ZGT6, STM32H562ZIT6, STM32H563AGI6, STM32H563AII3Q, STM32H563AII6, STM32H563IGK6, STM32H563IGT6, STM32H563IIK3Q, STM32H563IIK6, STM32H563IIT3Q, STM32H563IIT6, STM32H563MIY3QTR, STM32H563RGT6, STM32H563RGV6, STM32H563RIT6, STM32H563RIV6, STM32H563VGT6, STM32H563VIT3Q, STM32H563VIT6, STM32H563ZGT6, STM32H563ZIT3Q, STM32H563ZIT6, STM32H573AII3Q, STM32H573AII6, STM32H573I-DK, STM32H573IIK3Q, STM32H573IIK6, STM32H573IIT3Q, STM32H573IIT6, STM32H573MIY3QTR, STM32H573RIT6, STM32H573RIV6, STM32H573VIT3Q, STM32H573VIT6, STM32H573ZIT3Q, STM32H573ZIT6, STM32H7R3A8I6, STM32H7R3I8K6, STM32H7R3I8T6, STM32H7R3L8H6, STM32H7R3L8H6H, STM32H7R3R8V6, STM32H7R3V8H6, STM32H7R3V8T6, STM32H7R3V8Y6, STM32H7R3Z8J6, STM32H7R3Z8T6, STM32H7R7A8I6, STM32H7R7I8K6, STM32H7R7I8T6, STM32H7R7L8H6, STM32H7R7L8H6H, STM32H7R7Z8J6, STM32H7S3A8I6, STM32H7S3I8K6, STM32H7S3I8T6, STM32H7S3L8H6, STM32H7S3L8H6H, STM32H7S3R8V6, STM32H7S3V8H6, STM32H7S3V8T6, STM32H7S3V8Y6, STM32H7S3Z8J6, STM32H7S3Z8T6, STM32H7S78-DK, STM32H7S7A8I6, STM32H7S7I8K6, STM32H7S7I8T6, STM32H7S7L8H6, STM32H7S7L8H6H, STM32H7S7Z8J6, STM32L4R5QGI6STR, STM32MP131AAE3, STM32MP131AAF3, STM32MP131AAG3, STM32MP131CAE3, STM32MP131CAF3, STM32MP131CAG3, STM32MP131DAE7, STM32MP131DAF7, STM32MP131DAG7, STM32MP131FAE7, STM32MP131FAF7, STM32MP131FAG7, STM32MP133AAE3, STM32MP133AAF3, STM32MP133AAG3, STM32MP133CAE3, STM32MP133CAF3, STM32MP133CAG3, STM32MP133DAE7, STM32MP133DAF7, STM32MP133DAG7, STM32MP133FAE7, STM32MP133FAF7, STM32MP133FAG7, STM32MP135AAE3, STM32MP135AAF3, STM32MP135AAG3, STM32MP135CAE3, STM32MP135CAF3, STM32MP135CAG3, STM32MP135DAE7, STM32MP135DAF7, STM32MP135DAG7, STM32MP135F-DK, STM32MP135FAE7, STM32MP135FAF7, STM32MP135FAF7T, STM32MP135FAF7U, STM32MP135FAG7, STM32U031C6T6, STM32U031C6U6, STM32U031C8T6, STM32U031C8U6, STM32U031F4P6, STM32U031F6P6, STM32U031F8P6, STM32U031G6Y6TR, STM32U031G8Y6TR, STM32U031K4U6, STM32U031K6U6, STM32U031K8U6, STM32U031R6I6, STM32U031R6T6, STM32U031R8I6, STM32U031R8T6, STM32U073C8T6, STM32U073C8U6, STM32U073CBT6, STM32U073CBU6, STM32U073CCT6, STM32U073CCU6, STM32U073H8Y6TR, STM32U073HBY6TR, STM32U073HCY6TR, STM32U073K8U6, STM32U073KBU6, STM32U073KCU6, STM32U073M8I6, STM32U073M8T6, STM32U073MBI6, STM32U073MBT6, STM32U073MCI6, STM32U073MCT6, STM32U073R8I6, STM32U073R8T6, STM32U073RBI6, STM32U073RBT6, STM32U073RCI6, STM32U073RCT6, STM32U083C-DK, STM32U083CCT6, STM32U083CCU6, STM32U083HCY6TR, STM32U083KCU6, STM32U083MCI6, STM32U083MCT6, STM32U083RCI6, STM32U083RCT6, STM32U535CBT6, STM32U535CBT6Q, STM32U535CBU6, STM32U535CBU6Q, STM32U535CCT6, STM32U535CCT6Q, STM32U535CCU6, STM32U535CCU6Q, STM32U535CET6, STM32U535CET6Q, STM32U535CEU6, STM32U535CEU6Q, STM32U535JEY6QTR, STM32U535NCY6QTR, STM32U535NEY6QTR, STM32U535RBI6, STM32U535RBI6Q, STM32U535RBT6, STM32U535RBT6Q, STM32U535RCI6, STM32U535RCI6Q, STM32U535RCT6, STM32U535RCT6Q, STM32U535REI6, STM32U535REI6Q, STM32U535RET6, STM32U535RET6Q, STM32U535VCI6, STM32U535VCI6Q, STM32U535VCT6, STM32U535VCT6Q, STM32U535VEI6, STM32U535VEI6Q, STM32U535VET6, STM32U535VET6Q, STM32U545CET6, STM32U545CET6Q, STM32U545CEU6, STM32U545CEU6Q, STM32U545JEY6QTR, STM32U545NEY6QTR, STM32U545REI6, STM32U545REI6Q, STM32U545RET6, STM32U545RET6Q, STM32U545VEI6, STM32U545VEI6Q, STM32U545VET6, STM32U545VET6Q, STM32U595AIH6, STM32U595AIH6Q, STM32U595AJH6, STM32U595AJH6Q, STM32U595QII6, STM32U595QII6Q, STM32U595QJI6, STM32U595QJI6Q, STM32U595RIT6, STM32U595RIT6Q, STM32U595RJT6, STM32U595RJT6Q, STM32U595VIT6, STM32U595VIT6Q, STM32U595VJT6, STM32U595VJT6Q, STM32U595ZIT6, STM32U595ZIT6Q, STM32U595ZIY6QTR, STM32U595ZJT6, STM32U595ZJT6Q, STM32U595ZJY6QTR, STM32U599BJY6QTR, STM32U599NIH6Q, STM32U599NJH6Q, STM32U599VIT6Q, STM32U599VJT6, STM32U599VJT6Q, STM32U599ZIT6Q, STM32U599ZIY6QTR, STM32U599ZJT6Q, STM32U599ZJY6QTR, STM32U5A5AJH6, STM32U5A5AJH6Q, STM32U5A5QII3Q , STM32U5A5QJI6, STM32U5A5QJI6Q, STM32U5A5RJT6, STM32U5A5RJT6Q, STM32U5A5VJT6, STM32U5A5VJT6Q, STM32U5A5ZJT6, STM32U5A5ZJT6Q, STM32U5A5ZJY6QTR, STM32U5A9BJY6QTR, STM32U5A9J-DK, STM32U5A9NJH6Q, STM32U5A9VJT6Q, STM32U5A9ZJT6Q, STM32U5A9ZJY6QTR, STM32U5F7VIT6, STM32U5F7VIT6Q, STM32U5F7VJT6, STM32U5F7VJT6Q, STM32U5F9BJY6QTR, STM32U5F9NJH6Q, STM32U5F9VIT6Q, STM32U5F9VJT6Q, STM32U5F9ZIJ6QTR, STM32U5F9ZIT6Q, STM32U5F9ZJJ6QTR, STM32U5F9ZJT6Q, STM32U5G7VJT6, STM32U5G7VJT6Q, STM32U5G9BJY6QTR, STM32U5G9J-DK1, STM32U5G9J-DK2, STM32U5G9NJH6Q, STM32U5G9VJT6Q, STM32U5G9ZJJ6QTR, STM32U5G9ZJT6Q, STM32WB1MMCH6, STM32WBA50KEU6, STM32WBA50KEU6TR, STM32WBA50KGU6, STM32WBA50KGU6TR, STM32WBA52CEU6, STM32WBA52CEU6TR, STM32WBA52CEU7, STM32WBA52CEU7TR, STM32WBA52CGU6, STM32WBA52CGU6TR, STM32WBA52CGU6U, STM32WBA52CGU7, STM32WBA52CGU7TR, STM32WBA52KEU6, STM32WBA52KEU6TR, STM32WBA52KGU6, STM32WBA52KGU6TR, STM32WBA54CEU6, STM32WBA54CEU6TR, STM32WBA54CEU7, STM32WBA54CEU7TR, STM32WBA54CGU6, STM32WBA54CGU6TR, STM32WBA54CGU7, STM32WBA54CGU7TR, STM32WBA54KEU6, STM32WBA54KEU6TR, STM32WBA54KEU7, STM32WBA54KEU7TR, STM32WBA54KGU6, STM32WBA54KGU6TR, STM32WBA54KGU7, STM32WBA54KGU7TR, STM32WBA55CEU6, STM32WBA55CEU6TR, STM32WBA55CEU7, STM32WBA55CEU7TR, STM32WBA55CGU6, STM32WBA55CGU6TR, STM32WBA55CGU6U, STM32WBA55CGU7, STM32WBA55CGU7TR, STM32WBA55G-DK1, STM32WBA55HEF6, STM32WBA55HEF7, STM32WBA55HGF6, STM32WBA55HGF7, STM32WBA55UEI6, STM32WBA55UEI6TR, STM32WBA55UEI7, STM32WBA55UEI7TR, STM32WBA55UGI6, STM32WBA55UGI6TR, STM32WBA55UGI7, STM32WBA55UGI7TR, STM32WL5MOCH6, STM32WL5MOCH6TR]
2024-06-05 03:24:21,953 [INFO] BoardInfo:889 - No configuration file found for board P-NUCLEO-WB55
2024-06-05 03:24:21,954 [INFO] DbBoards:161 - Kit is not supported: P-NUCLEO-WB55
2024-06-05 03:24:21,959 [INFO] BoardInfo:889 - No configuration file found for board STEVAL-BFA001V1B
2024-06-05 03:24:21,959 [INFO] DbBoards:161 - Kit is not supported: STEVAL-BFA001V1B
2024-06-05 03:24:21,961 [INFO] BoardInfo:889 - No configuration file found for board STEVAL-BFA001V2B
2024-06-05 03:24:21,961 [INFO] DbBoards:161 - Kit is not supported: STEVAL-BFA001V2B
2024-06-05 03:24:22,065 [INFO] DbBoards:168 - Found 199 boards, 196 are supported
2024-06-05 03:24:22,065 [INFO] DbBoards:169 - Found 199 boards, 8 of them is supported for  Bsp
2024-06-05 03:24:22,068 [INFO] ApiDb:668 - CubeFinder database Data Model version=2.1
2024-06-05 03:24:22,068 [INFO] ApiDb:669 - CubeFinder database Configuration version=3.0.39
2024-06-05 03:24:22,068 [INFO] ApiDb:670 - CubeFinder database generation date=2024-04-15 (1713193726)
2024-06-05 03:24:22,068 [INFO] ApiDb:671 - CubeFinder database FW Pack versions=[FP-ATR-ASTRA1_V2.0.0, FP-SNS-FLIGHT1_V5.0.1, FP-SNS-FLIGHT1_V5.0.2, FP-SNS-MOTENV1_V4.3.1, FP-SNS-MOTENV1_V4.3.2, FP-SNS-MOTENVWB1_V1.3.1, FP-SNS-SMARTAG2_V1.2.0, STM32Cube_FW_C0_V1.1.0, STM32Cube_FW_F4_V1.28.0, STM32Cube_FW_F7_V1.17.0, STM32Cube_FW_G0_V1.6.2, STM32Cube_FW_G4_V1.5.2, STM32Cube_FW_H5_V0.5.1, STM32Cube_FW_H5_V1.1.1, STM32Cube_FW_H5_V1.2.0, STM32Cube_FW_H5_V1.2.0RC4, STM32Cube_FW_H7RS_V1.0.0, STM32Cube_FW_H7RS_V1.0.0RC4, STM32Cube_FW_H7_V1.11.0, STM32Cube_FW_L0_V1.12.2, STM32Cube_FW_L5_V1.5.1, STM32Cube_FW_U0_V1.0.0, STM32Cube_FW_U0_V1.0.0RC1, STM32Cube_FW_U5_V1.3.0RC4, STM32Cube_FW_U5_V1.5.0, STM32Cube_FW_U5_V1.5.0RC1, STM32Cube_FW_WBA_V1.0.0RC1, STM32Cube_FW_WBA_V1.2.0, STM32Cube_FW_WBA_V1.2.0RC2, STM32Cube_FW_WBA_V1.3.0, STM32Cube_FW_WBA_V1.3.0RC1, STM32Cube_FW_WB_V1.15.0RC1, STM32Cube_FW_WB_V1.16.0, STM32Cube_FW_WB_V1.16.0RC2, STM32Cube_FW_WB_V1.18.0, STM32Cube_FW_WB_V1.19.0, STM32Cube_FW_WL_V1.3.0, X-CUBE-ALGOBUILD_V1.3.0, X-CUBE-ALS_V1.0.1, X-CUBE-AZRTOS-F4_V1.1.0, X-CUBE-AZRTOS-F7_V1.1.0, X-CUBE-AZRTOS-G0_V1.1.0, X-CUBE-AZRTOS-G4_V2.0.0, X-CUBE-AZRTOS-H7_V3.2.0, X-CUBE-AZRTOS-L4_V1.0.0, X-CUBE-AZRTOS-L4_V2.0.0, X-CUBE-AZRTOS-L5_V1.1.0, X-CUBE-AZRTOS-WB_V2.0.0, X-CUBE-AZRTOS-WL_V2.0.0, X-CUBE-BLE1_V7.0.0, X-CUBE-BLE2_V3.3.0, X-CUBE-BLEMGR_V3.1.0, X-CUBE-EEPRMA1_V4.1.0, X-CUBE-EEPRMA1_V5.1.0, X-CUBE-FREERTOS_V1.1.0, X-CUBE-GNSS1_V6.0.0, X-CUBE-MEMS1_V10.0.0, X-CUBE-MEMS1_V9.1.0, X-CUBE-MEMS1_V9.4.0, X-CUBE-MEMS1_V9.6.0, X-CUBE-NFC4_V3.0.0, X-CUBE-NFC7_V1.0.1, X-CUBE-SFXS2LP1_V4.0.0, X-CUBE-SUBG2_V5.0.0, X-CUBE-TOF1_V3.4.0]
2024-06-05 03:24:23,377 [INFO] ApiDb:240 - Found 483 in-development CPN: [B-G473E-ZEST1S, B-WB1M-WPAN1, B-WL5M-SUBG1, NUCLEO-C031C6, NUCLEO-H503RB, NUCLEO-H533RE, NUCLEO-H563ZI, NUCLEO-H7S3L8, NUCLEO-U031R8, NUCLEO-U083RC, NUCLEO-U545RE-Q, NUCLEO-U5A5ZJ-Q, NUCLEO-WBA52CG, NUCLEO-WBA55CG, STEVAL-PROTEUS1, STEVAL-SMARTAG2, STEVAL-STWINBX1, STM320518-EVAL, STM32C0116-DK, STM32C011D6Y3TR, STM32C011D6Y6TR, STM32C011F4P3, STM32C011F4P6, STM32C011F4U3, STM32C011F4U6TR, STM32C011F6P3, STM32C011F6P6, STM32C011F6U3, STM32C011F6U6TR, STM32C011J4M3, STM32C011J4M6, STM32C011J6M3, STM32C011J6M6, STM32C0316-DK, STM32C031C4T3, STM32C031C4T6, STM32C031C4U3, STM32C031C4U6, STM32C031C6T3, STM32C031C6T6, STM32C031C6U3, STM32C031C6U6, STM32C031F4P3, STM32C031F4P6, STM32C031F6P3, STM32C031F6P6, STM32C031G4U3, STM32C031G4U6, STM32C031G6U3, STM32C031G6U6, STM32C031K4T3, STM32C031K4T6, STM32C031K4U3, STM32C031K4U6, STM32C031K6T3, STM32C031K6T6, STM32C031K6U3, STM32C031K6U6, STM32G071K8TXN, STM32G071K8UXN, STM32G081GBU6N, STM32G081KBT6N, STM32G081KBUXN, STM32G0B1CCT6N, STM32G0B1KCT6, STM32G0B1NEY6TR, STM32G0B1RCT6N, STM32G0C1CCT6, STM32G0C1CCT6N, STM32G0C1CCU6N, STM32G0C1CET6N, STM32G0C1CEU6N, STM32G0C1KCT6, STM32G0C1NEY6TR, STM32G0C1RCI6N, STM32G0C1RCT6N, STM32G0C1REI6N, STM32G0C1RET6N, STM32G0C1VCI6, STM32G0C1VEI6, STM32G471CCT6, STM32G471CCU6, STM32G471CET3, STM32G471CET6, STM32G471CEU3, STM32G471CEU6, STM32G471MCT6, STM32G471MET3, STM32G471MET6, STM32G471MEY6TR, STM32G471QCT6, STM32G471QET3, STM32G471RCT6, STM32G471RET3, STM32G471RET6, STM32G471VCH6, STM32G471VCI6, STM32G471VCT6, STM32G471VEH3, STM32G471VEH6, STM32G471VEI3, STM32G471VEI6, STM32G471VET3, STM32G471VET6, STM32G474CCT6, STM32H503CBT6, STM32H503CBU6, STM32H503EBY6TR, STM32H503KBU6, STM32H503RBT6, STM32H523CCT6, STM32H523CCU6, STM32H523CET6, STM32H523CEU6, STM32H523HEY6TR, STM32H523RCT6, STM32H523RET6, STM32H523VCI6, STM32H523VCT6, STM32H523VEI6, STM32H523VET6, STM32H523ZCJ6, STM32H523ZCT6, STM32H523ZEJ6, STM32H523ZET6, STM32H533CET6, STM32H533CEU6, STM32H533HEY6TR, STM32H533RET6, STM32H533VEI6, STM32H533VET6, STM32H533ZEJ6, STM32H533ZET6, STM32H562AGI6, STM32H562AII6, STM32H562IGK6, STM32H562IGT6, STM32H562IIK6, STM32H562IIT6, STM32H562RGT6, STM32H562RGV6, STM32H562RIT6, STM32H562RIV6, STM32H562VGT6, STM32H562VIT6, STM32H562ZGT6, STM32H562ZIT6, STM32H563AGI6, STM32H563AII3Q, STM32H563AII6, STM32H563IGK6, STM32H563IGT6, STM32H563IIK3Q, STM32H563IIK6, STM32H563IIT3Q, STM32H563IIT6, STM32H563MIY3QTR, STM32H563RGT6, STM32H563RGV6, STM32H563RIT6, STM32H563RIV6, STM32H563VGT6, STM32H563VIT3Q, STM32H563VIT6, STM32H563ZGT6, STM32H563ZIT3Q, STM32H563ZIT6, STM32H573AII3Q, STM32H573AII6, STM32H573I-DK, STM32H573IIK3Q, STM32H573IIK6, STM32H573IIT3Q, STM32H573IIT6, STM32H573MIY3QTR, STM32H573RIT6, STM32H573RIV6, STM32H573VIT3Q, STM32H573VIT6, STM32H573ZIT3Q, STM32H573ZIT6, STM32H7R3A8I6, STM32H7R3I8K6, STM32H7R3I8T6, STM32H7R3L8H6, STM32H7R3L8H6H, STM32H7R3R8V6, STM32H7R3V8H6, STM32H7R3V8T6, STM32H7R3V8Y6, STM32H7R3Z8J6, STM32H7R3Z8T6, STM32H7R7A8I6, STM32H7R7I8K6, STM32H7R7I8T6, STM32H7R7L8H6, STM32H7R7L8H6H, STM32H7R7Z8J6, STM32H7S3A8I6, STM32H7S3I8K6, STM32H7S3I8T6, STM32H7S3L8H6, STM32H7S3L8H6H, STM32H7S3R8V6, STM32H7S3V8H6, STM32H7S3V8T6, STM32H7S3V8Y6, STM32H7S3Z8J6, STM32H7S3Z8T6, STM32H7S78-DK, STM32H7S7A8I6, STM32H7S7I8K6, STM32H7S7I8T6, STM32H7S7L8H6, STM32H7S7L8H6H, STM32H7S7Z8J6, STM32L4R5QGI6STR, STM32MP131AAE3, STM32MP131AAF3, STM32MP131AAG3, STM32MP131CAE3, STM32MP131CAF3, STM32MP131CAG3, STM32MP131DAE7, STM32MP131DAF7, STM32MP131DAG7, STM32MP131FAE7, STM32MP131FAF7, STM32MP131FAG7, STM32MP133AAE3, STM32MP133AAF3, STM32MP133AAG3, STM32MP133CAE3, STM32MP133CAF3, STM32MP133CAG3, STM32MP133DAE7, STM32MP133DAF7, STM32MP133DAG7, STM32MP133FAE7, STM32MP133FAF7, STM32MP133FAG7, STM32MP135AAE3, STM32MP135AAF3, STM32MP135AAG3, STM32MP135CAE3, STM32MP135CAF3, STM32MP135CAG3, STM32MP135DAE7, STM32MP135DAF7, STM32MP135DAG7, STM32MP135F-DK, STM32MP135FAE7, STM32MP135FAF7, STM32MP135FAF7T, STM32MP135FAF7U, STM32MP135FAG7, STM32U031C6T6, STM32U031C6U6, STM32U031C8T6, STM32U031C8U6, STM32U031F4P6, STM32U031F6P6, STM32U031F8P6, STM32U031G6Y6TR, STM32U031G8Y6TR, STM32U031K4U6, STM32U031K6U6, STM32U031K8U6, STM32U031R6I6, STM32U031R6T6, STM32U031R8I6, STM32U031R8T6, STM32U073C8T6, STM32U073C8U6, STM32U073CBT6, STM32U073CBU6, STM32U073CCT6, STM32U073CCU6, STM32U073H8Y6TR, STM32U073HBY6TR, STM32U073HCY6TR, STM32U073K8U6, STM32U073KBU6, STM32U073KCU6, STM32U073M8I6, STM32U073M8T6, STM32U073MBI6, STM32U073MBT6, STM32U073MCI6, STM32U073MCT6, STM32U073R8I6, STM32U073R8T6, STM32U073RBI6, STM32U073RBT6, STM32U073RCI6, STM32U073RCT6, STM32U083C-DK, STM32U083CCT6, STM32U083CCU6, STM32U083HCY6TR, STM32U083KCU6, STM32U083MCI6, STM32U083MCT6, STM32U083RCI6, STM32U083RCT6, STM32U535CBT6, STM32U535CBT6Q, STM32U535CBU6, STM32U535CBU6Q, STM32U535CCT6, STM32U535CCT6Q, STM32U535CCU6, STM32U535CCU6Q, STM32U535CET6, STM32U535CET6Q, STM32U535CEU6, STM32U535CEU6Q, STM32U535JEY6QTR, STM32U535NCY6QTR, STM32U535NEY6QTR, STM32U535RBI6, STM32U535RBI6Q, STM32U535RBT6, STM32U535RBT6Q, STM32U535RCI6, STM32U535RCI6Q, STM32U535RCT6, STM32U535RCT6Q, STM32U535REI6, STM32U535REI6Q, STM32U535RET6, STM32U535RET6Q, STM32U535VCI6, STM32U535VCI6Q, STM32U535VCT6, STM32U535VCT6Q, STM32U535VEI6, STM32U535VEI6Q, STM32U535VET6, STM32U535VET6Q, STM32U545CET6, STM32U545CET6Q, STM32U545CEU6, STM32U545CEU6Q, STM32U545JEY6QTR, STM32U545NEY6QTR, STM32U545REI6, STM32U545REI6Q, STM32U545RET6, STM32U545RET6Q, STM32U545VEI6, STM32U545VEI6Q, STM32U545VET6, STM32U545VET6Q, STM32U595AIH6, STM32U595AIH6Q, STM32U595AJH6, STM32U595AJH6Q, STM32U595QII6, STM32U595QII6Q, STM32U595QJI6, STM32U595QJI6Q, STM32U595RIT6, STM32U595RIT6Q, STM32U595RJT6, STM32U595RJT6Q, STM32U595VIT6, STM32U595VIT6Q, STM32U595VJT6, STM32U595VJT6Q, STM32U595ZIT6, STM32U595ZIT6Q, STM32U595ZIY6QTR, STM32U595ZJT6, STM32U595ZJT6Q, STM32U595ZJY6QTR, STM32U599BJY6QTR, STM32U599NIH6Q, STM32U599NJH6Q, STM32U599VIT6Q, STM32U599VJT6, STM32U599VJT6Q, STM32U599ZIT6Q, STM32U599ZIY6QTR, STM32U599ZJT6Q, STM32U599ZJY6QTR, STM32U5A5AJH6, STM32U5A5AJH6Q, STM32U5A5QII3Q , STM32U5A5QJI6, STM32U5A5QJI6Q, STM32U5A5RJT6, STM32U5A5RJT6Q, STM32U5A5VJT6, STM32U5A5VJT6Q, STM32U5A5ZJT6, STM32U5A5ZJT6Q, STM32U5A5ZJY6QTR, STM32U5A9BJY6QTR, STM32U5A9J-DK, STM32U5A9NJH6Q, STM32U5A9VJT6Q, STM32U5A9ZJT6Q, STM32U5A9ZJY6QTR, STM32U5F7VIT6, STM32U5F7VIT6Q, STM32U5F7VJT6, STM32U5F7VJT6Q, STM32U5F9BJY6QTR, STM32U5F9NJH6Q, STM32U5F9VIT6Q, STM32U5F9VJT6Q, STM32U5F9ZIJ6QTR, STM32U5F9ZIT6Q, STM32U5F9ZJJ6QTR, STM32U5F9ZJT6Q, STM32U5G7VJT6, STM32U5G7VJT6Q, STM32U5G9BJY6QTR, STM32U5G9J-DK1, STM32U5G9J-DK2, STM32U5G9NJH6Q, STM32U5G9VJT6Q, STM32U5G9ZJJ6QTR, STM32U5G9ZJT6Q, STM32WB1MMCH6, STM32WBA50KEU6, STM32WBA50KEU6TR, STM32WBA50KGU6, STM32WBA50KGU6TR, STM32WBA52CEU6, STM32WBA52CEU6TR, STM32WBA52CEU7, STM32WBA52CEU7TR, STM32WBA52CGU6, STM32WBA52CGU6TR, STM32WBA52CGU6U, STM32WBA52CGU7, STM32WBA52CGU7TR, STM32WBA52KEU6, STM32WBA52KEU6TR, STM32WBA52KGU6, STM32WBA52KGU6TR, STM32WBA54CEU6, STM32WBA54CEU6TR, STM32WBA54CEU7, STM32WBA54CEU7TR, STM32WBA54CGU6, STM32WBA54CGU6TR, STM32WBA54CGU7, STM32WBA54CGU7TR, STM32WBA54KEU6, STM32WBA54KEU6TR, STM32WBA54KEU7, STM32WBA54KEU7TR, STM32WBA54KGU6, STM32WBA54KGU6TR, STM32WBA54KGU7, STM32WBA54KGU7TR, STM32WBA55CEU6, STM32WBA55CEU6TR, STM32WBA55CEU7, STM32WBA55CEU7TR, STM32WBA55CGU6, STM32WBA55CGU6TR, STM32WBA55CGU6U, STM32WBA55CGU7, STM32WBA55CGU7TR, STM32WBA55G-DK1, STM32WBA55HEF6, STM32WBA55HEF7, STM32WBA55HGF6, STM32WBA55HGF7, STM32WBA55UEI6, STM32WBA55UEI6TR, STM32WBA55UEI7, STM32WBA55UEI7TR, STM32WBA55UGI6, STM32WBA55UGI6TR, STM32WBA55UGI7, STM32WBA55UGI7TR, STM32WL5MOCH6, STM32WL5MOCH6TR]
2024-06-05 03:24:23,379 [INFO] DbMcus:218 - Found 4096 MCUs, 4096 are supported
2024-06-05 03:24:23,385 [INFO] ApiDb:423 - Load user favorites file C:\Users\saksh/.stm32cubeide/favorites.mcus.txt: 1 item(s)
2024-06-05 03:24:23,385 [INFO] ApiDb:427 - User favorites MCUs=[STM32F103C8T6]
2024-06-05 03:24:23,385 [INFO] DbMcus:224 - Set 1 / 1 favorites MCUs
2024-06-05 03:24:23,625 [INFO] ApiDb:423 - Load user favorites file C:\Users\saksh/.stm32cubeide/favorites.boards.txt: 0 item(s)
2024-06-05 03:24:23,625 [INFO] ApiDb:427 - User favorites Boards=[]
2024-06-05 03:24:23,625 [INFO] DbBoards:198 - Set 0 / 0 favorites Boards
2024-06-05 03:24:23,676 [INFO] UtilMem:75 - End LoadConfig() Used Memory: 450244800 Bytes (629145600)
2024-06-05 03:24:23,801 [WARN] ThirdParty:833 - waiting for thirdparty lock release [change project]
2024-06-05 03:24:23,801 [INFO] ThirdParty:835 - entering critical section [change project]
2024-06-05 03:24:23,801 [INFO] ThirdParty:1030 - CMSIS Pack Vendor :STMicroelectronics USBPD 4.1
2024-06-05 03:24:23,801 [INFO] ThirdParty:1030 - CMSIS Pack Vendor :STMicroelectronics X-CUBE-GNSS1 6.0.0
2024-06-05 03:24:23,801 [INFO] ThirdParty:1030 - CMSIS Pack Vendor :STMicroelectronics USB_HOST 2.0.0
2024-06-05 03:24:23,801 [INFO] ThirdParty:1030 - CMSIS Pack Vendor :STMicroelectronics FP-SNS-MOTENVWB1 1.4.0
2024-06-05 03:24:23,801 [INFO] ThirdParty:1030 - CMSIS Pack Vendor :STMicroelectronics X-CUBE-AZRTOS-F4 1.1.0
2024-06-05 03:24:23,801 [INFO] ThirdParty:1030 - CMSIS Pack Vendor :STMicroelectronics LIBJPEG 8.0.0
2024-06-05 03:24:23,802 [INFO] ThirdParty:1030 - CMSIS Pack Vendor :STMicroelectronics X-CUBE-SMBUS 2.1.0
2024-06-05 03:24:23,802 [INFO] ThirdParty:1030 - CMSIS Pack Vendor :STMicroelectronics X-CUBE-FREERTOS 1.2.0
2024-06-05 03:24:23,802 [INFO] ThirdParty:1030 - CMSIS Pack Vendor :STMicroelectronics X-CUBE-TOUCHGFX 4.23.1
2024-06-05 03:24:23,802 [INFO] ThirdParty:1030 - CMSIS Pack Vendor :STMicroelectronics X-CUBE-TOUCHGFX 4.23.0
2024-06-05 03:24:23,802 [INFO] ThirdParty:1030 - CMSIS Pack Vendor :STMicroelectronics X-CUBE-BLEMGR 1.2.0
2024-06-05 03:24:23,802 [INFO] ThirdParty:1030 - CMSIS Pack Vendor :STMicroelectronics X-CUBE-TOUCHGFX 4.23.2
2024-06-05 03:24:23,802 [INFO] ThirdParty:1030 - CMSIS Pack Vendor :STMicroelectronics X-CUBE-AZRTOS-F7 1.1.0
2024-06-05 03:24:23,802 [INFO] ThirdParty:1030 - CMSIS Pack Vendor :STMicroelectronics X-CUBE-AZRTOS-L5 2.0.0
2024-06-05 03:24:23,802 [INFO] ThirdParty:1030 - CMSIS Pack Vendor :STMicroelectronics USB_DEVICE 2.0.0
2024-06-05 03:24:23,802 [INFO] ThirdParty:1030 - CMSIS Pack Vendor :STMicroelectronics X-CUBE-MEMS1 9.6.0
2024-06-05 03:24:23,802 [INFO] ThirdParty:1030 - CMSIS Pack Vendor :STMicroelectronics X-CUBE-EEPRMA1 4.2.0
2024-06-05 03:24:23,802 [INFO] ThirdParty:1030 - CMSIS Pack Vendor :STMicroelectronics X-CUBE-NFC6 3.1.0
2024-06-05 03:24:23,802 [INFO] ThirdParty:1030 - CMSIS Pack Vendor :ITTIA_DB I-CUBE-ITTIADB 8.8.0
2024-06-05 03:24:23,802 [INFO] ThirdParty:1030 - CMSIS Pack Vendor :STMicroelectronics FP-SNS-MOTENV1 4.3.0
2024-06-05 03:24:23,802 [INFO] ThirdParty:1030 - CMSIS Pack Vendor :STMicroelectronics FP-SNS-MOTENV1 4.3.2
2024-06-05 03:24:23,802 [INFO] ThirdParty:1030 - CMSIS Pack Vendor :STMicroelectronics FP-SNS-FLIGHT1 5.0.0
2024-06-05 03:24:23,802 [INFO] ThirdParty:1030 - CMSIS Pack Vendor :STMicroelectronics FP-SNS-MOTENV1 4.3.1
2024-06-05 03:24:23,802 [INFO] ThirdParty:1030 - CMSIS Pack Vendor :STMicroelectronics FP-SNS-FLIGHT1 5.0.1
2024-06-05 03:24:23,802 [INFO] ThirdParty:1030 - CMSIS Pack Vendor :STMicroelectronics X-CUBE-BLE1 6.2.3
2024-06-05 03:24:23,802 [INFO] ThirdParty:1030 - CMSIS Pack Vendor :STMicroelectronics X-CUBE-BLE1 6.2.4
2024-06-05 03:24:23,802 [INFO] ThirdParty:1030 - CMSIS Pack Vendor :STMicroelectronics FreeRTOS 0.0.1
2024-06-05 03:24:23,802 [INFO] ThirdParty:1030 - CMSIS Pack Vendor :STMicroelectronics X-CUBE-BLEMGR 2.0.0
2024-06-05 03:24:23,802 [INFO] ThirdParty:1030 - CMSIS Pack Vendor :STMicroelectronics FP-SNS-FLIGHT1 5.0.2
2024-06-05 03:24:23,802 [INFO] ThirdParty:1030 - CMSIS Pack Vendor :STMicroelectronics X-CUBE-NFC4 2.0.4
2024-06-05 03:24:23,802 [INFO] ThirdParty:1030 - CMSIS Pack Vendor :STMicroelectronics X-CUBE-AI 9.0.0
2024-06-05 03:24:23,802 [INFO] ThirdParty:1030 - CMSIS Pack Vendor :STMicroelectronics X-CUBE-AZRTOS-H7 3.1.0
2024-06-05 03:24:23,802 [INFO] ThirdParty:1030 - CMSIS Pack Vendor :STMicroelectronics PDM2PCM 3.3.0
2024-06-05 03:24:23,802 [INFO] ThirdParty:1030 - CMSIS Pack Vendor :STMicroelectronics X-CUBE-TOF1 3.1.0
2024-06-05 03:24:23,802 [INFO] ThirdParty:1030 - CMSIS Pack Vendor :STMicroelectronics X-CUBE-DISPLAY 3.0.0
2024-06-05 03:24:23,802 [INFO] ThirdParty:1030 - CMSIS Pack Vendor :STMicroelectronics X-CUBE-BLE1 7.0.0
2024-06-05 03:24:23,802 [INFO] ThirdParty:1030 - CMSIS Pack Vendor :wolfSSL I-CUBE-wolfSSL 5.5.0
2024-06-05 03:24:23,802 [INFO] ThirdParty:1030 - CMSIS Pack Vendor :STMicroelectronics HAL Drivers 0.0.0
2024-06-05 03:24:23,802 [INFO] ThirdParty:1030 - CMSIS Pack Vendor :STMicroelectronics X-CUBE-TOUCHGFX 4.22.0
2024-06-05 03:24:23,802 [INFO] ThirdParty:1030 - CMSIS Pack Vendor :STMicroelectronics X-CUBE-NFC7 1.0.1
2024-06-05 03:24:23,802 [INFO] ThirdParty:1030 - CMSIS Pack Vendor :STMicroelectronics MBEDTLS 2.14.1
2024-06-05 03:24:23,802 [INFO] ThirdParty:1030 - CMSIS Pack Vendor :STMicroelectronics X-CUBE-NFC7 1.0.0
2024-06-05 03:24:23,802 [INFO] ThirdParty:1030 - CMSIS Pack Vendor :STMicroelectronics X-CUBE-NFC6 3.0.0
2024-06-05 03:24:23,802 [INFO] ThirdParty:1030 - CMSIS Pack Vendor :STMicroelectronics X-CUBE-MEMS1 9.3.0
2024-06-05 03:24:23,802 [INFO] ThirdParty:1030 - CMSIS Pack Vendor :STMicroelectronics X-CUBE-EEPRMA1 4.1.0
2024-06-05 03:24:23,802 [INFO] ThirdParty:1030 - CMSIS Pack Vendor :STMicroelectronics X-CUBE-AI 7.2.0
2024-06-05 03:24:23,802 [INFO] ThirdParty:1030 - CMSIS Pack Vendor :STMicroelectronics X-CUBE-BLEMGR 3.1.0
2024-06-05 03:24:23,802 [INFO] ThirdParty:1030 - CMSIS Pack Vendor :STMicroelectronics FP-SNS-SMARTAG2 1.2.0
2024-06-05 03:24:23,802 [INFO] ThirdParty:1030 - CMSIS Pack Vendor :STMicroelectronics X-CUBE-AZRTOS-WL 2.0.0
2024-06-05 03:24:23,802 [INFO] ThirdParty:1030 - CMSIS Pack Vendor :STMicroelectronics FP-SNS-MOTENV1 5.0.0
2024-06-05 03:24:23,802 [INFO] ThirdParty:1030 - CMSIS Pack Vendor :STMicroelectronics USB_DEVICE 1.0.0
2024-06-05 03:24:23,802 [INFO] ThirdParty:1030 - CMSIS Pack Vendor :STMicroelectronics X-CUBE-AI 8.1.0
2024-06-05 03:24:23,802 [INFO] ThirdParty:1030 - CMSIS Pack Vendor :wolfSSL I-CUBE-wolfMQTT 1.19.0
2024-06-05 03:24:23,802 [INFO] ThirdParty:1030 - CMSIS Pack Vendor :STMicroelectronics X-CUBE-AZRTOS-L4 2.0.0
2024-06-05 03:24:23,802 [INFO] ThirdParty:1030 - CMSIS Pack Vendor :STMicroelectronics ThreadX 0.0.2
2024-06-05 03:24:23,802 [INFO] ThirdParty:1030 - CMSIS Pack Vendor :WES I-CUBE-Cesium 1.3.0
2024-06-05 03:24:23,802 [INFO] ThirdParty:1030 - CMSIS Pack Vendor :STMicroelectronics lwIP 2.1.2
2024-06-05 03:24:23,802 [INFO] ThirdParty:1030 - CMSIS Pack Vendor :STMicroelectronics X-CUBE-SFXS2LP1 4.0.0
2024-06-05 03:24:23,802 [INFO] ThirdParty:1030 - CMSIS Pack Vendor :STMicroelectronics X-CUBE-BLE2 3.3.0
2024-06-05 03:24:23,802 [INFO] ThirdParty:1030 - CMSIS Pack Vendor :STMicroelectronics X-CUBE-DISPLAY 2.2.0
2024-06-05 03:24:23,802 [INFO] ThirdParty:1030 - CMSIS Pack Vendor :STMicroelectronics X-CUBE-TOF1 3.2.0
2024-06-05 03:24:23,802 [INFO] ThirdParty:1030 - CMSIS Pack Vendor :STMicroelectronics PDM2PCM 3.2.0
2024-06-05 03:24:23,802 [INFO] ThirdParty:1030 - CMSIS Pack Vendor :STMicroelectronics X-CUBE-AZRTOS-H7 3.0.0
2024-06-05 03:24:23,802 [INFO] ThirdParty:1030 - CMSIS Pack Vendor :STMicroelectronics X-CUBE-ISPU 1.0.0
2024-06-05 03:24:23,802 [INFO] ThirdParty:1030 - CMSIS Pack Vendor :STMicroelectronics X-CUBE-ISPU 1.1.0
2024-06-05 03:24:23,802 [INFO] ThirdParty:1030 - CMSIS Pack Vendor :RoweBots I-CUBE-UNISONRTOS 5.5.0-4
2024-06-05 03:24:23,802 [INFO] ThirdParty:1030 - CMSIS Pack Vendor :STMicroelectronics X-CUBE-AZRTOS-H7 2.1.0
2024-06-05 03:24:23,802 [INFO] ThirdParty:1030 - CMSIS Pack Vendor :STMicroelectronics USB_DEVICE 3.0.0
2024-06-05 03:24:23,802 [INFO] ThirdParty:1030 - CMSIS Pack Vendor :STMicroelectronics X-CUBE-TCPP 4.1.0
2024-06-05 03:24:23,803 [INFO] ThirdParty:1030 - CMSIS Pack Vendor :STMicroelectronics X-CUBE-AI 8.0.0
2024-06-05 03:24:23,803 [INFO] ThirdParty:1030 - CMSIS Pack Vendor :STMicroelectronics X-CUBE-AZRTOS-WB 2.0.0
2024-06-05 03:24:23,803 [INFO] ThirdParty:1030 - CMSIS Pack Vendor :STMicroelectronics X-CUBE-FREERTOS 1.0.0
2024-06-05 03:24:23,803 [INFO] ThirdParty:1030 - CMSIS Pack Vendor :STMicroelectronics X-CUBE-FREERTOS 1.0.1
2024-06-05 03:24:23,803 [INFO] ThirdParty:1030 - CMSIS Pack Vendor :STMicroelectronics X-CUBE-TOUCHGFX 4.21.1
2024-06-05 03:24:23,803 [INFO] ThirdParty:1030 - CMSIS Pack Vendor :STMicroelectronics X-CUBE-TOUCHGFX 4.21.3
2024-06-05 03:24:23,803 [INFO] ThirdParty:1030 - CMSIS Pack Vendor :STMicroelectronics X-CUBE-BLEMGR 1.0.0
2024-06-05 03:24:23,803 [INFO] ThirdParty:1030 - CMSIS Pack Vendor :STMicroelectronics X-CUBE-TOUCHGFX 4.21.4
2024-06-05 03:24:23,803 [INFO] ThirdParty:1030 - CMSIS Pack Vendor :STMicroelectronics X-CUBE-MEMS1 9.4.0
2024-06-05 03:24:23,803 [INFO] ThirdParty:1030 - CMSIS Pack Vendor :STMicroelectronics X-CUBE-AI 7.3.0
2024-06-05 03:24:23,803 [INFO] ThirdParty:1030 - CMSIS Pack Vendor :STMicroelectronics X-CUBE-ALGOBUILD 1.3.0
2024-06-05 03:24:23,803 [INFO] ThirdParty:1030 - CMSIS Pack Vendor :STMicroelectronics X-CUBE-AZRTOS-L5 1.1.0
2024-06-05 03:24:23,803 [INFO] ThirdParty:1030 - CMSIS Pack Vendor :STMicroelectronics X-CUBE-AZRTOS-G0 1.1.0
2024-06-05 03:24:23,803 [INFO] ThirdParty:1030 - CMSIS Pack Vendor :STMicroelectronics X-CUBE-AI 8.0.1
2024-06-05 03:24:23,803 [INFO] ThirdParty:1030 - CMSIS Pack Vendor :STMicroelectronics X-CUBE-SAFEA1 1.2.2
2024-06-05 03:24:23,803 [INFO] ThirdParty:1030 - CMSIS Pack Vendor :STMicroelectronics X-CUBE-NFC4 3.0.0
2024-06-05 03:24:23,803 [INFO] ThirdParty:1030 - CMSIS Pack Vendor :SEGGER I-CUBE-embOS 1.2.0
2024-06-05 03:24:23,803 [INFO] ThirdParty:1030 - CMSIS Pack Vendor :STMicroelectronics X-CUBE-SUBG2 5.0.0
2024-06-05 03:24:23,803 [INFO] ThirdParty:1030 - CMSIS Pack Vendor :STMicroelectronics STM32_WPAN 1.0.0
2024-06-05 03:24:23,803 [INFO] ThirdParty:1030 - CMSIS Pack Vendor :STMicroelectronics lwIP 2.0.3
2024-06-05 03:24:23,803 [INFO] ThirdParty:1030 - CMSIS Pack Vendor :STMicroelectronics USB_HOST 1.0.0
2024-06-05 03:24:23,803 [INFO] ThirdParty:1030 - CMSIS Pack Vendor :STMicroelectronics X-CUBE-TOF1 3.3.1
2024-06-05 03:24:23,803 [INFO] ThirdParty:1030 - CMSIS Pack Vendor :STMicroelectronics X-CUBE-AZRTOS-G4 2.0.0
2024-06-05 03:24:23,803 [INFO] ThirdParty:1030 - CMSIS Pack Vendor :STMicroelectronics PDM2PCM 3.1.0
2024-06-05 03:24:23,803 [INFO] ThirdParty:1030 - CMSIS Pack Vendor :STMicroelectronics X-CUBE-TOF1 3.3.0
2024-06-05 03:24:23,803 [INFO] ThirdParty:1030 - CMSIS Pack Vendor :STMicroelectronics FP-ATR-ASTRA1 1.1.1
2024-06-05 03:24:23,803 [INFO] ThirdParty:1030 - CMSIS Pack Vendor :Infineon AIROC-Wi-Fi-Bluetooth-STM32 1.5.1
2024-06-05 03:24:23,803 [INFO] ThirdParty:1030 - CMSIS Pack Vendor :STMicroelectronics X-CUBE-BLEMGR 3.0.0
2024-06-05 03:24:23,803 [INFO] ThirdParty:1030 - CMSIS Pack Vendor :STMicroelectronics X-CUBE-BLEMGR 1.3.0
2024-06-05 03:24:23,803 [INFO] ThirdParty:1030 - CMSIS Pack Vendor :STMicroelectronics FP-SNS-MOTENVWB1 1.3.1
2024-06-05 03:24:23,803 [INFO] ThirdParty:1030 - CMSIS Pack Vendor :STMicroelectronics FP-ATR-SIGFOX1 3.2.0
2024-06-05 03:24:23,803 [INFO] ThirdParty:1030 - CMSIS Pack Vendor :STMicroelectronics X-CUBE-AZRTOS-G4 1.0.0
2024-06-05 03:24:23,803 [INFO] ThirdParty:1030 - CMSIS Pack Vendor :STMicroelectronics X-CUBE-AZRTOS-L4 1.0.0
2024-06-05 03:24:23,803 [INFO] ThirdParty:1030 - CMSIS Pack Vendor :STMicroelectronics X-CUBE-ISPU 2.0.0
2024-06-05 03:24:23,803 [INFO] ThirdParty:1030 - CMSIS Pack Vendor :STMicroelectronics X-CUBE-EEPRMA1 5.1.0
2024-06-05 03:24:23,803 [INFO] ThirdParty:1030 - CMSIS Pack Vendor :STMicroelectronics MBEDTLS 2.16.2
2024-06-05 03:24:23,803 [INFO] ThirdParty:1030 - CMSIS Pack Vendor :STMicroelectronics X-CUBE-ALS 1.0.2
2024-06-05 03:24:23,803 [INFO] ThirdParty:1030 - CMSIS Pack Vendor :emotas I-CUBE-CANOPEN 1.1.2
2024-06-05 03:24:23,803 [INFO] ThirdParty:1030 - CMSIS Pack Vendor :STMicroelectronics X-CUBE-TOUCHGFX 4.20.0
2024-06-05 03:24:23,803 [INFO] ThirdParty:1030 - CMSIS Pack Vendor :STMicroelectronics X-CUBE-MEMS1 10.0.0
2024-06-05 03:24:23,803 [INFO] ThirdParty:1030 - CMSIS Pack Vendor :STMicroelectronics X-CUBE-FREERTOS 1.1.0
2024-06-05 03:24:23,803 [INFO] ThirdParty:1030 - CMSIS Pack Vendor :STMicroelectronics X-CUBE-AZRTOS-WL 1.0.0
2024-06-05 03:24:23,803 [INFO] ThirdParty:1030 - CMSIS Pack Vendor :portGmbH I-Cube-SoM-uGOAL 1.1.0
2024-06-05 03:24:23,803 [INFO] ThirdParty:1030 - CMSIS Pack Vendor :STMicroelectronics X-CUBE-ALS 1.0.1
2024-06-05 03:24:23,803 [INFO] ThirdParty:1030 - CMSIS Pack Vendor :STMicroelectronics X-CUBE-MEMS1 9.5.0
2024-06-05 03:24:23,803 [INFO] ThirdParty:1030 - CMSIS Pack Vendor :STMicroelectronics ThreadX 1.0.0
2024-06-05 03:24:23,803 [INFO] ThirdParty:1030 - CMSIS Pack Vendor :STMicroelectronics X-CUBE-AZRTOS-WB 1.1.0
2024-06-05 03:24:23,803 [INFO] ThirdParty:1030 - CMSIS Pack Vendor :SEGGER I-CUBE-embOS 1.3.1
2024-06-05 03:24:23,803 [INFO] ThirdParty:1030 - CMSIS Pack Vendor :STMicroelectronics X-CUBE-ALGOBUILD 1.4.0
2024-06-05 03:24:23,803 [INFO] ThirdParty:1030 - CMSIS Pack Vendor :STMicroelectronics X-CUBE-AZRTOS-L5 1.0.0
2024-06-05 03:24:23,803 [INFO] ThirdParty:1030 - CMSIS Pack Vendor :STMicroelectronics X-CUBE-EEPRMA1 3.1.1
2024-06-05 03:24:23,803 [INFO] ThirdParty:1030 - CMSIS Pack Vendor :STMicroelectronics X-CUBE-AZRTOS-H7RS 1.0.0
2024-06-05 03:24:23,803 [INFO] ThirdParty:1030 - CMSIS Pack Vendor :STMicroelectronics FP-ATR-ASTRA1 2.0.0
2024-06-05 03:24:23,803 [INFO] ThirdParty:1030 - CMSIS Pack Vendor :STMicroelectronics X-CUBE-TOF1 3.4.0
2024-06-05 03:24:23,803 [INFO] ThirdParty:1030 - CMSIS Pack Vendor :STMicroelectronics X-CUBE-TOF1 3.4.1
2024-06-05 03:24:23,803 [INFO] ThirdParty:1030 - CMSIS Pack Vendor :STMicroelectronics X-CUBE-AZRTOS-H7 3.2.0
2024-06-05 03:24:23,803 [INFO] ThirdParty:841 - exiting critical section [change project]
2024-06-05 03:24:24,273 [INFO] PinOutPanel:1561 - setPackage(No Configuration,No Configuration)
2024-06-05 03:24:24,276 [INFO] PinOutPanel:1561 - setPackage(STM32G474RETx,LQFP64)
2024-06-05 03:24:24,665 [INFO] UtilMem:75 - Before build in PCC Used Memory: 412257896 Bytes (629145600)
2024-06-05 03:24:25,621 [INFO] UtilMem:75 - After build in PCC Used Memory: 534439336 Bytes (629145600)
2024-06-05 03:24:25,666 [INFO] IPUIPlugin:80 - create IPUIPlugin
2024-06-05 03:24:25,666 [INFO] IPUIPlugin:80 - create IPUIPlugin
2024-06-05 03:24:25,666 [INFO] IPUIPlugin:80 - create IPUIPlugin
2024-06-05 03:24:25,666 [INFO] IPUIPlugin:80 - create IPUIPlugin
2024-06-05 03:24:25,666 [INFO] IPUIPlugin:80 - create IPUIPlugin
2024-06-05 03:24:25,666 [INFO] IPUIPlugin:80 - create IPUIPlugin
2024-06-05 03:24:25,666 [INFO] IPUIPlugin:80 - create IPUIPlugin
2024-06-05 03:24:25,666 [INFO] IPUIPlugin:80 - create IPUIPlugin
2024-06-05 03:24:25,666 [INFO] IPUIPlugin:80 - create IPUIPlugin
2024-06-05 03:24:25,666 [INFO] IPUIPlugin:80 - create IPUIPlugin
2024-06-05 03:24:25,666 [INFO] IPUIPlugin:80 - create IPUIPlugin
2024-06-05 03:24:25,666 [INFO] IPUIPlugin:80 - create IPUIPlugin
2024-06-05 03:24:25,666 [INFO] IPUIPlugin:80 - create IPUIPlugin
2024-06-05 03:24:25,666 [INFO] IPUIPlugin:80 - create IPUIPlugin
2024-06-05 03:24:25,666 [INFO] IPUIPlugin:80 - create IPUIPlugin
2024-06-05 03:24:25,666 [INFO] IPUIPlugin:80 - create IPUIPlugin
2024-06-05 03:24:25,666 [INFO] IPUIPlugin:80 - create IPUIPlugin
2024-06-05 03:24:25,667 [INFO] IPUIPlugin:80 - create IPUIPlugin
2024-06-05 03:24:25,667 [INFO] IPUIPlugin:80 - create IPUIPlugin
2024-06-05 03:24:25,667 [INFO] IPUIPlugin:80 - create IPUIPlugin
2024-06-05 03:24:25,667 [INFO] IPUIPlugin:80 - create IPUIPlugin
2024-06-05 03:24:25,667 [INFO] IPUIPlugin:80 - create IPUIPlugin
2024-06-05 03:24:25,667 [INFO] IPUIPlugin:80 - create IPUIPlugin
2024-06-05 03:24:25,667 [INFO] IPUIPlugin:80 - create IPUIPlugin
2024-06-05 03:24:25,667 [INFO] IPUIPlugin:80 - create IPUIPlugin
2024-06-05 03:24:25,667 [INFO] IPUIPlugin:80 - create IPUIPlugin
2024-06-05 03:24:25,667 [INFO] IPUIPlugin:80 - create IPUIPlugin
2024-06-05 03:24:25,667 [INFO] IPUIPlugin:80 - create IPUIPlugin
2024-06-05 03:24:25,667 [INFO] IPUIPlugin:80 - create IPUIPlugin
2024-06-05 03:24:25,667 [INFO] IPUIPlugin:80 - create IPUIPlugin
2024-06-05 03:24:25,667 [INFO] IPUIPlugin:80 - create IPUIPlugin
2024-06-05 03:24:25,667 [INFO] IPUIPlugin:80 - create IPUIPlugin
2024-06-05 03:24:25,667 [INFO] IPUIPlugin:80 - create IPUIPlugin
2024-06-05 03:24:25,668 [INFO] IPUIPlugin:80 - create IPUIPlugin
2024-06-05 03:24:25,668 [INFO] IPUIPlugin:80 - create IPUIPlugin
2024-06-05 03:24:25,668 [INFO] IPUIPlugin:80 - create IPUIPlugin
2024-06-05 03:24:25,668 [INFO] IPUIPlugin:80 - create IPUIPlugin
2024-06-05 03:24:25,668 [INFO] IPUIPlugin:80 - create IPUIPlugin
2024-06-05 03:24:25,668 [INFO] IPUIPlugin:80 - create IPUIPlugin
2024-06-05 03:24:25,669 [INFO] IPUIPlugin:80 - create IPUIPlugin
2024-06-05 03:24:25,669 [INFO] IPUIPlugin:80 - create IPUIPlugin
2024-06-05 03:24:25,669 [INFO] IPUIPlugin:80 - create IPUIPlugin
2024-06-05 03:24:25,669 [INFO] IPUIPlugin:80 - create IPUIPlugin
2024-06-05 03:24:25,669 [INFO] IPUIPlugin:80 - create IPUIPlugin
2024-06-05 03:24:25,669 [INFO] IPUIPlugin:80 - create IPUIPlugin
2024-06-05 03:24:25,669 [INFO] IPUIPlugin:80 - create IPUIPlugin
2024-06-05 03:24:25,669 [INFO] IPUIPlugin:80 - create IPUIPlugin
2024-06-05 03:24:25,670 [INFO] IPUIPlugin:80 - create IPUIPlugin
2024-06-05 03:24:25,671 [INFO] IPUIPlugin:80 - create IPUIPlugin
2024-06-05 03:24:25,671 [INFO] IPUIPlugin:80 - create IPUIPlugin
2024-06-05 03:24:25,671 [INFO] IPUIPlugin:80 - create IPUIPlugin
2024-06-05 03:24:25,671 [INFO] IPUIPlugin:80 - create IPUIPlugin
2024-06-05 03:24:25,671 [INFO] IPUIPlugin:80 - create IPUIPlugin
2024-06-05 03:24:25,671 [INFO] IPUIPlugin:80 - create IPUIPlugin
2024-06-05 03:24:25,671 [INFO] IPUIPlugin:80 - create IPUIPlugin
2024-06-05 03:24:25,671 [INFO] IPUIPlugin:80 - create IPUIPlugin
2024-06-05 03:24:25,672 [INFO] IPUIPlugin:80 - create IPUIPlugin
2024-06-05 03:24:25,672 [INFO] IPUIPlugin:80 - create IPUIPlugin
2024-06-05 03:24:25,672 [INFO] IPUIPlugin:80 - create IPUIPlugin
2024-06-05 03:24:25,672 [INFO] IPUIPlugin:80 - create IPUIPlugin
2024-06-05 03:24:25,672 [INFO] IPUIPlugin:80 - create IPUIPlugin
2024-06-05 03:24:25,673 [INFO] IPUIPlugin:80 - create IPUIPlugin
2024-06-05 03:24:25,673 [INFO] IPUIPlugin:80 - create IPUIPlugin
2024-06-05 03:24:25,673 [INFO] IPUIPlugin:80 - create IPUIPlugin
2024-06-05 03:24:25,673 [INFO] IPUIPlugin:80 - create IPUIPlugin
2024-06-05 03:24:25,673 [INFO] IPUIPlugin:80 - create IPUIPlugin
2024-06-05 03:24:25,674 [INFO] IPUIPlugin:80 - create IPUIPlugin
2024-06-05 03:24:25,674 [INFO] IPUIPlugin:80 - create IPUIPlugin
2024-06-05 03:24:25,674 [INFO] IPUIPlugin:80 - create IPUIPlugin
2024-06-05 03:24:25,674 [INFO] IPUIPlugin:80 - create IPUIPlugin
2024-06-05 03:24:25,675 [INFO] IPUIPlugin:80 - create IPUIPlugin
2024-06-05 03:24:25,675 [INFO] IPUIPlugin:80 - create IPUIPlugin
2024-06-05 03:24:25,675 [INFO] IPUIPlugin:80 - create IPUIPlugin
2024-06-05 03:24:25,676 [INFO] IPUIPlugin:80 - create IPUIPlugin
2024-06-05 03:24:25,676 [INFO] IPUIPlugin:80 - create IPUIPlugin
2024-06-05 03:24:25,676 [INFO] IPUIPlugin:80 - create IPUIPlugin
2024-06-05 03:24:25,676 [INFO] IPUIPlugin:80 - create IPUIPlugin
2024-06-05 03:24:25,917 [INFO] CADModel:165 - CPN selected for project levelSTM32G474RET3
2024-06-05 03:24:25,918 [INFO] CADModel:114 - Register for checkConnection events
2024-06-05 03:24:25,976 [INFO] OpenFileManager:343 - Restore cursor
2024-06-05 03:24:39,493 [INFO] ADCParametersView:116 -                Rank 1 : false
2024-06-05 03:24:39,558 [INFO] ADCParametersView:116 -                Rank 1 : false
2024-06-05 03:24:39,559 [INFO] ADCParametersView:116 -                Rank 1 : false
2024-06-05 03:24:39,559 [INFO] ADCParametersView:116 -                Rank 1 : false
2024-06-05 03:24:39,559 [INFO] ADCParametersView:116 -                Rank 1 : false
2024-06-05 03:24:39,559 [INFO] ADCParametersView:116 -                Rank 1 : false
2024-06-05 03:24:39,559 [INFO] ADCParametersView:116 -                Rank 1 : false
2024-06-05 03:24:39,559 [INFO] ADCParametersView:116 -                Rank 1 : false
2024-06-05 03:24:39,560 [INFO] ADCParametersView:116 -                Rank 1 : false
2024-06-05 03:24:39,560 [INFO] ADCParametersView:116 -                Rank 1 : false
2024-06-05 03:24:39,560 [INFO] ADCParametersView:116 -                Rank 1 : false
2024-06-05 03:24:39,560 [INFO] ADCParametersView:116 -                Rank 1 : false
2024-06-05 03:24:39,560 [INFO] ADCParametersView:116 -                Rank 1 : false
2024-06-05 03:24:39,560 [INFO] ADCParametersView:116 -                Rank 1 : false
2024-06-05 03:24:39,560 [INFO] ADCParametersView:116 -                Rank 1 : false
2024-06-05 03:24:39,560 [INFO] ADCParametersView:116 -                Rank 1 : false
2024-06-05 03:24:39,560 [INFO] ADCParametersView:116 -                Rank 1 : false
2024-06-05 03:24:39,560 [INFO] ADCParametersView:116 -                Rank 1 : false
2024-06-05 03:24:39,560 [INFO] ADCParametersView:116 -                Rank 1 : false
2024-06-05 03:24:39,560 [INFO] ADCParametersView:116 -                Rank 1 : false
2024-06-05 03:24:39,560 [INFO] ADCParametersView:116 -                Rank 1 : false
2024-06-05 03:24:39,560 [INFO] ADCParametersView:116 -                Rank 1 : false
2024-06-05 03:24:39,560 [INFO] ADCParametersView:116 -                Rank 1 : false
2024-06-05 03:24:39,561 [INFO] ADCParametersView:116 -                Rank 1 : false
2024-06-05 03:24:39,561 [INFO] ADCParametersView:116 -                Rank 1 : false
2024-06-05 03:24:39,561 [INFO] ADCParametersView:116 -                Rank 1 : false
2024-06-05 03:24:39,571 [INFO] ADCParametersView:116 -                Rank 1 : false
2024-06-05 03:24:43,355 [INFO] ADCParametersView:116 -                Rank 1 : false
2024-06-05 03:24:43,386 [INFO] ADCParametersView:116 -                Rank 1 : false
2024-06-05 03:24:43,386 [INFO] ADCParametersView:116 -                Rank 1 : false
2024-06-05 03:24:43,386 [INFO] ADCParametersView:116 -                Rank 1 : false
2024-06-05 03:24:43,386 [INFO] ADCParametersView:116 -                Rank 1 : false
2024-06-05 03:24:43,386 [INFO] ADCParametersView:116 -                Rank 1 : false
2024-06-05 03:24:43,387 [INFO] ADCParametersView:116 -                Rank 1 : false
2024-06-05 03:24:43,387 [INFO] ADCParametersView:116 -                Rank 1 : false
2024-06-05 03:24:43,387 [INFO] ADCParametersView:116 -                Rank 1 : false
2024-06-05 03:24:43,387 [INFO] ADCParametersView:116 -                Rank 1 : false
2024-06-05 03:24:43,387 [INFO] ADCParametersView:116 -                Rank 1 : false
2024-06-05 03:24:43,387 [INFO] ADCParametersView:116 -                Rank 1 : false
2024-06-05 03:24:43,387 [INFO] ADCParametersView:116 -                Rank 1 : false
2024-06-05 03:24:43,387 [INFO] ADCParametersView:116 -                Rank 1 : false
2024-06-05 03:24:43,387 [INFO] ADCParametersView:116 -                Rank 1 : false
2024-06-05 03:24:43,387 [INFO] ADCParametersView:116 -                Rank 1 : false
2024-06-05 03:24:43,387 [INFO] ADCParametersView:116 -                Rank 1 : false
2024-06-05 03:24:43,387 [INFO] ADCParametersView:116 -                Rank 1 : false
2024-06-05 03:24:43,387 [INFO] ADCParametersView:116 -                Rank 1 : false
2024-06-05 03:24:43,388 [INFO] ADCParametersView:116 -                Rank 1 : false
2024-06-05 03:24:43,388 [INFO] ADCParametersView:116 -                Rank 1 : false
2024-06-05 03:24:43,388 [INFO] ADCParametersView:116 -                Rank 1 : false
2024-06-05 03:24:43,397 [INFO] ADCParametersView:116 -                Rank 1 : false
2024-06-05 03:44:43,532 [INFO] NvicIntPanel:101 - NVIC parent = com.st.microxplorer.plugins.ip.nvic.MultiNvicIntPanel[,0,0,0x0,invalid,layout=javax.swing.BoxLayout,alignmentX=0.0,alignmentY=0.0,border=,flags=9,maximumSize=,minimumSize=,preferredSize=]
2024-06-05 04:32:30,251 [ERROR] LogOutputStream:75 - [STDERR_REDIRECT] 
2024-06-05 04:32:30,251 [ERROR] LogOutputStream:75 - [STDERR_REDIRECT] 
2024-06-05 16:58:23,265 [INFO] Activator:176 - 


2024-06-05 16:58:23,265 [INFO] Activator:177 - !SESSION log4j initialized
2024-06-05 16:58:28,795 [INFO] LogOutputStream:77 - [STDOUT_REDIRECT] 
2024-06-05 16:58:30,502 [INFO] ApplicationProperties:184 - Using Application install path: C:\ST\STM32CubeIDE_1.10.1\STM32CubeIDE\plugins\com.st.stm32cube.common.mx_6.11.1.202404110753
2024-06-05 16:58:30,516 [INFO] DbMcusXml:78 - Set database path to: C:\ST\STM32CubeIDE_1.10.1\STM32CubeIDE\plugins\com.st.stm32cube.common.mx_6.11.1.202404110753\\db\/mcu/
2024-06-05 16:58:30,516 [INFO] ApiDb:274 - Set plugin database path to: C:\ST\STM32CubeIDE_1.10.1\STM32CubeIDE\plugins\com.st.stm32cube.common.mx_6.11.1.202404110753\\db\/plugins/boardmanager/
2024-06-05 16:58:30,516 [WARN] ApiDb:259 - Overriding images path with different value:  => C:\ST\STM32CubeIDE_1.10.1\STM32CubeIDE\plugins\com.st.stm32cube.common.mx_6.11.1.202404110753\\db\/plugins/mcufinder/images/
2024-06-05 16:58:30,522 [INFO] ApiDb:250 - Set database path to: C:\Users\saksh\.stmcufinder\plugins\mcufinder//mcu/
2024-06-05 16:58:30,523 [INFO] DbMcusAds:125 - Set database path to: C:\Users\saksh\.stmcufinder\plugins\mcufinder//mcu/
2024-06-05 16:58:30,525 [INFO] CrossReferenceDbSqlite:203 - Set database path to: C:\Users\saksh\.stmcufinder\plugins\mcufinder//mcu/cs/
2024-06-05 16:58:30,627 [INFO] RulesReader:64 - Compatibility file has been processed (297 Rules)
2024-06-05 16:58:30,696 [INFO] DbMcusXml:78 - Set database path to: C:\ST\STM32CubeIDE_1.10.1\STM32CubeIDE\plugins\com.st.stm32cube.common.mx_6.11.1.202404110753\\db\/mcu/
2024-06-05 16:58:30,696 [INFO] ApiDb:274 - Set plugin database path to: C:\ST\STM32CubeIDE_1.10.1\STM32CubeIDE\plugins\com.st.stm32cube.common.mx_6.11.1.202404110753\\db\/plugins/boardmanager/
2024-06-05 16:58:30,697 [INFO] ApiDb:261 - Set plugin images path to: C:\ST\STM32CubeIDE_1.10.1\STM32CubeIDE\plugins\com.st.stm32cube.common.mx_6.11.1.202404110753\\db\/plugins/mcufinder/images/
2024-06-05 16:58:30,697 [WARN] DbFile:41 - Overriding database path with different value: C:\Users\saksh\.stmcufinder\plugins\mcufinder/ => C:\Users\saksh\.stmcufinder\plugins\mcufinder
2024-06-05 16:58:30,697 [INFO] ApiDb:250 - Set database path to: C:\Users\saksh\.stmcufinder\plugins\mcufinder//mcu/
2024-06-05 16:58:30,697 [WARN] DbFile:41 - Overriding database path with different value: C:\Users\saksh\.stmcufinder\plugins\mcufinder/ => C:\Users\saksh\.stmcufinder\plugins\mcufinder
2024-06-05 16:58:30,697 [INFO] DbMcusAds:125 - Set database path to: C:\Users\saksh\.stmcufinder\plugins\mcufinder//mcu/
2024-06-05 16:58:30,697 [WARN] DbFile:41 - Overriding database path with different value: C:\Users\saksh\.stmcufinder\plugins\mcufinder/ => C:\Users\saksh\.stmcufinder\plugins\mcufinder
2024-06-05 16:58:30,697 [WARN] DbFile:41 - Overriding database path with different value: C:\Users\saksh\.stmcufinder\plugins\mcufinder/ => C:\Users\saksh\.stmcufinder\plugins\mcufinder
2024-06-05 16:58:30,697 [INFO] CrossReferenceDbSqlite:203 - Set database path to: C:\Users\saksh\.stmcufinder\plugins\mcufinder//mcu/cs/
2024-06-05 16:58:30,707 [INFO] McuFinderGlobals:63 - Set McuFinder mode to 2 (CubeIDE integrated)
2024-06-05 16:58:30,762 [INFO] MainPanel:264 - HeapMemory: 268435456
2024-06-05 16:58:30,829 [INFO] DbMcusXml:78 - Set database path to: C:\ST\STM32CubeIDE_1.10.1\STM32CubeIDE\plugins\com.st.stm32cube.common.mx_6.11.1.202404110753\\db\/mcu/
2024-06-05 16:58:30,829 [INFO] ApiDb:274 - Set plugin database path to: C:\ST\STM32CubeIDE_1.10.1\STM32CubeIDE\plugins\com.st.stm32cube.common.mx_6.11.1.202404110753\\db\/plugins/boardmanager/
2024-06-05 16:58:30,829 [INFO] ApiDb:261 - Set plugin images path to: C:\ST\STM32CubeIDE_1.10.1\STM32CubeIDE\plugins\com.st.stm32cube.common.mx_6.11.1.202404110753\\db\/plugins/mcufinder/images/
2024-06-05 16:58:30,830 [WARN] DbFile:41 - Overriding database path with different value: C:\Users\saksh\.stmcufinder\plugins\mcufinder/ => C:\Users\saksh\.stmcufinder\plugins\mcufinder
2024-06-05 16:58:30,830 [INFO] ApiDb:250 - Set database path to: C:\Users\saksh\.stmcufinder\plugins\mcufinder//mcu/
2024-06-05 16:58:30,830 [WARN] DbFile:41 - Overriding database path with different value: C:\Users\saksh\.stmcufinder\plugins\mcufinder/ => C:\Users\saksh\.stmcufinder\plugins\mcufinder
2024-06-05 16:58:30,830 [INFO] DbMcusAds:125 - Set database path to: C:\Users\saksh\.stmcufinder\plugins\mcufinder//mcu/
2024-06-05 16:58:30,830 [WARN] DbFile:41 - Overriding database path with different value: C:\Users\saksh\.stmcufinder\plugins\mcufinder/ => C:\Users\saksh\.stmcufinder\plugins\mcufinder
2024-06-05 16:58:30,830 [WARN] DbFile:41 - Overriding database path with different value: C:\Users\saksh\.stmcufinder\plugins\mcufinder/ => C:\Users\saksh\.stmcufinder\plugins\mcufinder
2024-06-05 16:58:30,830 [INFO] CrossReferenceDbSqlite:203 - Set database path to: C:\Users\saksh\.stmcufinder\plugins\mcufinder//mcu/cs/
2024-06-05 16:58:30,842 [INFO] ApplicationProperties:184 - Using Application install path: C:\ST\STM32CubeIDE_1.10.1\STM32CubeIDE\plugins\com.st.stm32cube.common.mx_6.11.1.202404110753
2024-06-05 16:58:30,844 [INFO] PluginManage:196 - Search for loadable plugins [exclusion list=, ]
2024-06-05 16:58:30,845 [INFO] PluginManage:310 - Check plugin analytics
2024-06-05 16:58:30,956 [INFO] AnalyticsPlugin:253 - Accepted Software Licenses: 
2024-06-05 16:58:30,956 [INFO] AnalyticsPlugin:255 - Accepted CMSIS Pack Licenses: 
2024-06-05 16:58:30,956 [INFO] AnalyticsPlugin:257 - Accepted Firmware Licenses: FW.H7.1.10.0,FW.G4.1.5.0
2024-06-05 16:58:30,958 [INFO] PluginManage:359 - Loaded plugin analytics (category:tool,tabindex:-1)
2024-06-05 16:58:30,959 [INFO] PluginManage:310 - Check plugin cadmodel
2024-06-05 16:58:30,972 [INFO] CADModel:105 - Init CAD model plugin
2024-06-05 16:58:30,972 [INFO] PluginManage:359 - Loaded plugin cadmodel (category:power,tabindex:5)
2024-06-05 16:58:30,972 [INFO] PluginManage:310 - Check plugin clock
2024-06-05 16:58:30,990 [INFO] PluginManage:359 - Loaded plugin clock (category:base,tabindex:2)
2024-06-05 16:58:30,990 [INFO] PluginManage:310 - Check plugin ddr
2024-06-05 16:58:30,992 [INFO] PluginManage:359 - Loaded plugin ddr (category:tool,tabindex:6)
2024-06-05 16:58:30,992 [INFO] PluginManage:310 - Check plugin filemanager
2024-06-05 16:58:31,095 [INFO] PluginManage:359 - Loaded plugin filemanager (category:base,tabindex:10)
2024-06-05 16:58:31,095 [INFO] PluginManage:310 - Check plugin ipmanager
2024-06-05 16:58:31,101 [INFO] PluginManage:359 - Loaded plugin ipmanager (category:base,tabindex:5)
2024-06-05 16:58:31,101 [INFO] PluginManage:310 - Check plugin lpbam
2024-06-05 16:58:31,117 [INFO] PluginManage:359 - Loaded plugin lpbam (category:base,tabindex:0)
2024-06-05 16:58:31,117 [INFO] PluginManage:310 - Check plugin memorymap
2024-06-05 16:58:31,135 [INFO] PluginManage:359 - Loaded plugin memorymap (category:base,tabindex:4)
2024-06-05 16:58:31,135 [INFO] PluginManage:310 - Check plugin pinoutandconfiguration
2024-06-05 16:58:31,150 [INFO] PluginManage:359 - Loaded plugin pinoutandconfiguration (category:base,tabindex:1)
2024-06-05 16:58:31,150 [INFO] PluginManage:310 - Check plugin pinoutconfig
2024-06-05 16:58:31,218 [WARN] SupportedApi:132 - Cannot load RTOS API schema: s4s-elt-must-match.1: The content of 'definitions' must match (annotation?, (simpleType | complexType)?, (unique | key | keyref)*)). A problem was found starting at: attribute.
2024-06-05 16:58:31,312 [INFO] PluginManage:359 - Loaded plugin pinoutconfig (category:base,tabindex:0)
2024-06-05 16:58:31,313 [INFO] PluginManage:310 - Check plugin power
2024-06-05 16:58:31,327 [INFO] PluginManage:359 - Loaded plugin power (category:power,tabindex:4)
2024-06-05 16:58:31,328 [INFO] PluginManage:310 - Check plugin projectmanager
2024-06-05 16:58:31,340 [INFO] PluginManage:359 - Loaded plugin projectmanager (category:projectmanager,tabindex:3)
2024-06-05 16:58:31,340 [INFO] PluginManage:310 - Check plugin thirdparty
2024-06-05 16:58:31,577 [INFO] PluginManage:359 - Loaded plugin thirdparty (category:base,tabindex:-1)
2024-06-05 16:58:31,578 [INFO] PluginManage:310 - Check plugin tools
2024-06-05 16:58:31,578 [WARN] IntegrityCheckThread:84 - waiting for thirdparty lock release [integrity check]
2024-06-05 16:58:31,578 [INFO] IntegrityCheckThread:86 - entering critical section [integrity check]
2024-06-05 16:58:31,578 [INFO] ThirdPartyUpdaterWithRetryManager:70 - Updater plugin not ready yet. [1/15]
2024-06-05 16:58:31,607 [INFO] PluginManage:359 - Loaded plugin tools (category:base,tabindex:7)
2024-06-05 16:58:31,607 [INFO] PluginManage:310 - Check plugin tutovideos
2024-06-05 16:58:31,755 [INFO] PluginManage:359 - Loaded plugin tutovideos (category:base,tabindex:-1)
2024-06-05 16:58:31,755 [INFO] PluginManage:310 - Check plugin updater
2024-06-05 16:58:31,764 [INFO] PluginManage:359 - Loaded plugin updater (category:base,tabindex:12)
2024-06-05 16:58:31,765 [INFO] PluginManage:310 - Check plugin userauth
2024-06-05 16:58:31,768 [INFO] UserAuth:114 - Init User Auth plugin
2024-06-05 16:58:31,768 [INFO] PluginManage:359 - Loaded plugin userauth (category:base,tabindex:14)
2024-06-05 16:58:31,769 [INFO] PluginManage:283 - PluginManage : Loaded plugins [17]
2024-06-05 16:58:31,923 [INFO] PinOutPanel:1561 - setPackage(No Configuration,No Configuration)
2024-06-05 16:58:31,977 [INFO] CADModel:165 - CPN selected for project level
2024-06-05 16:58:31,977 [INFO] CADModel:114 - Register for checkConnection events
2024-06-05 16:58:31,996 [INFO] IPUIPlugin:80 - create IPUIPlugin
2024-06-05 16:58:31,996 [INFO] PluginManager:220 - loadIPPluginJar : add adc
2024-06-05 16:58:32,028 [INFO] IPUIPlugin:80 - create IPUIPlugin
2024-06-05 16:58:32,028 [INFO] PluginManager:220 - loadIPPluginJar : add aes
2024-06-05 16:58:32,063 [INFO] IPUIPlugin:80 - create IPUIPlugin
2024-06-05 16:58:32,063 [INFO] PluginManager:220 - loadIPPluginJar : add can
2024-06-05 16:58:32,082 [INFO] IPUIPlugin:80 - create IPUIPlugin
2024-06-05 16:58:32,082 [INFO] PluginManager:220 - loadIPPluginJar : add comp
2024-06-05 16:58:32,109 [INFO] IPUIPlugin:80 - create IPUIPlugin
2024-06-05 16:58:32,109 [INFO] PluginManager:220 - loadIPPluginJar : add cryp
2024-06-05 16:58:32,133 [INFO] IPUIPlugin:80 - create IPUIPlugin
2024-06-05 16:58:32,133 [INFO] PluginManager:220 - loadIPPluginJar : add dfsdm
2024-06-05 16:58:32,143 [INFO] IPUIPlugin:80 - create IPUIPlugin
2024-06-05 16:58:32,143 [INFO] PluginManager:220 - loadIPPluginJar : add dma
2024-06-05 16:58:32,177 [INFO] IPUIPlugin:80 - create IPUIPlugin
2024-06-05 16:58:32,177 [INFO] PluginManager:220 - loadIPPluginJar : add dma3
2024-06-05 16:58:32,215 [INFO] IPUIPlugin:80 - create IPUIPlugin
2024-06-05 16:58:32,215 [INFO] PluginManager:220 - loadIPPluginJar : add extmemmanager
2024-06-05 16:58:32,233 [INFO] IPUIPlugin:80 - create IPUIPlugin
2024-06-05 16:58:32,234 [INFO] PluginManager:220 - loadIPPluginJar : add fatfs
2024-06-05 16:58:32,277 [INFO] IPUIPlugin:80 - create IPUIPlugin
2024-06-05 16:58:32,277 [INFO] PluginManager:220 - loadIPPluginJar : add fmc
2024-06-05 16:58:32,289 [INFO] IPUIPlugin:80 - create IPUIPlugin
2024-06-05 16:58:32,290 [INFO] PluginManager:220 - loadIPPluginJar : add freertos
2024-06-05 16:58:32,308 [INFO] IPUIPlugin:80 - create IPUIPlugin
2024-06-05 16:58:32,308 [INFO] PluginManager:220 - loadIPPluginJar : add genericplugin
2024-06-05 16:58:32,387 [INFO] IPUIPlugin:80 - create IPUIPlugin
2024-06-05 16:58:32,387 [INFO] PluginManager:220 - loadIPPluginJar : add gfxmmu
2024-06-05 16:58:32,496 [INFO] IPUIPlugin:80 - create IPUIPlugin
2024-06-05 16:58:32,496 [INFO] PluginManager:220 - loadIPPluginJar : add gic
2024-06-05 16:58:32,507 [INFO] IPUIPlugin:80 - create IPUIPlugin
2024-06-05 16:58:32,507 [INFO] PluginManager:220 - loadIPPluginJar : add gpio
2024-06-05 16:58:32,586 [INFO] IPUIPlugin:80 - create IPUIPlugin
2024-06-05 16:58:32,586 [INFO] PluginManager:220 - loadIPPluginJar : add gtzc
2024-06-05 16:58:32,613 [INFO] IPUIPlugin:80 - create IPUIPlugin
2024-06-05 16:58:32,613 [INFO] PluginManager:220 - loadIPPluginJar : add hash
2024-06-05 16:58:32,654 [INFO] IPUIPlugin:80 - create IPUIPlugin
2024-06-05 16:58:32,654 [INFO] PluginManager:220 - loadIPPluginJar : add i2c
2024-06-05 16:58:32,687 [INFO] IPUIPlugin:80 - create IPUIPlugin
2024-06-05 16:58:32,687 [INFO] PluginManager:220 - loadIPPluginJar : add i2s
2024-06-05 16:58:32,723 [INFO] IPUIPlugin:80 - create IPUIPlugin
2024-06-05 16:58:32,723 [INFO] PluginManager:220 - loadIPPluginJar : add i3c
2024-06-05 16:58:32,816 [INFO] IPUIPlugin:80 - create IPUIPlugin
2024-06-05 16:58:32,816 [INFO] PluginManager:220 - loadIPPluginJar : add ipddr
2024-06-05 16:58:32,894 [INFO] IPUIPlugin:80 - create IPUIPlugin
2024-06-05 16:58:32,894 [INFO] PluginManager:220 - loadIPPluginJar : add linkedlist
2024-06-05 16:58:32,924 [INFO] IPUIPlugin:80 - create IPUIPlugin
2024-06-05 16:58:32,924 [INFO] PluginManager:220 - loadIPPluginJar : add lorawan
2024-06-05 16:58:32,960 [INFO] IPUIPlugin:80 - create IPUIPlugin
2024-06-05 16:58:32,961 [INFO] PluginManager:220 - loadIPPluginJar : add ltdc
2024-06-05 16:58:32,971 [INFO] IPUIPlugin:80 - create IPUIPlugin
2024-06-05 16:58:32,971 [INFO] PluginManager:220 - loadIPPluginJar : add mdma
2024-06-05 16:58:32,980 [INFO] IPUIPlugin:80 - create IPUIPlugin
2024-06-05 16:58:32,980 [INFO] PluginManager:220 - loadIPPluginJar : add nvic
2024-06-05 16:58:33,012 [INFO] IPUIPlugin:80 - create IPUIPlugin
2024-06-05 16:58:33,012 [INFO] PluginManager:220 - loadIPPluginJar : add opamp
2024-06-05 16:58:33,065 [INFO] IPUIPlugin:80 - create IPUIPlugin
2024-06-05 16:58:33,065 [INFO] PluginManager:220 - loadIPPluginJar : add openamp
2024-06-05 16:58:33,099 [INFO] IPUIPlugin:80 - create IPUIPlugin
2024-06-05 16:58:33,099 [INFO] PluginManager:220 - loadIPPluginJar : add pdm2pcm
2024-06-05 16:58:33,110 [INFO] IPUIPlugin:80 - create IPUIPlugin
2024-06-05 16:58:33,112 [INFO] PluginManager:220 - loadIPPluginJar : add plateformsettings
2024-06-05 16:58:33,128 [INFO] IPUIPlugin:80 - create IPUIPlugin
2024-06-05 16:58:33,129 [INFO] PluginManager:220 - loadIPPluginJar : add quadspi
2024-06-05 16:58:33,138 [INFO] IPUIPlugin:80 - create IPUIPlugin
2024-06-05 16:58:33,139 [INFO] PluginManager:220 - loadIPPluginJar : add resmgrutility
2024-06-05 16:58:33,176 [INFO] IPUIPlugin:80 - create IPUIPlugin
2024-06-05 16:58:33,176 [INFO] PluginManager:220 - loadIPPluginJar : add sai
2024-06-05 16:58:33,210 [INFO] IPUIPlugin:80 - create IPUIPlugin
2024-06-05 16:58:33,210 [INFO] PluginManager:220 - loadIPPluginJar : add spi
2024-06-05 16:58:33,268 [INFO] IPUIPlugin:80 - create IPUIPlugin
2024-06-05 16:58:33,268 [INFO] PluginManager:220 - loadIPPluginJar : add stm32_wpan
2024-06-05 16:58:33,286 [INFO] IPUIPlugin:80 - create IPUIPlugin
2024-06-05 16:58:33,286 [INFO] PluginManager:220 - loadIPPluginJar : add tim
2024-06-05 16:58:33,336 [INFO] IPUIPlugin:80 - create IPUIPlugin
2024-06-05 16:58:33,336 [INFO] PluginManager:220 - loadIPPluginJar : add touchsensing
2024-06-05 16:58:33,354 [INFO] IPUIPlugin:80 - create IPUIPlugin
2024-06-05 16:58:33,354 [INFO] PluginManager:220 - loadIPPluginJar : add tracer_emb
2024-06-05 16:58:33,374 [INFO] IPUIPlugin:80 - create IPUIPlugin
2024-06-05 16:58:33,374 [INFO] PluginManager:220 - loadIPPluginJar : add ts
2024-06-05 16:58:33,392 [INFO] IPUIPlugin:80 - create IPUIPlugin
2024-06-05 16:58:33,392 [INFO] PluginManager:220 - loadIPPluginJar : add tsc
2024-06-05 16:58:33,410 [INFO] IPUIPlugin:80 - create IPUIPlugin
2024-06-05 16:58:33,410 [INFO] PluginManager:220 - loadIPPluginJar : add ucpd
2024-06-05 16:58:33,448 [INFO] IPUIPlugin:80 - create IPUIPlugin
2024-06-05 16:58:33,449 [INFO] PluginManager:220 - loadIPPluginJar : add usart
2024-06-05 16:58:33,485 [INFO] IPUIPlugin:80 - create IPUIPlugin
2024-06-05 16:58:33,485 [INFO] PluginManager:220 - loadIPPluginJar : add usbx
2024-06-05 16:58:33,598 [INFO] CADModel:165 - CPN selected for project level
2024-06-05 16:58:33,598 [INFO] CADModel:114 - Register for checkConnection events
2024-06-05 16:58:33,598 [FATAL] Updater:308 - Updater called before beeing initialized
2024-06-05 16:58:33,598 [ERROR] CADModel:125 - Updater not yet initialized, retry later 
2024-06-05 16:58:33,713 [INFO] CADModel:165 - CPN selected for project level
2024-06-05 16:58:33,713 [INFO] CADModel:114 - Register for checkConnection events
2024-06-05 16:58:33,713 [FATAL] Updater:308 - Updater called before beeing initialized
2024-06-05 16:58:33,713 [ERROR] CADModel:125 - Updater not yet initialized, retry later 
2024-06-05 16:58:33,717 [FATAL] Updater:308 - Updater called before beeing initialized
2024-06-05 16:58:33,828 [FATAL] Updater:308 - Updater called before beeing initialized
2024-06-05 16:58:33,837 [INFO] DbMcusAds:53 - JSON generation date=Thu May 16 14:52:00 IST 2024 (1715851320852)
2024-06-05 16:58:33,837 [FATAL] Updater:308 - Updater called before beeing initialized
2024-06-05 16:58:33,901 [WARN] DetailPanel:346 - Failed to get advertising image, set to default
2024-06-05 16:58:33,971 [FATAL] Updater:308 - Updater called before beeing initialized
2024-06-05 16:58:33,973 [FATAL] Updater:308 - Updater called before beeing initialized
2024-06-05 16:58:33,973 [FATAL] Updater:308 - Updater called before beeing initialized
2024-06-05 16:58:33,973 [WARN] DetailPanel:346 - Failed to get advertising image, set to default
2024-06-05 16:58:33,974 [FATAL] Updater:308 - Updater called before beeing initialized
2024-06-05 16:58:34,022 [ERROR] Updater:1120 - MainUpdater not yet initialized. External WinMGr cannot be set.
2024-06-05 16:58:34,032 [INFO] Updater:1056 - Updater Version found : 6.11.1
2024-06-05 16:58:34,046 [INFO] ApplicationProperties:184 - Using Application install path: C:\ST\STM32CubeIDE_1.10.1\STM32CubeIDE\plugins\com.st.stm32cube.common.mx_6.11.1.202404110753
2024-06-05 16:58:34,580 [INFO] ThirdPartyUpdaterWithRetryManager:70 - Updater plugin not ready yet. [2/15]
2024-06-05 16:58:35,621 [ERROR] LogOutputStream:75 - [STDERR_REDIRECT] Jun 05, 2024 4:58:35 PM java.util.prefs.WindowsPreferences <init>
2024-06-05 16:58:35,621 [ERROR] LogOutputStream:75 - [STDERR_REDIRECT] WARNING: Could not open/create prefs root node Software\JavaSoft\Prefs at root 0xffffffff80000002. Windows RegCreateKeyEx(...) returned error code 5.
2024-06-05 16:58:35,621 [ERROR] LogOutputStream:75 - [STDERR_REDIRECT] 
2024-06-05 16:58:36,605 [INFO] MainUpdater:2873 - connection check result : 10
2024-06-05 16:58:36,606 [INFO] MainUpdater:290 - Updater Check For Update Now.
2024-06-05 16:58:36,606 [INFO] MicroXplorer:498 - Change Database Version : DB.6.0.111
2024-06-05 16:58:36,621 [INFO] McuFinderGlobals:63 - Set McuFinder mode to 2 (CubeIDE integrated)
2024-06-05 16:58:36,621 [INFO] UserAuth:179 - activating auth plugin
2024-06-05 16:58:36,624 [INFO] UserAuth:415 - Internet connection configuration mode: 1
2024-06-05 16:58:36,654 [INFO] JxBrowserEngine:152 - Initiate JxBrowser Engine with user profile folder
2024-06-05 16:58:36,798 [INFO] CheckServerUpdateThread:120 - End of CheckServer Thread
2024-06-05 16:58:36,833 [INFO] MainUpdater:2873 - connection check result : 10
2024-06-05 16:58:36,838 [INFO] MainUpdater:2873 - connection check result : 10
2024-06-05 16:58:36,978 [INFO] MicroXplorer:468 - Change Database Path : 
2024-06-05 16:58:36,979 [INFO] MicroXplorer:498 - Change Database Version : DB.6.0.111
2024-06-05 16:58:36,986 [WARN] ThirdParty:871 - waiting for thirdparty lock release [close project]
2024-06-05 16:58:37,715 [WARN] PackLoader:240 - Cannot read IP mode file for STMicroelectronics.FP-SNS-MOTENVWB1.1.4.0
2024-06-05 16:58:37,728 [WARN] PackLoader:240 - Cannot read IP mode file for STMicroelectronics.X-CUBE-SMBUS.2.1.0
2024-06-05 16:58:37,737 [WARN] PackLoader:240 - Cannot read IP mode file for STMicroelectronics.X-CUBE-TOUCHGFX.4.23.1
2024-06-05 16:58:37,744 [WARN] PackLoader:240 - Cannot read IP mode file for STMicroelectronics.X-CUBE-TOUCHGFX.4.23.0
2024-06-05 16:58:37,752 [WARN] PackLoader:240 - Cannot read IP mode file for STMicroelectronics.X-CUBE-TOUCHGFX.4.23.2
2024-06-05 16:58:37,794 [WARN] PackLoader:240 - Cannot read IP mode file for STMicroelectronics.X-CUBE-AZRTOS-F7.1.1.0
2024-06-05 16:58:37,811 [ERROR] RealEvaluatedCondition:428 - Found unsupported composite condition: GROUP='STM32_MetaDataManager' CLASS='Data Exchange'
2024-06-05 16:58:37,811 [ERROR] RealEvaluatedCondition:428 - Found unsupported composite condition: GROUP='STM32_MetaDataManager' CLASS='Data Exchange'
2024-06-05 16:58:37,813 [WARN] PackLoader:240 - Cannot read IP mode file for STMicroelectronics.FP-SNS-MOTENV1.4.3.0
2024-06-05 16:58:37,835 [WARN] PackLoader:240 - Cannot read IP mode file for STMicroelectronics.FP-SNS-MOTENV1.4.3.2
2024-06-05 16:58:37,849 [WARN] PackLoader:240 - Cannot read IP mode file for STMicroelectronics.FP-SNS-FLIGHT1.5.0.0
2024-06-05 16:58:37,862 [ERROR] RealEvaluatedCondition:428 - Found unsupported composite condition: CLASS='Data Exchange' GROUP='STM32_MetaDataManager'
2024-06-05 16:58:37,862 [ERROR] RealEvaluatedCondition:428 - Found unsupported composite condition: GROUP='STM32_MetaDataManager' CLASS='Data Exchange'
2024-06-05 16:58:37,863 [WARN] PackLoader:240 - Cannot read IP mode file for STMicroelectronics.FP-SNS-MOTENV1.4.3.1
2024-06-05 16:58:37,874 [WARN] PackLoader:240 - Cannot read IP mode file for STMicroelectronics.FP-SNS-FLIGHT1.5.0.1
2024-06-05 16:58:37,887 [WARN] PackLoader:240 - Cannot read IP mode file for STMicroelectronics.X-CUBE-BLE1.6.2.3
2024-06-05 16:58:37,901 [WARN] PackLoader:240 - Cannot read IP mode file for STMicroelectronics.X-CUBE-BLE1.6.2.4
2024-06-05 16:58:37,914 [WARN] PackLoader:240 - Cannot read IP mode file for STMicroelectronics.FP-SNS-FLIGHT1.5.0.2
2024-06-05 16:58:37,929 [WARN] PackLoader:240 - Cannot read IP mode file for STMicroelectronics.X-CUBE-TOF1.3.1.0
2024-06-05 16:58:37,946 [WARN] PackLoader:240 - Cannot read IP mode file for STMicroelectronics.X-CUBE-DISPLAY.3.0.0
2024-06-05 16:58:37,960 [WARN] PackLoader:240 - Cannot read IP mode file for STMicroelectronics.X-CUBE-BLE1.7.0.0
2024-06-05 16:58:37,973 [WARN] PackLoader:240 - Cannot read IP mode file for STMicroelectronics.X-CUBE-TOUCHGFX.4.22.0
2024-06-05 16:58:38,029 [WARN] PackLoader:240 - Cannot read IP mode file for STMicroelectronics.X-CUBE-MEMS1.9.3.0
2024-06-05 16:58:38,268 [WARN] PackLoader:240 - Cannot read IP mode file for STMicroelectronics.X-CUBE-AI.7.2.0
2024-06-05 16:58:38,291 [WARN] PackLoader:240 - Cannot read IP mode file for STMicroelectronics.X-CUBE-BLEMGR.3.1.0
2024-06-05 16:58:38,308 [WARN] PackLoader:240 - Cannot read IP mode file for STMicroelectronics.FP-SNS-SMARTAG2.1.2.0
2024-06-05 16:58:38,332 [INFO] LogOutputStream:77 - [STDOUT_REDIRECT] 1 : Invalid condition id : UX_CORESTACK_Condition cause : null
2024-06-05 16:58:38,333 [INFO] LogOutputStream:77 - [STDOUT_REDIRECT] 1 : Invalid condition id : UX_CORESTACK_Condition cause : null
2024-06-05 16:58:38,334 [INFO] LogOutputStream:77 - [STDOUT_REDIRECT] 1 : Invalid condition id : UX_CORESTACK_Condition cause : null
2024-06-05 16:58:38,335 [INFO] LogOutputStream:77 - [STDOUT_REDIRECT] 1 : Invalid condition id : UX_CORESTACK_Condition cause : null
2024-06-05 16:58:38,335 [INFO] LogOutputStream:77 - [STDOUT_REDIRECT] 1 : Invalid condition id : UX_CORESTACK_Condition cause : null
2024-06-05 16:58:38,338 [WARN] PackLoader:240 - Cannot read IP mode file for STMicroelectronics.X-CUBE-AZRTOS-WL.2.0.0
2024-06-05 16:58:38,354 [WARN] PackLoader:240 - Cannot read IP mode file for STMicroelectronics.FP-SNS-MOTENV1.5.0.0
2024-06-05 16:58:38,367 [WARN] PackLoader:240 - Cannot read IP mode file for wolfSSL.I-CUBE-wolfMQTT.1.19.0
2024-06-05 16:58:38,382 [WARN] PackLoader:240 - Cannot read IP mode file for WES.I-CUBE-Cesium.1.3.0
2024-06-05 16:58:38,396 [WARN] PackLoader:240 - Cannot read IP mode file for STMicroelectronics.X-CUBE-BLE2.3.3.0
2024-06-05 16:58:38,410 [WARN] PackLoader:240 - Cannot read IP mode file for STMicroelectronics.X-CUBE-DISPLAY.2.2.0
2024-06-05 16:58:38,432 [WARN] PackLoader:240 - Cannot read IP mode file for STMicroelectronics.X-CUBE-TOF1.3.2.0
2024-06-05 16:58:38,448 [WARN] PackLoader:240 - Cannot read IP mode file for STMicroelectronics.X-CUBE-ISPU.1.0.0
2024-06-05 16:58:38,478 [WARN] PackLoader:240 - Cannot read IP mode file for STMicroelectronics.X-CUBE-AZRTOS-H7.2.1.0
2024-06-05 16:58:38,494 [WARN] PackLoader:240 - Cannot read IP mode file for STMicroelectronics.X-CUBE-TCPP.4.1.0
2024-06-05 16:58:38,507 [WARN] PackLoader:240 - Cannot read IP mode file for STMicroelectronics.X-CUBE-TOUCHGFX.4.21.1
2024-06-05 16:58:38,518 [WARN] PackLoader:240 - Cannot read IP mode file for STMicroelectronics.X-CUBE-TOUCHGFX.4.21.3
2024-06-05 16:58:38,530 [WARN] PackLoader:240 - Cannot read IP mode file for STMicroelectronics.X-CUBE-TOUCHGFX.4.21.4
2024-06-05 16:58:38,577 [WARN] PackLoader:240 - Cannot read IP mode file for STMicroelectronics.X-CUBE-MEMS1.9.4.0
2024-06-05 16:58:38,673 [WARN] PackLoader:240 - Cannot read IP mode file for STMicroelectronics.X-CUBE-AI.7.3.0
2024-06-05 16:58:38,688 [WARN] PackLoader:240 - Cannot read IP mode file for STMicroelectronics.X-CUBE-ALGOBUILD.1.3.0
2024-06-05 16:58:38,716 [WARN] PackLoader:240 - Cannot read IP mode file for STMicroelectronics.X-CUBE-AZRTOS-G0.1.1.0
2024-06-05 16:58:38,733 [WARN] PackLoader:240 - Cannot read IP mode file for STMicroelectronics.X-CUBE-SAFEA1.1.2.2
2024-06-05 16:58:38,745 [WARN] PackLoader:240 - Cannot read IP mode file for STMicroelectronics.X-CUBE-NFC4.3.0.0
2024-06-05 16:58:38,792 [WARN] PackLoader:240 - Cannot read IP mode file for SEGGER.I-CUBE-embOS.1.2.0
2024-06-05 16:58:38,858 [WARN] PackLoader:240 - Cannot read IP mode file for STMicroelectronics.X-CUBE-BLEMGR.3.0.0
2024-06-05 16:58:38,878 [WARN] PackLoader:240 - Cannot read IP mode file for STMicroelectronics.X-CUBE-BLEMGR.1.3.0
2024-06-05 16:58:38,894 [WARN] PackLoader:240 - Cannot read IP mode file for STMicroelectronics.FP-ATR-SIGFOX1.3.2.0
2024-06-05 16:58:38,912 [WARN] PackLoader:240 - Cannot read IP mode file for STMicroelectronics.X-CUBE-EEPRMA1.5.1.0
2024-06-05 16:58:38,930 [WARN] PackLoader:240 - Cannot read IP mode file for emotas.I-CUBE-CANOPEN.1.1.2
2024-06-05 16:58:38,944 [WARN] PackLoader:240 - Cannot read IP mode file for STMicroelectronics.X-CUBE-TOUCHGFX.4.20.0
2024-06-05 16:58:38,997 [WARN] PackLoader:240 - Cannot read IP mode file for STMicroelectronics.X-CUBE-MEMS1.9.5.0
2024-06-05 16:58:39,096 [WARN] PackLoader:240 - Cannot read IP mode file for SEGGER.I-CUBE-embOS.1.3.1
2024-06-05 16:58:39,148 [WARN] PackLoader:240 - Cannot read IP mode file for STMicroelectronics.X-CUBE-ALGOBUILD.1.4.0
2024-06-05 16:58:39,164 [WARN] PackLoader:240 - Cannot read IP mode file for STMicroelectronics.X-CUBE-GNSS1.6.0.0
2024-06-05 16:58:39,200 [WARN] PackLoader:240 - Cannot read IP mode file for STMicroelectronics.X-CUBE-AZRTOS-F4.1.1.0
2024-06-05 16:58:39,217 [WARN] PackLoader:240 - Cannot read IP mode file for STMicroelectronics.X-CUBE-FREERTOS.1.2.0
2024-06-05 16:58:39,233 [WARN] PackLoader:240 - Cannot read IP mode file for STMicroelectronics.X-CUBE-BLEMGR.1.2.0
2024-06-05 16:58:39,262 [WARN] PackLoader:240 - Cannot read IP mode file for STMicroelectronics.X-CUBE-AZRTOS-L5.2.0.0
2024-06-05 16:58:39,316 [WARN] PackLoader:240 - Cannot read IP mode file for STMicroelectronics.X-CUBE-MEMS1.9.6.0
2024-06-05 16:58:39,450 [WARN] PackLoader:240 - Cannot read IP mode file for STMicroelectronics.X-CUBE-EEPRMA1.4.2.0
2024-06-05 16:58:39,463 [WARN] PackLoader:240 - Cannot read IP mode file for STMicroelectronics.X-CUBE-NFC6.3.1.0
2024-06-05 16:58:39,478 [WARN] PackLoader:240 - Cannot read IP mode file for ITTIA_DB.I-CUBE-ITTIADB.8.8.0
2024-06-05 16:58:39,493 [WARN] PackLoader:240 - Cannot read IP mode file for STMicroelectronics.X-CUBE-BLEMGR.2.0.0
2024-06-05 16:58:39,507 [WARN] PackLoader:240 - Cannot read IP mode file for STMicroelectronics.X-CUBE-NFC4.2.0.4
2024-06-05 16:58:39,519 [WARN] PackLoader:240 - Cannot read IP mode file for STMicroelectronics.X-CUBE-AI.9.0.0
2024-06-05 16:58:39,543 [WARN] ConditionMgr:438 - getConditionDescription Invalid condition id : UX DEVICE CLASS RTOS Condition cause : null
2024-06-05 16:58:39,543 [WARN] ConditionMgr:438 - getConditionDescription Invalid condition id : UX DEVICE CLASS RTOS Condition cause : null
2024-06-05 16:58:39,546 [WARN] PackLoader:240 - Cannot read IP mode file for STMicroelectronics.X-CUBE-AZRTOS-H7.3.1.0
2024-06-05 16:58:39,546 [WARN] ConditionMgr:1039 - genDependencies : Invalid condition id : UX DEVICE CLASS RTOS Condition cause : null
2024-06-05 16:58:39,546 [WARN] ConditionMgr:1039 - genDependencies : Invalid condition id : UX DEVICE CLASS RTOS Condition cause : null
2024-06-05 16:58:39,547 [WARN] ConditionMgr:1039 - genDependencies : Invalid condition id : UX DEVICE CLASS RTOS Condition cause : null
2024-06-05 16:58:39,548 [WARN] ConditionMgr:1039 - genDependencies : Invalid condition id : UX DEVICE CLASS RTOS Condition cause : null
2024-06-05 16:58:39,548 [WARN] ConditionMgr:1039 - genDependencies : Invalid condition id : UX DEVICE CLASS RTOS Condition cause : null
2024-06-05 16:58:39,560 [WARN] PackLoader:240 - Cannot read IP mode file for wolfSSL.I-CUBE-wolfSSL.5.5.0
2024-06-05 16:58:39,571 [WARN] PackLoader:240 - Cannot read IP mode file for STMicroelectronics.X-CUBE-NFC7.1.0.1
2024-06-05 16:58:39,582 [WARN] PackLoader:240 - Cannot read IP mode file for STMicroelectronics.X-CUBE-NFC7.1.0.0
2024-06-05 16:58:39,594 [WARN] PackLoader:240 - Cannot read IP mode file for STMicroelectronics.X-CUBE-NFC6.3.0.0
2024-06-05 16:58:39,605 [WARN] PackLoader:240 - Cannot read IP mode file for STMicroelectronics.X-CUBE-EEPRMA1.4.1.0
2024-06-05 16:58:39,615 [WARN] PackLoader:240 - Cannot read IP mode file for STMicroelectronics.X-CUBE-AI.8.1.0
2024-06-05 16:58:39,638 [WARN] ConditionMgr:438 - getConditionDescription Invalid condition id : LAN8742 Phy interface Condition cause : null
2024-06-05 16:58:39,638 [WARN] PackLoader:240 - Cannot read IP mode file for STMicroelectronics.X-CUBE-AZRTOS-L4.2.0.0
2024-06-05 16:58:39,639 [WARN] ConditionMgr:1039 - genDependencies : Invalid condition id : LAN8742 Phy interface Condition cause : null
2024-06-05 16:58:39,639 [WARN] ConditionMgr:1039 - genDependencies : Invalid condition id : LAN8742 Phy interface Condition cause : null
2024-06-05 16:58:39,639 [WARN] ConditionMgr:1039 - genDependencies : Invalid condition id : LAN8742 Phy interface Condition cause : null
2024-06-05 16:58:39,651 [WARN] PackLoader:240 - Cannot read IP mode file for STMicroelectronics.X-CUBE-SFXS2LP1.4.0.0
2024-06-05 16:58:39,677 [WARN] PackLoader:240 - Cannot read IP mode file for STMicroelectronics.X-CUBE-AZRTOS-H7.3.0.0
2024-06-05 16:58:39,689 [WARN] PackLoader:240 - Cannot read IP mode file for STMicroelectronics.X-CUBE-ISPU.1.1.0
2024-06-05 16:58:39,700 [WARN] PackLoader:240 - Cannot read IP mode file for RoweBots.I-CUBE-UNISONRTOS.5.5.0-4
2024-06-05 16:58:39,709 [WARN] PackLoader:240 - Cannot read IP mode file for STMicroelectronics.X-CUBE-AI.8.0.0
2024-06-05 16:58:39,732 [WARN] ConditionMgr:438 - getConditionDescription Invalid condition id : UX DEVICE CLASS RTOS Condition cause : null
2024-06-05 16:58:39,733 [WARN] ConditionMgr:438 - getConditionDescription Invalid condition id : UX DEVICE CLASS RTOS Condition cause : null
2024-06-05 16:58:39,734 [WARN] PackLoader:240 - Cannot read IP mode file for STMicroelectronics.X-CUBE-AZRTOS-WB.2.0.0
2024-06-05 16:58:39,735 [WARN] ConditionMgr:1039 - genDependencies : Invalid condition id : UX DEVICE CLASS RTOS Condition cause : null
2024-06-05 16:58:39,735 [WARN] ConditionMgr:1039 - genDependencies : Invalid condition id : UX DEVICE CLASS RTOS Condition cause : null
2024-06-05 16:58:39,735 [WARN] ConditionMgr:1039 - genDependencies : Invalid condition id : UX DEVICE CLASS RTOS Condition cause : null
2024-06-05 16:58:39,735 [WARN] ConditionMgr:1039 - genDependencies : Invalid condition id : UX DEVICE CLASS RTOS Condition cause : null
2024-06-05 16:58:39,735 [WARN] ConditionMgr:1039 - genDependencies : Invalid condition id : UX DEVICE CLASS RTOS Condition cause : null
2024-06-05 16:58:39,746 [WARN] PackLoader:240 - Cannot read IP mode file for STMicroelectronics.X-CUBE-FREERTOS.1.0.0
2024-06-05 16:58:39,756 [WARN] PackLoader:240 - Cannot read IP mode file for STMicroelectronics.X-CUBE-FREERTOS.1.0.1
2024-06-05 16:58:39,768 [WARN] PackLoader:240 - Cannot read IP mode file for STMicroelectronics.X-CUBE-BLEMGR.1.0.0
2024-06-05 16:58:39,786 [WARN] PackLoader:240 - Cannot read IP mode file for STMicroelectronics.X-CUBE-AZRTOS-L5.1.1.0
2024-06-05 16:58:39,798 [WARN] PackLoader:240 - Cannot read IP mode file for STMicroelectronics.X-CUBE-AI.8.0.1
2024-06-05 16:58:39,813 [WARN] PackLoader:240 - Cannot read IP mode file for STMicroelectronics.X-CUBE-SUBG2.5.0.0
2024-06-05 16:58:39,831 [WARN] PackLoader:240 - Cannot read IP mode file for STMicroelectronics.X-CUBE-TOF1.3.3.1
2024-06-05 16:58:39,854 [WARN] PackLoader:240 - Cannot read IP mode file for STMicroelectronics.X-CUBE-AZRTOS-G4.2.0.0
2024-06-05 16:58:39,867 [WARN] PackLoader:240 - Cannot read IP mode file for STMicroelectronics.X-CUBE-TOF1.3.3.0
2024-06-05 16:58:39,878 [WARN] PackLoader:240 - Cannot read IP mode file for STMicroelectronics.FP-ATR-ASTRA1.1.1.1
2024-06-05 16:58:39,895 [WARN] PackLoader:240 - Cannot read IP mode file for Infineon.AIROC-Wi-Fi-Bluetooth-STM32.1.5.1
2024-06-05 16:58:39,907 [WARN] PackLoader:240 - Cannot read IP mode file for STMicroelectronics.FP-SNS-MOTENVWB1.1.3.1
2024-06-05 16:58:39,925 [WARN] PackLoader:240 - Cannot read IP mode file for STMicroelectronics.X-CUBE-AZRTOS-G4.1.0.0
2024-06-05 16:58:39,946 [WARN] PackLoader:240 - Cannot read IP mode file for STMicroelectronics.X-CUBE-AZRTOS-L4.1.0.0
2024-06-05 16:58:39,956 [WARN] PackLoader:240 - Cannot read IP mode file for STMicroelectronics.X-CUBE-ISPU.2.0.0
2024-06-05 16:58:39,966 [WARN] PackLoader:240 - Cannot read IP mode file for STMicroelectronics.X-CUBE-ALS.1.0.2
2024-06-05 16:58:39,993 [WARN] PackLoader:240 - Cannot read IP mode file for STMicroelectronics.X-CUBE-MEMS1.10.0.0
2024-06-05 16:58:40,051 [WARN] PackLoader:240 - Cannot read IP mode file for STMicroelectronics.X-CUBE-FREERTOS.1.1.0
2024-06-05 16:58:40,067 [WARN] PackLoader:240 - Cannot read IP mode file for STMicroelectronics.X-CUBE-AZRTOS-WL.1.0.0
2024-06-05 16:58:40,080 [WARN] PackLoader:240 - Cannot read IP mode file for portGmbH.I-Cube-SoM-uGOAL.1.1.0
2024-06-05 16:58:40,092 [WARN] PackLoader:240 - Cannot read IP mode file for STMicroelectronics.X-CUBE-ALS.1.0.1
2024-06-05 16:58:40,110 [WARN] PackLoader:240 - Cannot read IP mode file for STMicroelectronics.X-CUBE-AZRTOS-WB.1.1.0
2024-06-05 16:58:40,130 [WARN] PackLoader:240 - Cannot read IP mode file for STMicroelectronics.X-CUBE-AZRTOS-L5.1.0.0
2024-06-05 16:58:40,140 [WARN] PackLoader:240 - Cannot read IP mode file for STMicroelectronics.X-CUBE-EEPRMA1.3.1.1
2024-06-05 16:58:40,162 [WARN] PackLoader:240 - Cannot read IP mode file for STMicroelectronics.X-CUBE-AZRTOS-H7RS.1.0.0
2024-06-05 16:58:40,172 [WARN] PackLoader:240 - Cannot read IP mode file for STMicroelectronics.FP-ATR-ASTRA1.2.0.0
2024-06-05 16:58:40,186 [WARN] PackLoader:240 - Cannot read IP mode file for STMicroelectronics.X-CUBE-TOF1.3.4.0
2024-06-05 16:58:40,213 [WARN] PackLoader:240 - Cannot read IP mode file for STMicroelectronics.X-CUBE-TOF1.3.4.1
2024-06-05 16:58:40,246 [WARN] PackLoader:240 - Cannot read IP mode file for STMicroelectronics.X-CUBE-AZRTOS-H7.3.2.0
2024-06-05 16:58:40,248 [INFO] ThirdParty:978 - Integrity check success = true
2024-06-05 16:58:40,250 [INFO] IntegrityCheckThread:100 - exiting critical section [integrity check]
2024-06-05 16:58:40,250 [INFO] IntegrityCheckThread:103 - End integrity checks thread
2024-06-05 16:58:40,250 [INFO] ThirdParty:873 - entering critical section [close project]
2024-06-05 16:58:40,251 [INFO] ThirdParty:883 - exiting critical section [close project]
2024-06-05 16:58:40,253 [INFO] PinOutPanel:1561 - setPackage(No Configuration,No Configuration)
2024-06-05 16:58:40,255 [INFO] UtilMem:75 - Begin LoadConfig() Used Memory: 184286024 Bytes (456130560)
2024-06-05 16:58:40,263 [INFO] MicroXplorer:468 - Change Database Path : C:/Users/saksh/.stm32cubemx/databases/DB.6.0.100/db/
2024-06-05 16:58:40,263 [INFO] MicroXplorer:498 - Change Database Version : DB.6.0.100
2024-06-05 16:58:41,142 [INFO] WebApp:161 - Instantiating new browser for Auth
2024-06-05 16:58:41,641 [INFO] WebApp:779 - Register for checkConnection events
2024-06-05 16:58:41,641 [INFO] WebApp:414 - Apply proxy settings
2024-06-05 16:58:41,641 [INFO] WebApp:499 - Chromium requires no authentication
2024-06-05 16:58:41,647 [INFO] WebApp:442 - Direct internet connection detected
2024-06-05 16:58:41,776 [INFO] WebApp:192 - Starting web application
2024-06-05 16:58:41,776 [INFO] WebApp:544 - Web application path used C:\ST\STM32CubeIDE_1.10.1\STM32CubeIDE\plugins\com.st.stm32cube.common.mx_6.11.1.202404110753\db\plugins\mcufinder\reactClient1\index.html
2024-06-05 16:58:43,951 [INFO] MicroXplorer:468 - Change Database Path : 
2024-06-05 16:58:43,952 [INFO] MicroXplorer:498 - Change Database Version : DB.6.0.111
2024-06-05 16:58:43,952 [INFO] OpenFileManager:312 - Change cursor
2024-06-05 16:58:43,981 [INFO] Mcu:2021 - Initializing MCU STM32G474R(B-C-E)Tx STM32G474RETx STM32G474RET3
2024-06-05 16:58:47,638 [INFO] Context:663 - Trying to add GPIOservice into a context  which must be forbidden
2024-06-05 16:58:49,330 [INFO] RtosManager:555 - Registered RTOS mode: class=CMSIS, group=RTOS, mode=CMSIS_V1, owner=FREERTOS
2024-06-05 16:58:49,330 [INFO] RtosManager:555 - Registered RTOS mode: class=CMSIS, group=RTOS2, mode=CMSIS_V2, owner=FREERTOS
2024-06-05 16:58:49,330 [INFO] RtosManager:555 - Registered RTOS mode: class=RTOS, group=Core, mode=CMSIS_V1, owner=FREERTOS
2024-06-05 16:58:49,330 [INFO] RtosManager:555 - Registered RTOS mode: class=RTOS, group=Core, mode=CMSIS_V2, owner=FREERTOS
2024-06-05 16:58:49,330 [WARN] ModelIntegratedComponent:184 - Missing modes for component STMicroelectronics:FreeRTOS:0.0.1:STMicroelectronics:RTOS:FreeRTOS:Core:::10.2.0:
2024-06-05 16:58:49,335 [WARN] ModelIntegratedComponent:63 - No mode defined for component null
2024-06-05 16:58:49,335 [WARN] ModelIntegratedComponent:63 - No mode defined for component null
2024-06-05 16:58:49,335 [WARN] ModelIntegratedComponent:63 - No mode defined for component null
2024-06-05 16:58:49,335 [WARN] ModelIntegratedComponent:63 - No mode defined for component null
2024-06-05 16:58:49,335 [WARN] ModelIntegratedComponent:63 - No mode defined for component null
2024-06-05 16:58:49,335 [WARN] ModelIntegratedComponent:63 - No mode defined for component null
2024-06-05 16:58:49,335 [WARN] ModelIntegratedComponent:63 - No mode defined for component null
2024-06-05 16:58:49,335 [WARN] ModelIntegratedComponent:63 - No mode defined for component null
2024-06-05 16:58:49,335 [WARN] ModelIntegratedComponent:63 - No mode defined for component null
2024-06-05 16:58:49,335 [WARN] ModelIntegratedComponent:63 - No mode defined for component null
2024-06-05 16:58:49,335 [WARN] ModelIntegratedComponent:63 - No mode defined for component null
2024-06-05 16:58:49,335 [WARN] ModelIntegratedComponent:63 - No mode defined for component null
2024-06-05 16:58:49,335 [WARN] ModelIntegratedComponent:63 - No mode defined for component null
2024-06-05 16:58:49,335 [WARN] ModelIntegratedComponent:63 - No mode defined for component null
2024-06-05 16:58:49,335 [WARN] ModelIntegratedComponent:63 - No mode defined for component null
2024-06-05 16:58:49,335 [WARN] ModelIntegratedComponent:63 - No mode defined for component null
2024-06-05 16:58:49,335 [WARN] ModelIntegratedComponent:63 - No mode defined for component null
2024-06-05 16:58:49,335 [WARN] ModelIntegratedComponent:63 - No mode defined for component null
2024-06-05 16:58:49,335 [WARN] ModelIntegratedComponent:63 - No mode defined for component null
2024-06-05 16:58:49,335 [WARN] ModelIntegratedComponent:63 - No mode defined for component null
2024-06-05 16:58:49,335 [WARN] ModelIntegratedComponent:63 - No mode defined for component null
2024-06-05 16:58:49,335 [WARN] ModelIntegratedComponent:63 - No mode defined for component null
2024-06-05 16:58:49,335 [WARN] ModelIntegratedComponent:63 - No mode defined for component null
2024-06-05 16:58:49,335 [WARN] ModelIntegratedComponent:63 - No mode defined for component null
2024-06-05 16:58:49,335 [WARN] ModelIntegratedComponent:63 - No mode defined for component null
2024-06-05 16:58:49,335 [WARN] ModelIntegratedComponent:63 - No mode defined for component null
2024-06-05 16:58:49,335 [WARN] ModelIntegratedComponent:63 - No mode defined for component null
2024-06-05 16:58:49,336 [WARN] ModelIntegratedComponent:63 - No mode defined for component null
2024-06-05 16:58:49,336 [WARN] ModelIntegratedComponent:63 - No mode defined for component null
2024-06-05 16:58:49,336 [WARN] ModelIntegratedComponent:63 - No mode defined for component null
2024-06-05 16:58:49,336 [WARN] ModelIntegratedComponent:63 - No mode defined for component null
2024-06-05 16:58:49,336 [WARN] ModelIntegratedComponent:63 - No mode defined for component null
2024-06-05 16:58:49,336 [WARN] ModelIntegratedComponent:63 - No mode defined for component null
2024-06-05 16:58:49,336 [WARN] ModelIntegratedComponent:63 - No mode defined for component null
2024-06-05 16:58:49,560 [INFO] ThirdPartyModel:298 - Start build external matchings
2024-06-05 16:58:51,126 [INFO] ThirdPartyModel:316 - End build external matchings
2024-06-05 16:58:51,165 [INFO] ImportTextPane:194 - (OptionalMessage_ERROR) IP (ADC1) : Parameter (CommonPathInternal) has invalid value (null|null|null|null)
2024-06-05 16:58:51,166 [INFO] ImportTextPane:194 - (OptionalMessage_ERROR) IP (ADC3) : Parameter (CommonPathInternal) has invalid value (null|null|null|null)
2024-06-05 16:58:51,166 [INFO] ImportTextPane:194 - (OptionalMessage_ERROR) IP (ADC4) : Parameter (CommonPathInternal) has invalid value (null|null|null|null)
2024-06-05 16:58:51,166 [INFO] ImportTextPane:194 - (OptionalMessage_ERROR) IP (ADC5) : Parameter (CommonPathInternal) has invalid value (null|ADC_CHANNEL_TEMPSENSOR_ADC1|null|null)
2024-06-05 16:58:51,674 [INFO] ApiDb:581 - Connected to CubeFinder SQLite database (C:\Users\saksh\.stmcufinder\plugins\mcufinder\mcu\cube-finder-db.db)
2024-06-05 16:58:51,746 [INFO] ApiDb:668 - CubeFinder database Data Model version=2.1
2024-06-05 16:58:51,746 [INFO] ApiDb:669 - CubeFinder database Configuration version=3.0.39
2024-06-05 16:58:51,746 [INFO] ApiDb:670 - CubeFinder database generation date=2024-04-15 (1713193726)
2024-06-05 16:58:51,746 [INFO] ApiDb:671 - CubeFinder database FW Pack versions=[FP-ATR-ASTRA1_V2.0.0, FP-SNS-FLIGHT1_V5.0.1, FP-SNS-FLIGHT1_V5.0.2, FP-SNS-MOTENV1_V4.3.1, FP-SNS-MOTENV1_V4.3.2, FP-SNS-MOTENVWB1_V1.3.1, FP-SNS-SMARTAG2_V1.2.0, STM32Cube_FW_C0_V1.1.0, STM32Cube_FW_F4_V1.28.0, STM32Cube_FW_F7_V1.17.0, STM32Cube_FW_G0_V1.6.2, STM32Cube_FW_G4_V1.5.2, STM32Cube_FW_H5_V0.5.1, STM32Cube_FW_H5_V1.1.1, STM32Cube_FW_H5_V1.2.0, STM32Cube_FW_H5_V1.2.0RC4, STM32Cube_FW_H7RS_V1.0.0, STM32Cube_FW_H7RS_V1.0.0RC4, STM32Cube_FW_H7_V1.11.0, STM32Cube_FW_L0_V1.12.2, STM32Cube_FW_L5_V1.5.1, STM32Cube_FW_U0_V1.0.0, STM32Cube_FW_U0_V1.0.0RC1, STM32Cube_FW_U5_V1.3.0RC4, STM32Cube_FW_U5_V1.5.0, STM32Cube_FW_U5_V1.5.0RC1, STM32Cube_FW_WBA_V1.0.0RC1, STM32Cube_FW_WBA_V1.2.0, STM32Cube_FW_WBA_V1.2.0RC2, STM32Cube_FW_WBA_V1.3.0, STM32Cube_FW_WBA_V1.3.0RC1, STM32Cube_FW_WB_V1.15.0RC1, STM32Cube_FW_WB_V1.16.0, STM32Cube_FW_WB_V1.16.0RC2, STM32Cube_FW_WB_V1.18.0, STM32Cube_FW_WB_V1.19.0, STM32Cube_FW_WL_V1.3.0, X-CUBE-ALGOBUILD_V1.3.0, X-CUBE-ALS_V1.0.1, X-CUBE-AZRTOS-F4_V1.1.0, X-CUBE-AZRTOS-F7_V1.1.0, X-CUBE-AZRTOS-G0_V1.1.0, X-CUBE-AZRTOS-G4_V2.0.0, X-CUBE-AZRTOS-H7_V3.2.0, X-CUBE-AZRTOS-L4_V1.0.0, X-CUBE-AZRTOS-L4_V2.0.0, X-CUBE-AZRTOS-L5_V1.1.0, X-CUBE-AZRTOS-WB_V2.0.0, X-CUBE-AZRTOS-WL_V2.0.0, X-CUBE-BLE1_V7.0.0, X-CUBE-BLE2_V3.3.0, X-CUBE-BLEMGR_V3.1.0, X-CUBE-EEPRMA1_V4.1.0, X-CUBE-EEPRMA1_V5.1.0, X-CUBE-FREERTOS_V1.1.0, X-CUBE-GNSS1_V6.0.0, X-CUBE-MEMS1_V10.0.0, X-CUBE-MEMS1_V9.1.0, X-CUBE-MEMS1_V9.4.0, X-CUBE-MEMS1_V9.6.0, X-CUBE-NFC4_V3.0.0, X-CUBE-NFC7_V1.0.1, X-CUBE-SFXS2LP1_V4.0.0, X-CUBE-SUBG2_V5.0.0, X-CUBE-TOF1_V3.4.0]
2024-06-05 16:58:51,856 [INFO] DbBoardsSqlite:226 - include board P-NUCLEO-WB55-NUCLEO as a kit item of type 'Nucleo-64'
2024-06-05 16:58:51,856 [INFO] DbBoardsSqlite:226 - include board P-NUCLEO-WB55-USBDONGLE as a kit item of type 'Nucleo USB Dongle'
2024-06-05 16:58:51,857 [INFO] DbBoardsSqlite:226 - include board STEVAL-IDP005V1 as a kit item of type 'Evaluation Board'
2024-06-05 16:58:51,857 [INFO] DbBoardsSqlite:226 - include board STEVAL-IDP005V2 as a kit item of type 'Evaluation Board'
2024-06-05 16:58:52,069 [INFO] ApiDb:240 - Found 483 in-development CPN: [B-G473E-ZEST1S, B-WB1M-WPAN1, B-WL5M-SUBG1, NUCLEO-C031C6, NUCLEO-H503RB, NUCLEO-H533RE, NUCLEO-H563ZI, NUCLEO-H7S3L8, NUCLEO-U031R8, NUCLEO-U083RC, NUCLEO-U545RE-Q, NUCLEO-U5A5ZJ-Q, NUCLEO-WBA52CG, NUCLEO-WBA55CG, STEVAL-PROTEUS1, STEVAL-SMARTAG2, STEVAL-STWINBX1, STM320518-EVAL, STM32C0116-DK, STM32C011D6Y3TR, STM32C011D6Y6TR, STM32C011F4P3, STM32C011F4P6, STM32C011F4U3, STM32C011F4U6TR, STM32C011F6P3, STM32C011F6P6, STM32C011F6U3, STM32C011F6U6TR, STM32C011J4M3, STM32C011J4M6, STM32C011J6M3, STM32C011J6M6, STM32C0316-DK, STM32C031C4T3, STM32C031C4T6, STM32C031C4U3, STM32C031C4U6, STM32C031C6T3, STM32C031C6T6, STM32C031C6U3, STM32C031C6U6, STM32C031F4P3, STM32C031F4P6, STM32C031F6P3, STM32C031F6P6, STM32C031G4U3, STM32C031G4U6, STM32C031G6U3, STM32C031G6U6, STM32C031K4T3, STM32C031K4T6, STM32C031K4U3, STM32C031K4U6, STM32C031K6T3, STM32C031K6T6, STM32C031K6U3, STM32C031K6U6, STM32G071K8TXN, STM32G071K8UXN, STM32G081GBU6N, STM32G081KBT6N, STM32G081KBUXN, STM32G0B1CCT6N, STM32G0B1KCT6, STM32G0B1NEY6TR, STM32G0B1RCT6N, STM32G0C1CCT6, STM32G0C1CCT6N, STM32G0C1CCU6N, STM32G0C1CET6N, STM32G0C1CEU6N, STM32G0C1KCT6, STM32G0C1NEY6TR, STM32G0C1RCI6N, STM32G0C1RCT6N, STM32G0C1REI6N, STM32G0C1RET6N, STM32G0C1VCI6, STM32G0C1VEI6, STM32G471CCT6, STM32G471CCU6, STM32G471CET3, STM32G471CET6, STM32G471CEU3, STM32G471CEU6, STM32G471MCT6, STM32G471MET3, STM32G471MET6, STM32G471MEY6TR, STM32G471QCT6, STM32G471QET3, STM32G471RCT6, STM32G471RET3, STM32G471RET6, STM32G471VCH6, STM32G471VCI6, STM32G471VCT6, STM32G471VEH3, STM32G471VEH6, STM32G471VEI3, STM32G471VEI6, STM32G471VET3, STM32G471VET6, STM32G474CCT6, STM32H503CBT6, STM32H503CBU6, STM32H503EBY6TR, STM32H503KBU6, STM32H503RBT6, STM32H523CCT6, STM32H523CCU6, STM32H523CET6, STM32H523CEU6, STM32H523HEY6TR, STM32H523RCT6, STM32H523RET6, STM32H523VCI6, STM32H523VCT6, STM32H523VEI6, STM32H523VET6, STM32H523ZCJ6, STM32H523ZCT6, STM32H523ZEJ6, STM32H523ZET6, STM32H533CET6, STM32H533CEU6, STM32H533HEY6TR, STM32H533RET6, STM32H533VEI6, STM32H533VET6, STM32H533ZEJ6, STM32H533ZET6, STM32H562AGI6, STM32H562AII6, STM32H562IGK6, STM32H562IGT6, STM32H562IIK6, STM32H562IIT6, STM32H562RGT6, STM32H562RGV6, STM32H562RIT6, STM32H562RIV6, STM32H562VGT6, STM32H562VIT6, STM32H562ZGT6, STM32H562ZIT6, STM32H563AGI6, STM32H563AII3Q, STM32H563AII6, STM32H563IGK6, STM32H563IGT6, STM32H563IIK3Q, STM32H563IIK6, STM32H563IIT3Q, STM32H563IIT6, STM32H563MIY3QTR, STM32H563RGT6, STM32H563RGV6, STM32H563RIT6, STM32H563RIV6, STM32H563VGT6, STM32H563VIT3Q, STM32H563VIT6, STM32H563ZGT6, STM32H563ZIT3Q, STM32H563ZIT6, STM32H573AII3Q, STM32H573AII6, STM32H573I-DK, STM32H573IIK3Q, STM32H573IIK6, STM32H573IIT3Q, STM32H573IIT6, STM32H573MIY3QTR, STM32H573RIT6, STM32H573RIV6, STM32H573VIT3Q, STM32H573VIT6, STM32H573ZIT3Q, STM32H573ZIT6, STM32H7R3A8I6, STM32H7R3I8K6, STM32H7R3I8T6, STM32H7R3L8H6, STM32H7R3L8H6H, STM32H7R3R8V6, STM32H7R3V8H6, STM32H7R3V8T6, STM32H7R3V8Y6, STM32H7R3Z8J6, STM32H7R3Z8T6, STM32H7R7A8I6, STM32H7R7I8K6, STM32H7R7I8T6, STM32H7R7L8H6, STM32H7R7L8H6H, STM32H7R7Z8J6, STM32H7S3A8I6, STM32H7S3I8K6, STM32H7S3I8T6, STM32H7S3L8H6, STM32H7S3L8H6H, STM32H7S3R8V6, STM32H7S3V8H6, STM32H7S3V8T6, STM32H7S3V8Y6, STM32H7S3Z8J6, STM32H7S3Z8T6, STM32H7S78-DK, STM32H7S7A8I6, STM32H7S7I8K6, STM32H7S7I8T6, STM32H7S7L8H6, STM32H7S7L8H6H, STM32H7S7Z8J6, STM32L4R5QGI6STR, STM32MP131AAE3, STM32MP131AAF3, STM32MP131AAG3, STM32MP131CAE3, STM32MP131CAF3, STM32MP131CAG3, STM32MP131DAE7, STM32MP131DAF7, STM32MP131DAG7, STM32MP131FAE7, STM32MP131FAF7, STM32MP131FAG7, STM32MP133AAE3, STM32MP133AAF3, STM32MP133AAG3, STM32MP133CAE3, STM32MP133CAF3, STM32MP133CAG3, STM32MP133DAE7, STM32MP133DAF7, STM32MP133DAG7, STM32MP133FAE7, STM32MP133FAF7, STM32MP133FAG7, STM32MP135AAE3, STM32MP135AAF3, STM32MP135AAG3, STM32MP135CAE3, STM32MP135CAF3, STM32MP135CAG3, STM32MP135DAE7, STM32MP135DAF7, STM32MP135DAG7, STM32MP135F-DK, STM32MP135FAE7, STM32MP135FAF7, STM32MP135FAF7T, STM32MP135FAF7U, STM32MP135FAG7, STM32U031C6T6, STM32U031C6U6, STM32U031C8T6, STM32U031C8U6, STM32U031F4P6, STM32U031F6P6, STM32U031F8P6, STM32U031G6Y6TR, STM32U031G8Y6TR, STM32U031K4U6, STM32U031K6U6, STM32U031K8U6, STM32U031R6I6, STM32U031R6T6, STM32U031R8I6, STM32U031R8T6, STM32U073C8T6, STM32U073C8U6, STM32U073CBT6, STM32U073CBU6, STM32U073CCT6, STM32U073CCU6, STM32U073H8Y6TR, STM32U073HBY6TR, STM32U073HCY6TR, STM32U073K8U6, STM32U073KBU6, STM32U073KCU6, STM32U073M8I6, STM32U073M8T6, STM32U073MBI6, STM32U073MBT6, STM32U073MCI6, STM32U073MCT6, STM32U073R8I6, STM32U073R8T6, STM32U073RBI6, STM32U073RBT6, STM32U073RCI6, STM32U073RCT6, STM32U083C-DK, STM32U083CCT6, STM32U083CCU6, STM32U083HCY6TR, STM32U083KCU6, STM32U083MCI6, STM32U083MCT6, STM32U083RCI6, STM32U083RCT6, STM32U535CBT6, STM32U535CBT6Q, STM32U535CBU6, STM32U535CBU6Q, STM32U535CCT6, STM32U535CCT6Q, STM32U535CCU6, STM32U535CCU6Q, STM32U535CET6, STM32U535CET6Q, STM32U535CEU6, STM32U535CEU6Q, STM32U535JEY6QTR, STM32U535NCY6QTR, STM32U535NEY6QTR, STM32U535RBI6, STM32U535RBI6Q, STM32U535RBT6, STM32U535RBT6Q, STM32U535RCI6, STM32U535RCI6Q, STM32U535RCT6, STM32U535RCT6Q, STM32U535REI6, STM32U535REI6Q, STM32U535RET6, STM32U535RET6Q, STM32U535VCI6, STM32U535VCI6Q, STM32U535VCT6, STM32U535VCT6Q, STM32U535VEI6, STM32U535VEI6Q, STM32U535VET6, STM32U535VET6Q, STM32U545CET6, STM32U545CET6Q, STM32U545CEU6, STM32U545CEU6Q, STM32U545JEY6QTR, STM32U545NEY6QTR, STM32U545REI6, STM32U545REI6Q, STM32U545RET6, STM32U545RET6Q, STM32U545VEI6, STM32U545VEI6Q, STM32U545VET6, STM32U545VET6Q, STM32U595AIH6, STM32U595AIH6Q, STM32U595AJH6, STM32U595AJH6Q, STM32U595QII6, STM32U595QII6Q, STM32U595QJI6, STM32U595QJI6Q, STM32U595RIT6, STM32U595RIT6Q, STM32U595RJT6, STM32U595RJT6Q, STM32U595VIT6, STM32U595VIT6Q, STM32U595VJT6, STM32U595VJT6Q, STM32U595ZIT6, STM32U595ZIT6Q, STM32U595ZIY6QTR, STM32U595ZJT6, STM32U595ZJT6Q, STM32U595ZJY6QTR, STM32U599BJY6QTR, STM32U599NIH6Q, STM32U599NJH6Q, STM32U599VIT6Q, STM32U599VJT6, STM32U599VJT6Q, STM32U599ZIT6Q, STM32U599ZIY6QTR, STM32U599ZJT6Q, STM32U599ZJY6QTR, STM32U5A5AJH6, STM32U5A5AJH6Q, STM32U5A5QII3Q , STM32U5A5QJI6, STM32U5A5QJI6Q, STM32U5A5RJT6, STM32U5A5RJT6Q, STM32U5A5VJT6, STM32U5A5VJT6Q, STM32U5A5ZJT6, STM32U5A5ZJT6Q, STM32U5A5ZJY6QTR, STM32U5A9BJY6QTR, STM32U5A9J-DK, STM32U5A9NJH6Q, STM32U5A9VJT6Q, STM32U5A9ZJT6Q, STM32U5A9ZJY6QTR, STM32U5F7VIT6, STM32U5F7VIT6Q, STM32U5F7VJT6, STM32U5F7VJT6Q, STM32U5F9BJY6QTR, STM32U5F9NJH6Q, STM32U5F9VIT6Q, STM32U5F9VJT6Q, STM32U5F9ZIJ6QTR, STM32U5F9ZIT6Q, STM32U5F9ZJJ6QTR, STM32U5F9ZJT6Q, STM32U5G7VJT6, STM32U5G7VJT6Q, STM32U5G9BJY6QTR, STM32U5G9J-DK1, STM32U5G9J-DK2, STM32U5G9NJH6Q, STM32U5G9VJT6Q, STM32U5G9ZJJ6QTR, STM32U5G9ZJT6Q, STM32WB1MMCH6, STM32WBA50KEU6, STM32WBA50KEU6TR, STM32WBA50KGU6, STM32WBA50KGU6TR, STM32WBA52CEU6, STM32WBA52CEU6TR, STM32WBA52CEU7, STM32WBA52CEU7TR, STM32WBA52CGU6, STM32WBA52CGU6TR, STM32WBA52CGU6U, STM32WBA52CGU7, STM32WBA52CGU7TR, STM32WBA52KEU6, STM32WBA52KEU6TR, STM32WBA52KGU6, STM32WBA52KGU6TR, STM32WBA54CEU6, STM32WBA54CEU6TR, STM32WBA54CEU7, STM32WBA54CEU7TR, STM32WBA54CGU6, STM32WBA54CGU6TR, STM32WBA54CGU7, STM32WBA54CGU7TR, STM32WBA54KEU6, STM32WBA54KEU6TR, STM32WBA54KEU7, STM32WBA54KEU7TR, STM32WBA54KGU6, STM32WBA54KGU6TR, STM32WBA54KGU7, STM32WBA54KGU7TR, STM32WBA55CEU6, STM32WBA55CEU6TR, STM32WBA55CEU7, STM32WBA55CEU7TR, STM32WBA55CGU6, STM32WBA55CGU6TR, STM32WBA55CGU6U, STM32WBA55CGU7, STM32WBA55CGU7TR, STM32WBA55G-DK1, STM32WBA55HEF6, STM32WBA55HEF7, STM32WBA55HGF6, STM32WBA55HGF7, STM32WBA55UEI6, STM32WBA55UEI6TR, STM32WBA55UEI7, STM32WBA55UEI7TR, STM32WBA55UGI6, STM32WBA55UGI6TR, STM32WBA55UGI7, STM32WBA55UGI7TR, STM32WL5MOCH6, STM32WL5MOCH6TR]
2024-06-05 16:58:52,166 [INFO] BoardInfo:889 - No configuration file found for board P-NUCLEO-WB55
2024-06-05 16:58:52,167 [INFO] DbBoards:161 - Kit is not supported: P-NUCLEO-WB55
2024-06-05 16:58:52,170 [INFO] BoardInfo:889 - No configuration file found for board STEVAL-BFA001V1B
2024-06-05 16:58:52,170 [INFO] DbBoards:161 - Kit is not supported: STEVAL-BFA001V1B
2024-06-05 16:58:52,171 [INFO] BoardInfo:889 - No configuration file found for board STEVAL-BFA001V2B
2024-06-05 16:58:52,171 [INFO] DbBoards:161 - Kit is not supported: STEVAL-BFA001V2B
2024-06-05 16:58:52,272 [INFO] DbBoards:168 - Found 199 boards, 196 are supported
2024-06-05 16:58:52,272 [INFO] DbBoards:169 - Found 199 boards, 8 of them is supported for  Bsp
2024-06-05 16:58:52,275 [INFO] ApiDb:668 - CubeFinder database Data Model version=2.1
2024-06-05 16:58:52,275 [INFO] ApiDb:669 - CubeFinder database Configuration version=3.0.39
2024-06-05 16:58:52,275 [INFO] ApiDb:670 - CubeFinder database generation date=2024-04-15 (1713193726)
2024-06-05 16:58:52,275 [INFO] ApiDb:671 - CubeFinder database FW Pack versions=[FP-ATR-ASTRA1_V2.0.0, FP-SNS-FLIGHT1_V5.0.1, FP-SNS-FLIGHT1_V5.0.2, FP-SNS-MOTENV1_V4.3.1, FP-SNS-MOTENV1_V4.3.2, FP-SNS-MOTENVWB1_V1.3.1, FP-SNS-SMARTAG2_V1.2.0, STM32Cube_FW_C0_V1.1.0, STM32Cube_FW_F4_V1.28.0, STM32Cube_FW_F7_V1.17.0, STM32Cube_FW_G0_V1.6.2, STM32Cube_FW_G4_V1.5.2, STM32Cube_FW_H5_V0.5.1, STM32Cube_FW_H5_V1.1.1, STM32Cube_FW_H5_V1.2.0, STM32Cube_FW_H5_V1.2.0RC4, STM32Cube_FW_H7RS_V1.0.0, STM32Cube_FW_H7RS_V1.0.0RC4, STM32Cube_FW_H7_V1.11.0, STM32Cube_FW_L0_V1.12.2, STM32Cube_FW_L5_V1.5.1, STM32Cube_FW_U0_V1.0.0, STM32Cube_FW_U0_V1.0.0RC1, STM32Cube_FW_U5_V1.3.0RC4, STM32Cube_FW_U5_V1.5.0, STM32Cube_FW_U5_V1.5.0RC1, STM32Cube_FW_WBA_V1.0.0RC1, STM32Cube_FW_WBA_V1.2.0, STM32Cube_FW_WBA_V1.2.0RC2, STM32Cube_FW_WBA_V1.3.0, STM32Cube_FW_WBA_V1.3.0RC1, STM32Cube_FW_WB_V1.15.0RC1, STM32Cube_FW_WB_V1.16.0, STM32Cube_FW_WB_V1.16.0RC2, STM32Cube_FW_WB_V1.18.0, STM32Cube_FW_WB_V1.19.0, STM32Cube_FW_WL_V1.3.0, X-CUBE-ALGOBUILD_V1.3.0, X-CUBE-ALS_V1.0.1, X-CUBE-AZRTOS-F4_V1.1.0, X-CUBE-AZRTOS-F7_V1.1.0, X-CUBE-AZRTOS-G0_V1.1.0, X-CUBE-AZRTOS-G4_V2.0.0, X-CUBE-AZRTOS-H7_V3.2.0, X-CUBE-AZRTOS-L4_V1.0.0, X-CUBE-AZRTOS-L4_V2.0.0, X-CUBE-AZRTOS-L5_V1.1.0, X-CUBE-AZRTOS-WB_V2.0.0, X-CUBE-AZRTOS-WL_V2.0.0, X-CUBE-BLE1_V7.0.0, X-CUBE-BLE2_V3.3.0, X-CUBE-BLEMGR_V3.1.0, X-CUBE-EEPRMA1_V4.1.0, X-CUBE-EEPRMA1_V5.1.0, X-CUBE-FREERTOS_V1.1.0, X-CUBE-GNSS1_V6.0.0, X-CUBE-MEMS1_V10.0.0, X-CUBE-MEMS1_V9.1.0, X-CUBE-MEMS1_V9.4.0, X-CUBE-MEMS1_V9.6.0, X-CUBE-NFC4_V3.0.0, X-CUBE-NFC7_V1.0.1, X-CUBE-SFXS2LP1_V4.0.0, X-CUBE-SUBG2_V5.0.0, X-CUBE-TOF1_V3.4.0]
2024-06-05 16:58:53,705 [INFO] ApiDb:240 - Found 483 in-development CPN: [B-G473E-ZEST1S, B-WB1M-WPAN1, B-WL5M-SUBG1, NUCLEO-C031C6, NUCLEO-H503RB, NUCLEO-H533RE, NUCLEO-H563ZI, NUCLEO-H7S3L8, NUCLEO-U031R8, NUCLEO-U083RC, NUCLEO-U545RE-Q, NUCLEO-U5A5ZJ-Q, NUCLEO-WBA52CG, NUCLEO-WBA55CG, STEVAL-PROTEUS1, STEVAL-SMARTAG2, STEVAL-STWINBX1, STM320518-EVAL, STM32C0116-DK, STM32C011D6Y3TR, STM32C011D6Y6TR, STM32C011F4P3, STM32C011F4P6, STM32C011F4U3, STM32C011F4U6TR, STM32C011F6P3, STM32C011F6P6, STM32C011F6U3, STM32C011F6U6TR, STM32C011J4M3, STM32C011J4M6, STM32C011J6M3, STM32C011J6M6, STM32C0316-DK, STM32C031C4T3, STM32C031C4T6, STM32C031C4U3, STM32C031C4U6, STM32C031C6T3, STM32C031C6T6, STM32C031C6U3, STM32C031C6U6, STM32C031F4P3, STM32C031F4P6, STM32C031F6P3, STM32C031F6P6, STM32C031G4U3, STM32C031G4U6, STM32C031G6U3, STM32C031G6U6, STM32C031K4T3, STM32C031K4T6, STM32C031K4U3, STM32C031K4U6, STM32C031K6T3, STM32C031K6T6, STM32C031K6U3, STM32C031K6U6, STM32G071K8TXN, STM32G071K8UXN, STM32G081GBU6N, STM32G081KBT6N, STM32G081KBUXN, STM32G0B1CCT6N, STM32G0B1KCT6, STM32G0B1NEY6TR, STM32G0B1RCT6N, STM32G0C1CCT6, STM32G0C1CCT6N, STM32G0C1CCU6N, STM32G0C1CET6N, STM32G0C1CEU6N, STM32G0C1KCT6, STM32G0C1NEY6TR, STM32G0C1RCI6N, STM32G0C1RCT6N, STM32G0C1REI6N, STM32G0C1RET6N, STM32G0C1VCI6, STM32G0C1VEI6, STM32G471CCT6, STM32G471CCU6, STM32G471CET3, STM32G471CET6, STM32G471CEU3, STM32G471CEU6, STM32G471MCT6, STM32G471MET3, STM32G471MET6, STM32G471MEY6TR, STM32G471QCT6, STM32G471QET3, STM32G471RCT6, STM32G471RET3, STM32G471RET6, STM32G471VCH6, STM32G471VCI6, STM32G471VCT6, STM32G471VEH3, STM32G471VEH6, STM32G471VEI3, STM32G471VEI6, STM32G471VET3, STM32G471VET6, STM32G474CCT6, STM32H503CBT6, STM32H503CBU6, STM32H503EBY6TR, STM32H503KBU6, STM32H503RBT6, STM32H523CCT6, STM32H523CCU6, STM32H523CET6, STM32H523CEU6, STM32H523HEY6TR, STM32H523RCT6, STM32H523RET6, STM32H523VCI6, STM32H523VCT6, STM32H523VEI6, STM32H523VET6, STM32H523ZCJ6, STM32H523ZCT6, STM32H523ZEJ6, STM32H523ZET6, STM32H533CET6, STM32H533CEU6, STM32H533HEY6TR, STM32H533RET6, STM32H533VEI6, STM32H533VET6, STM32H533ZEJ6, STM32H533ZET6, STM32H562AGI6, STM32H562AII6, STM32H562IGK6, STM32H562IGT6, STM32H562IIK6, STM32H562IIT6, STM32H562RGT6, STM32H562RGV6, STM32H562RIT6, STM32H562RIV6, STM32H562VGT6, STM32H562VIT6, STM32H562ZGT6, STM32H562ZIT6, STM32H563AGI6, STM32H563AII3Q, STM32H563AII6, STM32H563IGK6, STM32H563IGT6, STM32H563IIK3Q, STM32H563IIK6, STM32H563IIT3Q, STM32H563IIT6, STM32H563MIY3QTR, STM32H563RGT6, STM32H563RGV6, STM32H563RIT6, STM32H563RIV6, STM32H563VGT6, STM32H563VIT3Q, STM32H563VIT6, STM32H563ZGT6, STM32H563ZIT3Q, STM32H563ZIT6, STM32H573AII3Q, STM32H573AII6, STM32H573I-DK, STM32H573IIK3Q, STM32H573IIK6, STM32H573IIT3Q, STM32H573IIT6, STM32H573MIY3QTR, STM32H573RIT6, STM32H573RIV6, STM32H573VIT3Q, STM32H573VIT6, STM32H573ZIT3Q, STM32H573ZIT6, STM32H7R3A8I6, STM32H7R3I8K6, STM32H7R3I8T6, STM32H7R3L8H6, STM32H7R3L8H6H, STM32H7R3R8V6, STM32H7R3V8H6, STM32H7R3V8T6, STM32H7R3V8Y6, STM32H7R3Z8J6, STM32H7R3Z8T6, STM32H7R7A8I6, STM32H7R7I8K6, STM32H7R7I8T6, STM32H7R7L8H6, STM32H7R7L8H6H, STM32H7R7Z8J6, STM32H7S3A8I6, STM32H7S3I8K6, STM32H7S3I8T6, STM32H7S3L8H6, STM32H7S3L8H6H, STM32H7S3R8V6, STM32H7S3V8H6, STM32H7S3V8T6, STM32H7S3V8Y6, STM32H7S3Z8J6, STM32H7S3Z8T6, STM32H7S78-DK, STM32H7S7A8I6, STM32H7S7I8K6, STM32H7S7I8T6, STM32H7S7L8H6, STM32H7S7L8H6H, STM32H7S7Z8J6, STM32L4R5QGI6STR, STM32MP131AAE3, STM32MP131AAF3, STM32MP131AAG3, STM32MP131CAE3, STM32MP131CAF3, STM32MP131CAG3, STM32MP131DAE7, STM32MP131DAF7, STM32MP131DAG7, STM32MP131FAE7, STM32MP131FAF7, STM32MP131FAG7, STM32MP133AAE3, STM32MP133AAF3, STM32MP133AAG3, STM32MP133CAE3, STM32MP133CAF3, STM32MP133CAG3, STM32MP133DAE7, STM32MP133DAF7, STM32MP133DAG7, STM32MP133FAE7, STM32MP133FAF7, STM32MP133FAG7, STM32MP135AAE3, STM32MP135AAF3, STM32MP135AAG3, STM32MP135CAE3, STM32MP135CAF3, STM32MP135CAG3, STM32MP135DAE7, STM32MP135DAF7, STM32MP135DAG7, STM32MP135F-DK, STM32MP135FAE7, STM32MP135FAF7, STM32MP135FAF7T, STM32MP135FAF7U, STM32MP135FAG7, STM32U031C6T6, STM32U031C6U6, STM32U031C8T6, STM32U031C8U6, STM32U031F4P6, STM32U031F6P6, STM32U031F8P6, STM32U031G6Y6TR, STM32U031G8Y6TR, STM32U031K4U6, STM32U031K6U6, STM32U031K8U6, STM32U031R6I6, STM32U031R6T6, STM32U031R8I6, STM32U031R8T6, STM32U073C8T6, STM32U073C8U6, STM32U073CBT6, STM32U073CBU6, STM32U073CCT6, STM32U073CCU6, STM32U073H8Y6TR, STM32U073HBY6TR, STM32U073HCY6TR, STM32U073K8U6, STM32U073KBU6, STM32U073KCU6, STM32U073M8I6, STM32U073M8T6, STM32U073MBI6, STM32U073MBT6, STM32U073MCI6, STM32U073MCT6, STM32U073R8I6, STM32U073R8T6, STM32U073RBI6, STM32U073RBT6, STM32U073RCI6, STM32U073RCT6, STM32U083C-DK, STM32U083CCT6, STM32U083CCU6, STM32U083HCY6TR, STM32U083KCU6, STM32U083MCI6, STM32U083MCT6, STM32U083RCI6, STM32U083RCT6, STM32U535CBT6, STM32U535CBT6Q, STM32U535CBU6, STM32U535CBU6Q, STM32U535CCT6, STM32U535CCT6Q, STM32U535CCU6, STM32U535CCU6Q, STM32U535CET6, STM32U535CET6Q, STM32U535CEU6, STM32U535CEU6Q, STM32U535JEY6QTR, STM32U535NCY6QTR, STM32U535NEY6QTR, STM32U535RBI6, STM32U535RBI6Q, STM32U535RBT6, STM32U535RBT6Q, STM32U535RCI6, STM32U535RCI6Q, STM32U535RCT6, STM32U535RCT6Q, STM32U535REI6, STM32U535REI6Q, STM32U535RET6, STM32U535RET6Q, STM32U535VCI6, STM32U535VCI6Q, STM32U535VCT6, STM32U535VCT6Q, STM32U535VEI6, STM32U535VEI6Q, STM32U535VET6, STM32U535VET6Q, STM32U545CET6, STM32U545CET6Q, STM32U545CEU6, STM32U545CEU6Q, STM32U545JEY6QTR, STM32U545NEY6QTR, STM32U545REI6, STM32U545REI6Q, STM32U545RET6, STM32U545RET6Q, STM32U545VEI6, STM32U545VEI6Q, STM32U545VET6, STM32U545VET6Q, STM32U595AIH6, STM32U595AIH6Q, STM32U595AJH6, STM32U595AJH6Q, STM32U595QII6, STM32U595QII6Q, STM32U595QJI6, STM32U595QJI6Q, STM32U595RIT6, STM32U595RIT6Q, STM32U595RJT6, STM32U595RJT6Q, STM32U595VIT6, STM32U595VIT6Q, STM32U595VJT6, STM32U595VJT6Q, STM32U595ZIT6, STM32U595ZIT6Q, STM32U595ZIY6QTR, STM32U595ZJT6, STM32U595ZJT6Q, STM32U595ZJY6QTR, STM32U599BJY6QTR, STM32U599NIH6Q, STM32U599NJH6Q, STM32U599VIT6Q, STM32U599VJT6, STM32U599VJT6Q, STM32U599ZIT6Q, STM32U599ZIY6QTR, STM32U599ZJT6Q, STM32U599ZJY6QTR, STM32U5A5AJH6, STM32U5A5AJH6Q, STM32U5A5QII3Q , STM32U5A5QJI6, STM32U5A5QJI6Q, STM32U5A5RJT6, STM32U5A5RJT6Q, STM32U5A5VJT6, STM32U5A5VJT6Q, STM32U5A5ZJT6, STM32U5A5ZJT6Q, STM32U5A5ZJY6QTR, STM32U5A9BJY6QTR, STM32U5A9J-DK, STM32U5A9NJH6Q, STM32U5A9VJT6Q, STM32U5A9ZJT6Q, STM32U5A9ZJY6QTR, STM32U5F7VIT6, STM32U5F7VIT6Q, STM32U5F7VJT6, STM32U5F7VJT6Q, STM32U5F9BJY6QTR, STM32U5F9NJH6Q, STM32U5F9VIT6Q, STM32U5F9VJT6Q, STM32U5F9ZIJ6QTR, STM32U5F9ZIT6Q, STM32U5F9ZJJ6QTR, STM32U5F9ZJT6Q, STM32U5G7VJT6, STM32U5G7VJT6Q, STM32U5G9BJY6QTR, STM32U5G9J-DK1, STM32U5G9J-DK2, STM32U5G9NJH6Q, STM32U5G9VJT6Q, STM32U5G9ZJJ6QTR, STM32U5G9ZJT6Q, STM32WB1MMCH6, STM32WBA50KEU6, STM32WBA50KEU6TR, STM32WBA50KGU6, STM32WBA50KGU6TR, STM32WBA52CEU6, STM32WBA52CEU6TR, STM32WBA52CEU7, STM32WBA52CEU7TR, STM32WBA52CGU6, STM32WBA52CGU6TR, STM32WBA52CGU6U, STM32WBA52CGU7, STM32WBA52CGU7TR, STM32WBA52KEU6, STM32WBA52KEU6TR, STM32WBA52KGU6, STM32WBA52KGU6TR, STM32WBA54CEU6, STM32WBA54CEU6TR, STM32WBA54CEU7, STM32WBA54CEU7TR, STM32WBA54CGU6, STM32WBA54CGU6TR, STM32WBA54CGU7, STM32WBA54CGU7TR, STM32WBA54KEU6, STM32WBA54KEU6TR, STM32WBA54KEU7, STM32WBA54KEU7TR, STM32WBA54KGU6, STM32WBA54KGU6TR, STM32WBA54KGU7, STM32WBA54KGU7TR, STM32WBA55CEU6, STM32WBA55CEU6TR, STM32WBA55CEU7, STM32WBA55CEU7TR, STM32WBA55CGU6, STM32WBA55CGU6TR, STM32WBA55CGU6U, STM32WBA55CGU7, STM32WBA55CGU7TR, STM32WBA55G-DK1, STM32WBA55HEF6, STM32WBA55HEF7, STM32WBA55HGF6, STM32WBA55HGF7, STM32WBA55UEI6, STM32WBA55UEI6TR, STM32WBA55UEI7, STM32WBA55UEI7TR, STM32WBA55UGI6, STM32WBA55UGI6TR, STM32WBA55UGI7, STM32WBA55UGI7TR, STM32WL5MOCH6, STM32WL5MOCH6TR]
2024-06-05 16:58:53,708 [INFO] DbMcus:218 - Found 4096 MCUs, 4096 are supported
2024-06-05 16:58:53,712 [INFO] ApiDb:423 - Load user favorites file C:\Users\saksh/.stm32cubeide/favorites.mcus.txt: 1 item(s)
2024-06-05 16:58:53,712 [INFO] ApiDb:427 - User favorites MCUs=[STM32F103C8T6]
2024-06-05 16:58:53,712 [INFO] DbMcus:224 - Set 1 / 1 favorites MCUs
2024-06-05 16:58:53,903 [INFO] ApiDb:423 - Load user favorites file C:\Users\saksh/.stm32cubeide/favorites.boards.txt: 0 item(s)
2024-06-05 16:58:53,903 [INFO] ApiDb:427 - User favorites Boards=[]
2024-06-05 16:58:53,903 [INFO] DbBoards:198 - Set 0 / 0 favorites Boards
2024-06-05 16:58:53,956 [INFO] UtilMem:75 - End LoadConfig() Used Memory: 356684616 Bytes (532676608)
2024-06-05 16:58:54,075 [WARN] ThirdParty:833 - waiting for thirdparty lock release [change project]
2024-06-05 16:58:54,075 [INFO] ThirdParty:835 - entering critical section [change project]
2024-06-05 16:58:54,076 [INFO] ThirdParty:1030 - CMSIS Pack Vendor :STMicroelectronics USBPD 4.1
2024-06-05 16:58:54,076 [INFO] ThirdParty:1030 - CMSIS Pack Vendor :STMicroelectronics X-CUBE-GNSS1 6.0.0
2024-06-05 16:58:54,076 [INFO] ThirdParty:1030 - CMSIS Pack Vendor :STMicroelectronics USB_HOST 2.0.0
2024-06-05 16:58:54,076 [INFO] ThirdParty:1030 - CMSIS Pack Vendor :STMicroelectronics FP-SNS-MOTENVWB1 1.4.0
2024-06-05 16:58:54,076 [INFO] ThirdParty:1030 - CMSIS Pack Vendor :STMicroelectronics X-CUBE-AZRTOS-F4 1.1.0
2024-06-05 16:58:54,076 [INFO] ThirdParty:1030 - CMSIS Pack Vendor :STMicroelectronics LIBJPEG 8.0.0
2024-06-05 16:58:54,076 [INFO] ThirdParty:1030 - CMSIS Pack Vendor :STMicroelectronics X-CUBE-SMBUS 2.1.0
2024-06-05 16:58:54,076 [INFO] ThirdParty:1030 - CMSIS Pack Vendor :STMicroelectronics X-CUBE-FREERTOS 1.2.0
2024-06-05 16:58:54,076 [INFO] ThirdParty:1030 - CMSIS Pack Vendor :STMicroelectronics X-CUBE-TOUCHGFX 4.23.1
2024-06-05 16:58:54,076 [INFO] ThirdParty:1030 - CMSIS Pack Vendor :STMicroelectronics X-CUBE-TOUCHGFX 4.23.0
2024-06-05 16:58:54,076 [INFO] ThirdParty:1030 - CMSIS Pack Vendor :STMicroelectronics X-CUBE-BLEMGR 1.2.0
2024-06-05 16:58:54,076 [INFO] ThirdParty:1030 - CMSIS Pack Vendor :STMicroelectronics X-CUBE-TOUCHGFX 4.23.2
2024-06-05 16:58:54,076 [INFO] ThirdParty:1030 - CMSIS Pack Vendor :STMicroelectronics X-CUBE-AZRTOS-F7 1.1.0
2024-06-05 16:58:54,076 [INFO] ThirdParty:1030 - CMSIS Pack Vendor :STMicroelectronics X-CUBE-AZRTOS-L5 2.0.0
2024-06-05 16:58:54,076 [INFO] ThirdParty:1030 - CMSIS Pack Vendor :STMicroelectronics USB_DEVICE 2.0.0
2024-06-05 16:58:54,076 [INFO] ThirdParty:1030 - CMSIS Pack Vendor :STMicroelectronics X-CUBE-MEMS1 9.6.0
2024-06-05 16:58:54,076 [INFO] ThirdParty:1030 - CMSIS Pack Vendor :STMicroelectronics X-CUBE-EEPRMA1 4.2.0
2024-06-05 16:58:54,076 [INFO] ThirdParty:1030 - CMSIS Pack Vendor :STMicroelectronics X-CUBE-NFC6 3.1.0
2024-06-05 16:58:54,076 [INFO] ThirdParty:1030 - CMSIS Pack Vendor :ITTIA_DB I-CUBE-ITTIADB 8.8.0
2024-06-05 16:58:54,076 [INFO] ThirdParty:1030 - CMSIS Pack Vendor :STMicroelectronics FP-SNS-MOTENV1 4.3.0
2024-06-05 16:58:54,076 [INFO] ThirdParty:1030 - CMSIS Pack Vendor :STMicroelectronics FP-SNS-MOTENV1 4.3.2
2024-06-05 16:58:54,076 [INFO] ThirdParty:1030 - CMSIS Pack Vendor :STMicroelectronics FP-SNS-FLIGHT1 5.0.0
2024-06-05 16:58:54,076 [INFO] ThirdParty:1030 - CMSIS Pack Vendor :STMicroelectronics FP-SNS-MOTENV1 4.3.1
2024-06-05 16:58:54,076 [INFO] ThirdParty:1030 - CMSIS Pack Vendor :STMicroelectronics FP-SNS-FLIGHT1 5.0.1
2024-06-05 16:58:54,076 [INFO] ThirdParty:1030 - CMSIS Pack Vendor :STMicroelectronics X-CUBE-BLE1 6.2.3
2024-06-05 16:58:54,076 [INFO] ThirdParty:1030 - CMSIS Pack Vendor :STMicroelectronics X-CUBE-BLE1 6.2.4
2024-06-05 16:58:54,076 [INFO] ThirdParty:1030 - CMSIS Pack Vendor :STMicroelectronics FreeRTOS 0.0.1
2024-06-05 16:58:54,076 [INFO] ThirdParty:1030 - CMSIS Pack Vendor :STMicroelectronics X-CUBE-BLEMGR 2.0.0
2024-06-05 16:58:54,076 [INFO] ThirdParty:1030 - CMSIS Pack Vendor :STMicroelectronics FP-SNS-FLIGHT1 5.0.2
2024-06-05 16:58:54,076 [INFO] ThirdParty:1030 - CMSIS Pack Vendor :STMicroelectronics X-CUBE-NFC4 2.0.4
2024-06-05 16:58:54,076 [INFO] ThirdParty:1030 - CMSIS Pack Vendor :STMicroelectronics X-CUBE-AI 9.0.0
2024-06-05 16:58:54,076 [INFO] ThirdParty:1030 - CMSIS Pack Vendor :STMicroelectronics X-CUBE-AZRTOS-H7 3.1.0
2024-06-05 16:58:54,076 [INFO] ThirdParty:1030 - CMSIS Pack Vendor :STMicroelectronics PDM2PCM 3.3.0
2024-06-05 16:58:54,076 [INFO] ThirdParty:1030 - CMSIS Pack Vendor :STMicroelectronics X-CUBE-TOF1 3.1.0
2024-06-05 16:58:54,076 [INFO] ThirdParty:1030 - CMSIS Pack Vendor :STMicroelectronics X-CUBE-DISPLAY 3.0.0
2024-06-05 16:58:54,076 [INFO] ThirdParty:1030 - CMSIS Pack Vendor :STMicroelectronics X-CUBE-BLE1 7.0.0
2024-06-05 16:58:54,076 [INFO] ThirdParty:1030 - CMSIS Pack Vendor :wolfSSL I-CUBE-wolfSSL 5.5.0
2024-06-05 16:58:54,076 [INFO] ThirdParty:1030 - CMSIS Pack Vendor :STMicroelectronics HAL Drivers 0.0.0
2024-06-05 16:58:54,076 [INFO] ThirdParty:1030 - CMSIS Pack Vendor :STMicroelectronics X-CUBE-TOUCHGFX 4.22.0
2024-06-05 16:58:54,076 [INFO] ThirdParty:1030 - CMSIS Pack Vendor :STMicroelectronics X-CUBE-NFC7 1.0.1
2024-06-05 16:58:54,076 [INFO] ThirdParty:1030 - CMSIS Pack Vendor :STMicroelectronics MBEDTLS 2.14.1
2024-06-05 16:58:54,076 [INFO] ThirdParty:1030 - CMSIS Pack Vendor :STMicroelectronics X-CUBE-NFC7 1.0.0
2024-06-05 16:58:54,076 [INFO] ThirdParty:1030 - CMSIS Pack Vendor :STMicroelectronics X-CUBE-NFC6 3.0.0
2024-06-05 16:58:54,076 [INFO] ThirdParty:1030 - CMSIS Pack Vendor :STMicroelectronics X-CUBE-MEMS1 9.3.0
2024-06-05 16:58:54,076 [INFO] ThirdParty:1030 - CMSIS Pack Vendor :STMicroelectronics X-CUBE-EEPRMA1 4.1.0
2024-06-05 16:58:54,076 [INFO] ThirdParty:1030 - CMSIS Pack Vendor :STMicroelectronics X-CUBE-AI 7.2.0
2024-06-05 16:58:54,076 [INFO] ThirdParty:1030 - CMSIS Pack Vendor :STMicroelectronics X-CUBE-BLEMGR 3.1.0
2024-06-05 16:58:54,076 [INFO] ThirdParty:1030 - CMSIS Pack Vendor :STMicroelectronics FP-SNS-SMARTAG2 1.2.0
2024-06-05 16:58:54,076 [INFO] ThirdParty:1030 - CMSIS Pack Vendor :STMicroelectronics X-CUBE-AZRTOS-WL 2.0.0
2024-06-05 16:58:54,076 [INFO] ThirdParty:1030 - CMSIS Pack Vendor :STMicroelectronics FP-SNS-MOTENV1 5.0.0
2024-06-05 16:58:54,076 [INFO] ThirdParty:1030 - CMSIS Pack Vendor :STMicroelectronics USB_DEVICE 1.0.0
2024-06-05 16:58:54,076 [INFO] ThirdParty:1030 - CMSIS Pack Vendor :STMicroelectronics X-CUBE-AI 8.1.0
2024-06-05 16:58:54,076 [INFO] ThirdParty:1030 - CMSIS Pack Vendor :wolfSSL I-CUBE-wolfMQTT 1.19.0
2024-06-05 16:58:54,076 [INFO] ThirdParty:1030 - CMSIS Pack Vendor :STMicroelectronics X-CUBE-AZRTOS-L4 2.0.0
2024-06-05 16:58:54,076 [INFO] ThirdParty:1030 - CMSIS Pack Vendor :STMicroelectronics ThreadX 0.0.2
2024-06-05 16:58:54,076 [INFO] ThirdParty:1030 - CMSIS Pack Vendor :WES I-CUBE-Cesium 1.3.0
2024-06-05 16:58:54,076 [INFO] ThirdParty:1030 - CMSIS Pack Vendor :STMicroelectronics lwIP 2.1.2
2024-06-05 16:58:54,076 [INFO] ThirdParty:1030 - CMSIS Pack Vendor :STMicroelectronics X-CUBE-SFXS2LP1 4.0.0
2024-06-05 16:58:54,076 [INFO] ThirdParty:1030 - CMSIS Pack Vendor :STMicroelectronics X-CUBE-BLE2 3.3.0
2024-06-05 16:58:54,076 [INFO] ThirdParty:1030 - CMSIS Pack Vendor :STMicroelectronics X-CUBE-DISPLAY 2.2.0
2024-06-05 16:58:54,077 [INFO] ThirdParty:1030 - CMSIS Pack Vendor :STMicroelectronics X-CUBE-TOF1 3.2.0
2024-06-05 16:58:54,077 [INFO] ThirdParty:1030 - CMSIS Pack Vendor :STMicroelectronics PDM2PCM 3.2.0
2024-06-05 16:58:54,077 [INFO] ThirdParty:1030 - CMSIS Pack Vendor :STMicroelectronics X-CUBE-AZRTOS-H7 3.0.0
2024-06-05 16:58:54,077 [INFO] ThirdParty:1030 - CMSIS Pack Vendor :STMicroelectronics X-CUBE-ISPU 1.0.0
2024-06-05 16:58:54,077 [INFO] ThirdParty:1030 - CMSIS Pack Vendor :STMicroelectronics X-CUBE-ISPU 1.1.0
2024-06-05 16:58:54,077 [INFO] ThirdParty:1030 - CMSIS Pack Vendor :RoweBots I-CUBE-UNISONRTOS 5.5.0-4
2024-06-05 16:58:54,077 [INFO] ThirdParty:1030 - CMSIS Pack Vendor :STMicroelectronics X-CUBE-AZRTOS-H7 2.1.0
2024-06-05 16:58:54,077 [INFO] ThirdParty:1030 - CMSIS Pack Vendor :STMicroelectronics USB_DEVICE 3.0.0
2024-06-05 16:58:54,077 [INFO] ThirdParty:1030 - CMSIS Pack Vendor :STMicroelectronics X-CUBE-TCPP 4.1.0
2024-06-05 16:58:54,077 [INFO] ThirdParty:1030 - CMSIS Pack Vendor :STMicroelectronics X-CUBE-AI 8.0.0
2024-06-05 16:58:54,077 [INFO] ThirdParty:1030 - CMSIS Pack Vendor :STMicroelectronics X-CUBE-AZRTOS-WB 2.0.0
2024-06-05 16:58:54,077 [INFO] ThirdParty:1030 - CMSIS Pack Vendor :STMicroelectronics X-CUBE-FREERTOS 1.0.0
2024-06-05 16:58:54,077 [INFO] ThirdParty:1030 - CMSIS Pack Vendor :STMicroelectronics X-CUBE-FREERTOS 1.0.1
2024-06-05 16:58:54,077 [INFO] ThirdParty:1030 - CMSIS Pack Vendor :STMicroelectronics X-CUBE-TOUCHGFX 4.21.1
2024-06-05 16:58:54,077 [INFO] ThirdParty:1030 - CMSIS Pack Vendor :STMicroelectronics X-CUBE-TOUCHGFX 4.21.3
2024-06-05 16:58:54,077 [INFO] ThirdParty:1030 - CMSIS Pack Vendor :STMicroelectronics X-CUBE-BLEMGR 1.0.0
2024-06-05 16:58:54,077 [INFO] ThirdParty:1030 - CMSIS Pack Vendor :STMicroelectronics X-CUBE-TOUCHGFX 4.21.4
2024-06-05 16:58:54,077 [INFO] ThirdParty:1030 - CMSIS Pack Vendor :STMicroelectronics X-CUBE-MEMS1 9.4.0
2024-06-05 16:58:54,077 [INFO] ThirdParty:1030 - CMSIS Pack Vendor :STMicroelectronics X-CUBE-AI 7.3.0
2024-06-05 16:58:54,077 [INFO] ThirdParty:1030 - CMSIS Pack Vendor :STMicroelectronics X-CUBE-ALGOBUILD 1.3.0
2024-06-05 16:58:54,077 [INFO] ThirdParty:1030 - CMSIS Pack Vendor :STMicroelectronics X-CUBE-AZRTOS-L5 1.1.0
2024-06-05 16:58:54,077 [INFO] ThirdParty:1030 - CMSIS Pack Vendor :STMicroelectronics X-CUBE-AZRTOS-G0 1.1.0
2024-06-05 16:58:54,077 [INFO] ThirdParty:1030 - CMSIS Pack Vendor :STMicroelectronics X-CUBE-AI 8.0.1
2024-06-05 16:58:54,077 [INFO] ThirdParty:1030 - CMSIS Pack Vendor :STMicroelectronics X-CUBE-SAFEA1 1.2.2
2024-06-05 16:58:54,077 [INFO] ThirdParty:1030 - CMSIS Pack Vendor :STMicroelectronics X-CUBE-NFC4 3.0.0
2024-06-05 16:58:54,077 [INFO] ThirdParty:1030 - CMSIS Pack Vendor :SEGGER I-CUBE-embOS 1.2.0
2024-06-05 16:58:54,077 [INFO] ThirdParty:1030 - CMSIS Pack Vendor :STMicroelectronics X-CUBE-SUBG2 5.0.0
2024-06-05 16:58:54,077 [INFO] ThirdParty:1030 - CMSIS Pack Vendor :STMicroelectronics STM32_WPAN 1.0.0
2024-06-05 16:58:54,077 [INFO] ThirdParty:1030 - CMSIS Pack Vendor :STMicroelectronics lwIP 2.0.3
2024-06-05 16:58:54,077 [INFO] ThirdParty:1030 - CMSIS Pack Vendor :STMicroelectronics USB_HOST 1.0.0
2024-06-05 16:58:54,077 [INFO] ThirdParty:1030 - CMSIS Pack Vendor :STMicroelectronics X-CUBE-TOF1 3.3.1
2024-06-05 16:58:54,077 [INFO] ThirdParty:1030 - CMSIS Pack Vendor :STMicroelectronics X-CUBE-AZRTOS-G4 2.0.0
2024-06-05 16:58:54,077 [INFO] ThirdParty:1030 - CMSIS Pack Vendor :STMicroelectronics PDM2PCM 3.1.0
2024-06-05 16:58:54,077 [INFO] ThirdParty:1030 - CMSIS Pack Vendor :STMicroelectronics X-CUBE-TOF1 3.3.0
2024-06-05 16:58:54,077 [INFO] ThirdParty:1030 - CMSIS Pack Vendor :STMicroelectronics FP-ATR-ASTRA1 1.1.1
2024-06-05 16:58:54,077 [INFO] ThirdParty:1030 - CMSIS Pack Vendor :Infineon AIROC-Wi-Fi-Bluetooth-STM32 1.5.1
2024-06-05 16:58:54,077 [INFO] ThirdParty:1030 - CMSIS Pack Vendor :STMicroelectronics X-CUBE-BLEMGR 3.0.0
2024-06-05 16:58:54,077 [INFO] ThirdParty:1030 - CMSIS Pack Vendor :STMicroelectronics X-CUBE-BLEMGR 1.3.0
2024-06-05 16:58:54,077 [INFO] ThirdParty:1030 - CMSIS Pack Vendor :STMicroelectronics FP-SNS-MOTENVWB1 1.3.1
2024-06-05 16:58:54,077 [INFO] ThirdParty:1030 - CMSIS Pack Vendor :STMicroelectronics FP-ATR-SIGFOX1 3.2.0
2024-06-05 16:58:54,077 [INFO] ThirdParty:1030 - CMSIS Pack Vendor :STMicroelectronics X-CUBE-AZRTOS-G4 1.0.0
2024-06-05 16:58:54,077 [INFO] ThirdParty:1030 - CMSIS Pack Vendor :STMicroelectronics X-CUBE-AZRTOS-L4 1.0.0
2024-06-05 16:58:54,077 [INFO] ThirdParty:1030 - CMSIS Pack Vendor :STMicroelectronics X-CUBE-ISPU 2.0.0
2024-06-05 16:58:54,077 [INFO] ThirdParty:1030 - CMSIS Pack Vendor :STMicroelectronics X-CUBE-EEPRMA1 5.1.0
2024-06-05 16:58:54,077 [INFO] ThirdParty:1030 - CMSIS Pack Vendor :STMicroelectronics MBEDTLS 2.16.2
2024-06-05 16:58:54,077 [INFO] ThirdParty:1030 - CMSIS Pack Vendor :STMicroelectronics X-CUBE-ALS 1.0.2
2024-06-05 16:58:54,077 [INFO] ThirdParty:1030 - CMSIS Pack Vendor :emotas I-CUBE-CANOPEN 1.1.2
2024-06-05 16:58:54,077 [INFO] ThirdParty:1030 - CMSIS Pack Vendor :STMicroelectronics X-CUBE-TOUCHGFX 4.20.0
2024-06-05 16:58:54,077 [INFO] ThirdParty:1030 - CMSIS Pack Vendor :STMicroelectronics X-CUBE-MEMS1 10.0.0
2024-06-05 16:58:54,077 [INFO] ThirdParty:1030 - CMSIS Pack Vendor :STMicroelectronics X-CUBE-FREERTOS 1.1.0
2024-06-05 16:58:54,078 [INFO] ThirdParty:1030 - CMSIS Pack Vendor :STMicroelectronics X-CUBE-AZRTOS-WL 1.0.0
2024-06-05 16:58:54,078 [INFO] ThirdParty:1030 - CMSIS Pack Vendor :portGmbH I-Cube-SoM-uGOAL 1.1.0
2024-06-05 16:58:54,078 [INFO] ThirdParty:1030 - CMSIS Pack Vendor :STMicroelectronics X-CUBE-ALS 1.0.1
2024-06-05 16:58:54,078 [INFO] ThirdParty:1030 - CMSIS Pack Vendor :STMicroelectronics X-CUBE-MEMS1 9.5.0
2024-06-05 16:58:54,078 [INFO] ThirdParty:1030 - CMSIS Pack Vendor :STMicroelectronics ThreadX 1.0.0
2024-06-05 16:58:54,078 [INFO] ThirdParty:1030 - CMSIS Pack Vendor :STMicroelectronics X-CUBE-AZRTOS-WB 1.1.0
2024-06-05 16:58:54,078 [INFO] ThirdParty:1030 - CMSIS Pack Vendor :SEGGER I-CUBE-embOS 1.3.1
2024-06-05 16:58:54,078 [INFO] ThirdParty:1030 - CMSIS Pack Vendor :STMicroelectronics X-CUBE-ALGOBUILD 1.4.0
2024-06-05 16:58:54,078 [INFO] ThirdParty:1030 - CMSIS Pack Vendor :STMicroelectronics X-CUBE-AZRTOS-L5 1.0.0
2024-06-05 16:58:54,078 [INFO] ThirdParty:1030 - CMSIS Pack Vendor :STMicroelectronics X-CUBE-EEPRMA1 3.1.1
2024-06-05 16:58:54,078 [INFO] ThirdParty:1030 - CMSIS Pack Vendor :STMicroelectronics X-CUBE-AZRTOS-H7RS 1.0.0
2024-06-05 16:58:54,078 [INFO] ThirdParty:1030 - CMSIS Pack Vendor :STMicroelectronics FP-ATR-ASTRA1 2.0.0
2024-06-05 16:58:54,078 [INFO] ThirdParty:1030 - CMSIS Pack Vendor :STMicroelectronics X-CUBE-TOF1 3.4.0
2024-06-05 16:58:54,078 [INFO] ThirdParty:1030 - CMSIS Pack Vendor :STMicroelectronics X-CUBE-TOF1 3.4.1
2024-06-05 16:58:54,078 [INFO] ThirdParty:1030 - CMSIS Pack Vendor :STMicroelectronics X-CUBE-AZRTOS-H7 3.2.0
2024-06-05 16:58:54,078 [INFO] ThirdParty:841 - exiting critical section [change project]
2024-06-05 16:58:54,498 [INFO] PinOutPanel:1561 - setPackage(No Configuration,No Configuration)
2024-06-05 16:58:54,499 [INFO] PinOutPanel:1561 - setPackage(STM32G474RETx,LQFP64)
2024-06-05 16:58:54,955 [INFO] UtilMem:75 - Before build in PCC Used Memory: 294208672 Bytes (532676608)
2024-06-05 16:58:55,845 [INFO] UtilMem:75 - After build in PCC Used Memory: 422661280 Bytes (532676608)
2024-06-05 16:58:55,880 [INFO] IPUIPlugin:80 - create IPUIPlugin
2024-06-05 16:58:55,880 [INFO] IPUIPlugin:80 - create IPUIPlugin
2024-06-05 16:58:55,880 [INFO] IPUIPlugin:80 - create IPUIPlugin
2024-06-05 16:58:55,880 [INFO] IPUIPlugin:80 - create IPUIPlugin
2024-06-05 16:58:55,880 [INFO] IPUIPlugin:80 - create IPUIPlugin
2024-06-05 16:58:55,880 [INFO] IPUIPlugin:80 - create IPUIPlugin
2024-06-05 16:58:55,880 [INFO] IPUIPlugin:80 - create IPUIPlugin
2024-06-05 16:58:55,880 [INFO] IPUIPlugin:80 - create IPUIPlugin
2024-06-05 16:58:55,880 [INFO] IPUIPlugin:80 - create IPUIPlugin
2024-06-05 16:58:55,881 [INFO] IPUIPlugin:80 - create IPUIPlugin
2024-06-05 16:58:55,881 [INFO] IPUIPlugin:80 - create IPUIPlugin
2024-06-05 16:58:55,881 [INFO] IPUIPlugin:80 - create IPUIPlugin
2024-06-05 16:58:55,881 [INFO] IPUIPlugin:80 - create IPUIPlugin
2024-06-05 16:58:55,881 [INFO] IPUIPlugin:80 - create IPUIPlugin
2024-06-05 16:58:55,882 [INFO] IPUIPlugin:80 - create IPUIPlugin
2024-06-05 16:58:55,882 [INFO] IPUIPlugin:80 - create IPUIPlugin
2024-06-05 16:58:55,882 [INFO] IPUIPlugin:80 - create IPUIPlugin
2024-06-05 16:58:55,882 [INFO] IPUIPlugin:80 - create IPUIPlugin
2024-06-05 16:58:55,882 [INFO] IPUIPlugin:80 - create IPUIPlugin
2024-06-05 16:58:55,882 [INFO] IPUIPlugin:80 - create IPUIPlugin
2024-06-05 16:58:55,882 [INFO] IPUIPlugin:80 - create IPUIPlugin
2024-06-05 16:58:55,882 [INFO] IPUIPlugin:80 - create IPUIPlugin
2024-06-05 16:58:55,882 [INFO] IPUIPlugin:80 - create IPUIPlugin
2024-06-05 16:58:55,882 [INFO] IPUIPlugin:80 - create IPUIPlugin
2024-06-05 16:58:55,882 [INFO] IPUIPlugin:80 - create IPUIPlugin
2024-06-05 16:58:55,882 [INFO] IPUIPlugin:80 - create IPUIPlugin
2024-06-05 16:58:55,883 [INFO] IPUIPlugin:80 - create IPUIPlugin
2024-06-05 16:58:55,883 [INFO] IPUIPlugin:80 - create IPUIPlugin
2024-06-05 16:58:55,883 [INFO] IPUIPlugin:80 - create IPUIPlugin
2024-06-05 16:58:55,883 [INFO] IPUIPlugin:80 - create IPUIPlugin
2024-06-05 16:58:55,883 [INFO] IPUIPlugin:80 - create IPUIPlugin
2024-06-05 16:58:55,883 [INFO] IPUIPlugin:80 - create IPUIPlugin
2024-06-05 16:58:55,884 [INFO] IPUIPlugin:80 - create IPUIPlugin
2024-06-05 16:58:55,884 [INFO] IPUIPlugin:80 - create IPUIPlugin
2024-06-05 16:58:55,884 [INFO] IPUIPlugin:80 - create IPUIPlugin
2024-06-05 16:58:55,884 [INFO] IPUIPlugin:80 - create IPUIPlugin
2024-06-05 16:58:55,884 [INFO] IPUIPlugin:80 - create IPUIPlugin
2024-06-05 16:58:55,884 [INFO] IPUIPlugin:80 - create IPUIPlugin
2024-06-05 16:58:55,884 [INFO] IPUIPlugin:80 - create IPUIPlugin
2024-06-05 16:58:55,885 [INFO] IPUIPlugin:80 - create IPUIPlugin
2024-06-05 16:58:55,885 [INFO] IPUIPlugin:80 - create IPUIPlugin
2024-06-05 16:58:55,885 [INFO] IPUIPlugin:80 - create IPUIPlugin
2024-06-05 16:58:55,885 [INFO] IPUIPlugin:80 - create IPUIPlugin
2024-06-05 16:58:55,885 [INFO] IPUIPlugin:80 - create IPUIPlugin
2024-06-05 16:58:55,885 [INFO] IPUIPlugin:80 - create IPUIPlugin
2024-06-05 16:58:55,886 [INFO] IPUIPlugin:80 - create IPUIPlugin
2024-06-05 16:58:55,886 [INFO] IPUIPlugin:80 - create IPUIPlugin
2024-06-05 16:58:55,886 [INFO] IPUIPlugin:80 - create IPUIPlugin
2024-06-05 16:58:55,887 [INFO] IPUIPlugin:80 - create IPUIPlugin
2024-06-05 16:58:55,887 [INFO] IPUIPlugin:80 - create IPUIPlugin
2024-06-05 16:58:55,887 [INFO] IPUIPlugin:80 - create IPUIPlugin
2024-06-05 16:58:55,887 [INFO] IPUIPlugin:80 - create IPUIPlugin
2024-06-05 16:58:55,888 [INFO] IPUIPlugin:80 - create IPUIPlugin
2024-06-05 16:58:55,888 [INFO] IPUIPlugin:80 - create IPUIPlugin
2024-06-05 16:58:55,888 [INFO] IPUIPlugin:80 - create IPUIPlugin
2024-06-05 16:58:55,888 [INFO] IPUIPlugin:80 - create IPUIPlugin
2024-06-05 16:58:55,888 [INFO] IPUIPlugin:80 - create IPUIPlugin
2024-06-05 16:58:55,888 [INFO] IPUIPlugin:80 - create IPUIPlugin
2024-06-05 16:58:55,888 [INFO] IPUIPlugin:80 - create IPUIPlugin
2024-06-05 16:58:55,888 [INFO] IPUIPlugin:80 - create IPUIPlugin
2024-06-05 16:58:55,888 [INFO] IPUIPlugin:80 - create IPUIPlugin
2024-06-05 16:58:55,890 [INFO] IPUIPlugin:80 - create IPUIPlugin
2024-06-05 16:58:55,890 [INFO] IPUIPlugin:80 - create IPUIPlugin
2024-06-05 16:58:55,890 [INFO] IPUIPlugin:80 - create IPUIPlugin
2024-06-05 16:58:55,891 [INFO] IPUIPlugin:80 - create IPUIPlugin
2024-06-05 16:58:55,891 [INFO] IPUIPlugin:80 - create IPUIPlugin
2024-06-05 16:58:55,891 [INFO] IPUIPlugin:80 - create IPUIPlugin
2024-06-05 16:58:55,891 [INFO] IPUIPlugin:80 - create IPUIPlugin
2024-06-05 16:58:55,891 [INFO] IPUIPlugin:80 - create IPUIPlugin
2024-06-05 16:58:55,892 [INFO] IPUIPlugin:80 - create IPUIPlugin
2024-06-05 16:58:55,892 [INFO] IPUIPlugin:80 - create IPUIPlugin
2024-06-05 16:58:55,892 [INFO] IPUIPlugin:80 - create IPUIPlugin
2024-06-05 16:58:55,893 [INFO] IPUIPlugin:80 - create IPUIPlugin
2024-06-05 16:58:55,893 [INFO] IPUIPlugin:80 - create IPUIPlugin
2024-06-05 16:58:55,893 [INFO] IPUIPlugin:80 - create IPUIPlugin
2024-06-05 16:58:55,893 [INFO] IPUIPlugin:80 - create IPUIPlugin
2024-06-05 16:58:55,894 [INFO] IPUIPlugin:80 - create IPUIPlugin
2024-06-05 16:58:56,101 [INFO] CADModel:165 - CPN selected for project levelSTM32G474RET3
2024-06-05 16:58:56,101 [INFO] CADModel:114 - Register for checkConnection events
2024-06-05 16:58:56,148 [INFO] OpenFileManager:343 - Restore cursor
2024-06-05 16:59:06,478 [INFO] Gpio:277 - dependency for GPIO [ADC1, ADC3, ADC4, ADC5, TIM1, USART1]
2024-06-05 16:59:16,380 [INFO] Gpio:277 - dependency for GPIO [ADC1, ADC3, ADC4, ADC5, TIM1, USART1]
2024-06-05 16:59:25,322 [INFO] ADCParametersView:116 -                Rank 1 : false
2024-06-05 16:59:25,368 [INFO] ADCParametersView:116 -                Rank 1 : false
2024-06-05 16:59:25,368 [INFO] ADCParametersView:116 -                Rank 1 : false
2024-06-05 16:59:25,369 [INFO] ADCParametersView:116 -                Rank 1 : false
2024-06-05 16:59:25,369 [INFO] ADCParametersView:116 -                Rank 1 : false
2024-06-05 16:59:25,369 [INFO] ADCParametersView:116 -                Rank 1 : false
2024-06-05 16:59:25,369 [INFO] ADCParametersView:116 -                Rank 1 : false
2024-06-05 16:59:25,369 [INFO] ADCParametersView:116 -                Rank 1 : false
2024-06-05 16:59:25,369 [INFO] ADCParametersView:116 -                Rank 1 : false
2024-06-05 16:59:25,370 [INFO] ADCParametersView:116 -                Rank 1 : false
2024-06-05 16:59:25,370 [INFO] ADCParametersView:116 -                Rank 1 : false
2024-06-05 16:59:25,370 [INFO] ADCParametersView:116 -                Rank 1 : false
2024-06-05 16:59:25,370 [INFO] ADCParametersView:116 -                Rank 1 : false
2024-06-05 16:59:25,370 [INFO] ADCParametersView:116 -                Rank 1 : false
2024-06-05 16:59:25,371 [INFO] ADCParametersView:116 -                Rank 1 : false
2024-06-05 16:59:25,371 [INFO] ADCParametersView:116 -                Rank 1 : false
2024-06-05 16:59:25,371 [INFO] ADCParametersView:116 -                Rank 1 : false
2024-06-05 16:59:25,371 [INFO] ADCParametersView:116 -                Rank 1 : false
2024-06-05 16:59:25,371 [INFO] ADCParametersView:116 -                Rank 1 : false
2024-06-05 16:59:25,371 [INFO] ADCParametersView:116 -                Rank 1 : false
2024-06-05 16:59:25,371 [INFO] ADCParametersView:116 -                Rank 1 : false
2024-06-05 16:59:25,371 [INFO] ADCParametersView:116 -                Rank 1 : false
2024-06-05 16:59:25,371 [INFO] ADCParametersView:116 -                Rank 1 : false
2024-06-05 16:59:25,371 [INFO] ADCParametersView:116 -                Rank 1 : false
2024-06-05 16:59:25,371 [INFO] ADCParametersView:116 -                Rank 1 : false
2024-06-05 16:59:25,372 [INFO] ADCParametersView:116 -                Rank 1 : false
2024-06-05 16:59:25,391 [INFO] ADCParametersView:116 -                Rank 1 : false
2024-06-05 16:59:30,765 [INFO] ADCParametersView:116 -                Rank 1 : false
2024-06-05 16:59:30,801 [INFO] ADCParametersView:116 -                Rank 1 : false
2024-06-05 16:59:30,801 [INFO] ADCParametersView:116 -                Rank 1 : false
2024-06-05 16:59:30,801 [INFO] ADCParametersView:116 -                Rank 1 : false
2024-06-05 16:59:30,801 [INFO] ADCParametersView:116 -                Rank 1 : false
2024-06-05 16:59:30,801 [INFO] ADCParametersView:116 -                Rank 1 : false
2024-06-05 16:59:30,801 [INFO] ADCParametersView:116 -                Rank 1 : false
2024-06-05 16:59:30,802 [INFO] ADCParametersView:116 -                Rank 1 : false
2024-06-05 16:59:30,802 [INFO] ADCParametersView:116 -                Rank 1 : false
2024-06-05 16:59:30,802 [INFO] ADCParametersView:116 -                Rank 1 : false
2024-06-05 16:59:30,802 [INFO] ADCParametersView:116 -                Rank 1 : false
2024-06-05 16:59:30,802 [INFO] ADCParametersView:116 -                Rank 1 : false
2024-06-05 16:59:30,802 [INFO] ADCParametersView:116 -                Rank 1 : false
2024-06-05 16:59:30,802 [INFO] ADCParametersView:116 -                Rank 1 : false
2024-06-05 16:59:30,802 [INFO] ADCParametersView:116 -                Rank 1 : false
2024-06-05 16:59:30,802 [INFO] ADCParametersView:116 -                Rank 1 : false
2024-06-05 16:59:30,802 [INFO] ADCParametersView:116 -                Rank 1 : false
2024-06-05 16:59:30,803 [INFO] ADCParametersView:116 -                Rank 1 : false
2024-06-05 16:59:30,803 [INFO] ADCParametersView:116 -                Rank 1 : false
2024-06-05 16:59:30,803 [INFO] ADCParametersView:116 -                Rank 1 : false
2024-06-05 16:59:30,803 [INFO] ADCParametersView:116 -                Rank 1 : false
2024-06-05 16:59:30,803 [INFO] ADCParametersView:116 -                Rank 1 : false
2024-06-05 16:59:30,823 [INFO] ADCParametersView:116 -                Rank 1 : false
2024-06-05 16:59:33,365 [INFO] NvicIntPanel:101 - NVIC parent = com.st.microxplorer.plugins.ip.nvic.MultiNvicIntPanel[,0,0,0x0,invalid,layout=javax.swing.BoxLayout,alignmentX=0.0,alignmentY=0.0,border=,flags=9,maximumSize=,minimumSize=,preferredSize=]
2024-06-05 16:59:33,444 [INFO] ADCParametersView:116 -                Rank 1 : false
2024-06-05 16:59:33,444 [INFO] ADCParametersView:116 -                Rank 1 : false
2024-06-05 16:59:33,444 [INFO] ADCParametersView:116 -                Rank 1 : false
2024-06-05 16:59:33,444 [INFO] ADCParametersView:116 -                Rank 1 : false
2024-06-05 16:59:33,444 [INFO] ADCParametersView:116 -                Rank 1 : false
2024-06-05 16:59:33,444 [INFO] ADCParametersView:116 -                Rank 1 : false
2024-06-05 16:59:33,444 [INFO] ADCParametersView:116 -                Rank 1 : false
2024-06-05 16:59:33,444 [INFO] ADCParametersView:116 -                Rank 1 : false
2024-06-05 16:59:33,444 [INFO] ADCParametersView:116 -                Rank 1 : false
2024-06-05 16:59:33,444 [INFO] ADCParametersView:116 -                Rank 1 : false
2024-06-05 16:59:33,444 [INFO] ADCParametersView:116 -                Rank 1 : false
2024-06-05 16:59:33,444 [INFO] ADCParametersView:116 -                Rank 1 : false
2024-06-05 16:59:33,444 [INFO] ADCParametersView:116 -                Rank 1 : false
2024-06-05 16:59:33,444 [INFO] ADCParametersView:116 -                Rank 1 : false
2024-06-05 16:59:33,444 [INFO] ADCParametersView:116 -                Rank 1 : false
2024-06-05 16:59:33,444 [INFO] ADCParametersView:116 -                Rank 1 : false
2024-06-05 16:59:33,444 [INFO] ADCParametersView:116 -                Rank 1 : false
2024-06-05 16:59:33,444 [INFO] ADCParametersView:116 -                Rank 1 : false
2024-06-05 16:59:33,444 [INFO] ADCParametersView:116 -                Rank 1 : false
2024-06-05 16:59:33,444 [INFO] ADCParametersView:116 -                Rank 1 : false
2024-06-05 16:59:33,444 [INFO] ADCParametersView:116 -                Rank 1 : false
2024-06-05 16:59:33,453 [INFO] ADCParametersView:116 -                Rank 1 : false
2024-06-05 16:59:33,468 [INFO] ADCParametersView:116 -                Rank 1 : false
2024-06-05 16:59:33,468 [INFO] ADCParametersView:116 -                Rank 1 : false
2024-06-05 16:59:33,468 [INFO] ADCParametersView:116 -                Rank 1 : false
2024-06-05 16:59:33,468 [INFO] ADCParametersView:116 -                Rank 1 : false
2024-06-05 16:59:33,468 [INFO] ADCParametersView:116 -                Rank 1 : false
2024-06-05 16:59:33,468 [INFO] ADCParametersView:116 -                Rank 1 : false
2024-06-05 16:59:33,468 [INFO] ADCParametersView:116 -                Rank 1 : false
2024-06-05 16:59:33,468 [INFO] ADCParametersView:116 -                Rank 1 : false
2024-06-05 16:59:33,468 [INFO] ADCParametersView:116 -                Rank 1 : false
2024-06-05 16:59:33,468 [INFO] ADCParametersView:116 -                Rank 1 : false
2024-06-05 16:59:33,468 [INFO] ADCParametersView:116 -                Rank 1 : false
2024-06-05 16:59:33,469 [INFO] ADCParametersView:116 -                Rank 1 : false
2024-06-05 16:59:33,469 [INFO] ADCParametersView:116 -                Rank 1 : false
2024-06-05 16:59:33,469 [INFO] ADCParametersView:116 -                Rank 1 : false
2024-06-05 16:59:33,469 [INFO] ADCParametersView:116 -                Rank 1 : false
2024-06-05 16:59:33,469 [INFO] ADCParametersView:116 -                Rank 1 : false
2024-06-05 16:59:33,469 [INFO] ADCParametersView:116 -                Rank 1 : false
2024-06-05 16:59:33,469 [INFO] ADCParametersView:116 -                Rank 1 : false
2024-06-05 16:59:33,469 [INFO] ADCParametersView:116 -                Rank 1 : false
2024-06-05 16:59:33,469 [INFO] ADCParametersView:116 -                Rank 1 : false
2024-06-05 16:59:33,469 [INFO] ADCParametersView:116 -                Rank 1 : false
2024-06-05 16:59:33,478 [INFO] ADCParametersView:116 -                Rank 1 : false
2024-06-05 16:59:33,579 [INFO] ADCParametersView:116 -                Rank 1 : false
2024-06-05 16:59:33,579 [INFO] ADCParametersView:116 -                Rank 1 : false
2024-06-05 16:59:33,579 [INFO] ADCParametersView:116 -                Rank 1 : false
2024-06-05 16:59:33,579 [INFO] ADCParametersView:116 -                Rank 1 : false
2024-06-05 16:59:33,579 [INFO] ADCParametersView:116 -                Rank 1 : false
2024-06-05 16:59:33,579 [INFO] ADCParametersView:116 -                Rank 1 : false
2024-06-05 16:59:33,579 [INFO] ADCParametersView:116 -                Rank 1 : false
2024-06-05 16:59:33,579 [INFO] ADCParametersView:116 -                Rank 1 : false
2024-06-05 16:59:33,579 [INFO] ADCParametersView:116 -                Rank 1 : false
2024-06-05 16:59:33,579 [INFO] ADCParametersView:116 -                Rank 1 : false
2024-06-05 16:59:33,579 [INFO] ADCParametersView:116 -                Rank 1 : false
2024-06-05 16:59:33,579 [INFO] ADCParametersView:116 -                Rank 1 : false
2024-06-05 16:59:33,579 [INFO] ADCParametersView:116 -                Rank 1 : false
2024-06-05 16:59:33,580 [INFO] ADCParametersView:116 -                Rank 1 : false
2024-06-05 16:59:33,580 [INFO] ADCParametersView:116 -                Rank 1 : false
2024-06-05 16:59:33,580 [INFO] ADCParametersView:116 -                Rank 1 : false
2024-06-05 16:59:33,580 [INFO] ADCParametersView:116 -                Rank 1 : false
2024-06-05 16:59:33,580 [INFO] ADCParametersView:116 -                Rank 1 : false
2024-06-05 16:59:33,580 [INFO] ADCParametersView:116 -                Rank 1 : false
2024-06-05 16:59:33,580 [INFO] ADCParametersView:116 -                Rank 1 : false
2024-06-05 16:59:33,580 [INFO] ADCParametersView:116 -                Rank 1 : false
2024-06-05 16:59:33,590 [INFO] ADCParametersView:116 -                Rank 1 : false
2024-06-05 16:59:33,607 [INFO] ADCParametersView:116 -                Rank 1 : false
2024-06-05 16:59:33,607 [INFO] ADCParametersView:116 -                Rank 1 : false
2024-06-05 16:59:33,607 [INFO] ADCParametersView:116 -                Rank 1 : false
2024-06-05 16:59:33,607 [INFO] ADCParametersView:116 -                Rank 1 : false
2024-06-05 16:59:33,608 [INFO] ADCParametersView:116 -                Rank 1 : false
2024-06-05 16:59:33,608 [INFO] ADCParametersView:116 -                Rank 1 : false
2024-06-05 16:59:33,608 [INFO] ADCParametersView:116 -                Rank 1 : false
2024-06-05 16:59:33,608 [INFO] ADCParametersView:116 -                Rank 1 : false
2024-06-05 16:59:33,608 [INFO] ADCParametersView:116 -                Rank 1 : false
2024-06-05 16:59:33,608 [INFO] ADCParametersView:116 -                Rank 1 : false
2024-06-05 16:59:33,608 [INFO] ADCParametersView:116 -                Rank 1 : false
2024-06-05 16:59:33,608 [INFO] ADCParametersView:116 -                Rank 1 : false
2024-06-05 16:59:33,608 [INFO] ADCParametersView:116 -                Rank 1 : false
2024-06-05 16:59:33,608 [INFO] ADCParametersView:116 -                Rank 1 : false
2024-06-05 16:59:33,608 [INFO] ADCParametersView:116 -                Rank 1 : false
2024-06-05 16:59:33,608 [INFO] ADCParametersView:116 -                Rank 1 : false
2024-06-05 16:59:33,608 [INFO] ADCParametersView:116 -                Rank 1 : false
2024-06-05 16:59:33,608 [INFO] ADCParametersView:116 -                Rank 1 : false
2024-06-05 16:59:33,608 [INFO] ADCParametersView:116 -                Rank 1 : false
2024-06-05 16:59:33,608 [INFO] ADCParametersView:116 -                Rank 1 : false
2024-06-05 16:59:33,608 [INFO] ADCParametersView:116 -                Rank 1 : false
2024-06-05 16:59:33,620 [INFO] ADCParametersView:116 -                Rank 1 : false
2024-06-05 16:59:34,808 [INFO] ADCParametersView:116 -                Rank 1 : false
2024-06-05 16:59:34,808 [INFO] ADCParametersView:116 -                Rank 1 : false
2024-06-05 16:59:34,808 [INFO] ADCParametersView:116 -                Rank 1 : false
2024-06-05 16:59:34,808 [INFO] ADCParametersView:116 -                Rank 1 : false
2024-06-05 16:59:34,808 [INFO] ADCParametersView:116 -                Rank 1 : false
2024-06-05 16:59:34,808 [INFO] ADCParametersView:116 -                Rank 1 : false
2024-06-05 16:59:34,808 [INFO] ADCParametersView:116 -                Rank 1 : false
2024-06-05 16:59:34,808 [INFO] ADCParametersView:116 -                Rank 1 : false
2024-06-05 16:59:34,808 [INFO] ADCParametersView:116 -                Rank 1 : false
2024-06-05 16:59:34,808 [INFO] ADCParametersView:116 -                Rank 1 : false
2024-06-05 16:59:34,808 [INFO] ADCParametersView:116 -                Rank 1 : false
2024-06-05 16:59:34,808 [INFO] ADCParametersView:116 -                Rank 1 : false
2024-06-05 16:59:34,808 [INFO] ADCParametersView:116 -                Rank 1 : false
2024-06-05 16:59:34,808 [INFO] ADCParametersView:116 -                Rank 1 : false
2024-06-05 16:59:34,808 [INFO] ADCParametersView:116 -                Rank 1 : false
2024-06-05 16:59:34,808 [INFO] ADCParametersView:116 -                Rank 1 : false
2024-06-05 16:59:34,808 [INFO] ADCParametersView:116 -                Rank 1 : false
2024-06-05 16:59:34,808 [INFO] ADCParametersView:116 -                Rank 1 : false
2024-06-05 16:59:34,808 [INFO] ADCParametersView:116 -                Rank 1 : false
2024-06-05 16:59:34,808 [INFO] ADCParametersView:116 -                Rank 1 : false
2024-06-05 16:59:34,808 [INFO] ADCParametersView:116 -                Rank 1 : false
2024-06-05 16:59:34,818 [INFO] ADCParametersView:116 -                Rank 1 : false
2024-06-05 16:59:34,833 [INFO] ADCParametersView:116 -                Rank 1 : false
2024-06-05 16:59:34,833 [INFO] ADCParametersView:116 -                Rank 1 : false
2024-06-05 16:59:34,834 [INFO] ADCParametersView:116 -                Rank 1 : false
2024-06-05 16:59:34,834 [INFO] ADCParametersView:116 -                Rank 1 : false
2024-06-05 16:59:34,834 [INFO] ADCParametersView:116 -                Rank 1 : false
2024-06-05 16:59:34,834 [INFO] ADCParametersView:116 -                Rank 1 : false
2024-06-05 16:59:34,834 [INFO] ADCParametersView:116 -                Rank 1 : false
2024-06-05 16:59:34,834 [INFO] ADCParametersView:116 -                Rank 1 : false
2024-06-05 16:59:34,834 [INFO] ADCParametersView:116 -                Rank 1 : false
2024-06-05 16:59:34,834 [INFO] ADCParametersView:116 -                Rank 1 : false
2024-06-05 16:59:34,834 [INFO] ADCParametersView:116 -                Rank 1 : false
2024-06-05 16:59:34,834 [INFO] ADCParametersView:116 -                Rank 1 : false
2024-06-05 16:59:34,834 [INFO] ADCParametersView:116 -                Rank 1 : false
2024-06-05 16:59:34,834 [INFO] ADCParametersView:116 -                Rank 1 : false
2024-06-05 16:59:34,834 [INFO] ADCParametersView:116 -                Rank 1 : false
2024-06-05 16:59:34,834 [INFO] ADCParametersView:116 -                Rank 1 : false
2024-06-05 16:59:34,834 [INFO] ADCParametersView:116 -                Rank 1 : false
2024-06-05 16:59:34,834 [INFO] ADCParametersView:116 -                Rank 1 : false
2024-06-05 16:59:34,834 [INFO] ADCParametersView:116 -                Rank 1 : false
2024-06-05 16:59:34,834 [INFO] ADCParametersView:116 -                Rank 1 : false
2024-06-05 16:59:34,834 [INFO] ADCParametersView:116 -                Rank 1 : false
2024-06-05 16:59:34,844 [INFO] ADCParametersView:116 -                Rank 1 : false
2024-06-05 16:59:34,905 [INFO] ADCParametersView:116 -                Rank 1 : false
2024-06-05 16:59:34,905 [INFO] ADCParametersView:116 -                Rank 1 : false
2024-06-05 16:59:34,906 [INFO] ADCParametersView:116 -                Rank 1 : false
2024-06-05 16:59:34,906 [INFO] ADCParametersView:116 -                Rank 1 : false
2024-06-05 16:59:34,906 [INFO] ADCParametersView:116 -                Rank 1 : false
2024-06-05 16:59:34,906 [INFO] ADCParametersView:116 -                Rank 1 : false
2024-06-05 16:59:34,906 [INFO] ADCParametersView:116 -                Rank 1 : false
2024-06-05 16:59:34,906 [INFO] ADCParametersView:116 -                Rank 1 : false
2024-06-05 16:59:34,906 [INFO] ADCParametersView:116 -                Rank 1 : false
2024-06-05 16:59:34,906 [INFO] ADCParametersView:116 -                Rank 1 : false
2024-06-05 16:59:34,906 [INFO] ADCParametersView:116 -                Rank 1 : false
2024-06-05 16:59:34,906 [INFO] ADCParametersView:116 -                Rank 1 : false
2024-06-05 16:59:34,906 [INFO] ADCParametersView:116 -                Rank 1 : false
2024-06-05 16:59:34,906 [INFO] ADCParametersView:116 -                Rank 1 : false
2024-06-05 16:59:34,906 [INFO] ADCParametersView:116 -                Rank 1 : false
2024-06-05 16:59:34,906 [INFO] ADCParametersView:116 -                Rank 1 : false
2024-06-05 16:59:34,906 [INFO] ADCParametersView:116 -                Rank 1 : false
2024-06-05 16:59:34,906 [INFO] ADCParametersView:116 -                Rank 1 : false
2024-06-05 16:59:34,906 [INFO] ADCParametersView:116 -                Rank 1 : false
2024-06-05 16:59:34,906 [INFO] ADCParametersView:116 -                Rank 1 : false
2024-06-05 16:59:34,906 [INFO] ADCParametersView:116 -                Rank 1 : false
2024-06-05 16:59:34,914 [INFO] ADCParametersView:116 -                Rank 1 : false
2024-06-05 16:59:34,928 [INFO] ADCParametersView:116 -                Rank 1 : false
2024-06-05 16:59:34,928 [INFO] ADCParametersView:116 -                Rank 1 : false
2024-06-05 16:59:34,929 [INFO] ADCParametersView:116 -                Rank 1 : false
2024-06-05 16:59:34,929 [INFO] ADCParametersView:116 -                Rank 1 : false
2024-06-05 16:59:34,929 [INFO] ADCParametersView:116 -                Rank 1 : false
2024-06-05 16:59:34,929 [INFO] ADCParametersView:116 -                Rank 1 : false
2024-06-05 16:59:34,929 [INFO] ADCParametersView:116 -                Rank 1 : false
2024-06-05 16:59:34,929 [INFO] ADCParametersView:116 -                Rank 1 : false
2024-06-05 16:59:34,929 [INFO] ADCParametersView:116 -                Rank 1 : false
2024-06-05 16:59:34,929 [INFO] ADCParametersView:116 -                Rank 1 : false
2024-06-05 16:59:34,929 [INFO] ADCParametersView:116 -                Rank 1 : false
2024-06-05 16:59:34,929 [INFO] ADCParametersView:116 -                Rank 1 : false
2024-06-05 16:59:34,929 [INFO] ADCParametersView:116 -                Rank 1 : false
2024-06-05 16:59:34,929 [INFO] ADCParametersView:116 -                Rank 1 : false
2024-06-05 16:59:34,929 [INFO] ADCParametersView:116 -                Rank 1 : false
2024-06-05 16:59:34,929 [INFO] ADCParametersView:116 -                Rank 1 : false
2024-06-05 16:59:34,929 [INFO] ADCParametersView:116 -                Rank 1 : false
2024-06-05 16:59:34,930 [INFO] ADCParametersView:116 -                Rank 1 : false
2024-06-05 16:59:34,930 [INFO] ADCParametersView:116 -                Rank 1 : false
2024-06-05 16:59:34,930 [INFO] ADCParametersView:116 -                Rank 1 : false
2024-06-05 16:59:34,930 [INFO] ADCParametersView:116 -                Rank 1 : false
2024-06-05 16:59:34,938 [INFO] ADCParametersView:116 -                Rank 1 : false
2024-06-05 16:59:35,041 [INFO] ADCParametersView:116 -                Rank 1 : false
2024-06-05 16:59:35,041 [INFO] ADCParametersView:116 -                Rank 1 : false
2024-06-05 16:59:35,041 [INFO] ADCParametersView:116 -                Rank 1 : false
2024-06-05 16:59:35,041 [INFO] ADCParametersView:116 -                Rank 1 : false
2024-06-05 16:59:35,041 [INFO] ADCParametersView:116 -                Rank 1 : false
2024-06-05 16:59:35,041 [INFO] ADCParametersView:116 -                Rank 1 : false
2024-06-05 16:59:35,041 [INFO] ADCParametersView:116 -                Rank 1 : false
2024-06-05 16:59:35,041 [INFO] ADCParametersView:116 -                Rank 1 : false
2024-06-05 16:59:35,041 [INFO] ADCParametersView:116 -                Rank 1 : false
2024-06-05 16:59:35,041 [INFO] ADCParametersView:116 -                Rank 1 : false
2024-06-05 16:59:35,041 [INFO] ADCParametersView:116 -                Rank 1 : false
2024-06-05 16:59:35,041 [INFO] ADCParametersView:116 -                Rank 1 : false
2024-06-05 16:59:35,041 [INFO] ADCParametersView:116 -                Rank 1 : false
2024-06-05 16:59:35,041 [INFO] ADCParametersView:116 -                Rank 1 : false
2024-06-05 16:59:35,041 [INFO] ADCParametersView:116 -                Rank 1 : false
2024-06-05 16:59:35,042 [INFO] ADCParametersView:116 -                Rank 1 : false
2024-06-05 16:59:35,042 [INFO] ADCParametersView:116 -                Rank 1 : false
2024-06-05 16:59:35,042 [INFO] ADCParametersView:116 -                Rank 1 : false
2024-06-05 16:59:35,042 [INFO] ADCParametersView:116 -                Rank 1 : false
2024-06-05 16:59:35,042 [INFO] ADCParametersView:116 -                Rank 1 : false
2024-06-05 16:59:35,042 [INFO] ADCParametersView:116 -                Rank 1 : false
2024-06-05 16:59:35,050 [INFO] ADCParametersView:116 -                Rank 1 : false
2024-06-05 16:59:35,064 [INFO] ADCParametersView:116 -                Rank 1 : false
2024-06-05 16:59:35,064 [INFO] ADCParametersView:116 -                Rank 1 : false
2024-06-05 16:59:35,064 [INFO] ADCParametersView:116 -                Rank 1 : false
2024-06-05 16:59:35,064 [INFO] ADCParametersView:116 -                Rank 1 : false
2024-06-05 16:59:35,064 [INFO] ADCParametersView:116 -                Rank 1 : false
2024-06-05 16:59:35,064 [INFO] ADCParametersView:116 -                Rank 1 : false
2024-06-05 16:59:35,064 [INFO] ADCParametersView:116 -                Rank 1 : false
2024-06-05 16:59:35,064 [INFO] ADCParametersView:116 -                Rank 1 : false
2024-06-05 16:59:35,064 [INFO] ADCParametersView:116 -                Rank 1 : false
2024-06-05 16:59:35,064 [INFO] ADCParametersView:116 -                Rank 1 : false
2024-06-05 16:59:35,064 [INFO] ADCParametersView:116 -                Rank 1 : false
2024-06-05 16:59:35,065 [INFO] ADCParametersView:116 -                Rank 1 : false
2024-06-05 16:59:35,065 [INFO] ADCParametersView:116 -                Rank 1 : false
2024-06-05 16:59:35,065 [INFO] ADCParametersView:116 -                Rank 1 : false
2024-06-05 16:59:35,065 [INFO] ADCParametersView:116 -                Rank 1 : false
2024-06-05 16:59:35,065 [INFO] ADCParametersView:116 -                Rank 1 : false
2024-06-05 16:59:35,065 [INFO] ADCParametersView:116 -                Rank 1 : false
2024-06-05 16:59:35,065 [INFO] ADCParametersView:116 -                Rank 1 : false
2024-06-05 16:59:35,065 [INFO] ADCParametersView:116 -                Rank 1 : false
2024-06-05 16:59:35,065 [INFO] ADCParametersView:116 -                Rank 1 : false
2024-06-05 16:59:35,065 [INFO] ADCParametersView:116 -                Rank 1 : false
2024-06-05 16:59:35,072 [INFO] ADCParametersView:116 -                Rank 1 : false
2024-06-05 16:59:35,717 [INFO] ADCParametersView:116 -                Rank 1 : false
2024-06-05 16:59:35,734 [INFO] ADCParametersView:116 -                Rank 1 : false
2024-06-05 16:59:35,734 [INFO] ADCParametersView:116 -                Rank 1 : false
2024-06-05 16:59:35,734 [INFO] ADCParametersView:116 -                Rank 1 : false
2024-06-05 16:59:35,734 [INFO] ADCParametersView:116 -                Rank 1 : false
2024-06-05 16:59:35,734 [INFO] ADCParametersView:116 -                Rank 1 : false
2024-06-05 16:59:35,734 [INFO] ADCParametersView:116 -                Rank 1 : false
2024-06-05 16:59:35,734 [INFO] ADCParametersView:116 -                Rank 1 : false
2024-06-05 16:59:35,734 [INFO] ADCParametersView:116 -                Rank 1 : false
2024-06-05 16:59:35,734 [INFO] ADCParametersView:116 -                Rank 1 : false
2024-06-05 16:59:35,734 [INFO] ADCParametersView:116 -                Rank 1 : false
2024-06-05 16:59:35,734 [INFO] ADCParametersView:116 -                Rank 1 : false
2024-06-05 16:59:35,734 [INFO] ADCParametersView:116 -                Rank 1 : false
2024-06-05 16:59:35,734 [INFO] ADCParametersView:116 -                Rank 1 : false
2024-06-05 16:59:35,734 [INFO] ADCParametersView:116 -                Rank 1 : false
2024-06-05 16:59:35,734 [INFO] ADCParametersView:116 -                Rank 1 : false
2024-06-05 16:59:35,734 [INFO] ADCParametersView:116 -                Rank 1 : false
2024-06-05 16:59:35,734 [INFO] ADCParametersView:116 -                Rank 1 : false
2024-06-05 16:59:35,734 [INFO] ADCParametersView:116 -                Rank 1 : false
2024-06-05 16:59:35,734 [INFO] ADCParametersView:116 -                Rank 1 : false
2024-06-05 16:59:35,734 [INFO] ADCParametersView:116 -                Rank 1 : false
2024-06-05 16:59:35,734 [INFO] ADCParametersView:116 -                Rank 1 : false
2024-06-05 16:59:35,742 [INFO] ADCParametersView:116 -                Rank 1 : false
2024-06-05 16:59:42,610 [INFO] ADCParametersView:116 -                Rank 1 : false
2024-06-05 16:59:42,629 [INFO] ADCParametersView:116 -                Rank 1 : false
2024-06-05 16:59:42,629 [INFO] ADCParametersView:116 -                Rank 1 : false
2024-06-05 16:59:42,629 [INFO] ADCParametersView:116 -                Rank 1 : false
2024-06-05 16:59:42,629 [INFO] ADCParametersView:116 -                Rank 1 : false
2024-06-05 16:59:42,629 [INFO] ADCParametersView:116 -                Rank 1 : false
2024-06-05 16:59:42,629 [INFO] ADCParametersView:116 -                Rank 1 : false
2024-06-05 16:59:42,629 [INFO] ADCParametersView:116 -                Rank 1 : false
2024-06-05 16:59:42,629 [INFO] ADCParametersView:116 -                Rank 1 : false
2024-06-05 16:59:42,629 [INFO] ADCParametersView:116 -                Rank 1 : false
2024-06-05 16:59:42,629 [INFO] ADCParametersView:116 -                Rank 1 : false
2024-06-05 16:59:42,630 [INFO] ADCParametersView:116 -                Rank 1 : false
2024-06-05 16:59:42,630 [INFO] ADCParametersView:116 -                Rank 1 : false
2024-06-05 16:59:42,630 [INFO] ADCParametersView:116 -                Rank 1 : false
2024-06-05 16:59:42,630 [INFO] ADCParametersView:116 -                Rank 1 : false
2024-06-05 16:59:42,630 [INFO] ADCParametersView:116 -                Rank 1 : false
2024-06-05 16:59:42,630 [INFO] ADCParametersView:116 -                Rank 1 : false
2024-06-05 16:59:42,630 [INFO] ADCParametersView:116 -                Rank 1 : false
2024-06-05 16:59:42,630 [INFO] ADCParametersView:116 -                Rank 1 : false
2024-06-05 16:59:42,630 [INFO] ADCParametersView:116 -                Rank 1 : false
2024-06-05 16:59:42,630 [INFO] ADCParametersView:116 -                Rank 1 : false
2024-06-05 16:59:42,637 [INFO] ADCParametersView:116 -                Rank 1 : false
2024-06-05 16:59:46,716 [INFO] ADCParametersView:116 -                Rank 1 : false
2024-06-05 16:59:46,717 [INFO] ADCParametersView:116 -                Rank 1 : false
2024-06-05 16:59:46,717 [INFO] ADCParametersView:116 -                Rank 1 : false
2024-06-05 16:59:46,717 [INFO] ADCParametersView:116 -                Rank 1 : false
2024-06-05 16:59:46,717 [INFO] ADCParametersView:116 -                Rank 1 : false
2024-06-05 16:59:46,717 [INFO] ADCParametersView:116 -                Rank 1 : false
2024-06-05 16:59:46,717 [INFO] ADCParametersView:116 -                Rank 1 : false
2024-06-05 16:59:46,717 [INFO] ADCParametersView:116 -                Rank 1 : false
2024-06-05 16:59:46,717 [INFO] ADCParametersView:116 -                Rank 1 : false
2024-06-05 16:59:46,717 [INFO] ADCParametersView:116 -                Rank 1 : false
2024-06-05 16:59:46,717 [INFO] ADCParametersView:116 -                Rank 1 : false
2024-06-05 16:59:46,717 [INFO] ADCParametersView:116 -                Rank 1 : false
2024-06-05 16:59:46,717 [INFO] ADCParametersView:116 -                Rank 1 : false
2024-06-05 16:59:46,717 [INFO] ADCParametersView:116 -                Rank 1 : false
2024-06-05 16:59:46,717 [INFO] ADCParametersView:116 -                Rank 1 : false
2024-06-05 16:59:46,717 [INFO] ADCParametersView:116 -                Rank 1 : false
2024-06-05 16:59:46,717 [INFO] ADCParametersView:116 -                Rank 1 : false
2024-06-05 16:59:46,717 [INFO] ADCParametersView:116 -                Rank 1 : false
2024-06-05 16:59:46,717 [INFO] ADCParametersView:116 -                Rank 1 : false
2024-06-05 16:59:46,717 [INFO] ADCParametersView:116 -                Rank 1 : false
2024-06-05 16:59:46,732 [INFO] ADCParametersView:116 -                Rank 1 : false
2024-06-05 16:59:46,757 [INFO] ADCParametersView:116 -                Rank 1 : false
2024-06-05 16:59:46,757 [INFO] ADCParametersView:116 -                Rank 1 : false
2024-06-05 16:59:46,758 [INFO] ADCParametersView:116 -                Rank 1 : false
2024-06-05 16:59:46,758 [INFO] ADCParametersView:116 -                Rank 1 : false
2024-06-05 16:59:46,758 [INFO] ADCParametersView:116 -                Rank 1 : false
2024-06-05 16:59:46,758 [INFO] ADCParametersView:116 -                Rank 1 : false
2024-06-05 16:59:46,758 [INFO] ADCParametersView:116 -                Rank 1 : false
2024-06-05 16:59:46,758 [INFO] ADCParametersView:116 -                Rank 1 : false
2024-06-05 16:59:46,758 [INFO] ADCParametersView:116 -                Rank 1 : false
2024-06-05 16:59:46,758 [INFO] ADCParametersView:116 -                Rank 1 : false
2024-06-05 16:59:46,758 [INFO] ADCParametersView:116 -                Rank 1 : false
2024-06-05 16:59:46,758 [INFO] ADCParametersView:116 -                Rank 1 : false
2024-06-05 16:59:46,758 [INFO] ADCParametersView:116 -                Rank 1 : false
2024-06-05 16:59:46,758 [INFO] ADCParametersView:116 -                Rank 1 : false
2024-06-05 16:59:46,758 [INFO] ADCParametersView:116 -                Rank 1 : false
2024-06-05 16:59:46,758 [INFO] ADCParametersView:116 -                Rank 1 : false
2024-06-05 16:59:46,758 [INFO] ADCParametersView:116 -                Rank 1 : false
2024-06-05 16:59:46,758 [INFO] ADCParametersView:116 -                Rank 1 : false
2024-06-05 16:59:46,758 [INFO] ADCParametersView:116 -                Rank 1 : false
2024-06-05 16:59:46,758 [INFO] ADCParametersView:116 -                Rank 1 : false
2024-06-05 16:59:46,771 [INFO] ADCParametersView:116 -                Rank 1 : false
2024-06-05 16:59:46,952 [INFO] ADCParametersView:116 -                Rank 1 : false
2024-06-05 16:59:46,952 [INFO] ADCParametersView:116 -                Rank 1 : false
2024-06-05 16:59:46,952 [INFO] ADCParametersView:116 -                Rank 1 : false
2024-06-05 16:59:46,952 [INFO] ADCParametersView:116 -                Rank 1 : false
2024-06-05 16:59:46,953 [INFO] ADCParametersView:116 -                Rank 1 : false
2024-06-05 16:59:46,953 [INFO] ADCParametersView:116 -                Rank 1 : false
2024-06-05 16:59:46,953 [INFO] ADCParametersView:116 -                Rank 1 : false
2024-06-05 16:59:46,953 [INFO] ADCParametersView:116 -                Rank 1 : false
2024-06-05 16:59:46,953 [INFO] ADCParametersView:116 -                Rank 1 : false
2024-06-05 16:59:46,953 [INFO] ADCParametersView:116 -                Rank 1 : false
2024-06-05 16:59:46,953 [INFO] ADCParametersView:116 -                Rank 1 : false
2024-06-05 16:59:46,953 [INFO] ADCParametersView:116 -                Rank 1 : false
2024-06-05 16:59:46,953 [INFO] ADCParametersView:116 -                Rank 1 : false
2024-06-05 16:59:46,953 [INFO] ADCParametersView:116 -                Rank 1 : false
2024-06-05 16:59:46,953 [INFO] ADCParametersView:116 -                Rank 1 : false
2024-06-05 16:59:46,953 [INFO] ADCParametersView:116 -                Rank 1 : false
2024-06-05 16:59:46,953 [INFO] ADCParametersView:116 -                Rank 1 : false
2024-06-05 16:59:46,953 [INFO] ADCParametersView:116 -                Rank 1 : false
2024-06-05 16:59:46,953 [INFO] ADCParametersView:116 -                Rank 1 : false
2024-06-05 16:59:46,953 [INFO] ADCParametersView:116 -                Rank 1 : false
2024-06-05 16:59:46,963 [INFO] ADCParametersView:116 -                Rank 1 : false
2024-06-05 16:59:46,980 [INFO] ADCParametersView:116 -                Rank 1 : false
2024-06-05 16:59:46,980 [INFO] ADCParametersView:116 -                Rank 1 : false
2024-06-05 16:59:46,980 [INFO] ADCParametersView:116 -                Rank 1 : false
2024-06-05 16:59:46,980 [INFO] ADCParametersView:116 -                Rank 1 : false
2024-06-05 16:59:46,980 [INFO] ADCParametersView:116 -                Rank 1 : false
2024-06-05 16:59:46,980 [INFO] ADCParametersView:116 -                Rank 1 : false
2024-06-05 16:59:46,980 [INFO] ADCParametersView:116 -                Rank 1 : false
2024-06-05 16:59:46,980 [INFO] ADCParametersView:116 -                Rank 1 : false
2024-06-05 16:59:46,981 [INFO] ADCParametersView:116 -                Rank 1 : false
2024-06-05 16:59:46,981 [INFO] ADCParametersView:116 -                Rank 1 : false
2024-06-05 16:59:46,981 [INFO] ADCParametersView:116 -                Rank 1 : false
2024-06-05 16:59:46,981 [INFO] ADCParametersView:116 -                Rank 1 : false
2024-06-05 16:59:46,981 [INFO] ADCParametersView:116 -                Rank 1 : false
2024-06-05 16:59:46,981 [INFO] ADCParametersView:116 -                Rank 1 : false
2024-06-05 16:59:46,981 [INFO] ADCParametersView:116 -                Rank 1 : false
2024-06-05 16:59:46,981 [INFO] ADCParametersView:116 -                Rank 1 : false
2024-06-05 16:59:46,981 [INFO] ADCParametersView:116 -                Rank 1 : false
2024-06-05 16:59:46,981 [INFO] ADCParametersView:116 -                Rank 1 : false
2024-06-05 16:59:46,981 [INFO] ADCParametersView:116 -                Rank 1 : false
2024-06-05 16:59:46,981 [INFO] ADCParametersView:116 -                Rank 1 : false
2024-06-05 16:59:46,991 [INFO] ADCParametersView:116 -                Rank 1 : false
2024-06-05 16:59:53,372 [INFO] ADCParametersView:116 -                Rank 1 : false
2024-06-05 16:59:53,372 [INFO] ADCParametersView:116 -                Rank 1 : false
2024-06-05 16:59:53,372 [INFO] ADCParametersView:116 -                Rank 1 : false
2024-06-05 16:59:53,372 [INFO] ADCParametersView:116 -                Rank 1 : false
2024-06-05 16:59:53,373 [INFO] ADCParametersView:116 -                Rank 1 : false
2024-06-05 16:59:53,373 [INFO] ADCParametersView:116 -                Rank 1 : false
2024-06-05 16:59:53,373 [INFO] ADCParametersView:116 -                Rank 1 : false
2024-06-05 16:59:53,373 [INFO] ADCParametersView:116 -                Rank 1 : false
2024-06-05 16:59:53,373 [INFO] ADCParametersView:116 -                Rank 1 : false
2024-06-05 16:59:53,373 [INFO] ADCParametersView:116 -                Rank 1 : false
2024-06-05 16:59:53,373 [INFO] ADCParametersView:116 -                Rank 1 : false
2024-06-05 16:59:53,373 [INFO] ADCParametersView:116 -                Rank 1 : false
2024-06-05 16:59:53,373 [INFO] ADCParametersView:116 -                Rank 1 : false
2024-06-05 16:59:53,373 [INFO] ADCParametersView:116 -                Rank 1 : false
2024-06-05 16:59:53,373 [INFO] ADCParametersView:116 -                Rank 1 : false
2024-06-05 16:59:53,373 [INFO] ADCParametersView:116 -                Rank 1 : false
2024-06-05 16:59:53,373 [INFO] ADCParametersView:116 -                Rank 1 : false
2024-06-05 16:59:53,373 [INFO] ADCParametersView:116 -                Rank 1 : false
2024-06-05 16:59:53,373 [INFO] ADCParametersView:116 -                Rank 1 : false
2024-06-05 16:59:53,373 [INFO] ADCParametersView:116 -                Rank 1 : false
2024-06-05 16:59:53,373 [INFO] ADCParametersView:116 -                Rank 1 : false
2024-06-05 16:59:53,373 [INFO] ADCParametersView:116 -                Rank 1 : false
2024-06-05 16:59:53,373 [INFO] ADCParametersView:116 -                Rank 1 : false
2024-06-05 16:59:53,373 [INFO] ADCParametersView:116 -                Rank 1 : false
2024-06-05 16:59:53,373 [INFO] ADCParametersView:116 -                Rank 1 : false
2024-06-05 16:59:53,384 [INFO] ADCParametersView:116 -                Rank 1 : false
2024-06-05 16:59:53,403 [INFO] ADCParametersView:116 -                Rank 1 : false
2024-06-05 16:59:53,404 [INFO] ADCParametersView:116 -                Rank 1 : false
2024-06-05 16:59:53,404 [INFO] ADCParametersView:116 -                Rank 1 : false
2024-06-05 16:59:53,404 [INFO] ADCParametersView:116 -                Rank 1 : false
2024-06-05 16:59:53,404 [INFO] ADCParametersView:116 -                Rank 1 : false
2024-06-05 16:59:53,404 [INFO] ADCParametersView:116 -                Rank 1 : false
2024-06-05 16:59:53,404 [INFO] ADCParametersView:116 -                Rank 1 : false
2024-06-05 16:59:53,404 [INFO] ADCParametersView:116 -                Rank 1 : false
2024-06-05 16:59:53,404 [INFO] ADCParametersView:116 -                Rank 1 : false
2024-06-05 16:59:53,404 [INFO] ADCParametersView:116 -                Rank 1 : false
2024-06-05 16:59:53,404 [INFO] ADCParametersView:116 -                Rank 1 : false
2024-06-05 16:59:53,404 [INFO] ADCParametersView:116 -                Rank 1 : false
2024-06-05 16:59:53,404 [INFO] ADCParametersView:116 -                Rank 1 : false
2024-06-05 16:59:53,404 [INFO] ADCParametersView:116 -                Rank 1 : false
2024-06-05 16:59:53,404 [INFO] ADCParametersView:116 -                Rank 1 : false
2024-06-05 16:59:53,405 [INFO] ADCParametersView:116 -                Rank 1 : false
2024-06-05 16:59:53,405 [INFO] ADCParametersView:116 -                Rank 1 : false
2024-06-05 16:59:53,405 [INFO] ADCParametersView:116 -                Rank 1 : false
2024-06-05 16:59:53,405 [INFO] ADCParametersView:116 -                Rank 1 : false
2024-06-05 16:59:53,405 [INFO] ADCParametersView:116 -                Rank 1 : false
2024-06-05 16:59:53,405 [INFO] ADCParametersView:116 -                Rank 1 : false
2024-06-05 16:59:53,405 [INFO] ADCParametersView:116 -                Rank 1 : false
2024-06-05 16:59:53,405 [INFO] ADCParametersView:116 -                Rank 1 : false
2024-06-05 16:59:53,405 [INFO] ADCParametersView:116 -                Rank 1 : false
2024-06-05 16:59:53,405 [INFO] ADCParametersView:116 -                Rank 1 : false
2024-06-05 16:59:53,414 [INFO] ADCParametersView:116 -                Rank 1 : false
2024-06-05 17:00:03,982 [INFO] ADCParametersView:116 -                Rank 1 : false
2024-06-05 17:00:03,982 [INFO] ADCParametersView:116 -                Rank 1 : false
2024-06-05 17:00:03,982 [INFO] ADCParametersView:116 -                Rank 1 : false
2024-06-05 17:00:03,982 [INFO] ADCParametersView:116 -                Rank 1 : false
2024-06-05 17:00:03,983 [INFO] ADCParametersView:116 -                Rank 1 : false
2024-06-05 17:00:03,983 [INFO] ADCParametersView:116 -                Rank 1 : false
2024-06-05 17:00:03,983 [INFO] ADCParametersView:116 -                Rank 1 : false
2024-06-05 17:00:03,983 [INFO] ADCParametersView:116 -                Rank 1 : false
2024-06-05 17:00:03,983 [INFO] ADCParametersView:116 -                Rank 1 : false
2024-06-05 17:00:03,983 [INFO] ADCParametersView:116 -                Rank 1 : false
2024-06-05 17:00:03,983 [INFO] ADCParametersView:116 -                Rank 1 : false
2024-06-05 17:00:03,983 [INFO] ADCParametersView:116 -                Rank 1 : false
2024-06-05 17:00:03,983 [INFO] ADCParametersView:116 -                Rank 1 : false
2024-06-05 17:00:03,983 [INFO] ADCParametersView:116 -                Rank 1 : false
2024-06-05 17:00:03,983 [INFO] ADCParametersView:116 -                Rank 1 : false
2024-06-05 17:00:03,983 [INFO] ADCParametersView:116 -                Rank 1 : false
2024-06-05 17:00:03,983 [INFO] ADCParametersView:116 -                Rank 1 : false
2024-06-05 17:00:03,983 [INFO] ADCParametersView:116 -                Rank 1 : false
2024-06-05 17:00:03,983 [INFO] ADCParametersView:116 -                Rank 1 : false
2024-06-05 17:00:03,983 [INFO] ADCParametersView:116 -                Rank 1 : false
2024-06-05 17:00:03,983 [INFO] ADCParametersView:116 -                Rank 1 : false
2024-06-05 17:00:03,992 [INFO] ADCParametersView:116 -                Rank 1 : false
2024-06-05 17:00:04,013 [INFO] ADCParametersView:116 -                Rank 1 : false
2024-06-05 17:00:04,013 [INFO] ADCParametersView:116 -                Rank 1 : false
2024-06-05 17:00:04,013 [INFO] ADCParametersView:116 -                Rank 1 : false
2024-06-05 17:00:04,013 [INFO] ADCParametersView:116 -                Rank 1 : false
2024-06-05 17:00:04,013 [INFO] ADCParametersView:116 -                Rank 1 : false
2024-06-05 17:00:04,013 [INFO] ADCParametersView:116 -                Rank 1 : false
2024-06-05 17:00:04,013 [INFO] ADCParametersView:116 -                Rank 1 : false
2024-06-05 17:00:04,013 [INFO] ADCParametersView:116 -                Rank 1 : false
2024-06-05 17:00:04,013 [INFO] ADCParametersView:116 -                Rank 1 : false
2024-06-05 17:00:04,013 [INFO] ADCParametersView:116 -                Rank 1 : false
2024-06-05 17:00:04,013 [INFO] ADCParametersView:116 -                Rank 1 : false
2024-06-05 17:00:04,013 [INFO] ADCParametersView:116 -                Rank 1 : false
2024-06-05 17:00:04,013 [INFO] ADCParametersView:116 -                Rank 1 : false
2024-06-05 17:00:04,013 [INFO] ADCParametersView:116 -                Rank 1 : false
2024-06-05 17:00:04,013 [INFO] ADCParametersView:116 -                Rank 1 : false
2024-06-05 17:00:04,013 [INFO] ADCParametersView:116 -                Rank 1 : false
2024-06-05 17:00:04,013 [INFO] ADCParametersView:116 -                Rank 1 : false
2024-06-05 17:00:04,013 [INFO] ADCParametersView:116 -                Rank 1 : false
2024-06-05 17:00:04,014 [INFO] ADCParametersView:116 -                Rank 1 : false
2024-06-05 17:00:04,014 [INFO] ADCParametersView:116 -                Rank 1 : false
2024-06-05 17:00:04,014 [INFO] ADCParametersView:116 -                Rank 1 : false
2024-06-05 17:00:04,021 [INFO] ADCParametersView:116 -                Rank 1 : false
2024-06-05 17:01:42,369 [WARN] IP:2120 - PWR_Regulator_Voltage_Scale not found: check if there is a RefParameter without a condition.
2024-06-05 17:01:42,476 [WARN] IP:2120 - PWR_Regulator_Voltage_Scale not found: check if there is a RefParameter without a condition.
2024-06-05 17:01:42,515 [WARN] IP:2120 - PWR_Regulator_Voltage_Scale not found: check if there is a RefParameter without a condition.
2024-06-05 17:01:42,535 [WARN] IP:2120 - PWR_Regulator_Voltage_Scale not found: check if there is a RefParameter without a condition.
2024-06-05 17:01:42,540 [WARN] IP:2120 - PWR_Regulator_Voltage_Scale not found: check if there is a RefParameter without a condition.
2024-06-05 17:01:42,624 [WARN] IP:2120 - PWR_Regulator_Voltage_Scale not found: check if there is a RefParameter without a condition.
2024-06-05 17:01:42,647 [WARN] IP:2120 - PWR_Regulator_Voltage_Scale not found: check if there is a RefParameter without a condition.
2024-06-05 17:01:42,681 [WARN] IP:2120 - PWR_Regulator_Voltage_Scale not found: check if there is a RefParameter without a condition.
2024-06-05 17:01:42,685 [WARN] IP:2120 - PWR_Regulator_Voltage_Scale not found: check if there is a RefParameter without a condition.
2024-06-05 17:01:56,874 [WARN] IP:2120 - PWR_Regulator_Voltage_Scale not found: check if there is a RefParameter without a condition.
2024-06-05 17:01:56,957 [WARN] IP:2120 - PWR_Regulator_Voltage_Scale not found: check if there is a RefParameter without a condition.
2024-06-05 17:01:57,001 [WARN] IP:2120 - PWR_Regulator_Voltage_Scale not found: check if there is a RefParameter without a condition.
2024-06-05 17:01:57,024 [WARN] IP:2120 - PWR_Regulator_Voltage_Scale not found: check if there is a RefParameter without a condition.
2024-06-05 17:01:57,032 [WARN] IP:2120 - PWR_Regulator_Voltage_Scale not found: check if there is a RefParameter without a condition.
2024-06-05 17:01:57,136 [WARN] IP:2120 - PWR_Regulator_Voltage_Scale not found: check if there is a RefParameter without a condition.
2024-06-05 17:01:57,175 [WARN] IP:2120 - PWR_Regulator_Voltage_Scale not found: check if there is a RefParameter without a condition.
2024-06-05 17:01:57,203 [WARN] IP:2120 - PWR_Regulator_Voltage_Scale not found: check if there is a RefParameter without a condition.
2024-06-05 17:01:57,207 [WARN] IP:2120 - PWR_Regulator_Voltage_Scale not found: check if there is a RefParameter without a condition.
2024-06-05 17:01:58,970 [WARN] IP:2120 - PWR_Regulator_Voltage_Scale not found: check if there is a RefParameter without a condition.
2024-06-05 17:01:59,037 [WARN] IP:2120 - PWR_Regulator_Voltage_Scale not found: check if there is a RefParameter without a condition.
2024-06-05 17:01:59,066 [WARN] IP:2120 - PWR_Regulator_Voltage_Scale not found: check if there is a RefParameter without a condition.
2024-06-05 17:01:59,082 [WARN] IP:2120 - PWR_Regulator_Voltage_Scale not found: check if there is a RefParameter without a condition.
2024-06-05 17:01:59,086 [WARN] IP:2120 - PWR_Regulator_Voltage_Scale not found: check if there is a RefParameter without a condition.
2024-06-05 17:01:59,168 [WARN] IP:2120 - PWR_Regulator_Voltage_Scale not found: check if there is a RefParameter without a condition.
2024-06-05 17:01:59,188 [WARN] IP:2120 - PWR_Regulator_Voltage_Scale not found: check if there is a RefParameter without a condition.
2024-06-05 17:01:59,204 [WARN] IP:2120 - PWR_Regulator_Voltage_Scale not found: check if there is a RefParameter without a condition.
2024-06-05 17:01:59,208 [WARN] IP:2120 - PWR_Regulator_Voltage_Scale not found: check if there is a RefParameter without a condition.
2024-06-05 17:02:02,996 [WARN] IP:2120 - PWR_Regulator_Voltage_Scale not found: check if there is a RefParameter without a condition.
2024-06-05 17:02:03,111 [WARN] IP:2120 - PWR_Regulator_Voltage_Scale not found: check if there is a RefParameter without a condition.
2024-06-05 17:02:03,117 [WARN] IP:2120 - PWR_Regulator_Voltage_Scale not found: check if there is a RefParameter without a condition.
2024-06-05 17:02:03,242 [WARN] IP:2120 - PWR_Regulator_Voltage_Scale not found: check if there is a RefParameter without a condition.
2024-06-05 17:02:03,246 [WARN] IP:2120 - PWR_Regulator_Voltage_Scale not found: check if there is a RefParameter without a condition.
2024-06-05 17:23:04,337 [INFO] UtilMem:75 - End SaveConfig() Used Memory: 789895752 Bytes (968884224)
2024-06-05 17:23:05,621 [INFO] UtilMem:75 - End SaveConfig() Used Memory: 823826784 Bytes (968884224)
2024-06-05 17:23:07,096 [INFO] UtilMem:75 - End SaveConfig() Used Memory: 294716768 Bytes (968884224)
2024-06-05 17:23:07,590 [INFO] BlockDiagram:2759 - set Specific Code input for plugin: SPI
2024-06-05 17:23:07,591 [INFO] BlockDiagram:2759 - set Specific Code input for plugin: SYS
2024-06-05 17:23:07,591 [INFO] BlockDiagram:2759 - set Specific Code input for plugin: ADC
2024-06-05 17:23:07,591 [INFO] BlockDiagram:2759 - set Specific Code input for plugin: ADC
2024-06-05 17:23:07,591 [INFO] BlockDiagram:2759 - set Specific Code input for plugin: RCC
2024-06-05 17:23:07,591 [INFO] BlockDiagram:2759 - set Specific Code input for plugin: NVIC
2024-06-05 17:23:07,591 [INFO] BlockDiagram:2759 - set Specific Code input for plugin: USART
2024-06-05 17:23:07,591 [INFO] BlockDiagram:2759 - set Specific Code input for plugin: GPIO
2024-06-05 17:23:07,592 [INFO] CodeGenerator:807 - code generatio: config db path: C:\ST\STM32CubeIDE_1.10.1\STM32CubeIDE\plugins\com.st.stm32cube.common.mx_6.11.1.202404110753\\db\
2024-06-05 17:23:07,782 [INFO] CodeEngine:255 - oldGeneratedFile, D:\Download\DeleteThis\CurrentController\MXTmpFiles\license.tmp_save
2024-06-05 17:23:08,046 [INFO] CodeEngine:279 - Generated code: D:\Download\DeleteThis\CurrentController\MXTmpFiles\license.tmp
2024-06-05 17:23:08,179 [INFO] CodeEngine:255 - oldGeneratedFile, D:\Download\DeleteThis\CurrentController\MXTmpFiles\gpio.tmp_save
2024-06-05 17:23:08,322 [INFO] CodeEngine:279 - Generated code: D:\Download\DeleteThis\CurrentController\MXTmpFiles\gpio.tmp
2024-06-05 17:23:08,732 [INFO] CodeEngine:255 - oldGeneratedFile, D:\Download\DeleteThis\CurrentController\Core\Src\stm32g4xx_it.c_save
2024-06-05 17:23:08,882 [INFO] CodeEngine:279 - Generated code: D:\Download\DeleteThis\CurrentController\Core\Src\stm32g4xx_it.c
2024-06-05 17:23:08,911 [INFO] CodeEngine:255 - oldGeneratedFile, D:\Download\DeleteThis\CurrentController\Core\Inc\stm32g4xx_it.h_save
2024-06-05 17:23:08,984 [INFO] CodeEngine:279 - Generated code: D:\Download\DeleteThis\CurrentController\Core\Inc\stm32g4xx_it.h
2024-06-05 17:23:09,006 [INFO] CodeEngine:255 - oldGeneratedFile, D:\Download\DeleteThis\CurrentController\Core\Src\stm32g4xx_hal_msp.c_save
2024-06-05 17:23:09,142 [INFO] CodeEngine:279 - Generated code: D:\Download\DeleteThis\CurrentController\Core\Src\stm32g4xx_hal_msp.c
2024-06-05 17:23:09,160 [INFO] CodeEngine:255 - oldGeneratedFile, D:\Download\DeleteThis\CurrentController\MXTmpFiles\system.tmp_save
2024-06-05 17:23:09,221 [INFO] CodeEngine:279 - Generated code: D:\Download\DeleteThis\CurrentController\MXTmpFiles\system.tmp
2024-06-05 17:23:09,240 [INFO] CodeEngine:311 - oldGeneratedFile, D:\Download\DeleteThis\CurrentController\Core\Inc\stm32g4xx_hal_conf.h_save
2024-06-05 17:23:09,324 [INFO] CodeEngine:335 - Generated code: D:\Download\DeleteThis\CurrentController\Core\Inc\stm32g4xx_hal_conf.h
2024-06-05 17:23:09,349 [WARN] IPConfigManager:2982 - Warning: the RefConfig RCC_CommonPeriphClockConfig is not available in your config.xml file
2024-06-05 17:23:09,372 [INFO] CodeEngine:255 - oldGeneratedFile, D:\Download\DeleteThis\CurrentController\Core\Inc\main.h_save
2024-06-05 17:23:09,461 [INFO] CodeEngine:279 - Generated code: D:\Download\DeleteThis\CurrentController\Core\Inc\main.h
2024-06-05 17:23:09,478 [INFO] CodeEngine:255 - oldGeneratedFile, D:\Download\DeleteThis\CurrentController\Core\Src\main.c_save
2024-06-05 17:23:09,638 [INFO] CodeEngine:279 - Generated code: D:\Download\DeleteThis\CurrentController\Core\Src\main.c
2024-06-05 17:23:09,914 [INFO] ProjectBuilder:3163 - Time for Copy HAL[1] : 139mS.
2024-06-05 17:23:09,918 [INFO] ProjectBuilder:4736 - Project Generator version: 4.3.0-B58
2024-06-05 17:23:09,979 [INFO] ConfigFileManager:1503 - The Die is : DIE469
2024-06-05 17:23:09,996 [INFO] ApiDbMcu:508 - Load IP Config File for FATFS
2024-06-05 17:23:10,006 [INFO] ApiDbMcu:508 - Load IP Config File for FREERTOS
2024-06-05 17:23:10,018 [INFO] ApiDbMcu:508 - Load IP Config File for USBPD
2024-06-05 17:23:10,034 [INFO] ApiDbMcu:508 - Load IP Config File for USB_Device
2024-06-05 17:23:10,524 [INFO] LogOutputStream:77 - [STDOUT_REDIRECT] 
2024-06-05 17:23:12,075 [INFO] ProjectBuilder:5002 - Time for Generating toolchain IDE Files: 2156mS.
2024-06-05 17:23:12,075 [INFO] ProjectBuilder:3034 - Time for Copy CMSIS : 0mS.
2024-06-05 17:23:12,076 [INFO] ProjectBuilder:3034 - Time for Copy CMSIS : 0mS.
2024-06-05 17:23:15,674 [ERROR] LogOutputStream:75 - [STDERR_REDIRECT] 
2024-06-05 17:23:15,676 [ERROR] LogOutputStream:75 - [STDERR_REDIRECT] 
