2024-05-24 01:21:18,016 [INFO] Activator:176 - 


2024-05-24 01:21:18,023 [INFO] Activator:177 - !SESSION log4j initialized
2024-05-24 01:21:23,481 [INFO] LogOutputStream:77 - [STDOUT_REDIRECT] 
2024-05-24 01:21:25,425 [INFO] ApplicationProperties:184 - Using Application install path: C:\ST\STM32CubeIDE_1.10.1\STM32CubeIDE\plugins\com.st.stm32cube.common.mx_6.11.1.202404110753
2024-05-24 01:21:25,444 [INFO] DbMcusXml:78 - Set database path to: C:\ST\STM32CubeIDE_1.10.1\STM32CubeIDE\plugins\com.st.stm32cube.common.mx_6.11.1.202404110753\\db\/mcu/
2024-05-24 01:21:25,444 [INFO] ApiDb:274 - Set plugin database path to: C:\ST\STM32CubeIDE_1.10.1\STM32CubeIDE\plugins\com.st.stm32cube.common.mx_6.11.1.202404110753\\db\/plugins/boardmanager/
2024-05-24 01:21:25,444 [WARN] ApiDb:259 - Overriding images path with different value:  => C:\ST\STM32CubeIDE_1.10.1\STM32CubeIDE\plugins\com.st.stm32cube.common.mx_6.11.1.202404110753\\db\/plugins/mcufinder/images/
2024-05-24 01:21:25,452 [INFO] ApiDb:250 - Set database path to: C:\Users\saksh\.stmcufinder\plugins\mcufinder//mcu/
2024-05-24 01:21:25,453 [INFO] DbMcusAds:125 - Set database path to: C:\Users\saksh\.stmcufinder\plugins\mcufinder//mcu/
2024-05-24 01:21:25,455 [INFO] CrossReferenceDbSqlite:203 - Set database path to: C:\Users\saksh\.stmcufinder\plugins\mcufinder//mcu/cs/
2024-05-24 01:21:25,543 [INFO] RulesReader:64 - Compatibility file has been processed (297 Rules)
2024-05-24 01:21:25,607 [INFO] DbMcusXml:78 - Set database path to: C:\ST\STM32CubeIDE_1.10.1\STM32CubeIDE\plugins\com.st.stm32cube.common.mx_6.11.1.202404110753\\db\/mcu/
2024-05-24 01:21:25,607 [INFO] ApiDb:274 - Set plugin database path to: C:\ST\STM32CubeIDE_1.10.1\STM32CubeIDE\plugins\com.st.stm32cube.common.mx_6.11.1.202404110753\\db\/plugins/boardmanager/
2024-05-24 01:21:25,607 [INFO] ApiDb:261 - Set plugin images path to: C:\ST\STM32CubeIDE_1.10.1\STM32CubeIDE\plugins\com.st.stm32cube.common.mx_6.11.1.202404110753\\db\/plugins/mcufinder/images/
2024-05-24 01:21:25,607 [WARN] DbFile:41 - Overriding database path with different value: C:\Users\saksh\.stmcufinder\plugins\mcufinder/ => C:\Users\saksh\.stmcufinder\plugins\mcufinder
2024-05-24 01:21:25,607 [INFO] ApiDb:250 - Set database path to: C:\Users\saksh\.stmcufinder\plugins\mcufinder//mcu/
2024-05-24 01:21:25,607 [WARN] DbFile:41 - Overriding database path with different value: C:\Users\saksh\.stmcufinder\plugins\mcufinder/ => C:\Users\saksh\.stmcufinder\plugins\mcufinder
2024-05-24 01:21:25,607 [INFO] DbMcusAds:125 - Set database path to: C:\Users\saksh\.stmcufinder\plugins\mcufinder//mcu/
2024-05-24 01:21:25,607 [WARN] DbFile:41 - Overriding database path with different value: C:\Users\saksh\.stmcufinder\plugins\mcufinder/ => C:\Users\saksh\.stmcufinder\plugins\mcufinder
2024-05-24 01:21:25,609 [WARN] DbFile:41 - Overriding database path with different value: C:\Users\saksh\.stmcufinder\plugins\mcufinder/ => C:\Users\saksh\.stmcufinder\plugins\mcufinder
2024-05-24 01:21:25,609 [INFO] CrossReferenceDbSqlite:203 - Set database path to: C:\Users\saksh\.stmcufinder\plugins\mcufinder//mcu/cs/
2024-05-24 01:21:25,680 [INFO] MainPanel:264 - HeapMemory: 268435456
2024-05-24 01:21:25,761 [INFO] DbMcusXml:78 - Set database path to: C:\ST\STM32CubeIDE_1.10.1\STM32CubeIDE\plugins\com.st.stm32cube.common.mx_6.11.1.202404110753\\db\/mcu/
2024-05-24 01:21:25,762 [INFO] ApiDb:274 - Set plugin database path to: C:\ST\STM32CubeIDE_1.10.1\STM32CubeIDE\plugins\com.st.stm32cube.common.mx_6.11.1.202404110753\\db\/plugins/boardmanager/
2024-05-24 01:21:25,762 [INFO] ApiDb:261 - Set plugin images path to: C:\ST\STM32CubeIDE_1.10.1\STM32CubeIDE\plugins\com.st.stm32cube.common.mx_6.11.1.202404110753\\db\/plugins/mcufinder/images/
2024-05-24 01:21:25,762 [WARN] DbFile:41 - Overriding database path with different value: C:\Users\saksh\.stmcufinder\plugins\mcufinder/ => C:\Users\saksh\.stmcufinder\plugins\mcufinder
2024-05-24 01:21:25,762 [INFO] ApiDb:250 - Set database path to: C:\Users\saksh\.stmcufinder\plugins\mcufinder//mcu/
2024-05-24 01:21:25,762 [WARN] DbFile:41 - Overriding database path with different value: C:\Users\saksh\.stmcufinder\plugins\mcufinder/ => C:\Users\saksh\.stmcufinder\plugins\mcufinder
2024-05-24 01:21:25,762 [INFO] DbMcusAds:125 - Set database path to: C:\Users\saksh\.stmcufinder\plugins\mcufinder//mcu/
2024-05-24 01:21:25,762 [WARN] DbFile:41 - Overriding database path with different value: C:\Users\saksh\.stmcufinder\plugins\mcufinder/ => C:\Users\saksh\.stmcufinder\plugins\mcufinder
2024-05-24 01:21:25,762 [WARN] DbFile:41 - Overriding database path with different value: C:\Users\saksh\.stmcufinder\plugins\mcufinder/ => C:\Users\saksh\.stmcufinder\plugins\mcufinder
2024-05-24 01:21:25,762 [INFO] CrossReferenceDbSqlite:203 - Set database path to: C:\Users\saksh\.stmcufinder\plugins\mcufinder//mcu/cs/
2024-05-24 01:21:25,778 [INFO] ApplicationProperties:184 - Using Application install path: C:\ST\STM32CubeIDE_1.10.1\STM32CubeIDE\plugins\com.st.stm32cube.common.mx_6.11.1.202404110753
2024-05-24 01:21:25,780 [INFO] PluginManage:196 - Search for loadable plugins [exclusion list=, ]
2024-05-24 01:21:25,781 [INFO] PluginManage:310 - Check plugin analytics
2024-05-24 01:21:25,904 [INFO] AnalyticsPlugin:253 - Accepted Software Licenses: 
2024-05-24 01:21:25,904 [INFO] AnalyticsPlugin:255 - Accepted CMSIS Pack Licenses: 
2024-05-24 01:21:25,904 [INFO] AnalyticsPlugin:257 - Accepted Firmware Licenses: FW.H7.1.10.0,FW.G4.1.5.0
2024-05-24 01:21:25,906 [INFO] PluginManage:359 - Loaded plugin analytics (category:tool,tabindex:-1)
2024-05-24 01:21:25,906 [INFO] PluginManage:310 - Check plugin cadmodel
2024-05-24 01:21:25,920 [INFO] CADModel:105 - Init CAD model plugin
2024-05-24 01:21:25,920 [INFO] PluginManage:359 - Loaded plugin cadmodel (category:power,tabindex:5)
2024-05-24 01:21:25,920 [INFO] PluginManage:310 - Check plugin clock
2024-05-24 01:21:25,939 [INFO] PluginManage:359 - Loaded plugin clock (category:base,tabindex:2)
2024-05-24 01:21:25,939 [INFO] PluginManage:310 - Check plugin ddr
2024-05-24 01:21:25,941 [INFO] PluginManage:359 - Loaded plugin ddr (category:tool,tabindex:6)
2024-05-24 01:21:25,941 [INFO] PluginManage:310 - Check plugin filemanager
2024-05-24 01:21:26,060 [INFO] PluginManage:359 - Loaded plugin filemanager (category:base,tabindex:10)
2024-05-24 01:21:26,060 [INFO] PluginManage:310 - Check plugin ipmanager
2024-05-24 01:21:26,065 [INFO] PluginManage:359 - Loaded plugin ipmanager (category:base,tabindex:5)
2024-05-24 01:21:26,065 [INFO] PluginManage:310 - Check plugin lpbam
2024-05-24 01:21:26,079 [INFO] PluginManage:359 - Loaded plugin lpbam (category:base,tabindex:0)
2024-05-24 01:21:26,079 [INFO] PluginManage:310 - Check plugin memorymap
2024-05-24 01:21:26,096 [INFO] PluginManage:359 - Loaded plugin memorymap (category:base,tabindex:4)
2024-05-24 01:21:26,096 [INFO] PluginManage:310 - Check plugin pinoutandconfiguration
2024-05-24 01:21:26,111 [INFO] PluginManage:359 - Loaded plugin pinoutandconfiguration (category:base,tabindex:1)
2024-05-24 01:21:26,112 [INFO] PluginManage:310 - Check plugin pinoutconfig
2024-05-24 01:21:26,193 [WARN] SupportedApi:132 - Cannot load RTOS API schema: s4s-elt-must-match.1: The content of 'definitions' must match (annotation?, (simpleType | complexType)?, (unique | key | keyref)*)). A problem was found starting at: attribute.
2024-05-24 01:21:26,292 [INFO] PluginManage:359 - Loaded plugin pinoutconfig (category:base,tabindex:0)
2024-05-24 01:21:26,292 [INFO] PluginManage:310 - Check plugin power
2024-05-24 01:21:26,310 [INFO] PluginManage:359 - Loaded plugin power (category:power,tabindex:4)
2024-05-24 01:21:26,310 [INFO] PluginManage:310 - Check plugin projectmanager
2024-05-24 01:21:26,323 [INFO] PluginManage:359 - Loaded plugin projectmanager (category:projectmanager,tabindex:3)
2024-05-24 01:21:26,323 [INFO] PluginManage:310 - Check plugin thirdparty
2024-05-24 01:21:26,533 [INFO] PluginManage:359 - Loaded plugin thirdparty (category:base,tabindex:-1)
2024-05-24 01:21:26,533 [WARN] IntegrityCheckThread:84 - waiting for thirdparty lock release [integrity check]
2024-05-24 01:21:26,533 [INFO] PluginManage:310 - Check plugin tools
2024-05-24 01:21:26,534 [INFO] IntegrityCheckThread:86 - entering critical section [integrity check]
2024-05-24 01:21:26,534 [INFO] ThirdPartyUpdaterWithRetryManager:70 - Updater plugin not ready yet. [1/15]
2024-05-24 01:21:26,559 [INFO] PluginManage:359 - Loaded plugin tools (category:base,tabindex:7)
2024-05-24 01:21:26,559 [INFO] PluginManage:310 - Check plugin tutovideos
2024-05-24 01:21:26,724 [INFO] PluginManage:359 - Loaded plugin tutovideos (category:base,tabindex:-1)
2024-05-24 01:21:26,724 [INFO] PluginManage:310 - Check plugin updater
2024-05-24 01:21:26,734 [INFO] PluginManage:359 - Loaded plugin updater (category:base,tabindex:12)
2024-05-24 01:21:26,734 [INFO] PluginManage:310 - Check plugin userauth
2024-05-24 01:21:26,739 [INFO] UserAuth:114 - Init User Auth plugin
2024-05-24 01:21:26,739 [INFO] PluginManage:359 - Loaded plugin userauth (category:base,tabindex:14)
2024-05-24 01:21:26,739 [INFO] PluginManage:283 - PluginManage : Loaded plugins [17]
2024-05-24 01:21:26,906 [INFO] PinOutPanel:1561 - setPackage(No Configuration,No Configuration)
2024-05-24 01:21:26,971 [INFO] CADModel:165 - CPN selected for project level
2024-05-24 01:21:26,971 [INFO] CADModel:114 - Register for checkConnection events
2024-05-24 01:21:26,994 [INFO] IPUIPlugin:80 - create IPUIPlugin
2024-05-24 01:21:26,996 [INFO] PluginManager:220 - loadIPPluginJar : add adc
2024-05-24 01:21:27,027 [INFO] IPUIPlugin:80 - create IPUIPlugin
2024-05-24 01:21:27,027 [INFO] PluginManager:220 - loadIPPluginJar : add aes
2024-05-24 01:21:27,060 [INFO] IPUIPlugin:80 - create IPUIPlugin
2024-05-24 01:21:27,060 [INFO] PluginManager:220 - loadIPPluginJar : add can
2024-05-24 01:21:27,078 [INFO] IPUIPlugin:80 - create IPUIPlugin
2024-05-24 01:21:27,078 [INFO] PluginManager:220 - loadIPPluginJar : add comp
2024-05-24 01:21:27,103 [INFO] IPUIPlugin:80 - create IPUIPlugin
2024-05-24 01:21:27,104 [INFO] PluginManager:220 - loadIPPluginJar : add cryp
2024-05-24 01:21:27,126 [INFO] IPUIPlugin:80 - create IPUIPlugin
2024-05-24 01:21:27,126 [INFO] PluginManager:220 - loadIPPluginJar : add dfsdm
2024-05-24 01:21:27,137 [INFO] IPUIPlugin:80 - create IPUIPlugin
2024-05-24 01:21:27,138 [INFO] PluginManager:220 - loadIPPluginJar : add dma
2024-05-24 01:21:27,169 [INFO] IPUIPlugin:80 - create IPUIPlugin
2024-05-24 01:21:27,169 [INFO] PluginManager:220 - loadIPPluginJar : add dma3
2024-05-24 01:21:27,201 [INFO] IPUIPlugin:80 - create IPUIPlugin
2024-05-24 01:21:27,201 [INFO] PluginManager:220 - loadIPPluginJar : add extmemmanager
2024-05-24 01:21:27,215 [INFO] IPUIPlugin:80 - create IPUIPlugin
2024-05-24 01:21:27,215 [INFO] PluginManager:220 - loadIPPluginJar : add fatfs
2024-05-24 01:21:27,249 [INFO] IPUIPlugin:80 - create IPUIPlugin
2024-05-24 01:21:27,249 [INFO] PluginManager:220 - loadIPPluginJar : add fmc
2024-05-24 01:21:27,261 [INFO] IPUIPlugin:80 - create IPUIPlugin
2024-05-24 01:21:27,262 [INFO] PluginManager:220 - loadIPPluginJar : add freertos
2024-05-24 01:21:27,276 [INFO] IPUIPlugin:80 - create IPUIPlugin
2024-05-24 01:21:27,276 [INFO] PluginManager:220 - loadIPPluginJar : add genericplugin
2024-05-24 01:21:27,340 [INFO] IPUIPlugin:80 - create IPUIPlugin
2024-05-24 01:21:27,340 [INFO] PluginManager:220 - loadIPPluginJar : add gfxmmu
2024-05-24 01:21:27,456 [INFO] IPUIPlugin:80 - create IPUIPlugin
2024-05-24 01:21:27,456 [INFO] PluginManager:220 - loadIPPluginJar : add gic
2024-05-24 01:21:27,470 [INFO] IPUIPlugin:80 - create IPUIPlugin
2024-05-24 01:21:27,471 [INFO] PluginManager:220 - loadIPPluginJar : add gpio
2024-05-24 01:21:27,546 [INFO] IPUIPlugin:80 - create IPUIPlugin
2024-05-24 01:21:27,546 [INFO] PluginManager:220 - loadIPPluginJar : add gtzc
2024-05-24 01:21:27,571 [INFO] IPUIPlugin:80 - create IPUIPlugin
2024-05-24 01:21:27,571 [INFO] PluginManager:220 - loadIPPluginJar : add hash
2024-05-24 01:21:27,612 [INFO] IPUIPlugin:80 - create IPUIPlugin
2024-05-24 01:21:27,613 [INFO] PluginManager:220 - loadIPPluginJar : add i2c
2024-05-24 01:21:27,641 [INFO] IPUIPlugin:80 - create IPUIPlugin
2024-05-24 01:21:27,641 [INFO] PluginManager:220 - loadIPPluginJar : add i2s
2024-05-24 01:21:27,674 [INFO] IPUIPlugin:80 - create IPUIPlugin
2024-05-24 01:21:27,674 [INFO] PluginManager:220 - loadIPPluginJar : add i3c
2024-05-24 01:21:27,757 [INFO] IPUIPlugin:80 - create IPUIPlugin
2024-05-24 01:21:27,757 [INFO] PluginManager:220 - loadIPPluginJar : add ipddr
2024-05-24 01:21:27,823 [INFO] IPUIPlugin:80 - create IPUIPlugin
2024-05-24 01:21:27,823 [INFO] PluginManager:220 - loadIPPluginJar : add linkedlist
2024-05-24 01:21:27,849 [INFO] IPUIPlugin:80 - create IPUIPlugin
2024-05-24 01:21:27,849 [INFO] PluginManager:220 - loadIPPluginJar : add lorawan
2024-05-24 01:21:27,875 [INFO] IPUIPlugin:80 - create IPUIPlugin
2024-05-24 01:21:27,876 [INFO] PluginManager:220 - loadIPPluginJar : add ltdc
2024-05-24 01:21:27,887 [INFO] IPUIPlugin:80 - create IPUIPlugin
2024-05-24 01:21:27,887 [INFO] PluginManager:220 - loadIPPluginJar : add mdma
2024-05-24 01:21:27,896 [INFO] IPUIPlugin:80 - create IPUIPlugin
2024-05-24 01:21:27,896 [INFO] PluginManager:220 - loadIPPluginJar : add nvic
2024-05-24 01:21:27,922 [INFO] IPUIPlugin:80 - create IPUIPlugin
2024-05-24 01:21:27,922 [INFO] PluginManager:220 - loadIPPluginJar : add opamp
2024-05-24 01:21:27,966 [INFO] IPUIPlugin:80 - create IPUIPlugin
2024-05-24 01:21:27,966 [INFO] PluginManager:220 - loadIPPluginJar : add openamp
2024-05-24 01:21:27,998 [INFO] IPUIPlugin:80 - create IPUIPlugin
2024-05-24 01:21:27,998 [INFO] PluginManager:220 - loadIPPluginJar : add pdm2pcm
2024-05-24 01:21:28,008 [INFO] IPUIPlugin:80 - create IPUIPlugin
2024-05-24 01:21:28,010 [INFO] PluginManager:220 - loadIPPluginJar : add plateformsettings
2024-05-24 01:21:28,029 [INFO] IPUIPlugin:80 - create IPUIPlugin
2024-05-24 01:21:28,029 [INFO] PluginManager:220 - loadIPPluginJar : add quadspi
2024-05-24 01:21:28,038 [INFO] IPUIPlugin:80 - create IPUIPlugin
2024-05-24 01:21:28,038 [INFO] PluginManager:220 - loadIPPluginJar : add resmgrutility
2024-05-24 01:21:28,075 [INFO] IPUIPlugin:80 - create IPUIPlugin
2024-05-24 01:21:28,076 [INFO] PluginManager:220 - loadIPPluginJar : add sai
2024-05-24 01:21:28,103 [INFO] IPUIPlugin:80 - create IPUIPlugin
2024-05-24 01:21:28,103 [INFO] PluginManager:220 - loadIPPluginJar : add spi
2024-05-24 01:21:28,156 [INFO] IPUIPlugin:80 - create IPUIPlugin
2024-05-24 01:21:28,156 [INFO] PluginManager:220 - loadIPPluginJar : add stm32_wpan
2024-05-24 01:21:28,173 [INFO] IPUIPlugin:80 - create IPUIPlugin
2024-05-24 01:21:28,173 [INFO] PluginManager:220 - loadIPPluginJar : add tim
2024-05-24 01:21:28,216 [INFO] IPUIPlugin:80 - create IPUIPlugin
2024-05-24 01:21:28,216 [INFO] PluginManager:220 - loadIPPluginJar : add touchsensing
2024-05-24 01:21:28,232 [INFO] IPUIPlugin:80 - create IPUIPlugin
2024-05-24 01:21:28,233 [INFO] PluginManager:220 - loadIPPluginJar : add tracer_emb
2024-05-24 01:21:28,250 [INFO] IPUIPlugin:80 - create IPUIPlugin
2024-05-24 01:21:28,250 [INFO] PluginManager:220 - loadIPPluginJar : add ts
2024-05-24 01:21:28,266 [INFO] IPUIPlugin:80 - create IPUIPlugin
2024-05-24 01:21:28,266 [INFO] PluginManager:220 - loadIPPluginJar : add tsc
2024-05-24 01:21:28,281 [INFO] IPUIPlugin:80 - create IPUIPlugin
2024-05-24 01:21:28,282 [INFO] PluginManager:220 - loadIPPluginJar : add ucpd
2024-05-24 01:21:28,313 [INFO] IPUIPlugin:80 - create IPUIPlugin
2024-05-24 01:21:28,314 [INFO] PluginManager:220 - loadIPPluginJar : add usart
2024-05-24 01:21:28,346 [INFO] IPUIPlugin:80 - create IPUIPlugin
2024-05-24 01:21:28,346 [INFO] PluginManager:220 - loadIPPluginJar : add usbx
2024-05-24 01:21:28,457 [INFO] CADModel:165 - CPN selected for project level
2024-05-24 01:21:28,457 [INFO] CADModel:114 - Register for checkConnection events
2024-05-24 01:21:28,457 [FATAL] Updater:308 - Updater called before beeing initialized
2024-05-24 01:21:28,457 [ERROR] CADModel:125 - Updater not yet initialized, retry later 
2024-05-24 01:21:28,564 [INFO] CADModel:165 - CPN selected for project level
2024-05-24 01:21:28,564 [INFO] CADModel:114 - Register for checkConnection events
2024-05-24 01:21:28,564 [FATAL] Updater:308 - Updater called before beeing initialized
2024-05-24 01:21:28,564 [ERROR] CADModel:125 - Updater not yet initialized, retry later 
2024-05-24 01:21:28,566 [FATAL] Updater:308 - Updater called before beeing initialized
2024-05-24 01:21:28,640 [FATAL] Updater:308 - Updater called before beeing initialized
2024-05-24 01:21:28,647 [INFO] DbMcusAds:53 - JSON generation date=Thu May 16 14:52:00 IST 2024 (1715851320852)
2024-05-24 01:21:28,647 [FATAL] Updater:308 - Updater called before beeing initialized
2024-05-24 01:21:28,713 [WARN] DetailPanel:346 - Failed to get advertising image, set to default
2024-05-24 01:21:28,801 [FATAL] Updater:308 - Updater called before beeing initialized
2024-05-24 01:21:28,803 [FATAL] Updater:308 - Updater called before beeing initialized
2024-05-24 01:21:28,803 [FATAL] Updater:308 - Updater called before beeing initialized
2024-05-24 01:21:28,804 [WARN] DetailPanel:346 - Failed to get advertising image, set to default
2024-05-24 01:21:28,804 [FATAL] Updater:308 - Updater called before beeing initialized
2024-05-24 01:21:28,864 [ERROR] Updater:1120 - MainUpdater not yet initialized. External WinMGr cannot be set.
2024-05-24 01:21:28,874 [INFO] Updater:1056 - Updater Version found : 6.11.1
2024-05-24 01:21:28,891 [INFO] ApplicationProperties:184 - Using Application install path: C:\ST\STM32CubeIDE_1.10.1\STM32CubeIDE\plugins\com.st.stm32cube.common.mx_6.11.1.202404110753
2024-05-24 01:21:29,536 [INFO] ThirdPartyUpdaterWithRetryManager:70 - Updater plugin not ready yet. [2/15]
2024-05-24 01:21:30,468 [ERROR] LogOutputStream:75 - [STDERR_REDIRECT] May 24, 2024 1:21:30 AM java.util.prefs.WindowsPreferences <init>
2024-05-24 01:21:30,468 [ERROR] LogOutputStream:75 - [STDERR_REDIRECT] WARNING: Could not open/create prefs root node Software\JavaSoft\Prefs at root 0xffffffff80000002. Windows RegCreateKeyEx(...) returned error code 5.
2024-05-24 01:21:30,468 [ERROR] LogOutputStream:75 - [STDERR_REDIRECT] 
2024-05-24 01:21:30,878 [INFO] MainUpdater:2873 - connection check result : 10
2024-05-24 01:21:30,878 [INFO] MainUpdater:290 - Updater Check For Update Now.
2024-05-24 01:21:30,878 [INFO] MicroXplorer:498 - Change Database Version : DB.6.0.111
2024-05-24 01:21:30,892 [INFO] McuFinderGlobals:63 - Set McuFinder mode to 2 (CubeIDE integrated)
2024-05-24 01:21:30,892 [INFO] UserAuth:179 - activating auth plugin
2024-05-24 01:21:30,894 [INFO] UserAuth:415 - Internet connection configuration mode: 1
2024-05-24 01:21:30,926 [INFO] JxBrowserEngine:152 - Initiate JxBrowser Engine with user profile folder
2024-05-24 01:21:31,071 [INFO] CheckServerUpdateThread:120 - End of CheckServer Thread
2024-05-24 01:21:31,171 [INFO] McuFinderGlobals:63 - Set McuFinder mode to 2 (CubeIDE integrated)
2024-05-24 01:21:31,191 [INFO] MainUpdater:2873 - connection check result : 10
2024-05-24 01:21:31,196 [INFO] MainUpdater:2873 - connection check result : 10
2024-05-24 01:21:31,325 [INFO] MicroXplorer:468 - Change Database Path : 
2024-05-24 01:21:31,325 [INFO] MicroXplorer:498 - Change Database Version : DB.6.0.111
2024-05-24 01:21:31,331 [WARN] ThirdParty:871 - waiting for thirdparty lock release [close project]
2024-05-24 01:21:32,685 [WARN] PackLoader:240 - Cannot read IP mode file for STMicroelectronics.FP-SNS-MOTENVWB1.1.4.0
2024-05-24 01:21:32,698 [WARN] PackLoader:240 - Cannot read IP mode file for STMicroelectronics.X-CUBE-SMBUS.2.1.0
2024-05-24 01:21:32,708 [WARN] PackLoader:240 - Cannot read IP mode file for STMicroelectronics.X-CUBE-TOUCHGFX.4.23.1
2024-05-24 01:21:32,717 [WARN] PackLoader:240 - Cannot read IP mode file for STMicroelectronics.X-CUBE-TOUCHGFX.4.23.0
2024-05-24 01:21:32,725 [WARN] PackLoader:240 - Cannot read IP mode file for STMicroelectronics.X-CUBE-TOUCHGFX.4.23.2
2024-05-24 01:21:32,754 [WARN] PackLoader:240 - Cannot read IP mode file for STMicroelectronics.X-CUBE-AZRTOS-F7.1.1.0
2024-05-24 01:21:32,769 [ERROR] RealEvaluatedCondition:428 - Found unsupported composite condition: CLASS='Data Exchange' GROUP='STM32_MetaDataManager'
2024-05-24 01:21:32,770 [ERROR] RealEvaluatedCondition:428 - Found unsupported composite condition: CLASS='Data Exchange' GROUP='STM32_MetaDataManager'
2024-05-24 01:21:32,771 [WARN] PackLoader:240 - Cannot read IP mode file for STMicroelectronics.FP-SNS-MOTENV1.4.3.0
2024-05-24 01:21:32,783 [WARN] PackLoader:240 - Cannot read IP mode file for STMicroelectronics.FP-SNS-MOTENV1.4.3.2
2024-05-24 01:21:32,795 [WARN] PackLoader:240 - Cannot read IP mode file for STMicroelectronics.FP-SNS-FLIGHT1.5.0.0
2024-05-24 01:21:32,807 [ERROR] RealEvaluatedCondition:428 - Found unsupported composite condition: GROUP='STM32_MetaDataManager' CLASS='Data Exchange'
2024-05-24 01:21:32,807 [ERROR] RealEvaluatedCondition:428 - Found unsupported composite condition: CLASS='Data Exchange' GROUP='STM32_MetaDataManager'
2024-05-24 01:21:32,808 [WARN] PackLoader:240 - Cannot read IP mode file for STMicroelectronics.FP-SNS-MOTENV1.4.3.1
2024-05-24 01:21:32,820 [WARN] PackLoader:240 - Cannot read IP mode file for STMicroelectronics.FP-SNS-FLIGHT1.5.0.1
2024-05-24 01:21:32,831 [WARN] PackLoader:240 - Cannot read IP mode file for STMicroelectronics.X-CUBE-BLE1.6.2.3
2024-05-24 01:21:32,841 [WARN] PackLoader:240 - Cannot read IP mode file for STMicroelectronics.X-CUBE-BLE1.6.2.4
2024-05-24 01:21:32,852 [WARN] PackLoader:240 - Cannot read IP mode file for STMicroelectronics.FP-SNS-FLIGHT1.5.0.2
2024-05-24 01:21:32,866 [WARN] PackLoader:240 - Cannot read IP mode file for STMicroelectronics.X-CUBE-TOF1.3.1.0
2024-05-24 01:21:32,881 [WARN] PackLoader:240 - Cannot read IP mode file for STMicroelectronics.X-CUBE-DISPLAY.3.0.0
2024-05-24 01:21:32,899 [WARN] PackLoader:240 - Cannot read IP mode file for STMicroelectronics.X-CUBE-BLE1.7.0.0
2024-05-24 01:21:32,915 [WARN] PackLoader:240 - Cannot read IP mode file for STMicroelectronics.X-CUBE-TOUCHGFX.4.22.0
2024-05-24 01:21:32,957 [WARN] PackLoader:240 - Cannot read IP mode file for STMicroelectronics.X-CUBE-MEMS1.9.3.0
2024-05-24 01:21:33,089 [WARN] PackLoader:240 - Cannot read IP mode file for STMicroelectronics.X-CUBE-AI.7.2.0
2024-05-24 01:21:33,111 [WARN] PackLoader:240 - Cannot read IP mode file for STMicroelectronics.X-CUBE-BLEMGR.3.1.0
2024-05-24 01:21:33,128 [WARN] PackLoader:240 - Cannot read IP mode file for STMicroelectronics.FP-SNS-SMARTAG2.1.2.0
2024-05-24 01:21:33,151 [INFO] LogOutputStream:77 - [STDOUT_REDIRECT] 1 : Invalid condition id : UX_CORESTACK_Condition cause : null
2024-05-24 01:21:33,151 [INFO] LogOutputStream:77 - [STDOUT_REDIRECT] 1 : Invalid condition id : UX_CORESTACK_Condition cause : null
2024-05-24 01:21:33,152 [INFO] LogOutputStream:77 - [STDOUT_REDIRECT] 1 : Invalid condition id : UX_CORESTACK_Condition cause : null
2024-05-24 01:21:33,154 [INFO] LogOutputStream:77 - [STDOUT_REDIRECT] 1 : Invalid condition id : UX_CORESTACK_Condition cause : null
2024-05-24 01:21:33,154 [INFO] LogOutputStream:77 - [STDOUT_REDIRECT] 1 : Invalid condition id : UX_CORESTACK_Condition cause : null
2024-05-24 01:21:33,158 [WARN] PackLoader:240 - Cannot read IP mode file for STMicroelectronics.X-CUBE-AZRTOS-WL.2.0.0
2024-05-24 01:21:33,172 [WARN] PackLoader:240 - Cannot read IP mode file for STMicroelectronics.FP-SNS-MOTENV1.5.0.0
2024-05-24 01:21:33,189 [WARN] PackLoader:240 - Cannot read IP mode file for WES.I-CUBE-Cesium.1.3.0
2024-05-24 01:21:33,209 [WARN] PackLoader:240 - Cannot read IP mode file for STMicroelectronics.X-CUBE-BLE2.3.3.0
2024-05-24 01:21:33,250 [WARN] PackLoader:240 - Cannot read IP mode file for STMicroelectronics.X-CUBE-DISPLAY.2.2.0
2024-05-24 01:21:33,304 [WARN] PackLoader:240 - Cannot read IP mode file for STMicroelectronics.X-CUBE-TOF1.3.2.0
2024-05-24 01:21:33,323 [WARN] PackLoader:240 - Cannot read IP mode file for STMicroelectronics.X-CUBE-ISPU.1.0.0
2024-05-24 01:21:33,354 [WARN] PackLoader:240 - Cannot read IP mode file for STMicroelectronics.X-CUBE-AZRTOS-H7.2.1.0
2024-05-24 01:21:33,373 [WARN] PackLoader:240 - Cannot read IP mode file for STMicroelectronics.X-CUBE-TCPP.4.1.0
2024-05-24 01:21:33,388 [WARN] PackLoader:240 - Cannot read IP mode file for STMicroelectronics.X-CUBE-TOUCHGFX.4.21.1
2024-05-24 01:21:33,401 [WARN] PackLoader:240 - Cannot read IP mode file for STMicroelectronics.X-CUBE-TOUCHGFX.4.21.3
2024-05-24 01:21:33,412 [WARN] PackLoader:240 - Cannot read IP mode file for STMicroelectronics.X-CUBE-TOUCHGFX.4.21.4
2024-05-24 01:21:33,454 [WARN] PackLoader:240 - Cannot read IP mode file for STMicroelectronics.X-CUBE-MEMS1.9.4.0
2024-05-24 01:21:33,559 [WARN] PackLoader:240 - Cannot read IP mode file for STMicroelectronics.X-CUBE-AI.7.3.0
2024-05-24 01:21:33,575 [WARN] PackLoader:240 - Cannot read IP mode file for STMicroelectronics.X-CUBE-ALGOBUILD.1.3.0
2024-05-24 01:21:33,601 [WARN] PackLoader:240 - Cannot read IP mode file for STMicroelectronics.X-CUBE-AZRTOS-G0.1.1.0
2024-05-24 01:21:33,616 [WARN] PackLoader:240 - Cannot read IP mode file for STMicroelectronics.X-CUBE-SAFEA1.1.2.2
2024-05-24 01:21:33,627 [WARN] PackLoader:240 - Cannot read IP mode file for STMicroelectronics.X-CUBE-NFC4.3.0.0
2024-05-24 01:21:33,663 [WARN] PackLoader:240 - Cannot read IP mode file for SEGGER.I-CUBE-embOS.1.2.0
2024-05-24 01:21:33,699 [WARN] PackLoader:240 - Cannot read IP mode file for STMicroelectronics.X-CUBE-BLEMGR.3.0.0
2024-05-24 01:21:33,713 [WARN] PackLoader:240 - Cannot read IP mode file for STMicroelectronics.X-CUBE-BLEMGR.1.3.0
2024-05-24 01:21:33,726 [WARN] PackLoader:240 - Cannot read IP mode file for STMicroelectronics.FP-ATR-SIGFOX1.3.2.0
2024-05-24 01:21:33,743 [WARN] PackLoader:240 - Cannot read IP mode file for STMicroelectronics.X-CUBE-EEPRMA1.5.1.0
2024-05-24 01:21:33,764 [WARN] PackLoader:240 - Cannot read IP mode file for emotas.I-CUBE-CANOPEN.1.1.2
2024-05-24 01:21:33,780 [WARN] PackLoader:240 - Cannot read IP mode file for STMicroelectronics.X-CUBE-TOUCHGFX.4.20.0
2024-05-24 01:21:33,825 [WARN] PackLoader:240 - Cannot read IP mode file for STMicroelectronics.X-CUBE-MEMS1.9.5.0
2024-05-24 01:21:33,936 [WARN] PackLoader:240 - Cannot read IP mode file for SEGGER.I-CUBE-embOS.1.3.1
2024-05-24 01:21:33,974 [WARN] PackLoader:240 - Cannot read IP mode file for STMicroelectronics.X-CUBE-ALGOBUILD.1.4.0
2024-05-24 01:21:33,989 [WARN] PackLoader:240 - Cannot read IP mode file for STMicroelectronics.X-CUBE-GNSS1.6.0.0
2024-05-24 01:21:34,015 [WARN] PackLoader:240 - Cannot read IP mode file for STMicroelectronics.X-CUBE-AZRTOS-F4.1.1.0
2024-05-24 01:21:34,030 [WARN] PackLoader:240 - Cannot read IP mode file for STMicroelectronics.X-CUBE-FREERTOS.1.2.0
2024-05-24 01:21:34,045 [WARN] PackLoader:240 - Cannot read IP mode file for STMicroelectronics.X-CUBE-BLEMGR.1.2.0
2024-05-24 01:21:34,074 [WARN] PackLoader:240 - Cannot read IP mode file for STMicroelectronics.X-CUBE-AZRTOS-L5.2.0.0
2024-05-24 01:21:34,128 [WARN] PackLoader:240 - Cannot read IP mode file for STMicroelectronics.X-CUBE-MEMS1.9.6.0
2024-05-24 01:21:34,242 [WARN] PackLoader:240 - Cannot read IP mode file for STMicroelectronics.X-CUBE-EEPRMA1.4.2.0
2024-05-24 01:21:34,255 [WARN] PackLoader:240 - Cannot read IP mode file for STMicroelectronics.X-CUBE-NFC6.3.1.0
2024-05-24 01:21:34,264 [WARN] PackLoader:240 - Cannot read IP mode file for ITTIA_DB.I-CUBE-ITTIADB.8.8.0
2024-05-24 01:21:34,276 [WARN] PackLoader:240 - Cannot read IP mode file for STMicroelectronics.X-CUBE-BLEMGR.2.0.0
2024-05-24 01:21:34,287 [WARN] PackLoader:240 - Cannot read IP mode file for STMicroelectronics.X-CUBE-NFC4.2.0.4
2024-05-24 01:21:34,296 [WARN] PackLoader:240 - Cannot read IP mode file for STMicroelectronics.X-CUBE-AI.9.0.0
2024-05-24 01:21:34,318 [WARN] ConditionMgr:438 - getConditionDescription Invalid condition id : UX DEVICE CLASS RTOS Condition cause : null
2024-05-24 01:21:34,318 [WARN] ConditionMgr:438 - getConditionDescription Invalid condition id : UX DEVICE CLASS RTOS Condition cause : null
2024-05-24 01:21:34,320 [WARN] PackLoader:240 - Cannot read IP mode file for STMicroelectronics.X-CUBE-AZRTOS-H7.3.1.0
2024-05-24 01:21:34,321 [WARN] ConditionMgr:1039 - genDependencies : Invalid condition id : UX DEVICE CLASS RTOS Condition cause : null
2024-05-24 01:21:34,321 [WARN] ConditionMgr:1039 - genDependencies : Invalid condition id : UX DEVICE CLASS RTOS Condition cause : null
2024-05-24 01:21:34,322 [WARN] ConditionMgr:1039 - genDependencies : Invalid condition id : UX DEVICE CLASS RTOS Condition cause : null
2024-05-24 01:21:34,322 [WARN] ConditionMgr:1039 - genDependencies : Invalid condition id : UX DEVICE CLASS RTOS Condition cause : null
2024-05-24 01:21:34,322 [WARN] ConditionMgr:1039 - genDependencies : Invalid condition id : UX DEVICE CLASS RTOS Condition cause : null
2024-05-24 01:21:34,333 [WARN] PackLoader:240 - Cannot read IP mode file for wolfSSL.I-CUBE-wolfSSL.5.5.0
2024-05-24 01:21:34,342 [WARN] PackLoader:240 - Cannot read IP mode file for STMicroelectronics.X-CUBE-NFC7.1.0.1
2024-05-24 01:21:34,351 [WARN] PackLoader:240 - Cannot read IP mode file for STMicroelectronics.X-CUBE-NFC7.1.0.0
2024-05-24 01:21:34,363 [WARN] PackLoader:240 - Cannot read IP mode file for STMicroelectronics.X-CUBE-NFC6.3.0.0
2024-05-24 01:21:34,373 [WARN] PackLoader:240 - Cannot read IP mode file for STMicroelectronics.X-CUBE-EEPRMA1.4.1.0
2024-05-24 01:21:34,385 [WARN] PackLoader:240 - Cannot read IP mode file for STMicroelectronics.X-CUBE-AI.8.1.0
2024-05-24 01:21:34,413 [WARN] ConditionMgr:438 - getConditionDescription Invalid condition id : LAN8742 Phy interface Condition cause : null
2024-05-24 01:21:34,414 [WARN] PackLoader:240 - Cannot read IP mode file for STMicroelectronics.X-CUBE-AZRTOS-L4.2.0.0
2024-05-24 01:21:34,414 [WARN] ConditionMgr:1039 - genDependencies : Invalid condition id : LAN8742 Phy interface Condition cause : null
2024-05-24 01:21:34,415 [WARN] ConditionMgr:1039 - genDependencies : Invalid condition id : LAN8742 Phy interface Condition cause : null
2024-05-24 01:21:34,415 [WARN] ConditionMgr:1039 - genDependencies : Invalid condition id : LAN8742 Phy interface Condition cause : null
2024-05-24 01:21:34,425 [WARN] PackLoader:240 - Cannot read IP mode file for STMicroelectronics.X-CUBE-SFXS2LP1.4.0.0
2024-05-24 01:21:34,465 [WARN] PackLoader:240 - Cannot read IP mode file for STMicroelectronics.X-CUBE-AZRTOS-H7.3.0.0
2024-05-24 01:21:34,497 [WARN] PackLoader:240 - Cannot read IP mode file for STMicroelectronics.X-CUBE-ISPU.1.1.0
2024-05-24 01:21:34,562 [WARN] PackLoader:240 - Cannot read IP mode file for RoweBots.I-CUBE-UNISONRTOS.5.5.0-4
2024-05-24 01:21:34,570 [WARN] PackLoader:240 - Cannot read IP mode file for STMicroelectronics.X-CUBE-AI.8.0.0
2024-05-24 01:21:34,589 [WARN] ConditionMgr:438 - getConditionDescription Invalid condition id : UX DEVICE CLASS RTOS Condition cause : null
2024-05-24 01:21:34,589 [WARN] ConditionMgr:438 - getConditionDescription Invalid condition id : UX DEVICE CLASS RTOS Condition cause : null
2024-05-24 01:21:34,591 [WARN] PackLoader:240 - Cannot read IP mode file for STMicroelectronics.X-CUBE-AZRTOS-WB.2.0.0
2024-05-24 01:21:34,592 [WARN] ConditionMgr:1039 - genDependencies : Invalid condition id : UX DEVICE CLASS RTOS Condition cause : null
2024-05-24 01:21:34,592 [WARN] ConditionMgr:1039 - genDependencies : Invalid condition id : UX DEVICE CLASS RTOS Condition cause : null
2024-05-24 01:21:34,592 [WARN] ConditionMgr:1039 - genDependencies : Invalid condition id : UX DEVICE CLASS RTOS Condition cause : null
2024-05-24 01:21:34,592 [WARN] ConditionMgr:1039 - genDependencies : Invalid condition id : UX DEVICE CLASS RTOS Condition cause : null
2024-05-24 01:21:34,592 [WARN] ConditionMgr:1039 - genDependencies : Invalid condition id : UX DEVICE CLASS RTOS Condition cause : null
2024-05-24 01:21:34,632 [WARN] PackLoader:240 - Cannot read IP mode file for STMicroelectronics.X-CUBE-FREERTOS.1.0.0
2024-05-24 01:21:34,683 [WARN] PackLoader:240 - Cannot read IP mode file for STMicroelectronics.X-CUBE-FREERTOS.1.0.1
2024-05-24 01:21:34,714 [WARN] PackLoader:240 - Cannot read IP mode file for STMicroelectronics.X-CUBE-BLEMGR.1.0.0
2024-05-24 01:21:34,781 [WARN] PackLoader:240 - Cannot read IP mode file for STMicroelectronics.X-CUBE-AZRTOS-L5.1.1.0
2024-05-24 01:21:34,790 [WARN] PackLoader:240 - Cannot read IP mode file for STMicroelectronics.X-CUBE-AI.8.0.1
2024-05-24 01:21:34,804 [WARN] PackLoader:240 - Cannot read IP mode file for STMicroelectronics.X-CUBE-SUBG2.5.0.0
2024-05-24 01:21:34,818 [WARN] PackLoader:240 - Cannot read IP mode file for STMicroelectronics.X-CUBE-TOF1.3.3.1
2024-05-24 01:21:34,839 [WARN] PackLoader:240 - Cannot read IP mode file for STMicroelectronics.X-CUBE-AZRTOS-G4.2.0.0
2024-05-24 01:21:34,857 [WARN] PackLoader:240 - Cannot read IP mode file for STMicroelectronics.X-CUBE-TOF1.3.3.0
2024-05-24 01:21:34,883 [WARN] PackLoader:240 - Cannot read IP mode file for STMicroelectronics.FP-ATR-ASTRA1.1.1.1
2024-05-24 01:21:34,904 [WARN] PackLoader:240 - Cannot read IP mode file for Infineon.AIROC-Wi-Fi-Bluetooth-STM32.1.5.1
2024-05-24 01:21:34,916 [WARN] PackLoader:240 - Cannot read IP mode file for STMicroelectronics.FP-SNS-MOTENVWB1.1.3.1
2024-05-24 01:21:34,934 [WARN] PackLoader:240 - Cannot read IP mode file for STMicroelectronics.X-CUBE-AZRTOS-G4.1.0.0
2024-05-24 01:21:34,959 [WARN] PackLoader:240 - Cannot read IP mode file for STMicroelectronics.X-CUBE-AZRTOS-L4.1.0.0
2024-05-24 01:21:34,967 [WARN] PackLoader:240 - Cannot read IP mode file for STMicroelectronics.X-CUBE-ISPU.2.0.0
2024-05-24 01:21:34,994 [WARN] PackLoader:240 - Cannot read IP mode file for STMicroelectronics.X-CUBE-MEMS1.10.0.0
2024-05-24 01:21:35,053 [WARN] PackLoader:240 - Cannot read IP mode file for STMicroelectronics.X-CUBE-FREERTOS.1.1.0
2024-05-24 01:21:35,066 [WARN] PackLoader:240 - Cannot read IP mode file for STMicroelectronics.X-CUBE-AZRTOS-WL.1.0.0
2024-05-24 01:21:35,077 [WARN] PackLoader:240 - Cannot read IP mode file for portGmbH.I-Cube-SoM-uGOAL.1.1.0
2024-05-24 01:21:35,086 [WARN] PackLoader:240 - Cannot read IP mode file for STMicroelectronics.X-CUBE-ALS.1.0.1
2024-05-24 01:21:35,091 [INFO] WebApp:161 - Instantiating new browser for Auth
2024-05-24 01:21:35,102 [WARN] PackLoader:240 - Cannot read IP mode file for STMicroelectronics.X-CUBE-AZRTOS-WB.1.1.0
2024-05-24 01:21:35,193 [WARN] PackLoader:240 - Cannot read IP mode file for STMicroelectronics.X-CUBE-AZRTOS-L5.1.0.0
2024-05-24 01:21:35,202 [WARN] PackLoader:240 - Cannot read IP mode file for STMicroelectronics.X-CUBE-EEPRMA1.3.1.1
2024-05-24 01:21:35,231 [WARN] PackLoader:240 - Cannot read IP mode file for STMicroelectronics.X-CUBE-AZRTOS-H7RS.1.0.0
2024-05-24 01:21:35,240 [WARN] PackLoader:240 - Cannot read IP mode file for STMicroelectronics.FP-ATR-ASTRA1.2.0.0
2024-05-24 01:21:35,257 [WARN] PackLoader:240 - Cannot read IP mode file for STMicroelectronics.X-CUBE-TOF1.3.4.0
2024-05-24 01:21:35,274 [WARN] PackLoader:240 - Cannot read IP mode file for STMicroelectronics.X-CUBE-TOF1.3.4.1
2024-05-24 01:21:35,298 [WARN] PackLoader:240 - Cannot read IP mode file for STMicroelectronics.X-CUBE-AZRTOS-H7.3.2.0
2024-05-24 01:21:35,299 [INFO] ThirdParty:978 - Integrity check success = true
2024-05-24 01:21:35,299 [INFO] IntegrityCheckThread:100 - exiting critical section [integrity check]
2024-05-24 01:21:35,300 [INFO] IntegrityCheckThread:103 - End integrity checks thread
2024-05-24 01:21:35,300 [INFO] ThirdParty:873 - entering critical section [close project]
2024-05-24 01:21:35,300 [INFO] ThirdParty:883 - exiting critical section [close project]
2024-05-24 01:21:35,301 [INFO] PinOutPanel:1561 - setPackage(No Configuration,No Configuration)
2024-05-24 01:21:35,304 [INFO] UtilMem:75 - Begin LoadConfig() Used Memory: 315193320 Bytes (533725184)
2024-05-24 01:21:35,309 [INFO] MicroXplorer:468 - Change Database Path : C:/Users/saksh/.stm32cubemx/databases/DB.6.0.100/db/
2024-05-24 01:21:35,309 [INFO] MicroXplorer:498 - Change Database Version : DB.6.0.100
2024-05-24 01:21:35,631 [INFO] WebApp:779 - Register for checkConnection events
2024-05-24 01:21:35,631 [INFO] WebApp:414 - Apply proxy settings
2024-05-24 01:21:35,631 [INFO] WebApp:499 - Chromium requires no authentication
2024-05-24 01:21:35,636 [INFO] WebApp:442 - Direct internet connection detected
2024-05-24 01:21:35,766 [INFO] WebApp:192 - Starting web application
2024-05-24 01:21:35,766 [INFO] WebApp:544 - Web application path used C:\ST\STM32CubeIDE_1.10.1\STM32CubeIDE\plugins\com.st.stm32cube.common.mx_6.11.1.202404110753\db\plugins\mcufinder\reactClient1\index.html
2024-05-24 01:21:37,186 [INFO] OpenFileManager:312 - Change cursor
2024-05-24 01:21:37,213 [INFO] Mcu:2021 - Initializing MCU STM32G474R(B-C-E)Tx STM32G474RETx STM32G474RET3
2024-05-24 01:21:40,506 [INFO] Context:663 - Trying to add GPIOservice into a context  which must be forbidden
2024-05-24 01:21:41,843 [INFO] RtosManager:555 - Registered RTOS mode: class=CMSIS, group=RTOS, mode=CMSIS_V1, owner=FREERTOS
2024-05-24 01:21:41,843 [INFO] RtosManager:555 - Registered RTOS mode: class=CMSIS, group=RTOS2, mode=CMSIS_V2, owner=FREERTOS
2024-05-24 01:21:41,843 [INFO] RtosManager:555 - Registered RTOS mode: class=RTOS, group=Core, mode=CMSIS_V1, owner=FREERTOS
2024-05-24 01:21:41,843 [INFO] RtosManager:555 - Registered RTOS mode: class=RTOS, group=Core, mode=CMSIS_V2, owner=FREERTOS
2024-05-24 01:21:41,843 [WARN] ModelIntegratedComponent:184 - Missing modes for component STMicroelectronics:FreeRTOS:0.0.1:STMicroelectronics:RTOS:FreeRTOS:Core:::10.2.0:
2024-05-24 01:21:41,849 [WARN] ModelIntegratedComponent:63 - No mode defined for component null
2024-05-24 01:21:41,849 [WARN] ModelIntegratedComponent:63 - No mode defined for component null
2024-05-24 01:21:41,849 [WARN] ModelIntegratedComponent:63 - No mode defined for component null
2024-05-24 01:21:41,849 [WARN] ModelIntegratedComponent:63 - No mode defined for component null
2024-05-24 01:21:41,849 [WARN] ModelIntegratedComponent:63 - No mode defined for component null
2024-05-24 01:21:41,849 [WARN] ModelIntegratedComponent:63 - No mode defined for component null
2024-05-24 01:21:41,849 [WARN] ModelIntegratedComponent:63 - No mode defined for component null
2024-05-24 01:21:41,849 [WARN] ModelIntegratedComponent:63 - No mode defined for component null
2024-05-24 01:21:41,849 [WARN] ModelIntegratedComponent:63 - No mode defined for component null
2024-05-24 01:21:41,849 [WARN] ModelIntegratedComponent:63 - No mode defined for component null
2024-05-24 01:21:41,849 [WARN] ModelIntegratedComponent:63 - No mode defined for component null
2024-05-24 01:21:41,849 [WARN] ModelIntegratedComponent:63 - No mode defined for component null
2024-05-24 01:21:41,849 [WARN] ModelIntegratedComponent:63 - No mode defined for component null
2024-05-24 01:21:41,849 [WARN] ModelIntegratedComponent:63 - No mode defined for component null
2024-05-24 01:21:41,849 [WARN] ModelIntegratedComponent:63 - No mode defined for component null
2024-05-24 01:21:41,850 [WARN] ModelIntegratedComponent:63 - No mode defined for component null
2024-05-24 01:21:41,850 [WARN] ModelIntegratedComponent:63 - No mode defined for component null
2024-05-24 01:21:41,850 [WARN] ModelIntegratedComponent:63 - No mode defined for component null
2024-05-24 01:21:41,850 [WARN] ModelIntegratedComponent:63 - No mode defined for component null
2024-05-24 01:21:41,850 [WARN] ModelIntegratedComponent:63 - No mode defined for component null
2024-05-24 01:21:41,850 [WARN] ModelIntegratedComponent:63 - No mode defined for component null
2024-05-24 01:21:41,850 [WARN] ModelIntegratedComponent:63 - No mode defined for component null
2024-05-24 01:21:41,850 [WARN] ModelIntegratedComponent:63 - No mode defined for component null
2024-05-24 01:21:41,850 [WARN] ModelIntegratedComponent:63 - No mode defined for component null
2024-05-24 01:21:41,850 [WARN] ModelIntegratedComponent:63 - No mode defined for component null
2024-05-24 01:21:41,850 [WARN] ModelIntegratedComponent:63 - No mode defined for component null
2024-05-24 01:21:41,850 [WARN] ModelIntegratedComponent:63 - No mode defined for component null
2024-05-24 01:21:41,850 [WARN] ModelIntegratedComponent:63 - No mode defined for component null
2024-05-24 01:21:41,850 [WARN] ModelIntegratedComponent:63 - No mode defined for component null
2024-05-24 01:21:41,850 [WARN] ModelIntegratedComponent:63 - No mode defined for component null
2024-05-24 01:21:41,850 [WARN] ModelIntegratedComponent:63 - No mode defined for component null
2024-05-24 01:21:41,850 [WARN] ModelIntegratedComponent:63 - No mode defined for component null
2024-05-24 01:21:41,850 [WARN] ModelIntegratedComponent:63 - No mode defined for component null
2024-05-24 01:21:41,850 [WARN] ModelIntegratedComponent:63 - No mode defined for component null
2024-05-24 01:21:42,089 [INFO] ThirdPartyModel:298 - Start build external matchings
2024-05-24 01:21:43,462 [INFO] ThirdPartyModel:316 - End build external matchings
2024-05-24 01:21:43,497 [INFO] ImportTextPane:194 - (OptionalMessage_ERROR) IP (ADC1) : Parameter (CommonPathInternal) has invalid value (null|null|null|null)
2024-05-24 01:21:43,941 [INFO] ApiDb:581 - Connected to CubeFinder SQLite database (C:\Users\saksh\.stmcufinder\plugins\mcufinder\mcu\cube-finder-db.db)
2024-05-24 01:21:44,007 [INFO] ApiDb:668 - CubeFinder database Data Model version=2.1
2024-05-24 01:21:44,007 [INFO] ApiDb:669 - CubeFinder database Configuration version=3.0.39
2024-05-24 01:21:44,007 [INFO] ApiDb:670 - CubeFinder database generation date=2024-04-15 (1713193726)
2024-05-24 01:21:44,007 [INFO] ApiDb:671 - CubeFinder database FW Pack versions=[FP-ATR-ASTRA1_V2.0.0, FP-SNS-FLIGHT1_V5.0.1, FP-SNS-FLIGHT1_V5.0.2, FP-SNS-MOTENV1_V4.3.1, FP-SNS-MOTENV1_V4.3.2, FP-SNS-MOTENVWB1_V1.3.1, FP-SNS-SMARTAG2_V1.2.0, STM32Cube_FW_C0_V1.1.0, STM32Cube_FW_F4_V1.28.0, STM32Cube_FW_F7_V1.17.0, STM32Cube_FW_G0_V1.6.2, STM32Cube_FW_G4_V1.5.2, STM32Cube_FW_H5_V0.5.1, STM32Cube_FW_H5_V1.1.1, STM32Cube_FW_H5_V1.2.0, STM32Cube_FW_H5_V1.2.0RC4, STM32Cube_FW_H7RS_V1.0.0, STM32Cube_FW_H7RS_V1.0.0RC4, STM32Cube_FW_H7_V1.11.0, STM32Cube_FW_L0_V1.12.2, STM32Cube_FW_L5_V1.5.1, STM32Cube_FW_U0_V1.0.0, STM32Cube_FW_U0_V1.0.0RC1, STM32Cube_FW_U5_V1.3.0RC4, STM32Cube_FW_U5_V1.5.0, STM32Cube_FW_U5_V1.5.0RC1, STM32Cube_FW_WBA_V1.0.0RC1, STM32Cube_FW_WBA_V1.2.0, STM32Cube_FW_WBA_V1.2.0RC2, STM32Cube_FW_WBA_V1.3.0, STM32Cube_FW_WBA_V1.3.0RC1, STM32Cube_FW_WB_V1.15.0RC1, STM32Cube_FW_WB_V1.16.0, STM32Cube_FW_WB_V1.16.0RC2, STM32Cube_FW_WB_V1.18.0, STM32Cube_FW_WB_V1.19.0, STM32Cube_FW_WL_V1.3.0, X-CUBE-ALGOBUILD_V1.3.0, X-CUBE-ALS_V1.0.1, X-CUBE-AZRTOS-F4_V1.1.0, X-CUBE-AZRTOS-F7_V1.1.0, X-CUBE-AZRTOS-G0_V1.1.0, X-CUBE-AZRTOS-G4_V2.0.0, X-CUBE-AZRTOS-H7_V3.2.0, X-CUBE-AZRTOS-L4_V1.0.0, X-CUBE-AZRTOS-L4_V2.0.0, X-CUBE-AZRTOS-L5_V1.1.0, X-CUBE-AZRTOS-WB_V2.0.0, X-CUBE-AZRTOS-WL_V2.0.0, X-CUBE-BLE1_V7.0.0, X-CUBE-BLE2_V3.3.0, X-CUBE-BLEMGR_V3.1.0, X-CUBE-EEPRMA1_V4.1.0, X-CUBE-EEPRMA1_V5.1.0, X-CUBE-FREERTOS_V1.1.0, X-CUBE-GNSS1_V6.0.0, X-CUBE-MEMS1_V10.0.0, X-CUBE-MEMS1_V9.1.0, X-CUBE-MEMS1_V9.4.0, X-CUBE-MEMS1_V9.6.0, X-CUBE-NFC4_V3.0.0, X-CUBE-NFC7_V1.0.1, X-CUBE-SFXS2LP1_V4.0.0, X-CUBE-SUBG2_V5.0.0, X-CUBE-TOF1_V3.4.0]
2024-05-24 01:21:44,114 [INFO] DbBoardsSqlite:226 - include board P-NUCLEO-WB55-NUCLEO as a kit item of type 'Nucleo-64'
2024-05-24 01:21:44,114 [INFO] DbBoardsSqlite:226 - include board P-NUCLEO-WB55-USBDONGLE as a kit item of type 'Nucleo USB Dongle'
2024-05-24 01:21:44,115 [INFO] DbBoardsSqlite:226 - include board STEVAL-IDP005V1 as a kit item of type 'Evaluation Board'
2024-05-24 01:21:44,115 [INFO] DbBoardsSqlite:226 - include board STEVAL-IDP005V2 as a kit item of type 'Evaluation Board'
2024-05-24 01:21:44,320 [INFO] ApiDb:240 - Found 483 in-development CPN: [B-G473E-ZEST1S, B-WB1M-WPAN1, B-WL5M-SUBG1, NUCLEO-C031C6, NUCLEO-H503RB, NUCLEO-H533RE, NUCLEO-H563ZI, NUCLEO-H7S3L8, NUCLEO-U031R8, NUCLEO-U083RC, NUCLEO-U545RE-Q, NUCLEO-U5A5ZJ-Q, NUCLEO-WBA52CG, NUCLEO-WBA55CG, STEVAL-PROTEUS1, STEVAL-SMARTAG2, STEVAL-STWINBX1, STM320518-EVAL, STM32C0116-DK, STM32C011D6Y3TR, STM32C011D6Y6TR, STM32C011F4P3, STM32C011F4P6, STM32C011F4U3, STM32C011F4U6TR, STM32C011F6P3, STM32C011F6P6, STM32C011F6U3, STM32C011F6U6TR, STM32C011J4M3, STM32C011J4M6, STM32C011J6M3, STM32C011J6M6, STM32C0316-DK, STM32C031C4T3, STM32C031C4T6, STM32C031C4U3, STM32C031C4U6, STM32C031C6T3, STM32C031C6T6, STM32C031C6U3, STM32C031C6U6, STM32C031F4P3, STM32C031F4P6, STM32C031F6P3, STM32C031F6P6, STM32C031G4U3, STM32C031G4U6, STM32C031G6U3, STM32C031G6U6, STM32C031K4T3, STM32C031K4T6, STM32C031K4U3, STM32C031K4U6, STM32C031K6T3, STM32C031K6T6, STM32C031K6U3, STM32C031K6U6, STM32G071K8TXN, STM32G071K8UXN, STM32G081GBU6N, STM32G081KBT6N, STM32G081KBUXN, STM32G0B1CCT6N, STM32G0B1KCT6, STM32G0B1NEY6TR, STM32G0B1RCT6N, STM32G0C1CCT6, STM32G0C1CCT6N, STM32G0C1CCU6N, STM32G0C1CET6N, STM32G0C1CEU6N, STM32G0C1KCT6, STM32G0C1NEY6TR, STM32G0C1RCI6N, STM32G0C1RCT6N, STM32G0C1REI6N, STM32G0C1RET6N, STM32G0C1VCI6, STM32G0C1VEI6, STM32G471CCT6, STM32G471CCU6, STM32G471CET3, STM32G471CET6, STM32G471CEU3, STM32G471CEU6, STM32G471MCT6, STM32G471MET3, STM32G471MET6, STM32G471MEY6TR, STM32G471QCT6, STM32G471QET3, STM32G471RCT6, STM32G471RET3, STM32G471RET6, STM32G471VCH6, STM32G471VCI6, STM32G471VCT6, STM32G471VEH3, STM32G471VEH6, STM32G471VEI3, STM32G471VEI6, STM32G471VET3, STM32G471VET6, STM32G474CCT6, STM32H503CBT6, STM32H503CBU6, STM32H503EBY6TR, STM32H503KBU6, STM32H503RBT6, STM32H523CCT6, STM32H523CCU6, STM32H523CET6, STM32H523CEU6, STM32H523HEY6TR, STM32H523RCT6, STM32H523RET6, STM32H523VCI6, STM32H523VCT6, STM32H523VEI6, STM32H523VET6, STM32H523ZCJ6, STM32H523ZCT6, STM32H523ZEJ6, STM32H523ZET6, STM32H533CET6, STM32H533CEU6, STM32H533HEY6TR, STM32H533RET6, STM32H533VEI6, STM32H533VET6, STM32H533ZEJ6, STM32H533ZET6, STM32H562AGI6, STM32H562AII6, STM32H562IGK6, STM32H562IGT6, STM32H562IIK6, STM32H562IIT6, STM32H562RGT6, STM32H562RGV6, STM32H562RIT6, STM32H562RIV6, STM32H562VGT6, STM32H562VIT6, STM32H562ZGT6, STM32H562ZIT6, STM32H563AGI6, STM32H563AII3Q, STM32H563AII6, STM32H563IGK6, STM32H563IGT6, STM32H563IIK3Q, STM32H563IIK6, STM32H563IIT3Q, STM32H563IIT6, STM32H563MIY3QTR, STM32H563RGT6, STM32H563RGV6, STM32H563RIT6, STM32H563RIV6, STM32H563VGT6, STM32H563VIT3Q, STM32H563VIT6, STM32H563ZGT6, STM32H563ZIT3Q, STM32H563ZIT6, STM32H573AII3Q, STM32H573AII6, STM32H573I-DK, STM32H573IIK3Q, STM32H573IIK6, STM32H573IIT3Q, STM32H573IIT6, STM32H573MIY3QTR, STM32H573RIT6, STM32H573RIV6, STM32H573VIT3Q, STM32H573VIT6, STM32H573ZIT3Q, STM32H573ZIT6, STM32H7R3A8I6, STM32H7R3I8K6, STM32H7R3I8T6, STM32H7R3L8H6, STM32H7R3L8H6H, STM32H7R3R8V6, STM32H7R3V8H6, STM32H7R3V8T6, STM32H7R3V8Y6, STM32H7R3Z8J6, STM32H7R3Z8T6, STM32H7R7A8I6, STM32H7R7I8K6, STM32H7R7I8T6, STM32H7R7L8H6, STM32H7R7L8H6H, STM32H7R7Z8J6, STM32H7S3A8I6, STM32H7S3I8K6, STM32H7S3I8T6, STM32H7S3L8H6, STM32H7S3L8H6H, STM32H7S3R8V6, STM32H7S3V8H6, STM32H7S3V8T6, STM32H7S3V8Y6, STM32H7S3Z8J6, STM32H7S3Z8T6, STM32H7S78-DK, STM32H7S7A8I6, STM32H7S7I8K6, STM32H7S7I8T6, STM32H7S7L8H6, STM32H7S7L8H6H, STM32H7S7Z8J6, STM32L4R5QGI6STR, STM32MP131AAE3, STM32MP131AAF3, STM32MP131AAG3, STM32MP131CAE3, STM32MP131CAF3, STM32MP131CAG3, STM32MP131DAE7, STM32MP131DAF7, STM32MP131DAG7, STM32MP131FAE7, STM32MP131FAF7, STM32MP131FAG7, STM32MP133AAE3, STM32MP133AAF3, STM32MP133AAG3, STM32MP133CAE3, STM32MP133CAF3, STM32MP133CAG3, STM32MP133DAE7, STM32MP133DAF7, STM32MP133DAG7, STM32MP133FAE7, STM32MP133FAF7, STM32MP133FAG7, STM32MP135AAE3, STM32MP135AAF3, STM32MP135AAG3, STM32MP135CAE3, STM32MP135CAF3, STM32MP135CAG3, STM32MP135DAE7, STM32MP135DAF7, STM32MP135DAG7, STM32MP135F-DK, STM32MP135FAE7, STM32MP135FAF7, STM32MP135FAF7T, STM32MP135FAF7U, STM32MP135FAG7, STM32U031C6T6, STM32U031C6U6, STM32U031C8T6, STM32U031C8U6, STM32U031F4P6, STM32U031F6P6, STM32U031F8P6, STM32U031G6Y6TR, STM32U031G8Y6TR, STM32U031K4U6, STM32U031K6U6, STM32U031K8U6, STM32U031R6I6, STM32U031R6T6, STM32U031R8I6, STM32U031R8T6, STM32U073C8T6, STM32U073C8U6, STM32U073CBT6, STM32U073CBU6, STM32U073CCT6, STM32U073CCU6, STM32U073H8Y6TR, STM32U073HBY6TR, STM32U073HCY6TR, STM32U073K8U6, STM32U073KBU6, STM32U073KCU6, STM32U073M8I6, STM32U073M8T6, STM32U073MBI6, STM32U073MBT6, STM32U073MCI6, STM32U073MCT6, STM32U073R8I6, STM32U073R8T6, STM32U073RBI6, STM32U073RBT6, STM32U073RCI6, STM32U073RCT6, STM32U083C-DK, STM32U083CCT6, STM32U083CCU6, STM32U083HCY6TR, STM32U083KCU6, STM32U083MCI6, STM32U083MCT6, STM32U083RCI6, STM32U083RCT6, STM32U535CBT6, STM32U535CBT6Q, STM32U535CBU6, STM32U535CBU6Q, STM32U535CCT6, STM32U535CCT6Q, STM32U535CCU6, STM32U535CCU6Q, STM32U535CET6, STM32U535CET6Q, STM32U535CEU6, STM32U535CEU6Q, STM32U535JEY6QTR, STM32U535NCY6QTR, STM32U535NEY6QTR, STM32U535RBI6, STM32U535RBI6Q, STM32U535RBT6, STM32U535RBT6Q, STM32U535RCI6, STM32U535RCI6Q, STM32U535RCT6, STM32U535RCT6Q, STM32U535REI6, STM32U535REI6Q, STM32U535RET6, STM32U535RET6Q, STM32U535VCI6, STM32U535VCI6Q, STM32U535VCT6, STM32U535VCT6Q, STM32U535VEI6, STM32U535VEI6Q, STM32U535VET6, STM32U535VET6Q, STM32U545CET6, STM32U545CET6Q, STM32U545CEU6, STM32U545CEU6Q, STM32U545JEY6QTR, STM32U545NEY6QTR, STM32U545REI6, STM32U545REI6Q, STM32U545RET6, STM32U545RET6Q, STM32U545VEI6, STM32U545VEI6Q, STM32U545VET6, STM32U545VET6Q, STM32U595AIH6, STM32U595AIH6Q, STM32U595AJH6, STM32U595AJH6Q, STM32U595QII6, STM32U595QII6Q, STM32U595QJI6, STM32U595QJI6Q, STM32U595RIT6, STM32U595RIT6Q, STM32U595RJT6, STM32U595RJT6Q, STM32U595VIT6, STM32U595VIT6Q, STM32U595VJT6, STM32U595VJT6Q, STM32U595ZIT6, STM32U595ZIT6Q, STM32U595ZIY6QTR, STM32U595ZJT6, STM32U595ZJT6Q, STM32U595ZJY6QTR, STM32U599BJY6QTR, STM32U599NIH6Q, STM32U599NJH6Q, STM32U599VIT6Q, STM32U599VJT6, STM32U599VJT6Q, STM32U599ZIT6Q, STM32U599ZIY6QTR, STM32U599ZJT6Q, STM32U599ZJY6QTR, STM32U5A5AJH6, STM32U5A5AJH6Q, STM32U5A5QII3Q , STM32U5A5QJI6, STM32U5A5QJI6Q, STM32U5A5RJT6, STM32U5A5RJT6Q, STM32U5A5VJT6, STM32U5A5VJT6Q, STM32U5A5ZJT6, STM32U5A5ZJT6Q, STM32U5A5ZJY6QTR, STM32U5A9BJY6QTR, STM32U5A9J-DK, STM32U5A9NJH6Q, STM32U5A9VJT6Q, STM32U5A9ZJT6Q, STM32U5A9ZJY6QTR, STM32U5F7VIT6, STM32U5F7VIT6Q, STM32U5F7VJT6, STM32U5F7VJT6Q, STM32U5F9BJY6QTR, STM32U5F9NJH6Q, STM32U5F9VIT6Q, STM32U5F9VJT6Q, STM32U5F9ZIJ6QTR, STM32U5F9ZIT6Q, STM32U5F9ZJJ6QTR, STM32U5F9ZJT6Q, STM32U5G7VJT6, STM32U5G7VJT6Q, STM32U5G9BJY6QTR, STM32U5G9J-DK1, STM32U5G9J-DK2, STM32U5G9NJH6Q, STM32U5G9VJT6Q, STM32U5G9ZJJ6QTR, STM32U5G9ZJT6Q, STM32WB1MMCH6, STM32WBA50KEU6, STM32WBA50KEU6TR, STM32WBA50KGU6, STM32WBA50KGU6TR, STM32WBA52CEU6, STM32WBA52CEU6TR, STM32WBA52CEU7, STM32WBA52CEU7TR, STM32WBA52CGU6, STM32WBA52CGU6TR, STM32WBA52CGU6U, STM32WBA52CGU7, STM32WBA52CGU7TR, STM32WBA52KEU6, STM32WBA52KEU6TR, STM32WBA52KGU6, STM32WBA52KGU6TR, STM32WBA54CEU6, STM32WBA54CEU6TR, STM32WBA54CEU7, STM32WBA54CEU7TR, STM32WBA54CGU6, STM32WBA54CGU6TR, STM32WBA54CGU7, STM32WBA54CGU7TR, STM32WBA54KEU6, STM32WBA54KEU6TR, STM32WBA54KEU7, STM32WBA54KEU7TR, STM32WBA54KGU6, STM32WBA54KGU6TR, STM32WBA54KGU7, STM32WBA54KGU7TR, STM32WBA55CEU6, STM32WBA55CEU6TR, STM32WBA55CEU7, STM32WBA55CEU7TR, STM32WBA55CGU6, STM32WBA55CGU6TR, STM32WBA55CGU6U, STM32WBA55CGU7, STM32WBA55CGU7TR, STM32WBA55G-DK1, STM32WBA55HEF6, STM32WBA55HEF7, STM32WBA55HGF6, STM32WBA55HGF7, STM32WBA55UEI6, STM32WBA55UEI6TR, STM32WBA55UEI7, STM32WBA55UEI7TR, STM32WBA55UGI6, STM32WBA55UGI6TR, STM32WBA55UGI7, STM32WBA55UGI7TR, STM32WL5MOCH6, STM32WL5MOCH6TR]
2024-05-24 01:21:44,422 [INFO] BoardInfo:889 - No configuration file found for board P-NUCLEO-WB55
2024-05-24 01:21:44,422 [INFO] DbBoards:161 - Kit is not supported: P-NUCLEO-WB55
2024-05-24 01:21:44,425 [INFO] BoardInfo:889 - No configuration file found for board STEVAL-BFA001V1B
2024-05-24 01:21:44,426 [INFO] DbBoards:161 - Kit is not supported: STEVAL-BFA001V1B
2024-05-24 01:21:44,426 [INFO] BoardInfo:889 - No configuration file found for board STEVAL-BFA001V2B
2024-05-24 01:21:44,427 [INFO] DbBoards:161 - Kit is not supported: STEVAL-BFA001V2B
2024-05-24 01:21:44,522 [INFO] DbBoards:168 - Found 199 boards, 196 are supported
2024-05-24 01:21:44,523 [INFO] DbBoards:169 - Found 199 boards, 8 of them is supported for  Bsp
2024-05-24 01:21:44,526 [INFO] ApiDb:668 - CubeFinder database Data Model version=2.1
2024-05-24 01:21:44,526 [INFO] ApiDb:669 - CubeFinder database Configuration version=3.0.39
2024-05-24 01:21:44,526 [INFO] ApiDb:670 - CubeFinder database generation date=2024-04-15 (1713193726)
2024-05-24 01:21:44,526 [INFO] ApiDb:671 - CubeFinder database FW Pack versions=[FP-ATR-ASTRA1_V2.0.0, FP-SNS-FLIGHT1_V5.0.1, FP-SNS-FLIGHT1_V5.0.2, FP-SNS-MOTENV1_V4.3.1, FP-SNS-MOTENV1_V4.3.2, FP-SNS-MOTENVWB1_V1.3.1, FP-SNS-SMARTAG2_V1.2.0, STM32Cube_FW_C0_V1.1.0, STM32Cube_FW_F4_V1.28.0, STM32Cube_FW_F7_V1.17.0, STM32Cube_FW_G0_V1.6.2, STM32Cube_FW_G4_V1.5.2, STM32Cube_FW_H5_V0.5.1, STM32Cube_FW_H5_V1.1.1, STM32Cube_FW_H5_V1.2.0, STM32Cube_FW_H5_V1.2.0RC4, STM32Cube_FW_H7RS_V1.0.0, STM32Cube_FW_H7RS_V1.0.0RC4, STM32Cube_FW_H7_V1.11.0, STM32Cube_FW_L0_V1.12.2, STM32Cube_FW_L5_V1.5.1, STM32Cube_FW_U0_V1.0.0, STM32Cube_FW_U0_V1.0.0RC1, STM32Cube_FW_U5_V1.3.0RC4, STM32Cube_FW_U5_V1.5.0, STM32Cube_FW_U5_V1.5.0RC1, STM32Cube_FW_WBA_V1.0.0RC1, STM32Cube_FW_WBA_V1.2.0, STM32Cube_FW_WBA_V1.2.0RC2, STM32Cube_FW_WBA_V1.3.0, STM32Cube_FW_WBA_V1.3.0RC1, STM32Cube_FW_WB_V1.15.0RC1, STM32Cube_FW_WB_V1.16.0, STM32Cube_FW_WB_V1.16.0RC2, STM32Cube_FW_WB_V1.18.0, STM32Cube_FW_WB_V1.19.0, STM32Cube_FW_WL_V1.3.0, X-CUBE-ALGOBUILD_V1.3.0, X-CUBE-ALS_V1.0.1, X-CUBE-AZRTOS-F4_V1.1.0, X-CUBE-AZRTOS-F7_V1.1.0, X-CUBE-AZRTOS-G0_V1.1.0, X-CUBE-AZRTOS-G4_V2.0.0, X-CUBE-AZRTOS-H7_V3.2.0, X-CUBE-AZRTOS-L4_V1.0.0, X-CUBE-AZRTOS-L4_V2.0.0, X-CUBE-AZRTOS-L5_V1.1.0, X-CUBE-AZRTOS-WB_V2.0.0, X-CUBE-AZRTOS-WL_V2.0.0, X-CUBE-BLE1_V7.0.0, X-CUBE-BLE2_V3.3.0, X-CUBE-BLEMGR_V3.1.0, X-CUBE-EEPRMA1_V4.1.0, X-CUBE-EEPRMA1_V5.1.0, X-CUBE-FREERTOS_V1.1.0, X-CUBE-GNSS1_V6.0.0, X-CUBE-MEMS1_V10.0.0, X-CUBE-MEMS1_V9.1.0, X-CUBE-MEMS1_V9.4.0, X-CUBE-MEMS1_V9.6.0, X-CUBE-NFC4_V3.0.0, X-CUBE-NFC7_V1.0.1, X-CUBE-SFXS2LP1_V4.0.0, X-CUBE-SUBG2_V5.0.0, X-CUBE-TOF1_V3.4.0]
2024-05-24 01:21:45,944 [INFO] ApiDb:240 - Found 483 in-development CPN: [B-G473E-ZEST1S, B-WB1M-WPAN1, B-WL5M-SUBG1, NUCLEO-C031C6, NUCLEO-H503RB, NUCLEO-H533RE, NUCLEO-H563ZI, NUCLEO-H7S3L8, NUCLEO-U031R8, NUCLEO-U083RC, NUCLEO-U545RE-Q, NUCLEO-U5A5ZJ-Q, NUCLEO-WBA52CG, NUCLEO-WBA55CG, STEVAL-PROTEUS1, STEVAL-SMARTAG2, STEVAL-STWINBX1, STM320518-EVAL, STM32C0116-DK, STM32C011D6Y3TR, STM32C011D6Y6TR, STM32C011F4P3, STM32C011F4P6, STM32C011F4U3, STM32C011F4U6TR, STM32C011F6P3, STM32C011F6P6, STM32C011F6U3, STM32C011F6U6TR, STM32C011J4M3, STM32C011J4M6, STM32C011J6M3, STM32C011J6M6, STM32C0316-DK, STM32C031C4T3, STM32C031C4T6, STM32C031C4U3, STM32C031C4U6, STM32C031C6T3, STM32C031C6T6, STM32C031C6U3, STM32C031C6U6, STM32C031F4P3, STM32C031F4P6, STM32C031F6P3, STM32C031F6P6, STM32C031G4U3, STM32C031G4U6, STM32C031G6U3, STM32C031G6U6, STM32C031K4T3, STM32C031K4T6, STM32C031K4U3, STM32C031K4U6, STM32C031K6T3, STM32C031K6T6, STM32C031K6U3, STM32C031K6U6, STM32G071K8TXN, STM32G071K8UXN, STM32G081GBU6N, STM32G081KBT6N, STM32G081KBUXN, STM32G0B1CCT6N, STM32G0B1KCT6, STM32G0B1NEY6TR, STM32G0B1RCT6N, STM32G0C1CCT6, STM32G0C1CCT6N, STM32G0C1CCU6N, STM32G0C1CET6N, STM32G0C1CEU6N, STM32G0C1KCT6, STM32G0C1NEY6TR, STM32G0C1RCI6N, STM32G0C1RCT6N, STM32G0C1REI6N, STM32G0C1RET6N, STM32G0C1VCI6, STM32G0C1VEI6, STM32G471CCT6, STM32G471CCU6, STM32G471CET3, STM32G471CET6, STM32G471CEU3, STM32G471CEU6, STM32G471MCT6, STM32G471MET3, STM32G471MET6, STM32G471MEY6TR, STM32G471QCT6, STM32G471QET3, STM32G471RCT6, STM32G471RET3, STM32G471RET6, STM32G471VCH6, STM32G471VCI6, STM32G471VCT6, STM32G471VEH3, STM32G471VEH6, STM32G471VEI3, STM32G471VEI6, STM32G471VET3, STM32G471VET6, STM32G474CCT6, STM32H503CBT6, STM32H503CBU6, STM32H503EBY6TR, STM32H503KBU6, STM32H503RBT6, STM32H523CCT6, STM32H523CCU6, STM32H523CET6, STM32H523CEU6, STM32H523HEY6TR, STM32H523RCT6, STM32H523RET6, STM32H523VCI6, STM32H523VCT6, STM32H523VEI6, STM32H523VET6, STM32H523ZCJ6, STM32H523ZCT6, STM32H523ZEJ6, STM32H523ZET6, STM32H533CET6, STM32H533CEU6, STM32H533HEY6TR, STM32H533RET6, STM32H533VEI6, STM32H533VET6, STM32H533ZEJ6, STM32H533ZET6, STM32H562AGI6, STM32H562AII6, STM32H562IGK6, STM32H562IGT6, STM32H562IIK6, STM32H562IIT6, STM32H562RGT6, STM32H562RGV6, STM32H562RIT6, STM32H562RIV6, STM32H562VGT6, STM32H562VIT6, STM32H562ZGT6, STM32H562ZIT6, STM32H563AGI6, STM32H563AII3Q, STM32H563AII6, STM32H563IGK6, STM32H563IGT6, STM32H563IIK3Q, STM32H563IIK6, STM32H563IIT3Q, STM32H563IIT6, STM32H563MIY3QTR, STM32H563RGT6, STM32H563RGV6, STM32H563RIT6, STM32H563RIV6, STM32H563VGT6, STM32H563VIT3Q, STM32H563VIT6, STM32H563ZGT6, STM32H563ZIT3Q, STM32H563ZIT6, STM32H573AII3Q, STM32H573AII6, STM32H573I-DK, STM32H573IIK3Q, STM32H573IIK6, STM32H573IIT3Q, STM32H573IIT6, STM32H573MIY3QTR, STM32H573RIT6, STM32H573RIV6, STM32H573VIT3Q, STM32H573VIT6, STM32H573ZIT3Q, STM32H573ZIT6, STM32H7R3A8I6, STM32H7R3I8K6, STM32H7R3I8T6, STM32H7R3L8H6, STM32H7R3L8H6H, STM32H7R3R8V6, STM32H7R3V8H6, STM32H7R3V8T6, STM32H7R3V8Y6, STM32H7R3Z8J6, STM32H7R3Z8T6, STM32H7R7A8I6, STM32H7R7I8K6, STM32H7R7I8T6, STM32H7R7L8H6, STM32H7R7L8H6H, STM32H7R7Z8J6, STM32H7S3A8I6, STM32H7S3I8K6, STM32H7S3I8T6, STM32H7S3L8H6, STM32H7S3L8H6H, STM32H7S3R8V6, STM32H7S3V8H6, STM32H7S3V8T6, STM32H7S3V8Y6, STM32H7S3Z8J6, STM32H7S3Z8T6, STM32H7S78-DK, STM32H7S7A8I6, STM32H7S7I8K6, STM32H7S7I8T6, STM32H7S7L8H6, STM32H7S7L8H6H, STM32H7S7Z8J6, STM32L4R5QGI6STR, STM32MP131AAE3, STM32MP131AAF3, STM32MP131AAG3, STM32MP131CAE3, STM32MP131CAF3, STM32MP131CAG3, STM32MP131DAE7, STM32MP131DAF7, STM32MP131DAG7, STM32MP131FAE7, STM32MP131FAF7, STM32MP131FAG7, STM32MP133AAE3, STM32MP133AAF3, STM32MP133AAG3, STM32MP133CAE3, STM32MP133CAF3, STM32MP133CAG3, STM32MP133DAE7, STM32MP133DAF7, STM32MP133DAG7, STM32MP133FAE7, STM32MP133FAF7, STM32MP133FAG7, STM32MP135AAE3, STM32MP135AAF3, STM32MP135AAG3, STM32MP135CAE3, STM32MP135CAF3, STM32MP135CAG3, STM32MP135DAE7, STM32MP135DAF7, STM32MP135DAG7, STM32MP135F-DK, STM32MP135FAE7, STM32MP135FAF7, STM32MP135FAF7T, STM32MP135FAF7U, STM32MP135FAG7, STM32U031C6T6, STM32U031C6U6, STM32U031C8T6, STM32U031C8U6, STM32U031F4P6, STM32U031F6P6, STM32U031F8P6, STM32U031G6Y6TR, STM32U031G8Y6TR, STM32U031K4U6, STM32U031K6U6, STM32U031K8U6, STM32U031R6I6, STM32U031R6T6, STM32U031R8I6, STM32U031R8T6, STM32U073C8T6, STM32U073C8U6, STM32U073CBT6, STM32U073CBU6, STM32U073CCT6, STM32U073CCU6, STM32U073H8Y6TR, STM32U073HBY6TR, STM32U073HCY6TR, STM32U073K8U6, STM32U073KBU6, STM32U073KCU6, STM32U073M8I6, STM32U073M8T6, STM32U073MBI6, STM32U073MBT6, STM32U073MCI6, STM32U073MCT6, STM32U073R8I6, STM32U073R8T6, STM32U073RBI6, STM32U073RBT6, STM32U073RCI6, STM32U073RCT6, STM32U083C-DK, STM32U083CCT6, STM32U083CCU6, STM32U083HCY6TR, STM32U083KCU6, STM32U083MCI6, STM32U083MCT6, STM32U083RCI6, STM32U083RCT6, STM32U535CBT6, STM32U535CBT6Q, STM32U535CBU6, STM32U535CBU6Q, STM32U535CCT6, STM32U535CCT6Q, STM32U535CCU6, STM32U535CCU6Q, STM32U535CET6, STM32U535CET6Q, STM32U535CEU6, STM32U535CEU6Q, STM32U535JEY6QTR, STM32U535NCY6QTR, STM32U535NEY6QTR, STM32U535RBI6, STM32U535RBI6Q, STM32U535RBT6, STM32U535RBT6Q, STM32U535RCI6, STM32U535RCI6Q, STM32U535RCT6, STM32U535RCT6Q, STM32U535REI6, STM32U535REI6Q, STM32U535RET6, STM32U535RET6Q, STM32U535VCI6, STM32U535VCI6Q, STM32U535VCT6, STM32U535VCT6Q, STM32U535VEI6, STM32U535VEI6Q, STM32U535VET6, STM32U535VET6Q, STM32U545CET6, STM32U545CET6Q, STM32U545CEU6, STM32U545CEU6Q, STM32U545JEY6QTR, STM32U545NEY6QTR, STM32U545REI6, STM32U545REI6Q, STM32U545RET6, STM32U545RET6Q, STM32U545VEI6, STM32U545VEI6Q, STM32U545VET6, STM32U545VET6Q, STM32U595AIH6, STM32U595AIH6Q, STM32U595AJH6, STM32U595AJH6Q, STM32U595QII6, STM32U595QII6Q, STM32U595QJI6, STM32U595QJI6Q, STM32U595RIT6, STM32U595RIT6Q, STM32U595RJT6, STM32U595RJT6Q, STM32U595VIT6, STM32U595VIT6Q, STM32U595VJT6, STM32U595VJT6Q, STM32U595ZIT6, STM32U595ZIT6Q, STM32U595ZIY6QTR, STM32U595ZJT6, STM32U595ZJT6Q, STM32U595ZJY6QTR, STM32U599BJY6QTR, STM32U599NIH6Q, STM32U599NJH6Q, STM32U599VIT6Q, STM32U599VJT6, STM32U599VJT6Q, STM32U599ZIT6Q, STM32U599ZIY6QTR, STM32U599ZJT6Q, STM32U599ZJY6QTR, STM32U5A5AJH6, STM32U5A5AJH6Q, STM32U5A5QII3Q , STM32U5A5QJI6, STM32U5A5QJI6Q, STM32U5A5RJT6, STM32U5A5RJT6Q, STM32U5A5VJT6, STM32U5A5VJT6Q, STM32U5A5ZJT6, STM32U5A5ZJT6Q, STM32U5A5ZJY6QTR, STM32U5A9BJY6QTR, STM32U5A9J-DK, STM32U5A9NJH6Q, STM32U5A9VJT6Q, STM32U5A9ZJT6Q, STM32U5A9ZJY6QTR, STM32U5F7VIT6, STM32U5F7VIT6Q, STM32U5F7VJT6, STM32U5F7VJT6Q, STM32U5F9BJY6QTR, STM32U5F9NJH6Q, STM32U5F9VIT6Q, STM32U5F9VJT6Q, STM32U5F9ZIJ6QTR, STM32U5F9ZIT6Q, STM32U5F9ZJJ6QTR, STM32U5F9ZJT6Q, STM32U5G7VJT6, STM32U5G7VJT6Q, STM32U5G9BJY6QTR, STM32U5G9J-DK1, STM32U5G9J-DK2, STM32U5G9NJH6Q, STM32U5G9VJT6Q, STM32U5G9ZJJ6QTR, STM32U5G9ZJT6Q, STM32WB1MMCH6, STM32WBA50KEU6, STM32WBA50KEU6TR, STM32WBA50KGU6, STM32WBA50KGU6TR, STM32WBA52CEU6, STM32WBA52CEU6TR, STM32WBA52CEU7, STM32WBA52CEU7TR, STM32WBA52CGU6, STM32WBA52CGU6TR, STM32WBA52CGU6U, STM32WBA52CGU7, STM32WBA52CGU7TR, STM32WBA52KEU6, STM32WBA52KEU6TR, STM32WBA52KGU6, STM32WBA52KGU6TR, STM32WBA54CEU6, STM32WBA54CEU6TR, STM32WBA54CEU7, STM32WBA54CEU7TR, STM32WBA54CGU6, STM32WBA54CGU6TR, STM32WBA54CGU7, STM32WBA54CGU7TR, STM32WBA54KEU6, STM32WBA54KEU6TR, STM32WBA54KEU7, STM32WBA54KEU7TR, STM32WBA54KGU6, STM32WBA54KGU6TR, STM32WBA54KGU7, STM32WBA54KGU7TR, STM32WBA55CEU6, STM32WBA55CEU6TR, STM32WBA55CEU7, STM32WBA55CEU7TR, STM32WBA55CGU6, STM32WBA55CGU6TR, STM32WBA55CGU6U, STM32WBA55CGU7, STM32WBA55CGU7TR, STM32WBA55G-DK1, STM32WBA55HEF6, STM32WBA55HEF7, STM32WBA55HGF6, STM32WBA55HGF7, STM32WBA55UEI6, STM32WBA55UEI6TR, STM32WBA55UEI7, STM32WBA55UEI7TR, STM32WBA55UGI6, STM32WBA55UGI6TR, STM32WBA55UGI7, STM32WBA55UGI7TR, STM32WL5MOCH6, STM32WL5MOCH6TR]
2024-05-24 01:21:45,946 [INFO] DbMcus:218 - Found 4096 MCUs, 4096 are supported
2024-05-24 01:21:45,950 [INFO] ApiDb:423 - Load user favorites file C:\Users\saksh/.stm32cubeide/favorites.mcus.txt: 1 item(s)
2024-05-24 01:21:45,950 [INFO] ApiDb:427 - User favorites MCUs=[STM32F103C8T6]
2024-05-24 01:21:45,950 [INFO] DbMcus:224 - Set 1 / 1 favorites MCUs
2024-05-24 01:21:46,182 [INFO] ApiDb:423 - Load user favorites file C:\Users\saksh/.stm32cubeide/favorites.boards.txt: 0 item(s)
2024-05-24 01:21:46,182 [INFO] ApiDb:427 - User favorites Boards=[]
2024-05-24 01:21:46,182 [INFO] DbBoards:198 - Set 0 / 0 favorites Boards
2024-05-24 01:21:46,230 [INFO] UtilMem:75 - End LoadConfig() Used Memory: 346427560 Bytes (549453824)
2024-05-24 01:21:46,346 [WARN] ThirdParty:833 - waiting for thirdparty lock release [change project]
2024-05-24 01:21:46,346 [INFO] ThirdParty:835 - entering critical section [change project]
2024-05-24 01:21:46,346 [INFO] ThirdParty:1030 - CMSIS Pack Vendor :STMicroelectronics USBPD 4.1
2024-05-24 01:21:46,346 [INFO] ThirdParty:1030 - CMSIS Pack Vendor :STMicroelectronics X-CUBE-GNSS1 6.0.0
2024-05-24 01:21:46,346 [INFO] ThirdParty:1030 - CMSIS Pack Vendor :STMicroelectronics USB_HOST 2.0.0
2024-05-24 01:21:46,346 [INFO] ThirdParty:1030 - CMSIS Pack Vendor :STMicroelectronics FP-SNS-MOTENVWB1 1.4.0
2024-05-24 01:21:46,346 [INFO] ThirdParty:1030 - CMSIS Pack Vendor :STMicroelectronics X-CUBE-AZRTOS-F4 1.1.0
2024-05-24 01:21:46,346 [INFO] ThirdParty:1030 - CMSIS Pack Vendor :STMicroelectronics LIBJPEG 8.0.0
2024-05-24 01:21:46,346 [INFO] ThirdParty:1030 - CMSIS Pack Vendor :STMicroelectronics X-CUBE-SMBUS 2.1.0
2024-05-24 01:21:46,346 [INFO] ThirdParty:1030 - CMSIS Pack Vendor :STMicroelectronics X-CUBE-FREERTOS 1.2.0
2024-05-24 01:21:46,346 [INFO] ThirdParty:1030 - CMSIS Pack Vendor :STMicroelectronics X-CUBE-TOUCHGFX 4.23.1
2024-05-24 01:21:46,346 [INFO] ThirdParty:1030 - CMSIS Pack Vendor :STMicroelectronics X-CUBE-TOUCHGFX 4.23.0
2024-05-24 01:21:46,346 [INFO] ThirdParty:1030 - CMSIS Pack Vendor :STMicroelectronics X-CUBE-BLEMGR 1.2.0
2024-05-24 01:21:46,346 [INFO] ThirdParty:1030 - CMSIS Pack Vendor :STMicroelectronics X-CUBE-TOUCHGFX 4.23.2
2024-05-24 01:21:46,346 [INFO] ThirdParty:1030 - CMSIS Pack Vendor :STMicroelectronics X-CUBE-AZRTOS-F7 1.1.0
2024-05-24 01:21:46,346 [INFO] ThirdParty:1030 - CMSIS Pack Vendor :STMicroelectronics X-CUBE-AZRTOS-L5 2.0.0
2024-05-24 01:21:46,346 [INFO] ThirdParty:1030 - CMSIS Pack Vendor :STMicroelectronics USB_DEVICE 2.0.0
2024-05-24 01:21:46,346 [INFO] ThirdParty:1030 - CMSIS Pack Vendor :STMicroelectronics X-CUBE-MEMS1 9.6.0
2024-05-24 01:21:46,346 [INFO] ThirdParty:1030 - CMSIS Pack Vendor :STMicroelectronics X-CUBE-EEPRMA1 4.2.0
2024-05-24 01:21:46,346 [INFO] ThirdParty:1030 - CMSIS Pack Vendor :STMicroelectronics X-CUBE-NFC6 3.1.0
2024-05-24 01:21:46,346 [INFO] ThirdParty:1030 - CMSIS Pack Vendor :ITTIA_DB I-CUBE-ITTIADB 8.8.0
2024-05-24 01:21:46,346 [INFO] ThirdParty:1030 - CMSIS Pack Vendor :STMicroelectronics FP-SNS-MOTENV1 4.3.0
2024-05-24 01:21:46,346 [INFO] ThirdParty:1030 - CMSIS Pack Vendor :STMicroelectronics FP-SNS-MOTENV1 4.3.2
2024-05-24 01:21:46,346 [INFO] ThirdParty:1030 - CMSIS Pack Vendor :STMicroelectronics FP-SNS-FLIGHT1 5.0.0
2024-05-24 01:21:46,346 [INFO] ThirdParty:1030 - CMSIS Pack Vendor :STMicroelectronics FP-SNS-MOTENV1 4.3.1
2024-05-24 01:21:46,346 [INFO] ThirdParty:1030 - CMSIS Pack Vendor :STMicroelectronics FP-SNS-FLIGHT1 5.0.1
2024-05-24 01:21:46,346 [INFO] ThirdParty:1030 - CMSIS Pack Vendor :STMicroelectronics X-CUBE-BLE1 6.2.3
2024-05-24 01:21:46,346 [INFO] ThirdParty:1030 - CMSIS Pack Vendor :STMicroelectronics X-CUBE-BLE1 6.2.4
2024-05-24 01:21:46,346 [INFO] ThirdParty:1030 - CMSIS Pack Vendor :STMicroelectronics FreeRTOS 0.0.1
2024-05-24 01:21:46,346 [INFO] ThirdParty:1030 - CMSIS Pack Vendor :STMicroelectronics X-CUBE-BLEMGR 2.0.0
2024-05-24 01:21:46,346 [INFO] ThirdParty:1030 - CMSIS Pack Vendor :STMicroelectronics FP-SNS-FLIGHT1 5.0.2
2024-05-24 01:21:46,346 [INFO] ThirdParty:1030 - CMSIS Pack Vendor :STMicroelectronics X-CUBE-NFC4 2.0.4
2024-05-24 01:21:46,346 [INFO] ThirdParty:1030 - CMSIS Pack Vendor :STMicroelectronics X-CUBE-AI 9.0.0
2024-05-24 01:21:46,347 [INFO] ThirdParty:1030 - CMSIS Pack Vendor :STMicroelectronics X-CUBE-AZRTOS-H7 3.1.0
2024-05-24 01:21:46,347 [INFO] ThirdParty:1030 - CMSIS Pack Vendor :STMicroelectronics PDM2PCM 3.3.0
2024-05-24 01:21:46,347 [INFO] ThirdParty:1030 - CMSIS Pack Vendor :STMicroelectronics X-CUBE-TOF1 3.1.0
2024-05-24 01:21:46,347 [INFO] ThirdParty:1030 - CMSIS Pack Vendor :STMicroelectronics X-CUBE-DISPLAY 3.0.0
2024-05-24 01:21:46,347 [INFO] ThirdParty:1030 - CMSIS Pack Vendor :STMicroelectronics X-CUBE-BLE1 7.0.0
2024-05-24 01:21:46,347 [INFO] ThirdParty:1030 - CMSIS Pack Vendor :wolfSSL I-CUBE-wolfSSL 5.5.0
2024-05-24 01:21:46,347 [INFO] ThirdParty:1030 - CMSIS Pack Vendor :STMicroelectronics HAL Drivers 0.0.0
2024-05-24 01:21:46,347 [INFO] ThirdParty:1030 - CMSIS Pack Vendor :STMicroelectronics X-CUBE-TOUCHGFX 4.22.0
2024-05-24 01:21:46,347 [INFO] ThirdParty:1030 - CMSIS Pack Vendor :STMicroelectronics X-CUBE-NFC7 1.0.1
2024-05-24 01:21:46,347 [INFO] ThirdParty:1030 - CMSIS Pack Vendor :STMicroelectronics MBEDTLS 2.14.1
2024-05-24 01:21:46,347 [INFO] ThirdParty:1030 - CMSIS Pack Vendor :STMicroelectronics X-CUBE-NFC7 1.0.0
2024-05-24 01:21:46,347 [INFO] ThirdParty:1030 - CMSIS Pack Vendor :STMicroelectronics X-CUBE-NFC6 3.0.0
2024-05-24 01:21:46,347 [INFO] ThirdParty:1030 - CMSIS Pack Vendor :STMicroelectronics X-CUBE-MEMS1 9.3.0
2024-05-24 01:21:46,347 [INFO] ThirdParty:1030 - CMSIS Pack Vendor :STMicroelectronics X-CUBE-EEPRMA1 4.1.0
2024-05-24 01:21:46,347 [INFO] ThirdParty:1030 - CMSIS Pack Vendor :STMicroelectronics X-CUBE-AI 7.2.0
2024-05-24 01:21:46,347 [INFO] ThirdParty:1030 - CMSIS Pack Vendor :STMicroelectronics X-CUBE-BLEMGR 3.1.0
2024-05-24 01:21:46,347 [INFO] ThirdParty:1030 - CMSIS Pack Vendor :STMicroelectronics FP-SNS-SMARTAG2 1.2.0
2024-05-24 01:21:46,347 [INFO] ThirdParty:1030 - CMSIS Pack Vendor :STMicroelectronics X-CUBE-AZRTOS-WL 2.0.0
2024-05-24 01:21:46,347 [INFO] ThirdParty:1030 - CMSIS Pack Vendor :STMicroelectronics FP-SNS-MOTENV1 5.0.0
2024-05-24 01:21:46,347 [INFO] ThirdParty:1030 - CMSIS Pack Vendor :STMicroelectronics USB_DEVICE 1.0.0
2024-05-24 01:21:46,347 [INFO] ThirdParty:1030 - CMSIS Pack Vendor :STMicroelectronics X-CUBE-AI 8.1.0
2024-05-24 01:21:46,347 [INFO] ThirdParty:1030 - CMSIS Pack Vendor :STMicroelectronics X-CUBE-AZRTOS-L4 2.0.0
2024-05-24 01:21:46,347 [INFO] ThirdParty:1030 - CMSIS Pack Vendor :STMicroelectronics ThreadX 0.0.2
2024-05-24 01:21:46,347 [INFO] ThirdParty:1030 - CMSIS Pack Vendor :WES I-CUBE-Cesium 1.3.0
2024-05-24 01:21:46,347 [INFO] ThirdParty:1030 - CMSIS Pack Vendor :STMicroelectronics lwIP 2.1.2
2024-05-24 01:21:46,347 [INFO] ThirdParty:1030 - CMSIS Pack Vendor :STMicroelectronics X-CUBE-SFXS2LP1 4.0.0
2024-05-24 01:21:46,347 [INFO] ThirdParty:1030 - CMSIS Pack Vendor :STMicroelectronics X-CUBE-BLE2 3.3.0
2024-05-24 01:21:46,347 [INFO] ThirdParty:1030 - CMSIS Pack Vendor :STMicroelectronics X-CUBE-DISPLAY 2.2.0
2024-05-24 01:21:46,347 [INFO] ThirdParty:1030 - CMSIS Pack Vendor :STMicroelectronics X-CUBE-TOF1 3.2.0
2024-05-24 01:21:46,347 [INFO] ThirdParty:1030 - CMSIS Pack Vendor :STMicroelectronics PDM2PCM 3.2.0
2024-05-24 01:21:46,347 [INFO] ThirdParty:1030 - CMSIS Pack Vendor :STMicroelectronics X-CUBE-AZRTOS-H7 3.0.0
2024-05-24 01:21:46,347 [INFO] ThirdParty:1030 - CMSIS Pack Vendor :STMicroelectronics X-CUBE-ISPU 1.0.0
2024-05-24 01:21:46,347 [INFO] ThirdParty:1030 - CMSIS Pack Vendor :STMicroelectronics X-CUBE-ISPU 1.1.0
2024-05-24 01:21:46,347 [INFO] ThirdParty:1030 - CMSIS Pack Vendor :RoweBots I-CUBE-UNISONRTOS 5.5.0-4
2024-05-24 01:21:46,347 [INFO] ThirdParty:1030 - CMSIS Pack Vendor :STMicroelectronics X-CUBE-AZRTOS-H7 2.1.0
2024-05-24 01:21:46,347 [INFO] ThirdParty:1030 - CMSIS Pack Vendor :STMicroelectronics USB_DEVICE 3.0.0
2024-05-24 01:21:46,347 [INFO] ThirdParty:1030 - CMSIS Pack Vendor :STMicroelectronics X-CUBE-TCPP 4.1.0
2024-05-24 01:21:46,347 [INFO] ThirdParty:1030 - CMSIS Pack Vendor :STMicroelectronics X-CUBE-AI 8.0.0
2024-05-24 01:21:46,347 [INFO] ThirdParty:1030 - CMSIS Pack Vendor :STMicroelectronics X-CUBE-AZRTOS-WB 2.0.0
2024-05-24 01:21:46,347 [INFO] ThirdParty:1030 - CMSIS Pack Vendor :STMicroelectronics X-CUBE-FREERTOS 1.0.0
2024-05-24 01:21:46,347 [INFO] ThirdParty:1030 - CMSIS Pack Vendor :STMicroelectronics X-CUBE-FREERTOS 1.0.1
2024-05-24 01:21:46,347 [INFO] ThirdParty:1030 - CMSIS Pack Vendor :STMicroelectronics X-CUBE-TOUCHGFX 4.21.1
2024-05-24 01:21:46,347 [INFO] ThirdParty:1030 - CMSIS Pack Vendor :STMicroelectronics X-CUBE-TOUCHGFX 4.21.3
2024-05-24 01:21:46,347 [INFO] ThirdParty:1030 - CMSIS Pack Vendor :STMicroelectronics X-CUBE-BLEMGR 1.0.0
2024-05-24 01:21:46,347 [INFO] ThirdParty:1030 - CMSIS Pack Vendor :STMicroelectronics X-CUBE-TOUCHGFX 4.21.4
2024-05-24 01:21:46,347 [INFO] ThirdParty:1030 - CMSIS Pack Vendor :STMicroelectronics X-CUBE-MEMS1 9.4.0
2024-05-24 01:21:46,347 [INFO] ThirdParty:1030 - CMSIS Pack Vendor :STMicroelectronics X-CUBE-AI 7.3.0
2024-05-24 01:21:46,347 [INFO] ThirdParty:1030 - CMSIS Pack Vendor :STMicroelectronics X-CUBE-ALGOBUILD 1.3.0
2024-05-24 01:21:46,347 [INFO] ThirdParty:1030 - CMSIS Pack Vendor :STMicroelectronics X-CUBE-AZRTOS-L5 1.1.0
2024-05-24 01:21:46,347 [INFO] ThirdParty:1030 - CMSIS Pack Vendor :STMicroelectronics X-CUBE-AZRTOS-G0 1.1.0
2024-05-24 01:21:46,347 [INFO] ThirdParty:1030 - CMSIS Pack Vendor :STMicroelectronics X-CUBE-AI 8.0.1
2024-05-24 01:21:46,347 [INFO] ThirdParty:1030 - CMSIS Pack Vendor :STMicroelectronics X-CUBE-SAFEA1 1.2.2
2024-05-24 01:21:46,347 [INFO] ThirdParty:1030 - CMSIS Pack Vendor :STMicroelectronics X-CUBE-NFC4 3.0.0
2024-05-24 01:21:46,347 [INFO] ThirdParty:1030 - CMSIS Pack Vendor :SEGGER I-CUBE-embOS 1.2.0
2024-05-24 01:21:46,347 [INFO] ThirdParty:1030 - CMSIS Pack Vendor :STMicroelectronics X-CUBE-SUBG2 5.0.0
2024-05-24 01:21:46,347 [INFO] ThirdParty:1030 - CMSIS Pack Vendor :STMicroelectronics STM32_WPAN 1.0.0
2024-05-24 01:21:46,347 [INFO] ThirdParty:1030 - CMSIS Pack Vendor :STMicroelectronics lwIP 2.0.3
2024-05-24 01:21:46,347 [INFO] ThirdParty:1030 - CMSIS Pack Vendor :STMicroelectronics USB_HOST 1.0.0
2024-05-24 01:21:46,347 [INFO] ThirdParty:1030 - CMSIS Pack Vendor :STMicroelectronics X-CUBE-TOF1 3.3.1
2024-05-24 01:21:46,348 [INFO] ThirdParty:1030 - CMSIS Pack Vendor :STMicroelectronics X-CUBE-AZRTOS-G4 2.0.0
2024-05-24 01:21:46,348 [INFO] ThirdParty:1030 - CMSIS Pack Vendor :STMicroelectronics PDM2PCM 3.1.0
2024-05-24 01:21:46,348 [INFO] ThirdParty:1030 - CMSIS Pack Vendor :STMicroelectronics X-CUBE-TOF1 3.3.0
2024-05-24 01:21:46,348 [INFO] ThirdParty:1030 - CMSIS Pack Vendor :STMicroelectronics FP-ATR-ASTRA1 1.1.1
2024-05-24 01:21:46,348 [INFO] ThirdParty:1030 - CMSIS Pack Vendor :Infineon AIROC-Wi-Fi-Bluetooth-STM32 1.5.1
2024-05-24 01:21:46,348 [INFO] ThirdParty:1030 - CMSIS Pack Vendor :STMicroelectronics X-CUBE-BLEMGR 3.0.0
2024-05-24 01:21:46,348 [INFO] ThirdParty:1030 - CMSIS Pack Vendor :STMicroelectronics X-CUBE-BLEMGR 1.3.0
2024-05-24 01:21:46,348 [INFO] ThirdParty:1030 - CMSIS Pack Vendor :STMicroelectronics FP-SNS-MOTENVWB1 1.3.1
2024-05-24 01:21:46,348 [INFO] ThirdParty:1030 - CMSIS Pack Vendor :STMicroelectronics FP-ATR-SIGFOX1 3.2.0
2024-05-24 01:21:46,348 [INFO] ThirdParty:1030 - CMSIS Pack Vendor :STMicroelectronics X-CUBE-AZRTOS-G4 1.0.0
2024-05-24 01:21:46,348 [INFO] ThirdParty:1030 - CMSIS Pack Vendor :STMicroelectronics X-CUBE-AZRTOS-L4 1.0.0
2024-05-24 01:21:46,348 [INFO] ThirdParty:1030 - CMSIS Pack Vendor :STMicroelectronics X-CUBE-ISPU 2.0.0
2024-05-24 01:21:46,348 [INFO] ThirdParty:1030 - CMSIS Pack Vendor :STMicroelectronics X-CUBE-EEPRMA1 5.1.0
2024-05-24 01:21:46,348 [INFO] ThirdParty:1030 - CMSIS Pack Vendor :STMicroelectronics MBEDTLS 2.16.2
2024-05-24 01:21:46,348 [INFO] ThirdParty:1030 - CMSIS Pack Vendor :emotas I-CUBE-CANOPEN 1.1.2
2024-05-24 01:21:46,348 [INFO] ThirdParty:1030 - CMSIS Pack Vendor :STMicroelectronics X-CUBE-TOUCHGFX 4.20.0
2024-05-24 01:21:46,348 [INFO] ThirdParty:1030 - CMSIS Pack Vendor :STMicroelectronics X-CUBE-MEMS1 10.0.0
2024-05-24 01:21:46,348 [INFO] ThirdParty:1030 - CMSIS Pack Vendor :STMicroelectronics X-CUBE-FREERTOS 1.1.0
2024-05-24 01:21:46,348 [INFO] ThirdParty:1030 - CMSIS Pack Vendor :STMicroelectronics X-CUBE-AZRTOS-WL 1.0.0
2024-05-24 01:21:46,348 [INFO] ThirdParty:1030 - CMSIS Pack Vendor :portGmbH I-Cube-SoM-uGOAL 1.1.0
2024-05-24 01:21:46,348 [INFO] ThirdParty:1030 - CMSIS Pack Vendor :STMicroelectronics X-CUBE-ALS 1.0.1
2024-05-24 01:21:46,348 [INFO] ThirdParty:1030 - CMSIS Pack Vendor :STMicroelectronics X-CUBE-MEMS1 9.5.0
2024-05-24 01:21:46,348 [INFO] ThirdParty:1030 - CMSIS Pack Vendor :STMicroelectronics ThreadX 1.0.0
2024-05-24 01:21:46,348 [INFO] ThirdParty:1030 - CMSIS Pack Vendor :STMicroelectronics X-CUBE-AZRTOS-WB 1.1.0
2024-05-24 01:21:46,348 [INFO] ThirdParty:1030 - CMSIS Pack Vendor :SEGGER I-CUBE-embOS 1.3.1
2024-05-24 01:21:46,348 [INFO] ThirdParty:1030 - CMSIS Pack Vendor :STMicroelectronics X-CUBE-ALGOBUILD 1.4.0
2024-05-24 01:21:46,348 [INFO] ThirdParty:1030 - CMSIS Pack Vendor :STMicroelectronics X-CUBE-AZRTOS-L5 1.0.0
2024-05-24 01:21:46,348 [INFO] ThirdParty:1030 - CMSIS Pack Vendor :STMicroelectronics X-CUBE-EEPRMA1 3.1.1
2024-05-24 01:21:46,348 [INFO] ThirdParty:1030 - CMSIS Pack Vendor :STMicroelectronics X-CUBE-AZRTOS-H7RS 1.0.0
2024-05-24 01:21:46,348 [INFO] ThirdParty:1030 - CMSIS Pack Vendor :STMicroelectronics FP-ATR-ASTRA1 2.0.0
2024-05-24 01:21:46,348 [INFO] ThirdParty:1030 - CMSIS Pack Vendor :STMicroelectronics X-CUBE-TOF1 3.4.0
2024-05-24 01:21:46,348 [INFO] ThirdParty:1030 - CMSIS Pack Vendor :STMicroelectronics X-CUBE-TOF1 3.4.1
2024-05-24 01:21:46,348 [INFO] ThirdParty:1030 - CMSIS Pack Vendor :STMicroelectronics X-CUBE-AZRTOS-H7 3.2.0
2024-05-24 01:21:46,348 [INFO] ThirdParty:841 - exiting critical section [change project]
2024-05-24 01:21:46,786 [INFO] PinOutPanel:1561 - setPackage(No Configuration,No Configuration)
2024-05-24 01:21:46,787 [INFO] PinOutPanel:1561 - setPackage(STM32G474RETx,LQFP64)
2024-05-24 01:21:47,158 [INFO] UtilMem:75 - Before build in PCC Used Memory: 290048888 Bytes (549453824)
2024-05-24 01:21:47,958 [INFO] UtilMem:75 - After build in PCC Used Memory: 420049184 Bytes (549453824)
2024-05-24 01:21:47,987 [INFO] IPUIPlugin:80 - create IPUIPlugin
2024-05-24 01:21:47,987 [INFO] IPUIPlugin:80 - create IPUIPlugin
2024-05-24 01:21:47,987 [INFO] IPUIPlugin:80 - create IPUIPlugin
2024-05-24 01:21:47,987 [INFO] IPUIPlugin:80 - create IPUIPlugin
2024-05-24 01:21:47,987 [INFO] IPUIPlugin:80 - create IPUIPlugin
2024-05-24 01:21:47,987 [INFO] IPUIPlugin:80 - create IPUIPlugin
2024-05-24 01:21:47,987 [INFO] IPUIPlugin:80 - create IPUIPlugin
2024-05-24 01:21:47,987 [INFO] IPUIPlugin:80 - create IPUIPlugin
2024-05-24 01:21:47,987 [INFO] IPUIPlugin:80 - create IPUIPlugin
2024-05-24 01:21:47,987 [INFO] IPUIPlugin:80 - create IPUIPlugin
2024-05-24 01:21:47,987 [INFO] IPUIPlugin:80 - create IPUIPlugin
2024-05-24 01:21:47,987 [INFO] IPUIPlugin:80 - create IPUIPlugin
2024-05-24 01:21:47,988 [INFO] IPUIPlugin:80 - create IPUIPlugin
2024-05-24 01:21:47,988 [INFO] IPUIPlugin:80 - create IPUIPlugin
2024-05-24 01:21:47,988 [INFO] IPUIPlugin:80 - create IPUIPlugin
2024-05-24 01:21:47,988 [INFO] IPUIPlugin:80 - create IPUIPlugin
2024-05-24 01:21:47,988 [INFO] IPUIPlugin:80 - create IPUIPlugin
2024-05-24 01:21:47,988 [INFO] IPUIPlugin:80 - create IPUIPlugin
2024-05-24 01:21:47,988 [INFO] IPUIPlugin:80 - create IPUIPlugin
2024-05-24 01:21:47,988 [INFO] IPUIPlugin:80 - create IPUIPlugin
2024-05-24 01:21:47,988 [INFO] IPUIPlugin:80 - create IPUIPlugin
2024-05-24 01:21:47,988 [INFO] IPUIPlugin:80 - create IPUIPlugin
2024-05-24 01:21:47,988 [INFO] IPUIPlugin:80 - create IPUIPlugin
2024-05-24 01:21:47,988 [INFO] IPUIPlugin:80 - create IPUIPlugin
2024-05-24 01:21:47,989 [INFO] IPUIPlugin:80 - create IPUIPlugin
2024-05-24 01:21:47,989 [INFO] IPUIPlugin:80 - create IPUIPlugin
2024-05-24 01:21:47,989 [INFO] IPUIPlugin:80 - create IPUIPlugin
2024-05-24 01:21:47,989 [INFO] IPUIPlugin:80 - create IPUIPlugin
2024-05-24 01:21:47,989 [INFO] IPUIPlugin:80 - create IPUIPlugin
2024-05-24 01:21:47,989 [INFO] IPUIPlugin:80 - create IPUIPlugin
2024-05-24 01:21:47,989 [INFO] IPUIPlugin:80 - create IPUIPlugin
2024-05-24 01:21:47,989 [INFO] IPUIPlugin:80 - create IPUIPlugin
2024-05-24 01:21:47,989 [INFO] IPUIPlugin:80 - create IPUIPlugin
2024-05-24 01:21:47,989 [INFO] IPUIPlugin:80 - create IPUIPlugin
2024-05-24 01:21:47,990 [INFO] IPUIPlugin:80 - create IPUIPlugin
2024-05-24 01:21:47,990 [INFO] IPUIPlugin:80 - create IPUIPlugin
2024-05-24 01:21:47,990 [INFO] IPUIPlugin:80 - create IPUIPlugin
2024-05-24 01:21:47,990 [INFO] IPUIPlugin:80 - create IPUIPlugin
2024-05-24 01:21:47,990 [INFO] IPUIPlugin:80 - create IPUIPlugin
2024-05-24 01:21:47,990 [INFO] IPUIPlugin:80 - create IPUIPlugin
2024-05-24 01:21:47,990 [INFO] IPUIPlugin:80 - create IPUIPlugin
2024-05-24 01:21:47,991 [INFO] IPUIPlugin:80 - create IPUIPlugin
2024-05-24 01:21:47,991 [INFO] IPUIPlugin:80 - create IPUIPlugin
2024-05-24 01:21:47,991 [INFO] IPUIPlugin:80 - create IPUIPlugin
2024-05-24 01:21:47,991 [INFO] IPUIPlugin:80 - create IPUIPlugin
2024-05-24 01:21:47,991 [INFO] IPUIPlugin:80 - create IPUIPlugin
2024-05-24 01:21:47,991 [INFO] IPUIPlugin:80 - create IPUIPlugin
2024-05-24 01:21:47,991 [INFO] IPUIPlugin:80 - create IPUIPlugin
2024-05-24 01:21:47,992 [INFO] IPUIPlugin:80 - create IPUIPlugin
2024-05-24 01:21:47,992 [INFO] IPUIPlugin:80 - create IPUIPlugin
2024-05-24 01:21:47,992 [INFO] IPUIPlugin:80 - create IPUIPlugin
2024-05-24 01:21:47,993 [INFO] IPUIPlugin:80 - create IPUIPlugin
2024-05-24 01:21:47,993 [INFO] IPUIPlugin:80 - create IPUIPlugin
2024-05-24 01:21:47,993 [INFO] IPUIPlugin:80 - create IPUIPlugin
2024-05-24 01:21:47,993 [INFO] IPUIPlugin:80 - create IPUIPlugin
2024-05-24 01:21:47,993 [INFO] IPUIPlugin:80 - create IPUIPlugin
2024-05-24 01:21:47,994 [INFO] IPUIPlugin:80 - create IPUIPlugin
2024-05-24 01:21:47,994 [INFO] IPUIPlugin:80 - create IPUIPlugin
2024-05-24 01:21:47,994 [INFO] IPUIPlugin:80 - create IPUIPlugin
2024-05-24 01:21:47,994 [INFO] IPUIPlugin:80 - create IPUIPlugin
2024-05-24 01:21:47,995 [INFO] IPUIPlugin:80 - create IPUIPlugin
2024-05-24 01:21:47,995 [INFO] IPUIPlugin:80 - create IPUIPlugin
2024-05-24 01:21:47,995 [INFO] IPUIPlugin:80 - create IPUIPlugin
2024-05-24 01:21:47,995 [INFO] IPUIPlugin:80 - create IPUIPlugin
2024-05-24 01:21:47,995 [INFO] IPUIPlugin:80 - create IPUIPlugin
2024-05-24 01:21:47,995 [INFO] IPUIPlugin:80 - create IPUIPlugin
2024-05-24 01:21:47,996 [INFO] IPUIPlugin:80 - create IPUIPlugin
2024-05-24 01:21:47,996 [INFO] IPUIPlugin:80 - create IPUIPlugin
2024-05-24 01:21:47,997 [INFO] IPUIPlugin:80 - create IPUIPlugin
2024-05-24 01:21:47,997 [INFO] IPUIPlugin:80 - create IPUIPlugin
2024-05-24 01:21:47,997 [INFO] IPUIPlugin:80 - create IPUIPlugin
2024-05-24 01:21:47,997 [INFO] IPUIPlugin:80 - create IPUIPlugin
2024-05-24 01:21:47,998 [INFO] IPUIPlugin:80 - create IPUIPlugin
2024-05-24 01:21:47,998 [INFO] IPUIPlugin:80 - create IPUIPlugin
2024-05-24 01:21:47,998 [INFO] IPUIPlugin:80 - create IPUIPlugin
2024-05-24 01:21:47,999 [INFO] IPUIPlugin:80 - create IPUIPlugin
2024-05-24 01:21:47,999 [INFO] IPUIPlugin:80 - create IPUIPlugin
2024-05-24 01:21:48,170 [INFO] CADModel:165 - CPN selected for project levelSTM32G474RET3
2024-05-24 01:21:48,170 [INFO] CADModel:114 - Register for checkConnection events
2024-05-24 01:21:48,217 [INFO] OpenFileManager:343 - Restore cursor
2024-05-24 01:22:23,710 [INFO] ADCParametersView:116 -                Rank 1 : false
2024-05-24 01:22:23,783 [INFO] ADCParametersView:116 -                Rank 1 : false
2024-05-24 01:22:23,784 [INFO] ADCParametersView:116 -                Rank 1 : false
2024-05-24 01:22:23,784 [INFO] ADCParametersView:116 -                Rank 1 : false
2024-05-24 01:22:23,784 [INFO] ADCParametersView:116 -                Rank 1 : false
2024-05-24 01:22:23,784 [INFO] ADCParametersView:116 -                Rank 1 : false
2024-05-24 01:22:23,784 [INFO] ADCParametersView:116 -                Rank 1 : false
2024-05-24 01:22:23,784 [INFO] ADCParametersView:116 -                Rank 1 : false
2024-05-24 01:22:23,784 [INFO] ADCParametersView:116 -                Rank 1 : false
2024-05-24 01:22:23,784 [INFO] ADCParametersView:116 -                Rank 1 : false
2024-05-24 01:22:23,785 [INFO] ADCParametersView:116 -                Rank 1 : false
2024-05-24 01:22:23,785 [INFO] ADCParametersView:116 -                Rank 1 : false
2024-05-24 01:22:23,785 [INFO] ADCParametersView:116 -                Rank 1 : false
2024-05-24 01:22:23,785 [INFO] ADCParametersView:116 -                Rank 1 : false
2024-05-24 01:22:23,785 [INFO] ADCParametersView:116 -                Rank 1 : false
2024-05-24 01:22:23,785 [INFO] ADCParametersView:116 -                Rank 1 : false
2024-05-24 01:22:23,785 [INFO] ADCParametersView:116 -                Rank 1 : false
2024-05-24 01:22:23,785 [INFO] ADCParametersView:116 -                Rank 1 : false
2024-05-24 01:22:23,785 [INFO] ADCParametersView:116 -                Rank 1 : false
2024-05-24 01:22:23,785 [INFO] ADCParametersView:116 -                Rank 1 : false
2024-05-24 01:22:23,785 [INFO] ADCParametersView:116 -                Rank 1 : false
2024-05-24 01:22:23,785 [INFO] ADCParametersView:116 -                Rank 1 : false
2024-05-24 01:22:23,796 [INFO] ADCParametersView:116 -                Rank 1 : false
2024-05-24 01:22:23,956 [INFO] NvicIntPanel:101 - NVIC parent = com.st.microxplorer.plugins.ip.nvic.MultiNvicIntPanel[,0,0,0x0,invalid,layout=javax.swing.BoxLayout,alignmentX=0.0,alignmentY=0.0,border=,flags=9,maximumSize=,minimumSize=,preferredSize=]
2024-05-24 01:22:24,141 [INFO] NvicIntPanel:101 - NVIC parent = com.st.microxplorer.plugins.ip.nvic.MultiNvicIntPanel[,0,0,0x0,invalid,layout=javax.swing.BoxLayout,alignmentX=0.0,alignmentY=0.0,border=,flags=9,maximumSize=,minimumSize=,preferredSize=]
2024-05-24 01:22:24,268 [INFO] NvicIntPanel:101 - NVIC parent = com.st.microxplorer.plugins.ip.nvic.MultiNvicIntPanel[,0,0,0x0,invalid,layout=javax.swing.BoxLayout,alignmentX=0.0,alignmentY=0.0,border=,flags=9,maximumSize=,minimumSize=,preferredSize=]
2024-05-24 01:22:24,393 [INFO] NvicIntPanel:101 - NVIC parent = com.st.microxplorer.plugins.ip.nvic.MultiNvicIntPanel[,0,0,0x0,invalid,layout=javax.swing.BoxLayout,alignmentX=0.0,alignmentY=0.0,border=,flags=9,maximumSize=,minimumSize=,preferredSize=]
2024-05-24 01:22:24,455 [INFO] ADCParametersView:116 -                Rank 1 : false
2024-05-24 01:22:24,456 [INFO] ADCParametersView:116 -                Rank 1 : false
2024-05-24 01:22:24,456 [INFO] ADCParametersView:116 -                Rank 1 : false
2024-05-24 01:22:24,456 [INFO] ADCParametersView:116 -                Rank 1 : false
2024-05-24 01:22:24,456 [INFO] ADCParametersView:116 -                Rank 1 : false
2024-05-24 01:22:24,456 [INFO] ADCParametersView:116 -                Rank 1 : false
2024-05-24 01:22:24,456 [INFO] ADCParametersView:116 -                Rank 1 : false
2024-05-24 01:22:24,456 [INFO] ADCParametersView:116 -                Rank 1 : false
2024-05-24 01:22:24,456 [INFO] ADCParametersView:116 -                Rank 1 : false
2024-05-24 01:22:24,456 [INFO] ADCParametersView:116 -                Rank 1 : false
2024-05-24 01:22:24,456 [INFO] ADCParametersView:116 -                Rank 1 : false
2024-05-24 01:22:24,456 [INFO] ADCParametersView:116 -                Rank 1 : false
2024-05-24 01:22:24,456 [INFO] ADCParametersView:116 -                Rank 1 : false
2024-05-24 01:22:24,456 [INFO] ADCParametersView:116 -                Rank 1 : false
2024-05-24 01:22:24,456 [INFO] ADCParametersView:116 -                Rank 1 : false
2024-05-24 01:22:24,456 [INFO] ADCParametersView:116 -                Rank 1 : false
2024-05-24 01:22:24,456 [INFO] ADCParametersView:116 -                Rank 1 : false
2024-05-24 01:22:24,456 [INFO] ADCParametersView:116 -                Rank 1 : false
2024-05-24 01:22:24,456 [INFO] ADCParametersView:116 -                Rank 1 : false
2024-05-24 01:22:24,456 [INFO] ADCParametersView:116 -                Rank 1 : false
2024-05-24 01:22:24,456 [INFO] ADCParametersView:116 -                Rank 1 : false
2024-05-24 01:22:24,468 [INFO] ADCParametersView:116 -                Rank 1 : false
2024-05-24 01:22:24,482 [INFO] ADCParametersView:116 -                Rank 1 : false
2024-05-24 01:22:24,482 [INFO] ADCParametersView:116 -                Rank 1 : false
2024-05-24 01:22:24,482 [INFO] ADCParametersView:116 -                Rank 1 : false
2024-05-24 01:22:24,482 [INFO] ADCParametersView:116 -                Rank 1 : false
2024-05-24 01:22:24,482 [INFO] ADCParametersView:116 -                Rank 1 : false
2024-05-24 01:22:24,482 [INFO] ADCParametersView:116 -                Rank 1 : false
2024-05-24 01:22:24,482 [INFO] ADCParametersView:116 -                Rank 1 : false
2024-05-24 01:22:24,482 [INFO] ADCParametersView:116 -                Rank 1 : false
2024-05-24 01:22:24,482 [INFO] ADCParametersView:116 -                Rank 1 : false
2024-05-24 01:22:24,482 [INFO] ADCParametersView:116 -                Rank 1 : false
2024-05-24 01:22:24,482 [INFO] ADCParametersView:116 -                Rank 1 : false
2024-05-24 01:22:24,482 [INFO] ADCParametersView:116 -                Rank 1 : false
2024-05-24 01:22:24,483 [INFO] ADCParametersView:116 -                Rank 1 : false
2024-05-24 01:22:24,483 [INFO] ADCParametersView:116 -                Rank 1 : false
2024-05-24 01:22:24,483 [INFO] ADCParametersView:116 -                Rank 1 : false
2024-05-24 01:22:24,483 [INFO] ADCParametersView:116 -                Rank 1 : false
2024-05-24 01:22:24,483 [INFO] ADCParametersView:116 -                Rank 1 : false
2024-05-24 01:22:24,483 [INFO] ADCParametersView:116 -                Rank 1 : false
2024-05-24 01:22:24,483 [INFO] ADCParametersView:116 -                Rank 1 : false
2024-05-24 01:22:24,483 [INFO] ADCParametersView:116 -                Rank 1 : false
2024-05-24 01:22:24,483 [INFO] ADCParametersView:116 -                Rank 1 : false
2024-05-24 01:22:24,492 [INFO] ADCParametersView:116 -                Rank 1 : false
2024-05-24 01:23:04,018 [INFO] ADCParametersView:116 -                Rank 1 : false
2024-05-24 01:23:04,039 [INFO] ADCParametersView:116 -                Rank 1 : false
2024-05-24 01:23:04,039 [INFO] ADCParametersView:116 -                Rank 1 : false
2024-05-24 01:23:04,039 [INFO] ADCParametersView:116 -                Rank 1 : false
2024-05-24 01:23:04,039 [INFO] ADCParametersView:116 -                Rank 1 : false
2024-05-24 01:23:04,039 [INFO] ADCParametersView:116 -                Rank 1 : false
2024-05-24 01:23:04,039 [INFO] ADCParametersView:116 -                Rank 1 : false
2024-05-24 01:23:04,039 [INFO] ADCParametersView:116 -                Rank 1 : false
2024-05-24 01:23:04,039 [INFO] ADCParametersView:116 -                Rank 1 : false
2024-05-24 01:23:04,039 [INFO] ADCParametersView:116 -                Rank 1 : false
2024-05-24 01:23:04,039 [INFO] ADCParametersView:116 -                Rank 1 : false
2024-05-24 01:23:04,039 [INFO] ADCParametersView:116 -                Rank 1 : false
2024-05-24 01:23:04,039 [INFO] ADCParametersView:116 -                Rank 1 : false
2024-05-24 01:23:04,039 [INFO] ADCParametersView:116 -                Rank 1 : false
2024-05-24 01:23:04,039 [INFO] ADCParametersView:116 -                Rank 1 : false
2024-05-24 01:23:04,039 [INFO] ADCParametersView:116 -                Rank 1 : false
2024-05-24 01:23:04,039 [INFO] ADCParametersView:116 -                Rank 1 : false
2024-05-24 01:23:04,039 [INFO] ADCParametersView:116 -                Rank 1 : false
2024-05-24 01:23:04,039 [INFO] ADCParametersView:116 -                Rank 1 : false
2024-05-24 01:23:04,039 [INFO] ADCParametersView:116 -                Rank 1 : false
2024-05-24 01:23:04,039 [INFO] ADCParametersView:116 -                Rank 1 : false
2024-05-24 01:23:04,051 [INFO] ADCParametersView:116 -                Rank 1 : false
2024-05-24 01:23:04,173 [INFO] NvicIntPanel:101 - NVIC parent = com.st.microxplorer.plugins.ip.nvic.MultiNvicIntPanel[,0,0,0x0,invalid,layout=javax.swing.BoxLayout,alignmentX=0.0,alignmentY=0.0,border=,flags=9,maximumSize=,minimumSize=,preferredSize=]
2024-05-24 01:23:04,333 [INFO] NvicIntPanel:101 - NVIC parent = com.st.microxplorer.plugins.ip.nvic.MultiNvicIntPanel[,0,0,0x0,invalid,layout=javax.swing.BoxLayout,alignmentX=0.0,alignmentY=0.0,border=,flags=9,maximumSize=,minimumSize=,preferredSize=]
2024-05-24 01:23:04,483 [INFO] NvicIntPanel:101 - NVIC parent = com.st.microxplorer.plugins.ip.nvic.MultiNvicIntPanel[,0,0,0x0,invalid,layout=javax.swing.BoxLayout,alignmentX=0.0,alignmentY=0.0,border=,flags=9,maximumSize=,minimumSize=,preferredSize=]
2024-05-24 01:23:04,611 [INFO] NvicIntPanel:101 - NVIC parent = com.st.microxplorer.plugins.ip.nvic.MultiNvicIntPanel[,0,0,0x0,invalid,layout=javax.swing.BoxLayout,alignmentX=0.0,alignmentY=0.0,border=,flags=9,maximumSize=,minimumSize=,preferredSize=]
2024-05-24 01:23:04,678 [INFO] ADCParametersView:116 -                Rank 1 : false
2024-05-24 01:23:04,678 [INFO] ADCParametersView:116 -                Rank 1 : false
2024-05-24 01:23:04,678 [INFO] ADCParametersView:116 -                Rank 1 : false
2024-05-24 01:23:04,678 [INFO] ADCParametersView:116 -                Rank 1 : false
2024-05-24 01:23:04,678 [INFO] ADCParametersView:116 -                Rank 1 : false
2024-05-24 01:23:04,678 [INFO] ADCParametersView:116 -                Rank 1 : false
2024-05-24 01:23:04,678 [INFO] ADCParametersView:116 -                Rank 1 : false
2024-05-24 01:23:04,678 [INFO] ADCParametersView:116 -                Rank 1 : false
2024-05-24 01:23:04,678 [INFO] ADCParametersView:116 -                Rank 1 : false
2024-05-24 01:23:04,678 [INFO] ADCParametersView:116 -                Rank 1 : false
2024-05-24 01:23:04,678 [INFO] ADCParametersView:116 -                Rank 1 : false
2024-05-24 01:23:04,678 [INFO] ADCParametersView:116 -                Rank 1 : false
2024-05-24 01:23:04,678 [INFO] ADCParametersView:116 -                Rank 1 : false
2024-05-24 01:23:04,678 [INFO] ADCParametersView:116 -                Rank 1 : false
2024-05-24 01:23:04,679 [INFO] ADCParametersView:116 -                Rank 1 : false
2024-05-24 01:23:04,679 [INFO] ADCParametersView:116 -                Rank 1 : false
2024-05-24 01:23:04,679 [INFO] ADCParametersView:116 -                Rank 1 : false
2024-05-24 01:23:04,679 [INFO] ADCParametersView:116 -                Rank 1 : false
2024-05-24 01:23:04,679 [INFO] ADCParametersView:116 -                Rank 1 : false
2024-05-24 01:23:04,679 [INFO] ADCParametersView:116 -                Rank 1 : false
2024-05-24 01:23:04,687 [INFO] ADCParametersView:116 -                Rank 1 : false
2024-05-24 01:23:04,701 [INFO] ADCParametersView:116 -                Rank 1 : false
2024-05-24 01:23:04,701 [INFO] ADCParametersView:116 -                Rank 1 : false
2024-05-24 01:23:04,701 [INFO] ADCParametersView:116 -                Rank 1 : false
2024-05-24 01:23:04,701 [INFO] ADCParametersView:116 -                Rank 1 : false
2024-05-24 01:23:04,701 [INFO] ADCParametersView:116 -                Rank 1 : false
2024-05-24 01:23:04,701 [INFO] ADCParametersView:116 -                Rank 1 : false
2024-05-24 01:23:04,701 [INFO] ADCParametersView:116 -                Rank 1 : false
2024-05-24 01:23:04,701 [INFO] ADCParametersView:116 -                Rank 1 : false
2024-05-24 01:23:04,701 [INFO] ADCParametersView:116 -                Rank 1 : false
2024-05-24 01:23:04,701 [INFO] ADCParametersView:116 -                Rank 1 : false
2024-05-24 01:23:04,701 [INFO] ADCParametersView:116 -                Rank 1 : false
2024-05-24 01:23:04,701 [INFO] ADCParametersView:116 -                Rank 1 : false
2024-05-24 01:23:04,702 [INFO] ADCParametersView:116 -                Rank 1 : false
2024-05-24 01:23:04,702 [INFO] ADCParametersView:116 -                Rank 1 : false
2024-05-24 01:23:04,702 [INFO] ADCParametersView:116 -                Rank 1 : false
2024-05-24 01:23:04,702 [INFO] ADCParametersView:116 -                Rank 1 : false
2024-05-24 01:23:04,702 [INFO] ADCParametersView:116 -                Rank 1 : false
2024-05-24 01:23:04,702 [INFO] ADCParametersView:116 -                Rank 1 : false
2024-05-24 01:23:04,702 [INFO] ADCParametersView:116 -                Rank 1 : false
2024-05-24 01:23:04,702 [INFO] ADCParametersView:116 -                Rank 1 : false
2024-05-24 01:23:04,708 [INFO] ADCParametersView:116 -                Rank 1 : false
2024-05-24 01:23:22,068 [INFO] ADCParametersView:116 -                Rank 1 : false
2024-05-24 01:23:22,068 [INFO] ADCParametersView:116 -                Rank 1 : false
2024-05-24 01:23:22,068 [INFO] ADCParametersView:116 -                Rank 1 : false
2024-05-24 01:23:22,068 [INFO] ADCParametersView:116 -                Rank 1 : false
2024-05-24 01:23:22,068 [INFO] ADCParametersView:116 -                Rank 1 : false
2024-05-24 01:23:22,068 [INFO] ADCParametersView:116 -                Rank 1 : false
2024-05-24 01:23:22,068 [INFO] ADCParametersView:116 -                Rank 1 : false
2024-05-24 01:23:22,068 [INFO] ADCParametersView:116 -                Rank 1 : false
2024-05-24 01:23:22,068 [INFO] ADCParametersView:116 -                Rank 1 : false
2024-05-24 01:23:22,068 [INFO] ADCParametersView:116 -                Rank 1 : false
2024-05-24 01:23:22,068 [INFO] ADCParametersView:116 -                Rank 1 : false
2024-05-24 01:23:22,069 [INFO] ADCParametersView:116 -                Rank 1 : false
2024-05-24 01:23:22,069 [INFO] ADCParametersView:116 -                Rank 1 : false
2024-05-24 01:23:22,069 [INFO] ADCParametersView:116 -                Rank 1 : false
2024-05-24 01:23:22,069 [INFO] ADCParametersView:116 -                Rank 1 : false
2024-05-24 01:23:22,069 [INFO] ADCParametersView:116 -                Rank 1 : false
2024-05-24 01:23:22,069 [INFO] ADCParametersView:116 -                Rank 1 : false
2024-05-24 01:23:22,069 [INFO] ADCParametersView:116 -                Rank 1 : false
2024-05-24 01:23:22,069 [INFO] ADCParametersView:116 -                Rank 1 : false
2024-05-24 01:23:22,069 [INFO] ADCParametersView:116 -                Rank 1 : false
2024-05-24 01:23:22,076 [INFO] ADCParametersView:116 -                Rank 1 : false
2024-05-24 01:23:22,090 [INFO] ADCParametersView:116 -                Rank 1 : false
2024-05-24 01:23:22,091 [INFO] ADCParametersView:116 -                Rank 1 : false
2024-05-24 01:23:22,091 [INFO] ADCParametersView:116 -                Rank 1 : false
2024-05-24 01:23:22,091 [INFO] ADCParametersView:116 -                Rank 1 : false
2024-05-24 01:23:22,091 [INFO] ADCParametersView:116 -                Rank 1 : false
2024-05-24 01:23:22,091 [INFO] ADCParametersView:116 -                Rank 1 : false
2024-05-24 01:23:22,091 [INFO] ADCParametersView:116 -                Rank 1 : false
2024-05-24 01:23:22,091 [INFO] ADCParametersView:116 -                Rank 1 : false
2024-05-24 01:23:22,091 [INFO] ADCParametersView:116 -                Rank 1 : false
2024-05-24 01:23:22,091 [INFO] ADCParametersView:116 -                Rank 1 : false
2024-05-24 01:23:22,091 [INFO] ADCParametersView:116 -                Rank 1 : false
2024-05-24 01:23:22,091 [INFO] ADCParametersView:116 -                Rank 1 : false
2024-05-24 01:23:22,091 [INFO] ADCParametersView:116 -                Rank 1 : false
2024-05-24 01:23:22,091 [INFO] ADCParametersView:116 -                Rank 1 : false
2024-05-24 01:23:22,091 [INFO] ADCParametersView:116 -                Rank 1 : false
2024-05-24 01:23:22,091 [INFO] ADCParametersView:116 -                Rank 1 : false
2024-05-24 01:23:22,091 [INFO] ADCParametersView:116 -                Rank 1 : false
2024-05-24 01:23:22,091 [INFO] ADCParametersView:116 -                Rank 1 : false
2024-05-24 01:23:22,091 [INFO] ADCParametersView:116 -                Rank 1 : false
2024-05-24 01:23:22,091 [INFO] ADCParametersView:116 -                Rank 1 : false
2024-05-24 01:23:22,098 [INFO] ADCParametersView:116 -                Rank 1 : false
2024-05-24 01:23:22,180 [INFO] ADCParametersView:116 -                Rank 1 : false
2024-05-24 01:23:22,180 [INFO] ADCParametersView:116 -                Rank 1 : false
2024-05-24 01:23:22,180 [INFO] ADCParametersView:116 -                Rank 1 : false
2024-05-24 01:23:22,180 [INFO] ADCParametersView:116 -                Rank 1 : false
2024-05-24 01:23:22,180 [INFO] ADCParametersView:116 -                Rank 1 : false
2024-05-24 01:23:22,180 [INFO] ADCParametersView:116 -                Rank 1 : false
2024-05-24 01:23:22,180 [INFO] ADCParametersView:116 -                Rank 1 : false
2024-05-24 01:23:22,180 [INFO] ADCParametersView:116 -                Rank 1 : false
2024-05-24 01:23:22,181 [INFO] ADCParametersView:116 -                Rank 1 : false
2024-05-24 01:23:22,181 [INFO] ADCParametersView:116 -                Rank 1 : false
2024-05-24 01:23:22,181 [INFO] ADCParametersView:116 -                Rank 1 : false
2024-05-24 01:23:22,181 [INFO] ADCParametersView:116 -                Rank 1 : false
2024-05-24 01:23:22,181 [INFO] ADCParametersView:116 -                Rank 1 : false
2024-05-24 01:23:22,181 [INFO] ADCParametersView:116 -                Rank 1 : false
2024-05-24 01:23:22,181 [INFO] ADCParametersView:116 -                Rank 1 : false
2024-05-24 01:23:22,181 [INFO] ADCParametersView:116 -                Rank 1 : false
2024-05-24 01:23:22,181 [INFO] ADCParametersView:116 -                Rank 1 : false
2024-05-24 01:23:22,181 [INFO] ADCParametersView:116 -                Rank 1 : false
2024-05-24 01:23:22,181 [INFO] ADCParametersView:116 -                Rank 1 : false
2024-05-24 01:23:22,181 [INFO] ADCParametersView:116 -                Rank 1 : false
2024-05-24 01:23:22,190 [INFO] ADCParametersView:116 -                Rank 1 : false
2024-05-24 01:23:22,204 [INFO] ADCParametersView:116 -                Rank 1 : false
2024-05-24 01:23:22,204 [INFO] ADCParametersView:116 -                Rank 1 : false
2024-05-24 01:23:22,204 [INFO] ADCParametersView:116 -                Rank 1 : false
2024-05-24 01:23:22,204 [INFO] ADCParametersView:116 -                Rank 1 : false
2024-05-24 01:23:22,204 [INFO] ADCParametersView:116 -                Rank 1 : false
2024-05-24 01:23:22,204 [INFO] ADCParametersView:116 -                Rank 1 : false
2024-05-24 01:23:22,204 [INFO] ADCParametersView:116 -                Rank 1 : false
2024-05-24 01:23:22,204 [INFO] ADCParametersView:116 -                Rank 1 : false
2024-05-24 01:23:22,204 [INFO] ADCParametersView:116 -                Rank 1 : false
2024-05-24 01:23:22,204 [INFO] ADCParametersView:116 -                Rank 1 : false
2024-05-24 01:23:22,204 [INFO] ADCParametersView:116 -                Rank 1 : false
2024-05-24 01:23:22,204 [INFO] ADCParametersView:116 -                Rank 1 : false
2024-05-24 01:23:22,204 [INFO] ADCParametersView:116 -                Rank 1 : false
2024-05-24 01:23:22,204 [INFO] ADCParametersView:116 -                Rank 1 : false
2024-05-24 01:23:22,204 [INFO] ADCParametersView:116 -                Rank 1 : false
2024-05-24 01:23:22,204 [INFO] ADCParametersView:116 -                Rank 1 : false
2024-05-24 01:23:22,204 [INFO] ADCParametersView:116 -                Rank 1 : false
2024-05-24 01:23:22,206 [INFO] ADCParametersView:116 -                Rank 1 : false
2024-05-24 01:23:22,206 [INFO] ADCParametersView:116 -                Rank 1 : false
2024-05-24 01:23:22,206 [INFO] ADCParametersView:116 -                Rank 1 : false
2024-05-24 01:23:22,214 [INFO] ADCParametersView:116 -                Rank 1 : false
2024-05-24 01:24:00,959 [INFO] ADCParametersView:116 -                Rank 1 : false
2024-05-24 01:24:00,959 [INFO] ADCParametersView:116 -                Rank 1 : false
2024-05-24 01:24:00,959 [INFO] ADCParametersView:116 -                Rank 1 : false
2024-05-24 01:24:00,959 [INFO] ADCParametersView:116 -                Rank 1 : false
2024-05-24 01:24:00,959 [INFO] ADCParametersView:116 -                Rank 1 : false
2024-05-24 01:24:00,959 [INFO] ADCParametersView:116 -                Rank 1 : false
2024-05-24 01:24:00,959 [INFO] ADCParametersView:116 -                Rank 1 : false
2024-05-24 01:24:00,959 [INFO] ADCParametersView:116 -                Rank 1 : false
2024-05-24 01:24:00,959 [INFO] ADCParametersView:116 -                Rank 1 : false
2024-05-24 01:24:00,959 [INFO] ADCParametersView:116 -                Rank 1 : false
2024-05-24 01:24:00,959 [INFO] ADCParametersView:116 -                Rank 1 : false
2024-05-24 01:24:00,959 [INFO] ADCParametersView:116 -                Rank 1 : false
2024-05-24 01:24:00,959 [INFO] ADCParametersView:116 -                Rank 1 : false
2024-05-24 01:24:00,959 [INFO] ADCParametersView:116 -                Rank 1 : false
2024-05-24 01:24:00,959 [INFO] ADCParametersView:116 -                Rank 1 : false
2024-05-24 01:24:00,959 [INFO] ADCParametersView:116 -                Rank 1 : false
2024-05-24 01:24:00,959 [INFO] ADCParametersView:116 -                Rank 1 : false
2024-05-24 01:24:00,959 [INFO] ADCParametersView:116 -                Rank 1 : false
2024-05-24 01:24:00,959 [INFO] ADCParametersView:116 -                Rank 1 : false
2024-05-24 01:24:00,959 [INFO] ADCParametersView:116 -                Rank 1 : false
2024-05-24 01:24:00,969 [INFO] ADCParametersView:116 -                Rank 1 : false
2024-05-24 01:24:00,983 [INFO] ADCParametersView:116 -                Rank 1 : false
2024-05-24 01:24:00,983 [INFO] ADCParametersView:116 -                Rank 1 : false
2024-05-24 01:24:00,983 [INFO] ADCParametersView:116 -                Rank 1 : false
2024-05-24 01:24:00,983 [INFO] ADCParametersView:116 -                Rank 1 : false
2024-05-24 01:24:00,984 [INFO] ADCParametersView:116 -                Rank 1 : false
2024-05-24 01:24:00,984 [INFO] ADCParametersView:116 -                Rank 1 : false
2024-05-24 01:24:00,984 [INFO] ADCParametersView:116 -                Rank 1 : false
2024-05-24 01:24:00,984 [INFO] ADCParametersView:116 -                Rank 1 : false
2024-05-24 01:24:00,984 [INFO] ADCParametersView:116 -                Rank 1 : false
2024-05-24 01:24:00,984 [INFO] ADCParametersView:116 -                Rank 1 : false
2024-05-24 01:24:00,984 [INFO] ADCParametersView:116 -                Rank 1 : false
2024-05-24 01:24:00,984 [INFO] ADCParametersView:116 -                Rank 1 : false
2024-05-24 01:24:00,984 [INFO] ADCParametersView:116 -                Rank 1 : false
2024-05-24 01:24:00,984 [INFO] ADCParametersView:116 -                Rank 1 : false
2024-05-24 01:24:00,984 [INFO] ADCParametersView:116 -                Rank 1 : false
2024-05-24 01:24:00,984 [INFO] ADCParametersView:116 -                Rank 1 : false
2024-05-24 01:24:00,984 [INFO] ADCParametersView:116 -                Rank 1 : false
2024-05-24 01:24:00,984 [INFO] ADCParametersView:116 -                Rank 1 : false
2024-05-24 01:24:00,984 [INFO] ADCParametersView:116 -                Rank 1 : false
2024-05-24 01:24:00,984 [INFO] ADCParametersView:116 -                Rank 1 : false
2024-05-24 01:24:00,993 [INFO] ADCParametersView:116 -                Rank 1 : false
2024-05-24 01:24:01,260 [INFO] ADCParametersView:116 -                Rank 1 : false
2024-05-24 01:24:01,260 [INFO] ADCParametersView:116 -                Rank 1 : false
2024-05-24 01:24:01,260 [INFO] ADCParametersView:116 -                Rank 1 : false
2024-05-24 01:24:01,260 [INFO] ADCParametersView:116 -                Rank 1 : false
2024-05-24 01:24:01,260 [INFO] ADCParametersView:116 -                Rank 1 : false
2024-05-24 01:24:01,260 [INFO] ADCParametersView:116 -                Rank 1 : false
2024-05-24 01:24:01,260 [INFO] ADCParametersView:116 -                Rank 1 : false
2024-05-24 01:24:01,261 [INFO] ADCParametersView:116 -                Rank 1 : false
2024-05-24 01:24:01,261 [INFO] ADCParametersView:116 -                Rank 1 : false
2024-05-24 01:24:01,261 [INFO] ADCParametersView:116 -                Rank 1 : false
2024-05-24 01:24:01,261 [INFO] ADCParametersView:116 -                Rank 1 : false
2024-05-24 01:24:01,261 [INFO] ADCParametersView:116 -                Rank 1 : false
2024-05-24 01:24:01,261 [INFO] ADCParametersView:116 -                Rank 1 : false
2024-05-24 01:24:01,261 [INFO] ADCParametersView:116 -                Rank 1 : false
2024-05-24 01:24:01,261 [INFO] ADCParametersView:116 -                Rank 1 : false
2024-05-24 01:24:01,261 [INFO] ADCParametersView:116 -                Rank 1 : false
2024-05-24 01:24:01,261 [INFO] ADCParametersView:116 -                Rank 1 : false
2024-05-24 01:24:01,261 [INFO] ADCParametersView:116 -                Rank 1 : false
2024-05-24 01:24:01,261 [INFO] ADCParametersView:116 -                Rank 1 : false
2024-05-24 01:24:01,261 [INFO] ADCParametersView:116 -                Rank 1 : false
2024-05-24 01:24:01,269 [INFO] ADCParametersView:116 -                Rank 1 : false
2024-05-24 01:24:01,285 [INFO] ADCParametersView:116 -                Rank 1 : false
2024-05-24 01:24:01,285 [INFO] ADCParametersView:116 -                Rank 1 : false
2024-05-24 01:24:01,285 [INFO] ADCParametersView:116 -                Rank 1 : false
2024-05-24 01:24:01,285 [INFO] ADCParametersView:116 -                Rank 1 : false
2024-05-24 01:24:01,285 [INFO] ADCParametersView:116 -                Rank 1 : false
2024-05-24 01:24:01,285 [INFO] ADCParametersView:116 -                Rank 1 : false
2024-05-24 01:24:01,285 [INFO] ADCParametersView:116 -                Rank 1 : false
2024-05-24 01:24:01,285 [INFO] ADCParametersView:116 -                Rank 1 : false
2024-05-24 01:24:01,285 [INFO] ADCParametersView:116 -                Rank 1 : false
2024-05-24 01:24:01,285 [INFO] ADCParametersView:116 -                Rank 1 : false
2024-05-24 01:24:01,285 [INFO] ADCParametersView:116 -                Rank 1 : false
2024-05-24 01:24:01,285 [INFO] ADCParametersView:116 -                Rank 1 : false
2024-05-24 01:24:01,285 [INFO] ADCParametersView:116 -                Rank 1 : false
2024-05-24 01:24:01,285 [INFO] ADCParametersView:116 -                Rank 1 : false
2024-05-24 01:24:01,285 [INFO] ADCParametersView:116 -                Rank 1 : false
2024-05-24 01:24:01,285 [INFO] ADCParametersView:116 -                Rank 1 : false
2024-05-24 01:24:01,285 [INFO] ADCParametersView:116 -                Rank 1 : false
2024-05-24 01:24:01,285 [INFO] ADCParametersView:116 -                Rank 1 : false
2024-05-24 01:24:01,285 [INFO] ADCParametersView:116 -                Rank 1 : false
2024-05-24 01:24:01,285 [INFO] ADCParametersView:116 -                Rank 1 : false
2024-05-24 01:24:01,294 [INFO] ADCParametersView:116 -                Rank 1 : false
2024-05-24 01:24:21,327 [INFO] ADCParametersView:116 -                Rank 1 : false
2024-05-24 01:24:21,327 [INFO] ADCParametersView:116 -                Rank 1 : false
2024-05-24 01:24:21,327 [INFO] ADCParametersView:116 -                Rank 1 : false
2024-05-24 01:24:21,327 [INFO] ADCParametersView:116 -                Rank 1 : false
2024-05-24 01:24:21,327 [INFO] ADCParametersView:116 -                Rank 1 : false
2024-05-24 01:24:21,327 [INFO] ADCParametersView:116 -                Rank 1 : false
2024-05-24 01:24:21,327 [INFO] ADCParametersView:116 -                Rank 1 : false
2024-05-24 01:24:21,327 [INFO] ADCParametersView:116 -                Rank 1 : false
2024-05-24 01:24:21,327 [INFO] ADCParametersView:116 -                Rank 1 : false
2024-05-24 01:24:21,327 [INFO] ADCParametersView:116 -                Rank 1 : false
2024-05-24 01:24:21,327 [INFO] ADCParametersView:116 -                Rank 1 : false
2024-05-24 01:24:21,327 [INFO] ADCParametersView:116 -                Rank 1 : false
2024-05-24 01:24:21,327 [INFO] ADCParametersView:116 -                Rank 1 : false
2024-05-24 01:24:21,327 [INFO] ADCParametersView:116 -                Rank 1 : false
2024-05-24 01:24:21,327 [INFO] ADCParametersView:116 -                Rank 1 : false
2024-05-24 01:24:21,328 [INFO] ADCParametersView:116 -                Rank 1 : false
2024-05-24 01:24:21,328 [INFO] ADCParametersView:116 -                Rank 1 : false
2024-05-24 01:24:21,328 [INFO] ADCParametersView:116 -                Rank 1 : false
2024-05-24 01:24:21,328 [INFO] ADCParametersView:116 -                Rank 1 : false
2024-05-24 01:24:21,328 [INFO] ADCParametersView:116 -                Rank 1 : false
2024-05-24 01:24:21,338 [INFO] ADCParametersView:116 -                Rank 1 : false
2024-05-24 01:24:21,357 [INFO] ADCParametersView:116 -                Rank 1 : false
2024-05-24 01:24:21,357 [INFO] ADCParametersView:116 -                Rank 1 : false
2024-05-24 01:24:21,357 [INFO] ADCParametersView:116 -                Rank 1 : false
2024-05-24 01:24:21,357 [INFO] ADCParametersView:116 -                Rank 1 : false
2024-05-24 01:24:21,357 [INFO] ADCParametersView:116 -                Rank 1 : false
2024-05-24 01:24:21,357 [INFO] ADCParametersView:116 -                Rank 1 : false
2024-05-24 01:24:21,357 [INFO] ADCParametersView:116 -                Rank 1 : false
2024-05-24 01:24:21,357 [INFO] ADCParametersView:116 -                Rank 1 : false
2024-05-24 01:24:21,357 [INFO] ADCParametersView:116 -                Rank 1 : false
2024-05-24 01:24:21,357 [INFO] ADCParametersView:116 -                Rank 1 : false
2024-05-24 01:24:21,357 [INFO] ADCParametersView:116 -                Rank 1 : false
2024-05-24 01:24:21,357 [INFO] ADCParametersView:116 -                Rank 1 : false
2024-05-24 01:24:21,357 [INFO] ADCParametersView:116 -                Rank 1 : false
2024-05-24 01:24:21,357 [INFO] ADCParametersView:116 -                Rank 1 : false
2024-05-24 01:24:21,357 [INFO] ADCParametersView:116 -                Rank 1 : false
2024-05-24 01:24:21,357 [INFO] ADCParametersView:116 -                Rank 1 : false
2024-05-24 01:24:21,357 [INFO] ADCParametersView:116 -                Rank 1 : false
2024-05-24 01:24:21,357 [INFO] ADCParametersView:116 -                Rank 1 : false
2024-05-24 01:24:21,357 [INFO] ADCParametersView:116 -                Rank 1 : false
2024-05-24 01:24:21,357 [INFO] ADCParametersView:116 -                Rank 1 : false
2024-05-24 01:24:21,371 [INFO] ADCParametersView:116 -                Rank 1 : false
2024-05-24 01:24:21,434 [INFO] ADCParametersView:116 -                Rank 1 : false
2024-05-24 01:24:21,434 [INFO] ADCParametersView:116 -                Rank 1 : false
2024-05-24 01:24:21,434 [INFO] ADCParametersView:116 -                Rank 1 : false
2024-05-24 01:24:21,434 [INFO] ADCParametersView:116 -                Rank 1 : false
2024-05-24 01:24:21,434 [INFO] ADCParametersView:116 -                Rank 1 : false
2024-05-24 01:24:21,434 [INFO] ADCParametersView:116 -                Rank 1 : false
2024-05-24 01:24:21,434 [INFO] ADCParametersView:116 -                Rank 1 : false
2024-05-24 01:24:21,434 [INFO] ADCParametersView:116 -                Rank 1 : false
2024-05-24 01:24:21,434 [INFO] ADCParametersView:116 -                Rank 1 : false
2024-05-24 01:24:21,434 [INFO] ADCParametersView:116 -                Rank 1 : false
2024-05-24 01:24:21,434 [INFO] ADCParametersView:116 -                Rank 1 : false
2024-05-24 01:24:21,434 [INFO] ADCParametersView:116 -                Rank 1 : false
2024-05-24 01:24:21,434 [INFO] ADCParametersView:116 -                Rank 1 : false
2024-05-24 01:24:21,434 [INFO] ADCParametersView:116 -                Rank 1 : false
2024-05-24 01:24:21,434 [INFO] ADCParametersView:116 -                Rank 1 : false
2024-05-24 01:24:21,434 [INFO] ADCParametersView:116 -                Rank 1 : false
2024-05-24 01:24:21,434 [INFO] ADCParametersView:116 -                Rank 1 : false
2024-05-24 01:24:21,434 [INFO] ADCParametersView:116 -                Rank 1 : false
2024-05-24 01:24:21,434 [INFO] ADCParametersView:116 -                Rank 1 : false
2024-05-24 01:24:21,434 [INFO] ADCParametersView:116 -                Rank 1 : false
2024-05-24 01:24:21,443 [INFO] ADCParametersView:116 -                Rank 1 : false
2024-05-24 01:24:21,462 [INFO] ADCParametersView:116 -                Rank 1 : false
2024-05-24 01:24:21,462 [INFO] ADCParametersView:116 -                Rank 1 : false
2024-05-24 01:24:21,462 [INFO] ADCParametersView:116 -                Rank 1 : false
2024-05-24 01:24:21,462 [INFO] ADCParametersView:116 -                Rank 1 : false
2024-05-24 01:24:21,462 [INFO] ADCParametersView:116 -                Rank 1 : false
2024-05-24 01:24:21,462 [INFO] ADCParametersView:116 -                Rank 1 : false
2024-05-24 01:24:21,462 [INFO] ADCParametersView:116 -                Rank 1 : false
2024-05-24 01:24:21,463 [INFO] ADCParametersView:116 -                Rank 1 : false
2024-05-24 01:24:21,463 [INFO] ADCParametersView:116 -                Rank 1 : false
2024-05-24 01:24:21,463 [INFO] ADCParametersView:116 -                Rank 1 : false
2024-05-24 01:24:21,463 [INFO] ADCParametersView:116 -                Rank 1 : false
2024-05-24 01:24:21,463 [INFO] ADCParametersView:116 -                Rank 1 : false
2024-05-24 01:24:21,463 [INFO] ADCParametersView:116 -                Rank 1 : false
2024-05-24 01:24:21,463 [INFO] ADCParametersView:116 -                Rank 1 : false
2024-05-24 01:24:21,463 [INFO] ADCParametersView:116 -                Rank 1 : false
2024-05-24 01:24:21,463 [INFO] ADCParametersView:116 -                Rank 1 : false
2024-05-24 01:24:21,463 [INFO] ADCParametersView:116 -                Rank 1 : false
2024-05-24 01:24:21,463 [INFO] ADCParametersView:116 -                Rank 1 : false
2024-05-24 01:24:21,463 [INFO] ADCParametersView:116 -                Rank 1 : false
2024-05-24 01:24:21,463 [INFO] ADCParametersView:116 -                Rank 1 : false
2024-05-24 01:24:21,472 [INFO] ADCParametersView:116 -                Rank 1 : false
2024-05-24 01:24:38,264 [INFO] UtilMem:75 - End SaveConfig() Used Memory: 738711136 Bytes (1073741824)
2024-05-24 01:24:48,489 [INFO] ADCParametersView:116 -                Rank 1 : false
2024-05-24 01:24:48,489 [INFO] ADCParametersView:116 -                Rank 1 : false
2024-05-24 01:24:48,489 [INFO] ADCParametersView:116 -                Rank 1 : false
2024-05-24 01:24:48,489 [INFO] ADCParametersView:116 -                Rank 1 : false
2024-05-24 01:24:48,489 [INFO] ADCParametersView:116 -                Rank 1 : false
2024-05-24 01:24:48,489 [INFO] ADCParametersView:116 -                Rank 1 : false
2024-05-24 01:24:48,489 [INFO] ADCParametersView:116 -                Rank 1 : false
2024-05-24 01:24:48,489 [INFO] ADCParametersView:116 -                Rank 1 : false
2024-05-24 01:24:48,489 [INFO] ADCParametersView:116 -                Rank 1 : false
2024-05-24 01:24:48,489 [INFO] ADCParametersView:116 -                Rank 1 : false
2024-05-24 01:24:48,489 [INFO] ADCParametersView:116 -                Rank 1 : false
2024-05-24 01:24:48,489 [INFO] ADCParametersView:116 -                Rank 1 : false
2024-05-24 01:24:48,490 [INFO] ADCParametersView:116 -                Rank 1 : false
2024-05-24 01:24:48,490 [INFO] ADCParametersView:116 -                Rank 1 : false
2024-05-24 01:24:48,490 [INFO] ADCParametersView:116 -                Rank 1 : false
2024-05-24 01:24:48,490 [INFO] ADCParametersView:116 -                Rank 1 : false
2024-05-24 01:24:48,490 [INFO] ADCParametersView:116 -                Rank 1 : false
2024-05-24 01:24:48,490 [INFO] ADCParametersView:116 -                Rank 1 : false
2024-05-24 01:24:48,490 [INFO] ADCParametersView:116 -                Rank 1 : false
2024-05-24 01:24:48,490 [INFO] ADCParametersView:116 -                Rank 1 : false
2024-05-24 01:24:48,490 [INFO] ADCParametersView:116 -                Rank 1 : false
2024-05-24 01:24:48,498 [INFO] ADCParametersView:116 -                Rank 1 : false
2024-05-24 01:24:48,514 [INFO] ADCParametersView:116 -                Rank 1 : false
2024-05-24 01:24:48,514 [INFO] ADCParametersView:116 -                Rank 1 : false
2024-05-24 01:24:48,514 [INFO] ADCParametersView:116 -                Rank 1 : false
2024-05-24 01:24:48,514 [INFO] ADCParametersView:116 -                Rank 1 : false
2024-05-24 01:24:48,514 [INFO] ADCParametersView:116 -                Rank 1 : false
2024-05-24 01:24:48,514 [INFO] ADCParametersView:116 -                Rank 1 : false
2024-05-24 01:24:48,514 [INFO] ADCParametersView:116 -                Rank 1 : false
2024-05-24 01:24:48,514 [INFO] ADCParametersView:116 -                Rank 1 : false
2024-05-24 01:24:48,514 [INFO] ADCParametersView:116 -                Rank 1 : false
2024-05-24 01:24:48,514 [INFO] ADCParametersView:116 -                Rank 1 : false
2024-05-24 01:24:48,514 [INFO] ADCParametersView:116 -                Rank 1 : false
2024-05-24 01:24:48,514 [INFO] ADCParametersView:116 -                Rank 1 : false
2024-05-24 01:24:48,514 [INFO] ADCParametersView:116 -                Rank 1 : false
2024-05-24 01:24:48,514 [INFO] ADCParametersView:116 -                Rank 1 : false
2024-05-24 01:24:48,514 [INFO] ADCParametersView:116 -                Rank 1 : false
2024-05-24 01:24:48,514 [INFO] ADCParametersView:116 -                Rank 1 : false
2024-05-24 01:24:48,514 [INFO] ADCParametersView:116 -                Rank 1 : false
2024-05-24 01:24:48,514 [INFO] ADCParametersView:116 -                Rank 1 : false
2024-05-24 01:24:48,514 [INFO] ADCParametersView:116 -                Rank 1 : false
2024-05-24 01:24:48,514 [INFO] ADCParametersView:116 -                Rank 1 : false
2024-05-24 01:24:48,516 [INFO] ADCParametersView:116 -                Rank 1 : false
2024-05-24 01:24:48,528 [INFO] ADCParametersView:116 -                Rank 1 : false
2024-05-24 01:25:46,244 [INFO] ParamManager:896 - [Generic UI] PropertyChangeEvent: TAB_STATUS_CHANGED , "dont care", "never mind"
2024-05-24 01:25:46,303 [INFO] ParamManager:896 - [Generic UI] PropertyChangeEvent: TAB_STATUS_CHANGED , "dont care", "never mind"
2024-05-24 01:25:46,305 [INFO] ADCParametersView:116 -                Rank 1 : false
2024-05-24 01:25:46,325 [INFO] ADCParametersView:116 -                Rank 1 : false
2024-05-24 01:25:46,325 [INFO] ADCParametersView:116 -                Rank 1 : false
2024-05-24 01:25:46,325 [INFO] ADCParametersView:116 -                Rank 1 : false
2024-05-24 01:25:46,325 [INFO] ADCParametersView:116 -                Rank 1 : false
2024-05-24 01:25:46,325 [INFO] ADCParametersView:116 -                Rank 1 : false
2024-05-24 01:25:46,325 [INFO] ADCParametersView:116 -                Rank 1 : false
2024-05-24 01:25:46,325 [INFO] ADCParametersView:116 -                Rank 1 : false
2024-05-24 01:25:46,325 [INFO] ADCParametersView:116 -                Rank 1 : false
2024-05-24 01:25:46,325 [INFO] ADCParametersView:116 -                Rank 1 : false
2024-05-24 01:25:46,326 [INFO] ADCParametersView:116 -                Rank 1 : false
2024-05-24 01:25:46,326 [INFO] ADCParametersView:116 -                Rank 1 : false
2024-05-24 01:25:46,326 [INFO] ADCParametersView:116 -                Rank 1 : false
2024-05-24 01:25:46,326 [INFO] ADCParametersView:116 -                Rank 1 : false
2024-05-24 01:25:46,326 [INFO] ADCParametersView:116 -                Rank 1 : false
2024-05-24 01:25:46,326 [INFO] ADCParametersView:116 -                Rank 1 : false
2024-05-24 01:25:46,326 [INFO] ADCParametersView:116 -                Rank 1 : false
2024-05-24 01:25:46,326 [INFO] ADCParametersView:116 -                Rank 1 : false
2024-05-24 01:25:46,326 [INFO] ADCParametersView:116 -                Rank 1 : false
2024-05-24 01:25:46,326 [INFO] ADCParametersView:116 -                Rank 1 : false
2024-05-24 01:25:46,326 [INFO] ADCParametersView:116 -                Rank 1 : false
2024-05-24 01:25:46,326 [INFO] ADCParametersView:116 -                Rank 1 : false
2024-05-24 01:25:46,335 [INFO] ADCParametersView:116 -                Rank 1 : false
2024-05-24 01:25:46,468 [INFO] NvicIntPanel:101 - NVIC parent = com.st.microxplorer.plugins.ip.nvic.MultiNvicIntPanel[,0,0,0x0,invalid,layout=javax.swing.BoxLayout,alignmentX=0.0,alignmentY=0.0,border=,flags=9,maximumSize=,minimumSize=,preferredSize=]
2024-05-24 01:25:46,574 [INFO] NvicIntPanel:101 - NVIC parent = com.st.microxplorer.plugins.ip.nvic.MultiNvicIntPanel[,0,0,0x0,invalid,layout=javax.swing.BoxLayout,alignmentX=0.0,alignmentY=0.0,border=,flags=9,maximumSize=,minimumSize=,preferredSize=]
2024-05-24 01:25:46,680 [INFO] NvicIntPanel:101 - NVIC parent = com.st.microxplorer.plugins.ip.nvic.MultiNvicIntPanel[,0,0,0x0,invalid,layout=javax.swing.BoxLayout,alignmentX=0.0,alignmentY=0.0,border=,flags=9,maximumSize=,minimumSize=,preferredSize=]
2024-05-24 01:25:46,745 [INFO] ADCParametersView:116 -                Rank 1 : false
2024-05-24 01:25:46,745 [INFO] ADCParametersView:116 -                Rank 1 : false
2024-05-24 01:25:46,745 [INFO] ADCParametersView:116 -                Rank 1 : false
2024-05-24 01:25:46,745 [INFO] ADCParametersView:116 -                Rank 1 : false
2024-05-24 01:25:46,745 [INFO] ADCParametersView:116 -                Rank 1 : false
2024-05-24 01:25:46,745 [INFO] ADCParametersView:116 -                Rank 1 : false
2024-05-24 01:25:46,745 [INFO] ADCParametersView:116 -                Rank 1 : false
2024-05-24 01:25:46,745 [INFO] ADCParametersView:116 -                Rank 1 : false
2024-05-24 01:25:46,745 [INFO] ADCParametersView:116 -                Rank 1 : false
2024-05-24 01:25:46,745 [INFO] ADCParametersView:116 -                Rank 1 : false
2024-05-24 01:25:46,745 [INFO] ADCParametersView:116 -                Rank 1 : false
2024-05-24 01:25:46,745 [INFO] ADCParametersView:116 -                Rank 1 : false
2024-05-24 01:25:46,745 [INFO] ADCParametersView:116 -                Rank 1 : false
2024-05-24 01:25:46,745 [INFO] ADCParametersView:116 -                Rank 1 : false
2024-05-24 01:25:46,745 [INFO] ADCParametersView:116 -                Rank 1 : false
2024-05-24 01:25:46,745 [INFO] ADCParametersView:116 -                Rank 1 : false
2024-05-24 01:25:46,745 [INFO] ADCParametersView:116 -                Rank 1 : false
2024-05-24 01:25:46,745 [INFO] ADCParametersView:116 -                Rank 1 : false
2024-05-24 01:25:46,745 [INFO] ADCParametersView:116 -                Rank 1 : false
2024-05-24 01:25:46,745 [INFO] ADCParametersView:116 -                Rank 1 : false
2024-05-24 01:25:46,745 [INFO] ADCParametersView:116 -                Rank 1 : false
2024-05-24 01:25:46,752 [INFO] ADCParametersView:116 -                Rank 1 : false
2024-05-24 01:25:46,764 [INFO] ADCParametersView:116 -                Rank 1 : false
2024-05-24 01:25:46,766 [INFO] ADCParametersView:116 -                Rank 1 : false
2024-05-24 01:25:46,766 [INFO] ADCParametersView:116 -                Rank 1 : false
2024-05-24 01:25:46,766 [INFO] ADCParametersView:116 -                Rank 1 : false
2024-05-24 01:25:46,766 [INFO] ADCParametersView:116 -                Rank 1 : false
2024-05-24 01:25:46,766 [INFO] ADCParametersView:116 -                Rank 1 : false
2024-05-24 01:25:46,766 [INFO] ADCParametersView:116 -                Rank 1 : false
2024-05-24 01:25:46,766 [INFO] ADCParametersView:116 -                Rank 1 : false
2024-05-24 01:25:46,766 [INFO] ADCParametersView:116 -                Rank 1 : false
2024-05-24 01:25:46,766 [INFO] ADCParametersView:116 -                Rank 1 : false
2024-05-24 01:25:46,766 [INFO] ADCParametersView:116 -                Rank 1 : false
2024-05-24 01:25:46,766 [INFO] ADCParametersView:116 -                Rank 1 : false
2024-05-24 01:25:46,766 [INFO] ADCParametersView:116 -                Rank 1 : false
2024-05-24 01:25:46,766 [INFO] ADCParametersView:116 -                Rank 1 : false
2024-05-24 01:25:46,766 [INFO] ADCParametersView:116 -                Rank 1 : false
2024-05-24 01:25:46,766 [INFO] ADCParametersView:116 -                Rank 1 : false
2024-05-24 01:25:46,766 [INFO] ADCParametersView:116 -                Rank 1 : false
2024-05-24 01:25:46,766 [INFO] ADCParametersView:116 -                Rank 1 : false
2024-05-24 01:25:46,766 [INFO] ADCParametersView:116 -                Rank 1 : false
2024-05-24 01:25:46,766 [INFO] ADCParametersView:116 -                Rank 1 : false
2024-05-24 01:25:46,766 [INFO] ADCParametersView:116 -                Rank 1 : false
2024-05-24 01:25:46,773 [INFO] ADCParametersView:116 -                Rank 1 : false
2024-05-24 01:26:02,116 [INFO] ADCParametersView:116 -                Rank 1 : false
2024-05-24 01:26:02,116 [INFO] ADCParametersView:116 -                Rank 1 : false
2024-05-24 01:26:02,116 [INFO] ADCParametersView:116 -                Rank 1 : false
2024-05-24 01:26:02,116 [INFO] ADCParametersView:116 -                Rank 1 : false
2024-05-24 01:26:02,116 [INFO] ADCParametersView:116 -                Rank 1 : false
2024-05-24 01:26:02,116 [INFO] ADCParametersView:116 -                Rank 1 : false
2024-05-24 01:26:02,116 [INFO] ADCParametersView:116 -                Rank 1 : false
2024-05-24 01:26:02,116 [INFO] ADCParametersView:116 -                Rank 1 : false
2024-05-24 01:26:02,116 [INFO] ADCParametersView:116 -                Rank 1 : false
2024-05-24 01:26:02,116 [INFO] ADCParametersView:116 -                Rank 1 : false
2024-05-24 01:26:02,116 [INFO] ADCParametersView:116 -                Rank 1 : false
2024-05-24 01:26:02,116 [INFO] ADCParametersView:116 -                Rank 1 : false
2024-05-24 01:26:02,116 [INFO] ADCParametersView:116 -                Rank 1 : false
2024-05-24 01:26:02,117 [INFO] ADCParametersView:116 -                Rank 1 : false
2024-05-24 01:26:02,117 [INFO] ADCParametersView:116 -                Rank 1 : false
2024-05-24 01:26:02,117 [INFO] ADCParametersView:116 -                Rank 1 : false
2024-05-24 01:26:02,117 [INFO] ADCParametersView:116 -                Rank 1 : false
2024-05-24 01:26:02,117 [INFO] ADCParametersView:116 -                Rank 1 : false
2024-05-24 01:26:02,117 [INFO] ADCParametersView:116 -                Rank 1 : false
2024-05-24 01:26:02,117 [INFO] ADCParametersView:116 -                Rank 1 : false
2024-05-24 01:26:02,117 [INFO] ADCParametersView:116 -                Rank 1 : false
2024-05-24 01:26:02,124 [INFO] ADCParametersView:116 -                Rank 1 : false
2024-05-24 01:26:02,137 [INFO] ADCParametersView:116 -                Rank 1 : false
2024-05-24 01:26:02,137 [INFO] ADCParametersView:116 -                Rank 1 : false
2024-05-24 01:26:02,137 [INFO] ADCParametersView:116 -                Rank 1 : false
2024-05-24 01:26:02,138 [INFO] ADCParametersView:116 -                Rank 1 : false
2024-05-24 01:26:02,138 [INFO] ADCParametersView:116 -                Rank 1 : false
2024-05-24 01:26:02,138 [INFO] ADCParametersView:116 -                Rank 1 : false
2024-05-24 01:26:02,138 [INFO] ADCParametersView:116 -                Rank 1 : false
2024-05-24 01:26:02,138 [INFO] ADCParametersView:116 -                Rank 1 : false
2024-05-24 01:26:02,138 [INFO] ADCParametersView:116 -                Rank 1 : false
2024-05-24 01:26:02,138 [INFO] ADCParametersView:116 -                Rank 1 : false
2024-05-24 01:26:02,138 [INFO] ADCParametersView:116 -                Rank 1 : false
2024-05-24 01:26:02,138 [INFO] ADCParametersView:116 -                Rank 1 : false
2024-05-24 01:26:02,138 [INFO] ADCParametersView:116 -                Rank 1 : false
2024-05-24 01:26:02,138 [INFO] ADCParametersView:116 -                Rank 1 : false
2024-05-24 01:26:02,138 [INFO] ADCParametersView:116 -                Rank 1 : false
2024-05-24 01:26:02,138 [INFO] ADCParametersView:116 -                Rank 1 : false
2024-05-24 01:26:02,138 [INFO] ADCParametersView:116 -                Rank 1 : false
2024-05-24 01:26:02,138 [INFO] ADCParametersView:116 -                Rank 1 : false
2024-05-24 01:26:02,138 [INFO] ADCParametersView:116 -                Rank 1 : false
2024-05-24 01:26:02,138 [INFO] ADCParametersView:116 -                Rank 1 : false
2024-05-24 01:26:02,138 [INFO] ADCParametersView:116 -                Rank 1 : false
2024-05-24 01:26:02,145 [INFO] ADCParametersView:116 -                Rank 1 : false
2024-05-24 01:26:06,007 [INFO] ADCParametersView:116 -                Rank 1 : false
2024-05-24 01:26:06,007 [INFO] ADCParametersView:116 -                Rank 1 : false
2024-05-24 01:26:06,007 [INFO] ADCParametersView:116 -                Rank 1 : false
2024-05-24 01:26:06,007 [INFO] ADCParametersView:116 -                Rank 1 : false
2024-05-24 01:26:06,007 [INFO] ADCParametersView:116 -                Rank 1 : false
2024-05-24 01:26:06,007 [INFO] ADCParametersView:116 -                Rank 1 : false
2024-05-24 01:26:06,007 [INFO] ADCParametersView:116 -                Rank 1 : false
2024-05-24 01:26:06,007 [INFO] ADCParametersView:116 -                Rank 1 : false
2024-05-24 01:26:06,007 [INFO] ADCParametersView:116 -                Rank 1 : false
2024-05-24 01:26:06,007 [INFO] ADCParametersView:116 -                Rank 1 : false
2024-05-24 01:26:06,007 [INFO] ADCParametersView:116 -                Rank 1 : false
2024-05-24 01:26:06,007 [INFO] ADCParametersView:116 -                Rank 1 : false
2024-05-24 01:26:06,007 [INFO] ADCParametersView:116 -                Rank 1 : false
2024-05-24 01:26:06,007 [INFO] ADCParametersView:116 -                Rank 1 : false
2024-05-24 01:26:06,007 [INFO] ADCParametersView:116 -                Rank 1 : false
2024-05-24 01:26:06,007 [INFO] ADCParametersView:116 -                Rank 1 : false
2024-05-24 01:26:06,007 [INFO] ADCParametersView:116 -                Rank 1 : false
2024-05-24 01:26:06,007 [INFO] ADCParametersView:116 -                Rank 1 : false
2024-05-24 01:26:06,007 [INFO] ADCParametersView:116 -                Rank 1 : false
2024-05-24 01:26:06,007 [INFO] ADCParametersView:116 -                Rank 1 : false
2024-05-24 01:26:06,016 [INFO] ADCParametersView:116 -                Rank 1 : false
2024-05-24 01:26:06,029 [INFO] ADCParametersView:116 -                Rank 1 : false
2024-05-24 01:26:06,029 [INFO] ADCParametersView:116 -                Rank 1 : false
2024-05-24 01:26:06,029 [INFO] ADCParametersView:116 -                Rank 1 : false
2024-05-24 01:26:06,029 [INFO] ADCParametersView:116 -                Rank 1 : false
2024-05-24 01:26:06,029 [INFO] ADCParametersView:116 -                Rank 1 : false
2024-05-24 01:26:06,029 [INFO] ADCParametersView:116 -                Rank 1 : false
2024-05-24 01:26:06,029 [INFO] ADCParametersView:116 -                Rank 1 : false
2024-05-24 01:26:06,029 [INFO] ADCParametersView:116 -                Rank 1 : false
2024-05-24 01:26:06,029 [INFO] ADCParametersView:116 -                Rank 1 : false
2024-05-24 01:26:06,029 [INFO] ADCParametersView:116 -                Rank 1 : false
2024-05-24 01:26:06,029 [INFO] ADCParametersView:116 -                Rank 1 : false
2024-05-24 01:26:06,029 [INFO] ADCParametersView:116 -                Rank 1 : false
2024-05-24 01:26:06,029 [INFO] ADCParametersView:116 -                Rank 1 : false
2024-05-24 01:26:06,029 [INFO] ADCParametersView:116 -                Rank 1 : false
2024-05-24 01:26:06,029 [INFO] ADCParametersView:116 -                Rank 1 : false
2024-05-24 01:26:06,029 [INFO] ADCParametersView:116 -                Rank 1 : false
2024-05-24 01:26:06,029 [INFO] ADCParametersView:116 -                Rank 1 : false
2024-05-24 01:26:06,030 [INFO] ADCParametersView:116 -                Rank 1 : false
2024-05-24 01:26:06,030 [INFO] ADCParametersView:116 -                Rank 1 : false
2024-05-24 01:26:06,030 [INFO] ADCParametersView:116 -                Rank 1 : false
2024-05-24 01:26:06,036 [INFO] ADCParametersView:116 -                Rank 1 : false
2024-05-24 01:26:08,537 [INFO] NvicIntPanel:101 - NVIC parent = com.st.microxplorer.plugins.ip.nvic.MultiNvicIntPanel[,0,0,0x0,invalid,layout=javax.swing.BoxLayout,alignmentX=0.0,alignmentY=0.0,border=,flags=9,maximumSize=,minimumSize=,preferredSize=]
2024-05-24 01:26:08,557 [INFO] ParamManager:896 - [Generic UI] PropertyChangeEvent: TAB_STATUS_CHANGED , "dont care", "never mind"
2024-05-24 01:26:08,592 [INFO] ADCParametersView:116 -                Rank 1 : false
2024-05-24 01:26:08,593 [INFO] ADCParametersView:116 -                Rank 1 : false
2024-05-24 01:26:08,593 [INFO] ADCParametersView:116 -                Rank 1 : false
2024-05-24 01:26:08,593 [INFO] ADCParametersView:116 -                Rank 1 : false
2024-05-24 01:26:08,593 [INFO] ADCParametersView:116 -                Rank 1 : false
2024-05-24 01:26:08,593 [INFO] ADCParametersView:116 -                Rank 1 : false
2024-05-24 01:26:08,593 [INFO] ADCParametersView:116 -                Rank 1 : false
2024-05-24 01:26:08,593 [INFO] ADCParametersView:116 -                Rank 1 : false
2024-05-24 01:26:08,593 [INFO] ADCParametersView:116 -                Rank 1 : false
2024-05-24 01:26:08,593 [INFO] ADCParametersView:116 -                Rank 1 : false
2024-05-24 01:26:08,593 [INFO] ADCParametersView:116 -                Rank 1 : false
2024-05-24 01:26:08,593 [INFO] ADCParametersView:116 -                Rank 1 : false
2024-05-24 01:26:08,593 [INFO] ADCParametersView:116 -                Rank 1 : false
2024-05-24 01:26:08,593 [INFO] ADCParametersView:116 -                Rank 1 : false
2024-05-24 01:26:08,593 [INFO] ADCParametersView:116 -                Rank 1 : false
2024-05-24 01:26:08,593 [INFO] ADCParametersView:116 -                Rank 1 : false
2024-05-24 01:26:08,593 [INFO] ADCParametersView:116 -                Rank 1 : false
2024-05-24 01:26:08,593 [INFO] ADCParametersView:116 -                Rank 1 : false
2024-05-24 01:26:08,593 [INFO] ADCParametersView:116 -                Rank 1 : false
2024-05-24 01:26:08,593 [INFO] ADCParametersView:116 -                Rank 1 : false
2024-05-24 01:26:08,599 [INFO] ParamManager:896 - [Generic UI] PropertyChangeEvent: TAB_STATUS_CHANGED , "dont care", "never mind"
2024-05-24 01:26:08,603 [INFO] ADCParametersView:116 -                Rank 1 : false
2024-05-24 01:26:08,612 [INFO] ADCParametersView:116 -                Rank 1 : false
2024-05-24 01:26:08,612 [INFO] ADCParametersView:116 -                Rank 1 : false
2024-05-24 01:26:08,612 [INFO] ADCParametersView:116 -                Rank 1 : false
2024-05-24 01:26:08,612 [INFO] ADCParametersView:116 -                Rank 1 : false
2024-05-24 01:26:08,612 [INFO] ADCParametersView:116 -                Rank 1 : false
2024-05-24 01:26:08,612 [INFO] ADCParametersView:116 -                Rank 1 : false
2024-05-24 01:26:08,612 [INFO] ADCParametersView:116 -                Rank 1 : false
2024-05-24 01:26:08,612 [INFO] ADCParametersView:116 -                Rank 1 : false
2024-05-24 01:26:08,612 [INFO] ADCParametersView:116 -                Rank 1 : false
2024-05-24 01:26:08,612 [INFO] ADCParametersView:116 -                Rank 1 : false
2024-05-24 01:26:08,612 [INFO] ADCParametersView:116 -                Rank 1 : false
2024-05-24 01:26:08,612 [INFO] ADCParametersView:116 -                Rank 1 : false
2024-05-24 01:26:08,612 [INFO] ADCParametersView:116 -                Rank 1 : false
2024-05-24 01:26:08,612 [INFO] ADCParametersView:116 -                Rank 1 : false
2024-05-24 01:26:08,612 [INFO] ADCParametersView:116 -                Rank 1 : false
2024-05-24 01:26:08,612 [INFO] ADCParametersView:116 -                Rank 1 : false
2024-05-24 01:26:08,613 [INFO] ADCParametersView:116 -                Rank 1 : false
2024-05-24 01:26:08,613 [INFO] ADCParametersView:116 -                Rank 1 : false
2024-05-24 01:26:08,613 [INFO] ADCParametersView:116 -                Rank 1 : false
2024-05-24 01:26:08,613 [INFO] ADCParametersView:116 -                Rank 1 : false
2024-05-24 01:26:08,619 [INFO] ADCParametersView:116 -                Rank 1 : false
2024-05-24 01:26:08,697 [INFO] ADCParametersView:116 -                Rank 1 : false
2024-05-24 01:26:08,697 [INFO] ADCParametersView:116 -                Rank 1 : false
2024-05-24 01:26:08,698 [INFO] ADCParametersView:116 -                Rank 1 : false
2024-05-24 01:26:08,698 [INFO] ADCParametersView:116 -                Rank 1 : false
2024-05-24 01:26:08,698 [INFO] ADCParametersView:116 -                Rank 1 : false
2024-05-24 01:26:08,698 [INFO] ADCParametersView:116 -                Rank 1 : false
2024-05-24 01:26:08,698 [INFO] ADCParametersView:116 -                Rank 1 : false
2024-05-24 01:26:08,698 [INFO] ADCParametersView:116 -                Rank 1 : false
2024-05-24 01:26:08,698 [INFO] ADCParametersView:116 -                Rank 1 : false
2024-05-24 01:26:08,698 [INFO] ADCParametersView:116 -                Rank 1 : false
2024-05-24 01:26:08,698 [INFO] ADCParametersView:116 -                Rank 1 : false
2024-05-24 01:26:08,698 [INFO] ADCParametersView:116 -                Rank 1 : false
2024-05-24 01:26:08,698 [INFO] ADCParametersView:116 -                Rank 1 : false
2024-05-24 01:26:08,698 [INFO] ADCParametersView:116 -                Rank 1 : false
2024-05-24 01:26:08,698 [INFO] ADCParametersView:116 -                Rank 1 : false
2024-05-24 01:26:08,698 [INFO] ADCParametersView:116 -                Rank 1 : false
2024-05-24 01:26:08,698 [INFO] ADCParametersView:116 -                Rank 1 : false
2024-05-24 01:26:08,698 [INFO] ADCParametersView:116 -                Rank 1 : false
2024-05-24 01:26:08,698 [INFO] ADCParametersView:116 -                Rank 1 : false
2024-05-24 01:26:08,698 [INFO] ADCParametersView:116 -                Rank 1 : false
2024-05-24 01:26:08,706 [INFO] ADCParametersView:116 -                Rank 1 : false
2024-05-24 01:26:08,717 [INFO] ADCParametersView:116 -                Rank 1 : false
2024-05-24 01:26:08,717 [INFO] ADCParametersView:116 -                Rank 1 : false
2024-05-24 01:26:08,717 [INFO] ADCParametersView:116 -                Rank 1 : false
2024-05-24 01:26:08,717 [INFO] ADCParametersView:116 -                Rank 1 : false
2024-05-24 01:26:08,717 [INFO] ADCParametersView:116 -                Rank 1 : false
2024-05-24 01:26:08,717 [INFO] ADCParametersView:116 -                Rank 1 : false
2024-05-24 01:26:08,717 [INFO] ADCParametersView:116 -                Rank 1 : false
2024-05-24 01:26:08,717 [INFO] ADCParametersView:116 -                Rank 1 : false
2024-05-24 01:26:08,717 [INFO] ADCParametersView:116 -                Rank 1 : false
2024-05-24 01:26:08,717 [INFO] ADCParametersView:116 -                Rank 1 : false
2024-05-24 01:26:08,717 [INFO] ADCParametersView:116 -                Rank 1 : false
2024-05-24 01:26:08,717 [INFO] ADCParametersView:116 -                Rank 1 : false
2024-05-24 01:26:08,717 [INFO] ADCParametersView:116 -                Rank 1 : false
2024-05-24 01:26:08,717 [INFO] ADCParametersView:116 -                Rank 1 : false
2024-05-24 01:26:08,717 [INFO] ADCParametersView:116 -                Rank 1 : false
2024-05-24 01:26:08,717 [INFO] ADCParametersView:116 -                Rank 1 : false
2024-05-24 01:26:08,717 [INFO] ADCParametersView:116 -                Rank 1 : false
2024-05-24 01:26:08,717 [INFO] ADCParametersView:116 -                Rank 1 : false
2024-05-24 01:26:08,717 [INFO] ADCParametersView:116 -                Rank 1 : false
2024-05-24 01:26:08,717 [INFO] ADCParametersView:116 -                Rank 1 : false
2024-05-24 01:26:08,723 [INFO] ADCParametersView:116 -                Rank 1 : false
2024-05-24 01:26:17,017 [INFO] ADCParametersView:116 -                Rank 1 : false
2024-05-24 01:26:17,017 [INFO] ADCParametersView:116 -                Rank 1 : false
2024-05-24 01:26:17,017 [INFO] ADCParametersView:116 -                Rank 1 : false
2024-05-24 01:26:17,017 [INFO] ADCParametersView:116 -                Rank 1 : false
2024-05-24 01:26:17,017 [INFO] ADCParametersView:116 -                Rank 1 : false
2024-05-24 01:26:17,017 [INFO] ADCParametersView:116 -                Rank 1 : false
2024-05-24 01:26:17,017 [INFO] ADCParametersView:116 -                Rank 1 : false
2024-05-24 01:26:17,017 [INFO] ADCParametersView:116 -                Rank 1 : false
2024-05-24 01:26:17,017 [INFO] ADCParametersView:116 -                Rank 1 : false
2024-05-24 01:26:17,017 [INFO] ADCParametersView:116 -                Rank 1 : false
2024-05-24 01:26:17,017 [INFO] ADCParametersView:116 -                Rank 1 : false
2024-05-24 01:26:17,017 [INFO] ADCParametersView:116 -                Rank 1 : false
2024-05-24 01:26:17,017 [INFO] ADCParametersView:116 -                Rank 1 : false
2024-05-24 01:26:17,017 [INFO] ADCParametersView:116 -                Rank 1 : false
2024-05-24 01:26:17,017 [INFO] ADCParametersView:116 -                Rank 1 : false
2024-05-24 01:26:17,017 [INFO] ADCParametersView:116 -                Rank 1 : false
2024-05-24 01:26:17,017 [INFO] ADCParametersView:116 -                Rank 1 : false
2024-05-24 01:26:17,017 [INFO] ADCParametersView:116 -                Rank 1 : false
2024-05-24 01:26:17,017 [INFO] ADCParametersView:116 -                Rank 1 : false
2024-05-24 01:26:17,017 [INFO] ADCParametersView:116 -                Rank 1 : false
2024-05-24 01:26:17,017 [INFO] ADCParametersView:116 -                Rank 1 : false
2024-05-24 01:26:17,029 [INFO] ADCParametersView:116 -                Rank 1 : false
2024-05-24 01:26:17,041 [INFO] ADCParametersView:116 -                Rank 1 : false
2024-05-24 01:26:17,041 [INFO] ADCParametersView:116 -                Rank 1 : false
2024-05-24 01:26:17,041 [INFO] ADCParametersView:116 -                Rank 1 : false
2024-05-24 01:26:17,041 [INFO] ADCParametersView:116 -                Rank 1 : false
2024-05-24 01:26:17,041 [INFO] ADCParametersView:116 -                Rank 1 : false
2024-05-24 01:26:17,041 [INFO] ADCParametersView:116 -                Rank 1 : false
2024-05-24 01:26:17,041 [INFO] ADCParametersView:116 -                Rank 1 : false
2024-05-24 01:26:17,041 [INFO] ADCParametersView:116 -                Rank 1 : false
2024-05-24 01:26:17,041 [INFO] ADCParametersView:116 -                Rank 1 : false
2024-05-24 01:26:17,041 [INFO] ADCParametersView:116 -                Rank 1 : false
2024-05-24 01:26:17,041 [INFO] ADCParametersView:116 -                Rank 1 : false
2024-05-24 01:26:17,041 [INFO] ADCParametersView:116 -                Rank 1 : false
2024-05-24 01:26:17,041 [INFO] ADCParametersView:116 -                Rank 1 : false
2024-05-24 01:26:17,041 [INFO] ADCParametersView:116 -                Rank 1 : false
2024-05-24 01:26:17,041 [INFO] ADCParametersView:116 -                Rank 1 : false
2024-05-24 01:26:17,041 [INFO] ADCParametersView:116 -                Rank 1 : false
2024-05-24 01:26:17,041 [INFO] ADCParametersView:116 -                Rank 1 : false
2024-05-24 01:26:17,041 [INFO] ADCParametersView:116 -                Rank 1 : false
2024-05-24 01:26:17,041 [INFO] ADCParametersView:116 -                Rank 1 : false
2024-05-24 01:26:17,041 [INFO] ADCParametersView:116 -                Rank 1 : false
2024-05-24 01:26:17,041 [INFO] ADCParametersView:116 -                Rank 1 : false
2024-05-24 01:26:17,048 [INFO] ADCParametersView:116 -                Rank 1 : false
2024-05-24 01:26:23,055 [INFO] NvicIntPanel:101 - NVIC parent = com.st.microxplorer.plugins.ip.nvic.MultiNvicIntPanel[,0,0,0x0,invalid,layout=javax.swing.BoxLayout,alignmentX=0.0,alignmentY=0.0,border=,flags=9,maximumSize=,minimumSize=,preferredSize=]
2024-05-24 01:26:23,124 [INFO] ADCParametersView:116 -                Rank 1 : false
2024-05-24 01:26:23,124 [INFO] ADCParametersView:116 -                Rank 1 : false
2024-05-24 01:26:23,124 [INFO] ADCParametersView:116 -                Rank 1 : false
2024-05-24 01:26:23,124 [INFO] ADCParametersView:116 -                Rank 1 : false
2024-05-24 01:26:23,124 [INFO] ADCParametersView:116 -                Rank 1 : false
2024-05-24 01:26:23,124 [INFO] ADCParametersView:116 -                Rank 1 : false
2024-05-24 01:26:23,124 [INFO] ADCParametersView:116 -                Rank 1 : false
2024-05-24 01:26:23,124 [INFO] ADCParametersView:116 -                Rank 1 : false
2024-05-24 01:26:23,124 [INFO] ADCParametersView:116 -                Rank 1 : false
2024-05-24 01:26:23,124 [INFO] ADCParametersView:116 -                Rank 1 : false
2024-05-24 01:26:23,124 [INFO] ADCParametersView:116 -                Rank 1 : false
2024-05-24 01:26:23,124 [INFO] ADCParametersView:116 -                Rank 1 : false
2024-05-24 01:26:23,124 [INFO] ADCParametersView:116 -                Rank 1 : false
2024-05-24 01:26:23,124 [INFO] ADCParametersView:116 -                Rank 1 : false
2024-05-24 01:26:23,124 [INFO] ADCParametersView:116 -                Rank 1 : false
2024-05-24 01:26:23,124 [INFO] ADCParametersView:116 -                Rank 1 : false
2024-05-24 01:26:23,124 [INFO] ADCParametersView:116 -                Rank 1 : false
2024-05-24 01:26:23,124 [INFO] ADCParametersView:116 -                Rank 1 : false
2024-05-24 01:26:23,124 [INFO] ADCParametersView:116 -                Rank 1 : false
2024-05-24 01:26:23,124 [INFO] ADCParametersView:116 -                Rank 1 : false
2024-05-24 01:26:23,124 [INFO] ADCParametersView:116 -                Rank 1 : false
2024-05-24 01:26:23,134 [INFO] ADCParametersView:116 -                Rank 1 : false
2024-05-24 01:26:23,156 [INFO] ADCParametersView:116 -                Rank 1 : false
2024-05-24 01:26:23,156 [INFO] ADCParametersView:116 -                Rank 1 : false
2024-05-24 01:26:23,156 [INFO] ADCParametersView:116 -                Rank 1 : false
2024-05-24 01:26:23,156 [INFO] ADCParametersView:116 -                Rank 1 : false
2024-05-24 01:26:23,156 [INFO] ADCParametersView:116 -                Rank 1 : false
2024-05-24 01:26:23,156 [INFO] ADCParametersView:116 -                Rank 1 : false
2024-05-24 01:26:23,156 [INFO] ADCParametersView:116 -                Rank 1 : false
2024-05-24 01:26:23,156 [INFO] ADCParametersView:116 -                Rank 1 : false
2024-05-24 01:26:23,156 [INFO] ADCParametersView:116 -                Rank 1 : false
2024-05-24 01:26:23,156 [INFO] ADCParametersView:116 -                Rank 1 : false
2024-05-24 01:26:23,156 [INFO] ADCParametersView:116 -                Rank 1 : false
2024-05-24 01:26:23,156 [INFO] ADCParametersView:116 -                Rank 1 : false
2024-05-24 01:26:23,156 [INFO] ADCParametersView:116 -                Rank 1 : false
2024-05-24 01:26:23,156 [INFO] ADCParametersView:116 -                Rank 1 : false
2024-05-24 01:26:23,156 [INFO] ADCParametersView:116 -                Rank 1 : false
2024-05-24 01:26:23,156 [INFO] ADCParametersView:116 -                Rank 1 : false
2024-05-24 01:26:23,156 [INFO] ADCParametersView:116 -                Rank 1 : false
2024-05-24 01:26:23,156 [INFO] ADCParametersView:116 -                Rank 1 : false
2024-05-24 01:26:23,156 [INFO] ADCParametersView:116 -                Rank 1 : false
2024-05-24 01:26:23,156 [INFO] ADCParametersView:116 -                Rank 1 : false
2024-05-24 01:26:23,156 [INFO] ADCParametersView:116 -                Rank 1 : false
2024-05-24 01:26:23,168 [INFO] ADCParametersView:116 -                Rank 1 : false
2024-05-24 01:26:23,285 [INFO] ADCParametersView:116 -                Rank 1 : false
2024-05-24 01:26:23,285 [INFO] ADCParametersView:116 -                Rank 1 : false
2024-05-24 01:26:23,285 [INFO] ADCParametersView:116 -                Rank 1 : false
2024-05-24 01:26:23,285 [INFO] ADCParametersView:116 -                Rank 1 : false
2024-05-24 01:26:23,285 [INFO] ADCParametersView:116 -                Rank 1 : false
2024-05-24 01:26:23,285 [INFO] ADCParametersView:116 -                Rank 1 : false
2024-05-24 01:26:23,285 [INFO] ADCParametersView:116 -                Rank 1 : false
2024-05-24 01:26:23,285 [INFO] ADCParametersView:116 -                Rank 1 : false
2024-05-24 01:26:23,285 [INFO] ADCParametersView:116 -                Rank 1 : false
2024-05-24 01:26:23,285 [INFO] ADCParametersView:116 -                Rank 1 : false
2024-05-24 01:26:23,285 [INFO] ADCParametersView:116 -                Rank 1 : false
2024-05-24 01:26:23,285 [INFO] ADCParametersView:116 -                Rank 1 : false
2024-05-24 01:26:23,285 [INFO] ADCParametersView:116 -                Rank 1 : false
2024-05-24 01:26:23,285 [INFO] ADCParametersView:116 -                Rank 1 : false
2024-05-24 01:26:23,285 [INFO] ADCParametersView:116 -                Rank 1 : false
2024-05-24 01:26:23,285 [INFO] ADCParametersView:116 -                Rank 1 : false
2024-05-24 01:26:23,285 [INFO] ADCParametersView:116 -                Rank 1 : false
2024-05-24 01:26:23,286 [INFO] ADCParametersView:116 -                Rank 1 : false
2024-05-24 01:26:23,286 [INFO] ADCParametersView:116 -                Rank 1 : false
2024-05-24 01:26:23,286 [INFO] ADCParametersView:116 -                Rank 1 : false
2024-05-24 01:26:23,286 [INFO] ADCParametersView:116 -                Rank 1 : false
2024-05-24 01:26:23,298 [INFO] ADCParametersView:116 -                Rank 1 : false
2024-05-24 01:26:23,320 [INFO] ADCParametersView:116 -                Rank 1 : false
2024-05-24 01:26:23,320 [INFO] ADCParametersView:116 -                Rank 1 : false
2024-05-24 01:26:23,320 [INFO] ADCParametersView:116 -                Rank 1 : false
2024-05-24 01:26:23,320 [INFO] ADCParametersView:116 -                Rank 1 : false
2024-05-24 01:26:23,320 [INFO] ADCParametersView:116 -                Rank 1 : false
2024-05-24 01:26:23,320 [INFO] ADCParametersView:116 -                Rank 1 : false
2024-05-24 01:26:23,320 [INFO] ADCParametersView:116 -                Rank 1 : false
2024-05-24 01:26:23,321 [INFO] ADCParametersView:116 -                Rank 1 : false
2024-05-24 01:26:23,321 [INFO] ADCParametersView:116 -                Rank 1 : false
2024-05-24 01:26:23,321 [INFO] ADCParametersView:116 -                Rank 1 : false
2024-05-24 01:26:23,321 [INFO] ADCParametersView:116 -                Rank 1 : false
2024-05-24 01:26:23,321 [INFO] ADCParametersView:116 -                Rank 1 : false
2024-05-24 01:26:23,321 [INFO] ADCParametersView:116 -                Rank 1 : false
2024-05-24 01:26:23,321 [INFO] ADCParametersView:116 -                Rank 1 : false
2024-05-24 01:26:23,321 [INFO] ADCParametersView:116 -                Rank 1 : false
2024-05-24 01:26:23,321 [INFO] ADCParametersView:116 -                Rank 1 : false
2024-05-24 01:26:23,321 [INFO] ADCParametersView:116 -                Rank 1 : false
2024-05-24 01:26:23,321 [INFO] ADCParametersView:116 -                Rank 1 : false
2024-05-24 01:26:23,321 [INFO] ADCParametersView:116 -                Rank 1 : false
2024-05-24 01:26:23,321 [INFO] ADCParametersView:116 -                Rank 1 : false
2024-05-24 01:26:23,321 [INFO] ADCParametersView:116 -                Rank 1 : false
2024-05-24 01:26:23,333 [INFO] ADCParametersView:116 -                Rank 1 : false
2024-05-24 01:26:25,520 [INFO] ADCParametersView:116 -                Rank 1 : false
2024-05-24 01:26:25,520 [INFO] ADCParametersView:116 -                Rank 1 : false
2024-05-24 01:26:25,520 [INFO] ADCParametersView:116 -                Rank 1 : false
2024-05-24 01:26:25,520 [INFO] ADCParametersView:116 -                Rank 1 : false
2024-05-24 01:26:25,520 [INFO] ADCParametersView:116 -                Rank 1 : false
2024-05-24 01:26:25,520 [INFO] ADCParametersView:116 -                Rank 1 : false
2024-05-24 01:26:25,520 [INFO] ADCParametersView:116 -                Rank 1 : false
2024-05-24 01:26:25,522 [INFO] ADCParametersView:116 -                Rank 1 : false
2024-05-24 01:26:25,522 [INFO] ADCParametersView:116 -                Rank 1 : false
2024-05-24 01:26:25,522 [INFO] ADCParametersView:116 -                Rank 1 : false
2024-05-24 01:26:25,522 [INFO] ADCParametersView:116 -                Rank 1 : false
2024-05-24 01:26:25,522 [INFO] ADCParametersView:116 -                Rank 1 : false
2024-05-24 01:26:25,522 [INFO] ADCParametersView:116 -                Rank 1 : false
2024-05-24 01:26:25,522 [INFO] ADCParametersView:116 -                Rank 1 : false
2024-05-24 01:26:25,522 [INFO] ADCParametersView:116 -                Rank 1 : false
2024-05-24 01:26:25,522 [INFO] ADCParametersView:116 -                Rank 1 : false
2024-05-24 01:26:25,522 [INFO] ADCParametersView:116 -                Rank 1 : false
2024-05-24 01:26:25,522 [INFO] ADCParametersView:116 -                Rank 1 : false
2024-05-24 01:26:25,522 [INFO] ADCParametersView:116 -                Rank 1 : false
2024-05-24 01:26:25,522 [INFO] ADCParametersView:116 -                Rank 1 : false
2024-05-24 01:26:25,522 [INFO] ADCParametersView:116 -                Rank 1 : false
2024-05-24 01:26:25,529 [INFO] ADCParametersView:116 -                Rank 1 : false
2024-05-24 01:26:25,541 [INFO] ADCParametersView:116 -                Rank 1 : false
2024-05-24 01:26:25,541 [INFO] ADCParametersView:116 -                Rank 1 : false
2024-05-24 01:26:25,541 [INFO] ADCParametersView:116 -                Rank 1 : false
2024-05-24 01:26:25,541 [INFO] ADCParametersView:116 -                Rank 1 : false
2024-05-24 01:26:25,541 [INFO] ADCParametersView:116 -                Rank 1 : false
2024-05-24 01:26:25,541 [INFO] ADCParametersView:116 -                Rank 1 : false
2024-05-24 01:26:25,541 [INFO] ADCParametersView:116 -                Rank 1 : false
2024-05-24 01:26:25,541 [INFO] ADCParametersView:116 -                Rank 1 : false
2024-05-24 01:26:25,541 [INFO] ADCParametersView:116 -                Rank 1 : false
2024-05-24 01:26:25,541 [INFO] ADCParametersView:116 -                Rank 1 : false
2024-05-24 01:26:25,541 [INFO] ADCParametersView:116 -                Rank 1 : false
2024-05-24 01:26:25,541 [INFO] ADCParametersView:116 -                Rank 1 : false
2024-05-24 01:26:25,541 [INFO] ADCParametersView:116 -                Rank 1 : false
2024-05-24 01:26:25,541 [INFO] ADCParametersView:116 -                Rank 1 : false
2024-05-24 01:26:25,541 [INFO] ADCParametersView:116 -                Rank 1 : false
2024-05-24 01:26:25,541 [INFO] ADCParametersView:116 -                Rank 1 : false
2024-05-24 01:26:25,541 [INFO] ADCParametersView:116 -                Rank 1 : false
2024-05-24 01:26:25,541 [INFO] ADCParametersView:116 -                Rank 1 : false
2024-05-24 01:26:25,541 [INFO] ADCParametersView:116 -                Rank 1 : false
2024-05-24 01:26:25,541 [INFO] ADCParametersView:116 -                Rank 1 : false
2024-05-24 01:26:25,541 [INFO] ADCParametersView:116 -                Rank 1 : false
2024-05-24 01:26:25,548 [INFO] ADCParametersView:116 -                Rank 1 : false
2024-05-24 01:26:25,598 [INFO] ADCParametersView:116 -                Rank 1 : false
2024-05-24 01:26:25,598 [INFO] ADCParametersView:116 -                Rank 1 : false
2024-05-24 01:26:25,598 [INFO] ADCParametersView:116 -                Rank 1 : false
2024-05-24 01:26:25,598 [INFO] ADCParametersView:116 -                Rank 1 : false
2024-05-24 01:26:25,598 [INFO] ADCParametersView:116 -                Rank 1 : false
2024-05-24 01:26:25,598 [INFO] ADCParametersView:116 -                Rank 1 : false
2024-05-24 01:26:25,598 [INFO] ADCParametersView:116 -                Rank 1 : false
2024-05-24 01:26:25,598 [INFO] ADCParametersView:116 -                Rank 1 : false
2024-05-24 01:26:25,598 [INFO] ADCParametersView:116 -                Rank 1 : false
2024-05-24 01:26:25,598 [INFO] ADCParametersView:116 -                Rank 1 : false
2024-05-24 01:26:25,598 [INFO] ADCParametersView:116 -                Rank 1 : false
2024-05-24 01:26:25,598 [INFO] ADCParametersView:116 -                Rank 1 : false
2024-05-24 01:26:25,598 [INFO] ADCParametersView:116 -                Rank 1 : false
2024-05-24 01:26:25,598 [INFO] ADCParametersView:116 -                Rank 1 : false
2024-05-24 01:26:25,598 [INFO] ADCParametersView:116 -                Rank 1 : false
2024-05-24 01:26:25,598 [INFO] ADCParametersView:116 -                Rank 1 : false
2024-05-24 01:26:25,599 [INFO] ADCParametersView:116 -                Rank 1 : false
2024-05-24 01:26:25,599 [INFO] ADCParametersView:116 -                Rank 1 : false
2024-05-24 01:26:25,599 [INFO] ADCParametersView:116 -                Rank 1 : false
2024-05-24 01:26:25,599 [INFO] ADCParametersView:116 -                Rank 1 : false
2024-05-24 01:26:25,599 [INFO] ADCParametersView:116 -                Rank 1 : false
2024-05-24 01:26:25,607 [INFO] ADCParametersView:116 -                Rank 1 : false
2024-05-24 01:26:25,619 [INFO] ADCParametersView:116 -                Rank 1 : false
2024-05-24 01:26:25,619 [INFO] ADCParametersView:116 -                Rank 1 : false
2024-05-24 01:26:25,619 [INFO] ADCParametersView:116 -                Rank 1 : false
2024-05-24 01:26:25,619 [INFO] ADCParametersView:116 -                Rank 1 : false
2024-05-24 01:26:25,619 [INFO] ADCParametersView:116 -                Rank 1 : false
2024-05-24 01:26:25,619 [INFO] ADCParametersView:116 -                Rank 1 : false
2024-05-24 01:26:25,619 [INFO] ADCParametersView:116 -                Rank 1 : false
2024-05-24 01:26:25,619 [INFO] ADCParametersView:116 -                Rank 1 : false
2024-05-24 01:26:25,619 [INFO] ADCParametersView:116 -                Rank 1 : false
2024-05-24 01:26:25,619 [INFO] ADCParametersView:116 -                Rank 1 : false
2024-05-24 01:26:25,619 [INFO] ADCParametersView:116 -                Rank 1 : false
2024-05-24 01:26:25,619 [INFO] ADCParametersView:116 -                Rank 1 : false
2024-05-24 01:26:25,619 [INFO] ADCParametersView:116 -                Rank 1 : false
2024-05-24 01:26:25,619 [INFO] ADCParametersView:116 -                Rank 1 : false
2024-05-24 01:26:25,619 [INFO] ADCParametersView:116 -                Rank 1 : false
2024-05-24 01:26:25,619 [INFO] ADCParametersView:116 -                Rank 1 : false
2024-05-24 01:26:25,619 [INFO] ADCParametersView:116 -                Rank 1 : false
2024-05-24 01:26:25,619 [INFO] ADCParametersView:116 -                Rank 1 : false
2024-05-24 01:26:25,620 [INFO] ADCParametersView:116 -                Rank 1 : false
2024-05-24 01:26:25,620 [INFO] ADCParametersView:116 -                Rank 1 : false
2024-05-24 01:26:25,620 [INFO] ADCParametersView:116 -                Rank 1 : false
2024-05-24 01:26:25,627 [INFO] ADCParametersView:116 -                Rank 1 : false
2024-05-24 01:26:25,699 [INFO] ADCParametersView:116 -                Rank 1 : false
2024-05-24 01:26:25,699 [INFO] ADCParametersView:116 -                Rank 1 : false
2024-05-24 01:26:25,699 [INFO] ADCParametersView:116 -                Rank 1 : false
2024-05-24 01:26:25,699 [INFO] ADCParametersView:116 -                Rank 1 : false
2024-05-24 01:26:25,699 [INFO] ADCParametersView:116 -                Rank 1 : false
2024-05-24 01:26:25,699 [INFO] ADCParametersView:116 -                Rank 1 : false
2024-05-24 01:26:25,699 [INFO] ADCParametersView:116 -                Rank 1 : false
2024-05-24 01:26:25,699 [INFO] ADCParametersView:116 -                Rank 1 : false
2024-05-24 01:26:25,699 [INFO] ADCParametersView:116 -                Rank 1 : false
2024-05-24 01:26:25,699 [INFO] ADCParametersView:116 -                Rank 1 : false
2024-05-24 01:26:25,699 [INFO] ADCParametersView:116 -                Rank 1 : false
2024-05-24 01:26:25,699 [INFO] ADCParametersView:116 -                Rank 1 : false
2024-05-24 01:26:25,699 [INFO] ADCParametersView:116 -                Rank 1 : false
2024-05-24 01:26:25,699 [INFO] ADCParametersView:116 -                Rank 1 : false
2024-05-24 01:26:25,699 [INFO] ADCParametersView:116 -                Rank 1 : false
2024-05-24 01:26:25,700 [INFO] ADCParametersView:116 -                Rank 1 : false
2024-05-24 01:26:25,700 [INFO] ADCParametersView:116 -                Rank 1 : false
2024-05-24 01:26:25,700 [INFO] ADCParametersView:116 -                Rank 1 : false
2024-05-24 01:26:25,700 [INFO] ADCParametersView:116 -                Rank 1 : false
2024-05-24 01:26:25,700 [INFO] ADCParametersView:116 -                Rank 1 : false
2024-05-24 01:26:25,700 [INFO] ADCParametersView:116 -                Rank 1 : false
2024-05-24 01:26:25,707 [INFO] ADCParametersView:116 -                Rank 1 : false
2024-05-24 01:26:25,720 [INFO] ADCParametersView:116 -                Rank 1 : false
2024-05-24 01:26:25,720 [INFO] ADCParametersView:116 -                Rank 1 : false
2024-05-24 01:26:25,720 [INFO] ADCParametersView:116 -                Rank 1 : false
2024-05-24 01:26:25,720 [INFO] ADCParametersView:116 -                Rank 1 : false
2024-05-24 01:26:25,720 [INFO] ADCParametersView:116 -                Rank 1 : false
2024-05-24 01:26:25,720 [INFO] ADCParametersView:116 -                Rank 1 : false
2024-05-24 01:26:25,720 [INFO] ADCParametersView:116 -                Rank 1 : false
2024-05-24 01:26:25,720 [INFO] ADCParametersView:116 -                Rank 1 : false
2024-05-24 01:26:25,720 [INFO] ADCParametersView:116 -                Rank 1 : false
2024-05-24 01:26:25,720 [INFO] ADCParametersView:116 -                Rank 1 : false
2024-05-24 01:26:25,720 [INFO] ADCParametersView:116 -                Rank 1 : false
2024-05-24 01:26:25,720 [INFO] ADCParametersView:116 -                Rank 1 : false
2024-05-24 01:26:25,720 [INFO] ADCParametersView:116 -                Rank 1 : false
2024-05-24 01:26:25,720 [INFO] ADCParametersView:116 -                Rank 1 : false
2024-05-24 01:26:25,720 [INFO] ADCParametersView:116 -                Rank 1 : false
2024-05-24 01:26:25,720 [INFO] ADCParametersView:116 -                Rank 1 : false
2024-05-24 01:26:25,720 [INFO] ADCParametersView:116 -                Rank 1 : false
2024-05-24 01:26:25,720 [INFO] ADCParametersView:116 -                Rank 1 : false
2024-05-24 01:26:25,720 [INFO] ADCParametersView:116 -                Rank 1 : false
2024-05-24 01:26:25,720 [INFO] ADCParametersView:116 -                Rank 1 : false
2024-05-24 01:26:25,720 [INFO] ADCParametersView:116 -                Rank 1 : false
2024-05-24 01:26:25,726 [INFO] ADCParametersView:116 -                Rank 1 : false
2024-05-24 01:26:26,568 [INFO] ADCParametersView:116 -                Rank 1 : false
2024-05-24 01:26:26,590 [INFO] ADCParametersView:116 -                Rank 1 : false
2024-05-24 01:26:26,590 [INFO] ADCParametersView:116 -                Rank 1 : false
2024-05-24 01:26:26,590 [INFO] ADCParametersView:116 -                Rank 1 : false
2024-05-24 01:26:26,590 [INFO] ADCParametersView:116 -                Rank 1 : false
2024-05-24 01:26:26,590 [INFO] ADCParametersView:116 -                Rank 1 : false
2024-05-24 01:26:26,590 [INFO] ADCParametersView:116 -                Rank 1 : false
2024-05-24 01:26:26,590 [INFO] ADCParametersView:116 -                Rank 1 : false
2024-05-24 01:26:26,590 [INFO] ADCParametersView:116 -                Rank 1 : false
2024-05-24 01:26:26,590 [INFO] ADCParametersView:116 -                Rank 1 : false
2024-05-24 01:26:26,590 [INFO] ADCParametersView:116 -                Rank 1 : false
2024-05-24 01:26:26,590 [INFO] ADCParametersView:116 -                Rank 1 : false
2024-05-24 01:26:26,590 [INFO] ADCParametersView:116 -                Rank 1 : false
2024-05-24 01:26:26,590 [INFO] ADCParametersView:116 -                Rank 1 : false
2024-05-24 01:26:26,590 [INFO] ADCParametersView:116 -                Rank 1 : false
2024-05-24 01:26:26,590 [INFO] ADCParametersView:116 -                Rank 1 : false
2024-05-24 01:26:26,590 [INFO] ADCParametersView:116 -                Rank 1 : false
2024-05-24 01:26:26,590 [INFO] ADCParametersView:116 -                Rank 1 : false
2024-05-24 01:26:26,590 [INFO] ADCParametersView:116 -                Rank 1 : false
2024-05-24 01:26:26,590 [INFO] ADCParametersView:116 -                Rank 1 : false
2024-05-24 01:26:26,590 [INFO] ADCParametersView:116 -                Rank 1 : false
2024-05-24 01:26:26,590 [INFO] ADCParametersView:116 -                Rank 1 : false
2024-05-24 01:26:26,590 [INFO] ADCParametersView:116 -                Rank 1 : false
2024-05-24 01:26:26,590 [INFO] ADCParametersView:116 -                Rank 1 : false
2024-05-24 01:26:26,590 [INFO] ADCParametersView:116 -                Rank 1 : false
2024-05-24 01:26:26,590 [INFO] ADCParametersView:116 -                Rank 1 : false
2024-05-24 01:26:26,598 [INFO] ADCParametersView:116 -                Rank 1 : false
2024-05-24 01:26:29,896 [INFO] ADCParametersView:116 -                Rank 1 : false
2024-05-24 01:26:29,896 [INFO] ADCParametersView:116 -                Rank 1 : false
2024-05-24 01:26:29,896 [INFO] ADCParametersView:116 -                Rank 1 : false
2024-05-24 01:26:29,896 [INFO] ADCParametersView:116 -                Rank 1 : false
2024-05-24 01:26:29,896 [INFO] ADCParametersView:116 -                Rank 1 : false
2024-05-24 01:26:29,896 [INFO] ADCParametersView:116 -                Rank 1 : false
2024-05-24 01:26:29,896 [INFO] ADCParametersView:116 -                Rank 1 : false
2024-05-24 01:26:29,896 [INFO] ADCParametersView:116 -                Rank 1 : false
2024-05-24 01:26:29,896 [INFO] ADCParametersView:116 -                Rank 1 : false
2024-05-24 01:26:29,896 [INFO] ADCParametersView:116 -                Rank 1 : false
2024-05-24 01:26:29,896 [INFO] ADCParametersView:116 -                Rank 1 : false
2024-05-24 01:26:29,896 [INFO] ADCParametersView:116 -                Rank 1 : false
2024-05-24 01:26:29,896 [INFO] ADCParametersView:116 -                Rank 1 : false
2024-05-24 01:26:29,896 [INFO] ADCParametersView:116 -                Rank 1 : false
2024-05-24 01:26:29,896 [INFO] ADCParametersView:116 -                Rank 1 : false
2024-05-24 01:26:29,896 [INFO] ADCParametersView:116 -                Rank 1 : false
2024-05-24 01:26:29,896 [INFO] ADCParametersView:116 -                Rank 1 : false
2024-05-24 01:26:29,896 [INFO] ADCParametersView:116 -                Rank 1 : false
2024-05-24 01:26:29,896 [INFO] ADCParametersView:116 -                Rank 1 : false
2024-05-24 01:26:29,896 [INFO] ADCParametersView:116 -                Rank 1 : false
2024-05-24 01:26:29,896 [INFO] ADCParametersView:116 -                Rank 1 : false
2024-05-24 01:26:29,903 [INFO] ADCParametersView:116 -                Rank 1 : false
2024-05-24 01:26:29,915 [INFO] ADCParametersView:116 -                Rank 1 : false
2024-05-24 01:26:29,915 [INFO] ADCParametersView:116 -                Rank 1 : false
2024-05-24 01:26:29,915 [INFO] ADCParametersView:116 -                Rank 1 : false
2024-05-24 01:26:29,915 [INFO] ADCParametersView:116 -                Rank 1 : false
2024-05-24 01:26:29,915 [INFO] ADCParametersView:116 -                Rank 1 : false
2024-05-24 01:26:29,915 [INFO] ADCParametersView:116 -                Rank 1 : false
2024-05-24 01:26:29,915 [INFO] ADCParametersView:116 -                Rank 1 : false
2024-05-24 01:26:29,915 [INFO] ADCParametersView:116 -                Rank 1 : false
2024-05-24 01:26:29,915 [INFO] ADCParametersView:116 -                Rank 1 : false
2024-05-24 01:26:29,915 [INFO] ADCParametersView:116 -                Rank 1 : false
2024-05-24 01:26:29,915 [INFO] ADCParametersView:116 -                Rank 1 : false
2024-05-24 01:26:29,915 [INFO] ADCParametersView:116 -                Rank 1 : false
2024-05-24 01:26:29,915 [INFO] ADCParametersView:116 -                Rank 1 : false
2024-05-24 01:26:29,915 [INFO] ADCParametersView:116 -                Rank 1 : false
2024-05-24 01:26:29,915 [INFO] ADCParametersView:116 -                Rank 1 : false
2024-05-24 01:26:29,915 [INFO] ADCParametersView:116 -                Rank 1 : false
2024-05-24 01:26:29,915 [INFO] ADCParametersView:116 -                Rank 1 : false
2024-05-24 01:26:29,915 [INFO] ADCParametersView:116 -                Rank 1 : false
2024-05-24 01:26:29,915 [INFO] ADCParametersView:116 -                Rank 1 : false
2024-05-24 01:26:29,915 [INFO] ADCParametersView:116 -                Rank 1 : false
2024-05-24 01:26:29,915 [INFO] ADCParametersView:116 -                Rank 1 : false
2024-05-24 01:26:29,923 [INFO] ADCParametersView:116 -                Rank 1 : false
2024-05-24 01:26:54,328 [INFO] ADCParametersView:116 -                Rank 1 : false
2024-05-24 01:26:54,328 [INFO] ADCParametersView:116 -                Rank 1 : false
2024-05-24 01:26:54,328 [INFO] ADCParametersView:116 -                Rank 1 : false
2024-05-24 01:26:54,328 [INFO] ADCParametersView:116 -                Rank 1 : false
2024-05-24 01:26:54,328 [INFO] ADCParametersView:116 -                Rank 1 : false
2024-05-24 01:26:54,328 [INFO] ADCParametersView:116 -                Rank 1 : false
2024-05-24 01:26:54,328 [INFO] ADCParametersView:116 -                Rank 1 : false
2024-05-24 01:26:54,328 [INFO] ADCParametersView:116 -                Rank 1 : false
2024-05-24 01:26:54,328 [INFO] ADCParametersView:116 -                Rank 1 : false
2024-05-24 01:26:54,328 [INFO] ADCParametersView:116 -                Rank 1 : false
2024-05-24 01:26:54,328 [INFO] ADCParametersView:116 -                Rank 1 : false
2024-05-24 01:26:54,328 [INFO] ADCParametersView:116 -                Rank 1 : false
2024-05-24 01:26:54,328 [INFO] ADCParametersView:116 -                Rank 1 : false
2024-05-24 01:26:54,328 [INFO] ADCParametersView:116 -                Rank 1 : false
2024-05-24 01:26:54,328 [INFO] ADCParametersView:116 -                Rank 1 : false
2024-05-24 01:26:54,329 [INFO] ADCParametersView:116 -                Rank 1 : false
2024-05-24 01:26:54,329 [INFO] ADCParametersView:116 -                Rank 1 : false
2024-05-24 01:26:54,329 [INFO] ADCParametersView:116 -                Rank 1 : false
2024-05-24 01:26:54,329 [INFO] ADCParametersView:116 -                Rank 1 : false
2024-05-24 01:26:54,329 [INFO] ADCParametersView:116 -                Rank 1 : false
2024-05-24 01:26:54,329 [INFO] ADCParametersView:116 -                Rank 1 : false
2024-05-24 01:26:54,329 [INFO] ADCParametersView:116 -                Rank 1 : false
2024-05-24 01:26:54,329 [INFO] ADCParametersView:116 -                Rank 1 : false
2024-05-24 01:26:54,329 [INFO] ADCParametersView:116 -                Rank 1 : false
2024-05-24 01:26:54,329 [INFO] ADCParametersView:116 -                Rank 1 : false
2024-05-24 01:26:54,335 [INFO] ADCParametersView:116 -                Rank 1 : false
2024-05-24 01:26:54,348 [INFO] ADCParametersView:116 -                Rank 1 : false
2024-05-24 01:26:54,348 [INFO] ADCParametersView:116 -                Rank 1 : false
2024-05-24 01:26:54,348 [INFO] ADCParametersView:116 -                Rank 1 : false
2024-05-24 01:26:54,348 [INFO] ADCParametersView:116 -                Rank 1 : false
2024-05-24 01:26:54,348 [INFO] ADCParametersView:116 -                Rank 1 : false
2024-05-24 01:26:54,348 [INFO] ADCParametersView:116 -                Rank 1 : false
2024-05-24 01:26:54,348 [INFO] ADCParametersView:116 -                Rank 1 : false
2024-05-24 01:26:54,348 [INFO] ADCParametersView:116 -                Rank 1 : false
2024-05-24 01:26:54,348 [INFO] ADCParametersView:116 -                Rank 1 : false
2024-05-24 01:26:54,348 [INFO] ADCParametersView:116 -                Rank 1 : false
2024-05-24 01:26:54,348 [INFO] ADCParametersView:116 -                Rank 1 : false
2024-05-24 01:26:54,348 [INFO] ADCParametersView:116 -                Rank 1 : false
2024-05-24 01:26:54,348 [INFO] ADCParametersView:116 -                Rank 1 : false
2024-05-24 01:26:54,348 [INFO] ADCParametersView:116 -                Rank 1 : false
2024-05-24 01:26:54,348 [INFO] ADCParametersView:116 -                Rank 1 : false
2024-05-24 01:26:54,348 [INFO] ADCParametersView:116 -                Rank 1 : false
2024-05-24 01:26:54,348 [INFO] ADCParametersView:116 -                Rank 1 : false
2024-05-24 01:26:54,348 [INFO] ADCParametersView:116 -                Rank 1 : false
2024-05-24 01:26:54,348 [INFO] ADCParametersView:116 -                Rank 1 : false
2024-05-24 01:26:54,348 [INFO] ADCParametersView:116 -                Rank 1 : false
2024-05-24 01:26:54,349 [INFO] ADCParametersView:116 -                Rank 1 : false
2024-05-24 01:26:54,349 [INFO] ADCParametersView:116 -                Rank 1 : false
2024-05-24 01:26:54,349 [INFO] ADCParametersView:116 -                Rank 1 : false
2024-05-24 01:26:54,349 [INFO] ADCParametersView:116 -                Rank 1 : false
2024-05-24 01:26:54,349 [INFO] ADCParametersView:116 -                Rank 1 : false
2024-05-24 01:26:54,356 [INFO] ADCParametersView:116 -                Rank 1 : false
2024-05-24 01:27:00,342 [INFO] ADCParametersView:116 -                Rank 1 : false
2024-05-24 01:27:00,359 [INFO] ADCParametersView:116 -                Rank 1 : false
2024-05-24 01:27:00,359 [INFO] ADCParametersView:116 -                Rank 1 : false
2024-05-24 01:27:00,359 [INFO] ADCParametersView:116 -                Rank 1 : false
2024-05-24 01:27:00,359 [INFO] ADCParametersView:116 -                Rank 1 : false
2024-05-24 01:27:00,359 [INFO] ADCParametersView:116 -                Rank 1 : false
2024-05-24 01:27:00,359 [INFO] ADCParametersView:116 -                Rank 1 : false
2024-05-24 01:27:00,359 [INFO] ADCParametersView:116 -                Rank 1 : false
2024-05-24 01:27:00,359 [INFO] ADCParametersView:116 -                Rank 1 : false
2024-05-24 01:27:00,359 [INFO] ADCParametersView:116 -                Rank 1 : false
2024-05-24 01:27:00,359 [INFO] ADCParametersView:116 -                Rank 1 : false
2024-05-24 01:27:00,359 [INFO] ADCParametersView:116 -                Rank 1 : false
2024-05-24 01:27:00,359 [INFO] ADCParametersView:116 -                Rank 1 : false
2024-05-24 01:27:00,359 [INFO] ADCParametersView:116 -                Rank 1 : false
2024-05-24 01:27:00,359 [INFO] ADCParametersView:116 -                Rank 1 : false
2024-05-24 01:27:00,359 [INFO] ADCParametersView:116 -                Rank 1 : false
2024-05-24 01:27:00,359 [INFO] ADCParametersView:116 -                Rank 1 : false
2024-05-24 01:27:00,359 [INFO] ADCParametersView:116 -                Rank 1 : false
2024-05-24 01:27:00,359 [INFO] ADCParametersView:116 -                Rank 1 : false
2024-05-24 01:27:00,359 [INFO] ADCParametersView:116 -                Rank 1 : false
2024-05-24 01:27:00,359 [INFO] ADCParametersView:116 -                Rank 1 : false
2024-05-24 01:27:00,359 [INFO] ADCParametersView:116 -                Rank 1 : false
2024-05-24 01:27:00,365 [INFO] ADCParametersView:116 -                Rank 1 : false
2024-05-24 01:27:00,455 [INFO] NvicIntPanel:101 - NVIC parent = com.st.microxplorer.plugins.ip.nvic.MultiNvicIntPanel[,0,0,0x0,invalid,layout=javax.swing.BoxLayout,alignmentX=0.0,alignmentY=0.0,border=,flags=9,maximumSize=,minimumSize=,preferredSize=]
2024-05-24 01:27:00,554 [INFO] NvicIntPanel:101 - NVIC parent = com.st.microxplorer.plugins.ip.nvic.MultiNvicIntPanel[,0,0,0x0,invalid,layout=javax.swing.BoxLayout,alignmentX=0.0,alignmentY=0.0,border=,flags=9,maximumSize=,minimumSize=,preferredSize=]
2024-05-24 01:27:00,654 [INFO] NvicIntPanel:101 - NVIC parent = com.st.microxplorer.plugins.ip.nvic.MultiNvicIntPanel[,0,0,0x0,invalid,layout=javax.swing.BoxLayout,alignmentX=0.0,alignmentY=0.0,border=,flags=9,maximumSize=,minimumSize=,preferredSize=]
2024-05-24 01:27:00,752 [INFO] NvicIntPanel:101 - NVIC parent = com.st.microxplorer.plugins.ip.nvic.MultiNvicIntPanel[,0,0,0x0,invalid,layout=javax.swing.BoxLayout,alignmentX=0.0,alignmentY=0.0,border=,flags=9,maximumSize=,minimumSize=,preferredSize=]
2024-05-24 01:27:00,812 [INFO] ADCParametersView:116 -                Rank 1 : false
2024-05-24 01:27:00,812 [INFO] ADCParametersView:116 -                Rank 1 : false
2024-05-24 01:27:00,812 [INFO] ADCParametersView:116 -                Rank 1 : false
2024-05-24 01:27:00,812 [INFO] ADCParametersView:116 -                Rank 1 : false
2024-05-24 01:27:00,812 [INFO] ADCParametersView:116 -                Rank 1 : false
2024-05-24 01:27:00,812 [INFO] ADCParametersView:116 -                Rank 1 : false
2024-05-24 01:27:00,812 [INFO] ADCParametersView:116 -                Rank 1 : false
2024-05-24 01:27:00,812 [INFO] ADCParametersView:116 -                Rank 1 : false
2024-05-24 01:27:00,812 [INFO] ADCParametersView:116 -                Rank 1 : false
2024-05-24 01:27:00,813 [INFO] ADCParametersView:116 -                Rank 1 : false
2024-05-24 01:27:00,813 [INFO] ADCParametersView:116 -                Rank 1 : false
2024-05-24 01:27:00,813 [INFO] ADCParametersView:116 -                Rank 1 : false
2024-05-24 01:27:00,813 [INFO] ADCParametersView:116 -                Rank 1 : false
2024-05-24 01:27:00,813 [INFO] ADCParametersView:116 -                Rank 1 : false
2024-05-24 01:27:00,813 [INFO] ADCParametersView:116 -                Rank 1 : false
2024-05-24 01:27:00,813 [INFO] ADCParametersView:116 -                Rank 1 : false
2024-05-24 01:27:00,813 [INFO] ADCParametersView:116 -                Rank 1 : false
2024-05-24 01:27:00,813 [INFO] ADCParametersView:116 -                Rank 1 : false
2024-05-24 01:27:00,813 [INFO] ADCParametersView:116 -                Rank 1 : false
2024-05-24 01:27:00,813 [INFO] ADCParametersView:116 -                Rank 1 : false
2024-05-24 01:27:00,813 [INFO] ADCParametersView:116 -                Rank 1 : false
2024-05-24 01:27:00,822 [INFO] ADCParametersView:116 -                Rank 1 : false
2024-05-24 01:27:00,835 [INFO] ADCParametersView:116 -                Rank 1 : false
2024-05-24 01:27:00,835 [INFO] ADCParametersView:116 -                Rank 1 : false
2024-05-24 01:27:00,835 [INFO] ADCParametersView:116 -                Rank 1 : false
2024-05-24 01:27:00,836 [INFO] ADCParametersView:116 -                Rank 1 : false
2024-05-24 01:27:00,836 [INFO] ADCParametersView:116 -                Rank 1 : false
2024-05-24 01:27:00,836 [INFO] ADCParametersView:116 -                Rank 1 : false
2024-05-24 01:27:00,836 [INFO] ADCParametersView:116 -                Rank 1 : false
2024-05-24 01:27:00,836 [INFO] ADCParametersView:116 -                Rank 1 : false
2024-05-24 01:27:00,836 [INFO] ADCParametersView:116 -                Rank 1 : false
2024-05-24 01:27:00,836 [INFO] ADCParametersView:116 -                Rank 1 : false
2024-05-24 01:27:00,836 [INFO] ADCParametersView:116 -                Rank 1 : false
2024-05-24 01:27:00,836 [INFO] ADCParametersView:116 -                Rank 1 : false
2024-05-24 01:27:00,836 [INFO] ADCParametersView:116 -                Rank 1 : false
2024-05-24 01:27:00,836 [INFO] ADCParametersView:116 -                Rank 1 : false
2024-05-24 01:27:00,836 [INFO] ADCParametersView:116 -                Rank 1 : false
2024-05-24 01:27:00,836 [INFO] ADCParametersView:116 -                Rank 1 : false
2024-05-24 01:27:00,836 [INFO] ADCParametersView:116 -                Rank 1 : false
2024-05-24 01:27:00,836 [INFO] ADCParametersView:116 -                Rank 1 : false
2024-05-24 01:27:00,836 [INFO] ADCParametersView:116 -                Rank 1 : false
2024-05-24 01:27:00,836 [INFO] ADCParametersView:116 -                Rank 1 : false
2024-05-24 01:27:00,836 [INFO] ADCParametersView:116 -                Rank 1 : false
2024-05-24 01:27:00,844 [INFO] ADCParametersView:116 -                Rank 1 : false
2024-05-24 01:27:19,298 [ERROR] LogOutputStream:75 - [STDERR_REDIRECT] 
2024-05-24 01:27:19,299 [ERROR] LogOutputStream:75 - [STDERR_REDIRECT] 
