2024-07-12 19:10:15,550 [INFO] Activator:176 - 


2024-07-12 19:10:15,553 [INFO] Activator:177 - !SESSION log4j initialized
2024-07-12 19:10:20,288 [INFO] LogOutputStream:77 - [STDOUT_REDIRECT] 
2024-07-12 19:10:22,958 [INFO] ApplicationProperties:184 - Using Application install path: C:\ST\STM32CubeIDE_1.10.1\STM32CubeIDE\plugins\com.st.stm32cube.common.mx_6.11.1.202404110753
2024-07-12 19:10:22,972 [INFO] DbMcusXml:78 - Set database path to: C:\ST\STM32CubeIDE_1.10.1\STM32CubeIDE\plugins\com.st.stm32cube.common.mx_6.11.1.202404110753\\db\/mcu/
2024-07-12 19:10:22,972 [INFO] ApiDb:274 - Set plugin database path to: C:\ST\STM32CubeIDE_1.10.1\STM32CubeIDE\plugins\com.st.stm32cube.common.mx_6.11.1.202404110753\\db\/plugins/boardmanager/
2024-07-12 19:10:22,972 [WARN] ApiDb:259 - Overriding images path with different value:  => C:\ST\STM32CubeIDE_1.10.1\STM32CubeIDE\plugins\com.st.stm32cube.common.mx_6.11.1.202404110753\\db\/plugins/mcufinder/images/
2024-07-12 19:10:22,979 [INFO] ApiDb:250 - Set database path to: C:\Users\saksh\.stmcufinder\plugins\mcufinder//mcu/
2024-07-12 19:10:22,979 [INFO] DbMcusAds:125 - Set database path to: C:\Users\saksh\.stmcufinder\plugins\mcufinder//mcu/
2024-07-12 19:10:22,980 [INFO] CrossReferenceDbSqlite:203 - Set database path to: C:\Users\saksh\.stmcufinder\plugins\mcufinder//mcu/cs/
2024-07-12 19:10:23,055 [INFO] RulesReader:64 - Compatibility file has been processed (297 Rules)
2024-07-12 19:10:23,113 [INFO] DbMcusXml:78 - Set database path to: C:\ST\STM32CubeIDE_1.10.1\STM32CubeIDE\plugins\com.st.stm32cube.common.mx_6.11.1.202404110753\\db\/mcu/
2024-07-12 19:10:23,113 [INFO] ApiDb:274 - Set plugin database path to: C:\ST\STM32CubeIDE_1.10.1\STM32CubeIDE\plugins\com.st.stm32cube.common.mx_6.11.1.202404110753\\db\/plugins/boardmanager/
2024-07-12 19:10:23,113 [INFO] ApiDb:261 - Set plugin images path to: C:\ST\STM32CubeIDE_1.10.1\STM32CubeIDE\plugins\com.st.stm32cube.common.mx_6.11.1.202404110753\\db\/plugins/mcufinder/images/
2024-07-12 19:10:23,113 [WARN] DbFile:41 - Overriding database path with different value: C:\Users\saksh\.stmcufinder\plugins\mcufinder/ => C:\Users\saksh\.stmcufinder\plugins\mcufinder
2024-07-12 19:10:23,113 [INFO] ApiDb:250 - Set database path to: C:\Users\saksh\.stmcufinder\plugins\mcufinder//mcu/
2024-07-12 19:10:23,113 [WARN] DbFile:41 - Overriding database path with different value: C:\Users\saksh\.stmcufinder\plugins\mcufinder/ => C:\Users\saksh\.stmcufinder\plugins\mcufinder
2024-07-12 19:10:23,113 [INFO] DbMcusAds:125 - Set database path to: C:\Users\saksh\.stmcufinder\plugins\mcufinder//mcu/
2024-07-12 19:10:23,113 [WARN] DbFile:41 - Overriding database path with different value: C:\Users\saksh\.stmcufinder\plugins\mcufinder/ => C:\Users\saksh\.stmcufinder\plugins\mcufinder
2024-07-12 19:10:23,113 [WARN] DbFile:41 - Overriding database path with different value: C:\Users\saksh\.stmcufinder\plugins\mcufinder/ => C:\Users\saksh\.stmcufinder\plugins\mcufinder
2024-07-12 19:10:23,113 [INFO] CrossReferenceDbSqlite:203 - Set database path to: C:\Users\saksh\.stmcufinder\plugins\mcufinder//mcu/cs/
2024-07-12 19:10:23,168 [INFO] MainPanel:264 - HeapMemory: 268435456
2024-07-12 19:10:23,237 [INFO] DbMcusXml:78 - Set database path to: C:\ST\STM32CubeIDE_1.10.1\STM32CubeIDE\plugins\com.st.stm32cube.common.mx_6.11.1.202404110753\\db\/mcu/
2024-07-12 19:10:23,238 [INFO] ApiDb:274 - Set plugin database path to: C:\ST\STM32CubeIDE_1.10.1\STM32CubeIDE\plugins\com.st.stm32cube.common.mx_6.11.1.202404110753\\db\/plugins/boardmanager/
2024-07-12 19:10:23,238 [INFO] ApiDb:261 - Set plugin images path to: C:\ST\STM32CubeIDE_1.10.1\STM32CubeIDE\plugins\com.st.stm32cube.common.mx_6.11.1.202404110753\\db\/plugins/mcufinder/images/
2024-07-12 19:10:23,238 [WARN] DbFile:41 - Overriding database path with different value: C:\Users\saksh\.stmcufinder\plugins\mcufinder/ => C:\Users\saksh\.stmcufinder\plugins\mcufinder
2024-07-12 19:10:23,238 [INFO] ApiDb:250 - Set database path to: C:\Users\saksh\.stmcufinder\plugins\mcufinder//mcu/
2024-07-12 19:10:23,238 [WARN] DbFile:41 - Overriding database path with different value: C:\Users\saksh\.stmcufinder\plugins\mcufinder/ => C:\Users\saksh\.stmcufinder\plugins\mcufinder
2024-07-12 19:10:23,238 [INFO] DbMcusAds:125 - Set database path to: C:\Users\saksh\.stmcufinder\plugins\mcufinder//mcu/
2024-07-12 19:10:23,238 [WARN] DbFile:41 - Overriding database path with different value: C:\Users\saksh\.stmcufinder\plugins\mcufinder/ => C:\Users\saksh\.stmcufinder\plugins\mcufinder
2024-07-12 19:10:23,238 [WARN] DbFile:41 - Overriding database path with different value: C:\Users\saksh\.stmcufinder\plugins\mcufinder/ => C:\Users\saksh\.stmcufinder\plugins\mcufinder
2024-07-12 19:10:23,238 [INFO] CrossReferenceDbSqlite:203 - Set database path to: C:\Users\saksh\.stmcufinder\plugins\mcufinder//mcu/cs/
2024-07-12 19:10:23,252 [INFO] ApplicationProperties:184 - Using Application install path: C:\ST\STM32CubeIDE_1.10.1\STM32CubeIDE\plugins\com.st.stm32cube.common.mx_6.11.1.202404110753
2024-07-12 19:10:23,253 [INFO] PluginManage:196 - Search for loadable plugins [exclusion list=, ]
2024-07-12 19:10:23,254 [INFO] PluginManage:310 - Check plugin analytics
2024-07-12 19:10:23,350 [INFO] AnalyticsPlugin:253 - Accepted Software Licenses: 
2024-07-12 19:10:23,350 [INFO] AnalyticsPlugin:255 - Accepted CMSIS Pack Licenses: 
2024-07-12 19:10:23,350 [INFO] AnalyticsPlugin:257 - Accepted Firmware Licenses: FW.H7.1.10.0,FW.G4.1.5.0
2024-07-12 19:10:23,352 [INFO] PluginManage:359 - Loaded plugin analytics (category:tool,tabindex:-1)
2024-07-12 19:10:23,352 [INFO] PluginManage:310 - Check plugin cadmodel
2024-07-12 19:10:23,364 [INFO] CADModel:105 - Init CAD model plugin
2024-07-12 19:10:23,365 [INFO] PluginManage:359 - Loaded plugin cadmodel (category:power,tabindex:5)
2024-07-12 19:10:23,365 [INFO] PluginManage:310 - Check plugin clock
2024-07-12 19:10:23,381 [INFO] PluginManage:359 - Loaded plugin clock (category:base,tabindex:2)
2024-07-12 19:10:23,381 [INFO] PluginManage:310 - Check plugin ddr
2024-07-12 19:10:23,383 [INFO] PluginManage:359 - Loaded plugin ddr (category:tool,tabindex:6)
2024-07-12 19:10:23,383 [INFO] PluginManage:310 - Check plugin filemanager
2024-07-12 19:10:23,496 [INFO] PluginManage:359 - Loaded plugin filemanager (category:base,tabindex:10)
2024-07-12 19:10:23,497 [INFO] PluginManage:310 - Check plugin ipmanager
2024-07-12 19:10:23,502 [INFO] PluginManage:359 - Loaded plugin ipmanager (category:base,tabindex:5)
2024-07-12 19:10:23,502 [INFO] PluginManage:310 - Check plugin lpbam
2024-07-12 19:10:23,520 [INFO] PluginManage:359 - Loaded plugin lpbam (category:base,tabindex:0)
2024-07-12 19:10:23,520 [INFO] PluginManage:310 - Check plugin memorymap
2024-07-12 19:10:23,540 [INFO] PluginManage:359 - Loaded plugin memorymap (category:base,tabindex:4)
2024-07-12 19:10:23,542 [INFO] PluginManage:310 - Check plugin pinoutandconfiguration
2024-07-12 19:10:23,556 [INFO] PluginManage:359 - Loaded plugin pinoutandconfiguration (category:base,tabindex:1)
2024-07-12 19:10:23,556 [INFO] PluginManage:310 - Check plugin pinoutconfig
2024-07-12 19:10:23,636 [WARN] SupportedApi:132 - Cannot load RTOS API schema: s4s-elt-must-match.1: The content of 'definitions' must match (annotation?, (simpleType | complexType)?, (unique | key | keyref)*)). A problem was found starting at: attribute.
2024-07-12 19:10:23,747 [INFO] PluginManage:359 - Loaded plugin pinoutconfig (category:base,tabindex:0)
2024-07-12 19:10:23,747 [INFO] PluginManage:310 - Check plugin power
2024-07-12 19:10:23,764 [INFO] PluginManage:359 - Loaded plugin power (category:power,tabindex:4)
2024-07-12 19:10:23,764 [INFO] PluginManage:310 - Check plugin projectmanager
2024-07-12 19:10:23,775 [INFO] PluginManage:359 - Loaded plugin projectmanager (category:projectmanager,tabindex:3)
2024-07-12 19:10:23,775 [INFO] PluginManage:310 - Check plugin thirdparty
2024-07-12 19:10:23,986 [INFO] PluginManage:359 - Loaded plugin thirdparty (category:base,tabindex:-1)
2024-07-12 19:10:23,986 [WARN] IntegrityCheckThread:84 - waiting for thirdparty lock release [integrity check]
2024-07-12 19:10:23,986 [INFO] PluginManage:310 - Check plugin tools
2024-07-12 19:10:23,986 [INFO] IntegrityCheckThread:86 - entering critical section [integrity check]
2024-07-12 19:10:23,986 [INFO] ThirdPartyUpdaterWithRetryManager:70 - Updater plugin not ready yet. [1/15]
2024-07-12 19:10:24,020 [INFO] PluginManage:359 - Loaded plugin tools (category:base,tabindex:7)
2024-07-12 19:10:24,020 [INFO] PluginManage:310 - Check plugin tutovideos
2024-07-12 19:10:24,172 [INFO] PluginManage:359 - Loaded plugin tutovideos (category:base,tabindex:-1)
2024-07-12 19:10:24,172 [INFO] PluginManage:310 - Check plugin updater
2024-07-12 19:10:24,184 [INFO] PluginManage:359 - Loaded plugin updater (category:base,tabindex:12)
2024-07-12 19:10:24,185 [INFO] PluginManage:310 - Check plugin userauth
2024-07-12 19:10:24,189 [INFO] UserAuth:114 - Init User Auth plugin
2024-07-12 19:10:24,190 [INFO] PluginManage:359 - Loaded plugin userauth (category:base,tabindex:14)
2024-07-12 19:10:24,190 [INFO] PluginManage:283 - PluginManage : Loaded plugins [17]
2024-07-12 19:10:24,342 [INFO] PinOutPanel:1561 - setPackage(No Configuration,No Configuration)
2024-07-12 19:10:24,397 [INFO] CADModel:165 - CPN selected for project level
2024-07-12 19:10:24,397 [INFO] CADModel:114 - Register for checkConnection events
2024-07-12 19:10:24,421 [INFO] IPUIPlugin:80 - create IPUIPlugin
2024-07-12 19:10:24,421 [INFO] PluginManager:220 - loadIPPluginJar : add adc
2024-07-12 19:10:24,466 [INFO] IPUIPlugin:80 - create IPUIPlugin
2024-07-12 19:10:24,466 [INFO] PluginManager:220 - loadIPPluginJar : add aes
2024-07-12 19:10:24,512 [INFO] IPUIPlugin:80 - create IPUIPlugin
2024-07-12 19:10:24,512 [INFO] PluginManager:220 - loadIPPluginJar : add can
2024-07-12 19:10:24,529 [INFO] IPUIPlugin:80 - create IPUIPlugin
2024-07-12 19:10:24,529 [INFO] PluginManager:220 - loadIPPluginJar : add comp
2024-07-12 19:10:24,559 [INFO] IPUIPlugin:80 - create IPUIPlugin
2024-07-12 19:10:24,559 [INFO] PluginManager:220 - loadIPPluginJar : add cryp
2024-07-12 19:10:24,587 [INFO] IPUIPlugin:80 - create IPUIPlugin
2024-07-12 19:10:24,587 [INFO] PluginManager:220 - loadIPPluginJar : add dfsdm
2024-07-12 19:10:24,599 [INFO] IPUIPlugin:80 - create IPUIPlugin
2024-07-12 19:10:24,600 [INFO] PluginManager:220 - loadIPPluginJar : add dma
2024-07-12 19:10:24,651 [INFO] IPUIPlugin:80 - create IPUIPlugin
2024-07-12 19:10:24,652 [INFO] PluginManager:220 - loadIPPluginJar : add dma3
2024-07-12 19:10:24,698 [INFO] IPUIPlugin:80 - create IPUIPlugin
2024-07-12 19:10:24,698 [INFO] PluginManager:220 - loadIPPluginJar : add extmemmanager
2024-07-12 19:10:24,720 [INFO] IPUIPlugin:80 - create IPUIPlugin
2024-07-12 19:10:24,720 [INFO] PluginManager:220 - loadIPPluginJar : add fatfs
2024-07-12 19:10:24,775 [INFO] IPUIPlugin:80 - create IPUIPlugin
2024-07-12 19:10:24,775 [INFO] PluginManager:220 - loadIPPluginJar : add fmc
2024-07-12 19:10:24,787 [INFO] IPUIPlugin:80 - create IPUIPlugin
2024-07-12 19:10:24,787 [INFO] PluginManager:220 - loadIPPluginJar : add freertos
2024-07-12 19:10:24,805 [INFO] IPUIPlugin:80 - create IPUIPlugin
2024-07-12 19:10:24,806 [INFO] PluginManager:220 - loadIPPluginJar : add genericplugin
2024-07-12 19:10:24,898 [INFO] IPUIPlugin:80 - create IPUIPlugin
2024-07-12 19:10:24,898 [INFO] PluginManager:220 - loadIPPluginJar : add gfxmmu
2024-07-12 19:10:25,042 [INFO] IPUIPlugin:80 - create IPUIPlugin
2024-07-12 19:10:25,042 [INFO] PluginManager:220 - loadIPPluginJar : add gic
2024-07-12 19:10:25,054 [INFO] IPUIPlugin:80 - create IPUIPlugin
2024-07-12 19:10:25,054 [INFO] PluginManager:220 - loadIPPluginJar : add gpio
2024-07-12 19:10:25,145 [INFO] IPUIPlugin:80 - create IPUIPlugin
2024-07-12 19:10:25,145 [INFO] PluginManager:220 - loadIPPluginJar : add gtzc
2024-07-12 19:10:25,188 [INFO] IPUIPlugin:80 - create IPUIPlugin
2024-07-12 19:10:25,188 [INFO] PluginManager:220 - loadIPPluginJar : add hash
2024-07-12 19:10:25,247 [INFO] IPUIPlugin:80 - create IPUIPlugin
2024-07-12 19:10:25,247 [INFO] PluginManager:220 - loadIPPluginJar : add i2c
2024-07-12 19:10:25,283 [INFO] IPUIPlugin:80 - create IPUIPlugin
2024-07-12 19:10:25,283 [INFO] PluginManager:220 - loadIPPluginJar : add i2s
2024-07-12 19:10:25,329 [INFO] IPUIPlugin:80 - create IPUIPlugin
2024-07-12 19:10:25,329 [INFO] PluginManager:220 - loadIPPluginJar : add i3c
2024-07-12 19:10:25,434 [INFO] IPUIPlugin:80 - create IPUIPlugin
2024-07-12 19:10:25,434 [INFO] PluginManager:220 - loadIPPluginJar : add ipddr
2024-07-12 19:10:25,526 [INFO] IPUIPlugin:80 - create IPUIPlugin
2024-07-12 19:10:25,526 [INFO] PluginManager:220 - loadIPPluginJar : add linkedlist
2024-07-12 19:10:25,577 [INFO] IPUIPlugin:80 - create IPUIPlugin
2024-07-12 19:10:25,577 [INFO] PluginManager:220 - loadIPPluginJar : add lorawan
2024-07-12 19:10:25,613 [INFO] IPUIPlugin:80 - create IPUIPlugin
2024-07-12 19:10:25,613 [INFO] PluginManager:220 - loadIPPluginJar : add ltdc
2024-07-12 19:10:25,627 [INFO] IPUIPlugin:80 - create IPUIPlugin
2024-07-12 19:10:25,627 [INFO] PluginManager:220 - loadIPPluginJar : add mdma
2024-07-12 19:10:25,634 [INFO] IPUIPlugin:80 - create IPUIPlugin
2024-07-12 19:10:25,634 [INFO] PluginManager:220 - loadIPPluginJar : add nvic
2024-07-12 19:10:25,662 [INFO] IPUIPlugin:80 - create IPUIPlugin
2024-07-12 19:10:25,662 [INFO] PluginManager:220 - loadIPPluginJar : add opamp
2024-07-12 19:10:25,729 [INFO] IPUIPlugin:80 - create IPUIPlugin
2024-07-12 19:10:25,729 [INFO] PluginManager:220 - loadIPPluginJar : add openamp
2024-07-12 19:10:25,772 [INFO] IPUIPlugin:80 - create IPUIPlugin
2024-07-12 19:10:25,772 [INFO] PluginManager:220 - loadIPPluginJar : add pdm2pcm
2024-07-12 19:10:25,785 [INFO] IPUIPlugin:80 - create IPUIPlugin
2024-07-12 19:10:25,787 [INFO] PluginManager:220 - loadIPPluginJar : add plateformsettings
2024-07-12 19:10:25,807 [INFO] IPUIPlugin:80 - create IPUIPlugin
2024-07-12 19:10:25,807 [INFO] PluginManager:220 - loadIPPluginJar : add quadspi
2024-07-12 19:10:25,817 [INFO] IPUIPlugin:80 - create IPUIPlugin
2024-07-12 19:10:25,817 [INFO] PluginManager:220 - loadIPPluginJar : add resmgrutility
2024-07-12 19:10:25,874 [INFO] IPUIPlugin:80 - create IPUIPlugin
2024-07-12 19:10:25,874 [INFO] PluginManager:220 - loadIPPluginJar : add sai
2024-07-12 19:10:25,912 [INFO] IPUIPlugin:80 - create IPUIPlugin
2024-07-12 19:10:25,912 [INFO] PluginManager:220 - loadIPPluginJar : add spi
2024-07-12 19:10:25,977 [INFO] IPUIPlugin:80 - create IPUIPlugin
2024-07-12 19:10:25,977 [INFO] PluginManager:220 - loadIPPluginJar : add stm32_wpan
2024-07-12 19:10:25,997 [INFO] IPUIPlugin:80 - create IPUIPlugin
2024-07-12 19:10:25,997 [INFO] PluginManager:220 - loadIPPluginJar : add tim
2024-07-12 19:10:26,059 [INFO] IPUIPlugin:80 - create IPUIPlugin
2024-07-12 19:10:26,060 [INFO] PluginManager:220 - loadIPPluginJar : add touchsensing
2024-07-12 19:10:26,088 [INFO] IPUIPlugin:80 - create IPUIPlugin
2024-07-12 19:10:26,088 [INFO] PluginManager:220 - loadIPPluginJar : add tracer_emb
2024-07-12 19:10:26,113 [INFO] IPUIPlugin:80 - create IPUIPlugin
2024-07-12 19:10:26,113 [INFO] PluginManager:220 - loadIPPluginJar : add ts
2024-07-12 19:10:26,133 [INFO] IPUIPlugin:80 - create IPUIPlugin
2024-07-12 19:10:26,133 [INFO] PluginManager:220 - loadIPPluginJar : add tsc
2024-07-12 19:10:26,160 [INFO] IPUIPlugin:80 - create IPUIPlugin
2024-07-12 19:10:26,160 [INFO] PluginManager:220 - loadIPPluginJar : add ucpd
2024-07-12 19:10:26,206 [INFO] IPUIPlugin:80 - create IPUIPlugin
2024-07-12 19:10:26,206 [INFO] PluginManager:220 - loadIPPluginJar : add usart
2024-07-12 19:10:26,260 [INFO] IPUIPlugin:80 - create IPUIPlugin
2024-07-12 19:10:26,260 [INFO] PluginManager:220 - loadIPPluginJar : add usbx
2024-07-12 19:10:26,392 [INFO] CADModel:165 - CPN selected for project level
2024-07-12 19:10:26,392 [INFO] CADModel:114 - Register for checkConnection events
2024-07-12 19:10:26,393 [FATAL] Updater:308 - Updater called before beeing initialized
2024-07-12 19:10:26,393 [ERROR] CADModel:125 - Updater not yet initialized, retry later 
2024-07-12 19:10:26,573 [INFO] CADModel:165 - CPN selected for project level
2024-07-12 19:10:26,573 [INFO] CADModel:114 - Register for checkConnection events
2024-07-12 19:10:26,573 [FATAL] Updater:308 - Updater called before beeing initialized
2024-07-12 19:10:26,573 [ERROR] CADModel:125 - Updater not yet initialized, retry later 
2024-07-12 19:10:26,577 [FATAL] Updater:308 - Updater called before beeing initialized
2024-07-12 19:10:26,714 [FATAL] Updater:308 - Updater called before beeing initialized
2024-07-12 19:10:26,728 [INFO] DbMcusAds:53 - JSON generation date=Thu May 16 14:52:00 IST 2024 (1715851320852)
2024-07-12 19:10:26,728 [FATAL] Updater:308 - Updater called before beeing initialized
2024-07-12 19:10:26,815 [WARN] DetailPanel:346 - Failed to get advertising image, set to default
2024-07-12 19:10:26,988 [FATAL] Updater:308 - Updater called before beeing initialized
2024-07-12 19:10:26,990 [FATAL] Updater:308 - Updater called before beeing initialized
2024-07-12 19:10:26,990 [FATAL] Updater:308 - Updater called before beeing initialized
2024-07-12 19:10:26,990 [WARN] DetailPanel:346 - Failed to get advertising image, set to default
2024-07-12 19:10:26,992 [FATAL] Updater:308 - Updater called before beeing initialized
2024-07-12 19:10:27,000 [INFO] ThirdPartyUpdaterWithRetryManager:70 - Updater plugin not ready yet. [2/15]
2024-07-12 19:10:27,053 [ERROR] Updater:1120 - MainUpdater not yet initialized. External WinMGr cannot be set.
2024-07-12 19:10:27,062 [INFO] Updater:1056 - Updater Version found : 6.11.1
2024-07-12 19:10:27,079 [INFO] ApplicationProperties:184 - Using Application install path: C:\ST\STM32CubeIDE_1.10.1\STM32CubeIDE\plugins\com.st.stm32cube.common.mx_6.11.1.202404110753
2024-07-12 19:10:28,690 [ERROR] LogOutputStream:75 - [STDERR_REDIRECT] Jul 12, 2024 7:10:28 PM java.util.prefs.WindowsPreferences <init>
2024-07-12 19:10:28,693 [ERROR] LogOutputStream:75 - [STDERR_REDIRECT] WARNING: Could not open/create prefs root node Software\JavaSoft\Prefs at root 0xffffffff80000002. Windows RegCreateKeyEx(...) returned error code 5.
2024-07-12 19:10:28,693 [ERROR] LogOutputStream:75 - [STDERR_REDIRECT] 
2024-07-12 19:10:29,009 [INFO] MainUpdater:2873 - connection check result : 10
2024-07-12 19:10:29,009 [INFO] MainUpdater:3567 - Updater definition file requires update
2024-07-12 19:10:29,010 [INFO] MainUpdater:290 - Updater Check For Update Now.
2024-07-12 19:10:29,010 [INFO] MicroXplorer:498 - Change Database Version : DB.6.0.111
2024-07-12 19:10:29,020 [INFO] McuFinderGlobals:63 - Set McuFinder mode to 2 (CubeIDE integrated)
2024-07-12 19:10:29,020 [INFO] UserAuth:179 - activating auth plugin
2024-07-12 19:10:29,023 [INFO] UserAuth:415 - Internet connection configuration mode: 1
2024-07-12 19:10:29,039 [INFO] JxBrowserEngine:152 - Initiate JxBrowser Engine with user profile folder
2024-07-12 19:10:29,130 [INFO] ServerAccessManage:473 - Download File updaters.zip
2024-07-12 19:10:29,272 [INFO] FileExtend:240 - Unzip File : updaters.zip
2024-07-12 19:10:29,272 [INFO] FileExtend:255 - Standard Zip Deflate
2024-07-12 19:10:29,599 [INFO] ServerAccessManage:473 - Download File PacksControlFlags.xml
2024-07-12 19:10:29,673 [INFO] ServerAccessManage:473 - Download File cubemx.pidx
2024-07-12 19:10:30,002 [WARN] MainUpdater:1194 - Updater busy. Cannot search thirdparties
2024-07-12 19:10:30,002 [INFO] ThirdPartyUpdaterWithRetryManager:96 - Updater plugin is busy. [1/15]
2024-07-12 19:10:30,072 [INFO] ServerAccessManage:473 - Download File STMicroelectronics.X-CUBE-DPOWER.pdsc
2024-07-12 19:10:30,188 [ERROR] ServerAccessManage:1089 - Problem, file not found on Server
2024-07-12 19:10:30,257 [ERROR] ServerAccessManage:1089 - Problem, file not found on Server
2024-07-12 19:10:30,291 [ERROR] ServerAccessManage:1089 - Problem, file not found on Server
2024-07-12 19:10:30,343 [ERROR] ServerAccessManage:1089 - Problem, file not found on Server
2024-07-12 19:10:30,530 [ERROR] ServerAccessManage:1089 - Problem, file not found on Server
2024-07-12 19:10:30,744 [ERROR] ServerAccessManage:1089 - Problem, file not found on Server
2024-07-12 19:10:30,793 [ERROR] ServerAccessManage:1089 - Problem, file not found on Server
2024-07-12 19:10:31,010 [ERROR] ServerAccessManage:1089 - Problem, file not found on Server
2024-07-12 19:10:31,200 [ERROR] ServerAccessManage:1089 - Problem, file not found on Server
2024-07-12 19:10:31,268 [ERROR] ServerAccessManage:1089 - Problem, file not found on Server
2024-07-12 19:10:31,368 [ERROR] ServerAccessManage:1089 - Problem, file not found on Server
2024-07-12 19:10:32,339 [INFO] ServerAccessManage:473 - Download File wolfSSL.I-CUBE-wolfTPM.pdsc
2024-07-12 19:10:32,612 [INFO] WebApp:161 - Instantiating new browser for Auth
2024-07-12 19:10:33,010 [WARN] MainUpdater:1194 - Updater busy. Cannot search thirdparties
2024-07-12 19:10:33,010 [INFO] ThirdPartyUpdaterWithRetryManager:96 - Updater plugin is busy. [2/15]
2024-07-12 19:10:33,030 [INFO] WebApp:779 - Register for checkConnection events
2024-07-12 19:10:33,030 [INFO] WebApp:414 - Apply proxy settings
2024-07-12 19:10:33,030 [INFO] WebApp:499 - Chromium requires no authentication
2024-07-12 19:10:33,036 [INFO] WebApp:442 - Direct internet connection detected
2024-07-12 19:10:33,163 [INFO] WebApp:192 - Starting web application
2024-07-12 19:10:33,163 [INFO] WebApp:544 - Web application path used C:\ST\STM32CubeIDE_1.10.1\STM32CubeIDE\plugins\com.st.stm32cube.common.mx_6.11.1.202404110753\db\plugins\mcufinder\reactClient1\index.html
2024-07-12 19:10:33,211 [INFO] ServerAccessManage:473 - Download File wolfSSL.I-CUBE-wolfSSH.pdsc
2024-07-12 19:10:34,466 [INFO] ServerAccessManage:473 - Download File RealThread.X-CUBE-RT-Thread_Nano.pdsc
2024-07-12 19:10:34,818 [INFO] ServerAccessManage:473 - Download File EmbeddedOffice.I-CUBE-FS-RTOS.pdsc
2024-07-12 19:10:34,972 [WARN] PackLoader:240 - Cannot read IP mode file for STMicroelectronics.X-CUBE-DPower.1.2.0
2024-07-12 19:10:34,975 [WARN] PackLoader:240 - Cannot read IP mode file for wolfSSL.I-CUBE-wolfTPM.3.2.0
2024-07-12 19:10:34,981 [WARN] PackLoader:240 - Cannot read IP mode file for wolfSSL.I-CUBE-wolfSSH.1.4.17
2024-07-12 19:10:34,985 [WARN] PackLoader:240 - Cannot read IP mode file for RealThread.X-CUBE-RT-Thread_Nano.4.1.1
2024-07-12 19:10:34,993 [WARN] PackLoader:240 - Cannot read IP mode file for EmbeddedOffice.I-CUBE-FS-RTOS.1.0.1
2024-07-12 19:10:34,993 [ERROR] ConditionMgr:805 - Attr not supported : Dmpu
2024-07-12 19:10:34,993 [ERROR] ConditionMgr:805 - Attr not supported : Dmpu
2024-07-12 19:10:34,993 [ERROR] ConditionMgr:805 - Attr not supported : Dmpu
2024-07-12 19:10:34,994 [ERROR] ConditionMgr:805 - Attr not supported : Dmpu
2024-07-12 19:10:34,994 [ERROR] ConditionMgr:805 - Attr not supported : Dmpu
2024-07-12 19:10:34,994 [ERROR] ConditionMgr:805 - Attr not supported : Dmpu
2024-07-12 19:10:34,994 [ERROR] ConditionMgr:805 - Attr not supported : Dmpu
2024-07-12 19:10:34,994 [ERROR] ConditionMgr:805 - Attr not supported : Dmpu
2024-07-12 19:10:34,994 [ERROR] ConditionMgr:805 - Attr not supported : Dmpu
2024-07-12 19:10:34,994 [ERROR] ConditionMgr:805 - Attr not supported : Dmpu
2024-07-12 19:10:34,994 [ERROR] ConditionMgr:805 - Attr not supported : Dmpu
2024-07-12 19:10:34,995 [ERROR] ConditionMgr:805 - Attr not supported : Dmpu
2024-07-12 19:10:34,995 [ERROR] ConditionMgr:805 - Attr not supported : Dmpu
2024-07-12 19:10:34,995 [ERROR] ConditionMgr:805 - Attr not supported : Dmpu
2024-07-12 19:10:34,995 [ERROR] ConditionMgr:805 - Attr not supported : Dmpu
2024-07-12 19:10:34,995 [ERROR] ConditionMgr:805 - Attr not supported : Dmpu
2024-07-12 19:10:34,995 [ERROR] ConditionMgr:805 - Attr not supported : Dmpu
2024-07-12 19:10:34,995 [ERROR] ConditionMgr:805 - Attr not supported : Dmpu
2024-07-12 19:10:34,995 [ERROR] ConditionMgr:805 - Attr not supported : Dmpu
2024-07-12 19:10:34,995 [ERROR] ConditionMgr:805 - Attr not supported : Dmpu
2024-07-12 19:10:34,995 [ERROR] ConditionMgr:805 - Attr not supported : Dmpu
2024-07-12 19:10:34,996 [ERROR] ConditionMgr:805 - Attr not supported : Dmpu
2024-07-12 19:10:34,996 [ERROR] ConditionMgr:805 - Attr not supported : Dmpu
2024-07-12 19:10:34,996 [ERROR] ConditionMgr:805 - Attr not supported : Dmpu
2024-07-12 19:10:34,996 [ERROR] ConditionMgr:805 - Attr not supported : Dmpu
2024-07-12 19:10:34,996 [ERROR] ConditionMgr:805 - Attr not supported : Dmpu
2024-07-12 19:10:34,996 [ERROR] ConditionMgr:805 - Attr not supported : Dmpu
2024-07-12 19:10:34,996 [ERROR] ConditionMgr:805 - Attr not supported : Dmpu
2024-07-12 19:10:34,996 [ERROR] ConditionMgr:805 - Attr not supported : Dmpu
2024-07-12 19:10:34,996 [ERROR] ConditionMgr:805 - Attr not supported : Dmpu
2024-07-12 19:10:34,996 [ERROR] ConditionMgr:805 - Attr not supported : Dmpu
2024-07-12 19:10:34,997 [ERROR] ConditionMgr:805 - Attr not supported : Dmpu
2024-07-12 19:10:34,997 [ERROR] ConditionMgr:805 - Attr not supported : Dmpu
2024-07-12 19:10:34,997 [ERROR] ConditionMgr:805 - Attr not supported : Dmpu
2024-07-12 19:10:34,997 [ERROR] ConditionMgr:805 - Attr not supported : Dmpu
2024-07-12 19:10:34,997 [ERROR] ConditionMgr:805 - Attr not supported : Dmpu
2024-07-12 19:10:34,997 [ERROR] ConditionMgr:805 - Attr not supported : Dmpu
2024-07-12 19:10:34,997 [ERROR] ConditionMgr:805 - Attr not supported : Dmpu
2024-07-12 19:10:34,997 [ERROR] ConditionMgr:805 - Attr not supported : Dmpu
2024-07-12 19:10:34,997 [ERROR] ConditionMgr:805 - Attr not supported : Dmpu
2024-07-12 19:10:34,997 [ERROR] ConditionMgr:805 - Attr not supported : Dmpu
2024-07-12 19:10:34,998 [ERROR] ConditionMgr:805 - Attr not supported : Dmpu
2024-07-12 19:10:34,998 [ERROR] ConditionMgr:805 - Attr not supported : Dmpu
2024-07-12 19:10:34,998 [ERROR] ConditionMgr:805 - Attr not supported : Dmpu
2024-07-12 19:10:34,998 [ERROR] ConditionMgr:805 - Attr not supported : Dmpu
2024-07-12 19:10:34,998 [ERROR] ConditionMgr:805 - Attr not supported : Dmpu
2024-07-12 19:10:34,998 [ERROR] ConditionMgr:805 - Attr not supported : Dmpu
2024-07-12 19:10:34,998 [ERROR] ConditionMgr:805 - Attr not supported : Dmpu
2024-07-12 19:10:34,998 [ERROR] ConditionMgr:805 - Attr not supported : Dmpu
2024-07-12 19:10:34,998 [ERROR] ConditionMgr:805 - Attr not supported : Dmpu
2024-07-12 19:10:34,998 [ERROR] ConditionMgr:805 - Attr not supported : Dmpu
2024-07-12 19:10:34,998 [ERROR] ConditionMgr:805 - Attr not supported : Dmpu
2024-07-12 19:10:34,999 [ERROR] ConditionMgr:805 - Attr not supported : Dmpu
2024-07-12 19:10:34,999 [ERROR] ConditionMgr:805 - Attr not supported : Dmpu
2024-07-12 19:10:34,999 [ERROR] ConditionMgr:805 - Attr not supported : Dmpu
2024-07-12 19:10:34,999 [ERROR] ConditionMgr:805 - Attr not supported : Dmpu
2024-07-12 19:10:34,999 [ERROR] ConditionMgr:805 - Attr not supported : Dmpu
2024-07-12 19:10:34,999 [ERROR] ConditionMgr:805 - Attr not supported : Dmpu
2024-07-12 19:10:34,999 [ERROR] ConditionMgr:805 - Attr not supported : Dmpu
2024-07-12 19:10:34,999 [ERROR] ConditionMgr:805 - Attr not supported : Dmpu
2024-07-12 19:10:34,999 [ERROR] ConditionMgr:805 - Attr not supported : Dmpu
2024-07-12 19:10:34,999 [ERROR] ConditionMgr:805 - Attr not supported : Dmpu
2024-07-12 19:10:34,999 [ERROR] ConditionMgr:805 - Attr not supported : Dmpu
2024-07-12 19:10:35,000 [ERROR] ConditionMgr:805 - Attr not supported : Dmpu
2024-07-12 19:10:35,000 [INFO] PopulateThirdPartyThread:66 - Ending populate Thread
2024-07-12 19:10:35,002 [INFO] ThirdParty:1030 - CMSIS Pack Vendor :EmbeddedOffice I-CUBE-FS-RTOS 1.0.1
2024-07-12 19:10:35,002 [INFO] ThirdParty:1030 - CMSIS Pack Vendor :RealThread X-CUBE-RT-Thread_Nano 4.1.1
2024-07-12 19:10:35,002 [INFO] ThirdParty:1030 - CMSIS Pack Vendor :wolfSSL I-CUBE-wolfTPM 3.2.0
2024-07-12 19:10:35,002 [INFO] ThirdParty:1030 - CMSIS Pack Vendor :STMicroelectronics X-CUBE-DPower 1.2.0
2024-07-12 19:10:35,002 [INFO] ThirdParty:1030 - CMSIS Pack Vendor :wolfSSL I-CUBE-wolfSSH 1.4.17
2024-07-12 19:10:35,002 [INFO] LoadServerUpdatesThread:375 - End of LoadServerUpdate Thread
2024-07-12 19:10:35,094 [INFO] CheckServerUpdateThread:120 - End of CheckServer Thread
2024-07-12 19:10:36,136 [WARN] PackLoader:240 - Cannot read IP mode file for STMicroelectronics.FP-SNS-MOTENVWB1.1.4.0
2024-07-12 19:10:36,146 [WARN] PackLoader:240 - Cannot read IP mode file for STMicroelectronics.X-CUBE-SMBUS.2.1.0
2024-07-12 19:10:36,156 [WARN] PackLoader:240 - Cannot read IP mode file for STMicroelectronics.X-CUBE-TOUCHGFX.4.23.1
2024-07-12 19:10:36,164 [WARN] PackLoader:240 - Cannot read IP mode file for STMicroelectronics.X-CUBE-TOUCHGFX.4.23.0
2024-07-12 19:10:36,174 [WARN] PackLoader:240 - Cannot read IP mode file for STMicroelectronics.X-CUBE-TOUCHGFX.4.23.2
2024-07-12 19:10:36,197 [WARN] PackLoader:240 - Cannot read IP mode file for STMicroelectronics.X-CUBE-AZRTOS-F7.1.1.0
2024-07-12 19:10:36,208 [ERROR] RealEvaluatedCondition:428 - Found unsupported composite condition: CLASS='Data Exchange' GROUP='STM32_MetaDataManager'
2024-07-12 19:10:36,208 [ERROR] RealEvaluatedCondition:428 - Found unsupported composite condition: GROUP='STM32_MetaDataManager' CLASS='Data Exchange'
2024-07-12 19:10:36,209 [WARN] PackLoader:240 - Cannot read IP mode file for STMicroelectronics.FP-SNS-MOTENV1.4.3.0
2024-07-12 19:10:36,220 [WARN] PackLoader:240 - Cannot read IP mode file for STMicroelectronics.FP-SNS-MOTENV1.4.3.2
2024-07-12 19:10:36,229 [WARN] PackLoader:240 - Cannot read IP mode file for STMicroelectronics.FP-SNS-FLIGHT1.5.0.0
2024-07-12 19:10:36,237 [ERROR] RealEvaluatedCondition:428 - Found unsupported composite condition: GROUP='STM32_MetaDataManager' CLASS='Data Exchange'
2024-07-12 19:10:36,237 [ERROR] RealEvaluatedCondition:428 - Found unsupported composite condition: CLASS='Data Exchange' GROUP='STM32_MetaDataManager'
2024-07-12 19:10:36,238 [WARN] PackLoader:240 - Cannot read IP mode file for STMicroelectronics.FP-SNS-MOTENV1.4.3.1
2024-07-12 19:10:36,248 [WARN] PackLoader:240 - Cannot read IP mode file for STMicroelectronics.FP-SNS-FLIGHT1.5.0.1
2024-07-12 19:10:36,259 [WARN] PackLoader:240 - Cannot read IP mode file for STMicroelectronics.X-CUBE-BLE1.6.2.3
2024-07-12 19:10:36,268 [WARN] PackLoader:240 - Cannot read IP mode file for STMicroelectronics.X-CUBE-BLE1.6.2.4
2024-07-12 19:10:36,271 [WARN] PackLoader:240 - Cannot read IP mode file for STMicroelectronics.FP-SNS-FLIGHT1.5.0.2
2024-07-12 19:10:36,285 [WARN] PackLoader:240 - Cannot read IP mode file for STMicroelectronics.X-CUBE-TOF1.3.1.0
2024-07-12 19:10:36,298 [WARN] PackLoader:240 - Cannot read IP mode file for STMicroelectronics.X-CUBE-DISPLAY.3.0.0
2024-07-12 19:10:36,311 [WARN] PackLoader:240 - Cannot read IP mode file for STMicroelectronics.X-CUBE-BLE1.7.0.0
2024-07-12 19:10:36,322 [WARN] PackLoader:240 - Cannot read IP mode file for STMicroelectronics.X-CUBE-TOUCHGFX.4.22.0
2024-07-12 19:10:36,354 [WARN] PackLoader:240 - Cannot read IP mode file for STMicroelectronics.X-CUBE-MEMS1.9.3.0
2024-07-12 19:10:36,442 [WARN] PackLoader:240 - Cannot read IP mode file for STMicroelectronics.X-CUBE-AI.7.2.0
2024-07-12 19:10:36,455 [WARN] PackLoader:240 - Cannot read IP mode file for STMicroelectronics.X-CUBE-BLEMGR.3.1.0
2024-07-12 19:10:36,468 [WARN] PackLoader:240 - Cannot read IP mode file for STMicroelectronics.FP-SNS-SMARTAG2.1.2.0
2024-07-12 19:10:36,487 [INFO] LogOutputStream:77 - [STDOUT_REDIRECT] 1 : Invalid condition id : UX_CORESTACK_Condition cause : null
2024-07-12 19:10:36,488 [INFO] LogOutputStream:77 - [STDOUT_REDIRECT] 1 : Invalid condition id : UX_CORESTACK_Condition cause : null
2024-07-12 19:10:36,488 [INFO] LogOutputStream:77 - [STDOUT_REDIRECT] 1 : Invalid condition id : UX_CORESTACK_Condition cause : null
2024-07-12 19:10:36,489 [INFO] LogOutputStream:77 - [STDOUT_REDIRECT] 1 : Invalid condition id : UX_CORESTACK_Condition cause : null
2024-07-12 19:10:36,490 [INFO] LogOutputStream:77 - [STDOUT_REDIRECT] 1 : Invalid condition id : UX_CORESTACK_Condition cause : null
2024-07-12 19:10:36,494 [WARN] PackLoader:240 - Cannot read IP mode file for STMicroelectronics.X-CUBE-AZRTOS-WL.2.0.0
2024-07-12 19:10:36,507 [WARN] PackLoader:240 - Cannot read IP mode file for STMicroelectronics.FP-SNS-MOTENV1.5.0.0
2024-07-12 19:10:36,512 [WARN] PackLoader:240 - Cannot read IP mode file for wolfSSL.I-CUBE-wolfMQTT.1.19.0
2024-07-12 19:10:36,524 [WARN] PackLoader:240 - Cannot read IP mode file for WES.I-CUBE-Cesium.1.3.0
2024-07-12 19:10:36,534 [WARN] PackLoader:240 - Cannot read IP mode file for STMicroelectronics.X-CUBE-BLE2.3.3.0
2024-07-12 19:10:36,546 [WARN] PackLoader:240 - Cannot read IP mode file for STMicroelectronics.X-CUBE-DISPLAY.2.2.0
2024-07-12 19:10:36,563 [WARN] PackLoader:240 - Cannot read IP mode file for STMicroelectronics.X-CUBE-TOF1.3.2.0
2024-07-12 19:10:36,579 [WARN] PackLoader:240 - Cannot read IP mode file for STMicroelectronics.X-CUBE-ISPU.1.0.0
2024-07-12 19:10:36,602 [WARN] PackLoader:240 - Cannot read IP mode file for STMicroelectronics.X-CUBE-AZRTOS-H7.2.1.0
2024-07-12 19:10:36,616 [WARN] PackLoader:240 - Cannot read IP mode file for STMicroelectronics.X-CUBE-TCPP.4.1.0
2024-07-12 19:10:36,628 [WARN] PackLoader:240 - Cannot read IP mode file for STMicroelectronics.X-CUBE-TOUCHGFX.4.21.1
2024-07-12 19:10:36,638 [WARN] PackLoader:240 - Cannot read IP mode file for STMicroelectronics.X-CUBE-TOUCHGFX.4.21.3
2024-07-12 19:10:36,649 [WARN] PackLoader:240 - Cannot read IP mode file for STMicroelectronics.X-CUBE-TOUCHGFX.4.21.4
2024-07-12 19:10:36,680 [WARN] PackLoader:240 - Cannot read IP mode file for STMicroelectronics.X-CUBE-MEMS1.9.4.0
2024-07-12 19:10:36,798 [WARN] PackLoader:240 - Cannot read IP mode file for STMicroelectronics.X-CUBE-AI.7.3.0
2024-07-12 19:10:36,813 [WARN] PackLoader:240 - Cannot read IP mode file for STMicroelectronics.X-CUBE-ALGOBUILD.1.3.0
2024-07-12 19:10:36,836 [WARN] PackLoader:240 - Cannot read IP mode file for STMicroelectronics.X-CUBE-AZRTOS-G0.1.1.0
2024-07-12 19:10:36,853 [WARN] PackLoader:240 - Cannot read IP mode file for STMicroelectronics.X-CUBE-SAFEA1.1.2.2
2024-07-12 19:10:36,866 [WARN] PackLoader:240 - Cannot read IP mode file for STMicroelectronics.X-CUBE-NFC4.3.0.0
2024-07-12 19:10:36,899 [WARN] PackLoader:240 - Cannot read IP mode file for SEGGER.I-CUBE-embOS.1.2.0
2024-07-12 19:10:36,920 [WARN] PackLoader:240 - Cannot read IP mode file for EmbeddedOffice.I-CUBE-FS-RTOS.1.0.1
2024-07-12 19:10:36,920 [ERROR] ConditionMgr:805 - Attr not supported : Dmpu
2024-07-12 19:10:36,920 [ERROR] ConditionMgr:805 - Attr not supported : Dmpu
2024-07-12 19:10:36,920 [ERROR] ConditionMgr:805 - Attr not supported : Dmpu
2024-07-12 19:10:36,920 [ERROR] ConditionMgr:805 - Attr not supported : Dmpu
2024-07-12 19:10:36,920 [ERROR] ConditionMgr:805 - Attr not supported : Dmpu
2024-07-12 19:10:36,920 [ERROR] ConditionMgr:805 - Attr not supported : Dmpu
2024-07-12 19:10:36,920 [ERROR] ConditionMgr:805 - Attr not supported : Dmpu
2024-07-12 19:10:36,920 [ERROR] ConditionMgr:805 - Attr not supported : Dmpu
2024-07-12 19:10:36,920 [ERROR] ConditionMgr:805 - Attr not supported : Dmpu
2024-07-12 19:10:36,920 [ERROR] ConditionMgr:805 - Attr not supported : Dmpu
2024-07-12 19:10:36,920 [ERROR] ConditionMgr:805 - Attr not supported : Dmpu
2024-07-12 19:10:36,920 [ERROR] ConditionMgr:805 - Attr not supported : Dmpu
2024-07-12 19:10:36,920 [ERROR] ConditionMgr:805 - Attr not supported : Dmpu
2024-07-12 19:10:36,920 [ERROR] ConditionMgr:805 - Attr not supported : Dmpu
2024-07-12 19:10:36,920 [ERROR] ConditionMgr:805 - Attr not supported : Dmpu
2024-07-12 19:10:36,920 [ERROR] ConditionMgr:805 - Attr not supported : Dmpu
2024-07-12 19:10:36,920 [ERROR] ConditionMgr:805 - Attr not supported : Dmpu
2024-07-12 19:10:36,920 [ERROR] ConditionMgr:805 - Attr not supported : Dmpu
2024-07-12 19:10:36,920 [ERROR] ConditionMgr:805 - Attr not supported : Dmpu
2024-07-12 19:10:36,920 [ERROR] ConditionMgr:805 - Attr not supported : Dmpu
2024-07-12 19:10:36,920 [ERROR] ConditionMgr:805 - Attr not supported : Dmpu
2024-07-12 19:10:36,920 [ERROR] ConditionMgr:805 - Attr not supported : Dmpu
2024-07-12 19:10:36,920 [ERROR] ConditionMgr:805 - Attr not supported : Dmpu
2024-07-12 19:10:36,921 [ERROR] ConditionMgr:805 - Attr not supported : Dmpu
2024-07-12 19:10:36,921 [ERROR] ConditionMgr:805 - Attr not supported : Dmpu
2024-07-12 19:10:36,921 [ERROR] ConditionMgr:805 - Attr not supported : Dmpu
2024-07-12 19:10:36,921 [ERROR] ConditionMgr:805 - Attr not supported : Dmpu
2024-07-12 19:10:36,921 [ERROR] ConditionMgr:805 - Attr not supported : Dmpu
2024-07-12 19:10:36,921 [ERROR] ConditionMgr:805 - Attr not supported : Dmpu
2024-07-12 19:10:36,921 [ERROR] ConditionMgr:805 - Attr not supported : Dmpu
2024-07-12 19:10:36,921 [ERROR] ConditionMgr:805 - Attr not supported : Dmpu
2024-07-12 19:10:36,921 [ERROR] ConditionMgr:805 - Attr not supported : Dmpu
2024-07-12 19:10:36,921 [ERROR] ConditionMgr:805 - Attr not supported : Dmpu
2024-07-12 19:10:36,921 [ERROR] ConditionMgr:805 - Attr not supported : Dmpu
2024-07-12 19:10:36,921 [ERROR] ConditionMgr:805 - Attr not supported : Dmpu
2024-07-12 19:10:36,921 [ERROR] ConditionMgr:805 - Attr not supported : Dmpu
2024-07-12 19:10:36,921 [ERROR] ConditionMgr:805 - Attr not supported : Dmpu
2024-07-12 19:10:36,921 [ERROR] ConditionMgr:805 - Attr not supported : Dmpu
2024-07-12 19:10:36,921 [ERROR] ConditionMgr:805 - Attr not supported : Dmpu
2024-07-12 19:10:36,921 [ERROR] ConditionMgr:805 - Attr not supported : Dmpu
2024-07-12 19:10:36,921 [ERROR] ConditionMgr:805 - Attr not supported : Dmpu
2024-07-12 19:10:36,921 [ERROR] ConditionMgr:805 - Attr not supported : Dmpu
2024-07-12 19:10:36,921 [ERROR] ConditionMgr:805 - Attr not supported : Dmpu
2024-07-12 19:10:36,921 [ERROR] ConditionMgr:805 - Attr not supported : Dmpu
2024-07-12 19:10:36,921 [ERROR] ConditionMgr:805 - Attr not supported : Dmpu
2024-07-12 19:10:36,921 [ERROR] ConditionMgr:805 - Attr not supported : Dmpu
2024-07-12 19:10:36,921 [ERROR] ConditionMgr:805 - Attr not supported : Dmpu
2024-07-12 19:10:36,921 [ERROR] ConditionMgr:805 - Attr not supported : Dmpu
2024-07-12 19:10:36,921 [ERROR] ConditionMgr:805 - Attr not supported : Dmpu
2024-07-12 19:10:36,921 [ERROR] ConditionMgr:805 - Attr not supported : Dmpu
2024-07-12 19:10:36,921 [ERROR] ConditionMgr:805 - Attr not supported : Dmpu
2024-07-12 19:10:36,922 [ERROR] ConditionMgr:805 - Attr not supported : Dmpu
2024-07-12 19:10:36,922 [ERROR] ConditionMgr:805 - Attr not supported : Dmpu
2024-07-12 19:10:36,922 [ERROR] ConditionMgr:805 - Attr not supported : Dmpu
2024-07-12 19:10:36,922 [ERROR] ConditionMgr:805 - Attr not supported : Dmpu
2024-07-12 19:10:36,922 [ERROR] ConditionMgr:805 - Attr not supported : Dmpu
2024-07-12 19:10:36,922 [ERROR] ConditionMgr:805 - Attr not supported : Dmpu
2024-07-12 19:10:36,922 [ERROR] ConditionMgr:805 - Attr not supported : Dmpu
2024-07-12 19:10:36,922 [ERROR] ConditionMgr:805 - Attr not supported : Dmpu
2024-07-12 19:10:36,922 [ERROR] ConditionMgr:805 - Attr not supported : Dmpu
2024-07-12 19:10:36,922 [ERROR] ConditionMgr:805 - Attr not supported : Dmpu
2024-07-12 19:10:36,922 [ERROR] ConditionMgr:805 - Attr not supported : Dmpu
2024-07-12 19:10:36,922 [ERROR] ConditionMgr:805 - Attr not supported : Dmpu
2024-07-12 19:10:36,922 [ERROR] ConditionMgr:805 - Attr not supported : Dmpu
2024-07-12 19:10:36,935 [WARN] PackLoader:240 - Cannot read IP mode file for STMicroelectronics.X-CUBE-BLEMGR.3.0.0
2024-07-12 19:10:36,947 [WARN] PackLoader:240 - Cannot read IP mode file for STMicroelectronics.X-CUBE-BLEMGR.1.3.0
2024-07-12 19:10:36,951 [WARN] PackLoader:240 - Cannot read IP mode file for RealThread.X-CUBE-RT-Thread_Nano.4.1.1
2024-07-12 19:10:36,955 [WARN] PackLoader:240 - Cannot read IP mode file for STMicroelectronics.FP-ATR-SIGFOX1.3.2.0
2024-07-12 19:10:36,965 [WARN] PackLoader:240 - Cannot read IP mode file for STMicroelectronics.X-CUBE-EEPRMA1.5.1.0
2024-07-12 19:10:36,979 [WARN] PackLoader:240 - Cannot read IP mode file for emotas.I-CUBE-CANOPEN.1.1.2
2024-07-12 19:10:36,989 [WARN] PackLoader:240 - Cannot read IP mode file for STMicroelectronics.X-CUBE-TOUCHGFX.4.20.0
2024-07-12 19:10:37,021 [WARN] PackLoader:240 - Cannot read IP mode file for STMicroelectronics.X-CUBE-MEMS1.9.5.0
2024-07-12 19:10:37,115 [WARN] PackLoader:240 - Cannot read IP mode file for SEGGER.I-CUBE-embOS.1.3.1
2024-07-12 19:10:37,142 [WARN] PackLoader:240 - Cannot read IP mode file for STMicroelectronics.X-CUBE-ALGOBUILD.1.4.0
2024-07-12 19:10:37,154 [WARN] PackLoader:240 - Cannot read IP mode file for STMicroelectronics.X-CUBE-GNSS1.6.0.0
2024-07-12 19:10:37,178 [WARN] PackLoader:240 - Cannot read IP mode file for STMicroelectronics.X-CUBE-AZRTOS-F4.1.1.0
2024-07-12 19:10:37,194 [WARN] PackLoader:240 - Cannot read IP mode file for STMicroelectronics.X-CUBE-FREERTOS.1.2.0
2024-07-12 19:10:37,207 [WARN] PackLoader:240 - Cannot read IP mode file for STMicroelectronics.X-CUBE-BLEMGR.1.2.0
2024-07-12 19:10:37,230 [WARN] PackLoader:240 - Cannot read IP mode file for STMicroelectronics.X-CUBE-AZRTOS-L5.2.0.0
2024-07-12 19:10:37,263 [WARN] PackLoader:240 - Cannot read IP mode file for STMicroelectronics.X-CUBE-MEMS1.9.6.0
2024-07-12 19:10:37,350 [WARN] PackLoader:240 - Cannot read IP mode file for STMicroelectronics.X-CUBE-EEPRMA1.4.2.0
2024-07-12 19:10:37,368 [WARN] PackLoader:240 - Cannot read IP mode file for STMicroelectronics.X-CUBE-NFC6.3.1.0
2024-07-12 19:10:37,392 [WARN] PackLoader:240 - Cannot read IP mode file for ITTIA_DB.I-CUBE-ITTIADB.8.8.0
2024-07-12 19:10:37,410 [WARN] PackLoader:240 - Cannot read IP mode file for STMicroelectronics.X-CUBE-BLEMGR.2.0.0
2024-07-12 19:10:37,415 [WARN] PackLoader:240 - Cannot read IP mode file for STMicroelectronics.X-CUBE-DPower.1.2.0
2024-07-12 19:10:37,426 [WARN] PackLoader:240 - Cannot read IP mode file for STMicroelectronics.X-CUBE-NFC4.2.0.4
2024-07-12 19:10:37,439 [WARN] PackLoader:240 - Cannot read IP mode file for STMicroelectronics.X-CUBE-AI.9.0.0
2024-07-12 19:10:37,462 [WARN] ConditionMgr:438 - getConditionDescription Invalid condition id : UX DEVICE CLASS RTOS Condition cause : null
2024-07-12 19:10:37,462 [WARN] ConditionMgr:438 - getConditionDescription Invalid condition id : UX DEVICE CLASS RTOS Condition cause : null
2024-07-12 19:10:37,464 [WARN] PackLoader:240 - Cannot read IP mode file for STMicroelectronics.X-CUBE-AZRTOS-H7.3.1.0
2024-07-12 19:10:37,465 [WARN] ConditionMgr:1039 - genDependencies : Invalid condition id : UX DEVICE CLASS RTOS Condition cause : null
2024-07-12 19:10:37,465 [WARN] ConditionMgr:1039 - genDependencies : Invalid condition id : UX DEVICE CLASS RTOS Condition cause : null
2024-07-12 19:10:37,465 [WARN] ConditionMgr:1039 - genDependencies : Invalid condition id : UX DEVICE CLASS RTOS Condition cause : null
2024-07-12 19:10:37,466 [WARN] ConditionMgr:1039 - genDependencies : Invalid condition id : UX DEVICE CLASS RTOS Condition cause : null
2024-07-12 19:10:37,466 [WARN] ConditionMgr:1039 - genDependencies : Invalid condition id : UX DEVICE CLASS RTOS Condition cause : null
2024-07-12 19:10:37,478 [WARN] PackLoader:240 - Cannot read IP mode file for wolfSSL.I-CUBE-wolfSSL.5.5.0
2024-07-12 19:10:37,488 [WARN] PackLoader:240 - Cannot read IP mode file for STMicroelectronics.X-CUBE-NFC7.1.0.1
2024-07-12 19:10:37,500 [WARN] PackLoader:240 - Cannot read IP mode file for STMicroelectronics.X-CUBE-NFC7.1.0.0
2024-07-12 19:10:37,502 [WARN] PackLoader:240 - Cannot read IP mode file for wolfSSL.I-CUBE-wolfTPM.3.2.0
2024-07-12 19:10:37,516 [WARN] PackLoader:240 - Cannot read IP mode file for STMicroelectronics.X-CUBE-NFC6.3.0.0
2024-07-12 19:10:37,527 [WARN] PackLoader:240 - Cannot read IP mode file for STMicroelectronics.X-CUBE-EEPRMA1.4.1.0
2024-07-12 19:10:37,536 [WARN] PackLoader:240 - Cannot read IP mode file for STMicroelectronics.X-CUBE-AI.8.1.0
2024-07-12 19:10:37,557 [WARN] ConditionMgr:438 - getConditionDescription Invalid condition id : LAN8742 Phy interface Condition cause : null
2024-07-12 19:10:37,557 [WARN] PackLoader:240 - Cannot read IP mode file for STMicroelectronics.X-CUBE-AZRTOS-L4.2.0.0
2024-07-12 19:10:37,558 [WARN] ConditionMgr:1039 - genDependencies : Invalid condition id : LAN8742 Phy interface Condition cause : null
2024-07-12 19:10:37,558 [WARN] ConditionMgr:1039 - genDependencies : Invalid condition id : LAN8742 Phy interface Condition cause : null
2024-07-12 19:10:37,558 [WARN] ConditionMgr:1039 - genDependencies : Invalid condition id : LAN8742 Phy interface Condition cause : null
2024-07-12 19:10:37,570 [WARN] PackLoader:240 - Cannot read IP mode file for STMicroelectronics.X-CUBE-SFXS2LP1.4.0.0
2024-07-12 19:10:37,592 [WARN] PackLoader:240 - Cannot read IP mode file for STMicroelectronics.X-CUBE-AZRTOS-H7.3.0.0
2024-07-12 19:10:37,603 [WARN] PackLoader:240 - Cannot read IP mode file for STMicroelectronics.X-CUBE-ISPU.1.1.0
2024-07-12 19:10:37,614 [WARN] PackLoader:240 - Cannot read IP mode file for RoweBots.I-CUBE-UNISONRTOS.5.5.0-4
2024-07-12 19:10:37,623 [WARN] PackLoader:240 - Cannot read IP mode file for STMicroelectronics.X-CUBE-AI.8.0.0
2024-07-12 19:10:37,640 [WARN] ConditionMgr:438 - getConditionDescription Invalid condition id : UX DEVICE CLASS RTOS Condition cause : null
2024-07-12 19:10:37,640 [WARN] ConditionMgr:438 - getConditionDescription Invalid condition id : UX DEVICE CLASS RTOS Condition cause : null
2024-07-12 19:10:37,641 [WARN] PackLoader:240 - Cannot read IP mode file for STMicroelectronics.X-CUBE-AZRTOS-WB.2.0.0
2024-07-12 19:10:37,642 [WARN] ConditionMgr:1039 - genDependencies : Invalid condition id : UX DEVICE CLASS RTOS Condition cause : null
2024-07-12 19:10:37,642 [WARN] ConditionMgr:1039 - genDependencies : Invalid condition id : UX DEVICE CLASS RTOS Condition cause : null
2024-07-12 19:10:37,642 [WARN] ConditionMgr:1039 - genDependencies : Invalid condition id : UX DEVICE CLASS RTOS Condition cause : null
2024-07-12 19:10:37,642 [WARN] ConditionMgr:1039 - genDependencies : Invalid condition id : UX DEVICE CLASS RTOS Condition cause : null
2024-07-12 19:10:37,642 [WARN] ConditionMgr:1039 - genDependencies : Invalid condition id : UX DEVICE CLASS RTOS Condition cause : null
2024-07-12 19:10:37,653 [WARN] PackLoader:240 - Cannot read IP mode file for STMicroelectronics.X-CUBE-FREERTOS.1.0.0
2024-07-12 19:10:37,662 [WARN] PackLoader:240 - Cannot read IP mode file for STMicroelectronics.X-CUBE-FREERTOS.1.0.1
2024-07-12 19:10:37,676 [WARN] PackLoader:240 - Cannot read IP mode file for STMicroelectronics.X-CUBE-BLEMGR.1.0.0
2024-07-12 19:10:37,696 [WARN] PackLoader:240 - Cannot read IP mode file for STMicroelectronics.X-CUBE-AZRTOS-L5.1.1.0
2024-07-12 19:10:37,707 [WARN] PackLoader:240 - Cannot read IP mode file for STMicroelectronics.X-CUBE-AI.8.0.1
2024-07-12 19:10:37,719 [WARN] PackLoader:240 - Cannot read IP mode file for STMicroelectronics.X-CUBE-SUBG2.5.0.0
2024-07-12 19:10:37,733 [WARN] PackLoader:240 - Cannot read IP mode file for STMicroelectronics.X-CUBE-TOF1.3.3.1
2024-07-12 19:10:37,749 [WARN] PackLoader:240 - Cannot read IP mode file for STMicroelectronics.X-CUBE-AZRTOS-G4.2.0.0
2024-07-12 19:10:37,761 [WARN] PackLoader:240 - Cannot read IP mode file for STMicroelectronics.X-CUBE-TOF1.3.3.0
2024-07-12 19:10:37,770 [WARN] PackLoader:240 - Cannot read IP mode file for STMicroelectronics.FP-ATR-ASTRA1.1.1.1
2024-07-12 19:10:37,782 [WARN] PackLoader:240 - Cannot read IP mode file for Infineon.AIROC-Wi-Fi-Bluetooth-STM32.1.5.1
2024-07-12 19:10:37,791 [WARN] PackLoader:240 - Cannot read IP mode file for STMicroelectronics.FP-SNS-MOTENVWB1.1.3.1
2024-07-12 19:10:37,808 [WARN] PackLoader:240 - Cannot read IP mode file for STMicroelectronics.X-CUBE-AZRTOS-G4.1.0.0
2024-07-12 19:10:37,825 [WARN] PackLoader:240 - Cannot read IP mode file for STMicroelectronics.X-CUBE-AZRTOS-L4.1.0.0
2024-07-12 19:10:37,836 [WARN] PackLoader:240 - Cannot read IP mode file for STMicroelectronics.X-CUBE-ISPU.2.0.0
2024-07-12 19:10:37,845 [WARN] PackLoader:240 - Cannot read IP mode file for STMicroelectronics.X-CUBE-ALS.1.0.2
2024-07-12 19:10:37,870 [WARN] PackLoader:240 - Cannot read IP mode file for STMicroelectronics.X-CUBE-MEMS1.10.0.0
2024-07-12 19:10:37,918 [WARN] PackLoader:240 - Cannot read IP mode file for STMicroelectronics.X-CUBE-FREERTOS.1.1.0
2024-07-12 19:10:37,927 [WARN] PackLoader:240 - Cannot read IP mode file for STMicroelectronics.X-CUBE-TOUCHGFX.4.24.0
2024-07-12 19:10:37,939 [WARN] PackLoader:240 - Cannot read IP mode file for STMicroelectronics.X-CUBE-AZRTOS-WL.1.0.0
2024-07-12 19:10:37,949 [WARN] PackLoader:240 - Cannot read IP mode file for portGmbH.I-Cube-SoM-uGOAL.1.1.0
2024-07-12 19:10:37,957 [WARN] PackLoader:240 - Cannot read IP mode file for STMicroelectronics.X-CUBE-ALS.1.0.1
2024-07-12 19:10:37,970 [WARN] PackLoader:240 - Cannot read IP mode file for STMicroelectronics.X-CUBE-AZRTOS-WB.1.1.0
2024-07-12 19:10:37,988 [WARN] PackLoader:240 - Cannot read IP mode file for STMicroelectronics.X-CUBE-AZRTOS-L5.1.0.0
2024-07-12 19:10:37,996 [WARN] PackLoader:240 - Cannot read IP mode file for STMicroelectronics.X-CUBE-EEPRMA1.3.1.1
2024-07-12 19:10:38,013 [WARN] PackLoader:240 - Cannot read IP mode file for STMicroelectronics.X-CUBE-AZRTOS-H7RS.1.0.0
2024-07-12 19:10:38,016 [WARN] PackLoader:240 - Cannot read IP mode file for STMicroelectronics.FP-ATR-ASTRA1.2.0.0
2024-07-12 19:10:38,028 [WARN] PackLoader:240 - Cannot read IP mode file for STMicroelectronics.X-CUBE-TOF1.3.4.0
2024-07-12 19:10:38,043 [WARN] PackLoader:240 - Cannot read IP mode file for STMicroelectronics.X-CUBE-TOF1.3.4.1
2024-07-12 19:10:38,062 [WARN] PackLoader:240 - Cannot read IP mode file for STMicroelectronics.X-CUBE-AZRTOS-H7.3.2.0
2024-07-12 19:10:38,065 [WARN] PackLoader:240 - Cannot read IP mode file for wolfSSL.I-CUBE-wolfSSH.1.4.17
2024-07-12 19:10:38,065 [INFO] ThirdParty:978 - Integrity check success = true
2024-07-12 19:10:38,065 [INFO] IntegrityCheckThread:100 - exiting critical section [integrity check]
2024-07-12 19:10:38,065 [INFO] IntegrityCheckThread:103 - End integrity checks thread
2024-07-12 19:13:19,654 [INFO] McuFinderGlobals:63 - Set McuFinder mode to 2 (CubeIDE integrated)
2024-07-12 19:13:19,670 [INFO] MainUpdater:2873 - connection check result : 10
2024-07-12 19:13:19,685 [INFO] McuFinderGlobals:76 - Set McuFinderConnectedMode to true
2024-07-12 19:13:19,967 [INFO] ServerAccessManage:473 - Download File mcusAds.json._tmp_
2024-07-12 19:13:20,075 [INFO] LoadUrlFilesThread:156 - End of LoadUrlFiles Thread
2024-07-12 19:13:20,305 [INFO] ServerAccessManage:473 - Download File cube-finder-db.zip
2024-07-12 19:13:39,497 [INFO] FileExtend:240 - Unzip File : cube-finder-db.zip
2024-07-12 19:13:39,497 [INFO] FileExtend:255 - Standard Zip Deflate
2024-07-12 19:13:40,083 [INFO] LoadUrlFilesThread:156 - End of LoadUrlFiles Thread
2024-07-12 19:13:40,245 [INFO] ServerAccessManage:473 - Download File crdb.zip
2024-07-12 19:13:40,648 [INFO] FileExtend:240 - Unzip File : crdb.zip
2024-07-12 19:13:40,648 [INFO] FileExtend:255 - Standard Zip Deflate
2024-07-12 19:13:40,769 [INFO] LoadUrlFilesThread:156 - End of LoadUrlFiles Thread
2024-07-12 19:13:40,956 [INFO] ServerAccessManage:473 - Download File tutoVideoDB.zip
2024-07-12 19:13:41,015 [INFO] FileExtend:240 - Unzip File : tutoVideoDB.zip
2024-07-12 19:13:41,015 [INFO] FileExtend:255 - Standard Zip Deflate
2024-07-12 19:13:41,127 [INFO] LoadUrlFilesThread:156 - End of LoadUrlFiles Thread
2024-07-12 19:13:41,129 [WARN] DbFile:41 - Overriding database path with different value: C:\Users\saksh\.stmcufinder\plugins\mcufinder/ => C:\Users\saksh\.stmcufinder\plugins\mcufinder
2024-07-12 19:13:41,275 [INFO] ServerAccessManage:473 - Download File api_config.json
2024-07-12 19:13:41,383 [INFO] LoadUrlFilesThread:156 - End of LoadUrlFiles Thread
2024-07-12 19:13:41,385 [INFO] DbMcusAds:53 - JSON generation date=Thu May 16 14:52:00 IST 2024 (1715851320667)
2024-07-12 19:13:41,393 [INFO] LoadUrlFilesThread:185 - End of LoadServerUrlFiles without Thread
2024-07-12 19:13:41,393 [INFO] TargetSelectorAdapter:259 - Refresh data is successful
2024-07-12 19:13:41,475 [INFO] ApiDb:581 - Connected to CubeFinder SQLite database (C:\Users\saksh\.stmcufinder\plugins\mcufinder\mcu\cube-finder-db.db)
2024-07-12 19:13:41,514 [INFO] ApiDb:668 - CubeFinder database Data Model version=2.1
2024-07-12 19:13:41,514 [INFO] ApiDb:669 - CubeFinder database Configuration version=3.0.39
2024-07-12 19:13:41,514 [INFO] ApiDb:670 - CubeFinder database generation date=2024-06-20 (1718880634)
2024-07-12 19:13:41,514 [INFO] ApiDb:671 - CubeFinder database FW Pack versions=[FP-ATR-ASTRA1_V2.0.0, FP-SNS-FLIGHT1_V5.0.2, FP-SNS-MOTENV1_V5.0.0, FP-SNS-MOTENVWB1_V1.4.0, FP-SNS-SMARTAG2_V1.2.0, STM32Cube_FW_C0_V1.2.0, STM32Cube_FW_F4_V1.28.0, STM32Cube_FW_F7_V1.17.2, STM32Cube_FW_G0_V1.6.2, STM32Cube_FW_G4_V1.6.0, STM32Cube_FW_H5_V1.3.0, STM32Cube_FW_H7RS_V1.1.0, STM32Cube_FW_H7_V1.11.2, STM32Cube_FW_L0_V1.12.2, STM32Cube_FW_L5_V1.5.1, STM32Cube_FW_U0_V1.1.0, STM32Cube_FW_U5_V1.6.0, STM32Cube_FW_WB0_V1.0.0, STM32Cube_FW_WBA_V1.4.0, STM32Cube_FW_WB_V1.20.0, STM32Cube_FW_WL_V1.3.0, X-CUBE-ALGOBUILD_V1.4.0, X-CUBE-ALS_V1.0.2, X-CUBE-AZRTOS-F4_V1.1.0, X-CUBE-AZRTOS-F7_V1.1.0, X-CUBE-AZRTOS-G0_V1.1.0, X-CUBE-AZRTOS-G4_V2.0.0, X-CUBE-AZRTOS-H7RS_V1.0.0, X-CUBE-AZRTOS-H7_V3.2.0, X-CUBE-AZRTOS-L4_V2.0.0, X-CUBE-AZRTOS-L5_V1.1.0, X-CUBE-AZRTOS-WB_V2.0.0, X-CUBE-AZRTOS-WL_V2.0.0, X-CUBE-BLE1_V7.0.0, X-CUBE-BLE2_V3.3.0, X-CUBE-BLEMGR_V3.1.0, X-CUBE-EEPRMA1_V5.1.0, X-CUBE-FREERTOS_V1.2.0, X-CUBE-GNSS1_V6.0.0, X-CUBE-MEMS1_V10.0.0, X-CUBE-NFC4_V3.0.0, X-CUBE-NFC7_V1.0.1, X-CUBE-SFXS2LP1_V4.0.0, X-CUBE-SUBG2_V5.0.0, X-CUBE-TOF1_V3.4.1]
2024-07-12 19:13:42,830 [INFO] ApiDb:240 - Found 483 in-development CPN: [B-G473E-ZEST1S, B-WB1M-WPAN1, B-WL5M-SUBG1, NUCLEO-C031C6, NUCLEO-H503RB, NUCLEO-H533RE, NUCLEO-H563ZI, NUCLEO-H7S3L8, NUCLEO-U031R8, NUCLEO-U083RC, NUCLEO-U545RE-Q, NUCLEO-U5A5ZJ-Q, NUCLEO-WBA52CG, NUCLEO-WBA55CG, STEVAL-PROTEUS1, STEVAL-SMARTAG2, STEVAL-STWINBX1, STM320518-EVAL, STM32C0116-DK, STM32C011D6Y3TR, STM32C011D6Y6TR, STM32C011F4P3, STM32C011F4P6, STM32C011F4U3, STM32C011F4U6TR, STM32C011F6P3, STM32C011F6P6, STM32C011F6U3, STM32C011F6U6TR, STM32C011J4M3, STM32C011J4M6, STM32C011J6M3, STM32C011J6M6, STM32C0316-DK, STM32C031C4T3, STM32C031C4T6, STM32C031C4U3, STM32C031C4U6, STM32C031C6T3, STM32C031C6T6, STM32C031C6U3, STM32C031C6U6, STM32C031F4P3, STM32C031F4P6, STM32C031F6P3, STM32C031F6P6, STM32C031G4U3, STM32C031G4U6, STM32C031G6U3, STM32C031G6U6, STM32C031K4T3, STM32C031K4T6, STM32C031K4U3, STM32C031K4U6, STM32C031K6T3, STM32C031K6T6, STM32C031K6U3, STM32C031K6U6, STM32G071K8TXN, STM32G071K8UXN, STM32G081GBU6N, STM32G081KBT6N, STM32G081KBUXN, STM32G0B1CCT6N, STM32G0B1KCT6, STM32G0B1NEY6TR, STM32G0B1RCT6N, STM32G0C1CCT6, STM32G0C1CCT6N, STM32G0C1CCU6N, STM32G0C1CET6N, STM32G0C1CEU6N, STM32G0C1KCT6, STM32G0C1NEY6TR, STM32G0C1RCI6N, STM32G0C1RCT6N, STM32G0C1REI6N, STM32G0C1RET6N, STM32G0C1VCI6, STM32G0C1VEI6, STM32G471CCT6, STM32G471CCU6, STM32G471CET3, STM32G471CET6, STM32G471CEU3, STM32G471CEU6, STM32G471MCT6, STM32G471MET3, STM32G471MET6, STM32G471MEY6TR, STM32G471QCT6, STM32G471QET3, STM32G471RCT6, STM32G471RET3, STM32G471RET6, STM32G471VCH6, STM32G471VCI6, STM32G471VCT6, STM32G471VEH3, STM32G471VEH6, STM32G471VEI3, STM32G471VEI6, STM32G471VET3, STM32G471VET6, STM32G474CCT6, STM32H503CBT6, STM32H503CBU6, STM32H503EBY6TR, STM32H503KBU6, STM32H503RBT6, STM32H523CCT6, STM32H523CCU6, STM32H523CET6, STM32H523CEU6, STM32H523HEY6TR, STM32H523RCT6, STM32H523RET6, STM32H523VCI6, STM32H523VCT6, STM32H523VEI6, STM32H523VET6, STM32H523ZCJ6, STM32H523ZCT6, STM32H523ZEJ6, STM32H523ZET6, STM32H533CET6, STM32H533CEU6, STM32H533HEY6TR, STM32H533RET6, STM32H533VEI6, STM32H533VET6, STM32H533ZEJ6, STM32H533ZET6, STM32H562AGI6, STM32H562AII6, STM32H562IGK6, STM32H562IGT6, STM32H562IIK6, STM32H562IIT6, STM32H562RGT6, STM32H562RGV6, STM32H562RIT6, STM32H562RIV6, STM32H562VGT6, STM32H562VIT6, STM32H562ZGT6, STM32H562ZIT6, STM32H563AGI6, STM32H563AII3Q, STM32H563AII6, STM32H563IGK6, STM32H563IGT6, STM32H563IIK3Q, STM32H563IIK6, STM32H563IIT3Q, STM32H563IIT6, STM32H563MIY3QTR, STM32H563RGT6, STM32H563RGV6, STM32H563RIT6, STM32H563RIV6, STM32H563VGT6, STM32H563VIT3Q, STM32H563VIT6, STM32H563ZGT6, STM32H563ZIT3Q, STM32H563ZIT6, STM32H573AII3Q, STM32H573AII6, STM32H573I-DK, STM32H573IIK3Q, STM32H573IIK6, STM32H573IIT3Q, STM32H573IIT6, STM32H573MIY3QTR, STM32H573RIT6, STM32H573RIV6, STM32H573VIT3Q, STM32H573VIT6, STM32H573ZIT3Q, STM32H573ZIT6, STM32H7R3A8I6, STM32H7R3I8K6, STM32H7R3I8T6, STM32H7R3L8H6, STM32H7R3L8H6H, STM32H7R3R8V6, STM32H7R3V8H6, STM32H7R3V8T6, STM32H7R3V8Y6, STM32H7R3Z8J6, STM32H7R3Z8T6, STM32H7R7A8I6, STM32H7R7I8K6, STM32H7R7I8T6, STM32H7R7L8H6, STM32H7R7L8H6H, STM32H7R7Z8J6, STM32H7S3A8I6, STM32H7S3I8K6, STM32H7S3I8T6, STM32H7S3L8H6, STM32H7S3L8H6H, STM32H7S3R8V6, STM32H7S3V8H6, STM32H7S3V8T6, STM32H7S3V8Y6, STM32H7S3Z8J6, STM32H7S3Z8T6, STM32H7S78-DK, STM32H7S7A8I6, STM32H7S7I8K6, STM32H7S7I8T6, STM32H7S7L8H6, STM32H7S7L8H6H, STM32H7S7Z8J6, STM32L4R5QGI6STR, STM32MP131AAE3, STM32MP131AAF3, STM32MP131AAG3, STM32MP131CAE3, STM32MP131CAF3, STM32MP131CAG3, STM32MP131DAE7, STM32MP131DAF7, STM32MP131DAG7, STM32MP131FAE7, STM32MP131FAF7, STM32MP131FAG7, STM32MP133AAE3, STM32MP133AAF3, STM32MP133AAG3, STM32MP133CAE3, STM32MP133CAF3, STM32MP133CAG3, STM32MP133DAE7, STM32MP133DAF7, STM32MP133DAG7, STM32MP133FAE7, STM32MP133FAF7, STM32MP133FAG7, STM32MP135AAE3, STM32MP135AAF3, STM32MP135AAG3, STM32MP135CAE3, STM32MP135CAF3, STM32MP135CAG3, STM32MP135DAE7, STM32MP135DAF7, STM32MP135DAG7, STM32MP135F-DK, STM32MP135FAE7, STM32MP135FAF7, STM32MP135FAF7T, STM32MP135FAF7U, STM32MP135FAG7, STM32U031C6T6, STM32U031C6U6, STM32U031C8T6, STM32U031C8U6, STM32U031F4P6, STM32U031F6P6, STM32U031F8P6, STM32U031G6Y6TR, STM32U031G8Y6TR, STM32U031K4U6, STM32U031K6U6, STM32U031K8U6, STM32U031R6I6, STM32U031R6T6, STM32U031R8I6, STM32U031R8T6, STM32U073C8T6, STM32U073C8U6, STM32U073CBT6, STM32U073CBU6, STM32U073CCT6, STM32U073CCU6, STM32U073H8Y6TR, STM32U073HBY6TR, STM32U073HCY6TR, STM32U073K8U6, STM32U073KBU6, STM32U073KCU6, STM32U073M8I6, STM32U073M8T6, STM32U073MBI6, STM32U073MBT6, STM32U073MCI6, STM32U073MCT6, STM32U073R8I6, STM32U073R8T6, STM32U073RBI6, STM32U073RBT6, STM32U073RCI6, STM32U073RCT6, STM32U083C-DK, STM32U083CCT6, STM32U083CCU6, STM32U083HCY6TR, STM32U083KCU6, STM32U083MCI6, STM32U083MCT6, STM32U083RCI6, STM32U083RCT6, STM32U535CBT6, STM32U535CBT6Q, STM32U535CBU6, STM32U535CBU6Q, STM32U535CCT6, STM32U535CCT6Q, STM32U535CCU6, STM32U535CCU6Q, STM32U535CET6, STM32U535CET6Q, STM32U535CEU6, STM32U535CEU6Q, STM32U535JEY6QTR, STM32U535NCY6QTR, STM32U535NEY6QTR, STM32U535RBI6, STM32U535RBI6Q, STM32U535RBT6, STM32U535RBT6Q, STM32U535RCI6, STM32U535RCI6Q, STM32U535RCT6, STM32U535RCT6Q, STM32U535REI6, STM32U535REI6Q, STM32U535RET6, STM32U535RET6Q, STM32U535VCI6, STM32U535VCI6Q, STM32U535VCT6, STM32U535VCT6Q, STM32U535VEI6, STM32U535VEI6Q, STM32U535VET6, STM32U535VET6Q, STM32U545CET6, STM32U545CET6Q, STM32U545CEU6, STM32U545CEU6Q, STM32U545JEY6QTR, STM32U545NEY6QTR, STM32U545REI6, STM32U545REI6Q, STM32U545RET6, STM32U545RET6Q, STM32U545VEI6, STM32U545VEI6Q, STM32U545VET6, STM32U545VET6Q, STM32U595AIH6, STM32U595AIH6Q, STM32U595AJH6, STM32U595AJH6Q, STM32U595QII6, STM32U595QII6Q, STM32U595QJI6, STM32U595QJI6Q, STM32U595RIT6, STM32U595RIT6Q, STM32U595RJT6, STM32U595RJT6Q, STM32U595VIT6, STM32U595VIT6Q, STM32U595VJT6, STM32U595VJT6Q, STM32U595ZIT6, STM32U595ZIT6Q, STM32U595ZIY6QTR, STM32U595ZJT6, STM32U595ZJT6Q, STM32U595ZJY6QTR, STM32U599BJY6QTR, STM32U599NIH6Q, STM32U599NJH6Q, STM32U599VIT6Q, STM32U599VJT6, STM32U599VJT6Q, STM32U599ZIT6Q, STM32U599ZIY6QTR, STM32U599ZJT6Q, STM32U599ZJY6QTR, STM32U5A5AJH6, STM32U5A5AJH6Q, STM32U5A5QII3Q , STM32U5A5QJI6, STM32U5A5QJI6Q, STM32U5A5RJT6, STM32U5A5RJT6Q, STM32U5A5VJT6, STM32U5A5VJT6Q, STM32U5A5ZJT6, STM32U5A5ZJT6Q, STM32U5A5ZJY6QTR, STM32U5A9BJY6QTR, STM32U5A9J-DK, STM32U5A9NJH6Q, STM32U5A9VJT6Q, STM32U5A9ZJT6Q, STM32U5A9ZJY6QTR, STM32U5F7VIT6, STM32U5F7VIT6Q, STM32U5F7VJT6, STM32U5F7VJT6Q, STM32U5F9BJY6QTR, STM32U5F9NJH6Q, STM32U5F9VIT6Q, STM32U5F9VJT6Q, STM32U5F9ZIJ6QTR, STM32U5F9ZIT6Q, STM32U5F9ZJJ6QTR, STM32U5F9ZJT6Q, STM32U5G7VJT6, STM32U5G7VJT6Q, STM32U5G9BJY6QTR, STM32U5G9J-DK1, STM32U5G9J-DK2, STM32U5G9NJH6Q, STM32U5G9VJT6Q, STM32U5G9ZJJ6QTR, STM32U5G9ZJT6Q, STM32WB1MMCH6, STM32WBA50KEU6, STM32WBA50KEU6TR, STM32WBA50KGU6, STM32WBA50KGU6TR, STM32WBA52CEU6, STM32WBA52CEU6TR, STM32WBA52CEU7, STM32WBA52CEU7TR, STM32WBA52CGU6, STM32WBA52CGU6TR, STM32WBA52CGU6U, STM32WBA52CGU7, STM32WBA52CGU7TR, STM32WBA52KEU6, STM32WBA52KEU6TR, STM32WBA52KGU6, STM32WBA52KGU6TR, STM32WBA54CEU6, STM32WBA54CEU6TR, STM32WBA54CEU7, STM32WBA54CEU7TR, STM32WBA54CGU6, STM32WBA54CGU6TR, STM32WBA54CGU7, STM32WBA54CGU7TR, STM32WBA54KEU6, STM32WBA54KEU6TR, STM32WBA54KEU7, STM32WBA54KEU7TR, STM32WBA54KGU6, STM32WBA54KGU6TR, STM32WBA54KGU7, STM32WBA54KGU7TR, STM32WBA55CEU6, STM32WBA55CEU6TR, STM32WBA55CEU7, STM32WBA55CEU7TR, STM32WBA55CGU6, STM32WBA55CGU6TR, STM32WBA55CGU6U, STM32WBA55CGU7, STM32WBA55CGU7TR, STM32WBA55G-DK1, STM32WBA55HEF6, STM32WBA55HEF7, STM32WBA55HGF6, STM32WBA55HGF7, STM32WBA55UEI6, STM32WBA55UEI6TR, STM32WBA55UEI7, STM32WBA55UEI7TR, STM32WBA55UGI6, STM32WBA55UGI6TR, STM32WBA55UGI7, STM32WBA55UGI7TR, STM32WL5MOCH6, STM32WL5MOCH6TR]
2024-07-12 19:13:42,832 [INFO] DbMcus:218 - Found 4203 MCUs, 4203 are supported
2024-07-12 19:13:42,837 [INFO] ApiDb:423 - Load user favorites file C:\Users\saksh/.stm32cubeide/favorites.mcus.txt: 1 item(s)
2024-07-12 19:13:42,837 [INFO] ApiDb:427 - User favorites MCUs=[STM32F103C8T6]
2024-07-12 19:13:42,837 [INFO] DbMcus:224 - Set 1 / 1 favorites MCUs
2024-07-12 19:13:43,103 [INFO] ApiDb:668 - CubeFinder database Data Model version=2.1
2024-07-12 19:13:43,104 [INFO] ApiDb:669 - CubeFinder database Configuration version=3.0.39
2024-07-12 19:13:43,104 [INFO] ApiDb:670 - CubeFinder database generation date=2024-06-20 (1718880634)
2024-07-12 19:13:43,104 [INFO] ApiDb:671 - CubeFinder database FW Pack versions=[FP-ATR-ASTRA1_V2.0.0, FP-SNS-FLIGHT1_V5.0.2, FP-SNS-MOTENV1_V5.0.0, FP-SNS-MOTENVWB1_V1.4.0, FP-SNS-SMARTAG2_V1.2.0, STM32Cube_FW_C0_V1.2.0, STM32Cube_FW_F4_V1.28.0, STM32Cube_FW_F7_V1.17.2, STM32Cube_FW_G0_V1.6.2, STM32Cube_FW_G4_V1.6.0, STM32Cube_FW_H5_V1.3.0, STM32Cube_FW_H7RS_V1.1.0, STM32Cube_FW_H7_V1.11.2, STM32Cube_FW_L0_V1.12.2, STM32Cube_FW_L5_V1.5.1, STM32Cube_FW_U0_V1.1.0, STM32Cube_FW_U5_V1.6.0, STM32Cube_FW_WB0_V1.0.0, STM32Cube_FW_WBA_V1.4.0, STM32Cube_FW_WB_V1.20.0, STM32Cube_FW_WL_V1.3.0, X-CUBE-ALGOBUILD_V1.4.0, X-CUBE-ALS_V1.0.2, X-CUBE-AZRTOS-F4_V1.1.0, X-CUBE-AZRTOS-F7_V1.1.0, X-CUBE-AZRTOS-G0_V1.1.0, X-CUBE-AZRTOS-G4_V2.0.0, X-CUBE-AZRTOS-H7RS_V1.0.0, X-CUBE-AZRTOS-H7_V3.2.0, X-CUBE-AZRTOS-L4_V2.0.0, X-CUBE-AZRTOS-L5_V1.1.0, X-CUBE-AZRTOS-WB_V2.0.0, X-CUBE-AZRTOS-WL_V2.0.0, X-CUBE-BLE1_V7.0.0, X-CUBE-BLE2_V3.3.0, X-CUBE-BLEMGR_V3.1.0, X-CUBE-EEPRMA1_V5.1.0, X-CUBE-FREERTOS_V1.2.0, X-CUBE-GNSS1_V6.0.0, X-CUBE-MEMS1_V10.0.0, X-CUBE-NFC4_V3.0.0, X-CUBE-NFC7_V1.0.1, X-CUBE-SFXS2LP1_V4.0.0, X-CUBE-SUBG2_V5.0.0, X-CUBE-TOF1_V3.4.1]
2024-07-12 19:13:43,140 [INFO] DbBoardsSqlite:226 - include board P-NUCLEO-WB55-NUCLEO as a kit item of type 'Nucleo-64'
2024-07-12 19:13:43,140 [INFO] DbBoardsSqlite:226 - include board P-NUCLEO-WB55-USBDONGLE as a kit item of type 'Nucleo USB Dongle'
2024-07-12 19:13:43,140 [INFO] DbBoardsSqlite:226 - include board STEVAL-IDP005V1 as a kit item of type 'Evaluation Board'
2024-07-12 19:13:43,141 [INFO] DbBoardsSqlite:226 - include board STEVAL-IDP005V2 as a kit item of type 'Evaluation Board'
2024-07-12 19:13:43,174 [INFO] ApiDb:240 - Found 483 in-development CPN: [B-G473E-ZEST1S, B-WB1M-WPAN1, B-WL5M-SUBG1, NUCLEO-C031C6, NUCLEO-H503RB, NUCLEO-H533RE, NUCLEO-H563ZI, NUCLEO-H7S3L8, NUCLEO-U031R8, NUCLEO-U083RC, NUCLEO-U545RE-Q, NUCLEO-U5A5ZJ-Q, NUCLEO-WBA52CG, NUCLEO-WBA55CG, STEVAL-PROTEUS1, STEVAL-SMARTAG2, STEVAL-STWINBX1, STM320518-EVAL, STM32C0116-DK, STM32C011D6Y3TR, STM32C011D6Y6TR, STM32C011F4P3, STM32C011F4P6, STM32C011F4U3, STM32C011F4U6TR, STM32C011F6P3, STM32C011F6P6, STM32C011F6U3, STM32C011F6U6TR, STM32C011J4M3, STM32C011J4M6, STM32C011J6M3, STM32C011J6M6, STM32C0316-DK, STM32C031C4T3, STM32C031C4T6, STM32C031C4U3, STM32C031C4U6, STM32C031C6T3, STM32C031C6T6, STM32C031C6U3, STM32C031C6U6, STM32C031F4P3, STM32C031F4P6, STM32C031F6P3, STM32C031F6P6, STM32C031G4U3, STM32C031G4U6, STM32C031G6U3, STM32C031G6U6, STM32C031K4T3, STM32C031K4T6, STM32C031K4U3, STM32C031K4U6, STM32C031K6T3, STM32C031K6T6, STM32C031K6U3, STM32C031K6U6, STM32G071K8TXN, STM32G071K8UXN, STM32G081GBU6N, STM32G081KBT6N, STM32G081KBUXN, STM32G0B1CCT6N, STM32G0B1KCT6, STM32G0B1NEY6TR, STM32G0B1RCT6N, STM32G0C1CCT6, STM32G0C1CCT6N, STM32G0C1CCU6N, STM32G0C1CET6N, STM32G0C1CEU6N, STM32G0C1KCT6, STM32G0C1NEY6TR, STM32G0C1RCI6N, STM32G0C1RCT6N, STM32G0C1REI6N, STM32G0C1RET6N, STM32G0C1VCI6, STM32G0C1VEI6, STM32G471CCT6, STM32G471CCU6, STM32G471CET3, STM32G471CET6, STM32G471CEU3, STM32G471CEU6, STM32G471MCT6, STM32G471MET3, STM32G471MET6, STM32G471MEY6TR, STM32G471QCT6, STM32G471QET3, STM32G471RCT6, STM32G471RET3, STM32G471RET6, STM32G471VCH6, STM32G471VCI6, STM32G471VCT6, STM32G471VEH3, STM32G471VEH6, STM32G471VEI3, STM32G471VEI6, STM32G471VET3, STM32G471VET6, STM32G474CCT6, STM32H503CBT6, STM32H503CBU6, STM32H503EBY6TR, STM32H503KBU6, STM32H503RBT6, STM32H523CCT6, STM32H523CCU6, STM32H523CET6, STM32H523CEU6, STM32H523HEY6TR, STM32H523RCT6, STM32H523RET6, STM32H523VCI6, STM32H523VCT6, STM32H523VEI6, STM32H523VET6, STM32H523ZCJ6, STM32H523ZCT6, STM32H523ZEJ6, STM32H523ZET6, STM32H533CET6, STM32H533CEU6, STM32H533HEY6TR, STM32H533RET6, STM32H533VEI6, STM32H533VET6, STM32H533ZEJ6, STM32H533ZET6, STM32H562AGI6, STM32H562AII6, STM32H562IGK6, STM32H562IGT6, STM32H562IIK6, STM32H562IIT6, STM32H562RGT6, STM32H562RGV6, STM32H562RIT6, STM32H562RIV6, STM32H562VGT6, STM32H562VIT6, STM32H562ZGT6, STM32H562ZIT6, STM32H563AGI6, STM32H563AII3Q, STM32H563AII6, STM32H563IGK6, STM32H563IGT6, STM32H563IIK3Q, STM32H563IIK6, STM32H563IIT3Q, STM32H563IIT6, STM32H563MIY3QTR, STM32H563RGT6, STM32H563RGV6, STM32H563RIT6, STM32H563RIV6, STM32H563VGT6, STM32H563VIT3Q, STM32H563VIT6, STM32H563ZGT6, STM32H563ZIT3Q, STM32H563ZIT6, STM32H573AII3Q, STM32H573AII6, STM32H573I-DK, STM32H573IIK3Q, STM32H573IIK6, STM32H573IIT3Q, STM32H573IIT6, STM32H573MIY3QTR, STM32H573RIT6, STM32H573RIV6, STM32H573VIT3Q, STM32H573VIT6, STM32H573ZIT3Q, STM32H573ZIT6, STM32H7R3A8I6, STM32H7R3I8K6, STM32H7R3I8T6, STM32H7R3L8H6, STM32H7R3L8H6H, STM32H7R3R8V6, STM32H7R3V8H6, STM32H7R3V8T6, STM32H7R3V8Y6, STM32H7R3Z8J6, STM32H7R3Z8T6, STM32H7R7A8I6, STM32H7R7I8K6, STM32H7R7I8T6, STM32H7R7L8H6, STM32H7R7L8H6H, STM32H7R7Z8J6, STM32H7S3A8I6, STM32H7S3I8K6, STM32H7S3I8T6, STM32H7S3L8H6, STM32H7S3L8H6H, STM32H7S3R8V6, STM32H7S3V8H6, STM32H7S3V8T6, STM32H7S3V8Y6, STM32H7S3Z8J6, STM32H7S3Z8T6, STM32H7S78-DK, STM32H7S7A8I6, STM32H7S7I8K6, STM32H7S7I8T6, STM32H7S7L8H6, STM32H7S7L8H6H, STM32H7S7Z8J6, STM32L4R5QGI6STR, STM32MP131AAE3, STM32MP131AAF3, STM32MP131AAG3, STM32MP131CAE3, STM32MP131CAF3, STM32MP131CAG3, STM32MP131DAE7, STM32MP131DAF7, STM32MP131DAG7, STM32MP131FAE7, STM32MP131FAF7, STM32MP131FAG7, STM32MP133AAE3, STM32MP133AAF3, STM32MP133AAG3, STM32MP133CAE3, STM32MP133CAF3, STM32MP133CAG3, STM32MP133DAE7, STM32MP133DAF7, STM32MP133DAG7, STM32MP133FAE7, STM32MP133FAF7, STM32MP133FAG7, STM32MP135AAE3, STM32MP135AAF3, STM32MP135AAG3, STM32MP135CAE3, STM32MP135CAF3, STM32MP135CAG3, STM32MP135DAE7, STM32MP135DAF7, STM32MP135DAG7, STM32MP135F-DK, STM32MP135FAE7, STM32MP135FAF7, STM32MP135FAF7T, STM32MP135FAF7U, STM32MP135FAG7, STM32U031C6T6, STM32U031C6U6, STM32U031C8T6, STM32U031C8U6, STM32U031F4P6, STM32U031F6P6, STM32U031F8P6, STM32U031G6Y6TR, STM32U031G8Y6TR, STM32U031K4U6, STM32U031K6U6, STM32U031K8U6, STM32U031R6I6, STM32U031R6T6, STM32U031R8I6, STM32U031R8T6, STM32U073C8T6, STM32U073C8U6, STM32U073CBT6, STM32U073CBU6, STM32U073CCT6, STM32U073CCU6, STM32U073H8Y6TR, STM32U073HBY6TR, STM32U073HCY6TR, STM32U073K8U6, STM32U073KBU6, STM32U073KCU6, STM32U073M8I6, STM32U073M8T6, STM32U073MBI6, STM32U073MBT6, STM32U073MCI6, STM32U073MCT6, STM32U073R8I6, STM32U073R8T6, STM32U073RBI6, STM32U073RBT6, STM32U073RCI6, STM32U073RCT6, STM32U083C-DK, STM32U083CCT6, STM32U083CCU6, STM32U083HCY6TR, STM32U083KCU6, STM32U083MCI6, STM32U083MCT6, STM32U083RCI6, STM32U083RCT6, STM32U535CBT6, STM32U535CBT6Q, STM32U535CBU6, STM32U535CBU6Q, STM32U535CCT6, STM32U535CCT6Q, STM32U535CCU6, STM32U535CCU6Q, STM32U535CET6, STM32U535CET6Q, STM32U535CEU6, STM32U535CEU6Q, STM32U535JEY6QTR, STM32U535NCY6QTR, STM32U535NEY6QTR, STM32U535RBI6, STM32U535RBI6Q, STM32U535RBT6, STM32U535RBT6Q, STM32U535RCI6, STM32U535RCI6Q, STM32U535RCT6, STM32U535RCT6Q, STM32U535REI6, STM32U535REI6Q, STM32U535RET6, STM32U535RET6Q, STM32U535VCI6, STM32U535VCI6Q, STM32U535VCT6, STM32U535VCT6Q, STM32U535VEI6, STM32U535VEI6Q, STM32U535VET6, STM32U535VET6Q, STM32U545CET6, STM32U545CET6Q, STM32U545CEU6, STM32U545CEU6Q, STM32U545JEY6QTR, STM32U545NEY6QTR, STM32U545REI6, STM32U545REI6Q, STM32U545RET6, STM32U545RET6Q, STM32U545VEI6, STM32U545VEI6Q, STM32U545VET6, STM32U545VET6Q, STM32U595AIH6, STM32U595AIH6Q, STM32U595AJH6, STM32U595AJH6Q, STM32U595QII6, STM32U595QII6Q, STM32U595QJI6, STM32U595QJI6Q, STM32U595RIT6, STM32U595RIT6Q, STM32U595RJT6, STM32U595RJT6Q, STM32U595VIT6, STM32U595VIT6Q, STM32U595VJT6, STM32U595VJT6Q, STM32U595ZIT6, STM32U595ZIT6Q, STM32U595ZIY6QTR, STM32U595ZJT6, STM32U595ZJT6Q, STM32U595ZJY6QTR, STM32U599BJY6QTR, STM32U599NIH6Q, STM32U599NJH6Q, STM32U599VIT6Q, STM32U599VJT6, STM32U599VJT6Q, STM32U599ZIT6Q, STM32U599ZIY6QTR, STM32U599ZJT6Q, STM32U599ZJY6QTR, STM32U5A5AJH6, STM32U5A5AJH6Q, STM32U5A5QII3Q , STM32U5A5QJI6, STM32U5A5QJI6Q, STM32U5A5RJT6, STM32U5A5RJT6Q, STM32U5A5VJT6, STM32U5A5VJT6Q, STM32U5A5ZJT6, STM32U5A5ZJT6Q, STM32U5A5ZJY6QTR, STM32U5A9BJY6QTR, STM32U5A9J-DK, STM32U5A9NJH6Q, STM32U5A9VJT6Q, STM32U5A9ZJT6Q, STM32U5A9ZJY6QTR, STM32U5F7VIT6, STM32U5F7VIT6Q, STM32U5F7VJT6, STM32U5F7VJT6Q, STM32U5F9BJY6QTR, STM32U5F9NJH6Q, STM32U5F9VIT6Q, STM32U5F9VJT6Q, STM32U5F9ZIJ6QTR, STM32U5F9ZIT6Q, STM32U5F9ZJJ6QTR, STM32U5F9ZJT6Q, STM32U5G7VJT6, STM32U5G7VJT6Q, STM32U5G9BJY6QTR, STM32U5G9J-DK1, STM32U5G9J-DK2, STM32U5G9NJH6Q, STM32U5G9VJT6Q, STM32U5G9ZJJ6QTR, STM32U5G9ZJT6Q, STM32WB1MMCH6, STM32WBA50KEU6, STM32WBA50KEU6TR, STM32WBA50KGU6, STM32WBA50KGU6TR, STM32WBA52CEU6, STM32WBA52CEU6TR, STM32WBA52CEU7, STM32WBA52CEU7TR, STM32WBA52CGU6, STM32WBA52CGU6TR, STM32WBA52CGU6U, STM32WBA52CGU7, STM32WBA52CGU7TR, STM32WBA52KEU6, STM32WBA52KEU6TR, STM32WBA52KGU6, STM32WBA52KGU6TR, STM32WBA54CEU6, STM32WBA54CEU6TR, STM32WBA54CEU7, STM32WBA54CEU7TR, STM32WBA54CGU6, STM32WBA54CGU6TR, STM32WBA54CGU7, STM32WBA54CGU7TR, STM32WBA54KEU6, STM32WBA54KEU6TR, STM32WBA54KEU7, STM32WBA54KEU7TR, STM32WBA54KGU6, STM32WBA54KGU6TR, STM32WBA54KGU7, STM32WBA54KGU7TR, STM32WBA55CEU6, STM32WBA55CEU6TR, STM32WBA55CEU7, STM32WBA55CEU7TR, STM32WBA55CGU6, STM32WBA55CGU6TR, STM32WBA55CGU6U, STM32WBA55CGU7, STM32WBA55CGU7TR, STM32WBA55G-DK1, STM32WBA55HEF6, STM32WBA55HEF7, STM32WBA55HGF6, STM32WBA55HGF7, STM32WBA55UEI6, STM32WBA55UEI6TR, STM32WBA55UEI7, STM32WBA55UEI7TR, STM32WBA55UGI6, STM32WBA55UGI6TR, STM32WBA55UGI7, STM32WBA55UGI7TR, STM32WL5MOCH6, STM32WL5MOCH6TR]
2024-07-12 19:13:43,261 [INFO] BoardInfo:889 - No configuration file found for board P-NUCLEO-WB55
2024-07-12 19:13:43,261 [INFO] DbBoards:161 - Kit is not supported: P-NUCLEO-WB55
2024-07-12 19:13:43,265 [INFO] BoardInfo:889 - No configuration file found for board STEVAL-BFA001V1B
2024-07-12 19:13:43,265 [INFO] DbBoards:161 - Kit is not supported: STEVAL-BFA001V1B
2024-07-12 19:13:43,266 [INFO] BoardInfo:889 - No configuration file found for board STEVAL-BFA001V2B
2024-07-12 19:13:43,266 [INFO] DbBoards:161 - Kit is not supported: STEVAL-BFA001V2B
2024-07-12 19:13:43,346 [INFO] DbBoards:168 - Found 195 boards, 192 are supported
2024-07-12 19:13:43,346 [INFO] DbBoards:169 - Found 195 boards, 8 of them is supported for  Bsp
2024-07-12 19:13:43,348 [INFO] ApiDb:423 - Load user favorites file C:\Users\saksh/.stm32cubeide/favorites.boards.txt: 0 item(s)
2024-07-12 19:13:43,348 [INFO] ApiDb:427 - User favorites Boards=[]
2024-07-12 19:13:43,348 [INFO] DbBoards:198 - Set 0 / 0 favorites Boards
2024-07-12 19:13:43,350 [INFO] ApiDb:668 - CubeFinder database Data Model version=2.1
2024-07-12 19:13:43,350 [INFO] ApiDb:669 - CubeFinder database Configuration version=3.0.39
2024-07-12 19:13:43,350 [INFO] ApiDb:670 - CubeFinder database generation date=2024-06-20 (1718880634)
2024-07-12 19:13:43,350 [INFO] ApiDb:671 - CubeFinder database FW Pack versions=[FP-ATR-ASTRA1_V2.0.0, FP-SNS-FLIGHT1_V5.0.2, FP-SNS-MOTENV1_V5.0.0, FP-SNS-MOTENVWB1_V1.4.0, FP-SNS-SMARTAG2_V1.2.0, STM32Cube_FW_C0_V1.2.0, STM32Cube_FW_F4_V1.28.0, STM32Cube_FW_F7_V1.17.2, STM32Cube_FW_G0_V1.6.2, STM32Cube_FW_G4_V1.6.0, STM32Cube_FW_H5_V1.3.0, STM32Cube_FW_H7RS_V1.1.0, STM32Cube_FW_H7_V1.11.2, STM32Cube_FW_L0_V1.12.2, STM32Cube_FW_L5_V1.5.1, STM32Cube_FW_U0_V1.1.0, STM32Cube_FW_U5_V1.6.0, STM32Cube_FW_WB0_V1.0.0, STM32Cube_FW_WBA_V1.4.0, STM32Cube_FW_WB_V1.20.0, STM32Cube_FW_WL_V1.3.0, X-CUBE-ALGOBUILD_V1.4.0, X-CUBE-ALS_V1.0.2, X-CUBE-AZRTOS-F4_V1.1.0, X-CUBE-AZRTOS-F7_V1.1.0, X-CUBE-AZRTOS-G0_V1.1.0, X-CUBE-AZRTOS-G4_V2.0.0, X-CUBE-AZRTOS-H7RS_V1.0.0, X-CUBE-AZRTOS-H7_V3.2.0, X-CUBE-AZRTOS-L4_V2.0.0, X-CUBE-AZRTOS-L5_V1.1.0, X-CUBE-AZRTOS-WB_V2.0.0, X-CUBE-AZRTOS-WL_V2.0.0, X-CUBE-BLE1_V7.0.0, X-CUBE-BLE2_V3.3.0, X-CUBE-BLEMGR_V3.1.0, X-CUBE-EEPRMA1_V5.1.0, X-CUBE-FREERTOS_V1.2.0, X-CUBE-GNSS1_V6.0.0, X-CUBE-MEMS1_V10.0.0, X-CUBE-NFC4_V3.0.0, X-CUBE-NFC7_V1.0.1, X-CUBE-SFXS2LP1_V4.0.0, X-CUBE-SUBG2_V5.0.0, X-CUBE-TOF1_V3.4.1]
2024-07-12 19:13:43,848 [ERROR] DbExamplesSqlite:437 - Missing JSON key: board_cpn
2024-07-12 19:13:43,849 [ERROR] DbExamplesSqlite:437 - Missing JSON key: board_cpn
2024-07-12 19:13:43,849 [ERROR] DbExamplesSqlite:437 - Missing JSON key: board_cpn
2024-07-12 19:13:43,849 [ERROR] DbExamplesSqlite:437 - Missing JSON key: board_cpn
2024-07-12 19:13:43,940 [INFO] DbExamplesSqlite:395 - Ignored 28 examples not supported by CubeIDE
2024-07-12 19:13:43,940 [INFO] DbExamplesSqlite:396 - Found 8590 examples active
2024-07-12 19:13:43,940 [INFO] DbExamplesSqlite:397 - Found 0 examples obsolete
2024-07-12 19:13:43,940 [INFO] DbExamplesSqlite:398 - Found 0 examples under development
2024-07-12 19:13:43,940 [INFO] DbExamplesSqlite:399 - Found 10 examples not building
2024-07-12 19:13:43,941 [INFO] DbExamples:125 - Found 8572 examples
2024-07-12 19:13:44,001 [ERROR] DbExamples:208 - Found 308 examples with invalid data (board or MCU)
2024-07-12 19:13:44,002 [INFO] DbExamples:222 - Found 102 boards with related examples
2024-07-12 19:13:44,002 [INFO] DbExamples:235 - Found 86 MCUs with related examples
2024-07-12 19:13:44,018 [INFO] ApiDb:423 - Load user favorites file C:\Users\saksh/.stm32cubeide/favorites.examples.txt: 0 item(s)
2024-07-12 19:13:44,018 [INFO] ApiDb:427 - User favorites Examples=[]
2024-07-12 19:13:44,018 [INFO] DbExamples:250 - Set 0 / 0 favorites Examples
2024-07-12 19:13:44,231 [INFO] McuFinderGlobals:76 - Set McuFinderConnectedMode to true
2024-07-12 19:13:44,239 [INFO] MultiScanPanel:200 - Auto-refresh data requested => check proxy status ongoing
2024-07-12 19:13:44,242 [INFO] FinderPluginLoader:95 - Searching for filters in installed packs
2024-07-12 19:13:45,133 [INFO] LoadUrlFilesThread:185 - End of LoadServerUrlFiles without Thread
2024-07-12 19:13:45,144 [INFO] DetailPanel:341 - Set advertising image to C:/Users/saksh/STM32Cube/Repository/\en.prom-stm32h7rs-mcu-finder.jpg
2024-07-12 19:15:06,633 [INFO] MainUpdater:2873 - connection check result : 10
2024-07-12 19:15:06,633 [INFO] MainUpdater:2873 - connection check result : 10
2024-07-12 19:15:06,654 [INFO] MicroXplorer:468 - Change Database Path : 
2024-07-12 19:15:06,654 [INFO] MicroXplorer:498 - Change Database Version : DB.6.0.111
2024-07-12 19:15:06,657 [WARN] ThirdParty:871 - waiting for thirdparty lock release [close project]
2024-07-12 19:15:06,657 [INFO] ThirdParty:873 - entering critical section [close project]
2024-07-12 19:15:06,657 [INFO] ThirdParty:883 - exiting critical section [close project]
2024-07-12 19:15:06,658 [INFO] PinOutPanel:1561 - setPackage(No Configuration,No Configuration)
2024-07-12 19:15:06,660 [INFO] UtilMem:75 - Begin LoadConfig() Used Memory: 719196160 Bytes (1073741824)
2024-07-12 19:15:06,661 [INFO] MicroXplorer:468 - Change Database Path : 
2024-07-12 19:15:06,661 [INFO] MicroXplorer:498 - Change Database Version : DB.6.0.111
2024-07-12 19:15:06,661 [INFO] OpenFileManager:312 - Change cursor
2024-07-12 19:15:06,772 [INFO] Mcu:2021 - Initializing MCU STM32G474RCTx STM32G474RCTx STM32G474RCT6
2024-07-12 19:15:10,290 [INFO] Context:663 - Trying to add GPIOservice into a context  which must be forbidden
2024-07-12 19:15:11,689 [INFO] ImportTextPane:194 - (OptionalMessage_ERROR) Unable to find key (Mcu.ThirdPartyNb) in loaded IOC file
2024-07-12 19:15:11,689 [INFO] ImportTextPane:194 - (OptionalMessage_ERROR) Unable to find key (Mcu.PinsNb) in loaded IOC file
2024-07-12 19:15:11,689 [INFO] ImportTextPane:194 - (OptionalMessage_ERROR) Unable to find key (Mcu.IPNb) in loaded IOC file
2024-07-12 19:15:11,831 [INFO] RtosManager:555 - Registered RTOS mode: class=CMSIS, group=RTOS, mode=CMSIS_V1, owner=FREERTOS
2024-07-12 19:15:11,831 [INFO] RtosManager:555 - Registered RTOS mode: class=CMSIS, group=RTOS2, mode=CMSIS_V2, owner=FREERTOS
2024-07-12 19:15:11,831 [INFO] RtosManager:555 - Registered RTOS mode: class=RTOS, group=Core, mode=CMSIS_V1, owner=FREERTOS
2024-07-12 19:15:11,831 [INFO] RtosManager:555 - Registered RTOS mode: class=RTOS, group=Core, mode=CMSIS_V2, owner=FREERTOS
2024-07-12 19:15:11,831 [WARN] ModelIntegratedComponent:184 - Missing modes for component STMicroelectronics:FreeRTOS:0.0.1:STMicroelectronics:RTOS:FreeRTOS:Core:::10.2.0:
2024-07-12 19:15:11,835 [WARN] ModelIntegratedComponent:63 - No mode defined for component null
2024-07-12 19:15:11,835 [WARN] ModelIntegratedComponent:63 - No mode defined for component null
2024-07-12 19:15:11,835 [WARN] ModelIntegratedComponent:63 - No mode defined for component null
2024-07-12 19:15:11,835 [WARN] ModelIntegratedComponent:63 - No mode defined for component null
2024-07-12 19:15:11,835 [WARN] ModelIntegratedComponent:63 - No mode defined for component null
2024-07-12 19:15:11,835 [WARN] ModelIntegratedComponent:63 - No mode defined for component null
2024-07-12 19:15:11,835 [WARN] ModelIntegratedComponent:63 - No mode defined for component null
2024-07-12 19:15:11,835 [WARN] ModelIntegratedComponent:63 - No mode defined for component null
2024-07-12 19:15:11,835 [WARN] ModelIntegratedComponent:63 - No mode defined for component null
2024-07-12 19:15:11,835 [WARN] ModelIntegratedComponent:63 - No mode defined for component null
2024-07-12 19:15:11,835 [WARN] ModelIntegratedComponent:63 - No mode defined for component null
2024-07-12 19:15:11,835 [WARN] ModelIntegratedComponent:63 - No mode defined for component null
2024-07-12 19:15:11,835 [WARN] ModelIntegratedComponent:63 - No mode defined for component null
2024-07-12 19:15:11,835 [WARN] ModelIntegratedComponent:63 - No mode defined for component null
2024-07-12 19:15:11,835 [WARN] ModelIntegratedComponent:63 - No mode defined for component null
2024-07-12 19:15:11,835 [WARN] ModelIntegratedComponent:63 - No mode defined for component null
2024-07-12 19:15:11,835 [WARN] ModelIntegratedComponent:63 - No mode defined for component null
2024-07-12 19:15:11,835 [WARN] ModelIntegratedComponent:63 - No mode defined for component null
2024-07-12 19:15:11,835 [WARN] ModelIntegratedComponent:63 - No mode defined for component null
2024-07-12 19:15:11,835 [WARN] ModelIntegratedComponent:63 - No mode defined for component null
2024-07-12 19:15:11,835 [WARN] ModelIntegratedComponent:63 - No mode defined for component null
2024-07-12 19:15:11,835 [WARN] ModelIntegratedComponent:63 - No mode defined for component null
2024-07-12 19:15:11,835 [WARN] ModelIntegratedComponent:63 - No mode defined for component null
2024-07-12 19:15:11,835 [WARN] ModelIntegratedComponent:63 - No mode defined for component null
2024-07-12 19:15:11,835 [WARN] ModelIntegratedComponent:63 - No mode defined for component null
2024-07-12 19:15:11,835 [WARN] ModelIntegratedComponent:63 - No mode defined for component null
2024-07-12 19:15:11,835 [WARN] ModelIntegratedComponent:63 - No mode defined for component null
2024-07-12 19:15:11,835 [WARN] ModelIntegratedComponent:63 - No mode defined for component null
2024-07-12 19:15:11,835 [WARN] ModelIntegratedComponent:63 - No mode defined for component null
2024-07-12 19:15:11,835 [WARN] ModelIntegratedComponent:63 - No mode defined for component null
2024-07-12 19:15:11,835 [WARN] ModelIntegratedComponent:63 - No mode defined for component null
2024-07-12 19:15:11,835 [WARN] ModelIntegratedComponent:63 - No mode defined for component null
2024-07-12 19:15:11,835 [WARN] ModelIntegratedComponent:63 - No mode defined for component null
2024-07-12 19:15:11,835 [WARN] ModelIntegratedComponent:63 - No mode defined for component null
2024-07-12 19:15:12,147 [INFO] ThirdPartyModel:298 - Start build external matchings
2024-07-12 19:15:14,454 [INFO] ThirdPartyModel:316 - End build external matchings
2024-07-12 19:15:14,812 [INFO] UtilMem:75 - End LoadConfig() Used Memory: 860929104 Bytes (1073741824)
2024-07-12 19:15:14,899 [WARN] ThirdParty:833 - waiting for thirdparty lock release [change project]
2024-07-12 19:15:14,899 [INFO] ThirdParty:835 - entering critical section [change project]
2024-07-12 19:15:14,899 [INFO] ThirdParty:1030 - CMSIS Pack Vendor :STMicroelectronics USBPD 4.1
2024-07-12 19:15:14,899 [INFO] ThirdParty:1030 - CMSIS Pack Vendor :STMicroelectronics X-CUBE-GNSS1 6.0.0
2024-07-12 19:15:14,899 [INFO] ThirdParty:1030 - CMSIS Pack Vendor :STMicroelectronics USB_HOST 2.0.0
2024-07-12 19:15:14,899 [INFO] ThirdParty:1030 - CMSIS Pack Vendor :STMicroelectronics FP-SNS-MOTENVWB1 1.4.0
2024-07-12 19:15:14,899 [INFO] ThirdParty:1030 - CMSIS Pack Vendor :STMicroelectronics X-CUBE-AZRTOS-F4 1.1.0
2024-07-12 19:15:14,899 [INFO] ThirdParty:1030 - CMSIS Pack Vendor :STMicroelectronics LIBJPEG 8.0.0
2024-07-12 19:15:14,899 [INFO] ThirdParty:1030 - CMSIS Pack Vendor :STMicroelectronics X-CUBE-SMBUS 2.1.0
2024-07-12 19:15:14,899 [INFO] ThirdParty:1030 - CMSIS Pack Vendor :STMicroelectronics X-CUBE-FREERTOS 1.2.0
2024-07-12 19:15:14,899 [INFO] ThirdParty:1030 - CMSIS Pack Vendor :STMicroelectronics X-CUBE-TOUCHGFX 4.23.1
2024-07-12 19:15:14,899 [INFO] ThirdParty:1030 - CMSIS Pack Vendor :STMicroelectronics X-CUBE-TOUCHGFX 4.23.0
2024-07-12 19:15:14,899 [INFO] ThirdParty:1030 - CMSIS Pack Vendor :STMicroelectronics X-CUBE-BLEMGR 1.2.0
2024-07-12 19:15:14,899 [INFO] ThirdParty:1030 - CMSIS Pack Vendor :STMicroelectronics X-CUBE-TOUCHGFX 4.23.2
2024-07-12 19:15:14,899 [INFO] ThirdParty:1030 - CMSIS Pack Vendor :STMicroelectronics X-CUBE-AZRTOS-F7 1.1.0
2024-07-12 19:15:14,899 [INFO] ThirdParty:1030 - CMSIS Pack Vendor :STMicroelectronics X-CUBE-AZRTOS-L5 2.0.0
2024-07-12 19:15:14,899 [INFO] ThirdParty:1030 - CMSIS Pack Vendor :STMicroelectronics USB_DEVICE 2.0.0
2024-07-12 19:15:14,899 [INFO] ThirdParty:1030 - CMSIS Pack Vendor :STMicroelectronics X-CUBE-MEMS1 9.6.0
2024-07-12 19:15:14,899 [INFO] ThirdParty:1030 - CMSIS Pack Vendor :STMicroelectronics X-CUBE-EEPRMA1 4.2.0
2024-07-12 19:15:14,899 [INFO] ThirdParty:1030 - CMSIS Pack Vendor :STMicroelectronics X-CUBE-NFC6 3.1.0
2024-07-12 19:15:14,899 [INFO] ThirdParty:1030 - CMSIS Pack Vendor :ITTIA_DB I-CUBE-ITTIADB 8.8.0
2024-07-12 19:15:14,899 [INFO] ThirdParty:1030 - CMSIS Pack Vendor :STMicroelectronics FP-SNS-MOTENV1 4.3.0
2024-07-12 19:15:14,899 [INFO] ThirdParty:1030 - CMSIS Pack Vendor :STMicroelectronics FP-SNS-MOTENV1 4.3.2
2024-07-12 19:15:14,899 [INFO] ThirdParty:1030 - CMSIS Pack Vendor :STMicroelectronics FP-SNS-FLIGHT1 5.0.0
2024-07-12 19:15:14,899 [INFO] ThirdParty:1030 - CMSIS Pack Vendor :STMicroelectronics FP-SNS-MOTENV1 4.3.1
2024-07-12 19:15:14,899 [INFO] ThirdParty:1030 - CMSIS Pack Vendor :STMicroelectronics FP-SNS-FLIGHT1 5.0.1
2024-07-12 19:15:14,899 [INFO] ThirdParty:1030 - CMSIS Pack Vendor :STMicroelectronics X-CUBE-BLE1 6.2.3
2024-07-12 19:15:14,899 [INFO] ThirdParty:1030 - CMSIS Pack Vendor :STMicroelectronics X-CUBE-BLE1 6.2.4
2024-07-12 19:15:14,899 [INFO] ThirdParty:1030 - CMSIS Pack Vendor :STMicroelectronics FreeRTOS 0.0.1
2024-07-12 19:15:14,899 [INFO] ThirdParty:1030 - CMSIS Pack Vendor :STMicroelectronics X-CUBE-BLEMGR 2.0.0
2024-07-12 19:15:14,899 [INFO] ThirdParty:1030 - CMSIS Pack Vendor :STMicroelectronics X-CUBE-DPower 1.2.0
2024-07-12 19:15:14,899 [INFO] ThirdParty:1030 - CMSIS Pack Vendor :STMicroelectronics FP-SNS-FLIGHT1 5.0.2
2024-07-12 19:15:14,899 [INFO] ThirdParty:1030 - CMSIS Pack Vendor :STMicroelectronics X-CUBE-NFC4 2.0.4
2024-07-12 19:15:14,899 [INFO] ThirdParty:1030 - CMSIS Pack Vendor :STMicroelectronics X-CUBE-AI 9.0.0
2024-07-12 19:15:14,899 [INFO] ThirdParty:1030 - CMSIS Pack Vendor :STMicroelectronics X-CUBE-AZRTOS-H7 3.1.0
2024-07-12 19:15:14,899 [INFO] ThirdParty:1030 - CMSIS Pack Vendor :STMicroelectronics PDM2PCM 3.3.0
2024-07-12 19:15:14,899 [INFO] ThirdParty:1030 - CMSIS Pack Vendor :STMicroelectronics X-CUBE-TOF1 3.1.0
2024-07-12 19:15:14,899 [INFO] ThirdParty:1030 - CMSIS Pack Vendor :STMicroelectronics X-CUBE-DISPLAY 3.0.0
2024-07-12 19:15:14,899 [INFO] ThirdParty:1030 - CMSIS Pack Vendor :STMicroelectronics X-CUBE-BLE1 7.0.0
2024-07-12 19:15:14,899 [INFO] ThirdParty:1030 - CMSIS Pack Vendor :wolfSSL I-CUBE-wolfSSL 5.5.0
2024-07-12 19:15:14,899 [INFO] ThirdParty:1030 - CMSIS Pack Vendor :STMicroelectronics HAL Drivers 0.0.0
2024-07-12 19:15:14,899 [INFO] ThirdParty:1030 - CMSIS Pack Vendor :STMicroelectronics X-CUBE-TOUCHGFX 4.22.0
2024-07-12 19:15:14,899 [INFO] ThirdParty:1030 - CMSIS Pack Vendor :STMicroelectronics X-CUBE-NFC7 1.0.1
2024-07-12 19:15:14,899 [INFO] ThirdParty:1030 - CMSIS Pack Vendor :STMicroelectronics MBEDTLS 2.14.1
2024-07-12 19:15:14,899 [INFO] ThirdParty:1030 - CMSIS Pack Vendor :STMicroelectronics X-CUBE-NFC7 1.0.0
2024-07-12 19:15:14,899 [INFO] ThirdParty:1030 - CMSIS Pack Vendor :wolfSSL I-CUBE-wolfTPM 3.2.0
2024-07-12 19:15:14,899 [INFO] ThirdParty:1030 - CMSIS Pack Vendor :STMicroelectronics X-CUBE-NFC6 3.0.0
2024-07-12 19:15:14,899 [INFO] ThirdParty:1030 - CMSIS Pack Vendor :STMicroelectronics X-CUBE-MEMS1 9.3.0
2024-07-12 19:15:14,900 [INFO] ThirdParty:1030 - CMSIS Pack Vendor :STMicroelectronics X-CUBE-EEPRMA1 4.1.0
2024-07-12 19:15:14,900 [INFO] ThirdParty:1030 - CMSIS Pack Vendor :STMicroelectronics X-CUBE-AI 7.2.0
2024-07-12 19:15:14,900 [INFO] ThirdParty:1030 - CMSIS Pack Vendor :STMicroelectronics X-CUBE-BLEMGR 3.1.0
2024-07-12 19:15:14,900 [INFO] ThirdParty:1030 - CMSIS Pack Vendor :STMicroelectronics FP-SNS-SMARTAG2 1.2.0
2024-07-12 19:15:14,900 [INFO] ThirdParty:1030 - CMSIS Pack Vendor :STMicroelectronics X-CUBE-AZRTOS-WL 2.0.0
2024-07-12 19:15:14,900 [INFO] ThirdParty:1030 - CMSIS Pack Vendor :STMicroelectronics FP-SNS-MOTENV1 5.0.0
2024-07-12 19:15:14,900 [INFO] ThirdParty:1030 - CMSIS Pack Vendor :STMicroelectronics USB_DEVICE 1.0.0
2024-07-12 19:15:14,900 [INFO] ThirdParty:1030 - CMSIS Pack Vendor :STMicroelectronics X-CUBE-AI 8.1.0
2024-07-12 19:15:14,900 [INFO] ThirdParty:1030 - CMSIS Pack Vendor :wolfSSL I-CUBE-wolfMQTT 1.19.0
2024-07-12 19:15:14,900 [INFO] ThirdParty:1030 - CMSIS Pack Vendor :STMicroelectronics X-CUBE-AZRTOS-L4 2.0.0
2024-07-12 19:15:14,900 [INFO] ThirdParty:1030 - CMSIS Pack Vendor :STMicroelectronics ThreadX 0.0.2
2024-07-12 19:15:14,900 [INFO] ThirdParty:1030 - CMSIS Pack Vendor :WES I-CUBE-Cesium 1.3.0
2024-07-12 19:15:14,900 [INFO] ThirdParty:1030 - CMSIS Pack Vendor :STMicroelectronics lwIP 2.1.2
2024-07-12 19:15:14,900 [INFO] ThirdParty:1030 - CMSIS Pack Vendor :STMicroelectronics X-CUBE-SFXS2LP1 4.0.0
2024-07-12 19:15:14,900 [INFO] ThirdParty:1030 - CMSIS Pack Vendor :STMicroelectronics X-CUBE-BLE2 3.3.0
2024-07-12 19:15:14,900 [INFO] ThirdParty:1030 - CMSIS Pack Vendor :STMicroelectronics X-CUBE-DISPLAY 2.2.0
2024-07-12 19:15:14,900 [INFO] ThirdParty:1030 - CMSIS Pack Vendor :STMicroelectronics X-CUBE-TOF1 3.2.0
2024-07-12 19:15:14,900 [INFO] ThirdParty:1030 - CMSIS Pack Vendor :STMicroelectronics PDM2PCM 3.2.0
2024-07-12 19:15:14,900 [INFO] ThirdParty:1030 - CMSIS Pack Vendor :STMicroelectronics X-CUBE-AZRTOS-H7 3.0.0
2024-07-12 19:15:14,900 [INFO] ThirdParty:1030 - CMSIS Pack Vendor :STMicroelectronics X-CUBE-ISPU 1.0.0
2024-07-12 19:15:14,900 [INFO] ThirdParty:1030 - CMSIS Pack Vendor :STMicroelectronics X-CUBE-ISPU 1.1.0
2024-07-12 19:15:14,900 [INFO] ThirdParty:1030 - CMSIS Pack Vendor :RoweBots I-CUBE-UNISONRTOS 5.5.0-4
2024-07-12 19:15:14,900 [INFO] ThirdParty:1030 - CMSIS Pack Vendor :STMicroelectronics X-CUBE-AZRTOS-H7 2.1.0
2024-07-12 19:15:14,900 [INFO] ThirdParty:1030 - CMSIS Pack Vendor :STMicroelectronics USB_DEVICE 3.0.0
2024-07-12 19:15:14,900 [INFO] ThirdParty:1030 - CMSIS Pack Vendor :STMicroelectronics X-CUBE-TCPP 4.1.0
2024-07-12 19:15:14,900 [INFO] ThirdParty:1030 - CMSIS Pack Vendor :STMicroelectronics X-CUBE-AI 8.0.0
2024-07-12 19:15:14,900 [INFO] ThirdParty:1030 - CMSIS Pack Vendor :STMicroelectronics X-CUBE-AZRTOS-WB 2.0.0
2024-07-12 19:15:14,900 [INFO] ThirdParty:1030 - CMSIS Pack Vendor :STMicroelectronics X-CUBE-FREERTOS 1.0.0
2024-07-12 19:15:14,900 [INFO] ThirdParty:1030 - CMSIS Pack Vendor :STMicroelectronics X-CUBE-FREERTOS 1.0.1
2024-07-12 19:15:14,900 [INFO] ThirdParty:1030 - CMSIS Pack Vendor :STMicroelectronics X-CUBE-TOUCHGFX 4.21.1
2024-07-12 19:15:14,900 [INFO] ThirdParty:1030 - CMSIS Pack Vendor :STMicroelectronics X-CUBE-TOUCHGFX 4.21.3
2024-07-12 19:15:14,900 [INFO] ThirdParty:1030 - CMSIS Pack Vendor :STMicroelectronics X-CUBE-BLEMGR 1.0.0
2024-07-12 19:15:14,900 [INFO] ThirdParty:1030 - CMSIS Pack Vendor :STMicroelectronics X-CUBE-TOUCHGFX 4.21.4
2024-07-12 19:15:14,900 [INFO] ThirdParty:1030 - CMSIS Pack Vendor :STMicroelectronics X-CUBE-MEMS1 9.4.0
2024-07-12 19:15:14,900 [INFO] ThirdParty:1030 - CMSIS Pack Vendor :STMicroelectronics X-CUBE-AI 7.3.0
2024-07-12 19:15:14,900 [INFO] ThirdParty:1030 - CMSIS Pack Vendor :STMicroelectronics X-CUBE-ALGOBUILD 1.3.0
2024-07-12 19:15:14,900 [INFO] ThirdParty:1030 - CMSIS Pack Vendor :STMicroelectronics X-CUBE-AZRTOS-L5 1.1.0
2024-07-12 19:15:14,900 [INFO] ThirdParty:1030 - CMSIS Pack Vendor :STMicroelectronics X-CUBE-AZRTOS-G0 1.1.0
2024-07-12 19:15:14,900 [INFO] ThirdParty:1030 - CMSIS Pack Vendor :STMicroelectronics X-CUBE-AI 8.0.1
2024-07-12 19:15:14,900 [INFO] ThirdParty:1030 - CMSIS Pack Vendor :STMicroelectronics X-CUBE-SAFEA1 1.2.2
2024-07-12 19:15:14,900 [INFO] ThirdParty:1030 - CMSIS Pack Vendor :STMicroelectronics X-CUBE-NFC4 3.0.0
2024-07-12 19:15:14,900 [INFO] ThirdParty:1030 - CMSIS Pack Vendor :SEGGER I-CUBE-embOS 1.2.0
2024-07-12 19:15:14,900 [INFO] ThirdParty:1030 - CMSIS Pack Vendor :STMicroelectronics X-CUBE-SUBG2 5.0.0
2024-07-12 19:15:14,900 [INFO] ThirdParty:1030 - CMSIS Pack Vendor :STMicroelectronics STM32_WPAN 1.0.0
2024-07-12 19:15:14,900 [INFO] ThirdParty:1030 - CMSIS Pack Vendor :EmbeddedOffice I-CUBE-FS-RTOS 1.0.1
2024-07-12 19:15:14,900 [INFO] ThirdParty:1030 - CMSIS Pack Vendor :STMicroelectronics lwIP 2.0.3
2024-07-12 19:15:14,900 [INFO] ThirdParty:1030 - CMSIS Pack Vendor :STMicroelectronics USB_HOST 1.0.0
2024-07-12 19:15:14,900 [INFO] ThirdParty:1030 - CMSIS Pack Vendor :STMicroelectronics X-CUBE-TOF1 3.3.1
2024-07-12 19:15:14,900 [INFO] ThirdParty:1030 - CMSIS Pack Vendor :STMicroelectronics X-CUBE-AZRTOS-G4 2.0.0
2024-07-12 19:15:14,900 [INFO] ThirdParty:1030 - CMSIS Pack Vendor :STMicroelectronics PDM2PCM 3.1.0
2024-07-12 19:15:14,900 [INFO] ThirdParty:1030 - CMSIS Pack Vendor :STMicroelectronics X-CUBE-TOF1 3.3.0
2024-07-12 19:15:14,900 [INFO] ThirdParty:1030 - CMSIS Pack Vendor :STMicroelectronics FP-ATR-ASTRA1 1.1.1
2024-07-12 19:15:14,900 [INFO] ThirdParty:1030 - CMSIS Pack Vendor :Infineon AIROC-Wi-Fi-Bluetooth-STM32 1.5.1
2024-07-12 19:15:14,900 [INFO] ThirdParty:1030 - CMSIS Pack Vendor :STMicroelectronics X-CUBE-BLEMGR 3.0.0
2024-07-12 19:15:14,900 [INFO] ThirdParty:1030 - CMSIS Pack Vendor :STMicroelectronics X-CUBE-BLEMGR 1.3.0
2024-07-12 19:15:14,900 [INFO] ThirdParty:1030 - CMSIS Pack Vendor :RealThread X-CUBE-RT-Thread_Nano 4.1.1
2024-07-12 19:15:14,900 [INFO] ThirdParty:1030 - CMSIS Pack Vendor :STMicroelectronics FP-SNS-MOTENVWB1 1.3.1
2024-07-12 19:15:14,900 [INFO] ThirdParty:1030 - CMSIS Pack Vendor :STMicroelectronics FP-ATR-SIGFOX1 3.2.0
2024-07-12 19:15:14,900 [INFO] ThirdParty:1030 - CMSIS Pack Vendor :STMicroelectronics X-CUBE-AZRTOS-G4 1.0.0
2024-07-12 19:15:14,900 [INFO] ThirdParty:1030 - CMSIS Pack Vendor :STMicroelectronics X-CUBE-AZRTOS-L4 1.0.0
2024-07-12 19:15:14,900 [INFO] ThirdParty:1030 - CMSIS Pack Vendor :STMicroelectronics X-CUBE-ISPU 2.0.0
2024-07-12 19:15:14,900 [INFO] ThirdParty:1030 - CMSIS Pack Vendor :STMicroelectronics X-CUBE-EEPRMA1 5.1.0
2024-07-12 19:15:14,900 [INFO] ThirdParty:1030 - CMSIS Pack Vendor :STMicroelectronics MBEDTLS 2.16.2
2024-07-12 19:15:14,900 [INFO] ThirdParty:1030 - CMSIS Pack Vendor :STMicroelectronics X-CUBE-ALS 1.0.2
2024-07-12 19:15:14,900 [INFO] ThirdParty:1030 - CMSIS Pack Vendor :emotas I-CUBE-CANOPEN 1.1.2
2024-07-12 19:15:14,900 [INFO] ThirdParty:1030 - CMSIS Pack Vendor :STMicroelectronics X-CUBE-TOUCHGFX 4.20.0
2024-07-12 19:15:14,900 [INFO] ThirdParty:1030 - CMSIS Pack Vendor :STMicroelectronics X-CUBE-MEMS1 10.0.0
2024-07-12 19:15:14,900 [INFO] ThirdParty:1030 - CMSIS Pack Vendor :STMicroelectronics X-CUBE-FREERTOS 1.1.0
2024-07-12 19:15:14,900 [INFO] ThirdParty:1030 - CMSIS Pack Vendor :STMicroelectronics X-CUBE-TOUCHGFX 4.24.0
2024-07-12 19:15:14,900 [INFO] ThirdParty:1030 - CMSIS Pack Vendor :STMicroelectronics X-CUBE-AZRTOS-WL 1.0.0
2024-07-12 19:15:14,900 [INFO] ThirdParty:1030 - CMSIS Pack Vendor :portGmbH I-Cube-SoM-uGOAL 1.1.0
2024-07-12 19:15:14,900 [INFO] ThirdParty:1030 - CMSIS Pack Vendor :STMicroelectronics X-CUBE-ALS 1.0.1
2024-07-12 19:15:14,900 [INFO] ThirdParty:1030 - CMSIS Pack Vendor :STMicroelectronics X-CUBE-MEMS1 9.5.0
2024-07-12 19:15:14,900 [INFO] ThirdParty:1030 - CMSIS Pack Vendor :STMicroelectronics ThreadX 1.0.0
2024-07-12 19:15:14,900 [INFO] ThirdParty:1030 - CMSIS Pack Vendor :STMicroelectronics X-CUBE-AZRTOS-WB 1.1.0
2024-07-12 19:15:14,900 [INFO] ThirdParty:1030 - CMSIS Pack Vendor :SEGGER I-CUBE-embOS 1.3.1
2024-07-12 19:15:14,900 [INFO] ThirdParty:1030 - CMSIS Pack Vendor :STMicroelectronics X-CUBE-ALGOBUILD 1.4.0
2024-07-12 19:15:14,900 [INFO] ThirdParty:1030 - CMSIS Pack Vendor :STMicroelectronics X-CUBE-AZRTOS-L5 1.0.0
2024-07-12 19:15:14,900 [INFO] ThirdParty:1030 - CMSIS Pack Vendor :STMicroelectronics X-CUBE-EEPRMA1 3.1.1
2024-07-12 19:15:14,900 [INFO] ThirdParty:1030 - CMSIS Pack Vendor :STMicroelectronics X-CUBE-AZRTOS-H7RS 1.0.0
2024-07-12 19:15:14,900 [INFO] ThirdParty:1030 - CMSIS Pack Vendor :STMicroelectronics FP-ATR-ASTRA1 2.0.0
2024-07-12 19:15:14,900 [INFO] ThirdParty:1030 - CMSIS Pack Vendor :STMicroelectronics X-CUBE-TOF1 3.4.0
2024-07-12 19:15:14,900 [INFO] ThirdParty:1030 - CMSIS Pack Vendor :STMicroelectronics X-CUBE-TOF1 3.4.1
2024-07-12 19:15:14,900 [INFO] ThirdParty:1030 - CMSIS Pack Vendor :STMicroelectronics X-CUBE-AZRTOS-H7 3.2.0
2024-07-12 19:15:14,900 [INFO] ThirdParty:1030 - CMSIS Pack Vendor :wolfSSL I-CUBE-wolfSSH 1.4.17
2024-07-12 19:15:14,900 [INFO] ThirdParty:841 - exiting critical section [change project]
2024-07-12 19:15:15,226 [INFO] PinOutPanel:1561 - setPackage(No Configuration,No Configuration)
2024-07-12 19:15:15,227 [INFO] PinOutPanel:1561 - setPackage(STM32G474RCTx,LQFP64)
2024-07-12 19:15:15,611 [INFO] UtilMem:75 - Before build in PCC Used Memory: 911248304 Bytes (1073741824)
2024-07-12 19:15:16,355 [INFO] UtilMem:75 - After build in PCC Used Memory: 789243816 Bytes (1073741824)
2024-07-12 19:15:16,377 [INFO] IPUIPlugin:80 - create IPUIPlugin
2024-07-12 19:15:16,378 [INFO] IPUIPlugin:80 - create IPUIPlugin
2024-07-12 19:15:16,378 [INFO] IPUIPlugin:80 - create IPUIPlugin
2024-07-12 19:15:16,378 [INFO] IPUIPlugin:80 - create IPUIPlugin
2024-07-12 19:15:16,378 [INFO] IPUIPlugin:80 - create IPUIPlugin
2024-07-12 19:15:16,378 [INFO] IPUIPlugin:80 - create IPUIPlugin
2024-07-12 19:15:16,378 [INFO] IPUIPlugin:80 - create IPUIPlugin
2024-07-12 19:15:16,378 [INFO] IPUIPlugin:80 - create IPUIPlugin
2024-07-12 19:15:16,378 [INFO] IPUIPlugin:80 - create IPUIPlugin
2024-07-12 19:15:16,378 [INFO] IPUIPlugin:80 - create IPUIPlugin
2024-07-12 19:15:16,378 [INFO] IPUIPlugin:80 - create IPUIPlugin
2024-07-12 19:15:16,378 [INFO] IPUIPlugin:80 - create IPUIPlugin
2024-07-12 19:15:16,378 [INFO] IPUIPlugin:80 - create IPUIPlugin
2024-07-12 19:15:16,378 [INFO] IPUIPlugin:80 - create IPUIPlugin
2024-07-12 19:15:16,378 [INFO] IPUIPlugin:80 - create IPUIPlugin
2024-07-12 19:15:16,378 [INFO] IPUIPlugin:80 - create IPUIPlugin
2024-07-12 19:15:16,378 [INFO] IPUIPlugin:80 - create IPUIPlugin
2024-07-12 19:15:16,378 [INFO] IPUIPlugin:80 - create IPUIPlugin
2024-07-12 19:15:16,378 [INFO] IPUIPlugin:80 - create IPUIPlugin
2024-07-12 19:15:16,378 [INFO] IPUIPlugin:80 - create IPUIPlugin
2024-07-12 19:15:16,378 [INFO] IPUIPlugin:80 - create IPUIPlugin
2024-07-12 19:15:16,379 [INFO] IPUIPlugin:80 - create IPUIPlugin
2024-07-12 19:15:16,379 [INFO] IPUIPlugin:80 - create IPUIPlugin
2024-07-12 19:15:16,379 [INFO] IPUIPlugin:80 - create IPUIPlugin
2024-07-12 19:15:16,379 [INFO] IPUIPlugin:80 - create IPUIPlugin
2024-07-12 19:15:16,379 [INFO] IPUIPlugin:80 - create IPUIPlugin
2024-07-12 19:15:16,379 [INFO] IPUIPlugin:80 - create IPUIPlugin
2024-07-12 19:15:16,379 [INFO] IPUIPlugin:80 - create IPUIPlugin
2024-07-12 19:15:16,379 [INFO] IPUIPlugin:80 - create IPUIPlugin
2024-07-12 19:15:16,379 [INFO] IPUIPlugin:80 - create IPUIPlugin
2024-07-12 19:15:16,379 [INFO] IPUIPlugin:80 - create IPUIPlugin
2024-07-12 19:15:16,379 [INFO] IPUIPlugin:80 - create IPUIPlugin
2024-07-12 19:15:16,379 [INFO] IPUIPlugin:80 - create IPUIPlugin
2024-07-12 19:15:16,379 [INFO] IPUIPlugin:80 - create IPUIPlugin
2024-07-12 19:15:16,380 [INFO] IPUIPlugin:80 - create IPUIPlugin
2024-07-12 19:15:16,380 [INFO] IPUIPlugin:80 - create IPUIPlugin
2024-07-12 19:15:16,380 [INFO] IPUIPlugin:80 - create IPUIPlugin
2024-07-12 19:15:16,380 [INFO] IPUIPlugin:80 - create IPUIPlugin
2024-07-12 19:15:16,380 [INFO] IPUIPlugin:80 - create IPUIPlugin
2024-07-12 19:15:16,380 [INFO] IPUIPlugin:80 - create IPUIPlugin
2024-07-12 19:15:16,381 [INFO] IPUIPlugin:80 - create IPUIPlugin
2024-07-12 19:15:16,381 [INFO] IPUIPlugin:80 - create IPUIPlugin
2024-07-12 19:15:16,381 [INFO] IPUIPlugin:80 - create IPUIPlugin
2024-07-12 19:15:16,381 [INFO] IPUIPlugin:80 - create IPUIPlugin
2024-07-12 19:15:16,381 [INFO] IPUIPlugin:80 - create IPUIPlugin
2024-07-12 19:15:16,381 [INFO] IPUIPlugin:80 - create IPUIPlugin
2024-07-12 19:15:16,381 [INFO] IPUIPlugin:80 - create IPUIPlugin
2024-07-12 19:15:16,381 [INFO] IPUIPlugin:80 - create IPUIPlugin
2024-07-12 19:15:16,381 [INFO] IPUIPlugin:80 - create IPUIPlugin
2024-07-12 19:15:16,382 [INFO] IPUIPlugin:80 - create IPUIPlugin
2024-07-12 19:15:16,382 [INFO] IPUIPlugin:80 - create IPUIPlugin
2024-07-12 19:15:16,382 [INFO] IPUIPlugin:80 - create IPUIPlugin
2024-07-12 19:15:16,382 [INFO] IPUIPlugin:80 - create IPUIPlugin
2024-07-12 19:15:16,382 [INFO] IPUIPlugin:80 - create IPUIPlugin
2024-07-12 19:15:16,383 [INFO] IPUIPlugin:80 - create IPUIPlugin
2024-07-12 19:15:16,383 [INFO] IPUIPlugin:80 - create IPUIPlugin
2024-07-12 19:15:16,383 [INFO] IPUIPlugin:80 - create IPUIPlugin
2024-07-12 19:15:16,383 [INFO] IPUIPlugin:80 - create IPUIPlugin
2024-07-12 19:15:16,383 [INFO] IPUIPlugin:80 - create IPUIPlugin
2024-07-12 19:15:16,383 [INFO] IPUIPlugin:80 - create IPUIPlugin
2024-07-12 19:15:16,384 [INFO] IPUIPlugin:80 - create IPUIPlugin
2024-07-12 19:15:16,384 [INFO] IPUIPlugin:80 - create IPUIPlugin
2024-07-12 19:15:16,384 [INFO] IPUIPlugin:80 - create IPUIPlugin
2024-07-12 19:15:16,384 [INFO] IPUIPlugin:80 - create IPUIPlugin
2024-07-12 19:15:16,384 [INFO] IPUIPlugin:80 - create IPUIPlugin
2024-07-12 19:15:16,384 [INFO] IPUIPlugin:80 - create IPUIPlugin
2024-07-12 19:15:16,385 [INFO] IPUIPlugin:80 - create IPUIPlugin
2024-07-12 19:15:16,385 [INFO] IPUIPlugin:80 - create IPUIPlugin
2024-07-12 19:15:16,385 [INFO] IPUIPlugin:80 - create IPUIPlugin
2024-07-12 19:15:16,385 [INFO] IPUIPlugin:80 - create IPUIPlugin
2024-07-12 19:15:16,386 [INFO] IPUIPlugin:80 - create IPUIPlugin
2024-07-12 19:15:16,386 [INFO] IPUIPlugin:80 - create IPUIPlugin
2024-07-12 19:15:16,386 [INFO] IPUIPlugin:80 - create IPUIPlugin
2024-07-12 19:15:16,386 [INFO] IPUIPlugin:80 - create IPUIPlugin
2024-07-12 19:15:16,387 [INFO] IPUIPlugin:80 - create IPUIPlugin
2024-07-12 19:15:16,387 [INFO] IPUIPlugin:80 - create IPUIPlugin
2024-07-12 19:15:16,387 [INFO] IPUIPlugin:80 - create IPUIPlugin
2024-07-12 19:15:16,491 [INFO] CADModel:165 - CPN selected for project levelSTM32G474RCT6
2024-07-12 19:15:16,491 [INFO] CADModel:114 - Register for checkConnection events
2024-07-12 19:15:16,534 [INFO] OpenFileManager:343 - Restore cursor
2024-07-12 19:15:17,059 [INFO] UtilMem:75 - End SaveConfig() Used Memory: 933728272 Bytes (1073741824)
2024-07-12 19:15:17,131 [INFO] UtilMem:75 - End SaveConfig() Used Memory: 764327576 Bytes (1073741824)
2024-07-12 19:15:17,504 [INFO] BlockDiagram:2759 - set Specific Code input for plugin: RCC
2024-07-12 19:15:17,504 [INFO] BlockDiagram:2759 - set Specific Code input for plugin: NVIC
2024-07-12 19:15:17,505 [INFO] CodeGenerator:807 - code generatio: config db path: C:\ST\STM32CubeIDE_1.10.1\STM32CubeIDE\plugins\com.st.stm32cube.common.mx_6.11.1.202404110753\\db\
2024-07-12 19:15:17,593 [INFO] CodeEngine:255 - oldGeneratedFile, D:\Download\DeleteThis\LV_BMS\MXTmpFiles\license.tmp_save
2024-07-12 19:15:17,822 [INFO] CodeEngine:279 - Generated code: D:\Download\DeleteThis\LV_BMS\MXTmpFiles\license.tmp
2024-07-12 19:15:17,841 [INFO] CodeEngine:255 - oldGeneratedFile, D:\Download\DeleteThis\LV_BMS\Core\Src\stm32g4xx_it.c_save
2024-07-12 19:15:17,968 [INFO] CodeEngine:279 - Generated code: D:\Download\DeleteThis\LV_BMS\Core\Src\stm32g4xx_it.c
2024-07-12 19:15:17,977 [INFO] CodeEngine:255 - oldGeneratedFile, D:\Download\DeleteThis\LV_BMS\Core\Inc\stm32g4xx_it.h_save
2024-07-12 19:15:18,073 [INFO] CodeEngine:279 - Generated code: D:\Download\DeleteThis\LV_BMS\Core\Inc\stm32g4xx_it.h
2024-07-12 19:15:18,217 [INFO] CodeEngine:255 - oldGeneratedFile, D:\Download\DeleteThis\LV_BMS\Core\Src\stm32g4xx_hal_msp.c_save
2024-07-12 19:15:18,313 [INFO] CodeEngine:279 - Generated code: D:\Download\DeleteThis\LV_BMS\Core\Src\stm32g4xx_hal_msp.c
2024-07-12 19:15:18,321 [INFO] CodeEngine:255 - oldGeneratedFile, D:\Download\DeleteThis\LV_BMS\MXTmpFiles\system.tmp_save
2024-07-12 19:15:18,371 [INFO] CodeEngine:279 - Generated code: D:\Download\DeleteThis\LV_BMS\MXTmpFiles\system.tmp
2024-07-12 19:15:18,383 [INFO] CodeEngine:311 - oldGeneratedFile, D:\Download\DeleteThis\LV_BMS\Core\Inc\stm32g4xx_hal_conf.h_save
2024-07-12 19:15:18,461 [INFO] CodeEngine:335 - Generated code: D:\Download\DeleteThis\LV_BMS\Core\Inc\stm32g4xx_hal_conf.h
2024-07-12 19:15:18,485 [WARN] IPConfigManager:2982 - Warning: the RefConfig RCC_CommonPeriphClockConfig is not available in your config.xml file
2024-07-12 19:15:18,497 [INFO] CodeEngine:255 - oldGeneratedFile, D:\Download\DeleteThis\LV_BMS\Core\Inc\main.h_save
2024-07-12 19:15:18,577 [INFO] CodeEngine:279 - Generated code: D:\Download\DeleteThis\LV_BMS\Core\Inc\main.h
2024-07-12 19:15:18,586 [INFO] CodeEngine:255 - oldGeneratedFile, D:\Download\DeleteThis\LV_BMS\Core\Src\main.c_save
2024-07-12 19:15:18,690 [INFO] CodeEngine:279 - Generated code: D:\Download\DeleteThis\LV_BMS\Core\Src\main.c
2024-07-12 19:15:19,052 [INFO] ProjectBuilder:3163 - Time for Copy HAL[1] : 154mS.
2024-07-12 19:15:19,057 [INFO] ProjectBuilder:4736 - Project Generator version: 4.3.0-B58
2024-07-12 19:15:19,142 [INFO] ConfigFileManager:1503 - The Die is : DIE469
2024-07-12 19:15:19,153 [INFO] ApiDbMcu:508 - Load IP Config File for FATFS
2024-07-12 19:15:19,161 [INFO] ApiDbMcu:508 - Load IP Config File for FREERTOS
2024-07-12 19:15:19,173 [INFO] ApiDbMcu:508 - Load IP Config File for USBPD
2024-07-12 19:15:19,187 [INFO] ApiDbMcu:508 - Load IP Config File for USB_Device
2024-07-12 19:15:19,632 [INFO] LogOutputStream:77 - [STDOUT_REDIRECT] 
2024-07-12 19:15:21,884 [INFO] ProjectBuilder:5002 - Time for Generating toolchain IDE Files: 2827mS.
2024-07-12 19:15:21,885 [INFO] ProjectBuilder:3034 - Time for Copy CMSIS : 1mS.
2024-07-12 19:15:21,886 [INFO] ProjectBuilder:3034 - Time for Copy CMSIS : 1mS.
2024-07-12 19:15:22,524 [INFO] McuFinderGlobals:76 - Set McuFinderConnectedMode to true
2024-07-12 19:15:22,526 [INFO] ApiDb:448 - Save user favorites file C:\Users\saksh/.stm32cubeide/favorites.mcus.txt: 1 item(s)
2024-07-12 19:15:22,526 [INFO] ApiDb:452 - User favorites MCUs=[STM32F103C8T6]
2024-07-12 19:25:49,263 [INFO] ADCParametersView:116 -                Rank 1 : false
2024-07-12 19:25:49,335 [INFO] ADCParametersView:116 -                Rank 1 : false
2024-07-12 19:25:49,335 [INFO] ADCParametersView:116 -                Rank 1 : false
2024-07-12 19:25:49,335 [INFO] ADCParametersView:116 -                Rank 1 : false
2024-07-12 19:25:49,335 [INFO] ADCParametersView:116 -                Rank 1 : false
2024-07-12 19:25:49,335 [INFO] ADCParametersView:116 -                Rank 1 : false
2024-07-12 19:25:49,335 [INFO] ADCParametersView:116 -                Rank 1 : false
2024-07-12 19:25:49,336 [INFO] ADCParametersView:116 -                Rank 1 : false
2024-07-12 19:25:49,336 [INFO] ADCParametersView:116 -                Rank 1 : false
2024-07-12 19:25:49,336 [INFO] ADCParametersView:116 -                Rank 1 : false
2024-07-12 19:25:49,336 [INFO] ADCParametersView:116 -                Rank 1 : false
2024-07-12 19:25:49,336 [INFO] ADCParametersView:116 -                Rank 1 : false
2024-07-12 19:25:49,336 [INFO] ADCParametersView:116 -                Rank 1 : false
2024-07-12 19:25:49,336 [INFO] ADCParametersView:116 -                Rank 1 : false
2024-07-12 19:25:49,336 [INFO] ADCParametersView:116 -                Rank 1 : false
2024-07-12 19:25:49,336 [INFO] ADCParametersView:116 -                Rank 1 : false
2024-07-12 19:25:49,336 [INFO] ADCParametersView:116 -                Rank 1 : false
2024-07-12 19:25:49,336 [INFO] ADCParametersView:116 -                Rank 1 : false
2024-07-12 19:25:49,336 [INFO] ADCParametersView:116 -                Rank 1 : false
2024-07-12 19:25:49,336 [INFO] ADCParametersView:116 -                Rank 1 : false
2024-07-12 19:25:49,336 [INFO] ADCParametersView:116 -                Rank 1 : false
2024-07-12 19:25:49,336 [INFO] ADCParametersView:116 -                Rank 1 : false
2024-07-12 19:25:49,345 [INFO] ADCParametersView:116 -                Rank 1 : false
2024-07-12 19:25:49,379 [INFO] NvicIntPanel:101 - NVIC parent = com.st.microxplorer.plugins.ip.nvic.MultiNvicIntPanel[,0,0,0x0,invalid,layout=javax.swing.BoxLayout,alignmentX=0.0,alignmentY=0.0,border=,flags=9,maximumSize=,minimumSize=,preferredSize=]
2024-07-12 19:25:49,469 [INFO] ADCParametersView:116 -                Rank 1 : false
2024-07-12 19:25:49,470 [INFO] ADCParametersView:116 -                Rank 1 : false
2024-07-12 19:25:49,470 [INFO] ADCParametersView:116 -                Rank 1 : false
2024-07-12 19:25:49,470 [INFO] ADCParametersView:116 -                Rank 1 : false
2024-07-12 19:25:49,470 [INFO] ADCParametersView:116 -                Rank 1 : false
2024-07-12 19:25:49,470 [INFO] ADCParametersView:116 -                Rank 1 : false
2024-07-12 19:25:49,470 [INFO] ADCParametersView:116 -                Rank 1 : false
2024-07-12 19:25:49,470 [INFO] ADCParametersView:116 -                Rank 1 : false
2024-07-12 19:25:49,470 [INFO] ADCParametersView:116 -                Rank 1 : false
2024-07-12 19:25:49,470 [INFO] ADCParametersView:116 -                Rank 1 : false
2024-07-12 19:25:49,470 [INFO] ADCParametersView:116 -                Rank 1 : false
2024-07-12 19:25:49,470 [INFO] ADCParametersView:116 -                Rank 1 : false
2024-07-12 19:25:49,470 [INFO] ADCParametersView:116 -                Rank 1 : false
2024-07-12 19:25:49,470 [INFO] ADCParametersView:116 -                Rank 1 : false
2024-07-12 19:25:49,470 [INFO] ADCParametersView:116 -                Rank 1 : false
2024-07-12 19:25:49,470 [INFO] ADCParametersView:116 -                Rank 1 : false
2024-07-12 19:25:49,470 [INFO] ADCParametersView:116 -                Rank 1 : false
2024-07-12 19:25:49,470 [INFO] ADCParametersView:116 -                Rank 1 : false
2024-07-12 19:25:49,470 [INFO] ADCParametersView:116 -                Rank 1 : false
2024-07-12 19:25:49,470 [INFO] ADCParametersView:116 -                Rank 1 : false
2024-07-12 19:25:49,471 [INFO] ADCParametersView:116 -                Rank 1 : false
2024-07-12 19:25:49,480 [INFO] ADCParametersView:116 -                Rank 1 : false
2024-07-12 19:25:49,496 [INFO] ADCParametersView:116 -                Rank 1 : false
2024-07-12 19:25:49,496 [INFO] ADCParametersView:116 -                Rank 1 : false
2024-07-12 19:25:49,496 [INFO] ADCParametersView:116 -                Rank 1 : false
2024-07-12 19:25:49,496 [INFO] ADCParametersView:116 -                Rank 1 : false
2024-07-12 19:25:49,496 [INFO] ADCParametersView:116 -                Rank 1 : false
2024-07-12 19:25:49,497 [INFO] ADCParametersView:116 -                Rank 1 : false
2024-07-12 19:25:49,497 [INFO] ADCParametersView:116 -                Rank 1 : false
2024-07-12 19:25:49,497 [INFO] ADCParametersView:116 -                Rank 1 : false
2024-07-12 19:25:49,497 [INFO] ADCParametersView:116 -                Rank 1 : false
2024-07-12 19:25:49,497 [INFO] ADCParametersView:116 -                Rank 1 : false
2024-07-12 19:25:49,497 [INFO] ADCParametersView:116 -                Rank 1 : false
2024-07-12 19:25:49,497 [INFO] ADCParametersView:116 -                Rank 1 : false
2024-07-12 19:25:49,497 [INFO] ADCParametersView:116 -                Rank 1 : false
2024-07-12 19:25:49,497 [INFO] ADCParametersView:116 -                Rank 1 : false
2024-07-12 19:25:49,497 [INFO] ADCParametersView:116 -                Rank 1 : false
2024-07-12 19:25:49,497 [INFO] ADCParametersView:116 -                Rank 1 : false
2024-07-12 19:25:49,498 [INFO] ADCParametersView:116 -                Rank 1 : false
2024-07-12 19:25:49,498 [INFO] ADCParametersView:116 -                Rank 1 : false
2024-07-12 19:25:49,498 [INFO] ADCParametersView:116 -                Rank 1 : false
2024-07-12 19:25:49,498 [INFO] ADCParametersView:116 -                Rank 1 : false
2024-07-12 19:25:49,498 [INFO] ADCParametersView:116 -                Rank 1 : false
2024-07-12 19:25:49,509 [INFO] ADCParametersView:116 -                Rank 1 : false
2024-07-12 19:25:49,559 [INFO] ADCParametersView:116 -                Rank 1 : false
2024-07-12 19:25:49,559 [INFO] ADCParametersView:116 -                Rank 1 : false
2024-07-12 19:25:49,559 [INFO] ADCParametersView:116 -                Rank 1 : false
2024-07-12 19:25:49,559 [INFO] ADCParametersView:116 -                Rank 1 : false
2024-07-12 19:25:49,559 [INFO] ADCParametersView:116 -                Rank 1 : false
2024-07-12 19:25:49,559 [INFO] ADCParametersView:116 -                Rank 1 : false
2024-07-12 19:25:49,559 [INFO] ADCParametersView:116 -                Rank 1 : false
2024-07-12 19:25:49,559 [INFO] ADCParametersView:116 -                Rank 1 : false
2024-07-12 19:25:49,559 [INFO] ADCParametersView:116 -                Rank 1 : false
2024-07-12 19:25:49,559 [INFO] ADCParametersView:116 -                Rank 1 : false
2024-07-12 19:25:49,560 [INFO] ADCParametersView:116 -                Rank 1 : false
2024-07-12 19:25:49,560 [INFO] ADCParametersView:116 -                Rank 1 : false
2024-07-12 19:25:49,560 [INFO] ADCParametersView:116 -                Rank 1 : false
2024-07-12 19:25:49,560 [INFO] ADCParametersView:116 -                Rank 1 : false
2024-07-12 19:25:49,560 [INFO] ADCParametersView:116 -                Rank 1 : false
2024-07-12 19:25:49,560 [INFO] ADCParametersView:116 -                Rank 1 : false
2024-07-12 19:25:49,560 [INFO] ADCParametersView:116 -                Rank 1 : false
2024-07-12 19:25:49,560 [INFO] ADCParametersView:116 -                Rank 1 : false
2024-07-12 19:25:49,560 [INFO] ADCParametersView:116 -                Rank 1 : false
2024-07-12 19:25:49,560 [INFO] ADCParametersView:116 -                Rank 1 : false
2024-07-12 19:25:49,560 [INFO] ADCParametersView:116 -                Rank 1 : false
2024-07-12 19:25:49,569 [INFO] ADCParametersView:116 -                Rank 1 : false
2024-07-12 19:25:49,582 [INFO] ADCParametersView:116 -                Rank 1 : false
2024-07-12 19:25:49,582 [INFO] ADCParametersView:116 -                Rank 1 : false
2024-07-12 19:25:49,582 [INFO] ADCParametersView:116 -                Rank 1 : false
2024-07-12 19:25:49,582 [INFO] ADCParametersView:116 -                Rank 1 : false
2024-07-12 19:25:49,583 [INFO] ADCParametersView:116 -                Rank 1 : false
2024-07-12 19:25:49,583 [INFO] ADCParametersView:116 -                Rank 1 : false
2024-07-12 19:25:49,583 [INFO] ADCParametersView:116 -                Rank 1 : false
2024-07-12 19:25:49,583 [INFO] ADCParametersView:116 -                Rank 1 : false
2024-07-12 19:25:49,583 [INFO] ADCParametersView:116 -                Rank 1 : false
2024-07-12 19:25:49,583 [INFO] ADCParametersView:116 -                Rank 1 : false
2024-07-12 19:25:49,583 [INFO] ADCParametersView:116 -                Rank 1 : false
2024-07-12 19:25:49,583 [INFO] ADCParametersView:116 -                Rank 1 : false
2024-07-12 19:25:49,583 [INFO] ADCParametersView:116 -                Rank 1 : false
2024-07-12 19:25:49,583 [INFO] ADCParametersView:116 -                Rank 1 : false
2024-07-12 19:25:49,583 [INFO] ADCParametersView:116 -                Rank 1 : false
2024-07-12 19:25:49,583 [INFO] ADCParametersView:116 -                Rank 1 : false
2024-07-12 19:25:49,583 [INFO] ADCParametersView:116 -                Rank 1 : false
2024-07-12 19:25:49,583 [INFO] ADCParametersView:116 -                Rank 1 : false
2024-07-12 19:25:49,583 [INFO] ADCParametersView:116 -                Rank 1 : false
2024-07-12 19:25:49,583 [INFO] ADCParametersView:116 -                Rank 1 : false
2024-07-12 19:25:49,583 [INFO] ADCParametersView:116 -                Rank 1 : false
2024-07-12 19:25:49,591 [INFO] ADCParametersView:116 -                Rank 1 : false
2024-07-12 19:25:49,698 [INFO] ADCParametersView:116 -                Rank 1 : false
2024-07-12 19:25:49,698 [INFO] ADCParametersView:116 -                Rank 1 : false
2024-07-12 19:25:49,699 [INFO] ADCParametersView:116 -                Rank 1 : false
2024-07-12 19:25:49,699 [INFO] ADCParametersView:116 -                Rank 1 : false
2024-07-12 19:25:49,699 [INFO] ADCParametersView:116 -                Rank 1 : false
2024-07-12 19:25:49,699 [INFO] ADCParametersView:116 -                Rank 1 : false
2024-07-12 19:25:49,699 [INFO] ADCParametersView:116 -                Rank 1 : false
2024-07-12 19:25:49,699 [INFO] ADCParametersView:116 -                Rank 1 : false
2024-07-12 19:25:49,699 [INFO] ADCParametersView:116 -                Rank 1 : false
2024-07-12 19:25:49,699 [INFO] ADCParametersView:116 -                Rank 1 : false
2024-07-12 19:25:49,699 [INFO] ADCParametersView:116 -                Rank 1 : false
2024-07-12 19:25:49,699 [INFO] ADCParametersView:116 -                Rank 1 : false
2024-07-12 19:25:49,699 [INFO] ADCParametersView:116 -                Rank 1 : false
2024-07-12 19:25:49,699 [INFO] ADCParametersView:116 -                Rank 1 : false
2024-07-12 19:25:49,699 [INFO] ADCParametersView:116 -                Rank 1 : false
2024-07-12 19:25:49,699 [INFO] ADCParametersView:116 -                Rank 1 : false
2024-07-12 19:25:49,699 [INFO] ADCParametersView:116 -                Rank 1 : false
2024-07-12 19:25:49,699 [INFO] ADCParametersView:116 -                Rank 1 : false
2024-07-12 19:25:49,699 [INFO] ADCParametersView:116 -                Rank 1 : false
2024-07-12 19:25:49,699 [INFO] ADCParametersView:116 -                Rank 1 : false
2024-07-12 19:25:49,699 [INFO] ADCParametersView:116 -                Rank 1 : false
2024-07-12 19:25:49,707 [INFO] ADCParametersView:116 -                Rank 1 : false
2024-07-12 19:25:49,722 [INFO] ADCParametersView:116 -                Rank 1 : false
2024-07-12 19:25:49,722 [INFO] ADCParametersView:116 -                Rank 1 : false
2024-07-12 19:25:49,722 [INFO] ADCParametersView:116 -                Rank 1 : false
2024-07-12 19:25:49,722 [INFO] ADCParametersView:116 -                Rank 1 : false
2024-07-12 19:25:49,722 [INFO] ADCParametersView:116 -                Rank 1 : false
2024-07-12 19:25:49,722 [INFO] ADCParametersView:116 -                Rank 1 : false
2024-07-12 19:25:49,722 [INFO] ADCParametersView:116 -                Rank 1 : false
2024-07-12 19:25:49,722 [INFO] ADCParametersView:116 -                Rank 1 : false
2024-07-12 19:25:49,722 [INFO] ADCParametersView:116 -                Rank 1 : false
2024-07-12 19:25:49,722 [INFO] ADCParametersView:116 -                Rank 1 : false
2024-07-12 19:25:49,722 [INFO] ADCParametersView:116 -                Rank 1 : false
2024-07-12 19:25:49,722 [INFO] ADCParametersView:116 -                Rank 1 : false
2024-07-12 19:25:49,723 [INFO] ADCParametersView:116 -                Rank 1 : false
2024-07-12 19:25:49,723 [INFO] ADCParametersView:116 -                Rank 1 : false
2024-07-12 19:25:49,723 [INFO] ADCParametersView:116 -                Rank 1 : false
2024-07-12 19:25:49,723 [INFO] ADCParametersView:116 -                Rank 1 : false
2024-07-12 19:25:49,723 [INFO] ADCParametersView:116 -                Rank 1 : false
2024-07-12 19:25:49,723 [INFO] ADCParametersView:116 -                Rank 1 : false
2024-07-12 19:25:49,723 [INFO] ADCParametersView:116 -                Rank 1 : false
2024-07-12 19:25:49,723 [INFO] ADCParametersView:116 -                Rank 1 : false
2024-07-12 19:25:49,723 [INFO] ADCParametersView:116 -                Rank 1 : false
2024-07-12 19:25:49,730 [INFO] ADCParametersView:116 -                Rank 1 : false
2024-07-12 19:25:55,412 [INFO] ADCParametersView:116 -                Rank 1 : false
2024-07-12 19:25:55,416 [INFO] ADCParametersView:116 -                Rank 1 : false
2024-07-12 19:25:55,417 [INFO] ADCParametersView:116 -                Rank 1 : false
2024-07-12 19:25:55,417 [INFO] ADCParametersView:116 -                Rank 1 : false
2024-07-12 19:25:55,417 [INFO] ADCParametersView:116 -                Rank 1 : false
2024-07-12 19:25:55,417 [INFO] ADCParametersView:116 -                Rank 1 : false
2024-07-12 19:25:55,417 [INFO] ADCParametersView:116 -                Rank 1 : false
2024-07-12 19:25:55,417 [INFO] ADCParametersView:116 -                Rank 1 : false
2024-07-12 19:25:55,417 [INFO] ADCParametersView:116 -                Rank 1 : false
2024-07-12 19:25:55,417 [INFO] ADCParametersView:116 -                Rank 1 : false
2024-07-12 19:25:55,417 [INFO] ADCParametersView:116 -                Rank 1 : false
2024-07-12 19:25:55,417 [INFO] ADCParametersView:116 -                Rank 1 : false
2024-07-12 19:25:55,417 [INFO] ADCParametersView:116 -                Rank 1 : false
2024-07-12 19:25:55,417 [INFO] ADCParametersView:116 -                Rank 1 : false
2024-07-12 19:25:55,417 [INFO] ADCParametersView:116 -                Rank 1 : false
2024-07-12 19:25:55,417 [INFO] ADCParametersView:116 -                Rank 1 : false
2024-07-12 19:25:55,417 [INFO] ADCParametersView:116 -                Rank 1 : false
2024-07-12 19:25:55,417 [INFO] ADCParametersView:116 -                Rank 1 : false
2024-07-12 19:25:55,417 [INFO] ADCParametersView:116 -                Rank 1 : false
2024-07-12 19:25:55,417 [INFO] ADCParametersView:116 -                Rank 1 : false
2024-07-12 19:25:55,417 [INFO] ADCParametersView:116 -                Rank 1 : false
2024-07-12 19:25:55,425 [INFO] ADCParametersView:116 -                Rank 1 : false
2024-07-12 19:25:55,440 [INFO] ADCParametersView:116 -                Rank 1 : false
2024-07-12 19:25:55,441 [INFO] ADCParametersView:116 -                Rank 1 : false
2024-07-12 19:25:55,441 [INFO] ADCParametersView:116 -                Rank 1 : false
2024-07-12 19:25:55,441 [INFO] ADCParametersView:116 -                Rank 1 : false
2024-07-12 19:25:55,441 [INFO] ADCParametersView:116 -                Rank 1 : false
2024-07-12 19:25:55,441 [INFO] ADCParametersView:116 -                Rank 1 : false
2024-07-12 19:25:55,441 [INFO] ADCParametersView:116 -                Rank 1 : false
2024-07-12 19:25:55,441 [INFO] ADCParametersView:116 -                Rank 1 : false
2024-07-12 19:25:55,441 [INFO] ADCParametersView:116 -                Rank 1 : false
2024-07-12 19:25:55,441 [INFO] ADCParametersView:116 -                Rank 1 : false
2024-07-12 19:25:55,441 [INFO] ADCParametersView:116 -                Rank 1 : false
2024-07-12 19:25:55,441 [INFO] ADCParametersView:116 -                Rank 1 : false
2024-07-12 19:25:55,441 [INFO] ADCParametersView:116 -                Rank 1 : false
2024-07-12 19:25:55,441 [INFO] ADCParametersView:116 -                Rank 1 : false
2024-07-12 19:25:55,442 [INFO] ADCParametersView:116 -                Rank 1 : false
2024-07-12 19:25:55,442 [INFO] ADCParametersView:116 -                Rank 1 : false
2024-07-12 19:25:55,442 [INFO] ADCParametersView:116 -                Rank 1 : false
2024-07-12 19:25:55,442 [INFO] ADCParametersView:116 -                Rank 1 : false
2024-07-12 19:25:55,442 [INFO] ADCParametersView:116 -                Rank 1 : false
2024-07-12 19:25:55,442 [INFO] ADCParametersView:116 -                Rank 1 : false
2024-07-12 19:25:55,442 [INFO] ADCParametersView:116 -                Rank 1 : false
2024-07-12 19:25:55,449 [INFO] ADCParametersView:116 -                Rank 1 : false
2024-07-12 19:25:55,482 [INFO] ADCParametersView:116 -                Rank 1 : false
2024-07-12 19:25:55,484 [INFO] ADCParametersView:116 -                Rank 1 : false
2024-07-12 19:25:55,484 [INFO] ADCParametersView:116 -                Rank 1 : false
2024-07-12 19:25:55,484 [INFO] ADCParametersView:116 -                Rank 1 : false
2024-07-12 19:25:55,484 [INFO] ADCParametersView:116 -                Rank 1 : false
2024-07-12 19:25:55,484 [INFO] ADCParametersView:116 -                Rank 1 : false
2024-07-12 19:25:55,484 [INFO] ADCParametersView:116 -                Rank 1 : false
2024-07-12 19:25:55,485 [INFO] ADCParametersView:116 -                Rank 1 : false
2024-07-12 19:25:55,485 [INFO] ADCParametersView:116 -                Rank 1 : false
2024-07-12 19:25:55,485 [INFO] ADCParametersView:116 -                Rank 1 : false
2024-07-12 19:25:55,485 [INFO] ADCParametersView:116 -                Rank 1 : false
2024-07-12 19:25:55,485 [INFO] ADCParametersView:116 -                Rank 1 : false
2024-07-12 19:25:55,485 [INFO] ADCParametersView:116 -                Rank 1 : false
2024-07-12 19:25:55,485 [INFO] ADCParametersView:116 -                Rank 1 : false
2024-07-12 19:25:55,485 [INFO] ADCParametersView:116 -                Rank 1 : false
2024-07-12 19:25:55,485 [INFO] ADCParametersView:116 -                Rank 1 : false
2024-07-12 19:25:55,485 [INFO] ADCParametersView:116 -                Rank 1 : false
2024-07-12 19:25:55,485 [INFO] ADCParametersView:116 -                Rank 1 : false
2024-07-12 19:25:55,485 [INFO] ADCParametersView:116 -                Rank 1 : false
2024-07-12 19:25:55,485 [INFO] ADCParametersView:116 -                Rank 1 : false
2024-07-12 19:25:55,485 [INFO] ADCParametersView:116 -                Rank 1 : false
2024-07-12 19:25:55,502 [INFO] ADCParametersView:116 -                Rank 1 : false
2024-07-12 19:26:02,019 [INFO] NvicIntPanel:101 - NVIC parent = com.st.microxplorer.plugins.ip.nvic.MultiNvicIntPanel[,0,0,0x0,invalid,layout=javax.swing.BoxLayout,alignmentX=0.0,alignmentY=0.0,border=,flags=9,maximumSize=,minimumSize=,preferredSize=]
2024-07-12 19:26:02,055 [INFO] ADCParametersView:116 -                Rank 1 : false
2024-07-12 19:26:02,056 [INFO] ADCParametersView:116 -                Rank 1 : false
2024-07-12 19:26:02,056 [INFO] ADCParametersView:116 -                Rank 1 : false
2024-07-12 19:26:02,056 [INFO] ADCParametersView:116 -                Rank 1 : false
2024-07-12 19:26:02,057 [INFO] ADCParametersView:116 -                Rank 1 : false
2024-07-12 19:26:02,057 [INFO] ADCParametersView:116 -                Rank 1 : false
2024-07-12 19:26:02,057 [INFO] ADCParametersView:116 -                Rank 1 : false
2024-07-12 19:26:02,057 [INFO] ADCParametersView:116 -                Rank 1 : false
2024-07-12 19:26:02,057 [INFO] ADCParametersView:116 -                Rank 1 : false
2024-07-12 19:26:02,057 [INFO] ADCParametersView:116 -                Rank 1 : false
2024-07-12 19:26:02,057 [INFO] ADCParametersView:116 -                Rank 1 : false
2024-07-12 19:26:02,057 [INFO] ADCParametersView:116 -                Rank 1 : false
2024-07-12 19:26:02,057 [INFO] ADCParametersView:116 -                Rank 1 : false
2024-07-12 19:26:02,057 [INFO] ADCParametersView:116 -                Rank 1 : false
2024-07-12 19:26:02,057 [INFO] ADCParametersView:116 -                Rank 1 : false
2024-07-12 19:26:02,057 [INFO] ADCParametersView:116 -                Rank 1 : false
2024-07-12 19:26:02,057 [INFO] ADCParametersView:116 -                Rank 1 : false
2024-07-12 19:26:02,057 [INFO] ADCParametersView:116 -                Rank 1 : false
2024-07-12 19:26:02,057 [INFO] ADCParametersView:116 -                Rank 1 : false
2024-07-12 19:26:02,057 [INFO] ADCParametersView:116 -                Rank 1 : false
2024-07-12 19:26:02,057 [INFO] ADCParametersView:116 -                Rank 1 : false
2024-07-12 19:26:02,071 [INFO] ADCParametersView:116 -                Rank 1 : false
2024-07-12 19:26:09,156 [INFO] NvicIntPanel:101 - NVIC parent = com.st.microxplorer.plugins.ip.nvic.MultiNvicIntPanel[,0,0,0x0,invalid,layout=javax.swing.BoxLayout,alignmentX=0.0,alignmentY=0.0,border=,flags=9,maximumSize=,minimumSize=,preferredSize=]
2024-07-12 19:26:09,185 [INFO] ADCParametersView:116 -                Rank 1 : false
2024-07-12 19:26:09,186 [INFO] ADCParametersView:116 -                Rank 1 : false
2024-07-12 19:26:09,186 [INFO] ADCParametersView:116 -                Rank 1 : false
2024-07-12 19:26:09,186 [INFO] ADCParametersView:116 -                Rank 1 : false
2024-07-12 19:26:09,186 [INFO] ADCParametersView:116 -                Rank 1 : false
2024-07-12 19:26:09,186 [INFO] ADCParametersView:116 -                Rank 1 : false
2024-07-12 19:26:09,186 [INFO] ADCParametersView:116 -                Rank 1 : false
2024-07-12 19:26:09,186 [INFO] ADCParametersView:116 -                Rank 1 : false
2024-07-12 19:26:09,186 [INFO] ADCParametersView:116 -                Rank 1 : false
2024-07-12 19:26:09,187 [INFO] ADCParametersView:116 -                Rank 1 : false
2024-07-12 19:26:09,187 [INFO] ADCParametersView:116 -                Rank 1 : false
2024-07-12 19:26:09,187 [INFO] ADCParametersView:116 -                Rank 1 : false
2024-07-12 19:26:09,187 [INFO] ADCParametersView:116 -                Rank 1 : false
2024-07-12 19:26:09,187 [INFO] ADCParametersView:116 -                Rank 1 : false
2024-07-12 19:26:09,187 [INFO] ADCParametersView:116 -                Rank 1 : false
2024-07-12 19:26:09,187 [INFO] ADCParametersView:116 -                Rank 1 : false
2024-07-12 19:26:09,187 [INFO] ADCParametersView:116 -                Rank 1 : false
2024-07-12 19:26:09,187 [INFO] ADCParametersView:116 -                Rank 1 : false
2024-07-12 19:26:09,187 [INFO] ADCParametersView:116 -                Rank 1 : false
2024-07-12 19:26:09,187 [INFO] ADCParametersView:116 -                Rank 1 : false
2024-07-12 19:26:09,187 [INFO] ADCParametersView:116 -                Rank 1 : false
2024-07-12 19:26:09,202 [INFO] ADCParametersView:116 -                Rank 1 : false
2024-07-12 19:26:12,788 [INFO] NvicIntPanel:101 - NVIC parent = com.st.microxplorer.plugins.ip.nvic.MultiNvicIntPanel[,0,0,0x0,invalid,layout=javax.swing.BoxLayout,alignmentX=0.0,alignmentY=0.0,border=,flags=9,maximumSize=,minimumSize=,preferredSize=]
2024-07-12 19:26:12,819 [INFO] ADCParametersView:116 -                Rank 1 : false
2024-07-12 19:26:12,820 [INFO] ADCParametersView:116 -                Rank 1 : false
2024-07-12 19:26:12,820 [INFO] ADCParametersView:116 -                Rank 1 : false
2024-07-12 19:26:12,820 [INFO] ADCParametersView:116 -                Rank 1 : false
2024-07-12 19:26:12,820 [INFO] ADCParametersView:116 -                Rank 1 : false
2024-07-12 19:26:12,820 [INFO] ADCParametersView:116 -                Rank 1 : false
2024-07-12 19:26:12,820 [INFO] ADCParametersView:116 -                Rank 1 : false
2024-07-12 19:26:12,820 [INFO] ADCParametersView:116 -                Rank 1 : false
2024-07-12 19:26:12,820 [INFO] ADCParametersView:116 -                Rank 1 : false
2024-07-12 19:26:12,820 [INFO] ADCParametersView:116 -                Rank 1 : false
2024-07-12 19:26:12,820 [INFO] ADCParametersView:116 -                Rank 1 : false
2024-07-12 19:26:12,820 [INFO] ADCParametersView:116 -                Rank 1 : false
2024-07-12 19:26:12,820 [INFO] ADCParametersView:116 -                Rank 1 : false
2024-07-12 19:26:12,820 [INFO] ADCParametersView:116 -                Rank 1 : false
2024-07-12 19:26:12,820 [INFO] ADCParametersView:116 -                Rank 1 : false
2024-07-12 19:26:12,821 [INFO] ADCParametersView:116 -                Rank 1 : false
2024-07-12 19:26:12,821 [INFO] ADCParametersView:116 -                Rank 1 : false
2024-07-12 19:26:12,821 [INFO] ADCParametersView:116 -                Rank 1 : false
2024-07-12 19:26:12,821 [INFO] ADCParametersView:116 -                Rank 1 : false
2024-07-12 19:26:12,821 [INFO] ADCParametersView:116 -                Rank 1 : false
2024-07-12 19:26:12,821 [INFO] ADCParametersView:116 -                Rank 1 : false
2024-07-12 19:26:12,821 [INFO] ADCParametersView:116 -                Rank 1 : false
2024-07-12 19:26:12,821 [INFO] ADCParametersView:116 -                Rank 1 : false
2024-07-12 19:26:12,821 [INFO] ADCParametersView:116 -                Rank 1 : false
2024-07-12 19:26:12,821 [INFO] ADCParametersView:116 -                Rank 1 : false
2024-07-12 19:26:12,836 [INFO] ADCParametersView:116 -                Rank 1 : false
2024-07-12 19:26:15,699 [INFO] NvicIntPanel:101 - NVIC parent = com.st.microxplorer.plugins.ip.nvic.MultiNvicIntPanel[,0,0,0x0,invalid,layout=javax.swing.BoxLayout,alignmentX=0.0,alignmentY=0.0,border=,flags=9,maximumSize=,minimumSize=,preferredSize=]
2024-07-12 19:26:15,727 [INFO] ADCParametersView:116 -                Rank 1 : false
2024-07-12 19:26:15,728 [INFO] ADCParametersView:116 -                Rank 1 : false
2024-07-12 19:26:15,728 [INFO] ADCParametersView:116 -                Rank 1 : false
2024-07-12 19:26:15,728 [INFO] ADCParametersView:116 -                Rank 1 : false
2024-07-12 19:26:15,728 [INFO] ADCParametersView:116 -                Rank 1 : false
2024-07-12 19:26:15,728 [INFO] ADCParametersView:116 -                Rank 1 : false
2024-07-12 19:26:15,728 [INFO] ADCParametersView:116 -                Rank 1 : false
2024-07-12 19:26:15,728 [INFO] ADCParametersView:116 -                Rank 1 : false
2024-07-12 19:26:15,728 [INFO] ADCParametersView:116 -                Rank 1 : false
2024-07-12 19:26:15,728 [INFO] ADCParametersView:116 -                Rank 1 : false
2024-07-12 19:26:15,728 [INFO] ADCParametersView:116 -                Rank 1 : false
2024-07-12 19:26:15,728 [INFO] ADCParametersView:116 -                Rank 1 : false
2024-07-12 19:26:15,728 [INFO] ADCParametersView:116 -                Rank 1 : false
2024-07-12 19:26:15,728 [INFO] ADCParametersView:116 -                Rank 1 : false
2024-07-12 19:26:15,728 [INFO] ADCParametersView:116 -                Rank 1 : false
2024-07-12 19:26:15,728 [INFO] ADCParametersView:116 -                Rank 1 : false
2024-07-12 19:26:15,729 [INFO] ADCParametersView:116 -                Rank 1 : false
2024-07-12 19:26:15,729 [INFO] ADCParametersView:116 -                Rank 1 : false
2024-07-12 19:26:15,729 [INFO] ADCParametersView:116 -                Rank 1 : false
2024-07-12 19:26:15,729 [INFO] ADCParametersView:116 -                Rank 1 : false
2024-07-12 19:26:15,729 [INFO] ADCParametersView:116 -                Rank 1 : false
2024-07-12 19:26:15,729 [INFO] ADCParametersView:116 -                Rank 1 : false
2024-07-12 19:26:15,729 [INFO] ADCParametersView:116 -                Rank 1 : false
2024-07-12 19:26:15,729 [INFO] ADCParametersView:116 -                Rank 1 : false
2024-07-12 19:26:15,729 [INFO] ADCParametersView:116 -                Rank 1 : false
2024-07-12 19:26:15,743 [INFO] ADCParametersView:116 -                Rank 1 : false
2024-07-12 19:26:22,590 [INFO] UtilMem:75 - End SaveConfig() Used Memory: 831981536 Bytes (1073741824)
2024-07-12 19:26:23,678 [INFO] UtilMem:75 - End SaveConfig() Used Memory: 861341664 Bytes (1073741824)
2024-07-12 19:26:24,897 [INFO] UtilMem:75 - End SaveConfig() Used Memory: 914819040 Bytes (1073741824)
2024-07-12 19:26:25,038 [INFO] BlockDiagram:2759 - set Specific Code input for plugin: SYS
2024-07-12 19:26:25,038 [INFO] BlockDiagram:2759 - set Specific Code input for plugin: ADC
2024-07-12 19:26:25,038 [INFO] BlockDiagram:2759 - set Specific Code input for plugin: RCC
2024-07-12 19:26:25,038 [INFO] BlockDiagram:2759 - set Specific Code input for plugin: NVIC
2024-07-12 19:26:25,038 [INFO] BlockDiagram:2759 - set Specific Code input for plugin: GPIO
2024-07-12 19:26:25,039 [INFO] CodeGenerator:807 - code generatio: config db path: C:\ST\STM32CubeIDE_1.10.1\STM32CubeIDE\plugins\com.st.stm32cube.common.mx_6.11.1.202404110753\\db\
2024-07-12 19:26:25,091 [INFO] CodeEngine:255 - oldGeneratedFile, D:\Download\DeleteThis\LV_BMS\MXTmpFiles\license.tmp_save
2024-07-12 19:26:25,157 [INFO] CodeEngine:279 - Generated code: D:\Download\DeleteThis\LV_BMS\MXTmpFiles\license.tmp
2024-07-12 19:26:25,199 [INFO] CodeEngine:255 - oldGeneratedFile, D:\Download\DeleteThis\LV_BMS\MXTmpFiles\gpio.tmp_save
2024-07-12 19:26:25,270 [INFO] CodeEngine:279 - Generated code: D:\Download\DeleteThis\LV_BMS\MXTmpFiles\gpio.tmp
2024-07-12 19:26:25,336 [INFO] CodeEngine:255 - oldGeneratedFile, D:\Download\DeleteThis\LV_BMS\Core\Src\stm32g4xx_it.c_save
2024-07-12 19:26:25,468 [INFO] CodeEngine:279 - Generated code: D:\Download\DeleteThis\LV_BMS\Core\Src\stm32g4xx_it.c
2024-07-12 19:26:25,473 [INFO] CodeEngine:255 - oldGeneratedFile, D:\Download\DeleteThis\LV_BMS\Core\Inc\stm32g4xx_it.h_save
2024-07-12 19:26:25,515 [INFO] CodeEngine:279 - Generated code: D:\Download\DeleteThis\LV_BMS\Core\Inc\stm32g4xx_it.h
2024-07-12 19:26:25,533 [INFO] CodeEngine:255 - oldGeneratedFile, D:\Download\DeleteThis\LV_BMS\Core\Src\stm32g4xx_hal_msp.c_save
2024-07-12 19:26:25,628 [INFO] CodeEngine:279 - Generated code: D:\Download\DeleteThis\LV_BMS\Core\Src\stm32g4xx_hal_msp.c
2024-07-12 19:26:25,632 [INFO] CodeEngine:255 - oldGeneratedFile, D:\Download\DeleteThis\LV_BMS\MXTmpFiles\system.tmp_save
2024-07-12 19:26:25,683 [INFO] CodeEngine:279 - Generated code: D:\Download\DeleteThis\LV_BMS\MXTmpFiles\system.tmp
2024-07-12 19:26:25,695 [INFO] CodeEngine:311 - oldGeneratedFile, D:\Download\DeleteThis\LV_BMS\Core\Inc\stm32g4xx_hal_conf.h_save
2024-07-12 19:26:25,755 [INFO] CodeEngine:335 - Generated code: D:\Download\DeleteThis\LV_BMS\Core\Inc\stm32g4xx_hal_conf.h
2024-07-12 19:26:25,776 [WARN] IPConfigManager:2982 - Warning: the RefConfig RCC_CommonPeriphClockConfig is not available in your config.xml file
2024-07-12 19:26:25,788 [INFO] CodeEngine:255 - oldGeneratedFile, D:\Download\DeleteThis\LV_BMS\Core\Inc\main.h_save
2024-07-12 19:26:25,848 [INFO] CodeEngine:279 - Generated code: D:\Download\DeleteThis\LV_BMS\Core\Inc\main.h
2024-07-12 19:26:25,858 [INFO] CodeEngine:255 - oldGeneratedFile, D:\Download\DeleteThis\LV_BMS\Core\Src\main.c_save
2024-07-12 19:26:25,943 [INFO] CodeEngine:279 - Generated code: D:\Download\DeleteThis\LV_BMS\Core\Src\main.c
2024-07-12 19:26:26,235 [INFO] ProjectBuilder:3163 - Time for Copy HAL[1] : 147mS.
2024-07-12 19:26:26,237 [INFO] ProjectBuilder:4736 - Project Generator version: 4.3.0-B58
2024-07-12 19:26:26,282 [INFO] ConfigFileManager:1503 - The Die is : DIE469
2024-07-12 19:26:27,016 [INFO] ProjectBuilder:5002 - Time for Generating toolchain IDE Files: 779mS.
2024-07-12 19:26:27,016 [INFO] ProjectBuilder:3034 - Time for Copy CMSIS : 0mS.
2024-07-12 19:26:27,017 [INFO] ProjectBuilder:3034 - Time for Copy CMSIS : 0mS.
