2024-05-29 19:57:33,413 [INFO] Activator:176 - 


2024-05-29 19:57:33,418 [INFO] Activator:177 - !SESSION log4j initialized
2024-05-29 19:57:38,255 [INFO] LogOutputStream:77 - [STDOUT_REDIRECT] 
2024-05-29 19:57:40,013 [INFO] ApplicationProperties:184 - Using Application install path: C:\ST\STM32CubeIDE_1.10.1\STM32CubeIDE\plugins\com.st.stm32cube.common.mx_6.11.1.202404110753
2024-05-29 19:57:40,028 [INFO] DbMcusXml:78 - Set database path to: C:\ST\STM32CubeIDE_1.10.1\STM32CubeIDE\plugins\com.st.stm32cube.common.mx_6.11.1.202404110753\\db\/mcu/
2024-05-29 19:57:40,028 [INFO] ApiDb:274 - Set plugin database path to: C:\ST\STM32CubeIDE_1.10.1\STM32CubeIDE\plugins\com.st.stm32cube.common.mx_6.11.1.202404110753\\db\/plugins/boardmanager/
2024-05-29 19:57:40,028 [WARN] ApiDb:259 - Overriding images path with different value:  => C:\ST\STM32CubeIDE_1.10.1\STM32CubeIDE\plugins\com.st.stm32cube.common.mx_6.11.1.202404110753\\db\/plugins/mcufinder/images/
2024-05-29 19:57:40,035 [INFO] ApiDb:250 - Set database path to: C:\Users\saksh\.stmcufinder\plugins\mcufinder//mcu/
2024-05-29 19:57:40,036 [INFO] DbMcusAds:125 - Set database path to: C:\Users\saksh\.stmcufinder\plugins\mcufinder//mcu/
2024-05-29 19:57:40,037 [INFO] CrossReferenceDbSqlite:203 - Set database path to: C:\Users\saksh\.stmcufinder\plugins\mcufinder//mcu/cs/
2024-05-29 19:57:40,127 [INFO] RulesReader:64 - Compatibility file has been processed (297 Rules)
2024-05-29 19:57:40,221 [INFO] DbMcusXml:78 - Set database path to: C:\ST\STM32CubeIDE_1.10.1\STM32CubeIDE\plugins\com.st.stm32cube.common.mx_6.11.1.202404110753\\db\/mcu/
2024-05-29 19:57:40,221 [INFO] ApiDb:274 - Set plugin database path to: C:\ST\STM32CubeIDE_1.10.1\STM32CubeIDE\plugins\com.st.stm32cube.common.mx_6.11.1.202404110753\\db\/plugins/boardmanager/
2024-05-29 19:57:40,221 [INFO] ApiDb:261 - Set plugin images path to: C:\ST\STM32CubeIDE_1.10.1\STM32CubeIDE\plugins\com.st.stm32cube.common.mx_6.11.1.202404110753\\db\/plugins/mcufinder/images/
2024-05-29 19:57:40,221 [WARN] DbFile:41 - Overriding database path with different value: C:\Users\saksh\.stmcufinder\plugins\mcufinder/ => C:\Users\saksh\.stmcufinder\plugins\mcufinder
2024-05-29 19:57:40,221 [INFO] ApiDb:250 - Set database path to: C:\Users\saksh\.stmcufinder\plugins\mcufinder//mcu/
2024-05-29 19:57:40,221 [WARN] DbFile:41 - Overriding database path with different value: C:\Users\saksh\.stmcufinder\plugins\mcufinder/ => C:\Users\saksh\.stmcufinder\plugins\mcufinder
2024-05-29 19:57:40,221 [INFO] DbMcusAds:125 - Set database path to: C:\Users\saksh\.stmcufinder\plugins\mcufinder//mcu/
2024-05-29 19:57:40,221 [WARN] DbFile:41 - Overriding database path with different value: C:\Users\saksh\.stmcufinder\plugins\mcufinder/ => C:\Users\saksh\.stmcufinder\plugins\mcufinder
2024-05-29 19:57:40,221 [WARN] DbFile:41 - Overriding database path with different value: C:\Users\saksh\.stmcufinder\plugins\mcufinder/ => C:\Users\saksh\.stmcufinder\plugins\mcufinder
2024-05-29 19:57:40,221 [INFO] CrossReferenceDbSqlite:203 - Set database path to: C:\Users\saksh\.stmcufinder\plugins\mcufinder//mcu/cs/
2024-05-29 19:57:40,301 [INFO] MainPanel:264 - HeapMemory: 268435456
2024-05-29 19:57:40,384 [INFO] DbMcusXml:78 - Set database path to: C:\ST\STM32CubeIDE_1.10.1\STM32CubeIDE\plugins\com.st.stm32cube.common.mx_6.11.1.202404110753\\db\/mcu/
2024-05-29 19:57:40,384 [INFO] ApiDb:274 - Set plugin database path to: C:\ST\STM32CubeIDE_1.10.1\STM32CubeIDE\plugins\com.st.stm32cube.common.mx_6.11.1.202404110753\\db\/plugins/boardmanager/
2024-05-29 19:57:40,384 [INFO] ApiDb:261 - Set plugin images path to: C:\ST\STM32CubeIDE_1.10.1\STM32CubeIDE\plugins\com.st.stm32cube.common.mx_6.11.1.202404110753\\db\/plugins/mcufinder/images/
2024-05-29 19:57:40,384 [WARN] DbFile:41 - Overriding database path with different value: C:\Users\saksh\.stmcufinder\plugins\mcufinder/ => C:\Users\saksh\.stmcufinder\plugins\mcufinder
2024-05-29 19:57:40,384 [INFO] ApiDb:250 - Set database path to: C:\Users\saksh\.stmcufinder\plugins\mcufinder//mcu/
2024-05-29 19:57:40,384 [WARN] DbFile:41 - Overriding database path with different value: C:\Users\saksh\.stmcufinder\plugins\mcufinder/ => C:\Users\saksh\.stmcufinder\plugins\mcufinder
2024-05-29 19:57:40,384 [INFO] DbMcusAds:125 - Set database path to: C:\Users\saksh\.stmcufinder\plugins\mcufinder//mcu/
2024-05-29 19:57:40,384 [WARN] DbFile:41 - Overriding database path with different value: C:\Users\saksh\.stmcufinder\plugins\mcufinder/ => C:\Users\saksh\.stmcufinder\plugins\mcufinder
2024-05-29 19:57:40,384 [WARN] DbFile:41 - Overriding database path with different value: C:\Users\saksh\.stmcufinder\plugins\mcufinder/ => C:\Users\saksh\.stmcufinder\plugins\mcufinder
2024-05-29 19:57:40,384 [INFO] CrossReferenceDbSqlite:203 - Set database path to: C:\Users\saksh\.stmcufinder\plugins\mcufinder//mcu/cs/
2024-05-29 19:57:40,397 [INFO] ApplicationProperties:184 - Using Application install path: C:\ST\STM32CubeIDE_1.10.1\STM32CubeIDE\plugins\com.st.stm32cube.common.mx_6.11.1.202404110753
2024-05-29 19:57:40,398 [INFO] PluginManage:196 - Search for loadable plugins [exclusion list=, ]
2024-05-29 19:57:40,399 [INFO] PluginManage:310 - Check plugin analytics
2024-05-29 19:57:40,500 [INFO] AnalyticsPlugin:253 - Accepted Software Licenses: 
2024-05-29 19:57:40,500 [INFO] AnalyticsPlugin:255 - Accepted CMSIS Pack Licenses: 
2024-05-29 19:57:40,500 [INFO] AnalyticsPlugin:257 - Accepted Firmware Licenses: FW.H7.1.10.0,FW.G4.1.5.0
2024-05-29 19:57:40,502 [INFO] PluginManage:359 - Loaded plugin analytics (category:tool,tabindex:-1)
2024-05-29 19:57:40,502 [INFO] PluginManage:310 - Check plugin cadmodel
2024-05-29 19:57:40,511 [INFO] CADModel:105 - Init CAD model plugin
2024-05-29 19:57:40,511 [INFO] PluginManage:359 - Loaded plugin cadmodel (category:power,tabindex:5)
2024-05-29 19:57:40,513 [INFO] PluginManage:310 - Check plugin clock
2024-05-29 19:57:40,525 [INFO] PluginManage:359 - Loaded plugin clock (category:base,tabindex:2)
2024-05-29 19:57:40,526 [INFO] PluginManage:310 - Check plugin ddr
2024-05-29 19:57:40,527 [INFO] PluginManage:359 - Loaded plugin ddr (category:tool,tabindex:6)
2024-05-29 19:57:40,527 [INFO] PluginManage:310 - Check plugin filemanager
2024-05-29 19:57:40,626 [INFO] PluginManage:359 - Loaded plugin filemanager (category:base,tabindex:10)
2024-05-29 19:57:40,626 [INFO] PluginManage:310 - Check plugin ipmanager
2024-05-29 19:57:40,631 [INFO] PluginManage:359 - Loaded plugin ipmanager (category:base,tabindex:5)
2024-05-29 19:57:40,631 [INFO] PluginManage:310 - Check plugin lpbam
2024-05-29 19:57:40,643 [INFO] PluginManage:359 - Loaded plugin lpbam (category:base,tabindex:0)
2024-05-29 19:57:40,644 [INFO] PluginManage:310 - Check plugin memorymap
2024-05-29 19:57:40,659 [INFO] PluginManage:359 - Loaded plugin memorymap (category:base,tabindex:4)
2024-05-29 19:57:40,659 [INFO] PluginManage:310 - Check plugin pinoutandconfiguration
2024-05-29 19:57:40,670 [INFO] PluginManage:359 - Loaded plugin pinoutandconfiguration (category:base,tabindex:1)
2024-05-29 19:57:40,670 [INFO] PluginManage:310 - Check plugin pinoutconfig
2024-05-29 19:57:40,736 [WARN] SupportedApi:132 - Cannot load RTOS API schema: s4s-elt-must-match.1: The content of 'definitions' must match (annotation?, (simpleType | complexType)?, (unique | key | keyref)*)). A problem was found starting at: attribute.
2024-05-29 19:57:40,839 [INFO] PluginManage:359 - Loaded plugin pinoutconfig (category:base,tabindex:0)
2024-05-29 19:57:40,839 [INFO] PluginManage:310 - Check plugin power
2024-05-29 19:57:40,853 [INFO] PluginManage:359 - Loaded plugin power (category:power,tabindex:4)
2024-05-29 19:57:40,854 [INFO] PluginManage:310 - Check plugin projectmanager
2024-05-29 19:57:40,864 [INFO] PluginManage:359 - Loaded plugin projectmanager (category:projectmanager,tabindex:3)
2024-05-29 19:57:40,864 [INFO] PluginManage:310 - Check plugin thirdparty
2024-05-29 19:57:41,041 [INFO] PluginManage:359 - Loaded plugin thirdparty (category:base,tabindex:-1)
2024-05-29 19:57:41,041 [WARN] IntegrityCheckThread:84 - waiting for thirdparty lock release [integrity check]
2024-05-29 19:57:41,041 [INFO] PluginManage:310 - Check plugin tools
2024-05-29 19:57:41,041 [INFO] IntegrityCheckThread:86 - entering critical section [integrity check]
2024-05-29 19:57:41,041 [INFO] ThirdPartyUpdaterWithRetryManager:70 - Updater plugin not ready yet. [1/15]
2024-05-29 19:57:41,063 [INFO] PluginManage:359 - Loaded plugin tools (category:base,tabindex:7)
2024-05-29 19:57:41,063 [INFO] PluginManage:310 - Check plugin tutovideos
2024-05-29 19:57:41,216 [INFO] PluginManage:359 - Loaded plugin tutovideos (category:base,tabindex:-1)
2024-05-29 19:57:41,216 [INFO] PluginManage:310 - Check plugin updater
2024-05-29 19:57:41,226 [INFO] PluginManage:359 - Loaded plugin updater (category:base,tabindex:12)
2024-05-29 19:57:41,226 [INFO] PluginManage:310 - Check plugin userauth
2024-05-29 19:57:41,231 [INFO] UserAuth:114 - Init User Auth plugin
2024-05-29 19:57:41,231 [INFO] PluginManage:359 - Loaded plugin userauth (category:base,tabindex:14)
2024-05-29 19:57:41,231 [INFO] PluginManage:283 - PluginManage : Loaded plugins [17]
2024-05-29 19:57:41,375 [INFO] PinOutPanel:1561 - setPackage(No Configuration,No Configuration)
2024-05-29 19:57:41,427 [INFO] CADModel:165 - CPN selected for project level
2024-05-29 19:57:41,427 [INFO] CADModel:114 - Register for checkConnection events
2024-05-29 19:57:41,451 [INFO] IPUIPlugin:80 - create IPUIPlugin
2024-05-29 19:57:41,451 [INFO] PluginManager:220 - loadIPPluginJar : add adc
2024-05-29 19:57:41,475 [INFO] IPUIPlugin:80 - create IPUIPlugin
2024-05-29 19:57:41,475 [INFO] PluginManager:220 - loadIPPluginJar : add aes
2024-05-29 19:57:41,492 [INFO] McuFinderGlobals:63 - Set McuFinder mode to 2 (CubeIDE integrated)
2024-05-29 19:57:41,501 [INFO] IPUIPlugin:80 - create IPUIPlugin
2024-05-29 19:57:41,501 [INFO] PluginManager:220 - loadIPPluginJar : add can
2024-05-29 19:57:41,517 [INFO] IPUIPlugin:80 - create IPUIPlugin
2024-05-29 19:57:41,518 [INFO] PluginManager:220 - loadIPPluginJar : add comp
2024-05-29 19:57:41,541 [INFO] IPUIPlugin:80 - create IPUIPlugin
2024-05-29 19:57:41,541 [INFO] PluginManager:220 - loadIPPluginJar : add cryp
2024-05-29 19:57:41,560 [INFO] IPUIPlugin:80 - create IPUIPlugin
2024-05-29 19:57:41,560 [INFO] PluginManager:220 - loadIPPluginJar : add dfsdm
2024-05-29 19:57:41,570 [INFO] IPUIPlugin:80 - create IPUIPlugin
2024-05-29 19:57:41,570 [INFO] PluginManager:220 - loadIPPluginJar : add dma
2024-05-29 19:57:41,596 [INFO] IPUIPlugin:80 - create IPUIPlugin
2024-05-29 19:57:41,596 [INFO] PluginManager:220 - loadIPPluginJar : add dma3
2024-05-29 19:57:41,628 [INFO] IPUIPlugin:80 - create IPUIPlugin
2024-05-29 19:57:41,628 [INFO] PluginManager:220 - loadIPPluginJar : add extmemmanager
2024-05-29 19:57:41,642 [INFO] IPUIPlugin:80 - create IPUIPlugin
2024-05-29 19:57:41,642 [INFO] PluginManager:220 - loadIPPluginJar : add fatfs
2024-05-29 19:57:41,678 [INFO] IPUIPlugin:80 - create IPUIPlugin
2024-05-29 19:57:41,679 [INFO] PluginManager:220 - loadIPPluginJar : add fmc
2024-05-29 19:57:41,690 [INFO] IPUIPlugin:80 - create IPUIPlugin
2024-05-29 19:57:41,691 [INFO] PluginManager:220 - loadIPPluginJar : add freertos
2024-05-29 19:57:41,703 [INFO] IPUIPlugin:80 - create IPUIPlugin
2024-05-29 19:57:41,703 [INFO] PluginManager:220 - loadIPPluginJar : add genericplugin
2024-05-29 19:57:41,765 [INFO] IPUIPlugin:80 - create IPUIPlugin
2024-05-29 19:57:41,765 [INFO] PluginManager:220 - loadIPPluginJar : add gfxmmu
2024-05-29 19:57:41,849 [INFO] IPUIPlugin:80 - create IPUIPlugin
2024-05-29 19:57:41,849 [INFO] PluginManager:220 - loadIPPluginJar : add gic
2024-05-29 19:57:41,859 [INFO] IPUIPlugin:80 - create IPUIPlugin
2024-05-29 19:57:41,859 [INFO] PluginManager:220 - loadIPPluginJar : add gpio
2024-05-29 19:57:41,927 [INFO] IPUIPlugin:80 - create IPUIPlugin
2024-05-29 19:57:41,927 [INFO] PluginManager:220 - loadIPPluginJar : add gtzc
2024-05-29 19:57:41,948 [INFO] IPUIPlugin:80 - create IPUIPlugin
2024-05-29 19:57:41,949 [INFO] PluginManager:220 - loadIPPluginJar : add hash
2024-05-29 19:57:41,983 [INFO] IPUIPlugin:80 - create IPUIPlugin
2024-05-29 19:57:41,983 [INFO] PluginManager:220 - loadIPPluginJar : add i2c
2024-05-29 19:57:42,010 [INFO] IPUIPlugin:80 - create IPUIPlugin
2024-05-29 19:57:42,010 [INFO] PluginManager:220 - loadIPPluginJar : add i2s
2024-05-29 19:57:42,037 [INFO] IPUIPlugin:80 - create IPUIPlugin
2024-05-29 19:57:42,037 [INFO] PluginManager:220 - loadIPPluginJar : add i3c
2024-05-29 19:57:42,121 [INFO] IPUIPlugin:80 - create IPUIPlugin
2024-05-29 19:57:42,121 [INFO] PluginManager:220 - loadIPPluginJar : add ipddr
2024-05-29 19:57:42,187 [INFO] IPUIPlugin:80 - create IPUIPlugin
2024-05-29 19:57:42,188 [INFO] PluginManager:220 - loadIPPluginJar : add linkedlist
2024-05-29 19:57:42,211 [INFO] IPUIPlugin:80 - create IPUIPlugin
2024-05-29 19:57:42,211 [INFO] PluginManager:220 - loadIPPluginJar : add lorawan
2024-05-29 19:57:42,235 [INFO] IPUIPlugin:80 - create IPUIPlugin
2024-05-29 19:57:42,235 [INFO] PluginManager:220 - loadIPPluginJar : add ltdc
2024-05-29 19:57:42,245 [INFO] IPUIPlugin:80 - create IPUIPlugin
2024-05-29 19:57:42,245 [INFO] PluginManager:220 - loadIPPluginJar : add mdma
2024-05-29 19:57:42,253 [INFO] IPUIPlugin:80 - create IPUIPlugin
2024-05-29 19:57:42,253 [INFO] PluginManager:220 - loadIPPluginJar : add nvic
2024-05-29 19:57:42,278 [INFO] IPUIPlugin:80 - create IPUIPlugin
2024-05-29 19:57:42,278 [INFO] PluginManager:220 - loadIPPluginJar : add opamp
2024-05-29 19:57:42,315 [INFO] IPUIPlugin:80 - create IPUIPlugin
2024-05-29 19:57:42,315 [INFO] PluginManager:220 - loadIPPluginJar : add openamp
2024-05-29 19:57:42,341 [INFO] IPUIPlugin:80 - create IPUIPlugin
2024-05-29 19:57:42,343 [INFO] PluginManager:220 - loadIPPluginJar : add pdm2pcm
2024-05-29 19:57:42,352 [INFO] IPUIPlugin:80 - create IPUIPlugin
2024-05-29 19:57:42,353 [INFO] PluginManager:220 - loadIPPluginJar : add plateformsettings
2024-05-29 19:57:42,367 [INFO] IPUIPlugin:80 - create IPUIPlugin
2024-05-29 19:57:42,368 [INFO] PluginManager:220 - loadIPPluginJar : add quadspi
2024-05-29 19:57:42,375 [INFO] IPUIPlugin:80 - create IPUIPlugin
2024-05-29 19:57:42,375 [INFO] PluginManager:220 - loadIPPluginJar : add resmgrutility
2024-05-29 19:57:42,410 [INFO] IPUIPlugin:80 - create IPUIPlugin
2024-05-29 19:57:42,410 [INFO] PluginManager:220 - loadIPPluginJar : add sai
2024-05-29 19:57:42,435 [INFO] IPUIPlugin:80 - create IPUIPlugin
2024-05-29 19:57:42,435 [INFO] PluginManager:220 - loadIPPluginJar : add spi
2024-05-29 19:57:42,484 [INFO] IPUIPlugin:80 - create IPUIPlugin
2024-05-29 19:57:42,484 [INFO] PluginManager:220 - loadIPPluginJar : add stm32_wpan
2024-05-29 19:57:42,501 [INFO] IPUIPlugin:80 - create IPUIPlugin
2024-05-29 19:57:42,501 [INFO] PluginManager:220 - loadIPPluginJar : add tim
2024-05-29 19:57:42,545 [INFO] IPUIPlugin:80 - create IPUIPlugin
2024-05-29 19:57:42,545 [INFO] PluginManager:220 - loadIPPluginJar : add touchsensing
2024-05-29 19:57:42,560 [INFO] IPUIPlugin:80 - create IPUIPlugin
2024-05-29 19:57:42,560 [INFO] PluginManager:220 - loadIPPluginJar : add tracer_emb
2024-05-29 19:57:42,575 [INFO] IPUIPlugin:80 - create IPUIPlugin
2024-05-29 19:57:42,575 [INFO] PluginManager:220 - loadIPPluginJar : add ts
2024-05-29 19:57:42,588 [INFO] IPUIPlugin:80 - create IPUIPlugin
2024-05-29 19:57:42,588 [INFO] PluginManager:220 - loadIPPluginJar : add tsc
2024-05-29 19:57:42,601 [INFO] IPUIPlugin:80 - create IPUIPlugin
2024-05-29 19:57:42,601 [INFO] PluginManager:220 - loadIPPluginJar : add ucpd
2024-05-29 19:57:42,631 [INFO] IPUIPlugin:80 - create IPUIPlugin
2024-05-29 19:57:42,631 [INFO] PluginManager:220 - loadIPPluginJar : add usart
2024-05-29 19:57:42,661 [INFO] IPUIPlugin:80 - create IPUIPlugin
2024-05-29 19:57:42,661 [INFO] PluginManager:220 - loadIPPluginJar : add usbx
2024-05-29 19:57:42,769 [INFO] CADModel:165 - CPN selected for project level
2024-05-29 19:57:42,769 [INFO] CADModel:114 - Register for checkConnection events
2024-05-29 19:57:42,769 [FATAL] Updater:308 - Updater called before beeing initialized
2024-05-29 19:57:42,769 [ERROR] CADModel:125 - Updater not yet initialized, retry later 
2024-05-29 19:57:42,855 [INFO] CADModel:165 - CPN selected for project level
2024-05-29 19:57:42,855 [INFO] CADModel:114 - Register for checkConnection events
2024-05-29 19:57:42,855 [FATAL] Updater:308 - Updater called before beeing initialized
2024-05-29 19:57:42,855 [ERROR] CADModel:125 - Updater not yet initialized, retry later 
2024-05-29 19:57:42,857 [FATAL] Updater:308 - Updater called before beeing initialized
2024-05-29 19:57:42,921 [FATAL] Updater:308 - Updater called before beeing initialized
2024-05-29 19:57:42,928 [INFO] DbMcusAds:53 - JSON generation date=Thu May 16 14:52:00 IST 2024 (1715851320852)
2024-05-29 19:57:42,929 [FATAL] Updater:308 - Updater called before beeing initialized
2024-05-29 19:57:42,983 [WARN] DetailPanel:346 - Failed to get advertising image, set to default
2024-05-29 19:57:43,060 [FATAL] Updater:308 - Updater called before beeing initialized
2024-05-29 19:57:43,062 [FATAL] Updater:308 - Updater called before beeing initialized
2024-05-29 19:57:43,062 [FATAL] Updater:308 - Updater called before beeing initialized
2024-05-29 19:57:43,062 [WARN] DetailPanel:346 - Failed to get advertising image, set to default
2024-05-29 19:57:43,063 [FATAL] Updater:308 - Updater called before beeing initialized
2024-05-29 19:57:43,119 [ERROR] Updater:1120 - MainUpdater not yet initialized. External WinMGr cannot be set.
2024-05-29 19:57:43,126 [INFO] Updater:1056 - Updater Version found : 6.11.1
2024-05-29 19:57:43,140 [INFO] ApplicationProperties:184 - Using Application install path: C:\ST\STM32CubeIDE_1.10.1\STM32CubeIDE\plugins\com.st.stm32cube.common.mx_6.11.1.202404110753
2024-05-29 19:57:44,043 [INFO] ThirdPartyUpdaterWithRetryManager:70 - Updater plugin not ready yet. [2/15]
2024-05-29 19:57:44,711 [ERROR] LogOutputStream:75 - [STDERR_REDIRECT] May 29, 2024 7:57:44 PM java.util.prefs.WindowsPreferences <init>
2024-05-29 19:57:44,713 [ERROR] LogOutputStream:75 - [STDERR_REDIRECT] WARNING: Could not open/create prefs root node Software\JavaSoft\Prefs at root 0xffffffff80000002. Windows RegCreateKeyEx(...) returned error code 5.
2024-05-29 19:57:44,713 [ERROR] LogOutputStream:75 - [STDERR_REDIRECT] 
2024-05-29 19:57:45,847 [INFO] MainUpdater:2873 - connection check result : 10
2024-05-29 19:57:45,847 [INFO] MainUpdater:3567 - Updater definition file requires update
2024-05-29 19:57:45,848 [INFO] MainUpdater:290 - Updater Check For Update Now.
2024-05-29 19:57:45,848 [INFO] MicroXplorer:498 - Change Database Version : DB.6.0.111
2024-05-29 19:57:45,861 [INFO] McuFinderGlobals:63 - Set McuFinder mode to 2 (CubeIDE integrated)
2024-05-29 19:57:45,861 [INFO] UserAuth:179 - activating auth plugin
2024-05-29 19:57:45,862 [INFO] UserAuth:415 - Internet connection configuration mode: 1
2024-05-29 19:57:45,877 [INFO] JxBrowserEngine:152 - Initiate JxBrowser Engine with user profile folder
2024-05-29 19:57:46,233 [INFO] ServerAccessManage:473 - Download File updaters.zip
2024-05-29 19:57:46,453 [INFO] FileExtend:240 - Unzip File : updaters.zip
2024-05-29 19:57:46,453 [INFO] FileExtend:255 - Standard Zip Deflate
2024-05-29 19:57:46,867 [INFO] ServerAccessManage:473 - Download File PacksControlFlags.xml
2024-05-29 19:57:47,016 [INFO] ServerAccessManage:473 - Download File cubemx.pidx
2024-05-29 19:57:47,045 [WARN] MainUpdater:1194 - Updater busy. Cannot search thirdparties
2024-05-29 19:57:47,045 [INFO] ThirdPartyUpdaterWithRetryManager:96 - Updater plugin is busy. [1/15]
2024-05-29 19:57:47,690 [INFO] ServerAccessManage:473 - Download File STMicroelectronics.X-CUBE-ALS.pdsc
2024-05-29 19:57:49,003 [WARN] PackLoader:240 - Cannot read IP mode file for STMicroelectronics.X-CUBE-ALS.1.0.2
2024-05-29 19:57:49,004 [INFO] PopulateThirdPartyThread:66 - Ending populate Thread
2024-05-29 19:57:49,005 [INFO] ThirdParty:1030 - CMSIS Pack Vendor :STMicroelectronics X-CUBE-ALS 1.0.2
2024-05-29 19:57:49,005 [INFO] LoadServerUpdatesThread:375 - End of LoadServerUpdate Thread
2024-05-29 19:57:49,040 [INFO] CheckServerUpdateThread:120 - End of CheckServer Thread
2024-05-29 19:57:49,077 [INFO] MainUpdater:2873 - connection check result : 10
2024-05-29 19:57:49,185 [INFO] MainUpdater:2873 - connection check result : 10
2024-05-29 19:57:49,382 [INFO] MicroXplorer:468 - Change Database Path : 
2024-05-29 19:57:49,382 [INFO] MicroXplorer:498 - Change Database Version : DB.6.0.111
2024-05-29 19:57:49,395 [WARN] ThirdParty:871 - waiting for thirdparty lock release [close project]
2024-05-29 19:57:49,545 [INFO] WebApp:161 - Instantiating new browser for Auth
2024-05-29 19:57:50,056 [INFO] WebApp:779 - Register for checkConnection events
2024-05-29 19:57:50,056 [INFO] WebApp:414 - Apply proxy settings
2024-05-29 19:57:50,056 [INFO] WebApp:499 - Chromium requires no authentication
2024-05-29 19:57:50,062 [INFO] WebApp:442 - Direct internet connection detected
2024-05-29 19:57:50,166 [WARN] PackLoader:240 - Cannot read IP mode file for STMicroelectronics.FP-SNS-MOTENVWB1.1.4.0
2024-05-29 19:57:50,176 [WARN] PackLoader:240 - Cannot read IP mode file for STMicroelectronics.X-CUBE-SMBUS.2.1.0
2024-05-29 19:57:50,186 [WARN] PackLoader:240 - Cannot read IP mode file for STMicroelectronics.X-CUBE-TOUCHGFX.4.23.1
2024-05-29 19:57:50,194 [WARN] PackLoader:240 - Cannot read IP mode file for STMicroelectronics.X-CUBE-TOUCHGFX.4.23.0
2024-05-29 19:57:50,201 [WARN] PackLoader:240 - Cannot read IP mode file for STMicroelectronics.X-CUBE-TOUCHGFX.4.23.2
2024-05-29 19:57:50,210 [INFO] WebApp:192 - Starting web application
2024-05-29 19:57:50,210 [INFO] WebApp:544 - Web application path used C:\ST\STM32CubeIDE_1.10.1\STM32CubeIDE\plugins\com.st.stm32cube.common.mx_6.11.1.202404110753\db\plugins\mcufinder\reactClient1\index.html
2024-05-29 19:57:50,223 [WARN] PackLoader:240 - Cannot read IP mode file for STMicroelectronics.X-CUBE-AZRTOS-F7.1.1.0
2024-05-29 19:57:50,234 [ERROR] RealEvaluatedCondition:428 - Found unsupported composite condition: CLASS='Data Exchange' GROUP='STM32_MetaDataManager'
2024-05-29 19:57:50,235 [ERROR] RealEvaluatedCondition:428 - Found unsupported composite condition: GROUP='STM32_MetaDataManager' CLASS='Data Exchange'
2024-05-29 19:57:50,236 [WARN] PackLoader:240 - Cannot read IP mode file for STMicroelectronics.FP-SNS-MOTENV1.4.3.0
2024-05-29 19:57:50,245 [WARN] PackLoader:240 - Cannot read IP mode file for STMicroelectronics.FP-SNS-MOTENV1.4.3.2
2024-05-29 19:57:50,256 [WARN] PackLoader:240 - Cannot read IP mode file for STMicroelectronics.FP-SNS-FLIGHT1.5.0.0
2024-05-29 19:57:50,265 [ERROR] RealEvaluatedCondition:428 - Found unsupported composite condition: GROUP='STM32_MetaDataManager' CLASS='Data Exchange'
2024-05-29 19:57:50,265 [ERROR] RealEvaluatedCondition:428 - Found unsupported composite condition: GROUP='STM32_MetaDataManager' CLASS='Data Exchange'
2024-05-29 19:57:50,269 [WARN] PackLoader:240 - Cannot read IP mode file for STMicroelectronics.FP-SNS-MOTENV1.4.3.1
2024-05-29 19:57:50,276 [WARN] PackLoader:240 - Cannot read IP mode file for STMicroelectronics.FP-SNS-FLIGHT1.5.0.1
2024-05-29 19:57:50,287 [WARN] PackLoader:240 - Cannot read IP mode file for STMicroelectronics.X-CUBE-BLE1.6.2.3
2024-05-29 19:57:50,294 [WARN] PackLoader:240 - Cannot read IP mode file for STMicroelectronics.X-CUBE-BLE1.6.2.4
2024-05-29 19:57:50,298 [WARN] PackLoader:240 - Cannot read IP mode file for STMicroelectronics.FP-SNS-FLIGHT1.5.0.2
2024-05-29 19:57:50,311 [WARN] PackLoader:240 - Cannot read IP mode file for STMicroelectronics.X-CUBE-TOF1.3.1.0
2024-05-29 19:57:50,325 [WARN] PackLoader:240 - Cannot read IP mode file for STMicroelectronics.X-CUBE-DISPLAY.3.0.0
2024-05-29 19:57:50,336 [WARN] PackLoader:240 - Cannot read IP mode file for STMicroelectronics.X-CUBE-BLE1.7.0.0
2024-05-29 19:57:50,344 [WARN] PackLoader:240 - Cannot read IP mode file for STMicroelectronics.X-CUBE-TOUCHGFX.4.22.0
2024-05-29 19:57:50,376 [WARN] PackLoader:240 - Cannot read IP mode file for STMicroelectronics.X-CUBE-MEMS1.9.3.0
2024-05-29 19:57:50,456 [WARN] PackLoader:240 - Cannot read IP mode file for STMicroelectronics.X-CUBE-AI.7.2.0
2024-05-29 19:57:50,468 [WARN] PackLoader:240 - Cannot read IP mode file for STMicroelectronics.X-CUBE-BLEMGR.3.1.0
2024-05-29 19:57:50,478 [WARN] PackLoader:240 - Cannot read IP mode file for STMicroelectronics.FP-SNS-SMARTAG2.1.2.0
2024-05-29 19:57:50,500 [INFO] LogOutputStream:77 - [STDOUT_REDIRECT] 1 : Invalid condition id : UX_CORESTACK_Condition cause : null
2024-05-29 19:57:50,501 [INFO] LogOutputStream:77 - [STDOUT_REDIRECT] 1 : Invalid condition id : UX_CORESTACK_Condition cause : null
2024-05-29 19:57:50,506 [INFO] LogOutputStream:77 - [STDOUT_REDIRECT] 1 : Invalid condition id : UX_CORESTACK_Condition cause : null
2024-05-29 19:57:50,506 [INFO] LogOutputStream:77 - [STDOUT_REDIRECT] 1 : Invalid condition id : UX_CORESTACK_Condition cause : null
2024-05-29 19:57:50,507 [INFO] LogOutputStream:77 - [STDOUT_REDIRECT] 1 : Invalid condition id : UX_CORESTACK_Condition cause : null
2024-05-29 19:57:50,508 [WARN] PackLoader:240 - Cannot read IP mode file for STMicroelectronics.X-CUBE-AZRTOS-WL.2.0.0
2024-05-29 19:57:50,517 [WARN] PackLoader:240 - Cannot read IP mode file for STMicroelectronics.FP-SNS-MOTENV1.5.0.0
2024-05-29 19:57:50,527 [WARN] PackLoader:240 - Cannot read IP mode file for WES.I-CUBE-Cesium.1.3.0
2024-05-29 19:57:50,537 [WARN] PackLoader:240 - Cannot read IP mode file for STMicroelectronics.X-CUBE-BLE2.3.3.0
2024-05-29 19:57:50,551 [WARN] PackLoader:240 - Cannot read IP mode file for STMicroelectronics.X-CUBE-DISPLAY.2.2.0
2024-05-29 19:57:50,568 [WARN] PackLoader:240 - Cannot read IP mode file for STMicroelectronics.X-CUBE-TOF1.3.2.0
2024-05-29 19:57:50,583 [WARN] PackLoader:240 - Cannot read IP mode file for STMicroelectronics.X-CUBE-ISPU.1.0.0
2024-05-29 19:57:50,604 [WARN] PackLoader:240 - Cannot read IP mode file for STMicroelectronics.X-CUBE-AZRTOS-H7.2.1.0
2024-05-29 19:57:50,616 [WARN] PackLoader:240 - Cannot read IP mode file for STMicroelectronics.X-CUBE-TCPP.4.1.0
2024-05-29 19:57:50,628 [WARN] PackLoader:240 - Cannot read IP mode file for STMicroelectronics.X-CUBE-TOUCHGFX.4.21.1
2024-05-29 19:57:50,637 [WARN] PackLoader:240 - Cannot read IP mode file for STMicroelectronics.X-CUBE-TOUCHGFX.4.21.3
2024-05-29 19:57:50,648 [WARN] PackLoader:240 - Cannot read IP mode file for STMicroelectronics.X-CUBE-TOUCHGFX.4.21.4
2024-05-29 19:57:50,683 [WARN] PackLoader:240 - Cannot read IP mode file for STMicroelectronics.X-CUBE-MEMS1.9.4.0
2024-05-29 19:57:50,775 [WARN] PackLoader:240 - Cannot read IP mode file for STMicroelectronics.X-CUBE-AI.7.3.0
2024-05-29 19:57:50,787 [WARN] PackLoader:240 - Cannot read IP mode file for STMicroelectronics.X-CUBE-ALGOBUILD.1.3.0
2024-05-29 19:57:50,813 [WARN] PackLoader:240 - Cannot read IP mode file for STMicroelectronics.X-CUBE-AZRTOS-G0.1.1.0
2024-05-29 19:57:50,830 [WARN] PackLoader:240 - Cannot read IP mode file for STMicroelectronics.X-CUBE-SAFEA1.1.2.2
2024-05-29 19:57:50,844 [WARN] PackLoader:240 - Cannot read IP mode file for STMicroelectronics.X-CUBE-NFC4.3.0.0
2024-05-29 19:57:50,881 [WARN] PackLoader:240 - Cannot read IP mode file for SEGGER.I-CUBE-embOS.1.2.0
2024-05-29 19:57:50,920 [WARN] PackLoader:240 - Cannot read IP mode file for STMicroelectronics.X-CUBE-BLEMGR.3.0.0
2024-05-29 19:57:50,932 [WARN] PackLoader:240 - Cannot read IP mode file for STMicroelectronics.X-CUBE-BLEMGR.1.3.0
2024-05-29 19:57:50,939 [WARN] PackLoader:240 - Cannot read IP mode file for STMicroelectronics.FP-ATR-SIGFOX1.3.2.0
2024-05-29 19:57:50,950 [WARN] PackLoader:240 - Cannot read IP mode file for STMicroelectronics.X-CUBE-EEPRMA1.5.1.0
2024-05-29 19:57:50,962 [WARN] PackLoader:240 - Cannot read IP mode file for emotas.I-CUBE-CANOPEN.1.1.2
2024-05-29 19:57:50,972 [WARN] PackLoader:240 - Cannot read IP mode file for STMicroelectronics.X-CUBE-TOUCHGFX.4.20.0
2024-05-29 19:57:51,003 [WARN] PackLoader:240 - Cannot read IP mode file for STMicroelectronics.X-CUBE-MEMS1.9.5.0
2024-05-29 19:57:51,171 [WARN] PackLoader:240 - Cannot read IP mode file for SEGGER.I-CUBE-embOS.1.3.1
2024-05-29 19:57:51,213 [WARN] PackLoader:240 - Cannot read IP mode file for STMicroelectronics.X-CUBE-ALGOBUILD.1.4.0
2024-05-29 19:57:51,227 [WARN] PackLoader:240 - Cannot read IP mode file for STMicroelectronics.X-CUBE-GNSS1.6.0.0
2024-05-29 19:57:51,253 [WARN] PackLoader:240 - Cannot read IP mode file for STMicroelectronics.X-CUBE-AZRTOS-F4.1.1.0
2024-05-29 19:57:51,263 [WARN] PackLoader:240 - Cannot read IP mode file for STMicroelectronics.X-CUBE-FREERTOS.1.2.0
2024-05-29 19:57:51,283 [WARN] PackLoader:240 - Cannot read IP mode file for STMicroelectronics.X-CUBE-BLEMGR.1.2.0
2024-05-29 19:57:51,303 [WARN] PackLoader:240 - Cannot read IP mode file for STMicroelectronics.X-CUBE-AZRTOS-L5.2.0.0
2024-05-29 19:57:51,332 [WARN] PackLoader:240 - Cannot read IP mode file for STMicroelectronics.X-CUBE-MEMS1.9.6.0
2024-05-29 19:57:51,434 [WARN] PackLoader:240 - Cannot read IP mode file for STMicroelectronics.X-CUBE-EEPRMA1.4.2.0
2024-05-29 19:57:51,445 [WARN] PackLoader:240 - Cannot read IP mode file for STMicroelectronics.X-CUBE-NFC6.3.1.0
2024-05-29 19:57:51,454 [WARN] PackLoader:240 - Cannot read IP mode file for ITTIA_DB.I-CUBE-ITTIADB.8.8.0
2024-05-29 19:57:51,463 [WARN] PackLoader:240 - Cannot read IP mode file for STMicroelectronics.X-CUBE-BLEMGR.2.0.0
2024-05-29 19:57:51,472 [WARN] PackLoader:240 - Cannot read IP mode file for STMicroelectronics.X-CUBE-NFC4.2.0.4
2024-05-29 19:57:51,480 [WARN] PackLoader:240 - Cannot read IP mode file for STMicroelectronics.X-CUBE-AI.9.0.0
2024-05-29 19:57:51,500 [WARN] ConditionMgr:438 - getConditionDescription Invalid condition id : UX DEVICE CLASS RTOS Condition cause : null
2024-05-29 19:57:51,501 [WARN] ConditionMgr:438 - getConditionDescription Invalid condition id : UX DEVICE CLASS RTOS Condition cause : null
2024-05-29 19:57:51,501 [WARN] PackLoader:240 - Cannot read IP mode file for STMicroelectronics.X-CUBE-AZRTOS-H7.3.1.0
2024-05-29 19:57:51,503 [WARN] ConditionMgr:1039 - genDependencies : Invalid condition id : UX DEVICE CLASS RTOS Condition cause : null
2024-05-29 19:57:51,503 [WARN] ConditionMgr:1039 - genDependencies : Invalid condition id : UX DEVICE CLASS RTOS Condition cause : null
2024-05-29 19:57:51,503 [WARN] ConditionMgr:1039 - genDependencies : Invalid condition id : UX DEVICE CLASS RTOS Condition cause : null
2024-05-29 19:57:51,503 [WARN] ConditionMgr:1039 - genDependencies : Invalid condition id : UX DEVICE CLASS RTOS Condition cause : null
2024-05-29 19:57:51,503 [WARN] ConditionMgr:1039 - genDependencies : Invalid condition id : UX DEVICE CLASS RTOS Condition cause : null
2024-05-29 19:57:51,517 [WARN] PackLoader:240 - Cannot read IP mode file for wolfSSL.I-CUBE-wolfSSL.5.5.0
2024-05-29 19:57:51,528 [WARN] PackLoader:240 - Cannot read IP mode file for STMicroelectronics.X-CUBE-NFC7.1.0.1
2024-05-29 19:57:51,536 [WARN] PackLoader:240 - Cannot read IP mode file for STMicroelectronics.X-CUBE-NFC7.1.0.0
2024-05-29 19:57:51,547 [WARN] PackLoader:240 - Cannot read IP mode file for STMicroelectronics.X-CUBE-NFC6.3.0.0
2024-05-29 19:57:51,558 [WARN] PackLoader:240 - Cannot read IP mode file for STMicroelectronics.X-CUBE-EEPRMA1.4.1.0
2024-05-29 19:57:51,565 [WARN] PackLoader:240 - Cannot read IP mode file for STMicroelectronics.X-CUBE-AI.8.1.0
2024-05-29 19:57:51,585 [WARN] ConditionMgr:438 - getConditionDescription Invalid condition id : LAN8742 Phy interface Condition cause : null
2024-05-29 19:57:51,585 [WARN] PackLoader:240 - Cannot read IP mode file for STMicroelectronics.X-CUBE-AZRTOS-L4.2.0.0
2024-05-29 19:57:51,586 [WARN] ConditionMgr:1039 - genDependencies : Invalid condition id : LAN8742 Phy interface Condition cause : null
2024-05-29 19:57:51,586 [WARN] ConditionMgr:1039 - genDependencies : Invalid condition id : LAN8742 Phy interface Condition cause : null
2024-05-29 19:57:51,586 [WARN] ConditionMgr:1039 - genDependencies : Invalid condition id : LAN8742 Phy interface Condition cause : null
2024-05-29 19:57:51,599 [WARN] PackLoader:240 - Cannot read IP mode file for STMicroelectronics.X-CUBE-SFXS2LP1.4.0.0
2024-05-29 19:57:51,625 [WARN] PackLoader:240 - Cannot read IP mode file for STMicroelectronics.X-CUBE-AZRTOS-H7.3.0.0
2024-05-29 19:57:51,637 [WARN] PackLoader:240 - Cannot read IP mode file for STMicroelectronics.X-CUBE-ISPU.1.1.0
2024-05-29 19:57:51,655 [WARN] PackLoader:240 - Cannot read IP mode file for RoweBots.I-CUBE-UNISONRTOS.5.5.0-4
2024-05-29 19:57:51,663 [WARN] PackLoader:240 - Cannot read IP mode file for STMicroelectronics.X-CUBE-AI.8.0.0
2024-05-29 19:57:51,683 [WARN] ConditionMgr:438 - getConditionDescription Invalid condition id : UX DEVICE CLASS RTOS Condition cause : null
2024-05-29 19:57:51,683 [WARN] ConditionMgr:438 - getConditionDescription Invalid condition id : UX DEVICE CLASS RTOS Condition cause : null
2024-05-29 19:57:51,684 [WARN] PackLoader:240 - Cannot read IP mode file for STMicroelectronics.X-CUBE-AZRTOS-WB.2.0.0
2024-05-29 19:57:51,686 [WARN] ConditionMgr:1039 - genDependencies : Invalid condition id : UX DEVICE CLASS RTOS Condition cause : null
2024-05-29 19:57:51,686 [WARN] ConditionMgr:1039 - genDependencies : Invalid condition id : UX DEVICE CLASS RTOS Condition cause : null
2024-05-29 19:57:51,686 [WARN] ConditionMgr:1039 - genDependencies : Invalid condition id : UX DEVICE CLASS RTOS Condition cause : null
2024-05-29 19:57:51,686 [WARN] ConditionMgr:1039 - genDependencies : Invalid condition id : UX DEVICE CLASS RTOS Condition cause : null
2024-05-29 19:57:51,686 [WARN] ConditionMgr:1039 - genDependencies : Invalid condition id : UX DEVICE CLASS RTOS Condition cause : null
2024-05-29 19:57:51,705 [WARN] PackLoader:240 - Cannot read IP mode file for STMicroelectronics.X-CUBE-FREERTOS.1.0.0
2024-05-29 19:57:51,719 [WARN] PackLoader:240 - Cannot read IP mode file for STMicroelectronics.X-CUBE-FREERTOS.1.0.1
2024-05-29 19:57:51,734 [WARN] PackLoader:240 - Cannot read IP mode file for STMicroelectronics.X-CUBE-BLEMGR.1.0.0
2024-05-29 19:57:51,760 [WARN] PackLoader:240 - Cannot read IP mode file for STMicroelectronics.X-CUBE-AZRTOS-L5.1.1.0
2024-05-29 19:57:51,772 [WARN] PackLoader:240 - Cannot read IP mode file for STMicroelectronics.X-CUBE-AI.8.0.1
2024-05-29 19:57:51,785 [WARN] PackLoader:240 - Cannot read IP mode file for STMicroelectronics.X-CUBE-SUBG2.5.0.0
2024-05-29 19:57:51,799 [WARN] PackLoader:240 - Cannot read IP mode file for STMicroelectronics.X-CUBE-TOF1.3.3.1
2024-05-29 19:57:51,821 [WARN] PackLoader:240 - Cannot read IP mode file for STMicroelectronics.X-CUBE-AZRTOS-G4.2.0.0
2024-05-29 19:57:51,833 [WARN] PackLoader:240 - Cannot read IP mode file for STMicroelectronics.X-CUBE-TOF1.3.3.0
2024-05-29 19:57:51,851 [WARN] PackLoader:240 - Cannot read IP mode file for STMicroelectronics.FP-ATR-ASTRA1.1.1.1
2024-05-29 19:57:51,865 [WARN] PackLoader:240 - Cannot read IP mode file for Infineon.AIROC-Wi-Fi-Bluetooth-STM32.1.5.1
2024-05-29 19:57:51,875 [WARN] PackLoader:240 - Cannot read IP mode file for STMicroelectronics.FP-SNS-MOTENVWB1.1.3.1
2024-05-29 19:57:51,894 [WARN] PackLoader:240 - Cannot read IP mode file for STMicroelectronics.X-CUBE-AZRTOS-G4.1.0.0
2024-05-29 19:57:51,912 [WARN] PackLoader:240 - Cannot read IP mode file for STMicroelectronics.X-CUBE-AZRTOS-L4.1.0.0
2024-05-29 19:57:51,920 [WARN] PackLoader:240 - Cannot read IP mode file for STMicroelectronics.X-CUBE-ISPU.2.0.0
2024-05-29 19:57:51,921 [WARN] PackLoader:240 - Cannot read IP mode file for STMicroelectronics.X-CUBE-ALS.1.0.2
2024-05-29 19:57:51,945 [WARN] PackLoader:240 - Cannot read IP mode file for STMicroelectronics.X-CUBE-MEMS1.10.0.0
2024-05-29 19:57:51,996 [WARN] PackLoader:240 - Cannot read IP mode file for STMicroelectronics.X-CUBE-FREERTOS.1.1.0
2024-05-29 19:57:52,008 [WARN] PackLoader:240 - Cannot read IP mode file for STMicroelectronics.X-CUBE-AZRTOS-WL.1.0.0
2024-05-29 19:57:52,019 [WARN] PackLoader:240 - Cannot read IP mode file for portGmbH.I-Cube-SoM-uGOAL.1.1.0
2024-05-29 19:57:52,026 [WARN] PackLoader:240 - Cannot read IP mode file for STMicroelectronics.X-CUBE-ALS.1.0.1
2024-05-29 19:57:52,039 [WARN] PackLoader:240 - Cannot read IP mode file for STMicroelectronics.X-CUBE-AZRTOS-WB.1.1.0
2024-05-29 19:57:52,053 [WARN] PackLoader:240 - Cannot read IP mode file for STMicroelectronics.X-CUBE-AZRTOS-L5.1.0.0
2024-05-29 19:57:52,061 [WARN] PackLoader:240 - Cannot read IP mode file for STMicroelectronics.X-CUBE-EEPRMA1.3.1.1
2024-05-29 19:57:52,078 [WARN] PackLoader:240 - Cannot read IP mode file for STMicroelectronics.X-CUBE-AZRTOS-H7RS.1.0.0
2024-05-29 19:57:52,082 [WARN] PackLoader:240 - Cannot read IP mode file for STMicroelectronics.FP-ATR-ASTRA1.2.0.0
2024-05-29 19:57:52,094 [WARN] PackLoader:240 - Cannot read IP mode file for STMicroelectronics.X-CUBE-TOF1.3.4.0
2024-05-29 19:57:52,107 [WARN] PackLoader:240 - Cannot read IP mode file for STMicroelectronics.X-CUBE-TOF1.3.4.1
2024-05-29 19:57:52,125 [WARN] PackLoader:240 - Cannot read IP mode file for STMicroelectronics.X-CUBE-AZRTOS-H7.3.2.0
2024-05-29 19:57:52,126 [INFO] ThirdParty:978 - Integrity check success = true
2024-05-29 19:57:52,126 [INFO] IntegrityCheckThread:100 - exiting critical section [integrity check]
2024-05-29 19:57:52,126 [INFO] IntegrityCheckThread:103 - End integrity checks thread
2024-05-29 19:57:52,127 [INFO] ThirdParty:873 - entering critical section [close project]
2024-05-29 19:57:52,127 [INFO] ThirdParty:883 - exiting critical section [close project]
2024-05-29 19:57:52,128 [INFO] PinOutPanel:1561 - setPackage(No Configuration,No Configuration)
2024-05-29 19:57:52,130 [INFO] UtilMem:75 - Begin LoadConfig() Used Memory: 194019312 Bytes (369098752)
2024-05-29 19:57:52,135 [INFO] MicroXplorer:468 - Change Database Path : C:/Users/saksh/.stm32cubemx/databases/DB.6.0.100/db/
2024-05-29 19:57:52,135 [INFO] MicroXplorer:498 - Change Database Version : DB.6.0.100
2024-05-29 19:57:54,143 [INFO] OpenFileManager:312 - Change cursor
2024-05-29 19:57:54,179 [INFO] Mcu:2021 - Initializing MCU STM32G474R(B-C-E)Tx STM32G474RETx STM32G474RET3
2024-05-29 19:57:57,060 [INFO] Context:663 - Trying to add GPIOservice into a context  which must be forbidden
2024-05-29 19:57:58,485 [INFO] RtosManager:555 - Registered RTOS mode: class=CMSIS, group=RTOS, mode=CMSIS_V1, owner=FREERTOS
2024-05-29 19:57:58,485 [INFO] RtosManager:555 - Registered RTOS mode: class=CMSIS, group=RTOS2, mode=CMSIS_V2, owner=FREERTOS
2024-05-29 19:57:58,485 [INFO] RtosManager:555 - Registered RTOS mode: class=RTOS, group=Core, mode=CMSIS_V1, owner=FREERTOS
2024-05-29 19:57:58,485 [INFO] RtosManager:555 - Registered RTOS mode: class=RTOS, group=Core, mode=CMSIS_V2, owner=FREERTOS
2024-05-29 19:57:58,486 [WARN] ModelIntegratedComponent:184 - Missing modes for component STMicroelectronics:FreeRTOS:0.0.1:STMicroelectronics:RTOS:FreeRTOS:Core:::10.2.0:
2024-05-29 19:57:58,491 [WARN] ModelIntegratedComponent:63 - No mode defined for component null
2024-05-29 19:57:58,491 [WARN] ModelIntegratedComponent:63 - No mode defined for component null
2024-05-29 19:57:58,491 [WARN] ModelIntegratedComponent:63 - No mode defined for component null
2024-05-29 19:57:58,491 [WARN] ModelIntegratedComponent:63 - No mode defined for component null
2024-05-29 19:57:58,491 [WARN] ModelIntegratedComponent:63 - No mode defined for component null
2024-05-29 19:57:58,491 [WARN] ModelIntegratedComponent:63 - No mode defined for component null
2024-05-29 19:57:58,491 [WARN] ModelIntegratedComponent:63 - No mode defined for component null
2024-05-29 19:57:58,491 [WARN] ModelIntegratedComponent:63 - No mode defined for component null
2024-05-29 19:57:58,491 [WARN] ModelIntegratedComponent:63 - No mode defined for component null
2024-05-29 19:57:58,491 [WARN] ModelIntegratedComponent:63 - No mode defined for component null
2024-05-29 19:57:58,491 [WARN] ModelIntegratedComponent:63 - No mode defined for component null
2024-05-29 19:57:58,491 [WARN] ModelIntegratedComponent:63 - No mode defined for component null
2024-05-29 19:57:58,491 [WARN] ModelIntegratedComponent:63 - No mode defined for component null
2024-05-29 19:57:58,491 [WARN] ModelIntegratedComponent:63 - No mode defined for component null
2024-05-29 19:57:58,491 [WARN] ModelIntegratedComponent:63 - No mode defined for component null
2024-05-29 19:57:58,491 [WARN] ModelIntegratedComponent:63 - No mode defined for component null
2024-05-29 19:57:58,491 [WARN] ModelIntegratedComponent:63 - No mode defined for component null
2024-05-29 19:57:58,492 [WARN] ModelIntegratedComponent:63 - No mode defined for component null
2024-05-29 19:57:58,492 [WARN] ModelIntegratedComponent:63 - No mode defined for component null
2024-05-29 19:57:58,492 [WARN] ModelIntegratedComponent:63 - No mode defined for component null
2024-05-29 19:57:58,492 [WARN] ModelIntegratedComponent:63 - No mode defined for component null
2024-05-29 19:57:58,492 [WARN] ModelIntegratedComponent:63 - No mode defined for component null
2024-05-29 19:57:58,492 [WARN] ModelIntegratedComponent:63 - No mode defined for component null
2024-05-29 19:57:58,492 [WARN] ModelIntegratedComponent:63 - No mode defined for component null
2024-05-29 19:57:58,492 [WARN] ModelIntegratedComponent:63 - No mode defined for component null
2024-05-29 19:57:58,492 [WARN] ModelIntegratedComponent:63 - No mode defined for component null
2024-05-29 19:57:58,492 [WARN] ModelIntegratedComponent:63 - No mode defined for component null
2024-05-29 19:57:58,492 [WARN] ModelIntegratedComponent:63 - No mode defined for component null
2024-05-29 19:57:58,492 [WARN] ModelIntegratedComponent:63 - No mode defined for component null
2024-05-29 19:57:58,492 [WARN] ModelIntegratedComponent:63 - No mode defined for component null
2024-05-29 19:57:58,492 [WARN] ModelIntegratedComponent:63 - No mode defined for component null
2024-05-29 19:57:58,492 [WARN] ModelIntegratedComponent:63 - No mode defined for component null
2024-05-29 19:57:58,492 [WARN] ModelIntegratedComponent:63 - No mode defined for component null
2024-05-29 19:57:58,492 [WARN] ModelIntegratedComponent:63 - No mode defined for component null
2024-05-29 19:57:58,710 [INFO] ThirdPartyModel:298 - Start build external matchings
2024-05-29 19:57:59,868 [INFO] ThirdPartyModel:316 - End build external matchings
2024-05-29 19:57:59,898 [INFO] ImportTextPane:194 - (OptionalMessage_ERROR) IP (ADC1) : Parameter (CommonPathInternal) has invalid value (null|null|null|null)
2024-05-29 19:57:59,898 [INFO] ImportTextPane:194 - (OptionalMessage_ERROR) IP (ADC3) : Parameter (CommonPathInternal) has invalid value (null|null|null|null)
2024-05-29 19:57:59,898 [INFO] ImportTextPane:194 - (OptionalMessage_ERROR) IP (ADC5) : Parameter (CommonPathInternal) has invalid value (null|ADC_CHANNEL_TEMPSENSOR_ADC1|null|null)
2024-05-29 19:58:00,461 [INFO] ApiDb:581 - Connected to CubeFinder SQLite database (C:\Users\saksh\.stmcufinder\plugins\mcufinder\mcu\cube-finder-db.db)
2024-05-29 19:58:00,515 [INFO] ApiDb:668 - CubeFinder database Data Model version=2.1
2024-05-29 19:58:00,515 [INFO] ApiDb:669 - CubeFinder database Configuration version=3.0.39
2024-05-29 19:58:00,515 [INFO] ApiDb:670 - CubeFinder database generation date=2024-04-15 (1713193726)
2024-05-29 19:58:00,515 [INFO] ApiDb:671 - CubeFinder database FW Pack versions=[FP-ATR-ASTRA1_V2.0.0, FP-SNS-FLIGHT1_V5.0.1, FP-SNS-FLIGHT1_V5.0.2, FP-SNS-MOTENV1_V4.3.1, FP-SNS-MOTENV1_V4.3.2, FP-SNS-MOTENVWB1_V1.3.1, FP-SNS-SMARTAG2_V1.2.0, STM32Cube_FW_C0_V1.1.0, STM32Cube_FW_F4_V1.28.0, STM32Cube_FW_F7_V1.17.0, STM32Cube_FW_G0_V1.6.2, STM32Cube_FW_G4_V1.5.2, STM32Cube_FW_H5_V0.5.1, STM32Cube_FW_H5_V1.1.1, STM32Cube_FW_H5_V1.2.0, STM32Cube_FW_H5_V1.2.0RC4, STM32Cube_FW_H7RS_V1.0.0, STM32Cube_FW_H7RS_V1.0.0RC4, STM32Cube_FW_H7_V1.11.0, STM32Cube_FW_L0_V1.12.2, STM32Cube_FW_L5_V1.5.1, STM32Cube_FW_U0_V1.0.0, STM32Cube_FW_U0_V1.0.0RC1, STM32Cube_FW_U5_V1.3.0RC4, STM32Cube_FW_U5_V1.5.0, STM32Cube_FW_U5_V1.5.0RC1, STM32Cube_FW_WBA_V1.0.0RC1, STM32Cube_FW_WBA_V1.2.0, STM32Cube_FW_WBA_V1.2.0RC2, STM32Cube_FW_WBA_V1.3.0, STM32Cube_FW_WBA_V1.3.0RC1, STM32Cube_FW_WB_V1.15.0RC1, STM32Cube_FW_WB_V1.16.0, STM32Cube_FW_WB_V1.16.0RC2, STM32Cube_FW_WB_V1.18.0, STM32Cube_FW_WB_V1.19.0, STM32Cube_FW_WL_V1.3.0, X-CUBE-ALGOBUILD_V1.3.0, X-CUBE-ALS_V1.0.1, X-CUBE-AZRTOS-F4_V1.1.0, X-CUBE-AZRTOS-F7_V1.1.0, X-CUBE-AZRTOS-G0_V1.1.0, X-CUBE-AZRTOS-G4_V2.0.0, X-CUBE-AZRTOS-H7_V3.2.0, X-CUBE-AZRTOS-L4_V1.0.0, X-CUBE-AZRTOS-L4_V2.0.0, X-CUBE-AZRTOS-L5_V1.1.0, X-CUBE-AZRTOS-WB_V2.0.0, X-CUBE-AZRTOS-WL_V2.0.0, X-CUBE-BLE1_V7.0.0, X-CUBE-BLE2_V3.3.0, X-CUBE-BLEMGR_V3.1.0, X-CUBE-EEPRMA1_V4.1.0, X-CUBE-EEPRMA1_V5.1.0, X-CUBE-FREERTOS_V1.1.0, X-CUBE-GNSS1_V6.0.0, X-CUBE-MEMS1_V10.0.0, X-CUBE-MEMS1_V9.1.0, X-CUBE-MEMS1_V9.4.0, X-CUBE-MEMS1_V9.6.0, X-CUBE-NFC4_V3.0.0, X-CUBE-NFC7_V1.0.1, X-CUBE-SFXS2LP1_V4.0.0, X-CUBE-SUBG2_V5.0.0, X-CUBE-TOF1_V3.4.0]
2024-05-29 19:58:00,624 [INFO] DbBoardsSqlite:226 - include board P-NUCLEO-WB55-NUCLEO as a kit item of type 'Nucleo-64'
2024-05-29 19:58:00,624 [INFO] DbBoardsSqlite:226 - include board P-NUCLEO-WB55-USBDONGLE as a kit item of type 'Nucleo USB Dongle'
2024-05-29 19:58:00,625 [INFO] DbBoardsSqlite:226 - include board STEVAL-IDP005V1 as a kit item of type 'Evaluation Board'
2024-05-29 19:58:00,625 [INFO] DbBoardsSqlite:226 - include board STEVAL-IDP005V2 as a kit item of type 'Evaluation Board'
2024-05-29 19:58:00,833 [INFO] ApiDb:240 - Found 483 in-development CPN: [B-G473E-ZEST1S, B-WB1M-WPAN1, B-WL5M-SUBG1, NUCLEO-C031C6, NUCLEO-H503RB, NUCLEO-H533RE, NUCLEO-H563ZI, NUCLEO-H7S3L8, NUCLEO-U031R8, NUCLEO-U083RC, NUCLEO-U545RE-Q, NUCLEO-U5A5ZJ-Q, NUCLEO-WBA52CG, NUCLEO-WBA55CG, STEVAL-PROTEUS1, STEVAL-SMARTAG2, STEVAL-STWINBX1, STM320518-EVAL, STM32C0116-DK, STM32C011D6Y3TR, STM32C011D6Y6TR, STM32C011F4P3, STM32C011F4P6, STM32C011F4U3, STM32C011F4U6TR, STM32C011F6P3, STM32C011F6P6, STM32C011F6U3, STM32C011F6U6TR, STM32C011J4M3, STM32C011J4M6, STM32C011J6M3, STM32C011J6M6, STM32C0316-DK, STM32C031C4T3, STM32C031C4T6, STM32C031C4U3, STM32C031C4U6, STM32C031C6T3, STM32C031C6T6, STM32C031C6U3, STM32C031C6U6, STM32C031F4P3, STM32C031F4P6, STM32C031F6P3, STM32C031F6P6, STM32C031G4U3, STM32C031G4U6, STM32C031G6U3, STM32C031G6U6, STM32C031K4T3, STM32C031K4T6, STM32C031K4U3, STM32C031K4U6, STM32C031K6T3, STM32C031K6T6, STM32C031K6U3, STM32C031K6U6, STM32G071K8TXN, STM32G071K8UXN, STM32G081GBU6N, STM32G081KBT6N, STM32G081KBUXN, STM32G0B1CCT6N, STM32G0B1KCT6, STM32G0B1NEY6TR, STM32G0B1RCT6N, STM32G0C1CCT6, STM32G0C1CCT6N, STM32G0C1CCU6N, STM32G0C1CET6N, STM32G0C1CEU6N, STM32G0C1KCT6, STM32G0C1NEY6TR, STM32G0C1RCI6N, STM32G0C1RCT6N, STM32G0C1REI6N, STM32G0C1RET6N, STM32G0C1VCI6, STM32G0C1VEI6, STM32G471CCT6, STM32G471CCU6, STM32G471CET3, STM32G471CET6, STM32G471CEU3, STM32G471CEU6, STM32G471MCT6, STM32G471MET3, STM32G471MET6, STM32G471MEY6TR, STM32G471QCT6, STM32G471QET3, STM32G471RCT6, STM32G471RET3, STM32G471RET6, STM32G471VCH6, STM32G471VCI6, STM32G471VCT6, STM32G471VEH3, STM32G471VEH6, STM32G471VEI3, STM32G471VEI6, STM32G471VET3, STM32G471VET6, STM32G474CCT6, STM32H503CBT6, STM32H503CBU6, STM32H503EBY6TR, STM32H503KBU6, STM32H503RBT6, STM32H523CCT6, STM32H523CCU6, STM32H523CET6, STM32H523CEU6, STM32H523HEY6TR, STM32H523RCT6, STM32H523RET6, STM32H523VCI6, STM32H523VCT6, STM32H523VEI6, STM32H523VET6, STM32H523ZCJ6, STM32H523ZCT6, STM32H523ZEJ6, STM32H523ZET6, STM32H533CET6, STM32H533CEU6, STM32H533HEY6TR, STM32H533RET6, STM32H533VEI6, STM32H533VET6, STM32H533ZEJ6, STM32H533ZET6, STM32H562AGI6, STM32H562AII6, STM32H562IGK6, STM32H562IGT6, STM32H562IIK6, STM32H562IIT6, STM32H562RGT6, STM32H562RGV6, STM32H562RIT6, STM32H562RIV6, STM32H562VGT6, STM32H562VIT6, STM32H562ZGT6, STM32H562ZIT6, STM32H563AGI6, STM32H563AII3Q, STM32H563AII6, STM32H563IGK6, STM32H563IGT6, STM32H563IIK3Q, STM32H563IIK6, STM32H563IIT3Q, STM32H563IIT6, STM32H563MIY3QTR, STM32H563RGT6, STM32H563RGV6, STM32H563RIT6, STM32H563RIV6, STM32H563VGT6, STM32H563VIT3Q, STM32H563VIT6, STM32H563ZGT6, STM32H563ZIT3Q, STM32H563ZIT6, STM32H573AII3Q, STM32H573AII6, STM32H573I-DK, STM32H573IIK3Q, STM32H573IIK6, STM32H573IIT3Q, STM32H573IIT6, STM32H573MIY3QTR, STM32H573RIT6, STM32H573RIV6, STM32H573VIT3Q, STM32H573VIT6, STM32H573ZIT3Q, STM32H573ZIT6, STM32H7R3A8I6, STM32H7R3I8K6, STM32H7R3I8T6, STM32H7R3L8H6, STM32H7R3L8H6H, STM32H7R3R8V6, STM32H7R3V8H6, STM32H7R3V8T6, STM32H7R3V8Y6, STM32H7R3Z8J6, STM32H7R3Z8T6, STM32H7R7A8I6, STM32H7R7I8K6, STM32H7R7I8T6, STM32H7R7L8H6, STM32H7R7L8H6H, STM32H7R7Z8J6, STM32H7S3A8I6, STM32H7S3I8K6, STM32H7S3I8T6, STM32H7S3L8H6, STM32H7S3L8H6H, STM32H7S3R8V6, STM32H7S3V8H6, STM32H7S3V8T6, STM32H7S3V8Y6, STM32H7S3Z8J6, STM32H7S3Z8T6, STM32H7S78-DK, STM32H7S7A8I6, STM32H7S7I8K6, STM32H7S7I8T6, STM32H7S7L8H6, STM32H7S7L8H6H, STM32H7S7Z8J6, STM32L4R5QGI6STR, STM32MP131AAE3, STM32MP131AAF3, STM32MP131AAG3, STM32MP131CAE3, STM32MP131CAF3, STM32MP131CAG3, STM32MP131DAE7, STM32MP131DAF7, STM32MP131DAG7, STM32MP131FAE7, STM32MP131FAF7, STM32MP131FAG7, STM32MP133AAE3, STM32MP133AAF3, STM32MP133AAG3, STM32MP133CAE3, STM32MP133CAF3, STM32MP133CAG3, STM32MP133DAE7, STM32MP133DAF7, STM32MP133DAG7, STM32MP133FAE7, STM32MP133FAF7, STM32MP133FAG7, STM32MP135AAE3, STM32MP135AAF3, STM32MP135AAG3, STM32MP135CAE3, STM32MP135CAF3, STM32MP135CAG3, STM32MP135DAE7, STM32MP135DAF7, STM32MP135DAG7, STM32MP135F-DK, STM32MP135FAE7, STM32MP135FAF7, STM32MP135FAF7T, STM32MP135FAF7U, STM32MP135FAG7, STM32U031C6T6, STM32U031C6U6, STM32U031C8T6, STM32U031C8U6, STM32U031F4P6, STM32U031F6P6, STM32U031F8P6, STM32U031G6Y6TR, STM32U031G8Y6TR, STM32U031K4U6, STM32U031K6U6, STM32U031K8U6, STM32U031R6I6, STM32U031R6T6, STM32U031R8I6, STM32U031R8T6, STM32U073C8T6, STM32U073C8U6, STM32U073CBT6, STM32U073CBU6, STM32U073CCT6, STM32U073CCU6, STM32U073H8Y6TR, STM32U073HBY6TR, STM32U073HCY6TR, STM32U073K8U6, STM32U073KBU6, STM32U073KCU6, STM32U073M8I6, STM32U073M8T6, STM32U073MBI6, STM32U073MBT6, STM32U073MCI6, STM32U073MCT6, STM32U073R8I6, STM32U073R8T6, STM32U073RBI6, STM32U073RBT6, STM32U073RCI6, STM32U073RCT6, STM32U083C-DK, STM32U083CCT6, STM32U083CCU6, STM32U083HCY6TR, STM32U083KCU6, STM32U083MCI6, STM32U083MCT6, STM32U083RCI6, STM32U083RCT6, STM32U535CBT6, STM32U535CBT6Q, STM32U535CBU6, STM32U535CBU6Q, STM32U535CCT6, STM32U535CCT6Q, STM32U535CCU6, STM32U535CCU6Q, STM32U535CET6, STM32U535CET6Q, STM32U535CEU6, STM32U535CEU6Q, STM32U535JEY6QTR, STM32U535NCY6QTR, STM32U535NEY6QTR, STM32U535RBI6, STM32U535RBI6Q, STM32U535RBT6, STM32U535RBT6Q, STM32U535RCI6, STM32U535RCI6Q, STM32U535RCT6, STM32U535RCT6Q, STM32U535REI6, STM32U535REI6Q, STM32U535RET6, STM32U535RET6Q, STM32U535VCI6, STM32U535VCI6Q, STM32U535VCT6, STM32U535VCT6Q, STM32U535VEI6, STM32U535VEI6Q, STM32U535VET6, STM32U535VET6Q, STM32U545CET6, STM32U545CET6Q, STM32U545CEU6, STM32U545CEU6Q, STM32U545JEY6QTR, STM32U545NEY6QTR, STM32U545REI6, STM32U545REI6Q, STM32U545RET6, STM32U545RET6Q, STM32U545VEI6, STM32U545VEI6Q, STM32U545VET6, STM32U545VET6Q, STM32U595AIH6, STM32U595AIH6Q, STM32U595AJH6, STM32U595AJH6Q, STM32U595QII6, STM32U595QII6Q, STM32U595QJI6, STM32U595QJI6Q, STM32U595RIT6, STM32U595RIT6Q, STM32U595RJT6, STM32U595RJT6Q, STM32U595VIT6, STM32U595VIT6Q, STM32U595VJT6, STM32U595VJT6Q, STM32U595ZIT6, STM32U595ZIT6Q, STM32U595ZIY6QTR, STM32U595ZJT6, STM32U595ZJT6Q, STM32U595ZJY6QTR, STM32U599BJY6QTR, STM32U599NIH6Q, STM32U599NJH6Q, STM32U599VIT6Q, STM32U599VJT6, STM32U599VJT6Q, STM32U599ZIT6Q, STM32U599ZIY6QTR, STM32U599ZJT6Q, STM32U599ZJY6QTR, STM32U5A5AJH6, STM32U5A5AJH6Q, STM32U5A5QII3Q , STM32U5A5QJI6, STM32U5A5QJI6Q, STM32U5A5RJT6, STM32U5A5RJT6Q, STM32U5A5VJT6, STM32U5A5VJT6Q, STM32U5A5ZJT6, STM32U5A5ZJT6Q, STM32U5A5ZJY6QTR, STM32U5A9BJY6QTR, STM32U5A9J-DK, STM32U5A9NJH6Q, STM32U5A9VJT6Q, STM32U5A9ZJT6Q, STM32U5A9ZJY6QTR, STM32U5F7VIT6, STM32U5F7VIT6Q, STM32U5F7VJT6, STM32U5F7VJT6Q, STM32U5F9BJY6QTR, STM32U5F9NJH6Q, STM32U5F9VIT6Q, STM32U5F9VJT6Q, STM32U5F9ZIJ6QTR, STM32U5F9ZIT6Q, STM32U5F9ZJJ6QTR, STM32U5F9ZJT6Q, STM32U5G7VJT6, STM32U5G7VJT6Q, STM32U5G9BJY6QTR, STM32U5G9J-DK1, STM32U5G9J-DK2, STM32U5G9NJH6Q, STM32U5G9VJT6Q, STM32U5G9ZJJ6QTR, STM32U5G9ZJT6Q, STM32WB1MMCH6, STM32WBA50KEU6, STM32WBA50KEU6TR, STM32WBA50KGU6, STM32WBA50KGU6TR, STM32WBA52CEU6, STM32WBA52CEU6TR, STM32WBA52CEU7, STM32WBA52CEU7TR, STM32WBA52CGU6, STM32WBA52CGU6TR, STM32WBA52CGU6U, STM32WBA52CGU7, STM32WBA52CGU7TR, STM32WBA52KEU6, STM32WBA52KEU6TR, STM32WBA52KGU6, STM32WBA52KGU6TR, STM32WBA54CEU6, STM32WBA54CEU6TR, STM32WBA54CEU7, STM32WBA54CEU7TR, STM32WBA54CGU6, STM32WBA54CGU6TR, STM32WBA54CGU7, STM32WBA54CGU7TR, STM32WBA54KEU6, STM32WBA54KEU6TR, STM32WBA54KEU7, STM32WBA54KEU7TR, STM32WBA54KGU6, STM32WBA54KGU6TR, STM32WBA54KGU7, STM32WBA54KGU7TR, STM32WBA55CEU6, STM32WBA55CEU6TR, STM32WBA55CEU7, STM32WBA55CEU7TR, STM32WBA55CGU6, STM32WBA55CGU6TR, STM32WBA55CGU6U, STM32WBA55CGU7, STM32WBA55CGU7TR, STM32WBA55G-DK1, STM32WBA55HEF6, STM32WBA55HEF7, STM32WBA55HGF6, STM32WBA55HGF7, STM32WBA55UEI6, STM32WBA55UEI6TR, STM32WBA55UEI7, STM32WBA55UEI7TR, STM32WBA55UGI6, STM32WBA55UGI6TR, STM32WBA55UGI7, STM32WBA55UGI7TR, STM32WL5MOCH6, STM32WL5MOCH6TR]
2024-05-29 19:58:00,921 [INFO] BoardInfo:889 - No configuration file found for board P-NUCLEO-WB55
2024-05-29 19:58:00,921 [INFO] DbBoards:161 - Kit is not supported: P-NUCLEO-WB55
2024-05-29 19:58:00,924 [INFO] BoardInfo:889 - No configuration file found for board STEVAL-BFA001V1B
2024-05-29 19:58:00,924 [INFO] DbBoards:161 - Kit is not supported: STEVAL-BFA001V1B
2024-05-29 19:58:00,925 [INFO] BoardInfo:889 - No configuration file found for board STEVAL-BFA001V2B
2024-05-29 19:58:00,925 [INFO] DbBoards:161 - Kit is not supported: STEVAL-BFA001V2B
2024-05-29 19:58:01,005 [INFO] DbBoards:168 - Found 199 boards, 196 are supported
2024-05-29 19:58:01,005 [INFO] DbBoards:169 - Found 199 boards, 8 of them is supported for  Bsp
2024-05-29 19:58:01,008 [INFO] ApiDb:668 - CubeFinder database Data Model version=2.1
2024-05-29 19:58:01,008 [INFO] ApiDb:669 - CubeFinder database Configuration version=3.0.39
2024-05-29 19:58:01,008 [INFO] ApiDb:670 - CubeFinder database generation date=2024-04-15 (1713193726)
2024-05-29 19:58:01,008 [INFO] ApiDb:671 - CubeFinder database FW Pack versions=[FP-ATR-ASTRA1_V2.0.0, FP-SNS-FLIGHT1_V5.0.1, FP-SNS-FLIGHT1_V5.0.2, FP-SNS-MOTENV1_V4.3.1, FP-SNS-MOTENV1_V4.3.2, FP-SNS-MOTENVWB1_V1.3.1, FP-SNS-SMARTAG2_V1.2.0, STM32Cube_FW_C0_V1.1.0, STM32Cube_FW_F4_V1.28.0, STM32Cube_FW_F7_V1.17.0, STM32Cube_FW_G0_V1.6.2, STM32Cube_FW_G4_V1.5.2, STM32Cube_FW_H5_V0.5.1, STM32Cube_FW_H5_V1.1.1, STM32Cube_FW_H5_V1.2.0, STM32Cube_FW_H5_V1.2.0RC4, STM32Cube_FW_H7RS_V1.0.0, STM32Cube_FW_H7RS_V1.0.0RC4, STM32Cube_FW_H7_V1.11.0, STM32Cube_FW_L0_V1.12.2, STM32Cube_FW_L5_V1.5.1, STM32Cube_FW_U0_V1.0.0, STM32Cube_FW_U0_V1.0.0RC1, STM32Cube_FW_U5_V1.3.0RC4, STM32Cube_FW_U5_V1.5.0, STM32Cube_FW_U5_V1.5.0RC1, STM32Cube_FW_WBA_V1.0.0RC1, STM32Cube_FW_WBA_V1.2.0, STM32Cube_FW_WBA_V1.2.0RC2, STM32Cube_FW_WBA_V1.3.0, STM32Cube_FW_WBA_V1.3.0RC1, STM32Cube_FW_WB_V1.15.0RC1, STM32Cube_FW_WB_V1.16.0, STM32Cube_FW_WB_V1.16.0RC2, STM32Cube_FW_WB_V1.18.0, STM32Cube_FW_WB_V1.19.0, STM32Cube_FW_WL_V1.3.0, X-CUBE-ALGOBUILD_V1.3.0, X-CUBE-ALS_V1.0.1, X-CUBE-AZRTOS-F4_V1.1.0, X-CUBE-AZRTOS-F7_V1.1.0, X-CUBE-AZRTOS-G0_V1.1.0, X-CUBE-AZRTOS-G4_V2.0.0, X-CUBE-AZRTOS-H7_V3.2.0, X-CUBE-AZRTOS-L4_V1.0.0, X-CUBE-AZRTOS-L4_V2.0.0, X-CUBE-AZRTOS-L5_V1.1.0, X-CUBE-AZRTOS-WB_V2.0.0, X-CUBE-AZRTOS-WL_V2.0.0, X-CUBE-BLE1_V7.0.0, X-CUBE-BLE2_V3.3.0, X-CUBE-BLEMGR_V3.1.0, X-CUBE-EEPRMA1_V4.1.0, X-CUBE-EEPRMA1_V5.1.0, X-CUBE-FREERTOS_V1.1.0, X-CUBE-GNSS1_V6.0.0, X-CUBE-MEMS1_V10.0.0, X-CUBE-MEMS1_V9.1.0, X-CUBE-MEMS1_V9.4.0, X-CUBE-MEMS1_V9.6.0, X-CUBE-NFC4_V3.0.0, X-CUBE-NFC7_V1.0.1, X-CUBE-SFXS2LP1_V4.0.0, X-CUBE-SUBG2_V5.0.0, X-CUBE-TOF1_V3.4.0]
2024-05-29 19:58:02,360 [INFO] ApiDb:240 - Found 483 in-development CPN: [B-G473E-ZEST1S, B-WB1M-WPAN1, B-WL5M-SUBG1, NUCLEO-C031C6, NUCLEO-H503RB, NUCLEO-H533RE, NUCLEO-H563ZI, NUCLEO-H7S3L8, NUCLEO-U031R8, NUCLEO-U083RC, NUCLEO-U545RE-Q, NUCLEO-U5A5ZJ-Q, NUCLEO-WBA52CG, NUCLEO-WBA55CG, STEVAL-PROTEUS1, STEVAL-SMARTAG2, STEVAL-STWINBX1, STM320518-EVAL, STM32C0116-DK, STM32C011D6Y3TR, STM32C011D6Y6TR, STM32C011F4P3, STM32C011F4P6, STM32C011F4U3, STM32C011F4U6TR, STM32C011F6P3, STM32C011F6P6, STM32C011F6U3, STM32C011F6U6TR, STM32C011J4M3, STM32C011J4M6, STM32C011J6M3, STM32C011J6M6, STM32C0316-DK, STM32C031C4T3, STM32C031C4T6, STM32C031C4U3, STM32C031C4U6, STM32C031C6T3, STM32C031C6T6, STM32C031C6U3, STM32C031C6U6, STM32C031F4P3, STM32C031F4P6, STM32C031F6P3, STM32C031F6P6, STM32C031G4U3, STM32C031G4U6, STM32C031G6U3, STM32C031G6U6, STM32C031K4T3, STM32C031K4T6, STM32C031K4U3, STM32C031K4U6, STM32C031K6T3, STM32C031K6T6, STM32C031K6U3, STM32C031K6U6, STM32G071K8TXN, STM32G071K8UXN, STM32G081GBU6N, STM32G081KBT6N, STM32G081KBUXN, STM32G0B1CCT6N, STM32G0B1KCT6, STM32G0B1NEY6TR, STM32G0B1RCT6N, STM32G0C1CCT6, STM32G0C1CCT6N, STM32G0C1CCU6N, STM32G0C1CET6N, STM32G0C1CEU6N, STM32G0C1KCT6, STM32G0C1NEY6TR, STM32G0C1RCI6N, STM32G0C1RCT6N, STM32G0C1REI6N, STM32G0C1RET6N, STM32G0C1VCI6, STM32G0C1VEI6, STM32G471CCT6, STM32G471CCU6, STM32G471CET3, STM32G471CET6, STM32G471CEU3, STM32G471CEU6, STM32G471MCT6, STM32G471MET3, STM32G471MET6, STM32G471MEY6TR, STM32G471QCT6, STM32G471QET3, STM32G471RCT6, STM32G471RET3, STM32G471RET6, STM32G471VCH6, STM32G471VCI6, STM32G471VCT6, STM32G471VEH3, STM32G471VEH6, STM32G471VEI3, STM32G471VEI6, STM32G471VET3, STM32G471VET6, STM32G474CCT6, STM32H503CBT6, STM32H503CBU6, STM32H503EBY6TR, STM32H503KBU6, STM32H503RBT6, STM32H523CCT6, STM32H523CCU6, STM32H523CET6, STM32H523CEU6, STM32H523HEY6TR, STM32H523RCT6, STM32H523RET6, STM32H523VCI6, STM32H523VCT6, STM32H523VEI6, STM32H523VET6, STM32H523ZCJ6, STM32H523ZCT6, STM32H523ZEJ6, STM32H523ZET6, STM32H533CET6, STM32H533CEU6, STM32H533HEY6TR, STM32H533RET6, STM32H533VEI6, STM32H533VET6, STM32H533ZEJ6, STM32H533ZET6, STM32H562AGI6, STM32H562AII6, STM32H562IGK6, STM32H562IGT6, STM32H562IIK6, STM32H562IIT6, STM32H562RGT6, STM32H562RGV6, STM32H562RIT6, STM32H562RIV6, STM32H562VGT6, STM32H562VIT6, STM32H562ZGT6, STM32H562ZIT6, STM32H563AGI6, STM32H563AII3Q, STM32H563AII6, STM32H563IGK6, STM32H563IGT6, STM32H563IIK3Q, STM32H563IIK6, STM32H563IIT3Q, STM32H563IIT6, STM32H563MIY3QTR, STM32H563RGT6, STM32H563RGV6, STM32H563RIT6, STM32H563RIV6, STM32H563VGT6, STM32H563VIT3Q, STM32H563VIT6, STM32H563ZGT6, STM32H563ZIT3Q, STM32H563ZIT6, STM32H573AII3Q, STM32H573AII6, STM32H573I-DK, STM32H573IIK3Q, STM32H573IIK6, STM32H573IIT3Q, STM32H573IIT6, STM32H573MIY3QTR, STM32H573RIT6, STM32H573RIV6, STM32H573VIT3Q, STM32H573VIT6, STM32H573ZIT3Q, STM32H573ZIT6, STM32H7R3A8I6, STM32H7R3I8K6, STM32H7R3I8T6, STM32H7R3L8H6, STM32H7R3L8H6H, STM32H7R3R8V6, STM32H7R3V8H6, STM32H7R3V8T6, STM32H7R3V8Y6, STM32H7R3Z8J6, STM32H7R3Z8T6, STM32H7R7A8I6, STM32H7R7I8K6, STM32H7R7I8T6, STM32H7R7L8H6, STM32H7R7L8H6H, STM32H7R7Z8J6, STM32H7S3A8I6, STM32H7S3I8K6, STM32H7S3I8T6, STM32H7S3L8H6, STM32H7S3L8H6H, STM32H7S3R8V6, STM32H7S3V8H6, STM32H7S3V8T6, STM32H7S3V8Y6, STM32H7S3Z8J6, STM32H7S3Z8T6, STM32H7S78-DK, STM32H7S7A8I6, STM32H7S7I8K6, STM32H7S7I8T6, STM32H7S7L8H6, STM32H7S7L8H6H, STM32H7S7Z8J6, STM32L4R5QGI6STR, STM32MP131AAE3, STM32MP131AAF3, STM32MP131AAG3, STM32MP131CAE3, STM32MP131CAF3, STM32MP131CAG3, STM32MP131DAE7, STM32MP131DAF7, STM32MP131DAG7, STM32MP131FAE7, STM32MP131FAF7, STM32MP131FAG7, STM32MP133AAE3, STM32MP133AAF3, STM32MP133AAG3, STM32MP133CAE3, STM32MP133CAF3, STM32MP133CAG3, STM32MP133DAE7, STM32MP133DAF7, STM32MP133DAG7, STM32MP133FAE7, STM32MP133FAF7, STM32MP133FAG7, STM32MP135AAE3, STM32MP135AAF3, STM32MP135AAG3, STM32MP135CAE3, STM32MP135CAF3, STM32MP135CAG3, STM32MP135DAE7, STM32MP135DAF7, STM32MP135DAG7, STM32MP135F-DK, STM32MP135FAE7, STM32MP135FAF7, STM32MP135FAF7T, STM32MP135FAF7U, STM32MP135FAG7, STM32U031C6T6, STM32U031C6U6, STM32U031C8T6, STM32U031C8U6, STM32U031F4P6, STM32U031F6P6, STM32U031F8P6, STM32U031G6Y6TR, STM32U031G8Y6TR, STM32U031K4U6, STM32U031K6U6, STM32U031K8U6, STM32U031R6I6, STM32U031R6T6, STM32U031R8I6, STM32U031R8T6, STM32U073C8T6, STM32U073C8U6, STM32U073CBT6, STM32U073CBU6, STM32U073CCT6, STM32U073CCU6, STM32U073H8Y6TR, STM32U073HBY6TR, STM32U073HCY6TR, STM32U073K8U6, STM32U073KBU6, STM32U073KCU6, STM32U073M8I6, STM32U073M8T6, STM32U073MBI6, STM32U073MBT6, STM32U073MCI6, STM32U073MCT6, STM32U073R8I6, STM32U073R8T6, STM32U073RBI6, STM32U073RBT6, STM32U073RCI6, STM32U073RCT6, STM32U083C-DK, STM32U083CCT6, STM32U083CCU6, STM32U083HCY6TR, STM32U083KCU6, STM32U083MCI6, STM32U083MCT6, STM32U083RCI6, STM32U083RCT6, STM32U535CBT6, STM32U535CBT6Q, STM32U535CBU6, STM32U535CBU6Q, STM32U535CCT6, STM32U535CCT6Q, STM32U535CCU6, STM32U535CCU6Q, STM32U535CET6, STM32U535CET6Q, STM32U535CEU6, STM32U535CEU6Q, STM32U535JEY6QTR, STM32U535NCY6QTR, STM32U535NEY6QTR, STM32U535RBI6, STM32U535RBI6Q, STM32U535RBT6, STM32U535RBT6Q, STM32U535RCI6, STM32U535RCI6Q, STM32U535RCT6, STM32U535RCT6Q, STM32U535REI6, STM32U535REI6Q, STM32U535RET6, STM32U535RET6Q, STM32U535VCI6, STM32U535VCI6Q, STM32U535VCT6, STM32U535VCT6Q, STM32U535VEI6, STM32U535VEI6Q, STM32U535VET6, STM32U535VET6Q, STM32U545CET6, STM32U545CET6Q, STM32U545CEU6, STM32U545CEU6Q, STM32U545JEY6QTR, STM32U545NEY6QTR, STM32U545REI6, STM32U545REI6Q, STM32U545RET6, STM32U545RET6Q, STM32U545VEI6, STM32U545VEI6Q, STM32U545VET6, STM32U545VET6Q, STM32U595AIH6, STM32U595AIH6Q, STM32U595AJH6, STM32U595AJH6Q, STM32U595QII6, STM32U595QII6Q, STM32U595QJI6, STM32U595QJI6Q, STM32U595RIT6, STM32U595RIT6Q, STM32U595RJT6, STM32U595RJT6Q, STM32U595VIT6, STM32U595VIT6Q, STM32U595VJT6, STM32U595VJT6Q, STM32U595ZIT6, STM32U595ZIT6Q, STM32U595ZIY6QTR, STM32U595ZJT6, STM32U595ZJT6Q, STM32U595ZJY6QTR, STM32U599BJY6QTR, STM32U599NIH6Q, STM32U599NJH6Q, STM32U599VIT6Q, STM32U599VJT6, STM32U599VJT6Q, STM32U599ZIT6Q, STM32U599ZIY6QTR, STM32U599ZJT6Q, STM32U599ZJY6QTR, STM32U5A5AJH6, STM32U5A5AJH6Q, STM32U5A5QII3Q , STM32U5A5QJI6, STM32U5A5QJI6Q, STM32U5A5RJT6, STM32U5A5RJT6Q, STM32U5A5VJT6, STM32U5A5VJT6Q, STM32U5A5ZJT6, STM32U5A5ZJT6Q, STM32U5A5ZJY6QTR, STM32U5A9BJY6QTR, STM32U5A9J-DK, STM32U5A9NJH6Q, STM32U5A9VJT6Q, STM32U5A9ZJT6Q, STM32U5A9ZJY6QTR, STM32U5F7VIT6, STM32U5F7VIT6Q, STM32U5F7VJT6, STM32U5F7VJT6Q, STM32U5F9BJY6QTR, STM32U5F9NJH6Q, STM32U5F9VIT6Q, STM32U5F9VJT6Q, STM32U5F9ZIJ6QTR, STM32U5F9ZIT6Q, STM32U5F9ZJJ6QTR, STM32U5F9ZJT6Q, STM32U5G7VJT6, STM32U5G7VJT6Q, STM32U5G9BJY6QTR, STM32U5G9J-DK1, STM32U5G9J-DK2, STM32U5G9NJH6Q, STM32U5G9VJT6Q, STM32U5G9ZJJ6QTR, STM32U5G9ZJT6Q, STM32WB1MMCH6, STM32WBA50KEU6, STM32WBA50KEU6TR, STM32WBA50KGU6, STM32WBA50KGU6TR, STM32WBA52CEU6, STM32WBA52CEU6TR, STM32WBA52CEU7, STM32WBA52CEU7TR, STM32WBA52CGU6, STM32WBA52CGU6TR, STM32WBA52CGU6U, STM32WBA52CGU7, STM32WBA52CGU7TR, STM32WBA52KEU6, STM32WBA52KEU6TR, STM32WBA52KGU6, STM32WBA52KGU6TR, STM32WBA54CEU6, STM32WBA54CEU6TR, STM32WBA54CEU7, STM32WBA54CEU7TR, STM32WBA54CGU6, STM32WBA54CGU6TR, STM32WBA54CGU7, STM32WBA54CGU7TR, STM32WBA54KEU6, STM32WBA54KEU6TR, STM32WBA54KEU7, STM32WBA54KEU7TR, STM32WBA54KGU6, STM32WBA54KGU6TR, STM32WBA54KGU7, STM32WBA54KGU7TR, STM32WBA55CEU6, STM32WBA55CEU6TR, STM32WBA55CEU7, STM32WBA55CEU7TR, STM32WBA55CGU6, STM32WBA55CGU6TR, STM32WBA55CGU6U, STM32WBA55CGU7, STM32WBA55CGU7TR, STM32WBA55G-DK1, STM32WBA55HEF6, STM32WBA55HEF7, STM32WBA55HGF6, STM32WBA55HGF7, STM32WBA55UEI6, STM32WBA55UEI6TR, STM32WBA55UEI7, STM32WBA55UEI7TR, STM32WBA55UGI6, STM32WBA55UGI6TR, STM32WBA55UGI7, STM32WBA55UGI7TR, STM32WL5MOCH6, STM32WL5MOCH6TR]
2024-05-29 19:58:02,364 [INFO] DbMcus:218 - Found 4096 MCUs, 4096 are supported
2024-05-29 19:58:02,369 [INFO] ApiDb:423 - Load user favorites file C:\Users\saksh/.stm32cubeide/favorites.mcus.txt: 1 item(s)
2024-05-29 19:58:02,369 [INFO] ApiDb:427 - User favorites MCUs=[STM32F103C8T6]
2024-05-29 19:58:02,370 [INFO] DbMcus:224 - Set 1 / 1 favorites MCUs
2024-05-29 19:58:02,593 [INFO] ApiDb:423 - Load user favorites file C:\Users\saksh/.stm32cubeide/favorites.boards.txt: 0 item(s)
2024-05-29 19:58:02,593 [INFO] ApiDb:427 - User favorites Boards=[]
2024-05-29 19:58:02,593 [INFO] DbBoards:198 - Set 0 / 0 favorites Boards
2024-05-29 19:58:02,655 [INFO] UtilMem:75 - End LoadConfig() Used Memory: 308406480 Bytes (621805568)
2024-05-29 19:58:02,757 [WARN] ThirdParty:833 - waiting for thirdparty lock release [change project]
2024-05-29 19:58:02,757 [INFO] ThirdParty:835 - entering critical section [change project]
2024-05-29 19:58:02,757 [INFO] ThirdParty:1030 - CMSIS Pack Vendor :STMicroelectronics USBPD 4.1
2024-05-29 19:58:02,757 [INFO] ThirdParty:1030 - CMSIS Pack Vendor :STMicroelectronics X-CUBE-GNSS1 6.0.0
2024-05-29 19:58:02,757 [INFO] ThirdParty:1030 - CMSIS Pack Vendor :STMicroelectronics USB_HOST 2.0.0
2024-05-29 19:58:02,757 [INFO] ThirdParty:1030 - CMSIS Pack Vendor :STMicroelectronics FP-SNS-MOTENVWB1 1.4.0
2024-05-29 19:58:02,757 [INFO] ThirdParty:1030 - CMSIS Pack Vendor :STMicroelectronics X-CUBE-AZRTOS-F4 1.1.0
2024-05-29 19:58:02,757 [INFO] ThirdParty:1030 - CMSIS Pack Vendor :STMicroelectronics LIBJPEG 8.0.0
2024-05-29 19:58:02,757 [INFO] ThirdParty:1030 - CMSIS Pack Vendor :STMicroelectronics X-CUBE-SMBUS 2.1.0
2024-05-29 19:58:02,757 [INFO] ThirdParty:1030 - CMSIS Pack Vendor :STMicroelectronics X-CUBE-FREERTOS 1.2.0
2024-05-29 19:58:02,757 [INFO] ThirdParty:1030 - CMSIS Pack Vendor :STMicroelectronics X-CUBE-TOUCHGFX 4.23.1
2024-05-29 19:58:02,757 [INFO] ThirdParty:1030 - CMSIS Pack Vendor :STMicroelectronics X-CUBE-TOUCHGFX 4.23.0
2024-05-29 19:58:02,757 [INFO] ThirdParty:1030 - CMSIS Pack Vendor :STMicroelectronics X-CUBE-BLEMGR 1.2.0
2024-05-29 19:58:02,757 [INFO] ThirdParty:1030 - CMSIS Pack Vendor :STMicroelectronics X-CUBE-TOUCHGFX 4.23.2
2024-05-29 19:58:02,757 [INFO] ThirdParty:1030 - CMSIS Pack Vendor :STMicroelectronics X-CUBE-AZRTOS-F7 1.1.0
2024-05-29 19:58:02,757 [INFO] ThirdParty:1030 - CMSIS Pack Vendor :STMicroelectronics X-CUBE-AZRTOS-L5 2.0.0
2024-05-29 19:58:02,757 [INFO] ThirdParty:1030 - CMSIS Pack Vendor :STMicroelectronics USB_DEVICE 2.0.0
2024-05-29 19:58:02,757 [INFO] ThirdParty:1030 - CMSIS Pack Vendor :STMicroelectronics X-CUBE-MEMS1 9.6.0
2024-05-29 19:58:02,757 [INFO] ThirdParty:1030 - CMSIS Pack Vendor :STMicroelectronics X-CUBE-EEPRMA1 4.2.0
2024-05-29 19:58:02,757 [INFO] ThirdParty:1030 - CMSIS Pack Vendor :STMicroelectronics X-CUBE-NFC6 3.1.0
2024-05-29 19:58:02,757 [INFO] ThirdParty:1030 - CMSIS Pack Vendor :ITTIA_DB I-CUBE-ITTIADB 8.8.0
2024-05-29 19:58:02,757 [INFO] ThirdParty:1030 - CMSIS Pack Vendor :STMicroelectronics FP-SNS-MOTENV1 4.3.0
2024-05-29 19:58:02,757 [INFO] ThirdParty:1030 - CMSIS Pack Vendor :STMicroelectronics FP-SNS-MOTENV1 4.3.2
2024-05-29 19:58:02,757 [INFO] ThirdParty:1030 - CMSIS Pack Vendor :STMicroelectronics FP-SNS-FLIGHT1 5.0.0
2024-05-29 19:58:02,757 [INFO] ThirdParty:1030 - CMSIS Pack Vendor :STMicroelectronics FP-SNS-MOTENV1 4.3.1
2024-05-29 19:58:02,757 [INFO] ThirdParty:1030 - CMSIS Pack Vendor :STMicroelectronics FP-SNS-FLIGHT1 5.0.1
2024-05-29 19:58:02,757 [INFO] ThirdParty:1030 - CMSIS Pack Vendor :STMicroelectronics X-CUBE-BLE1 6.2.3
2024-05-29 19:58:02,757 [INFO] ThirdParty:1030 - CMSIS Pack Vendor :STMicroelectronics X-CUBE-BLE1 6.2.4
2024-05-29 19:58:02,757 [INFO] ThirdParty:1030 - CMSIS Pack Vendor :STMicroelectronics FreeRTOS 0.0.1
2024-05-29 19:58:02,757 [INFO] ThirdParty:1030 - CMSIS Pack Vendor :STMicroelectronics X-CUBE-BLEMGR 2.0.0
2024-05-29 19:58:02,757 [INFO] ThirdParty:1030 - CMSIS Pack Vendor :STMicroelectronics FP-SNS-FLIGHT1 5.0.2
2024-05-29 19:58:02,757 [INFO] ThirdParty:1030 - CMSIS Pack Vendor :STMicroelectronics X-CUBE-NFC4 2.0.4
2024-05-29 19:58:02,757 [INFO] ThirdParty:1030 - CMSIS Pack Vendor :STMicroelectronics X-CUBE-AI 9.0.0
2024-05-29 19:58:02,757 [INFO] ThirdParty:1030 - CMSIS Pack Vendor :STMicroelectronics X-CUBE-AZRTOS-H7 3.1.0
2024-05-29 19:58:02,757 [INFO] ThirdParty:1030 - CMSIS Pack Vendor :STMicroelectronics PDM2PCM 3.3.0
2024-05-29 19:58:02,757 [INFO] ThirdParty:1030 - CMSIS Pack Vendor :STMicroelectronics X-CUBE-TOF1 3.1.0
2024-05-29 19:58:02,757 [INFO] ThirdParty:1030 - CMSIS Pack Vendor :STMicroelectronics X-CUBE-DISPLAY 3.0.0
2024-05-29 19:58:02,757 [INFO] ThirdParty:1030 - CMSIS Pack Vendor :STMicroelectronics X-CUBE-BLE1 7.0.0
2024-05-29 19:58:02,757 [INFO] ThirdParty:1030 - CMSIS Pack Vendor :wolfSSL I-CUBE-wolfSSL 5.5.0
2024-05-29 19:58:02,757 [INFO] ThirdParty:1030 - CMSIS Pack Vendor :STMicroelectronics HAL Drivers 0.0.0
2024-05-29 19:58:02,757 [INFO] ThirdParty:1030 - CMSIS Pack Vendor :STMicroelectronics X-CUBE-TOUCHGFX 4.22.0
2024-05-29 19:58:02,757 [INFO] ThirdParty:1030 - CMSIS Pack Vendor :STMicroelectronics X-CUBE-NFC7 1.0.1
2024-05-29 19:58:02,757 [INFO] ThirdParty:1030 - CMSIS Pack Vendor :STMicroelectronics MBEDTLS 2.14.1
2024-05-29 19:58:02,757 [INFO] ThirdParty:1030 - CMSIS Pack Vendor :STMicroelectronics X-CUBE-NFC7 1.0.0
2024-05-29 19:58:02,757 [INFO] ThirdParty:1030 - CMSIS Pack Vendor :STMicroelectronics X-CUBE-NFC6 3.0.0
2024-05-29 19:58:02,757 [INFO] ThirdParty:1030 - CMSIS Pack Vendor :STMicroelectronics X-CUBE-MEMS1 9.3.0
2024-05-29 19:58:02,758 [INFO] ThirdParty:1030 - CMSIS Pack Vendor :STMicroelectronics X-CUBE-EEPRMA1 4.1.0
2024-05-29 19:58:02,758 [INFO] ThirdParty:1030 - CMSIS Pack Vendor :STMicroelectronics X-CUBE-AI 7.2.0
2024-05-29 19:58:02,758 [INFO] ThirdParty:1030 - CMSIS Pack Vendor :STMicroelectronics X-CUBE-BLEMGR 3.1.0
2024-05-29 19:58:02,758 [INFO] ThirdParty:1030 - CMSIS Pack Vendor :STMicroelectronics FP-SNS-SMARTAG2 1.2.0
2024-05-29 19:58:02,758 [INFO] ThirdParty:1030 - CMSIS Pack Vendor :STMicroelectronics X-CUBE-AZRTOS-WL 2.0.0
2024-05-29 19:58:02,758 [INFO] ThirdParty:1030 - CMSIS Pack Vendor :STMicroelectronics FP-SNS-MOTENV1 5.0.0
2024-05-29 19:58:02,758 [INFO] ThirdParty:1030 - CMSIS Pack Vendor :STMicroelectronics USB_DEVICE 1.0.0
2024-05-29 19:58:02,758 [INFO] ThirdParty:1030 - CMSIS Pack Vendor :STMicroelectronics X-CUBE-AI 8.1.0
2024-05-29 19:58:02,758 [INFO] ThirdParty:1030 - CMSIS Pack Vendor :STMicroelectronics X-CUBE-AZRTOS-L4 2.0.0
2024-05-29 19:58:02,758 [INFO] ThirdParty:1030 - CMSIS Pack Vendor :STMicroelectronics ThreadX 0.0.2
2024-05-29 19:58:02,758 [INFO] ThirdParty:1030 - CMSIS Pack Vendor :WES I-CUBE-Cesium 1.3.0
2024-05-29 19:58:02,758 [INFO] ThirdParty:1030 - CMSIS Pack Vendor :STMicroelectronics lwIP 2.1.2
2024-05-29 19:58:02,758 [INFO] ThirdParty:1030 - CMSIS Pack Vendor :STMicroelectronics X-CUBE-SFXS2LP1 4.0.0
2024-05-29 19:58:02,758 [INFO] ThirdParty:1030 - CMSIS Pack Vendor :STMicroelectronics X-CUBE-BLE2 3.3.0
2024-05-29 19:58:02,758 [INFO] ThirdParty:1030 - CMSIS Pack Vendor :STMicroelectronics X-CUBE-DISPLAY 2.2.0
2024-05-29 19:58:02,758 [INFO] ThirdParty:1030 - CMSIS Pack Vendor :STMicroelectronics X-CUBE-TOF1 3.2.0
2024-05-29 19:58:02,758 [INFO] ThirdParty:1030 - CMSIS Pack Vendor :STMicroelectronics PDM2PCM 3.2.0
2024-05-29 19:58:02,758 [INFO] ThirdParty:1030 - CMSIS Pack Vendor :STMicroelectronics X-CUBE-AZRTOS-H7 3.0.0
2024-05-29 19:58:02,758 [INFO] ThirdParty:1030 - CMSIS Pack Vendor :STMicroelectronics X-CUBE-ISPU 1.0.0
2024-05-29 19:58:02,758 [INFO] ThirdParty:1030 - CMSIS Pack Vendor :STMicroelectronics X-CUBE-ISPU 1.1.0
2024-05-29 19:58:02,758 [INFO] ThirdParty:1030 - CMSIS Pack Vendor :RoweBots I-CUBE-UNISONRTOS 5.5.0-4
2024-05-29 19:58:02,758 [INFO] ThirdParty:1030 - CMSIS Pack Vendor :STMicroelectronics X-CUBE-AZRTOS-H7 2.1.0
2024-05-29 19:58:02,758 [INFO] ThirdParty:1030 - CMSIS Pack Vendor :STMicroelectronics USB_DEVICE 3.0.0
2024-05-29 19:58:02,758 [INFO] ThirdParty:1030 - CMSIS Pack Vendor :STMicroelectronics X-CUBE-TCPP 4.1.0
2024-05-29 19:58:02,758 [INFO] ThirdParty:1030 - CMSIS Pack Vendor :STMicroelectronics X-CUBE-AI 8.0.0
2024-05-29 19:58:02,758 [INFO] ThirdParty:1030 - CMSIS Pack Vendor :STMicroelectronics X-CUBE-AZRTOS-WB 2.0.0
2024-05-29 19:58:02,758 [INFO] ThirdParty:1030 - CMSIS Pack Vendor :STMicroelectronics X-CUBE-FREERTOS 1.0.0
2024-05-29 19:58:02,758 [INFO] ThirdParty:1030 - CMSIS Pack Vendor :STMicroelectronics X-CUBE-FREERTOS 1.0.1
2024-05-29 19:58:02,758 [INFO] ThirdParty:1030 - CMSIS Pack Vendor :STMicroelectronics X-CUBE-TOUCHGFX 4.21.1
2024-05-29 19:58:02,758 [INFO] ThirdParty:1030 - CMSIS Pack Vendor :STMicroelectronics X-CUBE-TOUCHGFX 4.21.3
2024-05-29 19:58:02,758 [INFO] ThirdParty:1030 - CMSIS Pack Vendor :STMicroelectronics X-CUBE-BLEMGR 1.0.0
2024-05-29 19:58:02,758 [INFO] ThirdParty:1030 - CMSIS Pack Vendor :STMicroelectronics X-CUBE-TOUCHGFX 4.21.4
2024-05-29 19:58:02,758 [INFO] ThirdParty:1030 - CMSIS Pack Vendor :STMicroelectronics X-CUBE-MEMS1 9.4.0
2024-05-29 19:58:02,758 [INFO] ThirdParty:1030 - CMSIS Pack Vendor :STMicroelectronics X-CUBE-AI 7.3.0
2024-05-29 19:58:02,758 [INFO] ThirdParty:1030 - CMSIS Pack Vendor :STMicroelectronics X-CUBE-ALGOBUILD 1.3.0
2024-05-29 19:58:02,758 [INFO] ThirdParty:1030 - CMSIS Pack Vendor :STMicroelectronics X-CUBE-AZRTOS-L5 1.1.0
2024-05-29 19:58:02,758 [INFO] ThirdParty:1030 - CMSIS Pack Vendor :STMicroelectronics X-CUBE-AZRTOS-G0 1.1.0
2024-05-29 19:58:02,758 [INFO] ThirdParty:1030 - CMSIS Pack Vendor :STMicroelectronics X-CUBE-AI 8.0.1
2024-05-29 19:58:02,758 [INFO] ThirdParty:1030 - CMSIS Pack Vendor :STMicroelectronics X-CUBE-SAFEA1 1.2.2
2024-05-29 19:58:02,758 [INFO] ThirdParty:1030 - CMSIS Pack Vendor :STMicroelectronics X-CUBE-NFC4 3.0.0
2024-05-29 19:58:02,758 [INFO] ThirdParty:1030 - CMSIS Pack Vendor :SEGGER I-CUBE-embOS 1.2.0
2024-05-29 19:58:02,758 [INFO] ThirdParty:1030 - CMSIS Pack Vendor :STMicroelectronics X-CUBE-SUBG2 5.0.0
2024-05-29 19:58:02,758 [INFO] ThirdParty:1030 - CMSIS Pack Vendor :STMicroelectronics STM32_WPAN 1.0.0
2024-05-29 19:58:02,758 [INFO] ThirdParty:1030 - CMSIS Pack Vendor :STMicroelectronics lwIP 2.0.3
2024-05-29 19:58:02,758 [INFO] ThirdParty:1030 - CMSIS Pack Vendor :STMicroelectronics USB_HOST 1.0.0
2024-05-29 19:58:02,758 [INFO] ThirdParty:1030 - CMSIS Pack Vendor :STMicroelectronics X-CUBE-TOF1 3.3.1
2024-05-29 19:58:02,758 [INFO] ThirdParty:1030 - CMSIS Pack Vendor :STMicroelectronics X-CUBE-AZRTOS-G4 2.0.0
2024-05-29 19:58:02,758 [INFO] ThirdParty:1030 - CMSIS Pack Vendor :STMicroelectronics PDM2PCM 3.1.0
2024-05-29 19:58:02,758 [INFO] ThirdParty:1030 - CMSIS Pack Vendor :STMicroelectronics X-CUBE-TOF1 3.3.0
2024-05-29 19:58:02,758 [INFO] ThirdParty:1030 - CMSIS Pack Vendor :STMicroelectronics FP-ATR-ASTRA1 1.1.1
2024-05-29 19:58:02,758 [INFO] ThirdParty:1030 - CMSIS Pack Vendor :Infineon AIROC-Wi-Fi-Bluetooth-STM32 1.5.1
2024-05-29 19:58:02,758 [INFO] ThirdParty:1030 - CMSIS Pack Vendor :STMicroelectronics X-CUBE-BLEMGR 3.0.0
2024-05-29 19:58:02,758 [INFO] ThirdParty:1030 - CMSIS Pack Vendor :STMicroelectronics X-CUBE-BLEMGR 1.3.0
2024-05-29 19:58:02,758 [INFO] ThirdParty:1030 - CMSIS Pack Vendor :STMicroelectronics FP-SNS-MOTENVWB1 1.3.1
2024-05-29 19:58:02,758 [INFO] ThirdParty:1030 - CMSIS Pack Vendor :STMicroelectronics FP-ATR-SIGFOX1 3.2.0
2024-05-29 19:58:02,758 [INFO] ThirdParty:1030 - CMSIS Pack Vendor :STMicroelectronics X-CUBE-AZRTOS-G4 1.0.0
2024-05-29 19:58:02,758 [INFO] ThirdParty:1030 - CMSIS Pack Vendor :STMicroelectronics X-CUBE-AZRTOS-L4 1.0.0
2024-05-29 19:58:02,758 [INFO] ThirdParty:1030 - CMSIS Pack Vendor :STMicroelectronics X-CUBE-ISPU 2.0.0
2024-05-29 19:58:02,758 [INFO] ThirdParty:1030 - CMSIS Pack Vendor :STMicroelectronics X-CUBE-EEPRMA1 5.1.0
2024-05-29 19:58:02,758 [INFO] ThirdParty:1030 - CMSIS Pack Vendor :STMicroelectronics MBEDTLS 2.16.2
2024-05-29 19:58:02,758 [INFO] ThirdParty:1030 - CMSIS Pack Vendor :STMicroelectronics X-CUBE-ALS 1.0.2
2024-05-29 19:58:02,758 [INFO] ThirdParty:1030 - CMSIS Pack Vendor :emotas I-CUBE-CANOPEN 1.1.2
2024-05-29 19:58:02,758 [INFO] ThirdParty:1030 - CMSIS Pack Vendor :STMicroelectronics X-CUBE-TOUCHGFX 4.20.0
2024-05-29 19:58:02,758 [INFO] ThirdParty:1030 - CMSIS Pack Vendor :STMicroelectronics X-CUBE-MEMS1 10.0.0
2024-05-29 19:58:02,758 [INFO] ThirdParty:1030 - CMSIS Pack Vendor :STMicroelectronics X-CUBE-FREERTOS 1.1.0
2024-05-29 19:58:02,758 [INFO] ThirdParty:1030 - CMSIS Pack Vendor :STMicroelectronics X-CUBE-AZRTOS-WL 1.0.0
2024-05-29 19:58:02,758 [INFO] ThirdParty:1030 - CMSIS Pack Vendor :portGmbH I-Cube-SoM-uGOAL 1.1.0
2024-05-29 19:58:02,758 [INFO] ThirdParty:1030 - CMSIS Pack Vendor :STMicroelectronics X-CUBE-ALS 1.0.1
2024-05-29 19:58:02,758 [INFO] ThirdParty:1030 - CMSIS Pack Vendor :STMicroelectronics X-CUBE-MEMS1 9.5.0
2024-05-29 19:58:02,759 [INFO] ThirdParty:1030 - CMSIS Pack Vendor :STMicroelectronics ThreadX 1.0.0
2024-05-29 19:58:02,759 [INFO] ThirdParty:1030 - CMSIS Pack Vendor :STMicroelectronics X-CUBE-AZRTOS-WB 1.1.0
2024-05-29 19:58:02,759 [INFO] ThirdParty:1030 - CMSIS Pack Vendor :SEGGER I-CUBE-embOS 1.3.1
2024-05-29 19:58:02,759 [INFO] ThirdParty:1030 - CMSIS Pack Vendor :STMicroelectronics X-CUBE-ALGOBUILD 1.4.0
2024-05-29 19:58:02,759 [INFO] ThirdParty:1030 - CMSIS Pack Vendor :STMicroelectronics X-CUBE-AZRTOS-L5 1.0.0
2024-05-29 19:58:02,759 [INFO] ThirdParty:1030 - CMSIS Pack Vendor :STMicroelectronics X-CUBE-EEPRMA1 3.1.1
2024-05-29 19:58:02,759 [INFO] ThirdParty:1030 - CMSIS Pack Vendor :STMicroelectronics X-CUBE-AZRTOS-H7RS 1.0.0
2024-05-29 19:58:02,759 [INFO] ThirdParty:1030 - CMSIS Pack Vendor :STMicroelectronics FP-ATR-ASTRA1 2.0.0
2024-05-29 19:58:02,759 [INFO] ThirdParty:1030 - CMSIS Pack Vendor :STMicroelectronics X-CUBE-TOF1 3.4.0
2024-05-29 19:58:02,759 [INFO] ThirdParty:1030 - CMSIS Pack Vendor :STMicroelectronics X-CUBE-TOF1 3.4.1
2024-05-29 19:58:02,759 [INFO] ThirdParty:1030 - CMSIS Pack Vendor :STMicroelectronics X-CUBE-AZRTOS-H7 3.2.0
2024-05-29 19:58:02,759 [INFO] ThirdParty:841 - exiting critical section [change project]
2024-05-29 19:58:03,119 [INFO] PinOutPanel:1561 - setPackage(No Configuration,No Configuration)
2024-05-29 19:58:03,121 [INFO] PinOutPanel:1561 - setPackage(STM32G474RETx,LQFP64)
2024-05-29 19:58:03,530 [INFO] UtilMem:75 - Before build in PCC Used Memory: 287703808 Bytes (621805568)
2024-05-29 19:58:04,367 [INFO] UtilMem:75 - After build in PCC Used Memory: 410387200 Bytes (621805568)
2024-05-29 19:58:04,389 [INFO] IPUIPlugin:80 - create IPUIPlugin
2024-05-29 19:58:04,389 [INFO] IPUIPlugin:80 - create IPUIPlugin
2024-05-29 19:58:04,389 [INFO] IPUIPlugin:80 - create IPUIPlugin
2024-05-29 19:58:04,389 [INFO] IPUIPlugin:80 - create IPUIPlugin
2024-05-29 19:58:04,389 [INFO] IPUIPlugin:80 - create IPUIPlugin
2024-05-29 19:58:04,389 [INFO] IPUIPlugin:80 - create IPUIPlugin
2024-05-29 19:58:04,389 [INFO] IPUIPlugin:80 - create IPUIPlugin
2024-05-29 19:58:04,389 [INFO] IPUIPlugin:80 - create IPUIPlugin
2024-05-29 19:58:04,389 [INFO] IPUIPlugin:80 - create IPUIPlugin
2024-05-29 19:58:04,389 [INFO] IPUIPlugin:80 - create IPUIPlugin
2024-05-29 19:58:04,389 [INFO] IPUIPlugin:80 - create IPUIPlugin
2024-05-29 19:58:04,389 [INFO] IPUIPlugin:80 - create IPUIPlugin
2024-05-29 19:58:04,389 [INFO] IPUIPlugin:80 - create IPUIPlugin
2024-05-29 19:58:04,389 [INFO] IPUIPlugin:80 - create IPUIPlugin
2024-05-29 19:58:04,389 [INFO] IPUIPlugin:80 - create IPUIPlugin
2024-05-29 19:58:04,389 [INFO] IPUIPlugin:80 - create IPUIPlugin
2024-05-29 19:58:04,389 [INFO] IPUIPlugin:80 - create IPUIPlugin
2024-05-29 19:58:04,390 [INFO] IPUIPlugin:80 - create IPUIPlugin
2024-05-29 19:58:04,390 [INFO] IPUIPlugin:80 - create IPUIPlugin
2024-05-29 19:58:04,390 [INFO] IPUIPlugin:80 - create IPUIPlugin
2024-05-29 19:58:04,390 [INFO] IPUIPlugin:80 - create IPUIPlugin
2024-05-29 19:58:04,390 [INFO] IPUIPlugin:80 - create IPUIPlugin
2024-05-29 19:58:04,390 [INFO] IPUIPlugin:80 - create IPUIPlugin
2024-05-29 19:58:04,390 [INFO] IPUIPlugin:80 - create IPUIPlugin
2024-05-29 19:58:04,390 [INFO] IPUIPlugin:80 - create IPUIPlugin
2024-05-29 19:58:04,390 [INFO] IPUIPlugin:80 - create IPUIPlugin
2024-05-29 19:58:04,390 [INFO] IPUIPlugin:80 - create IPUIPlugin
2024-05-29 19:58:04,390 [INFO] IPUIPlugin:80 - create IPUIPlugin
2024-05-29 19:58:04,390 [INFO] IPUIPlugin:80 - create IPUIPlugin
2024-05-29 19:58:04,390 [INFO] IPUIPlugin:80 - create IPUIPlugin
2024-05-29 19:58:04,390 [INFO] IPUIPlugin:80 - create IPUIPlugin
2024-05-29 19:58:04,390 [INFO] IPUIPlugin:80 - create IPUIPlugin
2024-05-29 19:58:04,390 [INFO] IPUIPlugin:80 - create IPUIPlugin
2024-05-29 19:58:04,390 [INFO] IPUIPlugin:80 - create IPUIPlugin
2024-05-29 19:58:04,390 [INFO] IPUIPlugin:80 - create IPUIPlugin
2024-05-29 19:58:04,391 [INFO] IPUIPlugin:80 - create IPUIPlugin
2024-05-29 19:58:04,391 [INFO] IPUIPlugin:80 - create IPUIPlugin
2024-05-29 19:58:04,391 [INFO] IPUIPlugin:80 - create IPUIPlugin
2024-05-29 19:58:04,391 [INFO] IPUIPlugin:80 - create IPUIPlugin
2024-05-29 19:58:04,391 [INFO] IPUIPlugin:80 - create IPUIPlugin
2024-05-29 19:58:04,391 [INFO] IPUIPlugin:80 - create IPUIPlugin
2024-05-29 19:58:04,391 [INFO] IPUIPlugin:80 - create IPUIPlugin
2024-05-29 19:58:04,391 [INFO] IPUIPlugin:80 - create IPUIPlugin
2024-05-29 19:58:04,392 [INFO] IPUIPlugin:80 - create IPUIPlugin
2024-05-29 19:58:04,392 [INFO] IPUIPlugin:80 - create IPUIPlugin
2024-05-29 19:58:04,392 [INFO] IPUIPlugin:80 - create IPUIPlugin
2024-05-29 19:58:04,392 [INFO] IPUIPlugin:80 - create IPUIPlugin
2024-05-29 19:58:04,392 [INFO] IPUIPlugin:80 - create IPUIPlugin
2024-05-29 19:58:04,393 [INFO] IPUIPlugin:80 - create IPUIPlugin
2024-05-29 19:58:04,393 [INFO] IPUIPlugin:80 - create IPUIPlugin
2024-05-29 19:58:04,393 [INFO] IPUIPlugin:80 - create IPUIPlugin
2024-05-29 19:58:04,393 [INFO] IPUIPlugin:80 - create IPUIPlugin
2024-05-29 19:58:04,393 [INFO] IPUIPlugin:80 - create IPUIPlugin
2024-05-29 19:58:04,393 [INFO] IPUIPlugin:80 - create IPUIPlugin
2024-05-29 19:58:04,393 [INFO] IPUIPlugin:80 - create IPUIPlugin
2024-05-29 19:58:04,393 [INFO] IPUIPlugin:80 - create IPUIPlugin
2024-05-29 19:58:04,393 [INFO] IPUIPlugin:80 - create IPUIPlugin
2024-05-29 19:58:04,393 [INFO] IPUIPlugin:80 - create IPUIPlugin
2024-05-29 19:58:04,394 [INFO] IPUIPlugin:80 - create IPUIPlugin
2024-05-29 19:58:04,394 [INFO] IPUIPlugin:80 - create IPUIPlugin
2024-05-29 19:58:04,394 [INFO] IPUIPlugin:80 - create IPUIPlugin
2024-05-29 19:58:04,394 [INFO] IPUIPlugin:80 - create IPUIPlugin
2024-05-29 19:58:04,394 [INFO] IPUIPlugin:80 - create IPUIPlugin
2024-05-29 19:58:04,394 [INFO] IPUIPlugin:80 - create IPUIPlugin
2024-05-29 19:58:04,394 [INFO] IPUIPlugin:80 - create IPUIPlugin
2024-05-29 19:58:04,395 [INFO] IPUIPlugin:80 - create IPUIPlugin
2024-05-29 19:58:04,395 [INFO] IPUIPlugin:80 - create IPUIPlugin
2024-05-29 19:58:04,395 [INFO] IPUIPlugin:80 - create IPUIPlugin
2024-05-29 19:58:04,395 [INFO] IPUIPlugin:80 - create IPUIPlugin
2024-05-29 19:58:04,395 [INFO] IPUIPlugin:80 - create IPUIPlugin
2024-05-29 19:58:04,395 [INFO] IPUIPlugin:80 - create IPUIPlugin
2024-05-29 19:58:04,396 [INFO] IPUIPlugin:80 - create IPUIPlugin
2024-05-29 19:58:04,396 [INFO] IPUIPlugin:80 - create IPUIPlugin
2024-05-29 19:58:04,396 [INFO] IPUIPlugin:80 - create IPUIPlugin
2024-05-29 19:58:04,396 [INFO] IPUIPlugin:80 - create IPUIPlugin
2024-05-29 19:58:04,397 [INFO] IPUIPlugin:80 - create IPUIPlugin
2024-05-29 19:58:04,397 [INFO] IPUIPlugin:80 - create IPUIPlugin
2024-05-29 19:58:04,575 [INFO] CADModel:165 - CPN selected for project levelSTM32G474RET3
2024-05-29 19:58:04,575 [INFO] CADModel:114 - Register for checkConnection events
2024-05-29 19:58:04,626 [INFO] OpenFileManager:343 - Restore cursor
2024-05-29 19:58:23,239 [INFO] ADCParametersView:116 -                Rank 1 : false
2024-05-29 19:58:23,300 [INFO] ADCParametersView:116 -                Rank 1 : false
2024-05-29 19:58:23,301 [INFO] ADCParametersView:116 -                Rank 1 : false
2024-05-29 19:58:23,301 [INFO] ADCParametersView:116 -                Rank 1 : false
2024-05-29 19:58:23,301 [INFO] ADCParametersView:116 -                Rank 1 : false
2024-05-29 19:58:23,301 [INFO] ADCParametersView:116 -                Rank 1 : false
2024-05-29 19:58:23,301 [INFO] ADCParametersView:116 -                Rank 1 : false
2024-05-29 19:58:23,301 [INFO] ADCParametersView:116 -                Rank 1 : false
2024-05-29 19:58:23,301 [INFO] ADCParametersView:116 -                Rank 1 : false
2024-05-29 19:58:23,302 [INFO] ADCParametersView:116 -                Rank 1 : false
2024-05-29 19:58:23,302 [INFO] ADCParametersView:116 -                Rank 1 : false
2024-05-29 19:58:23,303 [INFO] ADCParametersView:116 -                Rank 1 : false
2024-05-29 19:58:23,303 [INFO] ADCParametersView:116 -                Rank 1 : false
2024-05-29 19:58:23,303 [INFO] ADCParametersView:116 -                Rank 1 : false
2024-05-29 19:58:23,303 [INFO] ADCParametersView:116 -                Rank 1 : false
2024-05-29 19:58:23,303 [INFO] ADCParametersView:116 -                Rank 1 : false
2024-05-29 19:58:23,303 [INFO] ADCParametersView:116 -                Rank 1 : false
2024-05-29 19:58:23,303 [INFO] ADCParametersView:116 -                Rank 1 : false
2024-05-29 19:58:23,303 [INFO] ADCParametersView:116 -                Rank 1 : false
2024-05-29 19:58:23,303 [INFO] ADCParametersView:116 -                Rank 1 : false
2024-05-29 19:58:23,303 [INFO] ADCParametersView:116 -                Rank 1 : false
2024-05-29 19:58:23,303 [INFO] ADCParametersView:116 -                Rank 1 : false
2024-05-29 19:58:23,321 [INFO] ADCParametersView:116 -                Rank 1 : false
2024-05-29 19:58:36,274 [INFO] ADCParametersView:116 -                Rank 1 : false
2024-05-29 19:58:36,275 [INFO] ADCParametersView:116 -                Rank 1 : false
2024-05-29 19:58:36,275 [INFO] ADCParametersView:116 -                Rank 1 : false
2024-05-29 19:58:36,275 [INFO] ADCParametersView:116 -                Rank 1 : false
2024-05-29 19:58:36,275 [INFO] ADCParametersView:116 -                Rank 1 : false
2024-05-29 19:58:36,275 [INFO] ADCParametersView:116 -                Rank 1 : false
2024-05-29 19:58:36,275 [INFO] ADCParametersView:116 -                Rank 1 : false
2024-05-29 19:58:36,275 [INFO] ADCParametersView:116 -                Rank 1 : false
2024-05-29 19:58:36,275 [INFO] ADCParametersView:116 -                Rank 1 : false
2024-05-29 19:58:36,275 [INFO] ADCParametersView:116 -                Rank 1 : false
2024-05-29 19:58:36,275 [INFO] ADCParametersView:116 -                Rank 1 : false
2024-05-29 19:58:36,275 [INFO] ADCParametersView:116 -                Rank 1 : false
2024-05-29 19:58:36,275 [INFO] ADCParametersView:116 -                Rank 1 : false
2024-05-29 19:58:36,275 [INFO] ADCParametersView:116 -                Rank 1 : false
2024-05-29 19:58:36,275 [INFO] ADCParametersView:116 -                Rank 1 : false
2024-05-29 19:58:36,275 [INFO] ADCParametersView:116 -                Rank 1 : false
2024-05-29 19:58:36,275 [INFO] ADCParametersView:116 -                Rank 1 : false
2024-05-29 19:58:36,275 [INFO] ADCParametersView:116 -                Rank 1 : false
2024-05-29 19:58:36,275 [INFO] ADCParametersView:116 -                Rank 1 : false
2024-05-29 19:58:36,275 [INFO] ADCParametersView:116 -                Rank 1 : false
2024-05-29 19:58:36,275 [INFO] ADCParametersView:116 -                Rank 1 : false
2024-05-29 19:58:36,286 [INFO] ADCParametersView:116 -                Rank 1 : false
2024-05-29 19:58:36,301 [INFO] ADCParametersView:116 -                Rank 1 : false
2024-05-29 19:58:36,301 [INFO] ADCParametersView:116 -                Rank 1 : false
2024-05-29 19:58:36,301 [INFO] ADCParametersView:116 -                Rank 1 : false
2024-05-29 19:58:36,301 [INFO] ADCParametersView:116 -                Rank 1 : false
2024-05-29 19:58:36,301 [INFO] ADCParametersView:116 -                Rank 1 : false
2024-05-29 19:58:36,301 [INFO] ADCParametersView:116 -                Rank 1 : false
2024-05-29 19:58:36,301 [INFO] ADCParametersView:116 -                Rank 1 : false
2024-05-29 19:58:36,301 [INFO] ADCParametersView:116 -                Rank 1 : false
2024-05-29 19:58:36,301 [INFO] ADCParametersView:116 -                Rank 1 : false
2024-05-29 19:58:36,301 [INFO] ADCParametersView:116 -                Rank 1 : false
2024-05-29 19:58:36,301 [INFO] ADCParametersView:116 -                Rank 1 : false
2024-05-29 19:58:36,301 [INFO] ADCParametersView:116 -                Rank 1 : false
2024-05-29 19:58:36,301 [INFO] ADCParametersView:116 -                Rank 1 : false
2024-05-29 19:58:36,301 [INFO] ADCParametersView:116 -                Rank 1 : false
2024-05-29 19:58:36,302 [INFO] ADCParametersView:116 -                Rank 1 : false
2024-05-29 19:58:36,302 [INFO] ADCParametersView:116 -                Rank 1 : false
2024-05-29 19:58:36,302 [INFO] ADCParametersView:116 -                Rank 1 : false
2024-05-29 19:58:36,302 [INFO] ADCParametersView:116 -                Rank 1 : false
2024-05-29 19:58:36,302 [INFO] ADCParametersView:116 -                Rank 1 : false
2024-05-29 19:58:36,302 [INFO] ADCParametersView:116 -                Rank 1 : false
2024-05-29 19:58:36,302 [INFO] ADCParametersView:116 -                Rank 1 : false
2024-05-29 19:58:36,309 [INFO] ADCParametersView:116 -                Rank 1 : false
2024-05-29 19:58:36,428 [INFO] NvicIntPanel:101 - NVIC parent = com.st.microxplorer.plugins.ip.nvic.MultiNvicIntPanel[,0,0,0x0,invalid,layout=javax.swing.BoxLayout,alignmentX=0.0,alignmentY=0.0,border=,flags=9,maximumSize=,minimumSize=,preferredSize=]
2024-05-29 19:58:36,564 [INFO] NvicIntPanel:101 - NVIC parent = com.st.microxplorer.plugins.ip.nvic.MultiNvicIntPanel[,0,0,0x0,invalid,layout=javax.swing.BoxLayout,alignmentX=0.0,alignmentY=0.0,border=,flags=9,maximumSize=,minimumSize=,preferredSize=]
2024-05-29 19:58:36,676 [INFO] NvicIntPanel:101 - NVIC parent = com.st.microxplorer.plugins.ip.nvic.MultiNvicIntPanel[,0,0,0x0,invalid,layout=javax.swing.BoxLayout,alignmentX=0.0,alignmentY=0.0,border=,flags=9,maximumSize=,minimumSize=,preferredSize=]
2024-05-29 19:58:36,759 [INFO] NvicIntPanel:101 - NVIC parent = com.st.microxplorer.plugins.ip.nvic.MultiNvicIntPanel[,0,0,0x0,invalid,layout=javax.swing.BoxLayout,alignmentX=0.0,alignmentY=0.0,border=,flags=9,maximumSize=,minimumSize=,preferredSize=]
2024-05-29 19:58:36,810 [INFO] ADCParametersView:116 -                Rank 1 : false
2024-05-29 19:58:36,810 [INFO] ADCParametersView:116 -                Rank 1 : false
2024-05-29 19:58:36,810 [INFO] ADCParametersView:116 -                Rank 1 : false
2024-05-29 19:58:36,810 [INFO] ADCParametersView:116 -                Rank 1 : false
2024-05-29 19:58:36,811 [INFO] ADCParametersView:116 -                Rank 1 : false
2024-05-29 19:58:36,811 [INFO] ADCParametersView:116 -                Rank 1 : false
2024-05-29 19:58:36,811 [INFO] ADCParametersView:116 -                Rank 1 : false
2024-05-29 19:58:36,811 [INFO] ADCParametersView:116 -                Rank 1 : false
2024-05-29 19:58:36,811 [INFO] ADCParametersView:116 -                Rank 1 : false
2024-05-29 19:58:36,811 [INFO] ADCParametersView:116 -                Rank 1 : false
2024-05-29 19:58:36,811 [INFO] ADCParametersView:116 -                Rank 1 : false
2024-05-29 19:58:36,811 [INFO] ADCParametersView:116 -                Rank 1 : false
2024-05-29 19:58:36,811 [INFO] ADCParametersView:116 -                Rank 1 : false
2024-05-29 19:58:36,811 [INFO] ADCParametersView:116 -                Rank 1 : false
2024-05-29 19:58:36,811 [INFO] ADCParametersView:116 -                Rank 1 : false
2024-05-29 19:58:36,811 [INFO] ADCParametersView:116 -                Rank 1 : false
2024-05-29 19:58:36,811 [INFO] ADCParametersView:116 -                Rank 1 : false
2024-05-29 19:58:36,811 [INFO] ADCParametersView:116 -                Rank 1 : false
2024-05-29 19:58:36,811 [INFO] ADCParametersView:116 -                Rank 1 : false
2024-05-29 19:58:36,811 [INFO] ADCParametersView:116 -                Rank 1 : false
2024-05-29 19:58:36,811 [INFO] ADCParametersView:116 -                Rank 1 : false
2024-05-29 19:58:36,819 [INFO] ADCParametersView:116 -                Rank 1 : false
2024-05-29 19:58:36,833 [INFO] ADCParametersView:116 -                Rank 1 : false
2024-05-29 19:58:36,833 [INFO] ADCParametersView:116 -                Rank 1 : false
2024-05-29 19:58:36,833 [INFO] ADCParametersView:116 -                Rank 1 : false
2024-05-29 19:58:36,833 [INFO] ADCParametersView:116 -                Rank 1 : false
2024-05-29 19:58:36,833 [INFO] ADCParametersView:116 -                Rank 1 : false
2024-05-29 19:58:36,833 [INFO] ADCParametersView:116 -                Rank 1 : false
2024-05-29 19:58:36,833 [INFO] ADCParametersView:116 -                Rank 1 : false
2024-05-29 19:58:36,833 [INFO] ADCParametersView:116 -                Rank 1 : false
2024-05-29 19:58:36,833 [INFO] ADCParametersView:116 -                Rank 1 : false
2024-05-29 19:58:36,833 [INFO] ADCParametersView:116 -                Rank 1 : false
2024-05-29 19:58:36,833 [INFO] ADCParametersView:116 -                Rank 1 : false
2024-05-29 19:58:36,833 [INFO] ADCParametersView:116 -                Rank 1 : false
2024-05-29 19:58:36,833 [INFO] ADCParametersView:116 -                Rank 1 : false
2024-05-29 19:58:36,833 [INFO] ADCParametersView:116 -                Rank 1 : false
2024-05-29 19:58:36,833 [INFO] ADCParametersView:116 -                Rank 1 : false
2024-05-29 19:58:36,833 [INFO] ADCParametersView:116 -                Rank 1 : false
2024-05-29 19:58:36,833 [INFO] ADCParametersView:116 -                Rank 1 : false
2024-05-29 19:58:36,833 [INFO] ADCParametersView:116 -                Rank 1 : false
2024-05-29 19:58:36,833 [INFO] ADCParametersView:116 -                Rank 1 : false
2024-05-29 19:58:36,833 [INFO] ADCParametersView:116 -                Rank 1 : false
2024-05-29 19:58:36,833 [INFO] ADCParametersView:116 -                Rank 1 : false
2024-05-29 19:58:36,840 [INFO] ADCParametersView:116 -                Rank 1 : false
2024-05-29 19:58:38,467 [INFO] ADCParametersView:116 -                Rank 1 : false
2024-05-29 19:58:38,468 [INFO] ADCParametersView:116 -                Rank 1 : false
2024-05-29 19:58:38,468 [INFO] ADCParametersView:116 -                Rank 1 : false
2024-05-29 19:58:38,468 [INFO] ADCParametersView:116 -                Rank 1 : false
2024-05-29 19:58:38,468 [INFO] ADCParametersView:116 -                Rank 1 : false
2024-05-29 19:58:38,468 [INFO] ADCParametersView:116 -                Rank 1 : false
2024-05-29 19:58:38,468 [INFO] ADCParametersView:116 -                Rank 1 : false
2024-05-29 19:58:38,468 [INFO] ADCParametersView:116 -                Rank 1 : false
2024-05-29 19:58:38,468 [INFO] ADCParametersView:116 -                Rank 1 : false
2024-05-29 19:58:38,468 [INFO] ADCParametersView:116 -                Rank 1 : false
2024-05-29 19:58:38,468 [INFO] ADCParametersView:116 -                Rank 1 : false
2024-05-29 19:58:38,468 [INFO] ADCParametersView:116 -                Rank 1 : false
2024-05-29 19:58:38,468 [INFO] ADCParametersView:116 -                Rank 1 : false
2024-05-29 19:58:38,468 [INFO] ADCParametersView:116 -                Rank 1 : false
2024-05-29 19:58:38,468 [INFO] ADCParametersView:116 -                Rank 1 : false
2024-05-29 19:58:38,468 [INFO] ADCParametersView:116 -                Rank 1 : false
2024-05-29 19:58:38,468 [INFO] ADCParametersView:116 -                Rank 1 : false
2024-05-29 19:58:38,468 [INFO] ADCParametersView:116 -                Rank 1 : false
2024-05-29 19:58:38,468 [INFO] ADCParametersView:116 -                Rank 1 : false
2024-05-29 19:58:38,468 [INFO] ADCParametersView:116 -                Rank 1 : false
2024-05-29 19:58:38,468 [INFO] ADCParametersView:116 -                Rank 1 : false
2024-05-29 19:58:38,476 [INFO] ADCParametersView:116 -                Rank 1 : false
2024-05-29 19:58:38,491 [INFO] ADCParametersView:116 -                Rank 1 : false
2024-05-29 19:58:38,491 [INFO] ADCParametersView:116 -                Rank 1 : false
2024-05-29 19:58:38,491 [INFO] ADCParametersView:116 -                Rank 1 : false
2024-05-29 19:58:38,491 [INFO] ADCParametersView:116 -                Rank 1 : false
2024-05-29 19:58:38,491 [INFO] ADCParametersView:116 -                Rank 1 : false
2024-05-29 19:58:38,491 [INFO] ADCParametersView:116 -                Rank 1 : false
2024-05-29 19:58:38,491 [INFO] ADCParametersView:116 -                Rank 1 : false
2024-05-29 19:58:38,491 [INFO] ADCParametersView:116 -                Rank 1 : false
2024-05-29 19:58:38,491 [INFO] ADCParametersView:116 -                Rank 1 : false
2024-05-29 19:58:38,491 [INFO] ADCParametersView:116 -                Rank 1 : false
2024-05-29 19:58:38,491 [INFO] ADCParametersView:116 -                Rank 1 : false
2024-05-29 19:58:38,491 [INFO] ADCParametersView:116 -                Rank 1 : false
2024-05-29 19:58:38,491 [INFO] ADCParametersView:116 -                Rank 1 : false
2024-05-29 19:58:38,491 [INFO] ADCParametersView:116 -                Rank 1 : false
2024-05-29 19:58:38,491 [INFO] ADCParametersView:116 -                Rank 1 : false
2024-05-29 19:58:38,491 [INFO] ADCParametersView:116 -                Rank 1 : false
2024-05-29 19:58:38,491 [INFO] ADCParametersView:116 -                Rank 1 : false
2024-05-29 19:58:38,491 [INFO] ADCParametersView:116 -                Rank 1 : false
2024-05-29 19:58:38,491 [INFO] ADCParametersView:116 -                Rank 1 : false
2024-05-29 19:58:38,491 [INFO] ADCParametersView:116 -                Rank 1 : false
2024-05-29 19:58:38,491 [INFO] ADCParametersView:116 -                Rank 1 : false
2024-05-29 19:58:38,499 [INFO] ADCParametersView:116 -                Rank 1 : false
2024-05-29 19:58:38,581 [INFO] NvicIntPanel:101 - NVIC parent = com.st.microxplorer.plugins.ip.nvic.MultiNvicIntPanel[,0,0,0x0,invalid,layout=javax.swing.BoxLayout,alignmentX=0.0,alignmentY=0.0,border=,flags=9,maximumSize=,minimumSize=,preferredSize=]
2024-05-29 19:58:38,682 [INFO] NvicIntPanel:101 - NVIC parent = com.st.microxplorer.plugins.ip.nvic.MultiNvicIntPanel[,0,0,0x0,invalid,layout=javax.swing.BoxLayout,alignmentX=0.0,alignmentY=0.0,border=,flags=9,maximumSize=,minimumSize=,preferredSize=]
2024-05-29 19:58:38,775 [INFO] NvicIntPanel:101 - NVIC parent = com.st.microxplorer.plugins.ip.nvic.MultiNvicIntPanel[,0,0,0x0,invalid,layout=javax.swing.BoxLayout,alignmentX=0.0,alignmentY=0.0,border=,flags=9,maximumSize=,minimumSize=,preferredSize=]
2024-05-29 19:58:38,865 [INFO] NvicIntPanel:101 - NVIC parent = com.st.microxplorer.plugins.ip.nvic.MultiNvicIntPanel[,0,0,0x0,invalid,layout=javax.swing.BoxLayout,alignmentX=0.0,alignmentY=0.0,border=,flags=9,maximumSize=,minimumSize=,preferredSize=]
2024-05-29 19:58:38,909 [INFO] ADCParametersView:116 -                Rank 1 : false
2024-05-29 19:58:38,909 [INFO] ADCParametersView:116 -                Rank 1 : false
2024-05-29 19:58:38,909 [INFO] ADCParametersView:116 -                Rank 1 : false
2024-05-29 19:58:38,909 [INFO] ADCParametersView:116 -                Rank 1 : false
2024-05-29 19:58:38,909 [INFO] ADCParametersView:116 -                Rank 1 : false
2024-05-29 19:58:38,909 [INFO] ADCParametersView:116 -                Rank 1 : false
2024-05-29 19:58:38,909 [INFO] ADCParametersView:116 -                Rank 1 : false
2024-05-29 19:58:38,909 [INFO] ADCParametersView:116 -                Rank 1 : false
2024-05-29 19:58:38,909 [INFO] ADCParametersView:116 -                Rank 1 : false
2024-05-29 19:58:38,910 [INFO] ADCParametersView:116 -                Rank 1 : false
2024-05-29 19:58:38,910 [INFO] ADCParametersView:116 -                Rank 1 : false
2024-05-29 19:58:38,910 [INFO] ADCParametersView:116 -                Rank 1 : false
2024-05-29 19:58:38,910 [INFO] ADCParametersView:116 -                Rank 1 : false
2024-05-29 19:58:38,910 [INFO] ADCParametersView:116 -                Rank 1 : false
2024-05-29 19:58:38,910 [INFO] ADCParametersView:116 -                Rank 1 : false
2024-05-29 19:58:38,910 [INFO] ADCParametersView:116 -                Rank 1 : false
2024-05-29 19:58:38,910 [INFO] ADCParametersView:116 -                Rank 1 : false
2024-05-29 19:58:38,910 [INFO] ADCParametersView:116 -                Rank 1 : false
2024-05-29 19:58:38,910 [INFO] ADCParametersView:116 -                Rank 1 : false
2024-05-29 19:58:38,910 [INFO] ADCParametersView:116 -                Rank 1 : false
2024-05-29 19:58:38,910 [INFO] ADCParametersView:116 -                Rank 1 : false
2024-05-29 19:58:38,917 [INFO] ADCParametersView:116 -                Rank 1 : false
2024-05-29 19:58:38,929 [INFO] ADCParametersView:116 -                Rank 1 : false
2024-05-29 19:58:38,929 [INFO] ADCParametersView:116 -                Rank 1 : false
2024-05-29 19:58:38,929 [INFO] ADCParametersView:116 -                Rank 1 : false
2024-05-29 19:58:38,929 [INFO] ADCParametersView:116 -                Rank 1 : false
2024-05-29 19:58:38,929 [INFO] ADCParametersView:116 -                Rank 1 : false
2024-05-29 19:58:38,929 [INFO] ADCParametersView:116 -                Rank 1 : false
2024-05-29 19:58:38,929 [INFO] ADCParametersView:116 -                Rank 1 : false
2024-05-29 19:58:38,929 [INFO] ADCParametersView:116 -                Rank 1 : false
2024-05-29 19:58:38,929 [INFO] ADCParametersView:116 -                Rank 1 : false
2024-05-29 19:58:38,929 [INFO] ADCParametersView:116 -                Rank 1 : false
2024-05-29 19:58:38,929 [INFO] ADCParametersView:116 -                Rank 1 : false
2024-05-29 19:58:38,929 [INFO] ADCParametersView:116 -                Rank 1 : false
2024-05-29 19:58:38,929 [INFO] ADCParametersView:116 -                Rank 1 : false
2024-05-29 19:58:38,929 [INFO] ADCParametersView:116 -                Rank 1 : false
2024-05-29 19:58:38,930 [INFO] ADCParametersView:116 -                Rank 1 : false
2024-05-29 19:58:38,930 [INFO] ADCParametersView:116 -                Rank 1 : false
2024-05-29 19:58:38,930 [INFO] ADCParametersView:116 -                Rank 1 : false
2024-05-29 19:58:38,930 [INFO] ADCParametersView:116 -                Rank 1 : false
2024-05-29 19:58:38,930 [INFO] ADCParametersView:116 -                Rank 1 : false
2024-05-29 19:58:38,930 [INFO] ADCParametersView:116 -                Rank 1 : false
2024-05-29 19:58:38,930 [INFO] ADCParametersView:116 -                Rank 1 : false
2024-05-29 19:58:38,938 [INFO] ADCParametersView:116 -                Rank 1 : false
2024-05-29 19:58:42,588 [INFO] ADCParametersView:116 -                Rank 1 : false
2024-05-29 19:58:42,604 [INFO] ADCParametersView:116 -                Rank 1 : false
2024-05-29 19:58:42,604 [INFO] ADCParametersView:116 -                Rank 1 : false
2024-05-29 19:58:42,604 [INFO] ADCParametersView:116 -                Rank 1 : false
2024-05-29 19:58:42,604 [INFO] ADCParametersView:116 -                Rank 1 : false
2024-05-29 19:58:42,604 [INFO] ADCParametersView:116 -                Rank 1 : false
2024-05-29 19:58:42,604 [INFO] ADCParametersView:116 -                Rank 1 : false
2024-05-29 19:58:42,604 [INFO] ADCParametersView:116 -                Rank 1 : false
2024-05-29 19:58:42,604 [INFO] ADCParametersView:116 -                Rank 1 : false
2024-05-29 19:58:42,604 [INFO] ADCParametersView:116 -                Rank 1 : false
2024-05-29 19:58:42,604 [INFO] ADCParametersView:116 -                Rank 1 : false
2024-05-29 19:58:42,604 [INFO] ADCParametersView:116 -                Rank 1 : false
2024-05-29 19:58:42,604 [INFO] ADCParametersView:116 -                Rank 1 : false
2024-05-29 19:58:42,604 [INFO] ADCParametersView:116 -                Rank 1 : false
2024-05-29 19:58:42,604 [INFO] ADCParametersView:116 -                Rank 1 : false
2024-05-29 19:58:42,604 [INFO] ADCParametersView:116 -                Rank 1 : false
2024-05-29 19:58:42,604 [INFO] ADCParametersView:116 -                Rank 1 : false
2024-05-29 19:58:42,604 [INFO] ADCParametersView:116 -                Rank 1 : false
2024-05-29 19:58:42,604 [INFO] ADCParametersView:116 -                Rank 1 : false
2024-05-29 19:58:42,604 [INFO] ADCParametersView:116 -                Rank 1 : false
2024-05-29 19:58:42,604 [INFO] ADCParametersView:116 -                Rank 1 : false
2024-05-29 19:58:42,611 [INFO] ADCParametersView:116 -                Rank 1 : false
2024-05-29 20:02:06,097 [INFO] ParamManager:896 - [Generic UI] PropertyChangeEvent: TAB_STATUS_CHANGED , "dont care", "never mind"
2024-05-29 20:02:06,122 [INFO] ParamManager:896 - [Generic UI] PropertyChangeEvent: TAB_STATUS_CHANGED , "dont care", "never mind"
2024-05-29 20:02:06,124 [INFO] ADCParametersView:116 -                Rank 1 : false
2024-05-29 20:02:06,140 [INFO] ADCParametersView:116 -                Rank 1 : false
2024-05-29 20:02:06,140 [INFO] ADCParametersView:116 -                Rank 1 : false
2024-05-29 20:02:06,140 [INFO] ADCParametersView:116 -                Rank 1 : false
2024-05-29 20:02:06,140 [INFO] ADCParametersView:116 -                Rank 1 : false
2024-05-29 20:02:06,140 [INFO] ADCParametersView:116 -                Rank 1 : false
2024-05-29 20:02:06,140 [INFO] ADCParametersView:116 -                Rank 1 : false
2024-05-29 20:02:06,140 [INFO] ADCParametersView:116 -                Rank 1 : false
2024-05-29 20:02:06,140 [INFO] ADCParametersView:116 -                Rank 1 : false
2024-05-29 20:02:06,140 [INFO] ADCParametersView:116 -                Rank 1 : false
2024-05-29 20:02:06,140 [INFO] ADCParametersView:116 -                Rank 1 : false
2024-05-29 20:02:06,140 [INFO] ADCParametersView:116 -                Rank 1 : false
2024-05-29 20:02:06,140 [INFO] ADCParametersView:116 -                Rank 1 : false
2024-05-29 20:02:06,140 [INFO] ADCParametersView:116 -                Rank 1 : false
2024-05-29 20:02:06,140 [INFO] ADCParametersView:116 -                Rank 1 : false
2024-05-29 20:02:06,140 [INFO] ADCParametersView:116 -                Rank 1 : false
2024-05-29 20:02:06,140 [INFO] ADCParametersView:116 -                Rank 1 : false
2024-05-29 20:02:06,140 [INFO] ADCParametersView:116 -                Rank 1 : false
2024-05-29 20:02:06,140 [INFO] ADCParametersView:116 -                Rank 1 : false
2024-05-29 20:02:06,140 [INFO] ADCParametersView:116 -                Rank 1 : false
2024-05-29 20:02:06,140 [INFO] ADCParametersView:116 -                Rank 1 : false
2024-05-29 20:02:06,140 [INFO] ADCParametersView:116 -                Rank 1 : false
2024-05-29 20:02:06,146 [INFO] ADCParametersView:116 -                Rank 1 : false
2024-05-29 20:02:06,251 [INFO] NvicIntPanel:101 - NVIC parent = com.st.microxplorer.plugins.ip.nvic.MultiNvicIntPanel[,0,0,0x0,invalid,layout=javax.swing.BoxLayout,alignmentX=0.0,alignmentY=0.0,border=,flags=9,maximumSize=,minimumSize=,preferredSize=]
2024-05-29 20:02:06,340 [INFO] NvicIntPanel:101 - NVIC parent = com.st.microxplorer.plugins.ip.nvic.MultiNvicIntPanel[,0,0,0x0,invalid,layout=javax.swing.BoxLayout,alignmentX=0.0,alignmentY=0.0,border=,flags=9,maximumSize=,minimumSize=,preferredSize=]
2024-05-29 20:02:06,444 [INFO] NvicIntPanel:101 - NVIC parent = com.st.microxplorer.plugins.ip.nvic.MultiNvicIntPanel[,0,0,0x0,invalid,layout=javax.swing.BoxLayout,alignmentX=0.0,alignmentY=0.0,border=,flags=9,maximumSize=,minimumSize=,preferredSize=]
2024-05-29 20:02:06,509 [INFO] ADCParametersView:116 -                Rank 1 : false
2024-05-29 20:02:06,509 [INFO] ADCParametersView:116 -                Rank 1 : false
2024-05-29 20:02:06,509 [INFO] ADCParametersView:116 -                Rank 1 : false
2024-05-29 20:02:06,509 [INFO] ADCParametersView:116 -                Rank 1 : false
2024-05-29 20:02:06,509 [INFO] ADCParametersView:116 -                Rank 1 : false
2024-05-29 20:02:06,509 [INFO] ADCParametersView:116 -                Rank 1 : false
2024-05-29 20:02:06,509 [INFO] ADCParametersView:116 -                Rank 1 : false
2024-05-29 20:02:06,509 [INFO] ADCParametersView:116 -                Rank 1 : false
2024-05-29 20:02:06,510 [INFO] ADCParametersView:116 -                Rank 1 : false
2024-05-29 20:02:06,510 [INFO] ADCParametersView:116 -                Rank 1 : false
2024-05-29 20:02:06,510 [INFO] ADCParametersView:116 -                Rank 1 : false
2024-05-29 20:02:06,510 [INFO] ADCParametersView:116 -                Rank 1 : false
2024-05-29 20:02:06,510 [INFO] ADCParametersView:116 -                Rank 1 : false
2024-05-29 20:02:06,510 [INFO] ADCParametersView:116 -                Rank 1 : false
2024-05-29 20:02:06,510 [INFO] ADCParametersView:116 -                Rank 1 : false
2024-05-29 20:02:06,510 [INFO] ADCParametersView:116 -                Rank 1 : false
2024-05-29 20:02:06,510 [INFO] ADCParametersView:116 -                Rank 1 : false
2024-05-29 20:02:06,510 [INFO] ADCParametersView:116 -                Rank 1 : false
2024-05-29 20:02:06,510 [INFO] ADCParametersView:116 -                Rank 1 : false
2024-05-29 20:02:06,510 [INFO] ADCParametersView:116 -                Rank 1 : false
2024-05-29 20:02:06,510 [INFO] ADCParametersView:116 -                Rank 1 : false
2024-05-29 20:02:06,518 [INFO] ADCParametersView:116 -                Rank 1 : false
2024-05-29 20:02:06,536 [INFO] ADCParametersView:116 -                Rank 1 : false
2024-05-29 20:02:06,536 [INFO] ADCParametersView:116 -                Rank 1 : false
2024-05-29 20:02:06,536 [INFO] ADCParametersView:116 -                Rank 1 : false
2024-05-29 20:02:06,536 [INFO] ADCParametersView:116 -                Rank 1 : false
2024-05-29 20:02:06,536 [INFO] ADCParametersView:116 -                Rank 1 : false
2024-05-29 20:02:06,536 [INFO] ADCParametersView:116 -                Rank 1 : false
2024-05-29 20:02:06,536 [INFO] ADCParametersView:116 -                Rank 1 : false
2024-05-29 20:02:06,536 [INFO] ADCParametersView:116 -                Rank 1 : false
2024-05-29 20:02:06,536 [INFO] ADCParametersView:116 -                Rank 1 : false
2024-05-29 20:02:06,536 [INFO] ADCParametersView:116 -                Rank 1 : false
2024-05-29 20:02:06,536 [INFO] ADCParametersView:116 -                Rank 1 : false
2024-05-29 20:02:06,536 [INFO] ADCParametersView:116 -                Rank 1 : false
2024-05-29 20:02:06,536 [INFO] ADCParametersView:116 -                Rank 1 : false
2024-05-29 20:02:06,536 [INFO] ADCParametersView:116 -                Rank 1 : false
2024-05-29 20:02:06,536 [INFO] ADCParametersView:116 -                Rank 1 : false
2024-05-29 20:02:06,536 [INFO] ADCParametersView:116 -                Rank 1 : false
2024-05-29 20:02:06,536 [INFO] ADCParametersView:116 -                Rank 1 : false
2024-05-29 20:02:06,536 [INFO] ADCParametersView:116 -                Rank 1 : false
2024-05-29 20:02:06,536 [INFO] ADCParametersView:116 -                Rank 1 : false
2024-05-29 20:02:06,537 [INFO] ADCParametersView:116 -                Rank 1 : false
2024-05-29 20:02:06,537 [INFO] ADCParametersView:116 -                Rank 1 : false
2024-05-29 20:02:06,547 [INFO] ADCParametersView:116 -                Rank 1 : false
2024-05-29 20:05:44,124 [INFO] ADCParametersView:116 -                Rank 1 : false
2024-05-29 20:05:44,124 [INFO] ADCParametersView:116 -                Rank 1 : false
2024-05-29 20:05:44,124 [INFO] ADCParametersView:116 -                Rank 1 : false
2024-05-29 20:05:44,124 [INFO] ADCParametersView:116 -                Rank 1 : false
2024-05-29 20:05:44,124 [INFO] ADCParametersView:116 -                Rank 1 : false
2024-05-29 20:05:44,124 [INFO] ADCParametersView:116 -                Rank 1 : false
2024-05-29 20:05:44,124 [INFO] ADCParametersView:116 -                Rank 1 : false
2024-05-29 20:05:44,124 [INFO] ADCParametersView:116 -                Rank 1 : false
2024-05-29 20:05:44,124 [INFO] ADCParametersView:116 -                Rank 1 : false
2024-05-29 20:05:44,124 [INFO] ADCParametersView:116 -                Rank 1 : false
2024-05-29 20:05:44,124 [INFO] ADCParametersView:116 -                Rank 1 : false
2024-05-29 20:05:44,124 [INFO] ADCParametersView:116 -                Rank 1 : false
2024-05-29 20:05:44,124 [INFO] ADCParametersView:116 -                Rank 1 : false
2024-05-29 20:05:44,124 [INFO] ADCParametersView:116 -                Rank 1 : false
2024-05-29 20:05:44,124 [INFO] ADCParametersView:116 -                Rank 1 : false
2024-05-29 20:05:44,124 [INFO] ADCParametersView:116 -                Rank 1 : false
2024-05-29 20:05:44,124 [INFO] ADCParametersView:116 -                Rank 1 : false
2024-05-29 20:05:44,124 [INFO] ADCParametersView:116 -                Rank 1 : false
2024-05-29 20:05:44,124 [INFO] ADCParametersView:116 -                Rank 1 : false
2024-05-29 20:05:44,124 [INFO] ADCParametersView:116 -                Rank 1 : false
2024-05-29 20:05:44,124 [INFO] ADCParametersView:116 -                Rank 1 : false
2024-05-29 20:05:44,131 [INFO] ADCParametersView:116 -                Rank 1 : false
2024-05-29 20:05:44,144 [INFO] ADCParametersView:116 -                Rank 1 : false
2024-05-29 20:05:44,144 [INFO] ADCParametersView:116 -                Rank 1 : false
2024-05-29 20:05:44,144 [INFO] ADCParametersView:116 -                Rank 1 : false
2024-05-29 20:05:44,144 [INFO] ADCParametersView:116 -                Rank 1 : false
2024-05-29 20:05:44,144 [INFO] ADCParametersView:116 -                Rank 1 : false
2024-05-29 20:05:44,144 [INFO] ADCParametersView:116 -                Rank 1 : false
2024-05-29 20:05:44,144 [INFO] ADCParametersView:116 -                Rank 1 : false
2024-05-29 20:05:44,144 [INFO] ADCParametersView:116 -                Rank 1 : false
2024-05-29 20:05:44,144 [INFO] ADCParametersView:116 -                Rank 1 : false
2024-05-29 20:05:44,144 [INFO] ADCParametersView:116 -                Rank 1 : false
2024-05-29 20:05:44,144 [INFO] ADCParametersView:116 -                Rank 1 : false
2024-05-29 20:05:44,144 [INFO] ADCParametersView:116 -                Rank 1 : false
2024-05-29 20:05:44,144 [INFO] ADCParametersView:116 -                Rank 1 : false
2024-05-29 20:05:44,144 [INFO] ADCParametersView:116 -                Rank 1 : false
2024-05-29 20:05:44,144 [INFO] ADCParametersView:116 -                Rank 1 : false
2024-05-29 20:05:44,144 [INFO] ADCParametersView:116 -                Rank 1 : false
2024-05-29 20:05:44,144 [INFO] ADCParametersView:116 -                Rank 1 : false
2024-05-29 20:05:44,144 [INFO] ADCParametersView:116 -                Rank 1 : false
2024-05-29 20:05:44,144 [INFO] ADCParametersView:116 -                Rank 1 : false
2024-05-29 20:05:44,144 [INFO] ADCParametersView:116 -                Rank 1 : false
2024-05-29 20:05:44,144 [INFO] ADCParametersView:116 -                Rank 1 : false
2024-05-29 20:05:44,150 [INFO] ADCParametersView:116 -                Rank 1 : false
2024-05-29 20:05:55,080 [INFO] ADCParametersView:116 -                Rank 1 : false
2024-05-29 20:05:55,103 [INFO] ADCParametersView:116 -                Rank 1 : false
2024-05-29 20:05:55,103 [INFO] ADCParametersView:116 -                Rank 1 : false
2024-05-29 20:05:55,103 [INFO] ADCParametersView:116 -                Rank 1 : false
2024-05-29 20:05:55,103 [INFO] ADCParametersView:116 -                Rank 1 : false
2024-05-29 20:05:55,103 [INFO] ADCParametersView:116 -                Rank 1 : false
2024-05-29 20:05:55,103 [INFO] ADCParametersView:116 -                Rank 1 : false
2024-05-29 20:05:55,103 [INFO] ADCParametersView:116 -                Rank 1 : false
2024-05-29 20:05:55,104 [INFO] ADCParametersView:116 -                Rank 1 : false
2024-05-29 20:05:55,104 [INFO] ADCParametersView:116 -                Rank 1 : false
2024-05-29 20:05:55,104 [INFO] ADCParametersView:116 -                Rank 1 : false
2024-05-29 20:05:55,104 [INFO] ADCParametersView:116 -                Rank 1 : false
2024-05-29 20:05:55,104 [INFO] ADCParametersView:116 -                Rank 1 : false
2024-05-29 20:05:55,104 [INFO] ADCParametersView:116 -                Rank 1 : false
2024-05-29 20:05:55,104 [INFO] ADCParametersView:116 -                Rank 1 : false
2024-05-29 20:05:55,104 [INFO] ADCParametersView:116 -                Rank 1 : false
2024-05-29 20:05:55,104 [INFO] ADCParametersView:116 -                Rank 1 : false
2024-05-29 20:05:55,104 [INFO] ADCParametersView:116 -                Rank 1 : false
2024-05-29 20:05:55,104 [INFO] ADCParametersView:116 -                Rank 1 : false
2024-05-29 20:05:55,104 [INFO] ADCParametersView:116 -                Rank 1 : false
2024-05-29 20:05:55,104 [INFO] ADCParametersView:116 -                Rank 1 : false
2024-05-29 20:05:55,104 [INFO] ADCParametersView:116 -                Rank 1 : false
2024-05-29 20:05:55,104 [INFO] ADCParametersView:116 -                Rank 1 : false
2024-05-29 20:05:55,104 [INFO] ADCParametersView:116 -                Rank 1 : false
2024-05-29 20:05:55,104 [INFO] ADCParametersView:116 -                Rank 1 : false
2024-05-29 20:05:55,104 [INFO] ADCParametersView:116 -                Rank 1 : false
2024-05-29 20:05:55,113 [INFO] ADCParametersView:116 -                Rank 1 : false
2024-05-29 20:05:58,774 [INFO] ADCParametersView:116 -                Rank 1 : false
2024-05-29 20:05:58,774 [INFO] ADCParametersView:116 -                Rank 1 : false
2024-05-29 20:05:58,774 [INFO] ADCParametersView:116 -                Rank 1 : false
2024-05-29 20:05:58,774 [INFO] ADCParametersView:116 -                Rank 1 : false
2024-05-29 20:05:58,774 [INFO] ADCParametersView:116 -                Rank 1 : false
2024-05-29 20:05:58,775 [INFO] ADCParametersView:116 -                Rank 1 : false
2024-05-29 20:05:58,775 [INFO] ADCParametersView:116 -                Rank 1 : false
2024-05-29 20:05:58,775 [INFO] ADCParametersView:116 -                Rank 1 : false
2024-05-29 20:05:58,775 [INFO] ADCParametersView:116 -                Rank 1 : false
2024-05-29 20:05:58,775 [INFO] ADCParametersView:116 -                Rank 1 : false
2024-05-29 20:05:58,775 [INFO] ADCParametersView:116 -                Rank 1 : false
2024-05-29 20:05:58,775 [INFO] ADCParametersView:116 -                Rank 1 : false
2024-05-29 20:05:58,775 [INFO] ADCParametersView:116 -                Rank 1 : false
2024-05-29 20:05:58,775 [INFO] ADCParametersView:116 -                Rank 1 : false
2024-05-29 20:05:58,775 [INFO] ADCParametersView:116 -                Rank 1 : false
2024-05-29 20:05:58,775 [INFO] ADCParametersView:116 -                Rank 1 : false
2024-05-29 20:05:58,775 [INFO] ADCParametersView:116 -                Rank 1 : false
2024-05-29 20:05:58,775 [INFO] ADCParametersView:116 -                Rank 1 : false
2024-05-29 20:05:58,775 [INFO] ADCParametersView:116 -                Rank 1 : false
2024-05-29 20:05:58,775 [INFO] ADCParametersView:116 -                Rank 1 : false
2024-05-29 20:05:58,775 [INFO] ADCParametersView:116 -                Rank 1 : false
2024-05-29 20:05:58,784 [INFO] ADCParametersView:116 -                Rank 1 : false
2024-05-29 20:05:58,799 [INFO] ADCParametersView:116 -                Rank 1 : false
2024-05-29 20:05:58,799 [INFO] ADCParametersView:116 -                Rank 1 : false
2024-05-29 20:05:58,799 [INFO] ADCParametersView:116 -                Rank 1 : false
2024-05-29 20:05:58,799 [INFO] ADCParametersView:116 -                Rank 1 : false
2024-05-29 20:05:58,799 [INFO] ADCParametersView:116 -                Rank 1 : false
2024-05-29 20:05:58,799 [INFO] ADCParametersView:116 -                Rank 1 : false
2024-05-29 20:05:58,799 [INFO] ADCParametersView:116 -                Rank 1 : false
2024-05-29 20:05:58,799 [INFO] ADCParametersView:116 -                Rank 1 : false
2024-05-29 20:05:58,799 [INFO] ADCParametersView:116 -                Rank 1 : false
2024-05-29 20:05:58,799 [INFO] ADCParametersView:116 -                Rank 1 : false
2024-05-29 20:05:58,799 [INFO] ADCParametersView:116 -                Rank 1 : false
2024-05-29 20:05:58,799 [INFO] ADCParametersView:116 -                Rank 1 : false
2024-05-29 20:05:58,799 [INFO] ADCParametersView:116 -                Rank 1 : false
2024-05-29 20:05:58,799 [INFO] ADCParametersView:116 -                Rank 1 : false
2024-05-29 20:05:58,799 [INFO] ADCParametersView:116 -                Rank 1 : false
2024-05-29 20:05:58,799 [INFO] ADCParametersView:116 -                Rank 1 : false
2024-05-29 20:05:58,799 [INFO] ADCParametersView:116 -                Rank 1 : false
2024-05-29 20:05:58,799 [INFO] ADCParametersView:116 -                Rank 1 : false
2024-05-29 20:05:58,799 [INFO] ADCParametersView:116 -                Rank 1 : false
2024-05-29 20:05:58,799 [INFO] ADCParametersView:116 -                Rank 1 : false
2024-05-29 20:05:58,799 [INFO] ADCParametersView:116 -                Rank 1 : false
2024-05-29 20:05:58,809 [INFO] ADCParametersView:116 -                Rank 1 : false
2024-05-29 20:06:01,611 [INFO] ADCParametersView:116 -                Rank 1 : false
2024-05-29 20:06:01,611 [INFO] ADCParametersView:116 -                Rank 1 : false
2024-05-29 20:06:01,611 [INFO] ADCParametersView:116 -                Rank 1 : false
2024-05-29 20:06:01,611 [INFO] ADCParametersView:116 -                Rank 1 : false
2024-05-29 20:06:01,611 [INFO] ADCParametersView:116 -                Rank 1 : false
2024-05-29 20:06:01,611 [INFO] ADCParametersView:116 -                Rank 1 : false
2024-05-29 20:06:01,611 [INFO] ADCParametersView:116 -                Rank 1 : false
2024-05-29 20:06:01,611 [INFO] ADCParametersView:116 -                Rank 1 : false
2024-05-29 20:06:01,611 [INFO] ADCParametersView:116 -                Rank 1 : false
2024-05-29 20:06:01,611 [INFO] ADCParametersView:116 -                Rank 1 : false
2024-05-29 20:06:01,611 [INFO] ADCParametersView:116 -                Rank 1 : false
2024-05-29 20:06:01,611 [INFO] ADCParametersView:116 -                Rank 1 : false
2024-05-29 20:06:01,611 [INFO] ADCParametersView:116 -                Rank 1 : false
2024-05-29 20:06:01,611 [INFO] ADCParametersView:116 -                Rank 1 : false
2024-05-29 20:06:01,611 [INFO] ADCParametersView:116 -                Rank 1 : false
2024-05-29 20:06:01,611 [INFO] ADCParametersView:116 -                Rank 1 : false
2024-05-29 20:06:01,611 [INFO] ADCParametersView:116 -                Rank 1 : false
2024-05-29 20:06:01,611 [INFO] ADCParametersView:116 -                Rank 1 : false
2024-05-29 20:06:01,611 [INFO] ADCParametersView:116 -                Rank 1 : false
2024-05-29 20:06:01,611 [INFO] ADCParametersView:116 -                Rank 1 : false
2024-05-29 20:06:01,611 [INFO] ADCParametersView:116 -                Rank 1 : false
2024-05-29 20:06:01,623 [INFO] ADCParametersView:116 -                Rank 1 : false
2024-05-29 20:06:01,642 [INFO] ADCParametersView:116 -                Rank 1 : false
2024-05-29 20:06:01,642 [INFO] ADCParametersView:116 -                Rank 1 : false
2024-05-29 20:06:01,642 [INFO] ADCParametersView:116 -                Rank 1 : false
2024-05-29 20:06:01,642 [INFO] ADCParametersView:116 -                Rank 1 : false
2024-05-29 20:06:01,642 [INFO] ADCParametersView:116 -                Rank 1 : false
2024-05-29 20:06:01,642 [INFO] ADCParametersView:116 -                Rank 1 : false
2024-05-29 20:06:01,642 [INFO] ADCParametersView:116 -                Rank 1 : false
2024-05-29 20:06:01,642 [INFO] ADCParametersView:116 -                Rank 1 : false
2024-05-29 20:06:01,642 [INFO] ADCParametersView:116 -                Rank 1 : false
2024-05-29 20:06:01,642 [INFO] ADCParametersView:116 -                Rank 1 : false
2024-05-29 20:06:01,642 [INFO] ADCParametersView:116 -                Rank 1 : false
2024-05-29 20:06:01,642 [INFO] ADCParametersView:116 -                Rank 1 : false
2024-05-29 20:06:01,642 [INFO] ADCParametersView:116 -                Rank 1 : false
2024-05-29 20:06:01,642 [INFO] ADCParametersView:116 -                Rank 1 : false
2024-05-29 20:06:01,642 [INFO] ADCParametersView:116 -                Rank 1 : false
2024-05-29 20:06:01,642 [INFO] ADCParametersView:116 -                Rank 1 : false
2024-05-29 20:06:01,642 [INFO] ADCParametersView:116 -                Rank 1 : false
2024-05-29 20:06:01,642 [INFO] ADCParametersView:116 -                Rank 1 : false
2024-05-29 20:06:01,642 [INFO] ADCParametersView:116 -                Rank 1 : false
2024-05-29 20:06:01,642 [INFO] ADCParametersView:116 -                Rank 1 : false
2024-05-29 20:06:01,642 [INFO] ADCParametersView:116 -                Rank 1 : false
2024-05-29 20:06:01,653 [INFO] ADCParametersView:116 -                Rank 1 : false
2024-05-29 20:06:04,957 [INFO] ADCParametersView:116 -                Rank 1 : false
2024-05-29 20:06:04,957 [INFO] ADCParametersView:116 -                Rank 1 : false
2024-05-29 20:06:04,957 [INFO] ADCParametersView:116 -                Rank 1 : false
2024-05-29 20:06:04,958 [INFO] ADCParametersView:116 -                Rank 1 : false
2024-05-29 20:06:04,958 [INFO] ADCParametersView:116 -                Rank 1 : false
2024-05-29 20:06:04,958 [INFO] ADCParametersView:116 -                Rank 1 : false
2024-05-29 20:06:04,958 [INFO] ADCParametersView:116 -                Rank 1 : false
2024-05-29 20:06:04,958 [INFO] ADCParametersView:116 -                Rank 1 : false
2024-05-29 20:06:04,958 [INFO] ADCParametersView:116 -                Rank 1 : false
2024-05-29 20:06:04,958 [INFO] ADCParametersView:116 -                Rank 1 : false
2024-05-29 20:06:04,958 [INFO] ADCParametersView:116 -                Rank 1 : false
2024-05-29 20:06:04,958 [INFO] ADCParametersView:116 -                Rank 1 : false
2024-05-29 20:06:04,958 [INFO] ADCParametersView:116 -                Rank 1 : false
2024-05-29 20:06:04,958 [INFO] ADCParametersView:116 -                Rank 1 : false
2024-05-29 20:06:04,958 [INFO] ADCParametersView:116 -                Rank 1 : false
2024-05-29 20:06:04,958 [INFO] ADCParametersView:116 -                Rank 1 : false
2024-05-29 20:06:04,958 [INFO] ADCParametersView:116 -                Rank 1 : false
2024-05-29 20:06:04,958 [INFO] ADCParametersView:116 -                Rank 1 : false
2024-05-29 20:06:04,958 [INFO] ADCParametersView:116 -                Rank 1 : false
2024-05-29 20:06:04,958 [INFO] ADCParametersView:116 -                Rank 1 : false
2024-05-29 20:06:04,958 [INFO] ADCParametersView:116 -                Rank 1 : false
2024-05-29 20:06:04,965 [INFO] ADCParametersView:116 -                Rank 1 : false
2024-05-29 20:06:04,980 [INFO] ADCParametersView:116 -                Rank 1 : false
2024-05-29 20:06:04,980 [INFO] ADCParametersView:116 -                Rank 1 : false
2024-05-29 20:06:04,980 [INFO] ADCParametersView:116 -                Rank 1 : false
2024-05-29 20:06:04,980 [INFO] ADCParametersView:116 -                Rank 1 : false
2024-05-29 20:06:04,980 [INFO] ADCParametersView:116 -                Rank 1 : false
2024-05-29 20:06:04,980 [INFO] ADCParametersView:116 -                Rank 1 : false
2024-05-29 20:06:04,980 [INFO] ADCParametersView:116 -                Rank 1 : false
2024-05-29 20:06:04,980 [INFO] ADCParametersView:116 -                Rank 1 : false
2024-05-29 20:06:04,980 [INFO] ADCParametersView:116 -                Rank 1 : false
2024-05-29 20:06:04,980 [INFO] ADCParametersView:116 -                Rank 1 : false
2024-05-29 20:06:04,980 [INFO] ADCParametersView:116 -                Rank 1 : false
2024-05-29 20:06:04,981 [INFO] ADCParametersView:116 -                Rank 1 : false
2024-05-29 20:06:04,981 [INFO] ADCParametersView:116 -                Rank 1 : false
2024-05-29 20:06:04,981 [INFO] ADCParametersView:116 -                Rank 1 : false
2024-05-29 20:06:04,981 [INFO] ADCParametersView:116 -                Rank 1 : false
2024-05-29 20:06:04,981 [INFO] ADCParametersView:116 -                Rank 1 : false
2024-05-29 20:06:04,981 [INFO] ADCParametersView:116 -                Rank 1 : false
2024-05-29 20:06:04,981 [INFO] ADCParametersView:116 -                Rank 1 : false
2024-05-29 20:06:04,981 [INFO] ADCParametersView:116 -                Rank 1 : false
2024-05-29 20:06:04,981 [INFO] ADCParametersView:116 -                Rank 1 : false
2024-05-29 20:06:04,981 [INFO] ADCParametersView:116 -                Rank 1 : false
2024-05-29 20:06:04,987 [INFO] ADCParametersView:116 -                Rank 1 : false
2024-05-29 20:06:08,704 [INFO] NvicIntPanel:101 - NVIC parent = com.st.microxplorer.plugins.ip.nvic.MultiNvicIntPanel[,0,0,0x0,invalid,layout=javax.swing.BoxLayout,alignmentX=0.0,alignmentY=0.0,border=,flags=9,maximumSize=,minimumSize=,preferredSize=]
2024-05-29 20:06:08,754 [INFO] ADCParametersView:116 -                Rank 1 : false
2024-05-29 20:06:08,754 [INFO] ADCParametersView:116 -                Rank 1 : false
2024-05-29 20:06:08,754 [INFO] ADCParametersView:116 -                Rank 1 : false
2024-05-29 20:06:08,754 [INFO] ADCParametersView:116 -                Rank 1 : false
2024-05-29 20:06:08,754 [INFO] ADCParametersView:116 -                Rank 1 : false
2024-05-29 20:06:08,754 [INFO] ADCParametersView:116 -                Rank 1 : false
2024-05-29 20:06:08,754 [INFO] ADCParametersView:116 -                Rank 1 : false
2024-05-29 20:06:08,754 [INFO] ADCParametersView:116 -                Rank 1 : false
2024-05-29 20:06:08,754 [INFO] ADCParametersView:116 -                Rank 1 : false
2024-05-29 20:06:08,754 [INFO] ADCParametersView:116 -                Rank 1 : false
2024-05-29 20:06:08,754 [INFO] ADCParametersView:116 -                Rank 1 : false
2024-05-29 20:06:08,754 [INFO] ADCParametersView:116 -                Rank 1 : false
2024-05-29 20:06:08,754 [INFO] ADCParametersView:116 -                Rank 1 : false
2024-05-29 20:06:08,754 [INFO] ADCParametersView:116 -                Rank 1 : false
2024-05-29 20:06:08,754 [INFO] ADCParametersView:116 -                Rank 1 : false
2024-05-29 20:06:08,754 [INFO] ADCParametersView:116 -                Rank 1 : false
2024-05-29 20:06:08,754 [INFO] ADCParametersView:116 -                Rank 1 : false
2024-05-29 20:06:08,754 [INFO] ADCParametersView:116 -                Rank 1 : false
2024-05-29 20:06:08,754 [INFO] ADCParametersView:116 -                Rank 1 : false
2024-05-29 20:06:08,754 [INFO] ADCParametersView:116 -                Rank 1 : false
2024-05-29 20:06:08,754 [INFO] ADCParametersView:116 -                Rank 1 : false
2024-05-29 20:06:08,764 [INFO] ADCParametersView:116 -                Rank 1 : false
2024-05-29 20:06:08,781 [INFO] ADCParametersView:116 -                Rank 1 : false
2024-05-29 20:06:08,781 [INFO] ADCParametersView:116 -                Rank 1 : false
2024-05-29 20:06:08,781 [INFO] ADCParametersView:116 -                Rank 1 : false
2024-05-29 20:06:08,781 [INFO] ADCParametersView:116 -                Rank 1 : false
2024-05-29 20:06:08,781 [INFO] ADCParametersView:116 -                Rank 1 : false
2024-05-29 20:06:08,781 [INFO] ADCParametersView:116 -                Rank 1 : false
2024-05-29 20:06:08,781 [INFO] ADCParametersView:116 -                Rank 1 : false
2024-05-29 20:06:08,781 [INFO] ADCParametersView:116 -                Rank 1 : false
2024-05-29 20:06:08,781 [INFO] ADCParametersView:116 -                Rank 1 : false
2024-05-29 20:06:08,781 [INFO] ADCParametersView:116 -                Rank 1 : false
2024-05-29 20:06:08,781 [INFO] ADCParametersView:116 -                Rank 1 : false
2024-05-29 20:06:08,781 [INFO] ADCParametersView:116 -                Rank 1 : false
2024-05-29 20:06:08,781 [INFO] ADCParametersView:116 -                Rank 1 : false
2024-05-29 20:06:08,781 [INFO] ADCParametersView:116 -                Rank 1 : false
2024-05-29 20:06:08,781 [INFO] ADCParametersView:116 -                Rank 1 : false
2024-05-29 20:06:08,781 [INFO] ADCParametersView:116 -                Rank 1 : false
2024-05-29 20:06:08,781 [INFO] ADCParametersView:116 -                Rank 1 : false
2024-05-29 20:06:08,782 [INFO] ADCParametersView:116 -                Rank 1 : false
2024-05-29 20:06:08,782 [INFO] ADCParametersView:116 -                Rank 1 : false
2024-05-29 20:06:08,782 [INFO] ADCParametersView:116 -                Rank 1 : false
2024-05-29 20:06:08,782 [INFO] ADCParametersView:116 -                Rank 1 : false
2024-05-29 20:06:08,793 [INFO] ADCParametersView:116 -                Rank 1 : false
2024-05-29 20:06:08,911 [INFO] ADCParametersView:116 -                Rank 1 : false
2024-05-29 20:06:08,911 [INFO] ADCParametersView:116 -                Rank 1 : false
2024-05-29 20:06:08,911 [INFO] ADCParametersView:116 -                Rank 1 : false
2024-05-29 20:06:08,911 [INFO] ADCParametersView:116 -                Rank 1 : false
2024-05-29 20:06:08,911 [INFO] ADCParametersView:116 -                Rank 1 : false
2024-05-29 20:06:08,911 [INFO] ADCParametersView:116 -                Rank 1 : false
2024-05-29 20:06:08,911 [INFO] ADCParametersView:116 -                Rank 1 : false
2024-05-29 20:06:08,911 [INFO] ADCParametersView:116 -                Rank 1 : false
2024-05-29 20:06:08,911 [INFO] ADCParametersView:116 -                Rank 1 : false
2024-05-29 20:06:08,911 [INFO] ADCParametersView:116 -                Rank 1 : false
2024-05-29 20:06:08,911 [INFO] ADCParametersView:116 -                Rank 1 : false
2024-05-29 20:06:08,911 [INFO] ADCParametersView:116 -                Rank 1 : false
2024-05-29 20:06:08,911 [INFO] ADCParametersView:116 -                Rank 1 : false
2024-05-29 20:06:08,912 [INFO] ADCParametersView:116 -                Rank 1 : false
2024-05-29 20:06:08,912 [INFO] ADCParametersView:116 -                Rank 1 : false
2024-05-29 20:06:08,912 [INFO] ADCParametersView:116 -                Rank 1 : false
2024-05-29 20:06:08,912 [INFO] ADCParametersView:116 -                Rank 1 : false
2024-05-29 20:06:08,912 [INFO] ADCParametersView:116 -                Rank 1 : false
2024-05-29 20:06:08,912 [INFO] ADCParametersView:116 -                Rank 1 : false
2024-05-29 20:06:08,912 [INFO] ADCParametersView:116 -                Rank 1 : false
2024-05-29 20:06:08,912 [INFO] ADCParametersView:116 -                Rank 1 : false
2024-05-29 20:06:08,920 [INFO] ADCParametersView:116 -                Rank 1 : false
2024-05-29 20:06:08,941 [INFO] ADCParametersView:116 -                Rank 1 : false
2024-05-29 20:06:08,941 [INFO] ADCParametersView:116 -                Rank 1 : false
2024-05-29 20:06:08,941 [INFO] ADCParametersView:116 -                Rank 1 : false
2024-05-29 20:06:08,941 [INFO] ADCParametersView:116 -                Rank 1 : false
2024-05-29 20:06:08,941 [INFO] ADCParametersView:116 -                Rank 1 : false
2024-05-29 20:06:08,943 [INFO] ADCParametersView:116 -                Rank 1 : false
2024-05-29 20:06:08,943 [INFO] ADCParametersView:116 -                Rank 1 : false
2024-05-29 20:06:08,943 [INFO] ADCParametersView:116 -                Rank 1 : false
2024-05-29 20:06:08,943 [INFO] ADCParametersView:116 -                Rank 1 : false
2024-05-29 20:06:08,943 [INFO] ADCParametersView:116 -                Rank 1 : false
2024-05-29 20:06:08,943 [INFO] ADCParametersView:116 -                Rank 1 : false
2024-05-29 20:06:08,943 [INFO] ADCParametersView:116 -                Rank 1 : false
2024-05-29 20:06:08,943 [INFO] ADCParametersView:116 -                Rank 1 : false
2024-05-29 20:06:08,943 [INFO] ADCParametersView:116 -                Rank 1 : false
2024-05-29 20:06:08,943 [INFO] ADCParametersView:116 -                Rank 1 : false
2024-05-29 20:06:08,943 [INFO] ADCParametersView:116 -                Rank 1 : false
2024-05-29 20:06:08,943 [INFO] ADCParametersView:116 -                Rank 1 : false
2024-05-29 20:06:08,943 [INFO] ADCParametersView:116 -                Rank 1 : false
2024-05-29 20:06:08,943 [INFO] ADCParametersView:116 -                Rank 1 : false
2024-05-29 20:06:08,943 [INFO] ADCParametersView:116 -                Rank 1 : false
2024-05-29 20:06:08,943 [INFO] ADCParametersView:116 -                Rank 1 : false
2024-05-29 20:06:08,949 [INFO] ADCParametersView:116 -                Rank 1 : false
2024-05-29 20:06:16,244 [INFO] ADCParametersView:116 -                Rank 1 : false
2024-05-29 20:06:16,244 [INFO] ADCParametersView:116 -                Rank 1 : false
2024-05-29 20:06:16,244 [INFO] ADCParametersView:116 -                Rank 1 : false
2024-05-29 20:06:16,244 [INFO] ADCParametersView:116 -                Rank 1 : false
2024-05-29 20:06:16,244 [INFO] ADCParametersView:116 -                Rank 1 : false
2024-05-29 20:06:16,244 [INFO] ADCParametersView:116 -                Rank 1 : false
2024-05-29 20:06:16,244 [INFO] ADCParametersView:116 -                Rank 1 : false
2024-05-29 20:06:16,244 [INFO] ADCParametersView:116 -                Rank 1 : false
2024-05-29 20:06:16,244 [INFO] ADCParametersView:116 -                Rank 1 : false
2024-05-29 20:06:16,244 [INFO] ADCParametersView:116 -                Rank 1 : false
2024-05-29 20:06:16,244 [INFO] ADCParametersView:116 -                Rank 1 : false
2024-05-29 20:06:16,244 [INFO] ADCParametersView:116 -                Rank 1 : false
2024-05-29 20:06:16,244 [INFO] ADCParametersView:116 -                Rank 1 : false
2024-05-29 20:06:16,244 [INFO] ADCParametersView:116 -                Rank 1 : false
2024-05-29 20:06:16,244 [INFO] ADCParametersView:116 -                Rank 1 : false
2024-05-29 20:06:16,244 [INFO] ADCParametersView:116 -                Rank 1 : false
2024-05-29 20:06:16,244 [INFO] ADCParametersView:116 -                Rank 1 : false
2024-05-29 20:06:16,244 [INFO] ADCParametersView:116 -                Rank 1 : false
2024-05-29 20:06:16,244 [INFO] ADCParametersView:116 -                Rank 1 : false
2024-05-29 20:06:16,244 [INFO] ADCParametersView:116 -                Rank 1 : false
2024-05-29 20:06:16,244 [INFO] ADCParametersView:116 -                Rank 1 : false
2024-05-29 20:06:16,253 [INFO] ADCParametersView:116 -                Rank 1 : false
2024-05-29 20:06:16,270 [INFO] ADCParametersView:116 -                Rank 1 : false
2024-05-29 20:06:16,270 [INFO] ADCParametersView:116 -                Rank 1 : false
2024-05-29 20:06:16,270 [INFO] ADCParametersView:116 -                Rank 1 : false
2024-05-29 20:06:16,270 [INFO] ADCParametersView:116 -                Rank 1 : false
2024-05-29 20:06:16,271 [INFO] ADCParametersView:116 -                Rank 1 : false
2024-05-29 20:06:16,271 [INFO] ADCParametersView:116 -                Rank 1 : false
2024-05-29 20:06:16,271 [INFO] ADCParametersView:116 -                Rank 1 : false
2024-05-29 20:06:16,271 [INFO] ADCParametersView:116 -                Rank 1 : false
2024-05-29 20:06:16,271 [INFO] ADCParametersView:116 -                Rank 1 : false
2024-05-29 20:06:16,271 [INFO] ADCParametersView:116 -                Rank 1 : false
2024-05-29 20:06:16,271 [INFO] ADCParametersView:116 -                Rank 1 : false
2024-05-29 20:06:16,271 [INFO] ADCParametersView:116 -                Rank 1 : false
2024-05-29 20:06:16,271 [INFO] ADCParametersView:116 -                Rank 1 : false
2024-05-29 20:06:16,271 [INFO] ADCParametersView:116 -                Rank 1 : false
2024-05-29 20:06:16,271 [INFO] ADCParametersView:116 -                Rank 1 : false
2024-05-29 20:06:16,271 [INFO] ADCParametersView:116 -                Rank 1 : false
2024-05-29 20:06:16,271 [INFO] ADCParametersView:116 -                Rank 1 : false
2024-05-29 20:06:16,271 [INFO] ADCParametersView:116 -                Rank 1 : false
2024-05-29 20:06:16,271 [INFO] ADCParametersView:116 -                Rank 1 : false
2024-05-29 20:06:16,271 [INFO] ADCParametersView:116 -                Rank 1 : false
2024-05-29 20:06:16,271 [INFO] ADCParametersView:116 -                Rank 1 : false
2024-05-29 20:06:16,283 [INFO] ADCParametersView:116 -                Rank 1 : false
2024-05-29 20:06:16,336 [INFO] ADCParametersView:116 -                Rank 1 : false
2024-05-29 20:06:16,336 [INFO] ADCParametersView:116 -                Rank 1 : false
2024-05-29 20:06:16,336 [INFO] ADCParametersView:116 -                Rank 1 : false
2024-05-29 20:06:16,336 [INFO] ADCParametersView:116 -                Rank 1 : false
2024-05-29 20:06:16,336 [INFO] ADCParametersView:116 -                Rank 1 : false
2024-05-29 20:06:16,336 [INFO] ADCParametersView:116 -                Rank 1 : false
2024-05-29 20:06:16,336 [INFO] ADCParametersView:116 -                Rank 1 : false
2024-05-29 20:06:16,336 [INFO] ADCParametersView:116 -                Rank 1 : false
2024-05-29 20:06:16,336 [INFO] ADCParametersView:116 -                Rank 1 : false
2024-05-29 20:06:16,336 [INFO] ADCParametersView:116 -                Rank 1 : false
2024-05-29 20:06:16,336 [INFO] ADCParametersView:116 -                Rank 1 : false
2024-05-29 20:06:16,336 [INFO] ADCParametersView:116 -                Rank 1 : false
2024-05-29 20:06:16,336 [INFO] ADCParametersView:116 -                Rank 1 : false
2024-05-29 20:06:16,336 [INFO] ADCParametersView:116 -                Rank 1 : false
2024-05-29 20:06:16,336 [INFO] ADCParametersView:116 -                Rank 1 : false
2024-05-29 20:06:16,336 [INFO] ADCParametersView:116 -                Rank 1 : false
2024-05-29 20:06:16,336 [INFO] ADCParametersView:116 -                Rank 1 : false
2024-05-29 20:06:16,336 [INFO] ADCParametersView:116 -                Rank 1 : false
2024-05-29 20:06:16,336 [INFO] ADCParametersView:116 -                Rank 1 : false
2024-05-29 20:06:16,336 [INFO] ADCParametersView:116 -                Rank 1 : false
2024-05-29 20:06:16,336 [INFO] ADCParametersView:116 -                Rank 1 : false
2024-05-29 20:06:16,343 [INFO] ADCParametersView:116 -                Rank 1 : false
2024-05-29 20:06:16,366 [INFO] ADCParametersView:116 -                Rank 1 : false
2024-05-29 20:06:16,367 [INFO] ADCParametersView:116 -                Rank 1 : false
2024-05-29 20:06:16,367 [INFO] ADCParametersView:116 -                Rank 1 : false
2024-05-29 20:06:16,367 [INFO] ADCParametersView:116 -                Rank 1 : false
2024-05-29 20:06:16,367 [INFO] ADCParametersView:116 -                Rank 1 : false
2024-05-29 20:06:16,367 [INFO] ADCParametersView:116 -                Rank 1 : false
2024-05-29 20:06:16,367 [INFO] ADCParametersView:116 -                Rank 1 : false
2024-05-29 20:06:16,367 [INFO] ADCParametersView:116 -                Rank 1 : false
2024-05-29 20:06:16,367 [INFO] ADCParametersView:116 -                Rank 1 : false
2024-05-29 20:06:16,367 [INFO] ADCParametersView:116 -                Rank 1 : false
2024-05-29 20:06:16,367 [INFO] ADCParametersView:116 -                Rank 1 : false
2024-05-29 20:06:16,367 [INFO] ADCParametersView:116 -                Rank 1 : false
2024-05-29 20:06:16,367 [INFO] ADCParametersView:116 -                Rank 1 : false
2024-05-29 20:06:16,367 [INFO] ADCParametersView:116 -                Rank 1 : false
2024-05-29 20:06:16,367 [INFO] ADCParametersView:116 -                Rank 1 : false
2024-05-29 20:06:16,367 [INFO] ADCParametersView:116 -                Rank 1 : false
2024-05-29 20:06:16,367 [INFO] ADCParametersView:116 -                Rank 1 : false
2024-05-29 20:06:16,367 [INFO] ADCParametersView:116 -                Rank 1 : false
2024-05-29 20:06:16,367 [INFO] ADCParametersView:116 -                Rank 1 : false
2024-05-29 20:06:16,367 [INFO] ADCParametersView:116 -                Rank 1 : false
2024-05-29 20:06:16,367 [INFO] ADCParametersView:116 -                Rank 1 : false
2024-05-29 20:06:16,376 [INFO] ADCParametersView:116 -                Rank 1 : false
2024-05-29 20:06:16,462 [INFO] ADCParametersView:116 -                Rank 1 : false
2024-05-29 20:06:16,462 [INFO] ADCParametersView:116 -                Rank 1 : false
2024-05-29 20:06:16,462 [INFO] ADCParametersView:116 -                Rank 1 : false
2024-05-29 20:06:16,462 [INFO] ADCParametersView:116 -                Rank 1 : false
2024-05-29 20:06:16,462 [INFO] ADCParametersView:116 -                Rank 1 : false
2024-05-29 20:06:16,462 [INFO] ADCParametersView:116 -                Rank 1 : false
2024-05-29 20:06:16,462 [INFO] ADCParametersView:116 -                Rank 1 : false
2024-05-29 20:06:16,462 [INFO] ADCParametersView:116 -                Rank 1 : false
2024-05-29 20:06:16,462 [INFO] ADCParametersView:116 -                Rank 1 : false
2024-05-29 20:06:16,462 [INFO] ADCParametersView:116 -                Rank 1 : false
2024-05-29 20:06:16,462 [INFO] ADCParametersView:116 -                Rank 1 : false
2024-05-29 20:06:16,462 [INFO] ADCParametersView:116 -                Rank 1 : false
2024-05-29 20:06:16,462 [INFO] ADCParametersView:116 -                Rank 1 : false
2024-05-29 20:06:16,462 [INFO] ADCParametersView:116 -                Rank 1 : false
2024-05-29 20:06:16,462 [INFO] ADCParametersView:116 -                Rank 1 : false
2024-05-29 20:06:16,462 [INFO] ADCParametersView:116 -                Rank 1 : false
2024-05-29 20:06:16,462 [INFO] ADCParametersView:116 -                Rank 1 : false
2024-05-29 20:06:16,462 [INFO] ADCParametersView:116 -                Rank 1 : false
2024-05-29 20:06:16,462 [INFO] ADCParametersView:116 -                Rank 1 : false
2024-05-29 20:06:16,462 [INFO] ADCParametersView:116 -                Rank 1 : false
2024-05-29 20:06:16,462 [INFO] ADCParametersView:116 -                Rank 1 : false
2024-05-29 20:06:16,471 [INFO] ADCParametersView:116 -                Rank 1 : false
2024-05-29 20:06:16,484 [INFO] ADCParametersView:116 -                Rank 1 : false
2024-05-29 20:06:16,484 [INFO] ADCParametersView:116 -                Rank 1 : false
2024-05-29 20:06:16,484 [INFO] ADCParametersView:116 -                Rank 1 : false
2024-05-29 20:06:16,484 [INFO] ADCParametersView:116 -                Rank 1 : false
2024-05-29 20:06:16,484 [INFO] ADCParametersView:116 -                Rank 1 : false
2024-05-29 20:06:16,484 [INFO] ADCParametersView:116 -                Rank 1 : false
2024-05-29 20:06:16,484 [INFO] ADCParametersView:116 -                Rank 1 : false
2024-05-29 20:06:16,484 [INFO] ADCParametersView:116 -                Rank 1 : false
2024-05-29 20:06:16,484 [INFO] ADCParametersView:116 -                Rank 1 : false
2024-05-29 20:06:16,484 [INFO] ADCParametersView:116 -                Rank 1 : false
2024-05-29 20:06:16,484 [INFO] ADCParametersView:116 -                Rank 1 : false
2024-05-29 20:06:16,484 [INFO] ADCParametersView:116 -                Rank 1 : false
2024-05-29 20:06:16,484 [INFO] ADCParametersView:116 -                Rank 1 : false
2024-05-29 20:06:16,484 [INFO] ADCParametersView:116 -                Rank 1 : false
2024-05-29 20:06:16,484 [INFO] ADCParametersView:116 -                Rank 1 : false
2024-05-29 20:06:16,484 [INFO] ADCParametersView:116 -                Rank 1 : false
2024-05-29 20:06:16,484 [INFO] ADCParametersView:116 -                Rank 1 : false
2024-05-29 20:06:16,484 [INFO] ADCParametersView:116 -                Rank 1 : false
2024-05-29 20:06:16,484 [INFO] ADCParametersView:116 -                Rank 1 : false
2024-05-29 20:06:16,484 [INFO] ADCParametersView:116 -                Rank 1 : false
2024-05-29 20:06:16,484 [INFO] ADCParametersView:116 -                Rank 1 : false
2024-05-29 20:06:16,490 [INFO] ADCParametersView:116 -                Rank 1 : false
2024-05-29 20:06:29,702 [INFO] ADCParametersView:116 -                Rank 1 : false
2024-05-29 20:06:29,702 [INFO] ADCParametersView:116 -                Rank 1 : false
2024-05-29 20:06:29,702 [INFO] ADCParametersView:116 -                Rank 1 : false
2024-05-29 20:06:29,702 [INFO] ADCParametersView:116 -                Rank 1 : false
2024-05-29 20:06:29,702 [INFO] ADCParametersView:116 -                Rank 1 : false
2024-05-29 20:06:29,702 [INFO] ADCParametersView:116 -                Rank 1 : false
2024-05-29 20:06:29,702 [INFO] ADCParametersView:116 -                Rank 1 : false
2024-05-29 20:06:29,702 [INFO] ADCParametersView:116 -                Rank 1 : false
2024-05-29 20:06:29,702 [INFO] ADCParametersView:116 -                Rank 1 : false
2024-05-29 20:06:29,702 [INFO] ADCParametersView:116 -                Rank 1 : false
2024-05-29 20:06:29,702 [INFO] ADCParametersView:116 -                Rank 1 : false
2024-05-29 20:06:29,702 [INFO] ADCParametersView:116 -                Rank 1 : false
2024-05-29 20:06:29,702 [INFO] ADCParametersView:116 -                Rank 1 : false
2024-05-29 20:06:29,702 [INFO] ADCParametersView:116 -                Rank 1 : false
2024-05-29 20:06:29,702 [INFO] ADCParametersView:116 -                Rank 1 : false
2024-05-29 20:06:29,702 [INFO] ADCParametersView:116 -                Rank 1 : false
2024-05-29 20:06:29,702 [INFO] ADCParametersView:116 -                Rank 1 : false
2024-05-29 20:06:29,702 [INFO] ADCParametersView:116 -                Rank 1 : false
2024-05-29 20:06:29,702 [INFO] ADCParametersView:116 -                Rank 1 : false
2024-05-29 20:06:29,702 [INFO] ADCParametersView:116 -                Rank 1 : false
2024-05-29 20:06:29,702 [INFO] ADCParametersView:116 -                Rank 1 : false
2024-05-29 20:06:29,710 [INFO] ADCParametersView:116 -                Rank 1 : false
2024-05-29 20:06:29,723 [INFO] ADCParametersView:116 -                Rank 1 : false
2024-05-29 20:06:29,723 [INFO] ADCParametersView:116 -                Rank 1 : false
2024-05-29 20:06:29,723 [INFO] ADCParametersView:116 -                Rank 1 : false
2024-05-29 20:06:29,723 [INFO] ADCParametersView:116 -                Rank 1 : false
2024-05-29 20:06:29,723 [INFO] ADCParametersView:116 -                Rank 1 : false
2024-05-29 20:06:29,723 [INFO] ADCParametersView:116 -                Rank 1 : false
2024-05-29 20:06:29,723 [INFO] ADCParametersView:116 -                Rank 1 : false
2024-05-29 20:06:29,723 [INFO] ADCParametersView:116 -                Rank 1 : false
2024-05-29 20:06:29,724 [INFO] ADCParametersView:116 -                Rank 1 : false
2024-05-29 20:06:29,724 [INFO] ADCParametersView:116 -                Rank 1 : false
2024-05-29 20:06:29,724 [INFO] ADCParametersView:116 -                Rank 1 : false
2024-05-29 20:06:29,724 [INFO] ADCParametersView:116 -                Rank 1 : false
2024-05-29 20:06:29,724 [INFO] ADCParametersView:116 -                Rank 1 : false
2024-05-29 20:06:29,724 [INFO] ADCParametersView:116 -                Rank 1 : false
2024-05-29 20:06:29,724 [INFO] ADCParametersView:116 -                Rank 1 : false
2024-05-29 20:06:29,724 [INFO] ADCParametersView:116 -                Rank 1 : false
2024-05-29 20:06:29,724 [INFO] ADCParametersView:116 -                Rank 1 : false
2024-05-29 20:06:29,724 [INFO] ADCParametersView:116 -                Rank 1 : false
2024-05-29 20:06:29,724 [INFO] ADCParametersView:116 -                Rank 1 : false
2024-05-29 20:06:29,724 [INFO] ADCParametersView:116 -                Rank 1 : false
2024-05-29 20:06:29,724 [INFO] ADCParametersView:116 -                Rank 1 : false
2024-05-29 20:06:29,733 [INFO] ADCParametersView:116 -                Rank 1 : false
2024-05-29 20:06:29,783 [INFO] ADCParametersView:116 -                Rank 1 : false
2024-05-29 20:06:29,783 [INFO] ADCParametersView:116 -                Rank 1 : false
2024-05-29 20:06:29,783 [INFO] ADCParametersView:116 -                Rank 1 : false
2024-05-29 20:06:29,783 [INFO] ADCParametersView:116 -                Rank 1 : false
2024-05-29 20:06:29,783 [INFO] ADCParametersView:116 -                Rank 1 : false
2024-05-29 20:06:29,783 [INFO] ADCParametersView:116 -                Rank 1 : false
2024-05-29 20:06:29,784 [INFO] ADCParametersView:116 -                Rank 1 : false
2024-05-29 20:06:29,784 [INFO] ADCParametersView:116 -                Rank 1 : false
2024-05-29 20:06:29,784 [INFO] ADCParametersView:116 -                Rank 1 : false
2024-05-29 20:06:29,784 [INFO] ADCParametersView:116 -                Rank 1 : false
2024-05-29 20:06:29,784 [INFO] ADCParametersView:116 -                Rank 1 : false
2024-05-29 20:06:29,784 [INFO] ADCParametersView:116 -                Rank 1 : false
2024-05-29 20:06:29,784 [INFO] ADCParametersView:116 -                Rank 1 : false
2024-05-29 20:06:29,784 [INFO] ADCParametersView:116 -                Rank 1 : false
2024-05-29 20:06:29,784 [INFO] ADCParametersView:116 -                Rank 1 : false
2024-05-29 20:06:29,784 [INFO] ADCParametersView:116 -                Rank 1 : false
2024-05-29 20:06:29,784 [INFO] ADCParametersView:116 -                Rank 1 : false
2024-05-29 20:06:29,784 [INFO] ADCParametersView:116 -                Rank 1 : false
2024-05-29 20:06:29,784 [INFO] ADCParametersView:116 -                Rank 1 : false
2024-05-29 20:06:29,784 [INFO] ADCParametersView:116 -                Rank 1 : false
2024-05-29 20:06:29,784 [INFO] ADCParametersView:116 -                Rank 1 : false
2024-05-29 20:06:29,790 [INFO] ADCParametersView:116 -                Rank 1 : false
2024-05-29 20:06:29,801 [INFO] ADCParametersView:116 -                Rank 1 : false
2024-05-29 20:06:29,801 [INFO] ADCParametersView:116 -                Rank 1 : false
2024-05-29 20:06:29,801 [INFO] ADCParametersView:116 -                Rank 1 : false
2024-05-29 20:06:29,801 [INFO] ADCParametersView:116 -                Rank 1 : false
2024-05-29 20:06:29,801 [INFO] ADCParametersView:116 -                Rank 1 : false
2024-05-29 20:06:29,801 [INFO] ADCParametersView:116 -                Rank 1 : false
2024-05-29 20:06:29,801 [INFO] ADCParametersView:116 -                Rank 1 : false
2024-05-29 20:06:29,801 [INFO] ADCParametersView:116 -                Rank 1 : false
2024-05-29 20:06:29,801 [INFO] ADCParametersView:116 -                Rank 1 : false
2024-05-29 20:06:29,801 [INFO] ADCParametersView:116 -                Rank 1 : false
2024-05-29 20:06:29,801 [INFO] ADCParametersView:116 -                Rank 1 : false
2024-05-29 20:06:29,802 [INFO] ADCParametersView:116 -                Rank 1 : false
2024-05-29 20:06:29,802 [INFO] ADCParametersView:116 -                Rank 1 : false
2024-05-29 20:06:29,802 [INFO] ADCParametersView:116 -                Rank 1 : false
2024-05-29 20:06:29,802 [INFO] ADCParametersView:116 -                Rank 1 : false
2024-05-29 20:06:29,802 [INFO] ADCParametersView:116 -                Rank 1 : false
2024-05-29 20:06:29,802 [INFO] ADCParametersView:116 -                Rank 1 : false
2024-05-29 20:06:29,802 [INFO] ADCParametersView:116 -                Rank 1 : false
2024-05-29 20:06:29,802 [INFO] ADCParametersView:116 -                Rank 1 : false
2024-05-29 20:06:29,802 [INFO] ADCParametersView:116 -                Rank 1 : false
2024-05-29 20:06:29,802 [INFO] ADCParametersView:116 -                Rank 1 : false
2024-05-29 20:06:29,807 [INFO] ADCParametersView:116 -                Rank 1 : false
2024-05-29 20:06:29,875 [INFO] ADCParametersView:116 -                Rank 1 : false
2024-05-29 20:06:29,875 [INFO] ADCParametersView:116 -                Rank 1 : false
2024-05-29 20:06:29,875 [INFO] ADCParametersView:116 -                Rank 1 : false
2024-05-29 20:06:29,875 [INFO] ADCParametersView:116 -                Rank 1 : false
2024-05-29 20:06:29,875 [INFO] ADCParametersView:116 -                Rank 1 : false
2024-05-29 20:06:29,875 [INFO] ADCParametersView:116 -                Rank 1 : false
2024-05-29 20:06:29,875 [INFO] ADCParametersView:116 -                Rank 1 : false
2024-05-29 20:06:29,875 [INFO] ADCParametersView:116 -                Rank 1 : false
2024-05-29 20:06:29,875 [INFO] ADCParametersView:116 -                Rank 1 : false
2024-05-29 20:06:29,875 [INFO] ADCParametersView:116 -                Rank 1 : false
2024-05-29 20:06:29,875 [INFO] ADCParametersView:116 -                Rank 1 : false
2024-05-29 20:06:29,875 [INFO] ADCParametersView:116 -                Rank 1 : false
2024-05-29 20:06:29,875 [INFO] ADCParametersView:116 -                Rank 1 : false
2024-05-29 20:06:29,875 [INFO] ADCParametersView:116 -                Rank 1 : false
2024-05-29 20:06:29,875 [INFO] ADCParametersView:116 -                Rank 1 : false
2024-05-29 20:06:29,875 [INFO] ADCParametersView:116 -                Rank 1 : false
2024-05-29 20:06:29,875 [INFO] ADCParametersView:116 -                Rank 1 : false
2024-05-29 20:06:29,875 [INFO] ADCParametersView:116 -                Rank 1 : false
2024-05-29 20:06:29,875 [INFO] ADCParametersView:116 -                Rank 1 : false
2024-05-29 20:06:29,876 [INFO] ADCParametersView:116 -                Rank 1 : false
2024-05-29 20:06:29,876 [INFO] ADCParametersView:116 -                Rank 1 : false
2024-05-29 20:06:29,881 [INFO] ADCParametersView:116 -                Rank 1 : false
2024-05-29 20:06:29,892 [INFO] ADCParametersView:116 -                Rank 1 : false
2024-05-29 20:06:29,893 [INFO] ADCParametersView:116 -                Rank 1 : false
2024-05-29 20:06:29,893 [INFO] ADCParametersView:116 -                Rank 1 : false
2024-05-29 20:06:29,893 [INFO] ADCParametersView:116 -                Rank 1 : false
2024-05-29 20:06:29,893 [INFO] ADCParametersView:116 -                Rank 1 : false
2024-05-29 20:06:29,893 [INFO] ADCParametersView:116 -                Rank 1 : false
2024-05-29 20:06:29,893 [INFO] ADCParametersView:116 -                Rank 1 : false
2024-05-29 20:06:29,893 [INFO] ADCParametersView:116 -                Rank 1 : false
2024-05-29 20:06:29,893 [INFO] ADCParametersView:116 -                Rank 1 : false
2024-05-29 20:06:29,893 [INFO] ADCParametersView:116 -                Rank 1 : false
2024-05-29 20:06:29,893 [INFO] ADCParametersView:116 -                Rank 1 : false
2024-05-29 20:06:29,893 [INFO] ADCParametersView:116 -                Rank 1 : false
2024-05-29 20:06:29,893 [INFO] ADCParametersView:116 -                Rank 1 : false
2024-05-29 20:06:29,893 [INFO] ADCParametersView:116 -                Rank 1 : false
2024-05-29 20:06:29,893 [INFO] ADCParametersView:116 -                Rank 1 : false
2024-05-29 20:06:29,893 [INFO] ADCParametersView:116 -                Rank 1 : false
2024-05-29 20:06:29,893 [INFO] ADCParametersView:116 -                Rank 1 : false
2024-05-29 20:06:29,893 [INFO] ADCParametersView:116 -                Rank 1 : false
2024-05-29 20:06:29,893 [INFO] ADCParametersView:116 -                Rank 1 : false
2024-05-29 20:06:29,893 [INFO] ADCParametersView:116 -                Rank 1 : false
2024-05-29 20:06:29,893 [INFO] ADCParametersView:116 -                Rank 1 : false
2024-05-29 20:06:29,898 [INFO] ADCParametersView:116 -                Rank 1 : false
2024-05-29 20:06:31,396 [INFO] ADCParametersView:116 -                Rank 1 : false
2024-05-29 20:06:31,396 [INFO] ADCParametersView:116 -                Rank 1 : false
2024-05-29 20:06:31,396 [INFO] ADCParametersView:116 -                Rank 1 : false
2024-05-29 20:06:31,396 [INFO] ADCParametersView:116 -                Rank 1 : false
2024-05-29 20:06:31,396 [INFO] ADCParametersView:116 -                Rank 1 : false
2024-05-29 20:06:31,396 [INFO] ADCParametersView:116 -                Rank 1 : false
2024-05-29 20:06:31,396 [INFO] ADCParametersView:116 -                Rank 1 : false
2024-05-29 20:06:31,396 [INFO] ADCParametersView:116 -                Rank 1 : false
2024-05-29 20:06:31,396 [INFO] ADCParametersView:116 -                Rank 1 : false
2024-05-29 20:06:31,396 [INFO] ADCParametersView:116 -                Rank 1 : false
2024-05-29 20:06:31,396 [INFO] ADCParametersView:116 -                Rank 1 : false
2024-05-29 20:06:31,396 [INFO] ADCParametersView:116 -                Rank 1 : false
2024-05-29 20:06:31,396 [INFO] ADCParametersView:116 -                Rank 1 : false
2024-05-29 20:06:31,396 [INFO] ADCParametersView:116 -                Rank 1 : false
2024-05-29 20:06:31,396 [INFO] ADCParametersView:116 -                Rank 1 : false
2024-05-29 20:06:31,396 [INFO] ADCParametersView:116 -                Rank 1 : false
2024-05-29 20:06:31,396 [INFO] ADCParametersView:116 -                Rank 1 : false
2024-05-29 20:06:31,396 [INFO] ADCParametersView:116 -                Rank 1 : false
2024-05-29 20:06:31,396 [INFO] ADCParametersView:116 -                Rank 1 : false
2024-05-29 20:06:31,396 [INFO] ADCParametersView:116 -                Rank 1 : false
2024-05-29 20:06:31,396 [INFO] ADCParametersView:116 -                Rank 1 : false
2024-05-29 20:06:31,403 [INFO] ADCParametersView:116 -                Rank 1 : false
2024-05-29 20:06:31,414 [INFO] ADCParametersView:116 -                Rank 1 : false
2024-05-29 20:06:31,414 [INFO] ADCParametersView:116 -                Rank 1 : false
2024-05-29 20:06:31,414 [INFO] ADCParametersView:116 -                Rank 1 : false
2024-05-29 20:06:31,414 [INFO] ADCParametersView:116 -                Rank 1 : false
2024-05-29 20:06:31,414 [INFO] ADCParametersView:116 -                Rank 1 : false
2024-05-29 20:06:31,414 [INFO] ADCParametersView:116 -                Rank 1 : false
2024-05-29 20:06:31,414 [INFO] ADCParametersView:116 -                Rank 1 : false
2024-05-29 20:06:31,414 [INFO] ADCParametersView:116 -                Rank 1 : false
2024-05-29 20:06:31,414 [INFO] ADCParametersView:116 -                Rank 1 : false
2024-05-29 20:06:31,414 [INFO] ADCParametersView:116 -                Rank 1 : false
2024-05-29 20:06:31,414 [INFO] ADCParametersView:116 -                Rank 1 : false
2024-05-29 20:06:31,414 [INFO] ADCParametersView:116 -                Rank 1 : false
2024-05-29 20:06:31,414 [INFO] ADCParametersView:116 -                Rank 1 : false
2024-05-29 20:06:31,414 [INFO] ADCParametersView:116 -                Rank 1 : false
2024-05-29 20:06:31,414 [INFO] ADCParametersView:116 -                Rank 1 : false
2024-05-29 20:06:31,414 [INFO] ADCParametersView:116 -                Rank 1 : false
2024-05-29 20:06:31,414 [INFO] ADCParametersView:116 -                Rank 1 : false
2024-05-29 20:06:31,414 [INFO] ADCParametersView:116 -                Rank 1 : false
2024-05-29 20:06:31,414 [INFO] ADCParametersView:116 -                Rank 1 : false
2024-05-29 20:06:31,414 [INFO] ADCParametersView:116 -                Rank 1 : false
2024-05-29 20:06:31,414 [INFO] ADCParametersView:116 -                Rank 1 : false
2024-05-29 20:06:31,420 [INFO] ADCParametersView:116 -                Rank 1 : false
2024-05-29 20:06:31,464 [INFO] ADCParametersView:116 -                Rank 1 : false
2024-05-29 20:06:31,464 [INFO] ADCParametersView:116 -                Rank 1 : false
2024-05-29 20:06:31,464 [INFO] ADCParametersView:116 -                Rank 1 : false
2024-05-29 20:06:31,464 [INFO] ADCParametersView:116 -                Rank 1 : false
2024-05-29 20:06:31,464 [INFO] ADCParametersView:116 -                Rank 1 : false
2024-05-29 20:06:31,464 [INFO] ADCParametersView:116 -                Rank 1 : false
2024-05-29 20:06:31,464 [INFO] ADCParametersView:116 -                Rank 1 : false
2024-05-29 20:06:31,464 [INFO] ADCParametersView:116 -                Rank 1 : false
2024-05-29 20:06:31,464 [INFO] ADCParametersView:116 -                Rank 1 : false
2024-05-29 20:06:31,464 [INFO] ADCParametersView:116 -                Rank 1 : false
2024-05-29 20:06:31,464 [INFO] ADCParametersView:116 -                Rank 1 : false
2024-05-29 20:06:31,464 [INFO] ADCParametersView:116 -                Rank 1 : false
2024-05-29 20:06:31,464 [INFO] ADCParametersView:116 -                Rank 1 : false
2024-05-29 20:06:31,464 [INFO] ADCParametersView:116 -                Rank 1 : false
2024-05-29 20:06:31,465 [INFO] ADCParametersView:116 -                Rank 1 : false
2024-05-29 20:06:31,465 [INFO] ADCParametersView:116 -                Rank 1 : false
2024-05-29 20:06:31,465 [INFO] ADCParametersView:116 -                Rank 1 : false
2024-05-29 20:06:31,465 [INFO] ADCParametersView:116 -                Rank 1 : false
2024-05-29 20:06:31,465 [INFO] ADCParametersView:116 -                Rank 1 : false
2024-05-29 20:06:31,465 [INFO] ADCParametersView:116 -                Rank 1 : false
2024-05-29 20:06:31,465 [INFO] ADCParametersView:116 -                Rank 1 : false
2024-05-29 20:06:31,471 [INFO] ADCParametersView:116 -                Rank 1 : false
2024-05-29 20:06:31,486 [INFO] ADCParametersView:116 -                Rank 1 : false
2024-05-29 20:06:31,486 [INFO] ADCParametersView:116 -                Rank 1 : false
2024-05-29 20:06:31,487 [INFO] ADCParametersView:116 -                Rank 1 : false
2024-05-29 20:06:31,487 [INFO] ADCParametersView:116 -                Rank 1 : false
2024-05-29 20:06:31,487 [INFO] ADCParametersView:116 -                Rank 1 : false
2024-05-29 20:06:31,487 [INFO] ADCParametersView:116 -                Rank 1 : false
2024-05-29 20:06:31,487 [INFO] ADCParametersView:116 -                Rank 1 : false
2024-05-29 20:06:31,487 [INFO] ADCParametersView:116 -                Rank 1 : false
2024-05-29 20:06:31,487 [INFO] ADCParametersView:116 -                Rank 1 : false
2024-05-29 20:06:31,487 [INFO] ADCParametersView:116 -                Rank 1 : false
2024-05-29 20:06:31,487 [INFO] ADCParametersView:116 -                Rank 1 : false
2024-05-29 20:06:31,487 [INFO] ADCParametersView:116 -                Rank 1 : false
2024-05-29 20:06:31,487 [INFO] ADCParametersView:116 -                Rank 1 : false
2024-05-29 20:06:31,487 [INFO] ADCParametersView:116 -                Rank 1 : false
2024-05-29 20:06:31,487 [INFO] ADCParametersView:116 -                Rank 1 : false
2024-05-29 20:06:31,487 [INFO] ADCParametersView:116 -                Rank 1 : false
2024-05-29 20:06:31,487 [INFO] ADCParametersView:116 -                Rank 1 : false
2024-05-29 20:06:31,487 [INFO] ADCParametersView:116 -                Rank 1 : false
2024-05-29 20:06:31,487 [INFO] ADCParametersView:116 -                Rank 1 : false
2024-05-29 20:06:31,487 [INFO] ADCParametersView:116 -                Rank 1 : false
2024-05-29 20:06:31,487 [INFO] ADCParametersView:116 -                Rank 1 : false
2024-05-29 20:06:31,494 [INFO] ADCParametersView:116 -                Rank 1 : false
2024-05-29 20:06:31,574 [INFO] ADCParametersView:116 -                Rank 1 : false
2024-05-29 20:06:31,574 [INFO] ADCParametersView:116 -                Rank 1 : false
2024-05-29 20:06:31,574 [INFO] ADCParametersView:116 -                Rank 1 : false
2024-05-29 20:06:31,574 [INFO] ADCParametersView:116 -                Rank 1 : false
2024-05-29 20:06:31,574 [INFO] ADCParametersView:116 -                Rank 1 : false
2024-05-29 20:06:31,574 [INFO] ADCParametersView:116 -                Rank 1 : false
2024-05-29 20:06:31,574 [INFO] ADCParametersView:116 -                Rank 1 : false
2024-05-29 20:06:31,574 [INFO] ADCParametersView:116 -                Rank 1 : false
2024-05-29 20:06:31,574 [INFO] ADCParametersView:116 -                Rank 1 : false
2024-05-29 20:06:31,574 [INFO] ADCParametersView:116 -                Rank 1 : false
2024-05-29 20:06:31,574 [INFO] ADCParametersView:116 -                Rank 1 : false
2024-05-29 20:06:31,574 [INFO] ADCParametersView:116 -                Rank 1 : false
2024-05-29 20:06:31,574 [INFO] ADCParametersView:116 -                Rank 1 : false
2024-05-29 20:06:31,574 [INFO] ADCParametersView:116 -                Rank 1 : false
2024-05-29 20:06:31,574 [INFO] ADCParametersView:116 -                Rank 1 : false
2024-05-29 20:06:31,574 [INFO] ADCParametersView:116 -                Rank 1 : false
2024-05-29 20:06:31,574 [INFO] ADCParametersView:116 -                Rank 1 : false
2024-05-29 20:06:31,574 [INFO] ADCParametersView:116 -                Rank 1 : false
2024-05-29 20:06:31,574 [INFO] ADCParametersView:116 -                Rank 1 : false
2024-05-29 20:06:31,574 [INFO] ADCParametersView:116 -                Rank 1 : false
2024-05-29 20:06:31,574 [INFO] ADCParametersView:116 -                Rank 1 : false
2024-05-29 20:06:31,580 [INFO] ADCParametersView:116 -                Rank 1 : false
2024-05-29 20:06:31,591 [INFO] ADCParametersView:116 -                Rank 1 : false
2024-05-29 20:06:31,591 [INFO] ADCParametersView:116 -                Rank 1 : false
2024-05-29 20:06:31,591 [INFO] ADCParametersView:116 -                Rank 1 : false
2024-05-29 20:06:31,591 [INFO] ADCParametersView:116 -                Rank 1 : false
2024-05-29 20:06:31,591 [INFO] ADCParametersView:116 -                Rank 1 : false
2024-05-29 20:06:31,591 [INFO] ADCParametersView:116 -                Rank 1 : false
2024-05-29 20:06:31,591 [INFO] ADCParametersView:116 -                Rank 1 : false
2024-05-29 20:06:31,591 [INFO] ADCParametersView:116 -                Rank 1 : false
2024-05-29 20:06:31,591 [INFO] ADCParametersView:116 -                Rank 1 : false
2024-05-29 20:06:31,591 [INFO] ADCParametersView:116 -                Rank 1 : false
2024-05-29 20:06:31,591 [INFO] ADCParametersView:116 -                Rank 1 : false
2024-05-29 20:06:31,591 [INFO] ADCParametersView:116 -                Rank 1 : false
2024-05-29 20:06:31,591 [INFO] ADCParametersView:116 -                Rank 1 : false
2024-05-29 20:06:31,591 [INFO] ADCParametersView:116 -                Rank 1 : false
2024-05-29 20:06:31,591 [INFO] ADCParametersView:116 -                Rank 1 : false
2024-05-29 20:06:31,591 [INFO] ADCParametersView:116 -                Rank 1 : false
2024-05-29 20:06:31,592 [INFO] ADCParametersView:116 -                Rank 1 : false
2024-05-29 20:06:31,592 [INFO] ADCParametersView:116 -                Rank 1 : false
2024-05-29 20:06:31,592 [INFO] ADCParametersView:116 -                Rank 1 : false
2024-05-29 20:06:31,592 [INFO] ADCParametersView:116 -                Rank 1 : false
2024-05-29 20:06:31,592 [INFO] ADCParametersView:116 -                Rank 1 : false
2024-05-29 20:06:31,597 [INFO] ADCParametersView:116 -                Rank 1 : false
2024-05-29 20:06:33,485 [INFO] ADCParametersView:116 -                Rank 1 : false
2024-05-29 20:06:33,485 [INFO] ADCParametersView:116 -                Rank 1 : false
2024-05-29 20:06:33,485 [INFO] ADCParametersView:116 -                Rank 1 : false
2024-05-29 20:06:33,486 [INFO] ADCParametersView:116 -                Rank 1 : false
2024-05-29 20:06:33,486 [INFO] ADCParametersView:116 -                Rank 1 : false
2024-05-29 20:06:33,486 [INFO] ADCParametersView:116 -                Rank 1 : false
2024-05-29 20:06:33,486 [INFO] ADCParametersView:116 -                Rank 1 : false
2024-05-29 20:06:33,486 [INFO] ADCParametersView:116 -                Rank 1 : false
2024-05-29 20:06:33,486 [INFO] ADCParametersView:116 -                Rank 1 : false
2024-05-29 20:06:33,486 [INFO] ADCParametersView:116 -                Rank 1 : false
2024-05-29 20:06:33,486 [INFO] ADCParametersView:116 -                Rank 1 : false
2024-05-29 20:06:33,486 [INFO] ADCParametersView:116 -                Rank 1 : false
2024-05-29 20:06:33,486 [INFO] ADCParametersView:116 -                Rank 1 : false
2024-05-29 20:06:33,486 [INFO] ADCParametersView:116 -                Rank 1 : false
2024-05-29 20:06:33,486 [INFO] ADCParametersView:116 -                Rank 1 : false
2024-05-29 20:06:33,486 [INFO] ADCParametersView:116 -                Rank 1 : false
2024-05-29 20:06:33,486 [INFO] ADCParametersView:116 -                Rank 1 : false
2024-05-29 20:06:33,486 [INFO] ADCParametersView:116 -                Rank 1 : false
2024-05-29 20:06:33,486 [INFO] ADCParametersView:116 -                Rank 1 : false
2024-05-29 20:06:33,486 [INFO] ADCParametersView:116 -                Rank 1 : false
2024-05-29 20:06:33,486 [INFO] ADCParametersView:116 -                Rank 1 : false
2024-05-29 20:06:33,491 [INFO] ADCParametersView:116 -                Rank 1 : false
2024-05-29 20:06:33,501 [INFO] ADCParametersView:116 -                Rank 1 : false
2024-05-29 20:06:33,501 [INFO] ADCParametersView:116 -                Rank 1 : false
2024-05-29 20:06:33,501 [INFO] ADCParametersView:116 -                Rank 1 : false
2024-05-29 20:06:33,501 [INFO] ADCParametersView:116 -                Rank 1 : false
2024-05-29 20:06:33,501 [INFO] ADCParametersView:116 -                Rank 1 : false
2024-05-29 20:06:33,501 [INFO] ADCParametersView:116 -                Rank 1 : false
2024-05-29 20:06:33,501 [INFO] ADCParametersView:116 -                Rank 1 : false
2024-05-29 20:06:33,501 [INFO] ADCParametersView:116 -                Rank 1 : false
2024-05-29 20:06:33,501 [INFO] ADCParametersView:116 -                Rank 1 : false
2024-05-29 20:06:33,501 [INFO] ADCParametersView:116 -                Rank 1 : false
2024-05-29 20:06:33,501 [INFO] ADCParametersView:116 -                Rank 1 : false
2024-05-29 20:06:33,501 [INFO] ADCParametersView:116 -                Rank 1 : false
2024-05-29 20:06:33,501 [INFO] ADCParametersView:116 -                Rank 1 : false
2024-05-29 20:06:33,501 [INFO] ADCParametersView:116 -                Rank 1 : false
2024-05-29 20:06:33,501 [INFO] ADCParametersView:116 -                Rank 1 : false
2024-05-29 20:06:33,501 [INFO] ADCParametersView:116 -                Rank 1 : false
2024-05-29 20:06:33,501 [INFO] ADCParametersView:116 -                Rank 1 : false
2024-05-29 20:06:33,501 [INFO] ADCParametersView:116 -                Rank 1 : false
2024-05-29 20:06:33,501 [INFO] ADCParametersView:116 -                Rank 1 : false
2024-05-29 20:06:33,501 [INFO] ADCParametersView:116 -                Rank 1 : false
2024-05-29 20:06:33,501 [INFO] ADCParametersView:116 -                Rank 1 : false
2024-05-29 20:06:33,509 [INFO] ADCParametersView:116 -                Rank 1 : false
2024-05-29 20:06:33,556 [INFO] ADCParametersView:116 -                Rank 1 : false
2024-05-29 20:06:33,556 [INFO] ADCParametersView:116 -                Rank 1 : false
2024-05-29 20:06:33,556 [INFO] ADCParametersView:116 -                Rank 1 : false
2024-05-29 20:06:33,556 [INFO] ADCParametersView:116 -                Rank 1 : false
2024-05-29 20:06:33,556 [INFO] ADCParametersView:116 -                Rank 1 : false
2024-05-29 20:06:33,556 [INFO] ADCParametersView:116 -                Rank 1 : false
2024-05-29 20:06:33,556 [INFO] ADCParametersView:116 -                Rank 1 : false
2024-05-29 20:06:33,556 [INFO] ADCParametersView:116 -                Rank 1 : false
2024-05-29 20:06:33,556 [INFO] ADCParametersView:116 -                Rank 1 : false
2024-05-29 20:06:33,556 [INFO] ADCParametersView:116 -                Rank 1 : false
2024-05-29 20:06:33,556 [INFO] ADCParametersView:116 -                Rank 1 : false
2024-05-29 20:06:33,556 [INFO] ADCParametersView:116 -                Rank 1 : false
2024-05-29 20:06:33,556 [INFO] ADCParametersView:116 -                Rank 1 : false
2024-05-29 20:06:33,556 [INFO] ADCParametersView:116 -                Rank 1 : false
2024-05-29 20:06:33,556 [INFO] ADCParametersView:116 -                Rank 1 : false
2024-05-29 20:06:33,556 [INFO] ADCParametersView:116 -                Rank 1 : false
2024-05-29 20:06:33,556 [INFO] ADCParametersView:116 -                Rank 1 : false
2024-05-29 20:06:33,556 [INFO] ADCParametersView:116 -                Rank 1 : false
2024-05-29 20:06:33,556 [INFO] ADCParametersView:116 -                Rank 1 : false
2024-05-29 20:06:33,556 [INFO] ADCParametersView:116 -                Rank 1 : false
2024-05-29 20:06:33,556 [INFO] ADCParametersView:116 -                Rank 1 : false
2024-05-29 20:06:33,563 [INFO] ADCParametersView:116 -                Rank 1 : false
2024-05-29 20:06:33,577 [INFO] ADCParametersView:116 -                Rank 1 : false
2024-05-29 20:06:33,577 [INFO] ADCParametersView:116 -                Rank 1 : false
2024-05-29 20:06:33,577 [INFO] ADCParametersView:116 -                Rank 1 : false
2024-05-29 20:06:33,577 [INFO] ADCParametersView:116 -                Rank 1 : false
2024-05-29 20:06:33,577 [INFO] ADCParametersView:116 -                Rank 1 : false
2024-05-29 20:06:33,577 [INFO] ADCParametersView:116 -                Rank 1 : false
2024-05-29 20:06:33,577 [INFO] ADCParametersView:116 -                Rank 1 : false
2024-05-29 20:06:33,577 [INFO] ADCParametersView:116 -                Rank 1 : false
2024-05-29 20:06:33,577 [INFO] ADCParametersView:116 -                Rank 1 : false
2024-05-29 20:06:33,577 [INFO] ADCParametersView:116 -                Rank 1 : false
2024-05-29 20:06:33,577 [INFO] ADCParametersView:116 -                Rank 1 : false
2024-05-29 20:06:33,577 [INFO] ADCParametersView:116 -                Rank 1 : false
2024-05-29 20:06:33,577 [INFO] ADCParametersView:116 -                Rank 1 : false
2024-05-29 20:06:33,577 [INFO] ADCParametersView:116 -                Rank 1 : false
2024-05-29 20:06:33,578 [INFO] ADCParametersView:116 -                Rank 1 : false
2024-05-29 20:06:33,578 [INFO] ADCParametersView:116 -                Rank 1 : false
2024-05-29 20:06:33,578 [INFO] ADCParametersView:116 -                Rank 1 : false
2024-05-29 20:06:33,578 [INFO] ADCParametersView:116 -                Rank 1 : false
2024-05-29 20:06:33,578 [INFO] ADCParametersView:116 -                Rank 1 : false
2024-05-29 20:06:33,578 [INFO] ADCParametersView:116 -                Rank 1 : false
2024-05-29 20:06:33,578 [INFO] ADCParametersView:116 -                Rank 1 : false
2024-05-29 20:06:33,584 [INFO] ADCParametersView:116 -                Rank 1 : false
2024-05-29 20:06:33,685 [INFO] ADCParametersView:116 -                Rank 1 : false
2024-05-29 20:06:33,685 [INFO] ADCParametersView:116 -                Rank 1 : false
2024-05-29 20:06:33,685 [INFO] ADCParametersView:116 -                Rank 1 : false
2024-05-29 20:06:33,685 [INFO] ADCParametersView:116 -                Rank 1 : false
2024-05-29 20:06:33,685 [INFO] ADCParametersView:116 -                Rank 1 : false
2024-05-29 20:06:33,685 [INFO] ADCParametersView:116 -                Rank 1 : false
2024-05-29 20:06:33,685 [INFO] ADCParametersView:116 -                Rank 1 : false
2024-05-29 20:06:33,685 [INFO] ADCParametersView:116 -                Rank 1 : false
2024-05-29 20:06:33,685 [INFO] ADCParametersView:116 -                Rank 1 : false
2024-05-29 20:06:33,685 [INFO] ADCParametersView:116 -                Rank 1 : false
2024-05-29 20:06:33,685 [INFO] ADCParametersView:116 -                Rank 1 : false
2024-05-29 20:06:33,685 [INFO] ADCParametersView:116 -                Rank 1 : false
2024-05-29 20:06:33,685 [INFO] ADCParametersView:116 -                Rank 1 : false
2024-05-29 20:06:33,685 [INFO] ADCParametersView:116 -                Rank 1 : false
2024-05-29 20:06:33,685 [INFO] ADCParametersView:116 -                Rank 1 : false
2024-05-29 20:06:33,685 [INFO] ADCParametersView:116 -                Rank 1 : false
2024-05-29 20:06:33,685 [INFO] ADCParametersView:116 -                Rank 1 : false
2024-05-29 20:06:33,685 [INFO] ADCParametersView:116 -                Rank 1 : false
2024-05-29 20:06:33,685 [INFO] ADCParametersView:116 -                Rank 1 : false
2024-05-29 20:06:33,685 [INFO] ADCParametersView:116 -                Rank 1 : false
2024-05-29 20:06:33,685 [INFO] ADCParametersView:116 -                Rank 1 : false
2024-05-29 20:06:33,696 [INFO] ADCParametersView:116 -                Rank 1 : false
2024-05-29 20:06:33,721 [INFO] ADCParametersView:116 -                Rank 1 : false
2024-05-29 20:06:33,721 [INFO] ADCParametersView:116 -                Rank 1 : false
2024-05-29 20:06:33,721 [INFO] ADCParametersView:116 -                Rank 1 : false
2024-05-29 20:06:33,721 [INFO] ADCParametersView:116 -                Rank 1 : false
2024-05-29 20:06:33,721 [INFO] ADCParametersView:116 -                Rank 1 : false
2024-05-29 20:06:33,721 [INFO] ADCParametersView:116 -                Rank 1 : false
2024-05-29 20:06:33,721 [INFO] ADCParametersView:116 -                Rank 1 : false
2024-05-29 20:06:33,721 [INFO] ADCParametersView:116 -                Rank 1 : false
2024-05-29 20:06:33,721 [INFO] ADCParametersView:116 -                Rank 1 : false
2024-05-29 20:06:33,721 [INFO] ADCParametersView:116 -                Rank 1 : false
2024-05-29 20:06:33,721 [INFO] ADCParametersView:116 -                Rank 1 : false
2024-05-29 20:06:33,721 [INFO] ADCParametersView:116 -                Rank 1 : false
2024-05-29 20:06:33,721 [INFO] ADCParametersView:116 -                Rank 1 : false
2024-05-29 20:06:33,721 [INFO] ADCParametersView:116 -                Rank 1 : false
2024-05-29 20:06:33,721 [INFO] ADCParametersView:116 -                Rank 1 : false
2024-05-29 20:06:33,721 [INFO] ADCParametersView:116 -                Rank 1 : false
2024-05-29 20:06:33,721 [INFO] ADCParametersView:116 -                Rank 1 : false
2024-05-29 20:06:33,721 [INFO] ADCParametersView:116 -                Rank 1 : false
2024-05-29 20:06:33,721 [INFO] ADCParametersView:116 -                Rank 1 : false
2024-05-29 20:06:33,721 [INFO] ADCParametersView:116 -                Rank 1 : false
2024-05-29 20:06:33,721 [INFO] ADCParametersView:116 -                Rank 1 : false
2024-05-29 20:06:33,732 [INFO] ADCParametersView:116 -                Rank 1 : false
2024-05-29 20:06:35,375 [INFO] ADCParametersView:116 -                Rank 1 : false
2024-05-29 20:06:35,375 [INFO] ADCParametersView:116 -                Rank 1 : false
2024-05-29 20:06:35,375 [INFO] ADCParametersView:116 -                Rank 1 : false
2024-05-29 20:06:35,375 [INFO] ADCParametersView:116 -                Rank 1 : false
2024-05-29 20:06:35,375 [INFO] ADCParametersView:116 -                Rank 1 : false
2024-05-29 20:06:35,375 [INFO] ADCParametersView:116 -                Rank 1 : false
2024-05-29 20:06:35,375 [INFO] ADCParametersView:116 -                Rank 1 : false
2024-05-29 20:06:35,375 [INFO] ADCParametersView:116 -                Rank 1 : false
2024-05-29 20:06:35,375 [INFO] ADCParametersView:116 -                Rank 1 : false
2024-05-29 20:06:35,375 [INFO] ADCParametersView:116 -                Rank 1 : false
2024-05-29 20:06:35,375 [INFO] ADCParametersView:116 -                Rank 1 : false
2024-05-29 20:06:35,375 [INFO] ADCParametersView:116 -                Rank 1 : false
2024-05-29 20:06:35,375 [INFO] ADCParametersView:116 -                Rank 1 : false
2024-05-29 20:06:35,375 [INFO] ADCParametersView:116 -                Rank 1 : false
2024-05-29 20:06:35,375 [INFO] ADCParametersView:116 -                Rank 1 : false
2024-05-29 20:06:35,375 [INFO] ADCParametersView:116 -                Rank 1 : false
2024-05-29 20:06:35,375 [INFO] ADCParametersView:116 -                Rank 1 : false
2024-05-29 20:06:35,375 [INFO] ADCParametersView:116 -                Rank 1 : false
2024-05-29 20:06:35,375 [INFO] ADCParametersView:116 -                Rank 1 : false
2024-05-29 20:06:35,375 [INFO] ADCParametersView:116 -                Rank 1 : false
2024-05-29 20:06:35,375 [INFO] ADCParametersView:116 -                Rank 1 : false
2024-05-29 20:06:35,383 [INFO] ADCParametersView:116 -                Rank 1 : false
2024-05-29 20:06:35,397 [INFO] ADCParametersView:116 -                Rank 1 : false
2024-05-29 20:06:35,397 [INFO] ADCParametersView:116 -                Rank 1 : false
2024-05-29 20:06:35,397 [INFO] ADCParametersView:116 -                Rank 1 : false
2024-05-29 20:06:35,397 [INFO] ADCParametersView:116 -                Rank 1 : false
2024-05-29 20:06:35,397 [INFO] ADCParametersView:116 -                Rank 1 : false
2024-05-29 20:06:35,397 [INFO] ADCParametersView:116 -                Rank 1 : false
2024-05-29 20:06:35,397 [INFO] ADCParametersView:116 -                Rank 1 : false
2024-05-29 20:06:35,397 [INFO] ADCParametersView:116 -                Rank 1 : false
2024-05-29 20:06:35,397 [INFO] ADCParametersView:116 -                Rank 1 : false
2024-05-29 20:06:35,397 [INFO] ADCParametersView:116 -                Rank 1 : false
2024-05-29 20:06:35,397 [INFO] ADCParametersView:116 -                Rank 1 : false
2024-05-29 20:06:35,397 [INFO] ADCParametersView:116 -                Rank 1 : false
2024-05-29 20:06:35,397 [INFO] ADCParametersView:116 -                Rank 1 : false
2024-05-29 20:06:35,397 [INFO] ADCParametersView:116 -                Rank 1 : false
2024-05-29 20:06:35,397 [INFO] ADCParametersView:116 -                Rank 1 : false
2024-05-29 20:06:35,397 [INFO] ADCParametersView:116 -                Rank 1 : false
2024-05-29 20:06:35,397 [INFO] ADCParametersView:116 -                Rank 1 : false
2024-05-29 20:06:35,397 [INFO] ADCParametersView:116 -                Rank 1 : false
2024-05-29 20:06:35,397 [INFO] ADCParametersView:116 -                Rank 1 : false
2024-05-29 20:06:35,397 [INFO] ADCParametersView:116 -                Rank 1 : false
2024-05-29 20:06:35,397 [INFO] ADCParametersView:116 -                Rank 1 : false
2024-05-29 20:06:35,405 [INFO] ADCParametersView:116 -                Rank 1 : false
2024-05-29 20:06:35,461 [INFO] ADCParametersView:116 -                Rank 1 : false
2024-05-29 20:06:35,461 [INFO] ADCParametersView:116 -                Rank 1 : false
2024-05-29 20:06:35,461 [INFO] ADCParametersView:116 -                Rank 1 : false
2024-05-29 20:06:35,462 [INFO] ADCParametersView:116 -                Rank 1 : false
2024-05-29 20:06:35,462 [INFO] ADCParametersView:116 -                Rank 1 : false
2024-05-29 20:06:35,462 [INFO] ADCParametersView:116 -                Rank 1 : false
2024-05-29 20:06:35,462 [INFO] ADCParametersView:116 -                Rank 1 : false
2024-05-29 20:06:35,462 [INFO] ADCParametersView:116 -                Rank 1 : false
2024-05-29 20:06:35,462 [INFO] ADCParametersView:116 -                Rank 1 : false
2024-05-29 20:06:35,462 [INFO] ADCParametersView:116 -                Rank 1 : false
2024-05-29 20:06:35,462 [INFO] ADCParametersView:116 -                Rank 1 : false
2024-05-29 20:06:35,462 [INFO] ADCParametersView:116 -                Rank 1 : false
2024-05-29 20:06:35,462 [INFO] ADCParametersView:116 -                Rank 1 : false
2024-05-29 20:06:35,462 [INFO] ADCParametersView:116 -                Rank 1 : false
2024-05-29 20:06:35,462 [INFO] ADCParametersView:116 -                Rank 1 : false
2024-05-29 20:06:35,462 [INFO] ADCParametersView:116 -                Rank 1 : false
2024-05-29 20:06:35,462 [INFO] ADCParametersView:116 -                Rank 1 : false
2024-05-29 20:06:35,462 [INFO] ADCParametersView:116 -                Rank 1 : false
2024-05-29 20:06:35,462 [INFO] ADCParametersView:116 -                Rank 1 : false
2024-05-29 20:06:35,462 [INFO] ADCParametersView:116 -                Rank 1 : false
2024-05-29 20:06:35,462 [INFO] ADCParametersView:116 -                Rank 1 : false
2024-05-29 20:06:35,468 [INFO] ADCParametersView:116 -                Rank 1 : false
2024-05-29 20:06:35,481 [INFO] ADCParametersView:116 -                Rank 1 : false
2024-05-29 20:06:35,481 [INFO] ADCParametersView:116 -                Rank 1 : false
2024-05-29 20:06:35,481 [INFO] ADCParametersView:116 -                Rank 1 : false
2024-05-29 20:06:35,481 [INFO] ADCParametersView:116 -                Rank 1 : false
2024-05-29 20:06:35,481 [INFO] ADCParametersView:116 -                Rank 1 : false
2024-05-29 20:06:35,481 [INFO] ADCParametersView:116 -                Rank 1 : false
2024-05-29 20:06:35,481 [INFO] ADCParametersView:116 -                Rank 1 : false
2024-05-29 20:06:35,481 [INFO] ADCParametersView:116 -                Rank 1 : false
2024-05-29 20:06:35,481 [INFO] ADCParametersView:116 -                Rank 1 : false
2024-05-29 20:06:35,481 [INFO] ADCParametersView:116 -                Rank 1 : false
2024-05-29 20:06:35,481 [INFO] ADCParametersView:116 -                Rank 1 : false
2024-05-29 20:06:35,481 [INFO] ADCParametersView:116 -                Rank 1 : false
2024-05-29 20:06:35,481 [INFO] ADCParametersView:116 -                Rank 1 : false
2024-05-29 20:06:35,481 [INFO] ADCParametersView:116 -                Rank 1 : false
2024-05-29 20:06:35,481 [INFO] ADCParametersView:116 -                Rank 1 : false
2024-05-29 20:06:35,481 [INFO] ADCParametersView:116 -                Rank 1 : false
2024-05-29 20:06:35,481 [INFO] ADCParametersView:116 -                Rank 1 : false
2024-05-29 20:06:35,481 [INFO] ADCParametersView:116 -                Rank 1 : false
2024-05-29 20:06:35,481 [INFO] ADCParametersView:116 -                Rank 1 : false
2024-05-29 20:06:35,481 [INFO] ADCParametersView:116 -                Rank 1 : false
2024-05-29 20:06:35,481 [INFO] ADCParametersView:116 -                Rank 1 : false
2024-05-29 20:06:35,487 [INFO] ADCParametersView:116 -                Rank 1 : false
2024-05-29 20:06:35,565 [INFO] ADCParametersView:116 -                Rank 1 : false
2024-05-29 20:06:35,566 [INFO] ADCParametersView:116 -                Rank 1 : false
2024-05-29 20:06:35,566 [INFO] ADCParametersView:116 -                Rank 1 : false
2024-05-29 20:06:35,566 [INFO] ADCParametersView:116 -                Rank 1 : false
2024-05-29 20:06:35,566 [INFO] ADCParametersView:116 -                Rank 1 : false
2024-05-29 20:06:35,566 [INFO] ADCParametersView:116 -                Rank 1 : false
2024-05-29 20:06:35,566 [INFO] ADCParametersView:116 -                Rank 1 : false
2024-05-29 20:06:35,566 [INFO] ADCParametersView:116 -                Rank 1 : false
2024-05-29 20:06:35,566 [INFO] ADCParametersView:116 -                Rank 1 : false
2024-05-29 20:06:35,566 [INFO] ADCParametersView:116 -                Rank 1 : false
2024-05-29 20:06:35,566 [INFO] ADCParametersView:116 -                Rank 1 : false
2024-05-29 20:06:35,566 [INFO] ADCParametersView:116 -                Rank 1 : false
2024-05-29 20:06:35,566 [INFO] ADCParametersView:116 -                Rank 1 : false
2024-05-29 20:06:35,566 [INFO] ADCParametersView:116 -                Rank 1 : false
2024-05-29 20:06:35,566 [INFO] ADCParametersView:116 -                Rank 1 : false
2024-05-29 20:06:35,566 [INFO] ADCParametersView:116 -                Rank 1 : false
2024-05-29 20:06:35,566 [INFO] ADCParametersView:116 -                Rank 1 : false
2024-05-29 20:06:35,566 [INFO] ADCParametersView:116 -                Rank 1 : false
2024-05-29 20:06:35,566 [INFO] ADCParametersView:116 -                Rank 1 : false
2024-05-29 20:06:35,566 [INFO] ADCParametersView:116 -                Rank 1 : false
2024-05-29 20:06:35,566 [INFO] ADCParametersView:116 -                Rank 1 : false
2024-05-29 20:06:35,573 [INFO] ADCParametersView:116 -                Rank 1 : false
2024-05-29 20:06:35,583 [INFO] ADCParametersView:116 -                Rank 1 : false
2024-05-29 20:06:35,583 [INFO] ADCParametersView:116 -                Rank 1 : false
2024-05-29 20:06:35,583 [INFO] ADCParametersView:116 -                Rank 1 : false
2024-05-29 20:06:35,583 [INFO] ADCParametersView:116 -                Rank 1 : false
2024-05-29 20:06:35,583 [INFO] ADCParametersView:116 -                Rank 1 : false
2024-05-29 20:06:35,583 [INFO] ADCParametersView:116 -                Rank 1 : false
2024-05-29 20:06:35,583 [INFO] ADCParametersView:116 -                Rank 1 : false
2024-05-29 20:06:35,583 [INFO] ADCParametersView:116 -                Rank 1 : false
2024-05-29 20:06:35,583 [INFO] ADCParametersView:116 -                Rank 1 : false
2024-05-29 20:06:35,583 [INFO] ADCParametersView:116 -                Rank 1 : false
2024-05-29 20:06:35,583 [INFO] ADCParametersView:116 -                Rank 1 : false
2024-05-29 20:06:35,583 [INFO] ADCParametersView:116 -                Rank 1 : false
2024-05-29 20:06:35,583 [INFO] ADCParametersView:116 -                Rank 1 : false
2024-05-29 20:06:35,583 [INFO] ADCParametersView:116 -                Rank 1 : false
2024-05-29 20:06:35,583 [INFO] ADCParametersView:116 -                Rank 1 : false
2024-05-29 20:06:35,583 [INFO] ADCParametersView:116 -                Rank 1 : false
2024-05-29 20:06:35,583 [INFO] ADCParametersView:116 -                Rank 1 : false
2024-05-29 20:06:35,583 [INFO] ADCParametersView:116 -                Rank 1 : false
2024-05-29 20:06:35,583 [INFO] ADCParametersView:116 -                Rank 1 : false
2024-05-29 20:06:35,583 [INFO] ADCParametersView:116 -                Rank 1 : false
2024-05-29 20:06:35,583 [INFO] ADCParametersView:116 -                Rank 1 : false
2024-05-29 20:06:35,588 [INFO] ADCParametersView:116 -                Rank 1 : false
2024-05-29 20:40:34,400 [INFO] UtilMem:75 - End SaveConfig() Used Memory: 710914008 Bytes (1073741824)
2024-05-29 20:40:35,322 [INFO] UtilMem:75 - End SaveConfig() Used Memory: 734824472 Bytes (1073741824)
2024-05-29 20:40:35,489 [INFO] UtilMem:75 - End SaveConfig() Used Memory: 765755416 Bytes (1073741824)
2024-05-29 20:40:35,798 [INFO] BlockDiagram:2759 - set Specific Code input for plugin: TIM1_8G4
2024-05-29 20:40:35,798 [INFO] BlockDiagram:2759 - set Specific Code input for plugin: TIM1_8G4
2024-05-29 20:40:35,798 [INFO] BlockDiagram:2759 - set Specific Code input for plugin: ADC
2024-05-29 20:40:35,798 [INFO] BlockDiagram:2759 - set Specific Code input for plugin: ADC
2024-05-29 20:40:35,798 [INFO] BlockDiagram:2759 - set Specific Code input for plugin: SYS
2024-05-29 20:40:35,798 [INFO] BlockDiagram:2759 - set Specific Code input for plugin: ADC
2024-05-29 20:40:35,798 [INFO] BlockDiagram:2759 - set Specific Code input for plugin: ADC
2024-05-29 20:40:35,798 [INFO] BlockDiagram:2759 - set Specific Code input for plugin: RCC
2024-05-29 20:40:35,798 [INFO] BlockDiagram:2759 - set Specific Code input for plugin: NVIC
2024-05-29 20:40:35,798 [INFO] BlockDiagram:2759 - set Specific Code input for plugin: USART
2024-05-29 20:40:35,798 [INFO] BlockDiagram:2759 - set Specific Code input for plugin: GPIO
2024-05-29 20:40:35,799 [INFO] CodeGenerator:807 - code generatio: config db path: C:/Users/saksh/.stm32cubemx/databases/DB.6.0.100/db/
2024-05-29 20:40:35,925 [INFO] CodeEngine:255 - oldGeneratedFile, D:\Download\DeleteThis\CurrentController\MXTmpFiles\license.tmp_save
2024-05-29 20:40:36,181 [INFO] CodeEngine:279 - Generated code: D:\Download\DeleteThis\CurrentController\MXTmpFiles\license.tmp
2024-05-29 20:40:36,293 [INFO] CodeEngine:255 - oldGeneratedFile, D:\Download\DeleteThis\CurrentController\MXTmpFiles\gpio.tmp_save
2024-05-29 20:40:36,404 [INFO] CodeEngine:279 - Generated code: D:\Download\DeleteThis\CurrentController\MXTmpFiles\gpio.tmp
2024-05-29 20:40:36,855 [INFO] CodeEngine:255 - oldGeneratedFile, D:\Download\DeleteThis\CurrentController\Core\Src\stm32g4xx_it.c_save
2024-05-29 20:40:36,991 [INFO] CodeEngine:279 - Generated code: D:\Download\DeleteThis\CurrentController\Core\Src\stm32g4xx_it.c
2024-05-29 20:40:37,010 [INFO] CodeEngine:255 - oldGeneratedFile, D:\Download\DeleteThis\CurrentController\Core\Inc\stm32g4xx_it.h_save
2024-05-29 20:40:37,061 [INFO] CodeEngine:279 - Generated code: D:\Download\DeleteThis\CurrentController\Core\Inc\stm32g4xx_it.h
2024-05-29 20:40:37,085 [INFO] CodeEngine:255 - oldGeneratedFile, D:\Download\DeleteThis\CurrentController\Core\Src\stm32g4xx_hal_msp.c_save
2024-05-29 20:40:37,232 [INFO] CodeEngine:279 - Generated code: D:\Download\DeleteThis\CurrentController\Core\Src\stm32g4xx_hal_msp.c
2024-05-29 20:40:37,245 [INFO] CodeEngine:255 - oldGeneratedFile, D:\Download\DeleteThis\CurrentController\MXTmpFiles\system.tmp_save
2024-05-29 20:40:37,305 [INFO] CodeEngine:279 - Generated code: D:\Download\DeleteThis\CurrentController\MXTmpFiles\system.tmp
2024-05-29 20:40:37,328 [INFO] CodeEngine:311 - oldGeneratedFile, D:\Download\DeleteThis\CurrentController\Core\Inc\stm32g4xx_hal_conf.h_save
2024-05-29 20:40:37,389 [INFO] CodeEngine:335 - Generated code: D:\Download\DeleteThis\CurrentController\Core\Inc\stm32g4xx_hal_conf.h
2024-05-29 20:40:37,418 [WARN] IPConfigManager:2982 - Warning: the RefConfig RCC_CommonPeriphClockConfig is not available in your config.xml file
2024-05-29 20:40:37,420 [WARN] IPConfigManager:3513 - IP not found : TIM
2024-05-29 20:40:37,422 [WARN] CodeGenerator:3951 - IP not found : null
2024-05-29 20:40:37,443 [INFO] CodeEngine:255 - oldGeneratedFile, D:\Download\DeleteThis\CurrentController\Core\Inc\main.h_save
2024-05-29 20:40:37,553 [INFO] CodeEngine:279 - Generated code: D:\Download\DeleteThis\CurrentController\Core\Inc\main.h
2024-05-29 20:40:37,573 [INFO] CodeEngine:255 - oldGeneratedFile, D:\Download\DeleteThis\CurrentController\Core\Src\main.c_save
2024-05-29 20:40:37,739 [INFO] CodeEngine:279 - Generated code: D:\Download\DeleteThis\CurrentController\Core\Src\main.c
2024-05-29 20:40:37,948 [INFO] ProjectBuilder:3163 - Time for Copy HAL[1] : 115mS.
2024-05-29 20:40:37,951 [INFO] ProjectBuilder:4736 - Project Generator version: 4.3.0-B58
2024-05-29 20:40:38,011 [INFO] ConfigFileManager:1503 - The Die is : DIE469
2024-05-29 20:40:38,026 [INFO] ApiDbMcu:508 - Load IP Config File for FATFS
2024-05-29 20:40:38,036 [INFO] ApiDbMcu:508 - Load IP Config File for FREERTOS
2024-05-29 20:40:38,047 [INFO] ApiDbMcu:508 - Load IP Config File for USBPD
2024-05-29 20:40:38,060 [INFO] ApiDbMcu:508 - Load IP Config File for USB_Device
2024-05-29 20:40:38,561 [INFO] LogOutputStream:77 - [STDOUT_REDIRECT] 
2024-05-29 20:40:39,927 [INFO] ProjectBuilder:5002 - Time for Generating toolchain IDE Files: 1975mS.
2024-05-29 20:40:39,928 [INFO] ProjectBuilder:3034 - Time for Copy CMSIS : 1mS.
2024-05-29 20:40:39,929 [INFO] ProjectBuilder:3034 - Time for Copy CMSIS : 0mS.
2024-05-29 20:40:40,848 [ERROR] LogOutputStream:75 - [STDERR_REDIRECT] 
