2025-02-03 17:10:16,139 [INFO] Activator:176 - 


2025-02-03 17:10:16,142 [INFO] Activator:177 - !SESSION log4j initialized
2025-02-03 17:10:21,551 [INFO] LogOutputStream:77 - [STDOUT_REDIRECT] 
2025-02-03 17:10:26,003 [INFO] ApplicationProperties:184 - Using Application install path: C:\ST\STM32CubeIDE_1.10.1\STM32CubeIDE\plugins\com.st.stm32cube.common.mx_6.11.1.202404110753
2025-02-03 17:10:26,018 [INFO] DbMcusXml:78 - Set database path to: C:\ST\STM32CubeIDE_1.10.1\STM32CubeIDE\plugins\com.st.stm32cube.common.mx_6.11.1.202404110753\\db\/mcu/
2025-02-03 17:10:26,019 [INFO] ApiDb:274 - Set plugin database path to: C:\ST\STM32CubeIDE_1.10.1\STM32CubeIDE\plugins\com.st.stm32cube.common.mx_6.11.1.202404110753\\db\/plugins/boardmanager/
2025-02-03 17:10:26,019 [WARN] ApiDb:259 - Overriding images path with different value:  => C:\ST\STM32CubeIDE_1.10.1\STM32CubeIDE\plugins\com.st.stm32cube.common.mx_6.11.1.202404110753\\db\/plugins/mcufinder/images/
2025-02-03 17:10:26,025 [INFO] ApiDb:250 - Set database path to: C:\Users\saksh\.stmcufinder\plugins\mcufinder//mcu/
2025-02-03 17:10:26,026 [INFO] DbMcusAds:125 - Set database path to: C:\Users\saksh\.stmcufinder\plugins\mcufinder//mcu/
2025-02-03 17:10:26,027 [INFO] CrossReferenceDbSqlite:203 - Set database path to: C:\Users\saksh\.stmcufinder\plugins\mcufinder//mcu/cs/
2025-02-03 17:10:26,102 [INFO] RulesReader:64 - Compatibility file has been processed (297 Rules)
2025-02-03 17:10:26,156 [INFO] DbMcusXml:78 - Set database path to: C:\ST\STM32CubeIDE_1.10.1\STM32CubeIDE\plugins\com.st.stm32cube.common.mx_6.11.1.202404110753\\db\/mcu/
2025-02-03 17:10:26,156 [INFO] ApiDb:274 - Set plugin database path to: C:\ST\STM32CubeIDE_1.10.1\STM32CubeIDE\plugins\com.st.stm32cube.common.mx_6.11.1.202404110753\\db\/plugins/boardmanager/
2025-02-03 17:10:26,158 [INFO] ApiDb:261 - Set plugin images path to: C:\ST\STM32CubeIDE_1.10.1\STM32CubeIDE\plugins\com.st.stm32cube.common.mx_6.11.1.202404110753\\db\/plugins/mcufinder/images/
2025-02-03 17:10:26,158 [WARN] DbFile:41 - Overriding database path with different value: C:\Users\saksh\.stmcufinder\plugins\mcufinder/ => C:\Users\saksh\.stmcufinder\plugins\mcufinder
2025-02-03 17:10:26,158 [INFO] ApiDb:250 - Set database path to: C:\Users\saksh\.stmcufinder\plugins\mcufinder//mcu/
2025-02-03 17:10:26,158 [WARN] DbFile:41 - Overriding database path with different value: C:\Users\saksh\.stmcufinder\plugins\mcufinder/ => C:\Users\saksh\.stmcufinder\plugins\mcufinder
2025-02-03 17:10:26,158 [INFO] DbMcusAds:125 - Set database path to: C:\Users\saksh\.stmcufinder\plugins\mcufinder//mcu/
2025-02-03 17:10:26,158 [WARN] DbFile:41 - Overriding database path with different value: C:\Users\saksh\.stmcufinder\plugins\mcufinder/ => C:\Users\saksh\.stmcufinder\plugins\mcufinder
2025-02-03 17:10:26,158 [WARN] DbFile:41 - Overriding database path with different value: C:\Users\saksh\.stmcufinder\plugins\mcufinder/ => C:\Users\saksh\.stmcufinder\plugins\mcufinder
2025-02-03 17:10:26,158 [INFO] CrossReferenceDbSqlite:203 - Set database path to: C:\Users\saksh\.stmcufinder\plugins\mcufinder//mcu/cs/
2025-02-03 17:10:26,210 [INFO] MainPanel:264 - HeapMemory: 429916160
2025-02-03 17:10:26,275 [INFO] DbMcusXml:78 - Set database path to: C:\ST\STM32CubeIDE_1.10.1\STM32CubeIDE\plugins\com.st.stm32cube.common.mx_6.11.1.202404110753\\db\/mcu/
2025-02-03 17:10:26,275 [INFO] ApiDb:274 - Set plugin database path to: C:\ST\STM32CubeIDE_1.10.1\STM32CubeIDE\plugins\com.st.stm32cube.common.mx_6.11.1.202404110753\\db\/plugins/boardmanager/
2025-02-03 17:10:26,275 [INFO] ApiDb:261 - Set plugin images path to: C:\ST\STM32CubeIDE_1.10.1\STM32CubeIDE\plugins\com.st.stm32cube.common.mx_6.11.1.202404110753\\db\/plugins/mcufinder/images/
2025-02-03 17:10:26,275 [WARN] DbFile:41 - Overriding database path with different value: C:\Users\saksh\.stmcufinder\plugins\mcufinder/ => C:\Users\saksh\.stmcufinder\plugins\mcufinder
2025-02-03 17:10:26,275 [INFO] ApiDb:250 - Set database path to: C:\Users\saksh\.stmcufinder\plugins\mcufinder//mcu/
2025-02-03 17:10:26,275 [WARN] DbFile:41 - Overriding database path with different value: C:\Users\saksh\.stmcufinder\plugins\mcufinder/ => C:\Users\saksh\.stmcufinder\plugins\mcufinder
2025-02-03 17:10:26,275 [INFO] DbMcusAds:125 - Set database path to: C:\Users\saksh\.stmcufinder\plugins\mcufinder//mcu/
2025-02-03 17:10:26,275 [WARN] DbFile:41 - Overriding database path with different value: C:\Users\saksh\.stmcufinder\plugins\mcufinder/ => C:\Users\saksh\.stmcufinder\plugins\mcufinder
2025-02-03 17:10:26,275 [WARN] DbFile:41 - Overriding database path with different value: C:\Users\saksh\.stmcufinder\plugins\mcufinder/ => C:\Users\saksh\.stmcufinder\plugins\mcufinder
2025-02-03 17:10:26,275 [INFO] CrossReferenceDbSqlite:203 - Set database path to: C:\Users\saksh\.stmcufinder\plugins\mcufinder//mcu/cs/
2025-02-03 17:10:26,289 [INFO] ApplicationProperties:184 - Using Application install path: C:\ST\STM32CubeIDE_1.10.1\STM32CubeIDE\plugins\com.st.stm32cube.common.mx_6.11.1.202404110753
2025-02-03 17:10:26,290 [INFO] PluginManage:196 - Search for loadable plugins [exclusion list=, ]
2025-02-03 17:10:26,291 [INFO] PluginManage:310 - Check plugin analytics
2025-02-03 17:10:26,400 [INFO] AnalyticsPlugin:253 - Accepted Software Licenses: 
2025-02-03 17:10:26,401 [INFO] AnalyticsPlugin:255 - Accepted CMSIS Pack Licenses: 
2025-02-03 17:10:26,401 [INFO] AnalyticsPlugin:257 - Accepted Firmware Licenses: FW.H7.1.10.0,FW.G4.1.5.0
2025-02-03 17:10:26,403 [INFO] PluginManage:359 - Loaded plugin analytics (category:tool,tabindex:-1)
2025-02-03 17:10:26,403 [INFO] PluginManage:310 - Check plugin cadmodel
2025-02-03 17:10:26,416 [INFO] CADModel:105 - Init CAD model plugin
2025-02-03 17:10:26,416 [INFO] PluginManage:359 - Loaded plugin cadmodel (category:power,tabindex:5)
2025-02-03 17:10:26,416 [INFO] PluginManage:310 - Check plugin clock
2025-02-03 17:10:26,433 [INFO] PluginManage:359 - Loaded plugin clock (category:base,tabindex:2)
2025-02-03 17:10:26,433 [INFO] PluginManage:310 - Check plugin ddr
2025-02-03 17:10:26,434 [INFO] PluginManage:359 - Loaded plugin ddr (category:tool,tabindex:6)
2025-02-03 17:10:26,435 [INFO] PluginManage:310 - Check plugin filemanager
2025-02-03 17:10:26,522 [INFO] PluginManage:359 - Loaded plugin filemanager (category:base,tabindex:10)
2025-02-03 17:10:26,523 [INFO] PluginManage:310 - Check plugin ipmanager
2025-02-03 17:10:26,527 [INFO] PluginManage:359 - Loaded plugin ipmanager (category:base,tabindex:5)
2025-02-03 17:10:26,527 [INFO] PluginManage:310 - Check plugin lpbam
2025-02-03 17:10:26,544 [INFO] PluginManage:359 - Loaded plugin lpbam (category:base,tabindex:0)
2025-02-03 17:10:26,544 [INFO] PluginManage:310 - Check plugin memorymap
2025-02-03 17:10:26,562 [INFO] PluginManage:359 - Loaded plugin memorymap (category:base,tabindex:4)
2025-02-03 17:10:26,563 [INFO] PluginManage:310 - Check plugin pinoutandconfiguration
2025-02-03 17:10:26,575 [INFO] PluginManage:359 - Loaded plugin pinoutandconfiguration (category:base,tabindex:1)
2025-02-03 17:10:26,575 [INFO] PluginManage:310 - Check plugin pinoutconfig
2025-02-03 17:10:26,642 [WARN] SupportedApi:132 - Cannot load RTOS API schema: s4s-elt-must-match.1: The content of 'definitions' must match (annotation?, (simpleType | complexType)?, (unique | key | keyref)*)). A problem was found starting at: attribute.
2025-02-03 17:10:26,735 [INFO] PluginManage:359 - Loaded plugin pinoutconfig (category:base,tabindex:0)
2025-02-03 17:10:26,735 [INFO] PluginManage:310 - Check plugin power
2025-02-03 17:10:26,752 [INFO] PluginManage:359 - Loaded plugin power (category:power,tabindex:4)
2025-02-03 17:10:26,752 [INFO] PluginManage:310 - Check plugin projectmanager
2025-02-03 17:10:26,762 [INFO] PluginManage:359 - Loaded plugin projectmanager (category:projectmanager,tabindex:3)
2025-02-03 17:10:26,762 [INFO] PluginManage:310 - Check plugin thirdparty
2025-02-03 17:10:26,970 [INFO] PluginManage:359 - Loaded plugin thirdparty (category:base,tabindex:-1)
2025-02-03 17:10:26,970 [INFO] PluginManage:310 - Check plugin tools
2025-02-03 17:10:26,970 [WARN] IntegrityCheckThread:84 - waiting for thirdparty lock release [integrity check]
2025-02-03 17:10:26,970 [INFO] IntegrityCheckThread:86 - entering critical section [integrity check]
2025-02-03 17:10:26,971 [INFO] ThirdPartyUpdaterWithRetryManager:70 - Updater plugin not ready yet. [1/15]
2025-02-03 17:10:26,999 [INFO] PluginManage:359 - Loaded plugin tools (category:base,tabindex:7)
2025-02-03 17:10:27,000 [INFO] PluginManage:310 - Check plugin tutovideos
2025-02-03 17:10:27,139 [INFO] PluginManage:359 - Loaded plugin tutovideos (category:base,tabindex:-1)
2025-02-03 17:10:27,139 [INFO] PluginManage:310 - Check plugin updater
2025-02-03 17:10:27,146 [INFO] PluginManage:359 - Loaded plugin updater (category:base,tabindex:12)
2025-02-03 17:10:27,146 [INFO] PluginManage:310 - Check plugin userauth
2025-02-03 17:10:27,151 [INFO] UserAuth:114 - Init User Auth plugin
2025-02-03 17:10:27,151 [INFO] PluginManage:359 - Loaded plugin userauth (category:base,tabindex:14)
2025-02-03 17:10:27,152 [INFO] PluginManage:283 - PluginManage : Loaded plugins [17]
2025-02-03 17:10:27,305 [INFO] PinOutPanel:1561 - setPackage(No Configuration,No Configuration)
2025-02-03 17:10:27,350 [INFO] CADModel:165 - CPN selected for project level
2025-02-03 17:10:27,350 [INFO] CADModel:114 - Register for checkConnection events
2025-02-03 17:10:27,369 [INFO] IPUIPlugin:80 - create IPUIPlugin
2025-02-03 17:10:27,369 [INFO] PluginManager:220 - loadIPPluginJar : add adc
2025-02-03 17:10:27,393 [INFO] IPUIPlugin:80 - create IPUIPlugin
2025-02-03 17:10:27,393 [INFO] PluginManager:220 - loadIPPluginJar : add aes
2025-02-03 17:10:27,427 [INFO] IPUIPlugin:80 - create IPUIPlugin
2025-02-03 17:10:27,427 [INFO] PluginManager:220 - loadIPPluginJar : add can
2025-02-03 17:10:27,446 [INFO] IPUIPlugin:80 - create IPUIPlugin
2025-02-03 17:10:27,448 [INFO] PluginManager:220 - loadIPPluginJar : add comp
2025-02-03 17:10:27,472 [INFO] IPUIPlugin:80 - create IPUIPlugin
2025-02-03 17:10:27,472 [INFO] PluginManager:220 - loadIPPluginJar : add cryp
2025-02-03 17:10:27,498 [INFO] IPUIPlugin:80 - create IPUIPlugin
2025-02-03 17:10:27,499 [INFO] PluginManager:220 - loadIPPluginJar : add dfsdm
2025-02-03 17:10:27,511 [INFO] IPUIPlugin:80 - create IPUIPlugin
2025-02-03 17:10:27,511 [INFO] PluginManager:220 - loadIPPluginJar : add dma
2025-02-03 17:10:27,514 [INFO] McuFinderGlobals:63 - Set McuFinder mode to 2 (CubeIDE integrated)
2025-02-03 17:10:27,548 [INFO] IPUIPlugin:80 - create IPUIPlugin
2025-02-03 17:10:27,548 [INFO] PluginManager:220 - loadIPPluginJar : add dma3
2025-02-03 17:10:27,582 [INFO] IPUIPlugin:80 - create IPUIPlugin
2025-02-03 17:10:27,582 [INFO] PluginManager:220 - loadIPPluginJar : add extmemmanager
2025-02-03 17:10:27,598 [INFO] IPUIPlugin:80 - create IPUIPlugin
2025-02-03 17:10:27,598 [INFO] PluginManager:220 - loadIPPluginJar : add fatfs
2025-02-03 17:10:27,630 [INFO] IPUIPlugin:80 - create IPUIPlugin
2025-02-03 17:10:27,630 [INFO] PluginManager:220 - loadIPPluginJar : add fmc
2025-02-03 17:10:27,642 [INFO] IPUIPlugin:80 - create IPUIPlugin
2025-02-03 17:10:27,642 [INFO] PluginManager:220 - loadIPPluginJar : add freertos
2025-02-03 17:10:27,658 [INFO] IPUIPlugin:80 - create IPUIPlugin
2025-02-03 17:10:27,658 [INFO] PluginManager:220 - loadIPPluginJar : add genericplugin
2025-02-03 17:10:27,720 [INFO] IPUIPlugin:80 - create IPUIPlugin
2025-02-03 17:10:27,720 [INFO] PluginManager:220 - loadIPPluginJar : add gfxmmu
2025-02-03 17:10:27,809 [INFO] IPUIPlugin:80 - create IPUIPlugin
2025-02-03 17:10:27,809 [INFO] PluginManager:220 - loadIPPluginJar : add gic
2025-02-03 17:10:27,820 [INFO] IPUIPlugin:80 - create IPUIPlugin
2025-02-03 17:10:27,820 [INFO] PluginManager:220 - loadIPPluginJar : add gpio
2025-02-03 17:10:27,882 [INFO] IPUIPlugin:80 - create IPUIPlugin
2025-02-03 17:10:27,882 [INFO] PluginManager:220 - loadIPPluginJar : add gtzc
2025-02-03 17:10:27,903 [INFO] IPUIPlugin:80 - create IPUIPlugin
2025-02-03 17:10:27,903 [INFO] PluginManager:220 - loadIPPluginJar : add hash
2025-02-03 17:10:27,939 [INFO] IPUIPlugin:80 - create IPUIPlugin
2025-02-03 17:10:27,940 [INFO] PluginManager:220 - loadIPPluginJar : add i2c
2025-02-03 17:10:27,967 [INFO] IPUIPlugin:80 - create IPUIPlugin
2025-02-03 17:10:27,967 [INFO] PluginManager:220 - loadIPPluginJar : add i2s
2025-02-03 17:10:27,996 [INFO] IPUIPlugin:80 - create IPUIPlugin
2025-02-03 17:10:27,996 [INFO] PluginManager:220 - loadIPPluginJar : add i3c
2025-02-03 17:10:28,066 [INFO] IPUIPlugin:80 - create IPUIPlugin
2025-02-03 17:10:28,066 [INFO] PluginManager:220 - loadIPPluginJar : add ipddr
2025-02-03 17:10:28,129 [INFO] IPUIPlugin:80 - create IPUIPlugin
2025-02-03 17:10:28,131 [INFO] PluginManager:220 - loadIPPluginJar : add linkedlist
2025-02-03 17:10:28,157 [INFO] IPUIPlugin:80 - create IPUIPlugin
2025-02-03 17:10:28,157 [INFO] PluginManager:220 - loadIPPluginJar : add lorawan
2025-02-03 17:10:28,185 [INFO] IPUIPlugin:80 - create IPUIPlugin
2025-02-03 17:10:28,185 [INFO] PluginManager:220 - loadIPPluginJar : add ltdc
2025-02-03 17:10:28,195 [INFO] IPUIPlugin:80 - create IPUIPlugin
2025-02-03 17:10:28,195 [INFO] PluginManager:220 - loadIPPluginJar : add mdma
2025-02-03 17:10:28,205 [INFO] IPUIPlugin:80 - create IPUIPlugin
2025-02-03 17:10:28,206 [INFO] PluginManager:220 - loadIPPluginJar : add nvic
2025-02-03 17:10:28,233 [INFO] IPUIPlugin:80 - create IPUIPlugin
2025-02-03 17:10:28,233 [INFO] PluginManager:220 - loadIPPluginJar : add opamp
2025-02-03 17:10:28,274 [INFO] IPUIPlugin:80 - create IPUIPlugin
2025-02-03 17:10:28,274 [INFO] PluginManager:220 - loadIPPluginJar : add openamp
2025-02-03 17:10:28,303 [INFO] IPUIPlugin:80 - create IPUIPlugin
2025-02-03 17:10:28,303 [INFO] PluginManager:220 - loadIPPluginJar : add pdm2pcm
2025-02-03 17:10:28,313 [INFO] IPUIPlugin:80 - create IPUIPlugin
2025-02-03 17:10:28,314 [INFO] PluginManager:220 - loadIPPluginJar : add plateformsettings
2025-02-03 17:10:28,331 [INFO] IPUIPlugin:80 - create IPUIPlugin
2025-02-03 17:10:28,331 [INFO] PluginManager:220 - loadIPPluginJar : add quadspi
2025-02-03 17:10:28,341 [INFO] IPUIPlugin:80 - create IPUIPlugin
2025-02-03 17:10:28,341 [INFO] PluginManager:220 - loadIPPluginJar : add resmgrutility
2025-02-03 17:10:28,373 [INFO] IPUIPlugin:80 - create IPUIPlugin
2025-02-03 17:10:28,373 [INFO] PluginManager:220 - loadIPPluginJar : add sai
2025-02-03 17:10:28,400 [INFO] IPUIPlugin:80 - create IPUIPlugin
2025-02-03 17:10:28,401 [INFO] PluginManager:220 - loadIPPluginJar : add spi
2025-02-03 17:10:28,447 [INFO] IPUIPlugin:80 - create IPUIPlugin
2025-02-03 17:10:28,447 [INFO] PluginManager:220 - loadIPPluginJar : add stm32_wpan
2025-02-03 17:10:28,465 [INFO] IPUIPlugin:80 - create IPUIPlugin
2025-02-03 17:10:28,465 [INFO] PluginManager:220 - loadIPPluginJar : add tim
2025-02-03 17:10:28,505 [INFO] IPUIPlugin:80 - create IPUIPlugin
2025-02-03 17:10:28,505 [INFO] PluginManager:220 - loadIPPluginJar : add touchsensing
2025-02-03 17:10:28,523 [INFO] IPUIPlugin:80 - create IPUIPlugin
2025-02-03 17:10:28,523 [INFO] PluginManager:220 - loadIPPluginJar : add tracer_emb
2025-02-03 17:10:28,540 [INFO] IPUIPlugin:80 - create IPUIPlugin
2025-02-03 17:10:28,540 [INFO] PluginManager:220 - loadIPPluginJar : add ts
2025-02-03 17:10:28,558 [INFO] IPUIPlugin:80 - create IPUIPlugin
2025-02-03 17:10:28,558 [INFO] PluginManager:220 - loadIPPluginJar : add tsc
2025-02-03 17:10:28,573 [INFO] IPUIPlugin:80 - create IPUIPlugin
2025-02-03 17:10:28,573 [INFO] PluginManager:220 - loadIPPluginJar : add ucpd
2025-02-03 17:10:28,603 [INFO] IPUIPlugin:80 - create IPUIPlugin
2025-02-03 17:10:28,603 [INFO] PluginManager:220 - loadIPPluginJar : add usart
2025-02-03 17:10:28,635 [INFO] IPUIPlugin:80 - create IPUIPlugin
2025-02-03 17:10:28,635 [INFO] PluginManager:220 - loadIPPluginJar : add usbx
2025-02-03 17:10:28,740 [INFO] CADModel:165 - CPN selected for project level
2025-02-03 17:10:28,740 [INFO] CADModel:114 - Register for checkConnection events
2025-02-03 17:10:28,740 [FATAL] Updater:308 - Updater called before beeing initialized
2025-02-03 17:10:28,740 [ERROR] CADModel:125 - Updater not yet initialized, retry later 
2025-02-03 17:10:28,829 [INFO] CADModel:165 - CPN selected for project level
2025-02-03 17:10:28,829 [INFO] CADModel:114 - Register for checkConnection events
2025-02-03 17:10:28,829 [FATAL] Updater:308 - Updater called before beeing initialized
2025-02-03 17:10:28,829 [ERROR] CADModel:125 - Updater not yet initialized, retry later 
2025-02-03 17:10:28,831 [FATAL] Updater:308 - Updater called before beeing initialized
2025-02-03 17:10:28,895 [FATAL] Updater:308 - Updater called before beeing initialized
2025-02-03 17:10:28,905 [INFO] DbMcusAds:53 - JSON generation date=Fri Sep 20 18:34:38 IST 2024 (1726837478367)
2025-02-03 17:10:28,905 [FATAL] Updater:308 - Updater called before beeing initialized
2025-02-03 17:10:28,960 [WARN] DetailPanel:346 - Failed to get advertising image, set to default
2025-02-03 17:10:29,012 [FATAL] Updater:308 - Updater called before beeing initialized
2025-02-03 17:10:29,015 [FATAL] Updater:308 - Updater called before beeing initialized
2025-02-03 17:10:29,015 [FATAL] Updater:308 - Updater called before beeing initialized
2025-02-03 17:10:29,015 [WARN] DetailPanel:346 - Failed to get advertising image, set to default
2025-02-03 17:10:29,015 [FATAL] Updater:308 - Updater called before beeing initialized
2025-02-03 17:10:29,064 [ERROR] Updater:1120 - MainUpdater not yet initialized. External WinMGr cannot be set.
2025-02-03 17:10:29,072 [INFO] Updater:1056 - Updater Version found : 6.11.1
2025-02-03 17:10:29,085 [INFO] ApplicationProperties:184 - Using Application install path: C:\ST\STM32CubeIDE_1.10.1\STM32CubeIDE\plugins\com.st.stm32cube.common.mx_6.11.1.202404110753
2025-02-03 17:10:29,972 [INFO] ThirdPartyUpdaterWithRetryManager:70 - Updater plugin not ready yet. [2/15]
2025-02-03 17:10:30,655 [ERROR] LogOutputStream:75 - [STDERR_REDIRECT] Feb 03, 2025 5:10:30 PM java.util.prefs.WindowsPreferences <init>
2025-02-03 17:10:30,656 [ERROR] LogOutputStream:75 - [STDERR_REDIRECT] WARNING: Could not open/create prefs root node Software\JavaSoft\Prefs at root 0xffffffff80000002. Windows RegCreateKeyEx(...) returned error code 5.
2025-02-03 17:10:30,656 [ERROR] LogOutputStream:75 - [STDERR_REDIRECT] 
2025-02-03 17:10:31,282 [INFO] MainUpdater:2873 - connection check result : 10
2025-02-03 17:10:31,282 [INFO] MainUpdater:3567 - Updater definition file requires update
2025-02-03 17:10:31,283 [INFO] MainUpdater:290 - Updater Check For Update Now.
2025-02-03 17:10:31,283 [INFO] MicroXplorer:498 - Change Database Version : DB.6.0.111
2025-02-03 17:10:31,295 [INFO] McuFinderGlobals:63 - Set McuFinder mode to 2 (CubeIDE integrated)
2025-02-03 17:10:31,303 [INFO] UserAuth:415 - Internet connection configuration mode: 1
2025-02-03 17:10:31,320 [INFO] JxBrowserEngine:152 - Initiate JxBrowser Engine with user profile folder
2025-02-03 17:10:31,678 [INFO] ServerAccessManage:473 - Download File updaters.zip
2025-02-03 17:10:31,915 [INFO] FileExtend:240 - Unzip File : updaters.zip
2025-02-03 17:10:31,915 [INFO] FileExtend:255 - Standard Zip Deflate
2025-02-03 17:10:32,343 [INFO] ServerAccessManage:473 - Download File PacksControlFlags.xml
2025-02-03 17:10:32,491 [INFO] ServerAccessManage:473 - Download File cubemx.pidx
2025-02-03 17:10:32,557 [INFO] LoadServerUpdatesThread:375 - End of LoadServerUpdate Thread
2025-02-03 17:10:32,743 [INFO] CheckServerUpdateThread:120 - End of CheckServer Thread
2025-02-03 17:10:32,916 [INFO] MainUpdater:2873 - connection check result : 10
2025-02-03 17:10:32,937 [INFO] McuFinderGlobals:76 - Set McuFinderConnectedMode to true
2025-02-03 17:10:32,973 [WARN] MainUpdater:1194 - Updater busy. Cannot search thirdparties
2025-02-03 17:10:32,973 [INFO] ThirdPartyUpdaterWithRetryManager:96 - Updater plugin is busy. [1/15]
2025-02-03 17:10:33,363 [INFO] ServerAccessManage:473 - Download File mcusAds.json._tmp_
2025-02-03 17:10:33,470 [INFO] LoadUrlFilesThread:156 - End of LoadUrlFiles Thread
2025-02-03 17:10:33,630 [INFO] ServerAccessManage:473 - Download File cube-finder-db.zip
2025-02-03 17:10:35,974 [WARN] MainUpdater:1194 - Updater busy. Cannot search thirdparties
2025-02-03 17:10:35,974 [INFO] ThirdPartyUpdaterWithRetryManager:96 - Updater plugin is busy. [2/15]
2025-02-03 17:10:37,164 [INFO] FileExtend:240 - Unzip File : cube-finder-db.zip
2025-02-03 17:10:37,164 [INFO] FileExtend:255 - Standard Zip Deflate
2025-02-03 17:10:37,918 [INFO] LoadUrlFilesThread:156 - End of LoadUrlFiles Thread
2025-02-03 17:10:38,726 [INFO] ServerAccessManage:473 - Download File crdb.zip
2025-02-03 17:10:38,975 [WARN] MainUpdater:1194 - Updater busy. Cannot search thirdparties
2025-02-03 17:10:38,975 [INFO] ThirdPartyUpdaterWithRetryManager:96 - Updater plugin is busy. [3/15]
2025-02-03 17:10:39,622 [INFO] FileExtend:240 - Unzip File : crdb.zip
2025-02-03 17:10:39,623 [INFO] FileExtend:255 - Standard Zip Deflate
2025-02-03 17:10:39,744 [INFO] LoadUrlFilesThread:156 - End of LoadUrlFiles Thread
2025-02-03 17:10:39,900 [INFO] ServerAccessManage:473 - Download File tutoVideoDB.zip
2025-02-03 17:10:39,915 [INFO] FileExtend:240 - Unzip File : tutoVideoDB.zip
2025-02-03 17:10:39,915 [INFO] FileExtend:255 - Standard Zip Deflate
2025-02-03 17:10:40,030 [INFO] LoadUrlFilesThread:156 - End of LoadUrlFiles Thread
2025-02-03 17:10:40,031 [WARN] DbFile:41 - Overriding database path with different value: C:\Users\saksh\.stmcufinder\plugins\mcufinder/ => C:\Users\saksh\.stmcufinder\plugins\mcufinder
2025-02-03 17:10:40,084 [INFO] ServerAccessManage:473 - Download File api_config.json
2025-02-03 17:10:40,191 [INFO] LoadUrlFilesThread:156 - End of LoadUrlFiles Thread
2025-02-03 17:10:40,191 [INFO] DbMcusAds:53 - JSON generation date=Tue Dec 17 21:31:15 IST 2024 (1734451275111)
2025-02-03 17:10:40,358 [INFO] ServerAccessManage:473 - Download File 
2025-02-03 17:10:40,395 [INFO] LoadUrlFilesThread:185 - End of LoadServerUrlFiles without Thread
2025-02-03 17:10:40,395 [INFO] TargetSelectorAdapter:259 - Refresh data is successful
2025-02-03 17:10:40,495 [INFO] ApiDb:581 - Connected to CubeFinder SQLite database (C:\Users\saksh\.stmcufinder\plugins\mcufinder\mcu\cube-finder-db.db)
2025-02-03 17:10:40,544 [INFO] ApiDb:668 - CubeFinder database Data Model version=2.1
2025-02-03 17:10:40,544 [INFO] ApiDb:669 - CubeFinder database Configuration version=3.0.39
2025-02-03 17:10:40,544 [INFO] ApiDb:670 - CubeFinder database generation date=2024-12-10 (1733817889)
2025-02-03 17:10:40,544 [INFO] ApiDb:671 - CubeFinder database FW Pack versions=[FP-ATR-ASTRA1_V2.0.0, FP-SNS-FLIGHT1_V5.0.2, FP-SNS-MOTENV1_V5.0.0, FP-SNS-MOTENVWB1_V1.4.0, FP-SNS-SMARTAG2_V1.2.0, FP-SNS-STBOX1_V2.0.0, STM32Cube_FW_C0_V1.3.0, STM32Cube_FW_F4_V1.28.1, STM32Cube_FW_F7_V1.17.2, STM32Cube_FW_G0_V1.6.2, STM32Cube_FW_G4_V1.6.1, STM32Cube_FW_H5_V1.4.0, STM32Cube_FW_H7RS_V1.1.0, STM32Cube_FW_H7_V1.12.0, STM32Cube_FW_L0_V1.12.2, STM32Cube_FW_L4_V1.18.1, STM32Cube_FW_L5_V1.5.1, STM32Cube_FW_N6_V1.0.0, STM32Cube_FW_U0_V1.2.0, STM32Cube_FW_U3_V1.0.0, STM32Cube_FW_U5_V1.7.0, STM32Cube_FW_WB0_V1.1.0, STM32Cube_FW_WBA_V1.5.0, STM32Cube_FW_WB_V1.21.0, STM32Cube_FW_WL3_V1.0.0, STM32Cube_FW_WL_V1.3.0, X-CUBE-ALGOBUILD_V1.4.0, X-CUBE-ALS_V1.0.2, X-CUBE-AZRTOS-F4_V1.1.0, X-CUBE-AZRTOS-F7_V1.1.0, X-CUBE-AZRTOS-G0_V1.1.0, X-CUBE-AZRTOS-G4_V2.0.0, X-CUBE-AZRTOS-H7RS_V1.0.0, X-CUBE-AZRTOS-H7_V3.3.0, X-CUBE-AZRTOS-L4_V2.0.0, X-CUBE-AZRTOS-L5_V2.0.0, X-CUBE-AZRTOS-WB_V2.0.0, X-CUBE-AZRTOS-WL_V2.0.0, X-CUBE-BLE1_V7.0.0, X-CUBE-BLE2_V3.3.0, X-CUBE-BLEMGR_V3.1.0, X-CUBE-EEPRMA1_V5.1.0, X-CUBE-FREERTOS_V1.2.0, X-CUBE-GNSS1_V6.0.0, X-CUBE-MEMS1_V11.0.0, X-CUBE-NFC4_V3.0.0, X-CUBE-NFC7_V1.0.1, X-CUBE-SFXS2LP1_V4.0.0, X-CUBE-SUBG2_V5.0.0, X-CUBE-TOF1_V3.4.2]
2025-02-03 17:10:41,995 [INFO] ApiDb:240 - Found 483 in-development CPN: [B-G473E-ZEST1S, B-WB1M-WPAN1, B-WL5M-SUBG1, NUCLEO-C031C6, NUCLEO-H503RB, NUCLEO-H533RE, NUCLEO-H563ZI, NUCLEO-H7S3L8, NUCLEO-U031R8, NUCLEO-U083RC, NUCLEO-U545RE-Q, NUCLEO-U5A5ZJ-Q, NUCLEO-WBA52CG, NUCLEO-WBA55CG, STEVAL-PROTEUS1, STEVAL-SMARTAG2, STEVAL-STWINBX1, STM320518-EVAL, STM32C0116-DK, STM32C011D6Y3TR, STM32C011D6Y6TR, STM32C011F4P3, STM32C011F4P6, STM32C011F4U3, STM32C011F4U6TR, STM32C011F6P3, STM32C011F6P6, STM32C011F6U3, STM32C011F6U6TR, STM32C011J4M3, STM32C011J4M6, STM32C011J6M3, STM32C011J6M6, STM32C0316-DK, STM32C031C4T3, STM32C031C4T6, STM32C031C4U3, STM32C031C4U6, STM32C031C6T3, STM32C031C6T6, STM32C031C6U3, STM32C031C6U6, STM32C031F4P3, STM32C031F4P6, STM32C031F6P3, STM32C031F6P6, STM32C031G4U3, STM32C031G4U6, STM32C031G6U3, STM32C031G6U6, STM32C031K4T3, STM32C031K4T6, STM32C031K4U3, STM32C031K4U6, STM32C031K6T3, STM32C031K6T6, STM32C031K6U3, STM32C031K6U6, STM32G071K8TXN, STM32G071K8UXN, STM32G081GBU6N, STM32G081KBT6N, STM32G081KBUXN, STM32G0B1CCT6N, STM32G0B1KCT6, STM32G0B1NEY6TR, STM32G0B1RCT6N, STM32G0C1CCT6, STM32G0C1CCT6N, STM32G0C1CCU6N, STM32G0C1CET6N, STM32G0C1CEU6N, STM32G0C1KCT6, STM32G0C1NEY6TR, STM32G0C1RCI6N, STM32G0C1RCT6N, STM32G0C1REI6N, STM32G0C1RET6N, STM32G0C1VCI6, STM32G0C1VEI6, STM32G471CCT6, STM32G471CCU6, STM32G471CET3, STM32G471CET6, STM32G471CEU3, STM32G471CEU6, STM32G471MCT6, STM32G471MET3, STM32G471MET6, STM32G471MEY6TR, STM32G471QCT6, STM32G471QET3, STM32G471RCT6, STM32G471RET3, STM32G471RET6, STM32G471VCH6, STM32G471VCI6, STM32G471VCT6, STM32G471VEH3, STM32G471VEH6, STM32G471VEI3, STM32G471VEI6, STM32G471VET3, STM32G471VET6, STM32G474CCT6, STM32H503CBT6, STM32H503CBU6, STM32H503EBY6TR, STM32H503KBU6, STM32H503RBT6, STM32H523CCT6, STM32H523CCU6, STM32H523CET6, STM32H523CEU6, STM32H523HEY6TR, STM32H523RCT6, STM32H523RET6, STM32H523VCI6, STM32H523VCT6, STM32H523VEI6, STM32H523VET6, STM32H523ZCJ6, STM32H523ZCT6, STM32H523ZEJ6, STM32H523ZET6, STM32H533CET6, STM32H533CEU6, STM32H533HEY6TR, STM32H533RET6, STM32H533VEI6, STM32H533VET6, STM32H533ZEJ6, STM32H533ZET6, STM32H562AGI6, STM32H562AII6, STM32H562IGK6, STM32H562IGT6, STM32H562IIK6, STM32H562IIT6, STM32H562RGT6, STM32H562RGV6, STM32H562RIT6, STM32H562RIV6, STM32H562VGT6, STM32H562VIT6, STM32H562ZGT6, STM32H562ZIT6, STM32H563AGI6, STM32H563AII3Q, STM32H563AII6, STM32H563IGK6, STM32H563IGT6, STM32H563IIK3Q, STM32H563IIK6, STM32H563IIT3Q, STM32H563IIT6, STM32H563MIY3QTR, STM32H563RGT6, STM32H563RGV6, STM32H563RIT6, STM32H563RIV6, STM32H563VGT6, STM32H563VIT3Q, STM32H563VIT6, STM32H563ZGT6, STM32H563ZIT3Q, STM32H563ZIT6, STM32H573AII3Q, STM32H573AII6, STM32H573I-DK, STM32H573IIK3Q, STM32H573IIK6, STM32H573IIT3Q, STM32H573IIT6, STM32H573MIY3QTR, STM32H573RIT6, STM32H573RIV6, STM32H573VIT3Q, STM32H573VIT6, STM32H573ZIT3Q, STM32H573ZIT6, STM32H7R3A8I6, STM32H7R3I8K6, STM32H7R3I8T6, STM32H7R3L8H6, STM32H7R3L8H6H, STM32H7R3R8V6, STM32H7R3V8H6, STM32H7R3V8T6, STM32H7R3V8Y6, STM32H7R3Z8J6, STM32H7R3Z8T6, STM32H7R7A8I6, STM32H7R7I8K6, STM32H7R7I8T6, STM32H7R7L8H6, STM32H7R7L8H6H, STM32H7R7Z8J6, STM32H7S3A8I6, STM32H7S3I8K6, STM32H7S3I8T6, STM32H7S3L8H6, STM32H7S3L8H6H, STM32H7S3R8V6, STM32H7S3V8H6, STM32H7S3V8T6, STM32H7S3V8Y6, STM32H7S3Z8J6, STM32H7S3Z8T6, STM32H7S78-DK, STM32H7S7A8I6, STM32H7S7I8K6, STM32H7S7I8T6, STM32H7S7L8H6, STM32H7S7L8H6H, STM32H7S7Z8J6, STM32L4R5QGI6STR, STM32MP131AAE3, STM32MP131AAF3, STM32MP131AAG3, STM32MP131CAE3, STM32MP131CAF3, STM32MP131CAG3, STM32MP131DAE7, STM32MP131DAF7, STM32MP131DAG7, STM32MP131FAE7, STM32MP131FAF7, STM32MP131FAG7, STM32MP133AAE3, STM32MP133AAF3, STM32MP133AAG3, STM32MP133CAE3, STM32MP133CAF3, STM32MP133CAG3, STM32MP133DAE7, STM32MP133DAF7, STM32MP133DAG7, STM32MP133FAE7, STM32MP133FAF7, STM32MP133FAG7, STM32MP135AAE3, STM32MP135AAF3, STM32MP135AAG3, STM32MP135CAE3, STM32MP135CAF3, STM32MP135CAG3, STM32MP135DAE7, STM32MP135DAF7, STM32MP135DAG7, STM32MP135F-DK, STM32MP135FAE7, STM32MP135FAF7, STM32MP135FAF7T, STM32MP135FAF7U, STM32MP135FAG7, STM32U031C6T6, STM32U031C6U6, STM32U031C8T6, STM32U031C8U6, STM32U031F4P6, STM32U031F6P6, STM32U031F8P6, STM32U031G6Y6TR, STM32U031G8Y6TR, STM32U031K4U6, STM32U031K6U6, STM32U031K8U6, STM32U031R6I6, STM32U031R6T6, STM32U031R8I6, STM32U031R8T6, STM32U073C8T6, STM32U073C8U6, STM32U073CBT6, STM32U073CBU6, STM32U073CCT6, STM32U073CCU6, STM32U073H8Y6TR, STM32U073HBY6TR, STM32U073HCY6TR, STM32U073K8U6, STM32U073KBU6, STM32U073KCU6, STM32U073M8I6, STM32U073M8T6, STM32U073MBI6, STM32U073MBT6, STM32U073MCI6, STM32U073MCT6, STM32U073R8I6, STM32U073R8T6, STM32U073RBI6, STM32U073RBT6, STM32U073RCI6, STM32U073RCT6, STM32U083C-DK, STM32U083CCT6, STM32U083CCU6, STM32U083HCY6TR, STM32U083KCU6, STM32U083MCI6, STM32U083MCT6, STM32U083RCI6, STM32U083RCT6, STM32U535CBT6, STM32U535CBT6Q, STM32U535CBU6, STM32U535CBU6Q, STM32U535CCT6, STM32U535CCT6Q, STM32U535CCU6, STM32U535CCU6Q, STM32U535CET6, STM32U535CET6Q, STM32U535CEU6, STM32U535CEU6Q, STM32U535JEY6QTR, STM32U535NCY6QTR, STM32U535NEY6QTR, STM32U535RBI6, STM32U535RBI6Q, STM32U535RBT6, STM32U535RBT6Q, STM32U535RCI6, STM32U535RCI6Q, STM32U535RCT6, STM32U535RCT6Q, STM32U535REI6, STM32U535REI6Q, STM32U535RET6, STM32U535RET6Q, STM32U535VCI6, STM32U535VCI6Q, STM32U535VCT6, STM32U535VCT6Q, STM32U535VEI6, STM32U535VEI6Q, STM32U535VET6, STM32U535VET6Q, STM32U545CET6, STM32U545CET6Q, STM32U545CEU6, STM32U545CEU6Q, STM32U545JEY6QTR, STM32U545NEY6QTR, STM32U545REI6, STM32U545REI6Q, STM32U545RET6, STM32U545RET6Q, STM32U545VEI6, STM32U545VEI6Q, STM32U545VET6, STM32U545VET6Q, STM32U595AIH6, STM32U595AIH6Q, STM32U595AJH6, STM32U595AJH6Q, STM32U595QII6, STM32U595QII6Q, STM32U595QJI6, STM32U595QJI6Q, STM32U595RIT6, STM32U595RIT6Q, STM32U595RJT6, STM32U595RJT6Q, STM32U595VIT6, STM32U595VIT6Q, STM32U595VJT6, STM32U595VJT6Q, STM32U595ZIT6, STM32U595ZIT6Q, STM32U595ZIY6QTR, STM32U595ZJT6, STM32U595ZJT6Q, STM32U595ZJY6QTR, STM32U599BJY6QTR, STM32U599NIH6Q, STM32U599NJH6Q, STM32U599VIT6Q, STM32U599VJT6, STM32U599VJT6Q, STM32U599ZIT6Q, STM32U599ZIY6QTR, STM32U599ZJT6Q, STM32U599ZJY6QTR, STM32U5A5AJH6, STM32U5A5AJH6Q, STM32U5A5QII3Q , STM32U5A5QJI6, STM32U5A5QJI6Q, STM32U5A5RJT6, STM32U5A5RJT6Q, STM32U5A5VJT6, STM32U5A5VJT6Q, STM32U5A5ZJT6, STM32U5A5ZJT6Q, STM32U5A5ZJY6QTR, STM32U5A9BJY6QTR, STM32U5A9J-DK, STM32U5A9NJH6Q, STM32U5A9VJT6Q, STM32U5A9ZJT6Q, STM32U5A9ZJY6QTR, STM32U5F7VIT6, STM32U5F7VIT6Q, STM32U5F7VJT6, STM32U5F7VJT6Q, STM32U5F9BJY6QTR, STM32U5F9NJH6Q, STM32U5F9VIT6Q, STM32U5F9VJT6Q, STM32U5F9ZIJ6QTR, STM32U5F9ZIT6Q, STM32U5F9ZJJ6QTR, STM32U5F9ZJT6Q, STM32U5G7VJT6, STM32U5G7VJT6Q, STM32U5G9BJY6QTR, STM32U5G9J-DK1, STM32U5G9J-DK2, STM32U5G9NJH6Q, STM32U5G9VJT6Q, STM32U5G9ZJJ6QTR, STM32U5G9ZJT6Q, STM32WB1MMCH6, STM32WBA50KEU6, STM32WBA50KEU6TR, STM32WBA50KGU6, STM32WBA50KGU6TR, STM32WBA52CEU6, STM32WBA52CEU6TR, STM32WBA52CEU7, STM32WBA52CEU7TR, STM32WBA52CGU6, STM32WBA52CGU6TR, STM32WBA52CGU6U, STM32WBA52CGU7, STM32WBA52CGU7TR, STM32WBA52KEU6, STM32WBA52KEU6TR, STM32WBA52KGU6, STM32WBA52KGU6TR, STM32WBA54CEU6, STM32WBA54CEU6TR, STM32WBA54CEU7, STM32WBA54CEU7TR, STM32WBA54CGU6, STM32WBA54CGU6TR, STM32WBA54CGU7, STM32WBA54CGU7TR, STM32WBA54KEU6, STM32WBA54KEU6TR, STM32WBA54KEU7, STM32WBA54KEU7TR, STM32WBA54KGU6, STM32WBA54KGU6TR, STM32WBA54KGU7, STM32WBA54KGU7TR, STM32WBA55CEU6, STM32WBA55CEU6TR, STM32WBA55CEU7, STM32WBA55CEU7TR, STM32WBA55CGU6, STM32WBA55CGU6TR, STM32WBA55CGU6U, STM32WBA55CGU7, STM32WBA55CGU7TR, STM32WBA55G-DK1, STM32WBA55HEF6, STM32WBA55HEF7, STM32WBA55HGF6, STM32WBA55HGF7, STM32WBA55UEI6, STM32WBA55UEI6TR, STM32WBA55UEI7, STM32WBA55UEI7TR, STM32WBA55UGI6, STM32WBA55UGI6TR, STM32WBA55UGI7, STM32WBA55UGI7TR, STM32WL5MOCH6, STM32WL5MOCH6TR]
2025-02-03 17:10:41,998 [INFO] DbMcus:218 - Found 4404 MCUs, 4404 are supported
2025-02-03 17:10:42,009 [INFO] ApiDb:423 - Load user favorites file C:\Users\saksh/.stm32cubeide/favorites.mcus.txt: 1 item(s)
2025-02-03 17:10:42,010 [INFO] ApiDb:427 - User favorites MCUs=[STM32F103C8T6]
2025-02-03 17:10:42,010 [INFO] DbMcus:224 - Set 1 / 1 favorites MCUs
2025-02-03 17:10:42,245 [WARN] PackLoader:240 - Cannot read IP mode file for STMicroelectronics.FP-SNS-MOTENVWB1.1.4.0
2025-02-03 17:10:42,263 [WARN] PackLoader:240 - Cannot read IP mode file for STMicroelectronics.FP-ATR-ASTRA1.2.0.1
2025-02-03 17:10:42,279 [WARN] PackLoader:240 - Cannot read IP mode file for STMicroelectronics.X-CUBE-SMBUS.2.1.0
2025-02-03 17:10:42,299 [WARN] PackLoader:240 - Cannot read IP mode file for STMicroelectronics.X-CUBE-WB05N.1.1.0
2025-02-03 17:10:42,311 [WARN] PackLoader:240 - Cannot read IP mode file for STMicroelectronics.X-CUBE-TOUCHGFX.4.23.1
2025-02-03 17:10:42,322 [WARN] PackLoader:240 - Cannot read IP mode file for STMicroelectronics.X-CUBE-TOUCHGFX.4.23.0
2025-02-03 17:10:42,325 [INFO] ApiDb:668 - CubeFinder database Data Model version=2.1
2025-02-03 17:10:42,325 [INFO] ApiDb:669 - CubeFinder database Configuration version=3.0.39
2025-02-03 17:10:42,325 [INFO] ApiDb:670 - CubeFinder database generation date=2024-12-10 (1733817889)
2025-02-03 17:10:42,325 [INFO] ApiDb:671 - CubeFinder database FW Pack versions=[FP-ATR-ASTRA1_V2.0.0, FP-SNS-FLIGHT1_V5.0.2, FP-SNS-MOTENV1_V5.0.0, FP-SNS-MOTENVWB1_V1.4.0, FP-SNS-SMARTAG2_V1.2.0, FP-SNS-STBOX1_V2.0.0, STM32Cube_FW_C0_V1.3.0, STM32Cube_FW_F4_V1.28.1, STM32Cube_FW_F7_V1.17.2, STM32Cube_FW_G0_V1.6.2, STM32Cube_FW_G4_V1.6.1, STM32Cube_FW_H5_V1.4.0, STM32Cube_FW_H7RS_V1.1.0, STM32Cube_FW_H7_V1.12.0, STM32Cube_FW_L0_V1.12.2, STM32Cube_FW_L4_V1.18.1, STM32Cube_FW_L5_V1.5.1, STM32Cube_FW_N6_V1.0.0, STM32Cube_FW_U0_V1.2.0, STM32Cube_FW_U3_V1.0.0, STM32Cube_FW_U5_V1.7.0, STM32Cube_FW_WB0_V1.1.0, STM32Cube_FW_WBA_V1.5.0, STM32Cube_FW_WB_V1.21.0, STM32Cube_FW_WL3_V1.0.0, STM32Cube_FW_WL_V1.3.0, X-CUBE-ALGOBUILD_V1.4.0, X-CUBE-ALS_V1.0.2, X-CUBE-AZRTOS-F4_V1.1.0, X-CUBE-AZRTOS-F7_V1.1.0, X-CUBE-AZRTOS-G0_V1.1.0, X-CUBE-AZRTOS-G4_V2.0.0, X-CUBE-AZRTOS-H7RS_V1.0.0, X-CUBE-AZRTOS-H7_V3.3.0, X-CUBE-AZRTOS-L4_V2.0.0, X-CUBE-AZRTOS-L5_V2.0.0, X-CUBE-AZRTOS-WB_V2.0.0, X-CUBE-AZRTOS-WL_V2.0.0, X-CUBE-BLE1_V7.0.0, X-CUBE-BLE2_V3.3.0, X-CUBE-BLEMGR_V3.1.0, X-CUBE-EEPRMA1_V5.1.0, X-CUBE-FREERTOS_V1.2.0, X-CUBE-GNSS1_V6.0.0, X-CUBE-MEMS1_V11.0.0, X-CUBE-NFC4_V3.0.0, X-CUBE-NFC7_V1.0.1, X-CUBE-SFXS2LP1_V4.0.0, X-CUBE-SUBG2_V5.0.0, X-CUBE-TOF1_V3.4.2]
2025-02-03 17:10:42,333 [WARN] PackLoader:240 - Cannot read IP mode file for STMicroelectronics.X-CUBE-TOUCHGFX.4.23.2
2025-02-03 17:10:42,370 [WARN] PackLoader:240 - Cannot read IP mode file for STMicroelectronics.X-CUBE-AZRTOS-F7.1.1.0
2025-02-03 17:10:42,371 [INFO] DbBoardsSqlite:226 - include board P-NUCLEO-WB55-NUCLEO as a kit item of type 'Nucleo-64'
2025-02-03 17:10:42,371 [INFO] DbBoardsSqlite:226 - include board P-NUCLEO-WB55-USBDONGLE as a kit item of type 'Nucleo USB Dongle'
2025-02-03 17:10:42,371 [INFO] DbBoardsSqlite:226 - include board STEVAL-IDP005V1 as a kit item of type 'Evaluation Board'
2025-02-03 17:10:42,372 [INFO] DbBoardsSqlite:226 - include board STEVAL-IDP005V2 as a kit item of type 'Evaluation Board'
2025-02-03 17:10:42,384 [ERROR] RealEvaluatedCondition:428 - Found unsupported composite condition: CLASS='Data Exchange' GROUP='STM32_MetaDataManager'
2025-02-03 17:10:42,384 [ERROR] RealEvaluatedCondition:428 - Found unsupported composite condition: CLASS='Data Exchange' GROUP='STM32_MetaDataManager'
2025-02-03 17:10:42,385 [WARN] PackLoader:240 - Cannot read IP mode file for STMicroelectronics.FP-SNS-MOTENV1.4.3.0
2025-02-03 17:10:42,398 [WARN] PackLoader:240 - Cannot read IP mode file for STMicroelectronics.FP-SNS-MOTENV1.4.3.2
2025-02-03 17:10:42,411 [WARN] PackLoader:240 - Cannot read IP mode file for STMicroelectronics.FP-SNS-FLIGHT1.5.0.0
2025-02-03 17:10:42,417 [INFO] ApiDb:240 - Found 483 in-development CPN: [B-G473E-ZEST1S, B-WB1M-WPAN1, B-WL5M-SUBG1, NUCLEO-C031C6, NUCLEO-H503RB, NUCLEO-H533RE, NUCLEO-H563ZI, NUCLEO-H7S3L8, NUCLEO-U031R8, NUCLEO-U083RC, NUCLEO-U545RE-Q, NUCLEO-U5A5ZJ-Q, NUCLEO-WBA52CG, NUCLEO-WBA55CG, STEVAL-PROTEUS1, STEVAL-SMARTAG2, STEVAL-STWINBX1, STM320518-EVAL, STM32C0116-DK, STM32C011D6Y3TR, STM32C011D6Y6TR, STM32C011F4P3, STM32C011F4P6, STM32C011F4U3, STM32C011F4U6TR, STM32C011F6P3, STM32C011F6P6, STM32C011F6U3, STM32C011F6U6TR, STM32C011J4M3, STM32C011J4M6, STM32C011J6M3, STM32C011J6M6, STM32C0316-DK, STM32C031C4T3, STM32C031C4T6, STM32C031C4U3, STM32C031C4U6, STM32C031C6T3, STM32C031C6T6, STM32C031C6U3, STM32C031C6U6, STM32C031F4P3, STM32C031F4P6, STM32C031F6P3, STM32C031F6P6, STM32C031G4U3, STM32C031G4U6, STM32C031G6U3, STM32C031G6U6, STM32C031K4T3, STM32C031K4T6, STM32C031K4U3, STM32C031K4U6, STM32C031K6T3, STM32C031K6T6, STM32C031K6U3, STM32C031K6U6, STM32G071K8TXN, STM32G071K8UXN, STM32G081GBU6N, STM32G081KBT6N, STM32G081KBUXN, STM32G0B1CCT6N, STM32G0B1KCT6, STM32G0B1NEY6TR, STM32G0B1RCT6N, STM32G0C1CCT6, STM32G0C1CCT6N, STM32G0C1CCU6N, STM32G0C1CET6N, STM32G0C1CEU6N, STM32G0C1KCT6, STM32G0C1NEY6TR, STM32G0C1RCI6N, STM32G0C1RCT6N, STM32G0C1REI6N, STM32G0C1RET6N, STM32G0C1VCI6, STM32G0C1VEI6, STM32G471CCT6, STM32G471CCU6, STM32G471CET3, STM32G471CET6, STM32G471CEU3, STM32G471CEU6, STM32G471MCT6, STM32G471MET3, STM32G471MET6, STM32G471MEY6TR, STM32G471QCT6, STM32G471QET3, STM32G471RCT6, STM32G471RET3, STM32G471RET6, STM32G471VCH6, STM32G471VCI6, STM32G471VCT6, STM32G471VEH3, STM32G471VEH6, STM32G471VEI3, STM32G471VEI6, STM32G471VET3, STM32G471VET6, STM32G474CCT6, STM32H503CBT6, STM32H503CBU6, STM32H503EBY6TR, STM32H503KBU6, STM32H503RBT6, STM32H523CCT6, STM32H523CCU6, STM32H523CET6, STM32H523CEU6, STM32H523HEY6TR, STM32H523RCT6, STM32H523RET6, STM32H523VCI6, STM32H523VCT6, STM32H523VEI6, STM32H523VET6, STM32H523ZCJ6, STM32H523ZCT6, STM32H523ZEJ6, STM32H523ZET6, STM32H533CET6, STM32H533CEU6, STM32H533HEY6TR, STM32H533RET6, STM32H533VEI6, STM32H533VET6, STM32H533ZEJ6, STM32H533ZET6, STM32H562AGI6, STM32H562AII6, STM32H562IGK6, STM32H562IGT6, STM32H562IIK6, STM32H562IIT6, STM32H562RGT6, STM32H562RGV6, STM32H562RIT6, STM32H562RIV6, STM32H562VGT6, STM32H562VIT6, STM32H562ZGT6, STM32H562ZIT6, STM32H563AGI6, STM32H563AII3Q, STM32H563AII6, STM32H563IGK6, STM32H563IGT6, STM32H563IIK3Q, STM32H563IIK6, STM32H563IIT3Q, STM32H563IIT6, STM32H563MIY3QTR, STM32H563RGT6, STM32H563RGV6, STM32H563RIT6, STM32H563RIV6, STM32H563VGT6, STM32H563VIT3Q, STM32H563VIT6, STM32H563ZGT6, STM32H563ZIT3Q, STM32H563ZIT6, STM32H573AII3Q, STM32H573AII6, STM32H573I-DK, STM32H573IIK3Q, STM32H573IIK6, STM32H573IIT3Q, STM32H573IIT6, STM32H573MIY3QTR, STM32H573RIT6, STM32H573RIV6, STM32H573VIT3Q, STM32H573VIT6, STM32H573ZIT3Q, STM32H573ZIT6, STM32H7R3A8I6, STM32H7R3I8K6, STM32H7R3I8T6, STM32H7R3L8H6, STM32H7R3L8H6H, STM32H7R3R8V6, STM32H7R3V8H6, STM32H7R3V8T6, STM32H7R3V8Y6, STM32H7R3Z8J6, STM32H7R3Z8T6, STM32H7R7A8I6, STM32H7R7I8K6, STM32H7R7I8T6, STM32H7R7L8H6, STM32H7R7L8H6H, STM32H7R7Z8J6, STM32H7S3A8I6, STM32H7S3I8K6, STM32H7S3I8T6, STM32H7S3L8H6, STM32H7S3L8H6H, STM32H7S3R8V6, STM32H7S3V8H6, STM32H7S3V8T6, STM32H7S3V8Y6, STM32H7S3Z8J6, STM32H7S3Z8T6, STM32H7S78-DK, STM32H7S7A8I6, STM32H7S7I8K6, STM32H7S7I8T6, STM32H7S7L8H6, STM32H7S7L8H6H, STM32H7S7Z8J6, STM32L4R5QGI6STR, STM32MP131AAE3, STM32MP131AAF3, STM32MP131AAG3, STM32MP131CAE3, STM32MP131CAF3, STM32MP131CAG3, STM32MP131DAE7, STM32MP131DAF7, STM32MP131DAG7, STM32MP131FAE7, STM32MP131FAF7, STM32MP131FAG7, STM32MP133AAE3, STM32MP133AAF3, STM32MP133AAG3, STM32MP133CAE3, STM32MP133CAF3, STM32MP133CAG3, STM32MP133DAE7, STM32MP133DAF7, STM32MP133DAG7, STM32MP133FAE7, STM32MP133FAF7, STM32MP133FAG7, STM32MP135AAE3, STM32MP135AAF3, STM32MP135AAG3, STM32MP135CAE3, STM32MP135CAF3, STM32MP135CAG3, STM32MP135DAE7, STM32MP135DAF7, STM32MP135DAG7, STM32MP135F-DK, STM32MP135FAE7, STM32MP135FAF7, STM32MP135FAF7T, STM32MP135FAF7U, STM32MP135FAG7, STM32U031C6T6, STM32U031C6U6, STM32U031C8T6, STM32U031C8U6, STM32U031F4P6, STM32U031F6P6, STM32U031F8P6, STM32U031G6Y6TR, STM32U031G8Y6TR, STM32U031K4U6, STM32U031K6U6, STM32U031K8U6, STM32U031R6I6, STM32U031R6T6, STM32U031R8I6, STM32U031R8T6, STM32U073C8T6, STM32U073C8U6, STM32U073CBT6, STM32U073CBU6, STM32U073CCT6, STM32U073CCU6, STM32U073H8Y6TR, STM32U073HBY6TR, STM32U073HCY6TR, STM32U073K8U6, STM32U073KBU6, STM32U073KCU6, STM32U073M8I6, STM32U073M8T6, STM32U073MBI6, STM32U073MBT6, STM32U073MCI6, STM32U073MCT6, STM32U073R8I6, STM32U073R8T6, STM32U073RBI6, STM32U073RBT6, STM32U073RCI6, STM32U073RCT6, STM32U083C-DK, STM32U083CCT6, STM32U083CCU6, STM32U083HCY6TR, STM32U083KCU6, STM32U083MCI6, STM32U083MCT6, STM32U083RCI6, STM32U083RCT6, STM32U535CBT6, STM32U535CBT6Q, STM32U535CBU6, STM32U535CBU6Q, STM32U535CCT6, STM32U535CCT6Q, STM32U535CCU6, STM32U535CCU6Q, STM32U535CET6, STM32U535CET6Q, STM32U535CEU6, STM32U535CEU6Q, STM32U535JEY6QTR, STM32U535NCY6QTR, STM32U535NEY6QTR, STM32U535RBI6, STM32U535RBI6Q, STM32U535RBT6, STM32U535RBT6Q, STM32U535RCI6, STM32U535RCI6Q, STM32U535RCT6, STM32U535RCT6Q, STM32U535REI6, STM32U535REI6Q, STM32U535RET6, STM32U535RET6Q, STM32U535VCI6, STM32U535VCI6Q, STM32U535VCT6, STM32U535VCT6Q, STM32U535VEI6, STM32U535VEI6Q, STM32U535VET6, STM32U535VET6Q, STM32U545CET6, STM32U545CET6Q, STM32U545CEU6, STM32U545CEU6Q, STM32U545JEY6QTR, STM32U545NEY6QTR, STM32U545REI6, STM32U545REI6Q, STM32U545RET6, STM32U545RET6Q, STM32U545VEI6, STM32U545VEI6Q, STM32U545VET6, STM32U545VET6Q, STM32U595AIH6, STM32U595AIH6Q, STM32U595AJH6, STM32U595AJH6Q, STM32U595QII6, STM32U595QII6Q, STM32U595QJI6, STM32U595QJI6Q, STM32U595RIT6, STM32U595RIT6Q, STM32U595RJT6, STM32U595RJT6Q, STM32U595VIT6, STM32U595VIT6Q, STM32U595VJT6, STM32U595VJT6Q, STM32U595ZIT6, STM32U595ZIT6Q, STM32U595ZIY6QTR, STM32U595ZJT6, STM32U595ZJT6Q, STM32U595ZJY6QTR, STM32U599BJY6QTR, STM32U599NIH6Q, STM32U599NJH6Q, STM32U599VIT6Q, STM32U599VJT6, STM32U599VJT6Q, STM32U599ZIT6Q, STM32U599ZIY6QTR, STM32U599ZJT6Q, STM32U599ZJY6QTR, STM32U5A5AJH6, STM32U5A5AJH6Q, STM32U5A5QII3Q , STM32U5A5QJI6, STM32U5A5QJI6Q, STM32U5A5RJT6, STM32U5A5RJT6Q, STM32U5A5VJT6, STM32U5A5VJT6Q, STM32U5A5ZJT6, STM32U5A5ZJT6Q, STM32U5A5ZJY6QTR, STM32U5A9BJY6QTR, STM32U5A9J-DK, STM32U5A9NJH6Q, STM32U5A9VJT6Q, STM32U5A9ZJT6Q, STM32U5A9ZJY6QTR, STM32U5F7VIT6, STM32U5F7VIT6Q, STM32U5F7VJT6, STM32U5F7VJT6Q, STM32U5F9BJY6QTR, STM32U5F9NJH6Q, STM32U5F9VIT6Q, STM32U5F9VJT6Q, STM32U5F9ZIJ6QTR, STM32U5F9ZIT6Q, STM32U5F9ZJJ6QTR, STM32U5F9ZJT6Q, STM32U5G7VJT6, STM32U5G7VJT6Q, STM32U5G9BJY6QTR, STM32U5G9J-DK1, STM32U5G9J-DK2, STM32U5G9NJH6Q, STM32U5G9VJT6Q, STM32U5G9ZJJ6QTR, STM32U5G9ZJT6Q, STM32WB1MMCH6, STM32WBA50KEU6, STM32WBA50KEU6TR, STM32WBA50KGU6, STM32WBA50KGU6TR, STM32WBA52CEU6, STM32WBA52CEU6TR, STM32WBA52CEU7, STM32WBA52CEU7TR, STM32WBA52CGU6, STM32WBA52CGU6TR, STM32WBA52CGU6U, STM32WBA52CGU7, STM32WBA52CGU7TR, STM32WBA52KEU6, STM32WBA52KEU6TR, STM32WBA52KGU6, STM32WBA52KGU6TR, STM32WBA54CEU6, STM32WBA54CEU6TR, STM32WBA54CEU7, STM32WBA54CEU7TR, STM32WBA54CGU6, STM32WBA54CGU6TR, STM32WBA54CGU7, STM32WBA54CGU7TR, STM32WBA54KEU6, STM32WBA54KEU6TR, STM32WBA54KEU7, STM32WBA54KEU7TR, STM32WBA54KGU6, STM32WBA54KGU6TR, STM32WBA54KGU7, STM32WBA54KGU7TR, STM32WBA55CEU6, STM32WBA55CEU6TR, STM32WBA55CEU7, STM32WBA55CEU7TR, STM32WBA55CGU6, STM32WBA55CGU6TR, STM32WBA55CGU6U, STM32WBA55CGU7, STM32WBA55CGU7TR, STM32WBA55G-DK1, STM32WBA55HEF6, STM32WBA55HEF7, STM32WBA55HGF6, STM32WBA55HGF7, STM32WBA55UEI6, STM32WBA55UEI6TR, STM32WBA55UEI7, STM32WBA55UEI7TR, STM32WBA55UGI6, STM32WBA55UGI6TR, STM32WBA55UGI7, STM32WBA55UGI7TR, STM32WL5MOCH6, STM32WL5MOCH6TR]
2025-02-03 17:10:42,421 [ERROR] RealEvaluatedCondition:428 - Found unsupported composite condition: GROUP='STM32_MetaDataManager' CLASS='Data Exchange'
2025-02-03 17:10:42,422 [ERROR] RealEvaluatedCondition:428 - Found unsupported composite condition: GROUP='STM32_MetaDataManager' CLASS='Data Exchange'
2025-02-03 17:10:42,422 [WARN] PackLoader:240 - Cannot read IP mode file for STMicroelectronics.FP-SNS-MOTENV1.4.3.1
2025-02-03 17:10:42,434 [WARN] PackLoader:240 - Cannot read IP mode file for STMicroelectronics.FP-SNS-FLIGHT1.5.0.1
2025-02-03 17:10:42,454 [WARN] PackLoader:240 - Cannot read IP mode file for STMicroelectronics.X-CUBE-BLE1.6.2.3
2025-02-03 17:10:42,462 [INFO] BoardInfo:889 - No configuration file found for board NUCLEO-C071RB
2025-02-03 17:10:42,462 [INFO] DbBoards:161 - Board is not supported: NUCLEO-C071RB
2025-02-03 17:10:42,555 [WARN] PackLoader:240 - Cannot read IP mode file for STMicroelectronics.X-CUBE-MEMS1.11.0.0
2025-02-03 17:10:42,593 [INFO] BoardInfo:889 - No configuration file found for board NUCLEO-N657X0-Q
2025-02-03 17:10:42,593 [INFO] DbBoards:161 - Board is not supported: NUCLEO-N657X0-Q
2025-02-03 17:10:42,598 [INFO] BoardInfo:889 - No configuration file found for board NUCLEO-WB05KZ
2025-02-03 17:10:42,598 [INFO] DbBoards:161 - Board is not supported: NUCLEO-WB05KZ
2025-02-03 17:10:42,598 [INFO] BoardInfo:889 - No configuration file found for board NUCLEO-WB07CC
2025-02-03 17:10:42,599 [INFO] DbBoards:161 - Board is not supported: NUCLEO-WB07CC
2025-02-03 17:10:42,599 [INFO] BoardInfo:889 - No configuration file found for board NUCLEO-WB09KE
2025-02-03 17:10:42,600 [INFO] DbBoards:161 - Board is not supported: NUCLEO-WB09KE
2025-02-03 17:10:42,609 [INFO] BoardInfo:889 - No configuration file found for board P-NUCLEO-WB55
2025-02-03 17:10:42,609 [INFO] DbBoards:161 - Kit is not supported: P-NUCLEO-WB55
2025-02-03 17:10:42,615 [INFO] BoardInfo:889 - No configuration file found for board STEVAL-BFA001V1B
2025-02-03 17:10:42,616 [INFO] DbBoards:161 - Kit is not supported: STEVAL-BFA001V1B
2025-02-03 17:10:42,617 [INFO] BoardInfo:889 - No configuration file found for board STEVAL-BFA001V2B
2025-02-03 17:10:42,617 [INFO] DbBoards:161 - Kit is not supported: STEVAL-BFA001V2B
2025-02-03 17:10:42,679 [WARN] PackLoader:240 - Cannot read IP mode file for STMicroelectronics.X-CUBE-BLE1.6.2.4
2025-02-03 17:10:42,692 [WARN] PackLoader:240 - Cannot read IP mode file for STMicroelectronics.FP-SNS-FLIGHT1.5.0.2
2025-02-03 17:10:42,707 [WARN] PackLoader:240 - Cannot read IP mode file for STMicroelectronics.X-CUBE-TOF1.3.1.0
2025-02-03 17:10:42,731 [WARN] PackLoader:240 - Cannot read IP mode file for STMicroelectronics.X-CUBE-DISPLAY.3.0.0
2025-02-03 17:10:42,736 [INFO] BoardInfo:889 - No configuration file found for board STM32MP257F-DK
2025-02-03 17:10:42,736 [INFO] DbBoards:161 - Board is not supported: STM32MP257F-DK
2025-02-03 17:10:42,737 [INFO] BoardInfo:889 - No configuration file found for board STM32MP257F-EV1
2025-02-03 17:10:42,738 [INFO] DbBoards:161 - Board is not supported: STM32MP257F-EV1
2025-02-03 17:10:42,739 [INFO] BoardInfo:889 - No configuration file found for board STM32N6570-DK
2025-02-03 17:10:42,740 [INFO] DbBoards:161 - Board is not supported: STM32N6570-DK
2025-02-03 17:10:42,747 [WARN] PackLoader:240 - Cannot read IP mode file for STMicroelectronics.X-CUBE-BLE1.7.0.0
2025-02-03 17:10:42,749 [INFO] DbBoards:168 - Found 203 boards, 192 are supported
2025-02-03 17:10:42,750 [INFO] DbBoards:169 - Found 203 boards, 8 of them is supported for  Bsp
2025-02-03 17:10:42,752 [INFO] ApiDb:423 - Load user favorites file C:\Users\saksh/.stm32cubeide/favorites.boards.txt: 0 item(s)
2025-02-03 17:10:42,752 [INFO] ApiDb:427 - User favorites Boards=[]
2025-02-03 17:10:42,753 [INFO] DbBoards:198 - Set 0 / 0 favorites Boards
2025-02-03 17:10:42,755 [INFO] ApiDb:668 - CubeFinder database Data Model version=2.1
2025-02-03 17:10:42,755 [INFO] ApiDb:669 - CubeFinder database Configuration version=3.0.39
2025-02-03 17:10:42,756 [INFO] ApiDb:670 - CubeFinder database generation date=2024-12-10 (1733817889)
2025-02-03 17:10:42,756 [INFO] ApiDb:671 - CubeFinder database FW Pack versions=[FP-ATR-ASTRA1_V2.0.0, FP-SNS-FLIGHT1_V5.0.2, FP-SNS-MOTENV1_V5.0.0, FP-SNS-MOTENVWB1_V1.4.0, FP-SNS-SMARTAG2_V1.2.0, FP-SNS-STBOX1_V2.0.0, STM32Cube_FW_C0_V1.3.0, STM32Cube_FW_F4_V1.28.1, STM32Cube_FW_F7_V1.17.2, STM32Cube_FW_G0_V1.6.2, STM32Cube_FW_G4_V1.6.1, STM32Cube_FW_H5_V1.4.0, STM32Cube_FW_H7RS_V1.1.0, STM32Cube_FW_H7_V1.12.0, STM32Cube_FW_L0_V1.12.2, STM32Cube_FW_L4_V1.18.1, STM32Cube_FW_L5_V1.5.1, STM32Cube_FW_N6_V1.0.0, STM32Cube_FW_U0_V1.2.0, STM32Cube_FW_U3_V1.0.0, STM32Cube_FW_U5_V1.7.0, STM32Cube_FW_WB0_V1.1.0, STM32Cube_FW_WBA_V1.5.0, STM32Cube_FW_WB_V1.21.0, STM32Cube_FW_WL3_V1.0.0, STM32Cube_FW_WL_V1.3.0, X-CUBE-ALGOBUILD_V1.4.0, X-CUBE-ALS_V1.0.2, X-CUBE-AZRTOS-F4_V1.1.0, X-CUBE-AZRTOS-F7_V1.1.0, X-CUBE-AZRTOS-G0_V1.1.0, X-CUBE-AZRTOS-G4_V2.0.0, X-CUBE-AZRTOS-H7RS_V1.0.0, X-CUBE-AZRTOS-H7_V3.3.0, X-CUBE-AZRTOS-L4_V2.0.0, X-CUBE-AZRTOS-L5_V2.0.0, X-CUBE-AZRTOS-WB_V2.0.0, X-CUBE-AZRTOS-WL_V2.0.0, X-CUBE-BLE1_V7.0.0, X-CUBE-BLE2_V3.3.0, X-CUBE-BLEMGR_V3.1.0, X-CUBE-EEPRMA1_V5.1.0, X-CUBE-FREERTOS_V1.2.0, X-CUBE-GNSS1_V6.0.0, X-CUBE-MEMS1_V11.0.0, X-CUBE-NFC4_V3.0.0, X-CUBE-NFC7_V1.0.1, X-CUBE-SFXS2LP1_V4.0.0, X-CUBE-SUBG2_V5.0.0, X-CUBE-TOF1_V3.4.2]
2025-02-03 17:10:42,763 [WARN] PackLoader:240 - Cannot read IP mode file for STMicroelectronics.X-CUBE-NFC10.1.0.0
2025-02-03 17:10:42,786 [WARN] PackLoader:240 - Cannot read IP mode file for STMicroelectronics.X-CUBE-BLEMGR.4.0.0
2025-02-03 17:10:42,806 [WARN] PackLoader:240 - Cannot read IP mode file for STMicroelectronics.X-CUBE-TOUCHGFX.4.22.0
2025-02-03 17:10:42,852 [WARN] PackLoader:240 - Cannot read IP mode file for STMicroelectronics.X-CUBE-MEMS1.9.3.0
2025-02-03 17:10:42,927 [WARN] PackLoader:240 - Cannot read IP mode file for STMicroelectronics.X-CUBE-AI.7.2.0
2025-02-03 17:10:42,943 [WARN] PackLoader:240 - Cannot read IP mode file for STMicroelectronics.X-CUBE-BLEMGR.3.1.0
2025-02-03 17:10:42,962 [WARN] PackLoader:240 - Cannot read IP mode file for STMicroelectronics.X-CUBE-AI.10.0.0
2025-02-03 17:10:42,975 [WARN] PackLoader:240 - Cannot read IP mode file for STMicroelectronics.FP-SNS-SMARTAG2.1.2.0
2025-02-03 17:10:43,041 [WARN] PackLoader:240 - Cannot read IP mode file for STMicroelectronics.X-CUBE-MEMS1.11.1.0
2025-02-03 17:10:43,126 [INFO] LogOutputStream:77 - [STDOUT_REDIRECT] 1 : Invalid condition id : UX_CORESTACK_Condition cause : null
2025-02-03 17:10:43,128 [INFO] LogOutputStream:77 - [STDOUT_REDIRECT] 1 : Invalid condition id : UX_CORESTACK_Condition cause : null
2025-02-03 17:10:43,128 [INFO] LogOutputStream:77 - [STDOUT_REDIRECT] 1 : Invalid condition id : UX_CORESTACK_Condition cause : null
2025-02-03 17:10:43,129 [INFO] LogOutputStream:77 - [STDOUT_REDIRECT] 1 : Invalid condition id : UX_CORESTACK_Condition cause : null
2025-02-03 17:10:43,130 [INFO] LogOutputStream:77 - [STDOUT_REDIRECT] 1 : Invalid condition id : UX_CORESTACK_Condition cause : null
2025-02-03 17:10:43,131 [WARN] PackLoader:240 - Cannot read IP mode file for STMicroelectronics.X-CUBE-AZRTOS-WL.2.0.0
2025-02-03 17:10:43,146 [WARN] PackLoader:240 - Cannot read IP mode file for STMicroelectronics.FP-SNS-MOTENV1.5.0.0
2025-02-03 17:10:43,158 [WARN] PackLoader:240 - Cannot read IP mode file for wolfSSL.I-CUBE-wolfMQTT.1.19.0
2025-02-03 17:10:43,173 [WARN] PackLoader:240 - Cannot read IP mode file for WES.I-CUBE-Cesium.1.3.0
2025-02-03 17:10:43,187 [WARN] PackLoader:240 - Cannot read IP mode file for STMicroelectronics.X-CUBE-BLE2.3.3.0
2025-02-03 17:10:43,204 [WARN] PackLoader:240 - Cannot read IP mode file for STMicroelectronics.X-CUBE-DISPLAY.2.2.0
2025-02-03 17:10:43,222 [WARN] PackLoader:240 - Cannot read IP mode file for STMicroelectronics.X-CUBE-TOF1.3.2.0
2025-02-03 17:10:43,241 [WARN] PackLoader:240 - Cannot read IP mode file for STMicroelectronics.X-CUBE-ISPU.1.0.0
2025-02-03 17:10:43,262 [WARN] PackLoader:240 - Cannot read IP mode file for STMicroelectronics.X-CUBE-NFC9.1.0.0
2025-02-03 17:10:43,289 [WARN] PackLoader:240 - Cannot read IP mode file for STMicroelectronics.X-CUBE-AZRTOS-H7.2.1.0
2025-02-03 17:10:43,314 [WARN] PackLoader:240 - Cannot read IP mode file for STMicroelectronics.X-CUBE-TCPP.4.1.0
2025-02-03 17:10:43,331 [WARN] PackLoader:240 - Cannot read IP mode file for STMicroelectronics.X-CUBE-TOUCHGFX.4.21.1
2025-02-03 17:10:43,345 [WARN] PackLoader:240 - Cannot read IP mode file for STMicroelectronics.X-CUBE-TOUCHGFX.4.21.3
2025-02-03 17:10:43,356 [WARN] PackLoader:240 - Cannot read IP mode file for STMicroelectronics.X-CUBE-TOUCHGFX.4.21.4
2025-02-03 17:10:43,369 [ERROR] DbExamplesSqlite:437 - Missing JSON key: board_cpn
2025-02-03 17:10:43,370 [ERROR] DbExamplesSqlite:437 - Missing JSON key: board_cpn
2025-02-03 17:10:43,370 [ERROR] DbExamplesSqlite:437 - Missing JSON key: board_cpn
2025-02-03 17:10:43,370 [ERROR] DbExamplesSqlite:437 - Missing JSON key: board_cpn
2025-02-03 17:10:43,395 [WARN] PackLoader:240 - Cannot read IP mode file for STMicroelectronics.X-CUBE-MEMS1.9.4.0
2025-02-03 17:10:43,472 [WARN] PackLoader:240 - Cannot read IP mode file for STMicroelectronics.X-CUBE-AI.7.3.0
2025-02-03 17:10:43,487 [ERROR] DbExamplesSqlite:437 - Missing JSON key: board_cpn
2025-02-03 17:10:43,487 [ERROR] DbExamplesSqlite:437 - Missing JSON key: board_cpn
2025-02-03 17:10:43,487 [ERROR] DbExamplesSqlite:437 - Missing JSON key: board_cpn
2025-02-03 17:10:43,487 [ERROR] DbExamplesSqlite:437 - Missing JSON key: board_cpn
2025-02-03 17:10:43,487 [ERROR] DbExamplesSqlite:437 - Missing JSON key: board_cpn
2025-02-03 17:10:43,487 [ERROR] DbExamplesSqlite:437 - Missing JSON key: board_cpn
2025-02-03 17:10:43,489 [ERROR] DbExamplesSqlite:437 - Missing JSON key: board_cpn
2025-02-03 17:10:43,489 [ERROR] DbExamplesSqlite:437 - Missing JSON key: board_cpn
2025-02-03 17:10:43,489 [ERROR] DbExamplesSqlite:437 - Missing JSON key: board_cpn
2025-02-03 17:10:43,491 [WARN] PackLoader:240 - Cannot read IP mode file for STMicroelectronics.X-CUBE-ALGOBUILD.1.3.0
2025-02-03 17:10:43,521 [WARN] PackLoader:240 - Cannot read IP mode file for STMicroelectronics.X-CUBE-AZRTOS-G0.1.1.0
2025-02-03 17:10:43,544 [WARN] PackLoader:240 - Cannot read IP mode file for STMicroelectronics.X-CUBE-SAFEA1.1.2.2
2025-02-03 17:10:43,559 [WARN] PackLoader:240 - Cannot read IP mode file for STMicroelectronics.X-CUBE-NFC4.3.0.0
2025-02-03 17:10:43,604 [WARN] PackLoader:240 - Cannot read IP mode file for SEGGER.I-CUBE-embOS.1.2.0
2025-02-03 17:10:43,623 [INFO] DbExamplesSqlite:395 - Ignored 77 examples not supported by CubeIDE
2025-02-03 17:10:43,623 [INFO] DbExamplesSqlite:396 - Found 10474 examples active
2025-02-03 17:10:43,623 [INFO] DbExamplesSqlite:397 - Found 0 examples obsolete
2025-02-03 17:10:43,623 [INFO] DbExamplesSqlite:398 - Found 0 examples under development
2025-02-03 17:10:43,623 [INFO] DbExamplesSqlite:399 - Found 43 examples not building
2025-02-03 17:10:43,627 [INFO] DbExamples:125 - Found 10440 examples
2025-02-03 17:10:43,645 [WARN] PackLoader:240 - Cannot read IP mode file for EmbeddedOffice.I-CUBE-FS-RTOS.1.0.1
2025-02-03 17:10:43,645 [ERROR] ConditionMgr:805 - Attr not supported : Dmpu
2025-02-03 17:10:43,645 [ERROR] ConditionMgr:805 - Attr not supported : Dmpu
2025-02-03 17:10:43,645 [ERROR] ConditionMgr:805 - Attr not supported : Dmpu
2025-02-03 17:10:43,645 [ERROR] ConditionMgr:805 - Attr not supported : Dmpu
2025-02-03 17:10:43,645 [ERROR] ConditionMgr:805 - Attr not supported : Dmpu
2025-02-03 17:10:43,646 [ERROR] ConditionMgr:805 - Attr not supported : Dmpu
2025-02-03 17:10:43,646 [ERROR] ConditionMgr:805 - Attr not supported : Dmpu
2025-02-03 17:10:43,646 [ERROR] ConditionMgr:805 - Attr not supported : Dmpu
2025-02-03 17:10:43,646 [ERROR] ConditionMgr:805 - Attr not supported : Dmpu
2025-02-03 17:10:43,646 [ERROR] ConditionMgr:805 - Attr not supported : Dmpu
2025-02-03 17:10:43,646 [ERROR] ConditionMgr:805 - Attr not supported : Dmpu
2025-02-03 17:10:43,646 [ERROR] ConditionMgr:805 - Attr not supported : Dmpu
2025-02-03 17:10:43,646 [ERROR] ConditionMgr:805 - Attr not supported : Dmpu
2025-02-03 17:10:43,646 [ERROR] ConditionMgr:805 - Attr not supported : Dmpu
2025-02-03 17:10:43,646 [ERROR] ConditionMgr:805 - Attr not supported : Dmpu
2025-02-03 17:10:43,646 [ERROR] ConditionMgr:805 - Attr not supported : Dmpu
2025-02-03 17:10:43,646 [ERROR] ConditionMgr:805 - Attr not supported : Dmpu
2025-02-03 17:10:43,646 [ERROR] ConditionMgr:805 - Attr not supported : Dmpu
2025-02-03 17:10:43,646 [ERROR] ConditionMgr:805 - Attr not supported : Dmpu
2025-02-03 17:10:43,646 [ERROR] ConditionMgr:805 - Attr not supported : Dmpu
2025-02-03 17:10:43,646 [ERROR] ConditionMgr:805 - Attr not supported : Dmpu
2025-02-03 17:10:43,646 [ERROR] ConditionMgr:805 - Attr not supported : Dmpu
2025-02-03 17:10:43,646 [ERROR] ConditionMgr:805 - Attr not supported : Dmpu
2025-02-03 17:10:43,646 [ERROR] ConditionMgr:805 - Attr not supported : Dmpu
2025-02-03 17:10:43,646 [ERROR] ConditionMgr:805 - Attr not supported : Dmpu
2025-02-03 17:10:43,646 [ERROR] ConditionMgr:805 - Attr not supported : Dmpu
2025-02-03 17:10:43,646 [ERROR] ConditionMgr:805 - Attr not supported : Dmpu
2025-02-03 17:10:43,646 [ERROR] ConditionMgr:805 - Attr not supported : Dmpu
2025-02-03 17:10:43,646 [ERROR] ConditionMgr:805 - Attr not supported : Dmpu
2025-02-03 17:10:43,646 [ERROR] ConditionMgr:805 - Attr not supported : Dmpu
2025-02-03 17:10:43,646 [ERROR] ConditionMgr:805 - Attr not supported : Dmpu
2025-02-03 17:10:43,646 [ERROR] ConditionMgr:805 - Attr not supported : Dmpu
2025-02-03 17:10:43,646 [ERROR] ConditionMgr:805 - Attr not supported : Dmpu
2025-02-03 17:10:43,646 [ERROR] ConditionMgr:805 - Attr not supported : Dmpu
2025-02-03 17:10:43,646 [ERROR] ConditionMgr:805 - Attr not supported : Dmpu
2025-02-03 17:10:43,646 [ERROR] ConditionMgr:805 - Attr not supported : Dmpu
2025-02-03 17:10:43,646 [ERROR] ConditionMgr:805 - Attr not supported : Dmpu
2025-02-03 17:10:43,646 [ERROR] ConditionMgr:805 - Attr not supported : Dmpu
2025-02-03 17:10:43,646 [ERROR] ConditionMgr:805 - Attr not supported : Dmpu
2025-02-03 17:10:43,647 [ERROR] ConditionMgr:805 - Attr not supported : Dmpu
2025-02-03 17:10:43,647 [ERROR] ConditionMgr:805 - Attr not supported : Dmpu
2025-02-03 17:10:43,647 [ERROR] ConditionMgr:805 - Attr not supported : Dmpu
2025-02-03 17:10:43,647 [ERROR] ConditionMgr:805 - Attr not supported : Dmpu
2025-02-03 17:10:43,647 [ERROR] ConditionMgr:805 - Attr not supported : Dmpu
2025-02-03 17:10:43,647 [ERROR] ConditionMgr:805 - Attr not supported : Dmpu
2025-02-03 17:10:43,647 [ERROR] ConditionMgr:805 - Attr not supported : Dmpu
2025-02-03 17:10:43,647 [ERROR] ConditionMgr:805 - Attr not supported : Dmpu
2025-02-03 17:10:43,647 [ERROR] ConditionMgr:805 - Attr not supported : Dmpu
2025-02-03 17:10:43,647 [ERROR] ConditionMgr:805 - Attr not supported : Dmpu
2025-02-03 17:10:43,647 [ERROR] ConditionMgr:805 - Attr not supported : Dmpu
2025-02-03 17:10:43,647 [ERROR] ConditionMgr:805 - Attr not supported : Dmpu
2025-02-03 17:10:43,647 [ERROR] ConditionMgr:805 - Attr not supported : Dmpu
2025-02-03 17:10:43,647 [ERROR] ConditionMgr:805 - Attr not supported : Dmpu
2025-02-03 17:10:43,647 [ERROR] ConditionMgr:805 - Attr not supported : Dmpu
2025-02-03 17:10:43,647 [ERROR] ConditionMgr:805 - Attr not supported : Dmpu
2025-02-03 17:10:43,647 [ERROR] ConditionMgr:805 - Attr not supported : Dmpu
2025-02-03 17:10:43,647 [ERROR] ConditionMgr:805 - Attr not supported : Dmpu
2025-02-03 17:10:43,647 [ERROR] ConditionMgr:805 - Attr not supported : Dmpu
2025-02-03 17:10:43,647 [ERROR] ConditionMgr:805 - Attr not supported : Dmpu
2025-02-03 17:10:43,647 [ERROR] ConditionMgr:805 - Attr not supported : Dmpu
2025-02-03 17:10:43,647 [ERROR] ConditionMgr:805 - Attr not supported : Dmpu
2025-02-03 17:10:43,647 [ERROR] ConditionMgr:805 - Attr not supported : Dmpu
2025-02-03 17:10:43,647 [ERROR] ConditionMgr:805 - Attr not supported : Dmpu
2025-02-03 17:10:43,647 [ERROR] ConditionMgr:805 - Attr not supported : Dmpu
2025-02-03 17:10:43,666 [WARN] PackLoader:240 - Cannot read IP mode file for STMicroelectronics.X-CUBE-BLEMGR.3.0.0
2025-02-03 17:10:43,692 [WARN] PackLoader:240 - Cannot read IP mode file for STMicroelectronics.X-CUBE-BLEMGR.1.3.0
2025-02-03 17:10:43,713 [ERROR] Engine:466 - C:\Users\saksh\.stm32cubemx\thirdparties\pdsc\STMicroelectronics.X-CUBE-TCPP.4.2.0.pdsc: PDSC version is not supported
2025-02-03 17:10:43,727 [ERROR] DbExamples:208 - Found 551 examples with invalid data (board or MCU)
2025-02-03 17:10:43,727 [WARN] PackLoader:240 - Cannot read IP mode file for RealThread.X-CUBE-RT-Thread_Nano.4.1.1
2025-02-03 17:10:43,727 [INFO] DbExamples:222 - Found 126 boards with related examples
2025-02-03 17:10:43,730 [INFO] DbExamples:235 - Found 106 MCUs with related examples
2025-02-03 17:10:43,741 [WARN] PackLoader:240 - Cannot read IP mode file for STMicroelectronics.FP-ATR-SIGFOX1.3.2.0
2025-02-03 17:10:43,744 [INFO] ApiDb:423 - Load user favorites file C:\Users\saksh/.stm32cubeide/favorites.examples.txt: 0 item(s)
2025-02-03 17:10:43,745 [INFO] ApiDb:427 - User favorites Examples=[]
2025-02-03 17:10:43,745 [INFO] DbExamples:250 - Set 0 / 0 favorites Examples
2025-02-03 17:10:43,754 [WARN] ConditionMgr:438 - getConditionDescription Invalid condition id : Cortex-A Device cause : null
2025-02-03 17:10:43,769 [WARN] ConditionMgr:1039 - genDependencies : Invalid condition id : Cortex-A Device cause : null
2025-02-03 17:10:43,769 [WARN] ConditionMgr:1039 - genDependencies : Invalid condition id : Cortex-A Device cause : null
2025-02-03 17:10:43,769 [WARN] ConditionMgr:1039 - genDependencies : Invalid condition id : Cortex-A Device cause : null
2025-02-03 17:10:43,781 [WARN] PackLoader:240 - Cannot read IP mode file for STMicroelectronics.X-CUBE-EEPRMA1.5.1.0
2025-02-03 17:10:43,793 [WARN] PackLoader:240 - Cannot read IP mode file for emotas.I-CUBE-CANOPEN.1.1.2
2025-02-03 17:10:43,805 [WARN] PackLoader:240 - Cannot read IP mode file for STMicroelectronics.X-CUBE-TOUCHGFX.4.20.0
2025-02-03 17:10:43,846 [WARN] PackLoader:240 - Cannot read IP mode file for STMicroelectronics.X-CUBE-MEMS1.9.5.0
2025-02-03 17:10:43,938 [WARN] PackLoader:240 - Cannot read IP mode file for SEGGER.I-CUBE-embOS.1.3.1
2025-02-03 17:10:43,981 [WARN] PackLoader:240 - Cannot read IP mode file for STMicroelectronics.X-CUBE-ALGOBUILD.1.4.0
2025-02-03 17:10:43,997 [WARN] PackLoader:240 - Cannot read IP mode file for STMicroelectronics.X-CUBE-AI.9.1.0
2025-02-03 17:10:44,017 [WARN] PackLoader:240 - Cannot read IP mode file for STMicroelectronics.X-CUBE-GNSS1.6.0.0
2025-02-03 17:10:44,041 [WARN] PackLoader:240 - Cannot read IP mode file for STMicroelectronics.X-CUBE-AZRTOS-F4.1.1.0
2025-02-03 17:10:44,055 [WARN] PackLoader:240 - Cannot read IP mode file for STMicroelectronics.X-CUBE-ISPU.2.1.0
2025-02-03 17:10:44,071 [WARN] PackLoader:240 - Cannot read IP mode file for STMicroelectronics.X-CUBE-FREERTOS.1.2.0
2025-02-03 17:10:44,089 [WARN] PackLoader:240 - Cannot read IP mode file for STMicroelectronics.X-CUBE-BLEMGR.1.2.0
2025-02-03 17:10:44,116 [WARN] PackLoader:240 - Cannot read IP mode file for STMicroelectronics.X-CUBE-AZRTOS-L5.2.0.0
2025-02-03 17:10:44,127 [INFO] McuFinderGlobals:76 - Set McuFinderConnectedMode to true
2025-02-03 17:10:44,138 [INFO] MultiScanPanel:200 - Auto-refresh data requested => check proxy status ongoing
2025-02-03 17:10:44,141 [INFO] FinderPluginLoader:95 - Searching for filters in installed packs
2025-02-03 17:10:44,168 [WARN] PackLoader:240 - Cannot read IP mode file for STMicroelectronics.X-CUBE-MEMS1.9.6.0
2025-02-03 17:10:44,250 [WARN] PackLoader:240 - Cannot read IP mode file for STMicroelectronics.X-CUBE-EEPRMA1.4.2.0
2025-02-03 17:10:44,268 [WARN] PackLoader:240 - Cannot read IP mode file for STMicroelectronics.X-CUBE-NFC6.3.1.0
2025-02-03 17:10:44,286 [WARN] PackLoader:240 - Cannot read IP mode file for ITTIA_DB.I-CUBE-ITTIADB.8.8.0
2025-02-03 17:10:44,302 [WARN] PackLoader:240 - Cannot read IP mode file for STMicroelectronics.X-CUBE-BLEMGR.2.0.0
2025-02-03 17:10:44,314 [WARN] PackLoader:240 - Cannot read IP mode file for STMicroelectronics.X-CUBE-DPower.1.2.0
2025-02-03 17:10:44,327 [WARN] PackLoader:240 - Cannot read IP mode file for STMicroelectronics.X-CUBE-NFC4.2.0.4
2025-02-03 17:10:44,339 [WARN] PackLoader:240 - Cannot read IP mode file for STMicroelectronics.X-CUBE-AI.9.0.0
2025-02-03 17:10:44,360 [WARN] ConditionMgr:438 - getConditionDescription Invalid condition id : UX DEVICE CLASS RTOS Condition cause : null
2025-02-03 17:10:44,360 [WARN] ConditionMgr:438 - getConditionDescription Invalid condition id : UX DEVICE CLASS RTOS Condition cause : null
2025-02-03 17:10:44,362 [WARN] PackLoader:240 - Cannot read IP mode file for STMicroelectronics.X-CUBE-AZRTOS-H7.3.1.0
2025-02-03 17:10:44,362 [WARN] ConditionMgr:1039 - genDependencies : Invalid condition id : UX DEVICE CLASS RTOS Condition cause : null
2025-02-03 17:10:44,363 [WARN] ConditionMgr:1039 - genDependencies : Invalid condition id : UX DEVICE CLASS RTOS Condition cause : null
2025-02-03 17:10:44,363 [WARN] ConditionMgr:1039 - genDependencies : Invalid condition id : UX DEVICE CLASS RTOS Condition cause : null
2025-02-03 17:10:44,363 [WARN] ConditionMgr:1039 - genDependencies : Invalid condition id : UX DEVICE CLASS RTOS Condition cause : null
2025-02-03 17:10:44,363 [WARN] ConditionMgr:1039 - genDependencies : Invalid condition id : UX DEVICE CLASS RTOS Condition cause : null
2025-02-03 17:10:44,374 [WARN] PackLoader:240 - Cannot read IP mode file for wolfSSL.I-CUBE-wolfSSL.5.5.0
2025-02-03 17:10:44,385 [WARN] PackLoader:240 - Cannot read IP mode file for STMicroelectronics.X-CUBE-FREERTOS.1.3.0
2025-02-03 17:10:44,397 [WARN] PackLoader:240 - Cannot read IP mode file for STMicroelectronics.X-CUBE-NFC7.1.0.1
2025-02-03 17:10:44,410 [WARN] PackLoader:240 - Cannot read IP mode file for STMicroelectronics.X-CUBE-NFC7.1.0.0
2025-02-03 17:10:44,422 [WARN] PackLoader:240 - Cannot read IP mode file for wolfSSL.I-CUBE-wolfTPM.3.2.0
2025-02-03 17:10:44,434 [WARN] PackLoader:240 - Cannot read IP mode file for STMicroelectronics.X-CUBE-NFC6.3.0.0
2025-02-03 17:10:44,448 [WARN] PackLoader:240 - Cannot read IP mode file for STMicroelectronics.X-CUBE-EEPRMA1.4.1.0
2025-02-03 17:10:44,461 [WARN] PackLoader:240 - Cannot read IP mode file for STMicroelectronics.X-CUBE-AI.8.1.0
2025-02-03 17:10:44,484 [WARN] ConditionMgr:438 - getConditionDescription Invalid condition id : LAN8742 Phy interface Condition cause : null
2025-02-03 17:10:44,485 [WARN] PackLoader:240 - Cannot read IP mode file for STMicroelectronics.X-CUBE-AZRTOS-L4.2.0.0
2025-02-03 17:10:44,485 [WARN] ConditionMgr:1039 - genDependencies : Invalid condition id : LAN8742 Phy interface Condition cause : null
2025-02-03 17:10:44,485 [WARN] ConditionMgr:1039 - genDependencies : Invalid condition id : LAN8742 Phy interface Condition cause : null
2025-02-03 17:10:44,485 [WARN] ConditionMgr:1039 - genDependencies : Invalid condition id : LAN8742 Phy interface Condition cause : null
2025-02-03 17:10:44,501 [WARN] PackLoader:240 - Cannot read IP mode file for STMicroelectronics.X-CUBE-SFXS2LP1.4.0.0
2025-02-03 17:10:44,525 [WARN] PackLoader:240 - Cannot read IP mode file for STMicroelectronics.X-CUBE-AZRTOS-H7.3.0.0
2025-02-03 17:10:44,539 [WARN] PackLoader:240 - Cannot read IP mode file for STMicroelectronics.X-CUBE-ISPU.1.1.0
2025-02-03 17:10:44,565 [WARN] PackLoader:240 - Cannot read IP mode file for STMicroelectronics.X-CUBE-AZRTOS-H7.3.3.0
2025-02-03 17:10:44,581 [WARN] PackLoader:240 - Cannot read IP mode file for RoweBots.I-CUBE-UNISONRTOS.5.5.0-4
2025-02-03 17:10:44,596 [WARN] PackLoader:240 - Cannot read IP mode file for STMicroelectronics.X-CUBE-AI.8.0.0
2025-02-03 17:10:44,610 [WARN] PackLoader:240 - Cannot read IP mode file for STMicroelectronics.X-CUBE-IPS.3.0.0
2025-02-03 17:10:44,629 [WARN] ConditionMgr:438 - getConditionDescription Invalid condition id : UX DEVICE CLASS RTOS Condition cause : null
2025-02-03 17:10:44,629 [WARN] ConditionMgr:438 - getConditionDescription Invalid condition id : UX DEVICE CLASS RTOS Condition cause : null
2025-02-03 17:10:44,630 [WARN] PackLoader:240 - Cannot read IP mode file for STMicroelectronics.X-CUBE-AZRTOS-WB.2.0.0
2025-02-03 17:10:44,630 [WARN] ConditionMgr:1039 - genDependencies : Invalid condition id : UX DEVICE CLASS RTOS Condition cause : null
2025-02-03 17:10:44,630 [WARN] ConditionMgr:1039 - genDependencies : Invalid condition id : UX DEVICE CLASS RTOS Condition cause : null
2025-02-03 17:10:44,631 [WARN] ConditionMgr:1039 - genDependencies : Invalid condition id : UX DEVICE CLASS RTOS Condition cause : null
2025-02-03 17:10:44,631 [WARN] ConditionMgr:1039 - genDependencies : Invalid condition id : UX DEVICE CLASS RTOS Condition cause : null
2025-02-03 17:10:44,631 [WARN] ConditionMgr:1039 - genDependencies : Invalid condition id : UX DEVICE CLASS RTOS Condition cause : null
2025-02-03 17:10:44,641 [WARN] PackLoader:240 - Cannot read IP mode file for STMicroelectronics.X-CUBE-FREERTOS.1.0.0
2025-02-03 17:10:44,651 [WARN] PackLoader:240 - Cannot read IP mode file for STMicroelectronics.X-CUBE-FREERTOS.1.0.1
2025-02-03 17:10:44,663 [WARN] PackLoader:240 - Cannot read IP mode file for STMicroelectronics.X-CUBE-GNSS1.7.0.0
2025-02-03 17:10:44,680 [WARN] PackLoader:240 - Cannot read IP mode file for STMicroelectronics.X-CUBE-GNSS1.7.0.1
2025-02-03 17:10:44,694 [WARN] PackLoader:240 - Cannot read IP mode file for STMicroelectronics.X-CUBE-BLEMGR.1.0.0
2025-02-03 17:10:44,712 [WARN] PackLoader:240 - Cannot read IP mode file for STMicroelectronics.FP-SNS-STBOX1.2.0.0
2025-02-03 17:10:44,737 [WARN] PackLoader:240 - Cannot read IP mode file for STMicroelectronics.X-CUBE-AZRTOS-L5.1.1.0
2025-02-03 17:10:44,749 [WARN] PackLoader:240 - Cannot read IP mode file for STMicroelectronics.X-CUBE-AI.8.0.1
2025-02-03 17:10:44,762 [WARN] PackLoader:240 - Cannot read IP mode file for STMicroelectronics.X-CUBE-SUBG2.5.0.0
2025-02-03 17:10:44,779 [WARN] PackLoader:240 - Cannot read IP mode file for STMicroelectronics.X-CUBE-TOF1.3.3.1
2025-02-03 17:10:44,802 [WARN] PackLoader:240 - Cannot read IP mode file for STMicroelectronics.X-CUBE-AZRTOS-G4.2.0.0
2025-02-03 17:10:44,819 [WARN] PackLoader:240 - Cannot read IP mode file for STMicroelectronics.X-CUBE-TOF1.3.3.0
2025-02-03 17:10:44,832 [WARN] PackLoader:240 - Cannot read IP mode file for STMicroelectronics.FP-ATR-ASTRA1.1.1.1
2025-02-03 17:10:44,864 [WARN] PackLoader:240 - Cannot read IP mode file for Infineon.AIROC-Wi-Fi-Bluetooth-STM32.1.5.1
2025-02-03 17:10:44,883 [WARN] PackLoader:240 - Cannot read IP mode file for STMicroelectronics.FP-SNS-MOTENVWB1.1.3.1
2025-02-03 17:10:44,908 [WARN] PackLoader:240 - Cannot read IP mode file for STMicroelectronics.X-CUBE-AZRTOS-G4.1.0.0
2025-02-03 17:10:44,951 [WARN] PackLoader:240 - Cannot read IP mode file for STMicroelectronics.X-CUBE-AZRTOS-L4.1.0.0
2025-02-03 17:10:44,971 [WARN] PackLoader:240 - Cannot read IP mode file for STMicroelectronics.X-CUBE-ISPU.2.0.0
2025-02-03 17:10:44,989 [ERROR] Engine:466 - C:\Users\saksh\.stm32cubemx\thirdparties\pdsc\STMicroelectronics.X-CUBE-IPS.3.1.0.pdsc: PDSC version is not supported
2025-02-03 17:10:45,006 [WARN] PackLoader:240 - Cannot read IP mode file for STMicroelectronics.X-CUBE-ALS.1.0.2
2025-02-03 17:10:45,051 [WARN] PackLoader:240 - Cannot read IP mode file for STMicroelectronics.X-CUBE-MEMS1.10.0.0
2025-02-03 17:10:45,120 [WARN] PackLoader:240 - Cannot read IP mode file for STMicroelectronics.X-CUBE-FREERTOS.1.1.0
2025-02-03 17:10:45,140 [WARN] PackLoader:240 - Cannot read IP mode file for STMicroelectronics.X-CUBE-TOUCHGFX.4.24.0
2025-02-03 17:10:45,158 [WARN] PackLoader:240 - Cannot read IP mode file for STMicroelectronics.X-CUBE-TOUCHGFX.4.24.2
2025-02-03 17:10:45,185 [WARN] PackLoader:240 - Cannot read IP mode file for STMicroelectronics.X-CUBE-AZRTOS-WL.1.0.0
2025-02-03 17:10:45,197 [WARN] PackLoader:240 - Cannot read IP mode file for STMicroelectronics.X-CUBE-TOUCHGFX.4.24.1
2025-02-03 17:10:45,211 [WARN] PackLoader:240 - Cannot read IP mode file for portGmbH.I-Cube-SoM-uGOAL.1.1.0
2025-02-03 17:10:45,222 [WARN] PackLoader:240 - Cannot read IP mode file for STMicroelectronics.X-CUBE-ALS.1.0.1
2025-02-03 17:10:45,240 [WARN] PackLoader:240 - Cannot read IP mode file for STMicroelectronics.X-CUBE-AZRTOS-WB.1.1.0
2025-02-03 17:10:45,258 [WARN] PackLoader:240 - Cannot read IP mode file for STMicroelectronics.X-CUBE-AZRTOS-L5.1.0.0
2025-02-03 17:10:45,273 [WARN] PackLoader:240 - Cannot read IP mode file for STMicroelectronics.X-CUBE-EEPRMA1.3.1.1
2025-02-03 17:10:45,301 [WARN] PackLoader:240 - Cannot read IP mode file for STMicroelectronics.X-CUBE-AZRTOS-H7RS.1.0.0
2025-02-03 17:10:45,307 [INFO] LoadUrlFilesThread:185 - End of LoadServerUrlFiles without Thread
2025-02-03 17:10:45,315 [INFO] DetailPanel:341 - Set advertising image to C:/Users/saksh/STM32Cube/Repository/\en.prom-stm32n6-mcu-finder.png
2025-02-03 17:10:45,316 [WARN] PackLoader:240 - Cannot read IP mode file for STMicroelectronics.FP-ATR-ASTRA1.2.0.0
2025-02-03 17:10:45,335 [WARN] PackLoader:240 - Cannot read IP mode file for STMicroelectronics.X-CUBE-TOF1.3.4.2
2025-02-03 17:10:45,359 [WARN] PackLoader:240 - Cannot read IP mode file for STMicroelectronics.X-CUBE-TOF1.3.4.0
2025-02-03 17:10:45,385 [WARN] PackLoader:240 - Cannot read IP mode file for STMicroelectronics.X-CUBE-TOF1.3.4.1
2025-02-03 17:10:45,437 [WARN] PackLoader:240 - Cannot read IP mode file for STMicroelectronics.X-CUBE-AZRTOS-H7.3.2.0
2025-02-03 17:10:45,456 [WARN] PackLoader:240 - Cannot read IP mode file for wolfSSL.I-CUBE-wolfSSH.1.4.17
2025-02-03 17:10:45,457 [INFO] ThirdParty:978 - Integrity check success = true
2025-02-03 17:10:45,457 [INFO] IntegrityCheckThread:100 - exiting critical section [integrity check]
2025-02-03 17:10:45,457 [INFO] IntegrityCheckThread:103 - End integrity checks thread
2025-02-03 17:11:36,533 [INFO] MainUpdater:2873 - connection check result : 10
2025-02-03 17:11:36,533 [INFO] MainUpdater:2873 - connection check result : 10
2025-02-03 17:11:36,554 [INFO] MicroXplorer:468 - Change Database Path : 
2025-02-03 17:11:36,554 [INFO] MicroXplorer:498 - Change Database Version : DB.6.0.111
2025-02-03 17:11:36,558 [WARN] ThirdParty:871 - waiting for thirdparty lock release [close project]
2025-02-03 17:11:36,558 [INFO] ThirdParty:873 - entering critical section [close project]
2025-02-03 17:11:36,559 [INFO] ThirdParty:883 - exiting critical section [close project]
2025-02-03 17:11:36,559 [INFO] PinOutPanel:1561 - setPackage(No Configuration,No Configuration)
2025-02-03 17:11:36,561 [INFO] UtilMem:75 - Begin LoadConfig() Used Memory: 355218960 Bytes (670040064)
2025-02-03 17:11:36,562 [INFO] MicroXplorer:468 - Change Database Path : 
2025-02-03 17:11:36,562 [INFO] MicroXplorer:498 - Change Database Version : DB.6.0.111
2025-02-03 17:11:36,562 [INFO] OpenFileManager:312 - Change cursor
2025-02-03 17:11:36,646 [INFO] Mcu:2021 - Initializing MCU STM32F103CBTx STM32F103CBTx STM32F103CBT6
2025-02-03 17:11:37,206 [INFO] Context:663 - Trying to add GPIOservice into a context  which must be forbidden
2025-02-03 17:11:37,342 [INFO] ImportTextPane:194 - (OptionalMessage_ERROR) Unable to find key (Mcu.ThirdPartyNb) in loaded IOC file
2025-02-03 17:11:37,342 [INFO] ImportTextPane:194 - (OptionalMessage_ERROR) Unable to find key (Mcu.PinsNb) in loaded IOC file
2025-02-03 17:11:37,342 [INFO] ImportTextPane:194 - (OptionalMessage_ERROR) Unable to find key (Mcu.IPNb) in loaded IOC file
2025-02-03 17:11:37,495 [INFO] RtosManager:555 - Registered RTOS mode: class=CMSIS, group=RTOS, mode=CMSIS_V1, owner=FREERTOS
2025-02-03 17:11:37,495 [INFO] RtosManager:555 - Registered RTOS mode: class=CMSIS, group=RTOS2, mode=CMSIS_V2, owner=FREERTOS
2025-02-03 17:11:37,495 [INFO] RtosManager:555 - Registered RTOS mode: class=RTOS, group=Core, mode=CMSIS_V1, owner=FREERTOS
2025-02-03 17:11:37,495 [INFO] RtosManager:555 - Registered RTOS mode: class=RTOS, group=Core, mode=CMSIS_V2, owner=FREERTOS
2025-02-03 17:11:37,495 [WARN] ModelIntegratedComponent:184 - Missing modes for component STMicroelectronics:FreeRTOS:0.0.1:STMicroelectronics:RTOS:FreeRTOS:Core:::10.2.0:
2025-02-03 17:11:37,499 [WARN] ModelIntegratedComponent:63 - No mode defined for component null
2025-02-03 17:11:37,499 [WARN] ModelIntegratedComponent:63 - No mode defined for component null
2025-02-03 17:11:37,499 [WARN] ModelIntegratedComponent:63 - No mode defined for component null
2025-02-03 17:11:37,499 [WARN] ModelIntegratedComponent:63 - No mode defined for component null
2025-02-03 17:11:37,499 [WARN] ModelIntegratedComponent:63 - No mode defined for component null
2025-02-03 17:11:37,499 [WARN] ModelIntegratedComponent:63 - No mode defined for component null
2025-02-03 17:11:37,499 [WARN] ModelIntegratedComponent:63 - No mode defined for component null
2025-02-03 17:11:37,499 [WARN] ModelIntegratedComponent:63 - No mode defined for component null
2025-02-03 17:11:37,499 [WARN] ModelIntegratedComponent:63 - No mode defined for component null
2025-02-03 17:11:37,499 [WARN] ModelIntegratedComponent:63 - No mode defined for component null
2025-02-03 17:11:37,499 [WARN] ModelIntegratedComponent:63 - No mode defined for component null
2025-02-03 17:11:37,499 [WARN] ModelIntegratedComponent:63 - No mode defined for component null
2025-02-03 17:11:37,499 [WARN] ModelIntegratedComponent:63 - No mode defined for component null
2025-02-03 17:11:37,499 [WARN] ModelIntegratedComponent:63 - No mode defined for component null
2025-02-03 17:11:37,499 [WARN] ModelIntegratedComponent:63 - No mode defined for component null
2025-02-03 17:11:37,499 [WARN] ModelIntegratedComponent:63 - No mode defined for component null
2025-02-03 17:11:37,499 [WARN] ModelIntegratedComponent:63 - No mode defined for component null
2025-02-03 17:11:37,499 [WARN] ModelIntegratedComponent:63 - No mode defined for component null
2025-02-03 17:11:37,499 [WARN] ModelIntegratedComponent:63 - No mode defined for component null
2025-02-03 17:11:37,499 [WARN] ModelIntegratedComponent:63 - No mode defined for component null
2025-02-03 17:11:37,499 [WARN] ModelIntegratedComponent:63 - No mode defined for component null
2025-02-03 17:11:37,499 [WARN] ModelIntegratedComponent:63 - No mode defined for component null
2025-02-03 17:11:37,499 [WARN] ModelIntegratedComponent:63 - No mode defined for component null
2025-02-03 17:11:37,499 [WARN] ModelIntegratedComponent:63 - No mode defined for component null
2025-02-03 17:11:37,499 [WARN] ModelIntegratedComponent:63 - No mode defined for component null
2025-02-03 17:11:37,499 [WARN] ModelIntegratedComponent:63 - No mode defined for component null
2025-02-03 17:11:37,499 [WARN] ModelIntegratedComponent:63 - No mode defined for component null
2025-02-03 17:11:37,499 [WARN] ModelIntegratedComponent:63 - No mode defined for component null
2025-02-03 17:11:37,499 [WARN] ModelIntegratedComponent:63 - No mode defined for component null
2025-02-03 17:11:37,499 [WARN] ModelIntegratedComponent:63 - No mode defined for component null
2025-02-03 17:11:37,499 [WARN] ModelIntegratedComponent:63 - No mode defined for component null
2025-02-03 17:11:37,499 [WARN] ModelIntegratedComponent:63 - No mode defined for component null
2025-02-03 17:11:37,499 [WARN] ModelIntegratedComponent:63 - No mode defined for component null
2025-02-03 17:11:37,499 [WARN] ModelIntegratedComponent:63 - No mode defined for component null
2025-02-03 17:11:37,762 [INFO] ThirdPartyModel:298 - Start build external matchings
2025-02-03 17:11:40,439 [INFO] ThirdPartyModel:316 - End build external matchings
2025-02-03 17:11:40,608 [INFO] UtilMem:75 - End LoadConfig() Used Memory: 530440560 Bytes (670040064)
2025-02-03 17:11:40,627 [WARN] ThirdParty:833 - waiting for thirdparty lock release [change project]
2025-02-03 17:11:40,628 [INFO] ThirdParty:835 - entering critical section [change project]
2025-02-03 17:11:40,628 [INFO] ThirdParty:1030 - CMSIS Pack Vendor :STMicroelectronics USBPD 4.1
2025-02-03 17:11:40,628 [INFO] ThirdParty:1030 - CMSIS Pack Vendor :STMicroelectronics X-CUBE-GNSS1 6.0.0
2025-02-03 17:11:40,628 [INFO] ThirdParty:1030 - CMSIS Pack Vendor :STMicroelectronics USB_HOST 2.0.0
2025-02-03 17:11:40,628 [INFO] ThirdParty:1030 - CMSIS Pack Vendor :STMicroelectronics FP-SNS-MOTENVWB1 1.4.0
2025-02-03 17:11:40,628 [INFO] ThirdParty:1030 - CMSIS Pack Vendor :STMicroelectronics X-CUBE-AZRTOS-F4 1.1.0
2025-02-03 17:11:40,628 [INFO] ThirdParty:1030 - CMSIS Pack Vendor :STMicroelectronics LIBJPEG 8.0.0
2025-02-03 17:11:40,628 [INFO] ThirdParty:1030 - CMSIS Pack Vendor :STMicroelectronics FP-ATR-ASTRA1 2.0.1
2025-02-03 17:11:40,628 [INFO] ThirdParty:1030 - CMSIS Pack Vendor :STMicroelectronics X-CUBE-SMBUS 2.1.0
2025-02-03 17:11:40,628 [INFO] ThirdParty:1030 - CMSIS Pack Vendor :STMicroelectronics X-CUBE-WB05N 1.1.0
2025-02-03 17:11:40,628 [INFO] ThirdParty:1030 - CMSIS Pack Vendor :STMicroelectronics X-CUBE-ISPU 2.1.0
2025-02-03 17:11:40,628 [INFO] ThirdParty:1030 - CMSIS Pack Vendor :STMicroelectronics X-CUBE-FREERTOS 1.2.0
2025-02-03 17:11:40,628 [INFO] ThirdParty:1030 - CMSIS Pack Vendor :STMicroelectronics X-CUBE-TOUCHGFX 4.23.1
2025-02-03 17:11:40,628 [INFO] ThirdParty:1030 - CMSIS Pack Vendor :STMicroelectronics X-CUBE-TOUCHGFX 4.23.0
2025-02-03 17:11:40,628 [INFO] ThirdParty:1030 - CMSIS Pack Vendor :STMicroelectronics X-CUBE-BLEMGR 1.2.0
2025-02-03 17:11:40,628 [INFO] ThirdParty:1030 - CMSIS Pack Vendor :STMicroelectronics X-CUBE-TOUCHGFX 4.23.2
2025-02-03 17:11:40,628 [INFO] ThirdParty:1030 - CMSIS Pack Vendor :STMicroelectronics X-CUBE-AZRTOS-F7 1.1.0
2025-02-03 17:11:40,628 [INFO] ThirdParty:1030 - CMSIS Pack Vendor :STMicroelectronics X-CUBE-AZRTOS-L5 2.0.0
2025-02-03 17:11:40,628 [INFO] ThirdParty:1030 - CMSIS Pack Vendor :STMicroelectronics USB_DEVICE 2.0.0
2025-02-03 17:11:40,628 [INFO] ThirdParty:1030 - CMSIS Pack Vendor :STMicroelectronics X-CUBE-MEMS1 9.6.0
2025-02-03 17:11:40,628 [INFO] ThirdParty:1030 - CMSIS Pack Vendor :STMicroelectronics X-CUBE-EEPRMA1 4.2.0
2025-02-03 17:11:40,628 [INFO] ThirdParty:1030 - CMSIS Pack Vendor :STMicroelectronics X-CUBE-NFC6 3.1.0
2025-02-03 17:11:40,628 [INFO] ThirdParty:1030 - CMSIS Pack Vendor :ITTIA_DB I-CUBE-ITTIADB 8.8.0
2025-02-03 17:11:40,628 [INFO] ThirdParty:1030 - CMSIS Pack Vendor :STMicroelectronics FP-SNS-MOTENV1 4.3.0
2025-02-03 17:11:40,628 [INFO] ThirdParty:1030 - CMSIS Pack Vendor :STMicroelectronics FP-SNS-MOTENV1 4.3.2
2025-02-03 17:11:40,628 [INFO] ThirdParty:1030 - CMSIS Pack Vendor :STMicroelectronics FP-SNS-FLIGHT1 5.0.0
2025-02-03 17:11:40,629 [INFO] ThirdParty:1030 - CMSIS Pack Vendor :STMicroelectronics FP-SNS-MOTENV1 4.3.1
2025-02-03 17:11:40,629 [INFO] ThirdParty:1030 - CMSIS Pack Vendor :STMicroelectronics FP-SNS-FLIGHT1 5.0.1
2025-02-03 17:11:40,629 [INFO] ThirdParty:1030 - CMSIS Pack Vendor :STMicroelectronics X-CUBE-BLE1 6.2.3
2025-02-03 17:11:40,629 [INFO] ThirdParty:1030 - CMSIS Pack Vendor :STMicroelectronics X-CUBE-MEMS1 11.0.0
2025-02-03 17:11:40,629 [INFO] ThirdParty:1030 - CMSIS Pack Vendor :STMicroelectronics X-CUBE-BLE1 6.2.4
2025-02-03 17:11:40,629 [INFO] ThirdParty:1030 - CMSIS Pack Vendor :STMicroelectronics FreeRTOS 0.0.1
2025-02-03 17:11:40,629 [INFO] ThirdParty:1030 - CMSIS Pack Vendor :STMicroelectronics X-CUBE-BLEMGR 2.0.0
2025-02-03 17:11:40,629 [INFO] ThirdParty:1030 - CMSIS Pack Vendor :STMicroelectronics X-CUBE-DPower 1.2.0
2025-02-03 17:11:40,629 [INFO] ThirdParty:1030 - CMSIS Pack Vendor :STMicroelectronics FP-SNS-FLIGHT1 5.0.2
2025-02-03 17:11:40,629 [INFO] ThirdParty:1030 - CMSIS Pack Vendor :STMicroelectronics X-CUBE-NFC4 2.0.4
2025-02-03 17:11:40,629 [INFO] ThirdParty:1030 - CMSIS Pack Vendor :STMicroelectronics X-CUBE-AI 9.0.0
2025-02-03 17:11:40,629 [INFO] ThirdParty:1030 - CMSIS Pack Vendor :STMicroelectronics X-CUBE-AZRTOS-H7 3.1.0
2025-02-03 17:11:40,629 [INFO] ThirdParty:1030 - CMSIS Pack Vendor :STMicroelectronics PDM2PCM 3.3.0
2025-02-03 17:11:40,629 [INFO] ThirdParty:1030 - CMSIS Pack Vendor :STMicroelectronics X-CUBE-TOF1 3.1.0
2025-02-03 17:11:40,629 [INFO] ThirdParty:1030 - CMSIS Pack Vendor :STMicroelectronics X-CUBE-DISPLAY 3.0.0
2025-02-03 17:11:40,629 [INFO] ThirdParty:1030 - CMSIS Pack Vendor :STMicroelectronics X-CUBE-BLE1 7.0.0
2025-02-03 17:11:40,629 [INFO] ThirdParty:1030 - CMSIS Pack Vendor :STMicroelectronics X-CUBE-NFC10 1.0.0
2025-02-03 17:11:40,629 [INFO] ThirdParty:1030 - CMSIS Pack Vendor :wolfSSL I-CUBE-wolfSSL 5.5.0
2025-02-03 17:11:40,629 [INFO] ThirdParty:1030 - CMSIS Pack Vendor :STMicroelectronics X-CUBE-BLEMGR 4.0.0
2025-02-03 17:11:40,629 [INFO] ThirdParty:1030 - CMSIS Pack Vendor :STMicroelectronics HAL Drivers 0.0.0
2025-02-03 17:11:40,629 [INFO] ThirdParty:1030 - CMSIS Pack Vendor :STMicroelectronics X-CUBE-FREERTOS 1.3.0
2025-02-03 17:11:40,629 [INFO] ThirdParty:1030 - CMSIS Pack Vendor :STMicroelectronics X-CUBE-TOUCHGFX 4.22.0
2025-02-03 17:11:40,629 [INFO] ThirdParty:1030 - CMSIS Pack Vendor :STMicroelectronics X-CUBE-NFC7 1.0.1
2025-02-03 17:11:40,629 [INFO] ThirdParty:1030 - CMSIS Pack Vendor :STMicroelectronics MBEDTLS 2.14.1
2025-02-03 17:11:40,629 [INFO] ThirdParty:1030 - CMSIS Pack Vendor :STMicroelectronics X-CUBE-NFC7 1.0.0
2025-02-03 17:11:40,629 [INFO] ThirdParty:1030 - CMSIS Pack Vendor :wolfSSL I-CUBE-wolfTPM 3.2.0
2025-02-03 17:11:40,629 [INFO] ThirdParty:1030 - CMSIS Pack Vendor :STMicroelectronics X-CUBE-NFC6 3.0.0
2025-02-03 17:11:40,629 [INFO] ThirdParty:1030 - CMSIS Pack Vendor :STMicroelectronics X-CUBE-MEMS1 9.3.0
2025-02-03 17:11:40,629 [INFO] ThirdParty:1030 - CMSIS Pack Vendor :STMicroelectronics X-CUBE-EEPRMA1 4.1.0
2025-02-03 17:11:40,629 [INFO] ThirdParty:1030 - CMSIS Pack Vendor :STMicroelectronics X-CUBE-AI 7.2.0
2025-02-03 17:11:40,629 [INFO] ThirdParty:1030 - CMSIS Pack Vendor :STMicroelectronics X-CUBE-BLEMGR 3.1.0
2025-02-03 17:11:40,629 [INFO] ThirdParty:1030 - CMSIS Pack Vendor :STMicroelectronics X-CUBE-AI 10.0.0
2025-02-03 17:11:40,629 [INFO] ThirdParty:1030 - CMSIS Pack Vendor :STMicroelectronics FP-SNS-SMARTAG2 1.2.0
2025-02-03 17:11:40,629 [INFO] ThirdParty:1030 - CMSIS Pack Vendor :STMicroelectronics X-CUBE-MEMS1 11.1.0
2025-02-03 17:11:40,629 [INFO] ThirdParty:1030 - CMSIS Pack Vendor :STMicroelectronics X-CUBE-AZRTOS-WL 2.0.0
2025-02-03 17:11:40,629 [INFO] ThirdParty:1030 - CMSIS Pack Vendor :STMicroelectronics FP-SNS-MOTENV1 5.0.0
2025-02-03 17:11:40,629 [INFO] ThirdParty:1030 - CMSIS Pack Vendor :STMicroelectronics USB_DEVICE 1.0.0
2025-02-03 17:11:40,629 [INFO] ThirdParty:1030 - CMSIS Pack Vendor :STMicroelectronics X-CUBE-AI 8.1.0
2025-02-03 17:11:40,629 [INFO] ThirdParty:1030 - CMSIS Pack Vendor :wolfSSL I-CUBE-wolfMQTT 1.19.0
2025-02-03 17:11:40,629 [INFO] ThirdParty:1030 - CMSIS Pack Vendor :STMicroelectronics X-CUBE-AZRTOS-L4 2.0.0
2025-02-03 17:11:40,629 [INFO] ThirdParty:1030 - CMSIS Pack Vendor :STMicroelectronics ThreadX 0.0.2
2025-02-03 17:11:40,629 [INFO] ThirdParty:1030 - CMSIS Pack Vendor :WES I-CUBE-Cesium 1.3.0
2025-02-03 17:11:40,629 [INFO] ThirdParty:1030 - CMSIS Pack Vendor :STMicroelectronics lwIP 2.1.2
2025-02-03 17:11:40,629 [INFO] ThirdParty:1030 - CMSIS Pack Vendor :STMicroelectronics X-CUBE-SFXS2LP1 4.0.0
2025-02-03 17:11:40,629 [INFO] ThirdParty:1030 - CMSIS Pack Vendor :STMicroelectronics X-CUBE-BLE2 3.3.0
2025-02-03 17:11:40,629 [INFO] ThirdParty:1030 - CMSIS Pack Vendor :STMicroelectronics X-CUBE-DISPLAY 2.2.0
2025-02-03 17:11:40,629 [INFO] ThirdParty:1030 - CMSIS Pack Vendor :STMicroelectronics X-CUBE-TOF1 3.2.0
2025-02-03 17:11:40,629 [INFO] ThirdParty:1030 - CMSIS Pack Vendor :STMicroelectronics PDM2PCM 3.2.0
2025-02-03 17:11:40,629 [INFO] ThirdParty:1030 - CMSIS Pack Vendor :STMicroelectronics X-CUBE-AZRTOS-H7 3.0.0
2025-02-03 17:11:40,629 [INFO] ThirdParty:1030 - CMSIS Pack Vendor :STMicroelectronics X-CUBE-ISPU 1.0.0
2025-02-03 17:11:40,629 [INFO] ThirdParty:1030 - CMSIS Pack Vendor :STMicroelectronics X-CUBE-ISPU 1.1.0
2025-02-03 17:11:40,629 [INFO] ThirdParty:1030 - CMSIS Pack Vendor :STMicroelectronics X-CUBE-AZRTOS-H7 3.3.0
2025-02-03 17:11:40,629 [INFO] ThirdParty:1030 - CMSIS Pack Vendor :RoweBots I-CUBE-UNISONRTOS 5.5.0-4
2025-02-03 17:11:40,629 [INFO] ThirdParty:1030 - CMSIS Pack Vendor :STMicroelectronics X-CUBE-NFC9 1.0.0
2025-02-03 17:11:40,629 [INFO] ThirdParty:1030 - CMSIS Pack Vendor :STMicroelectronics X-CUBE-AZRTOS-H7 2.1.0
2025-02-03 17:11:40,629 [INFO] ThirdParty:1030 - CMSIS Pack Vendor :STMicroelectronics USB_DEVICE 3.0.0
2025-02-03 17:11:40,629 [INFO] ThirdParty:1030 - CMSIS Pack Vendor :STMicroelectronics X-CUBE-TCPP 4.1.0
2025-02-03 17:11:40,629 [INFO] ThirdParty:1030 - CMSIS Pack Vendor :STMicroelectronics X-CUBE-AI 8.0.0
2025-02-03 17:11:40,629 [INFO] ThirdParty:1030 - CMSIS Pack Vendor :STMicroelectronics X-CUBE-IPS 3.0.0
2025-02-03 17:11:40,629 [INFO] ThirdParty:1030 - CMSIS Pack Vendor :STMicroelectronics X-CUBE-AZRTOS-WB 2.0.0
2025-02-03 17:11:40,629 [INFO] ThirdParty:1030 - CMSIS Pack Vendor :STMicroelectronics X-CUBE-FREERTOS 1.0.0
2025-02-03 17:11:40,629 [INFO] ThirdParty:1030 - CMSIS Pack Vendor :STMicroelectronics X-CUBE-FREERTOS 1.0.1
2025-02-03 17:11:40,630 [INFO] ThirdParty:1030 - CMSIS Pack Vendor :STMicroelectronics X-CUBE-TOUCHGFX 4.21.1
2025-02-03 17:11:40,630 [INFO] ThirdParty:1030 - CMSIS Pack Vendor :STMicroelectronics X-CUBE-GNSS1 7.0.0
2025-02-03 17:11:40,630 [INFO] ThirdParty:1030 - CMSIS Pack Vendor :STMicroelectronics X-CUBE-GNSS1 7.0.1
2025-02-03 17:11:40,630 [INFO] ThirdParty:1030 - CMSIS Pack Vendor :STMicroelectronics X-CUBE-TOUCHGFX 4.21.3
2025-02-03 17:11:40,630 [INFO] ThirdParty:1030 - CMSIS Pack Vendor :STMicroelectronics X-CUBE-BLEMGR 1.0.0
2025-02-03 17:11:40,630 [INFO] ThirdParty:1030 - CMSIS Pack Vendor :STMicroelectronics X-CUBE-TOUCHGFX 4.21.4
2025-02-03 17:11:40,630 [INFO] ThirdParty:1030 - CMSIS Pack Vendor :STMicroelectronics X-CUBE-MEMS1 9.4.0
2025-02-03 17:11:40,630 [INFO] ThirdParty:1030 - CMSIS Pack Vendor :STMicroelectronics X-CUBE-AI 7.3.0
2025-02-03 17:11:40,630 [INFO] ThirdParty:1030 - CMSIS Pack Vendor :STMicroelectronics FP-SNS-STBOX1 2.0.0
2025-02-03 17:11:40,630 [INFO] ThirdParty:1030 - CMSIS Pack Vendor :STMicroelectronics X-CUBE-ALGOBUILD 1.3.0
2025-02-03 17:11:40,630 [INFO] ThirdParty:1030 - CMSIS Pack Vendor :STMicroelectronics X-CUBE-AZRTOS-L5 1.1.0
2025-02-03 17:11:40,630 [INFO] ThirdParty:1030 - CMSIS Pack Vendor :STMicroelectronics X-CUBE-AZRTOS-G0 1.1.0
2025-02-03 17:11:40,630 [INFO] ThirdParty:1030 - CMSIS Pack Vendor :STMicroelectronics X-CUBE-AI 8.0.1
2025-02-03 17:11:40,630 [INFO] ThirdParty:1030 - CMSIS Pack Vendor :STMicroelectronics X-CUBE-SAFEA1 1.2.2
2025-02-03 17:11:40,630 [INFO] ThirdParty:1030 - CMSIS Pack Vendor :STMicroelectronics X-CUBE-NFC4 3.0.0
2025-02-03 17:11:40,630 [INFO] ThirdParty:1030 - CMSIS Pack Vendor :SEGGER I-CUBE-embOS 1.2.0
2025-02-03 17:11:40,630 [INFO] ThirdParty:1030 - CMSIS Pack Vendor :STMicroelectronics X-CUBE-SUBG2 5.0.0
2025-02-03 17:11:40,630 [INFO] ThirdParty:1030 - CMSIS Pack Vendor :STMicroelectronics STM32_WPAN 1.0.0
2025-02-03 17:11:40,630 [INFO] ThirdParty:1030 - CMSIS Pack Vendor :EmbeddedOffice I-CUBE-FS-RTOS 1.0.1
2025-02-03 17:11:40,630 [INFO] ThirdParty:1030 - CMSIS Pack Vendor :STMicroelectronics lwIP 2.0.3
2025-02-03 17:11:40,630 [INFO] ThirdParty:1030 - CMSIS Pack Vendor :STMicroelectronics USB_HOST 1.0.0
2025-02-03 17:11:40,630 [INFO] ThirdParty:1030 - CMSIS Pack Vendor :STMicroelectronics X-CUBE-TOF1 3.3.1
2025-02-03 17:11:40,630 [INFO] ThirdParty:1030 - CMSIS Pack Vendor :STMicroelectronics X-CUBE-AZRTOS-G4 2.0.0
2025-02-03 17:11:40,630 [INFO] ThirdParty:1030 - CMSIS Pack Vendor :STMicroelectronics PDM2PCM 3.1.0
2025-02-03 17:11:40,630 [INFO] ThirdParty:1030 - CMSIS Pack Vendor :STMicroelectronics X-CUBE-TOF1 3.3.0
2025-02-03 17:11:40,630 [INFO] ThirdParty:1030 - CMSIS Pack Vendor :STMicroelectronics FP-ATR-ASTRA1 1.1.1
2025-02-03 17:11:40,630 [INFO] ThirdParty:1030 - CMSIS Pack Vendor :Infineon AIROC-Wi-Fi-Bluetooth-STM32 1.5.1
2025-02-03 17:11:40,630 [INFO] ThirdParty:1030 - CMSIS Pack Vendor :STMicroelectronics X-CUBE-BLEMGR 3.0.0
2025-02-03 17:11:40,630 [INFO] ThirdParty:1030 - CMSIS Pack Vendor :STMicroelectronics X-CUBE-BLEMGR 1.3.0
2025-02-03 17:11:40,630 [INFO] ThirdParty:1030 - CMSIS Pack Vendor :RealThread X-CUBE-RT-Thread_Nano 4.1.1
2025-02-03 17:11:40,630 [INFO] ThirdParty:1030 - CMSIS Pack Vendor :STMicroelectronics FP-SNS-MOTENVWB1 1.3.1
2025-02-03 17:11:40,630 [INFO] ThirdParty:1030 - CMSIS Pack Vendor :STMicroelectronics FP-ATR-SIGFOX1 3.2.0
2025-02-03 17:11:40,630 [INFO] ThirdParty:1030 - CMSIS Pack Vendor :STMicroelectronics X-CUBE-AZRTOS-G4 1.0.0
2025-02-03 17:11:40,630 [INFO] ThirdParty:1030 - CMSIS Pack Vendor :STMicroelectronics X-CUBE-AZRTOS-L4 1.0.0
2025-02-03 17:11:40,630 [INFO] ThirdParty:1030 - CMSIS Pack Vendor :quantropi X-CUBE-qispace-sdk-base 1.9.3
2025-02-03 17:11:40,630 [INFO] ThirdParty:1030 - CMSIS Pack Vendor :STMicroelectronics X-CUBE-ISPU 2.0.0
2025-02-03 17:11:40,630 [INFO] ThirdParty:1030 - CMSIS Pack Vendor :STMicroelectronics X-CUBE-EEPRMA1 5.1.0
2025-02-03 17:11:40,630 [INFO] ThirdParty:1030 - CMSIS Pack Vendor :STMicroelectronics MBEDTLS 2.16.2
2025-02-03 17:11:40,630 [INFO] ThirdParty:1030 - CMSIS Pack Vendor :STMicroelectronics X-CUBE-ALS 1.0.2
2025-02-03 17:11:40,630 [INFO] ThirdParty:1030 - CMSIS Pack Vendor :emotas I-CUBE-CANOPEN 1.1.2
2025-02-03 17:11:40,630 [INFO] ThirdParty:1030 - CMSIS Pack Vendor :STMicroelectronics X-CUBE-TOUCHGFX 4.20.0
2025-02-03 17:11:40,630 [INFO] ThirdParty:1030 - CMSIS Pack Vendor :STMicroelectronics X-CUBE-MEMS1 10.0.0
2025-02-03 17:11:40,630 [INFO] ThirdParty:1030 - CMSIS Pack Vendor :STMicroelectronics X-CUBE-FREERTOS 1.1.0
2025-02-03 17:11:40,630 [INFO] ThirdParty:1030 - CMSIS Pack Vendor :STMicroelectronics X-CUBE-TOUCHGFX 4.24.0
2025-02-03 17:11:40,630 [INFO] ThirdParty:1030 - CMSIS Pack Vendor :STMicroelectronics X-CUBE-TOUCHGFX 4.24.2
2025-02-03 17:11:40,630 [INFO] ThirdParty:1030 - CMSIS Pack Vendor :STMicroelectronics X-CUBE-AZRTOS-WL 1.0.0
2025-02-03 17:11:40,630 [INFO] ThirdParty:1030 - CMSIS Pack Vendor :STMicroelectronics X-CUBE-TOUCHGFX 4.24.1
2025-02-03 17:11:40,630 [INFO] ThirdParty:1030 - CMSIS Pack Vendor :portGmbH I-Cube-SoM-uGOAL 1.1.0
2025-02-03 17:11:40,630 [INFO] ThirdParty:1030 - CMSIS Pack Vendor :STMicroelectronics X-CUBE-ALS 1.0.1
2025-02-03 17:11:40,630 [INFO] ThirdParty:1030 - CMSIS Pack Vendor :STMicroelectronics X-CUBE-MEMS1 9.5.0
2025-02-03 17:11:40,630 [INFO] ThirdParty:1030 - CMSIS Pack Vendor :STMicroelectronics ThreadX 1.0.0
2025-02-03 17:11:40,630 [INFO] ThirdParty:1030 - CMSIS Pack Vendor :STMicroelectronics X-CUBE-AZRTOS-WB 1.1.0
2025-02-03 17:11:40,630 [INFO] ThirdParty:1030 - CMSIS Pack Vendor :SEGGER I-CUBE-embOS 1.3.1
2025-02-03 17:11:40,630 [INFO] ThirdParty:1030 - CMSIS Pack Vendor :STMicroelectronics X-CUBE-ALGOBUILD 1.4.0
2025-02-03 17:11:40,630 [INFO] ThirdParty:1030 - CMSIS Pack Vendor :STMicroelectronics X-CUBE-AZRTOS-L5 1.0.0
2025-02-03 17:11:40,630 [INFO] ThirdParty:1030 - CMSIS Pack Vendor :STMicroelectronics X-CUBE-EEPRMA1 3.1.1
2025-02-03 17:11:40,630 [INFO] ThirdParty:1030 - CMSIS Pack Vendor :STMicroelectronics X-CUBE-AZRTOS-H7RS 1.0.0
2025-02-03 17:11:40,630 [INFO] ThirdParty:1030 - CMSIS Pack Vendor :STMicroelectronics FP-ATR-ASTRA1 2.0.0
2025-02-03 17:11:40,630 [INFO] ThirdParty:1030 - CMSIS Pack Vendor :STMicroelectronics X-CUBE-TOF1 3.4.2
2025-02-03 17:11:40,630 [INFO] ThirdParty:1030 - CMSIS Pack Vendor :STMicroelectronics X-CUBE-AI 9.1.0
2025-02-03 17:11:40,630 [INFO] ThirdParty:1030 - CMSIS Pack Vendor :STMicroelectronics X-CUBE-TOF1 3.4.0
2025-02-03 17:11:40,630 [INFO] ThirdParty:1030 - CMSIS Pack Vendor :STMicroelectronics X-CUBE-TOF1 3.4.1
2025-02-03 17:11:40,630 [INFO] ThirdParty:1030 - CMSIS Pack Vendor :STMicroelectronics X-CUBE-AZRTOS-H7 3.2.0
2025-02-03 17:11:40,630 [INFO] ThirdParty:1030 - CMSIS Pack Vendor :wolfSSL I-CUBE-wolfSSH 1.4.17
2025-02-03 17:11:40,630 [INFO] ThirdParty:841 - exiting critical section [change project]
2025-02-03 17:11:40,831 [INFO] PinOutPanel:1561 - setPackage(No Configuration,No Configuration)
2025-02-03 17:11:40,833 [INFO] PinOutPanel:1561 - setPackage(STM32F103CBTx,LQFP48)
2025-02-03 17:11:41,138 [INFO] UtilMem:75 - Before build in PCC Used Memory: 406490112 Bytes (670040064)
2025-02-03 17:11:41,845 [INFO] UtilMem:75 - After build in PCC Used Memory: 480414720 Bytes (670040064)
2025-02-03 17:11:41,862 [INFO] IPUIPlugin:80 - create IPUIPlugin
2025-02-03 17:11:41,862 [INFO] IPUIPlugin:80 - create IPUIPlugin
2025-02-03 17:11:41,862 [INFO] IPUIPlugin:80 - create IPUIPlugin
2025-02-03 17:11:41,862 [INFO] IPUIPlugin:80 - create IPUIPlugin
2025-02-03 17:11:41,862 [INFO] IPUIPlugin:80 - create IPUIPlugin
2025-02-03 17:11:41,862 [INFO] IPUIPlugin:80 - create IPUIPlugin
2025-02-03 17:11:41,862 [INFO] IPUIPlugin:80 - create IPUIPlugin
2025-02-03 17:11:41,863 [INFO] IPUIPlugin:80 - create IPUIPlugin
2025-02-03 17:11:41,863 [INFO] IPUIPlugin:80 - create IPUIPlugin
2025-02-03 17:11:41,863 [INFO] IPUIPlugin:80 - create IPUIPlugin
2025-02-03 17:11:41,863 [INFO] IPUIPlugin:80 - create IPUIPlugin
2025-02-03 17:11:41,863 [INFO] IPUIPlugin:80 - create IPUIPlugin
2025-02-03 17:11:41,863 [INFO] IPUIPlugin:80 - create IPUIPlugin
2025-02-03 17:11:41,863 [INFO] IPUIPlugin:80 - create IPUIPlugin
2025-02-03 17:11:41,863 [INFO] IPUIPlugin:80 - create IPUIPlugin
2025-02-03 17:11:41,863 [INFO] IPUIPlugin:80 - create IPUIPlugin
2025-02-03 17:11:41,863 [INFO] IPUIPlugin:80 - create IPUIPlugin
2025-02-03 17:11:41,863 [INFO] IPUIPlugin:80 - create IPUIPlugin
2025-02-03 17:11:41,863 [INFO] IPUIPlugin:80 - create IPUIPlugin
2025-02-03 17:11:41,863 [INFO] IPUIPlugin:80 - create IPUIPlugin
2025-02-03 17:11:41,863 [INFO] IPUIPlugin:80 - create IPUIPlugin
2025-02-03 17:11:41,863 [INFO] IPUIPlugin:80 - create IPUIPlugin
2025-02-03 17:11:41,863 [INFO] IPUIPlugin:80 - create IPUIPlugin
2025-02-03 17:11:41,863 [INFO] IPUIPlugin:80 - create IPUIPlugin
2025-02-03 17:11:41,865 [INFO] IPUIPlugin:80 - create IPUIPlugin
2025-02-03 17:11:41,865 [INFO] IPUIPlugin:80 - create IPUIPlugin
2025-02-03 17:11:41,865 [INFO] IPUIPlugin:80 - create IPUIPlugin
2025-02-03 17:11:42,054 [INFO] CADModel:165 - CPN selected for project levelSTM32F103CBT6
2025-02-03 17:11:42,054 [INFO] CADModel:114 - Register for checkConnection events
2025-02-03 17:11:42,091 [INFO] OpenFileManager:343 - Restore cursor
2025-02-03 17:11:42,801 [INFO] UtilMem:75 - End SaveConfig() Used Memory: 559073864 Bytes (670040064)
2025-02-03 17:11:42,849 [INFO] UtilMem:75 - End SaveConfig() Used Memory: 380260864 Bytes (670040064)
2025-02-03 17:11:43,090 [INFO] BlockDiagram:2759 - set Specific Code input for plugin: NVIC
2025-02-03 17:11:43,091 [INFO] BlockDiagram:2759 - set Specific Code input for plugin: RCC
2025-02-03 17:11:43,092 [INFO] CodeGenerator:807 - code generatio: config db path: C:\ST\STM32CubeIDE_1.10.1\STM32CubeIDE\plugins\com.st.stm32cube.common.mx_6.11.1.202404110753\\db\
2025-02-03 17:11:43,193 [INFO] CodeEngine:255 - oldGeneratedFile, D:\Download\DeleteThis\DigitalCurrentShunt\MXTmpFiles\license.tmp_save
2025-02-03 17:11:43,437 [INFO] CodeEngine:279 - Generated code: D:\Download\DeleteThis\DigitalCurrentShunt\MXTmpFiles\license.tmp
2025-02-03 17:11:43,457 [INFO] CodeEngine:255 - oldGeneratedFile, D:\Download\DeleteThis\DigitalCurrentShunt\Core\Src\stm32f1xx_it.c_save
2025-02-03 17:11:43,630 [INFO] CodeEngine:279 - Generated code: D:\Download\DeleteThis\DigitalCurrentShunt\Core\Src\stm32f1xx_it.c
2025-02-03 17:11:43,647 [INFO] CodeEngine:255 - oldGeneratedFile, D:\Download\DeleteThis\DigitalCurrentShunt\Core\Inc\stm32f1xx_it.h_save
2025-02-03 17:11:43,752 [INFO] CodeEngine:279 - Generated code: D:\Download\DeleteThis\DigitalCurrentShunt\Core\Inc\stm32f1xx_it.h
2025-02-03 17:11:43,870 [INFO] CodeEngine:255 - oldGeneratedFile, D:\Download\DeleteThis\DigitalCurrentShunt\Core\Src\stm32f1xx_hal_msp.c_save
2025-02-03 17:11:44,008 [INFO] CodeEngine:279 - Generated code: D:\Download\DeleteThis\DigitalCurrentShunt\Core\Src\stm32f1xx_hal_msp.c
2025-02-03 17:11:44,026 [INFO] CodeEngine:255 - oldGeneratedFile, D:\Download\DeleteThis\DigitalCurrentShunt\MXTmpFiles\system.tmp_save
2025-02-03 17:11:44,084 [INFO] CodeEngine:279 - Generated code: D:\Download\DeleteThis\DigitalCurrentShunt\MXTmpFiles\system.tmp
2025-02-03 17:11:44,097 [INFO] CodeEngine:311 - oldGeneratedFile, D:\Download\DeleteThis\DigitalCurrentShunt\Core\Inc\stm32f1xx_hal_conf.h_save
2025-02-03 17:11:44,227 [INFO] CodeEngine:335 - Generated code: D:\Download\DeleteThis\DigitalCurrentShunt\Core\Inc\stm32f1xx_hal_conf.h
2025-02-03 17:11:44,275 [INFO] CodeEngine:255 - oldGeneratedFile, D:\Download\DeleteThis\DigitalCurrentShunt\Core\Inc\main.h_save
2025-02-03 17:11:44,401 [INFO] CodeEngine:279 - Generated code: D:\Download\DeleteThis\DigitalCurrentShunt\Core\Inc\main.h
2025-02-03 17:11:44,410 [INFO] CodeEngine:255 - oldGeneratedFile, D:\Download\DeleteThis\DigitalCurrentShunt\Core\Src\main.c_save
2025-02-03 17:11:44,531 [INFO] CodeEngine:279 - Generated code: D:\Download\DeleteThis\DigitalCurrentShunt\Core\Src\main.c
2025-02-03 17:11:44,715 [INFO] ProjectBuilder:3163 - Time for Copy HAL[1] : 83mS.
2025-02-03 17:11:44,718 [INFO] ProjectBuilder:4736 - Project Generator version: 4.3.0-B58
2025-02-03 17:11:44,769 [INFO] ConfigFileManager:1503 - The Die is : DIE410
2025-02-03 17:11:44,799 [INFO] ApiDbMcu:508 - Load IP Config File for FATFS
2025-02-03 17:11:44,811 [INFO] ApiDbMcu:508 - Load IP Config File for FREERTOS
2025-02-03 17:11:44,831 [INFO] ApiDbMcu:508 - Load IP Config File for USB_DEVICE
2025-02-03 17:11:45,326 [INFO] LogOutputStream:77 - [STDOUT_REDIRECT] 
2025-02-03 17:11:47,190 [INFO] ProjectBuilder:5002 - Time for Generating toolchain IDE Files: 2472mS.
2025-02-03 17:11:47,191 [INFO] ProjectBuilder:3034 - Time for Copy CMSIS : 1mS.
2025-02-03 17:11:47,194 [INFO] ProjectBuilder:3034 - Time for Copy CMSIS : 0mS.
2025-02-03 17:11:47,762 [INFO] McuFinderGlobals:76 - Set McuFinderConnectedMode to true
2025-02-03 17:11:47,766 [INFO] ApiDb:448 - Save user favorites file C:\Users\saksh/.stm32cubeide/favorites.mcus.txt: 1 item(s)
2025-02-03 17:11:47,766 [INFO] ApiDb:452 - User favorites MCUs=[STM32F103C8T6]
2025-02-03 17:11:55,389 [INFO] ADCParametersView:116 -                Rank 1 : false
2025-02-03 17:11:55,463 [INFO] ADCParametersView:116 -                Rank 1 : false
2025-02-03 17:11:55,463 [INFO] ADCParametersView:116 -                Rank 1 : false
2025-02-03 17:11:55,463 [INFO] ADCParametersView:116 -                Rank 1 : false
2025-02-03 17:11:55,463 [INFO] ADCParametersView:116 -                Rank 1 : false
2025-02-03 17:11:55,463 [INFO] ADCParametersView:116 -                Rank 1 : false
2025-02-03 17:11:55,463 [INFO] ADCParametersView:116 -                Rank 1 : false
2025-02-03 17:11:55,463 [INFO] ADCParametersView:116 -                Rank 1 : false
2025-02-03 17:11:55,464 [INFO] ADCParametersView:116 -                Rank 1 : false
2025-02-03 17:11:55,464 [INFO] ADCParametersView:116 -                Rank 1 : false
2025-02-03 17:11:55,464 [INFO] ADCParametersView:116 -                Rank 1 : false
2025-02-03 17:11:55,470 [INFO] ADCParametersView:116 -                Rank 1 : false
2025-02-03 17:11:55,502 [INFO] NvicIntPanel:101 - NVIC parent = com.st.microxplorer.plugins.ip.nvic.MultiNvicIntPanel[,0,0,0x0,invalid,layout=javax.swing.BoxLayout,alignmentX=0.0,alignmentY=0.0,border=,flags=9,maximumSize=,minimumSize=,preferredSize=]
2025-02-03 17:11:55,547 [INFO] ADCParametersView:116 -                Rank 1 : false
2025-02-03 17:11:55,547 [INFO] ADCParametersView:116 -                Rank 1 : false
2025-02-03 17:11:55,547 [INFO] ADCParametersView:116 -                Rank 1 : false
2025-02-03 17:11:55,548 [INFO] ADCParametersView:116 -                Rank 1 : false
2025-02-03 17:11:55,548 [INFO] ADCParametersView:116 -                Rank 1 : false
2025-02-03 17:11:55,548 [INFO] ADCParametersView:116 -                Rank 1 : false
2025-02-03 17:11:55,548 [INFO] ADCParametersView:116 -                Rank 1 : false
2025-02-03 17:11:55,548 [INFO] ADCParametersView:116 -                Rank 1 : false
2025-02-03 17:11:55,548 [INFO] ADCParametersView:116 -                Rank 1 : false
2025-02-03 17:11:55,548 [INFO] ADCParametersView:116 -                Rank 1 : false
2025-02-03 17:11:55,551 [INFO] ADCParametersView:116 -                Rank 1 : false
2025-02-03 17:11:55,563 [INFO] ADCParametersView:116 -                Rank 1 : false
2025-02-03 17:11:55,563 [INFO] ADCParametersView:116 -                Rank 1 : false
2025-02-03 17:11:55,564 [INFO] ADCParametersView:116 -                Rank 1 : false
2025-02-03 17:11:55,564 [INFO] ADCParametersView:116 -                Rank 1 : false
2025-02-03 17:11:55,564 [INFO] ADCParametersView:116 -                Rank 1 : false
2025-02-03 17:11:55,564 [INFO] ADCParametersView:116 -                Rank 1 : false
2025-02-03 17:11:55,564 [INFO] ADCParametersView:116 -                Rank 1 : false
2025-02-03 17:11:55,564 [INFO] ADCParametersView:116 -                Rank 1 : false
2025-02-03 17:11:55,564 [INFO] ADCParametersView:116 -                Rank 1 : false
2025-02-03 17:11:55,564 [INFO] ADCParametersView:116 -                Rank 1 : false
2025-02-03 17:11:55,567 [INFO] ADCParametersView:116 -                Rank 1 : false
2025-02-03 17:11:55,619 [INFO] ADCParametersView:116 -                Rank 1 : false
2025-02-03 17:11:55,621 [INFO] ADCParametersView:116 -                Rank 1 : false
2025-02-03 17:11:55,621 [INFO] ADCParametersView:116 -                Rank 1 : false
2025-02-03 17:11:55,621 [INFO] ADCParametersView:116 -                Rank 1 : false
2025-02-03 17:11:55,621 [INFO] ADCParametersView:116 -                Rank 1 : false
2025-02-03 17:11:55,621 [INFO] ADCParametersView:116 -                Rank 1 : false
2025-02-03 17:11:55,621 [INFO] ADCParametersView:116 -                Rank 1 : false
2025-02-03 17:11:55,621 [INFO] ADCParametersView:116 -                Rank 1 : false
2025-02-03 17:11:55,621 [INFO] ADCParametersView:116 -                Rank 1 : false
2025-02-03 17:11:55,621 [INFO] ADCParametersView:116 -                Rank 1 : false
2025-02-03 17:11:55,625 [INFO] ADCParametersView:116 -                Rank 1 : false
2025-02-03 17:11:55,637 [INFO] ADCParametersView:116 -                Rank 1 : false
2025-02-03 17:11:55,637 [INFO] ADCParametersView:116 -                Rank 1 : false
2025-02-03 17:11:55,637 [INFO] ADCParametersView:116 -                Rank 1 : false
2025-02-03 17:11:55,637 [INFO] ADCParametersView:116 -                Rank 1 : false
2025-02-03 17:11:55,637 [INFO] ADCParametersView:116 -                Rank 1 : false
2025-02-03 17:11:55,637 [INFO] ADCParametersView:116 -                Rank 1 : false
2025-02-03 17:11:55,637 [INFO] ADCParametersView:116 -                Rank 1 : false
2025-02-03 17:11:55,637 [INFO] ADCParametersView:116 -                Rank 1 : false
2025-02-03 17:11:55,637 [INFO] ADCParametersView:116 -                Rank 1 : false
2025-02-03 17:11:55,637 [INFO] ADCParametersView:116 -                Rank 1 : false
2025-02-03 17:11:55,640 [INFO] ADCParametersView:116 -                Rank 1 : false
2025-02-03 17:12:12,435 [INFO] ADCParametersView:116 -                Rank 1 : false
2025-02-03 17:12:12,436 [INFO] ADCParametersView:116 -                Rank 1 : false
2025-02-03 17:12:12,437 [INFO] ADCParametersView:116 -                Rank 1 : false
2025-02-03 17:12:12,437 [INFO] ADCParametersView:116 -                Rank 1 : false
2025-02-03 17:12:12,437 [INFO] ADCParametersView:116 -                Rank 1 : false
2025-02-03 17:12:12,437 [INFO] ADCParametersView:116 -                Rank 1 : false
2025-02-03 17:12:12,437 [INFO] ADCParametersView:116 -                Rank 1 : false
2025-02-03 17:12:12,437 [INFO] ADCParametersView:116 -                Rank 1 : false
2025-02-03 17:12:12,437 [INFO] ADCParametersView:116 -                Rank 1 : false
2025-02-03 17:12:12,437 [INFO] ADCParametersView:116 -                Rank 1 : false
2025-02-03 17:12:12,439 [INFO] ADCParametersView:116 -                Rank 1 : false
2025-02-03 17:12:12,449 [INFO] ADCParametersView:116 -                Rank 1 : false
2025-02-03 17:12:12,450 [INFO] ADCParametersView:116 -                Rank 1 : false
2025-02-03 17:12:12,450 [INFO] ADCParametersView:116 -                Rank 1 : false
2025-02-03 17:12:12,450 [INFO] ADCParametersView:116 -                Rank 1 : false
2025-02-03 17:12:12,450 [INFO] ADCParametersView:116 -                Rank 1 : false
2025-02-03 17:12:12,450 [INFO] ADCParametersView:116 -                Rank 1 : false
2025-02-03 17:12:12,450 [INFO] ADCParametersView:116 -                Rank 1 : false
2025-02-03 17:12:12,450 [INFO] ADCParametersView:116 -                Rank 1 : false
2025-02-03 17:12:12,450 [INFO] ADCParametersView:116 -                Rank 1 : false
2025-02-03 17:12:12,450 [INFO] ADCParametersView:116 -                Rank 1 : false
2025-02-03 17:12:12,453 [INFO] ADCParametersView:116 -                Rank 1 : false
2025-02-03 17:12:12,478 [INFO] ADCParametersView:116 -                Rank 1 : false
2025-02-03 17:12:12,479 [INFO] ADCParametersView:116 -                Rank 1 : false
2025-02-03 17:12:12,479 [INFO] ADCParametersView:116 -                Rank 1 : false
2025-02-03 17:12:12,479 [INFO] ADCParametersView:116 -                Rank 1 : false
2025-02-03 17:12:12,479 [INFO] ADCParametersView:116 -                Rank 1 : false
2025-02-03 17:12:12,479 [INFO] ADCParametersView:116 -                Rank 1 : false
2025-02-03 17:12:12,479 [INFO] ADCParametersView:116 -                Rank 1 : false
2025-02-03 17:12:12,479 [INFO] ADCParametersView:116 -                Rank 1 : false
2025-02-03 17:12:12,479 [INFO] ADCParametersView:116 -                Rank 1 : false
2025-02-03 17:12:12,479 [INFO] ADCParametersView:116 -                Rank 1 : false
2025-02-03 17:12:12,481 [INFO] ADCParametersView:116 -                Rank 1 : false
2025-02-03 17:12:12,491 [INFO] ADCParametersView:116 -                Rank 1 : false
2025-02-03 17:12:12,491 [INFO] ADCParametersView:116 -                Rank 1 : false
2025-02-03 17:12:12,491 [INFO] ADCParametersView:116 -                Rank 1 : false
2025-02-03 17:12:12,491 [INFO] ADCParametersView:116 -                Rank 1 : false
2025-02-03 17:12:12,491 [INFO] ADCParametersView:116 -                Rank 1 : false
2025-02-03 17:12:12,491 [INFO] ADCParametersView:116 -                Rank 1 : false
2025-02-03 17:12:12,491 [INFO] ADCParametersView:116 -                Rank 1 : false
2025-02-03 17:12:12,491 [INFO] ADCParametersView:116 -                Rank 1 : false
2025-02-03 17:12:12,491 [INFO] ADCParametersView:116 -                Rank 1 : false
2025-02-03 17:12:12,491 [INFO] ADCParametersView:116 -                Rank 1 : false
2025-02-03 17:12:12,494 [INFO] ADCParametersView:116 -                Rank 1 : false
2025-02-03 17:12:12,521 [INFO] ADCParametersView:116 -                Rank 1 : false
2025-02-03 17:12:12,523 [INFO] ADCParametersView:116 -                Rank 1 : false
2025-02-03 17:12:12,523 [INFO] ADCParametersView:116 -                Rank 1 : false
2025-02-03 17:12:12,523 [INFO] ADCParametersView:116 -                Rank 1 : false
2025-02-03 17:12:12,523 [INFO] ADCParametersView:116 -                Rank 1 : false
2025-02-03 17:12:12,523 [INFO] ADCParametersView:116 -                Rank 1 : false
2025-02-03 17:12:12,523 [INFO] ADCParametersView:116 -                Rank 1 : false
2025-02-03 17:12:12,523 [INFO] ADCParametersView:116 -                Rank 1 : false
2025-02-03 17:12:12,523 [INFO] ADCParametersView:116 -                Rank 1 : false
2025-02-03 17:12:12,523 [INFO] ADCParametersView:116 -                Rank 1 : false
2025-02-03 17:12:12,526 [INFO] ADCParametersView:116 -                Rank 1 : false
2025-02-03 17:12:12,534 [INFO] ADCParametersView:116 -                Rank 1 : false
2025-02-03 17:12:12,536 [INFO] ADCParametersView:116 -                Rank 1 : false
2025-02-03 17:12:12,536 [INFO] ADCParametersView:116 -                Rank 1 : false
2025-02-03 17:12:12,536 [INFO] ADCParametersView:116 -                Rank 1 : false
2025-02-03 17:12:12,536 [INFO] ADCParametersView:116 -                Rank 1 : false
2025-02-03 17:12:12,536 [INFO] ADCParametersView:116 -                Rank 1 : false
2025-02-03 17:12:12,537 [INFO] ADCParametersView:116 -                Rank 1 : false
2025-02-03 17:12:12,537 [INFO] ADCParametersView:116 -                Rank 1 : false
2025-02-03 17:12:12,537 [INFO] ADCParametersView:116 -                Rank 1 : false
2025-02-03 17:12:12,537 [INFO] ADCParametersView:116 -                Rank 1 : false
2025-02-03 17:12:12,539 [INFO] ADCParametersView:116 -                Rank 1 : false
2025-02-03 17:12:19,251 [INFO] ADCParametersView:116 -                Rank 1 : false
2025-02-03 17:12:19,253 [INFO] ADCParametersView:116 -                Rank 1 : false
2025-02-03 17:12:19,253 [INFO] ADCParametersView:116 -                Rank 1 : false
2025-02-03 17:12:19,253 [INFO] ADCParametersView:116 -                Rank 1 : false
2025-02-03 17:12:19,253 [INFO] ADCParametersView:116 -                Rank 1 : false
2025-02-03 17:12:19,253 [INFO] ADCParametersView:116 -                Rank 1 : false
2025-02-03 17:12:19,253 [INFO] ADCParametersView:116 -                Rank 1 : false
2025-02-03 17:12:19,253 [INFO] ADCParametersView:116 -                Rank 1 : false
2025-02-03 17:12:19,253 [INFO] ADCParametersView:116 -                Rank 1 : false
2025-02-03 17:12:19,253 [INFO] ADCParametersView:116 -                Rank 1 : false
2025-02-03 17:12:19,255 [INFO] ADCParametersView:116 -                Rank 1 : false
2025-02-03 17:12:19,265 [INFO] ADCParametersView:116 -                Rank 1 : false
2025-02-03 17:12:19,266 [INFO] ADCParametersView:116 -                Rank 1 : false
2025-02-03 17:12:19,266 [INFO] ADCParametersView:116 -                Rank 1 : false
2025-02-03 17:12:19,266 [INFO] ADCParametersView:116 -                Rank 1 : false
2025-02-03 17:12:19,266 [INFO] ADCParametersView:116 -                Rank 1 : false
2025-02-03 17:12:19,266 [INFO] ADCParametersView:116 -                Rank 1 : false
2025-02-03 17:12:19,266 [INFO] ADCParametersView:116 -                Rank 1 : false
2025-02-03 17:12:19,266 [INFO] ADCParametersView:116 -                Rank 1 : false
2025-02-03 17:12:19,266 [INFO] ADCParametersView:116 -                Rank 1 : false
2025-02-03 17:12:19,266 [INFO] ADCParametersView:116 -                Rank 1 : false
2025-02-03 17:12:19,268 [INFO] ADCParametersView:116 -                Rank 1 : false
2025-02-03 17:12:19,291 [INFO] ADCParametersView:116 -                Rank 1 : false
2025-02-03 17:12:19,292 [INFO] ADCParametersView:116 -                Rank 1 : false
2025-02-03 17:12:19,292 [INFO] ADCParametersView:116 -                Rank 1 : false
2025-02-03 17:12:19,292 [INFO] ADCParametersView:116 -                Rank 1 : false
2025-02-03 17:12:19,292 [INFO] ADCParametersView:116 -                Rank 1 : false
2025-02-03 17:12:19,292 [INFO] ADCParametersView:116 -                Rank 1 : false
2025-02-03 17:12:19,292 [INFO] ADCParametersView:116 -                Rank 1 : false
2025-02-03 17:12:19,292 [INFO] ADCParametersView:116 -                Rank 1 : false
2025-02-03 17:12:19,292 [INFO] ADCParametersView:116 -                Rank 1 : false
2025-02-03 17:12:19,293 [INFO] ADCParametersView:116 -                Rank 1 : false
2025-02-03 17:12:19,294 [INFO] ADCParametersView:116 -                Rank 1 : false
2025-02-03 17:12:19,305 [INFO] ADCParametersView:116 -                Rank 1 : false
2025-02-03 17:12:19,307 [INFO] ADCParametersView:116 -                Rank 1 : false
2025-02-03 17:12:19,307 [INFO] ADCParametersView:116 -                Rank 1 : false
2025-02-03 17:12:19,307 [INFO] ADCParametersView:116 -                Rank 1 : false
2025-02-03 17:12:19,307 [INFO] ADCParametersView:116 -                Rank 1 : false
2025-02-03 17:12:19,307 [INFO] ADCParametersView:116 -                Rank 1 : false
2025-02-03 17:12:19,307 [INFO] ADCParametersView:116 -                Rank 1 : false
2025-02-03 17:12:19,307 [INFO] ADCParametersView:116 -                Rank 1 : false
2025-02-03 17:12:19,307 [INFO] ADCParametersView:116 -                Rank 1 : false
2025-02-03 17:12:19,307 [INFO] ADCParametersView:116 -                Rank 1 : false
2025-02-03 17:12:19,311 [INFO] ADCParametersView:116 -                Rank 1 : false
2025-02-03 17:12:19,344 [INFO] ADCParametersView:116 -                Rank 1 : false
2025-02-03 17:12:19,344 [INFO] ADCParametersView:116 -                Rank 1 : false
2025-02-03 17:12:19,344 [INFO] ADCParametersView:116 -                Rank 1 : false
2025-02-03 17:12:19,344 [INFO] ADCParametersView:116 -                Rank 1 : false
2025-02-03 17:12:19,344 [INFO] ADCParametersView:116 -                Rank 1 : false
2025-02-03 17:12:19,344 [INFO] ADCParametersView:116 -                Rank 1 : false
2025-02-03 17:12:19,345 [INFO] ADCParametersView:116 -                Rank 1 : false
2025-02-03 17:12:19,345 [INFO] ADCParametersView:116 -                Rank 1 : false
2025-02-03 17:12:19,345 [INFO] ADCParametersView:116 -                Rank 1 : false
2025-02-03 17:12:19,345 [INFO] ADCParametersView:116 -                Rank 1 : false
2025-02-03 17:12:19,348 [INFO] ADCParametersView:116 -                Rank 1 : false
2025-02-03 17:12:19,359 [INFO] ADCParametersView:116 -                Rank 1 : false
2025-02-03 17:12:19,360 [INFO] ADCParametersView:116 -                Rank 1 : false
2025-02-03 17:12:19,360 [INFO] ADCParametersView:116 -                Rank 1 : false
2025-02-03 17:12:19,360 [INFO] ADCParametersView:116 -                Rank 1 : false
2025-02-03 17:12:19,360 [INFO] ADCParametersView:116 -                Rank 1 : false
2025-02-03 17:12:19,360 [INFO] ADCParametersView:116 -                Rank 1 : false
2025-02-03 17:12:19,360 [INFO] ADCParametersView:116 -                Rank 1 : false
2025-02-03 17:12:19,360 [INFO] ADCParametersView:116 -                Rank 1 : false
2025-02-03 17:12:19,360 [INFO] ADCParametersView:116 -                Rank 1 : false
2025-02-03 17:12:19,360 [INFO] ADCParametersView:116 -                Rank 1 : false
2025-02-03 17:12:19,362 [INFO] ADCParametersView:116 -                Rank 1 : false
2025-02-03 17:12:22,875 [INFO] ADCParametersView:116 -                Rank 1 : false
2025-02-03 17:12:22,876 [INFO] ADCParametersView:116 -                Rank 1 : false
2025-02-03 17:12:22,876 [INFO] ADCParametersView:116 -                Rank 1 : false
2025-02-03 17:12:22,876 [INFO] ADCParametersView:116 -                Rank 1 : false
2025-02-03 17:12:22,876 [INFO] ADCParametersView:116 -                Rank 1 : false
2025-02-03 17:12:22,876 [INFO] ADCParametersView:116 -                Rank 1 : false
2025-02-03 17:12:22,876 [INFO] ADCParametersView:116 -                Rank 1 : false
2025-02-03 17:12:22,876 [INFO] ADCParametersView:116 -                Rank 1 : false
2025-02-03 17:12:22,876 [INFO] ADCParametersView:116 -                Rank 1 : false
2025-02-03 17:12:22,876 [INFO] ADCParametersView:116 -                Rank 1 : false
2025-02-03 17:12:22,878 [INFO] ADCParametersView:116 -                Rank 1 : false
2025-02-03 17:12:22,890 [INFO] ADCParametersView:116 -                Rank 1 : false
2025-02-03 17:12:22,891 [INFO] ADCParametersView:116 -                Rank 1 : false
2025-02-03 17:12:22,891 [INFO] ADCParametersView:116 -                Rank 1 : false
2025-02-03 17:12:22,891 [INFO] ADCParametersView:116 -                Rank 1 : false
2025-02-03 17:12:22,891 [INFO] ADCParametersView:116 -                Rank 1 : false
2025-02-03 17:12:22,891 [INFO] ADCParametersView:116 -                Rank 1 : false
2025-02-03 17:12:22,891 [INFO] ADCParametersView:116 -                Rank 1 : false
2025-02-03 17:12:22,891 [INFO] ADCParametersView:116 -                Rank 1 : false
2025-02-03 17:12:22,891 [INFO] ADCParametersView:116 -                Rank 1 : false
2025-02-03 17:12:22,891 [INFO] ADCParametersView:116 -                Rank 1 : false
2025-02-03 17:12:22,893 [INFO] ADCParametersView:116 -                Rank 1 : false
2025-02-03 17:12:22,919 [INFO] ADCParametersView:116 -                Rank 1 : false
2025-02-03 17:12:22,920 [INFO] ADCParametersView:116 -                Rank 1 : false
2025-02-03 17:12:22,920 [INFO] ADCParametersView:116 -                Rank 1 : false
2025-02-03 17:12:22,920 [INFO] ADCParametersView:116 -                Rank 1 : false
2025-02-03 17:12:22,920 [INFO] ADCParametersView:116 -                Rank 1 : false
2025-02-03 17:12:22,920 [INFO] ADCParametersView:116 -                Rank 1 : false
2025-02-03 17:12:22,920 [INFO] ADCParametersView:116 -                Rank 1 : false
2025-02-03 17:12:22,920 [INFO] ADCParametersView:116 -                Rank 1 : false
2025-02-03 17:12:22,920 [INFO] ADCParametersView:116 -                Rank 1 : false
2025-02-03 17:12:22,920 [INFO] ADCParametersView:116 -                Rank 1 : false
2025-02-03 17:12:22,923 [INFO] ADCParametersView:116 -                Rank 1 : false
2025-02-03 17:12:22,931 [INFO] ADCParametersView:116 -                Rank 1 : false
2025-02-03 17:12:22,932 [INFO] ADCParametersView:116 -                Rank 1 : false
2025-02-03 17:12:22,932 [INFO] ADCParametersView:116 -                Rank 1 : false
2025-02-03 17:12:22,932 [INFO] ADCParametersView:116 -                Rank 1 : false
2025-02-03 17:12:22,932 [INFO] ADCParametersView:116 -                Rank 1 : false
2025-02-03 17:12:22,932 [INFO] ADCParametersView:116 -                Rank 1 : false
2025-02-03 17:12:22,932 [INFO] ADCParametersView:116 -                Rank 1 : false
2025-02-03 17:12:22,932 [INFO] ADCParametersView:116 -                Rank 1 : false
2025-02-03 17:12:22,932 [INFO] ADCParametersView:116 -                Rank 1 : false
2025-02-03 17:12:22,932 [INFO] ADCParametersView:116 -                Rank 1 : false
2025-02-03 17:12:22,935 [INFO] ADCParametersView:116 -                Rank 1 : false
2025-02-03 17:12:22,963 [INFO] ADCParametersView:116 -                Rank 1 : false
2025-02-03 17:12:22,965 [INFO] ADCParametersView:116 -                Rank 1 : false
2025-02-03 17:12:22,965 [INFO] ADCParametersView:116 -                Rank 1 : false
2025-02-03 17:12:22,965 [INFO] ADCParametersView:116 -                Rank 1 : false
2025-02-03 17:12:22,965 [INFO] ADCParametersView:116 -                Rank 1 : false
2025-02-03 17:12:22,965 [INFO] ADCParametersView:116 -                Rank 1 : false
2025-02-03 17:12:22,965 [INFO] ADCParametersView:116 -                Rank 1 : false
2025-02-03 17:12:22,965 [INFO] ADCParametersView:116 -                Rank 1 : false
2025-02-03 17:12:22,965 [INFO] ADCParametersView:116 -                Rank 1 : false
2025-02-03 17:12:22,965 [INFO] ADCParametersView:116 -                Rank 1 : false
2025-02-03 17:12:22,969 [INFO] ADCParametersView:116 -                Rank 1 : false
2025-02-03 17:12:22,978 [INFO] ADCParametersView:116 -                Rank 1 : false
2025-02-03 17:12:22,979 [INFO] ADCParametersView:116 -                Rank 1 : false
2025-02-03 17:12:22,979 [INFO] ADCParametersView:116 -                Rank 1 : false
2025-02-03 17:12:22,979 [INFO] ADCParametersView:116 -                Rank 1 : false
2025-02-03 17:12:22,979 [INFO] ADCParametersView:116 -                Rank 1 : false
2025-02-03 17:12:22,980 [INFO] ADCParametersView:116 -                Rank 1 : false
2025-02-03 17:12:22,980 [INFO] ADCParametersView:116 -                Rank 1 : false
2025-02-03 17:12:22,980 [INFO] ADCParametersView:116 -                Rank 1 : false
2025-02-03 17:12:22,980 [INFO] ADCParametersView:116 -                Rank 1 : false
2025-02-03 17:12:22,980 [INFO] ADCParametersView:116 -                Rank 1 : false
2025-02-03 17:12:22,984 [INFO] ADCParametersView:116 -                Rank 1 : false
2025-02-03 17:12:25,030 [INFO] ADCParametersView:116 -                Rank 1 : false
2025-02-03 17:12:25,030 [INFO] ADCParametersView:116 -                Rank 1 : false
2025-02-03 17:12:25,031 [INFO] ADCParametersView:116 -                Rank 1 : false
2025-02-03 17:12:25,031 [INFO] ADCParametersView:116 -                Rank 1 : false
2025-02-03 17:12:25,031 [INFO] ADCParametersView:116 -                Rank 1 : false
2025-02-03 17:12:25,031 [INFO] ADCParametersView:116 -                Rank 1 : false
2025-02-03 17:12:25,031 [INFO] ADCParametersView:116 -                Rank 1 : false
2025-02-03 17:12:25,031 [INFO] ADCParametersView:116 -                Rank 1 : false
2025-02-03 17:12:25,031 [INFO] ADCParametersView:116 -                Rank 1 : false
2025-02-03 17:12:25,031 [INFO] ADCParametersView:116 -                Rank 1 : false
2025-02-03 17:12:25,033 [INFO] ADCParametersView:116 -                Rank 1 : false
2025-02-03 17:12:25,040 [INFO] ADCParametersView:116 -                Rank 1 : false
2025-02-03 17:12:25,040 [INFO] ADCParametersView:116 -                Rank 1 : false
2025-02-03 17:12:25,040 [INFO] ADCParametersView:116 -                Rank 1 : false
2025-02-03 17:12:25,040 [INFO] ADCParametersView:116 -                Rank 1 : false
2025-02-03 17:12:25,040 [INFO] ADCParametersView:116 -                Rank 1 : false
2025-02-03 17:12:25,040 [INFO] ADCParametersView:116 -                Rank 1 : false
2025-02-03 17:12:25,040 [INFO] ADCParametersView:116 -                Rank 1 : false
2025-02-03 17:12:25,040 [INFO] ADCParametersView:116 -                Rank 1 : false
2025-02-03 17:12:25,040 [INFO] ADCParametersView:116 -                Rank 1 : false
2025-02-03 17:12:25,040 [INFO] ADCParametersView:116 -                Rank 1 : false
2025-02-03 17:12:25,042 [INFO] ADCParametersView:116 -                Rank 1 : false
2025-02-03 17:12:25,064 [INFO] ADCParametersView:116 -                Rank 1 : false
2025-02-03 17:12:25,064 [INFO] ADCParametersView:116 -                Rank 1 : false
2025-02-03 17:12:25,064 [INFO] ADCParametersView:116 -                Rank 1 : false
2025-02-03 17:12:25,064 [INFO] ADCParametersView:116 -                Rank 1 : false
2025-02-03 17:12:25,065 [INFO] ADCParametersView:116 -                Rank 1 : false
2025-02-03 17:12:25,065 [INFO] ADCParametersView:116 -                Rank 1 : false
2025-02-03 17:12:25,065 [INFO] ADCParametersView:116 -                Rank 1 : false
2025-02-03 17:12:25,065 [INFO] ADCParametersView:116 -                Rank 1 : false
2025-02-03 17:12:25,065 [INFO] ADCParametersView:116 -                Rank 1 : false
2025-02-03 17:12:25,065 [INFO] ADCParametersView:116 -                Rank 1 : false
2025-02-03 17:12:25,068 [INFO] ADCParametersView:116 -                Rank 1 : false
2025-02-03 17:12:25,076 [INFO] ADCParametersView:116 -                Rank 1 : false
2025-02-03 17:12:25,077 [INFO] ADCParametersView:116 -                Rank 1 : false
2025-02-03 17:12:25,077 [INFO] ADCParametersView:116 -                Rank 1 : false
2025-02-03 17:12:25,077 [INFO] ADCParametersView:116 -                Rank 1 : false
2025-02-03 17:12:25,077 [INFO] ADCParametersView:116 -                Rank 1 : false
2025-02-03 17:12:25,077 [INFO] ADCParametersView:116 -                Rank 1 : false
2025-02-03 17:12:25,077 [INFO] ADCParametersView:116 -                Rank 1 : false
2025-02-03 17:12:25,077 [INFO] ADCParametersView:116 -                Rank 1 : false
2025-02-03 17:12:25,077 [INFO] ADCParametersView:116 -                Rank 1 : false
2025-02-03 17:12:25,077 [INFO] ADCParametersView:116 -                Rank 1 : false
2025-02-03 17:12:25,080 [INFO] ADCParametersView:116 -                Rank 1 : false
2025-02-03 17:12:25,112 [INFO] ADCParametersView:116 -                Rank 1 : false
2025-02-03 17:12:25,113 [INFO] ADCParametersView:116 -                Rank 1 : false
2025-02-03 17:12:25,113 [INFO] ADCParametersView:116 -                Rank 1 : false
2025-02-03 17:12:25,113 [INFO] ADCParametersView:116 -                Rank 1 : false
2025-02-03 17:12:25,113 [INFO] ADCParametersView:116 -                Rank 1 : false
2025-02-03 17:12:25,113 [INFO] ADCParametersView:116 -                Rank 1 : false
2025-02-03 17:12:25,113 [INFO] ADCParametersView:116 -                Rank 1 : false
2025-02-03 17:12:25,113 [INFO] ADCParametersView:116 -                Rank 1 : false
2025-02-03 17:12:25,113 [INFO] ADCParametersView:116 -                Rank 1 : false
2025-02-03 17:12:25,113 [INFO] ADCParametersView:116 -                Rank 1 : false
2025-02-03 17:12:25,115 [INFO] ADCParametersView:116 -                Rank 1 : false
2025-02-03 17:12:25,125 [INFO] ADCParametersView:116 -                Rank 1 : false
2025-02-03 17:12:25,125 [INFO] ADCParametersView:116 -                Rank 1 : false
2025-02-03 17:12:25,125 [INFO] ADCParametersView:116 -                Rank 1 : false
2025-02-03 17:12:25,126 [INFO] ADCParametersView:116 -                Rank 1 : false
2025-02-03 17:12:25,126 [INFO] ADCParametersView:116 -                Rank 1 : false
2025-02-03 17:12:25,126 [INFO] ADCParametersView:116 -                Rank 1 : false
2025-02-03 17:12:25,126 [INFO] ADCParametersView:116 -                Rank 1 : false
2025-02-03 17:12:25,126 [INFO] ADCParametersView:116 -                Rank 1 : false
2025-02-03 17:12:25,126 [INFO] ADCParametersView:116 -                Rank 1 : false
2025-02-03 17:12:25,126 [INFO] ADCParametersView:116 -                Rank 1 : false
2025-02-03 17:12:25,129 [INFO] ADCParametersView:116 -                Rank 1 : false
2025-02-03 17:12:26,072 [INFO] ADCParametersView:116 -                Rank 1 : false
2025-02-03 17:12:26,072 [INFO] ADCParametersView:116 -                Rank 1 : false
2025-02-03 17:12:26,072 [INFO] ADCParametersView:116 -                Rank 1 : false
2025-02-03 17:12:26,072 [INFO] ADCParametersView:116 -                Rank 1 : false
2025-02-03 17:12:26,072 [INFO] ADCParametersView:116 -                Rank 1 : false
2025-02-03 17:12:26,072 [INFO] ADCParametersView:116 -                Rank 1 : false
2025-02-03 17:12:26,072 [INFO] ADCParametersView:116 -                Rank 1 : false
2025-02-03 17:12:26,072 [INFO] ADCParametersView:116 -                Rank 1 : false
2025-02-03 17:12:26,072 [INFO] ADCParametersView:116 -                Rank 1 : false
2025-02-03 17:12:26,072 [INFO] ADCParametersView:116 -                Rank 1 : false
2025-02-03 17:12:26,075 [INFO] ADCParametersView:116 -                Rank 1 : false
2025-02-03 17:12:26,084 [INFO] ADCParametersView:116 -                Rank 1 : false
2025-02-03 17:12:26,084 [INFO] ADCParametersView:116 -                Rank 1 : false
2025-02-03 17:12:26,084 [INFO] ADCParametersView:116 -                Rank 1 : false
2025-02-03 17:12:26,084 [INFO] ADCParametersView:116 -                Rank 1 : false
2025-02-03 17:12:26,084 [INFO] ADCParametersView:116 -                Rank 1 : false
2025-02-03 17:12:26,084 [INFO] ADCParametersView:116 -                Rank 1 : false
2025-02-03 17:12:26,084 [INFO] ADCParametersView:116 -                Rank 1 : false
2025-02-03 17:12:26,084 [INFO] ADCParametersView:116 -                Rank 1 : false
2025-02-03 17:12:26,084 [INFO] ADCParametersView:116 -                Rank 1 : false
2025-02-03 17:12:26,084 [INFO] ADCParametersView:116 -                Rank 1 : false
2025-02-03 17:12:26,087 [INFO] ADCParametersView:116 -                Rank 1 : false
2025-02-03 17:12:26,107 [INFO] ADCParametersView:116 -                Rank 1 : false
2025-02-03 17:12:26,108 [INFO] ADCParametersView:116 -                Rank 1 : false
2025-02-03 17:12:26,108 [INFO] ADCParametersView:116 -                Rank 1 : false
2025-02-03 17:12:26,108 [INFO] ADCParametersView:116 -                Rank 1 : false
2025-02-03 17:12:26,108 [INFO] ADCParametersView:116 -                Rank 1 : false
2025-02-03 17:12:26,108 [INFO] ADCParametersView:116 -                Rank 1 : false
2025-02-03 17:12:26,108 [INFO] ADCParametersView:116 -                Rank 1 : false
2025-02-03 17:12:26,108 [INFO] ADCParametersView:116 -                Rank 1 : false
2025-02-03 17:12:26,108 [INFO] ADCParametersView:116 -                Rank 1 : false
2025-02-03 17:12:26,108 [INFO] ADCParametersView:116 -                Rank 1 : false
2025-02-03 17:12:26,110 [INFO] ADCParametersView:116 -                Rank 1 : false
2025-02-03 17:12:26,121 [INFO] ADCParametersView:116 -                Rank 1 : false
2025-02-03 17:12:26,121 [INFO] ADCParametersView:116 -                Rank 1 : false
2025-02-03 17:12:26,122 [INFO] ADCParametersView:116 -                Rank 1 : false
2025-02-03 17:12:26,122 [INFO] ADCParametersView:116 -                Rank 1 : false
2025-02-03 17:12:26,122 [INFO] ADCParametersView:116 -                Rank 1 : false
2025-02-03 17:12:26,122 [INFO] ADCParametersView:116 -                Rank 1 : false
2025-02-03 17:12:26,122 [INFO] ADCParametersView:116 -                Rank 1 : false
2025-02-03 17:12:26,122 [INFO] ADCParametersView:116 -                Rank 1 : false
2025-02-03 17:12:26,122 [INFO] ADCParametersView:116 -                Rank 1 : false
2025-02-03 17:12:26,122 [INFO] ADCParametersView:116 -                Rank 1 : false
2025-02-03 17:12:26,124 [INFO] ADCParametersView:116 -                Rank 1 : false
2025-02-03 17:12:26,155 [INFO] ADCParametersView:116 -                Rank 1 : false
2025-02-03 17:12:26,156 [INFO] ADCParametersView:116 -                Rank 1 : false
2025-02-03 17:12:26,156 [INFO] ADCParametersView:116 -                Rank 1 : false
2025-02-03 17:12:26,156 [INFO] ADCParametersView:116 -                Rank 1 : false
2025-02-03 17:12:26,156 [INFO] ADCParametersView:116 -                Rank 1 : false
2025-02-03 17:12:26,156 [INFO] ADCParametersView:116 -                Rank 1 : false
2025-02-03 17:12:26,156 [INFO] ADCParametersView:116 -                Rank 1 : false
2025-02-03 17:12:26,156 [INFO] ADCParametersView:116 -                Rank 1 : false
2025-02-03 17:12:26,156 [INFO] ADCParametersView:116 -                Rank 1 : false
2025-02-03 17:12:26,156 [INFO] ADCParametersView:116 -                Rank 1 : false
2025-02-03 17:12:26,158 [INFO] ADCParametersView:116 -                Rank 1 : false
2025-02-03 17:12:26,167 [INFO] ADCParametersView:116 -                Rank 1 : false
2025-02-03 17:12:26,168 [INFO] ADCParametersView:116 -                Rank 1 : false
2025-02-03 17:12:26,168 [INFO] ADCParametersView:116 -                Rank 1 : false
2025-02-03 17:12:26,170 [INFO] ADCParametersView:116 -                Rank 1 : false
2025-02-03 17:12:26,170 [INFO] ADCParametersView:116 -                Rank 1 : false
2025-02-03 17:12:26,170 [INFO] ADCParametersView:116 -                Rank 1 : false
2025-02-03 17:12:26,170 [INFO] ADCParametersView:116 -                Rank 1 : false
2025-02-03 17:12:26,170 [INFO] ADCParametersView:116 -                Rank 1 : false
2025-02-03 17:12:26,170 [INFO] ADCParametersView:116 -                Rank 1 : false
2025-02-03 17:12:26,170 [INFO] ADCParametersView:116 -                Rank 1 : false
2025-02-03 17:12:26,172 [INFO] ADCParametersView:116 -                Rank 1 : false
2025-02-03 17:12:27,248 [INFO] ADCParametersView:116 -                Rank 1 : false
2025-02-03 17:12:27,249 [INFO] ADCParametersView:116 -                Rank 1 : false
2025-02-03 17:12:27,249 [INFO] ADCParametersView:116 -                Rank 1 : false
2025-02-03 17:12:27,249 [INFO] ADCParametersView:116 -                Rank 1 : false
2025-02-03 17:12:27,249 [INFO] ADCParametersView:116 -                Rank 1 : false
2025-02-03 17:12:27,249 [INFO] ADCParametersView:116 -                Rank 1 : false
2025-02-03 17:12:27,249 [INFO] ADCParametersView:116 -                Rank 1 : false
2025-02-03 17:12:27,249 [INFO] ADCParametersView:116 -                Rank 1 : false
2025-02-03 17:12:27,249 [INFO] ADCParametersView:116 -                Rank 1 : false
2025-02-03 17:12:27,249 [INFO] ADCParametersView:116 -                Rank 1 : false
2025-02-03 17:12:27,251 [INFO] ADCParametersView:116 -                Rank 1 : false
2025-02-03 17:12:27,260 [INFO] ADCParametersView:116 -                Rank 1 : false
2025-02-03 17:12:27,260 [INFO] ADCParametersView:116 -                Rank 1 : false
2025-02-03 17:12:27,260 [INFO] ADCParametersView:116 -                Rank 1 : false
2025-02-03 17:12:27,260 [INFO] ADCParametersView:116 -                Rank 1 : false
2025-02-03 17:12:27,260 [INFO] ADCParametersView:116 -                Rank 1 : false
2025-02-03 17:12:27,260 [INFO] ADCParametersView:116 -                Rank 1 : false
2025-02-03 17:12:27,260 [INFO] ADCParametersView:116 -                Rank 1 : false
2025-02-03 17:12:27,260 [INFO] ADCParametersView:116 -                Rank 1 : false
2025-02-03 17:12:27,260 [INFO] ADCParametersView:116 -                Rank 1 : false
2025-02-03 17:12:27,260 [INFO] ADCParametersView:116 -                Rank 1 : false
2025-02-03 17:12:27,262 [INFO] ADCParametersView:116 -                Rank 1 : false
2025-02-03 17:12:27,282 [INFO] ADCParametersView:116 -                Rank 1 : false
2025-02-03 17:12:27,282 [INFO] ADCParametersView:116 -                Rank 1 : false
2025-02-03 17:12:27,282 [INFO] ADCParametersView:116 -                Rank 1 : false
2025-02-03 17:12:27,282 [INFO] ADCParametersView:116 -                Rank 1 : false
2025-02-03 17:12:27,283 [INFO] ADCParametersView:116 -                Rank 1 : false
2025-02-03 17:12:27,283 [INFO] ADCParametersView:116 -                Rank 1 : false
2025-02-03 17:12:27,283 [INFO] ADCParametersView:116 -                Rank 1 : false
2025-02-03 17:12:27,283 [INFO] ADCParametersView:116 -                Rank 1 : false
2025-02-03 17:12:27,283 [INFO] ADCParametersView:116 -                Rank 1 : false
2025-02-03 17:12:27,283 [INFO] ADCParametersView:116 -                Rank 1 : false
2025-02-03 17:12:27,285 [INFO] ADCParametersView:116 -                Rank 1 : false
2025-02-03 17:12:27,298 [INFO] ADCParametersView:116 -                Rank 1 : false
2025-02-03 17:12:27,299 [INFO] ADCParametersView:116 -                Rank 1 : false
2025-02-03 17:12:27,299 [INFO] ADCParametersView:116 -                Rank 1 : false
2025-02-03 17:12:27,299 [INFO] ADCParametersView:116 -                Rank 1 : false
2025-02-03 17:12:27,299 [INFO] ADCParametersView:116 -                Rank 1 : false
2025-02-03 17:12:27,299 [INFO] ADCParametersView:116 -                Rank 1 : false
2025-02-03 17:12:27,299 [INFO] ADCParametersView:116 -                Rank 1 : false
2025-02-03 17:12:27,299 [INFO] ADCParametersView:116 -                Rank 1 : false
2025-02-03 17:12:27,299 [INFO] ADCParametersView:116 -                Rank 1 : false
2025-02-03 17:12:27,299 [INFO] ADCParametersView:116 -                Rank 1 : false
2025-02-03 17:12:27,303 [INFO] ADCParametersView:116 -                Rank 1 : false
2025-02-03 17:12:27,330 [INFO] ADCParametersView:116 -                Rank 1 : false
2025-02-03 17:12:27,332 [INFO] ADCParametersView:116 -                Rank 1 : false
2025-02-03 17:12:27,332 [INFO] ADCParametersView:116 -                Rank 1 : false
2025-02-03 17:12:27,332 [INFO] ADCParametersView:116 -                Rank 1 : false
2025-02-03 17:12:27,332 [INFO] ADCParametersView:116 -                Rank 1 : false
2025-02-03 17:12:27,332 [INFO] ADCParametersView:116 -                Rank 1 : false
2025-02-03 17:12:27,332 [INFO] ADCParametersView:116 -                Rank 1 : false
2025-02-03 17:12:27,332 [INFO] ADCParametersView:116 -                Rank 1 : false
2025-02-03 17:12:27,332 [INFO] ADCParametersView:116 -                Rank 1 : false
2025-02-03 17:12:27,332 [INFO] ADCParametersView:116 -                Rank 1 : false
2025-02-03 17:12:27,334 [INFO] ADCParametersView:116 -                Rank 1 : false
2025-02-03 17:12:27,346 [INFO] ADCParametersView:116 -                Rank 1 : false
2025-02-03 17:12:27,348 [INFO] ADCParametersView:116 -                Rank 1 : false
2025-02-03 17:12:27,348 [INFO] ADCParametersView:116 -                Rank 1 : false
2025-02-03 17:12:27,348 [INFO] ADCParametersView:116 -                Rank 1 : false
2025-02-03 17:12:27,348 [INFO] ADCParametersView:116 -                Rank 1 : false
2025-02-03 17:12:27,348 [INFO] ADCParametersView:116 -                Rank 1 : false
2025-02-03 17:12:27,348 [INFO] ADCParametersView:116 -                Rank 1 : false
2025-02-03 17:12:27,348 [INFO] ADCParametersView:116 -                Rank 1 : false
2025-02-03 17:12:27,348 [INFO] ADCParametersView:116 -                Rank 1 : false
2025-02-03 17:12:27,348 [INFO] ADCParametersView:116 -                Rank 1 : false
2025-02-03 17:12:27,351 [INFO] ADCParametersView:116 -                Rank 1 : false
2025-02-03 17:12:36,348 [INFO] NvicIntPanel:101 - NVIC parent = com.st.microxplorer.plugins.ip.nvic.MultiNvicIntPanel[,0,0,450x89,layout=javax.swing.BoxLayout,alignmentX=0.0,alignmentY=0.0,border=,flags=9,maximumSize=,minimumSize=,preferredSize=]
2025-02-03 17:12:37,810 [INFO] ADCParametersView:116 -                Rank 1 : false
2025-02-03 17:12:37,811 [INFO] ADCParametersView:116 -                Rank 1 : false
2025-02-03 17:12:37,811 [INFO] ADCParametersView:116 -                Rank 1 : false
2025-02-03 17:12:37,811 [INFO] ADCParametersView:116 -                Rank 1 : false
2025-02-03 17:12:37,811 [INFO] ADCParametersView:116 -                Rank 1 : false
2025-02-03 17:12:37,811 [INFO] ADCParametersView:116 -                Rank 1 : false
2025-02-03 17:12:37,811 [INFO] ADCParametersView:116 -                Rank 1 : false
2025-02-03 17:12:37,811 [INFO] ADCParametersView:116 -                Rank 1 : false
2025-02-03 17:12:37,811 [INFO] ADCParametersView:116 -                Rank 1 : false
2025-02-03 17:12:37,811 [INFO] ADCParametersView:116 -                Rank 1 : false
2025-02-03 17:12:37,813 [INFO] ADCParametersView:116 -                Rank 1 : false
2025-02-03 17:12:39,605 [INFO] ADCParametersView:116 -                Rank 1 : false
2025-02-03 17:12:39,606 [INFO] ADCParametersView:116 -                Rank 1 : false
2025-02-03 17:12:39,606 [INFO] ADCParametersView:116 -                Rank 1 : false
2025-02-03 17:12:39,606 [INFO] ADCParametersView:116 -                Rank 1 : false
2025-02-03 17:12:39,606 [INFO] ADCParametersView:116 -                Rank 1 : false
2025-02-03 17:12:39,606 [INFO] ADCParametersView:116 -                Rank 1 : false
2025-02-03 17:12:39,606 [INFO] ADCParametersView:116 -                Rank 1 : false
2025-02-03 17:12:39,606 [INFO] ADCParametersView:116 -                Rank 1 : false
2025-02-03 17:12:39,606 [INFO] ADCParametersView:116 -                Rank 1 : false
2025-02-03 17:12:39,606 [INFO] ADCParametersView:116 -                Rank 1 : false
2025-02-03 17:12:39,608 [INFO] ADCParametersView:116 -                Rank 1 : false
2025-02-03 17:12:39,616 [INFO] ADCParametersView:116 -                Rank 1 : false
2025-02-03 17:12:39,617 [INFO] ADCParametersView:116 -                Rank 1 : false
2025-02-03 17:12:39,617 [INFO] ADCParametersView:116 -                Rank 1 : false
2025-02-03 17:12:39,617 [INFO] ADCParametersView:116 -                Rank 1 : false
2025-02-03 17:12:39,617 [INFO] ADCParametersView:116 -                Rank 1 : false
2025-02-03 17:12:39,617 [INFO] ADCParametersView:116 -                Rank 1 : false
2025-02-03 17:12:39,617 [INFO] ADCParametersView:116 -                Rank 1 : false
2025-02-03 17:12:39,617 [INFO] ADCParametersView:116 -                Rank 1 : false
2025-02-03 17:12:39,617 [INFO] ADCParametersView:116 -                Rank 1 : false
2025-02-03 17:12:39,617 [INFO] ADCParametersView:116 -                Rank 1 : false
2025-02-03 17:12:39,619 [INFO] ADCParametersView:116 -                Rank 1 : false
2025-02-03 17:12:39,637 [INFO] ADCParametersView:116 -                Rank 1 : false
2025-02-03 17:12:39,638 [INFO] ADCParametersView:116 -                Rank 1 : false
2025-02-03 17:12:39,638 [INFO] ADCParametersView:116 -                Rank 1 : false
2025-02-03 17:12:39,638 [INFO] ADCParametersView:116 -                Rank 1 : false
2025-02-03 17:12:39,638 [INFO] ADCParametersView:116 -                Rank 1 : false
2025-02-03 17:12:39,638 [INFO] ADCParametersView:116 -                Rank 1 : false
2025-02-03 17:12:39,638 [INFO] ADCParametersView:116 -                Rank 1 : false
2025-02-03 17:12:39,638 [INFO] ADCParametersView:116 -                Rank 1 : false
2025-02-03 17:12:39,638 [INFO] ADCParametersView:116 -                Rank 1 : false
2025-02-03 17:12:39,638 [INFO] ADCParametersView:116 -                Rank 1 : false
2025-02-03 17:12:39,640 [INFO] ADCParametersView:116 -                Rank 1 : false
2025-02-03 17:12:39,649 [INFO] ADCParametersView:116 -                Rank 1 : false
2025-02-03 17:12:39,650 [INFO] ADCParametersView:116 -                Rank 1 : false
2025-02-03 17:12:39,650 [INFO] ADCParametersView:116 -                Rank 1 : false
2025-02-03 17:12:39,650 [INFO] ADCParametersView:116 -                Rank 1 : false
2025-02-03 17:12:39,650 [INFO] ADCParametersView:116 -                Rank 1 : false
2025-02-03 17:12:39,650 [INFO] ADCParametersView:116 -                Rank 1 : false
2025-02-03 17:12:39,650 [INFO] ADCParametersView:116 -                Rank 1 : false
2025-02-03 17:12:39,650 [INFO] ADCParametersView:116 -                Rank 1 : false
2025-02-03 17:12:39,650 [INFO] ADCParametersView:116 -                Rank 1 : false
2025-02-03 17:12:39,650 [INFO] ADCParametersView:116 -                Rank 1 : false
2025-02-03 17:12:39,652 [INFO] ADCParametersView:116 -                Rank 1 : false
2025-02-03 17:12:39,677 [INFO] ADCParametersView:116 -                Rank 1 : false
2025-02-03 17:12:39,679 [INFO] ADCParametersView:116 -                Rank 1 : false
2025-02-03 17:12:39,679 [INFO] ADCParametersView:116 -                Rank 1 : false
2025-02-03 17:12:39,679 [INFO] ADCParametersView:116 -                Rank 1 : false
2025-02-03 17:12:39,679 [INFO] ADCParametersView:116 -                Rank 1 : false
2025-02-03 17:12:39,679 [INFO] ADCParametersView:116 -                Rank 1 : false
2025-02-03 17:12:39,679 [INFO] ADCParametersView:116 -                Rank 1 : false
2025-02-03 17:12:39,679 [INFO] ADCParametersView:116 -                Rank 1 : false
2025-02-03 17:12:39,679 [INFO] ADCParametersView:116 -                Rank 1 : false
2025-02-03 17:12:39,679 [INFO] ADCParametersView:116 -                Rank 1 : false
2025-02-03 17:12:39,682 [INFO] ADCParametersView:116 -                Rank 1 : false
2025-02-03 17:12:39,690 [INFO] ADCParametersView:116 -                Rank 1 : false
2025-02-03 17:12:39,690 [INFO] ADCParametersView:116 -                Rank 1 : false
2025-02-03 17:12:39,690 [INFO] ADCParametersView:116 -                Rank 1 : false
2025-02-03 17:12:39,690 [INFO] ADCParametersView:116 -                Rank 1 : false
2025-02-03 17:12:39,690 [INFO] ADCParametersView:116 -                Rank 1 : false
2025-02-03 17:12:39,690 [INFO] ADCParametersView:116 -                Rank 1 : false
2025-02-03 17:12:39,690 [INFO] ADCParametersView:116 -                Rank 1 : false
2025-02-03 17:12:39,690 [INFO] ADCParametersView:116 -                Rank 1 : false
2025-02-03 17:12:39,690 [INFO] ADCParametersView:116 -                Rank 1 : false
2025-02-03 17:12:39,690 [INFO] ADCParametersView:116 -                Rank 1 : false
2025-02-03 17:12:39,691 [INFO] ADCParametersView:116 -                Rank 1 : false
2025-02-03 17:12:40,850 [INFO] ADCParametersView:116 -                Rank 1 : false
2025-02-03 17:12:40,850 [INFO] ADCParametersView:116 -                Rank 1 : false
2025-02-03 17:12:40,850 [INFO] ADCParametersView:116 -                Rank 1 : false
2025-02-03 17:12:40,850 [INFO] ADCParametersView:116 -                Rank 1 : false
2025-02-03 17:12:40,850 [INFO] ADCParametersView:116 -                Rank 1 : false
2025-02-03 17:12:40,850 [INFO] ADCParametersView:116 -                Rank 1 : false
2025-02-03 17:12:40,850 [INFO] ADCParametersView:116 -                Rank 1 : false
2025-02-03 17:12:40,850 [INFO] ADCParametersView:116 -                Rank 1 : false
2025-02-03 17:12:40,850 [INFO] ADCParametersView:116 -                Rank 1 : false
2025-02-03 17:12:40,850 [INFO] ADCParametersView:116 -                Rank 1 : false
2025-02-03 17:12:40,852 [INFO] ADCParametersView:116 -                Rank 1 : false
2025-02-03 17:12:40,860 [INFO] ADCParametersView:116 -                Rank 1 : false
2025-02-03 17:12:40,861 [INFO] ADCParametersView:116 -                Rank 1 : false
2025-02-03 17:12:40,861 [INFO] ADCParametersView:116 -                Rank 1 : false
2025-02-03 17:12:40,861 [INFO] ADCParametersView:116 -                Rank 1 : false
2025-02-03 17:12:40,861 [INFO] ADCParametersView:116 -                Rank 1 : false
2025-02-03 17:12:40,861 [INFO] ADCParametersView:116 -                Rank 1 : false
2025-02-03 17:12:40,861 [INFO] ADCParametersView:116 -                Rank 1 : false
2025-02-03 17:12:40,861 [INFO] ADCParametersView:116 -                Rank 1 : false
2025-02-03 17:12:40,861 [INFO] ADCParametersView:116 -                Rank 1 : false
2025-02-03 17:12:40,861 [INFO] ADCParametersView:116 -                Rank 1 : false
2025-02-03 17:12:40,863 [INFO] ADCParametersView:116 -                Rank 1 : false
2025-02-03 17:12:40,882 [INFO] ADCParametersView:116 -                Rank 1 : false
2025-02-03 17:12:40,883 [INFO] ADCParametersView:116 -                Rank 1 : false
2025-02-03 17:12:40,883 [INFO] ADCParametersView:116 -                Rank 1 : false
2025-02-03 17:12:40,883 [INFO] ADCParametersView:116 -                Rank 1 : false
2025-02-03 17:12:40,883 [INFO] ADCParametersView:116 -                Rank 1 : false
2025-02-03 17:12:40,883 [INFO] ADCParametersView:116 -                Rank 1 : false
2025-02-03 17:12:40,883 [INFO] ADCParametersView:116 -                Rank 1 : false
2025-02-03 17:12:40,883 [INFO] ADCParametersView:116 -                Rank 1 : false
2025-02-03 17:12:40,883 [INFO] ADCParametersView:116 -                Rank 1 : false
2025-02-03 17:12:40,883 [INFO] ADCParametersView:116 -                Rank 1 : false
2025-02-03 17:12:40,885 [INFO] ADCParametersView:116 -                Rank 1 : false
2025-02-03 17:12:40,893 [INFO] ADCParametersView:116 -                Rank 1 : false
2025-02-03 17:12:40,894 [INFO] ADCParametersView:116 -                Rank 1 : false
2025-02-03 17:12:40,894 [INFO] ADCParametersView:116 -                Rank 1 : false
2025-02-03 17:12:40,894 [INFO] ADCParametersView:116 -                Rank 1 : false
2025-02-03 17:12:40,894 [INFO] ADCParametersView:116 -                Rank 1 : false
2025-02-03 17:12:40,894 [INFO] ADCParametersView:116 -                Rank 1 : false
2025-02-03 17:12:40,894 [INFO] ADCParametersView:116 -                Rank 1 : false
2025-02-03 17:12:40,894 [INFO] ADCParametersView:116 -                Rank 1 : false
2025-02-03 17:12:40,894 [INFO] ADCParametersView:116 -                Rank 1 : false
2025-02-03 17:12:40,894 [INFO] ADCParametersView:116 -                Rank 1 : false
2025-02-03 17:12:40,896 [INFO] ADCParametersView:116 -                Rank 1 : false
2025-02-03 17:12:40,923 [INFO] ADCParametersView:116 -                Rank 1 : false
2025-02-03 17:12:40,924 [INFO] ADCParametersView:116 -                Rank 1 : false
2025-02-03 17:12:40,924 [INFO] ADCParametersView:116 -                Rank 1 : false
2025-02-03 17:12:40,924 [INFO] ADCParametersView:116 -                Rank 1 : false
2025-02-03 17:12:40,924 [INFO] ADCParametersView:116 -                Rank 1 : false
2025-02-03 17:12:40,924 [INFO] ADCParametersView:116 -                Rank 1 : false
2025-02-03 17:12:40,924 [INFO] ADCParametersView:116 -                Rank 1 : false
2025-02-03 17:12:40,924 [INFO] ADCParametersView:116 -                Rank 1 : false
2025-02-03 17:12:40,924 [INFO] ADCParametersView:116 -                Rank 1 : false
2025-02-03 17:12:40,924 [INFO] ADCParametersView:116 -                Rank 1 : false
2025-02-03 17:12:40,926 [INFO] ADCParametersView:116 -                Rank 1 : false
2025-02-03 17:12:40,935 [INFO] ADCParametersView:116 -                Rank 1 : false
2025-02-03 17:12:40,936 [INFO] ADCParametersView:116 -                Rank 1 : false
2025-02-03 17:12:40,936 [INFO] ADCParametersView:116 -                Rank 1 : false
2025-02-03 17:12:40,936 [INFO] ADCParametersView:116 -                Rank 1 : false
2025-02-03 17:12:40,936 [INFO] ADCParametersView:116 -                Rank 1 : false
2025-02-03 17:12:40,936 [INFO] ADCParametersView:116 -                Rank 1 : false
2025-02-03 17:12:40,936 [INFO] ADCParametersView:116 -                Rank 1 : false
2025-02-03 17:12:40,936 [INFO] ADCParametersView:116 -                Rank 1 : false
2025-02-03 17:12:40,936 [INFO] ADCParametersView:116 -                Rank 1 : false
2025-02-03 17:12:40,936 [INFO] ADCParametersView:116 -                Rank 1 : false
2025-02-03 17:12:40,939 [INFO] ADCParametersView:116 -                Rank 1 : false
2025-02-03 17:12:41,760 [INFO] ADCParametersView:116 -                Rank 1 : false
2025-02-03 17:12:41,760 [INFO] ADCParametersView:116 -                Rank 1 : false
2025-02-03 17:12:41,760 [INFO] ADCParametersView:116 -                Rank 1 : false
2025-02-03 17:12:41,760 [INFO] ADCParametersView:116 -                Rank 1 : false
2025-02-03 17:12:41,760 [INFO] ADCParametersView:116 -                Rank 1 : false
2025-02-03 17:12:41,760 [INFO] ADCParametersView:116 -                Rank 1 : false
2025-02-03 17:12:41,760 [INFO] ADCParametersView:116 -                Rank 1 : false
2025-02-03 17:12:41,760 [INFO] ADCParametersView:116 -                Rank 1 : false
2025-02-03 17:12:41,760 [INFO] ADCParametersView:116 -                Rank 1 : false
2025-02-03 17:12:41,760 [INFO] ADCParametersView:116 -                Rank 1 : false
2025-02-03 17:12:41,762 [INFO] ADCParametersView:116 -                Rank 1 : false
2025-02-03 17:12:41,773 [INFO] ADCParametersView:116 -                Rank 1 : false
2025-02-03 17:12:41,773 [INFO] ADCParametersView:116 -                Rank 1 : false
2025-02-03 17:12:41,773 [INFO] ADCParametersView:116 -                Rank 1 : false
2025-02-03 17:12:41,773 [INFO] ADCParametersView:116 -                Rank 1 : false
2025-02-03 17:12:41,773 [INFO] ADCParametersView:116 -                Rank 1 : false
2025-02-03 17:12:41,773 [INFO] ADCParametersView:116 -                Rank 1 : false
2025-02-03 17:12:41,773 [INFO] ADCParametersView:116 -                Rank 1 : false
2025-02-03 17:12:41,773 [INFO] ADCParametersView:116 -                Rank 1 : false
2025-02-03 17:12:41,773 [INFO] ADCParametersView:116 -                Rank 1 : false
2025-02-03 17:12:41,773 [INFO] ADCParametersView:116 -                Rank 1 : false
2025-02-03 17:12:41,775 [INFO] ADCParametersView:116 -                Rank 1 : false
2025-02-03 17:12:41,793 [INFO] ADCParametersView:116 -                Rank 1 : false
2025-02-03 17:12:41,794 [INFO] ADCParametersView:116 -                Rank 1 : false
2025-02-03 17:12:41,794 [INFO] ADCParametersView:116 -                Rank 1 : false
2025-02-03 17:12:41,794 [INFO] ADCParametersView:116 -                Rank 1 : false
2025-02-03 17:12:41,794 [INFO] ADCParametersView:116 -                Rank 1 : false
2025-02-03 17:12:41,794 [INFO] ADCParametersView:116 -                Rank 1 : false
2025-02-03 17:12:41,794 [INFO] ADCParametersView:116 -                Rank 1 : false
2025-02-03 17:12:41,794 [INFO] ADCParametersView:116 -                Rank 1 : false
2025-02-03 17:12:41,794 [INFO] ADCParametersView:116 -                Rank 1 : false
2025-02-03 17:12:41,794 [INFO] ADCParametersView:116 -                Rank 1 : false
2025-02-03 17:12:41,796 [INFO] ADCParametersView:116 -                Rank 1 : false
2025-02-03 17:12:41,804 [INFO] ADCParametersView:116 -                Rank 1 : false
2025-02-03 17:12:41,804 [INFO] ADCParametersView:116 -                Rank 1 : false
2025-02-03 17:12:41,804 [INFO] ADCParametersView:116 -                Rank 1 : false
2025-02-03 17:12:41,804 [INFO] ADCParametersView:116 -                Rank 1 : false
2025-02-03 17:12:41,804 [INFO] ADCParametersView:116 -                Rank 1 : false
2025-02-03 17:12:41,804 [INFO] ADCParametersView:116 -                Rank 1 : false
2025-02-03 17:12:41,804 [INFO] ADCParametersView:116 -                Rank 1 : false
2025-02-03 17:12:41,804 [INFO] ADCParametersView:116 -                Rank 1 : false
2025-02-03 17:12:41,804 [INFO] ADCParametersView:116 -                Rank 1 : false
2025-02-03 17:12:41,805 [INFO] ADCParametersView:116 -                Rank 1 : false
2025-02-03 17:12:41,807 [INFO] ADCParametersView:116 -                Rank 1 : false
2025-02-03 17:12:41,837 [INFO] ADCParametersView:116 -                Rank 1 : false
2025-02-03 17:12:41,838 [INFO] ADCParametersView:116 -                Rank 1 : false
2025-02-03 17:12:41,838 [INFO] ADCParametersView:116 -                Rank 1 : false
2025-02-03 17:12:41,838 [INFO] ADCParametersView:116 -                Rank 1 : false
2025-02-03 17:12:41,838 [INFO] ADCParametersView:116 -                Rank 1 : false
2025-02-03 17:12:41,838 [INFO] ADCParametersView:116 -                Rank 1 : false
2025-02-03 17:12:41,838 [INFO] ADCParametersView:116 -                Rank 1 : false
2025-02-03 17:12:41,838 [INFO] ADCParametersView:116 -                Rank 1 : false
2025-02-03 17:12:41,838 [INFO] ADCParametersView:116 -                Rank 1 : false
2025-02-03 17:12:41,839 [INFO] ADCParametersView:116 -                Rank 1 : false
2025-02-03 17:12:41,840 [INFO] ADCParametersView:116 -                Rank 1 : false
2025-02-03 17:12:41,850 [INFO] ADCParametersView:116 -                Rank 1 : false
2025-02-03 17:12:41,850 [INFO] ADCParametersView:116 -                Rank 1 : false
2025-02-03 17:12:41,850 [INFO] ADCParametersView:116 -                Rank 1 : false
2025-02-03 17:12:41,850 [INFO] ADCParametersView:116 -                Rank 1 : false
2025-02-03 17:12:41,850 [INFO] ADCParametersView:116 -                Rank 1 : false
2025-02-03 17:12:41,850 [INFO] ADCParametersView:116 -                Rank 1 : false
2025-02-03 17:12:41,850 [INFO] ADCParametersView:116 -                Rank 1 : false
2025-02-03 17:12:41,850 [INFO] ADCParametersView:116 -                Rank 1 : false
2025-02-03 17:12:41,850 [INFO] ADCParametersView:116 -                Rank 1 : false
2025-02-03 17:12:41,851 [INFO] ADCParametersView:116 -                Rank 1 : false
2025-02-03 17:12:41,853 [INFO] ADCParametersView:116 -                Rank 1 : false
2025-02-03 17:12:42,790 [INFO] ADCParametersView:116 -                Rank 1 : false
2025-02-03 17:12:42,791 [INFO] ADCParametersView:116 -                Rank 1 : false
2025-02-03 17:12:42,791 [INFO] ADCParametersView:116 -                Rank 1 : false
2025-02-03 17:12:42,791 [INFO] ADCParametersView:116 -                Rank 1 : false
2025-02-03 17:12:42,791 [INFO] ADCParametersView:116 -                Rank 1 : false
2025-02-03 17:12:42,791 [INFO] ADCParametersView:116 -                Rank 1 : false
2025-02-03 17:12:42,791 [INFO] ADCParametersView:116 -                Rank 1 : false
2025-02-03 17:12:42,791 [INFO] ADCParametersView:116 -                Rank 1 : false
2025-02-03 17:12:42,791 [INFO] ADCParametersView:116 -                Rank 1 : false
2025-02-03 17:12:42,791 [INFO] ADCParametersView:116 -                Rank 1 : false
2025-02-03 17:12:42,794 [INFO] ADCParametersView:116 -                Rank 1 : false
2025-02-03 17:12:42,803 [INFO] ADCParametersView:116 -                Rank 1 : false
2025-02-03 17:12:42,803 [INFO] ADCParametersView:116 -                Rank 1 : false
2025-02-03 17:12:42,803 [INFO] ADCParametersView:116 -                Rank 1 : false
2025-02-03 17:12:42,803 [INFO] ADCParametersView:116 -                Rank 1 : false
2025-02-03 17:12:42,803 [INFO] ADCParametersView:116 -                Rank 1 : false
2025-02-03 17:12:42,803 [INFO] ADCParametersView:116 -                Rank 1 : false
2025-02-03 17:12:42,803 [INFO] ADCParametersView:116 -                Rank 1 : false
2025-02-03 17:12:42,803 [INFO] ADCParametersView:116 -                Rank 1 : false
2025-02-03 17:12:42,803 [INFO] ADCParametersView:116 -                Rank 1 : false
2025-02-03 17:12:42,803 [INFO] ADCParametersView:116 -                Rank 1 : false
2025-02-03 17:12:42,805 [INFO] ADCParametersView:116 -                Rank 1 : false
2025-02-03 17:12:42,827 [INFO] ADCParametersView:116 -                Rank 1 : false
2025-02-03 17:12:42,828 [INFO] ADCParametersView:116 -                Rank 1 : false
2025-02-03 17:12:42,828 [INFO] ADCParametersView:116 -                Rank 1 : false
2025-02-03 17:12:42,828 [INFO] ADCParametersView:116 -                Rank 1 : false
2025-02-03 17:12:42,828 [INFO] ADCParametersView:116 -                Rank 1 : false
2025-02-03 17:12:42,828 [INFO] ADCParametersView:116 -                Rank 1 : false
2025-02-03 17:12:42,828 [INFO] ADCParametersView:116 -                Rank 1 : false
2025-02-03 17:12:42,828 [INFO] ADCParametersView:116 -                Rank 1 : false
2025-02-03 17:12:42,828 [INFO] ADCParametersView:116 -                Rank 1 : false
2025-02-03 17:12:42,828 [INFO] ADCParametersView:116 -                Rank 1 : false
2025-02-03 17:12:42,832 [INFO] ADCParametersView:116 -                Rank 1 : false
2025-02-03 17:12:42,841 [INFO] ADCParametersView:116 -                Rank 1 : false
2025-02-03 17:12:42,841 [INFO] ADCParametersView:116 -                Rank 1 : false
2025-02-03 17:12:42,841 [INFO] ADCParametersView:116 -                Rank 1 : false
2025-02-03 17:12:42,841 [INFO] ADCParametersView:116 -                Rank 1 : false
2025-02-03 17:12:42,841 [INFO] ADCParametersView:116 -                Rank 1 : false
2025-02-03 17:12:42,841 [INFO] ADCParametersView:116 -                Rank 1 : false
2025-02-03 17:12:42,841 [INFO] ADCParametersView:116 -                Rank 1 : false
2025-02-03 17:12:42,841 [INFO] ADCParametersView:116 -                Rank 1 : false
2025-02-03 17:12:42,841 [INFO] ADCParametersView:116 -                Rank 1 : false
2025-02-03 17:12:42,841 [INFO] ADCParametersView:116 -                Rank 1 : false
2025-02-03 17:12:42,843 [INFO] ADCParametersView:116 -                Rank 1 : false
2025-02-03 17:12:42,870 [INFO] ADCParametersView:116 -                Rank 1 : false
2025-02-03 17:12:42,870 [INFO] ADCParametersView:116 -                Rank 1 : false
2025-02-03 17:12:42,870 [INFO] ADCParametersView:116 -                Rank 1 : false
2025-02-03 17:12:42,870 [INFO] ADCParametersView:116 -                Rank 1 : false
2025-02-03 17:12:42,870 [INFO] ADCParametersView:116 -                Rank 1 : false
2025-02-03 17:12:42,870 [INFO] ADCParametersView:116 -                Rank 1 : false
2025-02-03 17:12:42,870 [INFO] ADCParametersView:116 -                Rank 1 : false
2025-02-03 17:12:42,870 [INFO] ADCParametersView:116 -                Rank 1 : false
2025-02-03 17:12:42,870 [INFO] ADCParametersView:116 -                Rank 1 : false
2025-02-03 17:12:42,870 [INFO] ADCParametersView:116 -                Rank 1 : false
2025-02-03 17:12:42,872 [INFO] ADCParametersView:116 -                Rank 1 : false
2025-02-03 17:12:42,883 [INFO] ADCParametersView:116 -                Rank 1 : false
2025-02-03 17:12:42,884 [INFO] ADCParametersView:116 -                Rank 1 : false
2025-02-03 17:12:42,884 [INFO] ADCParametersView:116 -                Rank 1 : false
2025-02-03 17:12:42,884 [INFO] ADCParametersView:116 -                Rank 1 : false
2025-02-03 17:12:42,884 [INFO] ADCParametersView:116 -                Rank 1 : false
2025-02-03 17:12:42,884 [INFO] ADCParametersView:116 -                Rank 1 : false
2025-02-03 17:12:42,884 [INFO] ADCParametersView:116 -                Rank 1 : false
2025-02-03 17:12:42,884 [INFO] ADCParametersView:116 -                Rank 1 : false
2025-02-03 17:12:42,884 [INFO] ADCParametersView:116 -                Rank 1 : false
2025-02-03 17:12:42,884 [INFO] ADCParametersView:116 -                Rank 1 : false
2025-02-03 17:12:42,888 [INFO] ADCParametersView:116 -                Rank 1 : false
2025-02-03 17:12:43,372 [INFO] WebApp:161 - Instantiating new browser for Auth
2025-02-03 17:12:43,803 [INFO] WebApp:779 - Register for checkConnection events
2025-02-03 17:12:43,803 [INFO] WebApp:414 - Apply proxy settings
2025-02-03 17:12:43,807 [INFO] WebApp:459 - Chromium authenticates against Manually configured proxy
2025-02-03 17:12:43,812 [INFO] WebApp:467 - Username used for proxy authentication: 
2025-02-03 17:12:43,932 [INFO] WebApp:192 - Starting web application
2025-02-03 17:12:43,932 [INFO] WebApp:544 - Web application path used C:\ST\STM32CubeIDE_1.10.1\STM32CubeIDE\plugins\com.st.stm32cube.common.mx_6.11.1.202404110753\db\plugins\mcufinder\reactClient1\index.html
2025-02-03 17:12:44,091 [INFO] ADCParametersView:116 -                Rank 1 : false
2025-02-03 17:12:44,091 [INFO] ADCParametersView:116 -                Rank 1 : false
2025-02-03 17:12:44,091 [INFO] ADCParametersView:116 -                Rank 1 : false
2025-02-03 17:12:44,091 [INFO] ADCParametersView:116 -                Rank 1 : false
2025-02-03 17:12:44,091 [INFO] ADCParametersView:116 -                Rank 1 : false
2025-02-03 17:12:44,091 [INFO] ADCParametersView:116 -                Rank 1 : false
2025-02-03 17:12:44,091 [INFO] ADCParametersView:116 -                Rank 1 : false
2025-02-03 17:12:44,091 [INFO] ADCParametersView:116 -                Rank 1 : false
2025-02-03 17:12:44,091 [INFO] ADCParametersView:116 -                Rank 1 : false
2025-02-03 17:12:44,091 [INFO] ADCParametersView:116 -                Rank 1 : false
2025-02-03 17:12:44,094 [INFO] ADCParametersView:116 -                Rank 1 : false
2025-02-03 17:12:44,111 [INFO] ADCParametersView:116 -                Rank 1 : false
2025-02-03 17:12:44,112 [INFO] ADCParametersView:116 -                Rank 1 : false
2025-02-03 17:12:44,112 [INFO] ADCParametersView:116 -                Rank 1 : false
2025-02-03 17:12:44,112 [INFO] ADCParametersView:116 -                Rank 1 : false
2025-02-03 17:12:44,112 [INFO] ADCParametersView:116 -                Rank 1 : false
2025-02-03 17:12:44,112 [INFO] ADCParametersView:116 -                Rank 1 : false
2025-02-03 17:12:44,112 [INFO] ADCParametersView:116 -                Rank 1 : false
2025-02-03 17:12:44,112 [INFO] ADCParametersView:116 -                Rank 1 : false
2025-02-03 17:12:44,112 [INFO] ADCParametersView:116 -                Rank 1 : false
2025-02-03 17:12:44,112 [INFO] ADCParametersView:116 -                Rank 1 : false
2025-02-03 17:12:44,115 [INFO] ADCParametersView:116 -                Rank 1 : false
2025-02-03 17:12:44,143 [INFO] ADCParametersView:116 -                Rank 1 : false
2025-02-03 17:12:44,143 [INFO] ADCParametersView:116 -                Rank 1 : false
2025-02-03 17:12:44,143 [INFO] ADCParametersView:116 -                Rank 1 : false
2025-02-03 17:12:44,143 [INFO] ADCParametersView:116 -                Rank 1 : false
2025-02-03 17:12:44,143 [INFO] ADCParametersView:116 -                Rank 1 : false
2025-02-03 17:12:44,143 [INFO] ADCParametersView:116 -                Rank 1 : false
2025-02-03 17:12:44,143 [INFO] ADCParametersView:116 -                Rank 1 : false
2025-02-03 17:12:44,143 [INFO] ADCParametersView:116 -                Rank 1 : false
2025-02-03 17:12:44,143 [INFO] ADCParametersView:116 -                Rank 1 : false
2025-02-03 17:12:44,143 [INFO] ADCParametersView:116 -                Rank 1 : false
2025-02-03 17:12:44,146 [INFO] ADCParametersView:116 -                Rank 1 : false
2025-02-03 17:12:44,157 [INFO] ADCParametersView:116 -                Rank 1 : false
2025-02-03 17:12:44,158 [INFO] ADCParametersView:116 -                Rank 1 : false
2025-02-03 17:12:44,158 [INFO] ADCParametersView:116 -                Rank 1 : false
2025-02-03 17:12:44,158 [INFO] ADCParametersView:116 -                Rank 1 : false
2025-02-03 17:12:44,158 [INFO] ADCParametersView:116 -                Rank 1 : false
2025-02-03 17:12:44,158 [INFO] ADCParametersView:116 -                Rank 1 : false
2025-02-03 17:12:44,158 [INFO] ADCParametersView:116 -                Rank 1 : false
2025-02-03 17:12:44,158 [INFO] ADCParametersView:116 -                Rank 1 : false
2025-02-03 17:12:44,158 [INFO] ADCParametersView:116 -                Rank 1 : false
2025-02-03 17:12:44,158 [INFO] ADCParametersView:116 -                Rank 1 : false
2025-02-03 17:12:44,160 [INFO] ADCParametersView:116 -                Rank 1 : false
2025-02-03 17:12:44,192 [INFO] ADCParametersView:116 -                Rank 1 : false
2025-02-03 17:12:44,192 [INFO] ADCParametersView:116 -                Rank 1 : false
2025-02-03 17:12:44,192 [INFO] ADCParametersView:116 -                Rank 1 : false
2025-02-03 17:12:44,192 [INFO] ADCParametersView:116 -                Rank 1 : false
2025-02-03 17:12:44,192 [INFO] ADCParametersView:116 -                Rank 1 : false
2025-02-03 17:12:44,192 [INFO] ADCParametersView:116 -                Rank 1 : false
2025-02-03 17:12:44,192 [INFO] ADCParametersView:116 -                Rank 1 : false
2025-02-03 17:12:44,192 [INFO] ADCParametersView:116 -                Rank 1 : false
2025-02-03 17:12:44,192 [INFO] ADCParametersView:116 -                Rank 1 : false
2025-02-03 17:12:44,192 [INFO] ADCParametersView:116 -                Rank 1 : false
2025-02-03 17:12:44,195 [INFO] ADCParametersView:116 -                Rank 1 : false
2025-02-03 17:12:44,204 [INFO] ADCParametersView:116 -                Rank 1 : false
2025-02-03 17:12:44,205 [INFO] ADCParametersView:116 -                Rank 1 : false
2025-02-03 17:12:44,205 [INFO] ADCParametersView:116 -                Rank 1 : false
2025-02-03 17:12:44,205 [INFO] ADCParametersView:116 -                Rank 1 : false
2025-02-03 17:12:44,205 [INFO] ADCParametersView:116 -                Rank 1 : false
2025-02-03 17:12:44,205 [INFO] ADCParametersView:116 -                Rank 1 : false
2025-02-03 17:12:44,205 [INFO] ADCParametersView:116 -                Rank 1 : false
2025-02-03 17:12:44,205 [INFO] ADCParametersView:116 -                Rank 1 : false
2025-02-03 17:12:44,205 [INFO] ADCParametersView:116 -                Rank 1 : false
2025-02-03 17:12:44,205 [INFO] ADCParametersView:116 -                Rank 1 : false
2025-02-03 17:12:44,206 [INFO] ADCParametersView:116 -                Rank 1 : false
2025-02-03 17:12:47,278 [INFO] ADCParametersView:116 -                Rank 1 : false
2025-02-03 17:12:47,285 [INFO] ADCParametersView:116 -                Rank 1 : false
2025-02-03 17:12:47,285 [INFO] ADCParametersView:116 -                Rank 1 : false
2025-02-03 17:12:47,285 [INFO] ADCParametersView:116 -                Rank 1 : false
2025-02-03 17:12:47,285 [INFO] ADCParametersView:116 -                Rank 1 : false
2025-02-03 17:12:47,285 [INFO] ADCParametersView:116 -                Rank 1 : false
2025-02-03 17:12:47,285 [INFO] ADCParametersView:116 -                Rank 1 : false
2025-02-03 17:12:47,285 [INFO] ADCParametersView:116 -                Rank 1 : false
2025-02-03 17:12:47,285 [INFO] ADCParametersView:116 -                Rank 1 : false
2025-02-03 17:12:47,285 [INFO] ADCParametersView:116 -                Rank 1 : false
2025-02-03 17:12:47,285 [INFO] ADCParametersView:116 -                Rank 1 : false
2025-02-03 17:12:47,287 [INFO] ADCParametersView:116 -                Rank 1 : false
2025-02-03 17:12:47,316 [INFO] NvicIntPanel:101 - NVIC parent = com.st.microxplorer.plugins.ip.nvic.MultiNvicIntPanel[,0,0,0x0,invalid,layout=javax.swing.BoxLayout,alignmentX=0.0,alignmentY=0.0,border=,flags=9,maximumSize=,minimumSize=,preferredSize=]
2025-02-03 17:12:47,346 [INFO] NvicIntPanel:101 - NVIC parent = com.st.microxplorer.plugins.ip.nvic.MultiNvicIntPanel[,0,0,0x0,invalid,layout=javax.swing.BoxLayout,alignmentX=0.0,alignmentY=0.0,border=,flags=9,maximumSize=,minimumSize=,preferredSize=]
2025-02-03 17:12:47,385 [INFO] NvicIntPanel:101 - NVIC parent = com.st.microxplorer.plugins.ip.nvic.MultiNvicIntPanel[,0,0,0x0,invalid,layout=javax.swing.BoxLayout,alignmentX=0.0,alignmentY=0.0,border=,flags=9,maximumSize=,minimumSize=,preferredSize=]
2025-02-03 17:12:47,408 [INFO] ADCParametersView:116 -                Rank 1 : false
2025-02-03 17:12:47,408 [INFO] ADCParametersView:116 -                Rank 1 : false
2025-02-03 17:12:47,408 [INFO] ADCParametersView:116 -                Rank 1 : false
2025-02-03 17:12:47,408 [INFO] ADCParametersView:116 -                Rank 1 : false
2025-02-03 17:12:47,408 [INFO] ADCParametersView:116 -                Rank 1 : false
2025-02-03 17:12:47,408 [INFO] ADCParametersView:116 -                Rank 1 : false
2025-02-03 17:12:47,408 [INFO] ADCParametersView:116 -                Rank 1 : false
2025-02-03 17:12:47,408 [INFO] ADCParametersView:116 -                Rank 1 : false
2025-02-03 17:12:47,408 [INFO] ADCParametersView:116 -                Rank 1 : false
2025-02-03 17:12:47,408 [INFO] ADCParametersView:116 -                Rank 1 : false
2025-02-03 17:12:47,411 [INFO] ADCParametersView:116 -                Rank 1 : false
2025-02-03 17:12:47,417 [INFO] ADCParametersView:116 -                Rank 1 : false
2025-02-03 17:12:47,417 [INFO] ADCParametersView:116 -                Rank 1 : false
2025-02-03 17:12:47,417 [INFO] ADCParametersView:116 -                Rank 1 : false
2025-02-03 17:12:47,417 [INFO] ADCParametersView:116 -                Rank 1 : false
2025-02-03 17:12:47,417 [INFO] ADCParametersView:116 -                Rank 1 : false
2025-02-03 17:12:47,417 [INFO] ADCParametersView:116 -                Rank 1 : false
2025-02-03 17:12:47,417 [INFO] ADCParametersView:116 -                Rank 1 : false
2025-02-03 17:12:47,417 [INFO] ADCParametersView:116 -                Rank 1 : false
2025-02-03 17:12:47,417 [INFO] ADCParametersView:116 -                Rank 1 : false
2025-02-03 17:12:47,417 [INFO] ADCParametersView:116 -                Rank 1 : false
2025-02-03 17:12:47,420 [INFO] ADCParametersView:116 -                Rank 1 : false
2025-02-03 17:13:03,426 [ERROR] LogOutputStream:75 - [STDERR_REDIRECT] 
2025-02-03 17:14:22,242 [INFO] Activator:176 - 


2025-02-03 17:14:22,243 [INFO] Activator:177 - !SESSION log4j initialized
2025-02-03 17:14:25,648 [INFO] LogOutputStream:77 - [STDOUT_REDIRECT] 
2025-02-03 17:14:26,319 [INFO] ApplicationProperties:184 - Using Application install path: C:\ST\STM32CubeIDE_1.10.1\STM32CubeIDE\plugins\com.st.stm32cube.common.mx_6.11.1.202404110753
2025-02-03 17:14:26,330 [INFO] DbMcusXml:78 - Set database path to: C:\ST\STM32CubeIDE_1.10.1\STM32CubeIDE\plugins\com.st.stm32cube.common.mx_6.11.1.202404110753\\db\/mcu/
2025-02-03 17:14:26,330 [INFO] ApiDb:274 - Set plugin database path to: C:\ST\STM32CubeIDE_1.10.1\STM32CubeIDE\plugins\com.st.stm32cube.common.mx_6.11.1.202404110753\\db\/plugins/boardmanager/
2025-02-03 17:14:26,330 [WARN] ApiDb:259 - Overriding images path with different value:  => C:\ST\STM32CubeIDE_1.10.1\STM32CubeIDE\plugins\com.st.stm32cube.common.mx_6.11.1.202404110753\\db\/plugins/mcufinder/images/
2025-02-03 17:14:26,332 [INFO] ApiDb:250 - Set database path to: C:\Users\saksh\.stmcufinder\plugins\mcufinder//mcu/
2025-02-03 17:14:26,333 [INFO] DbMcusAds:125 - Set database path to: C:\Users\saksh\.stmcufinder\plugins\mcufinder//mcu/
2025-02-03 17:14:26,334 [INFO] CrossReferenceDbSqlite:203 - Set database path to: C:\Users\saksh\.stmcufinder\plugins\mcufinder//mcu/cs/
2025-02-03 17:14:26,401 [INFO] RulesReader:64 - Compatibility file has been processed (297 Rules)
2025-02-03 17:14:26,456 [INFO] DbMcusXml:78 - Set database path to: C:\ST\STM32CubeIDE_1.10.1\STM32CubeIDE\plugins\com.st.stm32cube.common.mx_6.11.1.202404110753\\db\/mcu/
2025-02-03 17:14:26,456 [INFO] ApiDb:274 - Set plugin database path to: C:\ST\STM32CubeIDE_1.10.1\STM32CubeIDE\plugins\com.st.stm32cube.common.mx_6.11.1.202404110753\\db\/plugins/boardmanager/
2025-02-03 17:14:26,456 [INFO] ApiDb:261 - Set plugin images path to: C:\ST\STM32CubeIDE_1.10.1\STM32CubeIDE\plugins\com.st.stm32cube.common.mx_6.11.1.202404110753\\db\/plugins/mcufinder/images/
2025-02-03 17:14:26,456 [WARN] DbFile:41 - Overriding database path with different value: C:\Users\saksh\.stmcufinder\plugins\mcufinder/ => C:\Users\saksh\.stmcufinder\plugins\mcufinder
2025-02-03 17:14:26,456 [INFO] ApiDb:250 - Set database path to: C:\Users\saksh\.stmcufinder\plugins\mcufinder//mcu/
2025-02-03 17:14:26,456 [WARN] DbFile:41 - Overriding database path with different value: C:\Users\saksh\.stmcufinder\plugins\mcufinder/ => C:\Users\saksh\.stmcufinder\plugins\mcufinder
2025-02-03 17:14:26,456 [INFO] DbMcusAds:125 - Set database path to: C:\Users\saksh\.stmcufinder\plugins\mcufinder//mcu/
2025-02-03 17:14:26,456 [WARN] DbFile:41 - Overriding database path with different value: C:\Users\saksh\.stmcufinder\plugins\mcufinder/ => C:\Users\saksh\.stmcufinder\plugins\mcufinder
2025-02-03 17:14:26,456 [WARN] DbFile:41 - Overriding database path with different value: C:\Users\saksh\.stmcufinder\plugins\mcufinder/ => C:\Users\saksh\.stmcufinder\plugins\mcufinder
2025-02-03 17:14:26,457 [INFO] CrossReferenceDbSqlite:203 - Set database path to: C:\Users\saksh\.stmcufinder\plugins\mcufinder//mcu/cs/
2025-02-03 17:14:26,499 [INFO] MainPanel:264 - HeapMemory: 268435456
2025-02-03 17:14:26,540 [INFO] DbMcusXml:78 - Set database path to: C:\ST\STM32CubeIDE_1.10.1\STM32CubeIDE\plugins\com.st.stm32cube.common.mx_6.11.1.202404110753\\db\/mcu/
2025-02-03 17:14:26,540 [INFO] ApiDb:274 - Set plugin database path to: C:\ST\STM32CubeIDE_1.10.1\STM32CubeIDE\plugins\com.st.stm32cube.common.mx_6.11.1.202404110753\\db\/plugins/boardmanager/
2025-02-03 17:14:26,540 [INFO] ApiDb:261 - Set plugin images path to: C:\ST\STM32CubeIDE_1.10.1\STM32CubeIDE\plugins\com.st.stm32cube.common.mx_6.11.1.202404110753\\db\/plugins/mcufinder/images/
2025-02-03 17:14:26,541 [WARN] DbFile:41 - Overriding database path with different value: C:\Users\saksh\.stmcufinder\plugins\mcufinder/ => C:\Users\saksh\.stmcufinder\plugins\mcufinder
2025-02-03 17:14:26,541 [INFO] ApiDb:250 - Set database path to: C:\Users\saksh\.stmcufinder\plugins\mcufinder//mcu/
2025-02-03 17:14:26,541 [WARN] DbFile:41 - Overriding database path with different value: C:\Users\saksh\.stmcufinder\plugins\mcufinder/ => C:\Users\saksh\.stmcufinder\plugins\mcufinder
2025-02-03 17:14:26,541 [INFO] DbMcusAds:125 - Set database path to: C:\Users\saksh\.stmcufinder\plugins\mcufinder//mcu/
2025-02-03 17:14:26,541 [WARN] DbFile:41 - Overriding database path with different value: C:\Users\saksh\.stmcufinder\plugins\mcufinder/ => C:\Users\saksh\.stmcufinder\plugins\mcufinder
2025-02-03 17:14:26,541 [WARN] DbFile:41 - Overriding database path with different value: C:\Users\saksh\.stmcufinder\plugins\mcufinder/ => C:\Users\saksh\.stmcufinder\plugins\mcufinder
2025-02-03 17:14:26,541 [INFO] CrossReferenceDbSqlite:203 - Set database path to: C:\Users\saksh\.stmcufinder\plugins\mcufinder//mcu/cs/
2025-02-03 17:14:26,551 [INFO] ApplicationProperties:184 - Using Application install path: C:\ST\STM32CubeIDE_1.10.1\STM32CubeIDE\plugins\com.st.stm32cube.common.mx_6.11.1.202404110753
2025-02-03 17:14:26,554 [INFO] PluginManage:196 - Search for loadable plugins [exclusion list=, ]
2025-02-03 17:14:26,555 [INFO] PluginManage:310 - Check plugin analytics
2025-02-03 17:14:26,648 [INFO] AnalyticsPlugin:253 - Accepted Software Licenses: 
2025-02-03 17:14:26,648 [INFO] AnalyticsPlugin:255 - Accepted CMSIS Pack Licenses: 
2025-02-03 17:14:26,648 [INFO] AnalyticsPlugin:257 - Accepted Firmware Licenses: FW.H7.1.10.0,FW.G4.1.5.0
2025-02-03 17:14:26,650 [INFO] PluginManage:359 - Loaded plugin analytics (category:tool,tabindex:-1)
2025-02-03 17:14:26,650 [INFO] PluginManage:310 - Check plugin cadmodel
2025-02-03 17:14:26,653 [INFO] CADModel:105 - Init CAD model plugin
2025-02-03 17:14:26,653 [INFO] PluginManage:359 - Loaded plugin cadmodel (category:power,tabindex:5)
2025-02-03 17:14:26,653 [INFO] PluginManage:310 - Check plugin clock
2025-02-03 17:14:26,658 [INFO] PluginManage:359 - Loaded plugin clock (category:base,tabindex:2)
2025-02-03 17:14:26,658 [INFO] PluginManage:310 - Check plugin ddr
2025-02-03 17:14:26,659 [INFO] PluginManage:359 - Loaded plugin ddr (category:tool,tabindex:6)
2025-02-03 17:14:26,659 [INFO] PluginManage:310 - Check plugin filemanager
2025-02-03 17:14:26,749 [INFO] PluginManage:359 - Loaded plugin filemanager (category:base,tabindex:10)
2025-02-03 17:14:26,749 [INFO] PluginManage:310 - Check plugin ipmanager
2025-02-03 17:14:26,753 [INFO] PluginManage:359 - Loaded plugin ipmanager (category:base,tabindex:5)
2025-02-03 17:14:26,753 [INFO] PluginManage:310 - Check plugin lpbam
2025-02-03 17:14:26,761 [INFO] PluginManage:359 - Loaded plugin lpbam (category:base,tabindex:0)
2025-02-03 17:14:26,761 [INFO] PluginManage:310 - Check plugin memorymap
2025-02-03 17:14:26,768 [INFO] PluginManage:359 - Loaded plugin memorymap (category:base,tabindex:4)
2025-02-03 17:14:26,768 [INFO] PluginManage:310 - Check plugin pinoutandconfiguration
2025-02-03 17:14:26,771 [INFO] PluginManage:359 - Loaded plugin pinoutandconfiguration (category:base,tabindex:1)
2025-02-03 17:14:26,771 [INFO] PluginManage:310 - Check plugin pinoutconfig
2025-02-03 17:14:26,824 [WARN] SupportedApi:132 - Cannot load RTOS API schema: s4s-elt-must-match.1: The content of 'definitions' must match (annotation?, (simpleType | complexType)?, (unique | key | keyref)*)). A problem was found starting at: attribute.
2025-02-03 17:14:26,903 [INFO] PluginManage:359 - Loaded plugin pinoutconfig (category:base,tabindex:0)
2025-02-03 17:14:26,903 [INFO] PluginManage:310 - Check plugin power
2025-02-03 17:14:26,908 [INFO] PluginManage:359 - Loaded plugin power (category:power,tabindex:4)
2025-02-03 17:14:26,908 [INFO] PluginManage:310 - Check plugin projectmanager
2025-02-03 17:14:26,919 [INFO] PluginManage:359 - Loaded plugin projectmanager (category:projectmanager,tabindex:3)
2025-02-03 17:14:26,920 [INFO] PluginManage:310 - Check plugin thirdparty
2025-02-03 17:14:26,993 [INFO] PluginManage:359 - Loaded plugin thirdparty (category:base,tabindex:-1)
2025-02-03 17:14:26,993 [WARN] IntegrityCheckThread:84 - waiting for thirdparty lock release [integrity check]
2025-02-03 17:14:26,993 [INFO] IntegrityCheckThread:86 - entering critical section [integrity check]
2025-02-03 17:14:26,993 [INFO] PluginManage:310 - Check plugin tools
2025-02-03 17:14:27,001 [INFO] ThirdPartyUpdaterWithRetryManager:70 - Updater plugin not ready yet. [1/15]
2025-02-03 17:14:27,002 [INFO] PluginManage:359 - Loaded plugin tools (category:base,tabindex:7)
2025-02-03 17:14:27,002 [INFO] PluginManage:310 - Check plugin tutovideos
2025-02-03 17:14:27,108 [INFO] PluginManage:359 - Loaded plugin tutovideos (category:base,tabindex:-1)
2025-02-03 17:14:27,108 [INFO] PluginManage:310 - Check plugin updater
2025-02-03 17:14:27,115 [INFO] PluginManage:359 - Loaded plugin updater (category:base,tabindex:12)
2025-02-03 17:14:27,115 [INFO] PluginManage:310 - Check plugin userauth
2025-02-03 17:14:27,119 [INFO] UserAuth:114 - Init User Auth plugin
2025-02-03 17:14:27,119 [INFO] PluginManage:359 - Loaded plugin userauth (category:base,tabindex:14)
2025-02-03 17:14:27,119 [INFO] PluginManage:283 - PluginManage : Loaded plugins [17]
2025-02-03 17:14:27,239 [INFO] PinOutPanel:1561 - setPackage(No Configuration,No Configuration)
2025-02-03 17:14:27,298 [INFO] CADModel:165 - CPN selected for project level
2025-02-03 17:14:27,298 [INFO] CADModel:114 - Register for checkConnection events
2025-02-03 17:14:27,313 [INFO] IPUIPlugin:80 - create IPUIPlugin
2025-02-03 17:14:27,313 [INFO] PluginManager:220 - loadIPPluginJar : add adc
2025-02-03 17:14:27,316 [INFO] IPUIPlugin:80 - create IPUIPlugin
2025-02-03 17:14:27,316 [INFO] PluginManager:220 - loadIPPluginJar : add aes
2025-02-03 17:14:27,318 [INFO] IPUIPlugin:80 - create IPUIPlugin
2025-02-03 17:14:27,318 [INFO] PluginManager:220 - loadIPPluginJar : add can
2025-02-03 17:14:27,320 [INFO] IPUIPlugin:80 - create IPUIPlugin
2025-02-03 17:14:27,320 [INFO] PluginManager:220 - loadIPPluginJar : add comp
2025-02-03 17:14:27,323 [INFO] IPUIPlugin:80 - create IPUIPlugin
2025-02-03 17:14:27,323 [INFO] PluginManager:220 - loadIPPluginJar : add cryp
2025-02-03 17:14:27,325 [INFO] IPUIPlugin:80 - create IPUIPlugin
2025-02-03 17:14:27,325 [INFO] PluginManager:220 - loadIPPluginJar : add dfsdm
2025-02-03 17:14:27,332 [INFO] IPUIPlugin:80 - create IPUIPlugin
2025-02-03 17:14:27,332 [INFO] PluginManager:220 - loadIPPluginJar : add dma
2025-02-03 17:14:27,334 [INFO] IPUIPlugin:80 - create IPUIPlugin
2025-02-03 17:14:27,334 [INFO] PluginManager:220 - loadIPPluginJar : add dma3
2025-02-03 17:14:27,336 [INFO] IPUIPlugin:80 - create IPUIPlugin
2025-02-03 17:14:27,336 [INFO] PluginManager:220 - loadIPPluginJar : add extmemmanager
2025-02-03 17:14:27,337 [INFO] IPUIPlugin:80 - create IPUIPlugin
2025-02-03 17:14:27,337 [INFO] PluginManager:220 - loadIPPluginJar : add fatfs
2025-02-03 17:14:27,340 [INFO] IPUIPlugin:80 - create IPUIPlugin
2025-02-03 17:14:27,340 [INFO] PluginManager:220 - loadIPPluginJar : add fmc
2025-02-03 17:14:27,344 [INFO] IPUIPlugin:80 - create IPUIPlugin
2025-02-03 17:14:27,344 [INFO] PluginManager:220 - loadIPPluginJar : add freertos
2025-02-03 17:14:27,345 [INFO] IPUIPlugin:80 - create IPUIPlugin
2025-02-03 17:14:27,345 [INFO] PluginManager:220 - loadIPPluginJar : add genericplugin
2025-02-03 17:14:27,348 [INFO] IPUIPlugin:80 - create IPUIPlugin
2025-02-03 17:14:27,348 [INFO] PluginManager:220 - loadIPPluginJar : add gfxmmu
2025-02-03 17:14:27,354 [INFO] IPUIPlugin:80 - create IPUIPlugin
2025-02-03 17:14:27,354 [INFO] PluginManager:220 - loadIPPluginJar : add gic
2025-02-03 17:14:27,358 [INFO] IPUIPlugin:80 - create IPUIPlugin
2025-02-03 17:14:27,358 [INFO] PluginManager:220 - loadIPPluginJar : add gpio
2025-02-03 17:14:27,361 [INFO] IPUIPlugin:80 - create IPUIPlugin
2025-02-03 17:14:27,362 [INFO] PluginManager:220 - loadIPPluginJar : add gtzc
2025-02-03 17:14:27,365 [INFO] IPUIPlugin:80 - create IPUIPlugin
2025-02-03 17:14:27,365 [INFO] PluginManager:220 - loadIPPluginJar : add hash
2025-02-03 17:14:27,368 [INFO] IPUIPlugin:80 - create IPUIPlugin
2025-02-03 17:14:27,368 [INFO] PluginManager:220 - loadIPPluginJar : add i2c
2025-02-03 17:14:27,371 [INFO] IPUIPlugin:80 - create IPUIPlugin
2025-02-03 17:14:27,371 [INFO] PluginManager:220 - loadIPPluginJar : add i2s
2025-02-03 17:14:27,374 [INFO] IPUIPlugin:80 - create IPUIPlugin
2025-02-03 17:14:27,375 [INFO] PluginManager:220 - loadIPPluginJar : add i3c
2025-02-03 17:14:27,377 [INFO] IPUIPlugin:80 - create IPUIPlugin
2025-02-03 17:14:27,378 [INFO] PluginManager:220 - loadIPPluginJar : add ipddr
2025-02-03 17:14:27,385 [INFO] IPUIPlugin:80 - create IPUIPlugin
2025-02-03 17:14:27,386 [INFO] PluginManager:220 - loadIPPluginJar : add linkedlist
2025-02-03 17:14:27,388 [INFO] IPUIPlugin:80 - create IPUIPlugin
2025-02-03 17:14:27,388 [INFO] PluginManager:220 - loadIPPluginJar : add lorawan
2025-02-03 17:14:27,389 [INFO] IPUIPlugin:80 - create IPUIPlugin
2025-02-03 17:14:27,389 [INFO] PluginManager:220 - loadIPPluginJar : add ltdc
2025-02-03 17:14:27,393 [INFO] IPUIPlugin:80 - create IPUIPlugin
2025-02-03 17:14:27,393 [INFO] PluginManager:220 - loadIPPluginJar : add mdma
2025-02-03 17:14:27,395 [INFO] IPUIPlugin:80 - create IPUIPlugin
2025-02-03 17:14:27,395 [INFO] PluginManager:220 - loadIPPluginJar : add nvic
2025-02-03 17:14:27,397 [INFO] IPUIPlugin:80 - create IPUIPlugin
2025-02-03 17:14:27,397 [INFO] PluginManager:220 - loadIPPluginJar : add opamp
2025-02-03 17:14:27,398 [INFO] IPUIPlugin:80 - create IPUIPlugin
2025-02-03 17:14:27,398 [INFO] PluginManager:220 - loadIPPluginJar : add openamp
2025-02-03 17:14:27,400 [INFO] IPUIPlugin:80 - create IPUIPlugin
2025-02-03 17:14:27,400 [INFO] PluginManager:220 - loadIPPluginJar : add pdm2pcm
2025-02-03 17:14:27,404 [INFO] IPUIPlugin:80 - create IPUIPlugin
2025-02-03 17:14:27,406 [INFO] PluginManager:220 - loadIPPluginJar : add plateformsettings
2025-02-03 17:14:27,407 [INFO] IPUIPlugin:80 - create IPUIPlugin
2025-02-03 17:14:27,407 [INFO] PluginManager:220 - loadIPPluginJar : add quadspi
2025-02-03 17:14:27,408 [INFO] IPUIPlugin:80 - create IPUIPlugin
2025-02-03 17:14:27,408 [INFO] PluginManager:220 - loadIPPluginJar : add resmgrutility
2025-02-03 17:14:27,410 [INFO] IPUIPlugin:80 - create IPUIPlugin
2025-02-03 17:14:27,410 [INFO] PluginManager:220 - loadIPPluginJar : add sai
2025-02-03 17:14:27,411 [INFO] IPUIPlugin:80 - create IPUIPlugin
2025-02-03 17:14:27,411 [INFO] PluginManager:220 - loadIPPluginJar : add spi
2025-02-03 17:14:27,414 [INFO] IPUIPlugin:80 - create IPUIPlugin
2025-02-03 17:14:27,414 [INFO] PluginManager:220 - loadIPPluginJar : add stm32_wpan
2025-02-03 17:14:27,414 [INFO] IPUIPlugin:80 - create IPUIPlugin
2025-02-03 17:14:27,415 [INFO] PluginManager:220 - loadIPPluginJar : add tim
2025-02-03 17:14:27,416 [INFO] IPUIPlugin:80 - create IPUIPlugin
2025-02-03 17:14:27,416 [INFO] PluginManager:220 - loadIPPluginJar : add touchsensing
2025-02-03 17:14:27,417 [INFO] IPUIPlugin:80 - create IPUIPlugin
2025-02-03 17:14:27,417 [INFO] PluginManager:220 - loadIPPluginJar : add tracer_emb
2025-02-03 17:14:27,418 [INFO] IPUIPlugin:80 - create IPUIPlugin
2025-02-03 17:14:27,418 [INFO] PluginManager:220 - loadIPPluginJar : add ts
2025-02-03 17:14:27,419 [INFO] IPUIPlugin:80 - create IPUIPlugin
2025-02-03 17:14:27,419 [INFO] PluginManager:220 - loadIPPluginJar : add tsc
2025-02-03 17:14:27,420 [INFO] IPUIPlugin:80 - create IPUIPlugin
2025-02-03 17:14:27,420 [INFO] PluginManager:220 - loadIPPluginJar : add ucpd
2025-02-03 17:14:27,422 [INFO] IPUIPlugin:80 - create IPUIPlugin
2025-02-03 17:14:27,422 [INFO] PluginManager:220 - loadIPPluginJar : add usart
2025-02-03 17:14:27,423 [INFO] IPUIPlugin:80 - create IPUIPlugin
2025-02-03 17:14:27,423 [INFO] PluginManager:220 - loadIPPluginJar : add usbx
2025-02-03 17:14:27,530 [INFO] CADModel:165 - CPN selected for project level
2025-02-03 17:14:27,530 [INFO] CADModel:114 - Register for checkConnection events
2025-02-03 17:14:27,530 [FATAL] Updater:308 - Updater called before beeing initialized
2025-02-03 17:14:27,530 [ERROR] CADModel:125 - Updater not yet initialized, retry later 
2025-02-03 17:14:27,608 [INFO] CADModel:165 - CPN selected for project level
2025-02-03 17:14:27,608 [INFO] CADModel:114 - Register for checkConnection events
2025-02-03 17:14:27,608 [FATAL] Updater:308 - Updater called before beeing initialized
2025-02-03 17:14:27,608 [ERROR] CADModel:125 - Updater not yet initialized, retry later 
2025-02-03 17:14:27,610 [FATAL] Updater:308 - Updater called before beeing initialized
2025-02-03 17:14:27,675 [FATAL] Updater:308 - Updater called before beeing initialized
2025-02-03 17:14:27,678 [INFO] DbMcusAds:53 - JSON generation date=Tue Dec 17 21:31:15 IST 2024 (1734451275111)
2025-02-03 17:14:27,679 [FATAL] Updater:308 - Updater called before beeing initialized
2025-02-03 17:14:27,698 [WARN] DetailPanel:346 - Failed to get advertising image, set to default
2025-02-03 17:14:27,754 [FATAL] Updater:308 - Updater called before beeing initialized
2025-02-03 17:14:27,756 [FATAL] Updater:308 - Updater called before beeing initialized
2025-02-03 17:14:27,756 [FATAL] Updater:308 - Updater called before beeing initialized
2025-02-03 17:14:27,756 [WARN] DetailPanel:346 - Failed to get advertising image, set to default
2025-02-03 17:14:27,757 [FATAL] Updater:308 - Updater called before beeing initialized
2025-02-03 17:14:27,804 [ERROR] Updater:1120 - MainUpdater not yet initialized. External WinMGr cannot be set.
2025-02-03 17:14:27,805 [INFO] Updater:1056 - Updater Version found : 6.11.1
2025-02-03 17:14:27,822 [INFO] ApplicationProperties:184 - Using Application install path: C:\ST\STM32CubeIDE_1.10.1\STM32CubeIDE\plugins\com.st.stm32cube.common.mx_6.11.1.202404110753
2025-02-03 17:14:29,395 [ERROR] LogOutputStream:75 - [STDERR_REDIRECT] Feb 03, 2025 5:14:29 PM java.util.prefs.WindowsPreferences <init>
2025-02-03 17:14:29,396 [ERROR] LogOutputStream:75 - [STDERR_REDIRECT] WARNING: Could not open/create prefs root node Software\JavaSoft\Prefs at root 0xffffffff80000002. Windows RegCreateKeyEx(...) returned error code 5.
2025-02-03 17:14:29,396 [ERROR] LogOutputStream:75 - [STDERR_REDIRECT] 
2025-02-03 17:14:29,884 [INFO] MainUpdater:2873 - connection check result : 10
2025-02-03 17:14:29,885 [INFO] MainUpdater:290 - Updater Check For Update Now.
2025-02-03 17:14:29,885 [INFO] MicroXplorer:498 - Change Database Version : DB.6.0.111
2025-02-03 17:14:29,887 [INFO] McuFinderGlobals:63 - Set McuFinder mode to 2 (CubeIDE integrated)
2025-02-03 17:14:29,897 [INFO] UserAuth:415 - Internet connection configuration mode: 1
2025-02-03 17:14:29,916 [INFO] JxBrowserEngine:152 - Initiate JxBrowser Engine with user profile folder
2025-02-03 17:14:30,002 [WARN] MainUpdater:1194 - Updater busy. Cannot search thirdparties
2025-02-03 17:14:30,002 [INFO] ThirdPartyUpdaterWithRetryManager:96 - Updater plugin is busy. [1/15]
2025-02-03 17:14:30,044 [INFO] CheckServerUpdateThread:120 - End of CheckServer Thread
2025-02-03 17:14:30,218 [INFO] WebApp:161 - Instantiating new browser for Auth
2025-02-03 17:14:30,581 [INFO] WebApp:779 - Register for checkConnection events
2025-02-03 17:14:30,581 [INFO] WebApp:414 - Apply proxy settings
2025-02-03 17:14:30,591 [INFO] WebApp:459 - Chromium authenticates against Manually configured proxy
2025-02-03 17:14:30,595 [INFO] WebApp:467 - Username used for proxy authentication: 
2025-02-03 17:14:30,740 [INFO] WebApp:192 - Starting web application
2025-02-03 17:14:30,740 [INFO] WebApp:544 - Web application path used C:\ST\STM32CubeIDE_1.10.1\STM32CubeIDE\plugins\com.st.stm32cube.common.mx_6.11.1.202404110753\db\plugins\mcufinder\reactClient1\index.html
2025-02-03 17:14:33,155 [WARN] PackLoader:240 - Cannot read IP mode file for STMicroelectronics.FP-SNS-MOTENVWB1.1.4.0
2025-02-03 17:14:33,160 [WARN] PackLoader:240 - Cannot read IP mode file for STMicroelectronics.FP-ATR-ASTRA1.2.0.1
2025-02-03 17:14:33,165 [WARN] PackLoader:240 - Cannot read IP mode file for STMicroelectronics.X-CUBE-SMBUS.2.1.0
2025-02-03 17:14:33,170 [WARN] PackLoader:240 - Cannot read IP mode file for STMicroelectronics.X-CUBE-WB05N.1.1.0
2025-02-03 17:14:33,174 [WARN] PackLoader:240 - Cannot read IP mode file for STMicroelectronics.X-CUBE-TOUCHGFX.4.23.1
2025-02-03 17:14:33,175 [WARN] PackLoader:240 - Cannot read IP mode file for STMicroelectronics.X-CUBE-TOUCHGFX.4.23.0
2025-02-03 17:14:33,176 [WARN] PackLoader:240 - Cannot read IP mode file for STMicroelectronics.X-CUBE-TOUCHGFX.4.23.2
2025-02-03 17:14:33,195 [WARN] PackLoader:240 - Cannot read IP mode file for STMicroelectronics.X-CUBE-AZRTOS-F7.1.1.0
2025-02-03 17:14:33,202 [ERROR] RealEvaluatedCondition:428 - Found unsupported composite condition: GROUP='STM32_MetaDataManager' CLASS='Data Exchange'
2025-02-03 17:14:33,202 [ERROR] RealEvaluatedCondition:428 - Found unsupported composite condition: CLASS='Data Exchange' GROUP='STM32_MetaDataManager'
2025-02-03 17:14:33,203 [WARN] PackLoader:240 - Cannot read IP mode file for STMicroelectronics.FP-SNS-MOTENV1.4.3.0
2025-02-03 17:14:33,209 [WARN] PackLoader:240 - Cannot read IP mode file for STMicroelectronics.FP-SNS-MOTENV1.4.3.2
2025-02-03 17:14:33,212 [WARN] PackLoader:240 - Cannot read IP mode file for STMicroelectronics.FP-SNS-FLIGHT1.5.0.0
2025-02-03 17:14:33,216 [ERROR] RealEvaluatedCondition:428 - Found unsupported composite condition: GROUP='STM32_MetaDataManager' CLASS='Data Exchange'
2025-02-03 17:14:33,216 [ERROR] RealEvaluatedCondition:428 - Found unsupported composite condition: GROUP='STM32_MetaDataManager' CLASS='Data Exchange'
2025-02-03 17:14:33,216 [WARN] PackLoader:240 - Cannot read IP mode file for STMicroelectronics.FP-SNS-MOTENV1.4.3.1
2025-02-03 17:14:33,219 [WARN] PackLoader:240 - Cannot read IP mode file for STMicroelectronics.FP-SNS-FLIGHT1.5.0.1
2025-02-03 17:14:33,223 [WARN] PackLoader:240 - Cannot read IP mode file for STMicroelectronics.X-CUBE-BLE1.6.2.3
2025-02-03 17:14:33,266 [WARN] PackLoader:240 - Cannot read IP mode file for STMicroelectronics.X-CUBE-MEMS1.11.0.0
2025-02-03 17:14:33,381 [WARN] PackLoader:240 - Cannot read IP mode file for STMicroelectronics.X-CUBE-BLE1.6.2.4
2025-02-03 17:14:33,386 [WARN] PackLoader:240 - Cannot read IP mode file for STMicroelectronics.FP-SNS-FLIGHT1.5.0.2
2025-02-03 17:14:33,407 [WARN] PackLoader:240 - Cannot read IP mode file for STMicroelectronics.X-CUBE-TOF1.3.1.0
2025-02-03 17:14:33,427 [WARN] PackLoader:240 - Cannot read IP mode file for STMicroelectronics.X-CUBE-DISPLAY.3.0.0
2025-02-03 17:14:33,438 [WARN] PackLoader:240 - Cannot read IP mode file for STMicroelectronics.X-CUBE-BLE1.7.0.0
2025-02-03 17:14:33,447 [WARN] PackLoader:240 - Cannot read IP mode file for STMicroelectronics.X-CUBE-NFC10.1.0.0
2025-02-03 17:14:33,464 [WARN] PackLoader:240 - Cannot read IP mode file for STMicroelectronics.X-CUBE-BLEMGR.4.0.0
2025-02-03 17:14:33,473 [WARN] PackLoader:240 - Cannot read IP mode file for STMicroelectronics.X-CUBE-TOUCHGFX.4.22.0
2025-02-03 17:14:33,521 [WARN] PackLoader:240 - Cannot read IP mode file for STMicroelectronics.X-CUBE-MEMS1.9.3.0
2025-02-03 17:14:33,611 [WARN] PackLoader:240 - Cannot read IP mode file for STMicroelectronics.X-CUBE-AI.7.2.0
2025-02-03 17:14:33,617 [WARN] PackLoader:240 - Cannot read IP mode file for STMicroelectronics.X-CUBE-BLEMGR.3.1.0
2025-02-03 17:14:33,620 [WARN] PackLoader:240 - Cannot read IP mode file for STMicroelectronics.X-CUBE-AI.10.0.0
2025-02-03 17:14:33,624 [WARN] PackLoader:240 - Cannot read IP mode file for STMicroelectronics.FP-SNS-SMARTAG2.1.2.0
2025-02-03 17:14:33,663 [WARN] PackLoader:240 - Cannot read IP mode file for STMicroelectronics.X-CUBE-MEMS1.11.1.0
2025-02-03 17:14:33,774 [INFO] LogOutputStream:77 - [STDOUT_REDIRECT] 1 : Invalid condition id : UX_CORESTACK_Condition cause : null
2025-02-03 17:14:33,774 [INFO] LogOutputStream:77 - [STDOUT_REDIRECT] 1 : Invalid condition id : UX_CORESTACK_Condition cause : null
2025-02-03 17:14:33,777 [INFO] LogOutputStream:77 - [STDOUT_REDIRECT] 1 : Invalid condition id : UX_CORESTACK_Condition cause : null
2025-02-03 17:14:33,778 [INFO] LogOutputStream:77 - [STDOUT_REDIRECT] 1 : Invalid condition id : UX_CORESTACK_Condition cause : null
2025-02-03 17:14:33,779 [INFO] LogOutputStream:77 - [STDOUT_REDIRECT] 1 : Invalid condition id : UX_CORESTACK_Condition cause : null
2025-02-03 17:14:33,782 [WARN] PackLoader:240 - Cannot read IP mode file for STMicroelectronics.X-CUBE-AZRTOS-WL.2.0.0
2025-02-03 17:14:33,787 [WARN] PackLoader:240 - Cannot read IP mode file for STMicroelectronics.FP-SNS-MOTENV1.5.0.0
2025-02-03 17:14:33,793 [WARN] PackLoader:240 - Cannot read IP mode file for wolfSSL.I-CUBE-wolfMQTT.1.19.0
2025-02-03 17:14:33,799 [WARN] PackLoader:240 - Cannot read IP mode file for WES.I-CUBE-Cesium.1.3.0
2025-02-03 17:14:33,803 [WARN] PackLoader:240 - Cannot read IP mode file for STMicroelectronics.X-CUBE-BLE2.3.3.0
2025-02-03 17:14:33,806 [WARN] PackLoader:240 - Cannot read IP mode file for STMicroelectronics.X-CUBE-DISPLAY.2.2.0
2025-02-03 17:14:33,816 [WARN] PackLoader:240 - Cannot read IP mode file for STMicroelectronics.X-CUBE-TOF1.3.2.0
2025-02-03 17:14:33,824 [WARN] PackLoader:240 - Cannot read IP mode file for STMicroelectronics.X-CUBE-ISPU.1.0.0
2025-02-03 17:14:33,829 [WARN] PackLoader:240 - Cannot read IP mode file for STMicroelectronics.X-CUBE-NFC9.1.0.0
2025-02-03 17:14:33,845 [WARN] PackLoader:240 - Cannot read IP mode file for STMicroelectronics.X-CUBE-AZRTOS-H7.2.1.0
2025-02-03 17:14:33,853 [WARN] PackLoader:240 - Cannot read IP mode file for STMicroelectronics.X-CUBE-TCPP.4.1.0
2025-02-03 17:14:33,859 [WARN] PackLoader:240 - Cannot read IP mode file for STMicroelectronics.X-CUBE-TOUCHGFX.4.21.1
2025-02-03 17:14:33,861 [WARN] PackLoader:240 - Cannot read IP mode file for STMicroelectronics.X-CUBE-TOUCHGFX.4.21.3
2025-02-03 17:14:33,863 [WARN] PackLoader:240 - Cannot read IP mode file for STMicroelectronics.X-CUBE-TOUCHGFX.4.21.4
2025-02-03 17:14:33,888 [WARN] PackLoader:240 - Cannot read IP mode file for STMicroelectronics.X-CUBE-MEMS1.9.4.0
2025-02-03 17:14:33,962 [WARN] PackLoader:240 - Cannot read IP mode file for STMicroelectronics.X-CUBE-AI.7.3.0
2025-02-03 17:14:33,966 [WARN] PackLoader:240 - Cannot read IP mode file for STMicroelectronics.X-CUBE-ALGOBUILD.1.3.0
2025-02-03 17:14:33,980 [WARN] PackLoader:240 - Cannot read IP mode file for STMicroelectronics.X-CUBE-AZRTOS-G0.1.1.0
2025-02-03 17:14:33,988 [WARN] PackLoader:240 - Cannot read IP mode file for STMicroelectronics.X-CUBE-SAFEA1.1.2.2
2025-02-03 17:14:33,994 [WARN] PackLoader:240 - Cannot read IP mode file for STMicroelectronics.X-CUBE-NFC4.3.0.0
2025-02-03 17:14:34,025 [WARN] PackLoader:240 - Cannot read IP mode file for SEGGER.I-CUBE-embOS.1.2.0
2025-02-03 17:14:34,056 [WARN] PackLoader:240 - Cannot read IP mode file for EmbeddedOffice.I-CUBE-FS-RTOS.1.0.1
2025-02-03 17:14:34,056 [ERROR] ConditionMgr:805 - Attr not supported : Dmpu
2025-02-03 17:14:34,057 [ERROR] ConditionMgr:805 - Attr not supported : Dmpu
2025-02-03 17:14:34,057 [ERROR] ConditionMgr:805 - Attr not supported : Dmpu
2025-02-03 17:14:34,057 [ERROR] ConditionMgr:805 - Attr not supported : Dmpu
2025-02-03 17:14:34,057 [ERROR] ConditionMgr:805 - Attr not supported : Dmpu
2025-02-03 17:14:34,057 [ERROR] ConditionMgr:805 - Attr not supported : Dmpu
2025-02-03 17:14:34,057 [ERROR] ConditionMgr:805 - Attr not supported : Dmpu
2025-02-03 17:14:34,057 [ERROR] ConditionMgr:805 - Attr not supported : Dmpu
2025-02-03 17:14:34,057 [ERROR] ConditionMgr:805 - Attr not supported : Dmpu
2025-02-03 17:14:34,057 [ERROR] ConditionMgr:805 - Attr not supported : Dmpu
2025-02-03 17:14:34,057 [ERROR] ConditionMgr:805 - Attr not supported : Dmpu
2025-02-03 17:14:34,057 [ERROR] ConditionMgr:805 - Attr not supported : Dmpu
2025-02-03 17:14:34,057 [ERROR] ConditionMgr:805 - Attr not supported : Dmpu
2025-02-03 17:14:34,057 [ERROR] ConditionMgr:805 - Attr not supported : Dmpu
2025-02-03 17:14:34,057 [ERROR] ConditionMgr:805 - Attr not supported : Dmpu
2025-02-03 17:14:34,057 [ERROR] ConditionMgr:805 - Attr not supported : Dmpu
2025-02-03 17:14:34,058 [ERROR] ConditionMgr:805 - Attr not supported : Dmpu
2025-02-03 17:14:34,058 [ERROR] ConditionMgr:805 - Attr not supported : Dmpu
2025-02-03 17:14:34,058 [ERROR] ConditionMgr:805 - Attr not supported : Dmpu
2025-02-03 17:14:34,058 [ERROR] ConditionMgr:805 - Attr not supported : Dmpu
2025-02-03 17:14:34,058 [ERROR] ConditionMgr:805 - Attr not supported : Dmpu
2025-02-03 17:14:34,058 [ERROR] ConditionMgr:805 - Attr not supported : Dmpu
2025-02-03 17:14:34,058 [ERROR] ConditionMgr:805 - Attr not supported : Dmpu
2025-02-03 17:14:34,058 [ERROR] ConditionMgr:805 - Attr not supported : Dmpu
2025-02-03 17:14:34,058 [ERROR] ConditionMgr:805 - Attr not supported : Dmpu
2025-02-03 17:14:34,058 [ERROR] ConditionMgr:805 - Attr not supported : Dmpu
2025-02-03 17:14:34,058 [ERROR] ConditionMgr:805 - Attr not supported : Dmpu
2025-02-03 17:14:34,058 [ERROR] ConditionMgr:805 - Attr not supported : Dmpu
2025-02-03 17:14:34,058 [ERROR] ConditionMgr:805 - Attr not supported : Dmpu
2025-02-03 17:14:34,058 [ERROR] ConditionMgr:805 - Attr not supported : Dmpu
2025-02-03 17:14:34,058 [ERROR] ConditionMgr:805 - Attr not supported : Dmpu
2025-02-03 17:14:34,059 [ERROR] ConditionMgr:805 - Attr not supported : Dmpu
2025-02-03 17:14:34,059 [ERROR] ConditionMgr:805 - Attr not supported : Dmpu
2025-02-03 17:14:34,059 [ERROR] ConditionMgr:805 - Attr not supported : Dmpu
2025-02-03 17:14:34,059 [ERROR] ConditionMgr:805 - Attr not supported : Dmpu
2025-02-03 17:14:34,059 [ERROR] ConditionMgr:805 - Attr not supported : Dmpu
2025-02-03 17:14:34,059 [ERROR] ConditionMgr:805 - Attr not supported : Dmpu
2025-02-03 17:14:34,059 [ERROR] ConditionMgr:805 - Attr not supported : Dmpu
2025-02-03 17:14:34,059 [ERROR] ConditionMgr:805 - Attr not supported : Dmpu
2025-02-03 17:14:34,059 [ERROR] ConditionMgr:805 - Attr not supported : Dmpu
2025-02-03 17:14:34,059 [ERROR] ConditionMgr:805 - Attr not supported : Dmpu
2025-02-03 17:14:34,059 [ERROR] ConditionMgr:805 - Attr not supported : Dmpu
2025-02-03 17:14:34,059 [ERROR] ConditionMgr:805 - Attr not supported : Dmpu
2025-02-03 17:14:34,059 [ERROR] ConditionMgr:805 - Attr not supported : Dmpu
2025-02-03 17:14:34,059 [ERROR] ConditionMgr:805 - Attr not supported : Dmpu
2025-02-03 17:14:34,059 [ERROR] ConditionMgr:805 - Attr not supported : Dmpu
2025-02-03 17:14:34,059 [ERROR] ConditionMgr:805 - Attr not supported : Dmpu
2025-02-03 17:14:34,060 [ERROR] ConditionMgr:805 - Attr not supported : Dmpu
2025-02-03 17:14:34,060 [ERROR] ConditionMgr:805 - Attr not supported : Dmpu
2025-02-03 17:14:34,060 [ERROR] ConditionMgr:805 - Attr not supported : Dmpu
2025-02-03 17:14:34,060 [ERROR] ConditionMgr:805 - Attr not supported : Dmpu
2025-02-03 17:14:34,060 [ERROR] ConditionMgr:805 - Attr not supported : Dmpu
2025-02-03 17:14:34,060 [ERROR] ConditionMgr:805 - Attr not supported : Dmpu
2025-02-03 17:14:34,060 [ERROR] ConditionMgr:805 - Attr not supported : Dmpu
2025-02-03 17:14:34,060 [ERROR] ConditionMgr:805 - Attr not supported : Dmpu
2025-02-03 17:14:34,060 [ERROR] ConditionMgr:805 - Attr not supported : Dmpu
2025-02-03 17:14:34,060 [ERROR] ConditionMgr:805 - Attr not supported : Dmpu
2025-02-03 17:14:34,060 [ERROR] ConditionMgr:805 - Attr not supported : Dmpu
2025-02-03 17:14:34,060 [ERROR] ConditionMgr:805 - Attr not supported : Dmpu
2025-02-03 17:14:34,060 [ERROR] ConditionMgr:805 - Attr not supported : Dmpu
2025-02-03 17:14:34,060 [ERROR] ConditionMgr:805 - Attr not supported : Dmpu
2025-02-03 17:14:34,060 [ERROR] ConditionMgr:805 - Attr not supported : Dmpu
2025-02-03 17:14:34,060 [ERROR] ConditionMgr:805 - Attr not supported : Dmpu
2025-02-03 17:14:34,061 [ERROR] ConditionMgr:805 - Attr not supported : Dmpu
2025-02-03 17:14:34,067 [WARN] PackLoader:240 - Cannot read IP mode file for STMicroelectronics.X-CUBE-BLEMGR.3.0.0
2025-02-03 17:14:34,073 [WARN] PackLoader:240 - Cannot read IP mode file for STMicroelectronics.X-CUBE-BLEMGR.1.3.0
2025-02-03 17:14:34,078 [ERROR] Engine:466 - C:\Users\saksh\.stm32cubemx\thirdparties\pdsc\STMicroelectronics.X-CUBE-TCPP.4.2.0.pdsc: PDSC version is not supported
2025-02-03 17:14:34,082 [WARN] PackLoader:240 - Cannot read IP mode file for RealThread.X-CUBE-RT-Thread_Nano.4.1.1
2025-02-03 17:14:34,085 [WARN] PackLoader:240 - Cannot read IP mode file for STMicroelectronics.FP-ATR-SIGFOX1.3.2.0
2025-02-03 17:14:34,089 [WARN] ConditionMgr:438 - getConditionDescription Invalid condition id : Cortex-A Device cause : null
2025-02-03 17:14:34,101 [WARN] ConditionMgr:1039 - genDependencies : Invalid condition id : Cortex-A Device cause : null
2025-02-03 17:14:34,101 [WARN] ConditionMgr:1039 - genDependencies : Invalid condition id : Cortex-A Device cause : null
2025-02-03 17:14:34,101 [WARN] ConditionMgr:1039 - genDependencies : Invalid condition id : Cortex-A Device cause : null
2025-02-03 17:14:34,105 [WARN] PackLoader:240 - Cannot read IP mode file for STMicroelectronics.X-CUBE-EEPRMA1.5.1.0
2025-02-03 17:14:34,111 [WARN] PackLoader:240 - Cannot read IP mode file for emotas.I-CUBE-CANOPEN.1.1.2
2025-02-03 17:14:34,114 [WARN] PackLoader:240 - Cannot read IP mode file for STMicroelectronics.X-CUBE-TOUCHGFX.4.20.0
2025-02-03 17:14:34,140 [WARN] PackLoader:240 - Cannot read IP mode file for STMicroelectronics.X-CUBE-MEMS1.9.5.0
2025-02-03 17:14:34,246 [WARN] PackLoader:240 - Cannot read IP mode file for SEGGER.I-CUBE-embOS.1.3.1
2025-02-03 17:14:34,270 [WARN] PackLoader:240 - Cannot read IP mode file for STMicroelectronics.X-CUBE-ALGOBUILD.1.4.0
2025-02-03 17:14:34,277 [WARN] PackLoader:240 - Cannot read IP mode file for STMicroelectronics.X-CUBE-AI.9.1.0
2025-02-03 17:14:34,282 [WARN] PackLoader:240 - Cannot read IP mode file for STMicroelectronics.X-CUBE-GNSS1.6.0.0
2025-02-03 17:14:34,297 [WARN] PackLoader:240 - Cannot read IP mode file for STMicroelectronics.X-CUBE-AZRTOS-F4.1.1.0
2025-02-03 17:14:34,305 [WARN] PackLoader:240 - Cannot read IP mode file for STMicroelectronics.X-CUBE-ISPU.2.1.0
2025-02-03 17:14:34,311 [WARN] PackLoader:240 - Cannot read IP mode file for STMicroelectronics.X-CUBE-FREERTOS.1.2.0
2025-02-03 17:14:34,326 [WARN] PackLoader:240 - Cannot read IP mode file for STMicroelectronics.X-CUBE-BLEMGR.1.2.0
2025-02-03 17:14:34,351 [WARN] PackLoader:240 - Cannot read IP mode file for STMicroelectronics.X-CUBE-AZRTOS-L5.2.0.0
2025-02-03 17:14:34,404 [WARN] PackLoader:240 - Cannot read IP mode file for STMicroelectronics.X-CUBE-MEMS1.9.6.0
2025-02-03 17:14:34,564 [WARN] PackLoader:240 - Cannot read IP mode file for STMicroelectronics.X-CUBE-EEPRMA1.4.2.0
2025-02-03 17:14:34,574 [WARN] PackLoader:240 - Cannot read IP mode file for STMicroelectronics.X-CUBE-NFC6.3.1.0
2025-02-03 17:14:34,582 [WARN] PackLoader:240 - Cannot read IP mode file for ITTIA_DB.I-CUBE-ITTIADB.8.8.0
2025-02-03 17:14:34,591 [WARN] PackLoader:240 - Cannot read IP mode file for STMicroelectronics.X-CUBE-BLEMGR.2.0.0
2025-02-03 17:14:34,599 [WARN] PackLoader:240 - Cannot read IP mode file for STMicroelectronics.X-CUBE-DPower.1.2.0
2025-02-03 17:14:34,604 [WARN] PackLoader:240 - Cannot read IP mode file for STMicroelectronics.X-CUBE-NFC4.2.0.4
2025-02-03 17:14:34,608 [WARN] PackLoader:240 - Cannot read IP mode file for STMicroelectronics.X-CUBE-AI.9.0.0
2025-02-03 17:14:34,629 [WARN] ConditionMgr:438 - getConditionDescription Invalid condition id : UX DEVICE CLASS RTOS Condition cause : null
2025-02-03 17:14:34,629 [WARN] ConditionMgr:438 - getConditionDescription Invalid condition id : UX DEVICE CLASS RTOS Condition cause : null
2025-02-03 17:14:34,634 [WARN] PackLoader:240 - Cannot read IP mode file for STMicroelectronics.X-CUBE-AZRTOS-H7.3.1.0
2025-02-03 17:14:34,636 [WARN] ConditionMgr:1039 - genDependencies : Invalid condition id : UX DEVICE CLASS RTOS Condition cause : null
2025-02-03 17:14:34,637 [WARN] ConditionMgr:1039 - genDependencies : Invalid condition id : UX DEVICE CLASS RTOS Condition cause : null
2025-02-03 17:14:34,637 [WARN] ConditionMgr:1039 - genDependencies : Invalid condition id : UX DEVICE CLASS RTOS Condition cause : null
2025-02-03 17:14:34,638 [WARN] ConditionMgr:1039 - genDependencies : Invalid condition id : UX DEVICE CLASS RTOS Condition cause : null
2025-02-03 17:14:34,638 [WARN] ConditionMgr:1039 - genDependencies : Invalid condition id : UX DEVICE CLASS RTOS Condition cause : null
2025-02-03 17:14:34,644 [WARN] PackLoader:240 - Cannot read IP mode file for wolfSSL.I-CUBE-wolfSSL.5.5.0
2025-02-03 17:14:34,650 [WARN] PackLoader:240 - Cannot read IP mode file for STMicroelectronics.X-CUBE-FREERTOS.1.3.0
2025-02-03 17:14:34,655 [WARN] PackLoader:240 - Cannot read IP mode file for STMicroelectronics.X-CUBE-NFC7.1.0.1
2025-02-03 17:14:34,659 [WARN] PackLoader:240 - Cannot read IP mode file for STMicroelectronics.X-CUBE-NFC7.1.0.0
2025-02-03 17:14:34,662 [WARN] PackLoader:240 - Cannot read IP mode file for wolfSSL.I-CUBE-wolfTPM.3.2.0
2025-02-03 17:14:34,670 [WARN] PackLoader:240 - Cannot read IP mode file for STMicroelectronics.X-CUBE-NFC6.3.0.0
2025-02-03 17:14:34,677 [WARN] PackLoader:240 - Cannot read IP mode file for STMicroelectronics.X-CUBE-EEPRMA1.4.1.0
2025-02-03 17:14:34,681 [WARN] PackLoader:240 - Cannot read IP mode file for STMicroelectronics.X-CUBE-AI.8.1.0
2025-02-03 17:14:34,705 [WARN] ConditionMgr:438 - getConditionDescription Invalid condition id : LAN8742 Phy interface Condition cause : null
2025-02-03 17:14:34,706 [WARN] PackLoader:240 - Cannot read IP mode file for STMicroelectronics.X-CUBE-AZRTOS-L4.2.0.0
2025-02-03 17:14:34,708 [WARN] ConditionMgr:1039 - genDependencies : Invalid condition id : LAN8742 Phy interface Condition cause : null
2025-02-03 17:14:34,708 [WARN] ConditionMgr:1039 - genDependencies : Invalid condition id : LAN8742 Phy interface Condition cause : null
2025-02-03 17:14:34,709 [WARN] ConditionMgr:1039 - genDependencies : Invalid condition id : LAN8742 Phy interface Condition cause : null
2025-02-03 17:14:34,718 [WARN] PackLoader:240 - Cannot read IP mode file for STMicroelectronics.X-CUBE-SFXS2LP1.4.0.0
2025-02-03 17:14:34,745 [WARN] PackLoader:240 - Cannot read IP mode file for STMicroelectronics.X-CUBE-AZRTOS-H7.3.0.0
2025-02-03 17:14:34,749 [WARN] PackLoader:240 - Cannot read IP mode file for STMicroelectronics.X-CUBE-ISPU.1.1.0
2025-02-03 17:14:34,762 [WARN] PackLoader:240 - Cannot read IP mode file for STMicroelectronics.X-CUBE-AZRTOS-H7.3.3.0
2025-02-03 17:14:34,768 [WARN] PackLoader:240 - Cannot read IP mode file for RoweBots.I-CUBE-UNISONRTOS.5.5.0-4
2025-02-03 17:14:34,770 [WARN] PackLoader:240 - Cannot read IP mode file for STMicroelectronics.X-CUBE-AI.8.0.0
2025-02-03 17:14:34,775 [WARN] PackLoader:240 - Cannot read IP mode file for STMicroelectronics.X-CUBE-IPS.3.0.0
2025-02-03 17:14:34,785 [WARN] ConditionMgr:438 - getConditionDescription Invalid condition id : UX DEVICE CLASS RTOS Condition cause : null
2025-02-03 17:14:34,785 [WARN] ConditionMgr:438 - getConditionDescription Invalid condition id : UX DEVICE CLASS RTOS Condition cause : null
2025-02-03 17:14:34,787 [WARN] PackLoader:240 - Cannot read IP mode file for STMicroelectronics.X-CUBE-AZRTOS-WB.2.0.0
2025-02-03 17:14:34,787 [WARN] ConditionMgr:1039 - genDependencies : Invalid condition id : UX DEVICE CLASS RTOS Condition cause : null
2025-02-03 17:14:34,787 [WARN] ConditionMgr:1039 - genDependencies : Invalid condition id : UX DEVICE CLASS RTOS Condition cause : null
2025-02-03 17:14:34,787 [WARN] ConditionMgr:1039 - genDependencies : Invalid condition id : UX DEVICE CLASS RTOS Condition cause : null
2025-02-03 17:14:34,788 [WARN] ConditionMgr:1039 - genDependencies : Invalid condition id : UX DEVICE CLASS RTOS Condition cause : null
2025-02-03 17:14:34,788 [WARN] ConditionMgr:1039 - genDependencies : Invalid condition id : UX DEVICE CLASS RTOS Condition cause : null
2025-02-03 17:14:34,791 [WARN] PackLoader:240 - Cannot read IP mode file for STMicroelectronics.X-CUBE-FREERTOS.1.0.0
2025-02-03 17:14:34,793 [WARN] PackLoader:240 - Cannot read IP mode file for STMicroelectronics.X-CUBE-FREERTOS.1.0.1
2025-02-03 17:14:34,796 [WARN] PackLoader:240 - Cannot read IP mode file for STMicroelectronics.X-CUBE-GNSS1.7.0.0
2025-02-03 17:14:34,799 [WARN] PackLoader:240 - Cannot read IP mode file for STMicroelectronics.X-CUBE-GNSS1.7.0.1
2025-02-03 17:14:34,802 [WARN] PackLoader:240 - Cannot read IP mode file for STMicroelectronics.X-CUBE-BLEMGR.1.0.0
2025-02-03 17:14:34,807 [WARN] PackLoader:240 - Cannot read IP mode file for STMicroelectronics.FP-SNS-STBOX1.2.0.0
2025-02-03 17:14:34,815 [WARN] PackLoader:240 - Cannot read IP mode file for STMicroelectronics.X-CUBE-AZRTOS-L5.1.1.0
2025-02-03 17:14:34,818 [WARN] PackLoader:240 - Cannot read IP mode file for STMicroelectronics.X-CUBE-AI.8.0.1
2025-02-03 17:14:34,823 [WARN] PackLoader:240 - Cannot read IP mode file for STMicroelectronics.X-CUBE-SUBG2.5.0.0
2025-02-03 17:14:34,832 [WARN] PackLoader:240 - Cannot read IP mode file for STMicroelectronics.X-CUBE-TOF1.3.3.1
2025-02-03 17:14:34,844 [WARN] PackLoader:240 - Cannot read IP mode file for STMicroelectronics.X-CUBE-AZRTOS-G4.2.0.0
2025-02-03 17:14:34,849 [WARN] PackLoader:240 - Cannot read IP mode file for STMicroelectronics.X-CUBE-TOF1.3.3.0
2025-02-03 17:14:34,855 [WARN] PackLoader:240 - Cannot read IP mode file for STMicroelectronics.FP-ATR-ASTRA1.1.1.1
2025-02-03 17:14:34,862 [WARN] PackLoader:240 - Cannot read IP mode file for Infineon.AIROC-Wi-Fi-Bluetooth-STM32.1.5.1
2025-02-03 17:14:34,865 [WARN] PackLoader:240 - Cannot read IP mode file for STMicroelectronics.FP-SNS-MOTENVWB1.1.3.1
2025-02-03 17:14:34,871 [WARN] PackLoader:240 - Cannot read IP mode file for STMicroelectronics.X-CUBE-AZRTOS-G4.1.0.0
2025-02-03 17:14:34,880 [WARN] PackLoader:240 - Cannot read IP mode file for STMicroelectronics.X-CUBE-AZRTOS-L4.1.0.0
2025-02-03 17:14:34,884 [WARN] PackLoader:240 - Cannot read IP mode file for STMicroelectronics.X-CUBE-ISPU.2.0.0
2025-02-03 17:14:34,887 [ERROR] Engine:466 - C:\Users\saksh\.stm32cubemx\thirdparties\pdsc\STMicroelectronics.X-CUBE-IPS.3.1.0.pdsc: PDSC version is not supported
2025-02-03 17:14:34,889 [WARN] PackLoader:240 - Cannot read IP mode file for STMicroelectronics.X-CUBE-ALS.1.0.2
2025-02-03 17:14:34,905 [WARN] PackLoader:240 - Cannot read IP mode file for STMicroelectronics.X-CUBE-MEMS1.10.0.0
2025-02-03 17:14:34,968 [WARN] PackLoader:240 - Cannot read IP mode file for STMicroelectronics.X-CUBE-FREERTOS.1.1.0
2025-02-03 17:14:34,969 [WARN] PackLoader:240 - Cannot read IP mode file for STMicroelectronics.X-CUBE-TOUCHGFX.4.24.0
2025-02-03 17:14:34,970 [WARN] PackLoader:240 - Cannot read IP mode file for STMicroelectronics.X-CUBE-TOUCHGFX.4.24.2
2025-02-03 17:14:34,975 [WARN] PackLoader:240 - Cannot read IP mode file for STMicroelectronics.X-CUBE-AZRTOS-WL.1.0.0
2025-02-03 17:14:34,977 [WARN] PackLoader:240 - Cannot read IP mode file for STMicroelectronics.X-CUBE-TOUCHGFX.4.24.1
2025-02-03 17:14:34,980 [WARN] PackLoader:240 - Cannot read IP mode file for portGmbH.I-Cube-SoM-uGOAL.1.1.0
2025-02-03 17:14:34,983 [WARN] PackLoader:240 - Cannot read IP mode file for STMicroelectronics.X-CUBE-ALS.1.0.1
2025-02-03 17:14:34,991 [WARN] PackLoader:240 - Cannot read IP mode file for STMicroelectronics.X-CUBE-AZRTOS-WB.1.1.0
2025-02-03 17:14:34,999 [WARN] PackLoader:240 - Cannot read IP mode file for STMicroelectronics.X-CUBE-AZRTOS-L5.1.0.0
2025-02-03 17:14:35,003 [WARN] PackLoader:240 - Cannot read IP mode file for STMicroelectronics.X-CUBE-EEPRMA1.3.1.1
2025-02-03 17:14:35,013 [WARN] PackLoader:240 - Cannot read IP mode file for STMicroelectronics.X-CUBE-AZRTOS-H7RS.1.0.0
2025-02-03 17:14:35,016 [WARN] PackLoader:240 - Cannot read IP mode file for STMicroelectronics.FP-ATR-ASTRA1.2.0.0
2025-02-03 17:14:35,021 [WARN] PackLoader:240 - Cannot read IP mode file for STMicroelectronics.X-CUBE-TOF1.3.4.2
2025-02-03 17:14:35,032 [WARN] PackLoader:240 - Cannot read IP mode file for STMicroelectronics.X-CUBE-TOF1.3.4.0
2025-02-03 17:14:35,043 [WARN] PackLoader:240 - Cannot read IP mode file for STMicroelectronics.X-CUBE-TOF1.3.4.1
2025-02-03 17:14:35,059 [WARN] PackLoader:240 - Cannot read IP mode file for STMicroelectronics.X-CUBE-AZRTOS-H7.3.2.0
2025-02-03 17:14:35,063 [WARN] PackLoader:240 - Cannot read IP mode file for wolfSSL.I-CUBE-wolfSSH.1.4.17
2025-02-03 17:14:35,063 [INFO] ThirdParty:978 - Integrity check success = true
2025-02-03 17:14:35,063 [INFO] IntegrityCheckThread:100 - exiting critical section [integrity check]
2025-02-03 17:14:35,063 [INFO] IntegrityCheckThread:103 - End integrity checks thread
2025-02-03 17:39:06,176 [INFO] McuFinderGlobals:63 - Set McuFinder mode to 2 (CubeIDE integrated)
2025-02-03 17:39:06,178 [INFO] MainUpdater:2873 - connection check result : 10
2025-02-03 17:39:06,435 [INFO] ApiDb:581 - Connected to CubeFinder SQLite database (C:\Users\saksh\.stmcufinder\plugins\mcufinder\mcu\cube-finder-db.db)
2025-02-03 17:39:06,477 [INFO] ApiDb:668 - CubeFinder database Data Model version=2.1
2025-02-03 17:39:06,477 [INFO] ApiDb:669 - CubeFinder database Configuration version=3.0.39
2025-02-03 17:39:06,477 [INFO] ApiDb:670 - CubeFinder database generation date=2024-12-10 (1733817889)
2025-02-03 17:39:06,477 [INFO] ApiDb:671 - CubeFinder database FW Pack versions=[FP-ATR-ASTRA1_V2.0.0, FP-SNS-FLIGHT1_V5.0.2, FP-SNS-MOTENV1_V5.0.0, FP-SNS-MOTENVWB1_V1.4.0, FP-SNS-SMARTAG2_V1.2.0, FP-SNS-STBOX1_V2.0.0, STM32Cube_FW_C0_V1.3.0, STM32Cube_FW_F4_V1.28.1, STM32Cube_FW_F7_V1.17.2, STM32Cube_FW_G0_V1.6.2, STM32Cube_FW_G4_V1.6.1, STM32Cube_FW_H5_V1.4.0, STM32Cube_FW_H7RS_V1.1.0, STM32Cube_FW_H7_V1.12.0, STM32Cube_FW_L0_V1.12.2, STM32Cube_FW_L4_V1.18.1, STM32Cube_FW_L5_V1.5.1, STM32Cube_FW_N6_V1.0.0, STM32Cube_FW_U0_V1.2.0, STM32Cube_FW_U3_V1.0.0, STM32Cube_FW_U5_V1.7.0, STM32Cube_FW_WB0_V1.1.0, STM32Cube_FW_WBA_V1.5.0, STM32Cube_FW_WB_V1.21.0, STM32Cube_FW_WL3_V1.0.0, STM32Cube_FW_WL_V1.3.0, X-CUBE-ALGOBUILD_V1.4.0, X-CUBE-ALS_V1.0.2, X-CUBE-AZRTOS-F4_V1.1.0, X-CUBE-AZRTOS-F7_V1.1.0, X-CUBE-AZRTOS-G0_V1.1.0, X-CUBE-AZRTOS-G4_V2.0.0, X-CUBE-AZRTOS-H7RS_V1.0.0, X-CUBE-AZRTOS-H7_V3.3.0, X-CUBE-AZRTOS-L4_V2.0.0, X-CUBE-AZRTOS-L5_V2.0.0, X-CUBE-AZRTOS-WB_V2.0.0, X-CUBE-AZRTOS-WL_V2.0.0, X-CUBE-BLE1_V7.0.0, X-CUBE-BLE2_V3.3.0, X-CUBE-BLEMGR_V3.1.0, X-CUBE-EEPRMA1_V5.1.0, X-CUBE-FREERTOS_V1.2.0, X-CUBE-GNSS1_V6.0.0, X-CUBE-MEMS1_V11.0.0, X-CUBE-NFC4_V3.0.0, X-CUBE-NFC7_V1.0.1, X-CUBE-SFXS2LP1_V4.0.0, X-CUBE-SUBG2_V5.0.0, X-CUBE-TOF1_V3.4.2]
2025-02-03 17:39:06,520 [INFO] DbBoardsSqlite:226 - include board P-NUCLEO-WB55-NUCLEO as a kit item of type 'Nucleo-64'
2025-02-03 17:39:06,521 [INFO] DbBoardsSqlite:226 - include board P-NUCLEO-WB55-USBDONGLE as a kit item of type 'Nucleo USB Dongle'
2025-02-03 17:39:06,521 [INFO] DbBoardsSqlite:226 - include board STEVAL-IDP005V1 as a kit item of type 'Evaluation Board'
2025-02-03 17:39:06,521 [INFO] DbBoardsSqlite:226 - include board STEVAL-IDP005V2 as a kit item of type 'Evaluation Board'
2025-02-03 17:39:06,559 [INFO] ApiDb:240 - Found 483 in-development CPN: [B-G473E-ZEST1S, B-WB1M-WPAN1, B-WL5M-SUBG1, NUCLEO-C031C6, NUCLEO-H503RB, NUCLEO-H533RE, NUCLEO-H563ZI, NUCLEO-H7S3L8, NUCLEO-U031R8, NUCLEO-U083RC, NUCLEO-U545RE-Q, NUCLEO-U5A5ZJ-Q, NUCLEO-WBA52CG, NUCLEO-WBA55CG, STEVAL-PROTEUS1, STEVAL-SMARTAG2, STEVAL-STWINBX1, STM320518-EVAL, STM32C0116-DK, STM32C011D6Y3TR, STM32C011D6Y6TR, STM32C011F4P3, STM32C011F4P6, STM32C011F4U3, STM32C011F4U6TR, STM32C011F6P3, STM32C011F6P6, STM32C011F6U3, STM32C011F6U6TR, STM32C011J4M3, STM32C011J4M6, STM32C011J6M3, STM32C011J6M6, STM32C0316-DK, STM32C031C4T3, STM32C031C4T6, STM32C031C4U3, STM32C031C4U6, STM32C031C6T3, STM32C031C6T6, STM32C031C6U3, STM32C031C6U6, STM32C031F4P3, STM32C031F4P6, STM32C031F6P3, STM32C031F6P6, STM32C031G4U3, STM32C031G4U6, STM32C031G6U3, STM32C031G6U6, STM32C031K4T3, STM32C031K4T6, STM32C031K4U3, STM32C031K4U6, STM32C031K6T3, STM32C031K6T6, STM32C031K6U3, STM32C031K6U6, STM32G071K8TXN, STM32G071K8UXN, STM32G081GBU6N, STM32G081KBT6N, STM32G081KBUXN, STM32G0B1CCT6N, STM32G0B1KCT6, STM32G0B1NEY6TR, STM32G0B1RCT6N, STM32G0C1CCT6, STM32G0C1CCT6N, STM32G0C1CCU6N, STM32G0C1CET6N, STM32G0C1CEU6N, STM32G0C1KCT6, STM32G0C1NEY6TR, STM32G0C1RCI6N, STM32G0C1RCT6N, STM32G0C1REI6N, STM32G0C1RET6N, STM32G0C1VCI6, STM32G0C1VEI6, STM32G471CCT6, STM32G471CCU6, STM32G471CET3, STM32G471CET6, STM32G471CEU3, STM32G471CEU6, STM32G471MCT6, STM32G471MET3, STM32G471MET6, STM32G471MEY6TR, STM32G471QCT6, STM32G471QET3, STM32G471RCT6, STM32G471RET3, STM32G471RET6, STM32G471VCH6, STM32G471VCI6, STM32G471VCT6, STM32G471VEH3, STM32G471VEH6, STM32G471VEI3, STM32G471VEI6, STM32G471VET3, STM32G471VET6, STM32G474CCT6, STM32H503CBT6, STM32H503CBU6, STM32H503EBY6TR, STM32H503KBU6, STM32H503RBT6, STM32H523CCT6, STM32H523CCU6, STM32H523CET6, STM32H523CEU6, STM32H523HEY6TR, STM32H523RCT6, STM32H523RET6, STM32H523VCI6, STM32H523VCT6, STM32H523VEI6, STM32H523VET6, STM32H523ZCJ6, STM32H523ZCT6, STM32H523ZEJ6, STM32H523ZET6, STM32H533CET6, STM32H533CEU6, STM32H533HEY6TR, STM32H533RET6, STM32H533VEI6, STM32H533VET6, STM32H533ZEJ6, STM32H533ZET6, STM32H562AGI6, STM32H562AII6, STM32H562IGK6, STM32H562IGT6, STM32H562IIK6, STM32H562IIT6, STM32H562RGT6, STM32H562RGV6, STM32H562RIT6, STM32H562RIV6, STM32H562VGT6, STM32H562VIT6, STM32H562ZGT6, STM32H562ZIT6, STM32H563AGI6, STM32H563AII3Q, STM32H563AII6, STM32H563IGK6, STM32H563IGT6, STM32H563IIK3Q, STM32H563IIK6, STM32H563IIT3Q, STM32H563IIT6, STM32H563MIY3QTR, STM32H563RGT6, STM32H563RGV6, STM32H563RIT6, STM32H563RIV6, STM32H563VGT6, STM32H563VIT3Q, STM32H563VIT6, STM32H563ZGT6, STM32H563ZIT3Q, STM32H563ZIT6, STM32H573AII3Q, STM32H573AII6, STM32H573I-DK, STM32H573IIK3Q, STM32H573IIK6, STM32H573IIT3Q, STM32H573IIT6, STM32H573MIY3QTR, STM32H573RIT6, STM32H573RIV6, STM32H573VIT3Q, STM32H573VIT6, STM32H573ZIT3Q, STM32H573ZIT6, STM32H7R3A8I6, STM32H7R3I8K6, STM32H7R3I8T6, STM32H7R3L8H6, STM32H7R3L8H6H, STM32H7R3R8V6, STM32H7R3V8H6, STM32H7R3V8T6, STM32H7R3V8Y6, STM32H7R3Z8J6, STM32H7R3Z8T6, STM32H7R7A8I6, STM32H7R7I8K6, STM32H7R7I8T6, STM32H7R7L8H6, STM32H7R7L8H6H, STM32H7R7Z8J6, STM32H7S3A8I6, STM32H7S3I8K6, STM32H7S3I8T6, STM32H7S3L8H6, STM32H7S3L8H6H, STM32H7S3R8V6, STM32H7S3V8H6, STM32H7S3V8T6, STM32H7S3V8Y6, STM32H7S3Z8J6, STM32H7S3Z8T6, STM32H7S78-DK, STM32H7S7A8I6, STM32H7S7I8K6, STM32H7S7I8T6, STM32H7S7L8H6, STM32H7S7L8H6H, STM32H7S7Z8J6, STM32L4R5QGI6STR, STM32MP131AAE3, STM32MP131AAF3, STM32MP131AAG3, STM32MP131CAE3, STM32MP131CAF3, STM32MP131CAG3, STM32MP131DAE7, STM32MP131DAF7, STM32MP131DAG7, STM32MP131FAE7, STM32MP131FAF7, STM32MP131FAG7, STM32MP133AAE3, STM32MP133AAF3, STM32MP133AAG3, STM32MP133CAE3, STM32MP133CAF3, STM32MP133CAG3, STM32MP133DAE7, STM32MP133DAF7, STM32MP133DAG7, STM32MP133FAE7, STM32MP133FAF7, STM32MP133FAG7, STM32MP135AAE3, STM32MP135AAF3, STM32MP135AAG3, STM32MP135CAE3, STM32MP135CAF3, STM32MP135CAG3, STM32MP135DAE7, STM32MP135DAF7, STM32MP135DAG7, STM32MP135F-DK, STM32MP135FAE7, STM32MP135FAF7, STM32MP135FAF7T, STM32MP135FAF7U, STM32MP135FAG7, STM32U031C6T6, STM32U031C6U6, STM32U031C8T6, STM32U031C8U6, STM32U031F4P6, STM32U031F6P6, STM32U031F8P6, STM32U031G6Y6TR, STM32U031G8Y6TR, STM32U031K4U6, STM32U031K6U6, STM32U031K8U6, STM32U031R6I6, STM32U031R6T6, STM32U031R8I6, STM32U031R8T6, STM32U073C8T6, STM32U073C8U6, STM32U073CBT6, STM32U073CBU6, STM32U073CCT6, STM32U073CCU6, STM32U073H8Y6TR, STM32U073HBY6TR, STM32U073HCY6TR, STM32U073K8U6, STM32U073KBU6, STM32U073KCU6, STM32U073M8I6, STM32U073M8T6, STM32U073MBI6, STM32U073MBT6, STM32U073MCI6, STM32U073MCT6, STM32U073R8I6, STM32U073R8T6, STM32U073RBI6, STM32U073RBT6, STM32U073RCI6, STM32U073RCT6, STM32U083C-DK, STM32U083CCT6, STM32U083CCU6, STM32U083HCY6TR, STM32U083KCU6, STM32U083MCI6, STM32U083MCT6, STM32U083RCI6, STM32U083RCT6, STM32U535CBT6, STM32U535CBT6Q, STM32U535CBU6, STM32U535CBU6Q, STM32U535CCT6, STM32U535CCT6Q, STM32U535CCU6, STM32U535CCU6Q, STM32U535CET6, STM32U535CET6Q, STM32U535CEU6, STM32U535CEU6Q, STM32U535JEY6QTR, STM32U535NCY6QTR, STM32U535NEY6QTR, STM32U535RBI6, STM32U535RBI6Q, STM32U535RBT6, STM32U535RBT6Q, STM32U535RCI6, STM32U535RCI6Q, STM32U535RCT6, STM32U535RCT6Q, STM32U535REI6, STM32U535REI6Q, STM32U535RET6, STM32U535RET6Q, STM32U535VCI6, STM32U535VCI6Q, STM32U535VCT6, STM32U535VCT6Q, STM32U535VEI6, STM32U535VEI6Q, STM32U535VET6, STM32U535VET6Q, STM32U545CET6, STM32U545CET6Q, STM32U545CEU6, STM32U545CEU6Q, STM32U545JEY6QTR, STM32U545NEY6QTR, STM32U545REI6, STM32U545REI6Q, STM32U545RET6, STM32U545RET6Q, STM32U545VEI6, STM32U545VEI6Q, STM32U545VET6, STM32U545VET6Q, STM32U595AIH6, STM32U595AIH6Q, STM32U595AJH6, STM32U595AJH6Q, STM32U595QII6, STM32U595QII6Q, STM32U595QJI6, STM32U595QJI6Q, STM32U595RIT6, STM32U595RIT6Q, STM32U595RJT6, STM32U595RJT6Q, STM32U595VIT6, STM32U595VIT6Q, STM32U595VJT6, STM32U595VJT6Q, STM32U595ZIT6, STM32U595ZIT6Q, STM32U595ZIY6QTR, STM32U595ZJT6, STM32U595ZJT6Q, STM32U595ZJY6QTR, STM32U599BJY6QTR, STM32U599NIH6Q, STM32U599NJH6Q, STM32U599VIT6Q, STM32U599VJT6, STM32U599VJT6Q, STM32U599ZIT6Q, STM32U599ZIY6QTR, STM32U599ZJT6Q, STM32U599ZJY6QTR, STM32U5A5AJH6, STM32U5A5AJH6Q, STM32U5A5QII3Q , STM32U5A5QJI6, STM32U5A5QJI6Q, STM32U5A5RJT6, STM32U5A5RJT6Q, STM32U5A5VJT6, STM32U5A5VJT6Q, STM32U5A5ZJT6, STM32U5A5ZJT6Q, STM32U5A5ZJY6QTR, STM32U5A9BJY6QTR, STM32U5A9J-DK, STM32U5A9NJH6Q, STM32U5A9VJT6Q, STM32U5A9ZJT6Q, STM32U5A9ZJY6QTR, STM32U5F7VIT6, STM32U5F7VIT6Q, STM32U5F7VJT6, STM32U5F7VJT6Q, STM32U5F9BJY6QTR, STM32U5F9NJH6Q, STM32U5F9VIT6Q, STM32U5F9VJT6Q, STM32U5F9ZIJ6QTR, STM32U5F9ZIT6Q, STM32U5F9ZJJ6QTR, STM32U5F9ZJT6Q, STM32U5G7VJT6, STM32U5G7VJT6Q, STM32U5G9BJY6QTR, STM32U5G9J-DK1, STM32U5G9J-DK2, STM32U5G9NJH6Q, STM32U5G9VJT6Q, STM32U5G9ZJJ6QTR, STM32U5G9ZJT6Q, STM32WB1MMCH6, STM32WBA50KEU6, STM32WBA50KEU6TR, STM32WBA50KGU6, STM32WBA50KGU6TR, STM32WBA52CEU6, STM32WBA52CEU6TR, STM32WBA52CEU7, STM32WBA52CEU7TR, STM32WBA52CGU6, STM32WBA52CGU6TR, STM32WBA52CGU6U, STM32WBA52CGU7, STM32WBA52CGU7TR, STM32WBA52KEU6, STM32WBA52KEU6TR, STM32WBA52KGU6, STM32WBA52KGU6TR, STM32WBA54CEU6, STM32WBA54CEU6TR, STM32WBA54CEU7, STM32WBA54CEU7TR, STM32WBA54CGU6, STM32WBA54CGU6TR, STM32WBA54CGU7, STM32WBA54CGU7TR, STM32WBA54KEU6, STM32WBA54KEU6TR, STM32WBA54KEU7, STM32WBA54KEU7TR, STM32WBA54KGU6, STM32WBA54KGU6TR, STM32WBA54KGU7, STM32WBA54KGU7TR, STM32WBA55CEU6, STM32WBA55CEU6TR, STM32WBA55CEU7, STM32WBA55CEU7TR, STM32WBA55CGU6, STM32WBA55CGU6TR, STM32WBA55CGU6U, STM32WBA55CGU7, STM32WBA55CGU7TR, STM32WBA55G-DK1, STM32WBA55HEF6, STM32WBA55HEF7, STM32WBA55HGF6, STM32WBA55HGF7, STM32WBA55UEI6, STM32WBA55UEI6TR, STM32WBA55UEI7, STM32WBA55UEI7TR, STM32WBA55UGI6, STM32WBA55UGI6TR, STM32WBA55UGI7, STM32WBA55UGI7TR, STM32WL5MOCH6, STM32WL5MOCH6TR]
2025-02-03 17:39:06,561 [INFO] ApiDb:668 - CubeFinder database Data Model version=2.1
2025-02-03 17:39:06,561 [INFO] ApiDb:669 - CubeFinder database Configuration version=3.0.39
2025-02-03 17:39:06,561 [INFO] ApiDb:670 - CubeFinder database generation date=2024-12-10 (1733817889)
2025-02-03 17:39:06,561 [INFO] ApiDb:671 - CubeFinder database FW Pack versions=[FP-ATR-ASTRA1_V2.0.0, FP-SNS-FLIGHT1_V5.0.2, FP-SNS-MOTENV1_V5.0.0, FP-SNS-MOTENVWB1_V1.4.0, FP-SNS-SMARTAG2_V1.2.0, FP-SNS-STBOX1_V2.0.0, STM32Cube_FW_C0_V1.3.0, STM32Cube_FW_F4_V1.28.1, STM32Cube_FW_F7_V1.17.2, STM32Cube_FW_G0_V1.6.2, STM32Cube_FW_G4_V1.6.1, STM32Cube_FW_H5_V1.4.0, STM32Cube_FW_H7RS_V1.1.0, STM32Cube_FW_H7_V1.12.0, STM32Cube_FW_L0_V1.12.2, STM32Cube_FW_L4_V1.18.1, STM32Cube_FW_L5_V1.5.1, STM32Cube_FW_N6_V1.0.0, STM32Cube_FW_U0_V1.2.0, STM32Cube_FW_U3_V1.0.0, STM32Cube_FW_U5_V1.7.0, STM32Cube_FW_WB0_V1.1.0, STM32Cube_FW_WBA_V1.5.0, STM32Cube_FW_WB_V1.21.0, STM32Cube_FW_WL3_V1.0.0, STM32Cube_FW_WL_V1.3.0, X-CUBE-ALGOBUILD_V1.4.0, X-CUBE-ALS_V1.0.2, X-CUBE-AZRTOS-F4_V1.1.0, X-CUBE-AZRTOS-F7_V1.1.0, X-CUBE-AZRTOS-G0_V1.1.0, X-CUBE-AZRTOS-G4_V2.0.0, X-CUBE-AZRTOS-H7RS_V1.0.0, X-CUBE-AZRTOS-H7_V3.3.0, X-CUBE-AZRTOS-L4_V2.0.0, X-CUBE-AZRTOS-L5_V2.0.0, X-CUBE-AZRTOS-WB_V2.0.0, X-CUBE-AZRTOS-WL_V2.0.0, X-CUBE-BLE1_V7.0.0, X-CUBE-BLE2_V3.3.0, X-CUBE-BLEMGR_V3.1.0, X-CUBE-EEPRMA1_V5.1.0, X-CUBE-FREERTOS_V1.2.0, X-CUBE-GNSS1_V6.0.0, X-CUBE-MEMS1_V11.0.0, X-CUBE-NFC4_V3.0.0, X-CUBE-NFC7_V1.0.1, X-CUBE-SFXS2LP1_V4.0.0, X-CUBE-SUBG2_V5.0.0, X-CUBE-TOF1_V3.4.2]
2025-02-03 17:39:07,785 [INFO] ApiDb:240 - Found 483 in-development CPN: [B-G473E-ZEST1S, B-WB1M-WPAN1, B-WL5M-SUBG1, NUCLEO-C031C6, NUCLEO-H503RB, NUCLEO-H533RE, NUCLEO-H563ZI, NUCLEO-H7S3L8, NUCLEO-U031R8, NUCLEO-U083RC, NUCLEO-U545RE-Q, NUCLEO-U5A5ZJ-Q, NUCLEO-WBA52CG, NUCLEO-WBA55CG, STEVAL-PROTEUS1, STEVAL-SMARTAG2, STEVAL-STWINBX1, STM320518-EVAL, STM32C0116-DK, STM32C011D6Y3TR, STM32C011D6Y6TR, STM32C011F4P3, STM32C011F4P6, STM32C011F4U3, STM32C011F4U6TR, STM32C011F6P3, STM32C011F6P6, STM32C011F6U3, STM32C011F6U6TR, STM32C011J4M3, STM32C011J4M6, STM32C011J6M3, STM32C011J6M6, STM32C0316-DK, STM32C031C4T3, STM32C031C4T6, STM32C031C4U3, STM32C031C4U6, STM32C031C6T3, STM32C031C6T6, STM32C031C6U3, STM32C031C6U6, STM32C031F4P3, STM32C031F4P6, STM32C031F6P3, STM32C031F6P6, STM32C031G4U3, STM32C031G4U6, STM32C031G6U3, STM32C031G6U6, STM32C031K4T3, STM32C031K4T6, STM32C031K4U3, STM32C031K4U6, STM32C031K6T3, STM32C031K6T6, STM32C031K6U3, STM32C031K6U6, STM32G071K8TXN, STM32G071K8UXN, STM32G081GBU6N, STM32G081KBT6N, STM32G081KBUXN, STM32G0B1CCT6N, STM32G0B1KCT6, STM32G0B1NEY6TR, STM32G0B1RCT6N, STM32G0C1CCT6, STM32G0C1CCT6N, STM32G0C1CCU6N, STM32G0C1CET6N, STM32G0C1CEU6N, STM32G0C1KCT6, STM32G0C1NEY6TR, STM32G0C1RCI6N, STM32G0C1RCT6N, STM32G0C1REI6N, STM32G0C1RET6N, STM32G0C1VCI6, STM32G0C1VEI6, STM32G471CCT6, STM32G471CCU6, STM32G471CET3, STM32G471CET6, STM32G471CEU3, STM32G471CEU6, STM32G471MCT6, STM32G471MET3, STM32G471MET6, STM32G471MEY6TR, STM32G471QCT6, STM32G471QET3, STM32G471RCT6, STM32G471RET3, STM32G471RET6, STM32G471VCH6, STM32G471VCI6, STM32G471VCT6, STM32G471VEH3, STM32G471VEH6, STM32G471VEI3, STM32G471VEI6, STM32G471VET3, STM32G471VET6, STM32G474CCT6, STM32H503CBT6, STM32H503CBU6, STM32H503EBY6TR, STM32H503KBU6, STM32H503RBT6, STM32H523CCT6, STM32H523CCU6, STM32H523CET6, STM32H523CEU6, STM32H523HEY6TR, STM32H523RCT6, STM32H523RET6, STM32H523VCI6, STM32H523VCT6, STM32H523VEI6, STM32H523VET6, STM32H523ZCJ6, STM32H523ZCT6, STM32H523ZEJ6, STM32H523ZET6, STM32H533CET6, STM32H533CEU6, STM32H533HEY6TR, STM32H533RET6, STM32H533VEI6, STM32H533VET6, STM32H533ZEJ6, STM32H533ZET6, STM32H562AGI6, STM32H562AII6, STM32H562IGK6, STM32H562IGT6, STM32H562IIK6, STM32H562IIT6, STM32H562RGT6, STM32H562RGV6, STM32H562RIT6, STM32H562RIV6, STM32H562VGT6, STM32H562VIT6, STM32H562ZGT6, STM32H562ZIT6, STM32H563AGI6, STM32H563AII3Q, STM32H563AII6, STM32H563IGK6, STM32H563IGT6, STM32H563IIK3Q, STM32H563IIK6, STM32H563IIT3Q, STM32H563IIT6, STM32H563MIY3QTR, STM32H563RGT6, STM32H563RGV6, STM32H563RIT6, STM32H563RIV6, STM32H563VGT6, STM32H563VIT3Q, STM32H563VIT6, STM32H563ZGT6, STM32H563ZIT3Q, STM32H563ZIT6, STM32H573AII3Q, STM32H573AII6, STM32H573I-DK, STM32H573IIK3Q, STM32H573IIK6, STM32H573IIT3Q, STM32H573IIT6, STM32H573MIY3QTR, STM32H573RIT6, STM32H573RIV6, STM32H573VIT3Q, STM32H573VIT6, STM32H573ZIT3Q, STM32H573ZIT6, STM32H7R3A8I6, STM32H7R3I8K6, STM32H7R3I8T6, STM32H7R3L8H6, STM32H7R3L8H6H, STM32H7R3R8V6, STM32H7R3V8H6, STM32H7R3V8T6, STM32H7R3V8Y6, STM32H7R3Z8J6, STM32H7R3Z8T6, STM32H7R7A8I6, STM32H7R7I8K6, STM32H7R7I8T6, STM32H7R7L8H6, STM32H7R7L8H6H, STM32H7R7Z8J6, STM32H7S3A8I6, STM32H7S3I8K6, STM32H7S3I8T6, STM32H7S3L8H6, STM32H7S3L8H6H, STM32H7S3R8V6, STM32H7S3V8H6, STM32H7S3V8T6, STM32H7S3V8Y6, STM32H7S3Z8J6, STM32H7S3Z8T6, STM32H7S78-DK, STM32H7S7A8I6, STM32H7S7I8K6, STM32H7S7I8T6, STM32H7S7L8H6, STM32H7S7L8H6H, STM32H7S7Z8J6, STM32L4R5QGI6STR, STM32MP131AAE3, STM32MP131AAF3, STM32MP131AAG3, STM32MP131CAE3, STM32MP131CAF3, STM32MP131CAG3, STM32MP131DAE7, STM32MP131DAF7, STM32MP131DAG7, STM32MP131FAE7, STM32MP131FAF7, STM32MP131FAG7, STM32MP133AAE3, STM32MP133AAF3, STM32MP133AAG3, STM32MP133CAE3, STM32MP133CAF3, STM32MP133CAG3, STM32MP133DAE7, STM32MP133DAF7, STM32MP133DAG7, STM32MP133FAE7, STM32MP133FAF7, STM32MP133FAG7, STM32MP135AAE3, STM32MP135AAF3, STM32MP135AAG3, STM32MP135CAE3, STM32MP135CAF3, STM32MP135CAG3, STM32MP135DAE7, STM32MP135DAF7, STM32MP135DAG7, STM32MP135F-DK, STM32MP135FAE7, STM32MP135FAF7, STM32MP135FAF7T, STM32MP135FAF7U, STM32MP135FAG7, STM32U031C6T6, STM32U031C6U6, STM32U031C8T6, STM32U031C8U6, STM32U031F4P6, STM32U031F6P6, STM32U031F8P6, STM32U031G6Y6TR, STM32U031G8Y6TR, STM32U031K4U6, STM32U031K6U6, STM32U031K8U6, STM32U031R6I6, STM32U031R6T6, STM32U031R8I6, STM32U031R8T6, STM32U073C8T6, STM32U073C8U6, STM32U073CBT6, STM32U073CBU6, STM32U073CCT6, STM32U073CCU6, STM32U073H8Y6TR, STM32U073HBY6TR, STM32U073HCY6TR, STM32U073K8U6, STM32U073KBU6, STM32U073KCU6, STM32U073M8I6, STM32U073M8T6, STM32U073MBI6, STM32U073MBT6, STM32U073MCI6, STM32U073MCT6, STM32U073R8I6, STM32U073R8T6, STM32U073RBI6, STM32U073RBT6, STM32U073RCI6, STM32U073RCT6, STM32U083C-DK, STM32U083CCT6, STM32U083CCU6, STM32U083HCY6TR, STM32U083KCU6, STM32U083MCI6, STM32U083MCT6, STM32U083RCI6, STM32U083RCT6, STM32U535CBT6, STM32U535CBT6Q, STM32U535CBU6, STM32U535CBU6Q, STM32U535CCT6, STM32U535CCT6Q, STM32U535CCU6, STM32U535CCU6Q, STM32U535CET6, STM32U535CET6Q, STM32U535CEU6, STM32U535CEU6Q, STM32U535JEY6QTR, STM32U535NCY6QTR, STM32U535NEY6QTR, STM32U535RBI6, STM32U535RBI6Q, STM32U535RBT6, STM32U535RBT6Q, STM32U535RCI6, STM32U535RCI6Q, STM32U535RCT6, STM32U535RCT6Q, STM32U535REI6, STM32U535REI6Q, STM32U535RET6, STM32U535RET6Q, STM32U535VCI6, STM32U535VCI6Q, STM32U535VCT6, STM32U535VCT6Q, STM32U535VEI6, STM32U535VEI6Q, STM32U535VET6, STM32U535VET6Q, STM32U545CET6, STM32U545CET6Q, STM32U545CEU6, STM32U545CEU6Q, STM32U545JEY6QTR, STM32U545NEY6QTR, STM32U545REI6, STM32U545REI6Q, STM32U545RET6, STM32U545RET6Q, STM32U545VEI6, STM32U545VEI6Q, STM32U545VET6, STM32U545VET6Q, STM32U595AIH6, STM32U595AIH6Q, STM32U595AJH6, STM32U595AJH6Q, STM32U595QII6, STM32U595QII6Q, STM32U595QJI6, STM32U595QJI6Q, STM32U595RIT6, STM32U595RIT6Q, STM32U595RJT6, STM32U595RJT6Q, STM32U595VIT6, STM32U595VIT6Q, STM32U595VJT6, STM32U595VJT6Q, STM32U595ZIT6, STM32U595ZIT6Q, STM32U595ZIY6QTR, STM32U595ZJT6, STM32U595ZJT6Q, STM32U595ZJY6QTR, STM32U599BJY6QTR, STM32U599NIH6Q, STM32U599NJH6Q, STM32U599VIT6Q, STM32U599VJT6, STM32U599VJT6Q, STM32U599ZIT6Q, STM32U599ZIY6QTR, STM32U599ZJT6Q, STM32U599ZJY6QTR, STM32U5A5AJH6, STM32U5A5AJH6Q, STM32U5A5QII3Q , STM32U5A5QJI6, STM32U5A5QJI6Q, STM32U5A5RJT6, STM32U5A5RJT6Q, STM32U5A5VJT6, STM32U5A5VJT6Q, STM32U5A5ZJT6, STM32U5A5ZJT6Q, STM32U5A5ZJY6QTR, STM32U5A9BJY6QTR, STM32U5A9J-DK, STM32U5A9NJH6Q, STM32U5A9VJT6Q, STM32U5A9ZJT6Q, STM32U5A9ZJY6QTR, STM32U5F7VIT6, STM32U5F7VIT6Q, STM32U5F7VJT6, STM32U5F7VJT6Q, STM32U5F9BJY6QTR, STM32U5F9NJH6Q, STM32U5F9VIT6Q, STM32U5F9VJT6Q, STM32U5F9ZIJ6QTR, STM32U5F9ZIT6Q, STM32U5F9ZJJ6QTR, STM32U5F9ZJT6Q, STM32U5G7VJT6, STM32U5G7VJT6Q, STM32U5G9BJY6QTR, STM32U5G9J-DK1, STM32U5G9J-DK2, STM32U5G9NJH6Q, STM32U5G9VJT6Q, STM32U5G9ZJJ6QTR, STM32U5G9ZJT6Q, STM32WB1MMCH6, STM32WBA50KEU6, STM32WBA50KEU6TR, STM32WBA50KGU6, STM32WBA50KGU6TR, STM32WBA52CEU6, STM32WBA52CEU6TR, STM32WBA52CEU7, STM32WBA52CEU7TR, STM32WBA52CGU6, STM32WBA52CGU6TR, STM32WBA52CGU6U, STM32WBA52CGU7, STM32WBA52CGU7TR, STM32WBA52KEU6, STM32WBA52KEU6TR, STM32WBA52KGU6, STM32WBA52KGU6TR, STM32WBA54CEU6, STM32WBA54CEU6TR, STM32WBA54CEU7, STM32WBA54CEU7TR, STM32WBA54CGU6, STM32WBA54CGU6TR, STM32WBA54CGU7, STM32WBA54CGU7TR, STM32WBA54KEU6, STM32WBA54KEU6TR, STM32WBA54KEU7, STM32WBA54KEU7TR, STM32WBA54KGU6, STM32WBA54KGU6TR, STM32WBA54KGU7, STM32WBA54KGU7TR, STM32WBA55CEU6, STM32WBA55CEU6TR, STM32WBA55CEU7, STM32WBA55CEU7TR, STM32WBA55CGU6, STM32WBA55CGU6TR, STM32WBA55CGU6U, STM32WBA55CGU7, STM32WBA55CGU7TR, STM32WBA55G-DK1, STM32WBA55HEF6, STM32WBA55HEF7, STM32WBA55HGF6, STM32WBA55HGF7, STM32WBA55UEI6, STM32WBA55UEI6TR, STM32WBA55UEI7, STM32WBA55UEI7TR, STM32WBA55UGI6, STM32WBA55UGI6TR, STM32WBA55UGI7, STM32WBA55UGI7TR, STM32WL5MOCH6, STM32WL5MOCH6TR]
2025-02-03 17:39:07,789 [INFO] DbMcus:218 - Found 4404 MCUs, 4404 are supported
2025-02-03 17:39:07,789 [INFO] ApiDb:423 - Load user favorites file C:\Users\saksh/.stm32cubeide/favorites.mcus.txt: 1 item(s)
2025-02-03 17:39:07,789 [INFO] ApiDb:427 - User favorites MCUs=[STM32F103C8T6]
2025-02-03 17:39:07,789 [INFO] DbMcus:224 - Set 1 / 1 favorites MCUs
2025-02-03 17:39:08,012 [INFO] BoardInfo:889 - No configuration file found for board NUCLEO-C071RB
2025-02-03 17:39:08,013 [INFO] DbBoards:161 - Board is not supported: NUCLEO-C071RB
2025-02-03 17:39:08,064 [INFO] BoardInfo:889 - No configuration file found for board NUCLEO-N657X0-Q
2025-02-03 17:39:08,064 [INFO] DbBoards:161 - Board is not supported: NUCLEO-N657X0-Q
2025-02-03 17:39:08,068 [INFO] BoardInfo:889 - No configuration file found for board NUCLEO-WB05KZ
2025-02-03 17:39:08,068 [INFO] DbBoards:161 - Board is not supported: NUCLEO-WB05KZ
2025-02-03 17:39:08,069 [INFO] BoardInfo:889 - No configuration file found for board NUCLEO-WB07CC
2025-02-03 17:39:08,069 [INFO] DbBoards:161 - Board is not supported: NUCLEO-WB07CC
2025-02-03 17:39:08,070 [INFO] BoardInfo:889 - No configuration file found for board NUCLEO-WB09KE
2025-02-03 17:39:08,070 [INFO] DbBoards:161 - Board is not supported: NUCLEO-WB09KE
2025-02-03 17:39:08,076 [INFO] BoardInfo:889 - No configuration file found for board P-NUCLEO-WB55
2025-02-03 17:39:08,076 [INFO] DbBoards:161 - Kit is not supported: P-NUCLEO-WB55
2025-02-03 17:39:08,079 [INFO] BoardInfo:889 - No configuration file found for board STEVAL-BFA001V1B
2025-02-03 17:39:08,079 [INFO] DbBoards:161 - Kit is not supported: STEVAL-BFA001V1B
2025-02-03 17:39:08,080 [INFO] BoardInfo:889 - No configuration file found for board STEVAL-BFA001V2B
2025-02-03 17:39:08,080 [INFO] DbBoards:161 - Kit is not supported: STEVAL-BFA001V2B
2025-02-03 17:39:08,148 [INFO] BoardInfo:889 - No configuration file found for board STM32MP257F-DK
2025-02-03 17:39:08,148 [INFO] DbBoards:161 - Board is not supported: STM32MP257F-DK
2025-02-03 17:39:08,149 [INFO] BoardInfo:889 - No configuration file found for board STM32MP257F-EV1
2025-02-03 17:39:08,149 [INFO] DbBoards:161 - Board is not supported: STM32MP257F-EV1
2025-02-03 17:39:08,150 [INFO] BoardInfo:889 - No configuration file found for board STM32N6570-DK
2025-02-03 17:39:08,150 [INFO] DbBoards:161 - Board is not supported: STM32N6570-DK
2025-02-03 17:39:08,156 [INFO] DbBoards:168 - Found 203 boards, 192 are supported
2025-02-03 17:39:08,156 [INFO] DbBoards:169 - Found 203 boards, 8 of them is supported for  Bsp
2025-02-03 17:39:08,158 [INFO] ApiDb:423 - Load user favorites file C:\Users\saksh/.stm32cubeide/favorites.boards.txt: 0 item(s)
2025-02-03 17:39:08,158 [INFO] ApiDb:427 - User favorites Boards=[]
2025-02-03 17:39:08,158 [INFO] DbBoards:198 - Set 0 / 0 favorites Boards
2025-02-03 17:39:08,158 [INFO] McuFinderGlobals:76 - Set McuFinderConnectedMode to true
2025-02-03 17:39:08,162 [INFO] MultiScanPanel:200 - Auto-refresh data requested => check proxy status ongoing
2025-02-03 17:39:08,164 [INFO] FinderPluginLoader:95 - Searching for filters in installed packs
2025-02-03 17:39:08,931 [INFO] LoadUrlFilesThread:185 - End of LoadServerUrlFiles without Thread
2025-02-03 17:39:08,937 [INFO] DetailPanel:341 - Set advertising image to C:/Users/saksh/STM32Cube/Repository/\en.prom-stm32n6-mcu-finder.png
2025-02-03 17:40:45,961 [INFO] MainUpdater:2873 - connection check result : 10
2025-02-03 17:40:45,961 [INFO] MainUpdater:2873 - connection check result : 10
2025-02-03 17:40:45,970 [INFO] MicroXplorer:468 - Change Database Path : 
2025-02-03 17:40:45,970 [INFO] MicroXplorer:498 - Change Database Version : DB.6.0.111
2025-02-03 17:40:45,973 [WARN] ThirdParty:871 - waiting for thirdparty lock release [close project]
2025-02-03 17:40:45,973 [INFO] ThirdParty:873 - entering critical section [close project]
2025-02-03 17:40:45,974 [INFO] ThirdParty:883 - exiting critical section [close project]
2025-02-03 17:40:45,975 [INFO] PinOutPanel:1561 - setPackage(No Configuration,No Configuration)
2025-02-03 17:40:45,977 [INFO] UtilMem:75 - Begin LoadConfig() Used Memory: 678746488 Bytes (1073741824)
2025-02-03 17:40:45,977 [INFO] MicroXplorer:468 - Change Database Path : 
2025-02-03 17:40:45,978 [INFO] MicroXplorer:498 - Change Database Version : DB.6.0.111
2025-02-03 17:40:45,978 [INFO] OpenFileManager:312 - Change cursor
2025-02-03 17:40:46,002 [INFO] Mcu:2021 - Initializing MCU STM32F030F4Px STM32F030F4Px STM32F030F4P6
2025-02-03 17:40:46,483 [INFO] Context:663 - Trying to add GPIOservice into a context  which must be forbidden
2025-02-03 17:40:46,609 [INFO] ImportTextPane:194 - (OptionalMessage_ERROR) Unable to find key (Mcu.ThirdPartyNb) in loaded IOC file
2025-02-03 17:40:46,610 [INFO] ImportTextPane:194 - (OptionalMessage_ERROR) Unable to find key (Mcu.PinsNb) in loaded IOC file
2025-02-03 17:40:46,610 [INFO] ImportTextPane:194 - (OptionalMessage_ERROR) Unable to find key (Mcu.IPNb) in loaded IOC file
2025-02-03 17:40:46,812 [INFO] RtosManager:555 - Registered RTOS mode: class=CMSIS, group=RTOS, mode=CMSIS_V1, owner=FREERTOS
2025-02-03 17:40:46,812 [INFO] RtosManager:555 - Registered RTOS mode: class=CMSIS, group=RTOS2, mode=CMSIS_V2, owner=FREERTOS
2025-02-03 17:40:46,812 [INFO] RtosManager:555 - Registered RTOS mode: class=RTOS, group=Core, mode=CMSIS_V1, owner=FREERTOS
2025-02-03 17:40:46,812 [INFO] RtosManager:555 - Registered RTOS mode: class=RTOS, group=Core, mode=CMSIS_V2, owner=FREERTOS
2025-02-03 17:40:46,813 [WARN] ModelIntegratedComponent:184 - Missing modes for component STMicroelectronics:FreeRTOS:0.0.1:STMicroelectronics:RTOS:FreeRTOS:Core:::10.2.0:
2025-02-03 17:40:46,819 [WARN] ModelIntegratedComponent:63 - No mode defined for component null
2025-02-03 17:40:46,819 [WARN] ModelIntegratedComponent:63 - No mode defined for component null
2025-02-03 17:40:46,819 [WARN] ModelIntegratedComponent:63 - No mode defined for component null
2025-02-03 17:40:46,820 [WARN] ModelIntegratedComponent:63 - No mode defined for component null
2025-02-03 17:40:46,820 [WARN] ModelIntegratedComponent:63 - No mode defined for component null
2025-02-03 17:40:46,820 [WARN] ModelIntegratedComponent:63 - No mode defined for component null
2025-02-03 17:40:46,820 [WARN] ModelIntegratedComponent:63 - No mode defined for component null
2025-02-03 17:40:46,820 [WARN] ModelIntegratedComponent:63 - No mode defined for component null
2025-02-03 17:40:46,820 [WARN] ModelIntegratedComponent:63 - No mode defined for component null
2025-02-03 17:40:46,820 [WARN] ModelIntegratedComponent:63 - No mode defined for component null
2025-02-03 17:40:46,820 [WARN] ModelIntegratedComponent:63 - No mode defined for component null
2025-02-03 17:40:46,821 [WARN] ModelIntegratedComponent:63 - No mode defined for component null
2025-02-03 17:40:46,821 [WARN] ModelIntegratedComponent:63 - No mode defined for component null
2025-02-03 17:40:46,821 [WARN] ModelIntegratedComponent:63 - No mode defined for component null
2025-02-03 17:40:46,821 [WARN] ModelIntegratedComponent:63 - No mode defined for component null
2025-02-03 17:40:46,821 [WARN] ModelIntegratedComponent:63 - No mode defined for component null
2025-02-03 17:40:46,821 [WARN] ModelIntegratedComponent:63 - No mode defined for component null
2025-02-03 17:40:46,821 [WARN] ModelIntegratedComponent:63 - No mode defined for component null
2025-02-03 17:40:46,821 [WARN] ModelIntegratedComponent:63 - No mode defined for component null
2025-02-03 17:40:46,821 [WARN] ModelIntegratedComponent:63 - No mode defined for component null
2025-02-03 17:40:46,821 [WARN] ModelIntegratedComponent:63 - No mode defined for component null
2025-02-03 17:40:46,821 [WARN] ModelIntegratedComponent:63 - No mode defined for component null
2025-02-03 17:40:46,821 [WARN] ModelIntegratedComponent:63 - No mode defined for component null
2025-02-03 17:40:46,821 [WARN] ModelIntegratedComponent:63 - No mode defined for component null
2025-02-03 17:40:46,821 [WARN] ModelIntegratedComponent:63 - No mode defined for component null
2025-02-03 17:40:46,821 [WARN] ModelIntegratedComponent:63 - No mode defined for component null
2025-02-03 17:40:46,821 [WARN] ModelIntegratedComponent:63 - No mode defined for component null
2025-02-03 17:40:46,821 [WARN] ModelIntegratedComponent:63 - No mode defined for component null
2025-02-03 17:40:46,821 [WARN] ModelIntegratedComponent:63 - No mode defined for component null
2025-02-03 17:40:46,821 [WARN] ModelIntegratedComponent:63 - No mode defined for component null
2025-02-03 17:40:46,821 [WARN] ModelIntegratedComponent:63 - No mode defined for component null
2025-02-03 17:40:46,822 [WARN] ModelIntegratedComponent:63 - No mode defined for component null
2025-02-03 17:40:46,822 [WARN] ModelIntegratedComponent:63 - No mode defined for component null
2025-02-03 17:40:46,822 [WARN] ModelIntegratedComponent:63 - No mode defined for component null
2025-02-03 17:40:47,074 [INFO] ThirdPartyModel:298 - Start build external matchings
2025-02-03 17:40:50,271 [INFO] ThirdPartyModel:316 - End build external matchings
2025-02-03 17:40:50,386 [INFO] UtilMem:75 - End LoadConfig() Used Memory: 778853520 Bytes (1073741824)
2025-02-03 17:40:50,399 [WARN] ThirdParty:833 - waiting for thirdparty lock release [change project]
2025-02-03 17:40:50,399 [INFO] ThirdParty:835 - entering critical section [change project]
2025-02-03 17:40:50,401 [INFO] ThirdParty:1030 - CMSIS Pack Vendor :STMicroelectronics USBPD 4.1
2025-02-03 17:40:50,401 [INFO] ThirdParty:1030 - CMSIS Pack Vendor :STMicroelectronics X-CUBE-GNSS1 6.0.0
2025-02-03 17:40:50,401 [INFO] ThirdParty:1030 - CMSIS Pack Vendor :STMicroelectronics USB_HOST 2.0.0
2025-02-03 17:40:50,401 [INFO] ThirdParty:1030 - CMSIS Pack Vendor :STMicroelectronics FP-SNS-MOTENVWB1 1.4.0
2025-02-03 17:40:50,401 [INFO] ThirdParty:1030 - CMSIS Pack Vendor :STMicroelectronics X-CUBE-AZRTOS-F4 1.1.0
2025-02-03 17:40:50,401 [INFO] ThirdParty:1030 - CMSIS Pack Vendor :STMicroelectronics LIBJPEG 8.0.0
2025-02-03 17:40:50,401 [INFO] ThirdParty:1030 - CMSIS Pack Vendor :STMicroelectronics FP-ATR-ASTRA1 2.0.1
2025-02-03 17:40:50,401 [INFO] ThirdParty:1030 - CMSIS Pack Vendor :STMicroelectronics X-CUBE-SMBUS 2.1.0
2025-02-03 17:40:50,401 [INFO] ThirdParty:1030 - CMSIS Pack Vendor :STMicroelectronics X-CUBE-WB05N 1.1.0
2025-02-03 17:40:50,401 [INFO] ThirdParty:1030 - CMSIS Pack Vendor :STMicroelectronics X-CUBE-ISPU 2.1.0
2025-02-03 17:40:50,401 [INFO] ThirdParty:1030 - CMSIS Pack Vendor :STMicroelectronics X-CUBE-FREERTOS 1.2.0
2025-02-03 17:40:50,401 [INFO] ThirdParty:1030 - CMSIS Pack Vendor :STMicroelectronics X-CUBE-TOUCHGFX 4.23.1
2025-02-03 17:40:50,401 [INFO] ThirdParty:1030 - CMSIS Pack Vendor :STMicroelectronics X-CUBE-TOUCHGFX 4.23.0
2025-02-03 17:40:50,401 [INFO] ThirdParty:1030 - CMSIS Pack Vendor :STMicroelectronics X-CUBE-BLEMGR 1.2.0
2025-02-03 17:40:50,401 [INFO] ThirdParty:1030 - CMSIS Pack Vendor :STMicroelectronics X-CUBE-TOUCHGFX 4.23.2
2025-02-03 17:40:50,401 [INFO] ThirdParty:1030 - CMSIS Pack Vendor :STMicroelectronics X-CUBE-AZRTOS-F7 1.1.0
2025-02-03 17:40:50,401 [INFO] ThirdParty:1030 - CMSIS Pack Vendor :STMicroelectronics X-CUBE-AZRTOS-L5 2.0.0
2025-02-03 17:40:50,401 [INFO] ThirdParty:1030 - CMSIS Pack Vendor :STMicroelectronics USB_DEVICE 2.0.0
2025-02-03 17:40:50,401 [INFO] ThirdParty:1030 - CMSIS Pack Vendor :STMicroelectronics X-CUBE-MEMS1 9.6.0
2025-02-03 17:40:50,401 [INFO] ThirdParty:1030 - CMSIS Pack Vendor :STMicroelectronics X-CUBE-EEPRMA1 4.2.0
2025-02-03 17:40:50,401 [INFO] ThirdParty:1030 - CMSIS Pack Vendor :STMicroelectronics X-CUBE-NFC6 3.1.0
2025-02-03 17:40:50,401 [INFO] ThirdParty:1030 - CMSIS Pack Vendor :ITTIA_DB I-CUBE-ITTIADB 8.8.0
2025-02-03 17:40:50,401 [INFO] ThirdParty:1030 - CMSIS Pack Vendor :STMicroelectronics FP-SNS-MOTENV1 4.3.0
2025-02-03 17:40:50,401 [INFO] ThirdParty:1030 - CMSIS Pack Vendor :STMicroelectronics FP-SNS-MOTENV1 4.3.2
2025-02-03 17:40:50,401 [INFO] ThirdParty:1030 - CMSIS Pack Vendor :STMicroelectronics FP-SNS-FLIGHT1 5.0.0
2025-02-03 17:40:50,401 [INFO] ThirdParty:1030 - CMSIS Pack Vendor :STMicroelectronics FP-SNS-MOTENV1 4.3.1
2025-02-03 17:40:50,401 [INFO] ThirdParty:1030 - CMSIS Pack Vendor :STMicroelectronics FP-SNS-FLIGHT1 5.0.1
2025-02-03 17:40:50,401 [INFO] ThirdParty:1030 - CMSIS Pack Vendor :STMicroelectronics X-CUBE-BLE1 6.2.3
2025-02-03 17:40:50,401 [INFO] ThirdParty:1030 - CMSIS Pack Vendor :STMicroelectronics X-CUBE-MEMS1 11.0.0
2025-02-03 17:40:50,401 [INFO] ThirdParty:1030 - CMSIS Pack Vendor :STMicroelectronics X-CUBE-BLE1 6.2.4
2025-02-03 17:40:50,401 [INFO] ThirdParty:1030 - CMSIS Pack Vendor :STMicroelectronics FreeRTOS 0.0.1
2025-02-03 17:40:50,401 [INFO] ThirdParty:1030 - CMSIS Pack Vendor :STMicroelectronics X-CUBE-BLEMGR 2.0.0
2025-02-03 17:40:50,401 [INFO] ThirdParty:1030 - CMSIS Pack Vendor :STMicroelectronics X-CUBE-DPower 1.2.0
2025-02-03 17:40:50,401 [INFO] ThirdParty:1030 - CMSIS Pack Vendor :STMicroelectronics FP-SNS-FLIGHT1 5.0.2
2025-02-03 17:40:50,401 [INFO] ThirdParty:1030 - CMSIS Pack Vendor :STMicroelectronics X-CUBE-NFC4 2.0.4
2025-02-03 17:40:50,401 [INFO] ThirdParty:1030 - CMSIS Pack Vendor :STMicroelectronics X-CUBE-AI 9.0.0
2025-02-03 17:40:50,401 [INFO] ThirdParty:1030 - CMSIS Pack Vendor :STMicroelectronics X-CUBE-AZRTOS-H7 3.1.0
2025-02-03 17:40:50,401 [INFO] ThirdParty:1030 - CMSIS Pack Vendor :STMicroelectronics PDM2PCM 3.3.0
2025-02-03 17:40:50,401 [INFO] ThirdParty:1030 - CMSIS Pack Vendor :STMicroelectronics X-CUBE-TOF1 3.1.0
2025-02-03 17:40:50,401 [INFO] ThirdParty:1030 - CMSIS Pack Vendor :STMicroelectronics X-CUBE-DISPLAY 3.0.0
2025-02-03 17:40:50,401 [INFO] ThirdParty:1030 - CMSIS Pack Vendor :STMicroelectronics X-CUBE-BLE1 7.0.0
2025-02-03 17:40:50,401 [INFO] ThirdParty:1030 - CMSIS Pack Vendor :STMicroelectronics X-CUBE-NFC10 1.0.0
2025-02-03 17:40:50,401 [INFO] ThirdParty:1030 - CMSIS Pack Vendor :wolfSSL I-CUBE-wolfSSL 5.5.0
2025-02-03 17:40:50,401 [INFO] ThirdParty:1030 - CMSIS Pack Vendor :STMicroelectronics X-CUBE-BLEMGR 4.0.0
2025-02-03 17:40:50,401 [INFO] ThirdParty:1030 - CMSIS Pack Vendor :STMicroelectronics HAL Drivers 0.0.0
2025-02-03 17:40:50,401 [INFO] ThirdParty:1030 - CMSIS Pack Vendor :STMicroelectronics X-CUBE-FREERTOS 1.3.0
2025-02-03 17:40:50,401 [INFO] ThirdParty:1030 - CMSIS Pack Vendor :STMicroelectronics X-CUBE-TOUCHGFX 4.22.0
2025-02-03 17:40:50,401 [INFO] ThirdParty:1030 - CMSIS Pack Vendor :STMicroelectronics X-CUBE-NFC7 1.0.1
2025-02-03 17:40:50,401 [INFO] ThirdParty:1030 - CMSIS Pack Vendor :STMicroelectronics MBEDTLS 2.14.1
2025-02-03 17:40:50,401 [INFO] ThirdParty:1030 - CMSIS Pack Vendor :STMicroelectronics X-CUBE-NFC7 1.0.0
2025-02-03 17:40:50,401 [INFO] ThirdParty:1030 - CMSIS Pack Vendor :wolfSSL I-CUBE-wolfTPM 3.2.0
2025-02-03 17:40:50,401 [INFO] ThirdParty:1030 - CMSIS Pack Vendor :STMicroelectronics X-CUBE-NFC6 3.0.0
2025-02-03 17:40:50,401 [INFO] ThirdParty:1030 - CMSIS Pack Vendor :STMicroelectronics X-CUBE-MEMS1 9.3.0
2025-02-03 17:40:50,401 [INFO] ThirdParty:1030 - CMSIS Pack Vendor :STMicroelectronics X-CUBE-EEPRMA1 4.1.0
2025-02-03 17:40:50,401 [INFO] ThirdParty:1030 - CMSIS Pack Vendor :STMicroelectronics X-CUBE-AI 7.2.0
2025-02-03 17:40:50,401 [INFO] ThirdParty:1030 - CMSIS Pack Vendor :STMicroelectronics X-CUBE-BLEMGR 3.1.0
2025-02-03 17:40:50,401 [INFO] ThirdParty:1030 - CMSIS Pack Vendor :STMicroelectronics X-CUBE-AI 10.0.0
2025-02-03 17:40:50,401 [INFO] ThirdParty:1030 - CMSIS Pack Vendor :STMicroelectronics FP-SNS-SMARTAG2 1.2.0
2025-02-03 17:40:50,401 [INFO] ThirdParty:1030 - CMSIS Pack Vendor :STMicroelectronics X-CUBE-MEMS1 11.1.0
2025-02-03 17:40:50,401 [INFO] ThirdParty:1030 - CMSIS Pack Vendor :STMicroelectronics X-CUBE-AZRTOS-WL 2.0.0
2025-02-03 17:40:50,401 [INFO] ThirdParty:1030 - CMSIS Pack Vendor :STMicroelectronics FP-SNS-MOTENV1 5.0.0
2025-02-03 17:40:50,401 [INFO] ThirdParty:1030 - CMSIS Pack Vendor :STMicroelectronics USB_DEVICE 1.0.0
2025-02-03 17:40:50,401 [INFO] ThirdParty:1030 - CMSIS Pack Vendor :STMicroelectronics X-CUBE-AI 8.1.0
2025-02-03 17:40:50,401 [INFO] ThirdParty:1030 - CMSIS Pack Vendor :wolfSSL I-CUBE-wolfMQTT 1.19.0
2025-02-03 17:40:50,401 [INFO] ThirdParty:1030 - CMSIS Pack Vendor :STMicroelectronics X-CUBE-AZRTOS-L4 2.0.0
2025-02-03 17:40:50,401 [INFO] ThirdParty:1030 - CMSIS Pack Vendor :STMicroelectronics ThreadX 0.0.2
2025-02-03 17:40:50,401 [INFO] ThirdParty:1030 - CMSIS Pack Vendor :WES I-CUBE-Cesium 1.3.0
2025-02-03 17:40:50,401 [INFO] ThirdParty:1030 - CMSIS Pack Vendor :STMicroelectronics lwIP 2.1.2
2025-02-03 17:40:50,401 [INFO] ThirdParty:1030 - CMSIS Pack Vendor :STMicroelectronics X-CUBE-SFXS2LP1 4.0.0
2025-02-03 17:40:50,401 [INFO] ThirdParty:1030 - CMSIS Pack Vendor :STMicroelectronics X-CUBE-BLE2 3.3.0
2025-02-03 17:40:50,401 [INFO] ThirdParty:1030 - CMSIS Pack Vendor :STMicroelectronics X-CUBE-DISPLAY 2.2.0
2025-02-03 17:40:50,401 [INFO] ThirdParty:1030 - CMSIS Pack Vendor :STMicroelectronics X-CUBE-TOF1 3.2.0
2025-02-03 17:40:50,401 [INFO] ThirdParty:1030 - CMSIS Pack Vendor :STMicroelectronics PDM2PCM 3.2.0
2025-02-03 17:40:50,401 [INFO] ThirdParty:1030 - CMSIS Pack Vendor :STMicroelectronics X-CUBE-AZRTOS-H7 3.0.0
2025-02-03 17:40:50,401 [INFO] ThirdParty:1030 - CMSIS Pack Vendor :STMicroelectronics X-CUBE-ISPU 1.0.0
2025-02-03 17:40:50,401 [INFO] ThirdParty:1030 - CMSIS Pack Vendor :STMicroelectronics X-CUBE-ISPU 1.1.0
2025-02-03 17:40:50,401 [INFO] ThirdParty:1030 - CMSIS Pack Vendor :STMicroelectronics X-CUBE-AZRTOS-H7 3.3.0
2025-02-03 17:40:50,401 [INFO] ThirdParty:1030 - CMSIS Pack Vendor :RoweBots I-CUBE-UNISONRTOS 5.5.0-4
2025-02-03 17:40:50,401 [INFO] ThirdParty:1030 - CMSIS Pack Vendor :STMicroelectronics X-CUBE-NFC9 1.0.0
2025-02-03 17:40:50,401 [INFO] ThirdParty:1030 - CMSIS Pack Vendor :STMicroelectronics X-CUBE-AZRTOS-H7 2.1.0
2025-02-03 17:40:50,401 [INFO] ThirdParty:1030 - CMSIS Pack Vendor :STMicroelectronics USB_DEVICE 3.0.0
2025-02-03 17:40:50,401 [INFO] ThirdParty:1030 - CMSIS Pack Vendor :STMicroelectronics X-CUBE-TCPP 4.1.0
2025-02-03 17:40:50,401 [INFO] ThirdParty:1030 - CMSIS Pack Vendor :STMicroelectronics X-CUBE-AI 8.0.0
2025-02-03 17:40:50,401 [INFO] ThirdParty:1030 - CMSIS Pack Vendor :STMicroelectronics X-CUBE-IPS 3.0.0
2025-02-03 17:40:50,401 [INFO] ThirdParty:1030 - CMSIS Pack Vendor :STMicroelectronics X-CUBE-AZRTOS-WB 2.0.0
2025-02-03 17:40:50,401 [INFO] ThirdParty:1030 - CMSIS Pack Vendor :STMicroelectronics X-CUBE-FREERTOS 1.0.0
2025-02-03 17:40:50,401 [INFO] ThirdParty:1030 - CMSIS Pack Vendor :STMicroelectronics X-CUBE-FREERTOS 1.0.1
2025-02-03 17:40:50,401 [INFO] ThirdParty:1030 - CMSIS Pack Vendor :STMicroelectronics X-CUBE-TOUCHGFX 4.21.1
2025-02-03 17:40:50,401 [INFO] ThirdParty:1030 - CMSIS Pack Vendor :STMicroelectronics X-CUBE-GNSS1 7.0.0
2025-02-03 17:40:50,401 [INFO] ThirdParty:1030 - CMSIS Pack Vendor :STMicroelectronics X-CUBE-GNSS1 7.0.1
2025-02-03 17:40:50,401 [INFO] ThirdParty:1030 - CMSIS Pack Vendor :STMicroelectronics X-CUBE-TOUCHGFX 4.21.3
2025-02-03 17:40:50,401 [INFO] ThirdParty:1030 - CMSIS Pack Vendor :STMicroelectronics X-CUBE-BLEMGR 1.0.0
2025-02-03 17:40:50,402 [INFO] ThirdParty:1030 - CMSIS Pack Vendor :STMicroelectronics X-CUBE-TOUCHGFX 4.21.4
2025-02-03 17:40:50,402 [INFO] ThirdParty:1030 - CMSIS Pack Vendor :STMicroelectronics X-CUBE-MEMS1 9.4.0
2025-02-03 17:40:50,402 [INFO] ThirdParty:1030 - CMSIS Pack Vendor :STMicroelectronics X-CUBE-AI 7.3.0
2025-02-03 17:40:50,402 [INFO] ThirdParty:1030 - CMSIS Pack Vendor :STMicroelectronics FP-SNS-STBOX1 2.0.0
2025-02-03 17:40:50,402 [INFO] ThirdParty:1030 - CMSIS Pack Vendor :STMicroelectronics X-CUBE-ALGOBUILD 1.3.0
2025-02-03 17:40:50,402 [INFO] ThirdParty:1030 - CMSIS Pack Vendor :STMicroelectronics X-CUBE-AZRTOS-L5 1.1.0
2025-02-03 17:40:50,402 [INFO] ThirdParty:1030 - CMSIS Pack Vendor :STMicroelectronics X-CUBE-AZRTOS-G0 1.1.0
2025-02-03 17:40:50,402 [INFO] ThirdParty:1030 - CMSIS Pack Vendor :STMicroelectronics X-CUBE-AI 8.0.1
2025-02-03 17:40:50,402 [INFO] ThirdParty:1030 - CMSIS Pack Vendor :STMicroelectronics X-CUBE-SAFEA1 1.2.2
2025-02-03 17:40:50,402 [INFO] ThirdParty:1030 - CMSIS Pack Vendor :STMicroelectronics X-CUBE-NFC4 3.0.0
2025-02-03 17:40:50,402 [INFO] ThirdParty:1030 - CMSIS Pack Vendor :SEGGER I-CUBE-embOS 1.2.0
2025-02-03 17:40:50,402 [INFO] ThirdParty:1030 - CMSIS Pack Vendor :STMicroelectronics X-CUBE-SUBG2 5.0.0
2025-02-03 17:40:50,402 [INFO] ThirdParty:1030 - CMSIS Pack Vendor :STMicroelectronics STM32_WPAN 1.0.0
2025-02-03 17:40:50,402 [INFO] ThirdParty:1030 - CMSIS Pack Vendor :EmbeddedOffice I-CUBE-FS-RTOS 1.0.1
2025-02-03 17:40:50,402 [INFO] ThirdParty:1030 - CMSIS Pack Vendor :STMicroelectronics lwIP 2.0.3
2025-02-03 17:40:50,402 [INFO] ThirdParty:1030 - CMSIS Pack Vendor :STMicroelectronics USB_HOST 1.0.0
2025-02-03 17:40:50,402 [INFO] ThirdParty:1030 - CMSIS Pack Vendor :STMicroelectronics X-CUBE-TOF1 3.3.1
2025-02-03 17:40:50,402 [INFO] ThirdParty:1030 - CMSIS Pack Vendor :STMicroelectronics X-CUBE-AZRTOS-G4 2.0.0
2025-02-03 17:40:50,402 [INFO] ThirdParty:1030 - CMSIS Pack Vendor :STMicroelectronics PDM2PCM 3.1.0
2025-02-03 17:40:50,402 [INFO] ThirdParty:1030 - CMSIS Pack Vendor :STMicroelectronics X-CUBE-TOF1 3.3.0
2025-02-03 17:40:50,402 [INFO] ThirdParty:1030 - CMSIS Pack Vendor :STMicroelectronics FP-ATR-ASTRA1 1.1.1
2025-02-03 17:40:50,402 [INFO] ThirdParty:1030 - CMSIS Pack Vendor :Infineon AIROC-Wi-Fi-Bluetooth-STM32 1.5.1
2025-02-03 17:40:50,402 [INFO] ThirdParty:1030 - CMSIS Pack Vendor :STMicroelectronics X-CUBE-BLEMGR 3.0.0
2025-02-03 17:40:50,402 [INFO] ThirdParty:1030 - CMSIS Pack Vendor :STMicroelectronics X-CUBE-BLEMGR 1.3.0
2025-02-03 17:40:50,402 [INFO] ThirdParty:1030 - CMSIS Pack Vendor :RealThread X-CUBE-RT-Thread_Nano 4.1.1
2025-02-03 17:40:50,402 [INFO] ThirdParty:1030 - CMSIS Pack Vendor :STMicroelectronics FP-SNS-MOTENVWB1 1.3.1
2025-02-03 17:40:50,402 [INFO] ThirdParty:1030 - CMSIS Pack Vendor :STMicroelectronics FP-ATR-SIGFOX1 3.2.0
2025-02-03 17:40:50,402 [INFO] ThirdParty:1030 - CMSIS Pack Vendor :STMicroelectronics X-CUBE-AZRTOS-G4 1.0.0
2025-02-03 17:40:50,402 [INFO] ThirdParty:1030 - CMSIS Pack Vendor :STMicroelectronics X-CUBE-AZRTOS-L4 1.0.0
2025-02-03 17:40:50,402 [INFO] ThirdParty:1030 - CMSIS Pack Vendor :quantropi X-CUBE-qispace-sdk-base 1.9.3
2025-02-03 17:40:50,402 [INFO] ThirdParty:1030 - CMSIS Pack Vendor :STMicroelectronics X-CUBE-ISPU 2.0.0
2025-02-03 17:40:50,402 [INFO] ThirdParty:1030 - CMSIS Pack Vendor :STMicroelectronics X-CUBE-EEPRMA1 5.1.0
2025-02-03 17:40:50,402 [INFO] ThirdParty:1030 - CMSIS Pack Vendor :STMicroelectronics MBEDTLS 2.16.2
2025-02-03 17:40:50,402 [INFO] ThirdParty:1030 - CMSIS Pack Vendor :STMicroelectronics X-CUBE-ALS 1.0.2
2025-02-03 17:40:50,402 [INFO] ThirdParty:1030 - CMSIS Pack Vendor :emotas I-CUBE-CANOPEN 1.1.2
2025-02-03 17:40:50,402 [INFO] ThirdParty:1030 - CMSIS Pack Vendor :STMicroelectronics X-CUBE-TOUCHGFX 4.20.0
2025-02-03 17:40:50,402 [INFO] ThirdParty:1030 - CMSIS Pack Vendor :STMicroelectronics X-CUBE-MEMS1 10.0.0
2025-02-03 17:40:50,402 [INFO] ThirdParty:1030 - CMSIS Pack Vendor :STMicroelectronics X-CUBE-FREERTOS 1.1.0
2025-02-03 17:40:50,402 [INFO] ThirdParty:1030 - CMSIS Pack Vendor :STMicroelectronics X-CUBE-TOUCHGFX 4.24.0
2025-02-03 17:40:50,402 [INFO] ThirdParty:1030 - CMSIS Pack Vendor :STMicroelectronics X-CUBE-TOUCHGFX 4.24.2
2025-02-03 17:40:50,402 [INFO] ThirdParty:1030 - CMSIS Pack Vendor :STMicroelectronics X-CUBE-AZRTOS-WL 1.0.0
2025-02-03 17:40:50,402 [INFO] ThirdParty:1030 - CMSIS Pack Vendor :STMicroelectronics X-CUBE-TOUCHGFX 4.24.1
2025-02-03 17:40:50,402 [INFO] ThirdParty:1030 - CMSIS Pack Vendor :portGmbH I-Cube-SoM-uGOAL 1.1.0
2025-02-03 17:40:50,402 [INFO] ThirdParty:1030 - CMSIS Pack Vendor :STMicroelectronics X-CUBE-ALS 1.0.1
2025-02-03 17:40:50,402 [INFO] ThirdParty:1030 - CMSIS Pack Vendor :STMicroelectronics X-CUBE-MEMS1 9.5.0
2025-02-03 17:40:50,402 [INFO] ThirdParty:1030 - CMSIS Pack Vendor :STMicroelectronics ThreadX 1.0.0
2025-02-03 17:40:50,402 [INFO] ThirdParty:1030 - CMSIS Pack Vendor :STMicroelectronics X-CUBE-AZRTOS-WB 1.1.0
2025-02-03 17:40:50,402 [INFO] ThirdParty:1030 - CMSIS Pack Vendor :SEGGER I-CUBE-embOS 1.3.1
2025-02-03 17:40:50,402 [INFO] ThirdParty:1030 - CMSIS Pack Vendor :STMicroelectronics X-CUBE-ALGOBUILD 1.4.0
2025-02-03 17:40:50,402 [INFO] ThirdParty:1030 - CMSIS Pack Vendor :STMicroelectronics X-CUBE-AZRTOS-L5 1.0.0
2025-02-03 17:40:50,402 [INFO] ThirdParty:1030 - CMSIS Pack Vendor :STMicroelectronics X-CUBE-EEPRMA1 3.1.1
2025-02-03 17:40:50,402 [INFO] ThirdParty:1030 - CMSIS Pack Vendor :STMicroelectronics X-CUBE-AZRTOS-H7RS 1.0.0
2025-02-03 17:40:50,402 [INFO] ThirdParty:1030 - CMSIS Pack Vendor :STMicroelectronics FP-ATR-ASTRA1 2.0.0
2025-02-03 17:40:50,402 [INFO] ThirdParty:1030 - CMSIS Pack Vendor :STMicroelectronics X-CUBE-TOF1 3.4.2
2025-02-03 17:40:50,402 [INFO] ThirdParty:1030 - CMSIS Pack Vendor :STMicroelectronics X-CUBE-AI 9.1.0
2025-02-03 17:40:50,402 [INFO] ThirdParty:1030 - CMSIS Pack Vendor :STMicroelectronics X-CUBE-TOF1 3.4.0
2025-02-03 17:40:50,402 [INFO] ThirdParty:1030 - CMSIS Pack Vendor :STMicroelectronics X-CUBE-TOF1 3.4.1
2025-02-03 17:40:50,402 [INFO] ThirdParty:1030 - CMSIS Pack Vendor :STMicroelectronics X-CUBE-AZRTOS-H7 3.2.0
2025-02-03 17:40:50,402 [INFO] ThirdParty:1030 - CMSIS Pack Vendor :wolfSSL I-CUBE-wolfSSH 1.4.17
2025-02-03 17:40:50,402 [INFO] ThirdParty:841 - exiting critical section [change project]
2025-02-03 17:40:50,496 [INFO] PinOutPanel:1561 - setPackage(No Configuration,No Configuration)
2025-02-03 17:40:50,497 [INFO] PinOutPanel:1561 - setPackage(STM32F030F4Px,TSSOP20)
2025-02-03 17:40:51,093 [INFO] UtilMem:75 - Before build in PCC Used Memory: 729397216 Bytes (1073741824)
2025-02-03 17:40:51,577 [INFO] UtilMem:75 - After build in PCC Used Memory: 795979744 Bytes (1073741824)
2025-02-03 17:40:51,593 [INFO] IPUIPlugin:80 - create IPUIPlugin
2025-02-03 17:40:51,594 [INFO] IPUIPlugin:80 - create IPUIPlugin
2025-02-03 17:40:51,594 [INFO] IPUIPlugin:80 - create IPUIPlugin
2025-02-03 17:40:51,594 [INFO] IPUIPlugin:80 - create IPUIPlugin
2025-02-03 17:40:51,594 [INFO] IPUIPlugin:80 - create IPUIPlugin
2025-02-03 17:40:51,594 [INFO] IPUIPlugin:80 - create IPUIPlugin
2025-02-03 17:40:51,594 [INFO] IPUIPlugin:80 - create IPUIPlugin
2025-02-03 17:40:51,594 [INFO] IPUIPlugin:80 - create IPUIPlugin
2025-02-03 17:40:51,594 [INFO] IPUIPlugin:80 - create IPUIPlugin
2025-02-03 17:40:51,594 [INFO] IPUIPlugin:80 - create IPUIPlugin
2025-02-03 17:40:51,594 [INFO] IPUIPlugin:80 - create IPUIPlugin
2025-02-03 17:40:51,595 [INFO] IPUIPlugin:80 - create IPUIPlugin
2025-02-03 17:40:51,595 [INFO] IPUIPlugin:80 - create IPUIPlugin
2025-02-03 17:40:51,595 [INFO] IPUIPlugin:80 - create IPUIPlugin
2025-02-03 17:40:51,595 [INFO] IPUIPlugin:80 - create IPUIPlugin
2025-02-03 17:40:51,595 [INFO] IPUIPlugin:80 - create IPUIPlugin
2025-02-03 17:40:51,595 [INFO] IPUIPlugin:80 - create IPUIPlugin
2025-02-03 17:40:51,595 [INFO] IPUIPlugin:80 - create IPUIPlugin
2025-02-03 17:40:51,595 [INFO] IPUIPlugin:80 - create IPUIPlugin
2025-02-03 17:40:51,595 [INFO] IPUIPlugin:80 - create IPUIPlugin
2025-02-03 17:40:51,595 [INFO] IPUIPlugin:80 - create IPUIPlugin
2025-02-03 17:40:51,753 [INFO] CADModel:165 - CPN selected for project levelSTM32F030F4P6
2025-02-03 17:40:51,753 [INFO] CADModel:114 - Register for checkConnection events
2025-02-03 17:40:51,797 [INFO] OpenFileManager:343 - Restore cursor
2025-02-03 17:40:52,201 [INFO] UtilMem:75 - End SaveConfig() Used Memory: 863614944 Bytes (1073741824)
2025-02-03 17:40:53,325 [INFO] ServerAccessManage:473 - Download File stm32cube_fw_f0_v1110.zip
2025-02-03 17:41:04,350 [ERROR] FileExtend:455 - File entry not found
2025-02-03 17:41:04,350 [INFO] FileExtend:240 - Unzip File : stm32cube_fw_f0_v1110.zip
2025-02-03 17:41:04,350 [INFO] FileExtend:255 - Standard Zip Deflate
2025-02-03 17:41:16,089 [INFO] ServerAccessManage:473 - Download File stm32cube_fw_f0_v1115.zip
2025-02-03 17:41:21,676 [INFO] FileExtend:240 - Unzip File : stm32cube_fw_f0_v1115.zip
2025-02-03 17:41:21,676 [INFO] FileExtend:255 - Standard Zip Deflate
2025-02-03 17:41:28,293 [INFO] LoadServerPackagesThread:196 - End of LoadServerPackages Thread
2025-02-03 17:41:28,452 [INFO] ThirdPartyModel:298 - Start build external matchings
2025-02-03 17:41:28,467 [INFO] UtilMem:75 - End SaveConfig() Used Memory: 715677872 Bytes (1073741824)
2025-02-03 17:41:28,932 [INFO] BlockDiagram:2759 - set Specific Code input for plugin: NVIC
2025-02-03 17:41:28,932 [INFO] BlockDiagram:2759 - set Specific Code input for plugin: RCC
2025-02-03 17:41:28,933 [INFO] CodeGenerator:807 - code generatio: config db path: C:\ST\STM32CubeIDE_1.10.1\STM32CubeIDE\plugins\com.st.stm32cube.common.mx_6.11.1.202404110753\\db\
2025-02-03 17:41:29,087 [INFO] CodeEngine:255 - oldGeneratedFile, D:\Download\DeleteThis\CurrentShunt\MXTmpFiles\license.tmp_save
2025-02-03 17:41:29,358 [INFO] CodeEngine:279 - Generated code: D:\Download\DeleteThis\CurrentShunt\MXTmpFiles\license.tmp
2025-02-03 17:41:29,371 [INFO] CodeEngine:255 - oldGeneratedFile, D:\Download\DeleteThis\CurrentShunt\Core\Src\stm32f0xx_it.c_save
2025-02-03 17:41:29,590 [INFO] CodeEngine:279 - Generated code: D:\Download\DeleteThis\CurrentShunt\Core\Src\stm32f0xx_it.c
2025-02-03 17:41:29,593 [INFO] CodeEngine:255 - oldGeneratedFile, D:\Download\DeleteThis\CurrentShunt\Core\Inc\stm32f0xx_it.h_save
2025-02-03 17:41:29,739 [INFO] CodeEngine:279 - Generated code: D:\Download\DeleteThis\CurrentShunt\Core\Inc\stm32f0xx_it.h
2025-02-03 17:41:29,853 [INFO] CodeEngine:255 - oldGeneratedFile, D:\Download\DeleteThis\CurrentShunt\Core\Src\stm32f0xx_hal_msp.c_save
2025-02-03 17:41:29,957 [INFO] CodeEngine:279 - Generated code: D:\Download\DeleteThis\CurrentShunt\Core\Src\stm32f0xx_hal_msp.c
2025-02-03 17:41:29,960 [INFO] CodeEngine:255 - oldGeneratedFile, D:\Download\DeleteThis\CurrentShunt\MXTmpFiles\system.tmp_save
2025-02-03 17:41:30,029 [INFO] CodeEngine:279 - Generated code: D:\Download\DeleteThis\CurrentShunt\MXTmpFiles\system.tmp
2025-02-03 17:41:30,047 [INFO] CodeEngine:311 - oldGeneratedFile, D:\Download\DeleteThis\CurrentShunt\Core\Inc\stm32f0xx_hal_conf.h_save
2025-02-03 17:41:30,149 [INFO] CodeEngine:335 - Generated code: D:\Download\DeleteThis\CurrentShunt\Core\Inc\stm32f0xx_hal_conf.h
2025-02-03 17:41:30,210 [INFO] CodeEngine:255 - oldGeneratedFile, D:\Download\DeleteThis\CurrentShunt\Core\Inc\main.h_save
2025-02-03 17:41:30,320 [INFO] CodeEngine:279 - Generated code: D:\Download\DeleteThis\CurrentShunt\Core\Inc\main.h
2025-02-03 17:41:30,322 [INFO] CodeEngine:255 - oldGeneratedFile, D:\Download\DeleteThis\CurrentShunt\Core\Src\main.c_save
2025-02-03 17:41:30,436 [INFO] CodeEngine:279 - Generated code: D:\Download\DeleteThis\CurrentShunt\Core\Src\main.c
2025-02-03 17:41:30,688 [INFO] ProjectBuilder:3163 - Time for Copy HAL[1] : 112mS.
2025-02-03 17:41:30,693 [INFO] ProjectBuilder:4736 - Project Generator version: 4.3.0-B58
2025-02-03 17:41:30,761 [INFO] ConfigFileManager:1503 - The Die is : DIE444
2025-02-03 17:41:30,777 [INFO] ApiDbMcu:508 - Load IP Config File for FATFS
2025-02-03 17:41:30,797 [INFO] ApiDbMcu:508 - Load IP Config File for FREERTOS
2025-02-03 17:41:31,005 [INFO] LogOutputStream:77 - [STDOUT_REDIRECT] 
2025-02-03 17:41:32,287 [INFO] ProjectBuilder:5002 - Time for Generating toolchain IDE Files: 1594mS.
2025-02-03 17:41:32,288 [INFO] ProjectBuilder:3034 - Time for Copy CMSIS : 1mS.
2025-02-03 17:41:32,290 [INFO] ProjectBuilder:3034 - Time for Copy CMSIS : 0mS.
2025-02-03 17:41:32,699 [INFO] McuFinderGlobals:76 - Set McuFinderConnectedMode to true
2025-02-03 17:41:32,701 [INFO] ApiDb:448 - Save user favorites file C:\Users\saksh/.stm32cubeide/favorites.mcus.txt: 1 item(s)
2025-02-03 17:41:32,702 [INFO] ApiDb:452 - User favorites MCUs=[STM32F103C8T6]
2025-02-03 17:41:33,428 [INFO] ThirdPartyModel:316 - End build external matchings
2025-02-03 17:41:33,503 [INFO] CheckServerUpdateThread:120 - End of CheckServer Thread
2025-02-03 17:59:39,861 [INFO] UtilMem:75 - End SaveConfig() Used Memory: 798790008 Bytes (1073741824)
2025-02-03 18:11:04,994 [ERROR] LogOutputStream:75 - [STDERR_REDIRECT] 
