2024-05-19 02:05:02,320 [INFO] Activator:176 - 


2024-05-19 02:05:02,326 [INFO] Activator:177 - !SESSION log4j initialized
2024-05-19 02:05:07,664 [INFO] LogOutputStream:77 - [STDOUT_REDIRECT] 
2024-05-19 02:05:09,539 [INFO] ApplicationProperties:184 - Using Application install path: C:\ST\STM32CubeIDE_1.10.1\STM32CubeIDE\plugins\com.st.stm32cube.common.mx_6.11.1.202404110753
2024-05-19 02:05:09,556 [INFO] DbMcusXml:78 - Set database path to: C:\ST\STM32CubeIDE_1.10.1\STM32CubeIDE\plugins\com.st.stm32cube.common.mx_6.11.1.202404110753\\db\/mcu/
2024-05-19 02:05:09,556 [INFO] ApiDb:274 - Set plugin database path to: C:\ST\STM32CubeIDE_1.10.1\STM32CubeIDE\plugins\com.st.stm32cube.common.mx_6.11.1.202404110753\\db\/plugins/boardmanager/
2024-05-19 02:05:09,557 [WARN] ApiDb:259 - Overriding images path with different value:  => C:\ST\STM32CubeIDE_1.10.1\STM32CubeIDE\plugins\com.st.stm32cube.common.mx_6.11.1.202404110753\\db\/plugins/mcufinder/images/
2024-05-19 02:05:09,563 [INFO] ApiDb:250 - Set database path to: C:\Users\saksh\.stmcufinder\plugins\mcufinder//mcu/
2024-05-19 02:05:09,564 [INFO] DbMcusAds:125 - Set database path to: C:\Users\saksh\.stmcufinder\plugins\mcufinder//mcu/
2024-05-19 02:05:09,566 [INFO] CrossReferenceDbSqlite:203 - Set database path to: C:\Users\saksh\.stmcufinder\plugins\mcufinder//mcu/cs/
2024-05-19 02:05:09,653 [INFO] RulesReader:64 - Compatibility file has been processed (297 Rules)
2024-05-19 02:05:09,717 [INFO] DbMcusXml:78 - Set database path to: C:\ST\STM32CubeIDE_1.10.1\STM32CubeIDE\plugins\com.st.stm32cube.common.mx_6.11.1.202404110753\\db\/mcu/
2024-05-19 02:05:09,717 [INFO] ApiDb:274 - Set plugin database path to: C:\ST\STM32CubeIDE_1.10.1\STM32CubeIDE\plugins\com.st.stm32cube.common.mx_6.11.1.202404110753\\db\/plugins/boardmanager/
2024-05-19 02:05:09,717 [INFO] ApiDb:261 - Set plugin images path to: C:\ST\STM32CubeIDE_1.10.1\STM32CubeIDE\plugins\com.st.stm32cube.common.mx_6.11.1.202404110753\\db\/plugins/mcufinder/images/
2024-05-19 02:05:09,717 [WARN] DbFile:41 - Overriding database path with different value: C:\Users\saksh\.stmcufinder\plugins\mcufinder/ => C:\Users\saksh\.stmcufinder\plugins\mcufinder
2024-05-19 02:05:09,717 [INFO] ApiDb:250 - Set database path to: C:\Users\saksh\.stmcufinder\plugins\mcufinder//mcu/
2024-05-19 02:05:09,717 [WARN] DbFile:41 - Overriding database path with different value: C:\Users\saksh\.stmcufinder\plugins\mcufinder/ => C:\Users\saksh\.stmcufinder\plugins\mcufinder
2024-05-19 02:05:09,717 [INFO] DbMcusAds:125 - Set database path to: C:\Users\saksh\.stmcufinder\plugins\mcufinder//mcu/
2024-05-19 02:05:09,717 [WARN] DbFile:41 - Overriding database path with different value: C:\Users\saksh\.stmcufinder\plugins\mcufinder/ => C:\Users\saksh\.stmcufinder\plugins\mcufinder
2024-05-19 02:05:09,718 [WARN] DbFile:41 - Overriding database path with different value: C:\Users\saksh\.stmcufinder\plugins\mcufinder/ => C:\Users\saksh\.stmcufinder\plugins\mcufinder
2024-05-19 02:05:09,718 [INFO] CrossReferenceDbSqlite:203 - Set database path to: C:\Users\saksh\.stmcufinder\plugins\mcufinder//mcu/cs/
2024-05-19 02:05:09,791 [INFO] MainPanel:264 - HeapMemory: 268435456
2024-05-19 02:05:09,871 [INFO] DbMcusXml:78 - Set database path to: C:\ST\STM32CubeIDE_1.10.1\STM32CubeIDE\plugins\com.st.stm32cube.common.mx_6.11.1.202404110753\\db\/mcu/
2024-05-19 02:05:09,871 [INFO] ApiDb:274 - Set plugin database path to: C:\ST\STM32CubeIDE_1.10.1\STM32CubeIDE\plugins\com.st.stm32cube.common.mx_6.11.1.202404110753\\db\/plugins/boardmanager/
2024-05-19 02:05:09,871 [INFO] ApiDb:261 - Set plugin images path to: C:\ST\STM32CubeIDE_1.10.1\STM32CubeIDE\plugins\com.st.stm32cube.common.mx_6.11.1.202404110753\\db\/plugins/mcufinder/images/
2024-05-19 02:05:09,871 [WARN] DbFile:41 - Overriding database path with different value: C:\Users\saksh\.stmcufinder\plugins\mcufinder/ => C:\Users\saksh\.stmcufinder\plugins\mcufinder
2024-05-19 02:05:09,871 [INFO] ApiDb:250 - Set database path to: C:\Users\saksh\.stmcufinder\plugins\mcufinder//mcu/
2024-05-19 02:05:09,871 [WARN] DbFile:41 - Overriding database path with different value: C:\Users\saksh\.stmcufinder\plugins\mcufinder/ => C:\Users\saksh\.stmcufinder\plugins\mcufinder
2024-05-19 02:05:09,871 [INFO] DbMcusAds:125 - Set database path to: C:\Users\saksh\.stmcufinder\plugins\mcufinder//mcu/
2024-05-19 02:05:09,871 [WARN] DbFile:41 - Overriding database path with different value: C:\Users\saksh\.stmcufinder\plugins\mcufinder/ => C:\Users\saksh\.stmcufinder\plugins\mcufinder
2024-05-19 02:05:09,871 [WARN] DbFile:41 - Overriding database path with different value: C:\Users\saksh\.stmcufinder\plugins\mcufinder/ => C:\Users\saksh\.stmcufinder\plugins\mcufinder
2024-05-19 02:05:09,871 [INFO] CrossReferenceDbSqlite:203 - Set database path to: C:\Users\saksh\.stmcufinder\plugins\mcufinder//mcu/cs/
2024-05-19 02:05:09,887 [INFO] ApplicationProperties:184 - Using Application install path: C:\ST\STM32CubeIDE_1.10.1\STM32CubeIDE\plugins\com.st.stm32cube.common.mx_6.11.1.202404110753
2024-05-19 02:05:09,889 [INFO] PluginManage:196 - Search for loadable plugins [exclusion list=, ]
2024-05-19 02:05:09,890 [INFO] PluginManage:310 - Check plugin analytics
2024-05-19 02:05:10,006 [INFO] AnalyticsPlugin:253 - Accepted Software Licenses: 
2024-05-19 02:05:10,006 [INFO] AnalyticsPlugin:255 - Accepted CMSIS Pack Licenses: 
2024-05-19 02:05:10,006 [INFO] AnalyticsPlugin:257 - Accepted Firmware Licenses: FW.H7.1.10.0,FW.G4.1.5.0
2024-05-19 02:05:10,006 [INFO] PluginManage:359 - Loaded plugin analytics (category:tool,tabindex:-1)
2024-05-19 02:05:10,006 [INFO] PluginManage:310 - Check plugin cadmodel
2024-05-19 02:05:10,020 [INFO] CADModel:105 - Init CAD model plugin
2024-05-19 02:05:10,020 [INFO] PluginManage:359 - Loaded plugin cadmodel (category:power,tabindex:5)
2024-05-19 02:05:10,020 [INFO] PluginManage:310 - Check plugin clock
2024-05-19 02:05:10,036 [INFO] PluginManage:359 - Loaded plugin clock (category:base,tabindex:2)
2024-05-19 02:05:10,036 [INFO] PluginManage:310 - Check plugin ddr
2024-05-19 02:05:10,038 [INFO] PluginManage:359 - Loaded plugin ddr (category:tool,tabindex:6)
2024-05-19 02:05:10,038 [INFO] PluginManage:310 - Check plugin filemanager
2024-05-19 02:05:10,144 [INFO] PluginManage:359 - Loaded plugin filemanager (category:base,tabindex:10)
2024-05-19 02:05:10,144 [INFO] PluginManage:310 - Check plugin ipmanager
2024-05-19 02:05:10,149 [INFO] PluginManage:359 - Loaded plugin ipmanager (category:base,tabindex:5)
2024-05-19 02:05:10,149 [INFO] PluginManage:310 - Check plugin lpbam
2024-05-19 02:05:10,166 [INFO] PluginManage:359 - Loaded plugin lpbam (category:base,tabindex:0)
2024-05-19 02:05:10,166 [INFO] PluginManage:310 - Check plugin memorymap
2024-05-19 02:05:10,185 [INFO] PluginManage:359 - Loaded plugin memorymap (category:base,tabindex:4)
2024-05-19 02:05:10,185 [INFO] PluginManage:310 - Check plugin pinoutandconfiguration
2024-05-19 02:05:10,200 [INFO] PluginManage:359 - Loaded plugin pinoutandconfiguration (category:base,tabindex:1)
2024-05-19 02:05:10,201 [INFO] PluginManage:310 - Check plugin pinoutconfig
2024-05-19 02:05:10,283 [WARN] SupportedApi:132 - Cannot load RTOS API schema: s4s-elt-must-match.1: The content of 'definitions' must match (annotation?, (simpleType | complexType)?, (unique | key | keyref)*)). A problem was found starting at: attribute.
2024-05-19 02:05:10,388 [INFO] PluginManage:359 - Loaded plugin pinoutconfig (category:base,tabindex:0)
2024-05-19 02:05:10,388 [INFO] PluginManage:310 - Check plugin power
2024-05-19 02:05:10,404 [INFO] PluginManage:359 - Loaded plugin power (category:power,tabindex:4)
2024-05-19 02:05:10,404 [INFO] PluginManage:310 - Check plugin projectmanager
2024-05-19 02:05:10,416 [INFO] PluginManage:359 - Loaded plugin projectmanager (category:projectmanager,tabindex:3)
2024-05-19 02:05:10,416 [INFO] PluginManage:310 - Check plugin thirdparty
2024-05-19 02:05:10,726 [INFO] PluginManage:359 - Loaded plugin thirdparty (category:base,tabindex:-1)
2024-05-19 02:05:10,726 [WARN] IntegrityCheckThread:84 - waiting for thirdparty lock release [integrity check]
2024-05-19 02:05:10,726 [INFO] PluginManage:310 - Check plugin tools
2024-05-19 02:05:10,727 [INFO] IntegrityCheckThread:86 - entering critical section [integrity check]
2024-05-19 02:05:10,727 [INFO] ThirdPartyUpdaterWithRetryManager:70 - Updater plugin not ready yet. [1/15]
2024-05-19 02:05:10,770 [INFO] PluginManage:359 - Loaded plugin tools (category:base,tabindex:7)
2024-05-19 02:05:10,770 [INFO] PluginManage:310 - Check plugin tutovideos
2024-05-19 02:05:10,927 [INFO] PluginManage:359 - Loaded plugin tutovideos (category:base,tabindex:-1)
2024-05-19 02:05:10,927 [INFO] PluginManage:310 - Check plugin updater
2024-05-19 02:05:10,938 [INFO] PluginManage:359 - Loaded plugin updater (category:base,tabindex:12)
2024-05-19 02:05:10,938 [INFO] PluginManage:310 - Check plugin userauth
2024-05-19 02:05:10,943 [INFO] UserAuth:114 - Init User Auth plugin
2024-05-19 02:05:10,943 [INFO] PluginManage:359 - Loaded plugin userauth (category:base,tabindex:14)
2024-05-19 02:05:10,943 [INFO] PluginManage:283 - PluginManage : Loaded plugins [17]
2024-05-19 02:05:11,116 [INFO] PinOutPanel:1561 - setPackage(No Configuration,No Configuration)
2024-05-19 02:05:11,191 [INFO] CADModel:165 - CPN selected for project level
2024-05-19 02:05:11,191 [INFO] CADModel:114 - Register for checkConnection events
2024-05-19 02:05:11,223 [INFO] IPUIPlugin:80 - create IPUIPlugin
2024-05-19 02:05:11,223 [INFO] PluginManager:220 - loadIPPluginJar : add adc
2024-05-19 02:05:11,264 [INFO] IPUIPlugin:80 - create IPUIPlugin
2024-05-19 02:05:11,264 [INFO] PluginManager:220 - loadIPPluginJar : add aes
2024-05-19 02:05:11,313 [INFO] IPUIPlugin:80 - create IPUIPlugin
2024-05-19 02:05:11,313 [INFO] PluginManager:220 - loadIPPluginJar : add can
2024-05-19 02:05:11,342 [INFO] IPUIPlugin:80 - create IPUIPlugin
2024-05-19 02:05:11,342 [INFO] PluginManager:220 - loadIPPluginJar : add comp
2024-05-19 02:05:11,373 [INFO] IPUIPlugin:80 - create IPUIPlugin
2024-05-19 02:05:11,374 [INFO] PluginManager:220 - loadIPPluginJar : add cryp
2024-05-19 02:05:11,404 [INFO] IPUIPlugin:80 - create IPUIPlugin
2024-05-19 02:05:11,404 [INFO] PluginManager:220 - loadIPPluginJar : add dfsdm
2024-05-19 02:05:11,417 [INFO] IPUIPlugin:80 - create IPUIPlugin
2024-05-19 02:05:11,417 [INFO] PluginManager:220 - loadIPPluginJar : add dma
2024-05-19 02:05:11,455 [INFO] IPUIPlugin:80 - create IPUIPlugin
2024-05-19 02:05:11,455 [INFO] PluginManager:220 - loadIPPluginJar : add dma3
2024-05-19 02:05:11,496 [INFO] IPUIPlugin:80 - create IPUIPlugin
2024-05-19 02:05:11,496 [INFO] PluginManager:220 - loadIPPluginJar : add extmemmanager
2024-05-19 02:05:11,521 [INFO] IPUIPlugin:80 - create IPUIPlugin
2024-05-19 02:05:11,521 [INFO] PluginManager:220 - loadIPPluginJar : add fatfs
2024-05-19 02:05:11,582 [INFO] IPUIPlugin:80 - create IPUIPlugin
2024-05-19 02:05:11,582 [INFO] PluginManager:220 - loadIPPluginJar : add fmc
2024-05-19 02:05:11,596 [INFO] IPUIPlugin:80 - create IPUIPlugin
2024-05-19 02:05:11,596 [INFO] PluginManager:220 - loadIPPluginJar : add freertos
2024-05-19 02:05:11,628 [INFO] IPUIPlugin:80 - create IPUIPlugin
2024-05-19 02:05:11,628 [INFO] PluginManager:220 - loadIPPluginJar : add genericplugin
2024-05-19 02:05:11,756 [INFO] IPUIPlugin:80 - create IPUIPlugin
2024-05-19 02:05:11,757 [INFO] PluginManager:220 - loadIPPluginJar : add gfxmmu
2024-05-19 02:05:11,931 [INFO] IPUIPlugin:80 - create IPUIPlugin
2024-05-19 02:05:11,931 [INFO] PluginManager:220 - loadIPPluginJar : add gic
2024-05-19 02:05:11,945 [INFO] IPUIPlugin:80 - create IPUIPlugin
2024-05-19 02:05:11,945 [INFO] PluginManager:220 - loadIPPluginJar : add gpio
2024-05-19 02:05:12,059 [INFO] IPUIPlugin:80 - create IPUIPlugin
2024-05-19 02:05:12,059 [INFO] PluginManager:220 - loadIPPluginJar : add gtzc
2024-05-19 02:05:12,093 [INFO] IPUIPlugin:80 - create IPUIPlugin
2024-05-19 02:05:12,093 [INFO] PluginManager:220 - loadIPPluginJar : add hash
2024-05-19 02:05:12,142 [INFO] IPUIPlugin:80 - create IPUIPlugin
2024-05-19 02:05:12,142 [INFO] PluginManager:220 - loadIPPluginJar : add i2c
2024-05-19 02:05:12,170 [INFO] IPUIPlugin:80 - create IPUIPlugin
2024-05-19 02:05:12,170 [INFO] PluginManager:220 - loadIPPluginJar : add i2s
2024-05-19 02:05:12,202 [INFO] IPUIPlugin:80 - create IPUIPlugin
2024-05-19 02:05:12,202 [INFO] PluginManager:220 - loadIPPluginJar : add i3c
2024-05-19 02:05:12,286 [INFO] IPUIPlugin:80 - create IPUIPlugin
2024-05-19 02:05:12,286 [INFO] PluginManager:220 - loadIPPluginJar : add ipddr
2024-05-19 02:05:12,354 [INFO] IPUIPlugin:80 - create IPUIPlugin
2024-05-19 02:05:12,354 [INFO] PluginManager:220 - loadIPPluginJar : add linkedlist
2024-05-19 02:05:12,384 [INFO] IPUIPlugin:80 - create IPUIPlugin
2024-05-19 02:05:12,384 [INFO] PluginManager:220 - loadIPPluginJar : add lorawan
2024-05-19 02:05:12,413 [INFO] IPUIPlugin:80 - create IPUIPlugin
2024-05-19 02:05:12,413 [INFO] PluginManager:220 - loadIPPluginJar : add ltdc
2024-05-19 02:05:12,424 [INFO] IPUIPlugin:80 - create IPUIPlugin
2024-05-19 02:05:12,424 [INFO] PluginManager:220 - loadIPPluginJar : add mdma
2024-05-19 02:05:12,433 [INFO] IPUIPlugin:80 - create IPUIPlugin
2024-05-19 02:05:12,433 [INFO] PluginManager:220 - loadIPPluginJar : add nvic
2024-05-19 02:05:12,464 [INFO] IPUIPlugin:80 - create IPUIPlugin
2024-05-19 02:05:12,464 [INFO] PluginManager:220 - loadIPPluginJar : add opamp
2024-05-19 02:05:12,514 [INFO] IPUIPlugin:80 - create IPUIPlugin
2024-05-19 02:05:12,514 [INFO] PluginManager:220 - loadIPPluginJar : add openamp
2024-05-19 02:05:12,555 [INFO] IPUIPlugin:80 - create IPUIPlugin
2024-05-19 02:05:12,555 [INFO] PluginManager:220 - loadIPPluginJar : add pdm2pcm
2024-05-19 02:05:12,564 [INFO] IPUIPlugin:80 - create IPUIPlugin
2024-05-19 02:05:12,567 [INFO] PluginManager:220 - loadIPPluginJar : add plateformsettings
2024-05-19 02:05:12,584 [INFO] IPUIPlugin:80 - create IPUIPlugin
2024-05-19 02:05:12,584 [INFO] PluginManager:220 - loadIPPluginJar : add quadspi
2024-05-19 02:05:12,594 [INFO] IPUIPlugin:80 - create IPUIPlugin
2024-05-19 02:05:12,594 [INFO] PluginManager:220 - loadIPPluginJar : add resmgrutility
2024-05-19 02:05:12,637 [INFO] IPUIPlugin:80 - create IPUIPlugin
2024-05-19 02:05:12,638 [INFO] PluginManager:220 - loadIPPluginJar : add sai
2024-05-19 02:05:12,665 [INFO] IPUIPlugin:80 - create IPUIPlugin
2024-05-19 02:05:12,665 [INFO] PluginManager:220 - loadIPPluginJar : add spi
2024-05-19 02:05:12,725 [INFO] IPUIPlugin:80 - create IPUIPlugin
2024-05-19 02:05:12,726 [INFO] PluginManager:220 - loadIPPluginJar : add stm32_wpan
2024-05-19 02:05:12,750 [INFO] IPUIPlugin:80 - create IPUIPlugin
2024-05-19 02:05:12,750 [INFO] PluginManager:220 - loadIPPluginJar : add tim
2024-05-19 02:05:12,796 [INFO] IPUIPlugin:80 - create IPUIPlugin
2024-05-19 02:05:12,796 [INFO] PluginManager:220 - loadIPPluginJar : add touchsensing
2024-05-19 02:05:12,812 [INFO] IPUIPlugin:80 - create IPUIPlugin
2024-05-19 02:05:12,812 [INFO] PluginManager:220 - loadIPPluginJar : add tracer_emb
2024-05-19 02:05:12,830 [INFO] IPUIPlugin:80 - create IPUIPlugin
2024-05-19 02:05:12,830 [INFO] PluginManager:220 - loadIPPluginJar : add ts
2024-05-19 02:05:12,846 [INFO] IPUIPlugin:80 - create IPUIPlugin
2024-05-19 02:05:12,846 [INFO] PluginManager:220 - loadIPPluginJar : add tsc
2024-05-19 02:05:12,862 [INFO] IPUIPlugin:80 - create IPUIPlugin
2024-05-19 02:05:12,862 [INFO] PluginManager:220 - loadIPPluginJar : add ucpd
2024-05-19 02:05:12,896 [INFO] IPUIPlugin:80 - create IPUIPlugin
2024-05-19 02:05:12,896 [INFO] PluginManager:220 - loadIPPluginJar : add usart
2024-05-19 02:05:12,937 [INFO] IPUIPlugin:80 - create IPUIPlugin
2024-05-19 02:05:12,938 [INFO] PluginManager:220 - loadIPPluginJar : add usbx
2024-05-19 02:05:13,048 [INFO] CADModel:165 - CPN selected for project level
2024-05-19 02:05:13,048 [INFO] CADModel:114 - Register for checkConnection events
2024-05-19 02:05:13,048 [FATAL] Updater:308 - Updater called before beeing initialized
2024-05-19 02:05:13,049 [ERROR] CADModel:125 - Updater not yet initialized, retry later 
2024-05-19 02:05:13,151 [INFO] CADModel:165 - CPN selected for project level
2024-05-19 02:05:13,151 [INFO] CADModel:114 - Register for checkConnection events
2024-05-19 02:05:13,151 [FATAL] Updater:308 - Updater called before beeing initialized
2024-05-19 02:05:13,151 [ERROR] CADModel:125 - Updater not yet initialized, retry later 
2024-05-19 02:05:13,154 [FATAL] Updater:308 - Updater called before beeing initialized
2024-05-19 02:05:13,229 [FATAL] Updater:308 - Updater called before beeing initialized
2024-05-19 02:05:13,238 [INFO] DbMcusAds:53 - JSON generation date=Wed Nov 29 16:22:27 IST 2023 (1701255147349)
2024-05-19 02:05:13,238 [FATAL] Updater:308 - Updater called before beeing initialized
2024-05-19 02:05:13,303 [WARN] DetailPanel:346 - Failed to get advertising image, set to default
2024-05-19 02:05:13,394 [FATAL] Updater:308 - Updater called before beeing initialized
2024-05-19 02:05:13,397 [FATAL] Updater:308 - Updater called before beeing initialized
2024-05-19 02:05:13,397 [FATAL] Updater:308 - Updater called before beeing initialized
2024-05-19 02:05:13,397 [WARN] DetailPanel:346 - Failed to get advertising image, set to default
2024-05-19 02:05:13,398 [FATAL] Updater:308 - Updater called before beeing initialized
2024-05-19 02:05:13,471 [ERROR] Updater:1120 - MainUpdater not yet initialized. External WinMGr cannot be set.
2024-05-19 02:05:13,484 [INFO] Updater:1056 - Updater Version found : 6.11.1
2024-05-19 02:05:13,507 [INFO] ApplicationProperties:184 - Using Application install path: C:\ST\STM32CubeIDE_1.10.1\STM32CubeIDE\plugins\com.st.stm32cube.common.mx_6.11.1.202404110753
2024-05-19 02:05:13,730 [INFO] ThirdPartyUpdaterWithRetryManager:70 - Updater plugin not ready yet. [2/15]
2024-05-19 02:05:15,085 [ERROR] LogOutputStream:75 - [STDERR_REDIRECT] May 19, 2024 2:05:15 AM java.util.prefs.WindowsPreferences <init>
2024-05-19 02:05:15,086 [ERROR] LogOutputStream:75 - [STDERR_REDIRECT] WARNING: Could not open/create prefs root node Software\JavaSoft\Prefs at root 0xffffffff80000002. Windows RegCreateKeyEx(...) returned error code 5.
2024-05-19 02:05:15,086 [ERROR] LogOutputStream:75 - [STDERR_REDIRECT] 
2024-05-19 02:05:16,369 [INFO] MainUpdater:2873 - connection check result : 10
2024-05-19 02:05:16,369 [INFO] MainUpdater:3567 - Updater definition file requires update
2024-05-19 02:05:16,371 [INFO] MainUpdater:290 - Updater Check For Update Now.
2024-05-19 02:05:16,371 [INFO] MicroXplorer:498 - Change Database Version : DB.6.0.111
2024-05-19 02:05:16,390 [INFO] McuFinderGlobals:63 - Set McuFinder mode to 2 (CubeIDE integrated)
2024-05-19 02:05:16,390 [INFO] UserAuth:179 - activating auth plugin
2024-05-19 02:05:16,394 [INFO] UserAuth:415 - Internet connection configuration mode: 1
2024-05-19 02:05:16,423 [INFO] JxBrowserEngine:152 - Initiate JxBrowser Engine with user profile folder
2024-05-19 02:05:16,741 [WARN] MainUpdater:1194 - Updater busy. Cannot search thirdparties
2024-05-19 02:05:16,741 [INFO] ThirdPartyUpdaterWithRetryManager:96 - Updater plugin is busy. [1/15]
2024-05-19 02:05:18,024 [INFO] ServerAccessManage:473 - Download File updaters.zip
2024-05-19 02:05:18,173 [INFO] FileExtend:240 - Unzip File : updaters.zip
2024-05-19 02:05:18,173 [INFO] FileExtend:255 - Standard Zip Deflate
2024-05-19 02:05:18,681 [INFO] ServerAccessManage:473 - Download File PacksControlFlags.xml
2024-05-19 02:05:19,120 [INFO] ServerAccessManage:473 - Download File cubemx.pidx
2024-05-19 02:05:19,189 [INFO] LoadServerUpdatesThread:375 - End of LoadServerUpdate Thread
2024-05-19 02:05:19,357 [INFO] CheckServerUpdateThread:120 - End of CheckServer Thread
2024-05-19 02:05:19,916 [WARN] PackLoader:240 - Cannot read IP mode file for STMicroelectronics.FP-SNS-MOTENVWB1.1.4.0
2024-05-19 02:05:19,931 [WARN] PackLoader:240 - Cannot read IP mode file for STMicroelectronics.X-CUBE-SMBUS.2.1.0
2024-05-19 02:05:19,944 [WARN] PackLoader:240 - Cannot read IP mode file for STMicroelectronics.X-CUBE-TOUCHGFX.4.23.1
2024-05-19 02:05:19,952 [WARN] PackLoader:240 - Cannot read IP mode file for STMicroelectronics.X-CUBE-TOUCHGFX.4.23.0
2024-05-19 02:05:19,959 [WARN] PackLoader:240 - Cannot read IP mode file for STMicroelectronics.X-CUBE-TOUCHGFX.4.23.2
2024-05-19 02:05:19,995 [WARN] PackLoader:240 - Cannot read IP mode file for STMicroelectronics.X-CUBE-AZRTOS-F7.1.1.0
2024-05-19 02:05:20,011 [ERROR] RealEvaluatedCondition:428 - Found unsupported composite condition: GROUP='STM32_MetaDataManager' CLASS='Data Exchange'
2024-05-19 02:05:20,011 [ERROR] RealEvaluatedCondition:428 - Found unsupported composite condition: GROUP='STM32_MetaDataManager' CLASS='Data Exchange'
2024-05-19 02:05:20,013 [WARN] PackLoader:240 - Cannot read IP mode file for STMicroelectronics.FP-SNS-MOTENV1.4.3.0
2024-05-19 02:05:20,027 [WARN] PackLoader:240 - Cannot read IP mode file for STMicroelectronics.FP-SNS-MOTENV1.4.3.2
2024-05-19 02:05:20,038 [WARN] PackLoader:240 - Cannot read IP mode file for STMicroelectronics.FP-SNS-FLIGHT1.5.0.0
2024-05-19 02:05:20,048 [ERROR] RealEvaluatedCondition:428 - Found unsupported composite condition: CLASS='Data Exchange' GROUP='STM32_MetaDataManager'
2024-05-19 02:05:20,048 [ERROR] RealEvaluatedCondition:428 - Found unsupported composite condition: GROUP='STM32_MetaDataManager' CLASS='Data Exchange'
2024-05-19 02:05:20,049 [WARN] PackLoader:240 - Cannot read IP mode file for STMicroelectronics.FP-SNS-MOTENV1.4.3.1
2024-05-19 02:05:20,059 [WARN] PackLoader:240 - Cannot read IP mode file for STMicroelectronics.FP-SNS-FLIGHT1.5.0.1
2024-05-19 02:05:20,069 [WARN] PackLoader:240 - Cannot read IP mode file for STMicroelectronics.X-CUBE-BLE1.6.2.3
2024-05-19 02:05:20,080 [WARN] PackLoader:240 - Cannot read IP mode file for STMicroelectronics.X-CUBE-BLE1.6.2.4
2024-05-19 02:05:20,090 [WARN] PackLoader:240 - Cannot read IP mode file for STMicroelectronics.FP-SNS-FLIGHT1.5.0.2
2024-05-19 02:05:20,103 [WARN] PackLoader:240 - Cannot read IP mode file for STMicroelectronics.X-CUBE-TOF1.3.1.0
2024-05-19 02:05:20,118 [WARN] PackLoader:240 - Cannot read IP mode file for STMicroelectronics.X-CUBE-DISPLAY.3.0.0
2024-05-19 02:05:20,129 [WARN] PackLoader:240 - Cannot read IP mode file for STMicroelectronics.X-CUBE-BLE1.7.0.0
2024-05-19 02:05:20,138 [WARN] PackLoader:240 - Cannot read IP mode file for STMicroelectronics.X-CUBE-TOUCHGFX.4.22.0
2024-05-19 02:05:20,179 [WARN] PackLoader:240 - Cannot read IP mode file for STMicroelectronics.X-CUBE-MEMS1.9.3.0
2024-05-19 02:05:20,299 [WARN] PackLoader:240 - Cannot read IP mode file for STMicroelectronics.X-CUBE-AI.7.2.0
2024-05-19 02:05:20,317 [WARN] PackLoader:240 - Cannot read IP mode file for STMicroelectronics.X-CUBE-BLEMGR.3.1.0
2024-05-19 02:05:20,331 [WARN] PackLoader:240 - Cannot read IP mode file for STMicroelectronics.FP-SNS-SMARTAG2.1.2.0
2024-05-19 02:05:20,353 [INFO] LogOutputStream:77 - [STDOUT_REDIRECT] 1 : Invalid condition id : UX_CORESTACK_Condition cause : null
2024-05-19 02:05:20,353 [INFO] LogOutputStream:77 - [STDOUT_REDIRECT] 1 : Invalid condition id : UX_CORESTACK_Condition cause : null
2024-05-19 02:05:20,354 [INFO] LogOutputStream:77 - [STDOUT_REDIRECT] 1 : Invalid condition id : UX_CORESTACK_Condition cause : null
2024-05-19 02:05:20,354 [INFO] LogOutputStream:77 - [STDOUT_REDIRECT] 1 : Invalid condition id : UX_CORESTACK_Condition cause : null
2024-05-19 02:05:20,354 [INFO] LogOutputStream:77 - [STDOUT_REDIRECT] 1 : Invalid condition id : UX_CORESTACK_Condition cause : null
2024-05-19 02:05:20,357 [WARN] PackLoader:240 - Cannot read IP mode file for STMicroelectronics.X-CUBE-AZRTOS-WL.2.0.0
2024-05-19 02:05:20,370 [WARN] PackLoader:240 - Cannot read IP mode file for STMicroelectronics.FP-SNS-MOTENV1.5.0.0
2024-05-19 02:05:20,387 [WARN] PackLoader:240 - Cannot read IP mode file for WES.I-CUBE-Cesium.1.3.0
2024-05-19 02:05:20,401 [WARN] PackLoader:240 - Cannot read IP mode file for STMicroelectronics.X-CUBE-BLE2.3.3.0
2024-05-19 02:05:20,412 [WARN] PackLoader:240 - Cannot read IP mode file for STMicroelectronics.X-CUBE-DISPLAY.2.2.0
2024-05-19 02:05:20,427 [WARN] PackLoader:240 - Cannot read IP mode file for STMicroelectronics.X-CUBE-TOF1.3.2.0
2024-05-19 02:05:20,439 [WARN] PackLoader:240 - Cannot read IP mode file for STMicroelectronics.X-CUBE-ISPU.1.0.0
2024-05-19 02:05:20,471 [WARN] PackLoader:240 - Cannot read IP mode file for STMicroelectronics.X-CUBE-AZRTOS-H7.2.1.0
2024-05-19 02:05:20,487 [WARN] PackLoader:240 - Cannot read IP mode file for STMicroelectronics.X-CUBE-TCPP.4.1.0
2024-05-19 02:05:20,497 [WARN] PackLoader:240 - Cannot read IP mode file for STMicroelectronics.X-CUBE-TOUCHGFX.4.21.1
2024-05-19 02:05:20,507 [WARN] PackLoader:240 - Cannot read IP mode file for STMicroelectronics.X-CUBE-TOUCHGFX.4.21.3
2024-05-19 02:05:20,517 [WARN] PackLoader:240 - Cannot read IP mode file for STMicroelectronics.X-CUBE-TOUCHGFX.4.21.4
2024-05-19 02:05:20,556 [WARN] PackLoader:240 - Cannot read IP mode file for STMicroelectronics.X-CUBE-MEMS1.9.4.0
2024-05-19 02:05:20,671 [WARN] PackLoader:240 - Cannot read IP mode file for STMicroelectronics.X-CUBE-AI.7.3.0
2024-05-19 02:05:20,686 [WARN] PackLoader:240 - Cannot read IP mode file for STMicroelectronics.X-CUBE-ALGOBUILD.1.3.0
2024-05-19 02:05:20,716 [WARN] PackLoader:240 - Cannot read IP mode file for STMicroelectronics.X-CUBE-AZRTOS-G0.1.1.0
2024-05-19 02:05:20,804 [WARN] PackLoader:240 - Cannot read IP mode file for STMicroelectronics.X-CUBE-SAFEA1.1.2.2
2024-05-19 02:05:20,836 [WARN] PackLoader:240 - Cannot read IP mode file for STMicroelectronics.X-CUBE-NFC4.3.0.0
2024-05-19 02:05:20,926 [WARN] PackLoader:240 - Cannot read IP mode file for SEGGER.I-CUBE-embOS.1.2.0
2024-05-19 02:05:20,974 [WARN] PackLoader:240 - Cannot read IP mode file for STMicroelectronics.X-CUBE-BLEMGR.3.0.0
2024-05-19 02:05:20,993 [WARN] PackLoader:240 - Cannot read IP mode file for STMicroelectronics.X-CUBE-BLEMGR.1.3.0
2024-05-19 02:05:21,010 [WARN] PackLoader:240 - Cannot read IP mode file for STMicroelectronics.FP-ATR-SIGFOX1.3.2.0
2024-05-19 02:05:21,031 [WARN] PackLoader:240 - Cannot read IP mode file for STMicroelectronics.X-CUBE-EEPRMA1.5.1.0
2024-05-19 02:05:21,056 [WARN] PackLoader:240 - Cannot read IP mode file for emotas.I-CUBE-CANOPEN.1.1.2
2024-05-19 02:05:21,071 [WARN] PackLoader:240 - Cannot read IP mode file for STMicroelectronics.X-CUBE-TOUCHGFX.4.20.0
2024-05-19 02:05:21,115 [WARN] PackLoader:240 - Cannot read IP mode file for STMicroelectronics.X-CUBE-MEMS1.9.5.0
2024-05-19 02:05:21,278 [WARN] PackLoader:240 - Cannot read IP mode file for SEGGER.I-CUBE-embOS.1.3.1
2024-05-19 02:05:21,292 [INFO] WebApp:161 - Instantiating new browser for Auth
2024-05-19 02:05:21,324 [WARN] PackLoader:240 - Cannot read IP mode file for STMicroelectronics.X-CUBE-ALGOBUILD.1.4.0
2024-05-19 02:05:21,338 [WARN] PackLoader:240 - Cannot read IP mode file for STMicroelectronics.X-CUBE-GNSS1.6.0.0
2024-05-19 02:05:21,364 [WARN] PackLoader:240 - Cannot read IP mode file for STMicroelectronics.X-CUBE-AZRTOS-F4.1.1.0
2024-05-19 02:05:21,380 [WARN] PackLoader:240 - Cannot read IP mode file for STMicroelectronics.X-CUBE-FREERTOS.1.2.0
2024-05-19 02:05:21,391 [WARN] PackLoader:240 - Cannot read IP mode file for STMicroelectronics.X-CUBE-BLEMGR.1.2.0
2024-05-19 02:05:21,416 [WARN] PackLoader:240 - Cannot read IP mode file for STMicroelectronics.X-CUBE-AZRTOS-L5.2.0.0
2024-05-19 02:05:21,462 [WARN] PackLoader:240 - Cannot read IP mode file for STMicroelectronics.X-CUBE-MEMS1.9.6.0
2024-05-19 02:05:21,574 [WARN] PackLoader:240 - Cannot read IP mode file for STMicroelectronics.X-CUBE-EEPRMA1.4.2.0
2024-05-19 02:05:21,586 [WARN] PackLoader:240 - Cannot read IP mode file for STMicroelectronics.X-CUBE-NFC6.3.1.0
2024-05-19 02:05:21,597 [WARN] PackLoader:240 - Cannot read IP mode file for ITTIA_DB.I-CUBE-ITTIADB.8.8.0
2024-05-19 02:05:21,612 [WARN] PackLoader:240 - Cannot read IP mode file for STMicroelectronics.X-CUBE-BLEMGR.2.0.0
2024-05-19 02:05:21,645 [WARN] PackLoader:240 - Cannot read IP mode file for STMicroelectronics.X-CUBE-NFC4.2.0.4
2024-05-19 02:05:21,654 [WARN] PackLoader:240 - Cannot read IP mode file for STMicroelectronics.X-CUBE-AI.9.0.0
2024-05-19 02:05:21,674 [WARN] ConditionMgr:438 - getConditionDescription Invalid condition id : UX DEVICE CLASS RTOS Condition cause : null
2024-05-19 02:05:21,675 [WARN] ConditionMgr:438 - getConditionDescription Invalid condition id : UX DEVICE CLASS RTOS Condition cause : null
2024-05-19 02:05:21,676 [WARN] PackLoader:240 - Cannot read IP mode file for STMicroelectronics.X-CUBE-AZRTOS-H7.3.1.0
2024-05-19 02:05:21,676 [WARN] ConditionMgr:1039 - genDependencies : Invalid condition id : UX DEVICE CLASS RTOS Condition cause : null
2024-05-19 02:05:21,676 [WARN] ConditionMgr:1039 - genDependencies : Invalid condition id : UX DEVICE CLASS RTOS Condition cause : null
2024-05-19 02:05:21,677 [WARN] ConditionMgr:1039 - genDependencies : Invalid condition id : UX DEVICE CLASS RTOS Condition cause : null
2024-05-19 02:05:21,678 [WARN] ConditionMgr:1039 - genDependencies : Invalid condition id : UX DEVICE CLASS RTOS Condition cause : null
2024-05-19 02:05:21,678 [WARN] ConditionMgr:1039 - genDependencies : Invalid condition id : UX DEVICE CLASS RTOS Condition cause : null
2024-05-19 02:05:21,688 [WARN] PackLoader:240 - Cannot read IP mode file for wolfSSL.I-CUBE-wolfSSL.5.5.0
2024-05-19 02:05:21,700 [WARN] PackLoader:240 - Cannot read IP mode file for STMicroelectronics.X-CUBE-NFC7.1.0.1
2024-05-19 02:05:21,710 [WARN] PackLoader:240 - Cannot read IP mode file for STMicroelectronics.X-CUBE-NFC7.1.0.0
2024-05-19 02:05:21,720 [WARN] PackLoader:240 - Cannot read IP mode file for STMicroelectronics.X-CUBE-NFC6.3.0.0
2024-05-19 02:05:21,731 [WARN] PackLoader:240 - Cannot read IP mode file for STMicroelectronics.X-CUBE-EEPRMA1.4.1.0
2024-05-19 02:05:21,743 [WARN] PackLoader:240 - Cannot read IP mode file for STMicroelectronics.X-CUBE-AI.8.1.0
2024-05-19 02:05:21,768 [WARN] ConditionMgr:438 - getConditionDescription Invalid condition id : LAN8742 Phy interface Condition cause : null
2024-05-19 02:05:21,769 [WARN] PackLoader:240 - Cannot read IP mode file for STMicroelectronics.X-CUBE-AZRTOS-L4.2.0.0
2024-05-19 02:05:21,770 [WARN] ConditionMgr:1039 - genDependencies : Invalid condition id : LAN8742 Phy interface Condition cause : null
2024-05-19 02:05:21,770 [WARN] ConditionMgr:1039 - genDependencies : Invalid condition id : LAN8742 Phy interface Condition cause : null
2024-05-19 02:05:21,771 [WARN] ConditionMgr:1039 - genDependencies : Invalid condition id : LAN8742 Phy interface Condition cause : null
2024-05-19 02:05:21,786 [WARN] PackLoader:240 - Cannot read IP mode file for STMicroelectronics.X-CUBE-SFXS2LP1.4.0.0
2024-05-19 02:05:21,810 [WARN] PackLoader:240 - Cannot read IP mode file for STMicroelectronics.X-CUBE-AZRTOS-H7.3.0.0
2024-05-19 02:05:21,820 [WARN] PackLoader:240 - Cannot read IP mode file for STMicroelectronics.X-CUBE-ISPU.1.1.0
2024-05-19 02:05:21,831 [WARN] PackLoader:240 - Cannot read IP mode file for RoweBots.I-CUBE-UNISONRTOS.5.5.0-4
2024-05-19 02:05:21,840 [WARN] PackLoader:240 - Cannot read IP mode file for STMicroelectronics.X-CUBE-AI.8.0.0
2024-05-19 02:05:21,861 [WARN] ConditionMgr:438 - getConditionDescription Invalid condition id : UX DEVICE CLASS RTOS Condition cause : null
2024-05-19 02:05:21,861 [WARN] ConditionMgr:438 - getConditionDescription Invalid condition id : UX DEVICE CLASS RTOS Condition cause : null
2024-05-19 02:05:21,862 [WARN] PackLoader:240 - Cannot read IP mode file for STMicroelectronics.X-CUBE-AZRTOS-WB.2.0.0
2024-05-19 02:05:21,862 [WARN] ConditionMgr:1039 - genDependencies : Invalid condition id : UX DEVICE CLASS RTOS Condition cause : null
2024-05-19 02:05:21,863 [WARN] ConditionMgr:1039 - genDependencies : Invalid condition id : UX DEVICE CLASS RTOS Condition cause : null
2024-05-19 02:05:21,863 [WARN] ConditionMgr:1039 - genDependencies : Invalid condition id : UX DEVICE CLASS RTOS Condition cause : null
2024-05-19 02:05:21,863 [WARN] ConditionMgr:1039 - genDependencies : Invalid condition id : UX DEVICE CLASS RTOS Condition cause : null
2024-05-19 02:05:21,863 [WARN] ConditionMgr:1039 - genDependencies : Invalid condition id : UX DEVICE CLASS RTOS Condition cause : null
2024-05-19 02:05:21,877 [WARN] PackLoader:240 - Cannot read IP mode file for STMicroelectronics.X-CUBE-FREERTOS.1.0.0
2024-05-19 02:05:21,891 [WARN] PackLoader:240 - Cannot read IP mode file for STMicroelectronics.X-CUBE-FREERTOS.1.0.1
2024-05-19 02:05:21,911 [WARN] PackLoader:240 - Cannot read IP mode file for STMicroelectronics.X-CUBE-BLEMGR.1.0.0
2024-05-19 02:05:21,942 [WARN] PackLoader:240 - Cannot read IP mode file for STMicroelectronics.X-CUBE-AZRTOS-L5.1.1.0
2024-05-19 02:05:21,958 [WARN] PackLoader:240 - Cannot read IP mode file for STMicroelectronics.X-CUBE-AI.8.0.1
2024-05-19 02:05:21,974 [WARN] PackLoader:240 - Cannot read IP mode file for STMicroelectronics.X-CUBE-SUBG2.5.0.0
2024-05-19 02:05:21,977 [INFO] WebApp:779 - Register for checkConnection events
2024-05-19 02:05:21,977 [INFO] WebApp:414 - Apply proxy settings
2024-05-19 02:05:21,978 [INFO] WebApp:499 - Chromium requires no authentication
2024-05-19 02:05:22,008 [INFO] WebApp:442 - Direct internet connection detected
2024-05-19 02:05:22,009 [WARN] PackLoader:240 - Cannot read IP mode file for STMicroelectronics.X-CUBE-TOF1.3.3.1
2024-05-19 02:05:22,043 [WARN] PackLoader:240 - Cannot read IP mode file for STMicroelectronics.X-CUBE-AZRTOS-G4.2.0.0
2024-05-19 02:05:22,069 [WARN] PackLoader:240 - Cannot read IP mode file for STMicroelectronics.X-CUBE-TOF1.3.3.0
2024-05-19 02:05:22,090 [WARN] PackLoader:240 - Cannot read IP mode file for STMicroelectronics.FP-ATR-ASTRA1.1.1.1
2024-05-19 02:05:22,114 [WARN] PackLoader:240 - Cannot read IP mode file for Infineon.AIROC-Wi-Fi-Bluetooth-STM32.1.5.1
2024-05-19 02:05:22,132 [WARN] PackLoader:240 - Cannot read IP mode file for STMicroelectronics.FP-SNS-MOTENVWB1.1.3.1
2024-05-19 02:05:22,154 [WARN] PackLoader:240 - Cannot read IP mode file for STMicroelectronics.X-CUBE-AZRTOS-G4.1.0.0
2024-05-19 02:05:22,187 [WARN] PackLoader:240 - Cannot read IP mode file for STMicroelectronics.X-CUBE-AZRTOS-L4.1.0.0
2024-05-19 02:05:22,204 [WARN] PackLoader:240 - Cannot read IP mode file for STMicroelectronics.X-CUBE-ISPU.2.0.0
2024-05-19 02:05:22,257 [WARN] PackLoader:240 - Cannot read IP mode file for STMicroelectronics.X-CUBE-MEMS1.10.0.0
2024-05-19 02:05:22,296 [INFO] WebApp:192 - Starting web application
2024-05-19 02:05:22,297 [INFO] WebApp:544 - Web application path used C:\ST\STM32CubeIDE_1.10.1\STM32CubeIDE\plugins\com.st.stm32cube.common.mx_6.11.1.202404110753\db\plugins\mcufinder\reactClient1\index.html
2024-05-19 02:05:22,374 [WARN] PackLoader:240 - Cannot read IP mode file for STMicroelectronics.X-CUBE-FREERTOS.1.1.0
2024-05-19 02:05:22,397 [WARN] PackLoader:240 - Cannot read IP mode file for STMicroelectronics.X-CUBE-AZRTOS-WL.1.0.0
2024-05-19 02:05:22,414 [WARN] PackLoader:240 - Cannot read IP mode file for portGmbH.I-Cube-SoM-uGOAL.1.1.0
2024-05-19 02:05:22,426 [WARN] PackLoader:240 - Cannot read IP mode file for STMicroelectronics.X-CUBE-ALS.1.0.1
2024-05-19 02:05:22,452 [WARN] PackLoader:240 - Cannot read IP mode file for STMicroelectronics.X-CUBE-AZRTOS-WB.1.1.0
2024-05-19 02:05:22,481 [WARN] PackLoader:240 - Cannot read IP mode file for STMicroelectronics.X-CUBE-AZRTOS-L5.1.0.0
2024-05-19 02:05:22,500 [WARN] PackLoader:240 - Cannot read IP mode file for STMicroelectronics.X-CUBE-EEPRMA1.3.1.1
2024-05-19 02:05:22,532 [WARN] PackLoader:240 - Cannot read IP mode file for STMicroelectronics.X-CUBE-AZRTOS-H7RS.1.0.0
2024-05-19 02:05:22,546 [WARN] PackLoader:240 - Cannot read IP mode file for STMicroelectronics.FP-ATR-ASTRA1.2.0.0
2024-05-19 02:05:22,564 [WARN] PackLoader:240 - Cannot read IP mode file for STMicroelectronics.X-CUBE-TOF1.3.4.0
2024-05-19 02:05:22,588 [WARN] PackLoader:240 - Cannot read IP mode file for STMicroelectronics.X-CUBE-TOF1.3.4.1
2024-05-19 02:05:22,636 [WARN] PackLoader:240 - Cannot read IP mode file for STMicroelectronics.X-CUBE-AZRTOS-H7.3.2.0
2024-05-19 02:05:22,639 [INFO] ThirdParty:978 - Integrity check success = true
2024-05-19 02:05:22,640 [INFO] IntegrityCheckThread:100 - exiting critical section [integrity check]
2024-05-19 02:05:22,640 [INFO] IntegrityCheckThread:103 - End integrity checks thread
2024-05-19 02:06:40,067 [INFO] McuFinderGlobals:63 - Set McuFinder mode to 2 (CubeIDE integrated)
2024-05-19 02:06:40,086 [INFO] MainUpdater:2873 - connection check result : 10
2024-05-19 02:06:40,102 [INFO] McuFinderGlobals:76 - Set McuFinderConnectedMode to true
2024-05-19 02:06:40,627 [INFO] ServerAccessManage:473 - Download File mcusAds.json._tmp_
2024-05-19 02:06:40,735 [INFO] LoadUrlFilesThread:156 - End of LoadUrlFiles Thread
2024-05-19 02:06:42,491 [INFO] ServerAccessManage:473 - Download File cube-finder-db.zip
2024-05-19 02:06:46,038 [INFO] FileExtend:240 - Unzip File : cube-finder-db.zip
2024-05-19 02:06:46,038 [INFO] FileExtend:255 - Standard Zip Deflate
2024-05-19 02:06:46,797 [INFO] LoadUrlFilesThread:156 - End of LoadUrlFiles Thread
2024-05-19 02:06:47,908 [INFO] ServerAccessManage:473 - Download File crdb.zip
2024-05-19 02:06:53,180 [INFO] FileExtend:240 - Unzip File : crdb.zip
2024-05-19 02:06:53,181 [INFO] FileExtend:255 - Standard Zip Deflate
2024-05-19 02:06:53,307 [INFO] LoadUrlFilesThread:156 - End of LoadUrlFiles Thread
2024-05-19 02:06:54,460 [INFO] ServerAccessManage:473 - Download File tutoVideoDB.zip
2024-05-19 02:06:54,515 [INFO] FileExtend:240 - Unzip File : tutoVideoDB.zip
2024-05-19 02:06:54,515 [INFO] FileExtend:255 - Standard Zip Deflate
2024-05-19 02:06:54,628 [INFO] LoadUrlFilesThread:156 - End of LoadUrlFiles Thread
2024-05-19 02:06:54,629 [WARN] DbFile:41 - Overriding database path with different value: C:\Users\saksh\.stmcufinder\plugins\mcufinder/ => C:\Users\saksh\.stmcufinder\plugins\mcufinder
2024-05-19 02:06:55,472 [INFO] ServerAccessManage:473 - Download File api_config.json
2024-05-19 02:06:55,578 [INFO] DbMcusAds:53 - JSON generation date=Thu May 16 14:52:00 IST 2024 (1715851320852)
2024-05-19 02:06:55,577 [INFO] LoadUrlFilesThread:156 - End of LoadUrlFiles Thread
2024-05-19 02:06:55,699 [INFO] ServerAccessManage:473 - Download File 
2024-05-19 02:06:55,759 [INFO] LoadUrlFilesThread:185 - End of LoadServerUrlFiles without Thread
2024-05-19 02:06:55,760 [INFO] TargetSelectorAdapter:259 - Refresh data is successful
2024-05-19 02:06:55,852 [INFO] ApiDb:581 - Connected to CubeFinder SQLite database (C:\Users\saksh\.stmcufinder\plugins\mcufinder\mcu\cube-finder-db.db)
2024-05-19 02:06:55,899 [INFO] ApiDb:668 - CubeFinder database Data Model version=2.1
2024-05-19 02:06:55,899 [INFO] ApiDb:669 - CubeFinder database Configuration version=3.0.39
2024-05-19 02:06:55,900 [INFO] ApiDb:670 - CubeFinder database generation date=2024-04-15 (1713193726)
2024-05-19 02:06:55,900 [INFO] ApiDb:671 - CubeFinder database FW Pack versions=[FP-ATR-ASTRA1_V2.0.0, FP-SNS-FLIGHT1_V5.0.1, FP-SNS-FLIGHT1_V5.0.2, FP-SNS-MOTENV1_V4.3.1, FP-SNS-MOTENV1_V4.3.2, FP-SNS-MOTENVWB1_V1.3.1, FP-SNS-SMARTAG2_V1.2.0, STM32Cube_FW_C0_V1.1.0, STM32Cube_FW_F4_V1.28.0, STM32Cube_FW_F7_V1.17.0, STM32Cube_FW_G0_V1.6.2, STM32Cube_FW_G4_V1.5.2, STM32Cube_FW_H5_V0.5.1, STM32Cube_FW_H5_V1.1.1, STM32Cube_FW_H5_V1.2.0, STM32Cube_FW_H5_V1.2.0RC4, STM32Cube_FW_H7RS_V1.0.0, STM32Cube_FW_H7RS_V1.0.0RC4, STM32Cube_FW_H7_V1.11.0, STM32Cube_FW_L0_V1.12.2, STM32Cube_FW_L5_V1.5.1, STM32Cube_FW_U0_V1.0.0, STM32Cube_FW_U0_V1.0.0RC1, STM32Cube_FW_U5_V1.3.0RC4, STM32Cube_FW_U5_V1.5.0, STM32Cube_FW_U5_V1.5.0RC1, STM32Cube_FW_WBA_V1.0.0RC1, STM32Cube_FW_WBA_V1.2.0, STM32Cube_FW_WBA_V1.2.0RC2, STM32Cube_FW_WBA_V1.3.0, STM32Cube_FW_WBA_V1.3.0RC1, STM32Cube_FW_WB_V1.15.0RC1, STM32Cube_FW_WB_V1.16.0, STM32Cube_FW_WB_V1.16.0RC2, STM32Cube_FW_WB_V1.18.0, STM32Cube_FW_WB_V1.19.0, STM32Cube_FW_WL_V1.3.0, X-CUBE-ALGOBUILD_V1.3.0, X-CUBE-ALS_V1.0.1, X-CUBE-AZRTOS-F4_V1.1.0, X-CUBE-AZRTOS-F7_V1.1.0, X-CUBE-AZRTOS-G0_V1.1.0, X-CUBE-AZRTOS-G4_V2.0.0, X-CUBE-AZRTOS-H7_V3.2.0, X-CUBE-AZRTOS-L4_V1.0.0, X-CUBE-AZRTOS-L4_V2.0.0, X-CUBE-AZRTOS-L5_V1.1.0, X-CUBE-AZRTOS-WB_V2.0.0, X-CUBE-AZRTOS-WL_V2.0.0, X-CUBE-BLE1_V7.0.0, X-CUBE-BLE2_V3.3.0, X-CUBE-BLEMGR_V3.1.0, X-CUBE-EEPRMA1_V4.1.0, X-CUBE-EEPRMA1_V5.1.0, X-CUBE-FREERTOS_V1.1.0, X-CUBE-GNSS1_V6.0.0, X-CUBE-MEMS1_V10.0.0, X-CUBE-MEMS1_V9.1.0, X-CUBE-MEMS1_V9.4.0, X-CUBE-MEMS1_V9.6.0, X-CUBE-NFC4_V3.0.0, X-CUBE-NFC7_V1.0.1, X-CUBE-SFXS2LP1_V4.0.0, X-CUBE-SUBG2_V5.0.0, X-CUBE-TOF1_V3.4.0]
2024-05-19 02:06:57,525 [INFO] ApiDb:240 - Found 483 in-development CPN: [B-G473E-ZEST1S, B-WB1M-WPAN1, B-WL5M-SUBG1, NUCLEO-C031C6, NUCLEO-H503RB, NUCLEO-H533RE, NUCLEO-H563ZI, NUCLEO-H7S3L8, NUCLEO-U031R8, NUCLEO-U083RC, NUCLEO-U545RE-Q, NUCLEO-U5A5ZJ-Q, NUCLEO-WBA52CG, NUCLEO-WBA55CG, STEVAL-PROTEUS1, STEVAL-SMARTAG2, STEVAL-STWINBX1, STM320518-EVAL, STM32C0116-DK, STM32C011D6Y3TR, STM32C011D6Y6TR, STM32C011F4P3, STM32C011F4P6, STM32C011F4U3, STM32C011F4U6TR, STM32C011F6P3, STM32C011F6P6, STM32C011F6U3, STM32C011F6U6TR, STM32C011J4M3, STM32C011J4M6, STM32C011J6M3, STM32C011J6M6, STM32C0316-DK, STM32C031C4T3, STM32C031C4T6, STM32C031C4U3, STM32C031C4U6, STM32C031C6T3, STM32C031C6T6, STM32C031C6U3, STM32C031C6U6, STM32C031F4P3, STM32C031F4P6, STM32C031F6P3, STM32C031F6P6, STM32C031G4U3, STM32C031G4U6, STM32C031G6U3, STM32C031G6U6, STM32C031K4T3, STM32C031K4T6, STM32C031K4U3, STM32C031K4U6, STM32C031K6T3, STM32C031K6T6, STM32C031K6U3, STM32C031K6U6, STM32G071K8TXN, STM32G071K8UXN, STM32G081GBU6N, STM32G081KBT6N, STM32G081KBUXN, STM32G0B1CCT6N, STM32G0B1KCT6, STM32G0B1NEY6TR, STM32G0B1RCT6N, STM32G0C1CCT6, STM32G0C1CCT6N, STM32G0C1CCU6N, STM32G0C1CET6N, STM32G0C1CEU6N, STM32G0C1KCT6, STM32G0C1NEY6TR, STM32G0C1RCI6N, STM32G0C1RCT6N, STM32G0C1REI6N, STM32G0C1RET6N, STM32G0C1VCI6, STM32G0C1VEI6, STM32G471CCT6, STM32G471CCU6, STM32G471CET3, STM32G471CET6, STM32G471CEU3, STM32G471CEU6, STM32G471MCT6, STM32G471MET3, STM32G471MET6, STM32G471MEY6TR, STM32G471QCT6, STM32G471QET3, STM32G471RCT6, STM32G471RET3, STM32G471RET6, STM32G471VCH6, STM32G471VCI6, STM32G471VCT6, STM32G471VEH3, STM32G471VEH6, STM32G471VEI3, STM32G471VEI6, STM32G471VET3, STM32G471VET6, STM32G474CCT6, STM32H503CBT6, STM32H503CBU6, STM32H503EBY6TR, STM32H503KBU6, STM32H503RBT6, STM32H523CCT6, STM32H523CCU6, STM32H523CET6, STM32H523CEU6, STM32H523HEY6TR, STM32H523RCT6, STM32H523RET6, STM32H523VCI6, STM32H523VCT6, STM32H523VEI6, STM32H523VET6, STM32H523ZCJ6, STM32H523ZCT6, STM32H523ZEJ6, STM32H523ZET6, STM32H533CET6, STM32H533CEU6, STM32H533HEY6TR, STM32H533RET6, STM32H533VEI6, STM32H533VET6, STM32H533ZEJ6, STM32H533ZET6, STM32H562AGI6, STM32H562AII6, STM32H562IGK6, STM32H562IGT6, STM32H562IIK6, STM32H562IIT6, STM32H562RGT6, STM32H562RGV6, STM32H562RIT6, STM32H562RIV6, STM32H562VGT6, STM32H562VIT6, STM32H562ZGT6, STM32H562ZIT6, STM32H563AGI6, STM32H563AII3Q, STM32H563AII6, STM32H563IGK6, STM32H563IGT6, STM32H563IIK3Q, STM32H563IIK6, STM32H563IIT3Q, STM32H563IIT6, STM32H563MIY3QTR, STM32H563RGT6, STM32H563RGV6, STM32H563RIT6, STM32H563RIV6, STM32H563VGT6, STM32H563VIT3Q, STM32H563VIT6, STM32H563ZGT6, STM32H563ZIT3Q, STM32H563ZIT6, STM32H573AII3Q, STM32H573AII6, STM32H573I-DK, STM32H573IIK3Q, STM32H573IIK6, STM32H573IIT3Q, STM32H573IIT6, STM32H573MIY3QTR, STM32H573RIT6, STM32H573RIV6, STM32H573VIT3Q, STM32H573VIT6, STM32H573ZIT3Q, STM32H573ZIT6, STM32H7R3A8I6, STM32H7R3I8K6, STM32H7R3I8T6, STM32H7R3L8H6, STM32H7R3L8H6H, STM32H7R3R8V6, STM32H7R3V8H6, STM32H7R3V8T6, STM32H7R3V8Y6, STM32H7R3Z8J6, STM32H7R3Z8T6, STM32H7R7A8I6, STM32H7R7I8K6, STM32H7R7I8T6, STM32H7R7L8H6, STM32H7R7L8H6H, STM32H7R7Z8J6, STM32H7S3A8I6, STM32H7S3I8K6, STM32H7S3I8T6, STM32H7S3L8H6, STM32H7S3L8H6H, STM32H7S3R8V6, STM32H7S3V8H6, STM32H7S3V8T6, STM32H7S3V8Y6, STM32H7S3Z8J6, STM32H7S3Z8T6, STM32H7S78-DK, STM32H7S7A8I6, STM32H7S7I8K6, STM32H7S7I8T6, STM32H7S7L8H6, STM32H7S7L8H6H, STM32H7S7Z8J6, STM32L4R5QGI6STR, STM32MP131AAE3, STM32MP131AAF3, STM32MP131AAG3, STM32MP131CAE3, STM32MP131CAF3, STM32MP131CAG3, STM32MP131DAE7, STM32MP131DAF7, STM32MP131DAG7, STM32MP131FAE7, STM32MP131FAF7, STM32MP131FAG7, STM32MP133AAE3, STM32MP133AAF3, STM32MP133AAG3, STM32MP133CAE3, STM32MP133CAF3, STM32MP133CAG3, STM32MP133DAE7, STM32MP133DAF7, STM32MP133DAG7, STM32MP133FAE7, STM32MP133FAF7, STM32MP133FAG7, STM32MP135AAE3, STM32MP135AAF3, STM32MP135AAG3, STM32MP135CAE3, STM32MP135CAF3, STM32MP135CAG3, STM32MP135DAE7, STM32MP135DAF7, STM32MP135DAG7, STM32MP135F-DK, STM32MP135FAE7, STM32MP135FAF7, STM32MP135FAF7T, STM32MP135FAF7U, STM32MP135FAG7, STM32U031C6T6, STM32U031C6U6, STM32U031C8T6, STM32U031C8U6, STM32U031F4P6, STM32U031F6P6, STM32U031F8P6, STM32U031G6Y6TR, STM32U031G8Y6TR, STM32U031K4U6, STM32U031K6U6, STM32U031K8U6, STM32U031R6I6, STM32U031R6T6, STM32U031R8I6, STM32U031R8T6, STM32U073C8T6, STM32U073C8U6, STM32U073CBT6, STM32U073CBU6, STM32U073CCT6, STM32U073CCU6, STM32U073H8Y6TR, STM32U073HBY6TR, STM32U073HCY6TR, STM32U073K8U6, STM32U073KBU6, STM32U073KCU6, STM32U073M8I6, STM32U073M8T6, STM32U073MBI6, STM32U073MBT6, STM32U073MCI6, STM32U073MCT6, STM32U073R8I6, STM32U073R8T6, STM32U073RBI6, STM32U073RBT6, STM32U073RCI6, STM32U073RCT6, STM32U083C-DK, STM32U083CCT6, STM32U083CCU6, STM32U083HCY6TR, STM32U083KCU6, STM32U083MCI6, STM32U083MCT6, STM32U083RCI6, STM32U083RCT6, STM32U535CBT6, STM32U535CBT6Q, STM32U535CBU6, STM32U535CBU6Q, STM32U535CCT6, STM32U535CCT6Q, STM32U535CCU6, STM32U535CCU6Q, STM32U535CET6, STM32U535CET6Q, STM32U535CEU6, STM32U535CEU6Q, STM32U535JEY6QTR, STM32U535NCY6QTR, STM32U535NEY6QTR, STM32U535RBI6, STM32U535RBI6Q, STM32U535RBT6, STM32U535RBT6Q, STM32U535RCI6, STM32U535RCI6Q, STM32U535RCT6, STM32U535RCT6Q, STM32U535REI6, STM32U535REI6Q, STM32U535RET6, STM32U535RET6Q, STM32U535VCI6, STM32U535VCI6Q, STM32U535VCT6, STM32U535VCT6Q, STM32U535VEI6, STM32U535VEI6Q, STM32U535VET6, STM32U535VET6Q, STM32U545CET6, STM32U545CET6Q, STM32U545CEU6, STM32U545CEU6Q, STM32U545JEY6QTR, STM32U545NEY6QTR, STM32U545REI6, STM32U545REI6Q, STM32U545RET6, STM32U545RET6Q, STM32U545VEI6, STM32U545VEI6Q, STM32U545VET6, STM32U545VET6Q, STM32U595AIH6, STM32U595AIH6Q, STM32U595AJH6, STM32U595AJH6Q, STM32U595QII6, STM32U595QII6Q, STM32U595QJI6, STM32U595QJI6Q, STM32U595RIT6, STM32U595RIT6Q, STM32U595RJT6, STM32U595RJT6Q, STM32U595VIT6, STM32U595VIT6Q, STM32U595VJT6, STM32U595VJT6Q, STM32U595ZIT6, STM32U595ZIT6Q, STM32U595ZIY6QTR, STM32U595ZJT6, STM32U595ZJT6Q, STM32U595ZJY6QTR, STM32U599BJY6QTR, STM32U599NIH6Q, STM32U599NJH6Q, STM32U599VIT6Q, STM32U599VJT6, STM32U599VJT6Q, STM32U599ZIT6Q, STM32U599ZIY6QTR, STM32U599ZJT6Q, STM32U599ZJY6QTR, STM32U5A5AJH6, STM32U5A5AJH6Q, STM32U5A5QII3Q , STM32U5A5QJI6, STM32U5A5QJI6Q, STM32U5A5RJT6, STM32U5A5RJT6Q, STM32U5A5VJT6, STM32U5A5VJT6Q, STM32U5A5ZJT6, STM32U5A5ZJT6Q, STM32U5A5ZJY6QTR, STM32U5A9BJY6QTR, STM32U5A9J-DK, STM32U5A9NJH6Q, STM32U5A9VJT6Q, STM32U5A9ZJT6Q, STM32U5A9ZJY6QTR, STM32U5F7VIT6, STM32U5F7VIT6Q, STM32U5F7VJT6, STM32U5F7VJT6Q, STM32U5F9BJY6QTR, STM32U5F9NJH6Q, STM32U5F9VIT6Q, STM32U5F9VJT6Q, STM32U5F9ZIJ6QTR, STM32U5F9ZIT6Q, STM32U5F9ZJJ6QTR, STM32U5F9ZJT6Q, STM32U5G7VJT6, STM32U5G7VJT6Q, STM32U5G9BJY6QTR, STM32U5G9J-DK1, STM32U5G9J-DK2, STM32U5G9NJH6Q, STM32U5G9VJT6Q, STM32U5G9ZJJ6QTR, STM32U5G9ZJT6Q, STM32WB1MMCH6, STM32WBA50KEU6, STM32WBA50KEU6TR, STM32WBA50KGU6, STM32WBA50KGU6TR, STM32WBA52CEU6, STM32WBA52CEU6TR, STM32WBA52CEU7, STM32WBA52CEU7TR, STM32WBA52CGU6, STM32WBA52CGU6TR, STM32WBA52CGU6U, STM32WBA52CGU7, STM32WBA52CGU7TR, STM32WBA52KEU6, STM32WBA52KEU6TR, STM32WBA52KGU6, STM32WBA52KGU6TR, STM32WBA54CEU6, STM32WBA54CEU6TR, STM32WBA54CEU7, STM32WBA54CEU7TR, STM32WBA54CGU6, STM32WBA54CGU6TR, STM32WBA54CGU7, STM32WBA54CGU7TR, STM32WBA54KEU6, STM32WBA54KEU6TR, STM32WBA54KEU7, STM32WBA54KEU7TR, STM32WBA54KGU6, STM32WBA54KGU6TR, STM32WBA54KGU7, STM32WBA54KGU7TR, STM32WBA55CEU6, STM32WBA55CEU6TR, STM32WBA55CEU7, STM32WBA55CEU7TR, STM32WBA55CGU6, STM32WBA55CGU6TR, STM32WBA55CGU6U, STM32WBA55CGU7, STM32WBA55CGU7TR, STM32WBA55G-DK1, STM32WBA55HEF6, STM32WBA55HEF7, STM32WBA55HGF6, STM32WBA55HGF7, STM32WBA55UEI6, STM32WBA55UEI6TR, STM32WBA55UEI7, STM32WBA55UEI7TR, STM32WBA55UGI6, STM32WBA55UGI6TR, STM32WBA55UGI7, STM32WBA55UGI7TR, STM32WL5MOCH6, STM32WL5MOCH6TR]
2024-05-19 02:06:57,529 [INFO] DbMcus:218 - Found 4096 MCUs, 4096 are supported
2024-05-19 02:06:57,534 [INFO] ApiDb:423 - Load user favorites file C:\Users\saksh/.stm32cubeide/favorites.mcus.txt: 1 item(s)
2024-05-19 02:06:57,534 [INFO] ApiDb:427 - User favorites MCUs=[STM32F103C8T6]
2024-05-19 02:06:57,534 [INFO] DbMcus:224 - Set 1 / 1 favorites MCUs
2024-05-19 02:06:57,811 [INFO] ApiDb:668 - CubeFinder database Data Model version=2.1
2024-05-19 02:06:57,811 [INFO] ApiDb:669 - CubeFinder database Configuration version=3.0.39
2024-05-19 02:06:57,811 [INFO] ApiDb:670 - CubeFinder database generation date=2024-04-15 (1713193726)
2024-05-19 02:06:57,811 [INFO] ApiDb:671 - CubeFinder database FW Pack versions=[FP-ATR-ASTRA1_V2.0.0, FP-SNS-FLIGHT1_V5.0.1, FP-SNS-FLIGHT1_V5.0.2, FP-SNS-MOTENV1_V4.3.1, FP-SNS-MOTENV1_V4.3.2, FP-SNS-MOTENVWB1_V1.3.1, FP-SNS-SMARTAG2_V1.2.0, STM32Cube_FW_C0_V1.1.0, STM32Cube_FW_F4_V1.28.0, STM32Cube_FW_F7_V1.17.0, STM32Cube_FW_G0_V1.6.2, STM32Cube_FW_G4_V1.5.2, STM32Cube_FW_H5_V0.5.1, STM32Cube_FW_H5_V1.1.1, STM32Cube_FW_H5_V1.2.0, STM32Cube_FW_H5_V1.2.0RC4, STM32Cube_FW_H7RS_V1.0.0, STM32Cube_FW_H7RS_V1.0.0RC4, STM32Cube_FW_H7_V1.11.0, STM32Cube_FW_L0_V1.12.2, STM32Cube_FW_L5_V1.5.1, STM32Cube_FW_U0_V1.0.0, STM32Cube_FW_U0_V1.0.0RC1, STM32Cube_FW_U5_V1.3.0RC4, STM32Cube_FW_U5_V1.5.0, STM32Cube_FW_U5_V1.5.0RC1, STM32Cube_FW_WBA_V1.0.0RC1, STM32Cube_FW_WBA_V1.2.0, STM32Cube_FW_WBA_V1.2.0RC2, STM32Cube_FW_WBA_V1.3.0, STM32Cube_FW_WBA_V1.3.0RC1, STM32Cube_FW_WB_V1.15.0RC1, STM32Cube_FW_WB_V1.16.0, STM32Cube_FW_WB_V1.16.0RC2, STM32Cube_FW_WB_V1.18.0, STM32Cube_FW_WB_V1.19.0, STM32Cube_FW_WL_V1.3.0, X-CUBE-ALGOBUILD_V1.3.0, X-CUBE-ALS_V1.0.1, X-CUBE-AZRTOS-F4_V1.1.0, X-CUBE-AZRTOS-F7_V1.1.0, X-CUBE-AZRTOS-G0_V1.1.0, X-CUBE-AZRTOS-G4_V2.0.0, X-CUBE-AZRTOS-H7_V3.2.0, X-CUBE-AZRTOS-L4_V1.0.0, X-CUBE-AZRTOS-L4_V2.0.0, X-CUBE-AZRTOS-L5_V1.1.0, X-CUBE-AZRTOS-WB_V2.0.0, X-CUBE-AZRTOS-WL_V2.0.0, X-CUBE-BLE1_V7.0.0, X-CUBE-BLE2_V3.3.0, X-CUBE-BLEMGR_V3.1.0, X-CUBE-EEPRMA1_V4.1.0, X-CUBE-EEPRMA1_V5.1.0, X-CUBE-FREERTOS_V1.1.0, X-CUBE-GNSS1_V6.0.0, X-CUBE-MEMS1_V10.0.0, X-CUBE-MEMS1_V9.1.0, X-CUBE-MEMS1_V9.4.0, X-CUBE-MEMS1_V9.6.0, X-CUBE-NFC4_V3.0.0, X-CUBE-NFC7_V1.0.1, X-CUBE-SFXS2LP1_V4.0.0, X-CUBE-SUBG2_V5.0.0, X-CUBE-TOF1_V3.4.0]
2024-05-19 02:06:57,849 [INFO] DbBoardsSqlite:226 - include board P-NUCLEO-WB55-NUCLEO as a kit item of type 'Nucleo-64'
2024-05-19 02:06:57,850 [INFO] DbBoardsSqlite:226 - include board P-NUCLEO-WB55-USBDONGLE as a kit item of type 'Nucleo USB Dongle'
2024-05-19 02:06:57,850 [INFO] DbBoardsSqlite:226 - include board STEVAL-IDP005V1 as a kit item of type 'Evaluation Board'
2024-05-19 02:06:57,850 [INFO] DbBoardsSqlite:226 - include board STEVAL-IDP005V2 as a kit item of type 'Evaluation Board'
2024-05-19 02:06:57,887 [INFO] ApiDb:240 - Found 483 in-development CPN: [B-G473E-ZEST1S, B-WB1M-WPAN1, B-WL5M-SUBG1, NUCLEO-C031C6, NUCLEO-H503RB, NUCLEO-H533RE, NUCLEO-H563ZI, NUCLEO-H7S3L8, NUCLEO-U031R8, NUCLEO-U083RC, NUCLEO-U545RE-Q, NUCLEO-U5A5ZJ-Q, NUCLEO-WBA52CG, NUCLEO-WBA55CG, STEVAL-PROTEUS1, STEVAL-SMARTAG2, STEVAL-STWINBX1, STM320518-EVAL, STM32C0116-DK, STM32C011D6Y3TR, STM32C011D6Y6TR, STM32C011F4P3, STM32C011F4P6, STM32C011F4U3, STM32C011F4U6TR, STM32C011F6P3, STM32C011F6P6, STM32C011F6U3, STM32C011F6U6TR, STM32C011J4M3, STM32C011J4M6, STM32C011J6M3, STM32C011J6M6, STM32C0316-DK, STM32C031C4T3, STM32C031C4T6, STM32C031C4U3, STM32C031C4U6, STM32C031C6T3, STM32C031C6T6, STM32C031C6U3, STM32C031C6U6, STM32C031F4P3, STM32C031F4P6, STM32C031F6P3, STM32C031F6P6, STM32C031G4U3, STM32C031G4U6, STM32C031G6U3, STM32C031G6U6, STM32C031K4T3, STM32C031K4T6, STM32C031K4U3, STM32C031K4U6, STM32C031K6T3, STM32C031K6T6, STM32C031K6U3, STM32C031K6U6, STM32G071K8TXN, STM32G071K8UXN, STM32G081GBU6N, STM32G081KBT6N, STM32G081KBUXN, STM32G0B1CCT6N, STM32G0B1KCT6, STM32G0B1NEY6TR, STM32G0B1RCT6N, STM32G0C1CCT6, STM32G0C1CCT6N, STM32G0C1CCU6N, STM32G0C1CET6N, STM32G0C1CEU6N, STM32G0C1KCT6, STM32G0C1NEY6TR, STM32G0C1RCI6N, STM32G0C1RCT6N, STM32G0C1REI6N, STM32G0C1RET6N, STM32G0C1VCI6, STM32G0C1VEI6, STM32G471CCT6, STM32G471CCU6, STM32G471CET3, STM32G471CET6, STM32G471CEU3, STM32G471CEU6, STM32G471MCT6, STM32G471MET3, STM32G471MET6, STM32G471MEY6TR, STM32G471QCT6, STM32G471QET3, STM32G471RCT6, STM32G471RET3, STM32G471RET6, STM32G471VCH6, STM32G471VCI6, STM32G471VCT6, STM32G471VEH3, STM32G471VEH6, STM32G471VEI3, STM32G471VEI6, STM32G471VET3, STM32G471VET6, STM32G474CCT6, STM32H503CBT6, STM32H503CBU6, STM32H503EBY6TR, STM32H503KBU6, STM32H503RBT6, STM32H523CCT6, STM32H523CCU6, STM32H523CET6, STM32H523CEU6, STM32H523HEY6TR, STM32H523RCT6, STM32H523RET6, STM32H523VCI6, STM32H523VCT6, STM32H523VEI6, STM32H523VET6, STM32H523ZCJ6, STM32H523ZCT6, STM32H523ZEJ6, STM32H523ZET6, STM32H533CET6, STM32H533CEU6, STM32H533HEY6TR, STM32H533RET6, STM32H533VEI6, STM32H533VET6, STM32H533ZEJ6, STM32H533ZET6, STM32H562AGI6, STM32H562AII6, STM32H562IGK6, STM32H562IGT6, STM32H562IIK6, STM32H562IIT6, STM32H562RGT6, STM32H562RGV6, STM32H562RIT6, STM32H562RIV6, STM32H562VGT6, STM32H562VIT6, STM32H562ZGT6, STM32H562ZIT6, STM32H563AGI6, STM32H563AII3Q, STM32H563AII6, STM32H563IGK6, STM32H563IGT6, STM32H563IIK3Q, STM32H563IIK6, STM32H563IIT3Q, STM32H563IIT6, STM32H563MIY3QTR, STM32H563RGT6, STM32H563RGV6, STM32H563RIT6, STM32H563RIV6, STM32H563VGT6, STM32H563VIT3Q, STM32H563VIT6, STM32H563ZGT6, STM32H563ZIT3Q, STM32H563ZIT6, STM32H573AII3Q, STM32H573AII6, STM32H573I-DK, STM32H573IIK3Q, STM32H573IIK6, STM32H573IIT3Q, STM32H573IIT6, STM32H573MIY3QTR, STM32H573RIT6, STM32H573RIV6, STM32H573VIT3Q, STM32H573VIT6, STM32H573ZIT3Q, STM32H573ZIT6, STM32H7R3A8I6, STM32H7R3I8K6, STM32H7R3I8T6, STM32H7R3L8H6, STM32H7R3L8H6H, STM32H7R3R8V6, STM32H7R3V8H6, STM32H7R3V8T6, STM32H7R3V8Y6, STM32H7R3Z8J6, STM32H7R3Z8T6, STM32H7R7A8I6, STM32H7R7I8K6, STM32H7R7I8T6, STM32H7R7L8H6, STM32H7R7L8H6H, STM32H7R7Z8J6, STM32H7S3A8I6, STM32H7S3I8K6, STM32H7S3I8T6, STM32H7S3L8H6, STM32H7S3L8H6H, STM32H7S3R8V6, STM32H7S3V8H6, STM32H7S3V8T6, STM32H7S3V8Y6, STM32H7S3Z8J6, STM32H7S3Z8T6, STM32H7S78-DK, STM32H7S7A8I6, STM32H7S7I8K6, STM32H7S7I8T6, STM32H7S7L8H6, STM32H7S7L8H6H, STM32H7S7Z8J6, STM32L4R5QGI6STR, STM32MP131AAE3, STM32MP131AAF3, STM32MP131AAG3, STM32MP131CAE3, STM32MP131CAF3, STM32MP131CAG3, STM32MP131DAE7, STM32MP131DAF7, STM32MP131DAG7, STM32MP131FAE7, STM32MP131FAF7, STM32MP131FAG7, STM32MP133AAE3, STM32MP133AAF3, STM32MP133AAG3, STM32MP133CAE3, STM32MP133CAF3, STM32MP133CAG3, STM32MP133DAE7, STM32MP133DAF7, STM32MP133DAG7, STM32MP133FAE7, STM32MP133FAF7, STM32MP133FAG7, STM32MP135AAE3, STM32MP135AAF3, STM32MP135AAG3, STM32MP135CAE3, STM32MP135CAF3, STM32MP135CAG3, STM32MP135DAE7, STM32MP135DAF7, STM32MP135DAG7, STM32MP135F-DK, STM32MP135FAE7, STM32MP135FAF7, STM32MP135FAF7T, STM32MP135FAF7U, STM32MP135FAG7, STM32U031C6T6, STM32U031C6U6, STM32U031C8T6, STM32U031C8U6, STM32U031F4P6, STM32U031F6P6, STM32U031F8P6, STM32U031G6Y6TR, STM32U031G8Y6TR, STM32U031K4U6, STM32U031K6U6, STM32U031K8U6, STM32U031R6I6, STM32U031R6T6, STM32U031R8I6, STM32U031R8T6, STM32U073C8T6, STM32U073C8U6, STM32U073CBT6, STM32U073CBU6, STM32U073CCT6, STM32U073CCU6, STM32U073H8Y6TR, STM32U073HBY6TR, STM32U073HCY6TR, STM32U073K8U6, STM32U073KBU6, STM32U073KCU6, STM32U073M8I6, STM32U073M8T6, STM32U073MBI6, STM32U073MBT6, STM32U073MCI6, STM32U073MCT6, STM32U073R8I6, STM32U073R8T6, STM32U073RBI6, STM32U073RBT6, STM32U073RCI6, STM32U073RCT6, STM32U083C-DK, STM32U083CCT6, STM32U083CCU6, STM32U083HCY6TR, STM32U083KCU6, STM32U083MCI6, STM32U083MCT6, STM32U083RCI6, STM32U083RCT6, STM32U535CBT6, STM32U535CBT6Q, STM32U535CBU6, STM32U535CBU6Q, STM32U535CCT6, STM32U535CCT6Q, STM32U535CCU6, STM32U535CCU6Q, STM32U535CET6, STM32U535CET6Q, STM32U535CEU6, STM32U535CEU6Q, STM32U535JEY6QTR, STM32U535NCY6QTR, STM32U535NEY6QTR, STM32U535RBI6, STM32U535RBI6Q, STM32U535RBT6, STM32U535RBT6Q, STM32U535RCI6, STM32U535RCI6Q, STM32U535RCT6, STM32U535RCT6Q, STM32U535REI6, STM32U535REI6Q, STM32U535RET6, STM32U535RET6Q, STM32U535VCI6, STM32U535VCI6Q, STM32U535VCT6, STM32U535VCT6Q, STM32U535VEI6, STM32U535VEI6Q, STM32U535VET6, STM32U535VET6Q, STM32U545CET6, STM32U545CET6Q, STM32U545CEU6, STM32U545CEU6Q, STM32U545JEY6QTR, STM32U545NEY6QTR, STM32U545REI6, STM32U545REI6Q, STM32U545RET6, STM32U545RET6Q, STM32U545VEI6, STM32U545VEI6Q, STM32U545VET6, STM32U545VET6Q, STM32U595AIH6, STM32U595AIH6Q, STM32U595AJH6, STM32U595AJH6Q, STM32U595QII6, STM32U595QII6Q, STM32U595QJI6, STM32U595QJI6Q, STM32U595RIT6, STM32U595RIT6Q, STM32U595RJT6, STM32U595RJT6Q, STM32U595VIT6, STM32U595VIT6Q, STM32U595VJT6, STM32U595VJT6Q, STM32U595ZIT6, STM32U595ZIT6Q, STM32U595ZIY6QTR, STM32U595ZJT6, STM32U595ZJT6Q, STM32U595ZJY6QTR, STM32U599BJY6QTR, STM32U599NIH6Q, STM32U599NJH6Q, STM32U599VIT6Q, STM32U599VJT6, STM32U599VJT6Q, STM32U599ZIT6Q, STM32U599ZIY6QTR, STM32U599ZJT6Q, STM32U599ZJY6QTR, STM32U5A5AJH6, STM32U5A5AJH6Q, STM32U5A5QII3Q , STM32U5A5QJI6, STM32U5A5QJI6Q, STM32U5A5RJT6, STM32U5A5RJT6Q, STM32U5A5VJT6, STM32U5A5VJT6Q, STM32U5A5ZJT6, STM32U5A5ZJT6Q, STM32U5A5ZJY6QTR, STM32U5A9BJY6QTR, STM32U5A9J-DK, STM32U5A9NJH6Q, STM32U5A9VJT6Q, STM32U5A9ZJT6Q, STM32U5A9ZJY6QTR, STM32U5F7VIT6, STM32U5F7VIT6Q, STM32U5F7VJT6, STM32U5F7VJT6Q, STM32U5F9BJY6QTR, STM32U5F9NJH6Q, STM32U5F9VIT6Q, STM32U5F9VJT6Q, STM32U5F9ZIJ6QTR, STM32U5F9ZIT6Q, STM32U5F9ZJJ6QTR, STM32U5F9ZJT6Q, STM32U5G7VJT6, STM32U5G7VJT6Q, STM32U5G9BJY6QTR, STM32U5G9J-DK1, STM32U5G9J-DK2, STM32U5G9NJH6Q, STM32U5G9VJT6Q, STM32U5G9ZJJ6QTR, STM32U5G9ZJT6Q, STM32WB1MMCH6, STM32WBA50KEU6, STM32WBA50KEU6TR, STM32WBA50KGU6, STM32WBA50KGU6TR, STM32WBA52CEU6, STM32WBA52CEU6TR, STM32WBA52CEU7, STM32WBA52CEU7TR, STM32WBA52CGU6, STM32WBA52CGU6TR, STM32WBA52CGU6U, STM32WBA52CGU7, STM32WBA52CGU7TR, STM32WBA52KEU6, STM32WBA52KEU6TR, STM32WBA52KGU6, STM32WBA52KGU6TR, STM32WBA54CEU6, STM32WBA54CEU6TR, STM32WBA54CEU7, STM32WBA54CEU7TR, STM32WBA54CGU6, STM32WBA54CGU6TR, STM32WBA54CGU7, STM32WBA54CGU7TR, STM32WBA54KEU6, STM32WBA54KEU6TR, STM32WBA54KEU7, STM32WBA54KEU7TR, STM32WBA54KGU6, STM32WBA54KGU6TR, STM32WBA54KGU7, STM32WBA54KGU7TR, STM32WBA55CEU6, STM32WBA55CEU6TR, STM32WBA55CEU7, STM32WBA55CEU7TR, STM32WBA55CGU6, STM32WBA55CGU6TR, STM32WBA55CGU6U, STM32WBA55CGU7, STM32WBA55CGU7TR, STM32WBA55G-DK1, STM32WBA55HEF6, STM32WBA55HEF7, STM32WBA55HGF6, STM32WBA55HGF7, STM32WBA55UEI6, STM32WBA55UEI6TR, STM32WBA55UEI7, STM32WBA55UEI7TR, STM32WBA55UGI6, STM32WBA55UGI6TR, STM32WBA55UGI7, STM32WBA55UGI7TR, STM32WL5MOCH6, STM32WL5MOCH6TR]
2024-05-19 02:06:58,034 [INFO] BoardInfo:889 - No configuration file found for board P-NUCLEO-WB55
2024-05-19 02:06:58,034 [INFO] DbBoards:161 - Kit is not supported: P-NUCLEO-WB55
2024-05-19 02:06:58,042 [INFO] BoardInfo:889 - No configuration file found for board STEVAL-BFA001V1B
2024-05-19 02:06:58,043 [INFO] DbBoards:161 - Kit is not supported: STEVAL-BFA001V1B
2024-05-19 02:06:58,044 [INFO] BoardInfo:889 - No configuration file found for board STEVAL-BFA001V2B
2024-05-19 02:06:58,044 [INFO] DbBoards:161 - Kit is not supported: STEVAL-BFA001V2B
2024-05-19 02:06:58,168 [INFO] DbBoards:168 - Found 199 boards, 196 are supported
2024-05-19 02:06:58,168 [INFO] DbBoards:169 - Found 199 boards, 8 of them is supported for  Bsp
2024-05-19 02:06:58,171 [INFO] ApiDb:423 - Load user favorites file C:\Users\saksh/.stm32cubeide/favorites.boards.txt: 0 item(s)
2024-05-19 02:06:58,171 [INFO] ApiDb:427 - User favorites Boards=[]
2024-05-19 02:06:58,171 [INFO] DbBoards:198 - Set 0 / 0 favorites Boards
2024-05-19 02:06:58,173 [INFO] ApiDb:668 - CubeFinder database Data Model version=2.1
2024-05-19 02:06:58,173 [INFO] ApiDb:669 - CubeFinder database Configuration version=3.0.39
2024-05-19 02:06:58,173 [INFO] ApiDb:670 - CubeFinder database generation date=2024-04-15 (1713193726)
2024-05-19 02:06:58,173 [INFO] ApiDb:671 - CubeFinder database FW Pack versions=[FP-ATR-ASTRA1_V2.0.0, FP-SNS-FLIGHT1_V5.0.1, FP-SNS-FLIGHT1_V5.0.2, FP-SNS-MOTENV1_V4.3.1, FP-SNS-MOTENV1_V4.3.2, FP-SNS-MOTENVWB1_V1.3.1, FP-SNS-SMARTAG2_V1.2.0, STM32Cube_FW_C0_V1.1.0, STM32Cube_FW_F4_V1.28.0, STM32Cube_FW_F7_V1.17.0, STM32Cube_FW_G0_V1.6.2, STM32Cube_FW_G4_V1.5.2, STM32Cube_FW_H5_V0.5.1, STM32Cube_FW_H5_V1.1.1, STM32Cube_FW_H5_V1.2.0, STM32Cube_FW_H5_V1.2.0RC4, STM32Cube_FW_H7RS_V1.0.0, STM32Cube_FW_H7RS_V1.0.0RC4, STM32Cube_FW_H7_V1.11.0, STM32Cube_FW_L0_V1.12.2, STM32Cube_FW_L5_V1.5.1, STM32Cube_FW_U0_V1.0.0, STM32Cube_FW_U0_V1.0.0RC1, STM32Cube_FW_U5_V1.3.0RC4, STM32Cube_FW_U5_V1.5.0, STM32Cube_FW_U5_V1.5.0RC1, STM32Cube_FW_WBA_V1.0.0RC1, STM32Cube_FW_WBA_V1.2.0, STM32Cube_FW_WBA_V1.2.0RC2, STM32Cube_FW_WBA_V1.3.0, STM32Cube_FW_WBA_V1.3.0RC1, STM32Cube_FW_WB_V1.15.0RC1, STM32Cube_FW_WB_V1.16.0, STM32Cube_FW_WB_V1.16.0RC2, STM32Cube_FW_WB_V1.18.0, STM32Cube_FW_WB_V1.19.0, STM32Cube_FW_WL_V1.3.0, X-CUBE-ALGOBUILD_V1.3.0, X-CUBE-ALS_V1.0.1, X-CUBE-AZRTOS-F4_V1.1.0, X-CUBE-AZRTOS-F7_V1.1.0, X-CUBE-AZRTOS-G0_V1.1.0, X-CUBE-AZRTOS-G4_V2.0.0, X-CUBE-AZRTOS-H7_V3.2.0, X-CUBE-AZRTOS-L4_V1.0.0, X-CUBE-AZRTOS-L4_V2.0.0, X-CUBE-AZRTOS-L5_V1.1.0, X-CUBE-AZRTOS-WB_V2.0.0, X-CUBE-AZRTOS-WL_V2.0.0, X-CUBE-BLE1_V7.0.0, X-CUBE-BLE2_V3.3.0, X-CUBE-BLEMGR_V3.1.0, X-CUBE-EEPRMA1_V4.1.0, X-CUBE-EEPRMA1_V5.1.0, X-CUBE-FREERTOS_V1.1.0, X-CUBE-GNSS1_V6.0.0, X-CUBE-MEMS1_V10.0.0, X-CUBE-MEMS1_V9.1.0, X-CUBE-MEMS1_V9.4.0, X-CUBE-MEMS1_V9.6.0, X-CUBE-NFC4_V3.0.0, X-CUBE-NFC7_V1.0.1, X-CUBE-SFXS2LP1_V4.0.0, X-CUBE-SUBG2_V5.0.0, X-CUBE-TOF1_V3.4.0]
2024-05-19 02:06:58,832 [ERROR] DbExamplesSqlite:437 - Missing JSON key: board_cpn
2024-05-19 02:06:58,832 [ERROR] DbExamplesSqlite:437 - Missing JSON key: board_cpn
2024-05-19 02:06:58,832 [ERROR] DbExamplesSqlite:437 - Missing JSON key: board_cpn
2024-05-19 02:06:58,832 [ERROR] DbExamplesSqlite:437 - Missing JSON key: board_cpn
2024-05-19 02:06:58,933 [INFO] DbExamplesSqlite:395 - Ignored 60 examples not supported by CubeIDE
2024-05-19 02:06:58,934 [INFO] DbExamplesSqlite:396 - Found 8152 examples active
2024-05-19 02:06:58,934 [INFO] DbExamplesSqlite:397 - Found 871 examples obsolete
2024-05-19 02:06:58,934 [INFO] DbExamplesSqlite:398 - Found 0 examples under development
2024-05-19 02:06:58,934 [INFO] DbExamplesSqlite:399 - Found 10 examples not building
2024-05-19 02:06:58,937 [INFO] DbExamples:125 - Found 8102 examples
2024-05-19 02:06:58,947 [INFO] DbExamples:222 - Found 101 boards with related examples
2024-05-19 02:06:58,948 [INFO] DbExamples:235 - Found 86 MCUs with related examples
2024-05-19 02:06:58,966 [INFO] ApiDb:423 - Load user favorites file C:\Users\saksh/.stm32cubeide/favorites.examples.txt: 0 item(s)
2024-05-19 02:06:58,966 [INFO] ApiDb:427 - User favorites Examples=[]
2024-05-19 02:06:58,967 [INFO] DbExamples:250 - Set 0 / 0 favorites Examples
2024-05-19 02:06:59,337 [INFO] McuFinderGlobals:76 - Set McuFinderConnectedMode to true
2024-05-19 02:06:59,347 [INFO] MultiScanPanel:200 - Auto-refresh data requested => check proxy status ongoing
2024-05-19 02:06:59,353 [INFO] FinderPluginLoader:95 - Searching for filters in installed packs
2024-05-19 02:07:00,505 [INFO] LoadUrlFilesThread:185 - End of LoadServerUrlFiles without Thread
2024-05-19 02:07:00,515 [INFO] DetailPanel:341 - Set advertising image to C:/Users/saksh/STM32Cube/Repository/\en.prom-stm32h7rs-mcu-finder.jpg
2024-05-19 02:07:48,802 [INFO] MainUpdater:2873 - connection check result : 10
2024-05-19 02:07:48,802 [INFO] MainUpdater:2873 - connection check result : 10
2024-05-19 02:07:48,823 [INFO] MicroXplorer:468 - Change Database Path : 
2024-05-19 02:07:48,823 [INFO] MicroXplorer:498 - Change Database Version : DB.6.0.111
2024-05-19 02:07:48,829 [WARN] ThirdParty:871 - waiting for thirdparty lock release [close project]
2024-05-19 02:07:48,830 [INFO] ThirdParty:873 - entering critical section [close project]
2024-05-19 02:07:48,830 [INFO] ThirdParty:883 - exiting critical section [close project]
2024-05-19 02:07:48,832 [INFO] PinOutPanel:1561 - setPackage(No Configuration,No Configuration)
2024-05-19 02:07:48,834 [INFO] UtilMem:75 - Begin LoadConfig() Used Memory: 603121784 Bytes (848297984)
2024-05-19 02:07:48,835 [INFO] MicroXplorer:468 - Change Database Path : 
2024-05-19 02:07:48,835 [INFO] MicroXplorer:498 - Change Database Version : DB.6.0.111
2024-05-19 02:07:48,836 [INFO] OpenFileManager:312 - Change cursor
2024-05-19 02:07:48,948 [INFO] Mcu:2021 - Initializing MCU STM32F103C8Tx STM32F103C8Tx STM32F103C8T6
2024-05-19 02:07:49,618 [INFO] Context:663 - Trying to add GPIOservice into a context  which must be forbidden
2024-05-19 02:07:49,798 [INFO] ImportTextPane:194 - (OptionalMessage_ERROR) Unable to find key (Mcu.ThirdPartyNb) in loaded IOC file
2024-05-19 02:07:49,798 [INFO] ImportTextPane:194 - (OptionalMessage_ERROR) Unable to find key (Mcu.PinsNb) in loaded IOC file
2024-05-19 02:07:49,798 [INFO] ImportTextPane:194 - (OptionalMessage_ERROR) Unable to find key (Mcu.IPNb) in loaded IOC file
2024-05-19 02:07:49,950 [INFO] RtosManager:555 - Registered RTOS mode: class=CMSIS, group=RTOS, mode=CMSIS_V1, owner=FREERTOS
2024-05-19 02:07:49,950 [INFO] RtosManager:555 - Registered RTOS mode: class=CMSIS, group=RTOS2, mode=CMSIS_V2, owner=FREERTOS
2024-05-19 02:07:49,951 [INFO] RtosManager:555 - Registered RTOS mode: class=RTOS, group=Core, mode=CMSIS_V1, owner=FREERTOS
2024-05-19 02:07:49,951 [INFO] RtosManager:555 - Registered RTOS mode: class=RTOS, group=Core, mode=CMSIS_V2, owner=FREERTOS
2024-05-19 02:07:49,951 [WARN] ModelIntegratedComponent:184 - Missing modes for component STMicroelectronics:FreeRTOS:0.0.1:STMicroelectronics:RTOS:FreeRTOS:Core:::10.2.0:
2024-05-19 02:07:49,956 [WARN] ModelIntegratedComponent:63 - No mode defined for component null
2024-05-19 02:07:49,956 [WARN] ModelIntegratedComponent:63 - No mode defined for component null
2024-05-19 02:07:49,956 [WARN] ModelIntegratedComponent:63 - No mode defined for component null
2024-05-19 02:07:49,956 [WARN] ModelIntegratedComponent:63 - No mode defined for component null
2024-05-19 02:07:49,956 [WARN] ModelIntegratedComponent:63 - No mode defined for component null
2024-05-19 02:07:49,956 [WARN] ModelIntegratedComponent:63 - No mode defined for component null
2024-05-19 02:07:49,956 [WARN] ModelIntegratedComponent:63 - No mode defined for component null
2024-05-19 02:07:49,956 [WARN] ModelIntegratedComponent:63 - No mode defined for component null
2024-05-19 02:07:49,956 [WARN] ModelIntegratedComponent:63 - No mode defined for component null
2024-05-19 02:07:49,956 [WARN] ModelIntegratedComponent:63 - No mode defined for component null
2024-05-19 02:07:49,956 [WARN] ModelIntegratedComponent:63 - No mode defined for component null
2024-05-19 02:07:49,956 [WARN] ModelIntegratedComponent:63 - No mode defined for component null
2024-05-19 02:07:49,956 [WARN] ModelIntegratedComponent:63 - No mode defined for component null
2024-05-19 02:07:49,957 [WARN] ModelIntegratedComponent:63 - No mode defined for component null
2024-05-19 02:07:49,957 [WARN] ModelIntegratedComponent:63 - No mode defined for component null
2024-05-19 02:07:49,957 [WARN] ModelIntegratedComponent:63 - No mode defined for component null
2024-05-19 02:07:49,957 [WARN] ModelIntegratedComponent:63 - No mode defined for component null
2024-05-19 02:07:49,957 [WARN] ModelIntegratedComponent:63 - No mode defined for component null
2024-05-19 02:07:49,957 [WARN] ModelIntegratedComponent:63 - No mode defined for component null
2024-05-19 02:07:49,957 [WARN] ModelIntegratedComponent:63 - No mode defined for component null
2024-05-19 02:07:49,957 [WARN] ModelIntegratedComponent:63 - No mode defined for component null
2024-05-19 02:07:49,957 [WARN] ModelIntegratedComponent:63 - No mode defined for component null
2024-05-19 02:07:49,957 [WARN] ModelIntegratedComponent:63 - No mode defined for component null
2024-05-19 02:07:49,957 [WARN] ModelIntegratedComponent:63 - No mode defined for component null
2024-05-19 02:07:49,957 [WARN] ModelIntegratedComponent:63 - No mode defined for component null
2024-05-19 02:07:49,957 [WARN] ModelIntegratedComponent:63 - No mode defined for component null
2024-05-19 02:07:49,957 [WARN] ModelIntegratedComponent:63 - No mode defined for component null
2024-05-19 02:07:49,957 [WARN] ModelIntegratedComponent:63 - No mode defined for component null
2024-05-19 02:07:49,957 [WARN] ModelIntegratedComponent:63 - No mode defined for component null
2024-05-19 02:07:49,957 [WARN] ModelIntegratedComponent:63 - No mode defined for component null
2024-05-19 02:07:49,957 [WARN] ModelIntegratedComponent:63 - No mode defined for component null
2024-05-19 02:07:49,957 [WARN] ModelIntegratedComponent:63 - No mode defined for component null
2024-05-19 02:07:49,957 [WARN] ModelIntegratedComponent:63 - No mode defined for component null
2024-05-19 02:07:49,957 [WARN] ModelIntegratedComponent:63 - No mode defined for component null
2024-05-19 02:07:50,313 [INFO] ThirdPartyModel:298 - Start build external matchings
2024-05-19 02:07:52,672 [INFO] ThirdPartyModel:316 - End build external matchings
2024-05-19 02:07:52,845 [INFO] UtilMem:75 - End LoadConfig() Used Memory: 561544336 Bytes (1073741824)
2024-05-19 02:07:52,859 [WARN] ThirdParty:833 - waiting for thirdparty lock release [change project]
2024-05-19 02:07:52,859 [INFO] ThirdParty:835 - entering critical section [change project]
2024-05-19 02:07:52,859 [INFO] ThirdParty:1030 - CMSIS Pack Vendor :STMicroelectronics USBPD 4.1
2024-05-19 02:07:52,859 [INFO] ThirdParty:1030 - CMSIS Pack Vendor :STMicroelectronics X-CUBE-GNSS1 6.0.0
2024-05-19 02:07:52,859 [INFO] ThirdParty:1030 - CMSIS Pack Vendor :STMicroelectronics USB_HOST 2.0.0
2024-05-19 02:07:52,859 [INFO] ThirdParty:1030 - CMSIS Pack Vendor :STMicroelectronics FP-SNS-MOTENVWB1 1.4.0
2024-05-19 02:07:52,859 [INFO] ThirdParty:1030 - CMSIS Pack Vendor :STMicroelectronics X-CUBE-AZRTOS-F4 1.1.0
2024-05-19 02:07:52,859 [INFO] ThirdParty:1030 - CMSIS Pack Vendor :STMicroelectronics LIBJPEG 8.0.0
2024-05-19 02:07:52,859 [INFO] ThirdParty:1030 - CMSIS Pack Vendor :STMicroelectronics X-CUBE-SMBUS 2.1.0
2024-05-19 02:07:52,859 [INFO] ThirdParty:1030 - CMSIS Pack Vendor :STMicroelectronics X-CUBE-FREERTOS 1.2.0
2024-05-19 02:07:52,860 [INFO] ThirdParty:1030 - CMSIS Pack Vendor :STMicroelectronics X-CUBE-TOUCHGFX 4.23.1
2024-05-19 02:07:52,860 [INFO] ThirdParty:1030 - CMSIS Pack Vendor :STMicroelectronics X-CUBE-TOUCHGFX 4.23.0
2024-05-19 02:07:52,860 [INFO] ThirdParty:1030 - CMSIS Pack Vendor :STMicroelectronics X-CUBE-BLEMGR 1.2.0
2024-05-19 02:07:52,860 [INFO] ThirdParty:1030 - CMSIS Pack Vendor :STMicroelectronics X-CUBE-TOUCHGFX 4.23.2
2024-05-19 02:07:52,860 [INFO] ThirdParty:1030 - CMSIS Pack Vendor :STMicroelectronics X-CUBE-AZRTOS-F7 1.1.0
2024-05-19 02:07:52,860 [INFO] ThirdParty:1030 - CMSIS Pack Vendor :STMicroelectronics X-CUBE-AZRTOS-L5 2.0.0
2024-05-19 02:07:52,860 [INFO] ThirdParty:1030 - CMSIS Pack Vendor :STMicroelectronics USB_DEVICE 2.0.0
2024-05-19 02:07:52,860 [INFO] ThirdParty:1030 - CMSIS Pack Vendor :STMicroelectronics X-CUBE-MEMS1 9.6.0
2024-05-19 02:07:52,860 [INFO] ThirdParty:1030 - CMSIS Pack Vendor :STMicroelectronics X-CUBE-EEPRMA1 4.2.0
2024-05-19 02:07:52,860 [INFO] ThirdParty:1030 - CMSIS Pack Vendor :STMicroelectronics X-CUBE-NFC6 3.1.0
2024-05-19 02:07:52,860 [INFO] ThirdParty:1030 - CMSIS Pack Vendor :ITTIA_DB I-CUBE-ITTIADB 8.8.0
2024-05-19 02:07:52,860 [INFO] ThirdParty:1030 - CMSIS Pack Vendor :STMicroelectronics FP-SNS-MOTENV1 4.3.0
2024-05-19 02:07:52,860 [INFO] ThirdParty:1030 - CMSIS Pack Vendor :STMicroelectronics FP-SNS-MOTENV1 4.3.2
2024-05-19 02:07:52,860 [INFO] ThirdParty:1030 - CMSIS Pack Vendor :STMicroelectronics FP-SNS-FLIGHT1 5.0.0
2024-05-19 02:07:52,860 [INFO] ThirdParty:1030 - CMSIS Pack Vendor :STMicroelectronics FP-SNS-MOTENV1 4.3.1
2024-05-19 02:07:52,860 [INFO] ThirdParty:1030 - CMSIS Pack Vendor :STMicroelectronics FP-SNS-FLIGHT1 5.0.1
2024-05-19 02:07:52,860 [INFO] ThirdParty:1030 - CMSIS Pack Vendor :STMicroelectronics X-CUBE-BLE1 6.2.3
2024-05-19 02:07:52,860 [INFO] ThirdParty:1030 - CMSIS Pack Vendor :STMicroelectronics X-CUBE-BLE1 6.2.4
2024-05-19 02:07:52,860 [INFO] ThirdParty:1030 - CMSIS Pack Vendor :STMicroelectronics FreeRTOS 0.0.1
2024-05-19 02:07:52,860 [INFO] ThirdParty:1030 - CMSIS Pack Vendor :STMicroelectronics X-CUBE-BLEMGR 2.0.0
2024-05-19 02:07:52,860 [INFO] ThirdParty:1030 - CMSIS Pack Vendor :STMicroelectronics FP-SNS-FLIGHT1 5.0.2
2024-05-19 02:07:52,860 [INFO] ThirdParty:1030 - CMSIS Pack Vendor :STMicroelectronics X-CUBE-NFC4 2.0.4
2024-05-19 02:07:52,860 [INFO] ThirdParty:1030 - CMSIS Pack Vendor :STMicroelectronics X-CUBE-AI 9.0.0
2024-05-19 02:07:52,860 [INFO] ThirdParty:1030 - CMSIS Pack Vendor :STMicroelectronics X-CUBE-AZRTOS-H7 3.1.0
2024-05-19 02:07:52,860 [INFO] ThirdParty:1030 - CMSIS Pack Vendor :STMicroelectronics PDM2PCM 3.3.0
2024-05-19 02:07:52,860 [INFO] ThirdParty:1030 - CMSIS Pack Vendor :STMicroelectronics X-CUBE-TOF1 3.1.0
2024-05-19 02:07:52,860 [INFO] ThirdParty:1030 - CMSIS Pack Vendor :STMicroelectronics X-CUBE-DISPLAY 3.0.0
2024-05-19 02:07:52,860 [INFO] ThirdParty:1030 - CMSIS Pack Vendor :STMicroelectronics X-CUBE-BLE1 7.0.0
2024-05-19 02:07:52,860 [INFO] ThirdParty:1030 - CMSIS Pack Vendor :wolfSSL I-CUBE-wolfSSL 5.5.0
2024-05-19 02:07:52,860 [INFO] ThirdParty:1030 - CMSIS Pack Vendor :STMicroelectronics HAL Drivers 0.0.0
2024-05-19 02:07:52,860 [INFO] ThirdParty:1030 - CMSIS Pack Vendor :STMicroelectronics X-CUBE-TOUCHGFX 4.22.0
2024-05-19 02:07:52,860 [INFO] ThirdParty:1030 - CMSIS Pack Vendor :STMicroelectronics X-CUBE-NFC7 1.0.1
2024-05-19 02:07:52,860 [INFO] ThirdParty:1030 - CMSIS Pack Vendor :STMicroelectronics MBEDTLS 2.14.1
2024-05-19 02:07:52,860 [INFO] ThirdParty:1030 - CMSIS Pack Vendor :STMicroelectronics X-CUBE-NFC7 1.0.0
2024-05-19 02:07:52,860 [INFO] ThirdParty:1030 - CMSIS Pack Vendor :STMicroelectronics X-CUBE-NFC6 3.0.0
2024-05-19 02:07:52,860 [INFO] ThirdParty:1030 - CMSIS Pack Vendor :STMicroelectronics X-CUBE-MEMS1 9.3.0
2024-05-19 02:07:52,860 [INFO] ThirdParty:1030 - CMSIS Pack Vendor :STMicroelectronics X-CUBE-EEPRMA1 4.1.0
2024-05-19 02:07:52,860 [INFO] ThirdParty:1030 - CMSIS Pack Vendor :STMicroelectronics X-CUBE-AI 7.2.0
2024-05-19 02:07:52,860 [INFO] ThirdParty:1030 - CMSIS Pack Vendor :STMicroelectronics X-CUBE-BLEMGR 3.1.0
2024-05-19 02:07:52,860 [INFO] ThirdParty:1030 - CMSIS Pack Vendor :STMicroelectronics FP-SNS-SMARTAG2 1.2.0
2024-05-19 02:07:52,860 [INFO] ThirdParty:1030 - CMSIS Pack Vendor :STMicroelectronics X-CUBE-AZRTOS-WL 2.0.0
2024-05-19 02:07:52,860 [INFO] ThirdParty:1030 - CMSIS Pack Vendor :STMicroelectronics FP-SNS-MOTENV1 5.0.0
2024-05-19 02:07:52,860 [INFO] ThirdParty:1030 - CMSIS Pack Vendor :STMicroelectronics USB_DEVICE 1.0.0
2024-05-19 02:07:52,861 [INFO] ThirdParty:1030 - CMSIS Pack Vendor :STMicroelectronics X-CUBE-AI 8.1.0
2024-05-19 02:07:52,861 [INFO] ThirdParty:1030 - CMSIS Pack Vendor :STMicroelectronics X-CUBE-AZRTOS-L4 2.0.0
2024-05-19 02:07:52,861 [INFO] ThirdParty:1030 - CMSIS Pack Vendor :STMicroelectronics ThreadX 0.0.2
2024-05-19 02:07:52,861 [INFO] ThirdParty:1030 - CMSIS Pack Vendor :WES I-CUBE-Cesium 1.3.0
2024-05-19 02:07:52,861 [INFO] ThirdParty:1030 - CMSIS Pack Vendor :STMicroelectronics lwIP 2.1.2
2024-05-19 02:07:52,861 [INFO] ThirdParty:1030 - CMSIS Pack Vendor :STMicroelectronics X-CUBE-SFXS2LP1 4.0.0
2024-05-19 02:07:52,861 [INFO] ThirdParty:1030 - CMSIS Pack Vendor :STMicroelectronics X-CUBE-BLE2 3.3.0
2024-05-19 02:07:52,861 [INFO] ThirdParty:1030 - CMSIS Pack Vendor :STMicroelectronics X-CUBE-DISPLAY 2.2.0
2024-05-19 02:07:52,861 [INFO] ThirdParty:1030 - CMSIS Pack Vendor :STMicroelectronics X-CUBE-TOF1 3.2.0
2024-05-19 02:07:52,861 [INFO] ThirdParty:1030 - CMSIS Pack Vendor :STMicroelectronics PDM2PCM 3.2.0
2024-05-19 02:07:52,861 [INFO] ThirdParty:1030 - CMSIS Pack Vendor :STMicroelectronics X-CUBE-AZRTOS-H7 3.0.0
2024-05-19 02:07:52,861 [INFO] ThirdParty:1030 - CMSIS Pack Vendor :STMicroelectronics X-CUBE-ISPU 1.0.0
2024-05-19 02:07:52,861 [INFO] ThirdParty:1030 - CMSIS Pack Vendor :STMicroelectronics X-CUBE-ISPU 1.1.0
2024-05-19 02:07:52,861 [INFO] ThirdParty:1030 - CMSIS Pack Vendor :RoweBots I-CUBE-UNISONRTOS 5.5.0-4
2024-05-19 02:07:52,861 [INFO] ThirdParty:1030 - CMSIS Pack Vendor :STMicroelectronics X-CUBE-AZRTOS-H7 2.1.0
2024-05-19 02:07:52,861 [INFO] ThirdParty:1030 - CMSIS Pack Vendor :STMicroelectronics USB_DEVICE 3.0.0
2024-05-19 02:07:52,861 [INFO] ThirdParty:1030 - CMSIS Pack Vendor :STMicroelectronics X-CUBE-TCPP 4.1.0
2024-05-19 02:07:52,861 [INFO] ThirdParty:1030 - CMSIS Pack Vendor :STMicroelectronics X-CUBE-AI 8.0.0
2024-05-19 02:07:52,861 [INFO] ThirdParty:1030 - CMSIS Pack Vendor :STMicroelectronics X-CUBE-AZRTOS-WB 2.0.0
2024-05-19 02:07:52,861 [INFO] ThirdParty:1030 - CMSIS Pack Vendor :STMicroelectronics X-CUBE-FREERTOS 1.0.0
2024-05-19 02:07:52,861 [INFO] ThirdParty:1030 - CMSIS Pack Vendor :STMicroelectronics X-CUBE-FREERTOS 1.0.1
2024-05-19 02:07:52,861 [INFO] ThirdParty:1030 - CMSIS Pack Vendor :STMicroelectronics X-CUBE-TOUCHGFX 4.21.1
2024-05-19 02:07:52,861 [INFO] ThirdParty:1030 - CMSIS Pack Vendor :STMicroelectronics X-CUBE-TOUCHGFX 4.21.3
2024-05-19 02:07:52,861 [INFO] ThirdParty:1030 - CMSIS Pack Vendor :STMicroelectronics X-CUBE-BLEMGR 1.0.0
2024-05-19 02:07:52,861 [INFO] ThirdParty:1030 - CMSIS Pack Vendor :STMicroelectronics X-CUBE-TOUCHGFX 4.21.4
2024-05-19 02:07:52,861 [INFO] ThirdParty:1030 - CMSIS Pack Vendor :STMicroelectronics X-CUBE-MEMS1 9.4.0
2024-05-19 02:07:52,861 [INFO] ThirdParty:1030 - CMSIS Pack Vendor :STMicroelectronics X-CUBE-AI 7.3.0
2024-05-19 02:07:52,861 [INFO] ThirdParty:1030 - CMSIS Pack Vendor :STMicroelectronics X-CUBE-ALGOBUILD 1.3.0
2024-05-19 02:07:52,861 [INFO] ThirdParty:1030 - CMSIS Pack Vendor :STMicroelectronics X-CUBE-AZRTOS-L5 1.1.0
2024-05-19 02:07:52,861 [INFO] ThirdParty:1030 - CMSIS Pack Vendor :STMicroelectronics X-CUBE-AZRTOS-G0 1.1.0
2024-05-19 02:07:52,861 [INFO] ThirdParty:1030 - CMSIS Pack Vendor :STMicroelectronics X-CUBE-AI 8.0.1
2024-05-19 02:07:52,861 [INFO] ThirdParty:1030 - CMSIS Pack Vendor :STMicroelectronics X-CUBE-SAFEA1 1.2.2
2024-05-19 02:07:52,861 [INFO] ThirdParty:1030 - CMSIS Pack Vendor :STMicroelectronics X-CUBE-NFC4 3.0.0
2024-05-19 02:07:52,861 [INFO] ThirdParty:1030 - CMSIS Pack Vendor :SEGGER I-CUBE-embOS 1.2.0
2024-05-19 02:07:52,861 [INFO] ThirdParty:1030 - CMSIS Pack Vendor :STMicroelectronics X-CUBE-SUBG2 5.0.0
2024-05-19 02:07:52,861 [INFO] ThirdParty:1030 - CMSIS Pack Vendor :STMicroelectronics STM32_WPAN 1.0.0
2024-05-19 02:07:52,861 [INFO] ThirdParty:1030 - CMSIS Pack Vendor :STMicroelectronics lwIP 2.0.3
2024-05-19 02:07:52,861 [INFO] ThirdParty:1030 - CMSIS Pack Vendor :STMicroelectronics USB_HOST 1.0.0
2024-05-19 02:07:52,861 [INFO] ThirdParty:1030 - CMSIS Pack Vendor :STMicroelectronics X-CUBE-TOF1 3.3.1
2024-05-19 02:07:52,861 [INFO] ThirdParty:1030 - CMSIS Pack Vendor :STMicroelectronics X-CUBE-AZRTOS-G4 2.0.0
2024-05-19 02:07:52,861 [INFO] ThirdParty:1030 - CMSIS Pack Vendor :STMicroelectronics PDM2PCM 3.1.0
2024-05-19 02:07:52,861 [INFO] ThirdParty:1030 - CMSIS Pack Vendor :STMicroelectronics X-CUBE-TOF1 3.3.0
2024-05-19 02:07:52,861 [INFO] ThirdParty:1030 - CMSIS Pack Vendor :STMicroelectronics FP-ATR-ASTRA1 1.1.1
2024-05-19 02:07:52,861 [INFO] ThirdParty:1030 - CMSIS Pack Vendor :Infineon AIROC-Wi-Fi-Bluetooth-STM32 1.5.1
2024-05-19 02:07:52,861 [INFO] ThirdParty:1030 - CMSIS Pack Vendor :STMicroelectronics X-CUBE-BLEMGR 3.0.0
2024-05-19 02:07:52,861 [INFO] ThirdParty:1030 - CMSIS Pack Vendor :STMicroelectronics X-CUBE-BLEMGR 1.3.0
2024-05-19 02:07:52,861 [INFO] ThirdParty:1030 - CMSIS Pack Vendor :STMicroelectronics FP-SNS-MOTENVWB1 1.3.1
2024-05-19 02:07:52,861 [INFO] ThirdParty:1030 - CMSIS Pack Vendor :STMicroelectronics FP-ATR-SIGFOX1 3.2.0
2024-05-19 02:07:52,861 [INFO] ThirdParty:1030 - CMSIS Pack Vendor :STMicroelectronics X-CUBE-AZRTOS-G4 1.0.0
2024-05-19 02:07:52,861 [INFO] ThirdParty:1030 - CMSIS Pack Vendor :STMicroelectronics X-CUBE-AZRTOS-L4 1.0.0
2024-05-19 02:07:52,861 [INFO] ThirdParty:1030 - CMSIS Pack Vendor :STMicroelectronics X-CUBE-ISPU 2.0.0
2024-05-19 02:07:52,861 [INFO] ThirdParty:1030 - CMSIS Pack Vendor :STMicroelectronics X-CUBE-EEPRMA1 5.1.0
2024-05-19 02:07:52,861 [INFO] ThirdParty:1030 - CMSIS Pack Vendor :STMicroelectronics MBEDTLS 2.16.2
2024-05-19 02:07:52,861 [INFO] ThirdParty:1030 - CMSIS Pack Vendor :emotas I-CUBE-CANOPEN 1.1.2
2024-05-19 02:07:52,861 [INFO] ThirdParty:1030 - CMSIS Pack Vendor :STMicroelectronics X-CUBE-TOUCHGFX 4.20.0
2024-05-19 02:07:52,861 [INFO] ThirdParty:1030 - CMSIS Pack Vendor :STMicroelectronics X-CUBE-MEMS1 10.0.0
2024-05-19 02:07:52,861 [INFO] ThirdParty:1030 - CMSIS Pack Vendor :STMicroelectronics X-CUBE-FREERTOS 1.1.0
2024-05-19 02:07:52,861 [INFO] ThirdParty:1030 - CMSIS Pack Vendor :STMicroelectronics X-CUBE-AZRTOS-WL 1.0.0
2024-05-19 02:07:52,861 [INFO] ThirdParty:1030 - CMSIS Pack Vendor :portGmbH I-Cube-SoM-uGOAL 1.1.0
2024-05-19 02:07:52,861 [INFO] ThirdParty:1030 - CMSIS Pack Vendor :STMicroelectronics X-CUBE-ALS 1.0.1
2024-05-19 02:07:52,862 [INFO] ThirdParty:1030 - CMSIS Pack Vendor :STMicroelectronics X-CUBE-MEMS1 9.5.0
2024-05-19 02:07:52,862 [INFO] ThirdParty:1030 - CMSIS Pack Vendor :STMicroelectronics ThreadX 1.0.0
2024-05-19 02:07:52,862 [INFO] ThirdParty:1030 - CMSIS Pack Vendor :STMicroelectronics X-CUBE-AZRTOS-WB 1.1.0
2024-05-19 02:07:52,862 [INFO] ThirdParty:1030 - CMSIS Pack Vendor :SEGGER I-CUBE-embOS 1.3.1
2024-05-19 02:07:52,862 [INFO] ThirdParty:1030 - CMSIS Pack Vendor :STMicroelectronics X-CUBE-ALGOBUILD 1.4.0
2024-05-19 02:07:52,862 [INFO] ThirdParty:1030 - CMSIS Pack Vendor :STMicroelectronics X-CUBE-AZRTOS-L5 1.0.0
2024-05-19 02:07:52,862 [INFO] ThirdParty:1030 - CMSIS Pack Vendor :STMicroelectronics X-CUBE-EEPRMA1 3.1.1
2024-05-19 02:07:52,862 [INFO] ThirdParty:1030 - CMSIS Pack Vendor :STMicroelectronics X-CUBE-AZRTOS-H7RS 1.0.0
2024-05-19 02:07:52,862 [INFO] ThirdParty:1030 - CMSIS Pack Vendor :STMicroelectronics FP-ATR-ASTRA1 2.0.0
2024-05-19 02:07:52,862 [INFO] ThirdParty:1030 - CMSIS Pack Vendor :STMicroelectronics X-CUBE-TOF1 3.4.0
2024-05-19 02:07:52,862 [INFO] ThirdParty:1030 - CMSIS Pack Vendor :STMicroelectronics X-CUBE-TOF1 3.4.1
2024-05-19 02:07:52,862 [INFO] ThirdParty:1030 - CMSIS Pack Vendor :STMicroelectronics X-CUBE-AZRTOS-H7 3.2.0
2024-05-19 02:07:52,862 [INFO] ThirdParty:841 - exiting critical section [change project]
2024-05-19 02:07:53,069 [INFO] PinOutPanel:1561 - setPackage(No Configuration,No Configuration)
2024-05-19 02:07:53,071 [INFO] PinOutPanel:1561 - setPackage(STM32F103C8Tx,LQFP48)
2024-05-19 02:07:53,476 [INFO] UtilMem:75 - Before build in PCC Used Memory: 669133072 Bytes (1073741824)
2024-05-19 02:07:54,196 [INFO] UtilMem:75 - After build in PCC Used Memory: 739566080 Bytes (1073741824)
2024-05-19 02:07:54,216 [INFO] IPUIPlugin:80 - create IPUIPlugin
2024-05-19 02:07:54,216 [INFO] IPUIPlugin:80 - create IPUIPlugin
2024-05-19 02:07:54,216 [INFO] IPUIPlugin:80 - create IPUIPlugin
2024-05-19 02:07:54,216 [INFO] IPUIPlugin:80 - create IPUIPlugin
2024-05-19 02:07:54,216 [INFO] IPUIPlugin:80 - create IPUIPlugin
2024-05-19 02:07:54,216 [INFO] IPUIPlugin:80 - create IPUIPlugin
2024-05-19 02:07:54,216 [INFO] IPUIPlugin:80 - create IPUIPlugin
2024-05-19 02:07:54,216 [INFO] IPUIPlugin:80 - create IPUIPlugin
2024-05-19 02:07:54,217 [INFO] IPUIPlugin:80 - create IPUIPlugin
2024-05-19 02:07:54,217 [INFO] IPUIPlugin:80 - create IPUIPlugin
2024-05-19 02:07:54,217 [INFO] IPUIPlugin:80 - create IPUIPlugin
2024-05-19 02:07:54,217 [INFO] IPUIPlugin:80 - create IPUIPlugin
2024-05-19 02:07:54,217 [INFO] IPUIPlugin:80 - create IPUIPlugin
2024-05-19 02:07:54,217 [INFO] IPUIPlugin:80 - create IPUIPlugin
2024-05-19 02:07:54,217 [INFO] IPUIPlugin:80 - create IPUIPlugin
2024-05-19 02:07:54,217 [INFO] IPUIPlugin:80 - create IPUIPlugin
2024-05-19 02:07:54,217 [INFO] IPUIPlugin:80 - create IPUIPlugin
2024-05-19 02:07:54,217 [INFO] IPUIPlugin:80 - create IPUIPlugin
2024-05-19 02:07:54,217 [INFO] IPUIPlugin:80 - create IPUIPlugin
2024-05-19 02:07:54,217 [INFO] IPUIPlugin:80 - create IPUIPlugin
2024-05-19 02:07:54,218 [INFO] IPUIPlugin:80 - create IPUIPlugin
2024-05-19 02:07:54,218 [INFO] IPUIPlugin:80 - create IPUIPlugin
2024-05-19 02:07:54,218 [INFO] IPUIPlugin:80 - create IPUIPlugin
2024-05-19 02:07:54,218 [INFO] IPUIPlugin:80 - create IPUIPlugin
2024-05-19 02:07:54,218 [INFO] IPUIPlugin:80 - create IPUIPlugin
2024-05-19 02:07:54,218 [INFO] IPUIPlugin:80 - create IPUIPlugin
2024-05-19 02:07:54,218 [INFO] IPUIPlugin:80 - create IPUIPlugin
2024-05-19 02:07:54,412 [INFO] CADModel:165 - CPN selected for project levelSTM32F103C8T6
2024-05-19 02:07:54,412 [INFO] CADModel:114 - Register for checkConnection events
2024-05-19 02:07:54,450 [INFO] OpenFileManager:343 - Restore cursor
2024-05-19 02:07:54,968 [INFO] UtilMem:75 - End SaveConfig() Used Memory: 814537168 Bytes (1073741824)
2024-05-19 02:07:55,015 [INFO] UtilMem:75 - End SaveConfig() Used Memory: 827467992 Bytes (1073741824)
2024-05-19 02:07:55,313 [INFO] BlockDiagram:2759 - set Specific Code input for plugin: NVIC
2024-05-19 02:07:55,313 [INFO] BlockDiagram:2759 - set Specific Code input for plugin: RCC
2024-05-19 02:07:55,314 [INFO] CodeGenerator:807 - code generatio: config db path: C:\ST\STM32CubeIDE_1.10.1\STM32CubeIDE\plugins\com.st.stm32cube.common.mx_6.11.1.202404110753\\db\
2024-05-19 02:07:55,426 [INFO] CodeEngine:255 - oldGeneratedFile, D:\Download\DeleteThis\Overclock bluepill\MXTmpFiles\license.tmp_save
2024-05-19 02:07:55,711 [INFO] CodeEngine:279 - Generated code: D:\Download\DeleteThis\Overclock bluepill\MXTmpFiles\license.tmp
2024-05-19 02:07:55,732 [INFO] CodeEngine:255 - oldGeneratedFile, D:\Download\DeleteThis\Overclock bluepill\Core\Src\stm32f1xx_it.c_save
2024-05-19 02:07:55,881 [INFO] CodeEngine:279 - Generated code: D:\Download\DeleteThis\Overclock bluepill\Core\Src\stm32f1xx_it.c
2024-05-19 02:07:55,893 [INFO] CodeEngine:255 - oldGeneratedFile, D:\Download\DeleteThis\Overclock bluepill\Core\Inc\stm32f1xx_it.h_save
2024-05-19 02:07:55,989 [INFO] CodeEngine:279 - Generated code: D:\Download\DeleteThis\Overclock bluepill\Core\Inc\stm32f1xx_it.h
2024-05-19 02:07:56,123 [INFO] CodeEngine:255 - oldGeneratedFile, D:\Download\DeleteThis\Overclock bluepill\Core\Src\stm32f1xx_hal_msp.c_save
2024-05-19 02:07:56,248 [INFO] CodeEngine:279 - Generated code: D:\Download\DeleteThis\Overclock bluepill\Core\Src\stm32f1xx_hal_msp.c
2024-05-19 02:07:56,258 [INFO] CodeEngine:255 - oldGeneratedFile, D:\Download\DeleteThis\Overclock bluepill\MXTmpFiles\system.tmp_save
2024-05-19 02:07:56,315 [INFO] CodeEngine:279 - Generated code: D:\Download\DeleteThis\Overclock bluepill\MXTmpFiles\system.tmp
2024-05-19 02:07:56,327 [INFO] CodeEngine:311 - oldGeneratedFile, D:\Download\DeleteThis\Overclock bluepill\Core\Inc\stm32f1xx_hal_conf.h_save
2024-05-19 02:07:56,424 [INFO] CodeEngine:335 - Generated code: D:\Download\DeleteThis\Overclock bluepill\Core\Inc\stm32f1xx_hal_conf.h
2024-05-19 02:07:56,478 [INFO] CodeEngine:255 - oldGeneratedFile, D:\Download\DeleteThis\Overclock bluepill\Core\Inc\main.h_save
2024-05-19 02:07:56,577 [INFO] CodeEngine:279 - Generated code: D:\Download\DeleteThis\Overclock bluepill\Core\Inc\main.h
2024-05-19 02:07:56,589 [INFO] CodeEngine:255 - oldGeneratedFile, D:\Download\DeleteThis\Overclock bluepill\Core\Src\main.c_save
2024-05-19 02:07:56,712 [INFO] CodeEngine:279 - Generated code: D:\Download\DeleteThis\Overclock bluepill\Core\Src\main.c
2024-05-19 02:07:57,044 [INFO] ProjectBuilder:3163 - Time for Copy HAL[1] : 156mS.
2024-05-19 02:07:57,051 [INFO] ProjectBuilder:4736 - Project Generator version: 4.3.0-B58
2024-05-19 02:07:57,129 [INFO] ConfigFileManager:1503 - The Die is : DIE410
2024-05-19 02:07:57,165 [INFO] ApiDbMcu:508 - Load IP Config File for FATFS
2024-05-19 02:07:57,194 [INFO] ApiDbMcu:508 - Load IP Config File for FREERTOS
2024-05-19 02:07:57,209 [INFO] ApiDbMcu:508 - Load IP Config File for USB_DEVICE
2024-05-19 02:07:57,798 [INFO] LogOutputStream:77 - [STDOUT_REDIRECT] 
2024-05-19 02:08:00,401 [INFO] ProjectBuilder:5002 - Time for Generating toolchain IDE Files: 3350mS.
2024-05-19 02:08:00,402 [INFO] ProjectBuilder:3034 - Time for Copy CMSIS : 1mS.
2024-05-19 02:08:00,403 [INFO] ProjectBuilder:3034 - Time for Copy CMSIS : 0mS.
2024-05-19 02:08:01,165 [INFO] McuFinderGlobals:76 - Set McuFinderConnectedMode to true
2024-05-19 02:08:01,168 [INFO] ApiDb:448 - Save user favorites file C:\Users\saksh/.stm32cubeide/favorites.mcus.txt: 1 item(s)
2024-05-19 02:08:01,168 [INFO] ApiDb:452 - User favorites MCUs=[STM32F103C8T6]
2024-05-19 02:10:52,405 [INFO] NvicIntPanel:101 - NVIC parent = com.st.microxplorer.plugins.ip.nvic.MultiNvicIntPanel[,0,0,450x277,layout=javax.swing.BoxLayout,alignmentX=0.0,alignmentY=0.0,border=,flags=9,maximumSize=,minimumSize=,preferredSize=]
2024-05-19 02:10:58,292 [INFO] NvicIntPanel:101 - NVIC parent = com.st.microxplorer.plugins.ip.nvic.MultiNvicIntPanel[,0,0,0x0,invalid,layout=javax.swing.BoxLayout,alignmentX=0.0,alignmentY=0.0,border=,flags=9,maximumSize=,minimumSize=,preferredSize=]
2024-05-19 02:11:12,747 [INFO] NvicIntPanel:101 - NVIC parent = com.st.microxplorer.plugins.ip.nvic.MultiNvicIntPanel[,0,0,0x0,invalid,layout=javax.swing.BoxLayout,alignmentX=0.0,alignmentY=0.0,border=,flags=9,maximumSize=,minimumSize=,preferredSize=]
2024-05-19 02:11:20,669 [INFO] NvicIntPanel:101 - NVIC parent = com.st.microxplorer.plugins.ip.nvic.MultiNvicIntPanel[,0,0,0x0,invalid,layout=javax.swing.BoxLayout,alignmentX=0.0,alignmentY=0.0,border=,flags=9,maximumSize=,minimumSize=,preferredSize=]
2024-05-19 02:11:52,214 [INFO] NvicIntPanel:101 - NVIC parent = com.st.microxplorer.plugins.ip.nvic.MultiNvicIntPanel[,0,0,0x0,invalid,layout=javax.swing.BoxLayout,alignmentX=0.0,alignmentY=0.0,border=,flags=9,maximumSize=,minimumSize=,preferredSize=]
2024-05-19 02:12:01,290 [INFO] UtilMem:75 - End SaveConfig() Used Memory: 373939416 Bytes (793772032)
2024-05-19 02:12:02,830 [INFO] UtilMem:75 - End SaveConfig() Used Memory: 391015312 Bytes (793772032)
2024-05-19 02:12:05,233 [INFO] UtilMem:75 - End SaveConfig() Used Memory: 431084744 Bytes (793772032)
2024-05-19 02:12:05,400 [INFO] BlockDiagram:2759 - set Specific Code input for plugin: NVIC
2024-05-19 02:12:05,400 [INFO] BlockDiagram:2759 - set Specific Code input for plugin: TIM1_8F1
2024-05-19 02:12:05,400 [INFO] BlockDiagram:2759 - set Specific Code input for plugin: SYS
2024-05-19 02:12:05,400 [INFO] BlockDiagram:2759 - set Specific Code input for plugin: GPIO
2024-05-19 02:12:05,400 [INFO] BlockDiagram:2759 - set Specific Code input for plugin: RCC
2024-05-19 02:12:05,402 [INFO] CodeGenerator:807 - code generatio: config db path: C:\ST\STM32CubeIDE_1.10.1\STM32CubeIDE\plugins\com.st.stm32cube.common.mx_6.11.1.202404110753\\db\
2024-05-19 02:12:05,450 [INFO] CodeEngine:255 - oldGeneratedFile, D:\Download\DeleteThis\Overclock bluepill\MXTmpFiles\license.tmp_save
2024-05-19 02:12:05,537 [INFO] CodeEngine:279 - Generated code: D:\Download\DeleteThis\Overclock bluepill\MXTmpFiles\license.tmp
2024-05-19 02:12:05,583 [INFO] CodeEngine:255 - oldGeneratedFile, D:\Download\DeleteThis\Overclock bluepill\MXTmpFiles\gpio.tmp_save
2024-05-19 02:12:05,693 [INFO] CodeEngine:279 - Generated code: D:\Download\DeleteThis\Overclock bluepill\MXTmpFiles\gpio.tmp
2024-05-19 02:12:05,782 [INFO] CodeEngine:255 - oldGeneratedFile, D:\Download\DeleteThis\Overclock bluepill\Core\Src\stm32f1xx_it.c_save
2024-05-19 02:12:05,983 [INFO] CodeEngine:279 - Generated code: D:\Download\DeleteThis\Overclock bluepill\Core\Src\stm32f1xx_it.c
2024-05-19 02:12:05,987 [INFO] CodeEngine:255 - oldGeneratedFile, D:\Download\DeleteThis\Overclock bluepill\Core\Inc\stm32f1xx_it.h_save
2024-05-19 02:12:06,062 [INFO] CodeEngine:279 - Generated code: D:\Download\DeleteThis\Overclock bluepill\Core\Inc\stm32f1xx_it.h
2024-05-19 02:12:06,083 [INFO] CodeEngine:255 - oldGeneratedFile, D:\Download\DeleteThis\Overclock bluepill\Core\Src\stm32f1xx_hal_msp.c_save
2024-05-19 02:12:06,195 [INFO] CodeEngine:279 - Generated code: D:\Download\DeleteThis\Overclock bluepill\Core\Src\stm32f1xx_hal_msp.c
2024-05-19 02:12:06,198 [INFO] CodeEngine:255 - oldGeneratedFile, D:\Download\DeleteThis\Overclock bluepill\MXTmpFiles\system.tmp_save
2024-05-19 02:12:06,253 [INFO] CodeEngine:279 - Generated code: D:\Download\DeleteThis\Overclock bluepill\MXTmpFiles\system.tmp
2024-05-19 02:12:06,267 [INFO] CodeEngine:311 - oldGeneratedFile, D:\Download\DeleteThis\Overclock bluepill\Core\Inc\stm32f1xx_hal_conf.h_save
2024-05-19 02:12:06,353 [INFO] CodeEngine:335 - Generated code: D:\Download\DeleteThis\Overclock bluepill\Core\Inc\stm32f1xx_hal_conf.h
2024-05-19 02:12:06,380 [WARN] IPConfigManager:3513 - IP not found : TIM
2024-05-19 02:12:06,380 [WARN] CodeGenerator:3951 - IP not found : null
2024-05-19 02:12:06,393 [INFO] CodeEngine:255 - oldGeneratedFile, D:\Download\DeleteThis\Overclock bluepill\Core\Inc\main.h_save
2024-05-19 02:12:06,488 [INFO] CodeEngine:279 - Generated code: D:\Download\DeleteThis\Overclock bluepill\Core\Inc\main.h
2024-05-19 02:12:06,496 [INFO] CodeEngine:255 - oldGeneratedFile, D:\Download\DeleteThis\Overclock bluepill\Core\Src\main.c_save
2024-05-19 02:12:06,611 [INFO] CodeEngine:279 - Generated code: D:\Download\DeleteThis\Overclock bluepill\Core\Src\main.c
2024-05-19 02:12:06,864 [INFO] ProjectBuilder:3163 - Time for Copy HAL[1] : 83mS.
2024-05-19 02:12:06,866 [INFO] ProjectBuilder:4736 - Project Generator version: 4.3.0-B58
2024-05-19 02:12:06,914 [INFO] ConfigFileManager:1503 - The Die is : DIE410
2024-05-19 02:12:07,848 [INFO] ProjectBuilder:5002 - Time for Generating toolchain IDE Files: 982mS.
2024-05-19 02:12:07,848 [INFO] ProjectBuilder:3034 - Time for Copy CMSIS : 0mS.
2024-05-19 02:12:07,850 [INFO] ProjectBuilder:3034 - Time for Copy CMSIS : 1mS.
2024-05-19 02:18:05,770 [ERROR] LogOutputStream:75 - [STDERR_REDIRECT] 
2024-05-19 02:34:55,092 [INFO] Activator:176 - 


2024-05-19 02:34:55,093 [INFO] Activator:177 - !SESSION log4j initialized
2024-05-19 02:34:59,683 [INFO] LogOutputStream:77 - [STDOUT_REDIRECT] 
2024-05-19 02:35:00,444 [INFO] ApplicationProperties:184 - Using Application install path: C:\ST\STM32CubeIDE_1.10.1\STM32CubeIDE\plugins\com.st.stm32cube.common.mx_6.11.1.202404110753
2024-05-19 02:35:00,463 [INFO] DbMcusXml:78 - Set database path to: C:\ST\STM32CubeIDE_1.10.1\STM32CubeIDE\plugins\com.st.stm32cube.common.mx_6.11.1.202404110753\\db\/mcu/
2024-05-19 02:35:00,463 [INFO] ApiDb:274 - Set plugin database path to: C:\ST\STM32CubeIDE_1.10.1\STM32CubeIDE\plugins\com.st.stm32cube.common.mx_6.11.1.202404110753\\db\/plugins/boardmanager/
2024-05-19 02:35:00,463 [WARN] ApiDb:259 - Overriding images path with different value:  => C:\ST\STM32CubeIDE_1.10.1\STM32CubeIDE\plugins\com.st.stm32cube.common.mx_6.11.1.202404110753\\db\/plugins/mcufinder/images/
2024-05-19 02:35:00,468 [INFO] ApiDb:250 - Set database path to: C:\Users\saksh\.stmcufinder\plugins\mcufinder//mcu/
2024-05-19 02:35:00,470 [INFO] DbMcusAds:125 - Set database path to: C:\Users\saksh\.stmcufinder\plugins\mcufinder//mcu/
2024-05-19 02:35:00,471 [INFO] CrossReferenceDbSqlite:203 - Set database path to: C:\Users\saksh\.stmcufinder\plugins\mcufinder//mcu/cs/
2024-05-19 02:35:00,563 [INFO] RulesReader:64 - Compatibility file has been processed (297 Rules)
2024-05-19 02:35:00,627 [INFO] DbMcusXml:78 - Set database path to: C:\ST\STM32CubeIDE_1.10.1\STM32CubeIDE\plugins\com.st.stm32cube.common.mx_6.11.1.202404110753\\db\/mcu/
2024-05-19 02:35:00,627 [INFO] ApiDb:274 - Set plugin database path to: C:\ST\STM32CubeIDE_1.10.1\STM32CubeIDE\plugins\com.st.stm32cube.common.mx_6.11.1.202404110753\\db\/plugins/boardmanager/
2024-05-19 02:35:00,627 [INFO] ApiDb:261 - Set plugin images path to: C:\ST\STM32CubeIDE_1.10.1\STM32CubeIDE\plugins\com.st.stm32cube.common.mx_6.11.1.202404110753\\db\/plugins/mcufinder/images/
2024-05-19 02:35:00,627 [WARN] DbFile:41 - Overriding database path with different value: C:\Users\saksh\.stmcufinder\plugins\mcufinder/ => C:\Users\saksh\.stmcufinder\plugins\mcufinder
2024-05-19 02:35:00,627 [INFO] ApiDb:250 - Set database path to: C:\Users\saksh\.stmcufinder\plugins\mcufinder//mcu/
2024-05-19 02:35:00,627 [WARN] DbFile:41 - Overriding database path with different value: C:\Users\saksh\.stmcufinder\plugins\mcufinder/ => C:\Users\saksh\.stmcufinder\plugins\mcufinder
2024-05-19 02:35:00,627 [INFO] DbMcusAds:125 - Set database path to: C:\Users\saksh\.stmcufinder\plugins\mcufinder//mcu/
2024-05-19 02:35:00,627 [WARN] DbFile:41 - Overriding database path with different value: C:\Users\saksh\.stmcufinder\plugins\mcufinder/ => C:\Users\saksh\.stmcufinder\plugins\mcufinder
2024-05-19 02:35:00,627 [WARN] DbFile:41 - Overriding database path with different value: C:\Users\saksh\.stmcufinder\plugins\mcufinder/ => C:\Users\saksh\.stmcufinder\plugins\mcufinder
2024-05-19 02:35:00,628 [INFO] CrossReferenceDbSqlite:203 - Set database path to: C:\Users\saksh\.stmcufinder\plugins\mcufinder//mcu/cs/
2024-05-19 02:35:00,684 [INFO] MainPanel:264 - HeapMemory: 268435456
2024-05-19 02:35:00,748 [INFO] DbMcusXml:78 - Set database path to: C:\ST\STM32CubeIDE_1.10.1\STM32CubeIDE\plugins\com.st.stm32cube.common.mx_6.11.1.202404110753\\db\/mcu/
2024-05-19 02:35:00,748 [INFO] ApiDb:274 - Set plugin database path to: C:\ST\STM32CubeIDE_1.10.1\STM32CubeIDE\plugins\com.st.stm32cube.common.mx_6.11.1.202404110753\\db\/plugins/boardmanager/
2024-05-19 02:35:00,748 [INFO] ApiDb:261 - Set plugin images path to: C:\ST\STM32CubeIDE_1.10.1\STM32CubeIDE\plugins\com.st.stm32cube.common.mx_6.11.1.202404110753\\db\/plugins/mcufinder/images/
2024-05-19 02:35:00,748 [WARN] DbFile:41 - Overriding database path with different value: C:\Users\saksh\.stmcufinder\plugins\mcufinder/ => C:\Users\saksh\.stmcufinder\plugins\mcufinder
2024-05-19 02:35:00,749 [INFO] ApiDb:250 - Set database path to: C:\Users\saksh\.stmcufinder\plugins\mcufinder//mcu/
2024-05-19 02:35:00,749 [WARN] DbFile:41 - Overriding database path with different value: C:\Users\saksh\.stmcufinder\plugins\mcufinder/ => C:\Users\saksh\.stmcufinder\plugins\mcufinder
2024-05-19 02:35:00,749 [INFO] DbMcusAds:125 - Set database path to: C:\Users\saksh\.stmcufinder\plugins\mcufinder//mcu/
2024-05-19 02:35:00,749 [WARN] DbFile:41 - Overriding database path with different value: C:\Users\saksh\.stmcufinder\plugins\mcufinder/ => C:\Users\saksh\.stmcufinder\plugins\mcufinder
2024-05-19 02:35:00,749 [WARN] DbFile:41 - Overriding database path with different value: C:\Users\saksh\.stmcufinder\plugins\mcufinder/ => C:\Users\saksh\.stmcufinder\plugins\mcufinder
2024-05-19 02:35:00,749 [INFO] CrossReferenceDbSqlite:203 - Set database path to: C:\Users\saksh\.stmcufinder\plugins\mcufinder//mcu/cs/
2024-05-19 02:35:00,764 [INFO] ApplicationProperties:184 - Using Application install path: C:\ST\STM32CubeIDE_1.10.1\STM32CubeIDE\plugins\com.st.stm32cube.common.mx_6.11.1.202404110753
2024-05-19 02:35:00,765 [INFO] PluginManage:196 - Search for loadable plugins [exclusion list=, ]
2024-05-19 02:35:00,766 [INFO] PluginManage:310 - Check plugin analytics
2024-05-19 02:35:00,898 [INFO] AnalyticsPlugin:253 - Accepted Software Licenses: 
2024-05-19 02:35:00,898 [INFO] AnalyticsPlugin:255 - Accepted CMSIS Pack Licenses: 
2024-05-19 02:35:00,898 [INFO] AnalyticsPlugin:257 - Accepted Firmware Licenses: FW.H7.1.10.0,FW.G4.1.5.0
2024-05-19 02:35:00,900 [INFO] PluginManage:359 - Loaded plugin analytics (category:tool,tabindex:-1)
2024-05-19 02:35:00,900 [INFO] PluginManage:310 - Check plugin cadmodel
2024-05-19 02:35:00,904 [INFO] CADModel:105 - Init CAD model plugin
2024-05-19 02:35:00,904 [INFO] PluginManage:359 - Loaded plugin cadmodel (category:power,tabindex:5)
2024-05-19 02:35:00,905 [INFO] PluginManage:310 - Check plugin clock
2024-05-19 02:35:00,911 [INFO] PluginManage:359 - Loaded plugin clock (category:base,tabindex:2)
2024-05-19 02:35:00,911 [INFO] PluginManage:310 - Check plugin ddr
2024-05-19 02:35:00,913 [INFO] PluginManage:359 - Loaded plugin ddr (category:tool,tabindex:6)
2024-05-19 02:35:00,913 [INFO] PluginManage:310 - Check plugin filemanager
2024-05-19 02:35:01,021 [INFO] PluginManage:359 - Loaded plugin filemanager (category:base,tabindex:10)
2024-05-19 02:35:01,021 [INFO] PluginManage:310 - Check plugin ipmanager
2024-05-19 02:35:01,026 [INFO] PluginManage:359 - Loaded plugin ipmanager (category:base,tabindex:5)
2024-05-19 02:35:01,026 [INFO] PluginManage:310 - Check plugin lpbam
2024-05-19 02:35:01,033 [INFO] PluginManage:359 - Loaded plugin lpbam (category:base,tabindex:0)
2024-05-19 02:35:01,033 [INFO] PluginManage:310 - Check plugin memorymap
2024-05-19 02:35:01,044 [INFO] PluginManage:359 - Loaded plugin memorymap (category:base,tabindex:4)
2024-05-19 02:35:01,044 [INFO] PluginManage:310 - Check plugin pinoutandconfiguration
2024-05-19 02:35:01,050 [INFO] PluginManage:359 - Loaded plugin pinoutandconfiguration (category:base,tabindex:1)
2024-05-19 02:35:01,050 [INFO] PluginManage:310 - Check plugin pinoutconfig
2024-05-19 02:35:01,118 [WARN] SupportedApi:132 - Cannot load RTOS API schema: s4s-elt-must-match.1: The content of 'definitions' must match (annotation?, (simpleType | complexType)?, (unique | key | keyref)*)). A problem was found starting at: attribute.
2024-05-19 02:35:01,218 [INFO] PluginManage:359 - Loaded plugin pinoutconfig (category:base,tabindex:0)
2024-05-19 02:35:01,218 [INFO] PluginManage:310 - Check plugin power
2024-05-19 02:35:01,225 [INFO] PluginManage:359 - Loaded plugin power (category:power,tabindex:4)
2024-05-19 02:35:01,225 [INFO] PluginManage:310 - Check plugin projectmanager
2024-05-19 02:35:01,240 [INFO] PluginManage:359 - Loaded plugin projectmanager (category:projectmanager,tabindex:3)
2024-05-19 02:35:01,241 [INFO] PluginManage:310 - Check plugin thirdparty
2024-05-19 02:35:01,337 [INFO] PluginManage:359 - Loaded plugin thirdparty (category:base,tabindex:-1)
2024-05-19 02:35:01,337 [WARN] IntegrityCheckThread:84 - waiting for thirdparty lock release [integrity check]
2024-05-19 02:35:01,338 [INFO] PluginManage:310 - Check plugin tools
2024-05-19 02:35:01,338 [INFO] IntegrityCheckThread:86 - entering critical section [integrity check]
2024-05-19 02:35:01,338 [INFO] ThirdPartyUpdaterWithRetryManager:70 - Updater plugin not ready yet. [1/15]
2024-05-19 02:35:01,340 [INFO] PluginManage:359 - Loaded plugin tools (category:base,tabindex:7)
2024-05-19 02:35:01,340 [INFO] PluginManage:310 - Check plugin tutovideos
2024-05-19 02:35:01,488 [INFO] PluginManage:359 - Loaded plugin tutovideos (category:base,tabindex:-1)
2024-05-19 02:35:01,488 [INFO] PluginManage:310 - Check plugin updater
2024-05-19 02:35:01,496 [INFO] PluginManage:359 - Loaded plugin updater (category:base,tabindex:12)
2024-05-19 02:35:01,496 [INFO] PluginManage:310 - Check plugin userauth
2024-05-19 02:35:01,500 [INFO] UserAuth:114 - Init User Auth plugin
2024-05-19 02:35:01,500 [INFO] PluginManage:359 - Loaded plugin userauth (category:base,tabindex:14)
2024-05-19 02:35:01,501 [INFO] PluginManage:283 - PluginManage : Loaded plugins [17]
2024-05-19 02:35:01,677 [INFO] PinOutPanel:1561 - setPackage(No Configuration,No Configuration)
2024-05-19 02:35:01,744 [INFO] CADModel:165 - CPN selected for project level
2024-05-19 02:35:01,744 [INFO] CADModel:114 - Register for checkConnection events
2024-05-19 02:35:01,759 [INFO] IPUIPlugin:80 - create IPUIPlugin
2024-05-19 02:35:01,759 [INFO] PluginManager:220 - loadIPPluginJar : add adc
2024-05-19 02:35:01,760 [INFO] IPUIPlugin:80 - create IPUIPlugin
2024-05-19 02:35:01,761 [INFO] PluginManager:220 - loadIPPluginJar : add aes
2024-05-19 02:35:01,762 [INFO] IPUIPlugin:80 - create IPUIPlugin
2024-05-19 02:35:01,762 [INFO] PluginManager:220 - loadIPPluginJar : add can
2024-05-19 02:35:01,763 [INFO] IPUIPlugin:80 - create IPUIPlugin
2024-05-19 02:35:01,763 [INFO] PluginManager:220 - loadIPPluginJar : add comp
2024-05-19 02:35:01,764 [INFO] IPUIPlugin:80 - create IPUIPlugin
2024-05-19 02:35:01,765 [INFO] PluginManager:220 - loadIPPluginJar : add cryp
2024-05-19 02:35:01,766 [INFO] IPUIPlugin:80 - create IPUIPlugin
2024-05-19 02:35:01,766 [INFO] PluginManager:220 - loadIPPluginJar : add dfsdm
2024-05-19 02:35:01,770 [INFO] IPUIPlugin:80 - create IPUIPlugin
2024-05-19 02:35:01,771 [INFO] PluginManager:220 - loadIPPluginJar : add dma
2024-05-19 02:35:01,773 [INFO] IPUIPlugin:80 - create IPUIPlugin
2024-05-19 02:35:01,773 [INFO] PluginManager:220 - loadIPPluginJar : add dma3
2024-05-19 02:35:01,774 [INFO] IPUIPlugin:80 - create IPUIPlugin
2024-05-19 02:35:01,774 [INFO] PluginManager:220 - loadIPPluginJar : add extmemmanager
2024-05-19 02:35:01,775 [INFO] IPUIPlugin:80 - create IPUIPlugin
2024-05-19 02:35:01,775 [INFO] PluginManager:220 - loadIPPluginJar : add fatfs
2024-05-19 02:35:01,779 [INFO] IPUIPlugin:80 - create IPUIPlugin
2024-05-19 02:35:01,779 [INFO] PluginManager:220 - loadIPPluginJar : add fmc
2024-05-19 02:35:01,783 [INFO] IPUIPlugin:80 - create IPUIPlugin
2024-05-19 02:35:01,783 [INFO] PluginManager:220 - loadIPPluginJar : add freertos
2024-05-19 02:35:01,783 [INFO] IPUIPlugin:80 - create IPUIPlugin
2024-05-19 02:35:01,783 [INFO] PluginManager:220 - loadIPPluginJar : add genericplugin
2024-05-19 02:35:01,784 [INFO] IPUIPlugin:80 - create IPUIPlugin
2024-05-19 02:35:01,784 [INFO] PluginManager:220 - loadIPPluginJar : add gfxmmu
2024-05-19 02:35:01,788 [INFO] IPUIPlugin:80 - create IPUIPlugin
2024-05-19 02:35:01,788 [INFO] PluginManager:220 - loadIPPluginJar : add gic
2024-05-19 02:35:01,791 [INFO] IPUIPlugin:80 - create IPUIPlugin
2024-05-19 02:35:01,791 [INFO] PluginManager:220 - loadIPPluginJar : add gpio
2024-05-19 02:35:01,794 [INFO] IPUIPlugin:80 - create IPUIPlugin
2024-05-19 02:35:01,795 [INFO] PluginManager:220 - loadIPPluginJar : add gtzc
2024-05-19 02:35:01,796 [INFO] IPUIPlugin:80 - create IPUIPlugin
2024-05-19 02:35:01,796 [INFO] PluginManager:220 - loadIPPluginJar : add hash
2024-05-19 02:35:01,798 [INFO] IPUIPlugin:80 - create IPUIPlugin
2024-05-19 02:35:01,798 [INFO] PluginManager:220 - loadIPPluginJar : add i2c
2024-05-19 02:35:01,800 [INFO] IPUIPlugin:80 - create IPUIPlugin
2024-05-19 02:35:01,800 [INFO] PluginManager:220 - loadIPPluginJar : add i2s
2024-05-19 02:35:01,802 [INFO] IPUIPlugin:80 - create IPUIPlugin
2024-05-19 02:35:01,802 [INFO] PluginManager:220 - loadIPPluginJar : add i3c
2024-05-19 02:35:01,804 [INFO] IPUIPlugin:80 - create IPUIPlugin
2024-05-19 02:35:01,805 [INFO] PluginManager:220 - loadIPPluginJar : add ipddr
2024-05-19 02:35:01,811 [INFO] IPUIPlugin:80 - create IPUIPlugin
2024-05-19 02:35:01,811 [INFO] PluginManager:220 - loadIPPluginJar : add linkedlist
2024-05-19 02:35:01,815 [INFO] IPUIPlugin:80 - create IPUIPlugin
2024-05-19 02:35:01,815 [INFO] PluginManager:220 - loadIPPluginJar : add lorawan
2024-05-19 02:35:01,816 [INFO] IPUIPlugin:80 - create IPUIPlugin
2024-05-19 02:35:01,816 [INFO] PluginManager:220 - loadIPPluginJar : add ltdc
2024-05-19 02:35:01,820 [INFO] IPUIPlugin:80 - create IPUIPlugin
2024-05-19 02:35:01,821 [INFO] PluginManager:220 - loadIPPluginJar : add mdma
2024-05-19 02:35:01,823 [INFO] IPUIPlugin:80 - create IPUIPlugin
2024-05-19 02:35:01,823 [INFO] PluginManager:220 - loadIPPluginJar : add nvic
2024-05-19 02:35:01,825 [INFO] IPUIPlugin:80 - create IPUIPlugin
2024-05-19 02:35:01,825 [INFO] PluginManager:220 - loadIPPluginJar : add opamp
2024-05-19 02:35:01,827 [INFO] IPUIPlugin:80 - create IPUIPlugin
2024-05-19 02:35:01,827 [INFO] PluginManager:220 - loadIPPluginJar : add openamp
2024-05-19 02:35:01,828 [INFO] IPUIPlugin:80 - create IPUIPlugin
2024-05-19 02:35:01,829 [INFO] PluginManager:220 - loadIPPluginJar : add pdm2pcm
2024-05-19 02:35:01,832 [INFO] IPUIPlugin:80 - create IPUIPlugin
2024-05-19 02:35:01,835 [INFO] PluginManager:220 - loadIPPluginJar : add plateformsettings
2024-05-19 02:35:01,835 [INFO] IPUIPlugin:80 - create IPUIPlugin
2024-05-19 02:35:01,835 [INFO] PluginManager:220 - loadIPPluginJar : add quadspi
2024-05-19 02:35:01,838 [INFO] IPUIPlugin:80 - create IPUIPlugin
2024-05-19 02:35:01,838 [INFO] PluginManager:220 - loadIPPluginJar : add resmgrutility
2024-05-19 02:35:01,840 [INFO] IPUIPlugin:80 - create IPUIPlugin
2024-05-19 02:35:01,840 [INFO] PluginManager:220 - loadIPPluginJar : add sai
2024-05-19 02:35:01,842 [INFO] IPUIPlugin:80 - create IPUIPlugin
2024-05-19 02:35:01,842 [INFO] PluginManager:220 - loadIPPluginJar : add spi
2024-05-19 02:35:01,846 [INFO] IPUIPlugin:80 - create IPUIPlugin
2024-05-19 02:35:01,846 [INFO] PluginManager:220 - loadIPPluginJar : add stm32_wpan
2024-05-19 02:35:01,847 [INFO] IPUIPlugin:80 - create IPUIPlugin
2024-05-19 02:35:01,847 [INFO] PluginManager:220 - loadIPPluginJar : add tim
2024-05-19 02:35:01,849 [INFO] IPUIPlugin:80 - create IPUIPlugin
2024-05-19 02:35:01,849 [INFO] PluginManager:220 - loadIPPluginJar : add touchsensing
2024-05-19 02:35:01,850 [INFO] IPUIPlugin:80 - create IPUIPlugin
2024-05-19 02:35:01,850 [INFO] PluginManager:220 - loadIPPluginJar : add tracer_emb
2024-05-19 02:35:01,852 [INFO] IPUIPlugin:80 - create IPUIPlugin
2024-05-19 02:35:01,852 [INFO] PluginManager:220 - loadIPPluginJar : add ts
2024-05-19 02:35:01,853 [INFO] IPUIPlugin:80 - create IPUIPlugin
2024-05-19 02:35:01,853 [INFO] PluginManager:220 - loadIPPluginJar : add tsc
2024-05-19 02:35:01,854 [INFO] IPUIPlugin:80 - create IPUIPlugin
2024-05-19 02:35:01,854 [INFO] PluginManager:220 - loadIPPluginJar : add ucpd
2024-05-19 02:35:01,856 [INFO] IPUIPlugin:80 - create IPUIPlugin
2024-05-19 02:35:01,856 [INFO] PluginManager:220 - loadIPPluginJar : add usart
2024-05-19 02:35:01,858 [INFO] IPUIPlugin:80 - create IPUIPlugin
2024-05-19 02:35:01,858 [INFO] PluginManager:220 - loadIPPluginJar : add usbx
2024-05-19 02:35:01,972 [INFO] CADModel:165 - CPN selected for project level
2024-05-19 02:35:01,972 [INFO] CADModel:114 - Register for checkConnection events
2024-05-19 02:35:01,972 [FATAL] Updater:308 - Updater called before beeing initialized
2024-05-19 02:35:01,972 [ERROR] CADModel:125 - Updater not yet initialized, retry later 
2024-05-19 02:35:02,076 [INFO] CADModel:165 - CPN selected for project level
2024-05-19 02:35:02,076 [INFO] CADModel:114 - Register for checkConnection events
2024-05-19 02:35:02,076 [FATAL] Updater:308 - Updater called before beeing initialized
2024-05-19 02:35:02,076 [ERROR] CADModel:125 - Updater not yet initialized, retry later 
2024-05-19 02:35:02,079 [FATAL] Updater:308 - Updater called before beeing initialized
2024-05-19 02:35:02,171 [FATAL] Updater:308 - Updater called before beeing initialized
2024-05-19 02:35:02,176 [INFO] DbMcusAds:53 - JSON generation date=Thu May 16 14:52:00 IST 2024 (1715851320852)
2024-05-19 02:35:02,176 [FATAL] Updater:308 - Updater called before beeing initialized
2024-05-19 02:35:02,207 [WARN] DetailPanel:346 - Failed to get advertising image, set to default
2024-05-19 02:35:02,287 [FATAL] Updater:308 - Updater called before beeing initialized
2024-05-19 02:35:02,289 [FATAL] Updater:308 - Updater called before beeing initialized
2024-05-19 02:35:02,289 [FATAL] Updater:308 - Updater called before beeing initialized
2024-05-19 02:35:02,289 [WARN] DetailPanel:346 - Failed to get advertising image, set to default
2024-05-19 02:35:02,290 [FATAL] Updater:308 - Updater called before beeing initialized
2024-05-19 02:35:02,352 [ERROR] Updater:1120 - MainUpdater not yet initialized. External WinMGr cannot be set.
2024-05-19 02:35:02,353 [INFO] Updater:1056 - Updater Version found : 6.11.1
2024-05-19 02:35:02,367 [INFO] ApplicationProperties:184 - Using Application install path: C:\ST\STM32CubeIDE_1.10.1\STM32CubeIDE\plugins\com.st.stm32cube.common.mx_6.11.1.202404110753
2024-05-19 02:35:03,933 [ERROR] LogOutputStream:75 - [STDERR_REDIRECT] May 19, 2024 2:35:03 AM java.util.prefs.WindowsPreferences <init>
2024-05-19 02:35:03,934 [ERROR] LogOutputStream:75 - [STDERR_REDIRECT] WARNING: Could not open/create prefs root node Software\JavaSoft\Prefs at root 0xffffffff80000002. Windows RegCreateKeyEx(...) returned error code 5.
2024-05-19 02:35:03,934 [ERROR] LogOutputStream:75 - [STDERR_REDIRECT] 
2024-05-19 02:35:04,340 [INFO] ThirdPartyUpdaterWithRetryManager:70 - Updater plugin not ready yet. [2/15]
2024-05-19 02:35:04,395 [INFO] MainUpdater:2873 - connection check result : 10
2024-05-19 02:35:04,395 [INFO] MainUpdater:290 - Updater Check For Update Now.
2024-05-19 02:35:04,395 [INFO] MicroXplorer:498 - Change Database Version : DB.6.0.111
2024-05-19 02:35:04,398 [INFO] McuFinderGlobals:63 - Set McuFinder mode to 2 (CubeIDE integrated)
2024-05-19 02:35:04,398 [INFO] UserAuth:179 - activating auth plugin
2024-05-19 02:35:04,400 [INFO] UserAuth:415 - Internet connection configuration mode: 1
2024-05-19 02:35:04,418 [INFO] JxBrowserEngine:152 - Initiate JxBrowser Engine with user profile folder
2024-05-19 02:35:04,569 [INFO] CheckServerUpdateThread:120 - End of CheckServer Thread
2024-05-19 02:35:04,878 [INFO] WebApp:161 - Instantiating new browser for Auth
2024-05-19 02:35:05,308 [INFO] WebApp:779 - Register for checkConnection events
2024-05-19 02:35:05,308 [INFO] WebApp:414 - Apply proxy settings
2024-05-19 02:35:05,309 [INFO] WebApp:499 - Chromium requires no authentication
2024-05-19 02:35:05,314 [INFO] WebApp:442 - Direct internet connection detected
2024-05-19 02:35:05,433 [INFO] WebApp:192 - Starting web application
2024-05-19 02:35:05,433 [INFO] WebApp:544 - Web application path used C:\ST\STM32CubeIDE_1.10.1\STM32CubeIDE\plugins\com.st.stm32cube.common.mx_6.11.1.202404110753\db\plugins\mcufinder\reactClient1\index.html
2024-05-19 02:35:07,454 [WARN] PackLoader:240 - Cannot read IP mode file for STMicroelectronics.FP-SNS-MOTENVWB1.1.4.0
2024-05-19 02:35:07,461 [WARN] PackLoader:240 - Cannot read IP mode file for STMicroelectronics.X-CUBE-SMBUS.2.1.0
2024-05-19 02:35:07,465 [WARN] PackLoader:240 - Cannot read IP mode file for STMicroelectronics.X-CUBE-TOUCHGFX.4.23.1
2024-05-19 02:35:07,466 [WARN] PackLoader:240 - Cannot read IP mode file for STMicroelectronics.X-CUBE-TOUCHGFX.4.23.0
2024-05-19 02:35:07,469 [WARN] PackLoader:240 - Cannot read IP mode file for STMicroelectronics.X-CUBE-TOUCHGFX.4.23.2
2024-05-19 02:35:07,491 [WARN] PackLoader:240 - Cannot read IP mode file for STMicroelectronics.X-CUBE-AZRTOS-F7.1.1.0
2024-05-19 02:35:07,502 [ERROR] RealEvaluatedCondition:428 - Found unsupported composite condition: GROUP='STM32_MetaDataManager' CLASS='Data Exchange'
2024-05-19 02:35:07,502 [ERROR] RealEvaluatedCondition:428 - Found unsupported composite condition: CLASS='Data Exchange' GROUP='STM32_MetaDataManager'
2024-05-19 02:35:07,503 [WARN] PackLoader:240 - Cannot read IP mode file for STMicroelectronics.FP-SNS-MOTENV1.4.3.0
2024-05-19 02:35:07,509 [WARN] PackLoader:240 - Cannot read IP mode file for STMicroelectronics.FP-SNS-MOTENV1.4.3.2
2024-05-19 02:35:07,514 [WARN] PackLoader:240 - Cannot read IP mode file for STMicroelectronics.FP-SNS-FLIGHT1.5.0.0
2024-05-19 02:35:07,517 [ERROR] RealEvaluatedCondition:428 - Found unsupported composite condition: GROUP='STM32_MetaDataManager' CLASS='Data Exchange'
2024-05-19 02:35:07,517 [ERROR] RealEvaluatedCondition:428 - Found unsupported composite condition: CLASS='Data Exchange' GROUP='STM32_MetaDataManager'
2024-05-19 02:35:07,518 [WARN] PackLoader:240 - Cannot read IP mode file for STMicroelectronics.FP-SNS-MOTENV1.4.3.1
2024-05-19 02:35:07,524 [WARN] PackLoader:240 - Cannot read IP mode file for STMicroelectronics.FP-SNS-FLIGHT1.5.0.1
2024-05-19 02:35:07,530 [WARN] PackLoader:240 - Cannot read IP mode file for STMicroelectronics.X-CUBE-BLE1.6.2.3
2024-05-19 02:35:07,533 [WARN] PackLoader:240 - Cannot read IP mode file for STMicroelectronics.X-CUBE-BLE1.6.2.4
2024-05-19 02:35:07,537 [WARN] PackLoader:240 - Cannot read IP mode file for STMicroelectronics.FP-SNS-FLIGHT1.5.0.2
2024-05-19 02:35:07,545 [WARN] PackLoader:240 - Cannot read IP mode file for STMicroelectronics.X-CUBE-TOF1.3.1.0
2024-05-19 02:35:07,555 [WARN] PackLoader:240 - Cannot read IP mode file for STMicroelectronics.X-CUBE-DISPLAY.3.0.0
2024-05-19 02:35:07,562 [WARN] PackLoader:240 - Cannot read IP mode file for STMicroelectronics.X-CUBE-BLE1.7.0.0
2024-05-19 02:35:07,565 [WARN] PackLoader:240 - Cannot read IP mode file for STMicroelectronics.X-CUBE-TOUCHGFX.4.22.0
2024-05-19 02:35:07,599 [WARN] PackLoader:240 - Cannot read IP mode file for STMicroelectronics.X-CUBE-MEMS1.9.3.0
2024-05-19 02:35:07,769 [WARN] PackLoader:240 - Cannot read IP mode file for STMicroelectronics.X-CUBE-AI.7.2.0
2024-05-19 02:35:07,777 [WARN] PackLoader:240 - Cannot read IP mode file for STMicroelectronics.X-CUBE-BLEMGR.3.1.0
2024-05-19 02:35:07,784 [WARN] PackLoader:240 - Cannot read IP mode file for STMicroelectronics.FP-SNS-SMARTAG2.1.2.0
2024-05-19 02:35:07,791 [INFO] LogOutputStream:77 - [STDOUT_REDIRECT] 1 : Invalid condition id : UX_CORESTACK_Condition cause : null
2024-05-19 02:35:07,792 [INFO] LogOutputStream:77 - [STDOUT_REDIRECT] 1 : Invalid condition id : UX_CORESTACK_Condition cause : null
2024-05-19 02:35:07,793 [INFO] LogOutputStream:77 - [STDOUT_REDIRECT] 1 : Invalid condition id : UX_CORESTACK_Condition cause : null
2024-05-19 02:35:07,793 [INFO] LogOutputStream:77 - [STDOUT_REDIRECT] 1 : Invalid condition id : UX_CORESTACK_Condition cause : null
2024-05-19 02:35:07,794 [INFO] LogOutputStream:77 - [STDOUT_REDIRECT] 1 : Invalid condition id : UX_CORESTACK_Condition cause : null
2024-05-19 02:35:07,798 [WARN] PackLoader:240 - Cannot read IP mode file for STMicroelectronics.X-CUBE-AZRTOS-WL.2.0.0
2024-05-19 02:35:07,803 [WARN] PackLoader:240 - Cannot read IP mode file for STMicroelectronics.FP-SNS-MOTENV1.5.0.0
2024-05-19 02:35:07,810 [WARN] PackLoader:240 - Cannot read IP mode file for WES.I-CUBE-Cesium.1.3.0
2024-05-19 02:35:07,814 [WARN] PackLoader:240 - Cannot read IP mode file for STMicroelectronics.X-CUBE-BLE2.3.3.0
2024-05-19 02:35:07,818 [WARN] PackLoader:240 - Cannot read IP mode file for STMicroelectronics.X-CUBE-DISPLAY.2.2.0
2024-05-19 02:35:07,827 [WARN] PackLoader:240 - Cannot read IP mode file for STMicroelectronics.X-CUBE-TOF1.3.2.0
2024-05-19 02:35:07,833 [WARN] PackLoader:240 - Cannot read IP mode file for STMicroelectronics.X-CUBE-ISPU.1.0.0
2024-05-19 02:35:07,845 [WARN] PackLoader:240 - Cannot read IP mode file for STMicroelectronics.X-CUBE-AZRTOS-H7.2.1.0
2024-05-19 02:35:07,854 [WARN] PackLoader:240 - Cannot read IP mode file for STMicroelectronics.X-CUBE-TCPP.4.1.0
2024-05-19 02:35:07,858 [WARN] PackLoader:240 - Cannot read IP mode file for STMicroelectronics.X-CUBE-TOUCHGFX.4.21.1
2024-05-19 02:35:07,862 [WARN] PackLoader:240 - Cannot read IP mode file for STMicroelectronics.X-CUBE-TOUCHGFX.4.21.3
2024-05-19 02:35:07,865 [WARN] PackLoader:240 - Cannot read IP mode file for STMicroelectronics.X-CUBE-TOUCHGFX.4.21.4
2024-05-19 02:35:07,893 [WARN] PackLoader:240 - Cannot read IP mode file for STMicroelectronics.X-CUBE-MEMS1.9.4.0
2024-05-19 02:35:07,973 [WARN] PackLoader:240 - Cannot read IP mode file for STMicroelectronics.X-CUBE-AI.7.3.0
2024-05-19 02:35:07,981 [WARN] PackLoader:240 - Cannot read IP mode file for STMicroelectronics.X-CUBE-ALGOBUILD.1.3.0
2024-05-19 02:35:07,997 [WARN] PackLoader:240 - Cannot read IP mode file for STMicroelectronics.X-CUBE-AZRTOS-G0.1.1.0
2024-05-19 02:35:08,003 [WARN] PackLoader:240 - Cannot read IP mode file for STMicroelectronics.X-CUBE-SAFEA1.1.2.2
2024-05-19 02:35:08,009 [WARN] PackLoader:240 - Cannot read IP mode file for STMicroelectronics.X-CUBE-NFC4.3.0.0
2024-05-19 02:35:08,051 [WARN] PackLoader:240 - Cannot read IP mode file for SEGGER.I-CUBE-embOS.1.2.0
2024-05-19 02:35:08,100 [WARN] PackLoader:240 - Cannot read IP mode file for STMicroelectronics.X-CUBE-BLEMGR.3.0.0
2024-05-19 02:35:08,107 [WARN] PackLoader:240 - Cannot read IP mode file for STMicroelectronics.X-CUBE-BLEMGR.1.3.0
2024-05-19 02:35:08,111 [WARN] PackLoader:240 - Cannot read IP mode file for STMicroelectronics.FP-ATR-SIGFOX1.3.2.0
2024-05-19 02:35:08,116 [WARN] PackLoader:240 - Cannot read IP mode file for STMicroelectronics.X-CUBE-EEPRMA1.5.1.0
2024-05-19 02:35:08,123 [WARN] PackLoader:240 - Cannot read IP mode file for emotas.I-CUBE-CANOPEN.1.1.2
2024-05-19 02:35:08,127 [WARN] PackLoader:240 - Cannot read IP mode file for STMicroelectronics.X-CUBE-TOUCHGFX.4.20.0
2024-05-19 02:35:08,156 [WARN] PackLoader:240 - Cannot read IP mode file for STMicroelectronics.X-CUBE-MEMS1.9.5.0
2024-05-19 02:35:08,375 [WARN] PackLoader:240 - Cannot read IP mode file for SEGGER.I-CUBE-embOS.1.3.1
2024-05-19 02:35:08,437 [WARN] PackLoader:240 - Cannot read IP mode file for STMicroelectronics.X-CUBE-ALGOBUILD.1.4.0
2024-05-19 02:35:08,444 [WARN] PackLoader:240 - Cannot read IP mode file for STMicroelectronics.X-CUBE-GNSS1.6.0.0
2024-05-19 02:35:08,466 [WARN] PackLoader:240 - Cannot read IP mode file for STMicroelectronics.X-CUBE-AZRTOS-F4.1.1.0
2024-05-19 02:35:08,476 [WARN] PackLoader:240 - Cannot read IP mode file for STMicroelectronics.X-CUBE-FREERTOS.1.2.0
2024-05-19 02:35:08,489 [WARN] PackLoader:240 - Cannot read IP mode file for STMicroelectronics.X-CUBE-BLEMGR.1.2.0
2024-05-19 02:35:08,518 [WARN] PackLoader:240 - Cannot read IP mode file for STMicroelectronics.X-CUBE-AZRTOS-L5.2.0.0
2024-05-19 02:35:08,580 [WARN] PackLoader:240 - Cannot read IP mode file for STMicroelectronics.X-CUBE-MEMS1.9.6.0
2024-05-19 02:35:08,728 [WARN] PackLoader:240 - Cannot read IP mode file for STMicroelectronics.X-CUBE-EEPRMA1.4.2.0
2024-05-19 02:35:08,734 [WARN] PackLoader:240 - Cannot read IP mode file for STMicroelectronics.X-CUBE-NFC6.3.1.0
2024-05-19 02:35:08,741 [WARN] PackLoader:240 - Cannot read IP mode file for ITTIA_DB.I-CUBE-ITTIADB.8.8.0
2024-05-19 02:35:08,746 [WARN] PackLoader:240 - Cannot read IP mode file for STMicroelectronics.X-CUBE-BLEMGR.2.0.0
2024-05-19 02:35:08,751 [WARN] PackLoader:240 - Cannot read IP mode file for STMicroelectronics.X-CUBE-NFC4.2.0.4
2024-05-19 02:35:08,762 [WARN] PackLoader:240 - Cannot read IP mode file for STMicroelectronics.X-CUBE-AI.9.0.0
2024-05-19 02:35:08,770 [WARN] ConditionMgr:438 - getConditionDescription Invalid condition id : UX DEVICE CLASS RTOS Condition cause : null
2024-05-19 02:35:08,771 [WARN] ConditionMgr:438 - getConditionDescription Invalid condition id : UX DEVICE CLASS RTOS Condition cause : null
2024-05-19 02:35:08,773 [WARN] PackLoader:240 - Cannot read IP mode file for STMicroelectronics.X-CUBE-AZRTOS-H7.3.1.0
2024-05-19 02:35:08,774 [WARN] ConditionMgr:1039 - genDependencies : Invalid condition id : UX DEVICE CLASS RTOS Condition cause : null
2024-05-19 02:35:08,774 [WARN] ConditionMgr:1039 - genDependencies : Invalid condition id : UX DEVICE CLASS RTOS Condition cause : null
2024-05-19 02:35:08,774 [WARN] ConditionMgr:1039 - genDependencies : Invalid condition id : UX DEVICE CLASS RTOS Condition cause : null
2024-05-19 02:35:08,774 [WARN] ConditionMgr:1039 - genDependencies : Invalid condition id : UX DEVICE CLASS RTOS Condition cause : null
2024-05-19 02:35:08,774 [WARN] ConditionMgr:1039 - genDependencies : Invalid condition id : UX DEVICE CLASS RTOS Condition cause : null
2024-05-19 02:35:08,778 [WARN] PackLoader:240 - Cannot read IP mode file for wolfSSL.I-CUBE-wolfSSL.5.5.0
2024-05-19 02:35:08,782 [WARN] PackLoader:240 - Cannot read IP mode file for STMicroelectronics.X-CUBE-NFC7.1.0.1
2024-05-19 02:35:08,787 [WARN] PackLoader:240 - Cannot read IP mode file for STMicroelectronics.X-CUBE-NFC7.1.0.0
2024-05-19 02:35:08,793 [WARN] PackLoader:240 - Cannot read IP mode file for STMicroelectronics.X-CUBE-NFC6.3.0.0
2024-05-19 02:35:08,798 [WARN] PackLoader:240 - Cannot read IP mode file for STMicroelectronics.X-CUBE-EEPRMA1.4.1.0
2024-05-19 02:35:08,801 [WARN] PackLoader:240 - Cannot read IP mode file for STMicroelectronics.X-CUBE-AI.8.1.0
2024-05-19 02:35:08,813 [WARN] ConditionMgr:438 - getConditionDescription Invalid condition id : LAN8742 Phy interface Condition cause : null
2024-05-19 02:35:08,813 [WARN] PackLoader:240 - Cannot read IP mode file for STMicroelectronics.X-CUBE-AZRTOS-L4.2.0.0
2024-05-19 02:35:08,814 [WARN] ConditionMgr:1039 - genDependencies : Invalid condition id : LAN8742 Phy interface Condition cause : null
2024-05-19 02:35:08,814 [WARN] ConditionMgr:1039 - genDependencies : Invalid condition id : LAN8742 Phy interface Condition cause : null
2024-05-19 02:35:08,814 [WARN] ConditionMgr:1039 - genDependencies : Invalid condition id : LAN8742 Phy interface Condition cause : null
2024-05-19 02:35:08,819 [WARN] PackLoader:240 - Cannot read IP mode file for STMicroelectronics.X-CUBE-SFXS2LP1.4.0.0
2024-05-19 02:35:08,833 [WARN] PackLoader:240 - Cannot read IP mode file for STMicroelectronics.X-CUBE-AZRTOS-H7.3.0.0
2024-05-19 02:35:08,838 [WARN] PackLoader:240 - Cannot read IP mode file for STMicroelectronics.X-CUBE-ISPU.1.1.0
2024-05-19 02:35:08,843 [WARN] PackLoader:240 - Cannot read IP mode file for RoweBots.I-CUBE-UNISONRTOS.5.5.0-4
2024-05-19 02:35:08,846 [WARN] PackLoader:240 - Cannot read IP mode file for STMicroelectronics.X-CUBE-AI.8.0.0
2024-05-19 02:35:08,857 [WARN] ConditionMgr:438 - getConditionDescription Invalid condition id : UX DEVICE CLASS RTOS Condition cause : null
2024-05-19 02:35:08,857 [WARN] ConditionMgr:438 - getConditionDescription Invalid condition id : UX DEVICE CLASS RTOS Condition cause : null
2024-05-19 02:35:08,859 [WARN] PackLoader:240 - Cannot read IP mode file for STMicroelectronics.X-CUBE-AZRTOS-WB.2.0.0
2024-05-19 02:35:08,860 [WARN] ConditionMgr:1039 - genDependencies : Invalid condition id : UX DEVICE CLASS RTOS Condition cause : null
2024-05-19 02:35:08,860 [WARN] ConditionMgr:1039 - genDependencies : Invalid condition id : UX DEVICE CLASS RTOS Condition cause : null
2024-05-19 02:35:08,861 [WARN] ConditionMgr:1039 - genDependencies : Invalid condition id : UX DEVICE CLASS RTOS Condition cause : null
2024-05-19 02:35:08,861 [WARN] ConditionMgr:1039 - genDependencies : Invalid condition id : UX DEVICE CLASS RTOS Condition cause : null
2024-05-19 02:35:08,861 [WARN] ConditionMgr:1039 - genDependencies : Invalid condition id : UX DEVICE CLASS RTOS Condition cause : null
2024-05-19 02:35:08,864 [WARN] PackLoader:240 - Cannot read IP mode file for STMicroelectronics.X-CUBE-FREERTOS.1.0.0
2024-05-19 02:35:08,867 [WARN] PackLoader:240 - Cannot read IP mode file for STMicroelectronics.X-CUBE-FREERTOS.1.0.1
2024-05-19 02:35:08,871 [WARN] PackLoader:240 - Cannot read IP mode file for STMicroelectronics.X-CUBE-BLEMGR.1.0.0
2024-05-19 02:35:08,881 [WARN] PackLoader:240 - Cannot read IP mode file for STMicroelectronics.X-CUBE-AZRTOS-L5.1.1.0
2024-05-19 02:35:08,885 [WARN] PackLoader:240 - Cannot read IP mode file for STMicroelectronics.X-CUBE-AI.8.0.1
2024-05-19 02:35:08,891 [WARN] PackLoader:240 - Cannot read IP mode file for STMicroelectronics.X-CUBE-SUBG2.5.0.0
2024-05-19 02:35:08,901 [WARN] PackLoader:240 - Cannot read IP mode file for STMicroelectronics.X-CUBE-TOF1.3.3.1
2024-05-19 02:35:08,913 [WARN] PackLoader:240 - Cannot read IP mode file for STMicroelectronics.X-CUBE-AZRTOS-G4.2.0.0
2024-05-19 02:35:08,918 [WARN] PackLoader:240 - Cannot read IP mode file for STMicroelectronics.X-CUBE-TOF1.3.3.0
2024-05-19 02:35:08,925 [WARN] PackLoader:240 - Cannot read IP mode file for STMicroelectronics.FP-ATR-ASTRA1.1.1.1
2024-05-19 02:35:08,935 [WARN] PackLoader:240 - Cannot read IP mode file for Infineon.AIROC-Wi-Fi-Bluetooth-STM32.1.5.1
2024-05-19 02:35:08,939 [WARN] PackLoader:240 - Cannot read IP mode file for STMicroelectronics.FP-SNS-MOTENVWB1.1.3.1
2024-05-19 02:35:08,947 [WARN] PackLoader:240 - Cannot read IP mode file for STMicroelectronics.X-CUBE-AZRTOS-G4.1.0.0
2024-05-19 02:35:08,956 [WARN] PackLoader:240 - Cannot read IP mode file for STMicroelectronics.X-CUBE-AZRTOS-L4.1.0.0
2024-05-19 02:35:08,960 [WARN] PackLoader:240 - Cannot read IP mode file for STMicroelectronics.X-CUBE-ISPU.2.0.0
2024-05-19 02:35:08,983 [WARN] PackLoader:240 - Cannot read IP mode file for STMicroelectronics.X-CUBE-MEMS1.10.0.0
2024-05-19 02:35:09,046 [WARN] PackLoader:240 - Cannot read IP mode file for STMicroelectronics.X-CUBE-FREERTOS.1.1.0
2024-05-19 02:35:09,054 [WARN] PackLoader:240 - Cannot read IP mode file for STMicroelectronics.X-CUBE-AZRTOS-WL.1.0.0
2024-05-19 02:35:09,058 [WARN] PackLoader:240 - Cannot read IP mode file for portGmbH.I-Cube-SoM-uGOAL.1.1.0
2024-05-19 02:35:09,061 [WARN] PackLoader:240 - Cannot read IP mode file for STMicroelectronics.X-CUBE-ALS.1.0.1
2024-05-19 02:35:09,069 [WARN] PackLoader:240 - Cannot read IP mode file for STMicroelectronics.X-CUBE-AZRTOS-WB.1.1.0
2024-05-19 02:35:09,079 [WARN] PackLoader:240 - Cannot read IP mode file for STMicroelectronics.X-CUBE-AZRTOS-L5.1.0.0
2024-05-19 02:35:09,084 [WARN] PackLoader:240 - Cannot read IP mode file for STMicroelectronics.X-CUBE-EEPRMA1.3.1.1
2024-05-19 02:35:09,098 [WARN] PackLoader:240 - Cannot read IP mode file for STMicroelectronics.X-CUBE-AZRTOS-H7RS.1.0.0
2024-05-19 02:35:09,101 [WARN] PackLoader:240 - Cannot read IP mode file for STMicroelectronics.FP-ATR-ASTRA1.2.0.0
2024-05-19 02:35:09,106 [WARN] PackLoader:240 - Cannot read IP mode file for STMicroelectronics.X-CUBE-TOF1.3.4.0
2024-05-19 02:35:09,118 [WARN] PackLoader:240 - Cannot read IP mode file for STMicroelectronics.X-CUBE-TOF1.3.4.1
2024-05-19 02:35:09,134 [WARN] PackLoader:240 - Cannot read IP mode file for STMicroelectronics.X-CUBE-AZRTOS-H7.3.2.0
2024-05-19 02:35:09,137 [INFO] ThirdParty:978 - Integrity check success = true
2024-05-19 02:35:09,137 [INFO] IntegrityCheckThread:100 - exiting critical section [integrity check]
2024-05-19 02:35:09,137 [INFO] IntegrityCheckThread:103 - End integrity checks thread
2024-05-19 02:47:54,703 [ERROR] LogOutputStream:75 - [STDERR_REDIRECT] 
2024-05-19 02:47:54,704 [ERROR] LogOutputStream:75 - [STDERR_REDIRECT] 
