2024-06-25 04:15:17,722 [ERROR] LogOutputStream:75 - [STDERR_REDIRECT] 
2024-06-25 04:19:23,539 [INFO] Activator:176 - 


2024-06-25 04:19:23,543 [INFO] Activator:177 - !SESSION log4j initialized
2024-06-25 04:19:29,331 [INFO] LogOutputStream:77 - [STDOUT_REDIRECT] 
2024-06-25 04:19:32,564 [INFO] ApplicationProperties:184 - Using Application install path: C:\ST\STM32CubeIDE_1.10.1\STM32CubeIDE\plugins\com.st.stm32cube.common.mx_6.11.1.202404110753
2024-06-25 04:19:32,583 [INFO] DbMcusXml:78 - Set database path to: C:\ST\STM32CubeIDE_1.10.1\STM32CubeIDE\plugins\com.st.stm32cube.common.mx_6.11.1.202404110753\\db\/mcu/
2024-06-25 04:19:32,583 [INFO] ApiDb:274 - Set plugin database path to: C:\ST\STM32CubeIDE_1.10.1\STM32CubeIDE\plugins\com.st.stm32cube.common.mx_6.11.1.202404110753\\db\/plugins/boardmanager/
2024-06-25 04:19:32,584 [WARN] ApiDb:259 - Overriding images path with different value:  => C:\ST\STM32CubeIDE_1.10.1\STM32CubeIDE\plugins\com.st.stm32cube.common.mx_6.11.1.202404110753\\db\/plugins/mcufinder/images/
2024-06-25 04:19:32,593 [INFO] ApiDb:250 - Set database path to: C:\Users\saksh\.stmcufinder\plugins\mcufinder//mcu/
2024-06-25 04:19:32,594 [INFO] DbMcusAds:125 - Set database path to: C:\Users\saksh\.stmcufinder\plugins\mcufinder//mcu/
2024-06-25 04:19:32,596 [INFO] CrossReferenceDbSqlite:203 - Set database path to: C:\Users\saksh\.stmcufinder\plugins\mcufinder//mcu/cs/
2024-06-25 04:19:32,700 [INFO] RulesReader:64 - Compatibility file has been processed (297 Rules)
2024-06-25 04:19:32,797 [INFO] DbMcusXml:78 - Set database path to: C:\ST\STM32CubeIDE_1.10.1\STM32CubeIDE\plugins\com.st.stm32cube.common.mx_6.11.1.202404110753\\db\/mcu/
2024-06-25 04:19:32,798 [INFO] ApiDb:274 - Set plugin database path to: C:\ST\STM32CubeIDE_1.10.1\STM32CubeIDE\plugins\com.st.stm32cube.common.mx_6.11.1.202404110753\\db\/plugins/boardmanager/
2024-06-25 04:19:32,798 [INFO] ApiDb:261 - Set plugin images path to: C:\ST\STM32CubeIDE_1.10.1\STM32CubeIDE\plugins\com.st.stm32cube.common.mx_6.11.1.202404110753\\db\/plugins/mcufinder/images/
2024-06-25 04:19:32,798 [WARN] DbFile:41 - Overriding database path with different value: C:\Users\saksh\.stmcufinder\plugins\mcufinder/ => C:\Users\saksh\.stmcufinder\plugins\mcufinder
2024-06-25 04:19:32,798 [INFO] ApiDb:250 - Set database path to: C:\Users\saksh\.stmcufinder\plugins\mcufinder//mcu/
2024-06-25 04:19:32,798 [WARN] DbFile:41 - Overriding database path with different value: C:\Users\saksh\.stmcufinder\plugins\mcufinder/ => C:\Users\saksh\.stmcufinder\plugins\mcufinder
2024-06-25 04:19:32,798 [INFO] DbMcusAds:125 - Set database path to: C:\Users\saksh\.stmcufinder\plugins\mcufinder//mcu/
2024-06-25 04:19:32,798 [WARN] DbFile:41 - Overriding database path with different value: C:\Users\saksh\.stmcufinder\plugins\mcufinder/ => C:\Users\saksh\.stmcufinder\plugins\mcufinder
2024-06-25 04:19:32,798 [WARN] DbFile:41 - Overriding database path with different value: C:\Users\saksh\.stmcufinder\plugins\mcufinder/ => C:\Users\saksh\.stmcufinder\plugins\mcufinder
2024-06-25 04:19:32,798 [INFO] CrossReferenceDbSqlite:203 - Set database path to: C:\Users\saksh\.stmcufinder\plugins\mcufinder//mcu/cs/
2024-06-25 04:19:32,876 [INFO] MainPanel:264 - HeapMemory: 268435456
2024-06-25 04:19:32,962 [INFO] DbMcusXml:78 - Set database path to: C:\ST\STM32CubeIDE_1.10.1\STM32CubeIDE\plugins\com.st.stm32cube.common.mx_6.11.1.202404110753\\db\/mcu/
2024-06-25 04:19:32,962 [INFO] ApiDb:274 - Set plugin database path to: C:\ST\STM32CubeIDE_1.10.1\STM32CubeIDE\plugins\com.st.stm32cube.common.mx_6.11.1.202404110753\\db\/plugins/boardmanager/
2024-06-25 04:19:32,962 [INFO] ApiDb:261 - Set plugin images path to: C:\ST\STM32CubeIDE_1.10.1\STM32CubeIDE\plugins\com.st.stm32cube.common.mx_6.11.1.202404110753\\db\/plugins/mcufinder/images/
2024-06-25 04:19:32,962 [WARN] DbFile:41 - Overriding database path with different value: C:\Users\saksh\.stmcufinder\plugins\mcufinder/ => C:\Users\saksh\.stmcufinder\plugins\mcufinder
2024-06-25 04:19:32,962 [INFO] ApiDb:250 - Set database path to: C:\Users\saksh\.stmcufinder\plugins\mcufinder//mcu/
2024-06-25 04:19:32,962 [WARN] DbFile:41 - Overriding database path with different value: C:\Users\saksh\.stmcufinder\plugins\mcufinder/ => C:\Users\saksh\.stmcufinder\plugins\mcufinder
2024-06-25 04:19:32,962 [INFO] DbMcusAds:125 - Set database path to: C:\Users\saksh\.stmcufinder\plugins\mcufinder//mcu/
2024-06-25 04:19:32,962 [WARN] DbFile:41 - Overriding database path with different value: C:\Users\saksh\.stmcufinder\plugins\mcufinder/ => C:\Users\saksh\.stmcufinder\plugins\mcufinder
2024-06-25 04:19:32,963 [WARN] DbFile:41 - Overriding database path with different value: C:\Users\saksh\.stmcufinder\plugins\mcufinder/ => C:\Users\saksh\.stmcufinder\plugins\mcufinder
2024-06-25 04:19:32,963 [INFO] CrossReferenceDbSqlite:203 - Set database path to: C:\Users\saksh\.stmcufinder\plugins\mcufinder//mcu/cs/
2024-06-25 04:19:32,979 [INFO] ApplicationProperties:184 - Using Application install path: C:\ST\STM32CubeIDE_1.10.1\STM32CubeIDE\plugins\com.st.stm32cube.common.mx_6.11.1.202404110753
2024-06-25 04:19:32,981 [INFO] PluginManage:196 - Search for loadable plugins [exclusion list=, ]
2024-06-25 04:19:32,982 [INFO] PluginManage:310 - Check plugin analytics
2024-06-25 04:19:33,123 [INFO] AnalyticsPlugin:253 - Accepted Software Licenses: 
2024-06-25 04:19:33,124 [INFO] AnalyticsPlugin:255 - Accepted CMSIS Pack Licenses: 
2024-06-25 04:19:33,124 [INFO] AnalyticsPlugin:257 - Accepted Firmware Licenses: FW.H7.1.10.0,FW.G4.1.5.0
2024-06-25 04:19:33,127 [INFO] PluginManage:359 - Loaded plugin analytics (category:tool,tabindex:-1)
2024-06-25 04:19:33,128 [INFO] PluginManage:310 - Check plugin cadmodel
2024-06-25 04:19:33,142 [INFO] CADModel:105 - Init CAD model plugin
2024-06-25 04:19:33,142 [INFO] PluginManage:359 - Loaded plugin cadmodel (category:power,tabindex:5)
2024-06-25 04:19:33,142 [INFO] PluginManage:310 - Check plugin clock
2024-06-25 04:19:33,161 [INFO] PluginManage:359 - Loaded plugin clock (category:base,tabindex:2)
2024-06-25 04:19:33,161 [INFO] PluginManage:310 - Check plugin ddr
2024-06-25 04:19:33,163 [INFO] PluginManage:359 - Loaded plugin ddr (category:tool,tabindex:6)
2024-06-25 04:19:33,163 [INFO] PluginManage:310 - Check plugin filemanager
2024-06-25 04:19:33,292 [INFO] PluginManage:359 - Loaded plugin filemanager (category:base,tabindex:10)
2024-06-25 04:19:33,292 [INFO] PluginManage:310 - Check plugin ipmanager
2024-06-25 04:19:33,298 [INFO] PluginManage:359 - Loaded plugin ipmanager (category:base,tabindex:5)
2024-06-25 04:19:33,298 [INFO] PluginManage:310 - Check plugin lpbam
2024-06-25 04:19:33,323 [INFO] PluginManage:359 - Loaded plugin lpbam (category:base,tabindex:0)
2024-06-25 04:19:33,323 [INFO] PluginManage:310 - Check plugin memorymap
2024-06-25 04:19:33,347 [INFO] PluginManage:359 - Loaded plugin memorymap (category:base,tabindex:4)
2024-06-25 04:19:33,347 [INFO] PluginManage:310 - Check plugin pinoutandconfiguration
2024-06-25 04:19:33,372 [INFO] PluginManage:359 - Loaded plugin pinoutandconfiguration (category:base,tabindex:1)
2024-06-25 04:19:33,372 [INFO] PluginManage:310 - Check plugin pinoutconfig
2024-06-25 04:19:33,486 [WARN] SupportedApi:132 - Cannot load RTOS API schema: s4s-elt-must-match.1: The content of 'definitions' must match (annotation?, (simpleType | complexType)?, (unique | key | keyref)*)). A problem was found starting at: attribute.
2024-06-25 04:19:33,603 [INFO] PluginManage:359 - Loaded plugin pinoutconfig (category:base,tabindex:0)
2024-06-25 04:19:33,603 [INFO] PluginManage:310 - Check plugin power
2024-06-25 04:19:33,620 [INFO] PluginManage:359 - Loaded plugin power (category:power,tabindex:4)
2024-06-25 04:19:33,620 [INFO] PluginManage:310 - Check plugin projectmanager
2024-06-25 04:19:33,634 [INFO] PluginManage:359 - Loaded plugin projectmanager (category:projectmanager,tabindex:3)
2024-06-25 04:19:33,634 [INFO] PluginManage:310 - Check plugin thirdparty
2024-06-25 04:19:33,883 [INFO] PluginManage:359 - Loaded plugin thirdparty (category:base,tabindex:-1)
2024-06-25 04:19:33,883 [INFO] PluginManage:310 - Check plugin tools
2024-06-25 04:19:33,883 [WARN] IntegrityCheckThread:84 - waiting for thirdparty lock release [integrity check]
2024-06-25 04:19:33,884 [INFO] IntegrityCheckThread:86 - entering critical section [integrity check]
2024-06-25 04:19:33,884 [INFO] ThirdPartyUpdaterWithRetryManager:70 - Updater plugin not ready yet. [1/15]
2024-06-25 04:19:33,918 [INFO] PluginManage:359 - Loaded plugin tools (category:base,tabindex:7)
2024-06-25 04:19:33,919 [INFO] PluginManage:310 - Check plugin tutovideos
2024-06-25 04:19:34,102 [INFO] PluginManage:359 - Loaded plugin tutovideos (category:base,tabindex:-1)
2024-06-25 04:19:34,102 [INFO] PluginManage:310 - Check plugin updater
2024-06-25 04:19:34,112 [INFO] PluginManage:359 - Loaded plugin updater (category:base,tabindex:12)
2024-06-25 04:19:34,113 [INFO] PluginManage:310 - Check plugin userauth
2024-06-25 04:19:34,118 [INFO] UserAuth:114 - Init User Auth plugin
2024-06-25 04:19:34,118 [INFO] PluginManage:359 - Loaded plugin userauth (category:base,tabindex:14)
2024-06-25 04:19:34,118 [INFO] PluginManage:283 - PluginManage : Loaded plugins [17]
2024-06-25 04:19:34,316 [INFO] PinOutPanel:1561 - setPackage(No Configuration,No Configuration)
2024-06-25 04:19:34,377 [INFO] CADModel:165 - CPN selected for project level
2024-06-25 04:19:34,377 [INFO] CADModel:114 - Register for checkConnection events
2024-06-25 04:19:34,407 [INFO] IPUIPlugin:80 - create IPUIPlugin
2024-06-25 04:19:34,407 [INFO] PluginManager:220 - loadIPPluginJar : add adc
2024-06-25 04:19:34,442 [INFO] IPUIPlugin:80 - create IPUIPlugin
2024-06-25 04:19:34,442 [INFO] PluginManager:220 - loadIPPluginJar : add aes
2024-06-25 04:19:34,481 [INFO] IPUIPlugin:80 - create IPUIPlugin
2024-06-25 04:19:34,481 [INFO] PluginManager:220 - loadIPPluginJar : add can
2024-06-25 04:19:34,503 [INFO] IPUIPlugin:80 - create IPUIPlugin
2024-06-25 04:19:34,503 [INFO] PluginManager:220 - loadIPPluginJar : add comp
2024-06-25 04:19:34,538 [INFO] IPUIPlugin:80 - create IPUIPlugin
2024-06-25 04:19:34,538 [INFO] PluginManager:220 - loadIPPluginJar : add cryp
2024-06-25 04:19:34,572 [INFO] IPUIPlugin:80 - create IPUIPlugin
2024-06-25 04:19:34,572 [INFO] PluginManager:220 - loadIPPluginJar : add dfsdm
2024-06-25 04:19:34,593 [INFO] IPUIPlugin:80 - create IPUIPlugin
2024-06-25 04:19:34,594 [INFO] PluginManager:220 - loadIPPluginJar : add dma
2024-06-25 04:19:34,644 [INFO] IPUIPlugin:80 - create IPUIPlugin
2024-06-25 04:19:34,645 [INFO] PluginManager:220 - loadIPPluginJar : add dma3
2024-06-25 04:19:34,691 [INFO] IPUIPlugin:80 - create IPUIPlugin
2024-06-25 04:19:34,691 [INFO] PluginManager:220 - loadIPPluginJar : add extmemmanager
2024-06-25 04:19:34,711 [INFO] IPUIPlugin:80 - create IPUIPlugin
2024-06-25 04:19:34,711 [INFO] PluginManager:220 - loadIPPluginJar : add fatfs
2024-06-25 04:19:34,760 [INFO] IPUIPlugin:80 - create IPUIPlugin
2024-06-25 04:19:34,760 [INFO] PluginManager:220 - loadIPPluginJar : add fmc
2024-06-25 04:19:34,775 [INFO] IPUIPlugin:80 - create IPUIPlugin
2024-06-25 04:19:34,776 [INFO] PluginManager:220 - loadIPPluginJar : add freertos
2024-06-25 04:19:34,796 [INFO] IPUIPlugin:80 - create IPUIPlugin
2024-06-25 04:19:34,796 [INFO] PluginManager:220 - loadIPPluginJar : add genericplugin
2024-06-25 04:19:34,893 [INFO] IPUIPlugin:80 - create IPUIPlugin
2024-06-25 04:19:34,893 [INFO] PluginManager:220 - loadIPPluginJar : add gfxmmu
2024-06-25 04:19:35,021 [INFO] IPUIPlugin:80 - create IPUIPlugin
2024-06-25 04:19:35,021 [INFO] PluginManager:220 - loadIPPluginJar : add gic
2024-06-25 04:19:35,042 [INFO] IPUIPlugin:80 - create IPUIPlugin
2024-06-25 04:19:35,042 [INFO] PluginManager:220 - loadIPPluginJar : add gpio
2024-06-25 04:19:35,131 [INFO] IPUIPlugin:80 - create IPUIPlugin
2024-06-25 04:19:35,131 [INFO] PluginManager:220 - loadIPPluginJar : add gtzc
2024-06-25 04:19:35,163 [INFO] IPUIPlugin:80 - create IPUIPlugin
2024-06-25 04:19:35,163 [INFO] PluginManager:220 - loadIPPluginJar : add hash
2024-06-25 04:19:35,219 [INFO] IPUIPlugin:80 - create IPUIPlugin
2024-06-25 04:19:35,219 [INFO] PluginManager:220 - loadIPPluginJar : add i2c
2024-06-25 04:19:35,257 [INFO] IPUIPlugin:80 - create IPUIPlugin
2024-06-25 04:19:35,257 [INFO] PluginManager:220 - loadIPPluginJar : add i2s
2024-06-25 04:19:35,303 [INFO] IPUIPlugin:80 - create IPUIPlugin
2024-06-25 04:19:35,303 [INFO] PluginManager:220 - loadIPPluginJar : add i3c
2024-06-25 04:19:35,426 [INFO] IPUIPlugin:80 - create IPUIPlugin
2024-06-25 04:19:35,426 [INFO] PluginManager:220 - loadIPPluginJar : add ipddr
2024-06-25 04:19:35,523 [INFO] IPUIPlugin:80 - create IPUIPlugin
2024-06-25 04:19:35,523 [INFO] PluginManager:220 - loadIPPluginJar : add linkedlist
2024-06-25 04:19:35,558 [INFO] IPUIPlugin:80 - create IPUIPlugin
2024-06-25 04:19:35,558 [INFO] PluginManager:220 - loadIPPluginJar : add lorawan
2024-06-25 04:19:35,596 [INFO] IPUIPlugin:80 - create IPUIPlugin
2024-06-25 04:19:35,596 [INFO] PluginManager:220 - loadIPPluginJar : add ltdc
2024-06-25 04:19:35,609 [INFO] IPUIPlugin:80 - create IPUIPlugin
2024-06-25 04:19:35,609 [INFO] PluginManager:220 - loadIPPluginJar : add mdma
2024-06-25 04:19:35,620 [INFO] IPUIPlugin:80 - create IPUIPlugin
2024-06-25 04:19:35,620 [INFO] PluginManager:220 - loadIPPluginJar : add nvic
2024-06-25 04:19:35,654 [INFO] IPUIPlugin:80 - create IPUIPlugin
2024-06-25 04:19:35,655 [INFO] PluginManager:220 - loadIPPluginJar : add opamp
2024-06-25 04:19:35,717 [INFO] IPUIPlugin:80 - create IPUIPlugin
2024-06-25 04:19:35,717 [INFO] PluginManager:220 - loadIPPluginJar : add openamp
2024-06-25 04:19:35,762 [INFO] IPUIPlugin:80 - create IPUIPlugin
2024-06-25 04:19:35,762 [INFO] PluginManager:220 - loadIPPluginJar : add pdm2pcm
2024-06-25 04:19:35,777 [INFO] IPUIPlugin:80 - create IPUIPlugin
2024-06-25 04:19:35,779 [INFO] PluginManager:220 - loadIPPluginJar : add plateformsettings
2024-06-25 04:19:35,808 [INFO] IPUIPlugin:80 - create IPUIPlugin
2024-06-25 04:19:35,808 [INFO] PluginManager:220 - loadIPPluginJar : add quadspi
2024-06-25 04:19:35,825 [INFO] IPUIPlugin:80 - create IPUIPlugin
2024-06-25 04:19:35,826 [INFO] PluginManager:220 - loadIPPluginJar : add resmgrutility
2024-06-25 04:19:35,881 [INFO] IPUIPlugin:80 - create IPUIPlugin
2024-06-25 04:19:35,882 [INFO] PluginManager:220 - loadIPPluginJar : add sai
2024-06-25 04:19:35,917 [INFO] IPUIPlugin:80 - create IPUIPlugin
2024-06-25 04:19:35,917 [INFO] PluginManager:220 - loadIPPluginJar : add spi
2024-06-25 04:19:35,990 [INFO] IPUIPlugin:80 - create IPUIPlugin
2024-06-25 04:19:35,990 [INFO] PluginManager:220 - loadIPPluginJar : add stm32_wpan
2024-06-25 04:19:36,012 [INFO] IPUIPlugin:80 - create IPUIPlugin
2024-06-25 04:19:36,012 [INFO] PluginManager:220 - loadIPPluginJar : add tim
2024-06-25 04:19:36,087 [INFO] IPUIPlugin:80 - create IPUIPlugin
2024-06-25 04:19:36,087 [INFO] PluginManager:220 - loadIPPluginJar : add touchsensing
2024-06-25 04:19:36,108 [INFO] IPUIPlugin:80 - create IPUIPlugin
2024-06-25 04:19:36,108 [INFO] PluginManager:220 - loadIPPluginJar : add tracer_emb
2024-06-25 04:19:36,130 [INFO] IPUIPlugin:80 - create IPUIPlugin
2024-06-25 04:19:36,130 [INFO] PluginManager:220 - loadIPPluginJar : add ts
2024-06-25 04:19:36,152 [INFO] IPUIPlugin:80 - create IPUIPlugin
2024-06-25 04:19:36,153 [INFO] PluginManager:220 - loadIPPluginJar : add tsc
2024-06-25 04:19:36,174 [INFO] IPUIPlugin:80 - create IPUIPlugin
2024-06-25 04:19:36,175 [INFO] PluginManager:220 - loadIPPluginJar : add ucpd
2024-06-25 04:19:36,223 [INFO] IPUIPlugin:80 - create IPUIPlugin
2024-06-25 04:19:36,223 [INFO] PluginManager:220 - loadIPPluginJar : add usart
2024-06-25 04:19:36,269 [INFO] IPUIPlugin:80 - create IPUIPlugin
2024-06-25 04:19:36,269 [INFO] PluginManager:220 - loadIPPluginJar : add usbx
2024-06-25 04:19:36,401 [INFO] CADModel:165 - CPN selected for project level
2024-06-25 04:19:36,401 [INFO] CADModel:114 - Register for checkConnection events
2024-06-25 04:19:36,401 [FATAL] Updater:308 - Updater called before beeing initialized
2024-06-25 04:19:36,401 [ERROR] CADModel:125 - Updater not yet initialized, retry later 
2024-06-25 04:19:36,558 [INFO] CADModel:165 - CPN selected for project level
2024-06-25 04:19:36,559 [INFO] CADModel:114 - Register for checkConnection events
2024-06-25 04:19:36,559 [FATAL] Updater:308 - Updater called before beeing initialized
2024-06-25 04:19:36,559 [ERROR] CADModel:125 - Updater not yet initialized, retry later 
2024-06-25 04:19:36,562 [FATAL] Updater:308 - Updater called before beeing initialized
2024-06-25 04:19:36,654 [FATAL] Updater:308 - Updater called before beeing initialized
2024-06-25 04:19:36,664 [INFO] DbMcusAds:53 - JSON generation date=Thu May 16 14:52:00 IST 2024 (1715851320852)
2024-06-25 04:19:36,665 [FATAL] Updater:308 - Updater called before beeing initialized
2024-06-25 04:19:36,739 [WARN] DetailPanel:346 - Failed to get advertising image, set to default
2024-06-25 04:19:36,827 [FATAL] Updater:308 - Updater called before beeing initialized
2024-06-25 04:19:36,829 [FATAL] Updater:308 - Updater called before beeing initialized
2024-06-25 04:19:36,829 [FATAL] Updater:308 - Updater called before beeing initialized
2024-06-25 04:19:36,830 [WARN] DetailPanel:346 - Failed to get advertising image, set to default
2024-06-25 04:19:36,830 [FATAL] Updater:308 - Updater called before beeing initialized
2024-06-25 04:19:36,885 [ERROR] Updater:1120 - MainUpdater not yet initialized. External WinMGr cannot be set.
2024-06-25 04:19:36,886 [INFO] ThirdPartyUpdaterWithRetryManager:70 - Updater plugin not ready yet. [2/15]
2024-06-25 04:19:36,896 [INFO] Updater:1056 - Updater Version found : 6.11.1
2024-06-25 04:19:36,916 [INFO] ApplicationProperties:184 - Using Application install path: C:\ST\STM32CubeIDE_1.10.1\STM32CubeIDE\plugins\com.st.stm32cube.common.mx_6.11.1.202404110753
2024-06-25 04:19:38,491 [ERROR] LogOutputStream:75 - [STDERR_REDIRECT] Jun 25, 2024 4:19:38 AM java.util.prefs.WindowsPreferences <init>
2024-06-25 04:19:38,493 [ERROR] LogOutputStream:75 - [STDERR_REDIRECT] WARNING: Could not open/create prefs root node Software\JavaSoft\Prefs at root 0xffffffff80000002. Windows RegCreateKeyEx(...) returned error code 5.
2024-06-25 04:19:38,493 [ERROR] LogOutputStream:75 - [STDERR_REDIRECT] 
2024-06-25 04:19:39,887 [FATAL] Updater:308 - Updater called before beeing initialized
2024-06-25 04:19:39,887 [ERROR] IntegrityCheckThread:130 - Cannot retrieve database content from updater: error 21
2024-06-25 04:19:39,888 [INFO] ThirdParty:978 - Integrity check success = false
2024-06-25 04:19:39,888 [INFO] IntegrityCheckThread:100 - exiting critical section [integrity check]
2024-06-25 04:19:39,888 [INFO] IntegrityCheckThread:103 - End integrity checks thread
2024-06-25 04:19:41,101 [WARN] CheckConnectionManager:291 - Warning during Server Connection :  timeout Read timed out
2024-06-25 04:19:43,313 [WARN] CheckConnectionManager:291 - Warning during Server Connection :  timeout Read timed out
2024-06-25 04:19:43,318 [INFO] MainUpdater:2873 - connection check result : 22
2024-06-25 04:19:43,319 [INFO] MainUpdater:290 - Updater Check For Update Now.
2024-06-25 04:19:43,319 [INFO] MicroXplorer:498 - Change Database Version : DB.6.0.111
2024-06-25 04:19:43,402 [INFO] McuFinderGlobals:63 - Set McuFinder mode to 2 (CubeIDE integrated)
2024-06-25 04:19:43,402 [INFO] UserAuth:179 - activating auth plugin
2024-06-25 04:19:43,407 [INFO] UserAuth:415 - Internet connection configuration mode: 2
2024-06-25 04:19:43,511 [INFO] UserAuth:415 - Internet connection configuration mode: 2
2024-06-25 04:19:43,688 [INFO] CheckServerUpdateThread:120 - End of CheckServer Thread
2024-06-25 04:58:54,330 [ERROR] LogOutputStream:75 - [STDERR_REDIRECT] 
2024-06-25 05:27:48,107 [INFO] Activator:176 - 


2024-06-25 05:27:48,109 [INFO] Activator:177 - !SESSION log4j initialized
2024-06-25 05:27:54,977 [INFO] LogOutputStream:77 - [STDOUT_REDIRECT] 
2024-06-25 05:27:58,413 [INFO] ApplicationProperties:184 - Using Application install path: C:\ST\STM32CubeIDE_1.10.1\STM32CubeIDE\plugins\com.st.stm32cube.common.mx_6.11.1.202404110753
2024-06-25 05:27:58,429 [INFO] DbMcusXml:78 - Set database path to: C:\ST\STM32CubeIDE_1.10.1\STM32CubeIDE\plugins\com.st.stm32cube.common.mx_6.11.1.202404110753\\db\/mcu/
2024-06-25 05:27:58,429 [INFO] ApiDb:274 - Set plugin database path to: C:\ST\STM32CubeIDE_1.10.1\STM32CubeIDE\plugins\com.st.stm32cube.common.mx_6.11.1.202404110753\\db\/plugins/boardmanager/
2024-06-25 05:27:58,430 [WARN] ApiDb:259 - Overriding images path with different value:  => C:\ST\STM32CubeIDE_1.10.1\STM32CubeIDE\plugins\com.st.stm32cube.common.mx_6.11.1.202404110753\\db\/plugins/mcufinder/images/
2024-06-25 05:27:58,435 [INFO] ApiDb:250 - Set database path to: C:\Users\saksh\.stmcufinder\plugins\mcufinder//mcu/
2024-06-25 05:27:58,436 [INFO] DbMcusAds:125 - Set database path to: C:\Users\saksh\.stmcufinder\plugins\mcufinder//mcu/
2024-06-25 05:27:58,438 [INFO] CrossReferenceDbSqlite:203 - Set database path to: C:\Users\saksh\.stmcufinder\plugins\mcufinder//mcu/cs/
2024-06-25 05:27:58,544 [INFO] RulesReader:64 - Compatibility file has been processed (297 Rules)
2024-06-25 05:27:58,621 [INFO] DbMcusXml:78 - Set database path to: C:\ST\STM32CubeIDE_1.10.1\STM32CubeIDE\plugins\com.st.stm32cube.common.mx_6.11.1.202404110753\\db\/mcu/
2024-06-25 05:27:58,621 [INFO] ApiDb:274 - Set plugin database path to: C:\ST\STM32CubeIDE_1.10.1\STM32CubeIDE\plugins\com.st.stm32cube.common.mx_6.11.1.202404110753\\db\/plugins/boardmanager/
2024-06-25 05:27:58,621 [INFO] ApiDb:261 - Set plugin images path to: C:\ST\STM32CubeIDE_1.10.1\STM32CubeIDE\plugins\com.st.stm32cube.common.mx_6.11.1.202404110753\\db\/plugins/mcufinder/images/
2024-06-25 05:27:58,622 [WARN] DbFile:41 - Overriding database path with different value: C:\Users\saksh\.stmcufinder\plugins\mcufinder/ => C:\Users\saksh\.stmcufinder\plugins\mcufinder
2024-06-25 05:27:58,622 [INFO] ApiDb:250 - Set database path to: C:\Users\saksh\.stmcufinder\plugins\mcufinder//mcu/
2024-06-25 05:27:58,622 [WARN] DbFile:41 - Overriding database path with different value: C:\Users\saksh\.stmcufinder\plugins\mcufinder/ => C:\Users\saksh\.stmcufinder\plugins\mcufinder
2024-06-25 05:27:58,622 [INFO] DbMcusAds:125 - Set database path to: C:\Users\saksh\.stmcufinder\plugins\mcufinder//mcu/
2024-06-25 05:27:58,622 [WARN] DbFile:41 - Overriding database path with different value: C:\Users\saksh\.stmcufinder\plugins\mcufinder/ => C:\Users\saksh\.stmcufinder\plugins\mcufinder
2024-06-25 05:27:58,622 [WARN] DbFile:41 - Overriding database path with different value: C:\Users\saksh\.stmcufinder\plugins\mcufinder/ => C:\Users\saksh\.stmcufinder\plugins\mcufinder
2024-06-25 05:27:58,622 [INFO] CrossReferenceDbSqlite:203 - Set database path to: C:\Users\saksh\.stmcufinder\plugins\mcufinder//mcu/cs/
2024-06-25 05:27:58,692 [INFO] MainPanel:264 - HeapMemory: 268435456
2024-06-25 05:27:58,778 [INFO] DbMcusXml:78 - Set database path to: C:\ST\STM32CubeIDE_1.10.1\STM32CubeIDE\plugins\com.st.stm32cube.common.mx_6.11.1.202404110753\\db\/mcu/
2024-06-25 05:27:58,778 [INFO] ApiDb:274 - Set plugin database path to: C:\ST\STM32CubeIDE_1.10.1\STM32CubeIDE\plugins\com.st.stm32cube.common.mx_6.11.1.202404110753\\db\/plugins/boardmanager/
2024-06-25 05:27:58,778 [INFO] ApiDb:261 - Set plugin images path to: C:\ST\STM32CubeIDE_1.10.1\STM32CubeIDE\plugins\com.st.stm32cube.common.mx_6.11.1.202404110753\\db\/plugins/mcufinder/images/
2024-06-25 05:27:58,778 [WARN] DbFile:41 - Overriding database path with different value: C:\Users\saksh\.stmcufinder\plugins\mcufinder/ => C:\Users\saksh\.stmcufinder\plugins\mcufinder
2024-06-25 05:27:58,778 [INFO] ApiDb:250 - Set database path to: C:\Users\saksh\.stmcufinder\plugins\mcufinder//mcu/
2024-06-25 05:27:58,778 [WARN] DbFile:41 - Overriding database path with different value: C:\Users\saksh\.stmcufinder\plugins\mcufinder/ => C:\Users\saksh\.stmcufinder\plugins\mcufinder
2024-06-25 05:27:58,778 [INFO] DbMcusAds:125 - Set database path to: C:\Users\saksh\.stmcufinder\plugins\mcufinder//mcu/
2024-06-25 05:27:58,779 [WARN] DbFile:41 - Overriding database path with different value: C:\Users\saksh\.stmcufinder\plugins\mcufinder/ => C:\Users\saksh\.stmcufinder\plugins\mcufinder
2024-06-25 05:27:58,779 [WARN] DbFile:41 - Overriding database path with different value: C:\Users\saksh\.stmcufinder\plugins\mcufinder/ => C:\Users\saksh\.stmcufinder\plugins\mcufinder
2024-06-25 05:27:58,779 [INFO] CrossReferenceDbSqlite:203 - Set database path to: C:\Users\saksh\.stmcufinder\plugins\mcufinder//mcu/cs/
2024-06-25 05:27:58,795 [INFO] ApplicationProperties:184 - Using Application install path: C:\ST\STM32CubeIDE_1.10.1\STM32CubeIDE\plugins\com.st.stm32cube.common.mx_6.11.1.202404110753
2024-06-25 05:27:58,796 [INFO] PluginManage:196 - Search for loadable plugins [exclusion list=, ]
2024-06-25 05:27:58,798 [INFO] PluginManage:310 - Check plugin analytics
2024-06-25 05:27:58,932 [INFO] AnalyticsPlugin:253 - Accepted Software Licenses: 
2024-06-25 05:27:58,932 [INFO] AnalyticsPlugin:255 - Accepted CMSIS Pack Licenses: 
2024-06-25 05:27:58,932 [INFO] AnalyticsPlugin:257 - Accepted Firmware Licenses: FW.H7.1.10.0,FW.G4.1.5.0
2024-06-25 05:27:58,934 [INFO] PluginManage:359 - Loaded plugin analytics (category:tool,tabindex:-1)
2024-06-25 05:27:58,935 [INFO] PluginManage:310 - Check plugin cadmodel
2024-06-25 05:27:58,951 [INFO] CADModel:105 - Init CAD model plugin
2024-06-25 05:27:58,951 [INFO] PluginManage:359 - Loaded plugin cadmodel (category:power,tabindex:5)
2024-06-25 05:27:58,951 [INFO] PluginManage:310 - Check plugin clock
2024-06-25 05:27:58,971 [INFO] PluginManage:359 - Loaded plugin clock (category:base,tabindex:2)
2024-06-25 05:27:58,971 [INFO] PluginManage:310 - Check plugin ddr
2024-06-25 05:27:58,973 [INFO] PluginManage:359 - Loaded plugin ddr (category:tool,tabindex:6)
2024-06-25 05:27:58,973 [INFO] PluginManage:310 - Check plugin filemanager
2024-06-25 05:27:59,106 [INFO] PluginManage:359 - Loaded plugin filemanager (category:base,tabindex:10)
2024-06-25 05:27:59,106 [INFO] PluginManage:310 - Check plugin ipmanager
2024-06-25 05:27:59,112 [INFO] PluginManage:359 - Loaded plugin ipmanager (category:base,tabindex:5)
2024-06-25 05:27:59,112 [INFO] PluginManage:310 - Check plugin lpbam
2024-06-25 05:27:59,130 [INFO] PluginManage:359 - Loaded plugin lpbam (category:base,tabindex:0)
2024-06-25 05:27:59,130 [INFO] PluginManage:310 - Check plugin memorymap
2024-06-25 05:27:59,156 [INFO] PluginManage:359 - Loaded plugin memorymap (category:base,tabindex:4)
2024-06-25 05:27:59,156 [INFO] PluginManage:310 - Check plugin pinoutandconfiguration
2024-06-25 05:27:59,178 [INFO] PluginManage:359 - Loaded plugin pinoutandconfiguration (category:base,tabindex:1)
2024-06-25 05:27:59,178 [INFO] PluginManage:310 - Check plugin pinoutconfig
2024-06-25 05:27:59,268 [WARN] SupportedApi:132 - Cannot load RTOS API schema: s4s-elt-must-match.1: The content of 'definitions' must match (annotation?, (simpleType | complexType)?, (unique | key | keyref)*)). A problem was found starting at: attribute.
2024-06-25 05:27:59,397 [INFO] PluginManage:359 - Loaded plugin pinoutconfig (category:base,tabindex:0)
2024-06-25 05:27:59,398 [INFO] PluginManage:310 - Check plugin power
2024-06-25 05:27:59,417 [INFO] PluginManage:359 - Loaded plugin power (category:power,tabindex:4)
2024-06-25 05:27:59,417 [INFO] PluginManage:310 - Check plugin projectmanager
2024-06-25 05:27:59,432 [INFO] PluginManage:359 - Loaded plugin projectmanager (category:projectmanager,tabindex:3)
2024-06-25 05:27:59,432 [INFO] PluginManage:310 - Check plugin thirdparty
2024-06-25 05:27:59,699 [INFO] PluginManage:359 - Loaded plugin thirdparty (category:base,tabindex:-1)
2024-06-25 05:27:59,699 [INFO] PluginManage:310 - Check plugin tools
2024-06-25 05:27:59,699 [WARN] IntegrityCheckThread:84 - waiting for thirdparty lock release [integrity check]
2024-06-25 05:27:59,699 [INFO] IntegrityCheckThread:86 - entering critical section [integrity check]
2024-06-25 05:27:59,700 [INFO] ThirdPartyUpdaterWithRetryManager:70 - Updater plugin not ready yet. [1/15]
2024-06-25 05:27:59,732 [INFO] PluginManage:359 - Loaded plugin tools (category:base,tabindex:7)
2024-06-25 05:27:59,732 [INFO] PluginManage:310 - Check plugin tutovideos
2024-06-25 05:27:59,919 [INFO] PluginManage:359 - Loaded plugin tutovideos (category:base,tabindex:-1)
2024-06-25 05:27:59,919 [INFO] PluginManage:310 - Check plugin updater
2024-06-25 05:27:59,930 [INFO] PluginManage:359 - Loaded plugin updater (category:base,tabindex:12)
2024-06-25 05:27:59,930 [INFO] PluginManage:310 - Check plugin userauth
2024-06-25 05:27:59,936 [INFO] UserAuth:114 - Init User Auth plugin
2024-06-25 05:27:59,936 [INFO] PluginManage:359 - Loaded plugin userauth (category:base,tabindex:14)
2024-06-25 05:27:59,936 [INFO] PluginManage:283 - PluginManage : Loaded plugins [17]
2024-06-25 05:28:00,172 [INFO] PinOutPanel:1561 - setPackage(No Configuration,No Configuration)
2024-06-25 05:28:00,240 [INFO] CADModel:165 - CPN selected for project level
2024-06-25 05:28:00,240 [INFO] CADModel:114 - Register for checkConnection events
2024-06-25 05:28:00,267 [INFO] IPUIPlugin:80 - create IPUIPlugin
2024-06-25 05:28:00,268 [INFO] PluginManager:220 - loadIPPluginJar : add adc
2024-06-25 05:28:00,304 [INFO] IPUIPlugin:80 - create IPUIPlugin
2024-06-25 05:28:00,304 [INFO] PluginManager:220 - loadIPPluginJar : add aes
2024-06-25 05:28:00,342 [INFO] IPUIPlugin:80 - create IPUIPlugin
2024-06-25 05:28:00,342 [INFO] PluginManager:220 - loadIPPluginJar : add can
2024-06-25 05:28:00,365 [INFO] IPUIPlugin:80 - create IPUIPlugin
2024-06-25 05:28:00,365 [INFO] PluginManager:220 - loadIPPluginJar : add comp
2024-06-25 05:28:00,398 [INFO] IPUIPlugin:80 - create IPUIPlugin
2024-06-25 05:28:00,398 [INFO] PluginManager:220 - loadIPPluginJar : add cryp
2024-06-25 05:28:00,431 [INFO] IPUIPlugin:80 - create IPUIPlugin
2024-06-25 05:28:00,431 [INFO] PluginManager:220 - loadIPPluginJar : add dfsdm
2024-06-25 05:28:00,448 [INFO] IPUIPlugin:80 - create IPUIPlugin
2024-06-25 05:28:00,448 [INFO] PluginManager:220 - loadIPPluginJar : add dma
2024-06-25 05:28:00,494 [INFO] IPUIPlugin:80 - create IPUIPlugin
2024-06-25 05:28:00,495 [INFO] PluginManager:220 - loadIPPluginJar : add dma3
2024-06-25 05:28:00,538 [INFO] IPUIPlugin:80 - create IPUIPlugin
2024-06-25 05:28:00,538 [INFO] PluginManager:220 - loadIPPluginJar : add extmemmanager
2024-06-25 05:28:00,558 [INFO] IPUIPlugin:80 - create IPUIPlugin
2024-06-25 05:28:00,558 [INFO] PluginManager:220 - loadIPPluginJar : add fatfs
2024-06-25 05:28:00,606 [INFO] IPUIPlugin:80 - create IPUIPlugin
2024-06-25 05:28:00,607 [INFO] PluginManager:220 - loadIPPluginJar : add fmc
2024-06-25 05:28:00,622 [INFO] IPUIPlugin:80 - create IPUIPlugin
2024-06-25 05:28:00,622 [INFO] PluginManager:220 - loadIPPluginJar : add freertos
2024-06-25 05:28:00,642 [INFO] IPUIPlugin:80 - create IPUIPlugin
2024-06-25 05:28:00,642 [INFO] PluginManager:220 - loadIPPluginJar : add genericplugin
2024-06-25 05:28:00,732 [INFO] IPUIPlugin:80 - create IPUIPlugin
2024-06-25 05:28:00,733 [INFO] PluginManager:220 - loadIPPluginJar : add gfxmmu
2024-06-25 05:28:00,863 [INFO] IPUIPlugin:80 - create IPUIPlugin
2024-06-25 05:28:00,864 [INFO] PluginManager:220 - loadIPPluginJar : add gic
2024-06-25 05:28:00,877 [INFO] IPUIPlugin:80 - create IPUIPlugin
2024-06-25 05:28:00,877 [INFO] PluginManager:220 - loadIPPluginJar : add gpio
2024-06-25 05:28:00,981 [INFO] IPUIPlugin:80 - create IPUIPlugin
2024-06-25 05:28:00,982 [INFO] PluginManager:220 - loadIPPluginJar : add gtzc
2024-06-25 05:28:01,022 [INFO] IPUIPlugin:80 - create IPUIPlugin
2024-06-25 05:28:01,022 [INFO] PluginManager:220 - loadIPPluginJar : add hash
2024-06-25 05:28:01,079 [INFO] IPUIPlugin:80 - create IPUIPlugin
2024-06-25 05:28:01,079 [INFO] PluginManager:220 - loadIPPluginJar : add i2c
2024-06-25 05:28:01,117 [INFO] IPUIPlugin:80 - create IPUIPlugin
2024-06-25 05:28:01,117 [INFO] PluginManager:220 - loadIPPluginJar : add i2s
2024-06-25 05:28:01,155 [INFO] IPUIPlugin:80 - create IPUIPlugin
2024-06-25 05:28:01,155 [INFO] PluginManager:220 - loadIPPluginJar : add i3c
2024-06-25 05:28:01,260 [INFO] IPUIPlugin:80 - create IPUIPlugin
2024-06-25 05:28:01,261 [INFO] PluginManager:220 - loadIPPluginJar : add ipddr
2024-06-25 05:28:01,354 [INFO] IPUIPlugin:80 - create IPUIPlugin
2024-06-25 05:28:01,355 [INFO] PluginManager:220 - loadIPPluginJar : add linkedlist
2024-06-25 05:28:01,389 [INFO] IPUIPlugin:80 - create IPUIPlugin
2024-06-25 05:28:01,389 [INFO] PluginManager:220 - loadIPPluginJar : add lorawan
2024-06-25 05:28:01,424 [INFO] IPUIPlugin:80 - create IPUIPlugin
2024-06-25 05:28:01,424 [INFO] PluginManager:220 - loadIPPluginJar : add ltdc
2024-06-25 05:28:01,437 [INFO] IPUIPlugin:80 - create IPUIPlugin
2024-06-25 05:28:01,437 [INFO] PluginManager:220 - loadIPPluginJar : add mdma
2024-06-25 05:28:01,449 [INFO] IPUIPlugin:80 - create IPUIPlugin
2024-06-25 05:28:01,449 [INFO] PluginManager:220 - loadIPPluginJar : add nvic
2024-06-25 05:28:01,483 [INFO] IPUIPlugin:80 - create IPUIPlugin
2024-06-25 05:28:01,483 [INFO] PluginManager:220 - loadIPPluginJar : add opamp
2024-06-25 05:28:01,541 [INFO] IPUIPlugin:80 - create IPUIPlugin
2024-06-25 05:28:01,541 [INFO] PluginManager:220 - loadIPPluginJar : add openamp
2024-06-25 05:28:01,589 [INFO] IPUIPlugin:80 - create IPUIPlugin
2024-06-25 05:28:01,589 [INFO] PluginManager:220 - loadIPPluginJar : add pdm2pcm
2024-06-25 05:28:01,603 [INFO] IPUIPlugin:80 - create IPUIPlugin
2024-06-25 05:28:01,605 [INFO] PluginManager:220 - loadIPPluginJar : add plateformsettings
2024-06-25 05:28:01,626 [INFO] IPUIPlugin:80 - create IPUIPlugin
2024-06-25 05:28:01,626 [INFO] PluginManager:220 - loadIPPluginJar : add quadspi
2024-06-25 05:28:01,637 [INFO] IPUIPlugin:80 - create IPUIPlugin
2024-06-25 05:28:01,637 [INFO] PluginManager:220 - loadIPPluginJar : add resmgrutility
2024-06-25 05:28:01,686 [INFO] IPUIPlugin:80 - create IPUIPlugin
2024-06-25 05:28:01,686 [INFO] PluginManager:220 - loadIPPluginJar : add sai
2024-06-25 05:28:01,721 [INFO] IPUIPlugin:80 - create IPUIPlugin
2024-06-25 05:28:01,722 [INFO] PluginManager:220 - loadIPPluginJar : add spi
2024-06-25 05:28:01,787 [INFO] IPUIPlugin:80 - create IPUIPlugin
2024-06-25 05:28:01,787 [INFO] PluginManager:220 - loadIPPluginJar : add stm32_wpan
2024-06-25 05:28:01,809 [INFO] IPUIPlugin:80 - create IPUIPlugin
2024-06-25 05:28:01,809 [INFO] PluginManager:220 - loadIPPluginJar : add tim
2024-06-25 05:28:01,872 [INFO] IPUIPlugin:80 - create IPUIPlugin
2024-06-25 05:28:01,872 [INFO] PluginManager:220 - loadIPPluginJar : add touchsensing
2024-06-25 05:28:01,902 [INFO] IPUIPlugin:80 - create IPUIPlugin
2024-06-25 05:28:01,902 [INFO] PluginManager:220 - loadIPPluginJar : add tracer_emb
2024-06-25 05:28:01,926 [INFO] IPUIPlugin:80 - create IPUIPlugin
2024-06-25 05:28:01,926 [INFO] PluginManager:220 - loadIPPluginJar : add ts
2024-06-25 05:28:01,950 [INFO] IPUIPlugin:80 - create IPUIPlugin
2024-06-25 05:28:01,950 [INFO] PluginManager:220 - loadIPPluginJar : add tsc
2024-06-25 05:28:01,975 [INFO] IPUIPlugin:80 - create IPUIPlugin
2024-06-25 05:28:01,975 [INFO] PluginManager:220 - loadIPPluginJar : add ucpd
2024-06-25 05:28:02,016 [INFO] IPUIPlugin:80 - create IPUIPlugin
2024-06-25 05:28:02,016 [INFO] PluginManager:220 - loadIPPluginJar : add usart
2024-06-25 05:28:02,057 [INFO] IPUIPlugin:80 - create IPUIPlugin
2024-06-25 05:28:02,057 [INFO] PluginManager:220 - loadIPPluginJar : add usbx
2024-06-25 05:28:02,185 [INFO] CADModel:165 - CPN selected for project level
2024-06-25 05:28:02,185 [INFO] CADModel:114 - Register for checkConnection events
2024-06-25 05:28:02,185 [FATAL] Updater:308 - Updater called before beeing initialized
2024-06-25 05:28:02,185 [ERROR] CADModel:125 - Updater not yet initialized, retry later 
2024-06-25 05:28:02,335 [INFO] CADModel:165 - CPN selected for project level
2024-06-25 05:28:02,335 [INFO] CADModel:114 - Register for checkConnection events
2024-06-25 05:28:02,335 [FATAL] Updater:308 - Updater called before beeing initialized
2024-06-25 05:28:02,335 [ERROR] CADModel:125 - Updater not yet initialized, retry later 
2024-06-25 05:28:02,338 [FATAL] Updater:308 - Updater called before beeing initialized
2024-06-25 05:28:02,429 [FATAL] Updater:308 - Updater called before beeing initialized
2024-06-25 05:28:02,439 [INFO] DbMcusAds:53 - JSON generation date=Thu May 16 14:52:00 IST 2024 (1715851320852)
2024-06-25 05:28:02,439 [FATAL] Updater:308 - Updater called before beeing initialized
2024-06-25 05:28:02,515 [WARN] DetailPanel:346 - Failed to get advertising image, set to default
2024-06-25 05:28:02,605 [FATAL] Updater:308 - Updater called before beeing initialized
2024-06-25 05:28:02,607 [FATAL] Updater:308 - Updater called before beeing initialized
2024-06-25 05:28:02,608 [FATAL] Updater:308 - Updater called before beeing initialized
2024-06-25 05:28:02,608 [WARN] DetailPanel:346 - Failed to get advertising image, set to default
2024-06-25 05:28:02,608 [FATAL] Updater:308 - Updater called before beeing initialized
2024-06-25 05:28:02,661 [ERROR] Updater:1120 - MainUpdater not yet initialized. External WinMGr cannot be set.
2024-06-25 05:28:02,671 [INFO] Updater:1056 - Updater Version found : 6.11.1
2024-06-25 05:28:02,691 [INFO] ApplicationProperties:184 - Using Application install path: C:\ST\STM32CubeIDE_1.10.1\STM32CubeIDE\plugins\com.st.stm32cube.common.mx_6.11.1.202404110753
2024-06-25 05:28:02,700 [INFO] ThirdPartyUpdaterWithRetryManager:70 - Updater plugin not ready yet. [2/15]
2024-06-25 05:28:04,276 [ERROR] LogOutputStream:75 - [STDERR_REDIRECT] Jun 25, 2024 5:28:04 AM java.util.prefs.WindowsPreferences <init>
2024-06-25 05:28:04,278 [ERROR] LogOutputStream:75 - [STDERR_REDIRECT] WARNING: Could not open/create prefs root node Software\JavaSoft\Prefs at root 0xffffffff80000002. Windows RegCreateKeyEx(...) returned error code 5.
2024-06-25 05:28:04,278 [ERROR] LogOutputStream:75 - [STDERR_REDIRECT] 
2024-06-25 05:28:04,892 [INFO] MainUpdater:2873 - connection check result : 10
2024-06-25 05:28:04,892 [INFO] MainUpdater:3567 - Updater definition file requires update
2024-06-25 05:28:04,893 [INFO] MainUpdater:290 - Updater Check For Update Now.
2024-06-25 05:28:04,893 [INFO] MicroXplorer:498 - Change Database Version : DB.6.0.111
2024-06-25 05:28:04,917 [INFO] McuFinderGlobals:63 - Set McuFinder mode to 2 (CubeIDE integrated)
2024-06-25 05:28:04,917 [INFO] UserAuth:179 - activating auth plugin
2024-06-25 05:28:04,920 [INFO] UserAuth:415 - Internet connection configuration mode: 1
2024-06-25 05:28:04,953 [INFO] JxBrowserEngine:152 - Initiate JxBrowser Engine with user profile folder
2024-06-25 05:28:05,701 [WARN] MainUpdater:1194 - Updater busy. Cannot search thirdparties
2024-06-25 05:28:05,701 [INFO] ThirdPartyUpdaterWithRetryManager:96 - Updater plugin is busy. [1/15]
2024-06-25 05:28:06,417 [INFO] ServerAccessManage:473 - Download File updaters.zip
2024-06-25 05:28:06,625 [INFO] FileExtend:240 - Unzip File : updaters.zip
2024-06-25 05:28:06,625 [INFO] FileExtend:255 - Standard Zip Deflate
2024-06-25 05:28:07,841 [INFO] ServerAccessManage:473 - Download File PacksControlFlags.xml
2024-06-25 05:28:08,658 [INFO] ServerAccessManage:473 - Download File cubemx.pidx
2024-06-25 05:28:08,702 [WARN] MainUpdater:1194 - Updater busy. Cannot search thirdparties
2024-06-25 05:28:08,702 [INFO] ThirdPartyUpdaterWithRetryManager:96 - Updater plugin is busy. [2/15]
2024-06-25 05:28:09,786 [INFO] WebApp:161 - Instantiating new browser for Auth
2024-06-25 05:28:10,366 [INFO] WebApp:779 - Register for checkConnection events
2024-06-25 05:28:10,366 [INFO] WebApp:414 - Apply proxy settings
2024-06-25 05:28:10,366 [INFO] WebApp:499 - Chromium requires no authentication
2024-06-25 05:28:10,374 [INFO] WebApp:442 - Direct internet connection detected
2024-06-25 05:28:10,534 [INFO] WebApp:192 - Starting web application
2024-06-25 05:28:10,534 [INFO] WebApp:544 - Web application path used C:\ST\STM32CubeIDE_1.10.1\STM32CubeIDE\plugins\com.st.stm32cube.common.mx_6.11.1.202404110753\db\plugins\mcufinder\reactClient1\index.html
2024-06-25 05:28:10,708 [INFO] ServerAccessManage:473 - Download File STMicroelectronics.X-CUBE-TOUCHGFX.pdsc
2024-06-25 05:28:11,702 [WARN] MainUpdater:1194 - Updater busy. Cannot search thirdparties
2024-06-25 05:28:11,702 [INFO] ThirdPartyUpdaterWithRetryManager:96 - Updater plugin is busy. [3/15]
2024-06-25 05:28:14,703 [WARN] MainUpdater:1194 - Updater busy. Cannot search thirdparties
2024-06-25 05:28:14,703 [INFO] ThirdPartyUpdaterWithRetryManager:96 - Updater plugin is busy. [4/15]
2024-06-25 05:28:17,704 [WARN] MainUpdater:1194 - Updater busy. Cannot search thirdparties
2024-06-25 05:28:17,704 [INFO] ThirdPartyUpdaterWithRetryManager:96 - Updater plugin is busy. [5/15]
2024-06-25 05:28:20,705 [WARN] MainUpdater:1194 - Updater busy. Cannot search thirdparties
2024-06-25 05:28:20,705 [INFO] ThirdPartyUpdaterWithRetryManager:96 - Updater plugin is busy. [6/15]
2024-06-25 05:28:21,871 [INFO] McuFinderGlobals:63 - Set McuFinder mode to 2 (CubeIDE integrated)
2024-06-25 05:28:23,707 [WARN] MainUpdater:1194 - Updater busy. Cannot search thirdparties
2024-06-25 05:28:23,707 [INFO] ThirdPartyUpdaterWithRetryManager:96 - Updater plugin is busy. [7/15]
2024-06-25 05:28:26,709 [WARN] MainUpdater:1194 - Updater busy. Cannot search thirdparties
2024-06-25 05:28:26,709 [INFO] ThirdPartyUpdaterWithRetryManager:96 - Updater plugin is busy. [8/15]
2024-06-25 05:28:28,504 [WARN] PackLoader:240 - Cannot read IP mode file for STMicroelectronics.X-CUBE-TOUCHGFX.4.24.0
2024-06-25 05:28:28,505 [INFO] PopulateThirdPartyThread:66 - Ending populate Thread
2024-06-25 05:28:28,506 [INFO] ThirdParty:1030 - CMSIS Pack Vendor :STMicroelectronics X-CUBE-TOUCHGFX 4.24.0
2024-06-25 05:28:28,506 [INFO] LoadServerUpdatesThread:375 - End of LoadServerUpdate Thread
2024-06-25 05:28:28,630 [INFO] CheckServerUpdateThread:120 - End of CheckServer Thread
2024-06-25 05:28:28,711 [INFO] MainUpdater:2873 - connection check result : 10
2024-06-25 05:28:28,722 [INFO] MainUpdater:2873 - connection check result : 10
2024-06-25 05:28:28,865 [INFO] MicroXplorer:468 - Change Database Path : 
2024-06-25 05:28:28,865 [INFO] MicroXplorer:498 - Change Database Version : DB.6.0.111
2024-06-25 05:28:28,873 [WARN] ThirdParty:871 - waiting for thirdparty lock release [close project]
2024-06-25 05:28:29,880 [WARN] PackLoader:240 - Cannot read IP mode file for STMicroelectronics.FP-SNS-MOTENVWB1.1.4.0
2024-06-25 05:28:29,894 [WARN] PackLoader:240 - Cannot read IP mode file for STMicroelectronics.X-CUBE-SMBUS.2.1.0
2024-06-25 05:28:29,905 [WARN] PackLoader:240 - Cannot read IP mode file for STMicroelectronics.X-CUBE-TOUCHGFX.4.23.1
2024-06-25 05:28:29,915 [WARN] PackLoader:240 - Cannot read IP mode file for STMicroelectronics.X-CUBE-TOUCHGFX.4.23.0
2024-06-25 05:28:29,925 [WARN] PackLoader:240 - Cannot read IP mode file for STMicroelectronics.X-CUBE-TOUCHGFX.4.23.2
2024-06-25 05:28:29,955 [WARN] PackLoader:240 - Cannot read IP mode file for STMicroelectronics.X-CUBE-AZRTOS-F7.1.1.0
2024-06-25 05:28:29,972 [ERROR] RealEvaluatedCondition:428 - Found unsupported composite condition: GROUP='STM32_MetaDataManager' CLASS='Data Exchange'
2024-06-25 05:28:29,972 [ERROR] RealEvaluatedCondition:428 - Found unsupported composite condition: GROUP='STM32_MetaDataManager' CLASS='Data Exchange'
2024-06-25 05:28:29,974 [WARN] PackLoader:240 - Cannot read IP mode file for STMicroelectronics.FP-SNS-MOTENV1.4.3.0
2024-06-25 05:28:29,987 [WARN] PackLoader:240 - Cannot read IP mode file for STMicroelectronics.FP-SNS-MOTENV1.4.3.2
2024-06-25 05:28:29,998 [WARN] PackLoader:240 - Cannot read IP mode file for STMicroelectronics.FP-SNS-FLIGHT1.5.0.0
2024-06-25 05:28:30,008 [ERROR] RealEvaluatedCondition:428 - Found unsupported composite condition: CLASS='Data Exchange' GROUP='STM32_MetaDataManager'
2024-06-25 05:28:30,009 [ERROR] RealEvaluatedCondition:428 - Found unsupported composite condition: GROUP='STM32_MetaDataManager' CLASS='Data Exchange'
2024-06-25 05:28:30,010 [WARN] PackLoader:240 - Cannot read IP mode file for STMicroelectronics.FP-SNS-MOTENV1.4.3.1
2024-06-25 05:28:30,020 [WARN] PackLoader:240 - Cannot read IP mode file for STMicroelectronics.FP-SNS-FLIGHT1.5.0.1
2024-06-25 05:28:30,033 [WARN] PackLoader:240 - Cannot read IP mode file for STMicroelectronics.X-CUBE-BLE1.6.2.3
2024-06-25 05:28:30,044 [WARN] PackLoader:240 - Cannot read IP mode file for STMicroelectronics.X-CUBE-BLE1.6.2.4
2024-06-25 05:28:30,049 [WARN] PackLoader:240 - Cannot read IP mode file for STMicroelectronics.FP-SNS-FLIGHT1.5.0.2
2024-06-25 05:28:30,063 [WARN] PackLoader:240 - Cannot read IP mode file for STMicroelectronics.X-CUBE-TOF1.3.1.0
2024-06-25 05:28:30,079 [WARN] PackLoader:240 - Cannot read IP mode file for STMicroelectronics.X-CUBE-DISPLAY.3.0.0
2024-06-25 05:28:30,097 [WARN] PackLoader:240 - Cannot read IP mode file for STMicroelectronics.X-CUBE-BLE1.7.0.0
2024-06-25 05:28:30,108 [WARN] PackLoader:240 - Cannot read IP mode file for STMicroelectronics.X-CUBE-TOUCHGFX.4.22.0
2024-06-25 05:28:30,149 [WARN] PackLoader:240 - Cannot read IP mode file for STMicroelectronics.X-CUBE-MEMS1.9.3.0
2024-06-25 05:28:30,262 [WARN] PackLoader:240 - Cannot read IP mode file for STMicroelectronics.X-CUBE-AI.7.2.0
2024-06-25 05:28:30,281 [WARN] PackLoader:240 - Cannot read IP mode file for STMicroelectronics.X-CUBE-BLEMGR.3.1.0
2024-06-25 05:28:30,298 [WARN] PackLoader:240 - Cannot read IP mode file for STMicroelectronics.FP-SNS-SMARTAG2.1.2.0
2024-06-25 05:28:30,324 [INFO] LogOutputStream:77 - [STDOUT_REDIRECT] 1 : Invalid condition id : UX_CORESTACK_Condition cause : null
2024-06-25 05:28:30,324 [INFO] LogOutputStream:77 - [STDOUT_REDIRECT] 1 : Invalid condition id : UX_CORESTACK_Condition cause : null
2024-06-25 05:28:30,325 [INFO] LogOutputStream:77 - [STDOUT_REDIRECT] 1 : Invalid condition id : UX_CORESTACK_Condition cause : null
2024-06-25 05:28:30,326 [INFO] LogOutputStream:77 - [STDOUT_REDIRECT] 1 : Invalid condition id : UX_CORESTACK_Condition cause : null
2024-06-25 05:28:30,327 [INFO] LogOutputStream:77 - [STDOUT_REDIRECT] 1 : Invalid condition id : UX_CORESTACK_Condition cause : null
2024-06-25 05:28:30,330 [WARN] PackLoader:240 - Cannot read IP mode file for STMicroelectronics.X-CUBE-AZRTOS-WL.2.0.0
2024-06-25 05:28:30,345 [WARN] PackLoader:240 - Cannot read IP mode file for STMicroelectronics.FP-SNS-MOTENV1.5.0.0
2024-06-25 05:28:30,352 [WARN] PackLoader:240 - Cannot read IP mode file for wolfSSL.I-CUBE-wolfMQTT.1.19.0
2024-06-25 05:28:30,369 [WARN] PackLoader:240 - Cannot read IP mode file for WES.I-CUBE-Cesium.1.3.0
2024-06-25 05:28:30,384 [WARN] PackLoader:240 - Cannot read IP mode file for STMicroelectronics.X-CUBE-BLE2.3.3.0
2024-06-25 05:28:30,398 [WARN] PackLoader:240 - Cannot read IP mode file for STMicroelectronics.X-CUBE-DISPLAY.2.2.0
2024-06-25 05:28:30,418 [WARN] PackLoader:240 - Cannot read IP mode file for STMicroelectronics.X-CUBE-TOF1.3.2.0
2024-06-25 05:28:30,436 [WARN] PackLoader:240 - Cannot read IP mode file for STMicroelectronics.X-CUBE-ISPU.1.0.0
2024-06-25 05:28:30,463 [WARN] PackLoader:240 - Cannot read IP mode file for STMicroelectronics.X-CUBE-AZRTOS-H7.2.1.0
2024-06-25 05:28:30,480 [WARN] PackLoader:240 - Cannot read IP mode file for STMicroelectronics.X-CUBE-TCPP.4.1.0
2024-06-25 05:28:30,498 [WARN] PackLoader:240 - Cannot read IP mode file for STMicroelectronics.X-CUBE-TOUCHGFX.4.21.1
2024-06-25 05:28:30,512 [WARN] PackLoader:240 - Cannot read IP mode file for STMicroelectronics.X-CUBE-TOUCHGFX.4.21.3
2024-06-25 05:28:30,525 [WARN] PackLoader:240 - Cannot read IP mode file for STMicroelectronics.X-CUBE-TOUCHGFX.4.21.4
2024-06-25 05:28:30,567 [WARN] PackLoader:240 - Cannot read IP mode file for STMicroelectronics.X-CUBE-MEMS1.9.4.0
2024-06-25 05:28:30,687 [WARN] PackLoader:240 - Cannot read IP mode file for STMicroelectronics.X-CUBE-AI.7.3.0
2024-06-25 05:28:30,699 [WARN] PackLoader:240 - Cannot read IP mode file for STMicroelectronics.X-CUBE-ALGOBUILD.1.3.0
2024-06-25 05:28:30,724 [WARN] PackLoader:240 - Cannot read IP mode file for STMicroelectronics.X-CUBE-AZRTOS-G0.1.1.0
2024-06-25 05:28:30,738 [WARN] PackLoader:240 - Cannot read IP mode file for STMicroelectronics.X-CUBE-SAFEA1.1.2.2
2024-06-25 05:28:30,753 [WARN] PackLoader:240 - Cannot read IP mode file for STMicroelectronics.X-CUBE-NFC4.3.0.0
2024-06-25 05:28:30,787 [WARN] PackLoader:240 - Cannot read IP mode file for SEGGER.I-CUBE-embOS.1.2.0
2024-06-25 05:28:30,825 [WARN] PackLoader:240 - Cannot read IP mode file for STMicroelectronics.X-CUBE-BLEMGR.3.0.0
2024-06-25 05:28:30,844 [WARN] PackLoader:240 - Cannot read IP mode file for STMicroelectronics.X-CUBE-BLEMGR.1.3.0
2024-06-25 05:28:30,851 [WARN] PackLoader:240 - Cannot read IP mode file for STMicroelectronics.FP-ATR-SIGFOX1.3.2.0
2024-06-25 05:28:30,865 [WARN] PackLoader:240 - Cannot read IP mode file for STMicroelectronics.X-CUBE-EEPRMA1.5.1.0
2024-06-25 05:28:30,882 [WARN] PackLoader:240 - Cannot read IP mode file for emotas.I-CUBE-CANOPEN.1.1.2
2024-06-25 05:28:30,900 [WARN] PackLoader:240 - Cannot read IP mode file for STMicroelectronics.X-CUBE-TOUCHGFX.4.20.0
2024-06-25 05:28:30,935 [WARN] PackLoader:240 - Cannot read IP mode file for STMicroelectronics.X-CUBE-MEMS1.9.5.0
2024-06-25 05:28:31,035 [WARN] PackLoader:240 - Cannot read IP mode file for SEGGER.I-CUBE-embOS.1.3.1
2024-06-25 05:28:31,076 [WARN] PackLoader:240 - Cannot read IP mode file for STMicroelectronics.X-CUBE-ALGOBUILD.1.4.0
2024-06-25 05:28:31,112 [WARN] PackLoader:240 - Cannot read IP mode file for STMicroelectronics.X-CUBE-GNSS1.6.0.0
2024-06-25 05:28:31,159 [WARN] PackLoader:240 - Cannot read IP mode file for STMicroelectronics.X-CUBE-AZRTOS-F4.1.1.0
2024-06-25 05:28:31,180 [WARN] PackLoader:240 - Cannot read IP mode file for STMicroelectronics.X-CUBE-FREERTOS.1.2.0
2024-06-25 05:28:31,213 [WARN] PackLoader:240 - Cannot read IP mode file for STMicroelectronics.X-CUBE-BLEMGR.1.2.0
2024-06-25 05:28:31,240 [WARN] PackLoader:240 - Cannot read IP mode file for STMicroelectronics.X-CUBE-AZRTOS-L5.2.0.0
2024-06-25 05:28:31,284 [WARN] PackLoader:240 - Cannot read IP mode file for STMicroelectronics.X-CUBE-MEMS1.9.6.0
2024-06-25 05:28:31,368 [WARN] PackLoader:240 - Cannot read IP mode file for STMicroelectronics.X-CUBE-EEPRMA1.4.2.0
2024-06-25 05:28:31,380 [WARN] PackLoader:240 - Cannot read IP mode file for STMicroelectronics.X-CUBE-NFC6.3.1.0
2024-06-25 05:28:31,392 [WARN] PackLoader:240 - Cannot read IP mode file for ITTIA_DB.I-CUBE-ITTIADB.8.8.0
2024-06-25 05:28:31,404 [WARN] PackLoader:240 - Cannot read IP mode file for STMicroelectronics.X-CUBE-BLEMGR.2.0.0
2024-06-25 05:28:31,415 [WARN] PackLoader:240 - Cannot read IP mode file for STMicroelectronics.X-CUBE-NFC4.2.0.4
2024-06-25 05:28:31,426 [WARN] PackLoader:240 - Cannot read IP mode file for STMicroelectronics.X-CUBE-AI.9.0.0
2024-06-25 05:28:31,447 [WARN] ConditionMgr:438 - getConditionDescription Invalid condition id : UX DEVICE CLASS RTOS Condition cause : null
2024-06-25 05:28:31,447 [WARN] ConditionMgr:438 - getConditionDescription Invalid condition id : UX DEVICE CLASS RTOS Condition cause : null
2024-06-25 05:28:31,449 [WARN] PackLoader:240 - Cannot read IP mode file for STMicroelectronics.X-CUBE-AZRTOS-H7.3.1.0
2024-06-25 05:28:31,450 [WARN] ConditionMgr:1039 - genDependencies : Invalid condition id : UX DEVICE CLASS RTOS Condition cause : null
2024-06-25 05:28:31,450 [WARN] ConditionMgr:1039 - genDependencies : Invalid condition id : UX DEVICE CLASS RTOS Condition cause : null
2024-06-25 05:28:31,451 [WARN] ConditionMgr:1039 - genDependencies : Invalid condition id : UX DEVICE CLASS RTOS Condition cause : null
2024-06-25 05:28:31,451 [WARN] ConditionMgr:1039 - genDependencies : Invalid condition id : UX DEVICE CLASS RTOS Condition cause : null
2024-06-25 05:28:31,451 [WARN] ConditionMgr:1039 - genDependencies : Invalid condition id : UX DEVICE CLASS RTOS Condition cause : null
2024-06-25 05:28:31,461 [WARN] PackLoader:240 - Cannot read IP mode file for wolfSSL.I-CUBE-wolfSSL.5.5.0
2024-06-25 05:28:31,472 [WARN] PackLoader:240 - Cannot read IP mode file for STMicroelectronics.X-CUBE-NFC7.1.0.1
2024-06-25 05:28:31,482 [WARN] PackLoader:240 - Cannot read IP mode file for STMicroelectronics.X-CUBE-NFC7.1.0.0
2024-06-25 05:28:31,494 [WARN] PackLoader:240 - Cannot read IP mode file for STMicroelectronics.X-CUBE-NFC6.3.0.0
2024-06-25 05:28:31,506 [WARN] PackLoader:240 - Cannot read IP mode file for STMicroelectronics.X-CUBE-EEPRMA1.4.1.0
2024-06-25 05:28:31,516 [WARN] PackLoader:240 - Cannot read IP mode file for STMicroelectronics.X-CUBE-AI.8.1.0
2024-06-25 05:28:31,539 [WARN] ConditionMgr:438 - getConditionDescription Invalid condition id : LAN8742 Phy interface Condition cause : null
2024-06-25 05:28:31,539 [WARN] PackLoader:240 - Cannot read IP mode file for STMicroelectronics.X-CUBE-AZRTOS-L4.2.0.0
2024-06-25 05:28:31,540 [WARN] ConditionMgr:1039 - genDependencies : Invalid condition id : LAN8742 Phy interface Condition cause : null
2024-06-25 05:28:31,540 [WARN] ConditionMgr:1039 - genDependencies : Invalid condition id : LAN8742 Phy interface Condition cause : null
2024-06-25 05:28:31,540 [WARN] ConditionMgr:1039 - genDependencies : Invalid condition id : LAN8742 Phy interface Condition cause : null
2024-06-25 05:28:31,555 [WARN] PackLoader:240 - Cannot read IP mode file for STMicroelectronics.X-CUBE-SFXS2LP1.4.0.0
2024-06-25 05:28:31,597 [WARN] PackLoader:240 - Cannot read IP mode file for STMicroelectronics.X-CUBE-AZRTOS-H7.3.0.0
2024-06-25 05:28:31,613 [WARN] PackLoader:240 - Cannot read IP mode file for STMicroelectronics.X-CUBE-ISPU.1.1.0
2024-06-25 05:28:31,632 [WARN] PackLoader:240 - Cannot read IP mode file for RoweBots.I-CUBE-UNISONRTOS.5.5.0-4
2024-06-25 05:28:31,646 [WARN] PackLoader:240 - Cannot read IP mode file for STMicroelectronics.X-CUBE-AI.8.0.0
2024-06-25 05:28:31,686 [WARN] ConditionMgr:438 - getConditionDescription Invalid condition id : UX DEVICE CLASS RTOS Condition cause : null
2024-06-25 05:28:31,686 [WARN] ConditionMgr:438 - getConditionDescription Invalid condition id : UX DEVICE CLASS RTOS Condition cause : null
2024-06-25 05:28:31,687 [WARN] PackLoader:240 - Cannot read IP mode file for STMicroelectronics.X-CUBE-AZRTOS-WB.2.0.0
2024-06-25 05:28:31,688 [WARN] ConditionMgr:1039 - genDependencies : Invalid condition id : UX DEVICE CLASS RTOS Condition cause : null
2024-06-25 05:28:31,688 [WARN] ConditionMgr:1039 - genDependencies : Invalid condition id : UX DEVICE CLASS RTOS Condition cause : null
2024-06-25 05:28:31,688 [WARN] ConditionMgr:1039 - genDependencies : Invalid condition id : UX DEVICE CLASS RTOS Condition cause : null
2024-06-25 05:28:31,688 [WARN] ConditionMgr:1039 - genDependencies : Invalid condition id : UX DEVICE CLASS RTOS Condition cause : null
2024-06-25 05:28:31,688 [WARN] ConditionMgr:1039 - genDependencies : Invalid condition id : UX DEVICE CLASS RTOS Condition cause : null
2024-06-25 05:28:31,700 [WARN] PackLoader:240 - Cannot read IP mode file for STMicroelectronics.X-CUBE-FREERTOS.1.0.0
2024-06-25 05:28:31,714 [WARN] PackLoader:240 - Cannot read IP mode file for STMicroelectronics.X-CUBE-FREERTOS.1.0.1
2024-06-25 05:28:31,730 [WARN] PackLoader:240 - Cannot read IP mode file for STMicroelectronics.X-CUBE-BLEMGR.1.0.0
2024-06-25 05:28:31,751 [WARN] PackLoader:240 - Cannot read IP mode file for STMicroelectronics.X-CUBE-AZRTOS-L5.1.1.0
2024-06-25 05:28:31,763 [WARN] PackLoader:240 - Cannot read IP mode file for STMicroelectronics.X-CUBE-AI.8.0.1
2024-06-25 05:28:31,779 [WARN] PackLoader:240 - Cannot read IP mode file for STMicroelectronics.X-CUBE-SUBG2.5.0.0
2024-06-25 05:28:31,800 [WARN] PackLoader:240 - Cannot read IP mode file for STMicroelectronics.X-CUBE-TOF1.3.3.1
2024-06-25 05:28:31,825 [WARN] PackLoader:240 - Cannot read IP mode file for STMicroelectronics.X-CUBE-AZRTOS-G4.2.0.0
2024-06-25 05:28:31,841 [WARN] PackLoader:240 - Cannot read IP mode file for STMicroelectronics.X-CUBE-TOF1.3.3.0
2024-06-25 05:28:31,855 [WARN] PackLoader:240 - Cannot read IP mode file for STMicroelectronics.FP-ATR-ASTRA1.1.1.1
2024-06-25 05:28:31,874 [WARN] PackLoader:240 - Cannot read IP mode file for Infineon.AIROC-Wi-Fi-Bluetooth-STM32.1.5.1
2024-06-25 05:28:31,886 [WARN] PackLoader:240 - Cannot read IP mode file for STMicroelectronics.FP-SNS-MOTENVWB1.1.3.1
2024-06-25 05:28:31,906 [WARN] PackLoader:240 - Cannot read IP mode file for STMicroelectronics.X-CUBE-AZRTOS-G4.1.0.0
2024-06-25 05:28:31,930 [WARN] PackLoader:240 - Cannot read IP mode file for STMicroelectronics.X-CUBE-AZRTOS-L4.1.0.0
2024-06-25 05:28:31,942 [WARN] PackLoader:240 - Cannot read IP mode file for STMicroelectronics.X-CUBE-ISPU.2.0.0
2024-06-25 05:28:31,953 [WARN] PackLoader:240 - Cannot read IP mode file for STMicroelectronics.X-CUBE-ALS.1.0.2
2024-06-25 05:28:31,990 [WARN] PackLoader:240 - Cannot read IP mode file for STMicroelectronics.X-CUBE-MEMS1.10.0.0
2024-06-25 05:28:32,050 [WARN] PackLoader:240 - Cannot read IP mode file for STMicroelectronics.X-CUBE-FREERTOS.1.1.0
2024-06-25 05:28:32,052 [WARN] PackLoader:240 - Cannot read IP mode file for STMicroelectronics.X-CUBE-TOUCHGFX.4.24.0
2024-06-25 05:28:32,068 [WARN] PackLoader:240 - Cannot read IP mode file for STMicroelectronics.X-CUBE-AZRTOS-WL.1.0.0
2024-06-25 05:28:32,083 [WARN] PackLoader:240 - Cannot read IP mode file for portGmbH.I-Cube-SoM-uGOAL.1.1.0
2024-06-25 05:28:32,094 [WARN] PackLoader:240 - Cannot read IP mode file for STMicroelectronics.X-CUBE-ALS.1.0.1
2024-06-25 05:28:32,117 [WARN] PackLoader:240 - Cannot read IP mode file for STMicroelectronics.X-CUBE-AZRTOS-WB.1.1.0
2024-06-25 05:28:32,140 [WARN] PackLoader:240 - Cannot read IP mode file for STMicroelectronics.X-CUBE-AZRTOS-L5.1.0.0
2024-06-25 05:28:32,151 [WARN] PackLoader:240 - Cannot read IP mode file for STMicroelectronics.X-CUBE-EEPRMA1.3.1.1
2024-06-25 05:28:32,176 [WARN] PackLoader:240 - Cannot read IP mode file for STMicroelectronics.X-CUBE-AZRTOS-H7RS.1.0.0
2024-06-25 05:28:32,179 [WARN] PackLoader:240 - Cannot read IP mode file for STMicroelectronics.FP-ATR-ASTRA1.2.0.0
2024-06-25 05:28:32,199 [WARN] PackLoader:240 - Cannot read IP mode file for STMicroelectronics.X-CUBE-TOF1.3.4.0
2024-06-25 05:28:32,218 [WARN] PackLoader:240 - Cannot read IP mode file for STMicroelectronics.X-CUBE-TOF1.3.4.1
2024-06-25 05:28:32,247 [WARN] PackLoader:240 - Cannot read IP mode file for STMicroelectronics.X-CUBE-AZRTOS-H7.3.2.0
2024-06-25 05:28:32,250 [INFO] ThirdParty:978 - Integrity check success = true
2024-06-25 05:28:32,250 [INFO] IntegrityCheckThread:100 - exiting critical section [integrity check]
2024-06-25 05:28:32,250 [INFO] IntegrityCheckThread:103 - End integrity checks thread
2024-06-25 05:28:32,251 [INFO] ThirdParty:873 - entering critical section [close project]
2024-06-25 05:28:32,253 [INFO] ThirdParty:883 - exiting critical section [close project]
2024-06-25 05:28:32,256 [INFO] PinOutPanel:1561 - setPackage(No Configuration,No Configuration)
2024-06-25 05:28:32,262 [INFO] UtilMem:75 - Begin LoadConfig() Used Memory: 207827352 Bytes (374341632)
2024-06-25 05:28:32,264 [INFO] MicroXplorer:468 - Change Database Path : 
2024-06-25 05:28:32,264 [INFO] MicroXplorer:498 - Change Database Version : DB.6.0.111
2024-06-25 05:28:32,264 [INFO] OpenFileManager:312 - Change cursor
2024-06-25 05:28:32,334 [INFO] Mcu:2021 - Initializing MCU STM32G474R(B-C-E)Tx STM32G474RETx STM32G474RET6
2024-06-25 05:28:36,892 [INFO] Context:663 - Trying to add GPIOservice into a context  which must be forbidden
2024-06-25 05:28:38,626 [INFO] RtosManager:555 - Registered RTOS mode: class=CMSIS, group=RTOS, mode=CMSIS_V1, owner=FREERTOS
2024-06-25 05:28:38,626 [INFO] RtosManager:555 - Registered RTOS mode: class=CMSIS, group=RTOS2, mode=CMSIS_V2, owner=FREERTOS
2024-06-25 05:28:38,626 [INFO] RtosManager:555 - Registered RTOS mode: class=RTOS, group=Core, mode=CMSIS_V1, owner=FREERTOS
2024-06-25 05:28:38,626 [INFO] RtosManager:555 - Registered RTOS mode: class=RTOS, group=Core, mode=CMSIS_V2, owner=FREERTOS
2024-06-25 05:28:38,626 [WARN] ModelIntegratedComponent:184 - Missing modes for component STMicroelectronics:FreeRTOS:0.0.1:STMicroelectronics:RTOS:FreeRTOS:Core:::10.2.0:
2024-06-25 05:28:38,634 [WARN] ModelIntegratedComponent:63 - No mode defined for component null
2024-06-25 05:28:38,634 [WARN] ModelIntegratedComponent:63 - No mode defined for component null
2024-06-25 05:28:38,634 [WARN] ModelIntegratedComponent:63 - No mode defined for component null
2024-06-25 05:28:38,634 [WARN] ModelIntegratedComponent:63 - No mode defined for component null
2024-06-25 05:28:38,634 [WARN] ModelIntegratedComponent:63 - No mode defined for component null
2024-06-25 05:28:38,634 [WARN] ModelIntegratedComponent:63 - No mode defined for component null
2024-06-25 05:28:38,634 [WARN] ModelIntegratedComponent:63 - No mode defined for component null
2024-06-25 05:28:38,635 [WARN] ModelIntegratedComponent:63 - No mode defined for component null
2024-06-25 05:28:38,635 [WARN] ModelIntegratedComponent:63 - No mode defined for component null
2024-06-25 05:28:38,635 [WARN] ModelIntegratedComponent:63 - No mode defined for component null
2024-06-25 05:28:38,635 [WARN] ModelIntegratedComponent:63 - No mode defined for component null
2024-06-25 05:28:38,635 [WARN] ModelIntegratedComponent:63 - No mode defined for component null
2024-06-25 05:28:38,635 [WARN] ModelIntegratedComponent:63 - No mode defined for component null
2024-06-25 05:28:38,635 [WARN] ModelIntegratedComponent:63 - No mode defined for component null
2024-06-25 05:28:38,635 [WARN] ModelIntegratedComponent:63 - No mode defined for component null
2024-06-25 05:28:38,635 [WARN] ModelIntegratedComponent:63 - No mode defined for component null
2024-06-25 05:28:38,635 [WARN] ModelIntegratedComponent:63 - No mode defined for component null
2024-06-25 05:28:38,635 [WARN] ModelIntegratedComponent:63 - No mode defined for component null
2024-06-25 05:28:38,635 [WARN] ModelIntegratedComponent:63 - No mode defined for component null
2024-06-25 05:28:38,635 [WARN] ModelIntegratedComponent:63 - No mode defined for component null
2024-06-25 05:28:38,635 [WARN] ModelIntegratedComponent:63 - No mode defined for component null
2024-06-25 05:28:38,635 [WARN] ModelIntegratedComponent:63 - No mode defined for component null
2024-06-25 05:28:38,635 [WARN] ModelIntegratedComponent:63 - No mode defined for component null
2024-06-25 05:28:38,635 [WARN] ModelIntegratedComponent:63 - No mode defined for component null
2024-06-25 05:28:38,635 [WARN] ModelIntegratedComponent:63 - No mode defined for component null
2024-06-25 05:28:38,635 [WARN] ModelIntegratedComponent:63 - No mode defined for component null
2024-06-25 05:28:38,635 [WARN] ModelIntegratedComponent:63 - No mode defined for component null
2024-06-25 05:28:38,635 [WARN] ModelIntegratedComponent:63 - No mode defined for component null
2024-06-25 05:28:38,635 [WARN] ModelIntegratedComponent:63 - No mode defined for component null
2024-06-25 05:28:38,635 [WARN] ModelIntegratedComponent:63 - No mode defined for component null
2024-06-25 05:28:38,635 [WARN] ModelIntegratedComponent:63 - No mode defined for component null
2024-06-25 05:28:38,635 [WARN] ModelIntegratedComponent:63 - No mode defined for component null
2024-06-25 05:28:38,635 [WARN] ModelIntegratedComponent:63 - No mode defined for component null
2024-06-25 05:28:38,635 [WARN] ModelIntegratedComponent:63 - No mode defined for component null
2024-06-25 05:28:38,881 [INFO] ThirdPartyModel:298 - Start build external matchings
2024-06-25 05:28:40,609 [INFO] ThirdPartyModel:316 - End build external matchings
2024-06-25 05:28:40,650 [INFO] ImportTextPane:194 - (OptionalMessage_ERROR) IP (ADC5) : Parameter (CommonPathInternal) has invalid value (null|ADC_CHANNEL_TEMPSENSOR_ADC1|null|null)
2024-06-25 05:28:41,235 [INFO] ApiDb:581 - Connected to CubeFinder SQLite database (C:\Users\saksh\.stmcufinder\plugins\mcufinder\mcu\cube-finder-db.db)
2024-06-25 05:28:41,345 [INFO] ApiDb:668 - CubeFinder database Data Model version=2.1
2024-06-25 05:28:41,345 [INFO] ApiDb:669 - CubeFinder database Configuration version=3.0.39
2024-06-25 05:28:41,345 [INFO] ApiDb:670 - CubeFinder database generation date=2024-04-15 (1713193726)
2024-06-25 05:28:41,346 [INFO] ApiDb:671 - CubeFinder database FW Pack versions=[FP-ATR-ASTRA1_V2.0.0, FP-SNS-FLIGHT1_V5.0.1, FP-SNS-FLIGHT1_V5.0.2, FP-SNS-MOTENV1_V4.3.1, FP-SNS-MOTENV1_V4.3.2, FP-SNS-MOTENVWB1_V1.3.1, FP-SNS-SMARTAG2_V1.2.0, STM32Cube_FW_C0_V1.1.0, STM32Cube_FW_F4_V1.28.0, STM32Cube_FW_F7_V1.17.0, STM32Cube_FW_G0_V1.6.2, STM32Cube_FW_G4_V1.5.2, STM32Cube_FW_H5_V0.5.1, STM32Cube_FW_H5_V1.1.1, STM32Cube_FW_H5_V1.2.0, STM32Cube_FW_H5_V1.2.0RC4, STM32Cube_FW_H7RS_V1.0.0, STM32Cube_FW_H7RS_V1.0.0RC4, STM32Cube_FW_H7_V1.11.0, STM32Cube_FW_L0_V1.12.2, STM32Cube_FW_L5_V1.5.1, STM32Cube_FW_U0_V1.0.0, STM32Cube_FW_U0_V1.0.0RC1, STM32Cube_FW_U5_V1.3.0RC4, STM32Cube_FW_U5_V1.5.0, STM32Cube_FW_U5_V1.5.0RC1, STM32Cube_FW_WBA_V1.0.0RC1, STM32Cube_FW_WBA_V1.2.0, STM32Cube_FW_WBA_V1.2.0RC2, STM32Cube_FW_WBA_V1.3.0, STM32Cube_FW_WBA_V1.3.0RC1, STM32Cube_FW_WB_V1.15.0RC1, STM32Cube_FW_WB_V1.16.0, STM32Cube_FW_WB_V1.16.0RC2, STM32Cube_FW_WB_V1.18.0, STM32Cube_FW_WB_V1.19.0, STM32Cube_FW_WL_V1.3.0, X-CUBE-ALGOBUILD_V1.3.0, X-CUBE-ALS_V1.0.1, X-CUBE-AZRTOS-F4_V1.1.0, X-CUBE-AZRTOS-F7_V1.1.0, X-CUBE-AZRTOS-G0_V1.1.0, X-CUBE-AZRTOS-G4_V2.0.0, X-CUBE-AZRTOS-H7_V3.2.0, X-CUBE-AZRTOS-L4_V1.0.0, X-CUBE-AZRTOS-L4_V2.0.0, X-CUBE-AZRTOS-L5_V1.1.0, X-CUBE-AZRTOS-WB_V2.0.0, X-CUBE-AZRTOS-WL_V2.0.0, X-CUBE-BLE1_V7.0.0, X-CUBE-BLE2_V3.3.0, X-CUBE-BLEMGR_V3.1.0, X-CUBE-EEPRMA1_V4.1.0, X-CUBE-EEPRMA1_V5.1.0, X-CUBE-FREERTOS_V1.1.0, X-CUBE-GNSS1_V6.0.0, X-CUBE-MEMS1_V10.0.0, X-CUBE-MEMS1_V9.1.0, X-CUBE-MEMS1_V9.4.0, X-CUBE-MEMS1_V9.6.0, X-CUBE-NFC4_V3.0.0, X-CUBE-NFC7_V1.0.1, X-CUBE-SFXS2LP1_V4.0.0, X-CUBE-SUBG2_V5.0.0, X-CUBE-TOF1_V3.4.0]
2024-06-25 05:28:41,493 [INFO] DbBoardsSqlite:226 - include board P-NUCLEO-WB55-NUCLEO as a kit item of type 'Nucleo-64'
2024-06-25 05:28:41,494 [INFO] DbBoardsSqlite:226 - include board P-NUCLEO-WB55-USBDONGLE as a kit item of type 'Nucleo USB Dongle'
2024-06-25 05:28:41,495 [INFO] DbBoardsSqlite:226 - include board STEVAL-IDP005V1 as a kit item of type 'Evaluation Board'
2024-06-25 05:28:41,495 [INFO] DbBoardsSqlite:226 - include board STEVAL-IDP005V2 as a kit item of type 'Evaluation Board'
2024-06-25 05:28:41,789 [INFO] ApiDb:240 - Found 483 in-development CPN: [B-G473E-ZEST1S, B-WB1M-WPAN1, B-WL5M-SUBG1, NUCLEO-C031C6, NUCLEO-H503RB, NUCLEO-H533RE, NUCLEO-H563ZI, NUCLEO-H7S3L8, NUCLEO-U031R8, NUCLEO-U083RC, NUCLEO-U545RE-Q, NUCLEO-U5A5ZJ-Q, NUCLEO-WBA52CG, NUCLEO-WBA55CG, STEVAL-PROTEUS1, STEVAL-SMARTAG2, STEVAL-STWINBX1, STM320518-EVAL, STM32C0116-DK, STM32C011D6Y3TR, STM32C011D6Y6TR, STM32C011F4P3, STM32C011F4P6, STM32C011F4U3, STM32C011F4U6TR, STM32C011F6P3, STM32C011F6P6, STM32C011F6U3, STM32C011F6U6TR, STM32C011J4M3, STM32C011J4M6, STM32C011J6M3, STM32C011J6M6, STM32C0316-DK, STM32C031C4T3, STM32C031C4T6, STM32C031C4U3, STM32C031C4U6, STM32C031C6T3, STM32C031C6T6, STM32C031C6U3, STM32C031C6U6, STM32C031F4P3, STM32C031F4P6, STM32C031F6P3, STM32C031F6P6, STM32C031G4U3, STM32C031G4U6, STM32C031G6U3, STM32C031G6U6, STM32C031K4T3, STM32C031K4T6, STM32C031K4U3, STM32C031K4U6, STM32C031K6T3, STM32C031K6T6, STM32C031K6U3, STM32C031K6U6, STM32G071K8TXN, STM32G071K8UXN, STM32G081GBU6N, STM32G081KBT6N, STM32G081KBUXN, STM32G0B1CCT6N, STM32G0B1KCT6, STM32G0B1NEY6TR, STM32G0B1RCT6N, STM32G0C1CCT6, STM32G0C1CCT6N, STM32G0C1CCU6N, STM32G0C1CET6N, STM32G0C1CEU6N, STM32G0C1KCT6, STM32G0C1NEY6TR, STM32G0C1RCI6N, STM32G0C1RCT6N, STM32G0C1REI6N, STM32G0C1RET6N, STM32G0C1VCI6, STM32G0C1VEI6, STM32G471CCT6, STM32G471CCU6, STM32G471CET3, STM32G471CET6, STM32G471CEU3, STM32G471CEU6, STM32G471MCT6, STM32G471MET3, STM32G471MET6, STM32G471MEY6TR, STM32G471QCT6, STM32G471QET3, STM32G471RCT6, STM32G471RET3, STM32G471RET6, STM32G471VCH6, STM32G471VCI6, STM32G471VCT6, STM32G471VEH3, STM32G471VEH6, STM32G471VEI3, STM32G471VEI6, STM32G471VET3, STM32G471VET6, STM32G474CCT6, STM32H503CBT6, STM32H503CBU6, STM32H503EBY6TR, STM32H503KBU6, STM32H503RBT6, STM32H523CCT6, STM32H523CCU6, STM32H523CET6, STM32H523CEU6, STM32H523HEY6TR, STM32H523RCT6, STM32H523RET6, STM32H523VCI6, STM32H523VCT6, STM32H523VEI6, STM32H523VET6, STM32H523ZCJ6, STM32H523ZCT6, STM32H523ZEJ6, STM32H523ZET6, STM32H533CET6, STM32H533CEU6, STM32H533HEY6TR, STM32H533RET6, STM32H533VEI6, STM32H533VET6, STM32H533ZEJ6, STM32H533ZET6, STM32H562AGI6, STM32H562AII6, STM32H562IGK6, STM32H562IGT6, STM32H562IIK6, STM32H562IIT6, STM32H562RGT6, STM32H562RGV6, STM32H562RIT6, STM32H562RIV6, STM32H562VGT6, STM32H562VIT6, STM32H562ZGT6, STM32H562ZIT6, STM32H563AGI6, STM32H563AII3Q, STM32H563AII6, STM32H563IGK6, STM32H563IGT6, STM32H563IIK3Q, STM32H563IIK6, STM32H563IIT3Q, STM32H563IIT6, STM32H563MIY3QTR, STM32H563RGT6, STM32H563RGV6, STM32H563RIT6, STM32H563RIV6, STM32H563VGT6, STM32H563VIT3Q, STM32H563VIT6, STM32H563ZGT6, STM32H563ZIT3Q, STM32H563ZIT6, STM32H573AII3Q, STM32H573AII6, STM32H573I-DK, STM32H573IIK3Q, STM32H573IIK6, STM32H573IIT3Q, STM32H573IIT6, STM32H573MIY3QTR, STM32H573RIT6, STM32H573RIV6, STM32H573VIT3Q, STM32H573VIT6, STM32H573ZIT3Q, STM32H573ZIT6, STM32H7R3A8I6, STM32H7R3I8K6, STM32H7R3I8T6, STM32H7R3L8H6, STM32H7R3L8H6H, STM32H7R3R8V6, STM32H7R3V8H6, STM32H7R3V8T6, STM32H7R3V8Y6, STM32H7R3Z8J6, STM32H7R3Z8T6, STM32H7R7A8I6, STM32H7R7I8K6, STM32H7R7I8T6, STM32H7R7L8H6, STM32H7R7L8H6H, STM32H7R7Z8J6, STM32H7S3A8I6, STM32H7S3I8K6, STM32H7S3I8T6, STM32H7S3L8H6, STM32H7S3L8H6H, STM32H7S3R8V6, STM32H7S3V8H6, STM32H7S3V8T6, STM32H7S3V8Y6, STM32H7S3Z8J6, STM32H7S3Z8T6, STM32H7S78-DK, STM32H7S7A8I6, STM32H7S7I8K6, STM32H7S7I8T6, STM32H7S7L8H6, STM32H7S7L8H6H, STM32H7S7Z8J6, STM32L4R5QGI6STR, STM32MP131AAE3, STM32MP131AAF3, STM32MP131AAG3, STM32MP131CAE3, STM32MP131CAF3, STM32MP131CAG3, STM32MP131DAE7, STM32MP131DAF7, STM32MP131DAG7, STM32MP131FAE7, STM32MP131FAF7, STM32MP131FAG7, STM32MP133AAE3, STM32MP133AAF3, STM32MP133AAG3, STM32MP133CAE3, STM32MP133CAF3, STM32MP133CAG3, STM32MP133DAE7, STM32MP133DAF7, STM32MP133DAG7, STM32MP133FAE7, STM32MP133FAF7, STM32MP133FAG7, STM32MP135AAE3, STM32MP135AAF3, STM32MP135AAG3, STM32MP135CAE3, STM32MP135CAF3, STM32MP135CAG3, STM32MP135DAE7, STM32MP135DAF7, STM32MP135DAG7, STM32MP135F-DK, STM32MP135FAE7, STM32MP135FAF7, STM32MP135FAF7T, STM32MP135FAF7U, STM32MP135FAG7, STM32U031C6T6, STM32U031C6U6, STM32U031C8T6, STM32U031C8U6, STM32U031F4P6, STM32U031F6P6, STM32U031F8P6, STM32U031G6Y6TR, STM32U031G8Y6TR, STM32U031K4U6, STM32U031K6U6, STM32U031K8U6, STM32U031R6I6, STM32U031R6T6, STM32U031R8I6, STM32U031R8T6, STM32U073C8T6, STM32U073C8U6, STM32U073CBT6, STM32U073CBU6, STM32U073CCT6, STM32U073CCU6, STM32U073H8Y6TR, STM32U073HBY6TR, STM32U073HCY6TR, STM32U073K8U6, STM32U073KBU6, STM32U073KCU6, STM32U073M8I6, STM32U073M8T6, STM32U073MBI6, STM32U073MBT6, STM32U073MCI6, STM32U073MCT6, STM32U073R8I6, STM32U073R8T6, STM32U073RBI6, STM32U073RBT6, STM32U073RCI6, STM32U073RCT6, STM32U083C-DK, STM32U083CCT6, STM32U083CCU6, STM32U083HCY6TR, STM32U083KCU6, STM32U083MCI6, STM32U083MCT6, STM32U083RCI6, STM32U083RCT6, STM32U535CBT6, STM32U535CBT6Q, STM32U535CBU6, STM32U535CBU6Q, STM32U535CCT6, STM32U535CCT6Q, STM32U535CCU6, STM32U535CCU6Q, STM32U535CET6, STM32U535CET6Q, STM32U535CEU6, STM32U535CEU6Q, STM32U535JEY6QTR, STM32U535NCY6QTR, STM32U535NEY6QTR, STM32U535RBI6, STM32U535RBI6Q, STM32U535RBT6, STM32U535RBT6Q, STM32U535RCI6, STM32U535RCI6Q, STM32U535RCT6, STM32U535RCT6Q, STM32U535REI6, STM32U535REI6Q, STM32U535RET6, STM32U535RET6Q, STM32U535VCI6, STM32U535VCI6Q, STM32U535VCT6, STM32U535VCT6Q, STM32U535VEI6, STM32U535VEI6Q, STM32U535VET6, STM32U535VET6Q, STM32U545CET6, STM32U545CET6Q, STM32U545CEU6, STM32U545CEU6Q, STM32U545JEY6QTR, STM32U545NEY6QTR, STM32U545REI6, STM32U545REI6Q, STM32U545RET6, STM32U545RET6Q, STM32U545VEI6, STM32U545VEI6Q, STM32U545VET6, STM32U545VET6Q, STM32U595AIH6, STM32U595AIH6Q, STM32U595AJH6, STM32U595AJH6Q, STM32U595QII6, STM32U595QII6Q, STM32U595QJI6, STM32U595QJI6Q, STM32U595RIT6, STM32U595RIT6Q, STM32U595RJT6, STM32U595RJT6Q, STM32U595VIT6, STM32U595VIT6Q, STM32U595VJT6, STM32U595VJT6Q, STM32U595ZIT6, STM32U595ZIT6Q, STM32U595ZIY6QTR, STM32U595ZJT6, STM32U595ZJT6Q, STM32U595ZJY6QTR, STM32U599BJY6QTR, STM32U599NIH6Q, STM32U599NJH6Q, STM32U599VIT6Q, STM32U599VJT6, STM32U599VJT6Q, STM32U599ZIT6Q, STM32U599ZIY6QTR, STM32U599ZJT6Q, STM32U599ZJY6QTR, STM32U5A5AJH6, STM32U5A5AJH6Q, STM32U5A5QII3Q , STM32U5A5QJI6, STM32U5A5QJI6Q, STM32U5A5RJT6, STM32U5A5RJT6Q, STM32U5A5VJT6, STM32U5A5VJT6Q, STM32U5A5ZJT6, STM32U5A5ZJT6Q, STM32U5A5ZJY6QTR, STM32U5A9BJY6QTR, STM32U5A9J-DK, STM32U5A9NJH6Q, STM32U5A9VJT6Q, STM32U5A9ZJT6Q, STM32U5A9ZJY6QTR, STM32U5F7VIT6, STM32U5F7VIT6Q, STM32U5F7VJT6, STM32U5F7VJT6Q, STM32U5F9BJY6QTR, STM32U5F9NJH6Q, STM32U5F9VIT6Q, STM32U5F9VJT6Q, STM32U5F9ZIJ6QTR, STM32U5F9ZIT6Q, STM32U5F9ZJJ6QTR, STM32U5F9ZJT6Q, STM32U5G7VJT6, STM32U5G7VJT6Q, STM32U5G9BJY6QTR, STM32U5G9J-DK1, STM32U5G9J-DK2, STM32U5G9NJH6Q, STM32U5G9VJT6Q, STM32U5G9ZJJ6QTR, STM32U5G9ZJT6Q, STM32WB1MMCH6, STM32WBA50KEU6, STM32WBA50KEU6TR, STM32WBA50KGU6, STM32WBA50KGU6TR, STM32WBA52CEU6, STM32WBA52CEU6TR, STM32WBA52CEU7, STM32WBA52CEU7TR, STM32WBA52CGU6, STM32WBA52CGU6TR, STM32WBA52CGU6U, STM32WBA52CGU7, STM32WBA52CGU7TR, STM32WBA52KEU6, STM32WBA52KEU6TR, STM32WBA52KGU6, STM32WBA52KGU6TR, STM32WBA54CEU6, STM32WBA54CEU6TR, STM32WBA54CEU7, STM32WBA54CEU7TR, STM32WBA54CGU6, STM32WBA54CGU6TR, STM32WBA54CGU7, STM32WBA54CGU7TR, STM32WBA54KEU6, STM32WBA54KEU6TR, STM32WBA54KEU7, STM32WBA54KEU7TR, STM32WBA54KGU6, STM32WBA54KGU6TR, STM32WBA54KGU7, STM32WBA54KGU7TR, STM32WBA55CEU6, STM32WBA55CEU6TR, STM32WBA55CEU7, STM32WBA55CEU7TR, STM32WBA55CGU6, STM32WBA55CGU6TR, STM32WBA55CGU6U, STM32WBA55CGU7, STM32WBA55CGU7TR, STM32WBA55G-DK1, STM32WBA55HEF6, STM32WBA55HEF7, STM32WBA55HGF6, STM32WBA55HGF7, STM32WBA55UEI6, STM32WBA55UEI6TR, STM32WBA55UEI7, STM32WBA55UEI7TR, STM32WBA55UGI6, STM32WBA55UGI6TR, STM32WBA55UGI7, STM32WBA55UGI7TR, STM32WL5MOCH6, STM32WL5MOCH6TR]
2024-06-25 05:28:41,922 [INFO] BoardInfo:889 - No configuration file found for board P-NUCLEO-WB55
2024-06-25 05:28:41,922 [INFO] DbBoards:161 - Kit is not supported: P-NUCLEO-WB55
2024-06-25 05:28:41,927 [INFO] BoardInfo:889 - No configuration file found for board STEVAL-BFA001V1B
2024-06-25 05:28:41,927 [INFO] DbBoards:161 - Kit is not supported: STEVAL-BFA001V1B
2024-06-25 05:28:41,928 [INFO] BoardInfo:889 - No configuration file found for board STEVAL-BFA001V2B
2024-06-25 05:28:41,928 [INFO] DbBoards:161 - Kit is not supported: STEVAL-BFA001V2B
2024-06-25 05:28:42,061 [INFO] DbBoards:168 - Found 199 boards, 196 are supported
2024-06-25 05:28:42,061 [INFO] DbBoards:169 - Found 199 boards, 8 of them is supported for  Bsp
2024-06-25 05:28:42,064 [INFO] ApiDb:668 - CubeFinder database Data Model version=2.1
2024-06-25 05:28:42,064 [INFO] ApiDb:669 - CubeFinder database Configuration version=3.0.39
2024-06-25 05:28:42,064 [INFO] ApiDb:670 - CubeFinder database generation date=2024-04-15 (1713193726)
2024-06-25 05:28:42,064 [INFO] ApiDb:671 - CubeFinder database FW Pack versions=[FP-ATR-ASTRA1_V2.0.0, FP-SNS-FLIGHT1_V5.0.1, FP-SNS-FLIGHT1_V5.0.2, FP-SNS-MOTENV1_V4.3.1, FP-SNS-MOTENV1_V4.3.2, FP-SNS-MOTENVWB1_V1.3.1, FP-SNS-SMARTAG2_V1.2.0, STM32Cube_FW_C0_V1.1.0, STM32Cube_FW_F4_V1.28.0, STM32Cube_FW_F7_V1.17.0, STM32Cube_FW_G0_V1.6.2, STM32Cube_FW_G4_V1.5.2, STM32Cube_FW_H5_V0.5.1, STM32Cube_FW_H5_V1.1.1, STM32Cube_FW_H5_V1.2.0, STM32Cube_FW_H5_V1.2.0RC4, STM32Cube_FW_H7RS_V1.0.0, STM32Cube_FW_H7RS_V1.0.0RC4, STM32Cube_FW_H7_V1.11.0, STM32Cube_FW_L0_V1.12.2, STM32Cube_FW_L5_V1.5.1, STM32Cube_FW_U0_V1.0.0, STM32Cube_FW_U0_V1.0.0RC1, STM32Cube_FW_U5_V1.3.0RC4, STM32Cube_FW_U5_V1.5.0, STM32Cube_FW_U5_V1.5.0RC1, STM32Cube_FW_WBA_V1.0.0RC1, STM32Cube_FW_WBA_V1.2.0, STM32Cube_FW_WBA_V1.2.0RC2, STM32Cube_FW_WBA_V1.3.0, STM32Cube_FW_WBA_V1.3.0RC1, STM32Cube_FW_WB_V1.15.0RC1, STM32Cube_FW_WB_V1.16.0, STM32Cube_FW_WB_V1.16.0RC2, STM32Cube_FW_WB_V1.18.0, STM32Cube_FW_WB_V1.19.0, STM32Cube_FW_WL_V1.3.0, X-CUBE-ALGOBUILD_V1.3.0, X-CUBE-ALS_V1.0.1, X-CUBE-AZRTOS-F4_V1.1.0, X-CUBE-AZRTOS-F7_V1.1.0, X-CUBE-AZRTOS-G0_V1.1.0, X-CUBE-AZRTOS-G4_V2.0.0, X-CUBE-AZRTOS-H7_V3.2.0, X-CUBE-AZRTOS-L4_V1.0.0, X-CUBE-AZRTOS-L4_V2.0.0, X-CUBE-AZRTOS-L5_V1.1.0, X-CUBE-AZRTOS-WB_V2.0.0, X-CUBE-AZRTOS-WL_V2.0.0, X-CUBE-BLE1_V7.0.0, X-CUBE-BLE2_V3.3.0, X-CUBE-BLEMGR_V3.1.0, X-CUBE-EEPRMA1_V4.1.0, X-CUBE-EEPRMA1_V5.1.0, X-CUBE-FREERTOS_V1.1.0, X-CUBE-GNSS1_V6.0.0, X-CUBE-MEMS1_V10.0.0, X-CUBE-MEMS1_V9.1.0, X-CUBE-MEMS1_V9.4.0, X-CUBE-MEMS1_V9.6.0, X-CUBE-NFC4_V3.0.0, X-CUBE-NFC7_V1.0.1, X-CUBE-SFXS2LP1_V4.0.0, X-CUBE-SUBG2_V5.0.0, X-CUBE-TOF1_V3.4.0]
2024-06-25 05:28:43,741 [INFO] ApiDb:240 - Found 483 in-development CPN: [B-G473E-ZEST1S, B-WB1M-WPAN1, B-WL5M-SUBG1, NUCLEO-C031C6, NUCLEO-H503RB, NUCLEO-H533RE, NUCLEO-H563ZI, NUCLEO-H7S3L8, NUCLEO-U031R8, NUCLEO-U083RC, NUCLEO-U545RE-Q, NUCLEO-U5A5ZJ-Q, NUCLEO-WBA52CG, NUCLEO-WBA55CG, STEVAL-PROTEUS1, STEVAL-SMARTAG2, STEVAL-STWINBX1, STM320518-EVAL, STM32C0116-DK, STM32C011D6Y3TR, STM32C011D6Y6TR, STM32C011F4P3, STM32C011F4P6, STM32C011F4U3, STM32C011F4U6TR, STM32C011F6P3, STM32C011F6P6, STM32C011F6U3, STM32C011F6U6TR, STM32C011J4M3, STM32C011J4M6, STM32C011J6M3, STM32C011J6M6, STM32C0316-DK, STM32C031C4T3, STM32C031C4T6, STM32C031C4U3, STM32C031C4U6, STM32C031C6T3, STM32C031C6T6, STM32C031C6U3, STM32C031C6U6, STM32C031F4P3, STM32C031F4P6, STM32C031F6P3, STM32C031F6P6, STM32C031G4U3, STM32C031G4U6, STM32C031G6U3, STM32C031G6U6, STM32C031K4T3, STM32C031K4T6, STM32C031K4U3, STM32C031K4U6, STM32C031K6T3, STM32C031K6T6, STM32C031K6U3, STM32C031K6U6, STM32G071K8TXN, STM32G071K8UXN, STM32G081GBU6N, STM32G081KBT6N, STM32G081KBUXN, STM32G0B1CCT6N, STM32G0B1KCT6, STM32G0B1NEY6TR, STM32G0B1RCT6N, STM32G0C1CCT6, STM32G0C1CCT6N, STM32G0C1CCU6N, STM32G0C1CET6N, STM32G0C1CEU6N, STM32G0C1KCT6, STM32G0C1NEY6TR, STM32G0C1RCI6N, STM32G0C1RCT6N, STM32G0C1REI6N, STM32G0C1RET6N, STM32G0C1VCI6, STM32G0C1VEI6, STM32G471CCT6, STM32G471CCU6, STM32G471CET3, STM32G471CET6, STM32G471CEU3, STM32G471CEU6, STM32G471MCT6, STM32G471MET3, STM32G471MET6, STM32G471MEY6TR, STM32G471QCT6, STM32G471QET3, STM32G471RCT6, STM32G471RET3, STM32G471RET6, STM32G471VCH6, STM32G471VCI6, STM32G471VCT6, STM32G471VEH3, STM32G471VEH6, STM32G471VEI3, STM32G471VEI6, STM32G471VET3, STM32G471VET6, STM32G474CCT6, STM32H503CBT6, STM32H503CBU6, STM32H503EBY6TR, STM32H503KBU6, STM32H503RBT6, STM32H523CCT6, STM32H523CCU6, STM32H523CET6, STM32H523CEU6, STM32H523HEY6TR, STM32H523RCT6, STM32H523RET6, STM32H523VCI6, STM32H523VCT6, STM32H523VEI6, STM32H523VET6, STM32H523ZCJ6, STM32H523ZCT6, STM32H523ZEJ6, STM32H523ZET6, STM32H533CET6, STM32H533CEU6, STM32H533HEY6TR, STM32H533RET6, STM32H533VEI6, STM32H533VET6, STM32H533ZEJ6, STM32H533ZET6, STM32H562AGI6, STM32H562AII6, STM32H562IGK6, STM32H562IGT6, STM32H562IIK6, STM32H562IIT6, STM32H562RGT6, STM32H562RGV6, STM32H562RIT6, STM32H562RIV6, STM32H562VGT6, STM32H562VIT6, STM32H562ZGT6, STM32H562ZIT6, STM32H563AGI6, STM32H563AII3Q, STM32H563AII6, STM32H563IGK6, STM32H563IGT6, STM32H563IIK3Q, STM32H563IIK6, STM32H563IIT3Q, STM32H563IIT6, STM32H563MIY3QTR, STM32H563RGT6, STM32H563RGV6, STM32H563RIT6, STM32H563RIV6, STM32H563VGT6, STM32H563VIT3Q, STM32H563VIT6, STM32H563ZGT6, STM32H563ZIT3Q, STM32H563ZIT6, STM32H573AII3Q, STM32H573AII6, STM32H573I-DK, STM32H573IIK3Q, STM32H573IIK6, STM32H573IIT3Q, STM32H573IIT6, STM32H573MIY3QTR, STM32H573RIT6, STM32H573RIV6, STM32H573VIT3Q, STM32H573VIT6, STM32H573ZIT3Q, STM32H573ZIT6, STM32H7R3A8I6, STM32H7R3I8K6, STM32H7R3I8T6, STM32H7R3L8H6, STM32H7R3L8H6H, STM32H7R3R8V6, STM32H7R3V8H6, STM32H7R3V8T6, STM32H7R3V8Y6, STM32H7R3Z8J6, STM32H7R3Z8T6, STM32H7R7A8I6, STM32H7R7I8K6, STM32H7R7I8T6, STM32H7R7L8H6, STM32H7R7L8H6H, STM32H7R7Z8J6, STM32H7S3A8I6, STM32H7S3I8K6, STM32H7S3I8T6, STM32H7S3L8H6, STM32H7S3L8H6H, STM32H7S3R8V6, STM32H7S3V8H6, STM32H7S3V8T6, STM32H7S3V8Y6, STM32H7S3Z8J6, STM32H7S3Z8T6, STM32H7S78-DK, STM32H7S7A8I6, STM32H7S7I8K6, STM32H7S7I8T6, STM32H7S7L8H6, STM32H7S7L8H6H, STM32H7S7Z8J6, STM32L4R5QGI6STR, STM32MP131AAE3, STM32MP131AAF3, STM32MP131AAG3, STM32MP131CAE3, STM32MP131CAF3, STM32MP131CAG3, STM32MP131DAE7, STM32MP131DAF7, STM32MP131DAG7, STM32MP131FAE7, STM32MP131FAF7, STM32MP131FAG7, STM32MP133AAE3, STM32MP133AAF3, STM32MP133AAG3, STM32MP133CAE3, STM32MP133CAF3, STM32MP133CAG3, STM32MP133DAE7, STM32MP133DAF7, STM32MP133DAG7, STM32MP133FAE7, STM32MP133FAF7, STM32MP133FAG7, STM32MP135AAE3, STM32MP135AAF3, STM32MP135AAG3, STM32MP135CAE3, STM32MP135CAF3, STM32MP135CAG3, STM32MP135DAE7, STM32MP135DAF7, STM32MP135DAG7, STM32MP135F-DK, STM32MP135FAE7, STM32MP135FAF7, STM32MP135FAF7T, STM32MP135FAF7U, STM32MP135FAG7, STM32U031C6T6, STM32U031C6U6, STM32U031C8T6, STM32U031C8U6, STM32U031F4P6, STM32U031F6P6, STM32U031F8P6, STM32U031G6Y6TR, STM32U031G8Y6TR, STM32U031K4U6, STM32U031K6U6, STM32U031K8U6, STM32U031R6I6, STM32U031R6T6, STM32U031R8I6, STM32U031R8T6, STM32U073C8T6, STM32U073C8U6, STM32U073CBT6, STM32U073CBU6, STM32U073CCT6, STM32U073CCU6, STM32U073H8Y6TR, STM32U073HBY6TR, STM32U073HCY6TR, STM32U073K8U6, STM32U073KBU6, STM32U073KCU6, STM32U073M8I6, STM32U073M8T6, STM32U073MBI6, STM32U073MBT6, STM32U073MCI6, STM32U073MCT6, STM32U073R8I6, STM32U073R8T6, STM32U073RBI6, STM32U073RBT6, STM32U073RCI6, STM32U073RCT6, STM32U083C-DK, STM32U083CCT6, STM32U083CCU6, STM32U083HCY6TR, STM32U083KCU6, STM32U083MCI6, STM32U083MCT6, STM32U083RCI6, STM32U083RCT6, STM32U535CBT6, STM32U535CBT6Q, STM32U535CBU6, STM32U535CBU6Q, STM32U535CCT6, STM32U535CCT6Q, STM32U535CCU6, STM32U535CCU6Q, STM32U535CET6, STM32U535CET6Q, STM32U535CEU6, STM32U535CEU6Q, STM32U535JEY6QTR, STM32U535NCY6QTR, STM32U535NEY6QTR, STM32U535RBI6, STM32U535RBI6Q, STM32U535RBT6, STM32U535RBT6Q, STM32U535RCI6, STM32U535RCI6Q, STM32U535RCT6, STM32U535RCT6Q, STM32U535REI6, STM32U535REI6Q, STM32U535RET6, STM32U535RET6Q, STM32U535VCI6, STM32U535VCI6Q, STM32U535VCT6, STM32U535VCT6Q, STM32U535VEI6, STM32U535VEI6Q, STM32U535VET6, STM32U535VET6Q, STM32U545CET6, STM32U545CET6Q, STM32U545CEU6, STM32U545CEU6Q, STM32U545JEY6QTR, STM32U545NEY6QTR, STM32U545REI6, STM32U545REI6Q, STM32U545RET6, STM32U545RET6Q, STM32U545VEI6, STM32U545VEI6Q, STM32U545VET6, STM32U545VET6Q, STM32U595AIH6, STM32U595AIH6Q, STM32U595AJH6, STM32U595AJH6Q, STM32U595QII6, STM32U595QII6Q, STM32U595QJI6, STM32U595QJI6Q, STM32U595RIT6, STM32U595RIT6Q, STM32U595RJT6, STM32U595RJT6Q, STM32U595VIT6, STM32U595VIT6Q, STM32U595VJT6, STM32U595VJT6Q, STM32U595ZIT6, STM32U595ZIT6Q, STM32U595ZIY6QTR, STM32U595ZJT6, STM32U595ZJT6Q, STM32U595ZJY6QTR, STM32U599BJY6QTR, STM32U599NIH6Q, STM32U599NJH6Q, STM32U599VIT6Q, STM32U599VJT6, STM32U599VJT6Q, STM32U599ZIT6Q, STM32U599ZIY6QTR, STM32U599ZJT6Q, STM32U599ZJY6QTR, STM32U5A5AJH6, STM32U5A5AJH6Q, STM32U5A5QII3Q , STM32U5A5QJI6, STM32U5A5QJI6Q, STM32U5A5RJT6, STM32U5A5RJT6Q, STM32U5A5VJT6, STM32U5A5VJT6Q, STM32U5A5ZJT6, STM32U5A5ZJT6Q, STM32U5A5ZJY6QTR, STM32U5A9BJY6QTR, STM32U5A9J-DK, STM32U5A9NJH6Q, STM32U5A9VJT6Q, STM32U5A9ZJT6Q, STM32U5A9ZJY6QTR, STM32U5F7VIT6, STM32U5F7VIT6Q, STM32U5F7VJT6, STM32U5F7VJT6Q, STM32U5F9BJY6QTR, STM32U5F9NJH6Q, STM32U5F9VIT6Q, STM32U5F9VJT6Q, STM32U5F9ZIJ6QTR, STM32U5F9ZIT6Q, STM32U5F9ZJJ6QTR, STM32U5F9ZJT6Q, STM32U5G7VJT6, STM32U5G7VJT6Q, STM32U5G9BJY6QTR, STM32U5G9J-DK1, STM32U5G9J-DK2, STM32U5G9NJH6Q, STM32U5G9VJT6Q, STM32U5G9ZJJ6QTR, STM32U5G9ZJT6Q, STM32WB1MMCH6, STM32WBA50KEU6, STM32WBA50KEU6TR, STM32WBA50KGU6, STM32WBA50KGU6TR, STM32WBA52CEU6, STM32WBA52CEU6TR, STM32WBA52CEU7, STM32WBA52CEU7TR, STM32WBA52CGU6, STM32WBA52CGU6TR, STM32WBA52CGU6U, STM32WBA52CGU7, STM32WBA52CGU7TR, STM32WBA52KEU6, STM32WBA52KEU6TR, STM32WBA52KGU6, STM32WBA52KGU6TR, STM32WBA54CEU6, STM32WBA54CEU6TR, STM32WBA54CEU7, STM32WBA54CEU7TR, STM32WBA54CGU6, STM32WBA54CGU6TR, STM32WBA54CGU7, STM32WBA54CGU7TR, STM32WBA54KEU6, STM32WBA54KEU6TR, STM32WBA54KEU7, STM32WBA54KEU7TR, STM32WBA54KGU6, STM32WBA54KGU6TR, STM32WBA54KGU7, STM32WBA54KGU7TR, STM32WBA55CEU6, STM32WBA55CEU6TR, STM32WBA55CEU7, STM32WBA55CEU7TR, STM32WBA55CGU6, STM32WBA55CGU6TR, STM32WBA55CGU6U, STM32WBA55CGU7, STM32WBA55CGU7TR, STM32WBA55G-DK1, STM32WBA55HEF6, STM32WBA55HEF7, STM32WBA55HGF6, STM32WBA55HGF7, STM32WBA55UEI6, STM32WBA55UEI6TR, STM32WBA55UEI7, STM32WBA55UEI7TR, STM32WBA55UGI6, STM32WBA55UGI6TR, STM32WBA55UGI7, STM32WBA55UGI7TR, STM32WL5MOCH6, STM32WL5MOCH6TR]
2024-06-25 05:28:43,744 [INFO] DbMcus:218 - Found 4096 MCUs, 4096 are supported
2024-06-25 05:28:43,749 [INFO] ApiDb:423 - Load user favorites file C:\Users\saksh/.stm32cubeide/favorites.mcus.txt: 1 item(s)
2024-06-25 05:28:43,749 [INFO] ApiDb:427 - User favorites MCUs=[STM32F103C8T6]
2024-06-25 05:28:43,750 [INFO] DbMcus:224 - Set 1 / 1 favorites MCUs
2024-06-25 05:28:44,036 [INFO] ApiDb:423 - Load user favorites file C:\Users\saksh/.stm32cubeide/favorites.boards.txt: 0 item(s)
2024-06-25 05:28:44,036 [INFO] ApiDb:427 - User favorites Boards=[]
2024-06-25 05:28:44,037 [INFO] DbBoards:198 - Set 0 / 0 favorites Boards
2024-06-25 05:28:44,089 [INFO] UtilMem:75 - End LoadConfig() Used Memory: 328962456 Bytes (542113792)
2024-06-25 05:28:44,241 [WARN] ThirdParty:833 - waiting for thirdparty lock release [change project]
2024-06-25 05:28:44,241 [INFO] ThirdParty:835 - entering critical section [change project]
2024-06-25 05:28:44,241 [INFO] ThirdParty:1030 - CMSIS Pack Vendor :STMicroelectronics USBPD 4.1
2024-06-25 05:28:44,241 [INFO] ThirdParty:1030 - CMSIS Pack Vendor :STMicroelectronics X-CUBE-GNSS1 6.0.0
2024-06-25 05:28:44,241 [INFO] ThirdParty:1030 - CMSIS Pack Vendor :STMicroelectronics USB_HOST 2.0.0
2024-06-25 05:28:44,241 [INFO] ThirdParty:1030 - CMSIS Pack Vendor :STMicroelectronics FP-SNS-MOTENVWB1 1.4.0
2024-06-25 05:28:44,241 [INFO] ThirdParty:1030 - CMSIS Pack Vendor :STMicroelectronics X-CUBE-AZRTOS-F4 1.1.0
2024-06-25 05:28:44,241 [INFO] ThirdParty:1030 - CMSIS Pack Vendor :STMicroelectronics LIBJPEG 8.0.0
2024-06-25 05:28:44,241 [INFO] ThirdParty:1030 - CMSIS Pack Vendor :STMicroelectronics X-CUBE-SMBUS 2.1.0
2024-06-25 05:28:44,241 [INFO] ThirdParty:1030 - CMSIS Pack Vendor :STMicroelectronics X-CUBE-FREERTOS 1.2.0
2024-06-25 05:28:44,241 [INFO] ThirdParty:1030 - CMSIS Pack Vendor :STMicroelectronics X-CUBE-TOUCHGFX 4.23.1
2024-06-25 05:28:44,241 [INFO] ThirdParty:1030 - CMSIS Pack Vendor :STMicroelectronics X-CUBE-TOUCHGFX 4.23.0
2024-06-25 05:28:44,242 [INFO] ThirdParty:1030 - CMSIS Pack Vendor :STMicroelectronics X-CUBE-BLEMGR 1.2.0
2024-06-25 05:28:44,242 [INFO] ThirdParty:1030 - CMSIS Pack Vendor :STMicroelectronics X-CUBE-TOUCHGFX 4.23.2
2024-06-25 05:28:44,242 [INFO] ThirdParty:1030 - CMSIS Pack Vendor :STMicroelectronics X-CUBE-AZRTOS-F7 1.1.0
2024-06-25 05:28:44,242 [INFO] ThirdParty:1030 - CMSIS Pack Vendor :STMicroelectronics X-CUBE-AZRTOS-L5 2.0.0
2024-06-25 05:28:44,242 [INFO] ThirdParty:1030 - CMSIS Pack Vendor :STMicroelectronics USB_DEVICE 2.0.0
2024-06-25 05:28:44,242 [INFO] ThirdParty:1030 - CMSIS Pack Vendor :STMicroelectronics X-CUBE-MEMS1 9.6.0
2024-06-25 05:28:44,242 [INFO] ThirdParty:1030 - CMSIS Pack Vendor :STMicroelectronics X-CUBE-EEPRMA1 4.2.0
2024-06-25 05:28:44,242 [INFO] ThirdParty:1030 - CMSIS Pack Vendor :STMicroelectronics X-CUBE-NFC6 3.1.0
2024-06-25 05:28:44,242 [INFO] ThirdParty:1030 - CMSIS Pack Vendor :ITTIA_DB I-CUBE-ITTIADB 8.8.0
2024-06-25 05:28:44,242 [INFO] ThirdParty:1030 - CMSIS Pack Vendor :STMicroelectronics FP-SNS-MOTENV1 4.3.0
2024-06-25 05:28:44,242 [INFO] ThirdParty:1030 - CMSIS Pack Vendor :STMicroelectronics FP-SNS-MOTENV1 4.3.2
2024-06-25 05:28:44,242 [INFO] ThirdParty:1030 - CMSIS Pack Vendor :STMicroelectronics FP-SNS-FLIGHT1 5.0.0
2024-06-25 05:28:44,242 [INFO] ThirdParty:1030 - CMSIS Pack Vendor :STMicroelectronics FP-SNS-MOTENV1 4.3.1
2024-06-25 05:28:44,242 [INFO] ThirdParty:1030 - CMSIS Pack Vendor :STMicroelectronics FP-SNS-FLIGHT1 5.0.1
2024-06-25 05:28:44,242 [INFO] ThirdParty:1030 - CMSIS Pack Vendor :STMicroelectronics X-CUBE-BLE1 6.2.3
2024-06-25 05:28:44,242 [INFO] ThirdParty:1030 - CMSIS Pack Vendor :STMicroelectronics X-CUBE-BLE1 6.2.4
2024-06-25 05:28:44,242 [INFO] ThirdParty:1030 - CMSIS Pack Vendor :STMicroelectronics FreeRTOS 0.0.1
2024-06-25 05:28:44,242 [INFO] ThirdParty:1030 - CMSIS Pack Vendor :STMicroelectronics X-CUBE-BLEMGR 2.0.0
2024-06-25 05:28:44,242 [INFO] ThirdParty:1030 - CMSIS Pack Vendor :STMicroelectronics FP-SNS-FLIGHT1 5.0.2
2024-06-25 05:28:44,242 [INFO] ThirdParty:1030 - CMSIS Pack Vendor :STMicroelectronics X-CUBE-NFC4 2.0.4
2024-06-25 05:28:44,242 [INFO] ThirdParty:1030 - CMSIS Pack Vendor :STMicroelectronics X-CUBE-AI 9.0.0
2024-06-25 05:28:44,242 [INFO] ThirdParty:1030 - CMSIS Pack Vendor :STMicroelectronics X-CUBE-AZRTOS-H7 3.1.0
2024-06-25 05:28:44,242 [INFO] ThirdParty:1030 - CMSIS Pack Vendor :STMicroelectronics PDM2PCM 3.3.0
2024-06-25 05:28:44,242 [INFO] ThirdParty:1030 - CMSIS Pack Vendor :STMicroelectronics X-CUBE-TOF1 3.1.0
2024-06-25 05:28:44,242 [INFO] ThirdParty:1030 - CMSIS Pack Vendor :STMicroelectronics X-CUBE-DISPLAY 3.0.0
2024-06-25 05:28:44,242 [INFO] ThirdParty:1030 - CMSIS Pack Vendor :STMicroelectronics X-CUBE-BLE1 7.0.0
2024-06-25 05:28:44,242 [INFO] ThirdParty:1030 - CMSIS Pack Vendor :wolfSSL I-CUBE-wolfSSL 5.5.0
2024-06-25 05:28:44,242 [INFO] ThirdParty:1030 - CMSIS Pack Vendor :STMicroelectronics HAL Drivers 0.0.0
2024-06-25 05:28:44,242 [INFO] ThirdParty:1030 - CMSIS Pack Vendor :STMicroelectronics X-CUBE-TOUCHGFX 4.22.0
2024-06-25 05:28:44,242 [INFO] ThirdParty:1030 - CMSIS Pack Vendor :STMicroelectronics X-CUBE-NFC7 1.0.1
2024-06-25 05:28:44,242 [INFO] ThirdParty:1030 - CMSIS Pack Vendor :STMicroelectronics MBEDTLS 2.14.1
2024-06-25 05:28:44,242 [INFO] ThirdParty:1030 - CMSIS Pack Vendor :STMicroelectronics X-CUBE-NFC7 1.0.0
2024-06-25 05:28:44,242 [INFO] ThirdParty:1030 - CMSIS Pack Vendor :STMicroelectronics X-CUBE-NFC6 3.0.0
2024-06-25 05:28:44,242 [INFO] ThirdParty:1030 - CMSIS Pack Vendor :STMicroelectronics X-CUBE-MEMS1 9.3.0
2024-06-25 05:28:44,242 [INFO] ThirdParty:1030 - CMSIS Pack Vendor :STMicroelectronics X-CUBE-EEPRMA1 4.1.0
2024-06-25 05:28:44,242 [INFO] ThirdParty:1030 - CMSIS Pack Vendor :STMicroelectronics X-CUBE-AI 7.2.0
2024-06-25 05:28:44,242 [INFO] ThirdParty:1030 - CMSIS Pack Vendor :STMicroelectronics X-CUBE-BLEMGR 3.1.0
2024-06-25 05:28:44,242 [INFO] ThirdParty:1030 - CMSIS Pack Vendor :STMicroelectronics FP-SNS-SMARTAG2 1.2.0
2024-06-25 05:28:44,242 [INFO] ThirdParty:1030 - CMSIS Pack Vendor :STMicroelectronics X-CUBE-AZRTOS-WL 2.0.0
2024-06-25 05:28:44,242 [INFO] ThirdParty:1030 - CMSIS Pack Vendor :STMicroelectronics FP-SNS-MOTENV1 5.0.0
2024-06-25 05:28:44,242 [INFO] ThirdParty:1030 - CMSIS Pack Vendor :STMicroelectronics USB_DEVICE 1.0.0
2024-06-25 05:28:44,242 [INFO] ThirdParty:1030 - CMSIS Pack Vendor :STMicroelectronics X-CUBE-AI 8.1.0
2024-06-25 05:28:44,242 [INFO] ThirdParty:1030 - CMSIS Pack Vendor :wolfSSL I-CUBE-wolfMQTT 1.19.0
2024-06-25 05:28:44,243 [INFO] ThirdParty:1030 - CMSIS Pack Vendor :STMicroelectronics X-CUBE-AZRTOS-L4 2.0.0
2024-06-25 05:28:44,243 [INFO] ThirdParty:1030 - CMSIS Pack Vendor :STMicroelectronics ThreadX 0.0.2
2024-06-25 05:28:44,243 [INFO] ThirdParty:1030 - CMSIS Pack Vendor :WES I-CUBE-Cesium 1.3.0
2024-06-25 05:28:44,243 [INFO] ThirdParty:1030 - CMSIS Pack Vendor :STMicroelectronics lwIP 2.1.2
2024-06-25 05:28:44,243 [INFO] ThirdParty:1030 - CMSIS Pack Vendor :STMicroelectronics X-CUBE-SFXS2LP1 4.0.0
2024-06-25 05:28:44,243 [INFO] ThirdParty:1030 - CMSIS Pack Vendor :STMicroelectronics X-CUBE-BLE2 3.3.0
2024-06-25 05:28:44,243 [INFO] ThirdParty:1030 - CMSIS Pack Vendor :STMicroelectronics X-CUBE-DISPLAY 2.2.0
2024-06-25 05:28:44,243 [INFO] ThirdParty:1030 - CMSIS Pack Vendor :STMicroelectronics X-CUBE-TOF1 3.2.0
2024-06-25 05:28:44,243 [INFO] ThirdParty:1030 - CMSIS Pack Vendor :STMicroelectronics PDM2PCM 3.2.0
2024-06-25 05:28:44,243 [INFO] ThirdParty:1030 - CMSIS Pack Vendor :STMicroelectronics X-CUBE-AZRTOS-H7 3.0.0
2024-06-25 05:28:44,243 [INFO] ThirdParty:1030 - CMSIS Pack Vendor :STMicroelectronics X-CUBE-ISPU 1.0.0
2024-06-25 05:28:44,243 [INFO] ThirdParty:1030 - CMSIS Pack Vendor :STMicroelectronics X-CUBE-ISPU 1.1.0
2024-06-25 05:28:44,243 [INFO] ThirdParty:1030 - CMSIS Pack Vendor :RoweBots I-CUBE-UNISONRTOS 5.5.0-4
2024-06-25 05:28:44,243 [INFO] ThirdParty:1030 - CMSIS Pack Vendor :STMicroelectronics X-CUBE-AZRTOS-H7 2.1.0
2024-06-25 05:28:44,243 [INFO] ThirdParty:1030 - CMSIS Pack Vendor :STMicroelectronics USB_DEVICE 3.0.0
2024-06-25 05:28:44,243 [INFO] ThirdParty:1030 - CMSIS Pack Vendor :STMicroelectronics X-CUBE-TCPP 4.1.0
2024-06-25 05:28:44,243 [INFO] ThirdParty:1030 - CMSIS Pack Vendor :STMicroelectronics X-CUBE-AI 8.0.0
2024-06-25 05:28:44,243 [INFO] ThirdParty:1030 - CMSIS Pack Vendor :STMicroelectronics X-CUBE-AZRTOS-WB 2.0.0
2024-06-25 05:28:44,243 [INFO] ThirdParty:1030 - CMSIS Pack Vendor :STMicroelectronics X-CUBE-FREERTOS 1.0.0
2024-06-25 05:28:44,243 [INFO] ThirdParty:1030 - CMSIS Pack Vendor :STMicroelectronics X-CUBE-FREERTOS 1.0.1
2024-06-25 05:28:44,243 [INFO] ThirdParty:1030 - CMSIS Pack Vendor :STMicroelectronics X-CUBE-TOUCHGFX 4.21.1
2024-06-25 05:28:44,243 [INFO] ThirdParty:1030 - CMSIS Pack Vendor :STMicroelectronics X-CUBE-TOUCHGFX 4.21.3
2024-06-25 05:28:44,243 [INFO] ThirdParty:1030 - CMSIS Pack Vendor :STMicroelectronics X-CUBE-BLEMGR 1.0.0
2024-06-25 05:28:44,243 [INFO] ThirdParty:1030 - CMSIS Pack Vendor :STMicroelectronics X-CUBE-TOUCHGFX 4.21.4
2024-06-25 05:28:44,244 [INFO] ThirdParty:1030 - CMSIS Pack Vendor :STMicroelectronics X-CUBE-MEMS1 9.4.0
2024-06-25 05:28:44,244 [INFO] ThirdParty:1030 - CMSIS Pack Vendor :STMicroelectronics X-CUBE-AI 7.3.0
2024-06-25 05:28:44,244 [INFO] ThirdParty:1030 - CMSIS Pack Vendor :STMicroelectronics X-CUBE-ALGOBUILD 1.3.0
2024-06-25 05:28:44,244 [INFO] ThirdParty:1030 - CMSIS Pack Vendor :STMicroelectronics X-CUBE-AZRTOS-L5 1.1.0
2024-06-25 05:28:44,244 [INFO] ThirdParty:1030 - CMSIS Pack Vendor :STMicroelectronics X-CUBE-AZRTOS-G0 1.1.0
2024-06-25 05:28:44,244 [INFO] ThirdParty:1030 - CMSIS Pack Vendor :STMicroelectronics X-CUBE-AI 8.0.1
2024-06-25 05:28:44,244 [INFO] ThirdParty:1030 - CMSIS Pack Vendor :STMicroelectronics X-CUBE-SAFEA1 1.2.2
2024-06-25 05:28:44,244 [INFO] ThirdParty:1030 - CMSIS Pack Vendor :STMicroelectronics X-CUBE-NFC4 3.0.0
2024-06-25 05:28:44,244 [INFO] ThirdParty:1030 - CMSIS Pack Vendor :SEGGER I-CUBE-embOS 1.2.0
2024-06-25 05:28:44,244 [INFO] ThirdParty:1030 - CMSIS Pack Vendor :STMicroelectronics X-CUBE-SUBG2 5.0.0
2024-06-25 05:28:44,244 [INFO] ThirdParty:1030 - CMSIS Pack Vendor :STMicroelectronics STM32_WPAN 1.0.0
2024-06-25 05:28:44,244 [INFO] ThirdParty:1030 - CMSIS Pack Vendor :STMicroelectronics lwIP 2.0.3
2024-06-25 05:28:44,244 [INFO] ThirdParty:1030 - CMSIS Pack Vendor :STMicroelectronics USB_HOST 1.0.0
2024-06-25 05:28:44,244 [INFO] ThirdParty:1030 - CMSIS Pack Vendor :STMicroelectronics X-CUBE-TOF1 3.3.1
2024-06-25 05:28:44,244 [INFO] ThirdParty:1030 - CMSIS Pack Vendor :STMicroelectronics X-CUBE-AZRTOS-G4 2.0.0
2024-06-25 05:28:44,244 [INFO] ThirdParty:1030 - CMSIS Pack Vendor :STMicroelectronics PDM2PCM 3.1.0
2024-06-25 05:28:44,244 [INFO] ThirdParty:1030 - CMSIS Pack Vendor :STMicroelectronics X-CUBE-TOF1 3.3.0
2024-06-25 05:28:44,244 [INFO] ThirdParty:1030 - CMSIS Pack Vendor :STMicroelectronics FP-ATR-ASTRA1 1.1.1
2024-06-25 05:28:44,244 [INFO] ThirdParty:1030 - CMSIS Pack Vendor :Infineon AIROC-Wi-Fi-Bluetooth-STM32 1.5.1
2024-06-25 05:28:44,244 [INFO] ThirdParty:1030 - CMSIS Pack Vendor :STMicroelectronics X-CUBE-BLEMGR 3.0.0
2024-06-25 05:28:44,244 [INFO] ThirdParty:1030 - CMSIS Pack Vendor :STMicroelectronics X-CUBE-BLEMGR 1.3.0
2024-06-25 05:28:44,244 [INFO] ThirdParty:1030 - CMSIS Pack Vendor :STMicroelectronics FP-SNS-MOTENVWB1 1.3.1
2024-06-25 05:28:44,244 [INFO] ThirdParty:1030 - CMSIS Pack Vendor :STMicroelectronics FP-ATR-SIGFOX1 3.2.0
2024-06-25 05:28:44,244 [INFO] ThirdParty:1030 - CMSIS Pack Vendor :STMicroelectronics X-CUBE-AZRTOS-G4 1.0.0
2024-06-25 05:28:44,244 [INFO] ThirdParty:1030 - CMSIS Pack Vendor :STMicroelectronics X-CUBE-AZRTOS-L4 1.0.0
2024-06-25 05:28:44,244 [INFO] ThirdParty:1030 - CMSIS Pack Vendor :STMicroelectronics X-CUBE-ISPU 2.0.0
2024-06-25 05:28:44,244 [INFO] ThirdParty:1030 - CMSIS Pack Vendor :STMicroelectronics X-CUBE-EEPRMA1 5.1.0
2024-06-25 05:28:44,244 [INFO] ThirdParty:1030 - CMSIS Pack Vendor :STMicroelectronics MBEDTLS 2.16.2
2024-06-25 05:28:44,244 [INFO] ThirdParty:1030 - CMSIS Pack Vendor :STMicroelectronics X-CUBE-ALS 1.0.2
2024-06-25 05:28:44,244 [INFO] ThirdParty:1030 - CMSIS Pack Vendor :emotas I-CUBE-CANOPEN 1.1.2
2024-06-25 05:28:44,244 [INFO] ThirdParty:1030 - CMSIS Pack Vendor :STMicroelectronics X-CUBE-TOUCHGFX 4.20.0
2024-06-25 05:28:44,244 [INFO] ThirdParty:1030 - CMSIS Pack Vendor :STMicroelectronics X-CUBE-MEMS1 10.0.0
2024-06-25 05:28:44,244 [INFO] ThirdParty:1030 - CMSIS Pack Vendor :STMicroelectronics X-CUBE-FREERTOS 1.1.0
2024-06-25 05:28:44,244 [INFO] ThirdParty:1030 - CMSIS Pack Vendor :STMicroelectronics X-CUBE-TOUCHGFX 4.24.0
2024-06-25 05:28:44,245 [INFO] ThirdParty:1030 - CMSIS Pack Vendor :STMicroelectronics X-CUBE-AZRTOS-WL 1.0.0
2024-06-25 05:28:44,245 [INFO] ThirdParty:1030 - CMSIS Pack Vendor :portGmbH I-Cube-SoM-uGOAL 1.1.0
2024-06-25 05:28:44,245 [INFO] ThirdParty:1030 - CMSIS Pack Vendor :STMicroelectronics X-CUBE-ALS 1.0.1
2024-06-25 05:28:44,245 [INFO] ThirdParty:1030 - CMSIS Pack Vendor :STMicroelectronics X-CUBE-MEMS1 9.5.0
2024-06-25 05:28:44,245 [INFO] ThirdParty:1030 - CMSIS Pack Vendor :STMicroelectronics ThreadX 1.0.0
2024-06-25 05:28:44,245 [INFO] ThirdParty:1030 - CMSIS Pack Vendor :STMicroelectronics X-CUBE-AZRTOS-WB 1.1.0
2024-06-25 05:28:44,245 [INFO] ThirdParty:1030 - CMSIS Pack Vendor :SEGGER I-CUBE-embOS 1.3.1
2024-06-25 05:28:44,245 [INFO] ThirdParty:1030 - CMSIS Pack Vendor :STMicroelectronics X-CUBE-ALGOBUILD 1.4.0
2024-06-25 05:28:44,245 [INFO] ThirdParty:1030 - CMSIS Pack Vendor :STMicroelectronics X-CUBE-AZRTOS-L5 1.0.0
2024-06-25 05:28:44,245 [INFO] ThirdParty:1030 - CMSIS Pack Vendor :STMicroelectronics X-CUBE-EEPRMA1 3.1.1
2024-06-25 05:28:44,245 [INFO] ThirdParty:1030 - CMSIS Pack Vendor :STMicroelectronics X-CUBE-AZRTOS-H7RS 1.0.0
2024-06-25 05:28:44,245 [INFO] ThirdParty:1030 - CMSIS Pack Vendor :STMicroelectronics FP-ATR-ASTRA1 2.0.0
2024-06-25 05:28:44,245 [INFO] ThirdParty:1030 - CMSIS Pack Vendor :STMicroelectronics X-CUBE-TOF1 3.4.0
2024-06-25 05:28:44,245 [INFO] ThirdParty:1030 - CMSIS Pack Vendor :STMicroelectronics X-CUBE-TOF1 3.4.1
2024-06-25 05:28:44,245 [INFO] ThirdParty:1030 - CMSIS Pack Vendor :STMicroelectronics X-CUBE-AZRTOS-H7 3.2.0
2024-06-25 05:28:44,245 [INFO] ThirdParty:841 - exiting critical section [change project]
2024-06-25 05:28:44,725 [INFO] PinOutPanel:1561 - setPackage(No Configuration,No Configuration)
2024-06-25 05:28:44,726 [INFO] PinOutPanel:1561 - setPackage(STM32G474RETx,LQFP64)
2024-06-25 05:28:45,159 [INFO] UtilMem:75 - Before build in PCC Used Memory: 377803840 Bytes (542113792)
2024-06-25 05:28:46,389 [INFO] UtilMem:75 - After build in PCC Used Memory: 321119768 Bytes (542113792)
2024-06-25 05:28:46,426 [INFO] IPUIPlugin:80 - create IPUIPlugin
2024-06-25 05:28:46,426 [INFO] IPUIPlugin:80 - create IPUIPlugin
2024-06-25 05:28:46,426 [INFO] IPUIPlugin:80 - create IPUIPlugin
2024-06-25 05:28:46,426 [INFO] IPUIPlugin:80 - create IPUIPlugin
2024-06-25 05:28:46,426 [INFO] IPUIPlugin:80 - create IPUIPlugin
2024-06-25 05:28:46,426 [INFO] IPUIPlugin:80 - create IPUIPlugin
2024-06-25 05:28:46,426 [INFO] IPUIPlugin:80 - create IPUIPlugin
2024-06-25 05:28:46,426 [INFO] IPUIPlugin:80 - create IPUIPlugin
2024-06-25 05:28:46,426 [INFO] IPUIPlugin:80 - create IPUIPlugin
2024-06-25 05:28:46,426 [INFO] IPUIPlugin:80 - create IPUIPlugin
2024-06-25 05:28:46,426 [INFO] IPUIPlugin:80 - create IPUIPlugin
2024-06-25 05:28:46,427 [INFO] IPUIPlugin:80 - create IPUIPlugin
2024-06-25 05:28:46,427 [INFO] IPUIPlugin:80 - create IPUIPlugin
2024-06-25 05:28:46,427 [INFO] IPUIPlugin:80 - create IPUIPlugin
2024-06-25 05:28:46,427 [INFO] IPUIPlugin:80 - create IPUIPlugin
2024-06-25 05:28:46,427 [INFO] IPUIPlugin:80 - create IPUIPlugin
2024-06-25 05:28:46,427 [INFO] IPUIPlugin:80 - create IPUIPlugin
2024-06-25 05:28:46,427 [INFO] IPUIPlugin:80 - create IPUIPlugin
2024-06-25 05:28:46,427 [INFO] IPUIPlugin:80 - create IPUIPlugin
2024-06-25 05:28:46,427 [INFO] IPUIPlugin:80 - create IPUIPlugin
2024-06-25 05:28:46,427 [INFO] IPUIPlugin:80 - create IPUIPlugin
2024-06-25 05:28:46,427 [INFO] IPUIPlugin:80 - create IPUIPlugin
2024-06-25 05:28:46,427 [INFO] IPUIPlugin:80 - create IPUIPlugin
2024-06-25 05:28:46,427 [INFO] IPUIPlugin:80 - create IPUIPlugin
2024-06-25 05:28:46,428 [INFO] IPUIPlugin:80 - create IPUIPlugin
2024-06-25 05:28:46,428 [INFO] IPUIPlugin:80 - create IPUIPlugin
2024-06-25 05:28:46,428 [INFO] IPUIPlugin:80 - create IPUIPlugin
2024-06-25 05:28:46,428 [INFO] IPUIPlugin:80 - create IPUIPlugin
2024-06-25 05:28:46,428 [INFO] IPUIPlugin:80 - create IPUIPlugin
2024-06-25 05:28:46,428 [INFO] IPUIPlugin:80 - create IPUIPlugin
2024-06-25 05:28:46,428 [INFO] IPUIPlugin:80 - create IPUIPlugin
2024-06-25 05:28:46,428 [INFO] IPUIPlugin:80 - create IPUIPlugin
2024-06-25 05:28:46,428 [INFO] IPUIPlugin:80 - create IPUIPlugin
2024-06-25 05:28:46,428 [INFO] IPUIPlugin:80 - create IPUIPlugin
2024-06-25 05:28:46,429 [INFO] IPUIPlugin:80 - create IPUIPlugin
2024-06-25 05:28:46,429 [INFO] IPUIPlugin:80 - create IPUIPlugin
2024-06-25 05:28:46,429 [INFO] IPUIPlugin:80 - create IPUIPlugin
2024-06-25 05:28:46,429 [INFO] IPUIPlugin:80 - create IPUIPlugin
2024-06-25 05:28:46,429 [INFO] IPUIPlugin:80 - create IPUIPlugin
2024-06-25 05:28:46,430 [INFO] IPUIPlugin:80 - create IPUIPlugin
2024-06-25 05:28:46,430 [INFO] IPUIPlugin:80 - create IPUIPlugin
2024-06-25 05:28:46,430 [INFO] IPUIPlugin:80 - create IPUIPlugin
2024-06-25 05:28:46,430 [INFO] IPUIPlugin:80 - create IPUIPlugin
2024-06-25 05:28:46,430 [INFO] IPUIPlugin:80 - create IPUIPlugin
2024-06-25 05:28:46,430 [INFO] IPUIPlugin:80 - create IPUIPlugin
2024-06-25 05:28:46,430 [INFO] IPUIPlugin:80 - create IPUIPlugin
2024-06-25 05:28:46,431 [INFO] IPUIPlugin:80 - create IPUIPlugin
2024-06-25 05:28:46,431 [INFO] IPUIPlugin:80 - create IPUIPlugin
2024-06-25 05:28:46,432 [INFO] IPUIPlugin:80 - create IPUIPlugin
2024-06-25 05:28:46,432 [INFO] IPUIPlugin:80 - create IPUIPlugin
2024-06-25 05:28:46,432 [INFO] IPUIPlugin:80 - create IPUIPlugin
2024-06-25 05:28:46,432 [INFO] IPUIPlugin:80 - create IPUIPlugin
2024-06-25 05:28:46,432 [INFO] IPUIPlugin:80 - create IPUIPlugin
2024-06-25 05:28:46,433 [INFO] IPUIPlugin:80 - create IPUIPlugin
2024-06-25 05:28:46,433 [INFO] IPUIPlugin:80 - create IPUIPlugin
2024-06-25 05:28:46,433 [INFO] IPUIPlugin:80 - create IPUIPlugin
2024-06-25 05:28:46,433 [INFO] IPUIPlugin:80 - create IPUIPlugin
2024-06-25 05:28:46,433 [INFO] IPUIPlugin:80 - create IPUIPlugin
2024-06-25 05:28:46,434 [INFO] IPUIPlugin:80 - create IPUIPlugin
2024-06-25 05:28:46,434 [INFO] IPUIPlugin:80 - create IPUIPlugin
2024-06-25 05:28:46,434 [INFO] IPUIPlugin:80 - create IPUIPlugin
2024-06-25 05:28:46,434 [INFO] IPUIPlugin:80 - create IPUIPlugin
2024-06-25 05:28:46,434 [INFO] IPUIPlugin:80 - create IPUIPlugin
2024-06-25 05:28:46,435 [INFO] IPUIPlugin:80 - create IPUIPlugin
2024-06-25 05:28:46,435 [INFO] IPUIPlugin:80 - create IPUIPlugin
2024-06-25 05:28:46,435 [INFO] IPUIPlugin:80 - create IPUIPlugin
2024-06-25 05:28:46,435 [INFO] IPUIPlugin:80 - create IPUIPlugin
2024-06-25 05:28:46,436 [INFO] IPUIPlugin:80 - create IPUIPlugin
2024-06-25 05:28:46,436 [INFO] IPUIPlugin:80 - create IPUIPlugin
2024-06-25 05:28:46,436 [INFO] IPUIPlugin:80 - create IPUIPlugin
2024-06-25 05:28:46,436 [INFO] IPUIPlugin:80 - create IPUIPlugin
2024-06-25 05:28:46,437 [INFO] IPUIPlugin:80 - create IPUIPlugin
2024-06-25 05:28:46,437 [INFO] IPUIPlugin:80 - create IPUIPlugin
2024-06-25 05:28:46,437 [INFO] IPUIPlugin:80 - create IPUIPlugin
2024-06-25 05:28:46,437 [INFO] IPUIPlugin:80 - create IPUIPlugin
2024-06-25 05:28:46,438 [INFO] IPUIPlugin:80 - create IPUIPlugin
2024-06-25 05:28:46,438 [INFO] IPUIPlugin:80 - create IPUIPlugin
2024-06-25 05:28:46,669 [INFO] CADModel:165 - CPN selected for project levelSTM32G474RET6
2024-06-25 05:28:46,670 [INFO] CADModel:114 - Register for checkConnection events
2024-06-25 05:28:46,708 [INFO] OpenFileManager:343 - Restore cursor
2024-06-25 05:31:03,968 [INFO] NvicIntPanel:101 - NVIC parent = com.st.microxplorer.plugins.ip.nvic.MultiNvicIntPanel[,0,0,0x0,invalid,layout=javax.swing.BoxLayout,alignmentX=0.0,alignmentY=0.0,border=,flags=9,maximumSize=,minimumSize=,preferredSize=]
2024-06-25 05:31:12,311 [INFO] NvicIntPanel:101 - NVIC parent = com.st.microxplorer.plugins.ip.nvic.MultiNvicIntPanel[,0,0,450x363,layout=javax.swing.BoxLayout,alignmentX=0.0,alignmentY=0.0,border=,flags=9,maximumSize=,minimumSize=,preferredSize=]
2024-06-25 05:31:24,839 [INFO] UtilMem:75 - End SaveConfig() Used Memory: 681230848 Bytes (1073741824)
2024-06-25 05:31:26,667 [INFO] UtilMem:75 - End SaveConfig() Used Memory: 709544448 Bytes (1073741824)
2024-06-25 05:31:29,300 [INFO] UtilMem:75 - End SaveConfig() Used Memory: 762497512 Bytes (1073741824)
2024-06-25 05:31:29,898 [INFO] BlockDiagram:2759 - set Specific Code input for plugin: ADC
2024-06-25 05:31:29,899 [INFO] BlockDiagram:2759 - set Specific Code input for plugin: SYS
2024-06-25 05:31:29,899 [INFO] BlockDiagram:2759 - set Specific Code input for plugin: RCC
2024-06-25 05:31:29,899 [INFO] BlockDiagram:2759 - set Specific Code input for plugin: NVIC
2024-06-25 05:31:29,899 [INFO] BlockDiagram:2759 - set Specific Code input for plugin: USART
2024-06-25 05:31:29,899 [INFO] BlockDiagram:2759 - set Specific Code input for plugin: GPIO
2024-06-25 05:31:29,900 [INFO] CodeGenerator:807 - code generatio: config db path: C:\ST\STM32CubeIDE_1.10.1\STM32CubeIDE\plugins\com.st.stm32cube.common.mx_6.11.1.202404110753\\db\
2024-06-25 05:31:30,068 [INFO] CodeEngine:255 - oldGeneratedFile, D:\Download\DeleteThis\STMG4Master\MXTmpFiles\license.tmp_save
2024-06-25 05:31:30,447 [INFO] CodeEngine:279 - Generated code: D:\Download\DeleteThis\STMG4Master\MXTmpFiles\license.tmp
2024-06-25 05:31:30,619 [INFO] CodeEngine:255 - oldGeneratedFile, D:\Download\DeleteThis\STMG4Master\MXTmpFiles\gpio.tmp_save
2024-06-25 05:31:30,990 [INFO] CodeEngine:279 - Generated code: D:\Download\DeleteThis\STMG4Master\MXTmpFiles\gpio.tmp
2024-06-25 05:31:31,330 [INFO] CodeEngine:255 - oldGeneratedFile, D:\Download\DeleteThis\STMG4Master\Core\Src\stm32g4xx_it.c_save
2024-06-25 05:31:31,644 [INFO] CodeEngine:279 - Generated code: D:\Download\DeleteThis\STMG4Master\Core\Src\stm32g4xx_it.c
2024-06-25 05:31:31,706 [INFO] CodeEngine:255 - oldGeneratedFile, D:\Download\DeleteThis\STMG4Master\Core\Inc\stm32g4xx_it.h_save
2024-06-25 05:31:31,863 [INFO] CodeEngine:279 - Generated code: D:\Download\DeleteThis\STMG4Master\Core\Inc\stm32g4xx_it.h
2024-06-25 05:31:31,943 [INFO] CodeEngine:255 - oldGeneratedFile, D:\Download\DeleteThis\STMG4Master\Core\Src\stm32g4xx_hal_msp.c_save
2024-06-25 05:31:32,276 [INFO] CodeEngine:279 - Generated code: D:\Download\DeleteThis\STMG4Master\Core\Src\stm32g4xx_hal_msp.c
2024-06-25 05:31:32,295 [INFO] CodeEngine:255 - oldGeneratedFile, D:\Download\DeleteThis\STMG4Master\MXTmpFiles\system.tmp_save
2024-06-25 05:31:32,424 [INFO] CodeEngine:279 - Generated code: D:\Download\DeleteThis\STMG4Master\MXTmpFiles\system.tmp
2024-06-25 05:31:32,497 [INFO] CodeEngine:311 - oldGeneratedFile, D:\Download\DeleteThis\STMG4Master\Core\Inc\stm32g4xx_hal_conf.h_save
2024-06-25 05:31:32,806 [INFO] CodeEngine:335 - Generated code: D:\Download\DeleteThis\STMG4Master\Core\Inc\stm32g4xx_hal_conf.h
2024-06-25 05:31:32,905 [WARN] IPConfigManager:2982 - Warning: the RefConfig RCC_CommonPeriphClockConfig is not available in your config.xml file
2024-06-25 05:31:32,975 [INFO] CodeEngine:255 - oldGeneratedFile, D:\Download\DeleteThis\STMG4Master\Core\Inc\main.h_save
2024-06-25 05:31:33,250 [INFO] CodeEngine:279 - Generated code: D:\Download\DeleteThis\STMG4Master\Core\Inc\main.h
2024-06-25 05:31:33,320 [INFO] CodeEngine:255 - oldGeneratedFile, D:\Download\DeleteThis\STMG4Master\Core\Src\main.c_save
2024-06-25 05:31:33,601 [INFO] CodeEngine:279 - Generated code: D:\Download\DeleteThis\STMG4Master\Core\Src\main.c
2024-06-25 05:31:34,055 [INFO] ProjectBuilder:3163 - Time for Copy HAL[1] : 252mS.
2024-06-25 05:31:34,060 [INFO] ProjectBuilder:4736 - Project Generator version: 4.3.0-B58
2024-06-25 05:31:34,132 [INFO] ConfigFileManager:1503 - The Die is : DIE469
2024-06-25 05:31:34,149 [INFO] ApiDbMcu:508 - Load IP Config File for FATFS
2024-06-25 05:31:34,162 [INFO] ApiDbMcu:508 - Load IP Config File for FREERTOS
2024-06-25 05:31:34,176 [INFO] ApiDbMcu:508 - Load IP Config File for USBPD
2024-06-25 05:31:34,192 [INFO] ApiDbMcu:508 - Load IP Config File for USB_Device
2024-06-25 05:31:34,860 [INFO] LogOutputStream:77 - [STDOUT_REDIRECT] 
2024-06-25 05:31:36,848 [INFO] ProjectBuilder:5002 - Time for Generating toolchain IDE Files: 2788mS.
2024-06-25 05:31:36,849 [INFO] ProjectBuilder:3034 - Time for Copy CMSIS : 0mS.
2024-06-25 05:31:36,850 [INFO] ProjectBuilder:3034 - Time for Copy CMSIS : 0mS.
2024-06-25 05:52:13,928 [INFO] NvicIntPanel:101 - NVIC parent = com.st.microxplorer.plugins.ip.nvic.MultiNvicIntPanel[,0,0,0x0,invalid,layout=javax.swing.BoxLayout,alignmentX=0.0,alignmentY=0.0,border=,flags=9,maximumSize=,minimumSize=,preferredSize=]
2024-06-25 05:52:19,728 [INFO] UtilMem:75 - End SaveConfig() Used Memory: 404035152 Bytes (1073741824)
2024-06-25 05:52:22,151 [INFO] UtilMem:75 - End SaveConfig() Used Memory: 435492432 Bytes (1073741824)
2024-06-25 05:52:26,097 [INFO] UtilMem:75 - End SaveConfig() Used Memory: 488443472 Bytes (1073741824)
2024-06-25 05:52:26,218 [INFO] BlockDiagram:2759 - set Specific Code input for plugin: ADC
2024-06-25 05:52:26,218 [INFO] BlockDiagram:2759 - set Specific Code input for plugin: SYS
2024-06-25 05:52:26,218 [INFO] BlockDiagram:2759 - set Specific Code input for plugin: RCC
2024-06-25 05:52:26,218 [INFO] BlockDiagram:2759 - set Specific Code input for plugin: NVIC
2024-06-25 05:52:26,218 [INFO] BlockDiagram:2759 - set Specific Code input for plugin: USART
2024-06-25 05:52:26,219 [INFO] BlockDiagram:2759 - set Specific Code input for plugin: GPIO
2024-06-25 05:52:26,219 [INFO] CodeGenerator:807 - code generatio: config db path: C:\ST\STM32CubeIDE_1.10.1\STM32CubeIDE\plugins\com.st.stm32cube.common.mx_6.11.1.202404110753\\db\
2024-06-25 05:52:26,276 [INFO] CodeEngine:255 - oldGeneratedFile, D:\Download\DeleteThis\STMG4Master\MXTmpFiles\license.tmp_save
2024-06-25 05:52:26,388 [INFO] CodeEngine:279 - Generated code: D:\Download\DeleteThis\STMG4Master\MXTmpFiles\license.tmp
2024-06-25 05:52:26,422 [INFO] CodeEngine:255 - oldGeneratedFile, D:\Download\DeleteThis\STMG4Master\MXTmpFiles\gpio.tmp_save
2024-06-25 05:52:26,526 [INFO] CodeEngine:279 - Generated code: D:\Download\DeleteThis\STMG4Master\MXTmpFiles\gpio.tmp
2024-06-25 05:52:26,655 [INFO] CodeEngine:255 - oldGeneratedFile, D:\Download\DeleteThis\STMG4Master\Core\Src\stm32g4xx_it.c_save
2024-06-25 05:52:26,812 [INFO] CodeEngine:279 - Generated code: D:\Download\DeleteThis\STMG4Master\Core\Src\stm32g4xx_it.c
2024-06-25 05:52:26,823 [INFO] CodeEngine:255 - oldGeneratedFile, D:\Download\DeleteThis\STMG4Master\Core\Inc\stm32g4xx_it.h_save
2024-06-25 05:52:26,871 [INFO] CodeEngine:279 - Generated code: D:\Download\DeleteThis\STMG4Master\Core\Inc\stm32g4xx_it.h
2024-06-25 05:52:26,900 [INFO] CodeEngine:255 - oldGeneratedFile, D:\Download\DeleteThis\STMG4Master\Core\Src\stm32g4xx_hal_msp.c_save
2024-06-25 05:52:27,002 [INFO] CodeEngine:279 - Generated code: D:\Download\DeleteThis\STMG4Master\Core\Src\stm32g4xx_hal_msp.c
2024-06-25 05:52:27,006 [INFO] CodeEngine:255 - oldGeneratedFile, D:\Download\DeleteThis\STMG4Master\MXTmpFiles\system.tmp_save
2024-06-25 05:52:27,062 [INFO] CodeEngine:279 - Generated code: D:\Download\DeleteThis\STMG4Master\MXTmpFiles\system.tmp
2024-06-25 05:52:27,089 [INFO] CodeEngine:311 - oldGeneratedFile, D:\Download\DeleteThis\STMG4Master\Core\Inc\stm32g4xx_hal_conf.h_save
2024-06-25 05:52:27,192 [INFO] CodeEngine:335 - Generated code: D:\Download\DeleteThis\STMG4Master\Core\Inc\stm32g4xx_hal_conf.h
2024-06-25 05:52:27,236 [WARN] IPConfigManager:2982 - Warning: the RefConfig RCC_CommonPeriphClockConfig is not available in your config.xml file
2024-06-25 05:52:27,263 [INFO] CodeEngine:255 - oldGeneratedFile, D:\Download\DeleteThis\STMG4Master\Core\Inc\main.h_save
2024-06-25 05:52:27,362 [INFO] CodeEngine:279 - Generated code: D:\Download\DeleteThis\STMG4Master\Core\Inc\main.h
2024-06-25 05:52:27,384 [INFO] CodeEngine:255 - oldGeneratedFile, D:\Download\DeleteThis\STMG4Master\Core\Src\main.c_save
2024-06-25 05:52:27,507 [INFO] CodeEngine:279 - Generated code: D:\Download\DeleteThis\STMG4Master\Core\Src\main.c
2024-06-25 05:52:27,788 [INFO] ProjectBuilder:3163 - Time for Copy HAL[1] : 122mS.
2024-06-25 05:52:27,791 [INFO] ProjectBuilder:4736 - Project Generator version: 4.3.0-B58
2024-06-25 05:52:27,851 [INFO] ConfigFileManager:1503 - The Die is : DIE469
2024-06-25 05:52:28,396 [INFO] ProjectBuilder:5002 - Time for Generating toolchain IDE Files: 605mS.
2024-06-25 05:52:28,397 [INFO] ProjectBuilder:3034 - Time for Copy CMSIS : 1mS.
2024-06-25 05:52:28,399 [INFO] ProjectBuilder:3034 - Time for Copy CMSIS : 0mS.
2024-06-25 06:12:32,330 [INFO] NvicIntPanel:101 - NVIC parent = com.st.microxplorer.plugins.ip.nvic.MultiNvicIntPanel[,0,0,450x344,layout=javax.swing.BoxLayout,alignmentX=0.0,alignmentY=0.0,border=,flags=9,maximumSize=,minimumSize=,preferredSize=]
2024-06-25 06:12:33,970 [INFO] NvicIntPanel:101 - NVIC parent = com.st.microxplorer.plugins.ip.nvic.MultiNvicIntPanel[,0,0,0x0,invalid,layout=javax.swing.BoxLayout,alignmentX=0.0,alignmentY=0.0,border=,flags=9,maximumSize=,minimumSize=,preferredSize=]
2024-06-25 06:12:39,549 [INFO] UtilMem:75 - End SaveConfig() Used Memory: 820448024 Bytes (1073741824)
2024-06-25 06:12:40,942 [INFO] UtilMem:75 - End SaveConfig() Used Memory: 850939664 Bytes (1073741824)
2024-06-25 06:12:42,349 [INFO] UtilMem:75 - End SaveConfig() Used Memory: 503604224 Bytes (1073741824)
2024-06-25 06:12:42,443 [INFO] BlockDiagram:2759 - set Specific Code input for plugin: ADC
2024-06-25 06:12:42,443 [INFO] BlockDiagram:2759 - set Specific Code input for plugin: SYS
2024-06-25 06:12:42,443 [INFO] BlockDiagram:2759 - set Specific Code input for plugin: RCC
2024-06-25 06:12:42,443 [INFO] BlockDiagram:2759 - set Specific Code input for plugin: NVIC
2024-06-25 06:12:42,443 [INFO] BlockDiagram:2759 - set Specific Code input for plugin: USART
2024-06-25 06:12:42,444 [INFO] BlockDiagram:2759 - set Specific Code input for plugin: GPIO
2024-06-25 06:12:42,444 [INFO] CodeGenerator:807 - code generatio: config db path: C:\ST\STM32CubeIDE_1.10.1\STM32CubeIDE\plugins\com.st.stm32cube.common.mx_6.11.1.202404110753\\db\
2024-06-25 06:12:42,536 [INFO] CodeEngine:255 - oldGeneratedFile, D:\Download\DeleteThis\STMG4Master\MXTmpFiles\license.tmp_save
2024-06-25 06:12:42,594 [INFO] CodeEngine:279 - Generated code: D:\Download\DeleteThis\STMG4Master\MXTmpFiles\license.tmp
2024-06-25 06:12:42,617 [INFO] CodeEngine:255 - oldGeneratedFile, D:\Download\DeleteThis\STMG4Master\MXTmpFiles\gpio.tmp_save
2024-06-25 06:12:42,675 [INFO] CodeEngine:279 - Generated code: D:\Download\DeleteThis\STMG4Master\MXTmpFiles\gpio.tmp
2024-06-25 06:12:42,769 [INFO] CodeEngine:255 - oldGeneratedFile, D:\Download\DeleteThis\STMG4Master\Core\Src\stm32g4xx_it.c_save
2024-06-25 06:12:42,872 [INFO] CodeEngine:279 - Generated code: D:\Download\DeleteThis\STMG4Master\Core\Src\stm32g4xx_it.c
2024-06-25 06:12:42,890 [INFO] CodeEngine:255 - oldGeneratedFile, D:\Download\DeleteThis\STMG4Master\Core\Inc\stm32g4xx_it.h_save
2024-06-25 06:12:42,941 [INFO] CodeEngine:279 - Generated code: D:\Download\DeleteThis\STMG4Master\Core\Inc\stm32g4xx_it.h
2024-06-25 06:12:42,959 [INFO] CodeEngine:255 - oldGeneratedFile, D:\Download\DeleteThis\STMG4Master\Core\Src\stm32g4xx_hal_msp.c_save
2024-06-25 06:12:43,036 [INFO] CodeEngine:279 - Generated code: D:\Download\DeleteThis\STMG4Master\Core\Src\stm32g4xx_hal_msp.c
2024-06-25 06:12:43,042 [INFO] CodeEngine:255 - oldGeneratedFile, D:\Download\DeleteThis\STMG4Master\MXTmpFiles\system.tmp_save
2024-06-25 06:12:43,083 [INFO] CodeEngine:279 - Generated code: D:\Download\DeleteThis\STMG4Master\MXTmpFiles\system.tmp
2024-06-25 06:12:43,098 [INFO] CodeEngine:311 - oldGeneratedFile, D:\Download\DeleteThis\STMG4Master\Core\Inc\stm32g4xx_hal_conf.h_save
2024-06-25 06:12:43,160 [INFO] CodeEngine:335 - Generated code: D:\Download\DeleteThis\STMG4Master\Core\Inc\stm32g4xx_hal_conf.h
2024-06-25 06:12:43,172 [WARN] IPConfigManager:2982 - Warning: the RefConfig RCC_CommonPeriphClockConfig is not available in your config.xml file
2024-06-25 06:12:43,188 [INFO] CodeEngine:255 - oldGeneratedFile, D:\Download\DeleteThis\STMG4Master\Core\Inc\main.h_save
2024-06-25 06:12:43,246 [INFO] CodeEngine:279 - Generated code: D:\Download\DeleteThis\STMG4Master\Core\Inc\main.h
2024-06-25 06:12:43,260 [INFO] CodeEngine:255 - oldGeneratedFile, D:\Download\DeleteThis\STMG4Master\Core\Src\main.c_save
2024-06-25 06:12:43,339 [INFO] CodeEngine:279 - Generated code: D:\Download\DeleteThis\STMG4Master\Core\Src\main.c
2024-06-25 06:12:43,555 [INFO] ProjectBuilder:3163 - Time for Copy HAL[1] : 120mS.
2024-06-25 06:12:43,557 [INFO] ProjectBuilder:4736 - Project Generator version: 4.3.0-B58
2024-06-25 06:12:43,599 [INFO] ConfigFileManager:1503 - The Die is : DIE469
2024-06-25 06:12:44,085 [INFO] ProjectBuilder:5002 - Time for Generating toolchain IDE Files: 528mS.
2024-06-25 06:12:44,086 [INFO] ProjectBuilder:3034 - Time for Copy CMSIS : 1mS.
2024-06-25 06:12:44,087 [INFO] ProjectBuilder:3034 - Time for Copy CMSIS : 0mS.
2024-06-25 11:45:33,394 [ERROR] LogOutputStream:75 - [STDERR_REDIRECT] 
