2024-11-13 09:24:16,391 [INFO] Activator:176 - 


2024-11-13 09:24:16,396 [INFO] Activator:177 - !SESSION log4j initialized
2024-11-13 09:24:24,311 [INFO] LogOutputStream:77 - [STDOUT_REDIRECT] 
2024-11-13 09:24:29,822 [INFO] ApplicationProperties:184 - Using Application install path: C:\ST\STM32CubeIDE_1.10.1\STM32CubeIDE\plugins\com.st.stm32cube.common.mx_6.11.1.202404110753
2024-11-13 09:24:29,845 [INFO] DbMcusXml:78 - Set database path to: C:\ST\STM32CubeIDE_1.10.1\STM32CubeIDE\plugins\com.st.stm32cube.common.mx_6.11.1.202404110753\\db\/mcu/
2024-11-13 09:24:29,846 [INFO] ApiDb:274 - Set plugin database path to: C:\ST\STM32CubeIDE_1.10.1\STM32CubeIDE\plugins\com.st.stm32cube.common.mx_6.11.1.202404110753\\db\/plugins/boardmanager/
2024-11-13 09:24:29,846 [WARN] ApiDb:259 - Overriding images path with different value:  => C:\ST\STM32CubeIDE_1.10.1\STM32CubeIDE\plugins\com.st.stm32cube.common.mx_6.11.1.202404110753\\db\/plugins/mcufinder/images/
2024-11-13 09:24:29,857 [INFO] ApiDb:250 - Set database path to: C:\Users\saksh\.stmcufinder\plugins\mcufinder//mcu/
2024-11-13 09:24:29,859 [INFO] DbMcusAds:125 - Set database path to: C:\Users\saksh\.stmcufinder\plugins\mcufinder//mcu/
2024-11-13 09:24:29,860 [INFO] CrossReferenceDbSqlite:203 - Set database path to: C:\Users\saksh\.stmcufinder\plugins\mcufinder//mcu/cs/
2024-11-13 09:24:30,000 [INFO] RulesReader:64 - Compatibility file has been processed (297 Rules)
2024-11-13 09:24:30,096 [INFO] DbMcusXml:78 - Set database path to: C:\ST\STM32CubeIDE_1.10.1\STM32CubeIDE\plugins\com.st.stm32cube.common.mx_6.11.1.202404110753\\db\/mcu/
2024-11-13 09:24:30,096 [INFO] ApiDb:274 - Set plugin database path to: C:\ST\STM32CubeIDE_1.10.1\STM32CubeIDE\plugins\com.st.stm32cube.common.mx_6.11.1.202404110753\\db\/plugins/boardmanager/
2024-11-13 09:24:30,096 [INFO] ApiDb:261 - Set plugin images path to: C:\ST\STM32CubeIDE_1.10.1\STM32CubeIDE\plugins\com.st.stm32cube.common.mx_6.11.1.202404110753\\db\/plugins/mcufinder/images/
2024-11-13 09:24:30,096 [WARN] DbFile:41 - Overriding database path with different value: C:\Users\saksh\.stmcufinder\plugins\mcufinder/ => C:\Users\saksh\.stmcufinder\plugins\mcufinder
2024-11-13 09:24:30,096 [INFO] ApiDb:250 - Set database path to: C:\Users\saksh\.stmcufinder\plugins\mcufinder//mcu/
2024-11-13 09:24:30,096 [WARN] DbFile:41 - Overriding database path with different value: C:\Users\saksh\.stmcufinder\plugins\mcufinder/ => C:\Users\saksh\.stmcufinder\plugins\mcufinder
2024-11-13 09:24:30,097 [INFO] DbMcusAds:125 - Set database path to: C:\Users\saksh\.stmcufinder\plugins\mcufinder//mcu/
2024-11-13 09:24:30,097 [WARN] DbFile:41 - Overriding database path with different value: C:\Users\saksh\.stmcufinder\plugins\mcufinder/ => C:\Users\saksh\.stmcufinder\plugins\mcufinder
2024-11-13 09:24:30,097 [WARN] DbFile:41 - Overriding database path with different value: C:\Users\saksh\.stmcufinder\plugins\mcufinder/ => C:\Users\saksh\.stmcufinder\plugins\mcufinder
2024-11-13 09:24:30,097 [INFO] CrossReferenceDbSqlite:203 - Set database path to: C:\Users\saksh\.stmcufinder\plugins\mcufinder//mcu/cs/
2024-11-13 09:24:30,191 [INFO] MainPanel:264 - HeapMemory: 268435456
2024-11-13 09:24:30,307 [INFO] DbMcusXml:78 - Set database path to: C:\ST\STM32CubeIDE_1.10.1\STM32CubeIDE\plugins\com.st.stm32cube.common.mx_6.11.1.202404110753\\db\/mcu/
2024-11-13 09:24:30,307 [INFO] ApiDb:274 - Set plugin database path to: C:\ST\STM32CubeIDE_1.10.1\STM32CubeIDE\plugins\com.st.stm32cube.common.mx_6.11.1.202404110753\\db\/plugins/boardmanager/
2024-11-13 09:24:30,308 [INFO] ApiDb:261 - Set plugin images path to: C:\ST\STM32CubeIDE_1.10.1\STM32CubeIDE\plugins\com.st.stm32cube.common.mx_6.11.1.202404110753\\db\/plugins/mcufinder/images/
2024-11-13 09:24:30,308 [WARN] DbFile:41 - Overriding database path with different value: C:\Users\saksh\.stmcufinder\plugins\mcufinder/ => C:\Users\saksh\.stmcufinder\plugins\mcufinder
2024-11-13 09:24:30,308 [INFO] ApiDb:250 - Set database path to: C:\Users\saksh\.stmcufinder\plugins\mcufinder//mcu/
2024-11-13 09:24:30,308 [WARN] DbFile:41 - Overriding database path with different value: C:\Users\saksh\.stmcufinder\plugins\mcufinder/ => C:\Users\saksh\.stmcufinder\plugins\mcufinder
2024-11-13 09:24:30,308 [INFO] DbMcusAds:125 - Set database path to: C:\Users\saksh\.stmcufinder\plugins\mcufinder//mcu/
2024-11-13 09:24:30,308 [WARN] DbFile:41 - Overriding database path with different value: C:\Users\saksh\.stmcufinder\plugins\mcufinder/ => C:\Users\saksh\.stmcufinder\plugins\mcufinder
2024-11-13 09:24:30,308 [WARN] DbFile:41 - Overriding database path with different value: C:\Users\saksh\.stmcufinder\plugins\mcufinder/ => C:\Users\saksh\.stmcufinder\plugins\mcufinder
2024-11-13 09:24:30,309 [INFO] CrossReferenceDbSqlite:203 - Set database path to: C:\Users\saksh\.stmcufinder\plugins\mcufinder//mcu/cs/
2024-11-13 09:24:30,330 [INFO] ApplicationProperties:184 - Using Application install path: C:\ST\STM32CubeIDE_1.10.1\STM32CubeIDE\plugins\com.st.stm32cube.common.mx_6.11.1.202404110753
2024-11-13 09:24:30,332 [INFO] PluginManage:196 - Search for loadable plugins [exclusion list=, ]
2024-11-13 09:24:30,334 [INFO] PluginManage:310 - Check plugin analytics
2024-11-13 09:24:30,514 [INFO] AnalyticsPlugin:253 - Accepted Software Licenses: 
2024-11-13 09:24:30,514 [INFO] AnalyticsPlugin:255 - Accepted CMSIS Pack Licenses: 
2024-11-13 09:24:30,514 [INFO] AnalyticsPlugin:257 - Accepted Firmware Licenses: FW.H7.1.10.0,FW.G4.1.5.0
2024-11-13 09:24:30,517 [INFO] PluginManage:359 - Loaded plugin analytics (category:tool,tabindex:-1)
2024-11-13 09:24:30,517 [INFO] PluginManage:310 - Check plugin cadmodel
2024-11-13 09:24:30,537 [INFO] CADModel:105 - Init CAD model plugin
2024-11-13 09:24:30,537 [INFO] PluginManage:359 - Loaded plugin cadmodel (category:power,tabindex:5)
2024-11-13 09:24:30,537 [INFO] PluginManage:310 - Check plugin clock
2024-11-13 09:24:30,561 [INFO] PluginManage:359 - Loaded plugin clock (category:base,tabindex:2)
2024-11-13 09:24:30,562 [INFO] PluginManage:310 - Check plugin ddr
2024-11-13 09:24:30,564 [INFO] PluginManage:359 - Loaded plugin ddr (category:tool,tabindex:6)
2024-11-13 09:24:30,564 [INFO] PluginManage:310 - Check plugin filemanager
2024-11-13 09:24:30,716 [INFO] PluginManage:359 - Loaded plugin filemanager (category:base,tabindex:10)
2024-11-13 09:24:30,716 [INFO] PluginManage:310 - Check plugin ipmanager
2024-11-13 09:24:30,726 [INFO] PluginManage:359 - Loaded plugin ipmanager (category:base,tabindex:5)
2024-11-13 09:24:30,726 [INFO] PluginManage:310 - Check plugin lpbam
2024-11-13 09:24:30,750 [INFO] PluginManage:359 - Loaded plugin lpbam (category:base,tabindex:0)
2024-11-13 09:24:30,751 [INFO] PluginManage:310 - Check plugin memorymap
2024-11-13 09:24:30,777 [INFO] PluginManage:359 - Loaded plugin memorymap (category:base,tabindex:4)
2024-11-13 09:24:30,777 [INFO] PluginManage:310 - Check plugin pinoutandconfiguration
2024-11-13 09:24:30,799 [INFO] PluginManage:359 - Loaded plugin pinoutandconfiguration (category:base,tabindex:1)
2024-11-13 09:24:30,799 [INFO] PluginManage:310 - Check plugin pinoutconfig
2024-11-13 09:24:30,914 [WARN] SupportedApi:132 - Cannot load RTOS API schema: s4s-elt-must-match.1: The content of 'definitions' must match (annotation?, (simpleType | complexType)?, (unique | key | keyref)*)). A problem was found starting at: attribute.
2024-11-13 09:24:31,096 [INFO] PluginManage:359 - Loaded plugin pinoutconfig (category:base,tabindex:0)
2024-11-13 09:24:31,096 [INFO] PluginManage:310 - Check plugin power
2024-11-13 09:24:31,121 [INFO] PluginManage:359 - Loaded plugin power (category:power,tabindex:4)
2024-11-13 09:24:31,122 [INFO] PluginManage:310 - Check plugin projectmanager
2024-11-13 09:24:31,143 [INFO] PluginManage:359 - Loaded plugin projectmanager (category:projectmanager,tabindex:3)
2024-11-13 09:24:31,143 [INFO] PluginManage:310 - Check plugin thirdparty
2024-11-13 09:24:31,493 [INFO] PluginManage:359 - Loaded plugin thirdparty (category:base,tabindex:-1)
2024-11-13 09:24:31,493 [WARN] IntegrityCheckThread:84 - waiting for thirdparty lock release [integrity check]
2024-11-13 09:24:31,494 [INFO] PluginManage:310 - Check plugin tools
2024-11-13 09:24:31,494 [INFO] IntegrityCheckThread:86 - entering critical section [integrity check]
2024-11-13 09:24:31,494 [INFO] ThirdPartyUpdaterWithRetryManager:70 - Updater plugin not ready yet. [1/15]
2024-11-13 09:24:31,535 [INFO] PluginManage:359 - Loaded plugin tools (category:base,tabindex:7)
2024-11-13 09:24:31,535 [INFO] PluginManage:310 - Check plugin tutovideos
2024-11-13 09:24:31,768 [INFO] PluginManage:359 - Loaded plugin tutovideos (category:base,tabindex:-1)
2024-11-13 09:24:31,768 [INFO] PluginManage:310 - Check plugin updater
2024-11-13 09:24:31,784 [INFO] PluginManage:359 - Loaded plugin updater (category:base,tabindex:12)
2024-11-13 09:24:31,784 [INFO] PluginManage:310 - Check plugin userauth
2024-11-13 09:24:31,792 [INFO] UserAuth:114 - Init User Auth plugin
2024-11-13 09:24:31,792 [INFO] PluginManage:359 - Loaded plugin userauth (category:base,tabindex:14)
2024-11-13 09:24:31,793 [INFO] PluginManage:283 - PluginManage : Loaded plugins [17]
2024-11-13 09:24:32,063 [INFO] PinOutPanel:1561 - setPackage(No Configuration,No Configuration)
2024-11-13 09:24:32,158 [INFO] CADModel:165 - CPN selected for project level
2024-11-13 09:24:32,158 [INFO] CADModel:114 - Register for checkConnection events
2024-11-13 09:24:32,192 [INFO] IPUIPlugin:80 - create IPUIPlugin
2024-11-13 09:24:32,192 [INFO] PluginManager:220 - loadIPPluginJar : add adc
2024-11-13 09:24:32,239 [INFO] IPUIPlugin:80 - create IPUIPlugin
2024-11-13 09:24:32,239 [INFO] PluginManager:220 - loadIPPluginJar : add aes
2024-11-13 09:24:32,289 [INFO] IPUIPlugin:80 - create IPUIPlugin
2024-11-13 09:24:32,289 [INFO] PluginManager:220 - loadIPPluginJar : add can
2024-11-13 09:24:32,318 [INFO] IPUIPlugin:80 - create IPUIPlugin
2024-11-13 09:24:32,318 [INFO] PluginManager:220 - loadIPPluginJar : add comp
2024-11-13 09:24:32,363 [INFO] IPUIPlugin:80 - create IPUIPlugin
2024-11-13 09:24:32,363 [INFO] PluginManager:220 - loadIPPluginJar : add cryp
2024-11-13 09:24:32,401 [INFO] IPUIPlugin:80 - create IPUIPlugin
2024-11-13 09:24:32,402 [INFO] PluginManager:220 - loadIPPluginJar : add dfsdm
2024-11-13 09:24:32,419 [INFO] IPUIPlugin:80 - create IPUIPlugin
2024-11-13 09:24:32,420 [INFO] PluginManager:220 - loadIPPluginJar : add dma
2024-11-13 09:24:32,473 [INFO] IPUIPlugin:80 - create IPUIPlugin
2024-11-13 09:24:32,473 [INFO] PluginManager:220 - loadIPPluginJar : add dma3
2024-11-13 09:24:32,527 [INFO] IPUIPlugin:80 - create IPUIPlugin
2024-11-13 09:24:32,527 [INFO] PluginManager:220 - loadIPPluginJar : add extmemmanager
2024-11-13 09:24:32,552 [INFO] IPUIPlugin:80 - create IPUIPlugin
2024-11-13 09:24:32,553 [INFO] PluginManager:220 - loadIPPluginJar : add fatfs
2024-11-13 09:24:32,610 [INFO] IPUIPlugin:80 - create IPUIPlugin
2024-11-13 09:24:32,611 [INFO] PluginManager:220 - loadIPPluginJar : add fmc
2024-11-13 09:24:32,630 [INFO] IPUIPlugin:80 - create IPUIPlugin
2024-11-13 09:24:32,631 [INFO] PluginManager:220 - loadIPPluginJar : add freertos
2024-11-13 09:24:32,656 [INFO] IPUIPlugin:80 - create IPUIPlugin
2024-11-13 09:24:32,656 [INFO] PluginManager:220 - loadIPPluginJar : add genericplugin
2024-11-13 09:24:32,768 [INFO] IPUIPlugin:80 - create IPUIPlugin
2024-11-13 09:24:32,768 [INFO] PluginManager:220 - loadIPPluginJar : add gfxmmu
2024-11-13 09:24:32,924 [INFO] IPUIPlugin:80 - create IPUIPlugin
2024-11-13 09:24:32,924 [INFO] PluginManager:220 - loadIPPluginJar : add gic
2024-11-13 09:24:32,941 [INFO] IPUIPlugin:80 - create IPUIPlugin
2024-11-13 09:24:32,941 [INFO] PluginManager:220 - loadIPPluginJar : add gpio
2024-11-13 09:24:33,049 [INFO] IPUIPlugin:80 - create IPUIPlugin
2024-11-13 09:24:33,049 [INFO] PluginManager:220 - loadIPPluginJar : add gtzc
2024-11-13 09:24:33,088 [INFO] IPUIPlugin:80 - create IPUIPlugin
2024-11-13 09:24:33,088 [INFO] PluginManager:220 - loadIPPluginJar : add hash
2024-11-13 09:24:33,151 [INFO] IPUIPlugin:80 - create IPUIPlugin
2024-11-13 09:24:33,151 [INFO] PluginManager:220 - loadIPPluginJar : add i2c
2024-11-13 09:24:33,196 [INFO] IPUIPlugin:80 - create IPUIPlugin
2024-11-13 09:24:33,196 [INFO] PluginManager:220 - loadIPPluginJar : add i2s
2024-11-13 09:24:33,245 [INFO] IPUIPlugin:80 - create IPUIPlugin
2024-11-13 09:24:33,246 [INFO] PluginManager:220 - loadIPPluginJar : add i3c
2024-11-13 09:24:33,368 [INFO] IPUIPlugin:80 - create IPUIPlugin
2024-11-13 09:24:33,368 [INFO] PluginManager:220 - loadIPPluginJar : add ipddr
2024-11-13 09:24:33,479 [INFO] IPUIPlugin:80 - create IPUIPlugin
2024-11-13 09:24:33,479 [INFO] PluginManager:220 - loadIPPluginJar : add linkedlist
2024-11-13 09:24:33,523 [INFO] IPUIPlugin:80 - create IPUIPlugin
2024-11-13 09:24:33,523 [INFO] PluginManager:220 - loadIPPluginJar : add lorawan
2024-11-13 09:24:33,567 [INFO] IPUIPlugin:80 - create IPUIPlugin
2024-11-13 09:24:33,567 [INFO] PluginManager:220 - loadIPPluginJar : add ltdc
2024-11-13 09:24:33,585 [INFO] IPUIPlugin:80 - create IPUIPlugin
2024-11-13 09:24:33,585 [INFO] PluginManager:220 - loadIPPluginJar : add mdma
2024-11-13 09:24:33,599 [INFO] IPUIPlugin:80 - create IPUIPlugin
2024-11-13 09:24:33,599 [INFO] PluginManager:220 - loadIPPluginJar : add nvic
2024-11-13 09:24:33,644 [INFO] IPUIPlugin:80 - create IPUIPlugin
2024-11-13 09:24:33,645 [INFO] PluginManager:220 - loadIPPluginJar : add opamp
2024-11-13 09:24:33,720 [INFO] IPUIPlugin:80 - create IPUIPlugin
2024-11-13 09:24:33,720 [INFO] PluginManager:220 - loadIPPluginJar : add openamp
2024-11-13 09:24:33,772 [INFO] IPUIPlugin:80 - create IPUIPlugin
2024-11-13 09:24:33,772 [INFO] PluginManager:220 - loadIPPluginJar : add pdm2pcm
2024-11-13 09:24:33,788 [INFO] IPUIPlugin:80 - create IPUIPlugin
2024-11-13 09:24:33,791 [INFO] PluginManager:220 - loadIPPluginJar : add plateformsettings
2024-11-13 09:24:33,821 [INFO] IPUIPlugin:80 - create IPUIPlugin
2024-11-13 09:24:33,821 [INFO] PluginManager:220 - loadIPPluginJar : add quadspi
2024-11-13 09:24:33,836 [INFO] IPUIPlugin:80 - create IPUIPlugin
2024-11-13 09:24:33,836 [INFO] PluginManager:220 - loadIPPluginJar : add resmgrutility
2024-11-13 09:24:33,893 [INFO] IPUIPlugin:80 - create IPUIPlugin
2024-11-13 09:24:33,893 [INFO] PluginManager:220 - loadIPPluginJar : add sai
2024-11-13 09:24:33,937 [INFO] IPUIPlugin:80 - create IPUIPlugin
2024-11-13 09:24:33,937 [INFO] PluginManager:220 - loadIPPluginJar : add spi
2024-11-13 09:24:34,019 [INFO] IPUIPlugin:80 - create IPUIPlugin
2024-11-13 09:24:34,019 [INFO] PluginManager:220 - loadIPPluginJar : add stm32_wpan
2024-11-13 09:24:34,048 [INFO] IPUIPlugin:80 - create IPUIPlugin
2024-11-13 09:24:34,049 [INFO] PluginManager:220 - loadIPPluginJar : add tim
2024-11-13 09:24:34,121 [INFO] IPUIPlugin:80 - create IPUIPlugin
2024-11-13 09:24:34,121 [INFO] PluginManager:220 - loadIPPluginJar : add touchsensing
2024-11-13 09:24:34,150 [INFO] IPUIPlugin:80 - create IPUIPlugin
2024-11-13 09:24:34,150 [INFO] PluginManager:220 - loadIPPluginJar : add tracer_emb
2024-11-13 09:24:34,179 [INFO] IPUIPlugin:80 - create IPUIPlugin
2024-11-13 09:24:34,179 [INFO] PluginManager:220 - loadIPPluginJar : add ts
2024-11-13 09:24:34,207 [INFO] IPUIPlugin:80 - create IPUIPlugin
2024-11-13 09:24:34,207 [INFO] PluginManager:220 - loadIPPluginJar : add tsc
2024-11-13 09:24:34,234 [INFO] IPUIPlugin:80 - create IPUIPlugin
2024-11-13 09:24:34,234 [INFO] PluginManager:220 - loadIPPluginJar : add ucpd
2024-11-13 09:24:34,285 [INFO] IPUIPlugin:80 - create IPUIPlugin
2024-11-13 09:24:34,285 [INFO] PluginManager:220 - loadIPPluginJar : add usart
2024-11-13 09:24:34,336 [INFO] IPUIPlugin:80 - create IPUIPlugin
2024-11-13 09:24:34,336 [INFO] PluginManager:220 - loadIPPluginJar : add usbx
2024-11-13 09:24:34,476 [INFO] CADModel:165 - CPN selected for project level
2024-11-13 09:24:34,476 [INFO] CADModel:114 - Register for checkConnection events
2024-11-13 09:24:34,476 [FATAL] Updater:308 - Updater called before beeing initialized
2024-11-13 09:24:34,476 [ERROR] CADModel:125 - Updater not yet initialized, retry later 
2024-11-13 09:24:34,497 [INFO] ThirdPartyUpdaterWithRetryManager:70 - Updater plugin not ready yet. [2/15]
2024-11-13 09:24:34,645 [INFO] CADModel:165 - CPN selected for project level
2024-11-13 09:24:34,645 [INFO] CADModel:114 - Register for checkConnection events
2024-11-13 09:24:34,645 [FATAL] Updater:308 - Updater called before beeing initialized
2024-11-13 09:24:34,645 [ERROR] CADModel:125 - Updater not yet initialized, retry later 
2024-11-13 09:24:34,649 [FATAL] Updater:308 - Updater called before beeing initialized
2024-11-13 09:24:34,769 [FATAL] Updater:308 - Updater called before beeing initialized
2024-11-13 09:24:34,783 [INFO] DbMcusAds:53 - JSON generation date=Fri Sep 20 18:34:38 IST 2024 (1726837478367)
2024-11-13 09:24:34,783 [FATAL] Updater:308 - Updater called before beeing initialized
2024-11-13 09:24:34,881 [WARN] DetailPanel:346 - Failed to get advertising image, set to default
2024-11-13 09:24:34,995 [FATAL] Updater:308 - Updater called before beeing initialized
2024-11-13 09:24:34,998 [FATAL] Updater:308 - Updater called before beeing initialized
2024-11-13 09:24:34,998 [FATAL] Updater:308 - Updater called before beeing initialized
2024-11-13 09:24:34,998 [WARN] DetailPanel:346 - Failed to get advertising image, set to default
2024-11-13 09:24:34,999 [FATAL] Updater:308 - Updater called before beeing initialized
2024-11-13 09:24:35,097 [ERROR] Updater:1120 - MainUpdater not yet initialized. External WinMGr cannot be set.
2024-11-13 09:24:35,123 [INFO] Updater:1056 - Updater Version found : 6.11.1
2024-11-13 09:24:35,145 [INFO] ApplicationProperties:184 - Using Application install path: C:\ST\STM32CubeIDE_1.10.1\STM32CubeIDE\plugins\com.st.stm32cube.common.mx_6.11.1.202404110753
2024-11-13 09:24:36,759 [ERROR] LogOutputStream:75 - [STDERR_REDIRECT] Nov 13, 2024 9:24:36 AM java.util.prefs.WindowsPreferences <init>
2024-11-13 09:24:36,760 [ERROR] LogOutputStream:75 - [STDERR_REDIRECT] WARNING: Could not open/create prefs root node Software\JavaSoft\Prefs at root 0xffffffff80000002. Windows RegCreateKeyEx(...) returned error code 5.
2024-11-13 09:24:36,760 [ERROR] LogOutputStream:75 - [STDERR_REDIRECT] 
2024-11-13 09:24:37,494 [INFO] MainUpdater:2873 - connection check result : 10
2024-11-13 09:24:37,495 [INFO] MainUpdater:290 - Updater Check For Update Now.
2024-11-13 09:24:37,495 [INFO] MicroXplorer:498 - Change Database Version : DB.6.0.111
2024-11-13 09:24:37,497 [WARN] MainUpdater:1194 - Updater busy. Cannot search thirdparties
2024-11-13 09:24:37,497 [INFO] ThirdPartyUpdaterWithRetryManager:96 - Updater plugin is busy. [1/15]
2024-11-13 09:24:37,516 [INFO] McuFinderGlobals:63 - Set McuFinder mode to 2 (CubeIDE integrated)
2024-11-13 09:24:37,516 [INFO] UserAuth:179 - activating auth plugin
2024-11-13 09:24:37,519 [INFO] UserAuth:415 - Internet connection configuration mode: 1
2024-11-13 09:24:37,554 [INFO] JxBrowserEngine:152 - Initiate JxBrowser Engine with user profile folder
2024-11-13 09:24:37,811 [INFO] CheckServerUpdateThread:120 - End of CheckServer Thread
2024-11-13 09:24:40,778 [WARN] PackLoader:240 - Cannot read IP mode file for STMicroelectronics.FP-SNS-MOTENVWB1.1.4.0
2024-11-13 09:24:40,798 [WARN] PackLoader:240 - Cannot read IP mode file for STMicroelectronics.X-CUBE-SMBUS.2.1.0
2024-11-13 09:24:40,821 [WARN] PackLoader:240 - Cannot read IP mode file for STMicroelectronics.X-CUBE-WB05N.1.1.0
2024-11-13 09:24:40,842 [WARN] PackLoader:240 - Cannot read IP mode file for STMicroelectronics.X-CUBE-TOUCHGFX.4.23.1
2024-11-13 09:24:40,859 [WARN] PackLoader:240 - Cannot read IP mode file for STMicroelectronics.X-CUBE-TOUCHGFX.4.23.0
2024-11-13 09:24:40,877 [WARN] PackLoader:240 - Cannot read IP mode file for STMicroelectronics.X-CUBE-TOUCHGFX.4.23.2
2024-11-13 09:24:40,929 [WARN] PackLoader:240 - Cannot read IP mode file for STMicroelectronics.X-CUBE-AZRTOS-F7.1.1.0
2024-11-13 09:24:40,956 [ERROR] RealEvaluatedCondition:428 - Found unsupported composite condition: CLASS='Data Exchange' GROUP='STM32_MetaDataManager'
2024-11-13 09:24:40,956 [ERROR] RealEvaluatedCondition:428 - Found unsupported composite condition: CLASS='Data Exchange' GROUP='STM32_MetaDataManager'
2024-11-13 09:24:40,958 [WARN] PackLoader:240 - Cannot read IP mode file for STMicroelectronics.FP-SNS-MOTENV1.4.3.0
2024-11-13 09:24:40,982 [WARN] PackLoader:240 - Cannot read IP mode file for STMicroelectronics.FP-SNS-MOTENV1.4.3.2
2024-11-13 09:24:41,001 [WARN] PackLoader:240 - Cannot read IP mode file for STMicroelectronics.FP-SNS-FLIGHT1.5.0.0
2024-11-13 09:24:41,021 [ERROR] RealEvaluatedCondition:428 - Found unsupported composite condition: GROUP='STM32_MetaDataManager' CLASS='Data Exchange'
2024-11-13 09:24:41,021 [ERROR] RealEvaluatedCondition:428 - Found unsupported composite condition: GROUP='STM32_MetaDataManager' CLASS='Data Exchange'
2024-11-13 09:24:41,022 [WARN] PackLoader:240 - Cannot read IP mode file for STMicroelectronics.FP-SNS-MOTENV1.4.3.1
2024-11-13 09:24:41,040 [WARN] PackLoader:240 - Cannot read IP mode file for STMicroelectronics.FP-SNS-FLIGHT1.5.0.1
2024-11-13 09:24:41,059 [WARN] PackLoader:240 - Cannot read IP mode file for STMicroelectronics.X-CUBE-BLE1.6.2.3
2024-11-13 09:24:41,160 [WARN] PackLoader:240 - Cannot read IP mode file for STMicroelectronics.X-CUBE-MEMS1.11.0.0
2024-11-13 09:24:41,389 [WARN] PackLoader:240 - Cannot read IP mode file for STMicroelectronics.X-CUBE-BLE1.6.2.4
2024-11-13 09:24:41,409 [WARN] PackLoader:240 - Cannot read IP mode file for STMicroelectronics.FP-SNS-FLIGHT1.5.0.2
2024-11-13 09:24:41,434 [WARN] PackLoader:240 - Cannot read IP mode file for STMicroelectronics.X-CUBE-TOF1.3.1.0
2024-11-13 09:24:41,461 [WARN] PackLoader:240 - Cannot read IP mode file for STMicroelectronics.X-CUBE-DISPLAY.3.0.0
2024-11-13 09:24:41,482 [WARN] PackLoader:240 - Cannot read IP mode file for STMicroelectronics.X-CUBE-BLE1.7.0.0
2024-11-13 09:24:41,509 [WARN] PackLoader:240 - Cannot read IP mode file for STMicroelectronics.X-CUBE-NFC10.1.0.0
2024-11-13 09:24:41,528 [WARN] PackLoader:240 - Cannot read IP mode file for STMicroelectronics.X-CUBE-TOUCHGFX.4.22.0
2024-11-13 09:24:41,619 [WARN] PackLoader:240 - Cannot read IP mode file for STMicroelectronics.X-CUBE-MEMS1.9.3.0
2024-11-13 09:24:41,791 [WARN] PackLoader:240 - Cannot read IP mode file for STMicroelectronics.X-CUBE-AI.7.2.0
2024-11-13 09:24:41,818 [WARN] PackLoader:240 - Cannot read IP mode file for STMicroelectronics.X-CUBE-BLEMGR.3.1.0
2024-11-13 09:24:41,840 [WARN] PackLoader:240 - Cannot read IP mode file for STMicroelectronics.FP-SNS-SMARTAG2.1.2.0
2024-11-13 09:24:41,870 [INFO] LogOutputStream:77 - [STDOUT_REDIRECT] 1 : Invalid condition id : UX_CORESTACK_Condition cause : null
2024-11-13 09:24:41,872 [INFO] LogOutputStream:77 - [STDOUT_REDIRECT] 1 : Invalid condition id : UX_CORESTACK_Condition cause : null
2024-11-13 09:24:41,873 [INFO] LogOutputStream:77 - [STDOUT_REDIRECT] 1 : Invalid condition id : UX_CORESTACK_Condition cause : null
2024-11-13 09:24:41,875 [INFO] LogOutputStream:77 - [STDOUT_REDIRECT] 1 : Invalid condition id : UX_CORESTACK_Condition cause : null
2024-11-13 09:24:41,875 [INFO] LogOutputStream:77 - [STDOUT_REDIRECT] 1 : Invalid condition id : UX_CORESTACK_Condition cause : null
2024-11-13 09:24:41,881 [WARN] PackLoader:240 - Cannot read IP mode file for STMicroelectronics.X-CUBE-AZRTOS-WL.2.0.0
2024-11-13 09:24:41,900 [WARN] PackLoader:240 - Cannot read IP mode file for STMicroelectronics.FP-SNS-MOTENV1.5.0.0
2024-11-13 09:24:41,918 [WARN] PackLoader:240 - Cannot read IP mode file for wolfSSL.I-CUBE-wolfMQTT.1.19.0
2024-11-13 09:24:41,940 [WARN] PackLoader:240 - Cannot read IP mode file for WES.I-CUBE-Cesium.1.3.0
2024-11-13 09:24:41,960 [WARN] PackLoader:240 - Cannot read IP mode file for STMicroelectronics.X-CUBE-BLE2.3.3.0
2024-11-13 09:24:41,981 [WARN] PackLoader:240 - Cannot read IP mode file for STMicroelectronics.X-CUBE-DISPLAY.2.2.0
2024-11-13 09:24:42,010 [WARN] PackLoader:240 - Cannot read IP mode file for STMicroelectronics.X-CUBE-TOF1.3.2.0
2024-11-13 09:24:42,038 [WARN] PackLoader:240 - Cannot read IP mode file for STMicroelectronics.X-CUBE-ISPU.1.0.0
2024-11-13 09:24:42,059 [WARN] PackLoader:240 - Cannot read IP mode file for STMicroelectronics.X-CUBE-NFC9.1.0.0
2024-11-13 09:24:42,098 [WARN] PackLoader:240 - Cannot read IP mode file for STMicroelectronics.X-CUBE-AZRTOS-H7.2.1.0
2024-11-13 09:24:42,118 [WARN] PackLoader:240 - Cannot read IP mode file for STMicroelectronics.X-CUBE-TCPP.4.1.0
2024-11-13 09:24:42,140 [WARN] PackLoader:240 - Cannot read IP mode file for STMicroelectronics.X-CUBE-TOUCHGFX.4.21.1
2024-11-13 09:24:42,158 [WARN] PackLoader:240 - Cannot read IP mode file for STMicroelectronics.X-CUBE-TOUCHGFX.4.21.3
2024-11-13 09:24:42,175 [WARN] PackLoader:240 - Cannot read IP mode file for STMicroelectronics.X-CUBE-TOUCHGFX.4.21.4
2024-11-13 09:24:42,257 [WARN] PackLoader:240 - Cannot read IP mode file for STMicroelectronics.X-CUBE-MEMS1.9.4.0
2024-11-13 09:24:42,391 [WARN] PackLoader:240 - Cannot read IP mode file for STMicroelectronics.X-CUBE-AI.7.3.0
2024-11-13 09:24:42,411 [WARN] PackLoader:240 - Cannot read IP mode file for STMicroelectronics.X-CUBE-ALGOBUILD.1.3.0
2024-11-13 09:24:42,448 [WARN] PackLoader:240 - Cannot read IP mode file for STMicroelectronics.X-CUBE-AZRTOS-G0.1.1.0
2024-11-13 09:24:42,471 [WARN] PackLoader:240 - Cannot read IP mode file for STMicroelectronics.X-CUBE-SAFEA1.1.2.2
2024-11-13 09:24:42,492 [WARN] PackLoader:240 - Cannot read IP mode file for STMicroelectronics.X-CUBE-NFC4.3.0.0
2024-11-13 09:24:42,553 [WARN] PackLoader:240 - Cannot read IP mode file for SEGGER.I-CUBE-embOS.1.2.0
2024-11-13 09:24:42,619 [WARN] PackLoader:240 - Cannot read IP mode file for EmbeddedOffice.I-CUBE-FS-RTOS.1.0.1
2024-11-13 09:24:42,619 [ERROR] ConditionMgr:805 - Attr not supported : Dmpu
2024-11-13 09:24:42,619 [ERROR] ConditionMgr:805 - Attr not supported : Dmpu
2024-11-13 09:24:42,619 [ERROR] ConditionMgr:805 - Attr not supported : Dmpu
2024-11-13 09:24:42,619 [ERROR] ConditionMgr:805 - Attr not supported : Dmpu
2024-11-13 09:24:42,620 [ERROR] ConditionMgr:805 - Attr not supported : Dmpu
2024-11-13 09:24:42,620 [ERROR] ConditionMgr:805 - Attr not supported : Dmpu
2024-11-13 09:24:42,620 [ERROR] ConditionMgr:805 - Attr not supported : Dmpu
2024-11-13 09:24:42,620 [ERROR] ConditionMgr:805 - Attr not supported : Dmpu
2024-11-13 09:24:42,620 [ERROR] ConditionMgr:805 - Attr not supported : Dmpu
2024-11-13 09:24:42,620 [ERROR] ConditionMgr:805 - Attr not supported : Dmpu
2024-11-13 09:24:42,620 [ERROR] ConditionMgr:805 - Attr not supported : Dmpu
2024-11-13 09:24:42,620 [ERROR] ConditionMgr:805 - Attr not supported : Dmpu
2024-11-13 09:24:42,620 [ERROR] ConditionMgr:805 - Attr not supported : Dmpu
2024-11-13 09:24:42,620 [ERROR] ConditionMgr:805 - Attr not supported : Dmpu
2024-11-13 09:24:42,620 [ERROR] ConditionMgr:805 - Attr not supported : Dmpu
2024-11-13 09:24:42,620 [ERROR] ConditionMgr:805 - Attr not supported : Dmpu
2024-11-13 09:24:42,620 [ERROR] ConditionMgr:805 - Attr not supported : Dmpu
2024-11-13 09:24:42,620 [ERROR] ConditionMgr:805 - Attr not supported : Dmpu
2024-11-13 09:24:42,620 [ERROR] ConditionMgr:805 - Attr not supported : Dmpu
2024-11-13 09:24:42,620 [ERROR] ConditionMgr:805 - Attr not supported : Dmpu
2024-11-13 09:24:42,620 [ERROR] ConditionMgr:805 - Attr not supported : Dmpu
2024-11-13 09:24:42,620 [ERROR] ConditionMgr:805 - Attr not supported : Dmpu
2024-11-13 09:24:42,621 [ERROR] ConditionMgr:805 - Attr not supported : Dmpu
2024-11-13 09:24:42,621 [ERROR] ConditionMgr:805 - Attr not supported : Dmpu
2024-11-13 09:24:42,621 [ERROR] ConditionMgr:805 - Attr not supported : Dmpu
2024-11-13 09:24:42,621 [ERROR] ConditionMgr:805 - Attr not supported : Dmpu
2024-11-13 09:24:42,621 [ERROR] ConditionMgr:805 - Attr not supported : Dmpu
2024-11-13 09:24:42,621 [ERROR] ConditionMgr:805 - Attr not supported : Dmpu
2024-11-13 09:24:42,621 [ERROR] ConditionMgr:805 - Attr not supported : Dmpu
2024-11-13 09:24:42,621 [ERROR] ConditionMgr:805 - Attr not supported : Dmpu
2024-11-13 09:24:42,621 [ERROR] ConditionMgr:805 - Attr not supported : Dmpu
2024-11-13 09:24:42,621 [ERROR] ConditionMgr:805 - Attr not supported : Dmpu
2024-11-13 09:24:42,621 [ERROR] ConditionMgr:805 - Attr not supported : Dmpu
2024-11-13 09:24:42,621 [ERROR] ConditionMgr:805 - Attr not supported : Dmpu
2024-11-13 09:24:42,621 [ERROR] ConditionMgr:805 - Attr not supported : Dmpu
2024-11-13 09:24:42,621 [ERROR] ConditionMgr:805 - Attr not supported : Dmpu
2024-11-13 09:24:42,621 [ERROR] ConditionMgr:805 - Attr not supported : Dmpu
2024-11-13 09:24:42,621 [ERROR] ConditionMgr:805 - Attr not supported : Dmpu
2024-11-13 09:24:42,621 [ERROR] ConditionMgr:805 - Attr not supported : Dmpu
2024-11-13 09:24:42,621 [ERROR] ConditionMgr:805 - Attr not supported : Dmpu
2024-11-13 09:24:42,621 [ERROR] ConditionMgr:805 - Attr not supported : Dmpu
2024-11-13 09:24:42,622 [ERROR] ConditionMgr:805 - Attr not supported : Dmpu
2024-11-13 09:24:42,622 [ERROR] ConditionMgr:805 - Attr not supported : Dmpu
2024-11-13 09:24:42,622 [ERROR] ConditionMgr:805 - Attr not supported : Dmpu
2024-11-13 09:24:42,622 [ERROR] ConditionMgr:805 - Attr not supported : Dmpu
2024-11-13 09:24:42,622 [ERROR] ConditionMgr:805 - Attr not supported : Dmpu
2024-11-13 09:24:42,622 [ERROR] ConditionMgr:805 - Attr not supported : Dmpu
2024-11-13 09:24:42,622 [ERROR] ConditionMgr:805 - Attr not supported : Dmpu
2024-11-13 09:24:42,622 [ERROR] ConditionMgr:805 - Attr not supported : Dmpu
2024-11-13 09:24:42,622 [ERROR] ConditionMgr:805 - Attr not supported : Dmpu
2024-11-13 09:24:42,622 [ERROR] ConditionMgr:805 - Attr not supported : Dmpu
2024-11-13 09:24:42,622 [ERROR] ConditionMgr:805 - Attr not supported : Dmpu
2024-11-13 09:24:42,622 [ERROR] ConditionMgr:805 - Attr not supported : Dmpu
2024-11-13 09:24:42,622 [ERROR] ConditionMgr:805 - Attr not supported : Dmpu
2024-11-13 09:24:42,622 [ERROR] ConditionMgr:805 - Attr not supported : Dmpu
2024-11-13 09:24:42,622 [ERROR] ConditionMgr:805 - Attr not supported : Dmpu
2024-11-13 09:24:42,622 [ERROR] ConditionMgr:805 - Attr not supported : Dmpu
2024-11-13 09:24:42,622 [ERROR] ConditionMgr:805 - Attr not supported : Dmpu
2024-11-13 09:24:42,622 [ERROR] ConditionMgr:805 - Attr not supported : Dmpu
2024-11-13 09:24:42,623 [ERROR] ConditionMgr:805 - Attr not supported : Dmpu
2024-11-13 09:24:42,623 [ERROR] ConditionMgr:805 - Attr not supported : Dmpu
2024-11-13 09:24:42,623 [ERROR] ConditionMgr:805 - Attr not supported : Dmpu
2024-11-13 09:24:42,623 [ERROR] ConditionMgr:805 - Attr not supported : Dmpu
2024-11-13 09:24:42,623 [ERROR] ConditionMgr:805 - Attr not supported : Dmpu
2024-11-13 09:24:42,652 [WARN] PackLoader:240 - Cannot read IP mode file for STMicroelectronics.X-CUBE-BLEMGR.3.0.0
2024-11-13 09:24:42,675 [WARN] PackLoader:240 - Cannot read IP mode file for STMicroelectronics.X-CUBE-BLEMGR.1.3.0
2024-11-13 09:24:42,697 [WARN] PackLoader:240 - Cannot read IP mode file for RealThread.X-CUBE-RT-Thread_Nano.4.1.1
2024-11-13 09:24:42,712 [WARN] PackLoader:240 - Cannot read IP mode file for STMicroelectronics.FP-ATR-SIGFOX1.3.2.0
2024-11-13 09:24:42,732 [WARN] PackLoader:240 - Cannot read IP mode file for STMicroelectronics.X-CUBE-EEPRMA1.5.1.0
2024-11-13 09:24:42,750 [WARN] PackLoader:240 - Cannot read IP mode file for emotas.I-CUBE-CANOPEN.1.1.2
2024-11-13 09:24:42,768 [WARN] PackLoader:240 - Cannot read IP mode file for STMicroelectronics.X-CUBE-TOUCHGFX.4.20.0
2024-11-13 09:24:42,823 [WARN] PackLoader:240 - Cannot read IP mode file for STMicroelectronics.X-CUBE-MEMS1.9.5.0
2024-11-13 09:24:43,007 [WARN] PackLoader:240 - Cannot read IP mode file for SEGGER.I-CUBE-embOS.1.3.1
2024-11-13 09:24:43,050 [WARN] PackLoader:240 - Cannot read IP mode file for STMicroelectronics.X-CUBE-ALGOBUILD.1.4.0
2024-11-13 09:24:43,066 [WARN] PackLoader:240 - Cannot read IP mode file for STMicroelectronics.X-CUBE-AI.9.1.0
2024-11-13 09:24:43,087 [WARN] PackLoader:240 - Cannot read IP mode file for STMicroelectronics.X-CUBE-GNSS1.6.0.0
2024-11-13 09:24:43,121 [WARN] PackLoader:240 - Cannot read IP mode file for STMicroelectronics.X-CUBE-AZRTOS-F4.1.1.0
2024-11-13 09:24:43,137 [WARN] PackLoader:240 - Cannot read IP mode file for STMicroelectronics.X-CUBE-ISPU.2.1.0
2024-11-13 09:24:43,152 [WARN] PackLoader:240 - Cannot read IP mode file for STMicroelectronics.X-CUBE-FREERTOS.1.2.0
2024-11-13 09:24:43,168 [WARN] PackLoader:240 - Cannot read IP mode file for STMicroelectronics.X-CUBE-BLEMGR.1.2.0
2024-11-13 09:24:43,204 [WARN] PackLoader:240 - Cannot read IP mode file for STMicroelectronics.X-CUBE-AZRTOS-L5.2.0.0
2024-11-13 09:24:43,272 [WARN] PackLoader:240 - Cannot read IP mode file for STMicroelectronics.X-CUBE-MEMS1.9.6.0
2024-11-13 09:24:43,410 [WARN] PackLoader:240 - Cannot read IP mode file for STMicroelectronics.X-CUBE-EEPRMA1.4.2.0
2024-11-13 09:24:43,437 [WARN] PackLoader:240 - Cannot read IP mode file for STMicroelectronics.X-CUBE-NFC6.3.1.0
2024-11-13 09:24:43,460 [WARN] PackLoader:240 - Cannot read IP mode file for ITTIA_DB.I-CUBE-ITTIADB.8.8.0
2024-11-13 09:24:43,482 [WARN] PackLoader:240 - Cannot read IP mode file for STMicroelectronics.X-CUBE-BLEMGR.2.0.0
2024-11-13 09:24:43,500 [WARN] PackLoader:240 - Cannot read IP mode file for STMicroelectronics.X-CUBE-DPower.1.2.0
2024-11-13 09:24:43,517 [WARN] PackLoader:240 - Cannot read IP mode file for STMicroelectronics.X-CUBE-NFC4.2.0.4
2024-11-13 09:24:43,536 [WARN] PackLoader:240 - Cannot read IP mode file for STMicroelectronics.X-CUBE-AI.9.0.0
2024-11-13 09:24:43,578 [WARN] ConditionMgr:438 - getConditionDescription Invalid condition id : UX DEVICE CLASS RTOS Condition cause : null
2024-11-13 09:24:43,578 [WARN] ConditionMgr:438 - getConditionDescription Invalid condition id : UX DEVICE CLASS RTOS Condition cause : null
2024-11-13 09:24:43,582 [WARN] PackLoader:240 - Cannot read IP mode file for STMicroelectronics.X-CUBE-AZRTOS-H7.3.1.0
2024-11-13 09:24:43,584 [WARN] ConditionMgr:1039 - genDependencies : Invalid condition id : UX DEVICE CLASS RTOS Condition cause : null
2024-11-13 09:24:43,584 [WARN] ConditionMgr:1039 - genDependencies : Invalid condition id : UX DEVICE CLASS RTOS Condition cause : null
2024-11-13 09:24:43,585 [WARN] ConditionMgr:1039 - genDependencies : Invalid condition id : UX DEVICE CLASS RTOS Condition cause : null
2024-11-13 09:24:43,585 [WARN] ConditionMgr:1039 - genDependencies : Invalid condition id : UX DEVICE CLASS RTOS Condition cause : null
2024-11-13 09:24:43,585 [WARN] ConditionMgr:1039 - genDependencies : Invalid condition id : UX DEVICE CLASS RTOS Condition cause : null
2024-11-13 09:24:43,604 [WARN] PackLoader:240 - Cannot read IP mode file for wolfSSL.I-CUBE-wolfSSL.5.5.0
2024-11-13 09:24:43,625 [WARN] PackLoader:240 - Cannot read IP mode file for STMicroelectronics.X-CUBE-NFC7.1.0.1
2024-11-13 09:24:43,647 [WARN] PackLoader:240 - Cannot read IP mode file for STMicroelectronics.X-CUBE-NFC7.1.0.0
2024-11-13 09:24:43,667 [WARN] PackLoader:240 - Cannot read IP mode file for wolfSSL.I-CUBE-wolfTPM.3.2.0
2024-11-13 09:24:43,689 [WARN] PackLoader:240 - Cannot read IP mode file for STMicroelectronics.X-CUBE-NFC6.3.0.0
2024-11-13 09:24:43,712 [WARN] PackLoader:240 - Cannot read IP mode file for STMicroelectronics.X-CUBE-EEPRMA1.4.1.0
2024-11-13 09:24:43,730 [WARN] PackLoader:240 - Cannot read IP mode file for STMicroelectronics.X-CUBE-AI.8.1.0
2024-11-13 09:24:43,768 [WARN] ConditionMgr:438 - getConditionDescription Invalid condition id : LAN8742 Phy interface Condition cause : null
2024-11-13 09:24:43,769 [WARN] PackLoader:240 - Cannot read IP mode file for STMicroelectronics.X-CUBE-AZRTOS-L4.2.0.0
2024-11-13 09:24:43,769 [WARN] ConditionMgr:1039 - genDependencies : Invalid condition id : LAN8742 Phy interface Condition cause : null
2024-11-13 09:24:43,769 [WARN] ConditionMgr:1039 - genDependencies : Invalid condition id : LAN8742 Phy interface Condition cause : null
2024-11-13 09:24:43,770 [WARN] ConditionMgr:1039 - genDependencies : Invalid condition id : LAN8742 Phy interface Condition cause : null
2024-11-13 09:24:43,792 [WARN] PackLoader:240 - Cannot read IP mode file for STMicroelectronics.X-CUBE-SFXS2LP1.4.0.0
2024-11-13 09:24:43,827 [WARN] PackLoader:240 - Cannot read IP mode file for STMicroelectronics.X-CUBE-AZRTOS-H7.3.0.0
2024-11-13 09:24:43,848 [WARN] PackLoader:240 - Cannot read IP mode file for STMicroelectronics.X-CUBE-ISPU.1.1.0
2024-11-13 09:24:43,881 [WARN] PackLoader:240 - Cannot read IP mode file for STMicroelectronics.X-CUBE-AZRTOS-H7.3.3.0
2024-11-13 09:24:43,901 [WARN] PackLoader:240 - Cannot read IP mode file for RoweBots.I-CUBE-UNISONRTOS.5.5.0-4
2024-11-13 09:24:43,918 [WARN] PackLoader:240 - Cannot read IP mode file for STMicroelectronics.X-CUBE-AI.8.0.0
2024-11-13 09:24:43,940 [WARN] PackLoader:240 - Cannot read IP mode file for STMicroelectronics.X-CUBE-IPS.3.0.0
2024-11-13 09:24:43,974 [WARN] ConditionMgr:438 - getConditionDescription Invalid condition id : UX DEVICE CLASS RTOS Condition cause : null
2024-11-13 09:24:43,974 [WARN] ConditionMgr:438 - getConditionDescription Invalid condition id : UX DEVICE CLASS RTOS Condition cause : null
2024-11-13 09:24:43,976 [WARN] PackLoader:240 - Cannot read IP mode file for STMicroelectronics.X-CUBE-AZRTOS-WB.2.0.0
2024-11-13 09:24:43,976 [WARN] ConditionMgr:1039 - genDependencies : Invalid condition id : UX DEVICE CLASS RTOS Condition cause : null
2024-11-13 09:24:43,976 [WARN] ConditionMgr:1039 - genDependencies : Invalid condition id : UX DEVICE CLASS RTOS Condition cause : null
2024-11-13 09:24:43,977 [WARN] ConditionMgr:1039 - genDependencies : Invalid condition id : UX DEVICE CLASS RTOS Condition cause : null
2024-11-13 09:24:43,977 [WARN] ConditionMgr:1039 - genDependencies : Invalid condition id : UX DEVICE CLASS RTOS Condition cause : null
2024-11-13 09:24:43,977 [WARN] ConditionMgr:1039 - genDependencies : Invalid condition id : UX DEVICE CLASS RTOS Condition cause : null
2024-11-13 09:24:43,993 [WARN] PackLoader:240 - Cannot read IP mode file for STMicroelectronics.X-CUBE-FREERTOS.1.0.0
2024-11-13 09:24:44,009 [WARN] PackLoader:240 - Cannot read IP mode file for STMicroelectronics.X-CUBE-FREERTOS.1.0.1
2024-11-13 09:24:44,024 [WARN] PackLoader:240 - Cannot read IP mode file for STMicroelectronics.X-CUBE-GNSS1.7.0.0
2024-11-13 09:24:44,041 [WARN] PackLoader:240 - Cannot read IP mode file for STMicroelectronics.X-CUBE-BLEMGR.1.0.0
2024-11-13 09:24:44,059 [WARN] PackLoader:240 - Cannot read IP mode file for STMicroelectronics.FP-SNS-STBOX1.2.0.0
2024-11-13 09:24:44,095 [WARN] PackLoader:240 - Cannot read IP mode file for STMicroelectronics.X-CUBE-AZRTOS-L5.1.1.0
2024-11-13 09:24:44,114 [WARN] PackLoader:240 - Cannot read IP mode file for STMicroelectronics.X-CUBE-AI.8.0.1
2024-11-13 09:24:44,135 [WARN] PackLoader:240 - Cannot read IP mode file for STMicroelectronics.X-CUBE-SUBG2.5.0.0
2024-11-13 09:24:44,160 [WARN] PackLoader:240 - Cannot read IP mode file for STMicroelectronics.X-CUBE-TOF1.3.3.1
2024-11-13 09:24:44,199 [WARN] PackLoader:240 - Cannot read IP mode file for STMicroelectronics.X-CUBE-AZRTOS-G4.2.0.0
2024-11-13 09:24:44,225 [WARN] PackLoader:240 - Cannot read IP mode file for STMicroelectronics.X-CUBE-TOF1.3.3.0
2024-11-13 09:24:44,249 [WARN] PackLoader:240 - Cannot read IP mode file for STMicroelectronics.FP-ATR-ASTRA1.1.1.1
2024-11-13 09:24:44,286 [WARN] PackLoader:240 - Cannot read IP mode file for Infineon.AIROC-Wi-Fi-Bluetooth-STM32.1.5.1
2024-11-13 09:24:44,304 [WARN] PackLoader:240 - Cannot read IP mode file for STMicroelectronics.FP-SNS-MOTENVWB1.1.3.1
2024-11-13 09:24:44,332 [WARN] PackLoader:240 - Cannot read IP mode file for STMicroelectronics.X-CUBE-AZRTOS-G4.1.0.0
2024-11-13 09:24:44,363 [WARN] PackLoader:240 - Cannot read IP mode file for STMicroelectronics.X-CUBE-AZRTOS-L4.1.0.0
2024-11-13 09:24:44,383 [WARN] PackLoader:240 - Cannot read IP mode file for STMicroelectronics.X-CUBE-ISPU.2.0.0
2024-11-13 09:24:44,401 [WARN] PackLoader:240 - Cannot read IP mode file for STMicroelectronics.X-CUBE-ALS.1.0.2
2024-11-13 09:24:44,469 [WARN] PackLoader:240 - Cannot read IP mode file for STMicroelectronics.X-CUBE-MEMS1.10.0.0
2024-11-13 09:24:44,572 [WARN] PackLoader:240 - Cannot read IP mode file for STMicroelectronics.X-CUBE-FREERTOS.1.1.0
2024-11-13 09:24:44,589 [WARN] PackLoader:240 - Cannot read IP mode file for STMicroelectronics.X-CUBE-TOUCHGFX.4.24.0
2024-11-13 09:24:44,613 [WARN] PackLoader:240 - Cannot read IP mode file for STMicroelectronics.X-CUBE-AZRTOS-WL.1.0.0
2024-11-13 09:24:44,628 [WARN] PackLoader:240 - Cannot read IP mode file for STMicroelectronics.X-CUBE-TOUCHGFX.4.24.1
2024-11-13 09:24:44,646 [WARN] PackLoader:240 - Cannot read IP mode file for portGmbH.I-Cube-SoM-uGOAL.1.1.0
2024-11-13 09:24:44,658 [WARN] PackLoader:240 - Cannot read IP mode file for STMicroelectronics.X-CUBE-ALS.1.0.1
2024-11-13 09:24:44,682 [WARN] PackLoader:240 - Cannot read IP mode file for STMicroelectronics.X-CUBE-AZRTOS-WB.1.1.0
2024-11-13 09:24:44,706 [WARN] PackLoader:240 - Cannot read IP mode file for STMicroelectronics.X-CUBE-AZRTOS-L5.1.0.0
2024-11-13 09:24:44,723 [WARN] PackLoader:240 - Cannot read IP mode file for STMicroelectronics.X-CUBE-EEPRMA1.3.1.1
2024-11-13 09:24:44,753 [WARN] PackLoader:240 - Cannot read IP mode file for STMicroelectronics.X-CUBE-AZRTOS-H7RS.1.0.0
2024-11-13 09:24:44,765 [WARN] PackLoader:240 - Cannot read IP mode file for STMicroelectronics.FP-ATR-ASTRA1.2.0.0
2024-11-13 09:24:44,781 [WARN] PackLoader:240 - Cannot read IP mode file for STMicroelectronics.X-CUBE-TOF1.3.4.2
2024-11-13 09:24:44,804 [WARN] PackLoader:240 - Cannot read IP mode file for STMicroelectronics.X-CUBE-TOF1.3.4.0
2024-11-13 09:24:44,832 [WARN] PackLoader:240 - Cannot read IP mode file for STMicroelectronics.X-CUBE-TOF1.3.4.1
2024-11-13 09:24:44,872 [WARN] PackLoader:240 - Cannot read IP mode file for STMicroelectronics.X-CUBE-AZRTOS-H7.3.2.0
2024-11-13 09:24:44,888 [WARN] PackLoader:240 - Cannot read IP mode file for wolfSSL.I-CUBE-wolfSSH.1.4.17
2024-11-13 09:24:44,888 [INFO] ThirdParty:978 - Integrity check success = true
2024-11-13 09:24:44,889 [INFO] IntegrityCheckThread:100 - exiting critical section [integrity check]
2024-11-13 09:24:44,889 [INFO] IntegrityCheckThread:103 - End integrity checks thread
2024-11-13 09:24:47,405 [INFO] WebApp:161 - Instantiating new browser for Auth
2024-11-13 09:24:48,054 [INFO] WebApp:779 - Register for checkConnection events
2024-11-13 09:24:48,054 [INFO] WebApp:414 - Apply proxy settings
2024-11-13 09:24:48,054 [INFO] WebApp:499 - Chromium requires no authentication
2024-11-13 09:24:48,062 [INFO] WebApp:442 - Direct internet connection detected
2024-11-13 09:24:48,257 [INFO] WebApp:192 - Starting web application
2024-11-13 09:24:48,257 [INFO] WebApp:544 - Web application path used C:\ST\STM32CubeIDE_1.10.1\STM32CubeIDE\plugins\com.st.stm32cube.common.mx_6.11.1.202404110753\db\plugins\mcufinder\reactClient1\index.html
2024-11-13 09:31:35,420 [INFO] Activator:176 - 


2024-11-13 09:31:35,423 [INFO] Activator:177 - !SESSION log4j initialized
2024-11-13 09:31:45,098 [INFO] LogOutputStream:77 - [STDOUT_REDIRECT] 
2024-11-13 09:31:47,638 [INFO] ApplicationProperties:184 - Using Application install path: C:\ST\STM32CubeIDE_1.10.1\STM32CubeIDE\plugins\com.st.stm32cube.common.mx_6.11.1.202404110753
2024-11-13 09:31:47,668 [INFO] DbMcusXml:78 - Set database path to: C:\ST\STM32CubeIDE_1.10.1\STM32CubeIDE\plugins\com.st.stm32cube.common.mx_6.11.1.202404110753\\db\/mcu/
2024-11-13 09:31:47,668 [INFO] ApiDb:274 - Set plugin database path to: C:\ST\STM32CubeIDE_1.10.1\STM32CubeIDE\plugins\com.st.stm32cube.common.mx_6.11.1.202404110753\\db\/plugins/boardmanager/
2024-11-13 09:31:47,668 [WARN] ApiDb:259 - Overriding images path with different value:  => C:\ST\STM32CubeIDE_1.10.1\STM32CubeIDE\plugins\com.st.stm32cube.common.mx_6.11.1.202404110753\\db\/plugins/mcufinder/images/
2024-11-13 09:31:47,676 [INFO] ApiDb:250 - Set database path to: C:\Users\saksh\.stmcufinder\plugins\mcufinder//mcu/
2024-11-13 09:31:47,678 [INFO] DbMcusAds:125 - Set database path to: C:\Users\saksh\.stmcufinder\plugins\mcufinder//mcu/
2024-11-13 09:31:47,682 [INFO] CrossReferenceDbSqlite:203 - Set database path to: C:\Users\saksh\.stmcufinder\plugins\mcufinder//mcu/cs/
2024-11-13 09:31:47,890 [INFO] RulesReader:64 - Compatibility file has been processed (297 Rules)
2024-11-13 09:31:48,059 [INFO] DbMcusXml:78 - Set database path to: C:\ST\STM32CubeIDE_1.10.1\STM32CubeIDE\plugins\com.st.stm32cube.common.mx_6.11.1.202404110753\\db\/mcu/
2024-11-13 09:31:48,061 [INFO] ApiDb:274 - Set plugin database path to: C:\ST\STM32CubeIDE_1.10.1\STM32CubeIDE\plugins\com.st.stm32cube.common.mx_6.11.1.202404110753\\db\/plugins/boardmanager/
2024-11-13 09:31:48,061 [INFO] ApiDb:261 - Set plugin images path to: C:\ST\STM32CubeIDE_1.10.1\STM32CubeIDE\plugins\com.st.stm32cube.common.mx_6.11.1.202404110753\\db\/plugins/mcufinder/images/
2024-11-13 09:31:48,061 [WARN] DbFile:41 - Overriding database path with different value: C:\Users\saksh\.stmcufinder\plugins\mcufinder/ => C:\Users\saksh\.stmcufinder\plugins\mcufinder
2024-11-13 09:31:48,061 [INFO] ApiDb:250 - Set database path to: C:\Users\saksh\.stmcufinder\plugins\mcufinder//mcu/
2024-11-13 09:31:48,062 [WARN] DbFile:41 - Overriding database path with different value: C:\Users\saksh\.stmcufinder\plugins\mcufinder/ => C:\Users\saksh\.stmcufinder\plugins\mcufinder
2024-11-13 09:31:48,062 [INFO] DbMcusAds:125 - Set database path to: C:\Users\saksh\.stmcufinder\plugins\mcufinder//mcu/
2024-11-13 09:31:48,062 [WARN] DbFile:41 - Overriding database path with different value: C:\Users\saksh\.stmcufinder\plugins\mcufinder/ => C:\Users\saksh\.stmcufinder\plugins\mcufinder
2024-11-13 09:31:48,062 [WARN] DbFile:41 - Overriding database path with different value: C:\Users\saksh\.stmcufinder\plugins\mcufinder/ => C:\Users\saksh\.stmcufinder\plugins\mcufinder
2024-11-13 09:31:48,062 [INFO] CrossReferenceDbSqlite:203 - Set database path to: C:\Users\saksh\.stmcufinder\plugins\mcufinder//mcu/cs/
2024-11-13 09:31:48,203 [INFO] MainPanel:264 - HeapMemory: 268435456
2024-11-13 09:31:48,329 [INFO] DbMcusXml:78 - Set database path to: C:\ST\STM32CubeIDE_1.10.1\STM32CubeIDE\plugins\com.st.stm32cube.common.mx_6.11.1.202404110753\\db\/mcu/
2024-11-13 09:31:48,329 [INFO] ApiDb:274 - Set plugin database path to: C:\ST\STM32CubeIDE_1.10.1\STM32CubeIDE\plugins\com.st.stm32cube.common.mx_6.11.1.202404110753\\db\/plugins/boardmanager/
2024-11-13 09:31:48,329 [INFO] ApiDb:261 - Set plugin images path to: C:\ST\STM32CubeIDE_1.10.1\STM32CubeIDE\plugins\com.st.stm32cube.common.mx_6.11.1.202404110753\\db\/plugins/mcufinder/images/
2024-11-13 09:31:48,331 [WARN] DbFile:41 - Overriding database path with different value: C:\Users\saksh\.stmcufinder\plugins\mcufinder/ => C:\Users\saksh\.stmcufinder\plugins\mcufinder
2024-11-13 09:31:48,332 [INFO] ApiDb:250 - Set database path to: C:\Users\saksh\.stmcufinder\plugins\mcufinder//mcu/
2024-11-13 09:31:48,332 [WARN] DbFile:41 - Overriding database path with different value: C:\Users\saksh\.stmcufinder\plugins\mcufinder/ => C:\Users\saksh\.stmcufinder\plugins\mcufinder
2024-11-13 09:31:48,332 [INFO] DbMcusAds:125 - Set database path to: C:\Users\saksh\.stmcufinder\plugins\mcufinder//mcu/
2024-11-13 09:31:48,332 [WARN] DbFile:41 - Overriding database path with different value: C:\Users\saksh\.stmcufinder\plugins\mcufinder/ => C:\Users\saksh\.stmcufinder\plugins\mcufinder
2024-11-13 09:31:48,332 [WARN] DbFile:41 - Overriding database path with different value: C:\Users\saksh\.stmcufinder\plugins\mcufinder/ => C:\Users\saksh\.stmcufinder\plugins\mcufinder
2024-11-13 09:31:48,333 [INFO] CrossReferenceDbSqlite:203 - Set database path to: C:\Users\saksh\.stmcufinder\plugins\mcufinder//mcu/cs/
2024-11-13 09:31:48,358 [INFO] ApplicationProperties:184 - Using Application install path: C:\ST\STM32CubeIDE_1.10.1\STM32CubeIDE\plugins\com.st.stm32cube.common.mx_6.11.1.202404110753
2024-11-13 09:31:48,361 [INFO] PluginManage:196 - Search for loadable plugins [exclusion list=, ]
2024-11-13 09:31:48,363 [INFO] PluginManage:310 - Check plugin analytics
2024-11-13 09:31:48,681 [INFO] AnalyticsPlugin:253 - Accepted Software Licenses: 
2024-11-13 09:31:48,684 [INFO] AnalyticsPlugin:255 - Accepted CMSIS Pack Licenses: 
2024-11-13 09:31:48,685 [INFO] AnalyticsPlugin:257 - Accepted Firmware Licenses: FW.H7.1.10.0,FW.G4.1.5.0
2024-11-13 09:31:48,690 [INFO] PluginManage:359 - Loaded plugin analytics (category:tool,tabindex:-1)
2024-11-13 09:31:48,691 [INFO] PluginManage:310 - Check plugin cadmodel
2024-11-13 09:31:48,698 [INFO] CADModel:105 - Init CAD model plugin
2024-11-13 09:31:48,699 [INFO] PluginManage:359 - Loaded plugin cadmodel (category:power,tabindex:5)
2024-11-13 09:31:48,699 [INFO] PluginManage:310 - Check plugin clock
2024-11-13 09:31:48,718 [INFO] PluginManage:359 - Loaded plugin clock (category:base,tabindex:2)
2024-11-13 09:31:48,718 [INFO] PluginManage:310 - Check plugin ddr
2024-11-13 09:31:48,721 [INFO] PluginManage:359 - Loaded plugin ddr (category:tool,tabindex:6)
2024-11-13 09:31:48,721 [INFO] PluginManage:310 - Check plugin filemanager
2024-11-13 09:31:49,074 [INFO] PluginManage:359 - Loaded plugin filemanager (category:base,tabindex:10)
2024-11-13 09:31:49,075 [INFO] PluginManage:310 - Check plugin ipmanager
2024-11-13 09:31:49,088 [INFO] PluginManage:359 - Loaded plugin ipmanager (category:base,tabindex:5)
2024-11-13 09:31:49,088 [INFO] PluginManage:310 - Check plugin lpbam
2024-11-13 09:31:49,102 [INFO] PluginManage:359 - Loaded plugin lpbam (category:base,tabindex:0)
2024-11-13 09:31:49,102 [INFO] PluginManage:310 - Check plugin memorymap
2024-11-13 09:31:49,119 [INFO] PluginManage:359 - Loaded plugin memorymap (category:base,tabindex:4)
2024-11-13 09:31:49,119 [INFO] PluginManage:310 - Check plugin pinoutandconfiguration
2024-11-13 09:31:49,131 [INFO] PluginManage:359 - Loaded plugin pinoutandconfiguration (category:base,tabindex:1)
2024-11-13 09:31:49,131 [INFO] PluginManage:310 - Check plugin pinoutconfig
2024-11-13 09:31:49,337 [WARN] SupportedApi:132 - Cannot load RTOS API schema: s4s-elt-must-match.1: The content of 'definitions' must match (annotation?, (simpleType | complexType)?, (unique | key | keyref)*)). A problem was found starting at: attribute.
2024-11-13 09:31:49,648 [INFO] PluginManage:359 - Loaded plugin pinoutconfig (category:base,tabindex:0)
2024-11-13 09:31:49,648 [INFO] PluginManage:310 - Check plugin power
2024-11-13 09:31:49,676 [INFO] PluginManage:359 - Loaded plugin power (category:power,tabindex:4)
2024-11-13 09:31:49,676 [INFO] PluginManage:310 - Check plugin projectmanager
2024-11-13 09:31:49,733 [INFO] PluginManage:359 - Loaded plugin projectmanager (category:projectmanager,tabindex:3)
2024-11-13 09:31:49,734 [INFO] PluginManage:310 - Check plugin thirdparty
2024-11-13 09:31:50,069 [WARN] IntegrityCheckThread:84 - waiting for thirdparty lock release [integrity check]
2024-11-13 09:31:50,069 [INFO] IntegrityCheckThread:86 - entering critical section [integrity check]
2024-11-13 09:31:50,070 [INFO] ThirdPartyUpdaterWithRetryManager:70 - Updater plugin not ready yet. [1/15]
2024-11-13 09:31:50,070 [INFO] PluginManage:359 - Loaded plugin thirdparty (category:base,tabindex:-1)
2024-11-13 09:31:50,072 [INFO] PluginManage:310 - Check plugin tools
2024-11-13 09:31:50,096 [INFO] PluginManage:359 - Loaded plugin tools (category:base,tabindex:7)
2024-11-13 09:31:50,096 [INFO] PluginManage:310 - Check plugin tutovideos
2024-11-13 09:31:50,719 [INFO] PluginManage:359 - Loaded plugin tutovideos (category:base,tabindex:-1)
2024-11-13 09:31:50,720 [INFO] PluginManage:310 - Check plugin updater
2024-11-13 09:31:50,769 [INFO] PluginManage:359 - Loaded plugin updater (category:base,tabindex:12)
2024-11-13 09:31:50,769 [INFO] PluginManage:310 - Check plugin userauth
2024-11-13 09:31:50,822 [INFO] UserAuth:114 - Init User Auth plugin
2024-11-13 09:31:50,823 [INFO] PluginManage:359 - Loaded plugin userauth (category:base,tabindex:14)
2024-11-13 09:31:50,824 [INFO] PluginManage:283 - PluginManage : Loaded plugins [17]
2024-11-13 09:31:51,507 [INFO] PinOutPanel:1561 - setPackage(No Configuration,No Configuration)
2024-11-13 09:31:51,701 [INFO] CADModel:165 - CPN selected for project level
2024-11-13 09:31:51,701 [INFO] CADModel:114 - Register for checkConnection events
2024-11-13 09:31:51,738 [INFO] IPUIPlugin:80 - create IPUIPlugin
2024-11-13 09:31:51,739 [INFO] PluginManager:220 - loadIPPluginJar : add adc
2024-11-13 09:31:51,743 [INFO] IPUIPlugin:80 - create IPUIPlugin
2024-11-13 09:31:51,743 [INFO] PluginManager:220 - loadIPPluginJar : add aes
2024-11-13 09:31:51,746 [INFO] IPUIPlugin:80 - create IPUIPlugin
2024-11-13 09:31:51,746 [INFO] PluginManager:220 - loadIPPluginJar : add can
2024-11-13 09:31:51,749 [INFO] IPUIPlugin:80 - create IPUIPlugin
2024-11-13 09:31:51,749 [INFO] PluginManager:220 - loadIPPluginJar : add comp
2024-11-13 09:31:51,754 [INFO] IPUIPlugin:80 - create IPUIPlugin
2024-11-13 09:31:51,755 [INFO] PluginManager:220 - loadIPPluginJar : add cryp
2024-11-13 09:31:51,777 [INFO] IPUIPlugin:80 - create IPUIPlugin
2024-11-13 09:31:51,778 [INFO] PluginManager:220 - loadIPPluginJar : add dfsdm
2024-11-13 09:31:51,790 [INFO] IPUIPlugin:80 - create IPUIPlugin
2024-11-13 09:31:51,791 [INFO] PluginManager:220 - loadIPPluginJar : add dma
2024-11-13 09:31:51,800 [INFO] IPUIPlugin:80 - create IPUIPlugin
2024-11-13 09:31:51,801 [INFO] PluginManager:220 - loadIPPluginJar : add dma3
2024-11-13 09:31:51,805 [INFO] IPUIPlugin:80 - create IPUIPlugin
2024-11-13 09:31:51,805 [INFO] PluginManager:220 - loadIPPluginJar : add extmemmanager
2024-11-13 09:31:51,807 [INFO] IPUIPlugin:80 - create IPUIPlugin
2024-11-13 09:31:51,807 [INFO] PluginManager:220 - loadIPPluginJar : add fatfs
2024-11-13 09:31:51,812 [INFO] IPUIPlugin:80 - create IPUIPlugin
2024-11-13 09:31:51,813 [INFO] PluginManager:220 - loadIPPluginJar : add fmc
2024-11-13 09:31:51,833 [INFO] IPUIPlugin:80 - create IPUIPlugin
2024-11-13 09:31:51,834 [INFO] PluginManager:220 - loadIPPluginJar : add freertos
2024-11-13 09:31:51,839 [INFO] IPUIPlugin:80 - create IPUIPlugin
2024-11-13 09:31:51,840 [INFO] PluginManager:220 - loadIPPluginJar : add genericplugin
2024-11-13 09:31:51,859 [INFO] IPUIPlugin:80 - create IPUIPlugin
2024-11-13 09:31:51,860 [INFO] PluginManager:220 - loadIPPluginJar : add gfxmmu
2024-11-13 09:31:51,875 [INFO] IPUIPlugin:80 - create IPUIPlugin
2024-11-13 09:31:51,875 [INFO] PluginManager:220 - loadIPPluginJar : add gic
2024-11-13 09:31:51,884 [INFO] IPUIPlugin:80 - create IPUIPlugin
2024-11-13 09:31:51,884 [INFO] PluginManager:220 - loadIPPluginJar : add gpio
2024-11-13 09:31:51,897 [INFO] IPUIPlugin:80 - create IPUIPlugin
2024-11-13 09:31:51,897 [INFO] PluginManager:220 - loadIPPluginJar : add gtzc
2024-11-13 09:31:51,900 [INFO] IPUIPlugin:80 - create IPUIPlugin
2024-11-13 09:31:51,901 [INFO] PluginManager:220 - loadIPPluginJar : add hash
2024-11-13 09:31:51,906 [INFO] IPUIPlugin:80 - create IPUIPlugin
2024-11-13 09:31:51,906 [INFO] PluginManager:220 - loadIPPluginJar : add i2c
2024-11-13 09:31:51,911 [INFO] IPUIPlugin:80 - create IPUIPlugin
2024-11-13 09:31:51,911 [INFO] PluginManager:220 - loadIPPluginJar : add i2s
2024-11-13 09:31:51,916 [INFO] IPUIPlugin:80 - create IPUIPlugin
2024-11-13 09:31:51,916 [INFO] PluginManager:220 - loadIPPluginJar : add i3c
2024-11-13 09:31:51,922 [INFO] IPUIPlugin:80 - create IPUIPlugin
2024-11-13 09:31:51,923 [INFO] PluginManager:220 - loadIPPluginJar : add ipddr
2024-11-13 09:31:51,954 [INFO] IPUIPlugin:80 - create IPUIPlugin
2024-11-13 09:31:51,955 [INFO] PluginManager:220 - loadIPPluginJar : add linkedlist
2024-11-13 09:31:51,960 [INFO] IPUIPlugin:80 - create IPUIPlugin
2024-11-13 09:31:51,960 [INFO] PluginManager:220 - loadIPPluginJar : add lorawan
2024-11-13 09:31:51,962 [INFO] IPUIPlugin:80 - create IPUIPlugin
2024-11-13 09:31:51,962 [INFO] PluginManager:220 - loadIPPluginJar : add ltdc
2024-11-13 09:31:51,982 [INFO] IPUIPlugin:80 - create IPUIPlugin
2024-11-13 09:31:51,982 [INFO] PluginManager:220 - loadIPPluginJar : add mdma
2024-11-13 09:31:51,989 [INFO] IPUIPlugin:80 - create IPUIPlugin
2024-11-13 09:31:51,989 [INFO] PluginManager:220 - loadIPPluginJar : add nvic
2024-11-13 09:31:51,993 [INFO] IPUIPlugin:80 - create IPUIPlugin
2024-11-13 09:31:51,993 [INFO] PluginManager:220 - loadIPPluginJar : add opamp
2024-11-13 09:31:52,003 [INFO] IPUIPlugin:80 - create IPUIPlugin
2024-11-13 09:31:52,003 [INFO] PluginManager:220 - loadIPPluginJar : add openamp
2024-11-13 09:31:52,007 [INFO] IPUIPlugin:80 - create IPUIPlugin
2024-11-13 09:31:52,007 [INFO] PluginManager:220 - loadIPPluginJar : add pdm2pcm
2024-11-13 09:31:52,016 [INFO] IPUIPlugin:80 - create IPUIPlugin
2024-11-13 09:31:52,024 [INFO] PluginManager:220 - loadIPPluginJar : add plateformsettings
2024-11-13 09:31:52,037 [INFO] IPUIPlugin:80 - create IPUIPlugin
2024-11-13 09:31:52,038 [INFO] PluginManager:220 - loadIPPluginJar : add quadspi
2024-11-13 09:31:52,049 [INFO] IPUIPlugin:80 - create IPUIPlugin
2024-11-13 09:31:52,049 [INFO] PluginManager:220 - loadIPPluginJar : add resmgrutility
2024-11-13 09:31:52,055 [INFO] IPUIPlugin:80 - create IPUIPlugin
2024-11-13 09:31:52,055 [INFO] PluginManager:220 - loadIPPluginJar : add sai
2024-11-13 09:31:52,059 [INFO] IPUIPlugin:80 - create IPUIPlugin
2024-11-13 09:31:52,059 [INFO] PluginManager:220 - loadIPPluginJar : add spi
2024-11-13 09:31:52,069 [INFO] IPUIPlugin:80 - create IPUIPlugin
2024-11-13 09:31:52,071 [INFO] PluginManager:220 - loadIPPluginJar : add stm32_wpan
2024-11-13 09:31:52,074 [INFO] IPUIPlugin:80 - create IPUIPlugin
2024-11-13 09:31:52,074 [INFO] PluginManager:220 - loadIPPluginJar : add tim
2024-11-13 09:31:52,080 [INFO] IPUIPlugin:80 - create IPUIPlugin
2024-11-13 09:31:52,080 [INFO] PluginManager:220 - loadIPPluginJar : add touchsensing
2024-11-13 09:31:52,083 [INFO] IPUIPlugin:80 - create IPUIPlugin
2024-11-13 09:31:52,083 [INFO] PluginManager:220 - loadIPPluginJar : add tracer_emb
2024-11-13 09:31:52,087 [INFO] IPUIPlugin:80 - create IPUIPlugin
2024-11-13 09:31:52,088 [INFO] PluginManager:220 - loadIPPluginJar : add ts
2024-11-13 09:31:52,091 [INFO] IPUIPlugin:80 - create IPUIPlugin
2024-11-13 09:31:52,091 [INFO] PluginManager:220 - loadIPPluginJar : add tsc
2024-11-13 09:31:52,096 [INFO] IPUIPlugin:80 - create IPUIPlugin
2024-11-13 09:31:52,096 [INFO] PluginManager:220 - loadIPPluginJar : add ucpd
2024-11-13 09:31:52,102 [INFO] IPUIPlugin:80 - create IPUIPlugin
2024-11-13 09:31:52,102 [INFO] PluginManager:220 - loadIPPluginJar : add usart
2024-11-13 09:31:52,108 [INFO] IPUIPlugin:80 - create IPUIPlugin
2024-11-13 09:31:52,108 [INFO] PluginManager:220 - loadIPPluginJar : add usbx
2024-11-13 09:31:52,317 [INFO] CADModel:165 - CPN selected for project level
2024-11-13 09:31:52,317 [INFO] CADModel:114 - Register for checkConnection events
2024-11-13 09:31:52,318 [FATAL] Updater:308 - Updater called before beeing initialized
2024-11-13 09:31:52,318 [ERROR] CADModel:125 - Updater not yet initialized, retry later 
2024-11-13 09:31:52,605 [INFO] CADModel:165 - CPN selected for project level
2024-11-13 09:31:52,606 [INFO] CADModel:114 - Register for checkConnection events
2024-11-13 09:31:52,606 [FATAL] Updater:308 - Updater called before beeing initialized
2024-11-13 09:31:52,606 [ERROR] CADModel:125 - Updater not yet initialized, retry later 
2024-11-13 09:31:52,612 [FATAL] Updater:308 - Updater called before beeing initialized
2024-11-13 09:31:52,831 [FATAL] Updater:308 - Updater called before beeing initialized
2024-11-13 09:31:52,840 [INFO] DbMcusAds:53 - JSON generation date=Fri Sep 20 18:34:38 IST 2024 (1726837478367)
2024-11-13 09:31:52,840 [FATAL] Updater:308 - Updater called before beeing initialized
2024-11-13 09:31:52,918 [WARN] DetailPanel:346 - Failed to get advertising image, set to default
2024-11-13 09:31:53,083 [INFO] ThirdPartyUpdaterWithRetryManager:70 - Updater plugin not ready yet. [2/15]
2024-11-13 09:31:53,109 [FATAL] Updater:308 - Updater called before beeing initialized
2024-11-13 09:31:53,111 [FATAL] Updater:308 - Updater called before beeing initialized
2024-11-13 09:31:53,115 [FATAL] Updater:308 - Updater called before beeing initialized
2024-11-13 09:31:53,116 [WARN] DetailPanel:346 - Failed to get advertising image, set to default
2024-11-13 09:31:53,118 [FATAL] Updater:308 - Updater called before beeing initialized
2024-11-13 09:31:53,236 [ERROR] Updater:1120 - MainUpdater not yet initialized. External WinMGr cannot be set.
2024-11-13 09:31:53,238 [INFO] Updater:1056 - Updater Version found : 6.11.1
2024-11-13 09:31:53,308 [INFO] ApplicationProperties:184 - Using Application install path: C:\ST\STM32CubeIDE_1.10.1\STM32CubeIDE\plugins\com.st.stm32cube.common.mx_6.11.1.202404110753
2024-11-13 09:31:54,910 [ERROR] LogOutputStream:75 - [STDERR_REDIRECT] Nov 13, 2024 9:31:54 AM java.util.prefs.WindowsPreferences <init>
2024-11-13 09:31:54,913 [ERROR] LogOutputStream:75 - [STDERR_REDIRECT] WARNING: Could not open/create prefs root node Software\JavaSoft\Prefs at root 0xffffffff80000002. Windows RegCreateKeyEx(...) returned error code 5.
2024-11-13 09:31:54,913 [ERROR] LogOutputStream:75 - [STDERR_REDIRECT] 
2024-11-13 09:31:55,667 [INFO] MainUpdater:2873 - connection check result : 10
2024-11-13 09:31:55,668 [INFO] MainUpdater:290 - Updater Check For Update Now.
2024-11-13 09:31:55,668 [INFO] MicroXplorer:498 - Change Database Version : DB.6.0.111
2024-11-13 09:31:55,722 [INFO] McuFinderGlobals:63 - Set McuFinder mode to 2 (CubeIDE integrated)
2024-11-13 09:31:55,722 [INFO] UserAuth:179 - activating auth plugin
2024-11-13 09:31:55,733 [INFO] UserAuth:415 - Internet connection configuration mode: 1
2024-11-13 09:31:55,798 [INFO] JxBrowserEngine:152 - Initiate JxBrowser Engine with user profile folder
2024-11-13 09:31:55,885 [INFO] CheckServerUpdateThread:120 - End of CheckServer Thread
2024-11-13 09:31:56,363 [WARN] PackLoader:240 - Cannot read IP mode file for STMicroelectronics.FP-SNS-MOTENVWB1.1.4.0
2024-11-13 09:31:56,384 [WARN] PackLoader:240 - Cannot read IP mode file for STMicroelectronics.X-CUBE-SMBUS.2.1.0
2024-11-13 09:31:56,399 [WARN] PackLoader:240 - Cannot read IP mode file for STMicroelectronics.X-CUBE-WB05N.1.1.0
2024-11-13 09:31:56,415 [WARN] PackLoader:240 - Cannot read IP mode file for STMicroelectronics.X-CUBE-TOUCHGFX.4.23.1
2024-11-13 09:31:56,419 [WARN] PackLoader:240 - Cannot read IP mode file for STMicroelectronics.X-CUBE-TOUCHGFX.4.23.0
2024-11-13 09:31:56,422 [WARN] PackLoader:240 - Cannot read IP mode file for STMicroelectronics.X-CUBE-TOUCHGFX.4.23.2
2024-11-13 09:31:56,459 [WARN] PackLoader:240 - Cannot read IP mode file for STMicroelectronics.X-CUBE-AZRTOS-F7.1.1.0
2024-11-13 09:31:56,529 [ERROR] RealEvaluatedCondition:428 - Found unsupported composite condition: CLASS='Data Exchange' GROUP='STM32_MetaDataManager'
2024-11-13 09:31:56,529 [ERROR] RealEvaluatedCondition:428 - Found unsupported composite condition: CLASS='Data Exchange' GROUP='STM32_MetaDataManager'
2024-11-13 09:31:56,532 [WARN] PackLoader:240 - Cannot read IP mode file for STMicroelectronics.FP-SNS-MOTENV1.4.3.0
2024-11-13 09:31:56,543 [WARN] PackLoader:240 - Cannot read IP mode file for STMicroelectronics.FP-SNS-MOTENV1.4.3.2
2024-11-13 09:31:56,554 [WARN] PackLoader:240 - Cannot read IP mode file for STMicroelectronics.FP-SNS-FLIGHT1.5.0.0
2024-11-13 09:31:56,563 [ERROR] RealEvaluatedCondition:428 - Found unsupported composite condition: GROUP='STM32_MetaDataManager' CLASS='Data Exchange'
2024-11-13 09:31:56,563 [ERROR] RealEvaluatedCondition:428 - Found unsupported composite condition: GROUP='STM32_MetaDataManager' CLASS='Data Exchange'
2024-11-13 09:31:56,564 [WARN] PackLoader:240 - Cannot read IP mode file for STMicroelectronics.FP-SNS-MOTENV1.4.3.1
2024-11-13 09:31:56,571 [WARN] PackLoader:240 - Cannot read IP mode file for STMicroelectronics.FP-SNS-FLIGHT1.5.0.1
2024-11-13 09:31:56,577 [WARN] PackLoader:240 - Cannot read IP mode file for STMicroelectronics.X-CUBE-BLE1.6.2.3
2024-11-13 09:31:56,716 [WARN] PackLoader:240 - Cannot read IP mode file for STMicroelectronics.X-CUBE-MEMS1.11.0.0
2024-11-13 09:31:56,962 [WARN] PackLoader:240 - Cannot read IP mode file for STMicroelectronics.X-CUBE-BLE1.6.2.4
2024-11-13 09:31:56,966 [WARN] PackLoader:240 - Cannot read IP mode file for STMicroelectronics.FP-SNS-FLIGHT1.5.0.2
2024-11-13 09:31:57,011 [WARN] PackLoader:240 - Cannot read IP mode file for STMicroelectronics.X-CUBE-TOF1.3.1.0
2024-11-13 09:31:57,027 [WARN] PackLoader:240 - Cannot read IP mode file for STMicroelectronics.X-CUBE-DISPLAY.3.0.0
2024-11-13 09:31:57,036 [WARN] PackLoader:240 - Cannot read IP mode file for STMicroelectronics.X-CUBE-BLE1.7.0.0
2024-11-13 09:31:57,051 [WARN] PackLoader:240 - Cannot read IP mode file for STMicroelectronics.X-CUBE-NFC10.1.0.0
2024-11-13 09:31:57,056 [WARN] PackLoader:240 - Cannot read IP mode file for STMicroelectronics.X-CUBE-TOUCHGFX.4.22.0
2024-11-13 09:31:57,109 [WARN] PackLoader:240 - Cannot read IP mode file for STMicroelectronics.X-CUBE-MEMS1.9.3.0
2024-11-13 09:31:57,284 [WARN] PackLoader:240 - Cannot read IP mode file for STMicroelectronics.X-CUBE-AI.7.2.0
2024-11-13 09:31:57,294 [WARN] PackLoader:240 - Cannot read IP mode file for STMicroelectronics.X-CUBE-BLEMGR.3.1.0
2024-11-13 09:31:57,303 [WARN] PackLoader:240 - Cannot read IP mode file for STMicroelectronics.FP-SNS-SMARTAG2.1.2.0
2024-11-13 09:31:57,316 [INFO] LogOutputStream:77 - [STDOUT_REDIRECT] 1 : Invalid condition id : UX_CORESTACK_Condition cause : null
2024-11-13 09:31:57,317 [INFO] LogOutputStream:77 - [STDOUT_REDIRECT] 1 : Invalid condition id : UX_CORESTACK_Condition cause : null
2024-11-13 09:31:57,319 [INFO] LogOutputStream:77 - [STDOUT_REDIRECT] 1 : Invalid condition id : UX_CORESTACK_Condition cause : null
2024-11-13 09:31:57,322 [INFO] LogOutputStream:77 - [STDOUT_REDIRECT] 1 : Invalid condition id : UX_CORESTACK_Condition cause : null
2024-11-13 09:31:57,325 [INFO] LogOutputStream:77 - [STDOUT_REDIRECT] 1 : Invalid condition id : UX_CORESTACK_Condition cause : null
2024-11-13 09:31:57,330 [WARN] PackLoader:240 - Cannot read IP mode file for STMicroelectronics.X-CUBE-AZRTOS-WL.2.0.0
2024-11-13 09:31:57,335 [WARN] PackLoader:240 - Cannot read IP mode file for STMicroelectronics.FP-SNS-MOTENV1.5.0.0
2024-11-13 09:31:57,341 [WARN] PackLoader:240 - Cannot read IP mode file for wolfSSL.I-CUBE-wolfMQTT.1.19.0
2024-11-13 09:31:57,363 [WARN] PackLoader:240 - Cannot read IP mode file for WES.I-CUBE-Cesium.1.3.0
2024-11-13 09:31:57,369 [WARN] PackLoader:240 - Cannot read IP mode file for STMicroelectronics.X-CUBE-BLE2.3.3.0
2024-11-13 09:31:57,376 [WARN] PackLoader:240 - Cannot read IP mode file for STMicroelectronics.X-CUBE-DISPLAY.2.2.0
2024-11-13 09:31:57,407 [WARN] PackLoader:240 - Cannot read IP mode file for STMicroelectronics.X-CUBE-TOF1.3.2.0
2024-11-13 09:31:57,439 [WARN] PackLoader:240 - Cannot read IP mode file for STMicroelectronics.X-CUBE-ISPU.1.0.0
2024-11-13 09:31:57,448 [WARN] PackLoader:240 - Cannot read IP mode file for STMicroelectronics.X-CUBE-NFC9.1.0.0
2024-11-13 09:31:57,485 [WARN] PackLoader:240 - Cannot read IP mode file for STMicroelectronics.X-CUBE-AZRTOS-H7.2.1.0
2024-11-13 09:31:57,495 [WARN] PackLoader:240 - Cannot read IP mode file for STMicroelectronics.X-CUBE-TCPP.4.1.0
2024-11-13 09:31:57,499 [WARN] PackLoader:240 - Cannot read IP mode file for STMicroelectronics.X-CUBE-TOUCHGFX.4.21.1
2024-11-13 09:31:57,521 [WARN] PackLoader:240 - Cannot read IP mode file for STMicroelectronics.X-CUBE-TOUCHGFX.4.21.3
2024-11-13 09:31:57,524 [WARN] PackLoader:240 - Cannot read IP mode file for STMicroelectronics.X-CUBE-TOUCHGFX.4.21.4
2024-11-13 09:31:57,569 [WARN] PackLoader:240 - Cannot read IP mode file for STMicroelectronics.X-CUBE-MEMS1.9.4.0
2024-11-13 09:31:57,706 [WARN] PackLoader:240 - Cannot read IP mode file for STMicroelectronics.X-CUBE-AI.7.3.0
2024-11-13 09:31:57,712 [WARN] PackLoader:240 - Cannot read IP mode file for STMicroelectronics.X-CUBE-ALGOBUILD.1.3.0
2024-11-13 09:31:57,736 [WARN] PackLoader:240 - Cannot read IP mode file for STMicroelectronics.X-CUBE-AZRTOS-G0.1.1.0
2024-11-13 09:31:57,753 [WARN] PackLoader:240 - Cannot read IP mode file for STMicroelectronics.X-CUBE-SAFEA1.1.2.2
2024-11-13 09:31:57,759 [WARN] PackLoader:240 - Cannot read IP mode file for STMicroelectronics.X-CUBE-NFC4.3.0.0
2024-11-13 09:31:57,806 [WARN] PackLoader:240 - Cannot read IP mode file for SEGGER.I-CUBE-embOS.1.2.0
2024-11-13 09:31:57,887 [WARN] PackLoader:240 - Cannot read IP mode file for EmbeddedOffice.I-CUBE-FS-RTOS.1.0.1
2024-11-13 09:31:57,887 [ERROR] ConditionMgr:805 - Attr not supported : Dmpu
2024-11-13 09:31:57,888 [ERROR] ConditionMgr:805 - Attr not supported : Dmpu
2024-11-13 09:31:57,888 [ERROR] ConditionMgr:805 - Attr not supported : Dmpu
2024-11-13 09:31:57,888 [ERROR] ConditionMgr:805 - Attr not supported : Dmpu
2024-11-13 09:31:57,888 [ERROR] ConditionMgr:805 - Attr not supported : Dmpu
2024-11-13 09:31:57,888 [ERROR] ConditionMgr:805 - Attr not supported : Dmpu
2024-11-13 09:31:57,888 [ERROR] ConditionMgr:805 - Attr not supported : Dmpu
2024-11-13 09:31:57,888 [ERROR] ConditionMgr:805 - Attr not supported : Dmpu
2024-11-13 09:31:57,888 [ERROR] ConditionMgr:805 - Attr not supported : Dmpu
2024-11-13 09:31:57,888 [ERROR] ConditionMgr:805 - Attr not supported : Dmpu
2024-11-13 09:31:57,888 [ERROR] ConditionMgr:805 - Attr not supported : Dmpu
2024-11-13 09:31:57,888 [ERROR] ConditionMgr:805 - Attr not supported : Dmpu
2024-11-13 09:31:57,888 [ERROR] ConditionMgr:805 - Attr not supported : Dmpu
2024-11-13 09:31:57,889 [ERROR] ConditionMgr:805 - Attr not supported : Dmpu
2024-11-13 09:31:57,889 [ERROR] ConditionMgr:805 - Attr not supported : Dmpu
2024-11-13 09:31:57,889 [ERROR] ConditionMgr:805 - Attr not supported : Dmpu
2024-11-13 09:31:57,889 [ERROR] ConditionMgr:805 - Attr not supported : Dmpu
2024-11-13 09:31:57,889 [ERROR] ConditionMgr:805 - Attr not supported : Dmpu
2024-11-13 09:31:57,889 [ERROR] ConditionMgr:805 - Attr not supported : Dmpu
2024-11-13 09:31:57,889 [ERROR] ConditionMgr:805 - Attr not supported : Dmpu
2024-11-13 09:31:57,889 [ERROR] ConditionMgr:805 - Attr not supported : Dmpu
2024-11-13 09:31:57,889 [ERROR] ConditionMgr:805 - Attr not supported : Dmpu
2024-11-13 09:31:57,889 [ERROR] ConditionMgr:805 - Attr not supported : Dmpu
2024-11-13 09:31:57,889 [ERROR] ConditionMgr:805 - Attr not supported : Dmpu
2024-11-13 09:31:57,889 [ERROR] ConditionMgr:805 - Attr not supported : Dmpu
2024-11-13 09:31:57,889 [ERROR] ConditionMgr:805 - Attr not supported : Dmpu
2024-11-13 09:31:57,889 [ERROR] ConditionMgr:805 - Attr not supported : Dmpu
2024-11-13 09:31:57,889 [ERROR] ConditionMgr:805 - Attr not supported : Dmpu
2024-11-13 09:31:57,889 [ERROR] ConditionMgr:805 - Attr not supported : Dmpu
2024-11-13 09:31:57,889 [ERROR] ConditionMgr:805 - Attr not supported : Dmpu
2024-11-13 09:31:57,889 [ERROR] ConditionMgr:805 - Attr not supported : Dmpu
2024-11-13 09:31:57,889 [ERROR] ConditionMgr:805 - Attr not supported : Dmpu
2024-11-13 09:31:57,889 [ERROR] ConditionMgr:805 - Attr not supported : Dmpu
2024-11-13 09:31:57,890 [ERROR] ConditionMgr:805 - Attr not supported : Dmpu
2024-11-13 09:31:57,891 [ERROR] ConditionMgr:805 - Attr not supported : Dmpu
2024-11-13 09:31:57,891 [ERROR] ConditionMgr:805 - Attr not supported : Dmpu
2024-11-13 09:31:57,891 [ERROR] ConditionMgr:805 - Attr not supported : Dmpu
2024-11-13 09:31:57,891 [ERROR] ConditionMgr:805 - Attr not supported : Dmpu
2024-11-13 09:31:57,891 [ERROR] ConditionMgr:805 - Attr not supported : Dmpu
2024-11-13 09:31:57,891 [ERROR] ConditionMgr:805 - Attr not supported : Dmpu
2024-11-13 09:31:57,891 [ERROR] ConditionMgr:805 - Attr not supported : Dmpu
2024-11-13 09:31:57,891 [ERROR] ConditionMgr:805 - Attr not supported : Dmpu
2024-11-13 09:31:57,891 [ERROR] ConditionMgr:805 - Attr not supported : Dmpu
2024-11-13 09:31:57,891 [ERROR] ConditionMgr:805 - Attr not supported : Dmpu
2024-11-13 09:31:57,891 [ERROR] ConditionMgr:805 - Attr not supported : Dmpu
2024-11-13 09:31:57,891 [ERROR] ConditionMgr:805 - Attr not supported : Dmpu
2024-11-13 09:31:57,892 [ERROR] ConditionMgr:805 - Attr not supported : Dmpu
2024-11-13 09:31:57,892 [ERROR] ConditionMgr:805 - Attr not supported : Dmpu
2024-11-13 09:31:57,892 [ERROR] ConditionMgr:805 - Attr not supported : Dmpu
2024-11-13 09:31:57,892 [ERROR] ConditionMgr:805 - Attr not supported : Dmpu
2024-11-13 09:31:57,892 [ERROR] ConditionMgr:805 - Attr not supported : Dmpu
2024-11-13 09:31:57,892 [ERROR] ConditionMgr:805 - Attr not supported : Dmpu
2024-11-13 09:31:57,892 [ERROR] ConditionMgr:805 - Attr not supported : Dmpu
2024-11-13 09:31:57,892 [ERROR] ConditionMgr:805 - Attr not supported : Dmpu
2024-11-13 09:31:57,892 [ERROR] ConditionMgr:805 - Attr not supported : Dmpu
2024-11-13 09:31:57,892 [ERROR] ConditionMgr:805 - Attr not supported : Dmpu
2024-11-13 09:31:57,892 [ERROR] ConditionMgr:805 - Attr not supported : Dmpu
2024-11-13 09:31:57,892 [ERROR] ConditionMgr:805 - Attr not supported : Dmpu
2024-11-13 09:31:57,893 [ERROR] ConditionMgr:805 - Attr not supported : Dmpu
2024-11-13 09:31:57,893 [ERROR] ConditionMgr:805 - Attr not supported : Dmpu
2024-11-13 09:31:57,893 [ERROR] ConditionMgr:805 - Attr not supported : Dmpu
2024-11-13 09:31:57,893 [ERROR] ConditionMgr:805 - Attr not supported : Dmpu
2024-11-13 09:31:57,893 [ERROR] ConditionMgr:805 - Attr not supported : Dmpu
2024-11-13 09:31:57,893 [ERROR] ConditionMgr:805 - Attr not supported : Dmpu
2024-11-13 09:31:57,901 [WARN] PackLoader:240 - Cannot read IP mode file for STMicroelectronics.X-CUBE-BLEMGR.3.0.0
2024-11-13 09:31:57,911 [WARN] PackLoader:240 - Cannot read IP mode file for STMicroelectronics.X-CUBE-BLEMGR.1.3.0
2024-11-13 09:31:57,918 [WARN] PackLoader:240 - Cannot read IP mode file for RealThread.X-CUBE-RT-Thread_Nano.4.1.1
2024-11-13 09:31:57,922 [WARN] PackLoader:240 - Cannot read IP mode file for STMicroelectronics.FP-ATR-SIGFOX1.3.2.0
2024-11-13 09:31:57,929 [WARN] PackLoader:240 - Cannot read IP mode file for STMicroelectronics.X-CUBE-EEPRMA1.5.1.0
2024-11-13 09:31:57,937 [WARN] PackLoader:240 - Cannot read IP mode file for emotas.I-CUBE-CANOPEN.1.1.2
2024-11-13 09:31:57,940 [WARN] PackLoader:240 - Cannot read IP mode file for STMicroelectronics.X-CUBE-TOUCHGFX.4.20.0
2024-11-13 09:31:57,993 [WARN] PackLoader:240 - Cannot read IP mode file for STMicroelectronics.X-CUBE-MEMS1.9.5.0
2024-11-13 09:31:58,263 [WARN] PackLoader:240 - Cannot read IP mode file for SEGGER.I-CUBE-embOS.1.3.1
2024-11-13 09:31:58,324 [WARN] PackLoader:240 - Cannot read IP mode file for STMicroelectronics.X-CUBE-ALGOBUILD.1.4.0
2024-11-13 09:31:58,330 [WARN] PackLoader:240 - Cannot read IP mode file for STMicroelectronics.X-CUBE-AI.9.1.0
2024-11-13 09:31:58,336 [WARN] PackLoader:240 - Cannot read IP mode file for STMicroelectronics.X-CUBE-GNSS1.6.0.0
2024-11-13 09:31:58,361 [WARN] PackLoader:240 - Cannot read IP mode file for STMicroelectronics.X-CUBE-AZRTOS-F4.1.1.0
2024-11-13 09:31:58,369 [WARN] PackLoader:240 - Cannot read IP mode file for STMicroelectronics.X-CUBE-ISPU.2.1.0
2024-11-13 09:31:58,378 [WARN] PackLoader:240 - Cannot read IP mode file for STMicroelectronics.X-CUBE-FREERTOS.1.2.0
2024-11-13 09:31:58,388 [WARN] PackLoader:240 - Cannot read IP mode file for STMicroelectronics.X-CUBE-BLEMGR.1.2.0
2024-11-13 09:31:58,416 [WARN] PackLoader:240 - Cannot read IP mode file for STMicroelectronics.X-CUBE-AZRTOS-L5.2.0.0
2024-11-13 09:31:58,482 [WARN] PackLoader:240 - Cannot read IP mode file for STMicroelectronics.X-CUBE-MEMS1.9.6.0
2024-11-13 09:31:58,670 [WARN] PackLoader:240 - Cannot read IP mode file for STMicroelectronics.X-CUBE-EEPRMA1.4.2.0
2024-11-13 09:31:58,680 [WARN] PackLoader:240 - Cannot read IP mode file for STMicroelectronics.X-CUBE-NFC6.3.1.0
2024-11-13 09:31:58,688 [WARN] PackLoader:240 - Cannot read IP mode file for ITTIA_DB.I-CUBE-ITTIADB.8.8.0
2024-11-13 09:31:58,697 [WARN] PackLoader:240 - Cannot read IP mode file for STMicroelectronics.X-CUBE-BLEMGR.2.0.0
2024-11-13 09:31:58,704 [WARN] PackLoader:240 - Cannot read IP mode file for STMicroelectronics.X-CUBE-DPower.1.2.0
2024-11-13 09:31:58,711 [WARN] PackLoader:240 - Cannot read IP mode file for STMicroelectronics.X-CUBE-NFC4.2.0.4
2024-11-13 09:31:58,715 [WARN] PackLoader:240 - Cannot read IP mode file for STMicroelectronics.X-CUBE-AI.9.0.0
2024-11-13 09:31:58,734 [WARN] ConditionMgr:438 - getConditionDescription Invalid condition id : UX DEVICE CLASS RTOS Condition cause : null
2024-11-13 09:31:58,734 [WARN] ConditionMgr:438 - getConditionDescription Invalid condition id : UX DEVICE CLASS RTOS Condition cause : null
2024-11-13 09:31:58,738 [WARN] PackLoader:240 - Cannot read IP mode file for STMicroelectronics.X-CUBE-AZRTOS-H7.3.1.0
2024-11-13 09:31:58,750 [WARN] ConditionMgr:1039 - genDependencies : Invalid condition id : UX DEVICE CLASS RTOS Condition cause : null
2024-11-13 09:31:58,751 [WARN] ConditionMgr:1039 - genDependencies : Invalid condition id : UX DEVICE CLASS RTOS Condition cause : null
2024-11-13 09:31:58,751 [WARN] ConditionMgr:1039 - genDependencies : Invalid condition id : UX DEVICE CLASS RTOS Condition cause : null
2024-11-13 09:31:58,752 [WARN] ConditionMgr:1039 - genDependencies : Invalid condition id : UX DEVICE CLASS RTOS Condition cause : null
2024-11-13 09:31:58,752 [WARN] ConditionMgr:1039 - genDependencies : Invalid condition id : UX DEVICE CLASS RTOS Condition cause : null
2024-11-13 09:31:58,758 [WARN] PackLoader:240 - Cannot read IP mode file for wolfSSL.I-CUBE-wolfSSL.5.5.0
2024-11-13 09:31:58,763 [WARN] PackLoader:240 - Cannot read IP mode file for STMicroelectronics.X-CUBE-NFC7.1.0.1
2024-11-13 09:31:58,768 [WARN] PackLoader:240 - Cannot read IP mode file for STMicroelectronics.X-CUBE-NFC7.1.0.0
2024-11-13 09:31:58,773 [WARN] PackLoader:240 - Cannot read IP mode file for wolfSSL.I-CUBE-wolfTPM.3.2.0
2024-11-13 09:31:58,780 [WARN] PackLoader:240 - Cannot read IP mode file for STMicroelectronics.X-CUBE-NFC6.3.0.0
2024-11-13 09:31:58,787 [WARN] PackLoader:240 - Cannot read IP mode file for STMicroelectronics.X-CUBE-EEPRMA1.4.1.0
2024-11-13 09:31:58,792 [WARN] PackLoader:240 - Cannot read IP mode file for STMicroelectronics.X-CUBE-AI.8.1.0
2024-11-13 09:31:58,851 [WARN] ConditionMgr:438 - getConditionDescription Invalid condition id : LAN8742 Phy interface Condition cause : null
2024-11-13 09:31:58,852 [WARN] PackLoader:240 - Cannot read IP mode file for STMicroelectronics.X-CUBE-AZRTOS-L4.2.0.0
2024-11-13 09:31:58,853 [WARN] ConditionMgr:1039 - genDependencies : Invalid condition id : LAN8742 Phy interface Condition cause : null
2024-11-13 09:31:58,854 [WARN] ConditionMgr:1039 - genDependencies : Invalid condition id : LAN8742 Phy interface Condition cause : null
2024-11-13 09:31:58,854 [WARN] ConditionMgr:1039 - genDependencies : Invalid condition id : LAN8742 Phy interface Condition cause : null
2024-11-13 09:31:58,862 [WARN] PackLoader:240 - Cannot read IP mode file for STMicroelectronics.X-CUBE-SFXS2LP1.4.0.0
2024-11-13 09:31:58,886 [WARN] PackLoader:240 - Cannot read IP mode file for STMicroelectronics.X-CUBE-AZRTOS-H7.3.0.0
2024-11-13 09:31:58,893 [WARN] PackLoader:240 - Cannot read IP mode file for STMicroelectronics.X-CUBE-ISPU.1.1.0
2024-11-13 09:31:58,917 [WARN] PackLoader:240 - Cannot read IP mode file for STMicroelectronics.X-CUBE-AZRTOS-H7.3.3.0
2024-11-13 09:31:58,927 [WARN] PackLoader:240 - Cannot read IP mode file for RoweBots.I-CUBE-UNISONRTOS.5.5.0-4
2024-11-13 09:31:58,931 [WARN] PackLoader:240 - Cannot read IP mode file for STMicroelectronics.X-CUBE-AI.8.0.0
2024-11-13 09:31:58,944 [WARN] PackLoader:240 - Cannot read IP mode file for STMicroelectronics.X-CUBE-IPS.3.0.0
2024-11-13 09:31:58,962 [WARN] ConditionMgr:438 - getConditionDescription Invalid condition id : UX DEVICE CLASS RTOS Condition cause : null
2024-11-13 09:31:58,963 [WARN] ConditionMgr:438 - getConditionDescription Invalid condition id : UX DEVICE CLASS RTOS Condition cause : null
2024-11-13 09:31:58,965 [WARN] PackLoader:240 - Cannot read IP mode file for STMicroelectronics.X-CUBE-AZRTOS-WB.2.0.0
2024-11-13 09:31:58,966 [WARN] ConditionMgr:1039 - genDependencies : Invalid condition id : UX DEVICE CLASS RTOS Condition cause : null
2024-11-13 09:31:58,966 [WARN] ConditionMgr:1039 - genDependencies : Invalid condition id : UX DEVICE CLASS RTOS Condition cause : null
2024-11-13 09:31:58,967 [WARN] ConditionMgr:1039 - genDependencies : Invalid condition id : UX DEVICE CLASS RTOS Condition cause : null
2024-11-13 09:31:58,967 [WARN] ConditionMgr:1039 - genDependencies : Invalid condition id : UX DEVICE CLASS RTOS Condition cause : null
2024-11-13 09:31:58,967 [WARN] ConditionMgr:1039 - genDependencies : Invalid condition id : UX DEVICE CLASS RTOS Condition cause : null
2024-11-13 09:31:58,971 [WARN] PackLoader:240 - Cannot read IP mode file for STMicroelectronics.X-CUBE-FREERTOS.1.0.0
2024-11-13 09:31:58,976 [WARN] PackLoader:240 - Cannot read IP mode file for STMicroelectronics.X-CUBE-FREERTOS.1.0.1
2024-11-13 09:31:58,983 [WARN] PackLoader:240 - Cannot read IP mode file for STMicroelectronics.X-CUBE-GNSS1.7.0.0
2024-11-13 09:31:58,995 [WARN] PackLoader:240 - Cannot read IP mode file for STMicroelectronics.X-CUBE-BLEMGR.1.0.0
2024-11-13 09:31:59,003 [WARN] PackLoader:240 - Cannot read IP mode file for STMicroelectronics.FP-SNS-STBOX1.2.0.0
2024-11-13 09:31:59,021 [WARN] PackLoader:240 - Cannot read IP mode file for STMicroelectronics.X-CUBE-AZRTOS-L5.1.1.0
2024-11-13 09:31:59,027 [WARN] PackLoader:240 - Cannot read IP mode file for STMicroelectronics.X-CUBE-AI.8.0.1
2024-11-13 09:31:59,038 [WARN] PackLoader:240 - Cannot read IP mode file for STMicroelectronics.X-CUBE-SUBG2.5.0.0
2024-11-13 09:31:59,056 [WARN] PackLoader:240 - Cannot read IP mode file for STMicroelectronics.X-CUBE-TOF1.3.3.1
2024-11-13 09:31:59,079 [WARN] PackLoader:240 - Cannot read IP mode file for STMicroelectronics.X-CUBE-AZRTOS-G4.2.0.0
2024-11-13 09:31:59,091 [WARN] PackLoader:240 - Cannot read IP mode file for STMicroelectronics.X-CUBE-TOF1.3.3.0
2024-11-13 09:31:59,104 [WARN] PackLoader:240 - Cannot read IP mode file for STMicroelectronics.FP-ATR-ASTRA1.1.1.1
2024-11-13 09:31:59,117 [WARN] PackLoader:240 - Cannot read IP mode file for Infineon.AIROC-Wi-Fi-Bluetooth-STM32.1.5.1
2024-11-13 09:31:59,124 [WARN] PackLoader:240 - Cannot read IP mode file for STMicroelectronics.FP-SNS-MOTENVWB1.1.3.1
2024-11-13 09:31:59,137 [WARN] PackLoader:240 - Cannot read IP mode file for STMicroelectronics.X-CUBE-AZRTOS-G4.1.0.0
2024-11-13 09:31:59,157 [WARN] PackLoader:240 - Cannot read IP mode file for STMicroelectronics.X-CUBE-AZRTOS-L4.1.0.0
2024-11-13 09:31:59,165 [WARN] PackLoader:240 - Cannot read IP mode file for STMicroelectronics.X-CUBE-ISPU.2.0.0
2024-11-13 09:31:59,171 [WARN] PackLoader:240 - Cannot read IP mode file for STMicroelectronics.X-CUBE-ALS.1.0.2
2024-11-13 09:31:59,214 [INFO] WebApp:161 - Instantiating new browser for Auth
2024-11-13 09:31:59,237 [WARN] PackLoader:240 - Cannot read IP mode file for STMicroelectronics.X-CUBE-MEMS1.10.0.0
2024-11-13 09:31:59,358 [WARN] PackLoader:240 - Cannot read IP mode file for STMicroelectronics.X-CUBE-FREERTOS.1.1.0
2024-11-13 09:31:59,361 [WARN] PackLoader:240 - Cannot read IP mode file for STMicroelectronics.X-CUBE-TOUCHGFX.4.24.0
2024-11-13 09:31:59,372 [WARN] PackLoader:240 - Cannot read IP mode file for STMicroelectronics.X-CUBE-AZRTOS-WL.1.0.0
2024-11-13 09:31:59,376 [WARN] PackLoader:240 - Cannot read IP mode file for STMicroelectronics.X-CUBE-TOUCHGFX.4.24.1
2024-11-13 09:31:59,386 [WARN] PackLoader:240 - Cannot read IP mode file for portGmbH.I-Cube-SoM-uGOAL.1.1.0
2024-11-13 09:31:59,390 [WARN] PackLoader:240 - Cannot read IP mode file for STMicroelectronics.X-CUBE-ALS.1.0.1
2024-11-13 09:31:59,403 [WARN] PackLoader:240 - Cannot read IP mode file for STMicroelectronics.X-CUBE-AZRTOS-WB.1.1.0
2024-11-13 09:31:59,421 [WARN] PackLoader:240 - Cannot read IP mode file for STMicroelectronics.X-CUBE-AZRTOS-L5.1.0.0
2024-11-13 09:31:59,429 [WARN] PackLoader:240 - Cannot read IP mode file for STMicroelectronics.X-CUBE-EEPRMA1.3.1.1
2024-11-13 09:31:59,448 [WARN] PackLoader:240 - Cannot read IP mode file for STMicroelectronics.X-CUBE-AZRTOS-H7RS.1.0.0
2024-11-13 09:31:59,454 [WARN] PackLoader:240 - Cannot read IP mode file for STMicroelectronics.FP-ATR-ASTRA1.2.0.0
2024-11-13 09:31:59,534 [WARN] PackLoader:240 - Cannot read IP mode file for STMicroelectronics.X-CUBE-TOF1.3.4.2
2024-11-13 09:31:59,553 [WARN] PackLoader:240 - Cannot read IP mode file for STMicroelectronics.X-CUBE-TOF1.3.4.0
2024-11-13 09:31:59,575 [WARN] PackLoader:240 - Cannot read IP mode file for STMicroelectronics.X-CUBE-TOF1.3.4.1
2024-11-13 09:31:59,607 [WARN] PackLoader:240 - Cannot read IP mode file for STMicroelectronics.X-CUBE-AZRTOS-H7.3.2.0
2024-11-13 09:31:59,615 [WARN] PackLoader:240 - Cannot read IP mode file for wolfSSL.I-CUBE-wolfSSH.1.4.17
2024-11-13 09:31:59,615 [INFO] ThirdParty:978 - Integrity check success = true
2024-11-13 09:31:59,615 [INFO] IntegrityCheckThread:100 - exiting critical section [integrity check]
2024-11-13 09:31:59,615 [INFO] IntegrityCheckThread:103 - End integrity checks thread
2024-11-13 09:32:00,481 [INFO] WebApp:779 - Register for checkConnection events
2024-11-13 09:32:00,481 [INFO] WebApp:414 - Apply proxy settings
2024-11-13 09:32:00,482 [INFO] WebApp:499 - Chromium requires no authentication
2024-11-13 09:32:00,490 [INFO] WebApp:442 - Direct internet connection detected
2024-11-13 09:32:00,736 [INFO] WebApp:192 - Starting web application
2024-11-13 09:32:00,737 [INFO] WebApp:544 - Web application path used C:\ST\STM32CubeIDE_1.10.1\STM32CubeIDE\plugins\com.st.stm32cube.common.mx_6.11.1.202404110753\db\plugins\mcufinder\reactClient1\index.html
2024-11-13 16:31:51,367 [INFO] Activator:176 - 


2024-11-13 16:31:51,380 [INFO] Activator:177 - !SESSION log4j initialized
2024-11-13 16:32:40,003 [INFO] LogOutputStream:77 - [STDOUT_REDIRECT] 
2024-11-13 16:33:16,951 [INFO] ApplicationProperties:184 - Using Application install path: C:\ST\STM32CubeIDE_1.10.1\STM32CubeIDE\plugins\com.st.stm32cube.common.mx_6.11.1.202404110753
2024-11-13 16:33:17,064 [INFO] DbMcusXml:78 - Set database path to: C:\ST\STM32CubeIDE_1.10.1\STM32CubeIDE\plugins\com.st.stm32cube.common.mx_6.11.1.202404110753\\db\/mcu/
2024-11-13 16:33:17,066 [INFO] ApiDb:274 - Set plugin database path to: C:\ST\STM32CubeIDE_1.10.1\STM32CubeIDE\plugins\com.st.stm32cube.common.mx_6.11.1.202404110753\\db\/plugins/boardmanager/
2024-11-13 16:33:17,069 [WARN] ApiDb:259 - Overriding images path with different value:  => C:\ST\STM32CubeIDE_1.10.1\STM32CubeIDE\plugins\com.st.stm32cube.common.mx_6.11.1.202404110753\\db\/plugins/mcufinder/images/
2024-11-13 16:33:17,109 [INFO] ApiDb:250 - Set database path to: C:\Users\saksh\.stmcufinder\plugins\mcufinder//mcu/
2024-11-13 16:33:17,115 [INFO] DbMcusAds:125 - Set database path to: C:\Users\saksh\.stmcufinder\plugins\mcufinder//mcu/
2024-11-13 16:33:17,213 [INFO] CrossReferenceDbSqlite:203 - Set database path to: C:\Users\saksh\.stmcufinder\plugins\mcufinder//mcu/cs/
2024-11-13 16:33:18,083 [INFO] RulesReader:64 - Compatibility file has been processed (297 Rules)
2024-11-13 16:33:18,601 [INFO] DbMcusXml:78 - Set database path to: C:\ST\STM32CubeIDE_1.10.1\STM32CubeIDE\plugins\com.st.stm32cube.common.mx_6.11.1.202404110753\\db\/mcu/
2024-11-13 16:33:18,602 [INFO] ApiDb:274 - Set plugin database path to: C:\ST\STM32CubeIDE_1.10.1\STM32CubeIDE\plugins\com.st.stm32cube.common.mx_6.11.1.202404110753\\db\/plugins/boardmanager/
2024-11-13 16:33:18,604 [INFO] ApiDb:261 - Set plugin images path to: C:\ST\STM32CubeIDE_1.10.1\STM32CubeIDE\plugins\com.st.stm32cube.common.mx_6.11.1.202404110753\\db\/plugins/mcufinder/images/
2024-11-13 16:33:18,606 [WARN] DbFile:41 - Overriding database path with different value: C:\Users\saksh\.stmcufinder\plugins\mcufinder/ => C:\Users\saksh\.stmcufinder\plugins\mcufinder
2024-11-13 16:33:18,607 [INFO] ApiDb:250 - Set database path to: C:\Users\saksh\.stmcufinder\plugins\mcufinder//mcu/
2024-11-13 16:33:18,607 [WARN] DbFile:41 - Overriding database path with different value: C:\Users\saksh\.stmcufinder\plugins\mcufinder/ => C:\Users\saksh\.stmcufinder\plugins\mcufinder
2024-11-13 16:33:18,608 [INFO] DbMcusAds:125 - Set database path to: C:\Users\saksh\.stmcufinder\plugins\mcufinder//mcu/
2024-11-13 16:33:18,609 [WARN] DbFile:41 - Overriding database path with different value: C:\Users\saksh\.stmcufinder\plugins\mcufinder/ => C:\Users\saksh\.stmcufinder\plugins\mcufinder
2024-11-13 16:33:18,610 [WARN] DbFile:41 - Overriding database path with different value: C:\Users\saksh\.stmcufinder\plugins\mcufinder/ => C:\Users\saksh\.stmcufinder\plugins\mcufinder
2024-11-13 16:33:18,611 [INFO] CrossReferenceDbSqlite:203 - Set database path to: C:\Users\saksh\.stmcufinder\plugins\mcufinder//mcu/cs/
2024-11-13 16:33:19,086 [INFO] MainPanel:264 - HeapMemory: 268435456
2024-11-13 16:33:19,639 [INFO] DbMcusXml:78 - Set database path to: C:\ST\STM32CubeIDE_1.10.1\STM32CubeIDE\plugins\com.st.stm32cube.common.mx_6.11.1.202404110753\\db\/mcu/
2024-11-13 16:33:19,640 [INFO] ApiDb:274 - Set plugin database path to: C:\ST\STM32CubeIDE_1.10.1\STM32CubeIDE\plugins\com.st.stm32cube.common.mx_6.11.1.202404110753\\db\/plugins/boardmanager/
2024-11-13 16:33:19,641 [INFO] ApiDb:261 - Set plugin images path to: C:\ST\STM32CubeIDE_1.10.1\STM32CubeIDE\plugins\com.st.stm32cube.common.mx_6.11.1.202404110753\\db\/plugins/mcufinder/images/
2024-11-13 16:33:19,644 [WARN] DbFile:41 - Overriding database path with different value: C:\Users\saksh\.stmcufinder\plugins\mcufinder/ => C:\Users\saksh\.stmcufinder\plugins\mcufinder
2024-11-13 16:33:19,644 [INFO] ApiDb:250 - Set database path to: C:\Users\saksh\.stmcufinder\plugins\mcufinder//mcu/
2024-11-13 16:33:19,645 [WARN] DbFile:41 - Overriding database path with different value: C:\Users\saksh\.stmcufinder\plugins\mcufinder/ => C:\Users\saksh\.stmcufinder\plugins\mcufinder
2024-11-13 16:33:19,646 [INFO] DbMcusAds:125 - Set database path to: C:\Users\saksh\.stmcufinder\plugins\mcufinder//mcu/
2024-11-13 16:33:19,646 [WARN] DbFile:41 - Overriding database path with different value: C:\Users\saksh\.stmcufinder\plugins\mcufinder/ => C:\Users\saksh\.stmcufinder\plugins\mcufinder
2024-11-13 16:33:19,647 [WARN] DbFile:41 - Overriding database path with different value: C:\Users\saksh\.stmcufinder\plugins\mcufinder/ => C:\Users\saksh\.stmcufinder\plugins\mcufinder
2024-11-13 16:33:19,649 [INFO] CrossReferenceDbSqlite:203 - Set database path to: C:\Users\saksh\.stmcufinder\plugins\mcufinder//mcu/cs/
2024-11-13 16:33:19,764 [INFO] ApplicationProperties:184 - Using Application install path: C:\ST\STM32CubeIDE_1.10.1\STM32CubeIDE\plugins\com.st.stm32cube.common.mx_6.11.1.202404110753
2024-11-13 16:33:19,773 [INFO] PluginManage:196 - Search for loadable plugins [exclusion list=, ]
2024-11-13 16:33:19,782 [INFO] PluginManage:310 - Check plugin analytics
2024-11-13 16:33:20,871 [INFO] AnalyticsPlugin:253 - Accepted Software Licenses: 
2024-11-13 16:33:20,872 [INFO] AnalyticsPlugin:255 - Accepted CMSIS Pack Licenses: 
2024-11-13 16:33:20,874 [INFO] AnalyticsPlugin:257 - Accepted Firmware Licenses: FW.H7.1.10.0,FW.G4.1.5.0
2024-11-13 16:33:20,896 [INFO] PluginManage:359 - Loaded plugin analytics (category:tool,tabindex:-1)
2024-11-13 16:33:20,898 [INFO] PluginManage:310 - Check plugin cadmodel
2024-11-13 16:33:21,000 [INFO] CADModel:105 - Init CAD model plugin
2024-11-13 16:33:21,001 [INFO] PluginManage:359 - Loaded plugin cadmodel (category:power,tabindex:5)
2024-11-13 16:33:21,002 [INFO] PluginManage:310 - Check plugin clock
2024-11-13 16:33:21,139 [INFO] PluginManage:359 - Loaded plugin clock (category:base,tabindex:2)
2024-11-13 16:33:21,140 [INFO] PluginManage:310 - Check plugin ddr
2024-11-13 16:33:21,153 [INFO] PluginManage:359 - Loaded plugin ddr (category:tool,tabindex:6)
2024-11-13 16:33:21,155 [INFO] PluginManage:310 - Check plugin filemanager
2024-11-13 16:33:22,123 [INFO] PluginManage:359 - Loaded plugin filemanager (category:base,tabindex:10)
2024-11-13 16:33:22,124 [INFO] PluginManage:310 - Check plugin ipmanager
2024-11-13 16:33:22,170 [INFO] PluginManage:359 - Loaded plugin ipmanager (category:base,tabindex:5)
2024-11-13 16:33:22,171 [INFO] PluginManage:310 - Check plugin lpbam
2024-11-13 16:33:22,285 [INFO] PluginManage:359 - Loaded plugin lpbam (category:base,tabindex:0)
2024-11-13 16:33:22,286 [INFO] PluginManage:310 - Check plugin memorymap
2024-11-13 16:33:22,428 [INFO] PluginManage:359 - Loaded plugin memorymap (category:base,tabindex:4)
2024-11-13 16:33:22,428 [INFO] PluginManage:310 - Check plugin pinoutandconfiguration
2024-11-13 16:33:22,562 [INFO] PluginManage:359 - Loaded plugin pinoutandconfiguration (category:base,tabindex:1)
2024-11-13 16:33:22,564 [INFO] PluginManage:310 - Check plugin pinoutconfig
2024-11-13 16:33:23,217 [WARN] SupportedApi:132 - Cannot load RTOS API schema: s4s-elt-must-match.1: The content of 'definitions' must match (annotation?, (simpleType | complexType)?, (unique | key | keyref)*)). A problem was found starting at: attribute.
2024-11-13 16:33:24,230 [INFO] PluginManage:359 - Loaded plugin pinoutconfig (category:base,tabindex:0)
2024-11-13 16:33:24,231 [INFO] PluginManage:310 - Check plugin power
2024-11-13 16:33:24,370 [INFO] PluginManage:359 - Loaded plugin power (category:power,tabindex:4)
2024-11-13 16:33:24,371 [INFO] PluginManage:310 - Check plugin projectmanager
2024-11-13 16:33:24,484 [INFO] PluginManage:359 - Loaded plugin projectmanager (category:projectmanager,tabindex:3)
2024-11-13 16:33:24,486 [INFO] PluginManage:310 - Check plugin thirdparty
2024-11-13 16:33:26,346 [WARN] IntegrityCheckThread:84 - waiting for thirdparty lock release [integrity check]
2024-11-13 16:33:26,348 [INFO] PluginManage:359 - Loaded plugin thirdparty (category:base,tabindex:-1)
2024-11-13 16:33:26,348 [INFO] IntegrityCheckThread:86 - entering critical section [integrity check]
2024-11-13 16:33:26,348 [INFO] PluginManage:310 - Check plugin tools
2024-11-13 16:33:26,350 [INFO] ThirdPartyUpdaterWithRetryManager:70 - Updater plugin not ready yet. [1/15]
2024-11-13 16:33:26,620 [INFO] PluginManage:359 - Loaded plugin tools (category:base,tabindex:7)
2024-11-13 16:33:26,621 [INFO] PluginManage:310 - Check plugin tutovideos
2024-11-13 16:33:28,190 [INFO] PluginManage:359 - Loaded plugin tutovideos (category:base,tabindex:-1)
2024-11-13 16:33:28,192 [INFO] PluginManage:310 - Check plugin updater
2024-11-13 16:33:28,262 [INFO] PluginManage:359 - Loaded plugin updater (category:base,tabindex:12)
2024-11-13 16:33:28,264 [INFO] PluginManage:310 - Check plugin userauth
2024-11-13 16:33:28,300 [INFO] UserAuth:114 - Init User Auth plugin
2024-11-13 16:33:28,302 [INFO] PluginManage:359 - Loaded plugin userauth (category:base,tabindex:14)
2024-11-13 16:33:28,305 [INFO] PluginManage:283 - PluginManage : Loaded plugins [17]
2024-11-13 16:33:29,352 [INFO] ThirdPartyUpdaterWithRetryManager:70 - Updater plugin not ready yet. [2/15]
2024-11-13 16:33:29,790 [INFO] PinOutPanel:1561 - setPackage(No Configuration,No Configuration)
2024-11-13 16:33:30,331 [INFO] CADModel:165 - CPN selected for project level
2024-11-13 16:33:30,332 [INFO] CADModel:114 - Register for checkConnection events
2024-11-13 16:33:30,496 [INFO] IPUIPlugin:80 - create IPUIPlugin
2024-11-13 16:33:30,497 [INFO] PluginManager:220 - loadIPPluginJar : add adc
2024-11-13 16:33:30,781 [INFO] IPUIPlugin:80 - create IPUIPlugin
2024-11-13 16:33:30,782 [INFO] PluginManager:220 - loadIPPluginJar : add aes
2024-11-13 16:33:31,142 [INFO] IPUIPlugin:80 - create IPUIPlugin
2024-11-13 16:33:31,143 [INFO] PluginManager:220 - loadIPPluginJar : add can
2024-11-13 16:33:31,347 [INFO] IPUIPlugin:80 - create IPUIPlugin
2024-11-13 16:33:31,350 [INFO] PluginManager:220 - loadIPPluginJar : add comp
2024-11-13 16:33:31,638 [INFO] IPUIPlugin:80 - create IPUIPlugin
2024-11-13 16:33:31,639 [INFO] PluginManager:220 - loadIPPluginJar : add cryp
2024-11-13 16:33:31,933 [INFO] IPUIPlugin:80 - create IPUIPlugin
2024-11-13 16:33:31,935 [INFO] PluginManager:220 - loadIPPluginJar : add dfsdm
2024-11-13 16:33:32,100 [INFO] IPUIPlugin:80 - create IPUIPlugin
2024-11-13 16:33:32,104 [INFO] PluginManager:220 - loadIPPluginJar : add dma
2024-11-13 16:33:32,354 [INFO] ThirdPartyUpdaterWithRetryManager:70 - Updater plugin not ready yet. [3/15]
2024-11-13 16:33:32,504 [INFO] IPUIPlugin:80 - create IPUIPlugin
2024-11-13 16:33:32,505 [INFO] PluginManager:220 - loadIPPluginJar : add dma3
2024-11-13 16:33:33,393 [INFO] IPUIPlugin:80 - create IPUIPlugin
2024-11-13 16:33:33,394 [INFO] PluginManager:220 - loadIPPluginJar : add extmemmanager
2024-11-13 16:33:33,760 [INFO] IPUIPlugin:80 - create IPUIPlugin
2024-11-13 16:33:33,761 [INFO] PluginManager:220 - loadIPPluginJar : add fatfs
2024-11-13 16:33:34,375 [INFO] IPUIPlugin:80 - create IPUIPlugin
2024-11-13 16:33:34,377 [INFO] PluginManager:220 - loadIPPluginJar : add fmc
2024-11-13 16:33:34,508 [INFO] IPUIPlugin:80 - create IPUIPlugin
2024-11-13 16:33:34,510 [INFO] PluginManager:220 - loadIPPluginJar : add freertos
2024-11-13 16:33:34,821 [INFO] IPUIPlugin:80 - create IPUIPlugin
2024-11-13 16:33:34,823 [INFO] PluginManager:220 - loadIPPluginJar : add genericplugin
2024-11-13 16:33:35,387 [INFO] ThirdPartyUpdaterWithRetryManager:70 - Updater plugin not ready yet. [4/15]
2024-11-13 16:33:36,077 [INFO] IPUIPlugin:80 - create IPUIPlugin
2024-11-13 16:33:36,078 [INFO] PluginManager:220 - loadIPPluginJar : add gfxmmu
2024-11-13 16:33:38,398 [INFO] ThirdPartyUpdaterWithRetryManager:70 - Updater plugin not ready yet. [5/15]
2024-11-13 16:33:38,556 [INFO] IPUIPlugin:80 - create IPUIPlugin
2024-11-13 16:33:38,557 [INFO] PluginManager:220 - loadIPPluginJar : add gic
2024-11-13 16:33:38,827 [INFO] IPUIPlugin:80 - create IPUIPlugin
2024-11-13 16:33:38,828 [INFO] PluginManager:220 - loadIPPluginJar : add gpio
2024-11-13 16:33:40,034 [INFO] IPUIPlugin:80 - create IPUIPlugin
2024-11-13 16:33:40,035 [INFO] PluginManager:220 - loadIPPluginJar : add gtzc
2024-11-13 16:33:40,605 [INFO] IPUIPlugin:80 - create IPUIPlugin
2024-11-13 16:33:40,606 [INFO] PluginManager:220 - loadIPPluginJar : add hash
2024-11-13 16:33:41,285 [INFO] IPUIPlugin:80 - create IPUIPlugin
2024-11-13 16:33:41,286 [INFO] PluginManager:220 - loadIPPluginJar : add i2c
2024-11-13 16:33:41,407 [INFO] ThirdPartyUpdaterWithRetryManager:70 - Updater plugin not ready yet. [6/15]
2024-11-13 16:33:41,835 [INFO] IPUIPlugin:80 - create IPUIPlugin
2024-11-13 16:33:41,836 [INFO] PluginManager:220 - loadIPPluginJar : add i2s
2024-11-13 16:33:42,245 [INFO] IPUIPlugin:80 - create IPUIPlugin
2024-11-13 16:33:42,246 [INFO] PluginManager:220 - loadIPPluginJar : add i3c
2024-11-13 16:33:43,235 [INFO] IPUIPlugin:80 - create IPUIPlugin
2024-11-13 16:33:43,236 [INFO] PluginManager:220 - loadIPPluginJar : add ipddr
2024-11-13 16:33:44,012 [INFO] IPUIPlugin:80 - create IPUIPlugin
2024-11-13 16:33:44,017 [INFO] PluginManager:220 - loadIPPluginJar : add linkedlist
2024-11-13 16:33:44,380 [INFO] IPUIPlugin:80 - create IPUIPlugin
2024-11-13 16:33:44,380 [INFO] PluginManager:220 - loadIPPluginJar : add lorawan
2024-11-13 16:33:44,413 [INFO] ThirdPartyUpdaterWithRetryManager:70 - Updater plugin not ready yet. [7/15]
2024-11-13 16:33:44,801 [INFO] IPUIPlugin:80 - create IPUIPlugin
2024-11-13 16:33:44,801 [INFO] PluginManager:220 - loadIPPluginJar : add ltdc
2024-11-13 16:33:44,909 [INFO] IPUIPlugin:80 - create IPUIPlugin
2024-11-13 16:33:44,911 [INFO] PluginManager:220 - loadIPPluginJar : add mdma
2024-11-13 16:33:45,014 [INFO] IPUIPlugin:80 - create IPUIPlugin
2024-11-13 16:33:45,014 [INFO] PluginManager:220 - loadIPPluginJar : add nvic
2024-11-13 16:33:45,387 [INFO] IPUIPlugin:80 - create IPUIPlugin
2024-11-13 16:33:45,389 [INFO] PluginManager:220 - loadIPPluginJar : add opamp
2024-11-13 16:33:46,009 [INFO] IPUIPlugin:80 - create IPUIPlugin
2024-11-13 16:33:46,013 [INFO] PluginManager:220 - loadIPPluginJar : add openamp
2024-11-13 16:33:46,492 [INFO] IPUIPlugin:80 - create IPUIPlugin
2024-11-13 16:33:46,496 [INFO] PluginManager:220 - loadIPPluginJar : add pdm2pcm
2024-11-13 16:33:46,603 [INFO] IPUIPlugin:80 - create IPUIPlugin
2024-11-13 16:33:46,629 [INFO] PluginManager:220 - loadIPPluginJar : add plateformsettings
2024-11-13 16:33:46,825 [INFO] IPUIPlugin:80 - create IPUIPlugin
2024-11-13 16:33:46,825 [INFO] PluginManager:220 - loadIPPluginJar : add quadspi
2024-11-13 16:33:46,919 [INFO] IPUIPlugin:80 - create IPUIPlugin
2024-11-13 16:33:46,919 [INFO] PluginManager:220 - loadIPPluginJar : add resmgrutility
2024-11-13 16:33:47,417 [INFO] ThirdPartyUpdaterWithRetryManager:70 - Updater plugin not ready yet. [8/15]
2024-11-13 16:33:47,423 [INFO] IPUIPlugin:80 - create IPUIPlugin
2024-11-13 16:33:47,423 [INFO] PluginManager:220 - loadIPPluginJar : add sai
2024-11-13 16:33:47,780 [INFO] IPUIPlugin:80 - create IPUIPlugin
2024-11-13 16:33:47,780 [INFO] PluginManager:220 - loadIPPluginJar : add spi
2024-11-13 16:33:48,518 [INFO] IPUIPlugin:80 - create IPUIPlugin
2024-11-13 16:33:48,519 [INFO] PluginManager:220 - loadIPPluginJar : add stm32_wpan
2024-11-13 16:33:48,734 [INFO] IPUIPlugin:80 - create IPUIPlugin
2024-11-13 16:33:48,737 [INFO] PluginManager:220 - loadIPPluginJar : add tim
2024-11-13 16:33:49,289 [INFO] IPUIPlugin:80 - create IPUIPlugin
2024-11-13 16:33:49,289 [INFO] PluginManager:220 - loadIPPluginJar : add touchsensing
2024-11-13 16:33:49,493 [INFO] IPUIPlugin:80 - create IPUIPlugin
2024-11-13 16:33:49,494 [INFO] PluginManager:220 - loadIPPluginJar : add tracer_emb
2024-11-13 16:33:49,783 [INFO] IPUIPlugin:80 - create IPUIPlugin
2024-11-13 16:33:49,783 [INFO] PluginManager:220 - loadIPPluginJar : add ts
2024-11-13 16:33:50,076 [INFO] IPUIPlugin:80 - create IPUIPlugin
2024-11-13 16:33:50,076 [INFO] PluginManager:220 - loadIPPluginJar : add tsc
2024-11-13 16:33:50,313 [INFO] IPUIPlugin:80 - create IPUIPlugin
2024-11-13 16:33:50,313 [INFO] PluginManager:220 - loadIPPluginJar : add ucpd
2024-11-13 16:33:50,431 [INFO] ThirdPartyUpdaterWithRetryManager:70 - Updater plugin not ready yet. [9/15]
2024-11-13 16:33:51,005 [INFO] IPUIPlugin:80 - create IPUIPlugin
2024-11-13 16:33:51,010 [INFO] PluginManager:220 - loadIPPluginJar : add usart
2024-11-13 16:33:51,582 [INFO] IPUIPlugin:80 - create IPUIPlugin
2024-11-13 16:33:51,582 [INFO] PluginManager:220 - loadIPPluginJar : add usbx
2024-11-13 16:33:52,153 [INFO] CADModel:165 - CPN selected for project level
2024-11-13 16:33:52,153 [INFO] CADModel:114 - Register for checkConnection events
2024-11-13 16:33:52,158 [FATAL] Updater:308 - Updater called before beeing initialized
2024-11-13 16:33:52,159 [ERROR] CADModel:125 - Updater not yet initialized, retry later 
2024-11-13 16:33:53,419 [INFO] CADModel:165 - CPN selected for project level
2024-11-13 16:33:53,423 [INFO] CADModel:114 - Register for checkConnection events
2024-11-13 16:33:53,423 [FATAL] Updater:308 - Updater called before beeing initialized
2024-11-13 16:33:53,423 [ERROR] CADModel:125 - Updater not yet initialized, retry later 
2024-11-13 16:33:53,440 [INFO] ThirdPartyUpdaterWithRetryManager:70 - Updater plugin not ready yet. [10/15]
2024-11-13 16:33:53,457 [FATAL] Updater:308 - Updater called before beeing initialized
2024-11-13 16:33:54,381 [FATAL] Updater:308 - Updater called before beeing initialized
2024-11-13 16:33:54,454 [INFO] DbMcusAds:53 - JSON generation date=Fri Sep 20 18:34:38 IST 2024 (1726837478367)
2024-11-13 16:33:54,454 [FATAL] Updater:308 - Updater called before beeing initialized
2024-11-13 16:33:55,119 [WARN] DetailPanel:346 - Failed to get advertising image, set to default
2024-11-13 16:33:55,868 [FATAL] Updater:308 - Updater called before beeing initialized
2024-11-13 16:33:55,879 [FATAL] Updater:308 - Updater called before beeing initialized
2024-11-13 16:33:55,879 [FATAL] Updater:308 - Updater called before beeing initialized
2024-11-13 16:33:55,879 [WARN] DetailPanel:346 - Failed to get advertising image, set to default
2024-11-13 16:33:55,887 [FATAL] Updater:308 - Updater called before beeing initialized
2024-11-13 16:33:56,363 [ERROR] Updater:1120 - MainUpdater not yet initialized. External WinMGr cannot be set.
2024-11-13 16:33:56,451 [FATAL] Updater:308 - Updater called before beeing initialized
2024-11-13 16:33:56,451 [ERROR] IntegrityCheckThread:130 - Cannot retrieve database content from updater: error 21
2024-11-13 16:33:56,455 [INFO] ThirdParty:978 - Integrity check success = false
2024-11-13 16:33:56,455 [INFO] IntegrityCheckThread:100 - exiting critical section [integrity check]
2024-11-13 16:33:56,455 [INFO] IntegrityCheckThread:103 - End integrity checks thread
2024-11-13 16:33:56,463 [INFO] Updater:1056 - Updater Version found : 6.11.1
2024-11-13 16:33:56,647 [INFO] ApplicationProperties:184 - Using Application install path: C:\ST\STM32CubeIDE_1.10.1\STM32CubeIDE\plugins\com.st.stm32cube.common.mx_6.11.1.202404110753
2024-11-13 16:33:58,469 [ERROR] LogOutputStream:75 - [STDERR_REDIRECT] Nov 13, 2024 4:33:58 PM java.util.prefs.WindowsPreferences <init>
2024-11-13 16:33:58,479 [ERROR] LogOutputStream:75 - [STDERR_REDIRECT] WARNING: Could not open/create prefs root node Software\JavaSoft\Prefs at root 0xffffffff80000002. Windows RegCreateKeyEx(...) returned error code 5.
2024-11-13 16:33:58,481 [ERROR] LogOutputStream:75 - [STDERR_REDIRECT] 
2024-11-13 16:34:01,104 [INFO] MainUpdater:2873 - connection check result : 10
2024-11-13 16:34:01,110 [INFO] MainUpdater:290 - Updater Check For Update Now.
2024-11-13 16:34:01,112 [INFO] MicroXplorer:498 - Change Database Version : DB.6.0.111
2024-11-13 16:34:01,289 [INFO] McuFinderGlobals:63 - Set McuFinder mode to 2 (CubeIDE integrated)
2024-11-13 16:34:01,317 [INFO] UserAuth:179 - activating auth plugin
2024-11-13 16:34:01,349 [INFO] UserAuth:415 - Internet connection configuration mode: 1
2024-11-13 16:34:01,649 [INFO] JxBrowserEngine:152 - Initiate JxBrowser Engine with user profile folder
2024-11-13 16:34:03,194 [INFO] CheckServerUpdateThread:120 - End of CheckServer Thread
2024-11-13 16:35:03,044 [INFO] WebApp:161 - Instantiating new browser for Auth
2024-11-13 16:35:07,187 [INFO] WebApp:779 - Register for checkConnection events
2024-11-13 16:35:07,189 [INFO] WebApp:414 - Apply proxy settings
2024-11-13 16:35:07,191 [INFO] WebApp:499 - Chromium requires no authentication
2024-11-13 16:35:07,241 [INFO] WebApp:442 - Direct internet connection detected
2024-11-13 16:35:08,479 [INFO] WebApp:192 - Starting web application
2024-11-13 16:35:08,479 [INFO] WebApp:544 - Web application path used C:\ST\STM32CubeIDE_1.10.1\STM32CubeIDE\plugins\com.st.stm32cube.common.mx_6.11.1.202404110753\db\plugins\mcufinder\reactClient1\index.html
