2024-05-05 00:54:17,658 [INFO] Activator:176 - 


2024-05-05 00:54:17,665 [INFO] Activator:177 - !SESSION log4j initialized
2024-05-05 00:54:18,458 [INFO] ApplicationProperties:184 - Using Application install path: C:\ST\STM32CubeIDE_1.10.1\STM32CubeIDE\plugins\com.st.stm32cube.common.mx_6.11.1.202404110753
2024-05-05 00:54:18,468 [INFO] DbMcusXml:78 - Set database path to: C:\ST\STM32CubeIDE_1.10.1\STM32CubeIDE\plugins\com.st.stm32cube.common.mx_6.11.1.202404110753\\db\/mcu/
2024-05-05 00:54:18,468 [INFO] ApiDb:274 - Set plugin database path to: C:\ST\STM32CubeIDE_1.10.1\STM32CubeIDE\plugins\com.st.stm32cube.common.mx_6.11.1.202404110753\\db\/plugins/boardmanager/
2024-05-05 00:54:18,468 [WARN] ApiDb:259 - Overriding images path with different value:  => C:\ST\STM32CubeIDE_1.10.1\STM32CubeIDE\plugins\com.st.stm32cube.common.mx_6.11.1.202404110753\\db\/plugins/mcufinder/images/
2024-05-05 00:54:18,468 [INFO] ApiDb:250 - Set database path to: C:\Users\saksh\.stmcufinder\plugins\mcufinder//mcu/
2024-05-05 00:54:18,473 [INFO] DbMcusAds:125 - Set database path to: C:\Users\saksh\.stmcufinder\plugins\mcufinder//mcu/
2024-05-05 00:54:18,528 [INFO] CrossReferenceDbSqlite:203 - Set database path to: C:\Users\saksh\.stmcufinder\plugins\mcufinder//mcu/cs/
2024-05-05 00:54:18,590 [INFO] RulesReader:64 - Compatibility file has been processed (297 Rules)
2024-05-05 00:54:18,640 [INFO] DbMcusXml:78 - Set database path to: C:\ST\STM32CubeIDE_1.10.1\STM32CubeIDE\plugins\com.st.stm32cube.common.mx_6.11.1.202404110753\\db\/mcu/
2024-05-05 00:54:18,640 [INFO] ApiDb:274 - Set plugin database path to: C:\ST\STM32CubeIDE_1.10.1\STM32CubeIDE\plugins\com.st.stm32cube.common.mx_6.11.1.202404110753\\db\/plugins/boardmanager/
2024-05-05 00:54:18,640 [INFO] ApiDb:261 - Set plugin images path to: C:\ST\STM32CubeIDE_1.10.1\STM32CubeIDE\plugins\com.st.stm32cube.common.mx_6.11.1.202404110753\\db\/plugins/mcufinder/images/
2024-05-05 00:54:18,643 [WARN] DbFile:41 - Overriding database path with different value: C:\Users\saksh\.stmcufinder\plugins\mcufinder/ => C:\Users\saksh\.stmcufinder\plugins\mcufinder
2024-05-05 00:54:18,643 [INFO] ApiDb:250 - Set database path to: C:\Users\saksh\.stmcufinder\plugins\mcufinder//mcu/
2024-05-05 00:54:18,643 [WARN] DbFile:41 - Overriding database path with different value: C:\Users\saksh\.stmcufinder\plugins\mcufinder/ => C:\Users\saksh\.stmcufinder\plugins\mcufinder
2024-05-05 00:54:18,643 [INFO] DbMcusAds:125 - Set database path to: C:\Users\saksh\.stmcufinder\plugins\mcufinder//mcu/
2024-05-05 00:54:18,643 [WARN] DbFile:41 - Overriding database path with different value: C:\Users\saksh\.stmcufinder\plugins\mcufinder/ => C:\Users\saksh\.stmcufinder\plugins\mcufinder
2024-05-05 00:54:18,643 [WARN] DbFile:41 - Overriding database path with different value: C:\Users\saksh\.stmcufinder\plugins\mcufinder/ => C:\Users\saksh\.stmcufinder\plugins\mcufinder
2024-05-05 00:54:18,643 [INFO] CrossReferenceDbSqlite:203 - Set database path to: C:\Users\saksh\.stmcufinder\plugins\mcufinder//mcu/cs/
2024-05-05 00:54:18,688 [INFO] MainPanel:264 - HeapMemory: 268435456
2024-05-05 00:54:18,727 [INFO] DbMcusXml:78 - Set database path to: C:\ST\STM32CubeIDE_1.10.1\STM32CubeIDE\plugins\com.st.stm32cube.common.mx_6.11.1.202404110753\\db\/mcu/
2024-05-05 00:54:18,727 [INFO] ApiDb:274 - Set plugin database path to: C:\ST\STM32CubeIDE_1.10.1\STM32CubeIDE\plugins\com.st.stm32cube.common.mx_6.11.1.202404110753\\db\/plugins/boardmanager/
2024-05-05 00:54:18,727 [INFO] ApiDb:261 - Set plugin images path to: C:\ST\STM32CubeIDE_1.10.1\STM32CubeIDE\plugins\com.st.stm32cube.common.mx_6.11.1.202404110753\\db\/plugins/mcufinder/images/
2024-05-05 00:54:18,727 [WARN] DbFile:41 - Overriding database path with different value: C:\Users\saksh\.stmcufinder\plugins\mcufinder/ => C:\Users\saksh\.stmcufinder\plugins\mcufinder
2024-05-05 00:54:18,727 [INFO] ApiDb:250 - Set database path to: C:\Users\saksh\.stmcufinder\plugins\mcufinder//mcu/
2024-05-05 00:54:18,727 [WARN] DbFile:41 - Overriding database path with different value: C:\Users\saksh\.stmcufinder\plugins\mcufinder/ => C:\Users\saksh\.stmcufinder\plugins\mcufinder
2024-05-05 00:54:18,727 [INFO] DbMcusAds:125 - Set database path to: C:\Users\saksh\.stmcufinder\plugins\mcufinder//mcu/
2024-05-05 00:54:18,727 [WARN] DbFile:41 - Overriding database path with different value: C:\Users\saksh\.stmcufinder\plugins\mcufinder/ => C:\Users\saksh\.stmcufinder\plugins\mcufinder
2024-05-05 00:54:18,727 [WARN] DbFile:41 - Overriding database path with different value: C:\Users\saksh\.stmcufinder\plugins\mcufinder/ => C:\Users\saksh\.stmcufinder\plugins\mcufinder
2024-05-05 00:54:18,727 [INFO] CrossReferenceDbSqlite:203 - Set database path to: C:\Users\saksh\.stmcufinder\plugins\mcufinder//mcu/cs/
2024-05-05 00:54:18,741 [INFO] ApplicationProperties:184 - Using Application install path: C:\ST\STM32CubeIDE_1.10.1\STM32CubeIDE\plugins\com.st.stm32cube.common.mx_6.11.1.202404110753
2024-05-05 00:54:18,741 [INFO] PluginManage:196 - Search for loadable plugins [exclusion list=, ]
2024-05-05 00:54:18,741 [INFO] PluginManage:310 - Check plugin analytics
2024-05-05 00:54:18,948 [INFO] AnalyticsPlugin:253 - Accepted Software Licenses: 
2024-05-05 00:54:18,948 [INFO] AnalyticsPlugin:255 - Accepted CMSIS Pack Licenses: 
2024-05-05 00:54:18,948 [INFO] AnalyticsPlugin:257 - Accepted Firmware Licenses: FW.H7.1.10.0,FW.G4.1.5.0
2024-05-05 00:54:18,953 [INFO] PluginManage:359 - Loaded plugin analytics (category:tool,tabindex:-1)
2024-05-05 00:54:18,953 [INFO] PluginManage:310 - Check plugin cadmodel
2024-05-05 00:54:18,968 [INFO] CADModel:105 - Init CAD model plugin
2024-05-05 00:54:18,968 [INFO] PluginManage:359 - Loaded plugin cadmodel (category:power,tabindex:5)
2024-05-05 00:54:18,968 [INFO] PluginManage:310 - Check plugin clock
2024-05-05 00:54:18,974 [INFO] PluginManage:359 - Loaded plugin clock (category:base,tabindex:2)
2024-05-05 00:54:18,974 [INFO] PluginManage:310 - Check plugin ddr
2024-05-05 00:54:18,978 [INFO] PluginManage:359 - Loaded plugin ddr (category:tool,tabindex:6)
2024-05-05 00:54:18,978 [INFO] PluginManage:310 - Check plugin filemanager
2024-05-05 00:54:19,078 [INFO] PluginManage:359 - Loaded plugin filemanager (category:base,tabindex:10)
2024-05-05 00:54:19,078 [INFO] PluginManage:310 - Check plugin ipmanager
2024-05-05 00:54:19,083 [INFO] PluginManage:359 - Loaded plugin ipmanager (category:base,tabindex:5)
2024-05-05 00:54:19,083 [INFO] PluginManage:310 - Check plugin lpbam
2024-05-05 00:54:19,088 [INFO] PluginManage:359 - Loaded plugin lpbam (category:base,tabindex:0)
2024-05-05 00:54:19,088 [INFO] PluginManage:310 - Check plugin memorymap
2024-05-05 00:54:19,093 [INFO] PluginManage:359 - Loaded plugin memorymap (category:base,tabindex:4)
2024-05-05 00:54:19,093 [INFO] PluginManage:310 - Check plugin pinoutandconfiguration
2024-05-05 00:54:19,098 [INFO] PluginManage:359 - Loaded plugin pinoutandconfiguration (category:base,tabindex:1)
2024-05-05 00:54:19,098 [INFO] PluginManage:310 - Check plugin pinoutconfig
2024-05-05 00:54:19,150 [WARN] SupportedApi:132 - Cannot load RTOS API schema: s4s-elt-must-match.1: The content of 'definitions' must match (annotation?, (simpleType | complexType)?, (unique | key | keyref)*)). A problem was found starting at: attribute.
2024-05-05 00:54:19,228 [INFO] PluginManage:359 - Loaded plugin pinoutconfig (category:base,tabindex:0)
2024-05-05 00:54:19,228 [INFO] PluginManage:310 - Check plugin power
2024-05-05 00:54:19,229 [INFO] PluginManage:359 - Loaded plugin power (category:power,tabindex:4)
2024-05-05 00:54:19,229 [INFO] PluginManage:310 - Check plugin projectmanager
2024-05-05 00:54:19,244 [INFO] PluginManage:359 - Loaded plugin projectmanager (category:projectmanager,tabindex:3)
2024-05-05 00:54:19,244 [INFO] PluginManage:310 - Check plugin thirdparty
2024-05-05 00:54:19,348 [INFO] PluginManage:359 - Loaded plugin thirdparty (category:base,tabindex:-1)
2024-05-05 00:54:19,348 [WARN] IntegrityCheckThread:84 - waiting for thirdparty lock release [integrity check]
2024-05-05 00:54:19,348 [INFO] PluginManage:310 - Check plugin tools
2024-05-05 00:54:19,348 [INFO] IntegrityCheckThread:86 - entering critical section [integrity check]
2024-05-05 00:54:19,348 [INFO] ThirdPartyUpdaterWithRetryManager:70 - Updater plugin not ready yet. [1/15]
2024-05-05 00:54:19,349 [INFO] PluginManage:359 - Loaded plugin tools (category:base,tabindex:7)
2024-05-05 00:54:19,349 [INFO] PluginManage:310 - Check plugin tutovideos
2024-05-05 00:54:19,458 [INFO] PluginManage:359 - Loaded plugin tutovideos (category:base,tabindex:-1)
2024-05-05 00:54:19,458 [INFO] PluginManage:310 - Check plugin updater
2024-05-05 00:54:19,460 [INFO] PluginManage:359 - Loaded plugin updater (category:base,tabindex:12)
2024-05-05 00:54:19,460 [INFO] PluginManage:310 - Check plugin userauth
2024-05-05 00:54:19,468 [INFO] UserAuth:114 - Init User Auth plugin
2024-05-05 00:54:19,468 [INFO] PluginManage:359 - Loaded plugin userauth (category:base,tabindex:14)
2024-05-05 00:54:19,468 [INFO] PluginManage:283 - PluginManage : Loaded plugins [17]
2024-05-05 00:54:19,603 [INFO] PinOutPanel:1561 - setPackage(No Configuration,No Configuration)
2024-05-05 00:54:19,648 [INFO] CADModel:165 - CPN selected for project level
2024-05-05 00:54:19,648 [INFO] CADModel:114 - Register for checkConnection events
2024-05-05 00:54:19,658 [INFO] IPUIPlugin:80 - create IPUIPlugin
2024-05-05 00:54:19,658 [INFO] PluginManager:220 - loadIPPluginJar : add adc
2024-05-05 00:54:19,658 [INFO] IPUIPlugin:80 - create IPUIPlugin
2024-05-05 00:54:19,658 [INFO] PluginManager:220 - loadIPPluginJar : add aes
2024-05-05 00:54:19,658 [INFO] IPUIPlugin:80 - create IPUIPlugin
2024-05-05 00:54:19,658 [INFO] PluginManager:220 - loadIPPluginJar : add can
2024-05-05 00:54:19,658 [INFO] IPUIPlugin:80 - create IPUIPlugin
2024-05-05 00:54:19,658 [INFO] PluginManager:220 - loadIPPluginJar : add comp
2024-05-05 00:54:19,663 [INFO] IPUIPlugin:80 - create IPUIPlugin
2024-05-05 00:54:19,663 [INFO] PluginManager:220 - loadIPPluginJar : add cryp
2024-05-05 00:54:19,663 [INFO] IPUIPlugin:80 - create IPUIPlugin
2024-05-05 00:54:19,663 [INFO] PluginManager:220 - loadIPPluginJar : add dfsdm
2024-05-05 00:54:19,668 [INFO] IPUIPlugin:80 - create IPUIPlugin
2024-05-05 00:54:19,668 [INFO] PluginManager:220 - loadIPPluginJar : add dma
2024-05-05 00:54:19,668 [INFO] IPUIPlugin:80 - create IPUIPlugin
2024-05-05 00:54:19,668 [INFO] PluginManager:220 - loadIPPluginJar : add dma3
2024-05-05 00:54:19,668 [INFO] IPUIPlugin:80 - create IPUIPlugin
2024-05-05 00:54:19,668 [INFO] PluginManager:220 - loadIPPluginJar : add extmemmanager
2024-05-05 00:54:19,673 [INFO] IPUIPlugin:80 - create IPUIPlugin
2024-05-05 00:54:19,673 [INFO] PluginManager:220 - loadIPPluginJar : add fatfs
2024-05-05 00:54:19,673 [INFO] IPUIPlugin:80 - create IPUIPlugin
2024-05-05 00:54:19,673 [INFO] PluginManager:220 - loadIPPluginJar : add fmc
2024-05-05 00:54:19,678 [INFO] IPUIPlugin:80 - create IPUIPlugin
2024-05-05 00:54:19,678 [INFO] PluginManager:220 - loadIPPluginJar : add freertos
2024-05-05 00:54:19,678 [INFO] IPUIPlugin:80 - create IPUIPlugin
2024-05-05 00:54:19,678 [INFO] PluginManager:220 - loadIPPluginJar : add genericplugin
2024-05-05 00:54:19,678 [INFO] IPUIPlugin:80 - create IPUIPlugin
2024-05-05 00:54:19,678 [INFO] PluginManager:220 - loadIPPluginJar : add gfxmmu
2024-05-05 00:54:19,678 [INFO] IPUIPlugin:80 - create IPUIPlugin
2024-05-05 00:54:19,678 [INFO] PluginManager:220 - loadIPPluginJar : add gic
2024-05-05 00:54:19,683 [INFO] IPUIPlugin:80 - create IPUIPlugin
2024-05-05 00:54:19,683 [INFO] PluginManager:220 - loadIPPluginJar : add gpio
2024-05-05 00:54:19,683 [INFO] IPUIPlugin:80 - create IPUIPlugin
2024-05-05 00:54:19,683 [INFO] PluginManager:220 - loadIPPluginJar : add gtzc
2024-05-05 00:54:19,688 [INFO] IPUIPlugin:80 - create IPUIPlugin
2024-05-05 00:54:19,688 [INFO] PluginManager:220 - loadIPPluginJar : add hash
2024-05-05 00:54:19,688 [INFO] IPUIPlugin:80 - create IPUIPlugin
2024-05-05 00:54:19,688 [INFO] PluginManager:220 - loadIPPluginJar : add i2c
2024-05-05 00:54:19,688 [INFO] IPUIPlugin:80 - create IPUIPlugin
2024-05-05 00:54:19,688 [INFO] PluginManager:220 - loadIPPluginJar : add i2s
2024-05-05 00:54:19,688 [INFO] IPUIPlugin:80 - create IPUIPlugin
2024-05-05 00:54:19,688 [INFO] PluginManager:220 - loadIPPluginJar : add i3c
2024-05-05 00:54:19,693 [INFO] IPUIPlugin:80 - create IPUIPlugin
2024-05-05 00:54:19,693 [INFO] PluginManager:220 - loadIPPluginJar : add ipddr
2024-05-05 00:54:19,698 [INFO] IPUIPlugin:80 - create IPUIPlugin
2024-05-05 00:54:19,698 [INFO] PluginManager:220 - loadIPPluginJar : add linkedlist
2024-05-05 00:54:19,699 [INFO] IPUIPlugin:80 - create IPUIPlugin
2024-05-05 00:54:19,699 [INFO] PluginManager:220 - loadIPPluginJar : add lorawan
2024-05-05 00:54:19,699 [INFO] IPUIPlugin:80 - create IPUIPlugin
2024-05-05 00:54:19,699 [INFO] PluginManager:220 - loadIPPluginJar : add ltdc
2024-05-05 00:54:19,699 [INFO] IPUIPlugin:80 - create IPUIPlugin
2024-05-05 00:54:19,699 [INFO] PluginManager:220 - loadIPPluginJar : add mdma
2024-05-05 00:54:19,699 [INFO] IPUIPlugin:80 - create IPUIPlugin
2024-05-05 00:54:19,699 [INFO] PluginManager:220 - loadIPPluginJar : add nvic
2024-05-05 00:54:19,699 [INFO] IPUIPlugin:80 - create IPUIPlugin
2024-05-05 00:54:19,699 [INFO] PluginManager:220 - loadIPPluginJar : add opamp
2024-05-05 00:54:19,708 [INFO] IPUIPlugin:80 - create IPUIPlugin
2024-05-05 00:54:19,708 [INFO] PluginManager:220 - loadIPPluginJar : add openamp
2024-05-05 00:54:19,708 [INFO] IPUIPlugin:80 - create IPUIPlugin
2024-05-05 00:54:19,708 [INFO] PluginManager:220 - loadIPPluginJar : add pdm2pcm
2024-05-05 00:54:19,712 [INFO] IPUIPlugin:80 - create IPUIPlugin
2024-05-05 00:54:19,715 [INFO] PluginManager:220 - loadIPPluginJar : add plateformsettings
2024-05-05 00:54:19,715 [INFO] IPUIPlugin:80 - create IPUIPlugin
2024-05-05 00:54:19,715 [INFO] PluginManager:220 - loadIPPluginJar : add quadspi
2024-05-05 00:54:19,718 [INFO] IPUIPlugin:80 - create IPUIPlugin
2024-05-05 00:54:19,718 [INFO] PluginManager:220 - loadIPPluginJar : add resmgrutility
2024-05-05 00:54:19,718 [INFO] IPUIPlugin:80 - create IPUIPlugin
2024-05-05 00:54:19,718 [INFO] PluginManager:220 - loadIPPluginJar : add sai
2024-05-05 00:54:19,718 [INFO] IPUIPlugin:80 - create IPUIPlugin
2024-05-05 00:54:19,718 [INFO] PluginManager:220 - loadIPPluginJar : add spi
2024-05-05 00:54:19,723 [INFO] IPUIPlugin:80 - create IPUIPlugin
2024-05-05 00:54:19,723 [INFO] PluginManager:220 - loadIPPluginJar : add stm32_wpan
2024-05-05 00:54:19,723 [INFO] IPUIPlugin:80 - create IPUIPlugin
2024-05-05 00:54:19,723 [INFO] PluginManager:220 - loadIPPluginJar : add tim
2024-05-05 00:54:19,728 [INFO] IPUIPlugin:80 - create IPUIPlugin
2024-05-05 00:54:19,728 [INFO] PluginManager:220 - loadIPPluginJar : add touchsensing
2024-05-05 00:54:19,728 [INFO] IPUIPlugin:80 - create IPUIPlugin
2024-05-05 00:54:19,728 [INFO] PluginManager:220 - loadIPPluginJar : add tracer_emb
2024-05-05 00:54:19,730 [INFO] IPUIPlugin:80 - create IPUIPlugin
2024-05-05 00:54:19,730 [INFO] PluginManager:220 - loadIPPluginJar : add ts
2024-05-05 00:54:19,731 [INFO] IPUIPlugin:80 - create IPUIPlugin
2024-05-05 00:54:19,731 [INFO] PluginManager:220 - loadIPPluginJar : add tsc
2024-05-05 00:54:19,731 [INFO] IPUIPlugin:80 - create IPUIPlugin
2024-05-05 00:54:19,731 [INFO] PluginManager:220 - loadIPPluginJar : add ucpd
2024-05-05 00:54:19,731 [INFO] IPUIPlugin:80 - create IPUIPlugin
2024-05-05 00:54:19,731 [INFO] PluginManager:220 - loadIPPluginJar : add usart
2024-05-05 00:54:19,731 [INFO] IPUIPlugin:80 - create IPUIPlugin
2024-05-05 00:54:19,731 [INFO] PluginManager:220 - loadIPPluginJar : add usbx
2024-05-05 00:54:19,850 [INFO] CADModel:165 - CPN selected for project level
2024-05-05 00:54:19,850 [INFO] CADModel:114 - Register for checkConnection events
2024-05-05 00:54:19,850 [FATAL] Updater:308 - Updater called before beeing initialized
2024-05-05 00:54:19,850 [ERROR] CADModel:125 - Updater not yet initialized, retry later 
2024-05-05 00:54:19,935 [INFO] CADModel:165 - CPN selected for project level
2024-05-05 00:54:19,935 [INFO] CADModel:114 - Register for checkConnection events
2024-05-05 00:54:19,935 [FATAL] Updater:308 - Updater called before beeing initialized
2024-05-05 00:54:19,935 [ERROR] CADModel:125 - Updater not yet initialized, retry later 
2024-05-05 00:54:19,937 [FATAL] Updater:308 - Updater called before beeing initialized
2024-05-05 00:54:20,008 [FATAL] Updater:308 - Updater called before beeing initialized
2024-05-05 00:54:20,018 [INFO] DbMcusAds:53 - JSON generation date=Wed Nov 29 16:22:27 IST 2023 (1701255147349)
2024-05-05 00:54:20,018 [FATAL] Updater:308 - Updater called before beeing initialized
2024-05-05 00:54:20,040 [WARN] DetailPanel:346 - Failed to get advertising image, set to default
2024-05-05 00:54:20,100 [FATAL] Updater:308 - Updater called before beeing initialized
2024-05-05 00:54:20,108 [FATAL] Updater:308 - Updater called before beeing initialized
2024-05-05 00:54:20,108 [FATAL] Updater:308 - Updater called before beeing initialized
2024-05-05 00:54:20,108 [WARN] DetailPanel:346 - Failed to get advertising image, set to default
2024-05-05 00:54:20,108 [FATAL] Updater:308 - Updater called before beeing initialized
2024-05-05 00:54:20,140 [ERROR] Updater:1120 - MainUpdater not yet initialized. External WinMGr cannot be set.
2024-05-05 00:54:20,140 [INFO] Updater:1056 - Updater Version found : 6.11.1
2024-05-05 00:54:20,153 [INFO] ApplicationProperties:184 - Using Application install path: C:\ST\STM32CubeIDE_1.10.1\STM32CubeIDE\plugins\com.st.stm32cube.common.mx_6.11.1.202404110753
2024-05-05 00:54:21,748 [ERROR] LogOutputStream:75 - [STDERR_REDIRECT] May 05, 2024 12:54:21 AM java.util.prefs.WindowsPreferences <init>
2024-05-05 00:54:21,748 [ERROR] LogOutputStream:75 - [STDERR_REDIRECT] WARNING: Could not open/create prefs root node Software\JavaSoft\Prefs at root 0xffffffff80000002. Windows RegCreateKeyEx(...) returned error code 5.
2024-05-05 00:54:21,748 [ERROR] LogOutputStream:75 - [STDERR_REDIRECT] 
2024-05-05 00:54:21,818 [INFO] MainUpdater:526 - Copy updater definitions from MX database
2024-05-05 00:54:22,352 [INFO] ThirdPartyUpdaterWithRetryManager:70 - Updater plugin not ready yet. [2/15]
2024-05-05 00:54:22,363 [INFO] MainUpdater:2873 - connection check result : 10
2024-05-05 00:54:22,363 [INFO] MainUpdater:3567 - Updater definition file requires update
2024-05-05 00:54:22,363 [INFO] MainUpdater:290 - Updater Check For Update Now.
2024-05-05 00:54:22,363 [INFO] MicroXplorer:498 - Change Database Version : DB.6.0.111
2024-05-05 00:54:22,628 [INFO] ServerAccessManage:473 - Download File updaters.zip
2024-05-05 00:54:22,833 [INFO] FileExtend:240 - Unzip File : updaters.zip
2024-05-05 00:54:22,833 [INFO] FileExtend:255 - Standard Zip Deflate
2024-05-05 00:54:23,168 [INFO] ServerAccessManage:473 - Download File PacksControlFlags.xml
2024-05-05 00:54:23,268 [INFO] ServerAccessManage:473 - Download File cubemx.pidx
2024-05-05 00:54:23,338 [INFO] LoadServerUpdatesThread:375 - End of LoadServerUpdate Thread
2024-05-05 00:54:23,488 [INFO] CheckServerUpdateThread:120 - End of CheckServer Thread
2024-05-05 00:54:23,616 [INFO] MainUpdater:2873 - connection check result : 10
2024-05-05 00:54:23,616 [INFO] MainUpdater:2873 - connection check result : 10
2024-05-05 00:54:23,658 [INFO] MicroXplorer:468 - Change Database Path : 
2024-05-05 00:54:23,658 [INFO] MicroXplorer:498 - Change Database Version : DB.6.0.111
2024-05-05 00:54:23,665 [WARN] ThirdParty:871 - waiting for thirdparty lock release [close project]
2024-05-05 00:54:25,468 [WARN] PackLoader:240 - Cannot read IP mode file for STMicroelectronics.FP-SNS-MOTENVWB1.1.4.0
2024-05-05 00:54:25,484 [WARN] PackLoader:240 - Cannot read IP mode file for STMicroelectronics.X-CUBE-SMBUS.2.1.0
2024-05-05 00:54:25,493 [WARN] PackLoader:240 - Cannot read IP mode file for STMicroelectronics.X-CUBE-TOUCHGFX.4.23.1
2024-05-05 00:54:25,499 [WARN] PackLoader:240 - Cannot read IP mode file for STMicroelectronics.X-CUBE-TOUCHGFX.4.23.0
2024-05-05 00:54:25,508 [WARN] PackLoader:240 - Cannot read IP mode file for STMicroelectronics.X-CUBE-TOUCHGFX.4.23.2
2024-05-05 00:54:25,532 [WARN] PackLoader:240 - Cannot read IP mode file for STMicroelectronics.X-CUBE-AZRTOS-F7.1.1.0
2024-05-05 00:54:25,546 [ERROR] RealEvaluatedCondition:428 - Found unsupported composite condition: CLASS='Data Exchange' GROUP='STM32_MetaDataManager'
2024-05-05 00:54:25,546 [ERROR] RealEvaluatedCondition:428 - Found unsupported composite condition: CLASS='Data Exchange' GROUP='STM32_MetaDataManager'
2024-05-05 00:54:25,548 [WARN] PackLoader:240 - Cannot read IP mode file for STMicroelectronics.FP-SNS-MOTENV1.4.3.0
2024-05-05 00:54:25,558 [WARN] PackLoader:240 - Cannot read IP mode file for STMicroelectronics.FP-SNS-MOTENV1.4.3.2
2024-05-05 00:54:25,568 [WARN] PackLoader:240 - Cannot read IP mode file for STMicroelectronics.FP-SNS-FLIGHT1.5.0.0
2024-05-05 00:54:25,579 [ERROR] RealEvaluatedCondition:428 - Found unsupported composite condition: GROUP='STM32_MetaDataManager' CLASS='Data Exchange'
2024-05-05 00:54:25,579 [ERROR] RealEvaluatedCondition:428 - Found unsupported composite condition: GROUP='STM32_MetaDataManager' CLASS='Data Exchange'
2024-05-05 00:54:25,580 [WARN] PackLoader:240 - Cannot read IP mode file for STMicroelectronics.FP-SNS-MOTENV1.4.3.1
2024-05-05 00:54:25,588 [WARN] PackLoader:240 - Cannot read IP mode file for STMicroelectronics.FP-SNS-FLIGHT1.5.0.1
2024-05-05 00:54:25,600 [WARN] PackLoader:240 - Cannot read IP mode file for STMicroelectronics.X-CUBE-BLE1.6.2.3
2024-05-05 00:54:25,610 [WARN] PackLoader:240 - Cannot read IP mode file for STMicroelectronics.X-CUBE-BLE1.6.2.4
2024-05-05 00:54:25,618 [WARN] PackLoader:240 - Cannot read IP mode file for STMicroelectronics.FP-SNS-FLIGHT1.5.0.2
2024-05-05 00:54:25,628 [WARN] PackLoader:240 - Cannot read IP mode file for STMicroelectronics.X-CUBE-TOF1.3.1.0
2024-05-05 00:54:25,643 [WARN] PackLoader:240 - Cannot read IP mode file for STMicroelectronics.X-CUBE-DISPLAY.3.0.0
2024-05-05 00:54:25,653 [WARN] PackLoader:240 - Cannot read IP mode file for STMicroelectronics.X-CUBE-BLE1.7.0.0
2024-05-05 00:54:25,663 [WARN] PackLoader:240 - Cannot read IP mode file for STMicroelectronics.X-CUBE-TOUCHGFX.4.22.0
2024-05-05 00:54:25,703 [WARN] PackLoader:240 - Cannot read IP mode file for STMicroelectronics.X-CUBE-MEMS1.9.3.0
2024-05-05 00:54:25,798 [WARN] PackLoader:240 - Cannot read IP mode file for STMicroelectronics.X-CUBE-AI.7.2.0
2024-05-05 00:54:25,813 [WARN] PackLoader:240 - Cannot read IP mode file for STMicroelectronics.X-CUBE-BLEMGR.3.1.0
2024-05-05 00:54:25,823 [WARN] PackLoader:240 - Cannot read IP mode file for STMicroelectronics.FP-SNS-SMARTAG2.1.2.0
2024-05-05 00:54:25,838 [INFO] LogOutputStream:77 - [STDOUT_REDIRECT] 1 : Invalid condition id : UX_CORESTACK_Condition cause : null
2024-05-05 00:54:25,838 [INFO] LogOutputStream:77 - [STDOUT_REDIRECT] 1 : Invalid condition id : UX_CORESTACK_Condition cause : null
2024-05-05 00:54:25,838 [INFO] LogOutputStream:77 - [STDOUT_REDIRECT] 1 : Invalid condition id : UX_CORESTACK_Condition cause : null
2024-05-05 00:54:25,838 [INFO] LogOutputStream:77 - [STDOUT_REDIRECT] 1 : Invalid condition id : UX_CORESTACK_Condition cause : null
2024-05-05 00:54:25,843 [INFO] LogOutputStream:77 - [STDOUT_REDIRECT] 1 : Invalid condition id : UX_CORESTACK_Condition cause : null
2024-05-05 00:54:25,843 [WARN] PackLoader:240 - Cannot read IP mode file for STMicroelectronics.X-CUBE-AZRTOS-WL.2.0.0
2024-05-05 00:54:25,853 [WARN] PackLoader:240 - Cannot read IP mode file for STMicroelectronics.FP-SNS-MOTENV1.5.0.0
2024-05-05 00:54:25,865 [WARN] PackLoader:240 - Cannot read IP mode file for WES.I-CUBE-Cesium.1.3.0
2024-05-05 00:54:25,873 [WARN] PackLoader:240 - Cannot read IP mode file for STMicroelectronics.X-CUBE-BLE2.3.3.0
2024-05-05 00:54:25,888 [WARN] PackLoader:240 - Cannot read IP mode file for STMicroelectronics.X-CUBE-DISPLAY.2.2.0
2024-05-05 00:54:25,903 [WARN] PackLoader:240 - Cannot read IP mode file for STMicroelectronics.X-CUBE-TOF1.3.2.0
2024-05-05 00:54:25,913 [WARN] PackLoader:240 - Cannot read IP mode file for STMicroelectronics.X-CUBE-ISPU.1.0.0
2024-05-05 00:54:25,938 [WARN] PackLoader:240 - Cannot read IP mode file for STMicroelectronics.X-CUBE-AZRTOS-H7.2.1.0
2024-05-05 00:54:25,948 [WARN] PackLoader:240 - Cannot read IP mode file for STMicroelectronics.X-CUBE-TCPP.4.1.0
2024-05-05 00:54:25,961 [WARN] PackLoader:240 - Cannot read IP mode file for STMicroelectronics.X-CUBE-TOUCHGFX.4.21.1
2024-05-05 00:54:25,968 [WARN] PackLoader:240 - Cannot read IP mode file for STMicroelectronics.X-CUBE-TOUCHGFX.4.21.3
2024-05-05 00:54:25,978 [WARN] PackLoader:240 - Cannot read IP mode file for STMicroelectronics.X-CUBE-TOUCHGFX.4.21.4
2024-05-05 00:54:26,013 [WARN] PackLoader:240 - Cannot read IP mode file for STMicroelectronics.X-CUBE-MEMS1.9.4.0
2024-05-05 00:54:26,083 [WARN] PackLoader:240 - Cannot read IP mode file for STMicroelectronics.X-CUBE-AI.7.3.0
2024-05-05 00:54:26,093 [WARN] PackLoader:240 - Cannot read IP mode file for STMicroelectronics.X-CUBE-ALGOBUILD.1.3.0
2024-05-05 00:54:26,113 [WARN] PackLoader:240 - Cannot read IP mode file for STMicroelectronics.X-CUBE-AZRTOS-G0.1.1.0
2024-05-05 00:54:26,120 [WARN] PackLoader:240 - Cannot read IP mode file for STMicroelectronics.X-CUBE-SAFEA1.1.2.2
2024-05-05 00:54:26,133 [WARN] PackLoader:240 - Cannot read IP mode file for STMicroelectronics.X-CUBE-NFC4.3.0.0
2024-05-05 00:54:26,170 [WARN] PackLoader:240 - Cannot read IP mode file for SEGGER.I-CUBE-embOS.1.2.0
2024-05-05 00:54:26,193 [WARN] PackLoader:240 - Cannot read IP mode file for STMicroelectronics.X-CUBE-BLEMGR.3.0.0
2024-05-05 00:54:26,199 [WARN] PackLoader:240 - Cannot read IP mode file for STMicroelectronics.X-CUBE-BLEMGR.1.3.0
2024-05-05 00:54:26,215 [WARN] PackLoader:240 - Cannot read IP mode file for STMicroelectronics.FP-ATR-SIGFOX1.3.2.0
2024-05-05 00:54:26,224 [WARN] PackLoader:240 - Cannot read IP mode file for STMicroelectronics.X-CUBE-EEPRMA1.5.1.0
2024-05-05 00:54:26,231 [WARN] PackLoader:240 - Cannot read IP mode file for emotas.I-CUBE-CANOPEN.1.1.2
2024-05-05 00:54:26,247 [WARN] PackLoader:240 - Cannot read IP mode file for STMicroelectronics.X-CUBE-TOUCHGFX.4.20.0
2024-05-05 00:54:26,279 [WARN] PackLoader:240 - Cannot read IP mode file for STMicroelectronics.X-CUBE-MEMS1.9.5.0
2024-05-05 00:54:26,348 [WARN] PackLoader:240 - Cannot read IP mode file for SEGGER.I-CUBE-embOS.1.3.1
2024-05-05 00:54:26,375 [WARN] PackLoader:240 - Cannot read IP mode file for STMicroelectronics.X-CUBE-GNSS1.6.0.0
2024-05-05 00:54:26,391 [WARN] PackLoader:240 - Cannot read IP mode file for STMicroelectronics.X-CUBE-AZRTOS-F4.1.1.0
2024-05-05 00:54:26,403 [WARN] PackLoader:240 - Cannot read IP mode file for STMicroelectronics.X-CUBE-FREERTOS.1.2.0
2024-05-05 00:54:26,408 [WARN] PackLoader:240 - Cannot read IP mode file for STMicroelectronics.X-CUBE-BLEMGR.1.2.0
2024-05-05 00:54:26,428 [WARN] PackLoader:240 - Cannot read IP mode file for STMicroelectronics.X-CUBE-AZRTOS-L5.2.0.0
2024-05-05 00:54:26,460 [WARN] PackLoader:240 - Cannot read IP mode file for STMicroelectronics.X-CUBE-MEMS1.9.6.0
2024-05-05 00:54:26,533 [WARN] PackLoader:240 - Cannot read IP mode file for STMicroelectronics.X-CUBE-EEPRMA1.4.2.0
2024-05-05 00:54:26,543 [WARN] PackLoader:240 - Cannot read IP mode file for STMicroelectronics.X-CUBE-NFC6.3.1.0
2024-05-05 00:54:26,551 [WARN] PackLoader:240 - Cannot read IP mode file for ITTIA_DB.I-CUBE-ITTIADB.8.8.0
2024-05-05 00:54:26,563 [WARN] PackLoader:240 - Cannot read IP mode file for STMicroelectronics.X-CUBE-BLEMGR.2.0.0
2024-05-05 00:54:26,568 [WARN] PackLoader:240 - Cannot read IP mode file for STMicroelectronics.X-CUBE-NFC4.2.0.4
2024-05-05 00:54:26,578 [WARN] PackLoader:240 - Cannot read IP mode file for STMicroelectronics.X-CUBE-AI.9.0.0
2024-05-05 00:54:26,598 [WARN] ConditionMgr:438 - getConditionDescription Invalid condition id : UX DEVICE CLASS RTOS Condition cause : null
2024-05-05 00:54:26,598 [WARN] ConditionMgr:438 - getConditionDescription Invalid condition id : UX DEVICE CLASS RTOS Condition cause : null
2024-05-05 00:54:26,599 [WARN] PackLoader:240 - Cannot read IP mode file for STMicroelectronics.X-CUBE-AZRTOS-H7.3.1.0
2024-05-05 00:54:26,599 [WARN] ConditionMgr:1039 - genDependencies : Invalid condition id : UX DEVICE CLASS RTOS Condition cause : null
2024-05-05 00:54:26,599 [WARN] ConditionMgr:1039 - genDependencies : Invalid condition id : UX DEVICE CLASS RTOS Condition cause : null
2024-05-05 00:54:26,599 [WARN] ConditionMgr:1039 - genDependencies : Invalid condition id : UX DEVICE CLASS RTOS Condition cause : null
2024-05-05 00:54:26,599 [WARN] ConditionMgr:1039 - genDependencies : Invalid condition id : UX DEVICE CLASS RTOS Condition cause : null
2024-05-05 00:54:26,599 [WARN] ConditionMgr:1039 - genDependencies : Invalid condition id : UX DEVICE CLASS RTOS Condition cause : null
2024-05-05 00:54:26,608 [WARN] PackLoader:240 - Cannot read IP mode file for wolfSSL.I-CUBE-wolfSSL.5.5.0
2024-05-05 00:54:26,618 [WARN] PackLoader:240 - Cannot read IP mode file for STMicroelectronics.X-CUBE-NFC7.1.0.1
2024-05-05 00:54:26,623 [WARN] PackLoader:240 - Cannot read IP mode file for STMicroelectronics.X-CUBE-NFC7.1.0.0
2024-05-05 00:54:26,631 [WARN] PackLoader:240 - Cannot read IP mode file for STMicroelectronics.X-CUBE-NFC6.3.0.0
2024-05-05 00:54:26,643 [WARN] PackLoader:240 - Cannot read IP mode file for STMicroelectronics.X-CUBE-EEPRMA1.4.1.0
2024-05-05 00:54:26,651 [WARN] PackLoader:240 - Cannot read IP mode file for STMicroelectronics.X-CUBE-AI.8.1.0
2024-05-05 00:54:26,668 [WARN] ConditionMgr:438 - getConditionDescription Invalid condition id : LAN8742 Phy interface Condition cause : null
2024-05-05 00:54:26,668 [WARN] PackLoader:240 - Cannot read IP mode file for STMicroelectronics.X-CUBE-AZRTOS-L4.2.0.0
2024-05-05 00:54:26,668 [WARN] ConditionMgr:1039 - genDependencies : Invalid condition id : LAN8742 Phy interface Condition cause : null
2024-05-05 00:54:26,668 [WARN] ConditionMgr:1039 - genDependencies : Invalid condition id : LAN8742 Phy interface Condition cause : null
2024-05-05 00:54:26,668 [WARN] ConditionMgr:1039 - genDependencies : Invalid condition id : LAN8742 Phy interface Condition cause : null
2024-05-05 00:54:26,679 [WARN] PackLoader:240 - Cannot read IP mode file for STMicroelectronics.X-CUBE-SFXS2LP1.4.0.0
2024-05-05 00:54:26,696 [WARN] PackLoader:240 - Cannot read IP mode file for STMicroelectronics.X-CUBE-AZRTOS-H7.3.0.0
2024-05-05 00:54:26,703 [WARN] PackLoader:240 - Cannot read IP mode file for STMicroelectronics.X-CUBE-ISPU.1.1.0
2024-05-05 00:54:26,711 [WARN] PackLoader:240 - Cannot read IP mode file for RoweBots.I-CUBE-UNISONRTOS.5.5.0-4
2024-05-05 00:54:26,723 [WARN] PackLoader:240 - Cannot read IP mode file for STMicroelectronics.X-CUBE-AI.8.0.0
2024-05-05 00:54:26,738 [WARN] ConditionMgr:438 - getConditionDescription Invalid condition id : UX DEVICE CLASS RTOS Condition cause : null
2024-05-05 00:54:26,738 [WARN] ConditionMgr:438 - getConditionDescription Invalid condition id : UX DEVICE CLASS RTOS Condition cause : null
2024-05-05 00:54:26,738 [WARN] PackLoader:240 - Cannot read IP mode file for STMicroelectronics.X-CUBE-AZRTOS-WB.2.0.0
2024-05-05 00:54:26,738 [WARN] ConditionMgr:1039 - genDependencies : Invalid condition id : UX DEVICE CLASS RTOS Condition cause : null
2024-05-05 00:54:26,738 [WARN] ConditionMgr:1039 - genDependencies : Invalid condition id : UX DEVICE CLASS RTOS Condition cause : null
2024-05-05 00:54:26,738 [WARN] ConditionMgr:1039 - genDependencies : Invalid condition id : UX DEVICE CLASS RTOS Condition cause : null
2024-05-05 00:54:26,738 [WARN] ConditionMgr:1039 - genDependencies : Invalid condition id : UX DEVICE CLASS RTOS Condition cause : null
2024-05-05 00:54:26,738 [WARN] ConditionMgr:1039 - genDependencies : Invalid condition id : UX DEVICE CLASS RTOS Condition cause : null
2024-05-05 00:54:26,748 [WARN] PackLoader:240 - Cannot read IP mode file for STMicroelectronics.X-CUBE-FREERTOS.1.0.0
2024-05-05 00:54:26,753 [WARN] PackLoader:240 - Cannot read IP mode file for STMicroelectronics.X-CUBE-FREERTOS.1.0.1
2024-05-05 00:54:26,768 [WARN] PackLoader:240 - Cannot read IP mode file for STMicroelectronics.X-CUBE-BLEMGR.1.0.0
2024-05-05 00:54:26,783 [WARN] PackLoader:240 - Cannot read IP mode file for STMicroelectronics.X-CUBE-AZRTOS-L5.1.1.0
2024-05-05 00:54:26,789 [WARN] PackLoader:240 - Cannot read IP mode file for STMicroelectronics.X-CUBE-AI.8.0.1
2024-05-05 00:54:26,805 [WARN] PackLoader:240 - Cannot read IP mode file for STMicroelectronics.X-CUBE-SUBG2.5.0.0
2024-05-05 00:54:26,818 [WARN] PackLoader:240 - Cannot read IP mode file for STMicroelectronics.X-CUBE-TOF1.3.3.1
2024-05-05 00:54:26,837 [WARN] PackLoader:240 - Cannot read IP mode file for STMicroelectronics.X-CUBE-AZRTOS-G4.2.0.0
2024-05-05 00:54:26,848 [WARN] PackLoader:240 - Cannot read IP mode file for STMicroelectronics.X-CUBE-TOF1.3.3.0
2024-05-05 00:54:26,858 [WARN] PackLoader:240 - Cannot read IP mode file for STMicroelectronics.FP-ATR-ASTRA1.1.1.1
2024-05-05 00:54:26,869 [WARN] PackLoader:240 - Cannot read IP mode file for Infineon.AIROC-Wi-Fi-Bluetooth-STM32.1.5.1
2024-05-05 00:54:26,878 [WARN] PackLoader:240 - Cannot read IP mode file for STMicroelectronics.FP-SNS-MOTENVWB1.1.3.1
2024-05-05 00:54:26,888 [WARN] PackLoader:240 - Cannot read IP mode file for STMicroelectronics.X-CUBE-AZRTOS-G4.1.0.0
2024-05-05 00:54:26,908 [WARN] PackLoader:240 - Cannot read IP mode file for STMicroelectronics.X-CUBE-AZRTOS-L4.1.0.0
2024-05-05 00:54:26,912 [WARN] PackLoader:240 - Cannot read IP mode file for STMicroelectronics.X-CUBE-ISPU.2.0.0
2024-05-05 00:54:26,938 [WARN] PackLoader:240 - Cannot read IP mode file for STMicroelectronics.X-CUBE-MEMS1.10.0.0
2024-05-05 00:54:26,982 [WARN] PackLoader:240 - Cannot read IP mode file for STMicroelectronics.X-CUBE-FREERTOS.1.1.0
2024-05-05 00:54:26,993 [WARN] PackLoader:240 - Cannot read IP mode file for STMicroelectronics.X-CUBE-AZRTOS-WL.1.0.0
2024-05-05 00:54:27,003 [WARN] PackLoader:240 - Cannot read IP mode file for portGmbH.I-Cube-SoM-uGOAL.1.1.0
2024-05-05 00:54:27,012 [WARN] PackLoader:240 - Cannot read IP mode file for STMicroelectronics.X-CUBE-ALS.1.0.1
2024-05-05 00:54:27,028 [WARN] PackLoader:240 - Cannot read IP mode file for STMicroelectronics.X-CUBE-AZRTOS-WB.1.1.0
2024-05-05 00:54:27,043 [WARN] PackLoader:240 - Cannot read IP mode file for STMicroelectronics.X-CUBE-AZRTOS-L5.1.0.0
2024-05-05 00:54:27,052 [WARN] PackLoader:240 - Cannot read IP mode file for STMicroelectronics.X-CUBE-EEPRMA1.3.1.1
2024-05-05 00:54:27,068 [WARN] PackLoader:240 - Cannot read IP mode file for STMicroelectronics.X-CUBE-AZRTOS-H7RS.1.0.0
2024-05-05 00:54:27,078 [WARN] PackLoader:240 - Cannot read IP mode file for STMicroelectronics.FP-ATR-ASTRA1.2.0.0
2024-05-05 00:54:27,088 [WARN] PackLoader:240 - Cannot read IP mode file for STMicroelectronics.X-CUBE-TOF1.3.4.0
2024-05-05 00:54:27,103 [WARN] PackLoader:240 - Cannot read IP mode file for STMicroelectronics.X-CUBE-TOF1.3.4.1
2024-05-05 00:54:27,123 [WARN] PackLoader:240 - Cannot read IP mode file for STMicroelectronics.X-CUBE-AZRTOS-H7.3.2.0
2024-05-05 00:54:27,123 [INFO] ThirdParty:978 - Integrity check success = true
2024-05-05 00:54:27,123 [INFO] IntegrityCheckThread:100 - exiting critical section [integrity check]
2024-05-05 00:54:27,123 [INFO] IntegrityCheckThread:103 - End integrity checks thread
2024-05-05 00:54:27,123 [INFO] ThirdParty:873 - entering critical section [close project]
2024-05-05 00:54:27,123 [INFO] ThirdParty:883 - exiting critical section [close project]
2024-05-05 00:54:27,128 [INFO] PinOutPanel:1561 - setPackage(No Configuration,No Configuration)
2024-05-05 00:54:27,128 [INFO] UtilMem:75 - Begin LoadConfig() Used Memory: 308091096 Bytes (524288000)
2024-05-05 00:54:50,028 [INFO] ServerAccessManage:473 - Download File stm32cube_db_v60100.zip
2024-05-05 00:54:56,193 [INFO] FileExtend:240 - Unzip File : stm32cube_db_v60100.zip
2024-05-05 00:54:56,196 [INFO] FileExtend:255 - Standard Zip Deflate
2024-05-05 00:55:00,435 [INFO] LoadServerPackagesThread:196 - End of LoadServerPackages Thread
2024-05-05 00:55:00,578 [INFO] CheckServerUpdateThread:120 - End of CheckServer Thread
2024-05-05 00:55:00,580 [INFO] UserAuth:415 - Internet connection configuration mode: 1
2024-05-05 00:55:00,609 [INFO] JxBrowserEngine:152 - Initiate JxBrowser Engine with user profile folder
2024-05-05 00:55:04,173 [INFO] WebApp:161 - Instantiating new browser for Auth
2024-05-05 00:55:04,534 [INFO] WebApp:779 - Register for checkConnection events
2024-05-05 00:55:04,534 [INFO] WebApp:414 - Apply proxy settings
2024-05-05 00:55:04,535 [INFO] WebApp:499 - Chromium requires no authentication
2024-05-05 00:55:04,538 [INFO] WebApp:442 - Direct internet connection detected
2024-05-05 00:55:04,638 [INFO] WebApp:192 - Starting web application
2024-05-05 00:55:04,638 [INFO] WebApp:544 - Web application path used C:\ST\STM32CubeIDE_1.10.1\STM32CubeIDE\plugins\com.st.stm32cube.common.mx_6.11.1.202404110753\db\plugins\mcufinder\reactClient1\index.html
2024-05-05 00:55:10,661 [INFO] LogOutputStream:77 - [STDOUT_REDIRECT] 
2024-05-05 00:55:12,329 [INFO] McuFinderGlobals:63 - Set McuFinder mode to 2 (CubeIDE integrated)
2024-05-05 00:55:12,330 [INFO] UserAuth:179 - activating auth plugin
2024-05-05 00:55:12,337 [INFO] UserAuth:415 - Internet connection configuration mode: 1
2024-05-05 00:55:30,352 [INFO] MainUpdater:2873 - connection check result : 10
2024-05-05 00:55:30,352 [INFO] MainUpdater:2873 - connection check result : 10
2024-05-05 00:55:30,357 [INFO] MicroXplorer:468 - Change Database Path : 
2024-05-05 00:55:30,357 [INFO] MicroXplorer:498 - Change Database Version : DB.6.0.111
2024-05-05 00:55:30,357 [WARN] ThirdParty:871 - waiting for thirdparty lock release [close project]
2024-05-05 00:55:30,357 [INFO] ThirdParty:873 - entering critical section [close project]
2024-05-05 00:55:30,357 [INFO] ThirdParty:883 - exiting critical section [close project]
2024-05-05 00:55:30,358 [INFO] PinOutPanel:1561 - setPackage(No Configuration,No Configuration)
2024-05-05 00:55:30,359 [INFO] UtilMem:75 - Begin LoadConfig() Used Memory: 312198608 Bytes (630194176)
2024-05-05 00:55:30,362 [INFO] MicroXplorer:468 - Change Database Path : C:/Users/saksh/.stm32cubemx/databases/DB.6.0.100/db/
2024-05-05 00:55:30,362 [INFO] MicroXplorer:498 - Change Database Version : DB.6.0.100
2024-05-05 00:55:32,060 [INFO] OpenFileManager:312 - Change cursor
2024-05-05 00:55:32,078 [INFO] Mcu:2021 - Initializing MCU STM32H7A3Z(G-I)TxQ STM32H7A3ZITxQ STM32H7A3ZIT6Q
2024-05-05 00:55:33,835 [INFO] Context:663 - Trying to add GPIOservice into a context  which must be forbidden
2024-05-05 00:55:34,684 [INFO] RtosManager:555 - Registered RTOS mode: class=CMSIS, group=RTOS, mode=CMSIS_V1, owner=FREERTOS
2024-05-05 00:55:34,684 [INFO] RtosManager:555 - Registered RTOS mode: class=CMSIS, group=RTOS2, mode=CMSIS_V2, owner=FREERTOS
2024-05-05 00:55:34,685 [INFO] RtosManager:555 - Registered RTOS mode: class=RTOS, group=Core, mode=CMSIS_V1, owner=FREERTOS
2024-05-05 00:55:34,685 [INFO] RtosManager:555 - Registered RTOS mode: class=RTOS, group=Core, mode=CMSIS_V2, owner=FREERTOS
2024-05-05 00:55:34,685 [WARN] ModelIntegratedComponent:184 - Missing modes for component STMicroelectronics:FreeRTOS:0.0.1:STMicroelectronics:RTOS:FreeRTOS:Core:::10.2.0:
2024-05-05 00:55:34,691 [WARN] ModelIntegratedComponent:63 - No mode defined for component null
2024-05-05 00:55:34,691 [WARN] ModelIntegratedComponent:63 - No mode defined for component null
2024-05-05 00:55:34,691 [WARN] ModelIntegratedComponent:63 - No mode defined for component null
2024-05-05 00:55:34,691 [WARN] ModelIntegratedComponent:63 - No mode defined for component null
2024-05-05 00:55:34,691 [WARN] ModelIntegratedComponent:63 - No mode defined for component null
2024-05-05 00:55:34,691 [WARN] ModelIntegratedComponent:63 - No mode defined for component null
2024-05-05 00:55:34,691 [WARN] ModelIntegratedComponent:63 - No mode defined for component null
2024-05-05 00:55:34,691 [WARN] ModelIntegratedComponent:63 - No mode defined for component null
2024-05-05 00:55:34,691 [WARN] ModelIntegratedComponent:63 - No mode defined for component null
2024-05-05 00:55:34,692 [WARN] ModelIntegratedComponent:63 - No mode defined for component null
2024-05-05 00:55:34,692 [WARN] ModelIntegratedComponent:63 - No mode defined for component null
2024-05-05 00:55:34,692 [WARN] ModelIntegratedComponent:63 - No mode defined for component null
2024-05-05 00:55:34,692 [WARN] ModelIntegratedComponent:63 - No mode defined for component null
2024-05-05 00:55:34,692 [WARN] ModelIntegratedComponent:63 - No mode defined for component null
2024-05-05 00:55:34,692 [WARN] ModelIntegratedComponent:63 - No mode defined for component null
2024-05-05 00:55:34,692 [WARN] ModelIntegratedComponent:63 - No mode defined for component null
2024-05-05 00:55:34,692 [WARN] ModelIntegratedComponent:63 - No mode defined for component null
2024-05-05 00:55:34,692 [WARN] ModelIntegratedComponent:63 - No mode defined for component null
2024-05-05 00:55:34,692 [WARN] ModelIntegratedComponent:63 - No mode defined for component null
2024-05-05 00:55:34,692 [WARN] ModelIntegratedComponent:63 - No mode defined for component null
2024-05-05 00:55:34,692 [WARN] ModelIntegratedComponent:63 - No mode defined for component null
2024-05-05 00:55:34,692 [WARN] ModelIntegratedComponent:63 - No mode defined for component null
2024-05-05 00:55:34,693 [WARN] ModelIntegratedComponent:63 - No mode defined for component null
2024-05-05 00:55:34,693 [WARN] ModelIntegratedComponent:63 - No mode defined for component null
2024-05-05 00:55:34,693 [WARN] ModelIntegratedComponent:63 - No mode defined for component null
2024-05-05 00:55:34,693 [WARN] ModelIntegratedComponent:63 - No mode defined for component null
2024-05-05 00:55:34,693 [WARN] ModelIntegratedComponent:63 - No mode defined for component null
2024-05-05 00:55:34,693 [WARN] ModelIntegratedComponent:63 - No mode defined for component null
2024-05-05 00:55:34,693 [WARN] ModelIntegratedComponent:63 - No mode defined for component null
2024-05-05 00:55:34,693 [WARN] ModelIntegratedComponent:63 - No mode defined for component null
2024-05-05 00:55:34,693 [WARN] ModelIntegratedComponent:63 - No mode defined for component null
2024-05-05 00:55:34,693 [WARN] ModelIntegratedComponent:63 - No mode defined for component null
2024-05-05 00:55:34,693 [WARN] ModelIntegratedComponent:63 - No mode defined for component null
2024-05-05 00:55:34,693 [WARN] ModelIntegratedComponent:63 - No mode defined for component null
2024-05-05 00:55:34,734 [WARN] ModelIntegratedComponent:182 - Modes not found for component STMicroelectronics:USB_DEVICE:1.0.0:STMicroelectronics:USB::USB Device:Audio FS::1.0:USB_DEVICE_1_0_RESTRICTED_FS
2024-05-05 00:55:34,734 [WARN] ModelIntegratedComponent:188 - Modes not found for component STMicroelectronics:USB_DEVICE:1.0.0:STMicroelectronics:USB::USB Device:Audio FS::1.0:USB_DEVICE_1_0_RESTRICTED_FS
2024-05-05 00:55:34,735 [WARN] ModelIntegratedComponent:182 - Modes not found for component STMicroelectronics:USB_DEVICE:1.0.0:STMicroelectronics:USB::USB Device:CDC FS::1.0:USB_DEVICE_1_0_RESTRICTED_FS
2024-05-05 00:55:34,735 [WARN] ModelIntegratedComponent:188 - Modes not found for component STMicroelectronics:USB_DEVICE:1.0.0:STMicroelectronics:USB::USB Device:CDC FS::1.0:USB_DEVICE_1_0_RESTRICTED_FS
2024-05-05 00:55:34,735 [WARN] ModelIntegratedComponent:182 - Modes not found for component STMicroelectronics:USB_DEVICE:1.0.0:STMicroelectronics:USB::USB Device:DFU FS::1.0:USB_DEVICE_1_0_RESTRICTED_FS
2024-05-05 00:55:34,735 [WARN] ModelIntegratedComponent:188 - Modes not found for component STMicroelectronics:USB_DEVICE:1.0.0:STMicroelectronics:USB::USB Device:DFU FS::1.0:USB_DEVICE_1_0_RESTRICTED_FS
2024-05-05 00:55:34,735 [WARN] ModelIntegratedComponent:182 - Modes not found for component STMicroelectronics:USB_DEVICE:1.0.0:STMicroelectronics:USB::USB Device:HID FS::1.0:USB_DEVICE_1_0_RESTRICTED_FS
2024-05-05 00:55:34,735 [WARN] ModelIntegratedComponent:188 - Modes not found for component STMicroelectronics:USB_DEVICE:1.0.0:STMicroelectronics:USB::USB Device:HID FS::1.0:USB_DEVICE_1_0_RESTRICTED_FS
2024-05-05 00:55:34,735 [WARN] ModelIntegratedComponent:182 - Modes not found for component STMicroelectronics:USB_DEVICE:1.0.0:STMicroelectronics:USB::USB Device:Custom HID FS::1.0:USB_DEVICE_1_0_RESTRICTED_FS
2024-05-05 00:55:34,735 [WARN] ModelIntegratedComponent:188 - Modes not found for component STMicroelectronics:USB_DEVICE:1.0.0:STMicroelectronics:USB::USB Device:Custom HID FS::1.0:USB_DEVICE_1_0_RESTRICTED_FS
2024-05-05 00:55:34,735 [WARN] ModelIntegratedComponent:182 - Modes not found for component STMicroelectronics:USB_DEVICE:1.0.0:STMicroelectronics:USB::USB Device:MSC FS::1.0:USB_DEVICE_1_0_RESTRICTED_FS
2024-05-05 00:55:34,735 [WARN] ModelIntegratedComponent:188 - Modes not found for component STMicroelectronics:USB_DEVICE:1.0.0:STMicroelectronics:USB::USB Device:MSC FS::1.0:USB_DEVICE_1_0_RESTRICTED_FS
2024-05-05 00:55:34,789 [WARN] ModelIntegratedComponent:182 - Modes not found for component STMicroelectronics:USB_HOST:1.0.0:STMicroelectronics:USB::USB Host:Audio FS::1.0:USB_HOST_1_0_RESTRICTED_FS
2024-05-05 00:55:34,789 [WARN] ModelIntegratedComponent:188 - Modes not found for component STMicroelectronics:USB_HOST:1.0.0:STMicroelectronics:USB::USB Host:Audio FS::1.0:USB_HOST_1_0_RESTRICTED_FS
2024-05-05 00:55:34,789 [WARN] ModelIntegratedComponent:182 - Modes not found for component STMicroelectronics:USB_HOST:1.0.0:STMicroelectronics:USB::USB Host:CDC FS::1.0:USB_HOST_1_0_RESTRICTED_FS
2024-05-05 00:55:34,789 [WARN] ModelIntegratedComponent:188 - Modes not found for component STMicroelectronics:USB_HOST:1.0.0:STMicroelectronics:USB::USB Host:CDC FS::1.0:USB_HOST_1_0_RESTRICTED_FS
2024-05-05 00:55:34,789 [WARN] ModelIntegratedComponent:182 - Modes not found for component STMicroelectronics:USB_HOST:1.0.0:STMicroelectronics:USB::USB Host:MSC FS::1.0:USB_HOST_1_0_RESTRICTED_FS
2024-05-05 00:55:34,789 [WARN] ModelIntegratedComponent:188 - Modes not found for component STMicroelectronics:USB_HOST:1.0.0:STMicroelectronics:USB::USB Host:MSC FS::1.0:USB_HOST_1_0_RESTRICTED_FS
2024-05-05 00:55:34,790 [WARN] ModelIntegratedComponent:182 - Modes not found for component STMicroelectronics:USB_HOST:1.0.0:STMicroelectronics:USB::USB Host:HID FS::1.0:USB_HOST_1_0_RESTRICTED_FS
2024-05-05 00:55:34,790 [WARN] ModelIntegratedComponent:188 - Modes not found for component STMicroelectronics:USB_HOST:1.0.0:STMicroelectronics:USB::USB Host:HID FS::1.0:USB_HOST_1_0_RESTRICTED_FS
2024-05-05 00:55:34,790 [WARN] ModelIntegratedComponent:182 - Modes not found for component STMicroelectronics:USB_HOST:1.0.0:STMicroelectronics:USB::USB Host:MTP FS::1.0:USB_HOST_1_0_RESTRICTED_FS
2024-05-05 00:55:34,790 [WARN] ModelIntegratedComponent:188 - Modes not found for component STMicroelectronics:USB_HOST:1.0.0:STMicroelectronics:USB::USB Host:MTP FS::1.0:USB_HOST_1_0_RESTRICTED_FS
2024-05-05 00:55:34,911 [INFO] ThirdPartyModel:298 - Start build external matchings
2024-05-05 00:55:36,242 [INFO] ThirdPartyModel:316 - End build external matchings
2024-05-05 00:55:36,281 [INFO] ImportTextPane:194 - (OptionalMessage_ERROR) IP (RCC) : Invalid parameter (FamilyName)
2024-05-05 00:55:36,281 [INFO] ImportTextPane:194 - (OptionalMessage_ERROR) IP (RCC) : Parameter (LTDCFreq_Value) has invalid value (768000000)
2024-05-05 00:55:36,281 [INFO] ImportTextPane:194 - (OptionalMessage_ERROR) IP (RCC) : Parameter (TraceFreq_Value) has invalid value (64000000)
2024-05-05 00:55:36,791 [INFO] ApiDb:581 - Connected to CubeFinder SQLite database (C:\Users\saksh\.stmcufinder\plugins\mcufinder\mcu\cube-finder-db.db)
2024-05-05 00:55:36,847 [INFO] ApiDb:668 - CubeFinder database Data Model version=2.1
2024-05-05 00:55:36,847 [INFO] ApiDb:669 - CubeFinder database Configuration version=3.0.39
2024-05-05 00:55:36,848 [INFO] ApiDb:670 - CubeFinder database generation date=2024-03-25 (1711369621)
2024-05-05 00:55:36,848 [INFO] ApiDb:671 - CubeFinder database FW Pack versions=[FP-ATR-ASTRA1_V2.0.0, FP-SNS-FLIGHT1_V5.0.1, FP-SNS-FLIGHT1_V5.0.2, FP-SNS-MOTENV1_V4.3.1, FP-SNS-MOTENV1_V4.3.2, FP-SNS-MOTENVWB1_V1.3.1, FP-SNS-SMARTAG2_V1.2.0, STM32Cube_FW_C0_V1.1.0, STM32Cube_FW_F4_V1.28.0, STM32Cube_FW_F7_V1.17.0, STM32Cube_FW_G0_V1.6.2, STM32Cube_FW_G4_V1.5.2, STM32Cube_FW_H5_V0.5.1, STM32Cube_FW_H5_V1.1.1, STM32Cube_FW_H5_V1.2.0, STM32Cube_FW_H5_V1.2.0RC4, STM32Cube_FW_H7RS_V1.0.0, STM32Cube_FW_H7RS_V1.0.0RC4, STM32Cube_FW_H7_V1.11.0, STM32Cube_FW_L0_V1.12.2, STM32Cube_FW_L5_V1.5.1, STM32Cube_FW_U0_V1.0.0, STM32Cube_FW_U0_V1.0.0RC1, STM32Cube_FW_U5_V1.3.0RC4, STM32Cube_FW_U5_V1.5.0, STM32Cube_FW_U5_V1.5.0RC1, STM32Cube_FW_WBA_V1.0.0RC1, STM32Cube_FW_WBA_V1.2.0, STM32Cube_FW_WBA_V1.2.0RC2, STM32Cube_FW_WBA_V1.3.0, STM32Cube_FW_WBA_V1.3.0RC1, STM32Cube_FW_WB_V1.15.0RC1, STM32Cube_FW_WB_V1.16.0, STM32Cube_FW_WB_V1.16.0RC2, STM32Cube_FW_WB_V1.18.0, STM32Cube_FW_WB_V1.19.0, STM32Cube_FW_WL_V1.3.0, X-CUBE-ALGOBUILD_V1.3.0, X-CUBE-ALS_V1.0.1, X-CUBE-AZRTOS-F4_V1.1.0, X-CUBE-AZRTOS-F7_V1.1.0, X-CUBE-AZRTOS-G0_V1.1.0, X-CUBE-AZRTOS-G4_V2.0.0, X-CUBE-AZRTOS-H7_V3.2.0, X-CUBE-AZRTOS-L4_V1.0.0, X-CUBE-AZRTOS-L4_V2.0.0, X-CUBE-AZRTOS-L5_V1.1.0, X-CUBE-AZRTOS-WB_V2.0.0, X-CUBE-AZRTOS-WL_V2.0.0, X-CUBE-BLE1_V7.0.0, X-CUBE-BLE2_V3.3.0, X-CUBE-BLEMGR_V3.1.0, X-CUBE-EEPRMA1_V4.1.0, X-CUBE-EEPRMA1_V5.1.0, X-CUBE-FREERTOS_V1.1.0, X-CUBE-GNSS1_V6.0.0, X-CUBE-MEMS1_V10.0.0, X-CUBE-MEMS1_V9.1.0, X-CUBE-MEMS1_V9.4.0, X-CUBE-MEMS1_V9.6.0, X-CUBE-NFC4_V3.0.0, X-CUBE-NFC7_V1.0.1, X-CUBE-SFXS2LP1_V4.0.0, X-CUBE-SUBG2_V5.0.0, X-CUBE-TOF1_V3.4.0]
2024-05-05 00:55:36,954 [INFO] DbBoardsSqlite:226 - include board P-NUCLEO-WB55-NUCLEO as a kit item of type 'Nucleo-64'
2024-05-05 00:55:36,954 [INFO] DbBoardsSqlite:226 - include board P-NUCLEO-WB55-USBDONGLE as a kit item of type 'Nucleo USB Dongle'
2024-05-05 00:55:36,955 [INFO] DbBoardsSqlite:226 - include board STEVAL-IDP005V1 as a kit item of type 'Evaluation Board'
2024-05-05 00:55:36,955 [INFO] DbBoardsSqlite:226 - include board STEVAL-IDP005V2 as a kit item of type 'Evaluation Board'
2024-05-05 00:55:37,172 [INFO] ApiDb:240 - Found 483 in-development CPN: [B-G473E-ZEST1S, B-WB1M-WPAN1, B-WL5M-SUBG1, NUCLEO-C031C6, NUCLEO-H503RB, NUCLEO-H533RE, NUCLEO-H563ZI, NUCLEO-H7S3L8, NUCLEO-U031R8, NUCLEO-U083RC, NUCLEO-U545RE-Q, NUCLEO-U5A5ZJ-Q, NUCLEO-WBA52CG, NUCLEO-WBA55CG, STEVAL-PROTEUS1, STEVAL-SMARTAG2, STEVAL-STWINBX1, STM320518-EVAL, STM32C0116-DK, STM32C011D6Y3TR, STM32C011D6Y6TR, STM32C011F4P3, STM32C011F4P6, STM32C011F4U3, STM32C011F4U6TR, STM32C011F6P3, STM32C011F6P6, STM32C011F6U3, STM32C011F6U6TR, STM32C011J4M3, STM32C011J4M6, STM32C011J6M3, STM32C011J6M6, STM32C0316-DK, STM32C031C4T3, STM32C031C4T6, STM32C031C4U3, STM32C031C4U6, STM32C031C6T3, STM32C031C6T6, STM32C031C6U3, STM32C031C6U6, STM32C031F4P3, STM32C031F4P6, STM32C031F6P3, STM32C031F6P6, STM32C031G4U3, STM32C031G4U6, STM32C031G6U3, STM32C031G6U6, STM32C031K4T3, STM32C031K4T6, STM32C031K4U3, STM32C031K4U6, STM32C031K6T3, STM32C031K6T6, STM32C031K6U3, STM32C031K6U6, STM32G071K8TXN, STM32G071K8UXN, STM32G081GBU6N, STM32G081KBT6N, STM32G081KBUXN, STM32G0B1CCT6N, STM32G0B1KCT6, STM32G0B1NEY6TR, STM32G0B1RCT6N, STM32G0C1CCT6, STM32G0C1CCT6N, STM32G0C1CCU6N, STM32G0C1CET6N, STM32G0C1CEU6N, STM32G0C1KCT6, STM32G0C1NEY6TR, STM32G0C1RCI6N, STM32G0C1RCT6N, STM32G0C1REI6N, STM32G0C1RET6N, STM32G0C1VCI6, STM32G0C1VEI6, STM32G471CCT6, STM32G471CCU6, STM32G471CET3, STM32G471CET6, STM32G471CEU3, STM32G471CEU6, STM32G471MCT6, STM32G471MET3, STM32G471MET6, STM32G471MEY6TR, STM32G471QCT6, STM32G471QET3, STM32G471RCT6, STM32G471RET3, STM32G471RET6, STM32G471VCH6, STM32G471VCI6, STM32G471VCT6, STM32G471VEH3, STM32G471VEH6, STM32G471VEI3, STM32G471VEI6, STM32G471VET3, STM32G471VET6, STM32G474CCT6, STM32H503CBT6, STM32H503CBU6, STM32H503EBY6TR, STM32H503KBU6, STM32H503RBT6, STM32H523CCT6, STM32H523CCU6, STM32H523CET6, STM32H523CEU6, STM32H523HEY6TR, STM32H523RCT6, STM32H523RET6, STM32H523VCI6, STM32H523VCT6, STM32H523VEI6, STM32H523VET6, STM32H523ZCJ6, STM32H523ZCT6, STM32H523ZEJ6, STM32H523ZET6, STM32H533CET6, STM32H533CEU6, STM32H533HEY6TR, STM32H533RET6, STM32H533VEI6, STM32H533VET6, STM32H533ZEJ6, STM32H533ZET6, STM32H562AGI6, STM32H562AII6, STM32H562IGK6, STM32H562IGT6, STM32H562IIK6, STM32H562IIT6, STM32H562RGT6, STM32H562RGV6, STM32H562RIT6, STM32H562RIV6, STM32H562VGT6, STM32H562VIT6, STM32H562ZGT6, STM32H562ZIT6, STM32H563AGI6, STM32H563AII3Q, STM32H563AII6, STM32H563IGK6, STM32H563IGT6, STM32H563IIK3Q, STM32H563IIK6, STM32H563IIT3Q, STM32H563IIT6, STM32H563MIY3QTR, STM32H563RGT6, STM32H563RGV6, STM32H563RIT6, STM32H563RIV6, STM32H563VGT6, STM32H563VIT3Q, STM32H563VIT6, STM32H563ZGT6, STM32H563ZIT3Q, STM32H563ZIT6, STM32H573AII3Q, STM32H573AII6, STM32H573I-DK, STM32H573IIK3Q, STM32H573IIK6, STM32H573IIT3Q, STM32H573IIT6, STM32H573MIY3QTR, STM32H573RIT6, STM32H573RIV6, STM32H573VIT3Q, STM32H573VIT6, STM32H573ZIT3Q, STM32H573ZIT6, STM32H7R3A8I6, STM32H7R3I8K6, STM32H7R3I8T6, STM32H7R3L8H6, STM32H7R3L8H6H, STM32H7R3R8V6, STM32H7R3V8H6, STM32H7R3V8T6, STM32H7R3V8Y6, STM32H7R3Z8J6, STM32H7R3Z8T6, STM32H7R7A8I6, STM32H7R7I8K6, STM32H7R7I8T6, STM32H7R7L8H6, STM32H7R7L8H6H, STM32H7R7Z8J6, STM32H7S3A8I6, STM32H7S3I8K6, STM32H7S3I8T6, STM32H7S3L8H6, STM32H7S3L8H6H, STM32H7S3R8V6, STM32H7S3V8H6, STM32H7S3V8T6, STM32H7S3V8Y6, STM32H7S3Z8J6, STM32H7S3Z8T6, STM32H7S78-DK, STM32H7S7A8I6, STM32H7S7I8K6, STM32H7S7I8T6, STM32H7S7L8H6, STM32H7S7L8H6H, STM32H7S7Z8J6, STM32L4R5QGI6STR, STM32MP131AAE3, STM32MP131AAF3, STM32MP131AAG3, STM32MP131CAE3, STM32MP131CAF3, STM32MP131CAG3, STM32MP131DAE7, STM32MP131DAF7, STM32MP131DAG7, STM32MP131FAE7, STM32MP131FAF7, STM32MP131FAG7, STM32MP133AAE3, STM32MP133AAF3, STM32MP133AAG3, STM32MP133CAE3, STM32MP133CAF3, STM32MP133CAG3, STM32MP133DAE7, STM32MP133DAF7, STM32MP133DAG7, STM32MP133FAE7, STM32MP133FAF7, STM32MP133FAG7, STM32MP135AAE3, STM32MP135AAF3, STM32MP135AAG3, STM32MP135CAE3, STM32MP135CAF3, STM32MP135CAG3, STM32MP135DAE7, STM32MP135DAF7, STM32MP135DAG7, STM32MP135F-DK, STM32MP135FAE7, STM32MP135FAF7, STM32MP135FAF7T, STM32MP135FAF7U, STM32MP135FAG7, STM32U031C6T6, STM32U031C6U6, STM32U031C8T6, STM32U031C8U6, STM32U031F4P6, STM32U031F6P6, STM32U031F8P6, STM32U031G6Y6TR, STM32U031G8Y6TR, STM32U031K4U6, STM32U031K6U6, STM32U031K8U6, STM32U031R6I6, STM32U031R6T6, STM32U031R8I6, STM32U031R8T6, STM32U073C8T6, STM32U073C8U6, STM32U073CBT6, STM32U073CBU6, STM32U073CCT6, STM32U073CCU6, STM32U073H8Y6TR, STM32U073HBY6TR, STM32U073HCY6TR, STM32U073K8U6, STM32U073KBU6, STM32U073KCU6, STM32U073M8I6, STM32U073M8T6, STM32U073MBI6, STM32U073MBT6, STM32U073MCI6, STM32U073MCT6, STM32U073R8I6, STM32U073R8T6, STM32U073RBI6, STM32U073RBT6, STM32U073RCI6, STM32U073RCT6, STM32U083C-DK, STM32U083CCT6, STM32U083CCU6, STM32U083HCY6TR, STM32U083KCU6, STM32U083MCI6, STM32U083MCT6, STM32U083RCI6, STM32U083RCT6, STM32U535CBT6, STM32U535CBT6Q, STM32U535CBU6, STM32U535CBU6Q, STM32U535CCT6, STM32U535CCT6Q, STM32U535CCU6, STM32U535CCU6Q, STM32U535CET6, STM32U535CET6Q, STM32U535CEU6, STM32U535CEU6Q, STM32U535JEY6QTR, STM32U535NCY6QTR, STM32U535NEY6QTR, STM32U535RBI6, STM32U535RBI6Q, STM32U535RBT6, STM32U535RBT6Q, STM32U535RCI6, STM32U535RCI6Q, STM32U535RCT6, STM32U535RCT6Q, STM32U535REI6, STM32U535REI6Q, STM32U535RET6, STM32U535RET6Q, STM32U535VCI6, STM32U535VCI6Q, STM32U535VCT6, STM32U535VCT6Q, STM32U535VEI6, STM32U535VEI6Q, STM32U535VET6, STM32U535VET6Q, STM32U545CET6, STM32U545CET6Q, STM32U545CEU6, STM32U545CEU6Q, STM32U545JEY6QTR, STM32U545NEY6QTR, STM32U545REI6, STM32U545REI6Q, STM32U545RET6, STM32U545RET6Q, STM32U545VEI6, STM32U545VEI6Q, STM32U545VET6, STM32U545VET6Q, STM32U595AIH6, STM32U595AIH6Q, STM32U595AJH6, STM32U595AJH6Q, STM32U595QII6, STM32U595QII6Q, STM32U595QJI6, STM32U595QJI6Q, STM32U595RIT6, STM32U595RIT6Q, STM32U595RJT6, STM32U595RJT6Q, STM32U595VIT6, STM32U595VIT6Q, STM32U595VJT6, STM32U595VJT6Q, STM32U595ZIT6, STM32U595ZIT6Q, STM32U595ZIY6QTR, STM32U595ZJT6, STM32U595ZJT6Q, STM32U595ZJY6QTR, STM32U599BJY6QTR, STM32U599NIH6Q, STM32U599NJH6Q, STM32U599VIT6Q, STM32U599VJT6, STM32U599VJT6Q, STM32U599ZIT6Q, STM32U599ZIY6QTR, STM32U599ZJT6Q, STM32U599ZJY6QTR, STM32U5A5AJH6, STM32U5A5AJH6Q, STM32U5A5QII3Q , STM32U5A5QJI6, STM32U5A5QJI6Q, STM32U5A5RJT6, STM32U5A5RJT6Q, STM32U5A5VJT6, STM32U5A5VJT6Q, STM32U5A5ZJT6, STM32U5A5ZJT6Q, STM32U5A5ZJY6QTR, STM32U5A9BJY6QTR, STM32U5A9J-DK, STM32U5A9NJH6Q, STM32U5A9VJT6Q, STM32U5A9ZJT6Q, STM32U5A9ZJY6QTR, STM32U5F7VIT6, STM32U5F7VIT6Q, STM32U5F7VJT6, STM32U5F7VJT6Q, STM32U5F9BJY6QTR, STM32U5F9NJH6Q, STM32U5F9VIT6Q, STM32U5F9VJT6Q, STM32U5F9ZIJ6QTR, STM32U5F9ZIT6Q, STM32U5F9ZJJ6QTR, STM32U5F9ZJT6Q, STM32U5G7VJT6, STM32U5G7VJT6Q, STM32U5G9BJY6QTR, STM32U5G9J-DK1, STM32U5G9J-DK2, STM32U5G9NJH6Q, STM32U5G9VJT6Q, STM32U5G9ZJJ6QTR, STM32U5G9ZJT6Q, STM32WB1MMCH6, STM32WBA50KEU6, STM32WBA50KEU6TR, STM32WBA50KGU6, STM32WBA50KGU6TR, STM32WBA52CEU6, STM32WBA52CEU6TR, STM32WBA52CEU7, STM32WBA52CEU7TR, STM32WBA52CGU6, STM32WBA52CGU6TR, STM32WBA52CGU6U, STM32WBA52CGU7, STM32WBA52CGU7TR, STM32WBA52KEU6, STM32WBA52KEU6TR, STM32WBA52KGU6, STM32WBA52KGU6TR, STM32WBA54CEU6, STM32WBA54CEU6TR, STM32WBA54CEU7, STM32WBA54CEU7TR, STM32WBA54CGU6, STM32WBA54CGU6TR, STM32WBA54CGU7, STM32WBA54CGU7TR, STM32WBA54KEU6, STM32WBA54KEU6TR, STM32WBA54KEU7, STM32WBA54KEU7TR, STM32WBA54KGU6, STM32WBA54KGU6TR, STM32WBA54KGU7, STM32WBA54KGU7TR, STM32WBA55CEU6, STM32WBA55CEU6TR, STM32WBA55CEU7, STM32WBA55CEU7TR, STM32WBA55CGU6, STM32WBA55CGU6TR, STM32WBA55CGU6U, STM32WBA55CGU7, STM32WBA55CGU7TR, STM32WBA55G-DK1, STM32WBA55HEF6, STM32WBA55HEF7, STM32WBA55HGF6, STM32WBA55HGF7, STM32WBA55UEI6, STM32WBA55UEI6TR, STM32WBA55UEI7, STM32WBA55UEI7TR, STM32WBA55UGI6, STM32WBA55UGI6TR, STM32WBA55UGI7, STM32WBA55UGI7TR, STM32WL5MOCH6, STM32WL5MOCH6TR]
2024-05-05 00:55:37,245 [INFO] BoardInfo:889 - No configuration file found for board P-NUCLEO-WB55
2024-05-05 00:55:37,246 [INFO] DbBoards:161 - Kit is not supported: P-NUCLEO-WB55
2024-05-05 00:55:37,248 [INFO] BoardInfo:889 - No configuration file found for board STEVAL-BFA001V1B
2024-05-05 00:55:37,248 [INFO] DbBoards:161 - Kit is not supported: STEVAL-BFA001V1B
2024-05-05 00:55:37,249 [INFO] BoardInfo:889 - No configuration file found for board STEVAL-BFA001V2B
2024-05-05 00:55:37,249 [INFO] DbBoards:161 - Kit is not supported: STEVAL-BFA001V2B
2024-05-05 00:55:37,333 [INFO] DbBoards:168 - Found 199 boards, 196 are supported
2024-05-05 00:55:37,333 [INFO] DbBoards:169 - Found 199 boards, 8 of them is supported for  Bsp
2024-05-05 00:55:37,336 [INFO] ApiDb:668 - CubeFinder database Data Model version=2.1
2024-05-05 00:55:37,336 [INFO] ApiDb:669 - CubeFinder database Configuration version=3.0.39
2024-05-05 00:55:37,336 [INFO] ApiDb:670 - CubeFinder database generation date=2024-03-25 (1711369621)
2024-05-05 00:55:37,336 [INFO] ApiDb:671 - CubeFinder database FW Pack versions=[FP-ATR-ASTRA1_V2.0.0, FP-SNS-FLIGHT1_V5.0.1, FP-SNS-FLIGHT1_V5.0.2, FP-SNS-MOTENV1_V4.3.1, FP-SNS-MOTENV1_V4.3.2, FP-SNS-MOTENVWB1_V1.3.1, FP-SNS-SMARTAG2_V1.2.0, STM32Cube_FW_C0_V1.1.0, STM32Cube_FW_F4_V1.28.0, STM32Cube_FW_F7_V1.17.0, STM32Cube_FW_G0_V1.6.2, STM32Cube_FW_G4_V1.5.2, STM32Cube_FW_H5_V0.5.1, STM32Cube_FW_H5_V1.1.1, STM32Cube_FW_H5_V1.2.0, STM32Cube_FW_H5_V1.2.0RC4, STM32Cube_FW_H7RS_V1.0.0, STM32Cube_FW_H7RS_V1.0.0RC4, STM32Cube_FW_H7_V1.11.0, STM32Cube_FW_L0_V1.12.2, STM32Cube_FW_L5_V1.5.1, STM32Cube_FW_U0_V1.0.0, STM32Cube_FW_U0_V1.0.0RC1, STM32Cube_FW_U5_V1.3.0RC4, STM32Cube_FW_U5_V1.5.0, STM32Cube_FW_U5_V1.5.0RC1, STM32Cube_FW_WBA_V1.0.0RC1, STM32Cube_FW_WBA_V1.2.0, STM32Cube_FW_WBA_V1.2.0RC2, STM32Cube_FW_WBA_V1.3.0, STM32Cube_FW_WBA_V1.3.0RC1, STM32Cube_FW_WB_V1.15.0RC1, STM32Cube_FW_WB_V1.16.0, STM32Cube_FW_WB_V1.16.0RC2, STM32Cube_FW_WB_V1.18.0, STM32Cube_FW_WB_V1.19.0, STM32Cube_FW_WL_V1.3.0, X-CUBE-ALGOBUILD_V1.3.0, X-CUBE-ALS_V1.0.1, X-CUBE-AZRTOS-F4_V1.1.0, X-CUBE-AZRTOS-F7_V1.1.0, X-CUBE-AZRTOS-G0_V1.1.0, X-CUBE-AZRTOS-G4_V2.0.0, X-CUBE-AZRTOS-H7_V3.2.0, X-CUBE-AZRTOS-L4_V1.0.0, X-CUBE-AZRTOS-L4_V2.0.0, X-CUBE-AZRTOS-L5_V1.1.0, X-CUBE-AZRTOS-WB_V2.0.0, X-CUBE-AZRTOS-WL_V2.0.0, X-CUBE-BLE1_V7.0.0, X-CUBE-BLE2_V3.3.0, X-CUBE-BLEMGR_V3.1.0, X-CUBE-EEPRMA1_V4.1.0, X-CUBE-EEPRMA1_V5.1.0, X-CUBE-FREERTOS_V1.1.0, X-CUBE-GNSS1_V6.0.0, X-CUBE-MEMS1_V10.0.0, X-CUBE-MEMS1_V9.1.0, X-CUBE-MEMS1_V9.4.0, X-CUBE-MEMS1_V9.6.0, X-CUBE-NFC4_V3.0.0, X-CUBE-NFC7_V1.0.1, X-CUBE-SFXS2LP1_V4.0.0, X-CUBE-SUBG2_V5.0.0, X-CUBE-TOF1_V3.4.0]
2024-05-05 00:55:38,552 [INFO] ApiDb:240 - Found 483 in-development CPN: [B-G473E-ZEST1S, B-WB1M-WPAN1, B-WL5M-SUBG1, NUCLEO-C031C6, NUCLEO-H503RB, NUCLEO-H533RE, NUCLEO-H563ZI, NUCLEO-H7S3L8, NUCLEO-U031R8, NUCLEO-U083RC, NUCLEO-U545RE-Q, NUCLEO-U5A5ZJ-Q, NUCLEO-WBA52CG, NUCLEO-WBA55CG, STEVAL-PROTEUS1, STEVAL-SMARTAG2, STEVAL-STWINBX1, STM320518-EVAL, STM32C0116-DK, STM32C011D6Y3TR, STM32C011D6Y6TR, STM32C011F4P3, STM32C011F4P6, STM32C011F4U3, STM32C011F4U6TR, STM32C011F6P3, STM32C011F6P6, STM32C011F6U3, STM32C011F6U6TR, STM32C011J4M3, STM32C011J4M6, STM32C011J6M3, STM32C011J6M6, STM32C0316-DK, STM32C031C4T3, STM32C031C4T6, STM32C031C4U3, STM32C031C4U6, STM32C031C6T3, STM32C031C6T6, STM32C031C6U3, STM32C031C6U6, STM32C031F4P3, STM32C031F4P6, STM32C031F6P3, STM32C031F6P6, STM32C031G4U3, STM32C031G4U6, STM32C031G6U3, STM32C031G6U6, STM32C031K4T3, STM32C031K4T6, STM32C031K4U3, STM32C031K4U6, STM32C031K6T3, STM32C031K6T6, STM32C031K6U3, STM32C031K6U6, STM32G071K8TXN, STM32G071K8UXN, STM32G081GBU6N, STM32G081KBT6N, STM32G081KBUXN, STM32G0B1CCT6N, STM32G0B1KCT6, STM32G0B1NEY6TR, STM32G0B1RCT6N, STM32G0C1CCT6, STM32G0C1CCT6N, STM32G0C1CCU6N, STM32G0C1CET6N, STM32G0C1CEU6N, STM32G0C1KCT6, STM32G0C1NEY6TR, STM32G0C1RCI6N, STM32G0C1RCT6N, STM32G0C1REI6N, STM32G0C1RET6N, STM32G0C1VCI6, STM32G0C1VEI6, STM32G471CCT6, STM32G471CCU6, STM32G471CET3, STM32G471CET6, STM32G471CEU3, STM32G471CEU6, STM32G471MCT6, STM32G471MET3, STM32G471MET6, STM32G471MEY6TR, STM32G471QCT6, STM32G471QET3, STM32G471RCT6, STM32G471RET3, STM32G471RET6, STM32G471VCH6, STM32G471VCI6, STM32G471VCT6, STM32G471VEH3, STM32G471VEH6, STM32G471VEI3, STM32G471VEI6, STM32G471VET3, STM32G471VET6, STM32G474CCT6, STM32H503CBT6, STM32H503CBU6, STM32H503EBY6TR, STM32H503KBU6, STM32H503RBT6, STM32H523CCT6, STM32H523CCU6, STM32H523CET6, STM32H523CEU6, STM32H523HEY6TR, STM32H523RCT6, STM32H523RET6, STM32H523VCI6, STM32H523VCT6, STM32H523VEI6, STM32H523VET6, STM32H523ZCJ6, STM32H523ZCT6, STM32H523ZEJ6, STM32H523ZET6, STM32H533CET6, STM32H533CEU6, STM32H533HEY6TR, STM32H533RET6, STM32H533VEI6, STM32H533VET6, STM32H533ZEJ6, STM32H533ZET6, STM32H562AGI6, STM32H562AII6, STM32H562IGK6, STM32H562IGT6, STM32H562IIK6, STM32H562IIT6, STM32H562RGT6, STM32H562RGV6, STM32H562RIT6, STM32H562RIV6, STM32H562VGT6, STM32H562VIT6, STM32H562ZGT6, STM32H562ZIT6, STM32H563AGI6, STM32H563AII3Q, STM32H563AII6, STM32H563IGK6, STM32H563IGT6, STM32H563IIK3Q, STM32H563IIK6, STM32H563IIT3Q, STM32H563IIT6, STM32H563MIY3QTR, STM32H563RGT6, STM32H563RGV6, STM32H563RIT6, STM32H563RIV6, STM32H563VGT6, STM32H563VIT3Q, STM32H563VIT6, STM32H563ZGT6, STM32H563ZIT3Q, STM32H563ZIT6, STM32H573AII3Q, STM32H573AII6, STM32H573I-DK, STM32H573IIK3Q, STM32H573IIK6, STM32H573IIT3Q, STM32H573IIT6, STM32H573MIY3QTR, STM32H573RIT6, STM32H573RIV6, STM32H573VIT3Q, STM32H573VIT6, STM32H573ZIT3Q, STM32H573ZIT6, STM32H7R3A8I6, STM32H7R3I8K6, STM32H7R3I8T6, STM32H7R3L8H6, STM32H7R3L8H6H, STM32H7R3R8V6, STM32H7R3V8H6, STM32H7R3V8T6, STM32H7R3V8Y6, STM32H7R3Z8J6, STM32H7R3Z8T6, STM32H7R7A8I6, STM32H7R7I8K6, STM32H7R7I8T6, STM32H7R7L8H6, STM32H7R7L8H6H, STM32H7R7Z8J6, STM32H7S3A8I6, STM32H7S3I8K6, STM32H7S3I8T6, STM32H7S3L8H6, STM32H7S3L8H6H, STM32H7S3R8V6, STM32H7S3V8H6, STM32H7S3V8T6, STM32H7S3V8Y6, STM32H7S3Z8J6, STM32H7S3Z8T6, STM32H7S78-DK, STM32H7S7A8I6, STM32H7S7I8K6, STM32H7S7I8T6, STM32H7S7L8H6, STM32H7S7L8H6H, STM32H7S7Z8J6, STM32L4R5QGI6STR, STM32MP131AAE3, STM32MP131AAF3, STM32MP131AAG3, STM32MP131CAE3, STM32MP131CAF3, STM32MP131CAG3, STM32MP131DAE7, STM32MP131DAF7, STM32MP131DAG7, STM32MP131FAE7, STM32MP131FAF7, STM32MP131FAG7, STM32MP133AAE3, STM32MP133AAF3, STM32MP133AAG3, STM32MP133CAE3, STM32MP133CAF3, STM32MP133CAG3, STM32MP133DAE7, STM32MP133DAF7, STM32MP133DAG7, STM32MP133FAE7, STM32MP133FAF7, STM32MP133FAG7, STM32MP135AAE3, STM32MP135AAF3, STM32MP135AAG3, STM32MP135CAE3, STM32MP135CAF3, STM32MP135CAG3, STM32MP135DAE7, STM32MP135DAF7, STM32MP135DAG7, STM32MP135F-DK, STM32MP135FAE7, STM32MP135FAF7, STM32MP135FAF7T, STM32MP135FAF7U, STM32MP135FAG7, STM32U031C6T6, STM32U031C6U6, STM32U031C8T6, STM32U031C8U6, STM32U031F4P6, STM32U031F6P6, STM32U031F8P6, STM32U031G6Y6TR, STM32U031G8Y6TR, STM32U031K4U6, STM32U031K6U6, STM32U031K8U6, STM32U031R6I6, STM32U031R6T6, STM32U031R8I6, STM32U031R8T6, STM32U073C8T6, STM32U073C8U6, STM32U073CBT6, STM32U073CBU6, STM32U073CCT6, STM32U073CCU6, STM32U073H8Y6TR, STM32U073HBY6TR, STM32U073HCY6TR, STM32U073K8U6, STM32U073KBU6, STM32U073KCU6, STM32U073M8I6, STM32U073M8T6, STM32U073MBI6, STM32U073MBT6, STM32U073MCI6, STM32U073MCT6, STM32U073R8I6, STM32U073R8T6, STM32U073RBI6, STM32U073RBT6, STM32U073RCI6, STM32U073RCT6, STM32U083C-DK, STM32U083CCT6, STM32U083CCU6, STM32U083HCY6TR, STM32U083KCU6, STM32U083MCI6, STM32U083MCT6, STM32U083RCI6, STM32U083RCT6, STM32U535CBT6, STM32U535CBT6Q, STM32U535CBU6, STM32U535CBU6Q, STM32U535CCT6, STM32U535CCT6Q, STM32U535CCU6, STM32U535CCU6Q, STM32U535CET6, STM32U535CET6Q, STM32U535CEU6, STM32U535CEU6Q, STM32U535JEY6QTR, STM32U535NCY6QTR, STM32U535NEY6QTR, STM32U535RBI6, STM32U535RBI6Q, STM32U535RBT6, STM32U535RBT6Q, STM32U535RCI6, STM32U535RCI6Q, STM32U535RCT6, STM32U535RCT6Q, STM32U535REI6, STM32U535REI6Q, STM32U535RET6, STM32U535RET6Q, STM32U535VCI6, STM32U535VCI6Q, STM32U535VCT6, STM32U535VCT6Q, STM32U535VEI6, STM32U535VEI6Q, STM32U535VET6, STM32U535VET6Q, STM32U545CET6, STM32U545CET6Q, STM32U545CEU6, STM32U545CEU6Q, STM32U545JEY6QTR, STM32U545NEY6QTR, STM32U545REI6, STM32U545REI6Q, STM32U545RET6, STM32U545RET6Q, STM32U545VEI6, STM32U545VEI6Q, STM32U545VET6, STM32U545VET6Q, STM32U595AIH6, STM32U595AIH6Q, STM32U595AJH6, STM32U595AJH6Q, STM32U595QII6, STM32U595QII6Q, STM32U595QJI6, STM32U595QJI6Q, STM32U595RIT6, STM32U595RIT6Q, STM32U595RJT6, STM32U595RJT6Q, STM32U595VIT6, STM32U595VIT6Q, STM32U595VJT6, STM32U595VJT6Q, STM32U595ZIT6, STM32U595ZIT6Q, STM32U595ZIY6QTR, STM32U595ZJT6, STM32U595ZJT6Q, STM32U595ZJY6QTR, STM32U599BJY6QTR, STM32U599NIH6Q, STM32U599NJH6Q, STM32U599VIT6Q, STM32U599VJT6, STM32U599VJT6Q, STM32U599ZIT6Q, STM32U599ZIY6QTR, STM32U599ZJT6Q, STM32U599ZJY6QTR, STM32U5A5AJH6, STM32U5A5AJH6Q, STM32U5A5QII3Q , STM32U5A5QJI6, STM32U5A5QJI6Q, STM32U5A5RJT6, STM32U5A5RJT6Q, STM32U5A5VJT6, STM32U5A5VJT6Q, STM32U5A5ZJT6, STM32U5A5ZJT6Q, STM32U5A5ZJY6QTR, STM32U5A9BJY6QTR, STM32U5A9J-DK, STM32U5A9NJH6Q, STM32U5A9VJT6Q, STM32U5A9ZJT6Q, STM32U5A9ZJY6QTR, STM32U5F7VIT6, STM32U5F7VIT6Q, STM32U5F7VJT6, STM32U5F7VJT6Q, STM32U5F9BJY6QTR, STM32U5F9NJH6Q, STM32U5F9VIT6Q, STM32U5F9VJT6Q, STM32U5F9ZIJ6QTR, STM32U5F9ZIT6Q, STM32U5F9ZJJ6QTR, STM32U5F9ZJT6Q, STM32U5G7VJT6, STM32U5G7VJT6Q, STM32U5G9BJY6QTR, STM32U5G9J-DK1, STM32U5G9J-DK2, STM32U5G9NJH6Q, STM32U5G9VJT6Q, STM32U5G9ZJJ6QTR, STM32U5G9ZJT6Q, STM32WB1MMCH6, STM32WBA50KEU6, STM32WBA50KEU6TR, STM32WBA50KGU6, STM32WBA50KGU6TR, STM32WBA52CEU6, STM32WBA52CEU6TR, STM32WBA52CEU7, STM32WBA52CEU7TR, STM32WBA52CGU6, STM32WBA52CGU6TR, STM32WBA52CGU6U, STM32WBA52CGU7, STM32WBA52CGU7TR, STM32WBA52KEU6, STM32WBA52KEU6TR, STM32WBA52KGU6, STM32WBA52KGU6TR, STM32WBA54CEU6, STM32WBA54CEU6TR, STM32WBA54CEU7, STM32WBA54CEU7TR, STM32WBA54CGU6, STM32WBA54CGU6TR, STM32WBA54CGU7, STM32WBA54CGU7TR, STM32WBA54KEU6, STM32WBA54KEU6TR, STM32WBA54KEU7, STM32WBA54KEU7TR, STM32WBA54KGU6, STM32WBA54KGU6TR, STM32WBA54KGU7, STM32WBA54KGU7TR, STM32WBA55CEU6, STM32WBA55CEU6TR, STM32WBA55CEU7, STM32WBA55CEU7TR, STM32WBA55CGU6, STM32WBA55CGU6TR, STM32WBA55CGU6U, STM32WBA55CGU7, STM32WBA55CGU7TR, STM32WBA55G-DK1, STM32WBA55HEF6, STM32WBA55HEF7, STM32WBA55HGF6, STM32WBA55HGF7, STM32WBA55UEI6, STM32WBA55UEI6TR, STM32WBA55UEI7, STM32WBA55UEI7TR, STM32WBA55UGI6, STM32WBA55UGI6TR, STM32WBA55UGI7, STM32WBA55UGI7TR, STM32WL5MOCH6, STM32WL5MOCH6TR]
2024-05-05 00:55:38,555 [INFO] DbMcus:218 - Found 4094 MCUs, 4094 are supported
2024-05-05 00:55:38,559 [INFO] ApiDb:423 - Load user favorites file C:\Users\saksh/.stm32cubeide/favorites.mcus.txt: 1 item(s)
2024-05-05 00:55:38,559 [INFO] ApiDb:427 - User favorites MCUs=[STM32F103C8T6]
2024-05-05 00:55:38,559 [INFO] DbMcus:224 - Set 1 / 1 favorites MCUs
2024-05-05 00:55:38,751 [INFO] ApiDb:423 - Load user favorites file C:\Users\saksh/.stm32cubeide/favorites.boards.txt: 0 item(s)
2024-05-05 00:55:38,751 [INFO] ApiDb:427 - User favorites Boards=[]
2024-05-05 00:55:38,752 [INFO] DbBoards:198 - Set 0 / 0 favorites Boards
2024-05-05 00:55:38,790 [INFO] UtilMem:75 - End LoadConfig() Used Memory: 344466448 Bytes (655360000)
2024-05-05 00:55:38,886 [WARN] ThirdParty:833 - waiting for thirdparty lock release [change project]
2024-05-05 00:55:38,886 [INFO] ThirdParty:835 - entering critical section [change project]
2024-05-05 00:55:38,886 [INFO] ThirdParty:1030 - CMSIS Pack Vendor :STMicroelectronics USBPD 4.1
2024-05-05 00:55:38,886 [INFO] ThirdParty:1030 - CMSIS Pack Vendor :STMicroelectronics X-CUBE-GNSS1 6.0.0
2024-05-05 00:55:38,886 [INFO] ThirdParty:1030 - CMSIS Pack Vendor :STMicroelectronics USB_HOST 2.0.0
2024-05-05 00:55:38,886 [INFO] ThirdParty:1030 - CMSIS Pack Vendor :STMicroelectronics FP-SNS-MOTENVWB1 1.4.0
2024-05-05 00:55:38,886 [INFO] ThirdParty:1030 - CMSIS Pack Vendor :STMicroelectronics X-CUBE-AZRTOS-F4 1.1.0
2024-05-05 00:55:38,888 [INFO] ThirdParty:1030 - CMSIS Pack Vendor :STMicroelectronics LIBJPEG 8.0.0
2024-05-05 00:55:38,888 [INFO] ThirdParty:1030 - CMSIS Pack Vendor :STMicroelectronics X-CUBE-SMBUS 2.1.0
2024-05-05 00:55:38,888 [INFO] ThirdParty:1030 - CMSIS Pack Vendor :STMicroelectronics X-CUBE-FREERTOS 1.2.0
2024-05-05 00:55:38,888 [INFO] ThirdParty:1030 - CMSIS Pack Vendor :STMicroelectronics X-CUBE-TOUCHGFX 4.23.1
2024-05-05 00:55:38,888 [INFO] ThirdParty:1030 - CMSIS Pack Vendor :STMicroelectronics X-CUBE-TOUCHGFX 4.23.0
2024-05-05 00:55:38,888 [INFO] ThirdParty:1030 - CMSIS Pack Vendor :STMicroelectronics X-CUBE-BLEMGR 1.2.0
2024-05-05 00:55:38,888 [INFO] ThirdParty:1030 - CMSIS Pack Vendor :STMicroelectronics X-CUBE-TOUCHGFX 4.23.2
2024-05-05 00:55:38,888 [INFO] ThirdParty:1030 - CMSIS Pack Vendor :STMicroelectronics X-CUBE-AZRTOS-F7 1.1.0
2024-05-05 00:55:38,888 [INFO] ThirdParty:1030 - CMSIS Pack Vendor :STMicroelectronics X-CUBE-AZRTOS-L5 2.0.0
2024-05-05 00:55:38,888 [INFO] ThirdParty:1030 - CMSIS Pack Vendor :STMicroelectronics USB_DEVICE 2.0.0
2024-05-05 00:55:38,888 [INFO] ThirdParty:1030 - CMSIS Pack Vendor :STMicroelectronics X-CUBE-MEMS1 9.6.0
2024-05-05 00:55:38,888 [INFO] ThirdParty:1030 - CMSIS Pack Vendor :STMicroelectronics X-CUBE-EEPRMA1 4.2.0
2024-05-05 00:55:38,888 [INFO] ThirdParty:1030 - CMSIS Pack Vendor :STMicroelectronics X-CUBE-NFC6 3.1.0
2024-05-05 00:55:38,888 [INFO] ThirdParty:1030 - CMSIS Pack Vendor :ITTIA_DB I-CUBE-ITTIADB 8.8.0
2024-05-05 00:55:38,888 [INFO] ThirdParty:1030 - CMSIS Pack Vendor :STMicroelectronics FP-SNS-MOTENV1 4.3.0
2024-05-05 00:55:38,888 [INFO] ThirdParty:1030 - CMSIS Pack Vendor :STMicroelectronics FP-SNS-MOTENV1 4.3.2
2024-05-05 00:55:38,888 [INFO] ThirdParty:1030 - CMSIS Pack Vendor :STMicroelectronics FP-SNS-FLIGHT1 5.0.0
2024-05-05 00:55:38,888 [INFO] ThirdParty:1030 - CMSIS Pack Vendor :STMicroelectronics FP-SNS-MOTENV1 4.3.1
2024-05-05 00:55:38,888 [INFO] ThirdParty:1030 - CMSIS Pack Vendor :STMicroelectronics FP-SNS-FLIGHT1 5.0.1
2024-05-05 00:55:38,888 [INFO] ThirdParty:1030 - CMSIS Pack Vendor :STMicroelectronics X-CUBE-BLE1 6.2.3
2024-05-05 00:55:38,888 [INFO] ThirdParty:1030 - CMSIS Pack Vendor :STMicroelectronics X-CUBE-BLE1 6.2.4
2024-05-05 00:55:38,888 [INFO] ThirdParty:1030 - CMSIS Pack Vendor :STMicroelectronics FreeRTOS 0.0.1
2024-05-05 00:55:38,888 [INFO] ThirdParty:1030 - CMSIS Pack Vendor :STMicroelectronics X-CUBE-BLEMGR 2.0.0
2024-05-05 00:55:38,888 [INFO] ThirdParty:1030 - CMSIS Pack Vendor :STMicroelectronics FP-SNS-FLIGHT1 5.0.2
2024-05-05 00:55:38,888 [INFO] ThirdParty:1030 - CMSIS Pack Vendor :STMicroelectronics X-CUBE-NFC4 2.0.4
2024-05-05 00:55:38,888 [INFO] ThirdParty:1030 - CMSIS Pack Vendor :STMicroelectronics X-CUBE-AI 9.0.0
2024-05-05 00:55:38,888 [INFO] ThirdParty:1030 - CMSIS Pack Vendor :STMicroelectronics X-CUBE-AZRTOS-H7 3.1.0
2024-05-05 00:55:38,888 [INFO] ThirdParty:1030 - CMSIS Pack Vendor :STMicroelectronics PDM2PCM 3.3.0
2024-05-05 00:55:38,888 [INFO] ThirdParty:1030 - CMSIS Pack Vendor :STMicroelectronics X-CUBE-TOF1 3.1.0
2024-05-05 00:55:38,888 [INFO] ThirdParty:1030 - CMSIS Pack Vendor :STMicroelectronics X-CUBE-DISPLAY 3.0.0
2024-05-05 00:55:38,888 [INFO] ThirdParty:1030 - CMSIS Pack Vendor :STMicroelectronics X-CUBE-BLE1 7.0.0
2024-05-05 00:55:38,888 [INFO] ThirdParty:1030 - CMSIS Pack Vendor :wolfSSL I-CUBE-wolfSSL 5.5.0
2024-05-05 00:55:38,888 [INFO] ThirdParty:1030 - CMSIS Pack Vendor :STMicroelectronics HAL Drivers 0.0.0
2024-05-05 00:55:38,888 [INFO] ThirdParty:1030 - CMSIS Pack Vendor :STMicroelectronics X-CUBE-TOUCHGFX 4.22.0
2024-05-05 00:55:38,888 [INFO] ThirdParty:1030 - CMSIS Pack Vendor :STMicroelectronics X-CUBE-NFC7 1.0.1
2024-05-05 00:55:38,888 [INFO] ThirdParty:1030 - CMSIS Pack Vendor :STMicroelectronics MBEDTLS 2.14.1
2024-05-05 00:55:38,888 [INFO] ThirdParty:1030 - CMSIS Pack Vendor :STMicroelectronics X-CUBE-NFC7 1.0.0
2024-05-05 00:55:38,888 [INFO] ThirdParty:1030 - CMSIS Pack Vendor :STMicroelectronics X-CUBE-NFC6 3.0.0
2024-05-05 00:55:38,888 [INFO] ThirdParty:1030 - CMSIS Pack Vendor :STMicroelectronics X-CUBE-MEMS1 9.3.0
2024-05-05 00:55:38,888 [INFO] ThirdParty:1030 - CMSIS Pack Vendor :STMicroelectronics X-CUBE-EEPRMA1 4.1.0
2024-05-05 00:55:38,888 [INFO] ThirdParty:1030 - CMSIS Pack Vendor :STMicroelectronics X-CUBE-AI 7.2.0
2024-05-05 00:55:38,888 [INFO] ThirdParty:1030 - CMSIS Pack Vendor :STMicroelectronics X-CUBE-BLEMGR 3.1.0
2024-05-05 00:55:38,888 [INFO] ThirdParty:1030 - CMSIS Pack Vendor :STMicroelectronics FP-SNS-SMARTAG2 1.2.0
2024-05-05 00:55:38,888 [INFO] ThirdParty:1030 - CMSIS Pack Vendor :STMicroelectronics X-CUBE-AZRTOS-WL 2.0.0
2024-05-05 00:55:38,888 [INFO] ThirdParty:1030 - CMSIS Pack Vendor :STMicroelectronics FP-SNS-MOTENV1 5.0.0
2024-05-05 00:55:38,888 [INFO] ThirdParty:1030 - CMSIS Pack Vendor :STMicroelectronics USB_DEVICE 1.0.0
2024-05-05 00:55:38,888 [INFO] ThirdParty:1030 - CMSIS Pack Vendor :STMicroelectronics X-CUBE-AI 8.1.0
2024-05-05 00:55:38,888 [INFO] ThirdParty:1030 - CMSIS Pack Vendor :STMicroelectronics X-CUBE-AZRTOS-L4 2.0.0
2024-05-05 00:55:38,888 [INFO] ThirdParty:1030 - CMSIS Pack Vendor :STMicroelectronics ThreadX 0.0.2
2024-05-05 00:55:38,888 [INFO] ThirdParty:1030 - CMSIS Pack Vendor :WES I-CUBE-Cesium 1.3.0
2024-05-05 00:55:38,888 [INFO] ThirdParty:1030 - CMSIS Pack Vendor :STMicroelectronics lwIP 2.1.2
2024-05-05 00:55:38,888 [INFO] ThirdParty:1030 - CMSIS Pack Vendor :STMicroelectronics X-CUBE-SFXS2LP1 4.0.0
2024-05-05 00:55:38,888 [INFO] ThirdParty:1030 - CMSIS Pack Vendor :STMicroelectronics X-CUBE-BLE2 3.3.0
2024-05-05 00:55:38,888 [INFO] ThirdParty:1030 - CMSIS Pack Vendor :STMicroelectronics X-CUBE-DISPLAY 2.2.0
2024-05-05 00:55:38,888 [INFO] ThirdParty:1030 - CMSIS Pack Vendor :STMicroelectronics X-CUBE-TOF1 3.2.0
2024-05-05 00:55:38,888 [INFO] ThirdParty:1030 - CMSIS Pack Vendor :STMicroelectronics PDM2PCM 3.2.0
2024-05-05 00:55:38,888 [INFO] ThirdParty:1030 - CMSIS Pack Vendor :STMicroelectronics X-CUBE-AZRTOS-H7 3.0.0
2024-05-05 00:55:38,888 [INFO] ThirdParty:1030 - CMSIS Pack Vendor :STMicroelectronics X-CUBE-ISPU 1.0.0
2024-05-05 00:55:38,888 [INFO] ThirdParty:1030 - CMSIS Pack Vendor :STMicroelectronics X-CUBE-ISPU 1.1.0
2024-05-05 00:55:38,888 [INFO] ThirdParty:1030 - CMSIS Pack Vendor :RoweBots I-CUBE-UNISONRTOS 5.5.0-4
2024-05-05 00:55:38,888 [INFO] ThirdParty:1030 - CMSIS Pack Vendor :STMicroelectronics X-CUBE-AZRTOS-H7 2.1.0
2024-05-05 00:55:38,888 [INFO] ThirdParty:1030 - CMSIS Pack Vendor :STMicroelectronics USB_DEVICE 3.0.0
2024-05-05 00:55:38,888 [INFO] ThirdParty:1030 - CMSIS Pack Vendor :STMicroelectronics X-CUBE-TCPP 4.1.0
2024-05-05 00:55:38,888 [INFO] ThirdParty:1030 - CMSIS Pack Vendor :STMicroelectronics X-CUBE-AI 8.0.0
2024-05-05 00:55:38,888 [INFO] ThirdParty:1030 - CMSIS Pack Vendor :STMicroelectronics X-CUBE-AZRTOS-WB 2.0.0
2024-05-05 00:55:38,888 [INFO] ThirdParty:1030 - CMSIS Pack Vendor :STMicroelectronics X-CUBE-FREERTOS 1.0.0
2024-05-05 00:55:38,889 [INFO] ThirdParty:1030 - CMSIS Pack Vendor :STMicroelectronics X-CUBE-FREERTOS 1.0.1
2024-05-05 00:55:38,889 [INFO] ThirdParty:1030 - CMSIS Pack Vendor :STMicroelectronics X-CUBE-TOUCHGFX 4.21.1
2024-05-05 00:55:38,889 [INFO] ThirdParty:1030 - CMSIS Pack Vendor :STMicroelectronics X-CUBE-TOUCHGFX 4.21.3
2024-05-05 00:55:38,889 [INFO] ThirdParty:1030 - CMSIS Pack Vendor :STMicroelectronics X-CUBE-BLEMGR 1.0.0
2024-05-05 00:55:38,889 [INFO] ThirdParty:1030 - CMSIS Pack Vendor :STMicroelectronics X-CUBE-TOUCHGFX 4.21.4
2024-05-05 00:55:38,889 [INFO] ThirdParty:1030 - CMSIS Pack Vendor :STMicroelectronics X-CUBE-MEMS1 9.4.0
2024-05-05 00:55:38,889 [INFO] ThirdParty:1030 - CMSIS Pack Vendor :STMicroelectronics X-CUBE-AI 7.3.0
2024-05-05 00:55:38,889 [INFO] ThirdParty:1030 - CMSIS Pack Vendor :STMicroelectronics X-CUBE-ALGOBUILD 1.3.0
2024-05-05 00:55:38,889 [INFO] ThirdParty:1030 - CMSIS Pack Vendor :STMicroelectronics X-CUBE-AZRTOS-L5 1.1.0
2024-05-05 00:55:38,889 [INFO] ThirdParty:1030 - CMSIS Pack Vendor :STMicroelectronics X-CUBE-AZRTOS-G0 1.1.0
2024-05-05 00:55:38,889 [INFO] ThirdParty:1030 - CMSIS Pack Vendor :STMicroelectronics X-CUBE-AI 8.0.1
2024-05-05 00:55:38,889 [INFO] ThirdParty:1030 - CMSIS Pack Vendor :STMicroelectronics X-CUBE-SAFEA1 1.2.2
2024-05-05 00:55:38,889 [INFO] ThirdParty:1030 - CMSIS Pack Vendor :STMicroelectronics X-CUBE-NFC4 3.0.0
2024-05-05 00:55:38,889 [INFO] ThirdParty:1030 - CMSIS Pack Vendor :SEGGER I-CUBE-embOS 1.2.0
2024-05-05 00:55:38,889 [INFO] ThirdParty:1030 - CMSIS Pack Vendor :STMicroelectronics X-CUBE-SUBG2 5.0.0
2024-05-05 00:55:38,889 [INFO] ThirdParty:1030 - CMSIS Pack Vendor :STMicroelectronics STM32_WPAN 1.0.0
2024-05-05 00:55:38,889 [INFO] ThirdParty:1030 - CMSIS Pack Vendor :STMicroelectronics lwIP 2.0.3
2024-05-05 00:55:38,889 [INFO] ThirdParty:1030 - CMSIS Pack Vendor :STMicroelectronics USB_HOST 1.0.0
2024-05-05 00:55:38,889 [INFO] ThirdParty:1030 - CMSIS Pack Vendor :STMicroelectronics X-CUBE-TOF1 3.3.1
2024-05-05 00:55:38,889 [INFO] ThirdParty:1030 - CMSIS Pack Vendor :STMicroelectronics X-CUBE-AZRTOS-G4 2.0.0
2024-05-05 00:55:38,889 [INFO] ThirdParty:1030 - CMSIS Pack Vendor :STMicroelectronics PDM2PCM 3.1.0
2024-05-05 00:55:38,889 [INFO] ThirdParty:1030 - CMSIS Pack Vendor :STMicroelectronics X-CUBE-TOF1 3.3.0
2024-05-05 00:55:38,889 [INFO] ThirdParty:1030 - CMSIS Pack Vendor :STMicroelectronics FP-ATR-ASTRA1 1.1.1
2024-05-05 00:55:38,889 [INFO] ThirdParty:1030 - CMSIS Pack Vendor :Infineon AIROC-Wi-Fi-Bluetooth-STM32 1.5.1
2024-05-05 00:55:38,889 [INFO] ThirdParty:1030 - CMSIS Pack Vendor :STMicroelectronics X-CUBE-BLEMGR 3.0.0
2024-05-05 00:55:38,889 [INFO] ThirdParty:1030 - CMSIS Pack Vendor :STMicroelectronics X-CUBE-BLEMGR 1.3.0
2024-05-05 00:55:38,889 [INFO] ThirdParty:1030 - CMSIS Pack Vendor :STMicroelectronics FP-SNS-MOTENVWB1 1.3.1
2024-05-05 00:55:38,889 [INFO] ThirdParty:1030 - CMSIS Pack Vendor :STMicroelectronics FP-ATR-SIGFOX1 3.2.0
2024-05-05 00:55:38,889 [INFO] ThirdParty:1030 - CMSIS Pack Vendor :STMicroelectronics X-CUBE-AZRTOS-G4 1.0.0
2024-05-05 00:55:38,889 [INFO] ThirdParty:1030 - CMSIS Pack Vendor :STMicroelectronics X-CUBE-AZRTOS-L4 1.0.0
2024-05-05 00:55:38,889 [INFO] ThirdParty:1030 - CMSIS Pack Vendor :STMicroelectronics X-CUBE-ISPU 2.0.0
2024-05-05 00:55:38,889 [INFO] ThirdParty:1030 - CMSIS Pack Vendor :STMicroelectronics X-CUBE-EEPRMA1 5.1.0
2024-05-05 00:55:38,889 [INFO] ThirdParty:1030 - CMSIS Pack Vendor :STMicroelectronics MBEDTLS 2.16.2
2024-05-05 00:55:38,889 [INFO] ThirdParty:1030 - CMSIS Pack Vendor :emotas I-CUBE-CANOPEN 1.1.2
2024-05-05 00:55:38,889 [INFO] ThirdParty:1030 - CMSIS Pack Vendor :STMicroelectronics X-CUBE-TOUCHGFX 4.20.0
2024-05-05 00:55:38,889 [INFO] ThirdParty:1030 - CMSIS Pack Vendor :STMicroelectronics X-CUBE-MEMS1 10.0.0
2024-05-05 00:55:38,889 [INFO] ThirdParty:1030 - CMSIS Pack Vendor :STMicroelectronics X-CUBE-FREERTOS 1.1.0
2024-05-05 00:55:38,889 [INFO] ThirdParty:1030 - CMSIS Pack Vendor :STMicroelectronics X-CUBE-AZRTOS-WL 1.0.0
2024-05-05 00:55:38,889 [INFO] ThirdParty:1030 - CMSIS Pack Vendor :portGmbH I-Cube-SoM-uGOAL 1.1.0
2024-05-05 00:55:38,889 [INFO] ThirdParty:1030 - CMSIS Pack Vendor :STMicroelectronics X-CUBE-ALS 1.0.1
2024-05-05 00:55:38,889 [INFO] ThirdParty:1030 - CMSIS Pack Vendor :STMicroelectronics X-CUBE-MEMS1 9.5.0
2024-05-05 00:55:38,889 [INFO] ThirdParty:1030 - CMSIS Pack Vendor :STMicroelectronics ThreadX 1.0.0
2024-05-05 00:55:38,889 [INFO] ThirdParty:1030 - CMSIS Pack Vendor :STMicroelectronics X-CUBE-AZRTOS-WB 1.1.0
2024-05-05 00:55:38,889 [INFO] ThirdParty:1030 - CMSIS Pack Vendor :SEGGER I-CUBE-embOS 1.3.1
2024-05-05 00:55:38,889 [INFO] ThirdParty:1030 - CMSIS Pack Vendor :STMicroelectronics X-CUBE-AZRTOS-L5 1.0.0
2024-05-05 00:55:38,889 [INFO] ThirdParty:1030 - CMSIS Pack Vendor :STMicroelectronics X-CUBE-EEPRMA1 3.1.1
2024-05-05 00:55:38,889 [INFO] ThirdParty:1030 - CMSIS Pack Vendor :STMicroelectronics X-CUBE-AZRTOS-H7RS 1.0.0
2024-05-05 00:55:38,889 [INFO] ThirdParty:1030 - CMSIS Pack Vendor :STMicroelectronics FP-ATR-ASTRA1 2.0.0
2024-05-05 00:55:38,889 [INFO] ThirdParty:1030 - CMSIS Pack Vendor :STMicroelectronics X-CUBE-TOF1 3.4.0
2024-05-05 00:55:38,889 [INFO] ThirdParty:1030 - CMSIS Pack Vendor :STMicroelectronics X-CUBE-TOF1 3.4.1
2024-05-05 00:55:38,889 [INFO] ThirdParty:1030 - CMSIS Pack Vendor :STMicroelectronics X-CUBE-AZRTOS-H7 3.2.0
2024-05-05 00:55:38,889 [INFO] ThirdParty:841 - exiting critical section [change project]
2024-05-05 00:55:39,329 [INFO] PinOutPanel:1561 - setPackage(No Configuration,No Configuration)
2024-05-05 00:55:39,331 [INFO] PinOutPanel:1561 - setPackage(STM32H7A3ZITxQ,LQFP144)
2024-05-05 00:55:39,813 [INFO] UtilMem:75 - Before build in PCC Used Memory: 506261632 Bytes (655360000)
2024-05-05 00:55:40,625 [INFO] UtilMem:75 - After build in PCC Used Memory: 461324912 Bytes (655360000)
2024-05-05 00:55:40,672 [INFO] IPUIPlugin:80 - create IPUIPlugin
2024-05-05 00:55:40,672 [INFO] IPUIPlugin:80 - create IPUIPlugin
2024-05-05 00:55:40,672 [INFO] IPUIPlugin:80 - create IPUIPlugin
2024-05-05 00:55:40,672 [INFO] IPUIPlugin:80 - create IPUIPlugin
2024-05-05 00:55:40,672 [INFO] IPUIPlugin:80 - create IPUIPlugin
2024-05-05 00:55:40,673 [INFO] IPUIPlugin:80 - create IPUIPlugin
2024-05-05 00:55:40,673 [INFO] IPUIPlugin:80 - create IPUIPlugin
2024-05-05 00:55:40,673 [INFO] IPUIPlugin:80 - create IPUIPlugin
2024-05-05 00:55:40,673 [INFO] IPUIPlugin:80 - create IPUIPlugin
2024-05-05 00:55:40,673 [INFO] IPUIPlugin:80 - create IPUIPlugin
2024-05-05 00:55:40,673 [INFO] IPUIPlugin:80 - create IPUIPlugin
2024-05-05 00:55:40,674 [INFO] IPUIPlugin:80 - create IPUIPlugin
2024-05-05 00:55:40,674 [INFO] IPUIPlugin:80 - create IPUIPlugin
2024-05-05 00:55:40,674 [INFO] IPUIPlugin:80 - create IPUIPlugin
2024-05-05 00:55:40,674 [INFO] IPUIPlugin:80 - create IPUIPlugin
2024-05-05 00:55:40,674 [INFO] IPUIPlugin:80 - create IPUIPlugin
2024-05-05 00:55:40,674 [INFO] IPUIPlugin:80 - create IPUIPlugin
2024-05-05 00:55:40,674 [INFO] IPUIPlugin:80 - create IPUIPlugin
2024-05-05 00:55:40,674 [INFO] IPUIPlugin:80 - create IPUIPlugin
2024-05-05 00:55:40,675 [INFO] IPUIPlugin:80 - create IPUIPlugin
2024-05-05 00:55:40,675 [INFO] IPUIPlugin:80 - create IPUIPlugin
2024-05-05 00:55:40,675 [INFO] IPUIPlugin:80 - create IPUIPlugin
2024-05-05 00:55:40,675 [INFO] IPUIPlugin:80 - create IPUIPlugin
2024-05-05 00:55:40,675 [INFO] IPUIPlugin:80 - create IPUIPlugin
2024-05-05 00:55:40,675 [INFO] IPUIPlugin:80 - create IPUIPlugin
2024-05-05 00:55:40,675 [INFO] IPUIPlugin:80 - create IPUIPlugin
2024-05-05 00:55:40,675 [INFO] IPUIPlugin:80 - create IPUIPlugin
2024-05-05 00:55:40,676 [INFO] IPUIPlugin:80 - create IPUIPlugin
2024-05-05 00:55:40,676 [INFO] IPUIPlugin:80 - create IPUIPlugin
2024-05-05 00:55:40,676 [INFO] IPUIPlugin:80 - create IPUIPlugin
2024-05-05 00:55:40,676 [INFO] IPUIPlugin:80 - create IPUIPlugin
2024-05-05 00:55:40,676 [INFO] IPUIPlugin:80 - create IPUIPlugin
2024-05-05 00:55:40,676 [INFO] IPUIPlugin:80 - create IPUIPlugin
2024-05-05 00:55:40,677 [INFO] IPUIPlugin:80 - create IPUIPlugin
2024-05-05 00:55:40,677 [INFO] IPUIPlugin:80 - create IPUIPlugin
2024-05-05 00:55:40,677 [INFO] IPUIPlugin:80 - create IPUIPlugin
2024-05-05 00:55:40,677 [INFO] IPUIPlugin:80 - create IPUIPlugin
2024-05-05 00:55:40,677 [INFO] IPUIPlugin:80 - create IPUIPlugin
2024-05-05 00:55:40,677 [INFO] IPUIPlugin:80 - create IPUIPlugin
2024-05-05 00:55:40,678 [INFO] IPUIPlugin:80 - create IPUIPlugin
2024-05-05 00:55:40,678 [INFO] IPUIPlugin:80 - create IPUIPlugin
2024-05-05 00:55:40,678 [INFO] IPUIPlugin:80 - create IPUIPlugin
2024-05-05 00:55:40,678 [INFO] IPUIPlugin:80 - create IPUIPlugin
2024-05-05 00:55:40,678 [INFO] IPUIPlugin:80 - create IPUIPlugin
2024-05-05 00:55:40,678 [INFO] IPUIPlugin:80 - create IPUIPlugin
2024-05-05 00:55:40,679 [INFO] IPUIPlugin:80 - create IPUIPlugin
2024-05-05 00:55:40,679 [INFO] IPUIPlugin:80 - create IPUIPlugin
2024-05-05 00:55:40,679 [INFO] IPUIPlugin:80 - create IPUIPlugin
2024-05-05 00:55:40,680 [INFO] IPUIPlugin:80 - create IPUIPlugin
2024-05-05 00:55:40,680 [INFO] IPUIPlugin:80 - create IPUIPlugin
2024-05-05 00:55:40,680 [INFO] IPUIPlugin:80 - create IPUIPlugin
2024-05-05 00:55:40,680 [INFO] IPUIPlugin:80 - create IPUIPlugin
2024-05-05 00:55:40,681 [INFO] IPUIPlugin:80 - create IPUIPlugin
2024-05-05 00:55:40,681 [INFO] IPUIPlugin:80 - create IPUIPlugin
2024-05-05 00:55:40,681 [INFO] IPUIPlugin:80 - create IPUIPlugin
2024-05-05 00:55:40,682 [INFO] IPUIPlugin:80 - create IPUIPlugin
2024-05-05 00:55:40,682 [INFO] IPUIPlugin:80 - create IPUIPlugin
2024-05-05 00:55:40,682 [INFO] IPUIPlugin:80 - create IPUIPlugin
2024-05-05 00:55:40,683 [INFO] IPUIPlugin:80 - create IPUIPlugin
2024-05-05 00:55:40,683 [INFO] IPUIPlugin:80 - create IPUIPlugin
2024-05-05 00:55:40,683 [INFO] IPUIPlugin:80 - create IPUIPlugin
2024-05-05 00:55:40,683 [INFO] IPUIPlugin:80 - create IPUIPlugin
2024-05-05 00:55:40,683 [INFO] IPUIPlugin:80 - create IPUIPlugin
2024-05-05 00:55:40,683 [INFO] IPUIPlugin:80 - create IPUIPlugin
2024-05-05 00:55:40,684 [INFO] IPUIPlugin:80 - create IPUIPlugin
2024-05-05 00:55:40,684 [INFO] IPUIPlugin:80 - create IPUIPlugin
2024-05-05 00:55:40,684 [INFO] IPUIPlugin:80 - create IPUIPlugin
2024-05-05 00:55:40,684 [INFO] IPUIPlugin:80 - create IPUIPlugin
2024-05-05 00:55:40,684 [INFO] IPUIPlugin:80 - create IPUIPlugin
2024-05-05 00:55:40,684 [INFO] IPUIPlugin:80 - create IPUIPlugin
2024-05-05 00:55:40,684 [INFO] IPUIPlugin:80 - create IPUIPlugin
2024-05-05 00:55:40,685 [INFO] IPUIPlugin:80 - create IPUIPlugin
2024-05-05 00:55:40,685 [INFO] IPUIPlugin:80 - create IPUIPlugin
2024-05-05 00:55:40,686 [INFO] IPUIPlugin:80 - create IPUIPlugin
2024-05-05 00:55:40,686 [INFO] IPUIPlugin:80 - create IPUIPlugin
2024-05-05 00:55:40,686 [INFO] IPUIPlugin:80 - create IPUIPlugin
2024-05-05 00:55:40,687 [INFO] IPUIPlugin:80 - create IPUIPlugin
2024-05-05 00:55:40,687 [INFO] IPUIPlugin:80 - create IPUIPlugin
2024-05-05 00:55:40,688 [INFO] IPUIPlugin:80 - create IPUIPlugin
2024-05-05 00:55:40,689 [INFO] IPUIPlugin:80 - create IPUIPlugin
2024-05-05 00:55:40,689 [INFO] IPUIPlugin:80 - create IPUIPlugin
2024-05-05 00:55:40,690 [INFO] IPUIPlugin:80 - create IPUIPlugin
2024-05-05 00:55:40,690 [INFO] IPUIPlugin:80 - create IPUIPlugin
2024-05-05 00:55:40,690 [INFO] IPUIPlugin:80 - create IPUIPlugin
2024-05-05 00:55:40,690 [INFO] IPUIPlugin:80 - create IPUIPlugin
2024-05-05 00:55:40,690 [INFO] IPUIPlugin:80 - create IPUIPlugin
2024-05-05 00:55:40,691 [INFO] IPUIPlugin:80 - create IPUIPlugin
2024-05-05 00:55:40,691 [INFO] IPUIPlugin:80 - create IPUIPlugin
2024-05-05 00:55:40,691 [INFO] IPUIPlugin:80 - create IPUIPlugin
2024-05-05 00:55:40,692 [INFO] IPUIPlugin:80 - create IPUIPlugin
2024-05-05 00:55:40,692 [INFO] IPUIPlugin:80 - create IPUIPlugin
2024-05-05 00:55:40,692 [INFO] IPUIPlugin:80 - create IPUIPlugin
2024-05-05 00:55:40,692 [INFO] IPUIPlugin:80 - create IPUIPlugin
2024-05-05 00:55:40,693 [INFO] IPUIPlugin:80 - create IPUIPlugin
2024-05-05 00:55:40,693 [INFO] IPUIPlugin:80 - create IPUIPlugin
2024-05-05 00:55:40,693 [INFO] IPUIPlugin:80 - create IPUIPlugin
2024-05-05 00:55:40,693 [INFO] IPUIPlugin:80 - create IPUIPlugin
2024-05-05 00:55:40,694 [INFO] IPUIPlugin:80 - create IPUIPlugin
2024-05-05 00:55:40,694 [INFO] IPUIPlugin:80 - create IPUIPlugin
2024-05-05 00:55:40,758 [INFO] ApiDbMcu:508 - Load IP Config File for PDM2PCM
2024-05-05 00:55:40,960 [INFO] CADModel:165 - CPN selected for project levelSTM32H7A3ZIT6Q
2024-05-05 00:55:40,960 [INFO] CADModel:114 - Register for checkConnection events
2024-05-05 00:55:41,001 [INFO] OpenFileManager:343 - Restore cursor
2024-05-05 01:31:10,709 [ERROR] LogOutputStream:75 - [STDERR_REDIRECT] 
2024-05-05 01:31:10,709 [ERROR] LogOutputStream:75 - [STDERR_REDIRECT] 
2024-05-05 01:37:47,875 [INFO] Activator:176 - 


2024-05-05 01:37:47,879 [INFO] Activator:177 - !SESSION log4j initialized
2024-05-05 01:37:51,137 [INFO] LogOutputStream:77 - [STDOUT_REDIRECT] 
2024-05-05 01:37:51,945 [INFO] ApplicationProperties:184 - Using Application install path: C:\ST\STM32CubeIDE_1.10.1\STM32CubeIDE\plugins\com.st.stm32cube.common.mx_6.11.1.202404110753
2024-05-05 01:37:51,966 [INFO] DbMcusXml:78 - Set database path to: C:\ST\STM32CubeIDE_1.10.1\STM32CubeIDE\plugins\com.st.stm32cube.common.mx_6.11.1.202404110753\\db\/mcu/
2024-05-05 01:37:51,966 [INFO] ApiDb:274 - Set plugin database path to: C:\ST\STM32CubeIDE_1.10.1\STM32CubeIDE\plugins\com.st.stm32cube.common.mx_6.11.1.202404110753\\db\/plugins/boardmanager/
2024-05-05 01:37:51,966 [WARN] ApiDb:259 - Overriding images path with different value:  => C:\ST\STM32CubeIDE_1.10.1\STM32CubeIDE\plugins\com.st.stm32cube.common.mx_6.11.1.202404110753\\db\/plugins/mcufinder/images/
2024-05-05 01:37:51,972 [INFO] ApiDb:250 - Set database path to: C:\Users\saksh\.stmcufinder\plugins\mcufinder//mcu/
2024-05-05 01:37:51,973 [INFO] DbMcusAds:125 - Set database path to: C:\Users\saksh\.stmcufinder\plugins\mcufinder//mcu/
2024-05-05 01:37:51,975 [INFO] CrossReferenceDbSqlite:203 - Set database path to: C:\Users\saksh\.stmcufinder\plugins\mcufinder//mcu/cs/
2024-05-05 01:37:52,106 [INFO] RulesReader:64 - Compatibility file has been processed (297 Rules)
2024-05-05 01:37:52,212 [INFO] DbMcusXml:78 - Set database path to: C:\ST\STM32CubeIDE_1.10.1\STM32CubeIDE\plugins\com.st.stm32cube.common.mx_6.11.1.202404110753\\db\/mcu/
2024-05-05 01:37:52,213 [INFO] ApiDb:274 - Set plugin database path to: C:\ST\STM32CubeIDE_1.10.1\STM32CubeIDE\plugins\com.st.stm32cube.common.mx_6.11.1.202404110753\\db\/plugins/boardmanager/
2024-05-05 01:37:52,213 [INFO] ApiDb:261 - Set plugin images path to: C:\ST\STM32CubeIDE_1.10.1\STM32CubeIDE\plugins\com.st.stm32cube.common.mx_6.11.1.202404110753\\db\/plugins/mcufinder/images/
2024-05-05 01:37:52,213 [WARN] DbFile:41 - Overriding database path with different value: C:\Users\saksh\.stmcufinder\plugins\mcufinder/ => C:\Users\saksh\.stmcufinder\plugins\mcufinder
2024-05-05 01:37:52,213 [INFO] ApiDb:250 - Set database path to: C:\Users\saksh\.stmcufinder\plugins\mcufinder//mcu/
2024-05-05 01:37:52,213 [WARN] DbFile:41 - Overriding database path with different value: C:\Users\saksh\.stmcufinder\plugins\mcufinder/ => C:\Users\saksh\.stmcufinder\plugins\mcufinder
2024-05-05 01:37:52,213 [INFO] DbMcusAds:125 - Set database path to: C:\Users\saksh\.stmcufinder\plugins\mcufinder//mcu/
2024-05-05 01:37:52,213 [WARN] DbFile:41 - Overriding database path with different value: C:\Users\saksh\.stmcufinder\plugins\mcufinder/ => C:\Users\saksh\.stmcufinder\plugins\mcufinder
2024-05-05 01:37:52,213 [WARN] DbFile:41 - Overriding database path with different value: C:\Users\saksh\.stmcufinder\plugins\mcufinder/ => C:\Users\saksh\.stmcufinder\plugins\mcufinder
2024-05-05 01:37:52,214 [INFO] CrossReferenceDbSqlite:203 - Set database path to: C:\Users\saksh\.stmcufinder\plugins\mcufinder//mcu/cs/
2024-05-05 01:37:52,300 [INFO] MainPanel:264 - HeapMemory: 268435456
2024-05-05 01:37:52,412 [INFO] DbMcusXml:78 - Set database path to: C:\ST\STM32CubeIDE_1.10.1\STM32CubeIDE\plugins\com.st.stm32cube.common.mx_6.11.1.202404110753\\db\/mcu/
2024-05-05 01:37:52,413 [INFO] ApiDb:274 - Set plugin database path to: C:\ST\STM32CubeIDE_1.10.1\STM32CubeIDE\plugins\com.st.stm32cube.common.mx_6.11.1.202404110753\\db\/plugins/boardmanager/
2024-05-05 01:37:52,413 [INFO] ApiDb:261 - Set plugin images path to: C:\ST\STM32CubeIDE_1.10.1\STM32CubeIDE\plugins\com.st.stm32cube.common.mx_6.11.1.202404110753\\db\/plugins/mcufinder/images/
2024-05-05 01:37:52,413 [WARN] DbFile:41 - Overriding database path with different value: C:\Users\saksh\.stmcufinder\plugins\mcufinder/ => C:\Users\saksh\.stmcufinder\plugins\mcufinder
2024-05-05 01:37:52,414 [INFO] ApiDb:250 - Set database path to: C:\Users\saksh\.stmcufinder\plugins\mcufinder//mcu/
2024-05-05 01:37:52,414 [WARN] DbFile:41 - Overriding database path with different value: C:\Users\saksh\.stmcufinder\plugins\mcufinder/ => C:\Users\saksh\.stmcufinder\plugins\mcufinder
2024-05-05 01:37:52,414 [INFO] DbMcusAds:125 - Set database path to: C:\Users\saksh\.stmcufinder\plugins\mcufinder//mcu/
2024-05-05 01:37:52,414 [WARN] DbFile:41 - Overriding database path with different value: C:\Users\saksh\.stmcufinder\plugins\mcufinder/ => C:\Users\saksh\.stmcufinder\plugins\mcufinder
2024-05-05 01:37:52,414 [WARN] DbFile:41 - Overriding database path with different value: C:\Users\saksh\.stmcufinder\plugins\mcufinder/ => C:\Users\saksh\.stmcufinder\plugins\mcufinder
2024-05-05 01:37:52,415 [INFO] CrossReferenceDbSqlite:203 - Set database path to: C:\Users\saksh\.stmcufinder\plugins\mcufinder//mcu/cs/
2024-05-05 01:37:52,435 [INFO] ApplicationProperties:184 - Using Application install path: C:\ST\STM32CubeIDE_1.10.1\STM32CubeIDE\plugins\com.st.stm32cube.common.mx_6.11.1.202404110753
2024-05-05 01:37:52,438 [INFO] PluginManage:196 - Search for loadable plugins [exclusion list=, ]
2024-05-05 01:37:52,440 [INFO] PluginManage:310 - Check plugin analytics
2024-05-05 01:37:52,695 [INFO] AnalyticsPlugin:253 - Accepted Software Licenses: 
2024-05-05 01:37:52,696 [INFO] AnalyticsPlugin:255 - Accepted CMSIS Pack Licenses: 
2024-05-05 01:37:52,696 [INFO] AnalyticsPlugin:257 - Accepted Firmware Licenses: FW.H7.1.10.0,FW.G4.1.5.0
2024-05-05 01:37:52,697 [INFO] PluginManage:359 - Loaded plugin analytics (category:tool,tabindex:-1)
2024-05-05 01:37:52,697 [INFO] PluginManage:310 - Check plugin cadmodel
2024-05-05 01:37:52,701 [INFO] CADModel:105 - Init CAD model plugin
2024-05-05 01:37:52,701 [INFO] PluginManage:359 - Loaded plugin cadmodel (category:power,tabindex:5)
2024-05-05 01:37:52,701 [INFO] PluginManage:310 - Check plugin clock
2024-05-05 01:37:52,712 [INFO] PluginManage:359 - Loaded plugin clock (category:base,tabindex:2)
2024-05-05 01:37:52,712 [INFO] PluginManage:310 - Check plugin ddr
2024-05-05 01:37:52,715 [INFO] PluginManage:359 - Loaded plugin ddr (category:tool,tabindex:6)
2024-05-05 01:37:52,715 [INFO] PluginManage:310 - Check plugin filemanager
2024-05-05 01:37:52,907 [INFO] PluginManage:359 - Loaded plugin filemanager (category:base,tabindex:10)
2024-05-05 01:37:52,908 [INFO] PluginManage:310 - Check plugin ipmanager
2024-05-05 01:37:52,923 [INFO] PluginManage:359 - Loaded plugin ipmanager (category:base,tabindex:5)
2024-05-05 01:37:52,923 [INFO] PluginManage:310 - Check plugin lpbam
2024-05-05 01:37:52,936 [INFO] PluginManage:359 - Loaded plugin lpbam (category:base,tabindex:0)
2024-05-05 01:37:52,937 [INFO] PluginManage:310 - Check plugin memorymap
2024-05-05 01:37:52,968 [INFO] PluginManage:359 - Loaded plugin memorymap (category:base,tabindex:4)
2024-05-05 01:37:52,968 [INFO] PluginManage:310 - Check plugin pinoutandconfiguration
2024-05-05 01:37:52,981 [INFO] PluginManage:359 - Loaded plugin pinoutandconfiguration (category:base,tabindex:1)
2024-05-05 01:37:52,982 [INFO] PluginManage:310 - Check plugin pinoutconfig
2024-05-05 01:37:53,083 [WARN] SupportedApi:132 - Cannot load RTOS API schema: s4s-elt-must-match.1: The content of 'definitions' must match (annotation?, (simpleType | complexType)?, (unique | key | keyref)*)). A problem was found starting at: attribute.
2024-05-05 01:37:53,283 [INFO] PluginManage:359 - Loaded plugin pinoutconfig (category:base,tabindex:0)
2024-05-05 01:37:53,283 [INFO] PluginManage:310 - Check plugin power
2024-05-05 01:37:53,291 [INFO] PluginManage:359 - Loaded plugin power (category:power,tabindex:4)
2024-05-05 01:37:53,291 [INFO] PluginManage:310 - Check plugin projectmanager
2024-05-05 01:37:53,306 [INFO] PluginManage:359 - Loaded plugin projectmanager (category:projectmanager,tabindex:3)
2024-05-05 01:37:53,306 [INFO] PluginManage:310 - Check plugin thirdparty
2024-05-05 01:37:53,434 [INFO] PluginManage:359 - Loaded plugin thirdparty (category:base,tabindex:-1)
2024-05-05 01:37:53,434 [WARN] IntegrityCheckThread:84 - waiting for thirdparty lock release [integrity check]
2024-05-05 01:37:53,435 [INFO] PluginManage:310 - Check plugin tools
2024-05-05 01:37:53,435 [INFO] IntegrityCheckThread:86 - entering critical section [integrity check]
2024-05-05 01:37:53,435 [INFO] ThirdPartyUpdaterWithRetryManager:70 - Updater plugin not ready yet. [1/15]
2024-05-05 01:37:53,436 [INFO] PluginManage:359 - Loaded plugin tools (category:base,tabindex:7)
2024-05-05 01:37:53,437 [INFO] PluginManage:310 - Check plugin tutovideos
2024-05-05 01:37:53,586 [INFO] PluginManage:359 - Loaded plugin tutovideos (category:base,tabindex:-1)
2024-05-05 01:37:53,587 [INFO] PluginManage:310 - Check plugin updater
2024-05-05 01:37:53,595 [INFO] PluginManage:359 - Loaded plugin updater (category:base,tabindex:12)
2024-05-05 01:37:53,596 [INFO] PluginManage:310 - Check plugin userauth
2024-05-05 01:37:53,599 [INFO] UserAuth:114 - Init User Auth plugin
2024-05-05 01:37:53,599 [INFO] PluginManage:359 - Loaded plugin userauth (category:base,tabindex:14)
2024-05-05 01:37:53,600 [INFO] PluginManage:283 - PluginManage : Loaded plugins [17]
2024-05-05 01:37:53,744 [INFO] PinOutPanel:1561 - setPackage(No Configuration,No Configuration)
2024-05-05 01:37:53,790 [INFO] CADModel:165 - CPN selected for project level
2024-05-05 01:37:53,790 [INFO] CADModel:114 - Register for checkConnection events
2024-05-05 01:37:53,800 [INFO] IPUIPlugin:80 - create IPUIPlugin
2024-05-05 01:37:53,801 [INFO] PluginManager:220 - loadIPPluginJar : add adc
2024-05-05 01:37:53,802 [INFO] IPUIPlugin:80 - create IPUIPlugin
2024-05-05 01:37:53,802 [INFO] PluginManager:220 - loadIPPluginJar : add aes
2024-05-05 01:37:53,804 [INFO] IPUIPlugin:80 - create IPUIPlugin
2024-05-05 01:37:53,804 [INFO] PluginManager:220 - loadIPPluginJar : add can
2024-05-05 01:37:53,805 [INFO] IPUIPlugin:80 - create IPUIPlugin
2024-05-05 01:37:53,805 [INFO] PluginManager:220 - loadIPPluginJar : add comp
2024-05-05 01:37:53,806 [INFO] IPUIPlugin:80 - create IPUIPlugin
2024-05-05 01:37:53,806 [INFO] PluginManager:220 - loadIPPluginJar : add cryp
2024-05-05 01:37:53,807 [INFO] IPUIPlugin:80 - create IPUIPlugin
2024-05-05 01:37:53,807 [INFO] PluginManager:220 - loadIPPluginJar : add dfsdm
2024-05-05 01:37:53,811 [INFO] IPUIPlugin:80 - create IPUIPlugin
2024-05-05 01:37:53,811 [INFO] PluginManager:220 - loadIPPluginJar : add dma
2024-05-05 01:37:53,812 [INFO] IPUIPlugin:80 - create IPUIPlugin
2024-05-05 01:37:53,812 [INFO] PluginManager:220 - loadIPPluginJar : add dma3
2024-05-05 01:37:53,813 [INFO] IPUIPlugin:80 - create IPUIPlugin
2024-05-05 01:37:53,813 [INFO] PluginManager:220 - loadIPPluginJar : add extmemmanager
2024-05-05 01:37:53,815 [INFO] IPUIPlugin:80 - create IPUIPlugin
2024-05-05 01:37:53,815 [INFO] PluginManager:220 - loadIPPluginJar : add fatfs
2024-05-05 01:37:53,817 [INFO] IPUIPlugin:80 - create IPUIPlugin
2024-05-05 01:37:53,817 [INFO] PluginManager:220 - loadIPPluginJar : add fmc
2024-05-05 01:37:53,820 [INFO] IPUIPlugin:80 - create IPUIPlugin
2024-05-05 01:37:53,821 [INFO] PluginManager:220 - loadIPPluginJar : add freertos
2024-05-05 01:37:53,822 [INFO] IPUIPlugin:80 - create IPUIPlugin
2024-05-05 01:37:53,822 [INFO] PluginManager:220 - loadIPPluginJar : add genericplugin
2024-05-05 01:37:53,823 [INFO] IPUIPlugin:80 - create IPUIPlugin
2024-05-05 01:37:53,824 [INFO] PluginManager:220 - loadIPPluginJar : add gfxmmu
2024-05-05 01:37:53,826 [INFO] IPUIPlugin:80 - create IPUIPlugin
2024-05-05 01:37:53,826 [INFO] PluginManager:220 - loadIPPluginJar : add gic
2024-05-05 01:37:53,829 [INFO] IPUIPlugin:80 - create IPUIPlugin
2024-05-05 01:37:53,829 [INFO] PluginManager:220 - loadIPPluginJar : add gpio
2024-05-05 01:37:53,831 [INFO] IPUIPlugin:80 - create IPUIPlugin
2024-05-05 01:37:53,831 [INFO] PluginManager:220 - loadIPPluginJar : add gtzc
2024-05-05 01:37:53,833 [INFO] IPUIPlugin:80 - create IPUIPlugin
2024-05-05 01:37:53,833 [INFO] PluginManager:220 - loadIPPluginJar : add hash
2024-05-05 01:37:53,835 [INFO] IPUIPlugin:80 - create IPUIPlugin
2024-05-05 01:37:53,835 [INFO] PluginManager:220 - loadIPPluginJar : add i2c
2024-05-05 01:37:53,836 [INFO] IPUIPlugin:80 - create IPUIPlugin
2024-05-05 01:37:53,836 [INFO] PluginManager:220 - loadIPPluginJar : add i2s
2024-05-05 01:37:53,838 [INFO] IPUIPlugin:80 - create IPUIPlugin
2024-05-05 01:37:53,838 [INFO] PluginManager:220 - loadIPPluginJar : add i3c
2024-05-05 01:37:53,840 [INFO] IPUIPlugin:80 - create IPUIPlugin
2024-05-05 01:37:53,840 [INFO] PluginManager:220 - loadIPPluginJar : add ipddr
2024-05-05 01:37:53,845 [INFO] IPUIPlugin:80 - create IPUIPlugin
2024-05-05 01:37:53,845 [INFO] PluginManager:220 - loadIPPluginJar : add linkedlist
2024-05-05 01:37:53,847 [INFO] IPUIPlugin:80 - create IPUIPlugin
2024-05-05 01:37:53,847 [INFO] PluginManager:220 - loadIPPluginJar : add lorawan
2024-05-05 01:37:53,848 [INFO] IPUIPlugin:80 - create IPUIPlugin
2024-05-05 01:37:53,848 [INFO] PluginManager:220 - loadIPPluginJar : add ltdc
2024-05-05 01:37:53,852 [INFO] IPUIPlugin:80 - create IPUIPlugin
2024-05-05 01:37:53,853 [INFO] PluginManager:220 - loadIPPluginJar : add mdma
2024-05-05 01:37:53,855 [INFO] IPUIPlugin:80 - create IPUIPlugin
2024-05-05 01:37:53,855 [INFO] PluginManager:220 - loadIPPluginJar : add nvic
2024-05-05 01:37:53,856 [INFO] IPUIPlugin:80 - create IPUIPlugin
2024-05-05 01:37:53,856 [INFO] PluginManager:220 - loadIPPluginJar : add opamp
2024-05-05 01:37:53,860 [INFO] IPUIPlugin:80 - create IPUIPlugin
2024-05-05 01:37:53,860 [INFO] PluginManager:220 - loadIPPluginJar : add openamp
2024-05-05 01:37:53,862 [INFO] IPUIPlugin:80 - create IPUIPlugin
2024-05-05 01:37:53,862 [INFO] PluginManager:220 - loadIPPluginJar : add pdm2pcm
2024-05-05 01:37:53,866 [INFO] IPUIPlugin:80 - create IPUIPlugin
2024-05-05 01:37:53,867 [INFO] PluginManager:220 - loadIPPluginJar : add plateformsettings
2024-05-05 01:37:53,868 [INFO] IPUIPlugin:80 - create IPUIPlugin
2024-05-05 01:37:53,868 [INFO] PluginManager:220 - loadIPPluginJar : add quadspi
2024-05-05 01:37:53,870 [INFO] IPUIPlugin:80 - create IPUIPlugin
2024-05-05 01:37:53,870 [INFO] PluginManager:220 - loadIPPluginJar : add resmgrutility
2024-05-05 01:37:53,872 [INFO] IPUIPlugin:80 - create IPUIPlugin
2024-05-05 01:37:53,872 [INFO] PluginManager:220 - loadIPPluginJar : add sai
2024-05-05 01:37:53,873 [INFO] IPUIPlugin:80 - create IPUIPlugin
2024-05-05 01:37:53,873 [INFO] PluginManager:220 - loadIPPluginJar : add spi
2024-05-05 01:37:53,877 [INFO] IPUIPlugin:80 - create IPUIPlugin
2024-05-05 01:37:53,877 [INFO] PluginManager:220 - loadIPPluginJar : add stm32_wpan
2024-05-05 01:37:53,878 [INFO] IPUIPlugin:80 - create IPUIPlugin
2024-05-05 01:37:53,878 [INFO] PluginManager:220 - loadIPPluginJar : add tim
2024-05-05 01:37:53,879 [INFO] IPUIPlugin:80 - create IPUIPlugin
2024-05-05 01:37:53,880 [INFO] PluginManager:220 - loadIPPluginJar : add touchsensing
2024-05-05 01:37:53,881 [INFO] IPUIPlugin:80 - create IPUIPlugin
2024-05-05 01:37:53,881 [INFO] PluginManager:220 - loadIPPluginJar : add tracer_emb
2024-05-05 01:37:53,882 [INFO] IPUIPlugin:80 - create IPUIPlugin
2024-05-05 01:37:53,882 [INFO] PluginManager:220 - loadIPPluginJar : add ts
2024-05-05 01:37:53,882 [INFO] IPUIPlugin:80 - create IPUIPlugin
2024-05-05 01:37:53,882 [INFO] PluginManager:220 - loadIPPluginJar : add tsc
2024-05-05 01:37:53,883 [INFO] IPUIPlugin:80 - create IPUIPlugin
2024-05-05 01:37:53,883 [INFO] PluginManager:220 - loadIPPluginJar : add ucpd
2024-05-05 01:37:53,885 [INFO] IPUIPlugin:80 - create IPUIPlugin
2024-05-05 01:37:53,885 [INFO] PluginManager:220 - loadIPPluginJar : add usart
2024-05-05 01:37:53,886 [INFO] IPUIPlugin:80 - create IPUIPlugin
2024-05-05 01:37:53,886 [INFO] PluginManager:220 - loadIPPluginJar : add usbx
2024-05-05 01:37:53,995 [INFO] CADModel:165 - CPN selected for project level
2024-05-05 01:37:53,995 [INFO] CADModel:114 - Register for checkConnection events
2024-05-05 01:37:53,995 [FATAL] Updater:308 - Updater called before beeing initialized
2024-05-05 01:37:53,995 [ERROR] CADModel:125 - Updater not yet initialized, retry later 
2024-05-05 01:37:54,079 [INFO] CADModel:165 - CPN selected for project level
2024-05-05 01:37:54,080 [INFO] CADModel:114 - Register for checkConnection events
2024-05-05 01:37:54,080 [FATAL] Updater:308 - Updater called before beeing initialized
2024-05-05 01:37:54,080 [ERROR] CADModel:125 - Updater not yet initialized, retry later 
2024-05-05 01:37:54,082 [FATAL] Updater:308 - Updater called before beeing initialized
2024-05-05 01:37:54,147 [FATAL] Updater:308 - Updater called before beeing initialized
2024-05-05 01:37:54,150 [INFO] DbMcusAds:53 - JSON generation date=Wed Nov 29 16:22:27 IST 2023 (1701255147349)
2024-05-05 01:37:54,150 [FATAL] Updater:308 - Updater called before beeing initialized
2024-05-05 01:37:54,172 [WARN] DetailPanel:346 - Failed to get advertising image, set to default
2024-05-05 01:37:54,248 [FATAL] Updater:308 - Updater called before beeing initialized
2024-05-05 01:37:54,249 [FATAL] Updater:308 - Updater called before beeing initialized
2024-05-05 01:37:54,249 [FATAL] Updater:308 - Updater called before beeing initialized
2024-05-05 01:37:54,250 [WARN] DetailPanel:346 - Failed to get advertising image, set to default
2024-05-05 01:37:54,250 [FATAL] Updater:308 - Updater called before beeing initialized
2024-05-05 01:37:54,278 [ERROR] Updater:1120 - MainUpdater not yet initialized. External WinMGr cannot be set.
2024-05-05 01:37:54,279 [INFO] Updater:1056 - Updater Version found : 6.11.1
2024-05-05 01:37:54,290 [INFO] ApplicationProperties:184 - Using Application install path: C:\ST\STM32CubeIDE_1.10.1\STM32CubeIDE\plugins\com.st.stm32cube.common.mx_6.11.1.202404110753
2024-05-05 01:37:55,870 [ERROR] LogOutputStream:75 - [STDERR_REDIRECT] May 05, 2024 1:37:55 AM java.util.prefs.WindowsPreferences <init>
2024-05-05 01:37:55,870 [ERROR] LogOutputStream:75 - [STDERR_REDIRECT] WARNING: Could not open/create prefs root node Software\JavaSoft\Prefs at root 0xffffffff80000002. Windows RegCreateKeyEx(...) returned error code 5.
2024-05-05 01:37:55,870 [ERROR] LogOutputStream:75 - [STDERR_REDIRECT] 
2024-05-05 01:37:56,278 [INFO] MainUpdater:2873 - connection check result : 10
2024-05-05 01:37:56,278 [INFO] MainUpdater:290 - Updater Check For Update Now.
2024-05-05 01:37:56,278 [INFO] MicroXplorer:498 - Change Database Version : DB.6.0.111
2024-05-05 01:37:56,285 [INFO] McuFinderGlobals:63 - Set McuFinder mode to 2 (CubeIDE integrated)
2024-05-05 01:37:56,285 [INFO] UserAuth:179 - activating auth plugin
2024-05-05 01:37:56,290 [INFO] UserAuth:415 - Internet connection configuration mode: 1
2024-05-05 01:37:56,298 [INFO] JxBrowserEngine:152 - Initiate JxBrowser Engine with user profile folder
2024-05-05 01:37:56,437 [WARN] MainUpdater:1194 - Updater busy. Cannot search thirdparties
2024-05-05 01:37:56,437 [INFO] ThirdPartyUpdaterWithRetryManager:96 - Updater plugin is busy. [1/15]
2024-05-05 01:37:56,452 [INFO] CheckServerUpdateThread:120 - End of CheckServer Thread
2024-05-05 01:37:56,715 [INFO] WebApp:161 - Instantiating new browser for Auth
2024-05-05 01:37:57,085 [INFO] WebApp:779 - Register for checkConnection events
2024-05-05 01:37:57,085 [INFO] WebApp:414 - Apply proxy settings
2024-05-05 01:37:57,085 [INFO] WebApp:499 - Chromium requires no authentication
2024-05-05 01:37:57,090 [INFO] WebApp:442 - Direct internet connection detected
2024-05-05 01:37:57,205 [INFO] WebApp:192 - Starting web application
2024-05-05 01:37:57,205 [INFO] WebApp:544 - Web application path used C:\ST\STM32CubeIDE_1.10.1\STM32CubeIDE\plugins\com.st.stm32cube.common.mx_6.11.1.202404110753\db\plugins\mcufinder\reactClient1\index.html
2024-05-05 01:37:59,585 [WARN] PackLoader:240 - Cannot read IP mode file for STMicroelectronics.FP-SNS-MOTENVWB1.1.4.0
2024-05-05 01:37:59,590 [WARN] PackLoader:240 - Cannot read IP mode file for STMicroelectronics.X-CUBE-SMBUS.2.1.0
2024-05-05 01:37:59,595 [WARN] PackLoader:240 - Cannot read IP mode file for STMicroelectronics.X-CUBE-TOUCHGFX.4.23.1
2024-05-05 01:37:59,600 [WARN] PackLoader:240 - Cannot read IP mode file for STMicroelectronics.X-CUBE-TOUCHGFX.4.23.0
2024-05-05 01:37:59,600 [WARN] PackLoader:240 - Cannot read IP mode file for STMicroelectronics.X-CUBE-TOUCHGFX.4.23.2
2024-05-05 01:37:59,619 [WARN] PackLoader:240 - Cannot read IP mode file for STMicroelectronics.X-CUBE-AZRTOS-F7.1.1.0
2024-05-05 01:37:59,626 [ERROR] RealEvaluatedCondition:428 - Found unsupported composite condition: CLASS='Data Exchange' GROUP='STM32_MetaDataManager'
2024-05-05 01:37:59,626 [ERROR] RealEvaluatedCondition:428 - Found unsupported composite condition: CLASS='Data Exchange' GROUP='STM32_MetaDataManager'
2024-05-05 01:37:59,626 [WARN] PackLoader:240 - Cannot read IP mode file for STMicroelectronics.FP-SNS-MOTENV1.4.3.0
2024-05-05 01:37:59,632 [WARN] PackLoader:240 - Cannot read IP mode file for STMicroelectronics.FP-SNS-MOTENV1.4.3.2
2024-05-05 01:37:59,635 [WARN] PackLoader:240 - Cannot read IP mode file for STMicroelectronics.FP-SNS-FLIGHT1.5.0.0
2024-05-05 01:37:59,638 [ERROR] RealEvaluatedCondition:428 - Found unsupported composite condition: CLASS='Data Exchange' GROUP='STM32_MetaDataManager'
2024-05-05 01:37:59,638 [ERROR] RealEvaluatedCondition:428 - Found unsupported composite condition: CLASS='Data Exchange' GROUP='STM32_MetaDataManager'
2024-05-05 01:37:59,638 [WARN] PackLoader:240 - Cannot read IP mode file for STMicroelectronics.FP-SNS-MOTENV1.4.3.1
2024-05-05 01:37:59,640 [WARN] PackLoader:240 - Cannot read IP mode file for STMicroelectronics.FP-SNS-FLIGHT1.5.0.1
2024-05-05 01:37:59,647 [WARN] PackLoader:240 - Cannot read IP mode file for STMicroelectronics.X-CUBE-BLE1.6.2.3
2024-05-05 01:37:59,649 [WARN] PackLoader:240 - Cannot read IP mode file for STMicroelectronics.X-CUBE-BLE1.6.2.4
2024-05-05 01:37:59,649 [WARN] PackLoader:240 - Cannot read IP mode file for STMicroelectronics.FP-SNS-FLIGHT1.5.0.2
2024-05-05 01:37:59,660 [WARN] PackLoader:240 - Cannot read IP mode file for STMicroelectronics.X-CUBE-TOF1.3.1.0
2024-05-05 01:37:59,670 [WARN] PackLoader:240 - Cannot read IP mode file for STMicroelectronics.X-CUBE-DISPLAY.3.0.0
2024-05-05 01:37:59,675 [WARN] PackLoader:240 - Cannot read IP mode file for STMicroelectronics.X-CUBE-BLE1.7.0.0
2024-05-05 01:37:59,679 [WARN] PackLoader:240 - Cannot read IP mode file for STMicroelectronics.X-CUBE-TOUCHGFX.4.22.0
2024-05-05 01:37:59,699 [WARN] PackLoader:240 - Cannot read IP mode file for STMicroelectronics.X-CUBE-MEMS1.9.3.0
2024-05-05 01:37:59,814 [WARN] PackLoader:240 - Cannot read IP mode file for STMicroelectronics.X-CUBE-AI.7.2.0
2024-05-05 01:37:59,830 [WARN] PackLoader:240 - Cannot read IP mode file for STMicroelectronics.X-CUBE-BLEMGR.3.1.0
2024-05-05 01:37:59,838 [WARN] PackLoader:240 - Cannot read IP mode file for STMicroelectronics.FP-SNS-SMARTAG2.1.2.0
2024-05-05 01:37:59,855 [INFO] LogOutputStream:77 - [STDOUT_REDIRECT] 1 : Invalid condition id : UX_CORESTACK_Condition cause : null
2024-05-05 01:37:59,855 [INFO] LogOutputStream:77 - [STDOUT_REDIRECT] 1 : Invalid condition id : UX_CORESTACK_Condition cause : null
2024-05-05 01:37:59,855 [INFO] LogOutputStream:77 - [STDOUT_REDIRECT] 1 : Invalid condition id : UX_CORESTACK_Condition cause : null
2024-05-05 01:37:59,855 [INFO] LogOutputStream:77 - [STDOUT_REDIRECT] 1 : Invalid condition id : UX_CORESTACK_Condition cause : null
2024-05-05 01:37:59,855 [INFO] LogOutputStream:77 - [STDOUT_REDIRECT] 1 : Invalid condition id : UX_CORESTACK_Condition cause : null
2024-05-05 01:37:59,860 [WARN] PackLoader:240 - Cannot read IP mode file for STMicroelectronics.X-CUBE-AZRTOS-WL.2.0.0
2024-05-05 01:37:59,865 [WARN] PackLoader:240 - Cannot read IP mode file for STMicroelectronics.FP-SNS-MOTENV1.5.0.0
2024-05-05 01:37:59,868 [WARN] PackLoader:240 - Cannot read IP mode file for WES.I-CUBE-Cesium.1.3.0
2024-05-05 01:37:59,875 [WARN] PackLoader:240 - Cannot read IP mode file for STMicroelectronics.X-CUBE-BLE2.3.3.0
2024-05-05 01:37:59,884 [WARN] PackLoader:240 - Cannot read IP mode file for STMicroelectronics.X-CUBE-DISPLAY.2.2.0
2024-05-05 01:37:59,890 [WARN] PackLoader:240 - Cannot read IP mode file for STMicroelectronics.X-CUBE-TOF1.3.2.0
2024-05-05 01:37:59,902 [WARN] PackLoader:240 - Cannot read IP mode file for STMicroelectronics.X-CUBE-ISPU.1.0.0
2024-05-05 01:37:59,920 [WARN] PackLoader:240 - Cannot read IP mode file for STMicroelectronics.X-CUBE-AZRTOS-H7.2.1.0
2024-05-05 01:37:59,927 [WARN] PackLoader:240 - Cannot read IP mode file for STMicroelectronics.X-CUBE-TCPP.4.1.0
2024-05-05 01:37:59,927 [WARN] PackLoader:240 - Cannot read IP mode file for STMicroelectronics.X-CUBE-TOUCHGFX.4.21.1
2024-05-05 01:37:59,932 [WARN] PackLoader:240 - Cannot read IP mode file for STMicroelectronics.X-CUBE-TOUCHGFX.4.21.3
2024-05-05 01:37:59,933 [WARN] PackLoader:240 - Cannot read IP mode file for STMicroelectronics.X-CUBE-TOUCHGFX.4.21.4
2024-05-05 01:37:59,960 [WARN] PackLoader:240 - Cannot read IP mode file for STMicroelectronics.X-CUBE-MEMS1.9.4.0
2024-05-05 01:38:00,040 [WARN] PackLoader:240 - Cannot read IP mode file for STMicroelectronics.X-CUBE-AI.7.3.0
2024-05-05 01:38:00,051 [WARN] PackLoader:240 - Cannot read IP mode file for STMicroelectronics.X-CUBE-ALGOBUILD.1.3.0
2024-05-05 01:38:00,065 [WARN] PackLoader:240 - Cannot read IP mode file for STMicroelectronics.X-CUBE-AZRTOS-G0.1.1.0
2024-05-05 01:38:00,076 [WARN] PackLoader:240 - Cannot read IP mode file for STMicroelectronics.X-CUBE-SAFEA1.1.2.2
2024-05-05 01:38:00,076 [WARN] PackLoader:240 - Cannot read IP mode file for STMicroelectronics.X-CUBE-NFC4.3.0.0
2024-05-05 01:38:00,107 [WARN] PackLoader:240 - Cannot read IP mode file for SEGGER.I-CUBE-embOS.1.2.0
2024-05-05 01:38:00,139 [WARN] PackLoader:240 - Cannot read IP mode file for STMicroelectronics.X-CUBE-BLEMGR.3.0.0
2024-05-05 01:38:00,149 [WARN] PackLoader:240 - Cannot read IP mode file for STMicroelectronics.X-CUBE-BLEMGR.1.3.0
2024-05-05 01:38:00,155 [WARN] PackLoader:240 - Cannot read IP mode file for STMicroelectronics.FP-ATR-SIGFOX1.3.2.0
2024-05-05 01:38:00,160 [WARN] PackLoader:240 - Cannot read IP mode file for STMicroelectronics.X-CUBE-EEPRMA1.5.1.0
2024-05-05 01:38:00,165 [WARN] PackLoader:240 - Cannot read IP mode file for emotas.I-CUBE-CANOPEN.1.1.2
2024-05-05 01:38:00,165 [WARN] PackLoader:240 - Cannot read IP mode file for STMicroelectronics.X-CUBE-TOUCHGFX.4.20.0
2024-05-05 01:38:00,195 [WARN] PackLoader:240 - Cannot read IP mode file for STMicroelectronics.X-CUBE-MEMS1.9.5.0
2024-05-05 01:38:00,317 [WARN] PackLoader:240 - Cannot read IP mode file for SEGGER.I-CUBE-embOS.1.3.1
2024-05-05 01:38:00,347 [WARN] PackLoader:240 - Cannot read IP mode file for STMicroelectronics.X-CUBE-GNSS1.6.0.0
2024-05-05 01:38:00,360 [WARN] PackLoader:240 - Cannot read IP mode file for STMicroelectronics.X-CUBE-AZRTOS-F4.1.1.0
2024-05-05 01:38:00,365 [WARN] PackLoader:240 - Cannot read IP mode file for STMicroelectronics.X-CUBE-FREERTOS.1.2.0
2024-05-05 01:38:00,370 [WARN] PackLoader:240 - Cannot read IP mode file for STMicroelectronics.X-CUBE-BLEMGR.1.2.0
2024-05-05 01:38:00,385 [WARN] PackLoader:240 - Cannot read IP mode file for STMicroelectronics.X-CUBE-AZRTOS-L5.2.0.0
2024-05-05 01:38:00,420 [WARN] PackLoader:240 - Cannot read IP mode file for STMicroelectronics.X-CUBE-MEMS1.9.6.0
2024-05-05 01:38:00,530 [WARN] PackLoader:240 - Cannot read IP mode file for STMicroelectronics.X-CUBE-EEPRMA1.4.2.0
2024-05-05 01:38:00,539 [WARN] PackLoader:240 - Cannot read IP mode file for STMicroelectronics.X-CUBE-NFC6.3.1.0
2024-05-05 01:38:00,545 [WARN] PackLoader:240 - Cannot read IP mode file for ITTIA_DB.I-CUBE-ITTIADB.8.8.0
2024-05-05 01:38:00,550 [WARN] PackLoader:240 - Cannot read IP mode file for STMicroelectronics.X-CUBE-BLEMGR.2.0.0
2024-05-05 01:38:00,555 [WARN] PackLoader:240 - Cannot read IP mode file for STMicroelectronics.X-CUBE-NFC4.2.0.4
2024-05-05 01:38:00,560 [WARN] PackLoader:240 - Cannot read IP mode file for STMicroelectronics.X-CUBE-AI.9.0.0
2024-05-05 01:38:00,570 [WARN] ConditionMgr:438 - getConditionDescription Invalid condition id : UX DEVICE CLASS RTOS Condition cause : null
2024-05-05 01:38:00,571 [WARN] ConditionMgr:438 - getConditionDescription Invalid condition id : UX DEVICE CLASS RTOS Condition cause : null
2024-05-05 01:38:00,571 [WARN] PackLoader:240 - Cannot read IP mode file for STMicroelectronics.X-CUBE-AZRTOS-H7.3.1.0
2024-05-05 01:38:00,571 [WARN] ConditionMgr:1039 - genDependencies : Invalid condition id : UX DEVICE CLASS RTOS Condition cause : null
2024-05-05 01:38:00,571 [WARN] ConditionMgr:1039 - genDependencies : Invalid condition id : UX DEVICE CLASS RTOS Condition cause : null
2024-05-05 01:38:00,575 [WARN] ConditionMgr:1039 - genDependencies : Invalid condition id : UX DEVICE CLASS RTOS Condition cause : null
2024-05-05 01:38:00,575 [WARN] ConditionMgr:1039 - genDependencies : Invalid condition id : UX DEVICE CLASS RTOS Condition cause : null
2024-05-05 01:38:00,575 [WARN] ConditionMgr:1039 - genDependencies : Invalid condition id : UX DEVICE CLASS RTOS Condition cause : null
2024-05-05 01:38:00,580 [WARN] PackLoader:240 - Cannot read IP mode file for wolfSSL.I-CUBE-wolfSSL.5.5.0
2024-05-05 01:38:00,585 [WARN] PackLoader:240 - Cannot read IP mode file for STMicroelectronics.X-CUBE-NFC7.1.0.1
2024-05-05 01:38:00,587 [WARN] PackLoader:240 - Cannot read IP mode file for STMicroelectronics.X-CUBE-NFC7.1.0.0
2024-05-05 01:38:00,587 [WARN] PackLoader:240 - Cannot read IP mode file for STMicroelectronics.X-CUBE-NFC6.3.0.0
2024-05-05 01:38:00,595 [WARN] PackLoader:240 - Cannot read IP mode file for STMicroelectronics.X-CUBE-EEPRMA1.4.1.0
2024-05-05 01:38:00,600 [WARN] PackLoader:240 - Cannot read IP mode file for STMicroelectronics.X-CUBE-AI.8.1.0
2024-05-05 01:38:00,610 [WARN] ConditionMgr:438 - getConditionDescription Invalid condition id : LAN8742 Phy interface Condition cause : null
2024-05-05 01:38:00,615 [WARN] PackLoader:240 - Cannot read IP mode file for STMicroelectronics.X-CUBE-AZRTOS-L4.2.0.0
2024-05-05 01:38:00,615 [WARN] ConditionMgr:1039 - genDependencies : Invalid condition id : LAN8742 Phy interface Condition cause : null
2024-05-05 01:38:00,615 [WARN] ConditionMgr:1039 - genDependencies : Invalid condition id : LAN8742 Phy interface Condition cause : null
2024-05-05 01:38:00,615 [WARN] ConditionMgr:1039 - genDependencies : Invalid condition id : LAN8742 Phy interface Condition cause : null
2024-05-05 01:38:00,622 [WARN] PackLoader:240 - Cannot read IP mode file for STMicroelectronics.X-CUBE-SFXS2LP1.4.0.0
2024-05-05 01:38:00,635 [WARN] PackLoader:240 - Cannot read IP mode file for STMicroelectronics.X-CUBE-AZRTOS-H7.3.0.0
2024-05-05 01:38:00,640 [WARN] PackLoader:240 - Cannot read IP mode file for STMicroelectronics.X-CUBE-ISPU.1.1.0
2024-05-05 01:38:00,645 [WARN] PackLoader:240 - Cannot read IP mode file for RoweBots.I-CUBE-UNISONRTOS.5.5.0-4
2024-05-05 01:38:00,651 [WARN] PackLoader:240 - Cannot read IP mode file for STMicroelectronics.X-CUBE-AI.8.0.0
2024-05-05 01:38:00,660 [WARN] ConditionMgr:438 - getConditionDescription Invalid condition id : UX DEVICE CLASS RTOS Condition cause : null
2024-05-05 01:38:00,660 [WARN] ConditionMgr:438 - getConditionDescription Invalid condition id : UX DEVICE CLASS RTOS Condition cause : null
2024-05-05 01:38:00,660 [WARN] PackLoader:240 - Cannot read IP mode file for STMicroelectronics.X-CUBE-AZRTOS-WB.2.0.0
2024-05-05 01:38:00,660 [WARN] ConditionMgr:1039 - genDependencies : Invalid condition id : UX DEVICE CLASS RTOS Condition cause : null
2024-05-05 01:38:00,660 [WARN] ConditionMgr:1039 - genDependencies : Invalid condition id : UX DEVICE CLASS RTOS Condition cause : null
2024-05-05 01:38:00,660 [WARN] ConditionMgr:1039 - genDependencies : Invalid condition id : UX DEVICE CLASS RTOS Condition cause : null
2024-05-05 01:38:00,660 [WARN] ConditionMgr:1039 - genDependencies : Invalid condition id : UX DEVICE CLASS RTOS Condition cause : null
2024-05-05 01:38:00,660 [WARN] ConditionMgr:1039 - genDependencies : Invalid condition id : UX DEVICE CLASS RTOS Condition cause : null
2024-05-05 01:38:00,667 [WARN] PackLoader:240 - Cannot read IP mode file for STMicroelectronics.X-CUBE-FREERTOS.1.0.0
2024-05-05 01:38:00,667 [WARN] PackLoader:240 - Cannot read IP mode file for STMicroelectronics.X-CUBE-FREERTOS.1.0.1
2024-05-05 01:38:00,675 [WARN] PackLoader:240 - Cannot read IP mode file for STMicroelectronics.X-CUBE-BLEMGR.1.0.0
2024-05-05 01:38:00,680 [WARN] PackLoader:240 - Cannot read IP mode file for STMicroelectronics.X-CUBE-AZRTOS-L5.1.1.0
2024-05-05 01:38:00,685 [WARN] PackLoader:240 - Cannot read IP mode file for STMicroelectronics.X-CUBE-AI.8.0.1
2024-05-05 01:38:00,690 [WARN] PackLoader:240 - Cannot read IP mode file for STMicroelectronics.X-CUBE-SUBG2.5.0.0
2024-05-05 01:38:00,699 [WARN] PackLoader:240 - Cannot read IP mode file for STMicroelectronics.X-CUBE-TOF1.3.3.1
2024-05-05 01:38:00,720 [WARN] PackLoader:240 - Cannot read IP mode file for STMicroelectronics.X-CUBE-AZRTOS-G4.2.0.0
2024-05-05 01:38:00,725 [WARN] PackLoader:240 - Cannot read IP mode file for STMicroelectronics.X-CUBE-TOF1.3.3.0
2024-05-05 01:38:00,735 [WARN] PackLoader:240 - Cannot read IP mode file for STMicroelectronics.FP-ATR-ASTRA1.1.1.1
2024-05-05 01:38:00,747 [WARN] PackLoader:240 - Cannot read IP mode file for Infineon.AIROC-Wi-Fi-Bluetooth-STM32.1.5.1
2024-05-05 01:38:00,747 [WARN] PackLoader:240 - Cannot read IP mode file for STMicroelectronics.FP-SNS-MOTENVWB1.1.3.1
2024-05-05 01:38:00,755 [WARN] PackLoader:240 - Cannot read IP mode file for STMicroelectronics.X-CUBE-AZRTOS-G4.1.0.0
2024-05-05 01:38:00,765 [WARN] PackLoader:240 - Cannot read IP mode file for STMicroelectronics.X-CUBE-AZRTOS-L4.1.0.0
2024-05-05 01:38:00,775 [WARN] PackLoader:240 - Cannot read IP mode file for STMicroelectronics.X-CUBE-ISPU.2.0.0
2024-05-05 01:38:00,798 [WARN] PackLoader:240 - Cannot read IP mode file for STMicroelectronics.X-CUBE-MEMS1.10.0.0
2024-05-05 01:38:00,889 [WARN] PackLoader:240 - Cannot read IP mode file for STMicroelectronics.X-CUBE-FREERTOS.1.1.0
2024-05-05 01:38:00,900 [WARN] PackLoader:240 - Cannot read IP mode file for STMicroelectronics.X-CUBE-AZRTOS-WL.1.0.0
2024-05-05 01:38:00,906 [WARN] PackLoader:240 - Cannot read IP mode file for portGmbH.I-Cube-SoM-uGOAL.1.1.0
2024-05-05 01:38:00,906 [WARN] PackLoader:240 - Cannot read IP mode file for STMicroelectronics.X-CUBE-ALS.1.0.1
2024-05-05 01:38:00,915 [WARN] PackLoader:240 - Cannot read IP mode file for STMicroelectronics.X-CUBE-AZRTOS-WB.1.1.0
2024-05-05 01:38:00,925 [WARN] PackLoader:240 - Cannot read IP mode file for STMicroelectronics.X-CUBE-AZRTOS-L5.1.0.0
2024-05-05 01:38:00,930 [WARN] PackLoader:240 - Cannot read IP mode file for STMicroelectronics.X-CUBE-EEPRMA1.3.1.1
2024-05-05 01:38:00,945 [WARN] PackLoader:240 - Cannot read IP mode file for STMicroelectronics.X-CUBE-AZRTOS-H7RS.1.0.0
2024-05-05 01:38:00,950 [WARN] PackLoader:240 - Cannot read IP mode file for STMicroelectronics.FP-ATR-ASTRA1.2.0.0
2024-05-05 01:38:00,955 [WARN] PackLoader:240 - Cannot read IP mode file for STMicroelectronics.X-CUBE-TOF1.3.4.0
2024-05-05 01:38:00,985 [WARN] PackLoader:240 - Cannot read IP mode file for STMicroelectronics.X-CUBE-TOF1.3.4.1
2024-05-05 01:38:01,010 [WARN] PackLoader:240 - Cannot read IP mode file for STMicroelectronics.X-CUBE-AZRTOS-H7.3.2.0
2024-05-05 01:38:01,010 [INFO] ThirdParty:978 - Integrity check success = true
2024-05-05 01:38:01,010 [INFO] IntegrityCheckThread:100 - exiting critical section [integrity check]
2024-05-05 01:38:01,010 [INFO] IntegrityCheckThread:103 - End integrity checks thread
2024-05-05 01:42:25,749 [INFO] McuFinderGlobals:63 - Set McuFinder mode to 2 (CubeIDE integrated)
2024-05-05 01:42:25,752 [INFO] MainUpdater:2873 - connection check result : 10
2024-05-05 01:42:25,753 [INFO] MainUpdater:2873 - connection check result : 10
2024-05-05 01:42:25,775 [INFO] MicroXplorer:468 - Change Database Path : 
2024-05-05 01:42:25,775 [INFO] MicroXplorer:498 - Change Database Version : DB.6.0.111
2024-05-05 01:42:25,778 [WARN] ThirdParty:871 - waiting for thirdparty lock release [close project]
2024-05-05 01:42:25,778 [INFO] ThirdParty:873 - entering critical section [close project]
2024-05-05 01:42:25,780 [INFO] ThirdParty:883 - exiting critical section [close project]
2024-05-05 01:42:25,781 [INFO] PinOutPanel:1561 - setPackage(No Configuration,No Configuration)
2024-05-05 01:42:25,783 [INFO] UtilMem:75 - Begin LoadConfig() Used Memory: 623027216 Bytes (1027604480)
2024-05-05 01:42:25,789 [INFO] MicroXplorer:468 - Change Database Path : C:/Users/saksh/.stm32cubemx/databases/DB.6.0.100/db/
2024-05-05 01:42:25,789 [INFO] MicroXplorer:498 - Change Database Version : DB.6.0.100
2024-05-05 01:42:28,348 [INFO] OpenFileManager:312 - Change cursor
2024-05-05 01:42:28,369 [INFO] Mcu:2021 - Initializing MCU STM32G474R(B-C-E)Tx STM32G474RETx STM32G474RET3
2024-05-05 01:42:31,256 [INFO] Context:663 - Trying to add GPIOservice into a context  which must be forbidden
2024-05-05 01:42:32,537 [INFO] RtosManager:555 - Registered RTOS mode: class=CMSIS, group=RTOS, mode=CMSIS_V1, owner=FREERTOS
2024-05-05 01:42:32,537 [INFO] RtosManager:555 - Registered RTOS mode: class=CMSIS, group=RTOS2, mode=CMSIS_V2, owner=FREERTOS
2024-05-05 01:42:32,537 [INFO] RtosManager:555 - Registered RTOS mode: class=RTOS, group=Core, mode=CMSIS_V1, owner=FREERTOS
2024-05-05 01:42:32,537 [INFO] RtosManager:555 - Registered RTOS mode: class=RTOS, group=Core, mode=CMSIS_V2, owner=FREERTOS
2024-05-05 01:42:32,537 [WARN] ModelIntegratedComponent:184 - Missing modes for component STMicroelectronics:FreeRTOS:0.0.1:STMicroelectronics:RTOS:FreeRTOS:Core:::10.2.0:
2024-05-05 01:42:32,542 [WARN] ModelIntegratedComponent:63 - No mode defined for component null
2024-05-05 01:42:32,543 [WARN] ModelIntegratedComponent:63 - No mode defined for component null
2024-05-05 01:42:32,543 [WARN] ModelIntegratedComponent:63 - No mode defined for component null
2024-05-05 01:42:32,543 [WARN] ModelIntegratedComponent:63 - No mode defined for component null
2024-05-05 01:42:32,543 [WARN] ModelIntegratedComponent:63 - No mode defined for component null
2024-05-05 01:42:32,543 [WARN] ModelIntegratedComponent:63 - No mode defined for component null
2024-05-05 01:42:32,543 [WARN] ModelIntegratedComponent:63 - No mode defined for component null
2024-05-05 01:42:32,543 [WARN] ModelIntegratedComponent:63 - No mode defined for component null
2024-05-05 01:42:32,543 [WARN] ModelIntegratedComponent:63 - No mode defined for component null
2024-05-05 01:42:32,543 [WARN] ModelIntegratedComponent:63 - No mode defined for component null
2024-05-05 01:42:32,543 [WARN] ModelIntegratedComponent:63 - No mode defined for component null
2024-05-05 01:42:32,543 [WARN] ModelIntegratedComponent:63 - No mode defined for component null
2024-05-05 01:42:32,543 [WARN] ModelIntegratedComponent:63 - No mode defined for component null
2024-05-05 01:42:32,543 [WARN] ModelIntegratedComponent:63 - No mode defined for component null
2024-05-05 01:42:32,543 [WARN] ModelIntegratedComponent:63 - No mode defined for component null
2024-05-05 01:42:32,543 [WARN] ModelIntegratedComponent:63 - No mode defined for component null
2024-05-05 01:42:32,543 [WARN] ModelIntegratedComponent:63 - No mode defined for component null
2024-05-05 01:42:32,543 [WARN] ModelIntegratedComponent:63 - No mode defined for component null
2024-05-05 01:42:32,543 [WARN] ModelIntegratedComponent:63 - No mode defined for component null
2024-05-05 01:42:32,543 [WARN] ModelIntegratedComponent:63 - No mode defined for component null
2024-05-05 01:42:32,543 [WARN] ModelIntegratedComponent:63 - No mode defined for component null
2024-05-05 01:42:32,543 [WARN] ModelIntegratedComponent:63 - No mode defined for component null
2024-05-05 01:42:32,543 [WARN] ModelIntegratedComponent:63 - No mode defined for component null
2024-05-05 01:42:32,543 [WARN] ModelIntegratedComponent:63 - No mode defined for component null
2024-05-05 01:42:32,543 [WARN] ModelIntegratedComponent:63 - No mode defined for component null
2024-05-05 01:42:32,543 [WARN] ModelIntegratedComponent:63 - No mode defined for component null
2024-05-05 01:42:32,543 [WARN] ModelIntegratedComponent:63 - No mode defined for component null
2024-05-05 01:42:32,543 [WARN] ModelIntegratedComponent:63 - No mode defined for component null
2024-05-05 01:42:32,543 [WARN] ModelIntegratedComponent:63 - No mode defined for component null
2024-05-05 01:42:32,543 [WARN] ModelIntegratedComponent:63 - No mode defined for component null
2024-05-05 01:42:32,543 [WARN] ModelIntegratedComponent:63 - No mode defined for component null
2024-05-05 01:42:32,544 [WARN] ModelIntegratedComponent:63 - No mode defined for component null
2024-05-05 01:42:32,544 [WARN] ModelIntegratedComponent:63 - No mode defined for component null
2024-05-05 01:42:32,544 [WARN] ModelIntegratedComponent:63 - No mode defined for component null
2024-05-05 01:42:32,748 [INFO] ThirdPartyModel:298 - Start build external matchings
2024-05-05 01:42:33,957 [INFO] ThirdPartyModel:316 - End build external matchings
2024-05-05 01:42:33,989 [INFO] ImportTextPane:194 - (OptionalMessage_ERROR) IP (ADC1) : Parameter (CommonPathInternal) has invalid value (null|null|null|null)
2024-05-05 01:42:34,409 [INFO] ApiDb:581 - Connected to CubeFinder SQLite database (C:\Users\saksh\.stmcufinder\plugins\mcufinder\mcu\cube-finder-db.db)
2024-05-05 01:42:34,454 [INFO] ApiDb:668 - CubeFinder database Data Model version=2.1
2024-05-05 01:42:34,454 [INFO] ApiDb:669 - CubeFinder database Configuration version=3.0.39
2024-05-05 01:42:34,454 [INFO] ApiDb:670 - CubeFinder database generation date=2024-03-25 (1711369621)
2024-05-05 01:42:34,454 [INFO] ApiDb:671 - CubeFinder database FW Pack versions=[FP-ATR-ASTRA1_V2.0.0, FP-SNS-FLIGHT1_V5.0.1, FP-SNS-FLIGHT1_V5.0.2, FP-SNS-MOTENV1_V4.3.1, FP-SNS-MOTENV1_V4.3.2, FP-SNS-MOTENVWB1_V1.3.1, FP-SNS-SMARTAG2_V1.2.0, STM32Cube_FW_C0_V1.1.0, STM32Cube_FW_F4_V1.28.0, STM32Cube_FW_F7_V1.17.0, STM32Cube_FW_G0_V1.6.2, STM32Cube_FW_G4_V1.5.2, STM32Cube_FW_H5_V0.5.1, STM32Cube_FW_H5_V1.1.1, STM32Cube_FW_H5_V1.2.0, STM32Cube_FW_H5_V1.2.0RC4, STM32Cube_FW_H7RS_V1.0.0, STM32Cube_FW_H7RS_V1.0.0RC4, STM32Cube_FW_H7_V1.11.0, STM32Cube_FW_L0_V1.12.2, STM32Cube_FW_L5_V1.5.1, STM32Cube_FW_U0_V1.0.0, STM32Cube_FW_U0_V1.0.0RC1, STM32Cube_FW_U5_V1.3.0RC4, STM32Cube_FW_U5_V1.5.0, STM32Cube_FW_U5_V1.5.0RC1, STM32Cube_FW_WBA_V1.0.0RC1, STM32Cube_FW_WBA_V1.2.0, STM32Cube_FW_WBA_V1.2.0RC2, STM32Cube_FW_WBA_V1.3.0, STM32Cube_FW_WBA_V1.3.0RC1, STM32Cube_FW_WB_V1.15.0RC1, STM32Cube_FW_WB_V1.16.0, STM32Cube_FW_WB_V1.16.0RC2, STM32Cube_FW_WB_V1.18.0, STM32Cube_FW_WB_V1.19.0, STM32Cube_FW_WL_V1.3.0, X-CUBE-ALGOBUILD_V1.3.0, X-CUBE-ALS_V1.0.1, X-CUBE-AZRTOS-F4_V1.1.0, X-CUBE-AZRTOS-F7_V1.1.0, X-CUBE-AZRTOS-G0_V1.1.0, X-CUBE-AZRTOS-G4_V2.0.0, X-CUBE-AZRTOS-H7_V3.2.0, X-CUBE-AZRTOS-L4_V1.0.0, X-CUBE-AZRTOS-L4_V2.0.0, X-CUBE-AZRTOS-L5_V1.1.0, X-CUBE-AZRTOS-WB_V2.0.0, X-CUBE-AZRTOS-WL_V2.0.0, X-CUBE-BLE1_V7.0.0, X-CUBE-BLE2_V3.3.0, X-CUBE-BLEMGR_V3.1.0, X-CUBE-EEPRMA1_V4.1.0, X-CUBE-EEPRMA1_V5.1.0, X-CUBE-FREERTOS_V1.1.0, X-CUBE-GNSS1_V6.0.0, X-CUBE-MEMS1_V10.0.0, X-CUBE-MEMS1_V9.1.0, X-CUBE-MEMS1_V9.4.0, X-CUBE-MEMS1_V9.6.0, X-CUBE-NFC4_V3.0.0, X-CUBE-NFC7_V1.0.1, X-CUBE-SFXS2LP1_V4.0.0, X-CUBE-SUBG2_V5.0.0, X-CUBE-TOF1_V3.4.0]
2024-05-05 01:42:34,507 [INFO] DbBoardsSqlite:226 - include board P-NUCLEO-WB55-NUCLEO as a kit item of type 'Nucleo-64'
2024-05-05 01:42:34,507 [INFO] DbBoardsSqlite:226 - include board P-NUCLEO-WB55-USBDONGLE as a kit item of type 'Nucleo USB Dongle'
2024-05-05 01:42:34,507 [INFO] DbBoardsSqlite:226 - include board STEVAL-IDP005V1 as a kit item of type 'Evaluation Board'
2024-05-05 01:42:34,507 [INFO] DbBoardsSqlite:226 - include board STEVAL-IDP005V2 as a kit item of type 'Evaluation Board'
2024-05-05 01:42:34,542 [INFO] ApiDb:240 - Found 483 in-development CPN: [B-G473E-ZEST1S, B-WB1M-WPAN1, B-WL5M-SUBG1, NUCLEO-C031C6, NUCLEO-H503RB, NUCLEO-H533RE, NUCLEO-H563ZI, NUCLEO-H7S3L8, NUCLEO-U031R8, NUCLEO-U083RC, NUCLEO-U545RE-Q, NUCLEO-U5A5ZJ-Q, NUCLEO-WBA52CG, NUCLEO-WBA55CG, STEVAL-PROTEUS1, STEVAL-SMARTAG2, STEVAL-STWINBX1, STM320518-EVAL, STM32C0116-DK, STM32C011D6Y3TR, STM32C011D6Y6TR, STM32C011F4P3, STM32C011F4P6, STM32C011F4U3, STM32C011F4U6TR, STM32C011F6P3, STM32C011F6P6, STM32C011F6U3, STM32C011F6U6TR, STM32C011J4M3, STM32C011J4M6, STM32C011J6M3, STM32C011J6M6, STM32C0316-DK, STM32C031C4T3, STM32C031C4T6, STM32C031C4U3, STM32C031C4U6, STM32C031C6T3, STM32C031C6T6, STM32C031C6U3, STM32C031C6U6, STM32C031F4P3, STM32C031F4P6, STM32C031F6P3, STM32C031F6P6, STM32C031G4U3, STM32C031G4U6, STM32C031G6U3, STM32C031G6U6, STM32C031K4T3, STM32C031K4T6, STM32C031K4U3, STM32C031K4U6, STM32C031K6T3, STM32C031K6T6, STM32C031K6U3, STM32C031K6U6, STM32G071K8TXN, STM32G071K8UXN, STM32G081GBU6N, STM32G081KBT6N, STM32G081KBUXN, STM32G0B1CCT6N, STM32G0B1KCT6, STM32G0B1NEY6TR, STM32G0B1RCT6N, STM32G0C1CCT6, STM32G0C1CCT6N, STM32G0C1CCU6N, STM32G0C1CET6N, STM32G0C1CEU6N, STM32G0C1KCT6, STM32G0C1NEY6TR, STM32G0C1RCI6N, STM32G0C1RCT6N, STM32G0C1REI6N, STM32G0C1RET6N, STM32G0C1VCI6, STM32G0C1VEI6, STM32G471CCT6, STM32G471CCU6, STM32G471CET3, STM32G471CET6, STM32G471CEU3, STM32G471CEU6, STM32G471MCT6, STM32G471MET3, STM32G471MET6, STM32G471MEY6TR, STM32G471QCT6, STM32G471QET3, STM32G471RCT6, STM32G471RET3, STM32G471RET6, STM32G471VCH6, STM32G471VCI6, STM32G471VCT6, STM32G471VEH3, STM32G471VEH6, STM32G471VEI3, STM32G471VEI6, STM32G471VET3, STM32G471VET6, STM32G474CCT6, STM32H503CBT6, STM32H503CBU6, STM32H503EBY6TR, STM32H503KBU6, STM32H503RBT6, STM32H523CCT6, STM32H523CCU6, STM32H523CET6, STM32H523CEU6, STM32H523HEY6TR, STM32H523RCT6, STM32H523RET6, STM32H523VCI6, STM32H523VCT6, STM32H523VEI6, STM32H523VET6, STM32H523ZCJ6, STM32H523ZCT6, STM32H523ZEJ6, STM32H523ZET6, STM32H533CET6, STM32H533CEU6, STM32H533HEY6TR, STM32H533RET6, STM32H533VEI6, STM32H533VET6, STM32H533ZEJ6, STM32H533ZET6, STM32H562AGI6, STM32H562AII6, STM32H562IGK6, STM32H562IGT6, STM32H562IIK6, STM32H562IIT6, STM32H562RGT6, STM32H562RGV6, STM32H562RIT6, STM32H562RIV6, STM32H562VGT6, STM32H562VIT6, STM32H562ZGT6, STM32H562ZIT6, STM32H563AGI6, STM32H563AII3Q, STM32H563AII6, STM32H563IGK6, STM32H563IGT6, STM32H563IIK3Q, STM32H563IIK6, STM32H563IIT3Q, STM32H563IIT6, STM32H563MIY3QTR, STM32H563RGT6, STM32H563RGV6, STM32H563RIT6, STM32H563RIV6, STM32H563VGT6, STM32H563VIT3Q, STM32H563VIT6, STM32H563ZGT6, STM32H563ZIT3Q, STM32H563ZIT6, STM32H573AII3Q, STM32H573AII6, STM32H573I-DK, STM32H573IIK3Q, STM32H573IIK6, STM32H573IIT3Q, STM32H573IIT6, STM32H573MIY3QTR, STM32H573RIT6, STM32H573RIV6, STM32H573VIT3Q, STM32H573VIT6, STM32H573ZIT3Q, STM32H573ZIT6, STM32H7R3A8I6, STM32H7R3I8K6, STM32H7R3I8T6, STM32H7R3L8H6, STM32H7R3L8H6H, STM32H7R3R8V6, STM32H7R3V8H6, STM32H7R3V8T6, STM32H7R3V8Y6, STM32H7R3Z8J6, STM32H7R3Z8T6, STM32H7R7A8I6, STM32H7R7I8K6, STM32H7R7I8T6, STM32H7R7L8H6, STM32H7R7L8H6H, STM32H7R7Z8J6, STM32H7S3A8I6, STM32H7S3I8K6, STM32H7S3I8T6, STM32H7S3L8H6, STM32H7S3L8H6H, STM32H7S3R8V6, STM32H7S3V8H6, STM32H7S3V8T6, STM32H7S3V8Y6, STM32H7S3Z8J6, STM32H7S3Z8T6, STM32H7S78-DK, STM32H7S7A8I6, STM32H7S7I8K6, STM32H7S7I8T6, STM32H7S7L8H6, STM32H7S7L8H6H, STM32H7S7Z8J6, STM32L4R5QGI6STR, STM32MP131AAE3, STM32MP131AAF3, STM32MP131AAG3, STM32MP131CAE3, STM32MP131CAF3, STM32MP131CAG3, STM32MP131DAE7, STM32MP131DAF7, STM32MP131DAG7, STM32MP131FAE7, STM32MP131FAF7, STM32MP131FAG7, STM32MP133AAE3, STM32MP133AAF3, STM32MP133AAG3, STM32MP133CAE3, STM32MP133CAF3, STM32MP133CAG3, STM32MP133DAE7, STM32MP133DAF7, STM32MP133DAG7, STM32MP133FAE7, STM32MP133FAF7, STM32MP133FAG7, STM32MP135AAE3, STM32MP135AAF3, STM32MP135AAG3, STM32MP135CAE3, STM32MP135CAF3, STM32MP135CAG3, STM32MP135DAE7, STM32MP135DAF7, STM32MP135DAG7, STM32MP135F-DK, STM32MP135FAE7, STM32MP135FAF7, STM32MP135FAF7T, STM32MP135FAF7U, STM32MP135FAG7, STM32U031C6T6, STM32U031C6U6, STM32U031C8T6, STM32U031C8U6, STM32U031F4P6, STM32U031F6P6, STM32U031F8P6, STM32U031G6Y6TR, STM32U031G8Y6TR, STM32U031K4U6, STM32U031K6U6, STM32U031K8U6, STM32U031R6I6, STM32U031R6T6, STM32U031R8I6, STM32U031R8T6, STM32U073C8T6, STM32U073C8U6, STM32U073CBT6, STM32U073CBU6, STM32U073CCT6, STM32U073CCU6, STM32U073H8Y6TR, STM32U073HBY6TR, STM32U073HCY6TR, STM32U073K8U6, STM32U073KBU6, STM32U073KCU6, STM32U073M8I6, STM32U073M8T6, STM32U073MBI6, STM32U073MBT6, STM32U073MCI6, STM32U073MCT6, STM32U073R8I6, STM32U073R8T6, STM32U073RBI6, STM32U073RBT6, STM32U073RCI6, STM32U073RCT6, STM32U083C-DK, STM32U083CCT6, STM32U083CCU6, STM32U083HCY6TR, STM32U083KCU6, STM32U083MCI6, STM32U083MCT6, STM32U083RCI6, STM32U083RCT6, STM32U535CBT6, STM32U535CBT6Q, STM32U535CBU6, STM32U535CBU6Q, STM32U535CCT6, STM32U535CCT6Q, STM32U535CCU6, STM32U535CCU6Q, STM32U535CET6, STM32U535CET6Q, STM32U535CEU6, STM32U535CEU6Q, STM32U535JEY6QTR, STM32U535NCY6QTR, STM32U535NEY6QTR, STM32U535RBI6, STM32U535RBI6Q, STM32U535RBT6, STM32U535RBT6Q, STM32U535RCI6, STM32U535RCI6Q, STM32U535RCT6, STM32U535RCT6Q, STM32U535REI6, STM32U535REI6Q, STM32U535RET6, STM32U535RET6Q, STM32U535VCI6, STM32U535VCI6Q, STM32U535VCT6, STM32U535VCT6Q, STM32U535VEI6, STM32U535VEI6Q, STM32U535VET6, STM32U535VET6Q, STM32U545CET6, STM32U545CET6Q, STM32U545CEU6, STM32U545CEU6Q, STM32U545JEY6QTR, STM32U545NEY6QTR, STM32U545REI6, STM32U545REI6Q, STM32U545RET6, STM32U545RET6Q, STM32U545VEI6, STM32U545VEI6Q, STM32U545VET6, STM32U545VET6Q, STM32U595AIH6, STM32U595AIH6Q, STM32U595AJH6, STM32U595AJH6Q, STM32U595QII6, STM32U595QII6Q, STM32U595QJI6, STM32U595QJI6Q, STM32U595RIT6, STM32U595RIT6Q, STM32U595RJT6, STM32U595RJT6Q, STM32U595VIT6, STM32U595VIT6Q, STM32U595VJT6, STM32U595VJT6Q, STM32U595ZIT6, STM32U595ZIT6Q, STM32U595ZIY6QTR, STM32U595ZJT6, STM32U595ZJT6Q, STM32U595ZJY6QTR, STM32U599BJY6QTR, STM32U599NIH6Q, STM32U599NJH6Q, STM32U599VIT6Q, STM32U599VJT6, STM32U599VJT6Q, STM32U599ZIT6Q, STM32U599ZIY6QTR, STM32U599ZJT6Q, STM32U599ZJY6QTR, STM32U5A5AJH6, STM32U5A5AJH6Q, STM32U5A5QII3Q , STM32U5A5QJI6, STM32U5A5QJI6Q, STM32U5A5RJT6, STM32U5A5RJT6Q, STM32U5A5VJT6, STM32U5A5VJT6Q, STM32U5A5ZJT6, STM32U5A5ZJT6Q, STM32U5A5ZJY6QTR, STM32U5A9BJY6QTR, STM32U5A9J-DK, STM32U5A9NJH6Q, STM32U5A9VJT6Q, STM32U5A9ZJT6Q, STM32U5A9ZJY6QTR, STM32U5F7VIT6, STM32U5F7VIT6Q, STM32U5F7VJT6, STM32U5F7VJT6Q, STM32U5F9BJY6QTR, STM32U5F9NJH6Q, STM32U5F9VIT6Q, STM32U5F9VJT6Q, STM32U5F9ZIJ6QTR, STM32U5F9ZIT6Q, STM32U5F9ZJJ6QTR, STM32U5F9ZJT6Q, STM32U5G7VJT6, STM32U5G7VJT6Q, STM32U5G9BJY6QTR, STM32U5G9J-DK1, STM32U5G9J-DK2, STM32U5G9NJH6Q, STM32U5G9VJT6Q, STM32U5G9ZJJ6QTR, STM32U5G9ZJT6Q, STM32WB1MMCH6, STM32WBA50KEU6, STM32WBA50KEU6TR, STM32WBA50KGU6, STM32WBA50KGU6TR, STM32WBA52CEU6, STM32WBA52CEU6TR, STM32WBA52CEU7, STM32WBA52CEU7TR, STM32WBA52CGU6, STM32WBA52CGU6TR, STM32WBA52CGU6U, STM32WBA52CGU7, STM32WBA52CGU7TR, STM32WBA52KEU6, STM32WBA52KEU6TR, STM32WBA52KGU6, STM32WBA52KGU6TR, STM32WBA54CEU6, STM32WBA54CEU6TR, STM32WBA54CEU7, STM32WBA54CEU7TR, STM32WBA54CGU6, STM32WBA54CGU6TR, STM32WBA54CGU7, STM32WBA54CGU7TR, STM32WBA54KEU6, STM32WBA54KEU6TR, STM32WBA54KEU7, STM32WBA54KEU7TR, STM32WBA54KGU6, STM32WBA54KGU6TR, STM32WBA54KGU7, STM32WBA54KGU7TR, STM32WBA55CEU6, STM32WBA55CEU6TR, STM32WBA55CEU7, STM32WBA55CEU7TR, STM32WBA55CGU6, STM32WBA55CGU6TR, STM32WBA55CGU6U, STM32WBA55CGU7, STM32WBA55CGU7TR, STM32WBA55G-DK1, STM32WBA55HEF6, STM32WBA55HEF7, STM32WBA55HGF6, STM32WBA55HGF7, STM32WBA55UEI6, STM32WBA55UEI6TR, STM32WBA55UEI7, STM32WBA55UEI7TR, STM32WBA55UGI6, STM32WBA55UGI6TR, STM32WBA55UGI7, STM32WBA55UGI7TR, STM32WL5MOCH6, STM32WL5MOCH6TR]
2024-05-05 01:42:34,623 [INFO] BoardInfo:889 - No configuration file found for board P-NUCLEO-WB55
2024-05-05 01:42:34,623 [INFO] DbBoards:161 - Kit is not supported: P-NUCLEO-WB55
2024-05-05 01:42:34,626 [INFO] BoardInfo:889 - No configuration file found for board STEVAL-BFA001V1B
2024-05-05 01:42:34,626 [INFO] DbBoards:161 - Kit is not supported: STEVAL-BFA001V1B
2024-05-05 01:42:34,627 [INFO] BoardInfo:889 - No configuration file found for board STEVAL-BFA001V2B
2024-05-05 01:42:34,627 [INFO] DbBoards:161 - Kit is not supported: STEVAL-BFA001V2B
2024-05-05 01:42:34,713 [INFO] DbBoards:168 - Found 199 boards, 196 are supported
2024-05-05 01:42:34,713 [INFO] DbBoards:169 - Found 199 boards, 8 of them is supported for  Bsp
2024-05-05 01:42:34,715 [INFO] ApiDb:668 - CubeFinder database Data Model version=2.1
2024-05-05 01:42:34,715 [INFO] ApiDb:669 - CubeFinder database Configuration version=3.0.39
2024-05-05 01:42:34,715 [INFO] ApiDb:670 - CubeFinder database generation date=2024-03-25 (1711369621)
2024-05-05 01:42:34,715 [INFO] ApiDb:671 - CubeFinder database FW Pack versions=[FP-ATR-ASTRA1_V2.0.0, FP-SNS-FLIGHT1_V5.0.1, FP-SNS-FLIGHT1_V5.0.2, FP-SNS-MOTENV1_V4.3.1, FP-SNS-MOTENV1_V4.3.2, FP-SNS-MOTENVWB1_V1.3.1, FP-SNS-SMARTAG2_V1.2.0, STM32Cube_FW_C0_V1.1.0, STM32Cube_FW_F4_V1.28.0, STM32Cube_FW_F7_V1.17.0, STM32Cube_FW_G0_V1.6.2, STM32Cube_FW_G4_V1.5.2, STM32Cube_FW_H5_V0.5.1, STM32Cube_FW_H5_V1.1.1, STM32Cube_FW_H5_V1.2.0, STM32Cube_FW_H5_V1.2.0RC4, STM32Cube_FW_H7RS_V1.0.0, STM32Cube_FW_H7RS_V1.0.0RC4, STM32Cube_FW_H7_V1.11.0, STM32Cube_FW_L0_V1.12.2, STM32Cube_FW_L5_V1.5.1, STM32Cube_FW_U0_V1.0.0, STM32Cube_FW_U0_V1.0.0RC1, STM32Cube_FW_U5_V1.3.0RC4, STM32Cube_FW_U5_V1.5.0, STM32Cube_FW_U5_V1.5.0RC1, STM32Cube_FW_WBA_V1.0.0RC1, STM32Cube_FW_WBA_V1.2.0, STM32Cube_FW_WBA_V1.2.0RC2, STM32Cube_FW_WBA_V1.3.0, STM32Cube_FW_WBA_V1.3.0RC1, STM32Cube_FW_WB_V1.15.0RC1, STM32Cube_FW_WB_V1.16.0, STM32Cube_FW_WB_V1.16.0RC2, STM32Cube_FW_WB_V1.18.0, STM32Cube_FW_WB_V1.19.0, STM32Cube_FW_WL_V1.3.0, X-CUBE-ALGOBUILD_V1.3.0, X-CUBE-ALS_V1.0.1, X-CUBE-AZRTOS-F4_V1.1.0, X-CUBE-AZRTOS-F7_V1.1.0, X-CUBE-AZRTOS-G0_V1.1.0, X-CUBE-AZRTOS-G4_V2.0.0, X-CUBE-AZRTOS-H7_V3.2.0, X-CUBE-AZRTOS-L4_V1.0.0, X-CUBE-AZRTOS-L4_V2.0.0, X-CUBE-AZRTOS-L5_V1.1.0, X-CUBE-AZRTOS-WB_V2.0.0, X-CUBE-AZRTOS-WL_V2.0.0, X-CUBE-BLE1_V7.0.0, X-CUBE-BLE2_V3.3.0, X-CUBE-BLEMGR_V3.1.0, X-CUBE-EEPRMA1_V4.1.0, X-CUBE-EEPRMA1_V5.1.0, X-CUBE-FREERTOS_V1.1.0, X-CUBE-GNSS1_V6.0.0, X-CUBE-MEMS1_V10.0.0, X-CUBE-MEMS1_V9.1.0, X-CUBE-MEMS1_V9.4.0, X-CUBE-MEMS1_V9.6.0, X-CUBE-NFC4_V3.0.0, X-CUBE-NFC7_V1.0.1, X-CUBE-SFXS2LP1_V4.0.0, X-CUBE-SUBG2_V5.0.0, X-CUBE-TOF1_V3.4.0]
2024-05-05 01:42:35,894 [INFO] ApiDb:240 - Found 483 in-development CPN: [B-G473E-ZEST1S, B-WB1M-WPAN1, B-WL5M-SUBG1, NUCLEO-C031C6, NUCLEO-H503RB, NUCLEO-H533RE, NUCLEO-H563ZI, NUCLEO-H7S3L8, NUCLEO-U031R8, NUCLEO-U083RC, NUCLEO-U545RE-Q, NUCLEO-U5A5ZJ-Q, NUCLEO-WBA52CG, NUCLEO-WBA55CG, STEVAL-PROTEUS1, STEVAL-SMARTAG2, STEVAL-STWINBX1, STM320518-EVAL, STM32C0116-DK, STM32C011D6Y3TR, STM32C011D6Y6TR, STM32C011F4P3, STM32C011F4P6, STM32C011F4U3, STM32C011F4U6TR, STM32C011F6P3, STM32C011F6P6, STM32C011F6U3, STM32C011F6U6TR, STM32C011J4M3, STM32C011J4M6, STM32C011J6M3, STM32C011J6M6, STM32C0316-DK, STM32C031C4T3, STM32C031C4T6, STM32C031C4U3, STM32C031C4U6, STM32C031C6T3, STM32C031C6T6, STM32C031C6U3, STM32C031C6U6, STM32C031F4P3, STM32C031F4P6, STM32C031F6P3, STM32C031F6P6, STM32C031G4U3, STM32C031G4U6, STM32C031G6U3, STM32C031G6U6, STM32C031K4T3, STM32C031K4T6, STM32C031K4U3, STM32C031K4U6, STM32C031K6T3, STM32C031K6T6, STM32C031K6U3, STM32C031K6U6, STM32G071K8TXN, STM32G071K8UXN, STM32G081GBU6N, STM32G081KBT6N, STM32G081KBUXN, STM32G0B1CCT6N, STM32G0B1KCT6, STM32G0B1NEY6TR, STM32G0B1RCT6N, STM32G0C1CCT6, STM32G0C1CCT6N, STM32G0C1CCU6N, STM32G0C1CET6N, STM32G0C1CEU6N, STM32G0C1KCT6, STM32G0C1NEY6TR, STM32G0C1RCI6N, STM32G0C1RCT6N, STM32G0C1REI6N, STM32G0C1RET6N, STM32G0C1VCI6, STM32G0C1VEI6, STM32G471CCT6, STM32G471CCU6, STM32G471CET3, STM32G471CET6, STM32G471CEU3, STM32G471CEU6, STM32G471MCT6, STM32G471MET3, STM32G471MET6, STM32G471MEY6TR, STM32G471QCT6, STM32G471QET3, STM32G471RCT6, STM32G471RET3, STM32G471RET6, STM32G471VCH6, STM32G471VCI6, STM32G471VCT6, STM32G471VEH3, STM32G471VEH6, STM32G471VEI3, STM32G471VEI6, STM32G471VET3, STM32G471VET6, STM32G474CCT6, STM32H503CBT6, STM32H503CBU6, STM32H503EBY6TR, STM32H503KBU6, STM32H503RBT6, STM32H523CCT6, STM32H523CCU6, STM32H523CET6, STM32H523CEU6, STM32H523HEY6TR, STM32H523RCT6, STM32H523RET6, STM32H523VCI6, STM32H523VCT6, STM32H523VEI6, STM32H523VET6, STM32H523ZCJ6, STM32H523ZCT6, STM32H523ZEJ6, STM32H523ZET6, STM32H533CET6, STM32H533CEU6, STM32H533HEY6TR, STM32H533RET6, STM32H533VEI6, STM32H533VET6, STM32H533ZEJ6, STM32H533ZET6, STM32H562AGI6, STM32H562AII6, STM32H562IGK6, STM32H562IGT6, STM32H562IIK6, STM32H562IIT6, STM32H562RGT6, STM32H562RGV6, STM32H562RIT6, STM32H562RIV6, STM32H562VGT6, STM32H562VIT6, STM32H562ZGT6, STM32H562ZIT6, STM32H563AGI6, STM32H563AII3Q, STM32H563AII6, STM32H563IGK6, STM32H563IGT6, STM32H563IIK3Q, STM32H563IIK6, STM32H563IIT3Q, STM32H563IIT6, STM32H563MIY3QTR, STM32H563RGT6, STM32H563RGV6, STM32H563RIT6, STM32H563RIV6, STM32H563VGT6, STM32H563VIT3Q, STM32H563VIT6, STM32H563ZGT6, STM32H563ZIT3Q, STM32H563ZIT6, STM32H573AII3Q, STM32H573AII6, STM32H573I-DK, STM32H573IIK3Q, STM32H573IIK6, STM32H573IIT3Q, STM32H573IIT6, STM32H573MIY3QTR, STM32H573RIT6, STM32H573RIV6, STM32H573VIT3Q, STM32H573VIT6, STM32H573ZIT3Q, STM32H573ZIT6, STM32H7R3A8I6, STM32H7R3I8K6, STM32H7R3I8T6, STM32H7R3L8H6, STM32H7R3L8H6H, STM32H7R3R8V6, STM32H7R3V8H6, STM32H7R3V8T6, STM32H7R3V8Y6, STM32H7R3Z8J6, STM32H7R3Z8T6, STM32H7R7A8I6, STM32H7R7I8K6, STM32H7R7I8T6, STM32H7R7L8H6, STM32H7R7L8H6H, STM32H7R7Z8J6, STM32H7S3A8I6, STM32H7S3I8K6, STM32H7S3I8T6, STM32H7S3L8H6, STM32H7S3L8H6H, STM32H7S3R8V6, STM32H7S3V8H6, STM32H7S3V8T6, STM32H7S3V8Y6, STM32H7S3Z8J6, STM32H7S3Z8T6, STM32H7S78-DK, STM32H7S7A8I6, STM32H7S7I8K6, STM32H7S7I8T6, STM32H7S7L8H6, STM32H7S7L8H6H, STM32H7S7Z8J6, STM32L4R5QGI6STR, STM32MP131AAE3, STM32MP131AAF3, STM32MP131AAG3, STM32MP131CAE3, STM32MP131CAF3, STM32MP131CAG3, STM32MP131DAE7, STM32MP131DAF7, STM32MP131DAG7, STM32MP131FAE7, STM32MP131FAF7, STM32MP131FAG7, STM32MP133AAE3, STM32MP133AAF3, STM32MP133AAG3, STM32MP133CAE3, STM32MP133CAF3, STM32MP133CAG3, STM32MP133DAE7, STM32MP133DAF7, STM32MP133DAG7, STM32MP133FAE7, STM32MP133FAF7, STM32MP133FAG7, STM32MP135AAE3, STM32MP135AAF3, STM32MP135AAG3, STM32MP135CAE3, STM32MP135CAF3, STM32MP135CAG3, STM32MP135DAE7, STM32MP135DAF7, STM32MP135DAG7, STM32MP135F-DK, STM32MP135FAE7, STM32MP135FAF7, STM32MP135FAF7T, STM32MP135FAF7U, STM32MP135FAG7, STM32U031C6T6, STM32U031C6U6, STM32U031C8T6, STM32U031C8U6, STM32U031F4P6, STM32U031F6P6, STM32U031F8P6, STM32U031G6Y6TR, STM32U031G8Y6TR, STM32U031K4U6, STM32U031K6U6, STM32U031K8U6, STM32U031R6I6, STM32U031R6T6, STM32U031R8I6, STM32U031R8T6, STM32U073C8T6, STM32U073C8U6, STM32U073CBT6, STM32U073CBU6, STM32U073CCT6, STM32U073CCU6, STM32U073H8Y6TR, STM32U073HBY6TR, STM32U073HCY6TR, STM32U073K8U6, STM32U073KBU6, STM32U073KCU6, STM32U073M8I6, STM32U073M8T6, STM32U073MBI6, STM32U073MBT6, STM32U073MCI6, STM32U073MCT6, STM32U073R8I6, STM32U073R8T6, STM32U073RBI6, STM32U073RBT6, STM32U073RCI6, STM32U073RCT6, STM32U083C-DK, STM32U083CCT6, STM32U083CCU6, STM32U083HCY6TR, STM32U083KCU6, STM32U083MCI6, STM32U083MCT6, STM32U083RCI6, STM32U083RCT6, STM32U535CBT6, STM32U535CBT6Q, STM32U535CBU6, STM32U535CBU6Q, STM32U535CCT6, STM32U535CCT6Q, STM32U535CCU6, STM32U535CCU6Q, STM32U535CET6, STM32U535CET6Q, STM32U535CEU6, STM32U535CEU6Q, STM32U535JEY6QTR, STM32U535NCY6QTR, STM32U535NEY6QTR, STM32U535RBI6, STM32U535RBI6Q, STM32U535RBT6, STM32U535RBT6Q, STM32U535RCI6, STM32U535RCI6Q, STM32U535RCT6, STM32U535RCT6Q, STM32U535REI6, STM32U535REI6Q, STM32U535RET6, STM32U535RET6Q, STM32U535VCI6, STM32U535VCI6Q, STM32U535VCT6, STM32U535VCT6Q, STM32U535VEI6, STM32U535VEI6Q, STM32U535VET6, STM32U535VET6Q, STM32U545CET6, STM32U545CET6Q, STM32U545CEU6, STM32U545CEU6Q, STM32U545JEY6QTR, STM32U545NEY6QTR, STM32U545REI6, STM32U545REI6Q, STM32U545RET6, STM32U545RET6Q, STM32U545VEI6, STM32U545VEI6Q, STM32U545VET6, STM32U545VET6Q, STM32U595AIH6, STM32U595AIH6Q, STM32U595AJH6, STM32U595AJH6Q, STM32U595QII6, STM32U595QII6Q, STM32U595QJI6, STM32U595QJI6Q, STM32U595RIT6, STM32U595RIT6Q, STM32U595RJT6, STM32U595RJT6Q, STM32U595VIT6, STM32U595VIT6Q, STM32U595VJT6, STM32U595VJT6Q, STM32U595ZIT6, STM32U595ZIT6Q, STM32U595ZIY6QTR, STM32U595ZJT6, STM32U595ZJT6Q, STM32U595ZJY6QTR, STM32U599BJY6QTR, STM32U599NIH6Q, STM32U599NJH6Q, STM32U599VIT6Q, STM32U599VJT6, STM32U599VJT6Q, STM32U599ZIT6Q, STM32U599ZIY6QTR, STM32U599ZJT6Q, STM32U599ZJY6QTR, STM32U5A5AJH6, STM32U5A5AJH6Q, STM32U5A5QII3Q , STM32U5A5QJI6, STM32U5A5QJI6Q, STM32U5A5RJT6, STM32U5A5RJT6Q, STM32U5A5VJT6, STM32U5A5VJT6Q, STM32U5A5ZJT6, STM32U5A5ZJT6Q, STM32U5A5ZJY6QTR, STM32U5A9BJY6QTR, STM32U5A9J-DK, STM32U5A9NJH6Q, STM32U5A9VJT6Q, STM32U5A9ZJT6Q, STM32U5A9ZJY6QTR, STM32U5F7VIT6, STM32U5F7VIT6Q, STM32U5F7VJT6, STM32U5F7VJT6Q, STM32U5F9BJY6QTR, STM32U5F9NJH6Q, STM32U5F9VIT6Q, STM32U5F9VJT6Q, STM32U5F9ZIJ6QTR, STM32U5F9ZIT6Q, STM32U5F9ZJJ6QTR, STM32U5F9ZJT6Q, STM32U5G7VJT6, STM32U5G7VJT6Q, STM32U5G9BJY6QTR, STM32U5G9J-DK1, STM32U5G9J-DK2, STM32U5G9NJH6Q, STM32U5G9VJT6Q, STM32U5G9ZJJ6QTR, STM32U5G9ZJT6Q, STM32WB1MMCH6, STM32WBA50KEU6, STM32WBA50KEU6TR, STM32WBA50KGU6, STM32WBA50KGU6TR, STM32WBA52CEU6, STM32WBA52CEU6TR, STM32WBA52CEU7, STM32WBA52CEU7TR, STM32WBA52CGU6, STM32WBA52CGU6TR, STM32WBA52CGU6U, STM32WBA52CGU7, STM32WBA52CGU7TR, STM32WBA52KEU6, STM32WBA52KEU6TR, STM32WBA52KGU6, STM32WBA52KGU6TR, STM32WBA54CEU6, STM32WBA54CEU6TR, STM32WBA54CEU7, STM32WBA54CEU7TR, STM32WBA54CGU6, STM32WBA54CGU6TR, STM32WBA54CGU7, STM32WBA54CGU7TR, STM32WBA54KEU6, STM32WBA54KEU6TR, STM32WBA54KEU7, STM32WBA54KEU7TR, STM32WBA54KGU6, STM32WBA54KGU6TR, STM32WBA54KGU7, STM32WBA54KGU7TR, STM32WBA55CEU6, STM32WBA55CEU6TR, STM32WBA55CEU7, STM32WBA55CEU7TR, STM32WBA55CGU6, STM32WBA55CGU6TR, STM32WBA55CGU6U, STM32WBA55CGU7, STM32WBA55CGU7TR, STM32WBA55G-DK1, STM32WBA55HEF6, STM32WBA55HEF7, STM32WBA55HGF6, STM32WBA55HGF7, STM32WBA55UEI6, STM32WBA55UEI6TR, STM32WBA55UEI7, STM32WBA55UEI7TR, STM32WBA55UGI6, STM32WBA55UGI6TR, STM32WBA55UGI7, STM32WBA55UGI7TR, STM32WL5MOCH6, STM32WL5MOCH6TR]
2024-05-05 01:42:35,897 [INFO] DbMcus:218 - Found 4094 MCUs, 4094 are supported
2024-05-05 01:42:35,898 [INFO] ApiDb:423 - Load user favorites file C:\Users\saksh/.stm32cubeide/favorites.mcus.txt: 1 item(s)
2024-05-05 01:42:35,898 [INFO] ApiDb:427 - User favorites MCUs=[STM32F103C8T6]
2024-05-05 01:42:35,898 [INFO] DbMcus:224 - Set 1 / 1 favorites MCUs
2024-05-05 01:42:36,112 [INFO] ApiDb:423 - Load user favorites file C:\Users\saksh/.stm32cubeide/favorites.boards.txt: 0 item(s)
2024-05-05 01:42:36,112 [INFO] ApiDb:427 - User favorites Boards=[]
2024-05-05 01:42:36,112 [INFO] DbBoards:198 - Set 0 / 0 favorites Boards
2024-05-05 01:42:36,165 [INFO] UtilMem:75 - End LoadConfig() Used Memory: 857187088 Bytes (1073741824)
2024-05-05 01:42:36,243 [WARN] ThirdParty:833 - waiting for thirdparty lock release [change project]
2024-05-05 01:42:36,244 [INFO] ThirdParty:835 - entering critical section [change project]
2024-05-05 01:42:36,244 [INFO] ThirdParty:1030 - CMSIS Pack Vendor :STMicroelectronics USBPD 4.1
2024-05-05 01:42:36,244 [INFO] ThirdParty:1030 - CMSIS Pack Vendor :STMicroelectronics X-CUBE-GNSS1 6.0.0
2024-05-05 01:42:36,244 [INFO] ThirdParty:1030 - CMSIS Pack Vendor :STMicroelectronics USB_HOST 2.0.0
2024-05-05 01:42:36,244 [INFO] ThirdParty:1030 - CMSIS Pack Vendor :STMicroelectronics FP-SNS-MOTENVWB1 1.4.0
2024-05-05 01:42:36,244 [INFO] ThirdParty:1030 - CMSIS Pack Vendor :STMicroelectronics X-CUBE-AZRTOS-F4 1.1.0
2024-05-05 01:42:36,244 [INFO] ThirdParty:1030 - CMSIS Pack Vendor :STMicroelectronics LIBJPEG 8.0.0
2024-05-05 01:42:36,244 [INFO] ThirdParty:1030 - CMSIS Pack Vendor :STMicroelectronics X-CUBE-SMBUS 2.1.0
2024-05-05 01:42:36,244 [INFO] ThirdParty:1030 - CMSIS Pack Vendor :STMicroelectronics X-CUBE-FREERTOS 1.2.0
2024-05-05 01:42:36,244 [INFO] ThirdParty:1030 - CMSIS Pack Vendor :STMicroelectronics X-CUBE-TOUCHGFX 4.23.1
2024-05-05 01:42:36,244 [INFO] ThirdParty:1030 - CMSIS Pack Vendor :STMicroelectronics X-CUBE-TOUCHGFX 4.23.0
2024-05-05 01:42:36,244 [INFO] ThirdParty:1030 - CMSIS Pack Vendor :STMicroelectronics X-CUBE-BLEMGR 1.2.0
2024-05-05 01:42:36,244 [INFO] ThirdParty:1030 - CMSIS Pack Vendor :STMicroelectronics X-CUBE-TOUCHGFX 4.23.2
2024-05-05 01:42:36,244 [INFO] ThirdParty:1030 - CMSIS Pack Vendor :STMicroelectronics X-CUBE-AZRTOS-F7 1.1.0
2024-05-05 01:42:36,244 [INFO] ThirdParty:1030 - CMSIS Pack Vendor :STMicroelectronics X-CUBE-AZRTOS-L5 2.0.0
2024-05-05 01:42:36,244 [INFO] ThirdParty:1030 - CMSIS Pack Vendor :STMicroelectronics USB_DEVICE 2.0.0
2024-05-05 01:42:36,244 [INFO] ThirdParty:1030 - CMSIS Pack Vendor :STMicroelectronics X-CUBE-MEMS1 9.6.0
2024-05-05 01:42:36,244 [INFO] ThirdParty:1030 - CMSIS Pack Vendor :STMicroelectronics X-CUBE-EEPRMA1 4.2.0
2024-05-05 01:42:36,244 [INFO] ThirdParty:1030 - CMSIS Pack Vendor :STMicroelectronics X-CUBE-NFC6 3.1.0
2024-05-05 01:42:36,244 [INFO] ThirdParty:1030 - CMSIS Pack Vendor :ITTIA_DB I-CUBE-ITTIADB 8.8.0
2024-05-05 01:42:36,244 [INFO] ThirdParty:1030 - CMSIS Pack Vendor :STMicroelectronics FP-SNS-MOTENV1 4.3.0
2024-05-05 01:42:36,244 [INFO] ThirdParty:1030 - CMSIS Pack Vendor :STMicroelectronics FP-SNS-MOTENV1 4.3.2
2024-05-05 01:42:36,244 [INFO] ThirdParty:1030 - CMSIS Pack Vendor :STMicroelectronics FP-SNS-FLIGHT1 5.0.0
2024-05-05 01:42:36,244 [INFO] ThirdParty:1030 - CMSIS Pack Vendor :STMicroelectronics FP-SNS-MOTENV1 4.3.1
2024-05-05 01:42:36,244 [INFO] ThirdParty:1030 - CMSIS Pack Vendor :STMicroelectronics FP-SNS-FLIGHT1 5.0.1
2024-05-05 01:42:36,244 [INFO] ThirdParty:1030 - CMSIS Pack Vendor :STMicroelectronics X-CUBE-BLE1 6.2.3
2024-05-05 01:42:36,244 [INFO] ThirdParty:1030 - CMSIS Pack Vendor :STMicroelectronics X-CUBE-BLE1 6.2.4
2024-05-05 01:42:36,244 [INFO] ThirdParty:1030 - CMSIS Pack Vendor :STMicroelectronics FreeRTOS 0.0.1
2024-05-05 01:42:36,244 [INFO] ThirdParty:1030 - CMSIS Pack Vendor :STMicroelectronics X-CUBE-BLEMGR 2.0.0
2024-05-05 01:42:36,244 [INFO] ThirdParty:1030 - CMSIS Pack Vendor :STMicroelectronics FP-SNS-FLIGHT1 5.0.2
2024-05-05 01:42:36,244 [INFO] ThirdParty:1030 - CMSIS Pack Vendor :STMicroelectronics X-CUBE-NFC4 2.0.4
2024-05-05 01:42:36,244 [INFO] ThirdParty:1030 - CMSIS Pack Vendor :STMicroelectronics X-CUBE-AI 9.0.0
2024-05-05 01:42:36,244 [INFO] ThirdParty:1030 - CMSIS Pack Vendor :STMicroelectronics X-CUBE-AZRTOS-H7 3.1.0
2024-05-05 01:42:36,244 [INFO] ThirdParty:1030 - CMSIS Pack Vendor :STMicroelectronics PDM2PCM 3.3.0
2024-05-05 01:42:36,244 [INFO] ThirdParty:1030 - CMSIS Pack Vendor :STMicroelectronics X-CUBE-TOF1 3.1.0
2024-05-05 01:42:36,244 [INFO] ThirdParty:1030 - CMSIS Pack Vendor :STMicroelectronics X-CUBE-DISPLAY 3.0.0
2024-05-05 01:42:36,244 [INFO] ThirdParty:1030 - CMSIS Pack Vendor :STMicroelectronics X-CUBE-BLE1 7.0.0
2024-05-05 01:42:36,244 [INFO] ThirdParty:1030 - CMSIS Pack Vendor :wolfSSL I-CUBE-wolfSSL 5.5.0
2024-05-05 01:42:36,244 [INFO] ThirdParty:1030 - CMSIS Pack Vendor :STMicroelectronics HAL Drivers 0.0.0
2024-05-05 01:42:36,244 [INFO] ThirdParty:1030 - CMSIS Pack Vendor :STMicroelectronics X-CUBE-TOUCHGFX 4.22.0
2024-05-05 01:42:36,244 [INFO] ThirdParty:1030 - CMSIS Pack Vendor :STMicroelectronics X-CUBE-NFC7 1.0.1
2024-05-05 01:42:36,244 [INFO] ThirdParty:1030 - CMSIS Pack Vendor :STMicroelectronics MBEDTLS 2.14.1
2024-05-05 01:42:36,244 [INFO] ThirdParty:1030 - CMSIS Pack Vendor :STMicroelectronics X-CUBE-NFC7 1.0.0
2024-05-05 01:42:36,244 [INFO] ThirdParty:1030 - CMSIS Pack Vendor :STMicroelectronics X-CUBE-NFC6 3.0.0
2024-05-05 01:42:36,244 [INFO] ThirdParty:1030 - CMSIS Pack Vendor :STMicroelectronics X-CUBE-MEMS1 9.3.0
2024-05-05 01:42:36,244 [INFO] ThirdParty:1030 - CMSIS Pack Vendor :STMicroelectronics X-CUBE-EEPRMA1 4.1.0
2024-05-05 01:42:36,244 [INFO] ThirdParty:1030 - CMSIS Pack Vendor :STMicroelectronics X-CUBE-AI 7.2.0
2024-05-05 01:42:36,244 [INFO] ThirdParty:1030 - CMSIS Pack Vendor :STMicroelectronics X-CUBE-BLEMGR 3.1.0
2024-05-05 01:42:36,244 [INFO] ThirdParty:1030 - CMSIS Pack Vendor :STMicroelectronics FP-SNS-SMARTAG2 1.2.0
2024-05-05 01:42:36,244 [INFO] ThirdParty:1030 - CMSIS Pack Vendor :STMicroelectronics X-CUBE-AZRTOS-WL 2.0.0
2024-05-05 01:42:36,244 [INFO] ThirdParty:1030 - CMSIS Pack Vendor :STMicroelectronics FP-SNS-MOTENV1 5.0.0
2024-05-05 01:42:36,244 [INFO] ThirdParty:1030 - CMSIS Pack Vendor :STMicroelectronics USB_DEVICE 1.0.0
2024-05-05 01:42:36,245 [INFO] ThirdParty:1030 - CMSIS Pack Vendor :STMicroelectronics X-CUBE-AI 8.1.0
2024-05-05 01:42:36,245 [INFO] ThirdParty:1030 - CMSIS Pack Vendor :STMicroelectronics X-CUBE-AZRTOS-L4 2.0.0
2024-05-05 01:42:36,245 [INFO] ThirdParty:1030 - CMSIS Pack Vendor :STMicroelectronics ThreadX 0.0.2
2024-05-05 01:42:36,245 [INFO] ThirdParty:1030 - CMSIS Pack Vendor :WES I-CUBE-Cesium 1.3.0
2024-05-05 01:42:36,245 [INFO] ThirdParty:1030 - CMSIS Pack Vendor :STMicroelectronics lwIP 2.1.2
2024-05-05 01:42:36,245 [INFO] ThirdParty:1030 - CMSIS Pack Vendor :STMicroelectronics X-CUBE-SFXS2LP1 4.0.0
2024-05-05 01:42:36,245 [INFO] ThirdParty:1030 - CMSIS Pack Vendor :STMicroelectronics X-CUBE-BLE2 3.3.0
2024-05-05 01:42:36,245 [INFO] ThirdParty:1030 - CMSIS Pack Vendor :STMicroelectronics X-CUBE-DISPLAY 2.2.0
2024-05-05 01:42:36,245 [INFO] ThirdParty:1030 - CMSIS Pack Vendor :STMicroelectronics X-CUBE-TOF1 3.2.0
2024-05-05 01:42:36,245 [INFO] ThirdParty:1030 - CMSIS Pack Vendor :STMicroelectronics PDM2PCM 3.2.0
2024-05-05 01:42:36,245 [INFO] ThirdParty:1030 - CMSIS Pack Vendor :STMicroelectronics X-CUBE-AZRTOS-H7 3.0.0
2024-05-05 01:42:36,245 [INFO] ThirdParty:1030 - CMSIS Pack Vendor :STMicroelectronics X-CUBE-ISPU 1.0.0
2024-05-05 01:42:36,245 [INFO] ThirdParty:1030 - CMSIS Pack Vendor :STMicroelectronics X-CUBE-ISPU 1.1.0
2024-05-05 01:42:36,245 [INFO] ThirdParty:1030 - CMSIS Pack Vendor :RoweBots I-CUBE-UNISONRTOS 5.5.0-4
2024-05-05 01:42:36,245 [INFO] ThirdParty:1030 - CMSIS Pack Vendor :STMicroelectronics X-CUBE-AZRTOS-H7 2.1.0
2024-05-05 01:42:36,245 [INFO] ThirdParty:1030 - CMSIS Pack Vendor :STMicroelectronics USB_DEVICE 3.0.0
2024-05-05 01:42:36,245 [INFO] ThirdParty:1030 - CMSIS Pack Vendor :STMicroelectronics X-CUBE-TCPP 4.1.0
2024-05-05 01:42:36,245 [INFO] ThirdParty:1030 - CMSIS Pack Vendor :STMicroelectronics X-CUBE-AI 8.0.0
2024-05-05 01:42:36,245 [INFO] ThirdParty:1030 - CMSIS Pack Vendor :STMicroelectronics X-CUBE-AZRTOS-WB 2.0.0
2024-05-05 01:42:36,245 [INFO] ThirdParty:1030 - CMSIS Pack Vendor :STMicroelectronics X-CUBE-FREERTOS 1.0.0
2024-05-05 01:42:36,245 [INFO] ThirdParty:1030 - CMSIS Pack Vendor :STMicroelectronics X-CUBE-FREERTOS 1.0.1
2024-05-05 01:42:36,245 [INFO] ThirdParty:1030 - CMSIS Pack Vendor :STMicroelectronics X-CUBE-TOUCHGFX 4.21.1
2024-05-05 01:42:36,245 [INFO] ThirdParty:1030 - CMSIS Pack Vendor :STMicroelectronics X-CUBE-TOUCHGFX 4.21.3
2024-05-05 01:42:36,245 [INFO] ThirdParty:1030 - CMSIS Pack Vendor :STMicroelectronics X-CUBE-BLEMGR 1.0.0
2024-05-05 01:42:36,245 [INFO] ThirdParty:1030 - CMSIS Pack Vendor :STMicroelectronics X-CUBE-TOUCHGFX 4.21.4
2024-05-05 01:42:36,245 [INFO] ThirdParty:1030 - CMSIS Pack Vendor :STMicroelectronics X-CUBE-MEMS1 9.4.0
2024-05-05 01:42:36,245 [INFO] ThirdParty:1030 - CMSIS Pack Vendor :STMicroelectronics X-CUBE-AI 7.3.0
2024-05-05 01:42:36,245 [INFO] ThirdParty:1030 - CMSIS Pack Vendor :STMicroelectronics X-CUBE-ALGOBUILD 1.3.0
2024-05-05 01:42:36,245 [INFO] ThirdParty:1030 - CMSIS Pack Vendor :STMicroelectronics X-CUBE-AZRTOS-L5 1.1.0
2024-05-05 01:42:36,245 [INFO] ThirdParty:1030 - CMSIS Pack Vendor :STMicroelectronics X-CUBE-AZRTOS-G0 1.1.0
2024-05-05 01:42:36,245 [INFO] ThirdParty:1030 - CMSIS Pack Vendor :STMicroelectronics X-CUBE-AI 8.0.1
2024-05-05 01:42:36,245 [INFO] ThirdParty:1030 - CMSIS Pack Vendor :STMicroelectronics X-CUBE-SAFEA1 1.2.2
2024-05-05 01:42:36,245 [INFO] ThirdParty:1030 - CMSIS Pack Vendor :STMicroelectronics X-CUBE-NFC4 3.0.0
2024-05-05 01:42:36,245 [INFO] ThirdParty:1030 - CMSIS Pack Vendor :SEGGER I-CUBE-embOS 1.2.0
2024-05-05 01:42:36,245 [INFO] ThirdParty:1030 - CMSIS Pack Vendor :STMicroelectronics X-CUBE-SUBG2 5.0.0
2024-05-05 01:42:36,245 [INFO] ThirdParty:1030 - CMSIS Pack Vendor :STMicroelectronics STM32_WPAN 1.0.0
2024-05-05 01:42:36,245 [INFO] ThirdParty:1030 - CMSIS Pack Vendor :STMicroelectronics lwIP 2.0.3
2024-05-05 01:42:36,245 [INFO] ThirdParty:1030 - CMSIS Pack Vendor :STMicroelectronics USB_HOST 1.0.0
2024-05-05 01:42:36,245 [INFO] ThirdParty:1030 - CMSIS Pack Vendor :STMicroelectronics X-CUBE-TOF1 3.3.1
2024-05-05 01:42:36,245 [INFO] ThirdParty:1030 - CMSIS Pack Vendor :STMicroelectronics X-CUBE-AZRTOS-G4 2.0.0
2024-05-05 01:42:36,245 [INFO] ThirdParty:1030 - CMSIS Pack Vendor :STMicroelectronics PDM2PCM 3.1.0
2024-05-05 01:42:36,245 [INFO] ThirdParty:1030 - CMSIS Pack Vendor :STMicroelectronics X-CUBE-TOF1 3.3.0
2024-05-05 01:42:36,245 [INFO] ThirdParty:1030 - CMSIS Pack Vendor :STMicroelectronics FP-ATR-ASTRA1 1.1.1
2024-05-05 01:42:36,245 [INFO] ThirdParty:1030 - CMSIS Pack Vendor :Infineon AIROC-Wi-Fi-Bluetooth-STM32 1.5.1
2024-05-05 01:42:36,245 [INFO] ThirdParty:1030 - CMSIS Pack Vendor :STMicroelectronics X-CUBE-BLEMGR 3.0.0
2024-05-05 01:42:36,245 [INFO] ThirdParty:1030 - CMSIS Pack Vendor :STMicroelectronics X-CUBE-BLEMGR 1.3.0
2024-05-05 01:42:36,245 [INFO] ThirdParty:1030 - CMSIS Pack Vendor :STMicroelectronics FP-SNS-MOTENVWB1 1.3.1
2024-05-05 01:42:36,245 [INFO] ThirdParty:1030 - CMSIS Pack Vendor :STMicroelectronics FP-ATR-SIGFOX1 3.2.0
2024-05-05 01:42:36,245 [INFO] ThirdParty:1030 - CMSIS Pack Vendor :STMicroelectronics X-CUBE-AZRTOS-G4 1.0.0
2024-05-05 01:42:36,246 [INFO] ThirdParty:1030 - CMSIS Pack Vendor :STMicroelectronics X-CUBE-AZRTOS-L4 1.0.0
2024-05-05 01:42:36,246 [INFO] ThirdParty:1030 - CMSIS Pack Vendor :STMicroelectronics X-CUBE-ISPU 2.0.0
2024-05-05 01:42:36,246 [INFO] ThirdParty:1030 - CMSIS Pack Vendor :STMicroelectronics X-CUBE-EEPRMA1 5.1.0
2024-05-05 01:42:36,246 [INFO] ThirdParty:1030 - CMSIS Pack Vendor :STMicroelectronics MBEDTLS 2.16.2
2024-05-05 01:42:36,246 [INFO] ThirdParty:1030 - CMSIS Pack Vendor :emotas I-CUBE-CANOPEN 1.1.2
2024-05-05 01:42:36,246 [INFO] ThirdParty:1030 - CMSIS Pack Vendor :STMicroelectronics X-CUBE-TOUCHGFX 4.20.0
2024-05-05 01:42:36,246 [INFO] ThirdParty:1030 - CMSIS Pack Vendor :STMicroelectronics X-CUBE-MEMS1 10.0.0
2024-05-05 01:42:36,246 [INFO] ThirdParty:1030 - CMSIS Pack Vendor :STMicroelectronics X-CUBE-FREERTOS 1.1.0
2024-05-05 01:42:36,246 [INFO] ThirdParty:1030 - CMSIS Pack Vendor :STMicroelectronics X-CUBE-AZRTOS-WL 1.0.0
2024-05-05 01:42:36,246 [INFO] ThirdParty:1030 - CMSIS Pack Vendor :portGmbH I-Cube-SoM-uGOAL 1.1.0
2024-05-05 01:42:36,246 [INFO] ThirdParty:1030 - CMSIS Pack Vendor :STMicroelectronics X-CUBE-ALS 1.0.1
2024-05-05 01:42:36,246 [INFO] ThirdParty:1030 - CMSIS Pack Vendor :STMicroelectronics X-CUBE-MEMS1 9.5.0
2024-05-05 01:42:36,246 [INFO] ThirdParty:1030 - CMSIS Pack Vendor :STMicroelectronics ThreadX 1.0.0
2024-05-05 01:42:36,246 [INFO] ThirdParty:1030 - CMSIS Pack Vendor :STMicroelectronics X-CUBE-AZRTOS-WB 1.1.0
2024-05-05 01:42:36,246 [INFO] ThirdParty:1030 - CMSIS Pack Vendor :SEGGER I-CUBE-embOS 1.3.1
2024-05-05 01:42:36,246 [INFO] ThirdParty:1030 - CMSIS Pack Vendor :STMicroelectronics X-CUBE-AZRTOS-L5 1.0.0
2024-05-05 01:42:36,246 [INFO] ThirdParty:1030 - CMSIS Pack Vendor :STMicroelectronics X-CUBE-EEPRMA1 3.1.1
2024-05-05 01:42:36,246 [INFO] ThirdParty:1030 - CMSIS Pack Vendor :STMicroelectronics X-CUBE-AZRTOS-H7RS 1.0.0
2024-05-05 01:42:36,246 [INFO] ThirdParty:1030 - CMSIS Pack Vendor :STMicroelectronics FP-ATR-ASTRA1 2.0.0
2024-05-05 01:42:36,246 [INFO] ThirdParty:1030 - CMSIS Pack Vendor :STMicroelectronics X-CUBE-TOF1 3.4.0
2024-05-05 01:42:36,246 [INFO] ThirdParty:1030 - CMSIS Pack Vendor :STMicroelectronics X-CUBE-TOF1 3.4.1
2024-05-05 01:42:36,246 [INFO] ThirdParty:1030 - CMSIS Pack Vendor :STMicroelectronics X-CUBE-AZRTOS-H7 3.2.0
2024-05-05 01:42:36,246 [INFO] ThirdParty:841 - exiting critical section [change project]
2024-05-05 01:42:36,620 [INFO] PinOutPanel:1561 - setPackage(No Configuration,No Configuration)
2024-05-05 01:42:36,621 [INFO] PinOutPanel:1561 - setPackage(STM32G474RETx,LQFP64)
2024-05-05 01:42:36,956 [INFO] UtilMem:75 - Before build in PCC Used Memory: 858983384 Bytes (1073741824)
2024-05-05 01:42:37,611 [INFO] UtilMem:75 - After build in PCC Used Memory: 695631720 Bytes (1073741824)
2024-05-05 01:42:37,637 [INFO] IPUIPlugin:80 - create IPUIPlugin
2024-05-05 01:42:37,637 [INFO] IPUIPlugin:80 - create IPUIPlugin
2024-05-05 01:42:37,637 [INFO] IPUIPlugin:80 - create IPUIPlugin
2024-05-05 01:42:37,637 [INFO] IPUIPlugin:80 - create IPUIPlugin
2024-05-05 01:42:37,637 [INFO] IPUIPlugin:80 - create IPUIPlugin
2024-05-05 01:42:37,637 [INFO] IPUIPlugin:80 - create IPUIPlugin
2024-05-05 01:42:37,637 [INFO] IPUIPlugin:80 - create IPUIPlugin
2024-05-05 01:42:37,637 [INFO] IPUIPlugin:80 - create IPUIPlugin
2024-05-05 01:42:37,637 [INFO] IPUIPlugin:80 - create IPUIPlugin
2024-05-05 01:42:37,637 [INFO] IPUIPlugin:80 - create IPUIPlugin
2024-05-05 01:42:37,637 [INFO] IPUIPlugin:80 - create IPUIPlugin
2024-05-05 01:42:37,637 [INFO] IPUIPlugin:80 - create IPUIPlugin
2024-05-05 01:42:37,637 [INFO] IPUIPlugin:80 - create IPUIPlugin
2024-05-05 01:42:37,637 [INFO] IPUIPlugin:80 - create IPUIPlugin
2024-05-05 01:42:37,637 [INFO] IPUIPlugin:80 - create IPUIPlugin
2024-05-05 01:42:37,637 [INFO] IPUIPlugin:80 - create IPUIPlugin
2024-05-05 01:42:37,638 [INFO] IPUIPlugin:80 - create IPUIPlugin
2024-05-05 01:42:37,638 [INFO] IPUIPlugin:80 - create IPUIPlugin
2024-05-05 01:42:37,638 [INFO] IPUIPlugin:80 - create IPUIPlugin
2024-05-05 01:42:37,638 [INFO] IPUIPlugin:80 - create IPUIPlugin
2024-05-05 01:42:37,638 [INFO] IPUIPlugin:80 - create IPUIPlugin
2024-05-05 01:42:37,638 [INFO] IPUIPlugin:80 - create IPUIPlugin
2024-05-05 01:42:37,638 [INFO] IPUIPlugin:80 - create IPUIPlugin
2024-05-05 01:42:37,638 [INFO] IPUIPlugin:80 - create IPUIPlugin
2024-05-05 01:42:37,638 [INFO] IPUIPlugin:80 - create IPUIPlugin
2024-05-05 01:42:37,638 [INFO] IPUIPlugin:80 - create IPUIPlugin
2024-05-05 01:42:37,638 [INFO] IPUIPlugin:80 - create IPUIPlugin
2024-05-05 01:42:37,638 [INFO] IPUIPlugin:80 - create IPUIPlugin
2024-05-05 01:42:37,638 [INFO] IPUIPlugin:80 - create IPUIPlugin
2024-05-05 01:42:37,638 [INFO] IPUIPlugin:80 - create IPUIPlugin
2024-05-05 01:42:37,638 [INFO] IPUIPlugin:80 - create IPUIPlugin
2024-05-05 01:42:37,638 [INFO] IPUIPlugin:80 - create IPUIPlugin
2024-05-05 01:42:37,639 [INFO] IPUIPlugin:80 - create IPUIPlugin
2024-05-05 01:42:37,639 [INFO] IPUIPlugin:80 - create IPUIPlugin
2024-05-05 01:42:37,639 [INFO] IPUIPlugin:80 - create IPUIPlugin
2024-05-05 01:42:37,639 [INFO] IPUIPlugin:80 - create IPUIPlugin
2024-05-05 01:42:37,639 [INFO] IPUIPlugin:80 - create IPUIPlugin
2024-05-05 01:42:37,639 [INFO] IPUIPlugin:80 - create IPUIPlugin
2024-05-05 01:42:37,639 [INFO] IPUIPlugin:80 - create IPUIPlugin
2024-05-05 01:42:37,639 [INFO] IPUIPlugin:80 - create IPUIPlugin
2024-05-05 01:42:37,639 [INFO] IPUIPlugin:80 - create IPUIPlugin
2024-05-05 01:42:37,640 [INFO] IPUIPlugin:80 - create IPUIPlugin
2024-05-05 01:42:37,640 [INFO] IPUIPlugin:80 - create IPUIPlugin
2024-05-05 01:42:37,640 [INFO] IPUIPlugin:80 - create IPUIPlugin
2024-05-05 01:42:37,640 [INFO] IPUIPlugin:80 - create IPUIPlugin
2024-05-05 01:42:37,640 [INFO] IPUIPlugin:80 - create IPUIPlugin
2024-05-05 01:42:37,640 [INFO] IPUIPlugin:80 - create IPUIPlugin
2024-05-05 01:42:37,640 [INFO] IPUIPlugin:80 - create IPUIPlugin
2024-05-05 01:42:37,641 [INFO] IPUIPlugin:80 - create IPUIPlugin
2024-05-05 01:42:37,641 [INFO] IPUIPlugin:80 - create IPUIPlugin
2024-05-05 01:42:37,641 [INFO] IPUIPlugin:80 - create IPUIPlugin
2024-05-05 01:42:37,641 [INFO] IPUIPlugin:80 - create IPUIPlugin
2024-05-05 01:42:37,641 [INFO] IPUIPlugin:80 - create IPUIPlugin
2024-05-05 01:42:37,642 [INFO] IPUIPlugin:80 - create IPUIPlugin
2024-05-05 01:42:37,642 [INFO] IPUIPlugin:80 - create IPUIPlugin
2024-05-05 01:42:37,642 [INFO] IPUIPlugin:80 - create IPUIPlugin
2024-05-05 01:42:37,642 [INFO] IPUIPlugin:80 - create IPUIPlugin
2024-05-05 01:42:37,642 [INFO] IPUIPlugin:80 - create IPUIPlugin
2024-05-05 01:42:37,642 [INFO] IPUIPlugin:80 - create IPUIPlugin
2024-05-05 01:42:37,642 [INFO] IPUIPlugin:80 - create IPUIPlugin
2024-05-05 01:42:37,643 [INFO] IPUIPlugin:80 - create IPUIPlugin
2024-05-05 01:42:37,643 [INFO] IPUIPlugin:80 - create IPUIPlugin
2024-05-05 01:42:37,643 [INFO] IPUIPlugin:80 - create IPUIPlugin
2024-05-05 01:42:37,643 [INFO] IPUIPlugin:80 - create IPUIPlugin
2024-05-05 01:42:37,643 [INFO] IPUIPlugin:80 - create IPUIPlugin
2024-05-05 01:42:37,643 [INFO] IPUIPlugin:80 - create IPUIPlugin
2024-05-05 01:42:37,644 [INFO] IPUIPlugin:80 - create IPUIPlugin
2024-05-05 01:42:37,644 [INFO] IPUIPlugin:80 - create IPUIPlugin
2024-05-05 01:42:37,644 [INFO] IPUIPlugin:80 - create IPUIPlugin
2024-05-05 01:42:37,644 [INFO] IPUIPlugin:80 - create IPUIPlugin
2024-05-05 01:42:37,644 [INFO] IPUIPlugin:80 - create IPUIPlugin
2024-05-05 01:42:37,644 [INFO] IPUIPlugin:80 - create IPUIPlugin
2024-05-05 01:42:37,644 [INFO] IPUIPlugin:80 - create IPUIPlugin
2024-05-05 01:42:37,645 [INFO] IPUIPlugin:80 - create IPUIPlugin
2024-05-05 01:42:37,645 [INFO] IPUIPlugin:80 - create IPUIPlugin
2024-05-05 01:42:37,645 [INFO] IPUIPlugin:80 - create IPUIPlugin
2024-05-05 01:42:37,645 [INFO] IPUIPlugin:80 - create IPUIPlugin
2024-05-05 01:42:37,809 [INFO] CADModel:165 - CPN selected for project levelSTM32G474RET3
2024-05-05 01:42:37,809 [INFO] CADModel:114 - Register for checkConnection events
2024-05-05 01:42:37,857 [INFO] OpenFileManager:343 - Restore cursor
2024-05-05 01:43:04,622 [INFO] Gpio:277 - dependency for GPIO [ADC1, SYS, TIM1, USART1]
2024-05-05 01:43:11,922 [INFO] Gpio:277 - dependency for GPIO [ADC1, SYS, TIM1, USART1]
2024-05-05 01:44:15,039 [INFO] NvicIntPanel:101 - NVIC parent = com.st.microxplorer.plugins.ip.nvic.MultiNvicIntPanel[,0,0,450x227,layout=javax.swing.BoxLayout,alignmentX=0.0,alignmentY=0.0,border=,flags=9,maximumSize=,minimumSize=,preferredSize=]
2024-05-05 01:44:18,438 [INFO] NvicIntPanel:101 - NVIC parent = com.st.microxplorer.plugins.ip.nvic.MultiNvicIntPanel[,0,0,0x0,invalid,layout=javax.swing.BoxLayout,alignmentX=0.0,alignmentY=0.0,border=,flags=9,maximumSize=,minimumSize=,preferredSize=]
2024-05-05 01:44:22,087 [INFO] NvicIntPanel:101 - NVIC parent = com.st.microxplorer.plugins.ip.nvic.MultiNvicIntPanel[,0,0,0x0,invalid,layout=javax.swing.BoxLayout,alignmentX=0.0,alignmentY=0.0,border=,flags=9,maximumSize=,minimumSize=,preferredSize=]
2024-05-05 02:09:34,372 [ERROR] LogOutputStream:75 - [STDERR_REDIRECT] 
2024-05-05 02:09:52,080 [INFO] Activator:176 - 


2024-05-05 02:09:52,080 [INFO] Activator:177 - !SESSION log4j initialized
2024-05-05 02:09:55,678 [INFO] LogOutputStream:77 - [STDOUT_REDIRECT] 
2024-05-05 02:09:56,280 [INFO] ApplicationProperties:184 - Using Application install path: C:\ST\STM32CubeIDE_1.10.1\STM32CubeIDE\plugins\com.st.stm32cube.common.mx_6.11.1.202404110753
2024-05-05 02:09:56,292 [INFO] DbMcusXml:78 - Set database path to: C:\ST\STM32CubeIDE_1.10.1\STM32CubeIDE\plugins\com.st.stm32cube.common.mx_6.11.1.202404110753\\db\/mcu/
2024-05-05 02:09:56,292 [INFO] ApiDb:274 - Set plugin database path to: C:\ST\STM32CubeIDE_1.10.1\STM32CubeIDE\plugins\com.st.stm32cube.common.mx_6.11.1.202404110753\\db\/plugins/boardmanager/
2024-05-05 02:09:56,292 [WARN] ApiDb:259 - Overriding images path with different value:  => C:\ST\STM32CubeIDE_1.10.1\STM32CubeIDE\plugins\com.st.stm32cube.common.mx_6.11.1.202404110753\\db\/plugins/mcufinder/images/
2024-05-05 02:09:56,295 [INFO] ApiDb:250 - Set database path to: C:\Users\saksh\.stmcufinder\plugins\mcufinder//mcu/
2024-05-05 02:09:56,296 [INFO] DbMcusAds:125 - Set database path to: C:\Users\saksh\.stmcufinder\plugins\mcufinder//mcu/
2024-05-05 02:09:56,298 [INFO] CrossReferenceDbSqlite:203 - Set database path to: C:\Users\saksh\.stmcufinder\plugins\mcufinder//mcu/cs/
2024-05-05 02:09:56,369 [INFO] RulesReader:64 - Compatibility file has been processed (297 Rules)
2024-05-05 02:09:56,414 [INFO] DbMcusXml:78 - Set database path to: C:\ST\STM32CubeIDE_1.10.1\STM32CubeIDE\plugins\com.st.stm32cube.common.mx_6.11.1.202404110753\\db\/mcu/
2024-05-05 02:09:56,414 [INFO] ApiDb:274 - Set plugin database path to: C:\ST\STM32CubeIDE_1.10.1\STM32CubeIDE\plugins\com.st.stm32cube.common.mx_6.11.1.202404110753\\db\/plugins/boardmanager/
2024-05-05 02:09:56,414 [INFO] ApiDb:261 - Set plugin images path to: C:\ST\STM32CubeIDE_1.10.1\STM32CubeIDE\plugins\com.st.stm32cube.common.mx_6.11.1.202404110753\\db\/plugins/mcufinder/images/
2024-05-05 02:09:56,415 [WARN] DbFile:41 - Overriding database path with different value: C:\Users\saksh\.stmcufinder\plugins\mcufinder/ => C:\Users\saksh\.stmcufinder\plugins\mcufinder
2024-05-05 02:09:56,415 [INFO] ApiDb:250 - Set database path to: C:\Users\saksh\.stmcufinder\plugins\mcufinder//mcu/
2024-05-05 02:09:56,415 [WARN] DbFile:41 - Overriding database path with different value: C:\Users\saksh\.stmcufinder\plugins\mcufinder/ => C:\Users\saksh\.stmcufinder\plugins\mcufinder
2024-05-05 02:09:56,415 [INFO] DbMcusAds:125 - Set database path to: C:\Users\saksh\.stmcufinder\plugins\mcufinder//mcu/
2024-05-05 02:09:56,415 [WARN] DbFile:41 - Overriding database path with different value: C:\Users\saksh\.stmcufinder\plugins\mcufinder/ => C:\Users\saksh\.stmcufinder\plugins\mcufinder
2024-05-05 02:09:56,415 [WARN] DbFile:41 - Overriding database path with different value: C:\Users\saksh\.stmcufinder\plugins\mcufinder/ => C:\Users\saksh\.stmcufinder\plugins\mcufinder
2024-05-05 02:09:56,415 [INFO] CrossReferenceDbSqlite:203 - Set database path to: C:\Users\saksh\.stmcufinder\plugins\mcufinder//mcu/cs/
2024-05-05 02:09:56,459 [INFO] MainPanel:264 - HeapMemory: 268435456
2024-05-05 02:09:56,506 [INFO] DbMcusXml:78 - Set database path to: C:\ST\STM32CubeIDE_1.10.1\STM32CubeIDE\plugins\com.st.stm32cube.common.mx_6.11.1.202404110753\\db\/mcu/
2024-05-05 02:09:56,506 [INFO] ApiDb:274 - Set plugin database path to: C:\ST\STM32CubeIDE_1.10.1\STM32CubeIDE\plugins\com.st.stm32cube.common.mx_6.11.1.202404110753\\db\/plugins/boardmanager/
2024-05-05 02:09:56,506 [INFO] ApiDb:261 - Set plugin images path to: C:\ST\STM32CubeIDE_1.10.1\STM32CubeIDE\plugins\com.st.stm32cube.common.mx_6.11.1.202404110753\\db\/plugins/mcufinder/images/
2024-05-05 02:09:56,506 [WARN] DbFile:41 - Overriding database path with different value: C:\Users\saksh\.stmcufinder\plugins\mcufinder/ => C:\Users\saksh\.stmcufinder\plugins\mcufinder
2024-05-05 02:09:56,507 [INFO] ApiDb:250 - Set database path to: C:\Users\saksh\.stmcufinder\plugins\mcufinder//mcu/
2024-05-05 02:09:56,507 [WARN] DbFile:41 - Overriding database path with different value: C:\Users\saksh\.stmcufinder\plugins\mcufinder/ => C:\Users\saksh\.stmcufinder\plugins\mcufinder
2024-05-05 02:09:56,507 [INFO] DbMcusAds:125 - Set database path to: C:\Users\saksh\.stmcufinder\plugins\mcufinder//mcu/
2024-05-05 02:09:56,507 [WARN] DbFile:41 - Overriding database path with different value: C:\Users\saksh\.stmcufinder\plugins\mcufinder/ => C:\Users\saksh\.stmcufinder\plugins\mcufinder
2024-05-05 02:09:56,507 [WARN] DbFile:41 - Overriding database path with different value: C:\Users\saksh\.stmcufinder\plugins\mcufinder/ => C:\Users\saksh\.stmcufinder\plugins\mcufinder
2024-05-05 02:09:56,507 [INFO] CrossReferenceDbSqlite:203 - Set database path to: C:\Users\saksh\.stmcufinder\plugins\mcufinder//mcu/cs/
2024-05-05 02:09:56,518 [INFO] ApplicationProperties:184 - Using Application install path: C:\ST\STM32CubeIDE_1.10.1\STM32CubeIDE\plugins\com.st.stm32cube.common.mx_6.11.1.202404110753
2024-05-05 02:09:56,519 [INFO] PluginManage:196 - Search for loadable plugins [exclusion list=, ]
2024-05-05 02:09:56,520 [INFO] PluginManage:310 - Check plugin analytics
2024-05-05 02:09:56,618 [INFO] AnalyticsPlugin:253 - Accepted Software Licenses: 
2024-05-05 02:09:56,618 [INFO] AnalyticsPlugin:255 - Accepted CMSIS Pack Licenses: 
2024-05-05 02:09:56,618 [INFO] AnalyticsPlugin:257 - Accepted Firmware Licenses: FW.H7.1.10.0,FW.G4.1.5.0
2024-05-05 02:09:56,620 [INFO] PluginManage:359 - Loaded plugin analytics (category:tool,tabindex:-1)
2024-05-05 02:09:56,620 [INFO] PluginManage:310 - Check plugin cadmodel
2024-05-05 02:09:56,623 [INFO] CADModel:105 - Init CAD model plugin
2024-05-05 02:09:56,623 [INFO] PluginManage:359 - Loaded plugin cadmodel (category:power,tabindex:5)
2024-05-05 02:09:56,623 [INFO] PluginManage:310 - Check plugin clock
2024-05-05 02:09:56,628 [INFO] PluginManage:359 - Loaded plugin clock (category:base,tabindex:2)
2024-05-05 02:09:56,628 [INFO] PluginManage:310 - Check plugin ddr
2024-05-05 02:09:56,630 [INFO] PluginManage:359 - Loaded plugin ddr (category:tool,tabindex:6)
2024-05-05 02:09:56,630 [INFO] PluginManage:310 - Check plugin filemanager
2024-05-05 02:09:56,726 [INFO] PluginManage:359 - Loaded plugin filemanager (category:base,tabindex:10)
2024-05-05 02:09:56,726 [INFO] PluginManage:310 - Check plugin ipmanager
2024-05-05 02:09:56,730 [INFO] PluginManage:359 - Loaded plugin ipmanager (category:base,tabindex:5)
2024-05-05 02:09:56,731 [INFO] PluginManage:310 - Check plugin lpbam
2024-05-05 02:09:56,737 [INFO] PluginManage:359 - Loaded plugin lpbam (category:base,tabindex:0)
2024-05-05 02:09:56,737 [INFO] PluginManage:310 - Check plugin memorymap
2024-05-05 02:09:56,745 [INFO] PluginManage:359 - Loaded plugin memorymap (category:base,tabindex:4)
2024-05-05 02:09:56,745 [INFO] PluginManage:310 - Check plugin pinoutandconfiguration
2024-05-05 02:09:56,750 [INFO] PluginManage:359 - Loaded plugin pinoutandconfiguration (category:base,tabindex:1)
2024-05-05 02:09:56,750 [INFO] PluginManage:310 - Check plugin pinoutconfig
2024-05-05 02:09:56,804 [WARN] SupportedApi:132 - Cannot load RTOS API schema: s4s-elt-must-match.1: The content of 'definitions' must match (annotation?, (simpleType | complexType)?, (unique | key | keyref)*)). A problem was found starting at: attribute.
2024-05-05 02:09:56,883 [INFO] PluginManage:359 - Loaded plugin pinoutconfig (category:base,tabindex:0)
2024-05-05 02:09:56,883 [INFO] PluginManage:310 - Check plugin power
2024-05-05 02:09:56,889 [INFO] PluginManage:359 - Loaded plugin power (category:power,tabindex:4)
2024-05-05 02:09:56,889 [INFO] PluginManage:310 - Check plugin projectmanager
2024-05-05 02:09:56,900 [INFO] PluginManage:359 - Loaded plugin projectmanager (category:projectmanager,tabindex:3)
2024-05-05 02:09:56,900 [INFO] PluginManage:310 - Check plugin thirdparty
2024-05-05 02:09:56,977 [WARN] IntegrityCheckThread:84 - waiting for thirdparty lock release [integrity check]
2024-05-05 02:09:56,979 [INFO] IntegrityCheckThread:86 - entering critical section [integrity check]
2024-05-05 02:09:56,979 [INFO] PluginManage:359 - Loaded plugin thirdparty (category:base,tabindex:-1)
2024-05-05 02:09:56,979 [INFO] ThirdPartyUpdaterWithRetryManager:70 - Updater plugin not ready yet. [1/15]
2024-05-05 02:09:56,979 [INFO] PluginManage:310 - Check plugin tools
2024-05-05 02:09:56,982 [INFO] PluginManage:359 - Loaded plugin tools (category:base,tabindex:7)
2024-05-05 02:09:56,982 [INFO] PluginManage:310 - Check plugin tutovideos
2024-05-05 02:09:57,095 [INFO] PluginManage:359 - Loaded plugin tutovideos (category:base,tabindex:-1)
2024-05-05 02:09:57,095 [INFO] PluginManage:310 - Check plugin updater
2024-05-05 02:09:57,102 [INFO] PluginManage:359 - Loaded plugin updater (category:base,tabindex:12)
2024-05-05 02:09:57,102 [INFO] PluginManage:310 - Check plugin userauth
2024-05-05 02:09:57,106 [INFO] UserAuth:114 - Init User Auth plugin
2024-05-05 02:09:57,106 [INFO] PluginManage:359 - Loaded plugin userauth (category:base,tabindex:14)
2024-05-05 02:09:57,106 [INFO] PluginManage:283 - PluginManage : Loaded plugins [17]
2024-05-05 02:09:57,240 [INFO] PinOutPanel:1561 - setPackage(No Configuration,No Configuration)
2024-05-05 02:09:57,293 [INFO] CADModel:165 - CPN selected for project level
2024-05-05 02:09:57,293 [INFO] CADModel:114 - Register for checkConnection events
2024-05-05 02:09:57,306 [INFO] IPUIPlugin:80 - create IPUIPlugin
2024-05-05 02:09:57,306 [INFO] PluginManager:220 - loadIPPluginJar : add adc
2024-05-05 02:09:57,308 [INFO] IPUIPlugin:80 - create IPUIPlugin
2024-05-05 02:09:57,308 [INFO] PluginManager:220 - loadIPPluginJar : add aes
2024-05-05 02:09:57,309 [INFO] IPUIPlugin:80 - create IPUIPlugin
2024-05-05 02:09:57,309 [INFO] PluginManager:220 - loadIPPluginJar : add can
2024-05-05 02:09:57,310 [INFO] IPUIPlugin:80 - create IPUIPlugin
2024-05-05 02:09:57,310 [INFO] PluginManager:220 - loadIPPluginJar : add comp
2024-05-05 02:09:57,311 [INFO] IPUIPlugin:80 - create IPUIPlugin
2024-05-05 02:09:57,311 [INFO] PluginManager:220 - loadIPPluginJar : add cryp
2024-05-05 02:09:57,313 [INFO] IPUIPlugin:80 - create IPUIPlugin
2024-05-05 02:09:57,313 [INFO] PluginManager:220 - loadIPPluginJar : add dfsdm
2024-05-05 02:09:57,317 [INFO] IPUIPlugin:80 - create IPUIPlugin
2024-05-05 02:09:57,317 [INFO] PluginManager:220 - loadIPPluginJar : add dma
2024-05-05 02:09:57,318 [INFO] IPUIPlugin:80 - create IPUIPlugin
2024-05-05 02:09:57,318 [INFO] PluginManager:220 - loadIPPluginJar : add dma3
2024-05-05 02:09:57,320 [INFO] IPUIPlugin:80 - create IPUIPlugin
2024-05-05 02:09:57,321 [INFO] PluginManager:220 - loadIPPluginJar : add extmemmanager
2024-05-05 02:09:57,321 [INFO] IPUIPlugin:80 - create IPUIPlugin
2024-05-05 02:09:57,321 [INFO] PluginManager:220 - loadIPPluginJar : add fatfs
2024-05-05 02:09:57,324 [INFO] IPUIPlugin:80 - create IPUIPlugin
2024-05-05 02:09:57,324 [INFO] PluginManager:220 - loadIPPluginJar : add fmc
2024-05-05 02:09:57,327 [INFO] IPUIPlugin:80 - create IPUIPlugin
2024-05-05 02:09:57,328 [INFO] PluginManager:220 - loadIPPluginJar : add freertos
2024-05-05 02:09:57,328 [INFO] IPUIPlugin:80 - create IPUIPlugin
2024-05-05 02:09:57,328 [INFO] PluginManager:220 - loadIPPluginJar : add genericplugin
2024-05-05 02:09:57,330 [INFO] IPUIPlugin:80 - create IPUIPlugin
2024-05-05 02:09:57,330 [INFO] PluginManager:220 - loadIPPluginJar : add gfxmmu
2024-05-05 02:09:57,332 [INFO] IPUIPlugin:80 - create IPUIPlugin
2024-05-05 02:09:57,332 [INFO] PluginManager:220 - loadIPPluginJar : add gic
2024-05-05 02:09:57,334 [INFO] IPUIPlugin:80 - create IPUIPlugin
2024-05-05 02:09:57,334 [INFO] PluginManager:220 - loadIPPluginJar : add gpio
2024-05-05 02:09:57,335 [INFO] IPUIPlugin:80 - create IPUIPlugin
2024-05-05 02:09:57,335 [INFO] PluginManager:220 - loadIPPluginJar : add gtzc
2024-05-05 02:09:57,337 [INFO] IPUIPlugin:80 - create IPUIPlugin
2024-05-05 02:09:57,337 [INFO] PluginManager:220 - loadIPPluginJar : add hash
2024-05-05 02:09:57,338 [INFO] IPUIPlugin:80 - create IPUIPlugin
2024-05-05 02:09:57,338 [INFO] PluginManager:220 - loadIPPluginJar : add i2c
2024-05-05 02:09:57,340 [INFO] IPUIPlugin:80 - create IPUIPlugin
2024-05-05 02:09:57,340 [INFO] PluginManager:220 - loadIPPluginJar : add i2s
2024-05-05 02:09:57,341 [INFO] IPUIPlugin:80 - create IPUIPlugin
2024-05-05 02:09:57,341 [INFO] PluginManager:220 - loadIPPluginJar : add i3c
2024-05-05 02:09:57,343 [INFO] IPUIPlugin:80 - create IPUIPlugin
2024-05-05 02:09:57,344 [INFO] PluginManager:220 - loadIPPluginJar : add ipddr
2024-05-05 02:09:57,348 [INFO] IPUIPlugin:80 - create IPUIPlugin
2024-05-05 02:09:57,348 [INFO] PluginManager:220 - loadIPPluginJar : add linkedlist
2024-05-05 02:09:57,350 [INFO] IPUIPlugin:80 - create IPUIPlugin
2024-05-05 02:09:57,350 [INFO] PluginManager:220 - loadIPPluginJar : add lorawan
2024-05-05 02:09:57,350 [INFO] IPUIPlugin:80 - create IPUIPlugin
2024-05-05 02:09:57,350 [INFO] PluginManager:220 - loadIPPluginJar : add ltdc
2024-05-05 02:09:57,354 [INFO] IPUIPlugin:80 - create IPUIPlugin
2024-05-05 02:09:57,354 [INFO] PluginManager:220 - loadIPPluginJar : add mdma
2024-05-05 02:09:57,356 [INFO] IPUIPlugin:80 - create IPUIPlugin
2024-05-05 02:09:57,356 [INFO] PluginManager:220 - loadIPPluginJar : add nvic
2024-05-05 02:09:57,358 [INFO] IPUIPlugin:80 - create IPUIPlugin
2024-05-05 02:09:57,358 [INFO] PluginManager:220 - loadIPPluginJar : add opamp
2024-05-05 02:09:57,360 [INFO] IPUIPlugin:80 - create IPUIPlugin
2024-05-05 02:09:57,360 [INFO] PluginManager:220 - loadIPPluginJar : add openamp
2024-05-05 02:09:57,362 [INFO] IPUIPlugin:80 - create IPUIPlugin
2024-05-05 02:09:57,362 [INFO] PluginManager:220 - loadIPPluginJar : add pdm2pcm
2024-05-05 02:09:57,366 [INFO] IPUIPlugin:80 - create IPUIPlugin
2024-05-05 02:09:57,367 [INFO] PluginManager:220 - loadIPPluginJar : add plateformsettings
2024-05-05 02:09:57,368 [INFO] IPUIPlugin:80 - create IPUIPlugin
2024-05-05 02:09:57,368 [INFO] PluginManager:220 - loadIPPluginJar : add quadspi
2024-05-05 02:09:57,370 [INFO] IPUIPlugin:80 - create IPUIPlugin
2024-05-05 02:09:57,370 [INFO] PluginManager:220 - loadIPPluginJar : add resmgrutility
2024-05-05 02:09:57,372 [INFO] IPUIPlugin:80 - create IPUIPlugin
2024-05-05 02:09:57,372 [INFO] PluginManager:220 - loadIPPluginJar : add sai
2024-05-05 02:09:57,373 [INFO] IPUIPlugin:80 - create IPUIPlugin
2024-05-05 02:09:57,373 [INFO] PluginManager:220 - loadIPPluginJar : add spi
2024-05-05 02:09:57,377 [INFO] IPUIPlugin:80 - create IPUIPlugin
2024-05-05 02:09:57,377 [INFO] PluginManager:220 - loadIPPluginJar : add stm32_wpan
2024-05-05 02:09:57,377 [INFO] IPUIPlugin:80 - create IPUIPlugin
2024-05-05 02:09:57,378 [INFO] PluginManager:220 - loadIPPluginJar : add tim
2024-05-05 02:09:57,379 [INFO] IPUIPlugin:80 - create IPUIPlugin
2024-05-05 02:09:57,379 [INFO] PluginManager:220 - loadIPPluginJar : add touchsensing
2024-05-05 02:09:57,380 [INFO] IPUIPlugin:80 - create IPUIPlugin
2024-05-05 02:09:57,380 [INFO] PluginManager:220 - loadIPPluginJar : add tracer_emb
2024-05-05 02:09:57,381 [INFO] IPUIPlugin:80 - create IPUIPlugin
2024-05-05 02:09:57,381 [INFO] PluginManager:220 - loadIPPluginJar : add ts
2024-05-05 02:09:57,382 [INFO] IPUIPlugin:80 - create IPUIPlugin
2024-05-05 02:09:57,382 [INFO] PluginManager:220 - loadIPPluginJar : add tsc
2024-05-05 02:09:57,383 [INFO] IPUIPlugin:80 - create IPUIPlugin
2024-05-05 02:09:57,383 [INFO] PluginManager:220 - loadIPPluginJar : add ucpd
2024-05-05 02:09:57,384 [INFO] IPUIPlugin:80 - create IPUIPlugin
2024-05-05 02:09:57,384 [INFO] PluginManager:220 - loadIPPluginJar : add usart
2024-05-05 02:09:57,386 [INFO] IPUIPlugin:80 - create IPUIPlugin
2024-05-05 02:09:57,386 [INFO] PluginManager:220 - loadIPPluginJar : add usbx
2024-05-05 02:09:57,497 [INFO] CADModel:165 - CPN selected for project level
2024-05-05 02:09:57,497 [INFO] CADModel:114 - Register for checkConnection events
2024-05-05 02:09:57,497 [FATAL] Updater:308 - Updater called before beeing initialized
2024-05-05 02:09:57,498 [ERROR] CADModel:125 - Updater not yet initialized, retry later 
2024-05-05 02:09:57,579 [INFO] CADModel:165 - CPN selected for project level
2024-05-05 02:09:57,580 [INFO] CADModel:114 - Register for checkConnection events
2024-05-05 02:09:57,580 [FATAL] Updater:308 - Updater called before beeing initialized
2024-05-05 02:09:57,580 [ERROR] CADModel:125 - Updater not yet initialized, retry later 
2024-05-05 02:09:57,581 [FATAL] Updater:308 - Updater called before beeing initialized
2024-05-05 02:09:57,647 [FATAL] Updater:308 - Updater called before beeing initialized
2024-05-05 02:09:57,650 [INFO] DbMcusAds:53 - JSON generation date=Wed Nov 29 16:22:27 IST 2023 (1701255147349)
2024-05-05 02:09:57,650 [FATAL] Updater:308 - Updater called before beeing initialized
2024-05-05 02:09:57,674 [WARN] DetailPanel:346 - Failed to get advertising image, set to default
2024-05-05 02:09:57,749 [FATAL] Updater:308 - Updater called before beeing initialized
2024-05-05 02:09:57,750 [FATAL] Updater:308 - Updater called before beeing initialized
2024-05-05 02:09:57,750 [FATAL] Updater:308 - Updater called before beeing initialized
2024-05-05 02:09:57,750 [WARN] DetailPanel:346 - Failed to get advertising image, set to default
2024-05-05 02:09:57,758 [FATAL] Updater:308 - Updater called before beeing initialized
2024-05-05 02:09:57,786 [ERROR] Updater:1120 - MainUpdater not yet initialized. External WinMGr cannot be set.
2024-05-05 02:09:57,788 [INFO] Updater:1056 - Updater Version found : 6.11.1
2024-05-05 02:09:57,798 [INFO] ApplicationProperties:184 - Using Application install path: C:\ST\STM32CubeIDE_1.10.1\STM32CubeIDE\plugins\com.st.stm32cube.common.mx_6.11.1.202404110753
2024-05-05 02:09:59,364 [ERROR] LogOutputStream:75 - [STDERR_REDIRECT] May 05, 2024 2:09:59 AM java.util.prefs.WindowsPreferences <init>
2024-05-05 02:09:59,365 [ERROR] LogOutputStream:75 - [STDERR_REDIRECT] WARNING: Could not open/create prefs root node Software\JavaSoft\Prefs at root 0xffffffff80000002. Windows RegCreateKeyEx(...) returned error code 5.
2024-05-05 02:09:59,365 [ERROR] LogOutputStream:75 - [STDERR_REDIRECT] 
2024-05-05 02:09:59,857 [INFO] MainUpdater:2873 - connection check result : 10
2024-05-05 02:09:59,858 [INFO] MainUpdater:290 - Updater Check For Update Now.
2024-05-05 02:09:59,858 [INFO] MicroXplorer:498 - Change Database Version : DB.6.0.111
2024-05-05 02:09:59,861 [INFO] McuFinderGlobals:63 - Set McuFinder mode to 2 (CubeIDE integrated)
2024-05-05 02:09:59,862 [INFO] UserAuth:179 - activating auth plugin
2024-05-05 02:09:59,864 [INFO] UserAuth:415 - Internet connection configuration mode: 1
2024-05-05 02:09:59,880 [INFO] JxBrowserEngine:152 - Initiate JxBrowser Engine with user profile folder
2024-05-05 02:09:59,980 [WARN] MainUpdater:1194 - Updater busy. Cannot search thirdparties
2024-05-05 02:09:59,980 [INFO] ThirdPartyUpdaterWithRetryManager:96 - Updater plugin is busy. [1/15]
2024-05-05 02:10:00,013 [INFO] CheckServerUpdateThread:120 - End of CheckServer Thread
2024-05-05 02:10:00,236 [INFO] WebApp:161 - Instantiating new browser for Auth
2024-05-05 02:10:00,558 [INFO] WebApp:779 - Register for checkConnection events
2024-05-05 02:10:00,558 [INFO] WebApp:414 - Apply proxy settings
2024-05-05 02:10:00,558 [INFO] WebApp:499 - Chromium requires no authentication
2024-05-05 02:10:00,563 [INFO] WebApp:442 - Direct internet connection detected
2024-05-05 02:10:00,659 [INFO] WebApp:192 - Starting web application
2024-05-05 02:10:00,659 [INFO] WebApp:544 - Web application path used C:\ST\STM32CubeIDE_1.10.1\STM32CubeIDE\plugins\com.st.stm32cube.common.mx_6.11.1.202404110753\db\plugins\mcufinder\reactClient1\index.html
2024-05-05 02:10:03,075 [WARN] PackLoader:240 - Cannot read IP mode file for STMicroelectronics.FP-SNS-MOTENVWB1.1.4.0
2024-05-05 02:10:03,081 [WARN] PackLoader:240 - Cannot read IP mode file for STMicroelectronics.X-CUBE-SMBUS.2.1.0
2024-05-05 02:10:03,089 [WARN] PackLoader:240 - Cannot read IP mode file for STMicroelectronics.X-CUBE-TOUCHGFX.4.23.1
2024-05-05 02:10:03,090 [WARN] PackLoader:240 - Cannot read IP mode file for STMicroelectronics.X-CUBE-TOUCHGFX.4.23.0
2024-05-05 02:10:03,092 [WARN] PackLoader:240 - Cannot read IP mode file for STMicroelectronics.X-CUBE-TOUCHGFX.4.23.2
2024-05-05 02:10:03,106 [WARN] PackLoader:240 - Cannot read IP mode file for STMicroelectronics.X-CUBE-AZRTOS-F7.1.1.0
2024-05-05 02:10:03,112 [ERROR] RealEvaluatedCondition:428 - Found unsupported composite condition: CLASS='Data Exchange' GROUP='STM32_MetaDataManager'
2024-05-05 02:10:03,113 [ERROR] RealEvaluatedCondition:428 - Found unsupported composite condition: CLASS='Data Exchange' GROUP='STM32_MetaDataManager'
2024-05-05 02:10:03,114 [WARN] PackLoader:240 - Cannot read IP mode file for STMicroelectronics.FP-SNS-MOTENV1.4.3.0
2024-05-05 02:10:03,121 [WARN] PackLoader:240 - Cannot read IP mode file for STMicroelectronics.FP-SNS-MOTENV1.4.3.2
2024-05-05 02:10:03,125 [WARN] PackLoader:240 - Cannot read IP mode file for STMicroelectronics.FP-SNS-FLIGHT1.5.0.0
2024-05-05 02:10:03,128 [ERROR] RealEvaluatedCondition:428 - Found unsupported composite condition: GROUP='STM32_MetaDataManager' CLASS='Data Exchange'
2024-05-05 02:10:03,128 [ERROR] RealEvaluatedCondition:428 - Found unsupported composite condition: GROUP='STM32_MetaDataManager' CLASS='Data Exchange'
2024-05-05 02:10:03,129 [WARN] PackLoader:240 - Cannot read IP mode file for STMicroelectronics.FP-SNS-MOTENV1.4.3.1
2024-05-05 02:10:03,134 [WARN] PackLoader:240 - Cannot read IP mode file for STMicroelectronics.FP-SNS-FLIGHT1.5.0.1
2024-05-05 02:10:03,140 [WARN] PackLoader:240 - Cannot read IP mode file for STMicroelectronics.X-CUBE-BLE1.6.2.3
2024-05-05 02:10:03,144 [WARN] PackLoader:240 - Cannot read IP mode file for STMicroelectronics.X-CUBE-BLE1.6.2.4
2024-05-05 02:10:03,147 [WARN] PackLoader:240 - Cannot read IP mode file for STMicroelectronics.FP-SNS-FLIGHT1.5.0.2
2024-05-05 02:10:03,154 [WARN] PackLoader:240 - Cannot read IP mode file for STMicroelectronics.X-CUBE-TOF1.3.1.0
2024-05-05 02:10:03,161 [WARN] PackLoader:240 - Cannot read IP mode file for STMicroelectronics.X-CUBE-DISPLAY.3.0.0
2024-05-05 02:10:03,166 [WARN] PackLoader:240 - Cannot read IP mode file for STMicroelectronics.X-CUBE-BLE1.7.0.0
2024-05-05 02:10:03,168 [WARN] PackLoader:240 - Cannot read IP mode file for STMicroelectronics.X-CUBE-TOUCHGFX.4.22.0
2024-05-05 02:10:03,198 [WARN] PackLoader:240 - Cannot read IP mode file for STMicroelectronics.X-CUBE-MEMS1.9.3.0
2024-05-05 02:10:03,304 [WARN] PackLoader:240 - Cannot read IP mode file for STMicroelectronics.X-CUBE-AI.7.2.0
2024-05-05 02:10:03,311 [WARN] PackLoader:240 - Cannot read IP mode file for STMicroelectronics.X-CUBE-BLEMGR.3.1.0
2024-05-05 02:10:03,315 [WARN] PackLoader:240 - Cannot read IP mode file for STMicroelectronics.FP-SNS-SMARTAG2.1.2.0
2024-05-05 02:10:03,322 [INFO] LogOutputStream:77 - [STDOUT_REDIRECT] 1 : Invalid condition id : UX_CORESTACK_Condition cause : null
2024-05-05 02:10:03,322 [INFO] LogOutputStream:77 - [STDOUT_REDIRECT] 1 : Invalid condition id : UX_CORESTACK_Condition cause : null
2024-05-05 02:10:03,323 [INFO] LogOutputStream:77 - [STDOUT_REDIRECT] 1 : Invalid condition id : UX_CORESTACK_Condition cause : null
2024-05-05 02:10:03,324 [INFO] LogOutputStream:77 - [STDOUT_REDIRECT] 1 : Invalid condition id : UX_CORESTACK_Condition cause : null
2024-05-05 02:10:03,325 [INFO] LogOutputStream:77 - [STDOUT_REDIRECT] 1 : Invalid condition id : UX_CORESTACK_Condition cause : null
2024-05-05 02:10:03,327 [WARN] PackLoader:240 - Cannot read IP mode file for STMicroelectronics.X-CUBE-AZRTOS-WL.2.0.0
2024-05-05 02:10:03,329 [WARN] PackLoader:240 - Cannot read IP mode file for STMicroelectronics.FP-SNS-MOTENV1.5.0.0
2024-05-05 02:10:03,336 [WARN] PackLoader:240 - Cannot read IP mode file for WES.I-CUBE-Cesium.1.3.0
2024-05-05 02:10:03,338 [WARN] PackLoader:240 - Cannot read IP mode file for STMicroelectronics.X-CUBE-BLE2.3.3.0
2024-05-05 02:10:03,344 [WARN] PackLoader:240 - Cannot read IP mode file for STMicroelectronics.X-CUBE-DISPLAY.2.2.0
2024-05-05 02:10:03,353 [WARN] PackLoader:240 - Cannot read IP mode file for STMicroelectronics.X-CUBE-TOF1.3.2.0
2024-05-05 02:10:03,359 [WARN] PackLoader:240 - Cannot read IP mode file for STMicroelectronics.X-CUBE-ISPU.1.0.0
2024-05-05 02:10:03,373 [WARN] PackLoader:240 - Cannot read IP mode file for STMicroelectronics.X-CUBE-AZRTOS-H7.2.1.0
2024-05-05 02:10:03,378 [WARN] PackLoader:240 - Cannot read IP mode file for STMicroelectronics.X-CUBE-TCPP.4.1.0
2024-05-05 02:10:03,380 [WARN] PackLoader:240 - Cannot read IP mode file for STMicroelectronics.X-CUBE-TOUCHGFX.4.21.1
2024-05-05 02:10:03,382 [WARN] PackLoader:240 - Cannot read IP mode file for STMicroelectronics.X-CUBE-TOUCHGFX.4.21.3
2024-05-05 02:10:03,384 [WARN] PackLoader:240 - Cannot read IP mode file for STMicroelectronics.X-CUBE-TOUCHGFX.4.21.4
2024-05-05 02:10:03,402 [WARN] PackLoader:240 - Cannot read IP mode file for STMicroelectronics.X-CUBE-MEMS1.9.4.0
2024-05-05 02:10:03,462 [WARN] PackLoader:240 - Cannot read IP mode file for STMicroelectronics.X-CUBE-AI.7.3.0
2024-05-05 02:10:03,474 [WARN] PackLoader:240 - Cannot read IP mode file for STMicroelectronics.X-CUBE-ALGOBUILD.1.3.0
2024-05-05 02:10:03,498 [WARN] PackLoader:240 - Cannot read IP mode file for STMicroelectronics.X-CUBE-AZRTOS-G0.1.1.0
2024-05-05 02:10:03,512 [WARN] PackLoader:240 - Cannot read IP mode file for STMicroelectronics.X-CUBE-SAFEA1.1.2.2
2024-05-05 02:10:03,525 [WARN] PackLoader:240 - Cannot read IP mode file for STMicroelectronics.X-CUBE-NFC4.3.0.0
2024-05-05 02:10:03,568 [WARN] PackLoader:240 - Cannot read IP mode file for SEGGER.I-CUBE-embOS.1.2.0
2024-05-05 02:10:03,600 [WARN] PackLoader:240 - Cannot read IP mode file for STMicroelectronics.X-CUBE-BLEMGR.3.0.0
2024-05-05 02:10:03,609 [WARN] PackLoader:240 - Cannot read IP mode file for STMicroelectronics.X-CUBE-BLEMGR.1.3.0
2024-05-05 02:10:03,614 [WARN] PackLoader:240 - Cannot read IP mode file for STMicroelectronics.FP-ATR-SIGFOX1.3.2.0
2024-05-05 02:10:03,620 [WARN] PackLoader:240 - Cannot read IP mode file for STMicroelectronics.X-CUBE-EEPRMA1.5.1.0
2024-05-05 02:10:03,624 [WARN] PackLoader:240 - Cannot read IP mode file for emotas.I-CUBE-CANOPEN.1.1.2
2024-05-05 02:10:03,628 [WARN] PackLoader:240 - Cannot read IP mode file for STMicroelectronics.X-CUBE-TOUCHGFX.4.20.0
2024-05-05 02:10:03,653 [WARN] PackLoader:240 - Cannot read IP mode file for STMicroelectronics.X-CUBE-MEMS1.9.5.0
2024-05-05 02:10:03,758 [WARN] PackLoader:240 - Cannot read IP mode file for SEGGER.I-CUBE-embOS.1.3.1
2024-05-05 02:10:03,786 [WARN] PackLoader:240 - Cannot read IP mode file for STMicroelectronics.X-CUBE-GNSS1.6.0.0
2024-05-05 02:10:03,797 [WARN] PackLoader:240 - Cannot read IP mode file for STMicroelectronics.X-CUBE-AZRTOS-F4.1.1.0
2024-05-05 02:10:03,802 [WARN] PackLoader:240 - Cannot read IP mode file for STMicroelectronics.X-CUBE-FREERTOS.1.2.0
2024-05-05 02:10:03,806 [WARN] PackLoader:240 - Cannot read IP mode file for STMicroelectronics.X-CUBE-BLEMGR.1.2.0
2024-05-05 02:10:03,818 [WARN] PackLoader:240 - Cannot read IP mode file for STMicroelectronics.X-CUBE-AZRTOS-L5.2.0.0
2024-05-05 02:10:03,839 [WARN] PackLoader:240 - Cannot read IP mode file for STMicroelectronics.X-CUBE-MEMS1.9.6.0
2024-05-05 02:10:03,915 [WARN] PackLoader:240 - Cannot read IP mode file for STMicroelectronics.X-CUBE-EEPRMA1.4.2.0
2024-05-05 02:10:03,920 [WARN] PackLoader:240 - Cannot read IP mode file for STMicroelectronics.X-CUBE-NFC6.3.1.0
2024-05-05 02:10:03,924 [WARN] PackLoader:240 - Cannot read IP mode file for ITTIA_DB.I-CUBE-ITTIADB.8.8.0
2024-05-05 02:10:03,927 [WARN] PackLoader:240 - Cannot read IP mode file for STMicroelectronics.X-CUBE-BLEMGR.2.0.0
2024-05-05 02:10:03,936 [WARN] PackLoader:240 - Cannot read IP mode file for STMicroelectronics.X-CUBE-NFC4.2.0.4
2024-05-05 02:10:03,939 [WARN] PackLoader:240 - Cannot read IP mode file for STMicroelectronics.X-CUBE-AI.9.0.0
2024-05-05 02:10:03,945 [WARN] ConditionMgr:438 - getConditionDescription Invalid condition id : UX DEVICE CLASS RTOS Condition cause : null
2024-05-05 02:10:03,946 [WARN] ConditionMgr:438 - getConditionDescription Invalid condition id : UX DEVICE CLASS RTOS Condition cause : null
2024-05-05 02:10:03,947 [WARN] PackLoader:240 - Cannot read IP mode file for STMicroelectronics.X-CUBE-AZRTOS-H7.3.1.0
2024-05-05 02:10:03,948 [WARN] ConditionMgr:1039 - genDependencies : Invalid condition id : UX DEVICE CLASS RTOS Condition cause : null
2024-05-05 02:10:03,948 [WARN] ConditionMgr:1039 - genDependencies : Invalid condition id : UX DEVICE CLASS RTOS Condition cause : null
2024-05-05 02:10:03,948 [WARN] ConditionMgr:1039 - genDependencies : Invalid condition id : UX DEVICE CLASS RTOS Condition cause : null
2024-05-05 02:10:03,948 [WARN] ConditionMgr:1039 - genDependencies : Invalid condition id : UX DEVICE CLASS RTOS Condition cause : null
2024-05-05 02:10:03,948 [WARN] ConditionMgr:1039 - genDependencies : Invalid condition id : UX DEVICE CLASS RTOS Condition cause : null
2024-05-05 02:10:03,952 [WARN] PackLoader:240 - Cannot read IP mode file for wolfSSL.I-CUBE-wolfSSL.5.5.0
2024-05-05 02:10:03,955 [WARN] PackLoader:240 - Cannot read IP mode file for STMicroelectronics.X-CUBE-NFC7.1.0.1
2024-05-05 02:10:03,958 [WARN] PackLoader:240 - Cannot read IP mode file for STMicroelectronics.X-CUBE-NFC7.1.0.0
2024-05-05 02:10:03,961 [WARN] PackLoader:240 - Cannot read IP mode file for STMicroelectronics.X-CUBE-NFC6.3.0.0
2024-05-05 02:10:03,965 [WARN] PackLoader:240 - Cannot read IP mode file for STMicroelectronics.X-CUBE-EEPRMA1.4.1.0
2024-05-05 02:10:03,968 [WARN] PackLoader:240 - Cannot read IP mode file for STMicroelectronics.X-CUBE-AI.8.1.0
2024-05-05 02:10:03,976 [WARN] ConditionMgr:438 - getConditionDescription Invalid condition id : LAN8742 Phy interface Condition cause : null
2024-05-05 02:10:03,976 [WARN] PackLoader:240 - Cannot read IP mode file for STMicroelectronics.X-CUBE-AZRTOS-L4.2.0.0
2024-05-05 02:10:03,977 [WARN] ConditionMgr:1039 - genDependencies : Invalid condition id : LAN8742 Phy interface Condition cause : null
2024-05-05 02:10:03,977 [WARN] ConditionMgr:1039 - genDependencies : Invalid condition id : LAN8742 Phy interface Condition cause : null
2024-05-05 02:10:03,978 [WARN] ConditionMgr:1039 - genDependencies : Invalid condition id : LAN8742 Phy interface Condition cause : null
2024-05-05 02:10:03,982 [WARN] PackLoader:240 - Cannot read IP mode file for STMicroelectronics.X-CUBE-SFXS2LP1.4.0.0
2024-05-05 02:10:03,996 [WARN] PackLoader:240 - Cannot read IP mode file for STMicroelectronics.X-CUBE-AZRTOS-H7.3.0.0
2024-05-05 02:10:04,003 [WARN] PackLoader:240 - Cannot read IP mode file for STMicroelectronics.X-CUBE-ISPU.1.1.0
2024-05-05 02:10:04,010 [WARN] PackLoader:240 - Cannot read IP mode file for RoweBots.I-CUBE-UNISONRTOS.5.5.0-4
2024-05-05 02:10:04,014 [WARN] PackLoader:240 - Cannot read IP mode file for STMicroelectronics.X-CUBE-AI.8.0.0
2024-05-05 02:10:04,023 [WARN] ConditionMgr:438 - getConditionDescription Invalid condition id : UX DEVICE CLASS RTOS Condition cause : null
2024-05-05 02:10:04,024 [WARN] ConditionMgr:438 - getConditionDescription Invalid condition id : UX DEVICE CLASS RTOS Condition cause : null
2024-05-05 02:10:04,026 [WARN] PackLoader:240 - Cannot read IP mode file for STMicroelectronics.X-CUBE-AZRTOS-WB.2.0.0
2024-05-05 02:10:04,027 [WARN] ConditionMgr:1039 - genDependencies : Invalid condition id : UX DEVICE CLASS RTOS Condition cause : null
2024-05-05 02:10:04,027 [WARN] ConditionMgr:1039 - genDependencies : Invalid condition id : UX DEVICE CLASS RTOS Condition cause : null
2024-05-05 02:10:04,027 [WARN] ConditionMgr:1039 - genDependencies : Invalid condition id : UX DEVICE CLASS RTOS Condition cause : null
2024-05-05 02:10:04,028 [WARN] ConditionMgr:1039 - genDependencies : Invalid condition id : UX DEVICE CLASS RTOS Condition cause : null
2024-05-05 02:10:04,028 [WARN] ConditionMgr:1039 - genDependencies : Invalid condition id : UX DEVICE CLASS RTOS Condition cause : null
2024-05-05 02:10:04,036 [WARN] PackLoader:240 - Cannot read IP mode file for STMicroelectronics.X-CUBE-FREERTOS.1.0.0
2024-05-05 02:10:04,042 [WARN] PackLoader:240 - Cannot read IP mode file for STMicroelectronics.X-CUBE-FREERTOS.1.0.1
2024-05-05 02:10:04,048 [WARN] PackLoader:240 - Cannot read IP mode file for STMicroelectronics.X-CUBE-BLEMGR.1.0.0
2024-05-05 02:10:04,058 [WARN] PackLoader:240 - Cannot read IP mode file for STMicroelectronics.X-CUBE-AZRTOS-L5.1.1.0
2024-05-05 02:10:04,064 [WARN] PackLoader:240 - Cannot read IP mode file for STMicroelectronics.X-CUBE-AI.8.0.1
2024-05-05 02:10:04,070 [WARN] PackLoader:240 - Cannot read IP mode file for STMicroelectronics.X-CUBE-SUBG2.5.0.0
2024-05-05 02:10:04,076 [WARN] PackLoader:240 - Cannot read IP mode file for STMicroelectronics.X-CUBE-TOF1.3.3.1
2024-05-05 02:10:04,086 [WARN] PackLoader:240 - Cannot read IP mode file for STMicroelectronics.X-CUBE-AZRTOS-G4.2.0.0
2024-05-05 02:10:04,091 [WARN] PackLoader:240 - Cannot read IP mode file for STMicroelectronics.X-CUBE-TOF1.3.3.0
2024-05-05 02:10:04,097 [WARN] PackLoader:240 - Cannot read IP mode file for STMicroelectronics.FP-ATR-ASTRA1.1.1.1
2024-05-05 02:10:04,105 [WARN] PackLoader:240 - Cannot read IP mode file for Infineon.AIROC-Wi-Fi-Bluetooth-STM32.1.5.1
2024-05-05 02:10:04,108 [WARN] PackLoader:240 - Cannot read IP mode file for STMicroelectronics.FP-SNS-MOTENVWB1.1.3.1
2024-05-05 02:10:04,115 [WARN] PackLoader:240 - Cannot read IP mode file for STMicroelectronics.X-CUBE-AZRTOS-G4.1.0.0
2024-05-05 02:10:04,125 [WARN] PackLoader:240 - Cannot read IP mode file for STMicroelectronics.X-CUBE-AZRTOS-L4.1.0.0
2024-05-05 02:10:04,129 [WARN] PackLoader:240 - Cannot read IP mode file for STMicroelectronics.X-CUBE-ISPU.2.0.0
2024-05-05 02:10:04,151 [WARN] PackLoader:240 - Cannot read IP mode file for STMicroelectronics.X-CUBE-MEMS1.10.0.0
2024-05-05 02:10:04,206 [WARN] PackLoader:240 - Cannot read IP mode file for STMicroelectronics.X-CUBE-FREERTOS.1.1.0
2024-05-05 02:10:04,212 [WARN] PackLoader:240 - Cannot read IP mode file for STMicroelectronics.X-CUBE-AZRTOS-WL.1.0.0
2024-05-05 02:10:04,216 [WARN] PackLoader:240 - Cannot read IP mode file for portGmbH.I-Cube-SoM-uGOAL.1.1.0
2024-05-05 02:10:04,218 [WARN] PackLoader:240 - Cannot read IP mode file for STMicroelectronics.X-CUBE-ALS.1.0.1
2024-05-05 02:10:04,223 [WARN] PackLoader:240 - Cannot read IP mode file for STMicroelectronics.X-CUBE-AZRTOS-WB.1.1.0
2024-05-05 02:10:04,231 [WARN] PackLoader:240 - Cannot read IP mode file for STMicroelectronics.X-CUBE-AZRTOS-L5.1.0.0
2024-05-05 02:10:04,235 [WARN] PackLoader:240 - Cannot read IP mode file for STMicroelectronics.X-CUBE-EEPRMA1.3.1.1
2024-05-05 02:10:04,245 [WARN] PackLoader:240 - Cannot read IP mode file for STMicroelectronics.X-CUBE-AZRTOS-H7RS.1.0.0
2024-05-05 02:10:04,248 [WARN] PackLoader:240 - Cannot read IP mode file for STMicroelectronics.FP-ATR-ASTRA1.2.0.0
2024-05-05 02:10:04,252 [WARN] PackLoader:240 - Cannot read IP mode file for STMicroelectronics.X-CUBE-TOF1.3.4.0
2024-05-05 02:10:04,262 [WARN] PackLoader:240 - Cannot read IP mode file for STMicroelectronics.X-CUBE-TOF1.3.4.1
2024-05-05 02:10:04,274 [WARN] PackLoader:240 - Cannot read IP mode file for STMicroelectronics.X-CUBE-AZRTOS-H7.3.2.0
2024-05-05 02:10:04,276 [INFO] ThirdParty:978 - Integrity check success = true
2024-05-05 02:10:04,276 [INFO] IntegrityCheckThread:100 - exiting critical section [integrity check]
2024-05-05 02:10:04,276 [INFO] IntegrityCheckThread:103 - End integrity checks thread
2024-05-05 02:10:51,912 [ERROR] LogOutputStream:75 - [STDERR_REDIRECT] 
2024-05-05 02:10:51,913 [ERROR] LogOutputStream:75 - [STDERR_REDIRECT] 
2024-05-05 16:19:59,199 [INFO] Activator:176 - 


2024-05-05 16:19:59,199 [INFO] Activator:177 - !SESSION log4j initialized
2024-05-05 16:20:03,658 [INFO] LogOutputStream:77 - [STDOUT_REDIRECT] 
2024-05-05 16:20:04,269 [INFO] ApplicationProperties:184 - Using Application install path: C:\ST\STM32CubeIDE_1.10.1\STM32CubeIDE\plugins\com.st.stm32cube.common.mx_6.11.1.202404110753
2024-05-05 16:20:04,283 [INFO] DbMcusXml:78 - Set database path to: C:\ST\STM32CubeIDE_1.10.1\STM32CubeIDE\plugins\com.st.stm32cube.common.mx_6.11.1.202404110753\\db\/mcu/
2024-05-05 16:20:04,284 [INFO] ApiDb:274 - Set plugin database path to: C:\ST\STM32CubeIDE_1.10.1\STM32CubeIDE\plugins\com.st.stm32cube.common.mx_6.11.1.202404110753\\db\/plugins/boardmanager/
2024-05-05 16:20:04,284 [WARN] ApiDb:259 - Overriding images path with different value:  => C:\ST\STM32CubeIDE_1.10.1\STM32CubeIDE\plugins\com.st.stm32cube.common.mx_6.11.1.202404110753\\db\/plugins/mcufinder/images/
2024-05-05 16:20:04,288 [INFO] ApiDb:250 - Set database path to: C:\Users\saksh\.stmcufinder\plugins\mcufinder//mcu/
2024-05-05 16:20:04,289 [INFO] DbMcusAds:125 - Set database path to: C:\Users\saksh\.stmcufinder\plugins\mcufinder//mcu/
2024-05-05 16:20:04,291 [INFO] CrossReferenceDbSqlite:203 - Set database path to: C:\Users\saksh\.stmcufinder\plugins\mcufinder//mcu/cs/
2024-05-05 16:20:04,369 [INFO] RulesReader:64 - Compatibility file has been processed (297 Rules)
2024-05-05 16:20:04,433 [INFO] DbMcusXml:78 - Set database path to: C:\ST\STM32CubeIDE_1.10.1\STM32CubeIDE\plugins\com.st.stm32cube.common.mx_6.11.1.202404110753\\db\/mcu/
2024-05-05 16:20:04,433 [INFO] ApiDb:274 - Set plugin database path to: C:\ST\STM32CubeIDE_1.10.1\STM32CubeIDE\plugins\com.st.stm32cube.common.mx_6.11.1.202404110753\\db\/plugins/boardmanager/
2024-05-05 16:20:04,434 [INFO] ApiDb:261 - Set plugin images path to: C:\ST\STM32CubeIDE_1.10.1\STM32CubeIDE\plugins\com.st.stm32cube.common.mx_6.11.1.202404110753\\db\/plugins/mcufinder/images/
2024-05-05 16:20:04,434 [WARN] DbFile:41 - Overriding database path with different value: C:\Users\saksh\.stmcufinder\plugins\mcufinder/ => C:\Users\saksh\.stmcufinder\plugins\mcufinder
2024-05-05 16:20:04,434 [INFO] ApiDb:250 - Set database path to: C:\Users\saksh\.stmcufinder\plugins\mcufinder//mcu/
2024-05-05 16:20:04,434 [WARN] DbFile:41 - Overriding database path with different value: C:\Users\saksh\.stmcufinder\plugins\mcufinder/ => C:\Users\saksh\.stmcufinder\plugins\mcufinder
2024-05-05 16:20:04,434 [INFO] DbMcusAds:125 - Set database path to: C:\Users\saksh\.stmcufinder\plugins\mcufinder//mcu/
2024-05-05 16:20:04,434 [WARN] DbFile:41 - Overriding database path with different value: C:\Users\saksh\.stmcufinder\plugins\mcufinder/ => C:\Users\saksh\.stmcufinder\plugins\mcufinder
2024-05-05 16:20:04,434 [WARN] DbFile:41 - Overriding database path with different value: C:\Users\saksh\.stmcufinder\plugins\mcufinder/ => C:\Users\saksh\.stmcufinder\plugins\mcufinder
2024-05-05 16:20:04,434 [INFO] CrossReferenceDbSqlite:203 - Set database path to: C:\Users\saksh\.stmcufinder\plugins\mcufinder//mcu/cs/
2024-05-05 16:20:04,482 [INFO] MainPanel:264 - HeapMemory: 268435456
2024-05-05 16:20:04,536 [INFO] DbMcusXml:78 - Set database path to: C:\ST\STM32CubeIDE_1.10.1\STM32CubeIDE\plugins\com.st.stm32cube.common.mx_6.11.1.202404110753\\db\/mcu/
2024-05-05 16:20:04,536 [INFO] ApiDb:274 - Set plugin database path to: C:\ST\STM32CubeIDE_1.10.1\STM32CubeIDE\plugins\com.st.stm32cube.common.mx_6.11.1.202404110753\\db\/plugins/boardmanager/
2024-05-05 16:20:04,536 [INFO] ApiDb:261 - Set plugin images path to: C:\ST\STM32CubeIDE_1.10.1\STM32CubeIDE\plugins\com.st.stm32cube.common.mx_6.11.1.202404110753\\db\/plugins/mcufinder/images/
2024-05-05 16:20:04,537 [WARN] DbFile:41 - Overriding database path with different value: C:\Users\saksh\.stmcufinder\plugins\mcufinder/ => C:\Users\saksh\.stmcufinder\plugins\mcufinder
2024-05-05 16:20:04,537 [INFO] ApiDb:250 - Set database path to: C:\Users\saksh\.stmcufinder\plugins\mcufinder//mcu/
2024-05-05 16:20:04,537 [WARN] DbFile:41 - Overriding database path with different value: C:\Users\saksh\.stmcufinder\plugins\mcufinder/ => C:\Users\saksh\.stmcufinder\plugins\mcufinder
2024-05-05 16:20:04,537 [INFO] DbMcusAds:125 - Set database path to: C:\Users\saksh\.stmcufinder\plugins\mcufinder//mcu/
2024-05-05 16:20:04,537 [WARN] DbFile:41 - Overriding database path with different value: C:\Users\saksh\.stmcufinder\plugins\mcufinder/ => C:\Users\saksh\.stmcufinder\plugins\mcufinder
2024-05-05 16:20:04,537 [WARN] DbFile:41 - Overriding database path with different value: C:\Users\saksh\.stmcufinder\plugins\mcufinder/ => C:\Users\saksh\.stmcufinder\plugins\mcufinder
2024-05-05 16:20:04,537 [INFO] CrossReferenceDbSqlite:203 - Set database path to: C:\Users\saksh\.stmcufinder\plugins\mcufinder//mcu/cs/
2024-05-05 16:20:04,547 [INFO] ApplicationProperties:184 - Using Application install path: C:\ST\STM32CubeIDE_1.10.1\STM32CubeIDE\plugins\com.st.stm32cube.common.mx_6.11.1.202404110753
2024-05-05 16:20:04,548 [INFO] PluginManage:196 - Search for loadable plugins [exclusion list=, ]
2024-05-05 16:20:04,549 [INFO] PluginManage:310 - Check plugin analytics
2024-05-05 16:20:04,650 [INFO] AnalyticsPlugin:253 - Accepted Software Licenses: 
2024-05-05 16:20:04,651 [INFO] AnalyticsPlugin:255 - Accepted CMSIS Pack Licenses: 
2024-05-05 16:20:04,651 [INFO] AnalyticsPlugin:257 - Accepted Firmware Licenses: FW.H7.1.10.0,FW.G4.1.5.0
2024-05-05 16:20:04,654 [INFO] PluginManage:359 - Loaded plugin analytics (category:tool,tabindex:-1)
2024-05-05 16:20:04,654 [INFO] PluginManage:310 - Check plugin cadmodel
2024-05-05 16:20:04,662 [INFO] CADModel:105 - Init CAD model plugin
2024-05-05 16:20:04,662 [INFO] PluginManage:359 - Loaded plugin cadmodel (category:power,tabindex:5)
2024-05-05 16:20:04,662 [INFO] PluginManage:310 - Check plugin clock
2024-05-05 16:20:04,672 [INFO] PluginManage:359 - Loaded plugin clock (category:base,tabindex:2)
2024-05-05 16:20:04,672 [INFO] PluginManage:310 - Check plugin ddr
2024-05-05 16:20:04,674 [INFO] PluginManage:359 - Loaded plugin ddr (category:tool,tabindex:6)
2024-05-05 16:20:04,674 [INFO] PluginManage:310 - Check plugin filemanager
2024-05-05 16:20:04,770 [INFO] PluginManage:359 - Loaded plugin filemanager (category:base,tabindex:10)
2024-05-05 16:20:04,771 [INFO] PluginManage:310 - Check plugin ipmanager
2024-05-05 16:20:04,775 [INFO] PluginManage:359 - Loaded plugin ipmanager (category:base,tabindex:5)
2024-05-05 16:20:04,775 [INFO] PluginManage:310 - Check plugin lpbam
2024-05-05 16:20:04,780 [INFO] PluginManage:359 - Loaded plugin lpbam (category:base,tabindex:0)
2024-05-05 16:20:04,780 [INFO] PluginManage:310 - Check plugin memorymap
2024-05-05 16:20:04,788 [INFO] PluginManage:359 - Loaded plugin memorymap (category:base,tabindex:4)
2024-05-05 16:20:04,788 [INFO] PluginManage:310 - Check plugin pinoutandconfiguration
2024-05-05 16:20:04,793 [INFO] PluginManage:359 - Loaded plugin pinoutandconfiguration (category:base,tabindex:1)
2024-05-05 16:20:04,793 [INFO] PluginManage:310 - Check plugin pinoutconfig
2024-05-05 16:20:04,846 [WARN] SupportedApi:132 - Cannot load RTOS API schema: s4s-elt-must-match.1: The content of 'definitions' must match (annotation?, (simpleType | complexType)?, (unique | key | keyref)*)). A problem was found starting at: attribute.
2024-05-05 16:20:04,925 [INFO] PluginManage:359 - Loaded plugin pinoutconfig (category:base,tabindex:0)
2024-05-05 16:20:04,926 [INFO] PluginManage:310 - Check plugin power
2024-05-05 16:20:04,933 [INFO] PluginManage:359 - Loaded plugin power (category:power,tabindex:4)
2024-05-05 16:20:04,933 [INFO] PluginManage:310 - Check plugin projectmanager
2024-05-05 16:20:04,942 [INFO] PluginManage:359 - Loaded plugin projectmanager (category:projectmanager,tabindex:3)
2024-05-05 16:20:04,942 [INFO] PluginManage:310 - Check plugin thirdparty
2024-05-05 16:20:05,022 [INFO] PluginManage:359 - Loaded plugin thirdparty (category:base,tabindex:-1)
2024-05-05 16:20:05,022 [WARN] IntegrityCheckThread:84 - waiting for thirdparty lock release [integrity check]
2024-05-05 16:20:05,022 [INFO] PluginManage:310 - Check plugin tools
2024-05-05 16:20:05,022 [INFO] IntegrityCheckThread:86 - entering critical section [integrity check]
2024-05-05 16:20:05,022 [INFO] ThirdPartyUpdaterWithRetryManager:70 - Updater plugin not ready yet. [1/15]
2024-05-05 16:20:05,023 [INFO] PluginManage:359 - Loaded plugin tools (category:base,tabindex:7)
2024-05-05 16:20:05,024 [INFO] PluginManage:310 - Check plugin tutovideos
2024-05-05 16:20:05,132 [INFO] PluginManage:359 - Loaded plugin tutovideos (category:base,tabindex:-1)
2024-05-05 16:20:05,132 [INFO] PluginManage:310 - Check plugin updater
2024-05-05 16:20:05,140 [INFO] PluginManage:359 - Loaded plugin updater (category:base,tabindex:12)
2024-05-05 16:20:05,140 [INFO] PluginManage:310 - Check plugin userauth
2024-05-05 16:20:05,144 [INFO] UserAuth:114 - Init User Auth plugin
2024-05-05 16:20:05,144 [INFO] PluginManage:359 - Loaded plugin userauth (category:base,tabindex:14)
2024-05-05 16:20:05,144 [INFO] PluginManage:283 - PluginManage : Loaded plugins [17]
2024-05-05 16:20:05,270 [INFO] PinOutPanel:1561 - setPackage(No Configuration,No Configuration)
2024-05-05 16:20:05,323 [INFO] CADModel:165 - CPN selected for project level
2024-05-05 16:20:05,324 [INFO] CADModel:114 - Register for checkConnection events
2024-05-05 16:20:05,340 [INFO] IPUIPlugin:80 - create IPUIPlugin
2024-05-05 16:20:05,340 [INFO] PluginManager:220 - loadIPPluginJar : add adc
2024-05-05 16:20:05,342 [INFO] IPUIPlugin:80 - create IPUIPlugin
2024-05-05 16:20:05,342 [INFO] PluginManager:220 - loadIPPluginJar : add aes
2024-05-05 16:20:05,344 [INFO] IPUIPlugin:80 - create IPUIPlugin
2024-05-05 16:20:05,344 [INFO] PluginManager:220 - loadIPPluginJar : add can
2024-05-05 16:20:05,345 [INFO] IPUIPlugin:80 - create IPUIPlugin
2024-05-05 16:20:05,346 [INFO] PluginManager:220 - loadIPPluginJar : add comp
2024-05-05 16:20:05,347 [INFO] IPUIPlugin:80 - create IPUIPlugin
2024-05-05 16:20:05,347 [INFO] PluginManager:220 - loadIPPluginJar : add cryp
2024-05-05 16:20:05,349 [INFO] IPUIPlugin:80 - create IPUIPlugin
2024-05-05 16:20:05,349 [INFO] PluginManager:220 - loadIPPluginJar : add dfsdm
2024-05-05 16:20:05,353 [INFO] IPUIPlugin:80 - create IPUIPlugin
2024-05-05 16:20:05,353 [INFO] PluginManager:220 - loadIPPluginJar : add dma
2024-05-05 16:20:05,355 [INFO] IPUIPlugin:80 - create IPUIPlugin
2024-05-05 16:20:05,355 [INFO] PluginManager:220 - loadIPPluginJar : add dma3
2024-05-05 16:20:05,356 [INFO] IPUIPlugin:80 - create IPUIPlugin
2024-05-05 16:20:05,357 [INFO] PluginManager:220 - loadIPPluginJar : add extmemmanager
2024-05-05 16:20:05,357 [INFO] IPUIPlugin:80 - create IPUIPlugin
2024-05-05 16:20:05,357 [INFO] PluginManager:220 - loadIPPluginJar : add fatfs
2024-05-05 16:20:05,361 [INFO] IPUIPlugin:80 - create IPUIPlugin
2024-05-05 16:20:05,361 [INFO] PluginManager:220 - loadIPPluginJar : add fmc
2024-05-05 16:20:05,365 [INFO] IPUIPlugin:80 - create IPUIPlugin
2024-05-05 16:20:05,365 [INFO] PluginManager:220 - loadIPPluginJar : add freertos
2024-05-05 16:20:05,366 [INFO] IPUIPlugin:80 - create IPUIPlugin
2024-05-05 16:20:05,366 [INFO] PluginManager:220 - loadIPPluginJar : add genericplugin
2024-05-05 16:20:05,368 [INFO] IPUIPlugin:80 - create IPUIPlugin
2024-05-05 16:20:05,368 [INFO] PluginManager:220 - loadIPPluginJar : add gfxmmu
2024-05-05 16:20:05,371 [INFO] IPUIPlugin:80 - create IPUIPlugin
2024-05-05 16:20:05,371 [INFO] PluginManager:220 - loadIPPluginJar : add gic
2024-05-05 16:20:05,374 [INFO] IPUIPlugin:80 - create IPUIPlugin
2024-05-05 16:20:05,374 [INFO] PluginManager:220 - loadIPPluginJar : add gpio
2024-05-05 16:20:05,375 [INFO] IPUIPlugin:80 - create IPUIPlugin
2024-05-05 16:20:05,376 [INFO] PluginManager:220 - loadIPPluginJar : add gtzc
2024-05-05 16:20:05,377 [INFO] IPUIPlugin:80 - create IPUIPlugin
2024-05-05 16:20:05,377 [INFO] PluginManager:220 - loadIPPluginJar : add hash
2024-05-05 16:20:05,379 [INFO] IPUIPlugin:80 - create IPUIPlugin
2024-05-05 16:20:05,379 [INFO] PluginManager:220 - loadIPPluginJar : add i2c
2024-05-05 16:20:05,381 [INFO] IPUIPlugin:80 - create IPUIPlugin
2024-05-05 16:20:05,381 [INFO] PluginManager:220 - loadIPPluginJar : add i2s
2024-05-05 16:20:05,383 [INFO] IPUIPlugin:80 - create IPUIPlugin
2024-05-05 16:20:05,383 [INFO] PluginManager:220 - loadIPPluginJar : add i3c
2024-05-05 16:20:05,385 [INFO] IPUIPlugin:80 - create IPUIPlugin
2024-05-05 16:20:05,386 [INFO] PluginManager:220 - loadIPPluginJar : add ipddr
2024-05-05 16:20:05,390 [INFO] IPUIPlugin:80 - create IPUIPlugin
2024-05-05 16:20:05,390 [INFO] PluginManager:220 - loadIPPluginJar : add linkedlist
2024-05-05 16:20:05,392 [INFO] IPUIPlugin:80 - create IPUIPlugin
2024-05-05 16:20:05,392 [INFO] PluginManager:220 - loadIPPluginJar : add lorawan
2024-05-05 16:20:05,393 [INFO] IPUIPlugin:80 - create IPUIPlugin
2024-05-05 16:20:05,393 [INFO] PluginManager:220 - loadIPPluginJar : add ltdc
2024-05-05 16:20:05,396 [INFO] IPUIPlugin:80 - create IPUIPlugin
2024-05-05 16:20:05,396 [INFO] PluginManager:220 - loadIPPluginJar : add mdma
2024-05-05 16:20:05,398 [INFO] IPUIPlugin:80 - create IPUIPlugin
2024-05-05 16:20:05,398 [INFO] PluginManager:220 - loadIPPluginJar : add nvic
2024-05-05 16:20:05,401 [INFO] IPUIPlugin:80 - create IPUIPlugin
2024-05-05 16:20:05,401 [INFO] PluginManager:220 - loadIPPluginJar : add opamp
2024-05-05 16:20:05,402 [INFO] IPUIPlugin:80 - create IPUIPlugin
2024-05-05 16:20:05,403 [INFO] PluginManager:220 - loadIPPluginJar : add openamp
2024-05-05 16:20:05,404 [INFO] IPUIPlugin:80 - create IPUIPlugin
2024-05-05 16:20:05,404 [INFO] PluginManager:220 - loadIPPluginJar : add pdm2pcm
2024-05-05 16:20:05,408 [INFO] IPUIPlugin:80 - create IPUIPlugin
2024-05-05 16:20:05,409 [INFO] PluginManager:220 - loadIPPluginJar : add plateformsettings
2024-05-05 16:20:05,409 [INFO] IPUIPlugin:80 - create IPUIPlugin
2024-05-05 16:20:05,409 [INFO] PluginManager:220 - loadIPPluginJar : add quadspi
2024-05-05 16:20:05,411 [INFO] IPUIPlugin:80 - create IPUIPlugin
2024-05-05 16:20:05,411 [INFO] PluginManager:220 - loadIPPluginJar : add resmgrutility
2024-05-05 16:20:05,414 [INFO] IPUIPlugin:80 - create IPUIPlugin
2024-05-05 16:20:05,414 [INFO] PluginManager:220 - loadIPPluginJar : add sai
2024-05-05 16:20:05,415 [INFO] IPUIPlugin:80 - create IPUIPlugin
2024-05-05 16:20:05,415 [INFO] PluginManager:220 - loadIPPluginJar : add spi
2024-05-05 16:20:05,418 [INFO] IPUIPlugin:80 - create IPUIPlugin
2024-05-05 16:20:05,418 [INFO] PluginManager:220 - loadIPPluginJar : add stm32_wpan
2024-05-05 16:20:05,419 [INFO] IPUIPlugin:80 - create IPUIPlugin
2024-05-05 16:20:05,419 [INFO] PluginManager:220 - loadIPPluginJar : add tim
2024-05-05 16:20:05,420 [INFO] IPUIPlugin:80 - create IPUIPlugin
2024-05-05 16:20:05,420 [INFO] PluginManager:220 - loadIPPluginJar : add touchsensing
2024-05-05 16:20:05,421 [INFO] IPUIPlugin:80 - create IPUIPlugin
2024-05-05 16:20:05,421 [INFO] PluginManager:220 - loadIPPluginJar : add tracer_emb
2024-05-05 16:20:05,422 [INFO] IPUIPlugin:80 - create IPUIPlugin
2024-05-05 16:20:05,422 [INFO] PluginManager:220 - loadIPPluginJar : add ts
2024-05-05 16:20:05,423 [INFO] IPUIPlugin:80 - create IPUIPlugin
2024-05-05 16:20:05,423 [INFO] PluginManager:220 - loadIPPluginJar : add tsc
2024-05-05 16:20:05,424 [INFO] IPUIPlugin:80 - create IPUIPlugin
2024-05-05 16:20:05,425 [INFO] PluginManager:220 - loadIPPluginJar : add ucpd
2024-05-05 16:20:05,426 [INFO] IPUIPlugin:80 - create IPUIPlugin
2024-05-05 16:20:05,426 [INFO] PluginManager:220 - loadIPPluginJar : add usart
2024-05-05 16:20:05,428 [INFO] IPUIPlugin:80 - create IPUIPlugin
2024-05-05 16:20:05,428 [INFO] PluginManager:220 - loadIPPluginJar : add usbx
2024-05-05 16:20:05,531 [INFO] CADModel:165 - CPN selected for project level
2024-05-05 16:20:05,531 [INFO] CADModel:114 - Register for checkConnection events
2024-05-05 16:20:05,531 [FATAL] Updater:308 - Updater called before beeing initialized
2024-05-05 16:20:05,531 [ERROR] CADModel:125 - Updater not yet initialized, retry later 
2024-05-05 16:20:05,617 [INFO] CADModel:165 - CPN selected for project level
2024-05-05 16:20:05,617 [INFO] CADModel:114 - Register for checkConnection events
2024-05-05 16:20:05,617 [FATAL] Updater:308 - Updater called before beeing initialized
2024-05-05 16:20:05,617 [ERROR] CADModel:125 - Updater not yet initialized, retry later 
2024-05-05 16:20:05,619 [FATAL] Updater:308 - Updater called before beeing initialized
2024-05-05 16:20:05,681 [FATAL] Updater:308 - Updater called before beeing initialized
2024-05-05 16:20:05,684 [INFO] DbMcusAds:53 - JSON generation date=Wed Nov 29 16:22:27 IST 2023 (1701255147349)
2024-05-05 16:20:05,684 [FATAL] Updater:308 - Updater called before beeing initialized
2024-05-05 16:20:05,707 [WARN] DetailPanel:346 - Failed to get advertising image, set to default
2024-05-05 16:20:05,773 [FATAL] Updater:308 - Updater called before beeing initialized
2024-05-05 16:20:05,775 [FATAL] Updater:308 - Updater called before beeing initialized
2024-05-05 16:20:05,775 [FATAL] Updater:308 - Updater called before beeing initialized
2024-05-05 16:20:05,775 [WARN] DetailPanel:346 - Failed to get advertising image, set to default
2024-05-05 16:20:05,775 [FATAL] Updater:308 - Updater called before beeing initialized
2024-05-05 16:20:05,809 [ERROR] Updater:1120 - MainUpdater not yet initialized. External WinMGr cannot be set.
2024-05-05 16:20:05,811 [INFO] Updater:1056 - Updater Version found : 6.11.1
2024-05-05 16:20:05,822 [INFO] ApplicationProperties:184 - Using Application install path: C:\ST\STM32CubeIDE_1.10.1\STM32CubeIDE\plugins\com.st.stm32cube.common.mx_6.11.1.202404110753
2024-05-05 16:20:07,392 [ERROR] LogOutputStream:75 - [STDERR_REDIRECT] May 05, 2024 4:20:07 PM java.util.prefs.WindowsPreferences <init>
2024-05-05 16:20:07,393 [ERROR] LogOutputStream:75 - [STDERR_REDIRECT] WARNING: Could not open/create prefs root node Software\JavaSoft\Prefs at root 0xffffffff80000002. Windows RegCreateKeyEx(...) returned error code 5.
2024-05-05 16:20:07,393 [ERROR] LogOutputStream:75 - [STDERR_REDIRECT] 
2024-05-05 16:20:08,024 [INFO] ThirdPartyUpdaterWithRetryManager:70 - Updater plugin not ready yet. [2/15]
2024-05-05 16:20:08,282 [INFO] MainUpdater:2873 - connection check result : 10
2024-05-05 16:20:08,282 [INFO] MainUpdater:290 - Updater Check For Update Now.
2024-05-05 16:20:08,282 [INFO] MicroXplorer:498 - Change Database Version : DB.6.0.111
2024-05-05 16:20:08,286 [INFO] McuFinderGlobals:63 - Set McuFinder mode to 2 (CubeIDE integrated)
2024-05-05 16:20:08,286 [INFO] UserAuth:179 - activating auth plugin
2024-05-05 16:20:08,289 [INFO] UserAuth:415 - Internet connection configuration mode: 1
2024-05-05 16:20:08,305 [INFO] JxBrowserEngine:152 - Initiate JxBrowser Engine with user profile folder
2024-05-05 16:20:08,449 [INFO] CheckServerUpdateThread:120 - End of CheckServer Thread
2024-05-05 16:20:09,080 [INFO] WebApp:161 - Instantiating new browser for Auth
2024-05-05 16:20:09,423 [INFO] WebApp:779 - Register for checkConnection events
2024-05-05 16:20:09,423 [INFO] WebApp:414 - Apply proxy settings
2024-05-05 16:20:09,424 [INFO] WebApp:499 - Chromium requires no authentication
2024-05-05 16:20:09,428 [INFO] WebApp:442 - Direct internet connection detected
2024-05-05 16:20:09,525 [INFO] WebApp:192 - Starting web application
2024-05-05 16:20:09,526 [INFO] WebApp:544 - Web application path used C:\ST\STM32CubeIDE_1.10.1\STM32CubeIDE\plugins\com.st.stm32cube.common.mx_6.11.1.202404110753\db\plugins\mcufinder\reactClient1\index.html
2024-05-05 16:20:11,109 [WARN] PackLoader:240 - Cannot read IP mode file for STMicroelectronics.FP-SNS-MOTENVWB1.1.4.0
2024-05-05 16:20:11,114 [WARN] PackLoader:240 - Cannot read IP mode file for STMicroelectronics.X-CUBE-SMBUS.2.1.0
2024-05-05 16:20:11,117 [WARN] PackLoader:240 - Cannot read IP mode file for STMicroelectronics.X-CUBE-TOUCHGFX.4.23.1
2024-05-05 16:20:11,118 [WARN] PackLoader:240 - Cannot read IP mode file for STMicroelectronics.X-CUBE-TOUCHGFX.4.23.0
2024-05-05 16:20:11,119 [WARN] PackLoader:240 - Cannot read IP mode file for STMicroelectronics.X-CUBE-TOUCHGFX.4.23.2
2024-05-05 16:20:11,132 [WARN] PackLoader:240 - Cannot read IP mode file for STMicroelectronics.X-CUBE-AZRTOS-F7.1.1.0
2024-05-05 16:20:11,138 [ERROR] RealEvaluatedCondition:428 - Found unsupported composite condition: CLASS='Data Exchange' GROUP='STM32_MetaDataManager'
2024-05-05 16:20:11,138 [ERROR] RealEvaluatedCondition:428 - Found unsupported composite condition: CLASS='Data Exchange' GROUP='STM32_MetaDataManager'
2024-05-05 16:20:11,139 [WARN] PackLoader:240 - Cannot read IP mode file for STMicroelectronics.FP-SNS-MOTENV1.4.3.0
2024-05-05 16:20:11,146 [WARN] PackLoader:240 - Cannot read IP mode file for STMicroelectronics.FP-SNS-MOTENV1.4.3.2
2024-05-05 16:20:11,151 [WARN] PackLoader:240 - Cannot read IP mode file for STMicroelectronics.FP-SNS-FLIGHT1.5.0.0
2024-05-05 16:20:11,154 [ERROR] RealEvaluatedCondition:428 - Found unsupported composite condition: GROUP='STM32_MetaDataManager' CLASS='Data Exchange'
2024-05-05 16:20:11,154 [ERROR] RealEvaluatedCondition:428 - Found unsupported composite condition: CLASS='Data Exchange' GROUP='STM32_MetaDataManager'
2024-05-05 16:20:11,155 [WARN] PackLoader:240 - Cannot read IP mode file for STMicroelectronics.FP-SNS-MOTENV1.4.3.1
2024-05-05 16:20:11,161 [WARN] PackLoader:240 - Cannot read IP mode file for STMicroelectronics.FP-SNS-FLIGHT1.5.0.1
2024-05-05 16:20:11,168 [WARN] PackLoader:240 - Cannot read IP mode file for STMicroelectronics.X-CUBE-BLE1.6.2.3
2024-05-05 16:20:11,172 [WARN] PackLoader:240 - Cannot read IP mode file for STMicroelectronics.X-CUBE-BLE1.6.2.4
2024-05-05 16:20:11,177 [WARN] PackLoader:240 - Cannot read IP mode file for STMicroelectronics.FP-SNS-FLIGHT1.5.0.2
2024-05-05 16:20:11,188 [WARN] PackLoader:240 - Cannot read IP mode file for STMicroelectronics.X-CUBE-TOF1.3.1.0
2024-05-05 16:20:11,199 [WARN] PackLoader:240 - Cannot read IP mode file for STMicroelectronics.X-CUBE-DISPLAY.3.0.0
2024-05-05 16:20:11,208 [WARN] PackLoader:240 - Cannot read IP mode file for STMicroelectronics.X-CUBE-BLE1.7.0.0
2024-05-05 16:20:11,210 [WARN] PackLoader:240 - Cannot read IP mode file for STMicroelectronics.X-CUBE-TOUCHGFX.4.22.0
2024-05-05 16:20:11,238 [WARN] PackLoader:240 - Cannot read IP mode file for STMicroelectronics.X-CUBE-MEMS1.9.3.0
2024-05-05 16:20:11,403 [WARN] PackLoader:240 - Cannot read IP mode file for STMicroelectronics.X-CUBE-AI.7.2.0
2024-05-05 16:20:11,412 [WARN] PackLoader:240 - Cannot read IP mode file for STMicroelectronics.X-CUBE-BLEMGR.3.1.0
2024-05-05 16:20:11,419 [WARN] PackLoader:240 - Cannot read IP mode file for STMicroelectronics.FP-SNS-SMARTAG2.1.2.0
2024-05-05 16:20:11,431 [INFO] LogOutputStream:77 - [STDOUT_REDIRECT] 1 : Invalid condition id : UX_CORESTACK_Condition cause : null
2024-05-05 16:20:11,432 [INFO] LogOutputStream:77 - [STDOUT_REDIRECT] 1 : Invalid condition id : UX_CORESTACK_Condition cause : null
2024-05-05 16:20:11,434 [INFO] LogOutputStream:77 - [STDOUT_REDIRECT] 1 : Invalid condition id : UX_CORESTACK_Condition cause : null
2024-05-05 16:20:11,435 [INFO] LogOutputStream:77 - [STDOUT_REDIRECT] 1 : Invalid condition id : UX_CORESTACK_Condition cause : null
2024-05-05 16:20:11,436 [INFO] LogOutputStream:77 - [STDOUT_REDIRECT] 1 : Invalid condition id : UX_CORESTACK_Condition cause : null
2024-05-05 16:20:11,439 [WARN] PackLoader:240 - Cannot read IP mode file for STMicroelectronics.X-CUBE-AZRTOS-WL.2.0.0
2024-05-05 16:20:11,445 [WARN] PackLoader:240 - Cannot read IP mode file for STMicroelectronics.FP-SNS-MOTENV1.5.0.0
2024-05-05 16:20:11,456 [WARN] PackLoader:240 - Cannot read IP mode file for WES.I-CUBE-Cesium.1.3.0
2024-05-05 16:20:11,461 [WARN] PackLoader:240 - Cannot read IP mode file for STMicroelectronics.X-CUBE-BLE2.3.3.0
2024-05-05 16:20:11,465 [WARN] PackLoader:240 - Cannot read IP mode file for STMicroelectronics.X-CUBE-DISPLAY.2.2.0
2024-05-05 16:20:11,475 [WARN] PackLoader:240 - Cannot read IP mode file for STMicroelectronics.X-CUBE-TOF1.3.2.0
2024-05-05 16:20:11,482 [WARN] PackLoader:240 - Cannot read IP mode file for STMicroelectronics.X-CUBE-ISPU.1.0.0
2024-05-05 16:20:11,497 [WARN] PackLoader:240 - Cannot read IP mode file for STMicroelectronics.X-CUBE-AZRTOS-H7.2.1.0
2024-05-05 16:20:11,504 [WARN] PackLoader:240 - Cannot read IP mode file for STMicroelectronics.X-CUBE-TCPP.4.1.0
2024-05-05 16:20:11,508 [WARN] PackLoader:240 - Cannot read IP mode file for STMicroelectronics.X-CUBE-TOUCHGFX.4.21.1
2024-05-05 16:20:11,511 [WARN] PackLoader:240 - Cannot read IP mode file for STMicroelectronics.X-CUBE-TOUCHGFX.4.21.3
2024-05-05 16:20:11,514 [WARN] PackLoader:240 - Cannot read IP mode file for STMicroelectronics.X-CUBE-TOUCHGFX.4.21.4
2024-05-05 16:20:11,549 [WARN] PackLoader:240 - Cannot read IP mode file for STMicroelectronics.X-CUBE-MEMS1.9.4.0
2024-05-05 16:20:11,633 [WARN] PackLoader:240 - Cannot read IP mode file for STMicroelectronics.X-CUBE-AI.7.3.0
2024-05-05 16:20:11,643 [WARN] PackLoader:240 - Cannot read IP mode file for STMicroelectronics.X-CUBE-ALGOBUILD.1.3.0
2024-05-05 16:20:11,666 [WARN] PackLoader:240 - Cannot read IP mode file for STMicroelectronics.X-CUBE-AZRTOS-G0.1.1.0
2024-05-05 16:20:11,676 [WARN] PackLoader:240 - Cannot read IP mode file for STMicroelectronics.X-CUBE-SAFEA1.1.2.2
2024-05-05 16:20:11,687 [WARN] PackLoader:240 - Cannot read IP mode file for STMicroelectronics.X-CUBE-NFC4.3.0.0
2024-05-05 16:20:11,750 [WARN] PackLoader:240 - Cannot read IP mode file for SEGGER.I-CUBE-embOS.1.2.0
2024-05-05 16:20:11,778 [WARN] PackLoader:240 - Cannot read IP mode file for STMicroelectronics.X-CUBE-BLEMGR.3.0.0
2024-05-05 16:20:11,787 [WARN] PackLoader:240 - Cannot read IP mode file for STMicroelectronics.X-CUBE-BLEMGR.1.3.0
2024-05-05 16:20:11,792 [WARN] PackLoader:240 - Cannot read IP mode file for STMicroelectronics.FP-ATR-SIGFOX1.3.2.0
2024-05-05 16:20:11,797 [WARN] PackLoader:240 - Cannot read IP mode file for STMicroelectronics.X-CUBE-EEPRMA1.5.1.0
2024-05-05 16:20:11,805 [WARN] PackLoader:240 - Cannot read IP mode file for emotas.I-CUBE-CANOPEN.1.1.2
2024-05-05 16:20:11,809 [WARN] PackLoader:240 - Cannot read IP mode file for STMicroelectronics.X-CUBE-TOUCHGFX.4.20.0
2024-05-05 16:20:11,854 [WARN] PackLoader:240 - Cannot read IP mode file for STMicroelectronics.X-CUBE-MEMS1.9.5.0
2024-05-05 16:20:11,964 [WARN] PackLoader:240 - Cannot read IP mode file for SEGGER.I-CUBE-embOS.1.3.1
2024-05-05 16:20:11,985 [WARN] PackLoader:240 - Cannot read IP mode file for STMicroelectronics.X-CUBE-GNSS1.6.0.0
2024-05-05 16:20:11,996 [WARN] PackLoader:240 - Cannot read IP mode file for STMicroelectronics.X-CUBE-AZRTOS-F4.1.1.0
2024-05-05 16:20:12,004 [WARN] PackLoader:240 - Cannot read IP mode file for STMicroelectronics.X-CUBE-FREERTOS.1.2.0
2024-05-05 16:20:12,010 [WARN] PackLoader:240 - Cannot read IP mode file for STMicroelectronics.X-CUBE-BLEMGR.1.2.0
2024-05-05 16:20:12,022 [WARN] PackLoader:240 - Cannot read IP mode file for STMicroelectronics.X-CUBE-AZRTOS-L5.2.0.0
2024-05-05 16:20:12,048 [WARN] PackLoader:240 - Cannot read IP mode file for STMicroelectronics.X-CUBE-MEMS1.9.6.0
2024-05-05 16:20:12,106 [WARN] PackLoader:240 - Cannot read IP mode file for STMicroelectronics.X-CUBE-EEPRMA1.4.2.0
2024-05-05 16:20:12,110 [WARN] PackLoader:240 - Cannot read IP mode file for STMicroelectronics.X-CUBE-NFC6.3.1.0
2024-05-05 16:20:12,113 [WARN] PackLoader:240 - Cannot read IP mode file for ITTIA_DB.I-CUBE-ITTIADB.8.8.0
2024-05-05 16:20:12,118 [WARN] PackLoader:240 - Cannot read IP mode file for STMicroelectronics.X-CUBE-BLEMGR.2.0.0
2024-05-05 16:20:12,120 [WARN] PackLoader:240 - Cannot read IP mode file for STMicroelectronics.X-CUBE-NFC4.2.0.4
2024-05-05 16:20:12,128 [WARN] PackLoader:240 - Cannot read IP mode file for STMicroelectronics.X-CUBE-AI.9.0.0
2024-05-05 16:20:12,135 [WARN] ConditionMgr:438 - getConditionDescription Invalid condition id : UX DEVICE CLASS RTOS Condition cause : null
2024-05-05 16:20:12,135 [WARN] ConditionMgr:438 - getConditionDescription Invalid condition id : UX DEVICE CLASS RTOS Condition cause : null
2024-05-05 16:20:12,136 [WARN] PackLoader:240 - Cannot read IP mode file for STMicroelectronics.X-CUBE-AZRTOS-H7.3.1.0
2024-05-05 16:20:12,136 [WARN] ConditionMgr:1039 - genDependencies : Invalid condition id : UX DEVICE CLASS RTOS Condition cause : null
2024-05-05 16:20:12,136 [WARN] ConditionMgr:1039 - genDependencies : Invalid condition id : UX DEVICE CLASS RTOS Condition cause : null
2024-05-05 16:20:12,137 [WARN] ConditionMgr:1039 - genDependencies : Invalid condition id : UX DEVICE CLASS RTOS Condition cause : null
2024-05-05 16:20:12,137 [WARN] ConditionMgr:1039 - genDependencies : Invalid condition id : UX DEVICE CLASS RTOS Condition cause : null
2024-05-05 16:20:12,137 [WARN] ConditionMgr:1039 - genDependencies : Invalid condition id : UX DEVICE CLASS RTOS Condition cause : null
2024-05-05 16:20:12,140 [WARN] PackLoader:240 - Cannot read IP mode file for wolfSSL.I-CUBE-wolfSSL.5.5.0
2024-05-05 16:20:12,143 [WARN] PackLoader:240 - Cannot read IP mode file for STMicroelectronics.X-CUBE-NFC7.1.0.1
2024-05-05 16:20:12,145 [WARN] PackLoader:240 - Cannot read IP mode file for STMicroelectronics.X-CUBE-NFC7.1.0.0
2024-05-05 16:20:12,149 [WARN] PackLoader:240 - Cannot read IP mode file for STMicroelectronics.X-CUBE-NFC6.3.0.0
2024-05-05 16:20:12,152 [WARN] PackLoader:240 - Cannot read IP mode file for STMicroelectronics.X-CUBE-EEPRMA1.4.1.0
2024-05-05 16:20:12,154 [WARN] PackLoader:240 - Cannot read IP mode file for STMicroelectronics.X-CUBE-AI.8.1.0
2024-05-05 16:20:12,160 [WARN] ConditionMgr:438 - getConditionDescription Invalid condition id : LAN8742 Phy interface Condition cause : null
2024-05-05 16:20:12,160 [WARN] PackLoader:240 - Cannot read IP mode file for STMicroelectronics.X-CUBE-AZRTOS-L4.2.0.0
2024-05-05 16:20:12,161 [WARN] ConditionMgr:1039 - genDependencies : Invalid condition id : LAN8742 Phy interface Condition cause : null
2024-05-05 16:20:12,161 [WARN] ConditionMgr:1039 - genDependencies : Invalid condition id : LAN8742 Phy interface Condition cause : null
2024-05-05 16:20:12,161 [WARN] ConditionMgr:1039 - genDependencies : Invalid condition id : LAN8742 Phy interface Condition cause : null
2024-05-05 16:20:12,165 [WARN] PackLoader:240 - Cannot read IP mode file for STMicroelectronics.X-CUBE-SFXS2LP1.4.0.0
2024-05-05 16:20:12,173 [WARN] PackLoader:240 - Cannot read IP mode file for STMicroelectronics.X-CUBE-AZRTOS-H7.3.0.0
2024-05-05 16:20:12,177 [WARN] PackLoader:240 - Cannot read IP mode file for STMicroelectronics.X-CUBE-ISPU.1.1.0
2024-05-05 16:20:12,181 [WARN] PackLoader:240 - Cannot read IP mode file for RoweBots.I-CUBE-UNISONRTOS.5.5.0-4
2024-05-05 16:20:12,185 [WARN] PackLoader:240 - Cannot read IP mode file for STMicroelectronics.X-CUBE-AI.8.0.0
2024-05-05 16:20:12,192 [WARN] ConditionMgr:438 - getConditionDescription Invalid condition id : UX DEVICE CLASS RTOS Condition cause : null
2024-05-05 16:20:12,192 [WARN] ConditionMgr:438 - getConditionDescription Invalid condition id : UX DEVICE CLASS RTOS Condition cause : null
2024-05-05 16:20:12,193 [WARN] PackLoader:240 - Cannot read IP mode file for STMicroelectronics.X-CUBE-AZRTOS-WB.2.0.0
2024-05-05 16:20:12,193 [WARN] ConditionMgr:1039 - genDependencies : Invalid condition id : UX DEVICE CLASS RTOS Condition cause : null
2024-05-05 16:20:12,193 [WARN] ConditionMgr:1039 - genDependencies : Invalid condition id : UX DEVICE CLASS RTOS Condition cause : null
2024-05-05 16:20:12,194 [WARN] ConditionMgr:1039 - genDependencies : Invalid condition id : UX DEVICE CLASS RTOS Condition cause : null
2024-05-05 16:20:12,194 [WARN] ConditionMgr:1039 - genDependencies : Invalid condition id : UX DEVICE CLASS RTOS Condition cause : null
2024-05-05 16:20:12,194 [WARN] ConditionMgr:1039 - genDependencies : Invalid condition id : UX DEVICE CLASS RTOS Condition cause : null
2024-05-05 16:20:12,198 [WARN] PackLoader:240 - Cannot read IP mode file for STMicroelectronics.X-CUBE-FREERTOS.1.0.0
2024-05-05 16:20:12,200 [WARN] PackLoader:240 - Cannot read IP mode file for STMicroelectronics.X-CUBE-FREERTOS.1.0.1
2024-05-05 16:20:12,204 [WARN] PackLoader:240 - Cannot read IP mode file for STMicroelectronics.X-CUBE-BLEMGR.1.0.0
2024-05-05 16:20:12,211 [WARN] PackLoader:240 - Cannot read IP mode file for STMicroelectronics.X-CUBE-AZRTOS-L5.1.1.0
2024-05-05 16:20:12,215 [WARN] PackLoader:240 - Cannot read IP mode file for STMicroelectronics.X-CUBE-AI.8.0.1
2024-05-05 16:20:12,222 [WARN] PackLoader:240 - Cannot read IP mode file for STMicroelectronics.X-CUBE-SUBG2.5.0.0
2024-05-05 16:20:12,228 [WARN] PackLoader:240 - Cannot read IP mode file for STMicroelectronics.X-CUBE-TOF1.3.3.1
2024-05-05 16:20:12,238 [WARN] PackLoader:240 - Cannot read IP mode file for STMicroelectronics.X-CUBE-AZRTOS-G4.2.0.0
2024-05-05 16:20:12,244 [WARN] PackLoader:240 - Cannot read IP mode file for STMicroelectronics.X-CUBE-TOF1.3.3.0
2024-05-05 16:20:12,250 [WARN] PackLoader:240 - Cannot read IP mode file for STMicroelectronics.FP-ATR-ASTRA1.1.1.1
2024-05-05 16:20:12,257 [WARN] PackLoader:240 - Cannot read IP mode file for Infineon.AIROC-Wi-Fi-Bluetooth-STM32.1.5.1
2024-05-05 16:20:12,262 [WARN] PackLoader:240 - Cannot read IP mode file for STMicroelectronics.FP-SNS-MOTENVWB1.1.3.1
2024-05-05 16:20:12,268 [WARN] PackLoader:240 - Cannot read IP mode file for STMicroelectronics.X-CUBE-AZRTOS-G4.1.0.0
2024-05-05 16:20:12,276 [WARN] PackLoader:240 - Cannot read IP mode file for STMicroelectronics.X-CUBE-AZRTOS-L4.1.0.0
2024-05-05 16:20:12,280 [WARN] PackLoader:240 - Cannot read IP mode file for STMicroelectronics.X-CUBE-ISPU.2.0.0
2024-05-05 16:20:12,296 [WARN] PackLoader:240 - Cannot read IP mode file for STMicroelectronics.X-CUBE-MEMS1.10.0.0
2024-05-05 16:20:12,357 [WARN] PackLoader:240 - Cannot read IP mode file for STMicroelectronics.X-CUBE-FREERTOS.1.1.0
2024-05-05 16:20:12,362 [WARN] PackLoader:240 - Cannot read IP mode file for STMicroelectronics.X-CUBE-AZRTOS-WL.1.0.0
2024-05-05 16:20:12,374 [WARN] PackLoader:240 - Cannot read IP mode file for portGmbH.I-Cube-SoM-uGOAL.1.1.0
2024-05-05 16:20:12,377 [WARN] PackLoader:240 - Cannot read IP mode file for STMicroelectronics.X-CUBE-ALS.1.0.1
2024-05-05 16:20:12,384 [WARN] PackLoader:240 - Cannot read IP mode file for STMicroelectronics.X-CUBE-AZRTOS-WB.1.1.0
2024-05-05 16:20:12,393 [WARN] PackLoader:240 - Cannot read IP mode file for STMicroelectronics.X-CUBE-AZRTOS-L5.1.0.0
2024-05-05 16:20:12,397 [WARN] PackLoader:240 - Cannot read IP mode file for STMicroelectronics.X-CUBE-EEPRMA1.3.1.1
2024-05-05 16:20:12,408 [WARN] PackLoader:240 - Cannot read IP mode file for STMicroelectronics.X-CUBE-AZRTOS-H7RS.1.0.0
2024-05-05 16:20:12,419 [WARN] PackLoader:240 - Cannot read IP mode file for STMicroelectronics.FP-ATR-ASTRA1.2.0.0
2024-05-05 16:20:12,426 [WARN] PackLoader:240 - Cannot read IP mode file for STMicroelectronics.X-CUBE-TOF1.3.4.0
2024-05-05 16:20:12,439 [WARN] PackLoader:240 - Cannot read IP mode file for STMicroelectronics.X-CUBE-TOF1.3.4.1
2024-05-05 16:20:12,453 [WARN] PackLoader:240 - Cannot read IP mode file for STMicroelectronics.X-CUBE-AZRTOS-H7.3.2.0
2024-05-05 16:20:12,455 [INFO] ThirdParty:978 - Integrity check success = true
2024-05-05 16:20:12,455 [INFO] IntegrityCheckThread:100 - exiting critical section [integrity check]
2024-05-05 16:20:12,455 [INFO] IntegrityCheckThread:103 - End integrity checks thread
2024-05-05 16:21:46,828 [INFO] McuFinderGlobals:63 - Set McuFinder mode to 2 (CubeIDE integrated)
2024-05-05 16:21:46,831 [INFO] MainUpdater:2873 - connection check result : 10
2024-05-05 16:21:46,831 [INFO] MainUpdater:2873 - connection check result : 10
2024-05-05 16:21:46,852 [INFO] MicroXplorer:468 - Change Database Path : 
2024-05-05 16:21:46,852 [INFO] MicroXplorer:498 - Change Database Version : DB.6.0.111
2024-05-05 16:21:46,856 [WARN] ThirdParty:871 - waiting for thirdparty lock release [close project]
2024-05-05 16:21:46,856 [INFO] ThirdParty:873 - entering critical section [close project]
2024-05-05 16:21:46,857 [INFO] ThirdParty:883 - exiting critical section [close project]
2024-05-05 16:21:46,858 [INFO] PinOutPanel:1561 - setPackage(No Configuration,No Configuration)
2024-05-05 16:21:46,860 [INFO] UtilMem:75 - Begin LoadConfig() Used Memory: 637432152 Bytes (1045430272)
2024-05-05 16:21:46,867 [INFO] MicroXplorer:468 - Change Database Path : C:/Users/saksh/.stm32cubemx/databases/DB.6.0.100/db/
2024-05-05 16:21:46,867 [INFO] MicroXplorer:498 - Change Database Version : DB.6.0.100
2024-05-05 16:21:48,716 [INFO] OpenFileManager:312 - Change cursor
2024-05-05 16:21:48,741 [INFO] Mcu:2021 - Initializing MCU STM32H7A3Z(G-I)TxQ STM32H7A3ZITxQ STM32H7A3ZIT6Q
2024-05-05 16:21:50,715 [INFO] Context:663 - Trying to add GPIOservice into a context  which must be forbidden
2024-05-05 16:21:51,647 [INFO] RtosManager:555 - Registered RTOS mode: class=CMSIS, group=RTOS, mode=CMSIS_V1, owner=FREERTOS
2024-05-05 16:21:51,647 [INFO] RtosManager:555 - Registered RTOS mode: class=CMSIS, group=RTOS2, mode=CMSIS_V2, owner=FREERTOS
2024-05-05 16:21:51,647 [INFO] RtosManager:555 - Registered RTOS mode: class=RTOS, group=Core, mode=CMSIS_V1, owner=FREERTOS
2024-05-05 16:21:51,647 [INFO] RtosManager:555 - Registered RTOS mode: class=RTOS, group=Core, mode=CMSIS_V2, owner=FREERTOS
2024-05-05 16:21:51,648 [WARN] ModelIntegratedComponent:184 - Missing modes for component STMicroelectronics:FreeRTOS:0.0.1:STMicroelectronics:RTOS:FreeRTOS:Core:::10.2.0:
2024-05-05 16:21:51,661 [WARN] ModelIntegratedComponent:63 - No mode defined for component null
2024-05-05 16:21:51,661 [WARN] ModelIntegratedComponent:63 - No mode defined for component null
2024-05-05 16:21:51,661 [WARN] ModelIntegratedComponent:63 - No mode defined for component null
2024-05-05 16:21:51,661 [WARN] ModelIntegratedComponent:63 - No mode defined for component null
2024-05-05 16:21:51,661 [WARN] ModelIntegratedComponent:63 - No mode defined for component null
2024-05-05 16:21:51,661 [WARN] ModelIntegratedComponent:63 - No mode defined for component null
2024-05-05 16:21:51,661 [WARN] ModelIntegratedComponent:63 - No mode defined for component null
2024-05-05 16:21:51,661 [WARN] ModelIntegratedComponent:63 - No mode defined for component null
2024-05-05 16:21:51,661 [WARN] ModelIntegratedComponent:63 - No mode defined for component null
2024-05-05 16:21:51,661 [WARN] ModelIntegratedComponent:63 - No mode defined for component null
2024-05-05 16:21:51,661 [WARN] ModelIntegratedComponent:63 - No mode defined for component null
2024-05-05 16:21:51,661 [WARN] ModelIntegratedComponent:63 - No mode defined for component null
2024-05-05 16:21:51,661 [WARN] ModelIntegratedComponent:63 - No mode defined for component null
2024-05-05 16:21:51,661 [WARN] ModelIntegratedComponent:63 - No mode defined for component null
2024-05-05 16:21:51,661 [WARN] ModelIntegratedComponent:63 - No mode defined for component null
2024-05-05 16:21:51,661 [WARN] ModelIntegratedComponent:63 - No mode defined for component null
2024-05-05 16:21:51,661 [WARN] ModelIntegratedComponent:63 - No mode defined for component null
2024-05-05 16:21:51,661 [WARN] ModelIntegratedComponent:63 - No mode defined for component null
2024-05-05 16:21:51,661 [WARN] ModelIntegratedComponent:63 - No mode defined for component null
2024-05-05 16:21:51,661 [WARN] ModelIntegratedComponent:63 - No mode defined for component null
2024-05-05 16:21:51,661 [WARN] ModelIntegratedComponent:63 - No mode defined for component null
2024-05-05 16:21:51,661 [WARN] ModelIntegratedComponent:63 - No mode defined for component null
2024-05-05 16:21:51,661 [WARN] ModelIntegratedComponent:63 - No mode defined for component null
2024-05-05 16:21:51,662 [WARN] ModelIntegratedComponent:63 - No mode defined for component null
2024-05-05 16:21:51,662 [WARN] ModelIntegratedComponent:63 - No mode defined for component null
2024-05-05 16:21:51,662 [WARN] ModelIntegratedComponent:63 - No mode defined for component null
2024-05-05 16:21:51,662 [WARN] ModelIntegratedComponent:63 - No mode defined for component null
2024-05-05 16:21:51,662 [WARN] ModelIntegratedComponent:63 - No mode defined for component null
2024-05-05 16:21:51,662 [WARN] ModelIntegratedComponent:63 - No mode defined for component null
2024-05-05 16:21:51,662 [WARN] ModelIntegratedComponent:63 - No mode defined for component null
2024-05-05 16:21:51,662 [WARN] ModelIntegratedComponent:63 - No mode defined for component null
2024-05-05 16:21:51,662 [WARN] ModelIntegratedComponent:63 - No mode defined for component null
2024-05-05 16:21:51,662 [WARN] ModelIntegratedComponent:63 - No mode defined for component null
2024-05-05 16:21:51,662 [WARN] ModelIntegratedComponent:63 - No mode defined for component null
2024-05-05 16:21:51,697 [WARN] ModelIntegratedComponent:182 - Modes not found for component STMicroelectronics:USB_DEVICE:1.0.0:STMicroelectronics:USB::USB Device:Audio FS::1.0:USB_DEVICE_1_0_RESTRICTED_FS
2024-05-05 16:21:51,698 [WARN] ModelIntegratedComponent:188 - Modes not found for component STMicroelectronics:USB_DEVICE:1.0.0:STMicroelectronics:USB::USB Device:Audio FS::1.0:USB_DEVICE_1_0_RESTRICTED_FS
2024-05-05 16:21:51,698 [WARN] ModelIntegratedComponent:182 - Modes not found for component STMicroelectronics:USB_DEVICE:1.0.0:STMicroelectronics:USB::USB Device:CDC FS::1.0:USB_DEVICE_1_0_RESTRICTED_FS
2024-05-05 16:21:51,698 [WARN] ModelIntegratedComponent:188 - Modes not found for component STMicroelectronics:USB_DEVICE:1.0.0:STMicroelectronics:USB::USB Device:CDC FS::1.0:USB_DEVICE_1_0_RESTRICTED_FS
2024-05-05 16:21:51,698 [WARN] ModelIntegratedComponent:182 - Modes not found for component STMicroelectronics:USB_DEVICE:1.0.0:STMicroelectronics:USB::USB Device:DFU FS::1.0:USB_DEVICE_1_0_RESTRICTED_FS
2024-05-05 16:21:51,698 [WARN] ModelIntegratedComponent:188 - Modes not found for component STMicroelectronics:USB_DEVICE:1.0.0:STMicroelectronics:USB::USB Device:DFU FS::1.0:USB_DEVICE_1_0_RESTRICTED_FS
2024-05-05 16:21:51,698 [WARN] ModelIntegratedComponent:182 - Modes not found for component STMicroelectronics:USB_DEVICE:1.0.0:STMicroelectronics:USB::USB Device:HID FS::1.0:USB_DEVICE_1_0_RESTRICTED_FS
2024-05-05 16:21:51,698 [WARN] ModelIntegratedComponent:188 - Modes not found for component STMicroelectronics:USB_DEVICE:1.0.0:STMicroelectronics:USB::USB Device:HID FS::1.0:USB_DEVICE_1_0_RESTRICTED_FS
2024-05-05 16:21:51,698 [WARN] ModelIntegratedComponent:182 - Modes not found for component STMicroelectronics:USB_DEVICE:1.0.0:STMicroelectronics:USB::USB Device:Custom HID FS::1.0:USB_DEVICE_1_0_RESTRICTED_FS
2024-05-05 16:21:51,698 [WARN] ModelIntegratedComponent:188 - Modes not found for component STMicroelectronics:USB_DEVICE:1.0.0:STMicroelectronics:USB::USB Device:Custom HID FS::1.0:USB_DEVICE_1_0_RESTRICTED_FS
2024-05-05 16:21:51,698 [WARN] ModelIntegratedComponent:182 - Modes not found for component STMicroelectronics:USB_DEVICE:1.0.0:STMicroelectronics:USB::USB Device:MSC FS::1.0:USB_DEVICE_1_0_RESTRICTED_FS
2024-05-05 16:21:51,698 [WARN] ModelIntegratedComponent:188 - Modes not found for component STMicroelectronics:USB_DEVICE:1.0.0:STMicroelectronics:USB::USB Device:MSC FS::1.0:USB_DEVICE_1_0_RESTRICTED_FS
2024-05-05 16:21:51,740 [WARN] ModelIntegratedComponent:182 - Modes not found for component STMicroelectronics:USB_HOST:1.0.0:STMicroelectronics:USB::USB Host:Audio FS::1.0:USB_HOST_1_0_RESTRICTED_FS
2024-05-05 16:21:51,740 [WARN] ModelIntegratedComponent:188 - Modes not found for component STMicroelectronics:USB_HOST:1.0.0:STMicroelectronics:USB::USB Host:Audio FS::1.0:USB_HOST_1_0_RESTRICTED_FS
2024-05-05 16:21:51,740 [WARN] ModelIntegratedComponent:182 - Modes not found for component STMicroelectronics:USB_HOST:1.0.0:STMicroelectronics:USB::USB Host:CDC FS::1.0:USB_HOST_1_0_RESTRICTED_FS
2024-05-05 16:21:51,740 [WARN] ModelIntegratedComponent:188 - Modes not found for component STMicroelectronics:USB_HOST:1.0.0:STMicroelectronics:USB::USB Host:CDC FS::1.0:USB_HOST_1_0_RESTRICTED_FS
2024-05-05 16:21:51,740 [WARN] ModelIntegratedComponent:182 - Modes not found for component STMicroelectronics:USB_HOST:1.0.0:STMicroelectronics:USB::USB Host:MSC FS::1.0:USB_HOST_1_0_RESTRICTED_FS
2024-05-05 16:21:51,740 [WARN] ModelIntegratedComponent:188 - Modes not found for component STMicroelectronics:USB_HOST:1.0.0:STMicroelectronics:USB::USB Host:MSC FS::1.0:USB_HOST_1_0_RESTRICTED_FS
2024-05-05 16:21:51,740 [WARN] ModelIntegratedComponent:182 - Modes not found for component STMicroelectronics:USB_HOST:1.0.0:STMicroelectronics:USB::USB Host:HID FS::1.0:USB_HOST_1_0_RESTRICTED_FS
2024-05-05 16:21:51,740 [WARN] ModelIntegratedComponent:188 - Modes not found for component STMicroelectronics:USB_HOST:1.0.0:STMicroelectronics:USB::USB Host:HID FS::1.0:USB_HOST_1_0_RESTRICTED_FS
2024-05-05 16:21:51,740 [WARN] ModelIntegratedComponent:182 - Modes not found for component STMicroelectronics:USB_HOST:1.0.0:STMicroelectronics:USB::USB Host:MTP FS::1.0:USB_HOST_1_0_RESTRICTED_FS
2024-05-05 16:21:51,740 [WARN] ModelIntegratedComponent:188 - Modes not found for component STMicroelectronics:USB_HOST:1.0.0:STMicroelectronics:USB::USB Host:MTP FS::1.0:USB_HOST_1_0_RESTRICTED_FS
2024-05-05 16:21:51,858 [INFO] ThirdPartyModel:298 - Start build external matchings
2024-05-05 16:21:53,032 [INFO] ThirdPartyModel:316 - End build external matchings
2024-05-05 16:21:53,064 [INFO] ImportTextPane:194 - (OptionalMessage_ERROR) IP (RCC) : Invalid parameter (FamilyName)
2024-05-05 16:21:53,064 [INFO] ImportTextPane:194 - (OptionalMessage_ERROR) IP (RCC) : Parameter (LTDCFreq_Value) has invalid value (768000000)
2024-05-05 16:21:53,065 [INFO] ImportTextPane:194 - (OptionalMessage_ERROR) IP (RCC) : Parameter (TraceFreq_Value) has invalid value (64000000)
2024-05-05 16:21:53,795 [INFO] ApiDb:581 - Connected to CubeFinder SQLite database (C:\Users\saksh\.stmcufinder\plugins\mcufinder\mcu\cube-finder-db.db)
2024-05-05 16:21:53,849 [INFO] ApiDb:668 - CubeFinder database Data Model version=2.1
2024-05-05 16:21:53,849 [INFO] ApiDb:669 - CubeFinder database Configuration version=3.0.39
2024-05-05 16:21:53,849 [INFO] ApiDb:670 - CubeFinder database generation date=2024-03-25 (1711369621)
2024-05-05 16:21:53,850 [INFO] ApiDb:671 - CubeFinder database FW Pack versions=[FP-ATR-ASTRA1_V2.0.0, FP-SNS-FLIGHT1_V5.0.1, FP-SNS-FLIGHT1_V5.0.2, FP-SNS-MOTENV1_V4.3.1, FP-SNS-MOTENV1_V4.3.2, FP-SNS-MOTENVWB1_V1.3.1, FP-SNS-SMARTAG2_V1.2.0, STM32Cube_FW_C0_V1.1.0, STM32Cube_FW_F4_V1.28.0, STM32Cube_FW_F7_V1.17.0, STM32Cube_FW_G0_V1.6.2, STM32Cube_FW_G4_V1.5.2, STM32Cube_FW_H5_V0.5.1, STM32Cube_FW_H5_V1.1.1, STM32Cube_FW_H5_V1.2.0, STM32Cube_FW_H5_V1.2.0RC4, STM32Cube_FW_H7RS_V1.0.0, STM32Cube_FW_H7RS_V1.0.0RC4, STM32Cube_FW_H7_V1.11.0, STM32Cube_FW_L0_V1.12.2, STM32Cube_FW_L5_V1.5.1, STM32Cube_FW_U0_V1.0.0, STM32Cube_FW_U0_V1.0.0RC1, STM32Cube_FW_U5_V1.3.0RC4, STM32Cube_FW_U5_V1.5.0, STM32Cube_FW_U5_V1.5.0RC1, STM32Cube_FW_WBA_V1.0.0RC1, STM32Cube_FW_WBA_V1.2.0, STM32Cube_FW_WBA_V1.2.0RC2, STM32Cube_FW_WBA_V1.3.0, STM32Cube_FW_WBA_V1.3.0RC1, STM32Cube_FW_WB_V1.15.0RC1, STM32Cube_FW_WB_V1.16.0, STM32Cube_FW_WB_V1.16.0RC2, STM32Cube_FW_WB_V1.18.0, STM32Cube_FW_WB_V1.19.0, STM32Cube_FW_WL_V1.3.0, X-CUBE-ALGOBUILD_V1.3.0, X-CUBE-ALS_V1.0.1, X-CUBE-AZRTOS-F4_V1.1.0, X-CUBE-AZRTOS-F7_V1.1.0, X-CUBE-AZRTOS-G0_V1.1.0, X-CUBE-AZRTOS-G4_V2.0.0, X-CUBE-AZRTOS-H7_V3.2.0, X-CUBE-AZRTOS-L4_V1.0.0, X-CUBE-AZRTOS-L4_V2.0.0, X-CUBE-AZRTOS-L5_V1.1.0, X-CUBE-AZRTOS-WB_V2.0.0, X-CUBE-AZRTOS-WL_V2.0.0, X-CUBE-BLE1_V7.0.0, X-CUBE-BLE2_V3.3.0, X-CUBE-BLEMGR_V3.1.0, X-CUBE-EEPRMA1_V4.1.0, X-CUBE-EEPRMA1_V5.1.0, X-CUBE-FREERTOS_V1.1.0, X-CUBE-GNSS1_V6.0.0, X-CUBE-MEMS1_V10.0.0, X-CUBE-MEMS1_V9.1.0, X-CUBE-MEMS1_V9.4.0, X-CUBE-MEMS1_V9.6.0, X-CUBE-NFC4_V3.0.0, X-CUBE-NFC7_V1.0.1, X-CUBE-SFXS2LP1_V4.0.0, X-CUBE-SUBG2_V5.0.0, X-CUBE-TOF1_V3.4.0]
2024-05-05 16:21:53,977 [INFO] DbBoardsSqlite:226 - include board P-NUCLEO-WB55-NUCLEO as a kit item of type 'Nucleo-64'
2024-05-05 16:21:53,979 [INFO] DbBoardsSqlite:226 - include board P-NUCLEO-WB55-USBDONGLE as a kit item of type 'Nucleo USB Dongle'
2024-05-05 16:21:53,982 [INFO] DbBoardsSqlite:226 - include board STEVAL-IDP005V1 as a kit item of type 'Evaluation Board'
2024-05-05 16:21:53,982 [INFO] DbBoardsSqlite:226 - include board STEVAL-IDP005V2 as a kit item of type 'Evaluation Board'
2024-05-05 16:21:54,269 [INFO] ApiDb:240 - Found 483 in-development CPN: [B-G473E-ZEST1S, B-WB1M-WPAN1, B-WL5M-SUBG1, NUCLEO-C031C6, NUCLEO-H503RB, NUCLEO-H533RE, NUCLEO-H563ZI, NUCLEO-H7S3L8, NUCLEO-U031R8, NUCLEO-U083RC, NUCLEO-U545RE-Q, NUCLEO-U5A5ZJ-Q, NUCLEO-WBA52CG, NUCLEO-WBA55CG, STEVAL-PROTEUS1, STEVAL-SMARTAG2, STEVAL-STWINBX1, STM320518-EVAL, STM32C0116-DK, STM32C011D6Y3TR, STM32C011D6Y6TR, STM32C011F4P3, STM32C011F4P6, STM32C011F4U3, STM32C011F4U6TR, STM32C011F6P3, STM32C011F6P6, STM32C011F6U3, STM32C011F6U6TR, STM32C011J4M3, STM32C011J4M6, STM32C011J6M3, STM32C011J6M6, STM32C0316-DK, STM32C031C4T3, STM32C031C4T6, STM32C031C4U3, STM32C031C4U6, STM32C031C6T3, STM32C031C6T6, STM32C031C6U3, STM32C031C6U6, STM32C031F4P3, STM32C031F4P6, STM32C031F6P3, STM32C031F6P6, STM32C031G4U3, STM32C031G4U6, STM32C031G6U3, STM32C031G6U6, STM32C031K4T3, STM32C031K4T6, STM32C031K4U3, STM32C031K4U6, STM32C031K6T3, STM32C031K6T6, STM32C031K6U3, STM32C031K6U6, STM32G071K8TXN, STM32G071K8UXN, STM32G081GBU6N, STM32G081KBT6N, STM32G081KBUXN, STM32G0B1CCT6N, STM32G0B1KCT6, STM32G0B1NEY6TR, STM32G0B1RCT6N, STM32G0C1CCT6, STM32G0C1CCT6N, STM32G0C1CCU6N, STM32G0C1CET6N, STM32G0C1CEU6N, STM32G0C1KCT6, STM32G0C1NEY6TR, STM32G0C1RCI6N, STM32G0C1RCT6N, STM32G0C1REI6N, STM32G0C1RET6N, STM32G0C1VCI6, STM32G0C1VEI6, STM32G471CCT6, STM32G471CCU6, STM32G471CET3, STM32G471CET6, STM32G471CEU3, STM32G471CEU6, STM32G471MCT6, STM32G471MET3, STM32G471MET6, STM32G471MEY6TR, STM32G471QCT6, STM32G471QET3, STM32G471RCT6, STM32G471RET3, STM32G471RET6, STM32G471VCH6, STM32G471VCI6, STM32G471VCT6, STM32G471VEH3, STM32G471VEH6, STM32G471VEI3, STM32G471VEI6, STM32G471VET3, STM32G471VET6, STM32G474CCT6, STM32H503CBT6, STM32H503CBU6, STM32H503EBY6TR, STM32H503KBU6, STM32H503RBT6, STM32H523CCT6, STM32H523CCU6, STM32H523CET6, STM32H523CEU6, STM32H523HEY6TR, STM32H523RCT6, STM32H523RET6, STM32H523VCI6, STM32H523VCT6, STM32H523VEI6, STM32H523VET6, STM32H523ZCJ6, STM32H523ZCT6, STM32H523ZEJ6, STM32H523ZET6, STM32H533CET6, STM32H533CEU6, STM32H533HEY6TR, STM32H533RET6, STM32H533VEI6, STM32H533VET6, STM32H533ZEJ6, STM32H533ZET6, STM32H562AGI6, STM32H562AII6, STM32H562IGK6, STM32H562IGT6, STM32H562IIK6, STM32H562IIT6, STM32H562RGT6, STM32H562RGV6, STM32H562RIT6, STM32H562RIV6, STM32H562VGT6, STM32H562VIT6, STM32H562ZGT6, STM32H562ZIT6, STM32H563AGI6, STM32H563AII3Q, STM32H563AII6, STM32H563IGK6, STM32H563IGT6, STM32H563IIK3Q, STM32H563IIK6, STM32H563IIT3Q, STM32H563IIT6, STM32H563MIY3QTR, STM32H563RGT6, STM32H563RGV6, STM32H563RIT6, STM32H563RIV6, STM32H563VGT6, STM32H563VIT3Q, STM32H563VIT6, STM32H563ZGT6, STM32H563ZIT3Q, STM32H563ZIT6, STM32H573AII3Q, STM32H573AII6, STM32H573I-DK, STM32H573IIK3Q, STM32H573IIK6, STM32H573IIT3Q, STM32H573IIT6, STM32H573MIY3QTR, STM32H573RIT6, STM32H573RIV6, STM32H573VIT3Q, STM32H573VIT6, STM32H573ZIT3Q, STM32H573ZIT6, STM32H7R3A8I6, STM32H7R3I8K6, STM32H7R3I8T6, STM32H7R3L8H6, STM32H7R3L8H6H, STM32H7R3R8V6, STM32H7R3V8H6, STM32H7R3V8T6, STM32H7R3V8Y6, STM32H7R3Z8J6, STM32H7R3Z8T6, STM32H7R7A8I6, STM32H7R7I8K6, STM32H7R7I8T6, STM32H7R7L8H6, STM32H7R7L8H6H, STM32H7R7Z8J6, STM32H7S3A8I6, STM32H7S3I8K6, STM32H7S3I8T6, STM32H7S3L8H6, STM32H7S3L8H6H, STM32H7S3R8V6, STM32H7S3V8H6, STM32H7S3V8T6, STM32H7S3V8Y6, STM32H7S3Z8J6, STM32H7S3Z8T6, STM32H7S78-DK, STM32H7S7A8I6, STM32H7S7I8K6, STM32H7S7I8T6, STM32H7S7L8H6, STM32H7S7L8H6H, STM32H7S7Z8J6, STM32L4R5QGI6STR, STM32MP131AAE3, STM32MP131AAF3, STM32MP131AAG3, STM32MP131CAE3, STM32MP131CAF3, STM32MP131CAG3, STM32MP131DAE7, STM32MP131DAF7, STM32MP131DAG7, STM32MP131FAE7, STM32MP131FAF7, STM32MP131FAG7, STM32MP133AAE3, STM32MP133AAF3, STM32MP133AAG3, STM32MP133CAE3, STM32MP133CAF3, STM32MP133CAG3, STM32MP133DAE7, STM32MP133DAF7, STM32MP133DAG7, STM32MP133FAE7, STM32MP133FAF7, STM32MP133FAG7, STM32MP135AAE3, STM32MP135AAF3, STM32MP135AAG3, STM32MP135CAE3, STM32MP135CAF3, STM32MP135CAG3, STM32MP135DAE7, STM32MP135DAF7, STM32MP135DAG7, STM32MP135F-DK, STM32MP135FAE7, STM32MP135FAF7, STM32MP135FAF7T, STM32MP135FAF7U, STM32MP135FAG7, STM32U031C6T6, STM32U031C6U6, STM32U031C8T6, STM32U031C8U6, STM32U031F4P6, STM32U031F6P6, STM32U031F8P6, STM32U031G6Y6TR, STM32U031G8Y6TR, STM32U031K4U6, STM32U031K6U6, STM32U031K8U6, STM32U031R6I6, STM32U031R6T6, STM32U031R8I6, STM32U031R8T6, STM32U073C8T6, STM32U073C8U6, STM32U073CBT6, STM32U073CBU6, STM32U073CCT6, STM32U073CCU6, STM32U073H8Y6TR, STM32U073HBY6TR, STM32U073HCY6TR, STM32U073K8U6, STM32U073KBU6, STM32U073KCU6, STM32U073M8I6, STM32U073M8T6, STM32U073MBI6, STM32U073MBT6, STM32U073MCI6, STM32U073MCT6, STM32U073R8I6, STM32U073R8T6, STM32U073RBI6, STM32U073RBT6, STM32U073RCI6, STM32U073RCT6, STM32U083C-DK, STM32U083CCT6, STM32U083CCU6, STM32U083HCY6TR, STM32U083KCU6, STM32U083MCI6, STM32U083MCT6, STM32U083RCI6, STM32U083RCT6, STM32U535CBT6, STM32U535CBT6Q, STM32U535CBU6, STM32U535CBU6Q, STM32U535CCT6, STM32U535CCT6Q, STM32U535CCU6, STM32U535CCU6Q, STM32U535CET6, STM32U535CET6Q, STM32U535CEU6, STM32U535CEU6Q, STM32U535JEY6QTR, STM32U535NCY6QTR, STM32U535NEY6QTR, STM32U535RBI6, STM32U535RBI6Q, STM32U535RBT6, STM32U535RBT6Q, STM32U535RCI6, STM32U535RCI6Q, STM32U535RCT6, STM32U535RCT6Q, STM32U535REI6, STM32U535REI6Q, STM32U535RET6, STM32U535RET6Q, STM32U535VCI6, STM32U535VCI6Q, STM32U535VCT6, STM32U535VCT6Q, STM32U535VEI6, STM32U535VEI6Q, STM32U535VET6, STM32U535VET6Q, STM32U545CET6, STM32U545CET6Q, STM32U545CEU6, STM32U545CEU6Q, STM32U545JEY6QTR, STM32U545NEY6QTR, STM32U545REI6, STM32U545REI6Q, STM32U545RET6, STM32U545RET6Q, STM32U545VEI6, STM32U545VEI6Q, STM32U545VET6, STM32U545VET6Q, STM32U595AIH6, STM32U595AIH6Q, STM32U595AJH6, STM32U595AJH6Q, STM32U595QII6, STM32U595QII6Q, STM32U595QJI6, STM32U595QJI6Q, STM32U595RIT6, STM32U595RIT6Q, STM32U595RJT6, STM32U595RJT6Q, STM32U595VIT6, STM32U595VIT6Q, STM32U595VJT6, STM32U595VJT6Q, STM32U595ZIT6, STM32U595ZIT6Q, STM32U595ZIY6QTR, STM32U595ZJT6, STM32U595ZJT6Q, STM32U595ZJY6QTR, STM32U599BJY6QTR, STM32U599NIH6Q, STM32U599NJH6Q, STM32U599VIT6Q, STM32U599VJT6, STM32U599VJT6Q, STM32U599ZIT6Q, STM32U599ZIY6QTR, STM32U599ZJT6Q, STM32U599ZJY6QTR, STM32U5A5AJH6, STM32U5A5AJH6Q, STM32U5A5QII3Q , STM32U5A5QJI6, STM32U5A5QJI6Q, STM32U5A5RJT6, STM32U5A5RJT6Q, STM32U5A5VJT6, STM32U5A5VJT6Q, STM32U5A5ZJT6, STM32U5A5ZJT6Q, STM32U5A5ZJY6QTR, STM32U5A9BJY6QTR, STM32U5A9J-DK, STM32U5A9NJH6Q, STM32U5A9VJT6Q, STM32U5A9ZJT6Q, STM32U5A9ZJY6QTR, STM32U5F7VIT6, STM32U5F7VIT6Q, STM32U5F7VJT6, STM32U5F7VJT6Q, STM32U5F9BJY6QTR, STM32U5F9NJH6Q, STM32U5F9VIT6Q, STM32U5F9VJT6Q, STM32U5F9ZIJ6QTR, STM32U5F9ZIT6Q, STM32U5F9ZJJ6QTR, STM32U5F9ZJT6Q, STM32U5G7VJT6, STM32U5G7VJT6Q, STM32U5G9BJY6QTR, STM32U5G9J-DK1, STM32U5G9J-DK2, STM32U5G9NJH6Q, STM32U5G9VJT6Q, STM32U5G9ZJJ6QTR, STM32U5G9ZJT6Q, STM32WB1MMCH6, STM32WBA50KEU6, STM32WBA50KEU6TR, STM32WBA50KGU6, STM32WBA50KGU6TR, STM32WBA52CEU6, STM32WBA52CEU6TR, STM32WBA52CEU7, STM32WBA52CEU7TR, STM32WBA52CGU6, STM32WBA52CGU6TR, STM32WBA52CGU6U, STM32WBA52CGU7, STM32WBA52CGU7TR, STM32WBA52KEU6, STM32WBA52KEU6TR, STM32WBA52KGU6, STM32WBA52KGU6TR, STM32WBA54CEU6, STM32WBA54CEU6TR, STM32WBA54CEU7, STM32WBA54CEU7TR, STM32WBA54CGU6, STM32WBA54CGU6TR, STM32WBA54CGU7, STM32WBA54CGU7TR, STM32WBA54KEU6, STM32WBA54KEU6TR, STM32WBA54KEU7, STM32WBA54KEU7TR, STM32WBA54KGU6, STM32WBA54KGU6TR, STM32WBA54KGU7, STM32WBA54KGU7TR, STM32WBA55CEU6, STM32WBA55CEU6TR, STM32WBA55CEU7, STM32WBA55CEU7TR, STM32WBA55CGU6, STM32WBA55CGU6TR, STM32WBA55CGU6U, STM32WBA55CGU7, STM32WBA55CGU7TR, STM32WBA55G-DK1, STM32WBA55HEF6, STM32WBA55HEF7, STM32WBA55HGF6, STM32WBA55HGF7, STM32WBA55UEI6, STM32WBA55UEI6TR, STM32WBA55UEI7, STM32WBA55UEI7TR, STM32WBA55UGI6, STM32WBA55UGI6TR, STM32WBA55UGI7, STM32WBA55UGI7TR, STM32WL5MOCH6, STM32WL5MOCH6TR]
2024-05-05 16:21:54,339 [INFO] BoardInfo:889 - No configuration file found for board P-NUCLEO-WB55
2024-05-05 16:21:54,340 [INFO] DbBoards:161 - Kit is not supported: P-NUCLEO-WB55
2024-05-05 16:21:54,342 [INFO] BoardInfo:889 - No configuration file found for board STEVAL-BFA001V1B
2024-05-05 16:21:54,343 [INFO] DbBoards:161 - Kit is not supported: STEVAL-BFA001V1B
2024-05-05 16:21:54,343 [INFO] BoardInfo:889 - No configuration file found for board STEVAL-BFA001V2B
2024-05-05 16:21:54,343 [INFO] DbBoards:161 - Kit is not supported: STEVAL-BFA001V2B
2024-05-05 16:21:54,424 [INFO] DbBoards:168 - Found 199 boards, 196 are supported
2024-05-05 16:21:54,424 [INFO] DbBoards:169 - Found 199 boards, 8 of them is supported for  Bsp
2024-05-05 16:21:54,427 [INFO] ApiDb:668 - CubeFinder database Data Model version=2.1
2024-05-05 16:21:54,427 [INFO] ApiDb:669 - CubeFinder database Configuration version=3.0.39
2024-05-05 16:21:54,427 [INFO] ApiDb:670 - CubeFinder database generation date=2024-03-25 (1711369621)
2024-05-05 16:21:54,427 [INFO] ApiDb:671 - CubeFinder database FW Pack versions=[FP-ATR-ASTRA1_V2.0.0, FP-SNS-FLIGHT1_V5.0.1, FP-SNS-FLIGHT1_V5.0.2, FP-SNS-MOTENV1_V4.3.1, FP-SNS-MOTENV1_V4.3.2, FP-SNS-MOTENVWB1_V1.3.1, FP-SNS-SMARTAG2_V1.2.0, STM32Cube_FW_C0_V1.1.0, STM32Cube_FW_F4_V1.28.0, STM32Cube_FW_F7_V1.17.0, STM32Cube_FW_G0_V1.6.2, STM32Cube_FW_G4_V1.5.2, STM32Cube_FW_H5_V0.5.1, STM32Cube_FW_H5_V1.1.1, STM32Cube_FW_H5_V1.2.0, STM32Cube_FW_H5_V1.2.0RC4, STM32Cube_FW_H7RS_V1.0.0, STM32Cube_FW_H7RS_V1.0.0RC4, STM32Cube_FW_H7_V1.11.0, STM32Cube_FW_L0_V1.12.2, STM32Cube_FW_L5_V1.5.1, STM32Cube_FW_U0_V1.0.0, STM32Cube_FW_U0_V1.0.0RC1, STM32Cube_FW_U5_V1.3.0RC4, STM32Cube_FW_U5_V1.5.0, STM32Cube_FW_U5_V1.5.0RC1, STM32Cube_FW_WBA_V1.0.0RC1, STM32Cube_FW_WBA_V1.2.0, STM32Cube_FW_WBA_V1.2.0RC2, STM32Cube_FW_WBA_V1.3.0, STM32Cube_FW_WBA_V1.3.0RC1, STM32Cube_FW_WB_V1.15.0RC1, STM32Cube_FW_WB_V1.16.0, STM32Cube_FW_WB_V1.16.0RC2, STM32Cube_FW_WB_V1.18.0, STM32Cube_FW_WB_V1.19.0, STM32Cube_FW_WL_V1.3.0, X-CUBE-ALGOBUILD_V1.3.0, X-CUBE-ALS_V1.0.1, X-CUBE-AZRTOS-F4_V1.1.0, X-CUBE-AZRTOS-F7_V1.1.0, X-CUBE-AZRTOS-G0_V1.1.0, X-CUBE-AZRTOS-G4_V2.0.0, X-CUBE-AZRTOS-H7_V3.2.0, X-CUBE-AZRTOS-L4_V1.0.0, X-CUBE-AZRTOS-L4_V2.0.0, X-CUBE-AZRTOS-L5_V1.1.0, X-CUBE-AZRTOS-WB_V2.0.0, X-CUBE-AZRTOS-WL_V2.0.0, X-CUBE-BLE1_V7.0.0, X-CUBE-BLE2_V3.3.0, X-CUBE-BLEMGR_V3.1.0, X-CUBE-EEPRMA1_V4.1.0, X-CUBE-EEPRMA1_V5.1.0, X-CUBE-FREERTOS_V1.1.0, X-CUBE-GNSS1_V6.0.0, X-CUBE-MEMS1_V10.0.0, X-CUBE-MEMS1_V9.1.0, X-CUBE-MEMS1_V9.4.0, X-CUBE-MEMS1_V9.6.0, X-CUBE-NFC4_V3.0.0, X-CUBE-NFC7_V1.0.1, X-CUBE-SFXS2LP1_V4.0.0, X-CUBE-SUBG2_V5.0.0, X-CUBE-TOF1_V3.4.0]
2024-05-05 16:21:55,787 [INFO] ApiDb:240 - Found 483 in-development CPN: [B-G473E-ZEST1S, B-WB1M-WPAN1, B-WL5M-SUBG1, NUCLEO-C031C6, NUCLEO-H503RB, NUCLEO-H533RE, NUCLEO-H563ZI, NUCLEO-H7S3L8, NUCLEO-U031R8, NUCLEO-U083RC, NUCLEO-U545RE-Q, NUCLEO-U5A5ZJ-Q, NUCLEO-WBA52CG, NUCLEO-WBA55CG, STEVAL-PROTEUS1, STEVAL-SMARTAG2, STEVAL-STWINBX1, STM320518-EVAL, STM32C0116-DK, STM32C011D6Y3TR, STM32C011D6Y6TR, STM32C011F4P3, STM32C011F4P6, STM32C011F4U3, STM32C011F4U6TR, STM32C011F6P3, STM32C011F6P6, STM32C011F6U3, STM32C011F6U6TR, STM32C011J4M3, STM32C011J4M6, STM32C011J6M3, STM32C011J6M6, STM32C0316-DK, STM32C031C4T3, STM32C031C4T6, STM32C031C4U3, STM32C031C4U6, STM32C031C6T3, STM32C031C6T6, STM32C031C6U3, STM32C031C6U6, STM32C031F4P3, STM32C031F4P6, STM32C031F6P3, STM32C031F6P6, STM32C031G4U3, STM32C031G4U6, STM32C031G6U3, STM32C031G6U6, STM32C031K4T3, STM32C031K4T6, STM32C031K4U3, STM32C031K4U6, STM32C031K6T3, STM32C031K6T6, STM32C031K6U3, STM32C031K6U6, STM32G071K8TXN, STM32G071K8UXN, STM32G081GBU6N, STM32G081KBT6N, STM32G081KBUXN, STM32G0B1CCT6N, STM32G0B1KCT6, STM32G0B1NEY6TR, STM32G0B1RCT6N, STM32G0C1CCT6, STM32G0C1CCT6N, STM32G0C1CCU6N, STM32G0C1CET6N, STM32G0C1CEU6N, STM32G0C1KCT6, STM32G0C1NEY6TR, STM32G0C1RCI6N, STM32G0C1RCT6N, STM32G0C1REI6N, STM32G0C1RET6N, STM32G0C1VCI6, STM32G0C1VEI6, STM32G471CCT6, STM32G471CCU6, STM32G471CET3, STM32G471CET6, STM32G471CEU3, STM32G471CEU6, STM32G471MCT6, STM32G471MET3, STM32G471MET6, STM32G471MEY6TR, STM32G471QCT6, STM32G471QET3, STM32G471RCT6, STM32G471RET3, STM32G471RET6, STM32G471VCH6, STM32G471VCI6, STM32G471VCT6, STM32G471VEH3, STM32G471VEH6, STM32G471VEI3, STM32G471VEI6, STM32G471VET3, STM32G471VET6, STM32G474CCT6, STM32H503CBT6, STM32H503CBU6, STM32H503EBY6TR, STM32H503KBU6, STM32H503RBT6, STM32H523CCT6, STM32H523CCU6, STM32H523CET6, STM32H523CEU6, STM32H523HEY6TR, STM32H523RCT6, STM32H523RET6, STM32H523VCI6, STM32H523VCT6, STM32H523VEI6, STM32H523VET6, STM32H523ZCJ6, STM32H523ZCT6, STM32H523ZEJ6, STM32H523ZET6, STM32H533CET6, STM32H533CEU6, STM32H533HEY6TR, STM32H533RET6, STM32H533VEI6, STM32H533VET6, STM32H533ZEJ6, STM32H533ZET6, STM32H562AGI6, STM32H562AII6, STM32H562IGK6, STM32H562IGT6, STM32H562IIK6, STM32H562IIT6, STM32H562RGT6, STM32H562RGV6, STM32H562RIT6, STM32H562RIV6, STM32H562VGT6, STM32H562VIT6, STM32H562ZGT6, STM32H562ZIT6, STM32H563AGI6, STM32H563AII3Q, STM32H563AII6, STM32H563IGK6, STM32H563IGT6, STM32H563IIK3Q, STM32H563IIK6, STM32H563IIT3Q, STM32H563IIT6, STM32H563MIY3QTR, STM32H563RGT6, STM32H563RGV6, STM32H563RIT6, STM32H563RIV6, STM32H563VGT6, STM32H563VIT3Q, STM32H563VIT6, STM32H563ZGT6, STM32H563ZIT3Q, STM32H563ZIT6, STM32H573AII3Q, STM32H573AII6, STM32H573I-DK, STM32H573IIK3Q, STM32H573IIK6, STM32H573IIT3Q, STM32H573IIT6, STM32H573MIY3QTR, STM32H573RIT6, STM32H573RIV6, STM32H573VIT3Q, STM32H573VIT6, STM32H573ZIT3Q, STM32H573ZIT6, STM32H7R3A8I6, STM32H7R3I8K6, STM32H7R3I8T6, STM32H7R3L8H6, STM32H7R3L8H6H, STM32H7R3R8V6, STM32H7R3V8H6, STM32H7R3V8T6, STM32H7R3V8Y6, STM32H7R3Z8J6, STM32H7R3Z8T6, STM32H7R7A8I6, STM32H7R7I8K6, STM32H7R7I8T6, STM32H7R7L8H6, STM32H7R7L8H6H, STM32H7R7Z8J6, STM32H7S3A8I6, STM32H7S3I8K6, STM32H7S3I8T6, STM32H7S3L8H6, STM32H7S3L8H6H, STM32H7S3R8V6, STM32H7S3V8H6, STM32H7S3V8T6, STM32H7S3V8Y6, STM32H7S3Z8J6, STM32H7S3Z8T6, STM32H7S78-DK, STM32H7S7A8I6, STM32H7S7I8K6, STM32H7S7I8T6, STM32H7S7L8H6, STM32H7S7L8H6H, STM32H7S7Z8J6, STM32L4R5QGI6STR, STM32MP131AAE3, STM32MP131AAF3, STM32MP131AAG3, STM32MP131CAE3, STM32MP131CAF3, STM32MP131CAG3, STM32MP131DAE7, STM32MP131DAF7, STM32MP131DAG7, STM32MP131FAE7, STM32MP131FAF7, STM32MP131FAG7, STM32MP133AAE3, STM32MP133AAF3, STM32MP133AAG3, STM32MP133CAE3, STM32MP133CAF3, STM32MP133CAG3, STM32MP133DAE7, STM32MP133DAF7, STM32MP133DAG7, STM32MP133FAE7, STM32MP133FAF7, STM32MP133FAG7, STM32MP135AAE3, STM32MP135AAF3, STM32MP135AAG3, STM32MP135CAE3, STM32MP135CAF3, STM32MP135CAG3, STM32MP135DAE7, STM32MP135DAF7, STM32MP135DAG7, STM32MP135F-DK, STM32MP135FAE7, STM32MP135FAF7, STM32MP135FAF7T, STM32MP135FAF7U, STM32MP135FAG7, STM32U031C6T6, STM32U031C6U6, STM32U031C8T6, STM32U031C8U6, STM32U031F4P6, STM32U031F6P6, STM32U031F8P6, STM32U031G6Y6TR, STM32U031G8Y6TR, STM32U031K4U6, STM32U031K6U6, STM32U031K8U6, STM32U031R6I6, STM32U031R6T6, STM32U031R8I6, STM32U031R8T6, STM32U073C8T6, STM32U073C8U6, STM32U073CBT6, STM32U073CBU6, STM32U073CCT6, STM32U073CCU6, STM32U073H8Y6TR, STM32U073HBY6TR, STM32U073HCY6TR, STM32U073K8U6, STM32U073KBU6, STM32U073KCU6, STM32U073M8I6, STM32U073M8T6, STM32U073MBI6, STM32U073MBT6, STM32U073MCI6, STM32U073MCT6, STM32U073R8I6, STM32U073R8T6, STM32U073RBI6, STM32U073RBT6, STM32U073RCI6, STM32U073RCT6, STM32U083C-DK, STM32U083CCT6, STM32U083CCU6, STM32U083HCY6TR, STM32U083KCU6, STM32U083MCI6, STM32U083MCT6, STM32U083RCI6, STM32U083RCT6, STM32U535CBT6, STM32U535CBT6Q, STM32U535CBU6, STM32U535CBU6Q, STM32U535CCT6, STM32U535CCT6Q, STM32U535CCU6, STM32U535CCU6Q, STM32U535CET6, STM32U535CET6Q, STM32U535CEU6, STM32U535CEU6Q, STM32U535JEY6QTR, STM32U535NCY6QTR, STM32U535NEY6QTR, STM32U535RBI6, STM32U535RBI6Q, STM32U535RBT6, STM32U535RBT6Q, STM32U535RCI6, STM32U535RCI6Q, STM32U535RCT6, STM32U535RCT6Q, STM32U535REI6, STM32U535REI6Q, STM32U535RET6, STM32U535RET6Q, STM32U535VCI6, STM32U535VCI6Q, STM32U535VCT6, STM32U535VCT6Q, STM32U535VEI6, STM32U535VEI6Q, STM32U535VET6, STM32U535VET6Q, STM32U545CET6, STM32U545CET6Q, STM32U545CEU6, STM32U545CEU6Q, STM32U545JEY6QTR, STM32U545NEY6QTR, STM32U545REI6, STM32U545REI6Q, STM32U545RET6, STM32U545RET6Q, STM32U545VEI6, STM32U545VEI6Q, STM32U545VET6, STM32U545VET6Q, STM32U595AIH6, STM32U595AIH6Q, STM32U595AJH6, STM32U595AJH6Q, STM32U595QII6, STM32U595QII6Q, STM32U595QJI6, STM32U595QJI6Q, STM32U595RIT6, STM32U595RIT6Q, STM32U595RJT6, STM32U595RJT6Q, STM32U595VIT6, STM32U595VIT6Q, STM32U595VJT6, STM32U595VJT6Q, STM32U595ZIT6, STM32U595ZIT6Q, STM32U595ZIY6QTR, STM32U595ZJT6, STM32U595ZJT6Q, STM32U595ZJY6QTR, STM32U599BJY6QTR, STM32U599NIH6Q, STM32U599NJH6Q, STM32U599VIT6Q, STM32U599VJT6, STM32U599VJT6Q, STM32U599ZIT6Q, STM32U599ZIY6QTR, STM32U599ZJT6Q, STM32U599ZJY6QTR, STM32U5A5AJH6, STM32U5A5AJH6Q, STM32U5A5QII3Q , STM32U5A5QJI6, STM32U5A5QJI6Q, STM32U5A5RJT6, STM32U5A5RJT6Q, STM32U5A5VJT6, STM32U5A5VJT6Q, STM32U5A5ZJT6, STM32U5A5ZJT6Q, STM32U5A5ZJY6QTR, STM32U5A9BJY6QTR, STM32U5A9J-DK, STM32U5A9NJH6Q, STM32U5A9VJT6Q, STM32U5A9ZJT6Q, STM32U5A9ZJY6QTR, STM32U5F7VIT6, STM32U5F7VIT6Q, STM32U5F7VJT6, STM32U5F7VJT6Q, STM32U5F9BJY6QTR, STM32U5F9NJH6Q, STM32U5F9VIT6Q, STM32U5F9VJT6Q, STM32U5F9ZIJ6QTR, STM32U5F9ZIT6Q, STM32U5F9ZJJ6QTR, STM32U5F9ZJT6Q, STM32U5G7VJT6, STM32U5G7VJT6Q, STM32U5G9BJY6QTR, STM32U5G9J-DK1, STM32U5G9J-DK2, STM32U5G9NJH6Q, STM32U5G9VJT6Q, STM32U5G9ZJJ6QTR, STM32U5G9ZJT6Q, STM32WB1MMCH6, STM32WBA50KEU6, STM32WBA50KEU6TR, STM32WBA50KGU6, STM32WBA50KGU6TR, STM32WBA52CEU6, STM32WBA52CEU6TR, STM32WBA52CEU7, STM32WBA52CEU7TR, STM32WBA52CGU6, STM32WBA52CGU6TR, STM32WBA52CGU6U, STM32WBA52CGU7, STM32WBA52CGU7TR, STM32WBA52KEU6, STM32WBA52KEU6TR, STM32WBA52KGU6, STM32WBA52KGU6TR, STM32WBA54CEU6, STM32WBA54CEU6TR, STM32WBA54CEU7, STM32WBA54CEU7TR, STM32WBA54CGU6, STM32WBA54CGU6TR, STM32WBA54CGU7, STM32WBA54CGU7TR, STM32WBA54KEU6, STM32WBA54KEU6TR, STM32WBA54KEU7, STM32WBA54KEU7TR, STM32WBA54KGU6, STM32WBA54KGU6TR, STM32WBA54KGU7, STM32WBA54KGU7TR, STM32WBA55CEU6, STM32WBA55CEU6TR, STM32WBA55CEU7, STM32WBA55CEU7TR, STM32WBA55CGU6, STM32WBA55CGU6TR, STM32WBA55CGU6U, STM32WBA55CGU7, STM32WBA55CGU7TR, STM32WBA55G-DK1, STM32WBA55HEF6, STM32WBA55HEF7, STM32WBA55HGF6, STM32WBA55HGF7, STM32WBA55UEI6, STM32WBA55UEI6TR, STM32WBA55UEI7, STM32WBA55UEI7TR, STM32WBA55UGI6, STM32WBA55UGI6TR, STM32WBA55UGI7, STM32WBA55UGI7TR, STM32WL5MOCH6, STM32WL5MOCH6TR]
2024-05-05 16:21:55,789 [INFO] DbMcus:218 - Found 4094 MCUs, 4094 are supported
2024-05-05 16:21:55,789 [INFO] ApiDb:423 - Load user favorites file C:\Users\saksh/.stm32cubeide/favorites.mcus.txt: 1 item(s)
2024-05-05 16:21:55,789 [INFO] ApiDb:427 - User favorites MCUs=[STM32F103C8T6]
2024-05-05 16:21:55,789 [INFO] DbMcus:224 - Set 1 / 1 favorites MCUs
2024-05-05 16:21:55,960 [INFO] ApiDb:423 - Load user favorites file C:\Users\saksh/.stm32cubeide/favorites.boards.txt: 0 item(s)
2024-05-05 16:21:55,960 [INFO] ApiDb:427 - User favorites Boards=[]
2024-05-05 16:21:55,960 [INFO] DbBoards:198 - Set 0 / 0 favorites Boards
2024-05-05 16:21:56,017 [INFO] UtilMem:75 - End LoadConfig() Used Memory: 724670248 Bytes (1073741824)
2024-05-05 16:21:56,118 [WARN] ThirdParty:833 - waiting for thirdparty lock release [change project]
2024-05-05 16:21:56,119 [INFO] ThirdParty:835 - entering critical section [change project]
2024-05-05 16:21:56,119 [INFO] ThirdParty:1030 - CMSIS Pack Vendor :STMicroelectronics USBPD 4.1
2024-05-05 16:21:56,119 [INFO] ThirdParty:1030 - CMSIS Pack Vendor :STMicroelectronics X-CUBE-GNSS1 6.0.0
2024-05-05 16:21:56,119 [INFO] ThirdParty:1030 - CMSIS Pack Vendor :STMicroelectronics USB_HOST 2.0.0
2024-05-05 16:21:56,119 [INFO] ThirdParty:1030 - CMSIS Pack Vendor :STMicroelectronics FP-SNS-MOTENVWB1 1.4.0
2024-05-05 16:21:56,119 [INFO] ThirdParty:1030 - CMSIS Pack Vendor :STMicroelectronics X-CUBE-AZRTOS-F4 1.1.0
2024-05-05 16:21:56,119 [INFO] ThirdParty:1030 - CMSIS Pack Vendor :STMicroelectronics LIBJPEG 8.0.0
2024-05-05 16:21:56,119 [INFO] ThirdParty:1030 - CMSIS Pack Vendor :STMicroelectronics X-CUBE-SMBUS 2.1.0
2024-05-05 16:21:56,119 [INFO] ThirdParty:1030 - CMSIS Pack Vendor :STMicroelectronics X-CUBE-FREERTOS 1.2.0
2024-05-05 16:21:56,119 [INFO] ThirdParty:1030 - CMSIS Pack Vendor :STMicroelectronics X-CUBE-TOUCHGFX 4.23.1
2024-05-05 16:21:56,119 [INFO] ThirdParty:1030 - CMSIS Pack Vendor :STMicroelectronics X-CUBE-TOUCHGFX 4.23.0
2024-05-05 16:21:56,119 [INFO] ThirdParty:1030 - CMSIS Pack Vendor :STMicroelectronics X-CUBE-BLEMGR 1.2.0
2024-05-05 16:21:56,119 [INFO] ThirdParty:1030 - CMSIS Pack Vendor :STMicroelectronics X-CUBE-TOUCHGFX 4.23.2
2024-05-05 16:21:56,119 [INFO] ThirdParty:1030 - CMSIS Pack Vendor :STMicroelectronics X-CUBE-AZRTOS-F7 1.1.0
2024-05-05 16:21:56,119 [INFO] ThirdParty:1030 - CMSIS Pack Vendor :STMicroelectronics X-CUBE-AZRTOS-L5 2.0.0
2024-05-05 16:21:56,119 [INFO] ThirdParty:1030 - CMSIS Pack Vendor :STMicroelectronics USB_DEVICE 2.0.0
2024-05-05 16:21:56,119 [INFO] ThirdParty:1030 - CMSIS Pack Vendor :STMicroelectronics X-CUBE-MEMS1 9.6.0
2024-05-05 16:21:56,119 [INFO] ThirdParty:1030 - CMSIS Pack Vendor :STMicroelectronics X-CUBE-EEPRMA1 4.2.0
2024-05-05 16:21:56,119 [INFO] ThirdParty:1030 - CMSIS Pack Vendor :STMicroelectronics X-CUBE-NFC6 3.1.0
2024-05-05 16:21:56,119 [INFO] ThirdParty:1030 - CMSIS Pack Vendor :ITTIA_DB I-CUBE-ITTIADB 8.8.0
2024-05-05 16:21:56,119 [INFO] ThirdParty:1030 - CMSIS Pack Vendor :STMicroelectronics FP-SNS-MOTENV1 4.3.0
2024-05-05 16:21:56,119 [INFO] ThirdParty:1030 - CMSIS Pack Vendor :STMicroelectronics FP-SNS-MOTENV1 4.3.2
2024-05-05 16:21:56,119 [INFO] ThirdParty:1030 - CMSIS Pack Vendor :STMicroelectronics FP-SNS-FLIGHT1 5.0.0
2024-05-05 16:21:56,119 [INFO] ThirdParty:1030 - CMSIS Pack Vendor :STMicroelectronics FP-SNS-MOTENV1 4.3.1
2024-05-05 16:21:56,119 [INFO] ThirdParty:1030 - CMSIS Pack Vendor :STMicroelectronics FP-SNS-FLIGHT1 5.0.1
2024-05-05 16:21:56,119 [INFO] ThirdParty:1030 - CMSIS Pack Vendor :STMicroelectronics X-CUBE-BLE1 6.2.3
2024-05-05 16:21:56,119 [INFO] ThirdParty:1030 - CMSIS Pack Vendor :STMicroelectronics X-CUBE-BLE1 6.2.4
2024-05-05 16:21:56,119 [INFO] ThirdParty:1030 - CMSIS Pack Vendor :STMicroelectronics FreeRTOS 0.0.1
2024-05-05 16:21:56,119 [INFO] ThirdParty:1030 - CMSIS Pack Vendor :STMicroelectronics X-CUBE-BLEMGR 2.0.0
2024-05-05 16:21:56,119 [INFO] ThirdParty:1030 - CMSIS Pack Vendor :STMicroelectronics FP-SNS-FLIGHT1 5.0.2
2024-05-05 16:21:56,119 [INFO] ThirdParty:1030 - CMSIS Pack Vendor :STMicroelectronics X-CUBE-NFC4 2.0.4
2024-05-05 16:21:56,119 [INFO] ThirdParty:1030 - CMSIS Pack Vendor :STMicroelectronics X-CUBE-AI 9.0.0
2024-05-05 16:21:56,119 [INFO] ThirdParty:1030 - CMSIS Pack Vendor :STMicroelectronics X-CUBE-AZRTOS-H7 3.1.0
2024-05-05 16:21:56,119 [INFO] ThirdParty:1030 - CMSIS Pack Vendor :STMicroelectronics PDM2PCM 3.3.0
2024-05-05 16:21:56,119 [INFO] ThirdParty:1030 - CMSIS Pack Vendor :STMicroelectronics X-CUBE-TOF1 3.1.0
2024-05-05 16:21:56,119 [INFO] ThirdParty:1030 - CMSIS Pack Vendor :STMicroelectronics X-CUBE-DISPLAY 3.0.0
2024-05-05 16:21:56,119 [INFO] ThirdParty:1030 - CMSIS Pack Vendor :STMicroelectronics X-CUBE-BLE1 7.0.0
2024-05-05 16:21:56,119 [INFO] ThirdParty:1030 - CMSIS Pack Vendor :wolfSSL I-CUBE-wolfSSL 5.5.0
2024-05-05 16:21:56,119 [INFO] ThirdParty:1030 - CMSIS Pack Vendor :STMicroelectronics HAL Drivers 0.0.0
2024-05-05 16:21:56,119 [INFO] ThirdParty:1030 - CMSIS Pack Vendor :STMicroelectronics X-CUBE-TOUCHGFX 4.22.0
2024-05-05 16:21:56,119 [INFO] ThirdParty:1030 - CMSIS Pack Vendor :STMicroelectronics X-CUBE-NFC7 1.0.1
2024-05-05 16:21:56,119 [INFO] ThirdParty:1030 - CMSIS Pack Vendor :STMicroelectronics MBEDTLS 2.14.1
2024-05-05 16:21:56,119 [INFO] ThirdParty:1030 - CMSIS Pack Vendor :STMicroelectronics X-CUBE-NFC7 1.0.0
2024-05-05 16:21:56,119 [INFO] ThirdParty:1030 - CMSIS Pack Vendor :STMicroelectronics X-CUBE-NFC6 3.0.0
2024-05-05 16:21:56,119 [INFO] ThirdParty:1030 - CMSIS Pack Vendor :STMicroelectronics X-CUBE-MEMS1 9.3.0
2024-05-05 16:21:56,119 [INFO] ThirdParty:1030 - CMSIS Pack Vendor :STMicroelectronics X-CUBE-EEPRMA1 4.1.0
2024-05-05 16:21:56,119 [INFO] ThirdParty:1030 - CMSIS Pack Vendor :STMicroelectronics X-CUBE-AI 7.2.0
2024-05-05 16:21:56,119 [INFO] ThirdParty:1030 - CMSIS Pack Vendor :STMicroelectronics X-CUBE-BLEMGR 3.1.0
2024-05-05 16:21:56,119 [INFO] ThirdParty:1030 - CMSIS Pack Vendor :STMicroelectronics FP-SNS-SMARTAG2 1.2.0
2024-05-05 16:21:56,120 [INFO] ThirdParty:1030 - CMSIS Pack Vendor :STMicroelectronics X-CUBE-AZRTOS-WL 2.0.0
2024-05-05 16:21:56,120 [INFO] ThirdParty:1030 - CMSIS Pack Vendor :STMicroelectronics FP-SNS-MOTENV1 5.0.0
2024-05-05 16:21:56,120 [INFO] ThirdParty:1030 - CMSIS Pack Vendor :STMicroelectronics USB_DEVICE 1.0.0
2024-05-05 16:21:56,120 [INFO] ThirdParty:1030 - CMSIS Pack Vendor :STMicroelectronics X-CUBE-AI 8.1.0
2024-05-05 16:21:56,120 [INFO] ThirdParty:1030 - CMSIS Pack Vendor :STMicroelectronics X-CUBE-AZRTOS-L4 2.0.0
2024-05-05 16:21:56,120 [INFO] ThirdParty:1030 - CMSIS Pack Vendor :STMicroelectronics ThreadX 0.0.2
2024-05-05 16:21:56,120 [INFO] ThirdParty:1030 - CMSIS Pack Vendor :WES I-CUBE-Cesium 1.3.0
2024-05-05 16:21:56,120 [INFO] ThirdParty:1030 - CMSIS Pack Vendor :STMicroelectronics lwIP 2.1.2
2024-05-05 16:21:56,120 [INFO] ThirdParty:1030 - CMSIS Pack Vendor :STMicroelectronics X-CUBE-SFXS2LP1 4.0.0
2024-05-05 16:21:56,120 [INFO] ThirdParty:1030 - CMSIS Pack Vendor :STMicroelectronics X-CUBE-BLE2 3.3.0
2024-05-05 16:21:56,120 [INFO] ThirdParty:1030 - CMSIS Pack Vendor :STMicroelectronics X-CUBE-DISPLAY 2.2.0
2024-05-05 16:21:56,120 [INFO] ThirdParty:1030 - CMSIS Pack Vendor :STMicroelectronics X-CUBE-TOF1 3.2.0
2024-05-05 16:21:56,120 [INFO] ThirdParty:1030 - CMSIS Pack Vendor :STMicroelectronics PDM2PCM 3.2.0
2024-05-05 16:21:56,120 [INFO] ThirdParty:1030 - CMSIS Pack Vendor :STMicroelectronics X-CUBE-AZRTOS-H7 3.0.0
2024-05-05 16:21:56,120 [INFO] ThirdParty:1030 - CMSIS Pack Vendor :STMicroelectronics X-CUBE-ISPU 1.0.0
2024-05-05 16:21:56,120 [INFO] ThirdParty:1030 - CMSIS Pack Vendor :STMicroelectronics X-CUBE-ISPU 1.1.0
2024-05-05 16:21:56,120 [INFO] ThirdParty:1030 - CMSIS Pack Vendor :RoweBots I-CUBE-UNISONRTOS 5.5.0-4
2024-05-05 16:21:56,120 [INFO] ThirdParty:1030 - CMSIS Pack Vendor :STMicroelectronics X-CUBE-AZRTOS-H7 2.1.0
2024-05-05 16:21:56,120 [INFO] ThirdParty:1030 - CMSIS Pack Vendor :STMicroelectronics USB_DEVICE 3.0.0
2024-05-05 16:21:56,120 [INFO] ThirdParty:1030 - CMSIS Pack Vendor :STMicroelectronics X-CUBE-TCPP 4.1.0
2024-05-05 16:21:56,120 [INFO] ThirdParty:1030 - CMSIS Pack Vendor :STMicroelectronics X-CUBE-AI 8.0.0
2024-05-05 16:21:56,120 [INFO] ThirdParty:1030 - CMSIS Pack Vendor :STMicroelectronics X-CUBE-AZRTOS-WB 2.0.0
2024-05-05 16:21:56,120 [INFO] ThirdParty:1030 - CMSIS Pack Vendor :STMicroelectronics X-CUBE-FREERTOS 1.0.0
2024-05-05 16:21:56,120 [INFO] ThirdParty:1030 - CMSIS Pack Vendor :STMicroelectronics X-CUBE-FREERTOS 1.0.1
2024-05-05 16:21:56,120 [INFO] ThirdParty:1030 - CMSIS Pack Vendor :STMicroelectronics X-CUBE-TOUCHGFX 4.21.1
2024-05-05 16:21:56,120 [INFO] ThirdParty:1030 - CMSIS Pack Vendor :STMicroelectronics X-CUBE-TOUCHGFX 4.21.3
2024-05-05 16:21:56,120 [INFO] ThirdParty:1030 - CMSIS Pack Vendor :STMicroelectronics X-CUBE-BLEMGR 1.0.0
2024-05-05 16:21:56,120 [INFO] ThirdParty:1030 - CMSIS Pack Vendor :STMicroelectronics X-CUBE-TOUCHGFX 4.21.4
2024-05-05 16:21:56,120 [INFO] ThirdParty:1030 - CMSIS Pack Vendor :STMicroelectronics X-CUBE-MEMS1 9.4.0
2024-05-05 16:21:56,120 [INFO] ThirdParty:1030 - CMSIS Pack Vendor :STMicroelectronics X-CUBE-AI 7.3.0
2024-05-05 16:21:56,120 [INFO] ThirdParty:1030 - CMSIS Pack Vendor :STMicroelectronics X-CUBE-ALGOBUILD 1.3.0
2024-05-05 16:21:56,120 [INFO] ThirdParty:1030 - CMSIS Pack Vendor :STMicroelectronics X-CUBE-AZRTOS-L5 1.1.0
2024-05-05 16:21:56,120 [INFO] ThirdParty:1030 - CMSIS Pack Vendor :STMicroelectronics X-CUBE-AZRTOS-G0 1.1.0
2024-05-05 16:21:56,120 [INFO] ThirdParty:1030 - CMSIS Pack Vendor :STMicroelectronics X-CUBE-AI 8.0.1
2024-05-05 16:21:56,120 [INFO] ThirdParty:1030 - CMSIS Pack Vendor :STMicroelectronics X-CUBE-SAFEA1 1.2.2
2024-05-05 16:21:56,120 [INFO] ThirdParty:1030 - CMSIS Pack Vendor :STMicroelectronics X-CUBE-NFC4 3.0.0
2024-05-05 16:21:56,120 [INFO] ThirdParty:1030 - CMSIS Pack Vendor :SEGGER I-CUBE-embOS 1.2.0
2024-05-05 16:21:56,120 [INFO] ThirdParty:1030 - CMSIS Pack Vendor :STMicroelectronics X-CUBE-SUBG2 5.0.0
2024-05-05 16:21:56,120 [INFO] ThirdParty:1030 - CMSIS Pack Vendor :STMicroelectronics STM32_WPAN 1.0.0
2024-05-05 16:21:56,120 [INFO] ThirdParty:1030 - CMSIS Pack Vendor :STMicroelectronics lwIP 2.0.3
2024-05-05 16:21:56,120 [INFO] ThirdParty:1030 - CMSIS Pack Vendor :STMicroelectronics USB_HOST 1.0.0
2024-05-05 16:21:56,120 [INFO] ThirdParty:1030 - CMSIS Pack Vendor :STMicroelectronics X-CUBE-TOF1 3.3.1
2024-05-05 16:21:56,120 [INFO] ThirdParty:1030 - CMSIS Pack Vendor :STMicroelectronics X-CUBE-AZRTOS-G4 2.0.0
2024-05-05 16:21:56,120 [INFO] ThirdParty:1030 - CMSIS Pack Vendor :STMicroelectronics PDM2PCM 3.1.0
2024-05-05 16:21:56,120 [INFO] ThirdParty:1030 - CMSIS Pack Vendor :STMicroelectronics X-CUBE-TOF1 3.3.0
2024-05-05 16:21:56,120 [INFO] ThirdParty:1030 - CMSIS Pack Vendor :STMicroelectronics FP-ATR-ASTRA1 1.1.1
2024-05-05 16:21:56,120 [INFO] ThirdParty:1030 - CMSIS Pack Vendor :Infineon AIROC-Wi-Fi-Bluetooth-STM32 1.5.1
2024-05-05 16:21:56,120 [INFO] ThirdParty:1030 - CMSIS Pack Vendor :STMicroelectronics X-CUBE-BLEMGR 3.0.0
2024-05-05 16:21:56,120 [INFO] ThirdParty:1030 - CMSIS Pack Vendor :STMicroelectronics X-CUBE-BLEMGR 1.3.0
2024-05-05 16:21:56,120 [INFO] ThirdParty:1030 - CMSIS Pack Vendor :STMicroelectronics FP-SNS-MOTENVWB1 1.3.1
2024-05-05 16:21:56,120 [INFO] ThirdParty:1030 - CMSIS Pack Vendor :STMicroelectronics FP-ATR-SIGFOX1 3.2.0
2024-05-05 16:21:56,120 [INFO] ThirdParty:1030 - CMSIS Pack Vendor :STMicroelectronics X-CUBE-AZRTOS-G4 1.0.0
2024-05-05 16:21:56,120 [INFO] ThirdParty:1030 - CMSIS Pack Vendor :STMicroelectronics X-CUBE-AZRTOS-L4 1.0.0
2024-05-05 16:21:56,120 [INFO] ThirdParty:1030 - CMSIS Pack Vendor :STMicroelectronics X-CUBE-ISPU 2.0.0
2024-05-05 16:21:56,120 [INFO] ThirdParty:1030 - CMSIS Pack Vendor :STMicroelectronics X-CUBE-EEPRMA1 5.1.0
2024-05-05 16:21:56,120 [INFO] ThirdParty:1030 - CMSIS Pack Vendor :STMicroelectronics MBEDTLS 2.16.2
2024-05-05 16:21:56,120 [INFO] ThirdParty:1030 - CMSIS Pack Vendor :emotas I-CUBE-CANOPEN 1.1.2
2024-05-05 16:21:56,120 [INFO] ThirdParty:1030 - CMSIS Pack Vendor :STMicroelectronics X-CUBE-TOUCHGFX 4.20.0
2024-05-05 16:21:56,120 [INFO] ThirdParty:1030 - CMSIS Pack Vendor :STMicroelectronics X-CUBE-MEMS1 10.0.0
2024-05-05 16:21:56,120 [INFO] ThirdParty:1030 - CMSIS Pack Vendor :STMicroelectronics X-CUBE-FREERTOS 1.1.0
2024-05-05 16:21:56,120 [INFO] ThirdParty:1030 - CMSIS Pack Vendor :STMicroelectronics X-CUBE-AZRTOS-WL 1.0.0
2024-05-05 16:21:56,120 [INFO] ThirdParty:1030 - CMSIS Pack Vendor :portGmbH I-Cube-SoM-uGOAL 1.1.0
2024-05-05 16:21:56,120 [INFO] ThirdParty:1030 - CMSIS Pack Vendor :STMicroelectronics X-CUBE-ALS 1.0.1
2024-05-05 16:21:56,120 [INFO] ThirdParty:1030 - CMSIS Pack Vendor :STMicroelectronics X-CUBE-MEMS1 9.5.0
2024-05-05 16:21:56,120 [INFO] ThirdParty:1030 - CMSIS Pack Vendor :STMicroelectronics ThreadX 1.0.0
2024-05-05 16:21:56,120 [INFO] ThirdParty:1030 - CMSIS Pack Vendor :STMicroelectronics X-CUBE-AZRTOS-WB 1.1.0
2024-05-05 16:21:56,120 [INFO] ThirdParty:1030 - CMSIS Pack Vendor :SEGGER I-CUBE-embOS 1.3.1
2024-05-05 16:21:56,120 [INFO] ThirdParty:1030 - CMSIS Pack Vendor :STMicroelectronics X-CUBE-AZRTOS-L5 1.0.0
2024-05-05 16:21:56,120 [INFO] ThirdParty:1030 - CMSIS Pack Vendor :STMicroelectronics X-CUBE-EEPRMA1 3.1.1
2024-05-05 16:21:56,120 [INFO] ThirdParty:1030 - CMSIS Pack Vendor :STMicroelectronics X-CUBE-AZRTOS-H7RS 1.0.0
2024-05-05 16:21:56,120 [INFO] ThirdParty:1030 - CMSIS Pack Vendor :STMicroelectronics FP-ATR-ASTRA1 2.0.0
2024-05-05 16:21:56,121 [INFO] ThirdParty:1030 - CMSIS Pack Vendor :STMicroelectronics X-CUBE-TOF1 3.4.0
2024-05-05 16:21:56,121 [INFO] ThirdParty:1030 - CMSIS Pack Vendor :STMicroelectronics X-CUBE-TOF1 3.4.1
2024-05-05 16:21:56,121 [INFO] ThirdParty:1030 - CMSIS Pack Vendor :STMicroelectronics X-CUBE-AZRTOS-H7 3.2.0
2024-05-05 16:21:56,121 [INFO] ThirdParty:841 - exiting critical section [change project]
2024-05-05 16:21:56,507 [INFO] PinOutPanel:1561 - setPackage(No Configuration,No Configuration)
2024-05-05 16:21:56,510 [INFO] PinOutPanel:1561 - setPackage(STM32H7A3ZITxQ,LQFP144)
2024-05-05 16:21:57,290 [INFO] UtilMem:75 - Before build in PCC Used Memory: 751212208 Bytes (1073741824)
2024-05-05 16:21:58,631 [INFO] UtilMem:75 - After build in PCC Used Memory: 685838224 Bytes (1073741824)
2024-05-05 16:21:58,691 [INFO] IPUIPlugin:80 - create IPUIPlugin
2024-05-05 16:21:58,691 [INFO] IPUIPlugin:80 - create IPUIPlugin
2024-05-05 16:21:58,691 [INFO] IPUIPlugin:80 - create IPUIPlugin
2024-05-05 16:21:58,691 [INFO] IPUIPlugin:80 - create IPUIPlugin
2024-05-05 16:21:58,691 [INFO] IPUIPlugin:80 - create IPUIPlugin
2024-05-05 16:21:58,691 [INFO] IPUIPlugin:80 - create IPUIPlugin
2024-05-05 16:21:58,691 [INFO] IPUIPlugin:80 - create IPUIPlugin
2024-05-05 16:21:58,691 [INFO] IPUIPlugin:80 - create IPUIPlugin
2024-05-05 16:21:58,691 [INFO] IPUIPlugin:80 - create IPUIPlugin
2024-05-05 16:21:58,691 [INFO] IPUIPlugin:80 - create IPUIPlugin
2024-05-05 16:21:58,691 [INFO] IPUIPlugin:80 - create IPUIPlugin
2024-05-05 16:21:58,691 [INFO] IPUIPlugin:80 - create IPUIPlugin
2024-05-05 16:21:58,691 [INFO] IPUIPlugin:80 - create IPUIPlugin
2024-05-05 16:21:58,691 [INFO] IPUIPlugin:80 - create IPUIPlugin
2024-05-05 16:21:58,691 [INFO] IPUIPlugin:80 - create IPUIPlugin
2024-05-05 16:21:58,692 [INFO] IPUIPlugin:80 - create IPUIPlugin
2024-05-05 16:21:58,692 [INFO] IPUIPlugin:80 - create IPUIPlugin
2024-05-05 16:21:58,692 [INFO] IPUIPlugin:80 - create IPUIPlugin
2024-05-05 16:21:58,692 [INFO] IPUIPlugin:80 - create IPUIPlugin
2024-05-05 16:21:58,692 [INFO] IPUIPlugin:80 - create IPUIPlugin
2024-05-05 16:21:58,692 [INFO] IPUIPlugin:80 - create IPUIPlugin
2024-05-05 16:21:58,692 [INFO] IPUIPlugin:80 - create IPUIPlugin
2024-05-05 16:21:58,692 [INFO] IPUIPlugin:80 - create IPUIPlugin
2024-05-05 16:21:58,692 [INFO] IPUIPlugin:80 - create IPUIPlugin
2024-05-05 16:21:58,692 [INFO] IPUIPlugin:80 - create IPUIPlugin
2024-05-05 16:21:58,692 [INFO] IPUIPlugin:80 - create IPUIPlugin
2024-05-05 16:21:58,692 [INFO] IPUIPlugin:80 - create IPUIPlugin
2024-05-05 16:21:58,692 [INFO] IPUIPlugin:80 - create IPUIPlugin
2024-05-05 16:21:58,692 [INFO] IPUIPlugin:80 - create IPUIPlugin
2024-05-05 16:21:58,693 [INFO] IPUIPlugin:80 - create IPUIPlugin
2024-05-05 16:21:58,693 [INFO] IPUIPlugin:80 - create IPUIPlugin
2024-05-05 16:21:58,693 [INFO] IPUIPlugin:80 - create IPUIPlugin
2024-05-05 16:21:58,693 [INFO] IPUIPlugin:80 - create IPUIPlugin
2024-05-05 16:21:58,693 [INFO] IPUIPlugin:80 - create IPUIPlugin
2024-05-05 16:21:58,693 [INFO] IPUIPlugin:80 - create IPUIPlugin
2024-05-05 16:21:58,693 [INFO] IPUIPlugin:80 - create IPUIPlugin
2024-05-05 16:21:58,693 [INFO] IPUIPlugin:80 - create IPUIPlugin
2024-05-05 16:21:58,694 [INFO] IPUIPlugin:80 - create IPUIPlugin
2024-05-05 16:21:58,695 [INFO] IPUIPlugin:80 - create IPUIPlugin
2024-05-05 16:21:58,695 [INFO] IPUIPlugin:80 - create IPUIPlugin
2024-05-05 16:21:58,695 [INFO] IPUIPlugin:80 - create IPUIPlugin
2024-05-05 16:21:58,695 [INFO] IPUIPlugin:80 - create IPUIPlugin
2024-05-05 16:21:58,695 [INFO] IPUIPlugin:80 - create IPUIPlugin
2024-05-05 16:21:58,695 [INFO] IPUIPlugin:80 - create IPUIPlugin
2024-05-05 16:21:58,695 [INFO] IPUIPlugin:80 - create IPUIPlugin
2024-05-05 16:21:58,695 [INFO] IPUIPlugin:80 - create IPUIPlugin
2024-05-05 16:21:58,696 [INFO] IPUIPlugin:80 - create IPUIPlugin
2024-05-05 16:21:58,696 [INFO] IPUIPlugin:80 - create IPUIPlugin
2024-05-05 16:21:58,696 [INFO] IPUIPlugin:80 - create IPUIPlugin
2024-05-05 16:21:58,697 [INFO] IPUIPlugin:80 - create IPUIPlugin
2024-05-05 16:21:58,697 [INFO] IPUIPlugin:80 - create IPUIPlugin
2024-05-05 16:21:58,697 [INFO] IPUIPlugin:80 - create IPUIPlugin
2024-05-05 16:21:58,697 [INFO] IPUIPlugin:80 - create IPUIPlugin
2024-05-05 16:21:58,697 [INFO] IPUIPlugin:80 - create IPUIPlugin
2024-05-05 16:21:58,698 [INFO] IPUIPlugin:80 - create IPUIPlugin
2024-05-05 16:21:58,698 [INFO] IPUIPlugin:80 - create IPUIPlugin
2024-05-05 16:21:58,698 [INFO] IPUIPlugin:80 - create IPUIPlugin
2024-05-05 16:21:58,698 [INFO] IPUIPlugin:80 - create IPUIPlugin
2024-05-05 16:21:58,698 [INFO] IPUIPlugin:80 - create IPUIPlugin
2024-05-05 16:21:58,699 [INFO] IPUIPlugin:80 - create IPUIPlugin
2024-05-05 16:21:58,699 [INFO] IPUIPlugin:80 - create IPUIPlugin
2024-05-05 16:21:58,699 [INFO] IPUIPlugin:80 - create IPUIPlugin
2024-05-05 16:21:58,699 [INFO] IPUIPlugin:80 - create IPUIPlugin
2024-05-05 16:21:58,700 [INFO] IPUIPlugin:80 - create IPUIPlugin
2024-05-05 16:21:58,700 [INFO] IPUIPlugin:80 - create IPUIPlugin
2024-05-05 16:21:58,700 [INFO] IPUIPlugin:80 - create IPUIPlugin
2024-05-05 16:21:58,700 [INFO] IPUIPlugin:80 - create IPUIPlugin
2024-05-05 16:21:58,700 [INFO] IPUIPlugin:80 - create IPUIPlugin
2024-05-05 16:21:58,701 [INFO] IPUIPlugin:80 - create IPUIPlugin
2024-05-05 16:21:58,701 [INFO] IPUIPlugin:80 - create IPUIPlugin
2024-05-05 16:21:58,702 [INFO] IPUIPlugin:80 - create IPUIPlugin
2024-05-05 16:21:58,702 [INFO] IPUIPlugin:80 - create IPUIPlugin
2024-05-05 16:21:58,702 [INFO] IPUIPlugin:80 - create IPUIPlugin
2024-05-05 16:21:58,703 [INFO] IPUIPlugin:80 - create IPUIPlugin
2024-05-05 16:21:58,703 [INFO] IPUIPlugin:80 - create IPUIPlugin
2024-05-05 16:21:58,703 [INFO] IPUIPlugin:80 - create IPUIPlugin
2024-05-05 16:21:58,704 [INFO] IPUIPlugin:80 - create IPUIPlugin
2024-05-05 16:21:58,704 [INFO] IPUIPlugin:80 - create IPUIPlugin
2024-05-05 16:21:58,704 [INFO] IPUIPlugin:80 - create IPUIPlugin
2024-05-05 16:21:58,705 [INFO] IPUIPlugin:80 - create IPUIPlugin
2024-05-05 16:21:58,705 [INFO] IPUIPlugin:80 - create IPUIPlugin
2024-05-05 16:21:58,705 [INFO] IPUIPlugin:80 - create IPUIPlugin
2024-05-05 16:21:58,705 [INFO] IPUIPlugin:80 - create IPUIPlugin
2024-05-05 16:21:58,706 [INFO] IPUIPlugin:80 - create IPUIPlugin
2024-05-05 16:21:58,706 [INFO] IPUIPlugin:80 - create IPUIPlugin
2024-05-05 16:21:58,706 [INFO] IPUIPlugin:80 - create IPUIPlugin
2024-05-05 16:21:58,707 [INFO] IPUIPlugin:80 - create IPUIPlugin
2024-05-05 16:21:58,707 [INFO] IPUIPlugin:80 - create IPUIPlugin
2024-05-05 16:21:58,707 [INFO] IPUIPlugin:80 - create IPUIPlugin
2024-05-05 16:21:58,708 [INFO] IPUIPlugin:80 - create IPUIPlugin
2024-05-05 16:21:58,708 [INFO] IPUIPlugin:80 - create IPUIPlugin
2024-05-05 16:21:58,708 [INFO] IPUIPlugin:80 - create IPUIPlugin
2024-05-05 16:21:58,709 [INFO] IPUIPlugin:80 - create IPUIPlugin
2024-05-05 16:21:58,709 [INFO] IPUIPlugin:80 - create IPUIPlugin
2024-05-05 16:21:58,710 [INFO] IPUIPlugin:80 - create IPUIPlugin
2024-05-05 16:21:58,710 [INFO] IPUIPlugin:80 - create IPUIPlugin
2024-05-05 16:21:58,711 [INFO] IPUIPlugin:80 - create IPUIPlugin
2024-05-05 16:21:58,711 [INFO] IPUIPlugin:80 - create IPUIPlugin
2024-05-05 16:21:58,711 [INFO] IPUIPlugin:80 - create IPUIPlugin
2024-05-05 16:21:58,798 [INFO] ApiDbMcu:508 - Load IP Config File for PDM2PCM
2024-05-05 16:21:59,098 [INFO] CADModel:165 - CPN selected for project levelSTM32H7A3ZIT6Q
2024-05-05 16:21:59,098 [INFO] CADModel:114 - Register for checkConnection events
2024-05-05 16:21:59,172 [INFO] OpenFileManager:343 - Restore cursor
2024-05-05 16:44:21,155 [INFO] NvicIntPanel:101 - NVIC parent = com.st.microxplorer.plugins.ip.nvic.MultiNvicIntPanel[,0,0,0x0,invalid,layout=javax.swing.BoxLayout,alignmentX=0.0,alignmentY=0.0,border=,flags=9,maximumSize=,minimumSize=,preferredSize=]
2024-05-05 16:44:33,585 [INFO] NvicIntPanel:101 - NVIC parent = com.st.microxplorer.plugins.ip.nvic.MultiNvicIntPanel[,0,0,0x0,invalid,layout=javax.swing.BoxLayout,alignmentX=0.0,alignmentY=0.0,border=,flags=9,maximumSize=,minimumSize=,preferredSize=]
2024-05-05 16:44:35,445 [INFO] NvicIntPanel:101 - NVIC parent = com.st.microxplorer.plugins.ip.nvic.MultiNvicIntPanel[,0,0,0x0,invalid,layout=javax.swing.BoxLayout,alignmentX=0.0,alignmentY=0.0,border=,flags=9,maximumSize=,minimumSize=,preferredSize=]
2024-05-05 16:44:37,905 [INFO] NvicIntPanel:101 - NVIC parent = com.st.microxplorer.plugins.ip.nvic.MultiNvicIntPanel[,0,0,0x0,invalid,layout=javax.swing.BoxLayout,alignmentX=0.0,alignmentY=0.0,border=,flags=9,maximumSize=,minimumSize=,preferredSize=]
2024-05-05 16:44:42,702 [INFO] UtilMem:75 - End SaveConfig() Used Memory: 777525136 Bytes (1073741824)
2024-05-05 16:44:44,552 [INFO] UtilMem:75 - End SaveConfig() Used Memory: 811605904 Bytes (1073741824)
2024-05-05 16:44:45,876 [INFO] LogOutputStream:77 - [STDOUT_REDIRECT] This download action requires prior login. To proceed, please use the 'login' command with your my.st.com account email and password.
2024-05-05 16:44:45,877 [INFO] LogOutputStream:77 - [STDOUT_REDIRECT] Run 'login <email> <password> <remember_me>' for example 'login john.smith@st.com mypassword y'.
2024-05-05 16:44:45,877 [INFO] LogOutputStream:77 - [STDOUT_REDIRECT] If you do not have a my.st.com account, please visit https://st.com website to create one.
2024-05-05 16:45:56,030 [INFO] NvicIntPanel:101 - NVIC parent = com.st.microxplorer.plugins.ip.nvic.MultiNvicIntPanel[,0,0,0x0,invalid,layout=javax.swing.BoxLayout,alignmentX=0.0,alignmentY=0.0,border=,flags=9,maximumSize=,minimumSize=,preferredSize=]
2024-05-05 16:45:57,605 [INFO] UtilMem:75 - End SaveConfig() Used Memory: 388248408 Bytes (1073741824)
2024-05-05 16:45:59,398 [INFO] UtilMem:75 - End SaveConfig() Used Memory: 422849368 Bytes (1073741824)
2024-05-05 16:46:00,610 [INFO] LogOutputStream:77 - [STDOUT_REDIRECT] This download action requires prior login. To proceed, please use the 'login' command with your my.st.com account email and password.
2024-05-05 16:46:00,610 [INFO] LogOutputStream:77 - [STDOUT_REDIRECT] Run 'login <email> <password> <remember_me>' for example 'login john.smith@st.com mypassword y'.
2024-05-05 16:46:00,611 [INFO] LogOutputStream:77 - [STDOUT_REDIRECT] If you do not have a my.st.com account, please visit https://st.com website to create one.
2024-05-05 16:50:38,126 [INFO] NvicIntPanel:101 - NVIC parent = com.st.microxplorer.plugins.ip.nvic.MultiNvicIntPanel[,0,0,505x317,layout=javax.swing.BoxLayout,alignmentX=0.0,alignmentY=0.0,border=,flags=9,maximumSize=,minimumSize=,preferredSize=]
2024-05-05 16:50:46,673 [INFO] NvicIntPanel:101 - NVIC parent = com.st.microxplorer.plugins.ip.nvic.MultiNvicIntPanel[,0,0,0x0,invalid,layout=javax.swing.BoxLayout,alignmentX=0.0,alignmentY=0.0,border=,flags=9,maximumSize=,minimumSize=,preferredSize=]
2024-05-05 16:50:47,840 [INFO] UtilMem:75 - End SaveConfig() Used Memory: 450715992 Bytes (1073741824)
2024-05-05 16:50:49,643 [INFO] UtilMem:75 - End SaveConfig() Used Memory: 382481592 Bytes (1073741824)
2024-05-05 16:50:50,852 [INFO] LogOutputStream:77 - [STDOUT_REDIRECT] This download action requires prior login. To proceed, please use the 'login' command with your my.st.com account email and password.
2024-05-05 16:50:50,852 [INFO] LogOutputStream:77 - [STDOUT_REDIRECT] Run 'login <email> <password> <remember_me>' for example 'login john.smith@st.com mypassword y'.
2024-05-05 16:50:50,853 [INFO] LogOutputStream:77 - [STDOUT_REDIRECT] If you do not have a my.st.com account, please visit https://st.com website to create one.
2024-05-05 17:01:39,367 [INFO] MainUpdater:2873 - connection check result : 10
2024-05-05 17:01:39,367 [INFO] MainUpdater:2873 - connection check result : 10
2024-05-05 17:01:39,387 [INFO] MicroXplorer:468 - Change Database Path : 
2024-05-05 17:01:39,387 [INFO] MicroXplorer:498 - Change Database Version : DB.6.0.111
2024-05-05 17:01:39,392 [ERROR] ProjectManagerView:394 - 
java.lang.NullPointerException: Cannot invoke "javax.swing.JTextField.getText()" because the return value of "java.util.List.get(int)" is null
	at com.st.microxplorer.plugins.projectmanager.gui.ProjectChoiceTab$10.caretUpdate(ProjectChoiceTab.java:2504) ~[filemanager.jar:?]
	at javax.swing.text.JTextComponent.fireCaretUpdate(JTextComponent.java:412) ~[?:?]
	at javax.swing.text.JTextComponent$MutableCaretEvent.fire(JTextComponent.java:4491) ~[?:?]
	at javax.swing.text.JTextComponent$MutableCaretEvent.stateChanged(JTextComponent.java:4513) ~[?:?]
	at javax.swing.text.DefaultCaret.fireStateChanged(DefaultCaret.java:842) ~[?:?]
	at javax.swing.text.DefaultCaret.changeCaretPosition(DefaultCaret.java:1313) ~[?:?]
	at javax.swing.text.DefaultCaret.handleSetDot(DefaultCaret.java:1212) ~[?:?]
	at javax.swing.text.DefaultCaret.setDot(DefaultCaret.java:1193) ~[?:?]
	at javax.swing.text.DefaultCaret$Handler.insertUpdate(DefaultCaret.java:1789) ~[?:?]
	at javax.swing.text.AbstractDocument.fireInsertUpdate(AbstractDocument.java:226) ~[?:?]
	at javax.swing.text.AbstractDocument.handleInsertString(AbstractDocument.java:780) ~[?:?]
	at javax.swing.text.AbstractDocument.insertString(AbstractDocument.java:739) ~[?:?]
	at javax.swing.text.PlainDocument.insertString(PlainDocument.java:131) ~[?:?]
	at javax.swing.text.AbstractDocument.replace(AbstractDocument.java:698) ~[?:?]
	at javax.swing.text.JTextComponent.setText(JTextComponent.java:1729) ~[?:?]
	at com.st.microxplorer.plugins.projectmanager.gui.ProjectChoiceTab.createHeapStackFields(ProjectChoiceTab.java:944) ~[filemanager.jar:?]
	at com.st.microxplorer.plugins.projectmanager.gui.ProjectChoiceTab.buildLinkSettingsPanel(ProjectChoiceTab.java:3475) ~[filemanager.jar:?]
	at com.st.microxplorer.plugins.projectmanager.gui.ProjectChoiceTab.defineWindowsFields(ProjectChoiceTab.java:1816) ~[filemanager.jar:?]
	at com.st.microxplorer.plugins.projectmanager.gui.ProjectChoiceTab.updateSettings(ProjectChoiceTab.java:544) ~[filemanager.jar:?]
	at com.st.microxplorer.plugins.projectmanager.gui.ProjectSettingsPanel.UpdateDialog(ProjectSettingsPanel.java:245) ~[filemanager.jar:?]
	at com.st.microxplorer.plugins.projectmanager.ProjectManagerView.propertyChange(ProjectManagerView.java:391) ~[filemanager.jar:?]
	at java.beans.PropertyChangeSupport.fire(PropertyChangeSupport.java:343) ~[?:?]
	at java.beans.PropertyChangeSupport.firePropertyChange(PropertyChangeSupport.java:335) ~[?:?]
	at java.beans.PropertyChangeSupport.firePropertyChange(PropertyChangeSupport.java:268) ~[?:?]
	at com.st.microxplorer.util.MXPropertyChangeSupport.firePropertyChange(MXPropertyChangeSupport.java:54) ~[STM32CubeMX.jar:?]
	at com.st.microxplorer.mxsystem.MxSystem.closeConfig(MxSystem.java:900) ~[STM32CubeMX.jar:?]
	at com.st.microxplorer.maingui.MainPanel.closeConfig(MainPanel.java:776) ~[STM32CubeMX.jar:?]
	at com.st.microxplorer.plugins.filemanager.engine.OpenFileManager.loadConfigurationFile(OpenFileManager.java:245) ~[filemanager.jar:?]
	at com.st.microxplorer.plugins.filemanager.engine.MainFileManager.userLoadConfig(MainFileManager.java:315) ~[filemanager.jar:?]
	at com.st.microxplorer.plugins.filemanager.engine.MainFileManager.userLoadConfig(MainFileManager.java:293) ~[filemanager.jar:?]
	at com.st.microxplorer.plugins.filemanager.FileManagerView.getSpecificTask(FileManagerView.java:247) ~[filemanager.jar:?]
	at com.st.stm32cube.common.mx.editor.CubeMxEditor.getMxTabbedPaneInstance(CubeMxEditor.java:1198) ~[com.st.stm32cube.common.mx_6.11.1.202404110753/:?]
	at com.st.stm32cube.common.mx.editor.CubeMxEditor$12$1.createSwingComponent(CubeMxEditor.java:1068) ~[com.st.stm32cube.common.mx_6.11.1.202404110753/:?]
	at com.st.stm32cube.common.mx.oss.core.awtswtbridge.EmbeddedSwingComposite.doComponentCreation(EmbeddedSwingComposite.java:492) ~[com.st.stm32cube.common.mx.oss_6.11.1.202404110753/:?]
	at com.st.stm32cube.common.mx.oss.core.awtswtbridge.EmbeddedSwingComposite$4.run(EmbeddedSwingComposite.java:291) ~[com.st.stm32cube.common.mx.oss_6.11.1.202404110753/:?]
	at com.st.stm32cube.common.mx.oss.core.awtswtbridge.AwtEnvironment$2.run(AwtEnvironment.java:166) ~[com.st.stm32cube.common.mx.oss_6.11.1.202404110753/:?]
	at java.awt.event.InvocationEvent.dispatch(InvocationEvent.java:318) ~[?:?]
	at java.awt.EventQueue.dispatchEventImpl(EventQueue.java:773) ~[?:?]
	at java.awt.EventQueue$4.run(EventQueue.java:720) ~[?:?]
	at java.awt.EventQueue$4.run(EventQueue.java:714) ~[?:?]
	at java.security.AccessController.doPrivileged(AccessController.java:399) ~[?:?]
	at java.security.ProtectionDomain$JavaSecurityAccessImpl.doIntersectionPrivilege(ProtectionDomain.java:86) ~[?:?]
	at java.awt.EventQueue.dispatchEvent(EventQueue.java:742) ~[?:?]
	at java.awt.EventDispatchThread.pumpOneEventForFilters(EventDispatchThread.java:203) ~[?:?]
	at java.awt.EventDispatchThread.pumpEventsForFilter(EventDispatchThread.java:124) ~[?:?]
	at java.awt.EventDispatchThread.pumpEventsForHierarchy(EventDispatchThread.java:113) ~[?:?]
	at java.awt.EventDispatchThread.pumpEvents(EventDispatchThread.java:109) ~[?:?]
	at java.awt.EventDispatchThread.pumpEvents(EventDispatchThread.java:101) ~[?:?]
	at java.awt.EventDispatchThread.run(EventDispatchThread.java:90) ~[?:?]
2024-05-05 17:01:39,402 [WARN] ThirdParty:871 - waiting for thirdparty lock release [close project]
2024-05-05 17:01:39,402 [INFO] ThirdParty:873 - entering critical section [close project]
2024-05-05 17:01:39,402 [INFO] ThirdParty:883 - exiting critical section [close project]
2024-05-05 17:01:39,402 [INFO] PinOutPanel:1561 - setPackage(No Configuration,No Configuration)
2024-05-05 17:01:39,407 [WARN] IpParametersView:151 - Warning: This peripheral hasn't parameters
2024-05-05 17:01:39,412 [WARN] MainPanel:272 - <html><b><center>Warning: This peripheral has no parameters to be configured<br></b></html>
2024-05-05 17:01:39,422 [INFO] UtilMem:75 - Begin LoadConfig() Used Memory: 740342776 Bytes (1073741824)
2024-05-05 17:01:39,422 [INFO] MicroXplorer:468 - Change Database Path : C:/Users/saksh/.stm32cubemx/databases/DB.6.0.100/db/
2024-05-05 17:01:39,422 [INFO] MicroXplorer:498 - Change Database Version : DB.6.0.100
2024-05-05 17:01:40,942 [INFO] OpenFileManager:312 - Change cursor
2024-05-05 17:01:40,951 [INFO] RulesReader:64 - Compatibility file has been processed (297 Rules)
2024-05-05 17:01:40,953 [INFO] Mcu:2021 - Initializing MCU STM32H7A3Z(G-I)TxQ STM32H7A3ZITxQ STM32H7A3ZIT6Q
2024-05-05 17:01:42,412 [INFO] Context:663 - Trying to add GPIOservice into a context  which must be forbidden
2024-05-05 17:01:43,232 [INFO] RtosManager:555 - Registered RTOS mode: class=CMSIS, group=RTOS, mode=CMSIS_V1, owner=FREERTOS
2024-05-05 17:01:43,232 [INFO] RtosManager:555 - Registered RTOS mode: class=CMSIS, group=RTOS2, mode=CMSIS_V2, owner=FREERTOS
2024-05-05 17:01:43,232 [INFO] RtosManager:555 - Registered RTOS mode: class=RTOS, group=Core, mode=CMSIS_V1, owner=FREERTOS
2024-05-05 17:01:43,232 [INFO] RtosManager:555 - Registered RTOS mode: class=RTOS, group=Core, mode=CMSIS_V2, owner=FREERTOS
2024-05-05 17:01:43,232 [WARN] ModelIntegratedComponent:184 - Missing modes for component STMicroelectronics:FreeRTOS:0.0.1:STMicroelectronics:RTOS:FreeRTOS:Core:::10.2.0:
2024-05-05 17:01:43,234 [WARN] ModelIntegratedComponent:63 - No mode defined for component null
2024-05-05 17:01:43,234 [WARN] ModelIntegratedComponent:63 - No mode defined for component null
2024-05-05 17:01:43,234 [WARN] ModelIntegratedComponent:63 - No mode defined for component null
2024-05-05 17:01:43,234 [WARN] ModelIntegratedComponent:63 - No mode defined for component null
2024-05-05 17:01:43,234 [WARN] ModelIntegratedComponent:63 - No mode defined for component null
2024-05-05 17:01:43,234 [WARN] ModelIntegratedComponent:63 - No mode defined for component null
2024-05-05 17:01:43,234 [WARN] ModelIntegratedComponent:63 - No mode defined for component null
2024-05-05 17:01:43,234 [WARN] ModelIntegratedComponent:63 - No mode defined for component null
2024-05-05 17:01:43,234 [WARN] ModelIntegratedComponent:63 - No mode defined for component null
2024-05-05 17:01:43,234 [WARN] ModelIntegratedComponent:63 - No mode defined for component null
2024-05-05 17:01:43,234 [WARN] ModelIntegratedComponent:63 - No mode defined for component null
2024-05-05 17:01:43,234 [WARN] ModelIntegratedComponent:63 - No mode defined for component null
2024-05-05 17:01:43,234 [WARN] ModelIntegratedComponent:63 - No mode defined for component null
2024-05-05 17:01:43,234 [WARN] ModelIntegratedComponent:63 - No mode defined for component null
2024-05-05 17:01:43,234 [WARN] ModelIntegratedComponent:63 - No mode defined for component null
2024-05-05 17:01:43,234 [WARN] ModelIntegratedComponent:63 - No mode defined for component null
2024-05-05 17:01:43,234 [WARN] ModelIntegratedComponent:63 - No mode defined for component null
2024-05-05 17:01:43,234 [WARN] ModelIntegratedComponent:63 - No mode defined for component null
2024-05-05 17:01:43,234 [WARN] ModelIntegratedComponent:63 - No mode defined for component null
2024-05-05 17:01:43,234 [WARN] ModelIntegratedComponent:63 - No mode defined for component null
2024-05-05 17:01:43,234 [WARN] ModelIntegratedComponent:63 - No mode defined for component null
2024-05-05 17:01:43,234 [WARN] ModelIntegratedComponent:63 - No mode defined for component null
2024-05-05 17:01:43,234 [WARN] ModelIntegratedComponent:63 - No mode defined for component null
2024-05-05 17:01:43,234 [WARN] ModelIntegratedComponent:63 - No mode defined for component null
2024-05-05 17:01:43,234 [WARN] ModelIntegratedComponent:63 - No mode defined for component null
2024-05-05 17:01:43,234 [WARN] ModelIntegratedComponent:63 - No mode defined for component null
2024-05-05 17:01:43,234 [WARN] ModelIntegratedComponent:63 - No mode defined for component null
2024-05-05 17:01:43,234 [WARN] ModelIntegratedComponent:63 - No mode defined for component null
2024-05-05 17:01:43,234 [WARN] ModelIntegratedComponent:63 - No mode defined for component null
2024-05-05 17:01:43,234 [WARN] ModelIntegratedComponent:63 - No mode defined for component null
2024-05-05 17:01:43,234 [WARN] ModelIntegratedComponent:63 - No mode defined for component null
2024-05-05 17:01:43,234 [WARN] ModelIntegratedComponent:63 - No mode defined for component null
2024-05-05 17:01:43,234 [WARN] ModelIntegratedComponent:63 - No mode defined for component null
2024-05-05 17:01:43,234 [WARN] ModelIntegratedComponent:63 - No mode defined for component null
2024-05-05 17:01:43,266 [WARN] ModelIntegratedComponent:182 - Modes not found for component STMicroelectronics:USB_DEVICE:1.0.0:STMicroelectronics:USB::USB Device:Audio FS::1.0:USB_DEVICE_1_0_RESTRICTED_FS
2024-05-05 17:01:43,266 [WARN] ModelIntegratedComponent:188 - Modes not found for component STMicroelectronics:USB_DEVICE:1.0.0:STMicroelectronics:USB::USB Device:Audio FS::1.0:USB_DEVICE_1_0_RESTRICTED_FS
2024-05-05 17:01:43,266 [WARN] ModelIntegratedComponent:182 - Modes not found for component STMicroelectronics:USB_DEVICE:1.0.0:STMicroelectronics:USB::USB Device:CDC FS::1.0:USB_DEVICE_1_0_RESTRICTED_FS
2024-05-05 17:01:43,266 [WARN] ModelIntegratedComponent:188 - Modes not found for component STMicroelectronics:USB_DEVICE:1.0.0:STMicroelectronics:USB::USB Device:CDC FS::1.0:USB_DEVICE_1_0_RESTRICTED_FS
2024-05-05 17:01:43,266 [WARN] ModelIntegratedComponent:182 - Modes not found for component STMicroelectronics:USB_DEVICE:1.0.0:STMicroelectronics:USB::USB Device:DFU FS::1.0:USB_DEVICE_1_0_RESTRICTED_FS
2024-05-05 17:01:43,266 [WARN] ModelIntegratedComponent:188 - Modes not found for component STMicroelectronics:USB_DEVICE:1.0.0:STMicroelectronics:USB::USB Device:DFU FS::1.0:USB_DEVICE_1_0_RESTRICTED_FS
2024-05-05 17:01:43,266 [WARN] ModelIntegratedComponent:182 - Modes not found for component STMicroelectronics:USB_DEVICE:1.0.0:STMicroelectronics:USB::USB Device:HID FS::1.0:USB_DEVICE_1_0_RESTRICTED_FS
2024-05-05 17:01:43,266 [WARN] ModelIntegratedComponent:188 - Modes not found for component STMicroelectronics:USB_DEVICE:1.0.0:STMicroelectronics:USB::USB Device:HID FS::1.0:USB_DEVICE_1_0_RESTRICTED_FS
2024-05-05 17:01:43,266 [WARN] ModelIntegratedComponent:182 - Modes not found for component STMicroelectronics:USB_DEVICE:1.0.0:STMicroelectronics:USB::USB Device:Custom HID FS::1.0:USB_DEVICE_1_0_RESTRICTED_FS
2024-05-05 17:01:43,266 [WARN] ModelIntegratedComponent:188 - Modes not found for component STMicroelectronics:USB_DEVICE:1.0.0:STMicroelectronics:USB::USB Device:Custom HID FS::1.0:USB_DEVICE_1_0_RESTRICTED_FS
2024-05-05 17:01:43,266 [WARN] ModelIntegratedComponent:182 - Modes not found for component STMicroelectronics:USB_DEVICE:1.0.0:STMicroelectronics:USB::USB Device:MSC FS::1.0:USB_DEVICE_1_0_RESTRICTED_FS
2024-05-05 17:01:43,266 [WARN] ModelIntegratedComponent:188 - Modes not found for component STMicroelectronics:USB_DEVICE:1.0.0:STMicroelectronics:USB::USB Device:MSC FS::1.0:USB_DEVICE_1_0_RESTRICTED_FS
2024-05-05 17:01:43,306 [WARN] ModelIntegratedComponent:182 - Modes not found for component STMicroelectronics:USB_HOST:1.0.0:STMicroelectronics:USB::USB Host:Audio FS::1.0:USB_HOST_1_0_RESTRICTED_FS
2024-05-05 17:01:43,306 [WARN] ModelIntegratedComponent:188 - Modes not found for component STMicroelectronics:USB_HOST:1.0.0:STMicroelectronics:USB::USB Host:Audio FS::1.0:USB_HOST_1_0_RESTRICTED_FS
2024-05-05 17:01:43,306 [WARN] ModelIntegratedComponent:182 - Modes not found for component STMicroelectronics:USB_HOST:1.0.0:STMicroelectronics:USB::USB Host:CDC FS::1.0:USB_HOST_1_0_RESTRICTED_FS
2024-05-05 17:01:43,306 [WARN] ModelIntegratedComponent:188 - Modes not found for component STMicroelectronics:USB_HOST:1.0.0:STMicroelectronics:USB::USB Host:CDC FS::1.0:USB_HOST_1_0_RESTRICTED_FS
2024-05-05 17:01:43,306 [WARN] ModelIntegratedComponent:182 - Modes not found for component STMicroelectronics:USB_HOST:1.0.0:STMicroelectronics:USB::USB Host:MSC FS::1.0:USB_HOST_1_0_RESTRICTED_FS
2024-05-05 17:01:43,306 [WARN] ModelIntegratedComponent:188 - Modes not found for component STMicroelectronics:USB_HOST:1.0.0:STMicroelectronics:USB::USB Host:MSC FS::1.0:USB_HOST_1_0_RESTRICTED_FS
2024-05-05 17:01:43,306 [WARN] ModelIntegratedComponent:182 - Modes not found for component STMicroelectronics:USB_HOST:1.0.0:STMicroelectronics:USB::USB Host:HID FS::1.0:USB_HOST_1_0_RESTRICTED_FS
2024-05-05 17:01:43,306 [WARN] ModelIntegratedComponent:188 - Modes not found for component STMicroelectronics:USB_HOST:1.0.0:STMicroelectronics:USB::USB Host:HID FS::1.0:USB_HOST_1_0_RESTRICTED_FS
2024-05-05 17:01:43,306 [WARN] ModelIntegratedComponent:182 - Modes not found for component STMicroelectronics:USB_HOST:1.0.0:STMicroelectronics:USB::USB Host:MTP FS::1.0:USB_HOST_1_0_RESTRICTED_FS
2024-05-05 17:01:43,306 [WARN] ModelIntegratedComponent:188 - Modes not found for component STMicroelectronics:USB_HOST:1.0.0:STMicroelectronics:USB::USB Host:MTP FS::1.0:USB_HOST_1_0_RESTRICTED_FS
2024-05-05 17:01:43,412 [INFO] ThirdPartyModel:298 - Start build external matchings
2024-05-05 17:01:44,624 [INFO] ThirdPartyModel:316 - End build external matchings
2024-05-05 17:01:44,648 [INFO] ImportTextPane:194 - (OptionalMessage_ERROR) IP (RCC) : Invalid parameter (FamilyName)
2024-05-05 17:01:44,648 [INFO] ImportTextPane:194 - (OptionalMessage_ERROR) IP (RCC) : Parameter (LTDCFreq_Value) has invalid value (768000000)
2024-05-05 17:01:44,648 [INFO] ImportTextPane:194 - (OptionalMessage_ERROR) IP (RCC) : Parameter (TraceFreq_Value) has invalid value (64000000)
2024-05-05 17:01:45,026 [INFO] UtilMem:75 - End LoadConfig() Used Memory: 734910920 Bytes (1073741824)
2024-05-05 17:01:45,080 [WARN] ThirdParty:833 - waiting for thirdparty lock release [change project]
2024-05-05 17:01:45,080 [INFO] ThirdParty:835 - entering critical section [change project]
2024-05-05 17:01:45,081 [INFO] ThirdParty:1030 - CMSIS Pack Vendor :STMicroelectronics USBPD 4.1
2024-05-05 17:01:45,081 [INFO] ThirdParty:1030 - CMSIS Pack Vendor :STMicroelectronics X-CUBE-GNSS1 6.0.0
2024-05-05 17:01:45,081 [INFO] ThirdParty:1030 - CMSIS Pack Vendor :STMicroelectronics USB_HOST 2.0.0
2024-05-05 17:01:45,081 [INFO] ThirdParty:1030 - CMSIS Pack Vendor :STMicroelectronics FP-SNS-MOTENVWB1 1.4.0
2024-05-05 17:01:45,081 [INFO] ThirdParty:1030 - CMSIS Pack Vendor :STMicroelectronics X-CUBE-AZRTOS-F4 1.1.0
2024-05-05 17:01:45,081 [INFO] ThirdParty:1030 - CMSIS Pack Vendor :STMicroelectronics LIBJPEG 8.0.0
2024-05-05 17:01:45,081 [INFO] ThirdParty:1030 - CMSIS Pack Vendor :STMicroelectronics X-CUBE-SMBUS 2.1.0
2024-05-05 17:01:45,081 [INFO] ThirdParty:1030 - CMSIS Pack Vendor :STMicroelectronics X-CUBE-FREERTOS 1.2.0
2024-05-05 17:01:45,081 [INFO] ThirdParty:1030 - CMSIS Pack Vendor :STMicroelectronics X-CUBE-TOUCHGFX 4.23.1
2024-05-05 17:01:45,081 [INFO] ThirdParty:1030 - CMSIS Pack Vendor :STMicroelectronics X-CUBE-TOUCHGFX 4.23.0
2024-05-05 17:01:45,081 [INFO] ThirdParty:1030 - CMSIS Pack Vendor :STMicroelectronics X-CUBE-BLEMGR 1.2.0
2024-05-05 17:01:45,081 [INFO] ThirdParty:1030 - CMSIS Pack Vendor :STMicroelectronics X-CUBE-TOUCHGFX 4.23.2
2024-05-05 17:01:45,081 [INFO] ThirdParty:1030 - CMSIS Pack Vendor :STMicroelectronics X-CUBE-AZRTOS-F7 1.1.0
2024-05-05 17:01:45,081 [INFO] ThirdParty:1030 - CMSIS Pack Vendor :STMicroelectronics X-CUBE-AZRTOS-L5 2.0.0
2024-05-05 17:01:45,081 [INFO] ThirdParty:1030 - CMSIS Pack Vendor :STMicroelectronics USB_DEVICE 2.0.0
2024-05-05 17:01:45,081 [INFO] ThirdParty:1030 - CMSIS Pack Vendor :STMicroelectronics X-CUBE-MEMS1 9.6.0
2024-05-05 17:01:45,081 [INFO] ThirdParty:1030 - CMSIS Pack Vendor :STMicroelectronics X-CUBE-EEPRMA1 4.2.0
2024-05-05 17:01:45,081 [INFO] ThirdParty:1030 - CMSIS Pack Vendor :STMicroelectronics X-CUBE-NFC6 3.1.0
2024-05-05 17:01:45,081 [INFO] ThirdParty:1030 - CMSIS Pack Vendor :ITTIA_DB I-CUBE-ITTIADB 8.8.0
2024-05-05 17:01:45,081 [INFO] ThirdParty:1030 - CMSIS Pack Vendor :STMicroelectronics FP-SNS-MOTENV1 4.3.0
2024-05-05 17:01:45,081 [INFO] ThirdParty:1030 - CMSIS Pack Vendor :STMicroelectronics FP-SNS-MOTENV1 4.3.2
2024-05-05 17:01:45,081 [INFO] ThirdParty:1030 - CMSIS Pack Vendor :STMicroelectronics FP-SNS-FLIGHT1 5.0.0
2024-05-05 17:01:45,081 [INFO] ThirdParty:1030 - CMSIS Pack Vendor :STMicroelectronics FP-SNS-MOTENV1 4.3.1
2024-05-05 17:01:45,081 [INFO] ThirdParty:1030 - CMSIS Pack Vendor :STMicroelectronics FP-SNS-FLIGHT1 5.0.1
2024-05-05 17:01:45,081 [INFO] ThirdParty:1030 - CMSIS Pack Vendor :STMicroelectronics X-CUBE-BLE1 6.2.3
2024-05-05 17:01:45,081 [INFO] ThirdParty:1030 - CMSIS Pack Vendor :STMicroelectronics X-CUBE-BLE1 6.2.4
2024-05-05 17:01:45,081 [INFO] ThirdParty:1030 - CMSIS Pack Vendor :STMicroelectronics FreeRTOS 0.0.1
2024-05-05 17:01:45,081 [INFO] ThirdParty:1030 - CMSIS Pack Vendor :STMicroelectronics X-CUBE-BLEMGR 2.0.0
2024-05-05 17:01:45,081 [INFO] ThirdParty:1030 - CMSIS Pack Vendor :STMicroelectronics FP-SNS-FLIGHT1 5.0.2
2024-05-05 17:01:45,081 [INFO] ThirdParty:1030 - CMSIS Pack Vendor :STMicroelectronics X-CUBE-NFC4 2.0.4
2024-05-05 17:01:45,081 [INFO] ThirdParty:1030 - CMSIS Pack Vendor :STMicroelectronics X-CUBE-AI 9.0.0
2024-05-05 17:01:45,081 [INFO] ThirdParty:1030 - CMSIS Pack Vendor :STMicroelectronics X-CUBE-AZRTOS-H7 3.1.0
2024-05-05 17:01:45,081 [INFO] ThirdParty:1030 - CMSIS Pack Vendor :STMicroelectronics PDM2PCM 3.3.0
2024-05-05 17:01:45,081 [INFO] ThirdParty:1030 - CMSIS Pack Vendor :STMicroelectronics X-CUBE-TOF1 3.1.0
2024-05-05 17:01:45,081 [INFO] ThirdParty:1030 - CMSIS Pack Vendor :STMicroelectronics X-CUBE-DISPLAY 3.0.0
2024-05-05 17:01:45,081 [INFO] ThirdParty:1030 - CMSIS Pack Vendor :STMicroelectronics X-CUBE-BLE1 7.0.0
2024-05-05 17:01:45,081 [INFO] ThirdParty:1030 - CMSIS Pack Vendor :wolfSSL I-CUBE-wolfSSL 5.5.0
2024-05-05 17:01:45,081 [INFO] ThirdParty:1030 - CMSIS Pack Vendor :STMicroelectronics HAL Drivers 0.0.0
2024-05-05 17:01:45,081 [INFO] ThirdParty:1030 - CMSIS Pack Vendor :STMicroelectronics X-CUBE-TOUCHGFX 4.22.0
2024-05-05 17:01:45,081 [INFO] ThirdParty:1030 - CMSIS Pack Vendor :STMicroelectronics X-CUBE-NFC7 1.0.1
2024-05-05 17:01:45,081 [INFO] ThirdParty:1030 - CMSIS Pack Vendor :STMicroelectronics MBEDTLS 2.14.1
2024-05-05 17:01:45,081 [INFO] ThirdParty:1030 - CMSIS Pack Vendor :STMicroelectronics X-CUBE-NFC7 1.0.0
2024-05-05 17:01:45,081 [INFO] ThirdParty:1030 - CMSIS Pack Vendor :STMicroelectronics X-CUBE-NFC6 3.0.0
2024-05-05 17:01:45,081 [INFO] ThirdParty:1030 - CMSIS Pack Vendor :STMicroelectronics X-CUBE-MEMS1 9.3.0
2024-05-05 17:01:45,081 [INFO] ThirdParty:1030 - CMSIS Pack Vendor :STMicroelectronics X-CUBE-EEPRMA1 4.1.0
2024-05-05 17:01:45,081 [INFO] ThirdParty:1030 - CMSIS Pack Vendor :STMicroelectronics X-CUBE-AI 7.2.0
2024-05-05 17:01:45,081 [INFO] ThirdParty:1030 - CMSIS Pack Vendor :STMicroelectronics X-CUBE-BLEMGR 3.1.0
2024-05-05 17:01:45,081 [INFO] ThirdParty:1030 - CMSIS Pack Vendor :STMicroelectronics FP-SNS-SMARTAG2 1.2.0
2024-05-05 17:01:45,081 [INFO] ThirdParty:1030 - CMSIS Pack Vendor :STMicroelectronics X-CUBE-AZRTOS-WL 2.0.0
2024-05-05 17:01:45,081 [INFO] ThirdParty:1030 - CMSIS Pack Vendor :STMicroelectronics FP-SNS-MOTENV1 5.0.0
2024-05-05 17:01:45,081 [INFO] ThirdParty:1030 - CMSIS Pack Vendor :STMicroelectronics USB_DEVICE 1.0.0
2024-05-05 17:01:45,081 [INFO] ThirdParty:1030 - CMSIS Pack Vendor :STMicroelectronics X-CUBE-AI 8.1.0
2024-05-05 17:01:45,081 [INFO] ThirdParty:1030 - CMSIS Pack Vendor :STMicroelectronics X-CUBE-AZRTOS-L4 2.0.0
2024-05-05 17:01:45,081 [INFO] ThirdParty:1030 - CMSIS Pack Vendor :STMicroelectronics ThreadX 0.0.2
2024-05-05 17:01:45,081 [INFO] ThirdParty:1030 - CMSIS Pack Vendor :WES I-CUBE-Cesium 1.3.0
2024-05-05 17:01:45,081 [INFO] ThirdParty:1030 - CMSIS Pack Vendor :STMicroelectronics lwIP 2.1.2
2024-05-05 17:01:45,081 [INFO] ThirdParty:1030 - CMSIS Pack Vendor :STMicroelectronics X-CUBE-SFXS2LP1 4.0.0
2024-05-05 17:01:45,081 [INFO] ThirdParty:1030 - CMSIS Pack Vendor :STMicroelectronics X-CUBE-BLE2 3.3.0
2024-05-05 17:01:45,081 [INFO] ThirdParty:1030 - CMSIS Pack Vendor :STMicroelectronics X-CUBE-DISPLAY 2.2.0
2024-05-05 17:01:45,081 [INFO] ThirdParty:1030 - CMSIS Pack Vendor :STMicroelectronics X-CUBE-TOF1 3.2.0
2024-05-05 17:01:45,081 [INFO] ThirdParty:1030 - CMSIS Pack Vendor :STMicroelectronics PDM2PCM 3.2.0
2024-05-05 17:01:45,081 [INFO] ThirdParty:1030 - CMSIS Pack Vendor :STMicroelectronics X-CUBE-AZRTOS-H7 3.0.0
2024-05-05 17:01:45,081 [INFO] ThirdParty:1030 - CMSIS Pack Vendor :STMicroelectronics X-CUBE-ISPU 1.0.0
2024-05-05 17:01:45,081 [INFO] ThirdParty:1030 - CMSIS Pack Vendor :STMicroelectronics X-CUBE-ISPU 1.1.0
2024-05-05 17:01:45,081 [INFO] ThirdParty:1030 - CMSIS Pack Vendor :RoweBots I-CUBE-UNISONRTOS 5.5.0-4
2024-05-05 17:01:45,081 [INFO] ThirdParty:1030 - CMSIS Pack Vendor :STMicroelectronics X-CUBE-AZRTOS-H7 2.1.0
2024-05-05 17:01:45,081 [INFO] ThirdParty:1030 - CMSIS Pack Vendor :STMicroelectronics USB_DEVICE 3.0.0
2024-05-05 17:01:45,081 [INFO] ThirdParty:1030 - CMSIS Pack Vendor :STMicroelectronics X-CUBE-TCPP 4.1.0
2024-05-05 17:01:45,081 [INFO] ThirdParty:1030 - CMSIS Pack Vendor :STMicroelectronics X-CUBE-AI 8.0.0
2024-05-05 17:01:45,081 [INFO] ThirdParty:1030 - CMSIS Pack Vendor :STMicroelectronics X-CUBE-AZRTOS-WB 2.0.0
2024-05-05 17:01:45,081 [INFO] ThirdParty:1030 - CMSIS Pack Vendor :STMicroelectronics X-CUBE-FREERTOS 1.0.0
2024-05-05 17:01:45,081 [INFO] ThirdParty:1030 - CMSIS Pack Vendor :STMicroelectronics X-CUBE-FREERTOS 1.0.1
2024-05-05 17:01:45,081 [INFO] ThirdParty:1030 - CMSIS Pack Vendor :STMicroelectronics X-CUBE-TOUCHGFX 4.21.1
2024-05-05 17:01:45,081 [INFO] ThirdParty:1030 - CMSIS Pack Vendor :STMicroelectronics X-CUBE-TOUCHGFX 4.21.3
2024-05-05 17:01:45,081 [INFO] ThirdParty:1030 - CMSIS Pack Vendor :STMicroelectronics X-CUBE-BLEMGR 1.0.0
2024-05-05 17:01:45,081 [INFO] ThirdParty:1030 - CMSIS Pack Vendor :STMicroelectronics X-CUBE-TOUCHGFX 4.21.4
2024-05-05 17:01:45,081 [INFO] ThirdParty:1030 - CMSIS Pack Vendor :STMicroelectronics X-CUBE-MEMS1 9.4.0
2024-05-05 17:01:45,081 [INFO] ThirdParty:1030 - CMSIS Pack Vendor :STMicroelectronics X-CUBE-AI 7.3.0
2024-05-05 17:01:45,081 [INFO] ThirdParty:1030 - CMSIS Pack Vendor :STMicroelectronics X-CUBE-ALGOBUILD 1.3.0
2024-05-05 17:01:45,081 [INFO] ThirdParty:1030 - CMSIS Pack Vendor :STMicroelectronics X-CUBE-AZRTOS-L5 1.1.0
2024-05-05 17:01:45,081 [INFO] ThirdParty:1030 - CMSIS Pack Vendor :STMicroelectronics X-CUBE-AZRTOS-G0 1.1.0
2024-05-05 17:01:45,081 [INFO] ThirdParty:1030 - CMSIS Pack Vendor :STMicroelectronics X-CUBE-AI 8.0.1
2024-05-05 17:01:45,081 [INFO] ThirdParty:1030 - CMSIS Pack Vendor :STMicroelectronics X-CUBE-SAFEA1 1.2.2
2024-05-05 17:01:45,081 [INFO] ThirdParty:1030 - CMSIS Pack Vendor :STMicroelectronics X-CUBE-NFC4 3.0.0
2024-05-05 17:01:45,081 [INFO] ThirdParty:1030 - CMSIS Pack Vendor :SEGGER I-CUBE-embOS 1.2.0
2024-05-05 17:01:45,081 [INFO] ThirdParty:1030 - CMSIS Pack Vendor :STMicroelectronics X-CUBE-SUBG2 5.0.0
2024-05-05 17:01:45,081 [INFO] ThirdParty:1030 - CMSIS Pack Vendor :STMicroelectronics STM32_WPAN 1.0.0
2024-05-05 17:01:45,081 [INFO] ThirdParty:1030 - CMSIS Pack Vendor :STMicroelectronics lwIP 2.0.3
2024-05-05 17:01:45,081 [INFO] ThirdParty:1030 - CMSIS Pack Vendor :STMicroelectronics USB_HOST 1.0.0
2024-05-05 17:01:45,081 [INFO] ThirdParty:1030 - CMSIS Pack Vendor :STMicroelectronics X-CUBE-TOF1 3.3.1
2024-05-05 17:01:45,081 [INFO] ThirdParty:1030 - CMSIS Pack Vendor :STMicroelectronics X-CUBE-AZRTOS-G4 2.0.0
2024-05-05 17:01:45,081 [INFO] ThirdParty:1030 - CMSIS Pack Vendor :STMicroelectronics PDM2PCM 3.1.0
2024-05-05 17:01:45,081 [INFO] ThirdParty:1030 - CMSIS Pack Vendor :STMicroelectronics X-CUBE-TOF1 3.3.0
2024-05-05 17:01:45,081 [INFO] ThirdParty:1030 - CMSIS Pack Vendor :STMicroelectronics FP-ATR-ASTRA1 1.1.1
2024-05-05 17:01:45,081 [INFO] ThirdParty:1030 - CMSIS Pack Vendor :Infineon AIROC-Wi-Fi-Bluetooth-STM32 1.5.1
2024-05-05 17:01:45,081 [INFO] ThirdParty:1030 - CMSIS Pack Vendor :STMicroelectronics X-CUBE-BLEMGR 3.0.0
2024-05-05 17:01:45,081 [INFO] ThirdParty:1030 - CMSIS Pack Vendor :STMicroelectronics X-CUBE-BLEMGR 1.3.0
2024-05-05 17:01:45,081 [INFO] ThirdParty:1030 - CMSIS Pack Vendor :STMicroelectronics FP-SNS-MOTENVWB1 1.3.1
2024-05-05 17:01:45,081 [INFO] ThirdParty:1030 - CMSIS Pack Vendor :STMicroelectronics FP-ATR-SIGFOX1 3.2.0
2024-05-05 17:01:45,081 [INFO] ThirdParty:1030 - CMSIS Pack Vendor :STMicroelectronics X-CUBE-AZRTOS-G4 1.0.0
2024-05-05 17:01:45,081 [INFO] ThirdParty:1030 - CMSIS Pack Vendor :STMicroelectronics X-CUBE-AZRTOS-L4 1.0.0
2024-05-05 17:01:45,081 [INFO] ThirdParty:1030 - CMSIS Pack Vendor :STMicroelectronics X-CUBE-ISPU 2.0.0
2024-05-05 17:01:45,081 [INFO] ThirdParty:1030 - CMSIS Pack Vendor :STMicroelectronics X-CUBE-EEPRMA1 5.1.0
2024-05-05 17:01:45,081 [INFO] ThirdParty:1030 - CMSIS Pack Vendor :STMicroelectronics MBEDTLS 2.16.2
2024-05-05 17:01:45,081 [INFO] ThirdParty:1030 - CMSIS Pack Vendor :emotas I-CUBE-CANOPEN 1.1.2
2024-05-05 17:01:45,081 [INFO] ThirdParty:1030 - CMSIS Pack Vendor :STMicroelectronics X-CUBE-TOUCHGFX 4.20.0
2024-05-05 17:01:45,081 [INFO] ThirdParty:1030 - CMSIS Pack Vendor :STMicroelectronics X-CUBE-MEMS1 10.0.0
2024-05-05 17:01:45,081 [INFO] ThirdParty:1030 - CMSIS Pack Vendor :STMicroelectronics X-CUBE-FREERTOS 1.1.0
2024-05-05 17:01:45,081 [INFO] ThirdParty:1030 - CMSIS Pack Vendor :STMicroelectronics X-CUBE-AZRTOS-WL 1.0.0
2024-05-05 17:01:45,081 [INFO] ThirdParty:1030 - CMSIS Pack Vendor :portGmbH I-Cube-SoM-uGOAL 1.1.0
2024-05-05 17:01:45,081 [INFO] ThirdParty:1030 - CMSIS Pack Vendor :STMicroelectronics X-CUBE-ALS 1.0.1
2024-05-05 17:01:45,081 [INFO] ThirdParty:1030 - CMSIS Pack Vendor :STMicroelectronics X-CUBE-MEMS1 9.5.0
2024-05-05 17:01:45,081 [INFO] ThirdParty:1030 - CMSIS Pack Vendor :STMicroelectronics ThreadX 1.0.0
2024-05-05 17:01:45,082 [INFO] ThirdParty:1030 - CMSIS Pack Vendor :STMicroelectronics X-CUBE-AZRTOS-WB 1.1.0
2024-05-05 17:01:45,082 [INFO] ThirdParty:1030 - CMSIS Pack Vendor :SEGGER I-CUBE-embOS 1.3.1
2024-05-05 17:01:45,082 [INFO] ThirdParty:1030 - CMSIS Pack Vendor :STMicroelectronics X-CUBE-AZRTOS-L5 1.0.0
2024-05-05 17:01:45,082 [INFO] ThirdParty:1030 - CMSIS Pack Vendor :STMicroelectronics X-CUBE-EEPRMA1 3.1.1
2024-05-05 17:01:45,082 [INFO] ThirdParty:1030 - CMSIS Pack Vendor :STMicroelectronics X-CUBE-AZRTOS-H7RS 1.0.0
2024-05-05 17:01:45,082 [INFO] ThirdParty:1030 - CMSIS Pack Vendor :STMicroelectronics FP-ATR-ASTRA1 2.0.0
2024-05-05 17:01:45,082 [INFO] ThirdParty:1030 - CMSIS Pack Vendor :STMicroelectronics X-CUBE-TOF1 3.4.0
2024-05-05 17:01:45,082 [INFO] ThirdParty:1030 - CMSIS Pack Vendor :STMicroelectronics X-CUBE-TOF1 3.4.1
2024-05-05 17:01:45,082 [INFO] ThirdParty:1030 - CMSIS Pack Vendor :STMicroelectronics X-CUBE-AZRTOS-H7 3.2.0
2024-05-05 17:01:45,082 [INFO] ThirdParty:841 - exiting critical section [change project]
2024-05-05 17:01:45,275 [INFO] PinOutPanel:1561 - setPackage(No Configuration,No Configuration)
2024-05-05 17:01:45,275 [INFO] PinOutPanel:1561 - setPackage(STM32H7A3ZITxQ,LQFP144)
2024-05-05 17:01:45,657 [INFO] UtilMem:75 - Before build in PCC Used Memory: 472420992 Bytes (1073741824)
2024-05-05 17:01:45,872 [INFO] UtilMem:75 - After build in PCC Used Memory: 653298304 Bytes (1073741824)
2024-05-05 17:01:45,889 [INFO] IPUIPlugin:80 - create IPUIPlugin
2024-05-05 17:01:45,889 [INFO] IPUIPlugin:80 - create IPUIPlugin
2024-05-05 17:01:45,889 [INFO] IPUIPlugin:80 - create IPUIPlugin
2024-05-05 17:01:45,889 [INFO] IPUIPlugin:80 - create IPUIPlugin
2024-05-05 17:01:45,889 [INFO] IPUIPlugin:80 - create IPUIPlugin
2024-05-05 17:01:45,889 [INFO] IPUIPlugin:80 - create IPUIPlugin
2024-05-05 17:01:45,889 [INFO] IPUIPlugin:80 - create IPUIPlugin
2024-05-05 17:01:45,889 [INFO] IPUIPlugin:80 - create IPUIPlugin
2024-05-05 17:01:45,889 [INFO] IPUIPlugin:80 - create IPUIPlugin
2024-05-05 17:01:45,889 [INFO] IPUIPlugin:80 - create IPUIPlugin
2024-05-05 17:01:45,889 [INFO] IPUIPlugin:80 - create IPUIPlugin
2024-05-05 17:01:45,889 [INFO] IPUIPlugin:80 - create IPUIPlugin
2024-05-05 17:01:45,889 [INFO] IPUIPlugin:80 - create IPUIPlugin
2024-05-05 17:01:45,889 [INFO] IPUIPlugin:80 - create IPUIPlugin
2024-05-05 17:01:45,889 [INFO] IPUIPlugin:80 - create IPUIPlugin
2024-05-05 17:01:45,889 [INFO] IPUIPlugin:80 - create IPUIPlugin
2024-05-05 17:01:45,889 [INFO] IPUIPlugin:80 - create IPUIPlugin
2024-05-05 17:01:45,889 [INFO] IPUIPlugin:80 - create IPUIPlugin
2024-05-05 17:01:45,889 [INFO] IPUIPlugin:80 - create IPUIPlugin
2024-05-05 17:01:45,890 [INFO] IPUIPlugin:80 - create IPUIPlugin
2024-05-05 17:01:45,890 [INFO] IPUIPlugin:80 - create IPUIPlugin
2024-05-05 17:01:45,890 [INFO] IPUIPlugin:80 - create IPUIPlugin
2024-05-05 17:01:45,890 [INFO] IPUIPlugin:80 - create IPUIPlugin
2024-05-05 17:01:45,890 [INFO] IPUIPlugin:80 - create IPUIPlugin
2024-05-05 17:01:45,890 [INFO] IPUIPlugin:80 - create IPUIPlugin
2024-05-05 17:01:45,890 [INFO] IPUIPlugin:80 - create IPUIPlugin
2024-05-05 17:01:45,890 [INFO] IPUIPlugin:80 - create IPUIPlugin
2024-05-05 17:01:45,890 [INFO] IPUIPlugin:80 - create IPUIPlugin
2024-05-05 17:01:45,890 [INFO] IPUIPlugin:80 - create IPUIPlugin
2024-05-05 17:01:45,890 [INFO] IPUIPlugin:80 - create IPUIPlugin
2024-05-05 17:01:45,890 [INFO] IPUIPlugin:80 - create IPUIPlugin
2024-05-05 17:01:45,890 [INFO] IPUIPlugin:80 - create IPUIPlugin
2024-05-05 17:01:45,890 [INFO] IPUIPlugin:80 - create IPUIPlugin
2024-05-05 17:01:45,890 [INFO] IPUIPlugin:80 - create IPUIPlugin
2024-05-05 17:01:45,891 [INFO] IPUIPlugin:80 - create IPUIPlugin
2024-05-05 17:01:45,891 [INFO] IPUIPlugin:80 - create IPUIPlugin
2024-05-05 17:01:45,891 [INFO] IPUIPlugin:80 - create IPUIPlugin
2024-05-05 17:01:45,891 [INFO] IPUIPlugin:80 - create IPUIPlugin
2024-05-05 17:01:45,891 [INFO] IPUIPlugin:80 - create IPUIPlugin
2024-05-05 17:01:45,891 [INFO] IPUIPlugin:80 - create IPUIPlugin
2024-05-05 17:01:45,891 [INFO] IPUIPlugin:80 - create IPUIPlugin
2024-05-05 17:01:45,892 [INFO] IPUIPlugin:80 - create IPUIPlugin
2024-05-05 17:01:45,892 [INFO] IPUIPlugin:80 - create IPUIPlugin
2024-05-05 17:01:45,892 [INFO] IPUIPlugin:80 - create IPUIPlugin
2024-05-05 17:01:45,892 [INFO] IPUIPlugin:80 - create IPUIPlugin
2024-05-05 17:01:45,892 [INFO] IPUIPlugin:80 - create IPUIPlugin
2024-05-05 17:01:45,892 [INFO] IPUIPlugin:80 - create IPUIPlugin
2024-05-05 17:01:45,892 [INFO] IPUIPlugin:80 - create IPUIPlugin
2024-05-05 17:01:45,892 [INFO] IPUIPlugin:80 - create IPUIPlugin
2024-05-05 17:01:45,893 [INFO] IPUIPlugin:80 - create IPUIPlugin
2024-05-05 17:01:45,893 [INFO] IPUIPlugin:80 - create IPUIPlugin
2024-05-05 17:01:45,893 [INFO] IPUIPlugin:80 - create IPUIPlugin
2024-05-05 17:01:45,893 [INFO] IPUIPlugin:80 - create IPUIPlugin
2024-05-05 17:01:45,893 [INFO] IPUIPlugin:80 - create IPUIPlugin
2024-05-05 17:01:45,893 [INFO] IPUIPlugin:80 - create IPUIPlugin
2024-05-05 17:01:45,893 [INFO] IPUIPlugin:80 - create IPUIPlugin
2024-05-05 17:01:45,893 [INFO] IPUIPlugin:80 - create IPUIPlugin
2024-05-05 17:01:45,894 [INFO] IPUIPlugin:80 - create IPUIPlugin
2024-05-05 17:01:45,894 [INFO] IPUIPlugin:80 - create IPUIPlugin
2024-05-05 17:01:45,894 [INFO] IPUIPlugin:80 - create IPUIPlugin
2024-05-05 17:01:45,894 [INFO] IPUIPlugin:80 - create IPUIPlugin
2024-05-05 17:01:45,894 [INFO] IPUIPlugin:80 - create IPUIPlugin
2024-05-05 17:01:45,894 [INFO] IPUIPlugin:80 - create IPUIPlugin
2024-05-05 17:01:45,894 [INFO] IPUIPlugin:80 - create IPUIPlugin
2024-05-05 17:01:45,895 [INFO] IPUIPlugin:80 - create IPUIPlugin
2024-05-05 17:01:45,895 [INFO] IPUIPlugin:80 - create IPUIPlugin
2024-05-05 17:01:45,895 [INFO] IPUIPlugin:80 - create IPUIPlugin
2024-05-05 17:01:45,895 [INFO] IPUIPlugin:80 - create IPUIPlugin
2024-05-05 17:01:45,895 [INFO] IPUIPlugin:80 - create IPUIPlugin
2024-05-05 17:01:45,895 [INFO] IPUIPlugin:80 - create IPUIPlugin
2024-05-05 17:01:45,895 [INFO] IPUIPlugin:80 - create IPUIPlugin
2024-05-05 17:01:45,895 [INFO] IPUIPlugin:80 - create IPUIPlugin
2024-05-05 17:01:45,895 [INFO] IPUIPlugin:80 - create IPUIPlugin
2024-05-05 17:01:45,895 [INFO] IPUIPlugin:80 - create IPUIPlugin
2024-05-05 17:01:45,897 [INFO] IPUIPlugin:80 - create IPUIPlugin
2024-05-05 17:01:45,897 [INFO] IPUIPlugin:80 - create IPUIPlugin
2024-05-05 17:01:45,897 [INFO] IPUIPlugin:80 - create IPUIPlugin
2024-05-05 17:01:45,897 [INFO] IPUIPlugin:80 - create IPUIPlugin
2024-05-05 17:01:45,897 [INFO] IPUIPlugin:80 - create IPUIPlugin
2024-05-05 17:01:45,897 [INFO] IPUIPlugin:80 - create IPUIPlugin
2024-05-05 17:01:45,898 [INFO] IPUIPlugin:80 - create IPUIPlugin
2024-05-05 17:01:45,898 [INFO] IPUIPlugin:80 - create IPUIPlugin
2024-05-05 17:01:45,898 [INFO] IPUIPlugin:80 - create IPUIPlugin
2024-05-05 17:01:45,898 [INFO] IPUIPlugin:80 - create IPUIPlugin
2024-05-05 17:01:45,898 [INFO] IPUIPlugin:80 - create IPUIPlugin
2024-05-05 17:01:45,898 [INFO] IPUIPlugin:80 - create IPUIPlugin
2024-05-05 17:01:45,899 [INFO] IPUIPlugin:80 - create IPUIPlugin
2024-05-05 17:01:45,899 [INFO] IPUIPlugin:80 - create IPUIPlugin
2024-05-05 17:01:45,899 [INFO] IPUIPlugin:80 - create IPUIPlugin
2024-05-05 17:01:45,899 [INFO] IPUIPlugin:80 - create IPUIPlugin
2024-05-05 17:01:45,899 [INFO] IPUIPlugin:80 - create IPUIPlugin
2024-05-05 17:01:45,900 [INFO] IPUIPlugin:80 - create IPUIPlugin
2024-05-05 17:01:45,900 [INFO] IPUIPlugin:80 - create IPUIPlugin
2024-05-05 17:01:45,900 [INFO] IPUIPlugin:80 - create IPUIPlugin
2024-05-05 17:01:45,900 [INFO] IPUIPlugin:80 - create IPUIPlugin
2024-05-05 17:01:45,901 [INFO] IPUIPlugin:80 - create IPUIPlugin
2024-05-05 17:01:45,901 [INFO] IPUIPlugin:80 - create IPUIPlugin
2024-05-05 17:01:45,901 [INFO] IPUIPlugin:80 - create IPUIPlugin
2024-05-05 17:01:45,901 [INFO] IPUIPlugin:80 - create IPUIPlugin
2024-05-05 17:01:45,903 [INFO] ApiDbMcu:508 - Load IP Config File for PDM2PCM
2024-05-05 17:01:45,952 [INFO] CADModel:165 - CPN selected for project levelSTM32H7A3ZIT6Q
2024-05-05 17:01:45,952 [INFO] CADModel:114 - Register for checkConnection events
2024-05-05 17:01:46,013 [INFO] OpenFileManager:343 - Restore cursor
2024-05-05 17:01:58,132 [INFO] NvicIntPanel:101 - NVIC parent = com.st.microxplorer.plugins.ip.nvic.MultiNvicIntPanel[,0,0,0x0,invalid,layout=javax.swing.BoxLayout,alignmentX=0.0,alignmentY=0.0,border=,flags=9,maximumSize=,minimumSize=,preferredSize=]
2024-05-05 17:01:59,815 [INFO] NvicIntPanel:101 - NVIC parent = com.st.microxplorer.plugins.ip.nvic.MultiNvicIntPanel[,0,0,0x0,invalid,layout=javax.swing.BoxLayout,alignmentX=0.0,alignmentY=0.0,border=,flags=9,maximumSize=,minimumSize=,preferredSize=]
2024-05-05 17:02:01,457 [INFO] NvicIntPanel:101 - NVIC parent = com.st.microxplorer.plugins.ip.nvic.MultiNvicIntPanel[,0,0,0x0,invalid,layout=javax.swing.BoxLayout,alignmentX=0.0,alignmentY=0.0,border=,flags=9,maximumSize=,minimumSize=,preferredSize=]
2024-05-05 17:02:03,312 [INFO] UtilMem:75 - End SaveConfig() Used Memory: 783305848 Bytes (1073741824)
2024-05-05 17:02:05,175 [INFO] UtilMem:75 - End SaveConfig() Used Memory: 816860280 Bytes (1073741824)
2024-05-05 17:02:06,821 [INFO] LogOutputStream:77 - [STDOUT_REDIRECT] This download action requires prior login. To proceed, please use the 'login' command with your my.st.com account email and password.
2024-05-05 17:02:06,822 [INFO] LogOutputStream:77 - [STDOUT_REDIRECT] Run 'login <email> <password> <remember_me>' for example 'login john.smith@st.com mypassword y'.
2024-05-05 17:02:06,822 [INFO] LogOutputStream:77 - [STDOUT_REDIRECT] If you do not have a my.st.com account, please visit https://st.com website to create one.
2024-05-05 17:03:52,642 [INFO] NvicIntPanel:101 - NVIC parent = com.st.microxplorer.plugins.ip.nvic.MultiNvicIntPanel[,0,0,0x0,invalid,layout=javax.swing.BoxLayout,alignmentX=0.0,alignmentY=0.0,border=,flags=9,maximumSize=,minimumSize=,preferredSize=]
2024-05-05 17:04:03,477 [INFO] NvicIntPanel:101 - NVIC parent = com.st.microxplorer.plugins.ip.nvic.MultiNvicIntPanel[,0,0,0x0,invalid,layout=javax.swing.BoxLayout,alignmentX=0.0,alignmentY=0.0,border=,flags=9,maximumSize=,minimumSize=,preferredSize=]
2024-05-05 17:04:17,026 [INFO] NvicIntPanel:101 - NVIC parent = com.st.microxplorer.plugins.ip.nvic.MultiNvicIntPanel[,0,0,0x0,invalid,layout=javax.swing.BoxLayout,alignmentX=0.0,alignmentY=0.0,border=,flags=9,maximumSize=,minimumSize=,preferredSize=]
2024-05-05 17:04:17,826 [INFO] UtilMem:75 - End SaveConfig() Used Memory: 675905032 Bytes (1073741824)
2024-05-05 17:04:19,099 [INFO] UtilMem:75 - End SaveConfig() Used Memory: 710508040 Bytes (1073741824)
2024-05-05 17:04:20,126 [INFO] LogOutputStream:77 - [STDOUT_REDIRECT] This download action requires prior login. To proceed, please use the 'login' command with your my.st.com account email and password.
2024-05-05 17:04:20,126 [INFO] LogOutputStream:77 - [STDOUT_REDIRECT] Run 'login <email> <password> <remember_me>' for example 'login john.smith@st.com mypassword y'.
2024-05-05 17:04:20,127 [INFO] LogOutputStream:77 - [STDOUT_REDIRECT] If you do not have a my.st.com account, please visit https://st.com website to create one.
2024-05-05 17:05:25,457 [INFO] NvicIntPanel:101 - NVIC parent = com.st.microxplorer.plugins.ip.nvic.MultiNvicIntPanel[,0,0,0x0,invalid,layout=javax.swing.BoxLayout,alignmentX=0.0,alignmentY=0.0,border=,flags=9,maximumSize=,minimumSize=,preferredSize=]
2024-05-05 17:05:47,739 [INFO] NvicIntPanel:101 - NVIC parent = com.st.microxplorer.plugins.ip.nvic.MultiNvicIntPanel[,0,0,0x0,invalid,layout=javax.swing.BoxLayout,alignmentX=0.0,alignmentY=0.0,border=,flags=9,maximumSize=,minimumSize=,preferredSize=]
2024-05-05 17:05:49,672 [INFO] UtilMem:75 - End SaveConfig() Used Memory: 397930224 Bytes (1073741824)
2024-05-05 17:05:51,727 [INFO] UtilMem:75 - End SaveConfig() Used Memory: 403167016 Bytes (1073741824)
2024-05-05 17:05:53,164 [INFO] LogOutputStream:77 - [STDOUT_REDIRECT] This download action requires prior login. To proceed, please use the 'login' command with your my.st.com account email and password.
2024-05-05 17:05:53,165 [INFO] LogOutputStream:77 - [STDOUT_REDIRECT] Run 'login <email> <password> <remember_me>' for example 'login john.smith@st.com mypassword y'.
2024-05-05 17:05:53,165 [INFO] LogOutputStream:77 - [STDOUT_REDIRECT] If you do not have a my.st.com account, please visit https://st.com website to create one.
2024-05-05 17:06:43,901 [INFO] NvicIntPanel:101 - NVIC parent = com.st.microxplorer.plugins.ip.nvic.MultiNvicIntPanel[,0,0,0x0,invalid,layout=javax.swing.BoxLayout,alignmentX=0.0,alignmentY=0.0,border=,flags=9,maximumSize=,minimumSize=,preferredSize=]
2024-05-05 17:09:00,773 [INFO] Activator:176 - 


2024-05-05 17:09:00,774 [INFO] Activator:177 - !SESSION log4j initialized
2024-05-05 17:09:04,428 [INFO] LogOutputStream:77 - [STDOUT_REDIRECT] 
2024-05-05 17:09:05,145 [INFO] ApplicationProperties:184 - Using Application install path: C:\ST\STM32CubeIDE_1.10.1\STM32CubeIDE\plugins\com.st.stm32cube.common.mx_6.11.1.202404110753
2024-05-05 17:09:05,157 [INFO] DbMcusXml:78 - Set database path to: C:\ST\STM32CubeIDE_1.10.1\STM32CubeIDE\plugins\com.st.stm32cube.common.mx_6.11.1.202404110753\\db\/mcu/
2024-05-05 17:09:05,157 [INFO] ApiDb:274 - Set plugin database path to: C:\ST\STM32CubeIDE_1.10.1\STM32CubeIDE\plugins\com.st.stm32cube.common.mx_6.11.1.202404110753\\db\/plugins/boardmanager/
2024-05-05 17:09:05,158 [WARN] ApiDb:259 - Overriding images path with different value:  => C:\ST\STM32CubeIDE_1.10.1\STM32CubeIDE\plugins\com.st.stm32cube.common.mx_6.11.1.202404110753\\db\/plugins/mcufinder/images/
2024-05-05 17:09:05,160 [INFO] ApiDb:250 - Set database path to: C:\Users\saksh\.stmcufinder\plugins\mcufinder//mcu/
2024-05-05 17:09:05,162 [INFO] DbMcusAds:125 - Set database path to: C:\Users\saksh\.stmcufinder\plugins\mcufinder//mcu/
2024-05-05 17:09:05,164 [INFO] CrossReferenceDbSqlite:203 - Set database path to: C:\Users\saksh\.stmcufinder\plugins\mcufinder//mcu/cs/
2024-05-05 17:09:05,252 [INFO] RulesReader:64 - Compatibility file has been processed (297 Rules)
2024-05-05 17:09:05,305 [INFO] DbMcusXml:78 - Set database path to: C:\ST\STM32CubeIDE_1.10.1\STM32CubeIDE\plugins\com.st.stm32cube.common.mx_6.11.1.202404110753\\db\/mcu/
2024-05-05 17:09:05,305 [INFO] ApiDb:274 - Set plugin database path to: C:\ST\STM32CubeIDE_1.10.1\STM32CubeIDE\plugins\com.st.stm32cube.common.mx_6.11.1.202404110753\\db\/plugins/boardmanager/
2024-05-05 17:09:05,305 [INFO] ApiDb:261 - Set plugin images path to: C:\ST\STM32CubeIDE_1.10.1\STM32CubeIDE\plugins\com.st.stm32cube.common.mx_6.11.1.202404110753\\db\/plugins/mcufinder/images/
2024-05-05 17:09:05,305 [WARN] DbFile:41 - Overriding database path with different value: C:\Users\saksh\.stmcufinder\plugins\mcufinder/ => C:\Users\saksh\.stmcufinder\plugins\mcufinder
2024-05-05 17:09:05,305 [INFO] ApiDb:250 - Set database path to: C:\Users\saksh\.stmcufinder\plugins\mcufinder//mcu/
2024-05-05 17:09:05,306 [WARN] DbFile:41 - Overriding database path with different value: C:\Users\saksh\.stmcufinder\plugins\mcufinder/ => C:\Users\saksh\.stmcufinder\plugins\mcufinder
2024-05-05 17:09:05,306 [INFO] DbMcusAds:125 - Set database path to: C:\Users\saksh\.stmcufinder\plugins\mcufinder//mcu/
2024-05-05 17:09:05,306 [WARN] DbFile:41 - Overriding database path with different value: C:\Users\saksh\.stmcufinder\plugins\mcufinder/ => C:\Users\saksh\.stmcufinder\plugins\mcufinder
2024-05-05 17:09:05,306 [WARN] DbFile:41 - Overriding database path with different value: C:\Users\saksh\.stmcufinder\plugins\mcufinder/ => C:\Users\saksh\.stmcufinder\plugins\mcufinder
2024-05-05 17:09:05,306 [INFO] CrossReferenceDbSqlite:203 - Set database path to: C:\Users\saksh\.stmcufinder\plugins\mcufinder//mcu/cs/
2024-05-05 17:09:05,353 [INFO] MainPanel:264 - HeapMemory: 268435456
2024-05-05 17:09:05,398 [INFO] DbMcusXml:78 - Set database path to: C:\ST\STM32CubeIDE_1.10.1\STM32CubeIDE\plugins\com.st.stm32cube.common.mx_6.11.1.202404110753\\db\/mcu/
2024-05-05 17:09:05,399 [INFO] ApiDb:274 - Set plugin database path to: C:\ST\STM32CubeIDE_1.10.1\STM32CubeIDE\plugins\com.st.stm32cube.common.mx_6.11.1.202404110753\\db\/plugins/boardmanager/
2024-05-05 17:09:05,399 [INFO] ApiDb:261 - Set plugin images path to: C:\ST\STM32CubeIDE_1.10.1\STM32CubeIDE\plugins\com.st.stm32cube.common.mx_6.11.1.202404110753\\db\/plugins/mcufinder/images/
2024-05-05 17:09:05,399 [WARN] DbFile:41 - Overriding database path with different value: C:\Users\saksh\.stmcufinder\plugins\mcufinder/ => C:\Users\saksh\.stmcufinder\plugins\mcufinder
2024-05-05 17:09:05,399 [INFO] ApiDb:250 - Set database path to: C:\Users\saksh\.stmcufinder\plugins\mcufinder//mcu/
2024-05-05 17:09:05,399 [WARN] DbFile:41 - Overriding database path with different value: C:\Users\saksh\.stmcufinder\plugins\mcufinder/ => C:\Users\saksh\.stmcufinder\plugins\mcufinder
2024-05-05 17:09:05,399 [INFO] DbMcusAds:125 - Set database path to: C:\Users\saksh\.stmcufinder\plugins\mcufinder//mcu/
2024-05-05 17:09:05,399 [WARN] DbFile:41 - Overriding database path with different value: C:\Users\saksh\.stmcufinder\plugins\mcufinder/ => C:\Users\saksh\.stmcufinder\plugins\mcufinder
2024-05-05 17:09:05,399 [WARN] DbFile:41 - Overriding database path with different value: C:\Users\saksh\.stmcufinder\plugins\mcufinder/ => C:\Users\saksh\.stmcufinder\plugins\mcufinder
2024-05-05 17:09:05,399 [INFO] CrossReferenceDbSqlite:203 - Set database path to: C:\Users\saksh\.stmcufinder\plugins\mcufinder//mcu/cs/
2024-05-05 17:09:05,420 [INFO] ApplicationProperties:184 - Using Application install path: C:\ST\STM32CubeIDE_1.10.1\STM32CubeIDE\plugins\com.st.stm32cube.common.mx_6.11.1.202404110753
2024-05-05 17:09:05,421 [INFO] PluginManage:196 - Search for loadable plugins [exclusion list=, ]
2024-05-05 17:09:05,422 [INFO] PluginManage:310 - Check plugin analytics
2024-05-05 17:09:05,523 [INFO] AnalyticsPlugin:253 - Accepted Software Licenses: 
2024-05-05 17:09:05,523 [INFO] AnalyticsPlugin:255 - Accepted CMSIS Pack Licenses: 
2024-05-05 17:09:05,523 [INFO] AnalyticsPlugin:257 - Accepted Firmware Licenses: FW.H7.1.10.0,FW.G4.1.5.0
2024-05-05 17:09:05,525 [INFO] PluginManage:359 - Loaded plugin analytics (category:tool,tabindex:-1)
2024-05-05 17:09:05,525 [INFO] PluginManage:310 - Check plugin cadmodel
2024-05-05 17:09:05,528 [INFO] CADModel:105 - Init CAD model plugin
2024-05-05 17:09:05,528 [INFO] PluginManage:359 - Loaded plugin cadmodel (category:power,tabindex:5)
2024-05-05 17:09:05,528 [INFO] PluginManage:310 - Check plugin clock
2024-05-05 17:09:05,533 [INFO] PluginManage:359 - Loaded plugin clock (category:base,tabindex:2)
2024-05-05 17:09:05,533 [INFO] PluginManage:310 - Check plugin ddr
2024-05-05 17:09:05,534 [INFO] PluginManage:359 - Loaded plugin ddr (category:tool,tabindex:6)
2024-05-05 17:09:05,535 [INFO] PluginManage:310 - Check plugin filemanager
2024-05-05 17:09:05,622 [INFO] PluginManage:359 - Loaded plugin filemanager (category:base,tabindex:10)
2024-05-05 17:09:05,622 [INFO] PluginManage:310 - Check plugin ipmanager
2024-05-05 17:09:05,626 [INFO] PluginManage:359 - Loaded plugin ipmanager (category:base,tabindex:5)
2024-05-05 17:09:05,626 [INFO] PluginManage:310 - Check plugin lpbam
2024-05-05 17:09:05,632 [INFO] PluginManage:359 - Loaded plugin lpbam (category:base,tabindex:0)
2024-05-05 17:09:05,632 [INFO] PluginManage:310 - Check plugin memorymap
2024-05-05 17:09:05,639 [INFO] PluginManage:359 - Loaded plugin memorymap (category:base,tabindex:4)
2024-05-05 17:09:05,639 [INFO] PluginManage:310 - Check plugin pinoutandconfiguration
2024-05-05 17:09:05,643 [INFO] PluginManage:359 - Loaded plugin pinoutandconfiguration (category:base,tabindex:1)
2024-05-05 17:09:05,643 [INFO] PluginManage:310 - Check plugin pinoutconfig
2024-05-05 17:09:05,695 [WARN] SupportedApi:132 - Cannot load RTOS API schema: s4s-elt-must-match.1: The content of 'definitions' must match (annotation?, (simpleType | complexType)?, (unique | key | keyref)*)). A problem was found starting at: attribute.
2024-05-05 17:09:05,786 [INFO] PluginManage:359 - Loaded plugin pinoutconfig (category:base,tabindex:0)
2024-05-05 17:09:05,787 [INFO] PluginManage:310 - Check plugin power
2024-05-05 17:09:05,790 [INFO] PluginManage:359 - Loaded plugin power (category:power,tabindex:4)
2024-05-05 17:09:05,790 [INFO] PluginManage:310 - Check plugin projectmanager
2024-05-05 17:09:05,800 [INFO] PluginManage:359 - Loaded plugin projectmanager (category:projectmanager,tabindex:3)
2024-05-05 17:09:05,801 [INFO] PluginManage:310 - Check plugin thirdparty
2024-05-05 17:09:05,879 [INFO] PluginManage:359 - Loaded plugin thirdparty (category:base,tabindex:-1)
2024-05-05 17:09:05,879 [INFO] PluginManage:310 - Check plugin tools
2024-05-05 17:09:05,879 [WARN] IntegrityCheckThread:84 - waiting for thirdparty lock release [integrity check]
2024-05-05 17:09:05,879 [INFO] IntegrityCheckThread:86 - entering critical section [integrity check]
2024-05-05 17:09:05,880 [INFO] ThirdPartyUpdaterWithRetryManager:70 - Updater plugin not ready yet. [1/15]
2024-05-05 17:09:05,880 [INFO] PluginManage:359 - Loaded plugin tools (category:base,tabindex:7)
2024-05-05 17:09:05,881 [INFO] PluginManage:310 - Check plugin tutovideos
2024-05-05 17:09:05,979 [INFO] PluginManage:359 - Loaded plugin tutovideos (category:base,tabindex:-1)
2024-05-05 17:09:05,979 [INFO] PluginManage:310 - Check plugin updater
2024-05-05 17:09:05,985 [INFO] PluginManage:359 - Loaded plugin updater (category:base,tabindex:12)
2024-05-05 17:09:05,985 [INFO] PluginManage:310 - Check plugin userauth
2024-05-05 17:09:05,987 [INFO] UserAuth:114 - Init User Auth plugin
2024-05-05 17:09:05,987 [INFO] PluginManage:359 - Loaded plugin userauth (category:base,tabindex:14)
2024-05-05 17:09:05,988 [INFO] PluginManage:283 - PluginManage : Loaded plugins [17]
2024-05-05 17:09:06,138 [INFO] PinOutPanel:1561 - setPackage(No Configuration,No Configuration)
2024-05-05 17:09:06,190 [INFO] CADModel:165 - CPN selected for project level
2024-05-05 17:09:06,190 [INFO] CADModel:114 - Register for checkConnection events
2024-05-05 17:09:06,202 [INFO] IPUIPlugin:80 - create IPUIPlugin
2024-05-05 17:09:06,202 [INFO] PluginManager:220 - loadIPPluginJar : add adc
2024-05-05 17:09:06,203 [INFO] IPUIPlugin:80 - create IPUIPlugin
2024-05-05 17:09:06,203 [INFO] PluginManager:220 - loadIPPluginJar : add aes
2024-05-05 17:09:06,205 [INFO] IPUIPlugin:80 - create IPUIPlugin
2024-05-05 17:09:06,205 [INFO] PluginManager:220 - loadIPPluginJar : add can
2024-05-05 17:09:06,206 [INFO] IPUIPlugin:80 - create IPUIPlugin
2024-05-05 17:09:06,206 [INFO] PluginManager:220 - loadIPPluginJar : add comp
2024-05-05 17:09:06,207 [INFO] IPUIPlugin:80 - create IPUIPlugin
2024-05-05 17:09:06,207 [INFO] PluginManager:220 - loadIPPluginJar : add cryp
2024-05-05 17:09:06,209 [INFO] IPUIPlugin:80 - create IPUIPlugin
2024-05-05 17:09:06,209 [INFO] PluginManager:220 - loadIPPluginJar : add dfsdm
2024-05-05 17:09:06,213 [INFO] IPUIPlugin:80 - create IPUIPlugin
2024-05-05 17:09:06,214 [INFO] PluginManager:220 - loadIPPluginJar : add dma
2024-05-05 17:09:06,215 [INFO] IPUIPlugin:80 - create IPUIPlugin
2024-05-05 17:09:06,215 [INFO] PluginManager:220 - loadIPPluginJar : add dma3
2024-05-05 17:09:06,216 [INFO] IPUIPlugin:80 - create IPUIPlugin
2024-05-05 17:09:06,216 [INFO] PluginManager:220 - loadIPPluginJar : add extmemmanager
2024-05-05 17:09:06,217 [INFO] IPUIPlugin:80 - create IPUIPlugin
2024-05-05 17:09:06,217 [INFO] PluginManager:220 - loadIPPluginJar : add fatfs
2024-05-05 17:09:06,219 [INFO] IPUIPlugin:80 - create IPUIPlugin
2024-05-05 17:09:06,219 [INFO] PluginManager:220 - loadIPPluginJar : add fmc
2024-05-05 17:09:06,222 [INFO] IPUIPlugin:80 - create IPUIPlugin
2024-05-05 17:09:06,222 [INFO] PluginManager:220 - loadIPPluginJar : add freertos
2024-05-05 17:09:06,223 [INFO] IPUIPlugin:80 - create IPUIPlugin
2024-05-05 17:09:06,223 [INFO] PluginManager:220 - loadIPPluginJar : add genericplugin
2024-05-05 17:09:06,225 [INFO] IPUIPlugin:80 - create IPUIPlugin
2024-05-05 17:09:06,225 [INFO] PluginManager:220 - loadIPPluginJar : add gfxmmu
2024-05-05 17:09:06,229 [INFO] IPUIPlugin:80 - create IPUIPlugin
2024-05-05 17:09:06,229 [INFO] PluginManager:220 - loadIPPluginJar : add gic
2024-05-05 17:09:06,231 [INFO] IPUIPlugin:80 - create IPUIPlugin
2024-05-05 17:09:06,231 [INFO] PluginManager:220 - loadIPPluginJar : add gpio
2024-05-05 17:09:06,232 [INFO] IPUIPlugin:80 - create IPUIPlugin
2024-05-05 17:09:06,232 [INFO] PluginManager:220 - loadIPPluginJar : add gtzc
2024-05-05 17:09:06,233 [INFO] IPUIPlugin:80 - create IPUIPlugin
2024-05-05 17:09:06,234 [INFO] PluginManager:220 - loadIPPluginJar : add hash
2024-05-05 17:09:06,235 [INFO] IPUIPlugin:80 - create IPUIPlugin
2024-05-05 17:09:06,235 [INFO] PluginManager:220 - loadIPPluginJar : add i2c
2024-05-05 17:09:06,236 [INFO] IPUIPlugin:80 - create IPUIPlugin
2024-05-05 17:09:06,236 [INFO] PluginManager:220 - loadIPPluginJar : add i2s
2024-05-05 17:09:06,237 [INFO] IPUIPlugin:80 - create IPUIPlugin
2024-05-05 17:09:06,237 [INFO] PluginManager:220 - loadIPPluginJar : add i3c
2024-05-05 17:09:06,238 [INFO] IPUIPlugin:80 - create IPUIPlugin
2024-05-05 17:09:06,238 [INFO] PluginManager:220 - loadIPPluginJar : add ipddr
2024-05-05 17:09:06,243 [INFO] IPUIPlugin:80 - create IPUIPlugin
2024-05-05 17:09:06,243 [INFO] PluginManager:220 - loadIPPluginJar : add linkedlist
2024-05-05 17:09:06,244 [INFO] IPUIPlugin:80 - create IPUIPlugin
2024-05-05 17:09:06,244 [INFO] PluginManager:220 - loadIPPluginJar : add lorawan
2024-05-05 17:09:06,245 [INFO] IPUIPlugin:80 - create IPUIPlugin
2024-05-05 17:09:06,245 [INFO] PluginManager:220 - loadIPPluginJar : add ltdc
2024-05-05 17:09:06,249 [INFO] IPUIPlugin:80 - create IPUIPlugin
2024-05-05 17:09:06,249 [INFO] PluginManager:220 - loadIPPluginJar : add mdma
2024-05-05 17:09:06,250 [INFO] IPUIPlugin:80 - create IPUIPlugin
2024-05-05 17:09:06,250 [INFO] PluginManager:220 - loadIPPluginJar : add nvic
2024-05-05 17:09:06,252 [INFO] IPUIPlugin:80 - create IPUIPlugin
2024-05-05 17:09:06,252 [INFO] PluginManager:220 - loadIPPluginJar : add opamp
2024-05-05 17:09:06,253 [INFO] IPUIPlugin:80 - create IPUIPlugin
2024-05-05 17:09:06,253 [INFO] PluginManager:220 - loadIPPluginJar : add openamp
2024-05-05 17:09:06,255 [INFO] IPUIPlugin:80 - create IPUIPlugin
2024-05-05 17:09:06,255 [INFO] PluginManager:220 - loadIPPluginJar : add pdm2pcm
2024-05-05 17:09:06,258 [INFO] IPUIPlugin:80 - create IPUIPlugin
2024-05-05 17:09:06,260 [INFO] PluginManager:220 - loadIPPluginJar : add plateformsettings
2024-05-05 17:09:06,261 [INFO] IPUIPlugin:80 - create IPUIPlugin
2024-05-05 17:09:06,261 [INFO] PluginManager:220 - loadIPPluginJar : add quadspi
2024-05-05 17:09:06,263 [INFO] IPUIPlugin:80 - create IPUIPlugin
2024-05-05 17:09:06,263 [INFO] PluginManager:220 - loadIPPluginJar : add resmgrutility
2024-05-05 17:09:06,264 [INFO] IPUIPlugin:80 - create IPUIPlugin
2024-05-05 17:09:06,264 [INFO] PluginManager:220 - loadIPPluginJar : add sai
2024-05-05 17:09:06,266 [INFO] IPUIPlugin:80 - create IPUIPlugin
2024-05-05 17:09:06,266 [INFO] PluginManager:220 - loadIPPluginJar : add spi
2024-05-05 17:09:06,268 [INFO] IPUIPlugin:80 - create IPUIPlugin
2024-05-05 17:09:06,268 [INFO] PluginManager:220 - loadIPPluginJar : add stm32_wpan
2024-05-05 17:09:06,269 [INFO] IPUIPlugin:80 - create IPUIPlugin
2024-05-05 17:09:06,269 [INFO] PluginManager:220 - loadIPPluginJar : add tim
2024-05-05 17:09:06,271 [INFO] IPUIPlugin:80 - create IPUIPlugin
2024-05-05 17:09:06,271 [INFO] PluginManager:220 - loadIPPluginJar : add touchsensing
2024-05-05 17:09:06,272 [INFO] IPUIPlugin:80 - create IPUIPlugin
2024-05-05 17:09:06,272 [INFO] PluginManager:220 - loadIPPluginJar : add tracer_emb
2024-05-05 17:09:06,273 [INFO] IPUIPlugin:80 - create IPUIPlugin
2024-05-05 17:09:06,273 [INFO] PluginManager:220 - loadIPPluginJar : add ts
2024-05-05 17:09:06,274 [INFO] IPUIPlugin:80 - create IPUIPlugin
2024-05-05 17:09:06,274 [INFO] PluginManager:220 - loadIPPluginJar : add tsc
2024-05-05 17:09:06,275 [INFO] IPUIPlugin:80 - create IPUIPlugin
2024-05-05 17:09:06,275 [INFO] PluginManager:220 - loadIPPluginJar : add ucpd
2024-05-05 17:09:06,276 [INFO] IPUIPlugin:80 - create IPUIPlugin
2024-05-05 17:09:06,276 [INFO] PluginManager:220 - loadIPPluginJar : add usart
2024-05-05 17:09:06,278 [INFO] IPUIPlugin:80 - create IPUIPlugin
2024-05-05 17:09:06,278 [INFO] PluginManager:220 - loadIPPluginJar : add usbx
2024-05-05 17:09:06,389 [INFO] CADModel:165 - CPN selected for project level
2024-05-05 17:09:06,389 [INFO] CADModel:114 - Register for checkConnection events
2024-05-05 17:09:06,389 [FATAL] Updater:308 - Updater called before beeing initialized
2024-05-05 17:09:06,389 [ERROR] CADModel:125 - Updater not yet initialized, retry later 
2024-05-05 17:09:06,485 [INFO] CADModel:165 - CPN selected for project level
2024-05-05 17:09:06,485 [INFO] CADModel:114 - Register for checkConnection events
2024-05-05 17:09:06,485 [FATAL] Updater:308 - Updater called before beeing initialized
2024-05-05 17:09:06,485 [ERROR] CADModel:125 - Updater not yet initialized, retry later 
2024-05-05 17:09:06,488 [FATAL] Updater:308 - Updater called before beeing initialized
2024-05-05 17:09:06,552 [FATAL] Updater:308 - Updater called before beeing initialized
2024-05-05 17:09:06,555 [INFO] DbMcusAds:53 - JSON generation date=Wed Nov 29 16:22:27 IST 2023 (1701255147349)
2024-05-05 17:09:06,555 [FATAL] Updater:308 - Updater called before beeing initialized
2024-05-05 17:09:06,577 [WARN] DetailPanel:346 - Failed to get advertising image, set to default
2024-05-05 17:09:06,642 [FATAL] Updater:308 - Updater called before beeing initialized
2024-05-05 17:09:06,643 [FATAL] Updater:308 - Updater called before beeing initialized
2024-05-05 17:09:06,643 [FATAL] Updater:308 - Updater called before beeing initialized
2024-05-05 17:09:06,643 [WARN] DetailPanel:346 - Failed to get advertising image, set to default
2024-05-05 17:09:06,644 [FATAL] Updater:308 - Updater called before beeing initialized
2024-05-05 17:09:06,671 [ERROR] Updater:1120 - MainUpdater not yet initialized. External WinMGr cannot be set.
2024-05-05 17:09:06,673 [INFO] Updater:1056 - Updater Version found : 6.11.1
2024-05-05 17:09:06,686 [INFO] ApplicationProperties:184 - Using Application install path: C:\ST\STM32CubeIDE_1.10.1\STM32CubeIDE\plugins\com.st.stm32cube.common.mx_6.11.1.202404110753
2024-05-05 17:09:08,254 [ERROR] LogOutputStream:75 - [STDERR_REDIRECT] May 05, 2024 5:09:08 PM java.util.prefs.WindowsPreferences <init>
2024-05-05 17:09:08,255 [ERROR] LogOutputStream:75 - [STDERR_REDIRECT] WARNING: Could not open/create prefs root node Software\JavaSoft\Prefs at root 0xffffffff80000002. Windows RegCreateKeyEx(...) returned error code 5.
2024-05-05 17:09:08,255 [ERROR] LogOutputStream:75 - [STDERR_REDIRECT] 
2024-05-05 17:09:08,880 [INFO] ThirdPartyUpdaterWithRetryManager:70 - Updater plugin not ready yet. [2/15]
2024-05-05 17:09:08,956 [INFO] MainUpdater:2873 - connection check result : 10
2024-05-05 17:09:08,956 [INFO] MainUpdater:290 - Updater Check For Update Now.
2024-05-05 17:09:08,956 [INFO] MicroXplorer:498 - Change Database Version : DB.6.0.111
2024-05-05 17:09:08,961 [INFO] McuFinderGlobals:63 - Set McuFinder mode to 2 (CubeIDE integrated)
2024-05-05 17:09:08,961 [INFO] UserAuth:179 - activating auth plugin
2024-05-05 17:09:08,962 [INFO] UserAuth:415 - Internet connection configuration mode: 1
2024-05-05 17:09:08,990 [INFO] JxBrowserEngine:152 - Initiate JxBrowser Engine with user profile folder
2024-05-05 17:09:09,113 [INFO] CheckServerUpdateThread:120 - End of CheckServer Thread
2024-05-05 17:09:09,383 [INFO] WebApp:161 - Instantiating new browser for Auth
2024-05-05 17:09:09,717 [INFO] WebApp:779 - Register for checkConnection events
2024-05-05 17:09:09,718 [INFO] WebApp:414 - Apply proxy settings
2024-05-05 17:09:09,718 [INFO] WebApp:499 - Chromium requires no authentication
2024-05-05 17:09:09,722 [INFO] WebApp:442 - Direct internet connection detected
2024-05-05 17:09:09,815 [INFO] WebApp:192 - Starting web application
2024-05-05 17:09:09,815 [INFO] WebApp:544 - Web application path used C:\ST\STM32CubeIDE_1.10.1\STM32CubeIDE\plugins\com.st.stm32cube.common.mx_6.11.1.202404110753\db\plugins\mcufinder\reactClient1\index.html
2024-05-05 17:09:11,963 [WARN] PackLoader:240 - Cannot read IP mode file for STMicroelectronics.FP-SNS-MOTENVWB1.1.4.0
2024-05-05 17:09:11,969 [WARN] PackLoader:240 - Cannot read IP mode file for STMicroelectronics.X-CUBE-SMBUS.2.1.0
2024-05-05 17:09:11,972 [WARN] PackLoader:240 - Cannot read IP mode file for STMicroelectronics.X-CUBE-TOUCHGFX.4.23.1
2024-05-05 17:09:11,973 [WARN] PackLoader:240 - Cannot read IP mode file for STMicroelectronics.X-CUBE-TOUCHGFX.4.23.0
2024-05-05 17:09:11,974 [WARN] PackLoader:240 - Cannot read IP mode file for STMicroelectronics.X-CUBE-TOUCHGFX.4.23.2
2024-05-05 17:09:11,993 [WARN] PackLoader:240 - Cannot read IP mode file for STMicroelectronics.X-CUBE-AZRTOS-F7.1.1.0
2024-05-05 17:09:12,003 [ERROR] RealEvaluatedCondition:428 - Found unsupported composite condition: CLASS='Data Exchange' GROUP='STM32_MetaDataManager'
2024-05-05 17:09:12,003 [ERROR] RealEvaluatedCondition:428 - Found unsupported composite condition: CLASS='Data Exchange' GROUP='STM32_MetaDataManager'
2024-05-05 17:09:12,005 [WARN] PackLoader:240 - Cannot read IP mode file for STMicroelectronics.FP-SNS-MOTENV1.4.3.0
2024-05-05 17:09:12,016 [WARN] PackLoader:240 - Cannot read IP mode file for STMicroelectronics.FP-SNS-MOTENV1.4.3.2
2024-05-05 17:09:12,020 [WARN] PackLoader:240 - Cannot read IP mode file for STMicroelectronics.FP-SNS-FLIGHT1.5.0.0
2024-05-05 17:09:12,022 [ERROR] RealEvaluatedCondition:428 - Found unsupported composite condition: CLASS='Data Exchange' GROUP='STM32_MetaDataManager'
2024-05-05 17:09:12,023 [ERROR] RealEvaluatedCondition:428 - Found unsupported composite condition: GROUP='STM32_MetaDataManager' CLASS='Data Exchange'
2024-05-05 17:09:12,023 [WARN] PackLoader:240 - Cannot read IP mode file for STMicroelectronics.FP-SNS-MOTENV1.4.3.1
2024-05-05 17:09:12,027 [WARN] PackLoader:240 - Cannot read IP mode file for STMicroelectronics.FP-SNS-FLIGHT1.5.0.1
2024-05-05 17:09:12,032 [WARN] PackLoader:240 - Cannot read IP mode file for STMicroelectronics.X-CUBE-BLE1.6.2.3
2024-05-05 17:09:12,035 [WARN] PackLoader:240 - Cannot read IP mode file for STMicroelectronics.X-CUBE-BLE1.6.2.4
2024-05-05 17:09:12,038 [WARN] PackLoader:240 - Cannot read IP mode file for STMicroelectronics.FP-SNS-FLIGHT1.5.0.2
2024-05-05 17:09:12,045 [WARN] PackLoader:240 - Cannot read IP mode file for STMicroelectronics.X-CUBE-TOF1.3.1.0
2024-05-05 17:09:12,053 [WARN] PackLoader:240 - Cannot read IP mode file for STMicroelectronics.X-CUBE-DISPLAY.3.0.0
2024-05-05 17:09:12,058 [WARN] PackLoader:240 - Cannot read IP mode file for STMicroelectronics.X-CUBE-BLE1.7.0.0
2024-05-05 17:09:12,059 [WARN] PackLoader:240 - Cannot read IP mode file for STMicroelectronics.X-CUBE-TOUCHGFX.4.22.0
2024-05-05 17:09:12,089 [WARN] PackLoader:240 - Cannot read IP mode file for STMicroelectronics.X-CUBE-MEMS1.9.3.0
2024-05-05 17:09:12,196 [WARN] PackLoader:240 - Cannot read IP mode file for STMicroelectronics.X-CUBE-AI.7.2.0
2024-05-05 17:09:12,204 [WARN] PackLoader:240 - Cannot read IP mode file for STMicroelectronics.X-CUBE-BLEMGR.3.1.0
2024-05-05 17:09:12,209 [WARN] PackLoader:240 - Cannot read IP mode file for STMicroelectronics.FP-SNS-SMARTAG2.1.2.0
2024-05-05 17:09:12,218 [INFO] LogOutputStream:77 - [STDOUT_REDIRECT] 1 : Invalid condition id : UX_CORESTACK_Condition cause : null
2024-05-05 17:09:12,219 [INFO] LogOutputStream:77 - [STDOUT_REDIRECT] 1 : Invalid condition id : UX_CORESTACK_Condition cause : null
2024-05-05 17:09:12,220 [INFO] LogOutputStream:77 - [STDOUT_REDIRECT] 1 : Invalid condition id : UX_CORESTACK_Condition cause : null
2024-05-05 17:09:12,220 [INFO] LogOutputStream:77 - [STDOUT_REDIRECT] 1 : Invalid condition id : UX_CORESTACK_Condition cause : null
2024-05-05 17:09:12,221 [INFO] LogOutputStream:77 - [STDOUT_REDIRECT] 1 : Invalid condition id : UX_CORESTACK_Condition cause : null
2024-05-05 17:09:12,224 [WARN] PackLoader:240 - Cannot read IP mode file for STMicroelectronics.X-CUBE-AZRTOS-WL.2.0.0
2024-05-05 17:09:12,229 [WARN] PackLoader:240 - Cannot read IP mode file for STMicroelectronics.FP-SNS-MOTENV1.5.0.0
2024-05-05 17:09:12,239 [WARN] PackLoader:240 - Cannot read IP mode file for WES.I-CUBE-Cesium.1.3.0
2024-05-05 17:09:12,243 [WARN] PackLoader:240 - Cannot read IP mode file for STMicroelectronics.X-CUBE-BLE2.3.3.0
2024-05-05 17:09:12,249 [WARN] PackLoader:240 - Cannot read IP mode file for STMicroelectronics.X-CUBE-DISPLAY.2.2.0
2024-05-05 17:09:12,260 [WARN] PackLoader:240 - Cannot read IP mode file for STMicroelectronics.X-CUBE-TOF1.3.2.0
2024-05-05 17:09:12,268 [WARN] PackLoader:240 - Cannot read IP mode file for STMicroelectronics.X-CUBE-ISPU.1.0.0
2024-05-05 17:09:12,281 [WARN] PackLoader:240 - Cannot read IP mode file for STMicroelectronics.X-CUBE-AZRTOS-H7.2.1.0
2024-05-05 17:09:12,287 [WARN] PackLoader:240 - Cannot read IP mode file for STMicroelectronics.X-CUBE-TCPP.4.1.0
2024-05-05 17:09:12,292 [WARN] PackLoader:240 - Cannot read IP mode file for STMicroelectronics.X-CUBE-TOUCHGFX.4.21.1
2024-05-05 17:09:12,294 [WARN] PackLoader:240 - Cannot read IP mode file for STMicroelectronics.X-CUBE-TOUCHGFX.4.21.3
2024-05-05 17:09:12,296 [WARN] PackLoader:240 - Cannot read IP mode file for STMicroelectronics.X-CUBE-TOUCHGFX.4.21.4
2024-05-05 17:09:12,325 [WARN] PackLoader:240 - Cannot read IP mode file for STMicroelectronics.X-CUBE-MEMS1.9.4.0
2024-05-05 17:09:12,416 [WARN] PackLoader:240 - Cannot read IP mode file for STMicroelectronics.X-CUBE-AI.7.3.0
2024-05-05 17:09:12,426 [WARN] PackLoader:240 - Cannot read IP mode file for STMicroelectronics.X-CUBE-ALGOBUILD.1.3.0
2024-05-05 17:09:12,437 [WARN] PackLoader:240 - Cannot read IP mode file for STMicroelectronics.X-CUBE-AZRTOS-G0.1.1.0
2024-05-05 17:09:12,444 [WARN] PackLoader:240 - Cannot read IP mode file for STMicroelectronics.X-CUBE-SAFEA1.1.2.2
2024-05-05 17:09:12,448 [WARN] PackLoader:240 - Cannot read IP mode file for STMicroelectronics.X-CUBE-NFC4.3.0.0
2024-05-05 17:09:12,476 [WARN] PackLoader:240 - Cannot read IP mode file for SEGGER.I-CUBE-embOS.1.2.0
2024-05-05 17:09:12,511 [WARN] PackLoader:240 - Cannot read IP mode file for STMicroelectronics.X-CUBE-BLEMGR.3.0.0
2024-05-05 17:09:12,519 [WARN] PackLoader:240 - Cannot read IP mode file for STMicroelectronics.X-CUBE-BLEMGR.1.3.0
2024-05-05 17:09:12,524 [WARN] PackLoader:240 - Cannot read IP mode file for STMicroelectronics.FP-ATR-SIGFOX1.3.2.0
2024-05-05 17:09:12,529 [WARN] PackLoader:240 - Cannot read IP mode file for STMicroelectronics.X-CUBE-EEPRMA1.5.1.0
2024-05-05 17:09:12,534 [WARN] PackLoader:240 - Cannot read IP mode file for emotas.I-CUBE-CANOPEN.1.1.2
2024-05-05 17:09:12,537 [WARN] PackLoader:240 - Cannot read IP mode file for STMicroelectronics.X-CUBE-TOUCHGFX.4.20.0
2024-05-05 17:09:12,565 [WARN] PackLoader:240 - Cannot read IP mode file for STMicroelectronics.X-CUBE-MEMS1.9.5.0
2024-05-05 17:09:12,676 [WARN] PackLoader:240 - Cannot read IP mode file for SEGGER.I-CUBE-embOS.1.3.1
2024-05-05 17:09:12,701 [WARN] PackLoader:240 - Cannot read IP mode file for STMicroelectronics.X-CUBE-GNSS1.6.0.0
2024-05-05 17:09:12,711 [WARN] PackLoader:240 - Cannot read IP mode file for STMicroelectronics.X-CUBE-AZRTOS-F4.1.1.0
2024-05-05 17:09:12,717 [WARN] PackLoader:240 - Cannot read IP mode file for STMicroelectronics.X-CUBE-FREERTOS.1.2.0
2024-05-05 17:09:12,723 [WARN] PackLoader:240 - Cannot read IP mode file for STMicroelectronics.X-CUBE-BLEMGR.1.2.0
2024-05-05 17:09:12,732 [WARN] PackLoader:240 - Cannot read IP mode file for STMicroelectronics.X-CUBE-AZRTOS-L5.2.0.0
2024-05-05 17:09:12,774 [WARN] PackLoader:240 - Cannot read IP mode file for STMicroelectronics.X-CUBE-MEMS1.9.6.0
2024-05-05 17:09:12,869 [WARN] PackLoader:240 - Cannot read IP mode file for STMicroelectronics.X-CUBE-EEPRMA1.4.2.0
2024-05-05 17:09:12,874 [WARN] PackLoader:240 - Cannot read IP mode file for STMicroelectronics.X-CUBE-NFC6.3.1.0
2024-05-05 17:09:12,881 [WARN] PackLoader:240 - Cannot read IP mode file for ITTIA_DB.I-CUBE-ITTIADB.8.8.0
2024-05-05 17:09:12,902 [WARN] PackLoader:240 - Cannot read IP mode file for STMicroelectronics.X-CUBE-BLEMGR.2.0.0
2024-05-05 17:09:12,905 [WARN] PackLoader:240 - Cannot read IP mode file for STMicroelectronics.X-CUBE-NFC4.2.0.4
2024-05-05 17:09:12,914 [WARN] PackLoader:240 - Cannot read IP mode file for STMicroelectronics.X-CUBE-AI.9.0.0
2024-05-05 17:09:12,931 [WARN] ConditionMgr:438 - getConditionDescription Invalid condition id : UX DEVICE CLASS RTOS Condition cause : null
2024-05-05 17:09:12,931 [WARN] ConditionMgr:438 - getConditionDescription Invalid condition id : UX DEVICE CLASS RTOS Condition cause : null
2024-05-05 17:09:12,933 [WARN] PackLoader:240 - Cannot read IP mode file for STMicroelectronics.X-CUBE-AZRTOS-H7.3.1.0
2024-05-05 17:09:12,933 [WARN] ConditionMgr:1039 - genDependencies : Invalid condition id : UX DEVICE CLASS RTOS Condition cause : null
2024-05-05 17:09:12,933 [WARN] ConditionMgr:1039 - genDependencies : Invalid condition id : UX DEVICE CLASS RTOS Condition cause : null
2024-05-05 17:09:12,934 [WARN] ConditionMgr:1039 - genDependencies : Invalid condition id : UX DEVICE CLASS RTOS Condition cause : null
2024-05-05 17:09:12,934 [WARN] ConditionMgr:1039 - genDependencies : Invalid condition id : UX DEVICE CLASS RTOS Condition cause : null
2024-05-05 17:09:12,934 [WARN] ConditionMgr:1039 - genDependencies : Invalid condition id : UX DEVICE CLASS RTOS Condition cause : null
2024-05-05 17:09:12,937 [WARN] PackLoader:240 - Cannot read IP mode file for wolfSSL.I-CUBE-wolfSSL.5.5.0
2024-05-05 17:09:12,939 [WARN] PackLoader:240 - Cannot read IP mode file for STMicroelectronics.X-CUBE-NFC7.1.0.1
2024-05-05 17:09:12,941 [WARN] PackLoader:240 - Cannot read IP mode file for STMicroelectronics.X-CUBE-NFC7.1.0.0
2024-05-05 17:09:12,944 [WARN] PackLoader:240 - Cannot read IP mode file for STMicroelectronics.X-CUBE-NFC6.3.0.0
2024-05-05 17:09:12,956 [WARN] PackLoader:240 - Cannot read IP mode file for STMicroelectronics.X-CUBE-EEPRMA1.4.1.0
2024-05-05 17:09:12,958 [WARN] PackLoader:240 - Cannot read IP mode file for STMicroelectronics.X-CUBE-AI.8.1.0
2024-05-05 17:09:12,965 [WARN] ConditionMgr:438 - getConditionDescription Invalid condition id : LAN8742 Phy interface Condition cause : null
2024-05-05 17:09:12,966 [WARN] PackLoader:240 - Cannot read IP mode file for STMicroelectronics.X-CUBE-AZRTOS-L4.2.0.0
2024-05-05 17:09:12,966 [WARN] ConditionMgr:1039 - genDependencies : Invalid condition id : LAN8742 Phy interface Condition cause : null
2024-05-05 17:09:12,967 [WARN] ConditionMgr:1039 - genDependencies : Invalid condition id : LAN8742 Phy interface Condition cause : null
2024-05-05 17:09:12,967 [WARN] ConditionMgr:1039 - genDependencies : Invalid condition id : LAN8742 Phy interface Condition cause : null
2024-05-05 17:09:12,971 [WARN] PackLoader:240 - Cannot read IP mode file for STMicroelectronics.X-CUBE-SFXS2LP1.4.0.0
2024-05-05 17:09:12,978 [WARN] PackLoader:240 - Cannot read IP mode file for STMicroelectronics.X-CUBE-AZRTOS-H7.3.0.0
2024-05-05 17:09:12,981 [WARN] PackLoader:240 - Cannot read IP mode file for STMicroelectronics.X-CUBE-ISPU.1.1.0
2024-05-05 17:09:12,984 [WARN] PackLoader:240 - Cannot read IP mode file for RoweBots.I-CUBE-UNISONRTOS.5.5.0-4
2024-05-05 17:09:12,987 [WARN] PackLoader:240 - Cannot read IP mode file for STMicroelectronics.X-CUBE-AI.8.0.0
2024-05-05 17:09:12,993 [WARN] ConditionMgr:438 - getConditionDescription Invalid condition id : UX DEVICE CLASS RTOS Condition cause : null
2024-05-05 17:09:12,993 [WARN] ConditionMgr:438 - getConditionDescription Invalid condition id : UX DEVICE CLASS RTOS Condition cause : null
2024-05-05 17:09:12,993 [WARN] PackLoader:240 - Cannot read IP mode file for STMicroelectronics.X-CUBE-AZRTOS-WB.2.0.0
2024-05-05 17:09:12,994 [WARN] ConditionMgr:1039 - genDependencies : Invalid condition id : UX DEVICE CLASS RTOS Condition cause : null
2024-05-05 17:09:12,995 [WARN] ConditionMgr:1039 - genDependencies : Invalid condition id : UX DEVICE CLASS RTOS Condition cause : null
2024-05-05 17:09:12,996 [WARN] ConditionMgr:1039 - genDependencies : Invalid condition id : UX DEVICE CLASS RTOS Condition cause : null
2024-05-05 17:09:12,997 [WARN] ConditionMgr:1039 - genDependencies : Invalid condition id : UX DEVICE CLASS RTOS Condition cause : null
2024-05-05 17:09:12,998 [WARN] ConditionMgr:1039 - genDependencies : Invalid condition id : UX DEVICE CLASS RTOS Condition cause : null
2024-05-05 17:09:13,001 [WARN] PackLoader:240 - Cannot read IP mode file for STMicroelectronics.X-CUBE-FREERTOS.1.0.0
2024-05-05 17:09:13,003 [WARN] PackLoader:240 - Cannot read IP mode file for STMicroelectronics.X-CUBE-FREERTOS.1.0.1
2024-05-05 17:09:13,006 [WARN] PackLoader:240 - Cannot read IP mode file for STMicroelectronics.X-CUBE-BLEMGR.1.0.0
2024-05-05 17:09:13,014 [WARN] PackLoader:240 - Cannot read IP mode file for STMicroelectronics.X-CUBE-AZRTOS-L5.1.1.0
2024-05-05 17:09:13,017 [WARN] PackLoader:240 - Cannot read IP mode file for STMicroelectronics.X-CUBE-AI.8.0.1
2024-05-05 17:09:13,021 [WARN] PackLoader:240 - Cannot read IP mode file for STMicroelectronics.X-CUBE-SUBG2.5.0.0
2024-05-05 17:09:13,027 [WARN] PackLoader:240 - Cannot read IP mode file for STMicroelectronics.X-CUBE-TOF1.3.3.1
2024-05-05 17:09:13,037 [WARN] PackLoader:240 - Cannot read IP mode file for STMicroelectronics.X-CUBE-AZRTOS-G4.2.0.0
2024-05-05 17:09:13,041 [WARN] PackLoader:240 - Cannot read IP mode file for STMicroelectronics.X-CUBE-TOF1.3.3.0
2024-05-05 17:09:13,047 [WARN] PackLoader:240 - Cannot read IP mode file for STMicroelectronics.FP-ATR-ASTRA1.1.1.1
2024-05-05 17:09:13,055 [WARN] PackLoader:240 - Cannot read IP mode file for Infineon.AIROC-Wi-Fi-Bluetooth-STM32.1.5.1
2024-05-05 17:09:13,058 [WARN] PackLoader:240 - Cannot read IP mode file for STMicroelectronics.FP-SNS-MOTENVWB1.1.3.1
2024-05-05 17:09:13,062 [WARN] PackLoader:240 - Cannot read IP mode file for STMicroelectronics.X-CUBE-AZRTOS-G4.1.0.0
2024-05-05 17:09:13,072 [WARN] PackLoader:240 - Cannot read IP mode file for STMicroelectronics.X-CUBE-AZRTOS-L4.1.0.0
2024-05-05 17:09:13,075 [WARN] PackLoader:240 - Cannot read IP mode file for STMicroelectronics.X-CUBE-ISPU.2.0.0
2024-05-05 17:09:13,090 [WARN] PackLoader:240 - Cannot read IP mode file for STMicroelectronics.X-CUBE-MEMS1.10.0.0
2024-05-05 17:09:13,149 [WARN] PackLoader:240 - Cannot read IP mode file for STMicroelectronics.X-CUBE-FREERTOS.1.1.0
2024-05-05 17:09:13,153 [WARN] PackLoader:240 - Cannot read IP mode file for STMicroelectronics.X-CUBE-AZRTOS-WL.1.0.0
2024-05-05 17:09:13,156 [WARN] PackLoader:240 - Cannot read IP mode file for portGmbH.I-Cube-SoM-uGOAL.1.1.0
2024-05-05 17:09:13,158 [WARN] PackLoader:240 - Cannot read IP mode file for STMicroelectronics.X-CUBE-ALS.1.0.1
2024-05-05 17:09:13,164 [WARN] PackLoader:240 - Cannot read IP mode file for STMicroelectronics.X-CUBE-AZRTOS-WB.1.1.0
2024-05-05 17:09:13,170 [WARN] PackLoader:240 - Cannot read IP mode file for STMicroelectronics.X-CUBE-AZRTOS-L5.1.0.0
2024-05-05 17:09:13,173 [WARN] PackLoader:240 - Cannot read IP mode file for STMicroelectronics.X-CUBE-EEPRMA1.3.1.1
2024-05-05 17:09:13,189 [WARN] PackLoader:240 - Cannot read IP mode file for STMicroelectronics.X-CUBE-AZRTOS-H7RS.1.0.0
2024-05-05 17:09:13,192 [WARN] PackLoader:240 - Cannot read IP mode file for STMicroelectronics.FP-ATR-ASTRA1.2.0.0
2024-05-05 17:09:13,196 [WARN] PackLoader:240 - Cannot read IP mode file for STMicroelectronics.X-CUBE-TOF1.3.4.0
2024-05-05 17:09:13,203 [WARN] PackLoader:240 - Cannot read IP mode file for STMicroelectronics.X-CUBE-TOF1.3.4.1
2024-05-05 17:09:13,216 [WARN] PackLoader:240 - Cannot read IP mode file for STMicroelectronics.X-CUBE-AZRTOS-H7.3.2.0
2024-05-05 17:09:13,218 [INFO] ThirdParty:978 - Integrity check success = true
2024-05-05 17:09:13,218 [INFO] IntegrityCheckThread:100 - exiting critical section [integrity check]
2024-05-05 17:09:13,218 [INFO] IntegrityCheckThread:103 - End integrity checks thread
2024-05-05 17:10:27,216 [INFO] McuFinderGlobals:63 - Set McuFinder mode to 2 (CubeIDE integrated)
2024-05-05 17:10:27,219 [INFO] MainUpdater:2873 - connection check result : 10
2024-05-05 17:10:27,219 [INFO] MainUpdater:2873 - connection check result : 10
2024-05-05 17:10:27,235 [INFO] MicroXplorer:468 - Change Database Path : 
2024-05-05 17:10:27,235 [INFO] MicroXplorer:498 - Change Database Version : DB.6.0.111
2024-05-05 17:10:27,237 [WARN] ThirdParty:871 - waiting for thirdparty lock release [close project]
2024-05-05 17:10:27,237 [INFO] ThirdParty:873 - entering critical section [close project]
2024-05-05 17:10:27,238 [INFO] ThirdParty:883 - exiting critical section [close project]
2024-05-05 17:10:27,239 [INFO] PinOutPanel:1561 - setPackage(No Configuration,No Configuration)
2024-05-05 17:10:27,241 [INFO] UtilMem:75 - Begin LoadConfig() Used Memory: 441757024 Bytes (580911104)
2024-05-05 17:10:27,245 [INFO] MicroXplorer:468 - Change Database Path : C:/Users/saksh/.stm32cubemx/databases/DB.6.0.100/db/
2024-05-05 17:10:27,246 [INFO] MicroXplorer:498 - Change Database Version : DB.6.0.100
2024-05-05 17:10:35,301 [INFO] OpenFileManager:312 - Change cursor
2024-05-05 17:10:35,317 [INFO] Mcu:2021 - Initializing MCU STM32H7A3Z(G-I)TxQ STM32H7A3ZITxQ STM32H7A3ZIT6Q
2024-05-05 17:10:37,453 [INFO] Context:663 - Trying to add GPIOservice into a context  which must be forbidden
2024-05-05 17:10:38,423 [INFO] RtosManager:555 - Registered RTOS mode: class=CMSIS, group=RTOS, mode=CMSIS_V1, owner=FREERTOS
2024-05-05 17:10:38,424 [INFO] RtosManager:555 - Registered RTOS mode: class=CMSIS, group=RTOS2, mode=CMSIS_V2, owner=FREERTOS
2024-05-05 17:10:38,425 [INFO] RtosManager:555 - Registered RTOS mode: class=RTOS, group=Core, mode=CMSIS_V1, owner=FREERTOS
2024-05-05 17:10:38,425 [INFO] RtosManager:555 - Registered RTOS mode: class=RTOS, group=Core, mode=CMSIS_V2, owner=FREERTOS
2024-05-05 17:10:38,426 [WARN] ModelIntegratedComponent:184 - Missing modes for component STMicroelectronics:FreeRTOS:0.0.1:STMicroelectronics:RTOS:FreeRTOS:Core:::10.2.0:
2024-05-05 17:10:38,432 [WARN] ModelIntegratedComponent:63 - No mode defined for component null
2024-05-05 17:10:38,432 [WARN] ModelIntegratedComponent:63 - No mode defined for component null
2024-05-05 17:10:38,432 [WARN] ModelIntegratedComponent:63 - No mode defined for component null
2024-05-05 17:10:38,432 [WARN] ModelIntegratedComponent:63 - No mode defined for component null
2024-05-05 17:10:38,432 [WARN] ModelIntegratedComponent:63 - No mode defined for component null
2024-05-05 17:10:38,432 [WARN] ModelIntegratedComponent:63 - No mode defined for component null
2024-05-05 17:10:38,432 [WARN] ModelIntegratedComponent:63 - No mode defined for component null
2024-05-05 17:10:38,433 [WARN] ModelIntegratedComponent:63 - No mode defined for component null
2024-05-05 17:10:38,433 [WARN] ModelIntegratedComponent:63 - No mode defined for component null
2024-05-05 17:10:38,433 [WARN] ModelIntegratedComponent:63 - No mode defined for component null
2024-05-05 17:10:38,433 [WARN] ModelIntegratedComponent:63 - No mode defined for component null
2024-05-05 17:10:38,433 [WARN] ModelIntegratedComponent:63 - No mode defined for component null
2024-05-05 17:10:38,433 [WARN] ModelIntegratedComponent:63 - No mode defined for component null
2024-05-05 17:10:38,433 [WARN] ModelIntegratedComponent:63 - No mode defined for component null
2024-05-05 17:10:38,433 [WARN] ModelIntegratedComponent:63 - No mode defined for component null
2024-05-05 17:10:38,433 [WARN] ModelIntegratedComponent:63 - No mode defined for component null
2024-05-05 17:10:38,433 [WARN] ModelIntegratedComponent:63 - No mode defined for component null
2024-05-05 17:10:38,433 [WARN] ModelIntegratedComponent:63 - No mode defined for component null
2024-05-05 17:10:38,433 [WARN] ModelIntegratedComponent:63 - No mode defined for component null
2024-05-05 17:10:38,433 [WARN] ModelIntegratedComponent:63 - No mode defined for component null
2024-05-05 17:10:38,433 [WARN] ModelIntegratedComponent:63 - No mode defined for component null
2024-05-05 17:10:38,433 [WARN] ModelIntegratedComponent:63 - No mode defined for component null
2024-05-05 17:10:38,433 [WARN] ModelIntegratedComponent:63 - No mode defined for component null
2024-05-05 17:10:38,433 [WARN] ModelIntegratedComponent:63 - No mode defined for component null
2024-05-05 17:10:38,433 [WARN] ModelIntegratedComponent:63 - No mode defined for component null
2024-05-05 17:10:38,433 [WARN] ModelIntegratedComponent:63 - No mode defined for component null
2024-05-05 17:10:38,433 [WARN] ModelIntegratedComponent:63 - No mode defined for component null
2024-05-05 17:10:38,433 [WARN] ModelIntegratedComponent:63 - No mode defined for component null
2024-05-05 17:10:38,433 [WARN] ModelIntegratedComponent:63 - No mode defined for component null
2024-05-05 17:10:38,433 [WARN] ModelIntegratedComponent:63 - No mode defined for component null
2024-05-05 17:10:38,433 [WARN] ModelIntegratedComponent:63 - No mode defined for component null
2024-05-05 17:10:38,433 [WARN] ModelIntegratedComponent:63 - No mode defined for component null
2024-05-05 17:10:38,433 [WARN] ModelIntegratedComponent:63 - No mode defined for component null
2024-05-05 17:10:38,433 [WARN] ModelIntegratedComponent:63 - No mode defined for component null
2024-05-05 17:10:38,473 [WARN] ModelIntegratedComponent:182 - Modes not found for component STMicroelectronics:USB_DEVICE:1.0.0:STMicroelectronics:USB::USB Device:Audio FS::1.0:USB_DEVICE_1_0_RESTRICTED_FS
2024-05-05 17:10:38,473 [WARN] ModelIntegratedComponent:188 - Modes not found for component STMicroelectronics:USB_DEVICE:1.0.0:STMicroelectronics:USB::USB Device:Audio FS::1.0:USB_DEVICE_1_0_RESTRICTED_FS
2024-05-05 17:10:38,473 [WARN] ModelIntegratedComponent:182 - Modes not found for component STMicroelectronics:USB_DEVICE:1.0.0:STMicroelectronics:USB::USB Device:CDC FS::1.0:USB_DEVICE_1_0_RESTRICTED_FS
2024-05-05 17:10:38,473 [WARN] ModelIntegratedComponent:188 - Modes not found for component STMicroelectronics:USB_DEVICE:1.0.0:STMicroelectronics:USB::USB Device:CDC FS::1.0:USB_DEVICE_1_0_RESTRICTED_FS
2024-05-05 17:10:38,473 [WARN] ModelIntegratedComponent:182 - Modes not found for component STMicroelectronics:USB_DEVICE:1.0.0:STMicroelectronics:USB::USB Device:DFU FS::1.0:USB_DEVICE_1_0_RESTRICTED_FS
2024-05-05 17:10:38,473 [WARN] ModelIntegratedComponent:188 - Modes not found for component STMicroelectronics:USB_DEVICE:1.0.0:STMicroelectronics:USB::USB Device:DFU FS::1.0:USB_DEVICE_1_0_RESTRICTED_FS
2024-05-05 17:10:38,473 [WARN] ModelIntegratedComponent:182 - Modes not found for component STMicroelectronics:USB_DEVICE:1.0.0:STMicroelectronics:USB::USB Device:HID FS::1.0:USB_DEVICE_1_0_RESTRICTED_FS
2024-05-05 17:10:38,473 [WARN] ModelIntegratedComponent:188 - Modes not found for component STMicroelectronics:USB_DEVICE:1.0.0:STMicroelectronics:USB::USB Device:HID FS::1.0:USB_DEVICE_1_0_RESTRICTED_FS
2024-05-05 17:10:38,473 [WARN] ModelIntegratedComponent:182 - Modes not found for component STMicroelectronics:USB_DEVICE:1.0.0:STMicroelectronics:USB::USB Device:Custom HID FS::1.0:USB_DEVICE_1_0_RESTRICTED_FS
2024-05-05 17:10:38,473 [WARN] ModelIntegratedComponent:188 - Modes not found for component STMicroelectronics:USB_DEVICE:1.0.0:STMicroelectronics:USB::USB Device:Custom HID FS::1.0:USB_DEVICE_1_0_RESTRICTED_FS
2024-05-05 17:10:38,473 [WARN] ModelIntegratedComponent:182 - Modes not found for component STMicroelectronics:USB_DEVICE:1.0.0:STMicroelectronics:USB::USB Device:MSC FS::1.0:USB_DEVICE_1_0_RESTRICTED_FS
2024-05-05 17:10:38,473 [WARN] ModelIntegratedComponent:188 - Modes not found for component STMicroelectronics:USB_DEVICE:1.0.0:STMicroelectronics:USB::USB Device:MSC FS::1.0:USB_DEVICE_1_0_RESTRICTED_FS
2024-05-05 17:10:38,517 [WARN] ModelIntegratedComponent:182 - Modes not found for component STMicroelectronics:USB_HOST:1.0.0:STMicroelectronics:USB::USB Host:Audio FS::1.0:USB_HOST_1_0_RESTRICTED_FS
2024-05-05 17:10:38,517 [WARN] ModelIntegratedComponent:188 - Modes not found for component STMicroelectronics:USB_HOST:1.0.0:STMicroelectronics:USB::USB Host:Audio FS::1.0:USB_HOST_1_0_RESTRICTED_FS
2024-05-05 17:10:38,517 [WARN] ModelIntegratedComponent:182 - Modes not found for component STMicroelectronics:USB_HOST:1.0.0:STMicroelectronics:USB::USB Host:CDC FS::1.0:USB_HOST_1_0_RESTRICTED_FS
2024-05-05 17:10:38,517 [WARN] ModelIntegratedComponent:188 - Modes not found for component STMicroelectronics:USB_HOST:1.0.0:STMicroelectronics:USB::USB Host:CDC FS::1.0:USB_HOST_1_0_RESTRICTED_FS
2024-05-05 17:10:38,517 [WARN] ModelIntegratedComponent:182 - Modes not found for component STMicroelectronics:USB_HOST:1.0.0:STMicroelectronics:USB::USB Host:MSC FS::1.0:USB_HOST_1_0_RESTRICTED_FS
2024-05-05 17:10:38,517 [WARN] ModelIntegratedComponent:188 - Modes not found for component STMicroelectronics:USB_HOST:1.0.0:STMicroelectronics:USB::USB Host:MSC FS::1.0:USB_HOST_1_0_RESTRICTED_FS
2024-05-05 17:10:38,517 [WARN] ModelIntegratedComponent:182 - Modes not found for component STMicroelectronics:USB_HOST:1.0.0:STMicroelectronics:USB::USB Host:HID FS::1.0:USB_HOST_1_0_RESTRICTED_FS
2024-05-05 17:10:38,517 [WARN] ModelIntegratedComponent:188 - Modes not found for component STMicroelectronics:USB_HOST:1.0.0:STMicroelectronics:USB::USB Host:HID FS::1.0:USB_HOST_1_0_RESTRICTED_FS
2024-05-05 17:10:38,517 [WARN] ModelIntegratedComponent:182 - Modes not found for component STMicroelectronics:USB_HOST:1.0.0:STMicroelectronics:USB::USB Host:MTP FS::1.0:USB_HOST_1_0_RESTRICTED_FS
2024-05-05 17:10:38,517 [WARN] ModelIntegratedComponent:188 - Modes not found for component STMicroelectronics:USB_HOST:1.0.0:STMicroelectronics:USB::USB Host:MTP FS::1.0:USB_HOST_1_0_RESTRICTED_FS
2024-05-05 17:10:38,621 [INFO] ThirdPartyModel:298 - Start build external matchings
2024-05-05 17:10:39,829 [INFO] ThirdPartyModel:316 - End build external matchings
2024-05-05 17:10:39,865 [INFO] ImportTextPane:194 - (OptionalMessage_ERROR) IP (RCC) : Invalid parameter (FamilyName)
2024-05-05 17:10:39,865 [INFO] ImportTextPane:194 - (OptionalMessage_ERROR) IP (RCC) : Parameter (LTDCFreq_Value) has invalid value (768000000)
2024-05-05 17:10:39,865 [INFO] ImportTextPane:194 - (OptionalMessage_ERROR) IP (RCC) : Parameter (TraceFreq_Value) has invalid value (64000000)
2024-05-05 17:10:40,685 [INFO] ApiDb:581 - Connected to CubeFinder SQLite database (C:\Users\saksh\.stmcufinder\plugins\mcufinder\mcu\cube-finder-db.db)
2024-05-05 17:10:40,722 [INFO] ApiDb:668 - CubeFinder database Data Model version=2.1
2024-05-05 17:10:40,722 [INFO] ApiDb:669 - CubeFinder database Configuration version=3.0.39
2024-05-05 17:10:40,722 [INFO] ApiDb:670 - CubeFinder database generation date=2024-03-25 (1711369621)
2024-05-05 17:10:40,722 [INFO] ApiDb:671 - CubeFinder database FW Pack versions=[FP-ATR-ASTRA1_V2.0.0, FP-SNS-FLIGHT1_V5.0.1, FP-SNS-FLIGHT1_V5.0.2, FP-SNS-MOTENV1_V4.3.1, FP-SNS-MOTENV1_V4.3.2, FP-SNS-MOTENVWB1_V1.3.1, FP-SNS-SMARTAG2_V1.2.0, STM32Cube_FW_C0_V1.1.0, STM32Cube_FW_F4_V1.28.0, STM32Cube_FW_F7_V1.17.0, STM32Cube_FW_G0_V1.6.2, STM32Cube_FW_G4_V1.5.2, STM32Cube_FW_H5_V0.5.1, STM32Cube_FW_H5_V1.1.1, STM32Cube_FW_H5_V1.2.0, STM32Cube_FW_H5_V1.2.0RC4, STM32Cube_FW_H7RS_V1.0.0, STM32Cube_FW_H7RS_V1.0.0RC4, STM32Cube_FW_H7_V1.11.0, STM32Cube_FW_L0_V1.12.2, STM32Cube_FW_L5_V1.5.1, STM32Cube_FW_U0_V1.0.0, STM32Cube_FW_U0_V1.0.0RC1, STM32Cube_FW_U5_V1.3.0RC4, STM32Cube_FW_U5_V1.5.0, STM32Cube_FW_U5_V1.5.0RC1, STM32Cube_FW_WBA_V1.0.0RC1, STM32Cube_FW_WBA_V1.2.0, STM32Cube_FW_WBA_V1.2.0RC2, STM32Cube_FW_WBA_V1.3.0, STM32Cube_FW_WBA_V1.3.0RC1, STM32Cube_FW_WB_V1.15.0RC1, STM32Cube_FW_WB_V1.16.0, STM32Cube_FW_WB_V1.16.0RC2, STM32Cube_FW_WB_V1.18.0, STM32Cube_FW_WB_V1.19.0, STM32Cube_FW_WL_V1.3.0, X-CUBE-ALGOBUILD_V1.3.0, X-CUBE-ALS_V1.0.1, X-CUBE-AZRTOS-F4_V1.1.0, X-CUBE-AZRTOS-F7_V1.1.0, X-CUBE-AZRTOS-G0_V1.1.0, X-CUBE-AZRTOS-G4_V2.0.0, X-CUBE-AZRTOS-H7_V3.2.0, X-CUBE-AZRTOS-L4_V1.0.0, X-CUBE-AZRTOS-L4_V2.0.0, X-CUBE-AZRTOS-L5_V1.1.0, X-CUBE-AZRTOS-WB_V2.0.0, X-CUBE-AZRTOS-WL_V2.0.0, X-CUBE-BLE1_V7.0.0, X-CUBE-BLE2_V3.3.0, X-CUBE-BLEMGR_V3.1.0, X-CUBE-EEPRMA1_V4.1.0, X-CUBE-EEPRMA1_V5.1.0, X-CUBE-FREERTOS_V1.1.0, X-CUBE-GNSS1_V6.0.0, X-CUBE-MEMS1_V10.0.0, X-CUBE-MEMS1_V9.1.0, X-CUBE-MEMS1_V9.4.0, X-CUBE-MEMS1_V9.6.0, X-CUBE-NFC4_V3.0.0, X-CUBE-NFC7_V1.0.1, X-CUBE-SFXS2LP1_V4.0.0, X-CUBE-SUBG2_V5.0.0, X-CUBE-TOF1_V3.4.0]
2024-05-05 17:10:40,766 [INFO] DbBoardsSqlite:226 - include board P-NUCLEO-WB55-NUCLEO as a kit item of type 'Nucleo-64'
2024-05-05 17:10:40,766 [INFO] DbBoardsSqlite:226 - include board P-NUCLEO-WB55-USBDONGLE as a kit item of type 'Nucleo USB Dongle'
2024-05-05 17:10:40,766 [INFO] DbBoardsSqlite:226 - include board STEVAL-IDP005V1 as a kit item of type 'Evaluation Board'
2024-05-05 17:10:40,766 [INFO] DbBoardsSqlite:226 - include board STEVAL-IDP005V2 as a kit item of type 'Evaluation Board'
2024-05-05 17:10:40,798 [INFO] ApiDb:240 - Found 483 in-development CPN: [B-G473E-ZEST1S, B-WB1M-WPAN1, B-WL5M-SUBG1, NUCLEO-C031C6, NUCLEO-H503RB, NUCLEO-H533RE, NUCLEO-H563ZI, NUCLEO-H7S3L8, NUCLEO-U031R8, NUCLEO-U083RC, NUCLEO-U545RE-Q, NUCLEO-U5A5ZJ-Q, NUCLEO-WBA52CG, NUCLEO-WBA55CG, STEVAL-PROTEUS1, STEVAL-SMARTAG2, STEVAL-STWINBX1, STM320518-EVAL, STM32C0116-DK, STM32C011D6Y3TR, STM32C011D6Y6TR, STM32C011F4P3, STM32C011F4P6, STM32C011F4U3, STM32C011F4U6TR, STM32C011F6P3, STM32C011F6P6, STM32C011F6U3, STM32C011F6U6TR, STM32C011J4M3, STM32C011J4M6, STM32C011J6M3, STM32C011J6M6, STM32C0316-DK, STM32C031C4T3, STM32C031C4T6, STM32C031C4U3, STM32C031C4U6, STM32C031C6T3, STM32C031C6T6, STM32C031C6U3, STM32C031C6U6, STM32C031F4P3, STM32C031F4P6, STM32C031F6P3, STM32C031F6P6, STM32C031G4U3, STM32C031G4U6, STM32C031G6U3, STM32C031G6U6, STM32C031K4T3, STM32C031K4T6, STM32C031K4U3, STM32C031K4U6, STM32C031K6T3, STM32C031K6T6, STM32C031K6U3, STM32C031K6U6, STM32G071K8TXN, STM32G071K8UXN, STM32G081GBU6N, STM32G081KBT6N, STM32G081KBUXN, STM32G0B1CCT6N, STM32G0B1KCT6, STM32G0B1NEY6TR, STM32G0B1RCT6N, STM32G0C1CCT6, STM32G0C1CCT6N, STM32G0C1CCU6N, STM32G0C1CET6N, STM32G0C1CEU6N, STM32G0C1KCT6, STM32G0C1NEY6TR, STM32G0C1RCI6N, STM32G0C1RCT6N, STM32G0C1REI6N, STM32G0C1RET6N, STM32G0C1VCI6, STM32G0C1VEI6, STM32G471CCT6, STM32G471CCU6, STM32G471CET3, STM32G471CET6, STM32G471CEU3, STM32G471CEU6, STM32G471MCT6, STM32G471MET3, STM32G471MET6, STM32G471MEY6TR, STM32G471QCT6, STM32G471QET3, STM32G471RCT6, STM32G471RET3, STM32G471RET6, STM32G471VCH6, STM32G471VCI6, STM32G471VCT6, STM32G471VEH3, STM32G471VEH6, STM32G471VEI3, STM32G471VEI6, STM32G471VET3, STM32G471VET6, STM32G474CCT6, STM32H503CBT6, STM32H503CBU6, STM32H503EBY6TR, STM32H503KBU6, STM32H503RBT6, STM32H523CCT6, STM32H523CCU6, STM32H523CET6, STM32H523CEU6, STM32H523HEY6TR, STM32H523RCT6, STM32H523RET6, STM32H523VCI6, STM32H523VCT6, STM32H523VEI6, STM32H523VET6, STM32H523ZCJ6, STM32H523ZCT6, STM32H523ZEJ6, STM32H523ZET6, STM32H533CET6, STM32H533CEU6, STM32H533HEY6TR, STM32H533RET6, STM32H533VEI6, STM32H533VET6, STM32H533ZEJ6, STM32H533ZET6, STM32H562AGI6, STM32H562AII6, STM32H562IGK6, STM32H562IGT6, STM32H562IIK6, STM32H562IIT6, STM32H562RGT6, STM32H562RGV6, STM32H562RIT6, STM32H562RIV6, STM32H562VGT6, STM32H562VIT6, STM32H562ZGT6, STM32H562ZIT6, STM32H563AGI6, STM32H563AII3Q, STM32H563AII6, STM32H563IGK6, STM32H563IGT6, STM32H563IIK3Q, STM32H563IIK6, STM32H563IIT3Q, STM32H563IIT6, STM32H563MIY3QTR, STM32H563RGT6, STM32H563RGV6, STM32H563RIT6, STM32H563RIV6, STM32H563VGT6, STM32H563VIT3Q, STM32H563VIT6, STM32H563ZGT6, STM32H563ZIT3Q, STM32H563ZIT6, STM32H573AII3Q, STM32H573AII6, STM32H573I-DK, STM32H573IIK3Q, STM32H573IIK6, STM32H573IIT3Q, STM32H573IIT6, STM32H573MIY3QTR, STM32H573RIT6, STM32H573RIV6, STM32H573VIT3Q, STM32H573VIT6, STM32H573ZIT3Q, STM32H573ZIT6, STM32H7R3A8I6, STM32H7R3I8K6, STM32H7R3I8T6, STM32H7R3L8H6, STM32H7R3L8H6H, STM32H7R3R8V6, STM32H7R3V8H6, STM32H7R3V8T6, STM32H7R3V8Y6, STM32H7R3Z8J6, STM32H7R3Z8T6, STM32H7R7A8I6, STM32H7R7I8K6, STM32H7R7I8T6, STM32H7R7L8H6, STM32H7R7L8H6H, STM32H7R7Z8J6, STM32H7S3A8I6, STM32H7S3I8K6, STM32H7S3I8T6, STM32H7S3L8H6, STM32H7S3L8H6H, STM32H7S3R8V6, STM32H7S3V8H6, STM32H7S3V8T6, STM32H7S3V8Y6, STM32H7S3Z8J6, STM32H7S3Z8T6, STM32H7S78-DK, STM32H7S7A8I6, STM32H7S7I8K6, STM32H7S7I8T6, STM32H7S7L8H6, STM32H7S7L8H6H, STM32H7S7Z8J6, STM32L4R5QGI6STR, STM32MP131AAE3, STM32MP131AAF3, STM32MP131AAG3, STM32MP131CAE3, STM32MP131CAF3, STM32MP131CAG3, STM32MP131DAE7, STM32MP131DAF7, STM32MP131DAG7, STM32MP131FAE7, STM32MP131FAF7, STM32MP131FAG7, STM32MP133AAE3, STM32MP133AAF3, STM32MP133AAG3, STM32MP133CAE3, STM32MP133CAF3, STM32MP133CAG3, STM32MP133DAE7, STM32MP133DAF7, STM32MP133DAG7, STM32MP133FAE7, STM32MP133FAF7, STM32MP133FAG7, STM32MP135AAE3, STM32MP135AAF3, STM32MP135AAG3, STM32MP135CAE3, STM32MP135CAF3, STM32MP135CAG3, STM32MP135DAE7, STM32MP135DAF7, STM32MP135DAG7, STM32MP135F-DK, STM32MP135FAE7, STM32MP135FAF7, STM32MP135FAF7T, STM32MP135FAF7U, STM32MP135FAG7, STM32U031C6T6, STM32U031C6U6, STM32U031C8T6, STM32U031C8U6, STM32U031F4P6, STM32U031F6P6, STM32U031F8P6, STM32U031G6Y6TR, STM32U031G8Y6TR, STM32U031K4U6, STM32U031K6U6, STM32U031K8U6, STM32U031R6I6, STM32U031R6T6, STM32U031R8I6, STM32U031R8T6, STM32U073C8T6, STM32U073C8U6, STM32U073CBT6, STM32U073CBU6, STM32U073CCT6, STM32U073CCU6, STM32U073H8Y6TR, STM32U073HBY6TR, STM32U073HCY6TR, STM32U073K8U6, STM32U073KBU6, STM32U073KCU6, STM32U073M8I6, STM32U073M8T6, STM32U073MBI6, STM32U073MBT6, STM32U073MCI6, STM32U073MCT6, STM32U073R8I6, STM32U073R8T6, STM32U073RBI6, STM32U073RBT6, STM32U073RCI6, STM32U073RCT6, STM32U083C-DK, STM32U083CCT6, STM32U083CCU6, STM32U083HCY6TR, STM32U083KCU6, STM32U083MCI6, STM32U083MCT6, STM32U083RCI6, STM32U083RCT6, STM32U535CBT6, STM32U535CBT6Q, STM32U535CBU6, STM32U535CBU6Q, STM32U535CCT6, STM32U535CCT6Q, STM32U535CCU6, STM32U535CCU6Q, STM32U535CET6, STM32U535CET6Q, STM32U535CEU6, STM32U535CEU6Q, STM32U535JEY6QTR, STM32U535NCY6QTR, STM32U535NEY6QTR, STM32U535RBI6, STM32U535RBI6Q, STM32U535RBT6, STM32U535RBT6Q, STM32U535RCI6, STM32U535RCI6Q, STM32U535RCT6, STM32U535RCT6Q, STM32U535REI6, STM32U535REI6Q, STM32U535RET6, STM32U535RET6Q, STM32U535VCI6, STM32U535VCI6Q, STM32U535VCT6, STM32U535VCT6Q, STM32U535VEI6, STM32U535VEI6Q, STM32U535VET6, STM32U535VET6Q, STM32U545CET6, STM32U545CET6Q, STM32U545CEU6, STM32U545CEU6Q, STM32U545JEY6QTR, STM32U545NEY6QTR, STM32U545REI6, STM32U545REI6Q, STM32U545RET6, STM32U545RET6Q, STM32U545VEI6, STM32U545VEI6Q, STM32U545VET6, STM32U545VET6Q, STM32U595AIH6, STM32U595AIH6Q, STM32U595AJH6, STM32U595AJH6Q, STM32U595QII6, STM32U595QII6Q, STM32U595QJI6, STM32U595QJI6Q, STM32U595RIT6, STM32U595RIT6Q, STM32U595RJT6, STM32U595RJT6Q, STM32U595VIT6, STM32U595VIT6Q, STM32U595VJT6, STM32U595VJT6Q, STM32U595ZIT6, STM32U595ZIT6Q, STM32U595ZIY6QTR, STM32U595ZJT6, STM32U595ZJT6Q, STM32U595ZJY6QTR, STM32U599BJY6QTR, STM32U599NIH6Q, STM32U599NJH6Q, STM32U599VIT6Q, STM32U599VJT6, STM32U599VJT6Q, STM32U599ZIT6Q, STM32U599ZIY6QTR, STM32U599ZJT6Q, STM32U599ZJY6QTR, STM32U5A5AJH6, STM32U5A5AJH6Q, STM32U5A5QII3Q , STM32U5A5QJI6, STM32U5A5QJI6Q, STM32U5A5RJT6, STM32U5A5RJT6Q, STM32U5A5VJT6, STM32U5A5VJT6Q, STM32U5A5ZJT6, STM32U5A5ZJT6Q, STM32U5A5ZJY6QTR, STM32U5A9BJY6QTR, STM32U5A9J-DK, STM32U5A9NJH6Q, STM32U5A9VJT6Q, STM32U5A9ZJT6Q, STM32U5A9ZJY6QTR, STM32U5F7VIT6, STM32U5F7VIT6Q, STM32U5F7VJT6, STM32U5F7VJT6Q, STM32U5F9BJY6QTR, STM32U5F9NJH6Q, STM32U5F9VIT6Q, STM32U5F9VJT6Q, STM32U5F9ZIJ6QTR, STM32U5F9ZIT6Q, STM32U5F9ZJJ6QTR, STM32U5F9ZJT6Q, STM32U5G7VJT6, STM32U5G7VJT6Q, STM32U5G9BJY6QTR, STM32U5G9J-DK1, STM32U5G9J-DK2, STM32U5G9NJH6Q, STM32U5G9VJT6Q, STM32U5G9ZJJ6QTR, STM32U5G9ZJT6Q, STM32WB1MMCH6, STM32WBA50KEU6, STM32WBA50KEU6TR, STM32WBA50KGU6, STM32WBA50KGU6TR, STM32WBA52CEU6, STM32WBA52CEU6TR, STM32WBA52CEU7, STM32WBA52CEU7TR, STM32WBA52CGU6, STM32WBA52CGU6TR, STM32WBA52CGU6U, STM32WBA52CGU7, STM32WBA52CGU7TR, STM32WBA52KEU6, STM32WBA52KEU6TR, STM32WBA52KGU6, STM32WBA52KGU6TR, STM32WBA54CEU6, STM32WBA54CEU6TR, STM32WBA54CEU7, STM32WBA54CEU7TR, STM32WBA54CGU6, STM32WBA54CGU6TR, STM32WBA54CGU7, STM32WBA54CGU7TR, STM32WBA54KEU6, STM32WBA54KEU6TR, STM32WBA54KEU7, STM32WBA54KEU7TR, STM32WBA54KGU6, STM32WBA54KGU6TR, STM32WBA54KGU7, STM32WBA54KGU7TR, STM32WBA55CEU6, STM32WBA55CEU6TR, STM32WBA55CEU7, STM32WBA55CEU7TR, STM32WBA55CGU6, STM32WBA55CGU6TR, STM32WBA55CGU6U, STM32WBA55CGU7, STM32WBA55CGU7TR, STM32WBA55G-DK1, STM32WBA55HEF6, STM32WBA55HEF7, STM32WBA55HGF6, STM32WBA55HGF7, STM32WBA55UEI6, STM32WBA55UEI6TR, STM32WBA55UEI7, STM32WBA55UEI7TR, STM32WBA55UGI6, STM32WBA55UGI6TR, STM32WBA55UGI7, STM32WBA55UGI7TR, STM32WL5MOCH6, STM32WL5MOCH6TR]
2024-05-05 17:10:40,877 [INFO] BoardInfo:889 - No configuration file found for board P-NUCLEO-WB55
2024-05-05 17:10:40,878 [INFO] DbBoards:161 - Kit is not supported: P-NUCLEO-WB55
2024-05-05 17:10:40,881 [INFO] BoardInfo:889 - No configuration file found for board STEVAL-BFA001V1B
2024-05-05 17:10:40,881 [INFO] DbBoards:161 - Kit is not supported: STEVAL-BFA001V1B
2024-05-05 17:10:40,882 [INFO] BoardInfo:889 - No configuration file found for board STEVAL-BFA001V2B
2024-05-05 17:10:40,882 [INFO] DbBoards:161 - Kit is not supported: STEVAL-BFA001V2B
2024-05-05 17:10:40,959 [INFO] DbBoards:168 - Found 199 boards, 196 are supported
2024-05-05 17:10:40,959 [INFO] DbBoards:169 - Found 199 boards, 8 of them is supported for  Bsp
2024-05-05 17:10:40,961 [INFO] ApiDb:668 - CubeFinder database Data Model version=2.1
2024-05-05 17:10:40,961 [INFO] ApiDb:669 - CubeFinder database Configuration version=3.0.39
2024-05-05 17:10:40,961 [INFO] ApiDb:670 - CubeFinder database generation date=2024-03-25 (1711369621)
2024-05-05 17:10:40,961 [INFO] ApiDb:671 - CubeFinder database FW Pack versions=[FP-ATR-ASTRA1_V2.0.0, FP-SNS-FLIGHT1_V5.0.1, FP-SNS-FLIGHT1_V5.0.2, FP-SNS-MOTENV1_V4.3.1, FP-SNS-MOTENV1_V4.3.2, FP-SNS-MOTENVWB1_V1.3.1, FP-SNS-SMARTAG2_V1.2.0, STM32Cube_FW_C0_V1.1.0, STM32Cube_FW_F4_V1.28.0, STM32Cube_FW_F7_V1.17.0, STM32Cube_FW_G0_V1.6.2, STM32Cube_FW_G4_V1.5.2, STM32Cube_FW_H5_V0.5.1, STM32Cube_FW_H5_V1.1.1, STM32Cube_FW_H5_V1.2.0, STM32Cube_FW_H5_V1.2.0RC4, STM32Cube_FW_H7RS_V1.0.0, STM32Cube_FW_H7RS_V1.0.0RC4, STM32Cube_FW_H7_V1.11.0, STM32Cube_FW_L0_V1.12.2, STM32Cube_FW_L5_V1.5.1, STM32Cube_FW_U0_V1.0.0, STM32Cube_FW_U0_V1.0.0RC1, STM32Cube_FW_U5_V1.3.0RC4, STM32Cube_FW_U5_V1.5.0, STM32Cube_FW_U5_V1.5.0RC1, STM32Cube_FW_WBA_V1.0.0RC1, STM32Cube_FW_WBA_V1.2.0, STM32Cube_FW_WBA_V1.2.0RC2, STM32Cube_FW_WBA_V1.3.0, STM32Cube_FW_WBA_V1.3.0RC1, STM32Cube_FW_WB_V1.15.0RC1, STM32Cube_FW_WB_V1.16.0, STM32Cube_FW_WB_V1.16.0RC2, STM32Cube_FW_WB_V1.18.0, STM32Cube_FW_WB_V1.19.0, STM32Cube_FW_WL_V1.3.0, X-CUBE-ALGOBUILD_V1.3.0, X-CUBE-ALS_V1.0.1, X-CUBE-AZRTOS-F4_V1.1.0, X-CUBE-AZRTOS-F7_V1.1.0, X-CUBE-AZRTOS-G0_V1.1.0, X-CUBE-AZRTOS-G4_V2.0.0, X-CUBE-AZRTOS-H7_V3.2.0, X-CUBE-AZRTOS-L4_V1.0.0, X-CUBE-AZRTOS-L4_V2.0.0, X-CUBE-AZRTOS-L5_V1.1.0, X-CUBE-AZRTOS-WB_V2.0.0, X-CUBE-AZRTOS-WL_V2.0.0, X-CUBE-BLE1_V7.0.0, X-CUBE-BLE2_V3.3.0, X-CUBE-BLEMGR_V3.1.0, X-CUBE-EEPRMA1_V4.1.0, X-CUBE-EEPRMA1_V5.1.0, X-CUBE-FREERTOS_V1.1.0, X-CUBE-GNSS1_V6.0.0, X-CUBE-MEMS1_V10.0.0, X-CUBE-MEMS1_V9.1.0, X-CUBE-MEMS1_V9.4.0, X-CUBE-MEMS1_V9.6.0, X-CUBE-NFC4_V3.0.0, X-CUBE-NFC7_V1.0.1, X-CUBE-SFXS2LP1_V4.0.0, X-CUBE-SUBG2_V5.0.0, X-CUBE-TOF1_V3.4.0]
2024-05-05 17:10:42,184 [INFO] ApiDb:240 - Found 483 in-development CPN: [B-G473E-ZEST1S, B-WB1M-WPAN1, B-WL5M-SUBG1, NUCLEO-C031C6, NUCLEO-H503RB, NUCLEO-H533RE, NUCLEO-H563ZI, NUCLEO-H7S3L8, NUCLEO-U031R8, NUCLEO-U083RC, NUCLEO-U545RE-Q, NUCLEO-U5A5ZJ-Q, NUCLEO-WBA52CG, NUCLEO-WBA55CG, STEVAL-PROTEUS1, STEVAL-SMARTAG2, STEVAL-STWINBX1, STM320518-EVAL, STM32C0116-DK, STM32C011D6Y3TR, STM32C011D6Y6TR, STM32C011F4P3, STM32C011F4P6, STM32C011F4U3, STM32C011F4U6TR, STM32C011F6P3, STM32C011F6P6, STM32C011F6U3, STM32C011F6U6TR, STM32C011J4M3, STM32C011J4M6, STM32C011J6M3, STM32C011J6M6, STM32C0316-DK, STM32C031C4T3, STM32C031C4T6, STM32C031C4U3, STM32C031C4U6, STM32C031C6T3, STM32C031C6T6, STM32C031C6U3, STM32C031C6U6, STM32C031F4P3, STM32C031F4P6, STM32C031F6P3, STM32C031F6P6, STM32C031G4U3, STM32C031G4U6, STM32C031G6U3, STM32C031G6U6, STM32C031K4T3, STM32C031K4T6, STM32C031K4U3, STM32C031K4U6, STM32C031K6T3, STM32C031K6T6, STM32C031K6U3, STM32C031K6U6, STM32G071K8TXN, STM32G071K8UXN, STM32G081GBU6N, STM32G081KBT6N, STM32G081KBUXN, STM32G0B1CCT6N, STM32G0B1KCT6, STM32G0B1NEY6TR, STM32G0B1RCT6N, STM32G0C1CCT6, STM32G0C1CCT6N, STM32G0C1CCU6N, STM32G0C1CET6N, STM32G0C1CEU6N, STM32G0C1KCT6, STM32G0C1NEY6TR, STM32G0C1RCI6N, STM32G0C1RCT6N, STM32G0C1REI6N, STM32G0C1RET6N, STM32G0C1VCI6, STM32G0C1VEI6, STM32G471CCT6, STM32G471CCU6, STM32G471CET3, STM32G471CET6, STM32G471CEU3, STM32G471CEU6, STM32G471MCT6, STM32G471MET3, STM32G471MET6, STM32G471MEY6TR, STM32G471QCT6, STM32G471QET3, STM32G471RCT6, STM32G471RET3, STM32G471RET6, STM32G471VCH6, STM32G471VCI6, STM32G471VCT6, STM32G471VEH3, STM32G471VEH6, STM32G471VEI3, STM32G471VEI6, STM32G471VET3, STM32G471VET6, STM32G474CCT6, STM32H503CBT6, STM32H503CBU6, STM32H503EBY6TR, STM32H503KBU6, STM32H503RBT6, STM32H523CCT6, STM32H523CCU6, STM32H523CET6, STM32H523CEU6, STM32H523HEY6TR, STM32H523RCT6, STM32H523RET6, STM32H523VCI6, STM32H523VCT6, STM32H523VEI6, STM32H523VET6, STM32H523ZCJ6, STM32H523ZCT6, STM32H523ZEJ6, STM32H523ZET6, STM32H533CET6, STM32H533CEU6, STM32H533HEY6TR, STM32H533RET6, STM32H533VEI6, STM32H533VET6, STM32H533ZEJ6, STM32H533ZET6, STM32H562AGI6, STM32H562AII6, STM32H562IGK6, STM32H562IGT6, STM32H562IIK6, STM32H562IIT6, STM32H562RGT6, STM32H562RGV6, STM32H562RIT6, STM32H562RIV6, STM32H562VGT6, STM32H562VIT6, STM32H562ZGT6, STM32H562ZIT6, STM32H563AGI6, STM32H563AII3Q, STM32H563AII6, STM32H563IGK6, STM32H563IGT6, STM32H563IIK3Q, STM32H563IIK6, STM32H563IIT3Q, STM32H563IIT6, STM32H563MIY3QTR, STM32H563RGT6, STM32H563RGV6, STM32H563RIT6, STM32H563RIV6, STM32H563VGT6, STM32H563VIT3Q, STM32H563VIT6, STM32H563ZGT6, STM32H563ZIT3Q, STM32H563ZIT6, STM32H573AII3Q, STM32H573AII6, STM32H573I-DK, STM32H573IIK3Q, STM32H573IIK6, STM32H573IIT3Q, STM32H573IIT6, STM32H573MIY3QTR, STM32H573RIT6, STM32H573RIV6, STM32H573VIT3Q, STM32H573VIT6, STM32H573ZIT3Q, STM32H573ZIT6, STM32H7R3A8I6, STM32H7R3I8K6, STM32H7R3I8T6, STM32H7R3L8H6, STM32H7R3L8H6H, STM32H7R3R8V6, STM32H7R3V8H6, STM32H7R3V8T6, STM32H7R3V8Y6, STM32H7R3Z8J6, STM32H7R3Z8T6, STM32H7R7A8I6, STM32H7R7I8K6, STM32H7R7I8T6, STM32H7R7L8H6, STM32H7R7L8H6H, STM32H7R7Z8J6, STM32H7S3A8I6, STM32H7S3I8K6, STM32H7S3I8T6, STM32H7S3L8H6, STM32H7S3L8H6H, STM32H7S3R8V6, STM32H7S3V8H6, STM32H7S3V8T6, STM32H7S3V8Y6, STM32H7S3Z8J6, STM32H7S3Z8T6, STM32H7S78-DK, STM32H7S7A8I6, STM32H7S7I8K6, STM32H7S7I8T6, STM32H7S7L8H6, STM32H7S7L8H6H, STM32H7S7Z8J6, STM32L4R5QGI6STR, STM32MP131AAE3, STM32MP131AAF3, STM32MP131AAG3, STM32MP131CAE3, STM32MP131CAF3, STM32MP131CAG3, STM32MP131DAE7, STM32MP131DAF7, STM32MP131DAG7, STM32MP131FAE7, STM32MP131FAF7, STM32MP131FAG7, STM32MP133AAE3, STM32MP133AAF3, STM32MP133AAG3, STM32MP133CAE3, STM32MP133CAF3, STM32MP133CAG3, STM32MP133DAE7, STM32MP133DAF7, STM32MP133DAG7, STM32MP133FAE7, STM32MP133FAF7, STM32MP133FAG7, STM32MP135AAE3, STM32MP135AAF3, STM32MP135AAG3, STM32MP135CAE3, STM32MP135CAF3, STM32MP135CAG3, STM32MP135DAE7, STM32MP135DAF7, STM32MP135DAG7, STM32MP135F-DK, STM32MP135FAE7, STM32MP135FAF7, STM32MP135FAF7T, STM32MP135FAF7U, STM32MP135FAG7, STM32U031C6T6, STM32U031C6U6, STM32U031C8T6, STM32U031C8U6, STM32U031F4P6, STM32U031F6P6, STM32U031F8P6, STM32U031G6Y6TR, STM32U031G8Y6TR, STM32U031K4U6, STM32U031K6U6, STM32U031K8U6, STM32U031R6I6, STM32U031R6T6, STM32U031R8I6, STM32U031R8T6, STM32U073C8T6, STM32U073C8U6, STM32U073CBT6, STM32U073CBU6, STM32U073CCT6, STM32U073CCU6, STM32U073H8Y6TR, STM32U073HBY6TR, STM32U073HCY6TR, STM32U073K8U6, STM32U073KBU6, STM32U073KCU6, STM32U073M8I6, STM32U073M8T6, STM32U073MBI6, STM32U073MBT6, STM32U073MCI6, STM32U073MCT6, STM32U073R8I6, STM32U073R8T6, STM32U073RBI6, STM32U073RBT6, STM32U073RCI6, STM32U073RCT6, STM32U083C-DK, STM32U083CCT6, STM32U083CCU6, STM32U083HCY6TR, STM32U083KCU6, STM32U083MCI6, STM32U083MCT6, STM32U083RCI6, STM32U083RCT6, STM32U535CBT6, STM32U535CBT6Q, STM32U535CBU6, STM32U535CBU6Q, STM32U535CCT6, STM32U535CCT6Q, STM32U535CCU6, STM32U535CCU6Q, STM32U535CET6, STM32U535CET6Q, STM32U535CEU6, STM32U535CEU6Q, STM32U535JEY6QTR, STM32U535NCY6QTR, STM32U535NEY6QTR, STM32U535RBI6, STM32U535RBI6Q, STM32U535RBT6, STM32U535RBT6Q, STM32U535RCI6, STM32U535RCI6Q, STM32U535RCT6, STM32U535RCT6Q, STM32U535REI6, STM32U535REI6Q, STM32U535RET6, STM32U535RET6Q, STM32U535VCI6, STM32U535VCI6Q, STM32U535VCT6, STM32U535VCT6Q, STM32U535VEI6, STM32U535VEI6Q, STM32U535VET6, STM32U535VET6Q, STM32U545CET6, STM32U545CET6Q, STM32U545CEU6, STM32U545CEU6Q, STM32U545JEY6QTR, STM32U545NEY6QTR, STM32U545REI6, STM32U545REI6Q, STM32U545RET6, STM32U545RET6Q, STM32U545VEI6, STM32U545VEI6Q, STM32U545VET6, STM32U545VET6Q, STM32U595AIH6, STM32U595AIH6Q, STM32U595AJH6, STM32U595AJH6Q, STM32U595QII6, STM32U595QII6Q, STM32U595QJI6, STM32U595QJI6Q, STM32U595RIT6, STM32U595RIT6Q, STM32U595RJT6, STM32U595RJT6Q, STM32U595VIT6, STM32U595VIT6Q, STM32U595VJT6, STM32U595VJT6Q, STM32U595ZIT6, STM32U595ZIT6Q, STM32U595ZIY6QTR, STM32U595ZJT6, STM32U595ZJT6Q, STM32U595ZJY6QTR, STM32U599BJY6QTR, STM32U599NIH6Q, STM32U599NJH6Q, STM32U599VIT6Q, STM32U599VJT6, STM32U599VJT6Q, STM32U599ZIT6Q, STM32U599ZIY6QTR, STM32U599ZJT6Q, STM32U599ZJY6QTR, STM32U5A5AJH6, STM32U5A5AJH6Q, STM32U5A5QII3Q , STM32U5A5QJI6, STM32U5A5QJI6Q, STM32U5A5RJT6, STM32U5A5RJT6Q, STM32U5A5VJT6, STM32U5A5VJT6Q, STM32U5A5ZJT6, STM32U5A5ZJT6Q, STM32U5A5ZJY6QTR, STM32U5A9BJY6QTR, STM32U5A9J-DK, STM32U5A9NJH6Q, STM32U5A9VJT6Q, STM32U5A9ZJT6Q, STM32U5A9ZJY6QTR, STM32U5F7VIT6, STM32U5F7VIT6Q, STM32U5F7VJT6, STM32U5F7VJT6Q, STM32U5F9BJY6QTR, STM32U5F9NJH6Q, STM32U5F9VIT6Q, STM32U5F9VJT6Q, STM32U5F9ZIJ6QTR, STM32U5F9ZIT6Q, STM32U5F9ZJJ6QTR, STM32U5F9ZJT6Q, STM32U5G7VJT6, STM32U5G7VJT6Q, STM32U5G9BJY6QTR, STM32U5G9J-DK1, STM32U5G9J-DK2, STM32U5G9NJH6Q, STM32U5G9VJT6Q, STM32U5G9ZJJ6QTR, STM32U5G9ZJT6Q, STM32WB1MMCH6, STM32WBA50KEU6, STM32WBA50KEU6TR, STM32WBA50KGU6, STM32WBA50KGU6TR, STM32WBA52CEU6, STM32WBA52CEU6TR, STM32WBA52CEU7, STM32WBA52CEU7TR, STM32WBA52CGU6, STM32WBA52CGU6TR, STM32WBA52CGU6U, STM32WBA52CGU7, STM32WBA52CGU7TR, STM32WBA52KEU6, STM32WBA52KEU6TR, STM32WBA52KGU6, STM32WBA52KGU6TR, STM32WBA54CEU6, STM32WBA54CEU6TR, STM32WBA54CEU7, STM32WBA54CEU7TR, STM32WBA54CGU6, STM32WBA54CGU6TR, STM32WBA54CGU7, STM32WBA54CGU7TR, STM32WBA54KEU6, STM32WBA54KEU6TR, STM32WBA54KEU7, STM32WBA54KEU7TR, STM32WBA54KGU6, STM32WBA54KGU6TR, STM32WBA54KGU7, STM32WBA54KGU7TR, STM32WBA55CEU6, STM32WBA55CEU6TR, STM32WBA55CEU7, STM32WBA55CEU7TR, STM32WBA55CGU6, STM32WBA55CGU6TR, STM32WBA55CGU6U, STM32WBA55CGU7, STM32WBA55CGU7TR, STM32WBA55G-DK1, STM32WBA55HEF6, STM32WBA55HEF7, STM32WBA55HGF6, STM32WBA55HGF7, STM32WBA55UEI6, STM32WBA55UEI6TR, STM32WBA55UEI7, STM32WBA55UEI7TR, STM32WBA55UGI6, STM32WBA55UGI6TR, STM32WBA55UGI7, STM32WBA55UGI7TR, STM32WL5MOCH6, STM32WL5MOCH6TR]
2024-05-05 17:10:42,186 [INFO] DbMcus:218 - Found 4094 MCUs, 4094 are supported
2024-05-05 17:10:42,186 [INFO] ApiDb:423 - Load user favorites file C:\Users\saksh/.stm32cubeide/favorites.mcus.txt: 1 item(s)
2024-05-05 17:10:42,186 [INFO] ApiDb:427 - User favorites MCUs=[STM32F103C8T6]
2024-05-05 17:10:42,186 [INFO] DbMcus:224 - Set 1 / 1 favorites MCUs
2024-05-05 17:10:42,355 [INFO] ApiDb:423 - Load user favorites file C:\Users\saksh/.stm32cubeide/favorites.boards.txt: 0 item(s)
2024-05-05 17:10:42,356 [INFO] ApiDb:427 - User favorites Boards=[]
2024-05-05 17:10:42,356 [INFO] DbBoards:198 - Set 0 / 0 favorites Boards
2024-05-05 17:10:42,407 [INFO] UtilMem:75 - End LoadConfig() Used Memory: 676280704 Bytes (844103680)
2024-05-05 17:10:42,484 [WARN] ThirdParty:833 - waiting for thirdparty lock release [change project]
2024-05-05 17:10:42,485 [INFO] ThirdParty:835 - entering critical section [change project]
2024-05-05 17:10:42,485 [INFO] ThirdParty:1030 - CMSIS Pack Vendor :STMicroelectronics USBPD 4.1
2024-05-05 17:10:42,485 [INFO] ThirdParty:1030 - CMSIS Pack Vendor :STMicroelectronics X-CUBE-GNSS1 6.0.0
2024-05-05 17:10:42,485 [INFO] ThirdParty:1030 - CMSIS Pack Vendor :STMicroelectronics USB_HOST 2.0.0
2024-05-05 17:10:42,485 [INFO] ThirdParty:1030 - CMSIS Pack Vendor :STMicroelectronics FP-SNS-MOTENVWB1 1.4.0
2024-05-05 17:10:42,485 [INFO] ThirdParty:1030 - CMSIS Pack Vendor :STMicroelectronics X-CUBE-AZRTOS-F4 1.1.0
2024-05-05 17:10:42,485 [INFO] ThirdParty:1030 - CMSIS Pack Vendor :STMicroelectronics LIBJPEG 8.0.0
2024-05-05 17:10:42,485 [INFO] ThirdParty:1030 - CMSIS Pack Vendor :STMicroelectronics X-CUBE-SMBUS 2.1.0
2024-05-05 17:10:42,485 [INFO] ThirdParty:1030 - CMSIS Pack Vendor :STMicroelectronics X-CUBE-FREERTOS 1.2.0
2024-05-05 17:10:42,485 [INFO] ThirdParty:1030 - CMSIS Pack Vendor :STMicroelectronics X-CUBE-TOUCHGFX 4.23.1
2024-05-05 17:10:42,485 [INFO] ThirdParty:1030 - CMSIS Pack Vendor :STMicroelectronics X-CUBE-TOUCHGFX 4.23.0
2024-05-05 17:10:42,485 [INFO] ThirdParty:1030 - CMSIS Pack Vendor :STMicroelectronics X-CUBE-BLEMGR 1.2.0
2024-05-05 17:10:42,485 [INFO] ThirdParty:1030 - CMSIS Pack Vendor :STMicroelectronics X-CUBE-TOUCHGFX 4.23.2
2024-05-05 17:10:42,485 [INFO] ThirdParty:1030 - CMSIS Pack Vendor :STMicroelectronics X-CUBE-AZRTOS-F7 1.1.0
2024-05-05 17:10:42,485 [INFO] ThirdParty:1030 - CMSIS Pack Vendor :STMicroelectronics X-CUBE-AZRTOS-L5 2.0.0
2024-05-05 17:10:42,485 [INFO] ThirdParty:1030 - CMSIS Pack Vendor :STMicroelectronics USB_DEVICE 2.0.0
2024-05-05 17:10:42,485 [INFO] ThirdParty:1030 - CMSIS Pack Vendor :STMicroelectronics X-CUBE-MEMS1 9.6.0
2024-05-05 17:10:42,485 [INFO] ThirdParty:1030 - CMSIS Pack Vendor :STMicroelectronics X-CUBE-EEPRMA1 4.2.0
2024-05-05 17:10:42,485 [INFO] ThirdParty:1030 - CMSIS Pack Vendor :STMicroelectronics X-CUBE-NFC6 3.1.0
2024-05-05 17:10:42,485 [INFO] ThirdParty:1030 - CMSIS Pack Vendor :ITTIA_DB I-CUBE-ITTIADB 8.8.0
2024-05-05 17:10:42,485 [INFO] ThirdParty:1030 - CMSIS Pack Vendor :STMicroelectronics FP-SNS-MOTENV1 4.3.0
2024-05-05 17:10:42,485 [INFO] ThirdParty:1030 - CMSIS Pack Vendor :STMicroelectronics FP-SNS-MOTENV1 4.3.2
2024-05-05 17:10:42,485 [INFO] ThirdParty:1030 - CMSIS Pack Vendor :STMicroelectronics FP-SNS-FLIGHT1 5.0.0
2024-05-05 17:10:42,485 [INFO] ThirdParty:1030 - CMSIS Pack Vendor :STMicroelectronics FP-SNS-MOTENV1 4.3.1
2024-05-05 17:10:42,485 [INFO] ThirdParty:1030 - CMSIS Pack Vendor :STMicroelectronics FP-SNS-FLIGHT1 5.0.1
2024-05-05 17:10:42,485 [INFO] ThirdParty:1030 - CMSIS Pack Vendor :STMicroelectronics X-CUBE-BLE1 6.2.3
2024-05-05 17:10:42,485 [INFO] ThirdParty:1030 - CMSIS Pack Vendor :STMicroelectronics X-CUBE-BLE1 6.2.4
2024-05-05 17:10:42,485 [INFO] ThirdParty:1030 - CMSIS Pack Vendor :STMicroelectronics FreeRTOS 0.0.1
2024-05-05 17:10:42,485 [INFO] ThirdParty:1030 - CMSIS Pack Vendor :STMicroelectronics X-CUBE-BLEMGR 2.0.0
2024-05-05 17:10:42,485 [INFO] ThirdParty:1030 - CMSIS Pack Vendor :STMicroelectronics FP-SNS-FLIGHT1 5.0.2
2024-05-05 17:10:42,485 [INFO] ThirdParty:1030 - CMSIS Pack Vendor :STMicroelectronics X-CUBE-NFC4 2.0.4
2024-05-05 17:10:42,485 [INFO] ThirdParty:1030 - CMSIS Pack Vendor :STMicroelectronics X-CUBE-AI 9.0.0
2024-05-05 17:10:42,485 [INFO] ThirdParty:1030 - CMSIS Pack Vendor :STMicroelectronics X-CUBE-AZRTOS-H7 3.1.0
2024-05-05 17:10:42,485 [INFO] ThirdParty:1030 - CMSIS Pack Vendor :STMicroelectronics PDM2PCM 3.3.0
2024-05-05 17:10:42,485 [INFO] ThirdParty:1030 - CMSIS Pack Vendor :STMicroelectronics X-CUBE-TOF1 3.1.0
2024-05-05 17:10:42,485 [INFO] ThirdParty:1030 - CMSIS Pack Vendor :STMicroelectronics X-CUBE-DISPLAY 3.0.0
2024-05-05 17:10:42,485 [INFO] ThirdParty:1030 - CMSIS Pack Vendor :STMicroelectronics X-CUBE-BLE1 7.0.0
2024-05-05 17:10:42,485 [INFO] ThirdParty:1030 - CMSIS Pack Vendor :wolfSSL I-CUBE-wolfSSL 5.5.0
2024-05-05 17:10:42,485 [INFO] ThirdParty:1030 - CMSIS Pack Vendor :STMicroelectronics HAL Drivers 0.0.0
2024-05-05 17:10:42,485 [INFO] ThirdParty:1030 - CMSIS Pack Vendor :STMicroelectronics X-CUBE-TOUCHGFX 4.22.0
2024-05-05 17:10:42,485 [INFO] ThirdParty:1030 - CMSIS Pack Vendor :STMicroelectronics X-CUBE-NFC7 1.0.1
2024-05-05 17:10:42,485 [INFO] ThirdParty:1030 - CMSIS Pack Vendor :STMicroelectronics MBEDTLS 2.14.1
2024-05-05 17:10:42,485 [INFO] ThirdParty:1030 - CMSIS Pack Vendor :STMicroelectronics X-CUBE-NFC7 1.0.0
2024-05-05 17:10:42,485 [INFO] ThirdParty:1030 - CMSIS Pack Vendor :STMicroelectronics X-CUBE-NFC6 3.0.0
2024-05-05 17:10:42,485 [INFO] ThirdParty:1030 - CMSIS Pack Vendor :STMicroelectronics X-CUBE-MEMS1 9.3.0
2024-05-05 17:10:42,485 [INFO] ThirdParty:1030 - CMSIS Pack Vendor :STMicroelectronics X-CUBE-EEPRMA1 4.1.0
2024-05-05 17:10:42,485 [INFO] ThirdParty:1030 - CMSIS Pack Vendor :STMicroelectronics X-CUBE-AI 7.2.0
2024-05-05 17:10:42,485 [INFO] ThirdParty:1030 - CMSIS Pack Vendor :STMicroelectronics X-CUBE-BLEMGR 3.1.0
2024-05-05 17:10:42,485 [INFO] ThirdParty:1030 - CMSIS Pack Vendor :STMicroelectronics FP-SNS-SMARTAG2 1.2.0
2024-05-05 17:10:42,485 [INFO] ThirdParty:1030 - CMSIS Pack Vendor :STMicroelectronics X-CUBE-AZRTOS-WL 2.0.0
2024-05-05 17:10:42,485 [INFO] ThirdParty:1030 - CMSIS Pack Vendor :STMicroelectronics FP-SNS-MOTENV1 5.0.0
2024-05-05 17:10:42,485 [INFO] ThirdParty:1030 - CMSIS Pack Vendor :STMicroelectronics USB_DEVICE 1.0.0
2024-05-05 17:10:42,485 [INFO] ThirdParty:1030 - CMSIS Pack Vendor :STMicroelectronics X-CUBE-AI 8.1.0
2024-05-05 17:10:42,485 [INFO] ThirdParty:1030 - CMSIS Pack Vendor :STMicroelectronics X-CUBE-AZRTOS-L4 2.0.0
2024-05-05 17:10:42,485 [INFO] ThirdParty:1030 - CMSIS Pack Vendor :STMicroelectronics ThreadX 0.0.2
2024-05-05 17:10:42,485 [INFO] ThirdParty:1030 - CMSIS Pack Vendor :WES I-CUBE-Cesium 1.3.0
2024-05-05 17:10:42,485 [INFO] ThirdParty:1030 - CMSIS Pack Vendor :STMicroelectronics lwIP 2.1.2
2024-05-05 17:10:42,485 [INFO] ThirdParty:1030 - CMSIS Pack Vendor :STMicroelectronics X-CUBE-SFXS2LP1 4.0.0
2024-05-05 17:10:42,485 [INFO] ThirdParty:1030 - CMSIS Pack Vendor :STMicroelectronics X-CUBE-BLE2 3.3.0
2024-05-05 17:10:42,485 [INFO] ThirdParty:1030 - CMSIS Pack Vendor :STMicroelectronics X-CUBE-DISPLAY 2.2.0
2024-05-05 17:10:42,485 [INFO] ThirdParty:1030 - CMSIS Pack Vendor :STMicroelectronics X-CUBE-TOF1 3.2.0
2024-05-05 17:10:42,485 [INFO] ThirdParty:1030 - CMSIS Pack Vendor :STMicroelectronics PDM2PCM 3.2.0
2024-05-05 17:10:42,485 [INFO] ThirdParty:1030 - CMSIS Pack Vendor :STMicroelectronics X-CUBE-AZRTOS-H7 3.0.0
2024-05-05 17:10:42,485 [INFO] ThirdParty:1030 - CMSIS Pack Vendor :STMicroelectronics X-CUBE-ISPU 1.0.0
2024-05-05 17:10:42,485 [INFO] ThirdParty:1030 - CMSIS Pack Vendor :STMicroelectronics X-CUBE-ISPU 1.1.0
2024-05-05 17:10:42,485 [INFO] ThirdParty:1030 - CMSIS Pack Vendor :RoweBots I-CUBE-UNISONRTOS 5.5.0-4
2024-05-05 17:10:42,485 [INFO] ThirdParty:1030 - CMSIS Pack Vendor :STMicroelectronics X-CUBE-AZRTOS-H7 2.1.0
2024-05-05 17:10:42,485 [INFO] ThirdParty:1030 - CMSIS Pack Vendor :STMicroelectronics USB_DEVICE 3.0.0
2024-05-05 17:10:42,485 [INFO] ThirdParty:1030 - CMSIS Pack Vendor :STMicroelectronics X-CUBE-TCPP 4.1.0
2024-05-05 17:10:42,485 [INFO] ThirdParty:1030 - CMSIS Pack Vendor :STMicroelectronics X-CUBE-AI 8.0.0
2024-05-05 17:10:42,485 [INFO] ThirdParty:1030 - CMSIS Pack Vendor :STMicroelectronics X-CUBE-AZRTOS-WB 2.0.0
2024-05-05 17:10:42,485 [INFO] ThirdParty:1030 - CMSIS Pack Vendor :STMicroelectronics X-CUBE-FREERTOS 1.0.0
2024-05-05 17:10:42,485 [INFO] ThirdParty:1030 - CMSIS Pack Vendor :STMicroelectronics X-CUBE-FREERTOS 1.0.1
2024-05-05 17:10:42,485 [INFO] ThirdParty:1030 - CMSIS Pack Vendor :STMicroelectronics X-CUBE-TOUCHGFX 4.21.1
2024-05-05 17:10:42,485 [INFO] ThirdParty:1030 - CMSIS Pack Vendor :STMicroelectronics X-CUBE-TOUCHGFX 4.21.3
2024-05-05 17:10:42,485 [INFO] ThirdParty:1030 - CMSIS Pack Vendor :STMicroelectronics X-CUBE-BLEMGR 1.0.0
2024-05-05 17:10:42,487 [INFO] ThirdParty:1030 - CMSIS Pack Vendor :STMicroelectronics X-CUBE-TOUCHGFX 4.21.4
2024-05-05 17:10:42,487 [INFO] ThirdParty:1030 - CMSIS Pack Vendor :STMicroelectronics X-CUBE-MEMS1 9.4.0
2024-05-05 17:10:42,487 [INFO] ThirdParty:1030 - CMSIS Pack Vendor :STMicroelectronics X-CUBE-AI 7.3.0
2024-05-05 17:10:42,487 [INFO] ThirdParty:1030 - CMSIS Pack Vendor :STMicroelectronics X-CUBE-ALGOBUILD 1.3.0
2024-05-05 17:10:42,487 [INFO] ThirdParty:1030 - CMSIS Pack Vendor :STMicroelectronics X-CUBE-AZRTOS-L5 1.1.0
2024-05-05 17:10:42,487 [INFO] ThirdParty:1030 - CMSIS Pack Vendor :STMicroelectronics X-CUBE-AZRTOS-G0 1.1.0
2024-05-05 17:10:42,487 [INFO] ThirdParty:1030 - CMSIS Pack Vendor :STMicroelectronics X-CUBE-AI 8.0.1
2024-05-05 17:10:42,487 [INFO] ThirdParty:1030 - CMSIS Pack Vendor :STMicroelectronics X-CUBE-SAFEA1 1.2.2
2024-05-05 17:10:42,487 [INFO] ThirdParty:1030 - CMSIS Pack Vendor :STMicroelectronics X-CUBE-NFC4 3.0.0
2024-05-05 17:10:42,487 [INFO] ThirdParty:1030 - CMSIS Pack Vendor :SEGGER I-CUBE-embOS 1.2.0
2024-05-05 17:10:42,487 [INFO] ThirdParty:1030 - CMSIS Pack Vendor :STMicroelectronics X-CUBE-SUBG2 5.0.0
2024-05-05 17:10:42,487 [INFO] ThirdParty:1030 - CMSIS Pack Vendor :STMicroelectronics STM32_WPAN 1.0.0
2024-05-05 17:10:42,487 [INFO] ThirdParty:1030 - CMSIS Pack Vendor :STMicroelectronics lwIP 2.0.3
2024-05-05 17:10:42,487 [INFO] ThirdParty:1030 - CMSIS Pack Vendor :STMicroelectronics USB_HOST 1.0.0
2024-05-05 17:10:42,487 [INFO] ThirdParty:1030 - CMSIS Pack Vendor :STMicroelectronics X-CUBE-TOF1 3.3.1
2024-05-05 17:10:42,487 [INFO] ThirdParty:1030 - CMSIS Pack Vendor :STMicroelectronics X-CUBE-AZRTOS-G4 2.0.0
2024-05-05 17:10:42,487 [INFO] ThirdParty:1030 - CMSIS Pack Vendor :STMicroelectronics PDM2PCM 3.1.0
2024-05-05 17:10:42,487 [INFO] ThirdParty:1030 - CMSIS Pack Vendor :STMicroelectronics X-CUBE-TOF1 3.3.0
2024-05-05 17:10:42,487 [INFO] ThirdParty:1030 - CMSIS Pack Vendor :STMicroelectronics FP-ATR-ASTRA1 1.1.1
2024-05-05 17:10:42,487 [INFO] ThirdParty:1030 - CMSIS Pack Vendor :Infineon AIROC-Wi-Fi-Bluetooth-STM32 1.5.1
2024-05-05 17:10:42,487 [INFO] ThirdParty:1030 - CMSIS Pack Vendor :STMicroelectronics X-CUBE-BLEMGR 3.0.0
2024-05-05 17:10:42,487 [INFO] ThirdParty:1030 - CMSIS Pack Vendor :STMicroelectronics X-CUBE-BLEMGR 1.3.0
2024-05-05 17:10:42,487 [INFO] ThirdParty:1030 - CMSIS Pack Vendor :STMicroelectronics FP-SNS-MOTENVWB1 1.3.1
2024-05-05 17:10:42,487 [INFO] ThirdParty:1030 - CMSIS Pack Vendor :STMicroelectronics FP-ATR-SIGFOX1 3.2.0
2024-05-05 17:10:42,487 [INFO] ThirdParty:1030 - CMSIS Pack Vendor :STMicroelectronics X-CUBE-AZRTOS-G4 1.0.0
2024-05-05 17:10:42,487 [INFO] ThirdParty:1030 - CMSIS Pack Vendor :STMicroelectronics X-CUBE-AZRTOS-L4 1.0.0
2024-05-05 17:10:42,487 [INFO] ThirdParty:1030 - CMSIS Pack Vendor :STMicroelectronics X-CUBE-ISPU 2.0.0
2024-05-05 17:10:42,487 [INFO] ThirdParty:1030 - CMSIS Pack Vendor :STMicroelectronics X-CUBE-EEPRMA1 5.1.0
2024-05-05 17:10:42,487 [INFO] ThirdParty:1030 - CMSIS Pack Vendor :STMicroelectronics MBEDTLS 2.16.2
2024-05-05 17:10:42,487 [INFO] ThirdParty:1030 - CMSIS Pack Vendor :emotas I-CUBE-CANOPEN 1.1.2
2024-05-05 17:10:42,487 [INFO] ThirdParty:1030 - CMSIS Pack Vendor :STMicroelectronics X-CUBE-TOUCHGFX 4.20.0
2024-05-05 17:10:42,487 [INFO] ThirdParty:1030 - CMSIS Pack Vendor :STMicroelectronics X-CUBE-MEMS1 10.0.0
2024-05-05 17:10:42,487 [INFO] ThirdParty:1030 - CMSIS Pack Vendor :STMicroelectronics X-CUBE-FREERTOS 1.1.0
2024-05-05 17:10:42,487 [INFO] ThirdParty:1030 - CMSIS Pack Vendor :STMicroelectronics X-CUBE-AZRTOS-WL 1.0.0
2024-05-05 17:10:42,487 [INFO] ThirdParty:1030 - CMSIS Pack Vendor :portGmbH I-Cube-SoM-uGOAL 1.1.0
2024-05-05 17:10:42,487 [INFO] ThirdParty:1030 - CMSIS Pack Vendor :STMicroelectronics X-CUBE-ALS 1.0.1
2024-05-05 17:10:42,487 [INFO] ThirdParty:1030 - CMSIS Pack Vendor :STMicroelectronics X-CUBE-MEMS1 9.5.0
2024-05-05 17:10:42,487 [INFO] ThirdParty:1030 - CMSIS Pack Vendor :STMicroelectronics ThreadX 1.0.0
2024-05-05 17:10:42,487 [INFO] ThirdParty:1030 - CMSIS Pack Vendor :STMicroelectronics X-CUBE-AZRTOS-WB 1.1.0
2024-05-05 17:10:42,487 [INFO] ThirdParty:1030 - CMSIS Pack Vendor :SEGGER I-CUBE-embOS 1.3.1
2024-05-05 17:10:42,487 [INFO] ThirdParty:1030 - CMSIS Pack Vendor :STMicroelectronics X-CUBE-AZRTOS-L5 1.0.0
2024-05-05 17:10:42,487 [INFO] ThirdParty:1030 - CMSIS Pack Vendor :STMicroelectronics X-CUBE-EEPRMA1 3.1.1
2024-05-05 17:10:42,487 [INFO] ThirdParty:1030 - CMSIS Pack Vendor :STMicroelectronics X-CUBE-AZRTOS-H7RS 1.0.0
2024-05-05 17:10:42,487 [INFO] ThirdParty:1030 - CMSIS Pack Vendor :STMicroelectronics FP-ATR-ASTRA1 2.0.0
2024-05-05 17:10:42,487 [INFO] ThirdParty:1030 - CMSIS Pack Vendor :STMicroelectronics X-CUBE-TOF1 3.4.0
2024-05-05 17:10:42,487 [INFO] ThirdParty:1030 - CMSIS Pack Vendor :STMicroelectronics X-CUBE-TOF1 3.4.1
2024-05-05 17:10:42,487 [INFO] ThirdParty:1030 - CMSIS Pack Vendor :STMicroelectronics X-CUBE-AZRTOS-H7 3.2.0
2024-05-05 17:10:42,488 [INFO] ThirdParty:841 - exiting critical section [change project]
2024-05-05 17:10:42,888 [INFO] PinOutPanel:1561 - setPackage(No Configuration,No Configuration)
2024-05-05 17:10:42,891 [INFO] PinOutPanel:1561 - setPackage(STM32H7A3ZITxQ,LQFP144)
2024-05-05 17:10:43,559 [INFO] UtilMem:75 - Before build in PCC Used Memory: 588455592 Bytes (874512384)
2024-05-05 17:10:44,619 [INFO] UtilMem:75 - After build in PCC Used Memory: 560980144 Bytes (874512384)
2024-05-05 17:10:44,653 [INFO] IPUIPlugin:80 - create IPUIPlugin
2024-05-05 17:10:44,653 [INFO] IPUIPlugin:80 - create IPUIPlugin
2024-05-05 17:10:44,653 [INFO] IPUIPlugin:80 - create IPUIPlugin
2024-05-05 17:10:44,653 [INFO] IPUIPlugin:80 - create IPUIPlugin
2024-05-05 17:10:44,653 [INFO] IPUIPlugin:80 - create IPUIPlugin
2024-05-05 17:10:44,653 [INFO] IPUIPlugin:80 - create IPUIPlugin
2024-05-05 17:10:44,653 [INFO] IPUIPlugin:80 - create IPUIPlugin
2024-05-05 17:10:44,653 [INFO] IPUIPlugin:80 - create IPUIPlugin
2024-05-05 17:10:44,653 [INFO] IPUIPlugin:80 - create IPUIPlugin
2024-05-05 17:10:44,653 [INFO] IPUIPlugin:80 - create IPUIPlugin
2024-05-05 17:10:44,653 [INFO] IPUIPlugin:80 - create IPUIPlugin
2024-05-05 17:10:44,653 [INFO] IPUIPlugin:80 - create IPUIPlugin
2024-05-05 17:10:44,653 [INFO] IPUIPlugin:80 - create IPUIPlugin
2024-05-05 17:10:44,653 [INFO] IPUIPlugin:80 - create IPUIPlugin
2024-05-05 17:10:44,653 [INFO] IPUIPlugin:80 - create IPUIPlugin
2024-05-05 17:10:44,654 [INFO] IPUIPlugin:80 - create IPUIPlugin
2024-05-05 17:10:44,654 [INFO] IPUIPlugin:80 - create IPUIPlugin
2024-05-05 17:10:44,654 [INFO] IPUIPlugin:80 - create IPUIPlugin
2024-05-05 17:10:44,654 [INFO] IPUIPlugin:80 - create IPUIPlugin
2024-05-05 17:10:44,654 [INFO] IPUIPlugin:80 - create IPUIPlugin
2024-05-05 17:10:44,654 [INFO] IPUIPlugin:80 - create IPUIPlugin
2024-05-05 17:10:44,654 [INFO] IPUIPlugin:80 - create IPUIPlugin
2024-05-05 17:10:44,654 [INFO] IPUIPlugin:80 - create IPUIPlugin
2024-05-05 17:10:44,654 [INFO] IPUIPlugin:80 - create IPUIPlugin
2024-05-05 17:10:44,655 [INFO] IPUIPlugin:80 - create IPUIPlugin
2024-05-05 17:10:44,655 [INFO] IPUIPlugin:80 - create IPUIPlugin
2024-05-05 17:10:44,655 [INFO] IPUIPlugin:80 - create IPUIPlugin
2024-05-05 17:10:44,655 [INFO] IPUIPlugin:80 - create IPUIPlugin
2024-05-05 17:10:44,655 [INFO] IPUIPlugin:80 - create IPUIPlugin
2024-05-05 17:10:44,655 [INFO] IPUIPlugin:80 - create IPUIPlugin
2024-05-05 17:10:44,655 [INFO] IPUIPlugin:80 - create IPUIPlugin
2024-05-05 17:10:44,655 [INFO] IPUIPlugin:80 - create IPUIPlugin
2024-05-05 17:10:44,655 [INFO] IPUIPlugin:80 - create IPUIPlugin
2024-05-05 17:10:44,655 [INFO] IPUIPlugin:80 - create IPUIPlugin
2024-05-05 17:10:44,655 [INFO] IPUIPlugin:80 - create IPUIPlugin
2024-05-05 17:10:44,656 [INFO] IPUIPlugin:80 - create IPUIPlugin
2024-05-05 17:10:44,656 [INFO] IPUIPlugin:80 - create IPUIPlugin
2024-05-05 17:10:44,656 [INFO] IPUIPlugin:80 - create IPUIPlugin
2024-05-05 17:10:44,656 [INFO] IPUIPlugin:80 - create IPUIPlugin
2024-05-05 17:10:44,657 [INFO] IPUIPlugin:80 - create IPUIPlugin
2024-05-05 17:10:44,657 [INFO] IPUIPlugin:80 - create IPUIPlugin
2024-05-05 17:10:44,657 [INFO] IPUIPlugin:80 - create IPUIPlugin
2024-05-05 17:10:44,658 [INFO] IPUIPlugin:80 - create IPUIPlugin
2024-05-05 17:10:44,658 [INFO] IPUIPlugin:80 - create IPUIPlugin
2024-05-05 17:10:44,658 [INFO] IPUIPlugin:80 - create IPUIPlugin
2024-05-05 17:10:44,658 [INFO] IPUIPlugin:80 - create IPUIPlugin
2024-05-05 17:10:44,658 [INFO] IPUIPlugin:80 - create IPUIPlugin
2024-05-05 17:10:44,658 [INFO] IPUIPlugin:80 - create IPUIPlugin
2024-05-05 17:10:44,658 [INFO] IPUIPlugin:80 - create IPUIPlugin
2024-05-05 17:10:44,658 [INFO] IPUIPlugin:80 - create IPUIPlugin
2024-05-05 17:10:44,658 [INFO] IPUIPlugin:80 - create IPUIPlugin
2024-05-05 17:10:44,659 [INFO] IPUIPlugin:80 - create IPUIPlugin
2024-05-05 17:10:44,659 [INFO] IPUIPlugin:80 - create IPUIPlugin
2024-05-05 17:10:44,659 [INFO] IPUIPlugin:80 - create IPUIPlugin
2024-05-05 17:10:44,659 [INFO] IPUIPlugin:80 - create IPUIPlugin
2024-05-05 17:10:44,659 [INFO] IPUIPlugin:80 - create IPUIPlugin
2024-05-05 17:10:44,660 [INFO] IPUIPlugin:80 - create IPUIPlugin
2024-05-05 17:10:44,660 [INFO] IPUIPlugin:80 - create IPUIPlugin
2024-05-05 17:10:44,660 [INFO] IPUIPlugin:80 - create IPUIPlugin
2024-05-05 17:10:44,660 [INFO] IPUIPlugin:80 - create IPUIPlugin
2024-05-05 17:10:44,660 [INFO] IPUIPlugin:80 - create IPUIPlugin
2024-05-05 17:10:44,660 [INFO] IPUIPlugin:80 - create IPUIPlugin
2024-05-05 17:10:44,661 [INFO] IPUIPlugin:80 - create IPUIPlugin
2024-05-05 17:10:44,661 [INFO] IPUIPlugin:80 - create IPUIPlugin
2024-05-05 17:10:44,661 [INFO] IPUIPlugin:80 - create IPUIPlugin
2024-05-05 17:10:44,661 [INFO] IPUIPlugin:80 - create IPUIPlugin
2024-05-05 17:10:44,661 [INFO] IPUIPlugin:80 - create IPUIPlugin
2024-05-05 17:10:44,661 [INFO] IPUIPlugin:80 - create IPUIPlugin
2024-05-05 17:10:44,662 [INFO] IPUIPlugin:80 - create IPUIPlugin
2024-05-05 17:10:44,662 [INFO] IPUIPlugin:80 - create IPUIPlugin
2024-05-05 17:10:44,662 [INFO] IPUIPlugin:80 - create IPUIPlugin
2024-05-05 17:10:44,662 [INFO] IPUIPlugin:80 - create IPUIPlugin
2024-05-05 17:10:44,663 [INFO] IPUIPlugin:80 - create IPUIPlugin
2024-05-05 17:10:44,663 [INFO] IPUIPlugin:80 - create IPUIPlugin
2024-05-05 17:10:44,663 [INFO] IPUIPlugin:80 - create IPUIPlugin
2024-05-05 17:10:44,663 [INFO] IPUIPlugin:80 - create IPUIPlugin
2024-05-05 17:10:44,663 [INFO] IPUIPlugin:80 - create IPUIPlugin
2024-05-05 17:10:44,664 [INFO] IPUIPlugin:80 - create IPUIPlugin
2024-05-05 17:10:44,664 [INFO] IPUIPlugin:80 - create IPUIPlugin
2024-05-05 17:10:44,664 [INFO] IPUIPlugin:80 - create IPUIPlugin
2024-05-05 17:10:44,664 [INFO] IPUIPlugin:80 - create IPUIPlugin
2024-05-05 17:10:44,664 [INFO] IPUIPlugin:80 - create IPUIPlugin
2024-05-05 17:10:44,665 [INFO] IPUIPlugin:80 - create IPUIPlugin
2024-05-05 17:10:44,665 [INFO] IPUIPlugin:80 - create IPUIPlugin
2024-05-05 17:10:44,665 [INFO] IPUIPlugin:80 - create IPUIPlugin
2024-05-05 17:10:44,666 [INFO] IPUIPlugin:80 - create IPUIPlugin
2024-05-05 17:10:44,666 [INFO] IPUIPlugin:80 - create IPUIPlugin
2024-05-05 17:10:44,666 [INFO] IPUIPlugin:80 - create IPUIPlugin
2024-05-05 17:10:44,667 [INFO] IPUIPlugin:80 - create IPUIPlugin
2024-05-05 17:10:44,667 [INFO] IPUIPlugin:80 - create IPUIPlugin
2024-05-05 17:10:44,667 [INFO] IPUIPlugin:80 - create IPUIPlugin
2024-05-05 17:10:44,667 [INFO] IPUIPlugin:80 - create IPUIPlugin
2024-05-05 17:10:44,668 [INFO] IPUIPlugin:80 - create IPUIPlugin
2024-05-05 17:10:44,669 [INFO] IPUIPlugin:80 - create IPUIPlugin
2024-05-05 17:10:44,669 [INFO] IPUIPlugin:80 - create IPUIPlugin
2024-05-05 17:10:44,669 [INFO] IPUIPlugin:80 - create IPUIPlugin
2024-05-05 17:10:44,670 [INFO] IPUIPlugin:80 - create IPUIPlugin
2024-05-05 17:10:44,670 [INFO] IPUIPlugin:80 - create IPUIPlugin
2024-05-05 17:10:44,670 [INFO] IPUIPlugin:80 - create IPUIPlugin
2024-05-05 17:10:44,716 [INFO] ApiDbMcu:508 - Load IP Config File for PDM2PCM
2024-05-05 17:10:44,921 [INFO] CADModel:165 - CPN selected for project levelSTM32H7A3ZIT6Q
2024-05-05 17:10:44,922 [INFO] CADModel:114 - Register for checkConnection events
2024-05-05 17:10:44,980 [INFO] OpenFileManager:343 - Restore cursor
2024-05-05 17:11:08,901 [INFO] NvicIntPanel:101 - NVIC parent = com.st.microxplorer.plugins.ip.nvic.MultiNvicIntPanel[,0,0,0x0,invalid,layout=javax.swing.BoxLayout,alignmentX=0.0,alignmentY=0.0,border=,flags=9,maximumSize=,minimumSize=,preferredSize=]
2024-05-05 17:11:10,659 [INFO] UtilMem:75 - End SaveConfig() Used Memory: 609330584 Bytes (961544192)
2024-05-05 17:11:12,426 [INFO] UtilMem:75 - End SaveConfig() Used Memory: 675913112 Bytes (961544192)
2024-05-05 17:11:14,650 [INFO] LogOutputStream:77 - [STDOUT_REDIRECT] This download action requires prior login. To proceed, please use the 'login' command with your my.st.com account email and password.
2024-05-05 17:11:14,651 [INFO] LogOutputStream:77 - [STDOUT_REDIRECT] Run 'login <email> <password> <remember_me>' for example 'login john.smith@st.com mypassword y'.
2024-05-05 17:11:14,651 [INFO] LogOutputStream:77 - [STDOUT_REDIRECT] If you do not have a my.st.com account, please visit https://st.com website to create one.
2024-05-05 17:15:49,544 [INFO] MainUpdater:2873 - connection check result : 10
2024-05-05 17:15:49,544 [INFO] MainUpdater:2873 - connection check result : 10
2024-05-05 17:15:49,565 [INFO] MicroXplorer:468 - Change Database Path : 
2024-05-05 17:15:49,565 [INFO] MicroXplorer:498 - Change Database Version : DB.6.0.111
2024-05-05 17:15:49,580 [ERROR] ProjectManagerView:394 - 
java.lang.NullPointerException: Cannot invoke "javax.swing.JTextField.getText()" because the return value of "java.util.List.get(int)" is null
	at com.st.microxplorer.plugins.projectmanager.gui.ProjectChoiceTab$10.caretUpdate(ProjectChoiceTab.java:2504) ~[filemanager.jar:?]
	at javax.swing.text.JTextComponent.fireCaretUpdate(JTextComponent.java:412) ~[?:?]
	at javax.swing.text.JTextComponent$MutableCaretEvent.fire(JTextComponent.java:4491) ~[?:?]
	at javax.swing.text.JTextComponent$MutableCaretEvent.stateChanged(JTextComponent.java:4513) ~[?:?]
	at javax.swing.text.DefaultCaret.fireStateChanged(DefaultCaret.java:842) ~[?:?]
	at javax.swing.text.DefaultCaret.changeCaretPosition(DefaultCaret.java:1313) ~[?:?]
	at javax.swing.text.DefaultCaret.handleSetDot(DefaultCaret.java:1212) ~[?:?]
	at javax.swing.text.DefaultCaret.setDot(DefaultCaret.java:1193) ~[?:?]
	at javax.swing.text.DefaultCaret$Handler.insertUpdate(DefaultCaret.java:1789) ~[?:?]
	at javax.swing.text.AbstractDocument.fireInsertUpdate(AbstractDocument.java:226) ~[?:?]
	at javax.swing.text.AbstractDocument.handleInsertString(AbstractDocument.java:780) ~[?:?]
	at javax.swing.text.AbstractDocument.insertString(AbstractDocument.java:739) ~[?:?]
	at javax.swing.text.PlainDocument.insertString(PlainDocument.java:131) ~[?:?]
	at javax.swing.text.AbstractDocument.replace(AbstractDocument.java:698) ~[?:?]
	at javax.swing.text.JTextComponent.setText(JTextComponent.java:1729) ~[?:?]
	at com.st.microxplorer.plugins.projectmanager.gui.ProjectChoiceTab.createHeapStackFields(ProjectChoiceTab.java:944) ~[filemanager.jar:?]
	at com.st.microxplorer.plugins.projectmanager.gui.ProjectChoiceTab.buildLinkSettingsPanel(ProjectChoiceTab.java:3475) ~[filemanager.jar:?]
	at com.st.microxplorer.plugins.projectmanager.gui.ProjectChoiceTab.defineWindowsFields(ProjectChoiceTab.java:1816) ~[filemanager.jar:?]
	at com.st.microxplorer.plugins.projectmanager.gui.ProjectChoiceTab.updateSettings(ProjectChoiceTab.java:544) ~[filemanager.jar:?]
	at com.st.microxplorer.plugins.projectmanager.gui.ProjectSettingsPanel.UpdateDialog(ProjectSettingsPanel.java:245) ~[filemanager.jar:?]
	at com.st.microxplorer.plugins.projectmanager.ProjectManagerView.propertyChange(ProjectManagerView.java:391) ~[filemanager.jar:?]
	at java.beans.PropertyChangeSupport.fire(PropertyChangeSupport.java:343) ~[?:?]
	at java.beans.PropertyChangeSupport.firePropertyChange(PropertyChangeSupport.java:335) ~[?:?]
	at java.beans.PropertyChangeSupport.firePropertyChange(PropertyChangeSupport.java:268) ~[?:?]
	at com.st.microxplorer.util.MXPropertyChangeSupport.firePropertyChange(MXPropertyChangeSupport.java:54) ~[STM32CubeMX.jar:?]
	at com.st.microxplorer.mxsystem.MxSystem.closeConfig(MxSystem.java:900) ~[STM32CubeMX.jar:?]
	at com.st.microxplorer.maingui.MainPanel.closeConfig(MainPanel.java:776) ~[STM32CubeMX.jar:?]
	at com.st.microxplorer.plugins.filemanager.engine.OpenFileManager.loadConfigurationFile(OpenFileManager.java:245) ~[filemanager.jar:?]
	at com.st.microxplorer.plugins.filemanager.engine.MainFileManager.userLoadConfig(MainFileManager.java:315) ~[filemanager.jar:?]
	at com.st.microxplorer.plugins.filemanager.engine.MainFileManager.userLoadConfig(MainFileManager.java:293) ~[filemanager.jar:?]
	at com.st.microxplorer.plugins.filemanager.FileManagerView.getSpecificTask(FileManagerView.java:247) ~[filemanager.jar:?]
	at com.st.stm32cube.common.mx.editor.CubeMxEditor.getMxTabbedPaneInstance(CubeMxEditor.java:1198) ~[com.st.stm32cube.common.mx_6.11.1.202404110753/:?]
	at com.st.stm32cube.common.mx.editor.CubeMxEditor$12$1.createSwingComponent(CubeMxEditor.java:1068) ~[com.st.stm32cube.common.mx_6.11.1.202404110753/:?]
	at com.st.stm32cube.common.mx.oss.core.awtswtbridge.EmbeddedSwingComposite.doComponentCreation(EmbeddedSwingComposite.java:492) ~[com.st.stm32cube.common.mx.oss_6.11.1.202404110753/:?]
	at com.st.stm32cube.common.mx.oss.core.awtswtbridge.EmbeddedSwingComposite$4.run(EmbeddedSwingComposite.java:291) ~[com.st.stm32cube.common.mx.oss_6.11.1.202404110753/:?]
	at com.st.stm32cube.common.mx.oss.core.awtswtbridge.AwtEnvironment$2.run(AwtEnvironment.java:166) ~[com.st.stm32cube.common.mx.oss_6.11.1.202404110753/:?]
	at java.awt.event.InvocationEvent.dispatch(InvocationEvent.java:318) ~[?:?]
	at java.awt.EventQueue.dispatchEventImpl(EventQueue.java:773) ~[?:?]
	at java.awt.EventQueue$4.run(EventQueue.java:720) ~[?:?]
	at java.awt.EventQueue$4.run(EventQueue.java:714) ~[?:?]
	at java.security.AccessController.doPrivileged(AccessController.java:399) ~[?:?]
	at java.security.ProtectionDomain$JavaSecurityAccessImpl.doIntersectionPrivilege(ProtectionDomain.java:86) ~[?:?]
	at java.awt.EventQueue.dispatchEvent(EventQueue.java:742) ~[?:?]
	at java.awt.EventDispatchThread.pumpOneEventForFilters(EventDispatchThread.java:203) ~[?:?]
	at java.awt.EventDispatchThread.pumpEventsForFilter(EventDispatchThread.java:124) ~[?:?]
	at java.awt.EventDispatchThread.pumpEventsForHierarchy(EventDispatchThread.java:113) ~[?:?]
	at java.awt.EventDispatchThread.pumpEvents(EventDispatchThread.java:109) ~[?:?]
	at java.awt.EventDispatchThread.pumpEvents(EventDispatchThread.java:101) ~[?:?]
	at java.awt.EventDispatchThread.run(EventDispatchThread.java:90) ~[?:?]
2024-05-05 17:15:49,584 [WARN] ThirdParty:871 - waiting for thirdparty lock release [close project]
2024-05-05 17:15:49,584 [INFO] ThirdParty:873 - entering critical section [close project]
2024-05-05 17:15:49,584 [INFO] ThirdParty:883 - exiting critical section [close project]
2024-05-05 17:15:49,586 [INFO] PinOutPanel:1561 - setPackage(No Configuration,No Configuration)
2024-05-05 17:15:49,592 [WARN] IpParametersView:151 - Warning: This peripheral hasn't parameters
2024-05-05 17:15:49,596 [WARN] MainPanel:272 - <html><b><center>Warning: This peripheral has no parameters to be configured<br></b></html>
2024-05-05 17:15:49,602 [INFO] UtilMem:75 - Begin LoadConfig() Used Memory: 824275336 Bytes (1073741824)
2024-05-05 17:15:49,606 [INFO] MicroXplorer:468 - Change Database Path : C:/Users/saksh/.stm32cubemx/databases/DB.6.0.100/db/
2024-05-05 17:15:49,606 [INFO] MicroXplorer:498 - Change Database Version : DB.6.0.100
2024-05-05 17:15:50,965 [INFO] OpenFileManager:312 - Change cursor
2024-05-05 17:15:50,972 [INFO] RulesReader:64 - Compatibility file has been processed (297 Rules)
2024-05-05 17:15:50,981 [INFO] Mcu:2021 - Initializing MCU STM32G474R(B-C-E)Tx STM32G474RETx STM32G474RET3
2024-05-05 17:15:53,784 [INFO] Context:663 - Trying to add GPIOservice into a context  which must be forbidden
2024-05-05 17:15:55,011 [INFO] RtosManager:555 - Registered RTOS mode: class=CMSIS, group=RTOS, mode=CMSIS_V1, owner=FREERTOS
2024-05-05 17:15:55,011 [INFO] RtosManager:555 - Registered RTOS mode: class=CMSIS, group=RTOS2, mode=CMSIS_V2, owner=FREERTOS
2024-05-05 17:15:55,011 [INFO] RtosManager:555 - Registered RTOS mode: class=RTOS, group=Core, mode=CMSIS_V1, owner=FREERTOS
2024-05-05 17:15:55,011 [INFO] RtosManager:555 - Registered RTOS mode: class=RTOS, group=Core, mode=CMSIS_V2, owner=FREERTOS
2024-05-05 17:15:55,011 [WARN] ModelIntegratedComponent:184 - Missing modes for component STMicroelectronics:FreeRTOS:0.0.1:STMicroelectronics:RTOS:FreeRTOS:Core:::10.2.0:
2024-05-05 17:15:55,013 [WARN] ModelIntegratedComponent:63 - No mode defined for component null
2024-05-05 17:15:55,014 [WARN] ModelIntegratedComponent:63 - No mode defined for component null
2024-05-05 17:15:55,014 [WARN] ModelIntegratedComponent:63 - No mode defined for component null
2024-05-05 17:15:55,014 [WARN] ModelIntegratedComponent:63 - No mode defined for component null
2024-05-05 17:15:55,014 [WARN] ModelIntegratedComponent:63 - No mode defined for component null
2024-05-05 17:15:55,014 [WARN] ModelIntegratedComponent:63 - No mode defined for component null
2024-05-05 17:15:55,014 [WARN] ModelIntegratedComponent:63 - No mode defined for component null
2024-05-05 17:15:55,014 [WARN] ModelIntegratedComponent:63 - No mode defined for component null
2024-05-05 17:15:55,014 [WARN] ModelIntegratedComponent:63 - No mode defined for component null
2024-05-05 17:15:55,014 [WARN] ModelIntegratedComponent:63 - No mode defined for component null
2024-05-05 17:15:55,014 [WARN] ModelIntegratedComponent:63 - No mode defined for component null
2024-05-05 17:15:55,014 [WARN] ModelIntegratedComponent:63 - No mode defined for component null
2024-05-05 17:15:55,014 [WARN] ModelIntegratedComponent:63 - No mode defined for component null
2024-05-05 17:15:55,014 [WARN] ModelIntegratedComponent:63 - No mode defined for component null
2024-05-05 17:15:55,014 [WARN] ModelIntegratedComponent:63 - No mode defined for component null
2024-05-05 17:15:55,014 [WARN] ModelIntegratedComponent:63 - No mode defined for component null
2024-05-05 17:15:55,014 [WARN] ModelIntegratedComponent:63 - No mode defined for component null
2024-05-05 17:15:55,014 [WARN] ModelIntegratedComponent:63 - No mode defined for component null
2024-05-05 17:15:55,014 [WARN] ModelIntegratedComponent:63 - No mode defined for component null
2024-05-05 17:15:55,014 [WARN] ModelIntegratedComponent:63 - No mode defined for component null
2024-05-05 17:15:55,014 [WARN] ModelIntegratedComponent:63 - No mode defined for component null
2024-05-05 17:15:55,014 [WARN] ModelIntegratedComponent:63 - No mode defined for component null
2024-05-05 17:15:55,014 [WARN] ModelIntegratedComponent:63 - No mode defined for component null
2024-05-05 17:15:55,014 [WARN] ModelIntegratedComponent:63 - No mode defined for component null
2024-05-05 17:15:55,014 [WARN] ModelIntegratedComponent:63 - No mode defined for component null
2024-05-05 17:15:55,014 [WARN] ModelIntegratedComponent:63 - No mode defined for component null
2024-05-05 17:15:55,014 [WARN] ModelIntegratedComponent:63 - No mode defined for component null
2024-05-05 17:15:55,014 [WARN] ModelIntegratedComponent:63 - No mode defined for component null
2024-05-05 17:15:55,014 [WARN] ModelIntegratedComponent:63 - No mode defined for component null
2024-05-05 17:15:55,014 [WARN] ModelIntegratedComponent:63 - No mode defined for component null
2024-05-05 17:15:55,014 [WARN] ModelIntegratedComponent:63 - No mode defined for component null
2024-05-05 17:15:55,014 [WARN] ModelIntegratedComponent:63 - No mode defined for component null
2024-05-05 17:15:55,014 [WARN] ModelIntegratedComponent:63 - No mode defined for component null
2024-05-05 17:15:55,014 [WARN] ModelIntegratedComponent:63 - No mode defined for component null
2024-05-05 17:15:55,168 [INFO] ThirdPartyModel:298 - Start build external matchings
2024-05-05 17:15:56,335 [INFO] ThirdPartyModel:316 - End build external matchings
2024-05-05 17:15:56,371 [INFO] ImportTextPane:194 - (OptionalMessage_ERROR) IP (ADC1) : Parameter (CommonPathInternal) has invalid value (null|null|null|null)
2024-05-05 17:15:56,966 [INFO] UtilMem:75 - End LoadConfig() Used Memory: 749860848 Bytes (1073741824)
2024-05-05 17:15:57,087 [WARN] ThirdParty:833 - waiting for thirdparty lock release [change project]
2024-05-05 17:15:57,087 [INFO] ThirdParty:835 - entering critical section [change project]
2024-05-05 17:15:57,087 [INFO] ThirdParty:1030 - CMSIS Pack Vendor :STMicroelectronics USBPD 4.1
2024-05-05 17:15:57,087 [INFO] ThirdParty:1030 - CMSIS Pack Vendor :STMicroelectronics X-CUBE-GNSS1 6.0.0
2024-05-05 17:15:57,087 [INFO] ThirdParty:1030 - CMSIS Pack Vendor :STMicroelectronics USB_HOST 2.0.0
2024-05-05 17:15:57,087 [INFO] ThirdParty:1030 - CMSIS Pack Vendor :STMicroelectronics FP-SNS-MOTENVWB1 1.4.0
2024-05-05 17:15:57,087 [INFO] ThirdParty:1030 - CMSIS Pack Vendor :STMicroelectronics X-CUBE-AZRTOS-F4 1.1.0
2024-05-05 17:15:57,087 [INFO] ThirdParty:1030 - CMSIS Pack Vendor :STMicroelectronics LIBJPEG 8.0.0
2024-05-05 17:15:57,087 [INFO] ThirdParty:1030 - CMSIS Pack Vendor :STMicroelectronics X-CUBE-SMBUS 2.1.0
2024-05-05 17:15:57,087 [INFO] ThirdParty:1030 - CMSIS Pack Vendor :STMicroelectronics X-CUBE-FREERTOS 1.2.0
2024-05-05 17:15:57,087 [INFO] ThirdParty:1030 - CMSIS Pack Vendor :STMicroelectronics X-CUBE-TOUCHGFX 4.23.1
2024-05-05 17:15:57,087 [INFO] ThirdParty:1030 - CMSIS Pack Vendor :STMicroelectronics X-CUBE-TOUCHGFX 4.23.0
2024-05-05 17:15:57,087 [INFO] ThirdParty:1030 - CMSIS Pack Vendor :STMicroelectronics X-CUBE-BLEMGR 1.2.0
2024-05-05 17:15:57,087 [INFO] ThirdParty:1030 - CMSIS Pack Vendor :STMicroelectronics X-CUBE-TOUCHGFX 4.23.2
2024-05-05 17:15:57,087 [INFO] ThirdParty:1030 - CMSIS Pack Vendor :STMicroelectronics X-CUBE-AZRTOS-F7 1.1.0
2024-05-05 17:15:57,087 [INFO] ThirdParty:1030 - CMSIS Pack Vendor :STMicroelectronics X-CUBE-AZRTOS-L5 2.0.0
2024-05-05 17:15:57,087 [INFO] ThirdParty:1030 - CMSIS Pack Vendor :STMicroelectronics USB_DEVICE 2.0.0
2024-05-05 17:15:57,087 [INFO] ThirdParty:1030 - CMSIS Pack Vendor :STMicroelectronics X-CUBE-MEMS1 9.6.0
2024-05-05 17:15:57,087 [INFO] ThirdParty:1030 - CMSIS Pack Vendor :STMicroelectronics X-CUBE-EEPRMA1 4.2.0
2024-05-05 17:15:57,087 [INFO] ThirdParty:1030 - CMSIS Pack Vendor :STMicroelectronics X-CUBE-NFC6 3.1.0
2024-05-05 17:15:57,087 [INFO] ThirdParty:1030 - CMSIS Pack Vendor :ITTIA_DB I-CUBE-ITTIADB 8.8.0
2024-05-05 17:15:57,087 [INFO] ThirdParty:1030 - CMSIS Pack Vendor :STMicroelectronics FP-SNS-MOTENV1 4.3.0
2024-05-05 17:15:57,087 [INFO] ThirdParty:1030 - CMSIS Pack Vendor :STMicroelectronics FP-SNS-MOTENV1 4.3.2
2024-05-05 17:15:57,087 [INFO] ThirdParty:1030 - CMSIS Pack Vendor :STMicroelectronics FP-SNS-FLIGHT1 5.0.0
2024-05-05 17:15:57,087 [INFO] ThirdParty:1030 - CMSIS Pack Vendor :STMicroelectronics FP-SNS-MOTENV1 4.3.1
2024-05-05 17:15:57,087 [INFO] ThirdParty:1030 - CMSIS Pack Vendor :STMicroelectronics FP-SNS-FLIGHT1 5.0.1
2024-05-05 17:15:57,087 [INFO] ThirdParty:1030 - CMSIS Pack Vendor :STMicroelectronics X-CUBE-BLE1 6.2.3
2024-05-05 17:15:57,087 [INFO] ThirdParty:1030 - CMSIS Pack Vendor :STMicroelectronics X-CUBE-BLE1 6.2.4
2024-05-05 17:15:57,087 [INFO] ThirdParty:1030 - CMSIS Pack Vendor :STMicroelectronics FreeRTOS 0.0.1
2024-05-05 17:15:57,087 [INFO] ThirdParty:1030 - CMSIS Pack Vendor :STMicroelectronics X-CUBE-BLEMGR 2.0.0
2024-05-05 17:15:57,087 [INFO] ThirdParty:1030 - CMSIS Pack Vendor :STMicroelectronics FP-SNS-FLIGHT1 5.0.2
2024-05-05 17:15:57,087 [INFO] ThirdParty:1030 - CMSIS Pack Vendor :STMicroelectronics X-CUBE-NFC4 2.0.4
2024-05-05 17:15:57,087 [INFO] ThirdParty:1030 - CMSIS Pack Vendor :STMicroelectronics X-CUBE-AI 9.0.0
2024-05-05 17:15:57,087 [INFO] ThirdParty:1030 - CMSIS Pack Vendor :STMicroelectronics X-CUBE-AZRTOS-H7 3.1.0
2024-05-05 17:15:57,087 [INFO] ThirdParty:1030 - CMSIS Pack Vendor :STMicroelectronics PDM2PCM 3.3.0
2024-05-05 17:15:57,087 [INFO] ThirdParty:1030 - CMSIS Pack Vendor :STMicroelectronics X-CUBE-TOF1 3.1.0
2024-05-05 17:15:57,087 [INFO] ThirdParty:1030 - CMSIS Pack Vendor :STMicroelectronics X-CUBE-DISPLAY 3.0.0
2024-05-05 17:15:57,087 [INFO] ThirdParty:1030 - CMSIS Pack Vendor :STMicroelectronics X-CUBE-BLE1 7.0.0
2024-05-05 17:15:57,087 [INFO] ThirdParty:1030 - CMSIS Pack Vendor :wolfSSL I-CUBE-wolfSSL 5.5.0
2024-05-05 17:15:57,087 [INFO] ThirdParty:1030 - CMSIS Pack Vendor :STMicroelectronics HAL Drivers 0.0.0
2024-05-05 17:15:57,087 [INFO] ThirdParty:1030 - CMSIS Pack Vendor :STMicroelectronics X-CUBE-TOUCHGFX 4.22.0
2024-05-05 17:15:57,087 [INFO] ThirdParty:1030 - CMSIS Pack Vendor :STMicroelectronics X-CUBE-NFC7 1.0.1
2024-05-05 17:15:57,087 [INFO] ThirdParty:1030 - CMSIS Pack Vendor :STMicroelectronics MBEDTLS 2.14.1
2024-05-05 17:15:57,087 [INFO] ThirdParty:1030 - CMSIS Pack Vendor :STMicroelectronics X-CUBE-NFC7 1.0.0
2024-05-05 17:15:57,087 [INFO] ThirdParty:1030 - CMSIS Pack Vendor :STMicroelectronics X-CUBE-NFC6 3.0.0
2024-05-05 17:15:57,087 [INFO] ThirdParty:1030 - CMSIS Pack Vendor :STMicroelectronics X-CUBE-MEMS1 9.3.0
2024-05-05 17:15:57,087 [INFO] ThirdParty:1030 - CMSIS Pack Vendor :STMicroelectronics X-CUBE-EEPRMA1 4.1.0
2024-05-05 17:15:57,087 [INFO] ThirdParty:1030 - CMSIS Pack Vendor :STMicroelectronics X-CUBE-AI 7.2.0
2024-05-05 17:15:57,087 [INFO] ThirdParty:1030 - CMSIS Pack Vendor :STMicroelectronics X-CUBE-BLEMGR 3.1.0
2024-05-05 17:15:57,087 [INFO] ThirdParty:1030 - CMSIS Pack Vendor :STMicroelectronics FP-SNS-SMARTAG2 1.2.0
2024-05-05 17:15:57,087 [INFO] ThirdParty:1030 - CMSIS Pack Vendor :STMicroelectronics X-CUBE-AZRTOS-WL 2.0.0
2024-05-05 17:15:57,087 [INFO] ThirdParty:1030 - CMSIS Pack Vendor :STMicroelectronics FP-SNS-MOTENV1 5.0.0
2024-05-05 17:15:57,087 [INFO] ThirdParty:1030 - CMSIS Pack Vendor :STMicroelectronics USB_DEVICE 1.0.0
2024-05-05 17:15:57,087 [INFO] ThirdParty:1030 - CMSIS Pack Vendor :STMicroelectronics X-CUBE-AI 8.1.0
2024-05-05 17:15:57,088 [INFO] ThirdParty:1030 - CMSIS Pack Vendor :STMicroelectronics X-CUBE-AZRTOS-L4 2.0.0
2024-05-05 17:15:57,088 [INFO] ThirdParty:1030 - CMSIS Pack Vendor :STMicroelectronics ThreadX 0.0.2
2024-05-05 17:15:57,088 [INFO] ThirdParty:1030 - CMSIS Pack Vendor :WES I-CUBE-Cesium 1.3.0
2024-05-05 17:15:57,088 [INFO] ThirdParty:1030 - CMSIS Pack Vendor :STMicroelectronics lwIP 2.1.2
2024-05-05 17:15:57,088 [INFO] ThirdParty:1030 - CMSIS Pack Vendor :STMicroelectronics X-CUBE-SFXS2LP1 4.0.0
2024-05-05 17:15:57,088 [INFO] ThirdParty:1030 - CMSIS Pack Vendor :STMicroelectronics X-CUBE-BLE2 3.3.0
2024-05-05 17:15:57,088 [INFO] ThirdParty:1030 - CMSIS Pack Vendor :STMicroelectronics X-CUBE-DISPLAY 2.2.0
2024-05-05 17:15:57,088 [INFO] ThirdParty:1030 - CMSIS Pack Vendor :STMicroelectronics X-CUBE-TOF1 3.2.0
2024-05-05 17:15:57,088 [INFO] ThirdParty:1030 - CMSIS Pack Vendor :STMicroelectronics PDM2PCM 3.2.0
2024-05-05 17:15:57,088 [INFO] ThirdParty:1030 - CMSIS Pack Vendor :STMicroelectronics X-CUBE-AZRTOS-H7 3.0.0
2024-05-05 17:15:57,088 [INFO] ThirdParty:1030 - CMSIS Pack Vendor :STMicroelectronics X-CUBE-ISPU 1.0.0
2024-05-05 17:15:57,088 [INFO] ThirdParty:1030 - CMSIS Pack Vendor :STMicroelectronics X-CUBE-ISPU 1.1.0
2024-05-05 17:15:57,088 [INFO] ThirdParty:1030 - CMSIS Pack Vendor :RoweBots I-CUBE-UNISONRTOS 5.5.0-4
2024-05-05 17:15:57,088 [INFO] ThirdParty:1030 - CMSIS Pack Vendor :STMicroelectronics X-CUBE-AZRTOS-H7 2.1.0
2024-05-05 17:15:57,088 [INFO] ThirdParty:1030 - CMSIS Pack Vendor :STMicroelectronics USB_DEVICE 3.0.0
2024-05-05 17:15:57,088 [INFO] ThirdParty:1030 - CMSIS Pack Vendor :STMicroelectronics X-CUBE-TCPP 4.1.0
2024-05-05 17:15:57,088 [INFO] ThirdParty:1030 - CMSIS Pack Vendor :STMicroelectronics X-CUBE-AI 8.0.0
2024-05-05 17:15:57,088 [INFO] ThirdParty:1030 - CMSIS Pack Vendor :STMicroelectronics X-CUBE-AZRTOS-WB 2.0.0
2024-05-05 17:15:57,088 [INFO] ThirdParty:1030 - CMSIS Pack Vendor :STMicroelectronics X-CUBE-FREERTOS 1.0.0
2024-05-05 17:15:57,088 [INFO] ThirdParty:1030 - CMSIS Pack Vendor :STMicroelectronics X-CUBE-FREERTOS 1.0.1
2024-05-05 17:15:57,088 [INFO] ThirdParty:1030 - CMSIS Pack Vendor :STMicroelectronics X-CUBE-TOUCHGFX 4.21.1
2024-05-05 17:15:57,088 [INFO] ThirdParty:1030 - CMSIS Pack Vendor :STMicroelectronics X-CUBE-TOUCHGFX 4.21.3
2024-05-05 17:15:57,088 [INFO] ThirdParty:1030 - CMSIS Pack Vendor :STMicroelectronics X-CUBE-BLEMGR 1.0.0
2024-05-05 17:15:57,088 [INFO] ThirdParty:1030 - CMSIS Pack Vendor :STMicroelectronics X-CUBE-TOUCHGFX 4.21.4
2024-05-05 17:15:57,088 [INFO] ThirdParty:1030 - CMSIS Pack Vendor :STMicroelectronics X-CUBE-MEMS1 9.4.0
2024-05-05 17:15:57,088 [INFO] ThirdParty:1030 - CMSIS Pack Vendor :STMicroelectronics X-CUBE-AI 7.3.0
2024-05-05 17:15:57,088 [INFO] ThirdParty:1030 - CMSIS Pack Vendor :STMicroelectronics X-CUBE-ALGOBUILD 1.3.0
2024-05-05 17:15:57,088 [INFO] ThirdParty:1030 - CMSIS Pack Vendor :STMicroelectronics X-CUBE-AZRTOS-L5 1.1.0
2024-05-05 17:15:57,088 [INFO] ThirdParty:1030 - CMSIS Pack Vendor :STMicroelectronics X-CUBE-AZRTOS-G0 1.1.0
2024-05-05 17:15:57,088 [INFO] ThirdParty:1030 - CMSIS Pack Vendor :STMicroelectronics X-CUBE-AI 8.0.1
2024-05-05 17:15:57,088 [INFO] ThirdParty:1030 - CMSIS Pack Vendor :STMicroelectronics X-CUBE-SAFEA1 1.2.2
2024-05-05 17:15:57,088 [INFO] ThirdParty:1030 - CMSIS Pack Vendor :STMicroelectronics X-CUBE-NFC4 3.0.0
2024-05-05 17:15:57,088 [INFO] ThirdParty:1030 - CMSIS Pack Vendor :SEGGER I-CUBE-embOS 1.2.0
2024-05-05 17:15:57,088 [INFO] ThirdParty:1030 - CMSIS Pack Vendor :STMicroelectronics X-CUBE-SUBG2 5.0.0
2024-05-05 17:15:57,088 [INFO] ThirdParty:1030 - CMSIS Pack Vendor :STMicroelectronics STM32_WPAN 1.0.0
2024-05-05 17:15:57,088 [INFO] ThirdParty:1030 - CMSIS Pack Vendor :STMicroelectronics lwIP 2.0.3
2024-05-05 17:15:57,088 [INFO] ThirdParty:1030 - CMSIS Pack Vendor :STMicroelectronics USB_HOST 1.0.0
2024-05-05 17:15:57,088 [INFO] ThirdParty:1030 - CMSIS Pack Vendor :STMicroelectronics X-CUBE-TOF1 3.3.1
2024-05-05 17:15:57,088 [INFO] ThirdParty:1030 - CMSIS Pack Vendor :STMicroelectronics X-CUBE-AZRTOS-G4 2.0.0
2024-05-05 17:15:57,088 [INFO] ThirdParty:1030 - CMSIS Pack Vendor :STMicroelectronics PDM2PCM 3.1.0
2024-05-05 17:15:57,088 [INFO] ThirdParty:1030 - CMSIS Pack Vendor :STMicroelectronics X-CUBE-TOF1 3.3.0
2024-05-05 17:15:57,088 [INFO] ThirdParty:1030 - CMSIS Pack Vendor :STMicroelectronics FP-ATR-ASTRA1 1.1.1
2024-05-05 17:15:57,088 [INFO] ThirdParty:1030 - CMSIS Pack Vendor :Infineon AIROC-Wi-Fi-Bluetooth-STM32 1.5.1
2024-05-05 17:15:57,088 [INFO] ThirdParty:1030 - CMSIS Pack Vendor :STMicroelectronics X-CUBE-BLEMGR 3.0.0
2024-05-05 17:15:57,088 [INFO] ThirdParty:1030 - CMSIS Pack Vendor :STMicroelectronics X-CUBE-BLEMGR 1.3.0
2024-05-05 17:15:57,088 [INFO] ThirdParty:1030 - CMSIS Pack Vendor :STMicroelectronics FP-SNS-MOTENVWB1 1.3.1
2024-05-05 17:15:57,088 [INFO] ThirdParty:1030 - CMSIS Pack Vendor :STMicroelectronics FP-ATR-SIGFOX1 3.2.0
2024-05-05 17:15:57,088 [INFO] ThirdParty:1030 - CMSIS Pack Vendor :STMicroelectronics X-CUBE-AZRTOS-G4 1.0.0
2024-05-05 17:15:57,088 [INFO] ThirdParty:1030 - CMSIS Pack Vendor :STMicroelectronics X-CUBE-AZRTOS-L4 1.0.0
2024-05-05 17:15:57,088 [INFO] ThirdParty:1030 - CMSIS Pack Vendor :STMicroelectronics X-CUBE-ISPU 2.0.0
2024-05-05 17:15:57,088 [INFO] ThirdParty:1030 - CMSIS Pack Vendor :STMicroelectronics X-CUBE-EEPRMA1 5.1.0
2024-05-05 17:15:57,088 [INFO] ThirdParty:1030 - CMSIS Pack Vendor :STMicroelectronics MBEDTLS 2.16.2
2024-05-05 17:15:57,088 [INFO] ThirdParty:1030 - CMSIS Pack Vendor :emotas I-CUBE-CANOPEN 1.1.2
2024-05-05 17:15:57,088 [INFO] ThirdParty:1030 - CMSIS Pack Vendor :STMicroelectronics X-CUBE-TOUCHGFX 4.20.0
2024-05-05 17:15:57,088 [INFO] ThirdParty:1030 - CMSIS Pack Vendor :STMicroelectronics X-CUBE-MEMS1 10.0.0
2024-05-05 17:15:57,088 [INFO] ThirdParty:1030 - CMSIS Pack Vendor :STMicroelectronics X-CUBE-FREERTOS 1.1.0
2024-05-05 17:15:57,088 [INFO] ThirdParty:1030 - CMSIS Pack Vendor :STMicroelectronics X-CUBE-AZRTOS-WL 1.0.0
2024-05-05 17:15:57,088 [INFO] ThirdParty:1030 - CMSIS Pack Vendor :portGmbH I-Cube-SoM-uGOAL 1.1.0
2024-05-05 17:15:57,088 [INFO] ThirdParty:1030 - CMSIS Pack Vendor :STMicroelectronics X-CUBE-ALS 1.0.1
2024-05-05 17:15:57,088 [INFO] ThirdParty:1030 - CMSIS Pack Vendor :STMicroelectronics X-CUBE-MEMS1 9.5.0
2024-05-05 17:15:57,088 [INFO] ThirdParty:1030 - CMSIS Pack Vendor :STMicroelectronics ThreadX 1.0.0
2024-05-05 17:15:57,088 [INFO] ThirdParty:1030 - CMSIS Pack Vendor :STMicroelectronics X-CUBE-AZRTOS-WB 1.1.0
2024-05-05 17:15:57,088 [INFO] ThirdParty:1030 - CMSIS Pack Vendor :SEGGER I-CUBE-embOS 1.3.1
2024-05-05 17:15:57,088 [INFO] ThirdParty:1030 - CMSIS Pack Vendor :STMicroelectronics X-CUBE-AZRTOS-L5 1.0.0
2024-05-05 17:15:57,088 [INFO] ThirdParty:1030 - CMSIS Pack Vendor :STMicroelectronics X-CUBE-EEPRMA1 3.1.1
2024-05-05 17:15:57,088 [INFO] ThirdParty:1030 - CMSIS Pack Vendor :STMicroelectronics X-CUBE-AZRTOS-H7RS 1.0.0
2024-05-05 17:15:57,088 [INFO] ThirdParty:1030 - CMSIS Pack Vendor :STMicroelectronics FP-ATR-ASTRA1 2.0.0
2024-05-05 17:15:57,088 [INFO] ThirdParty:1030 - CMSIS Pack Vendor :STMicroelectronics X-CUBE-TOF1 3.4.0
2024-05-05 17:15:57,088 [INFO] ThirdParty:1030 - CMSIS Pack Vendor :STMicroelectronics X-CUBE-TOF1 3.4.1
2024-05-05 17:15:57,088 [INFO] ThirdParty:1030 - CMSIS Pack Vendor :STMicroelectronics X-CUBE-AZRTOS-H7 3.2.0
2024-05-05 17:15:57,088 [INFO] ThirdParty:841 - exiting critical section [change project]
2024-05-05 17:15:57,297 [INFO] PinOutPanel:1561 - setPackage(No Configuration,No Configuration)
2024-05-05 17:15:57,298 [INFO] PinOutPanel:1561 - setPackage(STM32G474RETx,LQFP64)
2024-05-05 17:15:57,442 [INFO] UtilMem:75 - Before build in PCC Used Memory: 779957264 Bytes (1073741824)
2024-05-05 17:15:57,620 [INFO] UtilMem:75 - After build in PCC Used Memory: 831367544 Bytes (1073741824)
2024-05-05 17:15:57,637 [INFO] IPUIPlugin:80 - create IPUIPlugin
2024-05-05 17:15:57,637 [INFO] IPUIPlugin:80 - create IPUIPlugin
2024-05-05 17:15:57,637 [INFO] IPUIPlugin:80 - create IPUIPlugin
2024-05-05 17:15:57,637 [INFO] IPUIPlugin:80 - create IPUIPlugin
2024-05-05 17:15:57,637 [INFO] IPUIPlugin:80 - create IPUIPlugin
2024-05-05 17:15:57,637 [INFO] IPUIPlugin:80 - create IPUIPlugin
2024-05-05 17:15:57,637 [INFO] IPUIPlugin:80 - create IPUIPlugin
2024-05-05 17:15:57,637 [INFO] IPUIPlugin:80 - create IPUIPlugin
2024-05-05 17:15:57,637 [INFO] IPUIPlugin:80 - create IPUIPlugin
2024-05-05 17:15:57,637 [INFO] IPUIPlugin:80 - create IPUIPlugin
2024-05-05 17:15:57,637 [INFO] IPUIPlugin:80 - create IPUIPlugin
2024-05-05 17:15:57,637 [INFO] IPUIPlugin:80 - create IPUIPlugin
2024-05-05 17:15:57,637 [INFO] IPUIPlugin:80 - create IPUIPlugin
2024-05-05 17:15:57,637 [INFO] IPUIPlugin:80 - create IPUIPlugin
2024-05-05 17:15:57,637 [INFO] IPUIPlugin:80 - create IPUIPlugin
2024-05-05 17:15:57,637 [INFO] IPUIPlugin:80 - create IPUIPlugin
2024-05-05 17:15:57,637 [INFO] IPUIPlugin:80 - create IPUIPlugin
2024-05-05 17:15:57,637 [INFO] IPUIPlugin:80 - create IPUIPlugin
2024-05-05 17:15:57,637 [INFO] IPUIPlugin:80 - create IPUIPlugin
2024-05-05 17:15:57,637 [INFO] IPUIPlugin:80 - create IPUIPlugin
2024-05-05 17:15:57,637 [INFO] IPUIPlugin:80 - create IPUIPlugin
2024-05-05 17:15:57,637 [INFO] IPUIPlugin:80 - create IPUIPlugin
2024-05-05 17:15:57,637 [INFO] IPUIPlugin:80 - create IPUIPlugin
2024-05-05 17:15:57,637 [INFO] IPUIPlugin:80 - create IPUIPlugin
2024-05-05 17:15:57,637 [INFO] IPUIPlugin:80 - create IPUIPlugin
2024-05-05 17:15:57,637 [INFO] IPUIPlugin:80 - create IPUIPlugin
2024-05-05 17:15:57,638 [INFO] IPUIPlugin:80 - create IPUIPlugin
2024-05-05 17:15:57,638 [INFO] IPUIPlugin:80 - create IPUIPlugin
2024-05-05 17:15:57,638 [INFO] IPUIPlugin:80 - create IPUIPlugin
2024-05-05 17:15:57,638 [INFO] IPUIPlugin:80 - create IPUIPlugin
2024-05-05 17:15:57,638 [INFO] IPUIPlugin:80 - create IPUIPlugin
2024-05-05 17:15:57,638 [INFO] IPUIPlugin:80 - create IPUIPlugin
2024-05-05 17:15:57,638 [INFO] IPUIPlugin:80 - create IPUIPlugin
2024-05-05 17:15:57,638 [INFO] IPUIPlugin:80 - create IPUIPlugin
2024-05-05 17:15:57,638 [INFO] IPUIPlugin:80 - create IPUIPlugin
2024-05-05 17:15:57,638 [INFO] IPUIPlugin:80 - create IPUIPlugin
2024-05-05 17:15:57,638 [INFO] IPUIPlugin:80 - create IPUIPlugin
2024-05-05 17:15:57,638 [INFO] IPUIPlugin:80 - create IPUIPlugin
2024-05-05 17:15:57,638 [INFO] IPUIPlugin:80 - create IPUIPlugin
2024-05-05 17:15:57,638 [INFO] IPUIPlugin:80 - create IPUIPlugin
2024-05-05 17:15:57,638 [INFO] IPUIPlugin:80 - create IPUIPlugin
2024-05-05 17:15:57,638 [INFO] IPUIPlugin:80 - create IPUIPlugin
2024-05-05 17:15:57,638 [INFO] IPUIPlugin:80 - create IPUIPlugin
2024-05-05 17:15:57,639 [INFO] IPUIPlugin:80 - create IPUIPlugin
2024-05-05 17:15:57,639 [INFO] IPUIPlugin:80 - create IPUIPlugin
2024-05-05 17:15:57,639 [INFO] IPUIPlugin:80 - create IPUIPlugin
2024-05-05 17:15:57,639 [INFO] IPUIPlugin:80 - create IPUIPlugin
2024-05-05 17:15:57,639 [INFO] IPUIPlugin:80 - create IPUIPlugin
2024-05-05 17:15:57,639 [INFO] IPUIPlugin:80 - create IPUIPlugin
2024-05-05 17:15:57,639 [INFO] IPUIPlugin:80 - create IPUIPlugin
2024-05-05 17:15:57,639 [INFO] IPUIPlugin:80 - create IPUIPlugin
2024-05-05 17:15:57,640 [INFO] IPUIPlugin:80 - create IPUIPlugin
2024-05-05 17:15:57,640 [INFO] IPUIPlugin:80 - create IPUIPlugin
2024-05-05 17:15:57,640 [INFO] IPUIPlugin:80 - create IPUIPlugin
2024-05-05 17:15:57,640 [INFO] IPUIPlugin:80 - create IPUIPlugin
2024-05-05 17:15:57,640 [INFO] IPUIPlugin:80 - create IPUIPlugin
2024-05-05 17:15:57,641 [INFO] IPUIPlugin:80 - create IPUIPlugin
2024-05-05 17:15:57,641 [INFO] IPUIPlugin:80 - create IPUIPlugin
2024-05-05 17:15:57,641 [INFO] IPUIPlugin:80 - create IPUIPlugin
2024-05-05 17:15:57,641 [INFO] IPUIPlugin:80 - create IPUIPlugin
2024-05-05 17:15:57,641 [INFO] IPUIPlugin:80 - create IPUIPlugin
2024-05-05 17:15:57,641 [INFO] IPUIPlugin:80 - create IPUIPlugin
2024-05-05 17:15:57,641 [INFO] IPUIPlugin:80 - create IPUIPlugin
2024-05-05 17:15:57,641 [INFO] IPUIPlugin:80 - create IPUIPlugin
2024-05-05 17:15:57,642 [INFO] IPUIPlugin:80 - create IPUIPlugin
2024-05-05 17:15:57,642 [INFO] IPUIPlugin:80 - create IPUIPlugin
2024-05-05 17:15:57,642 [INFO] IPUIPlugin:80 - create IPUIPlugin
2024-05-05 17:15:57,643 [INFO] IPUIPlugin:80 - create IPUIPlugin
2024-05-05 17:15:57,643 [INFO] IPUIPlugin:80 - create IPUIPlugin
2024-05-05 17:15:57,643 [INFO] IPUIPlugin:80 - create IPUIPlugin
2024-05-05 17:15:57,643 [INFO] IPUIPlugin:80 - create IPUIPlugin
2024-05-05 17:15:57,644 [INFO] IPUIPlugin:80 - create IPUIPlugin
2024-05-05 17:15:57,644 [INFO] IPUIPlugin:80 - create IPUIPlugin
2024-05-05 17:15:57,644 [INFO] IPUIPlugin:80 - create IPUIPlugin
2024-05-05 17:15:57,644 [INFO] IPUIPlugin:80 - create IPUIPlugin
2024-05-05 17:15:57,645 [INFO] IPUIPlugin:80 - create IPUIPlugin
2024-05-05 17:15:57,645 [INFO] IPUIPlugin:80 - create IPUIPlugin
2024-05-05 17:15:57,694 [INFO] CADModel:165 - CPN selected for project levelSTM32G474RET3
2024-05-05 17:15:57,694 [INFO] CADModel:114 - Register for checkConnection events
2024-05-05 17:15:57,746 [INFO] OpenFileManager:343 - Restore cursor
2024-05-05 17:16:09,324 [INFO] ADCParametersView:116 -                Rank 1 : false
2024-05-05 17:16:09,339 [INFO] ADCParametersView:116 -                Rank 1 : false
2024-05-05 17:16:09,340 [INFO] ADCParametersView:116 -                Rank 1 : false
2024-05-05 17:16:09,340 [INFO] ADCParametersView:116 -                Rank 1 : false
2024-05-05 17:16:09,340 [INFO] ADCParametersView:116 -                Rank 1 : false
2024-05-05 17:16:09,340 [INFO] ADCParametersView:116 -                Rank 1 : false
2024-05-05 17:16:09,340 [INFO] ADCParametersView:116 -                Rank 1 : false
2024-05-05 17:16:09,340 [INFO] ADCParametersView:116 -                Rank 1 : false
2024-05-05 17:16:09,340 [INFO] ADCParametersView:116 -                Rank 1 : false
2024-05-05 17:16:09,340 [INFO] ADCParametersView:116 -                Rank 1 : false
2024-05-05 17:16:09,340 [INFO] ADCParametersView:116 -                Rank 1 : false
2024-05-05 17:16:09,340 [INFO] ADCParametersView:116 -                Rank 1 : false
2024-05-05 17:16:09,340 [INFO] ADCParametersView:116 -                Rank 1 : false
2024-05-05 17:16:09,340 [INFO] ADCParametersView:116 -                Rank 1 : false
2024-05-05 17:16:09,340 [INFO] ADCParametersView:116 -                Rank 1 : false
2024-05-05 17:16:09,340 [INFO] ADCParametersView:116 -                Rank 1 : false
2024-05-05 17:16:09,340 [INFO] ADCParametersView:116 -                Rank 1 : false
2024-05-05 17:16:09,340 [INFO] ADCParametersView:116 -                Rank 1 : false
2024-05-05 17:16:09,340 [INFO] ADCParametersView:116 -                Rank 1 : false
2024-05-05 17:16:09,340 [INFO] ADCParametersView:116 -                Rank 1 : false
2024-05-05 17:16:09,340 [INFO] ADCParametersView:116 -                Rank 1 : false
2024-05-05 17:16:09,341 [INFO] ADCParametersView:116 -                Rank 1 : false
2024-05-05 17:16:09,341 [INFO] ADCParametersView:116 -                Rank 1 : false
2024-05-05 17:16:09,341 [INFO] ADCParametersView:116 -                Rank 1 : false
2024-05-05 17:16:09,341 [INFO] ADCParametersView:116 -                Rank 1 : false
2024-05-05 17:16:09,341 [INFO] ADCParametersView:116 -                Rank 1 : false
2024-05-05 17:16:09,348 [INFO] ADCParametersView:116 -                Rank 1 : false
2024-05-05 17:16:25,639 [INFO] NvicIntPanel:101 - NVIC parent = com.st.microxplorer.plugins.ip.nvic.MultiNvicIntPanel[,0,0,0x0,invalid,layout=javax.swing.BoxLayout,alignmentX=0.0,alignmentY=0.0,border=,flags=9,maximumSize=,minimumSize=,preferredSize=]
2024-05-05 17:16:25,921 [ERROR] LogOutputStream:75 - [STDERR_REDIRECT] Exception in thread "AWT-EventQueue-0" java.awt.IllegalComponentStateException: component must be showing on the screen to determine its location
2024-05-05 17:16:25,922 [ERROR] LogOutputStream:75 - [STDERR_REDIRECT] 	at java.desktop/java.awt.Component.getLocationOnScreen_NoTreeLock(Component.java:2113)
2024-05-05 17:16:25,923 [ERROR] LogOutputStream:75 - [STDERR_REDIRECT] 	at java.desktop/java.awt.Component.getLocationOnScreen(Component.java:2087)
2024-05-05 17:16:25,924 [ERROR] LogOutputStream:75 - [STDERR_REDIRECT] 	at java.desktop/javax.swing.JPopupMenu.show(JPopupMenu.java:960)
2024-05-05 17:16:25,925 [ERROR] LogOutputStream:75 - [STDERR_REDIRECT] 	at java.desktop/javax.swing.plaf.basic.BasicComboPopup.show(BasicComboPopup.java:235)
2024-05-05 17:16:25,926 [ERROR] LogOutputStream:75 - [STDERR_REDIRECT] 	at java.desktop/javax.swing.plaf.basic.BasicComboPopup.togglePopup(BasicComboPopup.java:1257)
2024-05-05 17:16:25,928 [ERROR] LogOutputStream:75 - [STDERR_REDIRECT] 	at java.desktop/javax.swing.plaf.basic.BasicComboPopup$Handler.mousePressed(BasicComboPopup.java:936)
2024-05-05 17:16:25,929 [ERROR] LogOutputStream:75 - [STDERR_REDIRECT] 	at java.desktop/java.awt.Component.processMouseEvent(Component.java:6623)
2024-05-05 17:16:25,932 [ERROR] LogOutputStream:75 - [STDERR_REDIRECT] 	at java.desktop/javax.swing.JComponent.processMouseEvent(JComponent.java:3389)
2024-05-05 17:16:25,935 [ERROR] LogOutputStream:75 - [STDERR_REDIRECT] 	at java.desktop/java.awt.Component.processEvent(Component.java:6391)
2024-05-05 17:16:25,937 [ERROR] LogOutputStream:75 - [STDERR_REDIRECT] 	at java.desktop/java.awt.Container.processEvent(Container.java:2266)
2024-05-05 17:16:25,939 [ERROR] LogOutputStream:75 - [STDERR_REDIRECT] 	at java.desktop/java.awt.Component.dispatchEventImpl(Component.java:5001)
2024-05-05 17:16:25,942 [ERROR] LogOutputStream:75 - [STDERR_REDIRECT] 	at java.desktop/java.awt.Container.dispatchEventImpl(Container.java:2324)
2024-05-05 17:16:25,944 [ERROR] LogOutputStream:75 - [STDERR_REDIRECT] 	at java.desktop/java.awt.Component.dispatchEvent(Component.java:4833)
2024-05-05 17:16:25,948 [ERROR] LogOutputStream:75 - [STDERR_REDIRECT] 	at java.desktop/javax.swing.plaf.basic.BasicTableUI$Handler.repostEvent(BasicTableUI.java:987)
2024-05-05 17:16:25,952 [ERROR] LogOutputStream:75 - [STDERR_REDIRECT] 	at java.desktop/javax.swing.plaf.basic.BasicTableUI$Handler.adjustSelection(BasicTableUI.java:1149)
2024-05-05 17:16:25,955 [ERROR] LogOutputStream:75 - [STDERR_REDIRECT] 	at java.desktop/javax.swing.plaf.basic.BasicTableUI$Handler.mousePressed(BasicTableUI.java:1077)
2024-05-05 17:16:25,959 [ERROR] LogOutputStream:75 - [STDERR_REDIRECT] 	at java.desktop/java.awt.AWTEventMulticaster.mousePressed(AWTEventMulticaster.java:288)
2024-05-05 17:16:25,963 [ERROR] LogOutputStream:75 - [STDERR_REDIRECT] 	at java.desktop/java.awt.AWTEventMulticaster.mousePressed(AWTEventMulticaster.java:287)
2024-05-05 17:16:25,966 [ERROR] LogOutputStream:75 - [STDERR_REDIRECT] 	at java.desktop/java.awt.AWTEventMulticaster.mousePressed(AWTEventMulticaster.java:287)
2024-05-05 17:16:25,968 [ERROR] LogOutputStream:75 - [STDERR_REDIRECT] 	at java.desktop/java.awt.AWTEventMulticaster.mousePressed(AWTEventMulticaster.java:287)
2024-05-05 17:16:25,971 [ERROR] LogOutputStream:75 - [STDERR_REDIRECT] 	at java.desktop/java.awt.Component.processMouseEvent(Component.java:6623)
2024-05-05 17:16:25,974 [ERROR] LogOutputStream:75 - [STDERR_REDIRECT] 	at java.desktop/javax.swing.JComponent.processMouseEvent(JComponent.java:3389)
2024-05-05 17:16:25,976 [ERROR] LogOutputStream:75 - [STDERR_REDIRECT] 	at java.desktop/java.awt.Component.processEvent(Component.java:6391)
2024-05-05 17:16:25,980 [ERROR] LogOutputStream:75 - [STDERR_REDIRECT] 	at java.desktop/java.awt.Container.processEvent(Container.java:2266)
2024-05-05 17:16:25,982 [ERROR] LogOutputStream:75 - [STDERR_REDIRECT] 	at java.desktop/java.awt.Component.dispatchEventImpl(Component.java:5001)
2024-05-05 17:16:25,985 [ERROR] LogOutputStream:75 - [STDERR_REDIRECT] 	at java.desktop/java.awt.Container.dispatchEventImpl(Container.java:2324)
2024-05-05 17:16:25,987 [ERROR] LogOutputStream:75 - [STDERR_REDIRECT] 	at java.desktop/java.awt.Component.dispatchEvent(Component.java:4833)
2024-05-05 17:16:25,990 [ERROR] LogOutputStream:75 - [STDERR_REDIRECT] 	at java.desktop/java.awt.LightweightDispatcher.retargetMouseEvent(Container.java:4948)
2024-05-05 17:16:25,992 [ERROR] LogOutputStream:75 - [STDERR_REDIRECT] 	at java.desktop/java.awt.LightweightDispatcher.processMouseEvent(Container.java:4572)
2024-05-05 17:16:25,994 [ERROR] LogOutputStream:75 - [STDERR_REDIRECT] 	at java.desktop/java.awt.LightweightDispatcher.dispatchEvent(Container.java:4516)
2024-05-05 17:16:25,996 [ERROR] LogOutputStream:75 - [STDERR_REDIRECT] 	at java.desktop/java.awt.Container.dispatchEventImpl(Container.java:2310)
2024-05-05 17:16:25,997 [ERROR] LogOutputStream:75 - [STDERR_REDIRECT] 	at java.desktop/java.awt.Component.dispatchEvent(Component.java:4833)
2024-05-05 17:16:25,998 [ERROR] LogOutputStream:75 - [STDERR_REDIRECT] 	at java.desktop/java.awt.EventQueue.dispatchEventImpl(EventQueue.java:775)
2024-05-05 17:16:25,999 [ERROR] LogOutputStream:75 - [STDERR_REDIRECT] 	at java.desktop/java.awt.EventQueue$4.run(EventQueue.java:720)
2024-05-05 17:16:26,000 [ERROR] LogOutputStream:75 - [STDERR_REDIRECT] 	at java.desktop/java.awt.EventQueue$4.run(EventQueue.java:714)
2024-05-05 17:16:26,001 [ERROR] LogOutputStream:75 - [STDERR_REDIRECT] 	at java.base/java.security.AccessController.doPrivileged(AccessController.java:399)
2024-05-05 17:16:26,003 [ERROR] LogOutputStream:75 - [STDERR_REDIRECT] 	at java.base/java.security.ProtectionDomain$JavaSecurityAccessImpl.doIntersectionPrivilege(ProtectionDomain.java:86)
2024-05-05 17:16:26,005 [ERROR] LogOutputStream:75 - [STDERR_REDIRECT] 	at java.base/java.security.ProtectionDomain$JavaSecurityAccessImpl.doIntersectionPrivilege(ProtectionDomain.java:97)
2024-05-05 17:16:26,006 [ERROR] LogOutputStream:75 - [STDERR_REDIRECT] 	at java.desktop/java.awt.EventQueue$5.run(EventQueue.java:747)
2024-05-05 17:16:26,007 [ERROR] LogOutputStream:75 - [STDERR_REDIRECT] 	at java.desktop/java.awt.EventQueue$5.run(EventQueue.java:745)
2024-05-05 17:16:26,008 [ERROR] LogOutputStream:75 - [STDERR_REDIRECT] 	at java.base/java.security.AccessController.doPrivileged(AccessController.java:399)
2024-05-05 17:16:26,011 [ERROR] LogOutputStream:75 - [STDERR_REDIRECT] 	at java.base/java.security.ProtectionDomain$JavaSecurityAccessImpl.doIntersectionPrivilege(ProtectionDomain.java:86)
2024-05-05 17:16:26,012 [ERROR] LogOutputStream:75 - [STDERR_REDIRECT] 	at java.desktop/java.awt.EventQueue.dispatchEvent(EventQueue.java:744)
2024-05-05 17:16:26,014 [ERROR] LogOutputStream:75 - [STDERR_REDIRECT] 	at java.desktop/java.awt.EventDispatchThread.pumpOneEventForFilters(EventDispatchThread.java:203)
2024-05-05 17:16:26,015 [ERROR] LogOutputStream:75 - [STDERR_REDIRECT] 	at java.desktop/java.awt.EventDispatchThread.pumpEventsForFilter(EventDispatchThread.java:124)
2024-05-05 17:16:26,017 [ERROR] LogOutputStream:75 - [STDERR_REDIRECT] 	at java.desktop/java.awt.EventDispatchThread.pumpEventsForHierarchy(EventDispatchThread.java:113)
2024-05-05 17:16:26,018 [ERROR] LogOutputStream:75 - [STDERR_REDIRECT] 	at java.desktop/java.awt.EventDispatchThread.pumpEvents(EventDispatchThread.java:109)
2024-05-05 17:16:26,018 [ERROR] LogOutputStream:75 - [STDERR_REDIRECT] 	at java.desktop/java.awt.EventDispatchThread.pumpEvents(EventDispatchThread.java:101)
2024-05-05 17:16:26,019 [ERROR] LogOutputStream:75 - [STDERR_REDIRECT] 	at java.desktop/java.awt.EventDispatchThread.run(EventDispatchThread.java:90)
2024-05-05 17:16:27,833 [INFO] NvicIntPanel:101 - NVIC parent = com.st.microxplorer.plugins.ip.nvic.MultiNvicIntPanel[,0,0,0x0,invalid,layout=javax.swing.BoxLayout,alignmentX=0.0,alignmentY=0.0,border=,flags=9,maximumSize=,minimumSize=,preferredSize=]
2024-05-05 17:16:30,152 [INFO] NvicIntPanel:101 - NVIC parent = com.st.microxplorer.plugins.ip.nvic.MultiNvicIntPanel[,0,0,0x0,invalid,layout=javax.swing.BoxLayout,alignmentX=0.0,alignmentY=0.0,border=,flags=9,maximumSize=,minimumSize=,preferredSize=]
2024-05-05 17:16:32,488 [INFO] NvicIntPanel:101 - NVIC parent = com.st.microxplorer.plugins.ip.nvic.MultiNvicIntPanel[,0,0,0x0,invalid,layout=javax.swing.BoxLayout,alignmentX=0.0,alignmentY=0.0,border=,flags=9,maximumSize=,minimumSize=,preferredSize=]
2024-05-05 17:16:34,494 [INFO] UtilMem:75 - End SaveConfig() Used Memory: 926704272 Bytes (1073741824)
2024-05-05 17:16:36,177 [INFO] UtilMem:75 - End SaveConfig() Used Memory: 953445008 Bytes (1073741824)
2024-05-05 17:16:37,695 [INFO] UtilMem:75 - End SaveConfig() Used Memory: 751681976 Bytes (1073741824)
2024-05-05 17:16:38,564 [INFO] BlockDiagram:2759 - set Specific Code input for plugin: RCC
2024-05-05 17:16:38,565 [INFO] BlockDiagram:2759 - set Specific Code input for plugin: USART
2024-05-05 17:16:38,565 [INFO] BlockDiagram:2759 - set Specific Code input for plugin: TIM1_8G4
2024-05-05 17:16:38,565 [INFO] BlockDiagram:2759 - set Specific Code input for plugin: TIM1_8G4
2024-05-05 17:16:38,565 [INFO] BlockDiagram:2759 - set Specific Code input for plugin: SYS
2024-05-05 17:16:38,565 [INFO] BlockDiagram:2759 - set Specific Code input for plugin: ADC
2024-05-05 17:16:38,566 [INFO] BlockDiagram:2759 - set Specific Code input for plugin: NVIC
2024-05-05 17:16:38,568 [INFO] BlockDiagram:2759 - set Specific Code input for plugin: GPIO
2024-05-05 17:16:38,575 [INFO] CodeGenerator:807 - code generatio: config db path: C:/Users/saksh/.stm32cubemx/databases/DB.6.0.100/db/
2024-05-05 17:16:38,889 [INFO] CodeEngine:255 - oldGeneratedFile, D:\Download\DeleteThis\CurrentController\MXTmpFiles\license.tmp_save
2024-05-05 17:16:39,408 [INFO] CodeEngine:279 - Generated code: D:\Download\DeleteThis\CurrentController\MXTmpFiles\license.tmp
2024-05-05 17:16:39,541 [INFO] CodeEngine:255 - oldGeneratedFile, D:\Download\DeleteThis\CurrentController\MXTmpFiles\gpio.tmp_save
2024-05-05 17:16:39,980 [INFO] CodeEngine:279 - Generated code: D:\Download\DeleteThis\CurrentController\MXTmpFiles\gpio.tmp
2024-05-05 17:16:40,581 [INFO] CodeEngine:255 - oldGeneratedFile, D:\Download\DeleteThis\CurrentController\Core\Src\stm32g4xx_it.c_save
2024-05-05 17:16:40,936 [INFO] CodeEngine:279 - Generated code: D:\Download\DeleteThis\CurrentController\Core\Src\stm32g4xx_it.c
2024-05-05 17:16:41,033 [INFO] CodeEngine:255 - oldGeneratedFile, D:\Download\DeleteThis\CurrentController\Core\Inc\stm32g4xx_it.h_save
2024-05-05 17:16:41,186 [INFO] CodeEngine:279 - Generated code: D:\Download\DeleteThis\CurrentController\Core\Inc\stm32g4xx_it.h
2024-05-05 17:16:41,262 [INFO] CodeEngine:255 - oldGeneratedFile, D:\Download\DeleteThis\CurrentController\Core\Src\stm32g4xx_hal_msp.c_save
2024-05-05 17:16:41,599 [INFO] CodeEngine:279 - Generated code: D:\Download\DeleteThis\CurrentController\Core\Src\stm32g4xx_hal_msp.c
2024-05-05 17:16:41,609 [INFO] CodeEngine:255 - oldGeneratedFile, D:\Download\DeleteThis\CurrentController\MXTmpFiles\system.tmp_save
2024-05-05 17:16:41,731 [INFO] CodeEngine:279 - Generated code: D:\Download\DeleteThis\CurrentController\MXTmpFiles\system.tmp
2024-05-05 17:16:41,791 [INFO] CodeEngine:311 - oldGeneratedFile, D:\Download\DeleteThis\CurrentController\Core\Inc\stm32g4xx_hal_conf.h_save
2024-05-05 17:16:42,084 [INFO] CodeEngine:335 - Generated code: D:\Download\DeleteThis\CurrentController\Core\Inc\stm32g4xx_hal_conf.h
2024-05-05 17:16:42,133 [WARN] IPConfigManager:2982 - Warning: the RefConfig RCC_CommonPeriphClockConfig is not available in your config.xml file
2024-05-05 17:16:42,135 [WARN] IPConfigManager:3513 - IP not found : TIM
2024-05-05 17:16:42,143 [WARN] CodeGenerator:3951 - IP not found : null
2024-05-05 17:16:42,194 [INFO] CodeEngine:255 - oldGeneratedFile, D:\Download\DeleteThis\CurrentController\Core\Inc\main.h_save
2024-05-05 17:16:42,487 [INFO] CodeEngine:279 - Generated code: D:\Download\DeleteThis\CurrentController\Core\Inc\main.h
2024-05-05 17:16:42,547 [INFO] CodeEngine:255 - oldGeneratedFile, D:\Download\DeleteThis\CurrentController\Core\Src\main.c_save
2024-05-05 17:16:42,865 [INFO] CodeEngine:279 - Generated code: D:\Download\DeleteThis\CurrentController\Core\Src\main.c
2024-05-05 17:16:43,414 [INFO] ProjectBuilder:3163 - Time for Copy HAL[1] : 202mS.
2024-05-05 17:16:43,419 [INFO] ProjectBuilder:4736 - Project Generator version: 4.3.0-B58
2024-05-05 17:16:43,504 [INFO] ConfigFileManager:1503 - The Die is : DIE469
2024-05-05 17:16:43,516 [INFO] ApiDbMcu:508 - Load IP Config File for FATFS
2024-05-05 17:16:43,520 [INFO] ApiDbMcu:508 - Load IP Config File for FREERTOS
2024-05-05 17:16:43,525 [INFO] ApiDbMcu:508 - Load IP Config File for USBPD
2024-05-05 17:16:43,538 [INFO] ApiDbMcu:508 - Load IP Config File for USB_Device
2024-05-05 17:16:44,243 [INFO] LogOutputStream:77 - [STDOUT_REDIRECT] 
2024-05-05 17:16:45,792 [INFO] ProjectBuilder:5002 - Time for Generating toolchain IDE Files: 2369mS.
2024-05-05 17:16:45,797 [INFO] ProjectBuilder:3034 - Time for Copy CMSIS : 3mS.
2024-05-05 17:16:45,799 [INFO] ProjectBuilder:3034 - Time for Copy CMSIS : 0mS.
2024-05-05 17:28:53,890 [INFO] MainUpdater:2873 - connection check result : 10
2024-05-05 17:28:53,890 [INFO] MainUpdater:2873 - connection check result : 10
2024-05-05 17:28:53,900 [INFO] MicroXplorer:468 - Change Database Path : 
2024-05-05 17:28:53,900 [INFO] MicroXplorer:498 - Change Database Version : DB.6.0.111
2024-05-05 17:28:53,904 [ERROR] ProjectManagerView:394 - 
java.lang.NullPointerException: Cannot invoke "javax.swing.JTextField.getText()" because the return value of "java.util.List.get(int)" is null
	at com.st.microxplorer.plugins.projectmanager.gui.ProjectChoiceTab$10.caretUpdate(ProjectChoiceTab.java:2504) ~[filemanager.jar:?]
	at javax.swing.text.JTextComponent.fireCaretUpdate(JTextComponent.java:412) ~[?:?]
	at javax.swing.text.JTextComponent$MutableCaretEvent.fire(JTextComponent.java:4491) ~[?:?]
	at javax.swing.text.JTextComponent$MutableCaretEvent.stateChanged(JTextComponent.java:4513) ~[?:?]
	at javax.swing.text.DefaultCaret.fireStateChanged(DefaultCaret.java:842) ~[?:?]
	at javax.swing.text.DefaultCaret.changeCaretPosition(DefaultCaret.java:1313) ~[?:?]
	at javax.swing.text.DefaultCaret.handleSetDot(DefaultCaret.java:1212) ~[?:?]
	at javax.swing.text.DefaultCaret.setDot(DefaultCaret.java:1193) ~[?:?]
	at javax.swing.text.DefaultCaret$Handler.insertUpdate(DefaultCaret.java:1789) ~[?:?]
	at javax.swing.text.AbstractDocument.fireInsertUpdate(AbstractDocument.java:226) ~[?:?]
	at javax.swing.text.AbstractDocument.handleInsertString(AbstractDocument.java:780) ~[?:?]
	at javax.swing.text.AbstractDocument.insertString(AbstractDocument.java:739) ~[?:?]
	at javax.swing.text.PlainDocument.insertString(PlainDocument.java:131) ~[?:?]
	at javax.swing.text.AbstractDocument.replace(AbstractDocument.java:698) ~[?:?]
	at javax.swing.text.JTextComponent.setText(JTextComponent.java:1729) ~[?:?]
	at com.st.microxplorer.plugins.projectmanager.gui.ProjectChoiceTab.createHeapStackFields(ProjectChoiceTab.java:944) ~[filemanager.jar:?]
	at com.st.microxplorer.plugins.projectmanager.gui.ProjectChoiceTab.buildLinkSettingsPanel(ProjectChoiceTab.java:3475) ~[filemanager.jar:?]
	at com.st.microxplorer.plugins.projectmanager.gui.ProjectChoiceTab.defineWindowsFields(ProjectChoiceTab.java:1816) ~[filemanager.jar:?]
	at com.st.microxplorer.plugins.projectmanager.gui.ProjectChoiceTab.updateSettings(ProjectChoiceTab.java:544) ~[filemanager.jar:?]
	at com.st.microxplorer.plugins.projectmanager.gui.ProjectSettingsPanel.UpdateDialog(ProjectSettingsPanel.java:245) ~[filemanager.jar:?]
	at com.st.microxplorer.plugins.projectmanager.ProjectManagerView.propertyChange(ProjectManagerView.java:391) ~[filemanager.jar:?]
	at java.beans.PropertyChangeSupport.fire(PropertyChangeSupport.java:343) ~[?:?]
	at java.beans.PropertyChangeSupport.firePropertyChange(PropertyChangeSupport.java:335) ~[?:?]
	at java.beans.PropertyChangeSupport.firePropertyChange(PropertyChangeSupport.java:268) ~[?:?]
	at com.st.microxplorer.util.MXPropertyChangeSupport.firePropertyChange(MXPropertyChangeSupport.java:54) ~[STM32CubeMX.jar:?]
	at com.st.microxplorer.mxsystem.MxSystem.closeConfig(MxSystem.java:900) ~[STM32CubeMX.jar:?]
	at com.st.microxplorer.maingui.MainPanel.closeConfig(MainPanel.java:776) ~[STM32CubeMX.jar:?]
	at com.st.microxplorer.plugins.filemanager.engine.OpenFileManager.loadConfigurationFile(OpenFileManager.java:245) ~[filemanager.jar:?]
	at com.st.microxplorer.plugins.filemanager.engine.MainFileManager.userLoadConfig(MainFileManager.java:315) ~[filemanager.jar:?]
	at com.st.microxplorer.plugins.filemanager.engine.MainFileManager.userLoadConfig(MainFileManager.java:293) ~[filemanager.jar:?]
	at com.st.microxplorer.plugins.filemanager.FileManagerView.getSpecificTask(FileManagerView.java:247) ~[filemanager.jar:?]
	at com.st.stm32cube.common.mx.editor.CubeMxEditor.getMxTabbedPaneInstance(CubeMxEditor.java:1198) ~[com.st.stm32cube.common.mx_6.11.1.202404110753/:?]
	at com.st.stm32cube.common.mx.editor.CubeMxEditor$12$1.createSwingComponent(CubeMxEditor.java:1068) ~[com.st.stm32cube.common.mx_6.11.1.202404110753/:?]
	at com.st.stm32cube.common.mx.oss.core.awtswtbridge.EmbeddedSwingComposite.doComponentCreation(EmbeddedSwingComposite.java:492) ~[com.st.stm32cube.common.mx.oss_6.11.1.202404110753/:?]
	at com.st.stm32cube.common.mx.oss.core.awtswtbridge.EmbeddedSwingComposite$4.run(EmbeddedSwingComposite.java:291) ~[com.st.stm32cube.common.mx.oss_6.11.1.202404110753/:?]
	at com.st.stm32cube.common.mx.oss.core.awtswtbridge.AwtEnvironment$2.run(AwtEnvironment.java:166) ~[com.st.stm32cube.common.mx.oss_6.11.1.202404110753/:?]
	at java.awt.event.InvocationEvent.dispatch(InvocationEvent.java:318) ~[?:?]
	at java.awt.EventQueue.dispatchEventImpl(EventQueue.java:773) ~[?:?]
	at java.awt.EventQueue$4.run(EventQueue.java:720) ~[?:?]
	at java.awt.EventQueue$4.run(EventQueue.java:714) ~[?:?]
	at java.security.AccessController.doPrivileged(AccessController.java:399) ~[?:?]
	at java.security.ProtectionDomain$JavaSecurityAccessImpl.doIntersectionPrivilege(ProtectionDomain.java:86) ~[?:?]
	at java.awt.EventQueue.dispatchEvent(EventQueue.java:742) ~[?:?]
	at java.awt.EventDispatchThread.pumpOneEventForFilters(EventDispatchThread.java:203) ~[?:?]
	at java.awt.EventDispatchThread.pumpEventsForFilter(EventDispatchThread.java:124) ~[?:?]
	at java.awt.EventDispatchThread.pumpEventsForHierarchy(EventDispatchThread.java:113) ~[?:?]
	at java.awt.EventDispatchThread.pumpEvents(EventDispatchThread.java:109) ~[?:?]
	at java.awt.EventDispatchThread.pumpEvents(EventDispatchThread.java:101) ~[?:?]
	at java.awt.EventDispatchThread.run(EventDispatchThread.java:90) ~[?:?]
2024-05-05 17:28:53,905 [WARN] ThirdParty:871 - waiting for thirdparty lock release [close project]
2024-05-05 17:28:53,905 [INFO] ThirdParty:873 - entering critical section [close project]
2024-05-05 17:28:53,905 [INFO] ThirdParty:883 - exiting critical section [close project]
2024-05-05 17:28:53,907 [INFO] PinOutPanel:1561 - setPackage(No Configuration,No Configuration)
2024-05-05 17:28:53,909 [INFO] UtilMem:75 - Begin LoadConfig() Used Memory: 497422920 Bytes (1073741824)
2024-05-05 17:28:53,911 [INFO] MicroXplorer:468 - Change Database Path : C:/Users/saksh/.stm32cubemx/databases/DB.6.0.100/db/
2024-05-05 17:28:53,912 [INFO] MicroXplorer:498 - Change Database Version : DB.6.0.100
2024-05-05 17:28:55,275 [INFO] OpenFileManager:312 - Change cursor
2024-05-05 17:28:55,284 [INFO] RulesReader:64 - Compatibility file has been processed (297 Rules)
2024-05-05 17:28:55,287 [INFO] Mcu:2021 - Initializing MCU STM32H7A3Z(G-I)TxQ STM32H7A3ZITxQ STM32H7A3ZIT6Q
2024-05-05 17:28:56,570 [INFO] Context:663 - Trying to add GPIOservice into a context  which must be forbidden
2024-05-05 17:28:57,032 [INFO] RtosManager:555 - Registered RTOS mode: class=CMSIS, group=RTOS, mode=CMSIS_V1, owner=FREERTOS
2024-05-05 17:28:57,032 [INFO] RtosManager:555 - Registered RTOS mode: class=CMSIS, group=RTOS2, mode=CMSIS_V2, owner=FREERTOS
2024-05-05 17:28:57,032 [INFO] RtosManager:555 - Registered RTOS mode: class=RTOS, group=Core, mode=CMSIS_V1, owner=FREERTOS
2024-05-05 17:28:57,032 [INFO] RtosManager:555 - Registered RTOS mode: class=RTOS, group=Core, mode=CMSIS_V2, owner=FREERTOS
2024-05-05 17:28:57,032 [WARN] ModelIntegratedComponent:184 - Missing modes for component STMicroelectronics:FreeRTOS:0.0.1:STMicroelectronics:RTOS:FreeRTOS:Core:::10.2.0:
2024-05-05 17:28:57,035 [WARN] ModelIntegratedComponent:63 - No mode defined for component null
2024-05-05 17:28:57,035 [WARN] ModelIntegratedComponent:63 - No mode defined for component null
2024-05-05 17:28:57,035 [WARN] ModelIntegratedComponent:63 - No mode defined for component null
2024-05-05 17:28:57,035 [WARN] ModelIntegratedComponent:63 - No mode defined for component null
2024-05-05 17:28:57,035 [WARN] ModelIntegratedComponent:63 - No mode defined for component null
2024-05-05 17:28:57,035 [WARN] ModelIntegratedComponent:63 - No mode defined for component null
2024-05-05 17:28:57,035 [WARN] ModelIntegratedComponent:63 - No mode defined for component null
2024-05-05 17:28:57,035 [WARN] ModelIntegratedComponent:63 - No mode defined for component null
2024-05-05 17:28:57,035 [WARN] ModelIntegratedComponent:63 - No mode defined for component null
2024-05-05 17:28:57,035 [WARN] ModelIntegratedComponent:63 - No mode defined for component null
2024-05-05 17:28:57,035 [WARN] ModelIntegratedComponent:63 - No mode defined for component null
2024-05-05 17:28:57,035 [WARN] ModelIntegratedComponent:63 - No mode defined for component null
2024-05-05 17:28:57,035 [WARN] ModelIntegratedComponent:63 - No mode defined for component null
2024-05-05 17:28:57,035 [WARN] ModelIntegratedComponent:63 - No mode defined for component null
2024-05-05 17:28:57,035 [WARN] ModelIntegratedComponent:63 - No mode defined for component null
2024-05-05 17:28:57,035 [WARN] ModelIntegratedComponent:63 - No mode defined for component null
2024-05-05 17:28:57,035 [WARN] ModelIntegratedComponent:63 - No mode defined for component null
2024-05-05 17:28:57,035 [WARN] ModelIntegratedComponent:63 - No mode defined for component null
2024-05-05 17:28:57,035 [WARN] ModelIntegratedComponent:63 - No mode defined for component null
2024-05-05 17:28:57,035 [WARN] ModelIntegratedComponent:63 - No mode defined for component null
2024-05-05 17:28:57,035 [WARN] ModelIntegratedComponent:63 - No mode defined for component null
2024-05-05 17:28:57,035 [WARN] ModelIntegratedComponent:63 - No mode defined for component null
2024-05-05 17:28:57,035 [WARN] ModelIntegratedComponent:63 - No mode defined for component null
2024-05-05 17:28:57,035 [WARN] ModelIntegratedComponent:63 - No mode defined for component null
2024-05-05 17:28:57,035 [WARN] ModelIntegratedComponent:63 - No mode defined for component null
2024-05-05 17:28:57,035 [WARN] ModelIntegratedComponent:63 - No mode defined for component null
2024-05-05 17:28:57,036 [WARN] ModelIntegratedComponent:63 - No mode defined for component null
2024-05-05 17:28:57,036 [WARN] ModelIntegratedComponent:63 - No mode defined for component null
2024-05-05 17:28:57,036 [WARN] ModelIntegratedComponent:63 - No mode defined for component null
2024-05-05 17:28:57,036 [WARN] ModelIntegratedComponent:63 - No mode defined for component null
2024-05-05 17:28:57,036 [WARN] ModelIntegratedComponent:63 - No mode defined for component null
2024-05-05 17:28:57,036 [WARN] ModelIntegratedComponent:63 - No mode defined for component null
2024-05-05 17:28:57,036 [WARN] ModelIntegratedComponent:63 - No mode defined for component null
2024-05-05 17:28:57,036 [WARN] ModelIntegratedComponent:63 - No mode defined for component null
2024-05-05 17:28:57,072 [WARN] ModelIntegratedComponent:182 - Modes not found for component STMicroelectronics:USB_DEVICE:1.0.0:STMicroelectronics:USB::USB Device:Audio FS::1.0:USB_DEVICE_1_0_RESTRICTED_FS
2024-05-05 17:28:57,072 [WARN] ModelIntegratedComponent:188 - Modes not found for component STMicroelectronics:USB_DEVICE:1.0.0:STMicroelectronics:USB::USB Device:Audio FS::1.0:USB_DEVICE_1_0_RESTRICTED_FS
2024-05-05 17:28:57,072 [WARN] ModelIntegratedComponent:182 - Modes not found for component STMicroelectronics:USB_DEVICE:1.0.0:STMicroelectronics:USB::USB Device:CDC FS::1.0:USB_DEVICE_1_0_RESTRICTED_FS
2024-05-05 17:28:57,072 [WARN] ModelIntegratedComponent:188 - Modes not found for component STMicroelectronics:USB_DEVICE:1.0.0:STMicroelectronics:USB::USB Device:CDC FS::1.0:USB_DEVICE_1_0_RESTRICTED_FS
2024-05-05 17:28:57,072 [WARN] ModelIntegratedComponent:182 - Modes not found for component STMicroelectronics:USB_DEVICE:1.0.0:STMicroelectronics:USB::USB Device:DFU FS::1.0:USB_DEVICE_1_0_RESTRICTED_FS
2024-05-05 17:28:57,072 [WARN] ModelIntegratedComponent:188 - Modes not found for component STMicroelectronics:USB_DEVICE:1.0.0:STMicroelectronics:USB::USB Device:DFU FS::1.0:USB_DEVICE_1_0_RESTRICTED_FS
2024-05-05 17:28:57,072 [WARN] ModelIntegratedComponent:182 - Modes not found for component STMicroelectronics:USB_DEVICE:1.0.0:STMicroelectronics:USB::USB Device:HID FS::1.0:USB_DEVICE_1_0_RESTRICTED_FS
2024-05-05 17:28:57,072 [WARN] ModelIntegratedComponent:188 - Modes not found for component STMicroelectronics:USB_DEVICE:1.0.0:STMicroelectronics:USB::USB Device:HID FS::1.0:USB_DEVICE_1_0_RESTRICTED_FS
2024-05-05 17:28:57,072 [WARN] ModelIntegratedComponent:182 - Modes not found for component STMicroelectronics:USB_DEVICE:1.0.0:STMicroelectronics:USB::USB Device:Custom HID FS::1.0:USB_DEVICE_1_0_RESTRICTED_FS
2024-05-05 17:28:57,072 [WARN] ModelIntegratedComponent:188 - Modes not found for component STMicroelectronics:USB_DEVICE:1.0.0:STMicroelectronics:USB::USB Device:Custom HID FS::1.0:USB_DEVICE_1_0_RESTRICTED_FS
2024-05-05 17:28:57,072 [WARN] ModelIntegratedComponent:182 - Modes not found for component STMicroelectronics:USB_DEVICE:1.0.0:STMicroelectronics:USB::USB Device:MSC FS::1.0:USB_DEVICE_1_0_RESTRICTED_FS
2024-05-05 17:28:57,072 [WARN] ModelIntegratedComponent:188 - Modes not found for component STMicroelectronics:USB_DEVICE:1.0.0:STMicroelectronics:USB::USB Device:MSC FS::1.0:USB_DEVICE_1_0_RESTRICTED_FS
2024-05-05 17:28:57,110 [WARN] ModelIntegratedComponent:182 - Modes not found for component STMicroelectronics:USB_HOST:1.0.0:STMicroelectronics:USB::USB Host:Audio FS::1.0:USB_HOST_1_0_RESTRICTED_FS
2024-05-05 17:28:57,110 [WARN] ModelIntegratedComponent:188 - Modes not found for component STMicroelectronics:USB_HOST:1.0.0:STMicroelectronics:USB::USB Host:Audio FS::1.0:USB_HOST_1_0_RESTRICTED_FS
2024-05-05 17:28:57,110 [WARN] ModelIntegratedComponent:182 - Modes not found for component STMicroelectronics:USB_HOST:1.0.0:STMicroelectronics:USB::USB Host:CDC FS::1.0:USB_HOST_1_0_RESTRICTED_FS
2024-05-05 17:28:57,110 [WARN] ModelIntegratedComponent:188 - Modes not found for component STMicroelectronics:USB_HOST:1.0.0:STMicroelectronics:USB::USB Host:CDC FS::1.0:USB_HOST_1_0_RESTRICTED_FS
2024-05-05 17:28:57,110 [WARN] ModelIntegratedComponent:182 - Modes not found for component STMicroelectronics:USB_HOST:1.0.0:STMicroelectronics:USB::USB Host:MSC FS::1.0:USB_HOST_1_0_RESTRICTED_FS
2024-05-05 17:28:57,110 [WARN] ModelIntegratedComponent:188 - Modes not found for component STMicroelectronics:USB_HOST:1.0.0:STMicroelectronics:USB::USB Host:MSC FS::1.0:USB_HOST_1_0_RESTRICTED_FS
2024-05-05 17:28:57,110 [WARN] ModelIntegratedComponent:182 - Modes not found for component STMicroelectronics:USB_HOST:1.0.0:STMicroelectronics:USB::USB Host:HID FS::1.0:USB_HOST_1_0_RESTRICTED_FS
2024-05-05 17:28:57,110 [WARN] ModelIntegratedComponent:188 - Modes not found for component STMicroelectronics:USB_HOST:1.0.0:STMicroelectronics:USB::USB Host:HID FS::1.0:USB_HOST_1_0_RESTRICTED_FS
2024-05-05 17:28:57,110 [WARN] ModelIntegratedComponent:182 - Modes not found for component STMicroelectronics:USB_HOST:1.0.0:STMicroelectronics:USB::USB Host:MTP FS::1.0:USB_HOST_1_0_RESTRICTED_FS
2024-05-05 17:28:57,110 [WARN] ModelIntegratedComponent:188 - Modes not found for component STMicroelectronics:USB_HOST:1.0.0:STMicroelectronics:USB::USB Host:MTP FS::1.0:USB_HOST_1_0_RESTRICTED_FS
2024-05-05 17:28:57,197 [INFO] ThirdPartyModel:298 - Start build external matchings
2024-05-05 17:28:58,423 [INFO] ThirdPartyModel:316 - End build external matchings
2024-05-05 17:28:58,453 [INFO] ImportTextPane:194 - (OptionalMessage_ERROR) IP (RCC) : Invalid parameter (FamilyName)
2024-05-05 17:28:58,453 [INFO] ImportTextPane:194 - (OptionalMessage_ERROR) IP (RCC) : Parameter (LTDCFreq_Value) has invalid value (768000000)
2024-05-05 17:28:58,453 [INFO] ImportTextPane:194 - (OptionalMessage_ERROR) IP (RCC) : Parameter (TraceFreq_Value) has invalid value (64000000)
2024-05-05 17:28:58,725 [INFO] UtilMem:75 - End LoadConfig() Used Memory: 534176168 Bytes (1073741824)
2024-05-05 17:28:58,805 [WARN] ThirdParty:833 - waiting for thirdparty lock release [change project]
2024-05-05 17:28:58,805 [INFO] ThirdParty:835 - entering critical section [change project]
2024-05-05 17:28:58,805 [INFO] ThirdParty:1030 - CMSIS Pack Vendor :STMicroelectronics USBPD 4.1
2024-05-05 17:28:58,805 [INFO] ThirdParty:1030 - CMSIS Pack Vendor :STMicroelectronics X-CUBE-GNSS1 6.0.0
2024-05-05 17:28:58,805 [INFO] ThirdParty:1030 - CMSIS Pack Vendor :STMicroelectronics USB_HOST 2.0.0
2024-05-05 17:28:58,805 [INFO] ThirdParty:1030 - CMSIS Pack Vendor :STMicroelectronics FP-SNS-MOTENVWB1 1.4.0
2024-05-05 17:28:58,805 [INFO] ThirdParty:1030 - CMSIS Pack Vendor :STMicroelectronics X-CUBE-AZRTOS-F4 1.1.0
2024-05-05 17:28:58,805 [INFO] ThirdParty:1030 - CMSIS Pack Vendor :STMicroelectronics LIBJPEG 8.0.0
2024-05-05 17:28:58,805 [INFO] ThirdParty:1030 - CMSIS Pack Vendor :STMicroelectronics X-CUBE-SMBUS 2.1.0
2024-05-05 17:28:58,805 [INFO] ThirdParty:1030 - CMSIS Pack Vendor :STMicroelectronics X-CUBE-FREERTOS 1.2.0
2024-05-05 17:28:58,805 [INFO] ThirdParty:1030 - CMSIS Pack Vendor :STMicroelectronics X-CUBE-TOUCHGFX 4.23.1
2024-05-05 17:28:58,805 [INFO] ThirdParty:1030 - CMSIS Pack Vendor :STMicroelectronics X-CUBE-TOUCHGFX 4.23.0
2024-05-05 17:28:58,805 [INFO] ThirdParty:1030 - CMSIS Pack Vendor :STMicroelectronics X-CUBE-BLEMGR 1.2.0
2024-05-05 17:28:58,805 [INFO] ThirdParty:1030 - CMSIS Pack Vendor :STMicroelectronics X-CUBE-TOUCHGFX 4.23.2
2024-05-05 17:28:58,805 [INFO] ThirdParty:1030 - CMSIS Pack Vendor :STMicroelectronics X-CUBE-AZRTOS-F7 1.1.0
2024-05-05 17:28:58,805 [INFO] ThirdParty:1030 - CMSIS Pack Vendor :STMicroelectronics X-CUBE-AZRTOS-L5 2.0.0
2024-05-05 17:28:58,805 [INFO] ThirdParty:1030 - CMSIS Pack Vendor :STMicroelectronics USB_DEVICE 2.0.0
2024-05-05 17:28:58,805 [INFO] ThirdParty:1030 - CMSIS Pack Vendor :STMicroelectronics X-CUBE-MEMS1 9.6.0
2024-05-05 17:28:58,805 [INFO] ThirdParty:1030 - CMSIS Pack Vendor :STMicroelectronics X-CUBE-EEPRMA1 4.2.0
2024-05-05 17:28:58,805 [INFO] ThirdParty:1030 - CMSIS Pack Vendor :STMicroelectronics X-CUBE-NFC6 3.1.0
2024-05-05 17:28:58,805 [INFO] ThirdParty:1030 - CMSIS Pack Vendor :ITTIA_DB I-CUBE-ITTIADB 8.8.0
2024-05-05 17:28:58,805 [INFO] ThirdParty:1030 - CMSIS Pack Vendor :STMicroelectronics FP-SNS-MOTENV1 4.3.0
2024-05-05 17:28:58,805 [INFO] ThirdParty:1030 - CMSIS Pack Vendor :STMicroelectronics FP-SNS-MOTENV1 4.3.2
2024-05-05 17:28:58,805 [INFO] ThirdParty:1030 - CMSIS Pack Vendor :STMicroelectronics FP-SNS-FLIGHT1 5.0.0
2024-05-05 17:28:58,805 [INFO] ThirdParty:1030 - CMSIS Pack Vendor :STMicroelectronics FP-SNS-MOTENV1 4.3.1
2024-05-05 17:28:58,805 [INFO] ThirdParty:1030 - CMSIS Pack Vendor :STMicroelectronics FP-SNS-FLIGHT1 5.0.1
2024-05-05 17:28:58,805 [INFO] ThirdParty:1030 - CMSIS Pack Vendor :STMicroelectronics X-CUBE-BLE1 6.2.3
2024-05-05 17:28:58,805 [INFO] ThirdParty:1030 - CMSIS Pack Vendor :STMicroelectronics X-CUBE-BLE1 6.2.4
2024-05-05 17:28:58,805 [INFO] ThirdParty:1030 - CMSIS Pack Vendor :STMicroelectronics FreeRTOS 0.0.1
2024-05-05 17:28:58,805 [INFO] ThirdParty:1030 - CMSIS Pack Vendor :STMicroelectronics X-CUBE-BLEMGR 2.0.0
2024-05-05 17:28:58,805 [INFO] ThirdParty:1030 - CMSIS Pack Vendor :STMicroelectronics FP-SNS-FLIGHT1 5.0.2
2024-05-05 17:28:58,805 [INFO] ThirdParty:1030 - CMSIS Pack Vendor :STMicroelectronics X-CUBE-NFC4 2.0.4
2024-05-05 17:28:58,805 [INFO] ThirdParty:1030 - CMSIS Pack Vendor :STMicroelectronics X-CUBE-AI 9.0.0
2024-05-05 17:28:58,805 [INFO] ThirdParty:1030 - CMSIS Pack Vendor :STMicroelectronics X-CUBE-AZRTOS-H7 3.1.0
2024-05-05 17:28:58,805 [INFO] ThirdParty:1030 - CMSIS Pack Vendor :STMicroelectronics PDM2PCM 3.3.0
2024-05-05 17:28:58,805 [INFO] ThirdParty:1030 - CMSIS Pack Vendor :STMicroelectronics X-CUBE-TOF1 3.1.0
2024-05-05 17:28:58,805 [INFO] ThirdParty:1030 - CMSIS Pack Vendor :STMicroelectronics X-CUBE-DISPLAY 3.0.0
2024-05-05 17:28:58,805 [INFO] ThirdParty:1030 - CMSIS Pack Vendor :STMicroelectronics X-CUBE-BLE1 7.0.0
2024-05-05 17:28:58,805 [INFO] ThirdParty:1030 - CMSIS Pack Vendor :wolfSSL I-CUBE-wolfSSL 5.5.0
2024-05-05 17:28:58,805 [INFO] ThirdParty:1030 - CMSIS Pack Vendor :STMicroelectronics HAL Drivers 0.0.0
2024-05-05 17:28:58,805 [INFO] ThirdParty:1030 - CMSIS Pack Vendor :STMicroelectronics X-CUBE-TOUCHGFX 4.22.0
2024-05-05 17:28:58,805 [INFO] ThirdParty:1030 - CMSIS Pack Vendor :STMicroelectronics X-CUBE-NFC7 1.0.1
2024-05-05 17:28:58,805 [INFO] ThirdParty:1030 - CMSIS Pack Vendor :STMicroelectronics MBEDTLS 2.14.1
2024-05-05 17:28:58,805 [INFO] ThirdParty:1030 - CMSIS Pack Vendor :STMicroelectronics X-CUBE-NFC7 1.0.0
2024-05-05 17:28:58,805 [INFO] ThirdParty:1030 - CMSIS Pack Vendor :STMicroelectronics X-CUBE-NFC6 3.0.0
2024-05-05 17:28:58,805 [INFO] ThirdParty:1030 - CMSIS Pack Vendor :STMicroelectronics X-CUBE-MEMS1 9.3.0
2024-05-05 17:28:58,805 [INFO] ThirdParty:1030 - CMSIS Pack Vendor :STMicroelectronics X-CUBE-EEPRMA1 4.1.0
2024-05-05 17:28:58,805 [INFO] ThirdParty:1030 - CMSIS Pack Vendor :STMicroelectronics X-CUBE-AI 7.2.0
2024-05-05 17:28:58,805 [INFO] ThirdParty:1030 - CMSIS Pack Vendor :STMicroelectronics X-CUBE-BLEMGR 3.1.0
2024-05-05 17:28:58,805 [INFO] ThirdParty:1030 - CMSIS Pack Vendor :STMicroelectronics FP-SNS-SMARTAG2 1.2.0
2024-05-05 17:28:58,805 [INFO] ThirdParty:1030 - CMSIS Pack Vendor :STMicroelectronics X-CUBE-AZRTOS-WL 2.0.0
2024-05-05 17:28:58,805 [INFO] ThirdParty:1030 - CMSIS Pack Vendor :STMicroelectronics FP-SNS-MOTENV1 5.0.0
2024-05-05 17:28:58,805 [INFO] ThirdParty:1030 - CMSIS Pack Vendor :STMicroelectronics USB_DEVICE 1.0.0
2024-05-05 17:28:58,805 [INFO] ThirdParty:1030 - CMSIS Pack Vendor :STMicroelectronics X-CUBE-AI 8.1.0
2024-05-05 17:28:58,805 [INFO] ThirdParty:1030 - CMSIS Pack Vendor :STMicroelectronics X-CUBE-AZRTOS-L4 2.0.0
2024-05-05 17:28:58,805 [INFO] ThirdParty:1030 - CMSIS Pack Vendor :STMicroelectronics ThreadX 0.0.2
2024-05-05 17:28:58,805 [INFO] ThirdParty:1030 - CMSIS Pack Vendor :WES I-CUBE-Cesium 1.3.0
2024-05-05 17:28:58,805 [INFO] ThirdParty:1030 - CMSIS Pack Vendor :STMicroelectronics lwIP 2.1.2
2024-05-05 17:28:58,805 [INFO] ThirdParty:1030 - CMSIS Pack Vendor :STMicroelectronics X-CUBE-SFXS2LP1 4.0.0
2024-05-05 17:28:58,805 [INFO] ThirdParty:1030 - CMSIS Pack Vendor :STMicroelectronics X-CUBE-BLE2 3.3.0
2024-05-05 17:28:58,805 [INFO] ThirdParty:1030 - CMSIS Pack Vendor :STMicroelectronics X-CUBE-DISPLAY 2.2.0
2024-05-05 17:28:58,805 [INFO] ThirdParty:1030 - CMSIS Pack Vendor :STMicroelectronics X-CUBE-TOF1 3.2.0
2024-05-05 17:28:58,805 [INFO] ThirdParty:1030 - CMSIS Pack Vendor :STMicroelectronics PDM2PCM 3.2.0
2024-05-05 17:28:58,805 [INFO] ThirdParty:1030 - CMSIS Pack Vendor :STMicroelectronics X-CUBE-AZRTOS-H7 3.0.0
2024-05-05 17:28:58,805 [INFO] ThirdParty:1030 - CMSIS Pack Vendor :STMicroelectronics X-CUBE-ISPU 1.0.0
2024-05-05 17:28:58,805 [INFO] ThirdParty:1030 - CMSIS Pack Vendor :STMicroelectronics X-CUBE-ISPU 1.1.0
2024-05-05 17:28:58,805 [INFO] ThirdParty:1030 - CMSIS Pack Vendor :RoweBots I-CUBE-UNISONRTOS 5.5.0-4
2024-05-05 17:28:58,805 [INFO] ThirdParty:1030 - CMSIS Pack Vendor :STMicroelectronics X-CUBE-AZRTOS-H7 2.1.0
2024-05-05 17:28:58,805 [INFO] ThirdParty:1030 - CMSIS Pack Vendor :STMicroelectronics USB_DEVICE 3.0.0
2024-05-05 17:28:58,805 [INFO] ThirdParty:1030 - CMSIS Pack Vendor :STMicroelectronics X-CUBE-TCPP 4.1.0
2024-05-05 17:28:58,805 [INFO] ThirdParty:1030 - CMSIS Pack Vendor :STMicroelectronics X-CUBE-AI 8.0.0
2024-05-05 17:28:58,805 [INFO] ThirdParty:1030 - CMSIS Pack Vendor :STMicroelectronics X-CUBE-AZRTOS-WB 2.0.0
2024-05-05 17:28:58,805 [INFO] ThirdParty:1030 - CMSIS Pack Vendor :STMicroelectronics X-CUBE-FREERTOS 1.0.0
2024-05-05 17:28:58,805 [INFO] ThirdParty:1030 - CMSIS Pack Vendor :STMicroelectronics X-CUBE-FREERTOS 1.0.1
2024-05-05 17:28:58,805 [INFO] ThirdParty:1030 - CMSIS Pack Vendor :STMicroelectronics X-CUBE-TOUCHGFX 4.21.1
2024-05-05 17:28:58,805 [INFO] ThirdParty:1030 - CMSIS Pack Vendor :STMicroelectronics X-CUBE-TOUCHGFX 4.21.3
2024-05-05 17:28:58,805 [INFO] ThirdParty:1030 - CMSIS Pack Vendor :STMicroelectronics X-CUBE-BLEMGR 1.0.0
2024-05-05 17:28:58,805 [INFO] ThirdParty:1030 - CMSIS Pack Vendor :STMicroelectronics X-CUBE-TOUCHGFX 4.21.4
2024-05-05 17:28:58,805 [INFO] ThirdParty:1030 - CMSIS Pack Vendor :STMicroelectronics X-CUBE-MEMS1 9.4.0
2024-05-05 17:28:58,805 [INFO] ThirdParty:1030 - CMSIS Pack Vendor :STMicroelectronics X-CUBE-AI 7.3.0
2024-05-05 17:28:58,805 [INFO] ThirdParty:1030 - CMSIS Pack Vendor :STMicroelectronics X-CUBE-ALGOBUILD 1.3.0
2024-05-05 17:28:58,805 [INFO] ThirdParty:1030 - CMSIS Pack Vendor :STMicroelectronics X-CUBE-AZRTOS-L5 1.1.0
2024-05-05 17:28:58,805 [INFO] ThirdParty:1030 - CMSIS Pack Vendor :STMicroelectronics X-CUBE-AZRTOS-G0 1.1.0
2024-05-05 17:28:58,805 [INFO] ThirdParty:1030 - CMSIS Pack Vendor :STMicroelectronics X-CUBE-AI 8.0.1
2024-05-05 17:28:58,805 [INFO] ThirdParty:1030 - CMSIS Pack Vendor :STMicroelectronics X-CUBE-SAFEA1 1.2.2
2024-05-05 17:28:58,805 [INFO] ThirdParty:1030 - CMSIS Pack Vendor :STMicroelectronics X-CUBE-NFC4 3.0.0
2024-05-05 17:28:58,805 [INFO] ThirdParty:1030 - CMSIS Pack Vendor :SEGGER I-CUBE-embOS 1.2.0
2024-05-05 17:28:58,805 [INFO] ThirdParty:1030 - CMSIS Pack Vendor :STMicroelectronics X-CUBE-SUBG2 5.0.0
2024-05-05 17:28:58,806 [INFO] ThirdParty:1030 - CMSIS Pack Vendor :STMicroelectronics STM32_WPAN 1.0.0
2024-05-05 17:28:58,806 [INFO] ThirdParty:1030 - CMSIS Pack Vendor :STMicroelectronics lwIP 2.0.3
2024-05-05 17:28:58,806 [INFO] ThirdParty:1030 - CMSIS Pack Vendor :STMicroelectronics USB_HOST 1.0.0
2024-05-05 17:28:58,806 [INFO] ThirdParty:1030 - CMSIS Pack Vendor :STMicroelectronics X-CUBE-TOF1 3.3.1
2024-05-05 17:28:58,806 [INFO] ThirdParty:1030 - CMSIS Pack Vendor :STMicroelectronics X-CUBE-AZRTOS-G4 2.0.0
2024-05-05 17:28:58,806 [INFO] ThirdParty:1030 - CMSIS Pack Vendor :STMicroelectronics PDM2PCM 3.1.0
2024-05-05 17:28:58,806 [INFO] ThirdParty:1030 - CMSIS Pack Vendor :STMicroelectronics X-CUBE-TOF1 3.3.0
2024-05-05 17:28:58,806 [INFO] ThirdParty:1030 - CMSIS Pack Vendor :STMicroelectronics FP-ATR-ASTRA1 1.1.1
2024-05-05 17:28:58,806 [INFO] ThirdParty:1030 - CMSIS Pack Vendor :Infineon AIROC-Wi-Fi-Bluetooth-STM32 1.5.1
2024-05-05 17:28:58,806 [INFO] ThirdParty:1030 - CMSIS Pack Vendor :STMicroelectronics X-CUBE-BLEMGR 3.0.0
2024-05-05 17:28:58,806 [INFO] ThirdParty:1030 - CMSIS Pack Vendor :STMicroelectronics X-CUBE-BLEMGR 1.3.0
2024-05-05 17:28:58,806 [INFO] ThirdParty:1030 - CMSIS Pack Vendor :STMicroelectronics FP-SNS-MOTENVWB1 1.3.1
2024-05-05 17:28:58,806 [INFO] ThirdParty:1030 - CMSIS Pack Vendor :STMicroelectronics FP-ATR-SIGFOX1 3.2.0
2024-05-05 17:28:58,806 [INFO] ThirdParty:1030 - CMSIS Pack Vendor :STMicroelectronics X-CUBE-AZRTOS-G4 1.0.0
2024-05-05 17:28:58,806 [INFO] ThirdParty:1030 - CMSIS Pack Vendor :STMicroelectronics X-CUBE-AZRTOS-L4 1.0.0
2024-05-05 17:28:58,806 [INFO] ThirdParty:1030 - CMSIS Pack Vendor :STMicroelectronics X-CUBE-ISPU 2.0.0
2024-05-05 17:28:58,806 [INFO] ThirdParty:1030 - CMSIS Pack Vendor :STMicroelectronics X-CUBE-EEPRMA1 5.1.0
2024-05-05 17:28:58,806 [INFO] ThirdParty:1030 - CMSIS Pack Vendor :STMicroelectronics MBEDTLS 2.16.2
2024-05-05 17:28:58,806 [INFO] ThirdParty:1030 - CMSIS Pack Vendor :emotas I-CUBE-CANOPEN 1.1.2
2024-05-05 17:28:58,806 [INFO] ThirdParty:1030 - CMSIS Pack Vendor :STMicroelectronics X-CUBE-TOUCHGFX 4.20.0
2024-05-05 17:28:58,806 [INFO] ThirdParty:1030 - CMSIS Pack Vendor :STMicroelectronics X-CUBE-MEMS1 10.0.0
2024-05-05 17:28:58,806 [INFO] ThirdParty:1030 - CMSIS Pack Vendor :STMicroelectronics X-CUBE-FREERTOS 1.1.0
2024-05-05 17:28:58,806 [INFO] ThirdParty:1030 - CMSIS Pack Vendor :STMicroelectronics X-CUBE-AZRTOS-WL 1.0.0
2024-05-05 17:28:58,806 [INFO] ThirdParty:1030 - CMSIS Pack Vendor :portGmbH I-Cube-SoM-uGOAL 1.1.0
2024-05-05 17:28:58,806 [INFO] ThirdParty:1030 - CMSIS Pack Vendor :STMicroelectronics X-CUBE-ALS 1.0.1
2024-05-05 17:28:58,806 [INFO] ThirdParty:1030 - CMSIS Pack Vendor :STMicroelectronics X-CUBE-MEMS1 9.5.0
2024-05-05 17:28:58,806 [INFO] ThirdParty:1030 - CMSIS Pack Vendor :STMicroelectronics ThreadX 1.0.0
2024-05-05 17:28:58,806 [INFO] ThirdParty:1030 - CMSIS Pack Vendor :STMicroelectronics X-CUBE-AZRTOS-WB 1.1.0
2024-05-05 17:28:58,806 [INFO] ThirdParty:1030 - CMSIS Pack Vendor :SEGGER I-CUBE-embOS 1.3.1
2024-05-05 17:28:58,806 [INFO] ThirdParty:1030 - CMSIS Pack Vendor :STMicroelectronics X-CUBE-AZRTOS-L5 1.0.0
2024-05-05 17:28:58,806 [INFO] ThirdParty:1030 - CMSIS Pack Vendor :STMicroelectronics X-CUBE-EEPRMA1 3.1.1
2024-05-05 17:28:58,806 [INFO] ThirdParty:1030 - CMSIS Pack Vendor :STMicroelectronics X-CUBE-AZRTOS-H7RS 1.0.0
2024-05-05 17:28:58,806 [INFO] ThirdParty:1030 - CMSIS Pack Vendor :STMicroelectronics FP-ATR-ASTRA1 2.0.0
2024-05-05 17:28:58,806 [INFO] ThirdParty:1030 - CMSIS Pack Vendor :STMicroelectronics X-CUBE-TOF1 3.4.0
2024-05-05 17:28:58,806 [INFO] ThirdParty:1030 - CMSIS Pack Vendor :STMicroelectronics X-CUBE-TOF1 3.4.1
2024-05-05 17:28:58,806 [INFO] ThirdParty:1030 - CMSIS Pack Vendor :STMicroelectronics X-CUBE-AZRTOS-H7 3.2.0
2024-05-05 17:28:58,806 [INFO] ThirdParty:841 - exiting critical section [change project]
2024-05-05 17:28:58,957 [INFO] PinOutPanel:1561 - setPackage(No Configuration,No Configuration)
2024-05-05 17:28:58,958 [INFO] PinOutPanel:1561 - setPackage(STM32H7A3ZITxQ,LQFP144)
2024-05-05 17:28:59,264 [INFO] UtilMem:75 - Before build in PCC Used Memory: 526894280 Bytes (1073741824)
2024-05-05 17:28:59,465 [INFO] UtilMem:75 - After build in PCC Used Memory: 708824280 Bytes (1073741824)
2024-05-05 17:28:59,482 [INFO] IPUIPlugin:80 - create IPUIPlugin
2024-05-05 17:28:59,482 [INFO] IPUIPlugin:80 - create IPUIPlugin
2024-05-05 17:28:59,482 [INFO] IPUIPlugin:80 - create IPUIPlugin
2024-05-05 17:28:59,482 [INFO] IPUIPlugin:80 - create IPUIPlugin
2024-05-05 17:28:59,482 [INFO] IPUIPlugin:80 - create IPUIPlugin
2024-05-05 17:28:59,482 [INFO] IPUIPlugin:80 - create IPUIPlugin
2024-05-05 17:28:59,483 [INFO] IPUIPlugin:80 - create IPUIPlugin
2024-05-05 17:28:59,483 [INFO] IPUIPlugin:80 - create IPUIPlugin
2024-05-05 17:28:59,483 [INFO] IPUIPlugin:80 - create IPUIPlugin
2024-05-05 17:28:59,483 [INFO] IPUIPlugin:80 - create IPUIPlugin
2024-05-05 17:28:59,483 [INFO] IPUIPlugin:80 - create IPUIPlugin
2024-05-05 17:28:59,483 [INFO] IPUIPlugin:80 - create IPUIPlugin
2024-05-05 17:28:59,483 [INFO] IPUIPlugin:80 - create IPUIPlugin
2024-05-05 17:28:59,483 [INFO] IPUIPlugin:80 - create IPUIPlugin
2024-05-05 17:28:59,483 [INFO] IPUIPlugin:80 - create IPUIPlugin
2024-05-05 17:28:59,483 [INFO] IPUIPlugin:80 - create IPUIPlugin
2024-05-05 17:28:59,483 [INFO] IPUIPlugin:80 - create IPUIPlugin
2024-05-05 17:28:59,483 [INFO] IPUIPlugin:80 - create IPUIPlugin
2024-05-05 17:28:59,483 [INFO] IPUIPlugin:80 - create IPUIPlugin
2024-05-05 17:28:59,483 [INFO] IPUIPlugin:80 - create IPUIPlugin
2024-05-05 17:28:59,483 [INFO] IPUIPlugin:80 - create IPUIPlugin
2024-05-05 17:28:59,483 [INFO] IPUIPlugin:80 - create IPUIPlugin
2024-05-05 17:28:59,483 [INFO] IPUIPlugin:80 - create IPUIPlugin
2024-05-05 17:28:59,483 [INFO] IPUIPlugin:80 - create IPUIPlugin
2024-05-05 17:28:59,483 [INFO] IPUIPlugin:80 - create IPUIPlugin
2024-05-05 17:28:59,483 [INFO] IPUIPlugin:80 - create IPUIPlugin
2024-05-05 17:28:59,484 [INFO] IPUIPlugin:80 - create IPUIPlugin
2024-05-05 17:28:59,484 [INFO] IPUIPlugin:80 - create IPUIPlugin
2024-05-05 17:28:59,484 [INFO] IPUIPlugin:80 - create IPUIPlugin
2024-05-05 17:28:59,484 [INFO] IPUIPlugin:80 - create IPUIPlugin
2024-05-05 17:28:59,484 [INFO] IPUIPlugin:80 - create IPUIPlugin
2024-05-05 17:28:59,484 [INFO] IPUIPlugin:80 - create IPUIPlugin
2024-05-05 17:28:59,484 [INFO] IPUIPlugin:80 - create IPUIPlugin
2024-05-05 17:28:59,484 [INFO] IPUIPlugin:80 - create IPUIPlugin
2024-05-05 17:28:59,484 [INFO] IPUIPlugin:80 - create IPUIPlugin
2024-05-05 17:28:59,484 [INFO] IPUIPlugin:80 - create IPUIPlugin
2024-05-05 17:28:59,484 [INFO] IPUIPlugin:80 - create IPUIPlugin
2024-05-05 17:28:59,485 [INFO] IPUIPlugin:80 - create IPUIPlugin
2024-05-05 17:28:59,485 [INFO] IPUIPlugin:80 - create IPUIPlugin
2024-05-05 17:28:59,485 [INFO] IPUIPlugin:80 - create IPUIPlugin
2024-05-05 17:28:59,485 [INFO] IPUIPlugin:80 - create IPUIPlugin
2024-05-05 17:28:59,485 [INFO] IPUIPlugin:80 - create IPUIPlugin
2024-05-05 17:28:59,485 [INFO] IPUIPlugin:80 - create IPUIPlugin
2024-05-05 17:28:59,485 [INFO] IPUIPlugin:80 - create IPUIPlugin
2024-05-05 17:28:59,486 [INFO] IPUIPlugin:80 - create IPUIPlugin
2024-05-05 17:28:59,486 [INFO] IPUIPlugin:80 - create IPUIPlugin
2024-05-05 17:28:59,486 [INFO] IPUIPlugin:80 - create IPUIPlugin
2024-05-05 17:28:59,486 [INFO] IPUIPlugin:80 - create IPUIPlugin
2024-05-05 17:28:59,486 [INFO] IPUIPlugin:80 - create IPUIPlugin
2024-05-05 17:28:59,486 [INFO] IPUIPlugin:80 - create IPUIPlugin
2024-05-05 17:28:59,486 [INFO] IPUIPlugin:80 - create IPUIPlugin
2024-05-05 17:28:59,487 [INFO] IPUIPlugin:80 - create IPUIPlugin
2024-05-05 17:28:59,487 [INFO] IPUIPlugin:80 - create IPUIPlugin
2024-05-05 17:28:59,487 [INFO] IPUIPlugin:80 - create IPUIPlugin
2024-05-05 17:28:59,487 [INFO] IPUIPlugin:80 - create IPUIPlugin
2024-05-05 17:28:59,487 [INFO] IPUIPlugin:80 - create IPUIPlugin
2024-05-05 17:28:59,487 [INFO] IPUIPlugin:80 - create IPUIPlugin
2024-05-05 17:28:59,487 [INFO] IPUIPlugin:80 - create IPUIPlugin
2024-05-05 17:28:59,488 [INFO] IPUIPlugin:80 - create IPUIPlugin
2024-05-05 17:28:59,488 [INFO] IPUIPlugin:80 - create IPUIPlugin
2024-05-05 17:28:59,488 [INFO] IPUIPlugin:80 - create IPUIPlugin
2024-05-05 17:28:59,488 [INFO] IPUIPlugin:80 - create IPUIPlugin
2024-05-05 17:28:59,488 [INFO] IPUIPlugin:80 - create IPUIPlugin
2024-05-05 17:28:59,488 [INFO] IPUIPlugin:80 - create IPUIPlugin
2024-05-05 17:28:59,489 [INFO] IPUIPlugin:80 - create IPUIPlugin
2024-05-05 17:28:59,489 [INFO] IPUIPlugin:80 - create IPUIPlugin
2024-05-05 17:28:59,489 [INFO] IPUIPlugin:80 - create IPUIPlugin
2024-05-05 17:28:59,489 [INFO] IPUIPlugin:80 - create IPUIPlugin
2024-05-05 17:28:59,489 [INFO] IPUIPlugin:80 - create IPUIPlugin
2024-05-05 17:28:59,489 [INFO] IPUIPlugin:80 - create IPUIPlugin
2024-05-05 17:28:59,490 [INFO] IPUIPlugin:80 - create IPUIPlugin
2024-05-05 17:28:59,490 [INFO] IPUIPlugin:80 - create IPUIPlugin
2024-05-05 17:28:59,490 [INFO] IPUIPlugin:80 - create IPUIPlugin
2024-05-05 17:28:59,490 [INFO] IPUIPlugin:80 - create IPUIPlugin
2024-05-05 17:28:59,490 [INFO] IPUIPlugin:80 - create IPUIPlugin
2024-05-05 17:28:59,490 [INFO] IPUIPlugin:80 - create IPUIPlugin
2024-05-05 17:28:59,490 [INFO] IPUIPlugin:80 - create IPUIPlugin
2024-05-05 17:28:59,490 [INFO] IPUIPlugin:80 - create IPUIPlugin
2024-05-05 17:28:59,491 [INFO] IPUIPlugin:80 - create IPUIPlugin
2024-05-05 17:28:59,491 [INFO] IPUIPlugin:80 - create IPUIPlugin
2024-05-05 17:28:59,491 [INFO] IPUIPlugin:80 - create IPUIPlugin
2024-05-05 17:28:59,491 [INFO] IPUIPlugin:80 - create IPUIPlugin
2024-05-05 17:28:59,491 [INFO] IPUIPlugin:80 - create IPUIPlugin
2024-05-05 17:28:59,492 [INFO] IPUIPlugin:80 - create IPUIPlugin
2024-05-05 17:28:59,492 [INFO] IPUIPlugin:80 - create IPUIPlugin
2024-05-05 17:28:59,492 [INFO] IPUIPlugin:80 - create IPUIPlugin
2024-05-05 17:28:59,492 [INFO] IPUIPlugin:80 - create IPUIPlugin
2024-05-05 17:28:59,493 [INFO] IPUIPlugin:80 - create IPUIPlugin
2024-05-05 17:28:59,493 [INFO] IPUIPlugin:80 - create IPUIPlugin
2024-05-05 17:28:59,493 [INFO] IPUIPlugin:80 - create IPUIPlugin
2024-05-05 17:28:59,493 [INFO] IPUIPlugin:80 - create IPUIPlugin
2024-05-05 17:28:59,494 [INFO] IPUIPlugin:80 - create IPUIPlugin
2024-05-05 17:28:59,494 [INFO] IPUIPlugin:80 - create IPUIPlugin
2024-05-05 17:28:59,494 [INFO] IPUIPlugin:80 - create IPUIPlugin
2024-05-05 17:28:59,495 [INFO] IPUIPlugin:80 - create IPUIPlugin
2024-05-05 17:28:59,495 [INFO] IPUIPlugin:80 - create IPUIPlugin
2024-05-05 17:28:59,495 [INFO] IPUIPlugin:80 - create IPUIPlugin
2024-05-05 17:28:59,496 [INFO] IPUIPlugin:80 - create IPUIPlugin
2024-05-05 17:28:59,496 [INFO] IPUIPlugin:80 - create IPUIPlugin
2024-05-05 17:28:59,498 [INFO] ApiDbMcu:508 - Load IP Config File for PDM2PCM
2024-05-05 17:28:59,552 [INFO] CADModel:165 - CPN selected for project levelSTM32H7A3ZIT6Q
2024-05-05 17:28:59,552 [INFO] CADModel:114 - Register for checkConnection events
2024-05-05 17:28:59,601 [INFO] OpenFileManager:343 - Restore cursor
2024-05-05 17:29:44,536 [INFO] NvicIntPanel:101 - NVIC parent = com.st.microxplorer.plugins.ip.nvic.MultiNvicIntPanel[,0,0,0x0,invalid,layout=javax.swing.BoxLayout,alignmentX=0.0,alignmentY=0.0,border=,flags=9,maximumSize=,minimumSize=,preferredSize=]
2024-05-05 17:29:46,483 [INFO] UtilMem:75 - End SaveConfig() Used Memory: 712860944 Bytes (1073741824)
2024-05-05 17:29:48,014 [INFO] UtilMem:75 - End SaveConfig() Used Memory: 745366800 Bytes (1073741824)
2024-05-05 17:29:50,333 [INFO] LogOutputStream:77 - [STDOUT_REDIRECT] This download action requires prior login. To proceed, please use the 'login' command with your my.st.com account email and password.
2024-05-05 17:29:50,333 [INFO] LogOutputStream:77 - [STDOUT_REDIRECT] Run 'login <email> <password> <remember_me>' for example 'login john.smith@st.com mypassword y'.
2024-05-05 17:29:50,335 [INFO] LogOutputStream:77 - [STDOUT_REDIRECT] If you do not have a my.st.com account, please visit https://st.com website to create one.
2024-05-05 17:34:25,315 [INFO] MainUpdater:2873 - connection check result : 10
2024-05-05 17:34:25,315 [INFO] MainUpdater:2873 - connection check result : 10
2024-05-05 17:34:25,331 [INFO] MicroXplorer:468 - Change Database Path : 
2024-05-05 17:34:25,331 [INFO] MicroXplorer:498 - Change Database Version : DB.6.0.111
2024-05-05 17:34:25,336 [ERROR] ProjectManagerView:394 - 
java.lang.NullPointerException: Cannot invoke "javax.swing.JTextField.getText()" because the return value of "java.util.List.get(int)" is null
	at com.st.microxplorer.plugins.projectmanager.gui.ProjectChoiceTab$10.caretUpdate(ProjectChoiceTab.java:2504) ~[filemanager.jar:?]
	at javax.swing.text.JTextComponent.fireCaretUpdate(JTextComponent.java:412) ~[?:?]
	at javax.swing.text.JTextComponent$MutableCaretEvent.fire(JTextComponent.java:4491) ~[?:?]
	at javax.swing.text.JTextComponent$MutableCaretEvent.stateChanged(JTextComponent.java:4513) ~[?:?]
	at javax.swing.text.DefaultCaret.fireStateChanged(DefaultCaret.java:842) ~[?:?]
	at javax.swing.text.DefaultCaret.changeCaretPosition(DefaultCaret.java:1313) ~[?:?]
	at javax.swing.text.DefaultCaret.handleSetDot(DefaultCaret.java:1212) ~[?:?]
	at javax.swing.text.DefaultCaret.setDot(DefaultCaret.java:1193) ~[?:?]
	at javax.swing.text.DefaultCaret$Handler.insertUpdate(DefaultCaret.java:1789) ~[?:?]
	at javax.swing.text.AbstractDocument.fireInsertUpdate(AbstractDocument.java:226) ~[?:?]
	at javax.swing.text.AbstractDocument.handleInsertString(AbstractDocument.java:780) ~[?:?]
	at javax.swing.text.AbstractDocument.insertString(AbstractDocument.java:739) ~[?:?]
	at javax.swing.text.PlainDocument.insertString(PlainDocument.java:131) ~[?:?]
	at javax.swing.text.AbstractDocument.replace(AbstractDocument.java:698) ~[?:?]
	at javax.swing.text.JTextComponent.setText(JTextComponent.java:1729) ~[?:?]
	at com.st.microxplorer.plugins.projectmanager.gui.ProjectChoiceTab.createHeapStackFields(ProjectChoiceTab.java:944) ~[filemanager.jar:?]
	at com.st.microxplorer.plugins.projectmanager.gui.ProjectChoiceTab.buildLinkSettingsPanel(ProjectChoiceTab.java:3475) ~[filemanager.jar:?]
	at com.st.microxplorer.plugins.projectmanager.gui.ProjectChoiceTab.defineWindowsFields(ProjectChoiceTab.java:1816) ~[filemanager.jar:?]
	at com.st.microxplorer.plugins.projectmanager.gui.ProjectChoiceTab.updateSettings(ProjectChoiceTab.java:544) ~[filemanager.jar:?]
	at com.st.microxplorer.plugins.projectmanager.gui.ProjectSettingsPanel.UpdateDialog(ProjectSettingsPanel.java:245) ~[filemanager.jar:?]
	at com.st.microxplorer.plugins.projectmanager.ProjectManagerView.propertyChange(ProjectManagerView.java:391) ~[filemanager.jar:?]
	at java.beans.PropertyChangeSupport.fire(PropertyChangeSupport.java:343) ~[?:?]
	at java.beans.PropertyChangeSupport.firePropertyChange(PropertyChangeSupport.java:335) ~[?:?]
	at java.beans.PropertyChangeSupport.firePropertyChange(PropertyChangeSupport.java:268) ~[?:?]
	at com.st.microxplorer.util.MXPropertyChangeSupport.firePropertyChange(MXPropertyChangeSupport.java:54) ~[STM32CubeMX.jar:?]
	at com.st.microxplorer.mxsystem.MxSystem.closeConfig(MxSystem.java:900) ~[STM32CubeMX.jar:?]
	at com.st.microxplorer.maingui.MainPanel.closeConfig(MainPanel.java:776) ~[STM32CubeMX.jar:?]
	at com.st.microxplorer.plugins.filemanager.engine.OpenFileManager.loadConfigurationFile(OpenFileManager.java:245) ~[filemanager.jar:?]
	at com.st.microxplorer.plugins.filemanager.engine.MainFileManager.userLoadConfig(MainFileManager.java:315) ~[filemanager.jar:?]
	at com.st.microxplorer.plugins.filemanager.engine.MainFileManager.userLoadConfig(MainFileManager.java:293) ~[filemanager.jar:?]
	at com.st.microxplorer.plugins.filemanager.FileManagerView.getSpecificTask(FileManagerView.java:247) ~[filemanager.jar:?]
	at com.st.stm32cube.common.mx.editor.CubeMxEditor.getMxTabbedPaneInstance(CubeMxEditor.java:1198) ~[com.st.stm32cube.common.mx_6.11.1.202404110753/:?]
	at com.st.stm32cube.common.mx.editor.CubeMxEditor$12$1.createSwingComponent(CubeMxEditor.java:1068) ~[com.st.stm32cube.common.mx_6.11.1.202404110753/:?]
	at com.st.stm32cube.common.mx.oss.core.awtswtbridge.EmbeddedSwingComposite.doComponentCreation(EmbeddedSwingComposite.java:492) ~[com.st.stm32cube.common.mx.oss_6.11.1.202404110753/:?]
	at com.st.stm32cube.common.mx.oss.core.awtswtbridge.EmbeddedSwingComposite$4.run(EmbeddedSwingComposite.java:291) ~[com.st.stm32cube.common.mx.oss_6.11.1.202404110753/:?]
	at com.st.stm32cube.common.mx.oss.core.awtswtbridge.AwtEnvironment$2.run(AwtEnvironment.java:166) ~[com.st.stm32cube.common.mx.oss_6.11.1.202404110753/:?]
	at java.awt.event.InvocationEvent.dispatch(InvocationEvent.java:318) ~[?:?]
	at java.awt.EventQueue.dispatchEventImpl(EventQueue.java:773) ~[?:?]
	at java.awt.EventQueue$4.run(EventQueue.java:720) ~[?:?]
	at java.awt.EventQueue$4.run(EventQueue.java:714) ~[?:?]
	at java.security.AccessController.doPrivileged(AccessController.java:399) ~[?:?]
	at java.security.ProtectionDomain$JavaSecurityAccessImpl.doIntersectionPrivilege(ProtectionDomain.java:86) ~[?:?]
	at java.awt.EventQueue.dispatchEvent(EventQueue.java:742) ~[?:?]
	at java.awt.EventDispatchThread.pumpOneEventForFilters(EventDispatchThread.java:203) ~[?:?]
	at java.awt.EventDispatchThread.pumpEventsForFilter(EventDispatchThread.java:124) ~[?:?]
	at java.awt.EventDispatchThread.pumpEventsForHierarchy(EventDispatchThread.java:113) ~[?:?]
	at java.awt.EventDispatchThread.pumpEvents(EventDispatchThread.java:109) ~[?:?]
	at java.awt.EventDispatchThread.pumpEvents(EventDispatchThread.java:101) ~[?:?]
	at java.awt.EventDispatchThread.run(EventDispatchThread.java:90) ~[?:?]
2024-05-05 17:34:25,337 [WARN] ThirdParty:871 - waiting for thirdparty lock release [close project]
2024-05-05 17:34:25,337 [INFO] ThirdParty:873 - entering critical section [close project]
2024-05-05 17:34:25,337 [INFO] ThirdParty:883 - exiting critical section [close project]
2024-05-05 17:34:25,338 [INFO] PinOutPanel:1561 - setPackage(No Configuration,No Configuration)
2024-05-05 17:34:25,340 [WARN] IpParametersView:151 - Warning: This peripheral hasn't parameters
2024-05-05 17:34:25,344 [WARN] MainPanel:272 - <html><b><center>Warning: This peripheral has no parameters to be configured<br></b></html>
2024-05-05 17:34:25,346 [INFO] UtilMem:75 - Begin LoadConfig() Used Memory: 779618296 Bytes (1073741824)
2024-05-05 17:34:25,349 [INFO] MicroXplorer:468 - Change Database Path : C:/Users/saksh/.stm32cubemx/databases/DB.6.0.100/db/
2024-05-05 17:34:25,349 [INFO] MicroXplorer:498 - Change Database Version : DB.6.0.100
2024-05-05 17:34:26,813 [INFO] OpenFileManager:312 - Change cursor
2024-05-05 17:34:26,820 [INFO] RulesReader:64 - Compatibility file has been processed (297 Rules)
2024-05-05 17:34:26,822 [INFO] Mcu:2021 - Initializing MCU STM32G474R(B-C-E)Tx STM32G474RETx STM32G474RET3
2024-05-05 17:34:29,051 [INFO] Context:663 - Trying to add GPIOservice into a context  which must be forbidden
2024-05-05 17:34:29,979 [INFO] RtosManager:555 - Registered RTOS mode: class=CMSIS, group=RTOS, mode=CMSIS_V1, owner=FREERTOS
2024-05-05 17:34:29,979 [INFO] RtosManager:555 - Registered RTOS mode: class=CMSIS, group=RTOS2, mode=CMSIS_V2, owner=FREERTOS
2024-05-05 17:34:29,979 [INFO] RtosManager:555 - Registered RTOS mode: class=RTOS, group=Core, mode=CMSIS_V1, owner=FREERTOS
2024-05-05 17:34:29,979 [INFO] RtosManager:555 - Registered RTOS mode: class=RTOS, group=Core, mode=CMSIS_V2, owner=FREERTOS
2024-05-05 17:34:29,979 [WARN] ModelIntegratedComponent:184 - Missing modes for component STMicroelectronics:FreeRTOS:0.0.1:STMicroelectronics:RTOS:FreeRTOS:Core:::10.2.0:
2024-05-05 17:34:29,981 [WARN] ModelIntegratedComponent:63 - No mode defined for component null
2024-05-05 17:34:29,981 [WARN] ModelIntegratedComponent:63 - No mode defined for component null
2024-05-05 17:34:29,981 [WARN] ModelIntegratedComponent:63 - No mode defined for component null
2024-05-05 17:34:29,981 [WARN] ModelIntegratedComponent:63 - No mode defined for component null
2024-05-05 17:34:29,981 [WARN] ModelIntegratedComponent:63 - No mode defined for component null
2024-05-05 17:34:29,981 [WARN] ModelIntegratedComponent:63 - No mode defined for component null
2024-05-05 17:34:29,981 [WARN] ModelIntegratedComponent:63 - No mode defined for component null
2024-05-05 17:34:29,981 [WARN] ModelIntegratedComponent:63 - No mode defined for component null
2024-05-05 17:34:29,981 [WARN] ModelIntegratedComponent:63 - No mode defined for component null
2024-05-05 17:34:29,981 [WARN] ModelIntegratedComponent:63 - No mode defined for component null
2024-05-05 17:34:29,981 [WARN] ModelIntegratedComponent:63 - No mode defined for component null
2024-05-05 17:34:29,981 [WARN] ModelIntegratedComponent:63 - No mode defined for component null
2024-05-05 17:34:29,981 [WARN] ModelIntegratedComponent:63 - No mode defined for component null
2024-05-05 17:34:29,981 [WARN] ModelIntegratedComponent:63 - No mode defined for component null
2024-05-05 17:34:29,981 [WARN] ModelIntegratedComponent:63 - No mode defined for component null
2024-05-05 17:34:29,981 [WARN] ModelIntegratedComponent:63 - No mode defined for component null
2024-05-05 17:34:29,981 [WARN] ModelIntegratedComponent:63 - No mode defined for component null
2024-05-05 17:34:29,981 [WARN] ModelIntegratedComponent:63 - No mode defined for component null
2024-05-05 17:34:29,981 [WARN] ModelIntegratedComponent:63 - No mode defined for component null
2024-05-05 17:34:29,981 [WARN] ModelIntegratedComponent:63 - No mode defined for component null
2024-05-05 17:34:29,981 [WARN] ModelIntegratedComponent:63 - No mode defined for component null
2024-05-05 17:34:29,981 [WARN] ModelIntegratedComponent:63 - No mode defined for component null
2024-05-05 17:34:29,981 [WARN] ModelIntegratedComponent:63 - No mode defined for component null
2024-05-05 17:34:29,981 [WARN] ModelIntegratedComponent:63 - No mode defined for component null
2024-05-05 17:34:29,981 [WARN] ModelIntegratedComponent:63 - No mode defined for component null
2024-05-05 17:34:29,981 [WARN] ModelIntegratedComponent:63 - No mode defined for component null
2024-05-05 17:34:29,981 [WARN] ModelIntegratedComponent:63 - No mode defined for component null
2024-05-05 17:34:29,981 [WARN] ModelIntegratedComponent:63 - No mode defined for component null
2024-05-05 17:34:29,981 [WARN] ModelIntegratedComponent:63 - No mode defined for component null
2024-05-05 17:34:29,981 [WARN] ModelIntegratedComponent:63 - No mode defined for component null
2024-05-05 17:34:29,981 [WARN] ModelIntegratedComponent:63 - No mode defined for component null
2024-05-05 17:34:29,981 [WARN] ModelIntegratedComponent:63 - No mode defined for component null
2024-05-05 17:34:29,981 [WARN] ModelIntegratedComponent:63 - No mode defined for component null
2024-05-05 17:34:29,981 [WARN] ModelIntegratedComponent:63 - No mode defined for component null
2024-05-05 17:34:30,126 [INFO] ThirdPartyModel:298 - Start build external matchings
2024-05-05 17:34:31,284 [INFO] ThirdPartyModel:316 - End build external matchings
2024-05-05 17:34:31,303 [INFO] ImportTextPane:194 - (OptionalMessage_ERROR) IP (ADC1) : Parameter (CommonPathInternal) has invalid value (null|null|null|null)
2024-05-05 17:34:31,612 [INFO] UtilMem:75 - End LoadConfig() Used Memory: 451547720 Bytes (1073741824)
2024-05-05 17:34:31,645 [WARN] ThirdParty:833 - waiting for thirdparty lock release [change project]
2024-05-05 17:34:31,646 [INFO] ThirdParty:835 - entering critical section [change project]
2024-05-05 17:34:31,646 [INFO] ThirdParty:1030 - CMSIS Pack Vendor :STMicroelectronics USBPD 4.1
2024-05-05 17:34:31,646 [INFO] ThirdParty:1030 - CMSIS Pack Vendor :STMicroelectronics X-CUBE-GNSS1 6.0.0
2024-05-05 17:34:31,646 [INFO] ThirdParty:1030 - CMSIS Pack Vendor :STMicroelectronics USB_HOST 2.0.0
2024-05-05 17:34:31,646 [INFO] ThirdParty:1030 - CMSIS Pack Vendor :STMicroelectronics FP-SNS-MOTENVWB1 1.4.0
2024-05-05 17:34:31,646 [INFO] ThirdParty:1030 - CMSIS Pack Vendor :STMicroelectronics X-CUBE-AZRTOS-F4 1.1.0
2024-05-05 17:34:31,646 [INFO] ThirdParty:1030 - CMSIS Pack Vendor :STMicroelectronics LIBJPEG 8.0.0
2024-05-05 17:34:31,646 [INFO] ThirdParty:1030 - CMSIS Pack Vendor :STMicroelectronics X-CUBE-SMBUS 2.1.0
2024-05-05 17:34:31,646 [INFO] ThirdParty:1030 - CMSIS Pack Vendor :STMicroelectronics X-CUBE-FREERTOS 1.2.0
2024-05-05 17:34:31,646 [INFO] ThirdParty:1030 - CMSIS Pack Vendor :STMicroelectronics X-CUBE-TOUCHGFX 4.23.1
2024-05-05 17:34:31,646 [INFO] ThirdParty:1030 - CMSIS Pack Vendor :STMicroelectronics X-CUBE-TOUCHGFX 4.23.0
2024-05-05 17:34:31,646 [INFO] ThirdParty:1030 - CMSIS Pack Vendor :STMicroelectronics X-CUBE-BLEMGR 1.2.0
2024-05-05 17:34:31,646 [INFO] ThirdParty:1030 - CMSIS Pack Vendor :STMicroelectronics X-CUBE-TOUCHGFX 4.23.2
2024-05-05 17:34:31,646 [INFO] ThirdParty:1030 - CMSIS Pack Vendor :STMicroelectronics X-CUBE-AZRTOS-F7 1.1.0
2024-05-05 17:34:31,646 [INFO] ThirdParty:1030 - CMSIS Pack Vendor :STMicroelectronics X-CUBE-AZRTOS-L5 2.0.0
2024-05-05 17:34:31,646 [INFO] ThirdParty:1030 - CMSIS Pack Vendor :STMicroelectronics USB_DEVICE 2.0.0
2024-05-05 17:34:31,646 [INFO] ThirdParty:1030 - CMSIS Pack Vendor :STMicroelectronics X-CUBE-MEMS1 9.6.0
2024-05-05 17:34:31,646 [INFO] ThirdParty:1030 - CMSIS Pack Vendor :STMicroelectronics X-CUBE-EEPRMA1 4.2.0
2024-05-05 17:34:31,646 [INFO] ThirdParty:1030 - CMSIS Pack Vendor :STMicroelectronics X-CUBE-NFC6 3.1.0
2024-05-05 17:34:31,646 [INFO] ThirdParty:1030 - CMSIS Pack Vendor :ITTIA_DB I-CUBE-ITTIADB 8.8.0
2024-05-05 17:34:31,646 [INFO] ThirdParty:1030 - CMSIS Pack Vendor :STMicroelectronics FP-SNS-MOTENV1 4.3.0
2024-05-05 17:34:31,646 [INFO] ThirdParty:1030 - CMSIS Pack Vendor :STMicroelectronics FP-SNS-MOTENV1 4.3.2
2024-05-05 17:34:31,646 [INFO] ThirdParty:1030 - CMSIS Pack Vendor :STMicroelectronics FP-SNS-FLIGHT1 5.0.0
2024-05-05 17:34:31,646 [INFO] ThirdParty:1030 - CMSIS Pack Vendor :STMicroelectronics FP-SNS-MOTENV1 4.3.1
2024-05-05 17:34:31,646 [INFO] ThirdParty:1030 - CMSIS Pack Vendor :STMicroelectronics FP-SNS-FLIGHT1 5.0.1
2024-05-05 17:34:31,646 [INFO] ThirdParty:1030 - CMSIS Pack Vendor :STMicroelectronics X-CUBE-BLE1 6.2.3
2024-05-05 17:34:31,646 [INFO] ThirdParty:1030 - CMSIS Pack Vendor :STMicroelectronics X-CUBE-BLE1 6.2.4
2024-05-05 17:34:31,646 [INFO] ThirdParty:1030 - CMSIS Pack Vendor :STMicroelectronics FreeRTOS 0.0.1
2024-05-05 17:34:31,646 [INFO] ThirdParty:1030 - CMSIS Pack Vendor :STMicroelectronics X-CUBE-BLEMGR 2.0.0
2024-05-05 17:34:31,646 [INFO] ThirdParty:1030 - CMSIS Pack Vendor :STMicroelectronics FP-SNS-FLIGHT1 5.0.2
2024-05-05 17:34:31,646 [INFO] ThirdParty:1030 - CMSIS Pack Vendor :STMicroelectronics X-CUBE-NFC4 2.0.4
2024-05-05 17:34:31,646 [INFO] ThirdParty:1030 - CMSIS Pack Vendor :STMicroelectronics X-CUBE-AI 9.0.0
2024-05-05 17:34:31,646 [INFO] ThirdParty:1030 - CMSIS Pack Vendor :STMicroelectronics X-CUBE-AZRTOS-H7 3.1.0
2024-05-05 17:34:31,646 [INFO] ThirdParty:1030 - CMSIS Pack Vendor :STMicroelectronics PDM2PCM 3.3.0
2024-05-05 17:34:31,646 [INFO] ThirdParty:1030 - CMSIS Pack Vendor :STMicroelectronics X-CUBE-TOF1 3.1.0
2024-05-05 17:34:31,646 [INFO] ThirdParty:1030 - CMSIS Pack Vendor :STMicroelectronics X-CUBE-DISPLAY 3.0.0
2024-05-05 17:34:31,646 [INFO] ThirdParty:1030 - CMSIS Pack Vendor :STMicroelectronics X-CUBE-BLE1 7.0.0
2024-05-05 17:34:31,646 [INFO] ThirdParty:1030 - CMSIS Pack Vendor :wolfSSL I-CUBE-wolfSSL 5.5.0
2024-05-05 17:34:31,646 [INFO] ThirdParty:1030 - CMSIS Pack Vendor :STMicroelectronics HAL Drivers 0.0.0
2024-05-05 17:34:31,646 [INFO] ThirdParty:1030 - CMSIS Pack Vendor :STMicroelectronics X-CUBE-TOUCHGFX 4.22.0
2024-05-05 17:34:31,648 [INFO] ThirdParty:1030 - CMSIS Pack Vendor :STMicroelectronics X-CUBE-NFC7 1.0.1
2024-05-05 17:34:31,648 [INFO] ThirdParty:1030 - CMSIS Pack Vendor :STMicroelectronics MBEDTLS 2.14.1
2024-05-05 17:34:31,648 [INFO] ThirdParty:1030 - CMSIS Pack Vendor :STMicroelectronics X-CUBE-NFC7 1.0.0
2024-05-05 17:34:31,648 [INFO] ThirdParty:1030 - CMSIS Pack Vendor :STMicroelectronics X-CUBE-NFC6 3.0.0
2024-05-05 17:34:31,648 [INFO] ThirdParty:1030 - CMSIS Pack Vendor :STMicroelectronics X-CUBE-MEMS1 9.3.0
2024-05-05 17:34:31,648 [INFO] ThirdParty:1030 - CMSIS Pack Vendor :STMicroelectronics X-CUBE-EEPRMA1 4.1.0
2024-05-05 17:34:31,648 [INFO] ThirdParty:1030 - CMSIS Pack Vendor :STMicroelectronics X-CUBE-AI 7.2.0
2024-05-05 17:34:31,648 [INFO] ThirdParty:1030 - CMSIS Pack Vendor :STMicroelectronics X-CUBE-BLEMGR 3.1.0
2024-05-05 17:34:31,648 [INFO] ThirdParty:1030 - CMSIS Pack Vendor :STMicroelectronics FP-SNS-SMARTAG2 1.2.0
2024-05-05 17:34:31,648 [INFO] ThirdParty:1030 - CMSIS Pack Vendor :STMicroelectronics X-CUBE-AZRTOS-WL 2.0.0
2024-05-05 17:34:31,648 [INFO] ThirdParty:1030 - CMSIS Pack Vendor :STMicroelectronics FP-SNS-MOTENV1 5.0.0
2024-05-05 17:34:31,648 [INFO] ThirdParty:1030 - CMSIS Pack Vendor :STMicroelectronics USB_DEVICE 1.0.0
2024-05-05 17:34:31,648 [INFO] ThirdParty:1030 - CMSIS Pack Vendor :STMicroelectronics X-CUBE-AI 8.1.0
2024-05-05 17:34:31,648 [INFO] ThirdParty:1030 - CMSIS Pack Vendor :STMicroelectronics X-CUBE-AZRTOS-L4 2.0.0
2024-05-05 17:34:31,648 [INFO] ThirdParty:1030 - CMSIS Pack Vendor :STMicroelectronics ThreadX 0.0.2
2024-05-05 17:34:31,648 [INFO] ThirdParty:1030 - CMSIS Pack Vendor :WES I-CUBE-Cesium 1.3.0
2024-05-05 17:34:31,648 [INFO] ThirdParty:1030 - CMSIS Pack Vendor :STMicroelectronics lwIP 2.1.2
2024-05-05 17:34:31,648 [INFO] ThirdParty:1030 - CMSIS Pack Vendor :STMicroelectronics X-CUBE-SFXS2LP1 4.0.0
2024-05-05 17:34:31,648 [INFO] ThirdParty:1030 - CMSIS Pack Vendor :STMicroelectronics X-CUBE-BLE2 3.3.0
2024-05-05 17:34:31,648 [INFO] ThirdParty:1030 - CMSIS Pack Vendor :STMicroelectronics X-CUBE-DISPLAY 2.2.0
2024-05-05 17:34:31,648 [INFO] ThirdParty:1030 - CMSIS Pack Vendor :STMicroelectronics X-CUBE-TOF1 3.2.0
2024-05-05 17:34:31,648 [INFO] ThirdParty:1030 - CMSIS Pack Vendor :STMicroelectronics PDM2PCM 3.2.0
2024-05-05 17:34:31,648 [INFO] ThirdParty:1030 - CMSIS Pack Vendor :STMicroelectronics X-CUBE-AZRTOS-H7 3.0.0
2024-05-05 17:34:31,648 [INFO] ThirdParty:1030 - CMSIS Pack Vendor :STMicroelectronics X-CUBE-ISPU 1.0.0
2024-05-05 17:34:31,648 [INFO] ThirdParty:1030 - CMSIS Pack Vendor :STMicroelectronics X-CUBE-ISPU 1.1.0
2024-05-05 17:34:31,648 [INFO] ThirdParty:1030 - CMSIS Pack Vendor :RoweBots I-CUBE-UNISONRTOS 5.5.0-4
2024-05-05 17:34:31,648 [INFO] ThirdParty:1030 - CMSIS Pack Vendor :STMicroelectronics X-CUBE-AZRTOS-H7 2.1.0
2024-05-05 17:34:31,648 [INFO] ThirdParty:1030 - CMSIS Pack Vendor :STMicroelectronics USB_DEVICE 3.0.0
2024-05-05 17:34:31,648 [INFO] ThirdParty:1030 - CMSIS Pack Vendor :STMicroelectronics X-CUBE-TCPP 4.1.0
2024-05-05 17:34:31,648 [INFO] ThirdParty:1030 - CMSIS Pack Vendor :STMicroelectronics X-CUBE-AI 8.0.0
2024-05-05 17:34:31,648 [INFO] ThirdParty:1030 - CMSIS Pack Vendor :STMicroelectronics X-CUBE-AZRTOS-WB 2.0.0
2024-05-05 17:34:31,648 [INFO] ThirdParty:1030 - CMSIS Pack Vendor :STMicroelectronics X-CUBE-FREERTOS 1.0.0
2024-05-05 17:34:31,648 [INFO] ThirdParty:1030 - CMSIS Pack Vendor :STMicroelectronics X-CUBE-FREERTOS 1.0.1
2024-05-05 17:34:31,648 [INFO] ThirdParty:1030 - CMSIS Pack Vendor :STMicroelectronics X-CUBE-TOUCHGFX 4.21.1
2024-05-05 17:34:31,648 [INFO] ThirdParty:1030 - CMSIS Pack Vendor :STMicroelectronics X-CUBE-TOUCHGFX 4.21.3
2024-05-05 17:34:31,648 [INFO] ThirdParty:1030 - CMSIS Pack Vendor :STMicroelectronics X-CUBE-BLEMGR 1.0.0
2024-05-05 17:34:31,648 [INFO] ThirdParty:1030 - CMSIS Pack Vendor :STMicroelectronics X-CUBE-TOUCHGFX 4.21.4
2024-05-05 17:34:31,648 [INFO] ThirdParty:1030 - CMSIS Pack Vendor :STMicroelectronics X-CUBE-MEMS1 9.4.0
2024-05-05 17:34:31,649 [INFO] ThirdParty:1030 - CMSIS Pack Vendor :STMicroelectronics X-CUBE-AI 7.3.0
2024-05-05 17:34:31,649 [INFO] ThirdParty:1030 - CMSIS Pack Vendor :STMicroelectronics X-CUBE-ALGOBUILD 1.3.0
2024-05-05 17:34:31,649 [INFO] ThirdParty:1030 - CMSIS Pack Vendor :STMicroelectronics X-CUBE-AZRTOS-L5 1.1.0
2024-05-05 17:34:31,649 [INFO] ThirdParty:1030 - CMSIS Pack Vendor :STMicroelectronics X-CUBE-AZRTOS-G0 1.1.0
2024-05-05 17:34:31,649 [INFO] ThirdParty:1030 - CMSIS Pack Vendor :STMicroelectronics X-CUBE-AI 8.0.1
2024-05-05 17:34:31,649 [INFO] ThirdParty:1030 - CMSIS Pack Vendor :STMicroelectronics X-CUBE-SAFEA1 1.2.2
2024-05-05 17:34:31,649 [INFO] ThirdParty:1030 - CMSIS Pack Vendor :STMicroelectronics X-CUBE-NFC4 3.0.0
2024-05-05 17:34:31,649 [INFO] ThirdParty:1030 - CMSIS Pack Vendor :SEGGER I-CUBE-embOS 1.2.0
2024-05-05 17:34:31,649 [INFO] ThirdParty:1030 - CMSIS Pack Vendor :STMicroelectronics X-CUBE-SUBG2 5.0.0
2024-05-05 17:34:31,649 [INFO] ThirdParty:1030 - CMSIS Pack Vendor :STMicroelectronics STM32_WPAN 1.0.0
2024-05-05 17:34:31,649 [INFO] ThirdParty:1030 - CMSIS Pack Vendor :STMicroelectronics lwIP 2.0.3
2024-05-05 17:34:31,649 [INFO] ThirdParty:1030 - CMSIS Pack Vendor :STMicroelectronics USB_HOST 1.0.0
2024-05-05 17:34:31,649 [INFO] ThirdParty:1030 - CMSIS Pack Vendor :STMicroelectronics X-CUBE-TOF1 3.3.1
2024-05-05 17:34:31,649 [INFO] ThirdParty:1030 - CMSIS Pack Vendor :STMicroelectronics X-CUBE-AZRTOS-G4 2.0.0
2024-05-05 17:34:31,649 [INFO] ThirdParty:1030 - CMSIS Pack Vendor :STMicroelectronics PDM2PCM 3.1.0
2024-05-05 17:34:31,649 [INFO] ThirdParty:1030 - CMSIS Pack Vendor :STMicroelectronics X-CUBE-TOF1 3.3.0
2024-05-05 17:34:31,649 [INFO] ThirdParty:1030 - CMSIS Pack Vendor :STMicroelectronics FP-ATR-ASTRA1 1.1.1
2024-05-05 17:34:31,649 [INFO] ThirdParty:1030 - CMSIS Pack Vendor :Infineon AIROC-Wi-Fi-Bluetooth-STM32 1.5.1
2024-05-05 17:34:31,649 [INFO] ThirdParty:1030 - CMSIS Pack Vendor :STMicroelectronics X-CUBE-BLEMGR 3.0.0
2024-05-05 17:34:31,649 [INFO] ThirdParty:1030 - CMSIS Pack Vendor :STMicroelectronics X-CUBE-BLEMGR 1.3.0
2024-05-05 17:34:31,649 [INFO] ThirdParty:1030 - CMSIS Pack Vendor :STMicroelectronics FP-SNS-MOTENVWB1 1.3.1
2024-05-05 17:34:31,649 [INFO] ThirdParty:1030 - CMSIS Pack Vendor :STMicroelectronics FP-ATR-SIGFOX1 3.2.0
2024-05-05 17:34:31,649 [INFO] ThirdParty:1030 - CMSIS Pack Vendor :STMicroelectronics X-CUBE-AZRTOS-G4 1.0.0
2024-05-05 17:34:31,649 [INFO] ThirdParty:1030 - CMSIS Pack Vendor :STMicroelectronics X-CUBE-AZRTOS-L4 1.0.0
2024-05-05 17:34:31,649 [INFO] ThirdParty:1030 - CMSIS Pack Vendor :STMicroelectronics X-CUBE-ISPU 2.0.0
2024-05-05 17:34:31,649 [INFO] ThirdParty:1030 - CMSIS Pack Vendor :STMicroelectronics X-CUBE-EEPRMA1 5.1.0
2024-05-05 17:34:31,649 [INFO] ThirdParty:1030 - CMSIS Pack Vendor :STMicroelectronics MBEDTLS 2.16.2
2024-05-05 17:34:31,649 [INFO] ThirdParty:1030 - CMSIS Pack Vendor :emotas I-CUBE-CANOPEN 1.1.2
2024-05-05 17:34:31,649 [INFO] ThirdParty:1030 - CMSIS Pack Vendor :STMicroelectronics X-CUBE-TOUCHGFX 4.20.0
2024-05-05 17:34:31,649 [INFO] ThirdParty:1030 - CMSIS Pack Vendor :STMicroelectronics X-CUBE-MEMS1 10.0.0
2024-05-05 17:34:31,649 [INFO] ThirdParty:1030 - CMSIS Pack Vendor :STMicroelectronics X-CUBE-FREERTOS 1.1.0
2024-05-05 17:34:31,649 [INFO] ThirdParty:1030 - CMSIS Pack Vendor :STMicroelectronics X-CUBE-AZRTOS-WL 1.0.0
2024-05-05 17:34:31,649 [INFO] ThirdParty:1030 - CMSIS Pack Vendor :portGmbH I-Cube-SoM-uGOAL 1.1.0
2024-05-05 17:34:31,649 [INFO] ThirdParty:1030 - CMSIS Pack Vendor :STMicroelectronics X-CUBE-ALS 1.0.1
2024-05-05 17:34:31,649 [INFO] ThirdParty:1030 - CMSIS Pack Vendor :STMicroelectronics X-CUBE-MEMS1 9.5.0
2024-05-05 17:34:31,649 [INFO] ThirdParty:1030 - CMSIS Pack Vendor :STMicroelectronics ThreadX 1.0.0
2024-05-05 17:34:31,649 [INFO] ThirdParty:1030 - CMSIS Pack Vendor :STMicroelectronics X-CUBE-AZRTOS-WB 1.1.0
2024-05-05 17:34:31,649 [INFO] ThirdParty:1030 - CMSIS Pack Vendor :SEGGER I-CUBE-embOS 1.3.1
2024-05-05 17:34:31,649 [INFO] ThirdParty:1030 - CMSIS Pack Vendor :STMicroelectronics X-CUBE-AZRTOS-L5 1.0.0
2024-05-05 17:34:31,649 [INFO] ThirdParty:1030 - CMSIS Pack Vendor :STMicroelectronics X-CUBE-EEPRMA1 3.1.1
2024-05-05 17:34:31,649 [INFO] ThirdParty:1030 - CMSIS Pack Vendor :STMicroelectronics X-CUBE-AZRTOS-H7RS 1.0.0
2024-05-05 17:34:31,649 [INFO] ThirdParty:1030 - CMSIS Pack Vendor :STMicroelectronics FP-ATR-ASTRA1 2.0.0
2024-05-05 17:34:31,649 [INFO] ThirdParty:1030 - CMSIS Pack Vendor :STMicroelectronics X-CUBE-TOF1 3.4.0
2024-05-05 17:34:31,649 [INFO] ThirdParty:1030 - CMSIS Pack Vendor :STMicroelectronics X-CUBE-TOF1 3.4.1
2024-05-05 17:34:31,649 [INFO] ThirdParty:1030 - CMSIS Pack Vendor :STMicroelectronics X-CUBE-AZRTOS-H7 3.2.0
2024-05-05 17:34:31,650 [INFO] ThirdParty:841 - exiting critical section [change project]
2024-05-05 17:34:31,758 [INFO] PinOutPanel:1561 - setPackage(No Configuration,No Configuration)
2024-05-05 17:34:31,758 [INFO] PinOutPanel:1561 - setPackage(STM32G474RETx,LQFP64)
2024-05-05 17:34:31,868 [INFO] UtilMem:75 - Before build in PCC Used Memory: 695173768 Bytes (1073741824)
2024-05-05 17:34:32,007 [INFO] UtilMem:75 - After build in PCC Used Memory: 795314824 Bytes (1073741824)
2024-05-05 17:34:32,023 [INFO] IPUIPlugin:80 - create IPUIPlugin
2024-05-05 17:34:32,023 [INFO] IPUIPlugin:80 - create IPUIPlugin
2024-05-05 17:34:32,023 [INFO] IPUIPlugin:80 - create IPUIPlugin
2024-05-05 17:34:32,023 [INFO] IPUIPlugin:80 - create IPUIPlugin
2024-05-05 17:34:32,023 [INFO] IPUIPlugin:80 - create IPUIPlugin
2024-05-05 17:34:32,023 [INFO] IPUIPlugin:80 - create IPUIPlugin
2024-05-05 17:34:32,023 [INFO] IPUIPlugin:80 - create IPUIPlugin
2024-05-05 17:34:32,023 [INFO] IPUIPlugin:80 - create IPUIPlugin
2024-05-05 17:34:32,023 [INFO] IPUIPlugin:80 - create IPUIPlugin
2024-05-05 17:34:32,023 [INFO] IPUIPlugin:80 - create IPUIPlugin
2024-05-05 17:34:32,023 [INFO] IPUIPlugin:80 - create IPUIPlugin
2024-05-05 17:34:32,023 [INFO] IPUIPlugin:80 - create IPUIPlugin
2024-05-05 17:34:32,024 [INFO] IPUIPlugin:80 - create IPUIPlugin
2024-05-05 17:34:32,024 [INFO] IPUIPlugin:80 - create IPUIPlugin
2024-05-05 17:34:32,024 [INFO] IPUIPlugin:80 - create IPUIPlugin
2024-05-05 17:34:32,024 [INFO] IPUIPlugin:80 - create IPUIPlugin
2024-05-05 17:34:32,024 [INFO] IPUIPlugin:80 - create IPUIPlugin
2024-05-05 17:34:32,024 [INFO] IPUIPlugin:80 - create IPUIPlugin
2024-05-05 17:34:32,024 [INFO] IPUIPlugin:80 - create IPUIPlugin
2024-05-05 17:34:32,024 [INFO] IPUIPlugin:80 - create IPUIPlugin
2024-05-05 17:34:32,024 [INFO] IPUIPlugin:80 - create IPUIPlugin
2024-05-05 17:34:32,024 [INFO] IPUIPlugin:80 - create IPUIPlugin
2024-05-05 17:34:32,024 [INFO] IPUIPlugin:80 - create IPUIPlugin
2024-05-05 17:34:32,024 [INFO] IPUIPlugin:80 - create IPUIPlugin
2024-05-05 17:34:32,024 [INFO] IPUIPlugin:80 - create IPUIPlugin
2024-05-05 17:34:32,024 [INFO] IPUIPlugin:80 - create IPUIPlugin
2024-05-05 17:34:32,024 [INFO] IPUIPlugin:80 - create IPUIPlugin
2024-05-05 17:34:32,024 [INFO] IPUIPlugin:80 - create IPUIPlugin
2024-05-05 17:34:32,024 [INFO] IPUIPlugin:80 - create IPUIPlugin
2024-05-05 17:34:32,025 [INFO] IPUIPlugin:80 - create IPUIPlugin
2024-05-05 17:34:32,025 [INFO] IPUIPlugin:80 - create IPUIPlugin
2024-05-05 17:34:32,025 [INFO] IPUIPlugin:80 - create IPUIPlugin
2024-05-05 17:34:32,025 [INFO] IPUIPlugin:80 - create IPUIPlugin
2024-05-05 17:34:32,025 [INFO] IPUIPlugin:80 - create IPUIPlugin
2024-05-05 17:34:32,025 [INFO] IPUIPlugin:80 - create IPUIPlugin
2024-05-05 17:34:32,025 [INFO] IPUIPlugin:80 - create IPUIPlugin
2024-05-05 17:34:32,025 [INFO] IPUIPlugin:80 - create IPUIPlugin
2024-05-05 17:34:32,025 [INFO] IPUIPlugin:80 - create IPUIPlugin
2024-05-05 17:34:32,025 [INFO] IPUIPlugin:80 - create IPUIPlugin
2024-05-05 17:34:32,025 [INFO] IPUIPlugin:80 - create IPUIPlugin
2024-05-05 17:34:32,025 [INFO] IPUIPlugin:80 - create IPUIPlugin
2024-05-05 17:34:32,026 [INFO] IPUIPlugin:80 - create IPUIPlugin
2024-05-05 17:34:32,026 [INFO] IPUIPlugin:80 - create IPUIPlugin
2024-05-05 17:34:32,026 [INFO] IPUIPlugin:80 - create IPUIPlugin
2024-05-05 17:34:32,026 [INFO] IPUIPlugin:80 - create IPUIPlugin
2024-05-05 17:34:32,026 [INFO] IPUIPlugin:80 - create IPUIPlugin
2024-05-05 17:34:32,026 [INFO] IPUIPlugin:80 - create IPUIPlugin
2024-05-05 17:34:32,026 [INFO] IPUIPlugin:80 - create IPUIPlugin
2024-05-05 17:34:32,026 [INFO] IPUIPlugin:80 - create IPUIPlugin
2024-05-05 17:34:32,026 [INFO] IPUIPlugin:80 - create IPUIPlugin
2024-05-05 17:34:32,027 [INFO] IPUIPlugin:80 - create IPUIPlugin
2024-05-05 17:34:32,027 [INFO] IPUIPlugin:80 - create IPUIPlugin
2024-05-05 17:34:32,027 [INFO] IPUIPlugin:80 - create IPUIPlugin
2024-05-05 17:34:32,027 [INFO] IPUIPlugin:80 - create IPUIPlugin
2024-05-05 17:34:32,027 [INFO] IPUIPlugin:80 - create IPUIPlugin
2024-05-05 17:34:32,027 [INFO] IPUIPlugin:80 - create IPUIPlugin
2024-05-05 17:34:32,028 [INFO] IPUIPlugin:80 - create IPUIPlugin
2024-05-05 17:34:32,028 [INFO] IPUIPlugin:80 - create IPUIPlugin
2024-05-05 17:34:32,028 [INFO] IPUIPlugin:80 - create IPUIPlugin
2024-05-05 17:34:32,028 [INFO] IPUIPlugin:80 - create IPUIPlugin
2024-05-05 17:34:32,028 [INFO] IPUIPlugin:80 - create IPUIPlugin
2024-05-05 17:34:32,028 [INFO] IPUIPlugin:80 - create IPUIPlugin
2024-05-05 17:34:32,029 [INFO] IPUIPlugin:80 - create IPUIPlugin
2024-05-05 17:34:32,029 [INFO] IPUIPlugin:80 - create IPUIPlugin
2024-05-05 17:34:32,029 [INFO] IPUIPlugin:80 - create IPUIPlugin
2024-05-05 17:34:32,029 [INFO] IPUIPlugin:80 - create IPUIPlugin
2024-05-05 17:34:32,029 [INFO] IPUIPlugin:80 - create IPUIPlugin
2024-05-05 17:34:32,030 [INFO] IPUIPlugin:80 - create IPUIPlugin
2024-05-05 17:34:32,030 [INFO] IPUIPlugin:80 - create IPUIPlugin
2024-05-05 17:34:32,030 [INFO] IPUIPlugin:80 - create IPUIPlugin
2024-05-05 17:34:32,030 [INFO] IPUIPlugin:80 - create IPUIPlugin
2024-05-05 17:34:32,031 [INFO] IPUIPlugin:80 - create IPUIPlugin
2024-05-05 17:34:32,031 [INFO] IPUIPlugin:80 - create IPUIPlugin
2024-05-05 17:34:32,031 [INFO] IPUIPlugin:80 - create IPUIPlugin
2024-05-05 17:34:32,031 [INFO] IPUIPlugin:80 - create IPUIPlugin
2024-05-05 17:34:32,032 [INFO] IPUIPlugin:80 - create IPUIPlugin
2024-05-05 17:34:32,032 [INFO] IPUIPlugin:80 - create IPUIPlugin
2024-05-05 17:34:32,069 [INFO] CADModel:165 - CPN selected for project levelSTM32G474RET3
2024-05-05 17:34:32,069 [INFO] CADModel:114 - Register for checkConnection events
2024-05-05 17:34:32,114 [INFO] OpenFileManager:343 - Restore cursor
2024-05-05 17:36:07,567 [INFO] MainUpdater:2873 - connection check result : 10
2024-05-05 17:36:07,567 [INFO] MainUpdater:2873 - connection check result : 10
2024-05-05 17:36:07,577 [INFO] MicroXplorer:468 - Change Database Path : 
2024-05-05 17:36:07,577 [INFO] MicroXplorer:498 - Change Database Version : DB.6.0.111
2024-05-05 17:36:07,580 [ERROR] ProjectManagerView:394 - 
java.lang.NullPointerException: Cannot invoke "javax.swing.JTextField.getText()" because the return value of "java.util.List.get(int)" is null
	at com.st.microxplorer.plugins.projectmanager.gui.ProjectChoiceTab$10.caretUpdate(ProjectChoiceTab.java:2504) ~[filemanager.jar:?]
	at javax.swing.text.JTextComponent.fireCaretUpdate(JTextComponent.java:412) ~[?:?]
	at javax.swing.text.JTextComponent$MutableCaretEvent.fire(JTextComponent.java:4491) ~[?:?]
	at javax.swing.text.JTextComponent$MutableCaretEvent.stateChanged(JTextComponent.java:4513) ~[?:?]
	at javax.swing.text.DefaultCaret.fireStateChanged(DefaultCaret.java:842) ~[?:?]
	at javax.swing.text.DefaultCaret.changeCaretPosition(DefaultCaret.java:1313) ~[?:?]
	at javax.swing.text.DefaultCaret.handleSetDot(DefaultCaret.java:1212) ~[?:?]
	at javax.swing.text.DefaultCaret.setDot(DefaultCaret.java:1193) ~[?:?]
	at javax.swing.text.DefaultCaret$Handler.insertUpdate(DefaultCaret.java:1789) ~[?:?]
	at javax.swing.text.AbstractDocument.fireInsertUpdate(AbstractDocument.java:226) ~[?:?]
	at javax.swing.text.AbstractDocument.handleInsertString(AbstractDocument.java:780) ~[?:?]
	at javax.swing.text.AbstractDocument.insertString(AbstractDocument.java:739) ~[?:?]
	at javax.swing.text.PlainDocument.insertString(PlainDocument.java:131) ~[?:?]
	at javax.swing.text.AbstractDocument.replace(AbstractDocument.java:698) ~[?:?]
	at javax.swing.text.JTextComponent.setText(JTextComponent.java:1729) ~[?:?]
	at com.st.microxplorer.plugins.projectmanager.gui.ProjectChoiceTab.createHeapStackFields(ProjectChoiceTab.java:944) ~[filemanager.jar:?]
	at com.st.microxplorer.plugins.projectmanager.gui.ProjectChoiceTab.buildLinkSettingsPanel(ProjectChoiceTab.java:3475) ~[filemanager.jar:?]
	at com.st.microxplorer.plugins.projectmanager.gui.ProjectChoiceTab.defineWindowsFields(ProjectChoiceTab.java:1816) ~[filemanager.jar:?]
	at com.st.microxplorer.plugins.projectmanager.gui.ProjectChoiceTab.updateSettings(ProjectChoiceTab.java:544) ~[filemanager.jar:?]
	at com.st.microxplorer.plugins.projectmanager.gui.ProjectSettingsPanel.UpdateDialog(ProjectSettingsPanel.java:245) ~[filemanager.jar:?]
	at com.st.microxplorer.plugins.projectmanager.ProjectManagerView.propertyChange(ProjectManagerView.java:391) ~[filemanager.jar:?]
	at java.beans.PropertyChangeSupport.fire(PropertyChangeSupport.java:343) ~[?:?]
	at java.beans.PropertyChangeSupport.firePropertyChange(PropertyChangeSupport.java:335) ~[?:?]
	at java.beans.PropertyChangeSupport.firePropertyChange(PropertyChangeSupport.java:268) ~[?:?]
	at com.st.microxplorer.util.MXPropertyChangeSupport.firePropertyChange(MXPropertyChangeSupport.java:54) ~[STM32CubeMX.jar:?]
	at com.st.microxplorer.mxsystem.MxSystem.closeConfig(MxSystem.java:900) ~[STM32CubeMX.jar:?]
	at com.st.microxplorer.maingui.MainPanel.closeConfig(MainPanel.java:776) ~[STM32CubeMX.jar:?]
	at com.st.microxplorer.plugins.filemanager.engine.OpenFileManager.loadConfigurationFile(OpenFileManager.java:245) ~[filemanager.jar:?]
	at com.st.microxplorer.plugins.filemanager.engine.MainFileManager.userLoadConfig(MainFileManager.java:315) ~[filemanager.jar:?]
	at com.st.microxplorer.plugins.filemanager.engine.MainFileManager.userLoadConfig(MainFileManager.java:293) ~[filemanager.jar:?]
	at com.st.microxplorer.plugins.filemanager.FileManagerView.getSpecificTask(FileManagerView.java:247) ~[filemanager.jar:?]
	at com.st.stm32cube.common.mx.editor.CubeMxEditor.getMxTabbedPaneInstance(CubeMxEditor.java:1198) ~[com.st.stm32cube.common.mx_6.11.1.202404110753/:?]
	at com.st.stm32cube.common.mx.editor.CubeMxEditor$12$1.createSwingComponent(CubeMxEditor.java:1068) ~[com.st.stm32cube.common.mx_6.11.1.202404110753/:?]
	at com.st.stm32cube.common.mx.oss.core.awtswtbridge.EmbeddedSwingComposite.doComponentCreation(EmbeddedSwingComposite.java:492) ~[com.st.stm32cube.common.mx.oss_6.11.1.202404110753/:?]
	at com.st.stm32cube.common.mx.oss.core.awtswtbridge.EmbeddedSwingComposite$4.run(EmbeddedSwingComposite.java:291) ~[com.st.stm32cube.common.mx.oss_6.11.1.202404110753/:?]
	at com.st.stm32cube.common.mx.oss.core.awtswtbridge.AwtEnvironment$2.run(AwtEnvironment.java:166) ~[com.st.stm32cube.common.mx.oss_6.11.1.202404110753/:?]
	at java.awt.event.InvocationEvent.dispatch(InvocationEvent.java:318) ~[?:?]
	at java.awt.EventQueue.dispatchEventImpl(EventQueue.java:773) ~[?:?]
	at java.awt.EventQueue$4.run(EventQueue.java:720) ~[?:?]
	at java.awt.EventQueue$4.run(EventQueue.java:714) ~[?:?]
	at java.security.AccessController.doPrivileged(AccessController.java:399) ~[?:?]
	at java.security.ProtectionDomain$JavaSecurityAccessImpl.doIntersectionPrivilege(ProtectionDomain.java:86) ~[?:?]
	at java.awt.EventQueue.dispatchEvent(EventQueue.java:742) ~[?:?]
	at java.awt.EventDispatchThread.pumpOneEventForFilters(EventDispatchThread.java:203) ~[?:?]
	at java.awt.EventDispatchThread.pumpEventsForFilter(EventDispatchThread.java:124) ~[?:?]
	at java.awt.EventDispatchThread.pumpEventsForHierarchy(EventDispatchThread.java:113) ~[?:?]
	at java.awt.EventDispatchThread.pumpEvents(EventDispatchThread.java:109) ~[?:?]
	at java.awt.EventDispatchThread.pumpEvents(EventDispatchThread.java:101) ~[?:?]
	at java.awt.EventDispatchThread.run(EventDispatchThread.java:90) ~[?:?]
2024-05-05 17:36:07,580 [WARN] ThirdParty:871 - waiting for thirdparty lock release [close project]
2024-05-05 17:36:07,580 [INFO] ThirdParty:873 - entering critical section [close project]
2024-05-05 17:36:07,580 [INFO] ThirdParty:883 - exiting critical section [close project]
2024-05-05 17:36:07,581 [INFO] PinOutPanel:1561 - setPackage(No Configuration,No Configuration)
2024-05-05 17:36:07,583 [INFO] UtilMem:75 - Begin LoadConfig() Used Memory: 639983312 Bytes (1073741824)
2024-05-05 17:36:07,586 [INFO] MicroXplorer:468 - Change Database Path : C:/Users/saksh/.stm32cubemx/databases/DB.6.0.100/db/
2024-05-05 17:36:07,586 [INFO] MicroXplorer:498 - Change Database Version : DB.6.0.100
2024-05-05 17:36:08,954 [INFO] OpenFileManager:312 - Change cursor
2024-05-05 17:36:08,960 [INFO] Mcu:2021 - Initializing MCU STM32H7A3Z(G-I)TxQ STM32H7A3ZITxQ STM32H7A3ZIT6Q
2024-05-05 17:36:10,154 [INFO] Context:663 - Trying to add GPIOservice into a context  which must be forbidden
2024-05-05 17:36:10,570 [INFO] RtosManager:555 - Registered RTOS mode: class=CMSIS, group=RTOS, mode=CMSIS_V1, owner=FREERTOS
2024-05-05 17:36:10,570 [INFO] RtosManager:555 - Registered RTOS mode: class=CMSIS, group=RTOS2, mode=CMSIS_V2, owner=FREERTOS
2024-05-05 17:36:10,570 [INFO] RtosManager:555 - Registered RTOS mode: class=RTOS, group=Core, mode=CMSIS_V1, owner=FREERTOS
2024-05-05 17:36:10,570 [INFO] RtosManager:555 - Registered RTOS mode: class=RTOS, group=Core, mode=CMSIS_V2, owner=FREERTOS
2024-05-05 17:36:10,571 [WARN] ModelIntegratedComponent:184 - Missing modes for component STMicroelectronics:FreeRTOS:0.0.1:STMicroelectronics:RTOS:FreeRTOS:Core:::10.2.0:
2024-05-05 17:36:10,572 [WARN] ModelIntegratedComponent:63 - No mode defined for component null
2024-05-05 17:36:10,572 [WARN] ModelIntegratedComponent:63 - No mode defined for component null
2024-05-05 17:36:10,572 [WARN] ModelIntegratedComponent:63 - No mode defined for component null
2024-05-05 17:36:10,572 [WARN] ModelIntegratedComponent:63 - No mode defined for component null
2024-05-05 17:36:10,572 [WARN] ModelIntegratedComponent:63 - No mode defined for component null
2024-05-05 17:36:10,572 [WARN] ModelIntegratedComponent:63 - No mode defined for component null
2024-05-05 17:36:10,572 [WARN] ModelIntegratedComponent:63 - No mode defined for component null
2024-05-05 17:36:10,572 [WARN] ModelIntegratedComponent:63 - No mode defined for component null
2024-05-05 17:36:10,572 [WARN] ModelIntegratedComponent:63 - No mode defined for component null
2024-05-05 17:36:10,572 [WARN] ModelIntegratedComponent:63 - No mode defined for component null
2024-05-05 17:36:10,572 [WARN] ModelIntegratedComponent:63 - No mode defined for component null
2024-05-05 17:36:10,572 [WARN] ModelIntegratedComponent:63 - No mode defined for component null
2024-05-05 17:36:10,572 [WARN] ModelIntegratedComponent:63 - No mode defined for component null
2024-05-05 17:36:10,572 [WARN] ModelIntegratedComponent:63 - No mode defined for component null
2024-05-05 17:36:10,572 [WARN] ModelIntegratedComponent:63 - No mode defined for component null
2024-05-05 17:36:10,572 [WARN] ModelIntegratedComponent:63 - No mode defined for component null
2024-05-05 17:36:10,572 [WARN] ModelIntegratedComponent:63 - No mode defined for component null
2024-05-05 17:36:10,572 [WARN] ModelIntegratedComponent:63 - No mode defined for component null
2024-05-05 17:36:10,572 [WARN] ModelIntegratedComponent:63 - No mode defined for component null
2024-05-05 17:36:10,572 [WARN] ModelIntegratedComponent:63 - No mode defined for component null
2024-05-05 17:36:10,572 [WARN] ModelIntegratedComponent:63 - No mode defined for component null
2024-05-05 17:36:10,572 [WARN] ModelIntegratedComponent:63 - No mode defined for component null
2024-05-05 17:36:10,572 [WARN] ModelIntegratedComponent:63 - No mode defined for component null
2024-05-05 17:36:10,572 [WARN] ModelIntegratedComponent:63 - No mode defined for component null
2024-05-05 17:36:10,572 [WARN] ModelIntegratedComponent:63 - No mode defined for component null
2024-05-05 17:36:10,572 [WARN] ModelIntegratedComponent:63 - No mode defined for component null
2024-05-05 17:36:10,572 [WARN] ModelIntegratedComponent:63 - No mode defined for component null
2024-05-05 17:36:10,572 [WARN] ModelIntegratedComponent:63 - No mode defined for component null
2024-05-05 17:36:10,572 [WARN] ModelIntegratedComponent:63 - No mode defined for component null
2024-05-05 17:36:10,572 [WARN] ModelIntegratedComponent:63 - No mode defined for component null
2024-05-05 17:36:10,572 [WARN] ModelIntegratedComponent:63 - No mode defined for component null
2024-05-05 17:36:10,572 [WARN] ModelIntegratedComponent:63 - No mode defined for component null
2024-05-05 17:36:10,572 [WARN] ModelIntegratedComponent:63 - No mode defined for component null
2024-05-05 17:36:10,572 [WARN] ModelIntegratedComponent:63 - No mode defined for component null
2024-05-05 17:36:10,601 [WARN] ModelIntegratedComponent:182 - Modes not found for component STMicroelectronics:USB_DEVICE:1.0.0:STMicroelectronics:USB::USB Device:Audio FS::1.0:USB_DEVICE_1_0_RESTRICTED_FS
2024-05-05 17:36:10,601 [WARN] ModelIntegratedComponent:188 - Modes not found for component STMicroelectronics:USB_DEVICE:1.0.0:STMicroelectronics:USB::USB Device:Audio FS::1.0:USB_DEVICE_1_0_RESTRICTED_FS
2024-05-05 17:36:10,601 [WARN] ModelIntegratedComponent:182 - Modes not found for component STMicroelectronics:USB_DEVICE:1.0.0:STMicroelectronics:USB::USB Device:CDC FS::1.0:USB_DEVICE_1_0_RESTRICTED_FS
2024-05-05 17:36:10,601 [WARN] ModelIntegratedComponent:188 - Modes not found for component STMicroelectronics:USB_DEVICE:1.0.0:STMicroelectronics:USB::USB Device:CDC FS::1.0:USB_DEVICE_1_0_RESTRICTED_FS
2024-05-05 17:36:10,601 [WARN] ModelIntegratedComponent:182 - Modes not found for component STMicroelectronics:USB_DEVICE:1.0.0:STMicroelectronics:USB::USB Device:DFU FS::1.0:USB_DEVICE_1_0_RESTRICTED_FS
2024-05-05 17:36:10,601 [WARN] ModelIntegratedComponent:188 - Modes not found for component STMicroelectronics:USB_DEVICE:1.0.0:STMicroelectronics:USB::USB Device:DFU FS::1.0:USB_DEVICE_1_0_RESTRICTED_FS
2024-05-05 17:36:10,601 [WARN] ModelIntegratedComponent:182 - Modes not found for component STMicroelectronics:USB_DEVICE:1.0.0:STMicroelectronics:USB::USB Device:HID FS::1.0:USB_DEVICE_1_0_RESTRICTED_FS
2024-05-05 17:36:10,601 [WARN] ModelIntegratedComponent:188 - Modes not found for component STMicroelectronics:USB_DEVICE:1.0.0:STMicroelectronics:USB::USB Device:HID FS::1.0:USB_DEVICE_1_0_RESTRICTED_FS
2024-05-05 17:36:10,601 [WARN] ModelIntegratedComponent:182 - Modes not found for component STMicroelectronics:USB_DEVICE:1.0.0:STMicroelectronics:USB::USB Device:Custom HID FS::1.0:USB_DEVICE_1_0_RESTRICTED_FS
2024-05-05 17:36:10,601 [WARN] ModelIntegratedComponent:188 - Modes not found for component STMicroelectronics:USB_DEVICE:1.0.0:STMicroelectronics:USB::USB Device:Custom HID FS::1.0:USB_DEVICE_1_0_RESTRICTED_FS
2024-05-05 17:36:10,601 [WARN] ModelIntegratedComponent:182 - Modes not found for component STMicroelectronics:USB_DEVICE:1.0.0:STMicroelectronics:USB::USB Device:MSC FS::1.0:USB_DEVICE_1_0_RESTRICTED_FS
2024-05-05 17:36:10,601 [WARN] ModelIntegratedComponent:188 - Modes not found for component STMicroelectronics:USB_DEVICE:1.0.0:STMicroelectronics:USB::USB Device:MSC FS::1.0:USB_DEVICE_1_0_RESTRICTED_FS
2024-05-05 17:36:10,637 [WARN] ModelIntegratedComponent:182 - Modes not found for component STMicroelectronics:USB_HOST:1.0.0:STMicroelectronics:USB::USB Host:Audio FS::1.0:USB_HOST_1_0_RESTRICTED_FS
2024-05-05 17:36:10,637 [WARN] ModelIntegratedComponent:188 - Modes not found for component STMicroelectronics:USB_HOST:1.0.0:STMicroelectronics:USB::USB Host:Audio FS::1.0:USB_HOST_1_0_RESTRICTED_FS
2024-05-05 17:36:10,637 [WARN] ModelIntegratedComponent:182 - Modes not found for component STMicroelectronics:USB_HOST:1.0.0:STMicroelectronics:USB::USB Host:CDC FS::1.0:USB_HOST_1_0_RESTRICTED_FS
2024-05-05 17:36:10,637 [WARN] ModelIntegratedComponent:188 - Modes not found for component STMicroelectronics:USB_HOST:1.0.0:STMicroelectronics:USB::USB Host:CDC FS::1.0:USB_HOST_1_0_RESTRICTED_FS
2024-05-05 17:36:10,637 [WARN] ModelIntegratedComponent:182 - Modes not found for component STMicroelectronics:USB_HOST:1.0.0:STMicroelectronics:USB::USB Host:MSC FS::1.0:USB_HOST_1_0_RESTRICTED_FS
2024-05-05 17:36:10,637 [WARN] ModelIntegratedComponent:188 - Modes not found for component STMicroelectronics:USB_HOST:1.0.0:STMicroelectronics:USB::USB Host:MSC FS::1.0:USB_HOST_1_0_RESTRICTED_FS
2024-05-05 17:36:10,637 [WARN] ModelIntegratedComponent:182 - Modes not found for component STMicroelectronics:USB_HOST:1.0.0:STMicroelectronics:USB::USB Host:HID FS::1.0:USB_HOST_1_0_RESTRICTED_FS
2024-05-05 17:36:10,637 [WARN] ModelIntegratedComponent:188 - Modes not found for component STMicroelectronics:USB_HOST:1.0.0:STMicroelectronics:USB::USB Host:HID FS::1.0:USB_HOST_1_0_RESTRICTED_FS
2024-05-05 17:36:10,637 [WARN] ModelIntegratedComponent:182 - Modes not found for component STMicroelectronics:USB_HOST:1.0.0:STMicroelectronics:USB::USB Host:MTP FS::1.0:USB_HOST_1_0_RESTRICTED_FS
2024-05-05 17:36:10,637 [WARN] ModelIntegratedComponent:188 - Modes not found for component STMicroelectronics:USB_HOST:1.0.0:STMicroelectronics:USB::USB Host:MTP FS::1.0:USB_HOST_1_0_RESTRICTED_FS
2024-05-05 17:36:10,715 [INFO] ThirdPartyModel:298 - Start build external matchings
2024-05-05 17:36:11,945 [INFO] ThirdPartyModel:316 - End build external matchings
2024-05-05 17:36:11,971 [INFO] ImportTextPane:194 - (OptionalMessage_ERROR) IP (RCC) : Invalid parameter (FamilyName)
2024-05-05 17:36:11,971 [INFO] ImportTextPane:194 - (OptionalMessage_ERROR) IP (RCC) : Parameter (LTDCFreq_Value) has invalid value (768000000)
2024-05-05 17:36:11,971 [INFO] ImportTextPane:194 - (OptionalMessage_ERROR) IP (RCC) : Parameter (TraceFreq_Value) has invalid value (64000000)
2024-05-05 17:36:12,274 [INFO] UtilMem:75 - End LoadConfig() Used Memory: 718711344 Bytes (1073741824)
2024-05-05 17:36:12,296 [WARN] ThirdParty:833 - waiting for thirdparty lock release [change project]
2024-05-05 17:36:12,296 [INFO] ThirdParty:835 - entering critical section [change project]
2024-05-05 17:36:12,296 [INFO] ThirdParty:1030 - CMSIS Pack Vendor :STMicroelectronics USBPD 4.1
2024-05-05 17:36:12,296 [INFO] ThirdParty:1030 - CMSIS Pack Vendor :STMicroelectronics X-CUBE-GNSS1 6.0.0
2024-05-05 17:36:12,296 [INFO] ThirdParty:1030 - CMSIS Pack Vendor :STMicroelectronics USB_HOST 2.0.0
2024-05-05 17:36:12,296 [INFO] ThirdParty:1030 - CMSIS Pack Vendor :STMicroelectronics FP-SNS-MOTENVWB1 1.4.0
2024-05-05 17:36:12,296 [INFO] ThirdParty:1030 - CMSIS Pack Vendor :STMicroelectronics X-CUBE-AZRTOS-F4 1.1.0
2024-05-05 17:36:12,296 [INFO] ThirdParty:1030 - CMSIS Pack Vendor :STMicroelectronics LIBJPEG 8.0.0
2024-05-05 17:36:12,296 [INFO] ThirdParty:1030 - CMSIS Pack Vendor :STMicroelectronics X-CUBE-SMBUS 2.1.0
2024-05-05 17:36:12,296 [INFO] ThirdParty:1030 - CMSIS Pack Vendor :STMicroelectronics X-CUBE-FREERTOS 1.2.0
2024-05-05 17:36:12,296 [INFO] ThirdParty:1030 - CMSIS Pack Vendor :STMicroelectronics X-CUBE-TOUCHGFX 4.23.1
2024-05-05 17:36:12,296 [INFO] ThirdParty:1030 - CMSIS Pack Vendor :STMicroelectronics X-CUBE-TOUCHGFX 4.23.0
2024-05-05 17:36:12,296 [INFO] ThirdParty:1030 - CMSIS Pack Vendor :STMicroelectronics X-CUBE-BLEMGR 1.2.0
2024-05-05 17:36:12,296 [INFO] ThirdParty:1030 - CMSIS Pack Vendor :STMicroelectronics X-CUBE-TOUCHGFX 4.23.2
2024-05-05 17:36:12,296 [INFO] ThirdParty:1030 - CMSIS Pack Vendor :STMicroelectronics X-CUBE-AZRTOS-F7 1.1.0
2024-05-05 17:36:12,296 [INFO] ThirdParty:1030 - CMSIS Pack Vendor :STMicroelectronics X-CUBE-AZRTOS-L5 2.0.0
2024-05-05 17:36:12,296 [INFO] ThirdParty:1030 - CMSIS Pack Vendor :STMicroelectronics USB_DEVICE 2.0.0
2024-05-05 17:36:12,296 [INFO] ThirdParty:1030 - CMSIS Pack Vendor :STMicroelectronics X-CUBE-MEMS1 9.6.0
2024-05-05 17:36:12,296 [INFO] ThirdParty:1030 - CMSIS Pack Vendor :STMicroelectronics X-CUBE-EEPRMA1 4.2.0
2024-05-05 17:36:12,296 [INFO] ThirdParty:1030 - CMSIS Pack Vendor :STMicroelectronics X-CUBE-NFC6 3.1.0
2024-05-05 17:36:12,296 [INFO] ThirdParty:1030 - CMSIS Pack Vendor :ITTIA_DB I-CUBE-ITTIADB 8.8.0
2024-05-05 17:36:12,296 [INFO] ThirdParty:1030 - CMSIS Pack Vendor :STMicroelectronics FP-SNS-MOTENV1 4.3.0
2024-05-05 17:36:12,296 [INFO] ThirdParty:1030 - CMSIS Pack Vendor :STMicroelectronics FP-SNS-MOTENV1 4.3.2
2024-05-05 17:36:12,296 [INFO] ThirdParty:1030 - CMSIS Pack Vendor :STMicroelectronics FP-SNS-FLIGHT1 5.0.0
2024-05-05 17:36:12,296 [INFO] ThirdParty:1030 - CMSIS Pack Vendor :STMicroelectronics FP-SNS-MOTENV1 4.3.1
2024-05-05 17:36:12,296 [INFO] ThirdParty:1030 - CMSIS Pack Vendor :STMicroelectronics FP-SNS-FLIGHT1 5.0.1
2024-05-05 17:36:12,296 [INFO] ThirdParty:1030 - CMSIS Pack Vendor :STMicroelectronics X-CUBE-BLE1 6.2.3
2024-05-05 17:36:12,296 [INFO] ThirdParty:1030 - CMSIS Pack Vendor :STMicroelectronics X-CUBE-BLE1 6.2.4
2024-05-05 17:36:12,296 [INFO] ThirdParty:1030 - CMSIS Pack Vendor :STMicroelectronics FreeRTOS 0.0.1
2024-05-05 17:36:12,296 [INFO] ThirdParty:1030 - CMSIS Pack Vendor :STMicroelectronics X-CUBE-BLEMGR 2.0.0
2024-05-05 17:36:12,296 [INFO] ThirdParty:1030 - CMSIS Pack Vendor :STMicroelectronics FP-SNS-FLIGHT1 5.0.2
2024-05-05 17:36:12,296 [INFO] ThirdParty:1030 - CMSIS Pack Vendor :STMicroelectronics X-CUBE-NFC4 2.0.4
2024-05-05 17:36:12,296 [INFO] ThirdParty:1030 - CMSIS Pack Vendor :STMicroelectronics X-CUBE-AI 9.0.0
2024-05-05 17:36:12,296 [INFO] ThirdParty:1030 - CMSIS Pack Vendor :STMicroelectronics X-CUBE-AZRTOS-H7 3.1.0
2024-05-05 17:36:12,296 [INFO] ThirdParty:1030 - CMSIS Pack Vendor :STMicroelectronics PDM2PCM 3.3.0
2024-05-05 17:36:12,296 [INFO] ThirdParty:1030 - CMSIS Pack Vendor :STMicroelectronics X-CUBE-TOF1 3.1.0
2024-05-05 17:36:12,296 [INFO] ThirdParty:1030 - CMSIS Pack Vendor :STMicroelectronics X-CUBE-DISPLAY 3.0.0
2024-05-05 17:36:12,296 [INFO] ThirdParty:1030 - CMSIS Pack Vendor :STMicroelectronics X-CUBE-BLE1 7.0.0
2024-05-05 17:36:12,296 [INFO] ThirdParty:1030 - CMSIS Pack Vendor :wolfSSL I-CUBE-wolfSSL 5.5.0
2024-05-05 17:36:12,296 [INFO] ThirdParty:1030 - CMSIS Pack Vendor :STMicroelectronics HAL Drivers 0.0.0
2024-05-05 17:36:12,296 [INFO] ThirdParty:1030 - CMSIS Pack Vendor :STMicroelectronics X-CUBE-TOUCHGFX 4.22.0
2024-05-05 17:36:12,296 [INFO] ThirdParty:1030 - CMSIS Pack Vendor :STMicroelectronics X-CUBE-NFC7 1.0.1
2024-05-05 17:36:12,296 [INFO] ThirdParty:1030 - CMSIS Pack Vendor :STMicroelectronics MBEDTLS 2.14.1
2024-05-05 17:36:12,296 [INFO] ThirdParty:1030 - CMSIS Pack Vendor :STMicroelectronics X-CUBE-NFC7 1.0.0
2024-05-05 17:36:12,296 [INFO] ThirdParty:1030 - CMSIS Pack Vendor :STMicroelectronics X-CUBE-NFC6 3.0.0
2024-05-05 17:36:12,296 [INFO] ThirdParty:1030 - CMSIS Pack Vendor :STMicroelectronics X-CUBE-MEMS1 9.3.0
2024-05-05 17:36:12,296 [INFO] ThirdParty:1030 - CMSIS Pack Vendor :STMicroelectronics X-CUBE-EEPRMA1 4.1.0
2024-05-05 17:36:12,296 [INFO] ThirdParty:1030 - CMSIS Pack Vendor :STMicroelectronics X-CUBE-AI 7.2.0
2024-05-05 17:36:12,296 [INFO] ThirdParty:1030 - CMSIS Pack Vendor :STMicroelectronics X-CUBE-BLEMGR 3.1.0
2024-05-05 17:36:12,296 [INFO] ThirdParty:1030 - CMSIS Pack Vendor :STMicroelectronics FP-SNS-SMARTAG2 1.2.0
2024-05-05 17:36:12,296 [INFO] ThirdParty:1030 - CMSIS Pack Vendor :STMicroelectronics X-CUBE-AZRTOS-WL 2.0.0
2024-05-05 17:36:12,296 [INFO] ThirdParty:1030 - CMSIS Pack Vendor :STMicroelectronics FP-SNS-MOTENV1 5.0.0
2024-05-05 17:36:12,296 [INFO] ThirdParty:1030 - CMSIS Pack Vendor :STMicroelectronics USB_DEVICE 1.0.0
2024-05-05 17:36:12,296 [INFO] ThirdParty:1030 - CMSIS Pack Vendor :STMicroelectronics X-CUBE-AI 8.1.0
2024-05-05 17:36:12,296 [INFO] ThirdParty:1030 - CMSIS Pack Vendor :STMicroelectronics X-CUBE-AZRTOS-L4 2.0.0
2024-05-05 17:36:12,296 [INFO] ThirdParty:1030 - CMSIS Pack Vendor :STMicroelectronics ThreadX 0.0.2
2024-05-05 17:36:12,296 [INFO] ThirdParty:1030 - CMSIS Pack Vendor :WES I-CUBE-Cesium 1.3.0
2024-05-05 17:36:12,296 [INFO] ThirdParty:1030 - CMSIS Pack Vendor :STMicroelectronics lwIP 2.1.2
2024-05-05 17:36:12,296 [INFO] ThirdParty:1030 - CMSIS Pack Vendor :STMicroelectronics X-CUBE-SFXS2LP1 4.0.0
2024-05-05 17:36:12,296 [INFO] ThirdParty:1030 - CMSIS Pack Vendor :STMicroelectronics X-CUBE-BLE2 3.3.0
2024-05-05 17:36:12,296 [INFO] ThirdParty:1030 - CMSIS Pack Vendor :STMicroelectronics X-CUBE-DISPLAY 2.2.0
2024-05-05 17:36:12,296 [INFO] ThirdParty:1030 - CMSIS Pack Vendor :STMicroelectronics X-CUBE-TOF1 3.2.0
2024-05-05 17:36:12,296 [INFO] ThirdParty:1030 - CMSIS Pack Vendor :STMicroelectronics PDM2PCM 3.2.0
2024-05-05 17:36:12,296 [INFO] ThirdParty:1030 - CMSIS Pack Vendor :STMicroelectronics X-CUBE-AZRTOS-H7 3.0.0
2024-05-05 17:36:12,296 [INFO] ThirdParty:1030 - CMSIS Pack Vendor :STMicroelectronics X-CUBE-ISPU 1.0.0
2024-05-05 17:36:12,296 [INFO] ThirdParty:1030 - CMSIS Pack Vendor :STMicroelectronics X-CUBE-ISPU 1.1.0
2024-05-05 17:36:12,296 [INFO] ThirdParty:1030 - CMSIS Pack Vendor :RoweBots I-CUBE-UNISONRTOS 5.5.0-4
2024-05-05 17:36:12,296 [INFO] ThirdParty:1030 - CMSIS Pack Vendor :STMicroelectronics X-CUBE-AZRTOS-H7 2.1.0
2024-05-05 17:36:12,296 [INFO] ThirdParty:1030 - CMSIS Pack Vendor :STMicroelectronics USB_DEVICE 3.0.0
2024-05-05 17:36:12,296 [INFO] ThirdParty:1030 - CMSIS Pack Vendor :STMicroelectronics X-CUBE-TCPP 4.1.0
2024-05-05 17:36:12,296 [INFO] ThirdParty:1030 - CMSIS Pack Vendor :STMicroelectronics X-CUBE-AI 8.0.0
2024-05-05 17:36:12,296 [INFO] ThirdParty:1030 - CMSIS Pack Vendor :STMicroelectronics X-CUBE-AZRTOS-WB 2.0.0
2024-05-05 17:36:12,296 [INFO] ThirdParty:1030 - CMSIS Pack Vendor :STMicroelectronics X-CUBE-FREERTOS 1.0.0
2024-05-05 17:36:12,296 [INFO] ThirdParty:1030 - CMSIS Pack Vendor :STMicroelectronics X-CUBE-FREERTOS 1.0.1
2024-05-05 17:36:12,296 [INFO] ThirdParty:1030 - CMSIS Pack Vendor :STMicroelectronics X-CUBE-TOUCHGFX 4.21.1
2024-05-05 17:36:12,296 [INFO] ThirdParty:1030 - CMSIS Pack Vendor :STMicroelectronics X-CUBE-TOUCHGFX 4.21.3
2024-05-05 17:36:12,296 [INFO] ThirdParty:1030 - CMSIS Pack Vendor :STMicroelectronics X-CUBE-BLEMGR 1.0.0
2024-05-05 17:36:12,296 [INFO] ThirdParty:1030 - CMSIS Pack Vendor :STMicroelectronics X-CUBE-TOUCHGFX 4.21.4
2024-05-05 17:36:12,296 [INFO] ThirdParty:1030 - CMSIS Pack Vendor :STMicroelectronics X-CUBE-MEMS1 9.4.0
2024-05-05 17:36:12,296 [INFO] ThirdParty:1030 - CMSIS Pack Vendor :STMicroelectronics X-CUBE-AI 7.3.0
2024-05-05 17:36:12,296 [INFO] ThirdParty:1030 - CMSIS Pack Vendor :STMicroelectronics X-CUBE-ALGOBUILD 1.3.0
2024-05-05 17:36:12,296 [INFO] ThirdParty:1030 - CMSIS Pack Vendor :STMicroelectronics X-CUBE-AZRTOS-L5 1.1.0
2024-05-05 17:36:12,296 [INFO] ThirdParty:1030 - CMSIS Pack Vendor :STMicroelectronics X-CUBE-AZRTOS-G0 1.1.0
2024-05-05 17:36:12,296 [INFO] ThirdParty:1030 - CMSIS Pack Vendor :STMicroelectronics X-CUBE-AI 8.0.1
2024-05-05 17:36:12,297 [INFO] ThirdParty:1030 - CMSIS Pack Vendor :STMicroelectronics X-CUBE-SAFEA1 1.2.2
2024-05-05 17:36:12,297 [INFO] ThirdParty:1030 - CMSIS Pack Vendor :STMicroelectronics X-CUBE-NFC4 3.0.0
2024-05-05 17:36:12,297 [INFO] ThirdParty:1030 - CMSIS Pack Vendor :SEGGER I-CUBE-embOS 1.2.0
2024-05-05 17:36:12,297 [INFO] ThirdParty:1030 - CMSIS Pack Vendor :STMicroelectronics X-CUBE-SUBG2 5.0.0
2024-05-05 17:36:12,297 [INFO] ThirdParty:1030 - CMSIS Pack Vendor :STMicroelectronics STM32_WPAN 1.0.0
2024-05-05 17:36:12,297 [INFO] ThirdParty:1030 - CMSIS Pack Vendor :STMicroelectronics lwIP 2.0.3
2024-05-05 17:36:12,297 [INFO] ThirdParty:1030 - CMSIS Pack Vendor :STMicroelectronics USB_HOST 1.0.0
2024-05-05 17:36:12,297 [INFO] ThirdParty:1030 - CMSIS Pack Vendor :STMicroelectronics X-CUBE-TOF1 3.3.1
2024-05-05 17:36:12,297 [INFO] ThirdParty:1030 - CMSIS Pack Vendor :STMicroelectronics X-CUBE-AZRTOS-G4 2.0.0
2024-05-05 17:36:12,297 [INFO] ThirdParty:1030 - CMSIS Pack Vendor :STMicroelectronics PDM2PCM 3.1.0
2024-05-05 17:36:12,297 [INFO] ThirdParty:1030 - CMSIS Pack Vendor :STMicroelectronics X-CUBE-TOF1 3.3.0
2024-05-05 17:36:12,297 [INFO] ThirdParty:1030 - CMSIS Pack Vendor :STMicroelectronics FP-ATR-ASTRA1 1.1.1
2024-05-05 17:36:12,297 [INFO] ThirdParty:1030 - CMSIS Pack Vendor :Infineon AIROC-Wi-Fi-Bluetooth-STM32 1.5.1
2024-05-05 17:36:12,297 [INFO] ThirdParty:1030 - CMSIS Pack Vendor :STMicroelectronics X-CUBE-BLEMGR 3.0.0
2024-05-05 17:36:12,297 [INFO] ThirdParty:1030 - CMSIS Pack Vendor :STMicroelectronics X-CUBE-BLEMGR 1.3.0
2024-05-05 17:36:12,297 [INFO] ThirdParty:1030 - CMSIS Pack Vendor :STMicroelectronics FP-SNS-MOTENVWB1 1.3.1
2024-05-05 17:36:12,297 [INFO] ThirdParty:1030 - CMSIS Pack Vendor :STMicroelectronics FP-ATR-SIGFOX1 3.2.0
2024-05-05 17:36:12,297 [INFO] ThirdParty:1030 - CMSIS Pack Vendor :STMicroelectronics X-CUBE-AZRTOS-G4 1.0.0
2024-05-05 17:36:12,297 [INFO] ThirdParty:1030 - CMSIS Pack Vendor :STMicroelectronics X-CUBE-AZRTOS-L4 1.0.0
2024-05-05 17:36:12,297 [INFO] ThirdParty:1030 - CMSIS Pack Vendor :STMicroelectronics X-CUBE-ISPU 2.0.0
2024-05-05 17:36:12,297 [INFO] ThirdParty:1030 - CMSIS Pack Vendor :STMicroelectronics X-CUBE-EEPRMA1 5.1.0
2024-05-05 17:36:12,297 [INFO] ThirdParty:1030 - CMSIS Pack Vendor :STMicroelectronics MBEDTLS 2.16.2
2024-05-05 17:36:12,297 [INFO] ThirdParty:1030 - CMSIS Pack Vendor :emotas I-CUBE-CANOPEN 1.1.2
2024-05-05 17:36:12,297 [INFO] ThirdParty:1030 - CMSIS Pack Vendor :STMicroelectronics X-CUBE-TOUCHGFX 4.20.0
2024-05-05 17:36:12,297 [INFO] ThirdParty:1030 - CMSIS Pack Vendor :STMicroelectronics X-CUBE-MEMS1 10.0.0
2024-05-05 17:36:12,297 [INFO] ThirdParty:1030 - CMSIS Pack Vendor :STMicroelectronics X-CUBE-FREERTOS 1.1.0
2024-05-05 17:36:12,297 [INFO] ThirdParty:1030 - CMSIS Pack Vendor :STMicroelectronics X-CUBE-AZRTOS-WL 1.0.0
2024-05-05 17:36:12,297 [INFO] ThirdParty:1030 - CMSIS Pack Vendor :portGmbH I-Cube-SoM-uGOAL 1.1.0
2024-05-05 17:36:12,297 [INFO] ThirdParty:1030 - CMSIS Pack Vendor :STMicroelectronics X-CUBE-ALS 1.0.1
2024-05-05 17:36:12,297 [INFO] ThirdParty:1030 - CMSIS Pack Vendor :STMicroelectronics X-CUBE-MEMS1 9.5.0
2024-05-05 17:36:12,297 [INFO] ThirdParty:1030 - CMSIS Pack Vendor :STMicroelectronics ThreadX 1.0.0
2024-05-05 17:36:12,297 [INFO] ThirdParty:1030 - CMSIS Pack Vendor :STMicroelectronics X-CUBE-AZRTOS-WB 1.1.0
2024-05-05 17:36:12,297 [INFO] ThirdParty:1030 - CMSIS Pack Vendor :SEGGER I-CUBE-embOS 1.3.1
2024-05-05 17:36:12,297 [INFO] ThirdParty:1030 - CMSIS Pack Vendor :STMicroelectronics X-CUBE-AZRTOS-L5 1.0.0
2024-05-05 17:36:12,297 [INFO] ThirdParty:1030 - CMSIS Pack Vendor :STMicroelectronics X-CUBE-EEPRMA1 3.1.1
2024-05-05 17:36:12,297 [INFO] ThirdParty:1030 - CMSIS Pack Vendor :STMicroelectronics X-CUBE-AZRTOS-H7RS 1.0.0
2024-05-05 17:36:12,297 [INFO] ThirdParty:1030 - CMSIS Pack Vendor :STMicroelectronics FP-ATR-ASTRA1 2.0.0
2024-05-05 17:36:12,297 [INFO] ThirdParty:1030 - CMSIS Pack Vendor :STMicroelectronics X-CUBE-TOF1 3.4.0
2024-05-05 17:36:12,297 [INFO] ThirdParty:1030 - CMSIS Pack Vendor :STMicroelectronics X-CUBE-TOF1 3.4.1
2024-05-05 17:36:12,297 [INFO] ThirdParty:1030 - CMSIS Pack Vendor :STMicroelectronics X-CUBE-AZRTOS-H7 3.2.0
2024-05-05 17:36:12,297 [INFO] ThirdParty:841 - exiting critical section [change project]
2024-05-05 17:36:12,415 [INFO] PinOutPanel:1561 - setPackage(No Configuration,No Configuration)
2024-05-05 17:36:12,416 [INFO] PinOutPanel:1561 - setPackage(STM32H7A3ZITxQ,LQFP144)
2024-05-05 17:36:12,725 [INFO] UtilMem:75 - Before build in PCC Used Memory: 525868784 Bytes (1073741824)
2024-05-05 17:36:12,923 [INFO] UtilMem:75 - After build in PCC Used Memory: 707794672 Bytes (1073741824)
2024-05-05 17:36:12,939 [INFO] IPUIPlugin:80 - create IPUIPlugin
2024-05-05 17:36:12,939 [INFO] IPUIPlugin:80 - create IPUIPlugin
2024-05-05 17:36:12,939 [INFO] IPUIPlugin:80 - create IPUIPlugin
2024-05-05 17:36:12,939 [INFO] IPUIPlugin:80 - create IPUIPlugin
2024-05-05 17:36:12,939 [INFO] IPUIPlugin:80 - create IPUIPlugin
2024-05-05 17:36:12,939 [INFO] IPUIPlugin:80 - create IPUIPlugin
2024-05-05 17:36:12,939 [INFO] IPUIPlugin:80 - create IPUIPlugin
2024-05-05 17:36:12,939 [INFO] IPUIPlugin:80 - create IPUIPlugin
2024-05-05 17:36:12,940 [INFO] IPUIPlugin:80 - create IPUIPlugin
2024-05-05 17:36:12,940 [INFO] IPUIPlugin:80 - create IPUIPlugin
2024-05-05 17:36:12,940 [INFO] IPUIPlugin:80 - create IPUIPlugin
2024-05-05 17:36:12,940 [INFO] IPUIPlugin:80 - create IPUIPlugin
2024-05-05 17:36:12,940 [INFO] IPUIPlugin:80 - create IPUIPlugin
2024-05-05 17:36:12,940 [INFO] IPUIPlugin:80 - create IPUIPlugin
2024-05-05 17:36:12,940 [INFO] IPUIPlugin:80 - create IPUIPlugin
2024-05-05 17:36:12,940 [INFO] IPUIPlugin:80 - create IPUIPlugin
2024-05-05 17:36:12,940 [INFO] IPUIPlugin:80 - create IPUIPlugin
2024-05-05 17:36:12,940 [INFO] IPUIPlugin:80 - create IPUIPlugin
2024-05-05 17:36:12,940 [INFO] IPUIPlugin:80 - create IPUIPlugin
2024-05-05 17:36:12,940 [INFO] IPUIPlugin:80 - create IPUIPlugin
2024-05-05 17:36:12,940 [INFO] IPUIPlugin:80 - create IPUIPlugin
2024-05-05 17:36:12,940 [INFO] IPUIPlugin:80 - create IPUIPlugin
2024-05-05 17:36:12,940 [INFO] IPUIPlugin:80 - create IPUIPlugin
2024-05-05 17:36:12,940 [INFO] IPUIPlugin:80 - create IPUIPlugin
2024-05-05 17:36:12,940 [INFO] IPUIPlugin:80 - create IPUIPlugin
2024-05-05 17:36:12,940 [INFO] IPUIPlugin:80 - create IPUIPlugin
2024-05-05 17:36:12,940 [INFO] IPUIPlugin:80 - create IPUIPlugin
2024-05-05 17:36:12,940 [INFO] IPUIPlugin:80 - create IPUIPlugin
2024-05-05 17:36:12,940 [INFO] IPUIPlugin:80 - create IPUIPlugin
2024-05-05 17:36:12,940 [INFO] IPUIPlugin:80 - create IPUIPlugin
2024-05-05 17:36:12,940 [INFO] IPUIPlugin:80 - create IPUIPlugin
2024-05-05 17:36:12,940 [INFO] IPUIPlugin:80 - create IPUIPlugin
2024-05-05 17:36:12,941 [INFO] IPUIPlugin:80 - create IPUIPlugin
2024-05-05 17:36:12,941 [INFO] IPUIPlugin:80 - create IPUIPlugin
2024-05-05 17:36:12,941 [INFO] IPUIPlugin:80 - create IPUIPlugin
2024-05-05 17:36:12,941 [INFO] IPUIPlugin:80 - create IPUIPlugin
2024-05-05 17:36:12,941 [INFO] IPUIPlugin:80 - create IPUIPlugin
2024-05-05 17:36:12,941 [INFO] IPUIPlugin:80 - create IPUIPlugin
2024-05-05 17:36:12,941 [INFO] IPUIPlugin:80 - create IPUIPlugin
2024-05-05 17:36:12,941 [INFO] IPUIPlugin:80 - create IPUIPlugin
2024-05-05 17:36:12,941 [INFO] IPUIPlugin:80 - create IPUIPlugin
2024-05-05 17:36:12,941 [INFO] IPUIPlugin:80 - create IPUIPlugin
2024-05-05 17:36:12,941 [INFO] IPUIPlugin:80 - create IPUIPlugin
2024-05-05 17:36:12,941 [INFO] IPUIPlugin:80 - create IPUIPlugin
2024-05-05 17:36:12,941 [INFO] IPUIPlugin:80 - create IPUIPlugin
2024-05-05 17:36:12,941 [INFO] IPUIPlugin:80 - create IPUIPlugin
2024-05-05 17:36:12,942 [INFO] IPUIPlugin:80 - create IPUIPlugin
2024-05-05 17:36:12,942 [INFO] IPUIPlugin:80 - create IPUIPlugin
2024-05-05 17:36:12,942 [INFO] IPUIPlugin:80 - create IPUIPlugin
2024-05-05 17:36:12,942 [INFO] IPUIPlugin:80 - create IPUIPlugin
2024-05-05 17:36:12,942 [INFO] IPUIPlugin:80 - create IPUIPlugin
2024-05-05 17:36:12,942 [INFO] IPUIPlugin:80 - create IPUIPlugin
2024-05-05 17:36:12,942 [INFO] IPUIPlugin:80 - create IPUIPlugin
2024-05-05 17:36:12,943 [INFO] IPUIPlugin:80 - create IPUIPlugin
2024-05-05 17:36:12,943 [INFO] IPUIPlugin:80 - create IPUIPlugin
2024-05-05 17:36:12,943 [INFO] IPUIPlugin:80 - create IPUIPlugin
2024-05-05 17:36:12,943 [INFO] IPUIPlugin:80 - create IPUIPlugin
2024-05-05 17:36:12,943 [INFO] IPUIPlugin:80 - create IPUIPlugin
2024-05-05 17:36:12,943 [INFO] IPUIPlugin:80 - create IPUIPlugin
2024-05-05 17:36:12,944 [INFO] IPUIPlugin:80 - create IPUIPlugin
2024-05-05 17:36:12,944 [INFO] IPUIPlugin:80 - create IPUIPlugin
2024-05-05 17:36:12,944 [INFO] IPUIPlugin:80 - create IPUIPlugin
2024-05-05 17:36:12,944 [INFO] IPUIPlugin:80 - create IPUIPlugin
2024-05-05 17:36:12,944 [INFO] IPUIPlugin:80 - create IPUIPlugin
2024-05-05 17:36:12,944 [INFO] IPUIPlugin:80 - create IPUIPlugin
2024-05-05 17:36:12,945 [INFO] IPUIPlugin:80 - create IPUIPlugin
2024-05-05 17:36:12,945 [INFO] IPUIPlugin:80 - create IPUIPlugin
2024-05-05 17:36:12,945 [INFO] IPUIPlugin:80 - create IPUIPlugin
2024-05-05 17:36:12,945 [INFO] IPUIPlugin:80 - create IPUIPlugin
2024-05-05 17:36:12,945 [INFO] IPUIPlugin:80 - create IPUIPlugin
2024-05-05 17:36:12,945 [INFO] IPUIPlugin:80 - create IPUIPlugin
2024-05-05 17:36:12,946 [INFO] IPUIPlugin:80 - create IPUIPlugin
2024-05-05 17:36:12,946 [INFO] IPUIPlugin:80 - create IPUIPlugin
2024-05-05 17:36:12,946 [INFO] IPUIPlugin:80 - create IPUIPlugin
2024-05-05 17:36:12,946 [INFO] IPUIPlugin:80 - create IPUIPlugin
2024-05-05 17:36:12,946 [INFO] IPUIPlugin:80 - create IPUIPlugin
2024-05-05 17:36:12,947 [INFO] IPUIPlugin:80 - create IPUIPlugin
2024-05-05 17:36:12,947 [INFO] IPUIPlugin:80 - create IPUIPlugin
2024-05-05 17:36:12,947 [INFO] IPUIPlugin:80 - create IPUIPlugin
2024-05-05 17:36:12,947 [INFO] IPUIPlugin:80 - create IPUIPlugin
2024-05-05 17:36:12,947 [INFO] IPUIPlugin:80 - create IPUIPlugin
2024-05-05 17:36:12,948 [INFO] IPUIPlugin:80 - create IPUIPlugin
2024-05-05 17:36:12,948 [INFO] IPUIPlugin:80 - create IPUIPlugin
2024-05-05 17:36:12,948 [INFO] IPUIPlugin:80 - create IPUIPlugin
2024-05-05 17:36:12,948 [INFO] IPUIPlugin:80 - create IPUIPlugin
2024-05-05 17:36:12,949 [INFO] IPUIPlugin:80 - create IPUIPlugin
2024-05-05 17:36:12,949 [INFO] IPUIPlugin:80 - create IPUIPlugin
2024-05-05 17:36:12,949 [INFO] IPUIPlugin:80 - create IPUIPlugin
2024-05-05 17:36:12,949 [INFO] IPUIPlugin:80 - create IPUIPlugin
2024-05-05 17:36:12,950 [INFO] IPUIPlugin:80 - create IPUIPlugin
2024-05-05 17:36:12,950 [INFO] IPUIPlugin:80 - create IPUIPlugin
2024-05-05 17:36:12,950 [INFO] IPUIPlugin:80 - create IPUIPlugin
2024-05-05 17:36:12,951 [INFO] IPUIPlugin:80 - create IPUIPlugin
2024-05-05 17:36:12,951 [INFO] IPUIPlugin:80 - create IPUIPlugin
2024-05-05 17:36:12,951 [INFO] IPUIPlugin:80 - create IPUIPlugin
2024-05-05 17:36:12,952 [INFO] IPUIPlugin:80 - create IPUIPlugin
2024-05-05 17:36:12,952 [INFO] IPUIPlugin:80 - create IPUIPlugin
2024-05-05 17:36:12,953 [INFO] IPUIPlugin:80 - create IPUIPlugin
2024-05-05 17:36:12,953 [INFO] IPUIPlugin:80 - create IPUIPlugin
2024-05-05 17:36:12,955 [INFO] ApiDbMcu:508 - Load IP Config File for PDM2PCM
2024-05-05 17:36:13,004 [INFO] CADModel:165 - CPN selected for project levelSTM32H7A3ZIT6Q
2024-05-05 17:36:13,004 [INFO] CADModel:114 - Register for checkConnection events
2024-05-05 17:36:13,048 [INFO] OpenFileManager:343 - Restore cursor
2024-05-05 17:36:30,357 [INFO] NvicIntPanel:101 - NVIC parent = com.st.microxplorer.plugins.ip.nvic.MultiNvicIntPanel[,0,0,0x0,invalid,layout=javax.swing.BoxLayout,alignmentX=0.0,alignmentY=0.0,border=,flags=9,maximumSize=,minimumSize=,preferredSize=]
2024-05-05 17:36:32,502 [INFO] UtilMem:75 - End SaveConfig() Used Memory: 438697496 Bytes (1073741824)
2024-05-05 17:36:35,768 [INFO] UtilMem:75 - End SaveConfig() Used Memory: 469628440 Bytes (1073741824)
2024-05-05 17:36:37,112 [INFO] LogOutputStream:77 - [STDOUT_REDIRECT] This download action requires prior login. To proceed, please use the 'login' command with your my.st.com account email and password.
2024-05-05 17:36:37,113 [INFO] LogOutputStream:77 - [STDOUT_REDIRECT] Run 'login <email> <password> <remember_me>' for example 'login john.smith@st.com mypassword y'.
2024-05-05 17:36:37,113 [INFO] LogOutputStream:77 - [STDOUT_REDIRECT] If you do not have a my.st.com account, please visit https://st.com website to create one.
2024-05-05 17:45:00,924 [INFO] MainUpdater:2873 - connection check result : 10
2024-05-05 17:45:00,924 [INFO] MainUpdater:2873 - connection check result : 10
2024-05-05 17:45:00,951 [INFO] MicroXplorer:468 - Change Database Path : 
2024-05-05 17:45:00,951 [INFO] MicroXplorer:498 - Change Database Version : DB.6.0.111
2024-05-05 17:45:00,956 [ERROR] ProjectManagerView:394 - 
java.lang.NullPointerException: Cannot invoke "javax.swing.JTextField.getText()" because the return value of "java.util.List.get(int)" is null
	at com.st.microxplorer.plugins.projectmanager.gui.ProjectChoiceTab$10.caretUpdate(ProjectChoiceTab.java:2504) ~[filemanager.jar:?]
	at javax.swing.text.JTextComponent.fireCaretUpdate(JTextComponent.java:412) ~[?:?]
	at javax.swing.text.JTextComponent$MutableCaretEvent.fire(JTextComponent.java:4491) ~[?:?]
	at javax.swing.text.JTextComponent$MutableCaretEvent.stateChanged(JTextComponent.java:4513) ~[?:?]
	at javax.swing.text.DefaultCaret.fireStateChanged(DefaultCaret.java:842) ~[?:?]
	at javax.swing.text.DefaultCaret.changeCaretPosition(DefaultCaret.java:1313) ~[?:?]
	at javax.swing.text.DefaultCaret.handleSetDot(DefaultCaret.java:1212) ~[?:?]
	at javax.swing.text.DefaultCaret.setDot(DefaultCaret.java:1193) ~[?:?]
	at javax.swing.text.DefaultCaret$Handler.insertUpdate(DefaultCaret.java:1789) ~[?:?]
	at javax.swing.text.AbstractDocument.fireInsertUpdate(AbstractDocument.java:226) ~[?:?]
	at javax.swing.text.AbstractDocument.handleInsertString(AbstractDocument.java:780) ~[?:?]
	at javax.swing.text.AbstractDocument.insertString(AbstractDocument.java:739) ~[?:?]
	at javax.swing.text.PlainDocument.insertString(PlainDocument.java:131) ~[?:?]
	at javax.swing.text.AbstractDocument.replace(AbstractDocument.java:698) ~[?:?]
	at javax.swing.text.JTextComponent.setText(JTextComponent.java:1729) ~[?:?]
	at com.st.microxplorer.plugins.projectmanager.gui.ProjectChoiceTab.createHeapStackFields(ProjectChoiceTab.java:944) ~[filemanager.jar:?]
	at com.st.microxplorer.plugins.projectmanager.gui.ProjectChoiceTab.buildLinkSettingsPanel(ProjectChoiceTab.java:3475) ~[filemanager.jar:?]
	at com.st.microxplorer.plugins.projectmanager.gui.ProjectChoiceTab.defineWindowsFields(ProjectChoiceTab.java:1816) ~[filemanager.jar:?]
	at com.st.microxplorer.plugins.projectmanager.gui.ProjectChoiceTab.updateSettings(ProjectChoiceTab.java:544) ~[filemanager.jar:?]
	at com.st.microxplorer.plugins.projectmanager.gui.ProjectSettingsPanel.UpdateDialog(ProjectSettingsPanel.java:245) ~[filemanager.jar:?]
	at com.st.microxplorer.plugins.projectmanager.ProjectManagerView.propertyChange(ProjectManagerView.java:391) ~[filemanager.jar:?]
	at java.beans.PropertyChangeSupport.fire(PropertyChangeSupport.java:343) ~[?:?]
	at java.beans.PropertyChangeSupport.firePropertyChange(PropertyChangeSupport.java:335) ~[?:?]
	at java.beans.PropertyChangeSupport.firePropertyChange(PropertyChangeSupport.java:268) ~[?:?]
	at com.st.microxplorer.util.MXPropertyChangeSupport.firePropertyChange(MXPropertyChangeSupport.java:54) ~[STM32CubeMX.jar:?]
	at com.st.microxplorer.mxsystem.MxSystem.closeConfig(MxSystem.java:900) ~[STM32CubeMX.jar:?]
	at com.st.microxplorer.maingui.MainPanel.closeConfig(MainPanel.java:776) ~[STM32CubeMX.jar:?]
	at com.st.microxplorer.plugins.filemanager.engine.OpenFileManager.loadConfigurationFile(OpenFileManager.java:245) ~[filemanager.jar:?]
	at com.st.microxplorer.plugins.filemanager.engine.MainFileManager.userLoadConfig(MainFileManager.java:315) ~[filemanager.jar:?]
	at com.st.microxplorer.plugins.filemanager.engine.MainFileManager.userLoadConfig(MainFileManager.java:293) ~[filemanager.jar:?]
	at com.st.microxplorer.plugins.filemanager.FileManagerView.getSpecificTask(FileManagerView.java:247) ~[filemanager.jar:?]
	at com.st.stm32cube.common.mx.editor.CubeMxEditor.getMxTabbedPaneInstance(CubeMxEditor.java:1198) ~[com.st.stm32cube.common.mx_6.11.1.202404110753/:?]
	at com.st.stm32cube.common.mx.editor.CubeMxEditor$12$1.createSwingComponent(CubeMxEditor.java:1068) ~[com.st.stm32cube.common.mx_6.11.1.202404110753/:?]
	at com.st.stm32cube.common.mx.oss.core.awtswtbridge.EmbeddedSwingComposite.doComponentCreation(EmbeddedSwingComposite.java:492) ~[com.st.stm32cube.common.mx.oss_6.11.1.202404110753/:?]
	at com.st.stm32cube.common.mx.oss.core.awtswtbridge.EmbeddedSwingComposite$4.run(EmbeddedSwingComposite.java:291) ~[com.st.stm32cube.common.mx.oss_6.11.1.202404110753/:?]
	at com.st.stm32cube.common.mx.oss.core.awtswtbridge.AwtEnvironment$2.run(AwtEnvironment.java:166) ~[com.st.stm32cube.common.mx.oss_6.11.1.202404110753/:?]
	at java.awt.event.InvocationEvent.dispatch(InvocationEvent.java:318) ~[?:?]
	at java.awt.EventQueue.dispatchEventImpl(EventQueue.java:773) ~[?:?]
	at java.awt.EventQueue$4.run(EventQueue.java:720) ~[?:?]
	at java.awt.EventQueue$4.run(EventQueue.java:714) ~[?:?]
	at java.security.AccessController.doPrivileged(AccessController.java:399) ~[?:?]
	at java.security.ProtectionDomain$JavaSecurityAccessImpl.doIntersectionPrivilege(ProtectionDomain.java:86) ~[?:?]
	at java.awt.EventQueue.dispatchEvent(EventQueue.java:742) ~[?:?]
	at java.awt.EventDispatchThread.pumpOneEventForFilters(EventDispatchThread.java:203) ~[?:?]
	at java.awt.EventDispatchThread.pumpEventsForFilter(EventDispatchThread.java:124) ~[?:?]
	at java.awt.EventDispatchThread.pumpEventsForHierarchy(EventDispatchThread.java:113) ~[?:?]
	at java.awt.EventDispatchThread.pumpEvents(EventDispatchThread.java:109) ~[?:?]
	at java.awt.EventDispatchThread.pumpEvents(EventDispatchThread.java:101) ~[?:?]
	at java.awt.EventDispatchThread.run(EventDispatchThread.java:90) ~[?:?]
2024-05-05 17:45:00,957 [WARN] ThirdParty:871 - waiting for thirdparty lock release [close project]
2024-05-05 17:45:00,957 [INFO] ThirdParty:873 - entering critical section [close project]
2024-05-05 17:45:00,957 [INFO] ThirdParty:883 - exiting critical section [close project]
2024-05-05 17:45:00,959 [INFO] PinOutPanel:1561 - setPackage(No Configuration,No Configuration)
2024-05-05 17:45:00,963 [WARN] IpParametersView:151 - Warning: This peripheral hasn't parameters
2024-05-05 17:45:00,966 [WARN] MainPanel:272 - <html><b><center>Warning: This peripheral has no parameters to be configured<br></b></html>
2024-05-05 17:45:00,970 [INFO] UtilMem:75 - Begin LoadConfig() Used Memory: 533976512 Bytes (1073741824)
2024-05-05 17:45:00,973 [INFO] MicroXplorer:468 - Change Database Path : C:/Users/saksh/.stm32cubemx/databases/DB.6.0.100/db/
2024-05-05 17:45:00,973 [INFO] MicroXplorer:498 - Change Database Version : DB.6.0.100
2024-05-05 17:45:02,299 [INFO] OpenFileManager:312 - Change cursor
2024-05-05 17:45:02,304 [INFO] RulesReader:64 - Compatibility file has been processed (297 Rules)
2024-05-05 17:45:02,306 [INFO] Mcu:2021 - Initializing MCU STM32G474R(B-C-E)Tx STM32G474RETx STM32G474RET3
2024-05-05 17:45:04,491 [INFO] Context:663 - Trying to add GPIOservice into a context  which must be forbidden
2024-05-05 17:45:05,437 [INFO] RtosManager:555 - Registered RTOS mode: class=CMSIS, group=RTOS, mode=CMSIS_V1, owner=FREERTOS
2024-05-05 17:45:05,437 [INFO] RtosManager:555 - Registered RTOS mode: class=CMSIS, group=RTOS2, mode=CMSIS_V2, owner=FREERTOS
2024-05-05 17:45:05,437 [INFO] RtosManager:555 - Registered RTOS mode: class=RTOS, group=Core, mode=CMSIS_V1, owner=FREERTOS
2024-05-05 17:45:05,437 [INFO] RtosManager:555 - Registered RTOS mode: class=RTOS, group=Core, mode=CMSIS_V2, owner=FREERTOS
2024-05-05 17:45:05,437 [WARN] ModelIntegratedComponent:184 - Missing modes for component STMicroelectronics:FreeRTOS:0.0.1:STMicroelectronics:RTOS:FreeRTOS:Core:::10.2.0:
2024-05-05 17:45:05,439 [WARN] ModelIntegratedComponent:63 - No mode defined for component null
2024-05-05 17:45:05,439 [WARN] ModelIntegratedComponent:63 - No mode defined for component null
2024-05-05 17:45:05,439 [WARN] ModelIntegratedComponent:63 - No mode defined for component null
2024-05-05 17:45:05,439 [WARN] ModelIntegratedComponent:63 - No mode defined for component null
2024-05-05 17:45:05,439 [WARN] ModelIntegratedComponent:63 - No mode defined for component null
2024-05-05 17:45:05,439 [WARN] ModelIntegratedComponent:63 - No mode defined for component null
2024-05-05 17:45:05,439 [WARN] ModelIntegratedComponent:63 - No mode defined for component null
2024-05-05 17:45:05,439 [WARN] ModelIntegratedComponent:63 - No mode defined for component null
2024-05-05 17:45:05,439 [WARN] ModelIntegratedComponent:63 - No mode defined for component null
2024-05-05 17:45:05,439 [WARN] ModelIntegratedComponent:63 - No mode defined for component null
2024-05-05 17:45:05,439 [WARN] ModelIntegratedComponent:63 - No mode defined for component null
2024-05-05 17:45:05,439 [WARN] ModelIntegratedComponent:63 - No mode defined for component null
2024-05-05 17:45:05,439 [WARN] ModelIntegratedComponent:63 - No mode defined for component null
2024-05-05 17:45:05,439 [WARN] ModelIntegratedComponent:63 - No mode defined for component null
2024-05-05 17:45:05,439 [WARN] ModelIntegratedComponent:63 - No mode defined for component null
2024-05-05 17:45:05,439 [WARN] ModelIntegratedComponent:63 - No mode defined for component null
2024-05-05 17:45:05,439 [WARN] ModelIntegratedComponent:63 - No mode defined for component null
2024-05-05 17:45:05,439 [WARN] ModelIntegratedComponent:63 - No mode defined for component null
2024-05-05 17:45:05,439 [WARN] ModelIntegratedComponent:63 - No mode defined for component null
2024-05-05 17:45:05,439 [WARN] ModelIntegratedComponent:63 - No mode defined for component null
2024-05-05 17:45:05,439 [WARN] ModelIntegratedComponent:63 - No mode defined for component null
2024-05-05 17:45:05,439 [WARN] ModelIntegratedComponent:63 - No mode defined for component null
2024-05-05 17:45:05,439 [WARN] ModelIntegratedComponent:63 - No mode defined for component null
2024-05-05 17:45:05,439 [WARN] ModelIntegratedComponent:63 - No mode defined for component null
2024-05-05 17:45:05,439 [WARN] ModelIntegratedComponent:63 - No mode defined for component null
2024-05-05 17:45:05,439 [WARN] ModelIntegratedComponent:63 - No mode defined for component null
2024-05-05 17:45:05,439 [WARN] ModelIntegratedComponent:63 - No mode defined for component null
2024-05-05 17:45:05,439 [WARN] ModelIntegratedComponent:63 - No mode defined for component null
2024-05-05 17:45:05,439 [WARN] ModelIntegratedComponent:63 - No mode defined for component null
2024-05-05 17:45:05,439 [WARN] ModelIntegratedComponent:63 - No mode defined for component null
2024-05-05 17:45:05,439 [WARN] ModelIntegratedComponent:63 - No mode defined for component null
2024-05-05 17:45:05,439 [WARN] ModelIntegratedComponent:63 - No mode defined for component null
2024-05-05 17:45:05,439 [WARN] ModelIntegratedComponent:63 - No mode defined for component null
2024-05-05 17:45:05,439 [WARN] ModelIntegratedComponent:63 - No mode defined for component null
2024-05-05 17:45:05,576 [INFO] ThirdPartyModel:298 - Start build external matchings
2024-05-05 17:45:06,868 [INFO] ThirdPartyModel:316 - End build external matchings
2024-05-05 17:45:06,900 [INFO] ImportTextPane:194 - (OptionalMessage_ERROR) IP (ADC1) : Parameter (CommonPathInternal) has invalid value (null|null|null|null)
2024-05-05 17:45:07,116 [INFO] UtilMem:75 - End LoadConfig() Used Memory: 476020104 Bytes (1073741824)
2024-05-05 17:45:07,121 [WARN] ThirdParty:833 - waiting for thirdparty lock release [change project]
2024-05-05 17:45:07,121 [INFO] ThirdParty:835 - entering critical section [change project]
2024-05-05 17:45:07,121 [INFO] ThirdParty:1030 - CMSIS Pack Vendor :STMicroelectronics USBPD 4.1
2024-05-05 17:45:07,121 [INFO] ThirdParty:1030 - CMSIS Pack Vendor :STMicroelectronics X-CUBE-GNSS1 6.0.0
2024-05-05 17:45:07,121 [INFO] ThirdParty:1030 - CMSIS Pack Vendor :STMicroelectronics USB_HOST 2.0.0
2024-05-05 17:45:07,121 [INFO] ThirdParty:1030 - CMSIS Pack Vendor :STMicroelectronics FP-SNS-MOTENVWB1 1.4.0
2024-05-05 17:45:07,121 [INFO] ThirdParty:1030 - CMSIS Pack Vendor :STMicroelectronics X-CUBE-AZRTOS-F4 1.1.0
2024-05-05 17:45:07,121 [INFO] ThirdParty:1030 - CMSIS Pack Vendor :STMicroelectronics LIBJPEG 8.0.0
2024-05-05 17:45:07,121 [INFO] ThirdParty:1030 - CMSIS Pack Vendor :STMicroelectronics X-CUBE-SMBUS 2.1.0
2024-05-05 17:45:07,121 [INFO] ThirdParty:1030 - CMSIS Pack Vendor :STMicroelectronics X-CUBE-FREERTOS 1.2.0
2024-05-05 17:45:07,121 [INFO] ThirdParty:1030 - CMSIS Pack Vendor :STMicroelectronics X-CUBE-TOUCHGFX 4.23.1
2024-05-05 17:45:07,121 [INFO] ThirdParty:1030 - CMSIS Pack Vendor :STMicroelectronics X-CUBE-TOUCHGFX 4.23.0
2024-05-05 17:45:07,121 [INFO] ThirdParty:1030 - CMSIS Pack Vendor :STMicroelectronics X-CUBE-BLEMGR 1.2.0
2024-05-05 17:45:07,121 [INFO] ThirdParty:1030 - CMSIS Pack Vendor :STMicroelectronics X-CUBE-TOUCHGFX 4.23.2
2024-05-05 17:45:07,122 [INFO] ThirdParty:1030 - CMSIS Pack Vendor :STMicroelectronics X-CUBE-AZRTOS-F7 1.1.0
2024-05-05 17:45:07,122 [INFO] ThirdParty:1030 - CMSIS Pack Vendor :STMicroelectronics X-CUBE-AZRTOS-L5 2.0.0
2024-05-05 17:45:07,122 [INFO] ThirdParty:1030 - CMSIS Pack Vendor :STMicroelectronics USB_DEVICE 2.0.0
2024-05-05 17:45:07,122 [INFO] ThirdParty:1030 - CMSIS Pack Vendor :STMicroelectronics X-CUBE-MEMS1 9.6.0
2024-05-05 17:45:07,122 [INFO] ThirdParty:1030 - CMSIS Pack Vendor :STMicroelectronics X-CUBE-EEPRMA1 4.2.0
2024-05-05 17:45:07,122 [INFO] ThirdParty:1030 - CMSIS Pack Vendor :STMicroelectronics X-CUBE-NFC6 3.1.0
2024-05-05 17:45:07,122 [INFO] ThirdParty:1030 - CMSIS Pack Vendor :ITTIA_DB I-CUBE-ITTIADB 8.8.0
2024-05-05 17:45:07,122 [INFO] ThirdParty:1030 - CMSIS Pack Vendor :STMicroelectronics FP-SNS-MOTENV1 4.3.0
2024-05-05 17:45:07,122 [INFO] ThirdParty:1030 - CMSIS Pack Vendor :STMicroelectronics FP-SNS-MOTENV1 4.3.2
2024-05-05 17:45:07,122 [INFO] ThirdParty:1030 - CMSIS Pack Vendor :STMicroelectronics FP-SNS-FLIGHT1 5.0.0
2024-05-05 17:45:07,122 [INFO] ThirdParty:1030 - CMSIS Pack Vendor :STMicroelectronics FP-SNS-MOTENV1 4.3.1
2024-05-05 17:45:07,122 [INFO] ThirdParty:1030 - CMSIS Pack Vendor :STMicroelectronics FP-SNS-FLIGHT1 5.0.1
2024-05-05 17:45:07,122 [INFO] ThirdParty:1030 - CMSIS Pack Vendor :STMicroelectronics X-CUBE-BLE1 6.2.3
2024-05-05 17:45:07,122 [INFO] ThirdParty:1030 - CMSIS Pack Vendor :STMicroelectronics X-CUBE-BLE1 6.2.4
2024-05-05 17:45:07,122 [INFO] ThirdParty:1030 - CMSIS Pack Vendor :STMicroelectronics FreeRTOS 0.0.1
2024-05-05 17:45:07,122 [INFO] ThirdParty:1030 - CMSIS Pack Vendor :STMicroelectronics X-CUBE-BLEMGR 2.0.0
2024-05-05 17:45:07,122 [INFO] ThirdParty:1030 - CMSIS Pack Vendor :STMicroelectronics FP-SNS-FLIGHT1 5.0.2
2024-05-05 17:45:07,122 [INFO] ThirdParty:1030 - CMSIS Pack Vendor :STMicroelectronics X-CUBE-NFC4 2.0.4
2024-05-05 17:45:07,122 [INFO] ThirdParty:1030 - CMSIS Pack Vendor :STMicroelectronics X-CUBE-AI 9.0.0
2024-05-05 17:45:07,122 [INFO] ThirdParty:1030 - CMSIS Pack Vendor :STMicroelectronics X-CUBE-AZRTOS-H7 3.1.0
2024-05-05 17:45:07,122 [INFO] ThirdParty:1030 - CMSIS Pack Vendor :STMicroelectronics PDM2PCM 3.3.0
2024-05-05 17:45:07,122 [INFO] ThirdParty:1030 - CMSIS Pack Vendor :STMicroelectronics X-CUBE-TOF1 3.1.0
2024-05-05 17:45:07,122 [INFO] ThirdParty:1030 - CMSIS Pack Vendor :STMicroelectronics X-CUBE-DISPLAY 3.0.0
2024-05-05 17:45:07,122 [INFO] ThirdParty:1030 - CMSIS Pack Vendor :STMicroelectronics X-CUBE-BLE1 7.0.0
2024-05-05 17:45:07,122 [INFO] ThirdParty:1030 - CMSIS Pack Vendor :wolfSSL I-CUBE-wolfSSL 5.5.0
2024-05-05 17:45:07,122 [INFO] ThirdParty:1030 - CMSIS Pack Vendor :STMicroelectronics HAL Drivers 0.0.0
2024-05-05 17:45:07,122 [INFO] ThirdParty:1030 - CMSIS Pack Vendor :STMicroelectronics X-CUBE-TOUCHGFX 4.22.0
2024-05-05 17:45:07,122 [INFO] ThirdParty:1030 - CMSIS Pack Vendor :STMicroelectronics X-CUBE-NFC7 1.0.1
2024-05-05 17:45:07,122 [INFO] ThirdParty:1030 - CMSIS Pack Vendor :STMicroelectronics MBEDTLS 2.14.1
2024-05-05 17:45:07,122 [INFO] ThirdParty:1030 - CMSIS Pack Vendor :STMicroelectronics X-CUBE-NFC7 1.0.0
2024-05-05 17:45:07,122 [INFO] ThirdParty:1030 - CMSIS Pack Vendor :STMicroelectronics X-CUBE-NFC6 3.0.0
2024-05-05 17:45:07,122 [INFO] ThirdParty:1030 - CMSIS Pack Vendor :STMicroelectronics X-CUBE-MEMS1 9.3.0
2024-05-05 17:45:07,122 [INFO] ThirdParty:1030 - CMSIS Pack Vendor :STMicroelectronics X-CUBE-EEPRMA1 4.1.0
2024-05-05 17:45:07,122 [INFO] ThirdParty:1030 - CMSIS Pack Vendor :STMicroelectronics X-CUBE-AI 7.2.0
2024-05-05 17:45:07,122 [INFO] ThirdParty:1030 - CMSIS Pack Vendor :STMicroelectronics X-CUBE-BLEMGR 3.1.0
2024-05-05 17:45:07,122 [INFO] ThirdParty:1030 - CMSIS Pack Vendor :STMicroelectronics FP-SNS-SMARTAG2 1.2.0
2024-05-05 17:45:07,122 [INFO] ThirdParty:1030 - CMSIS Pack Vendor :STMicroelectronics X-CUBE-AZRTOS-WL 2.0.0
2024-05-05 17:45:07,122 [INFO] ThirdParty:1030 - CMSIS Pack Vendor :STMicroelectronics FP-SNS-MOTENV1 5.0.0
2024-05-05 17:45:07,122 [INFO] ThirdParty:1030 - CMSIS Pack Vendor :STMicroelectronics USB_DEVICE 1.0.0
2024-05-05 17:45:07,122 [INFO] ThirdParty:1030 - CMSIS Pack Vendor :STMicroelectronics X-CUBE-AI 8.1.0
2024-05-05 17:45:07,122 [INFO] ThirdParty:1030 - CMSIS Pack Vendor :STMicroelectronics X-CUBE-AZRTOS-L4 2.0.0
2024-05-05 17:45:07,122 [INFO] ThirdParty:1030 - CMSIS Pack Vendor :STMicroelectronics ThreadX 0.0.2
2024-05-05 17:45:07,122 [INFO] ThirdParty:1030 - CMSIS Pack Vendor :WES I-CUBE-Cesium 1.3.0
2024-05-05 17:45:07,122 [INFO] ThirdParty:1030 - CMSIS Pack Vendor :STMicroelectronics lwIP 2.1.2
2024-05-05 17:45:07,122 [INFO] ThirdParty:1030 - CMSIS Pack Vendor :STMicroelectronics X-CUBE-SFXS2LP1 4.0.0
2024-05-05 17:45:07,122 [INFO] ThirdParty:1030 - CMSIS Pack Vendor :STMicroelectronics X-CUBE-BLE2 3.3.0
2024-05-05 17:45:07,122 [INFO] ThirdParty:1030 - CMSIS Pack Vendor :STMicroelectronics X-CUBE-DISPLAY 2.2.0
2024-05-05 17:45:07,122 [INFO] ThirdParty:1030 - CMSIS Pack Vendor :STMicroelectronics X-CUBE-TOF1 3.2.0
2024-05-05 17:45:07,122 [INFO] ThirdParty:1030 - CMSIS Pack Vendor :STMicroelectronics PDM2PCM 3.2.0
2024-05-05 17:45:07,122 [INFO] ThirdParty:1030 - CMSIS Pack Vendor :STMicroelectronics X-CUBE-AZRTOS-H7 3.0.0
2024-05-05 17:45:07,122 [INFO] ThirdParty:1030 - CMSIS Pack Vendor :STMicroelectronics X-CUBE-ISPU 1.0.0
2024-05-05 17:45:07,122 [INFO] ThirdParty:1030 - CMSIS Pack Vendor :STMicroelectronics X-CUBE-ISPU 1.1.0
2024-05-05 17:45:07,122 [INFO] ThirdParty:1030 - CMSIS Pack Vendor :RoweBots I-CUBE-UNISONRTOS 5.5.0-4
2024-05-05 17:45:07,122 [INFO] ThirdParty:1030 - CMSIS Pack Vendor :STMicroelectronics X-CUBE-AZRTOS-H7 2.1.0
2024-05-05 17:45:07,122 [INFO] ThirdParty:1030 - CMSIS Pack Vendor :STMicroelectronics USB_DEVICE 3.0.0
2024-05-05 17:45:07,122 [INFO] ThirdParty:1030 - CMSIS Pack Vendor :STMicroelectronics X-CUBE-TCPP 4.1.0
2024-05-05 17:45:07,122 [INFO] ThirdParty:1030 - CMSIS Pack Vendor :STMicroelectronics X-CUBE-AI 8.0.0
2024-05-05 17:45:07,122 [INFO] ThirdParty:1030 - CMSIS Pack Vendor :STMicroelectronics X-CUBE-AZRTOS-WB 2.0.0
2024-05-05 17:45:07,122 [INFO] ThirdParty:1030 - CMSIS Pack Vendor :STMicroelectronics X-CUBE-FREERTOS 1.0.0
2024-05-05 17:45:07,122 [INFO] ThirdParty:1030 - CMSIS Pack Vendor :STMicroelectronics X-CUBE-FREERTOS 1.0.1
2024-05-05 17:45:07,122 [INFO] ThirdParty:1030 - CMSIS Pack Vendor :STMicroelectronics X-CUBE-TOUCHGFX 4.21.1
2024-05-05 17:45:07,122 [INFO] ThirdParty:1030 - CMSIS Pack Vendor :STMicroelectronics X-CUBE-TOUCHGFX 4.21.3
2024-05-05 17:45:07,122 [INFO] ThirdParty:1030 - CMSIS Pack Vendor :STMicroelectronics X-CUBE-BLEMGR 1.0.0
2024-05-05 17:45:07,122 [INFO] ThirdParty:1030 - CMSIS Pack Vendor :STMicroelectronics X-CUBE-TOUCHGFX 4.21.4
2024-05-05 17:45:07,122 [INFO] ThirdParty:1030 - CMSIS Pack Vendor :STMicroelectronics X-CUBE-MEMS1 9.4.0
2024-05-05 17:45:07,122 [INFO] ThirdParty:1030 - CMSIS Pack Vendor :STMicroelectronics X-CUBE-AI 7.3.0
2024-05-05 17:45:07,122 [INFO] ThirdParty:1030 - CMSIS Pack Vendor :STMicroelectronics X-CUBE-ALGOBUILD 1.3.0
2024-05-05 17:45:07,122 [INFO] ThirdParty:1030 - CMSIS Pack Vendor :STMicroelectronics X-CUBE-AZRTOS-L5 1.1.0
2024-05-05 17:45:07,122 [INFO] ThirdParty:1030 - CMSIS Pack Vendor :STMicroelectronics X-CUBE-AZRTOS-G0 1.1.0
2024-05-05 17:45:07,122 [INFO] ThirdParty:1030 - CMSIS Pack Vendor :STMicroelectronics X-CUBE-AI 8.0.1
2024-05-05 17:45:07,122 [INFO] ThirdParty:1030 - CMSIS Pack Vendor :STMicroelectronics X-CUBE-SAFEA1 1.2.2
2024-05-05 17:45:07,122 [INFO] ThirdParty:1030 - CMSIS Pack Vendor :STMicroelectronics X-CUBE-NFC4 3.0.0
2024-05-05 17:45:07,122 [INFO] ThirdParty:1030 - CMSIS Pack Vendor :SEGGER I-CUBE-embOS 1.2.0
2024-05-05 17:45:07,122 [INFO] ThirdParty:1030 - CMSIS Pack Vendor :STMicroelectronics X-CUBE-SUBG2 5.0.0
2024-05-05 17:45:07,122 [INFO] ThirdParty:1030 - CMSIS Pack Vendor :STMicroelectronics STM32_WPAN 1.0.0
2024-05-05 17:45:07,122 [INFO] ThirdParty:1030 - CMSIS Pack Vendor :STMicroelectronics lwIP 2.0.3
2024-05-05 17:45:07,122 [INFO] ThirdParty:1030 - CMSIS Pack Vendor :STMicroelectronics USB_HOST 1.0.0
2024-05-05 17:45:07,122 [INFO] ThirdParty:1030 - CMSIS Pack Vendor :STMicroelectronics X-CUBE-TOF1 3.3.1
2024-05-05 17:45:07,122 [INFO] ThirdParty:1030 - CMSIS Pack Vendor :STMicroelectronics X-CUBE-AZRTOS-G4 2.0.0
2024-05-05 17:45:07,122 [INFO] ThirdParty:1030 - CMSIS Pack Vendor :STMicroelectronics PDM2PCM 3.1.0
2024-05-05 17:45:07,122 [INFO] ThirdParty:1030 - CMSIS Pack Vendor :STMicroelectronics X-CUBE-TOF1 3.3.0
2024-05-05 17:45:07,122 [INFO] ThirdParty:1030 - CMSIS Pack Vendor :STMicroelectronics FP-ATR-ASTRA1 1.1.1
2024-05-05 17:45:07,122 [INFO] ThirdParty:1030 - CMSIS Pack Vendor :Infineon AIROC-Wi-Fi-Bluetooth-STM32 1.5.1
2024-05-05 17:45:07,122 [INFO] ThirdParty:1030 - CMSIS Pack Vendor :STMicroelectronics X-CUBE-BLEMGR 3.0.0
2024-05-05 17:45:07,122 [INFO] ThirdParty:1030 - CMSIS Pack Vendor :STMicroelectronics X-CUBE-BLEMGR 1.3.0
2024-05-05 17:45:07,122 [INFO] ThirdParty:1030 - CMSIS Pack Vendor :STMicroelectronics FP-SNS-MOTENVWB1 1.3.1
2024-05-05 17:45:07,122 [INFO] ThirdParty:1030 - CMSIS Pack Vendor :STMicroelectronics FP-ATR-SIGFOX1 3.2.0
2024-05-05 17:45:07,122 [INFO] ThirdParty:1030 - CMSIS Pack Vendor :STMicroelectronics X-CUBE-AZRTOS-G4 1.0.0
2024-05-05 17:45:07,122 [INFO] ThirdParty:1030 - CMSIS Pack Vendor :STMicroelectronics X-CUBE-AZRTOS-L4 1.0.0
2024-05-05 17:45:07,122 [INFO] ThirdParty:1030 - CMSIS Pack Vendor :STMicroelectronics X-CUBE-ISPU 2.0.0
2024-05-05 17:45:07,122 [INFO] ThirdParty:1030 - CMSIS Pack Vendor :STMicroelectronics X-CUBE-EEPRMA1 5.1.0
2024-05-05 17:45:07,122 [INFO] ThirdParty:1030 - CMSIS Pack Vendor :STMicroelectronics MBEDTLS 2.16.2
2024-05-05 17:45:07,122 [INFO] ThirdParty:1030 - CMSIS Pack Vendor :emotas I-CUBE-CANOPEN 1.1.2
2024-05-05 17:45:07,122 [INFO] ThirdParty:1030 - CMSIS Pack Vendor :STMicroelectronics X-CUBE-TOUCHGFX 4.20.0
2024-05-05 17:45:07,122 [INFO] ThirdParty:1030 - CMSIS Pack Vendor :STMicroelectronics X-CUBE-MEMS1 10.0.0
2024-05-05 17:45:07,122 [INFO] ThirdParty:1030 - CMSIS Pack Vendor :STMicroelectronics X-CUBE-FREERTOS 1.1.0
2024-05-05 17:45:07,122 [INFO] ThirdParty:1030 - CMSIS Pack Vendor :STMicroelectronics X-CUBE-AZRTOS-WL 1.0.0
2024-05-05 17:45:07,122 [INFO] ThirdParty:1030 - CMSIS Pack Vendor :portGmbH I-Cube-SoM-uGOAL 1.1.0
2024-05-05 17:45:07,122 [INFO] ThirdParty:1030 - CMSIS Pack Vendor :STMicroelectronics X-CUBE-ALS 1.0.1
2024-05-05 17:45:07,122 [INFO] ThirdParty:1030 - CMSIS Pack Vendor :STMicroelectronics X-CUBE-MEMS1 9.5.0
2024-05-05 17:45:07,122 [INFO] ThirdParty:1030 - CMSIS Pack Vendor :STMicroelectronics ThreadX 1.0.0
2024-05-05 17:45:07,122 [INFO] ThirdParty:1030 - CMSIS Pack Vendor :STMicroelectronics X-CUBE-AZRTOS-WB 1.1.0
2024-05-05 17:45:07,122 [INFO] ThirdParty:1030 - CMSIS Pack Vendor :SEGGER I-CUBE-embOS 1.3.1
2024-05-05 17:45:07,122 [INFO] ThirdParty:1030 - CMSIS Pack Vendor :STMicroelectronics X-CUBE-AZRTOS-L5 1.0.0
2024-05-05 17:45:07,122 [INFO] ThirdParty:1030 - CMSIS Pack Vendor :STMicroelectronics X-CUBE-EEPRMA1 3.1.1
2024-05-05 17:45:07,122 [INFO] ThirdParty:1030 - CMSIS Pack Vendor :STMicroelectronics X-CUBE-AZRTOS-H7RS 1.0.0
2024-05-05 17:45:07,122 [INFO] ThirdParty:1030 - CMSIS Pack Vendor :STMicroelectronics FP-ATR-ASTRA1 2.0.0
2024-05-05 17:45:07,122 [INFO] ThirdParty:1030 - CMSIS Pack Vendor :STMicroelectronics X-CUBE-TOF1 3.4.0
2024-05-05 17:45:07,122 [INFO] ThirdParty:1030 - CMSIS Pack Vendor :STMicroelectronics X-CUBE-TOF1 3.4.1
2024-05-05 17:45:07,122 [INFO] ThirdParty:1030 - CMSIS Pack Vendor :STMicroelectronics X-CUBE-AZRTOS-H7 3.2.0
2024-05-05 17:45:07,122 [INFO] ThirdParty:841 - exiting critical section [change project]
2024-05-05 17:45:07,242 [INFO] PinOutPanel:1561 - setPackage(No Configuration,No Configuration)
2024-05-05 17:45:07,242 [INFO] PinOutPanel:1561 - setPackage(STM32G474RETx,LQFP64)
2024-05-05 17:45:07,382 [INFO] UtilMem:75 - Before build in PCC Used Memory: 483649024 Bytes (1073741824)
2024-05-05 17:45:07,538 [INFO] UtilMem:75 - After build in PCC Used Memory: 583785984 Bytes (1073741824)
2024-05-05 17:45:07,554 [INFO] IPUIPlugin:80 - create IPUIPlugin
2024-05-05 17:45:07,554 [INFO] IPUIPlugin:80 - create IPUIPlugin
2024-05-05 17:45:07,554 [INFO] IPUIPlugin:80 - create IPUIPlugin
2024-05-05 17:45:07,554 [INFO] IPUIPlugin:80 - create IPUIPlugin
2024-05-05 17:45:07,554 [INFO] IPUIPlugin:80 - create IPUIPlugin
2024-05-05 17:45:07,554 [INFO] IPUIPlugin:80 - create IPUIPlugin
2024-05-05 17:45:07,554 [INFO] IPUIPlugin:80 - create IPUIPlugin
2024-05-05 17:45:07,554 [INFO] IPUIPlugin:80 - create IPUIPlugin
2024-05-05 17:45:07,554 [INFO] IPUIPlugin:80 - create IPUIPlugin
2024-05-05 17:45:07,554 [INFO] IPUIPlugin:80 - create IPUIPlugin
2024-05-05 17:45:07,555 [INFO] IPUIPlugin:80 - create IPUIPlugin
2024-05-05 17:45:07,555 [INFO] IPUIPlugin:80 - create IPUIPlugin
2024-05-05 17:45:07,555 [INFO] IPUIPlugin:80 - create IPUIPlugin
2024-05-05 17:45:07,555 [INFO] IPUIPlugin:80 - create IPUIPlugin
2024-05-05 17:45:07,555 [INFO] IPUIPlugin:80 - create IPUIPlugin
2024-05-05 17:45:07,555 [INFO] IPUIPlugin:80 - create IPUIPlugin
2024-05-05 17:45:07,555 [INFO] IPUIPlugin:80 - create IPUIPlugin
2024-05-05 17:45:07,555 [INFO] IPUIPlugin:80 - create IPUIPlugin
2024-05-05 17:45:07,555 [INFO] IPUIPlugin:80 - create IPUIPlugin
2024-05-05 17:45:07,555 [INFO] IPUIPlugin:80 - create IPUIPlugin
2024-05-05 17:45:07,555 [INFO] IPUIPlugin:80 - create IPUIPlugin
2024-05-05 17:45:07,555 [INFO] IPUIPlugin:80 - create IPUIPlugin
2024-05-05 17:45:07,555 [INFO] IPUIPlugin:80 - create IPUIPlugin
2024-05-05 17:45:07,555 [INFO] IPUIPlugin:80 - create IPUIPlugin
2024-05-05 17:45:07,555 [INFO] IPUIPlugin:80 - create IPUIPlugin
2024-05-05 17:45:07,555 [INFO] IPUIPlugin:80 - create IPUIPlugin
2024-05-05 17:45:07,556 [INFO] IPUIPlugin:80 - create IPUIPlugin
2024-05-05 17:45:07,556 [INFO] IPUIPlugin:80 - create IPUIPlugin
2024-05-05 17:45:07,556 [INFO] IPUIPlugin:80 - create IPUIPlugin
2024-05-05 17:45:07,556 [INFO] IPUIPlugin:80 - create IPUIPlugin
2024-05-05 17:45:07,556 [INFO] IPUIPlugin:80 - create IPUIPlugin
2024-05-05 17:45:07,556 [INFO] IPUIPlugin:80 - create IPUIPlugin
2024-05-05 17:45:07,556 [INFO] IPUIPlugin:80 - create IPUIPlugin
2024-05-05 17:45:07,556 [INFO] IPUIPlugin:80 - create IPUIPlugin
2024-05-05 17:45:07,556 [INFO] IPUIPlugin:80 - create IPUIPlugin
2024-05-05 17:45:07,557 [INFO] IPUIPlugin:80 - create IPUIPlugin
2024-05-05 17:45:07,557 [INFO] IPUIPlugin:80 - create IPUIPlugin
2024-05-05 17:45:07,557 [INFO] IPUIPlugin:80 - create IPUIPlugin
2024-05-05 17:45:07,557 [INFO] IPUIPlugin:80 - create IPUIPlugin
2024-05-05 17:45:07,557 [INFO] IPUIPlugin:80 - create IPUIPlugin
2024-05-05 17:45:07,557 [INFO] IPUIPlugin:80 - create IPUIPlugin
2024-05-05 17:45:07,557 [INFO] IPUIPlugin:80 - create IPUIPlugin
2024-05-05 17:45:07,557 [INFO] IPUIPlugin:80 - create IPUIPlugin
2024-05-05 17:45:07,557 [INFO] IPUIPlugin:80 - create IPUIPlugin
2024-05-05 17:45:07,558 [INFO] IPUIPlugin:80 - create IPUIPlugin
2024-05-05 17:45:07,558 [INFO] IPUIPlugin:80 - create IPUIPlugin
2024-05-05 17:45:07,558 [INFO] IPUIPlugin:80 - create IPUIPlugin
2024-05-05 17:45:07,558 [INFO] IPUIPlugin:80 - create IPUIPlugin
2024-05-05 17:45:07,558 [INFO] IPUIPlugin:80 - create IPUIPlugin
2024-05-05 17:45:07,558 [INFO] IPUIPlugin:80 - create IPUIPlugin
2024-05-05 17:45:07,559 [INFO] IPUIPlugin:80 - create IPUIPlugin
2024-05-05 17:45:07,559 [INFO] IPUIPlugin:80 - create IPUIPlugin
2024-05-05 17:45:07,559 [INFO] IPUIPlugin:80 - create IPUIPlugin
2024-05-05 17:45:07,559 [INFO] IPUIPlugin:80 - create IPUIPlugin
2024-05-05 17:45:07,559 [INFO] IPUIPlugin:80 - create IPUIPlugin
2024-05-05 17:45:07,560 [INFO] IPUIPlugin:80 - create IPUIPlugin
2024-05-05 17:45:07,560 [INFO] IPUIPlugin:80 - create IPUIPlugin
2024-05-05 17:45:07,560 [INFO] IPUIPlugin:80 - create IPUIPlugin
2024-05-05 17:45:07,560 [INFO] IPUIPlugin:80 - create IPUIPlugin
2024-05-05 17:45:07,560 [INFO] IPUIPlugin:80 - create IPUIPlugin
2024-05-05 17:45:07,560 [INFO] IPUIPlugin:80 - create IPUIPlugin
2024-05-05 17:45:07,561 [INFO] IPUIPlugin:80 - create IPUIPlugin
2024-05-05 17:45:07,561 [INFO] IPUIPlugin:80 - create IPUIPlugin
2024-05-05 17:45:07,561 [INFO] IPUIPlugin:80 - create IPUIPlugin
2024-05-05 17:45:07,561 [INFO] IPUIPlugin:80 - create IPUIPlugin
2024-05-05 17:45:07,561 [INFO] IPUIPlugin:80 - create IPUIPlugin
2024-05-05 17:45:07,562 [INFO] IPUIPlugin:80 - create IPUIPlugin
2024-05-05 17:45:07,562 [INFO] IPUIPlugin:80 - create IPUIPlugin
2024-05-05 17:45:07,562 [INFO] IPUIPlugin:80 - create IPUIPlugin
2024-05-05 17:45:07,562 [INFO] IPUIPlugin:80 - create IPUIPlugin
2024-05-05 17:45:07,562 [INFO] IPUIPlugin:80 - create IPUIPlugin
2024-05-05 17:45:07,562 [INFO] IPUIPlugin:80 - create IPUIPlugin
2024-05-05 17:45:07,564 [INFO] IPUIPlugin:80 - create IPUIPlugin
2024-05-05 17:45:07,564 [INFO] IPUIPlugin:80 - create IPUIPlugin
2024-05-05 17:45:07,564 [INFO] IPUIPlugin:80 - create IPUIPlugin
2024-05-05 17:45:07,564 [INFO] IPUIPlugin:80 - create IPUIPlugin
2024-05-05 17:45:07,564 [INFO] IPUIPlugin:80 - create IPUIPlugin
2024-05-05 17:45:07,604 [INFO] CADModel:165 - CPN selected for project levelSTM32G474RET3
2024-05-05 17:45:07,604 [INFO] CADModel:114 - Register for checkConnection events
2024-05-05 17:45:07,641 [INFO] OpenFileManager:343 - Restore cursor
2024-05-05 17:45:30,902 [INFO] NvicIntPanel:101 - NVIC parent = com.st.microxplorer.plugins.ip.nvic.MultiNvicIntPanel[,0,0,0x0,invalid,layout=javax.swing.BoxLayout,alignmentX=0.0,alignmentY=0.0,border=,flags=9,maximumSize=,minimumSize=,preferredSize=]
2024-05-05 17:45:32,321 [INFO] UtilMem:75 - End SaveConfig() Used Memory: 512052848 Bytes (1073741824)
2024-05-05 17:45:34,596 [INFO] UtilMem:75 - End SaveConfig() Used Memory: 539315824 Bytes (1073741824)
2024-05-05 17:45:36,026 [INFO] UtilMem:75 - End SaveConfig() Used Memory: 590173808 Bytes (1073741824)
2024-05-05 17:45:36,093 [INFO] BlockDiagram:2759 - set Specific Code input for plugin: RCC
2024-05-05 17:45:36,093 [INFO] BlockDiagram:2759 - set Specific Code input for plugin: USART
2024-05-05 17:45:36,093 [INFO] BlockDiagram:2759 - set Specific Code input for plugin: TIM1_8G4
2024-05-05 17:45:36,093 [INFO] BlockDiagram:2759 - set Specific Code input for plugin: TIM1_8G4
2024-05-05 17:45:36,093 [INFO] BlockDiagram:2759 - set Specific Code input for plugin: SYS
2024-05-05 17:45:36,093 [INFO] BlockDiagram:2759 - set Specific Code input for plugin: ADC
2024-05-05 17:45:36,093 [INFO] BlockDiagram:2759 - set Specific Code input for plugin: NVIC
2024-05-05 17:45:36,093 [INFO] BlockDiagram:2759 - set Specific Code input for plugin: GPIO
2024-05-05 17:45:36,093 [INFO] CodeGenerator:807 - code generatio: config db path: C:/Users/saksh/.stm32cubemx/databases/DB.6.0.100/db/
2024-05-05 17:45:36,149 [INFO] CodeEngine:255 - oldGeneratedFile, D:\Download\DeleteThis\CurrentController\MXTmpFiles\license.tmp_save
2024-05-05 17:45:36,246 [INFO] CodeEngine:279 - Generated code: D:\Download\DeleteThis\CurrentController\MXTmpFiles\license.tmp
2024-05-05 17:45:36,291 [INFO] CodeEngine:255 - oldGeneratedFile, D:\Download\DeleteThis\CurrentController\MXTmpFiles\gpio.tmp_save
2024-05-05 17:45:36,371 [INFO] CodeEngine:279 - Generated code: D:\Download\DeleteThis\CurrentController\MXTmpFiles\gpio.tmp
2024-05-05 17:45:36,510 [INFO] CodeEngine:255 - oldGeneratedFile, D:\Download\DeleteThis\CurrentController\Core\Src\stm32g4xx_it.c_save
2024-05-05 17:45:36,654 [INFO] CodeEngine:279 - Generated code: D:\Download\DeleteThis\CurrentController\Core\Src\stm32g4xx_it.c
2024-05-05 17:45:36,658 [INFO] CodeEngine:255 - oldGeneratedFile, D:\Download\DeleteThis\CurrentController\Core\Inc\stm32g4xx_it.h_save
2024-05-05 17:45:36,715 [INFO] CodeEngine:279 - Generated code: D:\Download\DeleteThis\CurrentController\Core\Inc\stm32g4xx_it.h
2024-05-05 17:45:36,730 [INFO] CodeEngine:255 - oldGeneratedFile, D:\Download\DeleteThis\CurrentController\Core\Src\stm32g4xx_hal_msp.c_save
2024-05-05 17:45:36,815 [INFO] CodeEngine:279 - Generated code: D:\Download\DeleteThis\CurrentController\Core\Src\stm32g4xx_hal_msp.c
2024-05-05 17:45:36,818 [INFO] CodeEngine:255 - oldGeneratedFile, D:\Download\DeleteThis\CurrentController\MXTmpFiles\system.tmp_save
2024-05-05 17:45:36,871 [INFO] CodeEngine:279 - Generated code: D:\Download\DeleteThis\CurrentController\MXTmpFiles\system.tmp
2024-05-05 17:45:36,897 [INFO] CodeEngine:311 - oldGeneratedFile, D:\Download\DeleteThis\CurrentController\Core\Inc\stm32g4xx_hal_conf.h_save
2024-05-05 17:45:36,973 [INFO] CodeEngine:335 - Generated code: D:\Download\DeleteThis\CurrentController\Core\Inc\stm32g4xx_hal_conf.h
2024-05-05 17:45:36,984 [WARN] IPConfigManager:2982 - Warning: the RefConfig RCC_CommonPeriphClockConfig is not available in your config.xml file
2024-05-05 17:45:36,985 [WARN] IPConfigManager:3513 - IP not found : TIM
2024-05-05 17:45:36,986 [WARN] CodeGenerator:3951 - IP not found : null
2024-05-05 17:45:36,994 [INFO] CodeEngine:255 - oldGeneratedFile, D:\Download\DeleteThis\CurrentController\Core\Inc\main.h_save
2024-05-05 17:45:37,046 [INFO] CodeEngine:279 - Generated code: D:\Download\DeleteThis\CurrentController\Core\Inc\main.h
2024-05-05 17:45:37,056 [INFO] CodeEngine:255 - oldGeneratedFile, D:\Download\DeleteThis\CurrentController\Core\Src\main.c_save
2024-05-05 17:45:37,139 [INFO] CodeEngine:279 - Generated code: D:\Download\DeleteThis\CurrentController\Core\Src\main.c
2024-05-05 17:45:37,392 [INFO] ProjectBuilder:3163 - Time for Copy HAL[1] : 107mS.
2024-05-05 17:45:37,394 [INFO] ProjectBuilder:4736 - Project Generator version: 4.3.0-B58
2024-05-05 17:45:37,433 [INFO] ConfigFileManager:1503 - The Die is : DIE469
2024-05-05 17:45:37,434 [INFO] ApiDbMcu:508 - Load IP Config File for FATFS
2024-05-05 17:45:37,436 [INFO] ApiDbMcu:508 - Load IP Config File for FREERTOS
2024-05-05 17:45:37,438 [INFO] ApiDbMcu:508 - Load IP Config File for USBPD
2024-05-05 17:45:37,440 [INFO] ApiDbMcu:508 - Load IP Config File for USB_Device
2024-05-05 17:45:37,962 [INFO] ProjectBuilder:5002 - Time for Generating toolchain IDE Files: 568mS.
2024-05-05 17:45:37,963 [INFO] ProjectBuilder:3034 - Time for Copy CMSIS : 1mS.
2024-05-05 17:45:37,965 [INFO] ProjectBuilder:3034 - Time for Copy CMSIS : 0mS.
2024-05-05 18:23:07,343 [INFO] MainUpdater:2873 - connection check result : 10
2024-05-05 18:23:07,343 [INFO] MainUpdater:2873 - connection check result : 10
2024-05-05 18:23:07,355 [INFO] MicroXplorer:468 - Change Database Path : 
2024-05-05 18:23:07,355 [INFO] MicroXplorer:498 - Change Database Version : DB.6.0.111
2024-05-05 18:23:07,361 [ERROR] ProjectManagerView:394 - 
java.lang.NullPointerException: Cannot invoke "javax.swing.JTextField.getText()" because the return value of "java.util.List.get(int)" is null
	at com.st.microxplorer.plugins.projectmanager.gui.ProjectChoiceTab$10.caretUpdate(ProjectChoiceTab.java:2504) ~[filemanager.jar:?]
	at javax.swing.text.JTextComponent.fireCaretUpdate(JTextComponent.java:412) ~[?:?]
	at javax.swing.text.JTextComponent$MutableCaretEvent.fire(JTextComponent.java:4491) ~[?:?]
	at javax.swing.text.JTextComponent$MutableCaretEvent.stateChanged(JTextComponent.java:4513) ~[?:?]
	at javax.swing.text.DefaultCaret.fireStateChanged(DefaultCaret.java:842) ~[?:?]
	at javax.swing.text.DefaultCaret.changeCaretPosition(DefaultCaret.java:1313) ~[?:?]
	at javax.swing.text.DefaultCaret.handleSetDot(DefaultCaret.java:1212) ~[?:?]
	at javax.swing.text.DefaultCaret.setDot(DefaultCaret.java:1193) ~[?:?]
	at javax.swing.text.DefaultCaret$Handler.insertUpdate(DefaultCaret.java:1789) ~[?:?]
	at javax.swing.text.AbstractDocument.fireInsertUpdate(AbstractDocument.java:226) ~[?:?]
	at javax.swing.text.AbstractDocument.handleInsertString(AbstractDocument.java:780) ~[?:?]
	at javax.swing.text.AbstractDocument.insertString(AbstractDocument.java:739) ~[?:?]
	at javax.swing.text.PlainDocument.insertString(PlainDocument.java:131) ~[?:?]
	at javax.swing.text.AbstractDocument.replace(AbstractDocument.java:698) ~[?:?]
	at javax.swing.text.JTextComponent.setText(JTextComponent.java:1729) ~[?:?]
	at com.st.microxplorer.plugins.projectmanager.gui.ProjectChoiceTab.createHeapStackFields(ProjectChoiceTab.java:944) ~[filemanager.jar:?]
	at com.st.microxplorer.plugins.projectmanager.gui.ProjectChoiceTab.buildLinkSettingsPanel(ProjectChoiceTab.java:3475) ~[filemanager.jar:?]
	at com.st.microxplorer.plugins.projectmanager.gui.ProjectChoiceTab.defineWindowsFields(ProjectChoiceTab.java:1816) ~[filemanager.jar:?]
	at com.st.microxplorer.plugins.projectmanager.gui.ProjectChoiceTab.updateSettings(ProjectChoiceTab.java:544) ~[filemanager.jar:?]
	at com.st.microxplorer.plugins.projectmanager.gui.ProjectSettingsPanel.UpdateDialog(ProjectSettingsPanel.java:245) ~[filemanager.jar:?]
	at com.st.microxplorer.plugins.projectmanager.ProjectManagerView.propertyChange(ProjectManagerView.java:391) ~[filemanager.jar:?]
	at java.beans.PropertyChangeSupport.fire(PropertyChangeSupport.java:343) ~[?:?]
	at java.beans.PropertyChangeSupport.firePropertyChange(PropertyChangeSupport.java:335) ~[?:?]
	at java.beans.PropertyChangeSupport.firePropertyChange(PropertyChangeSupport.java:268) ~[?:?]
	at com.st.microxplorer.util.MXPropertyChangeSupport.firePropertyChange(MXPropertyChangeSupport.java:54) ~[STM32CubeMX.jar:?]
	at com.st.microxplorer.mxsystem.MxSystem.closeConfig(MxSystem.java:900) ~[STM32CubeMX.jar:?]
	at com.st.microxplorer.maingui.MainPanel.closeConfig(MainPanel.java:776) ~[STM32CubeMX.jar:?]
	at com.st.microxplorer.plugins.filemanager.engine.OpenFileManager.loadConfigurationFile(OpenFileManager.java:245) ~[filemanager.jar:?]
	at com.st.microxplorer.plugins.filemanager.engine.MainFileManager.userLoadConfig(MainFileManager.java:315) ~[filemanager.jar:?]
	at com.st.microxplorer.plugins.filemanager.engine.MainFileManager.userLoadConfig(MainFileManager.java:293) ~[filemanager.jar:?]
	at com.st.microxplorer.plugins.filemanager.FileManagerView.getSpecificTask(FileManagerView.java:247) ~[filemanager.jar:?]
	at com.st.stm32cube.common.mx.editor.CubeMxEditor.getMxTabbedPaneInstance(CubeMxEditor.java:1198) ~[com.st.stm32cube.common.mx_6.11.1.202404110753/:?]
	at com.st.stm32cube.common.mx.editor.CubeMxEditor$12$1.createSwingComponent(CubeMxEditor.java:1068) ~[com.st.stm32cube.common.mx_6.11.1.202404110753/:?]
	at com.st.stm32cube.common.mx.oss.core.awtswtbridge.EmbeddedSwingComposite.doComponentCreation(EmbeddedSwingComposite.java:492) ~[com.st.stm32cube.common.mx.oss_6.11.1.202404110753/:?]
	at com.st.stm32cube.common.mx.oss.core.awtswtbridge.EmbeddedSwingComposite$4.run(EmbeddedSwingComposite.java:291) ~[com.st.stm32cube.common.mx.oss_6.11.1.202404110753/:?]
	at com.st.stm32cube.common.mx.oss.core.awtswtbridge.AwtEnvironment$2.run(AwtEnvironment.java:166) ~[com.st.stm32cube.common.mx.oss_6.11.1.202404110753/:?]
	at java.awt.event.InvocationEvent.dispatch(InvocationEvent.java:318) ~[?:?]
	at java.awt.EventQueue.dispatchEventImpl(EventQueue.java:773) ~[?:?]
	at java.awt.EventQueue$4.run(EventQueue.java:720) ~[?:?]
	at java.awt.EventQueue$4.run(EventQueue.java:714) ~[?:?]
	at java.security.AccessController.doPrivileged(AccessController.java:399) ~[?:?]
	at java.security.ProtectionDomain$JavaSecurityAccessImpl.doIntersectionPrivilege(ProtectionDomain.java:86) ~[?:?]
	at java.awt.EventQueue.dispatchEvent(EventQueue.java:742) ~[?:?]
	at java.awt.EventDispatchThread.pumpOneEventForFilters(EventDispatchThread.java:203) ~[?:?]
	at java.awt.EventDispatchThread.pumpEventsForFilter(EventDispatchThread.java:124) ~[?:?]
	at java.awt.EventDispatchThread.pumpEventsForHierarchy(EventDispatchThread.java:113) ~[?:?]
	at java.awt.EventDispatchThread.pumpEvents(EventDispatchThread.java:109) ~[?:?]
	at java.awt.EventDispatchThread.pumpEvents(EventDispatchThread.java:101) ~[?:?]
	at java.awt.EventDispatchThread.run(EventDispatchThread.java:90) ~[?:?]
2024-05-05 18:23:07,362 [WARN] ThirdParty:871 - waiting for thirdparty lock release [close project]
2024-05-05 18:23:07,362 [INFO] ThirdParty:873 - entering critical section [close project]
2024-05-05 18:23:07,362 [INFO] ThirdParty:883 - exiting critical section [close project]
2024-05-05 18:23:07,363 [INFO] PinOutPanel:1561 - setPackage(No Configuration,No Configuration)
2024-05-05 18:23:07,366 [INFO] UtilMem:75 - Begin LoadConfig() Used Memory: 495713280 Bytes (1073741824)
2024-05-05 18:23:07,371 [INFO] MicroXplorer:468 - Change Database Path : C:/Users/saksh/.stm32cubemx/databases/DB.6.0.100/db/
2024-05-05 18:23:07,371 [INFO] MicroXplorer:498 - Change Database Version : DB.6.0.100
2024-05-05 18:23:09,000 [INFO] OpenFileManager:312 - Change cursor
2024-05-05 18:23:09,007 [INFO] RulesReader:64 - Compatibility file has been processed (297 Rules)
2024-05-05 18:23:09,009 [INFO] Mcu:2021 - Initializing MCU STM32H7A3Z(G-I)TxQ STM32H7A3ZITxQ STM32H7A3ZIT6Q
2024-05-05 18:23:10,220 [INFO] Context:663 - Trying to add GPIOservice into a context  which must be forbidden
2024-05-05 18:23:10,617 [INFO] RtosManager:555 - Registered RTOS mode: class=CMSIS, group=RTOS, mode=CMSIS_V1, owner=FREERTOS
2024-05-05 18:23:10,617 [INFO] RtosManager:555 - Registered RTOS mode: class=CMSIS, group=RTOS2, mode=CMSIS_V2, owner=FREERTOS
2024-05-05 18:23:10,618 [INFO] RtosManager:555 - Registered RTOS mode: class=RTOS, group=Core, mode=CMSIS_V1, owner=FREERTOS
2024-05-05 18:23:10,618 [INFO] RtosManager:555 - Registered RTOS mode: class=RTOS, group=Core, mode=CMSIS_V2, owner=FREERTOS
2024-05-05 18:23:10,618 [WARN] ModelIntegratedComponent:184 - Missing modes for component STMicroelectronics:FreeRTOS:0.0.1:STMicroelectronics:RTOS:FreeRTOS:Core:::10.2.0:
2024-05-05 18:23:10,619 [WARN] ModelIntegratedComponent:63 - No mode defined for component null
2024-05-05 18:23:10,619 [WARN] ModelIntegratedComponent:63 - No mode defined for component null
2024-05-05 18:23:10,619 [WARN] ModelIntegratedComponent:63 - No mode defined for component null
2024-05-05 18:23:10,619 [WARN] ModelIntegratedComponent:63 - No mode defined for component null
2024-05-05 18:23:10,619 [WARN] ModelIntegratedComponent:63 - No mode defined for component null
2024-05-05 18:23:10,619 [WARN] ModelIntegratedComponent:63 - No mode defined for component null
2024-05-05 18:23:10,619 [WARN] ModelIntegratedComponent:63 - No mode defined for component null
2024-05-05 18:23:10,619 [WARN] ModelIntegratedComponent:63 - No mode defined for component null
2024-05-05 18:23:10,619 [WARN] ModelIntegratedComponent:63 - No mode defined for component null
2024-05-05 18:23:10,619 [WARN] ModelIntegratedComponent:63 - No mode defined for component null
2024-05-05 18:23:10,619 [WARN] ModelIntegratedComponent:63 - No mode defined for component null
2024-05-05 18:23:10,619 [WARN] ModelIntegratedComponent:63 - No mode defined for component null
2024-05-05 18:23:10,619 [WARN] ModelIntegratedComponent:63 - No mode defined for component null
2024-05-05 18:23:10,619 [WARN] ModelIntegratedComponent:63 - No mode defined for component null
2024-05-05 18:23:10,619 [WARN] ModelIntegratedComponent:63 - No mode defined for component null
2024-05-05 18:23:10,619 [WARN] ModelIntegratedComponent:63 - No mode defined for component null
2024-05-05 18:23:10,619 [WARN] ModelIntegratedComponent:63 - No mode defined for component null
2024-05-05 18:23:10,619 [WARN] ModelIntegratedComponent:63 - No mode defined for component null
2024-05-05 18:23:10,619 [WARN] ModelIntegratedComponent:63 - No mode defined for component null
2024-05-05 18:23:10,619 [WARN] ModelIntegratedComponent:63 - No mode defined for component null
2024-05-05 18:23:10,619 [WARN] ModelIntegratedComponent:63 - No mode defined for component null
2024-05-05 18:23:10,619 [WARN] ModelIntegratedComponent:63 - No mode defined for component null
2024-05-05 18:23:10,619 [WARN] ModelIntegratedComponent:63 - No mode defined for component null
2024-05-05 18:23:10,619 [WARN] ModelIntegratedComponent:63 - No mode defined for component null
2024-05-05 18:23:10,619 [WARN] ModelIntegratedComponent:63 - No mode defined for component null
2024-05-05 18:23:10,619 [WARN] ModelIntegratedComponent:63 - No mode defined for component null
2024-05-05 18:23:10,619 [WARN] ModelIntegratedComponent:63 - No mode defined for component null
2024-05-05 18:23:10,619 [WARN] ModelIntegratedComponent:63 - No mode defined for component null
2024-05-05 18:23:10,619 [WARN] ModelIntegratedComponent:63 - No mode defined for component null
2024-05-05 18:23:10,619 [WARN] ModelIntegratedComponent:63 - No mode defined for component null
2024-05-05 18:23:10,619 [WARN] ModelIntegratedComponent:63 - No mode defined for component null
2024-05-05 18:23:10,619 [WARN] ModelIntegratedComponent:63 - No mode defined for component null
2024-05-05 18:23:10,619 [WARN] ModelIntegratedComponent:63 - No mode defined for component null
2024-05-05 18:23:10,619 [WARN] ModelIntegratedComponent:63 - No mode defined for component null
2024-05-05 18:23:10,648 [WARN] ModelIntegratedComponent:182 - Modes not found for component STMicroelectronics:USB_DEVICE:1.0.0:STMicroelectronics:USB::USB Device:Audio FS::1.0:USB_DEVICE_1_0_RESTRICTED_FS
2024-05-05 18:23:10,648 [WARN] ModelIntegratedComponent:188 - Modes not found for component STMicroelectronics:USB_DEVICE:1.0.0:STMicroelectronics:USB::USB Device:Audio FS::1.0:USB_DEVICE_1_0_RESTRICTED_FS
2024-05-05 18:23:10,648 [WARN] ModelIntegratedComponent:182 - Modes not found for component STMicroelectronics:USB_DEVICE:1.0.0:STMicroelectronics:USB::USB Device:CDC FS::1.0:USB_DEVICE_1_0_RESTRICTED_FS
2024-05-05 18:23:10,648 [WARN] ModelIntegratedComponent:188 - Modes not found for component STMicroelectronics:USB_DEVICE:1.0.0:STMicroelectronics:USB::USB Device:CDC FS::1.0:USB_DEVICE_1_0_RESTRICTED_FS
2024-05-05 18:23:10,648 [WARN] ModelIntegratedComponent:182 - Modes not found for component STMicroelectronics:USB_DEVICE:1.0.0:STMicroelectronics:USB::USB Device:DFU FS::1.0:USB_DEVICE_1_0_RESTRICTED_FS
2024-05-05 18:23:10,648 [WARN] ModelIntegratedComponent:188 - Modes not found for component STMicroelectronics:USB_DEVICE:1.0.0:STMicroelectronics:USB::USB Device:DFU FS::1.0:USB_DEVICE_1_0_RESTRICTED_FS
2024-05-05 18:23:10,648 [WARN] ModelIntegratedComponent:182 - Modes not found for component STMicroelectronics:USB_DEVICE:1.0.0:STMicroelectronics:USB::USB Device:HID FS::1.0:USB_DEVICE_1_0_RESTRICTED_FS
2024-05-05 18:23:10,648 [WARN] ModelIntegratedComponent:188 - Modes not found for component STMicroelectronics:USB_DEVICE:1.0.0:STMicroelectronics:USB::USB Device:HID FS::1.0:USB_DEVICE_1_0_RESTRICTED_FS
2024-05-05 18:23:10,648 [WARN] ModelIntegratedComponent:182 - Modes not found for component STMicroelectronics:USB_DEVICE:1.0.0:STMicroelectronics:USB::USB Device:Custom HID FS::1.0:USB_DEVICE_1_0_RESTRICTED_FS
2024-05-05 18:23:10,648 [WARN] ModelIntegratedComponent:188 - Modes not found for component STMicroelectronics:USB_DEVICE:1.0.0:STMicroelectronics:USB::USB Device:Custom HID FS::1.0:USB_DEVICE_1_0_RESTRICTED_FS
2024-05-05 18:23:10,648 [WARN] ModelIntegratedComponent:182 - Modes not found for component STMicroelectronics:USB_DEVICE:1.0.0:STMicroelectronics:USB::USB Device:MSC FS::1.0:USB_DEVICE_1_0_RESTRICTED_FS
2024-05-05 18:23:10,648 [WARN] ModelIntegratedComponent:188 - Modes not found for component STMicroelectronics:USB_DEVICE:1.0.0:STMicroelectronics:USB::USB Device:MSC FS::1.0:USB_DEVICE_1_0_RESTRICTED_FS
2024-05-05 18:23:10,681 [WARN] ModelIntegratedComponent:182 - Modes not found for component STMicroelectronics:USB_HOST:1.0.0:STMicroelectronics:USB::USB Host:Audio FS::1.0:USB_HOST_1_0_RESTRICTED_FS
2024-05-05 18:23:10,681 [WARN] ModelIntegratedComponent:188 - Modes not found for component STMicroelectronics:USB_HOST:1.0.0:STMicroelectronics:USB::USB Host:Audio FS::1.0:USB_HOST_1_0_RESTRICTED_FS
2024-05-05 18:23:10,681 [WARN] ModelIntegratedComponent:182 - Modes not found for component STMicroelectronics:USB_HOST:1.0.0:STMicroelectronics:USB::USB Host:CDC FS::1.0:USB_HOST_1_0_RESTRICTED_FS
2024-05-05 18:23:10,681 [WARN] ModelIntegratedComponent:188 - Modes not found for component STMicroelectronics:USB_HOST:1.0.0:STMicroelectronics:USB::USB Host:CDC FS::1.0:USB_HOST_1_0_RESTRICTED_FS
2024-05-05 18:23:10,681 [WARN] ModelIntegratedComponent:182 - Modes not found for component STMicroelectronics:USB_HOST:1.0.0:STMicroelectronics:USB::USB Host:MSC FS::1.0:USB_HOST_1_0_RESTRICTED_FS
2024-05-05 18:23:10,681 [WARN] ModelIntegratedComponent:188 - Modes not found for component STMicroelectronics:USB_HOST:1.0.0:STMicroelectronics:USB::USB Host:MSC FS::1.0:USB_HOST_1_0_RESTRICTED_FS
2024-05-05 18:23:10,681 [WARN] ModelIntegratedComponent:182 - Modes not found for component STMicroelectronics:USB_HOST:1.0.0:STMicroelectronics:USB::USB Host:HID FS::1.0:USB_HOST_1_0_RESTRICTED_FS
2024-05-05 18:23:10,681 [WARN] ModelIntegratedComponent:188 - Modes not found for component STMicroelectronics:USB_HOST:1.0.0:STMicroelectronics:USB::USB Host:HID FS::1.0:USB_HOST_1_0_RESTRICTED_FS
2024-05-05 18:23:10,681 [WARN] ModelIntegratedComponent:182 - Modes not found for component STMicroelectronics:USB_HOST:1.0.0:STMicroelectronics:USB::USB Host:MTP FS::1.0:USB_HOST_1_0_RESTRICTED_FS
2024-05-05 18:23:10,681 [WARN] ModelIntegratedComponent:188 - Modes not found for component STMicroelectronics:USB_HOST:1.0.0:STMicroelectronics:USB::USB Host:MTP FS::1.0:USB_HOST_1_0_RESTRICTED_FS
2024-05-05 18:23:10,758 [INFO] ThirdPartyModel:298 - Start build external matchings
2024-05-05 18:23:11,946 [INFO] ThirdPartyModel:316 - End build external matchings
2024-05-05 18:23:11,968 [INFO] ImportTextPane:194 - (OptionalMessage_ERROR) IP (RCC) : Invalid parameter (FamilyName)
2024-05-05 18:23:11,968 [INFO] ImportTextPane:194 - (OptionalMessage_ERROR) IP (RCC) : Parameter (LTDCFreq_Value) has invalid value (768000000)
2024-05-05 18:23:11,968 [INFO] ImportTextPane:194 - (OptionalMessage_ERROR) IP (RCC) : Parameter (TraceFreq_Value) has invalid value (64000000)
2024-05-05 18:23:12,279 [INFO] UtilMem:75 - End LoadConfig() Used Memory: 851126896 Bytes (1073741824)
2024-05-05 18:23:12,301 [WARN] ThirdParty:833 - waiting for thirdparty lock release [change project]
2024-05-05 18:23:12,301 [INFO] ThirdParty:835 - entering critical section [change project]
2024-05-05 18:23:12,301 [INFO] ThirdParty:1030 - CMSIS Pack Vendor :STMicroelectronics USBPD 4.1
2024-05-05 18:23:12,301 [INFO] ThirdParty:1030 - CMSIS Pack Vendor :STMicroelectronics X-CUBE-GNSS1 6.0.0
2024-05-05 18:23:12,301 [INFO] ThirdParty:1030 - CMSIS Pack Vendor :STMicroelectronics USB_HOST 2.0.0
2024-05-05 18:23:12,301 [INFO] ThirdParty:1030 - CMSIS Pack Vendor :STMicroelectronics FP-SNS-MOTENVWB1 1.4.0
2024-05-05 18:23:12,301 [INFO] ThirdParty:1030 - CMSIS Pack Vendor :STMicroelectronics X-CUBE-AZRTOS-F4 1.1.0
2024-05-05 18:23:12,301 [INFO] ThirdParty:1030 - CMSIS Pack Vendor :STMicroelectronics LIBJPEG 8.0.0
2024-05-05 18:23:12,301 [INFO] ThirdParty:1030 - CMSIS Pack Vendor :STMicroelectronics X-CUBE-SMBUS 2.1.0
2024-05-05 18:23:12,302 [INFO] ThirdParty:1030 - CMSIS Pack Vendor :STMicroelectronics X-CUBE-FREERTOS 1.2.0
2024-05-05 18:23:12,302 [INFO] ThirdParty:1030 - CMSIS Pack Vendor :STMicroelectronics X-CUBE-TOUCHGFX 4.23.1
2024-05-05 18:23:12,302 [INFO] ThirdParty:1030 - CMSIS Pack Vendor :STMicroelectronics X-CUBE-TOUCHGFX 4.23.0
2024-05-05 18:23:12,302 [INFO] ThirdParty:1030 - CMSIS Pack Vendor :STMicroelectronics X-CUBE-BLEMGR 1.2.0
2024-05-05 18:23:12,302 [INFO] ThirdParty:1030 - CMSIS Pack Vendor :STMicroelectronics X-CUBE-TOUCHGFX 4.23.2
2024-05-05 18:23:12,302 [INFO] ThirdParty:1030 - CMSIS Pack Vendor :STMicroelectronics X-CUBE-AZRTOS-F7 1.1.0
2024-05-05 18:23:12,302 [INFO] ThirdParty:1030 - CMSIS Pack Vendor :STMicroelectronics X-CUBE-AZRTOS-L5 2.0.0
2024-05-05 18:23:12,302 [INFO] ThirdParty:1030 - CMSIS Pack Vendor :STMicroelectronics USB_DEVICE 2.0.0
2024-05-05 18:23:12,302 [INFO] ThirdParty:1030 - CMSIS Pack Vendor :STMicroelectronics X-CUBE-MEMS1 9.6.0
2024-05-05 18:23:12,302 [INFO] ThirdParty:1030 - CMSIS Pack Vendor :STMicroelectronics X-CUBE-EEPRMA1 4.2.0
2024-05-05 18:23:12,302 [INFO] ThirdParty:1030 - CMSIS Pack Vendor :STMicroelectronics X-CUBE-NFC6 3.1.0
2024-05-05 18:23:12,302 [INFO] ThirdParty:1030 - CMSIS Pack Vendor :ITTIA_DB I-CUBE-ITTIADB 8.8.0
2024-05-05 18:23:12,302 [INFO] ThirdParty:1030 - CMSIS Pack Vendor :STMicroelectronics FP-SNS-MOTENV1 4.3.0
2024-05-05 18:23:12,302 [INFO] ThirdParty:1030 - CMSIS Pack Vendor :STMicroelectronics FP-SNS-MOTENV1 4.3.2
2024-05-05 18:23:12,302 [INFO] ThirdParty:1030 - CMSIS Pack Vendor :STMicroelectronics FP-SNS-FLIGHT1 5.0.0
2024-05-05 18:23:12,302 [INFO] ThirdParty:1030 - CMSIS Pack Vendor :STMicroelectronics FP-SNS-MOTENV1 4.3.1
2024-05-05 18:23:12,302 [INFO] ThirdParty:1030 - CMSIS Pack Vendor :STMicroelectronics FP-SNS-FLIGHT1 5.0.1
2024-05-05 18:23:12,302 [INFO] ThirdParty:1030 - CMSIS Pack Vendor :STMicroelectronics X-CUBE-BLE1 6.2.3
2024-05-05 18:23:12,302 [INFO] ThirdParty:1030 - CMSIS Pack Vendor :STMicroelectronics X-CUBE-BLE1 6.2.4
2024-05-05 18:23:12,302 [INFO] ThirdParty:1030 - CMSIS Pack Vendor :STMicroelectronics FreeRTOS 0.0.1
2024-05-05 18:23:12,302 [INFO] ThirdParty:1030 - CMSIS Pack Vendor :STMicroelectronics X-CUBE-BLEMGR 2.0.0
2024-05-05 18:23:12,302 [INFO] ThirdParty:1030 - CMSIS Pack Vendor :STMicroelectronics FP-SNS-FLIGHT1 5.0.2
2024-05-05 18:23:12,302 [INFO] ThirdParty:1030 - CMSIS Pack Vendor :STMicroelectronics X-CUBE-NFC4 2.0.4
2024-05-05 18:23:12,302 [INFO] ThirdParty:1030 - CMSIS Pack Vendor :STMicroelectronics X-CUBE-AI 9.0.0
2024-05-05 18:23:12,302 [INFO] ThirdParty:1030 - CMSIS Pack Vendor :STMicroelectronics X-CUBE-AZRTOS-H7 3.1.0
2024-05-05 18:23:12,302 [INFO] ThirdParty:1030 - CMSIS Pack Vendor :STMicroelectronics PDM2PCM 3.3.0
2024-05-05 18:23:12,302 [INFO] ThirdParty:1030 - CMSIS Pack Vendor :STMicroelectronics X-CUBE-TOF1 3.1.0
2024-05-05 18:23:12,302 [INFO] ThirdParty:1030 - CMSIS Pack Vendor :STMicroelectronics X-CUBE-DISPLAY 3.0.0
2024-05-05 18:23:12,302 [INFO] ThirdParty:1030 - CMSIS Pack Vendor :STMicroelectronics X-CUBE-BLE1 7.0.0
2024-05-05 18:23:12,302 [INFO] ThirdParty:1030 - CMSIS Pack Vendor :wolfSSL I-CUBE-wolfSSL 5.5.0
2024-05-05 18:23:12,302 [INFO] ThirdParty:1030 - CMSIS Pack Vendor :STMicroelectronics HAL Drivers 0.0.0
2024-05-05 18:23:12,302 [INFO] ThirdParty:1030 - CMSIS Pack Vendor :STMicroelectronics X-CUBE-TOUCHGFX 4.22.0
2024-05-05 18:23:12,302 [INFO] ThirdParty:1030 - CMSIS Pack Vendor :STMicroelectronics X-CUBE-NFC7 1.0.1
2024-05-05 18:23:12,302 [INFO] ThirdParty:1030 - CMSIS Pack Vendor :STMicroelectronics MBEDTLS 2.14.1
2024-05-05 18:23:12,302 [INFO] ThirdParty:1030 - CMSIS Pack Vendor :STMicroelectronics X-CUBE-NFC7 1.0.0
2024-05-05 18:23:12,302 [INFO] ThirdParty:1030 - CMSIS Pack Vendor :STMicroelectronics X-CUBE-NFC6 3.0.0
2024-05-05 18:23:12,302 [INFO] ThirdParty:1030 - CMSIS Pack Vendor :STMicroelectronics X-CUBE-MEMS1 9.3.0
2024-05-05 18:23:12,302 [INFO] ThirdParty:1030 - CMSIS Pack Vendor :STMicroelectronics X-CUBE-EEPRMA1 4.1.0
2024-05-05 18:23:12,302 [INFO] ThirdParty:1030 - CMSIS Pack Vendor :STMicroelectronics X-CUBE-AI 7.2.0
2024-05-05 18:23:12,302 [INFO] ThirdParty:1030 - CMSIS Pack Vendor :STMicroelectronics X-CUBE-BLEMGR 3.1.0
2024-05-05 18:23:12,302 [INFO] ThirdParty:1030 - CMSIS Pack Vendor :STMicroelectronics FP-SNS-SMARTAG2 1.2.0
2024-05-05 18:23:12,302 [INFO] ThirdParty:1030 - CMSIS Pack Vendor :STMicroelectronics X-CUBE-AZRTOS-WL 2.0.0
2024-05-05 18:23:12,302 [INFO] ThirdParty:1030 - CMSIS Pack Vendor :STMicroelectronics FP-SNS-MOTENV1 5.0.0
2024-05-05 18:23:12,302 [INFO] ThirdParty:1030 - CMSIS Pack Vendor :STMicroelectronics USB_DEVICE 1.0.0
2024-05-05 18:23:12,302 [INFO] ThirdParty:1030 - CMSIS Pack Vendor :STMicroelectronics X-CUBE-AI 8.1.0
2024-05-05 18:23:12,302 [INFO] ThirdParty:1030 - CMSIS Pack Vendor :STMicroelectronics X-CUBE-AZRTOS-L4 2.0.0
2024-05-05 18:23:12,302 [INFO] ThirdParty:1030 - CMSIS Pack Vendor :STMicroelectronics ThreadX 0.0.2
2024-05-05 18:23:12,302 [INFO] ThirdParty:1030 - CMSIS Pack Vendor :WES I-CUBE-Cesium 1.3.0
2024-05-05 18:23:12,302 [INFO] ThirdParty:1030 - CMSIS Pack Vendor :STMicroelectronics lwIP 2.1.2
2024-05-05 18:23:12,302 [INFO] ThirdParty:1030 - CMSIS Pack Vendor :STMicroelectronics X-CUBE-SFXS2LP1 4.0.0
2024-05-05 18:23:12,302 [INFO] ThirdParty:1030 - CMSIS Pack Vendor :STMicroelectronics X-CUBE-BLE2 3.3.0
2024-05-05 18:23:12,302 [INFO] ThirdParty:1030 - CMSIS Pack Vendor :STMicroelectronics X-CUBE-DISPLAY 2.2.0
2024-05-05 18:23:12,302 [INFO] ThirdParty:1030 - CMSIS Pack Vendor :STMicroelectronics X-CUBE-TOF1 3.2.0
2024-05-05 18:23:12,302 [INFO] ThirdParty:1030 - CMSIS Pack Vendor :STMicroelectronics PDM2PCM 3.2.0
2024-05-05 18:23:12,302 [INFO] ThirdParty:1030 - CMSIS Pack Vendor :STMicroelectronics X-CUBE-AZRTOS-H7 3.0.0
2024-05-05 18:23:12,302 [INFO] ThirdParty:1030 - CMSIS Pack Vendor :STMicroelectronics X-CUBE-ISPU 1.0.0
2024-05-05 18:23:12,302 [INFO] ThirdParty:1030 - CMSIS Pack Vendor :STMicroelectronics X-CUBE-ISPU 1.1.0
2024-05-05 18:23:12,302 [INFO] ThirdParty:1030 - CMSIS Pack Vendor :RoweBots I-CUBE-UNISONRTOS 5.5.0-4
2024-05-05 18:23:12,302 [INFO] ThirdParty:1030 - CMSIS Pack Vendor :STMicroelectronics X-CUBE-AZRTOS-H7 2.1.0
2024-05-05 18:23:12,302 [INFO] ThirdParty:1030 - CMSIS Pack Vendor :STMicroelectronics USB_DEVICE 3.0.0
2024-05-05 18:23:12,302 [INFO] ThirdParty:1030 - CMSIS Pack Vendor :STMicroelectronics X-CUBE-TCPP 4.1.0
2024-05-05 18:23:12,302 [INFO] ThirdParty:1030 - CMSIS Pack Vendor :STMicroelectronics X-CUBE-AI 8.0.0
2024-05-05 18:23:12,302 [INFO] ThirdParty:1030 - CMSIS Pack Vendor :STMicroelectronics X-CUBE-AZRTOS-WB 2.0.0
2024-05-05 18:23:12,302 [INFO] ThirdParty:1030 - CMSIS Pack Vendor :STMicroelectronics X-CUBE-FREERTOS 1.0.0
2024-05-05 18:23:12,302 [INFO] ThirdParty:1030 - CMSIS Pack Vendor :STMicroelectronics X-CUBE-FREERTOS 1.0.1
2024-05-05 18:23:12,302 [INFO] ThirdParty:1030 - CMSIS Pack Vendor :STMicroelectronics X-CUBE-TOUCHGFX 4.21.1
2024-05-05 18:23:12,302 [INFO] ThirdParty:1030 - CMSIS Pack Vendor :STMicroelectronics X-CUBE-TOUCHGFX 4.21.3
2024-05-05 18:23:12,302 [INFO] ThirdParty:1030 - CMSIS Pack Vendor :STMicroelectronics X-CUBE-BLEMGR 1.0.0
2024-05-05 18:23:12,302 [INFO] ThirdParty:1030 - CMSIS Pack Vendor :STMicroelectronics X-CUBE-TOUCHGFX 4.21.4
2024-05-05 18:23:12,302 [INFO] ThirdParty:1030 - CMSIS Pack Vendor :STMicroelectronics X-CUBE-MEMS1 9.4.0
2024-05-05 18:23:12,302 [INFO] ThirdParty:1030 - CMSIS Pack Vendor :STMicroelectronics X-CUBE-AI 7.3.0
2024-05-05 18:23:12,302 [INFO] ThirdParty:1030 - CMSIS Pack Vendor :STMicroelectronics X-CUBE-ALGOBUILD 1.3.0
2024-05-05 18:23:12,302 [INFO] ThirdParty:1030 - CMSIS Pack Vendor :STMicroelectronics X-CUBE-AZRTOS-L5 1.1.0
2024-05-05 18:23:12,302 [INFO] ThirdParty:1030 - CMSIS Pack Vendor :STMicroelectronics X-CUBE-AZRTOS-G0 1.1.0
2024-05-05 18:23:12,302 [INFO] ThirdParty:1030 - CMSIS Pack Vendor :STMicroelectronics X-CUBE-AI 8.0.1
2024-05-05 18:23:12,302 [INFO] ThirdParty:1030 - CMSIS Pack Vendor :STMicroelectronics X-CUBE-SAFEA1 1.2.2
2024-05-05 18:23:12,302 [INFO] ThirdParty:1030 - CMSIS Pack Vendor :STMicroelectronics X-CUBE-NFC4 3.0.0
2024-05-05 18:23:12,302 [INFO] ThirdParty:1030 - CMSIS Pack Vendor :SEGGER I-CUBE-embOS 1.2.0
2024-05-05 18:23:12,302 [INFO] ThirdParty:1030 - CMSIS Pack Vendor :STMicroelectronics X-CUBE-SUBG2 5.0.0
2024-05-05 18:23:12,302 [INFO] ThirdParty:1030 - CMSIS Pack Vendor :STMicroelectronics STM32_WPAN 1.0.0
2024-05-05 18:23:12,302 [INFO] ThirdParty:1030 - CMSIS Pack Vendor :STMicroelectronics lwIP 2.0.3
2024-05-05 18:23:12,302 [INFO] ThirdParty:1030 - CMSIS Pack Vendor :STMicroelectronics USB_HOST 1.0.0
2024-05-05 18:23:12,302 [INFO] ThirdParty:1030 - CMSIS Pack Vendor :STMicroelectronics X-CUBE-TOF1 3.3.1
2024-05-05 18:23:12,302 [INFO] ThirdParty:1030 - CMSIS Pack Vendor :STMicroelectronics X-CUBE-AZRTOS-G4 2.0.0
2024-05-05 18:23:12,302 [INFO] ThirdParty:1030 - CMSIS Pack Vendor :STMicroelectronics PDM2PCM 3.1.0
2024-05-05 18:23:12,302 [INFO] ThirdParty:1030 - CMSIS Pack Vendor :STMicroelectronics X-CUBE-TOF1 3.3.0
2024-05-05 18:23:12,302 [INFO] ThirdParty:1030 - CMSIS Pack Vendor :STMicroelectronics FP-ATR-ASTRA1 1.1.1
2024-05-05 18:23:12,302 [INFO] ThirdParty:1030 - CMSIS Pack Vendor :Infineon AIROC-Wi-Fi-Bluetooth-STM32 1.5.1
2024-05-05 18:23:12,302 [INFO] ThirdParty:1030 - CMSIS Pack Vendor :STMicroelectronics X-CUBE-BLEMGR 3.0.0
2024-05-05 18:23:12,302 [INFO] ThirdParty:1030 - CMSIS Pack Vendor :STMicroelectronics X-CUBE-BLEMGR 1.3.0
2024-05-05 18:23:12,302 [INFO] ThirdParty:1030 - CMSIS Pack Vendor :STMicroelectronics FP-SNS-MOTENVWB1 1.3.1
2024-05-05 18:23:12,302 [INFO] ThirdParty:1030 - CMSIS Pack Vendor :STMicroelectronics FP-ATR-SIGFOX1 3.2.0
2024-05-05 18:23:12,302 [INFO] ThirdParty:1030 - CMSIS Pack Vendor :STMicroelectronics X-CUBE-AZRTOS-G4 1.0.0
2024-05-05 18:23:12,302 [INFO] ThirdParty:1030 - CMSIS Pack Vendor :STMicroelectronics X-CUBE-AZRTOS-L4 1.0.0
2024-05-05 18:23:12,302 [INFO] ThirdParty:1030 - CMSIS Pack Vendor :STMicroelectronics X-CUBE-ISPU 2.0.0
2024-05-05 18:23:12,302 [INFO] ThirdParty:1030 - CMSIS Pack Vendor :STMicroelectronics X-CUBE-EEPRMA1 5.1.0
2024-05-05 18:23:12,302 [INFO] ThirdParty:1030 - CMSIS Pack Vendor :STMicroelectronics MBEDTLS 2.16.2
2024-05-05 18:23:12,302 [INFO] ThirdParty:1030 - CMSIS Pack Vendor :emotas I-CUBE-CANOPEN 1.1.2
2024-05-05 18:23:12,302 [INFO] ThirdParty:1030 - CMSIS Pack Vendor :STMicroelectronics X-CUBE-TOUCHGFX 4.20.0
2024-05-05 18:23:12,302 [INFO] ThirdParty:1030 - CMSIS Pack Vendor :STMicroelectronics X-CUBE-MEMS1 10.0.0
2024-05-05 18:23:12,302 [INFO] ThirdParty:1030 - CMSIS Pack Vendor :STMicroelectronics X-CUBE-FREERTOS 1.1.0
2024-05-05 18:23:12,302 [INFO] ThirdParty:1030 - CMSIS Pack Vendor :STMicroelectronics X-CUBE-AZRTOS-WL 1.0.0
2024-05-05 18:23:12,302 [INFO] ThirdParty:1030 - CMSIS Pack Vendor :portGmbH I-Cube-SoM-uGOAL 1.1.0
2024-05-05 18:23:12,302 [INFO] ThirdParty:1030 - CMSIS Pack Vendor :STMicroelectronics X-CUBE-ALS 1.0.1
2024-05-05 18:23:12,302 [INFO] ThirdParty:1030 - CMSIS Pack Vendor :STMicroelectronics X-CUBE-MEMS1 9.5.0
2024-05-05 18:23:12,302 [INFO] ThirdParty:1030 - CMSIS Pack Vendor :STMicroelectronics ThreadX 1.0.0
2024-05-05 18:23:12,302 [INFO] ThirdParty:1030 - CMSIS Pack Vendor :STMicroelectronics X-CUBE-AZRTOS-WB 1.1.0
2024-05-05 18:23:12,302 [INFO] ThirdParty:1030 - CMSIS Pack Vendor :SEGGER I-CUBE-embOS 1.3.1
2024-05-05 18:23:12,302 [INFO] ThirdParty:1030 - CMSIS Pack Vendor :STMicroelectronics X-CUBE-AZRTOS-L5 1.0.0
2024-05-05 18:23:12,302 [INFO] ThirdParty:1030 - CMSIS Pack Vendor :STMicroelectronics X-CUBE-EEPRMA1 3.1.1
2024-05-05 18:23:12,302 [INFO] ThirdParty:1030 - CMSIS Pack Vendor :STMicroelectronics X-CUBE-AZRTOS-H7RS 1.0.0
2024-05-05 18:23:12,302 [INFO] ThirdParty:1030 - CMSIS Pack Vendor :STMicroelectronics FP-ATR-ASTRA1 2.0.0
2024-05-05 18:23:12,302 [INFO] ThirdParty:1030 - CMSIS Pack Vendor :STMicroelectronics X-CUBE-TOF1 3.4.0
2024-05-05 18:23:12,302 [INFO] ThirdParty:1030 - CMSIS Pack Vendor :STMicroelectronics X-CUBE-TOF1 3.4.1
2024-05-05 18:23:12,302 [INFO] ThirdParty:1030 - CMSIS Pack Vendor :STMicroelectronics X-CUBE-AZRTOS-H7 3.2.0
2024-05-05 18:23:12,303 [INFO] ThirdParty:841 - exiting critical section [change project]
2024-05-05 18:23:12,504 [INFO] PinOutPanel:1561 - setPackage(No Configuration,No Configuration)
2024-05-05 18:23:12,505 [INFO] PinOutPanel:1561 - setPackage(STM32H7A3ZITxQ,LQFP144)
2024-05-05 18:23:12,795 [INFO] UtilMem:75 - Before build in PCC Used Memory: 522238680 Bytes (1073741824)
2024-05-05 18:23:12,979 [INFO] UtilMem:75 - After build in PCC Used Memory: 704174824 Bytes (1073741824)
2024-05-05 18:23:12,994 [INFO] IPUIPlugin:80 - create IPUIPlugin
2024-05-05 18:23:12,994 [INFO] IPUIPlugin:80 - create IPUIPlugin
2024-05-05 18:23:12,994 [INFO] IPUIPlugin:80 - create IPUIPlugin
2024-05-05 18:23:12,994 [INFO] IPUIPlugin:80 - create IPUIPlugin
2024-05-05 18:23:12,994 [INFO] IPUIPlugin:80 - create IPUIPlugin
2024-05-05 18:23:12,994 [INFO] IPUIPlugin:80 - create IPUIPlugin
2024-05-05 18:23:12,994 [INFO] IPUIPlugin:80 - create IPUIPlugin
2024-05-05 18:23:12,994 [INFO] IPUIPlugin:80 - create IPUIPlugin
2024-05-05 18:23:12,994 [INFO] IPUIPlugin:80 - create IPUIPlugin
2024-05-05 18:23:12,995 [INFO] IPUIPlugin:80 - create IPUIPlugin
2024-05-05 18:23:12,995 [INFO] IPUIPlugin:80 - create IPUIPlugin
2024-05-05 18:23:12,995 [INFO] IPUIPlugin:80 - create IPUIPlugin
2024-05-05 18:23:12,995 [INFO] IPUIPlugin:80 - create IPUIPlugin
2024-05-05 18:23:12,995 [INFO] IPUIPlugin:80 - create IPUIPlugin
2024-05-05 18:23:12,995 [INFO] IPUIPlugin:80 - create IPUIPlugin
2024-05-05 18:23:12,995 [INFO] IPUIPlugin:80 - create IPUIPlugin
2024-05-05 18:23:12,995 [INFO] IPUIPlugin:80 - create IPUIPlugin
2024-05-05 18:23:12,995 [INFO] IPUIPlugin:80 - create IPUIPlugin
2024-05-05 18:23:12,995 [INFO] IPUIPlugin:80 - create IPUIPlugin
2024-05-05 18:23:12,995 [INFO] IPUIPlugin:80 - create IPUIPlugin
2024-05-05 18:23:12,995 [INFO] IPUIPlugin:80 - create IPUIPlugin
2024-05-05 18:23:12,995 [INFO] IPUIPlugin:80 - create IPUIPlugin
2024-05-05 18:23:12,995 [INFO] IPUIPlugin:80 - create IPUIPlugin
2024-05-05 18:23:12,995 [INFO] IPUIPlugin:80 - create IPUIPlugin
2024-05-05 18:23:12,995 [INFO] IPUIPlugin:80 - create IPUIPlugin
2024-05-05 18:23:12,995 [INFO] IPUIPlugin:80 - create IPUIPlugin
2024-05-05 18:23:12,995 [INFO] IPUIPlugin:80 - create IPUIPlugin
2024-05-05 18:23:12,995 [INFO] IPUIPlugin:80 - create IPUIPlugin
2024-05-05 18:23:12,995 [INFO] IPUIPlugin:80 - create IPUIPlugin
2024-05-05 18:23:12,995 [INFO] IPUIPlugin:80 - create IPUIPlugin
2024-05-05 18:23:12,995 [INFO] IPUIPlugin:80 - create IPUIPlugin
2024-05-05 18:23:12,995 [INFO] IPUIPlugin:80 - create IPUIPlugin
2024-05-05 18:23:12,996 [INFO] IPUIPlugin:80 - create IPUIPlugin
2024-05-05 18:23:12,996 [INFO] IPUIPlugin:80 - create IPUIPlugin
2024-05-05 18:23:12,996 [INFO] IPUIPlugin:80 - create IPUIPlugin
2024-05-05 18:23:12,996 [INFO] IPUIPlugin:80 - create IPUIPlugin
2024-05-05 18:23:12,996 [INFO] IPUIPlugin:80 - create IPUIPlugin
2024-05-05 18:23:12,996 [INFO] IPUIPlugin:80 - create IPUIPlugin
2024-05-05 18:23:12,996 [INFO] IPUIPlugin:80 - create IPUIPlugin
2024-05-05 18:23:12,997 [INFO] IPUIPlugin:80 - create IPUIPlugin
2024-05-05 18:23:12,997 [INFO] IPUIPlugin:80 - create IPUIPlugin
2024-05-05 18:23:12,997 [INFO] IPUIPlugin:80 - create IPUIPlugin
2024-05-05 18:23:12,997 [INFO] IPUIPlugin:80 - create IPUIPlugin
2024-05-05 18:23:12,997 [INFO] IPUIPlugin:80 - create IPUIPlugin
2024-05-05 18:23:12,998 [INFO] IPUIPlugin:80 - create IPUIPlugin
2024-05-05 18:23:12,998 [INFO] IPUIPlugin:80 - create IPUIPlugin
2024-05-05 18:23:12,998 [INFO] IPUIPlugin:80 - create IPUIPlugin
2024-05-05 18:23:12,998 [INFO] IPUIPlugin:80 - create IPUIPlugin
2024-05-05 18:23:12,998 [INFO] IPUIPlugin:80 - create IPUIPlugin
2024-05-05 18:23:12,998 [INFO] IPUIPlugin:80 - create IPUIPlugin
2024-05-05 18:23:12,998 [INFO] IPUIPlugin:80 - create IPUIPlugin
2024-05-05 18:23:12,998 [INFO] IPUIPlugin:80 - create IPUIPlugin
2024-05-05 18:23:12,999 [INFO] IPUIPlugin:80 - create IPUIPlugin
2024-05-05 18:23:12,999 [INFO] IPUIPlugin:80 - create IPUIPlugin
2024-05-05 18:23:12,999 [INFO] IPUIPlugin:80 - create IPUIPlugin
2024-05-05 18:23:12,999 [INFO] IPUIPlugin:80 - create IPUIPlugin
2024-05-05 18:23:12,999 [INFO] IPUIPlugin:80 - create IPUIPlugin
2024-05-05 18:23:12,999 [INFO] IPUIPlugin:80 - create IPUIPlugin
2024-05-05 18:23:12,999 [INFO] IPUIPlugin:80 - create IPUIPlugin
2024-05-05 18:23:13,000 [INFO] IPUIPlugin:80 - create IPUIPlugin
2024-05-05 18:23:13,000 [INFO] IPUIPlugin:80 - create IPUIPlugin
2024-05-05 18:23:13,000 [INFO] IPUIPlugin:80 - create IPUIPlugin
2024-05-05 18:23:13,001 [INFO] IPUIPlugin:80 - create IPUIPlugin
2024-05-05 18:23:13,001 [INFO] IPUIPlugin:80 - create IPUIPlugin
2024-05-05 18:23:13,001 [INFO] IPUIPlugin:80 - create IPUIPlugin
2024-05-05 18:23:13,001 [INFO] IPUIPlugin:80 - create IPUIPlugin
2024-05-05 18:23:13,001 [INFO] IPUIPlugin:80 - create IPUIPlugin
2024-05-05 18:23:13,001 [INFO] IPUIPlugin:80 - create IPUIPlugin
2024-05-05 18:23:13,001 [INFO] IPUIPlugin:80 - create IPUIPlugin
2024-05-05 18:23:13,002 [INFO] IPUIPlugin:80 - create IPUIPlugin
2024-05-05 18:23:13,002 [INFO] IPUIPlugin:80 - create IPUIPlugin
2024-05-05 18:23:13,002 [INFO] IPUIPlugin:80 - create IPUIPlugin
2024-05-05 18:23:13,002 [INFO] IPUIPlugin:80 - create IPUIPlugin
2024-05-05 18:23:13,002 [INFO] IPUIPlugin:80 - create IPUIPlugin
2024-05-05 18:23:13,002 [INFO] IPUIPlugin:80 - create IPUIPlugin
2024-05-05 18:23:13,002 [INFO] IPUIPlugin:80 - create IPUIPlugin
2024-05-05 18:23:13,003 [INFO] IPUIPlugin:80 - create IPUIPlugin
2024-05-05 18:23:13,003 [INFO] IPUIPlugin:80 - create IPUIPlugin
2024-05-05 18:23:13,003 [INFO] IPUIPlugin:80 - create IPUIPlugin
2024-05-05 18:23:13,003 [INFO] IPUIPlugin:80 - create IPUIPlugin
2024-05-05 18:23:13,003 [INFO] IPUIPlugin:80 - create IPUIPlugin
2024-05-05 18:23:13,003 [INFO] IPUIPlugin:80 - create IPUIPlugin
2024-05-05 18:23:13,004 [INFO] IPUIPlugin:80 - create IPUIPlugin
2024-05-05 18:23:13,004 [INFO] IPUIPlugin:80 - create IPUIPlugin
2024-05-05 18:23:13,004 [INFO] IPUIPlugin:80 - create IPUIPlugin
2024-05-05 18:23:13,004 [INFO] IPUIPlugin:80 - create IPUIPlugin
2024-05-05 18:23:13,004 [INFO] IPUIPlugin:80 - create IPUIPlugin
2024-05-05 18:23:13,005 [INFO] IPUIPlugin:80 - create IPUIPlugin
2024-05-05 18:23:13,005 [INFO] IPUIPlugin:80 - create IPUIPlugin
2024-05-05 18:23:13,005 [INFO] IPUIPlugin:80 - create IPUIPlugin
2024-05-05 18:23:13,005 [INFO] IPUIPlugin:80 - create IPUIPlugin
2024-05-05 18:23:13,005 [INFO] IPUIPlugin:80 - create IPUIPlugin
2024-05-05 18:23:13,006 [INFO] IPUIPlugin:80 - create IPUIPlugin
2024-05-05 18:23:13,006 [INFO] IPUIPlugin:80 - create IPUIPlugin
2024-05-05 18:23:13,006 [INFO] IPUIPlugin:80 - create IPUIPlugin
2024-05-05 18:23:13,007 [INFO] IPUIPlugin:80 - create IPUIPlugin
2024-05-05 18:23:13,007 [INFO] IPUIPlugin:80 - create IPUIPlugin
2024-05-05 18:23:13,007 [INFO] IPUIPlugin:80 - create IPUIPlugin
2024-05-05 18:23:13,007 [INFO] IPUIPlugin:80 - create IPUIPlugin
2024-05-05 18:23:13,009 [INFO] ApiDbMcu:508 - Load IP Config File for PDM2PCM
2024-05-05 18:23:13,057 [INFO] CADModel:165 - CPN selected for project levelSTM32H7A3ZIT6Q
2024-05-05 18:23:13,057 [INFO] CADModel:114 - Register for checkConnection events
2024-05-05 18:23:13,101 [INFO] OpenFileManager:343 - Restore cursor
2024-05-05 18:39:01,683 [INFO] MainUpdater:2873 - connection check result : 10
2024-05-05 18:39:01,683 [INFO] MainUpdater:2873 - connection check result : 10
2024-05-05 18:39:01,699 [INFO] MicroXplorer:468 - Change Database Path : 
2024-05-05 18:39:01,699 [INFO] MicroXplorer:498 - Change Database Version : DB.6.0.111
2024-05-05 18:39:01,705 [ERROR] ProjectManagerView:394 - 
java.lang.NullPointerException: Cannot invoke "javax.swing.JTextField.getText()" because the return value of "java.util.List.get(int)" is null
	at com.st.microxplorer.plugins.projectmanager.gui.ProjectChoiceTab$10.caretUpdate(ProjectChoiceTab.java:2504) ~[filemanager.jar:?]
	at javax.swing.text.JTextComponent.fireCaretUpdate(JTextComponent.java:412) ~[?:?]
	at javax.swing.text.JTextComponent$MutableCaretEvent.fire(JTextComponent.java:4491) ~[?:?]
	at javax.swing.text.JTextComponent$MutableCaretEvent.stateChanged(JTextComponent.java:4513) ~[?:?]
	at javax.swing.text.DefaultCaret.fireStateChanged(DefaultCaret.java:842) ~[?:?]
	at javax.swing.text.DefaultCaret.changeCaretPosition(DefaultCaret.java:1313) ~[?:?]
	at javax.swing.text.DefaultCaret.handleSetDot(DefaultCaret.java:1212) ~[?:?]
	at javax.swing.text.DefaultCaret.setDot(DefaultCaret.java:1193) ~[?:?]
	at javax.swing.text.DefaultCaret$Handler.insertUpdate(DefaultCaret.java:1789) ~[?:?]
	at javax.swing.text.AbstractDocument.fireInsertUpdate(AbstractDocument.java:226) ~[?:?]
	at javax.swing.text.AbstractDocument.handleInsertString(AbstractDocument.java:780) ~[?:?]
	at javax.swing.text.AbstractDocument.insertString(AbstractDocument.java:739) ~[?:?]
	at javax.swing.text.PlainDocument.insertString(PlainDocument.java:131) ~[?:?]
	at javax.swing.text.AbstractDocument.replace(AbstractDocument.java:698) ~[?:?]
	at javax.swing.text.JTextComponent.setText(JTextComponent.java:1729) ~[?:?]
	at com.st.microxplorer.plugins.projectmanager.gui.ProjectChoiceTab.createHeapStackFields(ProjectChoiceTab.java:944) ~[filemanager.jar:?]
	at com.st.microxplorer.plugins.projectmanager.gui.ProjectChoiceTab.buildLinkSettingsPanel(ProjectChoiceTab.java:3475) ~[filemanager.jar:?]
	at com.st.microxplorer.plugins.projectmanager.gui.ProjectChoiceTab.defineWindowsFields(ProjectChoiceTab.java:1816) ~[filemanager.jar:?]
	at com.st.microxplorer.plugins.projectmanager.gui.ProjectChoiceTab.updateSettings(ProjectChoiceTab.java:544) ~[filemanager.jar:?]
	at com.st.microxplorer.plugins.projectmanager.gui.ProjectSettingsPanel.UpdateDialog(ProjectSettingsPanel.java:245) ~[filemanager.jar:?]
	at com.st.microxplorer.plugins.projectmanager.ProjectManagerView.propertyChange(ProjectManagerView.java:391) ~[filemanager.jar:?]
	at java.beans.PropertyChangeSupport.fire(PropertyChangeSupport.java:343) ~[?:?]
	at java.beans.PropertyChangeSupport.firePropertyChange(PropertyChangeSupport.java:335) ~[?:?]
	at java.beans.PropertyChangeSupport.firePropertyChange(PropertyChangeSupport.java:268) ~[?:?]
	at com.st.microxplorer.util.MXPropertyChangeSupport.firePropertyChange(MXPropertyChangeSupport.java:54) ~[STM32CubeMX.jar:?]
	at com.st.microxplorer.mxsystem.MxSystem.closeConfig(MxSystem.java:900) ~[STM32CubeMX.jar:?]
	at com.st.microxplorer.maingui.MainPanel.closeConfig(MainPanel.java:776) ~[STM32CubeMX.jar:?]
	at com.st.microxplorer.plugins.filemanager.engine.OpenFileManager.loadConfigurationFile(OpenFileManager.java:245) ~[filemanager.jar:?]
	at com.st.microxplorer.plugins.filemanager.engine.MainFileManager.userLoadConfig(MainFileManager.java:315) ~[filemanager.jar:?]
	at com.st.microxplorer.plugins.filemanager.engine.MainFileManager.userLoadConfig(MainFileManager.java:293) ~[filemanager.jar:?]
	at com.st.microxplorer.plugins.filemanager.FileManagerView.getSpecificTask(FileManagerView.java:247) ~[filemanager.jar:?]
	at com.st.stm32cube.common.mx.editor.CubeMxEditor.getMxTabbedPaneInstance(CubeMxEditor.java:1198) ~[com.st.stm32cube.common.mx_6.11.1.202404110753/:?]
	at com.st.stm32cube.common.mx.editor.CubeMxEditor$12$1.createSwingComponent(CubeMxEditor.java:1068) ~[com.st.stm32cube.common.mx_6.11.1.202404110753/:?]
	at com.st.stm32cube.common.mx.oss.core.awtswtbridge.EmbeddedSwingComposite.doComponentCreation(EmbeddedSwingComposite.java:492) ~[com.st.stm32cube.common.mx.oss_6.11.1.202404110753/:?]
	at com.st.stm32cube.common.mx.oss.core.awtswtbridge.EmbeddedSwingComposite$4.run(EmbeddedSwingComposite.java:291) ~[com.st.stm32cube.common.mx.oss_6.11.1.202404110753/:?]
	at com.st.stm32cube.common.mx.oss.core.awtswtbridge.AwtEnvironment$2.run(AwtEnvironment.java:166) ~[com.st.stm32cube.common.mx.oss_6.11.1.202404110753/:?]
	at java.awt.event.InvocationEvent.dispatch(InvocationEvent.java:318) ~[?:?]
	at java.awt.EventQueue.dispatchEventImpl(EventQueue.java:773) ~[?:?]
	at java.awt.EventQueue$4.run(EventQueue.java:720) ~[?:?]
	at java.awt.EventQueue$4.run(EventQueue.java:714) ~[?:?]
	at java.security.AccessController.doPrivileged(AccessController.java:399) ~[?:?]
	at java.security.ProtectionDomain$JavaSecurityAccessImpl.doIntersectionPrivilege(ProtectionDomain.java:86) ~[?:?]
	at java.awt.EventQueue.dispatchEvent(EventQueue.java:742) ~[?:?]
	at java.awt.EventDispatchThread.pumpOneEventForFilters(EventDispatchThread.java:203) ~[?:?]
	at java.awt.EventDispatchThread.pumpEventsForFilter(EventDispatchThread.java:124) ~[?:?]
	at java.awt.EventDispatchThread.pumpEventsForHierarchy(EventDispatchThread.java:113) ~[?:?]
	at java.awt.EventDispatchThread.pumpEvents(EventDispatchThread.java:109) ~[?:?]
	at java.awt.EventDispatchThread.pumpEvents(EventDispatchThread.java:101) ~[?:?]
	at java.awt.EventDispatchThread.run(EventDispatchThread.java:90) ~[?:?]
2024-05-05 18:39:01,705 [WARN] ThirdParty:871 - waiting for thirdparty lock release [close project]
2024-05-05 18:39:01,705 [INFO] ThirdParty:873 - entering critical section [close project]
2024-05-05 18:39:01,705 [INFO] ThirdParty:883 - exiting critical section [close project]
2024-05-05 18:39:01,706 [INFO] PinOutPanel:1561 - setPackage(No Configuration,No Configuration)
2024-05-05 18:39:01,710 [WARN] IpParametersView:151 - Warning: This peripheral hasn't parameters
2024-05-05 18:39:01,714 [WARN] MainPanel:272 - <html><b><center>Warning: This peripheral has no parameters to be configured<br></b></html>
2024-05-05 18:39:01,716 [INFO] UtilMem:75 - Begin LoadConfig() Used Memory: 784061888 Bytes (1073741824)
2024-05-05 18:39:01,719 [INFO] MicroXplorer:468 - Change Database Path : C:/Users/saksh/.stm32cubemx/databases/DB.6.0.100/db/
2024-05-05 18:39:01,719 [INFO] MicroXplorer:498 - Change Database Version : DB.6.0.100
2024-05-05 18:39:03,174 [INFO] OpenFileManager:312 - Change cursor
2024-05-05 18:39:03,176 [INFO] Mcu:2021 - Initializing MCU STM32G474R(B-C-E)Tx STM32G474RETx STM32G474RET3
2024-05-05 18:39:05,506 [INFO] Context:663 - Trying to add GPIOservice into a context  which must be forbidden
2024-05-05 18:39:06,418 [INFO] RtosManager:555 - Registered RTOS mode: class=CMSIS, group=RTOS, mode=CMSIS_V1, owner=FREERTOS
2024-05-05 18:39:06,418 [INFO] RtosManager:555 - Registered RTOS mode: class=CMSIS, group=RTOS2, mode=CMSIS_V2, owner=FREERTOS
2024-05-05 18:39:06,418 [INFO] RtosManager:555 - Registered RTOS mode: class=RTOS, group=Core, mode=CMSIS_V1, owner=FREERTOS
2024-05-05 18:39:06,418 [INFO] RtosManager:555 - Registered RTOS mode: class=RTOS, group=Core, mode=CMSIS_V2, owner=FREERTOS
2024-05-05 18:39:06,418 [WARN] ModelIntegratedComponent:184 - Missing modes for component STMicroelectronics:FreeRTOS:0.0.1:STMicroelectronics:RTOS:FreeRTOS:Core:::10.2.0:
2024-05-05 18:39:06,418 [WARN] ModelIntegratedComponent:63 - No mode defined for component null
2024-05-05 18:39:06,418 [WARN] ModelIntegratedComponent:63 - No mode defined for component null
2024-05-05 18:39:06,418 [WARN] ModelIntegratedComponent:63 - No mode defined for component null
2024-05-05 18:39:06,418 [WARN] ModelIntegratedComponent:63 - No mode defined for component null
2024-05-05 18:39:06,418 [WARN] ModelIntegratedComponent:63 - No mode defined for component null
2024-05-05 18:39:06,418 [WARN] ModelIntegratedComponent:63 - No mode defined for component null
2024-05-05 18:39:06,418 [WARN] ModelIntegratedComponent:63 - No mode defined for component null
2024-05-05 18:39:06,418 [WARN] ModelIntegratedComponent:63 - No mode defined for component null
2024-05-05 18:39:06,418 [WARN] ModelIntegratedComponent:63 - No mode defined for component null
2024-05-05 18:39:06,418 [WARN] ModelIntegratedComponent:63 - No mode defined for component null
2024-05-05 18:39:06,418 [WARN] ModelIntegratedComponent:63 - No mode defined for component null
2024-05-05 18:39:06,418 [WARN] ModelIntegratedComponent:63 - No mode defined for component null
2024-05-05 18:39:06,418 [WARN] ModelIntegratedComponent:63 - No mode defined for component null
2024-05-05 18:39:06,418 [WARN] ModelIntegratedComponent:63 - No mode defined for component null
2024-05-05 18:39:06,418 [WARN] ModelIntegratedComponent:63 - No mode defined for component null
2024-05-05 18:39:06,418 [WARN] ModelIntegratedComponent:63 - No mode defined for component null
2024-05-05 18:39:06,418 [WARN] ModelIntegratedComponent:63 - No mode defined for component null
2024-05-05 18:39:06,418 [WARN] ModelIntegratedComponent:63 - No mode defined for component null
2024-05-05 18:39:06,418 [WARN] ModelIntegratedComponent:63 - No mode defined for component null
2024-05-05 18:39:06,418 [WARN] ModelIntegratedComponent:63 - No mode defined for component null
2024-05-05 18:39:06,418 [WARN] ModelIntegratedComponent:63 - No mode defined for component null
2024-05-05 18:39:06,418 [WARN] ModelIntegratedComponent:63 - No mode defined for component null
2024-05-05 18:39:06,418 [WARN] ModelIntegratedComponent:63 - No mode defined for component null
2024-05-05 18:39:06,418 [WARN] ModelIntegratedComponent:63 - No mode defined for component null
2024-05-05 18:39:06,418 [WARN] ModelIntegratedComponent:63 - No mode defined for component null
2024-05-05 18:39:06,418 [WARN] ModelIntegratedComponent:63 - No mode defined for component null
2024-05-05 18:39:06,418 [WARN] ModelIntegratedComponent:63 - No mode defined for component null
2024-05-05 18:39:06,418 [WARN] ModelIntegratedComponent:63 - No mode defined for component null
2024-05-05 18:39:06,418 [WARN] ModelIntegratedComponent:63 - No mode defined for component null
2024-05-05 18:39:06,418 [WARN] ModelIntegratedComponent:63 - No mode defined for component null
2024-05-05 18:39:06,418 [WARN] ModelIntegratedComponent:63 - No mode defined for component null
2024-05-05 18:39:06,418 [WARN] ModelIntegratedComponent:63 - No mode defined for component null
2024-05-05 18:39:06,418 [WARN] ModelIntegratedComponent:63 - No mode defined for component null
2024-05-05 18:39:06,418 [WARN] ModelIntegratedComponent:63 - No mode defined for component null
2024-05-05 18:39:06,567 [INFO] ThirdPartyModel:298 - Start build external matchings
2024-05-05 18:39:07,761 [INFO] ThirdPartyModel:316 - End build external matchings
2024-05-05 18:39:07,783 [INFO] ImportTextPane:194 - (OptionalMessage_ERROR) IP (ADC1) : Parameter (CommonPathInternal) has invalid value (null|null|null|null)
2024-05-05 18:39:08,049 [INFO] UtilMem:75 - End LoadConfig() Used Memory: 653396152 Bytes (1073741824)
2024-05-05 18:39:08,080 [WARN] ThirdParty:833 - waiting for thirdparty lock release [change project]
2024-05-05 18:39:08,080 [INFO] ThirdParty:835 - entering critical section [change project]
2024-05-05 18:39:08,080 [INFO] ThirdParty:1030 - CMSIS Pack Vendor :STMicroelectronics USBPD 4.1
2024-05-05 18:39:08,080 [INFO] ThirdParty:1030 - CMSIS Pack Vendor :STMicroelectronics X-CUBE-GNSS1 6.0.0
2024-05-05 18:39:08,080 [INFO] ThirdParty:1030 - CMSIS Pack Vendor :STMicroelectronics USB_HOST 2.0.0
2024-05-05 18:39:08,080 [INFO] ThirdParty:1030 - CMSIS Pack Vendor :STMicroelectronics FP-SNS-MOTENVWB1 1.4.0
2024-05-05 18:39:08,080 [INFO] ThirdParty:1030 - CMSIS Pack Vendor :STMicroelectronics X-CUBE-AZRTOS-F4 1.1.0
2024-05-05 18:39:08,080 [INFO] ThirdParty:1030 - CMSIS Pack Vendor :STMicroelectronics LIBJPEG 8.0.0
2024-05-05 18:39:08,080 [INFO] ThirdParty:1030 - CMSIS Pack Vendor :STMicroelectronics X-CUBE-SMBUS 2.1.0
2024-05-05 18:39:08,080 [INFO] ThirdParty:1030 - CMSIS Pack Vendor :STMicroelectronics X-CUBE-FREERTOS 1.2.0
2024-05-05 18:39:08,080 [INFO] ThirdParty:1030 - CMSIS Pack Vendor :STMicroelectronics X-CUBE-TOUCHGFX 4.23.1
2024-05-05 18:39:08,080 [INFO] ThirdParty:1030 - CMSIS Pack Vendor :STMicroelectronics X-CUBE-TOUCHGFX 4.23.0
2024-05-05 18:39:08,080 [INFO] ThirdParty:1030 - CMSIS Pack Vendor :STMicroelectronics X-CUBE-BLEMGR 1.2.0
2024-05-05 18:39:08,080 [INFO] ThirdParty:1030 - CMSIS Pack Vendor :STMicroelectronics X-CUBE-TOUCHGFX 4.23.2
2024-05-05 18:39:08,080 [INFO] ThirdParty:1030 - CMSIS Pack Vendor :STMicroelectronics X-CUBE-AZRTOS-F7 1.1.0
2024-05-05 18:39:08,080 [INFO] ThirdParty:1030 - CMSIS Pack Vendor :STMicroelectronics X-CUBE-AZRTOS-L5 2.0.0
2024-05-05 18:39:08,080 [INFO] ThirdParty:1030 - CMSIS Pack Vendor :STMicroelectronics USB_DEVICE 2.0.0
2024-05-05 18:39:08,080 [INFO] ThirdParty:1030 - CMSIS Pack Vendor :STMicroelectronics X-CUBE-MEMS1 9.6.0
2024-05-05 18:39:08,080 [INFO] ThirdParty:1030 - CMSIS Pack Vendor :STMicroelectronics X-CUBE-EEPRMA1 4.2.0
2024-05-05 18:39:08,080 [INFO] ThirdParty:1030 - CMSIS Pack Vendor :STMicroelectronics X-CUBE-NFC6 3.1.0
2024-05-05 18:39:08,080 [INFO] ThirdParty:1030 - CMSIS Pack Vendor :ITTIA_DB I-CUBE-ITTIADB 8.8.0
2024-05-05 18:39:08,080 [INFO] ThirdParty:1030 - CMSIS Pack Vendor :STMicroelectronics FP-SNS-MOTENV1 4.3.0
2024-05-05 18:39:08,080 [INFO] ThirdParty:1030 - CMSIS Pack Vendor :STMicroelectronics FP-SNS-MOTENV1 4.3.2
2024-05-05 18:39:08,080 [INFO] ThirdParty:1030 - CMSIS Pack Vendor :STMicroelectronics FP-SNS-FLIGHT1 5.0.0
2024-05-05 18:39:08,080 [INFO] ThirdParty:1030 - CMSIS Pack Vendor :STMicroelectronics FP-SNS-MOTENV1 4.3.1
2024-05-05 18:39:08,080 [INFO] ThirdParty:1030 - CMSIS Pack Vendor :STMicroelectronics FP-SNS-FLIGHT1 5.0.1
2024-05-05 18:39:08,080 [INFO] ThirdParty:1030 - CMSIS Pack Vendor :STMicroelectronics X-CUBE-BLE1 6.2.3
2024-05-05 18:39:08,080 [INFO] ThirdParty:1030 - CMSIS Pack Vendor :STMicroelectronics X-CUBE-BLE1 6.2.4
2024-05-05 18:39:08,080 [INFO] ThirdParty:1030 - CMSIS Pack Vendor :STMicroelectronics FreeRTOS 0.0.1
2024-05-05 18:39:08,080 [INFO] ThirdParty:1030 - CMSIS Pack Vendor :STMicroelectronics X-CUBE-BLEMGR 2.0.0
2024-05-05 18:39:08,080 [INFO] ThirdParty:1030 - CMSIS Pack Vendor :STMicroelectronics FP-SNS-FLIGHT1 5.0.2
2024-05-05 18:39:08,080 [INFO] ThirdParty:1030 - CMSIS Pack Vendor :STMicroelectronics X-CUBE-NFC4 2.0.4
2024-05-05 18:39:08,080 [INFO] ThirdParty:1030 - CMSIS Pack Vendor :STMicroelectronics X-CUBE-AI 9.0.0
2024-05-05 18:39:08,080 [INFO] ThirdParty:1030 - CMSIS Pack Vendor :STMicroelectronics X-CUBE-AZRTOS-H7 3.1.0
2024-05-05 18:39:08,080 [INFO] ThirdParty:1030 - CMSIS Pack Vendor :STMicroelectronics PDM2PCM 3.3.0
2024-05-05 18:39:08,080 [INFO] ThirdParty:1030 - CMSIS Pack Vendor :STMicroelectronics X-CUBE-TOF1 3.1.0
2024-05-05 18:39:08,080 [INFO] ThirdParty:1030 - CMSIS Pack Vendor :STMicroelectronics X-CUBE-DISPLAY 3.0.0
2024-05-05 18:39:08,080 [INFO] ThirdParty:1030 - CMSIS Pack Vendor :STMicroelectronics X-CUBE-BLE1 7.0.0
2024-05-05 18:39:08,080 [INFO] ThirdParty:1030 - CMSIS Pack Vendor :wolfSSL I-CUBE-wolfSSL 5.5.0
2024-05-05 18:39:08,080 [INFO] ThirdParty:1030 - CMSIS Pack Vendor :STMicroelectronics HAL Drivers 0.0.0
2024-05-05 18:39:08,080 [INFO] ThirdParty:1030 - CMSIS Pack Vendor :STMicroelectronics X-CUBE-TOUCHGFX 4.22.0
2024-05-05 18:39:08,080 [INFO] ThirdParty:1030 - CMSIS Pack Vendor :STMicroelectronics X-CUBE-NFC7 1.0.1
2024-05-05 18:39:08,080 [INFO] ThirdParty:1030 - CMSIS Pack Vendor :STMicroelectronics MBEDTLS 2.14.1
2024-05-05 18:39:08,080 [INFO] ThirdParty:1030 - CMSIS Pack Vendor :STMicroelectronics X-CUBE-NFC7 1.0.0
2024-05-05 18:39:08,080 [INFO] ThirdParty:1030 - CMSIS Pack Vendor :STMicroelectronics X-CUBE-NFC6 3.0.0
2024-05-05 18:39:08,080 [INFO] ThirdParty:1030 - CMSIS Pack Vendor :STMicroelectronics X-CUBE-MEMS1 9.3.0
2024-05-05 18:39:08,080 [INFO] ThirdParty:1030 - CMSIS Pack Vendor :STMicroelectronics X-CUBE-EEPRMA1 4.1.0
2024-05-05 18:39:08,080 [INFO] ThirdParty:1030 - CMSIS Pack Vendor :STMicroelectronics X-CUBE-AI 7.2.0
2024-05-05 18:39:08,080 [INFO] ThirdParty:1030 - CMSIS Pack Vendor :STMicroelectronics X-CUBE-BLEMGR 3.1.0
2024-05-05 18:39:08,080 [INFO] ThirdParty:1030 - CMSIS Pack Vendor :STMicroelectronics FP-SNS-SMARTAG2 1.2.0
2024-05-05 18:39:08,080 [INFO] ThirdParty:1030 - CMSIS Pack Vendor :STMicroelectronics X-CUBE-AZRTOS-WL 2.0.0
2024-05-05 18:39:08,080 [INFO] ThirdParty:1030 - CMSIS Pack Vendor :STMicroelectronics FP-SNS-MOTENV1 5.0.0
2024-05-05 18:39:08,080 [INFO] ThirdParty:1030 - CMSIS Pack Vendor :STMicroelectronics USB_DEVICE 1.0.0
2024-05-05 18:39:08,080 [INFO] ThirdParty:1030 - CMSIS Pack Vendor :STMicroelectronics X-CUBE-AI 8.1.0
2024-05-05 18:39:08,080 [INFO] ThirdParty:1030 - CMSIS Pack Vendor :STMicroelectronics X-CUBE-AZRTOS-L4 2.0.0
2024-05-05 18:39:08,080 [INFO] ThirdParty:1030 - CMSIS Pack Vendor :STMicroelectronics ThreadX 0.0.2
2024-05-05 18:39:08,080 [INFO] ThirdParty:1030 - CMSIS Pack Vendor :WES I-CUBE-Cesium 1.3.0
2024-05-05 18:39:08,080 [INFO] ThirdParty:1030 - CMSIS Pack Vendor :STMicroelectronics lwIP 2.1.2
2024-05-05 18:39:08,080 [INFO] ThirdParty:1030 - CMSIS Pack Vendor :STMicroelectronics X-CUBE-SFXS2LP1 4.0.0
2024-05-05 18:39:08,080 [INFO] ThirdParty:1030 - CMSIS Pack Vendor :STMicroelectronics X-CUBE-BLE2 3.3.0
2024-05-05 18:39:08,080 [INFO] ThirdParty:1030 - CMSIS Pack Vendor :STMicroelectronics X-CUBE-DISPLAY 2.2.0
2024-05-05 18:39:08,080 [INFO] ThirdParty:1030 - CMSIS Pack Vendor :STMicroelectronics X-CUBE-TOF1 3.2.0
2024-05-05 18:39:08,080 [INFO] ThirdParty:1030 - CMSIS Pack Vendor :STMicroelectronics PDM2PCM 3.2.0
2024-05-05 18:39:08,080 [INFO] ThirdParty:1030 - CMSIS Pack Vendor :STMicroelectronics X-CUBE-AZRTOS-H7 3.0.0
2024-05-05 18:39:08,080 [INFO] ThirdParty:1030 - CMSIS Pack Vendor :STMicroelectronics X-CUBE-ISPU 1.0.0
2024-05-05 18:39:08,080 [INFO] ThirdParty:1030 - CMSIS Pack Vendor :STMicroelectronics X-CUBE-ISPU 1.1.0
2024-05-05 18:39:08,080 [INFO] ThirdParty:1030 - CMSIS Pack Vendor :RoweBots I-CUBE-UNISONRTOS 5.5.0-4
2024-05-05 18:39:08,080 [INFO] ThirdParty:1030 - CMSIS Pack Vendor :STMicroelectronics X-CUBE-AZRTOS-H7 2.1.0
2024-05-05 18:39:08,080 [INFO] ThirdParty:1030 - CMSIS Pack Vendor :STMicroelectronics USB_DEVICE 3.0.0
2024-05-05 18:39:08,080 [INFO] ThirdParty:1030 - CMSIS Pack Vendor :STMicroelectronics X-CUBE-TCPP 4.1.0
2024-05-05 18:39:08,080 [INFO] ThirdParty:1030 - CMSIS Pack Vendor :STMicroelectronics X-CUBE-AI 8.0.0
2024-05-05 18:39:08,080 [INFO] ThirdParty:1030 - CMSIS Pack Vendor :STMicroelectronics X-CUBE-AZRTOS-WB 2.0.0
2024-05-05 18:39:08,080 [INFO] ThirdParty:1030 - CMSIS Pack Vendor :STMicroelectronics X-CUBE-FREERTOS 1.0.0
2024-05-05 18:39:08,080 [INFO] ThirdParty:1030 - CMSIS Pack Vendor :STMicroelectronics X-CUBE-FREERTOS 1.0.1
2024-05-05 18:39:08,080 [INFO] ThirdParty:1030 - CMSIS Pack Vendor :STMicroelectronics X-CUBE-TOUCHGFX 4.21.1
2024-05-05 18:39:08,080 [INFO] ThirdParty:1030 - CMSIS Pack Vendor :STMicroelectronics X-CUBE-TOUCHGFX 4.21.3
2024-05-05 18:39:08,081 [INFO] ThirdParty:1030 - CMSIS Pack Vendor :STMicroelectronics X-CUBE-BLEMGR 1.0.0
2024-05-05 18:39:08,081 [INFO] ThirdParty:1030 - CMSIS Pack Vendor :STMicroelectronics X-CUBE-TOUCHGFX 4.21.4
2024-05-05 18:39:08,081 [INFO] ThirdParty:1030 - CMSIS Pack Vendor :STMicroelectronics X-CUBE-MEMS1 9.4.0
2024-05-05 18:39:08,081 [INFO] ThirdParty:1030 - CMSIS Pack Vendor :STMicroelectronics X-CUBE-AI 7.3.0
2024-05-05 18:39:08,081 [INFO] ThirdParty:1030 - CMSIS Pack Vendor :STMicroelectronics X-CUBE-ALGOBUILD 1.3.0
2024-05-05 18:39:08,081 [INFO] ThirdParty:1030 - CMSIS Pack Vendor :STMicroelectronics X-CUBE-AZRTOS-L5 1.1.0
2024-05-05 18:39:08,081 [INFO] ThirdParty:1030 - CMSIS Pack Vendor :STMicroelectronics X-CUBE-AZRTOS-G0 1.1.0
2024-05-05 18:39:08,081 [INFO] ThirdParty:1030 - CMSIS Pack Vendor :STMicroelectronics X-CUBE-AI 8.0.1
2024-05-05 18:39:08,081 [INFO] ThirdParty:1030 - CMSIS Pack Vendor :STMicroelectronics X-CUBE-SAFEA1 1.2.2
2024-05-05 18:39:08,081 [INFO] ThirdParty:1030 - CMSIS Pack Vendor :STMicroelectronics X-CUBE-NFC4 3.0.0
2024-05-05 18:39:08,081 [INFO] ThirdParty:1030 - CMSIS Pack Vendor :SEGGER I-CUBE-embOS 1.2.0
2024-05-05 18:39:08,081 [INFO] ThirdParty:1030 - CMSIS Pack Vendor :STMicroelectronics X-CUBE-SUBG2 5.0.0
2024-05-05 18:39:08,081 [INFO] ThirdParty:1030 - CMSIS Pack Vendor :STMicroelectronics STM32_WPAN 1.0.0
2024-05-05 18:39:08,081 [INFO] ThirdParty:1030 - CMSIS Pack Vendor :STMicroelectronics lwIP 2.0.3
2024-05-05 18:39:08,081 [INFO] ThirdParty:1030 - CMSIS Pack Vendor :STMicroelectronics USB_HOST 1.0.0
2024-05-05 18:39:08,081 [INFO] ThirdParty:1030 - CMSIS Pack Vendor :STMicroelectronics X-CUBE-TOF1 3.3.1
2024-05-05 18:39:08,081 [INFO] ThirdParty:1030 - CMSIS Pack Vendor :STMicroelectronics X-CUBE-AZRTOS-G4 2.0.0
2024-05-05 18:39:08,081 [INFO] ThirdParty:1030 - CMSIS Pack Vendor :STMicroelectronics PDM2PCM 3.1.0
2024-05-05 18:39:08,081 [INFO] ThirdParty:1030 - CMSIS Pack Vendor :STMicroelectronics X-CUBE-TOF1 3.3.0
2024-05-05 18:39:08,081 [INFO] ThirdParty:1030 - CMSIS Pack Vendor :STMicroelectronics FP-ATR-ASTRA1 1.1.1
2024-05-05 18:39:08,081 [INFO] ThirdParty:1030 - CMSIS Pack Vendor :Infineon AIROC-Wi-Fi-Bluetooth-STM32 1.5.1
2024-05-05 18:39:08,081 [INFO] ThirdParty:1030 - CMSIS Pack Vendor :STMicroelectronics X-CUBE-BLEMGR 3.0.0
2024-05-05 18:39:08,081 [INFO] ThirdParty:1030 - CMSIS Pack Vendor :STMicroelectronics X-CUBE-BLEMGR 1.3.0
2024-05-05 18:39:08,081 [INFO] ThirdParty:1030 - CMSIS Pack Vendor :STMicroelectronics FP-SNS-MOTENVWB1 1.3.1
2024-05-05 18:39:08,081 [INFO] ThirdParty:1030 - CMSIS Pack Vendor :STMicroelectronics FP-ATR-SIGFOX1 3.2.0
2024-05-05 18:39:08,081 [INFO] ThirdParty:1030 - CMSIS Pack Vendor :STMicroelectronics X-CUBE-AZRTOS-G4 1.0.0
2024-05-05 18:39:08,081 [INFO] ThirdParty:1030 - CMSIS Pack Vendor :STMicroelectronics X-CUBE-AZRTOS-L4 1.0.0
2024-05-05 18:39:08,081 [INFO] ThirdParty:1030 - CMSIS Pack Vendor :STMicroelectronics X-CUBE-ISPU 2.0.0
2024-05-05 18:39:08,081 [INFO] ThirdParty:1030 - CMSIS Pack Vendor :STMicroelectronics X-CUBE-EEPRMA1 5.1.0
2024-05-05 18:39:08,081 [INFO] ThirdParty:1030 - CMSIS Pack Vendor :STMicroelectronics MBEDTLS 2.16.2
2024-05-05 18:39:08,081 [INFO] ThirdParty:1030 - CMSIS Pack Vendor :emotas I-CUBE-CANOPEN 1.1.2
2024-05-05 18:39:08,081 [INFO] ThirdParty:1030 - CMSIS Pack Vendor :STMicroelectronics X-CUBE-TOUCHGFX 4.20.0
2024-05-05 18:39:08,081 [INFO] ThirdParty:1030 - CMSIS Pack Vendor :STMicroelectronics X-CUBE-MEMS1 10.0.0
2024-05-05 18:39:08,081 [INFO] ThirdParty:1030 - CMSIS Pack Vendor :STMicroelectronics X-CUBE-FREERTOS 1.1.0
2024-05-05 18:39:08,081 [INFO] ThirdParty:1030 - CMSIS Pack Vendor :STMicroelectronics X-CUBE-AZRTOS-WL 1.0.0
2024-05-05 18:39:08,081 [INFO] ThirdParty:1030 - CMSIS Pack Vendor :portGmbH I-Cube-SoM-uGOAL 1.1.0
2024-05-05 18:39:08,081 [INFO] ThirdParty:1030 - CMSIS Pack Vendor :STMicroelectronics X-CUBE-ALS 1.0.1
2024-05-05 18:39:08,081 [INFO] ThirdParty:1030 - CMSIS Pack Vendor :STMicroelectronics X-CUBE-MEMS1 9.5.0
2024-05-05 18:39:08,081 [INFO] ThirdParty:1030 - CMSIS Pack Vendor :STMicroelectronics ThreadX 1.0.0
2024-05-05 18:39:08,081 [INFO] ThirdParty:1030 - CMSIS Pack Vendor :STMicroelectronics X-CUBE-AZRTOS-WB 1.1.0
2024-05-05 18:39:08,081 [INFO] ThirdParty:1030 - CMSIS Pack Vendor :SEGGER I-CUBE-embOS 1.3.1
2024-05-05 18:39:08,081 [INFO] ThirdParty:1030 - CMSIS Pack Vendor :STMicroelectronics X-CUBE-AZRTOS-L5 1.0.0
2024-05-05 18:39:08,081 [INFO] ThirdParty:1030 - CMSIS Pack Vendor :STMicroelectronics X-CUBE-EEPRMA1 3.1.1
2024-05-05 18:39:08,081 [INFO] ThirdParty:1030 - CMSIS Pack Vendor :STMicroelectronics X-CUBE-AZRTOS-H7RS 1.0.0
2024-05-05 18:39:08,081 [INFO] ThirdParty:1030 - CMSIS Pack Vendor :STMicroelectronics FP-ATR-ASTRA1 2.0.0
2024-05-05 18:39:08,081 [INFO] ThirdParty:1030 - CMSIS Pack Vendor :STMicroelectronics X-CUBE-TOF1 3.4.0
2024-05-05 18:39:08,081 [INFO] ThirdParty:1030 - CMSIS Pack Vendor :STMicroelectronics X-CUBE-TOF1 3.4.1
2024-05-05 18:39:08,081 [INFO] ThirdParty:1030 - CMSIS Pack Vendor :STMicroelectronics X-CUBE-AZRTOS-H7 3.2.0
2024-05-05 18:39:08,081 [INFO] ThirdParty:841 - exiting critical section [change project]
2024-05-05 18:39:08,200 [INFO] PinOutPanel:1561 - setPackage(No Configuration,No Configuration)
2024-05-05 18:39:08,200 [INFO] PinOutPanel:1561 - setPackage(STM32G474RETx,LQFP64)
2024-05-05 18:39:08,319 [INFO] UtilMem:75 - Before build in PCC Used Memory: 897683832 Bytes (1073741824)
2024-05-05 18:39:08,477 [INFO] UtilMem:75 - After build in PCC Used Memory: 532546504 Bytes (1073741824)
2024-05-05 18:39:08,493 [INFO] IPUIPlugin:80 - create IPUIPlugin
2024-05-05 18:39:08,493 [INFO] IPUIPlugin:80 - create IPUIPlugin
2024-05-05 18:39:08,493 [INFO] IPUIPlugin:80 - create IPUIPlugin
2024-05-05 18:39:08,493 [INFO] IPUIPlugin:80 - create IPUIPlugin
2024-05-05 18:39:08,493 [INFO] IPUIPlugin:80 - create IPUIPlugin
2024-05-05 18:39:08,493 [INFO] IPUIPlugin:80 - create IPUIPlugin
2024-05-05 18:39:08,493 [INFO] IPUIPlugin:80 - create IPUIPlugin
2024-05-05 18:39:08,493 [INFO] IPUIPlugin:80 - create IPUIPlugin
2024-05-05 18:39:08,493 [INFO] IPUIPlugin:80 - create IPUIPlugin
2024-05-05 18:39:08,493 [INFO] IPUIPlugin:80 - create IPUIPlugin
2024-05-05 18:39:08,493 [INFO] IPUIPlugin:80 - create IPUIPlugin
2024-05-05 18:39:08,493 [INFO] IPUIPlugin:80 - create IPUIPlugin
2024-05-05 18:39:08,493 [INFO] IPUIPlugin:80 - create IPUIPlugin
2024-05-05 18:39:08,493 [INFO] IPUIPlugin:80 - create IPUIPlugin
2024-05-05 18:39:08,494 [INFO] IPUIPlugin:80 - create IPUIPlugin
2024-05-05 18:39:08,494 [INFO] IPUIPlugin:80 - create IPUIPlugin
2024-05-05 18:39:08,494 [INFO] IPUIPlugin:80 - create IPUIPlugin
2024-05-05 18:39:08,494 [INFO] IPUIPlugin:80 - create IPUIPlugin
2024-05-05 18:39:08,494 [INFO] IPUIPlugin:80 - create IPUIPlugin
2024-05-05 18:39:08,494 [INFO] IPUIPlugin:80 - create IPUIPlugin
2024-05-05 18:39:08,494 [INFO] IPUIPlugin:80 - create IPUIPlugin
2024-05-05 18:39:08,494 [INFO] IPUIPlugin:80 - create IPUIPlugin
2024-05-05 18:39:08,494 [INFO] IPUIPlugin:80 - create IPUIPlugin
2024-05-05 18:39:08,494 [INFO] IPUIPlugin:80 - create IPUIPlugin
2024-05-05 18:39:08,494 [INFO] IPUIPlugin:80 - create IPUIPlugin
2024-05-05 18:39:08,494 [INFO] IPUIPlugin:80 - create IPUIPlugin
2024-05-05 18:39:08,494 [INFO] IPUIPlugin:80 - create IPUIPlugin
2024-05-05 18:39:08,494 [INFO] IPUIPlugin:80 - create IPUIPlugin
2024-05-05 18:39:08,494 [INFO] IPUIPlugin:80 - create IPUIPlugin
2024-05-05 18:39:08,494 [INFO] IPUIPlugin:80 - create IPUIPlugin
2024-05-05 18:39:08,494 [INFO] IPUIPlugin:80 - create IPUIPlugin
2024-05-05 18:39:08,494 [INFO] IPUIPlugin:80 - create IPUIPlugin
2024-05-05 18:39:08,494 [INFO] IPUIPlugin:80 - create IPUIPlugin
2024-05-05 18:39:08,495 [INFO] IPUIPlugin:80 - create IPUIPlugin
2024-05-05 18:39:08,495 [INFO] IPUIPlugin:80 - create IPUIPlugin
2024-05-05 18:39:08,495 [INFO] IPUIPlugin:80 - create IPUIPlugin
2024-05-05 18:39:08,495 [INFO] IPUIPlugin:80 - create IPUIPlugin
2024-05-05 18:39:08,495 [INFO] IPUIPlugin:80 - create IPUIPlugin
2024-05-05 18:39:08,495 [INFO] IPUIPlugin:80 - create IPUIPlugin
2024-05-05 18:39:08,495 [INFO] IPUIPlugin:80 - create IPUIPlugin
2024-05-05 18:39:08,495 [INFO] IPUIPlugin:80 - create IPUIPlugin
2024-05-05 18:39:08,495 [INFO] IPUIPlugin:80 - create IPUIPlugin
2024-05-05 18:39:08,495 [INFO] IPUIPlugin:80 - create IPUIPlugin
2024-05-05 18:39:08,495 [INFO] IPUIPlugin:80 - create IPUIPlugin
2024-05-05 18:39:08,496 [INFO] IPUIPlugin:80 - create IPUIPlugin
2024-05-05 18:39:08,496 [INFO] IPUIPlugin:80 - create IPUIPlugin
2024-05-05 18:39:08,496 [INFO] IPUIPlugin:80 - create IPUIPlugin
2024-05-05 18:39:08,496 [INFO] IPUIPlugin:80 - create IPUIPlugin
2024-05-05 18:39:08,496 [INFO] IPUIPlugin:80 - create IPUIPlugin
2024-05-05 18:39:08,496 [INFO] IPUIPlugin:80 - create IPUIPlugin
2024-05-05 18:39:08,496 [INFO] IPUIPlugin:80 - create IPUIPlugin
2024-05-05 18:39:08,496 [INFO] IPUIPlugin:80 - create IPUIPlugin
2024-05-05 18:39:08,497 [INFO] IPUIPlugin:80 - create IPUIPlugin
2024-05-05 18:39:08,497 [INFO] IPUIPlugin:80 - create IPUIPlugin
2024-05-05 18:39:08,497 [INFO] IPUIPlugin:80 - create IPUIPlugin
2024-05-05 18:39:08,497 [INFO] IPUIPlugin:80 - create IPUIPlugin
2024-05-05 18:39:08,497 [INFO] IPUIPlugin:80 - create IPUIPlugin
2024-05-05 18:39:08,497 [INFO] IPUIPlugin:80 - create IPUIPlugin
2024-05-05 18:39:08,498 [INFO] IPUIPlugin:80 - create IPUIPlugin
2024-05-05 18:39:08,498 [INFO] IPUIPlugin:80 - create IPUIPlugin
2024-05-05 18:39:08,498 [INFO] IPUIPlugin:80 - create IPUIPlugin
2024-05-05 18:39:08,498 [INFO] IPUIPlugin:80 - create IPUIPlugin
2024-05-05 18:39:08,498 [INFO] IPUIPlugin:80 - create IPUIPlugin
2024-05-05 18:39:08,498 [INFO] IPUIPlugin:80 - create IPUIPlugin
2024-05-05 18:39:08,498 [INFO] IPUIPlugin:80 - create IPUIPlugin
2024-05-05 18:39:08,499 [INFO] IPUIPlugin:80 - create IPUIPlugin
2024-05-05 18:39:08,499 [INFO] IPUIPlugin:80 - create IPUIPlugin
2024-05-05 18:39:08,499 [INFO] IPUIPlugin:80 - create IPUIPlugin
2024-05-05 18:39:08,499 [INFO] IPUIPlugin:80 - create IPUIPlugin
2024-05-05 18:39:08,499 [INFO] IPUIPlugin:80 - create IPUIPlugin
2024-05-05 18:39:08,499 [INFO] IPUIPlugin:80 - create IPUIPlugin
2024-05-05 18:39:08,500 [INFO] IPUIPlugin:80 - create IPUIPlugin
2024-05-05 18:39:08,500 [INFO] IPUIPlugin:80 - create IPUIPlugin
2024-05-05 18:39:08,500 [INFO] IPUIPlugin:80 - create IPUIPlugin
2024-05-05 18:39:08,500 [INFO] IPUIPlugin:80 - create IPUIPlugin
2024-05-05 18:39:08,501 [INFO] IPUIPlugin:80 - create IPUIPlugin
2024-05-05 18:39:08,501 [INFO] IPUIPlugin:80 - create IPUIPlugin
2024-05-05 18:39:08,541 [INFO] CADModel:165 - CPN selected for project levelSTM32G474RET3
2024-05-05 18:39:08,541 [INFO] CADModel:114 - Register for checkConnection events
2024-05-05 18:39:08,658 [INFO] OpenFileManager:343 - Restore cursor
2024-05-05 19:17:45,144 [INFO] MainUpdater:2873 - connection check result : 10
2024-05-05 19:17:45,145 [INFO] MainUpdater:2873 - connection check result : 10
2024-05-05 19:17:45,152 [INFO] MicroXplorer:468 - Change Database Path : 
2024-05-05 19:17:45,152 [INFO] MicroXplorer:498 - Change Database Version : DB.6.0.111
2024-05-05 19:17:45,155 [ERROR] ProjectManagerView:394 - 
java.lang.NullPointerException: Cannot invoke "javax.swing.JTextField.getText()" because the return value of "java.util.List.get(int)" is null
	at com.st.microxplorer.plugins.projectmanager.gui.ProjectChoiceTab$10.caretUpdate(ProjectChoiceTab.java:2504) ~[filemanager.jar:?]
	at javax.swing.text.JTextComponent.fireCaretUpdate(JTextComponent.java:412) ~[?:?]
	at javax.swing.text.JTextComponent$MutableCaretEvent.fire(JTextComponent.java:4491) ~[?:?]
	at javax.swing.text.JTextComponent$MutableCaretEvent.stateChanged(JTextComponent.java:4513) ~[?:?]
	at javax.swing.text.DefaultCaret.fireStateChanged(DefaultCaret.java:842) ~[?:?]
	at javax.swing.text.DefaultCaret.changeCaretPosition(DefaultCaret.java:1313) ~[?:?]
	at javax.swing.text.DefaultCaret.handleSetDot(DefaultCaret.java:1212) ~[?:?]
	at javax.swing.text.DefaultCaret.setDot(DefaultCaret.java:1193) ~[?:?]
	at javax.swing.text.DefaultCaret$Handler.insertUpdate(DefaultCaret.java:1789) ~[?:?]
	at javax.swing.text.AbstractDocument.fireInsertUpdate(AbstractDocument.java:226) ~[?:?]
	at javax.swing.text.AbstractDocument.handleInsertString(AbstractDocument.java:780) ~[?:?]
	at javax.swing.text.AbstractDocument.insertString(AbstractDocument.java:739) ~[?:?]
	at javax.swing.text.PlainDocument.insertString(PlainDocument.java:131) ~[?:?]
	at javax.swing.text.AbstractDocument.replace(AbstractDocument.java:698) ~[?:?]
	at javax.swing.text.JTextComponent.setText(JTextComponent.java:1729) ~[?:?]
	at com.st.microxplorer.plugins.projectmanager.gui.ProjectChoiceTab.createHeapStackFields(ProjectChoiceTab.java:944) ~[filemanager.jar:?]
	at com.st.microxplorer.plugins.projectmanager.gui.ProjectChoiceTab.buildLinkSettingsPanel(ProjectChoiceTab.java:3475) ~[filemanager.jar:?]
	at com.st.microxplorer.plugins.projectmanager.gui.ProjectChoiceTab.defineWindowsFields(ProjectChoiceTab.java:1816) ~[filemanager.jar:?]
	at com.st.microxplorer.plugins.projectmanager.gui.ProjectChoiceTab.updateSettings(ProjectChoiceTab.java:544) ~[filemanager.jar:?]
	at com.st.microxplorer.plugins.projectmanager.gui.ProjectSettingsPanel.UpdateDialog(ProjectSettingsPanel.java:245) ~[filemanager.jar:?]
	at com.st.microxplorer.plugins.projectmanager.ProjectManagerView.propertyChange(ProjectManagerView.java:391) ~[filemanager.jar:?]
	at java.beans.PropertyChangeSupport.fire(PropertyChangeSupport.java:343) ~[?:?]
	at java.beans.PropertyChangeSupport.firePropertyChange(PropertyChangeSupport.java:335) ~[?:?]
	at java.beans.PropertyChangeSupport.firePropertyChange(PropertyChangeSupport.java:268) ~[?:?]
	at com.st.microxplorer.util.MXPropertyChangeSupport.firePropertyChange(MXPropertyChangeSupport.java:54) ~[STM32CubeMX.jar:?]
	at com.st.microxplorer.mxsystem.MxSystem.closeConfig(MxSystem.java:900) ~[STM32CubeMX.jar:?]
	at com.st.microxplorer.maingui.MainPanel.closeConfig(MainPanel.java:776) ~[STM32CubeMX.jar:?]
	at com.st.microxplorer.plugins.filemanager.engine.OpenFileManager.loadConfigurationFile(OpenFileManager.java:245) ~[filemanager.jar:?]
	at com.st.microxplorer.plugins.filemanager.engine.MainFileManager.userLoadConfig(MainFileManager.java:315) ~[filemanager.jar:?]
	at com.st.microxplorer.plugins.filemanager.engine.MainFileManager.userLoadConfig(MainFileManager.java:293) ~[filemanager.jar:?]
	at com.st.microxplorer.plugins.filemanager.FileManagerView.getSpecificTask(FileManagerView.java:247) ~[filemanager.jar:?]
	at com.st.stm32cube.common.mx.editor.CubeMxEditor.getMxTabbedPaneInstance(CubeMxEditor.java:1198) ~[com.st.stm32cube.common.mx_6.11.1.202404110753/:?]
	at com.st.stm32cube.common.mx.editor.CubeMxEditor$12$1.createSwingComponent(CubeMxEditor.java:1068) ~[com.st.stm32cube.common.mx_6.11.1.202404110753/:?]
	at com.st.stm32cube.common.mx.oss.core.awtswtbridge.EmbeddedSwingComposite.doComponentCreation(EmbeddedSwingComposite.java:492) ~[com.st.stm32cube.common.mx.oss_6.11.1.202404110753/:?]
	at com.st.stm32cube.common.mx.oss.core.awtswtbridge.EmbeddedSwingComposite$4.run(EmbeddedSwingComposite.java:291) ~[com.st.stm32cube.common.mx.oss_6.11.1.202404110753/:?]
	at com.st.stm32cube.common.mx.oss.core.awtswtbridge.AwtEnvironment$2.run(AwtEnvironment.java:166) ~[com.st.stm32cube.common.mx.oss_6.11.1.202404110753/:?]
	at java.awt.event.InvocationEvent.dispatch(InvocationEvent.java:318) ~[?:?]
	at java.awt.EventQueue.dispatchEventImpl(EventQueue.java:773) ~[?:?]
	at java.awt.EventQueue$4.run(EventQueue.java:720) ~[?:?]
	at java.awt.EventQueue$4.run(EventQueue.java:714) ~[?:?]
	at java.security.AccessController.doPrivileged(AccessController.java:399) ~[?:?]
	at java.security.ProtectionDomain$JavaSecurityAccessImpl.doIntersectionPrivilege(ProtectionDomain.java:86) ~[?:?]
	at java.awt.EventQueue.dispatchEvent(EventQueue.java:742) ~[?:?]
	at java.awt.EventDispatchThread.pumpOneEventForFilters(EventDispatchThread.java:203) ~[?:?]
	at java.awt.EventDispatchThread.pumpEventsForFilter(EventDispatchThread.java:124) ~[?:?]
	at java.awt.EventDispatchThread.pumpEventsForHierarchy(EventDispatchThread.java:113) ~[?:?]
	at java.awt.EventDispatchThread.pumpEvents(EventDispatchThread.java:109) ~[?:?]
	at java.awt.EventDispatchThread.pumpEvents(EventDispatchThread.java:101) ~[?:?]
	at java.awt.EventDispatchThread.run(EventDispatchThread.java:90) ~[?:?]
2024-05-05 19:17:45,156 [WARN] ThirdParty:871 - waiting for thirdparty lock release [close project]
2024-05-05 19:17:45,156 [INFO] ThirdParty:873 - entering critical section [close project]
2024-05-05 19:17:45,156 [INFO] ThirdParty:883 - exiting critical section [close project]
2024-05-05 19:17:45,157 [INFO] PinOutPanel:1561 - setPackage(No Configuration,No Configuration)
2024-05-05 19:17:45,159 [INFO] UtilMem:75 - Begin LoadConfig() Used Memory: 739386664 Bytes (1073741824)
2024-05-05 19:17:45,163 [INFO] MicroXplorer:468 - Change Database Path : C:/Users/saksh/.stm32cubemx/databases/DB.6.0.100/db/
2024-05-05 19:17:45,163 [INFO] MicroXplorer:498 - Change Database Version : DB.6.0.100
2024-05-05 19:17:47,897 [INFO] OpenFileManager:312 - Change cursor
2024-05-05 19:17:47,908 [INFO] Mcu:2021 - Initializing MCU STM32H7A3Z(G-I)TxQ STM32H7A3ZITxQ STM32H7A3ZIT6Q
2024-05-05 19:17:49,143 [INFO] Context:663 - Trying to add GPIOservice into a context  which must be forbidden
2024-05-05 19:17:49,561 [INFO] RtosManager:555 - Registered RTOS mode: class=CMSIS, group=RTOS, mode=CMSIS_V1, owner=FREERTOS
2024-05-05 19:17:49,561 [INFO] RtosManager:555 - Registered RTOS mode: class=CMSIS, group=RTOS2, mode=CMSIS_V2, owner=FREERTOS
2024-05-05 19:17:49,561 [INFO] RtosManager:555 - Registered RTOS mode: class=RTOS, group=Core, mode=CMSIS_V1, owner=FREERTOS
2024-05-05 19:17:49,561 [INFO] RtosManager:555 - Registered RTOS mode: class=RTOS, group=Core, mode=CMSIS_V2, owner=FREERTOS
2024-05-05 19:17:49,561 [WARN] ModelIntegratedComponent:184 - Missing modes for component STMicroelectronics:FreeRTOS:0.0.1:STMicroelectronics:RTOS:FreeRTOS:Core:::10.2.0:
2024-05-05 19:17:49,562 [WARN] ModelIntegratedComponent:63 - No mode defined for component null
2024-05-05 19:17:49,562 [WARN] ModelIntegratedComponent:63 - No mode defined for component null
2024-05-05 19:17:49,562 [WARN] ModelIntegratedComponent:63 - No mode defined for component null
2024-05-05 19:17:49,562 [WARN] ModelIntegratedComponent:63 - No mode defined for component null
2024-05-05 19:17:49,562 [WARN] ModelIntegratedComponent:63 - No mode defined for component null
2024-05-05 19:17:49,563 [WARN] ModelIntegratedComponent:63 - No mode defined for component null
2024-05-05 19:17:49,563 [WARN] ModelIntegratedComponent:63 - No mode defined for component null
2024-05-05 19:17:49,563 [WARN] ModelIntegratedComponent:63 - No mode defined for component null
2024-05-05 19:17:49,563 [WARN] ModelIntegratedComponent:63 - No mode defined for component null
2024-05-05 19:17:49,563 [WARN] ModelIntegratedComponent:63 - No mode defined for component null
2024-05-05 19:17:49,563 [WARN] ModelIntegratedComponent:63 - No mode defined for component null
2024-05-05 19:17:49,563 [WARN] ModelIntegratedComponent:63 - No mode defined for component null
2024-05-05 19:17:49,563 [WARN] ModelIntegratedComponent:63 - No mode defined for component null
2024-05-05 19:17:49,563 [WARN] ModelIntegratedComponent:63 - No mode defined for component null
2024-05-05 19:17:49,563 [WARN] ModelIntegratedComponent:63 - No mode defined for component null
2024-05-05 19:17:49,563 [WARN] ModelIntegratedComponent:63 - No mode defined for component null
2024-05-05 19:17:49,563 [WARN] ModelIntegratedComponent:63 - No mode defined for component null
2024-05-05 19:17:49,563 [WARN] ModelIntegratedComponent:63 - No mode defined for component null
2024-05-05 19:17:49,563 [WARN] ModelIntegratedComponent:63 - No mode defined for component null
2024-05-05 19:17:49,563 [WARN] ModelIntegratedComponent:63 - No mode defined for component null
2024-05-05 19:17:49,563 [WARN] ModelIntegratedComponent:63 - No mode defined for component null
2024-05-05 19:17:49,563 [WARN] ModelIntegratedComponent:63 - No mode defined for component null
2024-05-05 19:17:49,563 [WARN] ModelIntegratedComponent:63 - No mode defined for component null
2024-05-05 19:17:49,563 [WARN] ModelIntegratedComponent:63 - No mode defined for component null
2024-05-05 19:17:49,563 [WARN] ModelIntegratedComponent:63 - No mode defined for component null
2024-05-05 19:17:49,563 [WARN] ModelIntegratedComponent:63 - No mode defined for component null
2024-05-05 19:17:49,563 [WARN] ModelIntegratedComponent:63 - No mode defined for component null
2024-05-05 19:17:49,563 [WARN] ModelIntegratedComponent:63 - No mode defined for component null
2024-05-05 19:17:49,563 [WARN] ModelIntegratedComponent:63 - No mode defined for component null
2024-05-05 19:17:49,563 [WARN] ModelIntegratedComponent:63 - No mode defined for component null
2024-05-05 19:17:49,563 [WARN] ModelIntegratedComponent:63 - No mode defined for component null
2024-05-05 19:17:49,563 [WARN] ModelIntegratedComponent:63 - No mode defined for component null
2024-05-05 19:17:49,563 [WARN] ModelIntegratedComponent:63 - No mode defined for component null
2024-05-05 19:17:49,563 [WARN] ModelIntegratedComponent:63 - No mode defined for component null
2024-05-05 19:17:49,590 [WARN] ModelIntegratedComponent:182 - Modes not found for component STMicroelectronics:USB_DEVICE:1.0.0:STMicroelectronics:USB::USB Device:Audio FS::1.0:USB_DEVICE_1_0_RESTRICTED_FS
2024-05-05 19:17:49,590 [WARN] ModelIntegratedComponent:188 - Modes not found for component STMicroelectronics:USB_DEVICE:1.0.0:STMicroelectronics:USB::USB Device:Audio FS::1.0:USB_DEVICE_1_0_RESTRICTED_FS
2024-05-05 19:17:49,590 [WARN] ModelIntegratedComponent:182 - Modes not found for component STMicroelectronics:USB_DEVICE:1.0.0:STMicroelectronics:USB::USB Device:CDC FS::1.0:USB_DEVICE_1_0_RESTRICTED_FS
2024-05-05 19:17:49,590 [WARN] ModelIntegratedComponent:188 - Modes not found for component STMicroelectronics:USB_DEVICE:1.0.0:STMicroelectronics:USB::USB Device:CDC FS::1.0:USB_DEVICE_1_0_RESTRICTED_FS
2024-05-05 19:17:49,590 [WARN] ModelIntegratedComponent:182 - Modes not found for component STMicroelectronics:USB_DEVICE:1.0.0:STMicroelectronics:USB::USB Device:DFU FS::1.0:USB_DEVICE_1_0_RESTRICTED_FS
2024-05-05 19:17:49,590 [WARN] ModelIntegratedComponent:188 - Modes not found for component STMicroelectronics:USB_DEVICE:1.0.0:STMicroelectronics:USB::USB Device:DFU FS::1.0:USB_DEVICE_1_0_RESTRICTED_FS
2024-05-05 19:17:49,590 [WARN] ModelIntegratedComponent:182 - Modes not found for component STMicroelectronics:USB_DEVICE:1.0.0:STMicroelectronics:USB::USB Device:HID FS::1.0:USB_DEVICE_1_0_RESTRICTED_FS
2024-05-05 19:17:49,590 [WARN] ModelIntegratedComponent:188 - Modes not found for component STMicroelectronics:USB_DEVICE:1.0.0:STMicroelectronics:USB::USB Device:HID FS::1.0:USB_DEVICE_1_0_RESTRICTED_FS
2024-05-05 19:17:49,590 [WARN] ModelIntegratedComponent:182 - Modes not found for component STMicroelectronics:USB_DEVICE:1.0.0:STMicroelectronics:USB::USB Device:Custom HID FS::1.0:USB_DEVICE_1_0_RESTRICTED_FS
2024-05-05 19:17:49,590 [WARN] ModelIntegratedComponent:188 - Modes not found for component STMicroelectronics:USB_DEVICE:1.0.0:STMicroelectronics:USB::USB Device:Custom HID FS::1.0:USB_DEVICE_1_0_RESTRICTED_FS
2024-05-05 19:17:49,590 [WARN] ModelIntegratedComponent:182 - Modes not found for component STMicroelectronics:USB_DEVICE:1.0.0:STMicroelectronics:USB::USB Device:MSC FS::1.0:USB_DEVICE_1_0_RESTRICTED_FS
2024-05-05 19:17:49,590 [WARN] ModelIntegratedComponent:188 - Modes not found for component STMicroelectronics:USB_DEVICE:1.0.0:STMicroelectronics:USB::USB Device:MSC FS::1.0:USB_DEVICE_1_0_RESTRICTED_FS
2024-05-05 19:17:49,625 [WARN] ModelIntegratedComponent:182 - Modes not found for component STMicroelectronics:USB_HOST:1.0.0:STMicroelectronics:USB::USB Host:Audio FS::1.0:USB_HOST_1_0_RESTRICTED_FS
2024-05-05 19:17:49,625 [WARN] ModelIntegratedComponent:188 - Modes not found for component STMicroelectronics:USB_HOST:1.0.0:STMicroelectronics:USB::USB Host:Audio FS::1.0:USB_HOST_1_0_RESTRICTED_FS
2024-05-05 19:17:49,625 [WARN] ModelIntegratedComponent:182 - Modes not found for component STMicroelectronics:USB_HOST:1.0.0:STMicroelectronics:USB::USB Host:CDC FS::1.0:USB_HOST_1_0_RESTRICTED_FS
2024-05-05 19:17:49,625 [WARN] ModelIntegratedComponent:188 - Modes not found for component STMicroelectronics:USB_HOST:1.0.0:STMicroelectronics:USB::USB Host:CDC FS::1.0:USB_HOST_1_0_RESTRICTED_FS
2024-05-05 19:17:49,625 [WARN] ModelIntegratedComponent:182 - Modes not found for component STMicroelectronics:USB_HOST:1.0.0:STMicroelectronics:USB::USB Host:MSC FS::1.0:USB_HOST_1_0_RESTRICTED_FS
2024-05-05 19:17:49,625 [WARN] ModelIntegratedComponent:188 - Modes not found for component STMicroelectronics:USB_HOST:1.0.0:STMicroelectronics:USB::USB Host:MSC FS::1.0:USB_HOST_1_0_RESTRICTED_FS
2024-05-05 19:17:49,625 [WARN] ModelIntegratedComponent:182 - Modes not found for component STMicroelectronics:USB_HOST:1.0.0:STMicroelectronics:USB::USB Host:HID FS::1.0:USB_HOST_1_0_RESTRICTED_FS
2024-05-05 19:17:49,625 [WARN] ModelIntegratedComponent:188 - Modes not found for component STMicroelectronics:USB_HOST:1.0.0:STMicroelectronics:USB::USB Host:HID FS::1.0:USB_HOST_1_0_RESTRICTED_FS
2024-05-05 19:17:49,625 [WARN] ModelIntegratedComponent:182 - Modes not found for component STMicroelectronics:USB_HOST:1.0.0:STMicroelectronics:USB::USB Host:MTP FS::1.0:USB_HOST_1_0_RESTRICTED_FS
2024-05-05 19:17:49,625 [WARN] ModelIntegratedComponent:188 - Modes not found for component STMicroelectronics:USB_HOST:1.0.0:STMicroelectronics:USB::USB Host:MTP FS::1.0:USB_HOST_1_0_RESTRICTED_FS
2024-05-05 19:17:49,722 [INFO] ThirdPartyModel:298 - Start build external matchings
2024-05-05 19:17:50,943 [INFO] ThirdPartyModel:316 - End build external matchings
2024-05-05 19:17:50,965 [INFO] ImportTextPane:194 - (OptionalMessage_ERROR) IP (RCC) : Invalid parameter (FamilyName)
2024-05-05 19:17:50,965 [INFO] ImportTextPane:194 - (OptionalMessage_ERROR) IP (RCC) : Parameter (LTDCFreq_Value) has invalid value (768000000)
2024-05-05 19:17:50,965 [INFO] ImportTextPane:194 - (OptionalMessage_ERROR) IP (RCC) : Parameter (TraceFreq_Value) has invalid value (64000000)
2024-05-05 19:17:51,236 [INFO] UtilMem:75 - End LoadConfig() Used Memory: 626311624 Bytes (1073741824)
2024-05-05 19:17:51,265 [WARN] ThirdParty:833 - waiting for thirdparty lock release [change project]
2024-05-05 19:17:51,265 [INFO] ThirdParty:835 - entering critical section [change project]
2024-05-05 19:17:51,265 [INFO] ThirdParty:1030 - CMSIS Pack Vendor :STMicroelectronics USBPD 4.1
2024-05-05 19:17:51,265 [INFO] ThirdParty:1030 - CMSIS Pack Vendor :STMicroelectronics X-CUBE-GNSS1 6.0.0
2024-05-05 19:17:51,265 [INFO] ThirdParty:1030 - CMSIS Pack Vendor :STMicroelectronics USB_HOST 2.0.0
2024-05-05 19:17:51,265 [INFO] ThirdParty:1030 - CMSIS Pack Vendor :STMicroelectronics FP-SNS-MOTENVWB1 1.4.0
2024-05-05 19:17:51,265 [INFO] ThirdParty:1030 - CMSIS Pack Vendor :STMicroelectronics X-CUBE-AZRTOS-F4 1.1.0
2024-05-05 19:17:51,265 [INFO] ThirdParty:1030 - CMSIS Pack Vendor :STMicroelectronics LIBJPEG 8.0.0
2024-05-05 19:17:51,265 [INFO] ThirdParty:1030 - CMSIS Pack Vendor :STMicroelectronics X-CUBE-SMBUS 2.1.0
2024-05-05 19:17:51,265 [INFO] ThirdParty:1030 - CMSIS Pack Vendor :STMicroelectronics X-CUBE-FREERTOS 1.2.0
2024-05-05 19:17:51,265 [INFO] ThirdParty:1030 - CMSIS Pack Vendor :STMicroelectronics X-CUBE-TOUCHGFX 4.23.1
2024-05-05 19:17:51,265 [INFO] ThirdParty:1030 - CMSIS Pack Vendor :STMicroelectronics X-CUBE-TOUCHGFX 4.23.0
2024-05-05 19:17:51,265 [INFO] ThirdParty:1030 - CMSIS Pack Vendor :STMicroelectronics X-CUBE-BLEMGR 1.2.0
2024-05-05 19:17:51,265 [INFO] ThirdParty:1030 - CMSIS Pack Vendor :STMicroelectronics X-CUBE-TOUCHGFX 4.23.2
2024-05-05 19:17:51,265 [INFO] ThirdParty:1030 - CMSIS Pack Vendor :STMicroelectronics X-CUBE-AZRTOS-F7 1.1.0
2024-05-05 19:17:51,265 [INFO] ThirdParty:1030 - CMSIS Pack Vendor :STMicroelectronics X-CUBE-AZRTOS-L5 2.0.0
2024-05-05 19:17:51,265 [INFO] ThirdParty:1030 - CMSIS Pack Vendor :STMicroelectronics USB_DEVICE 2.0.0
2024-05-05 19:17:51,265 [INFO] ThirdParty:1030 - CMSIS Pack Vendor :STMicroelectronics X-CUBE-MEMS1 9.6.0
2024-05-05 19:17:51,265 [INFO] ThirdParty:1030 - CMSIS Pack Vendor :STMicroelectronics X-CUBE-EEPRMA1 4.2.0
2024-05-05 19:17:51,265 [INFO] ThirdParty:1030 - CMSIS Pack Vendor :STMicroelectronics X-CUBE-NFC6 3.1.0
2024-05-05 19:17:51,266 [INFO] ThirdParty:1030 - CMSIS Pack Vendor :ITTIA_DB I-CUBE-ITTIADB 8.8.0
2024-05-05 19:17:51,266 [INFO] ThirdParty:1030 - CMSIS Pack Vendor :STMicroelectronics FP-SNS-MOTENV1 4.3.0
2024-05-05 19:17:51,266 [INFO] ThirdParty:1030 - CMSIS Pack Vendor :STMicroelectronics FP-SNS-MOTENV1 4.3.2
2024-05-05 19:17:51,266 [INFO] ThirdParty:1030 - CMSIS Pack Vendor :STMicroelectronics FP-SNS-FLIGHT1 5.0.0
2024-05-05 19:17:51,266 [INFO] ThirdParty:1030 - CMSIS Pack Vendor :STMicroelectronics FP-SNS-MOTENV1 4.3.1
2024-05-05 19:17:51,266 [INFO] ThirdParty:1030 - CMSIS Pack Vendor :STMicroelectronics FP-SNS-FLIGHT1 5.0.1
2024-05-05 19:17:51,266 [INFO] ThirdParty:1030 - CMSIS Pack Vendor :STMicroelectronics X-CUBE-BLE1 6.2.3
2024-05-05 19:17:51,266 [INFO] ThirdParty:1030 - CMSIS Pack Vendor :STMicroelectronics X-CUBE-BLE1 6.2.4
2024-05-05 19:17:51,266 [INFO] ThirdParty:1030 - CMSIS Pack Vendor :STMicroelectronics FreeRTOS 0.0.1
2024-05-05 19:17:51,266 [INFO] ThirdParty:1030 - CMSIS Pack Vendor :STMicroelectronics X-CUBE-BLEMGR 2.0.0
2024-05-05 19:17:51,266 [INFO] ThirdParty:1030 - CMSIS Pack Vendor :STMicroelectronics FP-SNS-FLIGHT1 5.0.2
2024-05-05 19:17:51,266 [INFO] ThirdParty:1030 - CMSIS Pack Vendor :STMicroelectronics X-CUBE-NFC4 2.0.4
2024-05-05 19:17:51,266 [INFO] ThirdParty:1030 - CMSIS Pack Vendor :STMicroelectronics X-CUBE-AI 9.0.0
2024-05-05 19:17:51,266 [INFO] ThirdParty:1030 - CMSIS Pack Vendor :STMicroelectronics X-CUBE-AZRTOS-H7 3.1.0
2024-05-05 19:17:51,266 [INFO] ThirdParty:1030 - CMSIS Pack Vendor :STMicroelectronics PDM2PCM 3.3.0
2024-05-05 19:17:51,266 [INFO] ThirdParty:1030 - CMSIS Pack Vendor :STMicroelectronics X-CUBE-TOF1 3.1.0
2024-05-05 19:17:51,266 [INFO] ThirdParty:1030 - CMSIS Pack Vendor :STMicroelectronics X-CUBE-DISPLAY 3.0.0
2024-05-05 19:17:51,266 [INFO] ThirdParty:1030 - CMSIS Pack Vendor :STMicroelectronics X-CUBE-BLE1 7.0.0
2024-05-05 19:17:51,266 [INFO] ThirdParty:1030 - CMSIS Pack Vendor :wolfSSL I-CUBE-wolfSSL 5.5.0
2024-05-05 19:17:51,266 [INFO] ThirdParty:1030 - CMSIS Pack Vendor :STMicroelectronics HAL Drivers 0.0.0
2024-05-05 19:17:51,266 [INFO] ThirdParty:1030 - CMSIS Pack Vendor :STMicroelectronics X-CUBE-TOUCHGFX 4.22.0
2024-05-05 19:17:51,266 [INFO] ThirdParty:1030 - CMSIS Pack Vendor :STMicroelectronics X-CUBE-NFC7 1.0.1
2024-05-05 19:17:51,266 [INFO] ThirdParty:1030 - CMSIS Pack Vendor :STMicroelectronics MBEDTLS 2.14.1
2024-05-05 19:17:51,266 [INFO] ThirdParty:1030 - CMSIS Pack Vendor :STMicroelectronics X-CUBE-NFC7 1.0.0
2024-05-05 19:17:51,266 [INFO] ThirdParty:1030 - CMSIS Pack Vendor :STMicroelectronics X-CUBE-NFC6 3.0.0
2024-05-05 19:17:51,266 [INFO] ThirdParty:1030 - CMSIS Pack Vendor :STMicroelectronics X-CUBE-MEMS1 9.3.0
2024-05-05 19:17:51,266 [INFO] ThirdParty:1030 - CMSIS Pack Vendor :STMicroelectronics X-CUBE-EEPRMA1 4.1.0
2024-05-05 19:17:51,266 [INFO] ThirdParty:1030 - CMSIS Pack Vendor :STMicroelectronics X-CUBE-AI 7.2.0
2024-05-05 19:17:51,266 [INFO] ThirdParty:1030 - CMSIS Pack Vendor :STMicroelectronics X-CUBE-BLEMGR 3.1.0
2024-05-05 19:17:51,266 [INFO] ThirdParty:1030 - CMSIS Pack Vendor :STMicroelectronics FP-SNS-SMARTAG2 1.2.0
2024-05-05 19:17:51,266 [INFO] ThirdParty:1030 - CMSIS Pack Vendor :STMicroelectronics X-CUBE-AZRTOS-WL 2.0.0
2024-05-05 19:17:51,266 [INFO] ThirdParty:1030 - CMSIS Pack Vendor :STMicroelectronics FP-SNS-MOTENV1 5.0.0
2024-05-05 19:17:51,266 [INFO] ThirdParty:1030 - CMSIS Pack Vendor :STMicroelectronics USB_DEVICE 1.0.0
2024-05-05 19:17:51,266 [INFO] ThirdParty:1030 - CMSIS Pack Vendor :STMicroelectronics X-CUBE-AI 8.1.0
2024-05-05 19:17:51,266 [INFO] ThirdParty:1030 - CMSIS Pack Vendor :STMicroelectronics X-CUBE-AZRTOS-L4 2.0.0
2024-05-05 19:17:51,266 [INFO] ThirdParty:1030 - CMSIS Pack Vendor :STMicroelectronics ThreadX 0.0.2
2024-05-05 19:17:51,266 [INFO] ThirdParty:1030 - CMSIS Pack Vendor :WES I-CUBE-Cesium 1.3.0
2024-05-05 19:17:51,266 [INFO] ThirdParty:1030 - CMSIS Pack Vendor :STMicroelectronics lwIP 2.1.2
2024-05-05 19:17:51,266 [INFO] ThirdParty:1030 - CMSIS Pack Vendor :STMicroelectronics X-CUBE-SFXS2LP1 4.0.0
2024-05-05 19:17:51,266 [INFO] ThirdParty:1030 - CMSIS Pack Vendor :STMicroelectronics X-CUBE-BLE2 3.3.0
2024-05-05 19:17:51,266 [INFO] ThirdParty:1030 - CMSIS Pack Vendor :STMicroelectronics X-CUBE-DISPLAY 2.2.0
2024-05-05 19:17:51,266 [INFO] ThirdParty:1030 - CMSIS Pack Vendor :STMicroelectronics X-CUBE-TOF1 3.2.0
2024-05-05 19:17:51,266 [INFO] ThirdParty:1030 - CMSIS Pack Vendor :STMicroelectronics PDM2PCM 3.2.0
2024-05-05 19:17:51,266 [INFO] ThirdParty:1030 - CMSIS Pack Vendor :STMicroelectronics X-CUBE-AZRTOS-H7 3.0.0
2024-05-05 19:17:51,266 [INFO] ThirdParty:1030 - CMSIS Pack Vendor :STMicroelectronics X-CUBE-ISPU 1.0.0
2024-05-05 19:17:51,266 [INFO] ThirdParty:1030 - CMSIS Pack Vendor :STMicroelectronics X-CUBE-ISPU 1.1.0
2024-05-05 19:17:51,266 [INFO] ThirdParty:1030 - CMSIS Pack Vendor :RoweBots I-CUBE-UNISONRTOS 5.5.0-4
2024-05-05 19:17:51,266 [INFO] ThirdParty:1030 - CMSIS Pack Vendor :STMicroelectronics X-CUBE-AZRTOS-H7 2.1.0
2024-05-05 19:17:51,266 [INFO] ThirdParty:1030 - CMSIS Pack Vendor :STMicroelectronics USB_DEVICE 3.0.0
2024-05-05 19:17:51,266 [INFO] ThirdParty:1030 - CMSIS Pack Vendor :STMicroelectronics X-CUBE-TCPP 4.1.0
2024-05-05 19:17:51,266 [INFO] ThirdParty:1030 - CMSIS Pack Vendor :STMicroelectronics X-CUBE-AI 8.0.0
2024-05-05 19:17:51,266 [INFO] ThirdParty:1030 - CMSIS Pack Vendor :STMicroelectronics X-CUBE-AZRTOS-WB 2.0.0
2024-05-05 19:17:51,266 [INFO] ThirdParty:1030 - CMSIS Pack Vendor :STMicroelectronics X-CUBE-FREERTOS 1.0.0
2024-05-05 19:17:51,266 [INFO] ThirdParty:1030 - CMSIS Pack Vendor :STMicroelectronics X-CUBE-FREERTOS 1.0.1
2024-05-05 19:17:51,266 [INFO] ThirdParty:1030 - CMSIS Pack Vendor :STMicroelectronics X-CUBE-TOUCHGFX 4.21.1
2024-05-05 19:17:51,266 [INFO] ThirdParty:1030 - CMSIS Pack Vendor :STMicroelectronics X-CUBE-TOUCHGFX 4.21.3
2024-05-05 19:17:51,266 [INFO] ThirdParty:1030 - CMSIS Pack Vendor :STMicroelectronics X-CUBE-BLEMGR 1.0.0
2024-05-05 19:17:51,266 [INFO] ThirdParty:1030 - CMSIS Pack Vendor :STMicroelectronics X-CUBE-TOUCHGFX 4.21.4
2024-05-05 19:17:51,266 [INFO] ThirdParty:1030 - CMSIS Pack Vendor :STMicroelectronics X-CUBE-MEMS1 9.4.0
2024-05-05 19:17:51,266 [INFO] ThirdParty:1030 - CMSIS Pack Vendor :STMicroelectronics X-CUBE-AI 7.3.0
2024-05-05 19:17:51,266 [INFO] ThirdParty:1030 - CMSIS Pack Vendor :STMicroelectronics X-CUBE-ALGOBUILD 1.3.0
2024-05-05 19:17:51,266 [INFO] ThirdParty:1030 - CMSIS Pack Vendor :STMicroelectronics X-CUBE-AZRTOS-L5 1.1.0
2024-05-05 19:17:51,266 [INFO] ThirdParty:1030 - CMSIS Pack Vendor :STMicroelectronics X-CUBE-AZRTOS-G0 1.1.0
2024-05-05 19:17:51,266 [INFO] ThirdParty:1030 - CMSIS Pack Vendor :STMicroelectronics X-CUBE-AI 8.0.1
2024-05-05 19:17:51,266 [INFO] ThirdParty:1030 - CMSIS Pack Vendor :STMicroelectronics X-CUBE-SAFEA1 1.2.2
2024-05-05 19:17:51,266 [INFO] ThirdParty:1030 - CMSIS Pack Vendor :STMicroelectronics X-CUBE-NFC4 3.0.0
2024-05-05 19:17:51,266 [INFO] ThirdParty:1030 - CMSIS Pack Vendor :SEGGER I-CUBE-embOS 1.2.0
2024-05-05 19:17:51,266 [INFO] ThirdParty:1030 - CMSIS Pack Vendor :STMicroelectronics X-CUBE-SUBG2 5.0.0
2024-05-05 19:17:51,266 [INFO] ThirdParty:1030 - CMSIS Pack Vendor :STMicroelectronics STM32_WPAN 1.0.0
2024-05-05 19:17:51,266 [INFO] ThirdParty:1030 - CMSIS Pack Vendor :STMicroelectronics lwIP 2.0.3
2024-05-05 19:17:51,266 [INFO] ThirdParty:1030 - CMSIS Pack Vendor :STMicroelectronics USB_HOST 1.0.0
2024-05-05 19:17:51,266 [INFO] ThirdParty:1030 - CMSIS Pack Vendor :STMicroelectronics X-CUBE-TOF1 3.3.1
2024-05-05 19:17:51,266 [INFO] ThirdParty:1030 - CMSIS Pack Vendor :STMicroelectronics X-CUBE-AZRTOS-G4 2.0.0
2024-05-05 19:17:51,266 [INFO] ThirdParty:1030 - CMSIS Pack Vendor :STMicroelectronics PDM2PCM 3.1.0
2024-05-05 19:17:51,266 [INFO] ThirdParty:1030 - CMSIS Pack Vendor :STMicroelectronics X-CUBE-TOF1 3.3.0
2024-05-05 19:17:51,266 [INFO] ThirdParty:1030 - CMSIS Pack Vendor :STMicroelectronics FP-ATR-ASTRA1 1.1.1
2024-05-05 19:17:51,266 [INFO] ThirdParty:1030 - CMSIS Pack Vendor :Infineon AIROC-Wi-Fi-Bluetooth-STM32 1.5.1
2024-05-05 19:17:51,266 [INFO] ThirdParty:1030 - CMSIS Pack Vendor :STMicroelectronics X-CUBE-BLEMGR 3.0.0
2024-05-05 19:17:51,266 [INFO] ThirdParty:1030 - CMSIS Pack Vendor :STMicroelectronics X-CUBE-BLEMGR 1.3.0
2024-05-05 19:17:51,266 [INFO] ThirdParty:1030 - CMSIS Pack Vendor :STMicroelectronics FP-SNS-MOTENVWB1 1.3.1
2024-05-05 19:17:51,266 [INFO] ThirdParty:1030 - CMSIS Pack Vendor :STMicroelectronics FP-ATR-SIGFOX1 3.2.0
2024-05-05 19:17:51,266 [INFO] ThirdParty:1030 - CMSIS Pack Vendor :STMicroelectronics X-CUBE-AZRTOS-G4 1.0.0
2024-05-05 19:17:51,266 [INFO] ThirdParty:1030 - CMSIS Pack Vendor :STMicroelectronics X-CUBE-AZRTOS-L4 1.0.0
2024-05-05 19:17:51,266 [INFO] ThirdParty:1030 - CMSIS Pack Vendor :STMicroelectronics X-CUBE-ISPU 2.0.0
2024-05-05 19:17:51,266 [INFO] ThirdParty:1030 - CMSIS Pack Vendor :STMicroelectronics X-CUBE-EEPRMA1 5.1.0
2024-05-05 19:17:51,266 [INFO] ThirdParty:1030 - CMSIS Pack Vendor :STMicroelectronics MBEDTLS 2.16.2
2024-05-05 19:17:51,266 [INFO] ThirdParty:1030 - CMSIS Pack Vendor :emotas I-CUBE-CANOPEN 1.1.2
2024-05-05 19:17:51,266 [INFO] ThirdParty:1030 - CMSIS Pack Vendor :STMicroelectronics X-CUBE-TOUCHGFX 4.20.0
2024-05-05 19:17:51,266 [INFO] ThirdParty:1030 - CMSIS Pack Vendor :STMicroelectronics X-CUBE-MEMS1 10.0.0
2024-05-05 19:17:51,266 [INFO] ThirdParty:1030 - CMSIS Pack Vendor :STMicroelectronics X-CUBE-FREERTOS 1.1.0
2024-05-05 19:17:51,266 [INFO] ThirdParty:1030 - CMSIS Pack Vendor :STMicroelectronics X-CUBE-AZRTOS-WL 1.0.0
2024-05-05 19:17:51,266 [INFO] ThirdParty:1030 - CMSIS Pack Vendor :portGmbH I-Cube-SoM-uGOAL 1.1.0
2024-05-05 19:17:51,266 [INFO] ThirdParty:1030 - CMSIS Pack Vendor :STMicroelectronics X-CUBE-ALS 1.0.1
2024-05-05 19:17:51,266 [INFO] ThirdParty:1030 - CMSIS Pack Vendor :STMicroelectronics X-CUBE-MEMS1 9.5.0
2024-05-05 19:17:51,266 [INFO] ThirdParty:1030 - CMSIS Pack Vendor :STMicroelectronics ThreadX 1.0.0
2024-05-05 19:17:51,266 [INFO] ThirdParty:1030 - CMSIS Pack Vendor :STMicroelectronics X-CUBE-AZRTOS-WB 1.1.0
2024-05-05 19:17:51,266 [INFO] ThirdParty:1030 - CMSIS Pack Vendor :SEGGER I-CUBE-embOS 1.3.1
2024-05-05 19:17:51,266 [INFO] ThirdParty:1030 - CMSIS Pack Vendor :STMicroelectronics X-CUBE-AZRTOS-L5 1.0.0
2024-05-05 19:17:51,266 [INFO] ThirdParty:1030 - CMSIS Pack Vendor :STMicroelectronics X-CUBE-EEPRMA1 3.1.1
2024-05-05 19:17:51,266 [INFO] ThirdParty:1030 - CMSIS Pack Vendor :STMicroelectronics X-CUBE-AZRTOS-H7RS 1.0.0
2024-05-05 19:17:51,266 [INFO] ThirdParty:1030 - CMSIS Pack Vendor :STMicroelectronics FP-ATR-ASTRA1 2.0.0
2024-05-05 19:17:51,267 [INFO] ThirdParty:1030 - CMSIS Pack Vendor :STMicroelectronics X-CUBE-TOF1 3.4.0
2024-05-05 19:17:51,267 [INFO] ThirdParty:1030 - CMSIS Pack Vendor :STMicroelectronics X-CUBE-TOF1 3.4.1
2024-05-05 19:17:51,267 [INFO] ThirdParty:1030 - CMSIS Pack Vendor :STMicroelectronics X-CUBE-AZRTOS-H7 3.2.0
2024-05-05 19:17:51,267 [INFO] ThirdParty:841 - exiting critical section [change project]
2024-05-05 19:17:51,397 [INFO] PinOutPanel:1561 - setPackage(No Configuration,No Configuration)
2024-05-05 19:17:51,397 [INFO] PinOutPanel:1561 - setPackage(STM32H7A3ZITxQ,LQFP144)
2024-05-05 19:17:51,697 [INFO] UtilMem:75 - Before build in PCC Used Memory: 592999352 Bytes (1073741824)
2024-05-05 19:17:51,886 [INFO] UtilMem:75 - After build in PCC Used Memory: 774925240 Bytes (1073741824)
2024-05-05 19:17:51,903 [INFO] IPUIPlugin:80 - create IPUIPlugin
2024-05-05 19:17:51,903 [INFO] IPUIPlugin:80 - create IPUIPlugin
2024-05-05 19:17:51,903 [INFO] IPUIPlugin:80 - create IPUIPlugin
2024-05-05 19:17:51,903 [INFO] IPUIPlugin:80 - create IPUIPlugin
2024-05-05 19:17:51,903 [INFO] IPUIPlugin:80 - create IPUIPlugin
2024-05-05 19:17:51,903 [INFO] IPUIPlugin:80 - create IPUIPlugin
2024-05-05 19:17:51,904 [INFO] IPUIPlugin:80 - create IPUIPlugin
2024-05-05 19:17:51,904 [INFO] IPUIPlugin:80 - create IPUIPlugin
2024-05-05 19:17:51,904 [INFO] IPUIPlugin:80 - create IPUIPlugin
2024-05-05 19:17:51,904 [INFO] IPUIPlugin:80 - create IPUIPlugin
2024-05-05 19:17:51,904 [INFO] IPUIPlugin:80 - create IPUIPlugin
2024-05-05 19:17:51,904 [INFO] IPUIPlugin:80 - create IPUIPlugin
2024-05-05 19:17:51,904 [INFO] IPUIPlugin:80 - create IPUIPlugin
2024-05-05 19:17:51,904 [INFO] IPUIPlugin:80 - create IPUIPlugin
2024-05-05 19:17:51,904 [INFO] IPUIPlugin:80 - create IPUIPlugin
2024-05-05 19:17:51,904 [INFO] IPUIPlugin:80 - create IPUIPlugin
2024-05-05 19:17:51,904 [INFO] IPUIPlugin:80 - create IPUIPlugin
2024-05-05 19:17:51,904 [INFO] IPUIPlugin:80 - create IPUIPlugin
2024-05-05 19:17:51,904 [INFO] IPUIPlugin:80 - create IPUIPlugin
2024-05-05 19:17:51,904 [INFO] IPUIPlugin:80 - create IPUIPlugin
2024-05-05 19:17:51,904 [INFO] IPUIPlugin:80 - create IPUIPlugin
2024-05-05 19:17:51,904 [INFO] IPUIPlugin:80 - create IPUIPlugin
2024-05-05 19:17:51,904 [INFO] IPUIPlugin:80 - create IPUIPlugin
2024-05-05 19:17:51,904 [INFO] IPUIPlugin:80 - create IPUIPlugin
2024-05-05 19:17:51,904 [INFO] IPUIPlugin:80 - create IPUIPlugin
2024-05-05 19:17:51,905 [INFO] IPUIPlugin:80 - create IPUIPlugin
2024-05-05 19:17:51,905 [INFO] IPUIPlugin:80 - create IPUIPlugin
2024-05-05 19:17:51,905 [INFO] IPUIPlugin:80 - create IPUIPlugin
2024-05-05 19:17:51,905 [INFO] IPUIPlugin:80 - create IPUIPlugin
2024-05-05 19:17:51,905 [INFO] IPUIPlugin:80 - create IPUIPlugin
2024-05-05 19:17:51,905 [INFO] IPUIPlugin:80 - create IPUIPlugin
2024-05-05 19:17:51,905 [INFO] IPUIPlugin:80 - create IPUIPlugin
2024-05-05 19:17:51,905 [INFO] IPUIPlugin:80 - create IPUIPlugin
2024-05-05 19:17:51,905 [INFO] IPUIPlugin:80 - create IPUIPlugin
2024-05-05 19:17:51,905 [INFO] IPUIPlugin:80 - create IPUIPlugin
2024-05-05 19:17:51,905 [INFO] IPUIPlugin:80 - create IPUIPlugin
2024-05-05 19:17:51,905 [INFO] IPUIPlugin:80 - create IPUIPlugin
2024-05-05 19:17:51,905 [INFO] IPUIPlugin:80 - create IPUIPlugin
2024-05-05 19:17:51,906 [INFO] IPUIPlugin:80 - create IPUIPlugin
2024-05-05 19:17:51,906 [INFO] IPUIPlugin:80 - create IPUIPlugin
2024-05-05 19:17:51,906 [INFO] IPUIPlugin:80 - create IPUIPlugin
2024-05-05 19:17:51,906 [INFO] IPUIPlugin:80 - create IPUIPlugin
2024-05-05 19:17:51,907 [INFO] IPUIPlugin:80 - create IPUIPlugin
2024-05-05 19:17:51,907 [INFO] IPUIPlugin:80 - create IPUIPlugin
2024-05-05 19:17:51,907 [INFO] IPUIPlugin:80 - create IPUIPlugin
2024-05-05 19:17:51,907 [INFO] IPUIPlugin:80 - create IPUIPlugin
2024-05-05 19:17:51,907 [INFO] IPUIPlugin:80 - create IPUIPlugin
2024-05-05 19:17:51,907 [INFO] IPUIPlugin:80 - create IPUIPlugin
2024-05-05 19:17:51,907 [INFO] IPUIPlugin:80 - create IPUIPlugin
2024-05-05 19:17:51,908 [INFO] IPUIPlugin:80 - create IPUIPlugin
2024-05-05 19:17:51,908 [INFO] IPUIPlugin:80 - create IPUIPlugin
2024-05-05 19:17:51,908 [INFO] IPUIPlugin:80 - create IPUIPlugin
2024-05-05 19:17:51,909 [INFO] IPUIPlugin:80 - create IPUIPlugin
2024-05-05 19:17:51,909 [INFO] IPUIPlugin:80 - create IPUIPlugin
2024-05-05 19:17:51,909 [INFO] IPUIPlugin:80 - create IPUIPlugin
2024-05-05 19:17:51,909 [INFO] IPUIPlugin:80 - create IPUIPlugin
2024-05-05 19:17:51,909 [INFO] IPUIPlugin:80 - create IPUIPlugin
2024-05-05 19:17:51,909 [INFO] IPUIPlugin:80 - create IPUIPlugin
2024-05-05 19:17:51,909 [INFO] IPUIPlugin:80 - create IPUIPlugin
2024-05-05 19:17:51,909 [INFO] IPUIPlugin:80 - create IPUIPlugin
2024-05-05 19:17:51,910 [INFO] IPUIPlugin:80 - create IPUIPlugin
2024-05-05 19:17:51,910 [INFO] IPUIPlugin:80 - create IPUIPlugin
2024-05-05 19:17:51,910 [INFO] IPUIPlugin:80 - create IPUIPlugin
2024-05-05 19:17:51,910 [INFO] IPUIPlugin:80 - create IPUIPlugin
2024-05-05 19:17:51,910 [INFO] IPUIPlugin:80 - create IPUIPlugin
2024-05-05 19:17:51,911 [INFO] IPUIPlugin:80 - create IPUIPlugin
2024-05-05 19:17:51,911 [INFO] IPUIPlugin:80 - create IPUIPlugin
2024-05-05 19:17:51,911 [INFO] IPUIPlugin:80 - create IPUIPlugin
2024-05-05 19:17:51,911 [INFO] IPUIPlugin:80 - create IPUIPlugin
2024-05-05 19:17:51,911 [INFO] IPUIPlugin:80 - create IPUIPlugin
2024-05-05 19:17:51,911 [INFO] IPUIPlugin:80 - create IPUIPlugin
2024-05-05 19:17:51,912 [INFO] IPUIPlugin:80 - create IPUIPlugin
2024-05-05 19:17:51,912 [INFO] IPUIPlugin:80 - create IPUIPlugin
2024-05-05 19:17:51,912 [INFO] IPUIPlugin:80 - create IPUIPlugin
2024-05-05 19:17:51,912 [INFO] IPUIPlugin:80 - create IPUIPlugin
2024-05-05 19:17:51,912 [INFO] IPUIPlugin:80 - create IPUIPlugin
2024-05-05 19:17:51,912 [INFO] IPUIPlugin:80 - create IPUIPlugin
2024-05-05 19:17:51,913 [INFO] IPUIPlugin:80 - create IPUIPlugin
2024-05-05 19:17:51,913 [INFO] IPUIPlugin:80 - create IPUIPlugin
2024-05-05 19:17:51,913 [INFO] IPUIPlugin:80 - create IPUIPlugin
2024-05-05 19:17:51,913 [INFO] IPUIPlugin:80 - create IPUIPlugin
2024-05-05 19:17:51,913 [INFO] IPUIPlugin:80 - create IPUIPlugin
2024-05-05 19:17:51,914 [INFO] IPUIPlugin:80 - create IPUIPlugin
2024-05-05 19:17:51,914 [INFO] IPUIPlugin:80 - create IPUIPlugin
2024-05-05 19:17:51,914 [INFO] IPUIPlugin:80 - create IPUIPlugin
2024-05-05 19:17:51,914 [INFO] IPUIPlugin:80 - create IPUIPlugin
2024-05-05 19:17:51,915 [INFO] IPUIPlugin:80 - create IPUIPlugin
2024-05-05 19:17:51,915 [INFO] IPUIPlugin:80 - create IPUIPlugin
2024-05-05 19:17:51,915 [INFO] IPUIPlugin:80 - create IPUIPlugin
2024-05-05 19:17:51,915 [INFO] IPUIPlugin:80 - create IPUIPlugin
2024-05-05 19:17:51,915 [INFO] IPUIPlugin:80 - create IPUIPlugin
2024-05-05 19:17:51,916 [INFO] IPUIPlugin:80 - create IPUIPlugin
2024-05-05 19:17:51,916 [INFO] IPUIPlugin:80 - create IPUIPlugin
2024-05-05 19:17:51,916 [INFO] IPUIPlugin:80 - create IPUIPlugin
2024-05-05 19:17:51,917 [INFO] IPUIPlugin:80 - create IPUIPlugin
2024-05-05 19:17:51,917 [INFO] IPUIPlugin:80 - create IPUIPlugin
2024-05-05 19:17:51,917 [INFO] IPUIPlugin:80 - create IPUIPlugin
2024-05-05 19:17:51,917 [INFO] IPUIPlugin:80 - create IPUIPlugin
2024-05-05 19:17:51,917 [INFO] IPUIPlugin:80 - create IPUIPlugin
2024-05-05 19:17:51,920 [INFO] ApiDbMcu:508 - Load IP Config File for PDM2PCM
2024-05-05 19:17:51,966 [INFO] CADModel:165 - CPN selected for project levelSTM32H7A3ZIT6Q
2024-05-05 19:17:51,966 [INFO] CADModel:114 - Register for checkConnection events
2024-05-05 19:17:52,012 [INFO] OpenFileManager:343 - Restore cursor
2024-05-05 19:18:05,660 [INFO] NvicIntPanel:101 - NVIC parent = com.st.microxplorer.plugins.ip.nvic.MultiNvicIntPanel[,0,0,0x0,invalid,layout=javax.swing.BoxLayout,alignmentX=0.0,alignmentY=0.0,border=,flags=9,maximumSize=,minimumSize=,preferredSize=]
2024-05-05 19:18:18,331 [INFO] NvicIntPanel:101 - NVIC parent = com.st.microxplorer.plugins.ip.nvic.MultiNvicIntPanel[,0,0,0x0,invalid,layout=javax.swing.BoxLayout,alignmentX=0.0,alignmentY=0.0,border=,flags=9,maximumSize=,minimumSize=,preferredSize=]
2024-05-05 19:18:19,828 [INFO] UtilMem:75 - End SaveConfig() Used Memory: 892088544 Bytes (1073741824)
2024-05-05 19:18:21,792 [INFO] UtilMem:75 - End SaveConfig() Used Memory: 924029392 Bytes (1073741824)
2024-05-05 19:18:23,259 [INFO] LogOutputStream:77 - [STDOUT_REDIRECT] This download action requires prior login. To proceed, please use the 'login' command with your my.st.com account email and password.
2024-05-05 19:18:23,260 [INFO] LogOutputStream:77 - [STDOUT_REDIRECT] Run 'login <email> <password> <remember_me>' for example 'login john.smith@st.com mypassword y'.
2024-05-05 19:18:23,261 [INFO] LogOutputStream:77 - [STDOUT_REDIRECT] If you do not have a my.st.com account, please visit https://st.com website to create one.
2024-05-05 19:19:24,531 [INFO] MainUpdater:2873 - connection check result : 10
2024-05-05 19:19:24,531 [INFO] MainUpdater:2873 - connection check result : 10
2024-05-05 19:19:24,545 [INFO] MicroXplorer:468 - Change Database Path : 
2024-05-05 19:19:24,545 [INFO] MicroXplorer:498 - Change Database Version : DB.6.0.111
2024-05-05 19:19:24,547 [ERROR] ProjectManagerView:394 - 
java.lang.NullPointerException: Cannot invoke "javax.swing.JTextField.getText()" because the return value of "java.util.List.get(int)" is null
	at com.st.microxplorer.plugins.projectmanager.gui.ProjectChoiceTab$10.caretUpdate(ProjectChoiceTab.java:2504) ~[filemanager.jar:?]
	at javax.swing.text.JTextComponent.fireCaretUpdate(JTextComponent.java:412) ~[?:?]
	at javax.swing.text.JTextComponent$MutableCaretEvent.fire(JTextComponent.java:4491) ~[?:?]
	at javax.swing.text.JTextComponent$MutableCaretEvent.stateChanged(JTextComponent.java:4513) ~[?:?]
	at javax.swing.text.DefaultCaret.fireStateChanged(DefaultCaret.java:842) ~[?:?]
	at javax.swing.text.DefaultCaret.changeCaretPosition(DefaultCaret.java:1313) ~[?:?]
	at javax.swing.text.DefaultCaret.handleSetDot(DefaultCaret.java:1212) ~[?:?]
	at javax.swing.text.DefaultCaret.setDot(DefaultCaret.java:1193) ~[?:?]
	at javax.swing.text.DefaultCaret$Handler.insertUpdate(DefaultCaret.java:1789) ~[?:?]
	at javax.swing.text.AbstractDocument.fireInsertUpdate(AbstractDocument.java:226) ~[?:?]
	at javax.swing.text.AbstractDocument.handleInsertString(AbstractDocument.java:780) ~[?:?]
	at javax.swing.text.AbstractDocument.insertString(AbstractDocument.java:739) ~[?:?]
	at javax.swing.text.PlainDocument.insertString(PlainDocument.java:131) ~[?:?]
	at javax.swing.text.AbstractDocument.replace(AbstractDocument.java:698) ~[?:?]
	at javax.swing.text.JTextComponent.setText(JTextComponent.java:1729) ~[?:?]
	at com.st.microxplorer.plugins.projectmanager.gui.ProjectChoiceTab.createHeapStackFields(ProjectChoiceTab.java:944) ~[filemanager.jar:?]
	at com.st.microxplorer.plugins.projectmanager.gui.ProjectChoiceTab.buildLinkSettingsPanel(ProjectChoiceTab.java:3475) ~[filemanager.jar:?]
	at com.st.microxplorer.plugins.projectmanager.gui.ProjectChoiceTab.defineWindowsFields(ProjectChoiceTab.java:1816) ~[filemanager.jar:?]
	at com.st.microxplorer.plugins.projectmanager.gui.ProjectChoiceTab.updateSettings(ProjectChoiceTab.java:544) ~[filemanager.jar:?]
	at com.st.microxplorer.plugins.projectmanager.gui.ProjectSettingsPanel.UpdateDialog(ProjectSettingsPanel.java:245) ~[filemanager.jar:?]
	at com.st.microxplorer.plugins.projectmanager.ProjectManagerView.propertyChange(ProjectManagerView.java:391) ~[filemanager.jar:?]
	at java.beans.PropertyChangeSupport.fire(PropertyChangeSupport.java:343) ~[?:?]
	at java.beans.PropertyChangeSupport.firePropertyChange(PropertyChangeSupport.java:335) ~[?:?]
	at java.beans.PropertyChangeSupport.firePropertyChange(PropertyChangeSupport.java:268) ~[?:?]
	at com.st.microxplorer.util.MXPropertyChangeSupport.firePropertyChange(MXPropertyChangeSupport.java:54) ~[STM32CubeMX.jar:?]
	at com.st.microxplorer.mxsystem.MxSystem.closeConfig(MxSystem.java:900) ~[STM32CubeMX.jar:?]
	at com.st.microxplorer.maingui.MainPanel.closeConfig(MainPanel.java:776) ~[STM32CubeMX.jar:?]
	at com.st.microxplorer.plugins.filemanager.engine.OpenFileManager.loadConfigurationFile(OpenFileManager.java:245) ~[filemanager.jar:?]
	at com.st.microxplorer.plugins.filemanager.engine.MainFileManager.userLoadConfig(MainFileManager.java:315) ~[filemanager.jar:?]
	at com.st.microxplorer.plugins.filemanager.engine.MainFileManager.userLoadConfig(MainFileManager.java:293) ~[filemanager.jar:?]
	at com.st.microxplorer.plugins.filemanager.FileManagerView.getSpecificTask(FileManagerView.java:247) ~[filemanager.jar:?]
	at com.st.stm32cube.common.mx.editor.CubeMxEditor.getMxTabbedPaneInstance(CubeMxEditor.java:1198) ~[com.st.stm32cube.common.mx_6.11.1.202404110753/:?]
	at com.st.stm32cube.common.mx.editor.CubeMxEditor$12$1.createSwingComponent(CubeMxEditor.java:1068) ~[com.st.stm32cube.common.mx_6.11.1.202404110753/:?]
	at com.st.stm32cube.common.mx.oss.core.awtswtbridge.EmbeddedSwingComposite.doComponentCreation(EmbeddedSwingComposite.java:492) ~[com.st.stm32cube.common.mx.oss_6.11.1.202404110753/:?]
	at com.st.stm32cube.common.mx.oss.core.awtswtbridge.EmbeddedSwingComposite$4.run(EmbeddedSwingComposite.java:291) ~[com.st.stm32cube.common.mx.oss_6.11.1.202404110753/:?]
	at com.st.stm32cube.common.mx.oss.core.awtswtbridge.AwtEnvironment$2.run(AwtEnvironment.java:166) ~[com.st.stm32cube.common.mx.oss_6.11.1.202404110753/:?]
	at java.awt.event.InvocationEvent.dispatch(InvocationEvent.java:318) ~[?:?]
	at java.awt.EventQueue.dispatchEventImpl(EventQueue.java:773) ~[?:?]
	at java.awt.EventQueue$4.run(EventQueue.java:720) ~[?:?]
	at java.awt.EventQueue$4.run(EventQueue.java:714) ~[?:?]
	at java.security.AccessController.doPrivileged(AccessController.java:399) ~[?:?]
	at java.security.ProtectionDomain$JavaSecurityAccessImpl.doIntersectionPrivilege(ProtectionDomain.java:86) ~[?:?]
	at java.awt.EventQueue.dispatchEvent(EventQueue.java:742) ~[?:?]
	at java.awt.EventDispatchThread.pumpOneEventForFilters(EventDispatchThread.java:203) ~[?:?]
	at java.awt.EventDispatchThread.pumpEventsForFilter(EventDispatchThread.java:124) ~[?:?]
	at java.awt.EventDispatchThread.pumpEventsForHierarchy(EventDispatchThread.java:113) ~[?:?]
	at java.awt.EventDispatchThread.pumpEvents(EventDispatchThread.java:109) ~[?:?]
	at java.awt.EventDispatchThread.pumpEvents(EventDispatchThread.java:101) ~[?:?]
	at java.awt.EventDispatchThread.run(EventDispatchThread.java:90) ~[?:?]
2024-05-05 19:19:24,549 [WARN] ThirdParty:871 - waiting for thirdparty lock release [close project]
2024-05-05 19:19:24,549 [INFO] ThirdParty:873 - entering critical section [close project]
2024-05-05 19:19:24,549 [INFO] ThirdParty:883 - exiting critical section [close project]
2024-05-05 19:19:24,550 [INFO] PinOutPanel:1561 - setPackage(No Configuration,No Configuration)
2024-05-05 19:19:24,556 [WARN] IpParametersView:151 - Warning: This peripheral hasn't parameters
2024-05-05 19:19:24,561 [WARN] MainPanel:272 - <html><b><center>Warning: This peripheral has no parameters to be configured<br></b></html>
2024-05-05 19:19:24,563 [INFO] UtilMem:75 - Begin LoadConfig() Used Memory: 668184568 Bytes (1073741824)
2024-05-05 19:19:24,565 [INFO] MicroXplorer:468 - Change Database Path : C:/Users/saksh/.stm32cubemx/databases/DB.6.0.100/db/
2024-05-05 19:19:24,565 [INFO] MicroXplorer:498 - Change Database Version : DB.6.0.100
2024-05-05 19:19:26,083 [INFO] OpenFileManager:312 - Change cursor
2024-05-05 19:19:26,090 [INFO] RulesReader:64 - Compatibility file has been processed (297 Rules)
2024-05-05 19:19:26,091 [INFO] Mcu:2021 - Initializing MCU STM32G474R(B-C-E)Tx STM32G474RETx STM32G474RET3
2024-05-05 19:19:28,234 [INFO] Context:663 - Trying to add GPIOservice into a context  which must be forbidden
2024-05-05 19:19:29,101 [INFO] RtosManager:555 - Registered RTOS mode: class=CMSIS, group=RTOS, mode=CMSIS_V1, owner=FREERTOS
2024-05-05 19:19:29,101 [INFO] RtosManager:555 - Registered RTOS mode: class=CMSIS, group=RTOS2, mode=CMSIS_V2, owner=FREERTOS
2024-05-05 19:19:29,102 [INFO] RtosManager:555 - Registered RTOS mode: class=RTOS, group=Core, mode=CMSIS_V1, owner=FREERTOS
2024-05-05 19:19:29,102 [INFO] RtosManager:555 - Registered RTOS mode: class=RTOS, group=Core, mode=CMSIS_V2, owner=FREERTOS
2024-05-05 19:19:29,102 [WARN] ModelIntegratedComponent:184 - Missing modes for component STMicroelectronics:FreeRTOS:0.0.1:STMicroelectronics:RTOS:FreeRTOS:Core:::10.2.0:
2024-05-05 19:19:29,103 [WARN] ModelIntegratedComponent:63 - No mode defined for component null
2024-05-05 19:19:29,103 [WARN] ModelIntegratedComponent:63 - No mode defined for component null
2024-05-05 19:19:29,103 [WARN] ModelIntegratedComponent:63 - No mode defined for component null
2024-05-05 19:19:29,103 [WARN] ModelIntegratedComponent:63 - No mode defined for component null
2024-05-05 19:19:29,103 [WARN] ModelIntegratedComponent:63 - No mode defined for component null
2024-05-05 19:19:29,103 [WARN] ModelIntegratedComponent:63 - No mode defined for component null
2024-05-05 19:19:29,103 [WARN] ModelIntegratedComponent:63 - No mode defined for component null
2024-05-05 19:19:29,103 [WARN] ModelIntegratedComponent:63 - No mode defined for component null
2024-05-05 19:19:29,103 [WARN] ModelIntegratedComponent:63 - No mode defined for component null
2024-05-05 19:19:29,103 [WARN] ModelIntegratedComponent:63 - No mode defined for component null
2024-05-05 19:19:29,103 [WARN] ModelIntegratedComponent:63 - No mode defined for component null
2024-05-05 19:19:29,103 [WARN] ModelIntegratedComponent:63 - No mode defined for component null
2024-05-05 19:19:29,103 [WARN] ModelIntegratedComponent:63 - No mode defined for component null
2024-05-05 19:19:29,103 [WARN] ModelIntegratedComponent:63 - No mode defined for component null
2024-05-05 19:19:29,103 [WARN] ModelIntegratedComponent:63 - No mode defined for component null
2024-05-05 19:19:29,103 [WARN] ModelIntegratedComponent:63 - No mode defined for component null
2024-05-05 19:19:29,103 [WARN] ModelIntegratedComponent:63 - No mode defined for component null
2024-05-05 19:19:29,103 [WARN] ModelIntegratedComponent:63 - No mode defined for component null
2024-05-05 19:19:29,103 [WARN] ModelIntegratedComponent:63 - No mode defined for component null
2024-05-05 19:19:29,103 [WARN] ModelIntegratedComponent:63 - No mode defined for component null
2024-05-05 19:19:29,103 [WARN] ModelIntegratedComponent:63 - No mode defined for component null
2024-05-05 19:19:29,103 [WARN] ModelIntegratedComponent:63 - No mode defined for component null
2024-05-05 19:19:29,103 [WARN] ModelIntegratedComponent:63 - No mode defined for component null
2024-05-05 19:19:29,103 [WARN] ModelIntegratedComponent:63 - No mode defined for component null
2024-05-05 19:19:29,103 [WARN] ModelIntegratedComponent:63 - No mode defined for component null
2024-05-05 19:19:29,103 [WARN] ModelIntegratedComponent:63 - No mode defined for component null
2024-05-05 19:19:29,103 [WARN] ModelIntegratedComponent:63 - No mode defined for component null
2024-05-05 19:19:29,103 [WARN] ModelIntegratedComponent:63 - No mode defined for component null
2024-05-05 19:19:29,103 [WARN] ModelIntegratedComponent:63 - No mode defined for component null
2024-05-05 19:19:29,103 [WARN] ModelIntegratedComponent:63 - No mode defined for component null
2024-05-05 19:19:29,103 [WARN] ModelIntegratedComponent:63 - No mode defined for component null
2024-05-05 19:19:29,103 [WARN] ModelIntegratedComponent:63 - No mode defined for component null
2024-05-05 19:19:29,103 [WARN] ModelIntegratedComponent:63 - No mode defined for component null
2024-05-05 19:19:29,103 [WARN] ModelIntegratedComponent:63 - No mode defined for component null
2024-05-05 19:19:29,242 [INFO] ThirdPartyModel:298 - Start build external matchings
2024-05-05 19:19:30,402 [INFO] ThirdPartyModel:316 - End build external matchings
2024-05-05 19:19:30,421 [INFO] ImportTextPane:194 - (OptionalMessage_ERROR) IP (ADC1) : Parameter (CommonPathInternal) has invalid value (null|null|null|null)
2024-05-05 19:19:30,641 [INFO] UtilMem:75 - End LoadConfig() Used Memory: 728923952 Bytes (1073741824)
2024-05-05 19:19:30,662 [WARN] ThirdParty:833 - waiting for thirdparty lock release [change project]
2024-05-05 19:19:30,662 [INFO] ThirdParty:835 - entering critical section [change project]
2024-05-05 19:19:30,662 [INFO] ThirdParty:1030 - CMSIS Pack Vendor :STMicroelectronics USBPD 4.1
2024-05-05 19:19:30,662 [INFO] ThirdParty:1030 - CMSIS Pack Vendor :STMicroelectronics X-CUBE-GNSS1 6.0.0
2024-05-05 19:19:30,662 [INFO] ThirdParty:1030 - CMSIS Pack Vendor :STMicroelectronics USB_HOST 2.0.0
2024-05-05 19:19:30,662 [INFO] ThirdParty:1030 - CMSIS Pack Vendor :STMicroelectronics FP-SNS-MOTENVWB1 1.4.0
2024-05-05 19:19:30,662 [INFO] ThirdParty:1030 - CMSIS Pack Vendor :STMicroelectronics X-CUBE-AZRTOS-F4 1.1.0
2024-05-05 19:19:30,662 [INFO] ThirdParty:1030 - CMSIS Pack Vendor :STMicroelectronics LIBJPEG 8.0.0
2024-05-05 19:19:30,662 [INFO] ThirdParty:1030 - CMSIS Pack Vendor :STMicroelectronics X-CUBE-SMBUS 2.1.0
2024-05-05 19:19:30,662 [INFO] ThirdParty:1030 - CMSIS Pack Vendor :STMicroelectronics X-CUBE-FREERTOS 1.2.0
2024-05-05 19:19:30,662 [INFO] ThirdParty:1030 - CMSIS Pack Vendor :STMicroelectronics X-CUBE-TOUCHGFX 4.23.1
2024-05-05 19:19:30,662 [INFO] ThirdParty:1030 - CMSIS Pack Vendor :STMicroelectronics X-CUBE-TOUCHGFX 4.23.0
2024-05-05 19:19:30,662 [INFO] ThirdParty:1030 - CMSIS Pack Vendor :STMicroelectronics X-CUBE-BLEMGR 1.2.0
2024-05-05 19:19:30,662 [INFO] ThirdParty:1030 - CMSIS Pack Vendor :STMicroelectronics X-CUBE-TOUCHGFX 4.23.2
2024-05-05 19:19:30,662 [INFO] ThirdParty:1030 - CMSIS Pack Vendor :STMicroelectronics X-CUBE-AZRTOS-F7 1.1.0
2024-05-05 19:19:30,662 [INFO] ThirdParty:1030 - CMSIS Pack Vendor :STMicroelectronics X-CUBE-AZRTOS-L5 2.0.0
2024-05-05 19:19:30,662 [INFO] ThirdParty:1030 - CMSIS Pack Vendor :STMicroelectronics USB_DEVICE 2.0.0
2024-05-05 19:19:30,662 [INFO] ThirdParty:1030 - CMSIS Pack Vendor :STMicroelectronics X-CUBE-MEMS1 9.6.0
2024-05-05 19:19:30,662 [INFO] ThirdParty:1030 - CMSIS Pack Vendor :STMicroelectronics X-CUBE-EEPRMA1 4.2.0
2024-05-05 19:19:30,662 [INFO] ThirdParty:1030 - CMSIS Pack Vendor :STMicroelectronics X-CUBE-NFC6 3.1.0
2024-05-05 19:19:30,662 [INFO] ThirdParty:1030 - CMSIS Pack Vendor :ITTIA_DB I-CUBE-ITTIADB 8.8.0
2024-05-05 19:19:30,662 [INFO] ThirdParty:1030 - CMSIS Pack Vendor :STMicroelectronics FP-SNS-MOTENV1 4.3.0
2024-05-05 19:19:30,662 [INFO] ThirdParty:1030 - CMSIS Pack Vendor :STMicroelectronics FP-SNS-MOTENV1 4.3.2
2024-05-05 19:19:30,662 [INFO] ThirdParty:1030 - CMSIS Pack Vendor :STMicroelectronics FP-SNS-FLIGHT1 5.0.0
2024-05-05 19:19:30,662 [INFO] ThirdParty:1030 - CMSIS Pack Vendor :STMicroelectronics FP-SNS-MOTENV1 4.3.1
2024-05-05 19:19:30,662 [INFO] ThirdParty:1030 - CMSIS Pack Vendor :STMicroelectronics FP-SNS-FLIGHT1 5.0.1
2024-05-05 19:19:30,662 [INFO] ThirdParty:1030 - CMSIS Pack Vendor :STMicroelectronics X-CUBE-BLE1 6.2.3
2024-05-05 19:19:30,662 [INFO] ThirdParty:1030 - CMSIS Pack Vendor :STMicroelectronics X-CUBE-BLE1 6.2.4
2024-05-05 19:19:30,662 [INFO] ThirdParty:1030 - CMSIS Pack Vendor :STMicroelectronics FreeRTOS 0.0.1
2024-05-05 19:19:30,662 [INFO] ThirdParty:1030 - CMSIS Pack Vendor :STMicroelectronics X-CUBE-BLEMGR 2.0.0
2024-05-05 19:19:30,662 [INFO] ThirdParty:1030 - CMSIS Pack Vendor :STMicroelectronics FP-SNS-FLIGHT1 5.0.2
2024-05-05 19:19:30,662 [INFO] ThirdParty:1030 - CMSIS Pack Vendor :STMicroelectronics X-CUBE-NFC4 2.0.4
2024-05-05 19:19:30,662 [INFO] ThirdParty:1030 - CMSIS Pack Vendor :STMicroelectronics X-CUBE-AI 9.0.0
2024-05-05 19:19:30,662 [INFO] ThirdParty:1030 - CMSIS Pack Vendor :STMicroelectronics X-CUBE-AZRTOS-H7 3.1.0
2024-05-05 19:19:30,662 [INFO] ThirdParty:1030 - CMSIS Pack Vendor :STMicroelectronics PDM2PCM 3.3.0
2024-05-05 19:19:30,662 [INFO] ThirdParty:1030 - CMSIS Pack Vendor :STMicroelectronics X-CUBE-TOF1 3.1.0
2024-05-05 19:19:30,662 [INFO] ThirdParty:1030 - CMSIS Pack Vendor :STMicroelectronics X-CUBE-DISPLAY 3.0.0
2024-05-05 19:19:30,662 [INFO] ThirdParty:1030 - CMSIS Pack Vendor :STMicroelectronics X-CUBE-BLE1 7.0.0
2024-05-05 19:19:30,662 [INFO] ThirdParty:1030 - CMSIS Pack Vendor :wolfSSL I-CUBE-wolfSSL 5.5.0
2024-05-05 19:19:30,662 [INFO] ThirdParty:1030 - CMSIS Pack Vendor :STMicroelectronics HAL Drivers 0.0.0
2024-05-05 19:19:30,662 [INFO] ThirdParty:1030 - CMSIS Pack Vendor :STMicroelectronics X-CUBE-TOUCHGFX 4.22.0
2024-05-05 19:19:30,662 [INFO] ThirdParty:1030 - CMSIS Pack Vendor :STMicroelectronics X-CUBE-NFC7 1.0.1
2024-05-05 19:19:30,662 [INFO] ThirdParty:1030 - CMSIS Pack Vendor :STMicroelectronics MBEDTLS 2.14.1
2024-05-05 19:19:30,662 [INFO] ThirdParty:1030 - CMSIS Pack Vendor :STMicroelectronics X-CUBE-NFC7 1.0.0
2024-05-05 19:19:30,662 [INFO] ThirdParty:1030 - CMSIS Pack Vendor :STMicroelectronics X-CUBE-NFC6 3.0.0
2024-05-05 19:19:30,662 [INFO] ThirdParty:1030 - CMSIS Pack Vendor :STMicroelectronics X-CUBE-MEMS1 9.3.0
2024-05-05 19:19:30,662 [INFO] ThirdParty:1030 - CMSIS Pack Vendor :STMicroelectronics X-CUBE-EEPRMA1 4.1.0
2024-05-05 19:19:30,662 [INFO] ThirdParty:1030 - CMSIS Pack Vendor :STMicroelectronics X-CUBE-AI 7.2.0
2024-05-05 19:19:30,662 [INFO] ThirdParty:1030 - CMSIS Pack Vendor :STMicroelectronics X-CUBE-BLEMGR 3.1.0
2024-05-05 19:19:30,662 [INFO] ThirdParty:1030 - CMSIS Pack Vendor :STMicroelectronics FP-SNS-SMARTAG2 1.2.0
2024-05-05 19:19:30,662 [INFO] ThirdParty:1030 - CMSIS Pack Vendor :STMicroelectronics X-CUBE-AZRTOS-WL 2.0.0
2024-05-05 19:19:30,662 [INFO] ThirdParty:1030 - CMSIS Pack Vendor :STMicroelectronics FP-SNS-MOTENV1 5.0.0
2024-05-05 19:19:30,662 [INFO] ThirdParty:1030 - CMSIS Pack Vendor :STMicroelectronics USB_DEVICE 1.0.0
2024-05-05 19:19:30,662 [INFO] ThirdParty:1030 - CMSIS Pack Vendor :STMicroelectronics X-CUBE-AI 8.1.0
2024-05-05 19:19:30,662 [INFO] ThirdParty:1030 - CMSIS Pack Vendor :STMicroelectronics X-CUBE-AZRTOS-L4 2.0.0
2024-05-05 19:19:30,662 [INFO] ThirdParty:1030 - CMSIS Pack Vendor :STMicroelectronics ThreadX 0.0.2
2024-05-05 19:19:30,662 [INFO] ThirdParty:1030 - CMSIS Pack Vendor :WES I-CUBE-Cesium 1.3.0
2024-05-05 19:19:30,662 [INFO] ThirdParty:1030 - CMSIS Pack Vendor :STMicroelectronics lwIP 2.1.2
2024-05-05 19:19:30,662 [INFO] ThirdParty:1030 - CMSIS Pack Vendor :STMicroelectronics X-CUBE-SFXS2LP1 4.0.0
2024-05-05 19:19:30,662 [INFO] ThirdParty:1030 - CMSIS Pack Vendor :STMicroelectronics X-CUBE-BLE2 3.3.0
2024-05-05 19:19:30,662 [INFO] ThirdParty:1030 - CMSIS Pack Vendor :STMicroelectronics X-CUBE-DISPLAY 2.2.0
2024-05-05 19:19:30,662 [INFO] ThirdParty:1030 - CMSIS Pack Vendor :STMicroelectronics X-CUBE-TOF1 3.2.0
2024-05-05 19:19:30,662 [INFO] ThirdParty:1030 - CMSIS Pack Vendor :STMicroelectronics PDM2PCM 3.2.0
2024-05-05 19:19:30,663 [INFO] ThirdParty:1030 - CMSIS Pack Vendor :STMicroelectronics X-CUBE-AZRTOS-H7 3.0.0
2024-05-05 19:19:30,663 [INFO] ThirdParty:1030 - CMSIS Pack Vendor :STMicroelectronics X-CUBE-ISPU 1.0.0
2024-05-05 19:19:30,663 [INFO] ThirdParty:1030 - CMSIS Pack Vendor :STMicroelectronics X-CUBE-ISPU 1.1.0
2024-05-05 19:19:30,663 [INFO] ThirdParty:1030 - CMSIS Pack Vendor :RoweBots I-CUBE-UNISONRTOS 5.5.0-4
2024-05-05 19:19:30,663 [INFO] ThirdParty:1030 - CMSIS Pack Vendor :STMicroelectronics X-CUBE-AZRTOS-H7 2.1.0
2024-05-05 19:19:30,663 [INFO] ThirdParty:1030 - CMSIS Pack Vendor :STMicroelectronics USB_DEVICE 3.0.0
2024-05-05 19:19:30,663 [INFO] ThirdParty:1030 - CMSIS Pack Vendor :STMicroelectronics X-CUBE-TCPP 4.1.0
2024-05-05 19:19:30,663 [INFO] ThirdParty:1030 - CMSIS Pack Vendor :STMicroelectronics X-CUBE-AI 8.0.0
2024-05-05 19:19:30,663 [INFO] ThirdParty:1030 - CMSIS Pack Vendor :STMicroelectronics X-CUBE-AZRTOS-WB 2.0.0
2024-05-05 19:19:30,663 [INFO] ThirdParty:1030 - CMSIS Pack Vendor :STMicroelectronics X-CUBE-FREERTOS 1.0.0
2024-05-05 19:19:30,663 [INFO] ThirdParty:1030 - CMSIS Pack Vendor :STMicroelectronics X-CUBE-FREERTOS 1.0.1
2024-05-05 19:19:30,663 [INFO] ThirdParty:1030 - CMSIS Pack Vendor :STMicroelectronics X-CUBE-TOUCHGFX 4.21.1
2024-05-05 19:19:30,663 [INFO] ThirdParty:1030 - CMSIS Pack Vendor :STMicroelectronics X-CUBE-TOUCHGFX 4.21.3
2024-05-05 19:19:30,663 [INFO] ThirdParty:1030 - CMSIS Pack Vendor :STMicroelectronics X-CUBE-BLEMGR 1.0.0
2024-05-05 19:19:30,663 [INFO] ThirdParty:1030 - CMSIS Pack Vendor :STMicroelectronics X-CUBE-TOUCHGFX 4.21.4
2024-05-05 19:19:30,663 [INFO] ThirdParty:1030 - CMSIS Pack Vendor :STMicroelectronics X-CUBE-MEMS1 9.4.0
2024-05-05 19:19:30,663 [INFO] ThirdParty:1030 - CMSIS Pack Vendor :STMicroelectronics X-CUBE-AI 7.3.0
2024-05-05 19:19:30,663 [INFO] ThirdParty:1030 - CMSIS Pack Vendor :STMicroelectronics X-CUBE-ALGOBUILD 1.3.0
2024-05-05 19:19:30,663 [INFO] ThirdParty:1030 - CMSIS Pack Vendor :STMicroelectronics X-CUBE-AZRTOS-L5 1.1.0
2024-05-05 19:19:30,663 [INFO] ThirdParty:1030 - CMSIS Pack Vendor :STMicroelectronics X-CUBE-AZRTOS-G0 1.1.0
2024-05-05 19:19:30,663 [INFO] ThirdParty:1030 - CMSIS Pack Vendor :STMicroelectronics X-CUBE-AI 8.0.1
2024-05-05 19:19:30,663 [INFO] ThirdParty:1030 - CMSIS Pack Vendor :STMicroelectronics X-CUBE-SAFEA1 1.2.2
2024-05-05 19:19:30,663 [INFO] ThirdParty:1030 - CMSIS Pack Vendor :STMicroelectronics X-CUBE-NFC4 3.0.0
2024-05-05 19:19:30,663 [INFO] ThirdParty:1030 - CMSIS Pack Vendor :SEGGER I-CUBE-embOS 1.2.0
2024-05-05 19:19:30,663 [INFO] ThirdParty:1030 - CMSIS Pack Vendor :STMicroelectronics X-CUBE-SUBG2 5.0.0
2024-05-05 19:19:30,663 [INFO] ThirdParty:1030 - CMSIS Pack Vendor :STMicroelectronics STM32_WPAN 1.0.0
2024-05-05 19:19:30,663 [INFO] ThirdParty:1030 - CMSIS Pack Vendor :STMicroelectronics lwIP 2.0.3
2024-05-05 19:19:30,663 [INFO] ThirdParty:1030 - CMSIS Pack Vendor :STMicroelectronics USB_HOST 1.0.0
2024-05-05 19:19:30,663 [INFO] ThirdParty:1030 - CMSIS Pack Vendor :STMicroelectronics X-CUBE-TOF1 3.3.1
2024-05-05 19:19:30,663 [INFO] ThirdParty:1030 - CMSIS Pack Vendor :STMicroelectronics X-CUBE-AZRTOS-G4 2.0.0
2024-05-05 19:19:30,663 [INFO] ThirdParty:1030 - CMSIS Pack Vendor :STMicroelectronics PDM2PCM 3.1.0
2024-05-05 19:19:30,664 [INFO] ThirdParty:1030 - CMSIS Pack Vendor :STMicroelectronics X-CUBE-TOF1 3.3.0
2024-05-05 19:19:30,664 [INFO] ThirdParty:1030 - CMSIS Pack Vendor :STMicroelectronics FP-ATR-ASTRA1 1.1.1
2024-05-05 19:19:30,664 [INFO] ThirdParty:1030 - CMSIS Pack Vendor :Infineon AIROC-Wi-Fi-Bluetooth-STM32 1.5.1
2024-05-05 19:19:30,664 [INFO] ThirdParty:1030 - CMSIS Pack Vendor :STMicroelectronics X-CUBE-BLEMGR 3.0.0
2024-05-05 19:19:30,664 [INFO] ThirdParty:1030 - CMSIS Pack Vendor :STMicroelectronics X-CUBE-BLEMGR 1.3.0
2024-05-05 19:19:30,664 [INFO] ThirdParty:1030 - CMSIS Pack Vendor :STMicroelectronics FP-SNS-MOTENVWB1 1.3.1
2024-05-05 19:19:30,664 [INFO] ThirdParty:1030 - CMSIS Pack Vendor :STMicroelectronics FP-ATR-SIGFOX1 3.2.0
2024-05-05 19:19:30,664 [INFO] ThirdParty:1030 - CMSIS Pack Vendor :STMicroelectronics X-CUBE-AZRTOS-G4 1.0.0
2024-05-05 19:19:30,664 [INFO] ThirdParty:1030 - CMSIS Pack Vendor :STMicroelectronics X-CUBE-AZRTOS-L4 1.0.0
2024-05-05 19:19:30,664 [INFO] ThirdParty:1030 - CMSIS Pack Vendor :STMicroelectronics X-CUBE-ISPU 2.0.0
2024-05-05 19:19:30,664 [INFO] ThirdParty:1030 - CMSIS Pack Vendor :STMicroelectronics X-CUBE-EEPRMA1 5.1.0
2024-05-05 19:19:30,664 [INFO] ThirdParty:1030 - CMSIS Pack Vendor :STMicroelectronics MBEDTLS 2.16.2
2024-05-05 19:19:30,664 [INFO] ThirdParty:1030 - CMSIS Pack Vendor :emotas I-CUBE-CANOPEN 1.1.2
2024-05-05 19:19:30,664 [INFO] ThirdParty:1030 - CMSIS Pack Vendor :STMicroelectronics X-CUBE-TOUCHGFX 4.20.0
2024-05-05 19:19:30,664 [INFO] ThirdParty:1030 - CMSIS Pack Vendor :STMicroelectronics X-CUBE-MEMS1 10.0.0
2024-05-05 19:19:30,664 [INFO] ThirdParty:1030 - CMSIS Pack Vendor :STMicroelectronics X-CUBE-FREERTOS 1.1.0
2024-05-05 19:19:30,664 [INFO] ThirdParty:1030 - CMSIS Pack Vendor :STMicroelectronics X-CUBE-AZRTOS-WL 1.0.0
2024-05-05 19:19:30,664 [INFO] ThirdParty:1030 - CMSIS Pack Vendor :portGmbH I-Cube-SoM-uGOAL 1.1.0
2024-05-05 19:19:30,664 [INFO] ThirdParty:1030 - CMSIS Pack Vendor :STMicroelectronics X-CUBE-ALS 1.0.1
2024-05-05 19:19:30,664 [INFO] ThirdParty:1030 - CMSIS Pack Vendor :STMicroelectronics X-CUBE-MEMS1 9.5.0
2024-05-05 19:19:30,664 [INFO] ThirdParty:1030 - CMSIS Pack Vendor :STMicroelectronics ThreadX 1.0.0
2024-05-05 19:19:30,664 [INFO] ThirdParty:1030 - CMSIS Pack Vendor :STMicroelectronics X-CUBE-AZRTOS-WB 1.1.0
2024-05-05 19:19:30,664 [INFO] ThirdParty:1030 - CMSIS Pack Vendor :SEGGER I-CUBE-embOS 1.3.1
2024-05-05 19:19:30,664 [INFO] ThirdParty:1030 - CMSIS Pack Vendor :STMicroelectronics X-CUBE-AZRTOS-L5 1.0.0
2024-05-05 19:19:30,664 [INFO] ThirdParty:1030 - CMSIS Pack Vendor :STMicroelectronics X-CUBE-EEPRMA1 3.1.1
2024-05-05 19:19:30,664 [INFO] ThirdParty:1030 - CMSIS Pack Vendor :STMicroelectronics X-CUBE-AZRTOS-H7RS 1.0.0
2024-05-05 19:19:30,664 [INFO] ThirdParty:1030 - CMSIS Pack Vendor :STMicroelectronics FP-ATR-ASTRA1 2.0.0
2024-05-05 19:19:30,664 [INFO] ThirdParty:1030 - CMSIS Pack Vendor :STMicroelectronics X-CUBE-TOF1 3.4.0
2024-05-05 19:19:30,664 [INFO] ThirdParty:1030 - CMSIS Pack Vendor :STMicroelectronics X-CUBE-TOF1 3.4.1
2024-05-05 19:19:30,664 [INFO] ThirdParty:1030 - CMSIS Pack Vendor :STMicroelectronics X-CUBE-AZRTOS-H7 3.2.0
2024-05-05 19:19:30,664 [INFO] ThirdParty:841 - exiting critical section [change project]
2024-05-05 19:19:30,771 [INFO] PinOutPanel:1561 - setPackage(No Configuration,No Configuration)
2024-05-05 19:19:30,771 [INFO] PinOutPanel:1561 - setPackage(STM32G474RETx,LQFP64)
2024-05-05 19:19:30,893 [INFO] UtilMem:75 - Before build in PCC Used Memory: 542474512 Bytes (1073741824)
2024-05-05 19:19:31,044 [INFO] UtilMem:75 - After build in PCC Used Memory: 620069136 Bytes (1073741824)
2024-05-05 19:19:31,058 [INFO] IPUIPlugin:80 - create IPUIPlugin
2024-05-05 19:19:31,058 [INFO] IPUIPlugin:80 - create IPUIPlugin
2024-05-05 19:19:31,058 [INFO] IPUIPlugin:80 - create IPUIPlugin
2024-05-05 19:19:31,058 [INFO] IPUIPlugin:80 - create IPUIPlugin
2024-05-05 19:19:31,058 [INFO] IPUIPlugin:80 - create IPUIPlugin
2024-05-05 19:19:31,058 [INFO] IPUIPlugin:80 - create IPUIPlugin
2024-05-05 19:19:31,058 [INFO] IPUIPlugin:80 - create IPUIPlugin
2024-05-05 19:19:31,058 [INFO] IPUIPlugin:80 - create IPUIPlugin
2024-05-05 19:19:31,058 [INFO] IPUIPlugin:80 - create IPUIPlugin
2024-05-05 19:19:31,058 [INFO] IPUIPlugin:80 - create IPUIPlugin
2024-05-05 19:19:31,058 [INFO] IPUIPlugin:80 - create IPUIPlugin
2024-05-05 19:19:31,058 [INFO] IPUIPlugin:80 - create IPUIPlugin
2024-05-05 19:19:31,058 [INFO] IPUIPlugin:80 - create IPUIPlugin
2024-05-05 19:19:31,058 [INFO] IPUIPlugin:80 - create IPUIPlugin
2024-05-05 19:19:31,058 [INFO] IPUIPlugin:80 - create IPUIPlugin
2024-05-05 19:19:31,058 [INFO] IPUIPlugin:80 - create IPUIPlugin
2024-05-05 19:19:31,058 [INFO] IPUIPlugin:80 - create IPUIPlugin
2024-05-05 19:19:31,058 [INFO] IPUIPlugin:80 - create IPUIPlugin
2024-05-05 19:19:31,058 [INFO] IPUIPlugin:80 - create IPUIPlugin
2024-05-05 19:19:31,058 [INFO] IPUIPlugin:80 - create IPUIPlugin
2024-05-05 19:19:31,058 [INFO] IPUIPlugin:80 - create IPUIPlugin
2024-05-05 19:19:31,058 [INFO] IPUIPlugin:80 - create IPUIPlugin
2024-05-05 19:19:31,058 [INFO] IPUIPlugin:80 - create IPUIPlugin
2024-05-05 19:19:31,058 [INFO] IPUIPlugin:80 - create IPUIPlugin
2024-05-05 19:19:31,059 [INFO] IPUIPlugin:80 - create IPUIPlugin
2024-05-05 19:19:31,059 [INFO] IPUIPlugin:80 - create IPUIPlugin
2024-05-05 19:19:31,059 [INFO] IPUIPlugin:80 - create IPUIPlugin
2024-05-05 19:19:31,059 [INFO] IPUIPlugin:80 - create IPUIPlugin
2024-05-05 19:19:31,059 [INFO] IPUIPlugin:80 - create IPUIPlugin
2024-05-05 19:19:31,059 [INFO] IPUIPlugin:80 - create IPUIPlugin
2024-05-05 19:19:31,059 [INFO] IPUIPlugin:80 - create IPUIPlugin
2024-05-05 19:19:31,059 [INFO] IPUIPlugin:80 - create IPUIPlugin
2024-05-05 19:19:31,060 [INFO] IPUIPlugin:80 - create IPUIPlugin
2024-05-05 19:19:31,060 [INFO] IPUIPlugin:80 - create IPUIPlugin
2024-05-05 19:19:31,060 [INFO] IPUIPlugin:80 - create IPUIPlugin
2024-05-05 19:19:31,060 [INFO] IPUIPlugin:80 - create IPUIPlugin
2024-05-05 19:19:31,060 [INFO] IPUIPlugin:80 - create IPUIPlugin
2024-05-05 19:19:31,060 [INFO] IPUIPlugin:80 - create IPUIPlugin
2024-05-05 19:19:31,060 [INFO] IPUIPlugin:80 - create IPUIPlugin
2024-05-05 19:19:31,060 [INFO] IPUIPlugin:80 - create IPUIPlugin
2024-05-05 19:19:31,060 [INFO] IPUIPlugin:80 - create IPUIPlugin
2024-05-05 19:19:31,060 [INFO] IPUIPlugin:80 - create IPUIPlugin
2024-05-05 19:19:31,060 [INFO] IPUIPlugin:80 - create IPUIPlugin
2024-05-05 19:19:31,060 [INFO] IPUIPlugin:80 - create IPUIPlugin
2024-05-05 19:19:31,061 [INFO] IPUIPlugin:80 - create IPUIPlugin
2024-05-05 19:19:31,061 [INFO] IPUIPlugin:80 - create IPUIPlugin
2024-05-05 19:19:31,061 [INFO] IPUIPlugin:80 - create IPUIPlugin
2024-05-05 19:19:31,061 [INFO] IPUIPlugin:80 - create IPUIPlugin
2024-05-05 19:19:31,061 [INFO] IPUIPlugin:80 - create IPUIPlugin
2024-05-05 19:19:31,061 [INFO] IPUIPlugin:80 - create IPUIPlugin
2024-05-05 19:19:31,061 [INFO] IPUIPlugin:80 - create IPUIPlugin
2024-05-05 19:19:31,061 [INFO] IPUIPlugin:80 - create IPUIPlugin
2024-05-05 19:19:31,062 [INFO] IPUIPlugin:80 - create IPUIPlugin
2024-05-05 19:19:31,062 [INFO] IPUIPlugin:80 - create IPUIPlugin
2024-05-05 19:19:31,062 [INFO] IPUIPlugin:80 - create IPUIPlugin
2024-05-05 19:19:31,062 [INFO] IPUIPlugin:80 - create IPUIPlugin
2024-05-05 19:19:31,062 [INFO] IPUIPlugin:80 - create IPUIPlugin
2024-05-05 19:19:31,062 [INFO] IPUIPlugin:80 - create IPUIPlugin
2024-05-05 19:19:31,063 [INFO] IPUIPlugin:80 - create IPUIPlugin
2024-05-05 19:19:31,063 [INFO] IPUIPlugin:80 - create IPUIPlugin
2024-05-05 19:19:31,063 [INFO] IPUIPlugin:80 - create IPUIPlugin
2024-05-05 19:19:31,063 [INFO] IPUIPlugin:80 - create IPUIPlugin
2024-05-05 19:19:31,063 [INFO] IPUIPlugin:80 - create IPUIPlugin
2024-05-05 19:19:31,063 [INFO] IPUIPlugin:80 - create IPUIPlugin
2024-05-05 19:19:31,063 [INFO] IPUIPlugin:80 - create IPUIPlugin
2024-05-05 19:19:31,064 [INFO] IPUIPlugin:80 - create IPUIPlugin
2024-05-05 19:19:31,064 [INFO] IPUIPlugin:80 - create IPUIPlugin
2024-05-05 19:19:31,064 [INFO] IPUIPlugin:80 - create IPUIPlugin
2024-05-05 19:19:31,064 [INFO] IPUIPlugin:80 - create IPUIPlugin
2024-05-05 19:19:31,064 [INFO] IPUIPlugin:80 - create IPUIPlugin
2024-05-05 19:19:31,065 [INFO] IPUIPlugin:80 - create IPUIPlugin
2024-05-05 19:19:31,065 [INFO] IPUIPlugin:80 - create IPUIPlugin
2024-05-05 19:19:31,065 [INFO] IPUIPlugin:80 - create IPUIPlugin
2024-05-05 19:19:31,065 [INFO] IPUIPlugin:80 - create IPUIPlugin
2024-05-05 19:19:31,066 [INFO] IPUIPlugin:80 - create IPUIPlugin
2024-05-05 19:19:31,066 [INFO] IPUIPlugin:80 - create IPUIPlugin
2024-05-05 19:19:31,066 [INFO] IPUIPlugin:80 - create IPUIPlugin
2024-05-05 19:19:31,105 [INFO] CADModel:165 - CPN selected for project levelSTM32G474RET3
2024-05-05 19:19:31,105 [INFO] CADModel:114 - Register for checkConnection events
2024-05-05 19:19:31,157 [INFO] OpenFileManager:343 - Restore cursor
2024-05-05 19:19:45,772 [INFO] NvicIntPanel:101 - NVIC parent = com.st.microxplorer.plugins.ip.nvic.MultiNvicIntPanel[,0,0,0x0,invalid,layout=javax.swing.BoxLayout,alignmentX=0.0,alignmentY=0.0,border=,flags=9,maximumSize=,minimumSize=,preferredSize=]
2024-05-05 19:19:46,716 [INFO] UtilMem:75 - End SaveConfig() Used Memory: 588264384 Bytes (1073741824)
2024-05-05 19:19:48,273 [INFO] UtilMem:75 - End SaveConfig() Used Memory: 615005120 Bytes (1073741824)
2024-05-05 19:19:49,676 [INFO] UtilMem:75 - End SaveConfig() Used Memory: 666907584 Bytes (1073741824)
2024-05-05 19:19:49,749 [INFO] BlockDiagram:2759 - set Specific Code input for plugin: RCC
2024-05-05 19:19:49,749 [INFO] BlockDiagram:2759 - set Specific Code input for plugin: USART
2024-05-05 19:19:49,749 [INFO] BlockDiagram:2759 - set Specific Code input for plugin: TIM1_8G4
2024-05-05 19:19:49,749 [INFO] BlockDiagram:2759 - set Specific Code input for plugin: TIM1_8G4
2024-05-05 19:19:49,749 [INFO] BlockDiagram:2759 - set Specific Code input for plugin: SYS
2024-05-05 19:19:49,749 [INFO] BlockDiagram:2759 - set Specific Code input for plugin: ADC
2024-05-05 19:19:49,749 [INFO] BlockDiagram:2759 - set Specific Code input for plugin: NVIC
2024-05-05 19:19:49,750 [INFO] BlockDiagram:2759 - set Specific Code input for plugin: GPIO
2024-05-05 19:19:49,750 [INFO] CodeGenerator:807 - code generatio: config db path: C:/Users/saksh/.stm32cubemx/databases/DB.6.0.100/db/
2024-05-05 19:19:49,813 [INFO] CodeEngine:255 - oldGeneratedFile, D:\Download\DeleteThis\CurrentController\MXTmpFiles\license.tmp_save
2024-05-05 19:19:49,892 [INFO] CodeEngine:279 - Generated code: D:\Download\DeleteThis\CurrentController\MXTmpFiles\license.tmp
2024-05-05 19:19:49,932 [INFO] CodeEngine:255 - oldGeneratedFile, D:\Download\DeleteThis\CurrentController\MXTmpFiles\gpio.tmp_save
2024-05-05 19:19:49,997 [INFO] CodeEngine:279 - Generated code: D:\Download\DeleteThis\CurrentController\MXTmpFiles\gpio.tmp
2024-05-05 19:19:50,100 [INFO] CodeEngine:255 - oldGeneratedFile, D:\Download\DeleteThis\CurrentController\Core\Src\stm32g4xx_it.c_save
2024-05-05 19:19:50,192 [INFO] CodeEngine:279 - Generated code: D:\Download\DeleteThis\CurrentController\Core\Src\stm32g4xx_it.c
2024-05-05 19:19:50,201 [INFO] CodeEngine:255 - oldGeneratedFile, D:\Download\DeleteThis\CurrentController\Core\Inc\stm32g4xx_it.h_save
2024-05-05 19:19:50,245 [INFO] CodeEngine:279 - Generated code: D:\Download\DeleteThis\CurrentController\Core\Inc\stm32g4xx_it.h
2024-05-05 19:19:50,257 [INFO] CodeEngine:255 - oldGeneratedFile, D:\Download\DeleteThis\CurrentController\Core\Src\stm32g4xx_hal_msp.c_save
2024-05-05 19:19:50,339 [INFO] CodeEngine:279 - Generated code: D:\Download\DeleteThis\CurrentController\Core\Src\stm32g4xx_hal_msp.c
2024-05-05 19:19:50,342 [INFO] CodeEngine:255 - oldGeneratedFile, D:\Download\DeleteThis\CurrentController\MXTmpFiles\system.tmp_save
2024-05-05 19:19:50,382 [INFO] CodeEngine:279 - Generated code: D:\Download\DeleteThis\CurrentController\MXTmpFiles\system.tmp
2024-05-05 19:19:50,394 [INFO] CodeEngine:311 - oldGeneratedFile, D:\Download\DeleteThis\CurrentController\Core\Inc\stm32g4xx_hal_conf.h_save
2024-05-05 19:19:50,450 [INFO] CodeEngine:335 - Generated code: D:\Download\DeleteThis\CurrentController\Core\Inc\stm32g4xx_hal_conf.h
2024-05-05 19:19:50,469 [WARN] IPConfigManager:2982 - Warning: the RefConfig RCC_CommonPeriphClockConfig is not available in your config.xml file
2024-05-05 19:19:50,471 [WARN] IPConfigManager:3513 - IP not found : TIM
2024-05-05 19:19:50,471 [WARN] CodeGenerator:3951 - IP not found : null
2024-05-05 19:19:50,483 [INFO] CodeEngine:255 - oldGeneratedFile, D:\Download\DeleteThis\CurrentController\Core\Inc\main.h_save
2024-05-05 19:19:50,564 [INFO] CodeEngine:279 - Generated code: D:\Download\DeleteThis\CurrentController\Core\Inc\main.h
2024-05-05 19:19:50,574 [INFO] CodeEngine:255 - oldGeneratedFile, D:\Download\DeleteThis\CurrentController\Core\Src\main.c_save
2024-05-05 19:19:50,666 [INFO] CodeEngine:279 - Generated code: D:\Download\DeleteThis\CurrentController\Core\Src\main.c
2024-05-05 19:19:50,893 [INFO] ProjectBuilder:3163 - Time for Copy HAL[1] : 108mS.
2024-05-05 19:19:50,894 [INFO] ProjectBuilder:4736 - Project Generator version: 4.3.0-B58
2024-05-05 19:19:50,934 [INFO] ConfigFileManager:1503 - The Die is : DIE469
2024-05-05 19:19:50,935 [INFO] ApiDbMcu:508 - Load IP Config File for FATFS
2024-05-05 19:19:50,937 [INFO] ApiDbMcu:508 - Load IP Config File for FREERTOS
2024-05-05 19:19:50,940 [INFO] ApiDbMcu:508 - Load IP Config File for USBPD
2024-05-05 19:19:50,941 [INFO] ApiDbMcu:508 - Load IP Config File for USB_Device
2024-05-05 19:19:51,336 [INFO] ProjectBuilder:5002 - Time for Generating toolchain IDE Files: 442mS.
2024-05-05 19:19:51,336 [INFO] ProjectBuilder:3034 - Time for Copy CMSIS : 0mS.
2024-05-05 19:19:51,337 [INFO] ProjectBuilder:3034 - Time for Copy CMSIS : 0mS.
