2024-11-11 23:22:13,338 [INFO] Activator:176 - 


2024-11-11 23:22:13,342 [INFO] Activator:177 - !SESSION log4j initialized
2024-11-11 23:22:18,403 [INFO] LogOutputStream:77 - [STDOUT_REDIRECT] 
2024-11-11 23:22:21,781 [INFO] ApplicationProperties:184 - Using Application install path: C:\ST\STM32CubeIDE_1.10.1\STM32CubeIDE\plugins\com.st.stm32cube.common.mx_6.11.1.202404110753
2024-11-11 23:22:21,797 [INFO] DbMcusXml:78 - Set database path to: C:\ST\STM32CubeIDE_1.10.1\STM32CubeIDE\plugins\com.st.stm32cube.common.mx_6.11.1.202404110753\\db\/mcu/
2024-11-11 23:22:21,798 [INFO] ApiDb:274 - Set plugin database path to: C:\ST\STM32CubeIDE_1.10.1\STM32CubeIDE\plugins\com.st.stm32cube.common.mx_6.11.1.202404110753\\db\/plugins/boardmanager/
2024-11-11 23:22:21,798 [WARN] ApiDb:259 - Overriding images path with different value:  => C:\ST\STM32CubeIDE_1.10.1\STM32CubeIDE\plugins\com.st.stm32cube.common.mx_6.11.1.202404110753\\db\/plugins/mcufinder/images/
2024-11-11 23:22:21,807 [INFO] ApiDb:250 - Set database path to: C:\Users\saksh\.stmcufinder\plugins\mcufinder//mcu/
2024-11-11 23:22:21,808 [INFO] DbMcusAds:125 - Set database path to: C:\Users\saksh\.stmcufinder\plugins\mcufinder//mcu/
2024-11-11 23:22:21,809 [INFO] CrossReferenceDbSqlite:203 - Set database path to: C:\Users\saksh\.stmcufinder\plugins\mcufinder//mcu/cs/
2024-11-11 23:22:21,904 [INFO] RulesReader:64 - Compatibility file has been processed (297 Rules)
2024-11-11 23:22:21,984 [INFO] DbMcusXml:78 - Set database path to: C:\ST\STM32CubeIDE_1.10.1\STM32CubeIDE\plugins\com.st.stm32cube.common.mx_6.11.1.202404110753\\db\/mcu/
2024-11-11 23:22:21,984 [INFO] ApiDb:274 - Set plugin database path to: C:\ST\STM32CubeIDE_1.10.1\STM32CubeIDE\plugins\com.st.stm32cube.common.mx_6.11.1.202404110753\\db\/plugins/boardmanager/
2024-11-11 23:22:21,984 [INFO] ApiDb:261 - Set plugin images path to: C:\ST\STM32CubeIDE_1.10.1\STM32CubeIDE\plugins\com.st.stm32cube.common.mx_6.11.1.202404110753\\db\/plugins/mcufinder/images/
2024-11-11 23:22:21,984 [WARN] DbFile:41 - Overriding database path with different value: C:\Users\saksh\.stmcufinder\plugins\mcufinder/ => C:\Users\saksh\.stmcufinder\plugins\mcufinder
2024-11-11 23:22:21,984 [INFO] ApiDb:250 - Set database path to: C:\Users\saksh\.stmcufinder\plugins\mcufinder//mcu/
2024-11-11 23:22:21,984 [WARN] DbFile:41 - Overriding database path with different value: C:\Users\saksh\.stmcufinder\plugins\mcufinder/ => C:\Users\saksh\.stmcufinder\plugins\mcufinder
2024-11-11 23:22:21,984 [INFO] DbMcusAds:125 - Set database path to: C:\Users\saksh\.stmcufinder\plugins\mcufinder//mcu/
2024-11-11 23:22:21,984 [WARN] DbFile:41 - Overriding database path with different value: C:\Users\saksh\.stmcufinder\plugins\mcufinder/ => C:\Users\saksh\.stmcufinder\plugins\mcufinder
2024-11-11 23:22:21,985 [WARN] DbFile:41 - Overriding database path with different value: C:\Users\saksh\.stmcufinder\plugins\mcufinder/ => C:\Users\saksh\.stmcufinder\plugins\mcufinder
2024-11-11 23:22:21,985 [INFO] CrossReferenceDbSqlite:203 - Set database path to: C:\Users\saksh\.stmcufinder\plugins\mcufinder//mcu/cs/
2024-11-11 23:22:22,049 [INFO] MainPanel:264 - HeapMemory: 268435456
2024-11-11 23:22:22,120 [INFO] DbMcusXml:78 - Set database path to: C:\ST\STM32CubeIDE_1.10.1\STM32CubeIDE\plugins\com.st.stm32cube.common.mx_6.11.1.202404110753\\db\/mcu/
2024-11-11 23:22:22,120 [INFO] ApiDb:274 - Set plugin database path to: C:\ST\STM32CubeIDE_1.10.1\STM32CubeIDE\plugins\com.st.stm32cube.common.mx_6.11.1.202404110753\\db\/plugins/boardmanager/
2024-11-11 23:22:22,120 [INFO] ApiDb:261 - Set plugin images path to: C:\ST\STM32CubeIDE_1.10.1\STM32CubeIDE\plugins\com.st.stm32cube.common.mx_6.11.1.202404110753\\db\/plugins/mcufinder/images/
2024-11-11 23:22:22,120 [WARN] DbFile:41 - Overriding database path with different value: C:\Users\saksh\.stmcufinder\plugins\mcufinder/ => C:\Users\saksh\.stmcufinder\plugins\mcufinder
2024-11-11 23:22:22,120 [INFO] ApiDb:250 - Set database path to: C:\Users\saksh\.stmcufinder\plugins\mcufinder//mcu/
2024-11-11 23:22:22,120 [WARN] DbFile:41 - Overriding database path with different value: C:\Users\saksh\.stmcufinder\plugins\mcufinder/ => C:\Users\saksh\.stmcufinder\plugins\mcufinder
2024-11-11 23:22:22,120 [INFO] DbMcusAds:125 - Set database path to: C:\Users\saksh\.stmcufinder\plugins\mcufinder//mcu/
2024-11-11 23:22:22,120 [WARN] DbFile:41 - Overriding database path with different value: C:\Users\saksh\.stmcufinder\plugins\mcufinder/ => C:\Users\saksh\.stmcufinder\plugins\mcufinder
2024-11-11 23:22:22,120 [WARN] DbFile:41 - Overriding database path with different value: C:\Users\saksh\.stmcufinder\plugins\mcufinder/ => C:\Users\saksh\.stmcufinder\plugins\mcufinder
2024-11-11 23:22:22,120 [INFO] CrossReferenceDbSqlite:203 - Set database path to: C:\Users\saksh\.stmcufinder\plugins\mcufinder//mcu/cs/
2024-11-11 23:22:22,133 [INFO] ApplicationProperties:184 - Using Application install path: C:\ST\STM32CubeIDE_1.10.1\STM32CubeIDE\plugins\com.st.stm32cube.common.mx_6.11.1.202404110753
2024-11-11 23:22:22,134 [INFO] PluginManage:196 - Search for loadable plugins [exclusion list=, ]
2024-11-11 23:22:22,134 [INFO] PluginManage:310 - Check plugin analytics
2024-11-11 23:22:22,242 [INFO] AnalyticsPlugin:253 - Accepted Software Licenses: 
2024-11-11 23:22:22,242 [INFO] AnalyticsPlugin:255 - Accepted CMSIS Pack Licenses: 
2024-11-11 23:22:22,242 [INFO] AnalyticsPlugin:257 - Accepted Firmware Licenses: FW.H7.1.10.0,FW.G4.1.5.0
2024-11-11 23:22:22,244 [INFO] PluginManage:359 - Loaded plugin analytics (category:tool,tabindex:-1)
2024-11-11 23:22:22,244 [INFO] PluginManage:310 - Check plugin cadmodel
2024-11-11 23:22:22,256 [INFO] CADModel:105 - Init CAD model plugin
2024-11-11 23:22:22,256 [INFO] PluginManage:359 - Loaded plugin cadmodel (category:power,tabindex:5)
2024-11-11 23:22:22,256 [INFO] PluginManage:310 - Check plugin clock
2024-11-11 23:22:22,273 [INFO] PluginManage:359 - Loaded plugin clock (category:base,tabindex:2)
2024-11-11 23:22:22,273 [INFO] PluginManage:310 - Check plugin ddr
2024-11-11 23:22:22,276 [INFO] PluginManage:359 - Loaded plugin ddr (category:tool,tabindex:6)
2024-11-11 23:22:22,276 [INFO] PluginManage:310 - Check plugin filemanager
2024-11-11 23:22:22,380 [INFO] PluginManage:359 - Loaded plugin filemanager (category:base,tabindex:10)
2024-11-11 23:22:22,381 [INFO] PluginManage:310 - Check plugin ipmanager
2024-11-11 23:22:22,391 [INFO] PluginManage:359 - Loaded plugin ipmanager (category:base,tabindex:5)
2024-11-11 23:22:22,392 [INFO] PluginManage:310 - Check plugin lpbam
2024-11-11 23:22:22,408 [INFO] PluginManage:359 - Loaded plugin lpbam (category:base,tabindex:0)
2024-11-11 23:22:22,408 [INFO] PluginManage:310 - Check plugin memorymap
2024-11-11 23:22:22,425 [INFO] PluginManage:359 - Loaded plugin memorymap (category:base,tabindex:4)
2024-11-11 23:22:22,425 [INFO] PluginManage:310 - Check plugin pinoutandconfiguration
2024-11-11 23:22:22,442 [INFO] PluginManage:359 - Loaded plugin pinoutandconfiguration (category:base,tabindex:1)
2024-11-11 23:22:22,442 [INFO] PluginManage:310 - Check plugin pinoutconfig
2024-11-11 23:22:22,517 [WARN] SupportedApi:132 - Cannot load RTOS API schema: s4s-elt-must-match.1: The content of 'definitions' must match (annotation?, (simpleType | complexType)?, (unique | key | keyref)*)). A problem was found starting at: attribute.
2024-11-11 23:22:22,616 [INFO] PluginManage:359 - Loaded plugin pinoutconfig (category:base,tabindex:0)
2024-11-11 23:22:22,616 [INFO] PluginManage:310 - Check plugin power
2024-11-11 23:22:22,631 [INFO] PluginManage:359 - Loaded plugin power (category:power,tabindex:4)
2024-11-11 23:22:22,631 [INFO] PluginManage:310 - Check plugin projectmanager
2024-11-11 23:22:22,642 [INFO] PluginManage:359 - Loaded plugin projectmanager (category:projectmanager,tabindex:3)
2024-11-11 23:22:22,642 [INFO] PluginManage:310 - Check plugin thirdparty
2024-11-11 23:22:22,861 [INFO] PluginManage:359 - Loaded plugin thirdparty (category:base,tabindex:-1)
2024-11-11 23:22:22,861 [WARN] IntegrityCheckThread:84 - waiting for thirdparty lock release [integrity check]
2024-11-11 23:22:22,861 [INFO] PluginManage:310 - Check plugin tools
2024-11-11 23:22:22,861 [INFO] IntegrityCheckThread:86 - entering critical section [integrity check]
2024-11-11 23:22:22,861 [INFO] ThirdPartyUpdaterWithRetryManager:70 - Updater plugin not ready yet. [1/15]
2024-11-11 23:22:22,884 [INFO] PluginManage:359 - Loaded plugin tools (category:base,tabindex:7)
2024-11-11 23:22:22,884 [INFO] PluginManage:310 - Check plugin tutovideos
2024-11-11 23:22:23,041 [INFO] PluginManage:359 - Loaded plugin tutovideos (category:base,tabindex:-1)
2024-11-11 23:22:23,041 [INFO] PluginManage:310 - Check plugin updater
2024-11-11 23:22:23,051 [INFO] PluginManage:359 - Loaded plugin updater (category:base,tabindex:12)
2024-11-11 23:22:23,051 [INFO] PluginManage:310 - Check plugin userauth
2024-11-11 23:22:23,057 [INFO] UserAuth:114 - Init User Auth plugin
2024-11-11 23:22:23,057 [INFO] PluginManage:359 - Loaded plugin userauth (category:base,tabindex:14)
2024-11-11 23:22:23,057 [INFO] PluginManage:283 - PluginManage : Loaded plugins [17]
2024-11-11 23:22:23,233 [INFO] PinOutPanel:1561 - setPackage(No Configuration,No Configuration)
2024-11-11 23:22:23,286 [INFO] CADModel:165 - CPN selected for project level
2024-11-11 23:22:23,286 [INFO] CADModel:114 - Register for checkConnection events
2024-11-11 23:22:23,307 [INFO] IPUIPlugin:80 - create IPUIPlugin
2024-11-11 23:22:23,307 [INFO] PluginManager:220 - loadIPPluginJar : add adc
2024-11-11 23:22:23,331 [INFO] IPUIPlugin:80 - create IPUIPlugin
2024-11-11 23:22:23,331 [INFO] PluginManager:220 - loadIPPluginJar : add aes
2024-11-11 23:22:23,356 [INFO] IPUIPlugin:80 - create IPUIPlugin
2024-11-11 23:22:23,356 [INFO] PluginManager:220 - loadIPPluginJar : add can
2024-11-11 23:22:23,372 [INFO] IPUIPlugin:80 - create IPUIPlugin
2024-11-11 23:22:23,372 [INFO] PluginManager:220 - loadIPPluginJar : add comp
2024-11-11 23:22:23,403 [INFO] IPUIPlugin:80 - create IPUIPlugin
2024-11-11 23:22:23,403 [INFO] PluginManager:220 - loadIPPluginJar : add cryp
2024-11-11 23:22:23,423 [INFO] IPUIPlugin:80 - create IPUIPlugin
2024-11-11 23:22:23,423 [INFO] PluginManager:220 - loadIPPluginJar : add dfsdm
2024-11-11 23:22:23,435 [INFO] IPUIPlugin:80 - create IPUIPlugin
2024-11-11 23:22:23,436 [INFO] PluginManager:220 - loadIPPluginJar : add dma
2024-11-11 23:22:23,465 [INFO] IPUIPlugin:80 - create IPUIPlugin
2024-11-11 23:22:23,465 [INFO] PluginManager:220 - loadIPPluginJar : add dma3
2024-11-11 23:22:23,496 [INFO] IPUIPlugin:80 - create IPUIPlugin
2024-11-11 23:22:23,496 [INFO] PluginManager:220 - loadIPPluginJar : add extmemmanager
2024-11-11 23:22:23,513 [INFO] IPUIPlugin:80 - create IPUIPlugin
2024-11-11 23:22:23,513 [INFO] PluginManager:220 - loadIPPluginJar : add fatfs
2024-11-11 23:22:23,547 [INFO] IPUIPlugin:80 - create IPUIPlugin
2024-11-11 23:22:23,548 [INFO] PluginManager:220 - loadIPPluginJar : add fmc
2024-11-11 23:22:23,560 [INFO] IPUIPlugin:80 - create IPUIPlugin
2024-11-11 23:22:23,560 [INFO] PluginManager:220 - loadIPPluginJar : add freertos
2024-11-11 23:22:23,573 [INFO] IPUIPlugin:80 - create IPUIPlugin
2024-11-11 23:22:23,573 [INFO] PluginManager:220 - loadIPPluginJar : add genericplugin
2024-11-11 23:22:23,630 [INFO] IPUIPlugin:80 - create IPUIPlugin
2024-11-11 23:22:23,630 [INFO] PluginManager:220 - loadIPPluginJar : add gfxmmu
2024-11-11 23:22:23,709 [INFO] IPUIPlugin:80 - create IPUIPlugin
2024-11-11 23:22:23,709 [INFO] PluginManager:220 - loadIPPluginJar : add gic
2024-11-11 23:22:23,719 [INFO] IPUIPlugin:80 - create IPUIPlugin
2024-11-11 23:22:23,719 [INFO] PluginManager:220 - loadIPPluginJar : add gpio
2024-11-11 23:22:23,778 [INFO] IPUIPlugin:80 - create IPUIPlugin
2024-11-11 23:22:23,778 [INFO] PluginManager:220 - loadIPPluginJar : add gtzc
2024-11-11 23:22:23,797 [INFO] IPUIPlugin:80 - create IPUIPlugin
2024-11-11 23:22:23,797 [INFO] PluginManager:220 - loadIPPluginJar : add hash
2024-11-11 23:22:23,832 [INFO] IPUIPlugin:80 - create IPUIPlugin
2024-11-11 23:22:23,832 [INFO] PluginManager:220 - loadIPPluginJar : add i2c
2024-11-11 23:22:23,857 [INFO] IPUIPlugin:80 - create IPUIPlugin
2024-11-11 23:22:23,857 [INFO] PluginManager:220 - loadIPPluginJar : add i2s
2024-11-11 23:22:23,883 [INFO] IPUIPlugin:80 - create IPUIPlugin
2024-11-11 23:22:23,883 [INFO] PluginManager:220 - loadIPPluginJar : add i3c
2024-11-11 23:22:23,952 [INFO] IPUIPlugin:80 - create IPUIPlugin
2024-11-11 23:22:23,952 [INFO] PluginManager:220 - loadIPPluginJar : add ipddr
2024-11-11 23:22:24,009 [INFO] IPUIPlugin:80 - create IPUIPlugin
2024-11-11 23:22:24,009 [INFO] PluginManager:220 - loadIPPluginJar : add linkedlist
2024-11-11 23:22:24,033 [INFO] IPUIPlugin:80 - create IPUIPlugin
2024-11-11 23:22:24,033 [INFO] PluginManager:220 - loadIPPluginJar : add lorawan
2024-11-11 23:22:24,058 [INFO] IPUIPlugin:80 - create IPUIPlugin
2024-11-11 23:22:24,059 [INFO] PluginManager:220 - loadIPPluginJar : add ltdc
2024-11-11 23:22:24,069 [INFO] IPUIPlugin:80 - create IPUIPlugin
2024-11-11 23:22:24,070 [INFO] PluginManager:220 - loadIPPluginJar : add mdma
2024-11-11 23:22:24,079 [INFO] IPUIPlugin:80 - create IPUIPlugin
2024-11-11 23:22:24,079 [INFO] PluginManager:220 - loadIPPluginJar : add nvic
2024-11-11 23:22:24,105 [INFO] IPUIPlugin:80 - create IPUIPlugin
2024-11-11 23:22:24,105 [INFO] PluginManager:220 - loadIPPluginJar : add opamp
2024-11-11 23:22:24,149 [INFO] IPUIPlugin:80 - create IPUIPlugin
2024-11-11 23:22:24,149 [INFO] PluginManager:220 - loadIPPluginJar : add openamp
2024-11-11 23:22:24,178 [INFO] IPUIPlugin:80 - create IPUIPlugin
2024-11-11 23:22:24,178 [INFO] PluginManager:220 - loadIPPluginJar : add pdm2pcm
2024-11-11 23:22:24,190 [INFO] IPUIPlugin:80 - create IPUIPlugin
2024-11-11 23:22:24,191 [INFO] PluginManager:220 - loadIPPluginJar : add plateformsettings
2024-11-11 23:22:24,208 [INFO] IPUIPlugin:80 - create IPUIPlugin
2024-11-11 23:22:24,208 [INFO] PluginManager:220 - loadIPPluginJar : add quadspi
2024-11-11 23:22:24,216 [INFO] IPUIPlugin:80 - create IPUIPlugin
2024-11-11 23:22:24,216 [INFO] PluginManager:220 - loadIPPluginJar : add resmgrutility
2024-11-11 23:22:24,250 [INFO] IPUIPlugin:80 - create IPUIPlugin
2024-11-11 23:22:24,250 [INFO] PluginManager:220 - loadIPPluginJar : add sai
2024-11-11 23:22:24,275 [INFO] IPUIPlugin:80 - create IPUIPlugin
2024-11-11 23:22:24,275 [INFO] PluginManager:220 - loadIPPluginJar : add spi
2024-11-11 23:22:24,324 [INFO] IPUIPlugin:80 - create IPUIPlugin
2024-11-11 23:22:24,324 [INFO] PluginManager:220 - loadIPPluginJar : add stm32_wpan
2024-11-11 23:22:24,340 [INFO] IPUIPlugin:80 - create IPUIPlugin
2024-11-11 23:22:24,340 [INFO] PluginManager:220 - loadIPPluginJar : add tim
2024-11-11 23:22:24,379 [INFO] IPUIPlugin:80 - create IPUIPlugin
2024-11-11 23:22:24,379 [INFO] PluginManager:220 - loadIPPluginJar : add touchsensing
2024-11-11 23:22:24,405 [INFO] IPUIPlugin:80 - create IPUIPlugin
2024-11-11 23:22:24,405 [INFO] PluginManager:220 - loadIPPluginJar : add tracer_emb
2024-11-11 23:22:24,428 [INFO] IPUIPlugin:80 - create IPUIPlugin
2024-11-11 23:22:24,428 [INFO] PluginManager:220 - loadIPPluginJar : add ts
2024-11-11 23:22:24,451 [INFO] IPUIPlugin:80 - create IPUIPlugin
2024-11-11 23:22:24,451 [INFO] PluginManager:220 - loadIPPluginJar : add tsc
2024-11-11 23:22:24,472 [INFO] IPUIPlugin:80 - create IPUIPlugin
2024-11-11 23:22:24,472 [INFO] PluginManager:220 - loadIPPluginJar : add ucpd
2024-11-11 23:22:24,505 [INFO] IPUIPlugin:80 - create IPUIPlugin
2024-11-11 23:22:24,506 [INFO] PluginManager:220 - loadIPPluginJar : add usart
2024-11-11 23:22:24,536 [INFO] IPUIPlugin:80 - create IPUIPlugin
2024-11-11 23:22:24,536 [INFO] PluginManager:220 - loadIPPluginJar : add usbx
2024-11-11 23:22:24,644 [INFO] CADModel:165 - CPN selected for project level
2024-11-11 23:22:24,644 [INFO] CADModel:114 - Register for checkConnection events
2024-11-11 23:22:24,644 [FATAL] Updater:308 - Updater called before beeing initialized
2024-11-11 23:22:24,644 [ERROR] CADModel:125 - Updater not yet initialized, retry later 
2024-11-11 23:22:24,758 [INFO] CADModel:165 - CPN selected for project level
2024-11-11 23:22:24,759 [INFO] CADModel:114 - Register for checkConnection events
2024-11-11 23:22:24,759 [FATAL] Updater:308 - Updater called before beeing initialized
2024-11-11 23:22:24,759 [ERROR] CADModel:125 - Updater not yet initialized, retry later 
2024-11-11 23:22:24,762 [FATAL] Updater:308 - Updater called before beeing initialized
2024-11-11 23:22:24,824 [FATAL] Updater:308 - Updater called before beeing initialized
2024-11-11 23:22:24,833 [INFO] DbMcusAds:53 - JSON generation date=Thu May 16 14:52:00 IST 2024 (1715851320667)
2024-11-11 23:22:24,833 [FATAL] Updater:308 - Updater called before beeing initialized
2024-11-11 23:22:24,891 [WARN] DetailPanel:346 - Failed to get advertising image, set to default
2024-11-11 23:22:24,953 [FATAL] Updater:308 - Updater called before beeing initialized
2024-11-11 23:22:24,969 [FATAL] Updater:308 - Updater called before beeing initialized
2024-11-11 23:22:24,969 [FATAL] Updater:308 - Updater called before beeing initialized
2024-11-11 23:22:24,969 [WARN] DetailPanel:346 - Failed to get advertising image, set to default
2024-11-11 23:22:24,969 [FATAL] Updater:308 - Updater called before beeing initialized
2024-11-11 23:22:25,025 [ERROR] Updater:1120 - MainUpdater not yet initialized. External WinMGr cannot be set.
2024-11-11 23:22:25,033 [INFO] Updater:1056 - Updater Version found : 6.11.1
2024-11-11 23:22:25,049 [INFO] ApplicationProperties:184 - Using Application install path: C:\ST\STM32CubeIDE_1.10.1\STM32CubeIDE\plugins\com.st.stm32cube.common.mx_6.11.1.202404110753
2024-11-11 23:22:25,862 [INFO] ThirdPartyUpdaterWithRetryManager:70 - Updater plugin not ready yet. [2/15]
2024-11-11 23:22:26,620 [ERROR] LogOutputStream:75 - [STDERR_REDIRECT] Nov 11, 2024 11:22:26 PM java.util.prefs.WindowsPreferences <init>
2024-11-11 23:22:26,620 [ERROR] LogOutputStream:75 - [STDERR_REDIRECT] WARNING: Could not open/create prefs root node Software\JavaSoft\Prefs at root 0xffffffff80000002. Windows RegCreateKeyEx(...) returned error code 5.
2024-11-11 23:22:26,620 [ERROR] LogOutputStream:75 - [STDERR_REDIRECT] 
2024-11-11 23:22:27,133 [INFO] MainUpdater:2873 - connection check result : 10
2024-11-11 23:22:27,135 [INFO] MainUpdater:290 - Updater Check For Update Now.
2024-11-11 23:22:27,135 [INFO] MicroXplorer:498 - Change Database Version : DB.6.0.111
2024-11-11 23:22:27,151 [INFO] McuFinderGlobals:63 - Set McuFinder mode to 2 (CubeIDE integrated)
2024-11-11 23:22:27,151 [INFO] UserAuth:179 - activating auth plugin
2024-11-11 23:22:27,154 [INFO] UserAuth:415 - Internet connection configuration mode: 1
2024-11-11 23:22:27,178 [INFO] JxBrowserEngine:152 - Initiate JxBrowser Engine with user profile folder
2024-11-11 23:22:27,319 [INFO] CheckServerUpdateThread:120 - End of CheckServer Thread
2024-11-11 23:22:29,028 [WARN] PackLoader:240 - Cannot read IP mode file for STMicroelectronics.FP-SNS-MOTENVWB1.1.4.0
2024-11-11 23:22:29,041 [WARN] PackLoader:240 - Cannot read IP mode file for STMicroelectronics.X-CUBE-SMBUS.2.1.0
2024-11-11 23:22:29,053 [WARN] PackLoader:240 - Cannot read IP mode file for STMicroelectronics.X-CUBE-WB05N.1.1.0
2024-11-11 23:22:29,064 [WARN] PackLoader:240 - Cannot read IP mode file for STMicroelectronics.X-CUBE-TOUCHGFX.4.23.1
2024-11-11 23:22:29,072 [WARN] PackLoader:240 - Cannot read IP mode file for STMicroelectronics.X-CUBE-TOUCHGFX.4.23.0
2024-11-11 23:22:29,081 [WARN] PackLoader:240 - Cannot read IP mode file for STMicroelectronics.X-CUBE-TOUCHGFX.4.23.2
2024-11-11 23:22:29,108 [WARN] PackLoader:240 - Cannot read IP mode file for STMicroelectronics.X-CUBE-AZRTOS-F7.1.1.0
2024-11-11 23:22:29,120 [ERROR] RealEvaluatedCondition:428 - Found unsupported composite condition: GROUP='STM32_MetaDataManager' CLASS='Data Exchange'
2024-11-11 23:22:29,120 [ERROR] RealEvaluatedCondition:428 - Found unsupported composite condition: CLASS='Data Exchange' GROUP='STM32_MetaDataManager'
2024-11-11 23:22:29,121 [WARN] PackLoader:240 - Cannot read IP mode file for STMicroelectronics.FP-SNS-MOTENV1.4.3.0
2024-11-11 23:22:29,134 [WARN] PackLoader:240 - Cannot read IP mode file for STMicroelectronics.FP-SNS-MOTENV1.4.3.2
2024-11-11 23:22:29,145 [WARN] PackLoader:240 - Cannot read IP mode file for STMicroelectronics.FP-SNS-FLIGHT1.5.0.0
2024-11-11 23:22:29,155 [ERROR] RealEvaluatedCondition:428 - Found unsupported composite condition: CLASS='Data Exchange' GROUP='STM32_MetaDataManager'
2024-11-11 23:22:29,155 [ERROR] RealEvaluatedCondition:428 - Found unsupported composite condition: CLASS='Data Exchange' GROUP='STM32_MetaDataManager'
2024-11-11 23:22:29,156 [WARN] PackLoader:240 - Cannot read IP mode file for STMicroelectronics.FP-SNS-MOTENV1.4.3.1
2024-11-11 23:22:29,166 [WARN] PackLoader:240 - Cannot read IP mode file for STMicroelectronics.FP-SNS-FLIGHT1.5.0.1
2024-11-11 23:22:29,178 [WARN] PackLoader:240 - Cannot read IP mode file for STMicroelectronics.X-CUBE-BLE1.6.2.3
2024-11-11 23:22:29,225 [WARN] PackLoader:240 - Cannot read IP mode file for STMicroelectronics.X-CUBE-MEMS1.11.0.0
2024-11-11 23:22:29,314 [WARN] PackLoader:240 - Cannot read IP mode file for STMicroelectronics.X-CUBE-BLE1.6.2.4
2024-11-11 23:22:29,326 [WARN] PackLoader:240 - Cannot read IP mode file for STMicroelectronics.FP-SNS-FLIGHT1.5.0.2
2024-11-11 23:22:29,338 [WARN] PackLoader:240 - Cannot read IP mode file for STMicroelectronics.X-CUBE-TOF1.3.1.0
2024-11-11 23:22:29,352 [WARN] PackLoader:240 - Cannot read IP mode file for STMicroelectronics.X-CUBE-DISPLAY.3.0.0
2024-11-11 23:22:29,365 [WARN] PackLoader:240 - Cannot read IP mode file for STMicroelectronics.X-CUBE-BLE1.7.0.0
2024-11-11 23:22:29,377 [WARN] PackLoader:240 - Cannot read IP mode file for STMicroelectronics.X-CUBE-NFC10.1.0.0
2024-11-11 23:22:29,399 [WARN] PackLoader:240 - Cannot read IP mode file for STMicroelectronics.X-CUBE-TOUCHGFX.4.22.0
2024-11-11 23:22:29,451 [WARN] PackLoader:240 - Cannot read IP mode file for STMicroelectronics.X-CUBE-MEMS1.9.3.0
2024-11-11 23:22:29,565 [WARN] PackLoader:240 - Cannot read IP mode file for STMicroelectronics.X-CUBE-AI.7.2.0
2024-11-11 23:22:29,581 [WARN] PackLoader:240 - Cannot read IP mode file for STMicroelectronics.X-CUBE-BLEMGR.3.1.0
2024-11-11 23:22:29,598 [WARN] PackLoader:240 - Cannot read IP mode file for STMicroelectronics.FP-SNS-SMARTAG2.1.2.0
2024-11-11 23:22:29,621 [INFO] LogOutputStream:77 - [STDOUT_REDIRECT] 1 : Invalid condition id : UX_CORESTACK_Condition cause : null
2024-11-11 23:22:29,621 [INFO] LogOutputStream:77 - [STDOUT_REDIRECT] 1 : Invalid condition id : UX_CORESTACK_Condition cause : null
2024-11-11 23:22:29,623 [INFO] LogOutputStream:77 - [STDOUT_REDIRECT] 1 : Invalid condition id : UX_CORESTACK_Condition cause : null
2024-11-11 23:22:29,623 [INFO] LogOutputStream:77 - [STDOUT_REDIRECT] 1 : Invalid condition id : UX_CORESTACK_Condition cause : null
2024-11-11 23:22:29,625 [INFO] LogOutputStream:77 - [STDOUT_REDIRECT] 1 : Invalid condition id : UX_CORESTACK_Condition cause : null
2024-11-11 23:22:29,630 [WARN] PackLoader:240 - Cannot read IP mode file for STMicroelectronics.X-CUBE-AZRTOS-WL.2.0.0
2024-11-11 23:22:29,651 [WARN] PackLoader:240 - Cannot read IP mode file for STMicroelectronics.FP-SNS-MOTENV1.5.0.0
2024-11-11 23:22:29,663 [WARN] PackLoader:240 - Cannot read IP mode file for wolfSSL.I-CUBE-wolfMQTT.1.19.0
2024-11-11 23:22:29,680 [WARN] PackLoader:240 - Cannot read IP mode file for WES.I-CUBE-Cesium.1.3.0
2024-11-11 23:22:29,695 [WARN] PackLoader:240 - Cannot read IP mode file for STMicroelectronics.X-CUBE-BLE2.3.3.0
2024-11-11 23:22:29,709 [WARN] PackLoader:240 - Cannot read IP mode file for STMicroelectronics.X-CUBE-DISPLAY.2.2.0
2024-11-11 23:22:29,725 [WARN] PackLoader:240 - Cannot read IP mode file for STMicroelectronics.X-CUBE-TOF1.3.2.0
2024-11-11 23:22:29,743 [WARN] PackLoader:240 - Cannot read IP mode file for STMicroelectronics.X-CUBE-ISPU.1.0.0
2024-11-11 23:22:29,758 [WARN] PackLoader:240 - Cannot read IP mode file for STMicroelectronics.X-CUBE-NFC9.1.0.0
2024-11-11 23:22:29,780 [WARN] PackLoader:240 - Cannot read IP mode file for STMicroelectronics.X-CUBE-AZRTOS-H7.2.1.0
2024-11-11 23:22:29,797 [WARN] PackLoader:240 - Cannot read IP mode file for STMicroelectronics.X-CUBE-TCPP.4.1.0
2024-11-11 23:22:29,816 [WARN] PackLoader:240 - Cannot read IP mode file for STMicroelectronics.X-CUBE-TOUCHGFX.4.21.1
2024-11-11 23:22:29,829 [WARN] PackLoader:240 - Cannot read IP mode file for STMicroelectronics.X-CUBE-TOUCHGFX.4.21.3
2024-11-11 23:22:29,840 [WARN] PackLoader:240 - Cannot read IP mode file for STMicroelectronics.X-CUBE-TOUCHGFX.4.21.4
2024-11-11 23:22:29,880 [WARN] PackLoader:240 - Cannot read IP mode file for STMicroelectronics.X-CUBE-MEMS1.9.4.0
2024-11-11 23:22:29,937 [WARN] PackLoader:240 - Cannot read IP mode file for STMicroelectronics.X-CUBE-AI.7.3.0
2024-11-11 23:22:29,949 [WARN] PackLoader:240 - Cannot read IP mode file for STMicroelectronics.X-CUBE-ALGOBUILD.1.3.0
2024-11-11 23:22:29,972 [WARN] PackLoader:240 - Cannot read IP mode file for STMicroelectronics.X-CUBE-AZRTOS-G0.1.1.0
2024-11-11 23:22:29,992 [WARN] PackLoader:240 - Cannot read IP mode file for STMicroelectronics.X-CUBE-SAFEA1.1.2.2
2024-11-11 23:22:30,009 [WARN] PackLoader:240 - Cannot read IP mode file for STMicroelectronics.X-CUBE-NFC4.3.0.0
2024-11-11 23:22:30,038 [WARN] PackLoader:240 - Cannot read IP mode file for SEGGER.I-CUBE-embOS.1.2.0
2024-11-11 23:22:30,065 [WARN] PackLoader:240 - Cannot read IP mode file for EmbeddedOffice.I-CUBE-FS-RTOS.1.0.1
2024-11-11 23:22:30,066 [ERROR] ConditionMgr:805 - Attr not supported : Dmpu
2024-11-11 23:22:30,066 [ERROR] ConditionMgr:805 - Attr not supported : Dmpu
2024-11-11 23:22:30,066 [ERROR] ConditionMgr:805 - Attr not supported : Dmpu
2024-11-11 23:22:30,066 [ERROR] ConditionMgr:805 - Attr not supported : Dmpu
2024-11-11 23:22:30,066 [ERROR] ConditionMgr:805 - Attr not supported : Dmpu
2024-11-11 23:22:30,066 [ERROR] ConditionMgr:805 - Attr not supported : Dmpu
2024-11-11 23:22:30,066 [ERROR] ConditionMgr:805 - Attr not supported : Dmpu
2024-11-11 23:22:30,066 [ERROR] ConditionMgr:805 - Attr not supported : Dmpu
2024-11-11 23:22:30,066 [ERROR] ConditionMgr:805 - Attr not supported : Dmpu
2024-11-11 23:22:30,066 [ERROR] ConditionMgr:805 - Attr not supported : Dmpu
2024-11-11 23:22:30,066 [ERROR] ConditionMgr:805 - Attr not supported : Dmpu
2024-11-11 23:22:30,066 [ERROR] ConditionMgr:805 - Attr not supported : Dmpu
2024-11-11 23:22:30,066 [ERROR] ConditionMgr:805 - Attr not supported : Dmpu
2024-11-11 23:22:30,066 [ERROR] ConditionMgr:805 - Attr not supported : Dmpu
2024-11-11 23:22:30,066 [ERROR] ConditionMgr:805 - Attr not supported : Dmpu
2024-11-11 23:22:30,066 [ERROR] ConditionMgr:805 - Attr not supported : Dmpu
2024-11-11 23:22:30,066 [ERROR] ConditionMgr:805 - Attr not supported : Dmpu
2024-11-11 23:22:30,066 [ERROR] ConditionMgr:805 - Attr not supported : Dmpu
2024-11-11 23:22:30,066 [ERROR] ConditionMgr:805 - Attr not supported : Dmpu
2024-11-11 23:22:30,066 [ERROR] ConditionMgr:805 - Attr not supported : Dmpu
2024-11-11 23:22:30,066 [ERROR] ConditionMgr:805 - Attr not supported : Dmpu
2024-11-11 23:22:30,066 [ERROR] ConditionMgr:805 - Attr not supported : Dmpu
2024-11-11 23:22:30,066 [ERROR] ConditionMgr:805 - Attr not supported : Dmpu
2024-11-11 23:22:30,066 [ERROR] ConditionMgr:805 - Attr not supported : Dmpu
2024-11-11 23:22:30,066 [ERROR] ConditionMgr:805 - Attr not supported : Dmpu
2024-11-11 23:22:30,066 [ERROR] ConditionMgr:805 - Attr not supported : Dmpu
2024-11-11 23:22:30,066 [ERROR] ConditionMgr:805 - Attr not supported : Dmpu
2024-11-11 23:22:30,066 [ERROR] ConditionMgr:805 - Attr not supported : Dmpu
2024-11-11 23:22:30,066 [ERROR] ConditionMgr:805 - Attr not supported : Dmpu
2024-11-11 23:22:30,066 [ERROR] ConditionMgr:805 - Attr not supported : Dmpu
2024-11-11 23:22:30,066 [ERROR] ConditionMgr:805 - Attr not supported : Dmpu
2024-11-11 23:22:30,066 [ERROR] ConditionMgr:805 - Attr not supported : Dmpu
2024-11-11 23:22:30,066 [ERROR] ConditionMgr:805 - Attr not supported : Dmpu
2024-11-11 23:22:30,067 [ERROR] ConditionMgr:805 - Attr not supported : Dmpu
2024-11-11 23:22:30,067 [ERROR] ConditionMgr:805 - Attr not supported : Dmpu
2024-11-11 23:22:30,067 [ERROR] ConditionMgr:805 - Attr not supported : Dmpu
2024-11-11 23:22:30,067 [ERROR] ConditionMgr:805 - Attr not supported : Dmpu
2024-11-11 23:22:30,067 [ERROR] ConditionMgr:805 - Attr not supported : Dmpu
2024-11-11 23:22:30,067 [ERROR] ConditionMgr:805 - Attr not supported : Dmpu
2024-11-11 23:22:30,067 [ERROR] ConditionMgr:805 - Attr not supported : Dmpu
2024-11-11 23:22:30,067 [ERROR] ConditionMgr:805 - Attr not supported : Dmpu
2024-11-11 23:22:30,067 [ERROR] ConditionMgr:805 - Attr not supported : Dmpu
2024-11-11 23:22:30,067 [ERROR] ConditionMgr:805 - Attr not supported : Dmpu
2024-11-11 23:22:30,067 [ERROR] ConditionMgr:805 - Attr not supported : Dmpu
2024-11-11 23:22:30,067 [ERROR] ConditionMgr:805 - Attr not supported : Dmpu
2024-11-11 23:22:30,067 [ERROR] ConditionMgr:805 - Attr not supported : Dmpu
2024-11-11 23:22:30,067 [ERROR] ConditionMgr:805 - Attr not supported : Dmpu
2024-11-11 23:22:30,067 [ERROR] ConditionMgr:805 - Attr not supported : Dmpu
2024-11-11 23:22:30,067 [ERROR] ConditionMgr:805 - Attr not supported : Dmpu
2024-11-11 23:22:30,067 [ERROR] ConditionMgr:805 - Attr not supported : Dmpu
2024-11-11 23:22:30,067 [ERROR] ConditionMgr:805 - Attr not supported : Dmpu
2024-11-11 23:22:30,067 [ERROR] ConditionMgr:805 - Attr not supported : Dmpu
2024-11-11 23:22:30,067 [ERROR] ConditionMgr:805 - Attr not supported : Dmpu
2024-11-11 23:22:30,067 [ERROR] ConditionMgr:805 - Attr not supported : Dmpu
2024-11-11 23:22:30,067 [ERROR] ConditionMgr:805 - Attr not supported : Dmpu
2024-11-11 23:22:30,067 [ERROR] ConditionMgr:805 - Attr not supported : Dmpu
2024-11-11 23:22:30,067 [ERROR] ConditionMgr:805 - Attr not supported : Dmpu
2024-11-11 23:22:30,067 [ERROR] ConditionMgr:805 - Attr not supported : Dmpu
2024-11-11 23:22:30,067 [ERROR] ConditionMgr:805 - Attr not supported : Dmpu
2024-11-11 23:22:30,067 [ERROR] ConditionMgr:805 - Attr not supported : Dmpu
2024-11-11 23:22:30,067 [ERROR] ConditionMgr:805 - Attr not supported : Dmpu
2024-11-11 23:22:30,067 [ERROR] ConditionMgr:805 - Attr not supported : Dmpu
2024-11-11 23:22:30,067 [ERROR] ConditionMgr:805 - Attr not supported : Dmpu
2024-11-11 23:22:30,067 [ERROR] ConditionMgr:805 - Attr not supported : Dmpu
2024-11-11 23:22:30,078 [WARN] PackLoader:240 - Cannot read IP mode file for STMicroelectronics.X-CUBE-BLEMGR.3.0.0
2024-11-11 23:22:30,090 [WARN] PackLoader:240 - Cannot read IP mode file for STMicroelectronics.X-CUBE-BLEMGR.1.3.0
2024-11-11 23:22:30,101 [WARN] PackLoader:240 - Cannot read IP mode file for RealThread.X-CUBE-RT-Thread_Nano.4.1.1
2024-11-11 23:22:30,111 [WARN] PackLoader:240 - Cannot read IP mode file for STMicroelectronics.FP-ATR-SIGFOX1.3.2.0
2024-11-11 23:22:30,122 [WARN] PackLoader:240 - Cannot read IP mode file for STMicroelectronics.X-CUBE-EEPRMA1.5.1.0
2024-11-11 23:22:30,132 [WARN] PackLoader:240 - Cannot read IP mode file for emotas.I-CUBE-CANOPEN.1.1.2
2024-11-11 23:22:30,143 [WARN] PackLoader:240 - Cannot read IP mode file for STMicroelectronics.X-CUBE-TOUCHGFX.4.20.0
2024-11-11 23:22:30,173 [WARN] PackLoader:240 - Cannot read IP mode file for STMicroelectronics.X-CUBE-MEMS1.9.5.0
2024-11-11 23:22:30,263 [WARN] PackLoader:240 - Cannot read IP mode file for SEGGER.I-CUBE-embOS.1.3.1
2024-11-11 23:22:30,288 [WARN] PackLoader:240 - Cannot read IP mode file for STMicroelectronics.X-CUBE-ALGOBUILD.1.4.0
2024-11-11 23:22:30,301 [WARN] PackLoader:240 - Cannot read IP mode file for STMicroelectronics.X-CUBE-AI.9.1.0
2024-11-11 23:22:30,313 [WARN] PackLoader:240 - Cannot read IP mode file for STMicroelectronics.X-CUBE-GNSS1.6.0.0
2024-11-11 23:22:30,338 [WARN] PackLoader:240 - Cannot read IP mode file for STMicroelectronics.X-CUBE-AZRTOS-F4.1.1.0
2024-11-11 23:22:30,355 [WARN] PackLoader:240 - Cannot read IP mode file for STMicroelectronics.X-CUBE-ISPU.2.1.0
2024-11-11 23:22:30,370 [WARN] PackLoader:240 - Cannot read IP mode file for STMicroelectronics.X-CUBE-FREERTOS.1.2.0
2024-11-11 23:22:30,399 [WARN] PackLoader:240 - Cannot read IP mode file for STMicroelectronics.X-CUBE-BLEMGR.1.2.0
2024-11-11 23:22:30,429 [WARN] PackLoader:240 - Cannot read IP mode file for STMicroelectronics.X-CUBE-AZRTOS-L5.2.0.0
2024-11-11 23:22:30,467 [WARN] PackLoader:240 - Cannot read IP mode file for STMicroelectronics.X-CUBE-MEMS1.9.6.0
2024-11-11 23:22:30,547 [WARN] PackLoader:240 - Cannot read IP mode file for STMicroelectronics.X-CUBE-EEPRMA1.4.2.0
2024-11-11 23:22:30,564 [WARN] PackLoader:240 - Cannot read IP mode file for STMicroelectronics.X-CUBE-NFC6.3.1.0
2024-11-11 23:22:30,578 [WARN] PackLoader:240 - Cannot read IP mode file for ITTIA_DB.I-CUBE-ITTIADB.8.8.0
2024-11-11 23:22:30,592 [WARN] PackLoader:240 - Cannot read IP mode file for STMicroelectronics.X-CUBE-BLEMGR.2.0.0
2024-11-11 23:22:30,603 [WARN] PackLoader:240 - Cannot read IP mode file for STMicroelectronics.X-CUBE-DPower.1.2.0
2024-11-11 23:22:30,613 [WARN] PackLoader:240 - Cannot read IP mode file for STMicroelectronics.X-CUBE-NFC4.2.0.4
2024-11-11 23:22:30,624 [WARN] PackLoader:240 - Cannot read IP mode file for STMicroelectronics.X-CUBE-AI.9.0.0
2024-11-11 23:22:30,642 [WARN] ConditionMgr:438 - getConditionDescription Invalid condition id : UX DEVICE CLASS RTOS Condition cause : null
2024-11-11 23:22:30,642 [WARN] ConditionMgr:438 - getConditionDescription Invalid condition id : UX DEVICE CLASS RTOS Condition cause : null
2024-11-11 23:22:30,643 [WARN] PackLoader:240 - Cannot read IP mode file for STMicroelectronics.X-CUBE-AZRTOS-H7.3.1.0
2024-11-11 23:22:30,645 [WARN] ConditionMgr:1039 - genDependencies : Invalid condition id : UX DEVICE CLASS RTOS Condition cause : null
2024-11-11 23:22:30,645 [WARN] ConditionMgr:1039 - genDependencies : Invalid condition id : UX DEVICE CLASS RTOS Condition cause : null
2024-11-11 23:22:30,645 [WARN] ConditionMgr:1039 - genDependencies : Invalid condition id : UX DEVICE CLASS RTOS Condition cause : null
2024-11-11 23:22:30,645 [WARN] ConditionMgr:1039 - genDependencies : Invalid condition id : UX DEVICE CLASS RTOS Condition cause : null
2024-11-11 23:22:30,645 [WARN] ConditionMgr:1039 - genDependencies : Invalid condition id : UX DEVICE CLASS RTOS Condition cause : null
2024-11-11 23:22:30,654 [WARN] PackLoader:240 - Cannot read IP mode file for wolfSSL.I-CUBE-wolfSSL.5.5.0
2024-11-11 23:22:30,663 [WARN] PackLoader:240 - Cannot read IP mode file for STMicroelectronics.X-CUBE-NFC7.1.0.1
2024-11-11 23:22:30,673 [WARN] PackLoader:240 - Cannot read IP mode file for STMicroelectronics.X-CUBE-NFC7.1.0.0
2024-11-11 23:22:30,683 [WARN] PackLoader:240 - Cannot read IP mode file for wolfSSL.I-CUBE-wolfTPM.3.2.0
2024-11-11 23:22:30,695 [WARN] PackLoader:240 - Cannot read IP mode file for STMicroelectronics.X-CUBE-NFC6.3.0.0
2024-11-11 23:22:30,705 [WARN] PackLoader:240 - Cannot read IP mode file for STMicroelectronics.X-CUBE-EEPRMA1.4.1.0
2024-11-11 23:22:30,713 [WARN] PackLoader:240 - Cannot read IP mode file for STMicroelectronics.X-CUBE-AI.8.1.0
2024-11-11 23:22:30,730 [WARN] ConditionMgr:438 - getConditionDescription Invalid condition id : LAN8742 Phy interface Condition cause : null
2024-11-11 23:22:30,731 [WARN] PackLoader:240 - Cannot read IP mode file for STMicroelectronics.X-CUBE-AZRTOS-L4.2.0.0
2024-11-11 23:22:30,731 [WARN] ConditionMgr:1039 - genDependencies : Invalid condition id : LAN8742 Phy interface Condition cause : null
2024-11-11 23:22:30,731 [WARN] ConditionMgr:1039 - genDependencies : Invalid condition id : LAN8742 Phy interface Condition cause : null
2024-11-11 23:22:30,731 [WARN] ConditionMgr:1039 - genDependencies : Invalid condition id : LAN8742 Phy interface Condition cause : null
2024-11-11 23:22:30,741 [WARN] PackLoader:240 - Cannot read IP mode file for STMicroelectronics.X-CUBE-SFXS2LP1.4.0.0
2024-11-11 23:22:30,758 [WARN] PackLoader:240 - Cannot read IP mode file for STMicroelectronics.X-CUBE-AZRTOS-H7.3.0.0
2024-11-11 23:22:30,768 [WARN] PackLoader:240 - Cannot read IP mode file for STMicroelectronics.X-CUBE-ISPU.1.1.0
2024-11-11 23:22:30,790 [WARN] PackLoader:240 - Cannot read IP mode file for STMicroelectronics.X-CUBE-AZRTOS-H7.3.3.0
2024-11-11 23:22:30,803 [WARN] PackLoader:240 - Cannot read IP mode file for RoweBots.I-CUBE-UNISONRTOS.5.5.0-4
2024-11-11 23:22:30,815 [WARN] PackLoader:240 - Cannot read IP mode file for STMicroelectronics.X-CUBE-AI.8.0.0
2024-11-11 23:22:30,829 [WARN] PackLoader:240 - Cannot read IP mode file for STMicroelectronics.X-CUBE-IPS.3.0.0
2024-11-11 23:22:30,846 [WARN] ConditionMgr:438 - getConditionDescription Invalid condition id : UX DEVICE CLASS RTOS Condition cause : null
2024-11-11 23:22:30,846 [WARN] ConditionMgr:438 - getConditionDescription Invalid condition id : UX DEVICE CLASS RTOS Condition cause : null
2024-11-11 23:22:30,846 [WARN] PackLoader:240 - Cannot read IP mode file for STMicroelectronics.X-CUBE-AZRTOS-WB.2.0.0
2024-11-11 23:22:30,847 [WARN] ConditionMgr:1039 - genDependencies : Invalid condition id : UX DEVICE CLASS RTOS Condition cause : null
2024-11-11 23:22:30,847 [WARN] ConditionMgr:1039 - genDependencies : Invalid condition id : UX DEVICE CLASS RTOS Condition cause : null
2024-11-11 23:22:30,847 [WARN] ConditionMgr:1039 - genDependencies : Invalid condition id : UX DEVICE CLASS RTOS Condition cause : null
2024-11-11 23:22:30,847 [WARN] ConditionMgr:1039 - genDependencies : Invalid condition id : UX DEVICE CLASS RTOS Condition cause : null
2024-11-11 23:22:30,847 [WARN] ConditionMgr:1039 - genDependencies : Invalid condition id : UX DEVICE CLASS RTOS Condition cause : null
2024-11-11 23:22:30,856 [WARN] PackLoader:240 - Cannot read IP mode file for STMicroelectronics.X-CUBE-FREERTOS.1.0.0
2024-11-11 23:22:30,864 [WARN] PackLoader:240 - Cannot read IP mode file for STMicroelectronics.X-CUBE-FREERTOS.1.0.1
2024-11-11 23:22:30,872 [WARN] PackLoader:240 - Cannot read IP mode file for STMicroelectronics.X-CUBE-GNSS1.7.0.0
2024-11-11 23:22:30,881 [WARN] PackLoader:240 - Cannot read IP mode file for STMicroelectronics.X-CUBE-BLEMGR.1.0.0
2024-11-11 23:22:30,891 [WARN] PackLoader:240 - Cannot read IP mode file for STMicroelectronics.FP-SNS-STBOX1.2.0.0
2024-11-11 23:22:30,907 [WARN] PackLoader:240 - Cannot read IP mode file for STMicroelectronics.X-CUBE-AZRTOS-L5.1.1.0
2024-11-11 23:22:30,917 [WARN] PackLoader:240 - Cannot read IP mode file for STMicroelectronics.X-CUBE-AI.8.0.1
2024-11-11 23:22:30,928 [WARN] PackLoader:240 - Cannot read IP mode file for STMicroelectronics.X-CUBE-SUBG2.5.0.0
2024-11-11 23:22:30,946 [WARN] PackLoader:240 - Cannot read IP mode file for STMicroelectronics.X-CUBE-TOF1.3.3.1
2024-11-11 23:22:30,966 [WARN] PackLoader:240 - Cannot read IP mode file for STMicroelectronics.X-CUBE-AZRTOS-G4.2.0.0
2024-11-11 23:22:30,979 [WARN] PackLoader:240 - Cannot read IP mode file for STMicroelectronics.X-CUBE-TOF1.3.3.0
2024-11-11 23:22:30,989 [WARN] PackLoader:240 - Cannot read IP mode file for STMicroelectronics.FP-ATR-ASTRA1.1.1.1
2024-11-11 23:22:31,006 [WARN] PackLoader:240 - Cannot read IP mode file for Infineon.AIROC-Wi-Fi-Bluetooth-STM32.1.5.1
2024-11-11 23:22:31,018 [WARN] PackLoader:240 - Cannot read IP mode file for STMicroelectronics.FP-SNS-MOTENVWB1.1.3.1
2024-11-11 23:22:31,032 [WARN] PackLoader:240 - Cannot read IP mode file for STMicroelectronics.X-CUBE-AZRTOS-G4.1.0.0
2024-11-11 23:22:31,052 [WARN] PackLoader:240 - Cannot read IP mode file for STMicroelectronics.X-CUBE-AZRTOS-L4.1.0.0
2024-11-11 23:22:31,061 [WARN] PackLoader:240 - Cannot read IP mode file for STMicroelectronics.X-CUBE-ISPU.2.0.0
2024-11-11 23:22:31,069 [WARN] PackLoader:240 - Cannot read IP mode file for STMicroelectronics.X-CUBE-ALS.1.0.2
2024-11-11 23:22:31,095 [WARN] PackLoader:240 - Cannot read IP mode file for STMicroelectronics.X-CUBE-MEMS1.10.0.0
2024-11-11 23:22:31,140 [WARN] PackLoader:240 - Cannot read IP mode file for STMicroelectronics.X-CUBE-FREERTOS.1.1.0
2024-11-11 23:22:31,148 [WARN] PackLoader:240 - Cannot read IP mode file for STMicroelectronics.X-CUBE-TOUCHGFX.4.24.0
2024-11-11 23:22:31,160 [WARN] PackLoader:240 - Cannot read IP mode file for STMicroelectronics.X-CUBE-AZRTOS-WL.1.0.0
2024-11-11 23:22:31,168 [WARN] PackLoader:240 - Cannot read IP mode file for STMicroelectronics.X-CUBE-TOUCHGFX.4.24.1
2024-11-11 23:22:31,177 [WARN] PackLoader:240 - Cannot read IP mode file for portGmbH.I-Cube-SoM-uGOAL.1.1.0
2024-11-11 23:22:31,184 [WARN] PackLoader:240 - Cannot read IP mode file for STMicroelectronics.X-CUBE-ALS.1.0.1
2024-11-11 23:22:31,200 [WARN] PackLoader:240 - Cannot read IP mode file for STMicroelectronics.X-CUBE-AZRTOS-WB.1.1.0
2024-11-11 23:22:31,218 [WARN] PackLoader:240 - Cannot read IP mode file for STMicroelectronics.X-CUBE-AZRTOS-L5.1.0.0
2024-11-11 23:22:31,233 [WARN] PackLoader:240 - Cannot read IP mode file for STMicroelectronics.X-CUBE-EEPRMA1.3.1.1
2024-11-11 23:22:31,251 [WARN] PackLoader:240 - Cannot read IP mode file for STMicroelectronics.X-CUBE-AZRTOS-H7RS.1.0.0
2024-11-11 23:22:31,259 [WARN] PackLoader:240 - Cannot read IP mode file for STMicroelectronics.FP-ATR-ASTRA1.2.0.0
2024-11-11 23:22:31,270 [WARN] PackLoader:240 - Cannot read IP mode file for STMicroelectronics.X-CUBE-TOF1.3.4.2
2024-11-11 23:22:31,283 [WARN] PackLoader:240 - Cannot read IP mode file for STMicroelectronics.X-CUBE-TOF1.3.4.0
2024-11-11 23:22:31,297 [WARN] PackLoader:240 - Cannot read IP mode file for STMicroelectronics.X-CUBE-TOF1.3.4.1
2024-11-11 23:22:31,315 [WARN] PackLoader:240 - Cannot read IP mode file for STMicroelectronics.X-CUBE-AZRTOS-H7.3.2.0
2024-11-11 23:22:31,322 [WARN] PackLoader:240 - Cannot read IP mode file for wolfSSL.I-CUBE-wolfSSH.1.4.17
2024-11-11 23:22:31,323 [INFO] ThirdParty:978 - Integrity check success = true
2024-11-11 23:22:31,323 [INFO] IntegrityCheckThread:100 - exiting critical section [integrity check]
2024-11-11 23:22:31,323 [INFO] IntegrityCheckThread:103 - End integrity checks thread
2024-11-11 23:22:32,688 [INFO] WebApp:161 - Instantiating new browser for Auth
2024-11-11 23:22:33,112 [INFO] WebApp:779 - Register for checkConnection events
2024-11-11 23:22:33,113 [INFO] WebApp:414 - Apply proxy settings
2024-11-11 23:22:33,113 [INFO] WebApp:499 - Chromium requires no authentication
2024-11-11 23:22:33,118 [INFO] WebApp:442 - Direct internet connection detected
2024-11-11 23:22:33,237 [INFO] WebApp:192 - Starting web application
2024-11-11 23:22:33,237 [INFO] WebApp:544 - Web application path used C:\ST\STM32CubeIDE_1.10.1\STM32CubeIDE\plugins\com.st.stm32cube.common.mx_6.11.1.202404110753\db\plugins\mcufinder\reactClient1\index.html
2024-11-11 23:44:58,177 [INFO] McuFinderGlobals:63 - Set McuFinder mode to 2 (CubeIDE integrated)
2024-11-11 23:44:58,194 [INFO] MainUpdater:2873 - connection check result : 10
2024-11-11 23:44:58,210 [INFO] McuFinderGlobals:76 - Set McuFinderConnectedMode to true
2024-11-11 23:44:58,787 [INFO] ServerAccessManage:473 - Download File mcusAds.json._tmp_
2024-11-11 23:44:58,909 [INFO] LoadUrlFilesThread:156 - End of LoadUrlFiles Thread
2024-11-11 23:44:59,319 [INFO] ServerAccessManage:473 - Download File cube-finder-db.zip
2024-11-11 23:45:18,607 [INFO] FileExtend:240 - Unzip File : cube-finder-db.zip
2024-11-11 23:45:18,607 [INFO] FileExtend:255 - Standard Zip Deflate
2024-11-11 23:45:19,241 [INFO] LoadUrlFilesThread:156 - End of LoadUrlFiles Thread
2024-11-11 23:45:20,391 [INFO] ServerAccessManage:473 - Download File crdb.zip
2024-11-11 23:45:22,071 [INFO] FileExtend:240 - Unzip File : crdb.zip
2024-11-11 23:45:22,071 [INFO] FileExtend:255 - Standard Zip Deflate
2024-11-11 23:45:22,201 [INFO] LoadUrlFilesThread:156 - End of LoadUrlFiles Thread
2024-11-11 23:45:22,394 [INFO] ServerAccessManage:473 - Download File tutoVideoDB.zip
2024-11-11 23:45:22,455 [INFO] FileExtend:240 - Unzip File : tutoVideoDB.zip
2024-11-11 23:45:22,455 [INFO] FileExtend:255 - Standard Zip Deflate
2024-11-11 23:45:22,580 [INFO] LoadUrlFilesThread:156 - End of LoadUrlFiles Thread
2024-11-11 23:45:22,583 [WARN] DbFile:41 - Overriding database path with different value: C:\Users\saksh\.stmcufinder\plugins\mcufinder/ => C:\Users\saksh\.stmcufinder\plugins\mcufinder
2024-11-11 23:45:22,763 [INFO] ServerAccessManage:473 - Download File api_config.json
2024-11-11 23:45:22,881 [INFO] LoadUrlFilesThread:156 - End of LoadUrlFiles Thread
2024-11-11 23:45:22,886 [INFO] DbMcusAds:53 - JSON generation date=Fri Sep 20 18:34:38 IST 2024 (1726837478367)
2024-11-11 23:45:23,113 [INFO] ServerAccessManage:473 - Download File 
2024-11-11 23:45:23,193 [INFO] LoadUrlFilesThread:185 - End of LoadServerUrlFiles without Thread
2024-11-11 23:45:23,193 [INFO] TargetSelectorAdapter:259 - Refresh data is successful
2024-11-11 23:45:23,281 [INFO] ApiDb:581 - Connected to CubeFinder SQLite database (C:\Users\saksh\.stmcufinder\plugins\mcufinder\mcu\cube-finder-db.db)
2024-11-11 23:45:23,314 [INFO] ApiDb:668 - CubeFinder database Data Model version=2.1
2024-11-11 23:45:23,314 [INFO] ApiDb:669 - CubeFinder database Configuration version=3.0.39
2024-11-11 23:45:23,315 [INFO] ApiDb:670 - CubeFinder database generation date=2024-10-15 (1729006872)
2024-11-11 23:45:23,315 [INFO] ApiDb:671 - CubeFinder database FW Pack versions=[FP-ATR-ASTRA1_V2.0.0, FP-SNS-FLIGHT1_V5.0.2, FP-SNS-MOTENV1_V5.0.0, FP-SNS-MOTENVWB1_V1.4.0, FP-SNS-SMARTAG2_V1.2.0, FP-SNS-STBOX1_V2.0.0, STM32Cube_FW_C0_V1.2.0, STM32Cube_FW_F4_V1.28.1, STM32Cube_FW_F7_V1.17.2, STM32Cube_FW_G0_V1.6.2, STM32Cube_FW_G4_V1.6.0, STM32Cube_FW_H5_V1.3.0, STM32Cube_FW_H7RS_V1.1.0, STM32Cube_FW_H7_V1.11.2, STM32Cube_FW_L0_V1.12.2, STM32Cube_FW_L5_V1.5.1, STM32Cube_FW_U0_V1.1.0, STM32Cube_FW_U5_V1.6.0, STM32Cube_FW_WB0_V1.0.0, STM32Cube_FW_WBA_V1.4.1, STM32Cube_FW_WB_V1.20.0, STM32Cube_FW_WL_V1.3.0, X-CUBE-ALGOBUILD_V1.4.0, X-CUBE-ALS_V1.0.2, X-CUBE-AZRTOS-F4_V1.1.0, X-CUBE-AZRTOS-F7_V1.1.0, X-CUBE-AZRTOS-G0_V1.1.0, X-CUBE-AZRTOS-G4_V2.0.0, X-CUBE-AZRTOS-H7RS_V1.0.0, X-CUBE-AZRTOS-H7_V3.3.0, X-CUBE-AZRTOS-L4_V2.0.0, X-CUBE-AZRTOS-L5_V2.0.0, X-CUBE-AZRTOS-WB_V2.0.0, X-CUBE-AZRTOS-WL_V2.0.0, X-CUBE-BLE1_V7.0.0, X-CUBE-BLE2_V3.3.0, X-CUBE-BLEMGR_V3.1.0, X-CUBE-EEPRMA1_V5.1.0, X-CUBE-FREERTOS_V1.2.0, X-CUBE-GNSS1_V6.0.0, X-CUBE-MEMS1_V11.0.0, X-CUBE-NFC4_V3.0.0, X-CUBE-NFC7_V1.0.1, X-CUBE-SFXS2LP1_V4.0.0, X-CUBE-SUBG2_V5.0.0, X-CUBE-TOF1_V3.4.2]
2024-11-11 23:45:24,583 [INFO] ApiDb:240 - Found 483 in-development CPN: [B-G473E-ZEST1S, B-WB1M-WPAN1, B-WL5M-SUBG1, NUCLEO-C031C6, NUCLEO-H503RB, NUCLEO-H533RE, NUCLEO-H563ZI, NUCLEO-H7S3L8, NUCLEO-U031R8, NUCLEO-U083RC, NUCLEO-U545RE-Q, NUCLEO-U5A5ZJ-Q, NUCLEO-WBA52CG, NUCLEO-WBA55CG, STEVAL-PROTEUS1, STEVAL-SMARTAG2, STEVAL-STWINBX1, STM320518-EVAL, STM32C0116-DK, STM32C011D6Y3TR, STM32C011D6Y6TR, STM32C011F4P3, STM32C011F4P6, STM32C011F4U3, STM32C011F4U6TR, STM32C011F6P3, STM32C011F6P6, STM32C011F6U3, STM32C011F6U6TR, STM32C011J4M3, STM32C011J4M6, STM32C011J6M3, STM32C011J6M6, STM32C0316-DK, STM32C031C4T3, STM32C031C4T6, STM32C031C4U3, STM32C031C4U6, STM32C031C6T3, STM32C031C6T6, STM32C031C6U3, STM32C031C6U6, STM32C031F4P3, STM32C031F4P6, STM32C031F6P3, STM32C031F6P6, STM32C031G4U3, STM32C031G4U6, STM32C031G6U3, STM32C031G6U6, STM32C031K4T3, STM32C031K4T6, STM32C031K4U3, STM32C031K4U6, STM32C031K6T3, STM32C031K6T6, STM32C031K6U3, STM32C031K6U6, STM32G071K8TXN, STM32G071K8UXN, STM32G081GBU6N, STM32G081KBT6N, STM32G081KBUXN, STM32G0B1CCT6N, STM32G0B1KCT6, STM32G0B1NEY6TR, STM32G0B1RCT6N, STM32G0C1CCT6, STM32G0C1CCT6N, STM32G0C1CCU6N, STM32G0C1CET6N, STM32G0C1CEU6N, STM32G0C1KCT6, STM32G0C1NEY6TR, STM32G0C1RCI6N, STM32G0C1RCT6N, STM32G0C1REI6N, STM32G0C1RET6N, STM32G0C1VCI6, STM32G0C1VEI6, STM32G471CCT6, STM32G471CCU6, STM32G471CET3, STM32G471CET6, STM32G471CEU3, STM32G471CEU6, STM32G471MCT6, STM32G471MET3, STM32G471MET6, STM32G471MEY6TR, STM32G471QCT6, STM32G471QET3, STM32G471RCT6, STM32G471RET3, STM32G471RET6, STM32G471VCH6, STM32G471VCI6, STM32G471VCT6, STM32G471VEH3, STM32G471VEH6, STM32G471VEI3, STM32G471VEI6, STM32G471VET3, STM32G471VET6, STM32G474CCT6, STM32H503CBT6, STM32H503CBU6, STM32H503EBY6TR, STM32H503KBU6, STM32H503RBT6, STM32H523CCT6, STM32H523CCU6, STM32H523CET6, STM32H523CEU6, STM32H523HEY6TR, STM32H523RCT6, STM32H523RET6, STM32H523VCI6, STM32H523VCT6, STM32H523VEI6, STM32H523VET6, STM32H523ZCJ6, STM32H523ZCT6, STM32H523ZEJ6, STM32H523ZET6, STM32H533CET6, STM32H533CEU6, STM32H533HEY6TR, STM32H533RET6, STM32H533VEI6, STM32H533VET6, STM32H533ZEJ6, STM32H533ZET6, STM32H562AGI6, STM32H562AII6, STM32H562IGK6, STM32H562IGT6, STM32H562IIK6, STM32H562IIT6, STM32H562RGT6, STM32H562RGV6, STM32H562RIT6, STM32H562RIV6, STM32H562VGT6, STM32H562VIT6, STM32H562ZGT6, STM32H562ZIT6, STM32H563AGI6, STM32H563AII3Q, STM32H563AII6, STM32H563IGK6, STM32H563IGT6, STM32H563IIK3Q, STM32H563IIK6, STM32H563IIT3Q, STM32H563IIT6, STM32H563MIY3QTR, STM32H563RGT6, STM32H563RGV6, STM32H563RIT6, STM32H563RIV6, STM32H563VGT6, STM32H563VIT3Q, STM32H563VIT6, STM32H563ZGT6, STM32H563ZIT3Q, STM32H563ZIT6, STM32H573AII3Q, STM32H573AII6, STM32H573I-DK, STM32H573IIK3Q, STM32H573IIK6, STM32H573IIT3Q, STM32H573IIT6, STM32H573MIY3QTR, STM32H573RIT6, STM32H573RIV6, STM32H573VIT3Q, STM32H573VIT6, STM32H573ZIT3Q, STM32H573ZIT6, STM32H7R3A8I6, STM32H7R3I8K6, STM32H7R3I8T6, STM32H7R3L8H6, STM32H7R3L8H6H, STM32H7R3R8V6, STM32H7R3V8H6, STM32H7R3V8T6, STM32H7R3V8Y6, STM32H7R3Z8J6, STM32H7R3Z8T6, STM32H7R7A8I6, STM32H7R7I8K6, STM32H7R7I8T6, STM32H7R7L8H6, STM32H7R7L8H6H, STM32H7R7Z8J6, STM32H7S3A8I6, STM32H7S3I8K6, STM32H7S3I8T6, STM32H7S3L8H6, STM32H7S3L8H6H, STM32H7S3R8V6, STM32H7S3V8H6, STM32H7S3V8T6, STM32H7S3V8Y6, STM32H7S3Z8J6, STM32H7S3Z8T6, STM32H7S78-DK, STM32H7S7A8I6, STM32H7S7I8K6, STM32H7S7I8T6, STM32H7S7L8H6, STM32H7S7L8H6H, STM32H7S7Z8J6, STM32L4R5QGI6STR, STM32MP131AAE3, STM32MP131AAF3, STM32MP131AAG3, STM32MP131CAE3, STM32MP131CAF3, STM32MP131CAG3, STM32MP131DAE7, STM32MP131DAF7, STM32MP131DAG7, STM32MP131FAE7, STM32MP131FAF7, STM32MP131FAG7, STM32MP133AAE3, STM32MP133AAF3, STM32MP133AAG3, STM32MP133CAE3, STM32MP133CAF3, STM32MP133CAG3, STM32MP133DAE7, STM32MP133DAF7, STM32MP133DAG7, STM32MP133FAE7, STM32MP133FAF7, STM32MP133FAG7, STM32MP135AAE3, STM32MP135AAF3, STM32MP135AAG3, STM32MP135CAE3, STM32MP135CAF3, STM32MP135CAG3, STM32MP135DAE7, STM32MP135DAF7, STM32MP135DAG7, STM32MP135F-DK, STM32MP135FAE7, STM32MP135FAF7, STM32MP135FAF7T, STM32MP135FAF7U, STM32MP135FAG7, STM32U031C6T6, STM32U031C6U6, STM32U031C8T6, STM32U031C8U6, STM32U031F4P6, STM32U031F6P6, STM32U031F8P6, STM32U031G6Y6TR, STM32U031G8Y6TR, STM32U031K4U6, STM32U031K6U6, STM32U031K8U6, STM32U031R6I6, STM32U031R6T6, STM32U031R8I6, STM32U031R8T6, STM32U073C8T6, STM32U073C8U6, STM32U073CBT6, STM32U073CBU6, STM32U073CCT6, STM32U073CCU6, STM32U073H8Y6TR, STM32U073HBY6TR, STM32U073HCY6TR, STM32U073K8U6, STM32U073KBU6, STM32U073KCU6, STM32U073M8I6, STM32U073M8T6, STM32U073MBI6, STM32U073MBT6, STM32U073MCI6, STM32U073MCT6, STM32U073R8I6, STM32U073R8T6, STM32U073RBI6, STM32U073RBT6, STM32U073RCI6, STM32U073RCT6, STM32U083C-DK, STM32U083CCT6, STM32U083CCU6, STM32U083HCY6TR, STM32U083KCU6, STM32U083MCI6, STM32U083MCT6, STM32U083RCI6, STM32U083RCT6, STM32U535CBT6, STM32U535CBT6Q, STM32U535CBU6, STM32U535CBU6Q, STM32U535CCT6, STM32U535CCT6Q, STM32U535CCU6, STM32U535CCU6Q, STM32U535CET6, STM32U535CET6Q, STM32U535CEU6, STM32U535CEU6Q, STM32U535JEY6QTR, STM32U535NCY6QTR, STM32U535NEY6QTR, STM32U535RBI6, STM32U535RBI6Q, STM32U535RBT6, STM32U535RBT6Q, STM32U535RCI6, STM32U535RCI6Q, STM32U535RCT6, STM32U535RCT6Q, STM32U535REI6, STM32U535REI6Q, STM32U535RET6, STM32U535RET6Q, STM32U535VCI6, STM32U535VCI6Q, STM32U535VCT6, STM32U535VCT6Q, STM32U535VEI6, STM32U535VEI6Q, STM32U535VET6, STM32U535VET6Q, STM32U545CET6, STM32U545CET6Q, STM32U545CEU6, STM32U545CEU6Q, STM32U545JEY6QTR, STM32U545NEY6QTR, STM32U545REI6, STM32U545REI6Q, STM32U545RET6, STM32U545RET6Q, STM32U545VEI6, STM32U545VEI6Q, STM32U545VET6, STM32U545VET6Q, STM32U595AIH6, STM32U595AIH6Q, STM32U595AJH6, STM32U595AJH6Q, STM32U595QII6, STM32U595QII6Q, STM32U595QJI6, STM32U595QJI6Q, STM32U595RIT6, STM32U595RIT6Q, STM32U595RJT6, STM32U595RJT6Q, STM32U595VIT6, STM32U595VIT6Q, STM32U595VJT6, STM32U595VJT6Q, STM32U595ZIT6, STM32U595ZIT6Q, STM32U595ZIY6QTR, STM32U595ZJT6, STM32U595ZJT6Q, STM32U595ZJY6QTR, STM32U599BJY6QTR, STM32U599NIH6Q, STM32U599NJH6Q, STM32U599VIT6Q, STM32U599VJT6, STM32U599VJT6Q, STM32U599ZIT6Q, STM32U599ZIY6QTR, STM32U599ZJT6Q, STM32U599ZJY6QTR, STM32U5A5AJH6, STM32U5A5AJH6Q, STM32U5A5QII3Q , STM32U5A5QJI6, STM32U5A5QJI6Q, STM32U5A5RJT6, STM32U5A5RJT6Q, STM32U5A5VJT6, STM32U5A5VJT6Q, STM32U5A5ZJT6, STM32U5A5ZJT6Q, STM32U5A5ZJY6QTR, STM32U5A9BJY6QTR, STM32U5A9J-DK, STM32U5A9NJH6Q, STM32U5A9VJT6Q, STM32U5A9ZJT6Q, STM32U5A9ZJY6QTR, STM32U5F7VIT6, STM32U5F7VIT6Q, STM32U5F7VJT6, STM32U5F7VJT6Q, STM32U5F9BJY6QTR, STM32U5F9NJH6Q, STM32U5F9VIT6Q, STM32U5F9VJT6Q, STM32U5F9ZIJ6QTR, STM32U5F9ZIT6Q, STM32U5F9ZJJ6QTR, STM32U5F9ZJT6Q, STM32U5G7VJT6, STM32U5G7VJT6Q, STM32U5G9BJY6QTR, STM32U5G9J-DK1, STM32U5G9J-DK2, STM32U5G9NJH6Q, STM32U5G9VJT6Q, STM32U5G9ZJJ6QTR, STM32U5G9ZJT6Q, STM32WB1MMCH6, STM32WBA50KEU6, STM32WBA50KEU6TR, STM32WBA50KGU6, STM32WBA50KGU6TR, STM32WBA52CEU6, STM32WBA52CEU6TR, STM32WBA52CEU7, STM32WBA52CEU7TR, STM32WBA52CGU6, STM32WBA52CGU6TR, STM32WBA52CGU6U, STM32WBA52CGU7, STM32WBA52CGU7TR, STM32WBA52KEU6, STM32WBA52KEU6TR, STM32WBA52KGU6, STM32WBA52KGU6TR, STM32WBA54CEU6, STM32WBA54CEU6TR, STM32WBA54CEU7, STM32WBA54CEU7TR, STM32WBA54CGU6, STM32WBA54CGU6TR, STM32WBA54CGU7, STM32WBA54CGU7TR, STM32WBA54KEU6, STM32WBA54KEU6TR, STM32WBA54KEU7, STM32WBA54KEU7TR, STM32WBA54KGU6, STM32WBA54KGU6TR, STM32WBA54KGU7, STM32WBA54KGU7TR, STM32WBA55CEU6, STM32WBA55CEU6TR, STM32WBA55CEU7, STM32WBA55CEU7TR, STM32WBA55CGU6, STM32WBA55CGU6TR, STM32WBA55CGU6U, STM32WBA55CGU7, STM32WBA55CGU7TR, STM32WBA55G-DK1, STM32WBA55HEF6, STM32WBA55HEF7, STM32WBA55HGF6, STM32WBA55HGF7, STM32WBA55UEI6, STM32WBA55UEI6TR, STM32WBA55UEI7, STM32WBA55UEI7TR, STM32WBA55UGI6, STM32WBA55UGI6TR, STM32WBA55UGI7, STM32WBA55UGI7TR, STM32WL5MOCH6, STM32WL5MOCH6TR]
2024-11-11 23:45:24,586 [INFO] DbMcus:218 - Found 4204 MCUs, 4204 are supported
2024-11-11 23:45:24,591 [INFO] ApiDb:423 - Load user favorites file C:\Users\saksh/.stm32cubeide/favorites.mcus.txt: 1 item(s)
2024-11-11 23:45:24,591 [INFO] ApiDb:427 - User favorites MCUs=[STM32F103C8T6]
2024-11-11 23:45:24,591 [INFO] DbMcus:224 - Set 1 / 1 favorites MCUs
2024-11-11 23:45:24,794 [INFO] ApiDb:668 - CubeFinder database Data Model version=2.1
2024-11-11 23:45:24,794 [INFO] ApiDb:669 - CubeFinder database Configuration version=3.0.39
2024-11-11 23:45:24,795 [INFO] ApiDb:670 - CubeFinder database generation date=2024-10-15 (1729006872)
2024-11-11 23:45:24,795 [INFO] ApiDb:671 - CubeFinder database FW Pack versions=[FP-ATR-ASTRA1_V2.0.0, FP-SNS-FLIGHT1_V5.0.2, FP-SNS-MOTENV1_V5.0.0, FP-SNS-MOTENVWB1_V1.4.0, FP-SNS-SMARTAG2_V1.2.0, FP-SNS-STBOX1_V2.0.0, STM32Cube_FW_C0_V1.2.0, STM32Cube_FW_F4_V1.28.1, STM32Cube_FW_F7_V1.17.2, STM32Cube_FW_G0_V1.6.2, STM32Cube_FW_G4_V1.6.0, STM32Cube_FW_H5_V1.3.0, STM32Cube_FW_H7RS_V1.1.0, STM32Cube_FW_H7_V1.11.2, STM32Cube_FW_L0_V1.12.2, STM32Cube_FW_L5_V1.5.1, STM32Cube_FW_U0_V1.1.0, STM32Cube_FW_U5_V1.6.0, STM32Cube_FW_WB0_V1.0.0, STM32Cube_FW_WBA_V1.4.1, STM32Cube_FW_WB_V1.20.0, STM32Cube_FW_WL_V1.3.0, X-CUBE-ALGOBUILD_V1.4.0, X-CUBE-ALS_V1.0.2, X-CUBE-AZRTOS-F4_V1.1.0, X-CUBE-AZRTOS-F7_V1.1.0, X-CUBE-AZRTOS-G0_V1.1.0, X-CUBE-AZRTOS-G4_V2.0.0, X-CUBE-AZRTOS-H7RS_V1.0.0, X-CUBE-AZRTOS-H7_V3.3.0, X-CUBE-AZRTOS-L4_V2.0.0, X-CUBE-AZRTOS-L5_V2.0.0, X-CUBE-AZRTOS-WB_V2.0.0, X-CUBE-AZRTOS-WL_V2.0.0, X-CUBE-BLE1_V7.0.0, X-CUBE-BLE2_V3.3.0, X-CUBE-BLEMGR_V3.1.0, X-CUBE-EEPRMA1_V5.1.0, X-CUBE-FREERTOS_V1.2.0, X-CUBE-GNSS1_V6.0.0, X-CUBE-MEMS1_V11.0.0, X-CUBE-NFC4_V3.0.0, X-CUBE-NFC7_V1.0.1, X-CUBE-SFXS2LP1_V4.0.0, X-CUBE-SUBG2_V5.0.0, X-CUBE-TOF1_V3.4.2]
2024-11-11 23:45:24,825 [INFO] DbBoardsSqlite:226 - include board P-NUCLEO-WB55-NUCLEO as a kit item of type 'Nucleo-64'
2024-11-11 23:45:24,825 [INFO] DbBoardsSqlite:226 - include board P-NUCLEO-WB55-USBDONGLE as a kit item of type 'Nucleo USB Dongle'
2024-11-11 23:45:24,825 [INFO] DbBoardsSqlite:226 - include board STEVAL-IDP005V1 as a kit item of type 'Evaluation Board'
2024-11-11 23:45:24,825 [INFO] DbBoardsSqlite:226 - include board STEVAL-IDP005V2 as a kit item of type 'Evaluation Board'
2024-11-11 23:45:24,852 [INFO] ApiDb:240 - Found 483 in-development CPN: [B-G473E-ZEST1S, B-WB1M-WPAN1, B-WL5M-SUBG1, NUCLEO-C031C6, NUCLEO-H503RB, NUCLEO-H533RE, NUCLEO-H563ZI, NUCLEO-H7S3L8, NUCLEO-U031R8, NUCLEO-U083RC, NUCLEO-U545RE-Q, NUCLEO-U5A5ZJ-Q, NUCLEO-WBA52CG, NUCLEO-WBA55CG, STEVAL-PROTEUS1, STEVAL-SMARTAG2, STEVAL-STWINBX1, STM320518-EVAL, STM32C0116-DK, STM32C011D6Y3TR, STM32C011D6Y6TR, STM32C011F4P3, STM32C011F4P6, STM32C011F4U3, STM32C011F4U6TR, STM32C011F6P3, STM32C011F6P6, STM32C011F6U3, STM32C011F6U6TR, STM32C011J4M3, STM32C011J4M6, STM32C011J6M3, STM32C011J6M6, STM32C0316-DK, STM32C031C4T3, STM32C031C4T6, STM32C031C4U3, STM32C031C4U6, STM32C031C6T3, STM32C031C6T6, STM32C031C6U3, STM32C031C6U6, STM32C031F4P3, STM32C031F4P6, STM32C031F6P3, STM32C031F6P6, STM32C031G4U3, STM32C031G4U6, STM32C031G6U3, STM32C031G6U6, STM32C031K4T3, STM32C031K4T6, STM32C031K4U3, STM32C031K4U6, STM32C031K6T3, STM32C031K6T6, STM32C031K6U3, STM32C031K6U6, STM32G071K8TXN, STM32G071K8UXN, STM32G081GBU6N, STM32G081KBT6N, STM32G081KBUXN, STM32G0B1CCT6N, STM32G0B1KCT6, STM32G0B1NEY6TR, STM32G0B1RCT6N, STM32G0C1CCT6, STM32G0C1CCT6N, STM32G0C1CCU6N, STM32G0C1CET6N, STM32G0C1CEU6N, STM32G0C1KCT6, STM32G0C1NEY6TR, STM32G0C1RCI6N, STM32G0C1RCT6N, STM32G0C1REI6N, STM32G0C1RET6N, STM32G0C1VCI6, STM32G0C1VEI6, STM32G471CCT6, STM32G471CCU6, STM32G471CET3, STM32G471CET6, STM32G471CEU3, STM32G471CEU6, STM32G471MCT6, STM32G471MET3, STM32G471MET6, STM32G471MEY6TR, STM32G471QCT6, STM32G471QET3, STM32G471RCT6, STM32G471RET3, STM32G471RET6, STM32G471VCH6, STM32G471VCI6, STM32G471VCT6, STM32G471VEH3, STM32G471VEH6, STM32G471VEI3, STM32G471VEI6, STM32G471VET3, STM32G471VET6, STM32G474CCT6, STM32H503CBT6, STM32H503CBU6, STM32H503EBY6TR, STM32H503KBU6, STM32H503RBT6, STM32H523CCT6, STM32H523CCU6, STM32H523CET6, STM32H523CEU6, STM32H523HEY6TR, STM32H523RCT6, STM32H523RET6, STM32H523VCI6, STM32H523VCT6, STM32H523VEI6, STM32H523VET6, STM32H523ZCJ6, STM32H523ZCT6, STM32H523ZEJ6, STM32H523ZET6, STM32H533CET6, STM32H533CEU6, STM32H533HEY6TR, STM32H533RET6, STM32H533VEI6, STM32H533VET6, STM32H533ZEJ6, STM32H533ZET6, STM32H562AGI6, STM32H562AII6, STM32H562IGK6, STM32H562IGT6, STM32H562IIK6, STM32H562IIT6, STM32H562RGT6, STM32H562RGV6, STM32H562RIT6, STM32H562RIV6, STM32H562VGT6, STM32H562VIT6, STM32H562ZGT6, STM32H562ZIT6, STM32H563AGI6, STM32H563AII3Q, STM32H563AII6, STM32H563IGK6, STM32H563IGT6, STM32H563IIK3Q, STM32H563IIK6, STM32H563IIT3Q, STM32H563IIT6, STM32H563MIY3QTR, STM32H563RGT6, STM32H563RGV6, STM32H563RIT6, STM32H563RIV6, STM32H563VGT6, STM32H563VIT3Q, STM32H563VIT6, STM32H563ZGT6, STM32H563ZIT3Q, STM32H563ZIT6, STM32H573AII3Q, STM32H573AII6, STM32H573I-DK, STM32H573IIK3Q, STM32H573IIK6, STM32H573IIT3Q, STM32H573IIT6, STM32H573MIY3QTR, STM32H573RIT6, STM32H573RIV6, STM32H573VIT3Q, STM32H573VIT6, STM32H573ZIT3Q, STM32H573ZIT6, STM32H7R3A8I6, STM32H7R3I8K6, STM32H7R3I8T6, STM32H7R3L8H6, STM32H7R3L8H6H, STM32H7R3R8V6, STM32H7R3V8H6, STM32H7R3V8T6, STM32H7R3V8Y6, STM32H7R3Z8J6, STM32H7R3Z8T6, STM32H7R7A8I6, STM32H7R7I8K6, STM32H7R7I8T6, STM32H7R7L8H6, STM32H7R7L8H6H, STM32H7R7Z8J6, STM32H7S3A8I6, STM32H7S3I8K6, STM32H7S3I8T6, STM32H7S3L8H6, STM32H7S3L8H6H, STM32H7S3R8V6, STM32H7S3V8H6, STM32H7S3V8T6, STM32H7S3V8Y6, STM32H7S3Z8J6, STM32H7S3Z8T6, STM32H7S78-DK, STM32H7S7A8I6, STM32H7S7I8K6, STM32H7S7I8T6, STM32H7S7L8H6, STM32H7S7L8H6H, STM32H7S7Z8J6, STM32L4R5QGI6STR, STM32MP131AAE3, STM32MP131AAF3, STM32MP131AAG3, STM32MP131CAE3, STM32MP131CAF3, STM32MP131CAG3, STM32MP131DAE7, STM32MP131DAF7, STM32MP131DAG7, STM32MP131FAE7, STM32MP131FAF7, STM32MP131FAG7, STM32MP133AAE3, STM32MP133AAF3, STM32MP133AAG3, STM32MP133CAE3, STM32MP133CAF3, STM32MP133CAG3, STM32MP133DAE7, STM32MP133DAF7, STM32MP133DAG7, STM32MP133FAE7, STM32MP133FAF7, STM32MP133FAG7, STM32MP135AAE3, STM32MP135AAF3, STM32MP135AAG3, STM32MP135CAE3, STM32MP135CAF3, STM32MP135CAG3, STM32MP135DAE7, STM32MP135DAF7, STM32MP135DAG7, STM32MP135F-DK, STM32MP135FAE7, STM32MP135FAF7, STM32MP135FAF7T, STM32MP135FAF7U, STM32MP135FAG7, STM32U031C6T6, STM32U031C6U6, STM32U031C8T6, STM32U031C8U6, STM32U031F4P6, STM32U031F6P6, STM32U031F8P6, STM32U031G6Y6TR, STM32U031G8Y6TR, STM32U031K4U6, STM32U031K6U6, STM32U031K8U6, STM32U031R6I6, STM32U031R6T6, STM32U031R8I6, STM32U031R8T6, STM32U073C8T6, STM32U073C8U6, STM32U073CBT6, STM32U073CBU6, STM32U073CCT6, STM32U073CCU6, STM32U073H8Y6TR, STM32U073HBY6TR, STM32U073HCY6TR, STM32U073K8U6, STM32U073KBU6, STM32U073KCU6, STM32U073M8I6, STM32U073M8T6, STM32U073MBI6, STM32U073MBT6, STM32U073MCI6, STM32U073MCT6, STM32U073R8I6, STM32U073R8T6, STM32U073RBI6, STM32U073RBT6, STM32U073RCI6, STM32U073RCT6, STM32U083C-DK, STM32U083CCT6, STM32U083CCU6, STM32U083HCY6TR, STM32U083KCU6, STM32U083MCI6, STM32U083MCT6, STM32U083RCI6, STM32U083RCT6, STM32U535CBT6, STM32U535CBT6Q, STM32U535CBU6, STM32U535CBU6Q, STM32U535CCT6, STM32U535CCT6Q, STM32U535CCU6, STM32U535CCU6Q, STM32U535CET6, STM32U535CET6Q, STM32U535CEU6, STM32U535CEU6Q, STM32U535JEY6QTR, STM32U535NCY6QTR, STM32U535NEY6QTR, STM32U535RBI6, STM32U535RBI6Q, STM32U535RBT6, STM32U535RBT6Q, STM32U535RCI6, STM32U535RCI6Q, STM32U535RCT6, STM32U535RCT6Q, STM32U535REI6, STM32U535REI6Q, STM32U535RET6, STM32U535RET6Q, STM32U535VCI6, STM32U535VCI6Q, STM32U535VCT6, STM32U535VCT6Q, STM32U535VEI6, STM32U535VEI6Q, STM32U535VET6, STM32U535VET6Q, STM32U545CET6, STM32U545CET6Q, STM32U545CEU6, STM32U545CEU6Q, STM32U545JEY6QTR, STM32U545NEY6QTR, STM32U545REI6, STM32U545REI6Q, STM32U545RET6, STM32U545RET6Q, STM32U545VEI6, STM32U545VEI6Q, STM32U545VET6, STM32U545VET6Q, STM32U595AIH6, STM32U595AIH6Q, STM32U595AJH6, STM32U595AJH6Q, STM32U595QII6, STM32U595QII6Q, STM32U595QJI6, STM32U595QJI6Q, STM32U595RIT6, STM32U595RIT6Q, STM32U595RJT6, STM32U595RJT6Q, STM32U595VIT6, STM32U595VIT6Q, STM32U595VJT6, STM32U595VJT6Q, STM32U595ZIT6, STM32U595ZIT6Q, STM32U595ZIY6QTR, STM32U595ZJT6, STM32U595ZJT6Q, STM32U595ZJY6QTR, STM32U599BJY6QTR, STM32U599NIH6Q, STM32U599NJH6Q, STM32U599VIT6Q, STM32U599VJT6, STM32U599VJT6Q, STM32U599ZIT6Q, STM32U599ZIY6QTR, STM32U599ZJT6Q, STM32U599ZJY6QTR, STM32U5A5AJH6, STM32U5A5AJH6Q, STM32U5A5QII3Q , STM32U5A5QJI6, STM32U5A5QJI6Q, STM32U5A5RJT6, STM32U5A5RJT6Q, STM32U5A5VJT6, STM32U5A5VJT6Q, STM32U5A5ZJT6, STM32U5A5ZJT6Q, STM32U5A5ZJY6QTR, STM32U5A9BJY6QTR, STM32U5A9J-DK, STM32U5A9NJH6Q, STM32U5A9VJT6Q, STM32U5A9ZJT6Q, STM32U5A9ZJY6QTR, STM32U5F7VIT6, STM32U5F7VIT6Q, STM32U5F7VJT6, STM32U5F7VJT6Q, STM32U5F9BJY6QTR, STM32U5F9NJH6Q, STM32U5F9VIT6Q, STM32U5F9VJT6Q, STM32U5F9ZIJ6QTR, STM32U5F9ZIT6Q, STM32U5F9ZJJ6QTR, STM32U5F9ZJT6Q, STM32U5G7VJT6, STM32U5G7VJT6Q, STM32U5G9BJY6QTR, STM32U5G9J-DK1, STM32U5G9J-DK2, STM32U5G9NJH6Q, STM32U5G9VJT6Q, STM32U5G9ZJJ6QTR, STM32U5G9ZJT6Q, STM32WB1MMCH6, STM32WBA50KEU6, STM32WBA50KEU6TR, STM32WBA50KGU6, STM32WBA50KGU6TR, STM32WBA52CEU6, STM32WBA52CEU6TR, STM32WBA52CEU7, STM32WBA52CEU7TR, STM32WBA52CGU6, STM32WBA52CGU6TR, STM32WBA52CGU6U, STM32WBA52CGU7, STM32WBA52CGU7TR, STM32WBA52KEU6, STM32WBA52KEU6TR, STM32WBA52KGU6, STM32WBA52KGU6TR, STM32WBA54CEU6, STM32WBA54CEU6TR, STM32WBA54CEU7, STM32WBA54CEU7TR, STM32WBA54CGU6, STM32WBA54CGU6TR, STM32WBA54CGU7, STM32WBA54CGU7TR, STM32WBA54KEU6, STM32WBA54KEU6TR, STM32WBA54KEU7, STM32WBA54KEU7TR, STM32WBA54KGU6, STM32WBA54KGU6TR, STM32WBA54KGU7, STM32WBA54KGU7TR, STM32WBA55CEU6, STM32WBA55CEU6TR, STM32WBA55CEU7, STM32WBA55CEU7TR, STM32WBA55CGU6, STM32WBA55CGU6TR, STM32WBA55CGU6U, STM32WBA55CGU7, STM32WBA55CGU7TR, STM32WBA55G-DK1, STM32WBA55HEF6, STM32WBA55HEF7, STM32WBA55HGF6, STM32WBA55HGF7, STM32WBA55UEI6, STM32WBA55UEI6TR, STM32WBA55UEI7, STM32WBA55UEI7TR, STM32WBA55UGI6, STM32WBA55UGI6TR, STM32WBA55UGI7, STM32WBA55UGI7TR, STM32WL5MOCH6, STM32WL5MOCH6TR]
2024-11-11 23:45:24,889 [INFO] BoardInfo:889 - No configuration file found for board NUCLEO-C071RB
2024-11-11 23:45:24,890 [INFO] DbBoards:161 - Board is not supported: NUCLEO-C071RB
2024-11-11 23:45:24,946 [INFO] BoardInfo:889 - No configuration file found for board NUCLEO-WB05KZ
2024-11-11 23:45:24,946 [INFO] DbBoards:161 - Board is not supported: NUCLEO-WB05KZ
2024-11-11 23:45:24,946 [INFO] BoardInfo:889 - No configuration file found for board NUCLEO-WB07CC
2024-11-11 23:45:24,947 [INFO] DbBoards:161 - Board is not supported: NUCLEO-WB07CC
2024-11-11 23:45:24,947 [INFO] BoardInfo:889 - No configuration file found for board NUCLEO-WB09KE
2024-11-11 23:45:24,947 [INFO] DbBoards:161 - Board is not supported: NUCLEO-WB09KE
2024-11-11 23:45:24,953 [INFO] BoardInfo:889 - No configuration file found for board P-NUCLEO-WB55
2024-11-11 23:45:24,953 [INFO] DbBoards:161 - Kit is not supported: P-NUCLEO-WB55
2024-11-11 23:45:24,955 [INFO] BoardInfo:889 - No configuration file found for board STEVAL-BFA001V1B
2024-11-11 23:45:24,955 [INFO] DbBoards:161 - Kit is not supported: STEVAL-BFA001V1B
2024-11-11 23:45:24,957 [INFO] BoardInfo:889 - No configuration file found for board STEVAL-BFA001V2B
2024-11-11 23:45:24,957 [INFO] DbBoards:161 - Kit is not supported: STEVAL-BFA001V2B
2024-11-11 23:45:25,019 [INFO] BoardInfo:889 - No configuration file found for board STM32MP257F-DK
2024-11-11 23:45:25,019 [INFO] DbBoards:161 - Board is not supported: STM32MP257F-DK
2024-11-11 23:45:25,020 [INFO] BoardInfo:889 - No configuration file found for board STM32MP257F-EV1
2024-11-11 23:45:25,020 [INFO] DbBoards:161 - Board is not supported: STM32MP257F-EV1
2024-11-11 23:45:25,026 [INFO] DbBoards:168 - Found 201 boards, 192 are supported
2024-11-11 23:45:25,026 [INFO] DbBoards:169 - Found 201 boards, 8 of them is supported for  Bsp
2024-11-11 23:45:25,029 [INFO] ApiDb:423 - Load user favorites file C:\Users\saksh/.stm32cubeide/favorites.boards.txt: 0 item(s)
2024-11-11 23:45:25,029 [INFO] ApiDb:427 - User favorites Boards=[]
2024-11-11 23:45:25,029 [INFO] DbBoards:198 - Set 0 / 0 favorites Boards
2024-11-11 23:45:25,030 [INFO] ApiDb:668 - CubeFinder database Data Model version=2.1
2024-11-11 23:45:25,030 [INFO] ApiDb:669 - CubeFinder database Configuration version=3.0.39
2024-11-11 23:45:25,030 [INFO] ApiDb:670 - CubeFinder database generation date=2024-10-15 (1729006872)
2024-11-11 23:45:25,030 [INFO] ApiDb:671 - CubeFinder database FW Pack versions=[FP-ATR-ASTRA1_V2.0.0, FP-SNS-FLIGHT1_V5.0.2, FP-SNS-MOTENV1_V5.0.0, FP-SNS-MOTENVWB1_V1.4.0, FP-SNS-SMARTAG2_V1.2.0, FP-SNS-STBOX1_V2.0.0, STM32Cube_FW_C0_V1.2.0, STM32Cube_FW_F4_V1.28.1, STM32Cube_FW_F7_V1.17.2, STM32Cube_FW_G0_V1.6.2, STM32Cube_FW_G4_V1.6.0, STM32Cube_FW_H5_V1.3.0, STM32Cube_FW_H7RS_V1.1.0, STM32Cube_FW_H7_V1.11.2, STM32Cube_FW_L0_V1.12.2, STM32Cube_FW_L5_V1.5.1, STM32Cube_FW_U0_V1.1.0, STM32Cube_FW_U5_V1.6.0, STM32Cube_FW_WB0_V1.0.0, STM32Cube_FW_WBA_V1.4.1, STM32Cube_FW_WB_V1.20.0, STM32Cube_FW_WL_V1.3.0, X-CUBE-ALGOBUILD_V1.4.0, X-CUBE-ALS_V1.0.2, X-CUBE-AZRTOS-F4_V1.1.0, X-CUBE-AZRTOS-F7_V1.1.0, X-CUBE-AZRTOS-G0_V1.1.0, X-CUBE-AZRTOS-G4_V2.0.0, X-CUBE-AZRTOS-H7RS_V1.0.0, X-CUBE-AZRTOS-H7_V3.3.0, X-CUBE-AZRTOS-L4_V2.0.0, X-CUBE-AZRTOS-L5_V2.0.0, X-CUBE-AZRTOS-WB_V2.0.0, X-CUBE-AZRTOS-WL_V2.0.0, X-CUBE-BLE1_V7.0.0, X-CUBE-BLE2_V3.3.0, X-CUBE-BLEMGR_V3.1.0, X-CUBE-EEPRMA1_V5.1.0, X-CUBE-FREERTOS_V1.2.0, X-CUBE-GNSS1_V6.0.0, X-CUBE-MEMS1_V11.0.0, X-CUBE-NFC4_V3.0.0, X-CUBE-NFC7_V1.0.1, X-CUBE-SFXS2LP1_V4.0.0, X-CUBE-SUBG2_V5.0.0, X-CUBE-TOF1_V3.4.2]
2024-11-11 23:45:25,472 [ERROR] DbExamplesSqlite:437 - Missing JSON key: board_cpn
2024-11-11 23:45:25,472 [ERROR] DbExamplesSqlite:437 - Missing JSON key: board_cpn
2024-11-11 23:45:25,473 [ERROR] DbExamplesSqlite:437 - Missing JSON key: board_cpn
2024-11-11 23:45:25,473 [ERROR] DbExamplesSqlite:437 - Missing JSON key: board_cpn
2024-11-11 23:45:25,561 [ERROR] DbExamplesSqlite:437 - Missing JSON key: board_cpn
2024-11-11 23:45:25,561 [ERROR] DbExamplesSqlite:437 - Missing JSON key: board_cpn
2024-11-11 23:45:25,561 [ERROR] DbExamplesSqlite:437 - Missing JSON key: board_cpn
2024-11-11 23:45:25,561 [ERROR] DbExamplesSqlite:437 - Missing JSON key: board_cpn
2024-11-11 23:45:25,561 [ERROR] DbExamplesSqlite:437 - Missing JSON key: board_cpn
2024-11-11 23:45:25,561 [ERROR] DbExamplesSqlite:437 - Missing JSON key: board_cpn
2024-11-11 23:45:25,561 [ERROR] DbExamplesSqlite:437 - Missing JSON key: board_cpn
2024-11-11 23:45:25,561 [ERROR] DbExamplesSqlite:437 - Missing JSON key: board_cpn
2024-11-11 23:45:25,562 [ERROR] DbExamplesSqlite:437 - Missing JSON key: board_cpn
2024-11-11 23:45:25,563 [INFO] DbExamplesSqlite:395 - Ignored 28 examples not supported by CubeIDE
2024-11-11 23:45:25,563 [INFO] DbExamplesSqlite:396 - Found 8617 examples active
2024-11-11 23:45:25,563 [INFO] DbExamplesSqlite:397 - Found 0 examples obsolete
2024-11-11 23:45:25,563 [INFO] DbExamplesSqlite:398 - Found 0 examples under development
2024-11-11 23:45:25,563 [INFO] DbExamplesSqlite:399 - Found 10 examples not building
2024-11-11 23:45:25,564 [INFO] DbExamples:125 - Found 8599 examples
2024-11-11 23:45:25,601 [ERROR] DbExamples:208 - Found 206 examples with invalid data (board or MCU)
2024-11-11 23:45:25,601 [INFO] DbExamples:222 - Found 108 boards with related examples
2024-11-11 23:45:25,601 [INFO] DbExamples:235 - Found 87 MCUs with related examples
2024-11-11 23:45:25,614 [INFO] ApiDb:423 - Load user favorites file C:\Users\saksh/.stm32cubeide/favorites.examples.txt: 0 item(s)
2024-11-11 23:45:25,614 [INFO] ApiDb:427 - User favorites Examples=[]
2024-11-11 23:45:25,614 [INFO] DbExamples:250 - Set 0 / 0 favorites Examples
2024-11-11 23:45:25,858 [INFO] McuFinderGlobals:76 - Set McuFinderConnectedMode to true
2024-11-11 23:45:25,867 [INFO] MultiScanPanel:200 - Auto-refresh data requested => check proxy status ongoing
2024-11-11 23:45:25,870 [INFO] FinderPluginLoader:95 - Searching for filters in installed packs
2024-11-11 23:45:26,663 [INFO] LoadUrlFilesThread:185 - End of LoadServerUrlFiles without Thread
2024-11-11 23:45:26,707 [INFO] DetailPanel:341 - Set advertising image to C:/Users/saksh/STM32Cube/Repository/\en.prom-stm32c071-usb-memories-mcu-finder.png
2024-11-11 23:46:40,418 [INFO] MainUpdater:2873 - connection check result : 10
2024-11-11 23:46:40,419 [INFO] MainUpdater:2873 - connection check result : 10
2024-11-11 23:46:40,454 [INFO] MicroXplorer:468 - Change Database Path : 
2024-11-11 23:46:40,454 [INFO] MicroXplorer:498 - Change Database Version : DB.6.0.111
2024-11-11 23:46:40,458 [WARN] ThirdParty:871 - waiting for thirdparty lock release [close project]
2024-11-11 23:46:40,458 [INFO] ThirdParty:873 - entering critical section [close project]
2024-11-11 23:46:40,459 [INFO] ThirdParty:883 - exiting critical section [close project]
2024-11-11 23:46:40,460 [INFO] PinOutPanel:1561 - setPackage(No Configuration,No Configuration)
2024-11-11 23:46:40,462 [INFO] UtilMem:75 - Begin LoadConfig() Used Memory: 817200904 Bytes (1073741824)
2024-11-11 23:46:40,462 [INFO] MicroXplorer:468 - Change Database Path : 
2024-11-11 23:46:40,462 [INFO] MicroXplorer:498 - Change Database Version : DB.6.0.111
2024-11-11 23:46:40,462 [INFO] OpenFileManager:312 - Change cursor
2024-11-11 23:46:40,575 [INFO] Mcu:2021 - Initializing MCU STM32G474RETx STM32G474RETx STM32G474RET6
2024-11-11 23:46:43,951 [INFO] Context:663 - Trying to add GPIOservice into a context  which must be forbidden
2024-11-11 23:46:45,080 [INFO] ImportTextPane:194 - (OptionalMessage_ERROR) Unable to find key (Mcu.ThirdPartyNb) in loaded IOC file
2024-11-11 23:46:45,081 [INFO] ImportTextPane:194 - (OptionalMessage_ERROR) Unable to find key (Mcu.PinsNb) in loaded IOC file
2024-11-11 23:46:45,081 [INFO] ImportTextPane:194 - (OptionalMessage_ERROR) Unable to find key (Mcu.IPNb) in loaded IOC file
2024-11-11 23:46:45,335 [INFO] RtosManager:555 - Registered RTOS mode: class=CMSIS, group=RTOS, mode=CMSIS_V1, owner=FREERTOS
2024-11-11 23:46:45,335 [INFO] RtosManager:555 - Registered RTOS mode: class=CMSIS, group=RTOS2, mode=CMSIS_V2, owner=FREERTOS
2024-11-11 23:46:45,335 [INFO] RtosManager:555 - Registered RTOS mode: class=RTOS, group=Core, mode=CMSIS_V1, owner=FREERTOS
2024-11-11 23:46:45,335 [INFO] RtosManager:555 - Registered RTOS mode: class=RTOS, group=Core, mode=CMSIS_V2, owner=FREERTOS
2024-11-11 23:46:45,335 [WARN] ModelIntegratedComponent:184 - Missing modes for component STMicroelectronics:FreeRTOS:0.0.1:STMicroelectronics:RTOS:FreeRTOS:Core:::10.2.0:
2024-11-11 23:46:45,339 [WARN] ModelIntegratedComponent:63 - No mode defined for component null
2024-11-11 23:46:45,339 [WARN] ModelIntegratedComponent:63 - No mode defined for component null
2024-11-11 23:46:45,339 [WARN] ModelIntegratedComponent:63 - No mode defined for component null
2024-11-11 23:46:45,339 [WARN] ModelIntegratedComponent:63 - No mode defined for component null
2024-11-11 23:46:45,339 [WARN] ModelIntegratedComponent:63 - No mode defined for component null
2024-11-11 23:46:45,339 [WARN] ModelIntegratedComponent:63 - No mode defined for component null
2024-11-11 23:46:45,339 [WARN] ModelIntegratedComponent:63 - No mode defined for component null
2024-11-11 23:46:45,339 [WARN] ModelIntegratedComponent:63 - No mode defined for component null
2024-11-11 23:46:45,339 [WARN] ModelIntegratedComponent:63 - No mode defined for component null
2024-11-11 23:46:45,339 [WARN] ModelIntegratedComponent:63 - No mode defined for component null
2024-11-11 23:46:45,339 [WARN] ModelIntegratedComponent:63 - No mode defined for component null
2024-11-11 23:46:45,339 [WARN] ModelIntegratedComponent:63 - No mode defined for component null
2024-11-11 23:46:45,339 [WARN] ModelIntegratedComponent:63 - No mode defined for component null
2024-11-11 23:46:45,339 [WARN] ModelIntegratedComponent:63 - No mode defined for component null
2024-11-11 23:46:45,339 [WARN] ModelIntegratedComponent:63 - No mode defined for component null
2024-11-11 23:46:45,339 [WARN] ModelIntegratedComponent:63 - No mode defined for component null
2024-11-11 23:46:45,339 [WARN] ModelIntegratedComponent:63 - No mode defined for component null
2024-11-11 23:46:45,339 [WARN] ModelIntegratedComponent:63 - No mode defined for component null
2024-11-11 23:46:45,339 [WARN] ModelIntegratedComponent:63 - No mode defined for component null
2024-11-11 23:46:45,339 [WARN] ModelIntegratedComponent:63 - No mode defined for component null
2024-11-11 23:46:45,339 [WARN] ModelIntegratedComponent:63 - No mode defined for component null
2024-11-11 23:46:45,339 [WARN] ModelIntegratedComponent:63 - No mode defined for component null
2024-11-11 23:46:45,339 [WARN] ModelIntegratedComponent:63 - No mode defined for component null
2024-11-11 23:46:45,339 [WARN] ModelIntegratedComponent:63 - No mode defined for component null
2024-11-11 23:46:45,339 [WARN] ModelIntegratedComponent:63 - No mode defined for component null
2024-11-11 23:46:45,340 [WARN] ModelIntegratedComponent:63 - No mode defined for component null
2024-11-11 23:46:45,340 [WARN] ModelIntegratedComponent:63 - No mode defined for component null
2024-11-11 23:46:45,340 [WARN] ModelIntegratedComponent:63 - No mode defined for component null
2024-11-11 23:46:45,340 [WARN] ModelIntegratedComponent:63 - No mode defined for component null
2024-11-11 23:46:45,340 [WARN] ModelIntegratedComponent:63 - No mode defined for component null
2024-11-11 23:46:45,340 [WARN] ModelIntegratedComponent:63 - No mode defined for component null
2024-11-11 23:46:45,340 [WARN] ModelIntegratedComponent:63 - No mode defined for component null
2024-11-11 23:46:45,340 [WARN] ModelIntegratedComponent:63 - No mode defined for component null
2024-11-11 23:46:45,340 [WARN] ModelIntegratedComponent:63 - No mode defined for component null
2024-11-11 23:46:45,543 [INFO] ThirdPartyModel:298 - Start build external matchings
2024-11-11 23:46:48,105 [INFO] ThirdPartyModel:316 - End build external matchings
2024-11-11 23:46:48,529 [INFO] UtilMem:75 - End LoadConfig() Used Memory: 818370352 Bytes (1073741824)
2024-11-11 23:46:48,611 [WARN] ThirdParty:833 - waiting for thirdparty lock release [change project]
2024-11-11 23:46:48,611 [INFO] ThirdParty:835 - entering critical section [change project]
2024-11-11 23:46:48,611 [INFO] ThirdParty:1030 - CMSIS Pack Vendor :STMicroelectronics USBPD 4.1
2024-11-11 23:46:48,611 [INFO] ThirdParty:1030 - CMSIS Pack Vendor :STMicroelectronics X-CUBE-GNSS1 6.0.0
2024-11-11 23:46:48,611 [INFO] ThirdParty:1030 - CMSIS Pack Vendor :STMicroelectronics USB_HOST 2.0.0
2024-11-11 23:46:48,611 [INFO] ThirdParty:1030 - CMSIS Pack Vendor :STMicroelectronics FP-SNS-MOTENVWB1 1.4.0
2024-11-11 23:46:48,611 [INFO] ThirdParty:1030 - CMSIS Pack Vendor :STMicroelectronics X-CUBE-AZRTOS-F4 1.1.0
2024-11-11 23:46:48,611 [INFO] ThirdParty:1030 - CMSIS Pack Vendor :STMicroelectronics LIBJPEG 8.0.0
2024-11-11 23:46:48,611 [INFO] ThirdParty:1030 - CMSIS Pack Vendor :STMicroelectronics X-CUBE-SMBUS 2.1.0
2024-11-11 23:46:48,611 [INFO] ThirdParty:1030 - CMSIS Pack Vendor :STMicroelectronics X-CUBE-WB05N 1.1.0
2024-11-11 23:46:48,611 [INFO] ThirdParty:1030 - CMSIS Pack Vendor :STMicroelectronics X-CUBE-ISPU 2.1.0
2024-11-11 23:46:48,611 [INFO] ThirdParty:1030 - CMSIS Pack Vendor :STMicroelectronics X-CUBE-FREERTOS 1.2.0
2024-11-11 23:46:48,611 [INFO] ThirdParty:1030 - CMSIS Pack Vendor :STMicroelectronics X-CUBE-TOUCHGFX 4.23.1
2024-11-11 23:46:48,611 [INFO] ThirdParty:1030 - CMSIS Pack Vendor :STMicroelectronics X-CUBE-TOUCHGFX 4.23.0
2024-11-11 23:46:48,611 [INFO] ThirdParty:1030 - CMSIS Pack Vendor :STMicroelectronics X-CUBE-BLEMGR 1.2.0
2024-11-11 23:46:48,611 [INFO] ThirdParty:1030 - CMSIS Pack Vendor :STMicroelectronics X-CUBE-TOUCHGFX 4.23.2
2024-11-11 23:46:48,611 [INFO] ThirdParty:1030 - CMSIS Pack Vendor :STMicroelectronics X-CUBE-AZRTOS-F7 1.1.0
2024-11-11 23:46:48,611 [INFO] ThirdParty:1030 - CMSIS Pack Vendor :STMicroelectronics X-CUBE-AZRTOS-L5 2.0.0
2024-11-11 23:46:48,611 [INFO] ThirdParty:1030 - CMSIS Pack Vendor :STMicroelectronics USB_DEVICE 2.0.0
2024-11-11 23:46:48,611 [INFO] ThirdParty:1030 - CMSIS Pack Vendor :STMicroelectronics X-CUBE-MEMS1 9.6.0
2024-11-11 23:46:48,611 [INFO] ThirdParty:1030 - CMSIS Pack Vendor :STMicroelectronics X-CUBE-EEPRMA1 4.2.0
2024-11-11 23:46:48,611 [INFO] ThirdParty:1030 - CMSIS Pack Vendor :STMicroelectronics X-CUBE-NFC6 3.1.0
2024-11-11 23:46:48,611 [INFO] ThirdParty:1030 - CMSIS Pack Vendor :ITTIA_DB I-CUBE-ITTIADB 8.8.0
2024-11-11 23:46:48,611 [INFO] ThirdParty:1030 - CMSIS Pack Vendor :STMicroelectronics FP-SNS-MOTENV1 4.3.0
2024-11-11 23:46:48,611 [INFO] ThirdParty:1030 - CMSIS Pack Vendor :STMicroelectronics FP-SNS-MOTENV1 4.3.2
2024-11-11 23:46:48,611 [INFO] ThirdParty:1030 - CMSIS Pack Vendor :STMicroelectronics FP-SNS-FLIGHT1 5.0.0
2024-11-11 23:46:48,611 [INFO] ThirdParty:1030 - CMSIS Pack Vendor :STMicroelectronics FP-SNS-MOTENV1 4.3.1
2024-11-11 23:46:48,611 [INFO] ThirdParty:1030 - CMSIS Pack Vendor :STMicroelectronics FP-SNS-FLIGHT1 5.0.1
2024-11-11 23:46:48,611 [INFO] ThirdParty:1030 - CMSIS Pack Vendor :STMicroelectronics X-CUBE-BLE1 6.2.3
2024-11-11 23:46:48,611 [INFO] ThirdParty:1030 - CMSIS Pack Vendor :STMicroelectronics X-CUBE-MEMS1 11.0.0
2024-11-11 23:46:48,611 [INFO] ThirdParty:1030 - CMSIS Pack Vendor :STMicroelectronics X-CUBE-BLE1 6.2.4
2024-11-11 23:46:48,611 [INFO] ThirdParty:1030 - CMSIS Pack Vendor :STMicroelectronics FreeRTOS 0.0.1
2024-11-11 23:46:48,611 [INFO] ThirdParty:1030 - CMSIS Pack Vendor :STMicroelectronics X-CUBE-BLEMGR 2.0.0
2024-11-11 23:46:48,611 [INFO] ThirdParty:1030 - CMSIS Pack Vendor :STMicroelectronics X-CUBE-DPower 1.2.0
2024-11-11 23:46:48,611 [INFO] ThirdParty:1030 - CMSIS Pack Vendor :STMicroelectronics FP-SNS-FLIGHT1 5.0.2
2024-11-11 23:46:48,611 [INFO] ThirdParty:1030 - CMSIS Pack Vendor :STMicroelectronics X-CUBE-NFC4 2.0.4
2024-11-11 23:46:48,611 [INFO] ThirdParty:1030 - CMSIS Pack Vendor :STMicroelectronics X-CUBE-AI 9.0.0
2024-11-11 23:46:48,611 [INFO] ThirdParty:1030 - CMSIS Pack Vendor :STMicroelectronics X-CUBE-AZRTOS-H7 3.1.0
2024-11-11 23:46:48,611 [INFO] ThirdParty:1030 - CMSIS Pack Vendor :STMicroelectronics PDM2PCM 3.3.0
2024-11-11 23:46:48,611 [INFO] ThirdParty:1030 - CMSIS Pack Vendor :STMicroelectronics X-CUBE-TOF1 3.1.0
2024-11-11 23:46:48,611 [INFO] ThirdParty:1030 - CMSIS Pack Vendor :STMicroelectronics X-CUBE-DISPLAY 3.0.0
2024-11-11 23:46:48,611 [INFO] ThirdParty:1030 - CMSIS Pack Vendor :STMicroelectronics X-CUBE-BLE1 7.0.0
2024-11-11 23:46:48,611 [INFO] ThirdParty:1030 - CMSIS Pack Vendor :STMicroelectronics X-CUBE-NFC10 1.0.0
2024-11-11 23:46:48,611 [INFO] ThirdParty:1030 - CMSIS Pack Vendor :wolfSSL I-CUBE-wolfSSL 5.5.0
2024-11-11 23:46:48,611 [INFO] ThirdParty:1030 - CMSIS Pack Vendor :STMicroelectronics HAL Drivers 0.0.0
2024-11-11 23:46:48,611 [INFO] ThirdParty:1030 - CMSIS Pack Vendor :STMicroelectronics X-CUBE-TOUCHGFX 4.22.0
2024-11-11 23:46:48,611 [INFO] ThirdParty:1030 - CMSIS Pack Vendor :STMicroelectronics X-CUBE-NFC7 1.0.1
2024-11-11 23:46:48,611 [INFO] ThirdParty:1030 - CMSIS Pack Vendor :STMicroelectronics MBEDTLS 2.14.1
2024-11-11 23:46:48,612 [INFO] ThirdParty:1030 - CMSIS Pack Vendor :STMicroelectronics X-CUBE-NFC7 1.0.0
2024-11-11 23:46:48,612 [INFO] ThirdParty:1030 - CMSIS Pack Vendor :wolfSSL I-CUBE-wolfTPM 3.2.0
2024-11-11 23:46:48,612 [INFO] ThirdParty:1030 - CMSIS Pack Vendor :STMicroelectronics X-CUBE-NFC6 3.0.0
2024-11-11 23:46:48,612 [INFO] ThirdParty:1030 - CMSIS Pack Vendor :STMicroelectronics X-CUBE-MEMS1 9.3.0
2024-11-11 23:46:48,612 [INFO] ThirdParty:1030 - CMSIS Pack Vendor :STMicroelectronics X-CUBE-EEPRMA1 4.1.0
2024-11-11 23:46:48,612 [INFO] ThirdParty:1030 - CMSIS Pack Vendor :STMicroelectronics X-CUBE-AI 7.2.0
2024-11-11 23:46:48,612 [INFO] ThirdParty:1030 - CMSIS Pack Vendor :STMicroelectronics X-CUBE-BLEMGR 3.1.0
2024-11-11 23:46:48,612 [INFO] ThirdParty:1030 - CMSIS Pack Vendor :STMicroelectronics FP-SNS-SMARTAG2 1.2.0
2024-11-11 23:46:48,612 [INFO] ThirdParty:1030 - CMSIS Pack Vendor :STMicroelectronics X-CUBE-AZRTOS-WL 2.0.0
2024-11-11 23:46:48,612 [INFO] ThirdParty:1030 - CMSIS Pack Vendor :STMicroelectronics FP-SNS-MOTENV1 5.0.0
2024-11-11 23:46:48,612 [INFO] ThirdParty:1030 - CMSIS Pack Vendor :STMicroelectronics USB_DEVICE 1.0.0
2024-11-11 23:46:48,612 [INFO] ThirdParty:1030 - CMSIS Pack Vendor :STMicroelectronics X-CUBE-AI 8.1.0
2024-11-11 23:46:48,612 [INFO] ThirdParty:1030 - CMSIS Pack Vendor :wolfSSL I-CUBE-wolfMQTT 1.19.0
2024-11-11 23:46:48,612 [INFO] ThirdParty:1030 - CMSIS Pack Vendor :STMicroelectronics X-CUBE-AZRTOS-L4 2.0.0
2024-11-11 23:46:48,612 [INFO] ThirdParty:1030 - CMSIS Pack Vendor :STMicroelectronics ThreadX 0.0.2
2024-11-11 23:46:48,612 [INFO] ThirdParty:1030 - CMSIS Pack Vendor :WES I-CUBE-Cesium 1.3.0
2024-11-11 23:46:48,612 [INFO] ThirdParty:1030 - CMSIS Pack Vendor :STMicroelectronics lwIP 2.1.2
2024-11-11 23:46:48,612 [INFO] ThirdParty:1030 - CMSIS Pack Vendor :STMicroelectronics X-CUBE-SFXS2LP1 4.0.0
2024-11-11 23:46:48,612 [INFO] ThirdParty:1030 - CMSIS Pack Vendor :STMicroelectronics X-CUBE-BLE2 3.3.0
2024-11-11 23:46:48,612 [INFO] ThirdParty:1030 - CMSIS Pack Vendor :STMicroelectronics X-CUBE-DISPLAY 2.2.0
2024-11-11 23:46:48,612 [INFO] ThirdParty:1030 - CMSIS Pack Vendor :STMicroelectronics X-CUBE-TOF1 3.2.0
2024-11-11 23:46:48,612 [INFO] ThirdParty:1030 - CMSIS Pack Vendor :STMicroelectronics PDM2PCM 3.2.0
2024-11-11 23:46:48,612 [INFO] ThirdParty:1030 - CMSIS Pack Vendor :STMicroelectronics X-CUBE-AZRTOS-H7 3.0.0
2024-11-11 23:46:48,612 [INFO] ThirdParty:1030 - CMSIS Pack Vendor :STMicroelectronics X-CUBE-ISPU 1.0.0
2024-11-11 23:46:48,612 [INFO] ThirdParty:1030 - CMSIS Pack Vendor :STMicroelectronics X-CUBE-ISPU 1.1.0
2024-11-11 23:46:48,612 [INFO] ThirdParty:1030 - CMSIS Pack Vendor :STMicroelectronics X-CUBE-AZRTOS-H7 3.3.0
2024-11-11 23:46:48,612 [INFO] ThirdParty:1030 - CMSIS Pack Vendor :RoweBots I-CUBE-UNISONRTOS 5.5.0-4
2024-11-11 23:46:48,612 [INFO] ThirdParty:1030 - CMSIS Pack Vendor :STMicroelectronics X-CUBE-NFC9 1.0.0
2024-11-11 23:46:48,612 [INFO] ThirdParty:1030 - CMSIS Pack Vendor :STMicroelectronics X-CUBE-AZRTOS-H7 2.1.0
2024-11-11 23:46:48,612 [INFO] ThirdParty:1030 - CMSIS Pack Vendor :STMicroelectronics USB_DEVICE 3.0.0
2024-11-11 23:46:48,612 [INFO] ThirdParty:1030 - CMSIS Pack Vendor :STMicroelectronics X-CUBE-TCPP 4.1.0
2024-11-11 23:46:48,612 [INFO] ThirdParty:1030 - CMSIS Pack Vendor :STMicroelectronics X-CUBE-AI 8.0.0
2024-11-11 23:46:48,612 [INFO] ThirdParty:1030 - CMSIS Pack Vendor :STMicroelectronics X-CUBE-IPS 3.0.0
2024-11-11 23:46:48,612 [INFO] ThirdParty:1030 - CMSIS Pack Vendor :STMicroelectronics X-CUBE-AZRTOS-WB 2.0.0
2024-11-11 23:46:48,612 [INFO] ThirdParty:1030 - CMSIS Pack Vendor :STMicroelectronics X-CUBE-FREERTOS 1.0.0
2024-11-11 23:46:48,612 [INFO] ThirdParty:1030 - CMSIS Pack Vendor :STMicroelectronics X-CUBE-FREERTOS 1.0.1
2024-11-11 23:46:48,612 [INFO] ThirdParty:1030 - CMSIS Pack Vendor :STMicroelectronics X-CUBE-TOUCHGFX 4.21.1
2024-11-11 23:46:48,612 [INFO] ThirdParty:1030 - CMSIS Pack Vendor :STMicroelectronics X-CUBE-GNSS1 7.0.0
2024-11-11 23:46:48,612 [INFO] ThirdParty:1030 - CMSIS Pack Vendor :STMicroelectronics X-CUBE-TOUCHGFX 4.21.3
2024-11-11 23:46:48,612 [INFO] ThirdParty:1030 - CMSIS Pack Vendor :STMicroelectronics X-CUBE-BLEMGR 1.0.0
2024-11-11 23:46:48,612 [INFO] ThirdParty:1030 - CMSIS Pack Vendor :STMicroelectronics X-CUBE-TOUCHGFX 4.21.4
2024-11-11 23:46:48,612 [INFO] ThirdParty:1030 - CMSIS Pack Vendor :STMicroelectronics X-CUBE-MEMS1 9.4.0
2024-11-11 23:46:48,612 [INFO] ThirdParty:1030 - CMSIS Pack Vendor :STMicroelectronics X-CUBE-AI 7.3.0
2024-11-11 23:46:48,612 [INFO] ThirdParty:1030 - CMSIS Pack Vendor :STMicroelectronics FP-SNS-STBOX1 2.0.0
2024-11-11 23:46:48,612 [INFO] ThirdParty:1030 - CMSIS Pack Vendor :STMicroelectronics X-CUBE-ALGOBUILD 1.3.0
2024-11-11 23:46:48,612 [INFO] ThirdParty:1030 - CMSIS Pack Vendor :STMicroelectronics X-CUBE-AZRTOS-L5 1.1.0
2024-11-11 23:46:48,612 [INFO] ThirdParty:1030 - CMSIS Pack Vendor :STMicroelectronics X-CUBE-AZRTOS-G0 1.1.0
2024-11-11 23:46:48,612 [INFO] ThirdParty:1030 - CMSIS Pack Vendor :STMicroelectronics X-CUBE-AI 8.0.1
2024-11-11 23:46:48,612 [INFO] ThirdParty:1030 - CMSIS Pack Vendor :STMicroelectronics X-CUBE-SAFEA1 1.2.2
2024-11-11 23:46:48,612 [INFO] ThirdParty:1030 - CMSIS Pack Vendor :STMicroelectronics X-CUBE-NFC4 3.0.0
2024-11-11 23:46:48,612 [INFO] ThirdParty:1030 - CMSIS Pack Vendor :SEGGER I-CUBE-embOS 1.2.0
2024-11-11 23:46:48,612 [INFO] ThirdParty:1030 - CMSIS Pack Vendor :STMicroelectronics X-CUBE-SUBG2 5.0.0
2024-11-11 23:46:48,612 [INFO] ThirdParty:1030 - CMSIS Pack Vendor :STMicroelectronics STM32_WPAN 1.0.0
2024-11-11 23:46:48,612 [INFO] ThirdParty:1030 - CMSIS Pack Vendor :EmbeddedOffice I-CUBE-FS-RTOS 1.0.1
2024-11-11 23:46:48,612 [INFO] ThirdParty:1030 - CMSIS Pack Vendor :STMicroelectronics lwIP 2.0.3
2024-11-11 23:46:48,612 [INFO] ThirdParty:1030 - CMSIS Pack Vendor :STMicroelectronics USB_HOST 1.0.0
2024-11-11 23:46:48,612 [INFO] ThirdParty:1030 - CMSIS Pack Vendor :STMicroelectronics X-CUBE-TOF1 3.3.1
2024-11-11 23:46:48,612 [INFO] ThirdParty:1030 - CMSIS Pack Vendor :STMicroelectronics X-CUBE-AZRTOS-G4 2.0.0
2024-11-11 23:46:48,612 [INFO] ThirdParty:1030 - CMSIS Pack Vendor :STMicroelectronics PDM2PCM 3.1.0
2024-11-11 23:46:48,612 [INFO] ThirdParty:1030 - CMSIS Pack Vendor :STMicroelectronics X-CUBE-TOF1 3.3.0
2024-11-11 23:46:48,612 [INFO] ThirdParty:1030 - CMSIS Pack Vendor :STMicroelectronics FP-ATR-ASTRA1 1.1.1
2024-11-11 23:46:48,612 [INFO] ThirdParty:1030 - CMSIS Pack Vendor :Infineon AIROC-Wi-Fi-Bluetooth-STM32 1.5.1
2024-11-11 23:46:48,612 [INFO] ThirdParty:1030 - CMSIS Pack Vendor :STMicroelectronics X-CUBE-BLEMGR 3.0.0
2024-11-11 23:46:48,612 [INFO] ThirdParty:1030 - CMSIS Pack Vendor :STMicroelectronics X-CUBE-BLEMGR 1.3.0
2024-11-11 23:46:48,612 [INFO] ThirdParty:1030 - CMSIS Pack Vendor :RealThread X-CUBE-RT-Thread_Nano 4.1.1
2024-11-11 23:46:48,612 [INFO] ThirdParty:1030 - CMSIS Pack Vendor :STMicroelectronics FP-SNS-MOTENVWB1 1.3.1
2024-11-11 23:46:48,612 [INFO] ThirdParty:1030 - CMSIS Pack Vendor :STMicroelectronics FP-ATR-SIGFOX1 3.2.0
2024-11-11 23:46:48,612 [INFO] ThirdParty:1030 - CMSIS Pack Vendor :STMicroelectronics X-CUBE-AZRTOS-G4 1.0.0
2024-11-11 23:46:48,612 [INFO] ThirdParty:1030 - CMSIS Pack Vendor :STMicroelectronics X-CUBE-AZRTOS-L4 1.0.0
2024-11-11 23:46:48,612 [INFO] ThirdParty:1030 - CMSIS Pack Vendor :STMicroelectronics X-CUBE-ISPU 2.0.0
2024-11-11 23:46:48,612 [INFO] ThirdParty:1030 - CMSIS Pack Vendor :STMicroelectronics X-CUBE-EEPRMA1 5.1.0
2024-11-11 23:46:48,612 [INFO] ThirdParty:1030 - CMSIS Pack Vendor :STMicroelectronics MBEDTLS 2.16.2
2024-11-11 23:46:48,612 [INFO] ThirdParty:1030 - CMSIS Pack Vendor :STMicroelectronics X-CUBE-ALS 1.0.2
2024-11-11 23:46:48,612 [INFO] ThirdParty:1030 - CMSIS Pack Vendor :emotas I-CUBE-CANOPEN 1.1.2
2024-11-11 23:46:48,612 [INFO] ThirdParty:1030 - CMSIS Pack Vendor :STMicroelectronics X-CUBE-TOUCHGFX 4.20.0
2024-11-11 23:46:48,612 [INFO] ThirdParty:1030 - CMSIS Pack Vendor :STMicroelectronics X-CUBE-MEMS1 10.0.0
2024-11-11 23:46:48,612 [INFO] ThirdParty:1030 - CMSIS Pack Vendor :STMicroelectronics X-CUBE-FREERTOS 1.1.0
2024-11-11 23:46:48,612 [INFO] ThirdParty:1030 - CMSIS Pack Vendor :STMicroelectronics X-CUBE-TOUCHGFX 4.24.0
2024-11-11 23:46:48,612 [INFO] ThirdParty:1030 - CMSIS Pack Vendor :STMicroelectronics X-CUBE-AZRTOS-WL 1.0.0
2024-11-11 23:46:48,612 [INFO] ThirdParty:1030 - CMSIS Pack Vendor :STMicroelectronics X-CUBE-TOUCHGFX 4.24.1
2024-11-11 23:46:48,612 [INFO] ThirdParty:1030 - CMSIS Pack Vendor :portGmbH I-Cube-SoM-uGOAL 1.1.0
2024-11-11 23:46:48,612 [INFO] ThirdParty:1030 - CMSIS Pack Vendor :STMicroelectronics X-CUBE-ALS 1.0.1
2024-11-11 23:46:48,612 [INFO] ThirdParty:1030 - CMSIS Pack Vendor :STMicroelectronics X-CUBE-MEMS1 9.5.0
2024-11-11 23:46:48,612 [INFO] ThirdParty:1030 - CMSIS Pack Vendor :STMicroelectronics ThreadX 1.0.0
2024-11-11 23:46:48,612 [INFO] ThirdParty:1030 - CMSIS Pack Vendor :STMicroelectronics X-CUBE-AZRTOS-WB 1.1.0
2024-11-11 23:46:48,612 [INFO] ThirdParty:1030 - CMSIS Pack Vendor :SEGGER I-CUBE-embOS 1.3.1
2024-11-11 23:46:48,612 [INFO] ThirdParty:1030 - CMSIS Pack Vendor :STMicroelectronics X-CUBE-ALGOBUILD 1.4.0
2024-11-11 23:46:48,612 [INFO] ThirdParty:1030 - CMSIS Pack Vendor :STMicroelectronics X-CUBE-AZRTOS-L5 1.0.0
2024-11-11 23:46:48,612 [INFO] ThirdParty:1030 - CMSIS Pack Vendor :STMicroelectronics X-CUBE-EEPRMA1 3.1.1
2024-11-11 23:46:48,612 [INFO] ThirdParty:1030 - CMSIS Pack Vendor :STMicroelectronics X-CUBE-AZRTOS-H7RS 1.0.0
2024-11-11 23:46:48,612 [INFO] ThirdParty:1030 - CMSIS Pack Vendor :STMicroelectronics FP-ATR-ASTRA1 2.0.0
2024-11-11 23:46:48,612 [INFO] ThirdParty:1030 - CMSIS Pack Vendor :STMicroelectronics X-CUBE-TOF1 3.4.2
2024-11-11 23:46:48,612 [INFO] ThirdParty:1030 - CMSIS Pack Vendor :STMicroelectronics X-CUBE-AI 9.1.0
2024-11-11 23:46:48,612 [INFO] ThirdParty:1030 - CMSIS Pack Vendor :STMicroelectronics X-CUBE-TOF1 3.4.0
2024-11-11 23:46:48,613 [INFO] ThirdParty:1030 - CMSIS Pack Vendor :STMicroelectronics X-CUBE-TOF1 3.4.1
2024-11-11 23:46:48,613 [INFO] ThirdParty:1030 - CMSIS Pack Vendor :STMicroelectronics X-CUBE-AZRTOS-H7 3.2.0
2024-11-11 23:46:48,613 [INFO] ThirdParty:1030 - CMSIS Pack Vendor :wolfSSL I-CUBE-wolfSSH 1.4.17
2024-11-11 23:46:48,613 [INFO] ThirdParty:841 - exiting critical section [change project]
2024-11-11 23:46:48,897 [INFO] PinOutPanel:1561 - setPackage(No Configuration,No Configuration)
2024-11-11 23:46:48,898 [INFO] PinOutPanel:1561 - setPackage(STM32G474RETx,LQFP64)
2024-11-11 23:46:49,301 [INFO] UtilMem:75 - Before build in PCC Used Memory: 888147984 Bytes (1073741824)
2024-11-11 23:46:50,055 [INFO] UtilMem:75 - After build in PCC Used Memory: 787146320 Bytes (1073741824)
2024-11-11 23:46:50,076 [INFO] IPUIPlugin:80 - create IPUIPlugin
2024-11-11 23:46:50,076 [INFO] IPUIPlugin:80 - create IPUIPlugin
2024-11-11 23:46:50,076 [INFO] IPUIPlugin:80 - create IPUIPlugin
2024-11-11 23:46:50,076 [INFO] IPUIPlugin:80 - create IPUIPlugin
2024-11-11 23:46:50,076 [INFO] IPUIPlugin:80 - create IPUIPlugin
2024-11-11 23:46:50,076 [INFO] IPUIPlugin:80 - create IPUIPlugin
2024-11-11 23:46:50,076 [INFO] IPUIPlugin:80 - create IPUIPlugin
2024-11-11 23:46:50,076 [INFO] IPUIPlugin:80 - create IPUIPlugin
2024-11-11 23:46:50,076 [INFO] IPUIPlugin:80 - create IPUIPlugin
2024-11-11 23:46:50,076 [INFO] IPUIPlugin:80 - create IPUIPlugin
2024-11-11 23:46:50,076 [INFO] IPUIPlugin:80 - create IPUIPlugin
2024-11-11 23:46:50,076 [INFO] IPUIPlugin:80 - create IPUIPlugin
2024-11-11 23:46:50,076 [INFO] IPUIPlugin:80 - create IPUIPlugin
2024-11-11 23:46:50,077 [INFO] IPUIPlugin:80 - create IPUIPlugin
2024-11-11 23:46:50,077 [INFO] IPUIPlugin:80 - create IPUIPlugin
2024-11-11 23:46:50,077 [INFO] IPUIPlugin:80 - create IPUIPlugin
2024-11-11 23:46:50,077 [INFO] IPUIPlugin:80 - create IPUIPlugin
2024-11-11 23:46:50,077 [INFO] IPUIPlugin:80 - create IPUIPlugin
2024-11-11 23:46:50,077 [INFO] IPUIPlugin:80 - create IPUIPlugin
2024-11-11 23:46:50,077 [INFO] IPUIPlugin:80 - create IPUIPlugin
2024-11-11 23:46:50,077 [INFO] IPUIPlugin:80 - create IPUIPlugin
2024-11-11 23:46:50,077 [INFO] IPUIPlugin:80 - create IPUIPlugin
2024-11-11 23:46:50,077 [INFO] IPUIPlugin:80 - create IPUIPlugin
2024-11-11 23:46:50,077 [INFO] IPUIPlugin:80 - create IPUIPlugin
2024-11-11 23:46:50,077 [INFO] IPUIPlugin:80 - create IPUIPlugin
2024-11-11 23:46:50,077 [INFO] IPUIPlugin:80 - create IPUIPlugin
2024-11-11 23:46:50,077 [INFO] IPUIPlugin:80 - create IPUIPlugin
2024-11-11 23:46:50,078 [INFO] IPUIPlugin:80 - create IPUIPlugin
2024-11-11 23:46:50,078 [INFO] IPUIPlugin:80 - create IPUIPlugin
2024-11-11 23:46:50,078 [INFO] IPUIPlugin:80 - create IPUIPlugin
2024-11-11 23:46:50,078 [INFO] IPUIPlugin:80 - create IPUIPlugin
2024-11-11 23:46:50,078 [INFO] IPUIPlugin:80 - create IPUIPlugin
2024-11-11 23:46:50,078 [INFO] IPUIPlugin:80 - create IPUIPlugin
2024-11-11 23:46:50,078 [INFO] IPUIPlugin:80 - create IPUIPlugin
2024-11-11 23:46:50,078 [INFO] IPUIPlugin:80 - create IPUIPlugin
2024-11-11 23:46:50,078 [INFO] IPUIPlugin:80 - create IPUIPlugin
2024-11-11 23:46:50,078 [INFO] IPUIPlugin:80 - create IPUIPlugin
2024-11-11 23:46:50,079 [INFO] IPUIPlugin:80 - create IPUIPlugin
2024-11-11 23:46:50,079 [INFO] IPUIPlugin:80 - create IPUIPlugin
2024-11-11 23:46:50,079 [INFO] IPUIPlugin:80 - create IPUIPlugin
2024-11-11 23:46:50,079 [INFO] IPUIPlugin:80 - create IPUIPlugin
2024-11-11 23:46:50,079 [INFO] IPUIPlugin:80 - create IPUIPlugin
2024-11-11 23:46:50,079 [INFO] IPUIPlugin:80 - create IPUIPlugin
2024-11-11 23:46:50,079 [INFO] IPUIPlugin:80 - create IPUIPlugin
2024-11-11 23:46:50,079 [INFO] IPUIPlugin:80 - create IPUIPlugin
2024-11-11 23:46:50,079 [INFO] IPUIPlugin:80 - create IPUIPlugin
2024-11-11 23:46:50,079 [INFO] IPUIPlugin:80 - create IPUIPlugin
2024-11-11 23:46:50,080 [INFO] IPUIPlugin:80 - create IPUIPlugin
2024-11-11 23:46:50,080 [INFO] IPUIPlugin:80 - create IPUIPlugin
2024-11-11 23:46:50,080 [INFO] IPUIPlugin:80 - create IPUIPlugin
2024-11-11 23:46:50,080 [INFO] IPUIPlugin:80 - create IPUIPlugin
2024-11-11 23:46:50,080 [INFO] IPUIPlugin:80 - create IPUIPlugin
2024-11-11 23:46:50,080 [INFO] IPUIPlugin:80 - create IPUIPlugin
2024-11-11 23:46:50,081 [INFO] IPUIPlugin:80 - create IPUIPlugin
2024-11-11 23:46:50,081 [INFO] IPUIPlugin:80 - create IPUIPlugin
2024-11-11 23:46:50,081 [INFO] IPUIPlugin:80 - create IPUIPlugin
2024-11-11 23:46:50,081 [INFO] IPUIPlugin:80 - create IPUIPlugin
2024-11-11 23:46:50,081 [INFO] IPUIPlugin:80 - create IPUIPlugin
2024-11-11 23:46:50,081 [INFO] IPUIPlugin:80 - create IPUIPlugin
2024-11-11 23:46:50,082 [INFO] IPUIPlugin:80 - create IPUIPlugin
2024-11-11 23:46:50,082 [INFO] IPUIPlugin:80 - create IPUIPlugin
2024-11-11 23:46:50,082 [INFO] IPUIPlugin:80 - create IPUIPlugin
2024-11-11 23:46:50,082 [INFO] IPUIPlugin:80 - create IPUIPlugin
2024-11-11 23:46:50,082 [INFO] IPUIPlugin:80 - create IPUIPlugin
2024-11-11 23:46:50,082 [INFO] IPUIPlugin:80 - create IPUIPlugin
2024-11-11 23:46:50,082 [INFO] IPUIPlugin:80 - create IPUIPlugin
2024-11-11 23:46:50,083 [INFO] IPUIPlugin:80 - create IPUIPlugin
2024-11-11 23:46:50,083 [INFO] IPUIPlugin:80 - create IPUIPlugin
2024-11-11 23:46:50,083 [INFO] IPUIPlugin:80 - create IPUIPlugin
2024-11-11 23:46:50,083 [INFO] IPUIPlugin:80 - create IPUIPlugin
2024-11-11 23:46:50,083 [INFO] IPUIPlugin:80 - create IPUIPlugin
2024-11-11 23:46:50,084 [INFO] IPUIPlugin:80 - create IPUIPlugin
2024-11-11 23:46:50,084 [INFO] IPUIPlugin:80 - create IPUIPlugin
2024-11-11 23:46:50,084 [INFO] IPUIPlugin:80 - create IPUIPlugin
2024-11-11 23:46:50,084 [INFO] IPUIPlugin:80 - create IPUIPlugin
2024-11-11 23:46:50,085 [INFO] IPUIPlugin:80 - create IPUIPlugin
2024-11-11 23:46:50,085 [INFO] IPUIPlugin:80 - create IPUIPlugin
2024-11-11 23:46:50,212 [INFO] CADModel:165 - CPN selected for project levelSTM32G474RET6
2024-11-11 23:46:50,212 [INFO] CADModel:114 - Register for checkConnection events
2024-11-11 23:46:50,264 [INFO] OpenFileManager:343 - Restore cursor
2024-11-11 23:46:50,956 [INFO] UtilMem:75 - End SaveConfig() Used Memory: 929748008 Bytes (1073741824)
2024-11-11 23:46:51,014 [INFO] UtilMem:75 - End SaveConfig() Used Memory: 779861968 Bytes (1073741824)
2024-11-11 23:46:51,370 [INFO] BlockDiagram:2759 - set Specific Code input for plugin: RCC
2024-11-11 23:46:51,370 [INFO] BlockDiagram:2759 - set Specific Code input for plugin: NVIC
2024-11-11 23:46:51,371 [INFO] CodeGenerator:807 - code generatio: config db path: C:\ST\STM32CubeIDE_1.10.1\STM32CubeIDE\plugins\com.st.stm32cube.common.mx_6.11.1.202404110753\\db\
2024-11-11 23:46:51,471 [INFO] CodeEngine:255 - oldGeneratedFile, D:\Download\DeleteThis\MasterFinalBMS\MXTmpFiles\license.tmp_save
2024-11-11 23:46:51,709 [INFO] CodeEngine:279 - Generated code: D:\Download\DeleteThis\MasterFinalBMS\MXTmpFiles\license.tmp
2024-11-11 23:46:51,729 [INFO] CodeEngine:255 - oldGeneratedFile, D:\Download\DeleteThis\MasterFinalBMS\Core\Src\stm32g4xx_it.c_save
2024-11-11 23:46:51,865 [INFO] CodeEngine:279 - Generated code: D:\Download\DeleteThis\MasterFinalBMS\Core\Src\stm32g4xx_it.c
2024-11-11 23:46:51,874 [INFO] CodeEngine:255 - oldGeneratedFile, D:\Download\DeleteThis\MasterFinalBMS\Core\Inc\stm32g4xx_it.h_save
2024-11-11 23:46:51,942 [INFO] CodeEngine:279 - Generated code: D:\Download\DeleteThis\MasterFinalBMS\Core\Inc\stm32g4xx_it.h
2024-11-11 23:46:52,121 [INFO] CodeEngine:255 - oldGeneratedFile, D:\Download\DeleteThis\MasterFinalBMS\Core\Src\stm32g4xx_hal_msp.c_save
2024-11-11 23:46:52,243 [INFO] CodeEngine:279 - Generated code: D:\Download\DeleteThis\MasterFinalBMS\Core\Src\stm32g4xx_hal_msp.c
2024-11-11 23:46:52,251 [INFO] CodeEngine:255 - oldGeneratedFile, D:\Download\DeleteThis\MasterFinalBMS\MXTmpFiles\system.tmp_save
2024-11-11 23:46:52,291 [INFO] CodeEngine:279 - Generated code: D:\Download\DeleteThis\MasterFinalBMS\MXTmpFiles\system.tmp
2024-11-11 23:46:52,308 [INFO] CodeEngine:311 - oldGeneratedFile, D:\Download\DeleteThis\MasterFinalBMS\Core\Inc\stm32g4xx_hal_conf.h_save
2024-11-11 23:46:52,366 [INFO] CodeEngine:335 - Generated code: D:\Download\DeleteThis\MasterFinalBMS\Core\Inc\stm32g4xx_hal_conf.h
2024-11-11 23:46:52,392 [WARN] IPConfigManager:2982 - Warning: the RefConfig RCC_CommonPeriphClockConfig is not available in your config.xml file
2024-11-11 23:46:52,405 [INFO] CodeEngine:255 - oldGeneratedFile, D:\Download\DeleteThis\MasterFinalBMS\Core\Inc\main.h_save
2024-11-11 23:46:52,503 [INFO] CodeEngine:279 - Generated code: D:\Download\DeleteThis\MasterFinalBMS\Core\Inc\main.h
2024-11-11 23:46:52,514 [INFO] CodeEngine:255 - oldGeneratedFile, D:\Download\DeleteThis\MasterFinalBMS\Core\Src\main.c_save
2024-11-11 23:46:52,613 [INFO] CodeEngine:279 - Generated code: D:\Download\DeleteThis\MasterFinalBMS\Core\Src\main.c
2024-11-11 23:46:52,981 [INFO] ProjectBuilder:3163 - Time for Copy HAL[1] : 141mS.
2024-11-11 23:46:52,986 [INFO] ProjectBuilder:4736 - Project Generator version: 4.3.0-B58
2024-11-11 23:46:53,048 [INFO] ConfigFileManager:1503 - The Die is : DIE469
2024-11-11 23:46:53,063 [INFO] ApiDbMcu:508 - Load IP Config File for FATFS
2024-11-11 23:46:53,074 [INFO] ApiDbMcu:508 - Load IP Config File for FREERTOS
2024-11-11 23:46:53,085 [INFO] ApiDbMcu:508 - Load IP Config File for USBPD
2024-11-11 23:46:53,099 [INFO] ApiDbMcu:508 - Load IP Config File for USB_Device
2024-11-11 23:46:53,546 [INFO] LogOutputStream:77 - [STDOUT_REDIRECT] 
2024-11-11 23:46:55,253 [INFO] ProjectBuilder:5002 - Time for Generating toolchain IDE Files: 2267mS.
2024-11-11 23:46:55,253 [INFO] ProjectBuilder:3034 - Time for Copy CMSIS : 0mS.
2024-11-11 23:46:55,255 [INFO] ProjectBuilder:3034 - Time for Copy CMSIS : 0mS.
2024-11-11 23:46:55,862 [INFO] McuFinderGlobals:76 - Set McuFinderConnectedMode to true
2024-11-11 23:46:55,865 [INFO] ApiDb:448 - Save user favorites file C:\Users\saksh/.stm32cubeide/favorites.mcus.txt: 1 item(s)
2024-11-11 23:46:55,866 [INFO] ApiDb:452 - User favorites MCUs=[STM32F103C8T6]
2024-11-11 23:47:06,358 [INFO] ADCParametersView:116 -                Rank 1 : false
2024-11-11 23:47:06,473 [INFO] ADCParametersView:116 -                Rank 1 : false
2024-11-11 23:47:06,473 [INFO] ADCParametersView:116 -                Rank 1 : false
2024-11-11 23:47:06,473 [INFO] ADCParametersView:116 -                Rank 1 : false
2024-11-11 23:47:06,473 [INFO] ADCParametersView:116 -                Rank 1 : false
2024-11-11 23:47:06,473 [INFO] ADCParametersView:116 -                Rank 1 : false
2024-11-11 23:47:06,473 [INFO] ADCParametersView:116 -                Rank 1 : false
2024-11-11 23:47:06,473 [INFO] ADCParametersView:116 -                Rank 1 : false
2024-11-11 23:47:06,473 [INFO] ADCParametersView:116 -                Rank 1 : false
2024-11-11 23:47:06,474 [INFO] ADCParametersView:116 -                Rank 1 : false
2024-11-11 23:47:06,474 [INFO] ADCParametersView:116 -                Rank 1 : false
2024-11-11 23:47:06,474 [INFO] ADCParametersView:116 -                Rank 1 : false
2024-11-11 23:47:06,474 [INFO] ADCParametersView:116 -                Rank 1 : false
2024-11-11 23:47:06,474 [INFO] ADCParametersView:116 -                Rank 1 : false
2024-11-11 23:47:06,474 [INFO] ADCParametersView:116 -                Rank 1 : false
2024-11-11 23:47:06,474 [INFO] ADCParametersView:116 -                Rank 1 : false
2024-11-11 23:47:06,474 [INFO] ADCParametersView:116 -                Rank 1 : false
2024-11-11 23:47:06,474 [INFO] ADCParametersView:116 -                Rank 1 : false
2024-11-11 23:47:06,474 [INFO] ADCParametersView:116 -                Rank 1 : false
2024-11-11 23:47:06,474 [INFO] ADCParametersView:116 -                Rank 1 : false
2024-11-11 23:47:06,474 [INFO] ADCParametersView:116 -                Rank 1 : false
2024-11-11 23:47:06,474 [INFO] ADCParametersView:116 -                Rank 1 : false
2024-11-11 23:47:06,483 [INFO] ADCParametersView:116 -                Rank 1 : false
2024-11-11 23:47:06,524 [INFO] NvicIntPanel:101 - NVIC parent = com.st.microxplorer.plugins.ip.nvic.MultiNvicIntPanel[,0,0,0x0,invalid,layout=javax.swing.BoxLayout,alignmentX=0.0,alignmentY=0.0,border=,flags=9,maximumSize=,minimumSize=,preferredSize=]
2024-11-11 23:47:06,617 [INFO] ADCParametersView:116 -                Rank 1 : false
2024-11-11 23:47:06,617 [INFO] ADCParametersView:116 -                Rank 1 : false
2024-11-11 23:47:06,617 [INFO] ADCParametersView:116 -                Rank 1 : false
2024-11-11 23:47:06,618 [INFO] ADCParametersView:116 -                Rank 1 : false
2024-11-11 23:47:06,618 [INFO] ADCParametersView:116 -                Rank 1 : false
2024-11-11 23:47:06,618 [INFO] ADCParametersView:116 -                Rank 1 : false
2024-11-11 23:47:06,618 [INFO] ADCParametersView:116 -                Rank 1 : false
2024-11-11 23:47:06,618 [INFO] ADCParametersView:116 -                Rank 1 : false
2024-11-11 23:47:06,618 [INFO] ADCParametersView:116 -                Rank 1 : false
2024-11-11 23:47:06,618 [INFO] ADCParametersView:116 -                Rank 1 : false
2024-11-11 23:47:06,618 [INFO] ADCParametersView:116 -                Rank 1 : false
2024-11-11 23:47:06,618 [INFO] ADCParametersView:116 -                Rank 1 : false
2024-11-11 23:47:06,618 [INFO] ADCParametersView:116 -                Rank 1 : false
2024-11-11 23:47:06,618 [INFO] ADCParametersView:116 -                Rank 1 : false
2024-11-11 23:47:06,618 [INFO] ADCParametersView:116 -                Rank 1 : false
2024-11-11 23:47:06,618 [INFO] ADCParametersView:116 -                Rank 1 : false
2024-11-11 23:47:06,618 [INFO] ADCParametersView:116 -                Rank 1 : false
2024-11-11 23:47:06,618 [INFO] ADCParametersView:116 -                Rank 1 : false
2024-11-11 23:47:06,618 [INFO] ADCParametersView:116 -                Rank 1 : false
2024-11-11 23:47:06,618 [INFO] ADCParametersView:116 -                Rank 1 : false
2024-11-11 23:47:06,618 [INFO] ADCParametersView:116 -                Rank 1 : false
2024-11-11 23:47:06,630 [INFO] ADCParametersView:116 -                Rank 1 : false
2024-11-11 23:47:06,644 [INFO] ADCParametersView:116 -                Rank 1 : false
2024-11-11 23:47:06,644 [INFO] ADCParametersView:116 -                Rank 1 : false
2024-11-11 23:47:06,645 [INFO] ADCParametersView:116 -                Rank 1 : false
2024-11-11 23:47:06,645 [INFO] ADCParametersView:116 -                Rank 1 : false
2024-11-11 23:47:06,645 [INFO] ADCParametersView:116 -                Rank 1 : false
2024-11-11 23:47:06,645 [INFO] ADCParametersView:116 -                Rank 1 : false
2024-11-11 23:47:06,645 [INFO] ADCParametersView:116 -                Rank 1 : false
2024-11-11 23:47:06,645 [INFO] ADCParametersView:116 -                Rank 1 : false
2024-11-11 23:47:06,645 [INFO] ADCParametersView:116 -                Rank 1 : false
2024-11-11 23:47:06,645 [INFO] ADCParametersView:116 -                Rank 1 : false
2024-11-11 23:47:06,645 [INFO] ADCParametersView:116 -                Rank 1 : false
2024-11-11 23:47:06,645 [INFO] ADCParametersView:116 -                Rank 1 : false
2024-11-11 23:47:06,645 [INFO] ADCParametersView:116 -                Rank 1 : false
2024-11-11 23:47:06,645 [INFO] ADCParametersView:116 -                Rank 1 : false
2024-11-11 23:47:06,645 [INFO] ADCParametersView:116 -                Rank 1 : false
2024-11-11 23:47:06,645 [INFO] ADCParametersView:116 -                Rank 1 : false
2024-11-11 23:47:06,645 [INFO] ADCParametersView:116 -                Rank 1 : false
2024-11-11 23:47:06,645 [INFO] ADCParametersView:116 -                Rank 1 : false
2024-11-11 23:47:06,645 [INFO] ADCParametersView:116 -                Rank 1 : false
2024-11-11 23:47:06,645 [INFO] ADCParametersView:116 -                Rank 1 : false
2024-11-11 23:47:06,645 [INFO] ADCParametersView:116 -                Rank 1 : false
2024-11-11 23:47:06,655 [INFO] ADCParametersView:116 -                Rank 1 : false
2024-11-11 23:47:06,711 [INFO] ADCParametersView:116 -                Rank 1 : false
2024-11-11 23:47:06,711 [INFO] ADCParametersView:116 -                Rank 1 : false
2024-11-11 23:47:06,711 [INFO] ADCParametersView:116 -                Rank 1 : false
2024-11-11 23:47:06,711 [INFO] ADCParametersView:116 -                Rank 1 : false
2024-11-11 23:47:06,711 [INFO] ADCParametersView:116 -                Rank 1 : false
2024-11-11 23:47:06,711 [INFO] ADCParametersView:116 -                Rank 1 : false
2024-11-11 23:47:06,711 [INFO] ADCParametersView:116 -                Rank 1 : false
2024-11-11 23:47:06,711 [INFO] ADCParametersView:116 -                Rank 1 : false
2024-11-11 23:47:06,711 [INFO] ADCParametersView:116 -                Rank 1 : false
2024-11-11 23:47:06,712 [INFO] ADCParametersView:116 -                Rank 1 : false
2024-11-11 23:47:06,712 [INFO] ADCParametersView:116 -                Rank 1 : false
2024-11-11 23:47:06,712 [INFO] ADCParametersView:116 -                Rank 1 : false
2024-11-11 23:47:06,712 [INFO] ADCParametersView:116 -                Rank 1 : false
2024-11-11 23:47:06,712 [INFO] ADCParametersView:116 -                Rank 1 : false
2024-11-11 23:47:06,712 [INFO] ADCParametersView:116 -                Rank 1 : false
2024-11-11 23:47:06,712 [INFO] ADCParametersView:116 -                Rank 1 : false
2024-11-11 23:47:06,712 [INFO] ADCParametersView:116 -                Rank 1 : false
2024-11-11 23:47:06,712 [INFO] ADCParametersView:116 -                Rank 1 : false
2024-11-11 23:47:06,713 [INFO] ADCParametersView:116 -                Rank 1 : false
2024-11-11 23:47:06,713 [INFO] ADCParametersView:116 -                Rank 1 : false
2024-11-11 23:47:06,713 [INFO] ADCParametersView:116 -                Rank 1 : false
2024-11-11 23:47:06,729 [INFO] ADCParametersView:116 -                Rank 1 : false
2024-11-11 23:47:06,752 [INFO] ADCParametersView:116 -                Rank 1 : false
2024-11-11 23:47:06,752 [INFO] ADCParametersView:116 -                Rank 1 : false
2024-11-11 23:47:06,752 [INFO] ADCParametersView:116 -                Rank 1 : false
2024-11-11 23:47:06,752 [INFO] ADCParametersView:116 -                Rank 1 : false
2024-11-11 23:47:06,752 [INFO] ADCParametersView:116 -                Rank 1 : false
2024-11-11 23:47:06,752 [INFO] ADCParametersView:116 -                Rank 1 : false
2024-11-11 23:47:06,752 [INFO] ADCParametersView:116 -                Rank 1 : false
2024-11-11 23:47:06,753 [INFO] ADCParametersView:116 -                Rank 1 : false
2024-11-11 23:47:06,753 [INFO] ADCParametersView:116 -                Rank 1 : false
2024-11-11 23:47:06,753 [INFO] ADCParametersView:116 -                Rank 1 : false
2024-11-11 23:47:06,753 [INFO] ADCParametersView:116 -                Rank 1 : false
2024-11-11 23:47:06,753 [INFO] ADCParametersView:116 -                Rank 1 : false
2024-11-11 23:47:06,753 [INFO] ADCParametersView:116 -                Rank 1 : false
2024-11-11 23:47:06,753 [INFO] ADCParametersView:116 -                Rank 1 : false
2024-11-11 23:47:06,753 [INFO] ADCParametersView:116 -                Rank 1 : false
2024-11-11 23:47:06,753 [INFO] ADCParametersView:116 -                Rank 1 : false
2024-11-11 23:47:06,753 [INFO] ADCParametersView:116 -                Rank 1 : false
2024-11-11 23:47:06,753 [INFO] ADCParametersView:116 -                Rank 1 : false
2024-11-11 23:47:06,753 [INFO] ADCParametersView:116 -                Rank 1 : false
2024-11-11 23:47:06,753 [INFO] ADCParametersView:116 -                Rank 1 : false
2024-11-11 23:47:06,753 [INFO] ADCParametersView:116 -                Rank 1 : false
2024-11-11 23:47:06,761 [INFO] ADCParametersView:116 -                Rank 1 : false
2024-11-11 23:47:06,870 [INFO] ADCParametersView:116 -                Rank 1 : false
2024-11-11 23:47:06,870 [INFO] ADCParametersView:116 -                Rank 1 : false
2024-11-11 23:47:06,870 [INFO] ADCParametersView:116 -                Rank 1 : false
2024-11-11 23:47:06,870 [INFO] ADCParametersView:116 -                Rank 1 : false
2024-11-11 23:47:06,870 [INFO] ADCParametersView:116 -                Rank 1 : false
2024-11-11 23:47:06,870 [INFO] ADCParametersView:116 -                Rank 1 : false
2024-11-11 23:47:06,870 [INFO] ADCParametersView:116 -                Rank 1 : false
2024-11-11 23:47:06,870 [INFO] ADCParametersView:116 -                Rank 1 : false
2024-11-11 23:47:06,871 [INFO] ADCParametersView:116 -                Rank 1 : false
2024-11-11 23:47:06,871 [INFO] ADCParametersView:116 -                Rank 1 : false
2024-11-11 23:47:06,871 [INFO] ADCParametersView:116 -                Rank 1 : false
2024-11-11 23:47:06,871 [INFO] ADCParametersView:116 -                Rank 1 : false
2024-11-11 23:47:06,871 [INFO] ADCParametersView:116 -                Rank 1 : false
2024-11-11 23:47:06,871 [INFO] ADCParametersView:116 -                Rank 1 : false
2024-11-11 23:47:06,871 [INFO] ADCParametersView:116 -                Rank 1 : false
2024-11-11 23:47:06,871 [INFO] ADCParametersView:116 -                Rank 1 : false
2024-11-11 23:47:06,871 [INFO] ADCParametersView:116 -                Rank 1 : false
2024-11-11 23:47:06,871 [INFO] ADCParametersView:116 -                Rank 1 : false
2024-11-11 23:47:06,871 [INFO] ADCParametersView:116 -                Rank 1 : false
2024-11-11 23:47:06,871 [INFO] ADCParametersView:116 -                Rank 1 : false
2024-11-11 23:47:06,871 [INFO] ADCParametersView:116 -                Rank 1 : false
2024-11-11 23:47:06,880 [INFO] ADCParametersView:116 -                Rank 1 : false
2024-11-11 23:47:06,904 [INFO] ADCParametersView:116 -                Rank 1 : false
2024-11-11 23:47:06,905 [INFO] ADCParametersView:116 -                Rank 1 : false
2024-11-11 23:47:06,905 [INFO] ADCParametersView:116 -                Rank 1 : false
2024-11-11 23:47:06,905 [INFO] ADCParametersView:116 -                Rank 1 : false
2024-11-11 23:47:06,905 [INFO] ADCParametersView:116 -                Rank 1 : false
2024-11-11 23:47:06,905 [INFO] ADCParametersView:116 -                Rank 1 : false
2024-11-11 23:47:06,905 [INFO] ADCParametersView:116 -                Rank 1 : false
2024-11-11 23:47:06,906 [INFO] ADCParametersView:116 -                Rank 1 : false
2024-11-11 23:47:06,906 [INFO] ADCParametersView:116 -                Rank 1 : false
2024-11-11 23:47:06,906 [INFO] ADCParametersView:116 -                Rank 1 : false
2024-11-11 23:47:06,906 [INFO] ADCParametersView:116 -                Rank 1 : false
2024-11-11 23:47:06,906 [INFO] ADCParametersView:116 -                Rank 1 : false
2024-11-11 23:47:06,906 [INFO] ADCParametersView:116 -                Rank 1 : false
2024-11-11 23:47:06,906 [INFO] ADCParametersView:116 -                Rank 1 : false
2024-11-11 23:47:06,906 [INFO] ADCParametersView:116 -                Rank 1 : false
2024-11-11 23:47:06,906 [INFO] ADCParametersView:116 -                Rank 1 : false
2024-11-11 23:47:06,906 [INFO] ADCParametersView:116 -                Rank 1 : false
2024-11-11 23:47:06,906 [INFO] ADCParametersView:116 -                Rank 1 : false
2024-11-11 23:47:06,906 [INFO] ADCParametersView:116 -                Rank 1 : false
2024-11-11 23:47:06,906 [INFO] ADCParametersView:116 -                Rank 1 : false
2024-11-11 23:47:06,906 [INFO] ADCParametersView:116 -                Rank 1 : false
2024-11-11 23:47:06,916 [INFO] ADCParametersView:116 -                Rank 1 : false
2024-11-11 23:47:12,287 [INFO] ADCParametersView:116 -                Rank 1 : false
2024-11-11 23:47:12,291 [INFO] ADCParametersView:116 -                Rank 1 : false
2024-11-11 23:47:12,292 [INFO] ADCParametersView:116 -                Rank 1 : false
2024-11-11 23:47:12,292 [INFO] ADCParametersView:116 -                Rank 1 : false
2024-11-11 23:47:12,292 [INFO] ADCParametersView:116 -                Rank 1 : false
2024-11-11 23:47:12,292 [INFO] ADCParametersView:116 -                Rank 1 : false
2024-11-11 23:47:12,292 [INFO] ADCParametersView:116 -                Rank 1 : false
2024-11-11 23:47:12,292 [INFO] ADCParametersView:116 -                Rank 1 : false
2024-11-11 23:47:12,292 [INFO] ADCParametersView:116 -                Rank 1 : false
2024-11-11 23:47:12,292 [INFO] ADCParametersView:116 -                Rank 1 : false
2024-11-11 23:47:12,292 [INFO] ADCParametersView:116 -                Rank 1 : false
2024-11-11 23:47:12,292 [INFO] ADCParametersView:116 -                Rank 1 : false
2024-11-11 23:47:12,292 [INFO] ADCParametersView:116 -                Rank 1 : false
2024-11-11 23:47:12,292 [INFO] ADCParametersView:116 -                Rank 1 : false
2024-11-11 23:47:12,292 [INFO] ADCParametersView:116 -                Rank 1 : false
2024-11-11 23:47:12,292 [INFO] ADCParametersView:116 -                Rank 1 : false
2024-11-11 23:47:12,292 [INFO] ADCParametersView:116 -                Rank 1 : false
2024-11-11 23:47:12,292 [INFO] ADCParametersView:116 -                Rank 1 : false
2024-11-11 23:47:12,292 [INFO] ADCParametersView:116 -                Rank 1 : false
2024-11-11 23:47:12,292 [INFO] ADCParametersView:116 -                Rank 1 : false
2024-11-11 23:47:12,292 [INFO] ADCParametersView:116 -                Rank 1 : false
2024-11-11 23:47:12,299 [INFO] ADCParametersView:116 -                Rank 1 : false
2024-11-11 23:47:12,313 [INFO] ADCParametersView:116 -                Rank 1 : false
2024-11-11 23:47:12,314 [INFO] ADCParametersView:116 -                Rank 1 : false
2024-11-11 23:47:12,314 [INFO] ADCParametersView:116 -                Rank 1 : false
2024-11-11 23:47:12,314 [INFO] ADCParametersView:116 -                Rank 1 : false
2024-11-11 23:47:12,314 [INFO] ADCParametersView:116 -                Rank 1 : false
2024-11-11 23:47:12,314 [INFO] ADCParametersView:116 -                Rank 1 : false
2024-11-11 23:47:12,314 [INFO] ADCParametersView:116 -                Rank 1 : false
2024-11-11 23:47:12,314 [INFO] ADCParametersView:116 -                Rank 1 : false
2024-11-11 23:47:12,314 [INFO] ADCParametersView:116 -                Rank 1 : false
2024-11-11 23:47:12,314 [INFO] ADCParametersView:116 -                Rank 1 : false
2024-11-11 23:47:12,314 [INFO] ADCParametersView:116 -                Rank 1 : false
2024-11-11 23:47:12,314 [INFO] ADCParametersView:116 -                Rank 1 : false
2024-11-11 23:47:12,314 [INFO] ADCParametersView:116 -                Rank 1 : false
2024-11-11 23:47:12,314 [INFO] ADCParametersView:116 -                Rank 1 : false
2024-11-11 23:47:12,314 [INFO] ADCParametersView:116 -                Rank 1 : false
2024-11-11 23:47:12,314 [INFO] ADCParametersView:116 -                Rank 1 : false
2024-11-11 23:47:12,314 [INFO] ADCParametersView:116 -                Rank 1 : false
2024-11-11 23:47:12,314 [INFO] ADCParametersView:116 -                Rank 1 : false
2024-11-11 23:47:12,314 [INFO] ADCParametersView:116 -                Rank 1 : false
2024-11-11 23:47:12,314 [INFO] ADCParametersView:116 -                Rank 1 : false
2024-11-11 23:47:12,314 [INFO] ADCParametersView:116 -                Rank 1 : false
2024-11-11 23:47:12,322 [INFO] ADCParametersView:116 -                Rank 1 : false
2024-11-11 23:47:12,352 [INFO] ADCParametersView:116 -                Rank 1 : false
2024-11-11 23:47:12,353 [INFO] ADCParametersView:116 -                Rank 1 : false
2024-11-11 23:47:12,353 [INFO] ADCParametersView:116 -                Rank 1 : false
2024-11-11 23:47:12,353 [INFO] ADCParametersView:116 -                Rank 1 : false
2024-11-11 23:47:12,353 [INFO] ADCParametersView:116 -                Rank 1 : false
2024-11-11 23:47:12,353 [INFO] ADCParametersView:116 -                Rank 1 : false
2024-11-11 23:47:12,353 [INFO] ADCParametersView:116 -                Rank 1 : false
2024-11-11 23:47:12,353 [INFO] ADCParametersView:116 -                Rank 1 : false
2024-11-11 23:47:12,353 [INFO] ADCParametersView:116 -                Rank 1 : false
2024-11-11 23:47:12,353 [INFO] ADCParametersView:116 -                Rank 1 : false
2024-11-11 23:47:12,353 [INFO] ADCParametersView:116 -                Rank 1 : false
2024-11-11 23:47:12,353 [INFO] ADCParametersView:116 -                Rank 1 : false
2024-11-11 23:47:12,353 [INFO] ADCParametersView:116 -                Rank 1 : false
2024-11-11 23:47:12,353 [INFO] ADCParametersView:116 -                Rank 1 : false
2024-11-11 23:47:12,353 [INFO] ADCParametersView:116 -                Rank 1 : false
2024-11-11 23:47:12,353 [INFO] ADCParametersView:116 -                Rank 1 : false
2024-11-11 23:47:12,353 [INFO] ADCParametersView:116 -                Rank 1 : false
2024-11-11 23:47:12,353 [INFO] ADCParametersView:116 -                Rank 1 : false
2024-11-11 23:47:12,353 [INFO] ADCParametersView:116 -                Rank 1 : false
2024-11-11 23:47:12,353 [INFO] ADCParametersView:116 -                Rank 1 : false
2024-11-11 23:47:12,353 [INFO] ADCParametersView:116 -                Rank 1 : false
2024-11-11 23:47:12,375 [INFO] ADCParametersView:116 -                Rank 1 : false
2024-11-11 23:47:16,923 [INFO] NvicIntPanel:101 - NVIC parent = com.st.microxplorer.plugins.ip.nvic.MultiNvicIntPanel[,0,0,0x0,invalid,layout=javax.swing.BoxLayout,alignmentX=0.0,alignmentY=0.0,border=,flags=9,maximumSize=,minimumSize=,preferredSize=]
2024-11-11 23:47:16,962 [INFO] ADCParametersView:116 -                Rank 1 : false
2024-11-11 23:47:16,966 [INFO] ADCParametersView:116 -                Rank 1 : false
2024-11-11 23:47:16,966 [INFO] ADCParametersView:116 -                Rank 1 : false
2024-11-11 23:47:16,966 [INFO] ADCParametersView:116 -                Rank 1 : false
2024-11-11 23:47:16,967 [INFO] ADCParametersView:116 -                Rank 1 : false
2024-11-11 23:47:16,967 [INFO] ADCParametersView:116 -                Rank 1 : false
2024-11-11 23:47:16,967 [INFO] ADCParametersView:116 -                Rank 1 : false
2024-11-11 23:47:16,967 [INFO] ADCParametersView:116 -                Rank 1 : false
2024-11-11 23:47:16,967 [INFO] ADCParametersView:116 -                Rank 1 : false
2024-11-11 23:47:16,967 [INFO] ADCParametersView:116 -                Rank 1 : false
2024-11-11 23:47:16,967 [INFO] ADCParametersView:116 -                Rank 1 : false
2024-11-11 23:47:16,967 [INFO] ADCParametersView:116 -                Rank 1 : false
2024-11-11 23:47:16,967 [INFO] ADCParametersView:116 -                Rank 1 : false
2024-11-11 23:47:16,967 [INFO] ADCParametersView:116 -                Rank 1 : false
2024-11-11 23:47:16,967 [INFO] ADCParametersView:116 -                Rank 1 : false
2024-11-11 23:47:16,967 [INFO] ADCParametersView:116 -                Rank 1 : false
2024-11-11 23:47:16,967 [INFO] ADCParametersView:116 -                Rank 1 : false
2024-11-11 23:47:16,967 [INFO] ADCParametersView:116 -                Rank 1 : false
2024-11-11 23:47:16,967 [INFO] ADCParametersView:116 -                Rank 1 : false
2024-11-11 23:47:16,967 [INFO] ADCParametersView:116 -                Rank 1 : false
2024-11-11 23:47:16,967 [INFO] ADCParametersView:116 -                Rank 1 : false
2024-11-11 23:47:16,982 [INFO] ADCParametersView:116 -                Rank 1 : false
2024-11-11 23:47:32,185 [INFO] NvicIntPanel:101 - NVIC parent = com.st.microxplorer.plugins.ip.nvic.MultiNvicIntPanel[,0,0,0x0,invalid,layout=javax.swing.BoxLayout,alignmentX=0.0,alignmentY=0.0,border=,flags=9,maximumSize=,minimumSize=,preferredSize=]
2024-11-11 23:47:32,221 [INFO] ADCParametersView:116 -                Rank 1 : false
2024-11-11 23:47:32,223 [INFO] ADCParametersView:116 -                Rank 1 : false
2024-11-11 23:47:32,223 [INFO] ADCParametersView:116 -                Rank 1 : false
2024-11-11 23:47:32,223 [INFO] ADCParametersView:116 -                Rank 1 : false
2024-11-11 23:47:32,223 [INFO] ADCParametersView:116 -                Rank 1 : false
2024-11-11 23:47:32,223 [INFO] ADCParametersView:116 -                Rank 1 : false
2024-11-11 23:47:32,223 [INFO] ADCParametersView:116 -                Rank 1 : false
2024-11-11 23:47:32,223 [INFO] ADCParametersView:116 -                Rank 1 : false
2024-11-11 23:47:32,223 [INFO] ADCParametersView:116 -                Rank 1 : false
2024-11-11 23:47:32,223 [INFO] ADCParametersView:116 -                Rank 1 : false
2024-11-11 23:47:32,223 [INFO] ADCParametersView:116 -                Rank 1 : false
2024-11-11 23:47:32,223 [INFO] ADCParametersView:116 -                Rank 1 : false
2024-11-11 23:47:32,223 [INFO] ADCParametersView:116 -                Rank 1 : false
2024-11-11 23:47:32,223 [INFO] ADCParametersView:116 -                Rank 1 : false
2024-11-11 23:47:32,223 [INFO] ADCParametersView:116 -                Rank 1 : false
2024-11-11 23:47:32,223 [INFO] ADCParametersView:116 -                Rank 1 : false
2024-11-11 23:47:32,223 [INFO] ADCParametersView:116 -                Rank 1 : false
2024-11-11 23:47:32,223 [INFO] ADCParametersView:116 -                Rank 1 : false
2024-11-11 23:47:32,223 [INFO] ADCParametersView:116 -                Rank 1 : false
2024-11-11 23:47:32,223 [INFO] ADCParametersView:116 -                Rank 1 : false
2024-11-11 23:47:32,223 [INFO] ADCParametersView:116 -                Rank 1 : false
2024-11-11 23:47:32,238 [INFO] ADCParametersView:116 -                Rank 1 : false
2024-11-11 23:47:37,891 [INFO] NvicIntPanel:101 - NVIC parent = com.st.microxplorer.plugins.ip.nvic.MultiNvicIntPanel[,0,0,0x0,invalid,layout=javax.swing.BoxLayout,alignmentX=0.0,alignmentY=0.0,border=,flags=9,maximumSize=,minimumSize=,preferredSize=]
2024-11-11 23:47:37,933 [INFO] ADCParametersView:116 -                Rank 1 : false
2024-11-11 23:47:37,935 [INFO] ADCParametersView:116 -                Rank 1 : false
2024-11-11 23:47:37,935 [INFO] ADCParametersView:116 -                Rank 1 : false
2024-11-11 23:47:37,935 [INFO] ADCParametersView:116 -                Rank 1 : false
2024-11-11 23:47:37,935 [INFO] ADCParametersView:116 -                Rank 1 : false
2024-11-11 23:47:37,935 [INFO] ADCParametersView:116 -                Rank 1 : false
2024-11-11 23:47:37,935 [INFO] ADCParametersView:116 -                Rank 1 : false
2024-11-11 23:47:37,935 [INFO] ADCParametersView:116 -                Rank 1 : false
2024-11-11 23:47:37,935 [INFO] ADCParametersView:116 -                Rank 1 : false
2024-11-11 23:47:37,935 [INFO] ADCParametersView:116 -                Rank 1 : false
2024-11-11 23:47:37,935 [INFO] ADCParametersView:116 -                Rank 1 : false
2024-11-11 23:47:37,935 [INFO] ADCParametersView:116 -                Rank 1 : false
2024-11-11 23:47:37,935 [INFO] ADCParametersView:116 -                Rank 1 : false
2024-11-11 23:47:37,935 [INFO] ADCParametersView:116 -                Rank 1 : false
2024-11-11 23:47:37,935 [INFO] ADCParametersView:116 -                Rank 1 : false
2024-11-11 23:47:37,935 [INFO] ADCParametersView:116 -                Rank 1 : false
2024-11-11 23:47:37,935 [INFO] ADCParametersView:116 -                Rank 1 : false
2024-11-11 23:47:37,935 [INFO] ADCParametersView:116 -                Rank 1 : false
2024-11-11 23:47:37,935 [INFO] ADCParametersView:116 -                Rank 1 : false
2024-11-11 23:47:37,935 [INFO] ADCParametersView:116 -                Rank 1 : false
2024-11-11 23:47:37,935 [INFO] ADCParametersView:116 -                Rank 1 : false
2024-11-11 23:47:37,935 [INFO] ADCParametersView:116 -                Rank 1 : false
2024-11-11 23:47:37,935 [INFO] ADCParametersView:116 -                Rank 1 : false
2024-11-11 23:47:37,935 [INFO] ADCParametersView:116 -                Rank 1 : false
2024-11-11 23:47:37,935 [INFO] ADCParametersView:116 -                Rank 1 : false
2024-11-11 23:47:37,950 [INFO] ADCParametersView:116 -                Rank 1 : false
2024-11-11 23:47:39,932 [INFO] NvicIntPanel:101 - NVIC parent = com.st.microxplorer.plugins.ip.nvic.MultiNvicIntPanel[,0,0,0x0,invalid,layout=javax.swing.BoxLayout,alignmentX=0.0,alignmentY=0.0,border=,flags=9,maximumSize=,minimumSize=,preferredSize=]
2024-11-11 23:47:39,962 [INFO] ADCParametersView:116 -                Rank 1 : false
2024-11-11 23:47:39,966 [INFO] ADCParametersView:116 -                Rank 1 : false
2024-11-11 23:47:39,966 [INFO] ADCParametersView:116 -                Rank 1 : false
2024-11-11 23:47:39,966 [INFO] ADCParametersView:116 -                Rank 1 : false
2024-11-11 23:47:39,966 [INFO] ADCParametersView:116 -                Rank 1 : false
2024-11-11 23:47:39,966 [INFO] ADCParametersView:116 -                Rank 1 : false
2024-11-11 23:47:39,966 [INFO] ADCParametersView:116 -                Rank 1 : false
2024-11-11 23:47:39,966 [INFO] ADCParametersView:116 -                Rank 1 : false
2024-11-11 23:47:39,966 [INFO] ADCParametersView:116 -                Rank 1 : false
2024-11-11 23:47:39,966 [INFO] ADCParametersView:116 -                Rank 1 : false
2024-11-11 23:47:39,966 [INFO] ADCParametersView:116 -                Rank 1 : false
2024-11-11 23:47:39,966 [INFO] ADCParametersView:116 -                Rank 1 : false
2024-11-11 23:47:39,966 [INFO] ADCParametersView:116 -                Rank 1 : false
2024-11-11 23:47:39,966 [INFO] ADCParametersView:116 -                Rank 1 : false
2024-11-11 23:47:39,966 [INFO] ADCParametersView:116 -                Rank 1 : false
2024-11-11 23:47:39,966 [INFO] ADCParametersView:116 -                Rank 1 : false
2024-11-11 23:47:39,966 [INFO] ADCParametersView:116 -                Rank 1 : false
2024-11-11 23:47:39,966 [INFO] ADCParametersView:116 -                Rank 1 : false
2024-11-11 23:47:39,966 [INFO] ADCParametersView:116 -                Rank 1 : false
2024-11-11 23:47:39,966 [INFO] ADCParametersView:116 -                Rank 1 : false
2024-11-11 23:47:39,966 [INFO] ADCParametersView:116 -                Rank 1 : false
2024-11-11 23:47:39,967 [INFO] ADCParametersView:116 -                Rank 1 : false
2024-11-11 23:47:39,967 [INFO] ADCParametersView:116 -                Rank 1 : false
2024-11-11 23:47:39,967 [INFO] ADCParametersView:116 -                Rank 1 : false
2024-11-11 23:47:39,967 [INFO] ADCParametersView:116 -                Rank 1 : false
2024-11-11 23:47:39,980 [INFO] ADCParametersView:116 -                Rank 1 : false
2024-11-11 23:48:01,916 [INFO] ParamManager:896 - [Generic UI] PropertyChangeEvent: TAB_STATUS_CHANGED , "dont care", "never mind"
2024-11-11 23:48:01,971 [INFO] ADCParametersView:116 -                Rank 1 : false
2024-11-11 23:48:01,973 [INFO] ADCParametersView:116 -                Rank 1 : false
2024-11-11 23:48:01,973 [INFO] ADCParametersView:116 -                Rank 1 : false
2024-11-11 23:48:01,973 [INFO] ADCParametersView:116 -                Rank 1 : false
2024-11-11 23:48:01,973 [INFO] ADCParametersView:116 -                Rank 1 : false
2024-11-11 23:48:01,973 [INFO] ADCParametersView:116 -                Rank 1 : false
2024-11-11 23:48:01,974 [INFO] ADCParametersView:116 -                Rank 1 : false
2024-11-11 23:48:01,974 [INFO] ADCParametersView:116 -                Rank 1 : false
2024-11-11 23:48:01,974 [INFO] ADCParametersView:116 -                Rank 1 : false
2024-11-11 23:48:01,974 [INFO] ADCParametersView:116 -                Rank 1 : false
2024-11-11 23:48:01,974 [INFO] ADCParametersView:116 -                Rank 1 : false
2024-11-11 23:48:01,974 [INFO] ADCParametersView:116 -                Rank 1 : false
2024-11-11 23:48:01,974 [INFO] ADCParametersView:116 -                Rank 1 : false
2024-11-11 23:48:01,974 [INFO] ADCParametersView:116 -                Rank 1 : false
2024-11-11 23:48:01,974 [INFO] ADCParametersView:116 -                Rank 1 : false
2024-11-11 23:48:01,974 [INFO] ADCParametersView:116 -                Rank 1 : false
2024-11-11 23:48:01,974 [INFO] ADCParametersView:116 -                Rank 1 : false
2024-11-11 23:48:01,974 [INFO] ADCParametersView:116 -                Rank 1 : false
2024-11-11 23:48:01,974 [INFO] ADCParametersView:116 -                Rank 1 : false
2024-11-11 23:48:01,974 [INFO] ADCParametersView:116 -                Rank 1 : false
2024-11-11 23:48:01,974 [INFO] ADCParametersView:116 -                Rank 1 : false
2024-11-11 23:48:01,974 [INFO] ADCParametersView:116 -                Rank 1 : false
2024-11-11 23:48:01,975 [INFO] ADCParametersView:116 -                Rank 1 : false
2024-11-11 23:48:01,975 [INFO] ADCParametersView:116 -                Rank 1 : false
2024-11-11 23:48:01,975 [INFO] ADCParametersView:116 -                Rank 1 : false
2024-11-11 23:48:01,994 [INFO] ADCParametersView:116 -                Rank 1 : false
2024-11-11 23:48:02,025 [INFO] ADCParametersView:116 -                Rank 1 : false
2024-11-11 23:48:02,026 [INFO] ADCParametersView:116 -                Rank 1 : false
2024-11-11 23:48:02,026 [INFO] ADCParametersView:116 -                Rank 1 : false
2024-11-11 23:48:02,027 [INFO] ADCParametersView:116 -                Rank 1 : false
2024-11-11 23:48:02,027 [INFO] ADCParametersView:116 -                Rank 1 : false
2024-11-11 23:48:02,027 [INFO] ADCParametersView:116 -                Rank 1 : false
2024-11-11 23:48:02,027 [INFO] ADCParametersView:116 -                Rank 1 : false
2024-11-11 23:48:02,027 [INFO] ADCParametersView:116 -                Rank 1 : false
2024-11-11 23:48:02,027 [INFO] ADCParametersView:116 -                Rank 1 : false
2024-11-11 23:48:02,027 [INFO] ADCParametersView:116 -                Rank 1 : false
2024-11-11 23:48:02,027 [INFO] ADCParametersView:116 -                Rank 1 : false
2024-11-11 23:48:02,027 [INFO] ADCParametersView:116 -                Rank 1 : false
2024-11-11 23:48:02,027 [INFO] ADCParametersView:116 -                Rank 1 : false
2024-11-11 23:48:02,027 [INFO] ADCParametersView:116 -                Rank 1 : false
2024-11-11 23:48:02,027 [INFO] ADCParametersView:116 -                Rank 1 : false
2024-11-11 23:48:02,027 [INFO] ADCParametersView:116 -                Rank 1 : false
2024-11-11 23:48:02,027 [INFO] ADCParametersView:116 -                Rank 1 : false
2024-11-11 23:48:02,027 [INFO] ADCParametersView:116 -                Rank 1 : false
2024-11-11 23:48:02,028 [INFO] ADCParametersView:116 -                Rank 1 : false
2024-11-11 23:48:02,028 [INFO] ADCParametersView:116 -                Rank 1 : false
2024-11-11 23:48:02,028 [INFO] ADCParametersView:116 -                Rank 1 : false
2024-11-11 23:48:02,028 [INFO] ADCParametersView:116 -                Rank 1 : false
2024-11-11 23:48:02,028 [INFO] ADCParametersView:116 -                Rank 1 : false
2024-11-11 23:48:02,028 [INFO] ADCParametersView:116 -                Rank 1 : false
2024-11-11 23:48:02,028 [INFO] ADCParametersView:116 -                Rank 1 : false
2024-11-11 23:48:02,043 [INFO] ADCParametersView:116 -                Rank 1 : false
2024-11-11 23:48:07,587 [WARN] IP:2120 - PWR_Regulator_Voltage_Scale not found: check if there is a RefParameter without a condition.
2024-11-11 23:48:07,694 [WARN] IP:2120 - PWR_Regulator_Voltage_Scale not found: check if there is a RefParameter without a condition.
2024-11-11 23:48:07,707 [WARN] IP:2120 - PWR_Regulator_Voltage_Scale not found: check if there is a RefParameter without a condition.
2024-11-11 23:48:07,710 [WARN] IP:2120 - PWR_Regulator_Voltage_Scale not found: check if there is a RefParameter without a condition.
2024-11-11 23:48:07,731 [INFO] ADCParametersView:116 -                Rank 1 : false
2024-11-11 23:48:07,731 [INFO] ADCParametersView:116 -                Rank 1 : false
2024-11-11 23:48:07,731 [INFO] ADCParametersView:116 -                Rank 1 : false
2024-11-11 23:48:07,731 [INFO] ADCParametersView:116 -                Rank 1 : false
2024-11-11 23:48:07,732 [INFO] ADCParametersView:116 -                Rank 1 : false
2024-11-11 23:48:07,732 [INFO] ADCParametersView:116 -                Rank 1 : false
2024-11-11 23:48:07,732 [INFO] ADCParametersView:116 -                Rank 1 : false
2024-11-11 23:48:07,732 [INFO] ADCParametersView:116 -                Rank 1 : false
2024-11-11 23:48:07,732 [INFO] ADCParametersView:116 -                Rank 1 : false
2024-11-11 23:48:07,732 [INFO] ADCParametersView:116 -                Rank 1 : false
2024-11-11 23:48:07,732 [INFO] ADCParametersView:116 -                Rank 1 : false
2024-11-11 23:48:07,732 [INFO] ADCParametersView:116 -                Rank 1 : false
2024-11-11 23:48:07,732 [INFO] ADCParametersView:116 -                Rank 1 : false
2024-11-11 23:48:07,732 [INFO] ADCParametersView:116 -                Rank 1 : false
2024-11-11 23:48:07,732 [INFO] ADCParametersView:116 -                Rank 1 : false
2024-11-11 23:48:07,732 [INFO] ADCParametersView:116 -                Rank 1 : false
2024-11-11 23:48:07,732 [INFO] ADCParametersView:116 -                Rank 1 : false
2024-11-11 23:48:07,732 [INFO] ADCParametersView:116 -                Rank 1 : false
2024-11-11 23:48:07,732 [INFO] ADCParametersView:116 -                Rank 1 : false
2024-11-11 23:48:07,732 [INFO] ADCParametersView:116 -                Rank 1 : false
2024-11-11 23:48:07,732 [INFO] ADCParametersView:116 -                Rank 1 : false
2024-11-11 23:48:07,732 [INFO] ADCParametersView:116 -                Rank 1 : false
2024-11-11 23:48:07,732 [INFO] ADCParametersView:116 -                Rank 1 : false
2024-11-11 23:48:07,732 [INFO] ADCParametersView:116 -                Rank 1 : false
2024-11-11 23:48:07,732 [INFO] ADCParametersView:116 -                Rank 1 : false
2024-11-11 23:48:07,737 [WARN] IP:2120 - PWR_Regulator_Voltage_Scale not found: check if there is a RefParameter without a condition.
2024-11-11 23:48:07,749 [INFO] ADCParametersView:116 -                Rank 1 : false
2024-11-11 23:48:07,760 [WARN] IP:2120 - PWR_Regulator_Voltage_Scale not found: check if there is a RefParameter without a condition.
2024-11-11 23:48:07,770 [INFO] ADCParametersView:116 -                Rank 1 : false
2024-11-11 23:48:07,770 [INFO] ADCParametersView:116 -                Rank 1 : false
2024-11-11 23:48:07,770 [INFO] ADCParametersView:116 -                Rank 1 : false
2024-11-11 23:48:07,770 [INFO] ADCParametersView:116 -                Rank 1 : false
2024-11-11 23:48:07,770 [INFO] ADCParametersView:116 -                Rank 1 : false
2024-11-11 23:48:07,770 [INFO] ADCParametersView:116 -                Rank 1 : false
2024-11-11 23:48:07,771 [INFO] ADCParametersView:116 -                Rank 1 : false
2024-11-11 23:48:07,771 [INFO] ADCParametersView:116 -                Rank 1 : false
2024-11-11 23:48:07,771 [INFO] ADCParametersView:116 -                Rank 1 : false
2024-11-11 23:48:07,771 [INFO] ADCParametersView:116 -                Rank 1 : false
2024-11-11 23:48:07,771 [INFO] ADCParametersView:116 -                Rank 1 : false
2024-11-11 23:48:07,771 [INFO] ADCParametersView:116 -                Rank 1 : false
2024-11-11 23:48:07,771 [INFO] ADCParametersView:116 -                Rank 1 : false
2024-11-11 23:48:07,771 [INFO] ADCParametersView:116 -                Rank 1 : false
2024-11-11 23:48:07,771 [INFO] ADCParametersView:116 -                Rank 1 : false
2024-11-11 23:48:07,771 [INFO] ADCParametersView:116 -                Rank 1 : false
2024-11-11 23:48:07,771 [INFO] ADCParametersView:116 -                Rank 1 : false
2024-11-11 23:48:07,771 [INFO] ADCParametersView:116 -                Rank 1 : false
2024-11-11 23:48:07,771 [INFO] ADCParametersView:116 -                Rank 1 : false
2024-11-11 23:48:07,771 [INFO] ADCParametersView:116 -                Rank 1 : false
2024-11-11 23:48:07,771 [INFO] ADCParametersView:116 -                Rank 1 : false
2024-11-11 23:48:07,771 [INFO] ADCParametersView:116 -                Rank 1 : false
2024-11-11 23:48:07,771 [INFO] ADCParametersView:116 -                Rank 1 : false
2024-11-11 23:48:07,771 [INFO] ADCParametersView:116 -                Rank 1 : false
2024-11-11 23:48:07,771 [INFO] ADCParametersView:116 -                Rank 1 : false
2024-11-11 23:48:07,778 [WARN] IP:2120 - PWR_Regulator_Voltage_Scale not found: check if there is a RefParameter without a condition.
2024-11-11 23:48:07,800 [INFO] ADCParametersView:116 -                Rank 1 : false
2024-11-11 23:48:12,788 [INFO] ADCParametersView:116 -                Rank 1 : false
2024-11-11 23:48:12,790 [INFO] ADCParametersView:116 -                Rank 1 : false
2024-11-11 23:48:12,790 [INFO] ADCParametersView:116 -                Rank 1 : false
2024-11-11 23:48:12,790 [INFO] ADCParametersView:116 -                Rank 1 : false
2024-11-11 23:48:12,790 [INFO] ADCParametersView:116 -                Rank 1 : false
2024-11-11 23:48:12,790 [INFO] ADCParametersView:116 -                Rank 1 : false
2024-11-11 23:48:12,790 [INFO] ADCParametersView:116 -                Rank 1 : false
2024-11-11 23:48:12,791 [INFO] ADCParametersView:116 -                Rank 1 : false
2024-11-11 23:48:12,791 [INFO] ADCParametersView:116 -                Rank 1 : false
2024-11-11 23:48:12,791 [INFO] ADCParametersView:116 -                Rank 1 : false
2024-11-11 23:48:12,791 [INFO] ADCParametersView:116 -                Rank 1 : false
2024-11-11 23:48:12,791 [INFO] ADCParametersView:116 -                Rank 1 : false
2024-11-11 23:48:12,791 [INFO] ADCParametersView:116 -                Rank 1 : false
2024-11-11 23:48:12,791 [INFO] ADCParametersView:116 -                Rank 1 : false
2024-11-11 23:48:12,791 [INFO] ADCParametersView:116 -                Rank 1 : false
2024-11-11 23:48:12,791 [INFO] ADCParametersView:116 -                Rank 1 : false
2024-11-11 23:48:12,791 [INFO] ADCParametersView:116 -                Rank 1 : false
2024-11-11 23:48:12,791 [INFO] ADCParametersView:116 -                Rank 1 : false
2024-11-11 23:48:12,791 [INFO] ADCParametersView:116 -                Rank 1 : false
2024-11-11 23:48:12,791 [INFO] ADCParametersView:116 -                Rank 1 : false
2024-11-11 23:48:12,791 [INFO] ADCParametersView:116 -                Rank 1 : false
2024-11-11 23:48:12,791 [INFO] ADCParametersView:116 -                Rank 1 : false
2024-11-11 23:48:12,791 [INFO] ADCParametersView:116 -                Rank 1 : false
2024-11-11 23:48:12,791 [INFO] ADCParametersView:116 -                Rank 1 : false
2024-11-11 23:48:12,791 [INFO] ADCParametersView:116 -                Rank 1 : false
2024-11-11 23:48:12,814 [INFO] ADCParametersView:116 -                Rank 1 : false
2024-11-11 23:48:12,842 [INFO] ADCParametersView:116 -                Rank 1 : false
2024-11-11 23:48:12,843 [INFO] ADCParametersView:116 -                Rank 1 : false
2024-11-11 23:48:12,843 [INFO] ADCParametersView:116 -                Rank 1 : false
2024-11-11 23:48:12,843 [INFO] ADCParametersView:116 -                Rank 1 : false
2024-11-11 23:48:12,843 [INFO] ADCParametersView:116 -                Rank 1 : false
2024-11-11 23:48:12,843 [INFO] ADCParametersView:116 -                Rank 1 : false
2024-11-11 23:48:12,843 [INFO] ADCParametersView:116 -                Rank 1 : false
2024-11-11 23:48:12,843 [INFO] ADCParametersView:116 -                Rank 1 : false
2024-11-11 23:48:12,843 [INFO] ADCParametersView:116 -                Rank 1 : false
2024-11-11 23:48:12,843 [INFO] ADCParametersView:116 -                Rank 1 : false
2024-11-11 23:48:12,843 [INFO] ADCParametersView:116 -                Rank 1 : false
2024-11-11 23:48:12,843 [INFO] ADCParametersView:116 -                Rank 1 : false
2024-11-11 23:48:12,843 [INFO] ADCParametersView:116 -                Rank 1 : false
2024-11-11 23:48:12,843 [INFO] ADCParametersView:116 -                Rank 1 : false
2024-11-11 23:48:12,843 [INFO] ADCParametersView:116 -                Rank 1 : false
2024-11-11 23:48:12,843 [INFO] ADCParametersView:116 -                Rank 1 : false
2024-11-11 23:48:12,843 [INFO] ADCParametersView:116 -                Rank 1 : false
2024-11-11 23:48:12,843 [INFO] ADCParametersView:116 -                Rank 1 : false
2024-11-11 23:48:12,843 [INFO] ADCParametersView:116 -                Rank 1 : false
2024-11-11 23:48:12,843 [INFO] ADCParametersView:116 -                Rank 1 : false
2024-11-11 23:48:12,843 [INFO] ADCParametersView:116 -                Rank 1 : false
2024-11-11 23:48:12,843 [INFO] ADCParametersView:116 -                Rank 1 : false
2024-11-11 23:48:12,843 [INFO] ADCParametersView:116 -                Rank 1 : false
2024-11-11 23:48:12,843 [INFO] ADCParametersView:116 -                Rank 1 : false
2024-11-11 23:48:12,843 [INFO] ADCParametersView:116 -                Rank 1 : false
2024-11-11 23:48:12,859 [INFO] ADCParametersView:116 -                Rank 1 : false
2024-11-11 23:48:16,121 [INFO] ADCParametersView:116 -                Rank 1 : false
2024-11-11 23:48:16,122 [INFO] ADCParametersView:116 -                Rank 1 : false
2024-11-11 23:48:16,122 [INFO] ADCParametersView:116 -                Rank 1 : false
2024-11-11 23:48:16,122 [INFO] ADCParametersView:116 -                Rank 1 : false
2024-11-11 23:48:16,122 [INFO] ADCParametersView:116 -                Rank 1 : false
2024-11-11 23:48:16,122 [INFO] ADCParametersView:116 -                Rank 1 : false
2024-11-11 23:48:16,122 [INFO] ADCParametersView:116 -                Rank 1 : false
2024-11-11 23:48:16,122 [INFO] ADCParametersView:116 -                Rank 1 : false
2024-11-11 23:48:16,122 [INFO] ADCParametersView:116 -                Rank 1 : false
2024-11-11 23:48:16,122 [INFO] ADCParametersView:116 -                Rank 1 : false
2024-11-11 23:48:16,122 [INFO] ADCParametersView:116 -                Rank 1 : false
2024-11-11 23:48:16,122 [INFO] ADCParametersView:116 -                Rank 1 : false
2024-11-11 23:48:16,122 [INFO] ADCParametersView:116 -                Rank 1 : false
2024-11-11 23:48:16,122 [INFO] ADCParametersView:116 -                Rank 1 : false
2024-11-11 23:48:16,122 [INFO] ADCParametersView:116 -                Rank 1 : false
2024-11-11 23:48:16,122 [INFO] ADCParametersView:116 -                Rank 1 : false
2024-11-11 23:48:16,122 [INFO] ADCParametersView:116 -                Rank 1 : false
2024-11-11 23:48:16,122 [INFO] ADCParametersView:116 -                Rank 1 : false
2024-11-11 23:48:16,122 [INFO] ADCParametersView:116 -                Rank 1 : false
2024-11-11 23:48:16,122 [INFO] ADCParametersView:116 -                Rank 1 : false
2024-11-11 23:48:16,122 [INFO] ADCParametersView:116 -                Rank 1 : false
2024-11-11 23:48:16,122 [INFO] ADCParametersView:116 -                Rank 1 : false
2024-11-11 23:48:16,122 [INFO] ADCParametersView:116 -                Rank 1 : false
2024-11-11 23:48:16,122 [INFO] ADCParametersView:116 -                Rank 1 : false
2024-11-11 23:48:16,122 [INFO] ADCParametersView:116 -                Rank 1 : false
2024-11-11 23:48:16,135 [INFO] ADCParametersView:116 -                Rank 1 : false
2024-11-11 23:48:16,152 [INFO] ADCParametersView:116 -                Rank 1 : false
2024-11-11 23:48:16,155 [INFO] ADCParametersView:116 -                Rank 1 : false
2024-11-11 23:48:16,155 [INFO] ADCParametersView:116 -                Rank 1 : false
2024-11-11 23:48:16,155 [INFO] ADCParametersView:116 -                Rank 1 : false
2024-11-11 23:48:16,155 [INFO] ADCParametersView:116 -                Rank 1 : false
2024-11-11 23:48:16,155 [INFO] ADCParametersView:116 -                Rank 1 : false
2024-11-11 23:48:16,155 [INFO] ADCParametersView:116 -                Rank 1 : false
2024-11-11 23:48:16,155 [INFO] ADCParametersView:116 -                Rank 1 : false
2024-11-11 23:48:16,155 [INFO] ADCParametersView:116 -                Rank 1 : false
2024-11-11 23:48:16,155 [INFO] ADCParametersView:116 -                Rank 1 : false
2024-11-11 23:48:16,155 [INFO] ADCParametersView:116 -                Rank 1 : false
2024-11-11 23:48:16,155 [INFO] ADCParametersView:116 -                Rank 1 : false
2024-11-11 23:48:16,155 [INFO] ADCParametersView:116 -                Rank 1 : false
2024-11-11 23:48:16,155 [INFO] ADCParametersView:116 -                Rank 1 : false
2024-11-11 23:48:16,155 [INFO] ADCParametersView:116 -                Rank 1 : false
2024-11-11 23:48:16,155 [INFO] ADCParametersView:116 -                Rank 1 : false
2024-11-11 23:48:16,155 [INFO] ADCParametersView:116 -                Rank 1 : false
2024-11-11 23:48:16,155 [INFO] ADCParametersView:116 -                Rank 1 : false
2024-11-11 23:48:16,155 [INFO] ADCParametersView:116 -                Rank 1 : false
2024-11-11 23:48:16,155 [INFO] ADCParametersView:116 -                Rank 1 : false
2024-11-11 23:48:16,155 [INFO] ADCParametersView:116 -                Rank 1 : false
2024-11-11 23:48:16,155 [INFO] ADCParametersView:116 -                Rank 1 : false
2024-11-11 23:48:16,155 [INFO] ADCParametersView:116 -                Rank 1 : false
2024-11-11 23:48:16,155 [INFO] ADCParametersView:116 -                Rank 1 : false
2024-11-11 23:48:16,155 [INFO] ADCParametersView:116 -                Rank 1 : false
2024-11-11 23:48:16,171 [INFO] ADCParametersView:116 -                Rank 1 : false
2024-11-11 23:48:19,023 [INFO] ADCParametersView:116 -                Rank 1 : false
2024-11-11 23:48:19,025 [INFO] ADCParametersView:116 -                Rank 1 : false
2024-11-11 23:48:19,025 [INFO] ADCParametersView:116 -                Rank 1 : false
2024-11-11 23:48:19,025 [INFO] ADCParametersView:116 -                Rank 1 : false
2024-11-11 23:48:19,025 [INFO] ADCParametersView:116 -                Rank 1 : false
2024-11-11 23:48:19,025 [INFO] ADCParametersView:116 -                Rank 1 : false
2024-11-11 23:48:19,025 [INFO] ADCParametersView:116 -                Rank 1 : false
2024-11-11 23:48:19,025 [INFO] ADCParametersView:116 -                Rank 1 : false
2024-11-11 23:48:19,025 [INFO] ADCParametersView:116 -                Rank 1 : false
2024-11-11 23:48:19,025 [INFO] ADCParametersView:116 -                Rank 1 : false
2024-11-11 23:48:19,025 [INFO] ADCParametersView:116 -                Rank 1 : false
2024-11-11 23:48:19,025 [INFO] ADCParametersView:116 -                Rank 1 : false
2024-11-11 23:48:19,025 [INFO] ADCParametersView:116 -                Rank 1 : false
2024-11-11 23:48:19,025 [INFO] ADCParametersView:116 -                Rank 1 : false
2024-11-11 23:48:19,025 [INFO] ADCParametersView:116 -                Rank 1 : false
2024-11-11 23:48:19,025 [INFO] ADCParametersView:116 -                Rank 1 : false
2024-11-11 23:48:19,025 [INFO] ADCParametersView:116 -                Rank 1 : false
2024-11-11 23:48:19,025 [INFO] ADCParametersView:116 -                Rank 1 : false
2024-11-11 23:48:19,025 [INFO] ADCParametersView:116 -                Rank 1 : false
2024-11-11 23:48:19,025 [INFO] ADCParametersView:116 -                Rank 1 : false
2024-11-11 23:48:19,025 [INFO] ADCParametersView:116 -                Rank 1 : false
2024-11-11 23:48:19,025 [INFO] ADCParametersView:116 -                Rank 1 : false
2024-11-11 23:48:19,025 [INFO] ADCParametersView:116 -                Rank 1 : false
2024-11-11 23:48:19,025 [INFO] ADCParametersView:116 -                Rank 1 : false
2024-11-11 23:48:19,025 [INFO] ADCParametersView:116 -                Rank 1 : false
2024-11-11 23:48:19,038 [INFO] ADCParametersView:116 -                Rank 1 : false
2024-11-11 23:48:19,054 [INFO] ADCParametersView:116 -                Rank 1 : false
2024-11-11 23:48:19,055 [INFO] ADCParametersView:116 -                Rank 1 : false
2024-11-11 23:48:19,055 [INFO] ADCParametersView:116 -                Rank 1 : false
2024-11-11 23:48:19,055 [INFO] ADCParametersView:116 -                Rank 1 : false
2024-11-11 23:48:19,055 [INFO] ADCParametersView:116 -                Rank 1 : false
2024-11-11 23:48:19,055 [INFO] ADCParametersView:116 -                Rank 1 : false
2024-11-11 23:48:19,055 [INFO] ADCParametersView:116 -                Rank 1 : false
2024-11-11 23:48:19,055 [INFO] ADCParametersView:116 -                Rank 1 : false
2024-11-11 23:48:19,055 [INFO] ADCParametersView:116 -                Rank 1 : false
2024-11-11 23:48:19,055 [INFO] ADCParametersView:116 -                Rank 1 : false
2024-11-11 23:48:19,055 [INFO] ADCParametersView:116 -                Rank 1 : false
2024-11-11 23:48:19,055 [INFO] ADCParametersView:116 -                Rank 1 : false
2024-11-11 23:48:19,055 [INFO] ADCParametersView:116 -                Rank 1 : false
2024-11-11 23:48:19,055 [INFO] ADCParametersView:116 -                Rank 1 : false
2024-11-11 23:48:19,055 [INFO] ADCParametersView:116 -                Rank 1 : false
2024-11-11 23:48:19,055 [INFO] ADCParametersView:116 -                Rank 1 : false
2024-11-11 23:48:19,055 [INFO] ADCParametersView:116 -                Rank 1 : false
2024-11-11 23:48:19,055 [INFO] ADCParametersView:116 -                Rank 1 : false
2024-11-11 23:48:19,055 [INFO] ADCParametersView:116 -                Rank 1 : false
2024-11-11 23:48:19,055 [INFO] ADCParametersView:116 -                Rank 1 : false
2024-11-11 23:48:19,055 [INFO] ADCParametersView:116 -                Rank 1 : false
2024-11-11 23:48:19,055 [INFO] ADCParametersView:116 -                Rank 1 : false
2024-11-11 23:48:19,055 [INFO] ADCParametersView:116 -                Rank 1 : false
2024-11-11 23:48:19,055 [INFO] ADCParametersView:116 -                Rank 1 : false
2024-11-11 23:48:19,055 [INFO] ADCParametersView:116 -                Rank 1 : false
2024-11-11 23:48:19,068 [INFO] ADCParametersView:116 -                Rank 1 : false
2024-11-11 23:48:20,501 [INFO] ADCParametersView:116 -                Rank 1 : false
2024-11-11 23:48:20,503 [INFO] ADCParametersView:116 -                Rank 1 : false
2024-11-11 23:48:20,503 [INFO] ADCParametersView:116 -                Rank 1 : false
2024-11-11 23:48:20,503 [INFO] ADCParametersView:116 -                Rank 1 : false
2024-11-11 23:48:20,503 [INFO] ADCParametersView:116 -                Rank 1 : false
2024-11-11 23:48:20,503 [INFO] ADCParametersView:116 -                Rank 1 : false
2024-11-11 23:48:20,503 [INFO] ADCParametersView:116 -                Rank 1 : false
2024-11-11 23:48:20,503 [INFO] ADCParametersView:116 -                Rank 1 : false
2024-11-11 23:48:20,503 [INFO] ADCParametersView:116 -                Rank 1 : false
2024-11-11 23:48:20,503 [INFO] ADCParametersView:116 -                Rank 1 : false
2024-11-11 23:48:20,503 [INFO] ADCParametersView:116 -                Rank 1 : false
2024-11-11 23:48:20,503 [INFO] ADCParametersView:116 -                Rank 1 : false
2024-11-11 23:48:20,503 [INFO] ADCParametersView:116 -                Rank 1 : false
2024-11-11 23:48:20,503 [INFO] ADCParametersView:116 -                Rank 1 : false
2024-11-11 23:48:20,503 [INFO] ADCParametersView:116 -                Rank 1 : false
2024-11-11 23:48:20,503 [INFO] ADCParametersView:116 -                Rank 1 : false
2024-11-11 23:48:20,503 [INFO] ADCParametersView:116 -                Rank 1 : false
2024-11-11 23:48:20,503 [INFO] ADCParametersView:116 -                Rank 1 : false
2024-11-11 23:48:20,503 [INFO] ADCParametersView:116 -                Rank 1 : false
2024-11-11 23:48:20,503 [INFO] ADCParametersView:116 -                Rank 1 : false
2024-11-11 23:48:20,503 [INFO] ADCParametersView:116 -                Rank 1 : false
2024-11-11 23:48:20,503 [INFO] ADCParametersView:116 -                Rank 1 : false
2024-11-11 23:48:20,503 [INFO] ADCParametersView:116 -                Rank 1 : false
2024-11-11 23:48:20,503 [INFO] ADCParametersView:116 -                Rank 1 : false
2024-11-11 23:48:20,503 [INFO] ADCParametersView:116 -                Rank 1 : false
2024-11-11 23:48:20,516 [INFO] ADCParametersView:116 -                Rank 1 : false
2024-11-11 23:48:20,539 [INFO] ADCParametersView:116 -                Rank 1 : false
2024-11-11 23:48:20,540 [INFO] ADCParametersView:116 -                Rank 1 : false
2024-11-11 23:48:20,540 [INFO] ADCParametersView:116 -                Rank 1 : false
2024-11-11 23:48:20,540 [INFO] ADCParametersView:116 -                Rank 1 : false
2024-11-11 23:48:20,540 [INFO] ADCParametersView:116 -                Rank 1 : false
2024-11-11 23:48:20,540 [INFO] ADCParametersView:116 -                Rank 1 : false
2024-11-11 23:48:20,540 [INFO] ADCParametersView:116 -                Rank 1 : false
2024-11-11 23:48:20,540 [INFO] ADCParametersView:116 -                Rank 1 : false
2024-11-11 23:48:20,540 [INFO] ADCParametersView:116 -                Rank 1 : false
2024-11-11 23:48:20,540 [INFO] ADCParametersView:116 -                Rank 1 : false
2024-11-11 23:48:20,540 [INFO] ADCParametersView:116 -                Rank 1 : false
2024-11-11 23:48:20,540 [INFO] ADCParametersView:116 -                Rank 1 : false
2024-11-11 23:48:20,540 [INFO] ADCParametersView:116 -                Rank 1 : false
2024-11-11 23:48:20,540 [INFO] ADCParametersView:116 -                Rank 1 : false
2024-11-11 23:48:20,540 [INFO] ADCParametersView:116 -                Rank 1 : false
2024-11-11 23:48:20,540 [INFO] ADCParametersView:116 -                Rank 1 : false
2024-11-11 23:48:20,540 [INFO] ADCParametersView:116 -                Rank 1 : false
2024-11-11 23:48:20,540 [INFO] ADCParametersView:116 -                Rank 1 : false
2024-11-11 23:48:20,540 [INFO] ADCParametersView:116 -                Rank 1 : false
2024-11-11 23:48:20,540 [INFO] ADCParametersView:116 -                Rank 1 : false
2024-11-11 23:48:20,540 [INFO] ADCParametersView:116 -                Rank 1 : false
2024-11-11 23:48:20,540 [INFO] ADCParametersView:116 -                Rank 1 : false
2024-11-11 23:48:20,540 [INFO] ADCParametersView:116 -                Rank 1 : false
2024-11-11 23:48:20,540 [INFO] ADCParametersView:116 -                Rank 1 : false
2024-11-11 23:48:20,540 [INFO] ADCParametersView:116 -                Rank 1 : false
2024-11-11 23:48:20,557 [INFO] ADCParametersView:116 -                Rank 1 : false
2024-11-11 23:48:24,055 [WARN] IP:2120 - PWR_Regulator_Voltage_Scale not found: check if there is a RefParameter without a condition.
2024-11-11 23:48:24,137 [WARN] IP:2120 - PWR_Regulator_Voltage_Scale not found: check if there is a RefParameter without a condition.
2024-11-11 23:48:24,148 [WARN] IP:2120 - PWR_Regulator_Voltage_Scale not found: check if there is a RefParameter without a condition.
2024-11-11 23:48:24,150 [WARN] IP:2120 - PWR_Regulator_Voltage_Scale not found: check if there is a RefParameter without a condition.
2024-11-11 23:48:24,169 [INFO] ADCParametersView:116 -                Rank 1 : false
2024-11-11 23:48:24,169 [INFO] ADCParametersView:116 -                Rank 1 : false
2024-11-11 23:48:24,169 [INFO] ADCParametersView:116 -                Rank 1 : false
2024-11-11 23:48:24,169 [INFO] ADCParametersView:116 -                Rank 1 : false
2024-11-11 23:48:24,169 [INFO] ADCParametersView:116 -                Rank 1 : false
2024-11-11 23:48:24,169 [INFO] ADCParametersView:116 -                Rank 1 : false
2024-11-11 23:48:24,169 [INFO] ADCParametersView:116 -                Rank 1 : false
2024-11-11 23:48:24,169 [INFO] ADCParametersView:116 -                Rank 1 : false
2024-11-11 23:48:24,169 [INFO] ADCParametersView:116 -                Rank 1 : false
2024-11-11 23:48:24,169 [INFO] ADCParametersView:116 -                Rank 1 : false
2024-11-11 23:48:24,169 [INFO] ADCParametersView:116 -                Rank 1 : false
2024-11-11 23:48:24,169 [INFO] ADCParametersView:116 -                Rank 1 : false
2024-11-11 23:48:24,169 [INFO] ADCParametersView:116 -                Rank 1 : false
2024-11-11 23:48:24,169 [INFO] ADCParametersView:116 -                Rank 1 : false
2024-11-11 23:48:24,169 [INFO] ADCParametersView:116 -                Rank 1 : false
2024-11-11 23:48:24,169 [INFO] ADCParametersView:116 -                Rank 1 : false
2024-11-11 23:48:24,169 [INFO] ADCParametersView:116 -                Rank 1 : false
2024-11-11 23:48:24,170 [INFO] ADCParametersView:116 -                Rank 1 : false
2024-11-11 23:48:24,170 [INFO] ADCParametersView:116 -                Rank 1 : false
2024-11-11 23:48:24,170 [INFO] ADCParametersView:116 -                Rank 1 : false
2024-11-11 23:48:24,170 [INFO] ADCParametersView:116 -                Rank 1 : false
2024-11-11 23:48:24,170 [INFO] ADCParametersView:116 -                Rank 1 : false
2024-11-11 23:48:24,170 [INFO] ADCParametersView:116 -                Rank 1 : false
2024-11-11 23:48:24,170 [INFO] ADCParametersView:116 -                Rank 1 : false
2024-11-11 23:48:24,170 [INFO] ADCParametersView:116 -                Rank 1 : false
2024-11-11 23:48:24,174 [WARN] IP:2120 - PWR_Regulator_Voltage_Scale not found: check if there is a RefParameter without a condition.
2024-11-11 23:48:24,185 [INFO] ADCParametersView:116 -                Rank 1 : false
2024-11-11 23:48:24,194 [WARN] IP:2120 - PWR_Regulator_Voltage_Scale not found: check if there is a RefParameter without a condition.
2024-11-11 23:48:24,202 [INFO] ADCParametersView:116 -                Rank 1 : false
2024-11-11 23:48:24,203 [INFO] ADCParametersView:116 -                Rank 1 : false
2024-11-11 23:48:24,203 [INFO] ADCParametersView:116 -                Rank 1 : false
2024-11-11 23:48:24,203 [INFO] ADCParametersView:116 -                Rank 1 : false
2024-11-11 23:48:24,203 [INFO] ADCParametersView:116 -                Rank 1 : false
2024-11-11 23:48:24,203 [INFO] ADCParametersView:116 -                Rank 1 : false
2024-11-11 23:48:24,203 [INFO] ADCParametersView:116 -                Rank 1 : false
2024-11-11 23:48:24,203 [INFO] ADCParametersView:116 -                Rank 1 : false
2024-11-11 23:48:24,203 [INFO] ADCParametersView:116 -                Rank 1 : false
2024-11-11 23:48:24,203 [INFO] ADCParametersView:116 -                Rank 1 : false
2024-11-11 23:48:24,203 [INFO] ADCParametersView:116 -                Rank 1 : false
2024-11-11 23:48:24,203 [INFO] ADCParametersView:116 -                Rank 1 : false
2024-11-11 23:48:24,203 [INFO] ADCParametersView:116 -                Rank 1 : false
2024-11-11 23:48:24,203 [INFO] ADCParametersView:116 -                Rank 1 : false
2024-11-11 23:48:24,203 [INFO] ADCParametersView:116 -                Rank 1 : false
2024-11-11 23:48:24,203 [INFO] ADCParametersView:116 -                Rank 1 : false
2024-11-11 23:48:24,203 [INFO] ADCParametersView:116 -                Rank 1 : false
2024-11-11 23:48:24,203 [INFO] ADCParametersView:116 -                Rank 1 : false
2024-11-11 23:48:24,203 [INFO] ADCParametersView:116 -                Rank 1 : false
2024-11-11 23:48:24,203 [INFO] ADCParametersView:116 -                Rank 1 : false
2024-11-11 23:48:24,203 [INFO] ADCParametersView:116 -                Rank 1 : false
2024-11-11 23:48:24,203 [INFO] ADCParametersView:116 -                Rank 1 : false
2024-11-11 23:48:24,203 [INFO] ADCParametersView:116 -                Rank 1 : false
2024-11-11 23:48:24,203 [INFO] ADCParametersView:116 -                Rank 1 : false
2024-11-11 23:48:24,203 [INFO] ADCParametersView:116 -                Rank 1 : false
2024-11-11 23:48:24,207 [WARN] IP:2120 - PWR_Regulator_Voltage_Scale not found: check if there is a RefParameter without a condition.
2024-11-11 23:48:24,217 [INFO] ADCParametersView:116 -                Rank 1 : false
2024-11-11 23:48:28,169 [WARN] IP:2120 - PWR_Regulator_Voltage_Scale not found: check if there is a RefParameter without a condition.
2024-11-11 23:48:28,268 [WARN] IP:2120 - PWR_Regulator_Voltage_Scale not found: check if there is a RefParameter without a condition.
2024-11-11 23:48:28,282 [WARN] IP:2120 - PWR_Regulator_Voltage_Scale not found: check if there is a RefParameter without a condition.
2024-11-11 23:48:28,285 [WARN] IP:2120 - PWR_Regulator_Voltage_Scale not found: check if there is a RefParameter without a condition.
2024-11-11 23:48:28,304 [INFO] ADCParametersView:116 -                Rank 1 : false
2024-11-11 23:48:28,305 [INFO] ADCParametersView:116 -                Rank 1 : false
2024-11-11 23:48:28,305 [INFO] ADCParametersView:116 -                Rank 1 : false
2024-11-11 23:48:28,305 [INFO] ADCParametersView:116 -                Rank 1 : false
2024-11-11 23:48:28,305 [INFO] ADCParametersView:116 -                Rank 1 : false
2024-11-11 23:48:28,305 [INFO] ADCParametersView:116 -                Rank 1 : false
2024-11-11 23:48:28,305 [INFO] ADCParametersView:116 -                Rank 1 : false
2024-11-11 23:48:28,305 [INFO] ADCParametersView:116 -                Rank 1 : false
2024-11-11 23:48:28,305 [INFO] ADCParametersView:116 -                Rank 1 : false
2024-11-11 23:48:28,305 [INFO] ADCParametersView:116 -                Rank 1 : false
2024-11-11 23:48:28,305 [INFO] ADCParametersView:116 -                Rank 1 : false
2024-11-11 23:48:28,305 [INFO] ADCParametersView:116 -                Rank 1 : false
2024-11-11 23:48:28,305 [INFO] ADCParametersView:116 -                Rank 1 : false
2024-11-11 23:48:28,305 [INFO] ADCParametersView:116 -                Rank 1 : false
2024-11-11 23:48:28,319 [INFO] ADCParametersView:116 -                Rank 1 : false
2024-11-11 23:48:28,319 [INFO] ADCParametersView:116 -                Rank 1 : false
2024-11-11 23:48:28,319 [INFO] ADCParametersView:116 -                Rank 1 : false
2024-11-11 23:48:28,319 [INFO] ADCParametersView:116 -                Rank 1 : false
2024-11-11 23:48:28,319 [INFO] ADCParametersView:116 -                Rank 1 : false
2024-11-11 23:48:28,319 [INFO] ADCParametersView:116 -                Rank 1 : false
2024-11-11 23:48:28,319 [INFO] ADCParametersView:116 -                Rank 1 : false
2024-11-11 23:48:28,319 [INFO] ADCParametersView:116 -                Rank 1 : false
2024-11-11 23:48:28,319 [INFO] ADCParametersView:116 -                Rank 1 : false
2024-11-11 23:48:28,319 [INFO] ADCParametersView:116 -                Rank 1 : false
2024-11-11 23:48:28,319 [INFO] ADCParametersView:116 -                Rank 1 : false
2024-11-11 23:48:28,324 [WARN] IP:2120 - PWR_Regulator_Voltage_Scale not found: check if there is a RefParameter without a condition.
2024-11-11 23:48:28,341 [INFO] ADCParametersView:116 -                Rank 1 : false
2024-11-11 23:48:28,355 [WARN] IP:2120 - PWR_Regulator_Voltage_Scale not found: check if there is a RefParameter without a condition.
2024-11-11 23:48:28,377 [INFO] ADCParametersView:116 -                Rank 1 : false
2024-11-11 23:48:28,379 [INFO] ADCParametersView:116 -                Rank 1 : false
2024-11-11 23:48:28,379 [INFO] ADCParametersView:116 -                Rank 1 : false
2024-11-11 23:48:28,379 [INFO] ADCParametersView:116 -                Rank 1 : false
2024-11-11 23:48:28,379 [INFO] ADCParametersView:116 -                Rank 1 : false
2024-11-11 23:48:28,379 [INFO] ADCParametersView:116 -                Rank 1 : false
2024-11-11 23:48:28,379 [INFO] ADCParametersView:116 -                Rank 1 : false
2024-11-11 23:48:28,379 [INFO] ADCParametersView:116 -                Rank 1 : false
2024-11-11 23:48:28,379 [INFO] ADCParametersView:116 -                Rank 1 : false
2024-11-11 23:48:28,380 [INFO] ADCParametersView:116 -                Rank 1 : false
2024-11-11 23:48:28,380 [INFO] ADCParametersView:116 -                Rank 1 : false
2024-11-11 23:48:28,380 [INFO] ADCParametersView:116 -                Rank 1 : false
2024-11-11 23:48:28,380 [INFO] ADCParametersView:116 -                Rank 1 : false
2024-11-11 23:48:28,380 [INFO] ADCParametersView:116 -                Rank 1 : false
2024-11-11 23:48:28,380 [INFO] ADCParametersView:116 -                Rank 1 : false
2024-11-11 23:48:28,380 [INFO] ADCParametersView:116 -                Rank 1 : false
2024-11-11 23:48:28,380 [INFO] ADCParametersView:116 -                Rank 1 : false
2024-11-11 23:48:28,380 [INFO] ADCParametersView:116 -                Rank 1 : false
2024-11-11 23:48:28,380 [INFO] ADCParametersView:116 -                Rank 1 : false
2024-11-11 23:48:28,380 [INFO] ADCParametersView:116 -                Rank 1 : false
2024-11-11 23:48:28,380 [INFO] ADCParametersView:116 -                Rank 1 : false
2024-11-11 23:48:28,380 [INFO] ADCParametersView:116 -                Rank 1 : false
2024-11-11 23:48:28,380 [INFO] ADCParametersView:116 -                Rank 1 : false
2024-11-11 23:48:28,380 [INFO] ADCParametersView:116 -                Rank 1 : false
2024-11-11 23:48:28,380 [INFO] ADCParametersView:116 -                Rank 1 : false
2024-11-11 23:48:28,385 [WARN] IP:2120 - PWR_Regulator_Voltage_Scale not found: check if there is a RefParameter without a condition.
2024-11-11 23:48:28,397 [INFO] ADCParametersView:116 -                Rank 1 : false
2024-11-11 23:48:30,964 [INFO] ADCParametersView:116 -                Rank 1 : false
2024-11-11 23:48:30,965 [INFO] ADCParametersView:116 -                Rank 1 : false
2024-11-11 23:48:30,965 [INFO] ADCParametersView:116 -                Rank 1 : false
2024-11-11 23:48:30,965 [INFO] ADCParametersView:116 -                Rank 1 : false
2024-11-11 23:48:30,965 [INFO] ADCParametersView:116 -                Rank 1 : false
2024-11-11 23:48:30,965 [INFO] ADCParametersView:116 -                Rank 1 : false
2024-11-11 23:48:30,965 [INFO] ADCParametersView:116 -                Rank 1 : false
2024-11-11 23:48:30,965 [INFO] ADCParametersView:116 -                Rank 1 : false
2024-11-11 23:48:30,965 [INFO] ADCParametersView:116 -                Rank 1 : false
2024-11-11 23:48:30,965 [INFO] ADCParametersView:116 -                Rank 1 : false
2024-11-11 23:48:30,965 [INFO] ADCParametersView:116 -                Rank 1 : false
2024-11-11 23:48:30,965 [INFO] ADCParametersView:116 -                Rank 1 : false
2024-11-11 23:48:30,965 [INFO] ADCParametersView:116 -                Rank 1 : false
2024-11-11 23:48:30,965 [INFO] ADCParametersView:116 -                Rank 1 : false
2024-11-11 23:48:30,965 [INFO] ADCParametersView:116 -                Rank 1 : false
2024-11-11 23:48:30,966 [INFO] ADCParametersView:116 -                Rank 1 : false
2024-11-11 23:48:30,966 [INFO] ADCParametersView:116 -                Rank 1 : false
2024-11-11 23:48:30,966 [INFO] ADCParametersView:116 -                Rank 1 : false
2024-11-11 23:48:30,966 [INFO] ADCParametersView:116 -                Rank 1 : false
2024-11-11 23:48:30,966 [INFO] ADCParametersView:116 -                Rank 1 : false
2024-11-11 23:48:30,966 [INFO] ADCParametersView:116 -                Rank 1 : false
2024-11-11 23:48:30,966 [INFO] ADCParametersView:116 -                Rank 1 : false
2024-11-11 23:48:30,966 [INFO] ADCParametersView:116 -                Rank 1 : false
2024-11-11 23:48:30,966 [INFO] ADCParametersView:116 -                Rank 1 : false
2024-11-11 23:48:30,966 [INFO] ADCParametersView:116 -                Rank 1 : false
2024-11-11 23:48:30,980 [INFO] ADCParametersView:116 -                Rank 1 : false
2024-11-11 23:48:31,003 [INFO] ADCParametersView:116 -                Rank 1 : false
2024-11-11 23:48:31,003 [INFO] ADCParametersView:116 -                Rank 1 : false
2024-11-11 23:48:31,003 [INFO] ADCParametersView:116 -                Rank 1 : false
2024-11-11 23:48:31,005 [INFO] ADCParametersView:116 -                Rank 1 : false
2024-11-11 23:48:31,005 [INFO] ADCParametersView:116 -                Rank 1 : false
2024-11-11 23:48:31,005 [INFO] ADCParametersView:116 -                Rank 1 : false
2024-11-11 23:48:31,005 [INFO] ADCParametersView:116 -                Rank 1 : false
2024-11-11 23:48:31,005 [INFO] ADCParametersView:116 -                Rank 1 : false
2024-11-11 23:48:31,005 [INFO] ADCParametersView:116 -                Rank 1 : false
2024-11-11 23:48:31,005 [INFO] ADCParametersView:116 -                Rank 1 : false
2024-11-11 23:48:31,005 [INFO] ADCParametersView:116 -                Rank 1 : false
2024-11-11 23:48:31,005 [INFO] ADCParametersView:116 -                Rank 1 : false
2024-11-11 23:48:31,005 [INFO] ADCParametersView:116 -                Rank 1 : false
2024-11-11 23:48:31,005 [INFO] ADCParametersView:116 -                Rank 1 : false
2024-11-11 23:48:31,005 [INFO] ADCParametersView:116 -                Rank 1 : false
2024-11-11 23:48:31,005 [INFO] ADCParametersView:116 -                Rank 1 : false
2024-11-11 23:48:31,005 [INFO] ADCParametersView:116 -                Rank 1 : false
2024-11-11 23:48:31,005 [INFO] ADCParametersView:116 -                Rank 1 : false
2024-11-11 23:48:31,006 [INFO] ADCParametersView:116 -                Rank 1 : false
2024-11-11 23:48:31,006 [INFO] ADCParametersView:116 -                Rank 1 : false
2024-11-11 23:48:31,006 [INFO] ADCParametersView:116 -                Rank 1 : false
2024-11-11 23:48:31,006 [INFO] ADCParametersView:116 -                Rank 1 : false
2024-11-11 23:48:31,006 [INFO] ADCParametersView:116 -                Rank 1 : false
2024-11-11 23:48:31,006 [INFO] ADCParametersView:116 -                Rank 1 : false
2024-11-11 23:48:31,006 [INFO] ADCParametersView:116 -                Rank 1 : false
2024-11-11 23:48:31,033 [INFO] ADCParametersView:116 -                Rank 1 : false
2024-11-11 23:48:39,138 [INFO] ParamManager:896 - [Generic UI] PropertyChangeEvent: TAB_STATUS_CHANGED , "dont care", "never mind"
2024-11-11 23:48:39,148 [INFO] NvicIntPanel:101 - NVIC parent = com.st.microxplorer.plugins.ip.nvic.MultiNvicIntPanel[,0,0,0x0,invalid,layout=javax.swing.BoxLayout,alignmentX=0.0,alignmentY=0.0,border=,flags=9,maximumSize=,minimumSize=,preferredSize=]
2024-11-11 23:48:39,175 [INFO] ADCParametersView:116 -                Rank 1 : false
2024-11-11 23:48:39,179 [INFO] ADCParametersView:116 -                Rank 1 : false
2024-11-11 23:48:39,179 [INFO] ADCParametersView:116 -                Rank 1 : false
2024-11-11 23:48:39,179 [INFO] ADCParametersView:116 -                Rank 1 : false
2024-11-11 23:48:39,179 [INFO] ADCParametersView:116 -                Rank 1 : false
2024-11-11 23:48:39,179 [INFO] ADCParametersView:116 -                Rank 1 : false
2024-11-11 23:48:39,179 [INFO] ADCParametersView:116 -                Rank 1 : false
2024-11-11 23:48:39,179 [INFO] ADCParametersView:116 -                Rank 1 : false
2024-11-11 23:48:39,179 [INFO] ADCParametersView:116 -                Rank 1 : false
2024-11-11 23:48:39,179 [INFO] ADCParametersView:116 -                Rank 1 : false
2024-11-11 23:48:39,179 [INFO] ADCParametersView:116 -                Rank 1 : false
2024-11-11 23:48:39,179 [INFO] ADCParametersView:116 -                Rank 1 : false
2024-11-11 23:48:39,179 [INFO] ADCParametersView:116 -                Rank 1 : false
2024-11-11 23:48:39,179 [INFO] ADCParametersView:116 -                Rank 1 : false
2024-11-11 23:48:39,179 [INFO] ADCParametersView:116 -                Rank 1 : false
2024-11-11 23:48:39,179 [INFO] ADCParametersView:116 -                Rank 1 : false
2024-11-11 23:48:39,179 [INFO] ADCParametersView:116 -                Rank 1 : false
2024-11-11 23:48:39,179 [INFO] ADCParametersView:116 -                Rank 1 : false
2024-11-11 23:48:39,179 [INFO] ADCParametersView:116 -                Rank 1 : false
2024-11-11 23:48:39,179 [INFO] ADCParametersView:116 -                Rank 1 : false
2024-11-11 23:48:39,179 [INFO] ADCParametersView:116 -                Rank 1 : false
2024-11-11 23:48:39,179 [INFO] ADCParametersView:116 -                Rank 1 : false
2024-11-11 23:48:39,179 [INFO] ADCParametersView:116 -                Rank 1 : false
2024-11-11 23:48:39,179 [INFO] ADCParametersView:116 -                Rank 1 : false
2024-11-11 23:48:39,179 [INFO] ADCParametersView:116 -                Rank 1 : false
2024-11-11 23:48:39,191 [INFO] ADCParametersView:116 -                Rank 1 : false
2024-11-11 23:48:51,542 [INFO] UtilMem:75 - End SaveConfig() Used Memory: 872657920 Bytes (1073741824)
2024-11-11 23:48:54,130 [INFO] UtilMem:75 - End SaveConfig() Used Memory: 730297952 Bytes (1073741824)
2024-11-11 23:48:56,527 [INFO] UtilMem:75 - End SaveConfig() Used Memory: 811362536 Bytes (1073741824)
2024-11-11 23:48:56,733 [INFO] BlockDiagram:2759 - set Specific Code input for plugin: SYS
2024-11-11 23:48:56,733 [INFO] BlockDiagram:2759 - set Specific Code input for plugin: ADC
2024-11-11 23:48:56,733 [INFO] BlockDiagram:2759 - set Specific Code input for plugin: RCC
2024-11-11 23:48:56,733 [INFO] BlockDiagram:2759 - set Specific Code input for plugin: NVIC
2024-11-11 23:48:56,733 [INFO] BlockDiagram:2759 - set Specific Code input for plugin: GPIO
2024-11-11 23:48:56,734 [INFO] CodeGenerator:807 - code generatio: config db path: C:\ST\STM32CubeIDE_1.10.1\STM32CubeIDE\plugins\com.st.stm32cube.common.mx_6.11.1.202404110753\\db\
2024-11-11 23:48:56,769 [INFO] CodeEngine:255 - oldGeneratedFile, D:\Download\DeleteThis\MasterFinalBMS\MXTmpFiles\license.tmp_save
2024-11-11 23:48:56,818 [INFO] CodeEngine:279 - Generated code: D:\Download\DeleteThis\MasterFinalBMS\MXTmpFiles\license.tmp
2024-11-11 23:48:56,847 [INFO] CodeEngine:255 - oldGeneratedFile, D:\Download\DeleteThis\MasterFinalBMS\MXTmpFiles\gpio.tmp_save
2024-11-11 23:48:56,895 [INFO] CodeEngine:279 - Generated code: D:\Download\DeleteThis\MasterFinalBMS\MXTmpFiles\gpio.tmp
2024-11-11 23:48:56,953 [INFO] CodeEngine:255 - oldGeneratedFile, D:\Download\DeleteThis\MasterFinalBMS\Core\Src\stm32g4xx_it.c_save
2024-11-11 23:48:56,998 [INFO] CodeEngine:279 - Generated code: D:\Download\DeleteThis\MasterFinalBMS\Core\Src\stm32g4xx_it.c
2024-11-11 23:48:57,002 [INFO] CodeEngine:255 - oldGeneratedFile, D:\Download\DeleteThis\MasterFinalBMS\Core\Inc\stm32g4xx_it.h_save
2024-11-11 23:48:57,034 [INFO] CodeEngine:279 - Generated code: D:\Download\DeleteThis\MasterFinalBMS\Core\Inc\stm32g4xx_it.h
2024-11-11 23:48:57,051 [INFO] CodeEngine:255 - oldGeneratedFile, D:\Download\DeleteThis\MasterFinalBMS\Core\Src\stm32g4xx_hal_msp.c_save
2024-11-11 23:48:57,130 [INFO] CodeEngine:279 - Generated code: D:\Download\DeleteThis\MasterFinalBMS\Core\Src\stm32g4xx_hal_msp.c
2024-11-11 23:48:57,132 [INFO] CodeEngine:255 - oldGeneratedFile, D:\Download\DeleteThis\MasterFinalBMS\MXTmpFiles\system.tmp_save
2024-11-11 23:48:57,166 [INFO] CodeEngine:279 - Generated code: D:\Download\DeleteThis\MasterFinalBMS\MXTmpFiles\system.tmp
2024-11-11 23:48:57,176 [INFO] CodeEngine:311 - oldGeneratedFile, D:\Download\DeleteThis\MasterFinalBMS\Core\Inc\stm32g4xx_hal_conf.h_save
2024-11-11 23:48:57,236 [INFO] CodeEngine:335 - Generated code: D:\Download\DeleteThis\MasterFinalBMS\Core\Inc\stm32g4xx_hal_conf.h
2024-11-11 23:48:57,255 [WARN] IPConfigManager:2982 - Warning: the RefConfig RCC_CommonPeriphClockConfig is not available in your config.xml file
2024-11-11 23:48:57,268 [INFO] CodeEngine:255 - oldGeneratedFile, D:\Download\DeleteThis\MasterFinalBMS\Core\Inc\main.h_save
2024-11-11 23:48:57,302 [INFO] CodeEngine:279 - Generated code: D:\Download\DeleteThis\MasterFinalBMS\Core\Inc\main.h
2024-11-11 23:48:57,311 [INFO] CodeEngine:255 - oldGeneratedFile, D:\Download\DeleteThis\MasterFinalBMS\Core\Src\main.c_save
2024-11-11 23:48:57,380 [INFO] CodeEngine:279 - Generated code: D:\Download\DeleteThis\MasterFinalBMS\Core\Src\main.c
2024-11-11 23:48:57,547 [INFO] ProjectBuilder:3163 - Time for Copy HAL[1] : 88mS.
2024-11-11 23:48:57,550 [INFO] ProjectBuilder:4736 - Project Generator version: 4.3.0-B58
2024-11-11 23:48:57,586 [INFO] ConfigFileManager:1503 - The Die is : DIE469
2024-11-11 23:48:58,395 [INFO] ProjectBuilder:5002 - Time for Generating toolchain IDE Files: 845mS.
2024-11-11 23:48:58,395 [INFO] ProjectBuilder:3034 - Time for Copy CMSIS : 0mS.
2024-11-11 23:48:58,398 [INFO] ProjectBuilder:3034 - Time for Copy CMSIS : 0mS.
2024-11-11 23:53:51,263 [INFO] ADCParametersView:116 -                Rank 1 : false
2024-11-11 23:53:51,296 [INFO] ADCParametersView:116 -                Rank 1 : false
2024-11-11 23:53:51,296 [INFO] ADCParametersView:116 -                Rank 1 : false
2024-11-11 23:53:51,296 [INFO] ADCParametersView:116 -                Rank 1 : false
2024-11-11 23:53:51,296 [INFO] ADCParametersView:116 -                Rank 1 : false
2024-11-11 23:53:51,296 [INFO] ADCParametersView:116 -                Rank 1 : false
2024-11-11 23:53:51,296 [INFO] ADCParametersView:116 -                Rank 1 : false
2024-11-11 23:53:51,296 [INFO] ADCParametersView:116 -                Rank 1 : false
2024-11-11 23:53:51,296 [INFO] ADCParametersView:116 -                Rank 1 : false
2024-11-11 23:53:51,296 [INFO] ADCParametersView:116 -                Rank 1 : false
2024-11-11 23:53:51,296 [INFO] ADCParametersView:116 -                Rank 1 : false
2024-11-11 23:53:51,296 [INFO] ADCParametersView:116 -                Rank 1 : false
2024-11-11 23:53:51,296 [INFO] ADCParametersView:116 -                Rank 1 : false
2024-11-11 23:53:51,296 [INFO] ADCParametersView:116 -                Rank 1 : false
2024-11-11 23:53:51,296 [INFO] ADCParametersView:116 -                Rank 1 : false
2024-11-11 23:53:51,296 [INFO] ADCParametersView:116 -                Rank 1 : false
2024-11-11 23:53:51,296 [INFO] ADCParametersView:116 -                Rank 1 : false
2024-11-11 23:53:51,296 [INFO] ADCParametersView:116 -                Rank 1 : false
2024-11-11 23:53:51,296 [INFO] ADCParametersView:116 -                Rank 1 : false
2024-11-11 23:53:51,297 [INFO] ADCParametersView:116 -                Rank 1 : false
2024-11-11 23:53:51,297 [INFO] ADCParametersView:116 -                Rank 1 : false
2024-11-11 23:53:51,297 [INFO] ADCParametersView:116 -                Rank 1 : false
2024-11-11 23:53:51,304 [INFO] ADCParametersView:116 -                Rank 1 : false
2024-11-11 23:53:51,408 [INFO] NvicIntPanel:101 - NVIC parent = com.st.microxplorer.plugins.ip.nvic.MultiNvicIntPanel[,0,0,0x0,invalid,layout=javax.swing.BoxLayout,alignmentX=0.0,alignmentY=0.0,border=,flags=9,maximumSize=,minimumSize=,preferredSize=]
2024-11-11 23:53:51,507 [INFO] NvicIntPanel:101 - NVIC parent = com.st.microxplorer.plugins.ip.nvic.MultiNvicIntPanel[,0,0,0x0,invalid,layout=javax.swing.BoxLayout,alignmentX=0.0,alignmentY=0.0,border=,flags=9,maximumSize=,minimumSize=,preferredSize=]
2024-11-11 23:53:51,601 [INFO] NvicIntPanel:101 - NVIC parent = com.st.microxplorer.plugins.ip.nvic.MultiNvicIntPanel[,0,0,0x0,invalid,layout=javax.swing.BoxLayout,alignmentX=0.0,alignmentY=0.0,border=,flags=9,maximumSize=,minimumSize=,preferredSize=]
2024-11-11 23:53:51,698 [INFO] NvicIntPanel:101 - NVIC parent = com.st.microxplorer.plugins.ip.nvic.MultiNvicIntPanel[,0,0,0x0,invalid,layout=javax.swing.BoxLayout,alignmentX=0.0,alignmentY=0.0,border=,flags=9,maximumSize=,minimumSize=,preferredSize=]
2024-11-11 23:53:51,771 [INFO] ADCParametersView:116 -                Rank 1 : false
2024-11-11 23:53:51,772 [INFO] ADCParametersView:116 -                Rank 1 : false
2024-11-11 23:53:51,772 [INFO] ADCParametersView:116 -                Rank 1 : false
2024-11-11 23:53:51,772 [INFO] ADCParametersView:116 -                Rank 1 : false
2024-11-11 23:53:51,772 [INFO] ADCParametersView:116 -                Rank 1 : false
2024-11-11 23:53:51,772 [INFO] ADCParametersView:116 -                Rank 1 : false
2024-11-11 23:53:51,772 [INFO] ADCParametersView:116 -                Rank 1 : false
2024-11-11 23:53:51,772 [INFO] ADCParametersView:116 -                Rank 1 : false
2024-11-11 23:53:51,772 [INFO] ADCParametersView:116 -                Rank 1 : false
2024-11-11 23:53:51,772 [INFO] ADCParametersView:116 -                Rank 1 : false
2024-11-11 23:53:51,772 [INFO] ADCParametersView:116 -                Rank 1 : false
2024-11-11 23:53:51,772 [INFO] ADCParametersView:116 -                Rank 1 : false
2024-11-11 23:53:51,772 [INFO] ADCParametersView:116 -                Rank 1 : false
2024-11-11 23:53:51,772 [INFO] ADCParametersView:116 -                Rank 1 : false
2024-11-11 23:53:51,772 [INFO] ADCParametersView:116 -                Rank 1 : false
2024-11-11 23:53:51,772 [INFO] ADCParametersView:116 -                Rank 1 : false
2024-11-11 23:53:51,772 [INFO] ADCParametersView:116 -                Rank 1 : false
2024-11-11 23:53:51,772 [INFO] ADCParametersView:116 -                Rank 1 : false
2024-11-11 23:53:51,772 [INFO] ADCParametersView:116 -                Rank 1 : false
2024-11-11 23:53:51,772 [INFO] ADCParametersView:116 -                Rank 1 : false
2024-11-11 23:53:51,772 [INFO] ADCParametersView:116 -                Rank 1 : false
2024-11-11 23:53:51,784 [INFO] ADCParametersView:116 -                Rank 1 : false
2024-11-11 23:53:51,805 [INFO] ADCParametersView:116 -                Rank 1 : false
2024-11-11 23:53:51,806 [INFO] ADCParametersView:116 -                Rank 1 : false
2024-11-11 23:53:51,806 [INFO] ADCParametersView:116 -                Rank 1 : false
2024-11-11 23:53:51,806 [INFO] ADCParametersView:116 -                Rank 1 : false
2024-11-11 23:53:51,806 [INFO] ADCParametersView:116 -                Rank 1 : false
2024-11-11 23:53:51,806 [INFO] ADCParametersView:116 -                Rank 1 : false
2024-11-11 23:53:51,806 [INFO] ADCParametersView:116 -                Rank 1 : false
2024-11-11 23:53:51,806 [INFO] ADCParametersView:116 -                Rank 1 : false
2024-11-11 23:53:51,806 [INFO] ADCParametersView:116 -                Rank 1 : false
2024-11-11 23:53:51,806 [INFO] ADCParametersView:116 -                Rank 1 : false
2024-11-11 23:53:51,806 [INFO] ADCParametersView:116 -                Rank 1 : false
2024-11-11 23:53:51,806 [INFO] ADCParametersView:116 -                Rank 1 : false
2024-11-11 23:53:51,806 [INFO] ADCParametersView:116 -                Rank 1 : false
2024-11-11 23:53:51,806 [INFO] ADCParametersView:116 -                Rank 1 : false
2024-11-11 23:53:51,806 [INFO] ADCParametersView:116 -                Rank 1 : false
2024-11-11 23:53:51,806 [INFO] ADCParametersView:116 -                Rank 1 : false
2024-11-11 23:53:51,806 [INFO] ADCParametersView:116 -                Rank 1 : false
2024-11-11 23:53:51,806 [INFO] ADCParametersView:116 -                Rank 1 : false
2024-11-11 23:53:51,806 [INFO] ADCParametersView:116 -                Rank 1 : false
2024-11-11 23:53:51,806 [INFO] ADCParametersView:116 -                Rank 1 : false
2024-11-11 23:53:51,806 [INFO] ADCParametersView:116 -                Rank 1 : false
2024-11-11 23:53:51,816 [INFO] ADCParametersView:116 -                Rank 1 : false
2024-11-11 23:53:56,501 [INFO] ADCParametersView:116 -                Rank 1 : false
2024-11-11 23:53:56,507 [INFO] ADCParametersView:116 -                Rank 1 : false
2024-11-11 23:53:56,507 [INFO] ADCParametersView:116 -                Rank 1 : false
2024-11-11 23:53:56,507 [INFO] ADCParametersView:116 -                Rank 1 : false
2024-11-11 23:53:56,507 [INFO] ADCParametersView:116 -                Rank 1 : false
2024-11-11 23:53:56,507 [INFO] ADCParametersView:116 -                Rank 1 : false
2024-11-11 23:53:56,507 [INFO] ADCParametersView:116 -                Rank 1 : false
2024-11-11 23:53:56,507 [INFO] ADCParametersView:116 -                Rank 1 : false
2024-11-11 23:53:56,507 [INFO] ADCParametersView:116 -                Rank 1 : false
2024-11-11 23:53:56,507 [INFO] ADCParametersView:116 -                Rank 1 : false
2024-11-11 23:53:56,507 [INFO] ADCParametersView:116 -                Rank 1 : false
2024-11-11 23:53:56,507 [INFO] ADCParametersView:116 -                Rank 1 : false
2024-11-11 23:53:56,507 [INFO] ADCParametersView:116 -                Rank 1 : false
2024-11-11 23:53:56,507 [INFO] ADCParametersView:116 -                Rank 1 : false
2024-11-11 23:53:56,507 [INFO] ADCParametersView:116 -                Rank 1 : false
2024-11-11 23:53:56,507 [INFO] ADCParametersView:116 -                Rank 1 : false
2024-11-11 23:53:56,507 [INFO] ADCParametersView:116 -                Rank 1 : false
2024-11-11 23:53:56,507 [INFO] ADCParametersView:116 -                Rank 1 : false
2024-11-11 23:53:56,507 [INFO] ADCParametersView:116 -                Rank 1 : false
2024-11-11 23:53:56,507 [INFO] ADCParametersView:116 -                Rank 1 : false
2024-11-11 23:53:56,507 [INFO] ADCParametersView:116 -                Rank 1 : false
2024-11-11 23:53:56,516 [INFO] ADCParametersView:116 -                Rank 1 : false
2024-11-11 23:53:56,534 [INFO] ADCParametersView:116 -                Rank 1 : false
2024-11-11 23:53:56,536 [INFO] ADCParametersView:116 -                Rank 1 : false
2024-11-11 23:53:56,536 [INFO] ADCParametersView:116 -                Rank 1 : false
2024-11-11 23:53:56,536 [INFO] ADCParametersView:116 -                Rank 1 : false
2024-11-11 23:53:56,536 [INFO] ADCParametersView:116 -                Rank 1 : false
2024-11-11 23:53:56,536 [INFO] ADCParametersView:116 -                Rank 1 : false
2024-11-11 23:53:56,536 [INFO] ADCParametersView:116 -                Rank 1 : false
2024-11-11 23:53:56,536 [INFO] ADCParametersView:116 -                Rank 1 : false
2024-11-11 23:53:56,536 [INFO] ADCParametersView:116 -                Rank 1 : false
2024-11-11 23:53:56,536 [INFO] ADCParametersView:116 -                Rank 1 : false
2024-11-11 23:53:56,536 [INFO] ADCParametersView:116 -                Rank 1 : false
2024-11-11 23:53:56,536 [INFO] ADCParametersView:116 -                Rank 1 : false
2024-11-11 23:53:56,536 [INFO] ADCParametersView:116 -                Rank 1 : false
2024-11-11 23:53:56,536 [INFO] ADCParametersView:116 -                Rank 1 : false
2024-11-11 23:53:56,536 [INFO] ADCParametersView:116 -                Rank 1 : false
2024-11-11 23:53:56,536 [INFO] ADCParametersView:116 -                Rank 1 : false
2024-11-11 23:53:56,536 [INFO] ADCParametersView:116 -                Rank 1 : false
2024-11-11 23:53:56,536 [INFO] ADCParametersView:116 -                Rank 1 : false
2024-11-11 23:53:56,536 [INFO] ADCParametersView:116 -                Rank 1 : false
2024-11-11 23:53:56,536 [INFO] ADCParametersView:116 -                Rank 1 : false
2024-11-11 23:53:56,536 [INFO] ADCParametersView:116 -                Rank 1 : false
2024-11-11 23:53:56,544 [INFO] ADCParametersView:116 -                Rank 1 : false
2024-11-11 23:53:56,591 [INFO] ADCParametersView:116 -                Rank 1 : false
2024-11-11 23:53:56,592 [INFO] ADCParametersView:116 -                Rank 1 : false
2024-11-11 23:53:56,592 [INFO] ADCParametersView:116 -                Rank 1 : false
2024-11-11 23:53:56,592 [INFO] ADCParametersView:116 -                Rank 1 : false
2024-11-11 23:53:56,592 [INFO] ADCParametersView:116 -                Rank 1 : false
2024-11-11 23:53:56,592 [INFO] ADCParametersView:116 -                Rank 1 : false
2024-11-11 23:53:56,592 [INFO] ADCParametersView:116 -                Rank 1 : false
2024-11-11 23:53:56,592 [INFO] ADCParametersView:116 -                Rank 1 : false
2024-11-11 23:53:56,592 [INFO] ADCParametersView:116 -                Rank 1 : false
2024-11-11 23:53:56,592 [INFO] ADCParametersView:116 -                Rank 1 : false
2024-11-11 23:53:56,592 [INFO] ADCParametersView:116 -                Rank 1 : false
2024-11-11 23:53:56,593 [INFO] ADCParametersView:116 -                Rank 1 : false
2024-11-11 23:53:56,593 [INFO] ADCParametersView:116 -                Rank 1 : false
2024-11-11 23:53:56,593 [INFO] ADCParametersView:116 -                Rank 1 : false
2024-11-11 23:53:56,593 [INFO] ADCParametersView:116 -                Rank 1 : false
2024-11-11 23:53:56,593 [INFO] ADCParametersView:116 -                Rank 1 : false
2024-11-11 23:53:56,593 [INFO] ADCParametersView:116 -                Rank 1 : false
2024-11-11 23:53:56,593 [INFO] ADCParametersView:116 -                Rank 1 : false
2024-11-11 23:53:56,593 [INFO] ADCParametersView:116 -                Rank 1 : false
2024-11-11 23:53:56,593 [INFO] ADCParametersView:116 -                Rank 1 : false
2024-11-11 23:53:56,593 [INFO] ADCParametersView:116 -                Rank 1 : false
2024-11-11 23:53:56,614 [INFO] ADCParametersView:116 -                Rank 1 : false
2024-11-11 23:54:03,592 [INFO] NvicIntPanel:101 - NVIC parent = com.st.microxplorer.plugins.ip.nvic.MultiNvicIntPanel[,0,0,0x0,invalid,layout=javax.swing.BoxLayout,alignmentX=0.0,alignmentY=0.0,border=,flags=9,maximumSize=,minimumSize=,preferredSize=]
2024-11-11 23:54:03,620 [INFO] ADCParametersView:116 -                Rank 1 : false
2024-11-11 23:54:03,623 [INFO] ADCParametersView:116 -                Rank 1 : false
2024-11-11 23:54:03,623 [INFO] ADCParametersView:116 -                Rank 1 : false
2024-11-11 23:54:03,623 [INFO] ADCParametersView:116 -                Rank 1 : false
2024-11-11 23:54:03,623 [INFO] ADCParametersView:116 -                Rank 1 : false
2024-11-11 23:54:03,623 [INFO] ADCParametersView:116 -                Rank 1 : false
2024-11-11 23:54:03,623 [INFO] ADCParametersView:116 -                Rank 1 : false
2024-11-11 23:54:03,623 [INFO] ADCParametersView:116 -                Rank 1 : false
2024-11-11 23:54:03,623 [INFO] ADCParametersView:116 -                Rank 1 : false
2024-11-11 23:54:03,623 [INFO] ADCParametersView:116 -                Rank 1 : false
2024-11-11 23:54:03,623 [INFO] ADCParametersView:116 -                Rank 1 : false
2024-11-11 23:54:03,623 [INFO] ADCParametersView:116 -                Rank 1 : false
2024-11-11 23:54:03,623 [INFO] ADCParametersView:116 -                Rank 1 : false
2024-11-11 23:54:03,623 [INFO] ADCParametersView:116 -                Rank 1 : false
2024-11-11 23:54:03,623 [INFO] ADCParametersView:116 -                Rank 1 : false
2024-11-11 23:54:03,623 [INFO] ADCParametersView:116 -                Rank 1 : false
2024-11-11 23:54:03,623 [INFO] ADCParametersView:116 -                Rank 1 : false
2024-11-11 23:54:03,623 [INFO] ADCParametersView:116 -                Rank 1 : false
2024-11-11 23:54:03,623 [INFO] ADCParametersView:116 -                Rank 1 : false
2024-11-11 23:54:03,623 [INFO] ADCParametersView:116 -                Rank 1 : false
2024-11-11 23:54:03,623 [INFO] ADCParametersView:116 -                Rank 1 : false
2024-11-11 23:54:03,640 [INFO] ADCParametersView:116 -                Rank 1 : false
2024-11-11 23:54:06,915 [INFO] NvicIntPanel:101 - NVIC parent = com.st.microxplorer.plugins.ip.nvic.MultiNvicIntPanel[,0,0,0x0,invalid,layout=javax.swing.BoxLayout,alignmentX=0.0,alignmentY=0.0,border=,flags=9,maximumSize=,minimumSize=,preferredSize=]
2024-11-11 23:54:06,942 [INFO] ADCParametersView:116 -                Rank 1 : false
2024-11-11 23:54:06,943 [INFO] ADCParametersView:116 -                Rank 1 : false
2024-11-11 23:54:06,943 [INFO] ADCParametersView:116 -                Rank 1 : false
2024-11-11 23:54:06,943 [INFO] ADCParametersView:116 -                Rank 1 : false
2024-11-11 23:54:06,943 [INFO] ADCParametersView:116 -                Rank 1 : false
2024-11-11 23:54:06,943 [INFO] ADCParametersView:116 -                Rank 1 : false
2024-11-11 23:54:06,943 [INFO] ADCParametersView:116 -                Rank 1 : false
2024-11-11 23:54:06,943 [INFO] ADCParametersView:116 -                Rank 1 : false
2024-11-11 23:54:06,943 [INFO] ADCParametersView:116 -                Rank 1 : false
2024-11-11 23:54:06,943 [INFO] ADCParametersView:116 -                Rank 1 : false
2024-11-11 23:54:06,943 [INFO] ADCParametersView:116 -                Rank 1 : false
2024-11-11 23:54:06,943 [INFO] ADCParametersView:116 -                Rank 1 : false
2024-11-11 23:54:06,943 [INFO] ADCParametersView:116 -                Rank 1 : false
2024-11-11 23:54:06,943 [INFO] ADCParametersView:116 -                Rank 1 : false
2024-11-11 23:54:06,943 [INFO] ADCParametersView:116 -                Rank 1 : false
2024-11-11 23:54:06,943 [INFO] ADCParametersView:116 -                Rank 1 : false
2024-11-11 23:54:06,943 [INFO] ADCParametersView:116 -                Rank 1 : false
2024-11-11 23:54:06,943 [INFO] ADCParametersView:116 -                Rank 1 : false
2024-11-11 23:54:06,943 [INFO] ADCParametersView:116 -                Rank 1 : false
2024-11-11 23:54:06,943 [INFO] ADCParametersView:116 -                Rank 1 : false
2024-11-11 23:54:06,943 [INFO] ADCParametersView:116 -                Rank 1 : false
2024-11-11 23:54:06,955 [INFO] ADCParametersView:116 -                Rank 1 : false
2024-11-11 23:54:08,802 [INFO] NvicIntPanel:101 - NVIC parent = com.st.microxplorer.plugins.ip.nvic.MultiNvicIntPanel[,0,0,0x0,invalid,layout=javax.swing.BoxLayout,alignmentX=0.0,alignmentY=0.0,border=,flags=9,maximumSize=,minimumSize=,preferredSize=]
2024-11-11 23:54:08,847 [INFO] ADCParametersView:116 -                Rank 1 : false
2024-11-11 23:54:08,850 [INFO] ADCParametersView:116 -                Rank 1 : false
2024-11-11 23:54:08,850 [INFO] ADCParametersView:116 -                Rank 1 : false
2024-11-11 23:54:08,850 [INFO] ADCParametersView:116 -                Rank 1 : false
2024-11-11 23:54:08,850 [INFO] ADCParametersView:116 -                Rank 1 : false
2024-11-11 23:54:08,850 [INFO] ADCParametersView:116 -                Rank 1 : false
2024-11-11 23:54:08,850 [INFO] ADCParametersView:116 -                Rank 1 : false
2024-11-11 23:54:08,850 [INFO] ADCParametersView:116 -                Rank 1 : false
2024-11-11 23:54:08,850 [INFO] ADCParametersView:116 -                Rank 1 : false
2024-11-11 23:54:08,850 [INFO] ADCParametersView:116 -                Rank 1 : false
2024-11-11 23:54:08,850 [INFO] ADCParametersView:116 -                Rank 1 : false
2024-11-11 23:54:08,850 [INFO] ADCParametersView:116 -                Rank 1 : false
2024-11-11 23:54:08,850 [INFO] ADCParametersView:116 -                Rank 1 : false
2024-11-11 23:54:08,850 [INFO] ADCParametersView:116 -                Rank 1 : false
2024-11-11 23:54:08,850 [INFO] ADCParametersView:116 -                Rank 1 : false
2024-11-11 23:54:08,850 [INFO] ADCParametersView:116 -                Rank 1 : false
2024-11-11 23:54:08,850 [INFO] ADCParametersView:116 -                Rank 1 : false
2024-11-11 23:54:08,851 [INFO] ADCParametersView:116 -                Rank 1 : false
2024-11-11 23:54:08,851 [INFO] ADCParametersView:116 -                Rank 1 : false
2024-11-11 23:54:08,851 [INFO] ADCParametersView:116 -                Rank 1 : false
2024-11-11 23:54:08,851 [INFO] ADCParametersView:116 -                Rank 1 : false
2024-11-11 23:54:08,851 [INFO] ADCParametersView:116 -                Rank 1 : false
2024-11-11 23:54:08,851 [INFO] ADCParametersView:116 -                Rank 1 : false
2024-11-11 23:54:08,851 [INFO] ADCParametersView:116 -                Rank 1 : false
2024-11-11 23:54:08,851 [INFO] ADCParametersView:116 -                Rank 1 : false
2024-11-11 23:54:08,870 [INFO] ADCParametersView:116 -                Rank 1 : false
2024-11-11 23:54:10,930 [INFO] NvicIntPanel:101 - NVIC parent = com.st.microxplorer.plugins.ip.nvic.MultiNvicIntPanel[,0,0,0x0,invalid,layout=javax.swing.BoxLayout,alignmentX=0.0,alignmentY=0.0,border=,flags=9,maximumSize=,minimumSize=,preferredSize=]
2024-11-11 23:54:10,959 [INFO] ADCParametersView:116 -                Rank 1 : false
2024-11-11 23:54:10,960 [INFO] ADCParametersView:116 -                Rank 1 : false
2024-11-11 23:54:10,960 [INFO] ADCParametersView:116 -                Rank 1 : false
2024-11-11 23:54:10,960 [INFO] ADCParametersView:116 -                Rank 1 : false
2024-11-11 23:54:10,960 [INFO] ADCParametersView:116 -                Rank 1 : false
2024-11-11 23:54:10,960 [INFO] ADCParametersView:116 -                Rank 1 : false
2024-11-11 23:54:10,960 [INFO] ADCParametersView:116 -                Rank 1 : false
2024-11-11 23:54:10,960 [INFO] ADCParametersView:116 -                Rank 1 : false
2024-11-11 23:54:10,960 [INFO] ADCParametersView:116 -                Rank 1 : false
2024-11-11 23:54:10,960 [INFO] ADCParametersView:116 -                Rank 1 : false
2024-11-11 23:54:10,960 [INFO] ADCParametersView:116 -                Rank 1 : false
2024-11-11 23:54:10,960 [INFO] ADCParametersView:116 -                Rank 1 : false
2024-11-11 23:54:10,960 [INFO] ADCParametersView:116 -                Rank 1 : false
2024-11-11 23:54:10,960 [INFO] ADCParametersView:116 -                Rank 1 : false
2024-11-11 23:54:10,960 [INFO] ADCParametersView:116 -                Rank 1 : false
2024-11-11 23:54:10,960 [INFO] ADCParametersView:116 -                Rank 1 : false
2024-11-11 23:54:10,960 [INFO] ADCParametersView:116 -                Rank 1 : false
2024-11-11 23:54:10,960 [INFO] ADCParametersView:116 -                Rank 1 : false
2024-11-11 23:54:10,960 [INFO] ADCParametersView:116 -                Rank 1 : false
2024-11-11 23:54:10,960 [INFO] ADCParametersView:116 -                Rank 1 : false
2024-11-11 23:54:10,960 [INFO] ADCParametersView:116 -                Rank 1 : false
2024-11-11 23:54:10,960 [INFO] ADCParametersView:116 -                Rank 1 : false
2024-11-11 23:54:10,960 [INFO] ADCParametersView:116 -                Rank 1 : false
2024-11-11 23:54:10,960 [INFO] ADCParametersView:116 -                Rank 1 : false
2024-11-11 23:54:10,960 [INFO] ADCParametersView:116 -                Rank 1 : false
2024-11-11 23:54:10,980 [INFO] ADCParametersView:116 -                Rank 1 : false
2024-11-11 23:54:36,311 [INFO] UtilMem:75 - End SaveConfig() Used Memory: 793964568 Bytes (1073741824)
2024-11-11 23:54:38,184 [INFO] UtilMem:75 - End SaveConfig() Used Memory: 833284120 Bytes (1073741824)
2024-11-11 23:54:39,858 [INFO] UtilMem:75 - End SaveConfig() Used Memory: 917696536 Bytes (1073741824)
2024-11-11 23:54:40,114 [INFO] BlockDiagram:2759 - set Specific Code input for plugin: SYS
2024-11-11 23:54:40,115 [INFO] BlockDiagram:2759 - set Specific Code input for plugin: ADC
2024-11-11 23:54:40,115 [INFO] BlockDiagram:2759 - set Specific Code input for plugin: ADC
2024-11-11 23:54:40,115 [INFO] BlockDiagram:2759 - set Specific Code input for plugin: RCC
2024-11-11 23:54:40,115 [INFO] BlockDiagram:2759 - set Specific Code input for plugin: NVIC
2024-11-11 23:54:40,115 [INFO] BlockDiagram:2759 - set Specific Code input for plugin: GPIO
2024-11-11 23:54:40,117 [INFO] CodeGenerator:807 - code generatio: config db path: C:\ST\STM32CubeIDE_1.10.1\STM32CubeIDE\plugins\com.st.stm32cube.common.mx_6.11.1.202404110753\\db\
2024-11-11 23:54:40,183 [INFO] CodeEngine:255 - oldGeneratedFile, D:\Download\DeleteThis\MasterFinalBMS\MXTmpFiles\license.tmp_save
2024-11-11 23:54:40,254 [INFO] CodeEngine:279 - Generated code: D:\Download\DeleteThis\MasterFinalBMS\MXTmpFiles\license.tmp
2024-11-11 23:54:40,268 [INFO] CodeEngine:255 - oldGeneratedFile, D:\Download\DeleteThis\MasterFinalBMS\MXTmpFiles\gpio.tmp_save
2024-11-11 23:54:40,339 [INFO] CodeEngine:279 - Generated code: D:\Download\DeleteThis\MasterFinalBMS\MXTmpFiles\gpio.tmp
2024-11-11 23:54:40,389 [INFO] CodeEngine:255 - oldGeneratedFile, D:\Download\DeleteThis\MasterFinalBMS\Core\Src\stm32g4xx_it.c_save
2024-11-11 23:54:40,512 [INFO] CodeEngine:279 - Generated code: D:\Download\DeleteThis\MasterFinalBMS\Core\Src\stm32g4xx_it.c
2024-11-11 23:54:40,516 [INFO] CodeEngine:255 - oldGeneratedFile, D:\Download\DeleteThis\MasterFinalBMS\Core\Inc\stm32g4xx_it.h_save
2024-11-11 23:54:40,560 [INFO] CodeEngine:279 - Generated code: D:\Download\DeleteThis\MasterFinalBMS\Core\Inc\stm32g4xx_it.h
2024-11-11 23:54:40,575 [INFO] CodeEngine:255 - oldGeneratedFile, D:\Download\DeleteThis\MasterFinalBMS\Core\Src\stm32g4xx_hal_msp.c_save
2024-11-11 23:54:40,667 [INFO] CodeEngine:279 - Generated code: D:\Download\DeleteThis\MasterFinalBMS\Core\Src\stm32g4xx_hal_msp.c
2024-11-11 23:54:40,669 [INFO] CodeEngine:255 - oldGeneratedFile, D:\Download\DeleteThis\MasterFinalBMS\MXTmpFiles\system.tmp_save
2024-11-11 23:54:40,698 [INFO] CodeEngine:279 - Generated code: D:\Download\DeleteThis\MasterFinalBMS\MXTmpFiles\system.tmp
2024-11-11 23:54:40,709 [INFO] CodeEngine:311 - oldGeneratedFile, D:\Download\DeleteThis\MasterFinalBMS\Core\Inc\stm32g4xx_hal_conf.h_save
2024-11-11 23:54:40,766 [INFO] CodeEngine:335 - Generated code: D:\Download\DeleteThis\MasterFinalBMS\Core\Inc\stm32g4xx_hal_conf.h
2024-11-11 23:54:40,779 [WARN] IPConfigManager:2982 - Warning: the RefConfig RCC_CommonPeriphClockConfig is not available in your config.xml file
2024-11-11 23:54:40,793 [INFO] CodeEngine:255 - oldGeneratedFile, D:\Download\DeleteThis\MasterFinalBMS\Core\Inc\main.h_save
2024-11-11 23:54:40,833 [INFO] CodeEngine:279 - Generated code: D:\Download\DeleteThis\MasterFinalBMS\Core\Inc\main.h
2024-11-11 23:54:40,843 [INFO] CodeEngine:255 - oldGeneratedFile, D:\Download\DeleteThis\MasterFinalBMS\Core\Src\main.c_save
2024-11-11 23:54:40,932 [INFO] CodeEngine:279 - Generated code: D:\Download\DeleteThis\MasterFinalBMS\Core\Src\main.c
2024-11-11 23:54:41,125 [INFO] ProjectBuilder:3163 - Time for Copy HAL[1] : 91mS.
2024-11-11 23:54:41,126 [INFO] ProjectBuilder:4736 - Project Generator version: 4.3.0-B58
2024-11-11 23:54:41,193 [INFO] ConfigFileManager:1503 - The Die is : DIE469
2024-11-11 23:54:41,716 [INFO] ProjectBuilder:5002 - Time for Generating toolchain IDE Files: 589mS.
2024-11-11 23:54:41,716 [INFO] ProjectBuilder:3034 - Time for Copy CMSIS : 0mS.
2024-11-11 23:54:41,718 [INFO] ProjectBuilder:3034 - Time for Copy CMSIS : 0mS.
2024-11-11 23:54:42,034 [INFO] MainUpdater:2873 - connection check result : 10
2024-11-11 23:54:42,034 [INFO] MainUpdater:2873 - connection check result : 10
2024-11-11 23:54:42,047 [INFO] MicroXplorer:468 - Change Database Path : 
2024-11-11 23:54:42,047 [INFO] MicroXplorer:498 - Change Database Version : DB.6.0.111
2024-11-11 23:54:42,050 [ERROR] ProjectManagerView:394 - 
java.lang.NullPointerException: Cannot invoke "javax.swing.JTextField.getText()" because the return value of "java.util.List.get(int)" is null
	at com.st.microxplorer.plugins.projectmanager.gui.ProjectChoiceTab$10.caretUpdate(ProjectChoiceTab.java:2504) ~[filemanager.jar:?]
	at javax.swing.text.JTextComponent.fireCaretUpdate(JTextComponent.java:412) ~[?:?]
	at javax.swing.text.JTextComponent$MutableCaretEvent.fire(JTextComponent.java:4491) ~[?:?]
	at javax.swing.text.JTextComponent$MutableCaretEvent.stateChanged(JTextComponent.java:4513) ~[?:?]
	at javax.swing.text.DefaultCaret.fireStateChanged(DefaultCaret.java:842) ~[?:?]
	at javax.swing.text.DefaultCaret.changeCaretPosition(DefaultCaret.java:1313) ~[?:?]
	at javax.swing.text.DefaultCaret.handleSetDot(DefaultCaret.java:1212) ~[?:?]
	at javax.swing.text.DefaultCaret.setDot(DefaultCaret.java:1193) ~[?:?]
	at javax.swing.text.DefaultCaret$Handler.insertUpdate(DefaultCaret.java:1789) ~[?:?]
	at javax.swing.text.AbstractDocument.fireInsertUpdate(AbstractDocument.java:226) ~[?:?]
	at javax.swing.text.AbstractDocument.handleInsertString(AbstractDocument.java:780) ~[?:?]
	at javax.swing.text.AbstractDocument.insertString(AbstractDocument.java:739) ~[?:?]
	at javax.swing.text.PlainDocument.insertString(PlainDocument.java:131) ~[?:?]
	at javax.swing.text.AbstractDocument.replace(AbstractDocument.java:698) ~[?:?]
	at javax.swing.text.JTextComponent.setText(JTextComponent.java:1729) ~[?:?]
	at com.st.microxplorer.plugins.projectmanager.gui.ProjectChoiceTab.createHeapStackFields(ProjectChoiceTab.java:944) ~[filemanager.jar:?]
	at com.st.microxplorer.plugins.projectmanager.gui.ProjectChoiceTab.buildLinkSettingsPanel(ProjectChoiceTab.java:3475) ~[filemanager.jar:?]
	at com.st.microxplorer.plugins.projectmanager.gui.ProjectChoiceTab.defineWindowsFields(ProjectChoiceTab.java:1816) ~[filemanager.jar:?]
	at com.st.microxplorer.plugins.projectmanager.gui.ProjectChoiceTab.updateSettings(ProjectChoiceTab.java:544) ~[filemanager.jar:?]
	at com.st.microxplorer.plugins.projectmanager.gui.ProjectSettingsPanel.UpdateDialog(ProjectSettingsPanel.java:245) ~[filemanager.jar:?]
	at com.st.microxplorer.plugins.projectmanager.ProjectManagerView.propertyChange(ProjectManagerView.java:391) ~[filemanager.jar:?]
	at java.beans.PropertyChangeSupport.fire(PropertyChangeSupport.java:343) ~[?:?]
	at java.beans.PropertyChangeSupport.firePropertyChange(PropertyChangeSupport.java:335) ~[?:?]
	at java.beans.PropertyChangeSupport.firePropertyChange(PropertyChangeSupport.java:268) ~[?:?]
	at com.st.microxplorer.util.MXPropertyChangeSupport.firePropertyChange(MXPropertyChangeSupport.java:54) ~[STM32CubeMX.jar:?]
	at com.st.microxplorer.mxsystem.MxSystem.closeConfig(MxSystem.java:900) ~[STM32CubeMX.jar:?]
	at com.st.microxplorer.maingui.MainPanel.closeConfig(MainPanel.java:776) ~[STM32CubeMX.jar:?]
	at com.st.microxplorer.plugins.filemanager.engine.OpenFileManager.loadConfigurationFile(OpenFileManager.java:245) ~[filemanager.jar:?]
	at com.st.microxplorer.plugins.filemanager.engine.MainFileManager.userLoadConfig(MainFileManager.java:315) ~[filemanager.jar:?]
	at com.st.microxplorer.plugins.filemanager.engine.MainFileManager.userLoadConfig(MainFileManager.java:293) ~[filemanager.jar:?]
	at com.st.microxplorer.plugins.filemanager.FileManagerView.getSpecificTask(FileManagerView.java:247) ~[filemanager.jar:?]
	at com.st.stm32cube.common.mx.editor.CubeMxEditor.getMxTabbedPaneInstance(CubeMxEditor.java:1198) ~[com.st.stm32cube.common.mx_6.11.1.202404110753/:?]
	at com.st.stm32cube.common.mx.editor.CubeMxEditor$12$1.createSwingComponent(CubeMxEditor.java:1068) ~[com.st.stm32cube.common.mx_6.11.1.202404110753/:?]
	at com.st.stm32cube.common.mx.oss.core.awtswtbridge.EmbeddedSwingComposite.doComponentCreation(EmbeddedSwingComposite.java:492) ~[com.st.stm32cube.common.mx.oss_6.11.1.202404110753/:?]
	at com.st.stm32cube.common.mx.oss.core.awtswtbridge.EmbeddedSwingComposite$4.run(EmbeddedSwingComposite.java:291) ~[com.st.stm32cube.common.mx.oss_6.11.1.202404110753/:?]
	at com.st.stm32cube.common.mx.oss.core.awtswtbridge.AwtEnvironment$2.run(AwtEnvironment.java:166) ~[com.st.stm32cube.common.mx.oss_6.11.1.202404110753/:?]
	at java.awt.event.InvocationEvent.dispatch(InvocationEvent.java:318) ~[?:?]
	at java.awt.EventQueue.dispatchEventImpl(EventQueue.java:773) ~[?:?]
	at java.awt.EventQueue$4.run(EventQueue.java:720) ~[?:?]
	at java.awt.EventQueue$4.run(EventQueue.java:714) ~[?:?]
	at java.security.AccessController.doPrivileged(AccessController.java:399) ~[?:?]
	at java.security.ProtectionDomain$JavaSecurityAccessImpl.doIntersectionPrivilege(ProtectionDomain.java:86) ~[?:?]
	at java.awt.EventQueue.dispatchEvent(EventQueue.java:742) ~[?:?]
	at java.awt.EventDispatchThread.pumpOneEventForFilters(EventDispatchThread.java:203) ~[?:?]
	at java.awt.EventDispatchThread.pumpEventsForFilter(EventDispatchThread.java:124) ~[?:?]
	at java.awt.EventDispatchThread.pumpEventsForHierarchy(EventDispatchThread.java:113) ~[?:?]
	at java.awt.EventDispatchThread.pumpEvents(EventDispatchThread.java:109) ~[?:?]
	at java.awt.EventDispatchThread.pumpEvents(EventDispatchThread.java:101) ~[?:?]
	at java.awt.EventDispatchThread.run(EventDispatchThread.java:90) ~[?:?]
2024-11-11 23:54:42,056 [WARN] ThirdParty:871 - waiting for thirdparty lock release [close project]
2024-11-11 23:54:42,056 [INFO] ThirdParty:873 - entering critical section [close project]
2024-11-11 23:54:42,056 [INFO] ThirdParty:883 - exiting critical section [close project]
2024-11-11 23:54:42,057 [INFO] PinOutPanel:1561 - setPackage(No Configuration,No Configuration)
2024-11-11 23:54:42,062 [INFO] UtilMem:75 - Begin LoadConfig() Used Memory: 759772120 Bytes (1073741824)
2024-11-11 23:54:42,062 [INFO] MicroXplorer:468 - Change Database Path : 
2024-11-11 23:54:42,062 [INFO] MicroXplorer:498 - Change Database Version : DB.6.0.111
2024-11-11 23:54:42,062 [INFO] OpenFileManager:312 - Change cursor
2024-11-11 23:54:42,069 [INFO] RulesReader:64 - Compatibility file has been processed (297 Rules)
2024-11-11 23:54:42,071 [INFO] Mcu:2021 - Initializing MCU STM32G474R(B-C-E)Tx STM32G474RETx STM32G474RET6
2024-11-11 23:54:45,177 [INFO] Context:663 - Trying to add GPIOservice into a context  which must be forbidden
2024-11-11 23:54:46,477 [INFO] RtosManager:555 - Registered RTOS mode: class=CMSIS, group=RTOS, mode=CMSIS_V1, owner=FREERTOS
2024-11-11 23:54:46,478 [INFO] RtosManager:555 - Registered RTOS mode: class=CMSIS, group=RTOS2, mode=CMSIS_V2, owner=FREERTOS
2024-11-11 23:54:46,478 [INFO] RtosManager:555 - Registered RTOS mode: class=RTOS, group=Core, mode=CMSIS_V1, owner=FREERTOS
2024-11-11 23:54:46,478 [INFO] RtosManager:555 - Registered RTOS mode: class=RTOS, group=Core, mode=CMSIS_V2, owner=FREERTOS
2024-11-11 23:54:46,478 [WARN] ModelIntegratedComponent:184 - Missing modes for component STMicroelectronics:FreeRTOS:0.0.1:STMicroelectronics:RTOS:FreeRTOS:Core:::10.2.0:
2024-11-11 23:54:46,480 [WARN] ModelIntegratedComponent:63 - No mode defined for component null
2024-11-11 23:54:46,480 [WARN] ModelIntegratedComponent:63 - No mode defined for component null
2024-11-11 23:54:46,480 [WARN] ModelIntegratedComponent:63 - No mode defined for component null
2024-11-11 23:54:46,480 [WARN] ModelIntegratedComponent:63 - No mode defined for component null
2024-11-11 23:54:46,480 [WARN] ModelIntegratedComponent:63 - No mode defined for component null
2024-11-11 23:54:46,480 [WARN] ModelIntegratedComponent:63 - No mode defined for component null
2024-11-11 23:54:46,480 [WARN] ModelIntegratedComponent:63 - No mode defined for component null
2024-11-11 23:54:46,480 [WARN] ModelIntegratedComponent:63 - No mode defined for component null
2024-11-11 23:54:46,480 [WARN] ModelIntegratedComponent:63 - No mode defined for component null
2024-11-11 23:54:46,480 [WARN] ModelIntegratedComponent:63 - No mode defined for component null
2024-11-11 23:54:46,480 [WARN] ModelIntegratedComponent:63 - No mode defined for component null
2024-11-11 23:54:46,480 [WARN] ModelIntegratedComponent:63 - No mode defined for component null
2024-11-11 23:54:46,480 [WARN] ModelIntegratedComponent:63 - No mode defined for component null
2024-11-11 23:54:46,480 [WARN] ModelIntegratedComponent:63 - No mode defined for component null
2024-11-11 23:54:46,480 [WARN] ModelIntegratedComponent:63 - No mode defined for component null
2024-11-11 23:54:46,480 [WARN] ModelIntegratedComponent:63 - No mode defined for component null
2024-11-11 23:54:46,480 [WARN] ModelIntegratedComponent:63 - No mode defined for component null
2024-11-11 23:54:46,480 [WARN] ModelIntegratedComponent:63 - No mode defined for component null
2024-11-11 23:54:46,480 [WARN] ModelIntegratedComponent:63 - No mode defined for component null
2024-11-11 23:54:46,480 [WARN] ModelIntegratedComponent:63 - No mode defined for component null
2024-11-11 23:54:46,480 [WARN] ModelIntegratedComponent:63 - No mode defined for component null
2024-11-11 23:54:46,480 [WARN] ModelIntegratedComponent:63 - No mode defined for component null
2024-11-11 23:54:46,480 [WARN] ModelIntegratedComponent:63 - No mode defined for component null
2024-11-11 23:54:46,480 [WARN] ModelIntegratedComponent:63 - No mode defined for component null
2024-11-11 23:54:46,480 [WARN] ModelIntegratedComponent:63 - No mode defined for component null
2024-11-11 23:54:46,480 [WARN] ModelIntegratedComponent:63 - No mode defined for component null
2024-11-11 23:54:46,480 [WARN] ModelIntegratedComponent:63 - No mode defined for component null
2024-11-11 23:54:46,480 [WARN] ModelIntegratedComponent:63 - No mode defined for component null
2024-11-11 23:54:46,480 [WARN] ModelIntegratedComponent:63 - No mode defined for component null
2024-11-11 23:54:46,480 [WARN] ModelIntegratedComponent:63 - No mode defined for component null
2024-11-11 23:54:46,480 [WARN] ModelIntegratedComponent:63 - No mode defined for component null
2024-11-11 23:54:46,480 [WARN] ModelIntegratedComponent:63 - No mode defined for component null
2024-11-11 23:54:46,480 [WARN] ModelIntegratedComponent:63 - No mode defined for component null
2024-11-11 23:54:46,480 [WARN] ModelIntegratedComponent:63 - No mode defined for component null
2024-11-11 23:54:46,757 [INFO] ThirdPartyModel:298 - Start build external matchings
2024-11-11 23:54:49,440 [INFO] ThirdPartyModel:316 - End build external matchings
2024-11-11 23:54:49,474 [INFO] ImportTextPane:194 - (OptionalMessage_ERROR) IP (ADC1) : Parameter (CommonPathInternal) has invalid value (null|null|null|null)
2024-11-11 23:54:49,474 [INFO] ImportTextPane:194 - (OptionalMessage_ERROR) IP (ADC3) : Parameter (CommonPathInternal) has invalid value (null|null|null|null)
2024-11-11 23:54:49,474 [INFO] ImportTextPane:194 - (OptionalMessage_ERROR) IP (ADC5) : Parameter (CommonPathInternal) has invalid value (null|ADC_CHANNEL_TEMPSENSOR_ADC1|null|null)
2024-11-11 23:54:49,738 [INFO] UtilMem:75 - End LoadConfig() Used Memory: 919638224 Bytes (1073741824)
2024-11-11 23:54:49,795 [WARN] ThirdParty:833 - waiting for thirdparty lock release [change project]
2024-11-11 23:54:49,795 [INFO] ThirdParty:835 - entering critical section [change project]
2024-11-11 23:54:49,795 [INFO] ThirdParty:1030 - CMSIS Pack Vendor :STMicroelectronics USBPD 4.1
2024-11-11 23:54:49,795 [INFO] ThirdParty:1030 - CMSIS Pack Vendor :STMicroelectronics X-CUBE-GNSS1 6.0.0
2024-11-11 23:54:49,795 [INFO] ThirdParty:1030 - CMSIS Pack Vendor :STMicroelectronics USB_HOST 2.0.0
2024-11-11 23:54:49,795 [INFO] ThirdParty:1030 - CMSIS Pack Vendor :STMicroelectronics FP-SNS-MOTENVWB1 1.4.0
2024-11-11 23:54:49,795 [INFO] ThirdParty:1030 - CMSIS Pack Vendor :STMicroelectronics X-CUBE-AZRTOS-F4 1.1.0
2024-11-11 23:54:49,795 [INFO] ThirdParty:1030 - CMSIS Pack Vendor :STMicroelectronics LIBJPEG 8.0.0
2024-11-11 23:54:49,795 [INFO] ThirdParty:1030 - CMSIS Pack Vendor :STMicroelectronics X-CUBE-SMBUS 2.1.0
2024-11-11 23:54:49,795 [INFO] ThirdParty:1030 - CMSIS Pack Vendor :STMicroelectronics X-CUBE-WB05N 1.1.0
2024-11-11 23:54:49,795 [INFO] ThirdParty:1030 - CMSIS Pack Vendor :STMicroelectronics X-CUBE-ISPU 2.1.0
2024-11-11 23:54:49,795 [INFO] ThirdParty:1030 - CMSIS Pack Vendor :STMicroelectronics X-CUBE-FREERTOS 1.2.0
2024-11-11 23:54:49,795 [INFO] ThirdParty:1030 - CMSIS Pack Vendor :STMicroelectronics X-CUBE-TOUCHGFX 4.23.1
2024-11-11 23:54:49,795 [INFO] ThirdParty:1030 - CMSIS Pack Vendor :STMicroelectronics X-CUBE-TOUCHGFX 4.23.0
2024-11-11 23:54:49,795 [INFO] ThirdParty:1030 - CMSIS Pack Vendor :STMicroelectronics X-CUBE-BLEMGR 1.2.0
2024-11-11 23:54:49,795 [INFO] ThirdParty:1030 - CMSIS Pack Vendor :STMicroelectronics X-CUBE-TOUCHGFX 4.23.2
2024-11-11 23:54:49,795 [INFO] ThirdParty:1030 - CMSIS Pack Vendor :STMicroelectronics X-CUBE-AZRTOS-F7 1.1.0
2024-11-11 23:54:49,795 [INFO] ThirdParty:1030 - CMSIS Pack Vendor :STMicroelectronics X-CUBE-AZRTOS-L5 2.0.0
2024-11-11 23:54:49,795 [INFO] ThirdParty:1030 - CMSIS Pack Vendor :STMicroelectronics USB_DEVICE 2.0.0
2024-11-11 23:54:49,795 [INFO] ThirdParty:1030 - CMSIS Pack Vendor :STMicroelectronics X-CUBE-MEMS1 9.6.0
2024-11-11 23:54:49,795 [INFO] ThirdParty:1030 - CMSIS Pack Vendor :STMicroelectronics X-CUBE-EEPRMA1 4.2.0
2024-11-11 23:54:49,795 [INFO] ThirdParty:1030 - CMSIS Pack Vendor :STMicroelectronics X-CUBE-NFC6 3.1.0
2024-11-11 23:54:49,795 [INFO] ThirdParty:1030 - CMSIS Pack Vendor :ITTIA_DB I-CUBE-ITTIADB 8.8.0
2024-11-11 23:54:49,795 [INFO] ThirdParty:1030 - CMSIS Pack Vendor :STMicroelectronics FP-SNS-MOTENV1 4.3.0
2024-11-11 23:54:49,795 [INFO] ThirdParty:1030 - CMSIS Pack Vendor :STMicroelectronics FP-SNS-MOTENV1 4.3.2
2024-11-11 23:54:49,795 [INFO] ThirdParty:1030 - CMSIS Pack Vendor :STMicroelectronics FP-SNS-FLIGHT1 5.0.0
2024-11-11 23:54:49,795 [INFO] ThirdParty:1030 - CMSIS Pack Vendor :STMicroelectronics FP-SNS-MOTENV1 4.3.1
2024-11-11 23:54:49,795 [INFO] ThirdParty:1030 - CMSIS Pack Vendor :STMicroelectronics FP-SNS-FLIGHT1 5.0.1
2024-11-11 23:54:49,795 [INFO] ThirdParty:1030 - CMSIS Pack Vendor :STMicroelectronics X-CUBE-BLE1 6.2.3
2024-11-11 23:54:49,795 [INFO] ThirdParty:1030 - CMSIS Pack Vendor :STMicroelectronics X-CUBE-MEMS1 11.0.0
2024-11-11 23:54:49,795 [INFO] ThirdParty:1030 - CMSIS Pack Vendor :STMicroelectronics X-CUBE-BLE1 6.2.4
2024-11-11 23:54:49,795 [INFO] ThirdParty:1030 - CMSIS Pack Vendor :STMicroelectronics FreeRTOS 0.0.1
2024-11-11 23:54:49,795 [INFO] ThirdParty:1030 - CMSIS Pack Vendor :STMicroelectronics X-CUBE-BLEMGR 2.0.0
2024-11-11 23:54:49,795 [INFO] ThirdParty:1030 - CMSIS Pack Vendor :STMicroelectronics X-CUBE-DPower 1.2.0
2024-11-11 23:54:49,795 [INFO] ThirdParty:1030 - CMSIS Pack Vendor :STMicroelectronics FP-SNS-FLIGHT1 5.0.2
2024-11-11 23:54:49,795 [INFO] ThirdParty:1030 - CMSIS Pack Vendor :STMicroelectronics X-CUBE-NFC4 2.0.4
2024-11-11 23:54:49,795 [INFO] ThirdParty:1030 - CMSIS Pack Vendor :STMicroelectronics X-CUBE-AI 9.0.0
2024-11-11 23:54:49,795 [INFO] ThirdParty:1030 - CMSIS Pack Vendor :STMicroelectronics X-CUBE-AZRTOS-H7 3.1.0
2024-11-11 23:54:49,795 [INFO] ThirdParty:1030 - CMSIS Pack Vendor :STMicroelectronics PDM2PCM 3.3.0
2024-11-11 23:54:49,795 [INFO] ThirdParty:1030 - CMSIS Pack Vendor :STMicroelectronics X-CUBE-TOF1 3.1.0
2024-11-11 23:54:49,795 [INFO] ThirdParty:1030 - CMSIS Pack Vendor :STMicroelectronics X-CUBE-DISPLAY 3.0.0
2024-11-11 23:54:49,795 [INFO] ThirdParty:1030 - CMSIS Pack Vendor :STMicroelectronics X-CUBE-BLE1 7.0.0
2024-11-11 23:54:49,795 [INFO] ThirdParty:1030 - CMSIS Pack Vendor :STMicroelectronics X-CUBE-NFC10 1.0.0
2024-11-11 23:54:49,795 [INFO] ThirdParty:1030 - CMSIS Pack Vendor :wolfSSL I-CUBE-wolfSSL 5.5.0
2024-11-11 23:54:49,795 [INFO] ThirdParty:1030 - CMSIS Pack Vendor :STMicroelectronics HAL Drivers 0.0.0
2024-11-11 23:54:49,795 [INFO] ThirdParty:1030 - CMSIS Pack Vendor :STMicroelectronics X-CUBE-TOUCHGFX 4.22.0
2024-11-11 23:54:49,795 [INFO] ThirdParty:1030 - CMSIS Pack Vendor :STMicroelectronics X-CUBE-NFC7 1.0.1
2024-11-11 23:54:49,795 [INFO] ThirdParty:1030 - CMSIS Pack Vendor :STMicroelectronics MBEDTLS 2.14.1
2024-11-11 23:54:49,795 [INFO] ThirdParty:1030 - CMSIS Pack Vendor :STMicroelectronics X-CUBE-NFC7 1.0.0
2024-11-11 23:54:49,795 [INFO] ThirdParty:1030 - CMSIS Pack Vendor :wolfSSL I-CUBE-wolfTPM 3.2.0
2024-11-11 23:54:49,795 [INFO] ThirdParty:1030 - CMSIS Pack Vendor :STMicroelectronics X-CUBE-NFC6 3.0.0
2024-11-11 23:54:49,795 [INFO] ThirdParty:1030 - CMSIS Pack Vendor :STMicroelectronics X-CUBE-MEMS1 9.3.0
2024-11-11 23:54:49,795 [INFO] ThirdParty:1030 - CMSIS Pack Vendor :STMicroelectronics X-CUBE-EEPRMA1 4.1.0
2024-11-11 23:54:49,795 [INFO] ThirdParty:1030 - CMSIS Pack Vendor :STMicroelectronics X-CUBE-AI 7.2.0
2024-11-11 23:54:49,795 [INFO] ThirdParty:1030 - CMSIS Pack Vendor :STMicroelectronics X-CUBE-BLEMGR 3.1.0
2024-11-11 23:54:49,795 [INFO] ThirdParty:1030 - CMSIS Pack Vendor :STMicroelectronics FP-SNS-SMARTAG2 1.2.0
2024-11-11 23:54:49,795 [INFO] ThirdParty:1030 - CMSIS Pack Vendor :STMicroelectronics X-CUBE-AZRTOS-WL 2.0.0
2024-11-11 23:54:49,795 [INFO] ThirdParty:1030 - CMSIS Pack Vendor :STMicroelectronics FP-SNS-MOTENV1 5.0.0
2024-11-11 23:54:49,795 [INFO] ThirdParty:1030 - CMSIS Pack Vendor :STMicroelectronics USB_DEVICE 1.0.0
2024-11-11 23:54:49,795 [INFO] ThirdParty:1030 - CMSIS Pack Vendor :STMicroelectronics X-CUBE-AI 8.1.0
2024-11-11 23:54:49,795 [INFO] ThirdParty:1030 - CMSIS Pack Vendor :wolfSSL I-CUBE-wolfMQTT 1.19.0
2024-11-11 23:54:49,795 [INFO] ThirdParty:1030 - CMSIS Pack Vendor :STMicroelectronics X-CUBE-AZRTOS-L4 2.0.0
2024-11-11 23:54:49,795 [INFO] ThirdParty:1030 - CMSIS Pack Vendor :STMicroelectronics ThreadX 0.0.2
2024-11-11 23:54:49,795 [INFO] ThirdParty:1030 - CMSIS Pack Vendor :WES I-CUBE-Cesium 1.3.0
2024-11-11 23:54:49,795 [INFO] ThirdParty:1030 - CMSIS Pack Vendor :STMicroelectronics lwIP 2.1.2
2024-11-11 23:54:49,795 [INFO] ThirdParty:1030 - CMSIS Pack Vendor :STMicroelectronics X-CUBE-SFXS2LP1 4.0.0
2024-11-11 23:54:49,795 [INFO] ThirdParty:1030 - CMSIS Pack Vendor :STMicroelectronics X-CUBE-BLE2 3.3.0
2024-11-11 23:54:49,795 [INFO] ThirdParty:1030 - CMSIS Pack Vendor :STMicroelectronics X-CUBE-DISPLAY 2.2.0
2024-11-11 23:54:49,795 [INFO] ThirdParty:1030 - CMSIS Pack Vendor :STMicroelectronics X-CUBE-TOF1 3.2.0
2024-11-11 23:54:49,795 [INFO] ThirdParty:1030 - CMSIS Pack Vendor :STMicroelectronics PDM2PCM 3.2.0
2024-11-11 23:54:49,795 [INFO] ThirdParty:1030 - CMSIS Pack Vendor :STMicroelectronics X-CUBE-AZRTOS-H7 3.0.0
2024-11-11 23:54:49,795 [INFO] ThirdParty:1030 - CMSIS Pack Vendor :STMicroelectronics X-CUBE-ISPU 1.0.0
2024-11-11 23:54:49,795 [INFO] ThirdParty:1030 - CMSIS Pack Vendor :STMicroelectronics X-CUBE-ISPU 1.1.0
2024-11-11 23:54:49,795 [INFO] ThirdParty:1030 - CMSIS Pack Vendor :STMicroelectronics X-CUBE-AZRTOS-H7 3.3.0
2024-11-11 23:54:49,795 [INFO] ThirdParty:1030 - CMSIS Pack Vendor :RoweBots I-CUBE-UNISONRTOS 5.5.0-4
2024-11-11 23:54:49,795 [INFO] ThirdParty:1030 - CMSIS Pack Vendor :STMicroelectronics X-CUBE-NFC9 1.0.0
2024-11-11 23:54:49,795 [INFO] ThirdParty:1030 - CMSIS Pack Vendor :STMicroelectronics X-CUBE-AZRTOS-H7 2.1.0
2024-11-11 23:54:49,795 [INFO] ThirdParty:1030 - CMSIS Pack Vendor :STMicroelectronics USB_DEVICE 3.0.0
2024-11-11 23:54:49,795 [INFO] ThirdParty:1030 - CMSIS Pack Vendor :STMicroelectronics X-CUBE-TCPP 4.1.0
2024-11-11 23:54:49,795 [INFO] ThirdParty:1030 - CMSIS Pack Vendor :STMicroelectronics X-CUBE-AI 8.0.0
2024-11-11 23:54:49,795 [INFO] ThirdParty:1030 - CMSIS Pack Vendor :STMicroelectronics X-CUBE-IPS 3.0.0
2024-11-11 23:54:49,795 [INFO] ThirdParty:1030 - CMSIS Pack Vendor :STMicroelectronics X-CUBE-AZRTOS-WB 2.0.0
2024-11-11 23:54:49,795 [INFO] ThirdParty:1030 - CMSIS Pack Vendor :STMicroelectronics X-CUBE-FREERTOS 1.0.0
2024-11-11 23:54:49,795 [INFO] ThirdParty:1030 - CMSIS Pack Vendor :STMicroelectronics X-CUBE-FREERTOS 1.0.1
2024-11-11 23:54:49,795 [INFO] ThirdParty:1030 - CMSIS Pack Vendor :STMicroelectronics X-CUBE-TOUCHGFX 4.21.1
2024-11-11 23:54:49,795 [INFO] ThirdParty:1030 - CMSIS Pack Vendor :STMicroelectronics X-CUBE-GNSS1 7.0.0
2024-11-11 23:54:49,796 [INFO] ThirdParty:1030 - CMSIS Pack Vendor :STMicroelectronics X-CUBE-TOUCHGFX 4.21.3
2024-11-11 23:54:49,796 [INFO] ThirdParty:1030 - CMSIS Pack Vendor :STMicroelectronics X-CUBE-BLEMGR 1.0.0
2024-11-11 23:54:49,796 [INFO] ThirdParty:1030 - CMSIS Pack Vendor :STMicroelectronics X-CUBE-TOUCHGFX 4.21.4
2024-11-11 23:54:49,796 [INFO] ThirdParty:1030 - CMSIS Pack Vendor :STMicroelectronics X-CUBE-MEMS1 9.4.0
2024-11-11 23:54:49,796 [INFO] ThirdParty:1030 - CMSIS Pack Vendor :STMicroelectronics X-CUBE-AI 7.3.0
2024-11-11 23:54:49,796 [INFO] ThirdParty:1030 - CMSIS Pack Vendor :STMicroelectronics FP-SNS-STBOX1 2.0.0
2024-11-11 23:54:49,796 [INFO] ThirdParty:1030 - CMSIS Pack Vendor :STMicroelectronics X-CUBE-ALGOBUILD 1.3.0
2024-11-11 23:54:49,796 [INFO] ThirdParty:1030 - CMSIS Pack Vendor :STMicroelectronics X-CUBE-AZRTOS-L5 1.1.0
2024-11-11 23:54:49,796 [INFO] ThirdParty:1030 - CMSIS Pack Vendor :STMicroelectronics X-CUBE-AZRTOS-G0 1.1.0
2024-11-11 23:54:49,796 [INFO] ThirdParty:1030 - CMSIS Pack Vendor :STMicroelectronics X-CUBE-AI 8.0.1
2024-11-11 23:54:49,796 [INFO] ThirdParty:1030 - CMSIS Pack Vendor :STMicroelectronics X-CUBE-SAFEA1 1.2.2
2024-11-11 23:54:49,796 [INFO] ThirdParty:1030 - CMSIS Pack Vendor :STMicroelectronics X-CUBE-NFC4 3.0.0
2024-11-11 23:54:49,796 [INFO] ThirdParty:1030 - CMSIS Pack Vendor :SEGGER I-CUBE-embOS 1.2.0
2024-11-11 23:54:49,796 [INFO] ThirdParty:1030 - CMSIS Pack Vendor :STMicroelectronics X-CUBE-SUBG2 5.0.0
2024-11-11 23:54:49,796 [INFO] ThirdParty:1030 - CMSIS Pack Vendor :STMicroelectronics STM32_WPAN 1.0.0
2024-11-11 23:54:49,796 [INFO] ThirdParty:1030 - CMSIS Pack Vendor :EmbeddedOffice I-CUBE-FS-RTOS 1.0.1
2024-11-11 23:54:49,796 [INFO] ThirdParty:1030 - CMSIS Pack Vendor :STMicroelectronics lwIP 2.0.3
2024-11-11 23:54:49,796 [INFO] ThirdParty:1030 - CMSIS Pack Vendor :STMicroelectronics USB_HOST 1.0.0
2024-11-11 23:54:49,796 [INFO] ThirdParty:1030 - CMSIS Pack Vendor :STMicroelectronics X-CUBE-TOF1 3.3.1
2024-11-11 23:54:49,796 [INFO] ThirdParty:1030 - CMSIS Pack Vendor :STMicroelectronics X-CUBE-AZRTOS-G4 2.0.0
2024-11-11 23:54:49,796 [INFO] ThirdParty:1030 - CMSIS Pack Vendor :STMicroelectronics PDM2PCM 3.1.0
2024-11-11 23:54:49,796 [INFO] ThirdParty:1030 - CMSIS Pack Vendor :STMicroelectronics X-CUBE-TOF1 3.3.0
2024-11-11 23:54:49,796 [INFO] ThirdParty:1030 - CMSIS Pack Vendor :STMicroelectronics FP-ATR-ASTRA1 1.1.1
2024-11-11 23:54:49,796 [INFO] ThirdParty:1030 - CMSIS Pack Vendor :Infineon AIROC-Wi-Fi-Bluetooth-STM32 1.5.1
2024-11-11 23:54:49,796 [INFO] ThirdParty:1030 - CMSIS Pack Vendor :STMicroelectronics X-CUBE-BLEMGR 3.0.0
2024-11-11 23:54:49,796 [INFO] ThirdParty:1030 - CMSIS Pack Vendor :STMicroelectronics X-CUBE-BLEMGR 1.3.0
2024-11-11 23:54:49,796 [INFO] ThirdParty:1030 - CMSIS Pack Vendor :RealThread X-CUBE-RT-Thread_Nano 4.1.1
2024-11-11 23:54:49,796 [INFO] ThirdParty:1030 - CMSIS Pack Vendor :STMicroelectronics FP-SNS-MOTENVWB1 1.3.1
2024-11-11 23:54:49,796 [INFO] ThirdParty:1030 - CMSIS Pack Vendor :STMicroelectronics FP-ATR-SIGFOX1 3.2.0
2024-11-11 23:54:49,796 [INFO] ThirdParty:1030 - CMSIS Pack Vendor :STMicroelectronics X-CUBE-AZRTOS-G4 1.0.0
2024-11-11 23:54:49,796 [INFO] ThirdParty:1030 - CMSIS Pack Vendor :STMicroelectronics X-CUBE-AZRTOS-L4 1.0.0
2024-11-11 23:54:49,796 [INFO] ThirdParty:1030 - CMSIS Pack Vendor :STMicroelectronics X-CUBE-ISPU 2.0.0
2024-11-11 23:54:49,796 [INFO] ThirdParty:1030 - CMSIS Pack Vendor :STMicroelectronics X-CUBE-EEPRMA1 5.1.0
2024-11-11 23:54:49,796 [INFO] ThirdParty:1030 - CMSIS Pack Vendor :STMicroelectronics MBEDTLS 2.16.2
2024-11-11 23:54:49,796 [INFO] ThirdParty:1030 - CMSIS Pack Vendor :STMicroelectronics X-CUBE-ALS 1.0.2
2024-11-11 23:54:49,796 [INFO] ThirdParty:1030 - CMSIS Pack Vendor :emotas I-CUBE-CANOPEN 1.1.2
2024-11-11 23:54:49,796 [INFO] ThirdParty:1030 - CMSIS Pack Vendor :STMicroelectronics X-CUBE-TOUCHGFX 4.20.0
2024-11-11 23:54:49,796 [INFO] ThirdParty:1030 - CMSIS Pack Vendor :STMicroelectronics X-CUBE-MEMS1 10.0.0
2024-11-11 23:54:49,796 [INFO] ThirdParty:1030 - CMSIS Pack Vendor :STMicroelectronics X-CUBE-FREERTOS 1.1.0
2024-11-11 23:54:49,796 [INFO] ThirdParty:1030 - CMSIS Pack Vendor :STMicroelectronics X-CUBE-TOUCHGFX 4.24.0
2024-11-11 23:54:49,796 [INFO] ThirdParty:1030 - CMSIS Pack Vendor :STMicroelectronics X-CUBE-AZRTOS-WL 1.0.0
2024-11-11 23:54:49,796 [INFO] ThirdParty:1030 - CMSIS Pack Vendor :STMicroelectronics X-CUBE-TOUCHGFX 4.24.1
2024-11-11 23:54:49,796 [INFO] ThirdParty:1030 - CMSIS Pack Vendor :portGmbH I-Cube-SoM-uGOAL 1.1.0
2024-11-11 23:54:49,796 [INFO] ThirdParty:1030 - CMSIS Pack Vendor :STMicroelectronics X-CUBE-ALS 1.0.1
2024-11-11 23:54:49,796 [INFO] ThirdParty:1030 - CMSIS Pack Vendor :STMicroelectronics X-CUBE-MEMS1 9.5.0
2024-11-11 23:54:49,796 [INFO] ThirdParty:1030 - CMSIS Pack Vendor :STMicroelectronics ThreadX 1.0.0
2024-11-11 23:54:49,796 [INFO] ThirdParty:1030 - CMSIS Pack Vendor :STMicroelectronics X-CUBE-AZRTOS-WB 1.1.0
2024-11-11 23:54:49,796 [INFO] ThirdParty:1030 - CMSIS Pack Vendor :SEGGER I-CUBE-embOS 1.3.1
2024-11-11 23:54:49,796 [INFO] ThirdParty:1030 - CMSIS Pack Vendor :STMicroelectronics X-CUBE-ALGOBUILD 1.4.0
2024-11-11 23:54:49,796 [INFO] ThirdParty:1030 - CMSIS Pack Vendor :STMicroelectronics X-CUBE-AZRTOS-L5 1.0.0
2024-11-11 23:54:49,796 [INFO] ThirdParty:1030 - CMSIS Pack Vendor :STMicroelectronics X-CUBE-EEPRMA1 3.1.1
2024-11-11 23:54:49,796 [INFO] ThirdParty:1030 - CMSIS Pack Vendor :STMicroelectronics X-CUBE-AZRTOS-H7RS 1.0.0
2024-11-11 23:54:49,796 [INFO] ThirdParty:1030 - CMSIS Pack Vendor :STMicroelectronics FP-ATR-ASTRA1 2.0.0
2024-11-11 23:54:49,796 [INFO] ThirdParty:1030 - CMSIS Pack Vendor :STMicroelectronics X-CUBE-TOF1 3.4.2
2024-11-11 23:54:49,796 [INFO] ThirdParty:1030 - CMSIS Pack Vendor :STMicroelectronics X-CUBE-AI 9.1.0
2024-11-11 23:54:49,796 [INFO] ThirdParty:1030 - CMSIS Pack Vendor :STMicroelectronics X-CUBE-TOF1 3.4.0
2024-11-11 23:54:49,796 [INFO] ThirdParty:1030 - CMSIS Pack Vendor :STMicroelectronics X-CUBE-TOF1 3.4.1
2024-11-11 23:54:49,796 [INFO] ThirdParty:1030 - CMSIS Pack Vendor :STMicroelectronics X-CUBE-AZRTOS-H7 3.2.0
2024-11-11 23:54:49,796 [INFO] ThirdParty:1030 - CMSIS Pack Vendor :wolfSSL I-CUBE-wolfSSH 1.4.17
2024-11-11 23:54:49,796 [INFO] ThirdParty:841 - exiting critical section [change project]
2024-11-11 23:54:50,000 [INFO] PinOutPanel:1561 - setPackage(No Configuration,No Configuration)
2024-11-11 23:54:50,001 [INFO] PinOutPanel:1561 - setPackage(STM32G474RETx,LQFP64)
2024-11-11 23:54:50,217 [INFO] UtilMem:75 - Before build in PCC Used Memory: 816819848 Bytes (1073741824)
2024-11-11 23:54:50,360 [INFO] UtilMem:75 - After build in PCC Used Memory: 916960904 Bytes (1073741824)
2024-11-11 23:54:50,374 [INFO] IPUIPlugin:80 - create IPUIPlugin
2024-11-11 23:54:50,375 [INFO] IPUIPlugin:80 - create IPUIPlugin
2024-11-11 23:54:50,375 [INFO] IPUIPlugin:80 - create IPUIPlugin
2024-11-11 23:54:50,375 [INFO] IPUIPlugin:80 - create IPUIPlugin
2024-11-11 23:54:50,375 [INFO] IPUIPlugin:80 - create IPUIPlugin
2024-11-11 23:54:50,375 [INFO] IPUIPlugin:80 - create IPUIPlugin
2024-11-11 23:54:50,375 [INFO] IPUIPlugin:80 - create IPUIPlugin
2024-11-11 23:54:50,375 [INFO] IPUIPlugin:80 - create IPUIPlugin
2024-11-11 23:54:50,375 [INFO] IPUIPlugin:80 - create IPUIPlugin
2024-11-11 23:54:50,375 [INFO] IPUIPlugin:80 - create IPUIPlugin
2024-11-11 23:54:50,375 [INFO] IPUIPlugin:80 - create IPUIPlugin
2024-11-11 23:54:50,375 [INFO] IPUIPlugin:80 - create IPUIPlugin
2024-11-11 23:54:50,375 [INFO] IPUIPlugin:80 - create IPUIPlugin
2024-11-11 23:54:50,375 [INFO] IPUIPlugin:80 - create IPUIPlugin
2024-11-11 23:54:50,375 [INFO] IPUIPlugin:80 - create IPUIPlugin
2024-11-11 23:54:50,376 [INFO] IPUIPlugin:80 - create IPUIPlugin
2024-11-11 23:54:50,376 [INFO] IPUIPlugin:80 - create IPUIPlugin
2024-11-11 23:54:50,376 [INFO] IPUIPlugin:80 - create IPUIPlugin
2024-11-11 23:54:50,376 [INFO] IPUIPlugin:80 - create IPUIPlugin
2024-11-11 23:54:50,376 [INFO] IPUIPlugin:80 - create IPUIPlugin
2024-11-11 23:54:50,376 [INFO] IPUIPlugin:80 - create IPUIPlugin
2024-11-11 23:54:50,376 [INFO] IPUIPlugin:80 - create IPUIPlugin
2024-11-11 23:54:50,376 [INFO] IPUIPlugin:80 - create IPUIPlugin
2024-11-11 23:54:50,376 [INFO] IPUIPlugin:80 - create IPUIPlugin
2024-11-11 23:54:50,376 [INFO] IPUIPlugin:80 - create IPUIPlugin
2024-11-11 23:54:50,376 [INFO] IPUIPlugin:80 - create IPUIPlugin
2024-11-11 23:54:50,376 [INFO] IPUIPlugin:80 - create IPUIPlugin
2024-11-11 23:54:50,376 [INFO] IPUIPlugin:80 - create IPUIPlugin
2024-11-11 23:54:50,376 [INFO] IPUIPlugin:80 - create IPUIPlugin
2024-11-11 23:54:50,376 [INFO] IPUIPlugin:80 - create IPUIPlugin
2024-11-11 23:54:50,376 [INFO] IPUIPlugin:80 - create IPUIPlugin
2024-11-11 23:54:50,376 [INFO] IPUIPlugin:80 - create IPUIPlugin
2024-11-11 23:54:50,376 [INFO] IPUIPlugin:80 - create IPUIPlugin
2024-11-11 23:54:50,376 [INFO] IPUIPlugin:80 - create IPUIPlugin
2024-11-11 23:54:50,377 [INFO] IPUIPlugin:80 - create IPUIPlugin
2024-11-11 23:54:50,377 [INFO] IPUIPlugin:80 - create IPUIPlugin
2024-11-11 23:54:50,377 [INFO] IPUIPlugin:80 - create IPUIPlugin
2024-11-11 23:54:50,377 [INFO] IPUIPlugin:80 - create IPUIPlugin
2024-11-11 23:54:50,377 [INFO] IPUIPlugin:80 - create IPUIPlugin
2024-11-11 23:54:50,377 [INFO] IPUIPlugin:80 - create IPUIPlugin
2024-11-11 23:54:50,377 [INFO] IPUIPlugin:80 - create IPUIPlugin
2024-11-11 23:54:50,377 [INFO] IPUIPlugin:80 - create IPUIPlugin
2024-11-11 23:54:50,377 [INFO] IPUIPlugin:80 - create IPUIPlugin
2024-11-11 23:54:50,377 [INFO] IPUIPlugin:80 - create IPUIPlugin
2024-11-11 23:54:50,377 [INFO] IPUIPlugin:80 - create IPUIPlugin
2024-11-11 23:54:50,378 [INFO] IPUIPlugin:80 - create IPUIPlugin
2024-11-11 23:54:50,378 [INFO] IPUIPlugin:80 - create IPUIPlugin
2024-11-11 23:54:50,378 [INFO] IPUIPlugin:80 - create IPUIPlugin
2024-11-11 23:54:50,378 [INFO] IPUIPlugin:80 - create IPUIPlugin
2024-11-11 23:54:50,378 [INFO] IPUIPlugin:80 - create IPUIPlugin
2024-11-11 23:54:50,378 [INFO] IPUIPlugin:80 - create IPUIPlugin
2024-11-11 23:54:50,378 [INFO] IPUIPlugin:80 - create IPUIPlugin
2024-11-11 23:54:50,378 [INFO] IPUIPlugin:80 - create IPUIPlugin
2024-11-11 23:54:50,379 [INFO] IPUIPlugin:80 - create IPUIPlugin
2024-11-11 23:54:50,379 [INFO] IPUIPlugin:80 - create IPUIPlugin
2024-11-11 23:54:50,379 [INFO] IPUIPlugin:80 - create IPUIPlugin
2024-11-11 23:54:50,379 [INFO] IPUIPlugin:80 - create IPUIPlugin
2024-11-11 23:54:50,380 [INFO] IPUIPlugin:80 - create IPUIPlugin
2024-11-11 23:54:50,380 [INFO] IPUIPlugin:80 - create IPUIPlugin
2024-11-11 23:54:50,380 [INFO] IPUIPlugin:80 - create IPUIPlugin
2024-11-11 23:54:50,380 [INFO] IPUIPlugin:80 - create IPUIPlugin
2024-11-11 23:54:50,380 [INFO] IPUIPlugin:80 - create IPUIPlugin
2024-11-11 23:54:50,380 [INFO] IPUIPlugin:80 - create IPUIPlugin
2024-11-11 23:54:50,380 [INFO] IPUIPlugin:80 - create IPUIPlugin
2024-11-11 23:54:50,380 [INFO] IPUIPlugin:80 - create IPUIPlugin
2024-11-11 23:54:50,381 [INFO] IPUIPlugin:80 - create IPUIPlugin
2024-11-11 23:54:50,381 [INFO] IPUIPlugin:80 - create IPUIPlugin
2024-11-11 23:54:50,381 [INFO] IPUIPlugin:80 - create IPUIPlugin
2024-11-11 23:54:50,381 [INFO] IPUIPlugin:80 - create IPUIPlugin
2024-11-11 23:54:50,381 [INFO] IPUIPlugin:80 - create IPUIPlugin
2024-11-11 23:54:50,381 [INFO] IPUIPlugin:80 - create IPUIPlugin
2024-11-11 23:54:50,382 [INFO] IPUIPlugin:80 - create IPUIPlugin
2024-11-11 23:54:50,382 [INFO] IPUIPlugin:80 - create IPUIPlugin
2024-11-11 23:54:50,382 [INFO] IPUIPlugin:80 - create IPUIPlugin
2024-11-11 23:54:50,382 [INFO] IPUIPlugin:80 - create IPUIPlugin
2024-11-11 23:54:50,382 [INFO] IPUIPlugin:80 - create IPUIPlugin
2024-11-11 23:54:50,383 [INFO] IPUIPlugin:80 - create IPUIPlugin
2024-11-11 23:54:50,436 [INFO] CADModel:165 - CPN selected for project levelSTM32G474RET6
2024-11-11 23:54:50,436 [INFO] CADModel:114 - Register for checkConnection events
2024-11-11 23:54:50,495 [INFO] OpenFileManager:343 - Restore cursor
2024-11-11 23:54:50,497 [INFO] ApiDb:581 - Connected to CubeFinder SQLite database (C:\Users\saksh\.stmcufinder\plugins\mcufinder\mcu\cube-finder-db.db)
2024-11-11 23:56:44,883 [INFO] MainUpdater:2873 - connection check result : 10
2024-11-11 23:56:44,883 [INFO] MainUpdater:2873 - connection check result : 10
2024-11-11 23:56:44,894 [INFO] MicroXplorer:468 - Change Database Path : 
2024-11-11 23:56:44,894 [INFO] MicroXplorer:498 - Change Database Version : DB.6.0.111
2024-11-11 23:56:44,897 [ERROR] ProjectManagerView:394 - 
java.lang.NullPointerException: Cannot invoke "javax.swing.JTextField.getText()" because the return value of "java.util.List.get(int)" is null
	at com.st.microxplorer.plugins.projectmanager.gui.ProjectChoiceTab$10.caretUpdate(ProjectChoiceTab.java:2504) ~[filemanager.jar:?]
	at javax.swing.text.JTextComponent.fireCaretUpdate(JTextComponent.java:412) ~[?:?]
	at javax.swing.text.JTextComponent$MutableCaretEvent.fire(JTextComponent.java:4491) ~[?:?]
	at javax.swing.text.JTextComponent$MutableCaretEvent.stateChanged(JTextComponent.java:4513) ~[?:?]
	at javax.swing.text.DefaultCaret.fireStateChanged(DefaultCaret.java:842) ~[?:?]
	at javax.swing.text.DefaultCaret.changeCaretPosition(DefaultCaret.java:1313) ~[?:?]
	at javax.swing.text.DefaultCaret.handleSetDot(DefaultCaret.java:1212) ~[?:?]
	at javax.swing.text.DefaultCaret.setDot(DefaultCaret.java:1193) ~[?:?]
	at javax.swing.text.DefaultCaret$Handler.insertUpdate(DefaultCaret.java:1789) ~[?:?]
	at javax.swing.text.AbstractDocument.fireInsertUpdate(AbstractDocument.java:226) ~[?:?]
	at javax.swing.text.AbstractDocument.handleInsertString(AbstractDocument.java:780) ~[?:?]
	at javax.swing.text.AbstractDocument.insertString(AbstractDocument.java:739) ~[?:?]
	at javax.swing.text.PlainDocument.insertString(PlainDocument.java:131) ~[?:?]
	at javax.swing.text.AbstractDocument.replace(AbstractDocument.java:698) ~[?:?]
	at javax.swing.text.JTextComponent.setText(JTextComponent.java:1729) ~[?:?]
	at com.st.microxplorer.plugins.projectmanager.gui.ProjectChoiceTab.createHeapStackFields(ProjectChoiceTab.java:944) ~[filemanager.jar:?]
	at com.st.microxplorer.plugins.projectmanager.gui.ProjectChoiceTab.buildLinkSettingsPanel(ProjectChoiceTab.java:3475) ~[filemanager.jar:?]
	at com.st.microxplorer.plugins.projectmanager.gui.ProjectChoiceTab.defineWindowsFields(ProjectChoiceTab.java:1816) ~[filemanager.jar:?]
	at com.st.microxplorer.plugins.projectmanager.gui.ProjectChoiceTab.updateSettings(ProjectChoiceTab.java:544) ~[filemanager.jar:?]
	at com.st.microxplorer.plugins.projectmanager.gui.ProjectSettingsPanel.UpdateDialog(ProjectSettingsPanel.java:245) ~[filemanager.jar:?]
	at com.st.microxplorer.plugins.projectmanager.ProjectManagerView.propertyChange(ProjectManagerView.java:391) ~[filemanager.jar:?]
	at java.beans.PropertyChangeSupport.fire(PropertyChangeSupport.java:343) ~[?:?]
	at java.beans.PropertyChangeSupport.firePropertyChange(PropertyChangeSupport.java:335) ~[?:?]
	at java.beans.PropertyChangeSupport.firePropertyChange(PropertyChangeSupport.java:268) ~[?:?]
	at com.st.microxplorer.util.MXPropertyChangeSupport.firePropertyChange(MXPropertyChangeSupport.java:54) ~[STM32CubeMX.jar:?]
	at com.st.microxplorer.mxsystem.MxSystem.closeConfig(MxSystem.java:900) ~[STM32CubeMX.jar:?]
	at com.st.microxplorer.maingui.MainPanel.closeConfig(MainPanel.java:776) ~[STM32CubeMX.jar:?]
	at com.st.microxplorer.plugins.filemanager.engine.OpenFileManager.loadConfigurationFile(OpenFileManager.java:245) ~[filemanager.jar:?]
	at com.st.microxplorer.plugins.filemanager.engine.MainFileManager.userLoadConfig(MainFileManager.java:315) ~[filemanager.jar:?]
	at com.st.microxplorer.plugins.filemanager.engine.MainFileManager.userLoadConfig(MainFileManager.java:293) ~[filemanager.jar:?]
	at com.st.microxplorer.plugins.filemanager.FileManagerView.getSpecificTask(FileManagerView.java:247) ~[filemanager.jar:?]
	at com.st.stm32cube.common.mx.editor.CubeMxEditor.getMxTabbedPaneInstance(CubeMxEditor.java:1198) ~[com.st.stm32cube.common.mx_6.11.1.202404110753/:?]
	at com.st.stm32cube.common.mx.editor.CubeMxEditor$12$1.createSwingComponent(CubeMxEditor.java:1068) ~[com.st.stm32cube.common.mx_6.11.1.202404110753/:?]
	at com.st.stm32cube.common.mx.oss.core.awtswtbridge.EmbeddedSwingComposite.doComponentCreation(EmbeddedSwingComposite.java:492) ~[com.st.stm32cube.common.mx.oss_6.11.1.202404110753/:?]
	at com.st.stm32cube.common.mx.oss.core.awtswtbridge.EmbeddedSwingComposite$4.run(EmbeddedSwingComposite.java:291) ~[com.st.stm32cube.common.mx.oss_6.11.1.202404110753/:?]
	at com.st.stm32cube.common.mx.oss.core.awtswtbridge.AwtEnvironment$2.run(AwtEnvironment.java:166) ~[com.st.stm32cube.common.mx.oss_6.11.1.202404110753/:?]
	at java.awt.event.InvocationEvent.dispatch(InvocationEvent.java:318) ~[?:?]
	at java.awt.EventQueue.dispatchEventImpl(EventQueue.java:773) ~[?:?]
	at java.awt.EventQueue$4.run(EventQueue.java:720) ~[?:?]
	at java.awt.EventQueue$4.run(EventQueue.java:714) ~[?:?]
	at java.security.AccessController.doPrivileged(AccessController.java:399) ~[?:?]
	at java.security.ProtectionDomain$JavaSecurityAccessImpl.doIntersectionPrivilege(ProtectionDomain.java:86) ~[?:?]
	at java.awt.EventQueue.dispatchEvent(EventQueue.java:742) ~[?:?]
	at java.awt.EventDispatchThread.pumpOneEventForFilters(EventDispatchThread.java:203) ~[?:?]
	at java.awt.EventDispatchThread.pumpEventsForFilter(EventDispatchThread.java:124) ~[?:?]
	at java.awt.EventDispatchThread.pumpEventsForHierarchy(EventDispatchThread.java:113) ~[?:?]
	at java.awt.EventDispatchThread.pumpEvents(EventDispatchThread.java:109) ~[?:?]
	at java.awt.EventDispatchThread.pumpEvents(EventDispatchThread.java:101) ~[?:?]
	at java.awt.EventDispatchThread.run(EventDispatchThread.java:90) ~[?:?]
2024-11-11 23:56:44,898 [WARN] ThirdParty:871 - waiting for thirdparty lock release [close project]
2024-11-11 23:56:44,898 [INFO] ThirdParty:873 - entering critical section [close project]
2024-11-11 23:56:44,898 [INFO] ThirdParty:883 - exiting critical section [close project]
2024-11-11 23:56:44,899 [INFO] PinOutPanel:1561 - setPackage(No Configuration,No Configuration)
2024-11-11 23:56:44,900 [INFO] UtilMem:75 - Begin LoadConfig() Used Memory: 901942088 Bytes (1073741824)
2024-11-11 23:56:44,900 [INFO] MicroXplorer:468 - Change Database Path : 
2024-11-11 23:56:44,900 [INFO] MicroXplorer:498 - Change Database Version : DB.6.0.111
2024-11-11 23:56:44,900 [INFO] OpenFileManager:312 - Change cursor
2024-11-11 23:56:44,904 [INFO] Mcu:2021 - Initializing MCU STM32G474R(B-C-E)Tx STM32G474RETx STM32G474RET6
2024-11-11 23:56:47,600 [INFO] Context:663 - Trying to add GPIOservice into a context  which must be forbidden
2024-11-11 23:56:48,538 [INFO] RtosManager:555 - Registered RTOS mode: class=CMSIS, group=RTOS, mode=CMSIS_V1, owner=FREERTOS
2024-11-11 23:56:48,538 [INFO] RtosManager:555 - Registered RTOS mode: class=CMSIS, group=RTOS2, mode=CMSIS_V2, owner=FREERTOS
2024-11-11 23:56:48,538 [INFO] RtosManager:555 - Registered RTOS mode: class=RTOS, group=Core, mode=CMSIS_V1, owner=FREERTOS
2024-11-11 23:56:48,538 [INFO] RtosManager:555 - Registered RTOS mode: class=RTOS, group=Core, mode=CMSIS_V2, owner=FREERTOS
2024-11-11 23:56:48,538 [WARN] ModelIntegratedComponent:184 - Missing modes for component STMicroelectronics:FreeRTOS:0.0.1:STMicroelectronics:RTOS:FreeRTOS:Core:::10.2.0:
2024-11-11 23:56:48,540 [WARN] ModelIntegratedComponent:63 - No mode defined for component null
2024-11-11 23:56:48,540 [WARN] ModelIntegratedComponent:63 - No mode defined for component null
2024-11-11 23:56:48,540 [WARN] ModelIntegratedComponent:63 - No mode defined for component null
2024-11-11 23:56:48,540 [WARN] ModelIntegratedComponent:63 - No mode defined for component null
2024-11-11 23:56:48,540 [WARN] ModelIntegratedComponent:63 - No mode defined for component null
2024-11-11 23:56:48,540 [WARN] ModelIntegratedComponent:63 - No mode defined for component null
2024-11-11 23:56:48,540 [WARN] ModelIntegratedComponent:63 - No mode defined for component null
2024-11-11 23:56:48,540 [WARN] ModelIntegratedComponent:63 - No mode defined for component null
2024-11-11 23:56:48,540 [WARN] ModelIntegratedComponent:63 - No mode defined for component null
2024-11-11 23:56:48,540 [WARN] ModelIntegratedComponent:63 - No mode defined for component null
2024-11-11 23:56:48,540 [WARN] ModelIntegratedComponent:63 - No mode defined for component null
2024-11-11 23:56:48,540 [WARN] ModelIntegratedComponent:63 - No mode defined for component null
2024-11-11 23:56:48,540 [WARN] ModelIntegratedComponent:63 - No mode defined for component null
2024-11-11 23:56:48,540 [WARN] ModelIntegratedComponent:63 - No mode defined for component null
2024-11-11 23:56:48,540 [WARN] ModelIntegratedComponent:63 - No mode defined for component null
2024-11-11 23:56:48,540 [WARN] ModelIntegratedComponent:63 - No mode defined for component null
2024-11-11 23:56:48,540 [WARN] ModelIntegratedComponent:63 - No mode defined for component null
2024-11-11 23:56:48,540 [WARN] ModelIntegratedComponent:63 - No mode defined for component null
2024-11-11 23:56:48,540 [WARN] ModelIntegratedComponent:63 - No mode defined for component null
2024-11-11 23:56:48,540 [WARN] ModelIntegratedComponent:63 - No mode defined for component null
2024-11-11 23:56:48,540 [WARN] ModelIntegratedComponent:63 - No mode defined for component null
2024-11-11 23:56:48,540 [WARN] ModelIntegratedComponent:63 - No mode defined for component null
2024-11-11 23:56:48,540 [WARN] ModelIntegratedComponent:63 - No mode defined for component null
2024-11-11 23:56:48,540 [WARN] ModelIntegratedComponent:63 - No mode defined for component null
2024-11-11 23:56:48,540 [WARN] ModelIntegratedComponent:63 - No mode defined for component null
2024-11-11 23:56:48,540 [WARN] ModelIntegratedComponent:63 - No mode defined for component null
2024-11-11 23:56:48,540 [WARN] ModelIntegratedComponent:63 - No mode defined for component null
2024-11-11 23:56:48,540 [WARN] ModelIntegratedComponent:63 - No mode defined for component null
2024-11-11 23:56:48,540 [WARN] ModelIntegratedComponent:63 - No mode defined for component null
2024-11-11 23:56:48,540 [WARN] ModelIntegratedComponent:63 - No mode defined for component null
2024-11-11 23:56:48,540 [WARN] ModelIntegratedComponent:63 - No mode defined for component null
2024-11-11 23:56:48,540 [WARN] ModelIntegratedComponent:63 - No mode defined for component null
2024-11-11 23:56:48,540 [WARN] ModelIntegratedComponent:63 - No mode defined for component null
2024-11-11 23:56:48,540 [WARN] ModelIntegratedComponent:63 - No mode defined for component null
2024-11-11 23:56:48,701 [INFO] ThirdPartyModel:298 - Start build external matchings
2024-11-11 23:56:51,284 [INFO] ThirdPartyModel:316 - End build external matchings
2024-11-11 23:56:51,313 [INFO] ImportTextPane:194 - (OptionalMessage_ERROR) IP (ADC1) : Parameter (CommonPathInternal) has invalid value (null|null|null|null)
2024-11-11 23:56:51,314 [INFO] ImportTextPane:194 - (OptionalMessage_ERROR) IP (ADC3) : Parameter (CommonPathInternal) has invalid value (null|null|null|null)
2024-11-11 23:56:51,566 [INFO] UtilMem:75 - End LoadConfig() Used Memory: 820669416 Bytes (1073741824)
2024-11-11 23:56:51,629 [WARN] ThirdParty:833 - waiting for thirdparty lock release [change project]
2024-11-11 23:56:51,629 [INFO] ThirdParty:835 - entering critical section [change project]
2024-11-11 23:56:51,629 [INFO] ThirdParty:1030 - CMSIS Pack Vendor :STMicroelectronics USBPD 4.1
2024-11-11 23:56:51,629 [INFO] ThirdParty:1030 - CMSIS Pack Vendor :STMicroelectronics X-CUBE-GNSS1 6.0.0
2024-11-11 23:56:51,629 [INFO] ThirdParty:1030 - CMSIS Pack Vendor :STMicroelectronics USB_HOST 2.0.0
2024-11-11 23:56:51,629 [INFO] ThirdParty:1030 - CMSIS Pack Vendor :STMicroelectronics FP-SNS-MOTENVWB1 1.4.0
2024-11-11 23:56:51,629 [INFO] ThirdParty:1030 - CMSIS Pack Vendor :STMicroelectronics X-CUBE-AZRTOS-F4 1.1.0
2024-11-11 23:56:51,629 [INFO] ThirdParty:1030 - CMSIS Pack Vendor :STMicroelectronics LIBJPEG 8.0.0
2024-11-11 23:56:51,629 [INFO] ThirdParty:1030 - CMSIS Pack Vendor :STMicroelectronics X-CUBE-SMBUS 2.1.0
2024-11-11 23:56:51,630 [INFO] ThirdParty:1030 - CMSIS Pack Vendor :STMicroelectronics X-CUBE-WB05N 1.1.0
2024-11-11 23:56:51,630 [INFO] ThirdParty:1030 - CMSIS Pack Vendor :STMicroelectronics X-CUBE-ISPU 2.1.0
2024-11-11 23:56:51,630 [INFO] ThirdParty:1030 - CMSIS Pack Vendor :STMicroelectronics X-CUBE-FREERTOS 1.2.0
2024-11-11 23:56:51,630 [INFO] ThirdParty:1030 - CMSIS Pack Vendor :STMicroelectronics X-CUBE-TOUCHGFX 4.23.1
2024-11-11 23:56:51,630 [INFO] ThirdParty:1030 - CMSIS Pack Vendor :STMicroelectronics X-CUBE-TOUCHGFX 4.23.0
2024-11-11 23:56:51,630 [INFO] ThirdParty:1030 - CMSIS Pack Vendor :STMicroelectronics X-CUBE-BLEMGR 1.2.0
2024-11-11 23:56:51,630 [INFO] ThirdParty:1030 - CMSIS Pack Vendor :STMicroelectronics X-CUBE-TOUCHGFX 4.23.2
2024-11-11 23:56:51,630 [INFO] ThirdParty:1030 - CMSIS Pack Vendor :STMicroelectronics X-CUBE-AZRTOS-F7 1.1.0
2024-11-11 23:56:51,630 [INFO] ThirdParty:1030 - CMSIS Pack Vendor :STMicroelectronics X-CUBE-AZRTOS-L5 2.0.0
2024-11-11 23:56:51,630 [INFO] ThirdParty:1030 - CMSIS Pack Vendor :STMicroelectronics USB_DEVICE 2.0.0
2024-11-11 23:56:51,630 [INFO] ThirdParty:1030 - CMSIS Pack Vendor :STMicroelectronics X-CUBE-MEMS1 9.6.0
2024-11-11 23:56:51,630 [INFO] ThirdParty:1030 - CMSIS Pack Vendor :STMicroelectronics X-CUBE-EEPRMA1 4.2.0
2024-11-11 23:56:51,630 [INFO] ThirdParty:1030 - CMSIS Pack Vendor :STMicroelectronics X-CUBE-NFC6 3.1.0
2024-11-11 23:56:51,630 [INFO] ThirdParty:1030 - CMSIS Pack Vendor :ITTIA_DB I-CUBE-ITTIADB 8.8.0
2024-11-11 23:56:51,630 [INFO] ThirdParty:1030 - CMSIS Pack Vendor :STMicroelectronics FP-SNS-MOTENV1 4.3.0
2024-11-11 23:56:51,630 [INFO] ThirdParty:1030 - CMSIS Pack Vendor :STMicroelectronics FP-SNS-MOTENV1 4.3.2
2024-11-11 23:56:51,630 [INFO] ThirdParty:1030 - CMSIS Pack Vendor :STMicroelectronics FP-SNS-FLIGHT1 5.0.0
2024-11-11 23:56:51,630 [INFO] ThirdParty:1030 - CMSIS Pack Vendor :STMicroelectronics FP-SNS-MOTENV1 4.3.1
2024-11-11 23:56:51,630 [INFO] ThirdParty:1030 - CMSIS Pack Vendor :STMicroelectronics FP-SNS-FLIGHT1 5.0.1
2024-11-11 23:56:51,630 [INFO] ThirdParty:1030 - CMSIS Pack Vendor :STMicroelectronics X-CUBE-BLE1 6.2.3
2024-11-11 23:56:51,630 [INFO] ThirdParty:1030 - CMSIS Pack Vendor :STMicroelectronics X-CUBE-MEMS1 11.0.0
2024-11-11 23:56:51,630 [INFO] ThirdParty:1030 - CMSIS Pack Vendor :STMicroelectronics X-CUBE-BLE1 6.2.4
2024-11-11 23:56:51,630 [INFO] ThirdParty:1030 - CMSIS Pack Vendor :STMicroelectronics FreeRTOS 0.0.1
2024-11-11 23:56:51,630 [INFO] ThirdParty:1030 - CMSIS Pack Vendor :STMicroelectronics X-CUBE-BLEMGR 2.0.0
2024-11-11 23:56:51,630 [INFO] ThirdParty:1030 - CMSIS Pack Vendor :STMicroelectronics X-CUBE-DPower 1.2.0
2024-11-11 23:56:51,630 [INFO] ThirdParty:1030 - CMSIS Pack Vendor :STMicroelectronics FP-SNS-FLIGHT1 5.0.2
2024-11-11 23:56:51,630 [INFO] ThirdParty:1030 - CMSIS Pack Vendor :STMicroelectronics X-CUBE-NFC4 2.0.4
2024-11-11 23:56:51,630 [INFO] ThirdParty:1030 - CMSIS Pack Vendor :STMicroelectronics X-CUBE-AI 9.0.0
2024-11-11 23:56:51,630 [INFO] ThirdParty:1030 - CMSIS Pack Vendor :STMicroelectronics X-CUBE-AZRTOS-H7 3.1.0
2024-11-11 23:56:51,630 [INFO] ThirdParty:1030 - CMSIS Pack Vendor :STMicroelectronics PDM2PCM 3.3.0
2024-11-11 23:56:51,630 [INFO] ThirdParty:1030 - CMSIS Pack Vendor :STMicroelectronics X-CUBE-TOF1 3.1.0
2024-11-11 23:56:51,630 [INFO] ThirdParty:1030 - CMSIS Pack Vendor :STMicroelectronics X-CUBE-DISPLAY 3.0.0
2024-11-11 23:56:51,630 [INFO] ThirdParty:1030 - CMSIS Pack Vendor :STMicroelectronics X-CUBE-BLE1 7.0.0
2024-11-11 23:56:51,630 [INFO] ThirdParty:1030 - CMSIS Pack Vendor :STMicroelectronics X-CUBE-NFC10 1.0.0
2024-11-11 23:56:51,630 [INFO] ThirdParty:1030 - CMSIS Pack Vendor :wolfSSL I-CUBE-wolfSSL 5.5.0
2024-11-11 23:56:51,630 [INFO] ThirdParty:1030 - CMSIS Pack Vendor :STMicroelectronics HAL Drivers 0.0.0
2024-11-11 23:56:51,630 [INFO] ThirdParty:1030 - CMSIS Pack Vendor :STMicroelectronics X-CUBE-TOUCHGFX 4.22.0
2024-11-11 23:56:51,630 [INFO] ThirdParty:1030 - CMSIS Pack Vendor :STMicroelectronics X-CUBE-NFC7 1.0.1
2024-11-11 23:56:51,630 [INFO] ThirdParty:1030 - CMSIS Pack Vendor :STMicroelectronics MBEDTLS 2.14.1
2024-11-11 23:56:51,630 [INFO] ThirdParty:1030 - CMSIS Pack Vendor :STMicroelectronics X-CUBE-NFC7 1.0.0
2024-11-11 23:56:51,631 [INFO] ThirdParty:1030 - CMSIS Pack Vendor :wolfSSL I-CUBE-wolfTPM 3.2.0
2024-11-11 23:56:51,631 [INFO] ThirdParty:1030 - CMSIS Pack Vendor :STMicroelectronics X-CUBE-NFC6 3.0.0
2024-11-11 23:56:51,631 [INFO] ThirdParty:1030 - CMSIS Pack Vendor :STMicroelectronics X-CUBE-MEMS1 9.3.0
2024-11-11 23:56:51,631 [INFO] ThirdParty:1030 - CMSIS Pack Vendor :STMicroelectronics X-CUBE-EEPRMA1 4.1.0
2024-11-11 23:56:51,631 [INFO] ThirdParty:1030 - CMSIS Pack Vendor :STMicroelectronics X-CUBE-AI 7.2.0
2024-11-11 23:56:51,631 [INFO] ThirdParty:1030 - CMSIS Pack Vendor :STMicroelectronics X-CUBE-BLEMGR 3.1.0
2024-11-11 23:56:51,631 [INFO] ThirdParty:1030 - CMSIS Pack Vendor :STMicroelectronics FP-SNS-SMARTAG2 1.2.0
2024-11-11 23:56:51,631 [INFO] ThirdParty:1030 - CMSIS Pack Vendor :STMicroelectronics X-CUBE-AZRTOS-WL 2.0.0
2024-11-11 23:56:51,631 [INFO] ThirdParty:1030 - CMSIS Pack Vendor :STMicroelectronics FP-SNS-MOTENV1 5.0.0
2024-11-11 23:56:51,631 [INFO] ThirdParty:1030 - CMSIS Pack Vendor :STMicroelectronics USB_DEVICE 1.0.0
2024-11-11 23:56:51,631 [INFO] ThirdParty:1030 - CMSIS Pack Vendor :STMicroelectronics X-CUBE-AI 8.1.0
2024-11-11 23:56:51,631 [INFO] ThirdParty:1030 - CMSIS Pack Vendor :wolfSSL I-CUBE-wolfMQTT 1.19.0
2024-11-11 23:56:51,631 [INFO] ThirdParty:1030 - CMSIS Pack Vendor :STMicroelectronics X-CUBE-AZRTOS-L4 2.0.0
2024-11-11 23:56:51,631 [INFO] ThirdParty:1030 - CMSIS Pack Vendor :STMicroelectronics ThreadX 0.0.2
2024-11-11 23:56:51,631 [INFO] ThirdParty:1030 - CMSIS Pack Vendor :WES I-CUBE-Cesium 1.3.0
2024-11-11 23:56:51,631 [INFO] ThirdParty:1030 - CMSIS Pack Vendor :STMicroelectronics lwIP 2.1.2
2024-11-11 23:56:51,631 [INFO] ThirdParty:1030 - CMSIS Pack Vendor :STMicroelectronics X-CUBE-SFXS2LP1 4.0.0
2024-11-11 23:56:51,631 [INFO] ThirdParty:1030 - CMSIS Pack Vendor :STMicroelectronics X-CUBE-BLE2 3.3.0
2024-11-11 23:56:51,631 [INFO] ThirdParty:1030 - CMSIS Pack Vendor :STMicroelectronics X-CUBE-DISPLAY 2.2.0
2024-11-11 23:56:51,631 [INFO] ThirdParty:1030 - CMSIS Pack Vendor :STMicroelectronics X-CUBE-TOF1 3.2.0
2024-11-11 23:56:51,631 [INFO] ThirdParty:1030 - CMSIS Pack Vendor :STMicroelectronics PDM2PCM 3.2.0
2024-11-11 23:56:51,631 [INFO] ThirdParty:1030 - CMSIS Pack Vendor :STMicroelectronics X-CUBE-AZRTOS-H7 3.0.0
2024-11-11 23:56:51,631 [INFO] ThirdParty:1030 - CMSIS Pack Vendor :STMicroelectronics X-CUBE-ISPU 1.0.0
2024-11-11 23:56:51,631 [INFO] ThirdParty:1030 - CMSIS Pack Vendor :STMicroelectronics X-CUBE-ISPU 1.1.0
2024-11-11 23:56:51,631 [INFO] ThirdParty:1030 - CMSIS Pack Vendor :STMicroelectronics X-CUBE-AZRTOS-H7 3.3.0
2024-11-11 23:56:51,631 [INFO] ThirdParty:1030 - CMSIS Pack Vendor :RoweBots I-CUBE-UNISONRTOS 5.5.0-4
2024-11-11 23:56:51,631 [INFO] ThirdParty:1030 - CMSIS Pack Vendor :STMicroelectronics X-CUBE-NFC9 1.0.0
2024-11-11 23:56:51,631 [INFO] ThirdParty:1030 - CMSIS Pack Vendor :STMicroelectronics X-CUBE-AZRTOS-H7 2.1.0
2024-11-11 23:56:51,631 [INFO] ThirdParty:1030 - CMSIS Pack Vendor :STMicroelectronics USB_DEVICE 3.0.0
2024-11-11 23:56:51,631 [INFO] ThirdParty:1030 - CMSIS Pack Vendor :STMicroelectronics X-CUBE-TCPP 4.1.0
2024-11-11 23:56:51,631 [INFO] ThirdParty:1030 - CMSIS Pack Vendor :STMicroelectronics X-CUBE-AI 8.0.0
2024-11-11 23:56:51,631 [INFO] ThirdParty:1030 - CMSIS Pack Vendor :STMicroelectronics X-CUBE-IPS 3.0.0
2024-11-11 23:56:51,631 [INFO] ThirdParty:1030 - CMSIS Pack Vendor :STMicroelectronics X-CUBE-AZRTOS-WB 2.0.0
2024-11-11 23:56:51,631 [INFO] ThirdParty:1030 - CMSIS Pack Vendor :STMicroelectronics X-CUBE-FREERTOS 1.0.0
2024-11-11 23:56:51,631 [INFO] ThirdParty:1030 - CMSIS Pack Vendor :STMicroelectronics X-CUBE-FREERTOS 1.0.1
2024-11-11 23:56:51,632 [INFO] ThirdParty:1030 - CMSIS Pack Vendor :STMicroelectronics X-CUBE-TOUCHGFX 4.21.1
2024-11-11 23:56:51,632 [INFO] ThirdParty:1030 - CMSIS Pack Vendor :STMicroelectronics X-CUBE-GNSS1 7.0.0
2024-11-11 23:56:51,632 [INFO] ThirdParty:1030 - CMSIS Pack Vendor :STMicroelectronics X-CUBE-TOUCHGFX 4.21.3
2024-11-11 23:56:51,632 [INFO] ThirdParty:1030 - CMSIS Pack Vendor :STMicroelectronics X-CUBE-BLEMGR 1.0.0
2024-11-11 23:56:51,632 [INFO] ThirdParty:1030 - CMSIS Pack Vendor :STMicroelectronics X-CUBE-TOUCHGFX 4.21.4
2024-11-11 23:56:51,632 [INFO] ThirdParty:1030 - CMSIS Pack Vendor :STMicroelectronics X-CUBE-MEMS1 9.4.0
2024-11-11 23:56:51,632 [INFO] ThirdParty:1030 - CMSIS Pack Vendor :STMicroelectronics X-CUBE-AI 7.3.0
2024-11-11 23:56:51,632 [INFO] ThirdParty:1030 - CMSIS Pack Vendor :STMicroelectronics FP-SNS-STBOX1 2.0.0
2024-11-11 23:56:51,632 [INFO] ThirdParty:1030 - CMSIS Pack Vendor :STMicroelectronics X-CUBE-ALGOBUILD 1.3.0
2024-11-11 23:56:51,632 [INFO] ThirdParty:1030 - CMSIS Pack Vendor :STMicroelectronics X-CUBE-AZRTOS-L5 1.1.0
2024-11-11 23:56:51,632 [INFO] ThirdParty:1030 - CMSIS Pack Vendor :STMicroelectronics X-CUBE-AZRTOS-G0 1.1.0
2024-11-11 23:56:51,632 [INFO] ThirdParty:1030 - CMSIS Pack Vendor :STMicroelectronics X-CUBE-AI 8.0.1
2024-11-11 23:56:51,632 [INFO] ThirdParty:1030 - CMSIS Pack Vendor :STMicroelectronics X-CUBE-SAFEA1 1.2.2
2024-11-11 23:56:51,632 [INFO] ThirdParty:1030 - CMSIS Pack Vendor :STMicroelectronics X-CUBE-NFC4 3.0.0
2024-11-11 23:56:51,632 [INFO] ThirdParty:1030 - CMSIS Pack Vendor :SEGGER I-CUBE-embOS 1.2.0
2024-11-11 23:56:51,632 [INFO] ThirdParty:1030 - CMSIS Pack Vendor :STMicroelectronics X-CUBE-SUBG2 5.0.0
2024-11-11 23:56:51,632 [INFO] ThirdParty:1030 - CMSIS Pack Vendor :STMicroelectronics STM32_WPAN 1.0.0
2024-11-11 23:56:51,632 [INFO] ThirdParty:1030 - CMSIS Pack Vendor :EmbeddedOffice I-CUBE-FS-RTOS 1.0.1
2024-11-11 23:56:51,632 [INFO] ThirdParty:1030 - CMSIS Pack Vendor :STMicroelectronics lwIP 2.0.3
2024-11-11 23:56:51,632 [INFO] ThirdParty:1030 - CMSIS Pack Vendor :STMicroelectronics USB_HOST 1.0.0
2024-11-11 23:56:51,632 [INFO] ThirdParty:1030 - CMSIS Pack Vendor :STMicroelectronics X-CUBE-TOF1 3.3.1
2024-11-11 23:56:51,632 [INFO] ThirdParty:1030 - CMSIS Pack Vendor :STMicroelectronics X-CUBE-AZRTOS-G4 2.0.0
2024-11-11 23:56:51,632 [INFO] ThirdParty:1030 - CMSIS Pack Vendor :STMicroelectronics PDM2PCM 3.1.0
2024-11-11 23:56:51,632 [INFO] ThirdParty:1030 - CMSIS Pack Vendor :STMicroelectronics X-CUBE-TOF1 3.3.0
2024-11-11 23:56:51,632 [INFO] ThirdParty:1030 - CMSIS Pack Vendor :STMicroelectronics FP-ATR-ASTRA1 1.1.1
2024-11-11 23:56:51,632 [INFO] ThirdParty:1030 - CMSIS Pack Vendor :Infineon AIROC-Wi-Fi-Bluetooth-STM32 1.5.1
2024-11-11 23:56:51,632 [INFO] ThirdParty:1030 - CMSIS Pack Vendor :STMicroelectronics X-CUBE-BLEMGR 3.0.0
2024-11-11 23:56:51,632 [INFO] ThirdParty:1030 - CMSIS Pack Vendor :STMicroelectronics X-CUBE-BLEMGR 1.3.0
2024-11-11 23:56:51,632 [INFO] ThirdParty:1030 - CMSIS Pack Vendor :RealThread X-CUBE-RT-Thread_Nano 4.1.1
2024-11-11 23:56:51,632 [INFO] ThirdParty:1030 - CMSIS Pack Vendor :STMicroelectronics FP-SNS-MOTENVWB1 1.3.1
2024-11-11 23:56:51,632 [INFO] ThirdParty:1030 - CMSIS Pack Vendor :STMicroelectronics FP-ATR-SIGFOX1 3.2.0
2024-11-11 23:56:51,632 [INFO] ThirdParty:1030 - CMSIS Pack Vendor :STMicroelectronics X-CUBE-AZRTOS-G4 1.0.0
2024-11-11 23:56:51,632 [INFO] ThirdParty:1030 - CMSIS Pack Vendor :STMicroelectronics X-CUBE-AZRTOS-L4 1.0.0
2024-11-11 23:56:51,632 [INFO] ThirdParty:1030 - CMSIS Pack Vendor :STMicroelectronics X-CUBE-ISPU 2.0.0
2024-11-11 23:56:51,633 [INFO] ThirdParty:1030 - CMSIS Pack Vendor :STMicroelectronics X-CUBE-EEPRMA1 5.1.0
2024-11-11 23:56:51,633 [INFO] ThirdParty:1030 - CMSIS Pack Vendor :STMicroelectronics MBEDTLS 2.16.2
2024-11-11 23:56:51,633 [INFO] ThirdParty:1030 - CMSIS Pack Vendor :STMicroelectronics X-CUBE-ALS 1.0.2
2024-11-11 23:56:51,633 [INFO] ThirdParty:1030 - CMSIS Pack Vendor :emotas I-CUBE-CANOPEN 1.1.2
2024-11-11 23:56:51,633 [INFO] ThirdParty:1030 - CMSIS Pack Vendor :STMicroelectronics X-CUBE-TOUCHGFX 4.20.0
2024-11-11 23:56:51,633 [INFO] ThirdParty:1030 - CMSIS Pack Vendor :STMicroelectronics X-CUBE-MEMS1 10.0.0
2024-11-11 23:56:51,633 [INFO] ThirdParty:1030 - CMSIS Pack Vendor :STMicroelectronics X-CUBE-FREERTOS 1.1.0
2024-11-11 23:56:51,633 [INFO] ThirdParty:1030 - CMSIS Pack Vendor :STMicroelectronics X-CUBE-TOUCHGFX 4.24.0
2024-11-11 23:56:51,633 [INFO] ThirdParty:1030 - CMSIS Pack Vendor :STMicroelectronics X-CUBE-AZRTOS-WL 1.0.0
2024-11-11 23:56:51,633 [INFO] ThirdParty:1030 - CMSIS Pack Vendor :STMicroelectronics X-CUBE-TOUCHGFX 4.24.1
2024-11-11 23:56:51,633 [INFO] ThirdParty:1030 - CMSIS Pack Vendor :portGmbH I-Cube-SoM-uGOAL 1.1.0
2024-11-11 23:56:51,633 [INFO] ThirdParty:1030 - CMSIS Pack Vendor :STMicroelectronics X-CUBE-ALS 1.0.1
2024-11-11 23:56:51,633 [INFO] ThirdParty:1030 - CMSIS Pack Vendor :STMicroelectronics X-CUBE-MEMS1 9.5.0
2024-11-11 23:56:51,633 [INFO] ThirdParty:1030 - CMSIS Pack Vendor :STMicroelectronics ThreadX 1.0.0
2024-11-11 23:56:51,633 [INFO] ThirdParty:1030 - CMSIS Pack Vendor :STMicroelectronics X-CUBE-AZRTOS-WB 1.1.0
2024-11-11 23:56:51,633 [INFO] ThirdParty:1030 - CMSIS Pack Vendor :SEGGER I-CUBE-embOS 1.3.1
2024-11-11 23:56:51,633 [INFO] ThirdParty:1030 - CMSIS Pack Vendor :STMicroelectronics X-CUBE-ALGOBUILD 1.4.0
2024-11-11 23:56:51,633 [INFO] ThirdParty:1030 - CMSIS Pack Vendor :STMicroelectronics X-CUBE-AZRTOS-L5 1.0.0
2024-11-11 23:56:51,633 [INFO] ThirdParty:1030 - CMSIS Pack Vendor :STMicroelectronics X-CUBE-EEPRMA1 3.1.1
2024-11-11 23:56:51,633 [INFO] ThirdParty:1030 - CMSIS Pack Vendor :STMicroelectronics X-CUBE-AZRTOS-H7RS 1.0.0
2024-11-11 23:56:51,633 [INFO] ThirdParty:1030 - CMSIS Pack Vendor :STMicroelectronics FP-ATR-ASTRA1 2.0.0
2024-11-11 23:56:51,633 [INFO] ThirdParty:1030 - CMSIS Pack Vendor :STMicroelectronics X-CUBE-TOF1 3.4.2
2024-11-11 23:56:51,633 [INFO] ThirdParty:1030 - CMSIS Pack Vendor :STMicroelectronics X-CUBE-AI 9.1.0
2024-11-11 23:56:51,633 [INFO] ThirdParty:1030 - CMSIS Pack Vendor :STMicroelectronics X-CUBE-TOF1 3.4.0
2024-11-11 23:56:51,633 [INFO] ThirdParty:1030 - CMSIS Pack Vendor :STMicroelectronics X-CUBE-TOF1 3.4.1
2024-11-11 23:56:51,633 [INFO] ThirdParty:1030 - CMSIS Pack Vendor :STMicroelectronics X-CUBE-AZRTOS-H7 3.2.0
2024-11-11 23:56:51,633 [INFO] ThirdParty:1030 - CMSIS Pack Vendor :wolfSSL I-CUBE-wolfSSH 1.4.17
2024-11-11 23:56:51,633 [INFO] ThirdParty:841 - exiting critical section [change project]
2024-11-11 23:56:51,818 [INFO] PinOutPanel:1561 - setPackage(No Configuration,No Configuration)
2024-11-11 23:56:51,818 [INFO] PinOutPanel:1561 - setPackage(STM32G474RETx,LQFP64)
2024-11-11 23:56:51,956 [INFO] UtilMem:75 - Before build in PCC Used Memory: 817189160 Bytes (1073741824)
2024-11-11 23:56:52,170 [INFO] UtilMem:75 - After build in PCC Used Memory: 917326120 Bytes (1073741824)
2024-11-11 23:56:52,187 [INFO] IPUIPlugin:80 - create IPUIPlugin
2024-11-11 23:56:52,187 [INFO] IPUIPlugin:80 - create IPUIPlugin
2024-11-11 23:56:52,187 [INFO] IPUIPlugin:80 - create IPUIPlugin
2024-11-11 23:56:52,187 [INFO] IPUIPlugin:80 - create IPUIPlugin
2024-11-11 23:56:52,187 [INFO] IPUIPlugin:80 - create IPUIPlugin
2024-11-11 23:56:52,187 [INFO] IPUIPlugin:80 - create IPUIPlugin
2024-11-11 23:56:52,187 [INFO] IPUIPlugin:80 - create IPUIPlugin
2024-11-11 23:56:52,187 [INFO] IPUIPlugin:80 - create IPUIPlugin
2024-11-11 23:56:52,187 [INFO] IPUIPlugin:80 - create IPUIPlugin
2024-11-11 23:56:52,187 [INFO] IPUIPlugin:80 - create IPUIPlugin
2024-11-11 23:56:52,187 [INFO] IPUIPlugin:80 - create IPUIPlugin
2024-11-11 23:56:52,187 [INFO] IPUIPlugin:80 - create IPUIPlugin
2024-11-11 23:56:52,187 [INFO] IPUIPlugin:80 - create IPUIPlugin
2024-11-11 23:56:52,187 [INFO] IPUIPlugin:80 - create IPUIPlugin
2024-11-11 23:56:52,187 [INFO] IPUIPlugin:80 - create IPUIPlugin
2024-11-11 23:56:52,187 [INFO] IPUIPlugin:80 - create IPUIPlugin
2024-11-11 23:56:52,187 [INFO] IPUIPlugin:80 - create IPUIPlugin
2024-11-11 23:56:52,188 [INFO] IPUIPlugin:80 - create IPUIPlugin
2024-11-11 23:56:52,188 [INFO] IPUIPlugin:80 - create IPUIPlugin
2024-11-11 23:56:52,188 [INFO] IPUIPlugin:80 - create IPUIPlugin
2024-11-11 23:56:52,188 [INFO] IPUIPlugin:80 - create IPUIPlugin
2024-11-11 23:56:52,188 [INFO] IPUIPlugin:80 - create IPUIPlugin
2024-11-11 23:56:52,188 [INFO] IPUIPlugin:80 - create IPUIPlugin
2024-11-11 23:56:52,188 [INFO] IPUIPlugin:80 - create IPUIPlugin
2024-11-11 23:56:52,188 [INFO] IPUIPlugin:80 - create IPUIPlugin
2024-11-11 23:56:52,188 [INFO] IPUIPlugin:80 - create IPUIPlugin
2024-11-11 23:56:52,188 [INFO] IPUIPlugin:80 - create IPUIPlugin
2024-11-11 23:56:52,188 [INFO] IPUIPlugin:80 - create IPUIPlugin
2024-11-11 23:56:52,188 [INFO] IPUIPlugin:80 - create IPUIPlugin
2024-11-11 23:56:52,188 [INFO] IPUIPlugin:80 - create IPUIPlugin
2024-11-11 23:56:52,188 [INFO] IPUIPlugin:80 - create IPUIPlugin
2024-11-11 23:56:52,188 [INFO] IPUIPlugin:80 - create IPUIPlugin
2024-11-11 23:56:52,188 [INFO] IPUIPlugin:80 - create IPUIPlugin
2024-11-11 23:56:52,188 [INFO] IPUIPlugin:80 - create IPUIPlugin
2024-11-11 23:56:52,189 [INFO] IPUIPlugin:80 - create IPUIPlugin
2024-11-11 23:56:52,189 [INFO] IPUIPlugin:80 - create IPUIPlugin
2024-11-11 23:56:52,189 [INFO] IPUIPlugin:80 - create IPUIPlugin
2024-11-11 23:56:52,189 [INFO] IPUIPlugin:80 - create IPUIPlugin
2024-11-11 23:56:52,189 [INFO] IPUIPlugin:80 - create IPUIPlugin
2024-11-11 23:56:52,189 [INFO] IPUIPlugin:80 - create IPUIPlugin
2024-11-11 23:56:52,189 [INFO] IPUIPlugin:80 - create IPUIPlugin
2024-11-11 23:56:52,189 [INFO] IPUIPlugin:80 - create IPUIPlugin
2024-11-11 23:56:52,189 [INFO] IPUIPlugin:80 - create IPUIPlugin
2024-11-11 23:56:52,189 [INFO] IPUIPlugin:80 - create IPUIPlugin
2024-11-11 23:56:52,189 [INFO] IPUIPlugin:80 - create IPUIPlugin
2024-11-11 23:56:52,190 [INFO] IPUIPlugin:80 - create IPUIPlugin
2024-11-11 23:56:52,190 [INFO] IPUIPlugin:80 - create IPUIPlugin
2024-11-11 23:56:52,190 [INFO] IPUIPlugin:80 - create IPUIPlugin
2024-11-11 23:56:52,190 [INFO] IPUIPlugin:80 - create IPUIPlugin
2024-11-11 23:56:52,190 [INFO] IPUIPlugin:80 - create IPUIPlugin
2024-11-11 23:56:52,190 [INFO] IPUIPlugin:80 - create IPUIPlugin
2024-11-11 23:56:52,190 [INFO] IPUIPlugin:80 - create IPUIPlugin
2024-11-11 23:56:52,191 [INFO] IPUIPlugin:80 - create IPUIPlugin
2024-11-11 23:56:52,191 [INFO] IPUIPlugin:80 - create IPUIPlugin
2024-11-11 23:56:52,191 [INFO] IPUIPlugin:80 - create IPUIPlugin
2024-11-11 23:56:52,191 [INFO] IPUIPlugin:80 - create IPUIPlugin
2024-11-11 23:56:52,191 [INFO] IPUIPlugin:80 - create IPUIPlugin
2024-11-11 23:56:52,192 [INFO] IPUIPlugin:80 - create IPUIPlugin
2024-11-11 23:56:52,192 [INFO] IPUIPlugin:80 - create IPUIPlugin
2024-11-11 23:56:52,192 [INFO] IPUIPlugin:80 - create IPUIPlugin
2024-11-11 23:56:52,192 [INFO] IPUIPlugin:80 - create IPUIPlugin
2024-11-11 23:56:52,192 [INFO] IPUIPlugin:80 - create IPUIPlugin
2024-11-11 23:56:52,192 [INFO] IPUIPlugin:80 - create IPUIPlugin
2024-11-11 23:56:52,193 [INFO] IPUIPlugin:80 - create IPUIPlugin
2024-11-11 23:56:52,193 [INFO] IPUIPlugin:80 - create IPUIPlugin
2024-11-11 23:56:52,193 [INFO] IPUIPlugin:80 - create IPUIPlugin
2024-11-11 23:56:52,193 [INFO] IPUIPlugin:80 - create IPUIPlugin
2024-11-11 23:56:52,193 [INFO] IPUIPlugin:80 - create IPUIPlugin
2024-11-11 23:56:52,193 [INFO] IPUIPlugin:80 - create IPUIPlugin
2024-11-11 23:56:52,194 [INFO] IPUIPlugin:80 - create IPUIPlugin
2024-11-11 23:56:52,194 [INFO] IPUIPlugin:80 - create IPUIPlugin
2024-11-11 23:56:52,194 [INFO] IPUIPlugin:80 - create IPUIPlugin
2024-11-11 23:56:52,194 [INFO] IPUIPlugin:80 - create IPUIPlugin
2024-11-11 23:56:52,195 [INFO] IPUIPlugin:80 - create IPUIPlugin
2024-11-11 23:56:52,195 [INFO] IPUIPlugin:80 - create IPUIPlugin
2024-11-11 23:56:52,196 [INFO] IPUIPlugin:80 - create IPUIPlugin
2024-11-11 23:56:52,196 [INFO] IPUIPlugin:80 - create IPUIPlugin
2024-11-11 23:56:52,250 [INFO] CADModel:165 - CPN selected for project levelSTM32G474RET6
2024-11-11 23:56:52,250 [INFO] CADModel:114 - Register for checkConnection events
2024-11-11 23:56:52,312 [INFO] OpenFileManager:343 - Restore cursor
2024-11-11 23:57:19,569 [INFO] NvicIntPanel:101 - NVIC parent = com.st.microxplorer.plugins.ip.nvic.MultiNvicIntPanel[,0,0,0x0,invalid,layout=javax.swing.BoxLayout,alignmentX=0.0,alignmentY=0.0,border=,flags=9,maximumSize=,minimumSize=,preferredSize=]
2024-11-11 23:57:27,142 [INFO] NvicIntPanel:101 - NVIC parent = com.st.microxplorer.plugins.ip.nvic.MultiNvicIntPanel[,0,0,0x0,invalid,layout=javax.swing.BoxLayout,alignmentX=0.0,alignmentY=0.0,border=,flags=9,maximumSize=,minimumSize=,preferredSize=]
2024-11-11 23:57:38,154 [INFO] NvicIntPanel:101 - NVIC parent = com.st.microxplorer.plugins.ip.nvic.MultiNvicIntPanel[,0,0,0x0,invalid,layout=javax.swing.BoxLayout,alignmentX=0.0,alignmentY=0.0,border=,flags=9,maximumSize=,minimumSize=,preferredSize=]
2024-11-11 23:58:31,436 [INFO] UtilMem:75 - End SaveConfig() Used Memory: 779288816 Bytes (1073741824)
2024-11-11 23:58:32,833 [INFO] UtilMem:75 - End SaveConfig() Used Memory: 807600368 Bytes (1073741824)
2024-11-11 23:58:34,147 [INFO] UtilMem:75 - End SaveConfig() Used Memory: 855312624 Bytes (1073741824)
2024-11-11 23:58:34,216 [INFO] BlockDiagram:2759 - set Specific Code input for plugin: SYS
2024-11-11 23:58:34,216 [INFO] BlockDiagram:2759 - set Specific Code input for plugin: ADC
2024-11-11 23:58:34,216 [INFO] BlockDiagram:2759 - set Specific Code input for plugin: ADC
2024-11-11 23:58:34,216 [INFO] BlockDiagram:2759 - set Specific Code input for plugin: RCC
2024-11-11 23:58:34,216 [INFO] BlockDiagram:2759 - set Specific Code input for plugin: NVIC
2024-11-11 23:58:34,216 [INFO] BlockDiagram:2759 - set Specific Code input for plugin: USART
2024-11-11 23:58:34,216 [INFO] BlockDiagram:2759 - set Specific Code input for plugin: GPIO
2024-11-11 23:58:34,216 [INFO] CodeGenerator:807 - code generatio: config db path: C:\ST\STM32CubeIDE_1.10.1\STM32CubeIDE\plugins\com.st.stm32cube.common.mx_6.11.1.202404110753\\db\
2024-11-11 23:58:34,254 [INFO] CodeEngine:255 - oldGeneratedFile, D:\Download\DeleteThis\MasterFinalBMS\MXTmpFiles\license.tmp_save
2024-11-11 23:58:34,296 [INFO] CodeEngine:279 - Generated code: D:\Download\DeleteThis\MasterFinalBMS\MXTmpFiles\license.tmp
2024-11-11 23:58:34,314 [INFO] CodeEngine:255 - oldGeneratedFile, D:\Download\DeleteThis\MasterFinalBMS\MXTmpFiles\gpio.tmp_save
2024-11-11 23:58:34,366 [INFO] CodeEngine:279 - Generated code: D:\Download\DeleteThis\MasterFinalBMS\MXTmpFiles\gpio.tmp
2024-11-11 23:58:34,479 [INFO] CodeEngine:255 - oldGeneratedFile, D:\Download\DeleteThis\MasterFinalBMS\Core\Src\stm32g4xx_it.c_save
2024-11-11 23:58:34,551 [INFO] CodeEngine:279 - Generated code: D:\Download\DeleteThis\MasterFinalBMS\Core\Src\stm32g4xx_it.c
2024-11-11 23:58:34,554 [INFO] CodeEngine:255 - oldGeneratedFile, D:\Download\DeleteThis\MasterFinalBMS\Core\Inc\stm32g4xx_it.h_save
2024-11-11 23:58:34,598 [INFO] CodeEngine:279 - Generated code: D:\Download\DeleteThis\MasterFinalBMS\Core\Inc\stm32g4xx_it.h
2024-11-11 23:58:34,612 [INFO] CodeEngine:255 - oldGeneratedFile, D:\Download\DeleteThis\MasterFinalBMS\Core\Src\stm32g4xx_hal_msp.c_save
2024-11-11 23:58:34,680 [INFO] CodeEngine:279 - Generated code: D:\Download\DeleteThis\MasterFinalBMS\Core\Src\stm32g4xx_hal_msp.c
2024-11-11 23:58:34,682 [INFO] CodeEngine:255 - oldGeneratedFile, D:\Download\DeleteThis\MasterFinalBMS\MXTmpFiles\system.tmp_save
2024-11-11 23:58:34,709 [INFO] CodeEngine:279 - Generated code: D:\Download\DeleteThis\MasterFinalBMS\MXTmpFiles\system.tmp
2024-11-11 23:58:34,719 [INFO] CodeEngine:311 - oldGeneratedFile, D:\Download\DeleteThis\MasterFinalBMS\Core\Inc\stm32g4xx_hal_conf.h_save
2024-11-11 23:58:34,779 [INFO] CodeEngine:335 - Generated code: D:\Download\DeleteThis\MasterFinalBMS\Core\Inc\stm32g4xx_hal_conf.h
2024-11-11 23:58:34,799 [WARN] IPConfigManager:2982 - Warning: the RefConfig RCC_CommonPeriphClockConfig is not available in your config.xml file
2024-11-11 23:58:34,821 [INFO] CodeEngine:255 - oldGeneratedFile, D:\Download\DeleteThis\MasterFinalBMS\Core\Inc\main.h_save
2024-11-11 23:58:34,859 [INFO] CodeEngine:279 - Generated code: D:\Download\DeleteThis\MasterFinalBMS\Core\Inc\main.h
2024-11-11 23:58:34,868 [INFO] CodeEngine:255 - oldGeneratedFile, D:\Download\DeleteThis\MasterFinalBMS\Core\Src\main.c_save
2024-11-11 23:58:34,936 [INFO] CodeEngine:279 - Generated code: D:\Download\DeleteThis\MasterFinalBMS\Core\Src\main.c
2024-11-11 23:58:35,147 [INFO] ProjectBuilder:3163 - Time for Copy HAL[1] : 116mS.
2024-11-11 23:58:35,150 [INFO] ProjectBuilder:4736 - Project Generator version: 4.3.0-B58
2024-11-11 23:58:35,210 [INFO] ConfigFileManager:1503 - The Die is : DIE469
2024-11-11 23:58:35,211 [INFO] ApiDbMcu:508 - Load IP Config File for FATFS
2024-11-11 23:58:35,213 [INFO] ApiDbMcu:508 - Load IP Config File for FREERTOS
2024-11-11 23:58:35,216 [INFO] ApiDbMcu:508 - Load IP Config File for USBPD
2024-11-11 23:58:35,218 [INFO] ApiDbMcu:508 - Load IP Config File for USB_Device
2024-11-11 23:58:35,720 [INFO] ProjectBuilder:5002 - Time for Generating toolchain IDE Files: 570mS.
2024-11-11 23:58:35,721 [INFO] ProjectBuilder:3034 - Time for Copy CMSIS : 1mS.
2024-11-11 23:58:35,722 [INFO] ProjectBuilder:3034 - Time for Copy CMSIS : 0mS.
2024-11-11 23:58:38,946 [INFO] MainUpdater:2873 - connection check result : 10
2024-11-11 23:58:38,946 [INFO] MainUpdater:2873 - connection check result : 10
2024-11-11 23:58:38,958 [INFO] MicroXplorer:468 - Change Database Path : 
2024-11-11 23:58:38,958 [INFO] MicroXplorer:498 - Change Database Version : DB.6.0.111
2024-11-11 23:58:38,961 [ERROR] ProjectManagerView:394 - 
java.lang.NullPointerException: Cannot invoke "javax.swing.JTextField.getText()" because the return value of "java.util.List.get(int)" is null
	at com.st.microxplorer.plugins.projectmanager.gui.ProjectChoiceTab$10.caretUpdate(ProjectChoiceTab.java:2504) ~[filemanager.jar:?]
	at javax.swing.text.JTextComponent.fireCaretUpdate(JTextComponent.java:412) ~[?:?]
	at javax.swing.text.JTextComponent$MutableCaretEvent.fire(JTextComponent.java:4491) ~[?:?]
	at javax.swing.text.JTextComponent$MutableCaretEvent.stateChanged(JTextComponent.java:4513) ~[?:?]
	at javax.swing.text.DefaultCaret.fireStateChanged(DefaultCaret.java:842) ~[?:?]
	at javax.swing.text.DefaultCaret.changeCaretPosition(DefaultCaret.java:1313) ~[?:?]
	at javax.swing.text.DefaultCaret.handleSetDot(DefaultCaret.java:1212) ~[?:?]
	at javax.swing.text.DefaultCaret.setDot(DefaultCaret.java:1193) ~[?:?]
	at javax.swing.text.DefaultCaret$Handler.insertUpdate(DefaultCaret.java:1789) ~[?:?]
	at javax.swing.text.AbstractDocument.fireInsertUpdate(AbstractDocument.java:226) ~[?:?]
	at javax.swing.text.AbstractDocument.handleInsertString(AbstractDocument.java:780) ~[?:?]
	at javax.swing.text.AbstractDocument.insertString(AbstractDocument.java:739) ~[?:?]
	at javax.swing.text.PlainDocument.insertString(PlainDocument.java:131) ~[?:?]
	at javax.swing.text.AbstractDocument.replace(AbstractDocument.java:698) ~[?:?]
	at javax.swing.text.JTextComponent.setText(JTextComponent.java:1729) ~[?:?]
	at com.st.microxplorer.plugins.projectmanager.gui.ProjectChoiceTab.createHeapStackFields(ProjectChoiceTab.java:944) ~[filemanager.jar:?]
	at com.st.microxplorer.plugins.projectmanager.gui.ProjectChoiceTab.buildLinkSettingsPanel(ProjectChoiceTab.java:3475) ~[filemanager.jar:?]
	at com.st.microxplorer.plugins.projectmanager.gui.ProjectChoiceTab.defineWindowsFields(ProjectChoiceTab.java:1816) ~[filemanager.jar:?]
	at com.st.microxplorer.plugins.projectmanager.gui.ProjectChoiceTab.updateSettings(ProjectChoiceTab.java:544) ~[filemanager.jar:?]
	at com.st.microxplorer.plugins.projectmanager.gui.ProjectSettingsPanel.UpdateDialog(ProjectSettingsPanel.java:245) ~[filemanager.jar:?]
	at com.st.microxplorer.plugins.projectmanager.ProjectManagerView.propertyChange(ProjectManagerView.java:391) ~[filemanager.jar:?]
	at java.beans.PropertyChangeSupport.fire(PropertyChangeSupport.java:343) ~[?:?]
	at java.beans.PropertyChangeSupport.firePropertyChange(PropertyChangeSupport.java:335) ~[?:?]
	at java.beans.PropertyChangeSupport.firePropertyChange(PropertyChangeSupport.java:268) ~[?:?]
	at com.st.microxplorer.util.MXPropertyChangeSupport.firePropertyChange(MXPropertyChangeSupport.java:54) ~[STM32CubeMX.jar:?]
	at com.st.microxplorer.mxsystem.MxSystem.closeConfig(MxSystem.java:900) ~[STM32CubeMX.jar:?]
	at com.st.microxplorer.maingui.MainPanel.closeConfig(MainPanel.java:776) ~[STM32CubeMX.jar:?]
	at com.st.microxplorer.plugins.filemanager.engine.OpenFileManager.loadConfigurationFile(OpenFileManager.java:245) ~[filemanager.jar:?]
	at com.st.microxplorer.plugins.filemanager.engine.MainFileManager.userLoadConfig(MainFileManager.java:315) ~[filemanager.jar:?]
	at com.st.microxplorer.plugins.filemanager.engine.MainFileManager.userLoadConfig(MainFileManager.java:293) ~[filemanager.jar:?]
	at com.st.microxplorer.plugins.filemanager.FileManagerView.getSpecificTask(FileManagerView.java:247) ~[filemanager.jar:?]
	at com.st.stm32cube.common.mx.editor.CubeMxEditor.getMxTabbedPaneInstance(CubeMxEditor.java:1198) ~[com.st.stm32cube.common.mx_6.11.1.202404110753/:?]
	at com.st.stm32cube.common.mx.editor.CubeMxEditor$12$1.createSwingComponent(CubeMxEditor.java:1068) ~[com.st.stm32cube.common.mx_6.11.1.202404110753/:?]
	at com.st.stm32cube.common.mx.oss.core.awtswtbridge.EmbeddedSwingComposite.doComponentCreation(EmbeddedSwingComposite.java:492) ~[com.st.stm32cube.common.mx.oss_6.11.1.202404110753/:?]
	at com.st.stm32cube.common.mx.oss.core.awtswtbridge.EmbeddedSwingComposite$4.run(EmbeddedSwingComposite.java:291) ~[com.st.stm32cube.common.mx.oss_6.11.1.202404110753/:?]
	at com.st.stm32cube.common.mx.oss.core.awtswtbridge.AwtEnvironment$2.run(AwtEnvironment.java:166) ~[com.st.stm32cube.common.mx.oss_6.11.1.202404110753/:?]
	at java.awt.event.InvocationEvent.dispatch(InvocationEvent.java:318) ~[?:?]
	at java.awt.EventQueue.dispatchEventImpl(EventQueue.java:773) ~[?:?]
	at java.awt.EventQueue$4.run(EventQueue.java:720) ~[?:?]
	at java.awt.EventQueue$4.run(EventQueue.java:714) ~[?:?]
	at java.security.AccessController.doPrivileged(AccessController.java:399) ~[?:?]
	at java.security.ProtectionDomain$JavaSecurityAccessImpl.doIntersectionPrivilege(ProtectionDomain.java:86) ~[?:?]
	at java.awt.EventQueue.dispatchEvent(EventQueue.java:742) ~[?:?]
	at java.awt.EventDispatchThread.pumpOneEventForFilters(EventDispatchThread.java:203) ~[?:?]
	at java.awt.EventDispatchThread.pumpEventsForFilter(EventDispatchThread.java:124) ~[?:?]
	at java.awt.EventDispatchThread.pumpEventsForHierarchy(EventDispatchThread.java:113) ~[?:?]
	at java.awt.EventDispatchThread.pumpEvents(EventDispatchThread.java:109) ~[?:?]
	at java.awt.EventDispatchThread.pumpEvents(EventDispatchThread.java:101) ~[?:?]
	at java.awt.EventDispatchThread.run(EventDispatchThread.java:90) ~[?:?]
2024-11-11 23:58:38,962 [WARN] ThirdParty:871 - waiting for thirdparty lock release [close project]
2024-11-11 23:58:38,962 [INFO] ThirdParty:873 - entering critical section [close project]
2024-11-11 23:58:38,962 [INFO] ThirdParty:883 - exiting critical section [close project]
2024-11-11 23:58:38,964 [INFO] PinOutPanel:1561 - setPackage(No Configuration,No Configuration)
2024-11-11 23:58:38,966 [INFO] UtilMem:75 - Begin LoadConfig() Used Memory: 844822064 Bytes (1073741824)
2024-11-11 23:58:38,967 [INFO] MicroXplorer:468 - Change Database Path : 
2024-11-11 23:58:38,967 [INFO] MicroXplorer:498 - Change Database Version : DB.6.0.111
2024-11-11 23:58:38,967 [INFO] OpenFileManager:312 - Change cursor
2024-11-11 23:58:38,972 [INFO] RulesReader:64 - Compatibility file has been processed (297 Rules)
2024-11-11 23:58:38,974 [INFO] Mcu:2021 - Initializing MCU STM32G474R(B-C-E)Tx STM32G474RETx STM32G474RET6
2024-11-11 23:58:41,540 [INFO] Context:663 - Trying to add GPIOservice into a context  which must be forbidden
2024-11-11 23:58:42,527 [INFO] RtosManager:555 - Registered RTOS mode: class=CMSIS, group=RTOS, mode=CMSIS_V1, owner=FREERTOS
2024-11-11 23:58:42,527 [INFO] RtosManager:555 - Registered RTOS mode: class=CMSIS, group=RTOS2, mode=CMSIS_V2, owner=FREERTOS
2024-11-11 23:58:42,527 [INFO] RtosManager:555 - Registered RTOS mode: class=RTOS, group=Core, mode=CMSIS_V1, owner=FREERTOS
2024-11-11 23:58:42,527 [INFO] RtosManager:555 - Registered RTOS mode: class=RTOS, group=Core, mode=CMSIS_V2, owner=FREERTOS
2024-11-11 23:58:42,527 [WARN] ModelIntegratedComponent:184 - Missing modes for component STMicroelectronics:FreeRTOS:0.0.1:STMicroelectronics:RTOS:FreeRTOS:Core:::10.2.0:
2024-11-11 23:58:42,534 [WARN] ModelIntegratedComponent:63 - No mode defined for component null
2024-11-11 23:58:42,534 [WARN] ModelIntegratedComponent:63 - No mode defined for component null
2024-11-11 23:58:42,534 [WARN] ModelIntegratedComponent:63 - No mode defined for component null
2024-11-11 23:58:42,534 [WARN] ModelIntegratedComponent:63 - No mode defined for component null
2024-11-11 23:58:42,534 [WARN] ModelIntegratedComponent:63 - No mode defined for component null
2024-11-11 23:58:42,534 [WARN] ModelIntegratedComponent:63 - No mode defined for component null
2024-11-11 23:58:42,534 [WARN] ModelIntegratedComponent:63 - No mode defined for component null
2024-11-11 23:58:42,534 [WARN] ModelIntegratedComponent:63 - No mode defined for component null
2024-11-11 23:58:42,534 [WARN] ModelIntegratedComponent:63 - No mode defined for component null
2024-11-11 23:58:42,534 [WARN] ModelIntegratedComponent:63 - No mode defined for component null
2024-11-11 23:58:42,534 [WARN] ModelIntegratedComponent:63 - No mode defined for component null
2024-11-11 23:58:42,534 [WARN] ModelIntegratedComponent:63 - No mode defined for component null
2024-11-11 23:58:42,534 [WARN] ModelIntegratedComponent:63 - No mode defined for component null
2024-11-11 23:58:42,534 [WARN] ModelIntegratedComponent:63 - No mode defined for component null
2024-11-11 23:58:42,534 [WARN] ModelIntegratedComponent:63 - No mode defined for component null
2024-11-11 23:58:42,534 [WARN] ModelIntegratedComponent:63 - No mode defined for component null
2024-11-11 23:58:42,534 [WARN] ModelIntegratedComponent:63 - No mode defined for component null
2024-11-11 23:58:42,534 [WARN] ModelIntegratedComponent:63 - No mode defined for component null
2024-11-11 23:58:42,534 [WARN] ModelIntegratedComponent:63 - No mode defined for component null
2024-11-11 23:58:42,534 [WARN] ModelIntegratedComponent:63 - No mode defined for component null
2024-11-11 23:58:42,534 [WARN] ModelIntegratedComponent:63 - No mode defined for component null
2024-11-11 23:58:42,534 [WARN] ModelIntegratedComponent:63 - No mode defined for component null
2024-11-11 23:58:42,534 [WARN] ModelIntegratedComponent:63 - No mode defined for component null
2024-11-11 23:58:42,534 [WARN] ModelIntegratedComponent:63 - No mode defined for component null
2024-11-11 23:58:42,534 [WARN] ModelIntegratedComponent:63 - No mode defined for component null
2024-11-11 23:58:42,534 [WARN] ModelIntegratedComponent:63 - No mode defined for component null
2024-11-11 23:58:42,534 [WARN] ModelIntegratedComponent:63 - No mode defined for component null
2024-11-11 23:58:42,534 [WARN] ModelIntegratedComponent:63 - No mode defined for component null
2024-11-11 23:58:42,534 [WARN] ModelIntegratedComponent:63 - No mode defined for component null
2024-11-11 23:58:42,534 [WARN] ModelIntegratedComponent:63 - No mode defined for component null
2024-11-11 23:58:42,534 [WARN] ModelIntegratedComponent:63 - No mode defined for component null
2024-11-11 23:58:42,534 [WARN] ModelIntegratedComponent:63 - No mode defined for component null
2024-11-11 23:58:42,534 [WARN] ModelIntegratedComponent:63 - No mode defined for component null
2024-11-11 23:58:42,534 [WARN] ModelIntegratedComponent:63 - No mode defined for component null
2024-11-11 23:58:42,689 [INFO] ThirdPartyModel:298 - Start build external matchings
2024-11-11 23:58:45,262 [INFO] ThirdPartyModel:316 - End build external matchings
2024-11-11 23:58:45,295 [INFO] ImportTextPane:194 - (OptionalMessage_ERROR) IP (ADC1) : Parameter (CommonPathInternal) has invalid value (null|null|null|null)
2024-11-11 23:58:45,295 [INFO] ImportTextPane:194 - (OptionalMessage_ERROR) IP (ADC3) : Parameter (CommonPathInternal) has invalid value (null|null|null|null)
2024-11-11 23:58:45,295 [INFO] ImportTextPane:194 - (OptionalMessage_ERROR) IP (ADC5) : Parameter (CommonPathInternal) has invalid value (null|ADC_CHANNEL_TEMPSENSOR_ADC1|null|null)
2024-11-11 23:58:45,579 [INFO] UtilMem:75 - End LoadConfig() Used Memory: 924783520 Bytes (1073741824)
2024-11-11 23:58:45,644 [WARN] ThirdParty:833 - waiting for thirdparty lock release [change project]
2024-11-11 23:58:45,644 [INFO] ThirdParty:835 - entering critical section [change project]
2024-11-11 23:58:45,644 [INFO] ThirdParty:1030 - CMSIS Pack Vendor :STMicroelectronics USBPD 4.1
2024-11-11 23:58:45,644 [INFO] ThirdParty:1030 - CMSIS Pack Vendor :STMicroelectronics X-CUBE-GNSS1 6.0.0
2024-11-11 23:58:45,644 [INFO] ThirdParty:1030 - CMSIS Pack Vendor :STMicroelectronics USB_HOST 2.0.0
2024-11-11 23:58:45,644 [INFO] ThirdParty:1030 - CMSIS Pack Vendor :STMicroelectronics FP-SNS-MOTENVWB1 1.4.0
2024-11-11 23:58:45,644 [INFO] ThirdParty:1030 - CMSIS Pack Vendor :STMicroelectronics X-CUBE-AZRTOS-F4 1.1.0
2024-11-11 23:58:45,644 [INFO] ThirdParty:1030 - CMSIS Pack Vendor :STMicroelectronics LIBJPEG 8.0.0
2024-11-11 23:58:45,644 [INFO] ThirdParty:1030 - CMSIS Pack Vendor :STMicroelectronics X-CUBE-SMBUS 2.1.0
2024-11-11 23:58:45,644 [INFO] ThirdParty:1030 - CMSIS Pack Vendor :STMicroelectronics X-CUBE-WB05N 1.1.0
2024-11-11 23:58:45,644 [INFO] ThirdParty:1030 - CMSIS Pack Vendor :STMicroelectronics X-CUBE-ISPU 2.1.0
2024-11-11 23:58:45,644 [INFO] ThirdParty:1030 - CMSIS Pack Vendor :STMicroelectronics X-CUBE-FREERTOS 1.2.0
2024-11-11 23:58:45,644 [INFO] ThirdParty:1030 - CMSIS Pack Vendor :STMicroelectronics X-CUBE-TOUCHGFX 4.23.1
2024-11-11 23:58:45,644 [INFO] ThirdParty:1030 - CMSIS Pack Vendor :STMicroelectronics X-CUBE-TOUCHGFX 4.23.0
2024-11-11 23:58:45,644 [INFO] ThirdParty:1030 - CMSIS Pack Vendor :STMicroelectronics X-CUBE-BLEMGR 1.2.0
2024-11-11 23:58:45,644 [INFO] ThirdParty:1030 - CMSIS Pack Vendor :STMicroelectronics X-CUBE-TOUCHGFX 4.23.2
2024-11-11 23:58:45,644 [INFO] ThirdParty:1030 - CMSIS Pack Vendor :STMicroelectronics X-CUBE-AZRTOS-F7 1.1.0
2024-11-11 23:58:45,644 [INFO] ThirdParty:1030 - CMSIS Pack Vendor :STMicroelectronics X-CUBE-AZRTOS-L5 2.0.0
2024-11-11 23:58:45,644 [INFO] ThirdParty:1030 - CMSIS Pack Vendor :STMicroelectronics USB_DEVICE 2.0.0
2024-11-11 23:58:45,644 [INFO] ThirdParty:1030 - CMSIS Pack Vendor :STMicroelectronics X-CUBE-MEMS1 9.6.0
2024-11-11 23:58:45,644 [INFO] ThirdParty:1030 - CMSIS Pack Vendor :STMicroelectronics X-CUBE-EEPRMA1 4.2.0
2024-11-11 23:58:45,644 [INFO] ThirdParty:1030 - CMSIS Pack Vendor :STMicroelectronics X-CUBE-NFC6 3.1.0
2024-11-11 23:58:45,644 [INFO] ThirdParty:1030 - CMSIS Pack Vendor :ITTIA_DB I-CUBE-ITTIADB 8.8.0
2024-11-11 23:58:45,644 [INFO] ThirdParty:1030 - CMSIS Pack Vendor :STMicroelectronics FP-SNS-MOTENV1 4.3.0
2024-11-11 23:58:45,644 [INFO] ThirdParty:1030 - CMSIS Pack Vendor :STMicroelectronics FP-SNS-MOTENV1 4.3.2
2024-11-11 23:58:45,644 [INFO] ThirdParty:1030 - CMSIS Pack Vendor :STMicroelectronics FP-SNS-FLIGHT1 5.0.0
2024-11-11 23:58:45,644 [INFO] ThirdParty:1030 - CMSIS Pack Vendor :STMicroelectronics FP-SNS-MOTENV1 4.3.1
2024-11-11 23:58:45,644 [INFO] ThirdParty:1030 - CMSIS Pack Vendor :STMicroelectronics FP-SNS-FLIGHT1 5.0.1
2024-11-11 23:58:45,644 [INFO] ThirdParty:1030 - CMSIS Pack Vendor :STMicroelectronics X-CUBE-BLE1 6.2.3
2024-11-11 23:58:45,644 [INFO] ThirdParty:1030 - CMSIS Pack Vendor :STMicroelectronics X-CUBE-MEMS1 11.0.0
2024-11-11 23:58:45,644 [INFO] ThirdParty:1030 - CMSIS Pack Vendor :STMicroelectronics X-CUBE-BLE1 6.2.4
2024-11-11 23:58:45,644 [INFO] ThirdParty:1030 - CMSIS Pack Vendor :STMicroelectronics FreeRTOS 0.0.1
2024-11-11 23:58:45,644 [INFO] ThirdParty:1030 - CMSIS Pack Vendor :STMicroelectronics X-CUBE-BLEMGR 2.0.0
2024-11-11 23:58:45,644 [INFO] ThirdParty:1030 - CMSIS Pack Vendor :STMicroelectronics X-CUBE-DPower 1.2.0
2024-11-11 23:58:45,644 [INFO] ThirdParty:1030 - CMSIS Pack Vendor :STMicroelectronics FP-SNS-FLIGHT1 5.0.2
2024-11-11 23:58:45,644 [INFO] ThirdParty:1030 - CMSIS Pack Vendor :STMicroelectronics X-CUBE-NFC4 2.0.4
2024-11-11 23:58:45,644 [INFO] ThirdParty:1030 - CMSIS Pack Vendor :STMicroelectronics X-CUBE-AI 9.0.0
2024-11-11 23:58:45,644 [INFO] ThirdParty:1030 - CMSIS Pack Vendor :STMicroelectronics X-CUBE-AZRTOS-H7 3.1.0
2024-11-11 23:58:45,644 [INFO] ThirdParty:1030 - CMSIS Pack Vendor :STMicroelectronics PDM2PCM 3.3.0
2024-11-11 23:58:45,644 [INFO] ThirdParty:1030 - CMSIS Pack Vendor :STMicroelectronics X-CUBE-TOF1 3.1.0
2024-11-11 23:58:45,645 [INFO] ThirdParty:1030 - CMSIS Pack Vendor :STMicroelectronics X-CUBE-DISPLAY 3.0.0
2024-11-11 23:58:45,645 [INFO] ThirdParty:1030 - CMSIS Pack Vendor :STMicroelectronics X-CUBE-BLE1 7.0.0
2024-11-11 23:58:45,645 [INFO] ThirdParty:1030 - CMSIS Pack Vendor :STMicroelectronics X-CUBE-NFC10 1.0.0
2024-11-11 23:58:45,645 [INFO] ThirdParty:1030 - CMSIS Pack Vendor :wolfSSL I-CUBE-wolfSSL 5.5.0
2024-11-11 23:58:45,645 [INFO] ThirdParty:1030 - CMSIS Pack Vendor :STMicroelectronics HAL Drivers 0.0.0
2024-11-11 23:58:45,645 [INFO] ThirdParty:1030 - CMSIS Pack Vendor :STMicroelectronics X-CUBE-TOUCHGFX 4.22.0
2024-11-11 23:58:45,645 [INFO] ThirdParty:1030 - CMSIS Pack Vendor :STMicroelectronics X-CUBE-NFC7 1.0.1
2024-11-11 23:58:45,645 [INFO] ThirdParty:1030 - CMSIS Pack Vendor :STMicroelectronics MBEDTLS 2.14.1
2024-11-11 23:58:45,645 [INFO] ThirdParty:1030 - CMSIS Pack Vendor :STMicroelectronics X-CUBE-NFC7 1.0.0
2024-11-11 23:58:45,645 [INFO] ThirdParty:1030 - CMSIS Pack Vendor :wolfSSL I-CUBE-wolfTPM 3.2.0
2024-11-11 23:58:45,645 [INFO] ThirdParty:1030 - CMSIS Pack Vendor :STMicroelectronics X-CUBE-NFC6 3.0.0
2024-11-11 23:58:45,645 [INFO] ThirdParty:1030 - CMSIS Pack Vendor :STMicroelectronics X-CUBE-MEMS1 9.3.0
2024-11-11 23:58:45,645 [INFO] ThirdParty:1030 - CMSIS Pack Vendor :STMicroelectronics X-CUBE-EEPRMA1 4.1.0
2024-11-11 23:58:45,645 [INFO] ThirdParty:1030 - CMSIS Pack Vendor :STMicroelectronics X-CUBE-AI 7.2.0
2024-11-11 23:58:45,645 [INFO] ThirdParty:1030 - CMSIS Pack Vendor :STMicroelectronics X-CUBE-BLEMGR 3.1.0
2024-11-11 23:58:45,645 [INFO] ThirdParty:1030 - CMSIS Pack Vendor :STMicroelectronics FP-SNS-SMARTAG2 1.2.0
2024-11-11 23:58:45,645 [INFO] ThirdParty:1030 - CMSIS Pack Vendor :STMicroelectronics X-CUBE-AZRTOS-WL 2.0.0
2024-11-11 23:58:45,645 [INFO] ThirdParty:1030 - CMSIS Pack Vendor :STMicroelectronics FP-SNS-MOTENV1 5.0.0
2024-11-11 23:58:45,645 [INFO] ThirdParty:1030 - CMSIS Pack Vendor :STMicroelectronics USB_DEVICE 1.0.0
2024-11-11 23:58:45,645 [INFO] ThirdParty:1030 - CMSIS Pack Vendor :STMicroelectronics X-CUBE-AI 8.1.0
2024-11-11 23:58:45,645 [INFO] ThirdParty:1030 - CMSIS Pack Vendor :wolfSSL I-CUBE-wolfMQTT 1.19.0
2024-11-11 23:58:45,645 [INFO] ThirdParty:1030 - CMSIS Pack Vendor :STMicroelectronics X-CUBE-AZRTOS-L4 2.0.0
2024-11-11 23:58:45,645 [INFO] ThirdParty:1030 - CMSIS Pack Vendor :STMicroelectronics ThreadX 0.0.2
2024-11-11 23:58:45,645 [INFO] ThirdParty:1030 - CMSIS Pack Vendor :WES I-CUBE-Cesium 1.3.0
2024-11-11 23:58:45,645 [INFO] ThirdParty:1030 - CMSIS Pack Vendor :STMicroelectronics lwIP 2.1.2
2024-11-11 23:58:45,646 [INFO] ThirdParty:1030 - CMSIS Pack Vendor :STMicroelectronics X-CUBE-SFXS2LP1 4.0.0
2024-11-11 23:58:45,646 [INFO] ThirdParty:1030 - CMSIS Pack Vendor :STMicroelectronics X-CUBE-BLE2 3.3.0
2024-11-11 23:58:45,646 [INFO] ThirdParty:1030 - CMSIS Pack Vendor :STMicroelectronics X-CUBE-DISPLAY 2.2.0
2024-11-11 23:58:45,646 [INFO] ThirdParty:1030 - CMSIS Pack Vendor :STMicroelectronics X-CUBE-TOF1 3.2.0
2024-11-11 23:58:45,646 [INFO] ThirdParty:1030 - CMSIS Pack Vendor :STMicroelectronics PDM2PCM 3.2.0
2024-11-11 23:58:45,646 [INFO] ThirdParty:1030 - CMSIS Pack Vendor :STMicroelectronics X-CUBE-AZRTOS-H7 3.0.0
2024-11-11 23:58:45,646 [INFO] ThirdParty:1030 - CMSIS Pack Vendor :STMicroelectronics X-CUBE-ISPU 1.0.0
2024-11-11 23:58:45,646 [INFO] ThirdParty:1030 - CMSIS Pack Vendor :STMicroelectronics X-CUBE-ISPU 1.1.0
2024-11-11 23:58:45,646 [INFO] ThirdParty:1030 - CMSIS Pack Vendor :STMicroelectronics X-CUBE-AZRTOS-H7 3.3.0
2024-11-11 23:58:45,646 [INFO] ThirdParty:1030 - CMSIS Pack Vendor :RoweBots I-CUBE-UNISONRTOS 5.5.0-4
2024-11-11 23:58:45,646 [INFO] ThirdParty:1030 - CMSIS Pack Vendor :STMicroelectronics X-CUBE-NFC9 1.0.0
2024-11-11 23:58:45,646 [INFO] ThirdParty:1030 - CMSIS Pack Vendor :STMicroelectronics X-CUBE-AZRTOS-H7 2.1.0
2024-11-11 23:58:45,646 [INFO] ThirdParty:1030 - CMSIS Pack Vendor :STMicroelectronics USB_DEVICE 3.0.0
2024-11-11 23:58:45,646 [INFO] ThirdParty:1030 - CMSIS Pack Vendor :STMicroelectronics X-CUBE-TCPP 4.1.0
2024-11-11 23:58:45,646 [INFO] ThirdParty:1030 - CMSIS Pack Vendor :STMicroelectronics X-CUBE-AI 8.0.0
2024-11-11 23:58:45,646 [INFO] ThirdParty:1030 - CMSIS Pack Vendor :STMicroelectronics X-CUBE-IPS 3.0.0
2024-11-11 23:58:45,646 [INFO] ThirdParty:1030 - CMSIS Pack Vendor :STMicroelectronics X-CUBE-AZRTOS-WB 2.0.0
2024-11-11 23:58:45,646 [INFO] ThirdParty:1030 - CMSIS Pack Vendor :STMicroelectronics X-CUBE-FREERTOS 1.0.0
2024-11-11 23:58:45,646 [INFO] ThirdParty:1030 - CMSIS Pack Vendor :STMicroelectronics X-CUBE-FREERTOS 1.0.1
2024-11-11 23:58:45,646 [INFO] ThirdParty:1030 - CMSIS Pack Vendor :STMicroelectronics X-CUBE-TOUCHGFX 4.21.1
2024-11-11 23:58:45,646 [INFO] ThirdParty:1030 - CMSIS Pack Vendor :STMicroelectronics X-CUBE-GNSS1 7.0.0
2024-11-11 23:58:45,646 [INFO] ThirdParty:1030 - CMSIS Pack Vendor :STMicroelectronics X-CUBE-TOUCHGFX 4.21.3
2024-11-11 23:58:45,646 [INFO] ThirdParty:1030 - CMSIS Pack Vendor :STMicroelectronics X-CUBE-BLEMGR 1.0.0
2024-11-11 23:58:45,646 [INFO] ThirdParty:1030 - CMSIS Pack Vendor :STMicroelectronics X-CUBE-TOUCHGFX 4.21.4
2024-11-11 23:58:45,646 [INFO] ThirdParty:1030 - CMSIS Pack Vendor :STMicroelectronics X-CUBE-MEMS1 9.4.0
2024-11-11 23:58:45,646 [INFO] ThirdParty:1030 - CMSIS Pack Vendor :STMicroelectronics X-CUBE-AI 7.3.0
2024-11-11 23:58:45,646 [INFO] ThirdParty:1030 - CMSIS Pack Vendor :STMicroelectronics FP-SNS-STBOX1 2.0.0
2024-11-11 23:58:45,646 [INFO] ThirdParty:1030 - CMSIS Pack Vendor :STMicroelectronics X-CUBE-ALGOBUILD 1.3.0
2024-11-11 23:58:45,646 [INFO] ThirdParty:1030 - CMSIS Pack Vendor :STMicroelectronics X-CUBE-AZRTOS-L5 1.1.0
2024-11-11 23:58:45,646 [INFO] ThirdParty:1030 - CMSIS Pack Vendor :STMicroelectronics X-CUBE-AZRTOS-G0 1.1.0
2024-11-11 23:58:45,646 [INFO] ThirdParty:1030 - CMSIS Pack Vendor :STMicroelectronics X-CUBE-AI 8.0.1
2024-11-11 23:58:45,646 [INFO] ThirdParty:1030 - CMSIS Pack Vendor :STMicroelectronics X-CUBE-SAFEA1 1.2.2
2024-11-11 23:58:45,646 [INFO] ThirdParty:1030 - CMSIS Pack Vendor :STMicroelectronics X-CUBE-NFC4 3.0.0
2024-11-11 23:58:45,646 [INFO] ThirdParty:1030 - CMSIS Pack Vendor :SEGGER I-CUBE-embOS 1.2.0
2024-11-11 23:58:45,646 [INFO] ThirdParty:1030 - CMSIS Pack Vendor :STMicroelectronics X-CUBE-SUBG2 5.0.0
2024-11-11 23:58:45,646 [INFO] ThirdParty:1030 - CMSIS Pack Vendor :STMicroelectronics STM32_WPAN 1.0.0
2024-11-11 23:58:45,646 [INFO] ThirdParty:1030 - CMSIS Pack Vendor :EmbeddedOffice I-CUBE-FS-RTOS 1.0.1
2024-11-11 23:58:45,646 [INFO] ThirdParty:1030 - CMSIS Pack Vendor :STMicroelectronics lwIP 2.0.3
2024-11-11 23:58:45,646 [INFO] ThirdParty:1030 - CMSIS Pack Vendor :STMicroelectronics USB_HOST 1.0.0
2024-11-11 23:58:45,646 [INFO] ThirdParty:1030 - CMSIS Pack Vendor :STMicroelectronics X-CUBE-TOF1 3.3.1
2024-11-11 23:58:45,646 [INFO] ThirdParty:1030 - CMSIS Pack Vendor :STMicroelectronics X-CUBE-AZRTOS-G4 2.0.0
2024-11-11 23:58:45,646 [INFO] ThirdParty:1030 - CMSIS Pack Vendor :STMicroelectronics PDM2PCM 3.1.0
2024-11-11 23:58:45,646 [INFO] ThirdParty:1030 - CMSIS Pack Vendor :STMicroelectronics X-CUBE-TOF1 3.3.0
2024-11-11 23:58:45,646 [INFO] ThirdParty:1030 - CMSIS Pack Vendor :STMicroelectronics FP-ATR-ASTRA1 1.1.1
2024-11-11 23:58:45,646 [INFO] ThirdParty:1030 - CMSIS Pack Vendor :Infineon AIROC-Wi-Fi-Bluetooth-STM32 1.5.1
2024-11-11 23:58:45,646 [INFO] ThirdParty:1030 - CMSIS Pack Vendor :STMicroelectronics X-CUBE-BLEMGR 3.0.0
2024-11-11 23:58:45,647 [INFO] ThirdParty:1030 - CMSIS Pack Vendor :STMicroelectronics X-CUBE-BLEMGR 1.3.0
2024-11-11 23:58:45,647 [INFO] ThirdParty:1030 - CMSIS Pack Vendor :RealThread X-CUBE-RT-Thread_Nano 4.1.1
2024-11-11 23:58:45,647 [INFO] ThirdParty:1030 - CMSIS Pack Vendor :STMicroelectronics FP-SNS-MOTENVWB1 1.3.1
2024-11-11 23:58:45,647 [INFO] ThirdParty:1030 - CMSIS Pack Vendor :STMicroelectronics FP-ATR-SIGFOX1 3.2.0
2024-11-11 23:58:45,647 [INFO] ThirdParty:1030 - CMSIS Pack Vendor :STMicroelectronics X-CUBE-AZRTOS-G4 1.0.0
2024-11-11 23:58:45,647 [INFO] ThirdParty:1030 - CMSIS Pack Vendor :STMicroelectronics X-CUBE-AZRTOS-L4 1.0.0
2024-11-11 23:58:45,647 [INFO] ThirdParty:1030 - CMSIS Pack Vendor :STMicroelectronics X-CUBE-ISPU 2.0.0
2024-11-11 23:58:45,647 [INFO] ThirdParty:1030 - CMSIS Pack Vendor :STMicroelectronics X-CUBE-EEPRMA1 5.1.0
2024-11-11 23:58:45,647 [INFO] ThirdParty:1030 - CMSIS Pack Vendor :STMicroelectronics MBEDTLS 2.16.2
2024-11-11 23:58:45,647 [INFO] ThirdParty:1030 - CMSIS Pack Vendor :STMicroelectronics X-CUBE-ALS 1.0.2
2024-11-11 23:58:45,647 [INFO] ThirdParty:1030 - CMSIS Pack Vendor :emotas I-CUBE-CANOPEN 1.1.2
2024-11-11 23:58:45,647 [INFO] ThirdParty:1030 - CMSIS Pack Vendor :STMicroelectronics X-CUBE-TOUCHGFX 4.20.0
2024-11-11 23:58:45,647 [INFO] ThirdParty:1030 - CMSIS Pack Vendor :STMicroelectronics X-CUBE-MEMS1 10.0.0
2024-11-11 23:58:45,647 [INFO] ThirdParty:1030 - CMSIS Pack Vendor :STMicroelectronics X-CUBE-FREERTOS 1.1.0
2024-11-11 23:58:45,647 [INFO] ThirdParty:1030 - CMSIS Pack Vendor :STMicroelectronics X-CUBE-TOUCHGFX 4.24.0
2024-11-11 23:58:45,647 [INFO] ThirdParty:1030 - CMSIS Pack Vendor :STMicroelectronics X-CUBE-AZRTOS-WL 1.0.0
2024-11-11 23:58:45,647 [INFO] ThirdParty:1030 - CMSIS Pack Vendor :STMicroelectronics X-CUBE-TOUCHGFX 4.24.1
2024-11-11 23:58:45,647 [INFO] ThirdParty:1030 - CMSIS Pack Vendor :portGmbH I-Cube-SoM-uGOAL 1.1.0
2024-11-11 23:58:45,647 [INFO] ThirdParty:1030 - CMSIS Pack Vendor :STMicroelectronics X-CUBE-ALS 1.0.1
2024-11-11 23:58:45,647 [INFO] ThirdParty:1030 - CMSIS Pack Vendor :STMicroelectronics X-CUBE-MEMS1 9.5.0
2024-11-11 23:58:45,647 [INFO] ThirdParty:1030 - CMSIS Pack Vendor :STMicroelectronics ThreadX 1.0.0
2024-11-11 23:58:45,647 [INFO] ThirdParty:1030 - CMSIS Pack Vendor :STMicroelectronics X-CUBE-AZRTOS-WB 1.1.0
2024-11-11 23:58:45,647 [INFO] ThirdParty:1030 - CMSIS Pack Vendor :SEGGER I-CUBE-embOS 1.3.1
2024-11-11 23:58:45,647 [INFO] ThirdParty:1030 - CMSIS Pack Vendor :STMicroelectronics X-CUBE-ALGOBUILD 1.4.0
2024-11-11 23:58:45,647 [INFO] ThirdParty:1030 - CMSIS Pack Vendor :STMicroelectronics X-CUBE-AZRTOS-L5 1.0.0
2024-11-11 23:58:45,647 [INFO] ThirdParty:1030 - CMSIS Pack Vendor :STMicroelectronics X-CUBE-EEPRMA1 3.1.1
2024-11-11 23:58:45,647 [INFO] ThirdParty:1030 - CMSIS Pack Vendor :STMicroelectronics X-CUBE-AZRTOS-H7RS 1.0.0
2024-11-11 23:58:45,647 [INFO] ThirdParty:1030 - CMSIS Pack Vendor :STMicroelectronics FP-ATR-ASTRA1 2.0.0
2024-11-11 23:58:45,647 [INFO] ThirdParty:1030 - CMSIS Pack Vendor :STMicroelectronics X-CUBE-TOF1 3.4.2
2024-11-11 23:58:45,647 [INFO] ThirdParty:1030 - CMSIS Pack Vendor :STMicroelectronics X-CUBE-AI 9.1.0
2024-11-11 23:58:45,647 [INFO] ThirdParty:1030 - CMSIS Pack Vendor :STMicroelectronics X-CUBE-TOF1 3.4.0
2024-11-11 23:58:45,647 [INFO] ThirdParty:1030 - CMSIS Pack Vendor :STMicroelectronics X-CUBE-TOF1 3.4.1
2024-11-11 23:58:45,647 [INFO] ThirdParty:1030 - CMSIS Pack Vendor :STMicroelectronics X-CUBE-AZRTOS-H7 3.2.0
2024-11-11 23:58:45,647 [INFO] ThirdParty:1030 - CMSIS Pack Vendor :wolfSSL I-CUBE-wolfSSH 1.4.17
2024-11-11 23:58:45,647 [INFO] ThirdParty:841 - exiting critical section [change project]
2024-11-11 23:58:45,801 [INFO] PinOutPanel:1561 - setPackage(No Configuration,No Configuration)
2024-11-11 23:58:45,801 [INFO] PinOutPanel:1561 - setPackage(STM32G474RETx,LQFP64)
2024-11-11 23:58:45,898 [INFO] UtilMem:75 - Before build in PCC Used Memory: 836769952 Bytes (1073741824)
2024-11-11 23:58:46,018 [INFO] UtilMem:75 - After build in PCC Used Memory: 894410784 Bytes (1073741824)
2024-11-11 23:58:46,039 [INFO] IPUIPlugin:80 - create IPUIPlugin
2024-11-11 23:58:46,039 [INFO] IPUIPlugin:80 - create IPUIPlugin
2024-11-11 23:58:46,039 [INFO] IPUIPlugin:80 - create IPUIPlugin
2024-11-11 23:58:46,039 [INFO] IPUIPlugin:80 - create IPUIPlugin
2024-11-11 23:58:46,039 [INFO] IPUIPlugin:80 - create IPUIPlugin
2024-11-11 23:58:46,039 [INFO] IPUIPlugin:80 - create IPUIPlugin
2024-11-11 23:58:46,040 [INFO] IPUIPlugin:80 - create IPUIPlugin
2024-11-11 23:58:46,040 [INFO] IPUIPlugin:80 - create IPUIPlugin
2024-11-11 23:58:46,040 [INFO] IPUIPlugin:80 - create IPUIPlugin
2024-11-11 23:58:46,040 [INFO] IPUIPlugin:80 - create IPUIPlugin
2024-11-11 23:58:46,040 [INFO] IPUIPlugin:80 - create IPUIPlugin
2024-11-11 23:58:46,040 [INFO] IPUIPlugin:80 - create IPUIPlugin
2024-11-11 23:58:46,040 [INFO] IPUIPlugin:80 - create IPUIPlugin
2024-11-11 23:58:46,040 [INFO] IPUIPlugin:80 - create IPUIPlugin
2024-11-11 23:58:46,040 [INFO] IPUIPlugin:80 - create IPUIPlugin
2024-11-11 23:58:46,040 [INFO] IPUIPlugin:80 - create IPUIPlugin
2024-11-11 23:58:46,040 [INFO] IPUIPlugin:80 - create IPUIPlugin
2024-11-11 23:58:46,040 [INFO] IPUIPlugin:80 - create IPUIPlugin
2024-11-11 23:58:46,040 [INFO] IPUIPlugin:80 - create IPUIPlugin
2024-11-11 23:58:46,040 [INFO] IPUIPlugin:80 - create IPUIPlugin
2024-11-11 23:58:46,040 [INFO] IPUIPlugin:80 - create IPUIPlugin
2024-11-11 23:58:46,040 [INFO] IPUIPlugin:80 - create IPUIPlugin
2024-11-11 23:58:46,040 [INFO] IPUIPlugin:80 - create IPUIPlugin
2024-11-11 23:58:46,041 [INFO] IPUIPlugin:80 - create IPUIPlugin
2024-11-11 23:58:46,041 [INFO] IPUIPlugin:80 - create IPUIPlugin
2024-11-11 23:58:46,041 [INFO] IPUIPlugin:80 - create IPUIPlugin
2024-11-11 23:58:46,041 [INFO] IPUIPlugin:80 - create IPUIPlugin
2024-11-11 23:58:46,041 [INFO] IPUIPlugin:80 - create IPUIPlugin
2024-11-11 23:58:46,041 [INFO] IPUIPlugin:80 - create IPUIPlugin
2024-11-11 23:58:46,041 [INFO] IPUIPlugin:80 - create IPUIPlugin
2024-11-11 23:58:46,041 [INFO] IPUIPlugin:80 - create IPUIPlugin
2024-11-11 23:58:46,041 [INFO] IPUIPlugin:80 - create IPUIPlugin
2024-11-11 23:58:46,041 [INFO] IPUIPlugin:80 - create IPUIPlugin
2024-11-11 23:58:46,041 [INFO] IPUIPlugin:80 - create IPUIPlugin
2024-11-11 23:58:46,041 [INFO] IPUIPlugin:80 - create IPUIPlugin
2024-11-11 23:58:46,042 [INFO] IPUIPlugin:80 - create IPUIPlugin
2024-11-11 23:58:46,042 [INFO] IPUIPlugin:80 - create IPUIPlugin
2024-11-11 23:58:46,042 [INFO] IPUIPlugin:80 - create IPUIPlugin
2024-11-11 23:58:46,042 [INFO] IPUIPlugin:80 - create IPUIPlugin
2024-11-11 23:58:46,042 [INFO] IPUIPlugin:80 - create IPUIPlugin
2024-11-11 23:58:46,042 [INFO] IPUIPlugin:80 - create IPUIPlugin
2024-11-11 23:58:46,042 [INFO] IPUIPlugin:80 - create IPUIPlugin
2024-11-11 23:58:46,043 [INFO] IPUIPlugin:80 - create IPUIPlugin
2024-11-11 23:58:46,043 [INFO] IPUIPlugin:80 - create IPUIPlugin
2024-11-11 23:58:46,043 [INFO] IPUIPlugin:80 - create IPUIPlugin
2024-11-11 23:58:46,043 [INFO] IPUIPlugin:80 - create IPUIPlugin
2024-11-11 23:58:46,044 [INFO] IPUIPlugin:80 - create IPUIPlugin
2024-11-11 23:58:46,044 [INFO] IPUIPlugin:80 - create IPUIPlugin
2024-11-11 23:58:46,044 [INFO] IPUIPlugin:80 - create IPUIPlugin
2024-11-11 23:58:46,044 [INFO] IPUIPlugin:80 - create IPUIPlugin
2024-11-11 23:58:46,044 [INFO] IPUIPlugin:80 - create IPUIPlugin
2024-11-11 23:58:46,044 [INFO] IPUIPlugin:80 - create IPUIPlugin
2024-11-11 23:58:46,044 [INFO] IPUIPlugin:80 - create IPUIPlugin
2024-11-11 23:58:46,044 [INFO] IPUIPlugin:80 - create IPUIPlugin
2024-11-11 23:58:46,044 [INFO] IPUIPlugin:80 - create IPUIPlugin
2024-11-11 23:58:46,044 [INFO] IPUIPlugin:80 - create IPUIPlugin
2024-11-11 23:58:46,045 [INFO] IPUIPlugin:80 - create IPUIPlugin
2024-11-11 23:58:46,045 [INFO] IPUIPlugin:80 - create IPUIPlugin
2024-11-11 23:58:46,045 [INFO] IPUIPlugin:80 - create IPUIPlugin
2024-11-11 23:58:46,045 [INFO] IPUIPlugin:80 - create IPUIPlugin
2024-11-11 23:58:46,045 [INFO] IPUIPlugin:80 - create IPUIPlugin
2024-11-11 23:58:46,045 [INFO] IPUIPlugin:80 - create IPUIPlugin
2024-11-11 23:58:46,045 [INFO] IPUIPlugin:80 - create IPUIPlugin
2024-11-11 23:58:46,046 [INFO] IPUIPlugin:80 - create IPUIPlugin
2024-11-11 23:58:46,046 [INFO] IPUIPlugin:80 - create IPUIPlugin
2024-11-11 23:58:46,046 [INFO] IPUIPlugin:80 - create IPUIPlugin
2024-11-11 23:58:46,046 [INFO] IPUIPlugin:80 - create IPUIPlugin
2024-11-11 23:58:46,046 [INFO] IPUIPlugin:80 - create IPUIPlugin
2024-11-11 23:58:46,046 [INFO] IPUIPlugin:80 - create IPUIPlugin
2024-11-11 23:58:46,047 [INFO] IPUIPlugin:80 - create IPUIPlugin
2024-11-11 23:58:46,047 [INFO] IPUIPlugin:80 - create IPUIPlugin
2024-11-11 23:58:46,047 [INFO] IPUIPlugin:80 - create IPUIPlugin
2024-11-11 23:58:46,047 [INFO] IPUIPlugin:80 - create IPUIPlugin
2024-11-11 23:58:46,047 [INFO] IPUIPlugin:80 - create IPUIPlugin
2024-11-11 23:58:46,048 [INFO] IPUIPlugin:80 - create IPUIPlugin
2024-11-11 23:58:46,048 [INFO] IPUIPlugin:80 - create IPUIPlugin
2024-11-11 23:58:46,048 [INFO] IPUIPlugin:80 - create IPUIPlugin
2024-11-11 23:58:46,098 [INFO] CADModel:165 - CPN selected for project levelSTM32G474RET6
2024-11-11 23:58:46,098 [INFO] CADModel:114 - Register for checkConnection events
2024-11-11 23:58:46,159 [INFO] OpenFileManager:343 - Restore cursor
2024-11-11 23:59:00,003 [INFO] MainUpdater:2873 - connection check result : 10
2024-11-11 23:59:00,003 [INFO] MainUpdater:2873 - connection check result : 10
2024-11-11 23:59:00,014 [INFO] MicroXplorer:468 - Change Database Path : 
2024-11-11 23:59:00,014 [INFO] MicroXplorer:498 - Change Database Version : DB.6.0.111
2024-11-11 23:59:00,017 [ERROR] ProjectManagerView:394 - 
java.lang.NullPointerException: Cannot invoke "javax.swing.JTextField.getText()" because the return value of "java.util.List.get(int)" is null
	at com.st.microxplorer.plugins.projectmanager.gui.ProjectChoiceTab$10.caretUpdate(ProjectChoiceTab.java:2504) ~[filemanager.jar:?]
	at javax.swing.text.JTextComponent.fireCaretUpdate(JTextComponent.java:412) ~[?:?]
	at javax.swing.text.JTextComponent$MutableCaretEvent.fire(JTextComponent.java:4491) ~[?:?]
	at javax.swing.text.JTextComponent$MutableCaretEvent.stateChanged(JTextComponent.java:4513) ~[?:?]
	at javax.swing.text.DefaultCaret.fireStateChanged(DefaultCaret.java:842) ~[?:?]
	at javax.swing.text.DefaultCaret.changeCaretPosition(DefaultCaret.java:1313) ~[?:?]
	at javax.swing.text.DefaultCaret.handleSetDot(DefaultCaret.java:1212) ~[?:?]
	at javax.swing.text.DefaultCaret.setDot(DefaultCaret.java:1193) ~[?:?]
	at javax.swing.text.DefaultCaret$Handler.insertUpdate(DefaultCaret.java:1789) ~[?:?]
	at javax.swing.text.AbstractDocument.fireInsertUpdate(AbstractDocument.java:226) ~[?:?]
	at javax.swing.text.AbstractDocument.handleInsertString(AbstractDocument.java:780) ~[?:?]
	at javax.swing.text.AbstractDocument.insertString(AbstractDocument.java:739) ~[?:?]
	at javax.swing.text.PlainDocument.insertString(PlainDocument.java:131) ~[?:?]
	at javax.swing.text.AbstractDocument.replace(AbstractDocument.java:698) ~[?:?]
	at javax.swing.text.JTextComponent.setText(JTextComponent.java:1729) ~[?:?]
	at com.st.microxplorer.plugins.projectmanager.gui.ProjectChoiceTab.createHeapStackFields(ProjectChoiceTab.java:944) ~[filemanager.jar:?]
	at com.st.microxplorer.plugins.projectmanager.gui.ProjectChoiceTab.buildLinkSettingsPanel(ProjectChoiceTab.java:3475) ~[filemanager.jar:?]
	at com.st.microxplorer.plugins.projectmanager.gui.ProjectChoiceTab.defineWindowsFields(ProjectChoiceTab.java:1816) ~[filemanager.jar:?]
	at com.st.microxplorer.plugins.projectmanager.gui.ProjectChoiceTab.updateSettings(ProjectChoiceTab.java:544) ~[filemanager.jar:?]
	at com.st.microxplorer.plugins.projectmanager.gui.ProjectSettingsPanel.UpdateDialog(ProjectSettingsPanel.java:245) ~[filemanager.jar:?]
	at com.st.microxplorer.plugins.projectmanager.ProjectManagerView.propertyChange(ProjectManagerView.java:391) ~[filemanager.jar:?]
	at java.beans.PropertyChangeSupport.fire(PropertyChangeSupport.java:343) ~[?:?]
	at java.beans.PropertyChangeSupport.firePropertyChange(PropertyChangeSupport.java:335) ~[?:?]
	at java.beans.PropertyChangeSupport.firePropertyChange(PropertyChangeSupport.java:268) ~[?:?]
	at com.st.microxplorer.util.MXPropertyChangeSupport.firePropertyChange(MXPropertyChangeSupport.java:54) ~[STM32CubeMX.jar:?]
	at com.st.microxplorer.mxsystem.MxSystem.closeConfig(MxSystem.java:900) ~[STM32CubeMX.jar:?]
	at com.st.microxplorer.maingui.MainPanel.closeConfig(MainPanel.java:776) ~[STM32CubeMX.jar:?]
	at com.st.microxplorer.plugins.filemanager.engine.OpenFileManager.loadConfigurationFile(OpenFileManager.java:245) ~[filemanager.jar:?]
	at com.st.microxplorer.plugins.filemanager.engine.MainFileManager.userLoadConfig(MainFileManager.java:315) ~[filemanager.jar:?]
	at com.st.microxplorer.plugins.filemanager.engine.MainFileManager.userLoadConfig(MainFileManager.java:293) ~[filemanager.jar:?]
	at com.st.microxplorer.plugins.filemanager.FileManagerView.getSpecificTask(FileManagerView.java:247) ~[filemanager.jar:?]
	at com.st.stm32cube.common.mx.editor.CubeMxEditor.getMxTabbedPaneInstance(CubeMxEditor.java:1198) ~[com.st.stm32cube.common.mx_6.11.1.202404110753/:?]
	at com.st.stm32cube.common.mx.editor.CubeMxEditor$12$1.createSwingComponent(CubeMxEditor.java:1068) ~[com.st.stm32cube.common.mx_6.11.1.202404110753/:?]
	at com.st.stm32cube.common.mx.oss.core.awtswtbridge.EmbeddedSwingComposite.doComponentCreation(EmbeddedSwingComposite.java:492) ~[com.st.stm32cube.common.mx.oss_6.11.1.202404110753/:?]
	at com.st.stm32cube.common.mx.oss.core.awtswtbridge.EmbeddedSwingComposite$4.run(EmbeddedSwingComposite.java:291) ~[com.st.stm32cube.common.mx.oss_6.11.1.202404110753/:?]
	at com.st.stm32cube.common.mx.oss.core.awtswtbridge.AwtEnvironment$2.run(AwtEnvironment.java:166) ~[com.st.stm32cube.common.mx.oss_6.11.1.202404110753/:?]
	at java.awt.event.InvocationEvent.dispatch(InvocationEvent.java:318) ~[?:?]
	at java.awt.EventQueue.dispatchEventImpl(EventQueue.java:773) ~[?:?]
	at java.awt.EventQueue$4.run(EventQueue.java:720) ~[?:?]
	at java.awt.EventQueue$4.run(EventQueue.java:714) ~[?:?]
	at java.security.AccessController.doPrivileged(AccessController.java:399) ~[?:?]
	at java.security.ProtectionDomain$JavaSecurityAccessImpl.doIntersectionPrivilege(ProtectionDomain.java:86) ~[?:?]
	at java.awt.EventQueue.dispatchEvent(EventQueue.java:742) ~[?:?]
	at java.awt.EventDispatchThread.pumpOneEventForFilters(EventDispatchThread.java:203) ~[?:?]
	at java.awt.EventDispatchThread.pumpEventsForFilter(EventDispatchThread.java:124) ~[?:?]
	at java.awt.EventDispatchThread.pumpEventsForHierarchy(EventDispatchThread.java:113) ~[?:?]
	at java.awt.EventDispatchThread.pumpEvents(EventDispatchThread.java:109) ~[?:?]
	at java.awt.EventDispatchThread.pumpEvents(EventDispatchThread.java:101) ~[?:?]
	at java.awt.EventDispatchThread.run(EventDispatchThread.java:90) ~[?:?]
2024-11-11 23:59:00,018 [WARN] ThirdParty:871 - waiting for thirdparty lock release [close project]
2024-11-11 23:59:00,018 [INFO] ThirdParty:873 - entering critical section [close project]
2024-11-11 23:59:00,018 [INFO] ThirdParty:883 - exiting critical section [close project]
2024-11-11 23:59:00,019 [INFO] PinOutPanel:1561 - setPackage(No Configuration,No Configuration)
2024-11-11 23:59:00,021 [INFO] UtilMem:75 - Begin LoadConfig() Used Memory: 947975536 Bytes (1073741824)
2024-11-11 23:59:00,021 [INFO] MicroXplorer:468 - Change Database Path : 
2024-11-11 23:59:00,021 [INFO] MicroXplorer:498 - Change Database Version : DB.6.0.111
2024-11-11 23:59:00,021 [INFO] OpenFileManager:312 - Change cursor
2024-11-11 23:59:00,026 [INFO] Mcu:2021 - Initializing MCU STM32G474R(B-C-E)Tx STM32G474RETx STM32G474RET6
2024-11-11 23:59:02,575 [INFO] Context:663 - Trying to add GPIOservice into a context  which must be forbidden
2024-11-11 23:59:03,500 [INFO] RtosManager:555 - Registered RTOS mode: class=CMSIS, group=RTOS, mode=CMSIS_V1, owner=FREERTOS
2024-11-11 23:59:03,500 [INFO] RtosManager:555 - Registered RTOS mode: class=CMSIS, group=RTOS2, mode=CMSIS_V2, owner=FREERTOS
2024-11-11 23:59:03,500 [INFO] RtosManager:555 - Registered RTOS mode: class=RTOS, group=Core, mode=CMSIS_V1, owner=FREERTOS
2024-11-11 23:59:03,500 [INFO] RtosManager:555 - Registered RTOS mode: class=RTOS, group=Core, mode=CMSIS_V2, owner=FREERTOS
2024-11-11 23:59:03,500 [WARN] ModelIntegratedComponent:184 - Missing modes for component STMicroelectronics:FreeRTOS:0.0.1:STMicroelectronics:RTOS:FreeRTOS:Core:::10.2.0:
2024-11-11 23:59:03,502 [WARN] ModelIntegratedComponent:63 - No mode defined for component null
2024-11-11 23:59:03,502 [WARN] ModelIntegratedComponent:63 - No mode defined for component null
2024-11-11 23:59:03,502 [WARN] ModelIntegratedComponent:63 - No mode defined for component null
2024-11-11 23:59:03,502 [WARN] ModelIntegratedComponent:63 - No mode defined for component null
2024-11-11 23:59:03,502 [WARN] ModelIntegratedComponent:63 - No mode defined for component null
2024-11-11 23:59:03,502 [WARN] ModelIntegratedComponent:63 - No mode defined for component null
2024-11-11 23:59:03,502 [WARN] ModelIntegratedComponent:63 - No mode defined for component null
2024-11-11 23:59:03,502 [WARN] ModelIntegratedComponent:63 - No mode defined for component null
2024-11-11 23:59:03,502 [WARN] ModelIntegratedComponent:63 - No mode defined for component null
2024-11-11 23:59:03,502 [WARN] ModelIntegratedComponent:63 - No mode defined for component null
2024-11-11 23:59:03,502 [WARN] ModelIntegratedComponent:63 - No mode defined for component null
2024-11-11 23:59:03,502 [WARN] ModelIntegratedComponent:63 - No mode defined for component null
2024-11-11 23:59:03,502 [WARN] ModelIntegratedComponent:63 - No mode defined for component null
2024-11-11 23:59:03,502 [WARN] ModelIntegratedComponent:63 - No mode defined for component null
2024-11-11 23:59:03,502 [WARN] ModelIntegratedComponent:63 - No mode defined for component null
2024-11-11 23:59:03,502 [WARN] ModelIntegratedComponent:63 - No mode defined for component null
2024-11-11 23:59:03,502 [WARN] ModelIntegratedComponent:63 - No mode defined for component null
2024-11-11 23:59:03,502 [WARN] ModelIntegratedComponent:63 - No mode defined for component null
2024-11-11 23:59:03,502 [WARN] ModelIntegratedComponent:63 - No mode defined for component null
2024-11-11 23:59:03,502 [WARN] ModelIntegratedComponent:63 - No mode defined for component null
2024-11-11 23:59:03,502 [WARN] ModelIntegratedComponent:63 - No mode defined for component null
2024-11-11 23:59:03,502 [WARN] ModelIntegratedComponent:63 - No mode defined for component null
2024-11-11 23:59:03,502 [WARN] ModelIntegratedComponent:63 - No mode defined for component null
2024-11-11 23:59:03,502 [WARN] ModelIntegratedComponent:63 - No mode defined for component null
2024-11-11 23:59:03,502 [WARN] ModelIntegratedComponent:63 - No mode defined for component null
2024-11-11 23:59:03,502 [WARN] ModelIntegratedComponent:63 - No mode defined for component null
2024-11-11 23:59:03,502 [WARN] ModelIntegratedComponent:63 - No mode defined for component null
2024-11-11 23:59:03,502 [WARN] ModelIntegratedComponent:63 - No mode defined for component null
2024-11-11 23:59:03,502 [WARN] ModelIntegratedComponent:63 - No mode defined for component null
2024-11-11 23:59:03,502 [WARN] ModelIntegratedComponent:63 - No mode defined for component null
2024-11-11 23:59:03,502 [WARN] ModelIntegratedComponent:63 - No mode defined for component null
2024-11-11 23:59:03,502 [WARN] ModelIntegratedComponent:63 - No mode defined for component null
2024-11-11 23:59:03,502 [WARN] ModelIntegratedComponent:63 - No mode defined for component null
2024-11-11 23:59:03,502 [WARN] ModelIntegratedComponent:63 - No mode defined for component null
2024-11-11 23:59:03,676 [INFO] ThirdPartyModel:298 - Start build external matchings
2024-11-11 23:59:06,271 [INFO] ThirdPartyModel:316 - End build external matchings
2024-11-11 23:59:06,299 [INFO] ImportTextPane:194 - (OptionalMessage_ERROR) IP (ADC1) : Parameter (CommonPathInternal) has invalid value (null|null|null|null)
2024-11-11 23:59:06,299 [INFO] ImportTextPane:194 - (OptionalMessage_ERROR) IP (ADC3) : Parameter (CommonPathInternal) has invalid value (null|null|null|null)
2024-11-11 23:59:06,599 [INFO] UtilMem:75 - End LoadConfig() Used Memory: 789800584 Bytes (1073741824)
2024-11-11 23:59:06,663 [WARN] ThirdParty:833 - waiting for thirdparty lock release [change project]
2024-11-11 23:59:06,663 [INFO] ThirdParty:835 - entering critical section [change project]
2024-11-11 23:59:06,663 [INFO] ThirdParty:1030 - CMSIS Pack Vendor :STMicroelectronics USBPD 4.1
2024-11-11 23:59:06,663 [INFO] ThirdParty:1030 - CMSIS Pack Vendor :STMicroelectronics X-CUBE-GNSS1 6.0.0
2024-11-11 23:59:06,663 [INFO] ThirdParty:1030 - CMSIS Pack Vendor :STMicroelectronics USB_HOST 2.0.0
2024-11-11 23:59:06,663 [INFO] ThirdParty:1030 - CMSIS Pack Vendor :STMicroelectronics FP-SNS-MOTENVWB1 1.4.0
2024-11-11 23:59:06,663 [INFO] ThirdParty:1030 - CMSIS Pack Vendor :STMicroelectronics X-CUBE-AZRTOS-F4 1.1.0
2024-11-11 23:59:06,663 [INFO] ThirdParty:1030 - CMSIS Pack Vendor :STMicroelectronics LIBJPEG 8.0.0
2024-11-11 23:59:06,663 [INFO] ThirdParty:1030 - CMSIS Pack Vendor :STMicroelectronics X-CUBE-SMBUS 2.1.0
2024-11-11 23:59:06,663 [INFO] ThirdParty:1030 - CMSIS Pack Vendor :STMicroelectronics X-CUBE-WB05N 1.1.0
2024-11-11 23:59:06,663 [INFO] ThirdParty:1030 - CMSIS Pack Vendor :STMicroelectronics X-CUBE-ISPU 2.1.0
2024-11-11 23:59:06,663 [INFO] ThirdParty:1030 - CMSIS Pack Vendor :STMicroelectronics X-CUBE-FREERTOS 1.2.0
2024-11-11 23:59:06,663 [INFO] ThirdParty:1030 - CMSIS Pack Vendor :STMicroelectronics X-CUBE-TOUCHGFX 4.23.1
2024-11-11 23:59:06,663 [INFO] ThirdParty:1030 - CMSIS Pack Vendor :STMicroelectronics X-CUBE-TOUCHGFX 4.23.0
2024-11-11 23:59:06,663 [INFO] ThirdParty:1030 - CMSIS Pack Vendor :STMicroelectronics X-CUBE-BLEMGR 1.2.0
2024-11-11 23:59:06,663 [INFO] ThirdParty:1030 - CMSIS Pack Vendor :STMicroelectronics X-CUBE-TOUCHGFX 4.23.2
2024-11-11 23:59:06,663 [INFO] ThirdParty:1030 - CMSIS Pack Vendor :STMicroelectronics X-CUBE-AZRTOS-F7 1.1.0
2024-11-11 23:59:06,663 [INFO] ThirdParty:1030 - CMSIS Pack Vendor :STMicroelectronics X-CUBE-AZRTOS-L5 2.0.0
2024-11-11 23:59:06,663 [INFO] ThirdParty:1030 - CMSIS Pack Vendor :STMicroelectronics USB_DEVICE 2.0.0
2024-11-11 23:59:06,663 [INFO] ThirdParty:1030 - CMSIS Pack Vendor :STMicroelectronics X-CUBE-MEMS1 9.6.0
2024-11-11 23:59:06,663 [INFO] ThirdParty:1030 - CMSIS Pack Vendor :STMicroelectronics X-CUBE-EEPRMA1 4.2.0
2024-11-11 23:59:06,663 [INFO] ThirdParty:1030 - CMSIS Pack Vendor :STMicroelectronics X-CUBE-NFC6 3.1.0
2024-11-11 23:59:06,663 [INFO] ThirdParty:1030 - CMSIS Pack Vendor :ITTIA_DB I-CUBE-ITTIADB 8.8.0
2024-11-11 23:59:06,663 [INFO] ThirdParty:1030 - CMSIS Pack Vendor :STMicroelectronics FP-SNS-MOTENV1 4.3.0
2024-11-11 23:59:06,663 [INFO] ThirdParty:1030 - CMSIS Pack Vendor :STMicroelectronics FP-SNS-MOTENV1 4.3.2
2024-11-11 23:59:06,663 [INFO] ThirdParty:1030 - CMSIS Pack Vendor :STMicroelectronics FP-SNS-FLIGHT1 5.0.0
2024-11-11 23:59:06,663 [INFO] ThirdParty:1030 - CMSIS Pack Vendor :STMicroelectronics FP-SNS-MOTENV1 4.3.1
2024-11-11 23:59:06,663 [INFO] ThirdParty:1030 - CMSIS Pack Vendor :STMicroelectronics FP-SNS-FLIGHT1 5.0.1
2024-11-11 23:59:06,663 [INFO] ThirdParty:1030 - CMSIS Pack Vendor :STMicroelectronics X-CUBE-BLE1 6.2.3
2024-11-11 23:59:06,663 [INFO] ThirdParty:1030 - CMSIS Pack Vendor :STMicroelectronics X-CUBE-MEMS1 11.0.0
2024-11-11 23:59:06,663 [INFO] ThirdParty:1030 - CMSIS Pack Vendor :STMicroelectronics X-CUBE-BLE1 6.2.4
2024-11-11 23:59:06,663 [INFO] ThirdParty:1030 - CMSIS Pack Vendor :STMicroelectronics FreeRTOS 0.0.1
2024-11-11 23:59:06,663 [INFO] ThirdParty:1030 - CMSIS Pack Vendor :STMicroelectronics X-CUBE-BLEMGR 2.0.0
2024-11-11 23:59:06,663 [INFO] ThirdParty:1030 - CMSIS Pack Vendor :STMicroelectronics X-CUBE-DPower 1.2.0
2024-11-11 23:59:06,663 [INFO] ThirdParty:1030 - CMSIS Pack Vendor :STMicroelectronics FP-SNS-FLIGHT1 5.0.2
2024-11-11 23:59:06,663 [INFO] ThirdParty:1030 - CMSIS Pack Vendor :STMicroelectronics X-CUBE-NFC4 2.0.4
2024-11-11 23:59:06,663 [INFO] ThirdParty:1030 - CMSIS Pack Vendor :STMicroelectronics X-CUBE-AI 9.0.0
2024-11-11 23:59:06,663 [INFO] ThirdParty:1030 - CMSIS Pack Vendor :STMicroelectronics X-CUBE-AZRTOS-H7 3.1.0
2024-11-11 23:59:06,663 [INFO] ThirdParty:1030 - CMSIS Pack Vendor :STMicroelectronics PDM2PCM 3.3.0
2024-11-11 23:59:06,663 [INFO] ThirdParty:1030 - CMSIS Pack Vendor :STMicroelectronics X-CUBE-TOF1 3.1.0
2024-11-11 23:59:06,663 [INFO] ThirdParty:1030 - CMSIS Pack Vendor :STMicroelectronics X-CUBE-DISPLAY 3.0.0
2024-11-11 23:59:06,663 [INFO] ThirdParty:1030 - CMSIS Pack Vendor :STMicroelectronics X-CUBE-BLE1 7.0.0
2024-11-11 23:59:06,663 [INFO] ThirdParty:1030 - CMSIS Pack Vendor :STMicroelectronics X-CUBE-NFC10 1.0.0
2024-11-11 23:59:06,663 [INFO] ThirdParty:1030 - CMSIS Pack Vendor :wolfSSL I-CUBE-wolfSSL 5.5.0
2024-11-11 23:59:06,663 [INFO] ThirdParty:1030 - CMSIS Pack Vendor :STMicroelectronics HAL Drivers 0.0.0
2024-11-11 23:59:06,663 [INFO] ThirdParty:1030 - CMSIS Pack Vendor :STMicroelectronics X-CUBE-TOUCHGFX 4.22.0
2024-11-11 23:59:06,663 [INFO] ThirdParty:1030 - CMSIS Pack Vendor :STMicroelectronics X-CUBE-NFC7 1.0.1
2024-11-11 23:59:06,663 [INFO] ThirdParty:1030 - CMSIS Pack Vendor :STMicroelectronics MBEDTLS 2.14.1
2024-11-11 23:59:06,663 [INFO] ThirdParty:1030 - CMSIS Pack Vendor :STMicroelectronics X-CUBE-NFC7 1.0.0
2024-11-11 23:59:06,663 [INFO] ThirdParty:1030 - CMSIS Pack Vendor :wolfSSL I-CUBE-wolfTPM 3.2.0
2024-11-11 23:59:06,663 [INFO] ThirdParty:1030 - CMSIS Pack Vendor :STMicroelectronics X-CUBE-NFC6 3.0.0
2024-11-11 23:59:06,663 [INFO] ThirdParty:1030 - CMSIS Pack Vendor :STMicroelectronics X-CUBE-MEMS1 9.3.0
2024-11-11 23:59:06,663 [INFO] ThirdParty:1030 - CMSIS Pack Vendor :STMicroelectronics X-CUBE-EEPRMA1 4.1.0
2024-11-11 23:59:06,663 [INFO] ThirdParty:1030 - CMSIS Pack Vendor :STMicroelectronics X-CUBE-AI 7.2.0
2024-11-11 23:59:06,663 [INFO] ThirdParty:1030 - CMSIS Pack Vendor :STMicroelectronics X-CUBE-BLEMGR 3.1.0
2024-11-11 23:59:06,663 [INFO] ThirdParty:1030 - CMSIS Pack Vendor :STMicroelectronics FP-SNS-SMARTAG2 1.2.0
2024-11-11 23:59:06,663 [INFO] ThirdParty:1030 - CMSIS Pack Vendor :STMicroelectronics X-CUBE-AZRTOS-WL 2.0.0
2024-11-11 23:59:06,663 [INFO] ThirdParty:1030 - CMSIS Pack Vendor :STMicroelectronics FP-SNS-MOTENV1 5.0.0
2024-11-11 23:59:06,663 [INFO] ThirdParty:1030 - CMSIS Pack Vendor :STMicroelectronics USB_DEVICE 1.0.0
2024-11-11 23:59:06,663 [INFO] ThirdParty:1030 - CMSIS Pack Vendor :STMicroelectronics X-CUBE-AI 8.1.0
2024-11-11 23:59:06,663 [INFO] ThirdParty:1030 - CMSIS Pack Vendor :wolfSSL I-CUBE-wolfMQTT 1.19.0
2024-11-11 23:59:06,663 [INFO] ThirdParty:1030 - CMSIS Pack Vendor :STMicroelectronics X-CUBE-AZRTOS-L4 2.0.0
2024-11-11 23:59:06,663 [INFO] ThirdParty:1030 - CMSIS Pack Vendor :STMicroelectronics ThreadX 0.0.2
2024-11-11 23:59:06,663 [INFO] ThirdParty:1030 - CMSIS Pack Vendor :WES I-CUBE-Cesium 1.3.0
2024-11-11 23:59:06,663 [INFO] ThirdParty:1030 - CMSIS Pack Vendor :STMicroelectronics lwIP 2.1.2
2024-11-11 23:59:06,663 [INFO] ThirdParty:1030 - CMSIS Pack Vendor :STMicroelectronics X-CUBE-SFXS2LP1 4.0.0
2024-11-11 23:59:06,663 [INFO] ThirdParty:1030 - CMSIS Pack Vendor :STMicroelectronics X-CUBE-BLE2 3.3.0
2024-11-11 23:59:06,663 [INFO] ThirdParty:1030 - CMSIS Pack Vendor :STMicroelectronics X-CUBE-DISPLAY 2.2.0
2024-11-11 23:59:06,663 [INFO] ThirdParty:1030 - CMSIS Pack Vendor :STMicroelectronics X-CUBE-TOF1 3.2.0
2024-11-11 23:59:06,663 [INFO] ThirdParty:1030 - CMSIS Pack Vendor :STMicroelectronics PDM2PCM 3.2.0
2024-11-11 23:59:06,663 [INFO] ThirdParty:1030 - CMSIS Pack Vendor :STMicroelectronics X-CUBE-AZRTOS-H7 3.0.0
2024-11-11 23:59:06,663 [INFO] ThirdParty:1030 - CMSIS Pack Vendor :STMicroelectronics X-CUBE-ISPU 1.0.0
2024-11-11 23:59:06,663 [INFO] ThirdParty:1030 - CMSIS Pack Vendor :STMicroelectronics X-CUBE-ISPU 1.1.0
2024-11-11 23:59:06,663 [INFO] ThirdParty:1030 - CMSIS Pack Vendor :STMicroelectronics X-CUBE-AZRTOS-H7 3.3.0
2024-11-11 23:59:06,663 [INFO] ThirdParty:1030 - CMSIS Pack Vendor :RoweBots I-CUBE-UNISONRTOS 5.5.0-4
2024-11-11 23:59:06,663 [INFO] ThirdParty:1030 - CMSIS Pack Vendor :STMicroelectronics X-CUBE-NFC9 1.0.0
2024-11-11 23:59:06,663 [INFO] ThirdParty:1030 - CMSIS Pack Vendor :STMicroelectronics X-CUBE-AZRTOS-H7 2.1.0
2024-11-11 23:59:06,663 [INFO] ThirdParty:1030 - CMSIS Pack Vendor :STMicroelectronics USB_DEVICE 3.0.0
2024-11-11 23:59:06,663 [INFO] ThirdParty:1030 - CMSIS Pack Vendor :STMicroelectronics X-CUBE-TCPP 4.1.0
2024-11-11 23:59:06,663 [INFO] ThirdParty:1030 - CMSIS Pack Vendor :STMicroelectronics X-CUBE-AI 8.0.0
2024-11-11 23:59:06,663 [INFO] ThirdParty:1030 - CMSIS Pack Vendor :STMicroelectronics X-CUBE-IPS 3.0.0
2024-11-11 23:59:06,663 [INFO] ThirdParty:1030 - CMSIS Pack Vendor :STMicroelectronics X-CUBE-AZRTOS-WB 2.0.0
2024-11-11 23:59:06,663 [INFO] ThirdParty:1030 - CMSIS Pack Vendor :STMicroelectronics X-CUBE-FREERTOS 1.0.0
2024-11-11 23:59:06,663 [INFO] ThirdParty:1030 - CMSIS Pack Vendor :STMicroelectronics X-CUBE-FREERTOS 1.0.1
2024-11-11 23:59:06,663 [INFO] ThirdParty:1030 - CMSIS Pack Vendor :STMicroelectronics X-CUBE-TOUCHGFX 4.21.1
2024-11-11 23:59:06,663 [INFO] ThirdParty:1030 - CMSIS Pack Vendor :STMicroelectronics X-CUBE-GNSS1 7.0.0
2024-11-11 23:59:06,663 [INFO] ThirdParty:1030 - CMSIS Pack Vendor :STMicroelectronics X-CUBE-TOUCHGFX 4.21.3
2024-11-11 23:59:06,663 [INFO] ThirdParty:1030 - CMSIS Pack Vendor :STMicroelectronics X-CUBE-BLEMGR 1.0.0
2024-11-11 23:59:06,663 [INFO] ThirdParty:1030 - CMSIS Pack Vendor :STMicroelectronics X-CUBE-TOUCHGFX 4.21.4
2024-11-11 23:59:06,663 [INFO] ThirdParty:1030 - CMSIS Pack Vendor :STMicroelectronics X-CUBE-MEMS1 9.4.0
2024-11-11 23:59:06,663 [INFO] ThirdParty:1030 - CMSIS Pack Vendor :STMicroelectronics X-CUBE-AI 7.3.0
2024-11-11 23:59:06,663 [INFO] ThirdParty:1030 - CMSIS Pack Vendor :STMicroelectronics FP-SNS-STBOX1 2.0.0
2024-11-11 23:59:06,663 [INFO] ThirdParty:1030 - CMSIS Pack Vendor :STMicroelectronics X-CUBE-ALGOBUILD 1.3.0
2024-11-11 23:59:06,663 [INFO] ThirdParty:1030 - CMSIS Pack Vendor :STMicroelectronics X-CUBE-AZRTOS-L5 1.1.0
2024-11-11 23:59:06,663 [INFO] ThirdParty:1030 - CMSIS Pack Vendor :STMicroelectronics X-CUBE-AZRTOS-G0 1.1.0
2024-11-11 23:59:06,663 [INFO] ThirdParty:1030 - CMSIS Pack Vendor :STMicroelectronics X-CUBE-AI 8.0.1
2024-11-11 23:59:06,663 [INFO] ThirdParty:1030 - CMSIS Pack Vendor :STMicroelectronics X-CUBE-SAFEA1 1.2.2
2024-11-11 23:59:06,663 [INFO] ThirdParty:1030 - CMSIS Pack Vendor :STMicroelectronics X-CUBE-NFC4 3.0.0
2024-11-11 23:59:06,663 [INFO] ThirdParty:1030 - CMSIS Pack Vendor :SEGGER I-CUBE-embOS 1.2.0
2024-11-11 23:59:06,663 [INFO] ThirdParty:1030 - CMSIS Pack Vendor :STMicroelectronics X-CUBE-SUBG2 5.0.0
2024-11-11 23:59:06,663 [INFO] ThirdParty:1030 - CMSIS Pack Vendor :STMicroelectronics STM32_WPAN 1.0.0
2024-11-11 23:59:06,663 [INFO] ThirdParty:1030 - CMSIS Pack Vendor :EmbeddedOffice I-CUBE-FS-RTOS 1.0.1
2024-11-11 23:59:06,663 [INFO] ThirdParty:1030 - CMSIS Pack Vendor :STMicroelectronics lwIP 2.0.3
2024-11-11 23:59:06,663 [INFO] ThirdParty:1030 - CMSIS Pack Vendor :STMicroelectronics USB_HOST 1.0.0
2024-11-11 23:59:06,663 [INFO] ThirdParty:1030 - CMSIS Pack Vendor :STMicroelectronics X-CUBE-TOF1 3.3.1
2024-11-11 23:59:06,663 [INFO] ThirdParty:1030 - CMSIS Pack Vendor :STMicroelectronics X-CUBE-AZRTOS-G4 2.0.0
2024-11-11 23:59:06,663 [INFO] ThirdParty:1030 - CMSIS Pack Vendor :STMicroelectronics PDM2PCM 3.1.0
2024-11-11 23:59:06,663 [INFO] ThirdParty:1030 - CMSIS Pack Vendor :STMicroelectronics X-CUBE-TOF1 3.3.0
2024-11-11 23:59:06,663 [INFO] ThirdParty:1030 - CMSIS Pack Vendor :STMicroelectronics FP-ATR-ASTRA1 1.1.1
2024-11-11 23:59:06,663 [INFO] ThirdParty:1030 - CMSIS Pack Vendor :Infineon AIROC-Wi-Fi-Bluetooth-STM32 1.5.1
2024-11-11 23:59:06,663 [INFO] ThirdParty:1030 - CMSIS Pack Vendor :STMicroelectronics X-CUBE-BLEMGR 3.0.0
2024-11-11 23:59:06,663 [INFO] ThirdParty:1030 - CMSIS Pack Vendor :STMicroelectronics X-CUBE-BLEMGR 1.3.0
2024-11-11 23:59:06,663 [INFO] ThirdParty:1030 - CMSIS Pack Vendor :RealThread X-CUBE-RT-Thread_Nano 4.1.1
2024-11-11 23:59:06,663 [INFO] ThirdParty:1030 - CMSIS Pack Vendor :STMicroelectronics FP-SNS-MOTENVWB1 1.3.1
2024-11-11 23:59:06,663 [INFO] ThirdParty:1030 - CMSIS Pack Vendor :STMicroelectronics FP-ATR-SIGFOX1 3.2.0
2024-11-11 23:59:06,663 [INFO] ThirdParty:1030 - CMSIS Pack Vendor :STMicroelectronics X-CUBE-AZRTOS-G4 1.0.0
2024-11-11 23:59:06,663 [INFO] ThirdParty:1030 - CMSIS Pack Vendor :STMicroelectronics X-CUBE-AZRTOS-L4 1.0.0
2024-11-11 23:59:06,663 [INFO] ThirdParty:1030 - CMSIS Pack Vendor :STMicroelectronics X-CUBE-ISPU 2.0.0
2024-11-11 23:59:06,663 [INFO] ThirdParty:1030 - CMSIS Pack Vendor :STMicroelectronics X-CUBE-EEPRMA1 5.1.0
2024-11-11 23:59:06,663 [INFO] ThirdParty:1030 - CMSIS Pack Vendor :STMicroelectronics MBEDTLS 2.16.2
2024-11-11 23:59:06,663 [INFO] ThirdParty:1030 - CMSIS Pack Vendor :STMicroelectronics X-CUBE-ALS 1.0.2
2024-11-11 23:59:06,663 [INFO] ThirdParty:1030 - CMSIS Pack Vendor :emotas I-CUBE-CANOPEN 1.1.2
2024-11-11 23:59:06,663 [INFO] ThirdParty:1030 - CMSIS Pack Vendor :STMicroelectronics X-CUBE-TOUCHGFX 4.20.0
2024-11-11 23:59:06,663 [INFO] ThirdParty:1030 - CMSIS Pack Vendor :STMicroelectronics X-CUBE-MEMS1 10.0.0
2024-11-11 23:59:06,663 [INFO] ThirdParty:1030 - CMSIS Pack Vendor :STMicroelectronics X-CUBE-FREERTOS 1.1.0
2024-11-11 23:59:06,663 [INFO] ThirdParty:1030 - CMSIS Pack Vendor :STMicroelectronics X-CUBE-TOUCHGFX 4.24.0
2024-11-11 23:59:06,663 [INFO] ThirdParty:1030 - CMSIS Pack Vendor :STMicroelectronics X-CUBE-AZRTOS-WL 1.0.0
2024-11-11 23:59:06,663 [INFO] ThirdParty:1030 - CMSIS Pack Vendor :STMicroelectronics X-CUBE-TOUCHGFX 4.24.1
2024-11-11 23:59:06,663 [INFO] ThirdParty:1030 - CMSIS Pack Vendor :portGmbH I-Cube-SoM-uGOAL 1.1.0
2024-11-11 23:59:06,663 [INFO] ThirdParty:1030 - CMSIS Pack Vendor :STMicroelectronics X-CUBE-ALS 1.0.1
2024-11-11 23:59:06,663 [INFO] ThirdParty:1030 - CMSIS Pack Vendor :STMicroelectronics X-CUBE-MEMS1 9.5.0
2024-11-11 23:59:06,663 [INFO] ThirdParty:1030 - CMSIS Pack Vendor :STMicroelectronics ThreadX 1.0.0
2024-11-11 23:59:06,663 [INFO] ThirdParty:1030 - CMSIS Pack Vendor :STMicroelectronics X-CUBE-AZRTOS-WB 1.1.0
2024-11-11 23:59:06,663 [INFO] ThirdParty:1030 - CMSIS Pack Vendor :SEGGER I-CUBE-embOS 1.3.1
2024-11-11 23:59:06,663 [INFO] ThirdParty:1030 - CMSIS Pack Vendor :STMicroelectronics X-CUBE-ALGOBUILD 1.4.0
2024-11-11 23:59:06,663 [INFO] ThirdParty:1030 - CMSIS Pack Vendor :STMicroelectronics X-CUBE-AZRTOS-L5 1.0.0
2024-11-11 23:59:06,663 [INFO] ThirdParty:1030 - CMSIS Pack Vendor :STMicroelectronics X-CUBE-EEPRMA1 3.1.1
2024-11-11 23:59:06,663 [INFO] ThirdParty:1030 - CMSIS Pack Vendor :STMicroelectronics X-CUBE-AZRTOS-H7RS 1.0.0
2024-11-11 23:59:06,663 [INFO] ThirdParty:1030 - CMSIS Pack Vendor :STMicroelectronics FP-ATR-ASTRA1 2.0.0
2024-11-11 23:59:06,663 [INFO] ThirdParty:1030 - CMSIS Pack Vendor :STMicroelectronics X-CUBE-TOF1 3.4.2
2024-11-11 23:59:06,663 [INFO] ThirdParty:1030 - CMSIS Pack Vendor :STMicroelectronics X-CUBE-AI 9.1.0
2024-11-11 23:59:06,663 [INFO] ThirdParty:1030 - CMSIS Pack Vendor :STMicroelectronics X-CUBE-TOF1 3.4.0
2024-11-11 23:59:06,663 [INFO] ThirdParty:1030 - CMSIS Pack Vendor :STMicroelectronics X-CUBE-TOF1 3.4.1
2024-11-11 23:59:06,663 [INFO] ThirdParty:1030 - CMSIS Pack Vendor :STMicroelectronics X-CUBE-AZRTOS-H7 3.2.0
2024-11-11 23:59:06,663 [INFO] ThirdParty:1030 - CMSIS Pack Vendor :wolfSSL I-CUBE-wolfSSH 1.4.17
2024-11-11 23:59:06,664 [INFO] ThirdParty:841 - exiting critical section [change project]
2024-11-11 23:59:06,807 [INFO] PinOutPanel:1561 - setPackage(No Configuration,No Configuration)
2024-11-11 23:59:06,807 [INFO] PinOutPanel:1561 - setPackage(STM32G474RETx,LQFP64)
2024-11-11 23:59:06,919 [INFO] UtilMem:75 - Before build in PCC Used Memory: 830523872 Bytes (1073741824)
2024-11-11 23:59:07,120 [INFO] UtilMem:75 - After build in PCC Used Memory: 930660832 Bytes (1073741824)
2024-11-11 23:59:07,148 [INFO] IPUIPlugin:80 - create IPUIPlugin
2024-11-11 23:59:07,148 [INFO] IPUIPlugin:80 - create IPUIPlugin
2024-11-11 23:59:07,148 [INFO] IPUIPlugin:80 - create IPUIPlugin
2024-11-11 23:59:07,148 [INFO] IPUIPlugin:80 - create IPUIPlugin
2024-11-11 23:59:07,148 [INFO] IPUIPlugin:80 - create IPUIPlugin
2024-11-11 23:59:07,148 [INFO] IPUIPlugin:80 - create IPUIPlugin
2024-11-11 23:59:07,148 [INFO] IPUIPlugin:80 - create IPUIPlugin
2024-11-11 23:59:07,148 [INFO] IPUIPlugin:80 - create IPUIPlugin
2024-11-11 23:59:07,148 [INFO] IPUIPlugin:80 - create IPUIPlugin
2024-11-11 23:59:07,148 [INFO] IPUIPlugin:80 - create IPUIPlugin
2024-11-11 23:59:07,148 [INFO] IPUIPlugin:80 - create IPUIPlugin
2024-11-11 23:59:07,148 [INFO] IPUIPlugin:80 - create IPUIPlugin
2024-11-11 23:59:07,148 [INFO] IPUIPlugin:80 - create IPUIPlugin
2024-11-11 23:59:07,149 [INFO] IPUIPlugin:80 - create IPUIPlugin
2024-11-11 23:59:07,149 [INFO] IPUIPlugin:80 - create IPUIPlugin
2024-11-11 23:59:07,149 [INFO] IPUIPlugin:80 - create IPUIPlugin
2024-11-11 23:59:07,149 [INFO] IPUIPlugin:80 - create IPUIPlugin
2024-11-11 23:59:07,149 [INFO] IPUIPlugin:80 - create IPUIPlugin
2024-11-11 23:59:07,149 [INFO] IPUIPlugin:80 - create IPUIPlugin
2024-11-11 23:59:07,149 [INFO] IPUIPlugin:80 - create IPUIPlugin
2024-11-11 23:59:07,149 [INFO] IPUIPlugin:80 - create IPUIPlugin
2024-11-11 23:59:07,149 [INFO] IPUIPlugin:80 - create IPUIPlugin
2024-11-11 23:59:07,149 [INFO] IPUIPlugin:80 - create IPUIPlugin
2024-11-11 23:59:07,149 [INFO] IPUIPlugin:80 - create IPUIPlugin
2024-11-11 23:59:07,149 [INFO] IPUIPlugin:80 - create IPUIPlugin
2024-11-11 23:59:07,149 [INFO] IPUIPlugin:80 - create IPUIPlugin
2024-11-11 23:59:07,149 [INFO] IPUIPlugin:80 - create IPUIPlugin
2024-11-11 23:59:07,149 [INFO] IPUIPlugin:80 - create IPUIPlugin
2024-11-11 23:59:07,149 [INFO] IPUIPlugin:80 - create IPUIPlugin
2024-11-11 23:59:07,149 [INFO] IPUIPlugin:80 - create IPUIPlugin
2024-11-11 23:59:07,149 [INFO] IPUIPlugin:80 - create IPUIPlugin
2024-11-11 23:59:07,150 [INFO] IPUIPlugin:80 - create IPUIPlugin
2024-11-11 23:59:07,150 [INFO] IPUIPlugin:80 - create IPUIPlugin
2024-11-11 23:59:07,150 [INFO] IPUIPlugin:80 - create IPUIPlugin
2024-11-11 23:59:07,150 [INFO] IPUIPlugin:80 - create IPUIPlugin
2024-11-11 23:59:07,150 [INFO] IPUIPlugin:80 - create IPUIPlugin
2024-11-11 23:59:07,150 [INFO] IPUIPlugin:80 - create IPUIPlugin
2024-11-11 23:59:07,150 [INFO] IPUIPlugin:80 - create IPUIPlugin
2024-11-11 23:59:07,150 [INFO] IPUIPlugin:80 - create IPUIPlugin
2024-11-11 23:59:07,151 [INFO] IPUIPlugin:80 - create IPUIPlugin
2024-11-11 23:59:07,151 [INFO] IPUIPlugin:80 - create IPUIPlugin
2024-11-11 23:59:07,151 [INFO] IPUIPlugin:80 - create IPUIPlugin
2024-11-11 23:59:07,151 [INFO] IPUIPlugin:80 - create IPUIPlugin
2024-11-11 23:59:07,151 [INFO] IPUIPlugin:80 - create IPUIPlugin
2024-11-11 23:59:07,151 [INFO] IPUIPlugin:80 - create IPUIPlugin
2024-11-11 23:59:07,151 [INFO] IPUIPlugin:80 - create IPUIPlugin
2024-11-11 23:59:07,151 [INFO] IPUIPlugin:80 - create IPUIPlugin
2024-11-11 23:59:07,151 [INFO] IPUIPlugin:80 - create IPUIPlugin
2024-11-11 23:59:07,151 [INFO] IPUIPlugin:80 - create IPUIPlugin
2024-11-11 23:59:07,152 [INFO] IPUIPlugin:80 - create IPUIPlugin
2024-11-11 23:59:07,152 [INFO] IPUIPlugin:80 - create IPUIPlugin
2024-11-11 23:59:07,152 [INFO] IPUIPlugin:80 - create IPUIPlugin
2024-11-11 23:59:07,152 [INFO] IPUIPlugin:80 - create IPUIPlugin
2024-11-11 23:59:07,152 [INFO] IPUIPlugin:80 - create IPUIPlugin
2024-11-11 23:59:07,152 [INFO] IPUIPlugin:80 - create IPUIPlugin
2024-11-11 23:59:07,152 [INFO] IPUIPlugin:80 - create IPUIPlugin
2024-11-11 23:59:07,152 [INFO] IPUIPlugin:80 - create IPUIPlugin
2024-11-11 23:59:07,153 [INFO] IPUIPlugin:80 - create IPUIPlugin
2024-11-11 23:59:07,158 [INFO] IPUIPlugin:80 - create IPUIPlugin
2024-11-11 23:59:07,159 [INFO] IPUIPlugin:80 - create IPUIPlugin
2024-11-11 23:59:07,159 [INFO] IPUIPlugin:80 - create IPUIPlugin
2024-11-11 23:59:07,159 [INFO] IPUIPlugin:80 - create IPUIPlugin
2024-11-11 23:59:07,160 [INFO] IPUIPlugin:80 - create IPUIPlugin
2024-11-11 23:59:07,160 [INFO] IPUIPlugin:80 - create IPUIPlugin
2024-11-11 23:59:07,160 [INFO] IPUIPlugin:80 - create IPUIPlugin
2024-11-11 23:59:07,161 [INFO] IPUIPlugin:80 - create IPUIPlugin
2024-11-11 23:59:07,161 [INFO] IPUIPlugin:80 - create IPUIPlugin
2024-11-11 23:59:07,162 [INFO] IPUIPlugin:80 - create IPUIPlugin
2024-11-11 23:59:07,162 [INFO] IPUIPlugin:80 - create IPUIPlugin
2024-11-11 23:59:07,162 [INFO] IPUIPlugin:80 - create IPUIPlugin
2024-11-11 23:59:07,162 [INFO] IPUIPlugin:80 - create IPUIPlugin
2024-11-11 23:59:07,163 [INFO] IPUIPlugin:80 - create IPUIPlugin
2024-11-11 23:59:07,163 [INFO] IPUIPlugin:80 - create IPUIPlugin
2024-11-11 23:59:07,164 [INFO] IPUIPlugin:80 - create IPUIPlugin
2024-11-11 23:59:07,164 [INFO] IPUIPlugin:80 - create IPUIPlugin
2024-11-11 23:59:07,164 [INFO] IPUIPlugin:80 - create IPUIPlugin
2024-11-11 23:59:07,164 [INFO] IPUIPlugin:80 - create IPUIPlugin
2024-11-11 23:59:07,222 [INFO] CADModel:165 - CPN selected for project levelSTM32G474RET6
2024-11-11 23:59:07,222 [INFO] CADModel:114 - Register for checkConnection events
2024-11-11 23:59:07,287 [INFO] OpenFileManager:343 - Restore cursor
