2024-11-08 20:06:15,854 [INFO] Activator:176 - 


2024-11-08 20:06:15,858 [INFO] Activator:177 - !SESSION log4j initialized
2024-11-08 20:06:21,681 [INFO] LogOutputStream:77 - [STDOUT_REDIRECT] 
2024-11-08 20:06:25,375 [INFO] ApplicationProperties:184 - Using Application install path: C:\ST\STM32CubeIDE_1.10.1\STM32CubeIDE\plugins\com.st.stm32cube.common.mx_6.11.1.202404110753
2024-11-08 20:06:25,388 [INFO] DbMcusXml:78 - Set database path to: C:\ST\STM32CubeIDE_1.10.1\STM32CubeIDE\plugins\com.st.stm32cube.common.mx_6.11.1.202404110753\\db\/mcu/
2024-11-08 20:06:25,389 [INFO] ApiDb:274 - Set plugin database path to: C:\ST\STM32CubeIDE_1.10.1\STM32CubeIDE\plugins\com.st.stm32cube.common.mx_6.11.1.202404110753\\db\/plugins/boardmanager/
2024-11-08 20:06:25,389 [WARN] ApiDb:259 - Overriding images path with different value:  => C:\ST\STM32CubeIDE_1.10.1\STM32CubeIDE\plugins\com.st.stm32cube.common.mx_6.11.1.202404110753\\db\/plugins/mcufinder/images/
2024-11-08 20:06:25,397 [INFO] ApiDb:250 - Set database path to: C:\Users\saksh\.stmcufinder\plugins\mcufinder//mcu/
2024-11-08 20:06:25,398 [INFO] DbMcusAds:125 - Set database path to: C:\Users\saksh\.stmcufinder\plugins\mcufinder//mcu/
2024-11-08 20:06:25,400 [INFO] CrossReferenceDbSqlite:203 - Set database path to: C:\Users\saksh\.stmcufinder\plugins\mcufinder//mcu/cs/
2024-11-08 20:06:25,497 [INFO] RulesReader:64 - Compatibility file has been processed (297 Rules)
2024-11-08 20:06:25,557 [INFO] DbMcusXml:78 - Set database path to: C:\ST\STM32CubeIDE_1.10.1\STM32CubeIDE\plugins\com.st.stm32cube.common.mx_6.11.1.202404110753\\db\/mcu/
2024-11-08 20:06:25,558 [INFO] ApiDb:274 - Set plugin database path to: C:\ST\STM32CubeIDE_1.10.1\STM32CubeIDE\plugins\com.st.stm32cube.common.mx_6.11.1.202404110753\\db\/plugins/boardmanager/
2024-11-08 20:06:25,558 [INFO] ApiDb:261 - Set plugin images path to: C:\ST\STM32CubeIDE_1.10.1\STM32CubeIDE\plugins\com.st.stm32cube.common.mx_6.11.1.202404110753\\db\/plugins/mcufinder/images/
2024-11-08 20:06:25,558 [WARN] DbFile:41 - Overriding database path with different value: C:\Users\saksh\.stmcufinder\plugins\mcufinder/ => C:\Users\saksh\.stmcufinder\plugins\mcufinder
2024-11-08 20:06:25,558 [INFO] ApiDb:250 - Set database path to: C:\Users\saksh\.stmcufinder\plugins\mcufinder//mcu/
2024-11-08 20:06:25,558 [WARN] DbFile:41 - Overriding database path with different value: C:\Users\saksh\.stmcufinder\plugins\mcufinder/ => C:\Users\saksh\.stmcufinder\plugins\mcufinder
2024-11-08 20:06:25,558 [INFO] DbMcusAds:125 - Set database path to: C:\Users\saksh\.stmcufinder\plugins\mcufinder//mcu/
2024-11-08 20:06:25,558 [WARN] DbFile:41 - Overriding database path with different value: C:\Users\saksh\.stmcufinder\plugins\mcufinder/ => C:\Users\saksh\.stmcufinder\plugins\mcufinder
2024-11-08 20:06:25,558 [WARN] DbFile:41 - Overriding database path with different value: C:\Users\saksh\.stmcufinder\plugins\mcufinder/ => C:\Users\saksh\.stmcufinder\plugins\mcufinder
2024-11-08 20:06:25,558 [INFO] CrossReferenceDbSqlite:203 - Set database path to: C:\Users\saksh\.stmcufinder\plugins\mcufinder//mcu/cs/
2024-11-08 20:06:25,612 [INFO] MainPanel:264 - HeapMemory: 269484032
2024-11-08 20:06:25,679 [INFO] DbMcusXml:78 - Set database path to: C:\ST\STM32CubeIDE_1.10.1\STM32CubeIDE\plugins\com.st.stm32cube.common.mx_6.11.1.202404110753\\db\/mcu/
2024-11-08 20:06:25,679 [INFO] ApiDb:274 - Set plugin database path to: C:\ST\STM32CubeIDE_1.10.1\STM32CubeIDE\plugins\com.st.stm32cube.common.mx_6.11.1.202404110753\\db\/plugins/boardmanager/
2024-11-08 20:06:25,679 [INFO] ApiDb:261 - Set plugin images path to: C:\ST\STM32CubeIDE_1.10.1\STM32CubeIDE\plugins\com.st.stm32cube.common.mx_6.11.1.202404110753\\db\/plugins/mcufinder/images/
2024-11-08 20:06:25,680 [WARN] DbFile:41 - Overriding database path with different value: C:\Users\saksh\.stmcufinder\plugins\mcufinder/ => C:\Users\saksh\.stmcufinder\plugins\mcufinder
2024-11-08 20:06:25,680 [INFO] ApiDb:250 - Set database path to: C:\Users\saksh\.stmcufinder\plugins\mcufinder//mcu/
2024-11-08 20:06:25,680 [WARN] DbFile:41 - Overriding database path with different value: C:\Users\saksh\.stmcufinder\plugins\mcufinder/ => C:\Users\saksh\.stmcufinder\plugins\mcufinder
2024-11-08 20:06:25,680 [INFO] DbMcusAds:125 - Set database path to: C:\Users\saksh\.stmcufinder\plugins\mcufinder//mcu/
2024-11-08 20:06:25,680 [WARN] DbFile:41 - Overriding database path with different value: C:\Users\saksh\.stmcufinder\plugins\mcufinder/ => C:\Users\saksh\.stmcufinder\plugins\mcufinder
2024-11-08 20:06:25,680 [WARN] DbFile:41 - Overriding database path with different value: C:\Users\saksh\.stmcufinder\plugins\mcufinder/ => C:\Users\saksh\.stmcufinder\plugins\mcufinder
2024-11-08 20:06:25,680 [INFO] CrossReferenceDbSqlite:203 - Set database path to: C:\Users\saksh\.stmcufinder\plugins\mcufinder//mcu/cs/
2024-11-08 20:06:25,692 [INFO] ApplicationProperties:184 - Using Application install path: C:\ST\STM32CubeIDE_1.10.1\STM32CubeIDE\plugins\com.st.stm32cube.common.mx_6.11.1.202404110753
2024-11-08 20:06:25,694 [INFO] PluginManage:196 - Search for loadable plugins [exclusion list=, ]
2024-11-08 20:06:25,695 [INFO] PluginManage:310 - Check plugin analytics
2024-11-08 20:06:25,810 [INFO] AnalyticsPlugin:253 - Accepted Software Licenses: 
2024-11-08 20:06:25,810 [INFO] AnalyticsPlugin:255 - Accepted CMSIS Pack Licenses: 
2024-11-08 20:06:25,810 [INFO] AnalyticsPlugin:257 - Accepted Firmware Licenses: FW.H7.1.10.0,FW.G4.1.5.0
2024-11-08 20:06:25,812 [INFO] PluginManage:359 - Loaded plugin analytics (category:tool,tabindex:-1)
2024-11-08 20:06:25,813 [INFO] PluginManage:310 - Check plugin cadmodel
2024-11-08 20:06:25,827 [INFO] CADModel:105 - Init CAD model plugin
2024-11-08 20:06:25,827 [INFO] PluginManage:359 - Loaded plugin cadmodel (category:power,tabindex:5)
2024-11-08 20:06:25,827 [INFO] PluginManage:310 - Check plugin clock
2024-11-08 20:06:25,844 [INFO] PluginManage:359 - Loaded plugin clock (category:base,tabindex:2)
2024-11-08 20:06:25,844 [INFO] PluginManage:310 - Check plugin ddr
2024-11-08 20:06:25,846 [INFO] PluginManage:359 - Loaded plugin ddr (category:tool,tabindex:6)
2024-11-08 20:06:25,846 [INFO] PluginManage:310 - Check plugin filemanager
2024-11-08 20:06:25,939 [INFO] PluginManage:359 - Loaded plugin filemanager (category:base,tabindex:10)
2024-11-08 20:06:25,939 [INFO] PluginManage:310 - Check plugin ipmanager
2024-11-08 20:06:25,943 [INFO] PluginManage:359 - Loaded plugin ipmanager (category:base,tabindex:5)
2024-11-08 20:06:25,943 [INFO] PluginManage:310 - Check plugin lpbam
2024-11-08 20:06:25,957 [INFO] PluginManage:359 - Loaded plugin lpbam (category:base,tabindex:0)
2024-11-08 20:06:25,957 [INFO] PluginManage:310 - Check plugin memorymap
2024-11-08 20:06:25,974 [INFO] PluginManage:359 - Loaded plugin memorymap (category:base,tabindex:4)
2024-11-08 20:06:25,974 [INFO] PluginManage:310 - Check plugin pinoutandconfiguration
2024-11-08 20:06:25,987 [INFO] PluginManage:359 - Loaded plugin pinoutandconfiguration (category:base,tabindex:1)
2024-11-08 20:06:25,988 [INFO] PluginManage:310 - Check plugin pinoutconfig
2024-11-08 20:06:26,053 [WARN] SupportedApi:132 - Cannot load RTOS API schema: s4s-elt-must-match.1: The content of 'definitions' must match (annotation?, (simpleType | complexType)?, (unique | key | keyref)*)). A problem was found starting at: attribute.
2024-11-08 20:06:26,149 [INFO] PluginManage:359 - Loaded plugin pinoutconfig (category:base,tabindex:0)
2024-11-08 20:06:26,149 [INFO] PluginManage:310 - Check plugin power
2024-11-08 20:06:26,176 [INFO] PluginManage:359 - Loaded plugin power (category:power,tabindex:4)
2024-11-08 20:06:26,176 [INFO] PluginManage:310 - Check plugin projectmanager
2024-11-08 20:06:26,190 [INFO] PluginManage:359 - Loaded plugin projectmanager (category:projectmanager,tabindex:3)
2024-11-08 20:06:26,190 [INFO] PluginManage:310 - Check plugin thirdparty
2024-11-08 20:06:26,419 [INFO] PluginManage:359 - Loaded plugin thirdparty (category:base,tabindex:-1)
2024-11-08 20:06:26,419 [WARN] IntegrityCheckThread:84 - waiting for thirdparty lock release [integrity check]
2024-11-08 20:06:26,419 [INFO] PluginManage:310 - Check plugin tools
2024-11-08 20:06:26,419 [INFO] IntegrityCheckThread:86 - entering critical section [integrity check]
2024-11-08 20:06:26,419 [INFO] ThirdPartyUpdaterWithRetryManager:70 - Updater plugin not ready yet. [1/15]
2024-11-08 20:06:26,446 [INFO] PluginManage:359 - Loaded plugin tools (category:base,tabindex:7)
2024-11-08 20:06:26,446 [INFO] PluginManage:310 - Check plugin tutovideos
2024-11-08 20:06:26,599 [INFO] PluginManage:359 - Loaded plugin tutovideos (category:base,tabindex:-1)
2024-11-08 20:06:26,599 [INFO] PluginManage:310 - Check plugin updater
2024-11-08 20:06:26,608 [INFO] PluginManage:359 - Loaded plugin updater (category:base,tabindex:12)
2024-11-08 20:06:26,608 [INFO] PluginManage:310 - Check plugin userauth
2024-11-08 20:06:26,612 [INFO] UserAuth:114 - Init User Auth plugin
2024-11-08 20:06:26,612 [INFO] PluginManage:359 - Loaded plugin userauth (category:base,tabindex:14)
2024-11-08 20:06:26,612 [INFO] PluginManage:283 - PluginManage : Loaded plugins [17]
2024-11-08 20:06:26,776 [INFO] PinOutPanel:1561 - setPackage(No Configuration,No Configuration)
2024-11-08 20:06:26,837 [INFO] CADModel:165 - CPN selected for project level
2024-11-08 20:06:26,837 [INFO] CADModel:114 - Register for checkConnection events
2024-11-08 20:06:26,861 [INFO] IPUIPlugin:80 - create IPUIPlugin
2024-11-08 20:06:26,861 [INFO] PluginManager:220 - loadIPPluginJar : add adc
2024-11-08 20:06:26,888 [INFO] IPUIPlugin:80 - create IPUIPlugin
2024-11-08 20:06:26,888 [INFO] PluginManager:220 - loadIPPluginJar : add aes
2024-11-08 20:06:26,918 [INFO] IPUIPlugin:80 - create IPUIPlugin
2024-11-08 20:06:26,918 [INFO] PluginManager:220 - loadIPPluginJar : add can
2024-11-08 20:06:26,935 [INFO] IPUIPlugin:80 - create IPUIPlugin
2024-11-08 20:06:26,936 [INFO] PluginManager:220 - loadIPPluginJar : add comp
2024-11-08 20:06:26,960 [INFO] IPUIPlugin:80 - create IPUIPlugin
2024-11-08 20:06:26,960 [INFO] PluginManager:220 - loadIPPluginJar : add cryp
2024-11-08 20:06:26,982 [INFO] IPUIPlugin:80 - create IPUIPlugin
2024-11-08 20:06:26,982 [INFO] PluginManager:220 - loadIPPluginJar : add dfsdm
2024-11-08 20:06:26,992 [INFO] IPUIPlugin:80 - create IPUIPlugin
2024-11-08 20:06:26,992 [INFO] PluginManager:220 - loadIPPluginJar : add dma
2024-11-08 20:06:27,023 [INFO] IPUIPlugin:80 - create IPUIPlugin
2024-11-08 20:06:27,023 [INFO] PluginManager:220 - loadIPPluginJar : add dma3
2024-11-08 20:06:27,057 [INFO] IPUIPlugin:80 - create IPUIPlugin
2024-11-08 20:06:27,057 [INFO] PluginManager:220 - loadIPPluginJar : add extmemmanager
2024-11-08 20:06:27,078 [INFO] IPUIPlugin:80 - create IPUIPlugin
2024-11-08 20:06:27,078 [INFO] PluginManager:220 - loadIPPluginJar : add fatfs
2024-11-08 20:06:27,125 [INFO] IPUIPlugin:80 - create IPUIPlugin
2024-11-08 20:06:27,125 [INFO] PluginManager:220 - loadIPPluginJar : add fmc
2024-11-08 20:06:27,136 [INFO] IPUIPlugin:80 - create IPUIPlugin
2024-11-08 20:06:27,136 [INFO] PluginManager:220 - loadIPPluginJar : add freertos
2024-11-08 20:06:27,151 [INFO] IPUIPlugin:80 - create IPUIPlugin
2024-11-08 20:06:27,151 [INFO] PluginManager:220 - loadIPPluginJar : add genericplugin
2024-11-08 20:06:27,222 [INFO] IPUIPlugin:80 - create IPUIPlugin
2024-11-08 20:06:27,222 [INFO] PluginManager:220 - loadIPPluginJar : add gfxmmu
2024-11-08 20:06:27,315 [INFO] IPUIPlugin:80 - create IPUIPlugin
2024-11-08 20:06:27,315 [INFO] PluginManager:220 - loadIPPluginJar : add gic
2024-11-08 20:06:27,325 [INFO] IPUIPlugin:80 - create IPUIPlugin
2024-11-08 20:06:27,325 [INFO] PluginManager:220 - loadIPPluginJar : add gpio
2024-11-08 20:06:27,406 [INFO] IPUIPlugin:80 - create IPUIPlugin
2024-11-08 20:06:27,406 [INFO] PluginManager:220 - loadIPPluginJar : add gtzc
2024-11-08 20:06:27,431 [INFO] IPUIPlugin:80 - create IPUIPlugin
2024-11-08 20:06:27,431 [INFO] PluginManager:220 - loadIPPluginJar : add hash
2024-11-08 20:06:27,469 [INFO] IPUIPlugin:80 - create IPUIPlugin
2024-11-08 20:06:27,469 [INFO] PluginManager:220 - loadIPPluginJar : add i2c
2024-11-08 20:06:27,498 [INFO] IPUIPlugin:80 - create IPUIPlugin
2024-11-08 20:06:27,498 [INFO] PluginManager:220 - loadIPPluginJar : add i2s
2024-11-08 20:06:27,527 [INFO] IPUIPlugin:80 - create IPUIPlugin
2024-11-08 20:06:27,527 [INFO] PluginManager:220 - loadIPPluginJar : add i3c
2024-11-08 20:06:27,602 [INFO] IPUIPlugin:80 - create IPUIPlugin
2024-11-08 20:06:27,603 [INFO] PluginManager:220 - loadIPPluginJar : add ipddr
2024-11-08 20:06:27,683 [INFO] IPUIPlugin:80 - create IPUIPlugin
2024-11-08 20:06:27,683 [INFO] PluginManager:220 - loadIPPluginJar : add linkedlist
2024-11-08 20:06:27,722 [INFO] IPUIPlugin:80 - create IPUIPlugin
2024-11-08 20:06:27,722 [INFO] PluginManager:220 - loadIPPluginJar : add lorawan
2024-11-08 20:06:27,748 [INFO] IPUIPlugin:80 - create IPUIPlugin
2024-11-08 20:06:27,748 [INFO] PluginManager:220 - loadIPPluginJar : add ltdc
2024-11-08 20:06:27,759 [INFO] IPUIPlugin:80 - create IPUIPlugin
2024-11-08 20:06:27,759 [INFO] PluginManager:220 - loadIPPluginJar : add mdma
2024-11-08 20:06:27,768 [INFO] IPUIPlugin:80 - create IPUIPlugin
2024-11-08 20:06:27,768 [INFO] PluginManager:220 - loadIPPluginJar : add nvic
2024-11-08 20:06:27,796 [INFO] IPUIPlugin:80 - create IPUIPlugin
2024-11-08 20:06:27,796 [INFO] PluginManager:220 - loadIPPluginJar : add opamp
2024-11-08 20:06:27,845 [INFO] IPUIPlugin:80 - create IPUIPlugin
2024-11-08 20:06:27,845 [INFO] PluginManager:220 - loadIPPluginJar : add openamp
2024-11-08 20:06:27,875 [INFO] IPUIPlugin:80 - create IPUIPlugin
2024-11-08 20:06:27,875 [INFO] PluginManager:220 - loadIPPluginJar : add pdm2pcm
2024-11-08 20:06:27,886 [INFO] IPUIPlugin:80 - create IPUIPlugin
2024-11-08 20:06:27,887 [INFO] PluginManager:220 - loadIPPluginJar : add plateformsettings
2024-11-08 20:06:27,904 [INFO] IPUIPlugin:80 - create IPUIPlugin
2024-11-08 20:06:27,904 [INFO] PluginManager:220 - loadIPPluginJar : add quadspi
2024-11-08 20:06:27,913 [INFO] IPUIPlugin:80 - create IPUIPlugin
2024-11-08 20:06:27,913 [INFO] PluginManager:220 - loadIPPluginJar : add resmgrutility
2024-11-08 20:06:27,949 [INFO] IPUIPlugin:80 - create IPUIPlugin
2024-11-08 20:06:27,949 [INFO] PluginManager:220 - loadIPPluginJar : add sai
2024-11-08 20:06:27,975 [INFO] IPUIPlugin:80 - create IPUIPlugin
2024-11-08 20:06:27,975 [INFO] PluginManager:220 - loadIPPluginJar : add spi
2024-11-08 20:06:28,023 [INFO] IPUIPlugin:80 - create IPUIPlugin
2024-11-08 20:06:28,023 [INFO] PluginManager:220 - loadIPPluginJar : add stm32_wpan
2024-11-08 20:06:28,041 [INFO] IPUIPlugin:80 - create IPUIPlugin
2024-11-08 20:06:28,041 [INFO] PluginManager:220 - loadIPPluginJar : add tim
2024-11-08 20:06:28,085 [INFO] IPUIPlugin:80 - create IPUIPlugin
2024-11-08 20:06:28,085 [INFO] PluginManager:220 - loadIPPluginJar : add touchsensing
2024-11-08 20:06:28,110 [INFO] IPUIPlugin:80 - create IPUIPlugin
2024-11-08 20:06:28,111 [INFO] PluginManager:220 - loadIPPluginJar : add tracer_emb
2024-11-08 20:06:28,140 [INFO] IPUIPlugin:80 - create IPUIPlugin
2024-11-08 20:06:28,140 [INFO] PluginManager:220 - loadIPPluginJar : add ts
2024-11-08 20:06:28,157 [INFO] IPUIPlugin:80 - create IPUIPlugin
2024-11-08 20:06:28,157 [INFO] PluginManager:220 - loadIPPluginJar : add tsc
2024-11-08 20:06:28,174 [INFO] IPUIPlugin:80 - create IPUIPlugin
2024-11-08 20:06:28,174 [INFO] PluginManager:220 - loadIPPluginJar : add ucpd
2024-11-08 20:06:28,210 [INFO] IPUIPlugin:80 - create IPUIPlugin
2024-11-08 20:06:28,210 [INFO] PluginManager:220 - loadIPPluginJar : add usart
2024-11-08 20:06:28,241 [INFO] IPUIPlugin:80 - create IPUIPlugin
2024-11-08 20:06:28,241 [INFO] PluginManager:220 - loadIPPluginJar : add usbx
2024-11-08 20:06:28,347 [INFO] CADModel:165 - CPN selected for project level
2024-11-08 20:06:28,347 [INFO] CADModel:114 - Register for checkConnection events
2024-11-08 20:06:28,348 [FATAL] Updater:308 - Updater called before beeing initialized
2024-11-08 20:06:28,348 [ERROR] CADModel:125 - Updater not yet initialized, retry later 
2024-11-08 20:06:28,463 [INFO] CADModel:165 - CPN selected for project level
2024-11-08 20:06:28,463 [INFO] CADModel:114 - Register for checkConnection events
2024-11-08 20:06:28,463 [FATAL] Updater:308 - Updater called before beeing initialized
2024-11-08 20:06:28,463 [ERROR] CADModel:125 - Updater not yet initialized, retry later 
2024-11-08 20:06:28,467 [FATAL] Updater:308 - Updater called before beeing initialized
2024-11-08 20:06:28,536 [FATAL] Updater:308 - Updater called before beeing initialized
2024-11-08 20:06:28,544 [INFO] DbMcusAds:53 - JSON generation date=Thu May 16 14:52:00 IST 2024 (1715851320667)
2024-11-08 20:06:28,544 [FATAL] Updater:308 - Updater called before beeing initialized
2024-11-08 20:06:28,606 [WARN] DetailPanel:346 - Failed to get advertising image, set to default
2024-11-08 20:06:28,689 [FATAL] Updater:308 - Updater called before beeing initialized
2024-11-08 20:06:28,691 [FATAL] Updater:308 - Updater called before beeing initialized
2024-11-08 20:06:28,691 [FATAL] Updater:308 - Updater called before beeing initialized
2024-11-08 20:06:28,691 [WARN] DetailPanel:346 - Failed to get advertising image, set to default
2024-11-08 20:06:28,691 [FATAL] Updater:308 - Updater called before beeing initialized
2024-11-08 20:06:28,736 [ERROR] Updater:1120 - MainUpdater not yet initialized. External WinMGr cannot be set.
2024-11-08 20:06:28,745 [INFO] Updater:1056 - Updater Version found : 6.11.1
2024-11-08 20:06:28,760 [INFO] ApplicationProperties:184 - Using Application install path: C:\ST\STM32CubeIDE_1.10.1\STM32CubeIDE\plugins\com.st.stm32cube.common.mx_6.11.1.202404110753
2024-11-08 20:06:29,421 [INFO] ThirdPartyUpdaterWithRetryManager:70 - Updater plugin not ready yet. [2/15]
2024-11-08 20:06:30,337 [ERROR] LogOutputStream:75 - [STDERR_REDIRECT] Nov 08, 2024 8:06:30 PM java.util.prefs.WindowsPreferences <init>
2024-11-08 20:06:30,338 [ERROR] LogOutputStream:75 - [STDERR_REDIRECT] WARNING: Could not open/create prefs root node Software\JavaSoft\Prefs at root 0xffffffff80000002. Windows RegCreateKeyEx(...) returned error code 5.
2024-11-08 20:06:30,338 [ERROR] LogOutputStream:75 - [STDERR_REDIRECT] 
2024-11-08 20:06:31,195 [INFO] MainUpdater:2873 - connection check result : 10
2024-11-08 20:06:31,195 [INFO] MainUpdater:3567 - Updater definition file requires update
2024-11-08 20:06:31,196 [INFO] MainUpdater:290 - Updater Check For Update Now.
2024-11-08 20:06:31,196 [INFO] MicroXplorer:498 - Change Database Version : DB.6.0.111
2024-11-08 20:06:31,208 [INFO] McuFinderGlobals:63 - Set McuFinder mode to 2 (CubeIDE integrated)
2024-11-08 20:06:31,208 [INFO] UserAuth:179 - activating auth plugin
2024-11-08 20:06:31,210 [INFO] UserAuth:415 - Internet connection configuration mode: 1
2024-11-08 20:06:31,227 [INFO] JxBrowserEngine:152 - Initiate JxBrowser Engine with user profile folder
2024-11-08 20:06:31,478 [INFO] ServerAccessManage:473 - Download File updaters.zip
2024-11-08 20:06:31,677 [INFO] FileExtend:240 - Unzip File : updaters.zip
2024-11-08 20:06:31,677 [INFO] FileExtend:255 - Standard Zip Deflate
2024-11-08 20:06:32,241 [INFO] ServerAccessManage:473 - Download File PacksControlFlags.xml
2024-11-08 20:06:32,365 [INFO] ServerAccessManage:473 - Download File cubemx.pidx
2024-11-08 20:06:32,423 [WARN] MainUpdater:1194 - Updater busy. Cannot search thirdparties
2024-11-08 20:06:32,423 [INFO] ThirdPartyUpdaterWithRetryManager:96 - Updater plugin is busy. [1/15]
2024-11-08 20:06:32,428 [INFO] LoadServerUpdatesThread:375 - End of LoadServerUpdate Thread
2024-11-08 20:06:32,620 [INFO] CheckServerUpdateThread:120 - End of CheckServer Thread
2024-11-08 20:06:35,593 [WARN] PackLoader:240 - Cannot read IP mode file for STMicroelectronics.FP-SNS-MOTENVWB1.1.4.0
2024-11-08 20:06:35,607 [WARN] PackLoader:240 - Cannot read IP mode file for STMicroelectronics.X-CUBE-SMBUS.2.1.0
2024-11-08 20:06:35,618 [WARN] PackLoader:240 - Cannot read IP mode file for STMicroelectronics.X-CUBE-WB05N.1.1.0
2024-11-08 20:06:35,629 [WARN] PackLoader:240 - Cannot read IP mode file for STMicroelectronics.X-CUBE-TOUCHGFX.4.23.1
2024-11-08 20:06:35,637 [WARN] PackLoader:240 - Cannot read IP mode file for STMicroelectronics.X-CUBE-TOUCHGFX.4.23.0
2024-11-08 20:06:35,646 [WARN] PackLoader:240 - Cannot read IP mode file for STMicroelectronics.X-CUBE-TOUCHGFX.4.23.2
2024-11-08 20:06:35,672 [WARN] PackLoader:240 - Cannot read IP mode file for STMicroelectronics.X-CUBE-AZRTOS-F7.1.1.0
2024-11-08 20:06:35,684 [ERROR] RealEvaluatedCondition:428 - Found unsupported composite condition: CLASS='Data Exchange' GROUP='STM32_MetaDataManager'
2024-11-08 20:06:35,684 [ERROR] RealEvaluatedCondition:428 - Found unsupported composite condition: GROUP='STM32_MetaDataManager' CLASS='Data Exchange'
2024-11-08 20:06:35,685 [WARN] PackLoader:240 - Cannot read IP mode file for STMicroelectronics.FP-SNS-MOTENV1.4.3.0
2024-11-08 20:06:35,697 [WARN] PackLoader:240 - Cannot read IP mode file for STMicroelectronics.FP-SNS-MOTENV1.4.3.2
2024-11-08 20:06:35,707 [WARN] PackLoader:240 - Cannot read IP mode file for STMicroelectronics.FP-SNS-FLIGHT1.5.0.0
2024-11-08 20:06:35,718 [ERROR] RealEvaluatedCondition:428 - Found unsupported composite condition: CLASS='Data Exchange' GROUP='STM32_MetaDataManager'
2024-11-08 20:06:35,718 [ERROR] RealEvaluatedCondition:428 - Found unsupported composite condition: GROUP='STM32_MetaDataManager' CLASS='Data Exchange'
2024-11-08 20:06:35,718 [WARN] PackLoader:240 - Cannot read IP mode file for STMicroelectronics.FP-SNS-MOTENV1.4.3.1
2024-11-08 20:06:35,728 [WARN] PackLoader:240 - Cannot read IP mode file for STMicroelectronics.FP-SNS-FLIGHT1.5.0.1
2024-11-08 20:06:35,740 [WARN] PackLoader:240 - Cannot read IP mode file for STMicroelectronics.X-CUBE-BLE1.6.2.3
2024-11-08 20:06:35,786 [WARN] PackLoader:240 - Cannot read IP mode file for STMicroelectronics.X-CUBE-MEMS1.11.0.0
2024-11-08 20:06:35,908 [WARN] PackLoader:240 - Cannot read IP mode file for STMicroelectronics.X-CUBE-BLE1.6.2.4
2024-11-08 20:06:35,918 [WARN] PackLoader:240 - Cannot read IP mode file for STMicroelectronics.FP-SNS-FLIGHT1.5.0.2
2024-11-08 20:06:35,934 [WARN] PackLoader:240 - Cannot read IP mode file for STMicroelectronics.X-CUBE-TOF1.3.1.0
2024-11-08 20:06:35,955 [WARN] PackLoader:240 - Cannot read IP mode file for STMicroelectronics.X-CUBE-DISPLAY.3.0.0
2024-11-08 20:06:35,971 [WARN] PackLoader:240 - Cannot read IP mode file for STMicroelectronics.X-CUBE-BLE1.7.0.0
2024-11-08 20:06:35,987 [WARN] PackLoader:240 - Cannot read IP mode file for STMicroelectronics.X-CUBE-NFC10.1.0.0
2024-11-08 20:06:36,000 [WARN] PackLoader:240 - Cannot read IP mode file for STMicroelectronics.X-CUBE-TOUCHGFX.4.22.0
2024-11-08 20:06:36,048 [WARN] PackLoader:240 - Cannot read IP mode file for STMicroelectronics.X-CUBE-MEMS1.9.3.0
2024-11-08 20:06:36,121 [WARN] PackLoader:240 - Cannot read IP mode file for STMicroelectronics.X-CUBE-AI.7.2.0
2024-11-08 20:06:36,140 [WARN] PackLoader:240 - Cannot read IP mode file for STMicroelectronics.X-CUBE-BLEMGR.3.1.0
2024-11-08 20:06:36,156 [WARN] PackLoader:240 - Cannot read IP mode file for STMicroelectronics.FP-SNS-SMARTAG2.1.2.0
2024-11-08 20:06:36,175 [INFO] LogOutputStream:77 - [STDOUT_REDIRECT] 1 : Invalid condition id : UX_CORESTACK_Condition cause : null
2024-11-08 20:06:36,175 [INFO] LogOutputStream:77 - [STDOUT_REDIRECT] 1 : Invalid condition id : UX_CORESTACK_Condition cause : null
2024-11-08 20:06:36,177 [INFO] LogOutputStream:77 - [STDOUT_REDIRECT] 1 : Invalid condition id : UX_CORESTACK_Condition cause : null
2024-11-08 20:06:36,178 [INFO] LogOutputStream:77 - [STDOUT_REDIRECT] 1 : Invalid condition id : UX_CORESTACK_Condition cause : null
2024-11-08 20:06:36,179 [INFO] LogOutputStream:77 - [STDOUT_REDIRECT] 1 : Invalid condition id : UX_CORESTACK_Condition cause : null
2024-11-08 20:06:36,180 [WARN] PackLoader:240 - Cannot read IP mode file for STMicroelectronics.X-CUBE-AZRTOS-WL.2.0.0
2024-11-08 20:06:36,198 [WARN] PackLoader:240 - Cannot read IP mode file for STMicroelectronics.FP-SNS-MOTENV1.5.0.0
2024-11-08 20:06:36,212 [WARN] PackLoader:240 - Cannot read IP mode file for wolfSSL.I-CUBE-wolfMQTT.1.19.0
2024-11-08 20:06:36,227 [WARN] PackLoader:240 - Cannot read IP mode file for WES.I-CUBE-Cesium.1.3.0
2024-11-08 20:06:36,242 [WARN] PackLoader:240 - Cannot read IP mode file for STMicroelectronics.X-CUBE-BLE2.3.3.0
2024-11-08 20:06:36,255 [WARN] PackLoader:240 - Cannot read IP mode file for STMicroelectronics.X-CUBE-DISPLAY.2.2.0
2024-11-08 20:06:36,273 [WARN] PackLoader:240 - Cannot read IP mode file for STMicroelectronics.X-CUBE-TOF1.3.2.0
2024-11-08 20:06:36,288 [WARN] PackLoader:240 - Cannot read IP mode file for STMicroelectronics.X-CUBE-ISPU.1.0.0
2024-11-08 20:06:36,304 [WARN] PackLoader:240 - Cannot read IP mode file for STMicroelectronics.X-CUBE-NFC9.1.0.0
2024-11-08 20:06:36,335 [WARN] PackLoader:240 - Cannot read IP mode file for STMicroelectronics.X-CUBE-AZRTOS-H7.2.1.0
2024-11-08 20:06:36,361 [WARN] PackLoader:240 - Cannot read IP mode file for STMicroelectronics.X-CUBE-TCPP.4.1.0
2024-11-08 20:06:36,376 [WARN] PackLoader:240 - Cannot read IP mode file for STMicroelectronics.X-CUBE-TOUCHGFX.4.21.1
2024-11-08 20:06:36,390 [WARN] PackLoader:240 - Cannot read IP mode file for STMicroelectronics.X-CUBE-TOUCHGFX.4.21.3
2024-11-08 20:06:36,405 [WARN] PackLoader:240 - Cannot read IP mode file for STMicroelectronics.X-CUBE-TOUCHGFX.4.21.4
2024-11-08 20:06:36,453 [WARN] PackLoader:240 - Cannot read IP mode file for STMicroelectronics.X-CUBE-MEMS1.9.4.0
2024-11-08 20:06:36,514 [WARN] PackLoader:240 - Cannot read IP mode file for STMicroelectronics.X-CUBE-AI.7.3.0
2024-11-08 20:06:36,526 [WARN] PackLoader:240 - Cannot read IP mode file for STMicroelectronics.X-CUBE-ALGOBUILD.1.3.0
2024-11-08 20:06:36,548 [WARN] PackLoader:240 - Cannot read IP mode file for STMicroelectronics.X-CUBE-AZRTOS-G0.1.1.0
2024-11-08 20:06:36,563 [WARN] PackLoader:240 - Cannot read IP mode file for STMicroelectronics.X-CUBE-SAFEA1.1.2.2
2024-11-08 20:06:36,577 [WARN] PackLoader:240 - Cannot read IP mode file for STMicroelectronics.X-CUBE-NFC4.3.0.0
2024-11-08 20:06:36,606 [WARN] PackLoader:240 - Cannot read IP mode file for SEGGER.I-CUBE-embOS.1.2.0
2024-11-08 20:06:36,697 [WARN] PackLoader:240 - Cannot read IP mode file for EmbeddedOffice.I-CUBE-FS-RTOS.1.0.1
2024-11-08 20:06:36,698 [ERROR] ConditionMgr:805 - Attr not supported : Dmpu
2024-11-08 20:06:36,698 [ERROR] ConditionMgr:805 - Attr not supported : Dmpu
2024-11-08 20:06:36,698 [ERROR] ConditionMgr:805 - Attr not supported : Dmpu
2024-11-08 20:06:36,698 [ERROR] ConditionMgr:805 - Attr not supported : Dmpu
2024-11-08 20:06:36,698 [ERROR] ConditionMgr:805 - Attr not supported : Dmpu
2024-11-08 20:06:36,698 [ERROR] ConditionMgr:805 - Attr not supported : Dmpu
2024-11-08 20:06:36,698 [ERROR] ConditionMgr:805 - Attr not supported : Dmpu
2024-11-08 20:06:36,698 [ERROR] ConditionMgr:805 - Attr not supported : Dmpu
2024-11-08 20:06:36,698 [ERROR] ConditionMgr:805 - Attr not supported : Dmpu
2024-11-08 20:06:36,698 [ERROR] ConditionMgr:805 - Attr not supported : Dmpu
2024-11-08 20:06:36,698 [ERROR] ConditionMgr:805 - Attr not supported : Dmpu
2024-11-08 20:06:36,698 [ERROR] ConditionMgr:805 - Attr not supported : Dmpu
2024-11-08 20:06:36,698 [ERROR] ConditionMgr:805 - Attr not supported : Dmpu
2024-11-08 20:06:36,698 [ERROR] ConditionMgr:805 - Attr not supported : Dmpu
2024-11-08 20:06:36,698 [ERROR] ConditionMgr:805 - Attr not supported : Dmpu
2024-11-08 20:06:36,698 [ERROR] ConditionMgr:805 - Attr not supported : Dmpu
2024-11-08 20:06:36,698 [ERROR] ConditionMgr:805 - Attr not supported : Dmpu
2024-11-08 20:06:36,698 [ERROR] ConditionMgr:805 - Attr not supported : Dmpu
2024-11-08 20:06:36,698 [ERROR] ConditionMgr:805 - Attr not supported : Dmpu
2024-11-08 20:06:36,698 [ERROR] ConditionMgr:805 - Attr not supported : Dmpu
2024-11-08 20:06:36,698 [ERROR] ConditionMgr:805 - Attr not supported : Dmpu
2024-11-08 20:06:36,698 [ERROR] ConditionMgr:805 - Attr not supported : Dmpu
2024-11-08 20:06:36,698 [ERROR] ConditionMgr:805 - Attr not supported : Dmpu
2024-11-08 20:06:36,698 [ERROR] ConditionMgr:805 - Attr not supported : Dmpu
2024-11-08 20:06:36,698 [ERROR] ConditionMgr:805 - Attr not supported : Dmpu
2024-11-08 20:06:36,698 [ERROR] ConditionMgr:805 - Attr not supported : Dmpu
2024-11-08 20:06:36,699 [ERROR] ConditionMgr:805 - Attr not supported : Dmpu
2024-11-08 20:06:36,699 [ERROR] ConditionMgr:805 - Attr not supported : Dmpu
2024-11-08 20:06:36,699 [ERROR] ConditionMgr:805 - Attr not supported : Dmpu
2024-11-08 20:06:36,699 [ERROR] ConditionMgr:805 - Attr not supported : Dmpu
2024-11-08 20:06:36,699 [ERROR] ConditionMgr:805 - Attr not supported : Dmpu
2024-11-08 20:06:36,699 [ERROR] ConditionMgr:805 - Attr not supported : Dmpu
2024-11-08 20:06:36,699 [ERROR] ConditionMgr:805 - Attr not supported : Dmpu
2024-11-08 20:06:36,699 [ERROR] ConditionMgr:805 - Attr not supported : Dmpu
2024-11-08 20:06:36,699 [ERROR] ConditionMgr:805 - Attr not supported : Dmpu
2024-11-08 20:06:36,699 [ERROR] ConditionMgr:805 - Attr not supported : Dmpu
2024-11-08 20:06:36,699 [ERROR] ConditionMgr:805 - Attr not supported : Dmpu
2024-11-08 20:06:36,699 [ERROR] ConditionMgr:805 - Attr not supported : Dmpu
2024-11-08 20:06:36,699 [ERROR] ConditionMgr:805 - Attr not supported : Dmpu
2024-11-08 20:06:36,699 [ERROR] ConditionMgr:805 - Attr not supported : Dmpu
2024-11-08 20:06:36,699 [ERROR] ConditionMgr:805 - Attr not supported : Dmpu
2024-11-08 20:06:36,699 [ERROR] ConditionMgr:805 - Attr not supported : Dmpu
2024-11-08 20:06:36,699 [ERROR] ConditionMgr:805 - Attr not supported : Dmpu
2024-11-08 20:06:36,699 [ERROR] ConditionMgr:805 - Attr not supported : Dmpu
2024-11-08 20:06:36,699 [ERROR] ConditionMgr:805 - Attr not supported : Dmpu
2024-11-08 20:06:36,699 [ERROR] ConditionMgr:805 - Attr not supported : Dmpu
2024-11-08 20:06:36,699 [ERROR] ConditionMgr:805 - Attr not supported : Dmpu
2024-11-08 20:06:36,699 [ERROR] ConditionMgr:805 - Attr not supported : Dmpu
2024-11-08 20:06:36,699 [ERROR] ConditionMgr:805 - Attr not supported : Dmpu
2024-11-08 20:06:36,699 [ERROR] ConditionMgr:805 - Attr not supported : Dmpu
2024-11-08 20:06:36,699 [ERROR] ConditionMgr:805 - Attr not supported : Dmpu
2024-11-08 20:06:36,699 [ERROR] ConditionMgr:805 - Attr not supported : Dmpu
2024-11-08 20:06:36,699 [ERROR] ConditionMgr:805 - Attr not supported : Dmpu
2024-11-08 20:06:36,699 [ERROR] ConditionMgr:805 - Attr not supported : Dmpu
2024-11-08 20:06:36,699 [ERROR] ConditionMgr:805 - Attr not supported : Dmpu
2024-11-08 20:06:36,699 [ERROR] ConditionMgr:805 - Attr not supported : Dmpu
2024-11-08 20:06:36,699 [ERROR] ConditionMgr:805 - Attr not supported : Dmpu
2024-11-08 20:06:36,700 [ERROR] ConditionMgr:805 - Attr not supported : Dmpu
2024-11-08 20:06:36,700 [ERROR] ConditionMgr:805 - Attr not supported : Dmpu
2024-11-08 20:06:36,700 [ERROR] ConditionMgr:805 - Attr not supported : Dmpu
2024-11-08 20:06:36,700 [ERROR] ConditionMgr:805 - Attr not supported : Dmpu
2024-11-08 20:06:36,700 [ERROR] ConditionMgr:805 - Attr not supported : Dmpu
2024-11-08 20:06:36,700 [ERROR] ConditionMgr:805 - Attr not supported : Dmpu
2024-11-08 20:06:36,700 [ERROR] ConditionMgr:805 - Attr not supported : Dmpu
2024-11-08 20:06:36,769 [WARN] PackLoader:240 - Cannot read IP mode file for STMicroelectronics.X-CUBE-BLEMGR.3.0.0
2024-11-08 20:06:36,805 [WARN] PackLoader:240 - Cannot read IP mode file for STMicroelectronics.X-CUBE-BLEMGR.1.3.0
2024-11-08 20:06:36,814 [WARN] PackLoader:240 - Cannot read IP mode file for RealThread.X-CUBE-RT-Thread_Nano.4.1.1
2024-11-08 20:06:36,831 [WARN] PackLoader:240 - Cannot read IP mode file for STMicroelectronics.FP-ATR-SIGFOX1.3.2.0
2024-11-08 20:06:36,842 [WARN] PackLoader:240 - Cannot read IP mode file for STMicroelectronics.X-CUBE-EEPRMA1.5.1.0
2024-11-08 20:06:36,853 [WARN] PackLoader:240 - Cannot read IP mode file for emotas.I-CUBE-CANOPEN.1.1.2
2024-11-08 20:06:36,864 [WARN] PackLoader:240 - Cannot read IP mode file for STMicroelectronics.X-CUBE-TOUCHGFX.4.20.0
2024-11-08 20:06:36,914 [WARN] PackLoader:240 - Cannot read IP mode file for STMicroelectronics.X-CUBE-MEMS1.9.5.0
2024-11-08 20:06:37,028 [WARN] PackLoader:240 - Cannot read IP mode file for SEGGER.I-CUBE-embOS.1.3.1
2024-11-08 20:06:37,052 [WARN] PackLoader:240 - Cannot read IP mode file for STMicroelectronics.X-CUBE-ALGOBUILD.1.4.0
2024-11-08 20:06:37,069 [WARN] PackLoader:240 - Cannot read IP mode file for STMicroelectronics.X-CUBE-AI.9.1.0
2024-11-08 20:06:37,086 [WARN] PackLoader:240 - Cannot read IP mode file for STMicroelectronics.X-CUBE-GNSS1.6.0.0
2024-11-08 20:06:37,115 [WARN] PackLoader:240 - Cannot read IP mode file for STMicroelectronics.X-CUBE-AZRTOS-F4.1.1.0
2024-11-08 20:06:37,128 [WARN] PackLoader:240 - Cannot read IP mode file for STMicroelectronics.X-CUBE-ISPU.2.1.0
2024-11-08 20:06:37,141 [WARN] PackLoader:240 - Cannot read IP mode file for STMicroelectronics.X-CUBE-FREERTOS.1.2.0
2024-11-08 20:06:37,156 [WARN] PackLoader:240 - Cannot read IP mode file for STMicroelectronics.X-CUBE-BLEMGR.1.2.0
2024-11-08 20:06:37,177 [INFO] WebApp:161 - Instantiating new browser for Auth
2024-11-08 20:06:37,182 [WARN] PackLoader:240 - Cannot read IP mode file for STMicroelectronics.X-CUBE-AZRTOS-L5.2.0.0
2024-11-08 20:06:37,248 [WARN] PackLoader:240 - Cannot read IP mode file for STMicroelectronics.X-CUBE-MEMS1.9.6.0
2024-11-08 20:06:37,328 [WARN] PackLoader:240 - Cannot read IP mode file for STMicroelectronics.X-CUBE-EEPRMA1.4.2.0
2024-11-08 20:06:37,347 [WARN] PackLoader:240 - Cannot read IP mode file for STMicroelectronics.X-CUBE-NFC6.3.1.0
2024-11-08 20:06:37,364 [WARN] PackLoader:240 - Cannot read IP mode file for ITTIA_DB.I-CUBE-ITTIADB.8.8.0
2024-11-08 20:06:37,378 [WARN] PackLoader:240 - Cannot read IP mode file for STMicroelectronics.X-CUBE-BLEMGR.2.0.0
2024-11-08 20:06:37,396 [WARN] PackLoader:240 - Cannot read IP mode file for STMicroelectronics.X-CUBE-DPower.1.2.0
2024-11-08 20:06:37,412 [WARN] PackLoader:240 - Cannot read IP mode file for STMicroelectronics.X-CUBE-NFC4.2.0.4
2024-11-08 20:06:37,429 [WARN] PackLoader:240 - Cannot read IP mode file for STMicroelectronics.X-CUBE-AI.9.0.0
2024-11-08 20:06:37,451 [WARN] ConditionMgr:438 - getConditionDescription Invalid condition id : UX DEVICE CLASS RTOS Condition cause : null
2024-11-08 20:06:37,451 [WARN] ConditionMgr:438 - getConditionDescription Invalid condition id : UX DEVICE CLASS RTOS Condition cause : null
2024-11-08 20:06:37,452 [WARN] PackLoader:240 - Cannot read IP mode file for STMicroelectronics.X-CUBE-AZRTOS-H7.3.1.0
2024-11-08 20:06:37,452 [WARN] ConditionMgr:1039 - genDependencies : Invalid condition id : UX DEVICE CLASS RTOS Condition cause : null
2024-11-08 20:06:37,452 [WARN] ConditionMgr:1039 - genDependencies : Invalid condition id : UX DEVICE CLASS RTOS Condition cause : null
2024-11-08 20:06:37,453 [WARN] ConditionMgr:1039 - genDependencies : Invalid condition id : UX DEVICE CLASS RTOS Condition cause : null
2024-11-08 20:06:37,453 [WARN] ConditionMgr:1039 - genDependencies : Invalid condition id : UX DEVICE CLASS RTOS Condition cause : null
2024-11-08 20:06:37,453 [WARN] ConditionMgr:1039 - genDependencies : Invalid condition id : UX DEVICE CLASS RTOS Condition cause : null
2024-11-08 20:06:37,467 [WARN] PackLoader:240 - Cannot read IP mode file for wolfSSL.I-CUBE-wolfSSL.5.5.0
2024-11-08 20:06:37,479 [WARN] PackLoader:240 - Cannot read IP mode file for STMicroelectronics.X-CUBE-NFC7.1.0.1
2024-11-08 20:06:37,492 [WARN] PackLoader:240 - Cannot read IP mode file for STMicroelectronics.X-CUBE-NFC7.1.0.0
2024-11-08 20:06:37,505 [WARN] PackLoader:240 - Cannot read IP mode file for wolfSSL.I-CUBE-wolfTPM.3.2.0
2024-11-08 20:06:37,518 [WARN] PackLoader:240 - Cannot read IP mode file for STMicroelectronics.X-CUBE-NFC6.3.0.0
2024-11-08 20:06:37,531 [WARN] PackLoader:240 - Cannot read IP mode file for STMicroelectronics.X-CUBE-EEPRMA1.4.1.0
2024-11-08 20:06:37,544 [WARN] PackLoader:240 - Cannot read IP mode file for STMicroelectronics.X-CUBE-AI.8.1.0
2024-11-08 20:06:37,570 [WARN] ConditionMgr:438 - getConditionDescription Invalid condition id : LAN8742 Phy interface Condition cause : null
2024-11-08 20:06:37,570 [WARN] PackLoader:240 - Cannot read IP mode file for STMicroelectronics.X-CUBE-AZRTOS-L4.2.0.0
2024-11-08 20:06:37,572 [WARN] ConditionMgr:1039 - genDependencies : Invalid condition id : LAN8742 Phy interface Condition cause : null
2024-11-08 20:06:37,572 [WARN] ConditionMgr:1039 - genDependencies : Invalid condition id : LAN8742 Phy interface Condition cause : null
2024-11-08 20:06:37,572 [WARN] ConditionMgr:1039 - genDependencies : Invalid condition id : LAN8742 Phy interface Condition cause : null
2024-11-08 20:06:37,598 [WARN] PackLoader:240 - Cannot read IP mode file for STMicroelectronics.X-CUBE-SFXS2LP1.4.0.0
2024-11-08 20:06:37,619 [WARN] PackLoader:240 - Cannot read IP mode file for STMicroelectronics.X-CUBE-AZRTOS-H7.3.0.0
2024-11-08 20:06:37,638 [WARN] PackLoader:240 - Cannot read IP mode file for STMicroelectronics.X-CUBE-ISPU.1.1.0
2024-11-08 20:06:37,659 [WARN] PackLoader:240 - Cannot read IP mode file for STMicroelectronics.X-CUBE-AZRTOS-H7.3.3.0
2024-11-08 20:06:37,672 [WARN] PackLoader:240 - Cannot read IP mode file for RoweBots.I-CUBE-UNISONRTOS.5.5.0-4
2024-11-08 20:06:37,683 [WARN] PackLoader:240 - Cannot read IP mode file for STMicroelectronics.X-CUBE-AI.8.0.0
2024-11-08 20:06:37,696 [WARN] PackLoader:240 - Cannot read IP mode file for STMicroelectronics.X-CUBE-IPS.3.0.0
2024-11-08 20:06:37,716 [WARN] ConditionMgr:438 - getConditionDescription Invalid condition id : UX DEVICE CLASS RTOS Condition cause : null
2024-11-08 20:06:37,716 [WARN] ConditionMgr:438 - getConditionDescription Invalid condition id : UX DEVICE CLASS RTOS Condition cause : null
2024-11-08 20:06:37,717 [WARN] PackLoader:240 - Cannot read IP mode file for STMicroelectronics.X-CUBE-AZRTOS-WB.2.0.0
2024-11-08 20:06:37,717 [WARN] ConditionMgr:1039 - genDependencies : Invalid condition id : UX DEVICE CLASS RTOS Condition cause : null
2024-11-08 20:06:37,718 [WARN] ConditionMgr:1039 - genDependencies : Invalid condition id : UX DEVICE CLASS RTOS Condition cause : null
2024-11-08 20:06:37,718 [WARN] ConditionMgr:1039 - genDependencies : Invalid condition id : UX DEVICE CLASS RTOS Condition cause : null
2024-11-08 20:06:37,718 [WARN] ConditionMgr:1039 - genDependencies : Invalid condition id : UX DEVICE CLASS RTOS Condition cause : null
2024-11-08 20:06:37,718 [WARN] ConditionMgr:1039 - genDependencies : Invalid condition id : UX DEVICE CLASS RTOS Condition cause : null
2024-11-08 20:06:37,728 [WARN] PackLoader:240 - Cannot read IP mode file for STMicroelectronics.X-CUBE-FREERTOS.1.0.0
2024-11-08 20:06:37,738 [WARN] PackLoader:240 - Cannot read IP mode file for STMicroelectronics.X-CUBE-FREERTOS.1.0.1
2024-11-08 20:06:37,750 [WARN] PackLoader:240 - Cannot read IP mode file for STMicroelectronics.X-CUBE-GNSS1.7.0.0
2024-11-08 20:06:37,760 [WARN] PackLoader:240 - Cannot read IP mode file for STMicroelectronics.X-CUBE-BLEMGR.1.0.0
2024-11-08 20:06:37,772 [WARN] PackLoader:240 - Cannot read IP mode file for STMicroelectronics.FP-SNS-STBOX1.2.0.0
2024-11-08 20:06:37,789 [WARN] PackLoader:240 - Cannot read IP mode file for STMicroelectronics.X-CUBE-AZRTOS-L5.1.1.0
2024-11-08 20:06:37,798 [WARN] PackLoader:240 - Cannot read IP mode file for STMicroelectronics.X-CUBE-AI.8.0.1
2024-11-08 20:06:37,811 [WARN] PackLoader:240 - Cannot read IP mode file for STMicroelectronics.X-CUBE-SUBG2.5.0.0
2024-11-08 20:06:37,838 [WARN] PackLoader:240 - Cannot read IP mode file for STMicroelectronics.X-CUBE-TOF1.3.3.1
2024-11-08 20:06:37,845 [INFO] WebApp:779 - Register for checkConnection events
2024-11-08 20:06:37,846 [INFO] WebApp:414 - Apply proxy settings
2024-11-08 20:06:37,846 [INFO] WebApp:499 - Chromium requires no authentication
2024-11-08 20:06:37,852 [INFO] WebApp:442 - Direct internet connection detected
2024-11-08 20:06:37,858 [WARN] PackLoader:240 - Cannot read IP mode file for STMicroelectronics.X-CUBE-AZRTOS-G4.2.0.0
2024-11-08 20:06:37,871 [WARN] PackLoader:240 - Cannot read IP mode file for STMicroelectronics.X-CUBE-TOF1.3.3.0
2024-11-08 20:06:37,883 [WARN] PackLoader:240 - Cannot read IP mode file for STMicroelectronics.FP-ATR-ASTRA1.1.1.1
2024-11-08 20:06:37,900 [WARN] PackLoader:240 - Cannot read IP mode file for Infineon.AIROC-Wi-Fi-Bluetooth-STM32.1.5.1
2024-11-08 20:06:37,911 [WARN] PackLoader:240 - Cannot read IP mode file for STMicroelectronics.FP-SNS-MOTENVWB1.1.3.1
2024-11-08 20:06:37,929 [WARN] PackLoader:240 - Cannot read IP mode file for STMicroelectronics.X-CUBE-AZRTOS-G4.1.0.0
2024-11-08 20:06:37,947 [WARN] PackLoader:240 - Cannot read IP mode file for STMicroelectronics.X-CUBE-AZRTOS-L4.1.0.0
2024-11-08 20:06:37,956 [WARN] PackLoader:240 - Cannot read IP mode file for STMicroelectronics.X-CUBE-ISPU.2.0.0
2024-11-08 20:06:37,965 [WARN] PackLoader:240 - Cannot read IP mode file for STMicroelectronics.X-CUBE-ALS.1.0.2
2024-11-08 20:06:37,993 [WARN] PackLoader:240 - Cannot read IP mode file for STMicroelectronics.X-CUBE-MEMS1.10.0.0
2024-11-08 20:06:38,017 [INFO] WebApp:192 - Starting web application
2024-11-08 20:06:38,017 [INFO] WebApp:544 - Web application path used C:\ST\STM32CubeIDE_1.10.1\STM32CubeIDE\plugins\com.st.stm32cube.common.mx_6.11.1.202404110753\db\plugins\mcufinder\reactClient1\index.html
2024-11-08 20:06:38,042 [WARN] PackLoader:240 - Cannot read IP mode file for STMicroelectronics.X-CUBE-FREERTOS.1.1.0
2024-11-08 20:06:38,050 [WARN] PackLoader:240 - Cannot read IP mode file for STMicroelectronics.X-CUBE-TOUCHGFX.4.24.0
2024-11-08 20:06:38,063 [WARN] PackLoader:240 - Cannot read IP mode file for STMicroelectronics.X-CUBE-AZRTOS-WL.1.0.0
2024-11-08 20:06:38,081 [WARN] PackLoader:240 - Cannot read IP mode file for STMicroelectronics.X-CUBE-TOUCHGFX.4.24.1
2024-11-08 20:06:38,095 [WARN] PackLoader:240 - Cannot read IP mode file for portGmbH.I-Cube-SoM-uGOAL.1.1.0
2024-11-08 20:06:38,109 [WARN] PackLoader:240 - Cannot read IP mode file for STMicroelectronics.X-CUBE-ALS.1.0.1
2024-11-08 20:06:38,125 [WARN] PackLoader:240 - Cannot read IP mode file for STMicroelectronics.X-CUBE-AZRTOS-WB.1.1.0
2024-11-08 20:06:38,140 [WARN] PackLoader:240 - Cannot read IP mode file for STMicroelectronics.X-CUBE-AZRTOS-L5.1.0.0
2024-11-08 20:06:38,153 [WARN] PackLoader:240 - Cannot read IP mode file for STMicroelectronics.X-CUBE-EEPRMA1.3.1.1
2024-11-08 20:06:38,181 [WARN] PackLoader:240 - Cannot read IP mode file for STMicroelectronics.X-CUBE-AZRTOS-H7RS.1.0.0
2024-11-08 20:06:38,195 [WARN] PackLoader:240 - Cannot read IP mode file for STMicroelectronics.FP-ATR-ASTRA1.2.0.0
2024-11-08 20:06:38,215 [WARN] PackLoader:240 - Cannot read IP mode file for STMicroelectronics.X-CUBE-TOF1.3.4.2
2024-11-08 20:06:38,232 [WARN] PackLoader:240 - Cannot read IP mode file for STMicroelectronics.X-CUBE-TOF1.3.4.0
2024-11-08 20:06:38,248 [WARN] PackLoader:240 - Cannot read IP mode file for STMicroelectronics.X-CUBE-TOF1.3.4.1
2024-11-08 20:06:38,269 [WARN] PackLoader:240 - Cannot read IP mode file for STMicroelectronics.X-CUBE-AZRTOS-H7.3.2.0
2024-11-08 20:06:38,279 [WARN] PackLoader:240 - Cannot read IP mode file for wolfSSL.I-CUBE-wolfSSH.1.4.17
2024-11-08 20:06:38,280 [INFO] ThirdParty:978 - Integrity check success = true
2024-11-08 20:06:38,280 [INFO] IntegrityCheckThread:100 - exiting critical section [integrity check]
2024-11-08 20:06:38,280 [INFO] IntegrityCheckThread:103 - End integrity checks thread
2024-11-08 20:27:20,997 [INFO] McuFinderGlobals:63 - Set McuFinder mode to 2 (CubeIDE integrated)
2024-11-08 20:27:21,017 [INFO] MainUpdater:2873 - connection check result : 10
2024-11-08 20:27:21,023 [INFO] MainUpdater:2873 - connection check result : 10
2024-11-08 20:27:21,139 [INFO] MicroXplorer:468 - Change Database Path : 
2024-11-08 20:27:21,139 [INFO] MicroXplorer:498 - Change Database Version : DB.6.0.111
2024-11-08 20:27:21,142 [WARN] ThirdParty:871 - waiting for thirdparty lock release [close project]
2024-11-08 20:27:21,142 [INFO] ThirdParty:873 - entering critical section [close project]
2024-11-08 20:27:21,143 [INFO] ThirdParty:883 - exiting critical section [close project]
2024-11-08 20:27:21,144 [INFO] PinOutPanel:1561 - setPackage(No Configuration,No Configuration)
2024-11-08 20:27:21,146 [INFO] UtilMem:75 - Begin LoadConfig() Used Memory: 692217232 Bytes (1073741824)
2024-11-08 20:27:21,147 [INFO] MicroXplorer:468 - Change Database Path : 
2024-11-08 20:27:21,147 [INFO] MicroXplorer:498 - Change Database Version : DB.6.0.111
2024-11-08 20:27:21,147 [INFO] OpenFileManager:312 - Change cursor
2024-11-08 20:27:21,183 [INFO] Mcu:2021 - Initializing MCU STM32G474R(B-C-E)Tx STM32G474RETx STM32G474RET6
2024-11-08 20:27:24,882 [INFO] Context:663 - Trying to add GPIOservice into a context  which must be forbidden
2024-11-08 20:27:26,432 [INFO] RtosManager:555 - Registered RTOS mode: class=CMSIS, group=RTOS, mode=CMSIS_V1, owner=FREERTOS
2024-11-08 20:27:26,432 [INFO] RtosManager:555 - Registered RTOS mode: class=CMSIS, group=RTOS2, mode=CMSIS_V2, owner=FREERTOS
2024-11-08 20:27:26,432 [INFO] RtosManager:555 - Registered RTOS mode: class=RTOS, group=Core, mode=CMSIS_V1, owner=FREERTOS
2024-11-08 20:27:26,432 [INFO] RtosManager:555 - Registered RTOS mode: class=RTOS, group=Core, mode=CMSIS_V2, owner=FREERTOS
2024-11-08 20:27:26,432 [WARN] ModelIntegratedComponent:184 - Missing modes for component STMicroelectronics:FreeRTOS:0.0.1:STMicroelectronics:RTOS:FreeRTOS:Core:::10.2.0:
2024-11-08 20:27:26,436 [WARN] ModelIntegratedComponent:63 - No mode defined for component null
2024-11-08 20:27:26,436 [WARN] ModelIntegratedComponent:63 - No mode defined for component null
2024-11-08 20:27:26,436 [WARN] ModelIntegratedComponent:63 - No mode defined for component null
2024-11-08 20:27:26,436 [WARN] ModelIntegratedComponent:63 - No mode defined for component null
2024-11-08 20:27:26,436 [WARN] ModelIntegratedComponent:63 - No mode defined for component null
2024-11-08 20:27:26,436 [WARN] ModelIntegratedComponent:63 - No mode defined for component null
2024-11-08 20:27:26,436 [WARN] ModelIntegratedComponent:63 - No mode defined for component null
2024-11-08 20:27:26,436 [WARN] ModelIntegratedComponent:63 - No mode defined for component null
2024-11-08 20:27:26,436 [WARN] ModelIntegratedComponent:63 - No mode defined for component null
2024-11-08 20:27:26,436 [WARN] ModelIntegratedComponent:63 - No mode defined for component null
2024-11-08 20:27:26,436 [WARN] ModelIntegratedComponent:63 - No mode defined for component null
2024-11-08 20:27:26,436 [WARN] ModelIntegratedComponent:63 - No mode defined for component null
2024-11-08 20:27:26,436 [WARN] ModelIntegratedComponent:63 - No mode defined for component null
2024-11-08 20:27:26,436 [WARN] ModelIntegratedComponent:63 - No mode defined for component null
2024-11-08 20:27:26,436 [WARN] ModelIntegratedComponent:63 - No mode defined for component null
2024-11-08 20:27:26,436 [WARN] ModelIntegratedComponent:63 - No mode defined for component null
2024-11-08 20:27:26,436 [WARN] ModelIntegratedComponent:63 - No mode defined for component null
2024-11-08 20:27:26,436 [WARN] ModelIntegratedComponent:63 - No mode defined for component null
2024-11-08 20:27:26,436 [WARN] ModelIntegratedComponent:63 - No mode defined for component null
2024-11-08 20:27:26,436 [WARN] ModelIntegratedComponent:63 - No mode defined for component null
2024-11-08 20:27:26,436 [WARN] ModelIntegratedComponent:63 - No mode defined for component null
2024-11-08 20:27:26,436 [WARN] ModelIntegratedComponent:63 - No mode defined for component null
2024-11-08 20:27:26,436 [WARN] ModelIntegratedComponent:63 - No mode defined for component null
2024-11-08 20:27:26,436 [WARN] ModelIntegratedComponent:63 - No mode defined for component null
2024-11-08 20:27:26,436 [WARN] ModelIntegratedComponent:63 - No mode defined for component null
2024-11-08 20:27:26,436 [WARN] ModelIntegratedComponent:63 - No mode defined for component null
2024-11-08 20:27:26,436 [WARN] ModelIntegratedComponent:63 - No mode defined for component null
2024-11-08 20:27:26,436 [WARN] ModelIntegratedComponent:63 - No mode defined for component null
2024-11-08 20:27:26,436 [WARN] ModelIntegratedComponent:63 - No mode defined for component null
2024-11-08 20:27:26,437 [WARN] ModelIntegratedComponent:63 - No mode defined for component null
2024-11-08 20:27:26,437 [WARN] ModelIntegratedComponent:63 - No mode defined for component null
2024-11-08 20:27:26,437 [WARN] ModelIntegratedComponent:63 - No mode defined for component null
2024-11-08 20:27:26,437 [WARN] ModelIntegratedComponent:63 - No mode defined for component null
2024-11-08 20:27:26,437 [WARN] ModelIntegratedComponent:63 - No mode defined for component null
2024-11-08 20:27:26,636 [INFO] ThirdPartyModel:298 - Start build external matchings
2024-11-08 20:27:28,473 [INFO] ThirdPartyModel:316 - End build external matchings
2024-11-08 20:27:28,533 [INFO] ImportTextPane:194 - (OptionalMessage_ERROR) IP (ADC1) : Parameter (CommonPathInternal) has invalid value (null|null|null|null)
2024-11-08 20:27:28,534 [INFO] ImportTextPane:194 - (OptionalMessage_ERROR) IP (ADC5) : Parameter (CommonPathInternal) has invalid value (null|ADC_CHANNEL_TEMPSENSOR_ADC1|null|null)
2024-11-08 20:27:28,986 [INFO] ApiDb:581 - Connected to CubeFinder SQLite database (C:\Users\saksh\.stmcufinder\plugins\mcufinder\mcu\cube-finder-db.db)
2024-11-08 20:27:29,065 [INFO] ApiDb:668 - CubeFinder database Data Model version=2.1
2024-11-08 20:27:29,065 [INFO] ApiDb:669 - CubeFinder database Configuration version=3.0.39
2024-11-08 20:27:29,066 [INFO] ApiDb:670 - CubeFinder database generation date=2024-06-20 (1718880634)
2024-11-08 20:27:29,067 [INFO] ApiDb:671 - CubeFinder database FW Pack versions=[FP-ATR-ASTRA1_V2.0.0, FP-SNS-FLIGHT1_V5.0.2, FP-SNS-MOTENV1_V5.0.0, FP-SNS-MOTENVWB1_V1.4.0, FP-SNS-SMARTAG2_V1.2.0, STM32Cube_FW_C0_V1.2.0, STM32Cube_FW_F4_V1.28.0, STM32Cube_FW_F7_V1.17.2, STM32Cube_FW_G0_V1.6.2, STM32Cube_FW_G4_V1.6.0, STM32Cube_FW_H5_V1.3.0, STM32Cube_FW_H7RS_V1.1.0, STM32Cube_FW_H7_V1.11.2, STM32Cube_FW_L0_V1.12.2, STM32Cube_FW_L5_V1.5.1, STM32Cube_FW_U0_V1.1.0, STM32Cube_FW_U5_V1.6.0, STM32Cube_FW_WB0_V1.0.0, STM32Cube_FW_WBA_V1.4.0, STM32Cube_FW_WB_V1.20.0, STM32Cube_FW_WL_V1.3.0, X-CUBE-ALGOBUILD_V1.4.0, X-CUBE-ALS_V1.0.2, X-CUBE-AZRTOS-F4_V1.1.0, X-CUBE-AZRTOS-F7_V1.1.0, X-CUBE-AZRTOS-G0_V1.1.0, X-CUBE-AZRTOS-G4_V2.0.0, X-CUBE-AZRTOS-H7RS_V1.0.0, X-CUBE-AZRTOS-H7_V3.2.0, X-CUBE-AZRTOS-L4_V2.0.0, X-CUBE-AZRTOS-L5_V1.1.0, X-CUBE-AZRTOS-WB_V2.0.0, X-CUBE-AZRTOS-WL_V2.0.0, X-CUBE-BLE1_V7.0.0, X-CUBE-BLE2_V3.3.0, X-CUBE-BLEMGR_V3.1.0, X-CUBE-EEPRMA1_V5.1.0, X-CUBE-FREERTOS_V1.2.0, X-CUBE-GNSS1_V6.0.0, X-CUBE-MEMS1_V10.0.0, X-CUBE-NFC4_V3.0.0, X-CUBE-NFC7_V1.0.1, X-CUBE-SFXS2LP1_V4.0.0, X-CUBE-SUBG2_V5.0.0, X-CUBE-TOF1_V3.4.1]
2024-11-08 20:27:29,196 [INFO] DbBoardsSqlite:226 - include board P-NUCLEO-WB55-NUCLEO as a kit item of type 'Nucleo-64'
2024-11-08 20:27:29,196 [INFO] DbBoardsSqlite:226 - include board P-NUCLEO-WB55-USBDONGLE as a kit item of type 'Nucleo USB Dongle'
2024-11-08 20:27:29,197 [INFO] DbBoardsSqlite:226 - include board STEVAL-IDP005V1 as a kit item of type 'Evaluation Board'
2024-11-08 20:27:29,198 [INFO] DbBoardsSqlite:226 - include board STEVAL-IDP005V2 as a kit item of type 'Evaluation Board'
2024-11-08 20:27:29,399 [INFO] ApiDb:240 - Found 483 in-development CPN: [B-G473E-ZEST1S, B-WB1M-WPAN1, B-WL5M-SUBG1, NUCLEO-C031C6, NUCLEO-H503RB, NUCLEO-H533RE, NUCLEO-H563ZI, NUCLEO-H7S3L8, NUCLEO-U031R8, NUCLEO-U083RC, NUCLEO-U545RE-Q, NUCLEO-U5A5ZJ-Q, NUCLEO-WBA52CG, NUCLEO-WBA55CG, STEVAL-PROTEUS1, STEVAL-SMARTAG2, STEVAL-STWINBX1, STM320518-EVAL, STM32C0116-DK, STM32C011D6Y3TR, STM32C011D6Y6TR, STM32C011F4P3, STM32C011F4P6, STM32C011F4U3, STM32C011F4U6TR, STM32C011F6P3, STM32C011F6P6, STM32C011F6U3, STM32C011F6U6TR, STM32C011J4M3, STM32C011J4M6, STM32C011J6M3, STM32C011J6M6, STM32C0316-DK, STM32C031C4T3, STM32C031C4T6, STM32C031C4U3, STM32C031C4U6, STM32C031C6T3, STM32C031C6T6, STM32C031C6U3, STM32C031C6U6, STM32C031F4P3, STM32C031F4P6, STM32C031F6P3, STM32C031F6P6, STM32C031G4U3, STM32C031G4U6, STM32C031G6U3, STM32C031G6U6, STM32C031K4T3, STM32C031K4T6, STM32C031K4U3, STM32C031K4U6, STM32C031K6T3, STM32C031K6T6, STM32C031K6U3, STM32C031K6U6, STM32G071K8TXN, STM32G071K8UXN, STM32G081GBU6N, STM32G081KBT6N, STM32G081KBUXN, STM32G0B1CCT6N, STM32G0B1KCT6, STM32G0B1NEY6TR, STM32G0B1RCT6N, STM32G0C1CCT6, STM32G0C1CCT6N, STM32G0C1CCU6N, STM32G0C1CET6N, STM32G0C1CEU6N, STM32G0C1KCT6, STM32G0C1NEY6TR, STM32G0C1RCI6N, STM32G0C1RCT6N, STM32G0C1REI6N, STM32G0C1RET6N, STM32G0C1VCI6, STM32G0C1VEI6, STM32G471CCT6, STM32G471CCU6, STM32G471CET3, STM32G471CET6, STM32G471CEU3, STM32G471CEU6, STM32G471MCT6, STM32G471MET3, STM32G471MET6, STM32G471MEY6TR, STM32G471QCT6, STM32G471QET3, STM32G471RCT6, STM32G471RET3, STM32G471RET6, STM32G471VCH6, STM32G471VCI6, STM32G471VCT6, STM32G471VEH3, STM32G471VEH6, STM32G471VEI3, STM32G471VEI6, STM32G471VET3, STM32G471VET6, STM32G474CCT6, STM32H503CBT6, STM32H503CBU6, STM32H503EBY6TR, STM32H503KBU6, STM32H503RBT6, STM32H523CCT6, STM32H523CCU6, STM32H523CET6, STM32H523CEU6, STM32H523HEY6TR, STM32H523RCT6, STM32H523RET6, STM32H523VCI6, STM32H523VCT6, STM32H523VEI6, STM32H523VET6, STM32H523ZCJ6, STM32H523ZCT6, STM32H523ZEJ6, STM32H523ZET6, STM32H533CET6, STM32H533CEU6, STM32H533HEY6TR, STM32H533RET6, STM32H533VEI6, STM32H533VET6, STM32H533ZEJ6, STM32H533ZET6, STM32H562AGI6, STM32H562AII6, STM32H562IGK6, STM32H562IGT6, STM32H562IIK6, STM32H562IIT6, STM32H562RGT6, STM32H562RGV6, STM32H562RIT6, STM32H562RIV6, STM32H562VGT6, STM32H562VIT6, STM32H562ZGT6, STM32H562ZIT6, STM32H563AGI6, STM32H563AII3Q, STM32H563AII6, STM32H563IGK6, STM32H563IGT6, STM32H563IIK3Q, STM32H563IIK6, STM32H563IIT3Q, STM32H563IIT6, STM32H563MIY3QTR, STM32H563RGT6, STM32H563RGV6, STM32H563RIT6, STM32H563RIV6, STM32H563VGT6, STM32H563VIT3Q, STM32H563VIT6, STM32H563ZGT6, STM32H563ZIT3Q, STM32H563ZIT6, STM32H573AII3Q, STM32H573AII6, STM32H573I-DK, STM32H573IIK3Q, STM32H573IIK6, STM32H573IIT3Q, STM32H573IIT6, STM32H573MIY3QTR, STM32H573RIT6, STM32H573RIV6, STM32H573VIT3Q, STM32H573VIT6, STM32H573ZIT3Q, STM32H573ZIT6, STM32H7R3A8I6, STM32H7R3I8K6, STM32H7R3I8T6, STM32H7R3L8H6, STM32H7R3L8H6H, STM32H7R3R8V6, STM32H7R3V8H6, STM32H7R3V8T6, STM32H7R3V8Y6, STM32H7R3Z8J6, STM32H7R3Z8T6, STM32H7R7A8I6, STM32H7R7I8K6, STM32H7R7I8T6, STM32H7R7L8H6, STM32H7R7L8H6H, STM32H7R7Z8J6, STM32H7S3A8I6, STM32H7S3I8K6, STM32H7S3I8T6, STM32H7S3L8H6, STM32H7S3L8H6H, STM32H7S3R8V6, STM32H7S3V8H6, STM32H7S3V8T6, STM32H7S3V8Y6, STM32H7S3Z8J6, STM32H7S3Z8T6, STM32H7S78-DK, STM32H7S7A8I6, STM32H7S7I8K6, STM32H7S7I8T6, STM32H7S7L8H6, STM32H7S7L8H6H, STM32H7S7Z8J6, STM32L4R5QGI6STR, STM32MP131AAE3, STM32MP131AAF3, STM32MP131AAG3, STM32MP131CAE3, STM32MP131CAF3, STM32MP131CAG3, STM32MP131DAE7, STM32MP131DAF7, STM32MP131DAG7, STM32MP131FAE7, STM32MP131FAF7, STM32MP131FAG7, STM32MP133AAE3, STM32MP133AAF3, STM32MP133AAG3, STM32MP133CAE3, STM32MP133CAF3, STM32MP133CAG3, STM32MP133DAE7, STM32MP133DAF7, STM32MP133DAG7, STM32MP133FAE7, STM32MP133FAF7, STM32MP133FAG7, STM32MP135AAE3, STM32MP135AAF3, STM32MP135AAG3, STM32MP135CAE3, STM32MP135CAF3, STM32MP135CAG3, STM32MP135DAE7, STM32MP135DAF7, STM32MP135DAG7, STM32MP135F-DK, STM32MP135FAE7, STM32MP135FAF7, STM32MP135FAF7T, STM32MP135FAF7U, STM32MP135FAG7, STM32U031C6T6, STM32U031C6U6, STM32U031C8T6, STM32U031C8U6, STM32U031F4P6, STM32U031F6P6, STM32U031F8P6, STM32U031G6Y6TR, STM32U031G8Y6TR, STM32U031K4U6, STM32U031K6U6, STM32U031K8U6, STM32U031R6I6, STM32U031R6T6, STM32U031R8I6, STM32U031R8T6, STM32U073C8T6, STM32U073C8U6, STM32U073CBT6, STM32U073CBU6, STM32U073CCT6, STM32U073CCU6, STM32U073H8Y6TR, STM32U073HBY6TR, STM32U073HCY6TR, STM32U073K8U6, STM32U073KBU6, STM32U073KCU6, STM32U073M8I6, STM32U073M8T6, STM32U073MBI6, STM32U073MBT6, STM32U073MCI6, STM32U073MCT6, STM32U073R8I6, STM32U073R8T6, STM32U073RBI6, STM32U073RBT6, STM32U073RCI6, STM32U073RCT6, STM32U083C-DK, STM32U083CCT6, STM32U083CCU6, STM32U083HCY6TR, STM32U083KCU6, STM32U083MCI6, STM32U083MCT6, STM32U083RCI6, STM32U083RCT6, STM32U535CBT6, STM32U535CBT6Q, STM32U535CBU6, STM32U535CBU6Q, STM32U535CCT6, STM32U535CCT6Q, STM32U535CCU6, STM32U535CCU6Q, STM32U535CET6, STM32U535CET6Q, STM32U535CEU6, STM32U535CEU6Q, STM32U535JEY6QTR, STM32U535NCY6QTR, STM32U535NEY6QTR, STM32U535RBI6, STM32U535RBI6Q, STM32U535RBT6, STM32U535RBT6Q, STM32U535RCI6, STM32U535RCI6Q, STM32U535RCT6, STM32U535RCT6Q, STM32U535REI6, STM32U535REI6Q, STM32U535RET6, STM32U535RET6Q, STM32U535VCI6, STM32U535VCI6Q, STM32U535VCT6, STM32U535VCT6Q, STM32U535VEI6, STM32U535VEI6Q, STM32U535VET6, STM32U535VET6Q, STM32U545CET6, STM32U545CET6Q, STM32U545CEU6, STM32U545CEU6Q, STM32U545JEY6QTR, STM32U545NEY6QTR, STM32U545REI6, STM32U545REI6Q, STM32U545RET6, STM32U545RET6Q, STM32U545VEI6, STM32U545VEI6Q, STM32U545VET6, STM32U545VET6Q, STM32U595AIH6, STM32U595AIH6Q, STM32U595AJH6, STM32U595AJH6Q, STM32U595QII6, STM32U595QII6Q, STM32U595QJI6, STM32U595QJI6Q, STM32U595RIT6, STM32U595RIT6Q, STM32U595RJT6, STM32U595RJT6Q, STM32U595VIT6, STM32U595VIT6Q, STM32U595VJT6, STM32U595VJT6Q, STM32U595ZIT6, STM32U595ZIT6Q, STM32U595ZIY6QTR, STM32U595ZJT6, STM32U595ZJT6Q, STM32U595ZJY6QTR, STM32U599BJY6QTR, STM32U599NIH6Q, STM32U599NJH6Q, STM32U599VIT6Q, STM32U599VJT6, STM32U599VJT6Q, STM32U599ZIT6Q, STM32U599ZIY6QTR, STM32U599ZJT6Q, STM32U599ZJY6QTR, STM32U5A5AJH6, STM32U5A5AJH6Q, STM32U5A5QII3Q , STM32U5A5QJI6, STM32U5A5QJI6Q, STM32U5A5RJT6, STM32U5A5RJT6Q, STM32U5A5VJT6, STM32U5A5VJT6Q, STM32U5A5ZJT6, STM32U5A5ZJT6Q, STM32U5A5ZJY6QTR, STM32U5A9BJY6QTR, STM32U5A9J-DK, STM32U5A9NJH6Q, STM32U5A9VJT6Q, STM32U5A9ZJT6Q, STM32U5A9ZJY6QTR, STM32U5F7VIT6, STM32U5F7VIT6Q, STM32U5F7VJT6, STM32U5F7VJT6Q, STM32U5F9BJY6QTR, STM32U5F9NJH6Q, STM32U5F9VIT6Q, STM32U5F9VJT6Q, STM32U5F9ZIJ6QTR, STM32U5F9ZIT6Q, STM32U5F9ZJJ6QTR, STM32U5F9ZJT6Q, STM32U5G7VJT6, STM32U5G7VJT6Q, STM32U5G9BJY6QTR, STM32U5G9J-DK1, STM32U5G9J-DK2, STM32U5G9NJH6Q, STM32U5G9VJT6Q, STM32U5G9ZJJ6QTR, STM32U5G9ZJT6Q, STM32WB1MMCH6, STM32WBA50KEU6, STM32WBA50KEU6TR, STM32WBA50KGU6, STM32WBA50KGU6TR, STM32WBA52CEU6, STM32WBA52CEU6TR, STM32WBA52CEU7, STM32WBA52CEU7TR, STM32WBA52CGU6, STM32WBA52CGU6TR, STM32WBA52CGU6U, STM32WBA52CGU7, STM32WBA52CGU7TR, STM32WBA52KEU6, STM32WBA52KEU6TR, STM32WBA52KGU6, STM32WBA52KGU6TR, STM32WBA54CEU6, STM32WBA54CEU6TR, STM32WBA54CEU7, STM32WBA54CEU7TR, STM32WBA54CGU6, STM32WBA54CGU6TR, STM32WBA54CGU7, STM32WBA54CGU7TR, STM32WBA54KEU6, STM32WBA54KEU6TR, STM32WBA54KEU7, STM32WBA54KEU7TR, STM32WBA54KGU6, STM32WBA54KGU6TR, STM32WBA54KGU7, STM32WBA54KGU7TR, STM32WBA55CEU6, STM32WBA55CEU6TR, STM32WBA55CEU7, STM32WBA55CEU7TR, STM32WBA55CGU6, STM32WBA55CGU6TR, STM32WBA55CGU6U, STM32WBA55CGU7, STM32WBA55CGU7TR, STM32WBA55G-DK1, STM32WBA55HEF6, STM32WBA55HEF7, STM32WBA55HGF6, STM32WBA55HGF7, STM32WBA55UEI6, STM32WBA55UEI6TR, STM32WBA55UEI7, STM32WBA55UEI7TR, STM32WBA55UGI6, STM32WBA55UGI6TR, STM32WBA55UGI7, STM32WBA55UGI7TR, STM32WL5MOCH6, STM32WL5MOCH6TR]
2024-11-08 20:27:29,403 [INFO] ApiDb:668 - CubeFinder database Data Model version=2.1
2024-11-08 20:27:29,403 [INFO] ApiDb:669 - CubeFinder database Configuration version=3.0.39
2024-11-08 20:27:29,403 [INFO] ApiDb:670 - CubeFinder database generation date=2024-06-20 (1718880634)
2024-11-08 20:27:29,403 [INFO] ApiDb:671 - CubeFinder database FW Pack versions=[FP-ATR-ASTRA1_V2.0.0, FP-SNS-FLIGHT1_V5.0.2, FP-SNS-MOTENV1_V5.0.0, FP-SNS-MOTENVWB1_V1.4.0, FP-SNS-SMARTAG2_V1.2.0, STM32Cube_FW_C0_V1.2.0, STM32Cube_FW_F4_V1.28.0, STM32Cube_FW_F7_V1.17.2, STM32Cube_FW_G0_V1.6.2, STM32Cube_FW_G4_V1.6.0, STM32Cube_FW_H5_V1.3.0, STM32Cube_FW_H7RS_V1.1.0, STM32Cube_FW_H7_V1.11.2, STM32Cube_FW_L0_V1.12.2, STM32Cube_FW_L5_V1.5.1, STM32Cube_FW_U0_V1.1.0, STM32Cube_FW_U5_V1.6.0, STM32Cube_FW_WB0_V1.0.0, STM32Cube_FW_WBA_V1.4.0, STM32Cube_FW_WB_V1.20.0, STM32Cube_FW_WL_V1.3.0, X-CUBE-ALGOBUILD_V1.4.0, X-CUBE-ALS_V1.0.2, X-CUBE-AZRTOS-F4_V1.1.0, X-CUBE-AZRTOS-F7_V1.1.0, X-CUBE-AZRTOS-G0_V1.1.0, X-CUBE-AZRTOS-G4_V2.0.0, X-CUBE-AZRTOS-H7RS_V1.0.0, X-CUBE-AZRTOS-H7_V3.2.0, X-CUBE-AZRTOS-L4_V2.0.0, X-CUBE-AZRTOS-L5_V1.1.0, X-CUBE-AZRTOS-WB_V2.0.0, X-CUBE-AZRTOS-WL_V2.0.0, X-CUBE-BLE1_V7.0.0, X-CUBE-BLE2_V3.3.0, X-CUBE-BLEMGR_V3.1.0, X-CUBE-EEPRMA1_V5.1.0, X-CUBE-FREERTOS_V1.2.0, X-CUBE-GNSS1_V6.0.0, X-CUBE-MEMS1_V10.0.0, X-CUBE-NFC4_V3.0.0, X-CUBE-NFC7_V1.0.1, X-CUBE-SFXS2LP1_V4.0.0, X-CUBE-SUBG2_V5.0.0, X-CUBE-TOF1_V3.4.1]
2024-11-08 20:27:30,836 [INFO] ApiDb:240 - Found 483 in-development CPN: [B-G473E-ZEST1S, B-WB1M-WPAN1, B-WL5M-SUBG1, NUCLEO-C031C6, NUCLEO-H503RB, NUCLEO-H533RE, NUCLEO-H563ZI, NUCLEO-H7S3L8, NUCLEO-U031R8, NUCLEO-U083RC, NUCLEO-U545RE-Q, NUCLEO-U5A5ZJ-Q, NUCLEO-WBA52CG, NUCLEO-WBA55CG, STEVAL-PROTEUS1, STEVAL-SMARTAG2, STEVAL-STWINBX1, STM320518-EVAL, STM32C0116-DK, STM32C011D6Y3TR, STM32C011D6Y6TR, STM32C011F4P3, STM32C011F4P6, STM32C011F4U3, STM32C011F4U6TR, STM32C011F6P3, STM32C011F6P6, STM32C011F6U3, STM32C011F6U6TR, STM32C011J4M3, STM32C011J4M6, STM32C011J6M3, STM32C011J6M6, STM32C0316-DK, STM32C031C4T3, STM32C031C4T6, STM32C031C4U3, STM32C031C4U6, STM32C031C6T3, STM32C031C6T6, STM32C031C6U3, STM32C031C6U6, STM32C031F4P3, STM32C031F4P6, STM32C031F6P3, STM32C031F6P6, STM32C031G4U3, STM32C031G4U6, STM32C031G6U3, STM32C031G6U6, STM32C031K4T3, STM32C031K4T6, STM32C031K4U3, STM32C031K4U6, STM32C031K6T3, STM32C031K6T6, STM32C031K6U3, STM32C031K6U6, STM32G071K8TXN, STM32G071K8UXN, STM32G081GBU6N, STM32G081KBT6N, STM32G081KBUXN, STM32G0B1CCT6N, STM32G0B1KCT6, STM32G0B1NEY6TR, STM32G0B1RCT6N, STM32G0C1CCT6, STM32G0C1CCT6N, STM32G0C1CCU6N, STM32G0C1CET6N, STM32G0C1CEU6N, STM32G0C1KCT6, STM32G0C1NEY6TR, STM32G0C1RCI6N, STM32G0C1RCT6N, STM32G0C1REI6N, STM32G0C1RET6N, STM32G0C1VCI6, STM32G0C1VEI6, STM32G471CCT6, STM32G471CCU6, STM32G471CET3, STM32G471CET6, STM32G471CEU3, STM32G471CEU6, STM32G471MCT6, STM32G471MET3, STM32G471MET6, STM32G471MEY6TR, STM32G471QCT6, STM32G471QET3, STM32G471RCT6, STM32G471RET3, STM32G471RET6, STM32G471VCH6, STM32G471VCI6, STM32G471VCT6, STM32G471VEH3, STM32G471VEH6, STM32G471VEI3, STM32G471VEI6, STM32G471VET3, STM32G471VET6, STM32G474CCT6, STM32H503CBT6, STM32H503CBU6, STM32H503EBY6TR, STM32H503KBU6, STM32H503RBT6, STM32H523CCT6, STM32H523CCU6, STM32H523CET6, STM32H523CEU6, STM32H523HEY6TR, STM32H523RCT6, STM32H523RET6, STM32H523VCI6, STM32H523VCT6, STM32H523VEI6, STM32H523VET6, STM32H523ZCJ6, STM32H523ZCT6, STM32H523ZEJ6, STM32H523ZET6, STM32H533CET6, STM32H533CEU6, STM32H533HEY6TR, STM32H533RET6, STM32H533VEI6, STM32H533VET6, STM32H533ZEJ6, STM32H533ZET6, STM32H562AGI6, STM32H562AII6, STM32H562IGK6, STM32H562IGT6, STM32H562IIK6, STM32H562IIT6, STM32H562RGT6, STM32H562RGV6, STM32H562RIT6, STM32H562RIV6, STM32H562VGT6, STM32H562VIT6, STM32H562ZGT6, STM32H562ZIT6, STM32H563AGI6, STM32H563AII3Q, STM32H563AII6, STM32H563IGK6, STM32H563IGT6, STM32H563IIK3Q, STM32H563IIK6, STM32H563IIT3Q, STM32H563IIT6, STM32H563MIY3QTR, STM32H563RGT6, STM32H563RGV6, STM32H563RIT6, STM32H563RIV6, STM32H563VGT6, STM32H563VIT3Q, STM32H563VIT6, STM32H563ZGT6, STM32H563ZIT3Q, STM32H563ZIT6, STM32H573AII3Q, STM32H573AII6, STM32H573I-DK, STM32H573IIK3Q, STM32H573IIK6, STM32H573IIT3Q, STM32H573IIT6, STM32H573MIY3QTR, STM32H573RIT6, STM32H573RIV6, STM32H573VIT3Q, STM32H573VIT6, STM32H573ZIT3Q, STM32H573ZIT6, STM32H7R3A8I6, STM32H7R3I8K6, STM32H7R3I8T6, STM32H7R3L8H6, STM32H7R3L8H6H, STM32H7R3R8V6, STM32H7R3V8H6, STM32H7R3V8T6, STM32H7R3V8Y6, STM32H7R3Z8J6, STM32H7R3Z8T6, STM32H7R7A8I6, STM32H7R7I8K6, STM32H7R7I8T6, STM32H7R7L8H6, STM32H7R7L8H6H, STM32H7R7Z8J6, STM32H7S3A8I6, STM32H7S3I8K6, STM32H7S3I8T6, STM32H7S3L8H6, STM32H7S3L8H6H, STM32H7S3R8V6, STM32H7S3V8H6, STM32H7S3V8T6, STM32H7S3V8Y6, STM32H7S3Z8J6, STM32H7S3Z8T6, STM32H7S78-DK, STM32H7S7A8I6, STM32H7S7I8K6, STM32H7S7I8T6, STM32H7S7L8H6, STM32H7S7L8H6H, STM32H7S7Z8J6, STM32L4R5QGI6STR, STM32MP131AAE3, STM32MP131AAF3, STM32MP131AAG3, STM32MP131CAE3, STM32MP131CAF3, STM32MP131CAG3, STM32MP131DAE7, STM32MP131DAF7, STM32MP131DAG7, STM32MP131FAE7, STM32MP131FAF7, STM32MP131FAG7, STM32MP133AAE3, STM32MP133AAF3, STM32MP133AAG3, STM32MP133CAE3, STM32MP133CAF3, STM32MP133CAG3, STM32MP133DAE7, STM32MP133DAF7, STM32MP133DAG7, STM32MP133FAE7, STM32MP133FAF7, STM32MP133FAG7, STM32MP135AAE3, STM32MP135AAF3, STM32MP135AAG3, STM32MP135CAE3, STM32MP135CAF3, STM32MP135CAG3, STM32MP135DAE7, STM32MP135DAF7, STM32MP135DAG7, STM32MP135F-DK, STM32MP135FAE7, STM32MP135FAF7, STM32MP135FAF7T, STM32MP135FAF7U, STM32MP135FAG7, STM32U031C6T6, STM32U031C6U6, STM32U031C8T6, STM32U031C8U6, STM32U031F4P6, STM32U031F6P6, STM32U031F8P6, STM32U031G6Y6TR, STM32U031G8Y6TR, STM32U031K4U6, STM32U031K6U6, STM32U031K8U6, STM32U031R6I6, STM32U031R6T6, STM32U031R8I6, STM32U031R8T6, STM32U073C8T6, STM32U073C8U6, STM32U073CBT6, STM32U073CBU6, STM32U073CCT6, STM32U073CCU6, STM32U073H8Y6TR, STM32U073HBY6TR, STM32U073HCY6TR, STM32U073K8U6, STM32U073KBU6, STM32U073KCU6, STM32U073M8I6, STM32U073M8T6, STM32U073MBI6, STM32U073MBT6, STM32U073MCI6, STM32U073MCT6, STM32U073R8I6, STM32U073R8T6, STM32U073RBI6, STM32U073RBT6, STM32U073RCI6, STM32U073RCT6, STM32U083C-DK, STM32U083CCT6, STM32U083CCU6, STM32U083HCY6TR, STM32U083KCU6, STM32U083MCI6, STM32U083MCT6, STM32U083RCI6, STM32U083RCT6, STM32U535CBT6, STM32U535CBT6Q, STM32U535CBU6, STM32U535CBU6Q, STM32U535CCT6, STM32U535CCT6Q, STM32U535CCU6, STM32U535CCU6Q, STM32U535CET6, STM32U535CET6Q, STM32U535CEU6, STM32U535CEU6Q, STM32U535JEY6QTR, STM32U535NCY6QTR, STM32U535NEY6QTR, STM32U535RBI6, STM32U535RBI6Q, STM32U535RBT6, STM32U535RBT6Q, STM32U535RCI6, STM32U535RCI6Q, STM32U535RCT6, STM32U535RCT6Q, STM32U535REI6, STM32U535REI6Q, STM32U535RET6, STM32U535RET6Q, STM32U535VCI6, STM32U535VCI6Q, STM32U535VCT6, STM32U535VCT6Q, STM32U535VEI6, STM32U535VEI6Q, STM32U535VET6, STM32U535VET6Q, STM32U545CET6, STM32U545CET6Q, STM32U545CEU6, STM32U545CEU6Q, STM32U545JEY6QTR, STM32U545NEY6QTR, STM32U545REI6, STM32U545REI6Q, STM32U545RET6, STM32U545RET6Q, STM32U545VEI6, STM32U545VEI6Q, STM32U545VET6, STM32U545VET6Q, STM32U595AIH6, STM32U595AIH6Q, STM32U595AJH6, STM32U595AJH6Q, STM32U595QII6, STM32U595QII6Q, STM32U595QJI6, STM32U595QJI6Q, STM32U595RIT6, STM32U595RIT6Q, STM32U595RJT6, STM32U595RJT6Q, STM32U595VIT6, STM32U595VIT6Q, STM32U595VJT6, STM32U595VJT6Q, STM32U595ZIT6, STM32U595ZIT6Q, STM32U595ZIY6QTR, STM32U595ZJT6, STM32U595ZJT6Q, STM32U595ZJY6QTR, STM32U599BJY6QTR, STM32U599NIH6Q, STM32U599NJH6Q, STM32U599VIT6Q, STM32U599VJT6, STM32U599VJT6Q, STM32U599ZIT6Q, STM32U599ZIY6QTR, STM32U599ZJT6Q, STM32U599ZJY6QTR, STM32U5A5AJH6, STM32U5A5AJH6Q, STM32U5A5QII3Q , STM32U5A5QJI6, STM32U5A5QJI6Q, STM32U5A5RJT6, STM32U5A5RJT6Q, STM32U5A5VJT6, STM32U5A5VJT6Q, STM32U5A5ZJT6, STM32U5A5ZJT6Q, STM32U5A5ZJY6QTR, STM32U5A9BJY6QTR, STM32U5A9J-DK, STM32U5A9NJH6Q, STM32U5A9VJT6Q, STM32U5A9ZJT6Q, STM32U5A9ZJY6QTR, STM32U5F7VIT6, STM32U5F7VIT6Q, STM32U5F7VJT6, STM32U5F7VJT6Q, STM32U5F9BJY6QTR, STM32U5F9NJH6Q, STM32U5F9VIT6Q, STM32U5F9VJT6Q, STM32U5F9ZIJ6QTR, STM32U5F9ZIT6Q, STM32U5F9ZJJ6QTR, STM32U5F9ZJT6Q, STM32U5G7VJT6, STM32U5G7VJT6Q, STM32U5G9BJY6QTR, STM32U5G9J-DK1, STM32U5G9J-DK2, STM32U5G9NJH6Q, STM32U5G9VJT6Q, STM32U5G9ZJJ6QTR, STM32U5G9ZJT6Q, STM32WB1MMCH6, STM32WBA50KEU6, STM32WBA50KEU6TR, STM32WBA50KGU6, STM32WBA50KGU6TR, STM32WBA52CEU6, STM32WBA52CEU6TR, STM32WBA52CEU7, STM32WBA52CEU7TR, STM32WBA52CGU6, STM32WBA52CGU6TR, STM32WBA52CGU6U, STM32WBA52CGU7, STM32WBA52CGU7TR, STM32WBA52KEU6, STM32WBA52KEU6TR, STM32WBA52KGU6, STM32WBA52KGU6TR, STM32WBA54CEU6, STM32WBA54CEU6TR, STM32WBA54CEU7, STM32WBA54CEU7TR, STM32WBA54CGU6, STM32WBA54CGU6TR, STM32WBA54CGU7, STM32WBA54CGU7TR, STM32WBA54KEU6, STM32WBA54KEU6TR, STM32WBA54KEU7, STM32WBA54KEU7TR, STM32WBA54KGU6, STM32WBA54KGU6TR, STM32WBA54KGU7, STM32WBA54KGU7TR, STM32WBA55CEU6, STM32WBA55CEU6TR, STM32WBA55CEU7, STM32WBA55CEU7TR, STM32WBA55CGU6, STM32WBA55CGU6TR, STM32WBA55CGU6U, STM32WBA55CGU7, STM32WBA55CGU7TR, STM32WBA55G-DK1, STM32WBA55HEF6, STM32WBA55HEF7, STM32WBA55HGF6, STM32WBA55HGF7, STM32WBA55UEI6, STM32WBA55UEI6TR, STM32WBA55UEI7, STM32WBA55UEI7TR, STM32WBA55UGI6, STM32WBA55UGI6TR, STM32WBA55UGI7, STM32WBA55UGI7TR, STM32WL5MOCH6, STM32WL5MOCH6TR]
2024-11-08 20:27:30,838 [INFO] DbMcus:218 - Found 4203 MCUs, 4203 are supported
2024-11-08 20:27:30,843 [INFO] ApiDb:423 - Load user favorites file C:\Users\saksh/.stm32cubeide/favorites.mcus.txt: 1 item(s)
2024-11-08 20:27:30,843 [INFO] ApiDb:427 - User favorites MCUs=[STM32F103C8T6]
2024-11-08 20:27:30,844 [INFO] DbMcus:224 - Set 1 / 1 favorites MCUs
2024-11-08 20:27:31,143 [INFO] BoardInfo:889 - No configuration file found for board P-NUCLEO-WB55
2024-11-08 20:27:31,143 [INFO] DbBoards:161 - Kit is not supported: P-NUCLEO-WB55
2024-11-08 20:27:31,146 [INFO] BoardInfo:889 - No configuration file found for board STEVAL-BFA001V1B
2024-11-08 20:27:31,146 [INFO] DbBoards:161 - Kit is not supported: STEVAL-BFA001V1B
2024-11-08 20:27:31,147 [INFO] BoardInfo:889 - No configuration file found for board STEVAL-BFA001V2B
2024-11-08 20:27:31,147 [INFO] DbBoards:161 - Kit is not supported: STEVAL-BFA001V2B
2024-11-08 20:27:31,232 [INFO] DbBoards:168 - Found 195 boards, 192 are supported
2024-11-08 20:27:31,233 [INFO] DbBoards:169 - Found 195 boards, 8 of them is supported for  Bsp
2024-11-08 20:27:31,234 [INFO] ApiDb:423 - Load user favorites file C:\Users\saksh/.stm32cubeide/favorites.boards.txt: 0 item(s)
2024-11-08 20:27:31,235 [INFO] ApiDb:427 - User favorites Boards=[]
2024-11-08 20:27:31,235 [INFO] DbBoards:198 - Set 0 / 0 favorites Boards
2024-11-08 20:27:31,288 [INFO] UtilMem:75 - End LoadConfig() Used Memory: 720920424 Bytes (1073741824)
2024-11-08 20:27:31,395 [WARN] ThirdParty:833 - waiting for thirdparty lock release [change project]
2024-11-08 20:27:31,396 [INFO] ThirdParty:835 - entering critical section [change project]
2024-11-08 20:27:31,396 [INFO] ThirdParty:1030 - CMSIS Pack Vendor :STMicroelectronics USBPD 4.1
2024-11-08 20:27:31,396 [INFO] ThirdParty:1030 - CMSIS Pack Vendor :STMicroelectronics X-CUBE-GNSS1 6.0.0
2024-11-08 20:27:31,396 [INFO] ThirdParty:1030 - CMSIS Pack Vendor :STMicroelectronics USB_HOST 2.0.0
2024-11-08 20:27:31,396 [INFO] ThirdParty:1030 - CMSIS Pack Vendor :STMicroelectronics FP-SNS-MOTENVWB1 1.4.0
2024-11-08 20:27:31,396 [INFO] ThirdParty:1030 - CMSIS Pack Vendor :STMicroelectronics X-CUBE-AZRTOS-F4 1.1.0
2024-11-08 20:27:31,396 [INFO] ThirdParty:1030 - CMSIS Pack Vendor :STMicroelectronics LIBJPEG 8.0.0
2024-11-08 20:27:31,396 [INFO] ThirdParty:1030 - CMSIS Pack Vendor :STMicroelectronics X-CUBE-SMBUS 2.1.0
2024-11-08 20:27:31,396 [INFO] ThirdParty:1030 - CMSIS Pack Vendor :STMicroelectronics X-CUBE-WB05N 1.1.0
2024-11-08 20:27:31,396 [INFO] ThirdParty:1030 - CMSIS Pack Vendor :STMicroelectronics X-CUBE-ISPU 2.1.0
2024-11-08 20:27:31,396 [INFO] ThirdParty:1030 - CMSIS Pack Vendor :STMicroelectronics X-CUBE-FREERTOS 1.2.0
2024-11-08 20:27:31,396 [INFO] ThirdParty:1030 - CMSIS Pack Vendor :STMicroelectronics X-CUBE-TOUCHGFX 4.23.1
2024-11-08 20:27:31,396 [INFO] ThirdParty:1030 - CMSIS Pack Vendor :STMicroelectronics X-CUBE-TOUCHGFX 4.23.0
2024-11-08 20:27:31,396 [INFO] ThirdParty:1030 - CMSIS Pack Vendor :STMicroelectronics X-CUBE-BLEMGR 1.2.0
2024-11-08 20:27:31,396 [INFO] ThirdParty:1030 - CMSIS Pack Vendor :STMicroelectronics X-CUBE-TOUCHGFX 4.23.2
2024-11-08 20:27:31,396 [INFO] ThirdParty:1030 - CMSIS Pack Vendor :STMicroelectronics X-CUBE-AZRTOS-F7 1.1.0
2024-11-08 20:27:31,396 [INFO] ThirdParty:1030 - CMSIS Pack Vendor :STMicroelectronics X-CUBE-AZRTOS-L5 2.0.0
2024-11-08 20:27:31,396 [INFO] ThirdParty:1030 - CMSIS Pack Vendor :STMicroelectronics USB_DEVICE 2.0.0
2024-11-08 20:27:31,396 [INFO] ThirdParty:1030 - CMSIS Pack Vendor :STMicroelectronics X-CUBE-MEMS1 9.6.0
2024-11-08 20:27:31,396 [INFO] ThirdParty:1030 - CMSIS Pack Vendor :STMicroelectronics X-CUBE-EEPRMA1 4.2.0
2024-11-08 20:27:31,396 [INFO] ThirdParty:1030 - CMSIS Pack Vendor :STMicroelectronics X-CUBE-NFC6 3.1.0
2024-11-08 20:27:31,396 [INFO] ThirdParty:1030 - CMSIS Pack Vendor :ITTIA_DB I-CUBE-ITTIADB 8.8.0
2024-11-08 20:27:31,396 [INFO] ThirdParty:1030 - CMSIS Pack Vendor :STMicroelectronics FP-SNS-MOTENV1 4.3.0
2024-11-08 20:27:31,396 [INFO] ThirdParty:1030 - CMSIS Pack Vendor :STMicroelectronics FP-SNS-MOTENV1 4.3.2
2024-11-08 20:27:31,396 [INFO] ThirdParty:1030 - CMSIS Pack Vendor :STMicroelectronics FP-SNS-FLIGHT1 5.0.0
2024-11-08 20:27:31,396 [INFO] ThirdParty:1030 - CMSIS Pack Vendor :STMicroelectronics FP-SNS-MOTENV1 4.3.1
2024-11-08 20:27:31,396 [INFO] ThirdParty:1030 - CMSIS Pack Vendor :STMicroelectronics FP-SNS-FLIGHT1 5.0.1
2024-11-08 20:27:31,396 [INFO] ThirdParty:1030 - CMSIS Pack Vendor :STMicroelectronics X-CUBE-BLE1 6.2.3
2024-11-08 20:27:31,396 [INFO] ThirdParty:1030 - CMSIS Pack Vendor :STMicroelectronics X-CUBE-MEMS1 11.0.0
2024-11-08 20:27:31,396 [INFO] ThirdParty:1030 - CMSIS Pack Vendor :STMicroelectronics X-CUBE-BLE1 6.2.4
2024-11-08 20:27:31,396 [INFO] ThirdParty:1030 - CMSIS Pack Vendor :STMicroelectronics FreeRTOS 0.0.1
2024-11-08 20:27:31,396 [INFO] ThirdParty:1030 - CMSIS Pack Vendor :STMicroelectronics X-CUBE-BLEMGR 2.0.0
2024-11-08 20:27:31,396 [INFO] ThirdParty:1030 - CMSIS Pack Vendor :STMicroelectronics X-CUBE-DPower 1.2.0
2024-11-08 20:27:31,396 [INFO] ThirdParty:1030 - CMSIS Pack Vendor :STMicroelectronics FP-SNS-FLIGHT1 5.0.2
2024-11-08 20:27:31,396 [INFO] ThirdParty:1030 - CMSIS Pack Vendor :STMicroelectronics X-CUBE-NFC4 2.0.4
2024-11-08 20:27:31,396 [INFO] ThirdParty:1030 - CMSIS Pack Vendor :STMicroelectronics X-CUBE-AI 9.0.0
2024-11-08 20:27:31,396 [INFO] ThirdParty:1030 - CMSIS Pack Vendor :STMicroelectronics X-CUBE-AZRTOS-H7 3.1.0
2024-11-08 20:27:31,396 [INFO] ThirdParty:1030 - CMSIS Pack Vendor :STMicroelectronics PDM2PCM 3.3.0
2024-11-08 20:27:31,396 [INFO] ThirdParty:1030 - CMSIS Pack Vendor :STMicroelectronics X-CUBE-TOF1 3.1.0
2024-11-08 20:27:31,396 [INFO] ThirdParty:1030 - CMSIS Pack Vendor :STMicroelectronics X-CUBE-DISPLAY 3.0.0
2024-11-08 20:27:31,396 [INFO] ThirdParty:1030 - CMSIS Pack Vendor :STMicroelectronics X-CUBE-BLE1 7.0.0
2024-11-08 20:27:31,396 [INFO] ThirdParty:1030 - CMSIS Pack Vendor :STMicroelectronics X-CUBE-NFC10 1.0.0
2024-11-08 20:27:31,396 [INFO] ThirdParty:1030 - CMSIS Pack Vendor :wolfSSL I-CUBE-wolfSSL 5.5.0
2024-11-08 20:27:31,396 [INFO] ThirdParty:1030 - CMSIS Pack Vendor :STMicroelectronics HAL Drivers 0.0.0
2024-11-08 20:27:31,396 [INFO] ThirdParty:1030 - CMSIS Pack Vendor :STMicroelectronics X-CUBE-TOUCHGFX 4.22.0
2024-11-08 20:27:31,396 [INFO] ThirdParty:1030 - CMSIS Pack Vendor :STMicroelectronics X-CUBE-NFC7 1.0.1
2024-11-08 20:27:31,396 [INFO] ThirdParty:1030 - CMSIS Pack Vendor :STMicroelectronics MBEDTLS 2.14.1
2024-11-08 20:27:31,396 [INFO] ThirdParty:1030 - CMSIS Pack Vendor :STMicroelectronics X-CUBE-NFC7 1.0.0
2024-11-08 20:27:31,396 [INFO] ThirdParty:1030 - CMSIS Pack Vendor :wolfSSL I-CUBE-wolfTPM 3.2.0
2024-11-08 20:27:31,396 [INFO] ThirdParty:1030 - CMSIS Pack Vendor :STMicroelectronics X-CUBE-NFC6 3.0.0
2024-11-08 20:27:31,396 [INFO] ThirdParty:1030 - CMSIS Pack Vendor :STMicroelectronics X-CUBE-MEMS1 9.3.0
2024-11-08 20:27:31,396 [INFO] ThirdParty:1030 - CMSIS Pack Vendor :STMicroelectronics X-CUBE-EEPRMA1 4.1.0
2024-11-08 20:27:31,396 [INFO] ThirdParty:1030 - CMSIS Pack Vendor :STMicroelectronics X-CUBE-AI 7.2.0
2024-11-08 20:27:31,396 [INFO] ThirdParty:1030 - CMSIS Pack Vendor :STMicroelectronics X-CUBE-BLEMGR 3.1.0
2024-11-08 20:27:31,396 [INFO] ThirdParty:1030 - CMSIS Pack Vendor :STMicroelectronics FP-SNS-SMARTAG2 1.2.0
2024-11-08 20:27:31,396 [INFO] ThirdParty:1030 - CMSIS Pack Vendor :STMicroelectronics X-CUBE-AZRTOS-WL 2.0.0
2024-11-08 20:27:31,396 [INFO] ThirdParty:1030 - CMSIS Pack Vendor :STMicroelectronics FP-SNS-MOTENV1 5.0.0
2024-11-08 20:27:31,396 [INFO] ThirdParty:1030 - CMSIS Pack Vendor :STMicroelectronics USB_DEVICE 1.0.0
2024-11-08 20:27:31,396 [INFO] ThirdParty:1030 - CMSIS Pack Vendor :STMicroelectronics X-CUBE-AI 8.1.0
2024-11-08 20:27:31,396 [INFO] ThirdParty:1030 - CMSIS Pack Vendor :wolfSSL I-CUBE-wolfMQTT 1.19.0
2024-11-08 20:27:31,396 [INFO] ThirdParty:1030 - CMSIS Pack Vendor :STMicroelectronics X-CUBE-AZRTOS-L4 2.0.0
2024-11-08 20:27:31,396 [INFO] ThirdParty:1030 - CMSIS Pack Vendor :STMicroelectronics ThreadX 0.0.2
2024-11-08 20:27:31,396 [INFO] ThirdParty:1030 - CMSIS Pack Vendor :WES I-CUBE-Cesium 1.3.0
2024-11-08 20:27:31,396 [INFO] ThirdParty:1030 - CMSIS Pack Vendor :STMicroelectronics lwIP 2.1.2
2024-11-08 20:27:31,396 [INFO] ThirdParty:1030 - CMSIS Pack Vendor :STMicroelectronics X-CUBE-SFXS2LP1 4.0.0
2024-11-08 20:27:31,396 [INFO] ThirdParty:1030 - CMSIS Pack Vendor :STMicroelectronics X-CUBE-BLE2 3.3.0
2024-11-08 20:27:31,396 [INFO] ThirdParty:1030 - CMSIS Pack Vendor :STMicroelectronics X-CUBE-DISPLAY 2.2.0
2024-11-08 20:27:31,396 [INFO] ThirdParty:1030 - CMSIS Pack Vendor :STMicroelectronics X-CUBE-TOF1 3.2.0
2024-11-08 20:27:31,396 [INFO] ThirdParty:1030 - CMSIS Pack Vendor :STMicroelectronics PDM2PCM 3.2.0
2024-11-08 20:27:31,396 [INFO] ThirdParty:1030 - CMSIS Pack Vendor :STMicroelectronics X-CUBE-AZRTOS-H7 3.0.0
2024-11-08 20:27:31,396 [INFO] ThirdParty:1030 - CMSIS Pack Vendor :STMicroelectronics X-CUBE-ISPU 1.0.0
2024-11-08 20:27:31,396 [INFO] ThirdParty:1030 - CMSIS Pack Vendor :STMicroelectronics X-CUBE-ISPU 1.1.0
2024-11-08 20:27:31,396 [INFO] ThirdParty:1030 - CMSIS Pack Vendor :STMicroelectronics X-CUBE-AZRTOS-H7 3.3.0
2024-11-08 20:27:31,397 [INFO] ThirdParty:1030 - CMSIS Pack Vendor :RoweBots I-CUBE-UNISONRTOS 5.5.0-4
2024-11-08 20:27:31,397 [INFO] ThirdParty:1030 - CMSIS Pack Vendor :STMicroelectronics X-CUBE-NFC9 1.0.0
2024-11-08 20:27:31,397 [INFO] ThirdParty:1030 - CMSIS Pack Vendor :STMicroelectronics X-CUBE-AZRTOS-H7 2.1.0
2024-11-08 20:27:31,397 [INFO] ThirdParty:1030 - CMSIS Pack Vendor :STMicroelectronics USB_DEVICE 3.0.0
2024-11-08 20:27:31,397 [INFO] ThirdParty:1030 - CMSIS Pack Vendor :STMicroelectronics X-CUBE-TCPP 4.1.0
2024-11-08 20:27:31,397 [INFO] ThirdParty:1030 - CMSIS Pack Vendor :STMicroelectronics X-CUBE-AI 8.0.0
2024-11-08 20:27:31,397 [INFO] ThirdParty:1030 - CMSIS Pack Vendor :STMicroelectronics X-CUBE-IPS 3.0.0
2024-11-08 20:27:31,397 [INFO] ThirdParty:1030 - CMSIS Pack Vendor :STMicroelectronics X-CUBE-AZRTOS-WB 2.0.0
2024-11-08 20:27:31,397 [INFO] ThirdParty:1030 - CMSIS Pack Vendor :STMicroelectronics X-CUBE-FREERTOS 1.0.0
2024-11-08 20:27:31,397 [INFO] ThirdParty:1030 - CMSIS Pack Vendor :STMicroelectronics X-CUBE-FREERTOS 1.0.1
2024-11-08 20:27:31,397 [INFO] ThirdParty:1030 - CMSIS Pack Vendor :STMicroelectronics X-CUBE-TOUCHGFX 4.21.1
2024-11-08 20:27:31,397 [INFO] ThirdParty:1030 - CMSIS Pack Vendor :STMicroelectronics X-CUBE-GNSS1 7.0.0
2024-11-08 20:27:31,397 [INFO] ThirdParty:1030 - CMSIS Pack Vendor :STMicroelectronics X-CUBE-TOUCHGFX 4.21.3
2024-11-08 20:27:31,397 [INFO] ThirdParty:1030 - CMSIS Pack Vendor :STMicroelectronics X-CUBE-BLEMGR 1.0.0
2024-11-08 20:27:31,397 [INFO] ThirdParty:1030 - CMSIS Pack Vendor :STMicroelectronics X-CUBE-TOUCHGFX 4.21.4
2024-11-08 20:27:31,397 [INFO] ThirdParty:1030 - CMSIS Pack Vendor :STMicroelectronics X-CUBE-MEMS1 9.4.0
2024-11-08 20:27:31,397 [INFO] ThirdParty:1030 - CMSIS Pack Vendor :STMicroelectronics X-CUBE-AI 7.3.0
2024-11-08 20:27:31,397 [INFO] ThirdParty:1030 - CMSIS Pack Vendor :STMicroelectronics FP-SNS-STBOX1 2.0.0
2024-11-08 20:27:31,397 [INFO] ThirdParty:1030 - CMSIS Pack Vendor :STMicroelectronics X-CUBE-ALGOBUILD 1.3.0
2024-11-08 20:27:31,397 [INFO] ThirdParty:1030 - CMSIS Pack Vendor :STMicroelectronics X-CUBE-AZRTOS-L5 1.1.0
2024-11-08 20:27:31,397 [INFO] ThirdParty:1030 - CMSIS Pack Vendor :STMicroelectronics X-CUBE-AZRTOS-G0 1.1.0
2024-11-08 20:27:31,397 [INFO] ThirdParty:1030 - CMSIS Pack Vendor :STMicroelectronics X-CUBE-AI 8.0.1
2024-11-08 20:27:31,397 [INFO] ThirdParty:1030 - CMSIS Pack Vendor :STMicroelectronics X-CUBE-SAFEA1 1.2.2
2024-11-08 20:27:31,397 [INFO] ThirdParty:1030 - CMSIS Pack Vendor :STMicroelectronics X-CUBE-NFC4 3.0.0
2024-11-08 20:27:31,397 [INFO] ThirdParty:1030 - CMSIS Pack Vendor :SEGGER I-CUBE-embOS 1.2.0
2024-11-08 20:27:31,397 [INFO] ThirdParty:1030 - CMSIS Pack Vendor :STMicroelectronics X-CUBE-SUBG2 5.0.0
2024-11-08 20:27:31,397 [INFO] ThirdParty:1030 - CMSIS Pack Vendor :STMicroelectronics STM32_WPAN 1.0.0
2024-11-08 20:27:31,397 [INFO] ThirdParty:1030 - CMSIS Pack Vendor :EmbeddedOffice I-CUBE-FS-RTOS 1.0.1
2024-11-08 20:27:31,397 [INFO] ThirdParty:1030 - CMSIS Pack Vendor :STMicroelectronics lwIP 2.0.3
2024-11-08 20:27:31,397 [INFO] ThirdParty:1030 - CMSIS Pack Vendor :STMicroelectronics USB_HOST 1.0.0
2024-11-08 20:27:31,397 [INFO] ThirdParty:1030 - CMSIS Pack Vendor :STMicroelectronics X-CUBE-TOF1 3.3.1
2024-11-08 20:27:31,397 [INFO] ThirdParty:1030 - CMSIS Pack Vendor :STMicroelectronics X-CUBE-AZRTOS-G4 2.0.0
2024-11-08 20:27:31,397 [INFO] ThirdParty:1030 - CMSIS Pack Vendor :STMicroelectronics PDM2PCM 3.1.0
2024-11-08 20:27:31,397 [INFO] ThirdParty:1030 - CMSIS Pack Vendor :STMicroelectronics X-CUBE-TOF1 3.3.0
2024-11-08 20:27:31,397 [INFO] ThirdParty:1030 - CMSIS Pack Vendor :STMicroelectronics FP-ATR-ASTRA1 1.1.1
2024-11-08 20:27:31,397 [INFO] ThirdParty:1030 - CMSIS Pack Vendor :Infineon AIROC-Wi-Fi-Bluetooth-STM32 1.5.1
2024-11-08 20:27:31,397 [INFO] ThirdParty:1030 - CMSIS Pack Vendor :STMicroelectronics X-CUBE-BLEMGR 3.0.0
2024-11-08 20:27:31,397 [INFO] ThirdParty:1030 - CMSIS Pack Vendor :STMicroelectronics X-CUBE-BLEMGR 1.3.0
2024-11-08 20:27:31,397 [INFO] ThirdParty:1030 - CMSIS Pack Vendor :RealThread X-CUBE-RT-Thread_Nano 4.1.1
2024-11-08 20:27:31,397 [INFO] ThirdParty:1030 - CMSIS Pack Vendor :STMicroelectronics FP-SNS-MOTENVWB1 1.3.1
2024-11-08 20:27:31,397 [INFO] ThirdParty:1030 - CMSIS Pack Vendor :STMicroelectronics FP-ATR-SIGFOX1 3.2.0
2024-11-08 20:27:31,397 [INFO] ThirdParty:1030 - CMSIS Pack Vendor :STMicroelectronics X-CUBE-AZRTOS-G4 1.0.0
2024-11-08 20:27:31,397 [INFO] ThirdParty:1030 - CMSIS Pack Vendor :STMicroelectronics X-CUBE-AZRTOS-L4 1.0.0
2024-11-08 20:27:31,397 [INFO] ThirdParty:1030 - CMSIS Pack Vendor :STMicroelectronics X-CUBE-ISPU 2.0.0
2024-11-08 20:27:31,397 [INFO] ThirdParty:1030 - CMSIS Pack Vendor :STMicroelectronics X-CUBE-EEPRMA1 5.1.0
2024-11-08 20:27:31,397 [INFO] ThirdParty:1030 - CMSIS Pack Vendor :STMicroelectronics MBEDTLS 2.16.2
2024-11-08 20:27:31,397 [INFO] ThirdParty:1030 - CMSIS Pack Vendor :STMicroelectronics X-CUBE-ALS 1.0.2
2024-11-08 20:27:31,397 [INFO] ThirdParty:1030 - CMSIS Pack Vendor :emotas I-CUBE-CANOPEN 1.1.2
2024-11-08 20:27:31,397 [INFO] ThirdParty:1030 - CMSIS Pack Vendor :STMicroelectronics X-CUBE-TOUCHGFX 4.20.0
2024-11-08 20:27:31,397 [INFO] ThirdParty:1030 - CMSIS Pack Vendor :STMicroelectronics X-CUBE-MEMS1 10.0.0
2024-11-08 20:27:31,397 [INFO] ThirdParty:1030 - CMSIS Pack Vendor :STMicroelectronics X-CUBE-FREERTOS 1.1.0
2024-11-08 20:27:31,397 [INFO] ThirdParty:1030 - CMSIS Pack Vendor :STMicroelectronics X-CUBE-TOUCHGFX 4.24.0
2024-11-08 20:27:31,397 [INFO] ThirdParty:1030 - CMSIS Pack Vendor :STMicroelectronics X-CUBE-AZRTOS-WL 1.0.0
2024-11-08 20:27:31,397 [INFO] ThirdParty:1030 - CMSIS Pack Vendor :STMicroelectronics X-CUBE-TOUCHGFX 4.24.1
2024-11-08 20:27:31,397 [INFO] ThirdParty:1030 - CMSIS Pack Vendor :portGmbH I-Cube-SoM-uGOAL 1.1.0
2024-11-08 20:27:31,397 [INFO] ThirdParty:1030 - CMSIS Pack Vendor :STMicroelectronics X-CUBE-ALS 1.0.1
2024-11-08 20:27:31,397 [INFO] ThirdParty:1030 - CMSIS Pack Vendor :STMicroelectronics X-CUBE-MEMS1 9.5.0
2024-11-08 20:27:31,397 [INFO] ThirdParty:1030 - CMSIS Pack Vendor :STMicroelectronics ThreadX 1.0.0
2024-11-08 20:27:31,397 [INFO] ThirdParty:1030 - CMSIS Pack Vendor :STMicroelectronics X-CUBE-AZRTOS-WB 1.1.0
2024-11-08 20:27:31,397 [INFO] ThirdParty:1030 - CMSIS Pack Vendor :SEGGER I-CUBE-embOS 1.3.1
2024-11-08 20:27:31,397 [INFO] ThirdParty:1030 - CMSIS Pack Vendor :STMicroelectronics X-CUBE-ALGOBUILD 1.4.0
2024-11-08 20:27:31,397 [INFO] ThirdParty:1030 - CMSIS Pack Vendor :STMicroelectronics X-CUBE-AZRTOS-L5 1.0.0
2024-11-08 20:27:31,397 [INFO] ThirdParty:1030 - CMSIS Pack Vendor :STMicroelectronics X-CUBE-EEPRMA1 3.1.1
2024-11-08 20:27:31,397 [INFO] ThirdParty:1030 - CMSIS Pack Vendor :STMicroelectronics X-CUBE-AZRTOS-H7RS 1.0.0
2024-11-08 20:27:31,397 [INFO] ThirdParty:1030 - CMSIS Pack Vendor :STMicroelectronics FP-ATR-ASTRA1 2.0.0
2024-11-08 20:27:31,397 [INFO] ThirdParty:1030 - CMSIS Pack Vendor :STMicroelectronics X-CUBE-TOF1 3.4.2
2024-11-08 20:27:31,397 [INFO] ThirdParty:1030 - CMSIS Pack Vendor :STMicroelectronics X-CUBE-AI 9.1.0
2024-11-08 20:27:31,397 [INFO] ThirdParty:1030 - CMSIS Pack Vendor :STMicroelectronics X-CUBE-TOF1 3.4.0
2024-11-08 20:27:31,397 [INFO] ThirdParty:1030 - CMSIS Pack Vendor :STMicroelectronics X-CUBE-TOF1 3.4.1
2024-11-08 20:27:31,397 [INFO] ThirdParty:1030 - CMSIS Pack Vendor :STMicroelectronics X-CUBE-AZRTOS-H7 3.2.0
2024-11-08 20:27:31,397 [INFO] ThirdParty:1030 - CMSIS Pack Vendor :wolfSSL I-CUBE-wolfSSH 1.4.17
2024-11-08 20:27:31,397 [INFO] ThirdParty:841 - exiting critical section [change project]
2024-11-08 20:27:31,839 [INFO] PinOutPanel:1561 - setPackage(No Configuration,No Configuration)
2024-11-08 20:27:31,840 [INFO] PinOutPanel:1561 - setPackage(STM32G474RETx,LQFP64)
2024-11-08 20:27:32,229 [INFO] UtilMem:75 - Before build in PCC Used Memory: 742758688 Bytes (1073741824)
2024-11-08 20:27:33,129 [INFO] UtilMem:75 - After build in PCC Used Memory: 882219296 Bytes (1073741824)
2024-11-08 20:27:33,157 [INFO] IPUIPlugin:80 - create IPUIPlugin
2024-11-08 20:27:33,157 [INFO] IPUIPlugin:80 - create IPUIPlugin
2024-11-08 20:27:33,157 [INFO] IPUIPlugin:80 - create IPUIPlugin
2024-11-08 20:27:33,157 [INFO] IPUIPlugin:80 - create IPUIPlugin
2024-11-08 20:27:33,157 [INFO] IPUIPlugin:80 - create IPUIPlugin
2024-11-08 20:27:33,157 [INFO] IPUIPlugin:80 - create IPUIPlugin
2024-11-08 20:27:33,157 [INFO] IPUIPlugin:80 - create IPUIPlugin
2024-11-08 20:27:33,157 [INFO] IPUIPlugin:80 - create IPUIPlugin
2024-11-08 20:27:33,157 [INFO] IPUIPlugin:80 - create IPUIPlugin
2024-11-08 20:27:33,157 [INFO] IPUIPlugin:80 - create IPUIPlugin
2024-11-08 20:27:33,157 [INFO] IPUIPlugin:80 - create IPUIPlugin
2024-11-08 20:27:33,157 [INFO] IPUIPlugin:80 - create IPUIPlugin
2024-11-08 20:27:33,158 [INFO] IPUIPlugin:80 - create IPUIPlugin
2024-11-08 20:27:33,158 [INFO] IPUIPlugin:80 - create IPUIPlugin
2024-11-08 20:27:33,158 [INFO] IPUIPlugin:80 - create IPUIPlugin
2024-11-08 20:27:33,158 [INFO] IPUIPlugin:80 - create IPUIPlugin
2024-11-08 20:27:33,158 [INFO] IPUIPlugin:80 - create IPUIPlugin
2024-11-08 20:27:33,158 [INFO] IPUIPlugin:80 - create IPUIPlugin
2024-11-08 20:27:33,158 [INFO] IPUIPlugin:80 - create IPUIPlugin
2024-11-08 20:27:33,158 [INFO] IPUIPlugin:80 - create IPUIPlugin
2024-11-08 20:27:33,159 [INFO] IPUIPlugin:80 - create IPUIPlugin
2024-11-08 20:27:33,159 [INFO] IPUIPlugin:80 - create IPUIPlugin
2024-11-08 20:27:33,159 [INFO] IPUIPlugin:80 - create IPUIPlugin
2024-11-08 20:27:33,159 [INFO] IPUIPlugin:80 - create IPUIPlugin
2024-11-08 20:27:33,159 [INFO] IPUIPlugin:80 - create IPUIPlugin
2024-11-08 20:27:33,159 [INFO] IPUIPlugin:80 - create IPUIPlugin
2024-11-08 20:27:33,159 [INFO] IPUIPlugin:80 - create IPUIPlugin
2024-11-08 20:27:33,159 [INFO] IPUIPlugin:80 - create IPUIPlugin
2024-11-08 20:27:33,159 [INFO] IPUIPlugin:80 - create IPUIPlugin
2024-11-08 20:27:33,159 [INFO] IPUIPlugin:80 - create IPUIPlugin
2024-11-08 20:27:33,159 [INFO] IPUIPlugin:80 - create IPUIPlugin
2024-11-08 20:27:33,159 [INFO] IPUIPlugin:80 - create IPUIPlugin
2024-11-08 20:27:33,159 [INFO] IPUIPlugin:80 - create IPUIPlugin
2024-11-08 20:27:33,159 [INFO] IPUIPlugin:80 - create IPUIPlugin
2024-11-08 20:27:33,160 [INFO] IPUIPlugin:80 - create IPUIPlugin
2024-11-08 20:27:33,160 [INFO] IPUIPlugin:80 - create IPUIPlugin
2024-11-08 20:27:33,160 [INFO] IPUIPlugin:80 - create IPUIPlugin
2024-11-08 20:27:33,160 [INFO] IPUIPlugin:80 - create IPUIPlugin
2024-11-08 20:27:33,160 [INFO] IPUIPlugin:80 - create IPUIPlugin
2024-11-08 20:27:33,160 [INFO] IPUIPlugin:80 - create IPUIPlugin
2024-11-08 20:27:33,160 [INFO] IPUIPlugin:80 - create IPUIPlugin
2024-11-08 20:27:33,160 [INFO] IPUIPlugin:80 - create IPUIPlugin
2024-11-08 20:27:33,160 [INFO] IPUIPlugin:80 - create IPUIPlugin
2024-11-08 20:27:33,160 [INFO] IPUIPlugin:80 - create IPUIPlugin
2024-11-08 20:27:33,160 [INFO] IPUIPlugin:80 - create IPUIPlugin
2024-11-08 20:27:33,161 [INFO] IPUIPlugin:80 - create IPUIPlugin
2024-11-08 20:27:33,161 [INFO] IPUIPlugin:80 - create IPUIPlugin
2024-11-08 20:27:33,161 [INFO] IPUIPlugin:80 - create IPUIPlugin
2024-11-08 20:27:33,161 [INFO] IPUIPlugin:80 - create IPUIPlugin
2024-11-08 20:27:33,161 [INFO] IPUIPlugin:80 - create IPUIPlugin
2024-11-08 20:27:33,161 [INFO] IPUIPlugin:80 - create IPUIPlugin
2024-11-08 20:27:33,162 [INFO] IPUIPlugin:80 - create IPUIPlugin
2024-11-08 20:27:33,162 [INFO] IPUIPlugin:80 - create IPUIPlugin
2024-11-08 20:27:33,162 [INFO] IPUIPlugin:80 - create IPUIPlugin
2024-11-08 20:27:33,163 [INFO] IPUIPlugin:80 - create IPUIPlugin
2024-11-08 20:27:33,163 [INFO] IPUIPlugin:80 - create IPUIPlugin
2024-11-08 20:27:33,163 [INFO] IPUIPlugin:80 - create IPUIPlugin
2024-11-08 20:27:33,163 [INFO] IPUIPlugin:80 - create IPUIPlugin
2024-11-08 20:27:33,163 [INFO] IPUIPlugin:80 - create IPUIPlugin
2024-11-08 20:27:33,163 [INFO] IPUIPlugin:80 - create IPUIPlugin
2024-11-08 20:27:33,164 [INFO] IPUIPlugin:80 - create IPUIPlugin
2024-11-08 20:27:33,164 [INFO] IPUIPlugin:80 - create IPUIPlugin
2024-11-08 20:27:33,164 [INFO] IPUIPlugin:80 - create IPUIPlugin
2024-11-08 20:27:33,164 [INFO] IPUIPlugin:80 - create IPUIPlugin
2024-11-08 20:27:33,164 [INFO] IPUIPlugin:80 - create IPUIPlugin
2024-11-08 20:27:33,164 [INFO] IPUIPlugin:80 - create IPUIPlugin
2024-11-08 20:27:33,165 [INFO] IPUIPlugin:80 - create IPUIPlugin
2024-11-08 20:27:33,165 [INFO] IPUIPlugin:80 - create IPUIPlugin
2024-11-08 20:27:33,166 [INFO] IPUIPlugin:80 - create IPUIPlugin
2024-11-08 20:27:33,166 [INFO] IPUIPlugin:80 - create IPUIPlugin
2024-11-08 20:27:33,166 [INFO] IPUIPlugin:80 - create IPUIPlugin
2024-11-08 20:27:33,166 [INFO] IPUIPlugin:80 - create IPUIPlugin
2024-11-08 20:27:33,166 [INFO] IPUIPlugin:80 - create IPUIPlugin
2024-11-08 20:27:33,167 [INFO] IPUIPlugin:80 - create IPUIPlugin
2024-11-08 20:27:33,167 [INFO] IPUIPlugin:80 - create IPUIPlugin
2024-11-08 20:27:33,167 [INFO] IPUIPlugin:80 - create IPUIPlugin
2024-11-08 20:27:33,168 [INFO] IPUIPlugin:80 - create IPUIPlugin
2024-11-08 20:27:33,370 [INFO] CADModel:165 - CPN selected for project levelSTM32G474RET6
2024-11-08 20:27:33,370 [INFO] CADModel:114 - Register for checkConnection events
2024-11-08 20:27:33,416 [INFO] OpenFileManager:343 - Restore cursor
2024-11-08 20:29:54,828 [INFO] ADCParametersView:116 -                Rank 1 : false
2024-11-08 20:29:54,902 [INFO] ADCParametersView:116 -                Rank 1 : false
2024-11-08 20:29:54,902 [INFO] ADCParametersView:116 -                Rank 1 : false
2024-11-08 20:29:54,902 [INFO] ADCParametersView:116 -                Rank 1 : false
2024-11-08 20:29:54,902 [INFO] ADCParametersView:116 -                Rank 1 : false
2024-11-08 20:29:54,902 [INFO] ADCParametersView:116 -                Rank 1 : false
2024-11-08 20:29:54,902 [INFO] ADCParametersView:116 -                Rank 1 : false
2024-11-08 20:29:54,902 [INFO] ADCParametersView:116 -                Rank 1 : false
2024-11-08 20:29:54,902 [INFO] ADCParametersView:116 -                Rank 1 : false
2024-11-08 20:29:54,902 [INFO] ADCParametersView:116 -                Rank 1 : false
2024-11-08 20:29:54,902 [INFO] ADCParametersView:116 -                Rank 1 : false
2024-11-08 20:29:54,903 [INFO] ADCParametersView:116 -                Rank 1 : false
2024-11-08 20:29:54,903 [INFO] ADCParametersView:116 -                Rank 1 : false
2024-11-08 20:29:54,903 [INFO] ADCParametersView:116 -                Rank 1 : false
2024-11-08 20:29:54,903 [INFO] ADCParametersView:116 -                Rank 1 : false
2024-11-08 20:29:54,903 [INFO] ADCParametersView:116 -                Rank 1 : false
2024-11-08 20:29:54,903 [INFO] ADCParametersView:116 -                Rank 1 : false
2024-11-08 20:29:54,903 [INFO] ADCParametersView:116 -                Rank 1 : false
2024-11-08 20:29:54,903 [INFO] ADCParametersView:116 -                Rank 1 : false
2024-11-08 20:29:54,903 [INFO] ADCParametersView:116 -                Rank 1 : false
2024-11-08 20:29:54,903 [INFO] ADCParametersView:116 -                Rank 1 : false
2024-11-08 20:29:54,903 [INFO] ADCParametersView:116 -                Rank 1 : false
2024-11-08 20:29:54,903 [INFO] ADCParametersView:116 -                Rank 1 : false
2024-11-08 20:29:54,903 [INFO] ADCParametersView:116 -                Rank 1 : false
2024-11-08 20:29:54,903 [INFO] ADCParametersView:116 -                Rank 1 : false
2024-11-08 20:29:54,903 [INFO] ADCParametersView:116 -                Rank 1 : false
2024-11-08 20:29:54,922 [INFO] ADCParametersView:116 -                Rank 1 : false
2024-11-08 20:31:12,786 [INFO] ADCParametersView:116 -                Rank 1 : false
2024-11-08 20:31:12,786 [INFO] ADCParametersView:116 -                Rank 1 : false
2024-11-08 20:31:12,787 [INFO] ADCParametersView:116 -                Rank 1 : false
2024-11-08 20:31:12,787 [INFO] ADCParametersView:116 -                Rank 1 : false
2024-11-08 20:31:12,787 [INFO] ADCParametersView:116 -                Rank 1 : false
2024-11-08 20:31:12,787 [INFO] ADCParametersView:116 -                Rank 1 : false
2024-11-08 20:31:12,787 [INFO] ADCParametersView:116 -                Rank 1 : false
2024-11-08 20:31:12,787 [INFO] ADCParametersView:116 -                Rank 1 : false
2024-11-08 20:31:12,787 [INFO] ADCParametersView:116 -                Rank 1 : false
2024-11-08 20:31:12,787 [INFO] ADCParametersView:116 -                Rank 1 : false
2024-11-08 20:31:12,787 [INFO] ADCParametersView:116 -                Rank 1 : false
2024-11-08 20:31:12,787 [INFO] ADCParametersView:116 -                Rank 1 : false
2024-11-08 20:31:12,787 [INFO] ADCParametersView:116 -                Rank 1 : false
2024-11-08 20:31:12,787 [INFO] ADCParametersView:116 -                Rank 1 : false
2024-11-08 20:31:12,787 [INFO] ADCParametersView:116 -                Rank 1 : false
2024-11-08 20:31:12,787 [INFO] ADCParametersView:116 -                Rank 1 : false
2024-11-08 20:31:12,787 [INFO] ADCParametersView:116 -                Rank 1 : false
2024-11-08 20:31:12,787 [INFO] ADCParametersView:116 -                Rank 1 : false
2024-11-08 20:31:12,787 [INFO] ADCParametersView:116 -                Rank 1 : false
2024-11-08 20:31:12,788 [INFO] ADCParametersView:116 -                Rank 1 : false
2024-11-08 20:31:12,788 [INFO] ADCParametersView:116 -                Rank 1 : false
2024-11-08 20:31:12,788 [INFO] ADCParametersView:116 -                Rank 1 : false
2024-11-08 20:31:12,788 [INFO] ADCParametersView:116 -                Rank 1 : false
2024-11-08 20:31:12,788 [INFO] ADCParametersView:116 -                Rank 1 : false
2024-11-08 20:31:12,788 [INFO] ADCParametersView:116 -                Rank 1 : false
2024-11-08 20:31:12,798 [INFO] ADCParametersView:116 -                Rank 1 : false
2024-11-08 20:31:12,819 [INFO] ADCParametersView:116 -                Rank 1 : false
2024-11-08 20:31:12,819 [INFO] ADCParametersView:116 -                Rank 1 : false
2024-11-08 20:31:12,819 [INFO] ADCParametersView:116 -                Rank 1 : false
2024-11-08 20:31:12,819 [INFO] ADCParametersView:116 -                Rank 1 : false
2024-11-08 20:31:12,819 [INFO] ADCParametersView:116 -                Rank 1 : false
2024-11-08 20:31:12,819 [INFO] ADCParametersView:116 -                Rank 1 : false
2024-11-08 20:31:12,819 [INFO] ADCParametersView:116 -                Rank 1 : false
2024-11-08 20:31:12,819 [INFO] ADCParametersView:116 -                Rank 1 : false
2024-11-08 20:31:12,819 [INFO] ADCParametersView:116 -                Rank 1 : false
2024-11-08 20:31:12,819 [INFO] ADCParametersView:116 -                Rank 1 : false
2024-11-08 20:31:12,819 [INFO] ADCParametersView:116 -                Rank 1 : false
2024-11-08 20:31:12,819 [INFO] ADCParametersView:116 -                Rank 1 : false
2024-11-08 20:31:12,819 [INFO] ADCParametersView:116 -                Rank 1 : false
2024-11-08 20:31:12,819 [INFO] ADCParametersView:116 -                Rank 1 : false
2024-11-08 20:31:12,819 [INFO] ADCParametersView:116 -                Rank 1 : false
2024-11-08 20:31:12,820 [INFO] ADCParametersView:116 -                Rank 1 : false
2024-11-08 20:31:12,820 [INFO] ADCParametersView:116 -                Rank 1 : false
2024-11-08 20:31:12,820 [INFO] ADCParametersView:116 -                Rank 1 : false
2024-11-08 20:31:12,820 [INFO] ADCParametersView:116 -                Rank 1 : false
2024-11-08 20:31:12,820 [INFO] ADCParametersView:116 -                Rank 1 : false
2024-11-08 20:31:12,820 [INFO] ADCParametersView:116 -                Rank 1 : false
2024-11-08 20:31:12,820 [INFO] ADCParametersView:116 -                Rank 1 : false
2024-11-08 20:31:12,820 [INFO] ADCParametersView:116 -                Rank 1 : false
2024-11-08 20:31:12,820 [INFO] ADCParametersView:116 -                Rank 1 : false
2024-11-08 20:31:12,820 [INFO] ADCParametersView:116 -                Rank 1 : false
2024-11-08 20:31:12,830 [INFO] ADCParametersView:116 -                Rank 1 : false
2024-11-08 20:31:12,969 [INFO] NvicIntPanel:101 - NVIC parent = com.st.microxplorer.plugins.ip.nvic.MultiNvicIntPanel[,0,0,0x0,invalid,layout=javax.swing.BoxLayout,alignmentX=0.0,alignmentY=0.0,border=,flags=9,maximumSize=,minimumSize=,preferredSize=]
2024-11-08 20:31:13,113 [INFO] NvicIntPanel:101 - NVIC parent = com.st.microxplorer.plugins.ip.nvic.MultiNvicIntPanel[,0,0,0x0,invalid,layout=javax.swing.BoxLayout,alignmentX=0.0,alignmentY=0.0,border=,flags=9,maximumSize=,minimumSize=,preferredSize=]
2024-11-08 20:31:13,229 [INFO] NvicIntPanel:101 - NVIC parent = com.st.microxplorer.plugins.ip.nvic.MultiNvicIntPanel[,0,0,0x0,invalid,layout=javax.swing.BoxLayout,alignmentX=0.0,alignmentY=0.0,border=,flags=9,maximumSize=,minimumSize=,preferredSize=]
2024-11-08 20:31:13,353 [INFO] NvicIntPanel:101 - NVIC parent = com.st.microxplorer.plugins.ip.nvic.MultiNvicIntPanel[,0,0,0x0,invalid,layout=javax.swing.BoxLayout,alignmentX=0.0,alignmentY=0.0,border=,flags=9,maximumSize=,minimumSize=,preferredSize=]
2024-11-08 20:31:13,488 [INFO] ADCParametersView:116 -                Rank 1 : false
2024-11-08 20:31:13,488 [INFO] ADCParametersView:116 -                Rank 1 : false
2024-11-08 20:31:13,488 [INFO] ADCParametersView:116 -                Rank 1 : false
2024-11-08 20:31:13,489 [INFO] ADCParametersView:116 -                Rank 1 : false
2024-11-08 20:31:13,489 [INFO] ADCParametersView:116 -                Rank 1 : false
2024-11-08 20:31:13,489 [INFO] ADCParametersView:116 -                Rank 1 : false
2024-11-08 20:31:13,490 [INFO] ADCParametersView:116 -                Rank 1 : false
2024-11-08 20:31:13,490 [INFO] ADCParametersView:116 -                Rank 1 : false
2024-11-08 20:31:13,490 [INFO] ADCParametersView:116 -                Rank 1 : false
2024-11-08 20:31:13,490 [INFO] ADCParametersView:116 -                Rank 1 : false
2024-11-08 20:31:13,490 [INFO] ADCParametersView:116 -                Rank 1 : false
2024-11-08 20:31:13,490 [INFO] ADCParametersView:116 -                Rank 1 : false
2024-11-08 20:31:13,490 [INFO] ADCParametersView:116 -                Rank 1 : false
2024-11-08 20:31:13,490 [INFO] ADCParametersView:116 -                Rank 1 : false
2024-11-08 20:31:13,491 [INFO] ADCParametersView:116 -                Rank 1 : false
2024-11-08 20:31:13,491 [INFO] ADCParametersView:116 -                Rank 1 : false
2024-11-08 20:31:13,491 [INFO] ADCParametersView:116 -                Rank 1 : false
2024-11-08 20:31:13,491 [INFO] ADCParametersView:116 -                Rank 1 : false
2024-11-08 20:31:13,491 [INFO] ADCParametersView:116 -                Rank 1 : false
2024-11-08 20:31:13,491 [INFO] ADCParametersView:116 -                Rank 1 : false
2024-11-08 20:31:13,491 [INFO] ADCParametersView:116 -                Rank 1 : false
2024-11-08 20:31:13,492 [INFO] ADCParametersView:116 -                Rank 1 : false
2024-11-08 20:31:13,492 [INFO] ADCParametersView:116 -                Rank 1 : false
2024-11-08 20:31:13,492 [INFO] ADCParametersView:116 -                Rank 1 : false
2024-11-08 20:31:13,492 [INFO] ADCParametersView:116 -                Rank 1 : false
2024-11-08 20:31:13,527 [INFO] ADCParametersView:116 -                Rank 1 : false
2024-11-08 20:31:13,568 [INFO] ADCParametersView:116 -                Rank 1 : false
2024-11-08 20:31:13,568 [INFO] ADCParametersView:116 -                Rank 1 : false
2024-11-08 20:31:13,568 [INFO] ADCParametersView:116 -                Rank 1 : false
2024-11-08 20:31:13,568 [INFO] ADCParametersView:116 -                Rank 1 : false
2024-11-08 20:31:13,568 [INFO] ADCParametersView:116 -                Rank 1 : false
2024-11-08 20:31:13,568 [INFO] ADCParametersView:116 -                Rank 1 : false
2024-11-08 20:31:13,568 [INFO] ADCParametersView:116 -                Rank 1 : false
2024-11-08 20:31:13,568 [INFO] ADCParametersView:116 -                Rank 1 : false
2024-11-08 20:31:13,568 [INFO] ADCParametersView:116 -                Rank 1 : false
2024-11-08 20:31:13,568 [INFO] ADCParametersView:116 -                Rank 1 : false
2024-11-08 20:31:13,568 [INFO] ADCParametersView:116 -                Rank 1 : false
2024-11-08 20:31:13,568 [INFO] ADCParametersView:116 -                Rank 1 : false
2024-11-08 20:31:13,568 [INFO] ADCParametersView:116 -                Rank 1 : false
2024-11-08 20:31:13,568 [INFO] ADCParametersView:116 -                Rank 1 : false
2024-11-08 20:31:13,569 [INFO] ADCParametersView:116 -                Rank 1 : false
2024-11-08 20:31:13,569 [INFO] ADCParametersView:116 -                Rank 1 : false
2024-11-08 20:31:13,569 [INFO] ADCParametersView:116 -                Rank 1 : false
2024-11-08 20:31:13,569 [INFO] ADCParametersView:116 -                Rank 1 : false
2024-11-08 20:31:13,569 [INFO] ADCParametersView:116 -                Rank 1 : false
2024-11-08 20:31:13,569 [INFO] ADCParametersView:116 -                Rank 1 : false
2024-11-08 20:31:13,569 [INFO] ADCParametersView:116 -                Rank 1 : false
2024-11-08 20:31:13,569 [INFO] ADCParametersView:116 -                Rank 1 : false
2024-11-08 20:31:13,569 [INFO] ADCParametersView:116 -                Rank 1 : false
2024-11-08 20:31:13,569 [INFO] ADCParametersView:116 -                Rank 1 : false
2024-11-08 20:31:13,569 [INFO] ADCParametersView:116 -                Rank 1 : false
2024-11-08 20:31:13,602 [INFO] ADCParametersView:116 -                Rank 1 : false
2024-11-08 20:31:15,250 [INFO] ADCParametersView:116 -                Rank 1 : false
2024-11-08 20:31:15,278 [INFO] ADCParametersView:116 -                Rank 1 : false
2024-11-08 20:31:15,278 [INFO] ADCParametersView:116 -                Rank 1 : false
2024-11-08 20:31:15,278 [INFO] ADCParametersView:116 -                Rank 1 : false
2024-11-08 20:31:15,278 [INFO] ADCParametersView:116 -                Rank 1 : false
2024-11-08 20:31:15,278 [INFO] ADCParametersView:116 -                Rank 1 : false
2024-11-08 20:31:15,278 [INFO] ADCParametersView:116 -                Rank 1 : false
2024-11-08 20:31:15,279 [INFO] ADCParametersView:116 -                Rank 1 : false
2024-11-08 20:31:15,279 [INFO] ADCParametersView:116 -                Rank 1 : false
2024-11-08 20:31:15,279 [INFO] ADCParametersView:116 -                Rank 1 : false
2024-11-08 20:31:15,279 [INFO] ADCParametersView:116 -                Rank 1 : false
2024-11-08 20:31:15,279 [INFO] ADCParametersView:116 -                Rank 1 : false
2024-11-08 20:31:15,279 [INFO] ADCParametersView:116 -                Rank 1 : false
2024-11-08 20:31:15,279 [INFO] ADCParametersView:116 -                Rank 1 : false
2024-11-08 20:31:15,279 [INFO] ADCParametersView:116 -                Rank 1 : false
2024-11-08 20:31:15,279 [INFO] ADCParametersView:116 -                Rank 1 : false
2024-11-08 20:31:15,279 [INFO] ADCParametersView:116 -                Rank 1 : false
2024-11-08 20:31:15,279 [INFO] ADCParametersView:116 -                Rank 1 : false
2024-11-08 20:31:15,279 [INFO] ADCParametersView:116 -                Rank 1 : false
2024-11-08 20:31:15,279 [INFO] ADCParametersView:116 -                Rank 1 : false
2024-11-08 20:31:15,279 [INFO] ADCParametersView:116 -                Rank 1 : false
2024-11-08 20:31:15,279 [INFO] ADCParametersView:116 -                Rank 1 : false
2024-11-08 20:31:15,295 [INFO] ADCParametersView:116 -                Rank 1 : false
2024-11-08 20:31:18,048 [INFO] ADCParametersView:116 -                Rank 1 : false
2024-11-08 20:31:18,048 [INFO] ADCParametersView:116 -                Rank 1 : false
2024-11-08 20:31:18,048 [INFO] ADCParametersView:116 -                Rank 1 : false
2024-11-08 20:31:18,048 [INFO] ADCParametersView:116 -                Rank 1 : false
2024-11-08 20:31:18,048 [INFO] ADCParametersView:116 -                Rank 1 : false
2024-11-08 20:31:18,048 [INFO] ADCParametersView:116 -                Rank 1 : false
2024-11-08 20:31:18,049 [INFO] ADCParametersView:116 -                Rank 1 : false
2024-11-08 20:31:18,049 [INFO] ADCParametersView:116 -                Rank 1 : false
2024-11-08 20:31:18,049 [INFO] ADCParametersView:116 -                Rank 1 : false
2024-11-08 20:31:18,049 [INFO] ADCParametersView:116 -                Rank 1 : false
2024-11-08 20:31:18,049 [INFO] ADCParametersView:116 -                Rank 1 : false
2024-11-08 20:31:18,049 [INFO] ADCParametersView:116 -                Rank 1 : false
2024-11-08 20:31:18,049 [INFO] ADCParametersView:116 -                Rank 1 : false
2024-11-08 20:31:18,049 [INFO] ADCParametersView:116 -                Rank 1 : false
2024-11-08 20:31:18,049 [INFO] ADCParametersView:116 -                Rank 1 : false
2024-11-08 20:31:18,049 [INFO] ADCParametersView:116 -                Rank 1 : false
2024-11-08 20:31:18,049 [INFO] ADCParametersView:116 -                Rank 1 : false
2024-11-08 20:31:18,049 [INFO] ADCParametersView:116 -                Rank 1 : false
2024-11-08 20:31:18,049 [INFO] ADCParametersView:116 -                Rank 1 : false
2024-11-08 20:31:18,049 [INFO] ADCParametersView:116 -                Rank 1 : false
2024-11-08 20:31:18,049 [INFO] ADCParametersView:116 -                Rank 1 : false
2024-11-08 20:31:18,049 [INFO] ADCParametersView:116 -                Rank 1 : false
2024-11-08 20:31:18,049 [INFO] ADCParametersView:116 -                Rank 1 : false
2024-11-08 20:31:18,049 [INFO] ADCParametersView:116 -                Rank 1 : false
2024-11-08 20:31:18,049 [INFO] ADCParametersView:116 -                Rank 1 : false
2024-11-08 20:31:18,068 [INFO] ADCParametersView:116 -                Rank 1 : false
2024-11-08 20:31:18,092 [INFO] ADCParametersView:116 -                Rank 1 : false
2024-11-08 20:31:18,092 [INFO] ADCParametersView:116 -                Rank 1 : false
2024-11-08 20:31:18,092 [INFO] ADCParametersView:116 -                Rank 1 : false
2024-11-08 20:31:18,092 [INFO] ADCParametersView:116 -                Rank 1 : false
2024-11-08 20:31:18,092 [INFO] ADCParametersView:116 -                Rank 1 : false
2024-11-08 20:31:18,092 [INFO] ADCParametersView:116 -                Rank 1 : false
2024-11-08 20:31:18,092 [INFO] ADCParametersView:116 -                Rank 1 : false
2024-11-08 20:31:18,092 [INFO] ADCParametersView:116 -                Rank 1 : false
2024-11-08 20:31:18,092 [INFO] ADCParametersView:116 -                Rank 1 : false
2024-11-08 20:31:18,092 [INFO] ADCParametersView:116 -                Rank 1 : false
2024-11-08 20:31:18,092 [INFO] ADCParametersView:116 -                Rank 1 : false
2024-11-08 20:31:18,092 [INFO] ADCParametersView:116 -                Rank 1 : false
2024-11-08 20:31:18,092 [INFO] ADCParametersView:116 -                Rank 1 : false
2024-11-08 20:31:18,092 [INFO] ADCParametersView:116 -                Rank 1 : false
2024-11-08 20:31:18,092 [INFO] ADCParametersView:116 -                Rank 1 : false
2024-11-08 20:31:18,092 [INFO] ADCParametersView:116 -                Rank 1 : false
2024-11-08 20:31:18,092 [INFO] ADCParametersView:116 -                Rank 1 : false
2024-11-08 20:31:18,092 [INFO] ADCParametersView:116 -                Rank 1 : false
2024-11-08 20:31:18,093 [INFO] ADCParametersView:116 -                Rank 1 : false
2024-11-08 20:31:18,093 [INFO] ADCParametersView:116 -                Rank 1 : false
2024-11-08 20:31:18,093 [INFO] ADCParametersView:116 -                Rank 1 : false
2024-11-08 20:31:18,093 [INFO] ADCParametersView:116 -                Rank 1 : false
2024-11-08 20:31:18,093 [INFO] ADCParametersView:116 -                Rank 1 : false
2024-11-08 20:31:18,093 [INFO] ADCParametersView:116 -                Rank 1 : false
2024-11-08 20:31:18,093 [INFO] ADCParametersView:116 -                Rank 1 : false
2024-11-08 20:31:18,107 [INFO] ADCParametersView:116 -                Rank 1 : false
2024-11-08 20:31:23,019 [INFO] ADCParametersView:116 -                Rank 1 : false
2024-11-08 20:31:23,019 [INFO] ADCParametersView:116 -                Rank 1 : false
2024-11-08 20:31:23,019 [INFO] ADCParametersView:116 -                Rank 1 : false
2024-11-08 20:31:23,019 [INFO] ADCParametersView:116 -                Rank 1 : false
2024-11-08 20:31:23,019 [INFO] ADCParametersView:116 -                Rank 1 : false
2024-11-08 20:31:23,019 [INFO] ADCParametersView:116 -                Rank 1 : false
2024-11-08 20:31:23,019 [INFO] ADCParametersView:116 -                Rank 1 : false
2024-11-08 20:31:23,019 [INFO] ADCParametersView:116 -                Rank 1 : false
2024-11-08 20:31:23,019 [INFO] ADCParametersView:116 -                Rank 1 : false
2024-11-08 20:31:23,020 [INFO] ADCParametersView:116 -                Rank 1 : false
2024-11-08 20:31:23,020 [INFO] ADCParametersView:116 -                Rank 1 : false
2024-11-08 20:31:23,020 [INFO] ADCParametersView:116 -                Rank 1 : false
2024-11-08 20:31:23,020 [INFO] ADCParametersView:116 -                Rank 1 : false
2024-11-08 20:31:23,020 [INFO] ADCParametersView:116 -                Rank 1 : false
2024-11-08 20:31:23,020 [INFO] ADCParametersView:116 -                Rank 1 : false
2024-11-08 20:31:23,020 [INFO] ADCParametersView:116 -                Rank 1 : false
2024-11-08 20:31:23,020 [INFO] ADCParametersView:116 -                Rank 1 : false
2024-11-08 20:31:23,020 [INFO] ADCParametersView:116 -                Rank 1 : false
2024-11-08 20:31:23,020 [INFO] ADCParametersView:116 -                Rank 1 : false
2024-11-08 20:31:23,020 [INFO] ADCParametersView:116 -                Rank 1 : false
2024-11-08 20:31:23,020 [INFO] ADCParametersView:116 -                Rank 1 : false
2024-11-08 20:31:23,034 [INFO] ADCParametersView:116 -                Rank 1 : false
2024-11-08 20:31:23,054 [INFO] ADCParametersView:116 -                Rank 1 : false
2024-11-08 20:31:23,054 [INFO] ADCParametersView:116 -                Rank 1 : false
2024-11-08 20:31:23,054 [INFO] ADCParametersView:116 -                Rank 1 : false
2024-11-08 20:31:23,054 [INFO] ADCParametersView:116 -                Rank 1 : false
2024-11-08 20:31:23,054 [INFO] ADCParametersView:116 -                Rank 1 : false
2024-11-08 20:31:23,055 [INFO] ADCParametersView:116 -                Rank 1 : false
2024-11-08 20:31:23,055 [INFO] ADCParametersView:116 -                Rank 1 : false
2024-11-08 20:31:23,055 [INFO] ADCParametersView:116 -                Rank 1 : false
2024-11-08 20:31:23,055 [INFO] ADCParametersView:116 -                Rank 1 : false
2024-11-08 20:31:23,055 [INFO] ADCParametersView:116 -                Rank 1 : false
2024-11-08 20:31:23,055 [INFO] ADCParametersView:116 -                Rank 1 : false
2024-11-08 20:31:23,055 [INFO] ADCParametersView:116 -                Rank 1 : false
2024-11-08 20:31:23,055 [INFO] ADCParametersView:116 -                Rank 1 : false
2024-11-08 20:31:23,055 [INFO] ADCParametersView:116 -                Rank 1 : false
2024-11-08 20:31:23,055 [INFO] ADCParametersView:116 -                Rank 1 : false
2024-11-08 20:31:23,055 [INFO] ADCParametersView:116 -                Rank 1 : false
2024-11-08 20:31:23,055 [INFO] ADCParametersView:116 -                Rank 1 : false
2024-11-08 20:31:23,055 [INFO] ADCParametersView:116 -                Rank 1 : false
2024-11-08 20:31:23,055 [INFO] ADCParametersView:116 -                Rank 1 : false
2024-11-08 20:31:23,055 [INFO] ADCParametersView:116 -                Rank 1 : false
2024-11-08 20:31:23,055 [INFO] ADCParametersView:116 -                Rank 1 : false
2024-11-08 20:31:23,069 [INFO] ADCParametersView:116 -                Rank 1 : false
2024-11-08 20:31:29,976 [INFO] NvicIntPanel:101 - NVIC parent = com.st.microxplorer.plugins.ip.nvic.MultiNvicIntPanel[,0,0,0x0,invalid,layout=javax.swing.BoxLayout,alignmentX=0.0,alignmentY=0.0,border=,flags=9,maximumSize=,minimumSize=,preferredSize=]
2024-11-08 20:31:30,013 [INFO] ADCParametersView:116 -                Rank 1 : false
2024-11-08 20:31:30,016 [INFO] ADCParametersView:116 -                Rank 1 : false
2024-11-08 20:31:30,016 [INFO] ADCParametersView:116 -                Rank 1 : false
2024-11-08 20:31:30,016 [INFO] ADCParametersView:116 -                Rank 1 : false
2024-11-08 20:31:30,016 [INFO] ADCParametersView:116 -                Rank 1 : false
2024-11-08 20:31:30,016 [INFO] ADCParametersView:116 -                Rank 1 : false
2024-11-08 20:31:30,016 [INFO] ADCParametersView:116 -                Rank 1 : false
2024-11-08 20:31:30,016 [INFO] ADCParametersView:116 -                Rank 1 : false
2024-11-08 20:31:30,016 [INFO] ADCParametersView:116 -                Rank 1 : false
2024-11-08 20:31:30,016 [INFO] ADCParametersView:116 -                Rank 1 : false
2024-11-08 20:31:30,016 [INFO] ADCParametersView:116 -                Rank 1 : false
2024-11-08 20:31:30,016 [INFO] ADCParametersView:116 -                Rank 1 : false
2024-11-08 20:31:30,016 [INFO] ADCParametersView:116 -                Rank 1 : false
2024-11-08 20:31:30,016 [INFO] ADCParametersView:116 -                Rank 1 : false
2024-11-08 20:31:30,017 [INFO] ADCParametersView:116 -                Rank 1 : false
2024-11-08 20:31:30,017 [INFO] ADCParametersView:116 -                Rank 1 : false
2024-11-08 20:31:30,017 [INFO] ADCParametersView:116 -                Rank 1 : false
2024-11-08 20:31:30,017 [INFO] ADCParametersView:116 -                Rank 1 : false
2024-11-08 20:31:30,017 [INFO] ADCParametersView:116 -                Rank 1 : false
2024-11-08 20:31:30,017 [INFO] ADCParametersView:116 -                Rank 1 : false
2024-11-08 20:31:30,017 [INFO] ADCParametersView:116 -                Rank 1 : false
2024-11-08 20:31:30,037 [INFO] ADCParametersView:116 -                Rank 1 : false
2024-11-08 20:31:32,419 [INFO] NvicIntPanel:101 - NVIC parent = com.st.microxplorer.plugins.ip.nvic.MultiNvicIntPanel[,0,0,0x0,invalid,layout=javax.swing.BoxLayout,alignmentX=0.0,alignmentY=0.0,border=,flags=9,maximumSize=,minimumSize=,preferredSize=]
2024-11-08 20:31:32,463 [INFO] ADCParametersView:116 -                Rank 1 : false
2024-11-08 20:31:32,465 [INFO] ADCParametersView:116 -                Rank 1 : false
2024-11-08 20:31:32,465 [INFO] ADCParametersView:116 -                Rank 1 : false
2024-11-08 20:31:32,465 [INFO] ADCParametersView:116 -                Rank 1 : false
2024-11-08 20:31:32,465 [INFO] ADCParametersView:116 -                Rank 1 : false
2024-11-08 20:31:32,465 [INFO] ADCParametersView:116 -                Rank 1 : false
2024-11-08 20:31:32,465 [INFO] ADCParametersView:116 -                Rank 1 : false
2024-11-08 20:31:32,465 [INFO] ADCParametersView:116 -                Rank 1 : false
2024-11-08 20:31:32,465 [INFO] ADCParametersView:116 -                Rank 1 : false
2024-11-08 20:31:32,465 [INFO] ADCParametersView:116 -                Rank 1 : false
2024-11-08 20:31:32,465 [INFO] ADCParametersView:116 -                Rank 1 : false
2024-11-08 20:31:32,465 [INFO] ADCParametersView:116 -                Rank 1 : false
2024-11-08 20:31:32,465 [INFO] ADCParametersView:116 -                Rank 1 : false
2024-11-08 20:31:32,465 [INFO] ADCParametersView:116 -                Rank 1 : false
2024-11-08 20:31:32,465 [INFO] ADCParametersView:116 -                Rank 1 : false
2024-11-08 20:31:32,465 [INFO] ADCParametersView:116 -                Rank 1 : false
2024-11-08 20:31:32,465 [INFO] ADCParametersView:116 -                Rank 1 : false
2024-11-08 20:31:32,465 [INFO] ADCParametersView:116 -                Rank 1 : false
2024-11-08 20:31:32,466 [INFO] ADCParametersView:116 -                Rank 1 : false
2024-11-08 20:31:32,466 [INFO] ADCParametersView:116 -                Rank 1 : false
2024-11-08 20:31:32,466 [INFO] ADCParametersView:116 -                Rank 1 : false
2024-11-08 20:31:32,466 [INFO] ADCParametersView:116 -                Rank 1 : false
2024-11-08 20:31:32,466 [INFO] ADCParametersView:116 -                Rank 1 : false
2024-11-08 20:31:32,466 [INFO] ADCParametersView:116 -                Rank 1 : false
2024-11-08 20:31:32,466 [INFO] ADCParametersView:116 -                Rank 1 : false
2024-11-08 20:31:32,483 [INFO] ADCParametersView:116 -                Rank 1 : false
2024-11-08 20:31:34,313 [INFO] NvicIntPanel:101 - NVIC parent = com.st.microxplorer.plugins.ip.nvic.MultiNvicIntPanel[,0,0,0x0,invalid,layout=javax.swing.BoxLayout,alignmentX=0.0,alignmentY=0.0,border=,flags=9,maximumSize=,minimumSize=,preferredSize=]
2024-11-08 20:31:34,344 [INFO] ADCParametersView:116 -                Rank 1 : false
2024-11-08 20:31:34,346 [INFO] ADCParametersView:116 -                Rank 1 : false
2024-11-08 20:31:34,346 [INFO] ADCParametersView:116 -                Rank 1 : false
2024-11-08 20:31:34,346 [INFO] ADCParametersView:116 -                Rank 1 : false
2024-11-08 20:31:34,346 [INFO] ADCParametersView:116 -                Rank 1 : false
2024-11-08 20:31:34,346 [INFO] ADCParametersView:116 -                Rank 1 : false
2024-11-08 20:31:34,346 [INFO] ADCParametersView:116 -                Rank 1 : false
2024-11-08 20:31:34,346 [INFO] ADCParametersView:116 -                Rank 1 : false
2024-11-08 20:31:34,346 [INFO] ADCParametersView:116 -                Rank 1 : false
2024-11-08 20:31:34,346 [INFO] ADCParametersView:116 -                Rank 1 : false
2024-11-08 20:31:34,346 [INFO] ADCParametersView:116 -                Rank 1 : false
2024-11-08 20:31:34,346 [INFO] ADCParametersView:116 -                Rank 1 : false
2024-11-08 20:31:34,346 [INFO] ADCParametersView:116 -                Rank 1 : false
2024-11-08 20:31:34,346 [INFO] ADCParametersView:116 -                Rank 1 : false
2024-11-08 20:31:34,346 [INFO] ADCParametersView:116 -                Rank 1 : false
2024-11-08 20:31:34,346 [INFO] ADCParametersView:116 -                Rank 1 : false
2024-11-08 20:31:34,346 [INFO] ADCParametersView:116 -                Rank 1 : false
2024-11-08 20:31:34,346 [INFO] ADCParametersView:116 -                Rank 1 : false
2024-11-08 20:31:34,346 [INFO] ADCParametersView:116 -                Rank 1 : false
2024-11-08 20:31:34,346 [INFO] ADCParametersView:116 -                Rank 1 : false
2024-11-08 20:31:34,346 [INFO] ADCParametersView:116 -                Rank 1 : false
2024-11-08 20:31:34,346 [INFO] ADCParametersView:116 -                Rank 1 : false
2024-11-08 20:31:34,346 [INFO] ADCParametersView:116 -                Rank 1 : false
2024-11-08 20:31:34,346 [INFO] ADCParametersView:116 -                Rank 1 : false
2024-11-08 20:31:34,346 [INFO] ADCParametersView:116 -                Rank 1 : false
2024-11-08 20:31:34,362 [INFO] ADCParametersView:116 -                Rank 1 : false
2024-11-08 20:31:41,389 [INFO] ADCParametersView:116 -                Rank 1 : false
2024-11-08 20:31:41,389 [INFO] ADCParametersView:116 -                Rank 1 : false
2024-11-08 20:31:41,389 [INFO] ADCParametersView:116 -                Rank 1 : false
2024-11-08 20:31:41,389 [INFO] ADCParametersView:116 -                Rank 1 : false
2024-11-08 20:31:41,389 [INFO] ADCParametersView:116 -                Rank 1 : false
2024-11-08 20:31:41,389 [INFO] ADCParametersView:116 -                Rank 1 : false
2024-11-08 20:31:41,389 [INFO] ADCParametersView:116 -                Rank 1 : false
2024-11-08 20:31:41,389 [INFO] ADCParametersView:116 -                Rank 1 : false
2024-11-08 20:31:41,390 [INFO] ADCParametersView:116 -                Rank 1 : false
2024-11-08 20:31:41,390 [INFO] ADCParametersView:116 -                Rank 1 : false
2024-11-08 20:31:41,390 [INFO] ADCParametersView:116 -                Rank 1 : false
2024-11-08 20:31:41,390 [INFO] ADCParametersView:116 -                Rank 1 : false
2024-11-08 20:31:41,390 [INFO] ADCParametersView:116 -                Rank 1 : false
2024-11-08 20:31:41,390 [INFO] ADCParametersView:116 -                Rank 1 : false
2024-11-08 20:31:41,390 [INFO] ADCParametersView:116 -                Rank 1 : false
2024-11-08 20:31:41,390 [INFO] ADCParametersView:116 -                Rank 1 : false
2024-11-08 20:31:41,390 [INFO] ADCParametersView:116 -                Rank 1 : false
2024-11-08 20:31:41,390 [INFO] ADCParametersView:116 -                Rank 1 : false
2024-11-08 20:31:41,390 [INFO] ADCParametersView:116 -                Rank 1 : false
2024-11-08 20:31:41,390 [INFO] ADCParametersView:116 -                Rank 1 : false
2024-11-08 20:31:41,390 [INFO] ADCParametersView:116 -                Rank 1 : false
2024-11-08 20:31:41,390 [INFO] ADCParametersView:116 -                Rank 1 : false
2024-11-08 20:31:41,390 [INFO] ADCParametersView:116 -                Rank 1 : false
2024-11-08 20:31:41,390 [INFO] ADCParametersView:116 -                Rank 1 : false
2024-11-08 20:31:41,390 [INFO] ADCParametersView:116 -                Rank 1 : false
2024-11-08 20:31:41,405 [INFO] ADCParametersView:116 -                Rank 1 : false
2024-11-08 20:31:41,426 [INFO] ADCParametersView:116 -                Rank 1 : false
2024-11-08 20:31:41,426 [INFO] ADCParametersView:116 -                Rank 1 : false
2024-11-08 20:31:41,426 [INFO] ADCParametersView:116 -                Rank 1 : false
2024-11-08 20:31:41,426 [INFO] ADCParametersView:116 -                Rank 1 : false
2024-11-08 20:31:41,426 [INFO] ADCParametersView:116 -                Rank 1 : false
2024-11-08 20:31:41,426 [INFO] ADCParametersView:116 -                Rank 1 : false
2024-11-08 20:31:41,426 [INFO] ADCParametersView:116 -                Rank 1 : false
2024-11-08 20:31:41,426 [INFO] ADCParametersView:116 -                Rank 1 : false
2024-11-08 20:31:41,427 [INFO] ADCParametersView:116 -                Rank 1 : false
2024-11-08 20:31:41,427 [INFO] ADCParametersView:116 -                Rank 1 : false
2024-11-08 20:31:41,427 [INFO] ADCParametersView:116 -                Rank 1 : false
2024-11-08 20:31:41,427 [INFO] ADCParametersView:116 -                Rank 1 : false
2024-11-08 20:31:41,427 [INFO] ADCParametersView:116 -                Rank 1 : false
2024-11-08 20:31:41,427 [INFO] ADCParametersView:116 -                Rank 1 : false
2024-11-08 20:31:41,427 [INFO] ADCParametersView:116 -                Rank 1 : false
2024-11-08 20:31:41,427 [INFO] ADCParametersView:116 -                Rank 1 : false
2024-11-08 20:31:41,427 [INFO] ADCParametersView:116 -                Rank 1 : false
2024-11-08 20:31:41,427 [INFO] ADCParametersView:116 -                Rank 1 : false
2024-11-08 20:31:41,427 [INFO] ADCParametersView:116 -                Rank 1 : false
2024-11-08 20:31:41,427 [INFO] ADCParametersView:116 -                Rank 1 : false
2024-11-08 20:31:41,427 [INFO] ADCParametersView:116 -                Rank 1 : false
2024-11-08 20:31:41,427 [INFO] ADCParametersView:116 -                Rank 1 : false
2024-11-08 20:31:41,427 [INFO] ADCParametersView:116 -                Rank 1 : false
2024-11-08 20:31:41,427 [INFO] ADCParametersView:116 -                Rank 1 : false
2024-11-08 20:31:41,427 [INFO] ADCParametersView:116 -                Rank 1 : false
2024-11-08 20:31:41,440 [INFO] ADCParametersView:116 -                Rank 1 : false
2024-11-08 20:31:46,065 [INFO] ADCParametersView:116 -                Rank 1 : false
2024-11-08 20:31:46,066 [INFO] ADCParametersView:116 -                Rank 1 : false
2024-11-08 20:31:46,066 [INFO] ADCParametersView:116 -                Rank 1 : false
2024-11-08 20:31:46,066 [INFO] ADCParametersView:116 -                Rank 1 : false
2024-11-08 20:31:46,066 [INFO] ADCParametersView:116 -                Rank 1 : false
2024-11-08 20:31:46,066 [INFO] ADCParametersView:116 -                Rank 1 : false
2024-11-08 20:31:46,066 [INFO] ADCParametersView:116 -                Rank 1 : false
2024-11-08 20:31:46,066 [INFO] ADCParametersView:116 -                Rank 1 : false
2024-11-08 20:31:46,066 [INFO] ADCParametersView:116 -                Rank 1 : false
2024-11-08 20:31:46,066 [INFO] ADCParametersView:116 -                Rank 1 : false
2024-11-08 20:31:46,066 [INFO] ADCParametersView:116 -                Rank 1 : false
2024-11-08 20:31:46,066 [INFO] ADCParametersView:116 -                Rank 1 : false
2024-11-08 20:31:46,066 [INFO] ADCParametersView:116 -                Rank 1 : false
2024-11-08 20:31:46,066 [INFO] ADCParametersView:116 -                Rank 1 : false
2024-11-08 20:31:46,066 [INFO] ADCParametersView:116 -                Rank 1 : false
2024-11-08 20:31:46,066 [INFO] ADCParametersView:116 -                Rank 1 : false
2024-11-08 20:31:46,066 [INFO] ADCParametersView:116 -                Rank 1 : false
2024-11-08 20:31:46,066 [INFO] ADCParametersView:116 -                Rank 1 : false
2024-11-08 20:31:46,066 [INFO] ADCParametersView:116 -                Rank 1 : false
2024-11-08 20:31:46,066 [INFO] ADCParametersView:116 -                Rank 1 : false
2024-11-08 20:31:46,066 [INFO] ADCParametersView:116 -                Rank 1 : false
2024-11-08 20:31:46,066 [INFO] ADCParametersView:116 -                Rank 1 : false
2024-11-08 20:31:46,066 [INFO] ADCParametersView:116 -                Rank 1 : false
2024-11-08 20:31:46,066 [INFO] ADCParametersView:116 -                Rank 1 : false
2024-11-08 20:31:46,066 [INFO] ADCParametersView:116 -                Rank 1 : false
2024-11-08 20:31:46,081 [INFO] ADCParametersView:116 -                Rank 1 : false
2024-11-08 20:31:46,101 [INFO] ADCParametersView:116 -                Rank 1 : false
2024-11-08 20:31:46,102 [INFO] ADCParametersView:116 -                Rank 1 : false
2024-11-08 20:31:46,102 [INFO] ADCParametersView:116 -                Rank 1 : false
2024-11-08 20:31:46,102 [INFO] ADCParametersView:116 -                Rank 1 : false
2024-11-08 20:31:46,102 [INFO] ADCParametersView:116 -                Rank 1 : false
2024-11-08 20:31:46,102 [INFO] ADCParametersView:116 -                Rank 1 : false
2024-11-08 20:31:46,102 [INFO] ADCParametersView:116 -                Rank 1 : false
2024-11-08 20:31:46,102 [INFO] ADCParametersView:116 -                Rank 1 : false
2024-11-08 20:31:46,102 [INFO] ADCParametersView:116 -                Rank 1 : false
2024-11-08 20:31:46,102 [INFO] ADCParametersView:116 -                Rank 1 : false
2024-11-08 20:31:46,103 [INFO] ADCParametersView:116 -                Rank 1 : false
2024-11-08 20:31:46,103 [INFO] ADCParametersView:116 -                Rank 1 : false
2024-11-08 20:31:46,103 [INFO] ADCParametersView:116 -                Rank 1 : false
2024-11-08 20:31:46,103 [INFO] ADCParametersView:116 -                Rank 1 : false
2024-11-08 20:31:46,103 [INFO] ADCParametersView:116 -                Rank 1 : false
2024-11-08 20:31:46,103 [INFO] ADCParametersView:116 -                Rank 1 : false
2024-11-08 20:31:46,103 [INFO] ADCParametersView:116 -                Rank 1 : false
2024-11-08 20:31:46,103 [INFO] ADCParametersView:116 -                Rank 1 : false
2024-11-08 20:31:46,103 [INFO] ADCParametersView:116 -                Rank 1 : false
2024-11-08 20:31:46,103 [INFO] ADCParametersView:116 -                Rank 1 : false
2024-11-08 20:31:46,103 [INFO] ADCParametersView:116 -                Rank 1 : false
2024-11-08 20:31:46,103 [INFO] ADCParametersView:116 -                Rank 1 : false
2024-11-08 20:31:46,103 [INFO] ADCParametersView:116 -                Rank 1 : false
2024-11-08 20:31:46,103 [INFO] ADCParametersView:116 -                Rank 1 : false
2024-11-08 20:31:46,103 [INFO] ADCParametersView:116 -                Rank 1 : false
2024-11-08 20:31:46,116 [INFO] ADCParametersView:116 -                Rank 1 : false
2024-11-08 20:31:48,400 [INFO] NvicIntPanel:101 - NVIC parent = com.st.microxplorer.plugins.ip.nvic.MultiNvicIntPanel[,0,0,0x0,invalid,layout=javax.swing.BoxLayout,alignmentX=0.0,alignmentY=0.0,border=,flags=9,maximumSize=,minimumSize=,preferredSize=]
2024-11-08 20:31:48,430 [INFO] ADCParametersView:116 -                Rank 1 : false
2024-11-08 20:31:48,431 [INFO] ADCParametersView:116 -                Rank 1 : false
2024-11-08 20:31:48,431 [INFO] ADCParametersView:116 -                Rank 1 : false
2024-11-08 20:31:48,432 [INFO] ADCParametersView:116 -                Rank 1 : false
2024-11-08 20:31:48,432 [INFO] ADCParametersView:116 -                Rank 1 : false
2024-11-08 20:31:48,432 [INFO] ADCParametersView:116 -                Rank 1 : false
2024-11-08 20:31:48,432 [INFO] ADCParametersView:116 -                Rank 1 : false
2024-11-08 20:31:48,432 [INFO] ADCParametersView:116 -                Rank 1 : false
2024-11-08 20:31:48,432 [INFO] ADCParametersView:116 -                Rank 1 : false
2024-11-08 20:31:48,432 [INFO] ADCParametersView:116 -                Rank 1 : false
2024-11-08 20:31:48,432 [INFO] ADCParametersView:116 -                Rank 1 : false
2024-11-08 20:31:48,432 [INFO] ADCParametersView:116 -                Rank 1 : false
2024-11-08 20:31:48,432 [INFO] ADCParametersView:116 -                Rank 1 : false
2024-11-08 20:31:48,432 [INFO] ADCParametersView:116 -                Rank 1 : false
2024-11-08 20:31:48,432 [INFO] ADCParametersView:116 -                Rank 1 : false
2024-11-08 20:31:48,432 [INFO] ADCParametersView:116 -                Rank 1 : false
2024-11-08 20:31:48,432 [INFO] ADCParametersView:116 -                Rank 1 : false
2024-11-08 20:31:48,432 [INFO] ADCParametersView:116 -                Rank 1 : false
2024-11-08 20:31:48,432 [INFO] ADCParametersView:116 -                Rank 1 : false
2024-11-08 20:31:48,432 [INFO] ADCParametersView:116 -                Rank 1 : false
2024-11-08 20:31:48,432 [INFO] ADCParametersView:116 -                Rank 1 : false
2024-11-08 20:31:48,432 [INFO] ADCParametersView:116 -                Rank 1 : false
2024-11-08 20:31:48,432 [INFO] ADCParametersView:116 -                Rank 1 : false
2024-11-08 20:31:48,432 [INFO] ADCParametersView:116 -                Rank 1 : false
2024-11-08 20:31:48,432 [INFO] ADCParametersView:116 -                Rank 1 : false
2024-11-08 20:31:48,446 [INFO] ADCParametersView:116 -                Rank 1 : false
2024-11-08 20:31:49,796 [INFO] UtilMem:75 - End SaveConfig() Used Memory: 941265208 Bytes (1073741824)
2024-11-08 20:31:51,508 [INFO] UtilMem:75 - End SaveConfig() Used Memory: 715766816 Bytes (1073741824)
2024-11-08 20:31:53,023 [INFO] UtilMem:75 - End SaveConfig() Used Memory: 716229672 Bytes (1073741824)
2024-11-08 20:31:53,407 [INFO] BlockDiagram:2759 - set Specific Code input for plugin: ADC
2024-11-08 20:31:53,407 [INFO] BlockDiagram:2759 - set Specific Code input for plugin: SYS
2024-11-08 20:31:53,407 [INFO] BlockDiagram:2759 - set Specific Code input for plugin: ADC
2024-11-08 20:31:53,407 [INFO] BlockDiagram:2759 - set Specific Code input for plugin: ADC
2024-11-08 20:31:53,407 [INFO] BlockDiagram:2759 - set Specific Code input for plugin: RCC
2024-11-08 20:31:53,407 [INFO] BlockDiagram:2759 - set Specific Code input for plugin: NVIC
2024-11-08 20:31:53,407 [INFO] BlockDiagram:2759 - set Specific Code input for plugin: USART
2024-11-08 20:31:53,408 [INFO] BlockDiagram:2759 - set Specific Code input for plugin: GPIO
2024-11-08 20:31:53,409 [INFO] CodeGenerator:807 - code generatio: config db path: C:\ST\STM32CubeIDE_1.10.1\STM32CubeIDE\plugins\com.st.stm32cube.common.mx_6.11.1.202404110753\\db\
2024-11-08 20:31:53,565 [INFO] CodeEngine:255 - oldGeneratedFile, D:\Download\DeleteThis\STMG4Master\MXTmpFiles\license.tmp_save
2024-11-08 20:31:53,822 [INFO] CodeEngine:279 - Generated code: D:\Download\DeleteThis\STMG4Master\MXTmpFiles\license.tmp
2024-11-08 20:31:53,949 [INFO] CodeEngine:255 - oldGeneratedFile, D:\Download\DeleteThis\STMG4Master\MXTmpFiles\gpio.tmp_save
2024-11-08 20:31:54,084 [INFO] CodeEngine:279 - Generated code: D:\Download\DeleteThis\STMG4Master\MXTmpFiles\gpio.tmp
2024-11-08 20:31:54,428 [INFO] CodeEngine:255 - oldGeneratedFile, D:\Download\DeleteThis\STMG4Master\Core\Src\stm32g4xx_it.c_save
2024-11-08 20:31:54,556 [INFO] CodeEngine:279 - Generated code: D:\Download\DeleteThis\STMG4Master\Core\Src\stm32g4xx_it.c
2024-11-08 20:31:54,575 [INFO] CodeEngine:255 - oldGeneratedFile, D:\Download\DeleteThis\STMG4Master\Core\Inc\stm32g4xx_it.h_save
2024-11-08 20:31:54,637 [INFO] CodeEngine:279 - Generated code: D:\Download\DeleteThis\STMG4Master\Core\Inc\stm32g4xx_it.h
2024-11-08 20:31:54,662 [INFO] CodeEngine:255 - oldGeneratedFile, D:\Download\DeleteThis\STMG4Master\Core\Src\stm32g4xx_hal_msp.c_save
2024-11-08 20:31:54,780 [INFO] CodeEngine:279 - Generated code: D:\Download\DeleteThis\STMG4Master\Core\Src\stm32g4xx_hal_msp.c
2024-11-08 20:31:54,797 [INFO] CodeEngine:255 - oldGeneratedFile, D:\Download\DeleteThis\STMG4Master\MXTmpFiles\system.tmp_save
2024-11-08 20:31:54,844 [INFO] CodeEngine:279 - Generated code: D:\Download\DeleteThis\STMG4Master\MXTmpFiles\system.tmp
2024-11-08 20:31:54,866 [INFO] CodeEngine:311 - oldGeneratedFile, D:\Download\DeleteThis\STMG4Master\Core\Inc\stm32g4xx_hal_conf.h_save
2024-11-08 20:31:54,934 [INFO] CodeEngine:335 - Generated code: D:\Download\DeleteThis\STMG4Master\Core\Inc\stm32g4xx_hal_conf.h
2024-11-08 20:31:54,952 [WARN] IPConfigManager:2982 - Warning: the RefConfig RCC_CommonPeriphClockConfig is not available in your config.xml file
2024-11-08 20:31:54,979 [INFO] CodeEngine:255 - oldGeneratedFile, D:\Download\DeleteThis\STMG4Master\Core\Inc\main.h_save
2024-11-08 20:31:55,048 [INFO] CodeEngine:279 - Generated code: D:\Download\DeleteThis\STMG4Master\Core\Inc\main.h
2024-11-08 20:31:55,065 [INFO] CodeEngine:255 - oldGeneratedFile, D:\Download\DeleteThis\STMG4Master\Core\Src\main.c_save
2024-11-08 20:31:55,284 [INFO] CodeEngine:279 - Generated code: D:\Download\DeleteThis\STMG4Master\Core\Src\main.c
2024-11-08 20:31:55,576 [INFO] ProjectBuilder:3163 - Time for Copy HAL[1] : 139mS.
2024-11-08 20:31:55,580 [INFO] ProjectBuilder:4736 - Project Generator version: 4.3.0-B58
2024-11-08 20:31:55,638 [INFO] ConfigFileManager:1503 - The Die is : DIE469
2024-11-08 20:31:55,655 [INFO] ApiDbMcu:508 - Load IP Config File for FATFS
2024-11-08 20:31:55,665 [INFO] ApiDbMcu:508 - Load IP Config File for FREERTOS
2024-11-08 20:31:55,678 [INFO] ApiDbMcu:508 - Load IP Config File for USBPD
2024-11-08 20:31:55,690 [INFO] ApiDbMcu:508 - Load IP Config File for USB_Device
2024-11-08 20:31:56,222 [INFO] LogOutputStream:77 - [STDOUT_REDIRECT] 
2024-11-08 20:31:57,472 [INFO] ProjectBuilder:5002 - Time for Generating toolchain IDE Files: 1891mS.
2024-11-08 20:31:57,473 [INFO] ProjectBuilder:3034 - Time for Copy CMSIS : 1mS.
2024-11-08 20:31:57,474 [INFO] ProjectBuilder:3034 - Time for Copy CMSIS : 0mS.
2024-11-08 20:33:28,123 [INFO] ADCParametersView:116 -                Rank 1 : false
2024-11-08 20:33:28,146 [INFO] ADCParametersView:116 -                Rank 1 : false
2024-11-08 20:33:28,147 [INFO] ADCParametersView:116 -                Rank 1 : false
2024-11-08 20:33:28,147 [INFO] ADCParametersView:116 -                Rank 1 : false
2024-11-08 20:33:28,147 [INFO] ADCParametersView:116 -                Rank 1 : false
2024-11-08 20:33:28,147 [INFO] ADCParametersView:116 -                Rank 1 : false
2024-11-08 20:33:28,147 [INFO] ADCParametersView:116 -                Rank 1 : false
2024-11-08 20:33:28,147 [INFO] ADCParametersView:116 -                Rank 1 : false
2024-11-08 20:33:28,147 [INFO] ADCParametersView:116 -                Rank 1 : false
2024-11-08 20:33:28,147 [INFO] ADCParametersView:116 -                Rank 1 : false
2024-11-08 20:33:28,147 [INFO] ADCParametersView:116 -                Rank 1 : false
2024-11-08 20:33:28,147 [INFO] ADCParametersView:116 -                Rank 1 : false
2024-11-08 20:33:28,147 [INFO] ADCParametersView:116 -                Rank 1 : false
2024-11-08 20:33:28,147 [INFO] ADCParametersView:116 -                Rank 1 : false
2024-11-08 20:33:28,147 [INFO] ADCParametersView:116 -                Rank 1 : false
2024-11-08 20:33:28,147 [INFO] ADCParametersView:116 -                Rank 1 : false
2024-11-08 20:33:28,147 [INFO] ADCParametersView:116 -                Rank 1 : false
2024-11-08 20:33:28,147 [INFO] ADCParametersView:116 -                Rank 1 : false
2024-11-08 20:33:28,147 [INFO] ADCParametersView:116 -                Rank 1 : false
2024-11-08 20:33:28,147 [INFO] ADCParametersView:116 -                Rank 1 : false
2024-11-08 20:33:28,147 [INFO] ADCParametersView:116 -                Rank 1 : false
2024-11-08 20:33:28,147 [INFO] ADCParametersView:116 -                Rank 1 : false
2024-11-08 20:33:28,147 [INFO] ADCParametersView:116 -                Rank 1 : false
2024-11-08 20:33:28,147 [INFO] ADCParametersView:116 -                Rank 1 : false
2024-11-08 20:33:28,147 [INFO] ADCParametersView:116 -                Rank 1 : false
2024-11-08 20:33:28,165 [INFO] ADCParametersView:116 -                Rank 1 : false
2024-11-08 23:17:30,057 [ERROR] LogOutputStream:75 - [STDERR_REDIRECT] 
2024-11-08 23:17:30,057 [ERROR] LogOutputStream:75 - [STDERR_REDIRECT] 
