2024-06-18 00:18:01,546 [INFO] Activator:176 - 


2024-06-18 00:18:01,550 [INFO] Activator:177 - !SESSION log4j initialized
2024-06-18 00:18:06,210 [INFO] LogOutputStream:77 - [STDOUT_REDIRECT] 
2024-06-18 00:18:08,015 [INFO] ApplicationProperties:184 - Using Application install path: C:\ST\STM32CubeIDE_1.10.1\STM32CubeIDE\plugins\com.st.stm32cube.common.mx_6.11.1.202404110753
2024-06-18 00:18:08,028 [INFO] DbMcusXml:78 - Set database path to: C:\ST\STM32CubeIDE_1.10.1\STM32CubeIDE\plugins\com.st.stm32cube.common.mx_6.11.1.202404110753\\db\/mcu/
2024-06-18 00:18:08,029 [INFO] ApiDb:274 - Set plugin database path to: C:\ST\STM32CubeIDE_1.10.1\STM32CubeIDE\plugins\com.st.stm32cube.common.mx_6.11.1.202404110753\\db\/plugins/boardmanager/
2024-06-18 00:18:08,029 [WARN] ApiDb:259 - Overriding images path with different value:  => C:\ST\STM32CubeIDE_1.10.1\STM32CubeIDE\plugins\com.st.stm32cube.common.mx_6.11.1.202404110753\\db\/plugins/mcufinder/images/
2024-06-18 00:18:08,036 [INFO] ApiDb:250 - Set database path to: C:\Users\saksh\.stmcufinder\plugins\mcufinder//mcu/
2024-06-18 00:18:08,037 [INFO] DbMcusAds:125 - Set database path to: C:\Users\saksh\.stmcufinder\plugins\mcufinder//mcu/
2024-06-18 00:18:08,038 [INFO] CrossReferenceDbSqlite:203 - Set database path to: C:\Users\saksh\.stmcufinder\plugins\mcufinder//mcu/cs/
2024-06-18 00:18:08,115 [INFO] RulesReader:64 - Compatibility file has been processed (297 Rules)
2024-06-18 00:18:08,176 [INFO] DbMcusXml:78 - Set database path to: C:\ST\STM32CubeIDE_1.10.1\STM32CubeIDE\plugins\com.st.stm32cube.common.mx_6.11.1.202404110753\\db\/mcu/
2024-06-18 00:18:08,176 [INFO] ApiDb:274 - Set plugin database path to: C:\ST\STM32CubeIDE_1.10.1\STM32CubeIDE\plugins\com.st.stm32cube.common.mx_6.11.1.202404110753\\db\/plugins/boardmanager/
2024-06-18 00:18:08,177 [INFO] ApiDb:261 - Set plugin images path to: C:\ST\STM32CubeIDE_1.10.1\STM32CubeIDE\plugins\com.st.stm32cube.common.mx_6.11.1.202404110753\\db\/plugins/mcufinder/images/
2024-06-18 00:18:08,177 [WARN] DbFile:41 - Overriding database path with different value: C:\Users\saksh\.stmcufinder\plugins\mcufinder/ => C:\Users\saksh\.stmcufinder\plugins\mcufinder
2024-06-18 00:18:08,177 [INFO] ApiDb:250 - Set database path to: C:\Users\saksh\.stmcufinder\plugins\mcufinder//mcu/
2024-06-18 00:18:08,177 [WARN] DbFile:41 - Overriding database path with different value: C:\Users\saksh\.stmcufinder\plugins\mcufinder/ => C:\Users\saksh\.stmcufinder\plugins\mcufinder
2024-06-18 00:18:08,177 [INFO] DbMcusAds:125 - Set database path to: C:\Users\saksh\.stmcufinder\plugins\mcufinder//mcu/
2024-06-18 00:18:08,177 [WARN] DbFile:41 - Overriding database path with different value: C:\Users\saksh\.stmcufinder\plugins\mcufinder/ => C:\Users\saksh\.stmcufinder\plugins\mcufinder
2024-06-18 00:18:08,177 [WARN] DbFile:41 - Overriding database path with different value: C:\Users\saksh\.stmcufinder\plugins\mcufinder/ => C:\Users\saksh\.stmcufinder\plugins\mcufinder
2024-06-18 00:18:08,177 [INFO] CrossReferenceDbSqlite:203 - Set database path to: C:\Users\saksh\.stmcufinder\plugins\mcufinder//mcu/cs/
2024-06-18 00:18:08,236 [INFO] MainPanel:264 - HeapMemory: 268435456
2024-06-18 00:18:08,308 [INFO] DbMcusXml:78 - Set database path to: C:\ST\STM32CubeIDE_1.10.1\STM32CubeIDE\plugins\com.st.stm32cube.common.mx_6.11.1.202404110753\\db\/mcu/
2024-06-18 00:18:08,309 [INFO] ApiDb:274 - Set plugin database path to: C:\ST\STM32CubeIDE_1.10.1\STM32CubeIDE\plugins\com.st.stm32cube.common.mx_6.11.1.202404110753\\db\/plugins/boardmanager/
2024-06-18 00:18:08,309 [INFO] ApiDb:261 - Set plugin images path to: C:\ST\STM32CubeIDE_1.10.1\STM32CubeIDE\plugins\com.st.stm32cube.common.mx_6.11.1.202404110753\\db\/plugins/mcufinder/images/
2024-06-18 00:18:08,309 [WARN] DbFile:41 - Overriding database path with different value: C:\Users\saksh\.stmcufinder\plugins\mcufinder/ => C:\Users\saksh\.stmcufinder\plugins\mcufinder
2024-06-18 00:18:08,309 [INFO] ApiDb:250 - Set database path to: C:\Users\saksh\.stmcufinder\plugins\mcufinder//mcu/
2024-06-18 00:18:08,309 [WARN] DbFile:41 - Overriding database path with different value: C:\Users\saksh\.stmcufinder\plugins\mcufinder/ => C:\Users\saksh\.stmcufinder\plugins\mcufinder
2024-06-18 00:18:08,309 [INFO] DbMcusAds:125 - Set database path to: C:\Users\saksh\.stmcufinder\plugins\mcufinder//mcu/
2024-06-18 00:18:08,309 [WARN] DbFile:41 - Overriding database path with different value: C:\Users\saksh\.stmcufinder\plugins\mcufinder/ => C:\Users\saksh\.stmcufinder\plugins\mcufinder
2024-06-18 00:18:08,309 [WARN] DbFile:41 - Overriding database path with different value: C:\Users\saksh\.stmcufinder\plugins\mcufinder/ => C:\Users\saksh\.stmcufinder\plugins\mcufinder
2024-06-18 00:18:08,309 [INFO] CrossReferenceDbSqlite:203 - Set database path to: C:\Users\saksh\.stmcufinder\plugins\mcufinder//mcu/cs/
2024-06-18 00:18:08,321 [INFO] ApplicationProperties:184 - Using Application install path: C:\ST\STM32CubeIDE_1.10.1\STM32CubeIDE\plugins\com.st.stm32cube.common.mx_6.11.1.202404110753
2024-06-18 00:18:08,322 [INFO] PluginManage:196 - Search for loadable plugins [exclusion list=, ]
2024-06-18 00:18:08,323 [INFO] PluginManage:310 - Check plugin analytics
2024-06-18 00:18:08,423 [INFO] AnalyticsPlugin:253 - Accepted Software Licenses: 
2024-06-18 00:18:08,423 [INFO] AnalyticsPlugin:255 - Accepted CMSIS Pack Licenses: 
2024-06-18 00:18:08,423 [INFO] AnalyticsPlugin:257 - Accepted Firmware Licenses: FW.H7.1.10.0,FW.G4.1.5.0
2024-06-18 00:18:08,425 [INFO] PluginManage:359 - Loaded plugin analytics (category:tool,tabindex:-1)
2024-06-18 00:18:08,425 [INFO] PluginManage:310 - Check plugin cadmodel
2024-06-18 00:18:08,438 [INFO] CADModel:105 - Init CAD model plugin
2024-06-18 00:18:08,438 [INFO] PluginManage:359 - Loaded plugin cadmodel (category:power,tabindex:5)
2024-06-18 00:18:08,439 [INFO] PluginManage:310 - Check plugin clock
2024-06-18 00:18:08,454 [INFO] PluginManage:359 - Loaded plugin clock (category:base,tabindex:2)
2024-06-18 00:18:08,455 [INFO] PluginManage:310 - Check plugin ddr
2024-06-18 00:18:08,456 [INFO] PluginManage:359 - Loaded plugin ddr (category:tool,tabindex:6)
2024-06-18 00:18:08,456 [INFO] PluginManage:310 - Check plugin filemanager
2024-06-18 00:18:08,555 [INFO] PluginManage:359 - Loaded plugin filemanager (category:base,tabindex:10)
2024-06-18 00:18:08,555 [INFO] PluginManage:310 - Check plugin ipmanager
2024-06-18 00:18:08,560 [INFO] PluginManage:359 - Loaded plugin ipmanager (category:base,tabindex:5)
2024-06-18 00:18:08,560 [INFO] PluginManage:310 - Check plugin lpbam
2024-06-18 00:18:08,577 [INFO] PluginManage:359 - Loaded plugin lpbam (category:base,tabindex:0)
2024-06-18 00:18:08,577 [INFO] PluginManage:310 - Check plugin memorymap
2024-06-18 00:18:08,597 [INFO] PluginManage:359 - Loaded plugin memorymap (category:base,tabindex:4)
2024-06-18 00:18:08,597 [INFO] PluginManage:310 - Check plugin pinoutandconfiguration
2024-06-18 00:18:08,613 [INFO] PluginManage:359 - Loaded plugin pinoutandconfiguration (category:base,tabindex:1)
2024-06-18 00:18:08,613 [INFO] PluginManage:310 - Check plugin pinoutconfig
2024-06-18 00:18:08,686 [WARN] SupportedApi:132 - Cannot load RTOS API schema: s4s-elt-must-match.1: The content of 'definitions' must match (annotation?, (simpleType | complexType)?, (unique | key | keyref)*)). A problem was found starting at: attribute.
2024-06-18 00:18:08,780 [INFO] PluginManage:359 - Loaded plugin pinoutconfig (category:base,tabindex:0)
2024-06-18 00:18:08,780 [INFO] PluginManage:310 - Check plugin power
2024-06-18 00:18:08,798 [INFO] PluginManage:359 - Loaded plugin power (category:power,tabindex:4)
2024-06-18 00:18:08,798 [INFO] PluginManage:310 - Check plugin projectmanager
2024-06-18 00:18:08,809 [INFO] PluginManage:359 - Loaded plugin projectmanager (category:projectmanager,tabindex:3)
2024-06-18 00:18:08,809 [INFO] PluginManage:310 - Check plugin thirdparty
2024-06-18 00:18:09,003 [INFO] PluginManage:359 - Loaded plugin thirdparty (category:base,tabindex:-1)
2024-06-18 00:18:09,003 [WARN] IntegrityCheckThread:84 - waiting for thirdparty lock release [integrity check]
2024-06-18 00:18:09,005 [INFO] PluginManage:310 - Check plugin tools
2024-06-18 00:18:09,005 [INFO] IntegrityCheckThread:86 - entering critical section [integrity check]
2024-06-18 00:18:09,005 [INFO] ThirdPartyUpdaterWithRetryManager:70 - Updater plugin not ready yet. [1/15]
2024-06-18 00:18:09,032 [INFO] PluginManage:359 - Loaded plugin tools (category:base,tabindex:7)
2024-06-18 00:18:09,032 [INFO] PluginManage:310 - Check plugin tutovideos
2024-06-18 00:18:09,174 [INFO] PluginManage:359 - Loaded plugin tutovideos (category:base,tabindex:-1)
2024-06-18 00:18:09,174 [INFO] PluginManage:310 - Check plugin updater
2024-06-18 00:18:09,183 [INFO] PluginManage:359 - Loaded plugin updater (category:base,tabindex:12)
2024-06-18 00:18:09,183 [INFO] PluginManage:310 - Check plugin userauth
2024-06-18 00:18:09,187 [INFO] UserAuth:114 - Init User Auth plugin
2024-06-18 00:18:09,187 [INFO] PluginManage:359 - Loaded plugin userauth (category:base,tabindex:14)
2024-06-18 00:18:09,187 [INFO] PluginManage:283 - PluginManage : Loaded plugins [17]
2024-06-18 00:18:09,337 [INFO] PinOutPanel:1561 - setPackage(No Configuration,No Configuration)
2024-06-18 00:18:09,386 [INFO] CADModel:165 - CPN selected for project level
2024-06-18 00:18:09,387 [INFO] CADModel:114 - Register for checkConnection events
2024-06-18 00:18:09,406 [INFO] IPUIPlugin:80 - create IPUIPlugin
2024-06-18 00:18:09,406 [INFO] PluginManager:220 - loadIPPluginJar : add adc
2024-06-18 00:18:09,437 [INFO] IPUIPlugin:80 - create IPUIPlugin
2024-06-18 00:18:09,437 [INFO] PluginManager:220 - loadIPPluginJar : add aes
2024-06-18 00:18:09,466 [INFO] IPUIPlugin:80 - create IPUIPlugin
2024-06-18 00:18:09,466 [INFO] PluginManager:220 - loadIPPluginJar : add can
2024-06-18 00:18:09,482 [INFO] IPUIPlugin:80 - create IPUIPlugin
2024-06-18 00:18:09,483 [INFO] PluginManager:220 - loadIPPluginJar : add comp
2024-06-18 00:18:09,512 [INFO] IPUIPlugin:80 - create IPUIPlugin
2024-06-18 00:18:09,512 [INFO] PluginManager:220 - loadIPPluginJar : add cryp
2024-06-18 00:18:09,533 [INFO] IPUIPlugin:80 - create IPUIPlugin
2024-06-18 00:18:09,533 [INFO] PluginManager:220 - loadIPPluginJar : add dfsdm
2024-06-18 00:18:09,544 [INFO] IPUIPlugin:80 - create IPUIPlugin
2024-06-18 00:18:09,544 [INFO] PluginManager:220 - loadIPPluginJar : add dma
2024-06-18 00:18:09,573 [INFO] IPUIPlugin:80 - create IPUIPlugin
2024-06-18 00:18:09,573 [INFO] PluginManager:220 - loadIPPluginJar : add dma3
2024-06-18 00:18:09,625 [INFO] IPUIPlugin:80 - create IPUIPlugin
2024-06-18 00:18:09,626 [INFO] PluginManager:220 - loadIPPluginJar : add extmemmanager
2024-06-18 00:18:09,640 [INFO] IPUIPlugin:80 - create IPUIPlugin
2024-06-18 00:18:09,640 [INFO] PluginManager:220 - loadIPPluginJar : add fatfs
2024-06-18 00:18:09,673 [INFO] IPUIPlugin:80 - create IPUIPlugin
2024-06-18 00:18:09,673 [INFO] PluginManager:220 - loadIPPluginJar : add fmc
2024-06-18 00:18:09,683 [INFO] IPUIPlugin:80 - create IPUIPlugin
2024-06-18 00:18:09,684 [INFO] PluginManager:220 - loadIPPluginJar : add freertos
2024-06-18 00:18:09,699 [INFO] IPUIPlugin:80 - create IPUIPlugin
2024-06-18 00:18:09,699 [INFO] PluginManager:220 - loadIPPluginJar : add genericplugin
2024-06-18 00:18:09,771 [INFO] IPUIPlugin:80 - create IPUIPlugin
2024-06-18 00:18:09,772 [INFO] PluginManager:220 - loadIPPluginJar : add gfxmmu
2024-06-18 00:18:09,869 [INFO] IPUIPlugin:80 - create IPUIPlugin
2024-06-18 00:18:09,869 [INFO] PluginManager:220 - loadIPPluginJar : add gic
2024-06-18 00:18:09,878 [INFO] IPUIPlugin:80 - create IPUIPlugin
2024-06-18 00:18:09,878 [INFO] PluginManager:220 - loadIPPluginJar : add gpio
2024-06-18 00:18:09,955 [INFO] IPUIPlugin:80 - create IPUIPlugin
2024-06-18 00:18:09,955 [INFO] PluginManager:220 - loadIPPluginJar : add gtzc
2024-06-18 00:18:09,982 [INFO] IPUIPlugin:80 - create IPUIPlugin
2024-06-18 00:18:09,982 [INFO] PluginManager:220 - loadIPPluginJar : add hash
2024-06-18 00:18:10,017 [INFO] IPUIPlugin:80 - create IPUIPlugin
2024-06-18 00:18:10,017 [INFO] PluginManager:220 - loadIPPluginJar : add i2c
2024-06-18 00:18:10,043 [INFO] IPUIPlugin:80 - create IPUIPlugin
2024-06-18 00:18:10,044 [INFO] PluginManager:220 - loadIPPluginJar : add i2s
2024-06-18 00:18:10,070 [INFO] IPUIPlugin:80 - create IPUIPlugin
2024-06-18 00:18:10,071 [INFO] PluginManager:220 - loadIPPluginJar : add i3c
2024-06-18 00:18:10,142 [INFO] IPUIPlugin:80 - create IPUIPlugin
2024-06-18 00:18:10,142 [INFO] PluginManager:220 - loadIPPluginJar : add ipddr
2024-06-18 00:18:10,214 [INFO] IPUIPlugin:80 - create IPUIPlugin
2024-06-18 00:18:10,214 [INFO] PluginManager:220 - loadIPPluginJar : add linkedlist
2024-06-18 00:18:10,240 [INFO] IPUIPlugin:80 - create IPUIPlugin
2024-06-18 00:18:10,240 [INFO] PluginManager:220 - loadIPPluginJar : add lorawan
2024-06-18 00:18:10,266 [INFO] IPUIPlugin:80 - create IPUIPlugin
2024-06-18 00:18:10,267 [INFO] PluginManager:220 - loadIPPluginJar : add ltdc
2024-06-18 00:18:10,278 [INFO] IPUIPlugin:80 - create IPUIPlugin
2024-06-18 00:18:10,278 [INFO] PluginManager:220 - loadIPPluginJar : add mdma
2024-06-18 00:18:10,289 [INFO] IPUIPlugin:80 - create IPUIPlugin
2024-06-18 00:18:10,289 [INFO] PluginManager:220 - loadIPPluginJar : add nvic
2024-06-18 00:18:10,316 [INFO] IPUIPlugin:80 - create IPUIPlugin
2024-06-18 00:18:10,316 [INFO] PluginManager:220 - loadIPPluginJar : add opamp
2024-06-18 00:18:10,359 [INFO] IPUIPlugin:80 - create IPUIPlugin
2024-06-18 00:18:10,359 [INFO] PluginManager:220 - loadIPPluginJar : add openamp
2024-06-18 00:18:10,388 [INFO] IPUIPlugin:80 - create IPUIPlugin
2024-06-18 00:18:10,388 [INFO] PluginManager:220 - loadIPPluginJar : add pdm2pcm
2024-06-18 00:18:10,398 [INFO] IPUIPlugin:80 - create IPUIPlugin
2024-06-18 00:18:10,400 [INFO] PluginManager:220 - loadIPPluginJar : add plateformsettings
2024-06-18 00:18:10,415 [INFO] IPUIPlugin:80 - create IPUIPlugin
2024-06-18 00:18:10,415 [INFO] PluginManager:220 - loadIPPluginJar : add quadspi
2024-06-18 00:18:10,423 [INFO] IPUIPlugin:80 - create IPUIPlugin
2024-06-18 00:18:10,424 [INFO] PluginManager:220 - loadIPPluginJar : add resmgrutility
2024-06-18 00:18:10,458 [INFO] IPUIPlugin:80 - create IPUIPlugin
2024-06-18 00:18:10,458 [INFO] PluginManager:220 - loadIPPluginJar : add sai
2024-06-18 00:18:10,483 [INFO] IPUIPlugin:80 - create IPUIPlugin
2024-06-18 00:18:10,484 [INFO] PluginManager:220 - loadIPPluginJar : add spi
2024-06-18 00:18:10,530 [INFO] IPUIPlugin:80 - create IPUIPlugin
2024-06-18 00:18:10,530 [INFO] PluginManager:220 - loadIPPluginJar : add stm32_wpan
2024-06-18 00:18:10,547 [INFO] IPUIPlugin:80 - create IPUIPlugin
2024-06-18 00:18:10,547 [INFO] PluginManager:220 - loadIPPluginJar : add tim
2024-06-18 00:18:10,596 [INFO] IPUIPlugin:80 - create IPUIPlugin
2024-06-18 00:18:10,596 [INFO] PluginManager:220 - loadIPPluginJar : add touchsensing
2024-06-18 00:18:10,612 [INFO] IPUIPlugin:80 - create IPUIPlugin
2024-06-18 00:18:10,612 [INFO] PluginManager:220 - loadIPPluginJar : add tracer_emb
2024-06-18 00:18:10,628 [INFO] IPUIPlugin:80 - create IPUIPlugin
2024-06-18 00:18:10,628 [INFO] PluginManager:220 - loadIPPluginJar : add ts
2024-06-18 00:18:10,644 [INFO] IPUIPlugin:80 - create IPUIPlugin
2024-06-18 00:18:10,644 [INFO] PluginManager:220 - loadIPPluginJar : add tsc
2024-06-18 00:18:10,660 [INFO] IPUIPlugin:80 - create IPUIPlugin
2024-06-18 00:18:10,660 [INFO] PluginManager:220 - loadIPPluginJar : add ucpd
2024-06-18 00:18:10,690 [INFO] IPUIPlugin:80 - create IPUIPlugin
2024-06-18 00:18:10,691 [INFO] PluginManager:220 - loadIPPluginJar : add usart
2024-06-18 00:18:10,719 [INFO] IPUIPlugin:80 - create IPUIPlugin
2024-06-18 00:18:10,719 [INFO] PluginManager:220 - loadIPPluginJar : add usbx
2024-06-18 00:18:10,830 [INFO] CADModel:165 - CPN selected for project level
2024-06-18 00:18:10,830 [INFO] CADModel:114 - Register for checkConnection events
2024-06-18 00:18:10,831 [FATAL] Updater:308 - Updater called before beeing initialized
2024-06-18 00:18:10,831 [ERROR] CADModel:125 - Updater not yet initialized, retry later 
2024-06-18 00:18:10,930 [INFO] CADModel:165 - CPN selected for project level
2024-06-18 00:18:10,930 [INFO] CADModel:114 - Register for checkConnection events
2024-06-18 00:18:10,930 [FATAL] Updater:308 - Updater called before beeing initialized
2024-06-18 00:18:10,930 [ERROR] CADModel:125 - Updater not yet initialized, retry later 
2024-06-18 00:18:10,932 [FATAL] Updater:308 - Updater called before beeing initialized
2024-06-18 00:18:11,007 [FATAL] Updater:308 - Updater called before beeing initialized
2024-06-18 00:18:11,013 [INFO] DbMcusAds:53 - JSON generation date=Thu May 16 14:52:00 IST 2024 (1715851320852)
2024-06-18 00:18:11,014 [FATAL] Updater:308 - Updater called before beeing initialized
2024-06-18 00:18:11,069 [WARN] DetailPanel:346 - Failed to get advertising image, set to default
2024-06-18 00:18:11,131 [FATAL] Updater:308 - Updater called before beeing initialized
2024-06-18 00:18:11,133 [FATAL] Updater:308 - Updater called before beeing initialized
2024-06-18 00:18:11,133 [FATAL] Updater:308 - Updater called before beeing initialized
2024-06-18 00:18:11,133 [WARN] DetailPanel:346 - Failed to get advertising image, set to default
2024-06-18 00:18:11,134 [FATAL] Updater:308 - Updater called before beeing initialized
2024-06-18 00:18:11,202 [ERROR] Updater:1120 - MainUpdater not yet initialized. External WinMGr cannot be set.
2024-06-18 00:18:11,212 [INFO] Updater:1056 - Updater Version found : 6.11.1
2024-06-18 00:18:11,227 [INFO] ApplicationProperties:184 - Using Application install path: C:\ST\STM32CubeIDE_1.10.1\STM32CubeIDE\plugins\com.st.stm32cube.common.mx_6.11.1.202404110753
2024-06-18 00:18:12,006 [INFO] ThirdPartyUpdaterWithRetryManager:70 - Updater plugin not ready yet. [2/15]
2024-06-18 00:18:12,805 [ERROR] LogOutputStream:75 - [STDERR_REDIRECT] Jun 18, 2024 12:18:12 AM java.util.prefs.WindowsPreferences <init>
2024-06-18 00:18:12,806 [ERROR] LogOutputStream:75 - [STDERR_REDIRECT] WARNING: Could not open/create prefs root node Software\JavaSoft\Prefs at root 0xffffffff80000002. Windows RegCreateKeyEx(...) returned error code 5.
2024-06-18 00:18:12,806 [ERROR] LogOutputStream:75 - [STDERR_REDIRECT] 
2024-06-18 00:18:14,116 [INFO] MainUpdater:2873 - connection check result : 10
2024-06-18 00:18:14,116 [INFO] MainUpdater:3567 - Updater definition file requires update
2024-06-18 00:18:14,117 [INFO] MainUpdater:290 - Updater Check For Update Now.
2024-06-18 00:18:14,117 [INFO] MicroXplorer:498 - Change Database Version : DB.6.0.111
2024-06-18 00:18:14,133 [INFO] McuFinderGlobals:63 - Set McuFinder mode to 2 (CubeIDE integrated)
2024-06-18 00:18:14,133 [INFO] UserAuth:179 - activating auth plugin
2024-06-18 00:18:14,134 [INFO] UserAuth:415 - Internet connection configuration mode: 1
2024-06-18 00:18:14,152 [INFO] JxBrowserEngine:152 - Initiate JxBrowser Engine with user profile folder
2024-06-18 00:18:15,007 [WARN] MainUpdater:1194 - Updater busy. Cannot search thirdparties
2024-06-18 00:18:15,007 [INFO] ThirdPartyUpdaterWithRetryManager:96 - Updater plugin is busy. [1/15]
2024-06-18 00:18:17,184 [INFO] WebApp:161 - Instantiating new browser for Auth
2024-06-18 00:18:17,603 [INFO] WebApp:779 - Register for checkConnection events
2024-06-18 00:18:17,603 [INFO] WebApp:414 - Apply proxy settings
2024-06-18 00:18:17,603 [INFO] WebApp:499 - Chromium requires no authentication
2024-06-18 00:18:17,608 [INFO] WebApp:442 - Direct internet connection detected
2024-06-18 00:18:17,726 [INFO] WebApp:192 - Starting web application
2024-06-18 00:18:17,726 [INFO] WebApp:544 - Web application path used C:\ST\STM32CubeIDE_1.10.1\STM32CubeIDE\plugins\com.st.stm32cube.common.mx_6.11.1.202404110753\db\plugins\mcufinder\reactClient1\index.html
2024-06-18 00:18:18,010 [WARN] MainUpdater:1194 - Updater busy. Cannot search thirdparties
2024-06-18 00:18:18,010 [INFO] ThirdPartyUpdaterWithRetryManager:96 - Updater plugin is busy. [2/15]
2024-06-18 00:18:21,010 [WARN] MainUpdater:1194 - Updater busy. Cannot search thirdparties
2024-06-18 00:18:21,010 [INFO] ThirdPartyUpdaterWithRetryManager:96 - Updater plugin is busy. [3/15]
2024-06-18 00:18:24,013 [WARN] MainUpdater:1194 - Updater busy. Cannot search thirdparties
2024-06-18 00:18:24,013 [INFO] ThirdPartyUpdaterWithRetryManager:96 - Updater plugin is busy. [4/15]
2024-06-18 00:18:27,014 [WARN] MainUpdater:1194 - Updater busy. Cannot search thirdparties
2024-06-18 00:18:27,014 [INFO] ThirdPartyUpdaterWithRetryManager:96 - Updater plugin is busy. [5/15]
2024-06-18 00:18:29,160 [INFO] McuFinderGlobals:63 - Set McuFinder mode to 2 (CubeIDE integrated)
2024-06-18 00:18:30,015 [WARN] MainUpdater:1194 - Updater busy. Cannot search thirdparties
2024-06-18 00:18:30,015 [INFO] ThirdPartyUpdaterWithRetryManager:96 - Updater plugin is busy. [6/15]
2024-06-18 00:18:33,016 [WARN] MainUpdater:1194 - Updater busy. Cannot search thirdparties
2024-06-18 00:18:33,016 [INFO] ThirdPartyUpdaterWithRetryManager:96 - Updater plugin is busy. [7/15]
2024-06-18 00:18:36,019 [WARN] MainUpdater:1194 - Updater busy. Cannot search thirdparties
2024-06-18 00:18:36,019 [INFO] ThirdPartyUpdaterWithRetryManager:96 - Updater plugin is busy. [8/15]
2024-06-18 00:18:39,019 [WARN] MainUpdater:1194 - Updater busy. Cannot search thirdparties
2024-06-18 00:18:39,019 [INFO] ThirdPartyUpdaterWithRetryManager:96 - Updater plugin is busy. [9/15]
2024-06-18 00:18:42,021 [WARN] MainUpdater:1194 - Updater busy. Cannot search thirdparties
2024-06-18 00:18:42,021 [INFO] ThirdPartyUpdaterWithRetryManager:96 - Updater plugin is busy. [10/15]
2024-06-18 00:18:45,021 [WARN] MainUpdater:1194 - Updater busy. Cannot search thirdparties
2024-06-18 00:18:45,021 [INFO] ThirdPartyUpdaterWithRetryManager:96 - Updater plugin is busy. [11/15]
2024-06-18 00:18:48,025 [WARN] MainUpdater:1194 - Updater busy. Cannot search thirdparties
2024-06-18 00:18:48,025 [INFO] ThirdPartyUpdaterWithRetryManager:96 - Updater plugin is busy. [12/15]
2024-06-18 00:18:49,211 [INFO] MainUpdater:2873 - connection check result : 10
2024-06-18 00:18:51,027 [WARN] MainUpdater:1194 - Updater busy. Cannot search thirdparties
2024-06-18 00:18:51,027 [INFO] ThirdPartyUpdaterWithRetryManager:96 - Updater plugin is busy. [13/15]
2024-06-18 00:18:54,031 [WARN] MainUpdater:1194 - Updater busy. Cannot search thirdparties
2024-06-18 00:18:54,031 [INFO] ThirdPartyUpdaterWithRetryManager:96 - Updater plugin is busy. [14/15]
2024-06-18 00:18:57,033 [WARN] MainUpdater:1194 - Updater busy. Cannot search thirdparties
2024-06-18 00:18:57,033 [INFO] ThirdPartyUpdaterWithRetryManager:96 - Updater plugin is busy. [15/15]
2024-06-18 00:18:57,033 [ERROR] IntegrityCheckThread:130 - Cannot retrieve database content from updater: error -1
2024-06-18 00:18:57,033 [INFO] ThirdParty:978 - Integrity check success = false
2024-06-18 00:18:57,034 [INFO] IntegrityCheckThread:100 - exiting critical section [integrity check]
2024-06-18 00:18:57,034 [INFO] IntegrityCheckThread:103 - End integrity checks thread
2024-06-18 00:19:04,001 [WARN] ServerAccessManage:1168 - Warning during Server Connection :  timeout Read timed out
2024-06-18 00:19:09,604 [INFO] ApiDb:581 - Connected to CubeFinder SQLite database (C:\Users\saksh\.stmcufinder\plugins\mcufinder\mcu\cube-finder-db.db)
2024-06-18 00:19:09,658 [INFO] ApiDb:668 - CubeFinder database Data Model version=2.1
2024-06-18 00:19:09,658 [INFO] ApiDb:669 - CubeFinder database Configuration version=3.0.39
2024-06-18 00:19:09,658 [INFO] ApiDb:670 - CubeFinder database generation date=2024-04-15 (1713193726)
2024-06-18 00:19:09,658 [INFO] ApiDb:671 - CubeFinder database FW Pack versions=[FP-ATR-ASTRA1_V2.0.0, FP-SNS-FLIGHT1_V5.0.1, FP-SNS-FLIGHT1_V5.0.2, FP-SNS-MOTENV1_V4.3.1, FP-SNS-MOTENV1_V4.3.2, FP-SNS-MOTENVWB1_V1.3.1, FP-SNS-SMARTAG2_V1.2.0, STM32Cube_FW_C0_V1.1.0, STM32Cube_FW_F4_V1.28.0, STM32Cube_FW_F7_V1.17.0, STM32Cube_FW_G0_V1.6.2, STM32Cube_FW_G4_V1.5.2, STM32Cube_FW_H5_V0.5.1, STM32Cube_FW_H5_V1.1.1, STM32Cube_FW_H5_V1.2.0, STM32Cube_FW_H5_V1.2.0RC4, STM32Cube_FW_H7RS_V1.0.0, STM32Cube_FW_H7RS_V1.0.0RC4, STM32Cube_FW_H7_V1.11.0, STM32Cube_FW_L0_V1.12.2, STM32Cube_FW_L5_V1.5.1, STM32Cube_FW_U0_V1.0.0, STM32Cube_FW_U0_V1.0.0RC1, STM32Cube_FW_U5_V1.3.0RC4, STM32Cube_FW_U5_V1.5.0, STM32Cube_FW_U5_V1.5.0RC1, STM32Cube_FW_WBA_V1.0.0RC1, STM32Cube_FW_WBA_V1.2.0, STM32Cube_FW_WBA_V1.2.0RC2, STM32Cube_FW_WBA_V1.3.0, STM32Cube_FW_WBA_V1.3.0RC1, STM32Cube_FW_WB_V1.15.0RC1, STM32Cube_FW_WB_V1.16.0, STM32Cube_FW_WB_V1.16.0RC2, STM32Cube_FW_WB_V1.18.0, STM32Cube_FW_WB_V1.19.0, STM32Cube_FW_WL_V1.3.0, X-CUBE-ALGOBUILD_V1.3.0, X-CUBE-ALS_V1.0.1, X-CUBE-AZRTOS-F4_V1.1.0, X-CUBE-AZRTOS-F7_V1.1.0, X-CUBE-AZRTOS-G0_V1.1.0, X-CUBE-AZRTOS-G4_V2.0.0, X-CUBE-AZRTOS-H7_V3.2.0, X-CUBE-AZRTOS-L4_V1.0.0, X-CUBE-AZRTOS-L4_V2.0.0, X-CUBE-AZRTOS-L5_V1.1.0, X-CUBE-AZRTOS-WB_V2.0.0, X-CUBE-AZRTOS-WL_V2.0.0, X-CUBE-BLE1_V7.0.0, X-CUBE-BLE2_V3.3.0, X-CUBE-BLEMGR_V3.1.0, X-CUBE-EEPRMA1_V4.1.0, X-CUBE-EEPRMA1_V5.1.0, X-CUBE-FREERTOS_V1.1.0, X-CUBE-GNSS1_V6.0.0, X-CUBE-MEMS1_V10.0.0, X-CUBE-MEMS1_V9.1.0, X-CUBE-MEMS1_V9.4.0, X-CUBE-MEMS1_V9.6.0, X-CUBE-NFC4_V3.0.0, X-CUBE-NFC7_V1.0.1, X-CUBE-SFXS2LP1_V4.0.0, X-CUBE-SUBG2_V5.0.0, X-CUBE-TOF1_V3.4.0]
2024-06-18 00:19:09,759 [INFO] DbBoardsSqlite:226 - include board P-NUCLEO-WB55-NUCLEO as a kit item of type 'Nucleo-64'
2024-06-18 00:19:09,759 [INFO] DbBoardsSqlite:226 - include board P-NUCLEO-WB55-USBDONGLE as a kit item of type 'Nucleo USB Dongle'
2024-06-18 00:19:09,760 [INFO] DbBoardsSqlite:226 - include board STEVAL-IDP005V1 as a kit item of type 'Evaluation Board'
2024-06-18 00:19:09,760 [INFO] DbBoardsSqlite:226 - include board STEVAL-IDP005V2 as a kit item of type 'Evaluation Board'
2024-06-18 00:19:09,974 [INFO] ApiDb:240 - Found 483 in-development CPN: [B-G473E-ZEST1S, B-WB1M-WPAN1, B-WL5M-SUBG1, NUCLEO-C031C6, NUCLEO-H503RB, NUCLEO-H533RE, NUCLEO-H563ZI, NUCLEO-H7S3L8, NUCLEO-U031R8, NUCLEO-U083RC, NUCLEO-U545RE-Q, NUCLEO-U5A5ZJ-Q, NUCLEO-WBA52CG, NUCLEO-WBA55CG, STEVAL-PROTEUS1, STEVAL-SMARTAG2, STEVAL-STWINBX1, STM320518-EVAL, STM32C0116-DK, STM32C011D6Y3TR, STM32C011D6Y6TR, STM32C011F4P3, STM32C011F4P6, STM32C011F4U3, STM32C011F4U6TR, STM32C011F6P3, STM32C011F6P6, STM32C011F6U3, STM32C011F6U6TR, STM32C011J4M3, STM32C011J4M6, STM32C011J6M3, STM32C011J6M6, STM32C0316-DK, STM32C031C4T3, STM32C031C4T6, STM32C031C4U3, STM32C031C4U6, STM32C031C6T3, STM32C031C6T6, STM32C031C6U3, STM32C031C6U6, STM32C031F4P3, STM32C031F4P6, STM32C031F6P3, STM32C031F6P6, STM32C031G4U3, STM32C031G4U6, STM32C031G6U3, STM32C031G6U6, STM32C031K4T3, STM32C031K4T6, STM32C031K4U3, STM32C031K4U6, STM32C031K6T3, STM32C031K6T6, STM32C031K6U3, STM32C031K6U6, STM32G071K8TXN, STM32G071K8UXN, STM32G081GBU6N, STM32G081KBT6N, STM32G081KBUXN, STM32G0B1CCT6N, STM32G0B1KCT6, STM32G0B1NEY6TR, STM32G0B1RCT6N, STM32G0C1CCT6, STM32G0C1CCT6N, STM32G0C1CCU6N, STM32G0C1CET6N, STM32G0C1CEU6N, STM32G0C1KCT6, STM32G0C1NEY6TR, STM32G0C1RCI6N, STM32G0C1RCT6N, STM32G0C1REI6N, STM32G0C1RET6N, STM32G0C1VCI6, STM32G0C1VEI6, STM32G471CCT6, STM32G471CCU6, STM32G471CET3, STM32G471CET6, STM32G471CEU3, STM32G471CEU6, STM32G471MCT6, STM32G471MET3, STM32G471MET6, STM32G471MEY6TR, STM32G471QCT6, STM32G471QET3, STM32G471RCT6, STM32G471RET3, STM32G471RET6, STM32G471VCH6, STM32G471VCI6, STM32G471VCT6, STM32G471VEH3, STM32G471VEH6, STM32G471VEI3, STM32G471VEI6, STM32G471VET3, STM32G471VET6, STM32G474CCT6, STM32H503CBT6, STM32H503CBU6, STM32H503EBY6TR, STM32H503KBU6, STM32H503RBT6, STM32H523CCT6, STM32H523CCU6, STM32H523CET6, STM32H523CEU6, STM32H523HEY6TR, STM32H523RCT6, STM32H523RET6, STM32H523VCI6, STM32H523VCT6, STM32H523VEI6, STM32H523VET6, STM32H523ZCJ6, STM32H523ZCT6, STM32H523ZEJ6, STM32H523ZET6, STM32H533CET6, STM32H533CEU6, STM32H533HEY6TR, STM32H533RET6, STM32H533VEI6, STM32H533VET6, STM32H533ZEJ6, STM32H533ZET6, STM32H562AGI6, STM32H562AII6, STM32H562IGK6, STM32H562IGT6, STM32H562IIK6, STM32H562IIT6, STM32H562RGT6, STM32H562RGV6, STM32H562RIT6, STM32H562RIV6, STM32H562VGT6, STM32H562VIT6, STM32H562ZGT6, STM32H562ZIT6, STM32H563AGI6, STM32H563AII3Q, STM32H563AII6, STM32H563IGK6, STM32H563IGT6, STM32H563IIK3Q, STM32H563IIK6, STM32H563IIT3Q, STM32H563IIT6, STM32H563MIY3QTR, STM32H563RGT6, STM32H563RGV6, STM32H563RIT6, STM32H563RIV6, STM32H563VGT6, STM32H563VIT3Q, STM32H563VIT6, STM32H563ZGT6, STM32H563ZIT3Q, STM32H563ZIT6, STM32H573AII3Q, STM32H573AII6, STM32H573I-DK, STM32H573IIK3Q, STM32H573IIK6, STM32H573IIT3Q, STM32H573IIT6, STM32H573MIY3QTR, STM32H573RIT6, STM32H573RIV6, STM32H573VIT3Q, STM32H573VIT6, STM32H573ZIT3Q, STM32H573ZIT6, STM32H7R3A8I6, STM32H7R3I8K6, STM32H7R3I8T6, STM32H7R3L8H6, STM32H7R3L8H6H, STM32H7R3R8V6, STM32H7R3V8H6, STM32H7R3V8T6, STM32H7R3V8Y6, STM32H7R3Z8J6, STM32H7R3Z8T6, STM32H7R7A8I6, STM32H7R7I8K6, STM32H7R7I8T6, STM32H7R7L8H6, STM32H7R7L8H6H, STM32H7R7Z8J6, STM32H7S3A8I6, STM32H7S3I8K6, STM32H7S3I8T6, STM32H7S3L8H6, STM32H7S3L8H6H, STM32H7S3R8V6, STM32H7S3V8H6, STM32H7S3V8T6, STM32H7S3V8Y6, STM32H7S3Z8J6, STM32H7S3Z8T6, STM32H7S78-DK, STM32H7S7A8I6, STM32H7S7I8K6, STM32H7S7I8T6, STM32H7S7L8H6, STM32H7S7L8H6H, STM32H7S7Z8J6, STM32L4R5QGI6STR, STM32MP131AAE3, STM32MP131AAF3, STM32MP131AAG3, STM32MP131CAE3, STM32MP131CAF3, STM32MP131CAG3, STM32MP131DAE7, STM32MP131DAF7, STM32MP131DAG7, STM32MP131FAE7, STM32MP131FAF7, STM32MP131FAG7, STM32MP133AAE3, STM32MP133AAF3, STM32MP133AAG3, STM32MP133CAE3, STM32MP133CAF3, STM32MP133CAG3, STM32MP133DAE7, STM32MP133DAF7, STM32MP133DAG7, STM32MP133FAE7, STM32MP133FAF7, STM32MP133FAG7, STM32MP135AAE3, STM32MP135AAF3, STM32MP135AAG3, STM32MP135CAE3, STM32MP135CAF3, STM32MP135CAG3, STM32MP135DAE7, STM32MP135DAF7, STM32MP135DAG7, STM32MP135F-DK, STM32MP135FAE7, STM32MP135FAF7, STM32MP135FAF7T, STM32MP135FAF7U, STM32MP135FAG7, STM32U031C6T6, STM32U031C6U6, STM32U031C8T6, STM32U031C8U6, STM32U031F4P6, STM32U031F6P6, STM32U031F8P6, STM32U031G6Y6TR, STM32U031G8Y6TR, STM32U031K4U6, STM32U031K6U6, STM32U031K8U6, STM32U031R6I6, STM32U031R6T6, STM32U031R8I6, STM32U031R8T6, STM32U073C8T6, STM32U073C8U6, STM32U073CBT6, STM32U073CBU6, STM32U073CCT6, STM32U073CCU6, STM32U073H8Y6TR, STM32U073HBY6TR, STM32U073HCY6TR, STM32U073K8U6, STM32U073KBU6, STM32U073KCU6, STM32U073M8I6, STM32U073M8T6, STM32U073MBI6, STM32U073MBT6, STM32U073MCI6, STM32U073MCT6, STM32U073R8I6, STM32U073R8T6, STM32U073RBI6, STM32U073RBT6, STM32U073RCI6, STM32U073RCT6, STM32U083C-DK, STM32U083CCT6, STM32U083CCU6, STM32U083HCY6TR, STM32U083KCU6, STM32U083MCI6, STM32U083MCT6, STM32U083RCI6, STM32U083RCT6, STM32U535CBT6, STM32U535CBT6Q, STM32U535CBU6, STM32U535CBU6Q, STM32U535CCT6, STM32U535CCT6Q, STM32U535CCU6, STM32U535CCU6Q, STM32U535CET6, STM32U535CET6Q, STM32U535CEU6, STM32U535CEU6Q, STM32U535JEY6QTR, STM32U535NCY6QTR, STM32U535NEY6QTR, STM32U535RBI6, STM32U535RBI6Q, STM32U535RBT6, STM32U535RBT6Q, STM32U535RCI6, STM32U535RCI6Q, STM32U535RCT6, STM32U535RCT6Q, STM32U535REI6, STM32U535REI6Q, STM32U535RET6, STM32U535RET6Q, STM32U535VCI6, STM32U535VCI6Q, STM32U535VCT6, STM32U535VCT6Q, STM32U535VEI6, STM32U535VEI6Q, STM32U535VET6, STM32U535VET6Q, STM32U545CET6, STM32U545CET6Q, STM32U545CEU6, STM32U545CEU6Q, STM32U545JEY6QTR, STM32U545NEY6QTR, STM32U545REI6, STM32U545REI6Q, STM32U545RET6, STM32U545RET6Q, STM32U545VEI6, STM32U545VEI6Q, STM32U545VET6, STM32U545VET6Q, STM32U595AIH6, STM32U595AIH6Q, STM32U595AJH6, STM32U595AJH6Q, STM32U595QII6, STM32U595QII6Q, STM32U595QJI6, STM32U595QJI6Q, STM32U595RIT6, STM32U595RIT6Q, STM32U595RJT6, STM32U595RJT6Q, STM32U595VIT6, STM32U595VIT6Q, STM32U595VJT6, STM32U595VJT6Q, STM32U595ZIT6, STM32U595ZIT6Q, STM32U595ZIY6QTR, STM32U595ZJT6, STM32U595ZJT6Q, STM32U595ZJY6QTR, STM32U599BJY6QTR, STM32U599NIH6Q, STM32U599NJH6Q, STM32U599VIT6Q, STM32U599VJT6, STM32U599VJT6Q, STM32U599ZIT6Q, STM32U599ZIY6QTR, STM32U599ZJT6Q, STM32U599ZJY6QTR, STM32U5A5AJH6, STM32U5A5AJH6Q, STM32U5A5QII3Q , STM32U5A5QJI6, STM32U5A5QJI6Q, STM32U5A5RJT6, STM32U5A5RJT6Q, STM32U5A5VJT6, STM32U5A5VJT6Q, STM32U5A5ZJT6, STM32U5A5ZJT6Q, STM32U5A5ZJY6QTR, STM32U5A9BJY6QTR, STM32U5A9J-DK, STM32U5A9NJH6Q, STM32U5A9VJT6Q, STM32U5A9ZJT6Q, STM32U5A9ZJY6QTR, STM32U5F7VIT6, STM32U5F7VIT6Q, STM32U5F7VJT6, STM32U5F7VJT6Q, STM32U5F9BJY6QTR, STM32U5F9NJH6Q, STM32U5F9VIT6Q, STM32U5F9VJT6Q, STM32U5F9ZIJ6QTR, STM32U5F9ZIT6Q, STM32U5F9ZJJ6QTR, STM32U5F9ZJT6Q, STM32U5G7VJT6, STM32U5G7VJT6Q, STM32U5G9BJY6QTR, STM32U5G9J-DK1, STM32U5G9J-DK2, STM32U5G9NJH6Q, STM32U5G9VJT6Q, STM32U5G9ZJJ6QTR, STM32U5G9ZJT6Q, STM32WB1MMCH6, STM32WBA50KEU6, STM32WBA50KEU6TR, STM32WBA50KGU6, STM32WBA50KGU6TR, STM32WBA52CEU6, STM32WBA52CEU6TR, STM32WBA52CEU7, STM32WBA52CEU7TR, STM32WBA52CGU6, STM32WBA52CGU6TR, STM32WBA52CGU6U, STM32WBA52CGU7, STM32WBA52CGU7TR, STM32WBA52KEU6, STM32WBA52KEU6TR, STM32WBA52KGU6, STM32WBA52KGU6TR, STM32WBA54CEU6, STM32WBA54CEU6TR, STM32WBA54CEU7, STM32WBA54CEU7TR, STM32WBA54CGU6, STM32WBA54CGU6TR, STM32WBA54CGU7, STM32WBA54CGU7TR, STM32WBA54KEU6, STM32WBA54KEU6TR, STM32WBA54KEU7, STM32WBA54KEU7TR, STM32WBA54KGU6, STM32WBA54KGU6TR, STM32WBA54KGU7, STM32WBA54KGU7TR, STM32WBA55CEU6, STM32WBA55CEU6TR, STM32WBA55CEU7, STM32WBA55CEU7TR, STM32WBA55CGU6, STM32WBA55CGU6TR, STM32WBA55CGU6U, STM32WBA55CGU7, STM32WBA55CGU7TR, STM32WBA55G-DK1, STM32WBA55HEF6, STM32WBA55HEF7, STM32WBA55HGF6, STM32WBA55HGF7, STM32WBA55UEI6, STM32WBA55UEI6TR, STM32WBA55UEI7, STM32WBA55UEI7TR, STM32WBA55UGI6, STM32WBA55UGI6TR, STM32WBA55UGI7, STM32WBA55UGI7TR, STM32WL5MOCH6, STM32WL5MOCH6TR]
2024-06-18 00:19:10,065 [INFO] BoardInfo:889 - No configuration file found for board P-NUCLEO-WB55
2024-06-18 00:19:10,066 [INFO] DbBoards:161 - Kit is not supported: P-NUCLEO-WB55
2024-06-18 00:19:10,069 [INFO] BoardInfo:889 - No configuration file found for board STEVAL-BFA001V1B
2024-06-18 00:19:10,069 [INFO] DbBoards:161 - Kit is not supported: STEVAL-BFA001V1B
2024-06-18 00:19:10,070 [INFO] BoardInfo:889 - No configuration file found for board STEVAL-BFA001V2B
2024-06-18 00:19:10,071 [INFO] DbBoards:161 - Kit is not supported: STEVAL-BFA001V2B
2024-06-18 00:19:10,167 [INFO] DbBoards:168 - Found 199 boards, 196 are supported
2024-06-18 00:19:10,167 [INFO] DbBoards:169 - Found 199 boards, 8 of them is supported for  Bsp
2024-06-18 00:19:10,170 [INFO] ApiDb:668 - CubeFinder database Data Model version=2.1
2024-06-18 00:19:10,170 [INFO] ApiDb:669 - CubeFinder database Configuration version=3.0.39
2024-06-18 00:19:10,170 [INFO] ApiDb:670 - CubeFinder database generation date=2024-04-15 (1713193726)
2024-06-18 00:19:10,170 [INFO] ApiDb:671 - CubeFinder database FW Pack versions=[FP-ATR-ASTRA1_V2.0.0, FP-SNS-FLIGHT1_V5.0.1, FP-SNS-FLIGHT1_V5.0.2, FP-SNS-MOTENV1_V4.3.1, FP-SNS-MOTENV1_V4.3.2, FP-SNS-MOTENVWB1_V1.3.1, FP-SNS-SMARTAG2_V1.2.0, STM32Cube_FW_C0_V1.1.0, STM32Cube_FW_F4_V1.28.0, STM32Cube_FW_F7_V1.17.0, STM32Cube_FW_G0_V1.6.2, STM32Cube_FW_G4_V1.5.2, STM32Cube_FW_H5_V0.5.1, STM32Cube_FW_H5_V1.1.1, STM32Cube_FW_H5_V1.2.0, STM32Cube_FW_H5_V1.2.0RC4, STM32Cube_FW_H7RS_V1.0.0, STM32Cube_FW_H7RS_V1.0.0RC4, STM32Cube_FW_H7_V1.11.0, STM32Cube_FW_L0_V1.12.2, STM32Cube_FW_L5_V1.5.1, STM32Cube_FW_U0_V1.0.0, STM32Cube_FW_U0_V1.0.0RC1, STM32Cube_FW_U5_V1.3.0RC4, STM32Cube_FW_U5_V1.5.0, STM32Cube_FW_U5_V1.5.0RC1, STM32Cube_FW_WBA_V1.0.0RC1, STM32Cube_FW_WBA_V1.2.0, STM32Cube_FW_WBA_V1.2.0RC2, STM32Cube_FW_WBA_V1.3.0, STM32Cube_FW_WBA_V1.3.0RC1, STM32Cube_FW_WB_V1.15.0RC1, STM32Cube_FW_WB_V1.16.0, STM32Cube_FW_WB_V1.16.0RC2, STM32Cube_FW_WB_V1.18.0, STM32Cube_FW_WB_V1.19.0, STM32Cube_FW_WL_V1.3.0, X-CUBE-ALGOBUILD_V1.3.0, X-CUBE-ALS_V1.0.1, X-CUBE-AZRTOS-F4_V1.1.0, X-CUBE-AZRTOS-F7_V1.1.0, X-CUBE-AZRTOS-G0_V1.1.0, X-CUBE-AZRTOS-G4_V2.0.0, X-CUBE-AZRTOS-H7_V3.2.0, X-CUBE-AZRTOS-L4_V1.0.0, X-CUBE-AZRTOS-L4_V2.0.0, X-CUBE-AZRTOS-L5_V1.1.0, X-CUBE-AZRTOS-WB_V2.0.0, X-CUBE-AZRTOS-WL_V2.0.0, X-CUBE-BLE1_V7.0.0, X-CUBE-BLE2_V3.3.0, X-CUBE-BLEMGR_V3.1.0, X-CUBE-EEPRMA1_V4.1.0, X-CUBE-EEPRMA1_V5.1.0, X-CUBE-FREERTOS_V1.1.0, X-CUBE-GNSS1_V6.0.0, X-CUBE-MEMS1_V10.0.0, X-CUBE-MEMS1_V9.1.0, X-CUBE-MEMS1_V9.4.0, X-CUBE-MEMS1_V9.6.0, X-CUBE-NFC4_V3.0.0, X-CUBE-NFC7_V1.0.1, X-CUBE-SFXS2LP1_V4.0.0, X-CUBE-SUBG2_V5.0.0, X-CUBE-TOF1_V3.4.0]
2024-06-18 00:19:11,474 [INFO] ApiDb:240 - Found 483 in-development CPN: [B-G473E-ZEST1S, B-WB1M-WPAN1, B-WL5M-SUBG1, NUCLEO-C031C6, NUCLEO-H503RB, NUCLEO-H533RE, NUCLEO-H563ZI, NUCLEO-H7S3L8, NUCLEO-U031R8, NUCLEO-U083RC, NUCLEO-U545RE-Q, NUCLEO-U5A5ZJ-Q, NUCLEO-WBA52CG, NUCLEO-WBA55CG, STEVAL-PROTEUS1, STEVAL-SMARTAG2, STEVAL-STWINBX1, STM320518-EVAL, STM32C0116-DK, STM32C011D6Y3TR, STM32C011D6Y6TR, STM32C011F4P3, STM32C011F4P6, STM32C011F4U3, STM32C011F4U6TR, STM32C011F6P3, STM32C011F6P6, STM32C011F6U3, STM32C011F6U6TR, STM32C011J4M3, STM32C011J4M6, STM32C011J6M3, STM32C011J6M6, STM32C0316-DK, STM32C031C4T3, STM32C031C4T6, STM32C031C4U3, STM32C031C4U6, STM32C031C6T3, STM32C031C6T6, STM32C031C6U3, STM32C031C6U6, STM32C031F4P3, STM32C031F4P6, STM32C031F6P3, STM32C031F6P6, STM32C031G4U3, STM32C031G4U6, STM32C031G6U3, STM32C031G6U6, STM32C031K4T3, STM32C031K4T6, STM32C031K4U3, STM32C031K4U6, STM32C031K6T3, STM32C031K6T6, STM32C031K6U3, STM32C031K6U6, STM32G071K8TXN, STM32G071K8UXN, STM32G081GBU6N, STM32G081KBT6N, STM32G081KBUXN, STM32G0B1CCT6N, STM32G0B1KCT6, STM32G0B1NEY6TR, STM32G0B1RCT6N, STM32G0C1CCT6, STM32G0C1CCT6N, STM32G0C1CCU6N, STM32G0C1CET6N, STM32G0C1CEU6N, STM32G0C1KCT6, STM32G0C1NEY6TR, STM32G0C1RCI6N, STM32G0C1RCT6N, STM32G0C1REI6N, STM32G0C1RET6N, STM32G0C1VCI6, STM32G0C1VEI6, STM32G471CCT6, STM32G471CCU6, STM32G471CET3, STM32G471CET6, STM32G471CEU3, STM32G471CEU6, STM32G471MCT6, STM32G471MET3, STM32G471MET6, STM32G471MEY6TR, STM32G471QCT6, STM32G471QET3, STM32G471RCT6, STM32G471RET3, STM32G471RET6, STM32G471VCH6, STM32G471VCI6, STM32G471VCT6, STM32G471VEH3, STM32G471VEH6, STM32G471VEI3, STM32G471VEI6, STM32G471VET3, STM32G471VET6, STM32G474CCT6, STM32H503CBT6, STM32H503CBU6, STM32H503EBY6TR, STM32H503KBU6, STM32H503RBT6, STM32H523CCT6, STM32H523CCU6, STM32H523CET6, STM32H523CEU6, STM32H523HEY6TR, STM32H523RCT6, STM32H523RET6, STM32H523VCI6, STM32H523VCT6, STM32H523VEI6, STM32H523VET6, STM32H523ZCJ6, STM32H523ZCT6, STM32H523ZEJ6, STM32H523ZET6, STM32H533CET6, STM32H533CEU6, STM32H533HEY6TR, STM32H533RET6, STM32H533VEI6, STM32H533VET6, STM32H533ZEJ6, STM32H533ZET6, STM32H562AGI6, STM32H562AII6, STM32H562IGK6, STM32H562IGT6, STM32H562IIK6, STM32H562IIT6, STM32H562RGT6, STM32H562RGV6, STM32H562RIT6, STM32H562RIV6, STM32H562VGT6, STM32H562VIT6, STM32H562ZGT6, STM32H562ZIT6, STM32H563AGI6, STM32H563AII3Q, STM32H563AII6, STM32H563IGK6, STM32H563IGT6, STM32H563IIK3Q, STM32H563IIK6, STM32H563IIT3Q, STM32H563IIT6, STM32H563MIY3QTR, STM32H563RGT6, STM32H563RGV6, STM32H563RIT6, STM32H563RIV6, STM32H563VGT6, STM32H563VIT3Q, STM32H563VIT6, STM32H563ZGT6, STM32H563ZIT3Q, STM32H563ZIT6, STM32H573AII3Q, STM32H573AII6, STM32H573I-DK, STM32H573IIK3Q, STM32H573IIK6, STM32H573IIT3Q, STM32H573IIT6, STM32H573MIY3QTR, STM32H573RIT6, STM32H573RIV6, STM32H573VIT3Q, STM32H573VIT6, STM32H573ZIT3Q, STM32H573ZIT6, STM32H7R3A8I6, STM32H7R3I8K6, STM32H7R3I8T6, STM32H7R3L8H6, STM32H7R3L8H6H, STM32H7R3R8V6, STM32H7R3V8H6, STM32H7R3V8T6, STM32H7R3V8Y6, STM32H7R3Z8J6, STM32H7R3Z8T6, STM32H7R7A8I6, STM32H7R7I8K6, STM32H7R7I8T6, STM32H7R7L8H6, STM32H7R7L8H6H, STM32H7R7Z8J6, STM32H7S3A8I6, STM32H7S3I8K6, STM32H7S3I8T6, STM32H7S3L8H6, STM32H7S3L8H6H, STM32H7S3R8V6, STM32H7S3V8H6, STM32H7S3V8T6, STM32H7S3V8Y6, STM32H7S3Z8J6, STM32H7S3Z8T6, STM32H7S78-DK, STM32H7S7A8I6, STM32H7S7I8K6, STM32H7S7I8T6, STM32H7S7L8H6, STM32H7S7L8H6H, STM32H7S7Z8J6, STM32L4R5QGI6STR, STM32MP131AAE3, STM32MP131AAF3, STM32MP131AAG3, STM32MP131CAE3, STM32MP131CAF3, STM32MP131CAG3, STM32MP131DAE7, STM32MP131DAF7, STM32MP131DAG7, STM32MP131FAE7, STM32MP131FAF7, STM32MP131FAG7, STM32MP133AAE3, STM32MP133AAF3, STM32MP133AAG3, STM32MP133CAE3, STM32MP133CAF3, STM32MP133CAG3, STM32MP133DAE7, STM32MP133DAF7, STM32MP133DAG7, STM32MP133FAE7, STM32MP133FAF7, STM32MP133FAG7, STM32MP135AAE3, STM32MP135AAF3, STM32MP135AAG3, STM32MP135CAE3, STM32MP135CAF3, STM32MP135CAG3, STM32MP135DAE7, STM32MP135DAF7, STM32MP135DAG7, STM32MP135F-DK, STM32MP135FAE7, STM32MP135FAF7, STM32MP135FAF7T, STM32MP135FAF7U, STM32MP135FAG7, STM32U031C6T6, STM32U031C6U6, STM32U031C8T6, STM32U031C8U6, STM32U031F4P6, STM32U031F6P6, STM32U031F8P6, STM32U031G6Y6TR, STM32U031G8Y6TR, STM32U031K4U6, STM32U031K6U6, STM32U031K8U6, STM32U031R6I6, STM32U031R6T6, STM32U031R8I6, STM32U031R8T6, STM32U073C8T6, STM32U073C8U6, STM32U073CBT6, STM32U073CBU6, STM32U073CCT6, STM32U073CCU6, STM32U073H8Y6TR, STM32U073HBY6TR, STM32U073HCY6TR, STM32U073K8U6, STM32U073KBU6, STM32U073KCU6, STM32U073M8I6, STM32U073M8T6, STM32U073MBI6, STM32U073MBT6, STM32U073MCI6, STM32U073MCT6, STM32U073R8I6, STM32U073R8T6, STM32U073RBI6, STM32U073RBT6, STM32U073RCI6, STM32U073RCT6, STM32U083C-DK, STM32U083CCT6, STM32U083CCU6, STM32U083HCY6TR, STM32U083KCU6, STM32U083MCI6, STM32U083MCT6, STM32U083RCI6, STM32U083RCT6, STM32U535CBT6, STM32U535CBT6Q, STM32U535CBU6, STM32U535CBU6Q, STM32U535CCT6, STM32U535CCT6Q, STM32U535CCU6, STM32U535CCU6Q, STM32U535CET6, STM32U535CET6Q, STM32U535CEU6, STM32U535CEU6Q, STM32U535JEY6QTR, STM32U535NCY6QTR, STM32U535NEY6QTR, STM32U535RBI6, STM32U535RBI6Q, STM32U535RBT6, STM32U535RBT6Q, STM32U535RCI6, STM32U535RCI6Q, STM32U535RCT6, STM32U535RCT6Q, STM32U535REI6, STM32U535REI6Q, STM32U535RET6, STM32U535RET6Q, STM32U535VCI6, STM32U535VCI6Q, STM32U535VCT6, STM32U535VCT6Q, STM32U535VEI6, STM32U535VEI6Q, STM32U535VET6, STM32U535VET6Q, STM32U545CET6, STM32U545CET6Q, STM32U545CEU6, STM32U545CEU6Q, STM32U545JEY6QTR, STM32U545NEY6QTR, STM32U545REI6, STM32U545REI6Q, STM32U545RET6, STM32U545RET6Q, STM32U545VEI6, STM32U545VEI6Q, STM32U545VET6, STM32U545VET6Q, STM32U595AIH6, STM32U595AIH6Q, STM32U595AJH6, STM32U595AJH6Q, STM32U595QII6, STM32U595QII6Q, STM32U595QJI6, STM32U595QJI6Q, STM32U595RIT6, STM32U595RIT6Q, STM32U595RJT6, STM32U595RJT6Q, STM32U595VIT6, STM32U595VIT6Q, STM32U595VJT6, STM32U595VJT6Q, STM32U595ZIT6, STM32U595ZIT6Q, STM32U595ZIY6QTR, STM32U595ZJT6, STM32U595ZJT6Q, STM32U595ZJY6QTR, STM32U599BJY6QTR, STM32U599NIH6Q, STM32U599NJH6Q, STM32U599VIT6Q, STM32U599VJT6, STM32U599VJT6Q, STM32U599ZIT6Q, STM32U599ZIY6QTR, STM32U599ZJT6Q, STM32U599ZJY6QTR, STM32U5A5AJH6, STM32U5A5AJH6Q, STM32U5A5QII3Q , STM32U5A5QJI6, STM32U5A5QJI6Q, STM32U5A5RJT6, STM32U5A5RJT6Q, STM32U5A5VJT6, STM32U5A5VJT6Q, STM32U5A5ZJT6, STM32U5A5ZJT6Q, STM32U5A5ZJY6QTR, STM32U5A9BJY6QTR, STM32U5A9J-DK, STM32U5A9NJH6Q, STM32U5A9VJT6Q, STM32U5A9ZJT6Q, STM32U5A9ZJY6QTR, STM32U5F7VIT6, STM32U5F7VIT6Q, STM32U5F7VJT6, STM32U5F7VJT6Q, STM32U5F9BJY6QTR, STM32U5F9NJH6Q, STM32U5F9VIT6Q, STM32U5F9VJT6Q, STM32U5F9ZIJ6QTR, STM32U5F9ZIT6Q, STM32U5F9ZJJ6QTR, STM32U5F9ZJT6Q, STM32U5G7VJT6, STM32U5G7VJT6Q, STM32U5G9BJY6QTR, STM32U5G9J-DK1, STM32U5G9J-DK2, STM32U5G9NJH6Q, STM32U5G9VJT6Q, STM32U5G9ZJJ6QTR, STM32U5G9ZJT6Q, STM32WB1MMCH6, STM32WBA50KEU6, STM32WBA50KEU6TR, STM32WBA50KGU6, STM32WBA50KGU6TR, STM32WBA52CEU6, STM32WBA52CEU6TR, STM32WBA52CEU7, STM32WBA52CEU7TR, STM32WBA52CGU6, STM32WBA52CGU6TR, STM32WBA52CGU6U, STM32WBA52CGU7, STM32WBA52CGU7TR, STM32WBA52KEU6, STM32WBA52KEU6TR, STM32WBA52KGU6, STM32WBA52KGU6TR, STM32WBA54CEU6, STM32WBA54CEU6TR, STM32WBA54CEU7, STM32WBA54CEU7TR, STM32WBA54CGU6, STM32WBA54CGU6TR, STM32WBA54CGU7, STM32WBA54CGU7TR, STM32WBA54KEU6, STM32WBA54KEU6TR, STM32WBA54KEU7, STM32WBA54KEU7TR, STM32WBA54KGU6, STM32WBA54KGU6TR, STM32WBA54KGU7, STM32WBA54KGU7TR, STM32WBA55CEU6, STM32WBA55CEU6TR, STM32WBA55CEU7, STM32WBA55CEU7TR, STM32WBA55CGU6, STM32WBA55CGU6TR, STM32WBA55CGU6U, STM32WBA55CGU7, STM32WBA55CGU7TR, STM32WBA55G-DK1, STM32WBA55HEF6, STM32WBA55HEF7, STM32WBA55HGF6, STM32WBA55HGF7, STM32WBA55UEI6, STM32WBA55UEI6TR, STM32WBA55UEI7, STM32WBA55UEI7TR, STM32WBA55UGI6, STM32WBA55UGI6TR, STM32WBA55UGI7, STM32WBA55UGI7TR, STM32WL5MOCH6, STM32WL5MOCH6TR]
2024-06-18 00:19:11,476 [INFO] DbMcus:218 - Found 4096 MCUs, 4096 are supported
2024-06-18 00:19:11,479 [INFO] ApiDb:423 - Load user favorites file C:\Users\saksh/.stm32cubeide/favorites.mcus.txt: 1 item(s)
2024-06-18 00:19:11,480 [INFO] ApiDb:427 - User favorites MCUs=[STM32F103C8T6]
2024-06-18 00:19:11,480 [INFO] DbMcus:224 - Set 1 / 1 favorites MCUs
2024-06-18 00:19:11,723 [INFO] ApiDb:423 - Load user favorites file C:\Users\saksh/.stm32cubeide/favorites.boards.txt: 0 item(s)
2024-06-18 00:19:11,723 [INFO] ApiDb:427 - User favorites Boards=[]
2024-06-18 00:19:11,723 [INFO] DbBoards:198 - Set 0 / 0 favorites Boards
2024-06-18 00:19:11,723 [INFO] McuFinderGlobals:76 - Set McuFinderConnectedMode to true
2024-06-18 00:19:11,728 [INFO] MultiScanPanel:200 - Auto-refresh data requested => check proxy status ongoing
2024-06-18 00:19:11,729 [INFO] FinderPluginLoader:95 - Searching for filters in installed packs
2024-06-18 00:19:12,523 [ERROR] WebUtils:396 - Updater is busy
2024-06-18 00:19:12,524 [WARN] DetailPanel:346 - Failed to get advertising image, set to default
2024-06-18 00:19:49,305 [WARN] ServerAccessManage:1168 - Warning during Server Connection :  timeout Read timed out
2024-06-18 00:19:49,305 [ERROR] ServerAccessManage:651 - Problem, Http timeout : updaters.zip.
2024-06-18 00:19:49,305 [WARN] LoadServerUpdatesThread:475 - Updater definition download error.
2024-06-18 00:19:49,307 [INFO] LoadServerUpdatesThread:375 - End of LoadServerUpdate Thread
2024-06-18 00:19:49,471 [INFO] CheckServerUpdateThread:120 - End of CheckServer Thread
2024-06-18 00:20:12,939 [INFO] MainUpdater:2873 - connection check result : 22
2024-06-18 00:20:12,939 [INFO] MainUpdater:2873 - connection check result : 22
2024-06-18 00:20:20,799 [INFO] MicroXplorer:468 - Change Database Path : 
2024-06-18 00:20:20,799 [INFO] MicroXplorer:498 - Change Database Version : DB.6.0.111
2024-06-18 00:20:20,805 [WARN] ThirdParty:871 - waiting for thirdparty lock release [close project]
2024-06-18 00:20:20,805 [INFO] ThirdParty:873 - entering critical section [close project]
2024-06-18 00:20:20,805 [INFO] ThirdParty:883 - exiting critical section [close project]
2024-06-18 00:20:20,806 [INFO] PinOutPanel:1561 - setPackage(No Configuration,No Configuration)
2024-06-18 00:20:20,809 [INFO] UtilMem:75 - Begin LoadConfig() Used Memory: 378578960 Bytes (566231040)
2024-06-18 00:20:20,809 [INFO] MicroXplorer:468 - Change Database Path : 
2024-06-18 00:20:20,809 [INFO] MicroXplorer:498 - Change Database Version : DB.6.0.111
2024-06-18 00:20:20,810 [INFO] OpenFileManager:312 - Change cursor
2024-06-18 00:20:20,821 [WARN] IntegrityCheckThread:84 - waiting for thirdparty lock release [integrity check]
2024-06-18 00:20:20,821 [INFO] IntegrityCheckThread:86 - entering critical section [integrity check]
2024-06-18 00:20:20,968 [WARN] PackLoader:240 - Cannot read IP mode file for STMicroelectronics.FP-SNS-MOTENVWB1.1.4.0
2024-06-18 00:20:20,981 [WARN] PackLoader:240 - Cannot read IP mode file for STMicroelectronics.X-CUBE-SMBUS.2.1.0
2024-06-18 00:20:20,991 [WARN] PackLoader:240 - Cannot read IP mode file for STMicroelectronics.X-CUBE-TOUCHGFX.4.23.1
2024-06-18 00:20:20,998 [WARN] PackLoader:240 - Cannot read IP mode file for STMicroelectronics.X-CUBE-TOUCHGFX.4.23.0
2024-06-18 00:20:21,004 [WARN] PackLoader:240 - Cannot read IP mode file for STMicroelectronics.X-CUBE-TOUCHGFX.4.23.2
2024-06-18 00:20:21,027 [WARN] PackLoader:240 - Cannot read IP mode file for STMicroelectronics.X-CUBE-AZRTOS-F7.1.1.0
2024-06-18 00:20:21,041 [ERROR] RealEvaluatedCondition:428 - Found unsupported composite condition: CLASS='Data Exchange' GROUP='STM32_MetaDataManager'
2024-06-18 00:20:21,042 [ERROR] RealEvaluatedCondition:428 - Found unsupported composite condition: CLASS='Data Exchange' GROUP='STM32_MetaDataManager'
2024-06-18 00:20:21,043 [WARN] PackLoader:240 - Cannot read IP mode file for STMicroelectronics.FP-SNS-MOTENV1.4.3.0
2024-06-18 00:20:21,055 [WARN] PackLoader:240 - Cannot read IP mode file for STMicroelectronics.FP-SNS-MOTENV1.4.3.2
2024-06-18 00:20:21,067 [WARN] PackLoader:240 - Cannot read IP mode file for STMicroelectronics.FP-SNS-FLIGHT1.5.0.0
2024-06-18 00:20:21,078 [ERROR] RealEvaluatedCondition:428 - Found unsupported composite condition: CLASS='Data Exchange' GROUP='STM32_MetaDataManager'
2024-06-18 00:20:21,078 [ERROR] RealEvaluatedCondition:428 - Found unsupported composite condition: GROUP='STM32_MetaDataManager' CLASS='Data Exchange'
2024-06-18 00:20:21,079 [WARN] PackLoader:240 - Cannot read IP mode file for STMicroelectronics.FP-SNS-MOTENV1.4.3.1
2024-06-18 00:20:21,089 [WARN] PackLoader:240 - Cannot read IP mode file for STMicroelectronics.FP-SNS-FLIGHT1.5.0.1
2024-06-18 00:20:21,099 [WARN] PackLoader:240 - Cannot read IP mode file for STMicroelectronics.X-CUBE-BLE1.6.2.3
2024-06-18 00:20:21,107 [WARN] PackLoader:240 - Cannot read IP mode file for STMicroelectronics.X-CUBE-BLE1.6.2.4
2024-06-18 00:20:21,115 [WARN] PackLoader:240 - Cannot read IP mode file for STMicroelectronics.FP-SNS-FLIGHT1.5.0.2
2024-06-18 00:20:21,126 [WARN] PackLoader:240 - Cannot read IP mode file for STMicroelectronics.X-CUBE-TOF1.3.1.0
2024-06-18 00:20:21,137 [WARN] PackLoader:240 - Cannot read IP mode file for STMicroelectronics.X-CUBE-DISPLAY.3.0.0
2024-06-18 00:20:21,148 [WARN] PackLoader:240 - Cannot read IP mode file for STMicroelectronics.X-CUBE-BLE1.7.0.0
2024-06-18 00:20:21,159 [WARN] PackLoader:240 - Cannot read IP mode file for STMicroelectronics.X-CUBE-TOUCHGFX.4.22.0
2024-06-18 00:20:21,198 [WARN] PackLoader:240 - Cannot read IP mode file for STMicroelectronics.X-CUBE-MEMS1.9.3.0
2024-06-18 00:20:21,279 [WARN] PackLoader:240 - Cannot read IP mode file for STMicroelectronics.X-CUBE-AI.7.2.0
2024-06-18 00:20:21,293 [WARN] PackLoader:240 - Cannot read IP mode file for STMicroelectronics.X-CUBE-BLEMGR.3.1.0
2024-06-18 00:20:21,308 [WARN] PackLoader:240 - Cannot read IP mode file for STMicroelectronics.FP-SNS-SMARTAG2.1.2.0
2024-06-18 00:20:21,327 [INFO] LogOutputStream:77 - [STDOUT_REDIRECT] 1 : Invalid condition id : UX_CORESTACK_Condition cause : null
2024-06-18 00:20:21,328 [INFO] LogOutputStream:77 - [STDOUT_REDIRECT] 1 : Invalid condition id : UX_CORESTACK_Condition cause : null
2024-06-18 00:20:21,329 [INFO] LogOutputStream:77 - [STDOUT_REDIRECT] 1 : Invalid condition id : UX_CORESTACK_Condition cause : null
2024-06-18 00:20:21,330 [INFO] LogOutputStream:77 - [STDOUT_REDIRECT] 1 : Invalid condition id : UX_CORESTACK_Condition cause : null
2024-06-18 00:20:21,331 [INFO] LogOutputStream:77 - [STDOUT_REDIRECT] 1 : Invalid condition id : UX_CORESTACK_Condition cause : null
2024-06-18 00:20:21,333 [WARN] PackLoader:240 - Cannot read IP mode file for STMicroelectronics.X-CUBE-AZRTOS-WL.2.0.0
2024-06-18 00:20:21,345 [WARN] PackLoader:240 - Cannot read IP mode file for STMicroelectronics.FP-SNS-MOTENV1.5.0.0
2024-06-18 00:20:21,357 [WARN] PackLoader:240 - Cannot read IP mode file for wolfSSL.I-CUBE-wolfMQTT.1.19.0
2024-06-18 00:20:21,372 [WARN] PackLoader:240 - Cannot read IP mode file for WES.I-CUBE-Cesium.1.3.0
2024-06-18 00:20:21,384 [WARN] PackLoader:240 - Cannot read IP mode file for STMicroelectronics.X-CUBE-BLE2.3.3.0
2024-06-18 00:20:21,396 [WARN] PackLoader:240 - Cannot read IP mode file for STMicroelectronics.X-CUBE-DISPLAY.2.2.0
2024-06-18 00:20:21,413 [WARN] PackLoader:240 - Cannot read IP mode file for STMicroelectronics.X-CUBE-TOF1.3.2.0
2024-06-18 00:20:21,426 [WARN] PackLoader:240 - Cannot read IP mode file for STMicroelectronics.X-CUBE-ISPU.1.0.0
2024-06-18 00:20:21,452 [WARN] PackLoader:240 - Cannot read IP mode file for STMicroelectronics.X-CUBE-AZRTOS-H7.2.1.0
2024-06-18 00:20:21,467 [WARN] PackLoader:240 - Cannot read IP mode file for STMicroelectronics.X-CUBE-TCPP.4.1.0
2024-06-18 00:20:21,479 [WARN] PackLoader:240 - Cannot read IP mode file for STMicroelectronics.X-CUBE-TOUCHGFX.4.21.1
2024-06-18 00:20:21,488 [WARN] PackLoader:240 - Cannot read IP mode file for STMicroelectronics.X-CUBE-TOUCHGFX.4.21.3
2024-06-18 00:20:21,499 [WARN] PackLoader:240 - Cannot read IP mode file for STMicroelectronics.X-CUBE-TOUCHGFX.4.21.4
2024-06-18 00:20:21,540 [WARN] PackLoader:240 - Cannot read IP mode file for STMicroelectronics.X-CUBE-MEMS1.9.4.0
2024-06-18 00:20:21,613 [WARN] PackLoader:240 - Cannot read IP mode file for STMicroelectronics.X-CUBE-AI.7.3.0
2024-06-18 00:20:21,623 [WARN] PackLoader:240 - Cannot read IP mode file for STMicroelectronics.X-CUBE-ALGOBUILD.1.3.0
2024-06-18 00:20:21,645 [WARN] PackLoader:240 - Cannot read IP mode file for STMicroelectronics.X-CUBE-AZRTOS-G0.1.1.0
2024-06-18 00:20:21,658 [WARN] PackLoader:240 - Cannot read IP mode file for STMicroelectronics.X-CUBE-SAFEA1.1.2.2
2024-06-18 00:20:21,670 [WARN] PackLoader:240 - Cannot read IP mode file for STMicroelectronics.X-CUBE-NFC4.3.0.0
2024-06-18 00:20:21,703 [WARN] PackLoader:240 - Cannot read IP mode file for SEGGER.I-CUBE-embOS.1.2.0
2024-06-18 00:20:21,735 [WARN] PackLoader:240 - Cannot read IP mode file for STMicroelectronics.X-CUBE-BLEMGR.3.0.0
2024-06-18 00:20:21,748 [WARN] PackLoader:240 - Cannot read IP mode file for STMicroelectronics.X-CUBE-BLEMGR.1.3.0
2024-06-18 00:20:21,761 [WARN] PackLoader:240 - Cannot read IP mode file for STMicroelectronics.FP-ATR-SIGFOX1.3.2.0
2024-06-18 00:20:21,773 [WARN] PackLoader:240 - Cannot read IP mode file for STMicroelectronics.X-CUBE-EEPRMA1.5.1.0
2024-06-18 00:20:21,787 [WARN] PackLoader:240 - Cannot read IP mode file for emotas.I-CUBE-CANOPEN.1.1.2
2024-06-18 00:20:21,799 [WARN] PackLoader:240 - Cannot read IP mode file for STMicroelectronics.X-CUBE-TOUCHGFX.4.20.0
2024-06-18 00:20:21,833 [WARN] PackLoader:240 - Cannot read IP mode file for STMicroelectronics.X-CUBE-MEMS1.9.5.0
2024-06-18 00:20:21,940 [WARN] PackLoader:240 - Cannot read IP mode file for SEGGER.I-CUBE-embOS.1.3.1
2024-06-18 00:20:21,966 [WARN] PackLoader:240 - Cannot read IP mode file for STMicroelectronics.X-CUBE-ALGOBUILD.1.4.0
2024-06-18 00:20:21,976 [WARN] PackLoader:240 - Cannot read IP mode file for STMicroelectronics.X-CUBE-GNSS1.6.0.0
2024-06-18 00:20:21,995 [WARN] PackLoader:240 - Cannot read IP mode file for STMicroelectronics.X-CUBE-AZRTOS-F4.1.1.0
2024-06-18 00:20:22,004 [WARN] PackLoader:240 - Cannot read IP mode file for STMicroelectronics.X-CUBE-FREERTOS.1.2.0
2024-06-18 00:20:22,012 [WARN] PackLoader:240 - Cannot read IP mode file for STMicroelectronics.X-CUBE-BLEMGR.1.2.0
2024-06-18 00:20:22,029 [WARN] PackLoader:240 - Cannot read IP mode file for STMicroelectronics.X-CUBE-AZRTOS-L5.2.0.0
2024-06-18 00:20:22,062 [WARN] PackLoader:240 - Cannot read IP mode file for STMicroelectronics.X-CUBE-MEMS1.9.6.0
2024-06-18 00:20:22,135 [WARN] PackLoader:240 - Cannot read IP mode file for STMicroelectronics.X-CUBE-EEPRMA1.4.2.0
2024-06-18 00:20:22,146 [WARN] PackLoader:240 - Cannot read IP mode file for STMicroelectronics.X-CUBE-NFC6.3.1.0
2024-06-18 00:20:22,156 [WARN] PackLoader:240 - Cannot read IP mode file for ITTIA_DB.I-CUBE-ITTIADB.8.8.0
2024-06-18 00:20:22,165 [WARN] PackLoader:240 - Cannot read IP mode file for STMicroelectronics.X-CUBE-BLEMGR.2.0.0
2024-06-18 00:20:22,176 [WARN] PackLoader:240 - Cannot read IP mode file for STMicroelectronics.X-CUBE-NFC4.2.0.4
2024-06-18 00:20:22,185 [WARN] PackLoader:240 - Cannot read IP mode file for STMicroelectronics.X-CUBE-AI.9.0.0
2024-06-18 00:20:22,201 [WARN] ConditionMgr:438 - getConditionDescription Invalid condition id : UX DEVICE CLASS RTOS Condition cause : null
2024-06-18 00:20:22,201 [WARN] ConditionMgr:438 - getConditionDescription Invalid condition id : UX DEVICE CLASS RTOS Condition cause : null
2024-06-18 00:20:22,202 [WARN] PackLoader:240 - Cannot read IP mode file for STMicroelectronics.X-CUBE-AZRTOS-H7.3.1.0
2024-06-18 00:20:22,203 [WARN] ConditionMgr:1039 - genDependencies : Invalid condition id : UX DEVICE CLASS RTOS Condition cause : null
2024-06-18 00:20:22,203 [WARN] ConditionMgr:1039 - genDependencies : Invalid condition id : UX DEVICE CLASS RTOS Condition cause : null
2024-06-18 00:20:22,203 [WARN] ConditionMgr:1039 - genDependencies : Invalid condition id : UX DEVICE CLASS RTOS Condition cause : null
2024-06-18 00:20:22,204 [WARN] ConditionMgr:1039 - genDependencies : Invalid condition id : UX DEVICE CLASS RTOS Condition cause : null
2024-06-18 00:20:22,204 [WARN] ConditionMgr:1039 - genDependencies : Invalid condition id : UX DEVICE CLASS RTOS Condition cause : null
2024-06-18 00:20:22,213 [WARN] PackLoader:240 - Cannot read IP mode file for wolfSSL.I-CUBE-wolfSSL.5.5.0
2024-06-18 00:20:22,220 [WARN] PackLoader:240 - Cannot read IP mode file for STMicroelectronics.X-CUBE-NFC7.1.0.1
2024-06-18 00:20:22,229 [WARN] PackLoader:240 - Cannot read IP mode file for STMicroelectronics.X-CUBE-NFC7.1.0.0
2024-06-18 00:20:22,237 [WARN] PackLoader:240 - Cannot read IP mode file for STMicroelectronics.X-CUBE-NFC6.3.0.0
2024-06-18 00:20:22,245 [WARN] PackLoader:240 - Cannot read IP mode file for STMicroelectronics.X-CUBE-EEPRMA1.4.1.0
2024-06-18 00:20:22,252 [WARN] PackLoader:240 - Cannot read IP mode file for STMicroelectronics.X-CUBE-AI.8.1.0
2024-06-18 00:20:22,268 [WARN] ConditionMgr:438 - getConditionDescription Invalid condition id : LAN8742 Phy interface Condition cause : null
2024-06-18 00:20:22,273 [WARN] PackLoader:240 - Cannot read IP mode file for STMicroelectronics.X-CUBE-AZRTOS-L4.2.0.0
2024-06-18 00:20:22,273 [WARN] ConditionMgr:1039 - genDependencies : Invalid condition id : LAN8742 Phy interface Condition cause : null
2024-06-18 00:20:22,274 [WARN] ConditionMgr:1039 - genDependencies : Invalid condition id : LAN8742 Phy interface Condition cause : null
2024-06-18 00:20:22,274 [WARN] ConditionMgr:1039 - genDependencies : Invalid condition id : LAN8742 Phy interface Condition cause : null
2024-06-18 00:20:22,284 [WARN] PackLoader:240 - Cannot read IP mode file for STMicroelectronics.X-CUBE-SFXS2LP1.4.0.0
2024-06-18 00:20:22,302 [WARN] PackLoader:240 - Cannot read IP mode file for STMicroelectronics.X-CUBE-AZRTOS-H7.3.0.0
2024-06-18 00:20:22,312 [WARN] PackLoader:240 - Cannot read IP mode file for STMicroelectronics.X-CUBE-ISPU.1.1.0
2024-06-18 00:20:22,322 [WARN] PackLoader:240 - Cannot read IP mode file for RoweBots.I-CUBE-UNISONRTOS.5.5.0-4
2024-06-18 00:20:22,333 [WARN] PackLoader:240 - Cannot read IP mode file for STMicroelectronics.X-CUBE-AI.8.0.0
2024-06-18 00:20:22,348 [WARN] ConditionMgr:438 - getConditionDescription Invalid condition id : UX DEVICE CLASS RTOS Condition cause : null
2024-06-18 00:20:22,348 [WARN] ConditionMgr:438 - getConditionDescription Invalid condition id : UX DEVICE CLASS RTOS Condition cause : null
2024-06-18 00:20:22,351 [WARN] PackLoader:240 - Cannot read IP mode file for STMicroelectronics.X-CUBE-AZRTOS-WB.2.0.0
2024-06-18 00:20:22,351 [WARN] ConditionMgr:1039 - genDependencies : Invalid condition id : UX DEVICE CLASS RTOS Condition cause : null
2024-06-18 00:20:22,351 [WARN] ConditionMgr:1039 - genDependencies : Invalid condition id : UX DEVICE CLASS RTOS Condition cause : null
2024-06-18 00:20:22,351 [WARN] ConditionMgr:1039 - genDependencies : Invalid condition id : UX DEVICE CLASS RTOS Condition cause : null
2024-06-18 00:20:22,351 [WARN] ConditionMgr:1039 - genDependencies : Invalid condition id : UX DEVICE CLASS RTOS Condition cause : null
2024-06-18 00:20:22,351 [WARN] ConditionMgr:1039 - genDependencies : Invalid condition id : UX DEVICE CLASS RTOS Condition cause : null
2024-06-18 00:20:22,362 [WARN] PackLoader:240 - Cannot read IP mode file for STMicroelectronics.X-CUBE-FREERTOS.1.0.0
2024-06-18 00:20:22,371 [WARN] PackLoader:240 - Cannot read IP mode file for STMicroelectronics.X-CUBE-FREERTOS.1.0.1
2024-06-18 00:20:22,382 [WARN] PackLoader:240 - Cannot read IP mode file for STMicroelectronics.X-CUBE-BLEMGR.1.0.0
2024-06-18 00:20:22,397 [WARN] PackLoader:240 - Cannot read IP mode file for STMicroelectronics.X-CUBE-AZRTOS-L5.1.1.0
2024-06-18 00:20:22,407 [WARN] PackLoader:240 - Cannot read IP mode file for STMicroelectronics.X-CUBE-AI.8.0.1
2024-06-18 00:20:22,418 [WARN] PackLoader:240 - Cannot read IP mode file for STMicroelectronics.X-CUBE-SUBG2.5.0.0
2024-06-18 00:20:22,430 [WARN] PackLoader:240 - Cannot read IP mode file for STMicroelectronics.X-CUBE-TOF1.3.3.1
2024-06-18 00:20:22,450 [WARN] PackLoader:240 - Cannot read IP mode file for STMicroelectronics.X-CUBE-AZRTOS-G4.2.0.0
2024-06-18 00:20:22,463 [WARN] PackLoader:240 - Cannot read IP mode file for STMicroelectronics.X-CUBE-TOF1.3.3.0
2024-06-18 00:20:22,476 [WARN] PackLoader:240 - Cannot read IP mode file for STMicroelectronics.FP-ATR-ASTRA1.1.1.1
2024-06-18 00:20:22,490 [WARN] PackLoader:240 - Cannot read IP mode file for Infineon.AIROC-Wi-Fi-Bluetooth-STM32.1.5.1
2024-06-18 00:20:22,500 [WARN] PackLoader:240 - Cannot read IP mode file for STMicroelectronics.FP-SNS-MOTENVWB1.1.3.1
2024-06-18 00:20:22,514 [WARN] PackLoader:240 - Cannot read IP mode file for STMicroelectronics.X-CUBE-AZRTOS-G4.1.0.0
2024-06-18 00:20:22,529 [WARN] PackLoader:240 - Cannot read IP mode file for STMicroelectronics.X-CUBE-AZRTOS-L4.1.0.0
2024-06-18 00:20:22,538 [WARN] PackLoader:240 - Cannot read IP mode file for STMicroelectronics.X-CUBE-ISPU.2.0.0
2024-06-18 00:20:22,544 [WARN] PackLoader:240 - Cannot read IP mode file for STMicroelectronics.X-CUBE-ALS.1.0.2
2024-06-18 00:20:22,569 [WARN] PackLoader:240 - Cannot read IP mode file for STMicroelectronics.X-CUBE-MEMS1.10.0.0
2024-06-18 00:20:22,617 [WARN] PackLoader:240 - Cannot read IP mode file for STMicroelectronics.X-CUBE-FREERTOS.1.1.0
2024-06-18 00:20:22,630 [WARN] PackLoader:240 - Cannot read IP mode file for STMicroelectronics.X-CUBE-AZRTOS-WL.1.0.0
2024-06-18 00:20:22,641 [WARN] PackLoader:240 - Cannot read IP mode file for portGmbH.I-Cube-SoM-uGOAL.1.1.0
2024-06-18 00:20:22,648 [WARN] PackLoader:240 - Cannot read IP mode file for STMicroelectronics.X-CUBE-ALS.1.0.1
2024-06-18 00:20:22,660 [WARN] PackLoader:240 - Cannot read IP mode file for STMicroelectronics.X-CUBE-AZRTOS-WB.1.1.0
2024-06-18 00:20:22,675 [WARN] PackLoader:240 - Cannot read IP mode file for STMicroelectronics.X-CUBE-AZRTOS-L5.1.0.0
2024-06-18 00:20:22,682 [WARN] PackLoader:240 - Cannot read IP mode file for STMicroelectronics.X-CUBE-EEPRMA1.3.1.1
2024-06-18 00:20:22,698 [WARN] PackLoader:240 - Cannot read IP mode file for STMicroelectronics.X-CUBE-AZRTOS-H7RS.1.0.0
2024-06-18 00:20:22,705 [WARN] PackLoader:240 - Cannot read IP mode file for STMicroelectronics.FP-ATR-ASTRA1.2.0.0
2024-06-18 00:20:22,715 [WARN] PackLoader:240 - Cannot read IP mode file for STMicroelectronics.X-CUBE-TOF1.3.4.0
2024-06-18 00:20:22,727 [WARN] PackLoader:240 - Cannot read IP mode file for STMicroelectronics.X-CUBE-TOF1.3.4.1
2024-06-18 00:20:22,745 [WARN] PackLoader:240 - Cannot read IP mode file for STMicroelectronics.X-CUBE-AZRTOS-H7.3.2.0
2024-06-18 00:20:22,746 [INFO] ThirdParty:978 - Integrity check success = true
2024-06-18 00:20:22,746 [INFO] IntegrityCheckThread:100 - exiting critical section [integrity check]
2024-06-18 00:20:22,746 [INFO] IntegrityCheckThread:103 - End integrity checks thread
2024-06-18 00:20:22,842 [INFO] Mcu:2021 - Initializing MCU STM32G474RETx STM32G474RETx STM32G474RET6
2024-06-18 00:20:25,829 [INFO] Context:663 - Trying to add GPIOservice into a context  which must be forbidden
2024-06-18 00:20:26,888 [INFO] ImportTextPane:194 - (OptionalMessage_ERROR) Unable to find key (Mcu.ThirdPartyNb) in loaded IOC file
2024-06-18 00:20:26,888 [INFO] ImportTextPane:194 - (OptionalMessage_ERROR) Unable to find key (Mcu.PinsNb) in loaded IOC file
2024-06-18 00:20:26,888 [INFO] ImportTextPane:194 - (OptionalMessage_ERROR) Unable to find key (Mcu.IPNb) in loaded IOC file
2024-06-18 00:20:27,060 [INFO] RtosManager:555 - Registered RTOS mode: class=CMSIS, group=RTOS, mode=CMSIS_V1, owner=FREERTOS
2024-06-18 00:20:27,060 [INFO] RtosManager:555 - Registered RTOS mode: class=CMSIS, group=RTOS2, mode=CMSIS_V2, owner=FREERTOS
2024-06-18 00:20:27,060 [INFO] RtosManager:555 - Registered RTOS mode: class=RTOS, group=Core, mode=CMSIS_V1, owner=FREERTOS
2024-06-18 00:20:27,060 [INFO] RtosManager:555 - Registered RTOS mode: class=RTOS, group=Core, mode=CMSIS_V2, owner=FREERTOS
2024-06-18 00:20:27,060 [WARN] ModelIntegratedComponent:184 - Missing modes for component STMicroelectronics:FreeRTOS:0.0.1:STMicroelectronics:RTOS:FreeRTOS:Core:::10.2.0:
2024-06-18 00:20:27,064 [WARN] ModelIntegratedComponent:63 - No mode defined for component null
2024-06-18 00:20:27,064 [WARN] ModelIntegratedComponent:63 - No mode defined for component null
2024-06-18 00:20:27,064 [WARN] ModelIntegratedComponent:63 - No mode defined for component null
2024-06-18 00:20:27,064 [WARN] ModelIntegratedComponent:63 - No mode defined for component null
2024-06-18 00:20:27,064 [WARN] ModelIntegratedComponent:63 - No mode defined for component null
2024-06-18 00:20:27,064 [WARN] ModelIntegratedComponent:63 - No mode defined for component null
2024-06-18 00:20:27,064 [WARN] ModelIntegratedComponent:63 - No mode defined for component null
2024-06-18 00:20:27,064 [WARN] ModelIntegratedComponent:63 - No mode defined for component null
2024-06-18 00:20:27,064 [WARN] ModelIntegratedComponent:63 - No mode defined for component null
2024-06-18 00:20:27,065 [WARN] ModelIntegratedComponent:63 - No mode defined for component null
2024-06-18 00:20:27,065 [WARN] ModelIntegratedComponent:63 - No mode defined for component null
2024-06-18 00:20:27,065 [WARN] ModelIntegratedComponent:63 - No mode defined for component null
2024-06-18 00:20:27,065 [WARN] ModelIntegratedComponent:63 - No mode defined for component null
2024-06-18 00:20:27,065 [WARN] ModelIntegratedComponent:63 - No mode defined for component null
2024-06-18 00:20:27,065 [WARN] ModelIntegratedComponent:63 - No mode defined for component null
2024-06-18 00:20:27,065 [WARN] ModelIntegratedComponent:63 - No mode defined for component null
2024-06-18 00:20:27,065 [WARN] ModelIntegratedComponent:63 - No mode defined for component null
2024-06-18 00:20:27,065 [WARN] ModelIntegratedComponent:63 - No mode defined for component null
2024-06-18 00:20:27,065 [WARN] ModelIntegratedComponent:63 - No mode defined for component null
2024-06-18 00:20:27,065 [WARN] ModelIntegratedComponent:63 - No mode defined for component null
2024-06-18 00:20:27,065 [WARN] ModelIntegratedComponent:63 - No mode defined for component null
2024-06-18 00:20:27,065 [WARN] ModelIntegratedComponent:63 - No mode defined for component null
2024-06-18 00:20:27,065 [WARN] ModelIntegratedComponent:63 - No mode defined for component null
2024-06-18 00:20:27,065 [WARN] ModelIntegratedComponent:63 - No mode defined for component null
2024-06-18 00:20:27,065 [WARN] ModelIntegratedComponent:63 - No mode defined for component null
2024-06-18 00:20:27,065 [WARN] ModelIntegratedComponent:63 - No mode defined for component null
2024-06-18 00:20:27,066 [WARN] ModelIntegratedComponent:63 - No mode defined for component null
2024-06-18 00:20:27,066 [WARN] ModelIntegratedComponent:63 - No mode defined for component null
2024-06-18 00:20:27,066 [WARN] ModelIntegratedComponent:63 - No mode defined for component null
2024-06-18 00:20:27,066 [WARN] ModelIntegratedComponent:63 - No mode defined for component null
2024-06-18 00:20:27,066 [WARN] ModelIntegratedComponent:63 - No mode defined for component null
2024-06-18 00:20:27,066 [WARN] ModelIntegratedComponent:63 - No mode defined for component null
2024-06-18 00:20:27,066 [WARN] ModelIntegratedComponent:63 - No mode defined for component null
2024-06-18 00:20:27,066 [WARN] ModelIntegratedComponent:63 - No mode defined for component null
2024-06-18 00:20:27,276 [INFO] ThirdPartyModel:298 - Start build external matchings
2024-06-18 00:20:29,047 [INFO] ThirdPartyModel:316 - End build external matchings
2024-06-18 00:20:29,378 [INFO] UtilMem:75 - End LoadConfig() Used Memory: 371625624 Bytes (759169024)
2024-06-18 00:20:29,460 [WARN] ThirdParty:833 - waiting for thirdparty lock release [change project]
2024-06-18 00:20:29,460 [INFO] ThirdParty:835 - entering critical section [change project]
2024-06-18 00:20:29,460 [INFO] ThirdParty:1030 - CMSIS Pack Vendor :STMicroelectronics USBPD 4.1
2024-06-18 00:20:29,460 [INFO] ThirdParty:1030 - CMSIS Pack Vendor :STMicroelectronics X-CUBE-GNSS1 6.0.0
2024-06-18 00:20:29,460 [INFO] ThirdParty:1030 - CMSIS Pack Vendor :STMicroelectronics USB_HOST 2.0.0
2024-06-18 00:20:29,460 [INFO] ThirdParty:1030 - CMSIS Pack Vendor :STMicroelectronics FP-SNS-MOTENVWB1 1.4.0
2024-06-18 00:20:29,460 [INFO] ThirdParty:1030 - CMSIS Pack Vendor :STMicroelectronics X-CUBE-AZRTOS-F4 1.1.0
2024-06-18 00:20:29,460 [INFO] ThirdParty:1030 - CMSIS Pack Vendor :STMicroelectronics LIBJPEG 8.0.0
2024-06-18 00:20:29,460 [INFO] ThirdParty:1030 - CMSIS Pack Vendor :STMicroelectronics X-CUBE-SMBUS 2.1.0
2024-06-18 00:20:29,460 [INFO] ThirdParty:1030 - CMSIS Pack Vendor :STMicroelectronics X-CUBE-FREERTOS 1.2.0
2024-06-18 00:20:29,460 [INFO] ThirdParty:1030 - CMSIS Pack Vendor :STMicroelectronics X-CUBE-TOUCHGFX 4.23.1
2024-06-18 00:20:29,460 [INFO] ThirdParty:1030 - CMSIS Pack Vendor :STMicroelectronics X-CUBE-TOUCHGFX 4.23.0
2024-06-18 00:20:29,460 [INFO] ThirdParty:1030 - CMSIS Pack Vendor :STMicroelectronics X-CUBE-BLEMGR 1.2.0
2024-06-18 00:20:29,460 [INFO] ThirdParty:1030 - CMSIS Pack Vendor :STMicroelectronics X-CUBE-TOUCHGFX 4.23.2
2024-06-18 00:20:29,460 [INFO] ThirdParty:1030 - CMSIS Pack Vendor :STMicroelectronics X-CUBE-AZRTOS-F7 1.1.0
2024-06-18 00:20:29,460 [INFO] ThirdParty:1030 - CMSIS Pack Vendor :STMicroelectronics X-CUBE-AZRTOS-L5 2.0.0
2024-06-18 00:20:29,460 [INFO] ThirdParty:1030 - CMSIS Pack Vendor :STMicroelectronics USB_DEVICE 2.0.0
2024-06-18 00:20:29,460 [INFO] ThirdParty:1030 - CMSIS Pack Vendor :STMicroelectronics X-CUBE-MEMS1 9.6.0
2024-06-18 00:20:29,460 [INFO] ThirdParty:1030 - CMSIS Pack Vendor :STMicroelectronics X-CUBE-EEPRMA1 4.2.0
2024-06-18 00:20:29,460 [INFO] ThirdParty:1030 - CMSIS Pack Vendor :STMicroelectronics X-CUBE-NFC6 3.1.0
2024-06-18 00:20:29,460 [INFO] ThirdParty:1030 - CMSIS Pack Vendor :ITTIA_DB I-CUBE-ITTIADB 8.8.0
2024-06-18 00:20:29,460 [INFO] ThirdParty:1030 - CMSIS Pack Vendor :STMicroelectronics FP-SNS-MOTENV1 4.3.0
2024-06-18 00:20:29,460 [INFO] ThirdParty:1030 - CMSIS Pack Vendor :STMicroelectronics FP-SNS-MOTENV1 4.3.2
2024-06-18 00:20:29,460 [INFO] ThirdParty:1030 - CMSIS Pack Vendor :STMicroelectronics FP-SNS-FLIGHT1 5.0.0
2024-06-18 00:20:29,460 [INFO] ThirdParty:1030 - CMSIS Pack Vendor :STMicroelectronics FP-SNS-MOTENV1 4.3.1
2024-06-18 00:20:29,460 [INFO] ThirdParty:1030 - CMSIS Pack Vendor :STMicroelectronics FP-SNS-FLIGHT1 5.0.1
2024-06-18 00:20:29,460 [INFO] ThirdParty:1030 - CMSIS Pack Vendor :STMicroelectronics X-CUBE-BLE1 6.2.3
2024-06-18 00:20:29,460 [INFO] ThirdParty:1030 - CMSIS Pack Vendor :STMicroelectronics X-CUBE-BLE1 6.2.4
2024-06-18 00:20:29,460 [INFO] ThirdParty:1030 - CMSIS Pack Vendor :STMicroelectronics FreeRTOS 0.0.1
2024-06-18 00:20:29,460 [INFO] ThirdParty:1030 - CMSIS Pack Vendor :STMicroelectronics X-CUBE-BLEMGR 2.0.0
2024-06-18 00:20:29,460 [INFO] ThirdParty:1030 - CMSIS Pack Vendor :STMicroelectronics FP-SNS-FLIGHT1 5.0.2
2024-06-18 00:20:29,460 [INFO] ThirdParty:1030 - CMSIS Pack Vendor :STMicroelectronics X-CUBE-NFC4 2.0.4
2024-06-18 00:20:29,460 [INFO] ThirdParty:1030 - CMSIS Pack Vendor :STMicroelectronics X-CUBE-AI 9.0.0
2024-06-18 00:20:29,460 [INFO] ThirdParty:1030 - CMSIS Pack Vendor :STMicroelectronics X-CUBE-AZRTOS-H7 3.1.0
2024-06-18 00:20:29,460 [INFO] ThirdParty:1030 - CMSIS Pack Vendor :STMicroelectronics PDM2PCM 3.3.0
2024-06-18 00:20:29,460 [INFO] ThirdParty:1030 - CMSIS Pack Vendor :STMicroelectronics X-CUBE-TOF1 3.1.0
2024-06-18 00:20:29,460 [INFO] ThirdParty:1030 - CMSIS Pack Vendor :STMicroelectronics X-CUBE-DISPLAY 3.0.0
2024-06-18 00:20:29,460 [INFO] ThirdParty:1030 - CMSIS Pack Vendor :STMicroelectronics X-CUBE-BLE1 7.0.0
2024-06-18 00:20:29,460 [INFO] ThirdParty:1030 - CMSIS Pack Vendor :wolfSSL I-CUBE-wolfSSL 5.5.0
2024-06-18 00:20:29,460 [INFO] ThirdParty:1030 - CMSIS Pack Vendor :STMicroelectronics HAL Drivers 0.0.0
2024-06-18 00:20:29,461 [INFO] ThirdParty:1030 - CMSIS Pack Vendor :STMicroelectronics X-CUBE-TOUCHGFX 4.22.0
2024-06-18 00:20:29,461 [INFO] ThirdParty:1030 - CMSIS Pack Vendor :STMicroelectronics X-CUBE-NFC7 1.0.1
2024-06-18 00:20:29,461 [INFO] ThirdParty:1030 - CMSIS Pack Vendor :STMicroelectronics MBEDTLS 2.14.1
2024-06-18 00:20:29,461 [INFO] ThirdParty:1030 - CMSIS Pack Vendor :STMicroelectronics X-CUBE-NFC7 1.0.0
2024-06-18 00:20:29,461 [INFO] ThirdParty:1030 - CMSIS Pack Vendor :STMicroelectronics X-CUBE-NFC6 3.0.0
2024-06-18 00:20:29,461 [INFO] ThirdParty:1030 - CMSIS Pack Vendor :STMicroelectronics X-CUBE-MEMS1 9.3.0
2024-06-18 00:20:29,461 [INFO] ThirdParty:1030 - CMSIS Pack Vendor :STMicroelectronics X-CUBE-EEPRMA1 4.1.0
2024-06-18 00:20:29,461 [INFO] ThirdParty:1030 - CMSIS Pack Vendor :STMicroelectronics X-CUBE-AI 7.2.0
2024-06-18 00:20:29,461 [INFO] ThirdParty:1030 - CMSIS Pack Vendor :STMicroelectronics X-CUBE-BLEMGR 3.1.0
2024-06-18 00:20:29,461 [INFO] ThirdParty:1030 - CMSIS Pack Vendor :STMicroelectronics FP-SNS-SMARTAG2 1.2.0
2024-06-18 00:20:29,461 [INFO] ThirdParty:1030 - CMSIS Pack Vendor :STMicroelectronics X-CUBE-AZRTOS-WL 2.0.0
2024-06-18 00:20:29,461 [INFO] ThirdParty:1030 - CMSIS Pack Vendor :STMicroelectronics FP-SNS-MOTENV1 5.0.0
2024-06-18 00:20:29,461 [INFO] ThirdParty:1030 - CMSIS Pack Vendor :STMicroelectronics USB_DEVICE 1.0.0
2024-06-18 00:20:29,461 [INFO] ThirdParty:1030 - CMSIS Pack Vendor :STMicroelectronics X-CUBE-AI 8.1.0
2024-06-18 00:20:29,461 [INFO] ThirdParty:1030 - CMSIS Pack Vendor :wolfSSL I-CUBE-wolfMQTT 1.19.0
2024-06-18 00:20:29,461 [INFO] ThirdParty:1030 - CMSIS Pack Vendor :STMicroelectronics X-CUBE-AZRTOS-L4 2.0.0
2024-06-18 00:20:29,461 [INFO] ThirdParty:1030 - CMSIS Pack Vendor :STMicroelectronics ThreadX 0.0.2
2024-06-18 00:20:29,461 [INFO] ThirdParty:1030 - CMSIS Pack Vendor :WES I-CUBE-Cesium 1.3.0
2024-06-18 00:20:29,461 [INFO] ThirdParty:1030 - CMSIS Pack Vendor :STMicroelectronics lwIP 2.1.2
2024-06-18 00:20:29,461 [INFO] ThirdParty:1030 - CMSIS Pack Vendor :STMicroelectronics X-CUBE-SFXS2LP1 4.0.0
2024-06-18 00:20:29,461 [INFO] ThirdParty:1030 - CMSIS Pack Vendor :STMicroelectronics X-CUBE-BLE2 3.3.0
2024-06-18 00:20:29,461 [INFO] ThirdParty:1030 - CMSIS Pack Vendor :STMicroelectronics X-CUBE-DISPLAY 2.2.0
2024-06-18 00:20:29,461 [INFO] ThirdParty:1030 - CMSIS Pack Vendor :STMicroelectronics X-CUBE-TOF1 3.2.0
2024-06-18 00:20:29,461 [INFO] ThirdParty:1030 - CMSIS Pack Vendor :STMicroelectronics PDM2PCM 3.2.0
2024-06-18 00:20:29,461 [INFO] ThirdParty:1030 - CMSIS Pack Vendor :STMicroelectronics X-CUBE-AZRTOS-H7 3.0.0
2024-06-18 00:20:29,461 [INFO] ThirdParty:1030 - CMSIS Pack Vendor :STMicroelectronics X-CUBE-ISPU 1.0.0
2024-06-18 00:20:29,461 [INFO] ThirdParty:1030 - CMSIS Pack Vendor :STMicroelectronics X-CUBE-ISPU 1.1.0
2024-06-18 00:20:29,461 [INFO] ThirdParty:1030 - CMSIS Pack Vendor :RoweBots I-CUBE-UNISONRTOS 5.5.0-4
2024-06-18 00:20:29,461 [INFO] ThirdParty:1030 - CMSIS Pack Vendor :STMicroelectronics X-CUBE-AZRTOS-H7 2.1.0
2024-06-18 00:20:29,461 [INFO] ThirdParty:1030 - CMSIS Pack Vendor :STMicroelectronics USB_DEVICE 3.0.0
2024-06-18 00:20:29,461 [INFO] ThirdParty:1030 - CMSIS Pack Vendor :STMicroelectronics X-CUBE-TCPP 4.1.0
2024-06-18 00:20:29,461 [INFO] ThirdParty:1030 - CMSIS Pack Vendor :STMicroelectronics X-CUBE-AI 8.0.0
2024-06-18 00:20:29,461 [INFO] ThirdParty:1030 - CMSIS Pack Vendor :STMicroelectronics X-CUBE-AZRTOS-WB 2.0.0
2024-06-18 00:20:29,461 [INFO] ThirdParty:1030 - CMSIS Pack Vendor :STMicroelectronics X-CUBE-FREERTOS 1.0.0
2024-06-18 00:20:29,461 [INFO] ThirdParty:1030 - CMSIS Pack Vendor :STMicroelectronics X-CUBE-FREERTOS 1.0.1
2024-06-18 00:20:29,461 [INFO] ThirdParty:1030 - CMSIS Pack Vendor :STMicroelectronics X-CUBE-TOUCHGFX 4.21.1
2024-06-18 00:20:29,461 [INFO] ThirdParty:1030 - CMSIS Pack Vendor :STMicroelectronics X-CUBE-TOUCHGFX 4.21.3
2024-06-18 00:20:29,461 [INFO] ThirdParty:1030 - CMSIS Pack Vendor :STMicroelectronics X-CUBE-BLEMGR 1.0.0
2024-06-18 00:20:29,461 [INFO] ThirdParty:1030 - CMSIS Pack Vendor :STMicroelectronics X-CUBE-TOUCHGFX 4.21.4
2024-06-18 00:20:29,461 [INFO] ThirdParty:1030 - CMSIS Pack Vendor :STMicroelectronics X-CUBE-MEMS1 9.4.0
2024-06-18 00:20:29,461 [INFO] ThirdParty:1030 - CMSIS Pack Vendor :STMicroelectronics X-CUBE-AI 7.3.0
2024-06-18 00:20:29,461 [INFO] ThirdParty:1030 - CMSIS Pack Vendor :STMicroelectronics X-CUBE-ALGOBUILD 1.3.0
2024-06-18 00:20:29,461 [INFO] ThirdParty:1030 - CMSIS Pack Vendor :STMicroelectronics X-CUBE-AZRTOS-L5 1.1.0
2024-06-18 00:20:29,461 [INFO] ThirdParty:1030 - CMSIS Pack Vendor :STMicroelectronics X-CUBE-AZRTOS-G0 1.1.0
2024-06-18 00:20:29,462 [INFO] ThirdParty:1030 - CMSIS Pack Vendor :STMicroelectronics X-CUBE-AI 8.0.1
2024-06-18 00:20:29,462 [INFO] ThirdParty:1030 - CMSIS Pack Vendor :STMicroelectronics X-CUBE-SAFEA1 1.2.2
2024-06-18 00:20:29,462 [INFO] ThirdParty:1030 - CMSIS Pack Vendor :STMicroelectronics X-CUBE-NFC4 3.0.0
2024-06-18 00:20:29,462 [INFO] ThirdParty:1030 - CMSIS Pack Vendor :SEGGER I-CUBE-embOS 1.2.0
2024-06-18 00:20:29,462 [INFO] ThirdParty:1030 - CMSIS Pack Vendor :STMicroelectronics X-CUBE-SUBG2 5.0.0
2024-06-18 00:20:29,462 [INFO] ThirdParty:1030 - CMSIS Pack Vendor :STMicroelectronics STM32_WPAN 1.0.0
2024-06-18 00:20:29,462 [INFO] ThirdParty:1030 - CMSIS Pack Vendor :STMicroelectronics lwIP 2.0.3
2024-06-18 00:20:29,462 [INFO] ThirdParty:1030 - CMSIS Pack Vendor :STMicroelectronics USB_HOST 1.0.0
2024-06-18 00:20:29,462 [INFO] ThirdParty:1030 - CMSIS Pack Vendor :STMicroelectronics X-CUBE-TOF1 3.3.1
2024-06-18 00:20:29,462 [INFO] ThirdParty:1030 - CMSIS Pack Vendor :STMicroelectronics X-CUBE-AZRTOS-G4 2.0.0
2024-06-18 00:20:29,462 [INFO] ThirdParty:1030 - CMSIS Pack Vendor :STMicroelectronics PDM2PCM 3.1.0
2024-06-18 00:20:29,462 [INFO] ThirdParty:1030 - CMSIS Pack Vendor :STMicroelectronics X-CUBE-TOF1 3.3.0
2024-06-18 00:20:29,462 [INFO] ThirdParty:1030 - CMSIS Pack Vendor :STMicroelectronics FP-ATR-ASTRA1 1.1.1
2024-06-18 00:20:29,463 [INFO] ThirdParty:1030 - CMSIS Pack Vendor :Infineon AIROC-Wi-Fi-Bluetooth-STM32 1.5.1
2024-06-18 00:20:29,463 [INFO] ThirdParty:1030 - CMSIS Pack Vendor :STMicroelectronics X-CUBE-BLEMGR 3.0.0
2024-06-18 00:20:29,463 [INFO] ThirdParty:1030 - CMSIS Pack Vendor :STMicroelectronics X-CUBE-BLEMGR 1.3.0
2024-06-18 00:20:29,463 [INFO] ThirdParty:1030 - CMSIS Pack Vendor :STMicroelectronics FP-SNS-MOTENVWB1 1.3.1
2024-06-18 00:20:29,463 [INFO] ThirdParty:1030 - CMSIS Pack Vendor :STMicroelectronics FP-ATR-SIGFOX1 3.2.0
2024-06-18 00:20:29,463 [INFO] ThirdParty:1030 - CMSIS Pack Vendor :STMicroelectronics X-CUBE-AZRTOS-G4 1.0.0
2024-06-18 00:20:29,463 [INFO] ThirdParty:1030 - CMSIS Pack Vendor :STMicroelectronics X-CUBE-AZRTOS-L4 1.0.0
2024-06-18 00:20:29,463 [INFO] ThirdParty:1030 - CMSIS Pack Vendor :STMicroelectronics X-CUBE-ISPU 2.0.0
2024-06-18 00:20:29,463 [INFO] ThirdParty:1030 - CMSIS Pack Vendor :STMicroelectronics X-CUBE-EEPRMA1 5.1.0
2024-06-18 00:20:29,463 [INFO] ThirdParty:1030 - CMSIS Pack Vendor :STMicroelectronics MBEDTLS 2.16.2
2024-06-18 00:20:29,463 [INFO] ThirdParty:1030 - CMSIS Pack Vendor :STMicroelectronics X-CUBE-ALS 1.0.2
2024-06-18 00:20:29,463 [INFO] ThirdParty:1030 - CMSIS Pack Vendor :emotas I-CUBE-CANOPEN 1.1.2
2024-06-18 00:20:29,463 [INFO] ThirdParty:1030 - CMSIS Pack Vendor :STMicroelectronics X-CUBE-TOUCHGFX 4.20.0
2024-06-18 00:20:29,463 [INFO] ThirdParty:1030 - CMSIS Pack Vendor :STMicroelectronics X-CUBE-MEMS1 10.0.0
2024-06-18 00:20:29,463 [INFO] ThirdParty:1030 - CMSIS Pack Vendor :STMicroelectronics X-CUBE-FREERTOS 1.1.0
2024-06-18 00:20:29,463 [INFO] ThirdParty:1030 - CMSIS Pack Vendor :STMicroelectronics X-CUBE-AZRTOS-WL 1.0.0
2024-06-18 00:20:29,463 [INFO] ThirdParty:1030 - CMSIS Pack Vendor :portGmbH I-Cube-SoM-uGOAL 1.1.0
2024-06-18 00:20:29,463 [INFO] ThirdParty:1030 - CMSIS Pack Vendor :STMicroelectronics X-CUBE-ALS 1.0.1
2024-06-18 00:20:29,463 [INFO] ThirdParty:1030 - CMSIS Pack Vendor :STMicroelectronics X-CUBE-MEMS1 9.5.0
2024-06-18 00:20:29,463 [INFO] ThirdParty:1030 - CMSIS Pack Vendor :STMicroelectronics ThreadX 1.0.0
2024-06-18 00:20:29,463 [INFO] ThirdParty:1030 - CMSIS Pack Vendor :STMicroelectronics X-CUBE-AZRTOS-WB 1.1.0
2024-06-18 00:20:29,463 [INFO] ThirdParty:1030 - CMSIS Pack Vendor :SEGGER I-CUBE-embOS 1.3.1
2024-06-18 00:20:29,463 [INFO] ThirdParty:1030 - CMSIS Pack Vendor :STMicroelectronics X-CUBE-ALGOBUILD 1.4.0
2024-06-18 00:20:29,463 [INFO] ThirdParty:1030 - CMSIS Pack Vendor :STMicroelectronics X-CUBE-AZRTOS-L5 1.0.0
2024-06-18 00:20:29,463 [INFO] ThirdParty:1030 - CMSIS Pack Vendor :STMicroelectronics X-CUBE-EEPRMA1 3.1.1
2024-06-18 00:20:29,463 [INFO] ThirdParty:1030 - CMSIS Pack Vendor :STMicroelectronics X-CUBE-AZRTOS-H7RS 1.0.0
2024-06-18 00:20:29,463 [INFO] ThirdParty:1030 - CMSIS Pack Vendor :STMicroelectronics FP-ATR-ASTRA1 2.0.0
2024-06-18 00:20:29,463 [INFO] ThirdParty:1030 - CMSIS Pack Vendor :STMicroelectronics X-CUBE-TOF1 3.4.0
2024-06-18 00:20:29,463 [INFO] ThirdParty:1030 - CMSIS Pack Vendor :STMicroelectronics X-CUBE-TOF1 3.4.1
2024-06-18 00:20:29,463 [INFO] ThirdParty:1030 - CMSIS Pack Vendor :STMicroelectronics X-CUBE-AZRTOS-H7 3.2.0
2024-06-18 00:20:29,463 [INFO] ThirdParty:841 - exiting critical section [change project]
2024-06-18 00:20:29,799 [INFO] PinOutPanel:1561 - setPackage(No Configuration,No Configuration)
2024-06-18 00:20:29,801 [INFO] PinOutPanel:1561 - setPackage(STM32G474RETx,LQFP64)
2024-06-18 00:20:30,120 [INFO] UtilMem:75 - Before build in PCC Used Memory: 638562112 Bytes (759169024)
2024-06-18 00:20:30,804 [INFO] UtilMem:75 - After build in PCC Used Memory: 402636800 Bytes (759169024)
2024-06-18 00:20:30,825 [INFO] IPUIPlugin:80 - create IPUIPlugin
2024-06-18 00:20:30,825 [INFO] IPUIPlugin:80 - create IPUIPlugin
2024-06-18 00:20:30,825 [INFO] IPUIPlugin:80 - create IPUIPlugin
2024-06-18 00:20:30,825 [INFO] IPUIPlugin:80 - create IPUIPlugin
2024-06-18 00:20:30,825 [INFO] IPUIPlugin:80 - create IPUIPlugin
2024-06-18 00:20:30,825 [INFO] IPUIPlugin:80 - create IPUIPlugin
2024-06-18 00:20:30,825 [INFO] IPUIPlugin:80 - create IPUIPlugin
2024-06-18 00:20:30,825 [INFO] IPUIPlugin:80 - create IPUIPlugin
2024-06-18 00:20:30,825 [INFO] IPUIPlugin:80 - create IPUIPlugin
2024-06-18 00:20:30,825 [INFO] IPUIPlugin:80 - create IPUIPlugin
2024-06-18 00:20:30,825 [INFO] IPUIPlugin:80 - create IPUIPlugin
2024-06-18 00:20:30,825 [INFO] IPUIPlugin:80 - create IPUIPlugin
2024-06-18 00:20:30,826 [INFO] IPUIPlugin:80 - create IPUIPlugin
2024-06-18 00:20:30,826 [INFO] IPUIPlugin:80 - create IPUIPlugin
2024-06-18 00:20:30,826 [INFO] IPUIPlugin:80 - create IPUIPlugin
2024-06-18 00:20:30,826 [INFO] IPUIPlugin:80 - create IPUIPlugin
2024-06-18 00:20:30,826 [INFO] IPUIPlugin:80 - create IPUIPlugin
2024-06-18 00:20:30,826 [INFO] IPUIPlugin:80 - create IPUIPlugin
2024-06-18 00:20:30,826 [INFO] IPUIPlugin:80 - create IPUIPlugin
2024-06-18 00:20:30,826 [INFO] IPUIPlugin:80 - create IPUIPlugin
2024-06-18 00:20:30,826 [INFO] IPUIPlugin:80 - create IPUIPlugin
2024-06-18 00:20:30,826 [INFO] IPUIPlugin:80 - create IPUIPlugin
2024-06-18 00:20:30,826 [INFO] IPUIPlugin:80 - create IPUIPlugin
2024-06-18 00:20:30,826 [INFO] IPUIPlugin:80 - create IPUIPlugin
2024-06-18 00:20:30,826 [INFO] IPUIPlugin:80 - create IPUIPlugin
2024-06-18 00:20:30,826 [INFO] IPUIPlugin:80 - create IPUIPlugin
2024-06-18 00:20:30,827 [INFO] IPUIPlugin:80 - create IPUIPlugin
2024-06-18 00:20:30,827 [INFO] IPUIPlugin:80 - create IPUIPlugin
2024-06-18 00:20:30,827 [INFO] IPUIPlugin:80 - create IPUIPlugin
2024-06-18 00:20:30,827 [INFO] IPUIPlugin:80 - create IPUIPlugin
2024-06-18 00:20:30,827 [INFO] IPUIPlugin:80 - create IPUIPlugin
2024-06-18 00:20:30,827 [INFO] IPUIPlugin:80 - create IPUIPlugin
2024-06-18 00:20:30,827 [INFO] IPUIPlugin:80 - create IPUIPlugin
2024-06-18 00:20:30,827 [INFO] IPUIPlugin:80 - create IPUIPlugin
2024-06-18 00:20:30,827 [INFO] IPUIPlugin:80 - create IPUIPlugin
2024-06-18 00:20:30,827 [INFO] IPUIPlugin:80 - create IPUIPlugin
2024-06-18 00:20:30,828 [INFO] IPUIPlugin:80 - create IPUIPlugin
2024-06-18 00:20:30,828 [INFO] IPUIPlugin:80 - create IPUIPlugin
2024-06-18 00:20:30,828 [INFO] IPUIPlugin:80 - create IPUIPlugin
2024-06-18 00:20:30,828 [INFO] IPUIPlugin:80 - create IPUIPlugin
2024-06-18 00:20:30,828 [INFO] IPUIPlugin:80 - create IPUIPlugin
2024-06-18 00:20:30,828 [INFO] IPUIPlugin:80 - create IPUIPlugin
2024-06-18 00:20:30,829 [INFO] IPUIPlugin:80 - create IPUIPlugin
2024-06-18 00:20:30,829 [INFO] IPUIPlugin:80 - create IPUIPlugin
2024-06-18 00:20:30,829 [INFO] IPUIPlugin:80 - create IPUIPlugin
2024-06-18 00:20:30,829 [INFO] IPUIPlugin:80 - create IPUIPlugin
2024-06-18 00:20:30,829 [INFO] IPUIPlugin:80 - create IPUIPlugin
2024-06-18 00:20:30,829 [INFO] IPUIPlugin:80 - create IPUIPlugin
2024-06-18 00:20:30,830 [INFO] IPUIPlugin:80 - create IPUIPlugin
2024-06-18 00:20:30,830 [INFO] IPUIPlugin:80 - create IPUIPlugin
2024-06-18 00:20:30,831 [INFO] IPUIPlugin:80 - create IPUIPlugin
2024-06-18 00:20:30,831 [INFO] IPUIPlugin:80 - create IPUIPlugin
2024-06-18 00:20:30,831 [INFO] IPUIPlugin:80 - create IPUIPlugin
2024-06-18 00:20:30,831 [INFO] IPUIPlugin:80 - create IPUIPlugin
2024-06-18 00:20:30,831 [INFO] IPUIPlugin:80 - create IPUIPlugin
2024-06-18 00:20:30,831 [INFO] IPUIPlugin:80 - create IPUIPlugin
2024-06-18 00:20:30,831 [INFO] IPUIPlugin:80 - create IPUIPlugin
2024-06-18 00:20:30,832 [INFO] IPUIPlugin:80 - create IPUIPlugin
2024-06-18 00:20:30,832 [INFO] IPUIPlugin:80 - create IPUIPlugin
2024-06-18 00:20:30,832 [INFO] IPUIPlugin:80 - create IPUIPlugin
2024-06-18 00:20:30,832 [INFO] IPUIPlugin:80 - create IPUIPlugin
2024-06-18 00:20:30,832 [INFO] IPUIPlugin:80 - create IPUIPlugin
2024-06-18 00:20:30,833 [INFO] IPUIPlugin:80 - create IPUIPlugin
2024-06-18 00:20:30,833 [INFO] IPUIPlugin:80 - create IPUIPlugin
2024-06-18 00:20:30,833 [INFO] IPUIPlugin:80 - create IPUIPlugin
2024-06-18 00:20:30,833 [INFO] IPUIPlugin:80 - create IPUIPlugin
2024-06-18 00:20:30,833 [INFO] IPUIPlugin:80 - create IPUIPlugin
2024-06-18 00:20:30,833 [INFO] IPUIPlugin:80 - create IPUIPlugin
2024-06-18 00:20:30,834 [INFO] IPUIPlugin:80 - create IPUIPlugin
2024-06-18 00:20:30,834 [INFO] IPUIPlugin:80 - create IPUIPlugin
2024-06-18 00:20:30,834 [INFO] IPUIPlugin:80 - create IPUIPlugin
2024-06-18 00:20:30,834 [INFO] IPUIPlugin:80 - create IPUIPlugin
2024-06-18 00:20:30,834 [INFO] IPUIPlugin:80 - create IPUIPlugin
2024-06-18 00:20:30,835 [INFO] IPUIPlugin:80 - create IPUIPlugin
2024-06-18 00:20:30,835 [INFO] IPUIPlugin:80 - create IPUIPlugin
2024-06-18 00:20:30,835 [INFO] IPUIPlugin:80 - create IPUIPlugin
2024-06-18 00:20:30,835 [INFO] IPUIPlugin:80 - create IPUIPlugin
2024-06-18 00:20:30,943 [INFO] CADModel:165 - CPN selected for project levelSTM32G474RET6
2024-06-18 00:20:30,943 [INFO] CADModel:114 - Register for checkConnection events
2024-06-18 00:20:30,985 [INFO] OpenFileManager:343 - Restore cursor
2024-06-18 00:20:31,675 [INFO] UtilMem:75 - End SaveConfig() Used Memory: 542099456 Bytes (759169024)
2024-06-18 00:20:31,727 [INFO] UtilMem:75 - End SaveConfig() Used Memory: 567986392 Bytes (759169024)
2024-06-18 00:20:31,968 [INFO] BlockDiagram:2759 - set Specific Code input for plugin: RCC
2024-06-18 00:20:31,968 [INFO] BlockDiagram:2759 - set Specific Code input for plugin: NVIC
2024-06-18 00:20:31,969 [INFO] CodeGenerator:807 - code generatio: config db path: C:\ST\STM32CubeIDE_1.10.1\STM32CubeIDE\plugins\com.st.stm32cube.common.mx_6.11.1.202404110753\\db\
2024-06-18 00:20:32,128 [INFO] CodeEngine:255 - oldGeneratedFile, D:\Download\DeleteThis\STMG4Master\MXTmpFiles\license.tmp_save
2024-06-18 00:20:32,369 [INFO] CodeEngine:279 - Generated code: D:\Download\DeleteThis\STMG4Master\MXTmpFiles\license.tmp
2024-06-18 00:20:32,389 [INFO] CodeEngine:255 - oldGeneratedFile, D:\Download\DeleteThis\STMG4Master\Core\Src\stm32g4xx_it.c_save
2024-06-18 00:20:32,536 [INFO] CodeEngine:279 - Generated code: D:\Download\DeleteThis\STMG4Master\Core\Src\stm32g4xx_it.c
2024-06-18 00:20:32,551 [INFO] CodeEngine:255 - oldGeneratedFile, D:\Download\DeleteThis\STMG4Master\Core\Inc\stm32g4xx_it.h_save
2024-06-18 00:20:32,645 [INFO] CodeEngine:279 - Generated code: D:\Download\DeleteThis\STMG4Master\Core\Inc\stm32g4xx_it.h
2024-06-18 00:20:32,758 [INFO] CodeEngine:255 - oldGeneratedFile, D:\Download\DeleteThis\STMG4Master\Core\Src\stm32g4xx_hal_msp.c_save
2024-06-18 00:20:32,858 [INFO] CodeEngine:279 - Generated code: D:\Download\DeleteThis\STMG4Master\Core\Src\stm32g4xx_hal_msp.c
2024-06-18 00:20:32,865 [INFO] CodeEngine:255 - oldGeneratedFile, D:\Download\DeleteThis\STMG4Master\MXTmpFiles\system.tmp_save
2024-06-18 00:20:32,909 [INFO] CodeEngine:279 - Generated code: D:\Download\DeleteThis\STMG4Master\MXTmpFiles\system.tmp
2024-06-18 00:20:32,919 [INFO] CodeEngine:311 - oldGeneratedFile, D:\Download\DeleteThis\STMG4Master\Core\Inc\stm32g4xx_hal_conf.h_save
2024-06-18 00:20:32,988 [INFO] CodeEngine:335 - Generated code: D:\Download\DeleteThis\STMG4Master\Core\Inc\stm32g4xx_hal_conf.h
2024-06-18 00:20:33,016 [WARN] IPConfigManager:2982 - Warning: the RefConfig RCC_CommonPeriphClockConfig is not available in your config.xml file
2024-06-18 00:20:33,027 [INFO] CodeEngine:255 - oldGeneratedFile, D:\Download\DeleteThis\STMG4Master\Core\Inc\main.h_save
2024-06-18 00:20:33,114 [INFO] CodeEngine:279 - Generated code: D:\Download\DeleteThis\STMG4Master\Core\Inc\main.h
2024-06-18 00:20:33,123 [INFO] CodeEngine:255 - oldGeneratedFile, D:\Download\DeleteThis\STMG4Master\Core\Src\main.c_save
2024-06-18 00:20:33,223 [INFO] CodeEngine:279 - Generated code: D:\Download\DeleteThis\STMG4Master\Core\Src\main.c
2024-06-18 00:20:33,487 [INFO] ProjectBuilder:3163 - Time for Copy HAL[1] : 112mS.
2024-06-18 00:20:33,489 [INFO] ProjectBuilder:4736 - Project Generator version: 4.3.0-B58
2024-06-18 00:20:33,540 [INFO] ConfigFileManager:1503 - The Die is : DIE469
2024-06-18 00:20:33,554 [INFO] ApiDbMcu:508 - Load IP Config File for FATFS
2024-06-18 00:20:33,564 [INFO] ApiDbMcu:508 - Load IP Config File for FREERTOS
2024-06-18 00:20:33,578 [INFO] ApiDbMcu:508 - Load IP Config File for USBPD
2024-06-18 00:20:33,593 [INFO] ApiDbMcu:508 - Load IP Config File for USB_Device
2024-06-18 00:20:34,028 [INFO] LogOutputStream:77 - [STDOUT_REDIRECT] 
2024-06-18 00:20:36,204 [INFO] ProjectBuilder:5002 - Time for Generating toolchain IDE Files: 2715mS.
2024-06-18 00:20:36,204 [INFO] ProjectBuilder:3034 - Time for Copy CMSIS : 0mS.
2024-06-18 00:20:36,205 [INFO] ProjectBuilder:3034 - Time for Copy CMSIS : 0mS.
2024-06-18 00:20:36,737 [INFO] McuFinderGlobals:76 - Set McuFinderConnectedMode to true
2024-06-18 00:20:36,741 [INFO] ApiDb:448 - Save user favorites file C:\Users\saksh/.stm32cubeide/favorites.mcus.txt: 1 item(s)
2024-06-18 00:20:36,742 [INFO] ApiDb:452 - User favorites MCUs=[STM32F103C8T6]
2024-06-18 00:21:16,318 [WARN] IP:2120 - PWR_Regulator_Voltage_Scale not found: check if there is a RefParameter without a condition.
2024-06-18 00:21:16,399 [WARN] IP:2120 - PWR_Regulator_Voltage_Scale not found: check if there is a RefParameter without a condition.
2024-06-18 00:21:16,403 [WARN] IP:2120 - PWR_Regulator_Voltage_Scale not found: check if there is a RefParameter without a condition.
2024-06-18 00:21:45,162 [WARN] IP:2120 - PWR_Regulator_Voltage_Scale not found: check if there is a RefParameter without a condition.
2024-06-18 00:21:45,235 [WARN] IP:2120 - PWR_Regulator_Voltage_Scale not found: check if there is a RefParameter without a condition.
2024-06-18 00:21:45,238 [WARN] IP:2120 - PWR_Regulator_Voltage_Scale not found: check if there is a RefParameter without a condition.
2024-06-18 00:23:21,189 [FATAL] LogicalParser:267 - Exception caught expression :S_LPBAM_CONF
java.lang.NullPointerException: Cannot invoke "com.bestcode.mathparser.Node.getValue()" because "this.m_Node" is null
	at com.bestcode.mathparser.MathParserImpl.evaluate(MathParserImpl.java:325) ~[STM32CubeMX.jar:?]
	at com.bestcode.mathparser.MathParserImpl.getValue(MathParserImpl.java:255) ~[STM32CubeMX.jar:?]
	at com.st.microxplorer.util.LogicalParser.checkCondition(LogicalParser.java:265) ~[STM32CubeMX.jar:?]
	at com.st.microxplorer.mcu.Signal.isVisible(Signal.java:63) ~[STM32CubeMX.jar:?]
	at com.st.microxplorer.mcu.Pin.getSignals(Pin.java:837) ~[STM32CubeMX.jar:?]
	at com.st.microxplorer.mcu.Pin.isReservedPin(Pin.java:882) ~[STM32CubeMX.jar:?]
	at com.st.microxplorer.mcu.Mcu.getFreeGPIO(Mcu.java:5794) ~[STM32CubeMX.jar:?]
	at com.st.microxplorer.plugins.pinoutconfig.PinoutConfigView.updateMenuAndToolbar(PinoutConfigView.java:580) ~[?:?]
	at com.st.microxplorer.plugins.pinoutconfig.PinoutConfigView.propertyChange(PinoutConfigView.java:326) ~[?:?]
	at java.beans.PropertyChangeSupport.fire(PropertyChangeSupport.java:343) ~[?:?]
	at java.beans.PropertyChangeSupport.firePropertyChange(PropertyChangeSupport.java:335) ~[?:?]
	at java.beans.PropertyChangeSupport.firePropertyChange(PropertyChangeSupport.java:268) ~[?:?]
	at com.st.microxplorer.util.MXPropertyChangeSupport.firePropertyChange(MXPropertyChangeSupport.java:54) ~[STM32CubeMX.jar:?]
	at com.st.microxplorer.mxsystem.MxSystem.MxFirePropertyChange(MxSystem.java:220) ~[STM32CubeMX.jar:?]
	at com.st.microxplorer.plugins.clock.gui.ArithmeticOperatorUI$2.doInBackground(ArithmeticOperatorUI.java:407) ~[?:?]
	at com.st.microxplorer.plugins.clock.gui.ArithmeticOperatorUI$2.doInBackground(ArithmeticOperatorUI.java:405) ~[?:?]
	at javax.swing.SwingWorker$1.call(SwingWorker.java:304) ~[?:?]
	at java.util.concurrent.FutureTask.run(FutureTask.java:264) ~[?:?]
	at javax.swing.SwingWorker.run(SwingWorker.java:343) ~[?:?]
	at java.util.concurrent.ThreadPoolExecutor.runWorker(ThreadPoolExecutor.java:1136) ~[?:?]
	at java.util.concurrent.ThreadPoolExecutor$Worker.run(ThreadPoolExecutor.java:635) ~[?:?]
	at java.lang.Thread.run(Thread.java:833) ~[?:?]
2024-06-18 00:23:22,231 [FATAL] LogicalParser:267 - Exception caught expression :S_LPBAM_CONF
java.lang.NullPointerException: Cannot invoke "com.bestcode.mathparser.Node.getValue()" because "this.m_Node" is null
	at com.bestcode.mathparser.MathParserImpl.evaluate(MathParserImpl.java:325) ~[STM32CubeMX.jar:?]
	at com.bestcode.mathparser.MathParserImpl.getValue(MathParserImpl.java:255) ~[STM32CubeMX.jar:?]
	at com.st.microxplorer.util.LogicalParser.checkCondition(LogicalParser.java:265) ~[STM32CubeMX.jar:?]
	at com.st.microxplorer.mcu.Signal.isVisible(Signal.java:63) ~[STM32CubeMX.jar:?]
	at com.st.microxplorer.mcu.Pin.getSignals(Pin.java:837) ~[STM32CubeMX.jar:?]
	at com.st.microxplorer.mcu.Mcu.getFreeGPIO(Mcu.java:5796) ~[STM32CubeMX.jar:?]
	at com.st.microxplorer.plugins.pinoutconfig.PinoutConfigView.updateMenuAndToolbar(PinoutConfigView.java:580) ~[?:?]
	at com.st.microxplorer.plugins.pinoutconfig.PinoutConfigView.propertyChange(PinoutConfigView.java:326) ~[?:?]
	at java.beans.PropertyChangeSupport.fire(PropertyChangeSupport.java:343) ~[?:?]
	at java.beans.PropertyChangeSupport.firePropertyChange(PropertyChangeSupport.java:335) ~[?:?]
	at java.beans.PropertyChangeSupport.firePropertyChange(PropertyChangeSupport.java:268) ~[?:?]
	at com.st.microxplorer.util.MXPropertyChangeSupport.firePropertyChange(MXPropertyChangeSupport.java:54) ~[STM32CubeMX.jar:?]
	at com.st.microxplorer.mxsystem.MxSystem.MxFirePropertyChange(MxSystem.java:220) ~[STM32CubeMX.jar:?]
	at com.st.microxplorer.plugins.clock.gui.ArithmeticOperatorUI$2.doInBackground(ArithmeticOperatorUI.java:407) ~[?:?]
	at com.st.microxplorer.plugins.clock.gui.ArithmeticOperatorUI$2.doInBackground(ArithmeticOperatorUI.java:405) ~[?:?]
	at javax.swing.SwingWorker$1.call(SwingWorker.java:304) ~[?:?]
	at java.util.concurrent.FutureTask.run(FutureTask.java:264) ~[?:?]
	at javax.swing.SwingWorker.run(SwingWorker.java:343) ~[?:?]
	at java.util.concurrent.ThreadPoolExecutor.runWorker(ThreadPoolExecutor.java:1136) ~[?:?]
	at java.util.concurrent.ThreadPoolExecutor$Worker.run(ThreadPoolExecutor.java:635) ~[?:?]
	at java.lang.Thread.run(Thread.java:833) ~[?:?]
2024-06-18 00:23:22,413 [FATAL] LogicalParser:267 - Exception caught expression :TIM20_NOT_VISIBLE
java.lang.NullPointerException: Cannot invoke "com.bestcode.mathparser.Node.getValue()" because "this.m_Node" is null
	at com.bestcode.mathparser.MathParserImpl.evaluate(MathParserImpl.java:325) ~[STM32CubeMX.jar:?]
	at com.bestcode.mathparser.MathParserImpl.getValue(MathParserImpl.java:255) ~[STM32CubeMX.jar:?]
	at com.st.microxplorer.util.LogicalParser.checkCondition(LogicalParser.java:265) ~[STM32CubeMX.jar:?]
	at com.st.microxplorer.mcu.IP.isVisible(IP.java:2901) ~[STM32CubeMX.jar:?]
	at com.st.microxplorer.mcu.Signal.isVisible(Signal.java:73) ~[STM32CubeMX.jar:?]
	at com.st.microxplorer.mcu.Pin.getSignals(Pin.java:837) ~[STM32CubeMX.jar:?]
	at com.st.microxplorer.mcu.Mcu.getFreeGPIO(Mcu.java:5796) ~[STM32CubeMX.jar:?]
	at com.st.microxplorer.plugins.pinoutconfig.PinoutConfigView.updateMenuAndToolbar(PinoutConfigView.java:580) ~[?:?]
	at com.st.microxplorer.plugins.pinoutconfig.PinoutConfigView.propertyChange(PinoutConfigView.java:326) ~[?:?]
	at java.beans.PropertyChangeSupport.fire(PropertyChangeSupport.java:343) ~[?:?]
	at java.beans.PropertyChangeSupport.firePropertyChange(PropertyChangeSupport.java:335) ~[?:?]
	at java.beans.PropertyChangeSupport.firePropertyChange(PropertyChangeSupport.java:268) ~[?:?]
	at com.st.microxplorer.util.MXPropertyChangeSupport.firePropertyChange(MXPropertyChangeSupport.java:54) ~[STM32CubeMX.jar:?]
	at com.st.microxplorer.mxsystem.MxSystem.MxFirePropertyChange(MxSystem.java:220) ~[STM32CubeMX.jar:?]
	at com.st.microxplorer.plugins.clock.gui.ArithmeticOperatorUI$2.doInBackground(ArithmeticOperatorUI.java:407) ~[?:?]
	at com.st.microxplorer.plugins.clock.gui.ArithmeticOperatorUI$2.doInBackground(ArithmeticOperatorUI.java:405) ~[?:?]
	at javax.swing.SwingWorker$1.call(SwingWorker.java:304) ~[?:?]
	at java.util.concurrent.FutureTask.run(FutureTask.java:264) ~[?:?]
	at javax.swing.SwingWorker.run(SwingWorker.java:343) ~[?:?]
	at java.util.concurrent.ThreadPoolExecutor.runWorker(ThreadPoolExecutor.java:1136) ~[?:?]
	at java.util.concurrent.ThreadPoolExecutor$Worker.run(ThreadPoolExecutor.java:635) ~[?:?]
	at java.lang.Thread.run(Thread.java:833) ~[?:?]
2024-06-18 00:23:23,364 [WARN] IP:2120 - PWR_Regulator_Voltage_Scale not found: check if there is a RefParameter without a condition.
2024-06-18 00:23:23,407 [WARN] IP:2120 - PWR_Regulator_Voltage_Scale not found: check if there is a RefParameter without a condition.
2024-06-18 00:23:23,454 [WARN] IP:2120 - PWR_Regulator_Voltage_Scale not found: check if there is a RefParameter without a condition.
2024-06-18 00:23:23,501 [WARN] IP:2120 - PWR_Regulator_Voltage_Scale not found: check if there is a RefParameter without a condition.
2024-06-18 00:23:23,549 [WARN] IP:2120 - PWR_Regulator_Voltage_Scale not found: check if there is a RefParameter without a condition.
2024-06-18 00:23:23,598 [WARN] IP:2120 - PWR_Regulator_Voltage_Scale not found: check if there is a RefParameter without a condition.
2024-06-18 00:23:23,666 [WARN] IP:2120 - PWR_Regulator_Voltage_Scale not found: check if there is a RefParameter without a condition.
2024-06-18 00:23:23,721 [WARN] IP:2120 - PWR_Regulator_Voltage_Scale not found: check if there is a RefParameter without a condition.
2024-06-18 00:23:23,767 [WARN] IP:2120 - PWR_Regulator_Voltage_Scale not found: check if there is a RefParameter without a condition.
2024-06-18 00:23:23,815 [WARN] IP:2120 - PWR_Regulator_Voltage_Scale not found: check if there is a RefParameter without a condition.
2024-06-18 00:23:23,818 [WARN] IP:2120 - PWR_Regulator_Voltage_Scale not found: check if there is a RefParameter without a condition.
2024-06-18 00:23:23,837 [WARN] IP:2120 - PWR_Regulator_Voltage_Scale not found: check if there is a RefParameter without a condition.
2024-06-18 00:23:23,841 [WARN] IP:2120 - PWR_Regulator_Voltage_Scale not found: check if there is a RefParameter without a condition.
2024-06-18 00:23:23,861 [WARN] IP:2120 - PWR_Regulator_Voltage_Scale not found: check if there is a RefParameter without a condition.
2024-06-18 00:23:23,863 [WARN] IP:2120 - PWR_Regulator_Voltage_Scale not found: check if there is a RefParameter without a condition.
2024-06-18 00:23:23,882 [WARN] IP:2120 - PWR_Regulator_Voltage_Scale not found: check if there is a RefParameter without a condition.
2024-06-18 00:23:23,885 [WARN] IP:2120 - PWR_Regulator_Voltage_Scale not found: check if there is a RefParameter without a condition.
2024-06-18 00:23:23,904 [WARN] IP:2120 - PWR_Regulator_Voltage_Scale not found: check if there is a RefParameter without a condition.
2024-06-18 00:23:23,907 [WARN] IP:2120 - PWR_Regulator_Voltage_Scale not found: check if there is a RefParameter without a condition.
2024-06-18 00:23:23,925 [WARN] IP:2120 - PWR_Regulator_Voltage_Scale not found: check if there is a RefParameter without a condition.
2024-06-18 00:23:23,928 [WARN] IP:2120 - PWR_Regulator_Voltage_Scale not found: check if there is a RefParameter without a condition.
2024-06-18 00:23:23,947 [WARN] IP:2120 - PWR_Regulator_Voltage_Scale not found: check if there is a RefParameter without a condition.
2024-06-18 00:23:23,955 [WARN] IP:2120 - PWR_Regulator_Voltage_Scale not found: check if there is a RefParameter without a condition.
2024-06-18 00:23:23,973 [WARN] IP:2120 - PWR_Regulator_Voltage_Scale not found: check if there is a RefParameter without a condition.
2024-06-18 00:23:23,976 [WARN] IP:2120 - PWR_Regulator_Voltage_Scale not found: check if there is a RefParameter without a condition.
2024-06-18 00:23:23,995 [WARN] IP:2120 - PWR_Regulator_Voltage_Scale not found: check if there is a RefParameter without a condition.
2024-06-18 00:23:23,999 [WARN] IP:2120 - PWR_Regulator_Voltage_Scale not found: check if there is a RefParameter without a condition.
2024-06-18 00:23:24,018 [WARN] IP:2120 - PWR_Regulator_Voltage_Scale not found: check if there is a RefParameter without a condition.
2024-06-18 00:23:24,020 [WARN] IP:2120 - PWR_Regulator_Voltage_Scale not found: check if there is a RefParameter without a condition.
2024-06-18 00:23:24,047 [WARN] IP:2120 - PWR_Regulator_Voltage_Scale not found: check if there is a RefParameter without a condition.
2024-06-18 00:23:24,129 [WARN] IP:2120 - PWR_Regulator_Voltage_Scale not found: check if there is a RefParameter without a condition.
2024-06-18 00:23:24,132 [WARN] IP:2120 - PWR_Regulator_Voltage_Scale not found: check if there is a RefParameter without a condition.
2024-06-18 00:23:24,150 [WARN] IP:2120 - PWR_Regulator_Voltage_Scale not found: check if there is a RefParameter without a condition.
2024-06-18 00:23:24,153 [WARN] IP:2120 - PWR_Regulator_Voltage_Scale not found: check if there is a RefParameter without a condition.
2024-06-18 00:23:26,656 [WARN] IP:2120 - PWR_Regulator_Voltage_Scale not found: check if there is a RefParameter without a condition.
2024-06-18 00:23:26,733 [WARN] IP:2120 - PWR_Regulator_Voltage_Scale not found: check if there is a RefParameter without a condition.
2024-06-18 00:23:26,738 [WARN] IP:2120 - PWR_Regulator_Voltage_Scale not found: check if there is a RefParameter without a condition.
2024-06-18 00:39:09,557 [INFO] UtilMem:75 - End SaveConfig() Used Memory: 777049784 Bytes (1073741824)
2024-06-18 00:39:11,433 [INFO] UtilMem:75 - End SaveConfig() Used Memory: 507942992 Bytes (1073741824)
2024-06-18 00:39:12,860 [INFO] UtilMem:75 - End SaveConfig() Used Memory: 314967504 Bytes (1073741824)
2024-06-18 00:39:13,001 [INFO] BlockDiagram:2759 - set Specific Code input for plugin: RCC
2024-06-18 00:39:13,001 [INFO] BlockDiagram:2759 - set Specific Code input for plugin: NVIC
2024-06-18 00:39:13,002 [INFO] CodeGenerator:807 - code generatio: config db path: C:\ST\STM32CubeIDE_1.10.1\STM32CubeIDE\plugins\com.st.stm32cube.common.mx_6.11.1.202404110753\\db\
2024-06-18 00:39:13,049 [INFO] CodeEngine:255 - oldGeneratedFile, D:\Download\DeleteThis\STMG4Master\MXTmpFiles\license.tmp_save
2024-06-18 00:39:13,147 [INFO] CodeEngine:279 - Generated code: D:\Download\DeleteThis\STMG4Master\MXTmpFiles\license.tmp
2024-06-18 00:39:13,170 [INFO] CodeEngine:255 - oldGeneratedFile, D:\Download\DeleteThis\STMG4Master\Core\Src\stm32g4xx_it.c_save
2024-06-18 00:39:13,312 [INFO] CodeEngine:279 - Generated code: D:\Download\DeleteThis\STMG4Master\Core\Src\stm32g4xx_it.c
2024-06-18 00:39:13,324 [INFO] CodeEngine:255 - oldGeneratedFile, D:\Download\DeleteThis\STMG4Master\Core\Inc\stm32g4xx_it.h_save
2024-06-18 00:39:13,371 [INFO] CodeEngine:279 - Generated code: D:\Download\DeleteThis\STMG4Master\Core\Inc\stm32g4xx_it.h
2024-06-18 00:39:13,391 [INFO] CodeEngine:255 - oldGeneratedFile, D:\Download\DeleteThis\STMG4Master\Core\Src\stm32g4xx_hal_msp.c_save
2024-06-18 00:39:13,450 [INFO] CodeEngine:279 - Generated code: D:\Download\DeleteThis\STMG4Master\Core\Src\stm32g4xx_hal_msp.c
2024-06-18 00:39:13,451 [INFO] CodeEngine:255 - oldGeneratedFile, D:\Download\DeleteThis\STMG4Master\MXTmpFiles\system.tmp_save
2024-06-18 00:39:13,487 [INFO] CodeEngine:279 - Generated code: D:\Download\DeleteThis\STMG4Master\MXTmpFiles\system.tmp
2024-06-18 00:39:13,497 [INFO] CodeEngine:311 - oldGeneratedFile, D:\Download\DeleteThis\STMG4Master\Core\Inc\stm32g4xx_hal_conf.h_save
2024-06-18 00:39:13,565 [INFO] CodeEngine:335 - Generated code: D:\Download\DeleteThis\STMG4Master\Core\Inc\stm32g4xx_hal_conf.h
2024-06-18 00:39:13,578 [WARN] IPConfigManager:2982 - Warning: the RefConfig RCC_CommonPeriphClockConfig is not available in your config.xml file
2024-06-18 00:39:13,589 [INFO] CodeEngine:255 - oldGeneratedFile, D:\Download\DeleteThis\STMG4Master\Core\Inc\main.h_save
2024-06-18 00:39:13,647 [INFO] CodeEngine:279 - Generated code: D:\Download\DeleteThis\STMG4Master\Core\Inc\main.h
2024-06-18 00:39:13,658 [INFO] CodeEngine:255 - oldGeneratedFile, D:\Download\DeleteThis\STMG4Master\Core\Src\main.c_save
2024-06-18 00:39:13,738 [INFO] CodeEngine:279 - Generated code: D:\Download\DeleteThis\STMG4Master\Core\Src\main.c
2024-06-18 00:39:13,866 [INFO] ProjectBuilder:3163 - Time for Copy HAL[1] : 59mS.
2024-06-18 00:39:13,867 [INFO] ProjectBuilder:4736 - Project Generator version: 4.3.0-B58
2024-06-18 00:39:13,903 [INFO] ConfigFileManager:1503 - The Die is : DIE469
2024-06-18 00:39:14,597 [INFO] ProjectBuilder:5002 - Time for Generating toolchain IDE Files: 730mS.
2024-06-18 00:39:14,597 [INFO] ProjectBuilder:3034 - Time for Copy CMSIS : 0mS.
2024-06-18 00:39:14,598 [INFO] ProjectBuilder:3034 - Time for Copy CMSIS : 0mS.
2024-06-18 18:06:54,279 [INFO] ADCParametersView:116 -                Rank 1 : false
2024-06-18 18:06:54,349 [INFO] ADCParametersView:116 -                Rank 1 : false
2024-06-18 18:06:54,350 [INFO] ADCParametersView:116 -                Rank 1 : false
2024-06-18 18:06:54,350 [INFO] ADCParametersView:116 -                Rank 1 : false
2024-06-18 18:06:54,350 [INFO] ADCParametersView:116 -                Rank 1 : false
2024-06-18 18:06:54,350 [INFO] ADCParametersView:116 -                Rank 1 : false
2024-06-18 18:06:54,350 [INFO] ADCParametersView:116 -                Rank 1 : false
2024-06-18 18:06:54,350 [INFO] ADCParametersView:116 -                Rank 1 : false
2024-06-18 18:06:54,350 [INFO] ADCParametersView:116 -                Rank 1 : false
2024-06-18 18:06:54,350 [INFO] ADCParametersView:116 -                Rank 1 : false
2024-06-18 18:06:54,350 [INFO] ADCParametersView:116 -                Rank 1 : false
2024-06-18 18:06:54,350 [INFO] ADCParametersView:116 -                Rank 1 : false
2024-06-18 18:06:54,350 [INFO] ADCParametersView:116 -                Rank 1 : false
2024-06-18 18:06:54,350 [INFO] ADCParametersView:116 -                Rank 1 : false
2024-06-18 18:06:54,350 [INFO] ADCParametersView:116 -                Rank 1 : false
2024-06-18 18:06:54,350 [INFO] ADCParametersView:116 -                Rank 1 : false
2024-06-18 18:06:54,350 [INFO] ADCParametersView:116 -                Rank 1 : false
2024-06-18 18:06:54,350 [INFO] ADCParametersView:116 -                Rank 1 : false
2024-06-18 18:06:54,351 [INFO] ADCParametersView:116 -                Rank 1 : false
2024-06-18 18:06:54,351 [INFO] ADCParametersView:116 -                Rank 1 : false
2024-06-18 18:06:54,351 [INFO] ADCParametersView:116 -                Rank 1 : false
2024-06-18 18:06:54,351 [INFO] ADCParametersView:116 -                Rank 1 : false
2024-06-18 18:06:54,358 [INFO] ADCParametersView:116 -                Rank 1 : false
2024-06-18 18:06:54,387 [INFO] NvicIntPanel:101 - NVIC parent = com.st.microxplorer.plugins.ip.nvic.MultiNvicIntPanel[,0,0,0x0,invalid,layout=javax.swing.BoxLayout,alignmentX=0.0,alignmentY=0.0,border=,flags=9,maximumSize=,minimumSize=,preferredSize=]
2024-06-18 18:06:54,459 [INFO] ADCParametersView:116 -                Rank 1 : false
2024-06-18 18:06:54,459 [INFO] ADCParametersView:116 -                Rank 1 : false
2024-06-18 18:06:54,459 [INFO] ADCParametersView:116 -                Rank 1 : false
2024-06-18 18:06:54,459 [INFO] ADCParametersView:116 -                Rank 1 : false
2024-06-18 18:06:54,459 [INFO] ADCParametersView:116 -                Rank 1 : false
2024-06-18 18:06:54,459 [INFO] ADCParametersView:116 -                Rank 1 : false
2024-06-18 18:06:54,459 [INFO] ADCParametersView:116 -                Rank 1 : false
2024-06-18 18:06:54,459 [INFO] ADCParametersView:116 -                Rank 1 : false
2024-06-18 18:06:54,459 [INFO] ADCParametersView:116 -                Rank 1 : false
2024-06-18 18:06:54,459 [INFO] ADCParametersView:116 -                Rank 1 : false
2024-06-18 18:06:54,459 [INFO] ADCParametersView:116 -                Rank 1 : false
2024-06-18 18:06:54,460 [INFO] ADCParametersView:116 -                Rank 1 : false
2024-06-18 18:06:54,460 [INFO] ADCParametersView:116 -                Rank 1 : false
2024-06-18 18:06:54,460 [INFO] ADCParametersView:116 -                Rank 1 : false
2024-06-18 18:06:54,460 [INFO] ADCParametersView:116 -                Rank 1 : false
2024-06-18 18:06:54,460 [INFO] ADCParametersView:116 -                Rank 1 : false
2024-06-18 18:06:54,460 [INFO] ADCParametersView:116 -                Rank 1 : false
2024-06-18 18:06:54,460 [INFO] ADCParametersView:116 -                Rank 1 : false
2024-06-18 18:06:54,460 [INFO] ADCParametersView:116 -                Rank 1 : false
2024-06-18 18:06:54,460 [INFO] ADCParametersView:116 -                Rank 1 : false
2024-06-18 18:06:54,460 [INFO] ADCParametersView:116 -                Rank 1 : false
2024-06-18 18:06:54,471 [INFO] ADCParametersView:116 -                Rank 1 : false
2024-06-18 18:06:54,487 [INFO] ADCParametersView:116 -                Rank 1 : false
2024-06-18 18:06:54,487 [INFO] ADCParametersView:116 -                Rank 1 : false
2024-06-18 18:06:54,487 [INFO] ADCParametersView:116 -                Rank 1 : false
2024-06-18 18:06:54,487 [INFO] ADCParametersView:116 -                Rank 1 : false
2024-06-18 18:06:54,487 [INFO] ADCParametersView:116 -                Rank 1 : false
2024-06-18 18:06:54,487 [INFO] ADCParametersView:116 -                Rank 1 : false
2024-06-18 18:06:54,487 [INFO] ADCParametersView:116 -                Rank 1 : false
2024-06-18 18:06:54,487 [INFO] ADCParametersView:116 -                Rank 1 : false
2024-06-18 18:06:54,487 [INFO] ADCParametersView:116 -                Rank 1 : false
2024-06-18 18:06:54,487 [INFO] ADCParametersView:116 -                Rank 1 : false
2024-06-18 18:06:54,487 [INFO] ADCParametersView:116 -                Rank 1 : false
2024-06-18 18:06:54,487 [INFO] ADCParametersView:116 -                Rank 1 : false
2024-06-18 18:06:54,487 [INFO] ADCParametersView:116 -                Rank 1 : false
2024-06-18 18:06:54,487 [INFO] ADCParametersView:116 -                Rank 1 : false
2024-06-18 18:06:54,487 [INFO] ADCParametersView:116 -                Rank 1 : false
2024-06-18 18:06:54,487 [INFO] ADCParametersView:116 -                Rank 1 : false
2024-06-18 18:06:54,487 [INFO] ADCParametersView:116 -                Rank 1 : false
2024-06-18 18:06:54,487 [INFO] ADCParametersView:116 -                Rank 1 : false
2024-06-18 18:06:54,487 [INFO] ADCParametersView:116 -                Rank 1 : false
2024-06-18 18:06:54,487 [INFO] ADCParametersView:116 -                Rank 1 : false
2024-06-18 18:06:54,487 [INFO] ADCParametersView:116 -                Rank 1 : false
2024-06-18 18:06:54,496 [INFO] ADCParametersView:116 -                Rank 1 : false
2024-06-18 18:06:54,546 [INFO] ADCParametersView:116 -                Rank 1 : false
2024-06-18 18:06:54,546 [INFO] ADCParametersView:116 -                Rank 1 : false
2024-06-18 18:06:54,547 [INFO] ADCParametersView:116 -                Rank 1 : false
2024-06-18 18:06:54,547 [INFO] ADCParametersView:116 -                Rank 1 : false
2024-06-18 18:06:54,547 [INFO] ADCParametersView:116 -                Rank 1 : false
2024-06-18 18:06:54,547 [INFO] ADCParametersView:116 -                Rank 1 : false
2024-06-18 18:06:54,547 [INFO] ADCParametersView:116 -                Rank 1 : false
2024-06-18 18:06:54,547 [INFO] ADCParametersView:116 -                Rank 1 : false
2024-06-18 18:06:54,547 [INFO] ADCParametersView:116 -                Rank 1 : false
2024-06-18 18:06:54,547 [INFO] ADCParametersView:116 -                Rank 1 : false
2024-06-18 18:06:54,547 [INFO] ADCParametersView:116 -                Rank 1 : false
2024-06-18 18:06:54,547 [INFO] ADCParametersView:116 -                Rank 1 : false
2024-06-18 18:06:54,547 [INFO] ADCParametersView:116 -                Rank 1 : false
2024-06-18 18:06:54,547 [INFO] ADCParametersView:116 -                Rank 1 : false
2024-06-18 18:06:54,547 [INFO] ADCParametersView:116 -                Rank 1 : false
2024-06-18 18:06:54,547 [INFO] ADCParametersView:116 -                Rank 1 : false
2024-06-18 18:06:54,547 [INFO] ADCParametersView:116 -                Rank 1 : false
2024-06-18 18:06:54,547 [INFO] ADCParametersView:116 -                Rank 1 : false
2024-06-18 18:06:54,547 [INFO] ADCParametersView:116 -                Rank 1 : false
2024-06-18 18:06:54,547 [INFO] ADCParametersView:116 -                Rank 1 : false
2024-06-18 18:06:54,547 [INFO] ADCParametersView:116 -                Rank 1 : false
2024-06-18 18:06:54,556 [INFO] ADCParametersView:116 -                Rank 1 : false
2024-06-18 18:06:54,570 [INFO] ADCParametersView:116 -                Rank 1 : false
2024-06-18 18:06:54,570 [INFO] ADCParametersView:116 -                Rank 1 : false
2024-06-18 18:06:54,570 [INFO] ADCParametersView:116 -                Rank 1 : false
2024-06-18 18:06:54,570 [INFO] ADCParametersView:116 -                Rank 1 : false
2024-06-18 18:06:54,570 [INFO] ADCParametersView:116 -                Rank 1 : false
2024-06-18 18:06:54,571 [INFO] ADCParametersView:116 -                Rank 1 : false
2024-06-18 18:06:54,571 [INFO] ADCParametersView:116 -                Rank 1 : false
2024-06-18 18:06:54,571 [INFO] ADCParametersView:116 -                Rank 1 : false
2024-06-18 18:06:54,571 [INFO] ADCParametersView:116 -                Rank 1 : false
2024-06-18 18:06:54,571 [INFO] ADCParametersView:116 -                Rank 1 : false
2024-06-18 18:06:54,571 [INFO] ADCParametersView:116 -                Rank 1 : false
2024-06-18 18:06:54,571 [INFO] ADCParametersView:116 -                Rank 1 : false
2024-06-18 18:06:54,571 [INFO] ADCParametersView:116 -                Rank 1 : false
2024-06-18 18:06:54,571 [INFO] ADCParametersView:116 -                Rank 1 : false
2024-06-18 18:06:54,571 [INFO] ADCParametersView:116 -                Rank 1 : false
2024-06-18 18:06:54,571 [INFO] ADCParametersView:116 -                Rank 1 : false
2024-06-18 18:06:54,571 [INFO] ADCParametersView:116 -                Rank 1 : false
2024-06-18 18:06:54,571 [INFO] ADCParametersView:116 -                Rank 1 : false
2024-06-18 18:06:54,571 [INFO] ADCParametersView:116 -                Rank 1 : false
2024-06-18 18:06:54,571 [INFO] ADCParametersView:116 -                Rank 1 : false
2024-06-18 18:06:54,571 [INFO] ADCParametersView:116 -                Rank 1 : false
2024-06-18 18:06:54,585 [INFO] ADCParametersView:116 -                Rank 1 : false
2024-06-18 18:06:54,704 [INFO] ADCParametersView:116 -                Rank 1 : false
2024-06-18 18:06:54,704 [INFO] ADCParametersView:116 -                Rank 1 : false
2024-06-18 18:06:54,704 [INFO] ADCParametersView:116 -                Rank 1 : false
2024-06-18 18:06:54,704 [INFO] ADCParametersView:116 -                Rank 1 : false
2024-06-18 18:06:54,704 [INFO] ADCParametersView:116 -                Rank 1 : false
2024-06-18 18:06:54,704 [INFO] ADCParametersView:116 -                Rank 1 : false
2024-06-18 18:06:54,704 [INFO] ADCParametersView:116 -                Rank 1 : false
2024-06-18 18:06:54,704 [INFO] ADCParametersView:116 -                Rank 1 : false
2024-06-18 18:06:54,704 [INFO] ADCParametersView:116 -                Rank 1 : false
2024-06-18 18:06:54,704 [INFO] ADCParametersView:116 -                Rank 1 : false
2024-06-18 18:06:54,704 [INFO] ADCParametersView:116 -                Rank 1 : false
2024-06-18 18:06:54,704 [INFO] ADCParametersView:116 -                Rank 1 : false
2024-06-18 18:06:54,705 [INFO] ADCParametersView:116 -                Rank 1 : false
2024-06-18 18:06:54,705 [INFO] ADCParametersView:116 -                Rank 1 : false
2024-06-18 18:06:54,705 [INFO] ADCParametersView:116 -                Rank 1 : false
2024-06-18 18:06:54,705 [INFO] ADCParametersView:116 -                Rank 1 : false
2024-06-18 18:06:54,705 [INFO] ADCParametersView:116 -                Rank 1 : false
2024-06-18 18:06:54,705 [INFO] ADCParametersView:116 -                Rank 1 : false
2024-06-18 18:06:54,705 [INFO] ADCParametersView:116 -                Rank 1 : false
2024-06-18 18:06:54,705 [INFO] ADCParametersView:116 -                Rank 1 : false
2024-06-18 18:06:54,705 [INFO] ADCParametersView:116 -                Rank 1 : false
2024-06-18 18:06:54,714 [INFO] ADCParametersView:116 -                Rank 1 : false
2024-06-18 18:06:54,727 [INFO] ADCParametersView:116 -                Rank 1 : false
2024-06-18 18:06:54,727 [INFO] ADCParametersView:116 -                Rank 1 : false
2024-06-18 18:06:54,727 [INFO] ADCParametersView:116 -                Rank 1 : false
2024-06-18 18:06:54,727 [INFO] ADCParametersView:116 -                Rank 1 : false
2024-06-18 18:06:54,727 [INFO] ADCParametersView:116 -                Rank 1 : false
2024-06-18 18:06:54,727 [INFO] ADCParametersView:116 -                Rank 1 : false
2024-06-18 18:06:54,727 [INFO] ADCParametersView:116 -                Rank 1 : false
2024-06-18 18:06:54,727 [INFO] ADCParametersView:116 -                Rank 1 : false
2024-06-18 18:06:54,727 [INFO] ADCParametersView:116 -                Rank 1 : false
2024-06-18 18:06:54,727 [INFO] ADCParametersView:116 -                Rank 1 : false
2024-06-18 18:06:54,727 [INFO] ADCParametersView:116 -                Rank 1 : false
2024-06-18 18:06:54,727 [INFO] ADCParametersView:116 -                Rank 1 : false
2024-06-18 18:06:54,727 [INFO] ADCParametersView:116 -                Rank 1 : false
2024-06-18 18:06:54,727 [INFO] ADCParametersView:116 -                Rank 1 : false
2024-06-18 18:06:54,727 [INFO] ADCParametersView:116 -                Rank 1 : false
2024-06-18 18:06:54,727 [INFO] ADCParametersView:116 -                Rank 1 : false
2024-06-18 18:06:54,727 [INFO] ADCParametersView:116 -                Rank 1 : false
2024-06-18 18:06:54,727 [INFO] ADCParametersView:116 -                Rank 1 : false
2024-06-18 18:06:54,727 [INFO] ADCParametersView:116 -                Rank 1 : false
2024-06-18 18:06:54,727 [INFO] ADCParametersView:116 -                Rank 1 : false
2024-06-18 18:06:54,727 [INFO] ADCParametersView:116 -                Rank 1 : false
2024-06-18 18:06:54,736 [INFO] ADCParametersView:116 -                Rank 1 : false
2024-06-18 18:07:26,570 [INFO] ADCParametersView:116 -                Rank 1 : false
2024-06-18 18:07:26,572 [INFO] ADCParametersView:116 -                Rank 1 : false
2024-06-18 18:07:26,573 [INFO] ADCParametersView:116 -                Rank 1 : false
2024-06-18 18:07:26,573 [INFO] ADCParametersView:116 -                Rank 1 : false
2024-06-18 18:07:26,573 [INFO] ADCParametersView:116 -                Rank 1 : false
2024-06-18 18:07:26,573 [INFO] ADCParametersView:116 -                Rank 1 : false
2024-06-18 18:07:26,573 [INFO] ADCParametersView:116 -                Rank 1 : false
2024-06-18 18:07:26,573 [INFO] ADCParametersView:116 -                Rank 1 : false
2024-06-18 18:07:26,573 [INFO] ADCParametersView:116 -                Rank 1 : false
2024-06-18 18:07:26,573 [INFO] ADCParametersView:116 -                Rank 1 : false
2024-06-18 18:07:26,573 [INFO] ADCParametersView:116 -                Rank 1 : false
2024-06-18 18:07:26,573 [INFO] ADCParametersView:116 -                Rank 1 : false
2024-06-18 18:07:26,573 [INFO] ADCParametersView:116 -                Rank 1 : false
2024-06-18 18:07:26,573 [INFO] ADCParametersView:116 -                Rank 1 : false
2024-06-18 18:07:26,573 [INFO] ADCParametersView:116 -                Rank 1 : false
2024-06-18 18:07:26,573 [INFO] ADCParametersView:116 -                Rank 1 : false
2024-06-18 18:07:26,573 [INFO] ADCParametersView:116 -                Rank 1 : false
2024-06-18 18:07:26,573 [INFO] ADCParametersView:116 -                Rank 1 : false
2024-06-18 18:07:26,573 [INFO] ADCParametersView:116 -                Rank 1 : false
2024-06-18 18:07:26,573 [INFO] ADCParametersView:116 -                Rank 1 : false
2024-06-18 18:07:26,573 [INFO] ADCParametersView:116 -                Rank 1 : false
2024-06-18 18:07:26,580 [INFO] ADCParametersView:116 -                Rank 1 : false
2024-06-18 18:07:26,596 [INFO] ADCParametersView:116 -                Rank 1 : false
2024-06-18 18:07:26,596 [INFO] ADCParametersView:116 -                Rank 1 : false
2024-06-18 18:07:26,596 [INFO] ADCParametersView:116 -                Rank 1 : false
2024-06-18 18:07:26,596 [INFO] ADCParametersView:116 -                Rank 1 : false
2024-06-18 18:07:26,596 [INFO] ADCParametersView:116 -                Rank 1 : false
2024-06-18 18:07:26,597 [INFO] ADCParametersView:116 -                Rank 1 : false
2024-06-18 18:07:26,597 [INFO] ADCParametersView:116 -                Rank 1 : false
2024-06-18 18:07:26,597 [INFO] ADCParametersView:116 -                Rank 1 : false
2024-06-18 18:07:26,597 [INFO] ADCParametersView:116 -                Rank 1 : false
2024-06-18 18:07:26,597 [INFO] ADCParametersView:116 -                Rank 1 : false
2024-06-18 18:07:26,597 [INFO] ADCParametersView:116 -                Rank 1 : false
2024-06-18 18:07:26,597 [INFO] ADCParametersView:116 -                Rank 1 : false
2024-06-18 18:07:26,597 [INFO] ADCParametersView:116 -                Rank 1 : false
2024-06-18 18:07:26,597 [INFO] ADCParametersView:116 -                Rank 1 : false
2024-06-18 18:07:26,597 [INFO] ADCParametersView:116 -                Rank 1 : false
2024-06-18 18:07:26,597 [INFO] ADCParametersView:116 -                Rank 1 : false
2024-06-18 18:07:26,597 [INFO] ADCParametersView:116 -                Rank 1 : false
2024-06-18 18:07:26,597 [INFO] ADCParametersView:116 -                Rank 1 : false
2024-06-18 18:07:26,597 [INFO] ADCParametersView:116 -                Rank 1 : false
2024-06-18 18:07:26,597 [INFO] ADCParametersView:116 -                Rank 1 : false
2024-06-18 18:07:26,597 [INFO] ADCParametersView:116 -                Rank 1 : false
2024-06-18 18:07:26,604 [INFO] ADCParametersView:116 -                Rank 1 : false
2024-06-18 18:07:26,634 [INFO] ADCParametersView:116 -                Rank 1 : false
2024-06-18 18:07:26,635 [INFO] ADCParametersView:116 -                Rank 1 : false
2024-06-18 18:07:26,635 [INFO] ADCParametersView:116 -                Rank 1 : false
2024-06-18 18:07:26,635 [INFO] ADCParametersView:116 -                Rank 1 : false
2024-06-18 18:07:26,635 [INFO] ADCParametersView:116 -                Rank 1 : false
2024-06-18 18:07:26,635 [INFO] ADCParametersView:116 -                Rank 1 : false
2024-06-18 18:07:26,635 [INFO] ADCParametersView:116 -                Rank 1 : false
2024-06-18 18:07:26,635 [INFO] ADCParametersView:116 -                Rank 1 : false
2024-06-18 18:07:26,635 [INFO] ADCParametersView:116 -                Rank 1 : false
2024-06-18 18:07:26,635 [INFO] ADCParametersView:116 -                Rank 1 : false
2024-06-18 18:07:26,635 [INFO] ADCParametersView:116 -                Rank 1 : false
2024-06-18 18:07:26,635 [INFO] ADCParametersView:116 -                Rank 1 : false
2024-06-18 18:07:26,635 [INFO] ADCParametersView:116 -                Rank 1 : false
2024-06-18 18:07:26,635 [INFO] ADCParametersView:116 -                Rank 1 : false
2024-06-18 18:07:26,635 [INFO] ADCParametersView:116 -                Rank 1 : false
2024-06-18 18:07:26,635 [INFO] ADCParametersView:116 -                Rank 1 : false
2024-06-18 18:07:26,635 [INFO] ADCParametersView:116 -                Rank 1 : false
2024-06-18 18:07:26,635 [INFO] ADCParametersView:116 -                Rank 1 : false
2024-06-18 18:07:26,635 [INFO] ADCParametersView:116 -                Rank 1 : false
2024-06-18 18:07:26,635 [INFO] ADCParametersView:116 -                Rank 1 : false
2024-06-18 18:07:26,635 [INFO] ADCParametersView:116 -                Rank 1 : false
2024-06-18 18:07:26,643 [INFO] ADCParametersView:116 -                Rank 1 : false
2024-06-18 18:07:56,274 [INFO] NvicIntPanel:101 - NVIC parent = com.st.microxplorer.plugins.ip.nvic.MultiNvicIntPanel[,0,0,453x354,layout=javax.swing.BoxLayout,alignmentX=0.0,alignmentY=0.0,border=,flags=9,maximumSize=,minimumSize=,preferredSize=]
2024-06-18 18:07:57,192 [INFO] ADCParametersView:116 -                Rank 1 : false
2024-06-18 18:07:57,193 [INFO] ADCParametersView:116 -                Rank 1 : false
2024-06-18 18:07:57,193 [INFO] ADCParametersView:116 -                Rank 1 : false
2024-06-18 18:07:57,193 [INFO] ADCParametersView:116 -                Rank 1 : false
2024-06-18 18:07:57,193 [INFO] ADCParametersView:116 -                Rank 1 : false
2024-06-18 18:07:57,193 [INFO] ADCParametersView:116 -                Rank 1 : false
2024-06-18 18:07:57,193 [INFO] ADCParametersView:116 -                Rank 1 : false
2024-06-18 18:07:57,193 [INFO] ADCParametersView:116 -                Rank 1 : false
2024-06-18 18:07:57,193 [INFO] ADCParametersView:116 -                Rank 1 : false
2024-06-18 18:07:57,193 [INFO] ADCParametersView:116 -                Rank 1 : false
2024-06-18 18:07:57,193 [INFO] ADCParametersView:116 -                Rank 1 : false
2024-06-18 18:07:57,193 [INFO] ADCParametersView:116 -                Rank 1 : false
2024-06-18 18:07:57,193 [INFO] ADCParametersView:116 -                Rank 1 : false
2024-06-18 18:07:57,193 [INFO] ADCParametersView:116 -                Rank 1 : false
2024-06-18 18:07:57,193 [INFO] ADCParametersView:116 -                Rank 1 : false
2024-06-18 18:07:57,193 [INFO] ADCParametersView:116 -                Rank 1 : false
2024-06-18 18:07:57,193 [INFO] ADCParametersView:116 -                Rank 1 : false
2024-06-18 18:07:57,193 [INFO] ADCParametersView:116 -                Rank 1 : false
2024-06-18 18:07:57,193 [INFO] ADCParametersView:116 -                Rank 1 : false
2024-06-18 18:07:57,193 [INFO] ADCParametersView:116 -                Rank 1 : false
2024-06-18 18:07:57,193 [INFO] ADCParametersView:116 -                Rank 1 : false
2024-06-18 18:07:57,200 [INFO] ADCParametersView:116 -                Rank 1 : false
2024-06-18 18:08:05,952 [INFO] NvicIntPanel:101 - NVIC parent = com.st.microxplorer.plugins.ip.nvic.MultiNvicIntPanel[,0,0,0x0,invalid,layout=javax.swing.BoxLayout,alignmentX=0.0,alignmentY=0.0,border=,flags=9,maximumSize=,minimumSize=,preferredSize=]
2024-06-18 18:08:05,973 [INFO] ADCParametersView:116 -                Rank 1 : false
2024-06-18 18:08:05,975 [INFO] ADCParametersView:116 -                Rank 1 : false
2024-06-18 18:08:05,976 [INFO] ADCParametersView:116 -                Rank 1 : false
2024-06-18 18:08:05,976 [INFO] ADCParametersView:116 -                Rank 1 : false
2024-06-18 18:08:05,976 [INFO] ADCParametersView:116 -                Rank 1 : false
2024-06-18 18:08:05,976 [INFO] ADCParametersView:116 -                Rank 1 : false
2024-06-18 18:08:05,976 [INFO] ADCParametersView:116 -                Rank 1 : false
2024-06-18 18:08:05,976 [INFO] ADCParametersView:116 -                Rank 1 : false
2024-06-18 18:08:05,976 [INFO] ADCParametersView:116 -                Rank 1 : false
2024-06-18 18:08:05,976 [INFO] ADCParametersView:116 -                Rank 1 : false
2024-06-18 18:08:05,976 [INFO] ADCParametersView:116 -                Rank 1 : false
2024-06-18 18:08:05,976 [INFO] ADCParametersView:116 -                Rank 1 : false
2024-06-18 18:08:05,976 [INFO] ADCParametersView:116 -                Rank 1 : false
2024-06-18 18:08:05,976 [INFO] ADCParametersView:116 -                Rank 1 : false
2024-06-18 18:08:05,976 [INFO] ADCParametersView:116 -                Rank 1 : false
2024-06-18 18:08:05,976 [INFO] ADCParametersView:116 -                Rank 1 : false
2024-06-18 18:08:05,976 [INFO] ADCParametersView:116 -                Rank 1 : false
2024-06-18 18:08:05,976 [INFO] ADCParametersView:116 -                Rank 1 : false
2024-06-18 18:08:05,976 [INFO] ADCParametersView:116 -                Rank 1 : false
2024-06-18 18:08:05,976 [INFO] ADCParametersView:116 -                Rank 1 : false
2024-06-18 18:08:05,976 [INFO] ADCParametersView:116 -                Rank 1 : false
2024-06-18 18:08:05,982 [INFO] ADCParametersView:116 -                Rank 1 : false
2024-06-18 18:08:11,356 [INFO] NvicIntPanel:101 - NVIC parent = com.st.microxplorer.plugins.ip.nvic.MultiNvicIntPanel[,0,0,0x0,invalid,layout=javax.swing.BoxLayout,alignmentX=0.0,alignmentY=0.0,border=,flags=9,maximumSize=,minimumSize=,preferredSize=]
2024-06-18 18:08:11,386 [INFO] ADCParametersView:116 -                Rank 1 : false
2024-06-18 18:08:11,388 [INFO] ADCParametersView:116 -                Rank 1 : false
2024-06-18 18:08:11,388 [INFO] ADCParametersView:116 -                Rank 1 : false
2024-06-18 18:08:11,388 [INFO] ADCParametersView:116 -                Rank 1 : false
2024-06-18 18:08:11,388 [INFO] ADCParametersView:116 -                Rank 1 : false
2024-06-18 18:08:11,388 [INFO] ADCParametersView:116 -                Rank 1 : false
2024-06-18 18:08:11,388 [INFO] ADCParametersView:116 -                Rank 1 : false
2024-06-18 18:08:11,388 [INFO] ADCParametersView:116 -                Rank 1 : false
2024-06-18 18:08:11,388 [INFO] ADCParametersView:116 -                Rank 1 : false
2024-06-18 18:08:11,388 [INFO] ADCParametersView:116 -                Rank 1 : false
2024-06-18 18:08:11,388 [INFO] ADCParametersView:116 -                Rank 1 : false
2024-06-18 18:08:11,388 [INFO] ADCParametersView:116 -                Rank 1 : false
2024-06-18 18:08:11,388 [INFO] ADCParametersView:116 -                Rank 1 : false
2024-06-18 18:08:11,388 [INFO] ADCParametersView:116 -                Rank 1 : false
2024-06-18 18:08:11,388 [INFO] ADCParametersView:116 -                Rank 1 : false
2024-06-18 18:08:11,388 [INFO] ADCParametersView:116 -                Rank 1 : false
2024-06-18 18:08:11,388 [INFO] ADCParametersView:116 -                Rank 1 : false
2024-06-18 18:08:11,388 [INFO] ADCParametersView:116 -                Rank 1 : false
2024-06-18 18:08:11,388 [INFO] ADCParametersView:116 -                Rank 1 : false
2024-06-18 18:08:11,388 [INFO] ADCParametersView:116 -                Rank 1 : false
2024-06-18 18:08:11,388 [INFO] ADCParametersView:116 -                Rank 1 : false
2024-06-18 18:08:11,388 [INFO] ADCParametersView:116 -                Rank 1 : false
2024-06-18 18:08:11,388 [INFO] ADCParametersView:116 -                Rank 1 : false
2024-06-18 18:08:11,388 [INFO] ADCParametersView:116 -                Rank 1 : false
2024-06-18 18:08:11,388 [INFO] ADCParametersView:116 -                Rank 1 : false
2024-06-18 18:08:11,395 [INFO] ADCParametersView:116 -                Rank 1 : false
2024-06-18 18:08:24,539 [INFO] NvicIntPanel:101 - NVIC parent = com.st.microxplorer.plugins.ip.nvic.MultiNvicIntPanel[,0,0,0x0,invalid,layout=javax.swing.BoxLayout,alignmentX=0.0,alignmentY=0.0,border=,flags=9,maximumSize=,minimumSize=,preferredSize=]
2024-06-18 18:08:24,565 [INFO] ADCParametersView:116 -                Rank 1 : false
2024-06-18 18:08:24,568 [INFO] ADCParametersView:116 -                Rank 1 : false
2024-06-18 18:08:24,568 [INFO] ADCParametersView:116 -                Rank 1 : false
2024-06-18 18:08:24,568 [INFO] ADCParametersView:116 -                Rank 1 : false
2024-06-18 18:08:24,568 [INFO] ADCParametersView:116 -                Rank 1 : false
2024-06-18 18:08:24,568 [INFO] ADCParametersView:116 -                Rank 1 : false
2024-06-18 18:08:24,568 [INFO] ADCParametersView:116 -                Rank 1 : false
2024-06-18 18:08:24,568 [INFO] ADCParametersView:116 -                Rank 1 : false
2024-06-18 18:08:24,568 [INFO] ADCParametersView:116 -                Rank 1 : false
2024-06-18 18:08:24,568 [INFO] ADCParametersView:116 -                Rank 1 : false
2024-06-18 18:08:24,568 [INFO] ADCParametersView:116 -                Rank 1 : false
2024-06-18 18:08:24,568 [INFO] ADCParametersView:116 -                Rank 1 : false
2024-06-18 18:08:24,569 [INFO] ADCParametersView:116 -                Rank 1 : false
2024-06-18 18:08:24,569 [INFO] ADCParametersView:116 -                Rank 1 : false
2024-06-18 18:08:24,569 [INFO] ADCParametersView:116 -                Rank 1 : false
2024-06-18 18:08:24,569 [INFO] ADCParametersView:116 -                Rank 1 : false
2024-06-18 18:08:24,569 [INFO] ADCParametersView:116 -                Rank 1 : false
2024-06-18 18:08:24,569 [INFO] ADCParametersView:116 -                Rank 1 : false
2024-06-18 18:08:24,569 [INFO] ADCParametersView:116 -                Rank 1 : false
2024-06-18 18:08:24,569 [INFO] ADCParametersView:116 -                Rank 1 : false
2024-06-18 18:08:24,569 [INFO] ADCParametersView:116 -                Rank 1 : false
2024-06-18 18:08:24,569 [INFO] ADCParametersView:116 -                Rank 1 : false
2024-06-18 18:08:24,569 [INFO] ADCParametersView:116 -                Rank 1 : false
2024-06-18 18:08:24,569 [INFO] ADCParametersView:116 -                Rank 1 : false
2024-06-18 18:08:24,569 [INFO] ADCParametersView:116 -                Rank 1 : false
2024-06-18 18:08:24,580 [INFO] ADCParametersView:116 -                Rank 1 : false
2024-06-18 18:09:24,600 [INFO] UtilMem:75 - End SaveConfig() Used Memory: 636891216 Bytes (1073741824)
2024-06-18 18:09:26,311 [INFO] UtilMem:75 - End SaveConfig() Used Memory: 667299920 Bytes (1073741824)
2024-06-18 18:09:27,634 [INFO] UtilMem:75 - End SaveConfig() Used Memory: 721827920 Bytes (1073741824)
2024-06-18 18:09:27,773 [INFO] BlockDiagram:2759 - set Specific Code input for plugin: SYS
2024-06-18 18:09:27,773 [INFO] BlockDiagram:2759 - set Specific Code input for plugin: ADC
2024-06-18 18:09:27,773 [INFO] BlockDiagram:2759 - set Specific Code input for plugin: RCC
2024-06-18 18:09:27,774 [INFO] BlockDiagram:2759 - set Specific Code input for plugin: NVIC
2024-06-18 18:09:27,774 [INFO] BlockDiagram:2759 - set Specific Code input for plugin: GPIO
2024-06-18 18:09:27,774 [INFO] CodeGenerator:807 - code generatio: config db path: C:\ST\STM32CubeIDE_1.10.1\STM32CubeIDE\plugins\com.st.stm32cube.common.mx_6.11.1.202404110753\\db\
2024-06-18 18:09:27,856 [INFO] CodeEngine:255 - oldGeneratedFile, D:\Download\DeleteThis\STMG4Master\MXTmpFiles\license.tmp_save
2024-06-18 18:09:27,918 [INFO] CodeEngine:279 - Generated code: D:\Download\DeleteThis\STMG4Master\MXTmpFiles\license.tmp
2024-06-18 18:09:27,959 [INFO] CodeEngine:255 - oldGeneratedFile, D:\Download\DeleteThis\STMG4Master\MXTmpFiles\gpio.tmp_save
2024-06-18 18:09:28,013 [INFO] CodeEngine:279 - Generated code: D:\Download\DeleteThis\STMG4Master\MXTmpFiles\gpio.tmp
2024-06-18 18:09:28,085 [INFO] CodeEngine:255 - oldGeneratedFile, D:\Download\DeleteThis\STMG4Master\Core\Src\stm32g4xx_it.c_save
2024-06-18 18:09:28,184 [INFO] CodeEngine:279 - Generated code: D:\Download\DeleteThis\STMG4Master\Core\Src\stm32g4xx_it.c
2024-06-18 18:09:28,195 [INFO] CodeEngine:255 - oldGeneratedFile, D:\Download\DeleteThis\STMG4Master\Core\Inc\stm32g4xx_it.h_save
2024-06-18 18:09:28,242 [INFO] CodeEngine:279 - Generated code: D:\Download\DeleteThis\STMG4Master\Core\Inc\stm32g4xx_it.h
2024-06-18 18:09:28,268 [INFO] CodeEngine:255 - oldGeneratedFile, D:\Download\DeleteThis\STMG4Master\Core\Src\stm32g4xx_hal_msp.c_save
2024-06-18 18:09:28,352 [INFO] CodeEngine:279 - Generated code: D:\Download\DeleteThis\STMG4Master\Core\Src\stm32g4xx_hal_msp.c
2024-06-18 18:09:28,359 [INFO] CodeEngine:255 - oldGeneratedFile, D:\Download\DeleteThis\STMG4Master\MXTmpFiles\system.tmp_save
2024-06-18 18:09:28,413 [INFO] CodeEngine:279 - Generated code: D:\Download\DeleteThis\STMG4Master\MXTmpFiles\system.tmp
2024-06-18 18:09:28,443 [INFO] CodeEngine:311 - oldGeneratedFile, D:\Download\DeleteThis\STMG4Master\Core\Inc\stm32g4xx_hal_conf.h_save
2024-06-18 18:09:28,508 [INFO] CodeEngine:335 - Generated code: D:\Download\DeleteThis\STMG4Master\Core\Inc\stm32g4xx_hal_conf.h
2024-06-18 18:09:28,531 [WARN] IPConfigManager:2982 - Warning: the RefConfig RCC_CommonPeriphClockConfig is not available in your config.xml file
2024-06-18 18:09:28,546 [INFO] CodeEngine:255 - oldGeneratedFile, D:\Download\DeleteThis\STMG4Master\Core\Inc\main.h_save
2024-06-18 18:09:28,602 [INFO] CodeEngine:279 - Generated code: D:\Download\DeleteThis\STMG4Master\Core\Inc\main.h
2024-06-18 18:09:28,616 [INFO] CodeEngine:255 - oldGeneratedFile, D:\Download\DeleteThis\STMG4Master\Core\Src\main.c_save
2024-06-18 18:09:28,691 [INFO] CodeEngine:279 - Generated code: D:\Download\DeleteThis\STMG4Master\Core\Src\main.c
2024-06-18 18:09:28,869 [INFO] ProjectBuilder:3163 - Time for Copy HAL[1] : 103mS.
2024-06-18 18:09:28,870 [INFO] ProjectBuilder:4736 - Project Generator version: 4.3.0-B58
2024-06-18 18:09:28,911 [INFO] ConfigFileManager:1503 - The Die is : DIE469
2024-06-18 18:09:29,485 [INFO] ProjectBuilder:5002 - Time for Generating toolchain IDE Files: 614mS.
2024-06-18 18:09:29,486 [INFO] ProjectBuilder:3034 - Time for Copy CMSIS : 1mS.
2024-06-18 18:09:29,488 [INFO] ProjectBuilder:3034 - Time for Copy CMSIS : 1mS.
2024-06-18 19:49:16,409 [ERROR] LogOutputStream:75 - [STDERR_REDIRECT] 
