2024-04-04 00:36:21,472 [INFO] Activator:177 - 


2024-04-04 00:36:21,474 [INFO] Activator:178 - !SESSION log4j initialized
2024-04-04 00:36:37,923 [INFO] McuFinderGlobals:44 - Set McuFinder mode to 2 (CubeIDE integrated)
2024-04-04 00:36:38,147 [INFO] ApplicationProperties:181 - Using Application install path: C:\ST\STM32CubeIDE_1.10.1\STM32CubeIDE\plugins\com.st.stm32cube.common.mx_6.6.1.202207061420
2024-04-04 00:36:38,162 [INFO] DbMcusXml:77 - Set database path to: C:\ST\STM32CubeIDE_1.10.1\STM32CubeIDE\plugins\com.st.stm32cube.common.mx_6.6.1.202207061420\\db\/mcu/
2024-04-04 00:36:38,163 [INFO] ApiDb:269 - Set plugin database path to: C:\ST\STM32CubeIDE_1.10.1\STM32CubeIDE\plugins\com.st.stm32cube.common.mx_6.6.1.202207061420\\db\/plugins/boardmanager/
2024-04-04 00:36:38,164 [WARN] ApiDb:254 - Overriding images path with different value:  => C:\ST\STM32CubeIDE_1.10.1\STM32CubeIDE\plugins\com.st.stm32cube.common.mx_6.6.1.202207061420\\db\/plugins/mcufinder/images/
2024-04-04 00:36:38,177 [INFO] ApiDb:249 - Set database path to: C:\Users\saksh\.stmcufinder\plugins\mcufinder//mcu/
2024-04-04 00:36:38,179 [INFO] DbMcusAds:124 - Set database path to: C:\Users\saksh\.stmcufinder\plugins\mcufinder//mcu/
2024-04-04 00:36:38,218 [INFO] CrossReferenceDbSqlite:201 - Set database path to: C:\Users\saksh\.stmcufinder\plugins\mcufinder//mcu/cs/
2024-04-04 00:36:38,300 [INFO] RulesReader:61 - Compatibility file has been processed (282 Rules)
2024-04-04 00:36:38,376 [INFO] DbMcusXml:77 - Set database path to: C:\ST\STM32CubeIDE_1.10.1\STM32CubeIDE\plugins\com.st.stm32cube.common.mx_6.6.1.202207061420\\db\/mcu/
2024-04-04 00:36:38,376 [INFO] ApiDb:269 - Set plugin database path to: C:\ST\STM32CubeIDE_1.10.1\STM32CubeIDE\plugins\com.st.stm32cube.common.mx_6.6.1.202207061420\\db\/plugins/boardmanager/
2024-04-04 00:36:38,376 [INFO] ApiDb:256 - Set plugin images path to: C:\ST\STM32CubeIDE_1.10.1\STM32CubeIDE\plugins\com.st.stm32cube.common.mx_6.6.1.202207061420\\db\/plugins/mcufinder/images/
2024-04-04 00:36:38,376 [WARN] DbFile:40 - Overriding database path with different value: C:\Users\saksh\.stmcufinder\plugins\mcufinder/ => C:\Users\saksh\.stmcufinder\plugins\mcufinder
2024-04-04 00:36:38,377 [INFO] ApiDb:249 - Set database path to: C:\Users\saksh\.stmcufinder\plugins\mcufinder//mcu/
2024-04-04 00:36:38,377 [WARN] DbFile:40 - Overriding database path with different value: C:\Users\saksh\.stmcufinder\plugins\mcufinder/ => C:\Users\saksh\.stmcufinder\plugins\mcufinder
2024-04-04 00:36:38,377 [INFO] DbMcusAds:124 - Set database path to: C:\Users\saksh\.stmcufinder\plugins\mcufinder//mcu/
2024-04-04 00:36:38,377 [WARN] DbFile:40 - Overriding database path with different value: C:\Users\saksh\.stmcufinder\plugins\mcufinder/ => C:\Users\saksh\.stmcufinder\plugins\mcufinder
2024-04-04 00:36:38,377 [WARN] DbFile:40 - Overriding database path with different value: C:\Users\saksh\.stmcufinder\plugins\mcufinder/ => C:\Users\saksh\.stmcufinder\plugins\mcufinder
2024-04-04 00:36:38,378 [INFO] CrossReferenceDbSqlite:201 - Set database path to: C:\Users\saksh\.stmcufinder\plugins\mcufinder//mcu/cs/
2024-04-04 00:36:38,439 [INFO] MainPanel:242 - HeapMemory: 268435456
2024-04-04 00:36:38,528 [INFO] DbMcusXml:77 - Set database path to: C:\ST\STM32CubeIDE_1.10.1\STM32CubeIDE\plugins\com.st.stm32cube.common.mx_6.6.1.202207061420\\db\/mcu/
2024-04-04 00:36:38,528 [INFO] ApiDb:269 - Set plugin database path to: C:\ST\STM32CubeIDE_1.10.1\STM32CubeIDE\plugins\com.st.stm32cube.common.mx_6.6.1.202207061420\\db\/plugins/boardmanager/
2024-04-04 00:36:38,528 [INFO] ApiDb:256 - Set plugin images path to: C:\ST\STM32CubeIDE_1.10.1\STM32CubeIDE\plugins\com.st.stm32cube.common.mx_6.6.1.202207061420\\db\/plugins/mcufinder/images/
2024-04-04 00:36:38,528 [WARN] DbFile:40 - Overriding database path with different value: C:\Users\saksh\.stmcufinder\plugins\mcufinder/ => C:\Users\saksh\.stmcufinder\plugins\mcufinder
2024-04-04 00:36:38,529 [INFO] ApiDb:249 - Set database path to: C:\Users\saksh\.stmcufinder\plugins\mcufinder//mcu/
2024-04-04 00:36:38,529 [WARN] DbFile:40 - Overriding database path with different value: C:\Users\saksh\.stmcufinder\plugins\mcufinder/ => C:\Users\saksh\.stmcufinder\plugins\mcufinder
2024-04-04 00:36:38,529 [INFO] DbMcusAds:124 - Set database path to: C:\Users\saksh\.stmcufinder\plugins\mcufinder//mcu/
2024-04-04 00:36:38,529 [WARN] DbFile:40 - Overriding database path with different value: C:\Users\saksh\.stmcufinder\plugins\mcufinder/ => C:\Users\saksh\.stmcufinder\plugins\mcufinder
2024-04-04 00:36:38,529 [WARN] DbFile:40 - Overriding database path with different value: C:\Users\saksh\.stmcufinder\plugins\mcufinder/ => C:\Users\saksh\.stmcufinder\plugins\mcufinder
2024-04-04 00:36:38,529 [INFO] CrossReferenceDbSqlite:201 - Set database path to: C:\Users\saksh\.stmcufinder\plugins\mcufinder//mcu/cs/
2024-04-04 00:36:38,541 [INFO] ApplicationProperties:181 - Using Application install path: C:\ST\STM32CubeIDE_1.10.1\STM32CubeIDE\plugins\com.st.stm32cube.common.mx_6.6.1.202207061420
2024-04-04 00:36:38,542 [INFO] PluginManage:193 - Search for loadable plugins [exclusion list=, ]
2024-04-04 00:36:38,544 [INFO] PluginManage:307 - Check plugin analytics
2024-04-04 00:36:38,656 [INFO] AnalyticsPlugin:262 - Accepted Software Licenses: 
2024-04-04 00:36:38,656 [INFO] AnalyticsPlugin:264 - Accepted CMSIS Pack Licenses: 
2024-04-04 00:36:38,657 [INFO] AnalyticsPlugin:266 - Accepted Firmware Licenses: FW.H7.1.10.0
2024-04-04 00:36:38,663 [INFO] PluginManage:356 - Loaded plugin analytics (category:tool,tabindex:-1)
2024-04-04 00:36:38,663 [INFO] PluginManage:307 - Check plugin cadmodel
2024-04-04 00:36:38,677 [INFO] CADModel:65 - Init CAD model plugin
2024-04-04 00:36:38,677 [INFO] PluginManage:356 - Loaded plugin cadmodel (category:power,tabindex:5)
2024-04-04 00:36:38,678 [INFO] PluginManage:307 - Check plugin clock
2024-04-04 00:36:38,693 [INFO] PluginManage:356 - Loaded plugin clock (category:base,tabindex:2)
2024-04-04 00:36:38,693 [INFO] PluginManage:307 - Check plugin ddr
2024-04-04 00:36:38,695 [INFO] PluginManage:356 - Loaded plugin ddr (category:tool,tabindex:6)
2024-04-04 00:36:38,695 [INFO] PluginManage:307 - Check plugin filemanager
2024-04-04 00:36:38,827 [INFO] PluginManage:356 - Loaded plugin filemanager (category:base,tabindex:10)
2024-04-04 00:36:38,828 [INFO] PluginManage:307 - Check plugin ipmanager
2024-04-04 00:36:38,833 [INFO] PluginManage:356 - Loaded plugin ipmanager (category:base,tabindex:5)
2024-04-04 00:36:38,833 [INFO] PluginManage:307 - Check plugin lpbam
2024-04-04 00:36:38,847 [INFO] PluginManage:356 - Loaded plugin lpbam (category:base,tabindex:0)
2024-04-04 00:36:38,847 [INFO] PluginManage:307 - Check plugin pinoutandconfiguration
2024-04-04 00:36:38,859 [INFO] PluginManage:356 - Loaded plugin pinoutandconfiguration (category:base,tabindex:1)
2024-04-04 00:36:38,859 [INFO] PluginManage:307 - Check plugin pinoutconfig
2024-04-04 00:36:38,889 [INFO] PluginManage:356 - Loaded plugin pinoutconfig (category:base,tabindex:0)
2024-04-04 00:36:38,889 [INFO] PluginManage:307 - Check plugin power
2024-04-04 00:36:38,905 [INFO] PluginManage:356 - Loaded plugin power (category:power,tabindex:4)
2024-04-04 00:36:38,905 [INFO] PluginManage:307 - Check plugin projectmanager
2024-04-04 00:36:38,917 [INFO] PluginManage:356 - Loaded plugin projectmanager (category:projectmanager,tabindex:3)
2024-04-04 00:36:38,917 [INFO] PluginManage:307 - Check plugin thirdparty
2024-04-04 00:36:39,105 [INFO] PluginManage:356 - Loaded plugin thirdparty (category:base,tabindex:-1)
2024-04-04 00:36:39,105 [INFO] PluginManage:307 - Check plugin tools
2024-04-04 00:36:39,105 [WARN] IntegrityCheckThread:82 - waiting for thirdparty lock release [integrity check]
2024-04-04 00:36:39,106 [INFO] IntegrityCheckThread:84 - entering critical section [integrity check]
2024-04-04 00:36:39,107 [INFO] ThirdPartyUpdaterWithRetryManager:70 - Updater plugin not ready yet. [1/15]
2024-04-04 00:36:39,125 [INFO] PluginManage:356 - Loaded plugin tools (category:base,tabindex:7)
2024-04-04 00:36:39,125 [INFO] PluginManage:307 - Check plugin tutovideos
2024-04-04 00:36:39,287 [INFO] PluginManage:356 - Loaded plugin tutovideos (category:base,tabindex:-1)
2024-04-04 00:36:39,287 [INFO] PluginManage:307 - Check plugin updater
2024-04-04 00:36:39,301 [INFO] PluginManage:356 - Loaded plugin updater (category:base,tabindex:12)
2024-04-04 00:36:39,303 [INFO] PluginManage:280 - PluginManage : Loaded plugins [15]
2024-04-04 00:36:39,491 [INFO] PinOutPanel:1468 - setPackage(No Configuration,No Configuration)
2024-04-04 00:36:39,541 [INFO] CADModel:98 - CPN selected for project level
2024-04-04 00:36:39,564 [INFO] IPUIPlugin:79 - create IPUIPlugin
2024-04-04 00:36:39,564 [INFO] PluginManager:217 - loadIPPluginJar : add adc
2024-04-04 00:36:39,589 [INFO] IPUIPlugin:79 - create IPUIPlugin
2024-04-04 00:36:39,590 [INFO] PluginManager:217 - loadIPPluginJar : add aes
2024-04-04 00:36:39,618 [INFO] IPUIPlugin:79 - create IPUIPlugin
2024-04-04 00:36:39,620 [INFO] PluginManager:217 - loadIPPluginJar : add can
2024-04-04 00:36:39,636 [INFO] IPUIPlugin:79 - create IPUIPlugin
2024-04-04 00:36:39,636 [INFO] PluginManager:217 - loadIPPluginJar : add comp
2024-04-04 00:36:39,659 [INFO] IPUIPlugin:79 - create IPUIPlugin
2024-04-04 00:36:39,659 [INFO] PluginManager:217 - loadIPPluginJar : add cryp
2024-04-04 00:36:39,680 [INFO] IPUIPlugin:79 - create IPUIPlugin
2024-04-04 00:36:39,682 [INFO] PluginManager:217 - loadIPPluginJar : add dfsdm
2024-04-04 00:36:39,693 [INFO] IPUIPlugin:79 - create IPUIPlugin
2024-04-04 00:36:39,693 [INFO] PluginManager:217 - loadIPPluginJar : add dma
2024-04-04 00:36:39,722 [INFO] IPUIPlugin:79 - create IPUIPlugin
2024-04-04 00:36:39,722 [INFO] PluginManager:217 - loadIPPluginJar : add dma3
2024-04-04 00:36:39,736 [INFO] IPUIPlugin:79 - create IPUIPlugin
2024-04-04 00:36:39,736 [INFO] PluginManager:217 - loadIPPluginJar : add fatfs
2024-04-04 00:36:39,765 [INFO] IPUIPlugin:79 - create IPUIPlugin
2024-04-04 00:36:39,765 [INFO] PluginManager:217 - loadIPPluginJar : add fmc
2024-04-04 00:36:39,777 [INFO] IPUIPlugin:79 - create IPUIPlugin
2024-04-04 00:36:39,777 [INFO] PluginManager:217 - loadIPPluginJar : add freertos
2024-04-04 00:36:39,801 [INFO] IPUIPlugin:79 - create IPUIPlugin
2024-04-04 00:36:39,801 [INFO] PluginManager:217 - loadIPPluginJar : add genericplugin
2024-04-04 00:36:39,882 [INFO] IPUIPlugin:79 - create IPUIPlugin
2024-04-04 00:36:39,882 [INFO] PluginManager:217 - loadIPPluginJar : add gfxmmu
2024-04-04 00:36:39,983 [INFO] IPUIPlugin:79 - create IPUIPlugin
2024-04-04 00:36:39,983 [INFO] PluginManager:217 - loadIPPluginJar : add gic
2024-04-04 00:36:39,995 [INFO] IPUIPlugin:79 - create IPUIPlugin
2024-04-04 00:36:39,995 [INFO] PluginManager:217 - loadIPPluginJar : add gpio
2024-04-04 00:36:40,051 [INFO] IPUIPlugin:79 - create IPUIPlugin
2024-04-04 00:36:40,051 [INFO] PluginManager:217 - loadIPPluginJar : add gtzc
2024-04-04 00:36:40,073 [INFO] IPUIPlugin:79 - create IPUIPlugin
2024-04-04 00:36:40,073 [INFO] PluginManager:217 - loadIPPluginJar : add hash
2024-04-04 00:36:40,116 [INFO] IPUIPlugin:79 - create IPUIPlugin
2024-04-04 00:36:40,117 [INFO] PluginManager:217 - loadIPPluginJar : add i2c
2024-04-04 00:36:40,143 [INFO] IPUIPlugin:79 - create IPUIPlugin
2024-04-04 00:36:40,143 [INFO] PluginManager:217 - loadIPPluginJar : add i2s
2024-04-04 00:36:40,227 [INFO] IPUIPlugin:79 - create IPUIPlugin
2024-04-04 00:36:40,227 [INFO] PluginManager:217 - loadIPPluginJar : add ipddr
2024-04-04 00:36:40,288 [INFO] IPUIPlugin:79 - create IPUIPlugin
2024-04-04 00:36:40,288 [INFO] PluginManager:217 - loadIPPluginJar : add linkedlist
2024-04-04 00:36:40,314 [INFO] IPUIPlugin:79 - create IPUIPlugin
2024-04-04 00:36:40,314 [INFO] PluginManager:217 - loadIPPluginJar : add lorawan
2024-04-04 00:36:40,345 [INFO] IPUIPlugin:79 - create IPUIPlugin
2024-04-04 00:36:40,345 [INFO] PluginManager:217 - loadIPPluginJar : add ltdc
2024-04-04 00:36:40,357 [INFO] IPUIPlugin:79 - create IPUIPlugin
2024-04-04 00:36:40,358 [INFO] PluginManager:217 - loadIPPluginJar : add mdma
2024-04-04 00:36:40,371 [INFO] IPUIPlugin:79 - create IPUIPlugin
2024-04-04 00:36:40,371 [INFO] PluginManager:217 - loadIPPluginJar : add nvic
2024-04-04 00:36:40,395 [INFO] IPUIPlugin:79 - create IPUIPlugin
2024-04-04 00:36:40,396 [INFO] PluginManager:217 - loadIPPluginJar : add opamp
2024-04-04 00:36:40,434 [INFO] IPUIPlugin:79 - create IPUIPlugin
2024-04-04 00:36:40,434 [INFO] PluginManager:217 - loadIPPluginJar : add openamp
2024-04-04 00:36:40,462 [INFO] IPUIPlugin:79 - create IPUIPlugin
2024-04-04 00:36:40,462 [INFO] PluginManager:217 - loadIPPluginJar : add pdm2pcm
2024-04-04 00:36:40,474 [INFO] IPUIPlugin:79 - create IPUIPlugin
2024-04-04 00:36:40,475 [INFO] PluginManager:217 - loadIPPluginJar : add plateformsettings
2024-04-04 00:36:40,490 [INFO] IPUIPlugin:79 - create IPUIPlugin
2024-04-04 00:36:40,490 [INFO] PluginManager:217 - loadIPPluginJar : add quadspi
2024-04-04 00:36:40,500 [INFO] IPUIPlugin:79 - create IPUIPlugin
2024-04-04 00:36:40,500 [INFO] PluginManager:217 - loadIPPluginJar : add resmgrutility
2024-04-04 00:36:40,533 [INFO] IPUIPlugin:79 - create IPUIPlugin
2024-04-04 00:36:40,533 [INFO] PluginManager:217 - loadIPPluginJar : add sai
2024-04-04 00:36:40,558 [INFO] IPUIPlugin:79 - create IPUIPlugin
2024-04-04 00:36:40,558 [INFO] PluginManager:217 - loadIPPluginJar : add spi
2024-04-04 00:36:40,596 [INFO] IPUIPlugin:79 - create IPUIPlugin
2024-04-04 00:36:40,596 [INFO] PluginManager:217 - loadIPPluginJar : add stm32_wpan
2024-04-04 00:36:40,613 [INFO] IPUIPlugin:79 - create IPUIPlugin
2024-04-04 00:36:40,613 [INFO] PluginManager:217 - loadIPPluginJar : add tim
2024-04-04 00:36:40,658 [INFO] IPUIPlugin:79 - create IPUIPlugin
2024-04-04 00:36:40,660 [INFO] PluginManager:217 - loadIPPluginJar : add touchsensing
2024-04-04 00:36:40,676 [INFO] IPUIPlugin:79 - create IPUIPlugin
2024-04-04 00:36:40,677 [INFO] PluginManager:217 - loadIPPluginJar : add tracer_emb
2024-04-04 00:36:40,691 [INFO] IPUIPlugin:79 - create IPUIPlugin
2024-04-04 00:36:40,692 [INFO] PluginManager:217 - loadIPPluginJar : add ts
2024-04-04 00:36:40,707 [INFO] IPUIPlugin:79 - create IPUIPlugin
2024-04-04 00:36:40,707 [INFO] PluginManager:217 - loadIPPluginJar : add tsc
2024-04-04 00:36:40,720 [INFO] IPUIPlugin:79 - create IPUIPlugin
2024-04-04 00:36:40,722 [INFO] PluginManager:217 - loadIPPluginJar : add ucpd
2024-04-04 00:36:40,751 [INFO] IPUIPlugin:79 - create IPUIPlugin
2024-04-04 00:36:40,752 [INFO] PluginManager:217 - loadIPPluginJar : add usart
2024-04-04 00:36:40,780 [INFO] IPUIPlugin:79 - create IPUIPlugin
2024-04-04 00:36:40,780 [INFO] PluginManager:217 - loadIPPluginJar : add usbx
2024-04-04 00:36:41,004 [FATAL] Updater:301 - Updater called before beeing initialized
2024-04-04 00:36:41,085 [FATAL] Updater:301 - Updater called before beeing initialized
2024-04-04 00:36:41,096 [INFO] DbMcusAds:52 - JSON generation date=Wed Nov 29 16:22:27 IST 2023 (1701255147200)
2024-04-04 00:36:41,097 [FATAL] Updater:301 - Updater called before beeing initialized
2024-04-04 00:36:41,126 [WARN] DetailPanel:344 - Failed to get advertising image, set to default
2024-04-04 00:36:41,208 [FATAL] Updater:301 - Updater called before beeing initialized
2024-04-04 00:36:41,209 [FATAL] Updater:301 - Updater called before beeing initialized
2024-04-04 00:36:41,210 [FATAL] Updater:301 - Updater called before beeing initialized
2024-04-04 00:36:41,210 [WARN] DetailPanel:344 - Failed to get advertising image, set to default
2024-04-04 00:36:41,211 [FATAL] Updater:301 - Updater called before beeing initialized
2024-04-04 00:36:41,252 [ERROR] Updater:1105 - MainUpdater not yet initialized. External WinMGr cannot be set.
2024-04-04 00:36:41,259 [INFO] Updater:1041 - Updater Version found : 6.6.1
2024-04-04 00:36:41,273 [INFO] ApplicationProperties:181 - Using Application install path: C:\ST\STM32CubeIDE_1.10.1\STM32CubeIDE\plugins\com.st.stm32cube.common.mx_6.6.1.202207061420
2024-04-04 00:36:41,492 [INFO] MainUpdater:2768 - connection check result : 10
2024-04-04 00:36:41,493 [INFO] MainUpdater:280 - Updater Check For Update Now.
2024-04-04 00:36:41,493 [INFO] MicroXplorer:481 - Change Database Version : DB.6.0.60
2024-04-04 00:36:41,677 [INFO] CheckServerUpdateThread:119 - End of CheckServer Thread
2024-04-04 00:36:41,720 [INFO] MainUpdater:2768 - connection check result : 10
2024-04-04 00:36:41,736 [INFO] McuFinderGlobals:57 - Set McuFinderConnectedMode to true
2024-04-04 00:36:41,899 [INFO] ServerAccessManage:474 - Download File mcusAds.json._tmp_
2024-04-04 00:36:42,024 [INFO] LoadUrlFilesThread:150 - End of LoadUrlFiles Thread
2024-04-04 00:36:42,108 [WARN] MainUpdater:1184 - Updater busy. Cannot search thirdparties
2024-04-04 00:36:42,108 [INFO] ThirdPartyUpdaterWithRetryManager:96 - Updater plugin is busy. [1/15]
2024-04-04 00:36:42,158 [INFO] ServerAccessManage:474 - Download File cube-finder-db.zip
2024-04-04 00:36:43,903 [INFO] FileExtend:239 - Unzip File : cube-finder-db.zip
2024-04-04 00:36:43,904 [INFO] FileExtend:254 - Standard Zip Deflate
2024-04-04 00:36:44,581 [INFO] LoadUrlFilesThread:150 - End of LoadUrlFiles Thread
2024-04-04 00:36:45,112 [WARN] MainUpdater:1184 - Updater busy. Cannot search thirdparties
2024-04-04 00:36:45,112 [INFO] ThirdPartyUpdaterWithRetryManager:96 - Updater plugin is busy. [2/15]
2024-04-04 00:36:45,385 [INFO] ServerAccessManage:474 - Download File crdb.zip
2024-04-04 00:36:45,617 [ERROR] LogOutputStream:74 - [STDERR_REDIRECT] SLF4J: Failed to load class "org.slf4j.impl.StaticLoggerBinder".
2024-04-04 00:36:45,618 [ERROR] LogOutputStream:74 - [STDERR_REDIRECT] SLF4J: Defaulting to no-operation (NOP) logger implementation
2024-04-04 00:36:45,619 [ERROR] LogOutputStream:74 - [STDERR_REDIRECT] SLF4J: See http://www.slf4j.org/codes.html#StaticLoggerBinder for further details.
2024-04-04 00:36:47,828 [INFO] FileExtend:239 - Unzip File : crdb.zip
2024-04-04 00:36:47,828 [INFO] FileExtend:254 - Standard Zip Deflate
2024-04-04 00:36:47,977 [INFO] LoadUrlFilesThread:150 - End of LoadUrlFiles Thread
2024-04-04 00:36:48,118 [WARN] MainUpdater:1184 - Updater busy. Cannot search thirdparties
2024-04-04 00:36:48,118 [INFO] ThirdPartyUpdaterWithRetryManager:96 - Updater plugin is busy. [3/15]
2024-04-04 00:36:48,198 [INFO] ServerAccessManage:474 - Download File tutoVideoDB.zip
2024-04-04 00:36:48,265 [INFO] FileExtend:239 - Unzip File : tutoVideoDB.zip
2024-04-04 00:36:48,265 [INFO] FileExtend:254 - Standard Zip Deflate
2024-04-04 00:36:48,389 [INFO] LoadUrlFilesThread:150 - End of LoadUrlFiles Thread
2024-04-04 00:36:48,397 [INFO] JxBrowserEngine:106 - Initiate JxBrowser Engine with user profile folder
2024-04-04 00:36:48,600 [ERROR] JxBrowserEngine:59 - Can't initiate JxBrowser engine com.teamdev.jxbrowser.engine.ChromiumBinariesExtractionException: Failed to extract Chromium binaries into C:\Users\saksh\.stm32cubemx\.jxbrowser\Chromium
2024-04-04 00:36:48,601 [WARN] DbFile:40 - Overriding database path with different value: C:\Users\saksh\.stmcufinder\plugins\mcufinder/ => C:\Users\saksh\.stmcufinder\plugins\mcufinder
2024-04-04 00:36:48,721 [INFO] ServerAccessManage:474 - Download File api_config.json
2024-04-04 00:36:48,858 [INFO] LoadUrlFilesThread:150 - End of LoadUrlFiles Thread
2024-04-04 00:36:48,860 [INFO] DbMcusAds:52 - JSON generation date=Wed Nov 29 16:22:27 IST 2023 (1701255147349)
2024-04-04 00:36:48,899 [INFO] LoadUrlFilesThread:177 - End of LoadServerUrlFiles without Thread
2024-04-04 00:36:48,900 [INFO] TargetSelectorAdapter:228 - Refresh data is successful
2024-04-04 00:36:49,003 [INFO] ApiDb:576 - Connected to CubeFinder SQLite database (C:\Users\saksh\.stmcufinder\plugins\mcufinder\mcu\cube-finder-db.db)
2024-04-04 00:36:49,044 [INFO] ApiDb:663 - CubeFinder database Data Model version=2.1
2024-04-04 00:36:49,044 [INFO] ApiDb:664 - CubeFinder database Configuration version=3.0.39
2024-04-04 00:36:49,044 [INFO] ApiDb:665 - CubeFinder database generation date=2024-03-25 (1711369621)
2024-04-04 00:36:49,045 [INFO] ApiDb:666 - CubeFinder database FW Pack versions=[FP-ATR-ASTRA1_V2.0.0, FP-SNS-FLIGHT1_V5.0.1, FP-SNS-FLIGHT1_V5.0.2, FP-SNS-MOTENV1_V4.3.1, FP-SNS-MOTENV1_V4.3.2, FP-SNS-MOTENVWB1_V1.3.1, FP-SNS-SMARTAG2_V1.2.0, STM32Cube_FW_C0_V1.1.0, STM32Cube_FW_F4_V1.28.0, STM32Cube_FW_F7_V1.17.0, STM32Cube_FW_G0_V1.6.2, STM32Cube_FW_G4_V1.5.2, STM32Cube_FW_H5_V0.5.1, STM32Cube_FW_H5_V1.1.1, STM32Cube_FW_H5_V1.2.0, STM32Cube_FW_H5_V1.2.0RC4, STM32Cube_FW_H7RS_V1.0.0, STM32Cube_FW_H7RS_V1.0.0RC4, STM32Cube_FW_H7_V1.11.0, STM32Cube_FW_L0_V1.12.2, STM32Cube_FW_L5_V1.5.1, STM32Cube_FW_U0_V1.0.0, STM32Cube_FW_U0_V1.0.0RC1, STM32Cube_FW_U5_V1.3.0RC4, STM32Cube_FW_U5_V1.5.0, STM32Cube_FW_U5_V1.5.0RC1, STM32Cube_FW_WBA_V1.0.0RC1, STM32Cube_FW_WBA_V1.2.0, STM32Cube_FW_WBA_V1.2.0RC2, STM32Cube_FW_WBA_V1.3.0, STM32Cube_FW_WBA_V1.3.0RC1, STM32Cube_FW_WB_V1.15.0RC1, STM32Cube_FW_WB_V1.16.0, STM32Cube_FW_WB_V1.16.0RC2, STM32Cube_FW_WB_V1.18.0, STM32Cube_FW_WB_V1.19.0, STM32Cube_FW_WL_V1.3.0, X-CUBE-ALGOBUILD_V1.3.0, X-CUBE-ALS_V1.0.1, X-CUBE-AZRTOS-F4_V1.1.0, X-CUBE-AZRTOS-F7_V1.1.0, X-CUBE-AZRTOS-G0_V1.1.0, X-CUBE-AZRTOS-G4_V2.0.0, X-CUBE-AZRTOS-H7_V3.2.0, X-CUBE-AZRTOS-L4_V1.0.0, X-CUBE-AZRTOS-L4_V2.0.0, X-CUBE-AZRTOS-L5_V1.1.0, X-CUBE-AZRTOS-WB_V2.0.0, X-CUBE-AZRTOS-WL_V2.0.0, X-CUBE-BLE1_V7.0.0, X-CUBE-BLE2_V3.3.0, X-CUBE-BLEMGR_V3.1.0, X-CUBE-EEPRMA1_V4.1.0, X-CUBE-EEPRMA1_V5.1.0, X-CUBE-FREERTOS_V1.1.0, X-CUBE-GNSS1_V6.0.0, X-CUBE-MEMS1_V10.0.0, X-CUBE-MEMS1_V9.1.0, X-CUBE-MEMS1_V9.4.0, X-CUBE-MEMS1_V9.6.0, X-CUBE-NFC4_V3.0.0, X-CUBE-NFC7_V1.0.1, X-CUBE-SFXS2LP1_V4.0.0, X-CUBE-SUBG2_V5.0.0, X-CUBE-TOF1_V3.4.0]
2024-04-04 00:36:50,554 [INFO] ApiDb:239 - Found 138 in-development CPN: [B-WB1M-WPAN1, NUCLEO-C031C6, STEVAL-STWINBX1, STM320518-EVAL, STM32C0116-DK, STM32C011D6Y3TR, STM32C011D6Y6TR, STM32C011F4P3, STM32C011F4P6, STM32C011F4U3, STM32C011F4U6TR, STM32C011F6P3, STM32C011F6P6, STM32C011F6U3, STM32C011F6U6TR, STM32C011J4M3, STM32C011J4M6, STM32C011J6M3, STM32C011J6M6, STM32C0316-DK, STM32C031C4T3, STM32C031C4T6, STM32C031C4U3, STM32C031C4U6, STM32C031C6T3, STM32C031C6T6, STM32C031C6U3, STM32C031C6U6, STM32C031F4P3, STM32C031F4P6, STM32C031F6P3, STM32C031F6P6, STM32C031G4U3, STM32C031G4U6, STM32C031G6U3, STM32C031G6U6, STM32C031K4T3, STM32C031K4T6, STM32C031K4U3, STM32C031K4U6, STM32C031K6T3, STM32C031K6T6, STM32C031K6U3, STM32C031K6U6, STM32G071K8TXN, STM32G071K8UXN, STM32G081GBU6N, STM32G081KBT6N, STM32G081KBUXN, STM32G0B1CCT6N, STM32G0B1KCT6, STM32G0B1NEY6TR, STM32G0B1RCT6N, STM32G0C1CCT6, STM32G0C1CCT6N, STM32G0C1CCU6N, STM32G0C1CET6N, STM32G0C1CEU6N, STM32G0C1KCT6, STM32G0C1NEY6TR, STM32G0C1RCI6N, STM32G0C1RCT6N, STM32G0C1REI6N, STM32G0C1RET6N, STM32G0C1VCI6, STM32G0C1VEI6, STM32G471CCT6, STM32G471CCU6, STM32G471CET3, STM32G471CET6, STM32G471CEU3, STM32G471CEU6, STM32G471MCT6, STM32G471MET3, STM32G471MET6, STM32G471MEY6TR, STM32G471QCT6, STM32G471QET3, STM32G471RCT6, STM32G471RET3, STM32G471RET6, STM32G471VCH6, STM32G471VCI6, STM32G471VCT6, STM32G471VEH3, STM32G471VEH6, STM32G471VEI3, STM32G471VEI6, STM32G471VET3, STM32G471VET6, STM32G474CCT6, STM32L476VGY6PTR, STM32L4R5QGI6STR, STM32MP131AAE3, STM32MP131AAF3, STM32MP131AAG3, STM32MP131CAE3, STM32MP131CAF3, STM32MP131CAG3, STM32MP131DAE7, STM32MP131DAF7, STM32MP131DAG7, STM32MP131FAE7, STM32MP131FAF7, STM32MP131FAG7, STM32MP133AAE3, STM32MP133AAF3, STM32MP133AAG3, STM32MP133CAE3, STM32MP133CAF3, STM32MP133CAG3, STM32MP133DAE7, STM32MP133DAF7, STM32MP133DAG7, STM32MP133FAE7, STM32MP133FAF7, STM32MP133FAG7, STM32MP135AAE3, STM32MP135AAF3, STM32MP135AAG3, STM32MP135CAE3, STM32MP135CAF3, STM32MP135CAG3, STM32MP135DAE7, STM32MP135DAF7, STM32MP135DAG7, STM32MP135F-DK, STM32MP135FAE7, STM32MP135FAF7, STM32MP135FAG7, STM32U595ZJT6Q, STM32U599BJY6QTR, STM32U599NIH6Q, STM32U599NJH6Q, STM32U5A5ZJT6Q, STM32U5A9BJY6QTR, STM32U5A9NJH6Q, STM32WB1MMCH6]
2024-04-04 00:36:50,558 [INFO] DbMcus:215 - Found 4040 MCUs, 4040 are supported
2024-04-04 00:36:50,571 [INFO] ApiDb:418 - Load user favorites file C:\Users\saksh/.stm32cubeide/favorites.mcus.txt: 1 item(s)
2024-04-04 00:36:50,571 [INFO] ApiDb:422 - User favorites MCUs=[STM32F103C8T6]
2024-04-04 00:36:50,571 [INFO] DbMcus:221 - Set 1 / 1 favorites MCUs
2024-04-04 00:36:50,575 [INFO] ApiDb:663 - CubeFinder database Data Model version=2.1
2024-04-04 00:36:50,575 [INFO] ApiDb:664 - CubeFinder database Configuration version=3.0.39
2024-04-04 00:36:50,575 [INFO] ApiDb:665 - CubeFinder database generation date=2024-03-25 (1711369621)
2024-04-04 00:36:50,575 [INFO] ApiDb:666 - CubeFinder database FW Pack versions=[FP-ATR-ASTRA1_V2.0.0, FP-SNS-FLIGHT1_V5.0.1, FP-SNS-FLIGHT1_V5.0.2, FP-SNS-MOTENV1_V4.3.1, FP-SNS-MOTENV1_V4.3.2, FP-SNS-MOTENVWB1_V1.3.1, FP-SNS-SMARTAG2_V1.2.0, STM32Cube_FW_C0_V1.1.0, STM32Cube_FW_F4_V1.28.0, STM32Cube_FW_F7_V1.17.0, STM32Cube_FW_G0_V1.6.2, STM32Cube_FW_G4_V1.5.2, STM32Cube_FW_H5_V0.5.1, STM32Cube_FW_H5_V1.1.1, STM32Cube_FW_H5_V1.2.0, STM32Cube_FW_H5_V1.2.0RC4, STM32Cube_FW_H7RS_V1.0.0, STM32Cube_FW_H7RS_V1.0.0RC4, STM32Cube_FW_H7_V1.11.0, STM32Cube_FW_L0_V1.12.2, STM32Cube_FW_L5_V1.5.1, STM32Cube_FW_U0_V1.0.0, STM32Cube_FW_U0_V1.0.0RC1, STM32Cube_FW_U5_V1.3.0RC4, STM32Cube_FW_U5_V1.5.0, STM32Cube_FW_U5_V1.5.0RC1, STM32Cube_FW_WBA_V1.0.0RC1, STM32Cube_FW_WBA_V1.2.0, STM32Cube_FW_WBA_V1.2.0RC2, STM32Cube_FW_WBA_V1.3.0, STM32Cube_FW_WBA_V1.3.0RC1, STM32Cube_FW_WB_V1.15.0RC1, STM32Cube_FW_WB_V1.16.0, STM32Cube_FW_WB_V1.16.0RC2, STM32Cube_FW_WB_V1.18.0, STM32Cube_FW_WB_V1.19.0, STM32Cube_FW_WL_V1.3.0, X-CUBE-ALGOBUILD_V1.3.0, X-CUBE-ALS_V1.0.1, X-CUBE-AZRTOS-F4_V1.1.0, X-CUBE-AZRTOS-F7_V1.1.0, X-CUBE-AZRTOS-G0_V1.1.0, X-CUBE-AZRTOS-G4_V2.0.0, X-CUBE-AZRTOS-H7_V3.2.0, X-CUBE-AZRTOS-L4_V1.0.0, X-CUBE-AZRTOS-L4_V2.0.0, X-CUBE-AZRTOS-L5_V1.1.0, X-CUBE-AZRTOS-WB_V2.0.0, X-CUBE-AZRTOS-WL_V2.0.0, X-CUBE-BLE1_V7.0.0, X-CUBE-BLE2_V3.3.0, X-CUBE-BLEMGR_V3.1.0, X-CUBE-EEPRMA1_V4.1.0, X-CUBE-EEPRMA1_V5.1.0, X-CUBE-FREERTOS_V1.1.0, X-CUBE-GNSS1_V6.0.0, X-CUBE-MEMS1_V10.0.0, X-CUBE-MEMS1_V9.1.0, X-CUBE-MEMS1_V9.4.0, X-CUBE-MEMS1_V9.6.0, X-CUBE-NFC4_V3.0.0, X-CUBE-NFC7_V1.0.1, X-CUBE-SFXS2LP1_V4.0.0, X-CUBE-SUBG2_V5.0.0, X-CUBE-TOF1_V3.4.0]
2024-04-04 00:36:50,617 [INFO] DbBoardsSqlite:227 - include board P-NUCLEO-WB55-NUCLEO as a kit item of type 'Nucleo-64'
2024-04-04 00:36:50,618 [INFO] DbBoardsSqlite:227 - include board P-NUCLEO-WB55-USBDONGLE as a kit item of type 'Nucleo USB Dongle'
2024-04-04 00:36:50,618 [INFO] DbBoardsSqlite:227 - include board STEVAL-IDP005V1 as a kit item of type 'Evaluation Board'
2024-04-04 00:36:50,618 [INFO] DbBoardsSqlite:227 - include board STEVAL-IDP005V2 as a kit item of type 'Evaluation Board'
2024-04-04 00:36:50,654 [INFO] ApiDb:239 - Found 138 in-development CPN: [B-WB1M-WPAN1, NUCLEO-C031C6, STEVAL-STWINBX1, STM320518-EVAL, STM32C0116-DK, STM32C011D6Y3TR, STM32C011D6Y6TR, STM32C011F4P3, STM32C011F4P6, STM32C011F4U3, STM32C011F4U6TR, STM32C011F6P3, STM32C011F6P6, STM32C011F6U3, STM32C011F6U6TR, STM32C011J4M3, STM32C011J4M6, STM32C011J6M3, STM32C011J6M6, STM32C0316-DK, STM32C031C4T3, STM32C031C4T6, STM32C031C4U3, STM32C031C4U6, STM32C031C6T3, STM32C031C6T6, STM32C031C6U3, STM32C031C6U6, STM32C031F4P3, STM32C031F4P6, STM32C031F6P3, STM32C031F6P6, STM32C031G4U3, STM32C031G4U6, STM32C031G6U3, STM32C031G6U6, STM32C031K4T3, STM32C031K4T6, STM32C031K4U3, STM32C031K4U6, STM32C031K6T3, STM32C031K6T6, STM32C031K6U3, STM32C031K6U6, STM32G071K8TXN, STM32G071K8UXN, STM32G081GBU6N, STM32G081KBT6N, STM32G081KBUXN, STM32G0B1CCT6N, STM32G0B1KCT6, STM32G0B1NEY6TR, STM32G0B1RCT6N, STM32G0C1CCT6, STM32G0C1CCT6N, STM32G0C1CCU6N, STM32G0C1CET6N, STM32G0C1CEU6N, STM32G0C1KCT6, STM32G0C1NEY6TR, STM32G0C1RCI6N, STM32G0C1RCT6N, STM32G0C1REI6N, STM32G0C1RET6N, STM32G0C1VCI6, STM32G0C1VEI6, STM32G471CCT6, STM32G471CCU6, STM32G471CET3, STM32G471CET6, STM32G471CEU3, STM32G471CEU6, STM32G471MCT6, STM32G471MET3, STM32G471MET6, STM32G471MEY6TR, STM32G471QCT6, STM32G471QET3, STM32G471RCT6, STM32G471RET3, STM32G471RET6, STM32G471VCH6, STM32G471VCI6, STM32G471VCT6, STM32G471VEH3, STM32G471VEH6, STM32G471VEI3, STM32G471VEI6, STM32G471VET3, STM32G471VET6, STM32G474CCT6, STM32L476VGY6PTR, STM32L4R5QGI6STR, STM32MP131AAE3, STM32MP131AAF3, STM32MP131AAG3, STM32MP131CAE3, STM32MP131CAF3, STM32MP131CAG3, STM32MP131DAE7, STM32MP131DAF7, STM32MP131DAG7, STM32MP131FAE7, STM32MP131FAF7, STM32MP131FAG7, STM32MP133AAE3, STM32MP133AAF3, STM32MP133AAG3, STM32MP133CAE3, STM32MP133CAF3, STM32MP133CAG3, STM32MP133DAE7, STM32MP133DAF7, STM32MP133DAG7, STM32MP133FAE7, STM32MP133FAF7, STM32MP133FAG7, STM32MP135AAE3, STM32MP135AAF3, STM32MP135AAG3, STM32MP135CAE3, STM32MP135CAF3, STM32MP135CAG3, STM32MP135DAE7, STM32MP135DAF7, STM32MP135DAG7, STM32MP135F-DK, STM32MP135FAE7, STM32MP135FAF7, STM32MP135FAG7, STM32U595ZJT6Q, STM32U599BJY6QTR, STM32U599NIH6Q, STM32U599NJH6Q, STM32U5A5ZJT6Q, STM32U5A9BJY6QTR, STM32U5A9NJH6Q, STM32WB1MMCH6]
2024-04-04 00:36:50,675 [INFO] BoardInfo:879 - No configuration file found for board B-G473E-ZEST1S
2024-04-04 00:36:50,675 [INFO] DbBoards:156 - Board is not supported: B-G473E-ZEST1S
2024-04-04 00:36:50,682 [INFO] BoardInfo:879 - No configuration file found for board B-WL5M-SUBG1
2024-04-04 00:36:50,682 [INFO] DbBoards:156 - Board is not supported: B-WL5M-SUBG1
2024-04-04 00:36:50,712 [INFO] BoardInfo:879 - No configuration file found for board NUCLEO-H503RB
2024-04-04 00:36:50,712 [INFO] DbBoards:156 - Board is not supported: NUCLEO-H503RB
2024-04-04 00:36:50,713 [INFO] BoardInfo:879 - No configuration file found for board NUCLEO-H563ZI
2024-04-04 00:36:50,713 [INFO] DbBoards:156 - Board is not supported: NUCLEO-H563ZI
2024-04-04 00:36:50,718 [INFO] BoardInfo:879 - No configuration file found for board NUCLEO-H7S3L8
2024-04-04 00:36:50,718 [INFO] DbBoards:156 - Board is not supported: NUCLEO-H7S3L8
2024-04-04 00:36:50,732 [INFO] BoardInfo:879 - No configuration file found for board NUCLEO-U031R8
2024-04-04 00:36:50,732 [INFO] DbBoards:156 - Board is not supported: NUCLEO-U031R8
2024-04-04 00:36:50,733 [INFO] BoardInfo:879 - No configuration file found for board NUCLEO-U083RC
2024-04-04 00:36:50,733 [INFO] DbBoards:156 - Board is not supported: NUCLEO-U083RC
2024-04-04 00:36:50,734 [INFO] BoardInfo:879 - No configuration file found for board NUCLEO-U545RE-Q
2024-04-04 00:36:50,734 [INFO] DbBoards:156 - Board is not supported: NUCLEO-U545RE-Q
2024-04-04 00:36:50,736 [INFO] BoardInfo:879 - No configuration file found for board NUCLEO-U5A5ZJ-Q
2024-04-04 00:36:50,736 [INFO] DbBoards:156 - Board is not supported: NUCLEO-U5A5ZJ-Q
2024-04-04 00:36:50,738 [INFO] BoardInfo:879 - No configuration file found for board NUCLEO-WBA52CG
2024-04-04 00:36:50,738 [INFO] DbBoards:156 - Board is not supported: NUCLEO-WBA52CG
2024-04-04 00:36:50,738 [INFO] BoardInfo:879 - No configuration file found for board NUCLEO-WBA55CG
2024-04-04 00:36:50,738 [INFO] DbBoards:156 - Board is not supported: NUCLEO-WBA55CG
2024-04-04 00:36:50,742 [INFO] BoardInfo:879 - No configuration file found for board P-NUCLEO-WB55
2024-04-04 00:36:50,742 [INFO] DbBoards:156 - Kit is not supported: P-NUCLEO-WB55
2024-04-04 00:36:50,745 [INFO] BoardInfo:879 - No configuration file found for board STEVAL-BFA001V1B
2024-04-04 00:36:50,745 [INFO] DbBoards:156 - Kit is not supported: STEVAL-BFA001V1B
2024-04-04 00:36:50,746 [INFO] BoardInfo:879 - No configuration file found for board STEVAL-BFA001V2B
2024-04-04 00:36:50,746 [INFO] DbBoards:156 - Kit is not supported: STEVAL-BFA001V2B
2024-04-04 00:36:50,748 [INFO] BoardInfo:879 - No configuration file found for board STEVAL-MKBOXPRO
2024-04-04 00:36:50,748 [INFO] DbBoards:156 - Board is not supported: STEVAL-MKBOXPRO
2024-04-04 00:36:50,749 [INFO] BoardInfo:879 - No configuration file found for board STEVAL-PROTEUS1
2024-04-04 00:36:50,749 [INFO] DbBoards:156 - Board is not supported: STEVAL-PROTEUS1
2024-04-04 00:36:50,750 [INFO] BoardInfo:879 - No configuration file found for board STEVAL-SMARTAG2
2024-04-04 00:36:50,750 [INFO] DbBoards:156 - Board is not supported: STEVAL-SMARTAG2
2024-04-04 00:36:50,786 [INFO] BoardInfo:879 - No configuration file found for board STM32H573I-DK
2024-04-04 00:36:50,787 [INFO] DbBoards:156 - Board is not supported: STM32H573I-DK
2024-04-04 00:36:50,802 [INFO] BoardInfo:879 - No configuration file found for board STM32H7S78-DK
2024-04-04 00:36:50,802 [INFO] DbBoards:156 - Board is not supported: STM32H7S78-DK
2024-04-04 00:36:50,818 [INFO] BoardInfo:879 - No configuration file found for board STM32U083C-DK
2024-04-04 00:36:50,818 [INFO] DbBoards:156 - Board is not supported: STM32U083C-DK
2024-04-04 00:36:50,820 [INFO] BoardInfo:879 - No configuration file found for board STM32U5A9J-DK
2024-04-04 00:36:50,820 [INFO] DbBoards:156 - Board is not supported: STM32U5A9J-DK
2024-04-04 00:36:50,820 [INFO] BoardInfo:879 - No configuration file found for board STM32U5G9J-DK1
2024-04-04 00:36:50,821 [INFO] DbBoards:156 - Board is not supported: STM32U5G9J-DK1
2024-04-04 00:36:50,821 [INFO] BoardInfo:879 - No configuration file found for board STM32U5G9J-DK2
2024-04-04 00:36:50,821 [INFO] DbBoards:156 - Board is not supported: STM32U5G9J-DK2
2024-04-04 00:36:50,823 [INFO] DbBoards:160 - Found 197 boards, 174 are supported
2024-04-04 00:36:50,828 [INFO] ApiDb:418 - Load user favorites file C:\Users\saksh/.stm32cubeide/favorites.boards.txt: 0 item(s)
2024-04-04 00:36:50,828 [INFO] ApiDb:422 - User favorites Boards=[]
2024-04-04 00:36:50,828 [INFO] DbBoards:189 - Set 0 / 0 favorites Boards
2024-04-04 00:36:50,830 [INFO] ApiDb:663 - CubeFinder database Data Model version=2.1
2024-04-04 00:36:50,830 [INFO] ApiDb:664 - CubeFinder database Configuration version=3.0.39
2024-04-04 00:36:50,830 [INFO] ApiDb:665 - CubeFinder database generation date=2024-03-25 (1711369621)
2024-04-04 00:36:50,830 [INFO] ApiDb:666 - CubeFinder database FW Pack versions=[FP-ATR-ASTRA1_V2.0.0, FP-SNS-FLIGHT1_V5.0.1, FP-SNS-FLIGHT1_V5.0.2, FP-SNS-MOTENV1_V4.3.1, FP-SNS-MOTENV1_V4.3.2, FP-SNS-MOTENVWB1_V1.3.1, FP-SNS-SMARTAG2_V1.2.0, STM32Cube_FW_C0_V1.1.0, STM32Cube_FW_F4_V1.28.0, STM32Cube_FW_F7_V1.17.0, STM32Cube_FW_G0_V1.6.2, STM32Cube_FW_G4_V1.5.2, STM32Cube_FW_H5_V0.5.1, STM32Cube_FW_H5_V1.1.1, STM32Cube_FW_H5_V1.2.0, STM32Cube_FW_H5_V1.2.0RC4, STM32Cube_FW_H7RS_V1.0.0, STM32Cube_FW_H7RS_V1.0.0RC4, STM32Cube_FW_H7_V1.11.0, STM32Cube_FW_L0_V1.12.2, STM32Cube_FW_L5_V1.5.1, STM32Cube_FW_U0_V1.0.0, STM32Cube_FW_U0_V1.0.0RC1, STM32Cube_FW_U5_V1.3.0RC4, STM32Cube_FW_U5_V1.5.0, STM32Cube_FW_U5_V1.5.0RC1, STM32Cube_FW_WBA_V1.0.0RC1, STM32Cube_FW_WBA_V1.2.0, STM32Cube_FW_WBA_V1.2.0RC2, STM32Cube_FW_WBA_V1.3.0, STM32Cube_FW_WBA_V1.3.0RC1, STM32Cube_FW_WB_V1.15.0RC1, STM32Cube_FW_WB_V1.16.0, STM32Cube_FW_WB_V1.16.0RC2, STM32Cube_FW_WB_V1.18.0, STM32Cube_FW_WB_V1.19.0, STM32Cube_FW_WL_V1.3.0, X-CUBE-ALGOBUILD_V1.3.0, X-CUBE-ALS_V1.0.1, X-CUBE-AZRTOS-F4_V1.1.0, X-CUBE-AZRTOS-F7_V1.1.0, X-CUBE-AZRTOS-G0_V1.1.0, X-CUBE-AZRTOS-G4_V2.0.0, X-CUBE-AZRTOS-H7_V3.2.0, X-CUBE-AZRTOS-L4_V1.0.0, X-CUBE-AZRTOS-L4_V2.0.0, X-CUBE-AZRTOS-L5_V1.1.0, X-CUBE-AZRTOS-WB_V2.0.0, X-CUBE-AZRTOS-WL_V2.0.0, X-CUBE-BLE1_V7.0.0, X-CUBE-BLE2_V3.3.0, X-CUBE-BLEMGR_V3.1.0, X-CUBE-EEPRMA1_V4.1.0, X-CUBE-EEPRMA1_V5.1.0, X-CUBE-FREERTOS_V1.1.0, X-CUBE-GNSS1_V6.0.0, X-CUBE-MEMS1_V10.0.0, X-CUBE-MEMS1_V9.1.0, X-CUBE-MEMS1_V9.4.0, X-CUBE-MEMS1_V9.6.0, X-CUBE-NFC4_V3.0.0, X-CUBE-NFC7_V1.0.1, X-CUBE-SFXS2LP1_V4.0.0, X-CUBE-SUBG2_V5.0.0, X-CUBE-TOF1_V3.4.0]
2024-04-04 00:36:51,292 [WARN] PackLoader:242 - Cannot read IP mode file for STMicroelectronics.X-CUBE-SMBUS.2.1.0
2024-04-04 00:36:51,305 [WARN] PackLoader:242 - Cannot read IP mode file for STMicroelectronics.X-CUBE-TOUCHGFX.4.23.1
2024-04-04 00:36:51,313 [WARN] PackLoader:242 - Cannot read IP mode file for STMicroelectronics.X-CUBE-TOUCHGFX.4.23.0
2024-04-04 00:36:51,356 [WARN] PackLoader:242 - Cannot read IP mode file for STMicroelectronics.X-CUBE-AZRTOS-F7.1.1.0
2024-04-04 00:36:51,371 [ERROR] RealEvaluatedCondition:433 - Found unsupported composite condition: GROUP='STM32_MetaDataManager' CLASS='Data Exchange'
2024-04-04 00:36:51,371 [ERROR] RealEvaluatedCondition:433 - Found unsupported composite condition: GROUP='STM32_MetaDataManager' CLASS='Data Exchange'
2024-04-04 00:36:51,374 [WARN] PackLoader:242 - Cannot read IP mode file for STMicroelectronics.FP-SNS-MOTENV1.4.3.0
2024-04-04 00:36:51,377 [ERROR] DbExamplesSqlite:416 - Missing JSON key: board_cpn
2024-04-04 00:36:51,378 [ERROR] DbExamplesSqlite:416 - Missing JSON key: board_cpn
2024-04-04 00:36:51,378 [ERROR] DbExamplesSqlite:416 - Missing JSON key: board_cpn
2024-04-04 00:36:51,378 [ERROR] DbExamplesSqlite:416 - Missing JSON key: board_cpn
2024-04-04 00:36:51,388 [WARN] PackLoader:242 - Cannot read IP mode file for STMicroelectronics.FP-SNS-MOTENV1.4.3.2
2024-04-04 00:36:51,400 [WARN] PackLoader:242 - Cannot read IP mode file for STMicroelectronics.FP-SNS-FLIGHT1.5.0.0
2024-04-04 00:36:51,411 [ERROR] RealEvaluatedCondition:433 - Found unsupported composite condition: CLASS='Data Exchange' GROUP='STM32_MetaDataManager'
2024-04-04 00:36:51,411 [ERROR] RealEvaluatedCondition:433 - Found unsupported composite condition: CLASS='Data Exchange' GROUP='STM32_MetaDataManager'
2024-04-04 00:36:51,412 [WARN] PackLoader:242 - Cannot read IP mode file for STMicroelectronics.FP-SNS-MOTENV1.4.3.1
2024-04-04 00:36:51,424 [WARN] PackLoader:242 - Cannot read IP mode file for STMicroelectronics.FP-SNS-FLIGHT1.5.0.1
2024-04-04 00:36:51,437 [WARN] PackLoader:242 - Cannot read IP mode file for STMicroelectronics.X-CUBE-BLE1.6.2.3
2024-04-04 00:36:51,448 [WARN] PackLoader:242 - Cannot read IP mode file for STMicroelectronics.X-CUBE-BLE1.6.2.4
2024-04-04 00:36:51,458 [INFO] DbExamplesSqlite:374 - Ignored 60 examples not supported by CubeIDE
2024-04-04 00:36:51,458 [INFO] DbExamplesSqlite:375 - Found 8152 examples active
2024-04-04 00:36:51,458 [INFO] DbExamplesSqlite:376 - Found 871 examples obsolete
2024-04-04 00:36:51,458 [INFO] DbExamplesSqlite:377 - Found 0 examples under development
2024-04-04 00:36:51,458 [INFO] DbExamplesSqlite:378 - Found 10 examples not building
2024-04-04 00:36:51,460 [WARN] PackLoader:242 - Cannot read IP mode file for STMicroelectronics.FP-SNS-FLIGHT1.5.0.2
2024-04-04 00:36:51,461 [INFO] DbExamples:124 - Found 8102 examples
2024-04-04 00:36:51,478 [WARN] PackLoader:242 - Cannot read IP mode file for STMicroelectronics.X-CUBE-TOF1.3.1.0
2024-04-04 00:36:51,498 [ERROR] DbExamples:207 - Found 91 examples with invalid data (board or MCU)
2024-04-04 00:36:51,498 [WARN] PackLoader:242 - Cannot read IP mode file for STMicroelectronics.X-CUBE-DISPLAY.3.0.0
2024-04-04 00:36:51,498 [INFO] DbExamples:221 - Found 99 boards with related examples
2024-04-04 00:36:51,500 [INFO] DbExamples:234 - Found 84 MCUs with related examples
2024-04-04 00:36:51,514 [WARN] PackLoader:242 - Cannot read IP mode file for STMicroelectronics.X-CUBE-BLE1.7.0.0
2024-04-04 00:36:51,520 [INFO] ApiDb:418 - Load user favorites file C:\Users\saksh/.stm32cubeide/favorites.examples.txt: 0 item(s)
2024-04-04 00:36:51,520 [INFO] ApiDb:422 - User favorites Examples=[]
2024-04-04 00:36:51,520 [INFO] DbExamples:249 - Set 0 / 0 favorites Examples
2024-04-04 00:36:51,527 [WARN] PackLoader:242 - Cannot read IP mode file for STMicroelectronics.X-CUBE-TOUCHGFX.4.22.0
2024-04-04 00:36:51,578 [WARN] PackLoader:242 - Cannot read IP mode file for STMicroelectronics.X-CUBE-MEMS1.9.3.0
2024-04-04 00:36:51,775 [WARN] PackLoader:242 - Cannot read IP mode file for STMicroelectronics.X-CUBE-AI.7.2.0
2024-04-04 00:36:51,797 [WARN] PackLoader:242 - Cannot read IP mode file for STMicroelectronics.X-CUBE-BLEMGR.3.1.0
2024-04-04 00:36:51,817 [WARN] PackLoader:242 - Cannot read IP mode file for STMicroelectronics.FP-SNS-SMARTAG2.1.2.0
2024-04-04 00:36:51,844 [INFO] LogOutputStream:76 - [STDOUT_REDIRECT] 1 : Invalid condition id : UX_CORESTACK_Condition cause : null
2024-04-04 00:36:51,845 [INFO] LogOutputStream:76 - [STDOUT_REDIRECT] 1 : Invalid condition id : UX_CORESTACK_Condition cause : null
2024-04-04 00:36:51,847 [INFO] LogOutputStream:76 - [STDOUT_REDIRECT] 1 : Invalid condition id : UX_CORESTACK_Condition cause : null
2024-04-04 00:36:51,849 [INFO] LogOutputStream:76 - [STDOUT_REDIRECT] 1 : Invalid condition id : UX_CORESTACK_Condition cause : null
2024-04-04 00:36:51,850 [INFO] LogOutputStream:76 - [STDOUT_REDIRECT] 1 : Invalid condition id : UX_CORESTACK_Condition cause : null
2024-04-04 00:36:51,859 [WARN] PackLoader:242 - Cannot read IP mode file for STMicroelectronics.X-CUBE-AZRTOS-WL.2.0.0
2024-04-04 00:36:51,875 [WARN] PackLoader:242 - Cannot read IP mode file for STMicroelectronics.FP-SNS-MOTENV1.5.0.0
2024-04-04 00:36:51,895 [WARN] PackLoader:242 - Cannot read IP mode file for WES.I-CUBE-Cesium.1.3.0
2024-04-04 00:36:51,913 [WARN] PackLoader:242 - Cannot read IP mode file for STMicroelectronics.X-CUBE-BLE2.3.3.0
2024-04-04 00:36:51,930 [INFO] McuFinderGlobals:57 - Set McuFinderConnectedMode to true
2024-04-04 00:36:51,932 [WARN] PackLoader:242 - Cannot read IP mode file for STMicroelectronics.X-CUBE-DISPLAY.2.2.0
2024-04-04 00:36:51,943 [INFO] MultiScanPanel:195 - Auto-refresh data requested => check proxy status ongoing
2024-04-04 00:36:51,949 [INFO] FinderPluginLoader:92 - Searching for filters in installed packs
2024-04-04 00:36:51,957 [WARN] PackLoader:242 - Cannot read IP mode file for STMicroelectronics.X-CUBE-TOF1.3.2.0
2024-04-04 00:36:51,981 [WARN] PackLoader:242 - Cannot read IP mode file for STMicroelectronics.X-CUBE-ISPU.1.0.0
2024-04-04 00:36:52,013 [WARN] PackLoader:242 - Cannot read IP mode file for STMicroelectronics.X-CUBE-AZRTOS-H7.2.1.0
2024-04-04 00:36:52,027 [WARN] PackLoader:242 - Cannot read IP mode file for STMicroelectronics.X-CUBE-TOUCHGFX.4.21.1
2024-04-04 00:36:52,037 [WARN] PackLoader:242 - Cannot read IP mode file for STMicroelectronics.X-CUBE-TOUCHGFX.4.21.3
2024-04-04 00:36:52,046 [WARN] PackLoader:242 - Cannot read IP mode file for STMicroelectronics.X-CUBE-TOUCHGFX.4.21.4
2024-04-04 00:36:52,089 [WARN] PackLoader:242 - Cannot read IP mode file for STMicroelectronics.X-CUBE-MEMS1.9.4.0
2024-04-04 00:36:52,187 [WARN] PackLoader:242 - Cannot read IP mode file for STMicroelectronics.X-CUBE-AI.7.3.0
2024-04-04 00:36:52,201 [WARN] PackLoader:242 - Cannot read IP mode file for STMicroelectronics.X-CUBE-ALGOBUILD.1.3.0
2024-04-04 00:36:52,235 [WARN] PackLoader:242 - Cannot read IP mode file for STMicroelectronics.X-CUBE-AZRTOS-G0.1.1.0
2024-04-04 00:36:52,250 [WARN] PackLoader:242 - Cannot read IP mode file for STMicroelectronics.X-CUBE-SAFEA1.1.2.2
2024-04-04 00:36:52,269 [WARN] PackLoader:242 - Cannot read IP mode file for STMicroelectronics.X-CUBE-NFC4.3.0.0
2024-04-04 00:36:52,317 [WARN] PackLoader:242 - Cannot read IP mode file for SEGGER.I-CUBE-embOS.1.2.0
2024-04-04 00:36:52,380 [WARN] PackLoader:242 - Cannot read IP mode file for STMicroelectronics.X-CUBE-BLEMGR.3.0.0
2024-04-04 00:36:52,402 [WARN] PackLoader:242 - Cannot read IP mode file for STMicroelectronics.X-CUBE-BLEMGR.1.3.0
2024-04-04 00:36:52,418 [WARN] PackLoader:242 - Cannot read IP mode file for STMicroelectronics.FP-ATR-SIGFOX1.3.2.0
2024-04-04 00:36:52,442 [WARN] PackLoader:242 - Cannot read IP mode file for STMicroelectronics.X-CUBE-EEPRMA1.5.1.0
2024-04-04 00:36:52,461 [WARN] PackLoader:242 - Cannot read IP mode file for emotas.I-CUBE-CANOPEN.1.1.2
2024-04-04 00:36:52,474 [WARN] PackLoader:242 - Cannot read IP mode file for STMicroelectronics.X-CUBE-TOUCHGFX.4.20.0
2024-04-04 00:36:52,517 [WARN] PackLoader:242 - Cannot read IP mode file for STMicroelectronics.X-CUBE-MEMS1.9.5.0
2024-04-04 00:36:52,669 [WARN] PackLoader:242 - Cannot read IP mode file for SEGGER.I-CUBE-embOS.1.3.1
2024-04-04 00:36:52,722 [WARN] PackLoader:242 - Cannot read IP mode file for STMicroelectronics.X-CUBE-GNSS1.6.0.0
2024-04-04 00:36:52,744 [WARN] PackLoader:242 - Cannot read IP mode file for STMicroelectronics.X-CUBE-AZRTOS-F4.1.1.0
2024-04-04 00:36:52,761 [WARN] PackLoader:242 - Cannot read IP mode file for STMicroelectronics.X-CUBE-BLEMGR.1.2.0
2024-04-04 00:36:52,788 [WARN] PackLoader:242 - Cannot read IP mode file for STMicroelectronics.X-CUBE-AZRTOS-L5.2.0.0
2024-04-04 00:36:52,833 [WARN] PackLoader:242 - Cannot read IP mode file for STMicroelectronics.X-CUBE-MEMS1.9.6.0
2024-04-04 00:36:52,962 [WARN] PackLoader:242 - Cannot read IP mode file for STMicroelectronics.X-CUBE-EEPRMA1.4.2.0
2024-04-04 00:36:52,985 [WARN] PackLoader:242 - Cannot read IP mode file for STMicroelectronics.X-CUBE-NFC6.3.1.0
2024-04-04 00:36:52,998 [WARN] PackLoader:242 - Cannot read IP mode file for ITTIA_DB.I-CUBE-ITTIADB.8.8.0
2024-04-04 00:36:53,015 [WARN] PackLoader:242 - Cannot read IP mode file for STMicroelectronics.X-CUBE-BLEMGR.2.0.0
2024-04-04 00:36:53,028 [WARN] PackLoader:242 - Cannot read IP mode file for STMicroelectronics.X-CUBE-NFC4.2.0.4
2024-04-04 00:36:53,052 [WARN] ConditionMgr:437 - getConditionDescription Invalid condition id : UX DEVICE CLASS RTOS Condition cause : null
2024-04-04 00:36:53,053 [WARN] ConditionMgr:437 - getConditionDescription Invalid condition id : UX DEVICE CLASS RTOS Condition cause : null
2024-04-04 00:36:53,055 [WARN] PackLoader:242 - Cannot read IP mode file for STMicroelectronics.X-CUBE-AZRTOS-H7.3.1.0
2024-04-04 00:36:53,056 [WARN] ConditionMgr:1038 - genDependencies : Invalid condition id : UX DEVICE CLASS RTOS Condition cause : null
2024-04-04 00:36:53,057 [WARN] ConditionMgr:1038 - genDependencies : Invalid condition id : UX DEVICE CLASS RTOS Condition cause : null
2024-04-04 00:36:53,057 [WARN] ConditionMgr:1038 - genDependencies : Invalid condition id : UX DEVICE CLASS RTOS Condition cause : null
2024-04-04 00:36:53,057 [WARN] ConditionMgr:1038 - genDependencies : Invalid condition id : UX DEVICE CLASS RTOS Condition cause : null
2024-04-04 00:36:53,057 [WARN] ConditionMgr:1038 - genDependencies : Invalid condition id : UX DEVICE CLASS RTOS Condition cause : null
2024-04-04 00:36:53,070 [WARN] PackLoader:242 - Cannot read IP mode file for wolfSSL.I-CUBE-wolfSSL.5.5.0
2024-04-04 00:36:53,082 [WARN] PackLoader:242 - Cannot read IP mode file for STMicroelectronics.X-CUBE-NFC7.1.0.1
2024-04-04 00:36:53,097 [WARN] PackLoader:242 - Cannot read IP mode file for STMicroelectronics.X-CUBE-NFC7.1.0.0
2024-04-04 00:36:53,110 [WARN] PackLoader:242 - Cannot read IP mode file for STMicroelectronics.X-CUBE-NFC6.3.0.0
2024-04-04 00:36:53,124 [WARN] PackLoader:242 - Cannot read IP mode file for STMicroelectronics.X-CUBE-EEPRMA1.4.1.0
2024-04-04 00:36:53,139 [WARN] PackLoader:242 - Cannot read IP mode file for STMicroelectronics.X-CUBE-AI.8.1.0
2024-04-04 00:36:53,168 [WARN] ConditionMgr:437 - getConditionDescription Invalid condition id : LAN8742 Phy interface Condition cause : null
2024-04-04 00:36:53,169 [WARN] PackLoader:242 - Cannot read IP mode file for STMicroelectronics.X-CUBE-AZRTOS-L4.2.0.0
2024-04-04 00:36:53,171 [WARN] ConditionMgr:1038 - genDependencies : Invalid condition id : LAN8742 Phy interface Condition cause : null
2024-04-04 00:36:53,171 [WARN] ConditionMgr:1038 - genDependencies : Invalid condition id : LAN8742 Phy interface Condition cause : null
2024-04-04 00:36:53,172 [WARN] ConditionMgr:1038 - genDependencies : Invalid condition id : LAN8742 Phy interface Condition cause : null
2024-04-04 00:36:53,188 [WARN] PackLoader:242 - Cannot read IP mode file for STMicroelectronics.X-CUBE-SFXS2LP1.4.0.0
2024-04-04 00:36:53,211 [WARN] PackLoader:242 - Cannot read IP mode file for STMicroelectronics.X-CUBE-AZRTOS-H7.3.0.0
2024-04-04 00:36:53,224 [WARN] PackLoader:242 - Cannot read IP mode file for STMicroelectronics.X-CUBE-ISPU.1.1.0
2024-04-04 00:36:53,238 [WARN] PackLoader:242 - Cannot read IP mode file for RoweBots.I-CUBE-UNISONRTOS.5.5.0-4
2024-04-04 00:36:53,258 [WARN] PackLoader:242 - Cannot read IP mode file for STMicroelectronics.X-CUBE-AI.8.0.0
2024-04-04 00:36:53,283 [WARN] ConditionMgr:437 - getConditionDescription Invalid condition id : UX DEVICE CLASS RTOS Condition cause : null
2024-04-04 00:36:53,283 [WARN] ConditionMgr:437 - getConditionDescription Invalid condition id : UX DEVICE CLASS RTOS Condition cause : null
2024-04-04 00:36:53,284 [WARN] PackLoader:242 - Cannot read IP mode file for STMicroelectronics.X-CUBE-AZRTOS-WB.2.0.0
2024-04-04 00:36:53,285 [WARN] ConditionMgr:1038 - genDependencies : Invalid condition id : UX DEVICE CLASS RTOS Condition cause : null
2024-04-04 00:36:53,285 [WARN] ConditionMgr:1038 - genDependencies : Invalid condition id : UX DEVICE CLASS RTOS Condition cause : null
2024-04-04 00:36:53,286 [WARN] ConditionMgr:1038 - genDependencies : Invalid condition id : UX DEVICE CLASS RTOS Condition cause : null
2024-04-04 00:36:53,286 [WARN] ConditionMgr:1038 - genDependencies : Invalid condition id : UX DEVICE CLASS RTOS Condition cause : null
2024-04-04 00:36:53,286 [WARN] ConditionMgr:1038 - genDependencies : Invalid condition id : UX DEVICE CLASS RTOS Condition cause : null
2024-04-04 00:36:53,299 [WARN] PackLoader:242 - Cannot read IP mode file for STMicroelectronics.X-CUBE-FREERTOS.1.0.0
2024-04-04 00:36:53,309 [WARN] PackLoader:242 - Cannot read IP mode file for STMicroelectronics.X-CUBE-FREERTOS.1.0.1
2024-04-04 00:36:53,324 [WARN] PackLoader:242 - Cannot read IP mode file for STMicroelectronics.X-CUBE-BLEMGR.1.0.0
2024-04-04 00:36:53,346 [WARN] PackLoader:242 - Cannot read IP mode file for STMicroelectronics.X-CUBE-AZRTOS-L5.1.1.0
2024-04-04 00:36:53,370 [WARN] PackLoader:242 - Cannot read IP mode file for STMicroelectronics.X-CUBE-AI.8.0.1
2024-04-04 00:36:53,393 [WARN] PackLoader:242 - Cannot read IP mode file for STMicroelectronics.X-CUBE-SUBG2.5.0.0
2024-04-04 00:36:53,419 [WARN] PackLoader:242 - Cannot read IP mode file for STMicroelectronics.X-CUBE-TOF1.3.3.1
2024-04-04 00:36:53,452 [WARN] PackLoader:242 - Cannot read IP mode file for STMicroelectronics.X-CUBE-AZRTOS-G4.2.0.0
2024-04-04 00:36:53,471 [WARN] PackLoader:242 - Cannot read IP mode file for STMicroelectronics.X-CUBE-TOF1.3.3.0
2024-04-04 00:36:53,488 [WARN] PackLoader:242 - Cannot read IP mode file for STMicroelectronics.FP-ATR-ASTRA1.1.1.1
2024-04-04 00:36:53,508 [WARN] PackLoader:242 - Cannot read IP mode file for Infineon.AIROC-Wi-Fi-Bluetooth-STM32.1.5.1
2024-04-04 00:36:53,528 [WARN] PackLoader:242 - Cannot read IP mode file for STMicroelectronics.FP-SNS-MOTENVWB1.1.3.1
2024-04-04 00:36:53,556 [WARN] PackLoader:242 - Cannot read IP mode file for STMicroelectronics.X-CUBE-AZRTOS-G4.1.0.0
2024-04-04 00:36:53,586 [WARN] PackLoader:242 - Cannot read IP mode file for STMicroelectronics.X-CUBE-AZRTOS-L4.1.0.0
2024-04-04 00:36:53,603 [WARN] PackLoader:242 - Cannot read IP mode file for STMicroelectronics.X-CUBE-ISPU.2.0.0
2024-04-04 00:36:53,643 [WARN] PackLoader:242 - Cannot read IP mode file for STMicroelectronics.X-CUBE-MEMS1.10.0.0
2024-04-04 00:36:53,719 [WARN] PackLoader:242 - Cannot read IP mode file for STMicroelectronics.X-CUBE-FREERTOS.1.1.0
2024-04-04 00:36:53,737 [WARN] PackLoader:242 - Cannot read IP mode file for STMicroelectronics.X-CUBE-AZRTOS-WL.1.0.0
2024-04-04 00:36:53,750 [WARN] PackLoader:242 - Cannot read IP mode file for portGmbH.I-Cube-SoM-uGOAL.1.1.0
2024-04-04 00:36:53,762 [WARN] PackLoader:242 - Cannot read IP mode file for STMicroelectronics.X-CUBE-ALS.1.0.1
2024-04-04 00:36:53,780 [WARN] PackLoader:242 - Cannot read IP mode file for STMicroelectronics.X-CUBE-AZRTOS-WB.1.1.0
2024-04-04 00:36:53,781 [INFO] LoadUrlFilesThread:177 - End of LoadServerUrlFiles without Thread
2024-04-04 00:36:53,799 [INFO] DetailPanel:339 - Set advertising image to C:/Users/saksh/STM32Cube/Repository/\en.prom-stm32wl3-mcu-finder.jpg
2024-04-04 00:36:53,804 [WARN] PackLoader:242 - Cannot read IP mode file for STMicroelectronics.X-CUBE-AZRTOS-L5.1.0.0
2024-04-04 00:36:53,817 [WARN] PackLoader:242 - Cannot read IP mode file for STMicroelectronics.X-CUBE-EEPRMA1.3.1.1
2024-04-04 00:36:53,829 [WARN] PackLoader:242 - Cannot read IP mode file for STMicroelectronics.FP-ATR-ASTRA1.2.0.0
2024-04-04 00:36:53,844 [WARN] PackLoader:242 - Cannot read IP mode file for STMicroelectronics.X-CUBE-TOF1.3.4.0
2024-04-04 00:36:53,880 [WARN] PackLoader:242 - Cannot read IP mode file for STMicroelectronics.X-CUBE-TOF1.3.4.1
2024-04-04 00:36:53,939 [WARN] PackLoader:242 - Cannot read IP mode file for STMicroelectronics.X-CUBE-AZRTOS-H7.3.2.0
2024-04-04 00:36:53,942 [INFO] ThirdParty:929 - Integrity check success = true
2024-04-04 00:36:53,942 [INFO] IntegrityCheckThread:98 - exiting critical section [integrity check]
2024-04-04 00:36:53,942 [INFO] IntegrityCheckThread:101 - End integrity checks thread
2024-04-04 00:38:41,687 [INFO] MainUpdater:2768 - connection check result : 10
2024-04-04 00:38:41,687 [INFO] MainUpdater:2768 - connection check result : 10
2024-04-04 00:38:41,713 [INFO] MicroXplorer:451 - Change Database Path : 
2024-04-04 00:38:41,713 [INFO] MicroXplorer:481 - Change Database Version : DB.6.0.60
2024-04-04 00:38:41,713 [WARN] ThirdParty:827 - waiting for thirdparty lock release [close project]
2024-04-04 00:38:41,713 [INFO] ThirdParty:829 - entering critical section [close project]
2024-04-04 00:38:41,714 [INFO] ThirdParty:839 - exiting critical section [close project]
2024-04-04 00:38:41,717 [INFO] PinOutPanel:1468 - setPackage(No Configuration,No Configuration)
2024-04-04 00:38:41,721 [INFO] UtilMem:74 - Begin LoadConfig() Used Memory: 568479088 Bytes (621805568)
2024-04-04 00:38:41,721 [INFO] MicroXplorer:451 - Change Database Path : 
2024-04-04 00:38:41,721 [INFO] MicroXplorer:481 - Change Database Version : DB.6.0.60
2024-04-04 00:38:41,721 [INFO] OpenFileManager:307 - Change cursor
2024-04-04 00:38:41,853 [INFO] Mcu:1922 - Initializing MCU STM32G474RETx STM32G474RETx 
2024-04-04 00:38:41,853 [INFO] Mcu:1935 - No CPN specified => set CPN to STM32G474RET3
2024-04-04 00:38:46,178 [INFO] Context:654 - Trying to add GPIOservice into a context  which must be forbidden
2024-04-04 00:38:47,969 [INFO] ImportTextPane:193 - (OptionalMessage_ERROR) Unable to find key (Mcu.ThirdPartyNb) in loaded IOC file
2024-04-04 00:38:47,971 [INFO] ImportTextPane:193 - (OptionalMessage_ERROR) Unable to find key (Mcu.PinsNb) in loaded IOC file
2024-04-04 00:38:47,971 [INFO] ImportTextPane:193 - (OptionalMessage_ERROR) Unable to find key (Mcu.IPNb) in loaded IOC file
2024-04-04 00:38:48,058 [WARN] ApiManager:308 - Cannot register API 'Board Extension:GNSS1A1' from pack STMicroelectronics.X-CUBE-GNSS1.6.0.0: no header file found
2024-04-04 00:38:48,058 [WARN] ApiManager:308 - Cannot register API 'Board Support:Custom' from pack STMicroelectronics.X-CUBE-GNSS1.6.0.0: no header file found
2024-04-04 00:38:48,058 [WARN] ApiManager:308 - Cannot register API 'Data Exchange:lib_gnss' from pack STMicroelectronics.X-CUBE-GNSS1.6.0.0: no header file found
2024-04-04 00:38:48,170 [WARN] ApiManager:308 - Cannot register API 'Board Extension:IKS01A3' from pack STMicroelectronics.X-CUBE-MEMS1.9.6.0: no header file found
2024-04-04 00:38:48,170 [WARN] ApiManager:308 - Cannot register API 'Board Extension:IKS01A2' from pack STMicroelectronics.X-CUBE-MEMS1.9.6.0: no header file found
2024-04-04 00:38:48,171 [WARN] ApiManager:308 - Cannot register API 'Board Extension:IKS02A1' from pack STMicroelectronics.X-CUBE-MEMS1.9.6.0: no header file found
2024-04-04 00:38:48,178 [WARN] ApiManager:308 - Cannot register API 'Board Extension:EEPRMA2' from pack STMicroelectronics.X-CUBE-EEPRMA1.4.2.0: no header file found
2024-04-04 00:38:48,179 [WARN] ApiManager:308 - Cannot register API 'Board Extension:PGEEZ1' from pack STMicroelectronics.X-CUBE-EEPRMA1.4.2.0: no header file found
2024-04-04 00:38:48,179 [WARN] ApiManager:308 - Cannot register API 'Board Part:M24' from pack STMicroelectronics.X-CUBE-EEPRMA1.4.2.0: no header file found
2024-04-04 00:38:48,179 [WARN] ApiManager:308 - Cannot register API 'Board Part:M95' from pack STMicroelectronics.X-CUBE-EEPRMA1.4.2.0: no header file found
2024-04-04 00:38:48,179 [WARN] ApiManager:308 - Cannot register API 'Board Part:M95P32' from pack STMicroelectronics.X-CUBE-EEPRMA1.4.2.0: no header file found
2024-04-04 00:38:48,180 [WARN] ApiManager:308 - Cannot register API 'PGEEZ1:SPI' from pack STMicroelectronics.X-CUBE-EEPRMA1.4.2.0: no header file found
2024-04-04 00:38:48,180 [WARN] ApiManager:308 - Cannot register API 'PGEEZ1:QDSPI' from pack STMicroelectronics.X-CUBE-EEPRMA1.4.2.0: no header file found
2024-04-04 00:38:48,181 [WARN] ApiManager:308 - Cannot register API 'Board Extension:NFC06A1' from pack STMicroelectronics.X-CUBE-NFC6.3.1.0: no header file found
2024-04-04 00:38:48,181 [WARN] ApiManager:308 - Cannot register API 'Board Extension:NFC08A1' from pack STMicroelectronics.X-CUBE-NFC6.3.1.0: no header file found
2024-04-04 00:38:48,185 [WARN] ApiManager:308 - Cannot register API 'Wireless:BlueNRG-MS' from pack STMicroelectronics.X-CUBE-BLE1.6.2.3: no header file found
2024-04-04 00:38:48,185 [WARN] ApiManager:308 - Cannot register API 'Wireless:BlueNRG-MS' from pack STMicroelectronics.X-CUBE-BLE1.6.2.4: no header file found
2024-04-04 00:38:48,193 [INFO] RtosManager:488 - Registered RTOS mode: class=CMSIS, group=RTOS, mode=CMSIS_V1, owner=FREERTOS
2024-04-04 00:38:48,193 [INFO] RtosManager:488 - Registered RTOS mode: class=CMSIS, group=RTOS2, mode=CMSIS_V2, owner=FREERTOS
2024-04-04 00:38:48,194 [INFO] RtosManager:488 - Registered RTOS mode: class=RTOS, group=Core, mode=CMSIS_V1, owner=FREERTOS
2024-04-04 00:38:48,194 [INFO] RtosManager:488 - Registered RTOS mode: class=RTOS, group=Core, mode=CMSIS_V2, owner=FREERTOS
2024-04-04 00:38:48,194 [WARN] ModelIntegratedComponent:185 - Missing modes for component STMicroelectronics:FreeRTOS:0.0.1:STMicroelectronics:RTOS:FreeRTOS:Core:::10.2.0:
2024-04-04 00:38:48,196 [WARN] ApiManager:308 - Cannot register API 'Board Extension:NFC04A1' from pack STMicroelectronics.X-CUBE-NFC4.2.0.4: no header file found
2024-04-04 00:38:48,200 [WARN] ApiManager:308 - Cannot register API 'Wireless:BlueNRG-MS' from pack STMicroelectronics.X-CUBE-BLE1.7.0.0: no header file found
2024-04-04 00:38:48,202 [WARN] ModelIntegratedComponent:64 - No mode defined for component null
2024-04-04 00:38:48,202 [WARN] ModelIntegratedComponent:64 - No mode defined for component null
2024-04-04 00:38:48,202 [WARN] ModelIntegratedComponent:64 - No mode defined for component null
2024-04-04 00:38:48,203 [WARN] ModelIntegratedComponent:64 - No mode defined for component null
2024-04-04 00:38:48,203 [WARN] ModelIntegratedComponent:64 - No mode defined for component null
2024-04-04 00:38:48,203 [WARN] ModelIntegratedComponent:64 - No mode defined for component null
2024-04-04 00:38:48,203 [WARN] ModelIntegratedComponent:64 - No mode defined for component null
2024-04-04 00:38:48,203 [WARN] ModelIntegratedComponent:64 - No mode defined for component null
2024-04-04 00:38:48,203 [WARN] ModelIntegratedComponent:64 - No mode defined for component null
2024-04-04 00:38:48,204 [WARN] ModelIntegratedComponent:64 - No mode defined for component null
2024-04-04 00:38:48,204 [WARN] ModelIntegratedComponent:64 - No mode defined for component null
2024-04-04 00:38:48,204 [WARN] ModelIntegratedComponent:64 - No mode defined for component null
2024-04-04 00:38:48,204 [WARN] ModelIntegratedComponent:64 - No mode defined for component null
2024-04-04 00:38:48,204 [WARN] ModelIntegratedComponent:64 - No mode defined for component null
2024-04-04 00:38:48,204 [WARN] ModelIntegratedComponent:64 - No mode defined for component null
2024-04-04 00:38:48,204 [WARN] ModelIntegratedComponent:64 - No mode defined for component null
2024-04-04 00:38:48,204 [WARN] ModelIntegratedComponent:64 - No mode defined for component null
2024-04-04 00:38:48,205 [WARN] ModelIntegratedComponent:64 - No mode defined for component null
2024-04-04 00:38:48,205 [WARN] ModelIntegratedComponent:64 - No mode defined for component null
2024-04-04 00:38:48,205 [WARN] ModelIntegratedComponent:64 - No mode defined for component null
2024-04-04 00:38:48,205 [WARN] ModelIntegratedComponent:64 - No mode defined for component null
2024-04-04 00:38:48,205 [WARN] ModelIntegratedComponent:64 - No mode defined for component null
2024-04-04 00:38:48,205 [WARN] ModelIntegratedComponent:64 - No mode defined for component null
2024-04-04 00:38:48,205 [WARN] ModelIntegratedComponent:64 - No mode defined for component null
2024-04-04 00:38:48,206 [WARN] ModelIntegratedComponent:64 - No mode defined for component null
2024-04-04 00:38:48,206 [WARN] ModelIntegratedComponent:64 - No mode defined for component null
2024-04-04 00:38:48,206 [WARN] ModelIntegratedComponent:64 - No mode defined for component null
2024-04-04 00:38:48,206 [WARN] ModelIntegratedComponent:64 - No mode defined for component null
2024-04-04 00:38:48,206 [WARN] ModelIntegratedComponent:64 - No mode defined for component null
2024-04-04 00:38:48,207 [WARN] ModelIntegratedComponent:64 - No mode defined for component null
2024-04-04 00:38:48,207 [WARN] ModelIntegratedComponent:64 - No mode defined for component null
2024-04-04 00:38:48,207 [WARN] ModelIntegratedComponent:64 - No mode defined for component null
2024-04-04 00:38:48,207 [WARN] ModelIntegratedComponent:64 - No mode defined for component null
2024-04-04 00:38:48,209 [WARN] ApiManager:308 - Cannot register API 'Board Extension:NFC07A1' from pack STMicroelectronics.X-CUBE-NFC7.1.0.1: no header file found
2024-04-04 00:38:48,209 [WARN] ApiManager:308 - Cannot register API 'Board Extension:NFC07A1' from pack STMicroelectronics.X-CUBE-NFC7.1.0.0: no header file found
2024-04-04 00:38:48,211 [WARN] ApiManager:308 - Cannot register API 'Board Extension:NFC06A1' from pack STMicroelectronics.X-CUBE-NFC6.3.0.0: no header file found
2024-04-04 00:38:48,211 [WARN] ApiManager:308 - Cannot register API 'Board Extension:NFC08A1' from pack STMicroelectronics.X-CUBE-NFC6.3.0.0: no header file found
2024-04-04 00:38:48,264 [WARN] ApiManager:308 - Cannot register API 'Board Extension:IKS01A3' from pack STMicroelectronics.X-CUBE-MEMS1.9.3.0: no header file found
2024-04-04 00:38:48,265 [WARN] ApiManager:308 - Cannot register API 'Board Extension:IKS01A2' from pack STMicroelectronics.X-CUBE-MEMS1.9.3.0: no header file found
2024-04-04 00:38:48,265 [WARN] ApiManager:308 - Cannot register API 'Board Extension:IKS02A1' from pack STMicroelectronics.X-CUBE-MEMS1.9.3.0: no header file found
2024-04-04 00:38:48,267 [WARN] ApiManager:308 - Cannot register API 'Board Extension:EEPRMA1' from pack STMicroelectronics.X-CUBE-EEPRMA1.4.1.0: no header file found
2024-04-04 00:38:48,267 [WARN] ApiManager:308 - Cannot register API 'Board Extension:EEPRMA2' from pack STMicroelectronics.X-CUBE-EEPRMA1.4.1.0: no header file found
2024-04-04 00:38:48,267 [WARN] ApiManager:308 - Cannot register API 'Board Extension:PGEEZ1' from pack STMicroelectronics.X-CUBE-EEPRMA1.4.1.0: no header file found
2024-04-04 00:38:48,268 [WARN] ApiManager:308 - Cannot register API 'Board Part:M24' from pack STMicroelectronics.X-CUBE-EEPRMA1.4.1.0: no header file found
2024-04-04 00:38:48,268 [WARN] ApiManager:308 - Cannot register API 'Board Part:M95' from pack STMicroelectronics.X-CUBE-EEPRMA1.4.1.0: no header file found
2024-04-04 00:38:48,268 [WARN] ApiManager:308 - Cannot register API 'Board Part:M95P32' from pack STMicroelectronics.X-CUBE-EEPRMA1.4.1.0: no header file found
2024-04-04 00:38:48,268 [WARN] ApiManager:308 - Cannot register API 'PGEEZ1:SPI' from pack STMicroelectronics.X-CUBE-EEPRMA1.4.1.0: no header file found
2024-04-04 00:38:48,268 [WARN] ApiManager:308 - Cannot register API 'PGEEZ1:QDSPI' from pack STMicroelectronics.X-CUBE-EEPRMA1.4.1.0: no header file found
2024-04-04 00:38:48,271 [WARN] ApiManager:308 - Cannot register API 'Board Extension:S2868A1' from pack STMicroelectronics.X-CUBE-SFXS2LP1.4.0.0: no header file found
2024-04-04 00:38:48,271 [WARN] ApiManager:308 - Cannot register API 'Board Extension:S2868A2' from pack STMicroelectronics.X-CUBE-SFXS2LP1.4.0.0: no header file found
2024-04-04 00:38:48,271 [WARN] ApiManager:308 - Cannot register API 'Board Extension:S2915A1' from pack STMicroelectronics.X-CUBE-SFXS2LP1.4.0.0: no header file found
2024-04-04 00:38:48,271 [WARN] ApiManager:308 - Cannot register API 'Wireless:BlueNRG-2' from pack STMicroelectronics.X-CUBE-BLE2.3.3.0: no header file found
2024-04-04 00:38:48,322 [WARN] ApiManager:308 - Cannot register API 'Board Extension:IKS01A3' from pack STMicroelectronics.X-CUBE-MEMS1.9.4.0: no header file found
2024-04-04 00:38:48,322 [WARN] ApiManager:308 - Cannot register API 'Board Extension:IKS01A2' from pack STMicroelectronics.X-CUBE-MEMS1.9.4.0: no header file found
2024-04-04 00:38:48,322 [WARN] ApiManager:308 - Cannot register API 'Board Extension:IKS02A1' from pack STMicroelectronics.X-CUBE-MEMS1.9.4.0: no header file found
2024-04-04 00:38:48,327 [WARN] ApiManager:308 - Cannot register API 'Board Extension:STSAFEA1' from pack STMicroelectronics.X-CUBE-SAFEA1.1.2.2: no header file found
2024-04-04 00:38:48,327 [WARN] ApiManager:308 - Cannot register API 'Board Part:STSAFEA110' from pack STMicroelectronics.X-CUBE-SAFEA1.1.2.2: no header file found
2024-04-04 00:38:48,327 [WARN] ApiManager:308 - Cannot register API 'Security:ST_Cryptolib' from pack STMicroelectronics.X-CUBE-SAFEA1.1.2.2: no header file found
2024-04-04 00:38:48,327 [WARN] ApiManager:308 - Cannot register API 'Security:MbedTLS' from pack STMicroelectronics.X-CUBE-SAFEA1.1.2.2: no header file found
2024-04-04 00:38:48,328 [WARN] ApiManager:308 - Cannot register API 'Board Extension:NFC04A1' from pack STMicroelectronics.X-CUBE-NFC4.3.0.0: no header file found
2024-04-04 00:38:48,332 [WARN] ApiManager:308 - Cannot register API 'Board Extension:S2868A1' from pack STMicroelectronics.X-CUBE-SUBG2.5.0.0: no header file found
2024-04-04 00:38:48,332 [WARN] ApiManager:308 - Cannot register API 'Board Extension:S2868A2' from pack STMicroelectronics.X-CUBE-SUBG2.5.0.0: no header file found
2024-04-04 00:38:48,333 [WARN] ApiManager:308 - Cannot register API 'Board Extension:S2915A1' from pack STMicroelectronics.X-CUBE-SUBG2.5.0.0: no header file found
2024-04-04 00:38:48,342 [WARN] ApiManager:308 - Cannot register API 'Board Extension:EEPRMA2' from pack STMicroelectronics.X-CUBE-EEPRMA1.5.1.0: no header file found
2024-04-04 00:38:48,342 [WARN] ApiManager:308 - Cannot register API 'Board Extension:PGEEZ1' from pack STMicroelectronics.X-CUBE-EEPRMA1.5.1.0: no header file found
2024-04-04 00:38:48,342 [WARN] ApiManager:308 - Cannot register API 'Board Extension:EEICA1' from pack STMicroelectronics.X-CUBE-EEPRMA1.5.1.0: no header file found
2024-04-04 00:38:48,342 [WARN] ApiManager:308 - Cannot register API 'Board Part:M24' from pack STMicroelectronics.X-CUBE-EEPRMA1.5.1.0: no header file found
2024-04-04 00:38:48,343 [WARN] ApiManager:308 - Cannot register API 'Board Part:M95' from pack STMicroelectronics.X-CUBE-EEPRMA1.5.1.0: no header file found
2024-04-04 00:38:48,343 [WARN] ApiManager:308 - Cannot register API 'Board Part:M95P32' from pack STMicroelectronics.X-CUBE-EEPRMA1.5.1.0: no header file found
2024-04-04 00:38:48,343 [WARN] ApiManager:308 - Cannot register API 'Board Part:M24256E-F' from pack STMicroelectronics.X-CUBE-EEPRMA1.5.1.0: no header file found
2024-04-04 00:38:48,343 [WARN] ApiManager:308 - Cannot register API 'Board Part:M24M01E-F' from pack STMicroelectronics.X-CUBE-EEPRMA1.5.1.0: no header file found
2024-04-04 00:38:48,343 [WARN] ApiManager:308 - Cannot register API 'PGEEZ1:SPI' from pack STMicroelectronics.X-CUBE-EEPRMA1.5.1.0: no header file found
2024-04-04 00:38:48,344 [WARN] ApiManager:308 - Cannot register API 'PGEEZ1:QDSPI' from pack STMicroelectronics.X-CUBE-EEPRMA1.5.1.0: no header file found
2024-04-04 00:38:48,397 [WARN] ApiManager:308 - Cannot register API 'Board Extension:IKS01A3' from pack STMicroelectronics.X-CUBE-MEMS1.10.0.0: no header file found
2024-04-04 00:38:48,397 [WARN] ApiManager:308 - Cannot register API 'Board Extension:IKS02A1' from pack STMicroelectronics.X-CUBE-MEMS1.10.0.0: no header file found
2024-04-04 00:38:48,397 [WARN] ApiManager:308 - Cannot register API 'Board Extension:IKS4A1' from pack STMicroelectronics.X-CUBE-MEMS1.10.0.0: no header file found
2024-04-04 00:38:48,449 [WARN] ApiManager:308 - Cannot register API 'Board Extension:IKS01A3' from pack STMicroelectronics.X-CUBE-MEMS1.9.5.0: no header file found
2024-04-04 00:38:48,450 [WARN] ApiManager:308 - Cannot register API 'Board Extension:IKS01A2' from pack STMicroelectronics.X-CUBE-MEMS1.9.5.0: no header file found
2024-04-04 00:38:48,450 [WARN] ApiManager:308 - Cannot register API 'Board Extension:IKS02A1' from pack STMicroelectronics.X-CUBE-MEMS1.9.5.0: no header file found
2024-04-04 00:38:48,457 [WARN] ApiManager:308 - Cannot register API 'Board Extension:EEPRMA1' from pack STMicroelectronics.X-CUBE-EEPRMA1.3.1.1: no header file found
2024-04-04 00:38:48,457 [WARN] ApiManager:308 - Cannot register API 'Board Extension:EEPRMA2' from pack STMicroelectronics.X-CUBE-EEPRMA1.3.1.1: no header file found
2024-04-04 00:38:48,483 [INFO] ThirdPartyModel:289 - Start build external matchings
2024-04-04 00:38:50,228 [INFO] ThirdPartyModel:302 - End build external matchings
2024-04-04 00:38:50,666 [INFO] UtilMem:74 - End LoadConfig() Used Memory: 656292704 Bytes (792723456)
2024-04-04 00:38:50,772 [WARN] ThirdParty:789 - waiting for thirdparty lock release [change project]
2024-04-04 00:38:50,772 [INFO] ThirdParty:791 - entering critical section [change project]
2024-04-04 00:38:50,772 [INFO] ThirdParty:981 - CMSIS Pack Vendor :STMicroelectronics X-CUBE-GNSS1 6.0.0
2024-04-04 00:38:50,772 [INFO] ThirdParty:981 - CMSIS Pack Vendor :STMicroelectronics USB_HOST 2.0.0
2024-04-04 00:38:50,772 [INFO] ThirdParty:981 - CMSIS Pack Vendor :STMicroelectronics X-CUBE-AZRTOS-F4 1.1.0
2024-04-04 00:38:50,772 [INFO] ThirdParty:981 - CMSIS Pack Vendor :STMicroelectronics LIBJPEG 8.0.0
2024-04-04 00:38:50,773 [INFO] ThirdParty:981 - CMSIS Pack Vendor :STMicroelectronics X-CUBE-SMBUS 2.1.0
2024-04-04 00:38:50,773 [INFO] ThirdParty:981 - CMSIS Pack Vendor :STMicroelectronics X-CUBE-TOUCHGFX 4.23.1
2024-04-04 00:38:50,773 [INFO] ThirdParty:981 - CMSIS Pack Vendor :STMicroelectronics X-CUBE-TOUCHGFX 4.23.0
2024-04-04 00:38:50,773 [INFO] ThirdParty:981 - CMSIS Pack Vendor :STMicroelectronics X-CUBE-BLEMGR 1.2.0
2024-04-04 00:38:50,773 [INFO] ThirdParty:981 - CMSIS Pack Vendor :STMicroelectronics X-CUBE-AZRTOS-F7 1.1.0
2024-04-04 00:38:50,773 [INFO] ThirdParty:981 - CMSIS Pack Vendor :STMicroelectronics X-CUBE-AZRTOS-L5 2.0.0
2024-04-04 00:38:50,773 [INFO] ThirdParty:981 - CMSIS Pack Vendor :STMicroelectronics USB_DEVICE 2.0.0
2024-04-04 00:38:50,773 [INFO] ThirdParty:981 - CMSIS Pack Vendor :STMicroelectronics X-CUBE-MEMS1 9.6.0
2024-04-04 00:38:50,773 [INFO] ThirdParty:981 - CMSIS Pack Vendor :STMicroelectronics X-CUBE-EEPRMA1 4.2.0
2024-04-04 00:38:50,773 [INFO] ThirdParty:981 - CMSIS Pack Vendor :STMicroelectronics X-CUBE-NFC6 3.1.0
2024-04-04 00:38:50,773 [INFO] ThirdParty:981 - CMSIS Pack Vendor :ITTIA_DB I-CUBE-ITTIADB 8.8.0
2024-04-04 00:38:50,773 [INFO] ThirdParty:981 - CMSIS Pack Vendor :STMicroelectronics FP-SNS-MOTENV1 4.3.0
2024-04-04 00:38:50,773 [INFO] ThirdParty:981 - CMSIS Pack Vendor :STMicroelectronics FP-SNS-MOTENV1 4.3.2
2024-04-04 00:38:50,773 [INFO] ThirdParty:981 - CMSIS Pack Vendor :STMicroelectronics FP-SNS-FLIGHT1 5.0.0
2024-04-04 00:38:50,773 [INFO] ThirdParty:981 - CMSIS Pack Vendor :STMicroelectronics FP-SNS-MOTENV1 4.3.1
2024-04-04 00:38:50,773 [INFO] ThirdParty:981 - CMSIS Pack Vendor :STMicroelectronics FP-SNS-FLIGHT1 5.0.1
2024-04-04 00:38:50,773 [INFO] ThirdParty:981 - CMSIS Pack Vendor :STMicroelectronics X-CUBE-BLE1 6.2.3
2024-04-04 00:38:50,773 [INFO] ThirdParty:981 - CMSIS Pack Vendor :STMicroelectronics X-CUBE-BLE1 6.2.4
2024-04-04 00:38:50,773 [INFO] ThirdParty:981 - CMSIS Pack Vendor :STMicroelectronics FreeRTOS 0.0.1
2024-04-04 00:38:50,773 [INFO] ThirdParty:981 - CMSIS Pack Vendor :STMicroelectronics X-CUBE-BLEMGR 2.0.0
2024-04-04 00:38:50,773 [INFO] ThirdParty:981 - CMSIS Pack Vendor :STMicroelectronics FP-SNS-FLIGHT1 5.0.2
2024-04-04 00:38:50,773 [INFO] ThirdParty:981 - CMSIS Pack Vendor :STMicroelectronics X-CUBE-NFC4 2.0.4
2024-04-04 00:38:50,773 [INFO] ThirdParty:981 - CMSIS Pack Vendor :STMicroelectronics X-CUBE-AZRTOS-H7 3.1.0
2024-04-04 00:38:50,773 [INFO] ThirdParty:981 - CMSIS Pack Vendor :STMicroelectronics PDM2PCM 3.3.0
2024-04-04 00:38:50,773 [INFO] ThirdParty:981 - CMSIS Pack Vendor :STMicroelectronics X-CUBE-TOF1 3.1.0
2024-04-04 00:38:50,774 [INFO] ThirdParty:981 - CMSIS Pack Vendor :STMicroelectronics X-CUBE-DISPLAY 3.0.0
2024-04-04 00:38:50,774 [INFO] ThirdParty:981 - CMSIS Pack Vendor :STMicroelectronics X-CUBE-BLE1 7.0.0
2024-04-04 00:38:50,774 [INFO] ThirdParty:981 - CMSIS Pack Vendor :wolfSSL I-CUBE-wolfSSL 5.5.0
2024-04-04 00:38:50,774 [INFO] ThirdParty:981 - CMSIS Pack Vendor :STMicroelectronics HAL Drivers 0.0.0
2024-04-04 00:38:50,774 [INFO] ThirdParty:981 - CMSIS Pack Vendor :STMicroelectronics X-CUBE-TOUCHGFX 4.22.0
2024-04-04 00:38:50,774 [INFO] ThirdParty:981 - CMSIS Pack Vendor :STMicroelectronics X-CUBE-NFC7 1.0.1
2024-04-04 00:38:50,774 [INFO] ThirdParty:981 - CMSIS Pack Vendor :STMicroelectronics MBEDTLS 2.14.1
2024-04-04 00:38:50,774 [INFO] ThirdParty:981 - CMSIS Pack Vendor :STMicroelectronics X-CUBE-NFC7 1.0.0
2024-04-04 00:38:50,774 [INFO] ThirdParty:981 - CMSIS Pack Vendor :STMicroelectronics X-CUBE-NFC6 3.0.0
2024-04-04 00:38:50,774 [INFO] ThirdParty:981 - CMSIS Pack Vendor :STMicroelectronics X-CUBE-MEMS1 9.3.0
2024-04-04 00:38:50,774 [INFO] ThirdParty:981 - CMSIS Pack Vendor :STMicroelectronics X-CUBE-EEPRMA1 4.1.0
2024-04-04 00:38:50,774 [INFO] ThirdParty:981 - CMSIS Pack Vendor :STMicroelectronics X-CUBE-AI 7.2.0
2024-04-04 00:38:50,774 [INFO] ThirdParty:981 - CMSIS Pack Vendor :STMicroelectronics X-CUBE-BLEMGR 3.1.0
2024-04-04 00:38:50,774 [INFO] ThirdParty:981 - CMSIS Pack Vendor :STMicroelectronics FP-SNS-SMARTAG2 1.2.0
2024-04-04 00:38:50,774 [INFO] ThirdParty:981 - CMSIS Pack Vendor :STMicroelectronics X-CUBE-AZRTOS-WL 2.0.0
2024-04-04 00:38:50,775 [INFO] ThirdParty:981 - CMSIS Pack Vendor :STMicroelectronics FP-SNS-MOTENV1 5.0.0
2024-04-04 00:38:50,775 [INFO] ThirdParty:981 - CMSIS Pack Vendor :STMicroelectronics USB_DEVICE 1.0.0
2024-04-04 00:38:50,775 [INFO] ThirdParty:981 - CMSIS Pack Vendor :STMicroelectronics X-CUBE-AI 8.1.0
2024-04-04 00:38:50,775 [INFO] ThirdParty:981 - CMSIS Pack Vendor :STMicroelectronics X-CUBE-AZRTOS-L4 2.0.0
2024-04-04 00:38:50,775 [INFO] ThirdParty:981 - CMSIS Pack Vendor :STMicroelectronics ThreadX 0.0.2
2024-04-04 00:38:50,775 [INFO] ThirdParty:981 - CMSIS Pack Vendor :WES I-CUBE-Cesium 1.3.0
2024-04-04 00:38:50,775 [INFO] ThirdParty:981 - CMSIS Pack Vendor :STMicroelectronics lwIP 2.1.2
2024-04-04 00:38:50,775 [INFO] ThirdParty:981 - CMSIS Pack Vendor :STMicroelectronics X-CUBE-SFXS2LP1 4.0.0
2024-04-04 00:38:50,775 [INFO] ThirdParty:981 - CMSIS Pack Vendor :STMicroelectronics X-CUBE-BLE2 3.3.0
2024-04-04 00:38:50,775 [INFO] ThirdParty:981 - CMSIS Pack Vendor :STMicroelectronics X-CUBE-DISPLAY 2.2.0
2024-04-04 00:38:50,775 [INFO] ThirdParty:981 - CMSIS Pack Vendor :STMicroelectronics X-CUBE-TOF1 3.2.0
2024-04-04 00:38:50,775 [INFO] ThirdParty:981 - CMSIS Pack Vendor :STMicroelectronics PDM2PCM 3.2.0
2024-04-04 00:38:50,775 [INFO] ThirdParty:981 - CMSIS Pack Vendor :STMicroelectronics X-CUBE-AZRTOS-H7 3.0.0
2024-04-04 00:38:50,775 [INFO] ThirdParty:981 - CMSIS Pack Vendor :STMicroelectronics X-CUBE-ISPU 1.0.0
2024-04-04 00:38:50,775 [INFO] ThirdParty:981 - CMSIS Pack Vendor :STMicroelectronics X-CUBE-ISPU 1.1.0
2024-04-04 00:38:50,775 [INFO] ThirdParty:981 - CMSIS Pack Vendor :RoweBots I-CUBE-UNISONRTOS 5.5.0-4
2024-04-04 00:38:50,775 [INFO] ThirdParty:981 - CMSIS Pack Vendor :STMicroelectronics X-CUBE-AZRTOS-H7 2.1.0
2024-04-04 00:38:50,775 [INFO] ThirdParty:981 - CMSIS Pack Vendor :STMicroelectronics USB_DEVICE 3.0.0
2024-04-04 00:38:50,775 [INFO] ThirdParty:981 - CMSIS Pack Vendor :STMicroelectronics X-CUBE-AI 8.0.0
2024-04-04 00:38:50,775 [INFO] ThirdParty:981 - CMSIS Pack Vendor :STMicroelectronics X-CUBE-AZRTOS-WB 2.0.0
2024-04-04 00:38:50,775 [INFO] ThirdParty:981 - CMSIS Pack Vendor :STMicroelectronics X-CUBE-FREERTOS 1.0.0
2024-04-04 00:38:50,775 [INFO] ThirdParty:981 - CMSIS Pack Vendor :STMicroelectronics X-CUBE-FREERTOS 1.0.1
2024-04-04 00:38:50,775 [INFO] ThirdParty:981 - CMSIS Pack Vendor :STMicroelectronics X-CUBE-TOUCHGFX 4.21.1
2024-04-04 00:38:50,775 [INFO] ThirdParty:981 - CMSIS Pack Vendor :STMicroelectronics X-CUBE-TOUCHGFX 4.21.3
2024-04-04 00:38:50,775 [INFO] ThirdParty:981 - CMSIS Pack Vendor :STMicroelectronics X-CUBE-BLEMGR 1.0.0
2024-04-04 00:38:50,775 [INFO] ThirdParty:981 - CMSIS Pack Vendor :STMicroelectronics X-CUBE-TOUCHGFX 4.21.4
2024-04-04 00:38:50,775 [INFO] ThirdParty:981 - CMSIS Pack Vendor :STMicroelectronics X-CUBE-MEMS1 9.4.0
2024-04-04 00:38:50,775 [INFO] ThirdParty:981 - CMSIS Pack Vendor :STMicroelectronics X-CUBE-AI 7.3.0
2024-04-04 00:38:50,776 [INFO] ThirdParty:981 - CMSIS Pack Vendor :STMicroelectronics X-CUBE-ALGOBUILD 1.3.0
2024-04-04 00:38:50,776 [INFO] ThirdParty:981 - CMSIS Pack Vendor :STMicroelectronics X-CUBE-AZRTOS-L5 1.1.0
2024-04-04 00:38:50,776 [INFO] ThirdParty:981 - CMSIS Pack Vendor :STMicroelectronics X-CUBE-AZRTOS-G0 1.1.0
2024-04-04 00:38:50,776 [INFO] ThirdParty:981 - CMSIS Pack Vendor :STMicroelectronics X-CUBE-AI 8.0.1
2024-04-04 00:38:50,776 [INFO] ThirdParty:981 - CMSIS Pack Vendor :STMicroelectronics X-CUBE-SAFEA1 1.2.2
2024-04-04 00:38:50,776 [INFO] ThirdParty:981 - CMSIS Pack Vendor :STMicroelectronics X-CUBE-NFC4 3.0.0
2024-04-04 00:38:50,776 [INFO] ThirdParty:981 - CMSIS Pack Vendor :SEGGER I-CUBE-embOS 1.2.0
2024-04-04 00:38:50,776 [INFO] ThirdParty:981 - CMSIS Pack Vendor :STMicroelectronics X-CUBE-SUBG2 5.0.0
2024-04-04 00:38:50,776 [INFO] ThirdParty:981 - CMSIS Pack Vendor :STMicroelectronics STM32_WPAN 1.0.0
2024-04-04 00:38:50,776 [INFO] ThirdParty:981 - CMSIS Pack Vendor :STMicroelectronics lwIP 2.0.3
2024-04-04 00:38:50,776 [INFO] ThirdParty:981 - CMSIS Pack Vendor :STMicroelectronics USB_HOST 1.0.0
2024-04-04 00:38:50,776 [INFO] ThirdParty:981 - CMSIS Pack Vendor :STMicroelectronics X-CUBE-TOF1 3.3.1
2024-04-04 00:38:50,776 [INFO] ThirdParty:981 - CMSIS Pack Vendor :STMicroelectronics X-CUBE-AZRTOS-G4 2.0.0
2024-04-04 00:38:50,776 [INFO] ThirdParty:981 - CMSIS Pack Vendor :STMicroelectronics PDM2PCM 3.1.0
2024-04-04 00:38:50,776 [INFO] ThirdParty:981 - CMSIS Pack Vendor :STMicroelectronics X-CUBE-TOF1 3.3.0
2024-04-04 00:38:50,776 [INFO] ThirdParty:981 - CMSIS Pack Vendor :STMicroelectronics FP-ATR-ASTRA1 1.1.1
2024-04-04 00:38:50,776 [INFO] ThirdParty:981 - CMSIS Pack Vendor :Infineon AIROC-Wi-Fi-Bluetooth-STM32 1.5.1
2024-04-04 00:38:50,776 [INFO] ThirdParty:981 - CMSIS Pack Vendor :STMicroelectronics X-CUBE-BLEMGR 3.0.0
2024-04-04 00:38:50,776 [INFO] ThirdParty:981 - CMSIS Pack Vendor :STMicroelectronics X-CUBE-BLEMGR 1.3.0
2024-04-04 00:38:50,776 [INFO] ThirdParty:981 - CMSIS Pack Vendor :STMicroelectronics FP-SNS-MOTENVWB1 1.3.1
2024-04-04 00:38:50,776 [INFO] ThirdParty:981 - CMSIS Pack Vendor :STMicroelectronics FP-ATR-SIGFOX1 3.2.0
2024-04-04 00:38:50,776 [INFO] ThirdParty:981 - CMSIS Pack Vendor :STMicroelectronics X-CUBE-AZRTOS-G4 1.0.0
2024-04-04 00:38:50,776 [INFO] ThirdParty:981 - CMSIS Pack Vendor :STMicroelectronics X-CUBE-AZRTOS-L4 1.0.0
2024-04-04 00:38:50,776 [INFO] ThirdParty:981 - CMSIS Pack Vendor :STMicroelectronics X-CUBE-ISPU 2.0.0
2024-04-04 00:38:50,776 [INFO] ThirdParty:981 - CMSIS Pack Vendor :STMicroelectronics X-CUBE-EEPRMA1 5.1.0
2024-04-04 00:38:50,776 [INFO] ThirdParty:981 - CMSIS Pack Vendor :STMicroelectronics MBEDTLS 2.16.2
2024-04-04 00:38:50,776 [INFO] ThirdParty:981 - CMSIS Pack Vendor :emotas I-CUBE-CANOPEN 1.1.2
2024-04-04 00:38:50,776 [INFO] ThirdParty:981 - CMSIS Pack Vendor :STMicroelectronics X-CUBE-TOUCHGFX 4.20.0
2024-04-04 00:38:50,776 [INFO] ThirdParty:981 - CMSIS Pack Vendor :STMicroelectronics X-CUBE-MEMS1 10.0.0
2024-04-04 00:38:50,776 [INFO] ThirdParty:981 - CMSIS Pack Vendor :STMicroelectronics X-CUBE-FREERTOS 1.1.0
2024-04-04 00:38:50,776 [INFO] ThirdParty:981 - CMSIS Pack Vendor :STMicroelectronics X-CUBE-AZRTOS-WL 1.0.0
2024-04-04 00:38:50,776 [INFO] ThirdParty:981 - CMSIS Pack Vendor :portGmbH I-Cube-SoM-uGOAL 1.1.0
2024-04-04 00:38:50,776 [INFO] ThirdParty:981 - CMSIS Pack Vendor :STMicroelectronics X-CUBE-ALS 1.0.1
2024-04-04 00:38:50,776 [INFO] ThirdParty:981 - CMSIS Pack Vendor :STMicroelectronics X-CUBE-MEMS1 9.5.0
2024-04-04 00:38:50,776 [INFO] ThirdParty:981 - CMSIS Pack Vendor :STMicroelectronics ThreadX 1.0.0
2024-04-04 00:38:50,777 [INFO] ThirdParty:981 - CMSIS Pack Vendor :STMicroelectronics X-CUBE-AZRTOS-WB 1.1.0
2024-04-04 00:38:50,777 [INFO] ThirdParty:981 - CMSIS Pack Vendor :SEGGER I-CUBE-embOS 1.3.1
2024-04-04 00:38:50,777 [INFO] ThirdParty:981 - CMSIS Pack Vendor :STMicroelectronics X-CUBE-AZRTOS-L5 1.0.0
2024-04-04 00:38:50,777 [INFO] ThirdParty:981 - CMSIS Pack Vendor :STMicroelectronics X-CUBE-EEPRMA1 3.1.1
2024-04-04 00:38:50,777 [INFO] ThirdParty:981 - CMSIS Pack Vendor :STMicroelectronics FP-ATR-ASTRA1 2.0.0
2024-04-04 00:38:50,777 [INFO] ThirdParty:981 - CMSIS Pack Vendor :STMicroelectronics X-CUBE-TOF1 3.4.0
2024-04-04 00:38:50,777 [INFO] ThirdParty:981 - CMSIS Pack Vendor :STMicroelectronics X-CUBE-TOF1 3.4.1
2024-04-04 00:38:50,777 [INFO] ThirdParty:981 - CMSIS Pack Vendor :STMicroelectronics X-CUBE-AZRTOS-H7 3.2.0
2024-04-04 00:38:50,777 [INFO] ThirdParty:797 - exiting critical section [change project]
2024-04-04 00:38:51,154 [INFO] PinOutPanel:1468 - setPackage(No Configuration,No Configuration)
2024-04-04 00:38:51,155 [INFO] PinOutPanel:1468 - setPackage(STM32G474RETx,LQFP64)
2024-04-04 00:38:51,662 [INFO] UtilMem:74 - Before build in PCC Used Memory: 673866792 Bytes (792723456)
2024-04-04 00:38:52,841 [INFO] UtilMem:74 - After build in PCC Used Memory: 729051528 Bytes (792723456)
2024-04-04 00:38:52,878 [INFO] IPUIPlugin:79 - create IPUIPlugin
2024-04-04 00:38:52,879 [INFO] IPUIPlugin:79 - create IPUIPlugin
2024-04-04 00:38:52,879 [INFO] IPUIPlugin:79 - create IPUIPlugin
2024-04-04 00:38:52,879 [INFO] IPUIPlugin:79 - create IPUIPlugin
2024-04-04 00:38:52,879 [INFO] IPUIPlugin:79 - create IPUIPlugin
2024-04-04 00:38:52,880 [INFO] IPUIPlugin:79 - create IPUIPlugin
2024-04-04 00:38:52,880 [INFO] IPUIPlugin:79 - create IPUIPlugin
2024-04-04 00:38:52,880 [INFO] IPUIPlugin:79 - create IPUIPlugin
2024-04-04 00:38:52,880 [INFO] IPUIPlugin:79 - create IPUIPlugin
2024-04-04 00:38:52,881 [INFO] IPUIPlugin:79 - create IPUIPlugin
2024-04-04 00:38:52,881 [INFO] IPUIPlugin:79 - create IPUIPlugin
2024-04-04 00:38:52,881 [INFO] IPUIPlugin:79 - create IPUIPlugin
2024-04-04 00:38:52,881 [INFO] IPUIPlugin:79 - create IPUIPlugin
2024-04-04 00:38:52,882 [INFO] IPUIPlugin:79 - create IPUIPlugin
2024-04-04 00:38:52,882 [INFO] IPUIPlugin:79 - create IPUIPlugin
2024-04-04 00:38:52,882 [INFO] IPUIPlugin:79 - create IPUIPlugin
2024-04-04 00:38:52,883 [INFO] IPUIPlugin:79 - create IPUIPlugin
2024-04-04 00:38:52,883 [INFO] IPUIPlugin:79 - create IPUIPlugin
2024-04-04 00:38:52,883 [INFO] IPUIPlugin:79 - create IPUIPlugin
2024-04-04 00:38:52,884 [INFO] IPUIPlugin:79 - create IPUIPlugin
2024-04-04 00:38:52,884 [INFO] IPUIPlugin:79 - create IPUIPlugin
2024-04-04 00:38:52,884 [INFO] IPUIPlugin:79 - create IPUIPlugin
2024-04-04 00:38:52,884 [INFO] IPUIPlugin:79 - create IPUIPlugin
2024-04-04 00:38:52,885 [INFO] IPUIPlugin:79 - create IPUIPlugin
2024-04-04 00:38:52,885 [INFO] IPUIPlugin:79 - create IPUIPlugin
2024-04-04 00:38:52,885 [INFO] IPUIPlugin:79 - create IPUIPlugin
2024-04-04 00:38:52,886 [INFO] IPUIPlugin:79 - create IPUIPlugin
2024-04-04 00:38:52,886 [INFO] IPUIPlugin:79 - create IPUIPlugin
2024-04-04 00:38:52,887 [INFO] IPUIPlugin:79 - create IPUIPlugin
2024-04-04 00:38:52,887 [INFO] IPUIPlugin:79 - create IPUIPlugin
2024-04-04 00:38:52,887 [INFO] IPUIPlugin:79 - create IPUIPlugin
2024-04-04 00:38:52,887 [INFO] IPUIPlugin:79 - create IPUIPlugin
2024-04-04 00:38:52,887 [INFO] IPUIPlugin:79 - create IPUIPlugin
2024-04-04 00:38:52,887 [INFO] IPUIPlugin:79 - create IPUIPlugin
2024-04-04 00:38:52,887 [INFO] IPUIPlugin:79 - create IPUIPlugin
2024-04-04 00:38:52,888 [INFO] IPUIPlugin:79 - create IPUIPlugin
2024-04-04 00:38:52,888 [INFO] IPUIPlugin:79 - create IPUIPlugin
2024-04-04 00:38:52,888 [INFO] IPUIPlugin:79 - create IPUIPlugin
2024-04-04 00:38:52,889 [INFO] IPUIPlugin:79 - create IPUIPlugin
2024-04-04 00:38:52,889 [INFO] IPUIPlugin:79 - create IPUIPlugin
2024-04-04 00:38:52,889 [INFO] IPUIPlugin:79 - create IPUIPlugin
2024-04-04 00:38:52,889 [INFO] IPUIPlugin:79 - create IPUIPlugin
2024-04-04 00:38:52,890 [INFO] IPUIPlugin:79 - create IPUIPlugin
2024-04-04 00:38:52,890 [INFO] IPUIPlugin:79 - create IPUIPlugin
2024-04-04 00:38:52,891 [INFO] IPUIPlugin:79 - create IPUIPlugin
2024-04-04 00:38:52,891 [INFO] IPUIPlugin:79 - create IPUIPlugin
2024-04-04 00:38:52,892 [INFO] IPUIPlugin:79 - create IPUIPlugin
2024-04-04 00:38:52,892 [INFO] IPUIPlugin:79 - create IPUIPlugin
2024-04-04 00:38:52,893 [INFO] IPUIPlugin:79 - create IPUIPlugin
2024-04-04 00:38:52,893 [INFO] IPUIPlugin:79 - create IPUIPlugin
2024-04-04 00:38:52,894 [INFO] IPUIPlugin:79 - create IPUIPlugin
2024-04-04 00:38:52,894 [INFO] IPUIPlugin:79 - create IPUIPlugin
2024-04-04 00:38:52,894 [INFO] IPUIPlugin:79 - create IPUIPlugin
2024-04-04 00:38:52,895 [INFO] IPUIPlugin:79 - create IPUIPlugin
2024-04-04 00:38:52,895 [INFO] IPUIPlugin:79 - create IPUIPlugin
2024-04-04 00:38:52,895 [INFO] IPUIPlugin:79 - create IPUIPlugin
2024-04-04 00:38:52,896 [INFO] IPUIPlugin:79 - create IPUIPlugin
2024-04-04 00:38:52,896 [INFO] IPUIPlugin:79 - create IPUIPlugin
2024-04-04 00:38:52,897 [INFO] IPUIPlugin:79 - create IPUIPlugin
2024-04-04 00:38:52,897 [INFO] IPUIPlugin:79 - create IPUIPlugin
2024-04-04 00:38:52,897 [INFO] IPUIPlugin:79 - create IPUIPlugin
2024-04-04 00:38:52,898 [INFO] IPUIPlugin:79 - create IPUIPlugin
2024-04-04 00:38:52,898 [INFO] IPUIPlugin:79 - create IPUIPlugin
2024-04-04 00:38:52,898 [INFO] IPUIPlugin:79 - create IPUIPlugin
2024-04-04 00:38:52,899 [INFO] IPUIPlugin:79 - create IPUIPlugin
2024-04-04 00:38:52,899 [INFO] IPUIPlugin:79 - create IPUIPlugin
2024-04-04 00:38:52,899 [INFO] IPUIPlugin:79 - create IPUIPlugin
2024-04-04 00:38:52,899 [INFO] IPUIPlugin:79 - create IPUIPlugin
2024-04-04 00:38:52,900 [INFO] IPUIPlugin:79 - create IPUIPlugin
2024-04-04 00:38:52,900 [INFO] IPUIPlugin:79 - create IPUIPlugin
2024-04-04 00:38:52,900 [INFO] IPUIPlugin:79 - create IPUIPlugin
2024-04-04 00:38:52,901 [INFO] IPUIPlugin:79 - create IPUIPlugin
2024-04-04 00:38:52,901 [INFO] IPUIPlugin:79 - create IPUIPlugin
2024-04-04 00:38:52,901 [INFO] IPUIPlugin:79 - create IPUIPlugin
2024-04-04 00:38:52,902 [INFO] IPUIPlugin:79 - create IPUIPlugin
2024-04-04 00:38:52,902 [INFO] IPUIPlugin:79 - create IPUIPlugin
2024-04-04 00:38:52,903 [INFO] IPUIPlugin:79 - create IPUIPlugin
2024-04-04 00:38:53,208 [INFO] OpenFileManager:327 - Restore cursor
2024-04-04 00:38:54,337 [INFO] UtilMem:74 - End SaveConfig() Used Memory: 745909560 Bytes (804257792)
2024-04-04 00:38:56,212 [INFO] ServerAccessManage:474 - Download File stm32cube_fw_g4_v150.zip
2024-04-04 00:41:03,404 [INFO] AnalyticsPlugin:363 - Accepted License(s): [FW.G4.1.5.0]
2024-04-04 00:41:03,404 [INFO] FileExtend:239 - Unzip File : stm32cube_fw_g4_v150.zip
2024-04-04 00:41:03,404 [INFO] FileExtend:254 - Standard Zip Deflate
2024-04-04 00:41:22,695 [INFO] ServerAccessManage:474 - Download File stm32cube_fw_g4_v152.zip
2024-04-04 00:42:51,381 [INFO] FileExtend:239 - Unzip File : stm32cube_fw_g4_v152.zip
2024-04-04 00:42:51,383 [INFO] FileExtend:254 - Standard Zip Deflate
2024-04-04 00:43:03,112 [INFO] LoadServerPackagesThread:190 - End of LoadServerPackages Thread
2024-04-04 00:43:03,243 [INFO] ThirdPartyModel:289 - Start build external matchings
2024-04-04 00:43:03,252 [INFO] UtilMem:74 - End SaveConfig() Used Memory: 838296600 Bytes (1073741824)
2024-04-04 00:43:03,989 [INFO] BlockDiagram:2753 - set Specific Code input for plugin: RCC
2024-04-04 00:43:03,989 [INFO] BlockDiagram:2753 - set Specific Code input for plugin: NVIC
2024-04-04 00:43:03,991 [INFO] CodeGenerator:690 - code generatio: config db path: C:\ST\STM32CubeIDE_1.10.1\STM32CubeIDE\plugins\com.st.stm32cube.common.mx_6.6.1.202207061420\\db\
2024-04-04 00:43:04,320 [INFO] CodeEngine:245 - oldGeneratedFile, D:\Download\DeleteThis\TestSTMStandalone\MXTmpFiles\license.tmp_save
2024-04-04 00:43:04,848 [INFO] CodeEngine:269 - Generated code: D:\Download\DeleteThis\TestSTMStandalone\MXTmpFiles\license.tmp
2024-04-04 00:43:04,889 [INFO] CodeEngine:245 - oldGeneratedFile, D:\Download\DeleteThis\TestSTMStandalone\Core\Src\stm32g4xx_it.c_save
2024-04-04 00:43:05,109 [INFO] CodeEngine:269 - Generated code: D:\Download\DeleteThis\TestSTMStandalone\Core\Src\stm32g4xx_it.c
2024-04-04 00:43:05,130 [INFO] CodeEngine:245 - oldGeneratedFile, D:\Download\DeleteThis\TestSTMStandalone\Core\Inc\stm32g4xx_it.h_save
2024-04-04 00:43:05,232 [INFO] CodeEngine:269 - Generated code: D:\Download\DeleteThis\TestSTMStandalone\Core\Inc\stm32g4xx_it.h
2024-04-04 00:43:05,426 [INFO] CodeEngine:245 - oldGeneratedFile, D:\Download\DeleteThis\TestSTMStandalone\Core\Src\stm32g4xx_hal_msp.c_save
2024-04-04 00:43:05,637 [INFO] CodeEngine:269 - Generated code: D:\Download\DeleteThis\TestSTMStandalone\Core\Src\stm32g4xx_hal_msp.c
2024-04-04 00:43:05,650 [INFO] CodeEngine:245 - oldGeneratedFile, D:\Download\DeleteThis\TestSTMStandalone\MXTmpFiles\system.tmp_save
2024-04-04 00:43:05,744 [INFO] CodeEngine:269 - Generated code: D:\Download\DeleteThis\TestSTMStandalone\MXTmpFiles\system.tmp
2024-04-04 00:43:05,775 [INFO] CodeEngine:245 - oldGeneratedFile, D:\Download\DeleteThis\TestSTMStandalone\Core\Inc\stm32g4xx_hal_conf.h_save
2024-04-04 00:43:05,879 [INFO] CodeEngine:269 - Generated code: D:\Download\DeleteThis\TestSTMStandalone\Core\Inc\stm32g4xx_hal_conf.h
2024-04-04 00:43:05,967 [WARN] IPConfigManager:2910 - Warning: the RefConfig RCC_CommonPeriphClockConfig is not available in your config.xml file
2024-04-04 00:43:05,986 [INFO] CodeEngine:245 - oldGeneratedFile, D:\Download\DeleteThis\TestSTMStandalone\Core\Inc\main.h_save
2024-04-04 00:43:06,106 [INFO] CodeEngine:269 - Generated code: D:\Download\DeleteThis\TestSTMStandalone\Core\Inc\main.h
2024-04-04 00:43:06,140 [INFO] CodeEngine:245 - oldGeneratedFile, D:\Download\DeleteThis\TestSTMStandalone\Core\Src\main.c_save
2024-04-04 00:43:06,344 [INFO] CodeEngine:269 - Generated code: D:\Download\DeleteThis\TestSTMStandalone\Core\Src\main.c
2024-04-04 00:43:06,384 [INFO] ThirdPartyModel:302 - End build external matchings
2024-04-04 00:43:06,452 [INFO] CheckServerUpdateThread:119 - End of CheckServer Thread
2024-04-04 00:43:06,940 [INFO] ProjectBuilder:2919 - Time for Copy HAL[1] : 168mS.
2024-04-04 00:43:06,954 [INFO] ProjectBuilder:4117 - Project Generator version: 3.17.1
2024-04-04 00:43:07,234 [INFO] ConfigFileManager:1394 - The Die is : DIE469
2024-04-04 00:43:07,259 [INFO] ApiDbMcu:505 - Load IP Config File for FATFS
2024-04-04 00:43:07,269 [INFO] ApiDbMcu:505 - Load IP Config File for FREERTOS
2024-04-04 00:43:07,279 [INFO] ApiDbMcu:505 - Load IP Config File for USBPD
2024-04-04 00:43:07,290 [INFO] ApiDbMcu:505 - Load IP Config File for USB_Device
2024-04-04 00:43:13,137 [INFO] ProjectBuilder:4285 - Time for Generating toolchain IDE Files: 6183mS.
2024-04-04 00:43:13,138 [INFO] ProjectBuilder:2790 - Time for Copy CMSIS : 1mS.
2024-04-04 00:43:13,138 [INFO] ProjectBuilder:2790 - Time for Copy CMSIS : 0mS.
2024-04-04 00:43:13,883 [INFO] McuFinderGlobals:57 - Set McuFinderConnectedMode to true
2024-04-04 00:43:13,888 [INFO] ApiDb:443 - Save user favorites file C:\Users\saksh/.stm32cubeide/favorites.mcus.txt: 1 item(s)
2024-04-04 00:43:13,888 [INFO] ApiDb:447 - User favorites MCUs=[STM32F103C8T6]
2024-04-04 00:44:36,955 [WARN] IP:2111 - PWR_Regulator_Voltage_Scale not found: check if there is a RefParameter without a condition.
2024-04-04 00:44:37,056 [WARN] IP:2111 - PWR_Regulator_Voltage_Scale not found: check if there is a RefParameter without a condition.
2024-04-04 00:44:37,063 [WARN] IP:2111 - PWR_Regulator_Voltage_Scale not found: check if there is a RefParameter without a condition.
2024-04-04 00:44:42,112 [WARN] IP:2111 - PWR_Regulator_Voltage_Scale not found: check if there is a RefParameter without a condition.
2024-04-04 00:44:42,197 [WARN] IP:2111 - PWR_Regulator_Voltage_Scale not found: check if there is a RefParameter without a condition.
2024-04-04 00:44:42,202 [WARN] IP:2111 - PWR_Regulator_Voltage_Scale not found: check if there is a RefParameter without a condition.
2024-04-04 00:44:44,667 [WARN] IP:2111 - PWR_Regulator_Voltage_Scale not found: check if there is a RefParameter without a condition.
2024-04-04 00:44:44,769 [WARN] IP:2111 - PWR_Regulator_Voltage_Scale not found: check if there is a RefParameter without a condition.
2024-04-04 00:44:44,772 [WARN] IP:2111 - PWR_Regulator_Voltage_Scale not found: check if there is a RefParameter without a condition.
2024-04-04 00:46:31,733 [WARN] IP:2111 - PWR_Regulator_Voltage_Scale not found: check if there is a RefParameter without a condition.
2024-04-04 00:46:31,827 [WARN] IP:2111 - PWR_Regulator_Voltage_Scale not found: check if there is a RefParameter without a condition.
2024-04-04 00:46:31,833 [WARN] IP:2111 - PWR_Regulator_Voltage_Scale not found: check if there is a RefParameter without a condition.
2024-04-04 00:46:34,836 [WARN] IP:2111 - PWR_Regulator_Voltage_Scale not found: check if there is a RefParameter without a condition.
2024-04-04 00:46:34,931 [WARN] IP:2111 - PWR_Regulator_Voltage_Scale not found: check if there is a RefParameter without a condition.
2024-04-04 00:46:34,939 [WARN] IP:2111 - PWR_Regulator_Voltage_Scale not found: check if there is a RefParameter without a condition.
2024-04-04 00:46:42,181 [WARN] IP:2111 - PWR_Regulator_Voltage_Scale not found: check if there is a RefParameter without a condition.
2024-04-04 00:46:42,286 [WARN] IP:2111 - PWR_Regulator_Voltage_Scale not found: check if there is a RefParameter without a condition.
2024-04-04 00:46:42,294 [WARN] IP:2111 - PWR_Regulator_Voltage_Scale not found: check if there is a RefParameter without a condition.
2024-04-04 00:46:44,915 [WARN] IP:2111 - PWR_Regulator_Voltage_Scale not found: check if there is a RefParameter without a condition.
2024-04-04 00:46:45,028 [WARN] IP:2111 - PWR_Regulator_Voltage_Scale not found: check if there is a RefParameter without a condition.
2024-04-04 00:46:45,034 [WARN] IP:2111 - PWR_Regulator_Voltage_Scale not found: check if there is a RefParameter without a condition.
2024-04-04 00:47:33,515 [INFO] UtilMem:74 - End SaveConfig() Used Memory: 662358856 Bytes (1073741824)
2024-04-04 00:47:36,414 [INFO] UtilMem:74 - End SaveConfig() Used Memory: 671773536 Bytes (1073741824)
2024-04-04 00:47:38,872 [INFO] UtilMem:74 - End SaveConfig() Used Memory: 751862800 Bytes (1073741824)
2024-04-04 00:47:39,239 [INFO] BlockDiagram:2753 - set Specific Code input for plugin: RCC
2024-04-04 00:47:39,239 [INFO] BlockDiagram:2753 - set Specific Code input for plugin: NVIC
2024-04-04 00:47:39,242 [INFO] CodeGenerator:690 - code generatio: config db path: C:\ST\STM32CubeIDE_1.10.1\STM32CubeIDE\plugins\com.st.stm32cube.common.mx_6.6.1.202207061420\\db\
2024-04-04 00:47:39,379 [INFO] CodeEngine:245 - oldGeneratedFile, D:\Download\DeleteThis\TestSTMStandalone\MXTmpFiles\license.tmp_save
2024-04-04 00:47:39,476 [INFO] CodeEngine:269 - Generated code: D:\Download\DeleteThis\TestSTMStandalone\MXTmpFiles\license.tmp
2024-04-04 00:47:39,500 [INFO] CodeEngine:245 - oldGeneratedFile, D:\Download\DeleteThis\TestSTMStandalone\Core\Src\stm32g4xx_it.c_save
2024-04-04 00:47:39,577 [INFO] CodeEngine:269 - Generated code: D:\Download\DeleteThis\TestSTMStandalone\Core\Src\stm32g4xx_it.c
2024-04-04 00:47:39,582 [INFO] CodeEngine:245 - oldGeneratedFile, D:\Download\DeleteThis\TestSTMStandalone\Core\Inc\stm32g4xx_it.h_save
2024-04-04 00:47:39,629 [INFO] CodeEngine:269 - Generated code: D:\Download\DeleteThis\TestSTMStandalone\Core\Inc\stm32g4xx_it.h
2024-04-04 00:47:39,646 [INFO] CodeEngine:245 - oldGeneratedFile, D:\Download\DeleteThis\TestSTMStandalone\Core\Src\stm32g4xx_hal_msp.c_save
2024-04-04 00:47:39,709 [INFO] CodeEngine:269 - Generated code: D:\Download\DeleteThis\TestSTMStandalone\Core\Src\stm32g4xx_hal_msp.c
2024-04-04 00:47:39,711 [INFO] CodeEngine:245 - oldGeneratedFile, D:\Download\DeleteThis\TestSTMStandalone\MXTmpFiles\system.tmp_save
2024-04-04 00:47:39,750 [INFO] CodeEngine:269 - Generated code: D:\Download\DeleteThis\TestSTMStandalone\MXTmpFiles\system.tmp
2024-04-04 00:47:39,760 [INFO] CodeEngine:245 - oldGeneratedFile, D:\Download\DeleteThis\TestSTMStandalone\Core\Inc\stm32g4xx_hal_conf.h_save
2024-04-04 00:47:39,844 [INFO] CodeEngine:269 - Generated code: D:\Download\DeleteThis\TestSTMStandalone\Core\Inc\stm32g4xx_hal_conf.h
2024-04-04 00:47:39,852 [WARN] IPConfigManager:2910 - Warning: the RefConfig RCC_CommonPeriphClockConfig is not available in your config.xml file
2024-04-04 00:47:39,865 [INFO] CodeEngine:245 - oldGeneratedFile, D:\Download\DeleteThis\TestSTMStandalone\Core\Inc\main.h_save
2024-04-04 00:47:39,928 [INFO] CodeEngine:269 - Generated code: D:\Download\DeleteThis\TestSTMStandalone\Core\Inc\main.h
2024-04-04 00:47:39,940 [INFO] CodeEngine:245 - oldGeneratedFile, D:\Download\DeleteThis\TestSTMStandalone\Core\Src\main.c_save
2024-04-04 00:47:40,029 [INFO] CodeEngine:269 - Generated code: D:\Download\DeleteThis\TestSTMStandalone\Core\Src\main.c
2024-04-04 00:47:40,570 [INFO] ProjectBuilder:2919 - Time for Copy HAL[1] : 108mS.
2024-04-04 00:47:40,572 [INFO] ProjectBuilder:4117 - Project Generator version: 3.17.1
2024-04-04 00:47:40,830 [INFO] ConfigFileManager:1394 - The Die is : DIE469
2024-04-04 00:47:42,116 [INFO] ProjectBuilder:4285 - Time for Generating toolchain IDE Files: 1544mS.
2024-04-04 00:47:42,117 [INFO] ProjectBuilder:2790 - Time for Copy CMSIS : 0mS.
2024-04-04 00:47:42,119 [INFO] ProjectBuilder:2790 - Time for Copy CMSIS : 0mS.
2024-04-04 00:49:39,741 [INFO] ADCParametersView:113 -                Rank 1 : false
2024-04-04 00:49:39,845 [INFO] ADCParametersView:113 -                Rank 1 : false
2024-04-04 00:49:39,845 [INFO] ADCParametersView:113 -                Rank 1 : false
2024-04-04 00:49:39,845 [INFO] ADCParametersView:113 -                Rank 1 : false
2024-04-04 00:49:39,846 [INFO] ADCParametersView:113 -                Rank 1 : false
2024-04-04 00:49:39,846 [INFO] ADCParametersView:113 -                Rank 1 : false
2024-04-04 00:49:39,847 [INFO] ADCParametersView:113 -                Rank 1 : false
2024-04-04 00:49:39,847 [INFO] ADCParametersView:113 -                Rank 1 : false
2024-04-04 00:49:39,847 [INFO] ADCParametersView:113 -                Rank 1 : false
2024-04-04 00:49:39,848 [INFO] ADCParametersView:113 -                Rank 1 : false
2024-04-04 00:49:39,848 [INFO] ADCParametersView:113 -                Rank 1 : false
2024-04-04 00:49:39,848 [INFO] ADCParametersView:113 -                Rank 1 : false
2024-04-04 00:49:39,848 [INFO] ADCParametersView:113 -                Rank 1 : false
2024-04-04 00:49:39,849 [INFO] ADCParametersView:113 -                Rank 1 : false
2024-04-04 00:49:39,849 [INFO] ADCParametersView:113 -                Rank 1 : false
2024-04-04 00:49:39,849 [INFO] ADCParametersView:113 -                Rank 1 : false
2024-04-04 00:49:39,849 [INFO] ADCParametersView:113 -                Rank 1 : false
2024-04-04 00:49:39,850 [INFO] ADCParametersView:113 -                Rank 1 : false
2024-04-04 00:49:39,850 [INFO] ADCParametersView:113 -                Rank 1 : false
2024-04-04 00:49:39,850 [INFO] ADCParametersView:113 -                Rank 1 : false
2024-04-04 00:49:39,850 [INFO] ADCParametersView:113 -                Rank 1 : false
2024-04-04 00:49:39,850 [INFO] ADCParametersView:113 -                Rank 1 : false
2024-04-04 00:49:39,863 [INFO] ADCParametersView:113 -                Rank 1 : false
2024-04-04 00:49:39,989 [INFO] NvicIntPanel:100 - NVIC parent = com.st.microxplorer.plugins.ip.nvic.MultiNvicIntPanel[,0,0,0x0,invalid,layout=javax.swing.BoxLayout,alignmentX=0.0,alignmentY=0.0,border=,flags=9,maximumSize=,minimumSize=,preferredSize=]
2024-04-04 00:49:40,101 [INFO] NvicIntPanel:100 - NVIC parent = com.st.microxplorer.plugins.ip.nvic.MultiNvicIntPanel[,0,0,0x0,invalid,layout=javax.swing.BoxLayout,alignmentX=0.0,alignmentY=0.0,border=,flags=9,maximumSize=,minimumSize=,preferredSize=]
2024-04-04 00:49:40,198 [INFO] NvicIntPanel:100 - NVIC parent = com.st.microxplorer.plugins.ip.nvic.MultiNvicIntPanel[,0,0,0x0,invalid,layout=javax.swing.BoxLayout,alignmentX=0.0,alignmentY=0.0,border=,flags=9,maximumSize=,minimumSize=,preferredSize=]
2024-04-04 00:49:40,304 [INFO] NvicIntPanel:100 - NVIC parent = com.st.microxplorer.plugins.ip.nvic.MultiNvicIntPanel[,0,0,0x0,invalid,layout=javax.swing.BoxLayout,alignmentX=0.0,alignmentY=0.0,border=,flags=9,maximumSize=,minimumSize=,preferredSize=]
2024-04-04 00:49:40,432 [INFO] ADCParametersView:113 -                Rank 1 : false
2024-04-04 00:49:40,432 [INFO] ADCParametersView:113 -                Rank 1 : false
2024-04-04 00:49:40,432 [INFO] ADCParametersView:113 -                Rank 1 : false
2024-04-04 00:49:40,433 [INFO] ADCParametersView:113 -                Rank 1 : false
2024-04-04 00:49:40,433 [INFO] ADCParametersView:113 -                Rank 1 : false
2024-04-04 00:49:40,433 [INFO] ADCParametersView:113 -                Rank 1 : false
2024-04-04 00:49:40,433 [INFO] ADCParametersView:113 -                Rank 1 : false
2024-04-04 00:49:40,433 [INFO] ADCParametersView:113 -                Rank 1 : false
2024-04-04 00:49:40,433 [INFO] ADCParametersView:113 -                Rank 1 : false
2024-04-04 00:49:40,433 [INFO] ADCParametersView:113 -                Rank 1 : false
2024-04-04 00:49:40,433 [INFO] ADCParametersView:113 -                Rank 1 : false
2024-04-04 00:49:40,434 [INFO] ADCParametersView:113 -                Rank 1 : false
2024-04-04 00:49:40,434 [INFO] ADCParametersView:113 -                Rank 1 : false
2024-04-04 00:49:40,434 [INFO] ADCParametersView:113 -                Rank 1 : false
2024-04-04 00:49:40,434 [INFO] ADCParametersView:113 -                Rank 1 : false
2024-04-04 00:49:40,434 [INFO] ADCParametersView:113 -                Rank 1 : false
2024-04-04 00:49:40,434 [INFO] ADCParametersView:113 -                Rank 1 : false
2024-04-04 00:49:40,434 [INFO] ADCParametersView:113 -                Rank 1 : false
2024-04-04 00:49:40,434 [INFO] ADCParametersView:113 -                Rank 1 : false
2024-04-04 00:49:40,434 [INFO] ADCParametersView:113 -                Rank 1 : false
2024-04-04 00:49:40,434 [INFO] ADCParametersView:113 -                Rank 1 : false
2024-04-04 00:49:40,446 [INFO] ADCParametersView:113 -                Rank 1 : false
2024-04-04 00:49:40,466 [INFO] ADCParametersView:113 -                Rank 1 : false
2024-04-04 00:49:40,466 [INFO] ADCParametersView:113 -                Rank 1 : false
2024-04-04 00:49:40,466 [INFO] ADCParametersView:113 -                Rank 1 : false
2024-04-04 00:49:40,466 [INFO] ADCParametersView:113 -                Rank 1 : false
2024-04-04 00:49:40,466 [INFO] ADCParametersView:113 -                Rank 1 : false
2024-04-04 00:49:40,466 [INFO] ADCParametersView:113 -                Rank 1 : false
2024-04-04 00:49:40,466 [INFO] ADCParametersView:113 -                Rank 1 : false
2024-04-04 00:49:40,467 [INFO] ADCParametersView:113 -                Rank 1 : false
2024-04-04 00:49:40,467 [INFO] ADCParametersView:113 -                Rank 1 : false
2024-04-04 00:49:40,467 [INFO] ADCParametersView:113 -                Rank 1 : false
2024-04-04 00:49:40,467 [INFO] ADCParametersView:113 -                Rank 1 : false
2024-04-04 00:49:40,467 [INFO] ADCParametersView:113 -                Rank 1 : false
2024-04-04 00:49:40,467 [INFO] ADCParametersView:113 -                Rank 1 : false
2024-04-04 00:49:40,467 [INFO] ADCParametersView:113 -                Rank 1 : false
2024-04-04 00:49:40,467 [INFO] ADCParametersView:113 -                Rank 1 : false
2024-04-04 00:49:40,467 [INFO] ADCParametersView:113 -                Rank 1 : false
2024-04-04 00:49:40,467 [INFO] ADCParametersView:113 -                Rank 1 : false
2024-04-04 00:49:40,468 [INFO] ADCParametersView:113 -                Rank 1 : false
2024-04-04 00:49:40,468 [INFO] ADCParametersView:113 -                Rank 1 : false
2024-04-04 00:49:40,468 [INFO] ADCParametersView:113 -                Rank 1 : false
2024-04-04 00:49:40,468 [INFO] ADCParametersView:113 -                Rank 1 : false
2024-04-04 00:49:40,483 [INFO] ADCParametersView:113 -                Rank 1 : false
2024-04-04 00:56:52,103 [INFO] UtilMem:74 - End SaveConfig() Used Memory: 943167664 Bytes (1073741824)
2024-04-04 01:00:07,316 [INFO] UtilMem:74 - End SaveConfig() Used Memory: 859307688 Bytes (1073741824)
2024-04-04 01:00:08,942 [INFO] UtilMem:74 - End SaveConfig() Used Memory: 714355728 Bytes (1073741824)
2024-04-04 01:00:10,155 [INFO] UtilMem:74 - End SaveConfig() Used Memory: 756323952 Bytes (1073741824)
2024-04-04 01:00:10,339 [INFO] BlockDiagram:2753 - set Specific Code input for plugin: TIM1_8G4
2024-04-04 01:00:10,340 [INFO] BlockDiagram:2753 - set Specific Code input for plugin: TIM1_8G4
2024-04-04 01:00:10,340 [INFO] BlockDiagram:2753 - set Specific Code input for plugin: SYS
2024-04-04 01:00:10,340 [INFO] BlockDiagram:2753 - set Specific Code input for plugin: ADC
2024-04-04 01:00:10,340 [INFO] BlockDiagram:2753 - set Specific Code input for plugin: RCC
2024-04-04 01:00:10,340 [INFO] BlockDiagram:2753 - set Specific Code input for plugin: NVIC
2024-04-04 01:00:10,340 [INFO] BlockDiagram:2753 - set Specific Code input for plugin: GPIO
2024-04-04 01:00:10,340 [INFO] CodeGenerator:690 - code generatio: config db path: C:\ST\STM32CubeIDE_1.10.1\STM32CubeIDE\plugins\com.st.stm32cube.common.mx_6.6.1.202207061420\\db\
2024-04-04 01:00:10,519 [INFO] CodeEngine:245 - oldGeneratedFile, D:\Download\DeleteThis\TestSTMStandalone\MXTmpFiles\license.tmp_save
2024-04-04 01:00:10,615 [INFO] CodeEngine:269 - Generated code: D:\Download\DeleteThis\TestSTMStandalone\MXTmpFiles\license.tmp
2024-04-04 01:00:10,672 [INFO] CodeEngine:245 - oldGeneratedFile, D:\Download\DeleteThis\TestSTMStandalone\MXTmpFiles\gpio.tmp_save
2024-04-04 01:00:10,761 [INFO] CodeEngine:269 - Generated code: D:\Download\DeleteThis\TestSTMStandalone\MXTmpFiles\gpio.tmp
2024-04-04 01:00:10,921 [INFO] CodeEngine:245 - oldGeneratedFile, D:\Download\DeleteThis\TestSTMStandalone\Core\Src\stm32g4xx_it.c_save
2024-04-04 01:00:10,989 [INFO] CodeEngine:269 - Generated code: D:\Download\DeleteThis\TestSTMStandalone\Core\Src\stm32g4xx_it.c
2024-04-04 01:00:10,993 [INFO] CodeEngine:245 - oldGeneratedFile, D:\Download\DeleteThis\TestSTMStandalone\Core\Inc\stm32g4xx_it.h_save
2024-04-04 01:00:11,045 [INFO] CodeEngine:269 - Generated code: D:\Download\DeleteThis\TestSTMStandalone\Core\Inc\stm32g4xx_it.h
2024-04-04 01:00:11,060 [INFO] CodeEngine:245 - oldGeneratedFile, D:\Download\DeleteThis\TestSTMStandalone\Core\Src\stm32g4xx_hal_msp.c_save
2024-04-04 01:00:11,163 [INFO] CodeEngine:269 - Generated code: D:\Download\DeleteThis\TestSTMStandalone\Core\Src\stm32g4xx_hal_msp.c
2024-04-04 01:00:11,166 [INFO] CodeEngine:245 - oldGeneratedFile, D:\Download\DeleteThis\TestSTMStandalone\MXTmpFiles\system.tmp_save
2024-04-04 01:00:11,206 [INFO] CodeEngine:269 - Generated code: D:\Download\DeleteThis\TestSTMStandalone\MXTmpFiles\system.tmp
2024-04-04 01:00:11,216 [INFO] CodeEngine:245 - oldGeneratedFile, D:\Download\DeleteThis\TestSTMStandalone\Core\Inc\stm32g4xx_hal_conf.h_save
2024-04-04 01:00:11,298 [INFO] CodeEngine:269 - Generated code: D:\Download\DeleteThis\TestSTMStandalone\Core\Inc\stm32g4xx_hal_conf.h
2024-04-04 01:00:11,319 [WARN] IPConfigManager:2910 - Warning: the RefConfig RCC_CommonPeriphClockConfig is not available in your config.xml file
2024-04-04 01:00:11,320 [WARN] IPConfigManager:3348 - IP not found : TIM
2024-04-04 01:00:11,320 [WARN] CodeGenerator:3567 - IP not found : null
2024-04-04 01:00:11,334 [INFO] CodeEngine:245 - oldGeneratedFile, D:\Download\DeleteThis\TestSTMStandalone\Core\Inc\main.h_save
2024-04-04 01:00:11,413 [INFO] CodeEngine:269 - Generated code: D:\Download\DeleteThis\TestSTMStandalone\Core\Inc\main.h
2024-04-04 01:00:11,423 [INFO] CodeEngine:245 - oldGeneratedFile, D:\Download\DeleteThis\TestSTMStandalone\Core\Src\main.c_save
2024-04-04 01:00:11,560 [INFO] CodeEngine:269 - Generated code: D:\Download\DeleteThis\TestSTMStandalone\Core\Src\main.c
2024-04-04 01:00:12,036 [INFO] ProjectBuilder:2919 - Time for Copy HAL[1] : 96mS.
2024-04-04 01:00:12,038 [INFO] ProjectBuilder:4117 - Project Generator version: 3.17.1
2024-04-04 01:00:12,214 [INFO] ConfigFileManager:1394 - The Die is : DIE469
2024-04-04 01:00:13,089 [INFO] ProjectBuilder:4285 - Time for Generating toolchain IDE Files: 1052mS.
2024-04-04 01:00:13,090 [INFO] ProjectBuilder:2790 - Time for Copy CMSIS : 1mS.
2024-04-04 01:00:13,092 [INFO] ProjectBuilder:2790 - Time for Copy CMSIS : 0mS.
2024-04-04 17:05:45,717 [ERROR] LogOutputStream:74 - [STDERR_REDIRECT] 
2024-04-11 17:05:59,805 [INFO] Activator:177 - 


2024-04-11 17:05:59,805 [INFO] Activator:178 - !SESSION log4j initialized
2024-04-11 17:06:25,299 [ERROR] LogOutputStream:74 - [STDERR_REDIRECT] SLF4J: Failed to load class "org.slf4j.impl.StaticLoggerBinder".
2024-04-11 17:06:25,300 [ERROR] LogOutputStream:74 - [STDERR_REDIRECT] SLF4J: Defaulting to no-operation (NOP) logger implementation
2024-04-11 17:06:25,300 [ERROR] LogOutputStream:74 - [STDERR_REDIRECT] SLF4J: See http://www.slf4j.org/codes.html#StaticLoggerBinder for further details.
2024-04-11 17:06:59,816 [INFO] McuFinderGlobals:44 - Set McuFinder mode to 2 (CubeIDE integrated)
2024-04-11 17:06:59,942 [INFO] ApplicationProperties:181 - Using Application install path: C:\ST\STM32CubeIDE_1.10.1\STM32CubeIDE\plugins\com.st.stm32cube.common.mx_6.6.1.202207061420
2024-04-11 17:06:59,962 [INFO] DbMcusXml:77 - Set database path to: C:\ST\STM32CubeIDE_1.10.1\STM32CubeIDE\plugins\com.st.stm32cube.common.mx_6.6.1.202207061420\\db\/mcu/
2024-04-11 17:06:59,962 [INFO] ApiDb:269 - Set plugin database path to: C:\ST\STM32CubeIDE_1.10.1\STM32CubeIDE\plugins\com.st.stm32cube.common.mx_6.6.1.202207061420\\db\/plugins/boardmanager/
2024-04-11 17:06:59,964 [WARN] ApiDb:254 - Overriding images path with different value:  => C:\ST\STM32CubeIDE_1.10.1\STM32CubeIDE\plugins\com.st.stm32cube.common.mx_6.6.1.202207061420\\db\/plugins/mcufinder/images/
2024-04-11 17:06:59,974 [INFO] ApiDb:249 - Set database path to: C:\Users\saksh\.stmcufinder\plugins\mcufinder//mcu/
2024-04-11 17:06:59,976 [INFO] DbMcusAds:124 - Set database path to: C:\Users\saksh\.stmcufinder\plugins\mcufinder//mcu/
2024-04-11 17:06:59,999 [INFO] CrossReferenceDbSqlite:201 - Set database path to: C:\Users\saksh\.stmcufinder\plugins\mcufinder//mcu/cs/
2024-04-11 17:07:00,071 [INFO] RulesReader:61 - Compatibility file has been processed (282 Rules)
2024-04-11 17:07:00,131 [INFO] DbMcusXml:77 - Set database path to: C:\ST\STM32CubeIDE_1.10.1\STM32CubeIDE\plugins\com.st.stm32cube.common.mx_6.6.1.202207061420\\db\/mcu/
2024-04-11 17:07:00,131 [INFO] ApiDb:269 - Set plugin database path to: C:\ST\STM32CubeIDE_1.10.1\STM32CubeIDE\plugins\com.st.stm32cube.common.mx_6.6.1.202207061420\\db\/plugins/boardmanager/
2024-04-11 17:07:00,132 [INFO] ApiDb:256 - Set plugin images path to: C:\ST\STM32CubeIDE_1.10.1\STM32CubeIDE\plugins\com.st.stm32cube.common.mx_6.6.1.202207061420\\db\/plugins/mcufinder/images/
2024-04-11 17:07:00,132 [WARN] DbFile:40 - Overriding database path with different value: C:\Users\saksh\.stmcufinder\plugins\mcufinder/ => C:\Users\saksh\.stmcufinder\plugins\mcufinder
2024-04-11 17:07:00,132 [INFO] ApiDb:249 - Set database path to: C:\Users\saksh\.stmcufinder\plugins\mcufinder//mcu/
2024-04-11 17:07:00,132 [WARN] DbFile:40 - Overriding database path with different value: C:\Users\saksh\.stmcufinder\plugins\mcufinder/ => C:\Users\saksh\.stmcufinder\plugins\mcufinder
2024-04-11 17:07:00,132 [INFO] DbMcusAds:124 - Set database path to: C:\Users\saksh\.stmcufinder\plugins\mcufinder//mcu/
2024-04-11 17:07:00,133 [WARN] DbFile:40 - Overriding database path with different value: C:\Users\saksh\.stmcufinder\plugins\mcufinder/ => C:\Users\saksh\.stmcufinder\plugins\mcufinder
2024-04-11 17:07:00,133 [WARN] DbFile:40 - Overriding database path with different value: C:\Users\saksh\.stmcufinder\plugins\mcufinder/ => C:\Users\saksh\.stmcufinder\plugins\mcufinder
2024-04-11 17:07:00,133 [INFO] CrossReferenceDbSqlite:201 - Set database path to: C:\Users\saksh\.stmcufinder\plugins\mcufinder//mcu/cs/
2024-04-11 17:07:00,195 [INFO] MainPanel:242 - HeapMemory: 282066944
2024-04-11 17:07:00,281 [INFO] DbMcusXml:77 - Set database path to: C:\ST\STM32CubeIDE_1.10.1\STM32CubeIDE\plugins\com.st.stm32cube.common.mx_6.6.1.202207061420\\db\/mcu/
2024-04-11 17:07:00,282 [INFO] ApiDb:269 - Set plugin database path to: C:\ST\STM32CubeIDE_1.10.1\STM32CubeIDE\plugins\com.st.stm32cube.common.mx_6.6.1.202207061420\\db\/plugins/boardmanager/
2024-04-11 17:07:00,282 [INFO] ApiDb:256 - Set plugin images path to: C:\ST\STM32CubeIDE_1.10.1\STM32CubeIDE\plugins\com.st.stm32cube.common.mx_6.6.1.202207061420\\db\/plugins/mcufinder/images/
2024-04-11 17:07:00,282 [WARN] DbFile:40 - Overriding database path with different value: C:\Users\saksh\.stmcufinder\plugins\mcufinder/ => C:\Users\saksh\.stmcufinder\plugins\mcufinder
2024-04-11 17:07:00,282 [INFO] ApiDb:249 - Set database path to: C:\Users\saksh\.stmcufinder\plugins\mcufinder//mcu/
2024-04-11 17:07:00,282 [WARN] DbFile:40 - Overriding database path with different value: C:\Users\saksh\.stmcufinder\plugins\mcufinder/ => C:\Users\saksh\.stmcufinder\plugins\mcufinder
2024-04-11 17:07:00,282 [INFO] DbMcusAds:124 - Set database path to: C:\Users\saksh\.stmcufinder\plugins\mcufinder//mcu/
2024-04-11 17:07:00,282 [WARN] DbFile:40 - Overriding database path with different value: C:\Users\saksh\.stmcufinder\plugins\mcufinder/ => C:\Users\saksh\.stmcufinder\plugins\mcufinder
2024-04-11 17:07:00,282 [WARN] DbFile:40 - Overriding database path with different value: C:\Users\saksh\.stmcufinder\plugins\mcufinder/ => C:\Users\saksh\.stmcufinder\plugins\mcufinder
2024-04-11 17:07:00,282 [INFO] CrossReferenceDbSqlite:201 - Set database path to: C:\Users\saksh\.stmcufinder\plugins\mcufinder//mcu/cs/
2024-04-11 17:07:00,296 [INFO] ApplicationProperties:181 - Using Application install path: C:\ST\STM32CubeIDE_1.10.1\STM32CubeIDE\plugins\com.st.stm32cube.common.mx_6.6.1.202207061420
2024-04-11 17:07:00,297 [INFO] PluginManage:193 - Search for loadable plugins [exclusion list=, ]
2024-04-11 17:07:00,298 [INFO] PluginManage:307 - Check plugin analytics
2024-04-11 17:07:00,407 [INFO] AnalyticsPlugin:262 - Accepted Software Licenses: 
2024-04-11 17:07:00,407 [INFO] AnalyticsPlugin:264 - Accepted CMSIS Pack Licenses: 
2024-04-11 17:07:00,408 [INFO] AnalyticsPlugin:266 - Accepted Firmware Licenses: FW.H7.1.10.0,FW.G4.1.5.0
2024-04-11 17:07:00,414 [INFO] PluginManage:356 - Loaded plugin analytics (category:tool,tabindex:-1)
2024-04-11 17:07:00,415 [INFO] PluginManage:307 - Check plugin cadmodel
2024-04-11 17:07:00,425 [INFO] CADModel:65 - Init CAD model plugin
2024-04-11 17:07:00,425 [INFO] PluginManage:356 - Loaded plugin cadmodel (category:power,tabindex:5)
2024-04-11 17:07:00,425 [INFO] PluginManage:307 - Check plugin clock
2024-04-11 17:07:00,444 [INFO] PluginManage:356 - Loaded plugin clock (category:base,tabindex:2)
2024-04-11 17:07:00,444 [INFO] PluginManage:307 - Check plugin ddr
2024-04-11 17:07:00,446 [INFO] PluginManage:356 - Loaded plugin ddr (category:tool,tabindex:6)
2024-04-11 17:07:00,446 [INFO] PluginManage:307 - Check plugin filemanager
2024-04-11 17:07:00,560 [INFO] PluginManage:356 - Loaded plugin filemanager (category:base,tabindex:10)
2024-04-11 17:07:00,561 [INFO] PluginManage:307 - Check plugin ipmanager
2024-04-11 17:07:00,566 [INFO] PluginManage:356 - Loaded plugin ipmanager (category:base,tabindex:5)
2024-04-11 17:07:00,566 [INFO] PluginManage:307 - Check plugin lpbam
2024-04-11 17:07:00,580 [INFO] PluginManage:356 - Loaded plugin lpbam (category:base,tabindex:0)
2024-04-11 17:07:00,580 [INFO] PluginManage:307 - Check plugin pinoutandconfiguration
2024-04-11 17:07:00,592 [INFO] PluginManage:356 - Loaded plugin pinoutandconfiguration (category:base,tabindex:1)
2024-04-11 17:07:00,592 [INFO] PluginManage:307 - Check plugin pinoutconfig
2024-04-11 17:07:00,622 [INFO] PluginManage:356 - Loaded plugin pinoutconfig (category:base,tabindex:0)
2024-04-11 17:07:00,622 [INFO] PluginManage:307 - Check plugin power
2024-04-11 17:07:00,639 [INFO] PluginManage:356 - Loaded plugin power (category:power,tabindex:4)
2024-04-11 17:07:00,639 [INFO] PluginManage:307 - Check plugin projectmanager
2024-04-11 17:07:00,655 [INFO] PluginManage:356 - Loaded plugin projectmanager (category:projectmanager,tabindex:3)
2024-04-11 17:07:00,655 [INFO] PluginManage:307 - Check plugin thirdparty
2024-04-11 17:07:00,851 [WARN] IntegrityCheckThread:82 - waiting for thirdparty lock release [integrity check]
2024-04-11 17:07:00,852 [INFO] PluginManage:356 - Loaded plugin thirdparty (category:base,tabindex:-1)
2024-04-11 17:07:00,852 [INFO] IntegrityCheckThread:84 - entering critical section [integrity check]
2024-04-11 17:07:00,852 [INFO] PluginManage:307 - Check plugin tools
2024-04-11 17:07:00,853 [INFO] ThirdPartyUpdaterWithRetryManager:70 - Updater plugin not ready yet. [1/15]
2024-04-11 17:07:00,873 [INFO] PluginManage:356 - Loaded plugin tools (category:base,tabindex:7)
2024-04-11 17:07:00,874 [INFO] PluginManage:307 - Check plugin tutovideos
2024-04-11 17:07:01,032 [INFO] PluginManage:356 - Loaded plugin tutovideos (category:base,tabindex:-1)
2024-04-11 17:07:01,032 [INFO] PluginManage:307 - Check plugin updater
2024-04-11 17:07:01,044 [INFO] PluginManage:356 - Loaded plugin updater (category:base,tabindex:12)
2024-04-11 17:07:01,045 [INFO] PluginManage:280 - PluginManage : Loaded plugins [15]
2024-04-11 17:07:01,232 [INFO] PinOutPanel:1468 - setPackage(No Configuration,No Configuration)
2024-04-11 17:07:01,276 [INFO] CADModel:98 - CPN selected for project level
2024-04-11 17:07:01,296 [INFO] IPUIPlugin:79 - create IPUIPlugin
2024-04-11 17:07:01,296 [INFO] PluginManager:217 - loadIPPluginJar : add adc
2024-04-11 17:07:01,321 [INFO] IPUIPlugin:79 - create IPUIPlugin
2024-04-11 17:07:01,321 [INFO] PluginManager:217 - loadIPPluginJar : add aes
2024-04-11 17:07:01,346 [INFO] IPUIPlugin:79 - create IPUIPlugin
2024-04-11 17:07:01,346 [INFO] PluginManager:217 - loadIPPluginJar : add can
2024-04-11 17:07:01,361 [INFO] IPUIPlugin:79 - create IPUIPlugin
2024-04-11 17:07:01,361 [INFO] PluginManager:217 - loadIPPluginJar : add comp
2024-04-11 17:07:01,382 [INFO] IPUIPlugin:79 - create IPUIPlugin
2024-04-11 17:07:01,382 [INFO] PluginManager:217 - loadIPPluginJar : add cryp
2024-04-11 17:07:01,403 [INFO] IPUIPlugin:79 - create IPUIPlugin
2024-04-11 17:07:01,403 [INFO] PluginManager:217 - loadIPPluginJar : add dfsdm
2024-04-11 17:07:01,413 [INFO] IPUIPlugin:79 - create IPUIPlugin
2024-04-11 17:07:01,413 [INFO] PluginManager:217 - loadIPPluginJar : add dma
2024-04-11 17:07:01,442 [INFO] IPUIPlugin:79 - create IPUIPlugin
2024-04-11 17:07:01,442 [INFO] PluginManager:217 - loadIPPluginJar : add dma3
2024-04-11 17:07:01,455 [INFO] IPUIPlugin:79 - create IPUIPlugin
2024-04-11 17:07:01,455 [INFO] PluginManager:217 - loadIPPluginJar : add fatfs
2024-04-11 17:07:01,485 [INFO] IPUIPlugin:79 - create IPUIPlugin
2024-04-11 17:07:01,485 [INFO] PluginManager:217 - loadIPPluginJar : add fmc
2024-04-11 17:07:01,497 [INFO] IPUIPlugin:79 - create IPUIPlugin
2024-04-11 17:07:01,497 [INFO] PluginManager:217 - loadIPPluginJar : add freertos
2024-04-11 17:07:01,510 [INFO] IPUIPlugin:79 - create IPUIPlugin
2024-04-11 17:07:01,510 [INFO] PluginManager:217 - loadIPPluginJar : add genericplugin
2024-04-11 17:07:01,568 [INFO] IPUIPlugin:79 - create IPUIPlugin
2024-04-11 17:07:01,568 [INFO] PluginManager:217 - loadIPPluginJar : add gfxmmu
2024-04-11 17:07:01,649 [INFO] IPUIPlugin:79 - create IPUIPlugin
2024-04-11 17:07:01,649 [INFO] PluginManager:217 - loadIPPluginJar : add gic
2024-04-11 17:07:01,658 [INFO] IPUIPlugin:79 - create IPUIPlugin
2024-04-11 17:07:01,658 [INFO] PluginManager:217 - loadIPPluginJar : add gpio
2024-04-11 17:07:01,715 [INFO] IPUIPlugin:79 - create IPUIPlugin
2024-04-11 17:07:01,715 [INFO] PluginManager:217 - loadIPPluginJar : add gtzc
2024-04-11 17:07:01,735 [INFO] IPUIPlugin:79 - create IPUIPlugin
2024-04-11 17:07:01,736 [INFO] PluginManager:217 - loadIPPluginJar : add hash
2024-04-11 17:07:01,770 [INFO] IPUIPlugin:79 - create IPUIPlugin
2024-04-11 17:07:01,770 [INFO] PluginManager:217 - loadIPPluginJar : add i2c
2024-04-11 17:07:01,796 [INFO] IPUIPlugin:79 - create IPUIPlugin
2024-04-11 17:07:01,796 [INFO] PluginManager:217 - loadIPPluginJar : add i2s
2024-04-11 17:07:01,867 [INFO] IPUIPlugin:79 - create IPUIPlugin
2024-04-11 17:07:01,868 [INFO] PluginManager:217 - loadIPPluginJar : add ipddr
2024-04-11 17:07:01,927 [INFO] IPUIPlugin:79 - create IPUIPlugin
2024-04-11 17:07:01,927 [INFO] PluginManager:217 - loadIPPluginJar : add linkedlist
2024-04-11 17:07:01,951 [INFO] IPUIPlugin:79 - create IPUIPlugin
2024-04-11 17:07:01,951 [INFO] PluginManager:217 - loadIPPluginJar : add lorawan
2024-04-11 17:07:01,975 [INFO] IPUIPlugin:79 - create IPUIPlugin
2024-04-11 17:07:01,975 [INFO] PluginManager:217 - loadIPPluginJar : add ltdc
2024-04-11 17:07:01,986 [INFO] IPUIPlugin:79 - create IPUIPlugin
2024-04-11 17:07:01,986 [INFO] PluginManager:217 - loadIPPluginJar : add mdma
2024-04-11 17:07:01,994 [INFO] IPUIPlugin:79 - create IPUIPlugin
2024-04-11 17:07:01,995 [INFO] PluginManager:217 - loadIPPluginJar : add nvic
2024-04-11 17:07:02,018 [INFO] IPUIPlugin:79 - create IPUIPlugin
2024-04-11 17:07:02,018 [INFO] PluginManager:217 - loadIPPluginJar : add opamp
2024-04-11 17:07:02,055 [INFO] IPUIPlugin:79 - create IPUIPlugin
2024-04-11 17:07:02,056 [INFO] PluginManager:217 - loadIPPluginJar : add openamp
2024-04-11 17:07:02,087 [INFO] IPUIPlugin:79 - create IPUIPlugin
2024-04-11 17:07:02,087 [INFO] PluginManager:217 - loadIPPluginJar : add pdm2pcm
2024-04-11 17:07:02,098 [INFO] IPUIPlugin:79 - create IPUIPlugin
2024-04-11 17:07:02,099 [INFO] PluginManager:217 - loadIPPluginJar : add plateformsettings
2024-04-11 17:07:02,112 [INFO] IPUIPlugin:79 - create IPUIPlugin
2024-04-11 17:07:02,112 [INFO] PluginManager:217 - loadIPPluginJar : add quadspi
2024-04-11 17:07:02,121 [INFO] IPUIPlugin:79 - create IPUIPlugin
2024-04-11 17:07:02,121 [INFO] PluginManager:217 - loadIPPluginJar : add resmgrutility
2024-04-11 17:07:02,153 [INFO] IPUIPlugin:79 - create IPUIPlugin
2024-04-11 17:07:02,153 [INFO] PluginManager:217 - loadIPPluginJar : add sai
2024-04-11 17:07:02,177 [INFO] IPUIPlugin:79 - create IPUIPlugin
2024-04-11 17:07:02,177 [INFO] PluginManager:217 - loadIPPluginJar : add spi
2024-04-11 17:07:02,219 [INFO] IPUIPlugin:79 - create IPUIPlugin
2024-04-11 17:07:02,220 [INFO] PluginManager:217 - loadIPPluginJar : add stm32_wpan
2024-04-11 17:07:02,234 [INFO] IPUIPlugin:79 - create IPUIPlugin
2024-04-11 17:07:02,234 [INFO] PluginManager:217 - loadIPPluginJar : add tim
2024-04-11 17:07:02,271 [INFO] IPUIPlugin:79 - create IPUIPlugin
2024-04-11 17:07:02,271 [INFO] PluginManager:217 - loadIPPluginJar : add touchsensing
2024-04-11 17:07:02,288 [INFO] IPUIPlugin:79 - create IPUIPlugin
2024-04-11 17:07:02,288 [INFO] PluginManager:217 - loadIPPluginJar : add tracer_emb
2024-04-11 17:07:02,302 [INFO] IPUIPlugin:79 - create IPUIPlugin
2024-04-11 17:07:02,302 [INFO] PluginManager:217 - loadIPPluginJar : add ts
2024-04-11 17:07:02,317 [INFO] IPUIPlugin:79 - create IPUIPlugin
2024-04-11 17:07:02,317 [INFO] PluginManager:217 - loadIPPluginJar : add tsc
2024-04-11 17:07:02,338 [INFO] IPUIPlugin:79 - create IPUIPlugin
2024-04-11 17:07:02,338 [INFO] PluginManager:217 - loadIPPluginJar : add ucpd
2024-04-11 17:07:02,369 [INFO] IPUIPlugin:79 - create IPUIPlugin
2024-04-11 17:07:02,369 [INFO] PluginManager:217 - loadIPPluginJar : add usart
2024-04-11 17:07:02,398 [INFO] IPUIPlugin:79 - create IPUIPlugin
2024-04-11 17:07:02,399 [INFO] PluginManager:217 - loadIPPluginJar : add usbx
2024-04-11 17:07:02,698 [FATAL] Updater:301 - Updater called before beeing initialized
2024-04-11 17:07:02,813 [FATAL] Updater:301 - Updater called before beeing initialized
2024-04-11 17:07:02,822 [INFO] DbMcusAds:52 - JSON generation date=Wed Nov 29 16:22:27 IST 2023 (1701255147349)
2024-04-11 17:07:02,822 [FATAL] Updater:301 - Updater called before beeing initialized
2024-04-11 17:07:02,853 [WARN] DetailPanel:344 - Failed to get advertising image, set to default
2024-04-11 17:07:02,975 [FATAL] Updater:301 - Updater called before beeing initialized
2024-04-11 17:07:02,977 [FATAL] Updater:301 - Updater called before beeing initialized
2024-04-11 17:07:02,977 [FATAL] Updater:301 - Updater called before beeing initialized
2024-04-11 17:07:02,977 [WARN] DetailPanel:344 - Failed to get advertising image, set to default
2024-04-11 17:07:02,978 [FATAL] Updater:301 - Updater called before beeing initialized
2024-04-11 17:07:03,025 [ERROR] Updater:1105 - MainUpdater not yet initialized. External WinMGr cannot be set.
2024-04-11 17:07:03,035 [INFO] Updater:1041 - Updater Version found : 6.6.1
2024-04-11 17:07:03,055 [INFO] ApplicationProperties:181 - Using Application install path: C:\ST\STM32CubeIDE_1.10.1\STM32CubeIDE\plugins\com.st.stm32cube.common.mx_6.6.1.202207061420
2024-04-11 17:07:03,366 [INFO] MainUpdater:2768 - connection check result : 10
2024-04-11 17:07:03,367 [INFO] MainUpdater:3453 - Updater definition file requires update
2024-04-11 17:07:03,367 [INFO] MainUpdater:280 - Updater Check For Update Now.
2024-04-11 17:07:03,368 [INFO] MicroXplorer:481 - Change Database Version : DB.6.0.60
2024-04-11 17:07:03,520 [INFO] ServerAccessManage:474 - Download File updaters.zip
2024-04-11 17:07:03,712 [INFO] FileExtend:239 - Unzip File : updaters.zip
2024-04-11 17:07:03,712 [INFO] FileExtend:254 - Standard Zip Deflate
2024-04-11 17:07:03,860 [WARN] MainUpdater:1184 - Updater busy. Cannot search thirdparties
2024-04-11 17:07:03,860 [INFO] ThirdPartyUpdaterWithRetryManager:96 - Updater plugin is busy. [1/15]
2024-04-11 17:07:04,084 [INFO] ServerAccessManage:474 - Download File PacksControlFlags.xml
2024-04-11 17:07:04,225 [INFO] ServerAccessManage:474 - Download File cubemx.pidx
2024-04-11 17:07:04,997 [INFO] ServerAccessManage:474 - Download File STMicroelectronics.X-CUBE-TCPP.pdsc
2024-04-11 17:07:05,410 [INFO] ServerAccessManage:474 - Download File STMicroelectronics.X-CUBE-TOUCHGFX.pdsc
2024-04-11 17:07:06,874 [WARN] MainUpdater:1184 - Updater busy. Cannot search thirdparties
2024-04-11 17:07:06,874 [INFO] ThirdPartyUpdaterWithRetryManager:96 - Updater plugin is busy. [2/15]
2024-04-11 17:07:09,632 [WARN] PackLoader:242 - Cannot read IP mode file for STMicroelectronics.X-CUBE-TCPP.4.1.0
2024-04-11 17:07:09,639 [WARN] PackLoader:242 - Cannot read IP mode file for STMicroelectronics.X-CUBE-TOUCHGFX.4.23.2
2024-04-11 17:07:09,640 [INFO] PopulateThirdPartyThread:64 - Ending populate Thread
2024-04-11 17:07:09,641 [INFO] ThirdParty:981 - CMSIS Pack Vendor :STMicroelectronics X-CUBE-TOUCHGFX 4.23.2
2024-04-11 17:07:09,641 [INFO] ThirdParty:981 - CMSIS Pack Vendor :STMicroelectronics X-CUBE-TCPP 4.1.0
2024-04-11 17:07:09,641 [INFO] LoadServerUpdatesThread:367 - End of LoadServerUpdate Thread
2024-04-11 17:07:09,754 [INFO] CheckServerUpdateThread:119 - End of CheckServer Thread
2024-04-11 17:07:09,924 [INFO] MainUpdater:2768 - connection check result : 10
2024-04-11 17:07:09,930 [INFO] MainUpdater:2768 - connection check result : 10
2024-04-11 17:07:09,985 [WARN] PackLoader:242 - Cannot read IP mode file for STMicroelectronics.X-CUBE-SMBUS.2.1.0
2024-04-11 17:07:09,993 [WARN] PackLoader:242 - Cannot read IP mode file for STMicroelectronics.X-CUBE-TOUCHGFX.4.23.1
2024-04-11 17:07:09,998 [WARN] PackLoader:242 - Cannot read IP mode file for STMicroelectronics.X-CUBE-TOUCHGFX.4.23.0
2024-04-11 17:07:10,000 [WARN] PackLoader:242 - Cannot read IP mode file for STMicroelectronics.X-CUBE-TOUCHGFX.4.23.2
2024-04-11 17:07:10,023 [WARN] PackLoader:242 - Cannot read IP mode file for STMicroelectronics.X-CUBE-AZRTOS-F7.1.1.0
2024-04-11 17:07:10,043 [ERROR] RealEvaluatedCondition:433 - Found unsupported composite condition: GROUP='STM32_MetaDataManager' CLASS='Data Exchange'
2024-04-11 17:07:10,043 [ERROR] RealEvaluatedCondition:433 - Found unsupported composite condition: CLASS='Data Exchange' GROUP='STM32_MetaDataManager'
2024-04-11 17:07:10,045 [WARN] PackLoader:242 - Cannot read IP mode file for STMicroelectronics.FP-SNS-MOTENV1.4.3.0
2024-04-11 17:07:10,050 [INFO] MicroXplorer:451 - Change Database Path : 
2024-04-11 17:07:10,050 [INFO] MicroXplorer:481 - Change Database Version : DB.6.0.60
2024-04-11 17:07:10,051 [WARN] ThirdParty:827 - waiting for thirdparty lock release [close project]
2024-04-11 17:07:10,060 [WARN] PackLoader:242 - Cannot read IP mode file for STMicroelectronics.FP-SNS-MOTENV1.4.3.2
2024-04-11 17:07:10,075 [WARN] PackLoader:242 - Cannot read IP mode file for STMicroelectronics.FP-SNS-FLIGHT1.5.0.0
2024-04-11 17:07:10,088 [ERROR] RealEvaluatedCondition:433 - Found unsupported composite condition: GROUP='STM32_MetaDataManager' CLASS='Data Exchange'
2024-04-11 17:07:10,088 [ERROR] RealEvaluatedCondition:433 - Found unsupported composite condition: CLASS='Data Exchange' GROUP='STM32_MetaDataManager'
2024-04-11 17:07:10,090 [WARN] PackLoader:242 - Cannot read IP mode file for STMicroelectronics.FP-SNS-MOTENV1.4.3.1
2024-04-11 17:07:10,102 [WARN] PackLoader:242 - Cannot read IP mode file for STMicroelectronics.FP-SNS-FLIGHT1.5.0.1
2024-04-11 17:07:10,126 [WARN] PackLoader:242 - Cannot read IP mode file for STMicroelectronics.X-CUBE-BLE1.6.2.3
2024-04-11 17:07:10,140 [WARN] PackLoader:242 - Cannot read IP mode file for STMicroelectronics.X-CUBE-BLE1.6.2.4
2024-04-11 17:07:10,146 [WARN] PackLoader:242 - Cannot read IP mode file for STMicroelectronics.FP-SNS-FLIGHT1.5.0.2
2024-04-11 17:07:10,164 [WARN] PackLoader:242 - Cannot read IP mode file for STMicroelectronics.X-CUBE-TOF1.3.1.0
2024-04-11 17:07:10,191 [WARN] PackLoader:242 - Cannot read IP mode file for STMicroelectronics.X-CUBE-DISPLAY.3.0.0
2024-04-11 17:07:10,207 [WARN] PackLoader:242 - Cannot read IP mode file for STMicroelectronics.X-CUBE-BLE1.7.0.0
2024-04-11 17:07:10,217 [WARN] PackLoader:242 - Cannot read IP mode file for STMicroelectronics.X-CUBE-TOUCHGFX.4.22.0
2024-04-11 17:07:10,262 [WARN] PackLoader:242 - Cannot read IP mode file for STMicroelectronics.X-CUBE-MEMS1.9.3.0
2024-04-11 17:07:10,367 [WARN] PackLoader:242 - Cannot read IP mode file for STMicroelectronics.X-CUBE-AI.7.2.0
2024-04-11 17:07:10,387 [WARN] PackLoader:242 - Cannot read IP mode file for STMicroelectronics.X-CUBE-BLEMGR.3.1.0
2024-04-11 17:07:10,405 [WARN] PackLoader:242 - Cannot read IP mode file for STMicroelectronics.FP-SNS-SMARTAG2.1.2.0
2024-04-11 17:07:10,428 [INFO] LogOutputStream:76 - [STDOUT_REDIRECT] 1 : Invalid condition id : UX_CORESTACK_Condition cause : null
2024-04-11 17:07:10,428 [INFO] LogOutputStream:76 - [STDOUT_REDIRECT] 1 : Invalid condition id : UX_CORESTACK_Condition cause : null
2024-04-11 17:07:10,429 [INFO] LogOutputStream:76 - [STDOUT_REDIRECT] 1 : Invalid condition id : UX_CORESTACK_Condition cause : null
2024-04-11 17:07:10,430 [INFO] LogOutputStream:76 - [STDOUT_REDIRECT] 1 : Invalid condition id : UX_CORESTACK_Condition cause : null
2024-04-11 17:07:10,430 [INFO] LogOutputStream:76 - [STDOUT_REDIRECT] 1 : Invalid condition id : UX_CORESTACK_Condition cause : null
2024-04-11 17:07:10,439 [WARN] PackLoader:242 - Cannot read IP mode file for STMicroelectronics.X-CUBE-AZRTOS-WL.2.0.0
2024-04-11 17:07:10,455 [WARN] PackLoader:242 - Cannot read IP mode file for STMicroelectronics.FP-SNS-MOTENV1.5.0.0
2024-04-11 17:07:10,472 [WARN] PackLoader:242 - Cannot read IP mode file for WES.I-CUBE-Cesium.1.3.0
2024-04-11 17:07:10,488 [WARN] PackLoader:242 - Cannot read IP mode file for STMicroelectronics.X-CUBE-BLE2.3.3.0
2024-04-11 17:07:10,504 [WARN] PackLoader:242 - Cannot read IP mode file for STMicroelectronics.X-CUBE-DISPLAY.2.2.0
2024-04-11 17:07:10,524 [WARN] PackLoader:242 - Cannot read IP mode file for STMicroelectronics.X-CUBE-TOF1.3.2.0
2024-04-11 17:07:10,545 [WARN] PackLoader:242 - Cannot read IP mode file for STMicroelectronics.X-CUBE-ISPU.1.0.0
2024-04-11 17:07:10,578 [WARN] PackLoader:242 - Cannot read IP mode file for STMicroelectronics.X-CUBE-AZRTOS-H7.2.1.0
2024-04-11 17:07:10,587 [WARN] PackLoader:242 - Cannot read IP mode file for STMicroelectronics.X-CUBE-TCPP.4.1.0
2024-04-11 17:07:10,602 [WARN] PackLoader:242 - Cannot read IP mode file for STMicroelectronics.X-CUBE-TOUCHGFX.4.21.1
2024-04-11 17:07:10,614 [WARN] PackLoader:242 - Cannot read IP mode file for STMicroelectronics.X-CUBE-TOUCHGFX.4.21.3
2024-04-11 17:07:10,625 [WARN] PackLoader:242 - Cannot read IP mode file for STMicroelectronics.X-CUBE-TOUCHGFX.4.21.4
2024-04-11 17:07:10,661 [WARN] PackLoader:242 - Cannot read IP mode file for STMicroelectronics.X-CUBE-MEMS1.9.4.0
2024-04-11 17:07:10,761 [WARN] PackLoader:242 - Cannot read IP mode file for STMicroelectronics.X-CUBE-AI.7.3.0
2024-04-11 17:07:10,777 [WARN] PackLoader:242 - Cannot read IP mode file for STMicroelectronics.X-CUBE-ALGOBUILD.1.3.0
2024-04-11 17:07:10,806 [WARN] PackLoader:242 - Cannot read IP mode file for STMicroelectronics.X-CUBE-AZRTOS-G0.1.1.0
2024-04-11 17:07:10,830 [WARN] PackLoader:242 - Cannot read IP mode file for STMicroelectronics.X-CUBE-SAFEA1.1.2.2
2024-04-11 17:07:10,845 [WARN] PackLoader:242 - Cannot read IP mode file for STMicroelectronics.X-CUBE-NFC4.3.0.0
2024-04-11 17:07:10,886 [WARN] PackLoader:242 - Cannot read IP mode file for SEGGER.I-CUBE-embOS.1.2.0
2024-04-11 17:07:10,928 [WARN] PackLoader:242 - Cannot read IP mode file for STMicroelectronics.X-CUBE-BLEMGR.3.0.0
2024-04-11 17:07:10,943 [WARN] PackLoader:242 - Cannot read IP mode file for STMicroelectronics.X-CUBE-BLEMGR.1.3.0
2024-04-11 17:07:10,947 [WARN] PackLoader:242 - Cannot read IP mode file for STMicroelectronics.FP-ATR-SIGFOX1.3.2.0
2024-04-11 17:07:10,958 [WARN] PackLoader:242 - Cannot read IP mode file for STMicroelectronics.X-CUBE-EEPRMA1.5.1.0
2024-04-11 17:07:10,974 [WARN] PackLoader:242 - Cannot read IP mode file for emotas.I-CUBE-CANOPEN.1.1.2
2024-04-11 17:07:10,985 [WARN] PackLoader:242 - Cannot read IP mode file for STMicroelectronics.X-CUBE-TOUCHGFX.4.20.0
2024-04-11 17:07:11,019 [WARN] PackLoader:242 - Cannot read IP mode file for STMicroelectronics.X-CUBE-MEMS1.9.5.0
2024-04-11 17:07:11,157 [WARN] PackLoader:242 - Cannot read IP mode file for SEGGER.I-CUBE-embOS.1.3.1
2024-04-11 17:07:11,186 [WARN] PackLoader:242 - Cannot read IP mode file for STMicroelectronics.X-CUBE-GNSS1.6.0.0
2024-04-11 17:07:11,206 [WARN] PackLoader:242 - Cannot read IP mode file for STMicroelectronics.X-CUBE-AZRTOS-F4.1.1.0
2024-04-11 17:07:11,218 [WARN] PackLoader:242 - Cannot read IP mode file for STMicroelectronics.X-CUBE-BLEMGR.1.2.0
2024-04-11 17:07:11,236 [WARN] PackLoader:242 - Cannot read IP mode file for STMicroelectronics.X-CUBE-AZRTOS-L5.2.0.0
2024-04-11 17:07:11,271 [WARN] PackLoader:242 - Cannot read IP mode file for STMicroelectronics.X-CUBE-MEMS1.9.6.0
2024-04-11 17:07:11,382 [WARN] PackLoader:242 - Cannot read IP mode file for STMicroelectronics.X-CUBE-EEPRMA1.4.2.0
2024-04-11 17:07:11,391 [WARN] PackLoader:242 - Cannot read IP mode file for STMicroelectronics.X-CUBE-NFC6.3.1.0
2024-04-11 17:07:11,403 [WARN] PackLoader:242 - Cannot read IP mode file for ITTIA_DB.I-CUBE-ITTIADB.8.8.0
2024-04-11 17:07:11,411 [WARN] PackLoader:242 - Cannot read IP mode file for STMicroelectronics.X-CUBE-BLEMGR.2.0.0
2024-04-11 17:07:11,420 [WARN] PackLoader:242 - Cannot read IP mode file for STMicroelectronics.X-CUBE-NFC4.2.0.4
2024-04-11 17:07:11,437 [WARN] ConditionMgr:437 - getConditionDescription Invalid condition id : UX DEVICE CLASS RTOS Condition cause : null
2024-04-11 17:07:11,438 [WARN] ConditionMgr:437 - getConditionDescription Invalid condition id : UX DEVICE CLASS RTOS Condition cause : null
2024-04-11 17:07:11,439 [WARN] PackLoader:242 - Cannot read IP mode file for STMicroelectronics.X-CUBE-AZRTOS-H7.3.1.0
2024-04-11 17:07:11,439 [WARN] ConditionMgr:1038 - genDependencies : Invalid condition id : UX DEVICE CLASS RTOS Condition cause : null
2024-04-11 17:07:11,439 [WARN] ConditionMgr:1038 - genDependencies : Invalid condition id : UX DEVICE CLASS RTOS Condition cause : null
2024-04-11 17:07:11,439 [WARN] ConditionMgr:1038 - genDependencies : Invalid condition id : UX DEVICE CLASS RTOS Condition cause : null
2024-04-11 17:07:11,440 [WARN] ConditionMgr:1038 - genDependencies : Invalid condition id : UX DEVICE CLASS RTOS Condition cause : null
2024-04-11 17:07:11,440 [WARN] ConditionMgr:1038 - genDependencies : Invalid condition id : UX DEVICE CLASS RTOS Condition cause : null
2024-04-11 17:07:11,448 [WARN] PackLoader:242 - Cannot read IP mode file for wolfSSL.I-CUBE-wolfSSL.5.5.0
2024-04-11 17:07:11,456 [WARN] PackLoader:242 - Cannot read IP mode file for STMicroelectronics.X-CUBE-NFC7.1.0.1
2024-04-11 17:07:11,464 [WARN] PackLoader:242 - Cannot read IP mode file for STMicroelectronics.X-CUBE-NFC7.1.0.0
2024-04-11 17:07:11,470 [WARN] PackLoader:242 - Cannot read IP mode file for STMicroelectronics.X-CUBE-NFC6.3.0.0
2024-04-11 17:07:11,478 [WARN] PackLoader:242 - Cannot read IP mode file for STMicroelectronics.X-CUBE-EEPRMA1.4.1.0
2024-04-11 17:07:11,487 [WARN] PackLoader:242 - Cannot read IP mode file for STMicroelectronics.X-CUBE-AI.8.1.0
2024-04-11 17:07:11,501 [WARN] ConditionMgr:437 - getConditionDescription Invalid condition id : LAN8742 Phy interface Condition cause : null
2024-04-11 17:07:11,501 [WARN] PackLoader:242 - Cannot read IP mode file for STMicroelectronics.X-CUBE-AZRTOS-L4.2.0.0
2024-04-11 17:07:11,502 [WARN] ConditionMgr:1038 - genDependencies : Invalid condition id : LAN8742 Phy interface Condition cause : null
2024-04-11 17:07:11,502 [WARN] ConditionMgr:1038 - genDependencies : Invalid condition id : LAN8742 Phy interface Condition cause : null
2024-04-11 17:07:11,502 [WARN] ConditionMgr:1038 - genDependencies : Invalid condition id : LAN8742 Phy interface Condition cause : null
2024-04-11 17:07:11,510 [WARN] PackLoader:242 - Cannot read IP mode file for STMicroelectronics.X-CUBE-SFXS2LP1.4.0.0
2024-04-11 17:07:11,529 [WARN] PackLoader:242 - Cannot read IP mode file for STMicroelectronics.X-CUBE-AZRTOS-H7.3.0.0
2024-04-11 17:07:11,538 [WARN] PackLoader:242 - Cannot read IP mode file for STMicroelectronics.X-CUBE-ISPU.1.1.0
2024-04-11 17:07:11,546 [WARN] PackLoader:242 - Cannot read IP mode file for RoweBots.I-CUBE-UNISONRTOS.5.5.0-4
2024-04-11 17:07:11,554 [WARN] PackLoader:242 - Cannot read IP mode file for STMicroelectronics.X-CUBE-AI.8.0.0
2024-04-11 17:07:11,568 [WARN] ConditionMgr:437 - getConditionDescription Invalid condition id : UX DEVICE CLASS RTOS Condition cause : null
2024-04-11 17:07:11,568 [WARN] ConditionMgr:437 - getConditionDescription Invalid condition id : UX DEVICE CLASS RTOS Condition cause : null
2024-04-11 17:07:11,569 [WARN] PackLoader:242 - Cannot read IP mode file for STMicroelectronics.X-CUBE-AZRTOS-WB.2.0.0
2024-04-11 17:07:11,569 [WARN] ConditionMgr:1038 - genDependencies : Invalid condition id : UX DEVICE CLASS RTOS Condition cause : null
2024-04-11 17:07:11,569 [WARN] ConditionMgr:1038 - genDependencies : Invalid condition id : UX DEVICE CLASS RTOS Condition cause : null
2024-04-11 17:07:11,569 [WARN] ConditionMgr:1038 - genDependencies : Invalid condition id : UX DEVICE CLASS RTOS Condition cause : null
2024-04-11 17:07:11,569 [WARN] ConditionMgr:1038 - genDependencies : Invalid condition id : UX DEVICE CLASS RTOS Condition cause : null
2024-04-11 17:07:11,569 [WARN] ConditionMgr:1038 - genDependencies : Invalid condition id : UX DEVICE CLASS RTOS Condition cause : null
2024-04-11 17:07:11,577 [WARN] PackLoader:242 - Cannot read IP mode file for STMicroelectronics.X-CUBE-FREERTOS.1.0.0
2024-04-11 17:07:11,584 [WARN] PackLoader:242 - Cannot read IP mode file for STMicroelectronics.X-CUBE-FREERTOS.1.0.1
2024-04-11 17:07:11,593 [WARN] PackLoader:242 - Cannot read IP mode file for STMicroelectronics.X-CUBE-BLEMGR.1.0.0
2024-04-11 17:07:11,608 [WARN] PackLoader:242 - Cannot read IP mode file for STMicroelectronics.X-CUBE-AZRTOS-L5.1.1.0
2024-04-11 17:07:11,615 [WARN] PackLoader:242 - Cannot read IP mode file for STMicroelectronics.X-CUBE-AI.8.0.1
2024-04-11 17:07:11,626 [WARN] PackLoader:242 - Cannot read IP mode file for STMicroelectronics.X-CUBE-SUBG2.5.0.0
2024-04-11 17:07:11,643 [WARN] PackLoader:242 - Cannot read IP mode file for STMicroelectronics.X-CUBE-TOF1.3.3.1
2024-04-11 17:07:11,660 [WARN] PackLoader:242 - Cannot read IP mode file for STMicroelectronics.X-CUBE-AZRTOS-G4.2.0.0
2024-04-11 17:07:11,671 [WARN] PackLoader:242 - Cannot read IP mode file for STMicroelectronics.X-CUBE-TOF1.3.3.0
2024-04-11 17:07:11,681 [WARN] PackLoader:242 - Cannot read IP mode file for STMicroelectronics.FP-ATR-ASTRA1.1.1.1
2024-04-11 17:07:11,694 [WARN] PackLoader:242 - Cannot read IP mode file for Infineon.AIROC-Wi-Fi-Bluetooth-STM32.1.5.1
2024-04-11 17:07:11,698 [WARN] PackLoader:242 - Cannot read IP mode file for STMicroelectronics.FP-SNS-MOTENVWB1.1.3.1
2024-04-11 17:07:11,711 [WARN] PackLoader:242 - Cannot read IP mode file for STMicroelectronics.X-CUBE-AZRTOS-G4.1.0.0
2024-04-11 17:07:11,729 [WARN] PackLoader:242 - Cannot read IP mode file for STMicroelectronics.X-CUBE-AZRTOS-L4.1.0.0
2024-04-11 17:07:11,737 [WARN] PackLoader:242 - Cannot read IP mode file for STMicroelectronics.X-CUBE-ISPU.2.0.0
2024-04-11 17:07:11,760 [WARN] PackLoader:242 - Cannot read IP mode file for STMicroelectronics.X-CUBE-MEMS1.10.0.0
2024-04-11 17:07:11,823 [WARN] PackLoader:242 - Cannot read IP mode file for STMicroelectronics.X-CUBE-FREERTOS.1.1.0
2024-04-11 17:07:11,839 [WARN] PackLoader:242 - Cannot read IP mode file for STMicroelectronics.X-CUBE-AZRTOS-WL.1.0.0
2024-04-11 17:07:11,851 [WARN] PackLoader:242 - Cannot read IP mode file for portGmbH.I-Cube-SoM-uGOAL.1.1.0
2024-04-11 17:07:11,868 [WARN] PackLoader:242 - Cannot read IP mode file for STMicroelectronics.X-CUBE-ALS.1.0.1
2024-04-11 17:07:11,881 [WARN] PackLoader:242 - Cannot read IP mode file for STMicroelectronics.X-CUBE-AZRTOS-WB.1.1.0
2024-04-11 17:07:11,896 [WARN] PackLoader:242 - Cannot read IP mode file for STMicroelectronics.X-CUBE-AZRTOS-L5.1.0.0
2024-04-11 17:07:11,908 [WARN] PackLoader:242 - Cannot read IP mode file for STMicroelectronics.X-CUBE-EEPRMA1.3.1.1
2024-04-11 17:07:11,911 [WARN] PackLoader:242 - Cannot read IP mode file for STMicroelectronics.FP-ATR-ASTRA1.2.0.0
2024-04-11 17:07:11,922 [WARN] PackLoader:242 - Cannot read IP mode file for STMicroelectronics.X-CUBE-TOF1.3.4.0
2024-04-11 17:07:11,938 [WARN] PackLoader:242 - Cannot read IP mode file for STMicroelectronics.X-CUBE-TOF1.3.4.1
2024-04-11 17:07:11,961 [WARN] PackLoader:242 - Cannot read IP mode file for STMicroelectronics.X-CUBE-AZRTOS-H7.3.2.0
2024-04-11 17:07:11,962 [INFO] ThirdParty:929 - Integrity check success = true
2024-04-11 17:07:11,962 [INFO] IntegrityCheckThread:98 - exiting critical section [integrity check]
2024-04-11 17:07:11,962 [INFO] IntegrityCheckThread:101 - End integrity checks thread
2024-04-11 17:07:11,962 [INFO] ThirdParty:829 - entering critical section [close project]
2024-04-11 17:07:11,963 [INFO] ThirdParty:839 - exiting critical section [close project]
2024-04-11 17:07:11,965 [INFO] PinOutPanel:1468 - setPackage(No Configuration,No Configuration)
2024-04-11 17:07:11,967 [INFO] UtilMem:74 - Begin LoadConfig() Used Memory: 407987952 Bytes (536870912)
2024-04-11 17:07:11,968 [INFO] MicroXplorer:451 - Change Database Path : 
2024-04-11 17:07:11,968 [INFO] MicroXplorer:481 - Change Database Version : DB.6.0.60
2024-04-11 17:07:11,968 [INFO] OpenFileManager:307 - Change cursor
2024-04-11 17:07:11,990 [INFO] Mcu:1922 - Initializing MCU STM32G474R(B-C-E)Tx STM32G474RETx STM32G474RET3
2024-04-11 17:07:14,805 [INFO] Context:654 - Trying to add GPIOservice into a context  which must be forbidden
2024-04-11 17:07:16,506 [WARN] ApiManager:308 - Cannot register API 'Board Extension:GNSS1A1' from pack STMicroelectronics.X-CUBE-GNSS1.6.0.0: no header file found
2024-04-11 17:07:16,506 [WARN] ApiManager:308 - Cannot register API 'Board Support:Custom' from pack STMicroelectronics.X-CUBE-GNSS1.6.0.0: no header file found
2024-04-11 17:07:16,507 [WARN] ApiManager:308 - Cannot register API 'Data Exchange:lib_gnss' from pack STMicroelectronics.X-CUBE-GNSS1.6.0.0: no header file found
2024-04-11 17:07:16,609 [WARN] ApiManager:308 - Cannot register API 'Board Extension:IKS01A3' from pack STMicroelectronics.X-CUBE-MEMS1.9.6.0: no header file found
2024-04-11 17:07:16,609 [WARN] ApiManager:308 - Cannot register API 'Board Extension:IKS01A2' from pack STMicroelectronics.X-CUBE-MEMS1.9.6.0: no header file found
2024-04-11 17:07:16,609 [WARN] ApiManager:308 - Cannot register API 'Board Extension:IKS02A1' from pack STMicroelectronics.X-CUBE-MEMS1.9.6.0: no header file found
2024-04-11 17:07:16,614 [WARN] ApiManager:308 - Cannot register API 'Board Extension:EEPRMA2' from pack STMicroelectronics.X-CUBE-EEPRMA1.4.2.0: no header file found
2024-04-11 17:07:16,614 [WARN] ApiManager:308 - Cannot register API 'Board Extension:PGEEZ1' from pack STMicroelectronics.X-CUBE-EEPRMA1.4.2.0: no header file found
2024-04-11 17:07:16,615 [WARN] ApiManager:308 - Cannot register API 'Board Part:M24' from pack STMicroelectronics.X-CUBE-EEPRMA1.4.2.0: no header file found
2024-04-11 17:07:16,615 [WARN] ApiManager:308 - Cannot register API 'Board Part:M95' from pack STMicroelectronics.X-CUBE-EEPRMA1.4.2.0: no header file found
2024-04-11 17:07:16,615 [WARN] ApiManager:308 - Cannot register API 'Board Part:M95P32' from pack STMicroelectronics.X-CUBE-EEPRMA1.4.2.0: no header file found
2024-04-11 17:07:16,615 [WARN] ApiManager:308 - Cannot register API 'PGEEZ1:SPI' from pack STMicroelectronics.X-CUBE-EEPRMA1.4.2.0: no header file found
2024-04-11 17:07:16,615 [WARN] ApiManager:308 - Cannot register API 'PGEEZ1:QDSPI' from pack STMicroelectronics.X-CUBE-EEPRMA1.4.2.0: no header file found
2024-04-11 17:07:16,617 [WARN] ApiManager:308 - Cannot register API 'Board Extension:NFC06A1' from pack STMicroelectronics.X-CUBE-NFC6.3.1.0: no header file found
2024-04-11 17:07:16,617 [WARN] ApiManager:308 - Cannot register API 'Board Extension:NFC08A1' from pack STMicroelectronics.X-CUBE-NFC6.3.1.0: no header file found
2024-04-11 17:07:16,619 [WARN] ApiManager:308 - Cannot register API 'Wireless:BlueNRG-MS' from pack STMicroelectronics.X-CUBE-BLE1.6.2.3: no header file found
2024-04-11 17:07:16,620 [WARN] ApiManager:308 - Cannot register API 'Wireless:BlueNRG-MS' from pack STMicroelectronics.X-CUBE-BLE1.6.2.4: no header file found
2024-04-11 17:07:16,626 [INFO] RtosManager:488 - Registered RTOS mode: class=CMSIS, group=RTOS, mode=CMSIS_V1, owner=FREERTOS
2024-04-11 17:07:16,626 [INFO] RtosManager:488 - Registered RTOS mode: class=CMSIS, group=RTOS2, mode=CMSIS_V2, owner=FREERTOS
2024-04-11 17:07:16,627 [INFO] RtosManager:488 - Registered RTOS mode: class=RTOS, group=Core, mode=CMSIS_V1, owner=FREERTOS
2024-04-11 17:07:16,627 [INFO] RtosManager:488 - Registered RTOS mode: class=RTOS, group=Core, mode=CMSIS_V2, owner=FREERTOS
2024-04-11 17:07:16,627 [WARN] ModelIntegratedComponent:185 - Missing modes for component STMicroelectronics:FreeRTOS:0.0.1:STMicroelectronics:RTOS:FreeRTOS:Core:::10.2.0:
2024-04-11 17:07:16,628 [WARN] ApiManager:308 - Cannot register API 'Board Extension:NFC04A1' from pack STMicroelectronics.X-CUBE-NFC4.2.0.4: no header file found
2024-04-11 17:07:16,631 [WARN] ApiManager:308 - Cannot register API 'Wireless:BlueNRG-MS' from pack STMicroelectronics.X-CUBE-BLE1.7.0.0: no header file found
2024-04-11 17:07:16,633 [WARN] ModelIntegratedComponent:64 - No mode defined for component null
2024-04-11 17:07:16,634 [WARN] ModelIntegratedComponent:64 - No mode defined for component null
2024-04-11 17:07:16,634 [WARN] ModelIntegratedComponent:64 - No mode defined for component null
2024-04-11 17:07:16,634 [WARN] ModelIntegratedComponent:64 - No mode defined for component null
2024-04-11 17:07:16,634 [WARN] ModelIntegratedComponent:64 - No mode defined for component null
2024-04-11 17:07:16,634 [WARN] ModelIntegratedComponent:64 - No mode defined for component null
2024-04-11 17:07:16,634 [WARN] ModelIntegratedComponent:64 - No mode defined for component null
2024-04-11 17:07:16,634 [WARN] ModelIntegratedComponent:64 - No mode defined for component null
2024-04-11 17:07:16,634 [WARN] ModelIntegratedComponent:64 - No mode defined for component null
2024-04-11 17:07:16,634 [WARN] ModelIntegratedComponent:64 - No mode defined for component null
2024-04-11 17:07:16,634 [WARN] ModelIntegratedComponent:64 - No mode defined for component null
2024-04-11 17:07:16,634 [WARN] ModelIntegratedComponent:64 - No mode defined for component null
2024-04-11 17:07:16,634 [WARN] ModelIntegratedComponent:64 - No mode defined for component null
2024-04-11 17:07:16,635 [WARN] ModelIntegratedComponent:64 - No mode defined for component null
2024-04-11 17:07:16,635 [WARN] ModelIntegratedComponent:64 - No mode defined for component null
2024-04-11 17:07:16,635 [WARN] ModelIntegratedComponent:64 - No mode defined for component null
2024-04-11 17:07:16,635 [WARN] ModelIntegratedComponent:64 - No mode defined for component null
2024-04-11 17:07:16,635 [WARN] ModelIntegratedComponent:64 - No mode defined for component null
2024-04-11 17:07:16,635 [WARN] ModelIntegratedComponent:64 - No mode defined for component null
2024-04-11 17:07:16,635 [WARN] ModelIntegratedComponent:64 - No mode defined for component null
2024-04-11 17:07:16,635 [WARN] ModelIntegratedComponent:64 - No mode defined for component null
2024-04-11 17:07:16,635 [WARN] ModelIntegratedComponent:64 - No mode defined for component null
2024-04-11 17:07:16,635 [WARN] ModelIntegratedComponent:64 - No mode defined for component null
2024-04-11 17:07:16,635 [WARN] ModelIntegratedComponent:64 - No mode defined for component null
2024-04-11 17:07:16,635 [WARN] ModelIntegratedComponent:64 - No mode defined for component null
2024-04-11 17:07:16,635 [WARN] ModelIntegratedComponent:64 - No mode defined for component null
2024-04-11 17:07:16,636 [WARN] ModelIntegratedComponent:64 - No mode defined for component null
2024-04-11 17:07:16,636 [WARN] ModelIntegratedComponent:64 - No mode defined for component null
2024-04-11 17:07:16,636 [WARN] ModelIntegratedComponent:64 - No mode defined for component null
2024-04-11 17:07:16,636 [WARN] ModelIntegratedComponent:64 - No mode defined for component null
2024-04-11 17:07:16,636 [WARN] ModelIntegratedComponent:64 - No mode defined for component null
2024-04-11 17:07:16,636 [WARN] ModelIntegratedComponent:64 - No mode defined for component null
2024-04-11 17:07:16,636 [WARN] ModelIntegratedComponent:64 - No mode defined for component null
2024-04-11 17:07:16,637 [WARN] ApiManager:308 - Cannot register API 'Board Extension:NFC07A1' from pack STMicroelectronics.X-CUBE-NFC7.1.0.1: no header file found
2024-04-11 17:07:16,638 [WARN] ApiManager:308 - Cannot register API 'Board Extension:NFC07A1' from pack STMicroelectronics.X-CUBE-NFC7.1.0.0: no header file found
2024-04-11 17:07:16,638 [WARN] ApiManager:308 - Cannot register API 'Board Extension:NFC06A1' from pack STMicroelectronics.X-CUBE-NFC6.3.0.0: no header file found
2024-04-11 17:07:16,638 [WARN] ApiManager:308 - Cannot register API 'Board Extension:NFC08A1' from pack STMicroelectronics.X-CUBE-NFC6.3.0.0: no header file found
2024-04-11 17:07:16,671 [WARN] ApiManager:308 - Cannot register API 'Board Extension:IKS01A3' from pack STMicroelectronics.X-CUBE-MEMS1.9.3.0: no header file found
2024-04-11 17:07:16,671 [WARN] ApiManager:308 - Cannot register API 'Board Extension:IKS01A2' from pack STMicroelectronics.X-CUBE-MEMS1.9.3.0: no header file found
2024-04-11 17:07:16,671 [WARN] ApiManager:308 - Cannot register API 'Board Extension:IKS02A1' from pack STMicroelectronics.X-CUBE-MEMS1.9.3.0: no header file found
2024-04-11 17:07:16,673 [WARN] ApiManager:308 - Cannot register API 'Board Extension:EEPRMA1' from pack STMicroelectronics.X-CUBE-EEPRMA1.4.1.0: no header file found
2024-04-11 17:07:16,673 [WARN] ApiManager:308 - Cannot register API 'Board Extension:EEPRMA2' from pack STMicroelectronics.X-CUBE-EEPRMA1.4.1.0: no header file found
2024-04-11 17:07:16,673 [WARN] ApiManager:308 - Cannot register API 'Board Extension:PGEEZ1' from pack STMicroelectronics.X-CUBE-EEPRMA1.4.1.0: no header file found
2024-04-11 17:07:16,673 [WARN] ApiManager:308 - Cannot register API 'Board Part:M24' from pack STMicroelectronics.X-CUBE-EEPRMA1.4.1.0: no header file found
2024-04-11 17:07:16,674 [WARN] ApiManager:308 - Cannot register API 'Board Part:M95' from pack STMicroelectronics.X-CUBE-EEPRMA1.4.1.0: no header file found
2024-04-11 17:07:16,674 [WARN] ApiManager:308 - Cannot register API 'Board Part:M95P32' from pack STMicroelectronics.X-CUBE-EEPRMA1.4.1.0: no header file found
2024-04-11 17:07:16,674 [WARN] ApiManager:308 - Cannot register API 'PGEEZ1:SPI' from pack STMicroelectronics.X-CUBE-EEPRMA1.4.1.0: no header file found
2024-04-11 17:07:16,674 [WARN] ApiManager:308 - Cannot register API 'PGEEZ1:QDSPI' from pack STMicroelectronics.X-CUBE-EEPRMA1.4.1.0: no header file found
2024-04-11 17:07:16,677 [WARN] ApiManager:308 - Cannot register API 'Board Extension:S2868A1' from pack STMicroelectronics.X-CUBE-SFXS2LP1.4.0.0: no header file found
2024-04-11 17:07:16,677 [WARN] ApiManager:308 - Cannot register API 'Board Extension:S2868A2' from pack STMicroelectronics.X-CUBE-SFXS2LP1.4.0.0: no header file found
2024-04-11 17:07:16,677 [WARN] ApiManager:308 - Cannot register API 'Board Extension:S2915A1' from pack STMicroelectronics.X-CUBE-SFXS2LP1.4.0.0: no header file found
2024-04-11 17:07:16,678 [WARN] ApiManager:308 - Cannot register API 'Wireless:BlueNRG-2' from pack STMicroelectronics.X-CUBE-BLE2.3.3.0: no header file found
2024-04-11 17:07:16,718 [WARN] ApiManager:308 - Cannot register API 'Board Extension:IKS01A3' from pack STMicroelectronics.X-CUBE-MEMS1.9.4.0: no header file found
2024-04-11 17:07:16,718 [WARN] ApiManager:308 - Cannot register API 'Board Extension:IKS01A2' from pack STMicroelectronics.X-CUBE-MEMS1.9.4.0: no header file found
2024-04-11 17:07:16,719 [WARN] ApiManager:308 - Cannot register API 'Board Extension:IKS02A1' from pack STMicroelectronics.X-CUBE-MEMS1.9.4.0: no header file found
2024-04-11 17:07:16,722 [WARN] ApiManager:308 - Cannot register API 'Board Extension:STSAFEA1' from pack STMicroelectronics.X-CUBE-SAFEA1.1.2.2: no header file found
2024-04-11 17:07:16,722 [WARN] ApiManager:308 - Cannot register API 'Board Part:STSAFEA110' from pack STMicroelectronics.X-CUBE-SAFEA1.1.2.2: no header file found
2024-04-11 17:07:16,722 [WARN] ApiManager:308 - Cannot register API 'Security:ST_Cryptolib' from pack STMicroelectronics.X-CUBE-SAFEA1.1.2.2: no header file found
2024-04-11 17:07:16,722 [WARN] ApiManager:308 - Cannot register API 'Security:MbedTLS' from pack STMicroelectronics.X-CUBE-SAFEA1.1.2.2: no header file found
2024-04-11 17:07:16,722 [WARN] ApiManager:308 - Cannot register API 'Board Extension:NFC04A1' from pack STMicroelectronics.X-CUBE-NFC4.3.0.0: no header file found
2024-04-11 17:07:16,726 [WARN] ApiManager:308 - Cannot register API 'Board Extension:S2868A1' from pack STMicroelectronics.X-CUBE-SUBG2.5.0.0: no header file found
2024-04-11 17:07:16,726 [WARN] ApiManager:308 - Cannot register API 'Board Extension:S2868A2' from pack STMicroelectronics.X-CUBE-SUBG2.5.0.0: no header file found
2024-04-11 17:07:16,726 [WARN] ApiManager:308 - Cannot register API 'Board Extension:S2915A1' from pack STMicroelectronics.X-CUBE-SUBG2.5.0.0: no header file found
2024-04-11 17:07:16,734 [WARN] ApiManager:308 - Cannot register API 'Board Extension:EEPRMA2' from pack STMicroelectronics.X-CUBE-EEPRMA1.5.1.0: no header file found
2024-04-11 17:07:16,734 [WARN] ApiManager:308 - Cannot register API 'Board Extension:PGEEZ1' from pack STMicroelectronics.X-CUBE-EEPRMA1.5.1.0: no header file found
2024-04-11 17:07:16,734 [WARN] ApiManager:308 - Cannot register API 'Board Extension:EEICA1' from pack STMicroelectronics.X-CUBE-EEPRMA1.5.1.0: no header file found
2024-04-11 17:07:16,734 [WARN] ApiManager:308 - Cannot register API 'Board Part:M24' from pack STMicroelectronics.X-CUBE-EEPRMA1.5.1.0: no header file found
2024-04-11 17:07:16,734 [WARN] ApiManager:308 - Cannot register API 'Board Part:M95' from pack STMicroelectronics.X-CUBE-EEPRMA1.5.1.0: no header file found
2024-04-11 17:07:16,734 [WARN] ApiManager:308 - Cannot register API 'Board Part:M95P32' from pack STMicroelectronics.X-CUBE-EEPRMA1.5.1.0: no header file found
2024-04-11 17:07:16,734 [WARN] ApiManager:308 - Cannot register API 'Board Part:M24256E-F' from pack STMicroelectronics.X-CUBE-EEPRMA1.5.1.0: no header file found
2024-04-11 17:07:16,734 [WARN] ApiManager:308 - Cannot register API 'Board Part:M24M01E-F' from pack STMicroelectronics.X-CUBE-EEPRMA1.5.1.0: no header file found
2024-04-11 17:07:16,734 [WARN] ApiManager:308 - Cannot register API 'PGEEZ1:SPI' from pack STMicroelectronics.X-CUBE-EEPRMA1.5.1.0: no header file found
2024-04-11 17:07:16,734 [WARN] ApiManager:308 - Cannot register API 'PGEEZ1:QDSPI' from pack STMicroelectronics.X-CUBE-EEPRMA1.5.1.0: no header file found
2024-04-11 17:07:16,770 [WARN] ApiManager:308 - Cannot register API 'Board Extension:IKS01A3' from pack STMicroelectronics.X-CUBE-MEMS1.10.0.0: no header file found
2024-04-11 17:07:16,770 [WARN] ApiManager:308 - Cannot register API 'Board Extension:IKS02A1' from pack STMicroelectronics.X-CUBE-MEMS1.10.0.0: no header file found
2024-04-11 17:07:16,770 [WARN] ApiManager:308 - Cannot register API 'Board Extension:IKS4A1' from pack STMicroelectronics.X-CUBE-MEMS1.10.0.0: no header file found
2024-04-11 17:07:16,808 [WARN] ApiManager:308 - Cannot register API 'Board Extension:IKS01A3' from pack STMicroelectronics.X-CUBE-MEMS1.9.5.0: no header file found
2024-04-11 17:07:16,808 [WARN] ApiManager:308 - Cannot register API 'Board Extension:IKS01A2' from pack STMicroelectronics.X-CUBE-MEMS1.9.5.0: no header file found
2024-04-11 17:07:16,808 [WARN] ApiManager:308 - Cannot register API 'Board Extension:IKS02A1' from pack STMicroelectronics.X-CUBE-MEMS1.9.5.0: no header file found
2024-04-11 17:07:16,812 [WARN] ApiManager:308 - Cannot register API 'Board Extension:EEPRMA1' from pack STMicroelectronics.X-CUBE-EEPRMA1.3.1.1: no header file found
2024-04-11 17:07:16,812 [WARN] ApiManager:308 - Cannot register API 'Board Extension:EEPRMA2' from pack STMicroelectronics.X-CUBE-EEPRMA1.3.1.1: no header file found
2024-04-11 17:07:16,835 [INFO] ThirdPartyModel:289 - Start build external matchings
2024-04-11 17:07:18,073 [INFO] ThirdPartyModel:302 - End build external matchings
2024-04-11 17:07:18,108 [INFO] ImportTextPane:193 - (OptionalMessage_ERROR) IP (ADC1) : Parameter (CommonPathInternal) has invalid value (null|null|null|null)
2024-04-11 17:07:18,441 [INFO] UtilMem:74 - End LoadConfig() Used Memory: 556340176 Bytes (665845760)
2024-04-11 17:07:18,542 [INFO] ApiDb:576 - Connected to CubeFinder SQLite database (C:\Users\saksh\.stmcufinder\plugins\mcufinder\mcu\cube-finder-db.db)
2024-04-11 17:07:18,601 [INFO] ApiDb:663 - CubeFinder database Data Model version=2.1
2024-04-11 17:07:18,602 [INFO] ApiDb:664 - CubeFinder database Configuration version=3.0.39
2024-04-11 17:07:18,602 [INFO] ApiDb:665 - CubeFinder database generation date=2024-03-25 (1711369621)
2024-04-11 17:07:18,602 [INFO] ApiDb:666 - CubeFinder database FW Pack versions=[FP-ATR-ASTRA1_V2.0.0, FP-SNS-FLIGHT1_V5.0.1, FP-SNS-FLIGHT1_V5.0.2, FP-SNS-MOTENV1_V4.3.1, FP-SNS-MOTENV1_V4.3.2, FP-SNS-MOTENVWB1_V1.3.1, FP-SNS-SMARTAG2_V1.2.0, STM32Cube_FW_C0_V1.1.0, STM32Cube_FW_F4_V1.28.0, STM32Cube_FW_F7_V1.17.0, STM32Cube_FW_G0_V1.6.2, STM32Cube_FW_G4_V1.5.2, STM32Cube_FW_H5_V0.5.1, STM32Cube_FW_H5_V1.1.1, STM32Cube_FW_H5_V1.2.0, STM32Cube_FW_H5_V1.2.0RC4, STM32Cube_FW_H7RS_V1.0.0, STM32Cube_FW_H7RS_V1.0.0RC4, STM32Cube_FW_H7_V1.11.0, STM32Cube_FW_L0_V1.12.2, STM32Cube_FW_L5_V1.5.1, STM32Cube_FW_U0_V1.0.0, STM32Cube_FW_U0_V1.0.0RC1, STM32Cube_FW_U5_V1.3.0RC4, STM32Cube_FW_U5_V1.5.0, STM32Cube_FW_U5_V1.5.0RC1, STM32Cube_FW_WBA_V1.0.0RC1, STM32Cube_FW_WBA_V1.2.0, STM32Cube_FW_WBA_V1.2.0RC2, STM32Cube_FW_WBA_V1.3.0, STM32Cube_FW_WBA_V1.3.0RC1, STM32Cube_FW_WB_V1.15.0RC1, STM32Cube_FW_WB_V1.16.0, STM32Cube_FW_WB_V1.16.0RC2, STM32Cube_FW_WB_V1.18.0, STM32Cube_FW_WB_V1.19.0, STM32Cube_FW_WL_V1.3.0, X-CUBE-ALGOBUILD_V1.3.0, X-CUBE-ALS_V1.0.1, X-CUBE-AZRTOS-F4_V1.1.0, X-CUBE-AZRTOS-F7_V1.1.0, X-CUBE-AZRTOS-G0_V1.1.0, X-CUBE-AZRTOS-G4_V2.0.0, X-CUBE-AZRTOS-H7_V3.2.0, X-CUBE-AZRTOS-L4_V1.0.0, X-CUBE-AZRTOS-L4_V2.0.0, X-CUBE-AZRTOS-L5_V1.1.0, X-CUBE-AZRTOS-WB_V2.0.0, X-CUBE-AZRTOS-WL_V2.0.0, X-CUBE-BLE1_V7.0.0, X-CUBE-BLE2_V3.3.0, X-CUBE-BLEMGR_V3.1.0, X-CUBE-EEPRMA1_V4.1.0, X-CUBE-EEPRMA1_V5.1.0, X-CUBE-FREERTOS_V1.1.0, X-CUBE-GNSS1_V6.0.0, X-CUBE-MEMS1_V10.0.0, X-CUBE-MEMS1_V9.1.0, X-CUBE-MEMS1_V9.4.0, X-CUBE-MEMS1_V9.6.0, X-CUBE-NFC4_V3.0.0, X-CUBE-NFC7_V1.0.1, X-CUBE-SFXS2LP1_V4.0.0, X-CUBE-SUBG2_V5.0.0, X-CUBE-TOF1_V3.4.0]
2024-04-11 17:07:20,360 [INFO] ApiDb:239 - Found 138 in-development CPN: [B-WB1M-WPAN1, NUCLEO-C031C6, STEVAL-STWINBX1, STM320518-EVAL, STM32C0116-DK, STM32C011D6Y3TR, STM32C011D6Y6TR, STM32C011F4P3, STM32C011F4P6, STM32C011F4U3, STM32C011F4U6TR, STM32C011F6P3, STM32C011F6P6, STM32C011F6U3, STM32C011F6U6TR, STM32C011J4M3, STM32C011J4M6, STM32C011J6M3, STM32C011J6M6, STM32C0316-DK, STM32C031C4T3, STM32C031C4T6, STM32C031C4U3, STM32C031C4U6, STM32C031C6T3, STM32C031C6T6, STM32C031C6U3, STM32C031C6U6, STM32C031F4P3, STM32C031F4P6, STM32C031F6P3, STM32C031F6P6, STM32C031G4U3, STM32C031G4U6, STM32C031G6U3, STM32C031G6U6, STM32C031K4T3, STM32C031K4T6, STM32C031K4U3, STM32C031K4U6, STM32C031K6T3, STM32C031K6T6, STM32C031K6U3, STM32C031K6U6, STM32G071K8TXN, STM32G071K8UXN, STM32G081GBU6N, STM32G081KBT6N, STM32G081KBUXN, STM32G0B1CCT6N, STM32G0B1KCT6, STM32G0B1NEY6TR, STM32G0B1RCT6N, STM32G0C1CCT6, STM32G0C1CCT6N, STM32G0C1CCU6N, STM32G0C1CET6N, STM32G0C1CEU6N, STM32G0C1KCT6, STM32G0C1NEY6TR, STM32G0C1RCI6N, STM32G0C1RCT6N, STM32G0C1REI6N, STM32G0C1RET6N, STM32G0C1VCI6, STM32G0C1VEI6, STM32G471CCT6, STM32G471CCU6, STM32G471CET3, STM32G471CET6, STM32G471CEU3, STM32G471CEU6, STM32G471MCT6, STM32G471MET3, STM32G471MET6, STM32G471MEY6TR, STM32G471QCT6, STM32G471QET3, STM32G471RCT6, STM32G471RET3, STM32G471RET6, STM32G471VCH6, STM32G471VCI6, STM32G471VCT6, STM32G471VEH3, STM32G471VEH6, STM32G471VEI3, STM32G471VEI6, STM32G471VET3, STM32G471VET6, STM32G474CCT6, STM32L476VGY6PTR, STM32L4R5QGI6STR, STM32MP131AAE3, STM32MP131AAF3, STM32MP131AAG3, STM32MP131CAE3, STM32MP131CAF3, STM32MP131CAG3, STM32MP131DAE7, STM32MP131DAF7, STM32MP131DAG7, STM32MP131FAE7, STM32MP131FAF7, STM32MP131FAG7, STM32MP133AAE3, STM32MP133AAF3, STM32MP133AAG3, STM32MP133CAE3, STM32MP133CAF3, STM32MP133CAG3, STM32MP133DAE7, STM32MP133DAF7, STM32MP133DAG7, STM32MP133FAE7, STM32MP133FAF7, STM32MP133FAG7, STM32MP135AAE3, STM32MP135AAF3, STM32MP135AAG3, STM32MP135CAE3, STM32MP135CAF3, STM32MP135CAG3, STM32MP135DAE7, STM32MP135DAF7, STM32MP135DAG7, STM32MP135F-DK, STM32MP135FAE7, STM32MP135FAF7, STM32MP135FAG7, STM32U595ZJT6Q, STM32U599BJY6QTR, STM32U599NIH6Q, STM32U599NJH6Q, STM32U5A5ZJT6Q, STM32U5A9BJY6QTR, STM32U5A9NJH6Q, STM32WB1MMCH6]
2024-04-11 17:07:20,362 [INFO] DbMcus:215 - Found 4040 MCUs, 4040 are supported
2024-04-11 17:07:20,367 [INFO] ApiDb:418 - Load user favorites file C:\Users\saksh/.stm32cubeide/favorites.mcus.txt: 1 item(s)
2024-04-11 17:07:20,367 [INFO] ApiDb:422 - User favorites MCUs=[STM32F103C8T6]
2024-04-11 17:07:20,367 [INFO] DbMcus:221 - Set 1 / 1 favorites MCUs
2024-04-11 17:07:20,469 [WARN] ThirdParty:789 - waiting for thirdparty lock release [change project]
2024-04-11 17:07:20,470 [INFO] ThirdParty:791 - entering critical section [change project]
2024-04-11 17:07:20,470 [INFO] ThirdParty:981 - CMSIS Pack Vendor :STMicroelectronics X-CUBE-GNSS1 6.0.0
2024-04-11 17:07:20,470 [INFO] ThirdParty:981 - CMSIS Pack Vendor :STMicroelectronics USB_HOST 2.0.0
2024-04-11 17:07:20,470 [INFO] ThirdParty:981 - CMSIS Pack Vendor :STMicroelectronics X-CUBE-AZRTOS-F4 1.1.0
2024-04-11 17:07:20,470 [INFO] ThirdParty:981 - CMSIS Pack Vendor :STMicroelectronics LIBJPEG 8.0.0
2024-04-11 17:07:20,470 [INFO] ThirdParty:981 - CMSIS Pack Vendor :STMicroelectronics X-CUBE-SMBUS 2.1.0
2024-04-11 17:07:20,470 [INFO] ThirdParty:981 - CMSIS Pack Vendor :STMicroelectronics X-CUBE-TOUCHGFX 4.23.1
2024-04-11 17:07:20,470 [INFO] ThirdParty:981 - CMSIS Pack Vendor :STMicroelectronics X-CUBE-TOUCHGFX 4.23.0
2024-04-11 17:07:20,470 [INFO] ThirdParty:981 - CMSIS Pack Vendor :STMicroelectronics X-CUBE-BLEMGR 1.2.0
2024-04-11 17:07:20,470 [INFO] ThirdParty:981 - CMSIS Pack Vendor :STMicroelectronics X-CUBE-TOUCHGFX 4.23.2
2024-04-11 17:07:20,470 [INFO] ThirdParty:981 - CMSIS Pack Vendor :STMicroelectronics X-CUBE-AZRTOS-F7 1.1.0
2024-04-11 17:07:20,470 [INFO] ThirdParty:981 - CMSIS Pack Vendor :STMicroelectronics X-CUBE-AZRTOS-L5 2.0.0
2024-04-11 17:07:20,470 [INFO] ThirdParty:981 - CMSIS Pack Vendor :STMicroelectronics USB_DEVICE 2.0.0
2024-04-11 17:07:20,470 [INFO] ThirdParty:981 - CMSIS Pack Vendor :STMicroelectronics X-CUBE-MEMS1 9.6.0
2024-04-11 17:07:20,470 [INFO] ThirdParty:981 - CMSIS Pack Vendor :STMicroelectronics X-CUBE-EEPRMA1 4.2.0
2024-04-11 17:07:20,470 [INFO] ThirdParty:981 - CMSIS Pack Vendor :STMicroelectronics X-CUBE-NFC6 3.1.0
2024-04-11 17:07:20,470 [INFO] ThirdParty:981 - CMSIS Pack Vendor :ITTIA_DB I-CUBE-ITTIADB 8.8.0
2024-04-11 17:07:20,470 [INFO] ThirdParty:981 - CMSIS Pack Vendor :STMicroelectronics FP-SNS-MOTENV1 4.3.0
2024-04-11 17:07:20,470 [INFO] ThirdParty:981 - CMSIS Pack Vendor :STMicroelectronics FP-SNS-MOTENV1 4.3.2
2024-04-11 17:07:20,470 [INFO] ThirdParty:981 - CMSIS Pack Vendor :STMicroelectronics FP-SNS-FLIGHT1 5.0.0
2024-04-11 17:07:20,470 [INFO] ThirdParty:981 - CMSIS Pack Vendor :STMicroelectronics FP-SNS-MOTENV1 4.3.1
2024-04-11 17:07:20,470 [INFO] ThirdParty:981 - CMSIS Pack Vendor :STMicroelectronics FP-SNS-FLIGHT1 5.0.1
2024-04-11 17:07:20,470 [INFO] ThirdParty:981 - CMSIS Pack Vendor :STMicroelectronics X-CUBE-BLE1 6.2.3
2024-04-11 17:07:20,470 [INFO] ThirdParty:981 - CMSIS Pack Vendor :STMicroelectronics X-CUBE-BLE1 6.2.4
2024-04-11 17:07:20,470 [INFO] ThirdParty:981 - CMSIS Pack Vendor :STMicroelectronics FreeRTOS 0.0.1
2024-04-11 17:07:20,470 [INFO] ThirdParty:981 - CMSIS Pack Vendor :STMicroelectronics X-CUBE-BLEMGR 2.0.0
2024-04-11 17:07:20,470 [INFO] ThirdParty:981 - CMSIS Pack Vendor :STMicroelectronics FP-SNS-FLIGHT1 5.0.2
2024-04-11 17:07:20,470 [INFO] ThirdParty:981 - CMSIS Pack Vendor :STMicroelectronics X-CUBE-NFC4 2.0.4
2024-04-11 17:07:20,470 [INFO] ThirdParty:981 - CMSIS Pack Vendor :STMicroelectronics X-CUBE-AZRTOS-H7 3.1.0
2024-04-11 17:07:20,470 [INFO] ThirdParty:981 - CMSIS Pack Vendor :STMicroelectronics PDM2PCM 3.3.0
2024-04-11 17:07:20,470 [INFO] ThirdParty:981 - CMSIS Pack Vendor :STMicroelectronics X-CUBE-TOF1 3.1.0
2024-04-11 17:07:20,470 [INFO] ThirdParty:981 - CMSIS Pack Vendor :STMicroelectronics X-CUBE-DISPLAY 3.0.0
2024-04-11 17:07:20,470 [INFO] ThirdParty:981 - CMSIS Pack Vendor :STMicroelectronics X-CUBE-BLE1 7.0.0
2024-04-11 17:07:20,470 [INFO] ThirdParty:981 - CMSIS Pack Vendor :wolfSSL I-CUBE-wolfSSL 5.5.0
2024-04-11 17:07:20,470 [INFO] ThirdParty:981 - CMSIS Pack Vendor :STMicroelectronics HAL Drivers 0.0.0
2024-04-11 17:07:20,470 [INFO] ThirdParty:981 - CMSIS Pack Vendor :STMicroelectronics X-CUBE-TOUCHGFX 4.22.0
2024-04-11 17:07:20,470 [INFO] ThirdParty:981 - CMSIS Pack Vendor :STMicroelectronics X-CUBE-NFC7 1.0.1
2024-04-11 17:07:20,470 [INFO] ThirdParty:981 - CMSIS Pack Vendor :STMicroelectronics MBEDTLS 2.14.1
2024-04-11 17:07:20,470 [INFO] ThirdParty:981 - CMSIS Pack Vendor :STMicroelectronics X-CUBE-NFC7 1.0.0
2024-04-11 17:07:20,470 [INFO] ThirdParty:981 - CMSIS Pack Vendor :STMicroelectronics X-CUBE-NFC6 3.0.0
2024-04-11 17:07:20,470 [INFO] ThirdParty:981 - CMSIS Pack Vendor :STMicroelectronics X-CUBE-MEMS1 9.3.0
2024-04-11 17:07:20,471 [INFO] ThirdParty:981 - CMSIS Pack Vendor :STMicroelectronics X-CUBE-EEPRMA1 4.1.0
2024-04-11 17:07:20,471 [INFO] ThirdParty:981 - CMSIS Pack Vendor :STMicroelectronics X-CUBE-AI 7.2.0
2024-04-11 17:07:20,471 [INFO] ThirdParty:981 - CMSIS Pack Vendor :STMicroelectronics X-CUBE-BLEMGR 3.1.0
2024-04-11 17:07:20,471 [INFO] ThirdParty:981 - CMSIS Pack Vendor :STMicroelectronics FP-SNS-SMARTAG2 1.2.0
2024-04-11 17:07:20,471 [INFO] ThirdParty:981 - CMSIS Pack Vendor :STMicroelectronics X-CUBE-AZRTOS-WL 2.0.0
2024-04-11 17:07:20,471 [INFO] ThirdParty:981 - CMSIS Pack Vendor :STMicroelectronics FP-SNS-MOTENV1 5.0.0
2024-04-11 17:07:20,471 [INFO] ThirdParty:981 - CMSIS Pack Vendor :STMicroelectronics USB_DEVICE 1.0.0
2024-04-11 17:07:20,471 [INFO] ThirdParty:981 - CMSIS Pack Vendor :STMicroelectronics X-CUBE-AI 8.1.0
2024-04-11 17:07:20,471 [INFO] ThirdParty:981 - CMSIS Pack Vendor :STMicroelectronics X-CUBE-AZRTOS-L4 2.0.0
2024-04-11 17:07:20,471 [INFO] ThirdParty:981 - CMSIS Pack Vendor :STMicroelectronics ThreadX 0.0.2
2024-04-11 17:07:20,471 [INFO] ThirdParty:981 - CMSIS Pack Vendor :WES I-CUBE-Cesium 1.3.0
2024-04-11 17:07:20,471 [INFO] ThirdParty:981 - CMSIS Pack Vendor :STMicroelectronics lwIP 2.1.2
2024-04-11 17:07:20,471 [INFO] ThirdParty:981 - CMSIS Pack Vendor :STMicroelectronics X-CUBE-SFXS2LP1 4.0.0
2024-04-11 17:07:20,471 [INFO] ThirdParty:981 - CMSIS Pack Vendor :STMicroelectronics X-CUBE-BLE2 3.3.0
2024-04-11 17:07:20,471 [INFO] ThirdParty:981 - CMSIS Pack Vendor :STMicroelectronics X-CUBE-DISPLAY 2.2.0
2024-04-11 17:07:20,471 [INFO] ThirdParty:981 - CMSIS Pack Vendor :STMicroelectronics X-CUBE-TOF1 3.2.0
2024-04-11 17:07:20,471 [INFO] ThirdParty:981 - CMSIS Pack Vendor :STMicroelectronics PDM2PCM 3.2.0
2024-04-11 17:07:20,471 [INFO] ThirdParty:981 - CMSIS Pack Vendor :STMicroelectronics X-CUBE-AZRTOS-H7 3.0.0
2024-04-11 17:07:20,471 [INFO] ThirdParty:981 - CMSIS Pack Vendor :STMicroelectronics X-CUBE-ISPU 1.0.0
2024-04-11 17:07:20,471 [INFO] ThirdParty:981 - CMSIS Pack Vendor :STMicroelectronics X-CUBE-ISPU 1.1.0
2024-04-11 17:07:20,471 [INFO] ThirdParty:981 - CMSIS Pack Vendor :RoweBots I-CUBE-UNISONRTOS 5.5.0-4
2024-04-11 17:07:20,471 [INFO] ThirdParty:981 - CMSIS Pack Vendor :STMicroelectronics X-CUBE-AZRTOS-H7 2.1.0
2024-04-11 17:07:20,471 [INFO] ThirdParty:981 - CMSIS Pack Vendor :STMicroelectronics USB_DEVICE 3.0.0
2024-04-11 17:07:20,471 [INFO] ThirdParty:981 - CMSIS Pack Vendor :STMicroelectronics X-CUBE-TCPP 4.1.0
2024-04-11 17:07:20,472 [INFO] ThirdParty:981 - CMSIS Pack Vendor :STMicroelectronics X-CUBE-AI 8.0.0
2024-04-11 17:07:20,472 [INFO] ThirdParty:981 - CMSIS Pack Vendor :STMicroelectronics X-CUBE-AZRTOS-WB 2.0.0
2024-04-11 17:07:20,472 [INFO] ThirdParty:981 - CMSIS Pack Vendor :STMicroelectronics X-CUBE-FREERTOS 1.0.0
2024-04-11 17:07:20,472 [INFO] ThirdParty:981 - CMSIS Pack Vendor :STMicroelectronics X-CUBE-FREERTOS 1.0.1
2024-04-11 17:07:20,472 [INFO] ThirdParty:981 - CMSIS Pack Vendor :STMicroelectronics X-CUBE-TOUCHGFX 4.21.1
2024-04-11 17:07:20,472 [INFO] ThirdParty:981 - CMSIS Pack Vendor :STMicroelectronics X-CUBE-TOUCHGFX 4.21.3
2024-04-11 17:07:20,472 [INFO] ThirdParty:981 - CMSIS Pack Vendor :STMicroelectronics X-CUBE-BLEMGR 1.0.0
2024-04-11 17:07:20,472 [INFO] ThirdParty:981 - CMSIS Pack Vendor :STMicroelectronics X-CUBE-TOUCHGFX 4.21.4
2024-04-11 17:07:20,472 [INFO] ThirdParty:981 - CMSIS Pack Vendor :STMicroelectronics X-CUBE-MEMS1 9.4.0
2024-04-11 17:07:20,472 [INFO] ThirdParty:981 - CMSIS Pack Vendor :STMicroelectronics X-CUBE-AI 7.3.0
2024-04-11 17:07:20,472 [INFO] ThirdParty:981 - CMSIS Pack Vendor :STMicroelectronics X-CUBE-ALGOBUILD 1.3.0
2024-04-11 17:07:20,472 [INFO] ThirdParty:981 - CMSIS Pack Vendor :STMicroelectronics X-CUBE-AZRTOS-L5 1.1.0
2024-04-11 17:07:20,472 [INFO] ThirdParty:981 - CMSIS Pack Vendor :STMicroelectronics X-CUBE-AZRTOS-G0 1.1.0
2024-04-11 17:07:20,472 [INFO] ThirdParty:981 - CMSIS Pack Vendor :STMicroelectronics X-CUBE-AI 8.0.1
2024-04-11 17:07:20,472 [INFO] ThirdParty:981 - CMSIS Pack Vendor :STMicroelectronics X-CUBE-SAFEA1 1.2.2
2024-04-11 17:07:20,472 [INFO] ThirdParty:981 - CMSIS Pack Vendor :STMicroelectronics X-CUBE-NFC4 3.0.0
2024-04-11 17:07:20,472 [INFO] ThirdParty:981 - CMSIS Pack Vendor :SEGGER I-CUBE-embOS 1.2.0
2024-04-11 17:07:20,472 [INFO] ThirdParty:981 - CMSIS Pack Vendor :STMicroelectronics X-CUBE-SUBG2 5.0.0
2024-04-11 17:07:20,472 [INFO] ThirdParty:981 - CMSIS Pack Vendor :STMicroelectronics STM32_WPAN 1.0.0
2024-04-11 17:07:20,472 [INFO] ThirdParty:981 - CMSIS Pack Vendor :STMicroelectronics lwIP 2.0.3
2024-04-11 17:07:20,472 [INFO] ThirdParty:981 - CMSIS Pack Vendor :STMicroelectronics USB_HOST 1.0.0
2024-04-11 17:07:20,472 [INFO] ThirdParty:981 - CMSIS Pack Vendor :STMicroelectronics X-CUBE-TOF1 3.3.1
2024-04-11 17:07:20,472 [INFO] ThirdParty:981 - CMSIS Pack Vendor :STMicroelectronics X-CUBE-AZRTOS-G4 2.0.0
2024-04-11 17:07:20,472 [INFO] ThirdParty:981 - CMSIS Pack Vendor :STMicroelectronics PDM2PCM 3.1.0
2024-04-11 17:07:20,472 [INFO] ThirdParty:981 - CMSIS Pack Vendor :STMicroelectronics X-CUBE-TOF1 3.3.0
2024-04-11 17:07:20,472 [INFO] ThirdParty:981 - CMSIS Pack Vendor :STMicroelectronics FP-ATR-ASTRA1 1.1.1
2024-04-11 17:07:20,472 [INFO] ThirdParty:981 - CMSIS Pack Vendor :Infineon AIROC-Wi-Fi-Bluetooth-STM32 1.5.1
2024-04-11 17:07:20,472 [INFO] ThirdParty:981 - CMSIS Pack Vendor :STMicroelectronics X-CUBE-BLEMGR 3.0.0
2024-04-11 17:07:20,472 [INFO] ThirdParty:981 - CMSIS Pack Vendor :STMicroelectronics X-CUBE-BLEMGR 1.3.0
2024-04-11 17:07:20,472 [INFO] ThirdParty:981 - CMSIS Pack Vendor :STMicroelectronics FP-SNS-MOTENVWB1 1.3.1
2024-04-11 17:07:20,472 [INFO] ThirdParty:981 - CMSIS Pack Vendor :STMicroelectronics FP-ATR-SIGFOX1 3.2.0
2024-04-11 17:07:20,472 [INFO] ThirdParty:981 - CMSIS Pack Vendor :STMicroelectronics X-CUBE-AZRTOS-G4 1.0.0
2024-04-11 17:07:20,472 [INFO] ThirdParty:981 - CMSIS Pack Vendor :STMicroelectronics X-CUBE-AZRTOS-L4 1.0.0
2024-04-11 17:07:20,472 [INFO] ThirdParty:981 - CMSIS Pack Vendor :STMicroelectronics X-CUBE-ISPU 2.0.0
2024-04-11 17:07:20,472 [INFO] ThirdParty:981 - CMSIS Pack Vendor :STMicroelectronics X-CUBE-EEPRMA1 5.1.0
2024-04-11 17:07:20,472 [INFO] ThirdParty:981 - CMSIS Pack Vendor :STMicroelectronics MBEDTLS 2.16.2
2024-04-11 17:07:20,472 [INFO] ThirdParty:981 - CMSIS Pack Vendor :emotas I-CUBE-CANOPEN 1.1.2
2024-04-11 17:07:20,472 [INFO] ThirdParty:981 - CMSIS Pack Vendor :STMicroelectronics X-CUBE-TOUCHGFX 4.20.0
2024-04-11 17:07:20,472 [INFO] ThirdParty:981 - CMSIS Pack Vendor :STMicroelectronics X-CUBE-MEMS1 10.0.0
2024-04-11 17:07:20,472 [INFO] ThirdParty:981 - CMSIS Pack Vendor :STMicroelectronics X-CUBE-FREERTOS 1.1.0
2024-04-11 17:07:20,472 [INFO] ThirdParty:981 - CMSIS Pack Vendor :STMicroelectronics X-CUBE-AZRTOS-WL 1.0.0
2024-04-11 17:07:20,472 [INFO] ThirdParty:981 - CMSIS Pack Vendor :portGmbH I-Cube-SoM-uGOAL 1.1.0
2024-04-11 17:07:20,472 [INFO] ThirdParty:981 - CMSIS Pack Vendor :STMicroelectronics X-CUBE-ALS 1.0.1
2024-04-11 17:07:20,472 [INFO] ThirdParty:981 - CMSIS Pack Vendor :STMicroelectronics X-CUBE-MEMS1 9.5.0
2024-04-11 17:07:20,472 [INFO] ThirdParty:981 - CMSIS Pack Vendor :STMicroelectronics ThreadX 1.0.0
2024-04-11 17:07:20,472 [INFO] ThirdParty:981 - CMSIS Pack Vendor :STMicroelectronics X-CUBE-AZRTOS-WB 1.1.0
2024-04-11 17:07:20,472 [INFO] ThirdParty:981 - CMSIS Pack Vendor :SEGGER I-CUBE-embOS 1.3.1
2024-04-11 17:07:20,472 [INFO] ThirdParty:981 - CMSIS Pack Vendor :STMicroelectronics X-CUBE-AZRTOS-L5 1.0.0
2024-04-11 17:07:20,472 [INFO] ThirdParty:981 - CMSIS Pack Vendor :STMicroelectronics X-CUBE-EEPRMA1 3.1.1
2024-04-11 17:07:20,472 [INFO] ThirdParty:981 - CMSIS Pack Vendor :STMicroelectronics FP-ATR-ASTRA1 2.0.0
2024-04-11 17:07:20,472 [INFO] ThirdParty:981 - CMSIS Pack Vendor :STMicroelectronics X-CUBE-TOF1 3.4.0
2024-04-11 17:07:20,472 [INFO] ThirdParty:981 - CMSIS Pack Vendor :STMicroelectronics X-CUBE-TOF1 3.4.1
2024-04-11 17:07:20,472 [INFO] ThirdParty:981 - CMSIS Pack Vendor :STMicroelectronics X-CUBE-AZRTOS-H7 3.2.0
2024-04-11 17:07:20,472 [INFO] ThirdParty:797 - exiting critical section [change project]
2024-04-11 17:07:20,851 [INFO] PinOutPanel:1468 - setPackage(No Configuration,No Configuration)
2024-04-11 17:07:20,852 [INFO] PinOutPanel:1468 - setPackage(STM32G474RETx,LQFP64)
2024-04-11 17:07:21,318 [INFO] UtilMem:74 - Before build in PCC Used Memory: 526787584 Bytes (665845760)
2024-04-11 17:07:22,126 [INFO] UtilMem:74 - After build in PCC Used Memory: 582016960 Bytes (665845760)
2024-04-11 17:07:22,155 [INFO] IPUIPlugin:79 - create IPUIPlugin
2024-04-11 17:07:22,155 [INFO] IPUIPlugin:79 - create IPUIPlugin
2024-04-11 17:07:22,155 [INFO] IPUIPlugin:79 - create IPUIPlugin
2024-04-11 17:07:22,156 [INFO] IPUIPlugin:79 - create IPUIPlugin
2024-04-11 17:07:22,156 [INFO] IPUIPlugin:79 - create IPUIPlugin
2024-04-11 17:07:22,156 [INFO] IPUIPlugin:79 - create IPUIPlugin
2024-04-11 17:07:22,156 [INFO] IPUIPlugin:79 - create IPUIPlugin
2024-04-11 17:07:22,157 [INFO] IPUIPlugin:79 - create IPUIPlugin
2024-04-11 17:07:22,157 [INFO] IPUIPlugin:79 - create IPUIPlugin
2024-04-11 17:07:22,157 [INFO] IPUIPlugin:79 - create IPUIPlugin
2024-04-11 17:07:22,157 [INFO] IPUIPlugin:79 - create IPUIPlugin
2024-04-11 17:07:22,157 [INFO] IPUIPlugin:79 - create IPUIPlugin
2024-04-11 17:07:22,158 [INFO] IPUIPlugin:79 - create IPUIPlugin
2024-04-11 17:07:22,158 [INFO] IPUIPlugin:79 - create IPUIPlugin
2024-04-11 17:07:22,158 [INFO] IPUIPlugin:79 - create IPUIPlugin
2024-04-11 17:07:22,158 [INFO] IPUIPlugin:79 - create IPUIPlugin
2024-04-11 17:07:22,159 [INFO] IPUIPlugin:79 - create IPUIPlugin
2024-04-11 17:07:22,159 [INFO] IPUIPlugin:79 - create IPUIPlugin
2024-04-11 17:07:22,159 [INFO] IPUIPlugin:79 - create IPUIPlugin
2024-04-11 17:07:22,159 [INFO] IPUIPlugin:79 - create IPUIPlugin
2024-04-11 17:07:22,160 [INFO] IPUIPlugin:79 - create IPUIPlugin
2024-04-11 17:07:22,160 [INFO] IPUIPlugin:79 - create IPUIPlugin
2024-04-11 17:07:22,160 [INFO] IPUIPlugin:79 - create IPUIPlugin
2024-04-11 17:07:22,160 [INFO] IPUIPlugin:79 - create IPUIPlugin
2024-04-11 17:07:22,161 [INFO] IPUIPlugin:79 - create IPUIPlugin
2024-04-11 17:07:22,161 [INFO] IPUIPlugin:79 - create IPUIPlugin
2024-04-11 17:07:22,161 [INFO] IPUIPlugin:79 - create IPUIPlugin
2024-04-11 17:07:22,162 [INFO] IPUIPlugin:79 - create IPUIPlugin
2024-04-11 17:07:22,162 [INFO] IPUIPlugin:79 - create IPUIPlugin
2024-04-11 17:07:22,162 [INFO] IPUIPlugin:79 - create IPUIPlugin
2024-04-11 17:07:22,162 [INFO] IPUIPlugin:79 - create IPUIPlugin
2024-04-11 17:07:22,163 [INFO] IPUIPlugin:79 - create IPUIPlugin
2024-04-11 17:07:22,163 [INFO] IPUIPlugin:79 - create IPUIPlugin
2024-04-11 17:07:22,163 [INFO] IPUIPlugin:79 - create IPUIPlugin
2024-04-11 17:07:22,163 [INFO] IPUIPlugin:79 - create IPUIPlugin
2024-04-11 17:07:22,164 [INFO] IPUIPlugin:79 - create IPUIPlugin
2024-04-11 17:07:22,164 [INFO] IPUIPlugin:79 - create IPUIPlugin
2024-04-11 17:07:22,165 [INFO] IPUIPlugin:79 - create IPUIPlugin
2024-04-11 17:07:22,165 [INFO] IPUIPlugin:79 - create IPUIPlugin
2024-04-11 17:07:22,165 [INFO] IPUIPlugin:79 - create IPUIPlugin
2024-04-11 17:07:22,165 [INFO] IPUIPlugin:79 - create IPUIPlugin
2024-04-11 17:07:22,165 [INFO] IPUIPlugin:79 - create IPUIPlugin
2024-04-11 17:07:22,165 [INFO] IPUIPlugin:79 - create IPUIPlugin
2024-04-11 17:07:22,166 [INFO] IPUIPlugin:79 - create IPUIPlugin
2024-04-11 17:07:22,166 [INFO] IPUIPlugin:79 - create IPUIPlugin
2024-04-11 17:07:22,166 [INFO] IPUIPlugin:79 - create IPUIPlugin
2024-04-11 17:07:22,167 [INFO] IPUIPlugin:79 - create IPUIPlugin
2024-04-11 17:07:22,167 [INFO] IPUIPlugin:79 - create IPUIPlugin
2024-04-11 17:07:22,168 [INFO] IPUIPlugin:79 - create IPUIPlugin
2024-04-11 17:07:22,168 [INFO] IPUIPlugin:79 - create IPUIPlugin
2024-04-11 17:07:22,168 [INFO] IPUIPlugin:79 - create IPUIPlugin
2024-04-11 17:07:22,168 [INFO] IPUIPlugin:79 - create IPUIPlugin
2024-04-11 17:07:22,169 [INFO] IPUIPlugin:79 - create IPUIPlugin
2024-04-11 17:07:22,169 [INFO] IPUIPlugin:79 - create IPUIPlugin
2024-04-11 17:07:22,169 [INFO] IPUIPlugin:79 - create IPUIPlugin
2024-04-11 17:07:22,170 [INFO] IPUIPlugin:79 - create IPUIPlugin
2024-04-11 17:07:22,170 [INFO] IPUIPlugin:79 - create IPUIPlugin
2024-04-11 17:07:22,171 [INFO] IPUIPlugin:79 - create IPUIPlugin
2024-04-11 17:07:22,171 [INFO] IPUIPlugin:79 - create IPUIPlugin
2024-04-11 17:07:22,171 [INFO] IPUIPlugin:79 - create IPUIPlugin
2024-04-11 17:07:22,172 [INFO] IPUIPlugin:79 - create IPUIPlugin
2024-04-11 17:07:22,172 [INFO] IPUIPlugin:79 - create IPUIPlugin
2024-04-11 17:07:22,172 [INFO] IPUIPlugin:79 - create IPUIPlugin
2024-04-11 17:07:22,173 [INFO] IPUIPlugin:79 - create IPUIPlugin
2024-04-11 17:07:22,173 [INFO] IPUIPlugin:79 - create IPUIPlugin
2024-04-11 17:07:22,173 [INFO] IPUIPlugin:79 - create IPUIPlugin
2024-04-11 17:07:22,174 [INFO] IPUIPlugin:79 - create IPUIPlugin
2024-04-11 17:07:22,174 [INFO] IPUIPlugin:79 - create IPUIPlugin
2024-04-11 17:07:22,174 [INFO] IPUIPlugin:79 - create IPUIPlugin
2024-04-11 17:07:22,175 [INFO] IPUIPlugin:79 - create IPUIPlugin
2024-04-11 17:07:22,175 [INFO] IPUIPlugin:79 - create IPUIPlugin
2024-04-11 17:07:22,175 [INFO] IPUIPlugin:79 - create IPUIPlugin
2024-04-11 17:07:22,176 [INFO] IPUIPlugin:79 - create IPUIPlugin
2024-04-11 17:07:22,176 [INFO] IPUIPlugin:79 - create IPUIPlugin
2024-04-11 17:07:22,176 [INFO] IPUIPlugin:79 - create IPUIPlugin
2024-04-11 17:07:22,177 [INFO] IPUIPlugin:79 - create IPUIPlugin
2024-04-11 17:07:22,177 [INFO] IPUIPlugin:79 - create IPUIPlugin
2024-04-11 17:07:22,356 [INFO] OpenFileManager:327 - Restore cursor
2024-04-11 17:08:31,735 [INFO] NvicIntPanel:100 - NVIC parent = com.st.microxplorer.plugins.ip.nvic.MultiNvicIntPanel[,0,0,0x0,invalid,layout=javax.swing.BoxLayout,alignmentX=0.0,alignmentY=0.0,border=,flags=9,maximumSize=,minimumSize=,preferredSize=]
2024-04-11 17:08:45,736 [INFO] NvicIntPanel:100 - NVIC parent = com.st.microxplorer.plugins.ip.nvic.MultiNvicIntPanel[,0,0,0x0,invalid,layout=javax.swing.BoxLayout,alignmentX=0.0,alignmentY=0.0,border=,flags=9,maximumSize=,minimumSize=,preferredSize=]
2024-04-11 17:08:45,852 [INFO] NvicIntPanel:100 - NVIC parent = com.st.microxplorer.plugins.ip.nvic.MultiNvicIntPanel[,0,0,0x0,invalid,layout=javax.swing.BoxLayout,alignmentX=0.0,alignmentY=0.0,border=,flags=9,maximumSize=,minimumSize=,preferredSize=]
2024-04-11 17:08:45,980 [INFO] NvicIntPanel:100 - NVIC parent = com.st.microxplorer.plugins.ip.nvic.MultiNvicIntPanel[,0,0,0x0,invalid,layout=javax.swing.BoxLayout,alignmentX=0.0,alignmentY=0.0,border=,flags=9,maximumSize=,minimumSize=,preferredSize=]
2024-04-11 17:08:58,248 [INFO] NvicIntPanel:100 - NVIC parent = com.st.microxplorer.plugins.ip.nvic.MultiNvicIntPanel[,0,0,0x0,invalid,layout=javax.swing.BoxLayout,alignmentX=0.0,alignmentY=0.0,border=,flags=9,maximumSize=,minimumSize=,preferredSize=]
2024-04-11 17:08:58,318 [INFO] NvicIntPanel:100 - NVIC parent = com.st.microxplorer.plugins.ip.nvic.MultiNvicIntPanel[,0,0,0x0,invalid,layout=javax.swing.BoxLayout,alignmentX=0.0,alignmentY=0.0,border=,flags=9,maximumSize=,minimumSize=,preferredSize=]
2024-04-11 17:08:58,421 [INFO] NvicIntPanel:100 - NVIC parent = com.st.microxplorer.plugins.ip.nvic.MultiNvicIntPanel[,0,0,0x0,invalid,layout=javax.swing.BoxLayout,alignmentX=0.0,alignmentY=0.0,border=,flags=9,maximumSize=,minimumSize=,preferredSize=]
2024-04-11 17:11:02,495 [INFO] UtilMem:74 - End SaveConfig() Used Memory: 708151480 Bytes (825229312)
2024-04-19 00:01:13,898 [INFO] Activator:177 - 


2024-04-19 00:01:13,900 [INFO] Activator:178 - !SESSION log4j initialized
2024-04-19 00:01:39,466 [ERROR] LogOutputStream:74 - [STDERR_REDIRECT] SLF4J: Failed to load class "org.slf4j.impl.StaticLoggerBinder".
2024-04-19 00:01:39,467 [ERROR] LogOutputStream:74 - [STDERR_REDIRECT] SLF4J: Defaulting to no-operation (NOP) logger implementation
2024-04-19 00:01:39,467 [ERROR] LogOutputStream:74 - [STDERR_REDIRECT] SLF4J: See http://www.slf4j.org/codes.html#StaticLoggerBinder for further details.
2024-04-19 00:02:40,641 [INFO] McuFinderGlobals:44 - Set McuFinder mode to 2 (CubeIDE integrated)
2024-04-19 00:02:40,863 [INFO] ApplicationProperties:181 - Using Application install path: C:\ST\STM32CubeIDE_1.10.1\STM32CubeIDE\plugins\com.st.stm32cube.common.mx_6.6.1.202207061420
2024-04-19 00:02:40,876 [INFO] DbMcusXml:77 - Set database path to: C:\ST\STM32CubeIDE_1.10.1\STM32CubeIDE\plugins\com.st.stm32cube.common.mx_6.6.1.202207061420\\db\/mcu/
2024-04-19 00:02:40,877 [INFO] ApiDb:269 - Set plugin database path to: C:\ST\STM32CubeIDE_1.10.1\STM32CubeIDE\plugins\com.st.stm32cube.common.mx_6.6.1.202207061420\\db\/plugins/boardmanager/
2024-04-19 00:02:40,878 [WARN] ApiDb:254 - Overriding images path with different value:  => C:\ST\STM32CubeIDE_1.10.1\STM32CubeIDE\plugins\com.st.stm32cube.common.mx_6.6.1.202207061420\\db\/plugins/mcufinder/images/
2024-04-19 00:02:40,888 [INFO] ApiDb:249 - Set database path to: C:\Users\saksh\.stmcufinder\plugins\mcufinder//mcu/
2024-04-19 00:02:40,889 [INFO] DbMcusAds:124 - Set database path to: C:\Users\saksh\.stmcufinder\plugins\mcufinder//mcu/
2024-04-19 00:02:40,943 [INFO] CrossReferenceDbSqlite:201 - Set database path to: C:\Users\saksh\.stmcufinder\plugins\mcufinder//mcu/cs/
2024-04-19 00:02:41,011 [INFO] RulesReader:61 - Compatibility file has been processed (282 Rules)
2024-04-19 00:02:41,064 [INFO] DbMcusXml:77 - Set database path to: C:\ST\STM32CubeIDE_1.10.1\STM32CubeIDE\plugins\com.st.stm32cube.common.mx_6.6.1.202207061420\\db\/mcu/
2024-04-19 00:02:41,064 [INFO] ApiDb:269 - Set plugin database path to: C:\ST\STM32CubeIDE_1.10.1\STM32CubeIDE\plugins\com.st.stm32cube.common.mx_6.6.1.202207061420\\db\/plugins/boardmanager/
2024-04-19 00:02:41,064 [INFO] ApiDb:256 - Set plugin images path to: C:\ST\STM32CubeIDE_1.10.1\STM32CubeIDE\plugins\com.st.stm32cube.common.mx_6.6.1.202207061420\\db\/plugins/mcufinder/images/
2024-04-19 00:02:41,064 [WARN] DbFile:40 - Overriding database path with different value: C:\Users\saksh\.stmcufinder\plugins\mcufinder/ => C:\Users\saksh\.stmcufinder\plugins\mcufinder
2024-04-19 00:02:41,064 [INFO] ApiDb:249 - Set database path to: C:\Users\saksh\.stmcufinder\plugins\mcufinder//mcu/
2024-04-19 00:02:41,066 [WARN] DbFile:40 - Overriding database path with different value: C:\Users\saksh\.stmcufinder\plugins\mcufinder/ => C:\Users\saksh\.stmcufinder\plugins\mcufinder
2024-04-19 00:02:41,066 [INFO] DbMcusAds:124 - Set database path to: C:\Users\saksh\.stmcufinder\plugins\mcufinder//mcu/
2024-04-19 00:02:41,066 [WARN] DbFile:40 - Overriding database path with different value: C:\Users\saksh\.stmcufinder\plugins\mcufinder/ => C:\Users\saksh\.stmcufinder\plugins\mcufinder
2024-04-19 00:02:41,066 [WARN] DbFile:40 - Overriding database path with different value: C:\Users\saksh\.stmcufinder\plugins\mcufinder/ => C:\Users\saksh\.stmcufinder\plugins\mcufinder
2024-04-19 00:02:41,066 [INFO] CrossReferenceDbSqlite:201 - Set database path to: C:\Users\saksh\.stmcufinder\plugins\mcufinder//mcu/cs/
2024-04-19 00:02:41,124 [INFO] MainPanel:242 - HeapMemory: 385875968
2024-04-19 00:02:41,222 [INFO] DbMcusXml:77 - Set database path to: C:\ST\STM32CubeIDE_1.10.1\STM32CubeIDE\plugins\com.st.stm32cube.common.mx_6.6.1.202207061420\\db\/mcu/
2024-04-19 00:02:41,222 [INFO] ApiDb:269 - Set plugin database path to: C:\ST\STM32CubeIDE_1.10.1\STM32CubeIDE\plugins\com.st.stm32cube.common.mx_6.6.1.202207061420\\db\/plugins/boardmanager/
2024-04-19 00:02:41,222 [INFO] ApiDb:256 - Set plugin images path to: C:\ST\STM32CubeIDE_1.10.1\STM32CubeIDE\plugins\com.st.stm32cube.common.mx_6.6.1.202207061420\\db\/plugins/mcufinder/images/
2024-04-19 00:02:41,222 [WARN] DbFile:40 - Overriding database path with different value: C:\Users\saksh\.stmcufinder\plugins\mcufinder/ => C:\Users\saksh\.stmcufinder\plugins\mcufinder
2024-04-19 00:02:41,222 [INFO] ApiDb:249 - Set database path to: C:\Users\saksh\.stmcufinder\plugins\mcufinder//mcu/
2024-04-19 00:02:41,223 [WARN] DbFile:40 - Overriding database path with different value: C:\Users\saksh\.stmcufinder\plugins\mcufinder/ => C:\Users\saksh\.stmcufinder\plugins\mcufinder
2024-04-19 00:02:41,223 [INFO] DbMcusAds:124 - Set database path to: C:\Users\saksh\.stmcufinder\plugins\mcufinder//mcu/
2024-04-19 00:02:41,223 [WARN] DbFile:40 - Overriding database path with different value: C:\Users\saksh\.stmcufinder\plugins\mcufinder/ => C:\Users\saksh\.stmcufinder\plugins\mcufinder
2024-04-19 00:02:41,223 [WARN] DbFile:40 - Overriding database path with different value: C:\Users\saksh\.stmcufinder\plugins\mcufinder/ => C:\Users\saksh\.stmcufinder\plugins\mcufinder
2024-04-19 00:02:41,223 [INFO] CrossReferenceDbSqlite:201 - Set database path to: C:\Users\saksh\.stmcufinder\plugins\mcufinder//mcu/cs/
2024-04-19 00:02:41,238 [INFO] ApplicationProperties:181 - Using Application install path: C:\ST\STM32CubeIDE_1.10.1\STM32CubeIDE\plugins\com.st.stm32cube.common.mx_6.6.1.202207061420
2024-04-19 00:02:41,239 [INFO] PluginManage:193 - Search for loadable plugins [exclusion list=, ]
2024-04-19 00:02:41,240 [INFO] PluginManage:307 - Check plugin analytics
2024-04-19 00:02:41,343 [INFO] AnalyticsPlugin:262 - Accepted Software Licenses: 
2024-04-19 00:02:41,343 [INFO] AnalyticsPlugin:264 - Accepted CMSIS Pack Licenses: 
2024-04-19 00:02:41,343 [INFO] AnalyticsPlugin:266 - Accepted Firmware Licenses: FW.H7.1.10.0,FW.G4.1.5.0
2024-04-19 00:02:41,347 [INFO] PluginManage:356 - Loaded plugin analytics (category:tool,tabindex:-1)
2024-04-19 00:02:41,347 [INFO] PluginManage:307 - Check plugin cadmodel
2024-04-19 00:02:41,357 [INFO] CADModel:65 - Init CAD model plugin
2024-04-19 00:02:41,357 [INFO] PluginManage:356 - Loaded plugin cadmodel (category:power,tabindex:5)
2024-04-19 00:02:41,358 [INFO] PluginManage:307 - Check plugin clock
2024-04-19 00:02:41,371 [INFO] PluginManage:356 - Loaded plugin clock (category:base,tabindex:2)
2024-04-19 00:02:41,371 [INFO] PluginManage:307 - Check plugin ddr
2024-04-19 00:02:41,374 [INFO] PluginManage:356 - Loaded plugin ddr (category:tool,tabindex:6)
2024-04-19 00:02:41,374 [INFO] PluginManage:307 - Check plugin filemanager
2024-04-19 00:02:41,466 [INFO] PluginManage:356 - Loaded plugin filemanager (category:base,tabindex:10)
2024-04-19 00:02:41,467 [INFO] PluginManage:307 - Check plugin ipmanager
2024-04-19 00:02:41,471 [INFO] PluginManage:356 - Loaded plugin ipmanager (category:base,tabindex:5)
2024-04-19 00:02:41,471 [INFO] PluginManage:307 - Check plugin lpbam
2024-04-19 00:02:41,485 [INFO] PluginManage:356 - Loaded plugin lpbam (category:base,tabindex:0)
2024-04-19 00:02:41,485 [INFO] PluginManage:307 - Check plugin pinoutandconfiguration
2024-04-19 00:02:41,497 [INFO] PluginManage:356 - Loaded plugin pinoutandconfiguration (category:base,tabindex:1)
2024-04-19 00:02:41,497 [INFO] PluginManage:307 - Check plugin pinoutconfig
2024-04-19 00:02:41,523 [INFO] PluginManage:356 - Loaded plugin pinoutconfig (category:base,tabindex:0)
2024-04-19 00:02:41,524 [INFO] PluginManage:307 - Check plugin power
2024-04-19 00:02:41,539 [INFO] PluginManage:356 - Loaded plugin power (category:power,tabindex:4)
2024-04-19 00:02:41,540 [INFO] PluginManage:307 - Check plugin projectmanager
2024-04-19 00:02:41,548 [INFO] PluginManage:356 - Loaded plugin projectmanager (category:projectmanager,tabindex:3)
2024-04-19 00:02:41,548 [INFO] PluginManage:307 - Check plugin thirdparty
2024-04-19 00:02:41,725 [WARN] IntegrityCheckThread:82 - waiting for thirdparty lock release [integrity check]
2024-04-19 00:02:41,725 [INFO] PluginManage:356 - Loaded plugin thirdparty (category:base,tabindex:-1)
2024-04-19 00:02:41,725 [INFO] IntegrityCheckThread:84 - entering critical section [integrity check]
2024-04-19 00:02:41,725 [INFO] PluginManage:307 - Check plugin tools
2024-04-19 00:02:41,727 [INFO] ThirdPartyUpdaterWithRetryManager:70 - Updater plugin not ready yet. [1/15]
2024-04-19 00:02:41,746 [INFO] PluginManage:356 - Loaded plugin tools (category:base,tabindex:7)
2024-04-19 00:02:41,746 [INFO] PluginManage:307 - Check plugin tutovideos
2024-04-19 00:02:41,890 [INFO] PluginManage:356 - Loaded plugin tutovideos (category:base,tabindex:-1)
2024-04-19 00:02:41,890 [INFO] PluginManage:307 - Check plugin updater
2024-04-19 00:02:41,900 [INFO] PluginManage:356 - Loaded plugin updater (category:base,tabindex:12)
2024-04-19 00:02:41,901 [INFO] PluginManage:280 - PluginManage : Loaded plugins [15]
2024-04-19 00:02:42,086 [INFO] PinOutPanel:1468 - setPackage(No Configuration,No Configuration)
2024-04-19 00:02:42,152 [INFO] CADModel:98 - CPN selected for project level
2024-04-19 00:02:42,177 [INFO] IPUIPlugin:79 - create IPUIPlugin
2024-04-19 00:02:42,178 [INFO] PluginManager:217 - loadIPPluginJar : add adc
2024-04-19 00:02:42,204 [INFO] IPUIPlugin:79 - create IPUIPlugin
2024-04-19 00:02:42,204 [INFO] PluginManager:217 - loadIPPluginJar : add aes
2024-04-19 00:02:42,231 [INFO] IPUIPlugin:79 - create IPUIPlugin
2024-04-19 00:02:42,231 [INFO] PluginManager:217 - loadIPPluginJar : add can
2024-04-19 00:02:42,245 [INFO] IPUIPlugin:79 - create IPUIPlugin
2024-04-19 00:02:42,246 [INFO] PluginManager:217 - loadIPPluginJar : add comp
2024-04-19 00:02:42,267 [INFO] IPUIPlugin:79 - create IPUIPlugin
2024-04-19 00:02:42,267 [INFO] PluginManager:217 - loadIPPluginJar : add cryp
2024-04-19 00:02:42,286 [INFO] IPUIPlugin:79 - create IPUIPlugin
2024-04-19 00:02:42,286 [INFO] PluginManager:217 - loadIPPluginJar : add dfsdm
2024-04-19 00:02:42,296 [INFO] IPUIPlugin:79 - create IPUIPlugin
2024-04-19 00:02:42,297 [INFO] PluginManager:217 - loadIPPluginJar : add dma
2024-04-19 00:02:42,324 [INFO] IPUIPlugin:79 - create IPUIPlugin
2024-04-19 00:02:42,324 [INFO] PluginManager:217 - loadIPPluginJar : add dma3
2024-04-19 00:02:42,337 [INFO] IPUIPlugin:79 - create IPUIPlugin
2024-04-19 00:02:42,337 [INFO] PluginManager:217 - loadIPPluginJar : add fatfs
2024-04-19 00:02:42,367 [INFO] IPUIPlugin:79 - create IPUIPlugin
2024-04-19 00:02:42,367 [INFO] PluginManager:217 - loadIPPluginJar : add fmc
2024-04-19 00:02:42,378 [INFO] IPUIPlugin:79 - create IPUIPlugin
2024-04-19 00:02:42,379 [INFO] PluginManager:217 - loadIPPluginJar : add freertos
2024-04-19 00:02:42,392 [INFO] IPUIPlugin:79 - create IPUIPlugin
2024-04-19 00:02:42,393 [INFO] PluginManager:217 - loadIPPluginJar : add genericplugin
2024-04-19 00:02:42,450 [INFO] IPUIPlugin:79 - create IPUIPlugin
2024-04-19 00:02:42,450 [INFO] PluginManager:217 - loadIPPluginJar : add gfxmmu
2024-04-19 00:02:42,533 [INFO] IPUIPlugin:79 - create IPUIPlugin
2024-04-19 00:02:42,533 [INFO] PluginManager:217 - loadIPPluginJar : add gic
2024-04-19 00:02:42,547 [INFO] IPUIPlugin:79 - create IPUIPlugin
2024-04-19 00:02:42,547 [INFO] PluginManager:217 - loadIPPluginJar : add gpio
2024-04-19 00:02:42,608 [INFO] IPUIPlugin:79 - create IPUIPlugin
2024-04-19 00:02:42,608 [INFO] PluginManager:217 - loadIPPluginJar : add gtzc
2024-04-19 00:02:42,633 [INFO] IPUIPlugin:79 - create IPUIPlugin
2024-04-19 00:02:42,633 [INFO] PluginManager:217 - loadIPPluginJar : add hash
2024-04-19 00:02:42,666 [INFO] IPUIPlugin:79 - create IPUIPlugin
2024-04-19 00:02:42,667 [INFO] PluginManager:217 - loadIPPluginJar : add i2c
2024-04-19 00:02:42,693 [INFO] IPUIPlugin:79 - create IPUIPlugin
2024-04-19 00:02:42,693 [INFO] PluginManager:217 - loadIPPluginJar : add i2s
2024-04-19 00:02:42,759 [INFO] IPUIPlugin:79 - create IPUIPlugin
2024-04-19 00:02:42,759 [INFO] PluginManager:217 - loadIPPluginJar : add ipddr
2024-04-19 00:02:42,816 [INFO] IPUIPlugin:79 - create IPUIPlugin
2024-04-19 00:02:42,817 [INFO] PluginManager:217 - loadIPPluginJar : add linkedlist
2024-04-19 00:02:42,838 [INFO] IPUIPlugin:79 - create IPUIPlugin
2024-04-19 00:02:42,838 [INFO] PluginManager:217 - loadIPPluginJar : add lorawan
2024-04-19 00:02:42,861 [INFO] IPUIPlugin:79 - create IPUIPlugin
2024-04-19 00:02:42,861 [INFO] PluginManager:217 - loadIPPluginJar : add ltdc
2024-04-19 00:02:42,871 [INFO] IPUIPlugin:79 - create IPUIPlugin
2024-04-19 00:02:42,871 [INFO] PluginManager:217 - loadIPPluginJar : add mdma
2024-04-19 00:02:42,881 [INFO] IPUIPlugin:79 - create IPUIPlugin
2024-04-19 00:02:42,881 [INFO] PluginManager:217 - loadIPPluginJar : add nvic
2024-04-19 00:02:42,904 [INFO] IPUIPlugin:79 - create IPUIPlugin
2024-04-19 00:02:42,905 [INFO] PluginManager:217 - loadIPPluginJar : add opamp
2024-04-19 00:02:42,943 [INFO] IPUIPlugin:79 - create IPUIPlugin
2024-04-19 00:02:42,943 [INFO] PluginManager:217 - loadIPPluginJar : add openamp
2024-04-19 00:02:42,971 [INFO] IPUIPlugin:79 - create IPUIPlugin
2024-04-19 00:02:42,971 [INFO] PluginManager:217 - loadIPPluginJar : add pdm2pcm
2024-04-19 00:02:42,981 [INFO] IPUIPlugin:79 - create IPUIPlugin
2024-04-19 00:02:42,984 [INFO] PluginManager:217 - loadIPPluginJar : add plateformsettings
2024-04-19 00:02:42,999 [INFO] IPUIPlugin:79 - create IPUIPlugin
2024-04-19 00:02:42,999 [INFO] PluginManager:217 - loadIPPluginJar : add quadspi
2024-04-19 00:02:43,008 [INFO] IPUIPlugin:79 - create IPUIPlugin
2024-04-19 00:02:43,009 [INFO] PluginManager:217 - loadIPPluginJar : add resmgrutility
2024-04-19 00:02:43,040 [INFO] IPUIPlugin:79 - create IPUIPlugin
2024-04-19 00:02:43,040 [INFO] PluginManager:217 - loadIPPluginJar : add sai
2024-04-19 00:02:43,063 [INFO] IPUIPlugin:79 - create IPUIPlugin
2024-04-19 00:02:43,063 [INFO] PluginManager:217 - loadIPPluginJar : add spi
2024-04-19 00:02:43,100 [INFO] IPUIPlugin:79 - create IPUIPlugin
2024-04-19 00:02:43,100 [INFO] PluginManager:217 - loadIPPluginJar : add stm32_wpan
2024-04-19 00:02:43,117 [INFO] IPUIPlugin:79 - create IPUIPlugin
2024-04-19 00:02:43,117 [INFO] PluginManager:217 - loadIPPluginJar : add tim
2024-04-19 00:02:43,153 [INFO] IPUIPlugin:79 - create IPUIPlugin
2024-04-19 00:02:43,153 [INFO] PluginManager:217 - loadIPPluginJar : add touchsensing
2024-04-19 00:02:43,169 [INFO] IPUIPlugin:79 - create IPUIPlugin
2024-04-19 00:02:43,169 [INFO] PluginManager:217 - loadIPPluginJar : add tracer_emb
2024-04-19 00:02:43,183 [INFO] IPUIPlugin:79 - create IPUIPlugin
2024-04-19 00:02:43,183 [INFO] PluginManager:217 - loadIPPluginJar : add ts
2024-04-19 00:02:43,196 [INFO] IPUIPlugin:79 - create IPUIPlugin
2024-04-19 00:02:43,197 [INFO] PluginManager:217 - loadIPPluginJar : add tsc
2024-04-19 00:02:43,210 [INFO] IPUIPlugin:79 - create IPUIPlugin
2024-04-19 00:02:43,210 [INFO] PluginManager:217 - loadIPPluginJar : add ucpd
2024-04-19 00:02:43,238 [INFO] IPUIPlugin:79 - create IPUIPlugin
2024-04-19 00:02:43,238 [INFO] PluginManager:217 - loadIPPluginJar : add usart
2024-04-19 00:02:43,265 [INFO] IPUIPlugin:79 - create IPUIPlugin
2024-04-19 00:02:43,265 [INFO] PluginManager:217 - loadIPPluginJar : add usbx
2024-04-19 00:02:43,467 [FATAL] Updater:301 - Updater called before beeing initialized
2024-04-19 00:02:43,533 [FATAL] Updater:301 - Updater called before beeing initialized
2024-04-19 00:02:43,541 [INFO] DbMcusAds:52 - JSON generation date=Wed Nov 29 16:22:27 IST 2023 (1701255147349)
2024-04-19 00:02:43,541 [FATAL] Updater:301 - Updater called before beeing initialized
2024-04-19 00:02:43,572 [WARN] DetailPanel:344 - Failed to get advertising image, set to default
2024-04-19 00:02:43,673 [FATAL] Updater:301 - Updater called before beeing initialized
2024-04-19 00:02:43,675 [FATAL] Updater:301 - Updater called before beeing initialized
2024-04-19 00:02:43,675 [FATAL] Updater:301 - Updater called before beeing initialized
2024-04-19 00:02:43,675 [WARN] DetailPanel:344 - Failed to get advertising image, set to default
2024-04-19 00:02:43,676 [FATAL] Updater:301 - Updater called before beeing initialized
2024-04-19 00:02:43,726 [ERROR] Updater:1105 - MainUpdater not yet initialized. External WinMGr cannot be set.
2024-04-19 00:02:43,736 [INFO] Updater:1041 - Updater Version found : 6.6.1
2024-04-19 00:02:43,751 [INFO] ApplicationProperties:181 - Using Application install path: C:\ST\STM32CubeIDE_1.10.1\STM32CubeIDE\plugins\com.st.stm32cube.common.mx_6.6.1.202207061420
2024-04-19 00:02:44,730 [INFO] ThirdPartyUpdaterWithRetryManager:70 - Updater plugin not ready yet. [2/15]
2024-04-19 00:02:44,741 [INFO] MainUpdater:2768 - connection check result : 10
2024-04-19 00:02:44,741 [INFO] MainUpdater:3453 - Updater definition file requires update
2024-04-19 00:02:44,743 [INFO] MainUpdater:280 - Updater Check For Update Now.
2024-04-19 00:02:44,743 [INFO] MicroXplorer:481 - Change Database Version : DB.6.0.60
2024-04-19 00:02:44,937 [INFO] ServerAccessManage:474 - Download File updaters.zip
2024-04-19 00:02:45,115 [INFO] FileExtend:239 - Unzip File : updaters.zip
2024-04-19 00:02:45,115 [INFO] FileExtend:254 - Standard Zip Deflate
2024-04-19 00:02:45,485 [INFO] ServerAccessManage:474 - Download File PacksControlFlags.xml
2024-04-19 00:02:45,671 [INFO] ServerAccessManage:474 - Download File cubemx.pidx
2024-04-19 00:02:46,088 [INFO] ServerAccessManage:474 - Download File STMicroelectronics.FP-SNS-MOTENVWB1.pdsc
2024-04-19 00:02:46,856 [INFO] ServerAccessManage:474 - Download File STMicroelectronics.X-CUBE-AI.pdsc
2024-04-19 00:02:47,741 [WARN] MainUpdater:1184 - Updater busy. Cannot search thirdparties
2024-04-19 00:02:47,742 [INFO] ThirdPartyUpdaterWithRetryManager:96 - Updater plugin is busy. [1/15]
2024-04-19 00:02:50,736 [INFO] ServerAccessManage:474 - Download File STMicroelectronics.X-CUBE-AZRTOS-H7RS.pdsc
2024-04-19 00:02:50,750 [WARN] MainUpdater:1184 - Updater busy. Cannot search thirdparties
2024-04-19 00:02:50,750 [INFO] ThirdPartyUpdaterWithRetryManager:96 - Updater plugin is busy. [2/15]
2024-04-19 00:02:51,221 [WARN] PackLoader:242 - Cannot read IP mode file for STMicroelectronics.FP-SNS-MOTENVWB1.1.4.0
2024-04-19 00:02:51,228 [WARN] PackLoader:242 - Cannot read IP mode file for STMicroelectronics.X-CUBE-AI.9.0.0
2024-04-19 00:02:51,249 [WARN] PackLoader:242 - Cannot read IP mode file for STMicroelectronics.X-CUBE-AZRTOS-H7RS.1.0.0
2024-04-19 00:02:51,250 [INFO] PopulateThirdPartyThread:64 - Ending populate Thread
2024-04-19 00:02:51,253 [INFO] ThirdParty:981 - CMSIS Pack Vendor :STMicroelectronics FP-SNS-MOTENVWB1 1.4.0
2024-04-19 00:02:51,253 [INFO] ThirdParty:981 - CMSIS Pack Vendor :STMicroelectronics X-CUBE-AI 9.0.0
2024-04-19 00:02:51,253 [INFO] ThirdParty:981 - CMSIS Pack Vendor :STMicroelectronics X-CUBE-AZRTOS-H7RS 1.0.0
2024-04-19 00:02:51,254 [INFO] LoadServerUpdatesThread:367 - End of LoadServerUpdate Thread
2024-04-19 00:02:51,343 [INFO] CheckServerUpdateThread:119 - End of CheckServer Thread
2024-04-19 00:02:51,482 [INFO] MainUpdater:2768 - connection check result : 10
2024-04-19 00:02:51,497 [INFO] McuFinderGlobals:57 - Set McuFinderConnectedMode to true
2024-04-19 00:02:52,081 [INFO] ServerAccessManage:474 - Download File mcusAds.json._tmp_
2024-04-19 00:02:52,197 [INFO] LoadUrlFilesThread:150 - End of LoadUrlFiles Thread
2024-04-19 00:02:53,271 [INFO] ServerAccessManage:474 - Download File cube-finder-db.zip
2024-04-19 00:02:53,754 [WARN] MainUpdater:1184 - Updater busy. Cannot search thirdparties
2024-04-19 00:02:53,754 [INFO] ThirdPartyUpdaterWithRetryManager:96 - Updater plugin is busy. [3/15]
2024-04-19 00:02:56,770 [WARN] MainUpdater:1184 - Updater busy. Cannot search thirdparties
2024-04-19 00:02:56,770 [INFO] ThirdPartyUpdaterWithRetryManager:96 - Updater plugin is busy. [4/15]
2024-04-19 00:02:58,320 [INFO] FileExtend:239 - Unzip File : cube-finder-db.zip
2024-04-19 00:02:58,320 [INFO] FileExtend:254 - Standard Zip Deflate
2024-04-19 00:02:58,908 [INFO] LoadUrlFilesThread:150 - End of LoadUrlFiles Thread
2024-04-19 00:02:59,771 [WARN] MainUpdater:1184 - Updater busy. Cannot search thirdparties
2024-04-19 00:02:59,771 [INFO] ThirdPartyUpdaterWithRetryManager:96 - Updater plugin is busy. [5/15]
2024-04-19 00:02:59,907 [INFO] ServerAccessManage:474 - Download File crdb.zip
2024-04-19 00:03:01,273 [INFO] FileExtend:239 - Unzip File : crdb.zip
2024-04-19 00:03:01,274 [INFO] FileExtend:254 - Standard Zip Deflate
2024-04-19 00:03:01,413 [INFO] LoadUrlFilesThread:150 - End of LoadUrlFiles Thread
2024-04-19 00:03:02,786 [WARN] MainUpdater:1184 - Updater busy. Cannot search thirdparties
2024-04-19 00:03:02,786 [INFO] ThirdPartyUpdaterWithRetryManager:96 - Updater plugin is busy. [6/15]
2024-04-19 00:03:03,058 [INFO] ServerAccessManage:474 - Download File tutoVideoDB.zip
2024-04-19 00:03:03,139 [INFO] FileExtend:239 - Unzip File : tutoVideoDB.zip
2024-04-19 00:03:03,139 [INFO] FileExtend:254 - Standard Zip Deflate
2024-04-19 00:03:03,263 [INFO] LoadUrlFilesThread:150 - End of LoadUrlFiles Thread
2024-04-19 00:03:03,269 [INFO] JxBrowserEngine:106 - Initiate JxBrowser Engine with user profile folder
2024-04-19 00:03:03,404 [ERROR] JxBrowserEngine:59 - Can't initiate JxBrowser engine com.teamdev.jxbrowser.engine.ChromiumBinariesExtractionException: Failed to extract Chromium binaries into C:\Users\saksh\.stm32cubemx\.jxbrowser\Chromium
2024-04-19 00:03:03,405 [WARN] DbFile:40 - Overriding database path with different value: C:\Users\saksh\.stmcufinder\plugins\mcufinder/ => C:\Users\saksh\.stmcufinder\plugins\mcufinder
2024-04-19 00:03:03,521 [INFO] ServerAccessManage:474 - Download File api_config.json
2024-04-19 00:03:03,635 [INFO] LoadUrlFilesThread:150 - End of LoadUrlFiles Thread
2024-04-19 00:03:03,637 [INFO] DbMcusAds:52 - JSON generation date=Wed Nov 29 16:22:27 IST 2023 (1701255147349)
2024-04-19 00:03:03,650 [INFO] LoadUrlFilesThread:177 - End of LoadServerUrlFiles without Thread
2024-04-19 00:03:03,651 [INFO] TargetSelectorAdapter:228 - Refresh data is successful
2024-04-19 00:03:03,734 [INFO] ApiDb:576 - Connected to CubeFinder SQLite database (C:\Users\saksh\.stmcufinder\plugins\mcufinder\mcu\cube-finder-db.db)
2024-04-19 00:03:03,775 [INFO] ApiDb:663 - CubeFinder database Data Model version=2.1
2024-04-19 00:03:03,775 [INFO] ApiDb:664 - CubeFinder database Configuration version=3.0.39
2024-04-19 00:03:03,776 [INFO] ApiDb:665 - CubeFinder database generation date=2024-03-25 (1711369621)
2024-04-19 00:03:03,776 [INFO] ApiDb:666 - CubeFinder database FW Pack versions=[FP-ATR-ASTRA1_V2.0.0, FP-SNS-FLIGHT1_V5.0.1, FP-SNS-FLIGHT1_V5.0.2, FP-SNS-MOTENV1_V4.3.1, FP-SNS-MOTENV1_V4.3.2, FP-SNS-MOTENVWB1_V1.3.1, FP-SNS-SMARTAG2_V1.2.0, STM32Cube_FW_C0_V1.1.0, STM32Cube_FW_F4_V1.28.0, STM32Cube_FW_F7_V1.17.0, STM32Cube_FW_G0_V1.6.2, STM32Cube_FW_G4_V1.5.2, STM32Cube_FW_H5_V0.5.1, STM32Cube_FW_H5_V1.1.1, STM32Cube_FW_H5_V1.2.0, STM32Cube_FW_H5_V1.2.0RC4, STM32Cube_FW_H7RS_V1.0.0, STM32Cube_FW_H7RS_V1.0.0RC4, STM32Cube_FW_H7_V1.11.0, STM32Cube_FW_L0_V1.12.2, STM32Cube_FW_L5_V1.5.1, STM32Cube_FW_U0_V1.0.0, STM32Cube_FW_U0_V1.0.0RC1, STM32Cube_FW_U5_V1.3.0RC4, STM32Cube_FW_U5_V1.5.0, STM32Cube_FW_U5_V1.5.0RC1, STM32Cube_FW_WBA_V1.0.0RC1, STM32Cube_FW_WBA_V1.2.0, STM32Cube_FW_WBA_V1.2.0RC2, STM32Cube_FW_WBA_V1.3.0, STM32Cube_FW_WBA_V1.3.0RC1, STM32Cube_FW_WB_V1.15.0RC1, STM32Cube_FW_WB_V1.16.0, STM32Cube_FW_WB_V1.16.0RC2, STM32Cube_FW_WB_V1.18.0, STM32Cube_FW_WB_V1.19.0, STM32Cube_FW_WL_V1.3.0, X-CUBE-ALGOBUILD_V1.3.0, X-CUBE-ALS_V1.0.1, X-CUBE-AZRTOS-F4_V1.1.0, X-CUBE-AZRTOS-F7_V1.1.0, X-CUBE-AZRTOS-G0_V1.1.0, X-CUBE-AZRTOS-G4_V2.0.0, X-CUBE-AZRTOS-H7_V3.2.0, X-CUBE-AZRTOS-L4_V1.0.0, X-CUBE-AZRTOS-L4_V2.0.0, X-CUBE-AZRTOS-L5_V1.1.0, X-CUBE-AZRTOS-WB_V2.0.0, X-CUBE-AZRTOS-WL_V2.0.0, X-CUBE-BLE1_V7.0.0, X-CUBE-BLE2_V3.3.0, X-CUBE-BLEMGR_V3.1.0, X-CUBE-EEPRMA1_V4.1.0, X-CUBE-EEPRMA1_V5.1.0, X-CUBE-FREERTOS_V1.1.0, X-CUBE-GNSS1_V6.0.0, X-CUBE-MEMS1_V10.0.0, X-CUBE-MEMS1_V9.1.0, X-CUBE-MEMS1_V9.4.0, X-CUBE-MEMS1_V9.6.0, X-CUBE-NFC4_V3.0.0, X-CUBE-NFC7_V1.0.1, X-CUBE-SFXS2LP1_V4.0.0, X-CUBE-SUBG2_V5.0.0, X-CUBE-TOF1_V3.4.0]
2024-04-19 00:03:05,063 [INFO] ApiDb:239 - Found 138 in-development CPN: [B-WB1M-WPAN1, NUCLEO-C031C6, STEVAL-STWINBX1, STM320518-EVAL, STM32C0116-DK, STM32C011D6Y3TR, STM32C011D6Y6TR, STM32C011F4P3, STM32C011F4P6, STM32C011F4U3, STM32C011F4U6TR, STM32C011F6P3, STM32C011F6P6, STM32C011F6U3, STM32C011F6U6TR, STM32C011J4M3, STM32C011J4M6, STM32C011J6M3, STM32C011J6M6, STM32C0316-DK, STM32C031C4T3, STM32C031C4T6, STM32C031C4U3, STM32C031C4U6, STM32C031C6T3, STM32C031C6T6, STM32C031C6U3, STM32C031C6U6, STM32C031F4P3, STM32C031F4P6, STM32C031F6P3, STM32C031F6P6, STM32C031G4U3, STM32C031G4U6, STM32C031G6U3, STM32C031G6U6, STM32C031K4T3, STM32C031K4T6, STM32C031K4U3, STM32C031K4U6, STM32C031K6T3, STM32C031K6T6, STM32C031K6U3, STM32C031K6U6, STM32G071K8TXN, STM32G071K8UXN, STM32G081GBU6N, STM32G081KBT6N, STM32G081KBUXN, STM32G0B1CCT6N, STM32G0B1KCT6, STM32G0B1NEY6TR, STM32G0B1RCT6N, STM32G0C1CCT6, STM32G0C1CCT6N, STM32G0C1CCU6N, STM32G0C1CET6N, STM32G0C1CEU6N, STM32G0C1KCT6, STM32G0C1NEY6TR, STM32G0C1RCI6N, STM32G0C1RCT6N, STM32G0C1REI6N, STM32G0C1RET6N, STM32G0C1VCI6, STM32G0C1VEI6, STM32G471CCT6, STM32G471CCU6, STM32G471CET3, STM32G471CET6, STM32G471CEU3, STM32G471CEU6, STM32G471MCT6, STM32G471MET3, STM32G471MET6, STM32G471MEY6TR, STM32G471QCT6, STM32G471QET3, STM32G471RCT6, STM32G471RET3, STM32G471RET6, STM32G471VCH6, STM32G471VCI6, STM32G471VCT6, STM32G471VEH3, STM32G471VEH6, STM32G471VEI3, STM32G471VEI6, STM32G471VET3, STM32G471VET6, STM32G474CCT6, STM32L476VGY6PTR, STM32L4R5QGI6STR, STM32MP131AAE3, STM32MP131AAF3, STM32MP131AAG3, STM32MP131CAE3, STM32MP131CAF3, STM32MP131CAG3, STM32MP131DAE7, STM32MP131DAF7, STM32MP131DAG7, STM32MP131FAE7, STM32MP131FAF7, STM32MP131FAG7, STM32MP133AAE3, STM32MP133AAF3, STM32MP133AAG3, STM32MP133CAE3, STM32MP133CAF3, STM32MP133CAG3, STM32MP133DAE7, STM32MP133DAF7, STM32MP133DAG7, STM32MP133FAE7, STM32MP133FAF7, STM32MP133FAG7, STM32MP135AAE3, STM32MP135AAF3, STM32MP135AAG3, STM32MP135CAE3, STM32MP135CAF3, STM32MP135CAG3, STM32MP135DAE7, STM32MP135DAF7, STM32MP135DAG7, STM32MP135F-DK, STM32MP135FAE7, STM32MP135FAF7, STM32MP135FAG7, STM32U595ZJT6Q, STM32U599BJY6QTR, STM32U599NIH6Q, STM32U599NJH6Q, STM32U5A5ZJT6Q, STM32U5A9BJY6QTR, STM32U5A9NJH6Q, STM32WB1MMCH6]
2024-04-19 00:03:05,066 [INFO] DbMcus:215 - Found 4040 MCUs, 4040 are supported
2024-04-19 00:03:05,071 [INFO] ApiDb:418 - Load user favorites file C:\Users\saksh/.stm32cubeide/favorites.mcus.txt: 1 item(s)
2024-04-19 00:03:05,071 [INFO] ApiDb:422 - User favorites MCUs=[STM32F103C8T6]
2024-04-19 00:03:05,072 [INFO] DbMcus:221 - Set 1 / 1 favorites MCUs
2024-04-19 00:03:05,074 [INFO] ApiDb:663 - CubeFinder database Data Model version=2.1
2024-04-19 00:03:05,074 [INFO] ApiDb:664 - CubeFinder database Configuration version=3.0.39
2024-04-19 00:03:05,074 [INFO] ApiDb:665 - CubeFinder database generation date=2024-03-25 (1711369621)
2024-04-19 00:03:05,074 [INFO] ApiDb:666 - CubeFinder database FW Pack versions=[FP-ATR-ASTRA1_V2.0.0, FP-SNS-FLIGHT1_V5.0.1, FP-SNS-FLIGHT1_V5.0.2, FP-SNS-MOTENV1_V4.3.1, FP-SNS-MOTENV1_V4.3.2, FP-SNS-MOTENVWB1_V1.3.1, FP-SNS-SMARTAG2_V1.2.0, STM32Cube_FW_C0_V1.1.0, STM32Cube_FW_F4_V1.28.0, STM32Cube_FW_F7_V1.17.0, STM32Cube_FW_G0_V1.6.2, STM32Cube_FW_G4_V1.5.2, STM32Cube_FW_H5_V0.5.1, STM32Cube_FW_H5_V1.1.1, STM32Cube_FW_H5_V1.2.0, STM32Cube_FW_H5_V1.2.0RC4, STM32Cube_FW_H7RS_V1.0.0, STM32Cube_FW_H7RS_V1.0.0RC4, STM32Cube_FW_H7_V1.11.0, STM32Cube_FW_L0_V1.12.2, STM32Cube_FW_L5_V1.5.1, STM32Cube_FW_U0_V1.0.0, STM32Cube_FW_U0_V1.0.0RC1, STM32Cube_FW_U5_V1.3.0RC4, STM32Cube_FW_U5_V1.5.0, STM32Cube_FW_U5_V1.5.0RC1, STM32Cube_FW_WBA_V1.0.0RC1, STM32Cube_FW_WBA_V1.2.0, STM32Cube_FW_WBA_V1.2.0RC2, STM32Cube_FW_WBA_V1.3.0, STM32Cube_FW_WBA_V1.3.0RC1, STM32Cube_FW_WB_V1.15.0RC1, STM32Cube_FW_WB_V1.16.0, STM32Cube_FW_WB_V1.16.0RC2, STM32Cube_FW_WB_V1.18.0, STM32Cube_FW_WB_V1.19.0, STM32Cube_FW_WL_V1.3.0, X-CUBE-ALGOBUILD_V1.3.0, X-CUBE-ALS_V1.0.1, X-CUBE-AZRTOS-F4_V1.1.0, X-CUBE-AZRTOS-F7_V1.1.0, X-CUBE-AZRTOS-G0_V1.1.0, X-CUBE-AZRTOS-G4_V2.0.0, X-CUBE-AZRTOS-H7_V3.2.0, X-CUBE-AZRTOS-L4_V1.0.0, X-CUBE-AZRTOS-L4_V2.0.0, X-CUBE-AZRTOS-L5_V1.1.0, X-CUBE-AZRTOS-WB_V2.0.0, X-CUBE-AZRTOS-WL_V2.0.0, X-CUBE-BLE1_V7.0.0, X-CUBE-BLE2_V3.3.0, X-CUBE-BLEMGR_V3.1.0, X-CUBE-EEPRMA1_V4.1.0, X-CUBE-EEPRMA1_V5.1.0, X-CUBE-FREERTOS_V1.1.0, X-CUBE-GNSS1_V6.0.0, X-CUBE-MEMS1_V10.0.0, X-CUBE-MEMS1_V9.1.0, X-CUBE-MEMS1_V9.4.0, X-CUBE-MEMS1_V9.6.0, X-CUBE-NFC4_V3.0.0, X-CUBE-NFC7_V1.0.1, X-CUBE-SFXS2LP1_V4.0.0, X-CUBE-SUBG2_V5.0.0, X-CUBE-TOF1_V3.4.0]
2024-04-19 00:03:05,118 [INFO] DbBoardsSqlite:227 - include board P-NUCLEO-WB55-NUCLEO as a kit item of type 'Nucleo-64'
2024-04-19 00:03:05,118 [INFO] DbBoardsSqlite:227 - include board P-NUCLEO-WB55-USBDONGLE as a kit item of type 'Nucleo USB Dongle'
2024-04-19 00:03:05,118 [INFO] DbBoardsSqlite:227 - include board STEVAL-IDP005V1 as a kit item of type 'Evaluation Board'
2024-04-19 00:03:05,119 [INFO] DbBoardsSqlite:227 - include board STEVAL-IDP005V2 as a kit item of type 'Evaluation Board'
2024-04-19 00:03:05,166 [INFO] ApiDb:239 - Found 138 in-development CPN: [B-WB1M-WPAN1, NUCLEO-C031C6, STEVAL-STWINBX1, STM320518-EVAL, STM32C0116-DK, STM32C011D6Y3TR, STM32C011D6Y6TR, STM32C011F4P3, STM32C011F4P6, STM32C011F4U3, STM32C011F4U6TR, STM32C011F6P3, STM32C011F6P6, STM32C011F6U3, STM32C011F6U6TR, STM32C011J4M3, STM32C011J4M6, STM32C011J6M3, STM32C011J6M6, STM32C0316-DK, STM32C031C4T3, STM32C031C4T6, STM32C031C4U3, STM32C031C4U6, STM32C031C6T3, STM32C031C6T6, STM32C031C6U3, STM32C031C6U6, STM32C031F4P3, STM32C031F4P6, STM32C031F6P3, STM32C031F6P6, STM32C031G4U3, STM32C031G4U6, STM32C031G6U3, STM32C031G6U6, STM32C031K4T3, STM32C031K4T6, STM32C031K4U3, STM32C031K4U6, STM32C031K6T3, STM32C031K6T6, STM32C031K6U3, STM32C031K6U6, STM32G071K8TXN, STM32G071K8UXN, STM32G081GBU6N, STM32G081KBT6N, STM32G081KBUXN, STM32G0B1CCT6N, STM32G0B1KCT6, STM32G0B1NEY6TR, STM32G0B1RCT6N, STM32G0C1CCT6, STM32G0C1CCT6N, STM32G0C1CCU6N, STM32G0C1CET6N, STM32G0C1CEU6N, STM32G0C1KCT6, STM32G0C1NEY6TR, STM32G0C1RCI6N, STM32G0C1RCT6N, STM32G0C1REI6N, STM32G0C1RET6N, STM32G0C1VCI6, STM32G0C1VEI6, STM32G471CCT6, STM32G471CCU6, STM32G471CET3, STM32G471CET6, STM32G471CEU3, STM32G471CEU6, STM32G471MCT6, STM32G471MET3, STM32G471MET6, STM32G471MEY6TR, STM32G471QCT6, STM32G471QET3, STM32G471RCT6, STM32G471RET3, STM32G471RET6, STM32G471VCH6, STM32G471VCI6, STM32G471VCT6, STM32G471VEH3, STM32G471VEH6, STM32G471VEI3, STM32G471VEI6, STM32G471VET3, STM32G471VET6, STM32G474CCT6, STM32L476VGY6PTR, STM32L4R5QGI6STR, STM32MP131AAE3, STM32MP131AAF3, STM32MP131AAG3, STM32MP131CAE3, STM32MP131CAF3, STM32MP131CAG3, STM32MP131DAE7, STM32MP131DAF7, STM32MP131DAG7, STM32MP131FAE7, STM32MP131FAF7, STM32MP131FAG7, STM32MP133AAE3, STM32MP133AAF3, STM32MP133AAG3, STM32MP133CAE3, STM32MP133CAF3, STM32MP133CAG3, STM32MP133DAE7, STM32MP133DAF7, STM32MP133DAG7, STM32MP133FAE7, STM32MP133FAF7, STM32MP133FAG7, STM32MP135AAE3, STM32MP135AAF3, STM32MP135AAG3, STM32MP135CAE3, STM32MP135CAF3, STM32MP135CAG3, STM32MP135DAE7, STM32MP135DAF7, STM32MP135DAG7, STM32MP135F-DK, STM32MP135FAE7, STM32MP135FAF7, STM32MP135FAG7, STM32U595ZJT6Q, STM32U599BJY6QTR, STM32U599NIH6Q, STM32U599NJH6Q, STM32U5A5ZJT6Q, STM32U5A9BJY6QTR, STM32U5A9NJH6Q, STM32WB1MMCH6]
2024-04-19 00:03:05,187 [INFO] BoardInfo:879 - No configuration file found for board B-G473E-ZEST1S
2024-04-19 00:03:05,188 [INFO] DbBoards:156 - Board is not supported: B-G473E-ZEST1S
2024-04-19 00:03:05,196 [INFO] BoardInfo:879 - No configuration file found for board B-WL5M-SUBG1
2024-04-19 00:03:05,196 [INFO] DbBoards:156 - Board is not supported: B-WL5M-SUBG1
2024-04-19 00:03:05,224 [INFO] BoardInfo:879 - No configuration file found for board NUCLEO-H503RB
2024-04-19 00:03:05,225 [INFO] DbBoards:156 - Board is not supported: NUCLEO-H503RB
2024-04-19 00:03:05,225 [INFO] BoardInfo:879 - No configuration file found for board NUCLEO-H563ZI
2024-04-19 00:03:05,225 [INFO] DbBoards:156 - Board is not supported: NUCLEO-H563ZI
2024-04-19 00:03:05,239 [INFO] BoardInfo:879 - No configuration file found for board NUCLEO-H7S3L8
2024-04-19 00:03:05,239 [INFO] DbBoards:156 - Board is not supported: NUCLEO-H7S3L8
2024-04-19 00:03:05,257 [INFO] BoardInfo:879 - No configuration file found for board NUCLEO-U031R8
2024-04-19 00:03:05,257 [INFO] DbBoards:156 - Board is not supported: NUCLEO-U031R8
2024-04-19 00:03:05,258 [INFO] BoardInfo:879 - No configuration file found for board NUCLEO-U083RC
2024-04-19 00:03:05,258 [INFO] DbBoards:156 - Board is not supported: NUCLEO-U083RC
2024-04-19 00:03:05,258 [INFO] BoardInfo:879 - No configuration file found for board NUCLEO-U545RE-Q
2024-04-19 00:03:05,258 [INFO] DbBoards:156 - Board is not supported: NUCLEO-U545RE-Q
2024-04-19 00:03:05,260 [INFO] BoardInfo:879 - No configuration file found for board NUCLEO-U5A5ZJ-Q
2024-04-19 00:03:05,260 [INFO] DbBoards:156 - Board is not supported: NUCLEO-U5A5ZJ-Q
2024-04-19 00:03:05,262 [INFO] BoardInfo:879 - No configuration file found for board NUCLEO-WBA52CG
2024-04-19 00:03:05,262 [INFO] DbBoards:156 - Board is not supported: NUCLEO-WBA52CG
2024-04-19 00:03:05,263 [INFO] BoardInfo:879 - No configuration file found for board NUCLEO-WBA55CG
2024-04-19 00:03:05,263 [INFO] DbBoards:156 - Board is not supported: NUCLEO-WBA55CG
2024-04-19 00:03:05,266 [INFO] BoardInfo:879 - No configuration file found for board P-NUCLEO-WB55
2024-04-19 00:03:05,266 [INFO] DbBoards:156 - Kit is not supported: P-NUCLEO-WB55
2024-04-19 00:03:05,269 [INFO] BoardInfo:879 - No configuration file found for board STEVAL-BFA001V1B
2024-04-19 00:03:05,269 [INFO] DbBoards:156 - Kit is not supported: STEVAL-BFA001V1B
2024-04-19 00:03:05,275 [INFO] BoardInfo:879 - No configuration file found for board STEVAL-BFA001V2B
2024-04-19 00:03:05,276 [INFO] DbBoards:156 - Kit is not supported: STEVAL-BFA001V2B
2024-04-19 00:03:05,278 [INFO] BoardInfo:879 - No configuration file found for board STEVAL-MKBOXPRO
2024-04-19 00:03:05,278 [INFO] DbBoards:156 - Board is not supported: STEVAL-MKBOXPRO
2024-04-19 00:03:05,280 [INFO] BoardInfo:879 - No configuration file found for board STEVAL-PROTEUS1
2024-04-19 00:03:05,280 [INFO] DbBoards:156 - Board is not supported: STEVAL-PROTEUS1
2024-04-19 00:03:05,280 [INFO] BoardInfo:879 - No configuration file found for board STEVAL-SMARTAG2
2024-04-19 00:03:05,280 [INFO] DbBoards:156 - Board is not supported: STEVAL-SMARTAG2
2024-04-19 00:03:05,319 [INFO] BoardInfo:879 - No configuration file found for board STM32H573I-DK
2024-04-19 00:03:05,319 [INFO] DbBoards:156 - Board is not supported: STM32H573I-DK
2024-04-19 00:03:05,329 [INFO] BoardInfo:879 - No configuration file found for board STM32H7S78-DK
2024-04-19 00:03:05,329 [INFO] DbBoards:156 - Board is not supported: STM32H7S78-DK
2024-04-19 00:03:05,349 [INFO] BoardInfo:879 - No configuration file found for board STM32U083C-DK
2024-04-19 00:03:05,349 [INFO] DbBoards:156 - Board is not supported: STM32U083C-DK
2024-04-19 00:03:05,350 [INFO] BoardInfo:879 - No configuration file found for board STM32U5A9J-DK
2024-04-19 00:03:05,350 [INFO] DbBoards:156 - Board is not supported: STM32U5A9J-DK
2024-04-19 00:03:05,351 [INFO] BoardInfo:879 - No configuration file found for board STM32U5G9J-DK1
2024-04-19 00:03:05,351 [INFO] DbBoards:156 - Board is not supported: STM32U5G9J-DK1
2024-04-19 00:03:05,352 [INFO] BoardInfo:879 - No configuration file found for board STM32U5G9J-DK2
2024-04-19 00:03:05,352 [INFO] DbBoards:156 - Board is not supported: STM32U5G9J-DK2
2024-04-19 00:03:05,353 [INFO] DbBoards:160 - Found 197 boards, 174 are supported
2024-04-19 00:03:05,357 [INFO] ApiDb:418 - Load user favorites file C:\Users\saksh/.stm32cubeide/favorites.boards.txt: 0 item(s)
2024-04-19 00:03:05,357 [INFO] ApiDb:422 - User favorites Boards=[]
2024-04-19 00:03:05,357 [INFO] DbBoards:189 - Set 0 / 0 favorites Boards
2024-04-19 00:03:05,359 [INFO] ApiDb:663 - CubeFinder database Data Model version=2.1
2024-04-19 00:03:05,359 [INFO] ApiDb:664 - CubeFinder database Configuration version=3.0.39
2024-04-19 00:03:05,359 [INFO] ApiDb:665 - CubeFinder database generation date=2024-03-25 (1711369621)
2024-04-19 00:03:05,359 [INFO] ApiDb:666 - CubeFinder database FW Pack versions=[FP-ATR-ASTRA1_V2.0.0, FP-SNS-FLIGHT1_V5.0.1, FP-SNS-FLIGHT1_V5.0.2, FP-SNS-MOTENV1_V4.3.1, FP-SNS-MOTENV1_V4.3.2, FP-SNS-MOTENVWB1_V1.3.1, FP-SNS-SMARTAG2_V1.2.0, STM32Cube_FW_C0_V1.1.0, STM32Cube_FW_F4_V1.28.0, STM32Cube_FW_F7_V1.17.0, STM32Cube_FW_G0_V1.6.2, STM32Cube_FW_G4_V1.5.2, STM32Cube_FW_H5_V0.5.1, STM32Cube_FW_H5_V1.1.1, STM32Cube_FW_H5_V1.2.0, STM32Cube_FW_H5_V1.2.0RC4, STM32Cube_FW_H7RS_V1.0.0, STM32Cube_FW_H7RS_V1.0.0RC4, STM32Cube_FW_H7_V1.11.0, STM32Cube_FW_L0_V1.12.2, STM32Cube_FW_L5_V1.5.1, STM32Cube_FW_U0_V1.0.0, STM32Cube_FW_U0_V1.0.0RC1, STM32Cube_FW_U5_V1.3.0RC4, STM32Cube_FW_U5_V1.5.0, STM32Cube_FW_U5_V1.5.0RC1, STM32Cube_FW_WBA_V1.0.0RC1, STM32Cube_FW_WBA_V1.2.0, STM32Cube_FW_WBA_V1.2.0RC2, STM32Cube_FW_WBA_V1.3.0, STM32Cube_FW_WBA_V1.3.0RC1, STM32Cube_FW_WB_V1.15.0RC1, STM32Cube_FW_WB_V1.16.0, STM32Cube_FW_WB_V1.16.0RC2, STM32Cube_FW_WB_V1.18.0, STM32Cube_FW_WB_V1.19.0, STM32Cube_FW_WL_V1.3.0, X-CUBE-ALGOBUILD_V1.3.0, X-CUBE-ALS_V1.0.1, X-CUBE-AZRTOS-F4_V1.1.0, X-CUBE-AZRTOS-F7_V1.1.0, X-CUBE-AZRTOS-G0_V1.1.0, X-CUBE-AZRTOS-G4_V2.0.0, X-CUBE-AZRTOS-H7_V3.2.0, X-CUBE-AZRTOS-L4_V1.0.0, X-CUBE-AZRTOS-L4_V2.0.0, X-CUBE-AZRTOS-L5_V1.1.0, X-CUBE-AZRTOS-WB_V2.0.0, X-CUBE-AZRTOS-WL_V2.0.0, X-CUBE-BLE1_V7.0.0, X-CUBE-BLE2_V3.3.0, X-CUBE-BLEMGR_V3.1.0, X-CUBE-EEPRMA1_V4.1.0, X-CUBE-EEPRMA1_V5.1.0, X-CUBE-FREERTOS_V1.1.0, X-CUBE-GNSS1_V6.0.0, X-CUBE-MEMS1_V10.0.0, X-CUBE-MEMS1_V9.1.0, X-CUBE-MEMS1_V9.4.0, X-CUBE-MEMS1_V9.6.0, X-CUBE-NFC4_V3.0.0, X-CUBE-NFC7_V1.0.1, X-CUBE-SFXS2LP1_V4.0.0, X-CUBE-SUBG2_V5.0.0, X-CUBE-TOF1_V3.4.0]
2024-04-19 00:03:05,896 [ERROR] DbExamplesSqlite:416 - Missing JSON key: board_cpn
2024-04-19 00:03:05,906 [ERROR] DbExamplesSqlite:416 - Missing JSON key: board_cpn
2024-04-19 00:03:05,906 [ERROR] DbExamplesSqlite:416 - Missing JSON key: board_cpn
2024-04-19 00:03:05,907 [ERROR] DbExamplesSqlite:416 - Missing JSON key: board_cpn
2024-04-19 00:03:05,989 [WARN] PackLoader:242 - Cannot read IP mode file for STMicroelectronics.FP-SNS-MOTENVWB1.1.4.0
2024-04-19 00:03:06,000 [WARN] PackLoader:242 - Cannot read IP mode file for STMicroelectronics.X-CUBE-SMBUS.2.1.0
2024-04-19 00:03:06,004 [INFO] DbExamplesSqlite:374 - Ignored 60 examples not supported by CubeIDE
2024-04-19 00:03:06,004 [INFO] DbExamplesSqlite:375 - Found 8152 examples active
2024-04-19 00:03:06,005 [INFO] DbExamplesSqlite:376 - Found 871 examples obsolete
2024-04-19 00:03:06,005 [INFO] DbExamplesSqlite:377 - Found 0 examples under development
2024-04-19 00:03:06,005 [INFO] DbExamplesSqlite:378 - Found 10 examples not building
2024-04-19 00:03:06,007 [INFO] DbExamples:124 - Found 8102 examples
2024-04-19 00:03:06,011 [WARN] PackLoader:242 - Cannot read IP mode file for STMicroelectronics.X-CUBE-TOUCHGFX.4.23.1
2024-04-19 00:03:06,019 [WARN] PackLoader:242 - Cannot read IP mode file for STMicroelectronics.X-CUBE-TOUCHGFX.4.23.0
2024-04-19 00:03:06,028 [WARN] PackLoader:242 - Cannot read IP mode file for STMicroelectronics.X-CUBE-TOUCHGFX.4.23.2
2024-04-19 00:03:06,045 [ERROR] DbExamples:207 - Found 91 examples with invalid data (board or MCU)
2024-04-19 00:03:06,046 [INFO] DbExamples:221 - Found 99 boards with related examples
2024-04-19 00:03:06,046 [INFO] DbExamples:234 - Found 84 MCUs with related examples
2024-04-19 00:03:06,051 [WARN] PackLoader:242 - Cannot read IP mode file for STMicroelectronics.X-CUBE-AZRTOS-F7.1.1.0
2024-04-19 00:03:06,058 [INFO] ApiDb:418 - Load user favorites file C:\Users\saksh/.stm32cubeide/favorites.examples.txt: 0 item(s)
2024-04-19 00:03:06,058 [INFO] ApiDb:422 - User favorites Examples=[]
2024-04-19 00:03:06,058 [INFO] DbExamples:249 - Set 0 / 0 favorites Examples
2024-04-19 00:03:06,062 [ERROR] RealEvaluatedCondition:433 - Found unsupported composite condition: CLASS='Data Exchange' GROUP='STM32_MetaDataManager'
2024-04-19 00:03:06,062 [ERROR] RealEvaluatedCondition:433 - Found unsupported composite condition: CLASS='Data Exchange' GROUP='STM32_MetaDataManager'
2024-04-19 00:03:06,063 [WARN] PackLoader:242 - Cannot read IP mode file for STMicroelectronics.FP-SNS-MOTENV1.4.3.0
2024-04-19 00:03:06,073 [WARN] PackLoader:242 - Cannot read IP mode file for STMicroelectronics.FP-SNS-MOTENV1.4.3.2
2024-04-19 00:03:06,081 [WARN] PackLoader:242 - Cannot read IP mode file for STMicroelectronics.FP-SNS-FLIGHT1.5.0.0
2024-04-19 00:03:06,087 [ERROR] RealEvaluatedCondition:433 - Found unsupported composite condition: CLASS='Data Exchange' GROUP='STM32_MetaDataManager'
2024-04-19 00:03:06,087 [ERROR] RealEvaluatedCondition:433 - Found unsupported composite condition: GROUP='STM32_MetaDataManager' CLASS='Data Exchange'
2024-04-19 00:03:06,088 [WARN] PackLoader:242 - Cannot read IP mode file for STMicroelectronics.FP-SNS-MOTENV1.4.3.1
2024-04-19 00:03:06,097 [WARN] PackLoader:242 - Cannot read IP mode file for STMicroelectronics.FP-SNS-FLIGHT1.5.0.1
2024-04-19 00:03:06,108 [WARN] PackLoader:242 - Cannot read IP mode file for STMicroelectronics.X-CUBE-BLE1.6.2.3
2024-04-19 00:03:06,117 [WARN] PackLoader:242 - Cannot read IP mode file for STMicroelectronics.X-CUBE-BLE1.6.2.4
2024-04-19 00:03:06,121 [WARN] PackLoader:242 - Cannot read IP mode file for STMicroelectronics.FP-SNS-FLIGHT1.5.0.2
2024-04-19 00:03:06,135 [WARN] PackLoader:242 - Cannot read IP mode file for STMicroelectronics.X-CUBE-TOF1.3.1.0
2024-04-19 00:03:06,153 [WARN] PackLoader:242 - Cannot read IP mode file for STMicroelectronics.X-CUBE-DISPLAY.3.0.0
2024-04-19 00:03:06,171 [WARN] PackLoader:242 - Cannot read IP mode file for STMicroelectronics.X-CUBE-BLE1.7.0.0
2024-04-19 00:03:06,183 [WARN] PackLoader:242 - Cannot read IP mode file for STMicroelectronics.X-CUBE-TOUCHGFX.4.22.0
2024-04-19 00:03:06,233 [WARN] PackLoader:242 - Cannot read IP mode file for STMicroelectronics.X-CUBE-MEMS1.9.3.0
2024-04-19 00:03:06,359 [INFO] McuFinderGlobals:57 - Set McuFinderConnectedMode to true
2024-04-19 00:03:06,368 [WARN] PackLoader:242 - Cannot read IP mode file for STMicroelectronics.X-CUBE-AI.7.2.0
2024-04-19 00:03:06,376 [INFO] MultiScanPanel:195 - Auto-refresh data requested => check proxy status ongoing
2024-04-19 00:03:06,384 [INFO] FinderPluginLoader:92 - Searching for filters in installed packs
2024-04-19 00:03:06,397 [WARN] PackLoader:242 - Cannot read IP mode file for STMicroelectronics.X-CUBE-BLEMGR.3.1.0
2024-04-19 00:03:06,413 [WARN] PackLoader:242 - Cannot read IP mode file for STMicroelectronics.FP-SNS-SMARTAG2.1.2.0
2024-04-19 00:03:06,434 [INFO] LogOutputStream:76 - [STDOUT_REDIRECT] 1 : Invalid condition id : UX_CORESTACK_Condition cause : null
2024-04-19 00:03:06,435 [INFO] LogOutputStream:76 - [STDOUT_REDIRECT] 1 : Invalid condition id : UX_CORESTACK_Condition cause : null
2024-04-19 00:03:06,436 [INFO] LogOutputStream:76 - [STDOUT_REDIRECT] 1 : Invalid condition id : UX_CORESTACK_Condition cause : null
2024-04-19 00:03:06,436 [INFO] LogOutputStream:76 - [STDOUT_REDIRECT] 1 : Invalid condition id : UX_CORESTACK_Condition cause : null
2024-04-19 00:03:06,437 [INFO] LogOutputStream:76 - [STDOUT_REDIRECT] 1 : Invalid condition id : UX_CORESTACK_Condition cause : null
2024-04-19 00:03:06,446 [WARN] PackLoader:242 - Cannot read IP mode file for STMicroelectronics.X-CUBE-AZRTOS-WL.2.0.0
2024-04-19 00:03:06,461 [WARN] PackLoader:242 - Cannot read IP mode file for STMicroelectronics.FP-SNS-MOTENV1.5.0.0
2024-04-19 00:03:06,476 [WARN] PackLoader:242 - Cannot read IP mode file for WES.I-CUBE-Cesium.1.3.0
2024-04-19 00:03:06,490 [WARN] PackLoader:242 - Cannot read IP mode file for STMicroelectronics.X-CUBE-BLE2.3.3.0
2024-04-19 00:03:06,503 [WARN] PackLoader:242 - Cannot read IP mode file for STMicroelectronics.X-CUBE-DISPLAY.2.2.0
2024-04-19 00:03:06,521 [WARN] PackLoader:242 - Cannot read IP mode file for STMicroelectronics.X-CUBE-TOF1.3.2.0
2024-04-19 00:03:06,543 [WARN] PackLoader:242 - Cannot read IP mode file for STMicroelectronics.X-CUBE-ISPU.1.0.0
2024-04-19 00:03:06,573 [WARN] PackLoader:242 - Cannot read IP mode file for STMicroelectronics.X-CUBE-AZRTOS-H7.2.1.0
2024-04-19 00:03:06,585 [WARN] PackLoader:242 - Cannot read IP mode file for STMicroelectronics.X-CUBE-TCPP.4.1.0
2024-04-19 00:03:06,599 [WARN] PackLoader:242 - Cannot read IP mode file for STMicroelectronics.X-CUBE-TOUCHGFX.4.21.1
2024-04-19 00:03:06,613 [WARN] PackLoader:242 - Cannot read IP mode file for STMicroelectronics.X-CUBE-TOUCHGFX.4.21.3
2024-04-19 00:03:06,625 [WARN] PackLoader:242 - Cannot read IP mode file for STMicroelectronics.X-CUBE-TOUCHGFX.4.21.4
2024-04-19 00:03:06,674 [WARN] PackLoader:242 - Cannot read IP mode file for STMicroelectronics.X-CUBE-MEMS1.9.4.0
2024-04-19 00:03:06,764 [WARN] PackLoader:242 - Cannot read IP mode file for STMicroelectronics.X-CUBE-AI.7.3.0
2024-04-19 00:03:06,783 [WARN] PackLoader:242 - Cannot read IP mode file for STMicroelectronics.X-CUBE-ALGOBUILD.1.3.0
2024-04-19 00:03:06,813 [WARN] PackLoader:242 - Cannot read IP mode file for STMicroelectronics.X-CUBE-AZRTOS-G0.1.1.0
2024-04-19 00:03:06,832 [WARN] PackLoader:242 - Cannot read IP mode file for STMicroelectronics.X-CUBE-SAFEA1.1.2.2
2024-04-19 00:03:06,849 [WARN] PackLoader:242 - Cannot read IP mode file for STMicroelectronics.X-CUBE-NFC4.3.0.0
2024-04-19 00:03:06,906 [WARN] PackLoader:242 - Cannot read IP mode file for SEGGER.I-CUBE-embOS.1.2.0
2024-04-19 00:03:06,960 [WARN] PackLoader:242 - Cannot read IP mode file for STMicroelectronics.X-CUBE-BLEMGR.3.0.0
2024-04-19 00:03:06,991 [WARN] PackLoader:242 - Cannot read IP mode file for STMicroelectronics.X-CUBE-BLEMGR.1.3.0
2024-04-19 00:03:06,999 [WARN] PackLoader:242 - Cannot read IP mode file for STMicroelectronics.FP-ATR-SIGFOX1.3.2.0
2024-04-19 00:03:07,013 [WARN] PackLoader:242 - Cannot read IP mode file for STMicroelectronics.X-CUBE-EEPRMA1.5.1.0
2024-04-19 00:03:07,028 [WARN] PackLoader:242 - Cannot read IP mode file for emotas.I-CUBE-CANOPEN.1.1.2
2024-04-19 00:03:07,042 [WARN] PackLoader:242 - Cannot read IP mode file for STMicroelectronics.X-CUBE-TOUCHGFX.4.20.0
2024-04-19 00:03:07,095 [WARN] PackLoader:242 - Cannot read IP mode file for STMicroelectronics.X-CUBE-MEMS1.9.5.0
2024-04-19 00:03:07,210 [WARN] PackLoader:242 - Cannot read IP mode file for SEGGER.I-CUBE-embOS.1.3.1
2024-04-19 00:03:07,252 [WARN] PackLoader:242 - Cannot read IP mode file for STMicroelectronics.X-CUBE-GNSS1.6.0.0
2024-04-19 00:03:07,277 [WARN] PackLoader:242 - Cannot read IP mode file for STMicroelectronics.X-CUBE-AZRTOS-F4.1.1.0
2024-04-19 00:03:07,293 [WARN] PackLoader:242 - Cannot read IP mode file for STMicroelectronics.X-CUBE-BLEMGR.1.2.0
2024-04-19 00:03:07,325 [WARN] PackLoader:242 - Cannot read IP mode file for STMicroelectronics.X-CUBE-AZRTOS-L5.2.0.0
2024-04-19 00:03:07,379 [WARN] PackLoader:242 - Cannot read IP mode file for STMicroelectronics.X-CUBE-MEMS1.9.6.0
2024-04-19 00:03:07,539 [WARN] PackLoader:242 - Cannot read IP mode file for STMicroelectronics.X-CUBE-EEPRMA1.4.2.0
2024-04-19 00:03:07,557 [WARN] PackLoader:242 - Cannot read IP mode file for STMicroelectronics.X-CUBE-NFC6.3.1.0
2024-04-19 00:03:07,574 [WARN] PackLoader:242 - Cannot read IP mode file for ITTIA_DB.I-CUBE-ITTIADB.8.8.0
2024-04-19 00:03:07,587 [WARN] PackLoader:242 - Cannot read IP mode file for STMicroelectronics.X-CUBE-BLEMGR.2.0.0
2024-04-19 00:03:07,602 [WARN] PackLoader:242 - Cannot read IP mode file for STMicroelectronics.X-CUBE-NFC4.2.0.4
2024-04-19 00:03:07,605 [WARN] PackLoader:242 - Cannot read IP mode file for STMicroelectronics.X-CUBE-AI.9.0.0
2024-04-19 00:03:07,630 [WARN] ConditionMgr:437 - getConditionDescription Invalid condition id : UX DEVICE CLASS RTOS Condition cause : null
2024-04-19 00:03:07,630 [WARN] ConditionMgr:437 - getConditionDescription Invalid condition id : UX DEVICE CLASS RTOS Condition cause : null
2024-04-19 00:03:07,631 [WARN] PackLoader:242 - Cannot read IP mode file for STMicroelectronics.X-CUBE-AZRTOS-H7.3.1.0
2024-04-19 00:03:07,632 [WARN] ConditionMgr:1038 - genDependencies : Invalid condition id : UX DEVICE CLASS RTOS Condition cause : null
2024-04-19 00:03:07,632 [WARN] ConditionMgr:1038 - genDependencies : Invalid condition id : UX DEVICE CLASS RTOS Condition cause : null
2024-04-19 00:03:07,633 [WARN] ConditionMgr:1038 - genDependencies : Invalid condition id : UX DEVICE CLASS RTOS Condition cause : null
2024-04-19 00:03:07,634 [WARN] ConditionMgr:1038 - genDependencies : Invalid condition id : UX DEVICE CLASS RTOS Condition cause : null
2024-04-19 00:03:07,634 [WARN] ConditionMgr:1038 - genDependencies : Invalid condition id : UX DEVICE CLASS RTOS Condition cause : null
2024-04-19 00:03:07,644 [WARN] PackLoader:242 - Cannot read IP mode file for wolfSSL.I-CUBE-wolfSSL.5.5.0
2024-04-19 00:03:07,657 [WARN] PackLoader:242 - Cannot read IP mode file for STMicroelectronics.X-CUBE-NFC7.1.0.1
2024-04-19 00:03:07,667 [WARN] PackLoader:242 - Cannot read IP mode file for STMicroelectronics.X-CUBE-NFC7.1.0.0
2024-04-19 00:03:07,681 [WARN] PackLoader:242 - Cannot read IP mode file for STMicroelectronics.X-CUBE-NFC6.3.0.0
2024-04-19 00:03:07,693 [WARN] PackLoader:242 - Cannot read IP mode file for STMicroelectronics.X-CUBE-EEPRMA1.4.1.0
2024-04-19 00:03:07,703 [WARN] PackLoader:242 - Cannot read IP mode file for STMicroelectronics.X-CUBE-AI.8.1.0
2024-04-19 00:03:07,727 [WARN] ConditionMgr:437 - getConditionDescription Invalid condition id : LAN8742 Phy interface Condition cause : null
2024-04-19 00:03:07,727 [WARN] PackLoader:242 - Cannot read IP mode file for STMicroelectronics.X-CUBE-AZRTOS-L4.2.0.0
2024-04-19 00:03:07,728 [WARN] ConditionMgr:1038 - genDependencies : Invalid condition id : LAN8742 Phy interface Condition cause : null
2024-04-19 00:03:07,728 [WARN] ConditionMgr:1038 - genDependencies : Invalid condition id : LAN8742 Phy interface Condition cause : null
2024-04-19 00:03:07,728 [WARN] ConditionMgr:1038 - genDependencies : Invalid condition id : LAN8742 Phy interface Condition cause : null
2024-04-19 00:03:07,737 [WARN] PackLoader:242 - Cannot read IP mode file for STMicroelectronics.X-CUBE-SFXS2LP1.4.0.0
2024-04-19 00:03:07,753 [WARN] PackLoader:242 - Cannot read IP mode file for STMicroelectronics.X-CUBE-AZRTOS-H7.3.0.0
2024-04-19 00:03:07,761 [WARN] PackLoader:242 - Cannot read IP mode file for STMicroelectronics.X-CUBE-ISPU.1.1.0
2024-04-19 00:03:07,776 [WARN] PackLoader:242 - Cannot read IP mode file for RoweBots.I-CUBE-UNISONRTOS.5.5.0-4
2024-04-19 00:03:07,790 [WARN] PackLoader:242 - Cannot read IP mode file for STMicroelectronics.X-CUBE-AI.8.0.0
2024-04-19 00:03:07,816 [WARN] ConditionMgr:437 - getConditionDescription Invalid condition id : UX DEVICE CLASS RTOS Condition cause : null
2024-04-19 00:03:07,817 [WARN] ConditionMgr:437 - getConditionDescription Invalid condition id : UX DEVICE CLASS RTOS Condition cause : null
2024-04-19 00:03:07,818 [WARN] PackLoader:242 - Cannot read IP mode file for STMicroelectronics.X-CUBE-AZRTOS-WB.2.0.0
2024-04-19 00:03:07,819 [WARN] ConditionMgr:1038 - genDependencies : Invalid condition id : UX DEVICE CLASS RTOS Condition cause : null
2024-04-19 00:03:07,819 [WARN] ConditionMgr:1038 - genDependencies : Invalid condition id : UX DEVICE CLASS RTOS Condition cause : null
2024-04-19 00:03:07,819 [WARN] ConditionMgr:1038 - genDependencies : Invalid condition id : UX DEVICE CLASS RTOS Condition cause : null
2024-04-19 00:03:07,820 [WARN] ConditionMgr:1038 - genDependencies : Invalid condition id : UX DEVICE CLASS RTOS Condition cause : null
2024-04-19 00:03:07,820 [WARN] ConditionMgr:1038 - genDependencies : Invalid condition id : UX DEVICE CLASS RTOS Condition cause : null
2024-04-19 00:03:07,835 [WARN] PackLoader:242 - Cannot read IP mode file for STMicroelectronics.X-CUBE-FREERTOS.1.0.0
2024-04-19 00:03:07,846 [WARN] PackLoader:242 - Cannot read IP mode file for STMicroelectronics.X-CUBE-FREERTOS.1.0.1
2024-04-19 00:03:07,862 [WARN] PackLoader:242 - Cannot read IP mode file for STMicroelectronics.X-CUBE-BLEMGR.1.0.0
2024-04-19 00:03:07,887 [WARN] PackLoader:242 - Cannot read IP mode file for STMicroelectronics.X-CUBE-AZRTOS-L5.1.1.0
2024-04-19 00:03:07,896 [INFO] LoadUrlFilesThread:177 - End of LoadServerUrlFiles without Thread
2024-04-19 00:03:07,900 [WARN] PackLoader:242 - Cannot read IP mode file for STMicroelectronics.X-CUBE-AI.8.0.1
2024-04-19 00:03:07,912 [INFO] DetailPanel:339 - Set advertising image to C:/Users/saksh/STM32Cube/Repository/\en.prom-stm32wl3-mcu-finder.jpg
2024-04-19 00:03:07,917 [WARN] PackLoader:242 - Cannot read IP mode file for STMicroelectronics.X-CUBE-SUBG2.5.0.0
2024-04-19 00:03:07,946 [WARN] PackLoader:242 - Cannot read IP mode file for STMicroelectronics.X-CUBE-TOF1.3.3.1
2024-04-19 00:03:07,991 [WARN] PackLoader:242 - Cannot read IP mode file for STMicroelectronics.X-CUBE-AZRTOS-G4.2.0.0
2024-04-19 00:03:08,010 [WARN] PackLoader:242 - Cannot read IP mode file for STMicroelectronics.X-CUBE-TOF1.3.3.0
2024-04-19 00:03:08,029 [WARN] PackLoader:242 - Cannot read IP mode file for STMicroelectronics.FP-ATR-ASTRA1.1.1.1
2024-04-19 00:03:08,057 [WARN] PackLoader:242 - Cannot read IP mode file for Infineon.AIROC-Wi-Fi-Bluetooth-STM32.1.5.1
2024-04-19 00:03:08,065 [WARN] PackLoader:242 - Cannot read IP mode file for STMicroelectronics.FP-SNS-MOTENVWB1.1.3.1
2024-04-19 00:03:08,089 [WARN] PackLoader:242 - Cannot read IP mode file for STMicroelectronics.X-CUBE-AZRTOS-G4.1.0.0
2024-04-19 00:03:08,123 [WARN] PackLoader:242 - Cannot read IP mode file for STMicroelectronics.X-CUBE-AZRTOS-L4.1.0.0
2024-04-19 00:03:08,137 [WARN] PackLoader:242 - Cannot read IP mode file for STMicroelectronics.X-CUBE-ISPU.2.0.0
2024-04-19 00:03:08,195 [WARN] PackLoader:242 - Cannot read IP mode file for STMicroelectronics.X-CUBE-MEMS1.10.0.0
2024-04-19 00:03:08,273 [WARN] PackLoader:242 - Cannot read IP mode file for STMicroelectronics.X-CUBE-FREERTOS.1.1.0
2024-04-19 00:03:08,293 [WARN] PackLoader:242 - Cannot read IP mode file for STMicroelectronics.X-CUBE-AZRTOS-WL.1.0.0
2024-04-19 00:03:08,308 [WARN] PackLoader:242 - Cannot read IP mode file for portGmbH.I-Cube-SoM-uGOAL.1.1.0
2024-04-19 00:03:08,321 [WARN] PackLoader:242 - Cannot read IP mode file for STMicroelectronics.X-CUBE-ALS.1.0.1
2024-04-19 00:03:08,346 [WARN] PackLoader:242 - Cannot read IP mode file for STMicroelectronics.X-CUBE-AZRTOS-WB.1.1.0
2024-04-19 00:03:08,381 [WARN] PackLoader:242 - Cannot read IP mode file for STMicroelectronics.X-CUBE-AZRTOS-L5.1.0.0
2024-04-19 00:03:08,400 [WARN] PackLoader:242 - Cannot read IP mode file for STMicroelectronics.X-CUBE-EEPRMA1.3.1.1
2024-04-19 00:03:08,414 [WARN] PackLoader:242 - Cannot read IP mode file for STMicroelectronics.X-CUBE-AZRTOS-H7RS.1.0.0
2024-04-19 00:03:08,419 [WARN] PackLoader:242 - Cannot read IP mode file for STMicroelectronics.FP-ATR-ASTRA1.2.0.0
2024-04-19 00:03:08,435 [WARN] PackLoader:242 - Cannot read IP mode file for STMicroelectronics.X-CUBE-TOF1.3.4.0
2024-04-19 00:03:08,455 [WARN] PackLoader:242 - Cannot read IP mode file for STMicroelectronics.X-CUBE-TOF1.3.4.1
2024-04-19 00:03:08,490 [WARN] PackLoader:242 - Cannot read IP mode file for STMicroelectronics.X-CUBE-AZRTOS-H7.3.2.0
2024-04-19 00:03:08,492 [INFO] ThirdParty:929 - Integrity check success = true
2024-04-19 00:03:08,493 [INFO] IntegrityCheckThread:98 - exiting critical section [integrity check]
2024-04-19 00:03:08,493 [INFO] IntegrityCheckThread:101 - End integrity checks thread
2024-04-19 00:04:31,640 [INFO] MainUpdater:2768 - connection check result : 10
2024-04-19 00:04:31,640 [INFO] MainUpdater:2768 - connection check result : 10
2024-04-19 00:04:31,659 [INFO] MicroXplorer:451 - Change Database Path : 
2024-04-19 00:04:31,659 [INFO] MicroXplorer:481 - Change Database Version : DB.6.0.60
2024-04-19 00:04:31,659 [WARN] ThirdParty:827 - waiting for thirdparty lock release [close project]
2024-04-19 00:04:31,659 [INFO] ThirdParty:829 - entering critical section [close project]
2024-04-19 00:04:31,660 [INFO] ThirdParty:839 - exiting critical section [close project]
2024-04-19 00:04:31,662 [INFO] PinOutPanel:1468 - setPackage(No Configuration,No Configuration)
2024-04-19 00:04:31,664 [INFO] UtilMem:74 - Begin LoadConfig() Used Memory: 638970400 Bytes (824180736)
2024-04-19 00:04:31,665 [INFO] MicroXplorer:451 - Change Database Path : 
2024-04-19 00:04:31,665 [INFO] MicroXplorer:481 - Change Database Version : DB.6.0.60
2024-04-19 00:04:31,665 [INFO] OpenFileManager:307 - Change cursor
2024-04-19 00:04:31,771 [INFO] Mcu:1922 - Initializing MCU STM32F103CBTx STM32F103CBTx 
2024-04-19 00:04:31,771 [INFO] Mcu:1935 - No CPN specified => set CPN to STM32F103CBT6
2024-04-19 00:04:32,341 [INFO] Context:654 - Trying to add GPIOservice into a context  which must be forbidden
2024-04-19 00:04:32,463 [INFO] ImportTextPane:193 - (OptionalMessage_ERROR) Unable to find key (Mcu.ThirdPartyNb) in loaded IOC file
2024-04-19 00:04:32,463 [INFO] ImportTextPane:193 - (OptionalMessage_ERROR) Unable to find key (Mcu.PinsNb) in loaded IOC file
2024-04-19 00:04:32,463 [INFO] ImportTextPane:193 - (OptionalMessage_ERROR) Unable to find key (Mcu.IPNb) in loaded IOC file
2024-04-19 00:04:32,492 [WARN] ApiManager:308 - Cannot register API 'Board Extension:GNSS1A1' from pack STMicroelectronics.X-CUBE-GNSS1.6.0.0: no header file found
2024-04-19 00:04:32,492 [WARN] ApiManager:308 - Cannot register API 'Board Support:Custom' from pack STMicroelectronics.X-CUBE-GNSS1.6.0.0: no header file found
2024-04-19 00:04:32,492 [WARN] ApiManager:308 - Cannot register API 'Data Exchange:lib_gnss' from pack STMicroelectronics.X-CUBE-GNSS1.6.0.0: no header file found
2024-04-19 00:04:32,617 [WARN] ApiManager:308 - Cannot register API 'Board Extension:IKS01A3' from pack STMicroelectronics.X-CUBE-MEMS1.9.6.0: no header file found
2024-04-19 00:04:32,617 [WARN] ApiManager:308 - Cannot register API 'Board Extension:IKS01A2' from pack STMicroelectronics.X-CUBE-MEMS1.9.6.0: no header file found
2024-04-19 00:04:32,617 [WARN] ApiManager:308 - Cannot register API 'Board Extension:IKS02A1' from pack STMicroelectronics.X-CUBE-MEMS1.9.6.0: no header file found
2024-04-19 00:04:32,629 [WARN] ApiManager:308 - Cannot register API 'Board Extension:EEPRMA2' from pack STMicroelectronics.X-CUBE-EEPRMA1.4.2.0: no header file found
2024-04-19 00:04:32,629 [WARN] ApiManager:308 - Cannot register API 'Board Extension:PGEEZ1' from pack STMicroelectronics.X-CUBE-EEPRMA1.4.2.0: no header file found
2024-04-19 00:04:32,629 [WARN] ApiManager:308 - Cannot register API 'Board Part:M24' from pack STMicroelectronics.X-CUBE-EEPRMA1.4.2.0: no header file found
2024-04-19 00:04:32,629 [WARN] ApiManager:308 - Cannot register API 'Board Part:M95' from pack STMicroelectronics.X-CUBE-EEPRMA1.4.2.0: no header file found
2024-04-19 00:04:32,629 [WARN] ApiManager:308 - Cannot register API 'Board Part:M95P32' from pack STMicroelectronics.X-CUBE-EEPRMA1.4.2.0: no header file found
2024-04-19 00:04:32,629 [WARN] ApiManager:308 - Cannot register API 'PGEEZ1:SPI' from pack STMicroelectronics.X-CUBE-EEPRMA1.4.2.0: no header file found
2024-04-19 00:04:32,629 [WARN] ApiManager:308 - Cannot register API 'PGEEZ1:QDSPI' from pack STMicroelectronics.X-CUBE-EEPRMA1.4.2.0: no header file found
2024-04-19 00:04:32,630 [WARN] ApiManager:308 - Cannot register API 'Board Extension:NFC06A1' from pack STMicroelectronics.X-CUBE-NFC6.3.1.0: no header file found
2024-04-19 00:04:32,630 [WARN] ApiManager:308 - Cannot register API 'Board Extension:NFC08A1' from pack STMicroelectronics.X-CUBE-NFC6.3.1.0: no header file found
2024-04-19 00:04:32,633 [WARN] ApiManager:308 - Cannot register API 'Wireless:BlueNRG-MS' from pack STMicroelectronics.X-CUBE-BLE1.6.2.3: no header file found
2024-04-19 00:04:32,634 [WARN] ApiManager:308 - Cannot register API 'Wireless:BlueNRG-MS' from pack STMicroelectronics.X-CUBE-BLE1.6.2.4: no header file found
2024-04-19 00:04:32,635 [INFO] RtosManager:488 - Registered RTOS mode: class=CMSIS, group=RTOS, mode=CMSIS_V1, owner=FREERTOS
2024-04-19 00:04:32,635 [INFO] RtosManager:488 - Registered RTOS mode: class=CMSIS, group=RTOS2, mode=CMSIS_V2, owner=FREERTOS
2024-04-19 00:04:32,636 [INFO] RtosManager:488 - Registered RTOS mode: class=RTOS, group=Core, mode=CMSIS_V1, owner=FREERTOS
2024-04-19 00:04:32,636 [INFO] RtosManager:488 - Registered RTOS mode: class=RTOS, group=Core, mode=CMSIS_V2, owner=FREERTOS
2024-04-19 00:04:32,636 [WARN] ModelIntegratedComponent:185 - Missing modes for component STMicroelectronics:FreeRTOS:0.0.1:STMicroelectronics:RTOS:FreeRTOS:Core:::10.2.0:
2024-04-19 00:04:32,638 [WARN] ApiManager:308 - Cannot register API 'Board Extension:NFC04A1' from pack STMicroelectronics.X-CUBE-NFC4.2.0.4: no header file found
2024-04-19 00:04:32,643 [WARN] ApiManager:308 - Cannot register API 'Wireless:BlueNRG-MS' from pack STMicroelectronics.X-CUBE-BLE1.7.0.0: no header file found
2024-04-19 00:04:32,645 [WARN] ModelIntegratedComponent:64 - No mode defined for component null
2024-04-19 00:04:32,645 [WARN] ModelIntegratedComponent:64 - No mode defined for component null
2024-04-19 00:04:32,645 [WARN] ModelIntegratedComponent:64 - No mode defined for component null
2024-04-19 00:04:32,645 [WARN] ModelIntegratedComponent:64 - No mode defined for component null
2024-04-19 00:04:32,645 [WARN] ModelIntegratedComponent:64 - No mode defined for component null
2024-04-19 00:04:32,646 [WARN] ModelIntegratedComponent:64 - No mode defined for component null
2024-04-19 00:04:32,646 [WARN] ModelIntegratedComponent:64 - No mode defined for component null
2024-04-19 00:04:32,646 [WARN] ModelIntegratedComponent:64 - No mode defined for component null
2024-04-19 00:04:32,646 [WARN] ModelIntegratedComponent:64 - No mode defined for component null
2024-04-19 00:04:32,646 [WARN] ModelIntegratedComponent:64 - No mode defined for component null
2024-04-19 00:04:32,646 [WARN] ModelIntegratedComponent:64 - No mode defined for component null
2024-04-19 00:04:32,646 [WARN] ModelIntegratedComponent:64 - No mode defined for component null
2024-04-19 00:04:32,646 [WARN] ModelIntegratedComponent:64 - No mode defined for component null
2024-04-19 00:04:32,646 [WARN] ModelIntegratedComponent:64 - No mode defined for component null
2024-04-19 00:04:32,646 [WARN] ModelIntegratedComponent:64 - No mode defined for component null
2024-04-19 00:04:32,646 [WARN] ModelIntegratedComponent:64 - No mode defined for component null
2024-04-19 00:04:32,646 [WARN] ModelIntegratedComponent:64 - No mode defined for component null
2024-04-19 00:04:32,646 [WARN] ModelIntegratedComponent:64 - No mode defined for component null
2024-04-19 00:04:32,647 [WARN] ModelIntegratedComponent:64 - No mode defined for component null
2024-04-19 00:04:32,647 [WARN] ModelIntegratedComponent:64 - No mode defined for component null
2024-04-19 00:04:32,647 [WARN] ModelIntegratedComponent:64 - No mode defined for component null
2024-04-19 00:04:32,647 [WARN] ModelIntegratedComponent:64 - No mode defined for component null
2024-04-19 00:04:32,647 [WARN] ModelIntegratedComponent:64 - No mode defined for component null
2024-04-19 00:04:32,647 [WARN] ModelIntegratedComponent:64 - No mode defined for component null
2024-04-19 00:04:32,647 [WARN] ModelIntegratedComponent:64 - No mode defined for component null
2024-04-19 00:04:32,647 [WARN] ModelIntegratedComponent:64 - No mode defined for component null
2024-04-19 00:04:32,648 [WARN] ModelIntegratedComponent:64 - No mode defined for component null
2024-04-19 00:04:32,648 [WARN] ModelIntegratedComponent:64 - No mode defined for component null
2024-04-19 00:04:32,648 [WARN] ModelIntegratedComponent:64 - No mode defined for component null
2024-04-19 00:04:32,648 [WARN] ModelIntegratedComponent:64 - No mode defined for component null
2024-04-19 00:04:32,648 [WARN] ModelIntegratedComponent:64 - No mode defined for component null
2024-04-19 00:04:32,648 [WARN] ModelIntegratedComponent:64 - No mode defined for component null
2024-04-19 00:04:32,648 [WARN] ModelIntegratedComponent:64 - No mode defined for component null
2024-04-19 00:04:32,650 [WARN] ApiManager:308 - Cannot register API 'Board Extension:NFC07A1' from pack STMicroelectronics.X-CUBE-NFC7.1.0.1: no header file found
2024-04-19 00:04:32,651 [WARN] ApiManager:308 - Cannot register API 'Board Extension:NFC07A1' from pack STMicroelectronics.X-CUBE-NFC7.1.0.0: no header file found
2024-04-19 00:04:32,652 [WARN] ApiManager:308 - Cannot register API 'Board Extension:NFC06A1' from pack STMicroelectronics.X-CUBE-NFC6.3.0.0: no header file found
2024-04-19 00:04:32,652 [WARN] ApiManager:308 - Cannot register API 'Board Extension:NFC08A1' from pack STMicroelectronics.X-CUBE-NFC6.3.0.0: no header file found
2024-04-19 00:04:32,725 [WARN] ApiManager:308 - Cannot register API 'Board Extension:IKS01A3' from pack STMicroelectronics.X-CUBE-MEMS1.9.3.0: no header file found
2024-04-19 00:04:32,725 [WARN] ApiManager:308 - Cannot register API 'Board Extension:IKS01A2' from pack STMicroelectronics.X-CUBE-MEMS1.9.3.0: no header file found
2024-04-19 00:04:32,725 [WARN] ApiManager:308 - Cannot register API 'Board Extension:IKS02A1' from pack STMicroelectronics.X-CUBE-MEMS1.9.3.0: no header file found
2024-04-19 00:04:32,729 [WARN] ApiManager:308 - Cannot register API 'Board Extension:EEPRMA1' from pack STMicroelectronics.X-CUBE-EEPRMA1.4.1.0: no header file found
2024-04-19 00:04:32,738 [WARN] ApiManager:308 - Cannot register API 'Board Extension:EEPRMA2' from pack STMicroelectronics.X-CUBE-EEPRMA1.4.1.0: no header file found
2024-04-19 00:04:32,738 [WARN] ApiManager:308 - Cannot register API 'Board Extension:PGEEZ1' from pack STMicroelectronics.X-CUBE-EEPRMA1.4.1.0: no header file found
2024-04-19 00:04:32,738 [WARN] ApiManager:308 - Cannot register API 'Board Part:M24' from pack STMicroelectronics.X-CUBE-EEPRMA1.4.1.0: no header file found
2024-04-19 00:04:32,738 [WARN] ApiManager:308 - Cannot register API 'Board Part:M95' from pack STMicroelectronics.X-CUBE-EEPRMA1.4.1.0: no header file found
2024-04-19 00:04:32,738 [WARN] ApiManager:308 - Cannot register API 'Board Part:M95P32' from pack STMicroelectronics.X-CUBE-EEPRMA1.4.1.0: no header file found
2024-04-19 00:04:32,738 [WARN] ApiManager:308 - Cannot register API 'PGEEZ1:SPI' from pack STMicroelectronics.X-CUBE-EEPRMA1.4.1.0: no header file found
2024-04-19 00:04:32,738 [WARN] ApiManager:308 - Cannot register API 'PGEEZ1:QDSPI' from pack STMicroelectronics.X-CUBE-EEPRMA1.4.1.0: no header file found
2024-04-19 00:04:32,742 [WARN] ApiManager:308 - Cannot register API 'Board Extension:S2868A1' from pack STMicroelectronics.X-CUBE-SFXS2LP1.4.0.0: no header file found
2024-04-19 00:04:32,742 [WARN] ApiManager:308 - Cannot register API 'Board Extension:S2868A2' from pack STMicroelectronics.X-CUBE-SFXS2LP1.4.0.0: no header file found
2024-04-19 00:04:32,742 [WARN] ApiManager:308 - Cannot register API 'Board Extension:S2915A1' from pack STMicroelectronics.X-CUBE-SFXS2LP1.4.0.0: no header file found
2024-04-19 00:04:32,743 [WARN] ApiManager:308 - Cannot register API 'Wireless:BlueNRG-2' from pack STMicroelectronics.X-CUBE-BLE2.3.3.0: no header file found
2024-04-19 00:04:32,811 [WARN] ApiManager:308 - Cannot register API 'Board Extension:IKS01A3' from pack STMicroelectronics.X-CUBE-MEMS1.9.4.0: no header file found
2024-04-19 00:04:32,811 [WARN] ApiManager:308 - Cannot register API 'Board Extension:IKS01A2' from pack STMicroelectronics.X-CUBE-MEMS1.9.4.0: no header file found
2024-04-19 00:04:32,812 [WARN] ApiManager:308 - Cannot register API 'Board Extension:IKS02A1' from pack STMicroelectronics.X-CUBE-MEMS1.9.4.0: no header file found
2024-04-19 00:04:32,815 [WARN] ApiManager:308 - Cannot register API 'Board Extension:STSAFEA1' from pack STMicroelectronics.X-CUBE-SAFEA1.1.2.2: no header file found
2024-04-19 00:04:32,815 [WARN] ApiManager:308 - Cannot register API 'Board Part:STSAFEA110' from pack STMicroelectronics.X-CUBE-SAFEA1.1.2.2: no header file found
2024-04-19 00:04:32,815 [WARN] ApiManager:308 - Cannot register API 'Security:ST_Cryptolib' from pack STMicroelectronics.X-CUBE-SAFEA1.1.2.2: no header file found
2024-04-19 00:04:32,815 [WARN] ApiManager:308 - Cannot register API 'Security:MbedTLS' from pack STMicroelectronics.X-CUBE-SAFEA1.1.2.2: no header file found
2024-04-19 00:04:32,816 [WARN] ApiManager:308 - Cannot register API 'Board Extension:NFC04A1' from pack STMicroelectronics.X-CUBE-NFC4.3.0.0: no header file found
2024-04-19 00:04:32,818 [WARN] ApiManager:308 - Cannot register API 'Board Extension:S2868A1' from pack STMicroelectronics.X-CUBE-SUBG2.5.0.0: no header file found
2024-04-19 00:04:32,818 [WARN] ApiManager:308 - Cannot register API 'Board Extension:S2868A2' from pack STMicroelectronics.X-CUBE-SUBG2.5.0.0: no header file found
2024-04-19 00:04:32,818 [WARN] ApiManager:308 - Cannot register API 'Board Extension:S2915A1' from pack STMicroelectronics.X-CUBE-SUBG2.5.0.0: no header file found
2024-04-19 00:04:32,826 [WARN] ApiManager:308 - Cannot register API 'Board Extension:EEPRMA2' from pack STMicroelectronics.X-CUBE-EEPRMA1.5.1.0: no header file found
2024-04-19 00:04:32,826 [WARN] ApiManager:308 - Cannot register API 'Board Extension:PGEEZ1' from pack STMicroelectronics.X-CUBE-EEPRMA1.5.1.0: no header file found
2024-04-19 00:04:32,826 [WARN] ApiManager:308 - Cannot register API 'Board Extension:EEICA1' from pack STMicroelectronics.X-CUBE-EEPRMA1.5.1.0: no header file found
2024-04-19 00:04:32,827 [WARN] ApiManager:308 - Cannot register API 'Board Part:M24' from pack STMicroelectronics.X-CUBE-EEPRMA1.5.1.0: no header file found
2024-04-19 00:04:32,827 [WARN] ApiManager:308 - Cannot register API 'Board Part:M95' from pack STMicroelectronics.X-CUBE-EEPRMA1.5.1.0: no header file found
2024-04-19 00:04:32,827 [WARN] ApiManager:308 - Cannot register API 'Board Part:M95P32' from pack STMicroelectronics.X-CUBE-EEPRMA1.5.1.0: no header file found
2024-04-19 00:04:32,827 [WARN] ApiManager:308 - Cannot register API 'Board Part:M24256E-F' from pack STMicroelectronics.X-CUBE-EEPRMA1.5.1.0: no header file found
2024-04-19 00:04:32,827 [WARN] ApiManager:308 - Cannot register API 'Board Part:M24M01E-F' from pack STMicroelectronics.X-CUBE-EEPRMA1.5.1.0: no header file found
2024-04-19 00:04:32,827 [WARN] ApiManager:308 - Cannot register API 'PGEEZ1:SPI' from pack STMicroelectronics.X-CUBE-EEPRMA1.5.1.0: no header file found
2024-04-19 00:04:32,827 [WARN] ApiManager:308 - Cannot register API 'PGEEZ1:QDSPI' from pack STMicroelectronics.X-CUBE-EEPRMA1.5.1.0: no header file found
2024-04-19 00:04:32,872 [WARN] ApiManager:308 - Cannot register API 'Board Extension:IKS01A3' from pack STMicroelectronics.X-CUBE-MEMS1.10.0.0: no header file found
2024-04-19 00:04:32,872 [WARN] ApiManager:308 - Cannot register API 'Board Extension:IKS02A1' from pack STMicroelectronics.X-CUBE-MEMS1.10.0.0: no header file found
2024-04-19 00:04:32,872 [WARN] ApiManager:308 - Cannot register API 'Board Extension:IKS4A1' from pack STMicroelectronics.X-CUBE-MEMS1.10.0.0: no header file found
2024-04-19 00:04:32,930 [WARN] ApiManager:308 - Cannot register API 'Board Extension:IKS01A3' from pack STMicroelectronics.X-CUBE-MEMS1.9.5.0: no header file found
2024-04-19 00:04:32,930 [WARN] ApiManager:308 - Cannot register API 'Board Extension:IKS01A2' from pack STMicroelectronics.X-CUBE-MEMS1.9.5.0: no header file found
2024-04-19 00:04:32,930 [WARN] ApiManager:308 - Cannot register API 'Board Extension:IKS02A1' from pack STMicroelectronics.X-CUBE-MEMS1.9.5.0: no header file found
2024-04-19 00:04:32,934 [WARN] ApiManager:308 - Cannot register API 'Board Extension:EEPRMA1' from pack STMicroelectronics.X-CUBE-EEPRMA1.3.1.1: no header file found
2024-04-19 00:04:32,934 [WARN] ApiManager:308 - Cannot register API 'Board Extension:EEPRMA2' from pack STMicroelectronics.X-CUBE-EEPRMA1.3.1.1: no header file found
2024-04-19 00:04:32,951 [INFO] ThirdPartyModel:289 - Start build external matchings
2024-04-19 00:04:34,955 [INFO] ThirdPartyModel:302 - End build external matchings
2024-04-19 00:04:35,102 [INFO] UtilMem:74 - End LoadConfig() Used Memory: 727687896 Bytes (824180736)
2024-04-19 00:04:35,119 [WARN] ThirdParty:789 - waiting for thirdparty lock release [change project]
2024-04-19 00:04:35,120 [INFO] ThirdParty:791 - entering critical section [change project]
2024-04-19 00:04:35,120 [INFO] ThirdParty:981 - CMSIS Pack Vendor :STMicroelectronics X-CUBE-GNSS1 6.0.0
2024-04-19 00:04:35,120 [INFO] ThirdParty:981 - CMSIS Pack Vendor :STMicroelectronics USB_HOST 2.0.0
2024-04-19 00:04:35,120 [INFO] ThirdParty:981 - CMSIS Pack Vendor :STMicroelectronics FP-SNS-MOTENVWB1 1.4.0
2024-04-19 00:04:35,120 [INFO] ThirdParty:981 - CMSIS Pack Vendor :STMicroelectronics X-CUBE-AZRTOS-F4 1.1.0
2024-04-19 00:04:35,120 [INFO] ThirdParty:981 - CMSIS Pack Vendor :STMicroelectronics LIBJPEG 8.0.0
2024-04-19 00:04:35,120 [INFO] ThirdParty:981 - CMSIS Pack Vendor :STMicroelectronics X-CUBE-SMBUS 2.1.0
2024-04-19 00:04:35,120 [INFO] ThirdParty:981 - CMSIS Pack Vendor :STMicroelectronics X-CUBE-TOUCHGFX 4.23.1
2024-04-19 00:04:35,120 [INFO] ThirdParty:981 - CMSIS Pack Vendor :STMicroelectronics X-CUBE-TOUCHGFX 4.23.0
2024-04-19 00:04:35,120 [INFO] ThirdParty:981 - CMSIS Pack Vendor :STMicroelectronics X-CUBE-BLEMGR 1.2.0
2024-04-19 00:04:35,120 [INFO] ThirdParty:981 - CMSIS Pack Vendor :STMicroelectronics X-CUBE-TOUCHGFX 4.23.2
2024-04-19 00:04:35,120 [INFO] ThirdParty:981 - CMSIS Pack Vendor :STMicroelectronics X-CUBE-AZRTOS-F7 1.1.0
2024-04-19 00:04:35,120 [INFO] ThirdParty:981 - CMSIS Pack Vendor :STMicroelectronics X-CUBE-AZRTOS-L5 2.0.0
2024-04-19 00:04:35,120 [INFO] ThirdParty:981 - CMSIS Pack Vendor :STMicroelectronics USB_DEVICE 2.0.0
2024-04-19 00:04:35,120 [INFO] ThirdParty:981 - CMSIS Pack Vendor :STMicroelectronics X-CUBE-MEMS1 9.6.0
2024-04-19 00:04:35,120 [INFO] ThirdParty:981 - CMSIS Pack Vendor :STMicroelectronics X-CUBE-EEPRMA1 4.2.0
2024-04-19 00:04:35,120 [INFO] ThirdParty:981 - CMSIS Pack Vendor :STMicroelectronics X-CUBE-NFC6 3.1.0
2024-04-19 00:04:35,120 [INFO] ThirdParty:981 - CMSIS Pack Vendor :ITTIA_DB I-CUBE-ITTIADB 8.8.0
2024-04-19 00:04:35,120 [INFO] ThirdParty:981 - CMSIS Pack Vendor :STMicroelectronics FP-SNS-MOTENV1 4.3.0
2024-04-19 00:04:35,120 [INFO] ThirdParty:981 - CMSIS Pack Vendor :STMicroelectronics FP-SNS-MOTENV1 4.3.2
2024-04-19 00:04:35,120 [INFO] ThirdParty:981 - CMSIS Pack Vendor :STMicroelectronics FP-SNS-FLIGHT1 5.0.0
2024-04-19 00:04:35,120 [INFO] ThirdParty:981 - CMSIS Pack Vendor :STMicroelectronics FP-SNS-MOTENV1 4.3.1
2024-04-19 00:04:35,120 [INFO] ThirdParty:981 - CMSIS Pack Vendor :STMicroelectronics FP-SNS-FLIGHT1 5.0.1
2024-04-19 00:04:35,120 [INFO] ThirdParty:981 - CMSIS Pack Vendor :STMicroelectronics X-CUBE-BLE1 6.2.3
2024-04-19 00:04:35,120 [INFO] ThirdParty:981 - CMSIS Pack Vendor :STMicroelectronics X-CUBE-BLE1 6.2.4
2024-04-19 00:04:35,120 [INFO] ThirdParty:981 - CMSIS Pack Vendor :STMicroelectronics FreeRTOS 0.0.1
2024-04-19 00:04:35,120 [INFO] ThirdParty:981 - CMSIS Pack Vendor :STMicroelectronics X-CUBE-BLEMGR 2.0.0
2024-04-19 00:04:35,120 [INFO] ThirdParty:981 - CMSIS Pack Vendor :STMicroelectronics FP-SNS-FLIGHT1 5.0.2
2024-04-19 00:04:35,120 [INFO] ThirdParty:981 - CMSIS Pack Vendor :STMicroelectronics X-CUBE-NFC4 2.0.4
2024-04-19 00:04:35,120 [INFO] ThirdParty:981 - CMSIS Pack Vendor :STMicroelectronics X-CUBE-AI 9.0.0
2024-04-19 00:04:35,120 [INFO] ThirdParty:981 - CMSIS Pack Vendor :STMicroelectronics X-CUBE-AZRTOS-H7 3.1.0
2024-04-19 00:04:35,120 [INFO] ThirdParty:981 - CMSIS Pack Vendor :STMicroelectronics PDM2PCM 3.3.0
2024-04-19 00:04:35,120 [INFO] ThirdParty:981 - CMSIS Pack Vendor :STMicroelectronics X-CUBE-TOF1 3.1.0
2024-04-19 00:04:35,120 [INFO] ThirdParty:981 - CMSIS Pack Vendor :STMicroelectronics X-CUBE-DISPLAY 3.0.0
2024-04-19 00:04:35,120 [INFO] ThirdParty:981 - CMSIS Pack Vendor :STMicroelectronics X-CUBE-BLE1 7.0.0
2024-04-19 00:04:35,120 [INFO] ThirdParty:981 - CMSIS Pack Vendor :wolfSSL I-CUBE-wolfSSL 5.5.0
2024-04-19 00:04:35,120 [INFO] ThirdParty:981 - CMSIS Pack Vendor :STMicroelectronics HAL Drivers 0.0.0
2024-04-19 00:04:35,120 [INFO] ThirdParty:981 - CMSIS Pack Vendor :STMicroelectronics X-CUBE-TOUCHGFX 4.22.0
2024-04-19 00:04:35,120 [INFO] ThirdParty:981 - CMSIS Pack Vendor :STMicroelectronics X-CUBE-NFC7 1.0.1
2024-04-19 00:04:35,120 [INFO] ThirdParty:981 - CMSIS Pack Vendor :STMicroelectronics MBEDTLS 2.14.1
2024-04-19 00:04:35,121 [INFO] ThirdParty:981 - CMSIS Pack Vendor :STMicroelectronics X-CUBE-NFC7 1.0.0
2024-04-19 00:04:35,121 [INFO] ThirdParty:981 - CMSIS Pack Vendor :STMicroelectronics X-CUBE-NFC6 3.0.0
2024-04-19 00:04:35,121 [INFO] ThirdParty:981 - CMSIS Pack Vendor :STMicroelectronics X-CUBE-MEMS1 9.3.0
2024-04-19 00:04:35,121 [INFO] ThirdParty:981 - CMSIS Pack Vendor :STMicroelectronics X-CUBE-EEPRMA1 4.1.0
2024-04-19 00:04:35,121 [INFO] ThirdParty:981 - CMSIS Pack Vendor :STMicroelectronics X-CUBE-AI 7.2.0
2024-04-19 00:04:35,121 [INFO] ThirdParty:981 - CMSIS Pack Vendor :STMicroelectronics X-CUBE-BLEMGR 3.1.0
2024-04-19 00:04:35,121 [INFO] ThirdParty:981 - CMSIS Pack Vendor :STMicroelectronics FP-SNS-SMARTAG2 1.2.0
2024-04-19 00:04:35,121 [INFO] ThirdParty:981 - CMSIS Pack Vendor :STMicroelectronics X-CUBE-AZRTOS-WL 2.0.0
2024-04-19 00:04:35,121 [INFO] ThirdParty:981 - CMSIS Pack Vendor :STMicroelectronics FP-SNS-MOTENV1 5.0.0
2024-04-19 00:04:35,121 [INFO] ThirdParty:981 - CMSIS Pack Vendor :STMicroelectronics USB_DEVICE 1.0.0
2024-04-19 00:04:35,121 [INFO] ThirdParty:981 - CMSIS Pack Vendor :STMicroelectronics X-CUBE-AI 8.1.0
2024-04-19 00:04:35,121 [INFO] ThirdParty:981 - CMSIS Pack Vendor :STMicroelectronics X-CUBE-AZRTOS-L4 2.0.0
2024-04-19 00:04:35,121 [INFO] ThirdParty:981 - CMSIS Pack Vendor :STMicroelectronics ThreadX 0.0.2
2024-04-19 00:04:35,121 [INFO] ThirdParty:981 - CMSIS Pack Vendor :WES I-CUBE-Cesium 1.3.0
2024-04-19 00:04:35,121 [INFO] ThirdParty:981 - CMSIS Pack Vendor :STMicroelectronics lwIP 2.1.2
2024-04-19 00:04:35,121 [INFO] ThirdParty:981 - CMSIS Pack Vendor :STMicroelectronics X-CUBE-SFXS2LP1 4.0.0
2024-04-19 00:04:35,121 [INFO] ThirdParty:981 - CMSIS Pack Vendor :STMicroelectronics X-CUBE-BLE2 3.3.0
2024-04-19 00:04:35,121 [INFO] ThirdParty:981 - CMSIS Pack Vendor :STMicroelectronics X-CUBE-DISPLAY 2.2.0
2024-04-19 00:04:35,121 [INFO] ThirdParty:981 - CMSIS Pack Vendor :STMicroelectronics X-CUBE-TOF1 3.2.0
2024-04-19 00:04:35,121 [INFO] ThirdParty:981 - CMSIS Pack Vendor :STMicroelectronics PDM2PCM 3.2.0
2024-04-19 00:04:35,121 [INFO] ThirdParty:981 - CMSIS Pack Vendor :STMicroelectronics X-CUBE-AZRTOS-H7 3.0.0
2024-04-19 00:04:35,121 [INFO] ThirdParty:981 - CMSIS Pack Vendor :STMicroelectronics X-CUBE-ISPU 1.0.0
2024-04-19 00:04:35,121 [INFO] ThirdParty:981 - CMSIS Pack Vendor :STMicroelectronics X-CUBE-ISPU 1.1.0
2024-04-19 00:04:35,121 [INFO] ThirdParty:981 - CMSIS Pack Vendor :RoweBots I-CUBE-UNISONRTOS 5.5.0-4
2024-04-19 00:04:35,121 [INFO] ThirdParty:981 - CMSIS Pack Vendor :STMicroelectronics X-CUBE-AZRTOS-H7 2.1.0
2024-04-19 00:04:35,121 [INFO] ThirdParty:981 - CMSIS Pack Vendor :STMicroelectronics USB_DEVICE 3.0.0
2024-04-19 00:04:35,121 [INFO] ThirdParty:981 - CMSIS Pack Vendor :STMicroelectronics X-CUBE-TCPP 4.1.0
2024-04-19 00:04:35,121 [INFO] ThirdParty:981 - CMSIS Pack Vendor :STMicroelectronics X-CUBE-AI 8.0.0
2024-04-19 00:04:35,121 [INFO] ThirdParty:981 - CMSIS Pack Vendor :STMicroelectronics X-CUBE-AZRTOS-WB 2.0.0
2024-04-19 00:04:35,121 [INFO] ThirdParty:981 - CMSIS Pack Vendor :STMicroelectronics X-CUBE-FREERTOS 1.0.0
2024-04-19 00:04:35,121 [INFO] ThirdParty:981 - CMSIS Pack Vendor :STMicroelectronics X-CUBE-FREERTOS 1.0.1
2024-04-19 00:04:35,121 [INFO] ThirdParty:981 - CMSIS Pack Vendor :STMicroelectronics X-CUBE-TOUCHGFX 4.21.1
2024-04-19 00:04:35,121 [INFO] ThirdParty:981 - CMSIS Pack Vendor :STMicroelectronics X-CUBE-TOUCHGFX 4.21.3
2024-04-19 00:04:35,121 [INFO] ThirdParty:981 - CMSIS Pack Vendor :STMicroelectronics X-CUBE-BLEMGR 1.0.0
2024-04-19 00:04:35,121 [INFO] ThirdParty:981 - CMSIS Pack Vendor :STMicroelectronics X-CUBE-TOUCHGFX 4.21.4
2024-04-19 00:04:35,121 [INFO] ThirdParty:981 - CMSIS Pack Vendor :STMicroelectronics X-CUBE-MEMS1 9.4.0
2024-04-19 00:04:35,121 [INFO] ThirdParty:981 - CMSIS Pack Vendor :STMicroelectronics X-CUBE-AI 7.3.0
2024-04-19 00:04:35,121 [INFO] ThirdParty:981 - CMSIS Pack Vendor :STMicroelectronics X-CUBE-ALGOBUILD 1.3.0
2024-04-19 00:04:35,121 [INFO] ThirdParty:981 - CMSIS Pack Vendor :STMicroelectronics X-CUBE-AZRTOS-L5 1.1.0
2024-04-19 00:04:35,121 [INFO] ThirdParty:981 - CMSIS Pack Vendor :STMicroelectronics X-CUBE-AZRTOS-G0 1.1.0
2024-04-19 00:04:35,121 [INFO] ThirdParty:981 - CMSIS Pack Vendor :STMicroelectronics X-CUBE-AI 8.0.1
2024-04-19 00:04:35,121 [INFO] ThirdParty:981 - CMSIS Pack Vendor :STMicroelectronics X-CUBE-SAFEA1 1.2.2
2024-04-19 00:04:35,121 [INFO] ThirdParty:981 - CMSIS Pack Vendor :STMicroelectronics X-CUBE-NFC4 3.0.0
2024-04-19 00:04:35,121 [INFO] ThirdParty:981 - CMSIS Pack Vendor :SEGGER I-CUBE-embOS 1.2.0
2024-04-19 00:04:35,121 [INFO] ThirdParty:981 - CMSIS Pack Vendor :STMicroelectronics X-CUBE-SUBG2 5.0.0
2024-04-19 00:04:35,121 [INFO] ThirdParty:981 - CMSIS Pack Vendor :STMicroelectronics STM32_WPAN 1.0.0
2024-04-19 00:04:35,122 [INFO] ThirdParty:981 - CMSIS Pack Vendor :STMicroelectronics lwIP 2.0.3
2024-04-19 00:04:35,122 [INFO] ThirdParty:981 - CMSIS Pack Vendor :STMicroelectronics USB_HOST 1.0.0
2024-04-19 00:04:35,122 [INFO] ThirdParty:981 - CMSIS Pack Vendor :STMicroelectronics X-CUBE-TOF1 3.3.1
2024-04-19 00:04:35,122 [INFO] ThirdParty:981 - CMSIS Pack Vendor :STMicroelectronics X-CUBE-AZRTOS-G4 2.0.0
2024-04-19 00:04:35,122 [INFO] ThirdParty:981 - CMSIS Pack Vendor :STMicroelectronics PDM2PCM 3.1.0
2024-04-19 00:04:35,122 [INFO] ThirdParty:981 - CMSIS Pack Vendor :STMicroelectronics X-CUBE-TOF1 3.3.0
2024-04-19 00:04:35,122 [INFO] ThirdParty:981 - CMSIS Pack Vendor :STMicroelectronics FP-ATR-ASTRA1 1.1.1
2024-04-19 00:04:35,122 [INFO] ThirdParty:981 - CMSIS Pack Vendor :Infineon AIROC-Wi-Fi-Bluetooth-STM32 1.5.1
2024-04-19 00:04:35,122 [INFO] ThirdParty:981 - CMSIS Pack Vendor :STMicroelectronics X-CUBE-BLEMGR 3.0.0
2024-04-19 00:04:35,122 [INFO] ThirdParty:981 - CMSIS Pack Vendor :STMicroelectronics X-CUBE-BLEMGR 1.3.0
2024-04-19 00:04:35,122 [INFO] ThirdParty:981 - CMSIS Pack Vendor :STMicroelectronics FP-SNS-MOTENVWB1 1.3.1
2024-04-19 00:04:35,122 [INFO] ThirdParty:981 - CMSIS Pack Vendor :STMicroelectronics FP-ATR-SIGFOX1 3.2.0
2024-04-19 00:04:35,122 [INFO] ThirdParty:981 - CMSIS Pack Vendor :STMicroelectronics X-CUBE-AZRTOS-G4 1.0.0
2024-04-19 00:04:35,122 [INFO] ThirdParty:981 - CMSIS Pack Vendor :STMicroelectronics X-CUBE-AZRTOS-L4 1.0.0
2024-04-19 00:04:35,122 [INFO] ThirdParty:981 - CMSIS Pack Vendor :STMicroelectronics X-CUBE-ISPU 2.0.0
2024-04-19 00:04:35,122 [INFO] ThirdParty:981 - CMSIS Pack Vendor :STMicroelectronics X-CUBE-EEPRMA1 5.1.0
2024-04-19 00:04:35,122 [INFO] ThirdParty:981 - CMSIS Pack Vendor :STMicroelectronics MBEDTLS 2.16.2
2024-04-19 00:04:35,122 [INFO] ThirdParty:981 - CMSIS Pack Vendor :emotas I-CUBE-CANOPEN 1.1.2
2024-04-19 00:04:35,122 [INFO] ThirdParty:981 - CMSIS Pack Vendor :STMicroelectronics X-CUBE-TOUCHGFX 4.20.0
2024-04-19 00:04:35,122 [INFO] ThirdParty:981 - CMSIS Pack Vendor :STMicroelectronics X-CUBE-MEMS1 10.0.0
2024-04-19 00:04:35,122 [INFO] ThirdParty:981 - CMSIS Pack Vendor :STMicroelectronics X-CUBE-FREERTOS 1.1.0
2024-04-19 00:04:35,122 [INFO] ThirdParty:981 - CMSIS Pack Vendor :STMicroelectronics X-CUBE-AZRTOS-WL 1.0.0
2024-04-19 00:04:35,122 [INFO] ThirdParty:981 - CMSIS Pack Vendor :portGmbH I-Cube-SoM-uGOAL 1.1.0
2024-04-19 00:04:35,122 [INFO] ThirdParty:981 - CMSIS Pack Vendor :STMicroelectronics X-CUBE-ALS 1.0.1
2024-04-19 00:04:35,122 [INFO] ThirdParty:981 - CMSIS Pack Vendor :STMicroelectronics X-CUBE-MEMS1 9.5.0
2024-04-19 00:04:35,122 [INFO] ThirdParty:981 - CMSIS Pack Vendor :STMicroelectronics ThreadX 1.0.0
2024-04-19 00:04:35,122 [INFO] ThirdParty:981 - CMSIS Pack Vendor :STMicroelectronics X-CUBE-AZRTOS-WB 1.1.0
2024-04-19 00:04:35,122 [INFO] ThirdParty:981 - CMSIS Pack Vendor :SEGGER I-CUBE-embOS 1.3.1
2024-04-19 00:04:35,122 [INFO] ThirdParty:981 - CMSIS Pack Vendor :STMicroelectronics X-CUBE-AZRTOS-L5 1.0.0
2024-04-19 00:04:35,122 [INFO] ThirdParty:981 - CMSIS Pack Vendor :STMicroelectronics X-CUBE-EEPRMA1 3.1.1
2024-04-19 00:04:35,122 [INFO] ThirdParty:981 - CMSIS Pack Vendor :STMicroelectronics X-CUBE-AZRTOS-H7RS 1.0.0
2024-04-19 00:04:35,122 [INFO] ThirdParty:981 - CMSIS Pack Vendor :STMicroelectronics FP-ATR-ASTRA1 2.0.0
2024-04-19 00:04:35,122 [INFO] ThirdParty:981 - CMSIS Pack Vendor :STMicroelectronics X-CUBE-TOF1 3.4.0
2024-04-19 00:04:35,122 [INFO] ThirdParty:981 - CMSIS Pack Vendor :STMicroelectronics X-CUBE-TOF1 3.4.1
2024-04-19 00:04:35,122 [INFO] ThirdParty:981 - CMSIS Pack Vendor :STMicroelectronics X-CUBE-AZRTOS-H7 3.2.0
2024-04-19 00:04:35,122 [INFO] ThirdParty:797 - exiting critical section [change project]
2024-04-19 00:04:35,341 [INFO] PinOutPanel:1468 - setPackage(No Configuration,No Configuration)
2024-04-19 00:04:35,344 [INFO] PinOutPanel:1468 - setPackage(STM32F103CBTx,LQFP48)
2024-04-19 00:04:35,643 [INFO] UtilMem:74 - Before build in PCC Used Memory: 707486912 Bytes (824180736)
2024-04-19 00:04:36,270 [INFO] UtilMem:74 - After build in PCC Used Memory: 721330360 Bytes (824180736)
2024-04-19 00:04:36,288 [INFO] IPUIPlugin:79 - create IPUIPlugin
2024-04-19 00:04:36,288 [INFO] IPUIPlugin:79 - create IPUIPlugin
2024-04-19 00:04:36,288 [INFO] IPUIPlugin:79 - create IPUIPlugin
2024-04-19 00:04:36,288 [INFO] IPUIPlugin:79 - create IPUIPlugin
2024-04-19 00:04:36,288 [INFO] IPUIPlugin:79 - create IPUIPlugin
2024-04-19 00:04:36,288 [INFO] IPUIPlugin:79 - create IPUIPlugin
2024-04-19 00:04:36,288 [INFO] IPUIPlugin:79 - create IPUIPlugin
2024-04-19 00:04:36,288 [INFO] IPUIPlugin:79 - create IPUIPlugin
2024-04-19 00:04:36,288 [INFO] IPUIPlugin:79 - create IPUIPlugin
2024-04-19 00:04:36,288 [INFO] IPUIPlugin:79 - create IPUIPlugin
2024-04-19 00:04:36,289 [INFO] IPUIPlugin:79 - create IPUIPlugin
2024-04-19 00:04:36,289 [INFO] IPUIPlugin:79 - create IPUIPlugin
2024-04-19 00:04:36,289 [INFO] IPUIPlugin:79 - create IPUIPlugin
2024-04-19 00:04:36,289 [INFO] IPUIPlugin:79 - create IPUIPlugin
2024-04-19 00:04:36,289 [INFO] IPUIPlugin:79 - create IPUIPlugin
2024-04-19 00:04:36,289 [INFO] IPUIPlugin:79 - create IPUIPlugin
2024-04-19 00:04:36,289 [INFO] IPUIPlugin:79 - create IPUIPlugin
2024-04-19 00:04:36,289 [INFO] IPUIPlugin:79 - create IPUIPlugin
2024-04-19 00:04:36,294 [INFO] IPUIPlugin:79 - create IPUIPlugin
2024-04-19 00:04:36,294 [INFO] IPUIPlugin:79 - create IPUIPlugin
2024-04-19 00:04:36,294 [INFO] IPUIPlugin:79 - create IPUIPlugin
2024-04-19 00:04:36,295 [INFO] IPUIPlugin:79 - create IPUIPlugin
2024-04-19 00:04:36,295 [INFO] IPUIPlugin:79 - create IPUIPlugin
2024-04-19 00:04:36,295 [INFO] IPUIPlugin:79 - create IPUIPlugin
2024-04-19 00:04:36,295 [INFO] IPUIPlugin:79 - create IPUIPlugin
2024-04-19 00:04:36,296 [INFO] IPUIPlugin:79 - create IPUIPlugin
2024-04-19 00:04:36,296 [INFO] IPUIPlugin:79 - create IPUIPlugin
2024-04-19 00:04:36,481 [INFO] OpenFileManager:327 - Restore cursor
2024-04-19 00:04:37,253 [INFO] UtilMem:74 - End SaveConfig() Used Memory: 719261832 Bytes (824180736)
2024-04-19 00:04:37,281 [INFO] UtilMem:74 - End SaveConfig() Used Memory: 730269832 Bytes (824180736)
2024-04-19 00:04:37,644 [INFO] BlockDiagram:2753 - set Specific Code input for plugin: NVIC
2024-04-19 00:04:37,644 [INFO] BlockDiagram:2753 - set Specific Code input for plugin: RCC
2024-04-19 00:04:37,646 [INFO] CodeGenerator:690 - code generatio: config db path: C:\ST\STM32CubeIDE_1.10.1\STM32CubeIDE\plugins\com.st.stm32cube.common.mx_6.6.1.202207061420\\db\
2024-04-19 00:04:37,918 [INFO] CodeEngine:245 - oldGeneratedFile, D:\Download\DeleteThis\BMS_master_bluepill\MXTmpFiles\license.tmp_save
2024-04-19 00:04:38,185 [INFO] CodeEngine:269 - Generated code: D:\Download\DeleteThis\BMS_master_bluepill\MXTmpFiles\license.tmp
2024-04-19 00:04:38,198 [INFO] CodeEngine:245 - oldGeneratedFile, D:\Download\DeleteThis\BMS_master_bluepill\Core\Src\stm32f1xx_it.c_save
2024-04-19 00:04:38,330 [INFO] CodeEngine:269 - Generated code: D:\Download\DeleteThis\BMS_master_bluepill\Core\Src\stm32f1xx_it.c
2024-04-19 00:04:38,339 [INFO] CodeEngine:245 - oldGeneratedFile, D:\Download\DeleteThis\BMS_master_bluepill\Core\Inc\stm32f1xx_it.h_save
2024-04-19 00:04:38,427 [INFO] CodeEngine:269 - Generated code: D:\Download\DeleteThis\BMS_master_bluepill\Core\Inc\stm32f1xx_it.h
2024-04-19 00:04:38,526 [INFO] CodeEngine:245 - oldGeneratedFile, D:\Download\DeleteThis\BMS_master_bluepill\Core\Src\stm32f1xx_hal_msp.c_save
2024-04-19 00:04:38,629 [INFO] CodeEngine:269 - Generated code: D:\Download\DeleteThis\BMS_master_bluepill\Core\Src\stm32f1xx_hal_msp.c
2024-04-19 00:04:38,636 [INFO] CodeEngine:245 - oldGeneratedFile, D:\Download\DeleteThis\BMS_master_bluepill\MXTmpFiles\system.tmp_save
2024-04-19 00:04:38,689 [INFO] CodeEngine:269 - Generated code: D:\Download\DeleteThis\BMS_master_bluepill\MXTmpFiles\system.tmp
2024-04-19 00:04:38,698 [INFO] CodeEngine:245 - oldGeneratedFile, D:\Download\DeleteThis\BMS_master_bluepill\Core\Inc\stm32f1xx_hal_conf.h_save
2024-04-19 00:04:38,800 [INFO] CodeEngine:269 - Generated code: D:\Download\DeleteThis\BMS_master_bluepill\Core\Inc\stm32f1xx_hal_conf.h
2024-04-19 00:04:38,853 [INFO] CodeEngine:245 - oldGeneratedFile, D:\Download\DeleteThis\BMS_master_bluepill\Core\Inc\main.h_save
2024-04-19 00:04:38,966 [INFO] CodeEngine:269 - Generated code: D:\Download\DeleteThis\BMS_master_bluepill\Core\Inc\main.h
2024-04-19 00:04:38,977 [INFO] CodeEngine:245 - oldGeneratedFile, D:\Download\DeleteThis\BMS_master_bluepill\Core\Src\main.c_save
2024-04-19 00:04:39,113 [INFO] CodeEngine:269 - Generated code: D:\Download\DeleteThis\BMS_master_bluepill\Core\Src\main.c
2024-04-19 00:04:39,515 [INFO] ProjectBuilder:2919 - Time for Copy HAL[1] : 112mS.
2024-04-19 00:04:39,527 [INFO] ProjectBuilder:4117 - Project Generator version: 3.17.1
2024-04-19 00:04:39,737 [INFO] ConfigFileManager:1394 - The Die is : DIE410
2024-04-19 00:04:39,754 [INFO] ApiDbMcu:505 - Load IP Config File for FATFS
2024-04-19 00:04:39,767 [INFO] ApiDbMcu:505 - Load IP Config File for FREERTOS
2024-04-19 00:04:39,776 [INFO] ApiDbMcu:505 - Load IP Config File for USB_DEVICE
2024-04-19 00:04:43,107 [INFO] ProjectBuilder:4285 - Time for Generating toolchain IDE Files: 3579mS.
2024-04-19 00:04:43,107 [INFO] ProjectBuilder:2790 - Time for Copy CMSIS : 0mS.
2024-04-19 00:04:43,109 [INFO] ProjectBuilder:2790 - Time for Copy CMSIS : 0mS.
2024-04-19 00:04:43,597 [INFO] McuFinderGlobals:57 - Set McuFinderConnectedMode to true
2024-04-19 00:04:43,599 [INFO] ApiDb:443 - Save user favorites file C:\Users\saksh/.stm32cubeide/favorites.mcus.txt: 1 item(s)
2024-04-19 00:04:43,600 [INFO] ApiDb:447 - User favorites MCUs=[STM32F103C8T6]
2024-04-19 00:05:58,880 [INFO] NvicIntPanel:100 - NVIC parent = com.st.microxplorer.plugins.ip.nvic.MultiNvicIntPanel[,0,0,0x0,invalid,layout=javax.swing.BoxLayout,alignmentX=0.0,alignmentY=0.0,border=,flags=9,maximumSize=,minimumSize=,preferredSize=]
2024-04-19 00:06:06,338 [INFO] NvicIntPanel:100 - NVIC parent = com.st.microxplorer.plugins.ip.nvic.MultiNvicIntPanel[,0,0,0x0,invalid,layout=javax.swing.BoxLayout,alignmentX=0.0,alignmentY=0.0,border=,flags=9,maximumSize=,minimumSize=,preferredSize=]
2024-04-19 00:07:29,598 [INFO] NvicIntPanel:100 - NVIC parent = com.st.microxplorer.plugins.ip.nvic.MultiNvicIntPanel[,0,0,0x0,invalid,layout=javax.swing.BoxLayout,alignmentX=0.0,alignmentY=0.0,border=,flags=9,maximumSize=,minimumSize=,preferredSize=]
2024-04-19 00:09:17,321 [INFO] UtilMem:74 - End SaveConfig() Used Memory: 675094952 Bytes (1067450368)
2024-04-19 00:09:19,066 [INFO] UtilMem:74 - End SaveConfig() Used Memory: 691125448 Bytes (1067450368)
2024-04-19 00:09:21,372 [INFO] UtilMem:74 - End SaveConfig() Used Memory: 726807088 Bytes (1067450368)
2024-04-19 00:09:21,549 [INFO] BlockDiagram:2753 - set Specific Code input for plugin: NVIC
2024-04-19 00:09:21,549 [INFO] BlockDiagram:2753 - set Specific Code input for plugin: USART
2024-04-19 00:09:21,550 [INFO] BlockDiagram:2753 - set Specific Code input for plugin: GPIO
2024-04-19 00:09:21,550 [INFO] BlockDiagram:2753 - set Specific Code input for plugin: RCC
2024-04-19 00:09:21,550 [INFO] CodeGenerator:690 - code generatio: config db path: C:\ST\STM32CubeIDE_1.10.1\STM32CubeIDE\plugins\com.st.stm32cube.common.mx_6.6.1.202207061420\\db\
2024-04-19 00:09:21,695 [INFO] CodeEngine:245 - oldGeneratedFile, D:\Download\DeleteThis\BMS_master_bluepill\MXTmpFiles\license.tmp_save
2024-04-19 00:09:21,770 [INFO] CodeEngine:269 - Generated code: D:\Download\DeleteThis\BMS_master_bluepill\MXTmpFiles\license.tmp
2024-04-19 00:09:21,811 [INFO] CodeEngine:245 - oldGeneratedFile, D:\Download\DeleteThis\BMS_master_bluepill\MXTmpFiles\gpio.tmp_save
2024-04-19 00:09:21,888 [INFO] CodeEngine:269 - Generated code: D:\Download\DeleteThis\BMS_master_bluepill\MXTmpFiles\gpio.tmp
2024-04-19 00:09:21,930 [INFO] CodeEngine:245 - oldGeneratedFile, D:\Download\DeleteThis\BMS_master_bluepill\Core\Src\stm32f1xx_it.c_save
2024-04-19 00:09:22,011 [INFO] CodeEngine:269 - Generated code: D:\Download\DeleteThis\BMS_master_bluepill\Core\Src\stm32f1xx_it.c
2024-04-19 00:09:22,015 [INFO] CodeEngine:245 - oldGeneratedFile, D:\Download\DeleteThis\BMS_master_bluepill\Core\Inc\stm32f1xx_it.h_save
2024-04-19 00:09:22,067 [INFO] CodeEngine:269 - Generated code: D:\Download\DeleteThis\BMS_master_bluepill\Core\Inc\stm32f1xx_it.h
2024-04-19 00:09:22,082 [INFO] CodeEngine:245 - oldGeneratedFile, D:\Download\DeleteThis\BMS_master_bluepill\Core\Src\stm32f1xx_hal_msp.c_save
2024-04-19 00:09:22,166 [INFO] CodeEngine:269 - Generated code: D:\Download\DeleteThis\BMS_master_bluepill\Core\Src\stm32f1xx_hal_msp.c
2024-04-19 00:09:22,168 [INFO] CodeEngine:245 - oldGeneratedFile, D:\Download\DeleteThis\BMS_master_bluepill\MXTmpFiles\system.tmp_save
2024-04-19 00:09:22,213 [INFO] CodeEngine:269 - Generated code: D:\Download\DeleteThis\BMS_master_bluepill\MXTmpFiles\system.tmp
2024-04-19 00:09:22,225 [INFO] CodeEngine:245 - oldGeneratedFile, D:\Download\DeleteThis\BMS_master_bluepill\Core\Inc\stm32f1xx_hal_conf.h_save
2024-04-19 00:09:22,294 [INFO] CodeEngine:269 - Generated code: D:\Download\DeleteThis\BMS_master_bluepill\Core\Inc\stm32f1xx_hal_conf.h
2024-04-19 00:09:22,339 [INFO] CodeEngine:245 - oldGeneratedFile, D:\Download\DeleteThis\BMS_master_bluepill\Core\Inc\main.h_save
2024-04-19 00:09:22,392 [INFO] CodeEngine:269 - Generated code: D:\Download\DeleteThis\BMS_master_bluepill\Core\Inc\main.h
2024-04-19 00:09:22,402 [INFO] CodeEngine:245 - oldGeneratedFile, D:\Download\DeleteThis\BMS_master_bluepill\Core\Src\main.c_save
2024-04-19 00:09:22,489 [INFO] CodeEngine:269 - Generated code: D:\Download\DeleteThis\BMS_master_bluepill\Core\Src\main.c
2024-04-19 00:09:22,851 [INFO] ProjectBuilder:2919 - Time for Copy HAL[1] : 81mS.
2024-04-19 00:09:22,853 [INFO] ProjectBuilder:4117 - Project Generator version: 3.17.1
2024-04-19 00:09:23,074 [INFO] ConfigFileManager:1394 - The Die is : DIE410
2024-04-19 00:09:24,191 [INFO] ProjectBuilder:4285 - Time for Generating toolchain IDE Files: 1338mS.
2024-04-19 00:09:24,192 [INFO] ProjectBuilder:2790 - Time for Copy CMSIS : 1mS.
2024-04-19 00:09:24,194 [INFO] ProjectBuilder:2790 - Time for Copy CMSIS : 0mS.
2024-04-19 00:09:55,404 [INFO] NvicIntPanel:100 - NVIC parent = com.st.microxplorer.plugins.ip.nvic.MultiNvicIntPanel[,0,0,485x222,layout=javax.swing.BoxLayout,alignmentX=0.0,alignmentY=0.0,border=,flags=9,maximumSize=,minimumSize=,preferredSize=]
2024-04-19 00:10:04,071 [INFO] NvicIntPanel:100 - NVIC parent = com.st.microxplorer.plugins.ip.nvic.MultiNvicIntPanel[,0,0,0x0,invalid,layout=javax.swing.BoxLayout,alignmentX=0.0,alignmentY=0.0,border=,flags=9,maximumSize=,minimumSize=,preferredSize=]
2024-04-19 00:10:16,444 [INFO] UtilMem:74 - End SaveConfig() Used Memory: 691433552 Bytes (1067450368)
2024-04-19 00:10:18,033 [INFO] UtilMem:74 - End SaveConfig() Used Memory: 710037184 Bytes (1067450368)
2024-04-19 00:10:19,184 [INFO] UtilMem:74 - End SaveConfig() Used Memory: 741960024 Bytes (1067450368)
2024-04-19 00:10:19,324 [INFO] BlockDiagram:2753 - set Specific Code input for plugin: NVIC
2024-04-19 00:10:19,324 [INFO] BlockDiagram:2753 - set Specific Code input for plugin: USART
2024-04-19 00:10:19,324 [INFO] BlockDiagram:2753 - set Specific Code input for plugin: GPIO
2024-04-19 00:10:19,324 [INFO] BlockDiagram:2753 - set Specific Code input for plugin: RCC
2024-04-19 00:10:19,325 [INFO] CodeGenerator:690 - code generatio: config db path: C:\ST\STM32CubeIDE_1.10.1\STM32CubeIDE\plugins\com.st.stm32cube.common.mx_6.6.1.202207061420\\db\
2024-04-19 00:10:19,430 [INFO] CodeEngine:245 - oldGeneratedFile, D:\Download\DeleteThis\BMS_master_bluepill\MXTmpFiles\license.tmp_save
2024-04-19 00:10:19,512 [INFO] CodeEngine:269 - Generated code: D:\Download\DeleteThis\BMS_master_bluepill\MXTmpFiles\license.tmp
2024-04-19 00:10:19,520 [INFO] CodeEngine:245 - oldGeneratedFile, D:\Download\DeleteThis\BMS_master_bluepill\MXTmpFiles\gpio.tmp_save
2024-04-19 00:10:19,586 [INFO] CodeEngine:269 - Generated code: D:\Download\DeleteThis\BMS_master_bluepill\MXTmpFiles\gpio.tmp
2024-04-19 00:10:19,608 [INFO] CodeEngine:245 - oldGeneratedFile, D:\Download\DeleteThis\BMS_master_bluepill\Core\Src\stm32f1xx_it.c_save
2024-04-19 00:10:19,663 [INFO] CodeEngine:269 - Generated code: D:\Download\DeleteThis\BMS_master_bluepill\Core\Src\stm32f1xx_it.c
2024-04-19 00:10:19,666 [INFO] CodeEngine:245 - oldGeneratedFile, D:\Download\DeleteThis\BMS_master_bluepill\Core\Inc\stm32f1xx_it.h_save
2024-04-19 00:10:19,703 [INFO] CodeEngine:269 - Generated code: D:\Download\DeleteThis\BMS_master_bluepill\Core\Inc\stm32f1xx_it.h
2024-04-19 00:10:19,718 [INFO] CodeEngine:245 - oldGeneratedFile, D:\Download\DeleteThis\BMS_master_bluepill\Core\Src\stm32f1xx_hal_msp.c_save
2024-04-19 00:10:19,769 [INFO] CodeEngine:269 - Generated code: D:\Download\DeleteThis\BMS_master_bluepill\Core\Src\stm32f1xx_hal_msp.c
2024-04-19 00:10:19,770 [INFO] CodeEngine:245 - oldGeneratedFile, D:\Download\DeleteThis\BMS_master_bluepill\MXTmpFiles\system.tmp_save
2024-04-19 00:10:19,805 [INFO] CodeEngine:269 - Generated code: D:\Download\DeleteThis\BMS_master_bluepill\MXTmpFiles\system.tmp
2024-04-19 00:10:19,817 [INFO] CodeEngine:245 - oldGeneratedFile, D:\Download\DeleteThis\BMS_master_bluepill\Core\Inc\stm32f1xx_hal_conf.h_save
2024-04-19 00:10:19,885 [INFO] CodeEngine:269 - Generated code: D:\Download\DeleteThis\BMS_master_bluepill\Core\Inc\stm32f1xx_hal_conf.h
2024-04-19 00:10:19,900 [INFO] CodeEngine:245 - oldGeneratedFile, D:\Download\DeleteThis\BMS_master_bluepill\Core\Inc\main.h_save
2024-04-19 00:10:19,947 [INFO] CodeEngine:269 - Generated code: D:\Download\DeleteThis\BMS_master_bluepill\Core\Inc\main.h
2024-04-19 00:10:19,956 [INFO] CodeEngine:245 - oldGeneratedFile, D:\Download\DeleteThis\BMS_master_bluepill\Core\Src\main.c_save
2024-04-19 00:10:20,021 [INFO] CodeEngine:269 - Generated code: D:\Download\DeleteThis\BMS_master_bluepill\Core\Src\main.c
2024-04-19 00:10:20,410 [INFO] ProjectBuilder:2919 - Time for Copy HAL[1] : 86mS.
2024-04-19 00:10:20,412 [INFO] ProjectBuilder:4117 - Project Generator version: 3.17.1
2024-04-19 00:10:20,562 [INFO] ConfigFileManager:1394 - The Die is : DIE410
2024-04-19 00:10:21,237 [INFO] ProjectBuilder:4285 - Time for Generating toolchain IDE Files: 825mS.
2024-04-19 00:10:21,238 [INFO] ProjectBuilder:2790 - Time for Copy CMSIS : 0mS.
2024-04-19 00:10:21,239 [INFO] ProjectBuilder:2790 - Time for Copy CMSIS : 0mS.
2024-04-19 00:15:35,863 [INFO] UtilMem:74 - End SaveConfig() Used Memory: 744118896 Bytes (1069547520)
2024-04-19 00:15:37,261 [INFO] UtilMem:74 - End SaveConfig() Used Memory: 760684384 Bytes (1069547520)
2024-04-19 00:15:38,304 [INFO] UtilMem:74 - End SaveConfig() Used Memory: 791093088 Bytes (1069547520)
2024-04-19 00:15:38,420 [INFO] BlockDiagram:2753 - set Specific Code input for plugin: NVIC
2024-04-19 00:15:38,420 [INFO] BlockDiagram:2753 - set Specific Code input for plugin: USART
2024-04-19 00:15:38,421 [INFO] BlockDiagram:2753 - set Specific Code input for plugin: GPIO
2024-04-19 00:15:38,421 [INFO] BlockDiagram:2753 - set Specific Code input for plugin: RCC
2024-04-19 00:15:38,421 [INFO] CodeGenerator:690 - code generatio: config db path: C:\ST\STM32CubeIDE_1.10.1\STM32CubeIDE\plugins\com.st.stm32cube.common.mx_6.6.1.202207061420\\db\
2024-04-19 00:15:38,505 [INFO] CodeEngine:245 - oldGeneratedFile, D:\Download\DeleteThis\BMS_master_bluepill\MXTmpFiles\license.tmp_save
2024-04-19 00:15:38,562 [INFO] CodeEngine:269 - Generated code: D:\Download\DeleteThis\BMS_master_bluepill\MXTmpFiles\license.tmp
2024-04-19 00:15:38,572 [INFO] CodeEngine:245 - oldGeneratedFile, D:\Download\DeleteThis\BMS_master_bluepill\MXTmpFiles\gpio.tmp_save
2024-04-19 00:15:38,629 [INFO] CodeEngine:269 - Generated code: D:\Download\DeleteThis\BMS_master_bluepill\MXTmpFiles\gpio.tmp
2024-04-19 00:15:38,647 [INFO] CodeEngine:245 - oldGeneratedFile, D:\Download\DeleteThis\BMS_master_bluepill\Core\Src\stm32f1xx_it.c_save
2024-04-19 00:15:38,692 [INFO] CodeEngine:269 - Generated code: D:\Download\DeleteThis\BMS_master_bluepill\Core\Src\stm32f1xx_it.c
2024-04-19 00:15:38,695 [INFO] CodeEngine:245 - oldGeneratedFile, D:\Download\DeleteThis\BMS_master_bluepill\Core\Inc\stm32f1xx_it.h_save
2024-04-19 00:15:38,730 [INFO] CodeEngine:269 - Generated code: D:\Download\DeleteThis\BMS_master_bluepill\Core\Inc\stm32f1xx_it.h
2024-04-19 00:15:38,741 [INFO] CodeEngine:245 - oldGeneratedFile, D:\Download\DeleteThis\BMS_master_bluepill\Core\Src\stm32f1xx_hal_msp.c_save
2024-04-19 00:15:38,812 [INFO] CodeEngine:269 - Generated code: D:\Download\DeleteThis\BMS_master_bluepill\Core\Src\stm32f1xx_hal_msp.c
2024-04-19 00:15:38,814 [INFO] CodeEngine:245 - oldGeneratedFile, D:\Download\DeleteThis\BMS_master_bluepill\MXTmpFiles\system.tmp_save
2024-04-19 00:15:38,865 [INFO] CodeEngine:269 - Generated code: D:\Download\DeleteThis\BMS_master_bluepill\MXTmpFiles\system.tmp
2024-04-19 00:15:38,876 [INFO] CodeEngine:245 - oldGeneratedFile, D:\Download\DeleteThis\BMS_master_bluepill\Core\Inc\stm32f1xx_hal_conf.h_save
2024-04-19 00:15:38,945 [INFO] CodeEngine:269 - Generated code: D:\Download\DeleteThis\BMS_master_bluepill\Core\Inc\stm32f1xx_hal_conf.h
2024-04-19 00:15:38,961 [INFO] CodeEngine:245 - oldGeneratedFile, D:\Download\DeleteThis\BMS_master_bluepill\Core\Inc\main.h_save
2024-04-19 00:15:39,010 [INFO] CodeEngine:269 - Generated code: D:\Download\DeleteThis\BMS_master_bluepill\Core\Inc\main.h
2024-04-19 00:15:39,022 [INFO] CodeEngine:245 - oldGeneratedFile, D:\Download\DeleteThis\BMS_master_bluepill\Core\Src\main.c_save
2024-04-19 00:15:39,100 [INFO] CodeEngine:269 - Generated code: D:\Download\DeleteThis\BMS_master_bluepill\Core\Src\main.c
2024-04-19 00:15:39,490 [INFO] ProjectBuilder:2919 - Time for Copy HAL[1] : 86mS.
2024-04-19 00:15:39,493 [INFO] ProjectBuilder:4117 - Project Generator version: 3.17.1
2024-04-19 00:15:39,686 [INFO] ConfigFileManager:1394 - The Die is : DIE410
2024-04-19 00:15:40,432 [INFO] ProjectBuilder:4285 - Time for Generating toolchain IDE Files: 939mS.
2024-04-19 00:15:40,432 [INFO] ProjectBuilder:2790 - Time for Copy CMSIS : 0mS.
2024-04-19 00:15:40,435 [INFO] ProjectBuilder:2790 - Time for Copy CMSIS : 1mS.
2024-04-19 01:21:48,464 [INFO] NvicIntPanel:100 - NVIC parent = com.st.microxplorer.plugins.ip.nvic.MultiNvicIntPanel[,0,0,0x0,invalid,layout=javax.swing.BoxLayout,alignmentX=0.0,alignmentY=0.0,border=,flags=9,maximumSize=,minimumSize=,preferredSize=]
2024-04-19 01:21:55,427 [INFO] NvicIntPanel:100 - NVIC parent = com.st.microxplorer.plugins.ip.nvic.MultiNvicIntPanel[,0,0,0x0,invalid,layout=javax.swing.BoxLayout,alignmentX=0.0,alignmentY=0.0,border=,flags=9,maximumSize=,minimumSize=,preferredSize=]
2024-04-19 01:21:55,924 [INFO] UtilMem:74 - End SaveConfig() Used Memory: 827382408 Bytes (1069547520)
2024-04-19 01:21:57,454 [INFO] UtilMem:74 - End SaveConfig() Used Memory: 846173528 Bytes (1069547520)
2024-04-19 01:21:58,643 [INFO] UtilMem:74 - End SaveConfig() Used Memory: 885124408 Bytes (1069547520)
2024-04-19 01:21:58,793 [INFO] BlockDiagram:2753 - set Specific Code input for plugin: NVIC
2024-04-19 01:21:58,793 [INFO] BlockDiagram:2753 - set Specific Code input for plugin: USART
2024-04-19 01:21:58,793 [INFO] BlockDiagram:2753 - set Specific Code input for plugin: GPIO
2024-04-19 01:21:58,793 [INFO] BlockDiagram:2753 - set Specific Code input for plugin: RCC
2024-04-19 01:21:58,793 [INFO] CodeGenerator:690 - code generatio: config db path: C:\ST\STM32CubeIDE_1.10.1\STM32CubeIDE\plugins\com.st.stm32cube.common.mx_6.6.1.202207061420\\db\
2024-04-19 01:21:58,909 [INFO] CodeEngine:245 - oldGeneratedFile, D:\Download\DeleteThis\BMS_master_bluepill\MXTmpFiles\license.tmp_save
2024-04-19 01:21:58,987 [INFO] CodeEngine:269 - Generated code: D:\Download\DeleteThis\BMS_master_bluepill\MXTmpFiles\license.tmp
2024-04-19 01:21:58,998 [INFO] CodeEngine:245 - oldGeneratedFile, D:\Download\DeleteThis\BMS_master_bluepill\MXTmpFiles\gpio.tmp_save
2024-04-19 01:21:59,072 [INFO] CodeEngine:269 - Generated code: D:\Download\DeleteThis\BMS_master_bluepill\MXTmpFiles\gpio.tmp
2024-04-19 01:21:59,112 [INFO] CodeEngine:245 - oldGeneratedFile, D:\Download\DeleteThis\BMS_master_bluepill\Core\Src\stm32f1xx_it.c_save
2024-04-19 01:21:59,184 [INFO] CodeEngine:269 - Generated code: D:\Download\DeleteThis\BMS_master_bluepill\Core\Src\stm32f1xx_it.c
2024-04-19 01:21:59,192 [INFO] CodeEngine:245 - oldGeneratedFile, D:\Download\DeleteThis\BMS_master_bluepill\Core\Inc\stm32f1xx_it.h_save
2024-04-19 01:21:59,242 [INFO] CodeEngine:269 - Generated code: D:\Download\DeleteThis\BMS_master_bluepill\Core\Inc\stm32f1xx_it.h
2024-04-19 01:21:59,262 [INFO] CodeEngine:245 - oldGeneratedFile, D:\Download\DeleteThis\BMS_master_bluepill\Core\Src\stm32f1xx_hal_msp.c_save
2024-04-19 01:21:59,331 [INFO] CodeEngine:269 - Generated code: D:\Download\DeleteThis\BMS_master_bluepill\Core\Src\stm32f1xx_hal_msp.c
2024-04-19 01:21:59,332 [INFO] CodeEngine:245 - oldGeneratedFile, D:\Download\DeleteThis\BMS_master_bluepill\MXTmpFiles\system.tmp_save
2024-04-19 01:21:59,376 [INFO] CodeEngine:269 - Generated code: D:\Download\DeleteThis\BMS_master_bluepill\MXTmpFiles\system.tmp
2024-04-19 01:21:59,387 [INFO] CodeEngine:245 - oldGeneratedFile, D:\Download\DeleteThis\BMS_master_bluepill\Core\Inc\stm32f1xx_hal_conf.h_save
2024-04-19 01:21:59,443 [INFO] CodeEngine:269 - Generated code: D:\Download\DeleteThis\BMS_master_bluepill\Core\Inc\stm32f1xx_hal_conf.h
2024-04-19 01:21:59,456 [INFO] CodeEngine:245 - oldGeneratedFile, D:\Download\DeleteThis\BMS_master_bluepill\Core\Inc\main.h_save
2024-04-19 01:21:59,522 [INFO] CodeEngine:269 - Generated code: D:\Download\DeleteThis\BMS_master_bluepill\Core\Inc\main.h
2024-04-19 01:21:59,536 [INFO] CodeEngine:245 - oldGeneratedFile, D:\Download\DeleteThis\BMS_master_bluepill\Core\Src\main.c_save
2024-04-19 01:21:59,607 [INFO] CodeEngine:269 - Generated code: D:\Download\DeleteThis\BMS_master_bluepill\Core\Src\main.c
2024-04-19 01:22:00,007 [INFO] ProjectBuilder:2919 - Time for Copy HAL[1] : 72mS.
2024-04-19 01:22:00,012 [INFO] ProjectBuilder:4117 - Project Generator version: 3.17.1
2024-04-19 01:22:00,177 [INFO] ConfigFileManager:1394 - The Die is : DIE410
2024-04-19 01:22:00,844 [INFO] ProjectBuilder:4285 - Time for Generating toolchain IDE Files: 832mS.
2024-04-19 01:22:00,844 [INFO] ProjectBuilder:2790 - Time for Copy CMSIS : 0mS.
2024-04-19 01:22:00,844 [INFO] ProjectBuilder:2790 - Time for Copy CMSIS : 0mS.
2024-04-19 03:01:01,335 [ERROR] ConfigurationRetriever:139 - IOException on connection: Read timed out
2024-04-19 04:25:28,637 [ERROR] LogOutputStream:74 - [STDERR_REDIRECT] Exception in thread "SWV client thread" java.lang.NullPointerException
2024-04-19 04:25:28,638 [ERROR] LogOutputStream:74 - [STDERR_REDIRECT] 	at com.st.stm32cube.ide.mcu.debug.swv.core.SWVPlugin.debugTrace(SWVPlugin.java:86)
2024-04-19 04:25:28,639 [ERROR] LogOutputStream:74 - [STDERR_REDIRECT] 	at com.st.stm32cube.ide.mcu.debug.swv.core.SWVClient.TRACE(SWVClient.java:763)
2024-04-19 04:25:28,639 [ERROR] LogOutputStream:74 - [STDERR_REDIRECT] 	at com.st.stm32cube.ide.mcu.debug.swv.core.SWVClient.readByte(SWVClient.java:295)
2024-04-19 04:25:28,641 [ERROR] LogOutputStream:74 - [STDERR_REDIRECT] 	at com.st.stm32cube.ide.mcu.debug.swv.core.SWVClient.getNextByte(SWVClient.java:278)
2024-04-19 04:25:28,641 [ERROR] LogOutputStream:74 - [STDERR_REDIRECT] 	at com.st.stm32cube.ide.mcu.debug.swv.core.SWVClient.run(SWVClient.java:312)
2024-04-19 04:25:29,319 [ERROR] LogOutputStream:74 - [STDERR_REDIRECT] 
2024-04-19 12:34:58,411 [INFO] Activator:177 - 


2024-04-19 12:34:58,411 [INFO] Activator:178 - !SESSION log4j initialized
2024-04-19 12:35:26,501 [ERROR] LogOutputStream:74 - [STDERR_REDIRECT] SLF4J: Failed to load class "org.slf4j.impl.StaticLoggerBinder".
2024-04-19 12:35:26,501 [ERROR] LogOutputStream:74 - [STDERR_REDIRECT] SLF4J: Defaulting to no-operation (NOP) logger implementation
2024-04-19 12:35:26,501 [ERROR] LogOutputStream:74 - [STDERR_REDIRECT] SLF4J: See http://www.slf4j.org/codes.html#StaticLoggerBinder for further details.
2024-04-20 13:20:16,037 [INFO] Activator:177 - 


2024-04-20 13:20:16,037 [INFO] Activator:178 - !SESSION log4j initialized
2024-04-20 13:20:42,175 [ERROR] LogOutputStream:74 - [STDERR_REDIRECT] SLF4J: Failed to load class "org.slf4j.impl.StaticLoggerBinder".
2024-04-20 13:20:42,175 [ERROR] LogOutputStream:74 - [STDERR_REDIRECT] SLF4J: Defaulting to no-operation (NOP) logger implementation
2024-04-20 13:20:42,175 [ERROR] LogOutputStream:74 - [STDERR_REDIRECT] SLF4J: See http://www.slf4j.org/codes.html#StaticLoggerBinder for further details.
2024-04-20 14:49:20,667 [ERROR] ConfigurationRetriever:139 - IOException on connection: Read timed out
2024-04-20 14:49:22,742 [ERROR] ConfigurationRetriever:139 - IOException on connection: Read timed out
2024-04-20 14:49:24,838 [ERROR] ConfigurationRetriever:139 - IOException on connection: Read timed out
2024-04-20 14:49:26,939 [ERROR] ConfigurationRetriever:139 - IOException on connection: Read timed out
2024-04-20 22:21:36,265 [INFO] McuFinderGlobals:44 - Set McuFinder mode to 2 (CubeIDE integrated)
2024-04-20 22:21:36,425 [INFO] ApplicationProperties:181 - Using Application install path: C:\ST\STM32CubeIDE_1.10.1\STM32CubeIDE\plugins\com.st.stm32cube.common.mx_6.6.1.202207061420
2024-04-20 22:21:36,460 [INFO] DbMcusXml:77 - Set database path to: C:\ST\STM32CubeIDE_1.10.1\STM32CubeIDE\plugins\com.st.stm32cube.common.mx_6.6.1.202207061420\\db\/mcu/
2024-04-20 22:21:36,460 [INFO] ApiDb:269 - Set plugin database path to: C:\ST\STM32CubeIDE_1.10.1\STM32CubeIDE\plugins\com.st.stm32cube.common.mx_6.6.1.202207061420\\db\/plugins/boardmanager/
2024-04-20 22:21:36,460 [WARN] ApiDb:254 - Overriding images path with different value:  => C:\ST\STM32CubeIDE_1.10.1\STM32CubeIDE\plugins\com.st.stm32cube.common.mx_6.6.1.202207061420\\db\/plugins/mcufinder/images/
2024-04-20 22:21:36,470 [INFO] ApiDb:249 - Set database path to: C:\Users\saksh\.stmcufinder\plugins\mcufinder//mcu/
2024-04-20 22:21:36,470 [INFO] DbMcusAds:124 - Set database path to: C:\Users\saksh\.stmcufinder\plugins\mcufinder//mcu/
2024-04-20 22:21:36,545 [INFO] CrossReferenceDbSqlite:201 - Set database path to: C:\Users\saksh\.stmcufinder\plugins\mcufinder//mcu/cs/
2024-04-20 22:21:36,631 [INFO] RulesReader:61 - Compatibility file has been processed (282 Rules)
2024-04-20 22:21:36,695 [INFO] DbMcusXml:77 - Set database path to: C:\ST\STM32CubeIDE_1.10.1\STM32CubeIDE\plugins\com.st.stm32cube.common.mx_6.6.1.202207061420\\db\/mcu/
2024-04-20 22:21:36,695 [INFO] ApiDb:269 - Set plugin database path to: C:\ST\STM32CubeIDE_1.10.1\STM32CubeIDE\plugins\com.st.stm32cube.common.mx_6.6.1.202207061420\\db\/plugins/boardmanager/
2024-04-20 22:21:36,700 [INFO] ApiDb:256 - Set plugin images path to: C:\ST\STM32CubeIDE_1.10.1\STM32CubeIDE\plugins\com.st.stm32cube.common.mx_6.6.1.202207061420\\db\/plugins/mcufinder/images/
2024-04-20 22:21:36,700 [WARN] DbFile:40 - Overriding database path with different value: C:\Users\saksh\.stmcufinder\plugins\mcufinder/ => C:\Users\saksh\.stmcufinder\plugins\mcufinder
2024-04-20 22:21:36,700 [INFO] ApiDb:249 - Set database path to: C:\Users\saksh\.stmcufinder\plugins\mcufinder//mcu/
2024-04-20 22:21:36,700 [WARN] DbFile:40 - Overriding database path with different value: C:\Users\saksh\.stmcufinder\plugins\mcufinder/ => C:\Users\saksh\.stmcufinder\plugins\mcufinder
2024-04-20 22:21:36,700 [INFO] DbMcusAds:124 - Set database path to: C:\Users\saksh\.stmcufinder\plugins\mcufinder//mcu/
2024-04-20 22:21:36,700 [WARN] DbFile:40 - Overriding database path with different value: C:\Users\saksh\.stmcufinder\plugins\mcufinder/ => C:\Users\saksh\.stmcufinder\plugins\mcufinder
2024-04-20 22:21:36,700 [WARN] DbFile:40 - Overriding database path with different value: C:\Users\saksh\.stmcufinder\plugins\mcufinder/ => C:\Users\saksh\.stmcufinder\plugins\mcufinder
2024-04-20 22:21:36,700 [INFO] CrossReferenceDbSqlite:201 - Set database path to: C:\Users\saksh\.stmcufinder\plugins\mcufinder//mcu/cs/
2024-04-20 22:21:36,757 [INFO] MainPanel:242 - HeapMemory: 610271232
2024-04-20 22:21:36,835 [INFO] DbMcusXml:77 - Set database path to: C:\ST\STM32CubeIDE_1.10.1\STM32CubeIDE\plugins\com.st.stm32cube.common.mx_6.6.1.202207061420\\db\/mcu/
2024-04-20 22:21:36,835 [INFO] ApiDb:269 - Set plugin database path to: C:\ST\STM32CubeIDE_1.10.1\STM32CubeIDE\plugins\com.st.stm32cube.common.mx_6.6.1.202207061420\\db\/plugins/boardmanager/
2024-04-20 22:21:36,835 [INFO] ApiDb:256 - Set plugin images path to: C:\ST\STM32CubeIDE_1.10.1\STM32CubeIDE\plugins\com.st.stm32cube.common.mx_6.6.1.202207061420\\db\/plugins/mcufinder/images/
2024-04-20 22:21:36,835 [WARN] DbFile:40 - Overriding database path with different value: C:\Users\saksh\.stmcufinder\plugins\mcufinder/ => C:\Users\saksh\.stmcufinder\plugins\mcufinder
2024-04-20 22:21:36,835 [INFO] ApiDb:249 - Set database path to: C:\Users\saksh\.stmcufinder\plugins\mcufinder//mcu/
2024-04-20 22:21:36,835 [WARN] DbFile:40 - Overriding database path with different value: C:\Users\saksh\.stmcufinder\plugins\mcufinder/ => C:\Users\saksh\.stmcufinder\plugins\mcufinder
2024-04-20 22:21:36,835 [INFO] DbMcusAds:124 - Set database path to: C:\Users\saksh\.stmcufinder\plugins\mcufinder//mcu/
2024-04-20 22:21:36,835 [WARN] DbFile:40 - Overriding database path with different value: C:\Users\saksh\.stmcufinder\plugins\mcufinder/ => C:\Users\saksh\.stmcufinder\plugins\mcufinder
2024-04-20 22:21:36,835 [WARN] DbFile:40 - Overriding database path with different value: C:\Users\saksh\.stmcufinder\plugins\mcufinder/ => C:\Users\saksh\.stmcufinder\plugins\mcufinder
2024-04-20 22:21:36,835 [INFO] CrossReferenceDbSqlite:201 - Set database path to: C:\Users\saksh\.stmcufinder\plugins\mcufinder//mcu/cs/
2024-04-20 22:21:36,851 [INFO] ApplicationProperties:181 - Using Application install path: C:\ST\STM32CubeIDE_1.10.1\STM32CubeIDE\plugins\com.st.stm32cube.common.mx_6.6.1.202207061420
2024-04-20 22:21:36,854 [INFO] PluginManage:193 - Search for loadable plugins [exclusion list=, ]
2024-04-20 22:21:36,855 [INFO] PluginManage:307 - Check plugin analytics
2024-04-20 22:21:36,957 [INFO] AnalyticsPlugin:262 - Accepted Software Licenses: 
2024-04-20 22:21:36,957 [INFO] AnalyticsPlugin:264 - Accepted CMSIS Pack Licenses: 
2024-04-20 22:21:36,957 [INFO] AnalyticsPlugin:266 - Accepted Firmware Licenses: FW.H7.1.10.0,FW.G4.1.5.0
2024-04-20 22:21:36,957 [INFO] PluginManage:356 - Loaded plugin analytics (category:tool,tabindex:-1)
2024-04-20 22:21:36,957 [INFO] PluginManage:307 - Check plugin cadmodel
2024-04-20 22:21:36,973 [INFO] CADModel:65 - Init CAD model plugin
2024-04-20 22:21:36,973 [INFO] PluginManage:356 - Loaded plugin cadmodel (category:power,tabindex:5)
2024-04-20 22:21:36,973 [INFO] PluginManage:307 - Check plugin clock
2024-04-20 22:21:37,015 [INFO] PluginManage:356 - Loaded plugin clock (category:base,tabindex:2)
2024-04-20 22:21:37,016 [INFO] PluginManage:307 - Check plugin ddr
2024-04-20 22:21:37,017 [INFO] PluginManage:356 - Loaded plugin ddr (category:tool,tabindex:6)
2024-04-20 22:21:37,020 [INFO] PluginManage:307 - Check plugin filemanager
2024-04-20 22:21:37,179 [INFO] PluginManage:356 - Loaded plugin filemanager (category:base,tabindex:10)
2024-04-20 22:21:37,179 [INFO] PluginManage:307 - Check plugin ipmanager
2024-04-20 22:21:37,185 [INFO] PluginManage:356 - Loaded plugin ipmanager (category:base,tabindex:5)
2024-04-20 22:21:37,185 [INFO] PluginManage:307 - Check plugin lpbam
2024-04-20 22:21:37,237 [INFO] PluginManage:356 - Loaded plugin lpbam (category:base,tabindex:0)
2024-04-20 22:21:37,237 [INFO] PluginManage:307 - Check plugin pinoutandconfiguration
2024-04-20 22:21:37,259 [INFO] PluginManage:356 - Loaded plugin pinoutandconfiguration (category:base,tabindex:1)
2024-04-20 22:21:37,259 [INFO] PluginManage:307 - Check plugin pinoutconfig
2024-04-20 22:21:37,295 [INFO] PluginManage:356 - Loaded plugin pinoutconfig (category:base,tabindex:0)
2024-04-20 22:21:37,295 [INFO] PluginManage:307 - Check plugin power
2024-04-20 22:21:37,320 [INFO] PluginManage:356 - Loaded plugin power (category:power,tabindex:4)
2024-04-20 22:21:37,320 [INFO] PluginManage:307 - Check plugin projectmanager
2024-04-20 22:21:37,345 [INFO] PluginManage:356 - Loaded plugin projectmanager (category:projectmanager,tabindex:3)
2024-04-20 22:21:37,346 [INFO] PluginManage:307 - Check plugin thirdparty
2024-04-20 22:21:37,540 [WARN] IntegrityCheckThread:82 - waiting for thirdparty lock release [integrity check]
2024-04-20 22:21:37,540 [INFO] PluginManage:356 - Loaded plugin thirdparty (category:base,tabindex:-1)
2024-04-20 22:21:37,540 [INFO] IntegrityCheckThread:84 - entering critical section [integrity check]
2024-04-20 22:21:37,545 [INFO] PluginManage:307 - Check plugin tools
2024-04-20 22:21:37,546 [INFO] ThirdPartyUpdaterWithRetryManager:70 - Updater plugin not ready yet. [1/15]
2024-04-20 22:21:37,563 [INFO] PluginManage:356 - Loaded plugin tools (category:base,tabindex:7)
2024-04-20 22:21:37,563 [INFO] PluginManage:307 - Check plugin tutovideos
2024-04-20 22:21:37,733 [INFO] PluginManage:356 - Loaded plugin tutovideos (category:base,tabindex:-1)
2024-04-20 22:21:37,735 [INFO] PluginManage:307 - Check plugin updater
2024-04-20 22:21:37,745 [INFO] PluginManage:356 - Loaded plugin updater (category:base,tabindex:12)
2024-04-20 22:21:37,745 [INFO] PluginManage:280 - PluginManage : Loaded plugins [15]
2024-04-20 22:21:37,940 [INFO] PinOutPanel:1468 - setPackage(No Configuration,No Configuration)
2024-04-20 22:21:37,985 [INFO] CADModel:98 - CPN selected for project level
2024-04-20 22:21:38,009 [INFO] IPUIPlugin:79 - create IPUIPlugin
2024-04-20 22:21:38,009 [INFO] PluginManager:217 - loadIPPluginJar : add adc
2024-04-20 22:21:38,035 [INFO] IPUIPlugin:79 - create IPUIPlugin
2024-04-20 22:21:38,035 [INFO] PluginManager:217 - loadIPPluginJar : add aes
2024-04-20 22:21:38,065 [INFO] IPUIPlugin:79 - create IPUIPlugin
2024-04-20 22:21:38,065 [INFO] PluginManager:217 - loadIPPluginJar : add can
2024-04-20 22:21:38,080 [INFO] IPUIPlugin:79 - create IPUIPlugin
2024-04-20 22:21:38,080 [INFO] PluginManager:217 - loadIPPluginJar : add comp
2024-04-20 22:21:38,103 [INFO] IPUIPlugin:79 - create IPUIPlugin
2024-04-20 22:21:38,103 [INFO] PluginManager:217 - loadIPPluginJar : add cryp
2024-04-20 22:21:38,119 [INFO] IPUIPlugin:79 - create IPUIPlugin
2024-04-20 22:21:38,119 [INFO] PluginManager:217 - loadIPPluginJar : add dfsdm
2024-04-20 22:21:38,135 [INFO] IPUIPlugin:79 - create IPUIPlugin
2024-04-20 22:21:38,135 [INFO] PluginManager:217 - loadIPPluginJar : add dma
2024-04-20 22:21:38,160 [INFO] IPUIPlugin:79 - create IPUIPlugin
2024-04-20 22:21:38,160 [INFO] PluginManager:217 - loadIPPluginJar : add dma3
2024-04-20 22:21:38,175 [INFO] IPUIPlugin:79 - create IPUIPlugin
2024-04-20 22:21:38,175 [INFO] PluginManager:217 - loadIPPluginJar : add fatfs
2024-04-20 22:21:38,205 [INFO] IPUIPlugin:79 - create IPUIPlugin
2024-04-20 22:21:38,205 [INFO] PluginManager:217 - loadIPPluginJar : add fmc
2024-04-20 22:21:38,215 [INFO] IPUIPlugin:79 - create IPUIPlugin
2024-04-20 22:21:38,215 [INFO] PluginManager:217 - loadIPPluginJar : add freertos
2024-04-20 22:21:38,231 [INFO] IPUIPlugin:79 - create IPUIPlugin
2024-04-20 22:21:38,231 [INFO] PluginManager:217 - loadIPPluginJar : add genericplugin
2024-04-20 22:21:38,285 [INFO] IPUIPlugin:79 - create IPUIPlugin
2024-04-20 22:21:38,285 [INFO] PluginManager:217 - loadIPPluginJar : add gfxmmu
2024-04-20 22:21:38,373 [INFO] IPUIPlugin:79 - create IPUIPlugin
2024-04-20 22:21:38,373 [INFO] PluginManager:217 - loadIPPluginJar : add gic
2024-04-20 22:21:38,380 [INFO] IPUIPlugin:79 - create IPUIPlugin
2024-04-20 22:21:38,380 [INFO] PluginManager:217 - loadIPPluginJar : add gpio
2024-04-20 22:21:38,437 [INFO] IPUIPlugin:79 - create IPUIPlugin
2024-04-20 22:21:38,437 [INFO] PluginManager:217 - loadIPPluginJar : add gtzc
2024-04-20 22:21:38,460 [INFO] IPUIPlugin:79 - create IPUIPlugin
2024-04-20 22:21:38,460 [INFO] PluginManager:217 - loadIPPluginJar : add hash
2024-04-20 22:21:38,493 [INFO] IPUIPlugin:79 - create IPUIPlugin
2024-04-20 22:21:38,493 [INFO] PluginManager:217 - loadIPPluginJar : add i2c
2024-04-20 22:21:38,522 [INFO] IPUIPlugin:79 - create IPUIPlugin
2024-04-20 22:21:38,522 [INFO] PluginManager:217 - loadIPPluginJar : add i2s
2024-04-20 22:21:38,590 [INFO] IPUIPlugin:79 - create IPUIPlugin
2024-04-20 22:21:38,590 [INFO] PluginManager:217 - loadIPPluginJar : add ipddr
2024-04-20 22:21:38,645 [INFO] IPUIPlugin:79 - create IPUIPlugin
2024-04-20 22:21:38,645 [INFO] PluginManager:217 - loadIPPluginJar : add linkedlist
2024-04-20 22:21:38,669 [INFO] IPUIPlugin:79 - create IPUIPlugin
2024-04-20 22:21:38,669 [INFO] PluginManager:217 - loadIPPluginJar : add lorawan
2024-04-20 22:21:38,694 [INFO] IPUIPlugin:79 - create IPUIPlugin
2024-04-20 22:21:38,694 [INFO] PluginManager:217 - loadIPPluginJar : add ltdc
2024-04-20 22:21:38,705 [INFO] IPUIPlugin:79 - create IPUIPlugin
2024-04-20 22:21:38,705 [INFO] PluginManager:217 - loadIPPluginJar : add mdma
2024-04-20 22:21:38,715 [INFO] IPUIPlugin:79 - create IPUIPlugin
2024-04-20 22:21:38,715 [INFO] PluginManager:217 - loadIPPluginJar : add nvic
2024-04-20 22:21:38,735 [INFO] IPUIPlugin:79 - create IPUIPlugin
2024-04-20 22:21:38,735 [INFO] PluginManager:217 - loadIPPluginJar : add opamp
2024-04-20 22:21:38,775 [INFO] IPUIPlugin:79 - create IPUIPlugin
2024-04-20 22:21:38,775 [INFO] PluginManager:217 - loadIPPluginJar : add openamp
2024-04-20 22:21:38,805 [INFO] IPUIPlugin:79 - create IPUIPlugin
2024-04-20 22:21:38,805 [INFO] PluginManager:217 - loadIPPluginJar : add pdm2pcm
2024-04-20 22:21:38,815 [INFO] IPUIPlugin:79 - create IPUIPlugin
2024-04-20 22:21:38,815 [INFO] PluginManager:217 - loadIPPluginJar : add plateformsettings
2024-04-20 22:21:38,830 [INFO] IPUIPlugin:79 - create IPUIPlugin
2024-04-20 22:21:38,830 [INFO] PluginManager:217 - loadIPPluginJar : add quadspi
2024-04-20 22:21:38,837 [INFO] IPUIPlugin:79 - create IPUIPlugin
2024-04-20 22:21:38,837 [INFO] PluginManager:217 - loadIPPluginJar : add resmgrutility
2024-04-20 22:21:38,871 [INFO] IPUIPlugin:79 - create IPUIPlugin
2024-04-20 22:21:38,871 [INFO] PluginManager:217 - loadIPPluginJar : add sai
2024-04-20 22:21:38,899 [INFO] IPUIPlugin:79 - create IPUIPlugin
2024-04-20 22:21:38,899 [INFO] PluginManager:217 - loadIPPluginJar : add spi
2024-04-20 22:21:38,931 [INFO] IPUIPlugin:79 - create IPUIPlugin
2024-04-20 22:21:38,931 [INFO] PluginManager:217 - loadIPPluginJar : add stm32_wpan
2024-04-20 22:21:38,948 [INFO] IPUIPlugin:79 - create IPUIPlugin
2024-04-20 22:21:38,948 [INFO] PluginManager:217 - loadIPPluginJar : add tim
2024-04-20 22:21:38,979 [INFO] IPUIPlugin:79 - create IPUIPlugin
2024-04-20 22:21:38,979 [INFO] PluginManager:217 - loadIPPluginJar : add touchsensing
2024-04-20 22:21:38,996 [INFO] IPUIPlugin:79 - create IPUIPlugin
2024-04-20 22:21:38,996 [INFO] PluginManager:217 - loadIPPluginJar : add tracer_emb
2024-04-20 22:21:39,011 [INFO] IPUIPlugin:79 - create IPUIPlugin
2024-04-20 22:21:39,011 [INFO] PluginManager:217 - loadIPPluginJar : add ts
2024-04-20 22:21:39,027 [INFO] IPUIPlugin:79 - create IPUIPlugin
2024-04-20 22:21:39,027 [INFO] PluginManager:217 - loadIPPluginJar : add tsc
2024-04-20 22:21:39,040 [INFO] IPUIPlugin:79 - create IPUIPlugin
2024-04-20 22:21:39,043 [INFO] PluginManager:217 - loadIPPluginJar : add ucpd
2024-04-20 22:21:39,080 [INFO] IPUIPlugin:79 - create IPUIPlugin
2024-04-20 22:21:39,080 [INFO] PluginManager:217 - loadIPPluginJar : add usart
2024-04-20 22:21:39,108 [INFO] IPUIPlugin:79 - create IPUIPlugin
2024-04-20 22:21:39,108 [INFO] PluginManager:217 - loadIPPluginJar : add usbx
2024-04-20 22:21:39,355 [FATAL] Updater:301 - Updater called before beeing initialized
2024-04-20 22:21:39,465 [FATAL] Updater:301 - Updater called before beeing initialized
2024-04-20 22:21:39,480 [INFO] DbMcusAds:52 - JSON generation date=Wed Nov 29 16:22:27 IST 2023 (1701255147349)
2024-04-20 22:21:39,480 [FATAL] Updater:301 - Updater called before beeing initialized
2024-04-20 22:21:39,521 [WARN] DetailPanel:344 - Failed to get advertising image, set to default
2024-04-20 22:21:39,640 [FATAL] Updater:301 - Updater called before beeing initialized
2024-04-20 22:21:39,640 [FATAL] Updater:301 - Updater called before beeing initialized
2024-04-20 22:21:39,640 [FATAL] Updater:301 - Updater called before beeing initialized
2024-04-20 22:21:39,640 [WARN] DetailPanel:344 - Failed to get advertising image, set to default
2024-04-20 22:21:39,640 [FATAL] Updater:301 - Updater called before beeing initialized
2024-04-20 22:21:39,690 [ERROR] Updater:1105 - MainUpdater not yet initialized. External WinMGr cannot be set.
2024-04-20 22:21:39,700 [INFO] Updater:1041 - Updater Version found : 6.6.1
2024-04-20 22:21:39,727 [INFO] ApplicationProperties:181 - Using Application install path: C:\ST\STM32CubeIDE_1.10.1\STM32CubeIDE\plugins\com.st.stm32cube.common.mx_6.6.1.202207061420
2024-04-20 22:21:40,020 [INFO] MainUpdater:2768 - connection check result : 10
2024-04-20 22:21:40,020 [INFO] MainUpdater:280 - Updater Check For Update Now.
2024-04-20 22:21:40,020 [INFO] MicroXplorer:481 - Change Database Version : DB.6.0.60
2024-04-20 22:21:40,178 [INFO] CheckServerUpdateThread:119 - End of CheckServer Thread
2024-04-20 22:21:40,237 [INFO] MainUpdater:2768 - connection check result : 10
2024-04-20 22:21:40,241 [INFO] MainUpdater:2768 - connection check result : 10
2024-04-20 22:21:40,335 [INFO] MicroXplorer:451 - Change Database Path : 
2024-04-20 22:21:40,335 [INFO] MicroXplorer:481 - Change Database Version : DB.6.0.60
2024-04-20 22:21:40,340 [WARN] ThirdParty:827 - waiting for thirdparty lock release [close project]
2024-04-20 22:21:40,675 [WARN] PackLoader:242 - Cannot read IP mode file for STMicroelectronics.FP-SNS-MOTENVWB1.1.4.0
2024-04-20 22:21:40,690 [WARN] PackLoader:242 - Cannot read IP mode file for STMicroelectronics.X-CUBE-SMBUS.2.1.0
2024-04-20 22:21:40,695 [WARN] PackLoader:242 - Cannot read IP mode file for STMicroelectronics.X-CUBE-TOUCHGFX.4.23.1
2024-04-20 22:21:40,698 [WARN] PackLoader:242 - Cannot read IP mode file for STMicroelectronics.X-CUBE-TOUCHGFX.4.23.0
2024-04-20 22:21:40,705 [WARN] PackLoader:242 - Cannot read IP mode file for STMicroelectronics.X-CUBE-TOUCHGFX.4.23.2
2024-04-20 22:21:40,729 [WARN] PackLoader:242 - Cannot read IP mode file for STMicroelectronics.X-CUBE-AZRTOS-F7.1.1.0
2024-04-20 22:21:40,740 [ERROR] RealEvaluatedCondition:433 - Found unsupported composite condition: GROUP='STM32_MetaDataManager' CLASS='Data Exchange'
2024-04-20 22:21:40,740 [ERROR] RealEvaluatedCondition:433 - Found unsupported composite condition: CLASS='Data Exchange' GROUP='STM32_MetaDataManager'
2024-04-20 22:21:40,740 [WARN] PackLoader:242 - Cannot read IP mode file for STMicroelectronics.FP-SNS-MOTENV1.4.3.0
2024-04-20 22:21:40,748 [WARN] PackLoader:242 - Cannot read IP mode file for STMicroelectronics.FP-SNS-MOTENV1.4.3.2
2024-04-20 22:21:40,761 [WARN] PackLoader:242 - Cannot read IP mode file for STMicroelectronics.FP-SNS-FLIGHT1.5.0.0
2024-04-20 22:21:40,768 [ERROR] RealEvaluatedCondition:433 - Found unsupported composite condition: CLASS='Data Exchange' GROUP='STM32_MetaDataManager'
2024-04-20 22:21:40,768 [ERROR] RealEvaluatedCondition:433 - Found unsupported composite condition: GROUP='STM32_MetaDataManager' CLASS='Data Exchange'
2024-04-20 22:21:40,768 [WARN] PackLoader:242 - Cannot read IP mode file for STMicroelectronics.FP-SNS-MOTENV1.4.3.1
2024-04-20 22:21:40,775 [WARN] PackLoader:242 - Cannot read IP mode file for STMicroelectronics.FP-SNS-FLIGHT1.5.0.1
2024-04-20 22:21:40,779 [WARN] PackLoader:242 - Cannot read IP mode file for STMicroelectronics.X-CUBE-BLE1.6.2.3
2024-04-20 22:21:40,799 [WARN] PackLoader:242 - Cannot read IP mode file for STMicroelectronics.X-CUBE-BLE1.6.2.4
2024-04-20 22:21:40,805 [WARN] PackLoader:242 - Cannot read IP mode file for STMicroelectronics.FP-SNS-FLIGHT1.5.0.2
2024-04-20 22:21:40,815 [WARN] PackLoader:242 - Cannot read IP mode file for STMicroelectronics.X-CUBE-TOF1.3.1.0
2024-04-20 22:21:40,829 [WARN] PackLoader:242 - Cannot read IP mode file for STMicroelectronics.X-CUBE-DISPLAY.3.0.0
2024-04-20 22:21:40,843 [WARN] PackLoader:242 - Cannot read IP mode file for STMicroelectronics.X-CUBE-BLE1.7.0.0
2024-04-20 22:21:40,850 [WARN] PackLoader:242 - Cannot read IP mode file for STMicroelectronics.X-CUBE-TOUCHGFX.4.22.0
2024-04-20 22:21:40,891 [WARN] PackLoader:242 - Cannot read IP mode file for STMicroelectronics.X-CUBE-MEMS1.9.3.0
2024-04-20 22:21:41,079 [WARN] PackLoader:242 - Cannot read IP mode file for STMicroelectronics.X-CUBE-AI.7.2.0
2024-04-20 22:21:41,110 [WARN] PackLoader:242 - Cannot read IP mode file for STMicroelectronics.X-CUBE-BLEMGR.3.1.0
2024-04-20 22:21:41,127 [WARN] PackLoader:242 - Cannot read IP mode file for STMicroelectronics.FP-SNS-SMARTAG2.1.2.0
2024-04-20 22:21:41,150 [INFO] LogOutputStream:76 - [STDOUT_REDIRECT] 1 : Invalid condition id : UX_CORESTACK_Condition cause : null
2024-04-20 22:21:41,150 [INFO] LogOutputStream:76 - [STDOUT_REDIRECT] 1 : Invalid condition id : UX_CORESTACK_Condition cause : null
2024-04-20 22:21:41,150 [INFO] LogOutputStream:76 - [STDOUT_REDIRECT] 1 : Invalid condition id : UX_CORESTACK_Condition cause : null
2024-04-20 22:21:41,155 [INFO] LogOutputStream:76 - [STDOUT_REDIRECT] 1 : Invalid condition id : UX_CORESTACK_Condition cause : null
2024-04-20 22:21:41,155 [INFO] LogOutputStream:76 - [STDOUT_REDIRECT] 1 : Invalid condition id : UX_CORESTACK_Condition cause : null
2024-04-20 22:21:41,155 [WARN] PackLoader:242 - Cannot read IP mode file for STMicroelectronics.X-CUBE-AZRTOS-WL.2.0.0
2024-04-20 22:21:41,193 [WARN] PackLoader:242 - Cannot read IP mode file for STMicroelectronics.FP-SNS-MOTENV1.5.0.0
2024-04-20 22:21:41,207 [WARN] PackLoader:242 - Cannot read IP mode file for WES.I-CUBE-Cesium.1.3.0
2024-04-20 22:21:41,225 [WARN] PackLoader:242 - Cannot read IP mode file for STMicroelectronics.X-CUBE-BLE2.3.3.0
2024-04-20 22:21:41,239 [WARN] PackLoader:242 - Cannot read IP mode file for STMicroelectronics.X-CUBE-DISPLAY.2.2.0
2024-04-20 22:21:41,255 [WARN] PackLoader:242 - Cannot read IP mode file for STMicroelectronics.X-CUBE-TOF1.3.2.0
2024-04-20 22:21:41,275 [WARN] PackLoader:242 - Cannot read IP mode file for STMicroelectronics.X-CUBE-ISPU.1.0.0
2024-04-20 22:21:41,310 [WARN] PackLoader:242 - Cannot read IP mode file for STMicroelectronics.X-CUBE-AZRTOS-H7.2.1.0
2024-04-20 22:21:41,325 [WARN] PackLoader:242 - Cannot read IP mode file for STMicroelectronics.X-CUBE-TCPP.4.1.0
2024-04-20 22:21:41,340 [WARN] PackLoader:242 - Cannot read IP mode file for STMicroelectronics.X-CUBE-TOUCHGFX.4.21.1
2024-04-20 22:21:41,355 [WARN] PackLoader:242 - Cannot read IP mode file for STMicroelectronics.X-CUBE-TOUCHGFX.4.21.3
2024-04-20 22:21:41,370 [WARN] PackLoader:242 - Cannot read IP mode file for STMicroelectronics.X-CUBE-TOUCHGFX.4.21.4
2024-04-20 22:21:41,420 [WARN] PackLoader:242 - Cannot read IP mode file for STMicroelectronics.X-CUBE-MEMS1.9.4.0
2024-04-20 22:21:41,509 [WARN] PackLoader:242 - Cannot read IP mode file for STMicroelectronics.X-CUBE-AI.7.3.0
2024-04-20 22:21:41,525 [WARN] PackLoader:242 - Cannot read IP mode file for STMicroelectronics.X-CUBE-ALGOBUILD.1.3.0
2024-04-20 22:21:41,555 [WARN] PackLoader:242 - Cannot read IP mode file for STMicroelectronics.X-CUBE-AZRTOS-G0.1.1.0
2024-04-20 22:21:41,571 [WARN] PackLoader:242 - Cannot read IP mode file for STMicroelectronics.X-CUBE-SAFEA1.1.2.2
2024-04-20 22:21:41,610 [WARN] PackLoader:242 - Cannot read IP mode file for STMicroelectronics.X-CUBE-NFC4.3.0.0
2024-04-20 22:21:41,680 [WARN] PackLoader:242 - Cannot read IP mode file for SEGGER.I-CUBE-embOS.1.2.0
2024-04-20 22:21:41,835 [WARN] PackLoader:242 - Cannot read IP mode file for STMicroelectronics.X-CUBE-BLEMGR.3.0.0
2024-04-20 22:21:41,875 [WARN] PackLoader:242 - Cannot read IP mode file for STMicroelectronics.X-CUBE-BLEMGR.1.3.0
2024-04-20 22:21:41,887 [WARN] PackLoader:242 - Cannot read IP mode file for STMicroelectronics.FP-ATR-SIGFOX1.3.2.0
2024-04-20 22:21:41,896 [WARN] PackLoader:242 - Cannot read IP mode file for STMicroelectronics.X-CUBE-EEPRMA1.5.1.0
2024-04-20 22:21:41,910 [WARN] PackLoader:242 - Cannot read IP mode file for emotas.I-CUBE-CANOPEN.1.1.2
2024-04-20 22:21:41,920 [WARN] PackLoader:242 - Cannot read IP mode file for STMicroelectronics.X-CUBE-TOUCHGFX.4.20.0
2024-04-20 22:21:41,950 [WARN] PackLoader:242 - Cannot read IP mode file for STMicroelectronics.X-CUBE-MEMS1.9.5.0
2024-04-20 22:21:42,135 [WARN] PackLoader:242 - Cannot read IP mode file for SEGGER.I-CUBE-embOS.1.3.1
2024-04-20 22:21:42,185 [WARN] PackLoader:242 - Cannot read IP mode file for STMicroelectronics.X-CUBE-GNSS1.6.0.0
2024-04-20 22:21:42,244 [WARN] PackLoader:242 - Cannot read IP mode file for STMicroelectronics.X-CUBE-AZRTOS-F4.1.1.0
2024-04-20 22:21:42,276 [WARN] PackLoader:242 - Cannot read IP mode file for STMicroelectronics.X-CUBE-BLEMGR.1.2.0
2024-04-20 22:21:42,308 [WARN] PackLoader:242 - Cannot read IP mode file for STMicroelectronics.X-CUBE-AZRTOS-L5.2.0.0
2024-04-20 22:21:42,410 [WARN] PackLoader:242 - Cannot read IP mode file for STMicroelectronics.X-CUBE-MEMS1.9.6.0
2024-04-20 22:21:42,525 [WARN] PackLoader:242 - Cannot read IP mode file for STMicroelectronics.X-CUBE-EEPRMA1.4.2.0
2024-04-20 22:21:42,536 [WARN] PackLoader:242 - Cannot read IP mode file for STMicroelectronics.X-CUBE-NFC6.3.1.0
2024-04-20 22:21:42,545 [WARN] PackLoader:242 - Cannot read IP mode file for ITTIA_DB.I-CUBE-ITTIADB.8.8.0
2024-04-20 22:21:42,555 [WARN] PackLoader:242 - Cannot read IP mode file for STMicroelectronics.X-CUBE-BLEMGR.2.0.0
2024-04-20 22:21:42,565 [WARN] PackLoader:242 - Cannot read IP mode file for STMicroelectronics.X-CUBE-NFC4.2.0.4
2024-04-20 22:21:42,575 [WARN] PackLoader:242 - Cannot read IP mode file for STMicroelectronics.X-CUBE-AI.9.0.0
2024-04-20 22:21:42,595 [WARN] ConditionMgr:437 - getConditionDescription Invalid condition id : UX DEVICE CLASS RTOS Condition cause : null
2024-04-20 22:21:42,595 [WARN] ConditionMgr:437 - getConditionDescription Invalid condition id : UX DEVICE CLASS RTOS Condition cause : null
2024-04-20 22:21:42,595 [WARN] PackLoader:242 - Cannot read IP mode file for STMicroelectronics.X-CUBE-AZRTOS-H7.3.1.0
2024-04-20 22:21:42,595 [WARN] ConditionMgr:1038 - genDependencies : Invalid condition id : UX DEVICE CLASS RTOS Condition cause : null
2024-04-20 22:21:42,595 [WARN] ConditionMgr:1038 - genDependencies : Invalid condition id : UX DEVICE CLASS RTOS Condition cause : null
2024-04-20 22:21:42,595 [WARN] ConditionMgr:1038 - genDependencies : Invalid condition id : UX DEVICE CLASS RTOS Condition cause : null
2024-04-20 22:21:42,595 [WARN] ConditionMgr:1038 - genDependencies : Invalid condition id : UX DEVICE CLASS RTOS Condition cause : null
2024-04-20 22:21:42,595 [WARN] ConditionMgr:1038 - genDependencies : Invalid condition id : UX DEVICE CLASS RTOS Condition cause : null
2024-04-20 22:21:42,605 [WARN] PackLoader:242 - Cannot read IP mode file for wolfSSL.I-CUBE-wolfSSL.5.5.0
2024-04-20 22:21:42,610 [WARN] PackLoader:242 - Cannot read IP mode file for STMicroelectronics.X-CUBE-NFC7.1.0.1
2024-04-20 22:21:42,615 [WARN] PackLoader:242 - Cannot read IP mode file for STMicroelectronics.X-CUBE-NFC7.1.0.0
2024-04-20 22:21:42,625 [WARN] PackLoader:242 - Cannot read IP mode file for STMicroelectronics.X-CUBE-NFC6.3.0.0
2024-04-20 22:21:42,630 [WARN] PackLoader:242 - Cannot read IP mode file for STMicroelectronics.X-CUBE-EEPRMA1.4.1.0
2024-04-20 22:21:42,635 [WARN] PackLoader:242 - Cannot read IP mode file for STMicroelectronics.X-CUBE-AI.8.1.0
2024-04-20 22:21:42,650 [WARN] ConditionMgr:437 - getConditionDescription Invalid condition id : LAN8742 Phy interface Condition cause : null
2024-04-20 22:21:42,650 [WARN] PackLoader:242 - Cannot read IP mode file for STMicroelectronics.X-CUBE-AZRTOS-L4.2.0.0
2024-04-20 22:21:42,650 [WARN] ConditionMgr:1038 - genDependencies : Invalid condition id : LAN8742 Phy interface Condition cause : null
2024-04-20 22:21:42,650 [WARN] ConditionMgr:1038 - genDependencies : Invalid condition id : LAN8742 Phy interface Condition cause : null
2024-04-20 22:21:42,657 [WARN] ConditionMgr:1038 - genDependencies : Invalid condition id : LAN8742 Phy interface Condition cause : null
2024-04-20 22:21:42,689 [WARN] PackLoader:242 - Cannot read IP mode file for STMicroelectronics.X-CUBE-SFXS2LP1.4.0.0
2024-04-20 22:21:42,775 [WARN] PackLoader:242 - Cannot read IP mode file for STMicroelectronics.X-CUBE-AZRTOS-H7.3.0.0
2024-04-20 22:21:42,807 [WARN] PackLoader:242 - Cannot read IP mode file for STMicroelectronics.X-CUBE-ISPU.1.1.0
2024-04-20 22:21:42,849 [WARN] PackLoader:242 - Cannot read IP mode file for RoweBots.I-CUBE-UNISONRTOS.5.5.0-4
2024-04-20 22:21:42,865 [WARN] PackLoader:242 - Cannot read IP mode file for STMicroelectronics.X-CUBE-AI.8.0.0
2024-04-20 22:21:42,929 [WARN] ConditionMgr:437 - getConditionDescription Invalid condition id : UX DEVICE CLASS RTOS Condition cause : null
2024-04-20 22:21:42,929 [WARN] ConditionMgr:437 - getConditionDescription Invalid condition id : UX DEVICE CLASS RTOS Condition cause : null
2024-04-20 22:21:42,935 [WARN] PackLoader:242 - Cannot read IP mode file for STMicroelectronics.X-CUBE-AZRTOS-WB.2.0.0
2024-04-20 22:21:42,935 [WARN] ConditionMgr:1038 - genDependencies : Invalid condition id : UX DEVICE CLASS RTOS Condition cause : null
2024-04-20 22:21:42,935 [WARN] ConditionMgr:1038 - genDependencies : Invalid condition id : UX DEVICE CLASS RTOS Condition cause : null
2024-04-20 22:21:42,935 [WARN] ConditionMgr:1038 - genDependencies : Invalid condition id : UX DEVICE CLASS RTOS Condition cause : null
2024-04-20 22:21:42,940 [WARN] ConditionMgr:1038 - genDependencies : Invalid condition id : UX DEVICE CLASS RTOS Condition cause : null
2024-04-20 22:21:42,940 [WARN] ConditionMgr:1038 - genDependencies : Invalid condition id : UX DEVICE CLASS RTOS Condition cause : null
2024-04-20 22:21:42,972 [WARN] PackLoader:242 - Cannot read IP mode file for STMicroelectronics.X-CUBE-FREERTOS.1.0.0
2024-04-20 22:21:42,981 [WARN] PackLoader:242 - Cannot read IP mode file for STMicroelectronics.X-CUBE-FREERTOS.1.0.1
2024-04-20 22:21:43,025 [WARN] PackLoader:242 - Cannot read IP mode file for STMicroelectronics.X-CUBE-BLEMGR.1.0.0
2024-04-20 22:21:43,050 [WARN] PackLoader:242 - Cannot read IP mode file for STMicroelectronics.X-CUBE-AZRTOS-L5.1.1.0
2024-04-20 22:21:43,057 [WARN] PackLoader:242 - Cannot read IP mode file for STMicroelectronics.X-CUBE-AI.8.0.1
2024-04-20 22:21:43,073 [WARN] PackLoader:242 - Cannot read IP mode file for STMicroelectronics.X-CUBE-SUBG2.5.0.0
2024-04-20 22:21:43,085 [WARN] PackLoader:242 - Cannot read IP mode file for STMicroelectronics.X-CUBE-TOF1.3.3.1
2024-04-20 22:21:43,105 [WARN] PackLoader:242 - Cannot read IP mode file for STMicroelectronics.X-CUBE-AZRTOS-G4.2.0.0
2024-04-20 22:21:43,115 [WARN] PackLoader:242 - Cannot read IP mode file for STMicroelectronics.X-CUBE-TOF1.3.3.0
2024-04-20 22:21:43,121 [WARN] PackLoader:242 - Cannot read IP mode file for STMicroelectronics.FP-ATR-ASTRA1.1.1.1
2024-04-20 22:21:43,130 [WARN] PackLoader:242 - Cannot read IP mode file for Infineon.AIROC-Wi-Fi-Bluetooth-STM32.1.5.1
2024-04-20 22:21:43,137 [WARN] PackLoader:242 - Cannot read IP mode file for STMicroelectronics.FP-SNS-MOTENVWB1.1.3.1
2024-04-20 22:21:43,150 [WARN] PackLoader:242 - Cannot read IP mode file for STMicroelectronics.X-CUBE-AZRTOS-G4.1.0.0
2024-04-20 22:21:43,169 [WARN] PackLoader:242 - Cannot read IP mode file for STMicroelectronics.X-CUBE-AZRTOS-L4.1.0.0
2024-04-20 22:21:43,175 [WARN] PackLoader:242 - Cannot read IP mode file for STMicroelectronics.X-CUBE-ISPU.2.0.0
2024-04-20 22:21:43,210 [WARN] PackLoader:242 - Cannot read IP mode file for STMicroelectronics.X-CUBE-MEMS1.10.0.0
2024-04-20 22:21:43,395 [WARN] PackLoader:242 - Cannot read IP mode file for STMicroelectronics.X-CUBE-FREERTOS.1.1.0
2024-04-20 22:21:43,425 [WARN] PackLoader:242 - Cannot read IP mode file for STMicroelectronics.X-CUBE-AZRTOS-WL.1.0.0
2024-04-20 22:21:43,444 [WARN] PackLoader:242 - Cannot read IP mode file for portGmbH.I-Cube-SoM-uGOAL.1.1.0
2024-04-20 22:21:43,450 [WARN] PackLoader:242 - Cannot read IP mode file for STMicroelectronics.X-CUBE-ALS.1.0.1
2024-04-20 22:21:43,475 [WARN] PackLoader:242 - Cannot read IP mode file for STMicroelectronics.X-CUBE-AZRTOS-WB.1.1.0
2024-04-20 22:21:43,495 [WARN] PackLoader:242 - Cannot read IP mode file for STMicroelectronics.X-CUBE-AZRTOS-L5.1.0.0
2024-04-20 22:21:43,515 [WARN] PackLoader:242 - Cannot read IP mode file for STMicroelectronics.X-CUBE-EEPRMA1.3.1.1
2024-04-20 22:21:43,550 [WARN] PackLoader:242 - Cannot read IP mode file for STMicroelectronics.X-CUBE-AZRTOS-H7RS.1.0.0
2024-04-20 22:21:43,555 [WARN] PackLoader:242 - Cannot read IP mode file for STMicroelectronics.FP-ATR-ASTRA1.2.0.0
2024-04-20 22:21:43,570 [WARN] PackLoader:242 - Cannot read IP mode file for STMicroelectronics.X-CUBE-TOF1.3.4.0
2024-04-20 22:21:43,585 [WARN] PackLoader:242 - Cannot read IP mode file for STMicroelectronics.X-CUBE-TOF1.3.4.1
2024-04-20 22:21:43,605 [WARN] PackLoader:242 - Cannot read IP mode file for STMicroelectronics.X-CUBE-AZRTOS-H7.3.2.0
2024-04-20 22:21:43,610 [INFO] ThirdParty:929 - Integrity check success = true
2024-04-20 22:21:43,610 [INFO] IntegrityCheckThread:98 - exiting critical section [integrity check]
2024-04-20 22:21:43,610 [INFO] IntegrityCheckThread:101 - End integrity checks thread
2024-04-20 22:21:43,610 [INFO] ThirdParty:829 - entering critical section [close project]
2024-04-20 22:21:43,614 [INFO] ThirdParty:839 - exiting critical section [close project]
2024-04-20 22:21:43,616 [INFO] PinOutPanel:1468 - setPackage(No Configuration,No Configuration)
2024-04-20 22:21:43,619 [INFO] UtilMem:74 - Begin LoadConfig() Used Memory: 576244888 Bytes (621805568)
2024-04-20 22:21:43,619 [INFO] MicroXplorer:451 - Change Database Path : 
2024-04-20 22:21:43,619 [INFO] MicroXplorer:481 - Change Database Version : DB.6.0.60
2024-04-20 22:21:43,619 [INFO] OpenFileManager:307 - Change cursor
2024-04-20 22:21:43,647 [INFO] Mcu:1922 - Initializing MCU STM32F103C(8-B)Tx STM32F103CBTx STM32F103CBT6
2024-04-20 22:21:44,555 [INFO] Context:654 - Trying to add GPIOservice into a context  which must be forbidden
2024-04-20 22:21:44,805 [WARN] ApiManager:308 - Cannot register API 'Board Extension:GNSS1A1' from pack STMicroelectronics.X-CUBE-GNSS1.6.0.0: no header file found
2024-04-20 22:21:44,810 [WARN] ApiManager:308 - Cannot register API 'Board Support:Custom' from pack STMicroelectronics.X-CUBE-GNSS1.6.0.0: no header file found
2024-04-20 22:21:44,810 [WARN] ApiManager:308 - Cannot register API 'Data Exchange:lib_gnss' from pack STMicroelectronics.X-CUBE-GNSS1.6.0.0: no header file found
2024-04-20 22:21:45,005 [WARN] ApiManager:308 - Cannot register API 'Board Extension:IKS01A3' from pack STMicroelectronics.X-CUBE-MEMS1.9.6.0: no header file found
2024-04-20 22:21:45,005 [WARN] ApiManager:308 - Cannot register API 'Board Extension:IKS01A2' from pack STMicroelectronics.X-CUBE-MEMS1.9.6.0: no header file found
2024-04-20 22:21:45,005 [WARN] ApiManager:308 - Cannot register API 'Board Extension:IKS02A1' from pack STMicroelectronics.X-CUBE-MEMS1.9.6.0: no header file found
2024-04-20 22:21:45,026 [WARN] ApiManager:308 - Cannot register API 'Board Extension:EEPRMA2' from pack STMicroelectronics.X-CUBE-EEPRMA1.4.2.0: no header file found
2024-04-20 22:21:45,027 [WARN] ApiManager:308 - Cannot register API 'Board Extension:PGEEZ1' from pack STMicroelectronics.X-CUBE-EEPRMA1.4.2.0: no header file found
2024-04-20 22:21:45,027 [WARN] ApiManager:308 - Cannot register API 'Board Part:M24' from pack STMicroelectronics.X-CUBE-EEPRMA1.4.2.0: no header file found
2024-04-20 22:21:45,029 [WARN] ApiManager:308 - Cannot register API 'Board Part:M95' from pack STMicroelectronics.X-CUBE-EEPRMA1.4.2.0: no header file found
2024-04-20 22:21:45,029 [WARN] ApiManager:308 - Cannot register API 'Board Part:M95P32' from pack STMicroelectronics.X-CUBE-EEPRMA1.4.2.0: no header file found
2024-04-20 22:21:45,029 [WARN] ApiManager:308 - Cannot register API 'PGEEZ1:SPI' from pack STMicroelectronics.X-CUBE-EEPRMA1.4.2.0: no header file found
2024-04-20 22:21:45,029 [WARN] ApiManager:308 - Cannot register API 'PGEEZ1:QDSPI' from pack STMicroelectronics.X-CUBE-EEPRMA1.4.2.0: no header file found
2024-04-20 22:21:45,029 [WARN] ApiManager:308 - Cannot register API 'Board Extension:NFC06A1' from pack STMicroelectronics.X-CUBE-NFC6.3.1.0: no header file found
2024-04-20 22:21:45,029 [WARN] ApiManager:308 - Cannot register API 'Board Extension:NFC08A1' from pack STMicroelectronics.X-CUBE-NFC6.3.1.0: no header file found
2024-04-20 22:21:45,035 [WARN] ApiManager:308 - Cannot register API 'Wireless:BlueNRG-MS' from pack STMicroelectronics.X-CUBE-BLE1.6.2.3: no header file found
2024-04-20 22:21:45,035 [WARN] ApiManager:308 - Cannot register API 'Wireless:BlueNRG-MS' from pack STMicroelectronics.X-CUBE-BLE1.6.2.4: no header file found
2024-04-20 22:21:45,035 [INFO] RtosManager:488 - Registered RTOS mode: class=CMSIS, group=RTOS, mode=CMSIS_V1, owner=FREERTOS
2024-04-20 22:21:45,040 [INFO] RtosManager:488 - Registered RTOS mode: class=CMSIS, group=RTOS2, mode=CMSIS_V2, owner=FREERTOS
2024-04-20 22:21:45,040 [INFO] RtosManager:488 - Registered RTOS mode: class=RTOS, group=Core, mode=CMSIS_V1, owner=FREERTOS
2024-04-20 22:21:45,040 [INFO] RtosManager:488 - Registered RTOS mode: class=RTOS, group=Core, mode=CMSIS_V2, owner=FREERTOS
2024-04-20 22:21:45,040 [WARN] ModelIntegratedComponent:185 - Missing modes for component STMicroelectronics:FreeRTOS:0.0.1:STMicroelectronics:RTOS:FreeRTOS:Core:::10.2.0:
2024-04-20 22:21:45,040 [WARN] ApiManager:308 - Cannot register API 'Board Extension:NFC04A1' from pack STMicroelectronics.X-CUBE-NFC4.2.0.4: no header file found
2024-04-20 22:21:45,045 [WARN] ApiManager:308 - Cannot register API 'Wireless:BlueNRG-MS' from pack STMicroelectronics.X-CUBE-BLE1.7.0.0: no header file found
2024-04-20 22:21:45,045 [WARN] ModelIntegratedComponent:64 - No mode defined for component null
2024-04-20 22:21:45,045 [WARN] ModelIntegratedComponent:64 - No mode defined for component null
2024-04-20 22:21:45,045 [WARN] ModelIntegratedComponent:64 - No mode defined for component null
2024-04-20 22:21:45,045 [WARN] ModelIntegratedComponent:64 - No mode defined for component null
2024-04-20 22:21:45,045 [WARN] ModelIntegratedComponent:64 - No mode defined for component null
2024-04-20 22:21:45,045 [WARN] ModelIntegratedComponent:64 - No mode defined for component null
2024-04-20 22:21:45,045 [WARN] ModelIntegratedComponent:64 - No mode defined for component null
2024-04-20 22:21:45,045 [WARN] ModelIntegratedComponent:64 - No mode defined for component null
2024-04-20 22:21:45,045 [WARN] ModelIntegratedComponent:64 - No mode defined for component null
2024-04-20 22:21:45,045 [WARN] ModelIntegratedComponent:64 - No mode defined for component null
2024-04-20 22:21:45,045 [WARN] ModelIntegratedComponent:64 - No mode defined for component null
2024-04-20 22:21:45,045 [WARN] ModelIntegratedComponent:64 - No mode defined for component null
2024-04-20 22:21:45,045 [WARN] ModelIntegratedComponent:64 - No mode defined for component null
2024-04-20 22:21:45,045 [WARN] ModelIntegratedComponent:64 - No mode defined for component null
2024-04-20 22:21:45,045 [WARN] ModelIntegratedComponent:64 - No mode defined for component null
2024-04-20 22:21:45,045 [WARN] ModelIntegratedComponent:64 - No mode defined for component null
2024-04-20 22:21:45,045 [WARN] ModelIntegratedComponent:64 - No mode defined for component null
2024-04-20 22:21:45,045 [WARN] ModelIntegratedComponent:64 - No mode defined for component null
2024-04-20 22:21:45,045 [WARN] ModelIntegratedComponent:64 - No mode defined for component null
2024-04-20 22:21:45,045 [WARN] ModelIntegratedComponent:64 - No mode defined for component null
2024-04-20 22:21:45,045 [WARN] ModelIntegratedComponent:64 - No mode defined for component null
2024-04-20 22:21:45,045 [WARN] ModelIntegratedComponent:64 - No mode defined for component null
2024-04-20 22:21:45,045 [WARN] ModelIntegratedComponent:64 - No mode defined for component null
2024-04-20 22:21:45,045 [WARN] ModelIntegratedComponent:64 - No mode defined for component null
2024-04-20 22:21:45,045 [WARN] ModelIntegratedComponent:64 - No mode defined for component null
2024-04-20 22:21:45,045 [WARN] ModelIntegratedComponent:64 - No mode defined for component null
2024-04-20 22:21:45,050 [WARN] ModelIntegratedComponent:64 - No mode defined for component null
2024-04-20 22:21:45,050 [WARN] ModelIntegratedComponent:64 - No mode defined for component null
2024-04-20 22:21:45,050 [WARN] ModelIntegratedComponent:64 - No mode defined for component null
2024-04-20 22:21:45,050 [WARN] ModelIntegratedComponent:64 - No mode defined for component null
2024-04-20 22:21:45,050 [WARN] ModelIntegratedComponent:64 - No mode defined for component null
2024-04-20 22:21:45,050 [WARN] ModelIntegratedComponent:64 - No mode defined for component null
2024-04-20 22:21:45,050 [WARN] ModelIntegratedComponent:64 - No mode defined for component null
2024-04-20 22:21:45,050 [WARN] ApiManager:308 - Cannot register API 'Board Extension:NFC07A1' from pack STMicroelectronics.X-CUBE-NFC7.1.0.1: no header file found
2024-04-20 22:21:45,050 [WARN] ApiManager:308 - Cannot register API 'Board Extension:NFC07A1' from pack STMicroelectronics.X-CUBE-NFC7.1.0.0: no header file found
2024-04-20 22:21:45,055 [WARN] ApiManager:308 - Cannot register API 'Board Extension:NFC06A1' from pack STMicroelectronics.X-CUBE-NFC6.3.0.0: no header file found
2024-04-20 22:21:45,055 [WARN] ApiManager:308 - Cannot register API 'Board Extension:NFC08A1' from pack STMicroelectronics.X-CUBE-NFC6.3.0.0: no header file found
2024-04-20 22:21:45,082 [WARN] ApiManager:308 - Cannot register API 'Board Extension:IKS01A3' from pack STMicroelectronics.X-CUBE-MEMS1.9.3.0: no header file found
2024-04-20 22:21:45,082 [WARN] ApiManager:308 - Cannot register API 'Board Extension:IKS01A2' from pack STMicroelectronics.X-CUBE-MEMS1.9.3.0: no header file found
2024-04-20 22:21:45,082 [WARN] ApiManager:308 - Cannot register API 'Board Extension:IKS02A1' from pack STMicroelectronics.X-CUBE-MEMS1.9.3.0: no header file found
2024-04-20 22:21:45,085 [WARN] ApiManager:308 - Cannot register API 'Board Extension:EEPRMA1' from pack STMicroelectronics.X-CUBE-EEPRMA1.4.1.0: no header file found
2024-04-20 22:21:45,085 [WARN] ApiManager:308 - Cannot register API 'Board Extension:EEPRMA2' from pack STMicroelectronics.X-CUBE-EEPRMA1.4.1.0: no header file found
2024-04-20 22:21:45,085 [WARN] ApiManager:308 - Cannot register API 'Board Extension:PGEEZ1' from pack STMicroelectronics.X-CUBE-EEPRMA1.4.1.0: no header file found
2024-04-20 22:21:45,085 [WARN] ApiManager:308 - Cannot register API 'Board Part:M24' from pack STMicroelectronics.X-CUBE-EEPRMA1.4.1.0: no header file found
2024-04-20 22:21:45,085 [WARN] ApiManager:308 - Cannot register API 'Board Part:M95' from pack STMicroelectronics.X-CUBE-EEPRMA1.4.1.0: no header file found
2024-04-20 22:21:45,085 [WARN] ApiManager:308 - Cannot register API 'Board Part:M95P32' from pack STMicroelectronics.X-CUBE-EEPRMA1.4.1.0: no header file found
2024-04-20 22:21:45,085 [WARN] ApiManager:308 - Cannot register API 'PGEEZ1:SPI' from pack STMicroelectronics.X-CUBE-EEPRMA1.4.1.0: no header file found
2024-04-20 22:21:45,085 [WARN] ApiManager:308 - Cannot register API 'PGEEZ1:QDSPI' from pack STMicroelectronics.X-CUBE-EEPRMA1.4.1.0: no header file found
2024-04-20 22:21:45,087 [WARN] ApiManager:308 - Cannot register API 'Board Extension:S2868A1' from pack STMicroelectronics.X-CUBE-SFXS2LP1.4.0.0: no header file found
2024-04-20 22:21:45,087 [WARN] ApiManager:308 - Cannot register API 'Board Extension:S2868A2' from pack STMicroelectronics.X-CUBE-SFXS2LP1.4.0.0: no header file found
2024-04-20 22:21:45,087 [WARN] ApiManager:308 - Cannot register API 'Board Extension:S2915A1' from pack STMicroelectronics.X-CUBE-SFXS2LP1.4.0.0: no header file found
2024-04-20 22:21:45,088 [WARN] ApiManager:308 - Cannot register API 'Wireless:BlueNRG-2' from pack STMicroelectronics.X-CUBE-BLE2.3.3.0: no header file found
2024-04-20 22:21:45,125 [WARN] ApiManager:308 - Cannot register API 'Board Extension:IKS01A3' from pack STMicroelectronics.X-CUBE-MEMS1.9.4.0: no header file found
2024-04-20 22:21:45,125 [WARN] ApiManager:308 - Cannot register API 'Board Extension:IKS01A2' from pack STMicroelectronics.X-CUBE-MEMS1.9.4.0: no header file found
2024-04-20 22:21:45,125 [WARN] ApiManager:308 - Cannot register API 'Board Extension:IKS02A1' from pack STMicroelectronics.X-CUBE-MEMS1.9.4.0: no header file found
2024-04-20 22:21:45,133 [WARN] ApiManager:308 - Cannot register API 'Board Extension:STSAFEA1' from pack STMicroelectronics.X-CUBE-SAFEA1.1.2.2: no header file found
2024-04-20 22:21:45,133 [WARN] ApiManager:308 - Cannot register API 'Board Part:STSAFEA110' from pack STMicroelectronics.X-CUBE-SAFEA1.1.2.2: no header file found
2024-04-20 22:21:45,133 [WARN] ApiManager:308 - Cannot register API 'Security:ST_Cryptolib' from pack STMicroelectronics.X-CUBE-SAFEA1.1.2.2: no header file found
2024-04-20 22:21:45,133 [WARN] ApiManager:308 - Cannot register API 'Security:MbedTLS' from pack STMicroelectronics.X-CUBE-SAFEA1.1.2.2: no header file found
2024-04-20 22:21:45,133 [WARN] ApiManager:308 - Cannot register API 'Board Extension:NFC04A1' from pack STMicroelectronics.X-CUBE-NFC4.3.0.0: no header file found
2024-04-20 22:21:45,142 [WARN] ApiManager:308 - Cannot register API 'Board Extension:S2868A1' from pack STMicroelectronics.X-CUBE-SUBG2.5.0.0: no header file found
2024-04-20 22:21:45,142 [WARN] ApiManager:308 - Cannot register API 'Board Extension:S2868A2' from pack STMicroelectronics.X-CUBE-SUBG2.5.0.0: no header file found
2024-04-20 22:21:45,142 [WARN] ApiManager:308 - Cannot register API 'Board Extension:S2915A1' from pack STMicroelectronics.X-CUBE-SUBG2.5.0.0: no header file found
2024-04-20 22:21:45,146 [WARN] ApiManager:308 - Cannot register API 'Board Extension:EEPRMA2' from pack STMicroelectronics.X-CUBE-EEPRMA1.5.1.0: no header file found
2024-04-20 22:21:45,146 [WARN] ApiManager:308 - Cannot register API 'Board Extension:PGEEZ1' from pack STMicroelectronics.X-CUBE-EEPRMA1.5.1.0: no header file found
2024-04-20 22:21:45,146 [WARN] ApiManager:308 - Cannot register API 'Board Extension:EEICA1' from pack STMicroelectronics.X-CUBE-EEPRMA1.5.1.0: no header file found
2024-04-20 22:21:45,146 [WARN] ApiManager:308 - Cannot register API 'Board Part:M24' from pack STMicroelectronics.X-CUBE-EEPRMA1.5.1.0: no header file found
2024-04-20 22:21:45,146 [WARN] ApiManager:308 - Cannot register API 'Board Part:M95' from pack STMicroelectronics.X-CUBE-EEPRMA1.5.1.0: no header file found
2024-04-20 22:21:45,146 [WARN] ApiManager:308 - Cannot register API 'Board Part:M95P32' from pack STMicroelectronics.X-CUBE-EEPRMA1.5.1.0: no header file found
2024-04-20 22:21:45,146 [WARN] ApiManager:308 - Cannot register API 'Board Part:M24256E-F' from pack STMicroelectronics.X-CUBE-EEPRMA1.5.1.0: no header file found
2024-04-20 22:21:45,146 [WARN] ApiManager:308 - Cannot register API 'Board Part:M24M01E-F' from pack STMicroelectronics.X-CUBE-EEPRMA1.5.1.0: no header file found
2024-04-20 22:21:45,146 [WARN] ApiManager:308 - Cannot register API 'PGEEZ1:SPI' from pack STMicroelectronics.X-CUBE-EEPRMA1.5.1.0: no header file found
2024-04-20 22:21:45,146 [WARN] ApiManager:308 - Cannot register API 'PGEEZ1:QDSPI' from pack STMicroelectronics.X-CUBE-EEPRMA1.5.1.0: no header file found
2024-04-20 22:21:45,185 [WARN] ApiManager:308 - Cannot register API 'Board Extension:IKS01A3' from pack STMicroelectronics.X-CUBE-MEMS1.10.0.0: no header file found
2024-04-20 22:21:45,185 [WARN] ApiManager:308 - Cannot register API 'Board Extension:IKS02A1' from pack STMicroelectronics.X-CUBE-MEMS1.10.0.0: no header file found
2024-04-20 22:21:45,185 [WARN] ApiManager:308 - Cannot register API 'Board Extension:IKS4A1' from pack STMicroelectronics.X-CUBE-MEMS1.10.0.0: no header file found
2024-04-20 22:21:45,220 [WARN] ApiManager:308 - Cannot register API 'Board Extension:IKS01A3' from pack STMicroelectronics.X-CUBE-MEMS1.9.5.0: no header file found
2024-04-20 22:21:45,220 [WARN] ApiManager:308 - Cannot register API 'Board Extension:IKS01A2' from pack STMicroelectronics.X-CUBE-MEMS1.9.5.0: no header file found
2024-04-20 22:21:45,220 [WARN] ApiManager:308 - Cannot register API 'Board Extension:IKS02A1' from pack STMicroelectronics.X-CUBE-MEMS1.9.5.0: no header file found
2024-04-20 22:21:45,220 [WARN] ApiManager:308 - Cannot register API 'Board Extension:EEPRMA1' from pack STMicroelectronics.X-CUBE-EEPRMA1.3.1.1: no header file found
2024-04-20 22:21:45,220 [WARN] ApiManager:308 - Cannot register API 'Board Extension:EEPRMA2' from pack STMicroelectronics.X-CUBE-EEPRMA1.3.1.1: no header file found
2024-04-20 22:21:45,235 [INFO] ThirdPartyModel:289 - Start build external matchings
2024-04-20 22:21:46,270 [INFO] ThirdPartyModel:302 - End build external matchings
2024-04-20 22:21:46,315 [INFO] ImportTextPane:193 - (OptionalMessage_ERROR) IP (RCC) : Parameter (ADCFreqValue) has invalid value (36000000)
2024-04-20 22:21:46,315 [INFO] ImportTextPane:193 - (OptionalMessage_ERROR) IP (RCC) : Invalid parameter (FamilyName)
2024-04-20 22:21:46,315 [INFO] ImportTextPane:193 - (OptionalMessage_ERROR) IP (RCC) : Parameter (MCOFreq_Value) has invalid value (72000000)
2024-04-20 22:21:46,315 [INFO] ImportTextPane:193 - (OptionalMessage_ERROR) IP (RCC) : Parameter (USBFreq_Value) has invalid value (72000000)
2024-04-20 22:21:46,735 [INFO] UtilMem:74 - End LoadConfig() Used Memory: 621007960 Bytes (633339904)
2024-04-20 22:21:46,880 [INFO] ApiDb:576 - Connected to CubeFinder SQLite database (C:\Users\saksh\.stmcufinder\plugins\mcufinder\mcu\cube-finder-db.db)
2024-04-20 22:21:46,940 [INFO] ApiDb:663 - CubeFinder database Data Model version=2.1
2024-04-20 22:21:46,940 [INFO] ApiDb:664 - CubeFinder database Configuration version=3.0.39
2024-04-20 22:21:46,940 [INFO] ApiDb:665 - CubeFinder database generation date=2024-03-25 (1711369621)
2024-04-20 22:21:46,940 [INFO] ApiDb:666 - CubeFinder database FW Pack versions=[FP-ATR-ASTRA1_V2.0.0, FP-SNS-FLIGHT1_V5.0.1, FP-SNS-FLIGHT1_V5.0.2, FP-SNS-MOTENV1_V4.3.1, FP-SNS-MOTENV1_V4.3.2, FP-SNS-MOTENVWB1_V1.3.1, FP-SNS-SMARTAG2_V1.2.0, STM32Cube_FW_C0_V1.1.0, STM32Cube_FW_F4_V1.28.0, STM32Cube_FW_F7_V1.17.0, STM32Cube_FW_G0_V1.6.2, STM32Cube_FW_G4_V1.5.2, STM32Cube_FW_H5_V0.5.1, STM32Cube_FW_H5_V1.1.1, STM32Cube_FW_H5_V1.2.0, STM32Cube_FW_H5_V1.2.0RC4, STM32Cube_FW_H7RS_V1.0.0, STM32Cube_FW_H7RS_V1.0.0RC4, STM32Cube_FW_H7_V1.11.0, STM32Cube_FW_L0_V1.12.2, STM32Cube_FW_L5_V1.5.1, STM32Cube_FW_U0_V1.0.0, STM32Cube_FW_U0_V1.0.0RC1, STM32Cube_FW_U5_V1.3.0RC4, STM32Cube_FW_U5_V1.5.0, STM32Cube_FW_U5_V1.5.0RC1, STM32Cube_FW_WBA_V1.0.0RC1, STM32Cube_FW_WBA_V1.2.0, STM32Cube_FW_WBA_V1.2.0RC2, STM32Cube_FW_WBA_V1.3.0, STM32Cube_FW_WBA_V1.3.0RC1, STM32Cube_FW_WB_V1.15.0RC1, STM32Cube_FW_WB_V1.16.0, STM32Cube_FW_WB_V1.16.0RC2, STM32Cube_FW_WB_V1.18.0, STM32Cube_FW_WB_V1.19.0, STM32Cube_FW_WL_V1.3.0, X-CUBE-ALGOBUILD_V1.3.0, X-CUBE-ALS_V1.0.1, X-CUBE-AZRTOS-F4_V1.1.0, X-CUBE-AZRTOS-F7_V1.1.0, X-CUBE-AZRTOS-G0_V1.1.0, X-CUBE-AZRTOS-G4_V2.0.0, X-CUBE-AZRTOS-H7_V3.2.0, X-CUBE-AZRTOS-L4_V1.0.0, X-CUBE-AZRTOS-L4_V2.0.0, X-CUBE-AZRTOS-L5_V1.1.0, X-CUBE-AZRTOS-WB_V2.0.0, X-CUBE-AZRTOS-WL_V2.0.0, X-CUBE-BLE1_V7.0.0, X-CUBE-BLE2_V3.3.0, X-CUBE-BLEMGR_V3.1.0, X-CUBE-EEPRMA1_V4.1.0, X-CUBE-EEPRMA1_V5.1.0, X-CUBE-FREERTOS_V1.1.0, X-CUBE-GNSS1_V6.0.0, X-CUBE-MEMS1_V10.0.0, X-CUBE-MEMS1_V9.1.0, X-CUBE-MEMS1_V9.4.0, X-CUBE-MEMS1_V9.6.0, X-CUBE-NFC4_V3.0.0, X-CUBE-NFC7_V1.0.1, X-CUBE-SFXS2LP1_V4.0.0, X-CUBE-SUBG2_V5.0.0, X-CUBE-TOF1_V3.4.0]
2024-04-20 22:21:48,489 [INFO] ApiDb:239 - Found 138 in-development CPN: [B-WB1M-WPAN1, NUCLEO-C031C6, STEVAL-STWINBX1, STM320518-EVAL, STM32C0116-DK, STM32C011D6Y3TR, STM32C011D6Y6TR, STM32C011F4P3, STM32C011F4P6, STM32C011F4U3, STM32C011F4U6TR, STM32C011F6P3, STM32C011F6P6, STM32C011F6U3, STM32C011F6U6TR, STM32C011J4M3, STM32C011J4M6, STM32C011J6M3, STM32C011J6M6, STM32C0316-DK, STM32C031C4T3, STM32C031C4T6, STM32C031C4U3, STM32C031C4U6, STM32C031C6T3, STM32C031C6T6, STM32C031C6U3, STM32C031C6U6, STM32C031F4P3, STM32C031F4P6, STM32C031F6P3, STM32C031F6P6, STM32C031G4U3, STM32C031G4U6, STM32C031G6U3, STM32C031G6U6, STM32C031K4T3, STM32C031K4T6, STM32C031K4U3, STM32C031K4U6, STM32C031K6T3, STM32C031K6T6, STM32C031K6U3, STM32C031K6U6, STM32G071K8TXN, STM32G071K8UXN, STM32G081GBU6N, STM32G081KBT6N, STM32G081KBUXN, STM32G0B1CCT6N, STM32G0B1KCT6, STM32G0B1NEY6TR, STM32G0B1RCT6N, STM32G0C1CCT6, STM32G0C1CCT6N, STM32G0C1CCU6N, STM32G0C1CET6N, STM32G0C1CEU6N, STM32G0C1KCT6, STM32G0C1NEY6TR, STM32G0C1RCI6N, STM32G0C1RCT6N, STM32G0C1REI6N, STM32G0C1RET6N, STM32G0C1VCI6, STM32G0C1VEI6, STM32G471CCT6, STM32G471CCU6, STM32G471CET3, STM32G471CET6, STM32G471CEU3, STM32G471CEU6, STM32G471MCT6, STM32G471MET3, STM32G471MET6, STM32G471MEY6TR, STM32G471QCT6, STM32G471QET3, STM32G471RCT6, STM32G471RET3, STM32G471RET6, STM32G471VCH6, STM32G471VCI6, STM32G471VCT6, STM32G471VEH3, STM32G471VEH6, STM32G471VEI3, STM32G471VEI6, STM32G471VET3, STM32G471VET6, STM32G474CCT6, STM32L476VGY6PTR, STM32L4R5QGI6STR, STM32MP131AAE3, STM32MP131AAF3, STM32MP131AAG3, STM32MP131CAE3, STM32MP131CAF3, STM32MP131CAG3, STM32MP131DAE7, STM32MP131DAF7, STM32MP131DAG7, STM32MP131FAE7, STM32MP131FAF7, STM32MP131FAG7, STM32MP133AAE3, STM32MP133AAF3, STM32MP133AAG3, STM32MP133CAE3, STM32MP133CAF3, STM32MP133CAG3, STM32MP133DAE7, STM32MP133DAF7, STM32MP133DAG7, STM32MP133FAE7, STM32MP133FAF7, STM32MP133FAG7, STM32MP135AAE3, STM32MP135AAF3, STM32MP135AAG3, STM32MP135CAE3, STM32MP135CAF3, STM32MP135CAG3, STM32MP135DAE7, STM32MP135DAF7, STM32MP135DAG7, STM32MP135F-DK, STM32MP135FAE7, STM32MP135FAF7, STM32MP135FAG7, STM32U595ZJT6Q, STM32U599BJY6QTR, STM32U599NIH6Q, STM32U599NJH6Q, STM32U5A5ZJT6Q, STM32U5A9BJY6QTR, STM32U5A9NJH6Q, STM32WB1MMCH6]
2024-04-20 22:21:48,489 [INFO] DbMcus:215 - Found 4040 MCUs, 4040 are supported
2024-04-20 22:21:48,495 [INFO] ApiDb:418 - Load user favorites file C:\Users\saksh/.stm32cubeide/favorites.mcus.txt: 1 item(s)
2024-04-20 22:21:48,495 [INFO] ApiDb:422 - User favorites MCUs=[STM32F103C8T6]
2024-04-20 22:21:48,495 [INFO] DbMcus:221 - Set 1 / 1 favorites MCUs
2024-04-20 22:21:48,588 [WARN] ThirdParty:789 - waiting for thirdparty lock release [change project]
2024-04-20 22:21:48,588 [INFO] ThirdParty:791 - entering critical section [change project]
2024-04-20 22:21:48,588 [INFO] ThirdParty:981 - CMSIS Pack Vendor :STMicroelectronics X-CUBE-GNSS1 6.0.0
2024-04-20 22:21:48,588 [INFO] ThirdParty:981 - CMSIS Pack Vendor :STMicroelectronics USB_HOST 2.0.0
2024-04-20 22:21:48,588 [INFO] ThirdParty:981 - CMSIS Pack Vendor :STMicroelectronics FP-SNS-MOTENVWB1 1.4.0
2024-04-20 22:21:48,588 [INFO] ThirdParty:981 - CMSIS Pack Vendor :STMicroelectronics X-CUBE-AZRTOS-F4 1.1.0
2024-04-20 22:21:48,588 [INFO] ThirdParty:981 - CMSIS Pack Vendor :STMicroelectronics LIBJPEG 8.0.0
2024-04-20 22:21:48,588 [INFO] ThirdParty:981 - CMSIS Pack Vendor :STMicroelectronics X-CUBE-SMBUS 2.1.0
2024-04-20 22:21:48,588 [INFO] ThirdParty:981 - CMSIS Pack Vendor :STMicroelectronics X-CUBE-TOUCHGFX 4.23.1
2024-04-20 22:21:48,588 [INFO] ThirdParty:981 - CMSIS Pack Vendor :STMicroelectronics X-CUBE-TOUCHGFX 4.23.0
2024-04-20 22:21:48,588 [INFO] ThirdParty:981 - CMSIS Pack Vendor :STMicroelectronics X-CUBE-BLEMGR 1.2.0
2024-04-20 22:21:48,588 [INFO] ThirdParty:981 - CMSIS Pack Vendor :STMicroelectronics X-CUBE-TOUCHGFX 4.23.2
2024-04-20 22:21:48,588 [INFO] ThirdParty:981 - CMSIS Pack Vendor :STMicroelectronics X-CUBE-AZRTOS-F7 1.1.0
2024-04-20 22:21:48,588 [INFO] ThirdParty:981 - CMSIS Pack Vendor :STMicroelectronics X-CUBE-AZRTOS-L5 2.0.0
2024-04-20 22:21:48,588 [INFO] ThirdParty:981 - CMSIS Pack Vendor :STMicroelectronics USB_DEVICE 2.0.0
2024-04-20 22:21:48,588 [INFO] ThirdParty:981 - CMSIS Pack Vendor :STMicroelectronics X-CUBE-MEMS1 9.6.0
2024-04-20 22:21:48,588 [INFO] ThirdParty:981 - CMSIS Pack Vendor :STMicroelectronics X-CUBE-EEPRMA1 4.2.0
2024-04-20 22:21:48,588 [INFO] ThirdParty:981 - CMSIS Pack Vendor :STMicroelectronics X-CUBE-NFC6 3.1.0
2024-04-20 22:21:48,588 [INFO] ThirdParty:981 - CMSIS Pack Vendor :ITTIA_DB I-CUBE-ITTIADB 8.8.0
2024-04-20 22:21:48,588 [INFO] ThirdParty:981 - CMSIS Pack Vendor :STMicroelectronics FP-SNS-MOTENV1 4.3.0
2024-04-20 22:21:48,588 [INFO] ThirdParty:981 - CMSIS Pack Vendor :STMicroelectronics FP-SNS-MOTENV1 4.3.2
2024-04-20 22:21:48,588 [INFO] ThirdParty:981 - CMSIS Pack Vendor :STMicroelectronics FP-SNS-FLIGHT1 5.0.0
2024-04-20 22:21:48,588 [INFO] ThirdParty:981 - CMSIS Pack Vendor :STMicroelectronics FP-SNS-MOTENV1 4.3.1
2024-04-20 22:21:48,588 [INFO] ThirdParty:981 - CMSIS Pack Vendor :STMicroelectronics FP-SNS-FLIGHT1 5.0.1
2024-04-20 22:21:48,588 [INFO] ThirdParty:981 - CMSIS Pack Vendor :STMicroelectronics X-CUBE-BLE1 6.2.3
2024-04-20 22:21:48,588 [INFO] ThirdParty:981 - CMSIS Pack Vendor :STMicroelectronics X-CUBE-BLE1 6.2.4
2024-04-20 22:21:48,588 [INFO] ThirdParty:981 - CMSIS Pack Vendor :STMicroelectronics FreeRTOS 0.0.1
2024-04-20 22:21:48,588 [INFO] ThirdParty:981 - CMSIS Pack Vendor :STMicroelectronics X-CUBE-BLEMGR 2.0.0
2024-04-20 22:21:48,588 [INFO] ThirdParty:981 - CMSIS Pack Vendor :STMicroelectronics FP-SNS-FLIGHT1 5.0.2
2024-04-20 22:21:48,588 [INFO] ThirdParty:981 - CMSIS Pack Vendor :STMicroelectronics X-CUBE-NFC4 2.0.4
2024-04-20 22:21:48,588 [INFO] ThirdParty:981 - CMSIS Pack Vendor :STMicroelectronics X-CUBE-AI 9.0.0
2024-04-20 22:21:48,588 [INFO] ThirdParty:981 - CMSIS Pack Vendor :STMicroelectronics X-CUBE-AZRTOS-H7 3.1.0
2024-04-20 22:21:48,588 [INFO] ThirdParty:981 - CMSIS Pack Vendor :STMicroelectronics PDM2PCM 3.3.0
2024-04-20 22:21:48,588 [INFO] ThirdParty:981 - CMSIS Pack Vendor :STMicroelectronics X-CUBE-TOF1 3.1.0
2024-04-20 22:21:48,588 [INFO] ThirdParty:981 - CMSIS Pack Vendor :STMicroelectronics X-CUBE-DISPLAY 3.0.0
2024-04-20 22:21:48,595 [INFO] ThirdParty:981 - CMSIS Pack Vendor :STMicroelectronics X-CUBE-BLE1 7.0.0
2024-04-20 22:21:48,595 [INFO] ThirdParty:981 - CMSIS Pack Vendor :wolfSSL I-CUBE-wolfSSL 5.5.0
2024-04-20 22:21:48,595 [INFO] ThirdParty:981 - CMSIS Pack Vendor :STMicroelectronics HAL Drivers 0.0.0
2024-04-20 22:21:48,595 [INFO] ThirdParty:981 - CMSIS Pack Vendor :STMicroelectronics X-CUBE-TOUCHGFX 4.22.0
2024-04-20 22:21:48,595 [INFO] ThirdParty:981 - CMSIS Pack Vendor :STMicroelectronics X-CUBE-NFC7 1.0.1
2024-04-20 22:21:48,595 [INFO] ThirdParty:981 - CMSIS Pack Vendor :STMicroelectronics MBEDTLS 2.14.1
2024-04-20 22:21:48,595 [INFO] ThirdParty:981 - CMSIS Pack Vendor :STMicroelectronics X-CUBE-NFC7 1.0.0
2024-04-20 22:21:48,595 [INFO] ThirdParty:981 - CMSIS Pack Vendor :STMicroelectronics X-CUBE-NFC6 3.0.0
2024-04-20 22:21:48,595 [INFO] ThirdParty:981 - CMSIS Pack Vendor :STMicroelectronics X-CUBE-MEMS1 9.3.0
2024-04-20 22:21:48,595 [INFO] ThirdParty:981 - CMSIS Pack Vendor :STMicroelectronics X-CUBE-EEPRMA1 4.1.0
2024-04-20 22:21:48,595 [INFO] ThirdParty:981 - CMSIS Pack Vendor :STMicroelectronics X-CUBE-AI 7.2.0
2024-04-20 22:21:48,595 [INFO] ThirdParty:981 - CMSIS Pack Vendor :STMicroelectronics X-CUBE-BLEMGR 3.1.0
2024-04-20 22:21:48,595 [INFO] ThirdParty:981 - CMSIS Pack Vendor :STMicroelectronics FP-SNS-SMARTAG2 1.2.0
2024-04-20 22:21:48,595 [INFO] ThirdParty:981 - CMSIS Pack Vendor :STMicroelectronics X-CUBE-AZRTOS-WL 2.0.0
2024-04-20 22:21:48,595 [INFO] ThirdParty:981 - CMSIS Pack Vendor :STMicroelectronics FP-SNS-MOTENV1 5.0.0
2024-04-20 22:21:48,595 [INFO] ThirdParty:981 - CMSIS Pack Vendor :STMicroelectronics USB_DEVICE 1.0.0
2024-04-20 22:21:48,595 [INFO] ThirdParty:981 - CMSIS Pack Vendor :STMicroelectronics X-CUBE-AI 8.1.0
2024-04-20 22:21:48,595 [INFO] ThirdParty:981 - CMSIS Pack Vendor :STMicroelectronics X-CUBE-AZRTOS-L4 2.0.0
2024-04-20 22:21:48,595 [INFO] ThirdParty:981 - CMSIS Pack Vendor :STMicroelectronics ThreadX 0.0.2
2024-04-20 22:21:48,595 [INFO] ThirdParty:981 - CMSIS Pack Vendor :WES I-CUBE-Cesium 1.3.0
2024-04-20 22:21:48,595 [INFO] ThirdParty:981 - CMSIS Pack Vendor :STMicroelectronics lwIP 2.1.2
2024-04-20 22:21:48,595 [INFO] ThirdParty:981 - CMSIS Pack Vendor :STMicroelectronics X-CUBE-SFXS2LP1 4.0.0
2024-04-20 22:21:48,595 [INFO] ThirdParty:981 - CMSIS Pack Vendor :STMicroelectronics X-CUBE-BLE2 3.3.0
2024-04-20 22:21:48,595 [INFO] ThirdParty:981 - CMSIS Pack Vendor :STMicroelectronics X-CUBE-DISPLAY 2.2.0
2024-04-20 22:21:48,595 [INFO] ThirdParty:981 - CMSIS Pack Vendor :STMicroelectronics X-CUBE-TOF1 3.2.0
2024-04-20 22:21:48,595 [INFO] ThirdParty:981 - CMSIS Pack Vendor :STMicroelectronics PDM2PCM 3.2.0
2024-04-20 22:21:48,595 [INFO] ThirdParty:981 - CMSIS Pack Vendor :STMicroelectronics X-CUBE-AZRTOS-H7 3.0.0
2024-04-20 22:21:48,595 [INFO] ThirdParty:981 - CMSIS Pack Vendor :STMicroelectronics X-CUBE-ISPU 1.0.0
2024-04-20 22:21:48,595 [INFO] ThirdParty:981 - CMSIS Pack Vendor :STMicroelectronics X-CUBE-ISPU 1.1.0
2024-04-20 22:21:48,595 [INFO] ThirdParty:981 - CMSIS Pack Vendor :RoweBots I-CUBE-UNISONRTOS 5.5.0-4
2024-04-20 22:21:48,595 [INFO] ThirdParty:981 - CMSIS Pack Vendor :STMicroelectronics X-CUBE-AZRTOS-H7 2.1.0
2024-04-20 22:21:48,595 [INFO] ThirdParty:981 - CMSIS Pack Vendor :STMicroelectronics USB_DEVICE 3.0.0
2024-04-20 22:21:48,595 [INFO] ThirdParty:981 - CMSIS Pack Vendor :STMicroelectronics X-CUBE-TCPP 4.1.0
2024-04-20 22:21:48,595 [INFO] ThirdParty:981 - CMSIS Pack Vendor :STMicroelectronics X-CUBE-AI 8.0.0
2024-04-20 22:21:48,595 [INFO] ThirdParty:981 - CMSIS Pack Vendor :STMicroelectronics X-CUBE-AZRTOS-WB 2.0.0
2024-04-20 22:21:48,595 [INFO] ThirdParty:981 - CMSIS Pack Vendor :STMicroelectronics X-CUBE-FREERTOS 1.0.0
2024-04-20 22:21:48,595 [INFO] ThirdParty:981 - CMSIS Pack Vendor :STMicroelectronics X-CUBE-FREERTOS 1.0.1
2024-04-20 22:21:48,595 [INFO] ThirdParty:981 - CMSIS Pack Vendor :STMicroelectronics X-CUBE-TOUCHGFX 4.21.1
2024-04-20 22:21:48,595 [INFO] ThirdParty:981 - CMSIS Pack Vendor :STMicroelectronics X-CUBE-TOUCHGFX 4.21.3
2024-04-20 22:21:48,595 [INFO] ThirdParty:981 - CMSIS Pack Vendor :STMicroelectronics X-CUBE-BLEMGR 1.0.0
2024-04-20 22:21:48,595 [INFO] ThirdParty:981 - CMSIS Pack Vendor :STMicroelectronics X-CUBE-TOUCHGFX 4.21.4
2024-04-20 22:21:48,595 [INFO] ThirdParty:981 - CMSIS Pack Vendor :STMicroelectronics X-CUBE-MEMS1 9.4.0
2024-04-20 22:21:48,595 [INFO] ThirdParty:981 - CMSIS Pack Vendor :STMicroelectronics X-CUBE-AI 7.3.0
2024-04-20 22:21:48,595 [INFO] ThirdParty:981 - CMSIS Pack Vendor :STMicroelectronics X-CUBE-ALGOBUILD 1.3.0
2024-04-20 22:21:48,595 [INFO] ThirdParty:981 - CMSIS Pack Vendor :STMicroelectronics X-CUBE-AZRTOS-L5 1.1.0
2024-04-20 22:21:48,595 [INFO] ThirdParty:981 - CMSIS Pack Vendor :STMicroelectronics X-CUBE-AZRTOS-G0 1.1.0
2024-04-20 22:21:48,595 [INFO] ThirdParty:981 - CMSIS Pack Vendor :STMicroelectronics X-CUBE-AI 8.0.1
2024-04-20 22:21:48,595 [INFO] ThirdParty:981 - CMSIS Pack Vendor :STMicroelectronics X-CUBE-SAFEA1 1.2.2
2024-04-20 22:21:48,595 [INFO] ThirdParty:981 - CMSIS Pack Vendor :STMicroelectronics X-CUBE-NFC4 3.0.0
2024-04-20 22:21:48,595 [INFO] ThirdParty:981 - CMSIS Pack Vendor :SEGGER I-CUBE-embOS 1.2.0
2024-04-20 22:21:48,595 [INFO] ThirdParty:981 - CMSIS Pack Vendor :STMicroelectronics X-CUBE-SUBG2 5.0.0
2024-04-20 22:21:48,595 [INFO] ThirdParty:981 - CMSIS Pack Vendor :STMicroelectronics STM32_WPAN 1.0.0
2024-04-20 22:21:48,595 [INFO] ThirdParty:981 - CMSIS Pack Vendor :STMicroelectronics lwIP 2.0.3
2024-04-20 22:21:48,595 [INFO] ThirdParty:981 - CMSIS Pack Vendor :STMicroelectronics USB_HOST 1.0.0
2024-04-20 22:21:48,595 [INFO] ThirdParty:981 - CMSIS Pack Vendor :STMicroelectronics X-CUBE-TOF1 3.3.1
2024-04-20 22:21:48,595 [INFO] ThirdParty:981 - CMSIS Pack Vendor :STMicroelectronics X-CUBE-AZRTOS-G4 2.0.0
2024-04-20 22:21:48,595 [INFO] ThirdParty:981 - CMSIS Pack Vendor :STMicroelectronics PDM2PCM 3.1.0
2024-04-20 22:21:48,595 [INFO] ThirdParty:981 - CMSIS Pack Vendor :STMicroelectronics X-CUBE-TOF1 3.3.0
2024-04-20 22:21:48,595 [INFO] ThirdParty:981 - CMSIS Pack Vendor :STMicroelectronics FP-ATR-ASTRA1 1.1.1
2024-04-20 22:21:48,595 [INFO] ThirdParty:981 - CMSIS Pack Vendor :Infineon AIROC-Wi-Fi-Bluetooth-STM32 1.5.1
2024-04-20 22:21:48,595 [INFO] ThirdParty:981 - CMSIS Pack Vendor :STMicroelectronics X-CUBE-BLEMGR 3.0.0
2024-04-20 22:21:48,595 [INFO] ThirdParty:981 - CMSIS Pack Vendor :STMicroelectronics X-CUBE-BLEMGR 1.3.0
2024-04-20 22:21:48,595 [INFO] ThirdParty:981 - CMSIS Pack Vendor :STMicroelectronics FP-SNS-MOTENVWB1 1.3.1
2024-04-20 22:21:48,595 [INFO] ThirdParty:981 - CMSIS Pack Vendor :STMicroelectronics FP-ATR-SIGFOX1 3.2.0
2024-04-20 22:21:48,595 [INFO] ThirdParty:981 - CMSIS Pack Vendor :STMicroelectronics X-CUBE-AZRTOS-G4 1.0.0
2024-04-20 22:21:48,595 [INFO] ThirdParty:981 - CMSIS Pack Vendor :STMicroelectronics X-CUBE-AZRTOS-L4 1.0.0
2024-04-20 22:21:48,595 [INFO] ThirdParty:981 - CMSIS Pack Vendor :STMicroelectronics X-CUBE-ISPU 2.0.0
2024-04-20 22:21:48,595 [INFO] ThirdParty:981 - CMSIS Pack Vendor :STMicroelectronics X-CUBE-EEPRMA1 5.1.0
2024-04-20 22:21:48,595 [INFO] ThirdParty:981 - CMSIS Pack Vendor :STMicroelectronics MBEDTLS 2.16.2
2024-04-20 22:21:48,595 [INFO] ThirdParty:981 - CMSIS Pack Vendor :emotas I-CUBE-CANOPEN 1.1.2
2024-04-20 22:21:48,595 [INFO] ThirdParty:981 - CMSIS Pack Vendor :STMicroelectronics X-CUBE-TOUCHGFX 4.20.0
2024-04-20 22:21:48,595 [INFO] ThirdParty:981 - CMSIS Pack Vendor :STMicroelectronics X-CUBE-MEMS1 10.0.0
2024-04-20 22:21:48,595 [INFO] ThirdParty:981 - CMSIS Pack Vendor :STMicroelectronics X-CUBE-FREERTOS 1.1.0
2024-04-20 22:21:48,595 [INFO] ThirdParty:981 - CMSIS Pack Vendor :STMicroelectronics X-CUBE-AZRTOS-WL 1.0.0
2024-04-20 22:21:48,595 [INFO] ThirdParty:981 - CMSIS Pack Vendor :portGmbH I-Cube-SoM-uGOAL 1.1.0
2024-04-20 22:21:48,595 [INFO] ThirdParty:981 - CMSIS Pack Vendor :STMicroelectronics X-CUBE-ALS 1.0.1
2024-04-20 22:21:48,595 [INFO] ThirdParty:981 - CMSIS Pack Vendor :STMicroelectronics X-CUBE-MEMS1 9.5.0
2024-04-20 22:21:48,595 [INFO] ThirdParty:981 - CMSIS Pack Vendor :STMicroelectronics ThreadX 1.0.0
2024-04-20 22:21:48,595 [INFO] ThirdParty:981 - CMSIS Pack Vendor :STMicroelectronics X-CUBE-AZRTOS-WB 1.1.0
2024-04-20 22:21:48,595 [INFO] ThirdParty:981 - CMSIS Pack Vendor :SEGGER I-CUBE-embOS 1.3.1
2024-04-20 22:21:48,595 [INFO] ThirdParty:981 - CMSIS Pack Vendor :STMicroelectronics X-CUBE-AZRTOS-L5 1.0.0
2024-04-20 22:21:48,595 [INFO] ThirdParty:981 - CMSIS Pack Vendor :STMicroelectronics X-CUBE-EEPRMA1 3.1.1
2024-04-20 22:21:48,595 [INFO] ThirdParty:981 - CMSIS Pack Vendor :STMicroelectronics X-CUBE-AZRTOS-H7RS 1.0.0
2024-04-20 22:21:48,595 [INFO] ThirdParty:981 - CMSIS Pack Vendor :STMicroelectronics FP-ATR-ASTRA1 2.0.0
2024-04-20 22:21:48,595 [INFO] ThirdParty:981 - CMSIS Pack Vendor :STMicroelectronics X-CUBE-TOF1 3.4.0
2024-04-20 22:21:48,595 [INFO] ThirdParty:981 - CMSIS Pack Vendor :STMicroelectronics X-CUBE-TOF1 3.4.1
2024-04-20 22:21:48,595 [INFO] ThirdParty:981 - CMSIS Pack Vendor :STMicroelectronics X-CUBE-AZRTOS-H7 3.2.0
2024-04-20 22:21:48,595 [INFO] ThirdParty:797 - exiting critical section [change project]
2024-04-20 22:21:48,820 [INFO] PinOutPanel:1468 - setPackage(No Configuration,No Configuration)
2024-04-20 22:21:48,820 [INFO] PinOutPanel:1468 - setPackage(STM32F103CBTx,LQFP48)
2024-04-20 22:21:49,509 [INFO] UtilMem:74 - Before build in PCC Used Memory: 631460832 Bytes (650117120)
2024-04-20 22:21:50,765 [INFO] UtilMem:74 - After build in PCC Used Memory: 616266600 Bytes (663748608)
2024-04-20 22:21:50,835 [INFO] IPUIPlugin:79 - create IPUIPlugin
2024-04-20 22:21:50,835 [INFO] IPUIPlugin:79 - create IPUIPlugin
2024-04-20 22:21:50,835 [INFO] IPUIPlugin:79 - create IPUIPlugin
2024-04-20 22:21:50,840 [INFO] IPUIPlugin:79 - create IPUIPlugin
2024-04-20 22:21:50,840 [INFO] IPUIPlugin:79 - create IPUIPlugin
2024-04-20 22:21:50,840 [INFO] IPUIPlugin:79 - create IPUIPlugin
2024-04-20 22:21:50,840 [INFO] IPUIPlugin:79 - create IPUIPlugin
2024-04-20 22:21:50,840 [INFO] IPUIPlugin:79 - create IPUIPlugin
2024-04-20 22:21:50,840 [INFO] IPUIPlugin:79 - create IPUIPlugin
2024-04-20 22:21:50,845 [INFO] IPUIPlugin:79 - create IPUIPlugin
2024-04-20 22:21:50,845 [INFO] IPUIPlugin:79 - create IPUIPlugin
2024-04-20 22:21:50,847 [INFO] IPUIPlugin:79 - create IPUIPlugin
2024-04-20 22:21:50,848 [INFO] IPUIPlugin:79 - create IPUIPlugin
2024-04-20 22:21:50,848 [INFO] IPUIPlugin:79 - create IPUIPlugin
2024-04-20 22:21:50,848 [INFO] IPUIPlugin:79 - create IPUIPlugin
2024-04-20 22:21:50,848 [INFO] IPUIPlugin:79 - create IPUIPlugin
2024-04-20 22:21:50,848 [INFO] IPUIPlugin:79 - create IPUIPlugin
2024-04-20 22:21:50,848 [INFO] IPUIPlugin:79 - create IPUIPlugin
2024-04-20 22:21:50,848 [INFO] IPUIPlugin:79 - create IPUIPlugin
2024-04-20 22:21:50,848 [INFO] IPUIPlugin:79 - create IPUIPlugin
2024-04-20 22:21:50,848 [INFO] IPUIPlugin:79 - create IPUIPlugin
2024-04-20 22:21:50,848 [INFO] IPUIPlugin:79 - create IPUIPlugin
2024-04-20 22:21:50,848 [INFO] IPUIPlugin:79 - create IPUIPlugin
2024-04-20 22:21:50,848 [INFO] IPUIPlugin:79 - create IPUIPlugin
2024-04-20 22:21:50,848 [INFO] IPUIPlugin:79 - create IPUIPlugin
2024-04-20 22:21:50,848 [INFO] IPUIPlugin:79 - create IPUIPlugin
2024-04-20 22:21:50,848 [INFO] IPUIPlugin:79 - create IPUIPlugin
2024-04-20 22:21:51,160 [INFO] OpenFileManager:327 - Restore cursor
2024-04-21 18:00:37,278 [INFO] Activator:177 - 


2024-04-21 18:00:37,278 [INFO] Activator:178 - !SESSION log4j initialized
2024-04-21 18:00:44,584 [ERROR] ConfigurationRetriever:139 - IOException on connection: Read timed out
2024-04-21 18:00:46,654 [ERROR] ConfigurationRetriever:139 - IOException on connection: Read timed out
2024-04-21 18:00:48,712 [ERROR] ConfigurationRetriever:139 - IOException on connection: Read timed out
2024-04-21 18:01:03,124 [ERROR] LogOutputStream:74 - [STDERR_REDIRECT] SLF4J: Failed to load class "org.slf4j.impl.StaticLoggerBinder".
2024-04-21 18:01:03,124 [ERROR] LogOutputStream:74 - [STDERR_REDIRECT] SLF4J: Defaulting to no-operation (NOP) logger implementation
2024-04-21 18:01:03,124 [ERROR] LogOutputStream:74 - [STDERR_REDIRECT] SLF4J: See http://www.slf4j.org/codes.html#StaticLoggerBinder for further details.
2024-04-27 15:03:19,764 [INFO] Activator:177 - 


2024-04-27 15:03:19,765 [INFO] Activator:178 - !SESSION log4j initialized
2024-04-27 15:03:46,042 [ERROR] LogOutputStream:74 - [STDERR_REDIRECT] SLF4J: Failed to load class "org.slf4j.impl.StaticLoggerBinder".
2024-04-27 15:03:46,042 [ERROR] LogOutputStream:74 - [STDERR_REDIRECT] SLF4J: Defaulting to no-operation (NOP) logger implementation
2024-04-27 15:03:46,043 [ERROR] LogOutputStream:74 - [STDERR_REDIRECT] SLF4J: See http://www.slf4j.org/codes.html#StaticLoggerBinder for further details.
2024-04-27 15:05:54,890 [INFO] McuFinderGlobals:44 - Set McuFinder mode to 2 (CubeIDE integrated)
2024-04-27 15:05:55,018 [INFO] ApplicationProperties:181 - Using Application install path: C:\ST\STM32CubeIDE_1.10.1\STM32CubeIDE\plugins\com.st.stm32cube.common.mx_6.6.1.202207061420
2024-04-27 15:05:55,033 [INFO] DbMcusXml:77 - Set database path to: C:\ST\STM32CubeIDE_1.10.1\STM32CubeIDE\plugins\com.st.stm32cube.common.mx_6.6.1.202207061420\\db\/mcu/
2024-04-27 15:05:55,034 [INFO] ApiDb:269 - Set plugin database path to: C:\ST\STM32CubeIDE_1.10.1\STM32CubeIDE\plugins\com.st.stm32cube.common.mx_6.6.1.202207061420\\db\/plugins/boardmanager/
2024-04-27 15:05:55,035 [WARN] ApiDb:254 - Overriding images path with different value:  => C:\ST\STM32CubeIDE_1.10.1\STM32CubeIDE\plugins\com.st.stm32cube.common.mx_6.6.1.202207061420\\db\/plugins/mcufinder/images/
2024-04-27 15:05:55,050 [INFO] ApiDb:249 - Set database path to: C:\Users\saksh\.stmcufinder\plugins\mcufinder//mcu/
2024-04-27 15:05:55,051 [INFO] DbMcusAds:124 - Set database path to: C:\Users\saksh\.stmcufinder\plugins\mcufinder//mcu/
2024-04-27 15:05:55,101 [INFO] CrossReferenceDbSqlite:201 - Set database path to: C:\Users\saksh\.stmcufinder\plugins\mcufinder//mcu/cs/
2024-04-27 15:05:55,171 [INFO] RulesReader:61 - Compatibility file has been processed (282 Rules)
2024-04-27 15:05:55,232 [INFO] DbMcusXml:77 - Set database path to: C:\ST\STM32CubeIDE_1.10.1\STM32CubeIDE\plugins\com.st.stm32cube.common.mx_6.6.1.202207061420\\db\/mcu/
2024-04-27 15:05:55,232 [INFO] ApiDb:269 - Set plugin database path to: C:\ST\STM32CubeIDE_1.10.1\STM32CubeIDE\plugins\com.st.stm32cube.common.mx_6.6.1.202207061420\\db\/plugins/boardmanager/
2024-04-27 15:05:55,232 [INFO] ApiDb:256 - Set plugin images path to: C:\ST\STM32CubeIDE_1.10.1\STM32CubeIDE\plugins\com.st.stm32cube.common.mx_6.6.1.202207061420\\db\/plugins/mcufinder/images/
2024-04-27 15:05:55,232 [WARN] DbFile:40 - Overriding database path with different value: C:\Users\saksh\.stmcufinder\plugins\mcufinder/ => C:\Users\saksh\.stmcufinder\plugins\mcufinder
2024-04-27 15:05:55,232 [INFO] ApiDb:249 - Set database path to: C:\Users\saksh\.stmcufinder\plugins\mcufinder//mcu/
2024-04-27 15:05:55,232 [WARN] DbFile:40 - Overriding database path with different value: C:\Users\saksh\.stmcufinder\plugins\mcufinder/ => C:\Users\saksh\.stmcufinder\plugins\mcufinder
2024-04-27 15:05:55,232 [INFO] DbMcusAds:124 - Set database path to: C:\Users\saksh\.stmcufinder\plugins\mcufinder//mcu/
2024-04-27 15:05:55,233 [WARN] DbFile:40 - Overriding database path with different value: C:\Users\saksh\.stmcufinder\plugins\mcufinder/ => C:\Users\saksh\.stmcufinder\plugins\mcufinder
2024-04-27 15:05:55,233 [WARN] DbFile:40 - Overriding database path with different value: C:\Users\saksh\.stmcufinder\plugins\mcufinder/ => C:\Users\saksh\.stmcufinder\plugins\mcufinder
2024-04-27 15:05:55,233 [INFO] CrossReferenceDbSqlite:201 - Set database path to: C:\Users\saksh\.stmcufinder\plugins\mcufinder//mcu/cs/
2024-04-27 15:05:55,286 [INFO] MainPanel:242 - HeapMemory: 273678336
2024-04-27 15:05:55,365 [INFO] DbMcusXml:77 - Set database path to: C:\ST\STM32CubeIDE_1.10.1\STM32CubeIDE\plugins\com.st.stm32cube.common.mx_6.6.1.202207061420\\db\/mcu/
2024-04-27 15:05:55,365 [INFO] ApiDb:269 - Set plugin database path to: C:\ST\STM32CubeIDE_1.10.1\STM32CubeIDE\plugins\com.st.stm32cube.common.mx_6.6.1.202207061420\\db\/plugins/boardmanager/
2024-04-27 15:05:55,365 [INFO] ApiDb:256 - Set plugin images path to: C:\ST\STM32CubeIDE_1.10.1\STM32CubeIDE\plugins\com.st.stm32cube.common.mx_6.6.1.202207061420\\db\/plugins/mcufinder/images/
2024-04-27 15:05:55,365 [WARN] DbFile:40 - Overriding database path with different value: C:\Users\saksh\.stmcufinder\plugins\mcufinder/ => C:\Users\saksh\.stmcufinder\plugins\mcufinder
2024-04-27 15:05:55,366 [INFO] ApiDb:249 - Set database path to: C:\Users\saksh\.stmcufinder\plugins\mcufinder//mcu/
2024-04-27 15:05:55,366 [WARN] DbFile:40 - Overriding database path with different value: C:\Users\saksh\.stmcufinder\plugins\mcufinder/ => C:\Users\saksh\.stmcufinder\plugins\mcufinder
2024-04-27 15:05:55,366 [INFO] DbMcusAds:124 - Set database path to: C:\Users\saksh\.stmcufinder\plugins\mcufinder//mcu/
2024-04-27 15:05:55,366 [WARN] DbFile:40 - Overriding database path with different value: C:\Users\saksh\.stmcufinder\plugins\mcufinder/ => C:\Users\saksh\.stmcufinder\plugins\mcufinder
2024-04-27 15:05:55,366 [WARN] DbFile:40 - Overriding database path with different value: C:\Users\saksh\.stmcufinder\plugins\mcufinder/ => C:\Users\saksh\.stmcufinder\plugins\mcufinder
2024-04-27 15:05:55,366 [INFO] CrossReferenceDbSqlite:201 - Set database path to: C:\Users\saksh\.stmcufinder\plugins\mcufinder//mcu/cs/
2024-04-27 15:05:55,377 [INFO] ApplicationProperties:181 - Using Application install path: C:\ST\STM32CubeIDE_1.10.1\STM32CubeIDE\plugins\com.st.stm32cube.common.mx_6.6.1.202207061420
2024-04-27 15:05:55,378 [INFO] PluginManage:193 - Search for loadable plugins [exclusion list=, ]
2024-04-27 15:05:55,380 [INFO] PluginManage:307 - Check plugin analytics
2024-04-27 15:05:55,473 [INFO] AnalyticsPlugin:262 - Accepted Software Licenses: 
2024-04-27 15:05:55,473 [INFO] AnalyticsPlugin:264 - Accepted CMSIS Pack Licenses: 
2024-04-27 15:05:55,474 [INFO] AnalyticsPlugin:266 - Accepted Firmware Licenses: FW.H7.1.10.0,FW.G4.1.5.0
2024-04-27 15:05:55,484 [INFO] PluginManage:356 - Loaded plugin analytics (category:tool,tabindex:-1)
2024-04-27 15:05:55,485 [INFO] PluginManage:307 - Check plugin cadmodel
2024-04-27 15:05:55,494 [INFO] CADModel:65 - Init CAD model plugin
2024-04-27 15:05:55,494 [INFO] PluginManage:356 - Loaded plugin cadmodel (category:power,tabindex:5)
2024-04-27 15:05:55,495 [INFO] PluginManage:307 - Check plugin clock
2024-04-27 15:05:55,510 [INFO] PluginManage:356 - Loaded plugin clock (category:base,tabindex:2)
2024-04-27 15:05:55,510 [INFO] PluginManage:307 - Check plugin ddr
2024-04-27 15:05:55,512 [INFO] PluginManage:356 - Loaded plugin ddr (category:tool,tabindex:6)
2024-04-27 15:05:55,512 [INFO] PluginManage:307 - Check plugin filemanager
2024-04-27 15:05:55,599 [INFO] PluginManage:356 - Loaded plugin filemanager (category:base,tabindex:10)
2024-04-27 15:05:55,600 [INFO] PluginManage:307 - Check plugin ipmanager
2024-04-27 15:05:55,605 [INFO] PluginManage:356 - Loaded plugin ipmanager (category:base,tabindex:5)
2024-04-27 15:05:55,605 [INFO] PluginManage:307 - Check plugin lpbam
2024-04-27 15:05:55,621 [INFO] PluginManage:356 - Loaded plugin lpbam (category:base,tabindex:0)
2024-04-27 15:05:55,622 [INFO] PluginManage:307 - Check plugin pinoutandconfiguration
2024-04-27 15:05:55,637 [INFO] PluginManage:356 - Loaded plugin pinoutandconfiguration (category:base,tabindex:1)
2024-04-27 15:05:55,637 [INFO] PluginManage:307 - Check plugin pinoutconfig
2024-04-27 15:05:55,666 [INFO] PluginManage:356 - Loaded plugin pinoutconfig (category:base,tabindex:0)
2024-04-27 15:05:55,666 [INFO] PluginManage:307 - Check plugin power
2024-04-27 15:05:55,683 [INFO] PluginManage:356 - Loaded plugin power (category:power,tabindex:4)
2024-04-27 15:05:55,683 [INFO] PluginManage:307 - Check plugin projectmanager
2024-04-27 15:05:55,693 [INFO] PluginManage:356 - Loaded plugin projectmanager (category:projectmanager,tabindex:3)
2024-04-27 15:05:55,694 [INFO] PluginManage:307 - Check plugin thirdparty
2024-04-27 15:05:55,870 [WARN] IntegrityCheckThread:82 - waiting for thirdparty lock release [integrity check]
2024-04-27 15:05:55,870 [INFO] PluginManage:356 - Loaded plugin thirdparty (category:base,tabindex:-1)
2024-04-27 15:05:55,870 [INFO] IntegrityCheckThread:84 - entering critical section [integrity check]
2024-04-27 15:05:55,870 [INFO] PluginManage:307 - Check plugin tools
2024-04-27 15:05:55,871 [INFO] ThirdPartyUpdaterWithRetryManager:70 - Updater plugin not ready yet. [1/15]
2024-04-27 15:05:55,890 [INFO] PluginManage:356 - Loaded plugin tools (category:base,tabindex:7)
2024-04-27 15:05:55,890 [INFO] PluginManage:307 - Check plugin tutovideos
2024-04-27 15:05:56,057 [INFO] PluginManage:356 - Loaded plugin tutovideos (category:base,tabindex:-1)
2024-04-27 15:05:56,057 [INFO] PluginManage:307 - Check plugin updater
2024-04-27 15:05:56,067 [INFO] PluginManage:356 - Loaded plugin updater (category:base,tabindex:12)
2024-04-27 15:05:56,068 [INFO] PluginManage:280 - PluginManage : Loaded plugins [15]
2024-04-27 15:05:56,241 [INFO] PinOutPanel:1468 - setPackage(No Configuration,No Configuration)
2024-04-27 15:05:56,286 [INFO] CADModel:98 - CPN selected for project level
2024-04-27 15:05:56,305 [INFO] IPUIPlugin:79 - create IPUIPlugin
2024-04-27 15:05:56,305 [INFO] PluginManager:217 - loadIPPluginJar : add adc
2024-04-27 15:05:56,329 [INFO] IPUIPlugin:79 - create IPUIPlugin
2024-04-27 15:05:56,329 [INFO] PluginManager:217 - loadIPPluginJar : add aes
2024-04-27 15:05:56,356 [INFO] IPUIPlugin:79 - create IPUIPlugin
2024-04-27 15:05:56,356 [INFO] PluginManager:217 - loadIPPluginJar : add can
2024-04-27 15:05:56,372 [INFO] IPUIPlugin:79 - create IPUIPlugin
2024-04-27 15:05:56,372 [INFO] PluginManager:217 - loadIPPluginJar : add comp
2024-04-27 15:05:56,393 [INFO] IPUIPlugin:79 - create IPUIPlugin
2024-04-27 15:05:56,393 [INFO] PluginManager:217 - loadIPPluginJar : add cryp
2024-04-27 15:05:56,411 [INFO] IPUIPlugin:79 - create IPUIPlugin
2024-04-27 15:05:56,411 [INFO] PluginManager:217 - loadIPPluginJar : add dfsdm
2024-04-27 15:05:56,421 [INFO] IPUIPlugin:79 - create IPUIPlugin
2024-04-27 15:05:56,422 [INFO] PluginManager:217 - loadIPPluginJar : add dma
2024-04-27 15:05:56,448 [INFO] IPUIPlugin:79 - create IPUIPlugin
2024-04-27 15:05:56,449 [INFO] PluginManager:217 - loadIPPluginJar : add dma3
2024-04-27 15:05:56,463 [INFO] IPUIPlugin:79 - create IPUIPlugin
2024-04-27 15:05:56,463 [INFO] PluginManager:217 - loadIPPluginJar : add fatfs
2024-04-27 15:05:56,493 [INFO] IPUIPlugin:79 - create IPUIPlugin
2024-04-27 15:05:56,493 [INFO] PluginManager:217 - loadIPPluginJar : add fmc
2024-04-27 15:05:56,504 [INFO] IPUIPlugin:79 - create IPUIPlugin
2024-04-27 15:05:56,504 [INFO] PluginManager:217 - loadIPPluginJar : add freertos
2024-04-27 15:05:56,517 [INFO] IPUIPlugin:79 - create IPUIPlugin
2024-04-27 15:05:56,517 [INFO] PluginManager:217 - loadIPPluginJar : add genericplugin
2024-04-27 15:05:56,575 [INFO] IPUIPlugin:79 - create IPUIPlugin
2024-04-27 15:05:56,575 [INFO] PluginManager:217 - loadIPPluginJar : add gfxmmu
2024-04-27 15:05:56,658 [INFO] IPUIPlugin:79 - create IPUIPlugin
2024-04-27 15:05:56,659 [INFO] PluginManager:217 - loadIPPluginJar : add gic
2024-04-27 15:05:56,671 [INFO] IPUIPlugin:79 - create IPUIPlugin
2024-04-27 15:05:56,671 [INFO] PluginManager:217 - loadIPPluginJar : add gpio
2024-04-27 15:05:56,739 [INFO] IPUIPlugin:79 - create IPUIPlugin
2024-04-27 15:05:56,739 [INFO] PluginManager:217 - loadIPPluginJar : add gtzc
2024-04-27 15:05:56,759 [INFO] IPUIPlugin:79 - create IPUIPlugin
2024-04-27 15:05:56,759 [INFO] PluginManager:217 - loadIPPluginJar : add hash
2024-04-27 15:05:56,791 [INFO] IPUIPlugin:79 - create IPUIPlugin
2024-04-27 15:05:56,792 [INFO] PluginManager:217 - loadIPPluginJar : add i2c
2024-04-27 15:05:56,817 [INFO] IPUIPlugin:79 - create IPUIPlugin
2024-04-27 15:05:56,818 [INFO] PluginManager:217 - loadIPPluginJar : add i2s
2024-04-27 15:05:56,886 [INFO] IPUIPlugin:79 - create IPUIPlugin
2024-04-27 15:05:56,886 [INFO] PluginManager:217 - loadIPPluginJar : add ipddr
2024-04-27 15:05:56,944 [INFO] IPUIPlugin:79 - create IPUIPlugin
2024-04-27 15:05:56,944 [INFO] PluginManager:217 - loadIPPluginJar : add linkedlist
2024-04-27 15:05:56,966 [INFO] IPUIPlugin:79 - create IPUIPlugin
2024-04-27 15:05:56,966 [INFO] PluginManager:217 - loadIPPluginJar : add lorawan
2024-04-27 15:05:56,988 [INFO] IPUIPlugin:79 - create IPUIPlugin
2024-04-27 15:05:56,989 [INFO] PluginManager:217 - loadIPPluginJar : add ltdc
2024-04-27 15:05:57,000 [INFO] IPUIPlugin:79 - create IPUIPlugin
2024-04-27 15:05:57,000 [INFO] PluginManager:217 - loadIPPluginJar : add mdma
2024-04-27 15:05:57,010 [INFO] IPUIPlugin:79 - create IPUIPlugin
2024-04-27 15:05:57,010 [INFO] PluginManager:217 - loadIPPluginJar : add nvic
2024-04-27 15:05:57,034 [INFO] IPUIPlugin:79 - create IPUIPlugin
2024-04-27 15:05:57,034 [INFO] PluginManager:217 - loadIPPluginJar : add opamp
2024-04-27 15:05:57,072 [INFO] IPUIPlugin:79 - create IPUIPlugin
2024-04-27 15:05:57,072 [INFO] PluginManager:217 - loadIPPluginJar : add openamp
2024-04-27 15:05:57,099 [INFO] IPUIPlugin:79 - create IPUIPlugin
2024-04-27 15:05:57,100 [INFO] PluginManager:217 - loadIPPluginJar : add pdm2pcm
2024-04-27 15:05:57,109 [INFO] IPUIPlugin:79 - create IPUIPlugin
2024-04-27 15:05:57,111 [INFO] PluginManager:217 - loadIPPluginJar : add plateformsettings
2024-04-27 15:05:57,126 [INFO] IPUIPlugin:79 - create IPUIPlugin
2024-04-27 15:05:57,126 [INFO] PluginManager:217 - loadIPPluginJar : add quadspi
2024-04-27 15:05:57,135 [INFO] IPUIPlugin:79 - create IPUIPlugin
2024-04-27 15:05:57,135 [INFO] PluginManager:217 - loadIPPluginJar : add resmgrutility
2024-04-27 15:05:57,165 [INFO] IPUIPlugin:79 - create IPUIPlugin
2024-04-27 15:05:57,165 [INFO] PluginManager:217 - loadIPPluginJar : add sai
2024-04-27 15:05:57,188 [INFO] IPUIPlugin:79 - create IPUIPlugin
2024-04-27 15:05:57,188 [INFO] PluginManager:217 - loadIPPluginJar : add spi
2024-04-27 15:05:57,222 [INFO] IPUIPlugin:79 - create IPUIPlugin
2024-04-27 15:05:57,222 [INFO] PluginManager:217 - loadIPPluginJar : add stm32_wpan
2024-04-27 15:05:57,237 [INFO] IPUIPlugin:79 - create IPUIPlugin
2024-04-27 15:05:57,237 [INFO] PluginManager:217 - loadIPPluginJar : add tim
2024-04-27 15:05:57,273 [INFO] IPUIPlugin:79 - create IPUIPlugin
2024-04-27 15:05:57,273 [INFO] PluginManager:217 - loadIPPluginJar : add touchsensing
2024-04-27 15:05:57,287 [INFO] IPUIPlugin:79 - create IPUIPlugin
2024-04-27 15:05:57,287 [INFO] PluginManager:217 - loadIPPluginJar : add tracer_emb
2024-04-27 15:05:57,301 [INFO] IPUIPlugin:79 - create IPUIPlugin
2024-04-27 15:05:57,301 [INFO] PluginManager:217 - loadIPPluginJar : add ts
2024-04-27 15:05:57,315 [INFO] IPUIPlugin:79 - create IPUIPlugin
2024-04-27 15:05:57,315 [INFO] PluginManager:217 - loadIPPluginJar : add tsc
2024-04-27 15:05:57,336 [INFO] IPUIPlugin:79 - create IPUIPlugin
2024-04-27 15:05:57,337 [INFO] PluginManager:217 - loadIPPluginJar : add ucpd
2024-04-27 15:05:57,362 [INFO] IPUIPlugin:79 - create IPUIPlugin
2024-04-27 15:05:57,363 [INFO] PluginManager:217 - loadIPPluginJar : add usart
2024-04-27 15:05:57,390 [INFO] IPUIPlugin:79 - create IPUIPlugin
2024-04-27 15:05:57,390 [INFO] PluginManager:217 - loadIPPluginJar : add usbx
2024-04-27 15:05:57,618 [FATAL] Updater:301 - Updater called before beeing initialized
2024-04-27 15:05:57,706 [FATAL] Updater:301 - Updater called before beeing initialized
2024-04-27 15:05:57,715 [INFO] DbMcusAds:52 - JSON generation date=Wed Nov 29 16:22:27 IST 2023 (1701255147349)
2024-04-27 15:05:57,715 [FATAL] Updater:301 - Updater called before beeing initialized
2024-04-27 15:05:57,739 [WARN] DetailPanel:344 - Failed to get advertising image, set to default
2024-04-27 15:05:57,808 [FATAL] Updater:301 - Updater called before beeing initialized
2024-04-27 15:05:57,810 [FATAL] Updater:301 - Updater called before beeing initialized
2024-04-27 15:05:57,810 [FATAL] Updater:301 - Updater called before beeing initialized
2024-04-27 15:05:57,810 [WARN] DetailPanel:344 - Failed to get advertising image, set to default
2024-04-27 15:05:57,811 [FATAL] Updater:301 - Updater called before beeing initialized
2024-04-27 15:05:57,850 [ERROR] Updater:1105 - MainUpdater not yet initialized. External WinMGr cannot be set.
2024-04-27 15:05:57,856 [INFO] Updater:1041 - Updater Version found : 6.6.1
2024-04-27 15:05:57,871 [INFO] ApplicationProperties:181 - Using Application install path: C:\ST\STM32CubeIDE_1.10.1\STM32CubeIDE\plugins\com.st.stm32cube.common.mx_6.6.1.202207061420
2024-04-27 15:05:58,875 [INFO] ThirdPartyUpdaterWithRetryManager:70 - Updater plugin not ready yet. [2/15]
2024-04-27 15:05:59,456 [INFO] MainUpdater:2768 - connection check result : 10
2024-04-27 15:05:59,456 [INFO] MainUpdater:3453 - Updater definition file requires update
2024-04-27 15:05:59,457 [INFO] MainUpdater:280 - Updater Check For Update Now.
2024-04-27 15:05:59,457 [INFO] MicroXplorer:481 - Change Database Version : DB.6.0.60
2024-04-27 15:06:01,693 [INFO] ServerAccessManage:474 - Download File updaters.zip
2024-04-27 15:06:01,885 [WARN] MainUpdater:1184 - Updater busy. Cannot search thirdparties
2024-04-27 15:06:01,886 [INFO] ThirdPartyUpdaterWithRetryManager:96 - Updater plugin is busy. [1/15]
2024-04-27 15:06:02,128 [INFO] FileExtend:239 - Unzip File : updaters.zip
2024-04-27 15:06:02,128 [INFO] FileExtend:254 - Standard Zip Deflate
2024-04-27 15:06:03,810 [INFO] ServerAccessManage:474 - Download File PacksControlFlags.xml
2024-04-27 15:06:04,901 [WARN] MainUpdater:1184 - Updater busy. Cannot search thirdparties
2024-04-27 15:06:04,901 [INFO] ThirdPartyUpdaterWithRetryManager:96 - Updater plugin is busy. [2/15]
2024-04-27 15:06:05,807 [INFO] ServerAccessManage:474 - Download File cubemx.pidx
2024-04-27 15:06:06,926 [INFO] ServerAccessManage:474 - Download File STMicroelectronics.X-CUBE-FREERTOS.pdsc
2024-04-27 15:06:07,903 [WARN] MainUpdater:1184 - Updater busy. Cannot search thirdparties
2024-04-27 15:06:07,903 [INFO] ThirdPartyUpdaterWithRetryManager:96 - Updater plugin is busy. [3/15]
2024-04-27 15:06:10,908 [WARN] MainUpdater:1184 - Updater busy. Cannot search thirdparties
2024-04-27 15:06:10,908 [INFO] ThirdPartyUpdaterWithRetryManager:96 - Updater plugin is busy. [4/15]
2024-04-27 15:06:12,970 [WARN] PackLoader:242 - Cannot read IP mode file for STMicroelectronics.X-CUBE-FREERTOS.1.2.0
2024-04-27 15:06:12,971 [INFO] PopulateThirdPartyThread:64 - Ending populate Thread
2024-04-27 15:06:12,973 [INFO] ThirdParty:981 - CMSIS Pack Vendor :STMicroelectronics X-CUBE-FREERTOS 1.2.0
2024-04-27 15:06:12,973 [INFO] LoadServerUpdatesThread:367 - End of LoadServerUpdate Thread
2024-04-27 15:06:13,084 [INFO] CheckServerUpdateThread:119 - End of CheckServer Thread
2024-04-27 15:06:13,192 [INFO] MainUpdater:2768 - connection check result : 10
2024-04-27 15:06:13,198 [INFO] MainUpdater:2768 - connection check result : 10
2024-04-27 15:06:13,293 [INFO] MicroXplorer:451 - Change Database Path : 
2024-04-27 15:06:13,295 [INFO] MicroXplorer:481 - Change Database Version : DB.6.0.60
2024-04-27 15:06:13,295 [WARN] ThirdParty:827 - waiting for thirdparty lock release [close project]
2024-04-27 15:06:14,013 [WARN] PackLoader:242 - Cannot read IP mode file for STMicroelectronics.FP-SNS-MOTENVWB1.1.4.0
2024-04-27 15:06:14,023 [WARN] PackLoader:242 - Cannot read IP mode file for STMicroelectronics.X-CUBE-SMBUS.2.1.0
2024-04-27 15:06:14,030 [WARN] PackLoader:242 - Cannot read IP mode file for STMicroelectronics.X-CUBE-TOUCHGFX.4.23.1
2024-04-27 15:06:14,037 [WARN] PackLoader:242 - Cannot read IP mode file for STMicroelectronics.X-CUBE-TOUCHGFX.4.23.0
2024-04-27 15:06:14,043 [WARN] PackLoader:242 - Cannot read IP mode file for STMicroelectronics.X-CUBE-TOUCHGFX.4.23.2
2024-04-27 15:06:14,061 [WARN] PackLoader:242 - Cannot read IP mode file for STMicroelectronics.X-CUBE-AZRTOS-F7.1.1.0
2024-04-27 15:06:14,072 [ERROR] RealEvaluatedCondition:433 - Found unsupported composite condition: CLASS='Data Exchange' GROUP='STM32_MetaDataManager'
2024-04-27 15:06:14,072 [ERROR] RealEvaluatedCondition:433 - Found unsupported composite condition: GROUP='STM32_MetaDataManager' CLASS='Data Exchange'
2024-04-27 15:06:14,073 [WARN] PackLoader:242 - Cannot read IP mode file for STMicroelectronics.FP-SNS-MOTENV1.4.3.0
2024-04-27 15:06:14,081 [WARN] PackLoader:242 - Cannot read IP mode file for STMicroelectronics.FP-SNS-MOTENV1.4.3.2
2024-04-27 15:06:14,089 [WARN] PackLoader:242 - Cannot read IP mode file for STMicroelectronics.FP-SNS-FLIGHT1.5.0.0
2024-04-27 15:06:14,096 [ERROR] RealEvaluatedCondition:433 - Found unsupported composite condition: CLASS='Data Exchange' GROUP='STM32_MetaDataManager'
2024-04-27 15:06:14,096 [ERROR] RealEvaluatedCondition:433 - Found unsupported composite condition: CLASS='Data Exchange' GROUP='STM32_MetaDataManager'
2024-04-27 15:06:14,097 [WARN] PackLoader:242 - Cannot read IP mode file for STMicroelectronics.FP-SNS-MOTENV1.4.3.1
2024-04-27 15:06:14,106 [WARN] PackLoader:242 - Cannot read IP mode file for STMicroelectronics.FP-SNS-FLIGHT1.5.0.1
2024-04-27 15:06:14,114 [WARN] PackLoader:242 - Cannot read IP mode file for STMicroelectronics.X-CUBE-BLE1.6.2.3
2024-04-27 15:06:14,122 [WARN] PackLoader:242 - Cannot read IP mode file for STMicroelectronics.X-CUBE-BLE1.6.2.4
2024-04-27 15:06:14,125 [WARN] PackLoader:242 - Cannot read IP mode file for STMicroelectronics.FP-SNS-FLIGHT1.5.0.2
2024-04-27 15:06:14,139 [WARN] PackLoader:242 - Cannot read IP mode file for STMicroelectronics.X-CUBE-TOF1.3.1.0
2024-04-27 15:06:14,150 [WARN] PackLoader:242 - Cannot read IP mode file for STMicroelectronics.X-CUBE-DISPLAY.3.0.0
2024-04-27 15:06:14,160 [WARN] PackLoader:242 - Cannot read IP mode file for STMicroelectronics.X-CUBE-BLE1.7.0.0
2024-04-27 15:06:14,167 [WARN] PackLoader:242 - Cannot read IP mode file for STMicroelectronics.X-CUBE-TOUCHGFX.4.22.0
2024-04-27 15:06:14,196 [WARN] PackLoader:242 - Cannot read IP mode file for STMicroelectronics.X-CUBE-MEMS1.9.3.0
2024-04-27 15:06:14,273 [WARN] PackLoader:242 - Cannot read IP mode file for STMicroelectronics.X-CUBE-AI.7.2.0
2024-04-27 15:06:14,286 [WARN] PackLoader:242 - Cannot read IP mode file for STMicroelectronics.X-CUBE-BLEMGR.3.1.0
2024-04-27 15:06:14,296 [WARN] PackLoader:242 - Cannot read IP mode file for STMicroelectronics.FP-SNS-SMARTAG2.1.2.0
2024-04-27 15:06:14,312 [INFO] LogOutputStream:76 - [STDOUT_REDIRECT] 1 : Invalid condition id : UX_CORESTACK_Condition cause : null
2024-04-27 15:06:14,312 [INFO] LogOutputStream:76 - [STDOUT_REDIRECT] 1 : Invalid condition id : UX_CORESTACK_Condition cause : null
2024-04-27 15:06:14,313 [INFO] LogOutputStream:76 - [STDOUT_REDIRECT] 1 : Invalid condition id : UX_CORESTACK_Condition cause : null
2024-04-27 15:06:14,313 [INFO] LogOutputStream:76 - [STDOUT_REDIRECT] 1 : Invalid condition id : UX_CORESTACK_Condition cause : null
2024-04-27 15:06:14,313 [INFO] LogOutputStream:76 - [STDOUT_REDIRECT] 1 : Invalid condition id : UX_CORESTACK_Condition cause : null
2024-04-27 15:06:14,315 [WARN] PackLoader:242 - Cannot read IP mode file for STMicroelectronics.X-CUBE-AZRTOS-WL.2.0.0
2024-04-27 15:06:14,324 [WARN] PackLoader:242 - Cannot read IP mode file for STMicroelectronics.FP-SNS-MOTENV1.5.0.0
2024-04-27 15:06:14,336 [WARN] PackLoader:242 - Cannot read IP mode file for WES.I-CUBE-Cesium.1.3.0
2024-04-27 15:06:14,346 [WARN] PackLoader:242 - Cannot read IP mode file for STMicroelectronics.X-CUBE-BLE2.3.3.0
2024-04-27 15:06:14,355 [WARN] PackLoader:242 - Cannot read IP mode file for STMicroelectronics.X-CUBE-DISPLAY.2.2.0
2024-04-27 15:06:14,370 [WARN] PackLoader:242 - Cannot read IP mode file for STMicroelectronics.X-CUBE-TOF1.3.2.0
2024-04-27 15:06:14,382 [WARN] PackLoader:242 - Cannot read IP mode file for STMicroelectronics.X-CUBE-ISPU.1.0.0
2024-04-27 15:06:14,406 [WARN] PackLoader:242 - Cannot read IP mode file for STMicroelectronics.X-CUBE-AZRTOS-H7.2.1.0
2024-04-27 15:06:14,418 [WARN] PackLoader:242 - Cannot read IP mode file for STMicroelectronics.X-CUBE-TCPP.4.1.0
2024-04-27 15:06:14,429 [WARN] PackLoader:242 - Cannot read IP mode file for STMicroelectronics.X-CUBE-TOUCHGFX.4.21.1
2024-04-27 15:06:14,438 [WARN] PackLoader:242 - Cannot read IP mode file for STMicroelectronics.X-CUBE-TOUCHGFX.4.21.3
2024-04-27 15:06:14,446 [WARN] PackLoader:242 - Cannot read IP mode file for STMicroelectronics.X-CUBE-TOUCHGFX.4.21.4
2024-04-27 15:06:14,477 [WARN] PackLoader:242 - Cannot read IP mode file for STMicroelectronics.X-CUBE-MEMS1.9.4.0
2024-04-27 15:06:14,577 [WARN] PackLoader:242 - Cannot read IP mode file for STMicroelectronics.X-CUBE-AI.7.3.0
2024-04-27 15:06:14,600 [WARN] PackLoader:242 - Cannot read IP mode file for STMicroelectronics.X-CUBE-ALGOBUILD.1.3.0
2024-04-27 15:06:14,621 [WARN] PackLoader:242 - Cannot read IP mode file for STMicroelectronics.X-CUBE-AZRTOS-G0.1.1.0
2024-04-27 15:06:14,632 [WARN] PackLoader:242 - Cannot read IP mode file for STMicroelectronics.X-CUBE-SAFEA1.1.2.2
2024-04-27 15:06:14,641 [WARN] PackLoader:242 - Cannot read IP mode file for STMicroelectronics.X-CUBE-NFC4.3.0.0
2024-04-27 15:06:14,667 [WARN] PackLoader:242 - Cannot read IP mode file for SEGGER.I-CUBE-embOS.1.2.0
2024-04-27 15:06:14,692 [WARN] PackLoader:242 - Cannot read IP mode file for STMicroelectronics.X-CUBE-BLEMGR.3.0.0
2024-04-27 15:06:14,703 [WARN] PackLoader:242 - Cannot read IP mode file for STMicroelectronics.X-CUBE-BLEMGR.1.3.0
2024-04-27 15:06:14,707 [WARN] PackLoader:242 - Cannot read IP mode file for STMicroelectronics.FP-ATR-SIGFOX1.3.2.0
2024-04-27 15:06:14,719 [WARN] PackLoader:242 - Cannot read IP mode file for STMicroelectronics.X-CUBE-EEPRMA1.5.1.0
2024-04-27 15:06:14,729 [WARN] PackLoader:242 - Cannot read IP mode file for emotas.I-CUBE-CANOPEN.1.1.2
2024-04-27 15:06:14,740 [WARN] PackLoader:242 - Cannot read IP mode file for STMicroelectronics.X-CUBE-TOUCHGFX.4.20.0
2024-04-27 15:06:14,765 [WARN] PackLoader:242 - Cannot read IP mode file for STMicroelectronics.X-CUBE-MEMS1.9.5.0
2024-04-27 15:06:14,839 [WARN] PackLoader:242 - Cannot read IP mode file for SEGGER.I-CUBE-embOS.1.3.1
2024-04-27 15:06:14,873 [WARN] PackLoader:242 - Cannot read IP mode file for STMicroelectronics.X-CUBE-GNSS1.6.0.0
2024-04-27 15:06:14,890 [WARN] PackLoader:242 - Cannot read IP mode file for STMicroelectronics.X-CUBE-AZRTOS-F4.1.1.0
2024-04-27 15:06:14,894 [WARN] PackLoader:242 - Cannot read IP mode file for STMicroelectronics.X-CUBE-FREERTOS.1.2.0
2024-04-27 15:06:14,902 [WARN] PackLoader:242 - Cannot read IP mode file for STMicroelectronics.X-CUBE-BLEMGR.1.2.0
2024-04-27 15:06:14,920 [WARN] PackLoader:242 - Cannot read IP mode file for STMicroelectronics.X-CUBE-AZRTOS-L5.2.0.0
2024-04-27 15:06:14,946 [WARN] PackLoader:242 - Cannot read IP mode file for STMicroelectronics.X-CUBE-MEMS1.9.6.0
2024-04-27 15:06:15,034 [WARN] PackLoader:242 - Cannot read IP mode file for STMicroelectronics.X-CUBE-EEPRMA1.4.2.0
2024-04-27 15:06:15,043 [WARN] PackLoader:242 - Cannot read IP mode file for STMicroelectronics.X-CUBE-NFC6.3.1.0
2024-04-27 15:06:15,051 [WARN] PackLoader:242 - Cannot read IP mode file for ITTIA_DB.I-CUBE-ITTIADB.8.8.0
2024-04-27 15:06:15,060 [WARN] PackLoader:242 - Cannot read IP mode file for STMicroelectronics.X-CUBE-BLEMGR.2.0.0
2024-04-27 15:06:15,067 [WARN] PackLoader:242 - Cannot read IP mode file for STMicroelectronics.X-CUBE-NFC4.2.0.4
2024-04-27 15:06:15,075 [WARN] PackLoader:242 - Cannot read IP mode file for STMicroelectronics.X-CUBE-AI.9.0.0
2024-04-27 15:06:15,098 [WARN] ConditionMgr:437 - getConditionDescription Invalid condition id : UX DEVICE CLASS RTOS Condition cause : null
2024-04-27 15:06:15,098 [WARN] ConditionMgr:437 - getConditionDescription Invalid condition id : UX DEVICE CLASS RTOS Condition cause : null
2024-04-27 15:06:15,100 [WARN] PackLoader:242 - Cannot read IP mode file for STMicroelectronics.X-CUBE-AZRTOS-H7.3.1.0
2024-04-27 15:06:15,100 [WARN] ConditionMgr:1038 - genDependencies : Invalid condition id : UX DEVICE CLASS RTOS Condition cause : null
2024-04-27 15:06:15,101 [WARN] ConditionMgr:1038 - genDependencies : Invalid condition id : UX DEVICE CLASS RTOS Condition cause : null
2024-04-27 15:06:15,101 [WARN] ConditionMgr:1038 - genDependencies : Invalid condition id : UX DEVICE CLASS RTOS Condition cause : null
2024-04-27 15:06:15,101 [WARN] ConditionMgr:1038 - genDependencies : Invalid condition id : UX DEVICE CLASS RTOS Condition cause : null
2024-04-27 15:06:15,101 [WARN] ConditionMgr:1038 - genDependencies : Invalid condition id : UX DEVICE CLASS RTOS Condition cause : null
2024-04-27 15:06:15,111 [WARN] PackLoader:242 - Cannot read IP mode file for wolfSSL.I-CUBE-wolfSSL.5.5.0
2024-04-27 15:06:15,118 [WARN] PackLoader:242 - Cannot read IP mode file for STMicroelectronics.X-CUBE-NFC7.1.0.1
2024-04-27 15:06:15,127 [WARN] PackLoader:242 - Cannot read IP mode file for STMicroelectronics.X-CUBE-NFC7.1.0.0
2024-04-27 15:06:15,133 [WARN] PackLoader:242 - Cannot read IP mode file for STMicroelectronics.X-CUBE-NFC6.3.0.0
2024-04-27 15:06:15,141 [WARN] PackLoader:242 - Cannot read IP mode file for STMicroelectronics.X-CUBE-EEPRMA1.4.1.0
2024-04-27 15:06:15,147 [WARN] PackLoader:242 - Cannot read IP mode file for STMicroelectronics.X-CUBE-AI.8.1.0
2024-04-27 15:06:15,161 [WARN] ConditionMgr:437 - getConditionDescription Invalid condition id : LAN8742 Phy interface Condition cause : null
2024-04-27 15:06:15,161 [WARN] PackLoader:242 - Cannot read IP mode file for STMicroelectronics.X-CUBE-AZRTOS-L4.2.0.0
2024-04-27 15:06:15,161 [WARN] ConditionMgr:1038 - genDependencies : Invalid condition id : LAN8742 Phy interface Condition cause : null
2024-04-27 15:06:15,161 [WARN] ConditionMgr:1038 - genDependencies : Invalid condition id : LAN8742 Phy interface Condition cause : null
2024-04-27 15:06:15,161 [WARN] ConditionMgr:1038 - genDependencies : Invalid condition id : LAN8742 Phy interface Condition cause : null
2024-04-27 15:06:15,169 [WARN] PackLoader:242 - Cannot read IP mode file for STMicroelectronics.X-CUBE-SFXS2LP1.4.0.0
2024-04-27 15:06:15,185 [WARN] PackLoader:242 - Cannot read IP mode file for STMicroelectronics.X-CUBE-AZRTOS-H7.3.0.0
2024-04-27 15:06:15,194 [WARN] PackLoader:242 - Cannot read IP mode file for STMicroelectronics.X-CUBE-ISPU.1.1.0
2024-04-27 15:06:15,203 [WARN] PackLoader:242 - Cannot read IP mode file for RoweBots.I-CUBE-UNISONRTOS.5.5.0-4
2024-04-27 15:06:15,211 [WARN] PackLoader:242 - Cannot read IP mode file for STMicroelectronics.X-CUBE-AI.8.0.0
2024-04-27 15:06:15,224 [WARN] ConditionMgr:437 - getConditionDescription Invalid condition id : UX DEVICE CLASS RTOS Condition cause : null
2024-04-27 15:06:15,224 [WARN] ConditionMgr:437 - getConditionDescription Invalid condition id : UX DEVICE CLASS RTOS Condition cause : null
2024-04-27 15:06:15,225 [WARN] PackLoader:242 - Cannot read IP mode file for STMicroelectronics.X-CUBE-AZRTOS-WB.2.0.0
2024-04-27 15:06:15,225 [WARN] ConditionMgr:1038 - genDependencies : Invalid condition id : UX DEVICE CLASS RTOS Condition cause : null
2024-04-27 15:06:15,225 [WARN] ConditionMgr:1038 - genDependencies : Invalid condition id : UX DEVICE CLASS RTOS Condition cause : null
2024-04-27 15:06:15,225 [WARN] ConditionMgr:1038 - genDependencies : Invalid condition id : UX DEVICE CLASS RTOS Condition cause : null
2024-04-27 15:06:15,225 [WARN] ConditionMgr:1038 - genDependencies : Invalid condition id : UX DEVICE CLASS RTOS Condition cause : null
2024-04-27 15:06:15,225 [WARN] ConditionMgr:1038 - genDependencies : Invalid condition id : UX DEVICE CLASS RTOS Condition cause : null
2024-04-27 15:06:15,234 [WARN] PackLoader:242 - Cannot read IP mode file for STMicroelectronics.X-CUBE-FREERTOS.1.0.0
2024-04-27 15:06:15,242 [WARN] PackLoader:242 - Cannot read IP mode file for STMicroelectronics.X-CUBE-FREERTOS.1.0.1
2024-04-27 15:06:15,251 [WARN] PackLoader:242 - Cannot read IP mode file for STMicroelectronics.X-CUBE-BLEMGR.1.0.0
2024-04-27 15:06:15,265 [WARN] PackLoader:242 - Cannot read IP mode file for STMicroelectronics.X-CUBE-AZRTOS-L5.1.1.0
2024-04-27 15:06:15,274 [WARN] PackLoader:242 - Cannot read IP mode file for STMicroelectronics.X-CUBE-AI.8.0.1
2024-04-27 15:06:15,283 [WARN] PackLoader:242 - Cannot read IP mode file for STMicroelectronics.X-CUBE-SUBG2.5.0.0
2024-04-27 15:06:15,296 [WARN] PackLoader:242 - Cannot read IP mode file for STMicroelectronics.X-CUBE-TOF1.3.3.1
2024-04-27 15:06:15,312 [WARN] PackLoader:242 - Cannot read IP mode file for STMicroelectronics.X-CUBE-AZRTOS-G4.2.0.0
2024-04-27 15:06:15,323 [WARN] PackLoader:242 - Cannot read IP mode file for STMicroelectronics.X-CUBE-TOF1.3.3.0
2024-04-27 15:06:15,340 [WARN] PackLoader:242 - Cannot read IP mode file for STMicroelectronics.FP-ATR-ASTRA1.1.1.1
2024-04-27 15:06:15,358 [WARN] PackLoader:242 - Cannot read IP mode file for Infineon.AIROC-Wi-Fi-Bluetooth-STM32.1.5.1
2024-04-27 15:06:15,374 [WARN] PackLoader:242 - Cannot read IP mode file for STMicroelectronics.FP-SNS-MOTENVWB1.1.3.1
2024-04-27 15:06:15,396 [WARN] PackLoader:242 - Cannot read IP mode file for STMicroelectronics.X-CUBE-AZRTOS-G4.1.0.0
2024-04-27 15:06:15,417 [WARN] PackLoader:242 - Cannot read IP mode file for STMicroelectronics.X-CUBE-AZRTOS-L4.1.0.0
2024-04-27 15:06:15,428 [WARN] PackLoader:242 - Cannot read IP mode file for STMicroelectronics.X-CUBE-ISPU.2.0.0
2024-04-27 15:06:15,454 [WARN] PackLoader:242 - Cannot read IP mode file for STMicroelectronics.X-CUBE-MEMS1.10.0.0
2024-04-27 15:06:15,509 [WARN] PackLoader:242 - Cannot read IP mode file for STMicroelectronics.X-CUBE-FREERTOS.1.1.0
2024-04-27 15:06:15,523 [WARN] PackLoader:242 - Cannot read IP mode file for STMicroelectronics.X-CUBE-AZRTOS-WL.1.0.0
2024-04-27 15:06:15,534 [WARN] PackLoader:242 - Cannot read IP mode file for portGmbH.I-Cube-SoM-uGOAL.1.1.0
2024-04-27 15:06:15,543 [WARN] PackLoader:242 - Cannot read IP mode file for STMicroelectronics.X-CUBE-ALS.1.0.1
2024-04-27 15:06:15,557 [WARN] PackLoader:242 - Cannot read IP mode file for STMicroelectronics.X-CUBE-AZRTOS-WB.1.1.0
2024-04-27 15:06:15,575 [WARN] PackLoader:242 - Cannot read IP mode file for STMicroelectronics.X-CUBE-AZRTOS-L5.1.0.0
2024-04-27 15:06:15,583 [WARN] PackLoader:242 - Cannot read IP mode file for STMicroelectronics.X-CUBE-EEPRMA1.3.1.1
2024-04-27 15:06:15,599 [WARN] PackLoader:242 - Cannot read IP mode file for STMicroelectronics.X-CUBE-AZRTOS-H7RS.1.0.0
2024-04-27 15:06:15,604 [WARN] PackLoader:242 - Cannot read IP mode file for STMicroelectronics.FP-ATR-ASTRA1.2.0.0
2024-04-27 15:06:15,616 [WARN] PackLoader:242 - Cannot read IP mode file for STMicroelectronics.X-CUBE-TOF1.3.4.0
2024-04-27 15:06:15,631 [WARN] PackLoader:242 - Cannot read IP mode file for STMicroelectronics.X-CUBE-TOF1.3.4.1
2024-04-27 15:06:15,650 [WARN] PackLoader:242 - Cannot read IP mode file for STMicroelectronics.X-CUBE-AZRTOS-H7.3.2.0
2024-04-27 15:06:15,652 [INFO] ThirdParty:929 - Integrity check success = true
2024-04-27 15:06:15,652 [INFO] IntegrityCheckThread:98 - exiting critical section [integrity check]
2024-04-27 15:06:15,653 [INFO] IntegrityCheckThread:101 - End integrity checks thread
2024-04-27 15:06:15,653 [INFO] ThirdParty:829 - entering critical section [close project]
2024-04-27 15:06:15,654 [INFO] ThirdParty:839 - exiting critical section [close project]
2024-04-27 15:06:15,656 [INFO] PinOutPanel:1468 - setPackage(No Configuration,No Configuration)
2024-04-27 15:06:15,659 [INFO] UtilMem:74 - Begin LoadConfig() Used Memory: 344322992 Bytes (515899392)
2024-04-27 15:06:15,661 [INFO] MicroXplorer:451 - Change Database Path : 
2024-04-27 15:06:15,661 [INFO] MicroXplorer:481 - Change Database Version : DB.6.0.60
2024-04-27 15:06:15,661 [INFO] OpenFileManager:307 - Change cursor
2024-04-27 15:06:15,691 [INFO] Mcu:1922 - Initializing MCU STM32G474R(B-C-E)Tx STM32G474RETx STM32G474RET3
2024-04-27 15:06:18,557 [INFO] Context:654 - Trying to add GPIOservice into a context  which must be forbidden
2024-04-27 15:06:19,836 [WARN] ApiManager:308 - Cannot register API 'Board Extension:GNSS1A1' from pack STMicroelectronics.X-CUBE-GNSS1.6.0.0: no header file found
2024-04-27 15:06:19,836 [WARN] ApiManager:308 - Cannot register API 'Board Support:Custom' from pack STMicroelectronics.X-CUBE-GNSS1.6.0.0: no header file found
2024-04-27 15:06:19,836 [WARN] ApiManager:308 - Cannot register API 'Data Exchange:lib_gnss' from pack STMicroelectronics.X-CUBE-GNSS1.6.0.0: no header file found
2024-04-27 15:06:19,917 [WARN] ApiManager:308 - Cannot register API 'Board Extension:IKS01A3' from pack STMicroelectronics.X-CUBE-MEMS1.9.6.0: no header file found
2024-04-27 15:06:19,918 [WARN] ApiManager:308 - Cannot register API 'Board Extension:IKS01A2' from pack STMicroelectronics.X-CUBE-MEMS1.9.6.0: no header file found
2024-04-27 15:06:19,918 [WARN] ApiManager:308 - Cannot register API 'Board Extension:IKS02A1' from pack STMicroelectronics.X-CUBE-MEMS1.9.6.0: no header file found
2024-04-27 15:06:19,923 [WARN] ApiManager:308 - Cannot register API 'Board Extension:EEPRMA2' from pack STMicroelectronics.X-CUBE-EEPRMA1.4.2.0: no header file found
2024-04-27 15:06:19,923 [WARN] ApiManager:308 - Cannot register API 'Board Extension:PGEEZ1' from pack STMicroelectronics.X-CUBE-EEPRMA1.4.2.0: no header file found
2024-04-27 15:06:19,923 [WARN] ApiManager:308 - Cannot register API 'Board Part:M24' from pack STMicroelectronics.X-CUBE-EEPRMA1.4.2.0: no header file found
2024-04-27 15:06:19,923 [WARN] ApiManager:308 - Cannot register API 'Board Part:M95' from pack STMicroelectronics.X-CUBE-EEPRMA1.4.2.0: no header file found
2024-04-27 15:06:19,924 [WARN] ApiManager:308 - Cannot register API 'Board Part:M95P32' from pack STMicroelectronics.X-CUBE-EEPRMA1.4.2.0: no header file found
2024-04-27 15:06:19,924 [WARN] ApiManager:308 - Cannot register API 'PGEEZ1:SPI' from pack STMicroelectronics.X-CUBE-EEPRMA1.4.2.0: no header file found
2024-04-27 15:06:19,924 [WARN] ApiManager:308 - Cannot register API 'PGEEZ1:QDSPI' from pack STMicroelectronics.X-CUBE-EEPRMA1.4.2.0: no header file found
2024-04-27 15:06:19,930 [WARN] ApiManager:308 - Cannot register API 'Board Extension:NFC06A1' from pack STMicroelectronics.X-CUBE-NFC6.3.1.0: no header file found
2024-04-27 15:06:19,930 [WARN] ApiManager:308 - Cannot register API 'Board Extension:NFC08A1' from pack STMicroelectronics.X-CUBE-NFC6.3.1.0: no header file found
2024-04-27 15:06:19,931 [WARN] ApiManager:308 - Cannot register API 'Wireless:BlueNRG-MS' from pack STMicroelectronics.X-CUBE-BLE1.6.2.3: no header file found
2024-04-27 15:06:19,932 [WARN] ApiManager:308 - Cannot register API 'Wireless:BlueNRG-MS' from pack STMicroelectronics.X-CUBE-BLE1.6.2.4: no header file found
2024-04-27 15:06:19,939 [INFO] RtosManager:488 - Registered RTOS mode: class=CMSIS, group=RTOS, mode=CMSIS_V1, owner=FREERTOS
2024-04-27 15:06:19,939 [INFO] RtosManager:488 - Registered RTOS mode: class=CMSIS, group=RTOS2, mode=CMSIS_V2, owner=FREERTOS
2024-04-27 15:06:19,939 [INFO] RtosManager:488 - Registered RTOS mode: class=RTOS, group=Core, mode=CMSIS_V1, owner=FREERTOS
2024-04-27 15:06:19,940 [INFO] RtosManager:488 - Registered RTOS mode: class=RTOS, group=Core, mode=CMSIS_V2, owner=FREERTOS
2024-04-27 15:06:19,940 [WARN] ModelIntegratedComponent:185 - Missing modes for component STMicroelectronics:FreeRTOS:0.0.1:STMicroelectronics:RTOS:FreeRTOS:Core:::10.2.0:
2024-04-27 15:06:19,941 [WARN] ApiManager:308 - Cannot register API 'Board Extension:NFC04A1' from pack STMicroelectronics.X-CUBE-NFC4.2.0.4: no header file found
2024-04-27 15:06:19,945 [WARN] ApiManager:308 - Cannot register API 'Wireless:BlueNRG-MS' from pack STMicroelectronics.X-CUBE-BLE1.7.0.0: no header file found
2024-04-27 15:06:19,946 [WARN] ModelIntegratedComponent:64 - No mode defined for component null
2024-04-27 15:06:19,946 [WARN] ModelIntegratedComponent:64 - No mode defined for component null
2024-04-27 15:06:19,946 [WARN] ModelIntegratedComponent:64 - No mode defined for component null
2024-04-27 15:06:19,946 [WARN] ModelIntegratedComponent:64 - No mode defined for component null
2024-04-27 15:06:19,946 [WARN] ModelIntegratedComponent:64 - No mode defined for component null
2024-04-27 15:06:19,946 [WARN] ModelIntegratedComponent:64 - No mode defined for component null
2024-04-27 15:06:19,947 [WARN] ModelIntegratedComponent:64 - No mode defined for component null
2024-04-27 15:06:19,947 [WARN] ModelIntegratedComponent:64 - No mode defined for component null
2024-04-27 15:06:19,947 [WARN] ModelIntegratedComponent:64 - No mode defined for component null
2024-04-27 15:06:19,947 [WARN] ModelIntegratedComponent:64 - No mode defined for component null
2024-04-27 15:06:19,947 [WARN] ModelIntegratedComponent:64 - No mode defined for component null
2024-04-27 15:06:19,947 [WARN] ModelIntegratedComponent:64 - No mode defined for component null
2024-04-27 15:06:19,947 [WARN] ModelIntegratedComponent:64 - No mode defined for component null
2024-04-27 15:06:19,947 [WARN] ModelIntegratedComponent:64 - No mode defined for component null
2024-04-27 15:06:19,947 [WARN] ModelIntegratedComponent:64 - No mode defined for component null
2024-04-27 15:06:19,947 [WARN] ModelIntegratedComponent:64 - No mode defined for component null
2024-04-27 15:06:19,947 [WARN] ModelIntegratedComponent:64 - No mode defined for component null
2024-04-27 15:06:19,947 [WARN] ModelIntegratedComponent:64 - No mode defined for component null
2024-04-27 15:06:19,947 [WARN] ModelIntegratedComponent:64 - No mode defined for component null
2024-04-27 15:06:19,947 [WARN] ModelIntegratedComponent:64 - No mode defined for component null
2024-04-27 15:06:19,947 [WARN] ModelIntegratedComponent:64 - No mode defined for component null
2024-04-27 15:06:19,947 [WARN] ModelIntegratedComponent:64 - No mode defined for component null
2024-04-27 15:06:19,948 [WARN] ModelIntegratedComponent:64 - No mode defined for component null
2024-04-27 15:06:19,948 [WARN] ModelIntegratedComponent:64 - No mode defined for component null
2024-04-27 15:06:19,948 [WARN] ModelIntegratedComponent:64 - No mode defined for component null
2024-04-27 15:06:19,948 [WARN] ModelIntegratedComponent:64 - No mode defined for component null
2024-04-27 15:06:19,948 [WARN] ModelIntegratedComponent:64 - No mode defined for component null
2024-04-27 15:06:19,948 [WARN] ModelIntegratedComponent:64 - No mode defined for component null
2024-04-27 15:06:19,948 [WARN] ModelIntegratedComponent:64 - No mode defined for component null
2024-04-27 15:06:19,948 [WARN] ModelIntegratedComponent:64 - No mode defined for component null
2024-04-27 15:06:19,948 [WARN] ModelIntegratedComponent:64 - No mode defined for component null
2024-04-27 15:06:19,948 [WARN] ModelIntegratedComponent:64 - No mode defined for component null
2024-04-27 15:06:19,948 [WARN] ModelIntegratedComponent:64 - No mode defined for component null
2024-04-27 15:06:19,949 [WARN] ApiManager:308 - Cannot register API 'Board Extension:NFC07A1' from pack STMicroelectronics.X-CUBE-NFC7.1.0.1: no header file found
2024-04-27 15:06:19,949 [WARN] ApiManager:308 - Cannot register API 'Board Extension:NFC07A1' from pack STMicroelectronics.X-CUBE-NFC7.1.0.0: no header file found
2024-04-27 15:06:19,950 [WARN] ApiManager:308 - Cannot register API 'Board Extension:NFC06A1' from pack STMicroelectronics.X-CUBE-NFC6.3.0.0: no header file found
2024-04-27 15:06:19,950 [WARN] ApiManager:308 - Cannot register API 'Board Extension:NFC08A1' from pack STMicroelectronics.X-CUBE-NFC6.3.0.0: no header file found
2024-04-27 15:06:19,985 [WARN] ApiManager:308 - Cannot register API 'Board Extension:IKS01A3' from pack STMicroelectronics.X-CUBE-MEMS1.9.3.0: no header file found
2024-04-27 15:06:19,986 [WARN] ApiManager:308 - Cannot register API 'Board Extension:IKS01A2' from pack STMicroelectronics.X-CUBE-MEMS1.9.3.0: no header file found
2024-04-27 15:06:19,986 [WARN] ApiManager:308 - Cannot register API 'Board Extension:IKS02A1' from pack STMicroelectronics.X-CUBE-MEMS1.9.3.0: no header file found
2024-04-27 15:06:19,988 [WARN] ApiManager:308 - Cannot register API 'Board Extension:EEPRMA1' from pack STMicroelectronics.X-CUBE-EEPRMA1.4.1.0: no header file found
2024-04-27 15:06:19,988 [WARN] ApiManager:308 - Cannot register API 'Board Extension:EEPRMA2' from pack STMicroelectronics.X-CUBE-EEPRMA1.4.1.0: no header file found
2024-04-27 15:06:19,988 [WARN] ApiManager:308 - Cannot register API 'Board Extension:PGEEZ1' from pack STMicroelectronics.X-CUBE-EEPRMA1.4.1.0: no header file found
2024-04-27 15:06:19,988 [WARN] ApiManager:308 - Cannot register API 'Board Part:M24' from pack STMicroelectronics.X-CUBE-EEPRMA1.4.1.0: no header file found
2024-04-27 15:06:19,988 [WARN] ApiManager:308 - Cannot register API 'Board Part:M95' from pack STMicroelectronics.X-CUBE-EEPRMA1.4.1.0: no header file found
2024-04-27 15:06:19,988 [WARN] ApiManager:308 - Cannot register API 'Board Part:M95P32' from pack STMicroelectronics.X-CUBE-EEPRMA1.4.1.0: no header file found
2024-04-27 15:06:19,988 [WARN] ApiManager:308 - Cannot register API 'PGEEZ1:SPI' from pack STMicroelectronics.X-CUBE-EEPRMA1.4.1.0: no header file found
2024-04-27 15:06:19,988 [WARN] ApiManager:308 - Cannot register API 'PGEEZ1:QDSPI' from pack STMicroelectronics.X-CUBE-EEPRMA1.4.1.0: no header file found
2024-04-27 15:06:19,991 [WARN] ApiManager:308 - Cannot register API 'Board Extension:S2868A1' from pack STMicroelectronics.X-CUBE-SFXS2LP1.4.0.0: no header file found
2024-04-27 15:06:19,991 [WARN] ApiManager:308 - Cannot register API 'Board Extension:S2868A2' from pack STMicroelectronics.X-CUBE-SFXS2LP1.4.0.0: no header file found
2024-04-27 15:06:19,991 [WARN] ApiManager:308 - Cannot register API 'Board Extension:S2915A1' from pack STMicroelectronics.X-CUBE-SFXS2LP1.4.0.0: no header file found
2024-04-27 15:06:19,991 [WARN] ApiManager:308 - Cannot register API 'Wireless:BlueNRG-2' from pack STMicroelectronics.X-CUBE-BLE2.3.3.0: no header file found
2024-04-27 15:06:20,030 [WARN] ApiManager:308 - Cannot register API 'Board Extension:IKS01A3' from pack STMicroelectronics.X-CUBE-MEMS1.9.4.0: no header file found
2024-04-27 15:06:20,030 [WARN] ApiManager:308 - Cannot register API 'Board Extension:IKS01A2' from pack STMicroelectronics.X-CUBE-MEMS1.9.4.0: no header file found
2024-04-27 15:06:20,030 [WARN] ApiManager:308 - Cannot register API 'Board Extension:IKS02A1' from pack STMicroelectronics.X-CUBE-MEMS1.9.4.0: no header file found
2024-04-27 15:06:20,034 [WARN] ApiManager:308 - Cannot register API 'Board Extension:STSAFEA1' from pack STMicroelectronics.X-CUBE-SAFEA1.1.2.2: no header file found
2024-04-27 15:06:20,034 [WARN] ApiManager:308 - Cannot register API 'Board Part:STSAFEA110' from pack STMicroelectronics.X-CUBE-SAFEA1.1.2.2: no header file found
2024-04-27 15:06:20,034 [WARN] ApiManager:308 - Cannot register API 'Security:ST_Cryptolib' from pack STMicroelectronics.X-CUBE-SAFEA1.1.2.2: no header file found
2024-04-27 15:06:20,034 [WARN] ApiManager:308 - Cannot register API 'Security:MbedTLS' from pack STMicroelectronics.X-CUBE-SAFEA1.1.2.2: no header file found
2024-04-27 15:06:20,034 [WARN] ApiManager:308 - Cannot register API 'Board Extension:NFC04A1' from pack STMicroelectronics.X-CUBE-NFC4.3.0.0: no header file found
2024-04-27 15:06:20,039 [WARN] ApiManager:308 - Cannot register API 'Board Extension:S2868A1' from pack STMicroelectronics.X-CUBE-SUBG2.5.0.0: no header file found
2024-04-27 15:06:20,039 [WARN] ApiManager:308 - Cannot register API 'Board Extension:S2868A2' from pack STMicroelectronics.X-CUBE-SUBG2.5.0.0: no header file found
2024-04-27 15:06:20,039 [WARN] ApiManager:308 - Cannot register API 'Board Extension:S2915A1' from pack STMicroelectronics.X-CUBE-SUBG2.5.0.0: no header file found
2024-04-27 15:06:20,047 [WARN] ApiManager:308 - Cannot register API 'Board Extension:EEPRMA2' from pack STMicroelectronics.X-CUBE-EEPRMA1.5.1.0: no header file found
2024-04-27 15:06:20,048 [WARN] ApiManager:308 - Cannot register API 'Board Extension:PGEEZ1' from pack STMicroelectronics.X-CUBE-EEPRMA1.5.1.0: no header file found
2024-04-27 15:06:20,048 [WARN] ApiManager:308 - Cannot register API 'Board Extension:EEICA1' from pack STMicroelectronics.X-CUBE-EEPRMA1.5.1.0: no header file found
2024-04-27 15:06:20,048 [WARN] ApiManager:308 - Cannot register API 'Board Part:M24' from pack STMicroelectronics.X-CUBE-EEPRMA1.5.1.0: no header file found
2024-04-27 15:06:20,048 [WARN] ApiManager:308 - Cannot register API 'Board Part:M95' from pack STMicroelectronics.X-CUBE-EEPRMA1.5.1.0: no header file found
2024-04-27 15:06:20,048 [WARN] ApiManager:308 - Cannot register API 'Board Part:M95P32' from pack STMicroelectronics.X-CUBE-EEPRMA1.5.1.0: no header file found
2024-04-27 15:06:20,048 [WARN] ApiManager:308 - Cannot register API 'Board Part:M24256E-F' from pack STMicroelectronics.X-CUBE-EEPRMA1.5.1.0: no header file found
2024-04-27 15:06:20,048 [WARN] ApiManager:308 - Cannot register API 'Board Part:M24M01E-F' from pack STMicroelectronics.X-CUBE-EEPRMA1.5.1.0: no header file found
2024-04-27 15:06:20,048 [WARN] ApiManager:308 - Cannot register API 'PGEEZ1:SPI' from pack STMicroelectronics.X-CUBE-EEPRMA1.5.1.0: no header file found
2024-04-27 15:06:20,048 [WARN] ApiManager:308 - Cannot register API 'PGEEZ1:QDSPI' from pack STMicroelectronics.X-CUBE-EEPRMA1.5.1.0: no header file found
2024-04-27 15:06:20,080 [WARN] ApiManager:308 - Cannot register API 'Board Extension:IKS01A3' from pack STMicroelectronics.X-CUBE-MEMS1.10.0.0: no header file found
2024-04-27 15:06:20,080 [WARN] ApiManager:308 - Cannot register API 'Board Extension:IKS02A1' from pack STMicroelectronics.X-CUBE-MEMS1.10.0.0: no header file found
2024-04-27 15:06:20,080 [WARN] ApiManager:308 - Cannot register API 'Board Extension:IKS4A1' from pack STMicroelectronics.X-CUBE-MEMS1.10.0.0: no header file found
2024-04-27 15:06:20,119 [WARN] ApiManager:308 - Cannot register API 'Board Extension:IKS01A3' from pack STMicroelectronics.X-CUBE-MEMS1.9.5.0: no header file found
2024-04-27 15:06:20,119 [WARN] ApiManager:308 - Cannot register API 'Board Extension:IKS01A2' from pack STMicroelectronics.X-CUBE-MEMS1.9.5.0: no header file found
2024-04-27 15:06:20,119 [WARN] ApiManager:308 - Cannot register API 'Board Extension:IKS02A1' from pack STMicroelectronics.X-CUBE-MEMS1.9.5.0: no header file found
2024-04-27 15:06:20,123 [WARN] ApiManager:308 - Cannot register API 'Board Extension:EEPRMA1' from pack STMicroelectronics.X-CUBE-EEPRMA1.3.1.1: no header file found
2024-04-27 15:06:20,123 [WARN] ApiManager:308 - Cannot register API 'Board Extension:EEPRMA2' from pack STMicroelectronics.X-CUBE-EEPRMA1.3.1.1: no header file found
2024-04-27 15:06:20,147 [INFO] ThirdPartyModel:289 - Start build external matchings
2024-04-27 15:06:21,416 [INFO] ThirdPartyModel:302 - End build external matchings
2024-04-27 15:06:21,450 [INFO] ImportTextPane:193 - (OptionalMessage_ERROR) IP (ADC1) : Parameter (CommonPathInternal) has invalid value (null|null|null|null)
2024-04-27 15:06:21,851 [INFO] UtilMem:74 - End LoadConfig() Used Memory: 309516856 Bytes (515899392)
2024-04-27 15:06:21,945 [INFO] ApiDb:576 - Connected to CubeFinder SQLite database (C:\Users\saksh\.stmcufinder\plugins\mcufinder\mcu\cube-finder-db.db)
2024-04-27 15:06:22,006 [INFO] ApiDb:663 - CubeFinder database Data Model version=2.1
2024-04-27 15:06:22,006 [INFO] ApiDb:664 - CubeFinder database Configuration version=3.0.39
2024-04-27 15:06:22,006 [INFO] ApiDb:665 - CubeFinder database generation date=2024-03-25 (1711369621)
2024-04-27 15:06:22,007 [INFO] ApiDb:666 - CubeFinder database FW Pack versions=[FP-ATR-ASTRA1_V2.0.0, FP-SNS-FLIGHT1_V5.0.1, FP-SNS-FLIGHT1_V5.0.2, FP-SNS-MOTENV1_V4.3.1, FP-SNS-MOTENV1_V4.3.2, FP-SNS-MOTENVWB1_V1.3.1, FP-SNS-SMARTAG2_V1.2.0, STM32Cube_FW_C0_V1.1.0, STM32Cube_FW_F4_V1.28.0, STM32Cube_FW_F7_V1.17.0, STM32Cube_FW_G0_V1.6.2, STM32Cube_FW_G4_V1.5.2, STM32Cube_FW_H5_V0.5.1, STM32Cube_FW_H5_V1.1.1, STM32Cube_FW_H5_V1.2.0, STM32Cube_FW_H5_V1.2.0RC4, STM32Cube_FW_H7RS_V1.0.0, STM32Cube_FW_H7RS_V1.0.0RC4, STM32Cube_FW_H7_V1.11.0, STM32Cube_FW_L0_V1.12.2, STM32Cube_FW_L5_V1.5.1, STM32Cube_FW_U0_V1.0.0, STM32Cube_FW_U0_V1.0.0RC1, STM32Cube_FW_U5_V1.3.0RC4, STM32Cube_FW_U5_V1.5.0, STM32Cube_FW_U5_V1.5.0RC1, STM32Cube_FW_WBA_V1.0.0RC1, STM32Cube_FW_WBA_V1.2.0, STM32Cube_FW_WBA_V1.2.0RC2, STM32Cube_FW_WBA_V1.3.0, STM32Cube_FW_WBA_V1.3.0RC1, STM32Cube_FW_WB_V1.15.0RC1, STM32Cube_FW_WB_V1.16.0, STM32Cube_FW_WB_V1.16.0RC2, STM32Cube_FW_WB_V1.18.0, STM32Cube_FW_WB_V1.19.0, STM32Cube_FW_WL_V1.3.0, X-CUBE-ALGOBUILD_V1.3.0, X-CUBE-ALS_V1.0.1, X-CUBE-AZRTOS-F4_V1.1.0, X-CUBE-AZRTOS-F7_V1.1.0, X-CUBE-AZRTOS-G0_V1.1.0, X-CUBE-AZRTOS-G4_V2.0.0, X-CUBE-AZRTOS-H7_V3.2.0, X-CUBE-AZRTOS-L4_V1.0.0, X-CUBE-AZRTOS-L4_V2.0.0, X-CUBE-AZRTOS-L5_V1.1.0, X-CUBE-AZRTOS-WB_V2.0.0, X-CUBE-AZRTOS-WL_V2.0.0, X-CUBE-BLE1_V7.0.0, X-CUBE-BLE2_V3.3.0, X-CUBE-BLEMGR_V3.1.0, X-CUBE-EEPRMA1_V4.1.0, X-CUBE-EEPRMA1_V5.1.0, X-CUBE-FREERTOS_V1.1.0, X-CUBE-GNSS1_V6.0.0, X-CUBE-MEMS1_V10.0.0, X-CUBE-MEMS1_V9.1.0, X-CUBE-MEMS1_V9.4.0, X-CUBE-MEMS1_V9.6.0, X-CUBE-NFC4_V3.0.0, X-CUBE-NFC7_V1.0.1, X-CUBE-SFXS2LP1_V4.0.0, X-CUBE-SUBG2_V5.0.0, X-CUBE-TOF1_V3.4.0]
2024-04-27 15:06:23,649 [INFO] ApiDb:239 - Found 138 in-development CPN: [B-WB1M-WPAN1, NUCLEO-C031C6, STEVAL-STWINBX1, STM320518-EVAL, STM32C0116-DK, STM32C011D6Y3TR, STM32C011D6Y6TR, STM32C011F4P3, STM32C011F4P6, STM32C011F4U3, STM32C011F4U6TR, STM32C011F6P3, STM32C011F6P6, STM32C011F6U3, STM32C011F6U6TR, STM32C011J4M3, STM32C011J4M6, STM32C011J6M3, STM32C011J6M6, STM32C0316-DK, STM32C031C4T3, STM32C031C4T6, STM32C031C4U3, STM32C031C4U6, STM32C031C6T3, STM32C031C6T6, STM32C031C6U3, STM32C031C6U6, STM32C031F4P3, STM32C031F4P6, STM32C031F6P3, STM32C031F6P6, STM32C031G4U3, STM32C031G4U6, STM32C031G6U3, STM32C031G6U6, STM32C031K4T3, STM32C031K4T6, STM32C031K4U3, STM32C031K4U6, STM32C031K6T3, STM32C031K6T6, STM32C031K6U3, STM32C031K6U6, STM32G071K8TXN, STM32G071K8UXN, STM32G081GBU6N, STM32G081KBT6N, STM32G081KBUXN, STM32G0B1CCT6N, STM32G0B1KCT6, STM32G0B1NEY6TR, STM32G0B1RCT6N, STM32G0C1CCT6, STM32G0C1CCT6N, STM32G0C1CCU6N, STM32G0C1CET6N, STM32G0C1CEU6N, STM32G0C1KCT6, STM32G0C1NEY6TR, STM32G0C1RCI6N, STM32G0C1RCT6N, STM32G0C1REI6N, STM32G0C1RET6N, STM32G0C1VCI6, STM32G0C1VEI6, STM32G471CCT6, STM32G471CCU6, STM32G471CET3, STM32G471CET6, STM32G471CEU3, STM32G471CEU6, STM32G471MCT6, STM32G471MET3, STM32G471MET6, STM32G471MEY6TR, STM32G471QCT6, STM32G471QET3, STM32G471RCT6, STM32G471RET3, STM32G471RET6, STM32G471VCH6, STM32G471VCI6, STM32G471VCT6, STM32G471VEH3, STM32G471VEH6, STM32G471VEI3, STM32G471VEI6, STM32G471VET3, STM32G471VET6, STM32G474CCT6, STM32L476VGY6PTR, STM32L4R5QGI6STR, STM32MP131AAE3, STM32MP131AAF3, STM32MP131AAG3, STM32MP131CAE3, STM32MP131CAF3, STM32MP131CAG3, STM32MP131DAE7, STM32MP131DAF7, STM32MP131DAG7, STM32MP131FAE7, STM32MP131FAF7, STM32MP131FAG7, STM32MP133AAE3, STM32MP133AAF3, STM32MP133AAG3, STM32MP133CAE3, STM32MP133CAF3, STM32MP133CAG3, STM32MP133DAE7, STM32MP133DAF7, STM32MP133DAG7, STM32MP133FAE7, STM32MP133FAF7, STM32MP133FAG7, STM32MP135AAE3, STM32MP135AAF3, STM32MP135AAG3, STM32MP135CAE3, STM32MP135CAF3, STM32MP135CAG3, STM32MP135DAE7, STM32MP135DAF7, STM32MP135DAG7, STM32MP135F-DK, STM32MP135FAE7, STM32MP135FAF7, STM32MP135FAG7, STM32U595ZJT6Q, STM32U599BJY6QTR, STM32U599NIH6Q, STM32U599NJH6Q, STM32U5A5ZJT6Q, STM32U5A9BJY6QTR, STM32U5A9NJH6Q, STM32WB1MMCH6]
2024-04-27 15:06:23,651 [INFO] DbMcus:215 - Found 4040 MCUs, 4040 are supported
2024-04-27 15:06:23,657 [INFO] ApiDb:418 - Load user favorites file C:\Users\saksh/.stm32cubeide/favorites.mcus.txt: 1 item(s)
2024-04-27 15:06:23,658 [INFO] ApiDb:422 - User favorites MCUs=[STM32F103C8T6]
2024-04-27 15:06:23,658 [INFO] DbMcus:221 - Set 1 / 1 favorites MCUs
2024-04-27 15:06:23,753 [WARN] ThirdParty:789 - waiting for thirdparty lock release [change project]
2024-04-27 15:06:23,754 [INFO] ThirdParty:791 - entering critical section [change project]
2024-04-27 15:06:23,754 [INFO] ThirdParty:981 - CMSIS Pack Vendor :STMicroelectronics X-CUBE-GNSS1 6.0.0
2024-04-27 15:06:23,754 [INFO] ThirdParty:981 - CMSIS Pack Vendor :STMicroelectronics USB_HOST 2.0.0
2024-04-27 15:06:23,754 [INFO] ThirdParty:981 - CMSIS Pack Vendor :STMicroelectronics FP-SNS-MOTENVWB1 1.4.0
2024-04-27 15:06:23,754 [INFO] ThirdParty:981 - CMSIS Pack Vendor :STMicroelectronics X-CUBE-AZRTOS-F4 1.1.0
2024-04-27 15:06:23,754 [INFO] ThirdParty:981 - CMSIS Pack Vendor :STMicroelectronics LIBJPEG 8.0.0
2024-04-27 15:06:23,754 [INFO] ThirdParty:981 - CMSIS Pack Vendor :STMicroelectronics X-CUBE-SMBUS 2.1.0
2024-04-27 15:06:23,754 [INFO] ThirdParty:981 - CMSIS Pack Vendor :STMicroelectronics X-CUBE-FREERTOS 1.2.0
2024-04-27 15:06:23,754 [INFO] ThirdParty:981 - CMSIS Pack Vendor :STMicroelectronics X-CUBE-TOUCHGFX 4.23.1
2024-04-27 15:06:23,754 [INFO] ThirdParty:981 - CMSIS Pack Vendor :STMicroelectronics X-CUBE-TOUCHGFX 4.23.0
2024-04-27 15:06:23,754 [INFO] ThirdParty:981 - CMSIS Pack Vendor :STMicroelectronics X-CUBE-BLEMGR 1.2.0
2024-04-27 15:06:23,754 [INFO] ThirdParty:981 - CMSIS Pack Vendor :STMicroelectronics X-CUBE-TOUCHGFX 4.23.2
2024-04-27 15:06:23,754 [INFO] ThirdParty:981 - CMSIS Pack Vendor :STMicroelectronics X-CUBE-AZRTOS-F7 1.1.0
2024-04-27 15:06:23,754 [INFO] ThirdParty:981 - CMSIS Pack Vendor :STMicroelectronics X-CUBE-AZRTOS-L5 2.0.0
2024-04-27 15:06:23,754 [INFO] ThirdParty:981 - CMSIS Pack Vendor :STMicroelectronics USB_DEVICE 2.0.0
2024-04-27 15:06:23,754 [INFO] ThirdParty:981 - CMSIS Pack Vendor :STMicroelectronics X-CUBE-MEMS1 9.6.0
2024-04-27 15:06:23,754 [INFO] ThirdParty:981 - CMSIS Pack Vendor :STMicroelectronics X-CUBE-EEPRMA1 4.2.0
2024-04-27 15:06:23,754 [INFO] ThirdParty:981 - CMSIS Pack Vendor :STMicroelectronics X-CUBE-NFC6 3.1.0
2024-04-27 15:06:23,754 [INFO] ThirdParty:981 - CMSIS Pack Vendor :ITTIA_DB I-CUBE-ITTIADB 8.8.0
2024-04-27 15:06:23,754 [INFO] ThirdParty:981 - CMSIS Pack Vendor :STMicroelectronics FP-SNS-MOTENV1 4.3.0
2024-04-27 15:06:23,754 [INFO] ThirdParty:981 - CMSIS Pack Vendor :STMicroelectronics FP-SNS-MOTENV1 4.3.2
2024-04-27 15:06:23,754 [INFO] ThirdParty:981 - CMSIS Pack Vendor :STMicroelectronics FP-SNS-FLIGHT1 5.0.0
2024-04-27 15:06:23,754 [INFO] ThirdParty:981 - CMSIS Pack Vendor :STMicroelectronics FP-SNS-MOTENV1 4.3.1
2024-04-27 15:06:23,754 [INFO] ThirdParty:981 - CMSIS Pack Vendor :STMicroelectronics FP-SNS-FLIGHT1 5.0.1
2024-04-27 15:06:23,754 [INFO] ThirdParty:981 - CMSIS Pack Vendor :STMicroelectronics X-CUBE-BLE1 6.2.3
2024-04-27 15:06:23,754 [INFO] ThirdParty:981 - CMSIS Pack Vendor :STMicroelectronics X-CUBE-BLE1 6.2.4
2024-04-27 15:06:23,754 [INFO] ThirdParty:981 - CMSIS Pack Vendor :STMicroelectronics FreeRTOS 0.0.1
2024-04-27 15:06:23,754 [INFO] ThirdParty:981 - CMSIS Pack Vendor :STMicroelectronics X-CUBE-BLEMGR 2.0.0
2024-04-27 15:06:23,754 [INFO] ThirdParty:981 - CMSIS Pack Vendor :STMicroelectronics FP-SNS-FLIGHT1 5.0.2
2024-04-27 15:06:23,754 [INFO] ThirdParty:981 - CMSIS Pack Vendor :STMicroelectronics X-CUBE-NFC4 2.0.4
2024-04-27 15:06:23,754 [INFO] ThirdParty:981 - CMSIS Pack Vendor :STMicroelectronics X-CUBE-AI 9.0.0
2024-04-27 15:06:23,754 [INFO] ThirdParty:981 - CMSIS Pack Vendor :STMicroelectronics X-CUBE-AZRTOS-H7 3.1.0
2024-04-27 15:06:23,754 [INFO] ThirdParty:981 - CMSIS Pack Vendor :STMicroelectronics PDM2PCM 3.3.0
2024-04-27 15:06:23,754 [INFO] ThirdParty:981 - CMSIS Pack Vendor :STMicroelectronics X-CUBE-TOF1 3.1.0
2024-04-27 15:06:23,754 [INFO] ThirdParty:981 - CMSIS Pack Vendor :STMicroelectronics X-CUBE-DISPLAY 3.0.0
2024-04-27 15:06:23,754 [INFO] ThirdParty:981 - CMSIS Pack Vendor :STMicroelectronics X-CUBE-BLE1 7.0.0
2024-04-27 15:06:23,754 [INFO] ThirdParty:981 - CMSIS Pack Vendor :wolfSSL I-CUBE-wolfSSL 5.5.0
2024-04-27 15:06:23,754 [INFO] ThirdParty:981 - CMSIS Pack Vendor :STMicroelectronics HAL Drivers 0.0.0
2024-04-27 15:06:23,754 [INFO] ThirdParty:981 - CMSIS Pack Vendor :STMicroelectronics X-CUBE-TOUCHGFX 4.22.0
2024-04-27 15:06:23,754 [INFO] ThirdParty:981 - CMSIS Pack Vendor :STMicroelectronics X-CUBE-NFC7 1.0.1
2024-04-27 15:06:23,754 [INFO] ThirdParty:981 - CMSIS Pack Vendor :STMicroelectronics MBEDTLS 2.14.1
2024-04-27 15:06:23,754 [INFO] ThirdParty:981 - CMSIS Pack Vendor :STMicroelectronics X-CUBE-NFC7 1.0.0
2024-04-27 15:06:23,755 [INFO] ThirdParty:981 - CMSIS Pack Vendor :STMicroelectronics X-CUBE-NFC6 3.0.0
2024-04-27 15:06:23,755 [INFO] ThirdParty:981 - CMSIS Pack Vendor :STMicroelectronics X-CUBE-MEMS1 9.3.0
2024-04-27 15:06:23,755 [INFO] ThirdParty:981 - CMSIS Pack Vendor :STMicroelectronics X-CUBE-EEPRMA1 4.1.0
2024-04-27 15:06:23,755 [INFO] ThirdParty:981 - CMSIS Pack Vendor :STMicroelectronics X-CUBE-AI 7.2.0
2024-04-27 15:06:23,755 [INFO] ThirdParty:981 - CMSIS Pack Vendor :STMicroelectronics X-CUBE-BLEMGR 3.1.0
2024-04-27 15:06:23,755 [INFO] ThirdParty:981 - CMSIS Pack Vendor :STMicroelectronics FP-SNS-SMARTAG2 1.2.0
2024-04-27 15:06:23,755 [INFO] ThirdParty:981 - CMSIS Pack Vendor :STMicroelectronics X-CUBE-AZRTOS-WL 2.0.0
2024-04-27 15:06:23,755 [INFO] ThirdParty:981 - CMSIS Pack Vendor :STMicroelectronics FP-SNS-MOTENV1 5.0.0
2024-04-27 15:06:23,755 [INFO] ThirdParty:981 - CMSIS Pack Vendor :STMicroelectronics USB_DEVICE 1.0.0
2024-04-27 15:06:23,755 [INFO] ThirdParty:981 - CMSIS Pack Vendor :STMicroelectronics X-CUBE-AI 8.1.0
2024-04-27 15:06:23,755 [INFO] ThirdParty:981 - CMSIS Pack Vendor :STMicroelectronics X-CUBE-AZRTOS-L4 2.0.0
2024-04-27 15:06:23,755 [INFO] ThirdParty:981 - CMSIS Pack Vendor :STMicroelectronics ThreadX 0.0.2
2024-04-27 15:06:23,755 [INFO] ThirdParty:981 - CMSIS Pack Vendor :WES I-CUBE-Cesium 1.3.0
2024-04-27 15:06:23,755 [INFO] ThirdParty:981 - CMSIS Pack Vendor :STMicroelectronics lwIP 2.1.2
2024-04-27 15:06:23,755 [INFO] ThirdParty:981 - CMSIS Pack Vendor :STMicroelectronics X-CUBE-SFXS2LP1 4.0.0
2024-04-27 15:06:23,755 [INFO] ThirdParty:981 - CMSIS Pack Vendor :STMicroelectronics X-CUBE-BLE2 3.3.0
2024-04-27 15:06:23,755 [INFO] ThirdParty:981 - CMSIS Pack Vendor :STMicroelectronics X-CUBE-DISPLAY 2.2.0
2024-04-27 15:06:23,755 [INFO] ThirdParty:981 - CMSIS Pack Vendor :STMicroelectronics X-CUBE-TOF1 3.2.0
2024-04-27 15:06:23,755 [INFO] ThirdParty:981 - CMSIS Pack Vendor :STMicroelectronics PDM2PCM 3.2.0
2024-04-27 15:06:23,755 [INFO] ThirdParty:981 - CMSIS Pack Vendor :STMicroelectronics X-CUBE-AZRTOS-H7 3.0.0
2024-04-27 15:06:23,755 [INFO] ThirdParty:981 - CMSIS Pack Vendor :STMicroelectronics X-CUBE-ISPU 1.0.0
2024-04-27 15:06:23,755 [INFO] ThirdParty:981 - CMSIS Pack Vendor :STMicroelectronics X-CUBE-ISPU 1.1.0
2024-04-27 15:06:23,755 [INFO] ThirdParty:981 - CMSIS Pack Vendor :RoweBots I-CUBE-UNISONRTOS 5.5.0-4
2024-04-27 15:06:23,755 [INFO] ThirdParty:981 - CMSIS Pack Vendor :STMicroelectronics X-CUBE-AZRTOS-H7 2.1.0
2024-04-27 15:06:23,755 [INFO] ThirdParty:981 - CMSIS Pack Vendor :STMicroelectronics USB_DEVICE 3.0.0
2024-04-27 15:06:23,755 [INFO] ThirdParty:981 - CMSIS Pack Vendor :STMicroelectronics X-CUBE-TCPP 4.1.0
2024-04-27 15:06:23,755 [INFO] ThirdParty:981 - CMSIS Pack Vendor :STMicroelectronics X-CUBE-AI 8.0.0
2024-04-27 15:06:23,755 [INFO] ThirdParty:981 - CMSIS Pack Vendor :STMicroelectronics X-CUBE-AZRTOS-WB 2.0.0
2024-04-27 15:06:23,755 [INFO] ThirdParty:981 - CMSIS Pack Vendor :STMicroelectronics X-CUBE-FREERTOS 1.0.0
2024-04-27 15:06:23,755 [INFO] ThirdParty:981 - CMSIS Pack Vendor :STMicroelectronics X-CUBE-FREERTOS 1.0.1
2024-04-27 15:06:23,755 [INFO] ThirdParty:981 - CMSIS Pack Vendor :STMicroelectronics X-CUBE-TOUCHGFX 4.21.1
2024-04-27 15:06:23,755 [INFO] ThirdParty:981 - CMSIS Pack Vendor :STMicroelectronics X-CUBE-TOUCHGFX 4.21.3
2024-04-27 15:06:23,755 [INFO] ThirdParty:981 - CMSIS Pack Vendor :STMicroelectronics X-CUBE-BLEMGR 1.0.0
2024-04-27 15:06:23,755 [INFO] ThirdParty:981 - CMSIS Pack Vendor :STMicroelectronics X-CUBE-TOUCHGFX 4.21.4
2024-04-27 15:06:23,755 [INFO] ThirdParty:981 - CMSIS Pack Vendor :STMicroelectronics X-CUBE-MEMS1 9.4.0
2024-04-27 15:06:23,755 [INFO] ThirdParty:981 - CMSIS Pack Vendor :STMicroelectronics X-CUBE-AI 7.3.0
2024-04-27 15:06:23,755 [INFO] ThirdParty:981 - CMSIS Pack Vendor :STMicroelectronics X-CUBE-ALGOBUILD 1.3.0
2024-04-27 15:06:23,755 [INFO] ThirdParty:981 - CMSIS Pack Vendor :STMicroelectronics X-CUBE-AZRTOS-L5 1.1.0
2024-04-27 15:06:23,755 [INFO] ThirdParty:981 - CMSIS Pack Vendor :STMicroelectronics X-CUBE-AZRTOS-G0 1.1.0
2024-04-27 15:06:23,755 [INFO] ThirdParty:981 - CMSIS Pack Vendor :STMicroelectronics X-CUBE-AI 8.0.1
2024-04-27 15:06:23,755 [INFO] ThirdParty:981 - CMSIS Pack Vendor :STMicroelectronics X-CUBE-SAFEA1 1.2.2
2024-04-27 15:06:23,755 [INFO] ThirdParty:981 - CMSIS Pack Vendor :STMicroelectronics X-CUBE-NFC4 3.0.0
2024-04-27 15:06:23,755 [INFO] ThirdParty:981 - CMSIS Pack Vendor :SEGGER I-CUBE-embOS 1.2.0
2024-04-27 15:06:23,755 [INFO] ThirdParty:981 - CMSIS Pack Vendor :STMicroelectronics X-CUBE-SUBG2 5.0.0
2024-04-27 15:06:23,755 [INFO] ThirdParty:981 - CMSIS Pack Vendor :STMicroelectronics STM32_WPAN 1.0.0
2024-04-27 15:06:23,755 [INFO] ThirdParty:981 - CMSIS Pack Vendor :STMicroelectronics lwIP 2.0.3
2024-04-27 15:06:23,755 [INFO] ThirdParty:981 - CMSIS Pack Vendor :STMicroelectronics USB_HOST 1.0.0
2024-04-27 15:06:23,755 [INFO] ThirdParty:981 - CMSIS Pack Vendor :STMicroelectronics X-CUBE-TOF1 3.3.1
2024-04-27 15:06:23,755 [INFO] ThirdParty:981 - CMSIS Pack Vendor :STMicroelectronics X-CUBE-AZRTOS-G4 2.0.0
2024-04-27 15:06:23,755 [INFO] ThirdParty:981 - CMSIS Pack Vendor :STMicroelectronics PDM2PCM 3.1.0
2024-04-27 15:06:23,755 [INFO] ThirdParty:981 - CMSIS Pack Vendor :STMicroelectronics X-CUBE-TOF1 3.3.0
2024-04-27 15:06:23,755 [INFO] ThirdParty:981 - CMSIS Pack Vendor :STMicroelectronics FP-ATR-ASTRA1 1.1.1
2024-04-27 15:06:23,755 [INFO] ThirdParty:981 - CMSIS Pack Vendor :Infineon AIROC-Wi-Fi-Bluetooth-STM32 1.5.1
2024-04-27 15:06:23,755 [INFO] ThirdParty:981 - CMSIS Pack Vendor :STMicroelectronics X-CUBE-BLEMGR 3.0.0
2024-04-27 15:06:23,756 [INFO] ThirdParty:981 - CMSIS Pack Vendor :STMicroelectronics X-CUBE-BLEMGR 1.3.0
2024-04-27 15:06:23,756 [INFO] ThirdParty:981 - CMSIS Pack Vendor :STMicroelectronics FP-SNS-MOTENVWB1 1.3.1
2024-04-27 15:06:23,756 [INFO] ThirdParty:981 - CMSIS Pack Vendor :STMicroelectronics FP-ATR-SIGFOX1 3.2.0
2024-04-27 15:06:23,756 [INFO] ThirdParty:981 - CMSIS Pack Vendor :STMicroelectronics X-CUBE-AZRTOS-G4 1.0.0
2024-04-27 15:06:23,756 [INFO] ThirdParty:981 - CMSIS Pack Vendor :STMicroelectronics X-CUBE-AZRTOS-L4 1.0.0
2024-04-27 15:06:23,756 [INFO] ThirdParty:981 - CMSIS Pack Vendor :STMicroelectronics X-CUBE-ISPU 2.0.0
2024-04-27 15:06:23,756 [INFO] ThirdParty:981 - CMSIS Pack Vendor :STMicroelectronics X-CUBE-EEPRMA1 5.1.0
2024-04-27 15:06:23,756 [INFO] ThirdParty:981 - CMSIS Pack Vendor :STMicroelectronics MBEDTLS 2.16.2
2024-04-27 15:06:23,756 [INFO] ThirdParty:981 - CMSIS Pack Vendor :emotas I-CUBE-CANOPEN 1.1.2
2024-04-27 15:06:23,756 [INFO] ThirdParty:981 - CMSIS Pack Vendor :STMicroelectronics X-CUBE-TOUCHGFX 4.20.0
2024-04-27 15:06:23,756 [INFO] ThirdParty:981 - CMSIS Pack Vendor :STMicroelectronics X-CUBE-MEMS1 10.0.0
2024-04-27 15:06:23,756 [INFO] ThirdParty:981 - CMSIS Pack Vendor :STMicroelectronics X-CUBE-FREERTOS 1.1.0
2024-04-27 15:06:23,756 [INFO] ThirdParty:981 - CMSIS Pack Vendor :STMicroelectronics X-CUBE-AZRTOS-WL 1.0.0
2024-04-27 15:06:23,756 [INFO] ThirdParty:981 - CMSIS Pack Vendor :portGmbH I-Cube-SoM-uGOAL 1.1.0
2024-04-27 15:06:23,756 [INFO] ThirdParty:981 - CMSIS Pack Vendor :STMicroelectronics X-CUBE-ALS 1.0.1
2024-04-27 15:06:23,756 [INFO] ThirdParty:981 - CMSIS Pack Vendor :STMicroelectronics X-CUBE-MEMS1 9.5.0
2024-04-27 15:06:23,756 [INFO] ThirdParty:981 - CMSIS Pack Vendor :STMicroelectronics ThreadX 1.0.0
2024-04-27 15:06:23,756 [INFO] ThirdParty:981 - CMSIS Pack Vendor :STMicroelectronics X-CUBE-AZRTOS-WB 1.1.0
2024-04-27 15:06:23,756 [INFO] ThirdParty:981 - CMSIS Pack Vendor :SEGGER I-CUBE-embOS 1.3.1
2024-04-27 15:06:23,756 [INFO] ThirdParty:981 - CMSIS Pack Vendor :STMicroelectronics X-CUBE-AZRTOS-L5 1.0.0
2024-04-27 15:06:23,756 [INFO] ThirdParty:981 - CMSIS Pack Vendor :STMicroelectronics X-CUBE-EEPRMA1 3.1.1
2024-04-27 15:06:23,756 [INFO] ThirdParty:981 - CMSIS Pack Vendor :STMicroelectronics X-CUBE-AZRTOS-H7RS 1.0.0
2024-04-27 15:06:23,756 [INFO] ThirdParty:981 - CMSIS Pack Vendor :STMicroelectronics FP-ATR-ASTRA1 2.0.0
2024-04-27 15:06:23,756 [INFO] ThirdParty:981 - CMSIS Pack Vendor :STMicroelectronics X-CUBE-TOF1 3.4.0
2024-04-27 15:06:23,756 [INFO] ThirdParty:981 - CMSIS Pack Vendor :STMicroelectronics X-CUBE-TOF1 3.4.1
2024-04-27 15:06:23,756 [INFO] ThirdParty:981 - CMSIS Pack Vendor :STMicroelectronics X-CUBE-AZRTOS-H7 3.2.0
2024-04-27 15:06:23,756 [INFO] ThirdParty:797 - exiting critical section [change project]
2024-04-27 15:06:24,122 [INFO] PinOutPanel:1468 - setPackage(No Configuration,No Configuration)
2024-04-27 15:06:24,123 [INFO] PinOutPanel:1468 - setPackage(STM32G474RETx,LQFP64)
2024-04-27 15:06:24,589 [INFO] UtilMem:74 - Before build in PCC Used Memory: 389868376 Bytes (515899392)
2024-04-27 15:06:25,366 [INFO] UtilMem:74 - After build in PCC Used Memory: 358915272 Bytes (515899392)
2024-04-27 15:06:25,391 [INFO] IPUIPlugin:79 - create IPUIPlugin
2024-04-27 15:06:25,392 [INFO] IPUIPlugin:79 - create IPUIPlugin
2024-04-27 15:06:25,392 [INFO] IPUIPlugin:79 - create IPUIPlugin
2024-04-27 15:06:25,392 [INFO] IPUIPlugin:79 - create IPUIPlugin
2024-04-27 15:06:25,392 [INFO] IPUIPlugin:79 - create IPUIPlugin
2024-04-27 15:06:25,392 [INFO] IPUIPlugin:79 - create IPUIPlugin
2024-04-27 15:06:25,392 [INFO] IPUIPlugin:79 - create IPUIPlugin
2024-04-27 15:06:25,392 [INFO] IPUIPlugin:79 - create IPUIPlugin
2024-04-27 15:06:25,392 [INFO] IPUIPlugin:79 - create IPUIPlugin
2024-04-27 15:06:25,392 [INFO] IPUIPlugin:79 - create IPUIPlugin
2024-04-27 15:06:25,392 [INFO] IPUIPlugin:79 - create IPUIPlugin
2024-04-27 15:06:25,394 [INFO] IPUIPlugin:79 - create IPUIPlugin
2024-04-27 15:06:25,394 [INFO] IPUIPlugin:79 - create IPUIPlugin
2024-04-27 15:06:25,394 [INFO] IPUIPlugin:79 - create IPUIPlugin
2024-04-27 15:06:25,394 [INFO] IPUIPlugin:79 - create IPUIPlugin
2024-04-27 15:06:25,395 [INFO] IPUIPlugin:79 - create IPUIPlugin
2024-04-27 15:06:25,395 [INFO] IPUIPlugin:79 - create IPUIPlugin
2024-04-27 15:06:25,395 [INFO] IPUIPlugin:79 - create IPUIPlugin
2024-04-27 15:06:25,395 [INFO] IPUIPlugin:79 - create IPUIPlugin
2024-04-27 15:06:25,396 [INFO] IPUIPlugin:79 - create IPUIPlugin
2024-04-27 15:06:25,396 [INFO] IPUIPlugin:79 - create IPUIPlugin
2024-04-27 15:06:25,396 [INFO] IPUIPlugin:79 - create IPUIPlugin
2024-04-27 15:06:25,396 [INFO] IPUIPlugin:79 - create IPUIPlugin
2024-04-27 15:06:25,396 [INFO] IPUIPlugin:79 - create IPUIPlugin
2024-04-27 15:06:25,397 [INFO] IPUIPlugin:79 - create IPUIPlugin
2024-04-27 15:06:25,397 [INFO] IPUIPlugin:79 - create IPUIPlugin
2024-04-27 15:06:25,397 [INFO] IPUIPlugin:79 - create IPUIPlugin
2024-04-27 15:06:25,398 [INFO] IPUIPlugin:79 - create IPUIPlugin
2024-04-27 15:06:25,398 [INFO] IPUIPlugin:79 - create IPUIPlugin
2024-04-27 15:06:25,398 [INFO] IPUIPlugin:79 - create IPUIPlugin
2024-04-27 15:06:25,398 [INFO] IPUIPlugin:79 - create IPUIPlugin
2024-04-27 15:06:25,398 [INFO] IPUIPlugin:79 - create IPUIPlugin
2024-04-27 15:06:25,399 [INFO] IPUIPlugin:79 - create IPUIPlugin
2024-04-27 15:06:25,399 [INFO] IPUIPlugin:79 - create IPUIPlugin
2024-04-27 15:06:25,399 [INFO] IPUIPlugin:79 - create IPUIPlugin
2024-04-27 15:06:25,399 [INFO] IPUIPlugin:79 - create IPUIPlugin
2024-04-27 15:06:25,399 [INFO] IPUIPlugin:79 - create IPUIPlugin
2024-04-27 15:06:25,400 [INFO] IPUIPlugin:79 - create IPUIPlugin
2024-04-27 15:06:25,400 [INFO] IPUIPlugin:79 - create IPUIPlugin
2024-04-27 15:06:25,400 [INFO] IPUIPlugin:79 - create IPUIPlugin
2024-04-27 15:06:25,400 [INFO] IPUIPlugin:79 - create IPUIPlugin
2024-04-27 15:06:25,401 [INFO] IPUIPlugin:79 - create IPUIPlugin
2024-04-27 15:06:25,401 [INFO] IPUIPlugin:79 - create IPUIPlugin
2024-04-27 15:06:25,401 [INFO] IPUIPlugin:79 - create IPUIPlugin
2024-04-27 15:06:25,401 [INFO] IPUIPlugin:79 - create IPUIPlugin
2024-04-27 15:06:25,401 [INFO] IPUIPlugin:79 - create IPUIPlugin
2024-04-27 15:06:25,402 [INFO] IPUIPlugin:79 - create IPUIPlugin
2024-04-27 15:06:25,402 [INFO] IPUIPlugin:79 - create IPUIPlugin
2024-04-27 15:06:25,403 [INFO] IPUIPlugin:79 - create IPUIPlugin
2024-04-27 15:06:25,403 [INFO] IPUIPlugin:79 - create IPUIPlugin
2024-04-27 15:06:25,403 [INFO] IPUIPlugin:79 - create IPUIPlugin
2024-04-27 15:06:25,404 [INFO] IPUIPlugin:79 - create IPUIPlugin
2024-04-27 15:06:25,404 [INFO] IPUIPlugin:79 - create IPUIPlugin
2024-04-27 15:06:25,404 [INFO] IPUIPlugin:79 - create IPUIPlugin
2024-04-27 15:06:25,404 [INFO] IPUIPlugin:79 - create IPUIPlugin
2024-04-27 15:06:25,405 [INFO] IPUIPlugin:79 - create IPUIPlugin
2024-04-27 15:06:25,405 [INFO] IPUIPlugin:79 - create IPUIPlugin
2024-04-27 15:06:25,405 [INFO] IPUIPlugin:79 - create IPUIPlugin
2024-04-27 15:06:25,406 [INFO] IPUIPlugin:79 - create IPUIPlugin
2024-04-27 15:06:25,406 [INFO] IPUIPlugin:79 - create IPUIPlugin
2024-04-27 15:06:25,406 [INFO] IPUIPlugin:79 - create IPUIPlugin
2024-04-27 15:06:25,406 [INFO] IPUIPlugin:79 - create IPUIPlugin
2024-04-27 15:06:25,407 [INFO] IPUIPlugin:79 - create IPUIPlugin
2024-04-27 15:06:25,407 [INFO] IPUIPlugin:79 - create IPUIPlugin
2024-04-27 15:06:25,407 [INFO] IPUIPlugin:79 - create IPUIPlugin
2024-04-27 15:06:25,407 [INFO] IPUIPlugin:79 - create IPUIPlugin
2024-04-27 15:06:25,408 [INFO] IPUIPlugin:79 - create IPUIPlugin
2024-04-27 15:06:25,408 [INFO] IPUIPlugin:79 - create IPUIPlugin
2024-04-27 15:06:25,408 [INFO] IPUIPlugin:79 - create IPUIPlugin
2024-04-27 15:06:25,409 [INFO] IPUIPlugin:79 - create IPUIPlugin
2024-04-27 15:06:25,409 [INFO] IPUIPlugin:79 - create IPUIPlugin
2024-04-27 15:06:25,410 [INFO] IPUIPlugin:79 - create IPUIPlugin
2024-04-27 15:06:25,410 [INFO] IPUIPlugin:79 - create IPUIPlugin
2024-04-27 15:06:25,411 [INFO] IPUIPlugin:79 - create IPUIPlugin
2024-04-27 15:06:25,411 [INFO] IPUIPlugin:79 - create IPUIPlugin
2024-04-27 15:06:25,411 [INFO] IPUIPlugin:79 - create IPUIPlugin
2024-04-27 15:06:25,411 [INFO] IPUIPlugin:79 - create IPUIPlugin
2024-04-27 15:06:25,573 [INFO] OpenFileManager:327 - Restore cursor
2024-04-27 15:24:04,871 [INFO] ADCParametersView:113 -                Rank 1 : false
2024-04-27 15:24:04,931 [INFO] ADCParametersView:113 -                Rank 1 : false
2024-04-27 15:24:04,931 [INFO] ADCParametersView:113 -                Rank 1 : false
2024-04-27 15:24:04,931 [INFO] ADCParametersView:113 -                Rank 1 : false
2024-04-27 15:24:04,931 [INFO] ADCParametersView:113 -                Rank 1 : false
2024-04-27 15:24:04,931 [INFO] ADCParametersView:113 -                Rank 1 : false
2024-04-27 15:24:04,931 [INFO] ADCParametersView:113 -                Rank 1 : false
2024-04-27 15:24:04,931 [INFO] ADCParametersView:113 -                Rank 1 : false
2024-04-27 15:24:04,931 [INFO] ADCParametersView:113 -                Rank 1 : false
2024-04-27 15:24:04,931 [INFO] ADCParametersView:113 -                Rank 1 : false
2024-04-27 15:24:04,932 [INFO] ADCParametersView:113 -                Rank 1 : false
2024-04-27 15:24:04,932 [INFO] ADCParametersView:113 -                Rank 1 : false
2024-04-27 15:24:04,932 [INFO] ADCParametersView:113 -                Rank 1 : false
2024-04-27 15:24:04,932 [INFO] ADCParametersView:113 -                Rank 1 : false
2024-04-27 15:24:04,932 [INFO] ADCParametersView:113 -                Rank 1 : false
2024-04-27 15:24:04,932 [INFO] ADCParametersView:113 -                Rank 1 : false
2024-04-27 15:24:04,932 [INFO] ADCParametersView:113 -                Rank 1 : false
2024-04-27 15:24:04,932 [INFO] ADCParametersView:113 -                Rank 1 : false
2024-04-27 15:24:04,932 [INFO] ADCParametersView:113 -                Rank 1 : false
2024-04-27 15:24:04,932 [INFO] ADCParametersView:113 -                Rank 1 : false
2024-04-27 15:24:04,932 [INFO] ADCParametersView:113 -                Rank 1 : false
2024-04-27 15:24:04,932 [INFO] ADCParametersView:113 -                Rank 1 : false
2024-04-27 15:24:04,941 [INFO] ADCParametersView:113 -                Rank 1 : false
2024-04-27 15:24:36,716 [INFO] NvicIntPanel:100 - NVIC parent = com.st.microxplorer.plugins.ip.nvic.MultiNvicIntPanel[,0,0,0x0,invalid,layout=javax.swing.BoxLayout,alignmentX=0.0,alignmentY=0.0,border=,flags=9,maximumSize=,minimumSize=,preferredSize=]
2024-04-27 15:24:52,544 [INFO] NvicIntPanel:100 - NVIC parent = com.st.microxplorer.plugins.ip.nvic.MultiNvicIntPanel[,0,0,0x0,invalid,layout=javax.swing.BoxLayout,alignmentX=0.0,alignmentY=0.0,border=,flags=9,maximumSize=,minimumSize=,preferredSize=]
2024-04-27 15:24:56,498 [INFO] UtilMem:74 - End SaveConfig() Used Memory: 393271216 Bytes (515899392)
2024-04-27 15:24:57,745 [INFO] UtilMem:74 - End SaveConfig() Used Memory: 296998352 Bytes (515899392)
2024-04-27 15:24:58,585 [INFO] UtilMem:74 - End SaveConfig() Used Memory: 326470832 Bytes (515899392)
2024-04-27 15:24:58,949 [INFO] BlockDiagram:2753 - set Specific Code input for plugin: TIM1_8G4
2024-04-27 15:24:58,950 [INFO] BlockDiagram:2753 - set Specific Code input for plugin: TIM1_8G4
2024-04-27 15:24:58,950 [INFO] BlockDiagram:2753 - set Specific Code input for plugin: SYS
2024-04-27 15:24:58,950 [INFO] BlockDiagram:2753 - set Specific Code input for plugin: ADC
2024-04-27 15:24:58,950 [INFO] BlockDiagram:2753 - set Specific Code input for plugin: RCC
2024-04-27 15:24:58,950 [INFO] BlockDiagram:2753 - set Specific Code input for plugin: NVIC
2024-04-27 15:24:58,950 [INFO] BlockDiagram:2753 - set Specific Code input for plugin: USART
2024-04-27 15:24:58,950 [INFO] BlockDiagram:2753 - set Specific Code input for plugin: GPIO
2024-04-27 15:24:58,953 [INFO] CodeGenerator:690 - code generatio: config db path: C:\ST\STM32CubeIDE_1.10.1\STM32CubeIDE\plugins\com.st.stm32cube.common.mx_6.6.1.202207061420\\db\
2024-04-27 15:24:59,190 [INFO] CodeEngine:245 - oldGeneratedFile, D:\Download\DeleteThis\TestSTMStandalone\MXTmpFiles\license.tmp_save
2024-04-27 15:24:59,468 [INFO] CodeEngine:269 - Generated code: D:\Download\DeleteThis\TestSTMStandalone\MXTmpFiles\license.tmp
2024-04-27 15:24:59,561 [INFO] CodeEngine:245 - oldGeneratedFile, D:\Download\DeleteThis\TestSTMStandalone\MXTmpFiles\gpio.tmp_save
2024-04-27 15:24:59,674 [INFO] CodeEngine:269 - Generated code: D:\Download\DeleteThis\TestSTMStandalone\MXTmpFiles\gpio.tmp
2024-04-27 15:24:59,948 [INFO] CodeEngine:245 - oldGeneratedFile, D:\Download\DeleteThis\TestSTMStandalone\Core\Src\stm32g4xx_it.c_save
2024-04-27 15:25:00,057 [INFO] CodeEngine:269 - Generated code: D:\Download\DeleteThis\TestSTMStandalone\Core\Src\stm32g4xx_it.c
2024-04-27 15:25:00,075 [INFO] CodeEngine:245 - oldGeneratedFile, D:\Download\DeleteThis\TestSTMStandalone\Core\Inc\stm32g4xx_it.h_save
2024-04-27 15:25:00,132 [INFO] CodeEngine:269 - Generated code: D:\Download\DeleteThis\TestSTMStandalone\Core\Inc\stm32g4xx_it.h
2024-04-27 15:25:00,151 [INFO] CodeEngine:245 - oldGeneratedFile, D:\Download\DeleteThis\TestSTMStandalone\Core\Src\stm32g4xx_hal_msp.c_save
2024-04-27 15:25:00,311 [INFO] CodeEngine:269 - Generated code: D:\Download\DeleteThis\TestSTMStandalone\Core\Src\stm32g4xx_hal_msp.c
2024-04-27 15:25:00,325 [INFO] CodeEngine:245 - oldGeneratedFile, D:\Download\DeleteThis\TestSTMStandalone\MXTmpFiles\system.tmp_save
2024-04-27 15:25:00,372 [INFO] CodeEngine:269 - Generated code: D:\Download\DeleteThis\TestSTMStandalone\MXTmpFiles\system.tmp
2024-04-27 15:25:00,394 [INFO] CodeEngine:245 - oldGeneratedFile, D:\Download\DeleteThis\TestSTMStandalone\Core\Inc\stm32g4xx_hal_conf.h_save
2024-04-27 15:25:00,462 [INFO] CodeEngine:269 - Generated code: D:\Download\DeleteThis\TestSTMStandalone\Core\Inc\stm32g4xx_hal_conf.h
2024-04-27 15:25:00,486 [WARN] IPConfigManager:2910 - Warning: the RefConfig RCC_CommonPeriphClockConfig is not available in your config.xml file
2024-04-27 15:25:00,488 [WARN] IPConfigManager:3348 - IP not found : TIM
2024-04-27 15:25:00,489 [WARN] CodeGenerator:3567 - IP not found : null
2024-04-27 15:25:00,506 [INFO] CodeEngine:245 - oldGeneratedFile, D:\Download\DeleteThis\TestSTMStandalone\Core\Inc\main.h_save
2024-04-27 15:25:00,565 [INFO] CodeEngine:269 - Generated code: D:\Download\DeleteThis\TestSTMStandalone\Core\Inc\main.h
2024-04-27 15:25:00,583 [INFO] CodeEngine:245 - oldGeneratedFile, D:\Download\DeleteThis\TestSTMStandalone\Core\Src\main.c_save
2024-04-27 15:25:00,725 [INFO] CodeEngine:269 - Generated code: D:\Download\DeleteThis\TestSTMStandalone\Core\Src\main.c
2024-04-27 15:25:01,173 [INFO] ProjectBuilder:2919 - Time for Copy HAL[1] : 142mS.
2024-04-27 15:25:01,180 [INFO] ProjectBuilder:4117 - Project Generator version: 3.17.1
2024-04-27 15:25:01,364 [INFO] ConfigFileManager:1394 - The Die is : DIE469
2024-04-27 15:25:01,377 [INFO] ApiDbMcu:505 - Load IP Config File for FATFS
2024-04-27 15:25:01,387 [INFO] ApiDbMcu:505 - Load IP Config File for FREERTOS
2024-04-27 15:25:01,400 [INFO] ApiDbMcu:505 - Load IP Config File for USBPD
2024-04-27 15:25:01,413 [INFO] ApiDbMcu:505 - Load IP Config File for USB_Device
2024-04-27 15:25:03,293 [INFO] ProjectBuilder:4285 - Time for Generating toolchain IDE Files: 2111mS.
2024-04-27 15:25:03,294 [INFO] ProjectBuilder:2790 - Time for Copy CMSIS : 1mS.
2024-04-27 15:25:03,295 [INFO] ProjectBuilder:2790 - Time for Copy CMSIS : 0mS.
2024-04-27 15:37:59,214 [INFO] NvicIntPanel:100 - NVIC parent = com.st.microxplorer.plugins.ip.nvic.MultiNvicIntPanel[,0,0,572x339,layout=javax.swing.BoxLayout,alignmentX=0.0,alignmentY=0.0,border=,flags=9,maximumSize=,minimumSize=,preferredSize=]
2024-04-27 15:38:00,723 [INFO] NvicIntPanel:100 - NVIC parent = com.st.microxplorer.plugins.ip.nvic.MultiNvicIntPanel[,0,0,0x0,invalid,layout=javax.swing.BoxLayout,alignmentX=0.0,alignmentY=0.0,border=,flags=9,maximumSize=,minimumSize=,preferredSize=]
2024-04-27 15:38:02,499 [INFO] UtilMem:74 - End SaveConfig() Used Memory: 562938048 Bytes (789577728)
2024-04-27 15:38:03,902 [INFO] UtilMem:74 - End SaveConfig() Used Memory: 591771840 Bytes (789577728)
2024-04-27 15:38:05,195 [INFO] UtilMem:74 - End SaveConfig() Used Memory: 640020552 Bytes (789577728)
2024-04-27 15:38:05,328 [INFO] BlockDiagram:2753 - set Specific Code input for plugin: TIM1_8G4
2024-04-27 15:38:05,329 [INFO] BlockDiagram:2753 - set Specific Code input for plugin: TIM1_8G4
2024-04-27 15:38:05,329 [INFO] BlockDiagram:2753 - set Specific Code input for plugin: SYS
2024-04-27 15:38:05,329 [INFO] BlockDiagram:2753 - set Specific Code input for plugin: ADC
2024-04-27 15:38:05,329 [INFO] BlockDiagram:2753 - set Specific Code input for plugin: RCC
2024-04-27 15:38:05,329 [INFO] BlockDiagram:2753 - set Specific Code input for plugin: NVIC
2024-04-27 15:38:05,329 [INFO] BlockDiagram:2753 - set Specific Code input for plugin: USART
2024-04-27 15:38:05,329 [INFO] BlockDiagram:2753 - set Specific Code input for plugin: GPIO
2024-04-27 15:38:05,329 [INFO] CodeGenerator:690 - code generatio: config db path: C:\ST\STM32CubeIDE_1.10.1\STM32CubeIDE\plugins\com.st.stm32cube.common.mx_6.6.1.202207061420\\db\
2024-04-27 15:38:05,428 [INFO] CodeEngine:245 - oldGeneratedFile, D:\Download\DeleteThis\TestSTMStandalone\MXTmpFiles\license.tmp_save
2024-04-27 15:38:05,487 [INFO] CodeEngine:269 - Generated code: D:\Download\DeleteThis\TestSTMStandalone\MXTmpFiles\license.tmp
2024-04-27 15:38:05,507 [INFO] CodeEngine:245 - oldGeneratedFile, D:\Download\DeleteThis\TestSTMStandalone\MXTmpFiles\gpio.tmp_save
2024-04-27 15:38:05,563 [INFO] CodeEngine:269 - Generated code: D:\Download\DeleteThis\TestSTMStandalone\MXTmpFiles\gpio.tmp
2024-04-27 15:38:05,698 [INFO] CodeEngine:245 - oldGeneratedFile, D:\Download\DeleteThis\TestSTMStandalone\Core\Src\stm32g4xx_it.c_save
2024-04-27 15:38:05,777 [INFO] CodeEngine:269 - Generated code: D:\Download\DeleteThis\TestSTMStandalone\Core\Src\stm32g4xx_it.c
2024-04-27 15:38:05,784 [INFO] CodeEngine:245 - oldGeneratedFile, D:\Download\DeleteThis\TestSTMStandalone\Core\Inc\stm32g4xx_it.h_save
2024-04-27 15:38:05,837 [INFO] CodeEngine:269 - Generated code: D:\Download\DeleteThis\TestSTMStandalone\Core\Inc\stm32g4xx_it.h
2024-04-27 15:38:05,852 [INFO] CodeEngine:245 - oldGeneratedFile, D:\Download\DeleteThis\TestSTMStandalone\Core\Src\stm32g4xx_hal_msp.c_save
2024-04-27 15:38:05,939 [INFO] CodeEngine:269 - Generated code: D:\Download\DeleteThis\TestSTMStandalone\Core\Src\stm32g4xx_hal_msp.c
2024-04-27 15:38:05,947 [INFO] CodeEngine:245 - oldGeneratedFile, D:\Download\DeleteThis\TestSTMStandalone\MXTmpFiles\system.tmp_save
2024-04-27 15:38:05,982 [INFO] CodeEngine:269 - Generated code: D:\Download\DeleteThis\TestSTMStandalone\MXTmpFiles\system.tmp
2024-04-27 15:38:05,991 [INFO] CodeEngine:245 - oldGeneratedFile, D:\Download\DeleteThis\TestSTMStandalone\Core\Inc\stm32g4xx_hal_conf.h_save
2024-04-27 15:38:06,057 [INFO] CodeEngine:269 - Generated code: D:\Download\DeleteThis\TestSTMStandalone\Core\Inc\stm32g4xx_hal_conf.h
2024-04-27 15:38:06,080 [WARN] IPConfigManager:2910 - Warning: the RefConfig RCC_CommonPeriphClockConfig is not available in your config.xml file
2024-04-27 15:38:06,081 [WARN] IPConfigManager:3348 - IP not found : TIM
2024-04-27 15:38:06,081 [WARN] CodeGenerator:3567 - IP not found : null
2024-04-27 15:38:06,091 [INFO] CodeEngine:245 - oldGeneratedFile, D:\Download\DeleteThis\TestSTMStandalone\Core\Inc\main.h_save
2024-04-27 15:38:06,137 [INFO] CodeEngine:269 - Generated code: D:\Download\DeleteThis\TestSTMStandalone\Core\Inc\main.h
2024-04-27 15:38:06,146 [INFO] CodeEngine:245 - oldGeneratedFile, D:\Download\DeleteThis\TestSTMStandalone\Core\Src\main.c_save
2024-04-27 15:38:06,231 [INFO] CodeEngine:269 - Generated code: D:\Download\DeleteThis\TestSTMStandalone\Core\Src\main.c
2024-04-27 15:38:06,591 [INFO] ProjectBuilder:2919 - Time for Copy HAL[1] : 69mS.
2024-04-27 15:38:06,594 [INFO] ProjectBuilder:4117 - Project Generator version: 3.17.1
2024-04-27 15:38:06,784 [INFO] ConfigFileManager:1394 - The Die is : DIE469
2024-04-27 15:38:07,491 [INFO] ProjectBuilder:4285 - Time for Generating toolchain IDE Files: 897mS.
2024-04-27 15:38:07,491 [INFO] ProjectBuilder:2790 - Time for Copy CMSIS : 0mS.
2024-04-27 15:38:07,498 [INFO] ProjectBuilder:2790 - Time for Copy CMSIS : 0mS.
2024-04-27 18:18:41,756 [INFO] NvicIntPanel:100 - NVIC parent = com.st.microxplorer.plugins.ip.nvic.MultiNvicIntPanel[,0,0,0x0,invalid,layout=javax.swing.BoxLayout,alignmentX=0.0,alignmentY=0.0,border=,flags=9,maximumSize=,minimumSize=,preferredSize=]
2024-04-27 18:18:45,135 [INFO] NvicIntPanel:100 - NVIC parent = com.st.microxplorer.plugins.ip.nvic.MultiNvicIntPanel[,0,0,0x0,invalid,layout=javax.swing.BoxLayout,alignmentX=0.0,alignmentY=0.0,border=,flags=9,maximumSize=,minimumSize=,preferredSize=]
2024-04-27 18:18:46,403 [INFO] NvicIntPanel:100 - NVIC parent = com.st.microxplorer.plugins.ip.nvic.MultiNvicIntPanel[,0,0,0x0,invalid,layout=javax.swing.BoxLayout,alignmentX=0.0,alignmentY=0.0,border=,flags=9,maximumSize=,minimumSize=,preferredSize=]
2024-04-27 18:19:26,147 [INFO] NvicIntPanel:100 - NVIC parent = com.st.microxplorer.plugins.ip.nvic.MultiNvicIntPanel[,0,0,0x0,invalid,layout=javax.swing.BoxLayout,alignmentX=0.0,alignmentY=0.0,border=,flags=9,maximumSize=,minimumSize=,preferredSize=]
2024-04-27 18:19:43,084 [INFO] NvicIntPanel:100 - NVIC parent = com.st.microxplorer.plugins.ip.nvic.MultiNvicIntPanel[,0,0,0x0,invalid,layout=javax.swing.BoxLayout,alignmentX=0.0,alignmentY=0.0,border=,flags=9,maximumSize=,minimumSize=,preferredSize=]
2024-04-27 18:19:44,505 [INFO] UtilMem:74 - End SaveConfig() Used Memory: 312819400 Bytes (789577728)
2024-04-27 18:19:46,470 [INFO] UtilMem:74 - End SaveConfig() Used Memory: 342179528 Bytes (789577728)
2024-04-27 18:19:51,386 [INFO] UtilMem:74 - End SaveConfig() Used Memory: 391988936 Bytes (789577728)
2024-04-27 18:19:51,517 [INFO] BlockDiagram:2753 - set Specific Code input for plugin: TIM1_8G4
2024-04-27 18:19:51,517 [INFO] BlockDiagram:2753 - set Specific Code input for plugin: TIM1_8G4
2024-04-27 18:19:51,517 [INFO] BlockDiagram:2753 - set Specific Code input for plugin: SYS
2024-04-27 18:19:51,517 [INFO] BlockDiagram:2753 - set Specific Code input for plugin: ADC
2024-04-27 18:19:51,517 [INFO] BlockDiagram:2753 - set Specific Code input for plugin: RCC
2024-04-27 18:19:51,517 [INFO] BlockDiagram:2753 - set Specific Code input for plugin: NVIC
2024-04-27 18:19:51,517 [INFO] BlockDiagram:2753 - set Specific Code input for plugin: USART
2024-04-27 18:19:51,518 [INFO] BlockDiagram:2753 - set Specific Code input for plugin: GPIO
2024-04-27 18:19:51,519 [INFO] CodeGenerator:690 - code generatio: config db path: C:\ST\STM32CubeIDE_1.10.1\STM32CubeIDE\plugins\com.st.stm32cube.common.mx_6.6.1.202207061420\\db\
2024-04-27 18:19:51,664 [INFO] CodeEngine:245 - oldGeneratedFile, D:\Download\DeleteThis\TestSTMStandalone\MXTmpFiles\license.tmp_save
2024-04-27 18:19:51,736 [INFO] CodeEngine:269 - Generated code: D:\Download\DeleteThis\TestSTMStandalone\MXTmpFiles\license.tmp
2024-04-27 18:19:51,756 [INFO] CodeEngine:245 - oldGeneratedFile, D:\Download\DeleteThis\TestSTMStandalone\MXTmpFiles\gpio.tmp_save
2024-04-27 18:19:51,807 [INFO] CodeEngine:269 - Generated code: D:\Download\DeleteThis\TestSTMStandalone\MXTmpFiles\gpio.tmp
2024-04-27 18:19:51,914 [INFO] CodeEngine:245 - oldGeneratedFile, D:\Download\DeleteThis\TestSTMStandalone\Core\Src\stm32g4xx_it.c_save
2024-04-27 18:19:51,958 [INFO] CodeEngine:269 - Generated code: D:\Download\DeleteThis\TestSTMStandalone\Core\Src\stm32g4xx_it.c
2024-04-27 18:19:51,961 [INFO] CodeEngine:245 - oldGeneratedFile, D:\Download\DeleteThis\TestSTMStandalone\Core\Inc\stm32g4xx_it.h_save
2024-04-27 18:19:51,997 [INFO] CodeEngine:269 - Generated code: D:\Download\DeleteThis\TestSTMStandalone\Core\Inc\stm32g4xx_it.h
2024-04-27 18:19:52,006 [INFO] CodeEngine:245 - oldGeneratedFile, D:\Download\DeleteThis\TestSTMStandalone\Core\Src\stm32g4xx_hal_msp.c_save
2024-04-27 18:19:52,067 [INFO] CodeEngine:269 - Generated code: D:\Download\DeleteThis\TestSTMStandalone\Core\Src\stm32g4xx_hal_msp.c
2024-04-27 18:19:52,070 [INFO] CodeEngine:245 - oldGeneratedFile, D:\Download\DeleteThis\TestSTMStandalone\MXTmpFiles\system.tmp_save
2024-04-27 18:19:52,099 [INFO] CodeEngine:269 - Generated code: D:\Download\DeleteThis\TestSTMStandalone\MXTmpFiles\system.tmp
2024-04-27 18:19:52,108 [INFO] CodeEngine:245 - oldGeneratedFile, D:\Download\DeleteThis\TestSTMStandalone\Core\Inc\stm32g4xx_hal_conf.h_save
2024-04-27 18:19:52,162 [INFO] CodeEngine:269 - Generated code: D:\Download\DeleteThis\TestSTMStandalone\Core\Inc\stm32g4xx_hal_conf.h
2024-04-27 18:19:52,169 [WARN] IPConfigManager:2910 - Warning: the RefConfig RCC_CommonPeriphClockConfig is not available in your config.xml file
2024-04-27 18:19:52,170 [WARN] IPConfigManager:3348 - IP not found : TIM
2024-04-27 18:19:52,170 [WARN] CodeGenerator:3567 - IP not found : null
2024-04-27 18:19:52,177 [INFO] CodeEngine:245 - oldGeneratedFile, D:\Download\DeleteThis\TestSTMStandalone\Core\Inc\main.h_save
2024-04-27 18:19:52,223 [INFO] CodeEngine:269 - Generated code: D:\Download\DeleteThis\TestSTMStandalone\Core\Inc\main.h
2024-04-27 18:19:52,230 [INFO] CodeEngine:245 - oldGeneratedFile, D:\Download\DeleteThis\TestSTMStandalone\Core\Src\main.c_save
2024-04-27 18:19:52,330 [INFO] CodeEngine:269 - Generated code: D:\Download\DeleteThis\TestSTMStandalone\Core\Src\main.c
2024-04-27 18:19:52,630 [INFO] ProjectBuilder:2919 - Time for Copy HAL[1] : 89mS.
2024-04-27 18:19:52,632 [INFO] ProjectBuilder:4117 - Project Generator version: 3.17.1
2024-04-27 18:19:52,767 [INFO] ConfigFileManager:1394 - The Die is : DIE469
2024-04-27 18:19:53,403 [INFO] ProjectBuilder:4285 - Time for Generating toolchain IDE Files: 771mS.
2024-04-27 18:19:53,403 [INFO] ProjectBuilder:2790 - Time for Copy CMSIS : 0mS.
2024-04-27 18:19:53,404 [INFO] ProjectBuilder:2790 - Time for Copy CMSIS : 0mS.
2024-04-27 18:22:45,297 [INFO] NvicIntPanel:100 - NVIC parent = com.st.microxplorer.plugins.ip.nvic.MultiNvicIntPanel[,0,0,0x0,invalid,layout=javax.swing.BoxLayout,alignmentX=0.0,alignmentY=0.0,border=,flags=9,maximumSize=,minimumSize=,preferredSize=]
2024-04-27 18:22:46,007 [INFO] UtilMem:74 - End SaveConfig() Used Memory: 369391072 Bytes (789577728)
2024-04-27 18:22:47,455 [INFO] UtilMem:74 - End SaveConfig() Used Memory: 397176288 Bytes (789577728)
2024-04-27 18:22:48,839 [INFO] UtilMem:74 - End SaveConfig() Used Memory: 445937120 Bytes (789577728)
2024-04-27 18:22:48,953 [INFO] BlockDiagram:2753 - set Specific Code input for plugin: TIM1_8G4
2024-04-27 18:22:48,953 [INFO] BlockDiagram:2753 - set Specific Code input for plugin: TIM1_8G4
2024-04-27 18:22:48,953 [INFO] BlockDiagram:2753 - set Specific Code input for plugin: SYS
2024-04-27 18:22:48,953 [INFO] BlockDiagram:2753 - set Specific Code input for plugin: ADC
2024-04-27 18:22:48,953 [INFO] BlockDiagram:2753 - set Specific Code input for plugin: RCC
2024-04-27 18:22:48,953 [INFO] BlockDiagram:2753 - set Specific Code input for plugin: NVIC
2024-04-27 18:22:48,953 [INFO] BlockDiagram:2753 - set Specific Code input for plugin: USART
2024-04-27 18:22:48,954 [INFO] BlockDiagram:2753 - set Specific Code input for plugin: GPIO
2024-04-27 18:22:48,954 [INFO] CodeGenerator:690 - code generatio: config db path: C:\ST\STM32CubeIDE_1.10.1\STM32CubeIDE\plugins\com.st.stm32cube.common.mx_6.6.1.202207061420\\db\
2024-04-27 18:22:49,089 [INFO] CodeEngine:245 - oldGeneratedFile, D:\Download\DeleteThis\TestSTMStandalone\MXTmpFiles\license.tmp_save
2024-04-27 18:22:49,144 [INFO] CodeEngine:269 - Generated code: D:\Download\DeleteThis\TestSTMStandalone\MXTmpFiles\license.tmp
2024-04-27 18:22:49,170 [INFO] CodeEngine:245 - oldGeneratedFile, D:\Download\DeleteThis\TestSTMStandalone\MXTmpFiles\gpio.tmp_save
2024-04-27 18:22:49,223 [INFO] CodeEngine:269 - Generated code: D:\Download\DeleteThis\TestSTMStandalone\MXTmpFiles\gpio.tmp
2024-04-27 18:22:49,319 [INFO] CodeEngine:245 - oldGeneratedFile, D:\Download\DeleteThis\TestSTMStandalone\Core\Src\stm32g4xx_it.c_save
2024-04-27 18:22:49,378 [INFO] CodeEngine:269 - Generated code: D:\Download\DeleteThis\TestSTMStandalone\Core\Src\stm32g4xx_it.c
2024-04-27 18:22:49,381 [INFO] CodeEngine:245 - oldGeneratedFile, D:\Download\DeleteThis\TestSTMStandalone\Core\Inc\stm32g4xx_it.h_save
2024-04-27 18:22:49,413 [INFO] CodeEngine:269 - Generated code: D:\Download\DeleteThis\TestSTMStandalone\Core\Inc\stm32g4xx_it.h
2024-04-27 18:22:49,421 [INFO] CodeEngine:245 - oldGeneratedFile, D:\Download\DeleteThis\TestSTMStandalone\Core\Src\stm32g4xx_hal_msp.c_save
2024-04-27 18:22:49,496 [INFO] CodeEngine:269 - Generated code: D:\Download\DeleteThis\TestSTMStandalone\Core\Src\stm32g4xx_hal_msp.c
2024-04-27 18:22:49,499 [INFO] CodeEngine:245 - oldGeneratedFile, D:\Download\DeleteThis\TestSTMStandalone\MXTmpFiles\system.tmp_save
2024-04-27 18:22:49,528 [INFO] CodeEngine:269 - Generated code: D:\Download\DeleteThis\TestSTMStandalone\MXTmpFiles\system.tmp
2024-04-27 18:22:49,538 [INFO] CodeEngine:245 - oldGeneratedFile, D:\Download\DeleteThis\TestSTMStandalone\Core\Inc\stm32g4xx_hal_conf.h_save
2024-04-27 18:22:49,602 [INFO] CodeEngine:269 - Generated code: D:\Download\DeleteThis\TestSTMStandalone\Core\Inc\stm32g4xx_hal_conf.h
2024-04-27 18:22:49,613 [WARN] IPConfigManager:2910 - Warning: the RefConfig RCC_CommonPeriphClockConfig is not available in your config.xml file
2024-04-27 18:22:49,615 [WARN] IPConfigManager:3348 - IP not found : TIM
2024-04-27 18:22:49,615 [WARN] CodeGenerator:3567 - IP not found : null
2024-04-27 18:22:49,622 [INFO] CodeEngine:245 - oldGeneratedFile, D:\Download\DeleteThis\TestSTMStandalone\Core\Inc\main.h_save
2024-04-27 18:22:49,667 [INFO] CodeEngine:269 - Generated code: D:\Download\DeleteThis\TestSTMStandalone\Core\Inc\main.h
2024-04-27 18:22:49,676 [INFO] CodeEngine:245 - oldGeneratedFile, D:\Download\DeleteThis\TestSTMStandalone\Core\Src\main.c_save
2024-04-27 18:22:49,751 [INFO] CodeEngine:269 - Generated code: D:\Download\DeleteThis\TestSTMStandalone\Core\Src\main.c
2024-04-27 18:22:50,035 [INFO] ProjectBuilder:2919 - Time for Copy HAL[1] : 68mS.
2024-04-27 18:22:50,036 [INFO] ProjectBuilder:4117 - Project Generator version: 3.17.1
2024-04-27 18:22:50,197 [INFO] ConfigFileManager:1394 - The Die is : DIE469
2024-04-27 18:22:50,789 [INFO] ProjectBuilder:4285 - Time for Generating toolchain IDE Files: 753mS.
2024-04-27 18:22:50,790 [INFO] ProjectBuilder:2790 - Time for Copy CMSIS : 0mS.
2024-04-27 18:22:50,791 [INFO] ProjectBuilder:2790 - Time for Copy CMSIS : 0mS.
2024-04-27 18:24:02,467 [INFO] ADCParametersView:113 -                Rank 1 : false
2024-04-27 18:24:02,467 [INFO] ADCParametersView:113 -                Rank 1 : false
2024-04-27 18:24:02,467 [INFO] ADCParametersView:113 -                Rank 1 : false
2024-04-27 18:24:02,467 [INFO] ADCParametersView:113 -                Rank 1 : false
2024-04-27 18:24:02,467 [INFO] ADCParametersView:113 -                Rank 1 : false
2024-04-27 18:24:02,467 [INFO] ADCParametersView:113 -                Rank 1 : false
2024-04-27 18:24:02,467 [INFO] ADCParametersView:113 -                Rank 1 : false
2024-04-27 18:24:02,467 [INFO] ADCParametersView:113 -                Rank 1 : false
2024-04-27 18:24:02,467 [INFO] ADCParametersView:113 -                Rank 1 : false
2024-04-27 18:24:02,467 [INFO] ADCParametersView:113 -                Rank 1 : false
2024-04-27 18:24:02,467 [INFO] ADCParametersView:113 -                Rank 1 : false
2024-04-27 18:24:02,467 [INFO] ADCParametersView:113 -                Rank 1 : false
2024-04-27 18:24:02,467 [INFO] ADCParametersView:113 -                Rank 1 : false
2024-04-27 18:24:02,468 [INFO] ADCParametersView:113 -                Rank 1 : false
2024-04-27 18:24:02,468 [INFO] ADCParametersView:113 -                Rank 1 : false
2024-04-27 18:24:02,468 [INFO] ADCParametersView:113 -                Rank 1 : false
2024-04-27 18:24:02,468 [INFO] ADCParametersView:113 -                Rank 1 : false
2024-04-27 18:24:02,468 [INFO] ADCParametersView:113 -                Rank 1 : false
2024-04-27 18:24:02,468 [INFO] ADCParametersView:113 -                Rank 1 : false
2024-04-27 18:24:02,468 [INFO] ADCParametersView:113 -                Rank 1 : false
2024-04-27 18:24:02,468 [INFO] ADCParametersView:113 -                Rank 1 : false
2024-04-27 18:24:02,475 [INFO] ADCParametersView:113 -                Rank 1 : false
2024-04-27 18:24:02,486 [INFO] ADCParametersView:113 -                Rank 1 : false
2024-04-27 18:24:02,487 [INFO] ADCParametersView:113 -                Rank 1 : false
2024-04-27 18:24:02,487 [INFO] ADCParametersView:113 -                Rank 1 : false
2024-04-27 18:24:02,487 [INFO] ADCParametersView:113 -                Rank 1 : false
2024-04-27 18:24:02,487 [INFO] ADCParametersView:113 -                Rank 1 : false
2024-04-27 18:24:02,487 [INFO] ADCParametersView:113 -                Rank 1 : false
2024-04-27 18:24:02,487 [INFO] ADCParametersView:113 -                Rank 1 : false
2024-04-27 18:24:02,487 [INFO] ADCParametersView:113 -                Rank 1 : false
2024-04-27 18:24:02,487 [INFO] ADCParametersView:113 -                Rank 1 : false
2024-04-27 18:24:02,487 [INFO] ADCParametersView:113 -                Rank 1 : false
2024-04-27 18:24:02,487 [INFO] ADCParametersView:113 -                Rank 1 : false
2024-04-27 18:24:02,487 [INFO] ADCParametersView:113 -                Rank 1 : false
2024-04-27 18:24:02,487 [INFO] ADCParametersView:113 -                Rank 1 : false
2024-04-27 18:24:02,487 [INFO] ADCParametersView:113 -                Rank 1 : false
2024-04-27 18:24:02,487 [INFO] ADCParametersView:113 -                Rank 1 : false
2024-04-27 18:24:02,487 [INFO] ADCParametersView:113 -                Rank 1 : false
2024-04-27 18:24:02,487 [INFO] ADCParametersView:113 -                Rank 1 : false
2024-04-27 18:24:02,487 [INFO] ADCParametersView:113 -                Rank 1 : false
2024-04-27 18:24:02,487 [INFO] ADCParametersView:113 -                Rank 1 : false
2024-04-27 18:24:02,488 [INFO] ADCParametersView:113 -                Rank 1 : false
2024-04-27 18:24:02,488 [INFO] ADCParametersView:113 -                Rank 1 : false
2024-04-27 18:24:02,494 [INFO] ADCParametersView:113 -                Rank 1 : false
2024-04-27 18:24:41,697 [INFO] NvicIntPanel:100 - NVIC parent = com.st.microxplorer.plugins.ip.nvic.MultiNvicIntPanel[,0,0,0x0,invalid,layout=javax.swing.BoxLayout,alignmentX=0.0,alignmentY=0.0,border=,flags=9,maximumSize=,minimumSize=,preferredSize=]
2024-04-27 18:24:41,717 [INFO] ADCParametersView:113 -                Rank 1 : false
2024-04-27 18:24:41,718 [INFO] ADCParametersView:113 -                Rank 1 : false
2024-04-27 18:24:41,719 [INFO] ADCParametersView:113 -                Rank 1 : false
2024-04-27 18:24:41,719 [INFO] ADCParametersView:113 -                Rank 1 : false
2024-04-27 18:24:41,719 [INFO] ADCParametersView:113 -                Rank 1 : false
2024-04-27 18:24:41,719 [INFO] ADCParametersView:113 -                Rank 1 : false
2024-04-27 18:24:41,719 [INFO] ADCParametersView:113 -                Rank 1 : false
2024-04-27 18:24:41,719 [INFO] ADCParametersView:113 -                Rank 1 : false
2024-04-27 18:24:41,719 [INFO] ADCParametersView:113 -                Rank 1 : false
2024-04-27 18:24:41,719 [INFO] ADCParametersView:113 -                Rank 1 : false
2024-04-27 18:24:41,719 [INFO] ADCParametersView:113 -                Rank 1 : false
2024-04-27 18:24:41,719 [INFO] ADCParametersView:113 -                Rank 1 : false
2024-04-27 18:24:41,719 [INFO] ADCParametersView:113 -                Rank 1 : false
2024-04-27 18:24:41,719 [INFO] ADCParametersView:113 -                Rank 1 : false
2024-04-27 18:24:41,720 [INFO] ADCParametersView:113 -                Rank 1 : false
2024-04-27 18:24:41,720 [INFO] ADCParametersView:113 -                Rank 1 : false
2024-04-27 18:24:41,720 [INFO] ADCParametersView:113 -                Rank 1 : false
2024-04-27 18:24:41,720 [INFO] ADCParametersView:113 -                Rank 1 : false
2024-04-27 18:24:41,720 [INFO] ADCParametersView:113 -                Rank 1 : false
2024-04-27 18:24:41,720 [INFO] ADCParametersView:113 -                Rank 1 : false
2024-04-27 18:24:41,720 [INFO] ADCParametersView:113 -                Rank 1 : false
2024-04-27 18:24:41,727 [INFO] ADCParametersView:113 -                Rank 1 : false
2024-04-27 18:24:53,776 [INFO] SpinnerEditor:79 - is string kkkk
2024-04-27 18:24:59,982 [INFO] NvicIntPanel:100 - NVIC parent = com.st.microxplorer.plugins.ip.nvic.MultiNvicIntPanel[,0,0,0x0,invalid,layout=javax.swing.BoxLayout,alignmentX=0.0,alignmentY=0.0,border=,flags=9,maximumSize=,minimumSize=,preferredSize=]
2024-04-27 18:25:00,005 [INFO] ADCParametersView:113 -                Rank 1 : false
2024-04-27 18:25:00,007 [INFO] ADCParametersView:113 -                Rank 1 : false
2024-04-27 18:25:00,007 [INFO] ADCParametersView:113 -                Rank 1 : false
2024-04-27 18:25:00,007 [INFO] ADCParametersView:113 -                Rank 1 : false
2024-04-27 18:25:00,007 [INFO] ADCParametersView:113 -                Rank 1 : false
2024-04-27 18:25:00,007 [INFO] ADCParametersView:113 -                Rank 1 : false
2024-04-27 18:25:00,007 [INFO] ADCParametersView:113 -                Rank 1 : false
2024-04-27 18:25:00,007 [INFO] ADCParametersView:113 -                Rank 1 : false
2024-04-27 18:25:00,007 [INFO] ADCParametersView:113 -                Rank 1 : false
2024-04-27 18:25:00,007 [INFO] ADCParametersView:113 -                Rank 1 : false
2024-04-27 18:25:00,007 [INFO] ADCParametersView:113 -                Rank 1 : false
2024-04-27 18:25:00,007 [INFO] ADCParametersView:113 -                Rank 1 : false
2024-04-27 18:25:00,007 [INFO] ADCParametersView:113 -                Rank 1 : false
2024-04-27 18:25:00,007 [INFO] ADCParametersView:113 -                Rank 1 : false
2024-04-27 18:25:00,007 [INFO] ADCParametersView:113 -                Rank 1 : false
2024-04-27 18:25:00,007 [INFO] ADCParametersView:113 -                Rank 1 : false
2024-04-27 18:25:00,008 [INFO] ADCParametersView:113 -                Rank 1 : false
2024-04-27 18:25:00,008 [INFO] ADCParametersView:113 -                Rank 1 : false
2024-04-27 18:25:00,008 [INFO] ADCParametersView:113 -                Rank 1 : false
2024-04-27 18:25:00,008 [INFO] ADCParametersView:113 -                Rank 1 : false
2024-04-27 18:25:00,008 [INFO] ADCParametersView:113 -                Rank 1 : false
2024-04-27 18:25:00,015 [INFO] ADCParametersView:113 -                Rank 1 : false
2024-04-27 18:25:02,231 [INFO] NvicIntPanel:100 - NVIC parent = com.st.microxplorer.plugins.ip.nvic.MultiNvicIntPanel[,0,0,0x0,invalid,layout=javax.swing.BoxLayout,alignmentX=0.0,alignmentY=0.0,border=,flags=9,maximumSize=,minimumSize=,preferredSize=]
2024-04-27 18:25:02,252 [INFO] ADCParametersView:113 -                Rank 1 : false
2024-04-27 18:25:02,253 [INFO] ADCParametersView:113 -                Rank 1 : false
2024-04-27 18:25:02,254 [INFO] ADCParametersView:113 -                Rank 1 : false
2024-04-27 18:25:02,254 [INFO] ADCParametersView:113 -                Rank 1 : false
2024-04-27 18:25:02,254 [INFO] ADCParametersView:113 -                Rank 1 : false
2024-04-27 18:25:02,254 [INFO] ADCParametersView:113 -                Rank 1 : false
2024-04-27 18:25:02,254 [INFO] ADCParametersView:113 -                Rank 1 : false
2024-04-27 18:25:02,254 [INFO] ADCParametersView:113 -                Rank 1 : false
2024-04-27 18:25:02,254 [INFO] ADCParametersView:113 -                Rank 1 : false
2024-04-27 18:25:02,254 [INFO] ADCParametersView:113 -                Rank 1 : false
2024-04-27 18:25:02,254 [INFO] ADCParametersView:113 -                Rank 1 : false
2024-04-27 18:25:02,254 [INFO] ADCParametersView:113 -                Rank 1 : false
2024-04-27 18:25:02,254 [INFO] ADCParametersView:113 -                Rank 1 : false
2024-04-27 18:25:02,254 [INFO] ADCParametersView:113 -                Rank 1 : false
2024-04-27 18:25:02,254 [INFO] ADCParametersView:113 -                Rank 1 : false
2024-04-27 18:25:02,254 [INFO] ADCParametersView:113 -                Rank 1 : false
2024-04-27 18:25:02,254 [INFO] ADCParametersView:113 -                Rank 1 : false
2024-04-27 18:25:02,254 [INFO] ADCParametersView:113 -                Rank 1 : false
2024-04-27 18:25:02,254 [INFO] ADCParametersView:113 -                Rank 1 : false
2024-04-27 18:25:02,254 [INFO] ADCParametersView:113 -                Rank 1 : false
2024-04-27 18:25:02,254 [INFO] ADCParametersView:113 -                Rank 1 : false
2024-04-27 18:25:02,261 [INFO] ADCParametersView:113 -                Rank 1 : false
2024-04-27 18:25:08,919 [INFO] NvicIntPanel:100 - NVIC parent = com.st.microxplorer.plugins.ip.nvic.MultiNvicIntPanel[,0,0,0x0,invalid,layout=javax.swing.BoxLayout,alignmentX=0.0,alignmentY=0.0,border=,flags=9,maximumSize=,minimumSize=,preferredSize=]
2024-04-27 18:25:08,938 [INFO] ADCParametersView:113 -                Rank 1 : false
2024-04-27 18:25:08,939 [INFO] ADCParametersView:113 -                Rank 1 : false
2024-04-27 18:25:08,939 [INFO] ADCParametersView:113 -                Rank 1 : false
2024-04-27 18:25:08,939 [INFO] ADCParametersView:113 -                Rank 1 : false
2024-04-27 18:25:08,940 [INFO] ADCParametersView:113 -                Rank 1 : false
2024-04-27 18:25:08,940 [INFO] ADCParametersView:113 -                Rank 1 : false
2024-04-27 18:25:08,940 [INFO] ADCParametersView:113 -                Rank 1 : false
2024-04-27 18:25:08,940 [INFO] ADCParametersView:113 -                Rank 1 : false
2024-04-27 18:25:08,940 [INFO] ADCParametersView:113 -                Rank 1 : false
2024-04-27 18:25:08,940 [INFO] ADCParametersView:113 -                Rank 1 : false
2024-04-27 18:25:08,940 [INFO] ADCParametersView:113 -                Rank 1 : false
2024-04-27 18:25:08,940 [INFO] ADCParametersView:113 -                Rank 1 : false
2024-04-27 18:25:08,940 [INFO] ADCParametersView:113 -                Rank 1 : false
2024-04-27 18:25:08,940 [INFO] ADCParametersView:113 -                Rank 1 : false
2024-04-27 18:25:08,940 [INFO] ADCParametersView:113 -                Rank 1 : false
2024-04-27 18:25:08,940 [INFO] ADCParametersView:113 -                Rank 1 : false
2024-04-27 18:25:08,940 [INFO] ADCParametersView:113 -                Rank 1 : false
2024-04-27 18:25:08,940 [INFO] ADCParametersView:113 -                Rank 1 : false
2024-04-27 18:25:08,940 [INFO] ADCParametersView:113 -                Rank 1 : false
2024-04-27 18:25:08,940 [INFO] ADCParametersView:113 -                Rank 1 : false
2024-04-27 18:25:08,940 [INFO] ADCParametersView:113 -                Rank 1 : false
2024-04-27 18:25:08,940 [INFO] ADCParametersView:113 -                Rank 1 : false
2024-04-27 18:25:08,940 [INFO] ADCParametersView:113 -                Rank 1 : false
2024-04-27 18:25:08,940 [INFO] ADCParametersView:113 -                Rank 1 : false
2024-04-27 18:25:08,941 [INFO] ADCParametersView:113 -                Rank 1 : false
2024-04-27 18:25:08,947 [INFO] ADCParametersView:113 -                Rank 1 : false
2024-04-27 18:25:25,232 [INFO] UtilMem:74 - End SaveConfig() Used Memory: 484597240 Bytes (858783744)
2024-04-27 18:25:26,616 [INFO] UtilMem:74 - End SaveConfig() Used Memory: 514483704 Bytes (858783744)
2024-04-27 18:25:28,087 [INFO] UtilMem:74 - End SaveConfig() Used Memory: 564815352 Bytes (858783744)
2024-04-27 18:25:28,232 [INFO] BlockDiagram:2753 - set Specific Code input for plugin: TIM1_8G4
2024-04-27 18:25:28,232 [INFO] BlockDiagram:2753 - set Specific Code input for plugin: TIM1_8G4
2024-04-27 18:25:28,232 [INFO] BlockDiagram:2753 - set Specific Code input for plugin: SYS
2024-04-27 18:25:28,232 [INFO] BlockDiagram:2753 - set Specific Code input for plugin: ADC
2024-04-27 18:25:28,232 [INFO] BlockDiagram:2753 - set Specific Code input for plugin: RCC
2024-04-27 18:25:28,232 [INFO] BlockDiagram:2753 - set Specific Code input for plugin: NVIC
2024-04-27 18:25:28,232 [INFO] BlockDiagram:2753 - set Specific Code input for plugin: USART
2024-04-27 18:25:28,232 [INFO] BlockDiagram:2753 - set Specific Code input for plugin: GPIO
2024-04-27 18:25:28,233 [INFO] CodeGenerator:690 - code generatio: config db path: C:\ST\STM32CubeIDE_1.10.1\STM32CubeIDE\plugins\com.st.stm32cube.common.mx_6.6.1.202207061420\\db\
2024-04-27 18:25:28,355 [INFO] CodeEngine:245 - oldGeneratedFile, D:\Download\DeleteThis\TestSTMStandalone\MXTmpFiles\license.tmp_save
2024-04-27 18:25:28,409 [INFO] CodeEngine:269 - Generated code: D:\Download\DeleteThis\TestSTMStandalone\MXTmpFiles\license.tmp
2024-04-27 18:25:28,423 [INFO] CodeEngine:245 - oldGeneratedFile, D:\Download\DeleteThis\TestSTMStandalone\MXTmpFiles\gpio.tmp_save
2024-04-27 18:25:28,477 [INFO] CodeEngine:269 - Generated code: D:\Download\DeleteThis\TestSTMStandalone\MXTmpFiles\gpio.tmp
2024-04-27 18:25:28,580 [INFO] CodeEngine:245 - oldGeneratedFile, D:\Download\DeleteThis\TestSTMStandalone\Core\Src\stm32g4xx_it.c_save
2024-04-27 18:25:28,625 [INFO] CodeEngine:269 - Generated code: D:\Download\DeleteThis\TestSTMStandalone\Core\Src\stm32g4xx_it.c
2024-04-27 18:25:28,628 [INFO] CodeEngine:245 - oldGeneratedFile, D:\Download\DeleteThis\TestSTMStandalone\Core\Inc\stm32g4xx_it.h_save
2024-04-27 18:25:28,672 [INFO] CodeEngine:269 - Generated code: D:\Download\DeleteThis\TestSTMStandalone\Core\Inc\stm32g4xx_it.h
2024-04-27 18:25:28,682 [INFO] CodeEngine:245 - oldGeneratedFile, D:\Download\DeleteThis\TestSTMStandalone\Core\Src\stm32g4xx_hal_msp.c_save
2024-04-27 18:25:28,757 [INFO] CodeEngine:269 - Generated code: D:\Download\DeleteThis\TestSTMStandalone\Core\Src\stm32g4xx_hal_msp.c
2024-04-27 18:25:28,758 [INFO] CodeEngine:245 - oldGeneratedFile, D:\Download\DeleteThis\TestSTMStandalone\MXTmpFiles\system.tmp_save
2024-04-27 18:25:28,788 [INFO] CodeEngine:269 - Generated code: D:\Download\DeleteThis\TestSTMStandalone\MXTmpFiles\system.tmp
2024-04-27 18:25:28,803 [INFO] CodeEngine:245 - oldGeneratedFile, D:\Download\DeleteThis\TestSTMStandalone\Core\Inc\stm32g4xx_hal_conf.h_save
2024-04-27 18:25:28,863 [INFO] CodeEngine:269 - Generated code: D:\Download\DeleteThis\TestSTMStandalone\Core\Inc\stm32g4xx_hal_conf.h
2024-04-27 18:25:28,870 [WARN] IPConfigManager:2910 - Warning: the RefConfig RCC_CommonPeriphClockConfig is not available in your config.xml file
2024-04-27 18:25:28,871 [WARN] IPConfigManager:3348 - IP not found : TIM
2024-04-27 18:25:28,871 [WARN] CodeGenerator:3567 - IP not found : null
2024-04-27 18:25:28,881 [INFO] CodeEngine:245 - oldGeneratedFile, D:\Download\DeleteThis\TestSTMStandalone\Core\Inc\main.h_save
2024-04-27 18:25:28,926 [INFO] CodeEngine:269 - Generated code: D:\Download\DeleteThis\TestSTMStandalone\Core\Inc\main.h
2024-04-27 18:25:28,937 [INFO] CodeEngine:245 - oldGeneratedFile, D:\Download\DeleteThis\TestSTMStandalone\Core\Src\main.c_save
2024-04-27 18:25:29,024 [INFO] CodeEngine:269 - Generated code: D:\Download\DeleteThis\TestSTMStandalone\Core\Src\main.c
2024-04-27 18:25:29,347 [INFO] ProjectBuilder:2919 - Time for Copy HAL[1] : 69mS.
2024-04-27 18:25:29,349 [INFO] ProjectBuilder:4117 - Project Generator version: 3.17.1
2024-04-27 18:25:29,466 [INFO] ConfigFileManager:1394 - The Die is : DIE469
2024-04-27 18:25:30,086 [INFO] ProjectBuilder:4285 - Time for Generating toolchain IDE Files: 737mS.
2024-04-27 18:25:30,086 [INFO] ProjectBuilder:2790 - Time for Copy CMSIS : 0mS.
2024-04-27 18:25:30,088 [INFO] ProjectBuilder:2790 - Time for Copy CMSIS : 0mS.
2024-04-27 19:59:08,243 [INFO] NvicIntPanel:100 - NVIC parent = com.st.microxplorer.plugins.ip.nvic.MultiNvicIntPanel[,0,0,0x0,invalid,layout=javax.swing.BoxLayout,alignmentX=0.0,alignmentY=0.0,border=,flags=9,maximumSize=,minimumSize=,preferredSize=]
2024-04-27 19:59:09,057 [INFO] UtilMem:74 - End SaveConfig() Used Memory: 533415448 Bytes (858783744)
2024-04-27 19:59:10,428 [INFO] UtilMem:74 - End SaveConfig() Used Memory: 561727000 Bytes (858783744)
2024-04-27 19:59:11,519 [INFO] UtilMem:74 - End SaveConfig() Used Memory: 392652200 Bytes (858783744)
2024-04-27 19:59:11,673 [INFO] BlockDiagram:2753 - set Specific Code input for plugin: TIM1_8G4
2024-04-27 19:59:11,673 [INFO] BlockDiagram:2753 - set Specific Code input for plugin: TIM1_8G4
2024-04-27 19:59:11,673 [INFO] BlockDiagram:2753 - set Specific Code input for plugin: SYS
2024-04-27 19:59:11,673 [INFO] BlockDiagram:2753 - set Specific Code input for plugin: ADC
2024-04-27 19:59:11,673 [INFO] BlockDiagram:2753 - set Specific Code input for plugin: RCC
2024-04-27 19:59:11,673 [INFO] BlockDiagram:2753 - set Specific Code input for plugin: NVIC
2024-04-27 19:59:11,673 [INFO] BlockDiagram:2753 - set Specific Code input for plugin: USART
2024-04-27 19:59:11,674 [INFO] BlockDiagram:2753 - set Specific Code input for plugin: GPIO
2024-04-27 19:59:11,674 [INFO] CodeGenerator:690 - code generatio: config db path: C:\ST\STM32CubeIDE_1.10.1\STM32CubeIDE\plugins\com.st.stm32cube.common.mx_6.6.1.202207061420\\db\
2024-04-27 19:59:11,811 [INFO] CodeEngine:245 - oldGeneratedFile, D:\Download\DeleteThis\TestSTMStandalone\MXTmpFiles\license.tmp_save
2024-04-27 19:59:11,850 [INFO] CodeEngine:269 - Generated code: D:\Download\DeleteThis\TestSTMStandalone\MXTmpFiles\license.tmp
2024-04-27 19:59:11,873 [INFO] CodeEngine:245 - oldGeneratedFile, D:\Download\DeleteThis\TestSTMStandalone\MXTmpFiles\gpio.tmp_save
2024-04-27 19:59:11,915 [INFO] CodeEngine:269 - Generated code: D:\Download\DeleteThis\TestSTMStandalone\MXTmpFiles\gpio.tmp
2024-04-27 19:59:12,083 [INFO] CodeEngine:245 - oldGeneratedFile, D:\Download\DeleteThis\TestSTMStandalone\Core\Src\stm32g4xx_it.c_save
2024-04-27 19:59:12,127 [INFO] CodeEngine:269 - Generated code: D:\Download\DeleteThis\TestSTMStandalone\Core\Src\stm32g4xx_it.c
2024-04-27 19:59:12,129 [INFO] CodeEngine:245 - oldGeneratedFile, D:\Download\DeleteThis\TestSTMStandalone\Core\Inc\stm32g4xx_it.h_save
2024-04-27 19:59:12,169 [INFO] CodeEngine:269 - Generated code: D:\Download\DeleteThis\TestSTMStandalone\Core\Inc\stm32g4xx_it.h
2024-04-27 19:59:12,182 [INFO] CodeEngine:245 - oldGeneratedFile, D:\Download\DeleteThis\TestSTMStandalone\Core\Src\stm32g4xx_hal_msp.c_save
2024-04-27 19:59:12,244 [INFO] CodeEngine:269 - Generated code: D:\Download\DeleteThis\TestSTMStandalone\Core\Src\stm32g4xx_hal_msp.c
2024-04-27 19:59:12,251 [INFO] CodeEngine:245 - oldGeneratedFile, D:\Download\DeleteThis\TestSTMStandalone\MXTmpFiles\system.tmp_save
2024-04-27 19:59:12,285 [INFO] CodeEngine:269 - Generated code: D:\Download\DeleteThis\TestSTMStandalone\MXTmpFiles\system.tmp
2024-04-27 19:59:12,297 [INFO] CodeEngine:245 - oldGeneratedFile, D:\Download\DeleteThis\TestSTMStandalone\Core\Inc\stm32g4xx_hal_conf.h_save
2024-04-27 19:59:12,351 [INFO] CodeEngine:269 - Generated code: D:\Download\DeleteThis\TestSTMStandalone\Core\Inc\stm32g4xx_hal_conf.h
2024-04-27 19:59:12,357 [WARN] IPConfigManager:2910 - Warning: the RefConfig RCC_CommonPeriphClockConfig is not available in your config.xml file
2024-04-27 19:59:12,359 [WARN] IPConfigManager:3348 - IP not found : TIM
2024-04-27 19:59:12,359 [WARN] CodeGenerator:3567 - IP not found : null
2024-04-27 19:59:12,371 [INFO] CodeEngine:245 - oldGeneratedFile, D:\Download\DeleteThis\TestSTMStandalone\Core\Inc\main.h_save
2024-04-27 19:59:12,414 [INFO] CodeEngine:269 - Generated code: D:\Download\DeleteThis\TestSTMStandalone\Core\Inc\main.h
2024-04-27 19:59:12,425 [INFO] CodeEngine:245 - oldGeneratedFile, D:\Download\DeleteThis\TestSTMStandalone\Core\Src\main.c_save
2024-04-27 19:59:12,497 [INFO] CodeEngine:269 - Generated code: D:\Download\DeleteThis\TestSTMStandalone\Core\Src\main.c
2024-04-27 19:59:12,798 [INFO] ProjectBuilder:2919 - Time for Copy HAL[1] : 68mS.
2024-04-27 19:59:12,799 [INFO] ProjectBuilder:4117 - Project Generator version: 3.17.1
2024-04-27 19:59:12,981 [INFO] ConfigFileManager:1394 - The Die is : DIE469
2024-04-27 19:59:13,570 [INFO] ProjectBuilder:4285 - Time for Generating toolchain IDE Files: 771mS.
2024-04-27 19:59:13,571 [INFO] ProjectBuilder:2790 - Time for Copy CMSIS : 1mS.
2024-04-27 19:59:13,571 [INFO] ProjectBuilder:2790 - Time for Copy CMSIS : 0mS.
2024-04-28 17:08:14,806 [ERROR] AdobePublisher:162 - Exception while opening the connection: java.net.SocketTimeoutException: Read timed out
2024-04-28 17:08:18,033 [ERROR] AdobePublisher:162 - Exception while opening the connection: java.net.SocketTimeoutException: Read timed out
2024-04-28 17:08:20,035 [ERROR] AdobePublisher:162 - Exception while opening the connection: java.net.SocketTimeoutException: connect timed out
2024-04-30 18:09:58,994 [INFO] Activator:177 - 


2024-04-30 18:09:58,994 [INFO] Activator:178 - !SESSION log4j initialized
2024-04-30 18:10:25,743 [ERROR] LogOutputStream:74 - [STDERR_REDIRECT] SLF4J: Failed to load class "org.slf4j.impl.StaticLoggerBinder".
2024-04-30 18:10:25,743 [ERROR] LogOutputStream:74 - [STDERR_REDIRECT] SLF4J: Defaulting to no-operation (NOP) logger implementation
2024-04-30 18:10:25,743 [ERROR] LogOutputStream:74 - [STDERR_REDIRECT] SLF4J: See http://www.slf4j.org/codes.html#StaticLoggerBinder for further details.
2024-04-30 18:10:27,859 [INFO] McuFinderGlobals:44 - Set McuFinder mode to 2 (CubeIDE integrated)
2024-04-30 18:10:27,993 [INFO] ApplicationProperties:181 - Using Application install path: C:\ST\STM32CubeIDE_1.10.1\STM32CubeIDE\plugins\com.st.stm32cube.common.mx_6.6.1.202207061420
2024-04-30 18:10:28,008 [INFO] DbMcusXml:77 - Set database path to: C:\ST\STM32CubeIDE_1.10.1\STM32CubeIDE\plugins\com.st.stm32cube.common.mx_6.6.1.202207061420\\db\/mcu/
2024-04-30 18:10:28,010 [INFO] ApiDb:269 - Set plugin database path to: C:\ST\STM32CubeIDE_1.10.1\STM32CubeIDE\plugins\com.st.stm32cube.common.mx_6.6.1.202207061420\\db\/plugins/boardmanager/
2024-04-30 18:10:28,010 [WARN] ApiDb:254 - Overriding images path with different value:  => C:\ST\STM32CubeIDE_1.10.1\STM32CubeIDE\plugins\com.st.stm32cube.common.mx_6.6.1.202207061420\\db\/plugins/mcufinder/images/
2024-04-30 18:10:28,024 [INFO] ApiDb:249 - Set database path to: C:\Users\saksh\.stmcufinder\plugins\mcufinder//mcu/
2024-04-30 18:10:28,026 [INFO] DbMcusAds:124 - Set database path to: C:\Users\saksh\.stmcufinder\plugins\mcufinder//mcu/
2024-04-30 18:10:28,145 [INFO] CrossReferenceDbSqlite:201 - Set database path to: C:\Users\saksh\.stmcufinder\plugins\mcufinder//mcu/cs/
2024-04-30 18:10:28,225 [INFO] RulesReader:61 - Compatibility file has been processed (282 Rules)
2024-04-30 18:10:28,280 [INFO] DbMcusXml:77 - Set database path to: C:\ST\STM32CubeIDE_1.10.1\STM32CubeIDE\plugins\com.st.stm32cube.common.mx_6.6.1.202207061420\\db\/mcu/
2024-04-30 18:10:28,280 [INFO] ApiDb:269 - Set plugin database path to: C:\ST\STM32CubeIDE_1.10.1\STM32CubeIDE\plugins\com.st.stm32cube.common.mx_6.6.1.202207061420\\db\/plugins/boardmanager/
2024-04-30 18:10:28,283 [INFO] ApiDb:256 - Set plugin images path to: C:\ST\STM32CubeIDE_1.10.1\STM32CubeIDE\plugins\com.st.stm32cube.common.mx_6.6.1.202207061420\\db\/plugins/mcufinder/images/
2024-04-30 18:10:28,283 [WARN] DbFile:40 - Overriding database path with different value: C:\Users\saksh\.stmcufinder\plugins\mcufinder/ => C:\Users\saksh\.stmcufinder\plugins\mcufinder
2024-04-30 18:10:28,283 [INFO] ApiDb:249 - Set database path to: C:\Users\saksh\.stmcufinder\plugins\mcufinder//mcu/
2024-04-30 18:10:28,283 [WARN] DbFile:40 - Overriding database path with different value: C:\Users\saksh\.stmcufinder\plugins\mcufinder/ => C:\Users\saksh\.stmcufinder\plugins\mcufinder
2024-04-30 18:10:28,283 [INFO] DbMcusAds:124 - Set database path to: C:\Users\saksh\.stmcufinder\plugins\mcufinder//mcu/
2024-04-30 18:10:28,283 [WARN] DbFile:40 - Overriding database path with different value: C:\Users\saksh\.stmcufinder\plugins\mcufinder/ => C:\Users\saksh\.stmcufinder\plugins\mcufinder
2024-04-30 18:10:28,283 [WARN] DbFile:40 - Overriding database path with different value: C:\Users\saksh\.stmcufinder\plugins\mcufinder/ => C:\Users\saksh\.stmcufinder\plugins\mcufinder
2024-04-30 18:10:28,283 [INFO] CrossReferenceDbSqlite:201 - Set database path to: C:\Users\saksh\.stmcufinder\plugins\mcufinder//mcu/cs/
2024-04-30 18:10:28,336 [INFO] MainPanel:242 - HeapMemory: 268435456
2024-04-30 18:10:28,410 [INFO] DbMcusXml:77 - Set database path to: C:\ST\STM32CubeIDE_1.10.1\STM32CubeIDE\plugins\com.st.stm32cube.common.mx_6.6.1.202207061420\\db\/mcu/
2024-04-30 18:10:28,410 [INFO] ApiDb:269 - Set plugin database path to: C:\ST\STM32CubeIDE_1.10.1\STM32CubeIDE\plugins\com.st.stm32cube.common.mx_6.6.1.202207061420\\db\/plugins/boardmanager/
2024-04-30 18:10:28,410 [INFO] ApiDb:256 - Set plugin images path to: C:\ST\STM32CubeIDE_1.10.1\STM32CubeIDE\plugins\com.st.stm32cube.common.mx_6.6.1.202207061420\\db\/plugins/mcufinder/images/
2024-04-30 18:10:28,410 [WARN] DbFile:40 - Overriding database path with different value: C:\Users\saksh\.stmcufinder\plugins\mcufinder/ => C:\Users\saksh\.stmcufinder\plugins\mcufinder
2024-04-30 18:10:28,410 [INFO] ApiDb:249 - Set database path to: C:\Users\saksh\.stmcufinder\plugins\mcufinder//mcu/
2024-04-30 18:10:28,410 [WARN] DbFile:40 - Overriding database path with different value: C:\Users\saksh\.stmcufinder\plugins\mcufinder/ => C:\Users\saksh\.stmcufinder\plugins\mcufinder
2024-04-30 18:10:28,410 [INFO] DbMcusAds:124 - Set database path to: C:\Users\saksh\.stmcufinder\plugins\mcufinder//mcu/
2024-04-30 18:10:28,410 [WARN] DbFile:40 - Overriding database path with different value: C:\Users\saksh\.stmcufinder\plugins\mcufinder/ => C:\Users\saksh\.stmcufinder\plugins\mcufinder
2024-04-30 18:10:28,410 [WARN] DbFile:40 - Overriding database path with different value: C:\Users\saksh\.stmcufinder\plugins\mcufinder/ => C:\Users\saksh\.stmcufinder\plugins\mcufinder
2024-04-30 18:10:28,410 [INFO] CrossReferenceDbSqlite:201 - Set database path to: C:\Users\saksh\.stmcufinder\plugins\mcufinder//mcu/cs/
2024-04-30 18:10:28,424 [INFO] ApplicationProperties:181 - Using Application install path: C:\ST\STM32CubeIDE_1.10.1\STM32CubeIDE\plugins\com.st.stm32cube.common.mx_6.6.1.202207061420
2024-04-30 18:10:28,424 [INFO] PluginManage:193 - Search for loadable plugins [exclusion list=, ]
2024-04-30 18:10:28,424 [INFO] PluginManage:307 - Check plugin analytics
2024-04-30 18:10:28,525 [INFO] AnalyticsPlugin:262 - Accepted Software Licenses: 
2024-04-30 18:10:28,525 [INFO] AnalyticsPlugin:264 - Accepted CMSIS Pack Licenses: 
2024-04-30 18:10:28,525 [INFO] AnalyticsPlugin:266 - Accepted Firmware Licenses: FW.H7.1.10.0,FW.G4.1.5.0
2024-04-30 18:10:28,532 [INFO] PluginManage:356 - Loaded plugin analytics (category:tool,tabindex:-1)
2024-04-30 18:10:28,536 [INFO] PluginManage:307 - Check plugin cadmodel
2024-04-30 18:10:28,544 [INFO] CADModel:65 - Init CAD model plugin
2024-04-30 18:10:28,544 [INFO] PluginManage:356 - Loaded plugin cadmodel (category:power,tabindex:5)
2024-04-30 18:10:28,544 [INFO] PluginManage:307 - Check plugin clock
2024-04-30 18:10:28,563 [INFO] PluginManage:356 - Loaded plugin clock (category:base,tabindex:2)
2024-04-30 18:10:28,563 [INFO] PluginManage:307 - Check plugin ddr
2024-04-30 18:10:28,563 [INFO] PluginManage:356 - Loaded plugin ddr (category:tool,tabindex:6)
2024-04-30 18:10:28,563 [INFO] PluginManage:307 - Check plugin filemanager
2024-04-30 18:10:28,655 [INFO] PluginManage:356 - Loaded plugin filemanager (category:base,tabindex:10)
2024-04-30 18:10:28,655 [INFO] PluginManage:307 - Check plugin ipmanager
2024-04-30 18:10:28,660 [INFO] PluginManage:356 - Loaded plugin ipmanager (category:base,tabindex:5)
2024-04-30 18:10:28,660 [INFO] PluginManage:307 - Check plugin lpbam
2024-04-30 18:10:28,670 [INFO] PluginManage:356 - Loaded plugin lpbam (category:base,tabindex:0)
2024-04-30 18:10:28,670 [INFO] PluginManage:307 - Check plugin pinoutandconfiguration
2024-04-30 18:10:28,680 [INFO] PluginManage:356 - Loaded plugin pinoutandconfiguration (category:base,tabindex:1)
2024-04-30 18:10:28,680 [INFO] PluginManage:307 - Check plugin pinoutconfig
2024-04-30 18:10:28,710 [INFO] PluginManage:356 - Loaded plugin pinoutconfig (category:base,tabindex:0)
2024-04-30 18:10:28,710 [INFO] PluginManage:307 - Check plugin power
2024-04-30 18:10:28,725 [INFO] PluginManage:356 - Loaded plugin power (category:power,tabindex:4)
2024-04-30 18:10:28,725 [INFO] PluginManage:307 - Check plugin projectmanager
2024-04-30 18:10:28,739 [INFO] PluginManage:356 - Loaded plugin projectmanager (category:projectmanager,tabindex:3)
2024-04-30 18:10:28,739 [INFO] PluginManage:307 - Check plugin thirdparty
2024-04-30 18:10:28,905 [WARN] IntegrityCheckThread:82 - waiting for thirdparty lock release [integrity check]
2024-04-30 18:10:28,905 [INFO] PluginManage:356 - Loaded plugin thirdparty (category:base,tabindex:-1)
2024-04-30 18:10:28,905 [INFO] IntegrityCheckThread:84 - entering critical section [integrity check]
2024-04-30 18:10:28,905 [INFO] PluginManage:307 - Check plugin tools
2024-04-30 18:10:28,905 [INFO] ThirdPartyUpdaterWithRetryManager:70 - Updater plugin not ready yet. [1/15]
2024-04-30 18:10:28,925 [INFO] PluginManage:356 - Loaded plugin tools (category:base,tabindex:7)
2024-04-30 18:10:28,925 [INFO] PluginManage:307 - Check plugin tutovideos
2024-04-30 18:10:29,072 [INFO] PluginManage:356 - Loaded plugin tutovideos (category:base,tabindex:-1)
2024-04-30 18:10:29,072 [INFO] PluginManage:307 - Check plugin updater
2024-04-30 18:10:29,089 [INFO] PluginManage:356 - Loaded plugin updater (category:base,tabindex:12)
2024-04-30 18:10:29,089 [INFO] PluginManage:280 - PluginManage : Loaded plugins [15]
2024-04-30 18:10:29,262 [INFO] PinOutPanel:1468 - setPackage(No Configuration,No Configuration)
2024-04-30 18:10:29,304 [INFO] CADModel:98 - CPN selected for project level
2024-04-30 18:10:29,319 [INFO] IPUIPlugin:79 - create IPUIPlugin
2024-04-30 18:10:29,319 [INFO] PluginManager:217 - loadIPPluginJar : add adc
2024-04-30 18:10:29,342 [INFO] IPUIPlugin:79 - create IPUIPlugin
2024-04-30 18:10:29,342 [INFO] PluginManager:217 - loadIPPluginJar : add aes
2024-04-30 18:10:29,369 [INFO] IPUIPlugin:79 - create IPUIPlugin
2024-04-30 18:10:29,369 [INFO] PluginManager:217 - loadIPPluginJar : add can
2024-04-30 18:10:29,389 [INFO] IPUIPlugin:79 - create IPUIPlugin
2024-04-30 18:10:29,390 [INFO] PluginManager:217 - loadIPPluginJar : add comp
2024-04-30 18:10:29,409 [INFO] IPUIPlugin:79 - create IPUIPlugin
2024-04-30 18:10:29,409 [INFO] PluginManager:217 - loadIPPluginJar : add cryp
2024-04-30 18:10:29,424 [INFO] IPUIPlugin:79 - create IPUIPlugin
2024-04-30 18:10:29,424 [INFO] PluginManager:217 - loadIPPluginJar : add dfsdm
2024-04-30 18:10:29,436 [INFO] IPUIPlugin:79 - create IPUIPlugin
2024-04-30 18:10:29,436 [INFO] PluginManager:217 - loadIPPluginJar : add dma
2024-04-30 18:10:29,464 [INFO] IPUIPlugin:79 - create IPUIPlugin
2024-04-30 18:10:29,464 [INFO] PluginManager:217 - loadIPPluginJar : add dma3
2024-04-30 18:10:29,474 [INFO] IPUIPlugin:79 - create IPUIPlugin
2024-04-30 18:10:29,474 [INFO] PluginManager:217 - loadIPPluginJar : add fatfs
2024-04-30 18:10:29,501 [INFO] IPUIPlugin:79 - create IPUIPlugin
2024-04-30 18:10:29,501 [INFO] PluginManager:217 - loadIPPluginJar : add fmc
2024-04-30 18:10:29,516 [INFO] IPUIPlugin:79 - create IPUIPlugin
2024-04-30 18:10:29,516 [INFO] PluginManager:217 - loadIPPluginJar : add freertos
2024-04-30 18:10:29,529 [INFO] IPUIPlugin:79 - create IPUIPlugin
2024-04-30 18:10:29,529 [INFO] PluginManager:217 - loadIPPluginJar : add genericplugin
2024-04-30 18:10:29,584 [INFO] IPUIPlugin:79 - create IPUIPlugin
2024-04-30 18:10:29,584 [INFO] PluginManager:217 - loadIPPluginJar : add gfxmmu
2024-04-30 18:10:29,659 [INFO] IPUIPlugin:79 - create IPUIPlugin
2024-04-30 18:10:29,659 [INFO] PluginManager:217 - loadIPPluginJar : add gic
2024-04-30 18:10:29,669 [INFO] IPUIPlugin:79 - create IPUIPlugin
2024-04-30 18:10:29,669 [INFO] PluginManager:217 - loadIPPluginJar : add gpio
2024-04-30 18:10:29,720 [INFO] IPUIPlugin:79 - create IPUIPlugin
2024-04-30 18:10:29,720 [INFO] PluginManager:217 - loadIPPluginJar : add gtzc
2024-04-30 18:10:29,740 [INFO] IPUIPlugin:79 - create IPUIPlugin
2024-04-30 18:10:29,740 [INFO] PluginManager:217 - loadIPPluginJar : add hash
2024-04-30 18:10:29,772 [INFO] IPUIPlugin:79 - create IPUIPlugin
2024-04-30 18:10:29,772 [INFO] PluginManager:217 - loadIPPluginJar : add i2c
2024-04-30 18:10:29,794 [INFO] IPUIPlugin:79 - create IPUIPlugin
2024-04-30 18:10:29,794 [INFO] PluginManager:217 - loadIPPluginJar : add i2s
2024-04-30 18:10:29,860 [INFO] IPUIPlugin:79 - create IPUIPlugin
2024-04-30 18:10:29,860 [INFO] PluginManager:217 - loadIPPluginJar : add ipddr
2024-04-30 18:10:29,910 [INFO] IPUIPlugin:79 - create IPUIPlugin
2024-04-30 18:10:29,915 [INFO] PluginManager:217 - loadIPPluginJar : add linkedlist
2024-04-30 18:10:29,932 [INFO] IPUIPlugin:79 - create IPUIPlugin
2024-04-30 18:10:29,937 [INFO] PluginManager:217 - loadIPPluginJar : add lorawan
2024-04-30 18:10:29,955 [INFO] IPUIPlugin:79 - create IPUIPlugin
2024-04-30 18:10:29,955 [INFO] PluginManager:217 - loadIPPluginJar : add ltdc
2024-04-30 18:10:29,964 [INFO] IPUIPlugin:79 - create IPUIPlugin
2024-04-30 18:10:29,964 [INFO] PluginManager:217 - loadIPPluginJar : add mdma
2024-04-30 18:10:29,975 [INFO] IPUIPlugin:79 - create IPUIPlugin
2024-04-30 18:10:29,975 [INFO] PluginManager:217 - loadIPPluginJar : add nvic
2024-04-30 18:10:29,998 [INFO] IPUIPlugin:79 - create IPUIPlugin
2024-04-30 18:10:29,998 [INFO] PluginManager:217 - loadIPPluginJar : add opamp
2024-04-30 18:10:30,035 [INFO] IPUIPlugin:79 - create IPUIPlugin
2024-04-30 18:10:30,035 [INFO] PluginManager:217 - loadIPPluginJar : add openamp
2024-04-30 18:10:30,060 [INFO] IPUIPlugin:79 - create IPUIPlugin
2024-04-30 18:10:30,060 [INFO] PluginManager:217 - loadIPPluginJar : add pdm2pcm
2024-04-30 18:10:30,069 [INFO] IPUIPlugin:79 - create IPUIPlugin
2024-04-30 18:10:30,069 [INFO] PluginManager:217 - loadIPPluginJar : add plateformsettings
2024-04-30 18:10:30,084 [INFO] IPUIPlugin:79 - create IPUIPlugin
2024-04-30 18:10:30,084 [INFO] PluginManager:217 - loadIPPluginJar : add quadspi
2024-04-30 18:10:30,091 [INFO] IPUIPlugin:79 - create IPUIPlugin
2024-04-30 18:10:30,091 [INFO] PluginManager:217 - loadIPPluginJar : add resmgrutility
2024-04-30 18:10:30,123 [INFO] IPUIPlugin:79 - create IPUIPlugin
2024-04-30 18:10:30,123 [INFO] PluginManager:217 - loadIPPluginJar : add sai
2024-04-30 18:10:30,145 [INFO] IPUIPlugin:79 - create IPUIPlugin
2024-04-30 18:10:30,145 [INFO] PluginManager:217 - loadIPPluginJar : add spi
2024-04-30 18:10:30,179 [INFO] IPUIPlugin:79 - create IPUIPlugin
2024-04-30 18:10:30,179 [INFO] PluginManager:217 - loadIPPluginJar : add stm32_wpan
2024-04-30 18:10:30,195 [INFO] IPUIPlugin:79 - create IPUIPlugin
2024-04-30 18:10:30,195 [INFO] PluginManager:217 - loadIPPluginJar : add tim
2024-04-30 18:10:30,230 [INFO] IPUIPlugin:79 - create IPUIPlugin
2024-04-30 18:10:30,230 [INFO] PluginManager:217 - loadIPPluginJar : add touchsensing
2024-04-30 18:10:30,240 [INFO] IPUIPlugin:79 - create IPUIPlugin
2024-04-30 18:10:30,240 [INFO] PluginManager:217 - loadIPPluginJar : add tracer_emb
2024-04-30 18:10:30,252 [INFO] IPUIPlugin:79 - create IPUIPlugin
2024-04-30 18:10:30,252 [INFO] PluginManager:217 - loadIPPluginJar : add ts
2024-04-30 18:10:30,270 [INFO] IPUIPlugin:79 - create IPUIPlugin
2024-04-30 18:10:30,270 [INFO] PluginManager:217 - loadIPPluginJar : add tsc
2024-04-30 18:10:30,284 [INFO] IPUIPlugin:79 - create IPUIPlugin
2024-04-30 18:10:30,284 [INFO] PluginManager:217 - loadIPPluginJar : add ucpd
2024-04-30 18:10:30,310 [INFO] IPUIPlugin:79 - create IPUIPlugin
2024-04-30 18:10:30,310 [INFO] PluginManager:217 - loadIPPluginJar : add usart
2024-04-30 18:10:30,337 [INFO] IPUIPlugin:79 - create IPUIPlugin
2024-04-30 18:10:30,337 [INFO] PluginManager:217 - loadIPPluginJar : add usbx
2024-04-30 18:10:30,550 [FATAL] Updater:301 - Updater called before beeing initialized
2024-04-30 18:10:30,619 [FATAL] Updater:301 - Updater called before beeing initialized
2024-04-30 18:10:30,625 [INFO] DbMcusAds:52 - JSON generation date=Wed Nov 29 16:22:27 IST 2023 (1701255147349)
2024-04-30 18:10:30,625 [FATAL] Updater:301 - Updater called before beeing initialized
2024-04-30 18:10:30,651 [WARN] DetailPanel:344 - Failed to get advertising image, set to default
2024-04-30 18:10:30,746 [FATAL] Updater:301 - Updater called before beeing initialized
2024-04-30 18:10:30,747 [FATAL] Updater:301 - Updater called before beeing initialized
2024-04-30 18:10:30,747 [FATAL] Updater:301 - Updater called before beeing initialized
2024-04-30 18:10:30,747 [WARN] DetailPanel:344 - Failed to get advertising image, set to default
2024-04-30 18:10:30,750 [FATAL] Updater:301 - Updater called before beeing initialized
2024-04-30 18:10:30,785 [ERROR] Updater:1105 - MainUpdater not yet initialized. External WinMGr cannot be set.
2024-04-30 18:10:30,795 [INFO] Updater:1041 - Updater Version found : 6.6.1
2024-04-30 18:10:30,809 [INFO] ApplicationProperties:181 - Using Application install path: C:\ST\STM32CubeIDE_1.10.1\STM32CubeIDE\plugins\com.st.stm32cube.common.mx_6.6.1.202207061420
2024-04-30 18:10:31,723 [INFO] MainUpdater:2768 - connection check result : 10
2024-04-30 18:10:31,727 [INFO] MainUpdater:280 - Updater Check For Update Now.
2024-04-30 18:10:31,727 [INFO] MicroXplorer:481 - Change Database Version : DB.6.0.60
2024-04-30 18:10:31,885 [INFO] CheckServerUpdateThread:119 - End of CheckServer Thread
2024-04-30 18:10:31,942 [INFO] MainUpdater:2768 - connection check result : 10
2024-04-30 18:10:31,942 [INFO] MainUpdater:2768 - connection check result : 10
2024-04-30 18:10:32,019 [WARN] PackLoader:242 - Cannot read IP mode file for STMicroelectronics.FP-SNS-MOTENVWB1.1.4.0
2024-04-30 18:10:32,030 [WARN] PackLoader:242 - Cannot read IP mode file for STMicroelectronics.X-CUBE-SMBUS.2.1.0
2024-04-30 18:10:32,040 [WARN] PackLoader:242 - Cannot read IP mode file for STMicroelectronics.X-CUBE-TOUCHGFX.4.23.1
2024-04-30 18:10:32,044 [INFO] MicroXplorer:451 - Change Database Path : 
2024-04-30 18:10:32,044 [INFO] MicroXplorer:481 - Change Database Version : DB.6.0.60
2024-04-30 18:10:32,044 [WARN] ThirdParty:827 - waiting for thirdparty lock release [close project]
2024-04-30 18:10:32,044 [WARN] PackLoader:242 - Cannot read IP mode file for STMicroelectronics.X-CUBE-TOUCHGFX.4.23.0
2024-04-30 18:10:32,054 [WARN] PackLoader:242 - Cannot read IP mode file for STMicroelectronics.X-CUBE-TOUCHGFX.4.23.2
2024-04-30 18:10:32,082 [WARN] PackLoader:242 - Cannot read IP mode file for STMicroelectronics.X-CUBE-AZRTOS-F7.1.1.0
2024-04-30 18:10:32,095 [ERROR] RealEvaluatedCondition:433 - Found unsupported composite condition: GROUP='STM32_MetaDataManager' CLASS='Data Exchange'
2024-04-30 18:10:32,095 [ERROR] RealEvaluatedCondition:433 - Found unsupported composite condition: GROUP='STM32_MetaDataManager' CLASS='Data Exchange'
2024-04-30 18:10:32,100 [WARN] PackLoader:242 - Cannot read IP mode file for STMicroelectronics.FP-SNS-MOTENV1.4.3.0
2024-04-30 18:10:32,117 [WARN] PackLoader:242 - Cannot read IP mode file for STMicroelectronics.FP-SNS-MOTENV1.4.3.2
2024-04-30 18:10:32,133 [WARN] PackLoader:242 - Cannot read IP mode file for STMicroelectronics.FP-SNS-FLIGHT1.5.0.0
2024-04-30 18:10:32,145 [ERROR] RealEvaluatedCondition:433 - Found unsupported composite condition: CLASS='Data Exchange' GROUP='STM32_MetaDataManager'
2024-04-30 18:10:32,145 [ERROR] RealEvaluatedCondition:433 - Found unsupported composite condition: CLASS='Data Exchange' GROUP='STM32_MetaDataManager'
2024-04-30 18:10:32,149 [WARN] PackLoader:242 - Cannot read IP mode file for STMicroelectronics.FP-SNS-MOTENV1.4.3.1
2024-04-30 18:10:32,165 [WARN] PackLoader:242 - Cannot read IP mode file for STMicroelectronics.FP-SNS-FLIGHT1.5.0.1
2024-04-30 18:10:32,180 [WARN] PackLoader:242 - Cannot read IP mode file for STMicroelectronics.X-CUBE-BLE1.6.2.3
2024-04-30 18:10:32,190 [WARN] PackLoader:242 - Cannot read IP mode file for STMicroelectronics.X-CUBE-BLE1.6.2.4
2024-04-30 18:10:32,200 [WARN] PackLoader:242 - Cannot read IP mode file for STMicroelectronics.FP-SNS-FLIGHT1.5.0.2
2024-04-30 18:10:32,220 [WARN] PackLoader:242 - Cannot read IP mode file for STMicroelectronics.X-CUBE-TOF1.3.1.0
2024-04-30 18:10:32,240 [WARN] PackLoader:242 - Cannot read IP mode file for STMicroelectronics.X-CUBE-DISPLAY.3.0.0
2024-04-30 18:10:32,255 [WARN] PackLoader:242 - Cannot read IP mode file for STMicroelectronics.X-CUBE-BLE1.7.0.0
2024-04-30 18:10:32,270 [WARN] PackLoader:242 - Cannot read IP mode file for STMicroelectronics.X-CUBE-TOUCHGFX.4.22.0
2024-04-30 18:10:32,330 [WARN] PackLoader:242 - Cannot read IP mode file for STMicroelectronics.X-CUBE-MEMS1.9.3.0
2024-04-30 18:10:32,475 [WARN] PackLoader:242 - Cannot read IP mode file for STMicroelectronics.X-CUBE-AI.7.2.0
2024-04-30 18:10:32,495 [WARN] PackLoader:242 - Cannot read IP mode file for STMicroelectronics.X-CUBE-BLEMGR.3.1.0
2024-04-30 18:10:32,510 [WARN] PackLoader:242 - Cannot read IP mode file for STMicroelectronics.FP-SNS-SMARTAG2.1.2.0
2024-04-30 18:10:32,529 [INFO] LogOutputStream:76 - [STDOUT_REDIRECT] 1 : Invalid condition id : UX_CORESTACK_Condition cause : null
2024-04-30 18:10:32,529 [INFO] LogOutputStream:76 - [STDOUT_REDIRECT] 1 : Invalid condition id : UX_CORESTACK_Condition cause : null
2024-04-30 18:10:32,529 [INFO] LogOutputStream:76 - [STDOUT_REDIRECT] 1 : Invalid condition id : UX_CORESTACK_Condition cause : null
2024-04-30 18:10:32,529 [INFO] LogOutputStream:76 - [STDOUT_REDIRECT] 1 : Invalid condition id : UX_CORESTACK_Condition cause : null
2024-04-30 18:10:32,532 [INFO] LogOutputStream:76 - [STDOUT_REDIRECT] 1 : Invalid condition id : UX_CORESTACK_Condition cause : null
2024-04-30 18:10:32,533 [WARN] PackLoader:242 - Cannot read IP mode file for STMicroelectronics.X-CUBE-AZRTOS-WL.2.0.0
2024-04-30 18:10:32,560 [WARN] PackLoader:242 - Cannot read IP mode file for STMicroelectronics.FP-SNS-MOTENV1.5.0.0
2024-04-30 18:10:32,584 [WARN] PackLoader:242 - Cannot read IP mode file for WES.I-CUBE-Cesium.1.3.0
2024-04-30 18:10:32,615 [WARN] PackLoader:242 - Cannot read IP mode file for STMicroelectronics.X-CUBE-BLE2.3.3.0
2024-04-30 18:10:32,632 [WARN] PackLoader:242 - Cannot read IP mode file for STMicroelectronics.X-CUBE-DISPLAY.2.2.0
2024-04-30 18:10:32,655 [WARN] PackLoader:242 - Cannot read IP mode file for STMicroelectronics.X-CUBE-TOF1.3.2.0
2024-04-30 18:10:32,670 [WARN] PackLoader:242 - Cannot read IP mode file for STMicroelectronics.X-CUBE-ISPU.1.0.0
2024-04-30 18:10:32,699 [WARN] PackLoader:242 - Cannot read IP mode file for STMicroelectronics.X-CUBE-AZRTOS-H7.2.1.0
2024-04-30 18:10:32,719 [WARN] PackLoader:242 - Cannot read IP mode file for STMicroelectronics.X-CUBE-TCPP.4.1.0
2024-04-30 18:10:32,731 [WARN] PackLoader:242 - Cannot read IP mode file for STMicroelectronics.X-CUBE-TOUCHGFX.4.21.1
2024-04-30 18:10:32,747 [WARN] PackLoader:242 - Cannot read IP mode file for STMicroelectronics.X-CUBE-TOUCHGFX.4.21.3
2024-04-30 18:10:32,756 [WARN] PackLoader:242 - Cannot read IP mode file for STMicroelectronics.X-CUBE-TOUCHGFX.4.21.4
2024-04-30 18:10:32,789 [WARN] PackLoader:242 - Cannot read IP mode file for STMicroelectronics.X-CUBE-MEMS1.9.4.0
2024-04-30 18:10:32,884 [WARN] PackLoader:242 - Cannot read IP mode file for STMicroelectronics.X-CUBE-AI.7.3.0
2024-04-30 18:10:32,895 [WARN] PackLoader:242 - Cannot read IP mode file for STMicroelectronics.X-CUBE-ALGOBUILD.1.3.0
2024-04-30 18:10:32,909 [WARN] PackLoader:242 - Cannot read IP mode file for STMicroelectronics.X-CUBE-AZRTOS-G0.1.1.0
2024-04-30 18:10:32,919 [WARN] PackLoader:242 - Cannot read IP mode file for STMicroelectronics.X-CUBE-SAFEA1.1.2.2
2024-04-30 18:10:32,932 [WARN] PackLoader:242 - Cannot read IP mode file for STMicroelectronics.X-CUBE-NFC4.3.0.0
2024-04-30 18:10:32,964 [WARN] PackLoader:242 - Cannot read IP mode file for SEGGER.I-CUBE-embOS.1.2.0
2024-04-30 18:10:33,012 [WARN] PackLoader:242 - Cannot read IP mode file for STMicroelectronics.X-CUBE-BLEMGR.3.0.0
2024-04-30 18:10:33,060 [WARN] PackLoader:242 - Cannot read IP mode file for STMicroelectronics.X-CUBE-BLEMGR.1.3.0
2024-04-30 18:10:33,070 [WARN] PackLoader:242 - Cannot read IP mode file for STMicroelectronics.FP-ATR-SIGFOX1.3.2.0
2024-04-30 18:10:33,091 [WARN] PackLoader:242 - Cannot read IP mode file for STMicroelectronics.X-CUBE-EEPRMA1.5.1.0
2024-04-30 18:10:33,107 [WARN] PackLoader:242 - Cannot read IP mode file for emotas.I-CUBE-CANOPEN.1.1.2
2024-04-30 18:10:33,115 [WARN] PackLoader:242 - Cannot read IP mode file for STMicroelectronics.X-CUBE-TOUCHGFX.4.20.0
2024-04-30 18:10:33,140 [WARN] PackLoader:242 - Cannot read IP mode file for STMicroelectronics.X-CUBE-MEMS1.9.5.0
2024-04-30 18:10:33,255 [WARN] PackLoader:242 - Cannot read IP mode file for SEGGER.I-CUBE-embOS.1.3.1
2024-04-30 18:10:33,345 [WARN] PackLoader:242 - Cannot read IP mode file for STMicroelectronics.X-CUBE-GNSS1.6.0.0
2024-04-30 18:10:33,375 [WARN] PackLoader:242 - Cannot read IP mode file for STMicroelectronics.X-CUBE-AZRTOS-F4.1.1.0
2024-04-30 18:10:33,385 [WARN] PackLoader:242 - Cannot read IP mode file for STMicroelectronics.X-CUBE-FREERTOS.1.2.0
2024-04-30 18:10:33,395 [WARN] PackLoader:242 - Cannot read IP mode file for STMicroelectronics.X-CUBE-BLEMGR.1.2.0
2024-04-30 18:10:33,409 [WARN] PackLoader:242 - Cannot read IP mode file for STMicroelectronics.X-CUBE-AZRTOS-L5.2.0.0
2024-04-30 18:10:33,438 [WARN] PackLoader:242 - Cannot read IP mode file for STMicroelectronics.X-CUBE-MEMS1.9.6.0
2024-04-30 18:10:33,545 [WARN] PackLoader:242 - Cannot read IP mode file for STMicroelectronics.X-CUBE-EEPRMA1.4.2.0
2024-04-30 18:10:33,551 [WARN] PackLoader:242 - Cannot read IP mode file for STMicroelectronics.X-CUBE-NFC6.3.1.0
2024-04-30 18:10:33,564 [WARN] PackLoader:242 - Cannot read IP mode file for ITTIA_DB.I-CUBE-ITTIADB.8.8.0
2024-04-30 18:10:33,574 [WARN] PackLoader:242 - Cannot read IP mode file for STMicroelectronics.X-CUBE-BLEMGR.2.0.0
2024-04-30 18:10:33,583 [WARN] PackLoader:242 - Cannot read IP mode file for STMicroelectronics.X-CUBE-NFC4.2.0.4
2024-04-30 18:10:33,594 [WARN] PackLoader:242 - Cannot read IP mode file for STMicroelectronics.X-CUBE-AI.9.0.0
2024-04-30 18:10:33,616 [WARN] ConditionMgr:437 - getConditionDescription Invalid condition id : UX DEVICE CLASS RTOS Condition cause : null
2024-04-30 18:10:33,616 [WARN] ConditionMgr:437 - getConditionDescription Invalid condition id : UX DEVICE CLASS RTOS Condition cause : null
2024-04-30 18:10:33,616 [WARN] PackLoader:242 - Cannot read IP mode file for STMicroelectronics.X-CUBE-AZRTOS-H7.3.1.0
2024-04-30 18:10:33,616 [WARN] ConditionMgr:1038 - genDependencies : Invalid condition id : UX DEVICE CLASS RTOS Condition cause : null
2024-04-30 18:10:33,616 [WARN] ConditionMgr:1038 - genDependencies : Invalid condition id : UX DEVICE CLASS RTOS Condition cause : null
2024-04-30 18:10:33,616 [WARN] ConditionMgr:1038 - genDependencies : Invalid condition id : UX DEVICE CLASS RTOS Condition cause : null
2024-04-30 18:10:33,616 [WARN] ConditionMgr:1038 - genDependencies : Invalid condition id : UX DEVICE CLASS RTOS Condition cause : null
2024-04-30 18:10:33,620 [WARN] ConditionMgr:1038 - genDependencies : Invalid condition id : UX DEVICE CLASS RTOS Condition cause : null
2024-04-30 18:10:33,675 [WARN] PackLoader:242 - Cannot read IP mode file for wolfSSL.I-CUBE-wolfSSL.5.5.0
2024-04-30 18:10:33,695 [WARN] PackLoader:242 - Cannot read IP mode file for STMicroelectronics.X-CUBE-NFC7.1.0.1
2024-04-30 18:10:33,705 [WARN] PackLoader:242 - Cannot read IP mode file for STMicroelectronics.X-CUBE-NFC7.1.0.0
2024-04-30 18:10:33,715 [WARN] PackLoader:242 - Cannot read IP mode file for STMicroelectronics.X-CUBE-NFC6.3.0.0
2024-04-30 18:10:33,729 [WARN] PackLoader:242 - Cannot read IP mode file for STMicroelectronics.X-CUBE-EEPRMA1.4.1.0
2024-04-30 18:10:33,738 [WARN] PackLoader:242 - Cannot read IP mode file for STMicroelectronics.X-CUBE-AI.8.1.0
2024-04-30 18:10:33,749 [WARN] ConditionMgr:437 - getConditionDescription Invalid condition id : LAN8742 Phy interface Condition cause : null
2024-04-30 18:10:33,749 [WARN] PackLoader:242 - Cannot read IP mode file for STMicroelectronics.X-CUBE-AZRTOS-L4.2.0.0
2024-04-30 18:10:33,754 [WARN] ConditionMgr:1038 - genDependencies : Invalid condition id : LAN8742 Phy interface Condition cause : null
2024-04-30 18:10:33,754 [WARN] ConditionMgr:1038 - genDependencies : Invalid condition id : LAN8742 Phy interface Condition cause : null
2024-04-30 18:10:33,754 [WARN] ConditionMgr:1038 - genDependencies : Invalid condition id : LAN8742 Phy interface Condition cause : null
2024-04-30 18:10:33,770 [WARN] PackLoader:242 - Cannot read IP mode file for STMicroelectronics.X-CUBE-SFXS2LP1.4.0.0
2024-04-30 18:10:33,782 [WARN] PackLoader:242 - Cannot read IP mode file for STMicroelectronics.X-CUBE-AZRTOS-H7.3.0.0
2024-04-30 18:10:33,794 [WARN] PackLoader:242 - Cannot read IP mode file for STMicroelectronics.X-CUBE-ISPU.1.1.0
2024-04-30 18:10:33,815 [WARN] PackLoader:242 - Cannot read IP mode file for RoweBots.I-CUBE-UNISONRTOS.5.5.0-4
2024-04-30 18:10:33,822 [WARN] PackLoader:242 - Cannot read IP mode file for STMicroelectronics.X-CUBE-AI.8.0.0
2024-04-30 18:10:33,840 [WARN] ConditionMgr:437 - getConditionDescription Invalid condition id : UX DEVICE CLASS RTOS Condition cause : null
2024-04-30 18:10:33,840 [WARN] ConditionMgr:437 - getConditionDescription Invalid condition id : UX DEVICE CLASS RTOS Condition cause : null
2024-04-30 18:10:33,845 [WARN] PackLoader:242 - Cannot read IP mode file for STMicroelectronics.X-CUBE-AZRTOS-WB.2.0.0
2024-04-30 18:10:33,845 [WARN] ConditionMgr:1038 - genDependencies : Invalid condition id : UX DEVICE CLASS RTOS Condition cause : null
2024-04-30 18:10:33,845 [WARN] ConditionMgr:1038 - genDependencies : Invalid condition id : UX DEVICE CLASS RTOS Condition cause : null
2024-04-30 18:10:33,845 [WARN] ConditionMgr:1038 - genDependencies : Invalid condition id : UX DEVICE CLASS RTOS Condition cause : null
2024-04-30 18:10:33,845 [WARN] ConditionMgr:1038 - genDependencies : Invalid condition id : UX DEVICE CLASS RTOS Condition cause : null
2024-04-30 18:10:33,845 [WARN] ConditionMgr:1038 - genDependencies : Invalid condition id : UX DEVICE CLASS RTOS Condition cause : null
2024-04-30 18:10:33,855 [WARN] PackLoader:242 - Cannot read IP mode file for STMicroelectronics.X-CUBE-FREERTOS.1.0.0
2024-04-30 18:10:33,860 [WARN] PackLoader:242 - Cannot read IP mode file for STMicroelectronics.X-CUBE-FREERTOS.1.0.1
2024-04-30 18:10:33,871 [WARN] PackLoader:242 - Cannot read IP mode file for STMicroelectronics.X-CUBE-BLEMGR.1.0.0
2024-04-30 18:10:33,885 [WARN] PackLoader:242 - Cannot read IP mode file for STMicroelectronics.X-CUBE-AZRTOS-L5.1.1.0
2024-04-30 18:10:33,900 [WARN] PackLoader:242 - Cannot read IP mode file for STMicroelectronics.X-CUBE-AI.8.0.1
2024-04-30 18:10:33,910 [WARN] PackLoader:242 - Cannot read IP mode file for STMicroelectronics.X-CUBE-SUBG2.5.0.0
2024-04-30 18:10:33,920 [WARN] PackLoader:242 - Cannot read IP mode file for STMicroelectronics.X-CUBE-TOF1.3.3.1
2024-04-30 18:10:33,945 [WARN] PackLoader:242 - Cannot read IP mode file for STMicroelectronics.X-CUBE-AZRTOS-G4.2.0.0
2024-04-30 18:10:33,955 [WARN] PackLoader:242 - Cannot read IP mode file for STMicroelectronics.X-CUBE-TOF1.3.3.0
2024-04-30 18:10:33,966 [WARN] PackLoader:242 - Cannot read IP mode file for STMicroelectronics.FP-ATR-ASTRA1.1.1.1
2024-04-30 18:10:33,980 [WARN] PackLoader:242 - Cannot read IP mode file for Infineon.AIROC-Wi-Fi-Bluetooth-STM32.1.5.1
2024-04-30 18:10:33,982 [WARN] PackLoader:242 - Cannot read IP mode file for STMicroelectronics.FP-SNS-MOTENVWB1.1.3.1
2024-04-30 18:10:33,999 [WARN] PackLoader:242 - Cannot read IP mode file for STMicroelectronics.X-CUBE-AZRTOS-G4.1.0.0
2024-04-30 18:10:34,009 [WARN] PackLoader:242 - Cannot read IP mode file for STMicroelectronics.X-CUBE-AZRTOS-L4.1.0.0
2024-04-30 18:10:34,019 [WARN] PackLoader:242 - Cannot read IP mode file for STMicroelectronics.X-CUBE-ISPU.2.0.0
2024-04-30 18:10:34,039 [WARN] PackLoader:242 - Cannot read IP mode file for STMicroelectronics.X-CUBE-MEMS1.10.0.0
2024-04-30 18:10:34,142 [WARN] PackLoader:242 - Cannot read IP mode file for STMicroelectronics.X-CUBE-FREERTOS.1.1.0
2024-04-30 18:10:34,155 [WARN] PackLoader:242 - Cannot read IP mode file for STMicroelectronics.X-CUBE-AZRTOS-WL.1.0.0
2024-04-30 18:10:34,164 [WARN] PackLoader:242 - Cannot read IP mode file for portGmbH.I-Cube-SoM-uGOAL.1.1.0
2024-04-30 18:10:34,170 [WARN] PackLoader:242 - Cannot read IP mode file for STMicroelectronics.X-CUBE-ALS.1.0.1
2024-04-30 18:10:34,180 [WARN] PackLoader:242 - Cannot read IP mode file for STMicroelectronics.X-CUBE-AZRTOS-WB.1.1.0
2024-04-30 18:10:34,195 [WARN] PackLoader:242 - Cannot read IP mode file for STMicroelectronics.X-CUBE-AZRTOS-L5.1.0.0
2024-04-30 18:10:34,205 [WARN] PackLoader:242 - Cannot read IP mode file for STMicroelectronics.X-CUBE-EEPRMA1.3.1.1
2024-04-30 18:10:34,225 [WARN] PackLoader:242 - Cannot read IP mode file for STMicroelectronics.X-CUBE-AZRTOS-H7RS.1.0.0
2024-04-30 18:10:34,230 [WARN] PackLoader:242 - Cannot read IP mode file for STMicroelectronics.FP-ATR-ASTRA1.2.0.0
2024-04-30 18:10:34,240 [WARN] PackLoader:242 - Cannot read IP mode file for STMicroelectronics.X-CUBE-TOF1.3.4.0
2024-04-30 18:10:34,253 [WARN] PackLoader:242 - Cannot read IP mode file for STMicroelectronics.X-CUBE-TOF1.3.4.1
2024-04-30 18:10:34,270 [WARN] PackLoader:242 - Cannot read IP mode file for STMicroelectronics.X-CUBE-AZRTOS-H7.3.2.0
2024-04-30 18:10:34,270 [INFO] ThirdParty:929 - Integrity check success = true
2024-04-30 18:10:34,270 [INFO] IntegrityCheckThread:98 - exiting critical section [integrity check]
2024-04-30 18:10:34,270 [INFO] IntegrityCheckThread:101 - End integrity checks thread
2024-04-30 18:10:34,270 [INFO] ThirdParty:829 - entering critical section [close project]
2024-04-30 18:10:34,270 [INFO] ThirdParty:839 - exiting critical section [close project]
2024-04-30 18:10:34,275 [INFO] PinOutPanel:1468 - setPackage(No Configuration,No Configuration)
2024-04-30 18:10:34,275 [INFO] UtilMem:74 - Begin LoadConfig() Used Memory: 199097016 Bytes (283115520)
2024-04-30 18:10:34,280 [INFO] MicroXplorer:451 - Change Database Path : 
2024-04-30 18:10:34,280 [INFO] MicroXplorer:481 - Change Database Version : DB.6.0.60
2024-04-30 18:10:34,280 [INFO] OpenFileManager:307 - Change cursor
2024-04-30 18:10:34,304 [INFO] Mcu:1922 - Initializing MCU STM32G474R(B-C-E)Tx STM32G474RETx STM32G474RET3
2024-04-30 18:10:37,301 [INFO] Context:654 - Trying to add GPIOservice into a context  which must be forbidden
2024-04-30 18:10:38,441 [WARN] ApiManager:308 - Cannot register API 'Board Extension:GNSS1A1' from pack STMicroelectronics.X-CUBE-GNSS1.6.0.0: no header file found
2024-04-30 18:10:38,441 [WARN] ApiManager:308 - Cannot register API 'Board Support:Custom' from pack STMicroelectronics.X-CUBE-GNSS1.6.0.0: no header file found
2024-04-30 18:10:38,441 [WARN] ApiManager:308 - Cannot register API 'Data Exchange:lib_gnss' from pack STMicroelectronics.X-CUBE-GNSS1.6.0.0: no header file found
2024-04-30 18:10:38,525 [WARN] ApiManager:308 - Cannot register API 'Board Extension:IKS01A3' from pack STMicroelectronics.X-CUBE-MEMS1.9.6.0: no header file found
2024-04-30 18:10:38,525 [WARN] ApiManager:308 - Cannot register API 'Board Extension:IKS01A2' from pack STMicroelectronics.X-CUBE-MEMS1.9.6.0: no header file found
2024-04-30 18:10:38,525 [WARN] ApiManager:308 - Cannot register API 'Board Extension:IKS02A1' from pack STMicroelectronics.X-CUBE-MEMS1.9.6.0: no header file found
2024-04-30 18:10:38,530 [WARN] ApiManager:308 - Cannot register API 'Board Extension:EEPRMA2' from pack STMicroelectronics.X-CUBE-EEPRMA1.4.2.0: no header file found
2024-04-30 18:10:38,532 [WARN] ApiManager:308 - Cannot register API 'Board Extension:PGEEZ1' from pack STMicroelectronics.X-CUBE-EEPRMA1.4.2.0: no header file found
2024-04-30 18:10:38,532 [WARN] ApiManager:308 - Cannot register API 'Board Part:M24' from pack STMicroelectronics.X-CUBE-EEPRMA1.4.2.0: no header file found
2024-04-30 18:10:38,532 [WARN] ApiManager:308 - Cannot register API 'Board Part:M95' from pack STMicroelectronics.X-CUBE-EEPRMA1.4.2.0: no header file found
2024-04-30 18:10:38,532 [WARN] ApiManager:308 - Cannot register API 'Board Part:M95P32' from pack STMicroelectronics.X-CUBE-EEPRMA1.4.2.0: no header file found
2024-04-30 18:10:38,532 [WARN] ApiManager:308 - Cannot register API 'PGEEZ1:SPI' from pack STMicroelectronics.X-CUBE-EEPRMA1.4.2.0: no header file found
2024-04-30 18:10:38,532 [WARN] ApiManager:308 - Cannot register API 'PGEEZ1:QDSPI' from pack STMicroelectronics.X-CUBE-EEPRMA1.4.2.0: no header file found
2024-04-30 18:10:38,533 [WARN] ApiManager:308 - Cannot register API 'Board Extension:NFC06A1' from pack STMicroelectronics.X-CUBE-NFC6.3.1.0: no header file found
2024-04-30 18:10:38,535 [WARN] ApiManager:308 - Cannot register API 'Board Extension:NFC08A1' from pack STMicroelectronics.X-CUBE-NFC6.3.1.0: no header file found
2024-04-30 18:10:38,537 [WARN] ApiManager:308 - Cannot register API 'Wireless:BlueNRG-MS' from pack STMicroelectronics.X-CUBE-BLE1.6.2.3: no header file found
2024-04-30 18:10:38,537 [WARN] ApiManager:308 - Cannot register API 'Wireless:BlueNRG-MS' from pack STMicroelectronics.X-CUBE-BLE1.6.2.4: no header file found
2024-04-30 18:10:38,543 [INFO] RtosManager:488 - Registered RTOS mode: class=CMSIS, group=RTOS, mode=CMSIS_V1, owner=FREERTOS
2024-04-30 18:10:38,543 [INFO] RtosManager:488 - Registered RTOS mode: class=CMSIS, group=RTOS2, mode=CMSIS_V2, owner=FREERTOS
2024-04-30 18:10:38,543 [INFO] RtosManager:488 - Registered RTOS mode: class=RTOS, group=Core, mode=CMSIS_V1, owner=FREERTOS
2024-04-30 18:10:38,543 [INFO] RtosManager:488 - Registered RTOS mode: class=RTOS, group=Core, mode=CMSIS_V2, owner=FREERTOS
2024-04-30 18:10:38,543 [WARN] ModelIntegratedComponent:185 - Missing modes for component STMicroelectronics:FreeRTOS:0.0.1:STMicroelectronics:RTOS:FreeRTOS:Core:::10.2.0:
2024-04-30 18:10:38,543 [WARN] ApiManager:308 - Cannot register API 'Board Extension:NFC04A1' from pack STMicroelectronics.X-CUBE-NFC4.2.0.4: no header file found
2024-04-30 18:10:38,549 [WARN] ApiManager:308 - Cannot register API 'Wireless:BlueNRG-MS' from pack STMicroelectronics.X-CUBE-BLE1.7.0.0: no header file found
2024-04-30 18:10:38,549 [WARN] ModelIntegratedComponent:64 - No mode defined for component null
2024-04-30 18:10:38,549 [WARN] ModelIntegratedComponent:64 - No mode defined for component null
2024-04-30 18:10:38,549 [WARN] ModelIntegratedComponent:64 - No mode defined for component null
2024-04-30 18:10:38,549 [WARN] ModelIntegratedComponent:64 - No mode defined for component null
2024-04-30 18:10:38,549 [WARN] ModelIntegratedComponent:64 - No mode defined for component null
2024-04-30 18:10:38,549 [WARN] ModelIntegratedComponent:64 - No mode defined for component null
2024-04-30 18:10:38,552 [WARN] ModelIntegratedComponent:64 - No mode defined for component null
2024-04-30 18:10:38,552 [WARN] ModelIntegratedComponent:64 - No mode defined for component null
2024-04-30 18:10:38,552 [WARN] ModelIntegratedComponent:64 - No mode defined for component null
2024-04-30 18:10:38,552 [WARN] ModelIntegratedComponent:64 - No mode defined for component null
2024-04-30 18:10:38,552 [WARN] ModelIntegratedComponent:64 - No mode defined for component null
2024-04-30 18:10:38,552 [WARN] ModelIntegratedComponent:64 - No mode defined for component null
2024-04-30 18:10:38,552 [WARN] ModelIntegratedComponent:64 - No mode defined for component null
2024-04-30 18:10:38,552 [WARN] ModelIntegratedComponent:64 - No mode defined for component null
2024-04-30 18:10:38,552 [WARN] ModelIntegratedComponent:64 - No mode defined for component null
2024-04-30 18:10:38,552 [WARN] ModelIntegratedComponent:64 - No mode defined for component null
2024-04-30 18:10:38,552 [WARN] ModelIntegratedComponent:64 - No mode defined for component null
2024-04-30 18:10:38,552 [WARN] ModelIntegratedComponent:64 - No mode defined for component null
2024-04-30 18:10:38,552 [WARN] ModelIntegratedComponent:64 - No mode defined for component null
2024-04-30 18:10:38,552 [WARN] ModelIntegratedComponent:64 - No mode defined for component null
2024-04-30 18:10:38,552 [WARN] ModelIntegratedComponent:64 - No mode defined for component null
2024-04-30 18:10:38,552 [WARN] ModelIntegratedComponent:64 - No mode defined for component null
2024-04-30 18:10:38,552 [WARN] ModelIntegratedComponent:64 - No mode defined for component null
2024-04-30 18:10:38,552 [WARN] ModelIntegratedComponent:64 - No mode defined for component null
2024-04-30 18:10:38,552 [WARN] ModelIntegratedComponent:64 - No mode defined for component null
2024-04-30 18:10:38,552 [WARN] ModelIntegratedComponent:64 - No mode defined for component null
2024-04-30 18:10:38,552 [WARN] ModelIntegratedComponent:64 - No mode defined for component null
2024-04-30 18:10:38,552 [WARN] ModelIntegratedComponent:64 - No mode defined for component null
2024-04-30 18:10:38,552 [WARN] ModelIntegratedComponent:64 - No mode defined for component null
2024-04-30 18:10:38,552 [WARN] ModelIntegratedComponent:64 - No mode defined for component null
2024-04-30 18:10:38,552 [WARN] ModelIntegratedComponent:64 - No mode defined for component null
2024-04-30 18:10:38,552 [WARN] ModelIntegratedComponent:64 - No mode defined for component null
2024-04-30 18:10:38,552 [WARN] ModelIntegratedComponent:64 - No mode defined for component null
2024-04-30 18:10:38,552 [WARN] ApiManager:308 - Cannot register API 'Board Extension:NFC07A1' from pack STMicroelectronics.X-CUBE-NFC7.1.0.1: no header file found
2024-04-30 18:10:38,552 [WARN] ApiManager:308 - Cannot register API 'Board Extension:NFC07A1' from pack STMicroelectronics.X-CUBE-NFC7.1.0.0: no header file found
2024-04-30 18:10:38,552 [WARN] ApiManager:308 - Cannot register API 'Board Extension:NFC06A1' from pack STMicroelectronics.X-CUBE-NFC6.3.0.0: no header file found
2024-04-30 18:10:38,552 [WARN] ApiManager:308 - Cannot register API 'Board Extension:NFC08A1' from pack STMicroelectronics.X-CUBE-NFC6.3.0.0: no header file found
2024-04-30 18:10:38,584 [WARN] ApiManager:308 - Cannot register API 'Board Extension:IKS01A3' from pack STMicroelectronics.X-CUBE-MEMS1.9.3.0: no header file found
2024-04-30 18:10:38,584 [WARN] ApiManager:308 - Cannot register API 'Board Extension:IKS01A2' from pack STMicroelectronics.X-CUBE-MEMS1.9.3.0: no header file found
2024-04-30 18:10:38,584 [WARN] ApiManager:308 - Cannot register API 'Board Extension:IKS02A1' from pack STMicroelectronics.X-CUBE-MEMS1.9.3.0: no header file found
2024-04-30 18:10:38,584 [WARN] ApiManager:308 - Cannot register API 'Board Extension:EEPRMA1' from pack STMicroelectronics.X-CUBE-EEPRMA1.4.1.0: no header file found
2024-04-30 18:10:38,589 [WARN] ApiManager:308 - Cannot register API 'Board Extension:EEPRMA2' from pack STMicroelectronics.X-CUBE-EEPRMA1.4.1.0: no header file found
2024-04-30 18:10:38,589 [WARN] ApiManager:308 - Cannot register API 'Board Extension:PGEEZ1' from pack STMicroelectronics.X-CUBE-EEPRMA1.4.1.0: no header file found
2024-04-30 18:10:38,589 [WARN] ApiManager:308 - Cannot register API 'Board Part:M24' from pack STMicroelectronics.X-CUBE-EEPRMA1.4.1.0: no header file found
2024-04-30 18:10:38,589 [WARN] ApiManager:308 - Cannot register API 'Board Part:M95' from pack STMicroelectronics.X-CUBE-EEPRMA1.4.1.0: no header file found
2024-04-30 18:10:38,589 [WARN] ApiManager:308 - Cannot register API 'Board Part:M95P32' from pack STMicroelectronics.X-CUBE-EEPRMA1.4.1.0: no header file found
2024-04-30 18:10:38,590 [WARN] ApiManager:308 - Cannot register API 'PGEEZ1:SPI' from pack STMicroelectronics.X-CUBE-EEPRMA1.4.1.0: no header file found
2024-04-30 18:10:38,590 [WARN] ApiManager:308 - Cannot register API 'PGEEZ1:QDSPI' from pack STMicroelectronics.X-CUBE-EEPRMA1.4.1.0: no header file found
2024-04-30 18:10:38,593 [WARN] ApiManager:308 - Cannot register API 'Board Extension:S2868A1' from pack STMicroelectronics.X-CUBE-SFXS2LP1.4.0.0: no header file found
2024-04-30 18:10:38,593 [WARN] ApiManager:308 - Cannot register API 'Board Extension:S2868A2' from pack STMicroelectronics.X-CUBE-SFXS2LP1.4.0.0: no header file found
2024-04-30 18:10:38,593 [WARN] ApiManager:308 - Cannot register API 'Board Extension:S2915A1' from pack STMicroelectronics.X-CUBE-SFXS2LP1.4.0.0: no header file found
2024-04-30 18:10:38,593 [WARN] ApiManager:308 - Cannot register API 'Wireless:BlueNRG-2' from pack STMicroelectronics.X-CUBE-BLE2.3.3.0: no header file found
2024-04-30 18:10:38,624 [WARN] ApiManager:308 - Cannot register API 'Board Extension:IKS01A3' from pack STMicroelectronics.X-CUBE-MEMS1.9.4.0: no header file found
2024-04-30 18:10:38,624 [WARN] ApiManager:308 - Cannot register API 'Board Extension:IKS01A2' from pack STMicroelectronics.X-CUBE-MEMS1.9.4.0: no header file found
2024-04-30 18:10:38,624 [WARN] ApiManager:308 - Cannot register API 'Board Extension:IKS02A1' from pack STMicroelectronics.X-CUBE-MEMS1.9.4.0: no header file found
2024-04-30 18:10:38,630 [WARN] ApiManager:308 - Cannot register API 'Board Extension:STSAFEA1' from pack STMicroelectronics.X-CUBE-SAFEA1.1.2.2: no header file found
2024-04-30 18:10:38,630 [WARN] ApiManager:308 - Cannot register API 'Board Part:STSAFEA110' from pack STMicroelectronics.X-CUBE-SAFEA1.1.2.2: no header file found
2024-04-30 18:10:38,630 [WARN] ApiManager:308 - Cannot register API 'Security:ST_Cryptolib' from pack STMicroelectronics.X-CUBE-SAFEA1.1.2.2: no header file found
2024-04-30 18:10:38,630 [WARN] ApiManager:308 - Cannot register API 'Security:MbedTLS' from pack STMicroelectronics.X-CUBE-SAFEA1.1.2.2: no header file found
2024-04-30 18:10:38,630 [WARN] ApiManager:308 - Cannot register API 'Board Extension:NFC04A1' from pack STMicroelectronics.X-CUBE-NFC4.3.0.0: no header file found
2024-04-30 18:10:38,635 [WARN] ApiManager:308 - Cannot register API 'Board Extension:S2868A1' from pack STMicroelectronics.X-CUBE-SUBG2.5.0.0: no header file found
2024-04-30 18:10:38,637 [WARN] ApiManager:308 - Cannot register API 'Board Extension:S2868A2' from pack STMicroelectronics.X-CUBE-SUBG2.5.0.0: no header file found
2024-04-30 18:10:38,637 [WARN] ApiManager:308 - Cannot register API 'Board Extension:S2915A1' from pack STMicroelectronics.X-CUBE-SUBG2.5.0.0: no header file found
2024-04-30 18:10:38,641 [WARN] ApiManager:308 - Cannot register API 'Board Extension:EEPRMA2' from pack STMicroelectronics.X-CUBE-EEPRMA1.5.1.0: no header file found
2024-04-30 18:10:38,641 [WARN] ApiManager:308 - Cannot register API 'Board Extension:PGEEZ1' from pack STMicroelectronics.X-CUBE-EEPRMA1.5.1.0: no header file found
2024-04-30 18:10:38,641 [WARN] ApiManager:308 - Cannot register API 'Board Extension:EEICA1' from pack STMicroelectronics.X-CUBE-EEPRMA1.5.1.0: no header file found
2024-04-30 18:10:38,641 [WARN] ApiManager:308 - Cannot register API 'Board Part:M24' from pack STMicroelectronics.X-CUBE-EEPRMA1.5.1.0: no header file found
2024-04-30 18:10:38,641 [WARN] ApiManager:308 - Cannot register API 'Board Part:M95' from pack STMicroelectronics.X-CUBE-EEPRMA1.5.1.0: no header file found
2024-04-30 18:10:38,641 [WARN] ApiManager:308 - Cannot register API 'Board Part:M95P32' from pack STMicroelectronics.X-CUBE-EEPRMA1.5.1.0: no header file found
2024-04-30 18:10:38,641 [WARN] ApiManager:308 - Cannot register API 'Board Part:M24256E-F' from pack STMicroelectronics.X-CUBE-EEPRMA1.5.1.0: no header file found
2024-04-30 18:10:38,641 [WARN] ApiManager:308 - Cannot register API 'Board Part:M24M01E-F' from pack STMicroelectronics.X-CUBE-EEPRMA1.5.1.0: no header file found
2024-04-30 18:10:38,641 [WARN] ApiManager:308 - Cannot register API 'PGEEZ1:SPI' from pack STMicroelectronics.X-CUBE-EEPRMA1.5.1.0: no header file found
2024-04-30 18:10:38,641 [WARN] ApiManager:308 - Cannot register API 'PGEEZ1:QDSPI' from pack STMicroelectronics.X-CUBE-EEPRMA1.5.1.0: no header file found
2024-04-30 18:10:38,674 [WARN] ApiManager:308 - Cannot register API 'Board Extension:IKS01A3' from pack STMicroelectronics.X-CUBE-MEMS1.10.0.0: no header file found
2024-04-30 18:10:38,674 [WARN] ApiManager:308 - Cannot register API 'Board Extension:IKS02A1' from pack STMicroelectronics.X-CUBE-MEMS1.10.0.0: no header file found
2024-04-30 18:10:38,674 [WARN] ApiManager:308 - Cannot register API 'Board Extension:IKS4A1' from pack STMicroelectronics.X-CUBE-MEMS1.10.0.0: no header file found
2024-04-30 18:10:38,710 [WARN] ApiManager:308 - Cannot register API 'Board Extension:IKS01A3' from pack STMicroelectronics.X-CUBE-MEMS1.9.5.0: no header file found
2024-04-30 18:10:38,710 [WARN] ApiManager:308 - Cannot register API 'Board Extension:IKS01A2' from pack STMicroelectronics.X-CUBE-MEMS1.9.5.0: no header file found
2024-04-30 18:10:38,710 [WARN] ApiManager:308 - Cannot register API 'Board Extension:IKS02A1' from pack STMicroelectronics.X-CUBE-MEMS1.9.5.0: no header file found
2024-04-30 18:10:38,715 [WARN] ApiManager:308 - Cannot register API 'Board Extension:EEPRMA1' from pack STMicroelectronics.X-CUBE-EEPRMA1.3.1.1: no header file found
2024-04-30 18:10:38,715 [WARN] ApiManager:308 - Cannot register API 'Board Extension:EEPRMA2' from pack STMicroelectronics.X-CUBE-EEPRMA1.3.1.1: no header file found
2024-04-30 18:10:38,741 [INFO] ThirdPartyModel:289 - Start build external matchings
2024-04-30 18:10:39,885 [INFO] ThirdPartyModel:302 - End build external matchings
2024-04-30 18:10:39,915 [INFO] ImportTextPane:193 - (OptionalMessage_ERROR) IP (ADC1) : Parameter (CommonPathInternal) has invalid value (null|null|null|null)
2024-04-30 18:10:40,512 [INFO] UtilMem:74 - End LoadConfig() Used Memory: 248527216 Bytes (506462208)
2024-04-30 18:10:40,645 [INFO] ApiDb:576 - Connected to CubeFinder SQLite database (C:\Users\saksh\.stmcufinder\plugins\mcufinder\mcu\cube-finder-db.db)
2024-04-30 18:10:40,699 [INFO] ApiDb:663 - CubeFinder database Data Model version=2.1
2024-04-30 18:10:40,699 [INFO] ApiDb:664 - CubeFinder database Configuration version=3.0.39
2024-04-30 18:10:40,699 [INFO] ApiDb:665 - CubeFinder database generation date=2024-03-25 (1711369621)
2024-04-30 18:10:40,699 [INFO] ApiDb:666 - CubeFinder database FW Pack versions=[FP-ATR-ASTRA1_V2.0.0, FP-SNS-FLIGHT1_V5.0.1, FP-SNS-FLIGHT1_V5.0.2, FP-SNS-MOTENV1_V4.3.1, FP-SNS-MOTENV1_V4.3.2, FP-SNS-MOTENVWB1_V1.3.1, FP-SNS-SMARTAG2_V1.2.0, STM32Cube_FW_C0_V1.1.0, STM32Cube_FW_F4_V1.28.0, STM32Cube_FW_F7_V1.17.0, STM32Cube_FW_G0_V1.6.2, STM32Cube_FW_G4_V1.5.2, STM32Cube_FW_H5_V0.5.1, STM32Cube_FW_H5_V1.1.1, STM32Cube_FW_H5_V1.2.0, STM32Cube_FW_H5_V1.2.0RC4, STM32Cube_FW_H7RS_V1.0.0, STM32Cube_FW_H7RS_V1.0.0RC4, STM32Cube_FW_H7_V1.11.0, STM32Cube_FW_L0_V1.12.2, STM32Cube_FW_L5_V1.5.1, STM32Cube_FW_U0_V1.0.0, STM32Cube_FW_U0_V1.0.0RC1, STM32Cube_FW_U5_V1.3.0RC4, STM32Cube_FW_U5_V1.5.0, STM32Cube_FW_U5_V1.5.0RC1, STM32Cube_FW_WBA_V1.0.0RC1, STM32Cube_FW_WBA_V1.2.0, STM32Cube_FW_WBA_V1.2.0RC2, STM32Cube_FW_WBA_V1.3.0, STM32Cube_FW_WBA_V1.3.0RC1, STM32Cube_FW_WB_V1.15.0RC1, STM32Cube_FW_WB_V1.16.0, STM32Cube_FW_WB_V1.16.0RC2, STM32Cube_FW_WB_V1.18.0, STM32Cube_FW_WB_V1.19.0, STM32Cube_FW_WL_V1.3.0, X-CUBE-ALGOBUILD_V1.3.0, X-CUBE-ALS_V1.0.1, X-CUBE-AZRTOS-F4_V1.1.0, X-CUBE-AZRTOS-F7_V1.1.0, X-CUBE-AZRTOS-G0_V1.1.0, X-CUBE-AZRTOS-G4_V2.0.0, X-CUBE-AZRTOS-H7_V3.2.0, X-CUBE-AZRTOS-L4_V1.0.0, X-CUBE-AZRTOS-L4_V2.0.0, X-CUBE-AZRTOS-L5_V1.1.0, X-CUBE-AZRTOS-WB_V2.0.0, X-CUBE-AZRTOS-WL_V2.0.0, X-CUBE-BLE1_V7.0.0, X-CUBE-BLE2_V3.3.0, X-CUBE-BLEMGR_V3.1.0, X-CUBE-EEPRMA1_V4.1.0, X-CUBE-EEPRMA1_V5.1.0, X-CUBE-FREERTOS_V1.1.0, X-CUBE-GNSS1_V6.0.0, X-CUBE-MEMS1_V10.0.0, X-CUBE-MEMS1_V9.1.0, X-CUBE-MEMS1_V9.4.0, X-CUBE-MEMS1_V9.6.0, X-CUBE-NFC4_V3.0.0, X-CUBE-NFC7_V1.0.1, X-CUBE-SFXS2LP1_V4.0.0, X-CUBE-SUBG2_V5.0.0, X-CUBE-TOF1_V3.4.0]
2024-04-30 18:10:42,304 [INFO] ApiDb:239 - Found 138 in-development CPN: [B-WB1M-WPAN1, NUCLEO-C031C6, STEVAL-STWINBX1, STM320518-EVAL, STM32C0116-DK, STM32C011D6Y3TR, STM32C011D6Y6TR, STM32C011F4P3, STM32C011F4P6, STM32C011F4U3, STM32C011F4U6TR, STM32C011F6P3, STM32C011F6P6, STM32C011F6U3, STM32C011F6U6TR, STM32C011J4M3, STM32C011J4M6, STM32C011J6M3, STM32C011J6M6, STM32C0316-DK, STM32C031C4T3, STM32C031C4T6, STM32C031C4U3, STM32C031C4U6, STM32C031C6T3, STM32C031C6T6, STM32C031C6U3, STM32C031C6U6, STM32C031F4P3, STM32C031F4P6, STM32C031F6P3, STM32C031F6P6, STM32C031G4U3, STM32C031G4U6, STM32C031G6U3, STM32C031G6U6, STM32C031K4T3, STM32C031K4T6, STM32C031K4U3, STM32C031K4U6, STM32C031K6T3, STM32C031K6T6, STM32C031K6U3, STM32C031K6U6, STM32G071K8TXN, STM32G071K8UXN, STM32G081GBU6N, STM32G081KBT6N, STM32G081KBUXN, STM32G0B1CCT6N, STM32G0B1KCT6, STM32G0B1NEY6TR, STM32G0B1RCT6N, STM32G0C1CCT6, STM32G0C1CCT6N, STM32G0C1CCU6N, STM32G0C1CET6N, STM32G0C1CEU6N, STM32G0C1KCT6, STM32G0C1NEY6TR, STM32G0C1RCI6N, STM32G0C1RCT6N, STM32G0C1REI6N, STM32G0C1RET6N, STM32G0C1VCI6, STM32G0C1VEI6, STM32G471CCT6, STM32G471CCU6, STM32G471CET3, STM32G471CET6, STM32G471CEU3, STM32G471CEU6, STM32G471MCT6, STM32G471MET3, STM32G471MET6, STM32G471MEY6TR, STM32G471QCT6, STM32G471QET3, STM32G471RCT6, STM32G471RET3, STM32G471RET6, STM32G471VCH6, STM32G471VCI6, STM32G471VCT6, STM32G471VEH3, STM32G471VEH6, STM32G471VEI3, STM32G471VEI6, STM32G471VET3, STM32G471VET6, STM32G474CCT6, STM32L476VGY6PTR, STM32L4R5QGI6STR, STM32MP131AAE3, STM32MP131AAF3, STM32MP131AAG3, STM32MP131CAE3, STM32MP131CAF3, STM32MP131CAG3, STM32MP131DAE7, STM32MP131DAF7, STM32MP131DAG7, STM32MP131FAE7, STM32MP131FAF7, STM32MP131FAG7, STM32MP133AAE3, STM32MP133AAF3, STM32MP133AAG3, STM32MP133CAE3, STM32MP133CAF3, STM32MP133CAG3, STM32MP133DAE7, STM32MP133DAF7, STM32MP133DAG7, STM32MP133FAE7, STM32MP133FAF7, STM32MP133FAG7, STM32MP135AAE3, STM32MP135AAF3, STM32MP135AAG3, STM32MP135CAE3, STM32MP135CAF3, STM32MP135CAG3, STM32MP135DAE7, STM32MP135DAF7, STM32MP135DAG7, STM32MP135F-DK, STM32MP135FAE7, STM32MP135FAF7, STM32MP135FAG7, STM32U595ZJT6Q, STM32U599BJY6QTR, STM32U599NIH6Q, STM32U599NJH6Q, STM32U5A5ZJT6Q, STM32U5A9BJY6QTR, STM32U5A9NJH6Q, STM32WB1MMCH6]
2024-04-30 18:10:42,307 [INFO] DbMcus:215 - Found 4040 MCUs, 4040 are supported
2024-04-30 18:10:42,309 [INFO] ApiDb:418 - Load user favorites file C:\Users\saksh/.stm32cubeide/favorites.mcus.txt: 1 item(s)
2024-04-30 18:10:42,309 [INFO] ApiDb:422 - User favorites MCUs=[STM32F103C8T6]
2024-04-30 18:10:42,309 [INFO] DbMcus:221 - Set 1 / 1 favorites MCUs
2024-04-30 18:10:42,400 [WARN] ThirdParty:789 - waiting for thirdparty lock release [change project]
2024-04-30 18:10:42,400 [INFO] ThirdParty:791 - entering critical section [change project]
2024-04-30 18:10:42,400 [INFO] ThirdParty:981 - CMSIS Pack Vendor :STMicroelectronics X-CUBE-GNSS1 6.0.0
2024-04-30 18:10:42,400 [INFO] ThirdParty:981 - CMSIS Pack Vendor :STMicroelectronics USB_HOST 2.0.0
2024-04-30 18:10:42,400 [INFO] ThirdParty:981 - CMSIS Pack Vendor :STMicroelectronics FP-SNS-MOTENVWB1 1.4.0
2024-04-30 18:10:42,400 [INFO] ThirdParty:981 - CMSIS Pack Vendor :STMicroelectronics X-CUBE-AZRTOS-F4 1.1.0
2024-04-30 18:10:42,400 [INFO] ThirdParty:981 - CMSIS Pack Vendor :STMicroelectronics LIBJPEG 8.0.0
2024-04-30 18:10:42,400 [INFO] ThirdParty:981 - CMSIS Pack Vendor :STMicroelectronics X-CUBE-SMBUS 2.1.0
2024-04-30 18:10:42,400 [INFO] ThirdParty:981 - CMSIS Pack Vendor :STMicroelectronics X-CUBE-FREERTOS 1.2.0
2024-04-30 18:10:42,400 [INFO] ThirdParty:981 - CMSIS Pack Vendor :STMicroelectronics X-CUBE-TOUCHGFX 4.23.1
2024-04-30 18:10:42,400 [INFO] ThirdParty:981 - CMSIS Pack Vendor :STMicroelectronics X-CUBE-TOUCHGFX 4.23.0
2024-04-30 18:10:42,400 [INFO] ThirdParty:981 - CMSIS Pack Vendor :STMicroelectronics X-CUBE-BLEMGR 1.2.0
2024-04-30 18:10:42,400 [INFO] ThirdParty:981 - CMSIS Pack Vendor :STMicroelectronics X-CUBE-TOUCHGFX 4.23.2
2024-04-30 18:10:42,400 [INFO] ThirdParty:981 - CMSIS Pack Vendor :STMicroelectronics X-CUBE-AZRTOS-F7 1.1.0
2024-04-30 18:10:42,400 [INFO] ThirdParty:981 - CMSIS Pack Vendor :STMicroelectronics X-CUBE-AZRTOS-L5 2.0.0
2024-04-30 18:10:42,400 [INFO] ThirdParty:981 - CMSIS Pack Vendor :STMicroelectronics USB_DEVICE 2.0.0
2024-04-30 18:10:42,400 [INFO] ThirdParty:981 - CMSIS Pack Vendor :STMicroelectronics X-CUBE-MEMS1 9.6.0
2024-04-30 18:10:42,400 [INFO] ThirdParty:981 - CMSIS Pack Vendor :STMicroelectronics X-CUBE-EEPRMA1 4.2.0
2024-04-30 18:10:42,400 [INFO] ThirdParty:981 - CMSIS Pack Vendor :STMicroelectronics X-CUBE-NFC6 3.1.0
2024-04-30 18:10:42,400 [INFO] ThirdParty:981 - CMSIS Pack Vendor :ITTIA_DB I-CUBE-ITTIADB 8.8.0
2024-04-30 18:10:42,400 [INFO] ThirdParty:981 - CMSIS Pack Vendor :STMicroelectronics FP-SNS-MOTENV1 4.3.0
2024-04-30 18:10:42,400 [INFO] ThirdParty:981 - CMSIS Pack Vendor :STMicroelectronics FP-SNS-MOTENV1 4.3.2
2024-04-30 18:10:42,400 [INFO] ThirdParty:981 - CMSIS Pack Vendor :STMicroelectronics FP-SNS-FLIGHT1 5.0.0
2024-04-30 18:10:42,400 [INFO] ThirdParty:981 - CMSIS Pack Vendor :STMicroelectronics FP-SNS-MOTENV1 4.3.1
2024-04-30 18:10:42,400 [INFO] ThirdParty:981 - CMSIS Pack Vendor :STMicroelectronics FP-SNS-FLIGHT1 5.0.1
2024-04-30 18:10:42,400 [INFO] ThirdParty:981 - CMSIS Pack Vendor :STMicroelectronics X-CUBE-BLE1 6.2.3
2024-04-30 18:10:42,400 [INFO] ThirdParty:981 - CMSIS Pack Vendor :STMicroelectronics X-CUBE-BLE1 6.2.4
2024-04-30 18:10:42,400 [INFO] ThirdParty:981 - CMSIS Pack Vendor :STMicroelectronics FreeRTOS 0.0.1
2024-04-30 18:10:42,400 [INFO] ThirdParty:981 - CMSIS Pack Vendor :STMicroelectronics X-CUBE-BLEMGR 2.0.0
2024-04-30 18:10:42,400 [INFO] ThirdParty:981 - CMSIS Pack Vendor :STMicroelectronics FP-SNS-FLIGHT1 5.0.2
2024-04-30 18:10:42,400 [INFO] ThirdParty:981 - CMSIS Pack Vendor :STMicroelectronics X-CUBE-NFC4 2.0.4
2024-04-30 18:10:42,400 [INFO] ThirdParty:981 - CMSIS Pack Vendor :STMicroelectronics X-CUBE-AI 9.0.0
2024-04-30 18:10:42,400 [INFO] ThirdParty:981 - CMSIS Pack Vendor :STMicroelectronics X-CUBE-AZRTOS-H7 3.1.0
2024-04-30 18:10:42,400 [INFO] ThirdParty:981 - CMSIS Pack Vendor :STMicroelectronics PDM2PCM 3.3.0
2024-04-30 18:10:42,400 [INFO] ThirdParty:981 - CMSIS Pack Vendor :STMicroelectronics X-CUBE-TOF1 3.1.0
2024-04-30 18:10:42,400 [INFO] ThirdParty:981 - CMSIS Pack Vendor :STMicroelectronics X-CUBE-DISPLAY 3.0.0
2024-04-30 18:10:42,400 [INFO] ThirdParty:981 - CMSIS Pack Vendor :STMicroelectronics X-CUBE-BLE1 7.0.0
2024-04-30 18:10:42,400 [INFO] ThirdParty:981 - CMSIS Pack Vendor :wolfSSL I-CUBE-wolfSSL 5.5.0
2024-04-30 18:10:42,400 [INFO] ThirdParty:981 - CMSIS Pack Vendor :STMicroelectronics HAL Drivers 0.0.0
2024-04-30 18:10:42,400 [INFO] ThirdParty:981 - CMSIS Pack Vendor :STMicroelectronics X-CUBE-TOUCHGFX 4.22.0
2024-04-30 18:10:42,400 [INFO] ThirdParty:981 - CMSIS Pack Vendor :STMicroelectronics X-CUBE-NFC7 1.0.1
2024-04-30 18:10:42,400 [INFO] ThirdParty:981 - CMSIS Pack Vendor :STMicroelectronics MBEDTLS 2.14.1
2024-04-30 18:10:42,400 [INFO] ThirdParty:981 - CMSIS Pack Vendor :STMicroelectronics X-CUBE-NFC7 1.0.0
2024-04-30 18:10:42,400 [INFO] ThirdParty:981 - CMSIS Pack Vendor :STMicroelectronics X-CUBE-NFC6 3.0.0
2024-04-30 18:10:42,400 [INFO] ThirdParty:981 - CMSIS Pack Vendor :STMicroelectronics X-CUBE-MEMS1 9.3.0
2024-04-30 18:10:42,400 [INFO] ThirdParty:981 - CMSIS Pack Vendor :STMicroelectronics X-CUBE-EEPRMA1 4.1.0
2024-04-30 18:10:42,400 [INFO] ThirdParty:981 - CMSIS Pack Vendor :STMicroelectronics X-CUBE-AI 7.2.0
2024-04-30 18:10:42,400 [INFO] ThirdParty:981 - CMSIS Pack Vendor :STMicroelectronics X-CUBE-BLEMGR 3.1.0
2024-04-30 18:10:42,400 [INFO] ThirdParty:981 - CMSIS Pack Vendor :STMicroelectronics FP-SNS-SMARTAG2 1.2.0
2024-04-30 18:10:42,400 [INFO] ThirdParty:981 - CMSIS Pack Vendor :STMicroelectronics X-CUBE-AZRTOS-WL 2.0.0
2024-04-30 18:10:42,400 [INFO] ThirdParty:981 - CMSIS Pack Vendor :STMicroelectronics FP-SNS-MOTENV1 5.0.0
2024-04-30 18:10:42,400 [INFO] ThirdParty:981 - CMSIS Pack Vendor :STMicroelectronics USB_DEVICE 1.0.0
2024-04-30 18:10:42,400 [INFO] ThirdParty:981 - CMSIS Pack Vendor :STMicroelectronics X-CUBE-AI 8.1.0
2024-04-30 18:10:42,400 [INFO] ThirdParty:981 - CMSIS Pack Vendor :STMicroelectronics X-CUBE-AZRTOS-L4 2.0.0
2024-04-30 18:10:42,400 [INFO] ThirdParty:981 - CMSIS Pack Vendor :STMicroelectronics ThreadX 0.0.2
2024-04-30 18:10:42,400 [INFO] ThirdParty:981 - CMSIS Pack Vendor :WES I-CUBE-Cesium 1.3.0
2024-04-30 18:10:42,400 [INFO] ThirdParty:981 - CMSIS Pack Vendor :STMicroelectronics lwIP 2.1.2
2024-04-30 18:10:42,400 [INFO] ThirdParty:981 - CMSIS Pack Vendor :STMicroelectronics X-CUBE-SFXS2LP1 4.0.0
2024-04-30 18:10:42,400 [INFO] ThirdParty:981 - CMSIS Pack Vendor :STMicroelectronics X-CUBE-BLE2 3.3.0
2024-04-30 18:10:42,402 [INFO] ThirdParty:981 - CMSIS Pack Vendor :STMicroelectronics X-CUBE-DISPLAY 2.2.0
2024-04-30 18:10:42,402 [INFO] ThirdParty:981 - CMSIS Pack Vendor :STMicroelectronics X-CUBE-TOF1 3.2.0
2024-04-30 18:10:42,402 [INFO] ThirdParty:981 - CMSIS Pack Vendor :STMicroelectronics PDM2PCM 3.2.0
2024-04-30 18:10:42,402 [INFO] ThirdParty:981 - CMSIS Pack Vendor :STMicroelectronics X-CUBE-AZRTOS-H7 3.0.0
2024-04-30 18:10:42,402 [INFO] ThirdParty:981 - CMSIS Pack Vendor :STMicroelectronics X-CUBE-ISPU 1.0.0
2024-04-30 18:10:42,402 [INFO] ThirdParty:981 - CMSIS Pack Vendor :STMicroelectronics X-CUBE-ISPU 1.1.0
2024-04-30 18:10:42,402 [INFO] ThirdParty:981 - CMSIS Pack Vendor :RoweBots I-CUBE-UNISONRTOS 5.5.0-4
2024-04-30 18:10:42,402 [INFO] ThirdParty:981 - CMSIS Pack Vendor :STMicroelectronics X-CUBE-AZRTOS-H7 2.1.0
2024-04-30 18:10:42,402 [INFO] ThirdParty:981 - CMSIS Pack Vendor :STMicroelectronics USB_DEVICE 3.0.0
2024-04-30 18:10:42,402 [INFO] ThirdParty:981 - CMSIS Pack Vendor :STMicroelectronics X-CUBE-TCPP 4.1.0
2024-04-30 18:10:42,402 [INFO] ThirdParty:981 - CMSIS Pack Vendor :STMicroelectronics X-CUBE-AI 8.0.0
2024-04-30 18:10:42,402 [INFO] ThirdParty:981 - CMSIS Pack Vendor :STMicroelectronics X-CUBE-AZRTOS-WB 2.0.0
2024-04-30 18:10:42,402 [INFO] ThirdParty:981 - CMSIS Pack Vendor :STMicroelectronics X-CUBE-FREERTOS 1.0.0
2024-04-30 18:10:42,402 [INFO] ThirdParty:981 - CMSIS Pack Vendor :STMicroelectronics X-CUBE-FREERTOS 1.0.1
2024-04-30 18:10:42,402 [INFO] ThirdParty:981 - CMSIS Pack Vendor :STMicroelectronics X-CUBE-TOUCHGFX 4.21.1
2024-04-30 18:10:42,402 [INFO] ThirdParty:981 - CMSIS Pack Vendor :STMicroelectronics X-CUBE-TOUCHGFX 4.21.3
2024-04-30 18:10:42,402 [INFO] ThirdParty:981 - CMSIS Pack Vendor :STMicroelectronics X-CUBE-BLEMGR 1.0.0
2024-04-30 18:10:42,402 [INFO] ThirdParty:981 - CMSIS Pack Vendor :STMicroelectronics X-CUBE-TOUCHGFX 4.21.4
2024-04-30 18:10:42,402 [INFO] ThirdParty:981 - CMSIS Pack Vendor :STMicroelectronics X-CUBE-MEMS1 9.4.0
2024-04-30 18:10:42,402 [INFO] ThirdParty:981 - CMSIS Pack Vendor :STMicroelectronics X-CUBE-AI 7.3.0
2024-04-30 18:10:42,402 [INFO] ThirdParty:981 - CMSIS Pack Vendor :STMicroelectronics X-CUBE-ALGOBUILD 1.3.0
2024-04-30 18:10:42,402 [INFO] ThirdParty:981 - CMSIS Pack Vendor :STMicroelectronics X-CUBE-AZRTOS-L5 1.1.0
2024-04-30 18:10:42,402 [INFO] ThirdParty:981 - CMSIS Pack Vendor :STMicroelectronics X-CUBE-AZRTOS-G0 1.1.0
2024-04-30 18:10:42,402 [INFO] ThirdParty:981 - CMSIS Pack Vendor :STMicroelectronics X-CUBE-AI 8.0.1
2024-04-30 18:10:42,402 [INFO] ThirdParty:981 - CMSIS Pack Vendor :STMicroelectronics X-CUBE-SAFEA1 1.2.2
2024-04-30 18:10:42,402 [INFO] ThirdParty:981 - CMSIS Pack Vendor :STMicroelectronics X-CUBE-NFC4 3.0.0
2024-04-30 18:10:42,402 [INFO] ThirdParty:981 - CMSIS Pack Vendor :SEGGER I-CUBE-embOS 1.2.0
2024-04-30 18:10:42,402 [INFO] ThirdParty:981 - CMSIS Pack Vendor :STMicroelectronics X-CUBE-SUBG2 5.0.0
2024-04-30 18:10:42,402 [INFO] ThirdParty:981 - CMSIS Pack Vendor :STMicroelectronics STM32_WPAN 1.0.0
2024-04-30 18:10:42,402 [INFO] ThirdParty:981 - CMSIS Pack Vendor :STMicroelectronics lwIP 2.0.3
2024-04-30 18:10:42,402 [INFO] ThirdParty:981 - CMSIS Pack Vendor :STMicroelectronics USB_HOST 1.0.0
2024-04-30 18:10:42,402 [INFO] ThirdParty:981 - CMSIS Pack Vendor :STMicroelectronics X-CUBE-TOF1 3.3.1
2024-04-30 18:10:42,402 [INFO] ThirdParty:981 - CMSIS Pack Vendor :STMicroelectronics X-CUBE-AZRTOS-G4 2.0.0
2024-04-30 18:10:42,402 [INFO] ThirdParty:981 - CMSIS Pack Vendor :STMicroelectronics PDM2PCM 3.1.0
2024-04-30 18:10:42,402 [INFO] ThirdParty:981 - CMSIS Pack Vendor :STMicroelectronics X-CUBE-TOF1 3.3.0
2024-04-30 18:10:42,402 [INFO] ThirdParty:981 - CMSIS Pack Vendor :STMicroelectronics FP-ATR-ASTRA1 1.1.1
2024-04-30 18:10:42,402 [INFO] ThirdParty:981 - CMSIS Pack Vendor :Infineon AIROC-Wi-Fi-Bluetooth-STM32 1.5.1
2024-04-30 18:10:42,402 [INFO] ThirdParty:981 - CMSIS Pack Vendor :STMicroelectronics X-CUBE-BLEMGR 3.0.0
2024-04-30 18:10:42,402 [INFO] ThirdParty:981 - CMSIS Pack Vendor :STMicroelectronics X-CUBE-BLEMGR 1.3.0
2024-04-30 18:10:42,402 [INFO] ThirdParty:981 - CMSIS Pack Vendor :STMicroelectronics FP-SNS-MOTENVWB1 1.3.1
2024-04-30 18:10:42,402 [INFO] ThirdParty:981 - CMSIS Pack Vendor :STMicroelectronics FP-ATR-SIGFOX1 3.2.0
2024-04-30 18:10:42,402 [INFO] ThirdParty:981 - CMSIS Pack Vendor :STMicroelectronics X-CUBE-AZRTOS-G4 1.0.0
2024-04-30 18:10:42,402 [INFO] ThirdParty:981 - CMSIS Pack Vendor :STMicroelectronics X-CUBE-AZRTOS-L4 1.0.0
2024-04-30 18:10:42,402 [INFO] ThirdParty:981 - CMSIS Pack Vendor :STMicroelectronics X-CUBE-ISPU 2.0.0
2024-04-30 18:10:42,402 [INFO] ThirdParty:981 - CMSIS Pack Vendor :STMicroelectronics X-CUBE-EEPRMA1 5.1.0
2024-04-30 18:10:42,402 [INFO] ThirdParty:981 - CMSIS Pack Vendor :STMicroelectronics MBEDTLS 2.16.2
2024-04-30 18:10:42,402 [INFO] ThirdParty:981 - CMSIS Pack Vendor :emotas I-CUBE-CANOPEN 1.1.2
2024-04-30 18:10:42,402 [INFO] ThirdParty:981 - CMSIS Pack Vendor :STMicroelectronics X-CUBE-TOUCHGFX 4.20.0
2024-04-30 18:10:42,402 [INFO] ThirdParty:981 - CMSIS Pack Vendor :STMicroelectronics X-CUBE-MEMS1 10.0.0
2024-04-30 18:10:42,402 [INFO] ThirdParty:981 - CMSIS Pack Vendor :STMicroelectronics X-CUBE-FREERTOS 1.1.0
2024-04-30 18:10:42,402 [INFO] ThirdParty:981 - CMSIS Pack Vendor :STMicroelectronics X-CUBE-AZRTOS-WL 1.0.0
2024-04-30 18:10:42,402 [INFO] ThirdParty:981 - CMSIS Pack Vendor :portGmbH I-Cube-SoM-uGOAL 1.1.0
2024-04-30 18:10:42,402 [INFO] ThirdParty:981 - CMSIS Pack Vendor :STMicroelectronics X-CUBE-ALS 1.0.1
2024-04-30 18:10:42,402 [INFO] ThirdParty:981 - CMSIS Pack Vendor :STMicroelectronics X-CUBE-MEMS1 9.5.0
2024-04-30 18:10:42,402 [INFO] ThirdParty:981 - CMSIS Pack Vendor :STMicroelectronics ThreadX 1.0.0
2024-04-30 18:10:42,402 [INFO] ThirdParty:981 - CMSIS Pack Vendor :STMicroelectronics X-CUBE-AZRTOS-WB 1.1.0
2024-04-30 18:10:42,402 [INFO] ThirdParty:981 - CMSIS Pack Vendor :SEGGER I-CUBE-embOS 1.3.1
2024-04-30 18:10:42,402 [INFO] ThirdParty:981 - CMSIS Pack Vendor :STMicroelectronics X-CUBE-AZRTOS-L5 1.0.0
2024-04-30 18:10:42,402 [INFO] ThirdParty:981 - CMSIS Pack Vendor :STMicroelectronics X-CUBE-EEPRMA1 3.1.1
2024-04-30 18:10:42,402 [INFO] ThirdParty:981 - CMSIS Pack Vendor :STMicroelectronics X-CUBE-AZRTOS-H7RS 1.0.0
2024-04-30 18:10:42,402 [INFO] ThirdParty:981 - CMSIS Pack Vendor :STMicroelectronics FP-ATR-ASTRA1 2.0.0
2024-04-30 18:10:42,402 [INFO] ThirdParty:981 - CMSIS Pack Vendor :STMicroelectronics X-CUBE-TOF1 3.4.0
2024-04-30 18:10:42,402 [INFO] ThirdParty:981 - CMSIS Pack Vendor :STMicroelectronics X-CUBE-TOF1 3.4.1
2024-04-30 18:10:42,402 [INFO] ThirdParty:981 - CMSIS Pack Vendor :STMicroelectronics X-CUBE-AZRTOS-H7 3.2.0
2024-04-30 18:10:42,402 [INFO] ThirdParty:797 - exiting critical section [change project]
2024-04-30 18:10:42,790 [INFO] PinOutPanel:1468 - setPackage(No Configuration,No Configuration)
2024-04-30 18:10:42,790 [INFO] PinOutPanel:1468 - setPackage(STM32G474RETx,LQFP64)
2024-04-30 18:10:43,364 [INFO] UtilMem:74 - Before build in PCC Used Memory: 308342008 Bytes (506462208)
2024-04-30 18:10:44,525 [INFO] UtilMem:74 - After build in PCC Used Memory: 342056952 Bytes (506462208)
2024-04-30 18:10:44,553 [INFO] IPUIPlugin:79 - create IPUIPlugin
2024-04-30 18:10:44,554 [INFO] IPUIPlugin:79 - create IPUIPlugin
2024-04-30 18:10:44,555 [INFO] IPUIPlugin:79 - create IPUIPlugin
2024-04-30 18:10:44,555 [INFO] IPUIPlugin:79 - create IPUIPlugin
2024-04-30 18:10:44,555 [INFO] IPUIPlugin:79 - create IPUIPlugin
2024-04-30 18:10:44,555 [INFO] IPUIPlugin:79 - create IPUIPlugin
2024-04-30 18:10:44,555 [INFO] IPUIPlugin:79 - create IPUIPlugin
2024-04-30 18:10:44,555 [INFO] IPUIPlugin:79 - create IPUIPlugin
2024-04-30 18:10:44,555 [INFO] IPUIPlugin:79 - create IPUIPlugin
2024-04-30 18:10:44,555 [INFO] IPUIPlugin:79 - create IPUIPlugin
2024-04-30 18:10:44,555 [INFO] IPUIPlugin:79 - create IPUIPlugin
2024-04-30 18:10:44,555 [INFO] IPUIPlugin:79 - create IPUIPlugin
2024-04-30 18:10:44,555 [INFO] IPUIPlugin:79 - create IPUIPlugin
2024-04-30 18:10:44,555 [INFO] IPUIPlugin:79 - create IPUIPlugin
2024-04-30 18:10:44,555 [INFO] IPUIPlugin:79 - create IPUIPlugin
2024-04-30 18:10:44,555 [INFO] IPUIPlugin:79 - create IPUIPlugin
2024-04-30 18:10:44,555 [INFO] IPUIPlugin:79 - create IPUIPlugin
2024-04-30 18:10:44,555 [INFO] IPUIPlugin:79 - create IPUIPlugin
2024-04-30 18:10:44,555 [INFO] IPUIPlugin:79 - create IPUIPlugin
2024-04-30 18:10:44,555 [INFO] IPUIPlugin:79 - create IPUIPlugin
2024-04-30 18:10:44,560 [INFO] IPUIPlugin:79 - create IPUIPlugin
2024-04-30 18:10:44,560 [INFO] IPUIPlugin:79 - create IPUIPlugin
2024-04-30 18:10:44,560 [INFO] IPUIPlugin:79 - create IPUIPlugin
2024-04-30 18:10:44,560 [INFO] IPUIPlugin:79 - create IPUIPlugin
2024-04-30 18:10:44,560 [INFO] IPUIPlugin:79 - create IPUIPlugin
2024-04-30 18:10:44,560 [INFO] IPUIPlugin:79 - create IPUIPlugin
2024-04-30 18:10:44,560 [INFO] IPUIPlugin:79 - create IPUIPlugin
2024-04-30 18:10:44,561 [INFO] IPUIPlugin:79 - create IPUIPlugin
2024-04-30 18:10:44,561 [INFO] IPUIPlugin:79 - create IPUIPlugin
2024-04-30 18:10:44,562 [INFO] IPUIPlugin:79 - create IPUIPlugin
2024-04-30 18:10:44,562 [INFO] IPUIPlugin:79 - create IPUIPlugin
2024-04-30 18:10:44,562 [INFO] IPUIPlugin:79 - create IPUIPlugin
2024-04-30 18:10:44,562 [INFO] IPUIPlugin:79 - create IPUIPlugin
2024-04-30 18:10:44,562 [INFO] IPUIPlugin:79 - create IPUIPlugin
2024-04-30 18:10:44,562 [INFO] IPUIPlugin:79 - create IPUIPlugin
2024-04-30 18:10:44,563 [INFO] IPUIPlugin:79 - create IPUIPlugin
2024-04-30 18:10:44,563 [INFO] IPUIPlugin:79 - create IPUIPlugin
2024-04-30 18:10:44,564 [INFO] IPUIPlugin:79 - create IPUIPlugin
2024-04-30 18:10:44,564 [INFO] IPUIPlugin:79 - create IPUIPlugin
2024-04-30 18:10:44,565 [INFO] IPUIPlugin:79 - create IPUIPlugin
2024-04-30 18:10:44,565 [INFO] IPUIPlugin:79 - create IPUIPlugin
2024-04-30 18:10:44,565 [INFO] IPUIPlugin:79 - create IPUIPlugin
2024-04-30 18:10:44,565 [INFO] IPUIPlugin:79 - create IPUIPlugin
2024-04-30 18:10:44,569 [INFO] IPUIPlugin:79 - create IPUIPlugin
2024-04-30 18:10:44,569 [INFO] IPUIPlugin:79 - create IPUIPlugin
2024-04-30 18:10:44,569 [INFO] IPUIPlugin:79 - create IPUIPlugin
2024-04-30 18:10:44,569 [INFO] IPUIPlugin:79 - create IPUIPlugin
2024-04-30 18:10:44,569 [INFO] IPUIPlugin:79 - create IPUIPlugin
2024-04-30 18:10:44,575 [INFO] IPUIPlugin:79 - create IPUIPlugin
2024-04-30 18:10:44,575 [INFO] IPUIPlugin:79 - create IPUIPlugin
2024-04-30 18:10:44,575 [INFO] IPUIPlugin:79 - create IPUIPlugin
2024-04-30 18:10:44,575 [INFO] IPUIPlugin:79 - create IPUIPlugin
2024-04-30 18:10:44,575 [INFO] IPUIPlugin:79 - create IPUIPlugin
2024-04-30 18:10:44,575 [INFO] IPUIPlugin:79 - create IPUIPlugin
2024-04-30 18:10:44,575 [INFO] IPUIPlugin:79 - create IPUIPlugin
2024-04-30 18:10:44,580 [INFO] IPUIPlugin:79 - create IPUIPlugin
2024-04-30 18:10:44,581 [INFO] IPUIPlugin:79 - create IPUIPlugin
2024-04-30 18:10:44,581 [INFO] IPUIPlugin:79 - create IPUIPlugin
2024-04-30 18:10:44,581 [INFO] IPUIPlugin:79 - create IPUIPlugin
2024-04-30 18:10:44,582 [INFO] IPUIPlugin:79 - create IPUIPlugin
2024-04-30 18:10:44,582 [INFO] IPUIPlugin:79 - create IPUIPlugin
2024-04-30 18:10:44,582 [INFO] IPUIPlugin:79 - create IPUIPlugin
2024-04-30 18:10:44,582 [INFO] IPUIPlugin:79 - create IPUIPlugin
2024-04-30 18:10:44,582 [INFO] IPUIPlugin:79 - create IPUIPlugin
2024-04-30 18:10:44,582 [INFO] IPUIPlugin:79 - create IPUIPlugin
2024-04-30 18:10:44,590 [INFO] IPUIPlugin:79 - create IPUIPlugin
2024-04-30 18:10:44,590 [INFO] IPUIPlugin:79 - create IPUIPlugin
2024-04-30 18:10:44,590 [INFO] IPUIPlugin:79 - create IPUIPlugin
2024-04-30 18:10:44,590 [INFO] IPUIPlugin:79 - create IPUIPlugin
2024-04-30 18:10:44,590 [INFO] IPUIPlugin:79 - create IPUIPlugin
2024-04-30 18:10:44,590 [INFO] IPUIPlugin:79 - create IPUIPlugin
2024-04-30 18:10:44,590 [INFO] IPUIPlugin:79 - create IPUIPlugin
2024-04-30 18:10:44,590 [INFO] IPUIPlugin:79 - create IPUIPlugin
2024-04-30 18:10:44,590 [INFO] IPUIPlugin:79 - create IPUIPlugin
2024-04-30 18:10:44,590 [INFO] IPUIPlugin:79 - create IPUIPlugin
2024-04-30 18:10:44,590 [INFO] IPUIPlugin:79 - create IPUIPlugin
2024-04-30 18:10:44,595 [INFO] IPUIPlugin:79 - create IPUIPlugin
2024-04-30 18:10:44,865 [INFO] OpenFileManager:327 - Restore cursor
2024-04-30 18:11:04,625 [INFO] NvicIntPanel:100 - NVIC parent = com.st.microxplorer.plugins.ip.nvic.MultiNvicIntPanel[,0,0,0x0,invalid,layout=javax.swing.BoxLayout,alignmentX=0.0,alignmentY=0.0,border=,flags=9,maximumSize=,minimumSize=,preferredSize=]
2024-04-30 18:11:28,807 [INFO] UtilMem:74 - End SaveConfig() Used Memory: 546704696 Bytes (564133888)
2024-04-30 18:11:30,810 [INFO] UtilMem:74 - End SaveConfig() Used Memory: 548169536 Bytes (567279616)
2024-04-30 18:11:32,675 [INFO] UtilMem:74 - End SaveConfig() Used Memory: 544442448 Bytes (567279616)
2024-04-30 18:11:33,545 [INFO] BlockDiagram:2753 - set Specific Code input for plugin: TIM1_8G4
2024-04-30 18:11:33,549 [INFO] BlockDiagram:2753 - set Specific Code input for plugin: TIM1_8G4
2024-04-30 18:11:33,549 [INFO] BlockDiagram:2753 - set Specific Code input for plugin: SYS
2024-04-30 18:11:33,550 [INFO] BlockDiagram:2753 - set Specific Code input for plugin: ADC
2024-04-30 18:11:33,550 [INFO] BlockDiagram:2753 - set Specific Code input for plugin: RCC
2024-04-30 18:11:33,550 [INFO] BlockDiagram:2753 - set Specific Code input for plugin: NVIC
2024-04-30 18:11:33,550 [INFO] BlockDiagram:2753 - set Specific Code input for plugin: USART
2024-04-30 18:11:33,550 [INFO] BlockDiagram:2753 - set Specific Code input for plugin: GPIO
2024-04-30 18:11:33,550 [INFO] CodeGenerator:690 - code generatio: config db path: C:\ST\STM32CubeIDE_1.10.1\STM32CubeIDE\plugins\com.st.stm32cube.common.mx_6.6.1.202207061420\\db\
2024-04-30 18:11:33,959 [INFO] CodeEngine:245 - oldGeneratedFile, D:\Download\DeleteThis\TestSTMStandalone\MXTmpFiles\license.tmp_save
2024-04-30 18:11:34,415 [INFO] CodeEngine:269 - Generated code: D:\Download\DeleteThis\TestSTMStandalone\MXTmpFiles\license.tmp
2024-04-30 18:11:34,684 [INFO] CodeEngine:245 - oldGeneratedFile, D:\Download\DeleteThis\TestSTMStandalone\MXTmpFiles\gpio.tmp_save
2024-04-30 18:11:34,960 [INFO] CodeEngine:269 - Generated code: D:\Download\DeleteThis\TestSTMStandalone\MXTmpFiles\gpio.tmp
2024-04-30 18:11:35,516 [INFO] CodeEngine:245 - oldGeneratedFile, D:\Download\DeleteThis\TestSTMStandalone\Core\Src\stm32g4xx_it.c_save
2024-04-30 18:11:35,826 [INFO] CodeEngine:269 - Generated code: D:\Download\DeleteThis\TestSTMStandalone\Core\Src\stm32g4xx_it.c
2024-04-30 18:11:35,840 [INFO] CodeEngine:245 - oldGeneratedFile, D:\Download\DeleteThis\TestSTMStandalone\Core\Inc\stm32g4xx_it.h_save
2024-04-30 18:11:35,910 [INFO] CodeEngine:269 - Generated code: D:\Download\DeleteThis\TestSTMStandalone\Core\Inc\stm32g4xx_it.h
2024-04-30 18:11:35,937 [INFO] CodeEngine:245 - oldGeneratedFile, D:\Download\DeleteThis\TestSTMStandalone\Core\Src\stm32g4xx_hal_msp.c_save
2024-04-30 18:11:36,095 [INFO] CodeEngine:269 - Generated code: D:\Download\DeleteThis\TestSTMStandalone\Core\Src\stm32g4xx_hal_msp.c
2024-04-30 18:11:36,104 [INFO] CodeEngine:245 - oldGeneratedFile, D:\Download\DeleteThis\TestSTMStandalone\MXTmpFiles\system.tmp_save
2024-04-30 18:11:36,185 [INFO] CodeEngine:269 - Generated code: D:\Download\DeleteThis\TestSTMStandalone\MXTmpFiles\system.tmp
2024-04-30 18:11:36,205 [INFO] CodeEngine:245 - oldGeneratedFile, D:\Download\DeleteThis\TestSTMStandalone\Core\Inc\stm32g4xx_hal_conf.h_save
2024-04-30 18:11:36,353 [INFO] CodeEngine:269 - Generated code: D:\Download\DeleteThis\TestSTMStandalone\Core\Inc\stm32g4xx_hal_conf.h
2024-04-30 18:11:36,361 [WARN] IPConfigManager:2910 - Warning: the RefConfig RCC_CommonPeriphClockConfig is not available in your config.xml file
2024-04-30 18:11:36,368 [WARN] IPConfigManager:3348 - IP not found : TIM
2024-04-30 18:11:36,370 [WARN] CodeGenerator:3567 - IP not found : null
2024-04-30 18:11:36,401 [INFO] CodeEngine:245 - oldGeneratedFile, D:\Download\DeleteThis\TestSTMStandalone\Core\Inc\main.h_save
2024-04-30 18:11:36,630 [INFO] CodeEngine:269 - Generated code: D:\Download\DeleteThis\TestSTMStandalone\Core\Inc\main.h
2024-04-30 18:11:36,660 [INFO] CodeEngine:245 - oldGeneratedFile, D:\Download\DeleteThis\TestSTMStandalone\Core\Src\main.c_save
2024-04-30 18:11:36,801 [INFO] CodeEngine:269 - Generated code: D:\Download\DeleteThis\TestSTMStandalone\Core\Src\main.c
2024-04-30 18:11:37,390 [INFO] ProjectBuilder:2919 - Time for Copy HAL[1] : 125mS.
2024-04-30 18:11:37,400 [INFO] ProjectBuilder:4117 - Project Generator version: 3.17.1
2024-04-30 18:11:37,620 [INFO] ConfigFileManager:1394 - The Die is : DIE469
2024-04-30 18:11:37,639 [INFO] ApiDbMcu:505 - Load IP Config File for FATFS
2024-04-30 18:11:37,664 [INFO] ApiDbMcu:505 - Load IP Config File for FREERTOS
2024-04-30 18:11:37,680 [INFO] ApiDbMcu:505 - Load IP Config File for USBPD
2024-04-30 18:11:37,695 [INFO] ApiDbMcu:505 - Load IP Config File for USB_Device
2024-04-30 18:11:40,185 [INFO] ProjectBuilder:4285 - Time for Generating toolchain IDE Files: 2785mS.
2024-04-30 18:11:40,185 [INFO] ProjectBuilder:2790 - Time for Copy CMSIS : 0mS.
2024-04-30 18:11:40,185 [INFO] ProjectBuilder:2790 - Time for Copy CMSIS : 0mS.
2024-04-30 18:14:05,310 [INFO] NvicIntPanel:100 - NVIC parent = com.st.microxplorer.plugins.ip.nvic.MultiNvicIntPanel[,0,0,0x0,invalid,layout=javax.swing.BoxLayout,alignmentX=0.0,alignmentY=0.0,border=,flags=9,maximumSize=,minimumSize=,preferredSize=]
2024-04-30 18:14:06,589 [INFO] UtilMem:74 - End SaveConfig() Used Memory: 753145848 Bytes (973078528)
2024-04-30 18:14:08,089 [INFO] UtilMem:74 - End SaveConfig() Used Memory: 782505976 Bytes (973078528)
2024-04-30 18:14:09,644 [INFO] UtilMem:74 - End SaveConfig() Used Memory: 831789048 Bytes (973078528)
2024-04-30 18:14:09,840 [INFO] BlockDiagram:2753 - set Specific Code input for plugin: TIM1_8G4
2024-04-30 18:14:09,840 [INFO] BlockDiagram:2753 - set Specific Code input for plugin: TIM1_8G4
2024-04-30 18:14:09,840 [INFO] BlockDiagram:2753 - set Specific Code input for plugin: SYS
2024-04-30 18:14:09,840 [INFO] BlockDiagram:2753 - set Specific Code input for plugin: ADC
2024-04-30 18:14:09,840 [INFO] BlockDiagram:2753 - set Specific Code input for plugin: RCC
2024-04-30 18:14:09,840 [INFO] BlockDiagram:2753 - set Specific Code input for plugin: NVIC
2024-04-30 18:14:09,840 [INFO] BlockDiagram:2753 - set Specific Code input for plugin: USART
2024-04-30 18:14:09,845 [INFO] BlockDiagram:2753 - set Specific Code input for plugin: GPIO
2024-04-30 18:14:09,845 [INFO] CodeGenerator:690 - code generatio: config db path: C:\ST\STM32CubeIDE_1.10.1\STM32CubeIDE\plugins\com.st.stm32cube.common.mx_6.6.1.202207061420\\db\
2024-04-30 18:14:10,010 [INFO] CodeEngine:245 - oldGeneratedFile, D:\Download\DeleteThis\TestSTMStandalone\MXTmpFiles\license.tmp_save
2024-04-30 18:14:10,135 [INFO] CodeEngine:269 - Generated code: D:\Download\DeleteThis\TestSTMStandalone\MXTmpFiles\license.tmp
2024-04-30 18:14:10,177 [INFO] CodeEngine:245 - oldGeneratedFile, D:\Download\DeleteThis\TestSTMStandalone\MXTmpFiles\gpio.tmp_save
2024-04-30 18:14:10,270 [INFO] CodeEngine:269 - Generated code: D:\Download\DeleteThis\TestSTMStandalone\MXTmpFiles\gpio.tmp
2024-04-30 18:14:10,494 [INFO] CodeEngine:245 - oldGeneratedFile, D:\Download\DeleteThis\TestSTMStandalone\Core\Src\stm32g4xx_it.c_save
2024-04-30 18:14:10,628 [INFO] CodeEngine:269 - Generated code: D:\Download\DeleteThis\TestSTMStandalone\Core\Src\stm32g4xx_it.c
2024-04-30 18:14:10,630 [INFO] CodeEngine:245 - oldGeneratedFile, D:\Download\DeleteThis\TestSTMStandalone\Core\Inc\stm32g4xx_it.h_save
2024-04-30 18:14:10,676 [INFO] CodeEngine:269 - Generated code: D:\Download\DeleteThis\TestSTMStandalone\Core\Inc\stm32g4xx_it.h
2024-04-30 18:14:10,685 [INFO] CodeEngine:245 - oldGeneratedFile, D:\Download\DeleteThis\TestSTMStandalone\Core\Src\stm32g4xx_hal_msp.c_save
2024-04-30 18:14:10,770 [INFO] CodeEngine:269 - Generated code: D:\Download\DeleteThis\TestSTMStandalone\Core\Src\stm32g4xx_hal_msp.c
2024-04-30 18:14:10,775 [INFO] CodeEngine:245 - oldGeneratedFile, D:\Download\DeleteThis\TestSTMStandalone\MXTmpFiles\system.tmp_save
2024-04-30 18:14:10,810 [INFO] CodeEngine:269 - Generated code: D:\Download\DeleteThis\TestSTMStandalone\MXTmpFiles\system.tmp
2024-04-30 18:14:10,829 [INFO] CodeEngine:245 - oldGeneratedFile, D:\Download\DeleteThis\TestSTMStandalone\Core\Inc\stm32g4xx_hal_conf.h_save
2024-04-30 18:14:10,897 [INFO] CodeEngine:269 - Generated code: D:\Download\DeleteThis\TestSTMStandalone\Core\Inc\stm32g4xx_hal_conf.h
2024-04-30 18:14:10,905 [WARN] IPConfigManager:2910 - Warning: the RefConfig RCC_CommonPeriphClockConfig is not available in your config.xml file
2024-04-30 18:14:10,905 [WARN] IPConfigManager:3348 - IP not found : TIM
2024-04-30 18:14:10,905 [WARN] CodeGenerator:3567 - IP not found : null
2024-04-30 18:14:10,913 [INFO] CodeEngine:245 - oldGeneratedFile, D:\Download\DeleteThis\TestSTMStandalone\Core\Inc\main.h_save
2024-04-30 18:14:10,984 [INFO] CodeEngine:269 - Generated code: D:\Download\DeleteThis\TestSTMStandalone\Core\Inc\main.h
2024-04-30 18:14:11,000 [INFO] CodeEngine:245 - oldGeneratedFile, D:\Download\DeleteThis\TestSTMStandalone\Core\Src\main.c_save
2024-04-30 18:14:11,106 [INFO] CodeEngine:269 - Generated code: D:\Download\DeleteThis\TestSTMStandalone\Core\Src\main.c
2024-04-30 18:14:11,489 [INFO] ProjectBuilder:2919 - Time for Copy HAL[1] : 90mS.
2024-04-30 18:14:11,489 [INFO] ProjectBuilder:4117 - Project Generator version: 3.17.1
2024-04-30 18:14:11,700 [INFO] ConfigFileManager:1394 - The Die is : DIE469
2024-04-30 18:14:12,765 [INFO] ProjectBuilder:4285 - Time for Generating toolchain IDE Files: 1276mS.
2024-04-30 18:14:12,765 [INFO] ProjectBuilder:2790 - Time for Copy CMSIS : 0mS.
2024-04-30 18:14:12,770 [INFO] ProjectBuilder:2790 - Time for Copy CMSIS : 0mS.
2024-04-30 18:16:32,060 [INFO] NvicIntPanel:100 - NVIC parent = com.st.microxplorer.plugins.ip.nvic.MultiNvicIntPanel[,0,0,0x0,invalid,layout=javax.swing.BoxLayout,alignmentX=0.0,alignmentY=0.0,border=,flags=9,maximumSize=,minimumSize=,preferredSize=]
2024-04-30 18:16:32,895 [INFO] UtilMem:74 - End SaveConfig() Used Memory: 748415120 Bytes (1035993088)
2024-04-30 18:16:34,196 [INFO] UtilMem:74 - End SaveConfig() Used Memory: 776726672 Bytes (1035993088)
2024-04-30 18:16:35,544 [INFO] UtilMem:74 - End SaveConfig() Used Memory: 827058320 Bytes (1035993088)
2024-04-30 18:16:35,722 [INFO] BlockDiagram:2753 - set Specific Code input for plugin: TIM1_8G4
2024-04-30 18:16:35,722 [INFO] BlockDiagram:2753 - set Specific Code input for plugin: TIM1_8G4
2024-04-30 18:16:35,722 [INFO] BlockDiagram:2753 - set Specific Code input for plugin: SYS
2024-04-30 18:16:35,722 [INFO] BlockDiagram:2753 - set Specific Code input for plugin: ADC
2024-04-30 18:16:35,722 [INFO] BlockDiagram:2753 - set Specific Code input for plugin: RCC
2024-04-30 18:16:35,722 [INFO] BlockDiagram:2753 - set Specific Code input for plugin: NVIC
2024-04-30 18:16:35,722 [INFO] BlockDiagram:2753 - set Specific Code input for plugin: USART
2024-04-30 18:16:35,723 [INFO] BlockDiagram:2753 - set Specific Code input for plugin: GPIO
2024-04-30 18:16:35,723 [INFO] CodeGenerator:690 - code generatio: config db path: C:\ST\STM32CubeIDE_1.10.1\STM32CubeIDE\plugins\com.st.stm32cube.common.mx_6.6.1.202207061420\\db\
2024-04-30 18:16:35,840 [INFO] CodeEngine:245 - oldGeneratedFile, D:\Download\DeleteThis\TestSTMStandalone\MXTmpFiles\license.tmp_save
2024-04-30 18:16:35,913 [INFO] CodeEngine:269 - Generated code: D:\Download\DeleteThis\TestSTMStandalone\MXTmpFiles\license.tmp
2024-04-30 18:16:35,930 [INFO] CodeEngine:245 - oldGeneratedFile, D:\Download\DeleteThis\TestSTMStandalone\MXTmpFiles\gpio.tmp_save
2024-04-30 18:16:36,003 [INFO] CodeEngine:269 - Generated code: D:\Download\DeleteThis\TestSTMStandalone\MXTmpFiles\gpio.tmp
2024-04-30 18:16:36,163 [INFO] CodeEngine:245 - oldGeneratedFile, D:\Download\DeleteThis\TestSTMStandalone\Core\Src\stm32g4xx_it.c_save
2024-04-30 18:16:36,220 [INFO] CodeEngine:269 - Generated code: D:\Download\DeleteThis\TestSTMStandalone\Core\Src\stm32g4xx_it.c
2024-04-30 18:16:36,220 [INFO] CodeEngine:245 - oldGeneratedFile, D:\Download\DeleteThis\TestSTMStandalone\Core\Inc\stm32g4xx_it.h_save
2024-04-30 18:16:36,254 [INFO] CodeEngine:269 - Generated code: D:\Download\DeleteThis\TestSTMStandalone\Core\Inc\stm32g4xx_it.h
2024-04-30 18:16:36,261 [INFO] CodeEngine:245 - oldGeneratedFile, D:\Download\DeleteThis\TestSTMStandalone\Core\Src\stm32g4xx_hal_msp.c_save
2024-04-30 18:16:36,370 [INFO] CodeEngine:269 - Generated code: D:\Download\DeleteThis\TestSTMStandalone\Core\Src\stm32g4xx_hal_msp.c
2024-04-30 18:16:36,370 [INFO] CodeEngine:245 - oldGeneratedFile, D:\Download\DeleteThis\TestSTMStandalone\MXTmpFiles\system.tmp_save
2024-04-30 18:16:36,409 [INFO] CodeEngine:269 - Generated code: D:\Download\DeleteThis\TestSTMStandalone\MXTmpFiles\system.tmp
2024-04-30 18:16:36,419 [INFO] CodeEngine:245 - oldGeneratedFile, D:\Download\DeleteThis\TestSTMStandalone\Core\Inc\stm32g4xx_hal_conf.h_save
2024-04-30 18:16:36,495 [INFO] CodeEngine:269 - Generated code: D:\Download\DeleteThis\TestSTMStandalone\Core\Inc\stm32g4xx_hal_conf.h
2024-04-30 18:16:36,500 [WARN] IPConfigManager:2910 - Warning: the RefConfig RCC_CommonPeriphClockConfig is not available in your config.xml file
2024-04-30 18:16:36,500 [WARN] IPConfigManager:3348 - IP not found : TIM
2024-04-30 18:16:36,500 [WARN] CodeGenerator:3567 - IP not found : null
2024-04-30 18:16:36,510 [INFO] CodeEngine:245 - oldGeneratedFile, D:\Download\DeleteThis\TestSTMStandalone\Core\Inc\main.h_save
2024-04-30 18:16:36,555 [INFO] CodeEngine:269 - Generated code: D:\Download\DeleteThis\TestSTMStandalone\Core\Inc\main.h
2024-04-30 18:16:36,562 [INFO] CodeEngine:245 - oldGeneratedFile, D:\Download\DeleteThis\TestSTMStandalone\Core\Src\main.c_save
2024-04-30 18:16:36,660 [INFO] CodeEngine:269 - Generated code: D:\Download\DeleteThis\TestSTMStandalone\Core\Src\main.c
2024-04-30 18:16:37,010 [INFO] ProjectBuilder:2919 - Time for Copy HAL[1] : 85mS.
2024-04-30 18:16:37,030 [INFO] ProjectBuilder:4117 - Project Generator version: 3.17.1
2024-04-30 18:16:37,264 [INFO] ConfigFileManager:1394 - The Die is : DIE469
2024-04-30 18:16:38,286 [INFO] ProjectBuilder:4285 - Time for Generating toolchain IDE Files: 1256mS.
2024-04-30 18:16:38,290 [INFO] ProjectBuilder:2790 - Time for Copy CMSIS : 2mS.
2024-04-30 18:16:38,290 [INFO] ProjectBuilder:2790 - Time for Copy CMSIS : 0mS.
2024-04-30 18:27:27,604 [INFO] NvicIntPanel:100 - NVIC parent = com.st.microxplorer.plugins.ip.nvic.MultiNvicIntPanel[,0,0,0x0,invalid,layout=javax.swing.BoxLayout,alignmentX=0.0,alignmentY=0.0,border=,flags=9,maximumSize=,minimumSize=,preferredSize=]
2024-04-30 18:27:32,934 [INFO] NvicIntPanel:100 - NVIC parent = com.st.microxplorer.plugins.ip.nvic.MultiNvicIntPanel[,0,0,0x0,invalid,layout=javax.swing.BoxLayout,alignmentX=0.0,alignmentY=0.0,border=,flags=9,maximumSize=,minimumSize=,preferredSize=]
2024-04-30 18:27:37,705 [INFO] UtilMem:74 - End SaveConfig() Used Memory: 779325880 Bytes (1060110336)
2024-04-30 18:27:39,605 [INFO] UtilMem:74 - End SaveConfig() Used Memory: 744458432 Bytes (1060110336)
2024-04-30 18:27:41,090 [INFO] UtilMem:74 - End SaveConfig() Used Memory: 796049928 Bytes (1060110336)
2024-04-30 18:27:41,310 [INFO] BlockDiagram:2753 - set Specific Code input for plugin: TIM1_8G4
2024-04-30 18:27:41,311 [INFO] BlockDiagram:2753 - set Specific Code input for plugin: TIM1_8G4
2024-04-30 18:27:41,311 [INFO] BlockDiagram:2753 - set Specific Code input for plugin: SYS
2024-04-30 18:27:41,311 [INFO] BlockDiagram:2753 - set Specific Code input for plugin: ADC
2024-04-30 18:27:41,311 [INFO] BlockDiagram:2753 - set Specific Code input for plugin: RCC
2024-04-30 18:27:41,311 [INFO] BlockDiagram:2753 - set Specific Code input for plugin: NVIC
2024-04-30 18:27:41,311 [INFO] BlockDiagram:2753 - set Specific Code input for plugin: USART
2024-04-30 18:27:41,312 [INFO] BlockDiagram:2753 - set Specific Code input for plugin: GPIO
2024-04-30 18:27:41,312 [INFO] CodeGenerator:690 - code generatio: config db path: C:\ST\STM32CubeIDE_1.10.1\STM32CubeIDE\plugins\com.st.stm32cube.common.mx_6.6.1.202207061420\\db\
2024-04-30 18:27:41,520 [INFO] CodeEngine:245 - oldGeneratedFile, D:\Download\DeleteThis\TestSTMStandalone\MXTmpFiles\license.tmp_save
2024-04-30 18:27:41,630 [INFO] CodeEngine:269 - Generated code: D:\Download\DeleteThis\TestSTMStandalone\MXTmpFiles\license.tmp
2024-04-30 18:27:41,664 [INFO] CodeEngine:245 - oldGeneratedFile, D:\Download\DeleteThis\TestSTMStandalone\MXTmpFiles\gpio.tmp_save
2024-04-30 18:27:41,770 [INFO] CodeEngine:269 - Generated code: D:\Download\DeleteThis\TestSTMStandalone\MXTmpFiles\gpio.tmp
2024-04-30 18:27:41,990 [INFO] CodeEngine:245 - oldGeneratedFile, D:\Download\DeleteThis\TestSTMStandalone\Core\Src\stm32g4xx_it.c_save
2024-04-30 18:27:42,065 [INFO] CodeEngine:269 - Generated code: D:\Download\DeleteThis\TestSTMStandalone\Core\Src\stm32g4xx_it.c
2024-04-30 18:27:42,070 [INFO] CodeEngine:245 - oldGeneratedFile, D:\Download\DeleteThis\TestSTMStandalone\Core\Inc\stm32g4xx_it.h_save
2024-04-30 18:27:42,119 [INFO] CodeEngine:269 - Generated code: D:\Download\DeleteThis\TestSTMStandalone\Core\Inc\stm32g4xx_it.h
2024-04-30 18:27:42,145 [INFO] CodeEngine:245 - oldGeneratedFile, D:\Download\DeleteThis\TestSTMStandalone\Core\Src\stm32g4xx_hal_msp.c_save
2024-04-30 18:27:42,260 [INFO] CodeEngine:269 - Generated code: D:\Download\DeleteThis\TestSTMStandalone\Core\Src\stm32g4xx_hal_msp.c
2024-04-30 18:27:42,265 [INFO] CodeEngine:245 - oldGeneratedFile, D:\Download\DeleteThis\TestSTMStandalone\MXTmpFiles\system.tmp_save
2024-04-30 18:27:42,325 [INFO] CodeEngine:269 - Generated code: D:\Download\DeleteThis\TestSTMStandalone\MXTmpFiles\system.tmp
2024-04-30 18:27:42,340 [INFO] CodeEngine:245 - oldGeneratedFile, D:\Download\DeleteThis\TestSTMStandalone\Core\Inc\stm32g4xx_hal_conf.h_save
2024-04-30 18:27:42,441 [INFO] CodeEngine:269 - Generated code: D:\Download\DeleteThis\TestSTMStandalone\Core\Inc\stm32g4xx_hal_conf.h
2024-04-30 18:27:42,459 [WARN] IPConfigManager:2910 - Warning: the RefConfig RCC_CommonPeriphClockConfig is not available in your config.xml file
2024-04-30 18:27:42,459 [WARN] IPConfigManager:3348 - IP not found : TIM
2024-04-30 18:27:42,459 [WARN] CodeGenerator:3567 - IP not found : null
2024-04-30 18:27:42,469 [INFO] CodeEngine:245 - oldGeneratedFile, D:\Download\DeleteThis\TestSTMStandalone\Core\Inc\main.h_save
2024-04-30 18:27:42,612 [INFO] CodeEngine:269 - Generated code: D:\Download\DeleteThis\TestSTMStandalone\Core\Inc\main.h
2024-04-30 18:27:42,625 [INFO] CodeEngine:245 - oldGeneratedFile, D:\Download\DeleteThis\TestSTMStandalone\Core\Src\main.c_save
2024-04-30 18:27:42,761 [INFO] CodeEngine:269 - Generated code: D:\Download\DeleteThis\TestSTMStandalone\Core\Src\main.c
2024-04-30 18:27:43,225 [INFO] ProjectBuilder:2919 - Time for Copy HAL[1] : 100mS.
2024-04-30 18:27:43,230 [INFO] ProjectBuilder:4117 - Project Generator version: 3.17.1
2024-04-30 18:27:43,520 [INFO] ConfigFileManager:1394 - The Die is : DIE469
2024-04-30 18:27:44,745 [INFO] ProjectBuilder:4285 - Time for Generating toolchain IDE Files: 1515mS.
2024-04-30 18:27:44,750 [INFO] ProjectBuilder:2790 - Time for Copy CMSIS : 0mS.
2024-04-30 18:27:44,765 [INFO] ProjectBuilder:2790 - Time for Copy CMSIS : 0mS.
2024-04-30 18:38:55,414 [INFO] NvicIntPanel:100 - NVIC parent = com.st.microxplorer.plugins.ip.nvic.MultiNvicIntPanel[,0,0,0x0,invalid,layout=javax.swing.BoxLayout,alignmentX=0.0,alignmentY=0.0,border=,flags=9,maximumSize=,minimumSize=,preferredSize=]
2024-04-30 18:38:57,624 [INFO] UtilMem:74 - End SaveConfig() Used Memory: 783364504 Bytes (1067450368)
2024-04-30 18:38:59,319 [INFO] UtilMem:74 - End SaveConfig() Used Memory: 811676056 Bytes (1067450368)
2024-04-30 18:39:01,019 [INFO] UtilMem:74 - End SaveConfig() Used Memory: 863408456 Bytes (1067450368)
2024-04-30 18:39:01,174 [INFO] BlockDiagram:2753 - set Specific Code input for plugin: TIM1_8G4
2024-04-30 18:39:01,174 [INFO] BlockDiagram:2753 - set Specific Code input for plugin: TIM1_8G4
2024-04-30 18:39:01,174 [INFO] BlockDiagram:2753 - set Specific Code input for plugin: SYS
2024-04-30 18:39:01,174 [INFO] BlockDiagram:2753 - set Specific Code input for plugin: ADC
2024-04-30 18:39:01,174 [INFO] BlockDiagram:2753 - set Specific Code input for plugin: RCC
2024-04-30 18:39:01,174 [INFO] BlockDiagram:2753 - set Specific Code input for plugin: NVIC
2024-04-30 18:39:01,174 [INFO] BlockDiagram:2753 - set Specific Code input for plugin: USART
2024-04-30 18:39:01,174 [INFO] BlockDiagram:2753 - set Specific Code input for plugin: GPIO
2024-04-30 18:39:01,174 [INFO] CodeGenerator:690 - code generatio: config db path: C:\ST\STM32CubeIDE_1.10.1\STM32CubeIDE\plugins\com.st.stm32cube.common.mx_6.6.1.202207061420\\db\
2024-04-30 18:39:01,293 [INFO] CodeEngine:245 - oldGeneratedFile, D:\Download\DeleteThis\TestSTMStandalone\MXTmpFiles\license.tmp_save
2024-04-30 18:39:01,359 [INFO] CodeEngine:269 - Generated code: D:\Download\DeleteThis\TestSTMStandalone\MXTmpFiles\license.tmp
2024-04-30 18:39:01,373 [INFO] CodeEngine:245 - oldGeneratedFile, D:\Download\DeleteThis\TestSTMStandalone\MXTmpFiles\gpio.tmp_save
2024-04-30 18:39:01,434 [INFO] CodeEngine:269 - Generated code: D:\Download\DeleteThis\TestSTMStandalone\MXTmpFiles\gpio.tmp
2024-04-30 18:39:01,554 [INFO] CodeEngine:245 - oldGeneratedFile, D:\Download\DeleteThis\TestSTMStandalone\Core\Src\stm32g4xx_it.c_save
2024-04-30 18:39:01,603 [INFO] CodeEngine:269 - Generated code: D:\Download\DeleteThis\TestSTMStandalone\Core\Src\stm32g4xx_it.c
2024-04-30 18:39:01,609 [INFO] CodeEngine:245 - oldGeneratedFile, D:\Download\DeleteThis\TestSTMStandalone\Core\Inc\stm32g4xx_it.h_save
2024-04-30 18:39:01,639 [INFO] CodeEngine:269 - Generated code: D:\Download\DeleteThis\TestSTMStandalone\Core\Inc\stm32g4xx_it.h
2024-04-30 18:39:01,649 [INFO] CodeEngine:245 - oldGeneratedFile, D:\Download\DeleteThis\TestSTMStandalone\Core\Src\stm32g4xx_hal_msp.c_save
2024-04-30 18:39:01,714 [INFO] CodeEngine:269 - Generated code: D:\Download\DeleteThis\TestSTMStandalone\Core\Src\stm32g4xx_hal_msp.c
2024-04-30 18:39:01,719 [INFO] CodeEngine:245 - oldGeneratedFile, D:\Download\DeleteThis\TestSTMStandalone\MXTmpFiles\system.tmp_save
2024-04-30 18:39:01,754 [INFO] CodeEngine:269 - Generated code: D:\Download\DeleteThis\TestSTMStandalone\MXTmpFiles\system.tmp
2024-04-30 18:39:01,764 [INFO] CodeEngine:245 - oldGeneratedFile, D:\Download\DeleteThis\TestSTMStandalone\Core\Inc\stm32g4xx_hal_conf.h_save
2024-04-30 18:39:01,821 [INFO] CodeEngine:269 - Generated code: D:\Download\DeleteThis\TestSTMStandalone\Core\Inc\stm32g4xx_hal_conf.h
2024-04-30 18:39:01,829 [WARN] IPConfigManager:2910 - Warning: the RefConfig RCC_CommonPeriphClockConfig is not available in your config.xml file
2024-04-30 18:39:01,829 [WARN] IPConfigManager:3348 - IP not found : TIM
2024-04-30 18:39:01,829 [WARN] CodeGenerator:3567 - IP not found : null
2024-04-30 18:39:01,839 [INFO] CodeEngine:245 - oldGeneratedFile, D:\Download\DeleteThis\TestSTMStandalone\Core\Inc\main.h_save
2024-04-30 18:39:01,889 [INFO] CodeEngine:269 - Generated code: D:\Download\DeleteThis\TestSTMStandalone\Core\Inc\main.h
2024-04-30 18:39:01,899 [INFO] CodeEngine:245 - oldGeneratedFile, D:\Download\DeleteThis\TestSTMStandalone\Core\Src\main.c_save
2024-04-30 18:39:01,969 [INFO] CodeEngine:269 - Generated code: D:\Download\DeleteThis\TestSTMStandalone\Core\Src\main.c
2024-04-30 18:39:02,329 [INFO] ProjectBuilder:2919 - Time for Copy HAL[1] : 108mS.
2024-04-30 18:39:02,333 [INFO] ProjectBuilder:4117 - Project Generator version: 3.17.1
2024-04-30 18:39:02,474 [INFO] ConfigFileManager:1394 - The Die is : DIE469
2024-04-30 18:39:03,154 [INFO] ProjectBuilder:4285 - Time for Generating toolchain IDE Files: 821mS.
2024-04-30 18:39:03,159 [INFO] ProjectBuilder:2790 - Time for Copy CMSIS : 0mS.
2024-04-30 18:39:03,159 [INFO] ProjectBuilder:2790 - Time for Copy CMSIS : 0mS.
2024-04-30 18:40:50,014 [INFO] NvicIntPanel:100 - NVIC parent = com.st.microxplorer.plugins.ip.nvic.MultiNvicIntPanel[,0,0,0x0,invalid,layout=javax.swing.BoxLayout,alignmentX=0.0,alignmentY=0.0,border=,flags=9,maximumSize=,minimumSize=,preferredSize=]
2024-04-30 18:40:51,029 [INFO] UtilMem:74 - End SaveConfig() Used Memory: 756032824 Bytes (1070596096)
2024-04-30 18:40:53,385 [INFO] UtilMem:74 - End SaveConfig() Used Memory: 786967864 Bytes (1070596096)
2024-04-30 18:40:54,424 [INFO] UtilMem:74 - End SaveConfig() Used Memory: 836715688 Bytes (1070596096)
2024-04-30 18:40:54,564 [INFO] BlockDiagram:2753 - set Specific Code input for plugin: TIM1_8G4
2024-04-30 18:40:54,564 [INFO] BlockDiagram:2753 - set Specific Code input for plugin: TIM1_8G4
2024-04-30 18:40:54,564 [INFO] BlockDiagram:2753 - set Specific Code input for plugin: SYS
2024-04-30 18:40:54,564 [INFO] BlockDiagram:2753 - set Specific Code input for plugin: ADC
2024-04-30 18:40:54,564 [INFO] BlockDiagram:2753 - set Specific Code input for plugin: RCC
2024-04-30 18:40:54,564 [INFO] BlockDiagram:2753 - set Specific Code input for plugin: NVIC
2024-04-30 18:40:54,564 [INFO] BlockDiagram:2753 - set Specific Code input for plugin: USART
2024-04-30 18:40:54,564 [INFO] BlockDiagram:2753 - set Specific Code input for plugin: GPIO
2024-04-30 18:40:54,564 [INFO] CodeGenerator:690 - code generatio: config db path: C:\ST\STM32CubeIDE_1.10.1\STM32CubeIDE\plugins\com.st.stm32cube.common.mx_6.6.1.202207061420\\db\
2024-04-30 18:40:54,694 [INFO] CodeEngine:245 - oldGeneratedFile, D:\Download\DeleteThis\TestSTMStandalone\MXTmpFiles\license.tmp_save
2024-04-30 18:40:54,769 [INFO] CodeEngine:269 - Generated code: D:\Download\DeleteThis\TestSTMStandalone\MXTmpFiles\license.tmp
2024-04-30 18:40:54,789 [INFO] CodeEngine:245 - oldGeneratedFile, D:\Download\DeleteThis\TestSTMStandalone\MXTmpFiles\gpio.tmp_save
2024-04-30 18:40:54,864 [INFO] CodeEngine:269 - Generated code: D:\Download\DeleteThis\TestSTMStandalone\MXTmpFiles\gpio.tmp
2024-04-30 18:40:55,024 [INFO] CodeEngine:245 - oldGeneratedFile, D:\Download\DeleteThis\TestSTMStandalone\Core\Src\stm32g4xx_it.c_save
2024-04-30 18:40:55,079 [INFO] CodeEngine:269 - Generated code: D:\Download\DeleteThis\TestSTMStandalone\Core\Src\stm32g4xx_it.c
2024-04-30 18:40:55,082 [INFO] CodeEngine:245 - oldGeneratedFile, D:\Download\DeleteThis\TestSTMStandalone\Core\Inc\stm32g4xx_it.h_save
2024-04-30 18:40:55,114 [INFO] CodeEngine:269 - Generated code: D:\Download\DeleteThis\TestSTMStandalone\Core\Inc\stm32g4xx_it.h
2024-04-30 18:40:55,129 [INFO] CodeEngine:245 - oldGeneratedFile, D:\Download\DeleteThis\TestSTMStandalone\Core\Src\stm32g4xx_hal_msp.c_save
2024-04-30 18:40:55,210 [INFO] CodeEngine:269 - Generated code: D:\Download\DeleteThis\TestSTMStandalone\Core\Src\stm32g4xx_hal_msp.c
2024-04-30 18:40:55,210 [INFO] CodeEngine:245 - oldGeneratedFile, D:\Download\DeleteThis\TestSTMStandalone\MXTmpFiles\system.tmp_save
2024-04-30 18:40:55,249 [INFO] CodeEngine:269 - Generated code: D:\Download\DeleteThis\TestSTMStandalone\MXTmpFiles\system.tmp
2024-04-30 18:40:55,259 [INFO] CodeEngine:245 - oldGeneratedFile, D:\Download\DeleteThis\TestSTMStandalone\Core\Inc\stm32g4xx_hal_conf.h_save
2024-04-30 18:40:55,319 [INFO] CodeEngine:269 - Generated code: D:\Download\DeleteThis\TestSTMStandalone\Core\Inc\stm32g4xx_hal_conf.h
2024-04-30 18:40:55,323 [WARN] IPConfigManager:2910 - Warning: the RefConfig RCC_CommonPeriphClockConfig is not available in your config.xml file
2024-04-30 18:40:55,323 [WARN] IPConfigManager:3348 - IP not found : TIM
2024-04-30 18:40:55,323 [WARN] CodeGenerator:3567 - IP not found : null
2024-04-30 18:40:55,329 [INFO] CodeEngine:245 - oldGeneratedFile, D:\Download\DeleteThis\TestSTMStandalone\Core\Inc\main.h_save
2024-04-30 18:40:55,374 [INFO] CodeEngine:269 - Generated code: D:\Download\DeleteThis\TestSTMStandalone\Core\Inc\main.h
2024-04-30 18:40:55,384 [INFO] CodeEngine:245 - oldGeneratedFile, D:\Download\DeleteThis\TestSTMStandalone\Core\Src\main.c_save
2024-04-30 18:40:55,469 [INFO] CodeEngine:269 - Generated code: D:\Download\DeleteThis\TestSTMStandalone\Core\Src\main.c
2024-04-30 18:40:55,823 [INFO] ProjectBuilder:2919 - Time for Copy HAL[1] : 89mS.
2024-04-30 18:40:55,823 [INFO] ProjectBuilder:4117 - Project Generator version: 3.17.1
2024-04-30 18:40:55,993 [INFO] ConfigFileManager:1394 - The Die is : DIE469
2024-04-30 18:40:56,699 [INFO] ProjectBuilder:4285 - Time for Generating toolchain IDE Files: 876mS.
2024-04-30 18:40:56,699 [INFO] ProjectBuilder:2790 - Time for Copy CMSIS : 0mS.
2024-04-30 18:40:56,699 [INFO] ProjectBuilder:2790 - Time for Copy CMSIS : 0mS.
2024-04-30 19:00:15,104 [INFO] NvicIntPanel:100 - NVIC parent = com.st.microxplorer.plugins.ip.nvic.MultiNvicIntPanel[,0,0,0x0,invalid,layout=javax.swing.BoxLayout,alignmentX=0.0,alignmentY=0.0,border=,flags=9,maximumSize=,minimumSize=,preferredSize=]
2024-04-30 19:00:18,459 [INFO] NvicIntPanel:100 - NVIC parent = com.st.microxplorer.plugins.ip.nvic.MultiNvicIntPanel[,0,0,0x0,invalid,layout=javax.swing.BoxLayout,alignmentX=0.0,alignmentY=0.0,border=,flags=9,maximumSize=,minimumSize=,preferredSize=]
2024-04-30 19:00:23,669 [INFO] NvicIntPanel:100 - NVIC parent = com.st.microxplorer.plugins.ip.nvic.MultiNvicIntPanel[,0,0,0x0,invalid,layout=javax.swing.BoxLayout,alignmentX=0.0,alignmentY=0.0,border=,flags=9,maximumSize=,minimumSize=,preferredSize=]
2024-04-30 19:00:25,289 [INFO] UtilMem:74 - End SaveConfig() Used Memory: 862614136 Bytes (1072693248)
2024-04-30 19:00:27,979 [INFO] UtilMem:74 - End SaveConfig() Used Memory: 754191192 Bytes (1072693248)
2024-04-30 19:00:29,004 [INFO] UtilMem:74 - End SaveConfig() Used Memory: 747282768 Bytes (1072693248)
2024-04-30 19:00:29,179 [INFO] BlockDiagram:2753 - set Specific Code input for plugin: TIM1_8G4
2024-04-30 19:00:29,179 [INFO] BlockDiagram:2753 - set Specific Code input for plugin: TIM1_8G4
2024-04-30 19:00:29,179 [INFO] BlockDiagram:2753 - set Specific Code input for plugin: SYS
2024-04-30 19:00:29,179 [INFO] BlockDiagram:2753 - set Specific Code input for plugin: ADC
2024-04-30 19:00:29,179 [INFO] BlockDiagram:2753 - set Specific Code input for plugin: RCC
2024-04-30 19:00:29,179 [INFO] BlockDiagram:2753 - set Specific Code input for plugin: NVIC
2024-04-30 19:00:29,179 [INFO] BlockDiagram:2753 - set Specific Code input for plugin: USART
2024-04-30 19:00:29,179 [INFO] BlockDiagram:2753 - set Specific Code input for plugin: GPIO
2024-04-30 19:00:29,179 [INFO] CodeGenerator:690 - code generatio: config db path: C:\ST\STM32CubeIDE_1.10.1\STM32CubeIDE\plugins\com.st.stm32cube.common.mx_6.6.1.202207061420\\db\
2024-04-30 19:00:29,374 [INFO] CodeEngine:245 - oldGeneratedFile, D:\Download\DeleteThis\TestSTMStandalone\MXTmpFiles\license.tmp_save
2024-04-30 19:00:29,444 [INFO] CodeEngine:269 - Generated code: D:\Download\DeleteThis\TestSTMStandalone\MXTmpFiles\license.tmp
2024-04-30 19:00:29,474 [INFO] CodeEngine:245 - oldGeneratedFile, D:\Download\DeleteThis\TestSTMStandalone\MXTmpFiles\gpio.tmp_save
2024-04-30 19:00:29,529 [INFO] CodeEngine:269 - Generated code: D:\Download\DeleteThis\TestSTMStandalone\MXTmpFiles\gpio.tmp
2024-04-30 19:00:29,699 [INFO] CodeEngine:245 - oldGeneratedFile, D:\Download\DeleteThis\TestSTMStandalone\Core\Src\stm32g4xx_it.c_save
2024-04-30 19:00:29,766 [INFO] CodeEngine:269 - Generated code: D:\Download\DeleteThis\TestSTMStandalone\Core\Src\stm32g4xx_it.c
2024-04-30 19:00:29,769 [INFO] CodeEngine:245 - oldGeneratedFile, D:\Download\DeleteThis\TestSTMStandalone\Core\Inc\stm32g4xx_it.h_save
2024-04-30 19:00:29,824 [INFO] CodeEngine:269 - Generated code: D:\Download\DeleteThis\TestSTMStandalone\Core\Inc\stm32g4xx_it.h
2024-04-30 19:00:29,844 [INFO] CodeEngine:245 - oldGeneratedFile, D:\Download\DeleteThis\TestSTMStandalone\Core\Src\stm32g4xx_hal_msp.c_save
2024-04-30 19:00:29,924 [INFO] CodeEngine:269 - Generated code: D:\Download\DeleteThis\TestSTMStandalone\Core\Src\stm32g4xx_hal_msp.c
2024-04-30 19:00:29,941 [INFO] CodeEngine:245 - oldGeneratedFile, D:\Download\DeleteThis\TestSTMStandalone\MXTmpFiles\system.tmp_save
2024-04-30 19:00:29,994 [INFO] CodeEngine:269 - Generated code: D:\Download\DeleteThis\TestSTMStandalone\MXTmpFiles\system.tmp
2024-04-30 19:00:30,020 [INFO] CodeEngine:245 - oldGeneratedFile, D:\Download\DeleteThis\TestSTMStandalone\Core\Inc\stm32g4xx_hal_conf.h_save
2024-04-30 19:00:30,109 [INFO] CodeEngine:269 - Generated code: D:\Download\DeleteThis\TestSTMStandalone\Core\Inc\stm32g4xx_hal_conf.h
2024-04-30 19:00:30,119 [WARN] IPConfigManager:2910 - Warning: the RefConfig RCC_CommonPeriphClockConfig is not available in your config.xml file
2024-04-30 19:00:30,124 [WARN] IPConfigManager:3348 - IP not found : TIM
2024-04-30 19:00:30,124 [WARN] CodeGenerator:3567 - IP not found : null
2024-04-30 19:00:30,146 [INFO] CodeEngine:245 - oldGeneratedFile, D:\Download\DeleteThis\TestSTMStandalone\Core\Inc\main.h_save
2024-04-30 19:00:30,234 [INFO] CodeEngine:269 - Generated code: D:\Download\DeleteThis\TestSTMStandalone\Core\Inc\main.h
2024-04-30 19:00:30,254 [INFO] CodeEngine:245 - oldGeneratedFile, D:\Download\DeleteThis\TestSTMStandalone\Core\Src\main.c_save
2024-04-30 19:00:30,359 [INFO] CodeEngine:269 - Generated code: D:\Download\DeleteThis\TestSTMStandalone\Core\Src\main.c
2024-04-30 19:00:30,759 [INFO] ProjectBuilder:2919 - Time for Copy HAL[1] : 110mS.
2024-04-30 19:00:30,772 [INFO] ProjectBuilder:4117 - Project Generator version: 3.17.1
2024-04-30 19:00:30,974 [INFO] ConfigFileManager:1394 - The Die is : DIE469
2024-04-30 19:00:32,054 [INFO] ProjectBuilder:4285 - Time for Generating toolchain IDE Files: 1282mS.
2024-04-30 19:00:32,054 [INFO] ProjectBuilder:2790 - Time for Copy CMSIS : 0mS.
2024-04-30 19:00:32,054 [INFO] ProjectBuilder:2790 - Time for Copy CMSIS : 0mS.
2024-04-30 19:00:37,571 [INFO] NvicIntPanel:100 - NVIC parent = com.st.microxplorer.plugins.ip.nvic.MultiNvicIntPanel[,0,0,0x0,invalid,layout=javax.swing.BoxLayout,alignmentX=0.0,alignmentY=0.0,border=,flags=9,maximumSize=,minimumSize=,preferredSize=]
2024-04-30 19:00:39,029 [INFO] NvicIntPanel:100 - NVIC parent = com.st.microxplorer.plugins.ip.nvic.MultiNvicIntPanel[,0,0,0x0,invalid,layout=javax.swing.BoxLayout,alignmentX=0.0,alignmentY=0.0,border=,flags=9,maximumSize=,minimumSize=,preferredSize=]
2024-04-30 19:00:47,827 [INFO] NvicIntPanel:100 - NVIC parent = com.st.microxplorer.plugins.ip.nvic.MultiNvicIntPanel[,0,0,0x0,invalid,layout=javax.swing.BoxLayout,alignmentX=0.0,alignmentY=0.0,border=,flags=9,maximumSize=,minimumSize=,preferredSize=]
2024-04-30 19:00:47,949 [INFO] NvicIntPanel:100 - NVIC parent = com.st.microxplorer.plugins.ip.nvic.MultiNvicIntPanel[,0,0,0x0,invalid,layout=javax.swing.BoxLayout,alignmentX=0.0,alignmentY=0.0,border=,flags=9,maximumSize=,minimumSize=,preferredSize=]
2024-04-30 19:01:01,574 [INFO] UtilMem:74 - End SaveConfig() Used Memory: 934472904 Bytes (1073741824)
2024-04-30 19:01:03,743 [INFO] UtilMem:74 - End SaveConfig() Used Memory: 759672672 Bytes (1073741824)
2024-04-30 19:01:04,779 [INFO] UtilMem:74 - End SaveConfig() Used Memory: 860335968 Bytes (1073741824)
2024-04-30 19:01:04,924 [INFO] BlockDiagram:2753 - set Specific Code input for plugin: TIM1_8G4
2024-04-30 19:01:04,924 [INFO] BlockDiagram:2753 - set Specific Code input for plugin: TIM1_8G4
2024-04-30 19:01:04,924 [INFO] BlockDiagram:2753 - set Specific Code input for plugin: SYS
2024-04-30 19:01:04,924 [INFO] BlockDiagram:2753 - set Specific Code input for plugin: ADC
2024-04-30 19:01:04,924 [INFO] BlockDiagram:2753 - set Specific Code input for plugin: RCC
2024-04-30 19:01:04,924 [INFO] BlockDiagram:2753 - set Specific Code input for plugin: NVIC
2024-04-30 19:01:04,924 [INFO] BlockDiagram:2753 - set Specific Code input for plugin: USART
2024-04-30 19:01:04,924 [INFO] BlockDiagram:2753 - set Specific Code input for plugin: GPIO
2024-04-30 19:01:04,924 [INFO] CodeGenerator:690 - code generatio: config db path: C:\ST\STM32CubeIDE_1.10.1\STM32CubeIDE\plugins\com.st.stm32cube.common.mx_6.6.1.202207061420\\db\
2024-04-30 19:01:05,089 [INFO] CodeEngine:245 - oldGeneratedFile, D:\Download\DeleteThis\TestSTMStandalone\MXTmpFiles\license.tmp_save
2024-04-30 19:01:05,159 [INFO] CodeEngine:269 - Generated code: D:\Download\DeleteThis\TestSTMStandalone\MXTmpFiles\license.tmp
2024-04-30 19:01:05,174 [INFO] CodeEngine:245 - oldGeneratedFile, D:\Download\DeleteThis\TestSTMStandalone\MXTmpFiles\gpio.tmp_save
2024-04-30 19:01:05,269 [INFO] CodeEngine:269 - Generated code: D:\Download\DeleteThis\TestSTMStandalone\MXTmpFiles\gpio.tmp
2024-04-30 19:01:05,404 [INFO] CodeEngine:245 - oldGeneratedFile, D:\Download\DeleteThis\TestSTMStandalone\Core\Src\stm32g4xx_it.c_save
2024-04-30 19:01:05,469 [INFO] CodeEngine:269 - Generated code: D:\Download\DeleteThis\TestSTMStandalone\Core\Src\stm32g4xx_it.c
2024-04-30 19:01:05,473 [INFO] CodeEngine:245 - oldGeneratedFile, D:\Download\DeleteThis\TestSTMStandalone\Core\Inc\stm32g4xx_it.h_save
2024-04-30 19:01:05,509 [INFO] CodeEngine:269 - Generated code: D:\Download\DeleteThis\TestSTMStandalone\Core\Inc\stm32g4xx_it.h
2024-04-30 19:01:05,529 [INFO] CodeEngine:245 - oldGeneratedFile, D:\Download\DeleteThis\TestSTMStandalone\Core\Src\stm32g4xx_hal_msp.c_save
2024-04-30 19:01:05,604 [INFO] CodeEngine:269 - Generated code: D:\Download\DeleteThis\TestSTMStandalone\Core\Src\stm32g4xx_hal_msp.c
2024-04-30 19:01:05,615 [INFO] CodeEngine:245 - oldGeneratedFile, D:\Download\DeleteThis\TestSTMStandalone\MXTmpFiles\system.tmp_save
2024-04-30 19:01:05,669 [INFO] CodeEngine:269 - Generated code: D:\Download\DeleteThis\TestSTMStandalone\MXTmpFiles\system.tmp
2024-04-30 19:01:05,679 [INFO] CodeEngine:245 - oldGeneratedFile, D:\Download\DeleteThis\TestSTMStandalone\Core\Inc\stm32g4xx_hal_conf.h_save
2024-04-30 19:01:05,749 [INFO] CodeEngine:269 - Generated code: D:\Download\DeleteThis\TestSTMStandalone\Core\Inc\stm32g4xx_hal_conf.h
2024-04-30 19:01:05,754 [WARN] IPConfigManager:2910 - Warning: the RefConfig RCC_CommonPeriphClockConfig is not available in your config.xml file
2024-04-30 19:01:05,754 [WARN] IPConfigManager:3348 - IP not found : TIM
2024-04-30 19:01:05,754 [WARN] CodeGenerator:3567 - IP not found : null
2024-04-30 19:01:05,760 [INFO] CodeEngine:245 - oldGeneratedFile, D:\Download\DeleteThis\TestSTMStandalone\Core\Inc\main.h_save
2024-04-30 19:01:05,814 [INFO] CodeEngine:269 - Generated code: D:\Download\DeleteThis\TestSTMStandalone\Core\Inc\main.h
2024-04-30 19:01:05,823 [INFO] CodeEngine:245 - oldGeneratedFile, D:\Download\DeleteThis\TestSTMStandalone\Core\Src\main.c_save
2024-04-30 19:01:05,902 [INFO] CodeEngine:269 - Generated code: D:\Download\DeleteThis\TestSTMStandalone\Core\Src\main.c
2024-04-30 19:01:06,331 [INFO] ProjectBuilder:2919 - Time for Copy HAL[1] : 92mS.
2024-04-30 19:01:06,333 [INFO] ProjectBuilder:4117 - Project Generator version: 3.17.1
2024-04-30 19:01:06,529 [INFO] ConfigFileManager:1394 - The Die is : DIE469
2024-04-30 19:01:07,269 [INFO] ProjectBuilder:4285 - Time for Generating toolchain IDE Files: 936mS.
2024-04-30 19:01:07,269 [INFO] ProjectBuilder:2790 - Time for Copy CMSIS : 0mS.
2024-04-30 19:01:07,274 [INFO] ProjectBuilder:2790 - Time for Copy CMSIS : 0mS.
2024-05-02 17:42:05,262 [INFO] Activator:177 - 


2024-05-02 17:42:05,262 [INFO] Activator:178 - !SESSION log4j initialized
2024-05-02 17:42:32,244 [ERROR] LogOutputStream:74 - [STDERR_REDIRECT] SLF4J: Failed to load class "org.slf4j.impl.StaticLoggerBinder".
2024-05-02 17:42:32,244 [ERROR] LogOutputStream:74 - [STDERR_REDIRECT] SLF4J: Defaulting to no-operation (NOP) logger implementation
2024-05-02 17:42:32,244 [ERROR] LogOutputStream:74 - [STDERR_REDIRECT] SLF4J: See http://www.slf4j.org/codes.html#StaticLoggerBinder for further details.
2024-05-02 17:53:13,291 [INFO] Activator:177 - 


2024-05-02 17:53:13,291 [INFO] Activator:178 - !SESSION log4j initialized
2024-05-02 17:53:27,834 [INFO] McuFinderGlobals:44 - Set McuFinder mode to 2 (CubeIDE integrated)
2024-05-02 17:53:27,955 [INFO] ApplicationProperties:181 - Using Application install path: C:\ST\STM32CubeIDE_1.10.1\STM32CubeIDE\plugins\com.st.stm32cube.common.mx_6.6.1.202207061420
2024-05-02 17:53:27,966 [INFO] DbMcusXml:77 - Set database path to: C:\ST\STM32CubeIDE_1.10.1\STM32CubeIDE\plugins\com.st.stm32cube.common.mx_6.6.1.202207061420\\db\/mcu/
2024-05-02 17:53:27,966 [INFO] ApiDb:269 - Set plugin database path to: C:\ST\STM32CubeIDE_1.10.1\STM32CubeIDE\plugins\com.st.stm32cube.common.mx_6.6.1.202207061420\\db\/plugins/boardmanager/
2024-05-02 17:53:27,970 [WARN] ApiDb:254 - Overriding images path with different value:  => C:\ST\STM32CubeIDE_1.10.1\STM32CubeIDE\plugins\com.st.stm32cube.common.mx_6.6.1.202207061420\\db\/plugins/mcufinder/images/
2024-05-02 17:53:27,980 [INFO] ApiDb:249 - Set database path to: C:\Users\saksh\.stmcufinder\plugins\mcufinder//mcu/
2024-05-02 17:53:27,984 [INFO] DbMcusAds:124 - Set database path to: C:\Users\saksh\.stmcufinder\plugins\mcufinder//mcu/
2024-05-02 17:53:27,984 [INFO] CrossReferenceDbSqlite:201 - Set database path to: C:\Users\saksh\.stmcufinder\plugins\mcufinder//mcu/cs/
2024-05-02 17:53:28,057 [INFO] RulesReader:61 - Compatibility file has been processed (282 Rules)
2024-05-02 17:53:28,120 [INFO] DbMcusXml:77 - Set database path to: C:\ST\STM32CubeIDE_1.10.1\STM32CubeIDE\plugins\com.st.stm32cube.common.mx_6.6.1.202207061420\\db\/mcu/
2024-05-02 17:53:28,122 [INFO] ApiDb:269 - Set plugin database path to: C:\ST\STM32CubeIDE_1.10.1\STM32CubeIDE\plugins\com.st.stm32cube.common.mx_6.6.1.202207061420\\db\/plugins/boardmanager/
2024-05-02 17:53:28,122 [INFO] ApiDb:256 - Set plugin images path to: C:\ST\STM32CubeIDE_1.10.1\STM32CubeIDE\plugins\com.st.stm32cube.common.mx_6.6.1.202207061420\\db\/plugins/mcufinder/images/
2024-05-02 17:53:28,122 [WARN] DbFile:40 - Overriding database path with different value: C:\Users\saksh\.stmcufinder\plugins\mcufinder/ => C:\Users\saksh\.stmcufinder\plugins\mcufinder
2024-05-02 17:53:28,122 [INFO] ApiDb:249 - Set database path to: C:\Users\saksh\.stmcufinder\plugins\mcufinder//mcu/
2024-05-02 17:53:28,122 [WARN] DbFile:40 - Overriding database path with different value: C:\Users\saksh\.stmcufinder\plugins\mcufinder/ => C:\Users\saksh\.stmcufinder\plugins\mcufinder
2024-05-02 17:53:28,122 [INFO] DbMcusAds:124 - Set database path to: C:\Users\saksh\.stmcufinder\plugins\mcufinder//mcu/
2024-05-02 17:53:28,122 [WARN] DbFile:40 - Overriding database path with different value: C:\Users\saksh\.stmcufinder\plugins\mcufinder/ => C:\Users\saksh\.stmcufinder\plugins\mcufinder
2024-05-02 17:53:28,122 [WARN] DbFile:40 - Overriding database path with different value: C:\Users\saksh\.stmcufinder\plugins\mcufinder/ => C:\Users\saksh\.stmcufinder\plugins\mcufinder
2024-05-02 17:53:28,122 [INFO] CrossReferenceDbSqlite:201 - Set database path to: C:\Users\saksh\.stmcufinder\plugins\mcufinder//mcu/cs/
2024-05-02 17:53:28,179 [INFO] MainPanel:242 - HeapMemory: 268435456
2024-05-02 17:53:28,255 [INFO] DbMcusXml:77 - Set database path to: C:\ST\STM32CubeIDE_1.10.1\STM32CubeIDE\plugins\com.st.stm32cube.common.mx_6.6.1.202207061420\\db\/mcu/
2024-05-02 17:53:28,255 [INFO] ApiDb:269 - Set plugin database path to: C:\ST\STM32CubeIDE_1.10.1\STM32CubeIDE\plugins\com.st.stm32cube.common.mx_6.6.1.202207061420\\db\/plugins/boardmanager/
2024-05-02 17:53:28,255 [INFO] ApiDb:256 - Set plugin images path to: C:\ST\STM32CubeIDE_1.10.1\STM32CubeIDE\plugins\com.st.stm32cube.common.mx_6.6.1.202207061420\\db\/plugins/mcufinder/images/
2024-05-02 17:53:28,255 [WARN] DbFile:40 - Overriding database path with different value: C:\Users\saksh\.stmcufinder\plugins\mcufinder/ => C:\Users\saksh\.stmcufinder\plugins\mcufinder
2024-05-02 17:53:28,255 [INFO] ApiDb:249 - Set database path to: C:\Users\saksh\.stmcufinder\plugins\mcufinder//mcu/
2024-05-02 17:53:28,260 [WARN] DbFile:40 - Overriding database path with different value: C:\Users\saksh\.stmcufinder\plugins\mcufinder/ => C:\Users\saksh\.stmcufinder\plugins\mcufinder
2024-05-02 17:53:28,260 [INFO] DbMcusAds:124 - Set database path to: C:\Users\saksh\.stmcufinder\plugins\mcufinder//mcu/
2024-05-02 17:53:28,260 [WARN] DbFile:40 - Overriding database path with different value: C:\Users\saksh\.stmcufinder\plugins\mcufinder/ => C:\Users\saksh\.stmcufinder\plugins\mcufinder
2024-05-02 17:53:28,260 [WARN] DbFile:40 - Overriding database path with different value: C:\Users\saksh\.stmcufinder\plugins\mcufinder/ => C:\Users\saksh\.stmcufinder\plugins\mcufinder
2024-05-02 17:53:28,260 [INFO] CrossReferenceDbSqlite:201 - Set database path to: C:\Users\saksh\.stmcufinder\plugins\mcufinder//mcu/cs/
2024-05-02 17:53:28,270 [INFO] ApplicationProperties:181 - Using Application install path: C:\ST\STM32CubeIDE_1.10.1\STM32CubeIDE\plugins\com.st.stm32cube.common.mx_6.6.1.202207061420
2024-05-02 17:53:28,270 [INFO] PluginManage:193 - Search for loadable plugins [exclusion list=, ]
2024-05-02 17:53:28,270 [INFO] PluginManage:307 - Check plugin analytics
2024-05-02 17:53:28,379 [INFO] AnalyticsPlugin:262 - Accepted Software Licenses: 
2024-05-02 17:53:28,379 [INFO] AnalyticsPlugin:264 - Accepted CMSIS Pack Licenses: 
2024-05-02 17:53:28,379 [INFO] AnalyticsPlugin:266 - Accepted Firmware Licenses: FW.H7.1.10.0,FW.G4.1.5.0
2024-05-02 17:53:28,384 [INFO] PluginManage:356 - Loaded plugin analytics (category:tool,tabindex:-1)
2024-05-02 17:53:28,384 [INFO] PluginManage:307 - Check plugin cadmodel
2024-05-02 17:53:28,394 [INFO] CADModel:65 - Init CAD model plugin
2024-05-02 17:53:28,394 [INFO] PluginManage:356 - Loaded plugin cadmodel (category:power,tabindex:5)
2024-05-02 17:53:28,394 [INFO] PluginManage:307 - Check plugin clock
2024-05-02 17:53:28,409 [INFO] PluginManage:356 - Loaded plugin clock (category:base,tabindex:2)
2024-05-02 17:53:28,409 [INFO] PluginManage:307 - Check plugin ddr
2024-05-02 17:53:28,414 [INFO] PluginManage:356 - Loaded plugin ddr (category:tool,tabindex:6)
2024-05-02 17:53:28,414 [INFO] PluginManage:307 - Check plugin filemanager
2024-05-02 17:53:28,510 [INFO] PluginManage:356 - Loaded plugin filemanager (category:base,tabindex:10)
2024-05-02 17:53:28,510 [INFO] PluginManage:307 - Check plugin ipmanager
2024-05-02 17:53:28,515 [INFO] PluginManage:356 - Loaded plugin ipmanager (category:base,tabindex:5)
2024-05-02 17:53:28,515 [INFO] PluginManage:307 - Check plugin lpbam
2024-05-02 17:53:28,530 [INFO] PluginManage:356 - Loaded plugin lpbam (category:base,tabindex:0)
2024-05-02 17:53:28,530 [INFO] PluginManage:307 - Check plugin pinoutandconfiguration
2024-05-02 17:53:28,540 [INFO] PluginManage:356 - Loaded plugin pinoutandconfiguration (category:base,tabindex:1)
2024-05-02 17:53:28,540 [INFO] PluginManage:307 - Check plugin pinoutconfig
2024-05-02 17:53:28,569 [INFO] PluginManage:356 - Loaded plugin pinoutconfig (category:base,tabindex:0)
2024-05-02 17:53:28,569 [INFO] PluginManage:307 - Check plugin power
2024-05-02 17:53:28,585 [INFO] PluginManage:356 - Loaded plugin power (category:power,tabindex:4)
2024-05-02 17:53:28,585 [INFO] PluginManage:307 - Check plugin projectmanager
2024-05-02 17:53:28,594 [INFO] PluginManage:356 - Loaded plugin projectmanager (category:projectmanager,tabindex:3)
2024-05-02 17:53:28,594 [INFO] PluginManage:307 - Check plugin thirdparty
2024-05-02 17:53:28,775 [WARN] IntegrityCheckThread:82 - waiting for thirdparty lock release [integrity check]
2024-05-02 17:53:28,775 [INFO] PluginManage:356 - Loaded plugin thirdparty (category:base,tabindex:-1)
2024-05-02 17:53:28,775 [INFO] IntegrityCheckThread:84 - entering critical section [integrity check]
2024-05-02 17:53:28,775 [INFO] PluginManage:307 - Check plugin tools
2024-05-02 17:53:28,775 [INFO] ThirdPartyUpdaterWithRetryManager:70 - Updater plugin not ready yet. [1/15]
2024-05-02 17:53:28,794 [INFO] PluginManage:356 - Loaded plugin tools (category:base,tabindex:7)
2024-05-02 17:53:28,794 [INFO] PluginManage:307 - Check plugin tutovideos
2024-05-02 17:53:28,945 [INFO] PluginManage:356 - Loaded plugin tutovideos (category:base,tabindex:-1)
2024-05-02 17:53:28,945 [INFO] PluginManage:307 - Check plugin updater
2024-05-02 17:53:28,954 [INFO] PluginManage:356 - Loaded plugin updater (category:base,tabindex:12)
2024-05-02 17:53:28,954 [INFO] PluginManage:280 - PluginManage : Loaded plugins [15]
2024-05-02 17:53:29,130 [INFO] PinOutPanel:1468 - setPackage(No Configuration,No Configuration)
2024-05-02 17:53:29,180 [INFO] CADModel:98 - CPN selected for project level
2024-05-02 17:53:29,199 [INFO] IPUIPlugin:79 - create IPUIPlugin
2024-05-02 17:53:29,199 [INFO] PluginManager:217 - loadIPPluginJar : add adc
2024-05-02 17:53:29,219 [INFO] IPUIPlugin:79 - create IPUIPlugin
2024-05-02 17:53:29,219 [INFO] PluginManager:217 - loadIPPluginJar : add aes
2024-05-02 17:53:29,241 [INFO] IPUIPlugin:79 - create IPUIPlugin
2024-05-02 17:53:29,241 [INFO] PluginManager:217 - loadIPPluginJar : add can
2024-05-02 17:53:29,259 [INFO] IPUIPlugin:79 - create IPUIPlugin
2024-05-02 17:53:29,259 [INFO] PluginManager:217 - loadIPPluginJar : add comp
2024-05-02 17:53:29,284 [INFO] IPUIPlugin:79 - create IPUIPlugin
2024-05-02 17:53:29,284 [INFO] PluginManager:217 - loadIPPluginJar : add cryp
2024-05-02 17:53:29,300 [INFO] IPUIPlugin:79 - create IPUIPlugin
2024-05-02 17:53:29,300 [INFO] PluginManager:217 - loadIPPluginJar : add dfsdm
2024-05-02 17:53:29,310 [INFO] IPUIPlugin:79 - create IPUIPlugin
2024-05-02 17:53:29,310 [INFO] PluginManager:217 - loadIPPluginJar : add dma
2024-05-02 17:53:29,340 [INFO] IPUIPlugin:79 - create IPUIPlugin
2024-05-02 17:53:29,340 [INFO] PluginManager:217 - loadIPPluginJar : add dma3
2024-05-02 17:53:29,354 [INFO] IPUIPlugin:79 - create IPUIPlugin
2024-05-02 17:53:29,354 [INFO] PluginManager:217 - loadIPPluginJar : add fatfs
2024-05-02 17:53:29,385 [INFO] IPUIPlugin:79 - create IPUIPlugin
2024-05-02 17:53:29,385 [INFO] PluginManager:217 - loadIPPluginJar : add fmc
2024-05-02 17:53:29,395 [INFO] IPUIPlugin:79 - create IPUIPlugin
2024-05-02 17:53:29,395 [INFO] PluginManager:217 - loadIPPluginJar : add freertos
2024-05-02 17:53:29,409 [INFO] IPUIPlugin:79 - create IPUIPlugin
2024-05-02 17:53:29,409 [INFO] PluginManager:217 - loadIPPluginJar : add genericplugin
2024-05-02 17:53:29,469 [INFO] IPUIPlugin:79 - create IPUIPlugin
2024-05-02 17:53:29,469 [INFO] PluginManager:217 - loadIPPluginJar : add gfxmmu
2024-05-02 17:53:29,550 [INFO] IPUIPlugin:79 - create IPUIPlugin
2024-05-02 17:53:29,550 [INFO] PluginManager:217 - loadIPPluginJar : add gic
2024-05-02 17:53:29,561 [INFO] IPUIPlugin:79 - create IPUIPlugin
2024-05-02 17:53:29,561 [INFO] PluginManager:217 - loadIPPluginJar : add gpio
2024-05-02 17:53:29,610 [INFO] IPUIPlugin:79 - create IPUIPlugin
2024-05-02 17:53:29,615 [INFO] PluginManager:217 - loadIPPluginJar : add gtzc
2024-05-02 17:53:29,635 [INFO] IPUIPlugin:79 - create IPUIPlugin
2024-05-02 17:53:29,635 [INFO] PluginManager:217 - loadIPPluginJar : add hash
2024-05-02 17:53:29,665 [INFO] IPUIPlugin:79 - create IPUIPlugin
2024-05-02 17:53:29,665 [INFO] PluginManager:217 - loadIPPluginJar : add i2c
2024-05-02 17:53:29,689 [INFO] IPUIPlugin:79 - create IPUIPlugin
2024-05-02 17:53:29,689 [INFO] PluginManager:217 - loadIPPluginJar : add i2s
2024-05-02 17:53:29,752 [INFO] IPUIPlugin:79 - create IPUIPlugin
2024-05-02 17:53:29,752 [INFO] PluginManager:217 - loadIPPluginJar : add ipddr
2024-05-02 17:53:29,817 [INFO] IPUIPlugin:79 - create IPUIPlugin
2024-05-02 17:53:29,817 [INFO] PluginManager:217 - loadIPPluginJar : add linkedlist
2024-05-02 17:53:29,833 [INFO] IPUIPlugin:79 - create IPUIPlugin
2024-05-02 17:53:29,833 [INFO] PluginManager:217 - loadIPPluginJar : add lorawan
2024-05-02 17:53:29,860 [INFO] IPUIPlugin:79 - create IPUIPlugin
2024-05-02 17:53:29,860 [INFO] PluginManager:217 - loadIPPluginJar : add ltdc
2024-05-02 17:53:29,870 [INFO] IPUIPlugin:79 - create IPUIPlugin
2024-05-02 17:53:29,870 [INFO] PluginManager:217 - loadIPPluginJar : add mdma
2024-05-02 17:53:29,881 [INFO] IPUIPlugin:79 - create IPUIPlugin
2024-05-02 17:53:29,881 [INFO] PluginManager:217 - loadIPPluginJar : add nvic
2024-05-02 17:53:29,905 [INFO] IPUIPlugin:79 - create IPUIPlugin
2024-05-02 17:53:29,905 [INFO] PluginManager:217 - loadIPPluginJar : add opamp
2024-05-02 17:53:29,944 [INFO] IPUIPlugin:79 - create IPUIPlugin
2024-05-02 17:53:29,944 [INFO] PluginManager:217 - loadIPPluginJar : add openamp
2024-05-02 17:53:29,970 [INFO] IPUIPlugin:79 - create IPUIPlugin
2024-05-02 17:53:29,970 [INFO] PluginManager:217 - loadIPPluginJar : add pdm2pcm
2024-05-02 17:53:30,009 [INFO] IPUIPlugin:79 - create IPUIPlugin
2024-05-02 17:53:30,009 [INFO] PluginManager:217 - loadIPPluginJar : add plateformsettings
2024-05-02 17:53:30,029 [INFO] IPUIPlugin:79 - create IPUIPlugin
2024-05-02 17:53:30,029 [INFO] PluginManager:217 - loadIPPluginJar : add quadspi
2024-05-02 17:53:30,034 [INFO] IPUIPlugin:79 - create IPUIPlugin
2024-05-02 17:53:30,034 [INFO] PluginManager:217 - loadIPPluginJar : add resmgrutility
2024-05-02 17:53:30,070 [INFO] IPUIPlugin:79 - create IPUIPlugin
2024-05-02 17:53:30,070 [INFO] PluginManager:217 - loadIPPluginJar : add sai
2024-05-02 17:53:30,090 [INFO] IPUIPlugin:79 - create IPUIPlugin
2024-05-02 17:53:30,090 [INFO] PluginManager:217 - loadIPPluginJar : add spi
2024-05-02 17:53:30,121 [INFO] IPUIPlugin:79 - create IPUIPlugin
2024-05-02 17:53:30,121 [INFO] PluginManager:217 - loadIPPluginJar : add stm32_wpan
2024-05-02 17:53:30,145 [INFO] IPUIPlugin:79 - create IPUIPlugin
2024-05-02 17:53:30,145 [INFO] PluginManager:217 - loadIPPluginJar : add tim
2024-05-02 17:53:30,179 [INFO] IPUIPlugin:79 - create IPUIPlugin
2024-05-02 17:53:30,179 [INFO] PluginManager:217 - loadIPPluginJar : add touchsensing
2024-05-02 17:53:30,194 [INFO] IPUIPlugin:79 - create IPUIPlugin
2024-05-02 17:53:30,194 [INFO] PluginManager:217 - loadIPPluginJar : add tracer_emb
2024-05-02 17:53:30,209 [INFO] IPUIPlugin:79 - create IPUIPlugin
2024-05-02 17:53:30,209 [INFO] PluginManager:217 - loadIPPluginJar : add ts
2024-05-02 17:53:30,224 [INFO] IPUIPlugin:79 - create IPUIPlugin
2024-05-02 17:53:30,224 [INFO] PluginManager:217 - loadIPPluginJar : add tsc
2024-05-02 17:53:30,239 [INFO] IPUIPlugin:79 - create IPUIPlugin
2024-05-02 17:53:30,239 [INFO] PluginManager:217 - loadIPPluginJar : add ucpd
2024-05-02 17:53:30,264 [INFO] IPUIPlugin:79 - create IPUIPlugin
2024-05-02 17:53:30,264 [INFO] PluginManager:217 - loadIPPluginJar : add usart
2024-05-02 17:53:30,289 [INFO] IPUIPlugin:79 - create IPUIPlugin
2024-05-02 17:53:30,294 [INFO] PluginManager:217 - loadIPPluginJar : add usbx
2024-05-02 17:53:30,504 [FATAL] Updater:301 - Updater called before beeing initialized
2024-05-02 17:53:30,576 [FATAL] Updater:301 - Updater called before beeing initialized
2024-05-02 17:53:30,585 [INFO] DbMcusAds:52 - JSON generation date=Wed Nov 29 16:22:27 IST 2023 (1701255147349)
2024-05-02 17:53:30,585 [FATAL] Updater:301 - Updater called before beeing initialized
2024-05-02 17:53:30,610 [WARN] DetailPanel:344 - Failed to get advertising image, set to default
2024-05-02 17:53:30,680 [FATAL] Updater:301 - Updater called before beeing initialized
2024-05-02 17:53:30,685 [FATAL] Updater:301 - Updater called before beeing initialized
2024-05-02 17:53:30,685 [FATAL] Updater:301 - Updater called before beeing initialized
2024-05-02 17:53:30,685 [WARN] DetailPanel:344 - Failed to get advertising image, set to default
2024-05-02 17:53:30,685 [FATAL] Updater:301 - Updater called before beeing initialized
2024-05-02 17:53:30,724 [ERROR] Updater:1105 - MainUpdater not yet initialized. External WinMGr cannot be set.
2024-05-02 17:53:30,729 [INFO] Updater:1041 - Updater Version found : 6.6.1
2024-05-02 17:53:30,744 [INFO] ApplicationProperties:181 - Using Application install path: C:\ST\STM32CubeIDE_1.10.1\STM32CubeIDE\plugins\com.st.stm32cube.common.mx_6.6.1.202207061420
2024-05-02 17:53:31,776 [INFO] ThirdPartyUpdaterWithRetryManager:70 - Updater plugin not ready yet. [2/15]
2024-05-02 17:53:32,606 [ERROR] ConfigurationRetriever:139 - IOException on connection: connect timed out
2024-05-02 17:53:33,613 [INFO] MainUpdater:2768 - connection check result : 10
2024-05-02 17:53:33,619 [INFO] MainUpdater:3453 - Updater definition file requires update
2024-05-02 17:53:33,619 [INFO] MainUpdater:280 - Updater Check For Update Now.
2024-05-02 17:53:33,619 [INFO] MicroXplorer:481 - Change Database Version : DB.6.0.60
2024-05-02 17:53:34,782 [WARN] MainUpdater:1184 - Updater busy. Cannot search thirdparties
2024-05-02 17:53:34,782 [INFO] ThirdPartyUpdaterWithRetryManager:96 - Updater plugin is busy. [1/15]
2024-05-02 17:53:35,693 [INFO] ServerAccessManage:474 - Download File updaters.zip
2024-05-02 17:53:36,493 [INFO] FileExtend:239 - Unzip File : updaters.zip
2024-05-02 17:53:36,493 [INFO] FileExtend:254 - Standard Zip Deflate
2024-05-02 17:53:37,783 [WARN] MainUpdater:1184 - Updater busy. Cannot search thirdparties
2024-05-02 17:53:37,783 [INFO] ThirdPartyUpdaterWithRetryManager:96 - Updater plugin is busy. [2/15]
2024-05-02 17:53:40,554 [ERROR] LogOutputStream:74 - [STDERR_REDIRECT] SLF4J: Failed to load class "org.slf4j.impl.StaticLoggerBinder".
2024-05-02 17:53:40,554 [ERROR] LogOutputStream:74 - [STDERR_REDIRECT] SLF4J: Defaulting to no-operation (NOP) logger implementation
2024-05-02 17:53:40,554 [ERROR] LogOutputStream:74 - [STDERR_REDIRECT] SLF4J: See http://www.slf4j.org/codes.html#StaticLoggerBinder for further details.
2024-05-02 17:53:40,790 [WARN] MainUpdater:1184 - Updater busy. Cannot search thirdparties
2024-05-02 17:53:40,790 [INFO] ThirdPartyUpdaterWithRetryManager:96 - Updater plugin is busy. [3/15]
2024-05-02 17:53:41,055 [INFO] ServerAccessManage:474 - Download File PacksControlFlags.xml
2024-05-02 17:53:42,480 [INFO] ServerAccessManage:474 - Download File cubemx.pidx
2024-05-02 17:53:42,549 [INFO] LoadServerUpdatesThread:367 - End of LoadServerUpdate Thread
2024-05-02 17:53:42,693 [INFO] CheckServerUpdateThread:119 - End of CheckServer Thread
2024-05-02 17:53:42,820 [INFO] MainUpdater:2768 - connection check result : 10
2024-05-02 17:53:42,824 [INFO] MainUpdater:2768 - connection check result : 10
2024-05-02 17:53:42,917 [INFO] MicroXplorer:451 - Change Database Path : 
2024-05-02 17:53:42,917 [INFO] MicroXplorer:481 - Change Database Version : DB.6.0.60
2024-05-02 17:53:42,917 [WARN] ThirdParty:827 - waiting for thirdparty lock release [close project]
2024-05-02 17:53:43,915 [WARN] PackLoader:242 - Cannot read IP mode file for STMicroelectronics.FP-SNS-MOTENVWB1.1.4.0
2024-05-02 17:53:43,930 [WARN] PackLoader:242 - Cannot read IP mode file for STMicroelectronics.X-CUBE-SMBUS.2.1.0
2024-05-02 17:53:43,938 [WARN] PackLoader:242 - Cannot read IP mode file for STMicroelectronics.X-CUBE-TOUCHGFX.4.23.1
2024-05-02 17:53:43,945 [WARN] PackLoader:242 - Cannot read IP mode file for STMicroelectronics.X-CUBE-TOUCHGFX.4.23.0
2024-05-02 17:53:43,950 [WARN] PackLoader:242 - Cannot read IP mode file for STMicroelectronics.X-CUBE-TOUCHGFX.4.23.2
2024-05-02 17:53:43,974 [WARN] PackLoader:242 - Cannot read IP mode file for STMicroelectronics.X-CUBE-AZRTOS-F7.1.1.0
2024-05-02 17:53:43,986 [ERROR] RealEvaluatedCondition:433 - Found unsupported composite condition: CLASS='Data Exchange' GROUP='STM32_MetaDataManager'
2024-05-02 17:53:43,986 [ERROR] RealEvaluatedCondition:433 - Found unsupported composite condition: CLASS='Data Exchange' GROUP='STM32_MetaDataManager'
2024-05-02 17:53:43,989 [WARN] PackLoader:242 - Cannot read IP mode file for STMicroelectronics.FP-SNS-MOTENV1.4.3.0
2024-05-02 17:53:43,999 [WARN] PackLoader:242 - Cannot read IP mode file for STMicroelectronics.FP-SNS-MOTENV1.4.3.2
2024-05-02 17:53:44,002 [WARN] PackLoader:242 - Cannot read IP mode file for STMicroelectronics.FP-SNS-FLIGHT1.5.0.0
2024-05-02 17:53:44,014 [ERROR] RealEvaluatedCondition:433 - Found unsupported composite condition: CLASS='Data Exchange' GROUP='STM32_MetaDataManager'
2024-05-02 17:53:44,014 [ERROR] RealEvaluatedCondition:433 - Found unsupported composite condition: GROUP='STM32_MetaDataManager' CLASS='Data Exchange'
2024-05-02 17:53:44,014 [WARN] PackLoader:242 - Cannot read IP mode file for STMicroelectronics.FP-SNS-MOTENV1.4.3.1
2024-05-02 17:53:44,019 [WARN] PackLoader:242 - Cannot read IP mode file for STMicroelectronics.FP-SNS-FLIGHT1.5.0.1
2024-05-02 17:53:44,034 [WARN] PackLoader:242 - Cannot read IP mode file for STMicroelectronics.X-CUBE-BLE1.6.2.3
2024-05-02 17:53:44,040 [WARN] PackLoader:242 - Cannot read IP mode file for STMicroelectronics.X-CUBE-BLE1.6.2.4
2024-05-02 17:53:44,050 [WARN] PackLoader:242 - Cannot read IP mode file for STMicroelectronics.FP-SNS-FLIGHT1.5.0.2
2024-05-02 17:53:44,060 [WARN] PackLoader:242 - Cannot read IP mode file for STMicroelectronics.X-CUBE-TOF1.3.1.0
2024-05-02 17:53:44,075 [WARN] PackLoader:242 - Cannot read IP mode file for STMicroelectronics.X-CUBE-DISPLAY.3.0.0
2024-05-02 17:53:44,090 [WARN] PackLoader:242 - Cannot read IP mode file for STMicroelectronics.X-CUBE-BLE1.7.0.0
2024-05-02 17:53:44,100 [WARN] PackLoader:242 - Cannot read IP mode file for STMicroelectronics.X-CUBE-TOUCHGFX.4.22.0
2024-05-02 17:53:44,161 [WARN] PackLoader:242 - Cannot read IP mode file for STMicroelectronics.X-CUBE-MEMS1.9.3.0
2024-05-02 17:53:44,305 [WARN] PackLoader:242 - Cannot read IP mode file for STMicroelectronics.X-CUBE-AI.7.2.0
2024-05-02 17:53:44,324 [WARN] PackLoader:242 - Cannot read IP mode file for STMicroelectronics.X-CUBE-BLEMGR.3.1.0
2024-05-02 17:53:44,335 [WARN] PackLoader:242 - Cannot read IP mode file for STMicroelectronics.FP-SNS-SMARTAG2.1.2.0
2024-05-02 17:53:44,353 [INFO] LogOutputStream:76 - [STDOUT_REDIRECT] 1 : Invalid condition id : UX_CORESTACK_Condition cause : null
2024-05-02 17:53:44,353 [INFO] LogOutputStream:76 - [STDOUT_REDIRECT] 1 : Invalid condition id : UX_CORESTACK_Condition cause : null
2024-05-02 17:53:44,353 [INFO] LogOutputStream:76 - [STDOUT_REDIRECT] 1 : Invalid condition id : UX_CORESTACK_Condition cause : null
2024-05-02 17:53:44,353 [INFO] LogOutputStream:76 - [STDOUT_REDIRECT] 1 : Invalid condition id : UX_CORESTACK_Condition cause : null
2024-05-02 17:53:44,353 [INFO] LogOutputStream:76 - [STDOUT_REDIRECT] 1 : Invalid condition id : UX_CORESTACK_Condition cause : null
2024-05-02 17:53:44,353 [WARN] PackLoader:242 - Cannot read IP mode file for STMicroelectronics.X-CUBE-AZRTOS-WL.2.0.0
2024-05-02 17:53:44,369 [WARN] PackLoader:242 - Cannot read IP mode file for STMicroelectronics.FP-SNS-MOTENV1.5.0.0
2024-05-02 17:53:44,379 [WARN] PackLoader:242 - Cannot read IP mode file for WES.I-CUBE-Cesium.1.3.0
2024-05-02 17:53:44,389 [WARN] PackLoader:242 - Cannot read IP mode file for STMicroelectronics.X-CUBE-BLE2.3.3.0
2024-05-02 17:53:44,400 [WARN] PackLoader:242 - Cannot read IP mode file for STMicroelectronics.X-CUBE-DISPLAY.2.2.0
2024-05-02 17:53:44,420 [WARN] PackLoader:242 - Cannot read IP mode file for STMicroelectronics.X-CUBE-TOF1.3.2.0
2024-05-02 17:53:44,432 [WARN] PackLoader:242 - Cannot read IP mode file for STMicroelectronics.X-CUBE-ISPU.1.0.0
2024-05-02 17:53:44,460 [WARN] PackLoader:242 - Cannot read IP mode file for STMicroelectronics.X-CUBE-AZRTOS-H7.2.1.0
2024-05-02 17:53:44,475 [WARN] PackLoader:242 - Cannot read IP mode file for STMicroelectronics.X-CUBE-TCPP.4.1.0
2024-05-02 17:53:44,489 [WARN] PackLoader:242 - Cannot read IP mode file for STMicroelectronics.X-CUBE-TOUCHGFX.4.21.1
2024-05-02 17:53:44,499 [WARN] PackLoader:242 - Cannot read IP mode file for STMicroelectronics.X-CUBE-TOUCHGFX.4.21.3
2024-05-02 17:53:44,512 [WARN] PackLoader:242 - Cannot read IP mode file for STMicroelectronics.X-CUBE-TOUCHGFX.4.21.4
2024-05-02 17:53:44,543 [WARN] PackLoader:242 - Cannot read IP mode file for STMicroelectronics.X-CUBE-MEMS1.9.4.0
2024-05-02 17:53:44,680 [WARN] PackLoader:242 - Cannot read IP mode file for STMicroelectronics.X-CUBE-AI.7.3.0
2024-05-02 17:53:44,690 [WARN] PackLoader:242 - Cannot read IP mode file for STMicroelectronics.X-CUBE-ALGOBUILD.1.3.0
2024-05-02 17:53:44,704 [WARN] PackLoader:242 - Cannot read IP mode file for STMicroelectronics.X-CUBE-AZRTOS-G0.1.1.0
2024-05-02 17:53:44,720 [WARN] PackLoader:242 - Cannot read IP mode file for STMicroelectronics.X-CUBE-SAFEA1.1.2.2
2024-05-02 17:53:44,730 [WARN] PackLoader:242 - Cannot read IP mode file for STMicroelectronics.X-CUBE-NFC4.3.0.0
2024-05-02 17:53:44,765 [WARN] PackLoader:242 - Cannot read IP mode file for SEGGER.I-CUBE-embOS.1.2.0
2024-05-02 17:53:44,789 [WARN] PackLoader:242 - Cannot read IP mode file for STMicroelectronics.X-CUBE-BLEMGR.3.0.0
2024-05-02 17:53:44,799 [WARN] PackLoader:242 - Cannot read IP mode file for STMicroelectronics.X-CUBE-BLEMGR.1.3.0
2024-05-02 17:53:44,810 [WARN] PackLoader:242 - Cannot read IP mode file for STMicroelectronics.FP-ATR-SIGFOX1.3.2.0
2024-05-02 17:53:44,820 [WARN] PackLoader:242 - Cannot read IP mode file for STMicroelectronics.X-CUBE-EEPRMA1.5.1.0
2024-05-02 17:53:44,830 [WARN] PackLoader:242 - Cannot read IP mode file for emotas.I-CUBE-CANOPEN.1.1.2
2024-05-02 17:53:44,840 [WARN] PackLoader:242 - Cannot read IP mode file for STMicroelectronics.X-CUBE-TOUCHGFX.4.20.0
2024-05-02 17:53:44,880 [WARN] PackLoader:242 - Cannot read IP mode file for STMicroelectronics.X-CUBE-MEMS1.9.5.0
2024-05-02 17:53:45,030 [WARN] PackLoader:242 - Cannot read IP mode file for SEGGER.I-CUBE-embOS.1.3.1
2024-05-02 17:53:45,059 [WARN] PackLoader:242 - Cannot read IP mode file for STMicroelectronics.X-CUBE-GNSS1.6.0.0
2024-05-02 17:53:45,080 [WARN] PackLoader:242 - Cannot read IP mode file for STMicroelectronics.X-CUBE-AZRTOS-F4.1.1.0
2024-05-02 17:53:45,090 [WARN] PackLoader:242 - Cannot read IP mode file for STMicroelectronics.X-CUBE-FREERTOS.1.2.0
2024-05-02 17:53:45,100 [WARN] PackLoader:242 - Cannot read IP mode file for STMicroelectronics.X-CUBE-BLEMGR.1.2.0
2024-05-02 17:53:45,115 [WARN] PackLoader:242 - Cannot read IP mode file for STMicroelectronics.X-CUBE-AZRTOS-L5.2.0.0
2024-05-02 17:53:45,144 [WARN] PackLoader:242 - Cannot read IP mode file for STMicroelectronics.X-CUBE-MEMS1.9.6.0
2024-05-02 17:53:45,279 [WARN] PackLoader:242 - Cannot read IP mode file for STMicroelectronics.X-CUBE-EEPRMA1.4.2.0
2024-05-02 17:53:45,290 [WARN] PackLoader:242 - Cannot read IP mode file for STMicroelectronics.X-CUBE-NFC6.3.1.0
2024-05-02 17:53:45,300 [WARN] PackLoader:242 - Cannot read IP mode file for ITTIA_DB.I-CUBE-ITTIADB.8.8.0
2024-05-02 17:53:45,310 [WARN] PackLoader:242 - Cannot read IP mode file for STMicroelectronics.X-CUBE-BLEMGR.2.0.0
2024-05-02 17:53:45,324 [WARN] PackLoader:242 - Cannot read IP mode file for STMicroelectronics.X-CUBE-NFC4.2.0.4
2024-05-02 17:53:45,334 [WARN] PackLoader:242 - Cannot read IP mode file for STMicroelectronics.X-CUBE-AI.9.0.0
2024-05-02 17:53:45,365 [WARN] ConditionMgr:437 - getConditionDescription Invalid condition id : UX DEVICE CLASS RTOS Condition cause : null
2024-05-02 17:53:45,365 [WARN] ConditionMgr:437 - getConditionDescription Invalid condition id : UX DEVICE CLASS RTOS Condition cause : null
2024-05-02 17:53:45,365 [WARN] PackLoader:242 - Cannot read IP mode file for STMicroelectronics.X-CUBE-AZRTOS-H7.3.1.0
2024-05-02 17:53:45,365 [WARN] ConditionMgr:1038 - genDependencies : Invalid condition id : UX DEVICE CLASS RTOS Condition cause : null
2024-05-02 17:53:45,365 [WARN] ConditionMgr:1038 - genDependencies : Invalid condition id : UX DEVICE CLASS RTOS Condition cause : null
2024-05-02 17:53:45,365 [WARN] ConditionMgr:1038 - genDependencies : Invalid condition id : UX DEVICE CLASS RTOS Condition cause : null
2024-05-02 17:53:45,365 [WARN] ConditionMgr:1038 - genDependencies : Invalid condition id : UX DEVICE CLASS RTOS Condition cause : null
2024-05-02 17:53:45,365 [WARN] ConditionMgr:1038 - genDependencies : Invalid condition id : UX DEVICE CLASS RTOS Condition cause : null
2024-05-02 17:53:45,380 [WARN] PackLoader:242 - Cannot read IP mode file for wolfSSL.I-CUBE-wolfSSL.5.5.0
2024-05-02 17:53:45,385 [WARN] PackLoader:242 - Cannot read IP mode file for STMicroelectronics.X-CUBE-NFC7.1.0.1
2024-05-02 17:53:45,400 [WARN] PackLoader:242 - Cannot read IP mode file for STMicroelectronics.X-CUBE-NFC7.1.0.0
2024-05-02 17:53:45,410 [WARN] PackLoader:242 - Cannot read IP mode file for STMicroelectronics.X-CUBE-NFC6.3.0.0
2024-05-02 17:53:45,430 [WARN] PackLoader:242 - Cannot read IP mode file for STMicroelectronics.X-CUBE-EEPRMA1.4.1.0
2024-05-02 17:53:45,439 [WARN] PackLoader:242 - Cannot read IP mode file for STMicroelectronics.X-CUBE-AI.8.1.0
2024-05-02 17:53:45,454 [WARN] ConditionMgr:437 - getConditionDescription Invalid condition id : LAN8742 Phy interface Condition cause : null
2024-05-02 17:53:45,454 [WARN] PackLoader:242 - Cannot read IP mode file for STMicroelectronics.X-CUBE-AZRTOS-L4.2.0.0
2024-05-02 17:53:45,459 [WARN] ConditionMgr:1038 - genDependencies : Invalid condition id : LAN8742 Phy interface Condition cause : null
2024-05-02 17:53:45,459 [WARN] ConditionMgr:1038 - genDependencies : Invalid condition id : LAN8742 Phy interface Condition cause : null
2024-05-02 17:53:45,459 [WARN] ConditionMgr:1038 - genDependencies : Invalid condition id : LAN8742 Phy interface Condition cause : null
2024-05-02 17:53:45,464 [WARN] PackLoader:242 - Cannot read IP mode file for STMicroelectronics.X-CUBE-SFXS2LP1.4.0.0
2024-05-02 17:53:45,486 [WARN] PackLoader:242 - Cannot read IP mode file for STMicroelectronics.X-CUBE-AZRTOS-H7.3.0.0
2024-05-02 17:53:45,494 [WARN] PackLoader:242 - Cannot read IP mode file for STMicroelectronics.X-CUBE-ISPU.1.1.0
2024-05-02 17:53:45,502 [WARN] PackLoader:242 - Cannot read IP mode file for RoweBots.I-CUBE-UNISONRTOS.5.5.0-4
2024-05-02 17:53:45,515 [WARN] PackLoader:242 - Cannot read IP mode file for STMicroelectronics.X-CUBE-AI.8.0.0
2024-05-02 17:53:45,534 [WARN] ConditionMgr:437 - getConditionDescription Invalid condition id : UX DEVICE CLASS RTOS Condition cause : null
2024-05-02 17:53:45,534 [WARN] ConditionMgr:437 - getConditionDescription Invalid condition id : UX DEVICE CLASS RTOS Condition cause : null
2024-05-02 17:53:45,534 [WARN] PackLoader:242 - Cannot read IP mode file for STMicroelectronics.X-CUBE-AZRTOS-WB.2.0.0
2024-05-02 17:53:45,534 [WARN] ConditionMgr:1038 - genDependencies : Invalid condition id : UX DEVICE CLASS RTOS Condition cause : null
2024-05-02 17:53:45,534 [WARN] ConditionMgr:1038 - genDependencies : Invalid condition id : UX DEVICE CLASS RTOS Condition cause : null
2024-05-02 17:53:45,534 [WARN] ConditionMgr:1038 - genDependencies : Invalid condition id : UX DEVICE CLASS RTOS Condition cause : null
2024-05-02 17:53:45,534 [WARN] ConditionMgr:1038 - genDependencies : Invalid condition id : UX DEVICE CLASS RTOS Condition cause : null
2024-05-02 17:53:45,534 [WARN] ConditionMgr:1038 - genDependencies : Invalid condition id : UX DEVICE CLASS RTOS Condition cause : null
2024-05-02 17:53:45,545 [WARN] PackLoader:242 - Cannot read IP mode file for STMicroelectronics.X-CUBE-FREERTOS.1.0.0
2024-05-02 17:53:45,550 [WARN] PackLoader:242 - Cannot read IP mode file for STMicroelectronics.X-CUBE-FREERTOS.1.0.1
2024-05-02 17:53:45,560 [WARN] PackLoader:242 - Cannot read IP mode file for STMicroelectronics.X-CUBE-BLEMGR.1.0.0
2024-05-02 17:53:45,580 [WARN] PackLoader:242 - Cannot read IP mode file for STMicroelectronics.X-CUBE-AZRTOS-L5.1.1.0
2024-05-02 17:53:45,582 [WARN] PackLoader:242 - Cannot read IP mode file for STMicroelectronics.X-CUBE-AI.8.0.1
2024-05-02 17:53:45,595 [WARN] PackLoader:242 - Cannot read IP mode file for STMicroelectronics.X-CUBE-SUBG2.5.0.0
2024-05-02 17:53:45,614 [WARN] PackLoader:242 - Cannot read IP mode file for STMicroelectronics.X-CUBE-TOF1.3.3.1
2024-05-02 17:53:45,659 [WARN] PackLoader:242 - Cannot read IP mode file for STMicroelectronics.X-CUBE-AZRTOS-G4.2.0.0
2024-05-02 17:53:45,680 [WARN] PackLoader:242 - Cannot read IP mode file for STMicroelectronics.X-CUBE-TOF1.3.3.0
2024-05-02 17:53:45,690 [WARN] PackLoader:242 - Cannot read IP mode file for STMicroelectronics.FP-ATR-ASTRA1.1.1.1
2024-05-02 17:53:45,700 [WARN] PackLoader:242 - Cannot read IP mode file for Infineon.AIROC-Wi-Fi-Bluetooth-STM32.1.5.1
2024-05-02 17:53:45,710 [WARN] PackLoader:242 - Cannot read IP mode file for STMicroelectronics.FP-SNS-MOTENVWB1.1.3.1
2024-05-02 17:53:45,720 [WARN] PackLoader:242 - Cannot read IP mode file for STMicroelectronics.X-CUBE-AZRTOS-G4.1.0.0
2024-05-02 17:53:45,735 [WARN] PackLoader:242 - Cannot read IP mode file for STMicroelectronics.X-CUBE-AZRTOS-L4.1.0.0
2024-05-02 17:53:45,742 [WARN] PackLoader:242 - Cannot read IP mode file for STMicroelectronics.X-CUBE-ISPU.2.0.0
2024-05-02 17:53:45,769 [WARN] PackLoader:242 - Cannot read IP mode file for STMicroelectronics.X-CUBE-MEMS1.10.0.0
2024-05-02 17:53:45,822 [WARN] PackLoader:242 - Cannot read IP mode file for STMicroelectronics.X-CUBE-FREERTOS.1.1.0
2024-05-02 17:53:45,838 [WARN] PackLoader:242 - Cannot read IP mode file for STMicroelectronics.X-CUBE-AZRTOS-WL.1.0.0
2024-05-02 17:53:45,845 [WARN] PackLoader:242 - Cannot read IP mode file for portGmbH.I-Cube-SoM-uGOAL.1.1.0
2024-05-02 17:53:45,850 [WARN] PackLoader:242 - Cannot read IP mode file for STMicroelectronics.X-CUBE-ALS.1.0.1
2024-05-02 17:53:45,860 [WARN] PackLoader:242 - Cannot read IP mode file for STMicroelectronics.X-CUBE-AZRTOS-WB.1.1.0
2024-05-02 17:53:45,871 [WARN] PackLoader:242 - Cannot read IP mode file for STMicroelectronics.X-CUBE-AZRTOS-L5.1.0.0
2024-05-02 17:53:45,880 [WARN] PackLoader:242 - Cannot read IP mode file for STMicroelectronics.X-CUBE-EEPRMA1.3.1.1
2024-05-02 17:53:45,905 [WARN] PackLoader:242 - Cannot read IP mode file for STMicroelectronics.X-CUBE-AZRTOS-H7RS.1.0.0
2024-05-02 17:53:45,922 [WARN] PackLoader:242 - Cannot read IP mode file for STMicroelectronics.FP-ATR-ASTRA1.2.0.0
2024-05-02 17:53:45,943 [WARN] PackLoader:242 - Cannot read IP mode file for STMicroelectronics.X-CUBE-TOF1.3.4.0
2024-05-02 17:53:45,960 [WARN] PackLoader:242 - Cannot read IP mode file for STMicroelectronics.X-CUBE-TOF1.3.4.1
2024-05-02 17:53:45,975 [WARN] PackLoader:242 - Cannot read IP mode file for STMicroelectronics.X-CUBE-AZRTOS-H7.3.2.0
2024-05-02 17:53:45,975 [INFO] ThirdParty:929 - Integrity check success = true
2024-05-02 17:53:45,975 [INFO] IntegrityCheckThread:98 - exiting critical section [integrity check]
2024-05-02 17:53:45,975 [INFO] IntegrityCheckThread:101 - End integrity checks thread
2024-05-02 17:53:45,975 [INFO] ThirdParty:829 - entering critical section [close project]
2024-05-02 17:53:45,980 [INFO] ThirdParty:839 - exiting critical section [close project]
2024-05-02 17:53:45,982 [INFO] PinOutPanel:1468 - setPackage(No Configuration,No Configuration)
2024-05-02 17:53:45,982 [INFO] UtilMem:74 - Begin LoadConfig() Used Memory: 190189816 Bytes (268435456)
2024-05-02 17:53:45,982 [INFO] MicroXplorer:451 - Change Database Path : 
2024-05-02 17:53:45,982 [INFO] MicroXplorer:481 - Change Database Version : DB.6.0.60
2024-05-02 17:53:45,982 [INFO] OpenFileManager:307 - Change cursor
2024-05-02 17:53:46,010 [INFO] Mcu:1922 - Initializing MCU STM32G474R(B-C-E)Tx STM32G474RETx STM32G474RET3
2024-05-02 17:53:48,875 [INFO] Context:654 - Trying to add GPIOservice into a context  which must be forbidden
2024-05-02 17:53:50,265 [WARN] ApiManager:308 - Cannot register API 'Board Extension:GNSS1A1' from pack STMicroelectronics.X-CUBE-GNSS1.6.0.0: no header file found
2024-05-02 17:53:50,265 [WARN] ApiManager:308 - Cannot register API 'Board Support:Custom' from pack STMicroelectronics.X-CUBE-GNSS1.6.0.0: no header file found
2024-05-02 17:53:50,265 [WARN] ApiManager:308 - Cannot register API 'Data Exchange:lib_gnss' from pack STMicroelectronics.X-CUBE-GNSS1.6.0.0: no header file found
2024-05-02 17:53:50,374 [WARN] ApiManager:308 - Cannot register API 'Board Extension:IKS01A3' from pack STMicroelectronics.X-CUBE-MEMS1.9.6.0: no header file found
2024-05-02 17:53:50,379 [WARN] ApiManager:308 - Cannot register API 'Board Extension:IKS01A2' from pack STMicroelectronics.X-CUBE-MEMS1.9.6.0: no header file found
2024-05-02 17:53:50,379 [WARN] ApiManager:308 - Cannot register API 'Board Extension:IKS02A1' from pack STMicroelectronics.X-CUBE-MEMS1.9.6.0: no header file found
2024-05-02 17:53:50,385 [WARN] ApiManager:308 - Cannot register API 'Board Extension:EEPRMA2' from pack STMicroelectronics.X-CUBE-EEPRMA1.4.2.0: no header file found
2024-05-02 17:53:50,385 [WARN] ApiManager:308 - Cannot register API 'Board Extension:PGEEZ1' from pack STMicroelectronics.X-CUBE-EEPRMA1.4.2.0: no header file found
2024-05-02 17:53:50,385 [WARN] ApiManager:308 - Cannot register API 'Board Part:M24' from pack STMicroelectronics.X-CUBE-EEPRMA1.4.2.0: no header file found
2024-05-02 17:53:50,385 [WARN] ApiManager:308 - Cannot register API 'Board Part:M95' from pack STMicroelectronics.X-CUBE-EEPRMA1.4.2.0: no header file found
2024-05-02 17:53:50,385 [WARN] ApiManager:308 - Cannot register API 'Board Part:M95P32' from pack STMicroelectronics.X-CUBE-EEPRMA1.4.2.0: no header file found
2024-05-02 17:53:50,385 [WARN] ApiManager:308 - Cannot register API 'PGEEZ1:SPI' from pack STMicroelectronics.X-CUBE-EEPRMA1.4.2.0: no header file found
2024-05-02 17:53:50,385 [WARN] ApiManager:308 - Cannot register API 'PGEEZ1:QDSPI' from pack STMicroelectronics.X-CUBE-EEPRMA1.4.2.0: no header file found
2024-05-02 17:53:50,389 [WARN] ApiManager:308 - Cannot register API 'Board Extension:NFC06A1' from pack STMicroelectronics.X-CUBE-NFC6.3.1.0: no header file found
2024-05-02 17:53:50,389 [WARN] ApiManager:308 - Cannot register API 'Board Extension:NFC08A1' from pack STMicroelectronics.X-CUBE-NFC6.3.1.0: no header file found
2024-05-02 17:53:50,389 [WARN] ApiManager:308 - Cannot register API 'Wireless:BlueNRG-MS' from pack STMicroelectronics.X-CUBE-BLE1.6.2.3: no header file found
2024-05-02 17:53:50,389 [WARN] ApiManager:308 - Cannot register API 'Wireless:BlueNRG-MS' from pack STMicroelectronics.X-CUBE-BLE1.6.2.4: no header file found
2024-05-02 17:53:50,401 [INFO] RtosManager:488 - Registered RTOS mode: class=CMSIS, group=RTOS, mode=CMSIS_V1, owner=FREERTOS
2024-05-02 17:53:50,401 [INFO] RtosManager:488 - Registered RTOS mode: class=CMSIS, group=RTOS2, mode=CMSIS_V2, owner=FREERTOS
2024-05-02 17:53:50,401 [INFO] RtosManager:488 - Registered RTOS mode: class=RTOS, group=Core, mode=CMSIS_V1, owner=FREERTOS
2024-05-02 17:53:50,401 [INFO] RtosManager:488 - Registered RTOS mode: class=RTOS, group=Core, mode=CMSIS_V2, owner=FREERTOS
2024-05-02 17:53:50,401 [WARN] ModelIntegratedComponent:185 - Missing modes for component STMicroelectronics:FreeRTOS:0.0.1:STMicroelectronics:RTOS:FreeRTOS:Core:::10.2.0:
2024-05-02 17:53:50,405 [WARN] ApiManager:308 - Cannot register API 'Board Extension:NFC04A1' from pack STMicroelectronics.X-CUBE-NFC4.2.0.4: no header file found
2024-05-02 17:53:50,410 [WARN] ApiManager:308 - Cannot register API 'Wireless:BlueNRG-MS' from pack STMicroelectronics.X-CUBE-BLE1.7.0.0: no header file found
2024-05-02 17:53:50,410 [WARN] ModelIntegratedComponent:64 - No mode defined for component null
2024-05-02 17:53:50,410 [WARN] ModelIntegratedComponent:64 - No mode defined for component null
2024-05-02 17:53:50,410 [WARN] ModelIntegratedComponent:64 - No mode defined for component null
2024-05-02 17:53:50,410 [WARN] ModelIntegratedComponent:64 - No mode defined for component null
2024-05-02 17:53:50,410 [WARN] ModelIntegratedComponent:64 - No mode defined for component null
2024-05-02 17:53:50,410 [WARN] ModelIntegratedComponent:64 - No mode defined for component null
2024-05-02 17:53:50,410 [WARN] ModelIntegratedComponent:64 - No mode defined for component null
2024-05-02 17:53:50,410 [WARN] ModelIntegratedComponent:64 - No mode defined for component null
2024-05-02 17:53:50,410 [WARN] ModelIntegratedComponent:64 - No mode defined for component null
2024-05-02 17:53:50,410 [WARN] ModelIntegratedComponent:64 - No mode defined for component null
2024-05-02 17:53:50,410 [WARN] ModelIntegratedComponent:64 - No mode defined for component null
2024-05-02 17:53:50,415 [WARN] ModelIntegratedComponent:64 - No mode defined for component null
2024-05-02 17:53:50,415 [WARN] ModelIntegratedComponent:64 - No mode defined for component null
2024-05-02 17:53:50,415 [WARN] ModelIntegratedComponent:64 - No mode defined for component null
2024-05-02 17:53:50,415 [WARN] ModelIntegratedComponent:64 - No mode defined for component null
2024-05-02 17:53:50,415 [WARN] ModelIntegratedComponent:64 - No mode defined for component null
2024-05-02 17:53:50,415 [WARN] ModelIntegratedComponent:64 - No mode defined for component null
2024-05-02 17:53:50,415 [WARN] ModelIntegratedComponent:64 - No mode defined for component null
2024-05-02 17:53:50,417 [WARN] ModelIntegratedComponent:64 - No mode defined for component null
2024-05-02 17:53:50,417 [WARN] ModelIntegratedComponent:64 - No mode defined for component null
2024-05-02 17:53:50,417 [WARN] ModelIntegratedComponent:64 - No mode defined for component null
2024-05-02 17:53:50,417 [WARN] ModelIntegratedComponent:64 - No mode defined for component null
2024-05-02 17:53:50,417 [WARN] ModelIntegratedComponent:64 - No mode defined for component null
2024-05-02 17:53:50,417 [WARN] ModelIntegratedComponent:64 - No mode defined for component null
2024-05-02 17:53:50,417 [WARN] ModelIntegratedComponent:64 - No mode defined for component null
2024-05-02 17:53:50,417 [WARN] ModelIntegratedComponent:64 - No mode defined for component null
2024-05-02 17:53:50,417 [WARN] ModelIntegratedComponent:64 - No mode defined for component null
2024-05-02 17:53:50,417 [WARN] ModelIntegratedComponent:64 - No mode defined for component null
2024-05-02 17:53:50,417 [WARN] ModelIntegratedComponent:64 - No mode defined for component null
2024-05-02 17:53:50,417 [WARN] ModelIntegratedComponent:64 - No mode defined for component null
2024-05-02 17:53:50,420 [WARN] ModelIntegratedComponent:64 - No mode defined for component null
2024-05-02 17:53:50,420 [WARN] ModelIntegratedComponent:64 - No mode defined for component null
2024-05-02 17:53:50,420 [WARN] ModelIntegratedComponent:64 - No mode defined for component null
2024-05-02 17:53:50,421 [WARN] ApiManager:308 - Cannot register API 'Board Extension:NFC07A1' from pack STMicroelectronics.X-CUBE-NFC7.1.0.1: no header file found
2024-05-02 17:53:50,421 [WARN] ApiManager:308 - Cannot register API 'Board Extension:NFC07A1' from pack STMicroelectronics.X-CUBE-NFC7.1.0.0: no header file found
2024-05-02 17:53:50,421 [WARN] ApiManager:308 - Cannot register API 'Board Extension:NFC06A1' from pack STMicroelectronics.X-CUBE-NFC6.3.0.0: no header file found
2024-05-02 17:53:50,425 [WARN] ApiManager:308 - Cannot register API 'Board Extension:NFC08A1' from pack STMicroelectronics.X-CUBE-NFC6.3.0.0: no header file found
2024-05-02 17:53:50,454 [WARN] ApiManager:308 - Cannot register API 'Board Extension:IKS01A3' from pack STMicroelectronics.X-CUBE-MEMS1.9.3.0: no header file found
2024-05-02 17:53:50,454 [WARN] ApiManager:308 - Cannot register API 'Board Extension:IKS01A2' from pack STMicroelectronics.X-CUBE-MEMS1.9.3.0: no header file found
2024-05-02 17:53:50,454 [WARN] ApiManager:308 - Cannot register API 'Board Extension:IKS02A1' from pack STMicroelectronics.X-CUBE-MEMS1.9.3.0: no header file found
2024-05-02 17:53:50,459 [WARN] ApiManager:308 - Cannot register API 'Board Extension:EEPRMA1' from pack STMicroelectronics.X-CUBE-EEPRMA1.4.1.0: no header file found
2024-05-02 17:53:50,459 [WARN] ApiManager:308 - Cannot register API 'Board Extension:EEPRMA2' from pack STMicroelectronics.X-CUBE-EEPRMA1.4.1.0: no header file found
2024-05-02 17:53:50,459 [WARN] ApiManager:308 - Cannot register API 'Board Extension:PGEEZ1' from pack STMicroelectronics.X-CUBE-EEPRMA1.4.1.0: no header file found
2024-05-02 17:53:50,459 [WARN] ApiManager:308 - Cannot register API 'Board Part:M24' from pack STMicroelectronics.X-CUBE-EEPRMA1.4.1.0: no header file found
2024-05-02 17:53:50,459 [WARN] ApiManager:308 - Cannot register API 'Board Part:M95' from pack STMicroelectronics.X-CUBE-EEPRMA1.4.1.0: no header file found
2024-05-02 17:53:50,459 [WARN] ApiManager:308 - Cannot register API 'Board Part:M95P32' from pack STMicroelectronics.X-CUBE-EEPRMA1.4.1.0: no header file found
2024-05-02 17:53:50,459 [WARN] ApiManager:308 - Cannot register API 'PGEEZ1:SPI' from pack STMicroelectronics.X-CUBE-EEPRMA1.4.1.0: no header file found
2024-05-02 17:53:50,459 [WARN] ApiManager:308 - Cannot register API 'PGEEZ1:QDSPI' from pack STMicroelectronics.X-CUBE-EEPRMA1.4.1.0: no header file found
2024-05-02 17:53:50,464 [WARN] ApiManager:308 - Cannot register API 'Board Extension:S2868A1' from pack STMicroelectronics.X-CUBE-SFXS2LP1.4.0.0: no header file found
2024-05-02 17:53:50,464 [WARN] ApiManager:308 - Cannot register API 'Board Extension:S2868A2' from pack STMicroelectronics.X-CUBE-SFXS2LP1.4.0.0: no header file found
2024-05-02 17:53:50,464 [WARN] ApiManager:308 - Cannot register API 'Board Extension:S2915A1' from pack STMicroelectronics.X-CUBE-SFXS2LP1.4.0.0: no header file found
2024-05-02 17:53:50,464 [WARN] ApiManager:308 - Cannot register API 'Wireless:BlueNRG-2' from pack STMicroelectronics.X-CUBE-BLE2.3.3.0: no header file found
2024-05-02 17:53:50,512 [WARN] ApiManager:308 - Cannot register API 'Board Extension:IKS01A3' from pack STMicroelectronics.X-CUBE-MEMS1.9.4.0: no header file found
2024-05-02 17:53:50,512 [WARN] ApiManager:308 - Cannot register API 'Board Extension:IKS01A2' from pack STMicroelectronics.X-CUBE-MEMS1.9.4.0: no header file found
2024-05-02 17:53:50,512 [WARN] ApiManager:308 - Cannot register API 'Board Extension:IKS02A1' from pack STMicroelectronics.X-CUBE-MEMS1.9.4.0: no header file found
2024-05-02 17:53:50,521 [WARN] ApiManager:308 - Cannot register API 'Board Extension:STSAFEA1' from pack STMicroelectronics.X-CUBE-SAFEA1.1.2.2: no header file found
2024-05-02 17:53:50,521 [WARN] ApiManager:308 - Cannot register API 'Board Part:STSAFEA110' from pack STMicroelectronics.X-CUBE-SAFEA1.1.2.2: no header file found
2024-05-02 17:53:50,521 [WARN] ApiManager:308 - Cannot register API 'Security:ST_Cryptolib' from pack STMicroelectronics.X-CUBE-SAFEA1.1.2.2: no header file found
2024-05-02 17:53:50,521 [WARN] ApiManager:308 - Cannot register API 'Security:MbedTLS' from pack STMicroelectronics.X-CUBE-SAFEA1.1.2.2: no header file found
2024-05-02 17:53:50,521 [WARN] ApiManager:308 - Cannot register API 'Board Extension:NFC04A1' from pack STMicroelectronics.X-CUBE-NFC4.3.0.0: no header file found
2024-05-02 17:53:50,530 [WARN] ApiManager:308 - Cannot register API 'Board Extension:S2868A1' from pack STMicroelectronics.X-CUBE-SUBG2.5.0.0: no header file found
2024-05-02 17:53:50,530 [WARN] ApiManager:308 - Cannot register API 'Board Extension:S2868A2' from pack STMicroelectronics.X-CUBE-SUBG2.5.0.0: no header file found
2024-05-02 17:53:50,530 [WARN] ApiManager:308 - Cannot register API 'Board Extension:S2915A1' from pack STMicroelectronics.X-CUBE-SUBG2.5.0.0: no header file found
2024-05-02 17:53:50,535 [WARN] ApiManager:308 - Cannot register API 'Board Extension:EEPRMA2' from pack STMicroelectronics.X-CUBE-EEPRMA1.5.1.0: no header file found
2024-05-02 17:53:50,535 [WARN] ApiManager:308 - Cannot register API 'Board Extension:PGEEZ1' from pack STMicroelectronics.X-CUBE-EEPRMA1.5.1.0: no header file found
2024-05-02 17:53:50,535 [WARN] ApiManager:308 - Cannot register API 'Board Extension:EEICA1' from pack STMicroelectronics.X-CUBE-EEPRMA1.5.1.0: no header file found
2024-05-02 17:53:50,535 [WARN] ApiManager:308 - Cannot register API 'Board Part:M24' from pack STMicroelectronics.X-CUBE-EEPRMA1.5.1.0: no header file found
2024-05-02 17:53:50,535 [WARN] ApiManager:308 - Cannot register API 'Board Part:M95' from pack STMicroelectronics.X-CUBE-EEPRMA1.5.1.0: no header file found
2024-05-02 17:53:50,535 [WARN] ApiManager:308 - Cannot register API 'Board Part:M95P32' from pack STMicroelectronics.X-CUBE-EEPRMA1.5.1.0: no header file found
2024-05-02 17:53:50,535 [WARN] ApiManager:308 - Cannot register API 'Board Part:M24256E-F' from pack STMicroelectronics.X-CUBE-EEPRMA1.5.1.0: no header file found
2024-05-02 17:53:50,535 [WARN] ApiManager:308 - Cannot register API 'Board Part:M24M01E-F' from pack STMicroelectronics.X-CUBE-EEPRMA1.5.1.0: no header file found
2024-05-02 17:53:50,535 [WARN] ApiManager:308 - Cannot register API 'PGEEZ1:SPI' from pack STMicroelectronics.X-CUBE-EEPRMA1.5.1.0: no header file found
2024-05-02 17:53:50,535 [WARN] ApiManager:308 - Cannot register API 'PGEEZ1:QDSPI' from pack STMicroelectronics.X-CUBE-EEPRMA1.5.1.0: no header file found
2024-05-02 17:53:50,570 [WARN] ApiManager:308 - Cannot register API 'Board Extension:IKS01A3' from pack STMicroelectronics.X-CUBE-MEMS1.10.0.0: no header file found
2024-05-02 17:53:50,570 [WARN] ApiManager:308 - Cannot register API 'Board Extension:IKS02A1' from pack STMicroelectronics.X-CUBE-MEMS1.10.0.0: no header file found
2024-05-02 17:53:50,570 [WARN] ApiManager:308 - Cannot register API 'Board Extension:IKS4A1' from pack STMicroelectronics.X-CUBE-MEMS1.10.0.0: no header file found
2024-05-02 17:53:50,630 [WARN] ApiManager:308 - Cannot register API 'Board Extension:IKS01A3' from pack STMicroelectronics.X-CUBE-MEMS1.9.5.0: no header file found
2024-05-02 17:53:50,630 [WARN] ApiManager:308 - Cannot register API 'Board Extension:IKS01A2' from pack STMicroelectronics.X-CUBE-MEMS1.9.5.0: no header file found
2024-05-02 17:53:50,630 [WARN] ApiManager:308 - Cannot register API 'Board Extension:IKS02A1' from pack STMicroelectronics.X-CUBE-MEMS1.9.5.0: no header file found
2024-05-02 17:53:50,635 [WARN] ApiManager:308 - Cannot register API 'Board Extension:EEPRMA1' from pack STMicroelectronics.X-CUBE-EEPRMA1.3.1.1: no header file found
2024-05-02 17:53:50,635 [WARN] ApiManager:308 - Cannot register API 'Board Extension:EEPRMA2' from pack STMicroelectronics.X-CUBE-EEPRMA1.3.1.1: no header file found
2024-05-02 17:53:50,660 [INFO] ThirdPartyModel:289 - Start build external matchings
2024-05-02 17:53:51,854 [INFO] ThirdPartyModel:302 - End build external matchings
2024-05-02 17:53:51,889 [INFO] ImportTextPane:193 - (OptionalMessage_ERROR) IP (ADC1) : Parameter (CommonPathInternal) has invalid value (null|null|null|null)
2024-05-02 17:53:52,365 [INFO] UtilMem:74 - End LoadConfig() Used Memory: 340813648 Bytes (469762048)
2024-05-02 17:53:52,525 [INFO] ApiDb:576 - Connected to CubeFinder SQLite database (C:\Users\saksh\.stmcufinder\plugins\mcufinder\mcu\cube-finder-db.db)
2024-05-02 17:53:52,588 [INFO] ApiDb:663 - CubeFinder database Data Model version=2.1
2024-05-02 17:53:52,588 [INFO] ApiDb:664 - CubeFinder database Configuration version=3.0.39
2024-05-02 17:53:52,588 [INFO] ApiDb:665 - CubeFinder database generation date=2024-03-25 (1711369621)
2024-05-02 17:53:52,588 [INFO] ApiDb:666 - CubeFinder database FW Pack versions=[FP-ATR-ASTRA1_V2.0.0, FP-SNS-FLIGHT1_V5.0.1, FP-SNS-FLIGHT1_V5.0.2, FP-SNS-MOTENV1_V4.3.1, FP-SNS-MOTENV1_V4.3.2, FP-SNS-MOTENVWB1_V1.3.1, FP-SNS-SMARTAG2_V1.2.0, STM32Cube_FW_C0_V1.1.0, STM32Cube_FW_F4_V1.28.0, STM32Cube_FW_F7_V1.17.0, STM32Cube_FW_G0_V1.6.2, STM32Cube_FW_G4_V1.5.2, STM32Cube_FW_H5_V0.5.1, STM32Cube_FW_H5_V1.1.1, STM32Cube_FW_H5_V1.2.0, STM32Cube_FW_H5_V1.2.0RC4, STM32Cube_FW_H7RS_V1.0.0, STM32Cube_FW_H7RS_V1.0.0RC4, STM32Cube_FW_H7_V1.11.0, STM32Cube_FW_L0_V1.12.2, STM32Cube_FW_L5_V1.5.1, STM32Cube_FW_U0_V1.0.0, STM32Cube_FW_U0_V1.0.0RC1, STM32Cube_FW_U5_V1.3.0RC4, STM32Cube_FW_U5_V1.5.0, STM32Cube_FW_U5_V1.5.0RC1, STM32Cube_FW_WBA_V1.0.0RC1, STM32Cube_FW_WBA_V1.2.0, STM32Cube_FW_WBA_V1.2.0RC2, STM32Cube_FW_WBA_V1.3.0, STM32Cube_FW_WBA_V1.3.0RC1, STM32Cube_FW_WB_V1.15.0RC1, STM32Cube_FW_WB_V1.16.0, STM32Cube_FW_WB_V1.16.0RC2, STM32Cube_FW_WB_V1.18.0, STM32Cube_FW_WB_V1.19.0, STM32Cube_FW_WL_V1.3.0, X-CUBE-ALGOBUILD_V1.3.0, X-CUBE-ALS_V1.0.1, X-CUBE-AZRTOS-F4_V1.1.0, X-CUBE-AZRTOS-F7_V1.1.0, X-CUBE-AZRTOS-G0_V1.1.0, X-CUBE-AZRTOS-G4_V2.0.0, X-CUBE-AZRTOS-H7_V3.2.0, X-CUBE-AZRTOS-L4_V1.0.0, X-CUBE-AZRTOS-L4_V2.0.0, X-CUBE-AZRTOS-L5_V1.1.0, X-CUBE-AZRTOS-WB_V2.0.0, X-CUBE-AZRTOS-WL_V2.0.0, X-CUBE-BLE1_V7.0.0, X-CUBE-BLE2_V3.3.0, X-CUBE-BLEMGR_V3.1.0, X-CUBE-EEPRMA1_V4.1.0, X-CUBE-EEPRMA1_V5.1.0, X-CUBE-FREERTOS_V1.1.0, X-CUBE-GNSS1_V6.0.0, X-CUBE-MEMS1_V10.0.0, X-CUBE-MEMS1_V9.1.0, X-CUBE-MEMS1_V9.4.0, X-CUBE-MEMS1_V9.6.0, X-CUBE-NFC4_V3.0.0, X-CUBE-NFC7_V1.0.1, X-CUBE-SFXS2LP1_V4.0.0, X-CUBE-SUBG2_V5.0.0, X-CUBE-TOF1_V3.4.0]
2024-05-02 17:53:54,319 [INFO] ApiDb:239 - Found 138 in-development CPN: [B-WB1M-WPAN1, NUCLEO-C031C6, STEVAL-STWINBX1, STM320518-EVAL, STM32C0116-DK, STM32C011D6Y3TR, STM32C011D6Y6TR, STM32C011F4P3, STM32C011F4P6, STM32C011F4U3, STM32C011F4U6TR, STM32C011F6P3, STM32C011F6P6, STM32C011F6U3, STM32C011F6U6TR, STM32C011J4M3, STM32C011J4M6, STM32C011J6M3, STM32C011J6M6, STM32C0316-DK, STM32C031C4T3, STM32C031C4T6, STM32C031C4U3, STM32C031C4U6, STM32C031C6T3, STM32C031C6T6, STM32C031C6U3, STM32C031C6U6, STM32C031F4P3, STM32C031F4P6, STM32C031F6P3, STM32C031F6P6, STM32C031G4U3, STM32C031G4U6, STM32C031G6U3, STM32C031G6U6, STM32C031K4T3, STM32C031K4T6, STM32C031K4U3, STM32C031K4U6, STM32C031K6T3, STM32C031K6T6, STM32C031K6U3, STM32C031K6U6, STM32G071K8TXN, STM32G071K8UXN, STM32G081GBU6N, STM32G081KBT6N, STM32G081KBUXN, STM32G0B1CCT6N, STM32G0B1KCT6, STM32G0B1NEY6TR, STM32G0B1RCT6N, STM32G0C1CCT6, STM32G0C1CCT6N, STM32G0C1CCU6N, STM32G0C1CET6N, STM32G0C1CEU6N, STM32G0C1KCT6, STM32G0C1NEY6TR, STM32G0C1RCI6N, STM32G0C1RCT6N, STM32G0C1REI6N, STM32G0C1RET6N, STM32G0C1VCI6, STM32G0C1VEI6, STM32G471CCT6, STM32G471CCU6, STM32G471CET3, STM32G471CET6, STM32G471CEU3, STM32G471CEU6, STM32G471MCT6, STM32G471MET3, STM32G471MET6, STM32G471MEY6TR, STM32G471QCT6, STM32G471QET3, STM32G471RCT6, STM32G471RET3, STM32G471RET6, STM32G471VCH6, STM32G471VCI6, STM32G471VCT6, STM32G471VEH3, STM32G471VEH6, STM32G471VEI3, STM32G471VEI6, STM32G471VET3, STM32G471VET6, STM32G474CCT6, STM32L476VGY6PTR, STM32L4R5QGI6STR, STM32MP131AAE3, STM32MP131AAF3, STM32MP131AAG3, STM32MP131CAE3, STM32MP131CAF3, STM32MP131CAG3, STM32MP131DAE7, STM32MP131DAF7, STM32MP131DAG7, STM32MP131FAE7, STM32MP131FAF7, STM32MP131FAG7, STM32MP133AAE3, STM32MP133AAF3, STM32MP133AAG3, STM32MP133CAE3, STM32MP133CAF3, STM32MP133CAG3, STM32MP133DAE7, STM32MP133DAF7, STM32MP133DAG7, STM32MP133FAE7, STM32MP133FAF7, STM32MP133FAG7, STM32MP135AAE3, STM32MP135AAF3, STM32MP135AAG3, STM32MP135CAE3, STM32MP135CAF3, STM32MP135CAG3, STM32MP135DAE7, STM32MP135DAF7, STM32MP135DAG7, STM32MP135F-DK, STM32MP135FAE7, STM32MP135FAF7, STM32MP135FAG7, STM32U595ZJT6Q, STM32U599BJY6QTR, STM32U599NIH6Q, STM32U599NJH6Q, STM32U5A5ZJT6Q, STM32U5A9BJY6QTR, STM32U5A9NJH6Q, STM32WB1MMCH6]
2024-05-02 17:53:54,324 [INFO] DbMcus:215 - Found 4040 MCUs, 4040 are supported
2024-05-02 17:53:54,329 [INFO] ApiDb:418 - Load user favorites file C:\Users\saksh/.stm32cubeide/favorites.mcus.txt: 1 item(s)
2024-05-02 17:53:54,329 [INFO] ApiDb:422 - User favorites MCUs=[STM32F103C8T6]
2024-05-02 17:53:54,329 [INFO] DbMcus:221 - Set 1 / 1 favorites MCUs
2024-05-02 17:53:54,425 [WARN] ThirdParty:789 - waiting for thirdparty lock release [change project]
2024-05-02 17:53:54,425 [INFO] ThirdParty:791 - entering critical section [change project]
2024-05-02 17:53:54,425 [INFO] ThirdParty:981 - CMSIS Pack Vendor :STMicroelectronics X-CUBE-GNSS1 6.0.0
2024-05-02 17:53:54,425 [INFO] ThirdParty:981 - CMSIS Pack Vendor :STMicroelectronics USB_HOST 2.0.0
2024-05-02 17:53:54,425 [INFO] ThirdParty:981 - CMSIS Pack Vendor :STMicroelectronics FP-SNS-MOTENVWB1 1.4.0
2024-05-02 17:53:54,425 [INFO] ThirdParty:981 - CMSIS Pack Vendor :STMicroelectronics X-CUBE-AZRTOS-F4 1.1.0
2024-05-02 17:53:54,425 [INFO] ThirdParty:981 - CMSIS Pack Vendor :STMicroelectronics LIBJPEG 8.0.0
2024-05-02 17:53:54,425 [INFO] ThirdParty:981 - CMSIS Pack Vendor :STMicroelectronics X-CUBE-SMBUS 2.1.0
2024-05-02 17:53:54,425 [INFO] ThirdParty:981 - CMSIS Pack Vendor :STMicroelectronics X-CUBE-FREERTOS 1.2.0
2024-05-02 17:53:54,425 [INFO] ThirdParty:981 - CMSIS Pack Vendor :STMicroelectronics X-CUBE-TOUCHGFX 4.23.1
2024-05-02 17:53:54,425 [INFO] ThirdParty:981 - CMSIS Pack Vendor :STMicroelectronics X-CUBE-TOUCHGFX 4.23.0
2024-05-02 17:53:54,425 [INFO] ThirdParty:981 - CMSIS Pack Vendor :STMicroelectronics X-CUBE-BLEMGR 1.2.0
2024-05-02 17:53:54,425 [INFO] ThirdParty:981 - CMSIS Pack Vendor :STMicroelectronics X-CUBE-TOUCHGFX 4.23.2
2024-05-02 17:53:54,425 [INFO] ThirdParty:981 - CMSIS Pack Vendor :STMicroelectronics X-CUBE-AZRTOS-F7 1.1.0
2024-05-02 17:53:54,425 [INFO] ThirdParty:981 - CMSIS Pack Vendor :STMicroelectronics X-CUBE-AZRTOS-L5 2.0.0
2024-05-02 17:53:54,425 [INFO] ThirdParty:981 - CMSIS Pack Vendor :STMicroelectronics USB_DEVICE 2.0.0
2024-05-02 17:53:54,425 [INFO] ThirdParty:981 - CMSIS Pack Vendor :STMicroelectronics X-CUBE-MEMS1 9.6.0
2024-05-02 17:53:54,425 [INFO] ThirdParty:981 - CMSIS Pack Vendor :STMicroelectronics X-CUBE-EEPRMA1 4.2.0
2024-05-02 17:53:54,425 [INFO] ThirdParty:981 - CMSIS Pack Vendor :STMicroelectronics X-CUBE-NFC6 3.1.0
2024-05-02 17:53:54,425 [INFO] ThirdParty:981 - CMSIS Pack Vendor :ITTIA_DB I-CUBE-ITTIADB 8.8.0
2024-05-02 17:53:54,425 [INFO] ThirdParty:981 - CMSIS Pack Vendor :STMicroelectronics FP-SNS-MOTENV1 4.3.0
2024-05-02 17:53:54,425 [INFO] ThirdParty:981 - CMSIS Pack Vendor :STMicroelectronics FP-SNS-MOTENV1 4.3.2
2024-05-02 17:53:54,425 [INFO] ThirdParty:981 - CMSIS Pack Vendor :STMicroelectronics FP-SNS-FLIGHT1 5.0.0
2024-05-02 17:53:54,425 [INFO] ThirdParty:981 - CMSIS Pack Vendor :STMicroelectronics FP-SNS-MOTENV1 4.3.1
2024-05-02 17:53:54,425 [INFO] ThirdParty:981 - CMSIS Pack Vendor :STMicroelectronics FP-SNS-FLIGHT1 5.0.1
2024-05-02 17:53:54,425 [INFO] ThirdParty:981 - CMSIS Pack Vendor :STMicroelectronics X-CUBE-BLE1 6.2.3
2024-05-02 17:53:54,425 [INFO] ThirdParty:981 - CMSIS Pack Vendor :STMicroelectronics X-CUBE-BLE1 6.2.4
2024-05-02 17:53:54,425 [INFO] ThirdParty:981 - CMSIS Pack Vendor :STMicroelectronics FreeRTOS 0.0.1
2024-05-02 17:53:54,425 [INFO] ThirdParty:981 - CMSIS Pack Vendor :STMicroelectronics X-CUBE-BLEMGR 2.0.0
2024-05-02 17:53:54,425 [INFO] ThirdParty:981 - CMSIS Pack Vendor :STMicroelectronics FP-SNS-FLIGHT1 5.0.2
2024-05-02 17:53:54,425 [INFO] ThirdParty:981 - CMSIS Pack Vendor :STMicroelectronics X-CUBE-NFC4 2.0.4
2024-05-02 17:53:54,425 [INFO] ThirdParty:981 - CMSIS Pack Vendor :STMicroelectronics X-CUBE-AI 9.0.0
2024-05-02 17:53:54,425 [INFO] ThirdParty:981 - CMSIS Pack Vendor :STMicroelectronics X-CUBE-AZRTOS-H7 3.1.0
2024-05-02 17:53:54,425 [INFO] ThirdParty:981 - CMSIS Pack Vendor :STMicroelectronics PDM2PCM 3.3.0
2024-05-02 17:53:54,425 [INFO] ThirdParty:981 - CMSIS Pack Vendor :STMicroelectronics X-CUBE-TOF1 3.1.0
2024-05-02 17:53:54,425 [INFO] ThirdParty:981 - CMSIS Pack Vendor :STMicroelectronics X-CUBE-DISPLAY 3.0.0
2024-05-02 17:53:54,425 [INFO] ThirdParty:981 - CMSIS Pack Vendor :STMicroelectronics X-CUBE-BLE1 7.0.0
2024-05-02 17:53:54,425 [INFO] ThirdParty:981 - CMSIS Pack Vendor :wolfSSL I-CUBE-wolfSSL 5.5.0
2024-05-02 17:53:54,425 [INFO] ThirdParty:981 - CMSIS Pack Vendor :STMicroelectronics HAL Drivers 0.0.0
2024-05-02 17:53:54,425 [INFO] ThirdParty:981 - CMSIS Pack Vendor :STMicroelectronics X-CUBE-TOUCHGFX 4.22.0
2024-05-02 17:53:54,425 [INFO] ThirdParty:981 - CMSIS Pack Vendor :STMicroelectronics X-CUBE-NFC7 1.0.1
2024-05-02 17:53:54,425 [INFO] ThirdParty:981 - CMSIS Pack Vendor :STMicroelectronics MBEDTLS 2.14.1
2024-05-02 17:53:54,425 [INFO] ThirdParty:981 - CMSIS Pack Vendor :STMicroelectronics X-CUBE-NFC7 1.0.0
2024-05-02 17:53:54,425 [INFO] ThirdParty:981 - CMSIS Pack Vendor :STMicroelectronics X-CUBE-NFC6 3.0.0
2024-05-02 17:53:54,425 [INFO] ThirdParty:981 - CMSIS Pack Vendor :STMicroelectronics X-CUBE-MEMS1 9.3.0
2024-05-02 17:53:54,425 [INFO] ThirdParty:981 - CMSIS Pack Vendor :STMicroelectronics X-CUBE-EEPRMA1 4.1.0
2024-05-02 17:53:54,425 [INFO] ThirdParty:981 - CMSIS Pack Vendor :STMicroelectronics X-CUBE-AI 7.2.0
2024-05-02 17:53:54,425 [INFO] ThirdParty:981 - CMSIS Pack Vendor :STMicroelectronics X-CUBE-BLEMGR 3.1.0
2024-05-02 17:53:54,425 [INFO] ThirdParty:981 - CMSIS Pack Vendor :STMicroelectronics FP-SNS-SMARTAG2 1.2.0
2024-05-02 17:53:54,425 [INFO] ThirdParty:981 - CMSIS Pack Vendor :STMicroelectronics X-CUBE-AZRTOS-WL 2.0.0
2024-05-02 17:53:54,425 [INFO] ThirdParty:981 - CMSIS Pack Vendor :STMicroelectronics FP-SNS-MOTENV1 5.0.0
2024-05-02 17:53:54,425 [INFO] ThirdParty:981 - CMSIS Pack Vendor :STMicroelectronics USB_DEVICE 1.0.0
2024-05-02 17:53:54,425 [INFO] ThirdParty:981 - CMSIS Pack Vendor :STMicroelectronics X-CUBE-AI 8.1.0
2024-05-02 17:53:54,425 [INFO] ThirdParty:981 - CMSIS Pack Vendor :STMicroelectronics X-CUBE-AZRTOS-L4 2.0.0
2024-05-02 17:53:54,425 [INFO] ThirdParty:981 - CMSIS Pack Vendor :STMicroelectronics ThreadX 0.0.2
2024-05-02 17:53:54,425 [INFO] ThirdParty:981 - CMSIS Pack Vendor :WES I-CUBE-Cesium 1.3.0
2024-05-02 17:53:54,425 [INFO] ThirdParty:981 - CMSIS Pack Vendor :STMicroelectronics lwIP 2.1.2
2024-05-02 17:53:54,425 [INFO] ThirdParty:981 - CMSIS Pack Vendor :STMicroelectronics X-CUBE-SFXS2LP1 4.0.0
2024-05-02 17:53:54,425 [INFO] ThirdParty:981 - CMSIS Pack Vendor :STMicroelectronics X-CUBE-BLE2 3.3.0
2024-05-02 17:53:54,425 [INFO] ThirdParty:981 - CMSIS Pack Vendor :STMicroelectronics X-CUBE-DISPLAY 2.2.0
2024-05-02 17:53:54,425 [INFO] ThirdParty:981 - CMSIS Pack Vendor :STMicroelectronics X-CUBE-TOF1 3.2.0
2024-05-02 17:53:54,425 [INFO] ThirdParty:981 - CMSIS Pack Vendor :STMicroelectronics PDM2PCM 3.2.0
2024-05-02 17:53:54,425 [INFO] ThirdParty:981 - CMSIS Pack Vendor :STMicroelectronics X-CUBE-AZRTOS-H7 3.0.0
2024-05-02 17:53:54,425 [INFO] ThirdParty:981 - CMSIS Pack Vendor :STMicroelectronics X-CUBE-ISPU 1.0.0
2024-05-02 17:53:54,425 [INFO] ThirdParty:981 - CMSIS Pack Vendor :STMicroelectronics X-CUBE-ISPU 1.1.0
2024-05-02 17:53:54,425 [INFO] ThirdParty:981 - CMSIS Pack Vendor :RoweBots I-CUBE-UNISONRTOS 5.5.0-4
2024-05-02 17:53:54,425 [INFO] ThirdParty:981 - CMSIS Pack Vendor :STMicroelectronics X-CUBE-AZRTOS-H7 2.1.0
2024-05-02 17:53:54,425 [INFO] ThirdParty:981 - CMSIS Pack Vendor :STMicroelectronics USB_DEVICE 3.0.0
2024-05-02 17:53:54,425 [INFO] ThirdParty:981 - CMSIS Pack Vendor :STMicroelectronics X-CUBE-TCPP 4.1.0
2024-05-02 17:53:54,425 [INFO] ThirdParty:981 - CMSIS Pack Vendor :STMicroelectronics X-CUBE-AI 8.0.0
2024-05-02 17:53:54,425 [INFO] ThirdParty:981 - CMSIS Pack Vendor :STMicroelectronics X-CUBE-AZRTOS-WB 2.0.0
2024-05-02 17:53:54,425 [INFO] ThirdParty:981 - CMSIS Pack Vendor :STMicroelectronics X-CUBE-FREERTOS 1.0.0
2024-05-02 17:53:54,428 [INFO] ThirdParty:981 - CMSIS Pack Vendor :STMicroelectronics X-CUBE-FREERTOS 1.0.1
2024-05-02 17:53:54,428 [INFO] ThirdParty:981 - CMSIS Pack Vendor :STMicroelectronics X-CUBE-TOUCHGFX 4.21.1
2024-05-02 17:53:54,428 [INFO] ThirdParty:981 - CMSIS Pack Vendor :STMicroelectronics X-CUBE-TOUCHGFX 4.21.3
2024-05-02 17:53:54,428 [INFO] ThirdParty:981 - CMSIS Pack Vendor :STMicroelectronics X-CUBE-BLEMGR 1.0.0
2024-05-02 17:53:54,428 [INFO] ThirdParty:981 - CMSIS Pack Vendor :STMicroelectronics X-CUBE-TOUCHGFX 4.21.4
2024-05-02 17:53:54,428 [INFO] ThirdParty:981 - CMSIS Pack Vendor :STMicroelectronics X-CUBE-MEMS1 9.4.0
2024-05-02 17:53:54,428 [INFO] ThirdParty:981 - CMSIS Pack Vendor :STMicroelectronics X-CUBE-AI 7.3.0
2024-05-02 17:53:54,428 [INFO] ThirdParty:981 - CMSIS Pack Vendor :STMicroelectronics X-CUBE-ALGOBUILD 1.3.0
2024-05-02 17:53:54,428 [INFO] ThirdParty:981 - CMSIS Pack Vendor :STMicroelectronics X-CUBE-AZRTOS-L5 1.1.0
2024-05-02 17:53:54,428 [INFO] ThirdParty:981 - CMSIS Pack Vendor :STMicroelectronics X-CUBE-AZRTOS-G0 1.1.0
2024-05-02 17:53:54,428 [INFO] ThirdParty:981 - CMSIS Pack Vendor :STMicroelectronics X-CUBE-AI 8.0.1
2024-05-02 17:53:54,428 [INFO] ThirdParty:981 - CMSIS Pack Vendor :STMicroelectronics X-CUBE-SAFEA1 1.2.2
2024-05-02 17:53:54,428 [INFO] ThirdParty:981 - CMSIS Pack Vendor :STMicroelectronics X-CUBE-NFC4 3.0.0
2024-05-02 17:53:54,428 [INFO] ThirdParty:981 - CMSIS Pack Vendor :SEGGER I-CUBE-embOS 1.2.0
2024-05-02 17:53:54,428 [INFO] ThirdParty:981 - CMSIS Pack Vendor :STMicroelectronics X-CUBE-SUBG2 5.0.0
2024-05-02 17:53:54,428 [INFO] ThirdParty:981 - CMSIS Pack Vendor :STMicroelectronics STM32_WPAN 1.0.0
2024-05-02 17:53:54,428 [INFO] ThirdParty:981 - CMSIS Pack Vendor :STMicroelectronics lwIP 2.0.3
2024-05-02 17:53:54,428 [INFO] ThirdParty:981 - CMSIS Pack Vendor :STMicroelectronics USB_HOST 1.0.0
2024-05-02 17:53:54,428 [INFO] ThirdParty:981 - CMSIS Pack Vendor :STMicroelectronics X-CUBE-TOF1 3.3.1
2024-05-02 17:53:54,428 [INFO] ThirdParty:981 - CMSIS Pack Vendor :STMicroelectronics X-CUBE-AZRTOS-G4 2.0.0
2024-05-02 17:53:54,428 [INFO] ThirdParty:981 - CMSIS Pack Vendor :STMicroelectronics PDM2PCM 3.1.0
2024-05-02 17:53:54,428 [INFO] ThirdParty:981 - CMSIS Pack Vendor :STMicroelectronics X-CUBE-TOF1 3.3.0
2024-05-02 17:53:54,428 [INFO] ThirdParty:981 - CMSIS Pack Vendor :STMicroelectronics FP-ATR-ASTRA1 1.1.1
2024-05-02 17:53:54,428 [INFO] ThirdParty:981 - CMSIS Pack Vendor :Infineon AIROC-Wi-Fi-Bluetooth-STM32 1.5.1
2024-05-02 17:53:54,428 [INFO] ThirdParty:981 - CMSIS Pack Vendor :STMicroelectronics X-CUBE-BLEMGR 3.0.0
2024-05-02 17:53:54,428 [INFO] ThirdParty:981 - CMSIS Pack Vendor :STMicroelectronics X-CUBE-BLEMGR 1.3.0
2024-05-02 17:53:54,428 [INFO] ThirdParty:981 - CMSIS Pack Vendor :STMicroelectronics FP-SNS-MOTENVWB1 1.3.1
2024-05-02 17:53:54,428 [INFO] ThirdParty:981 - CMSIS Pack Vendor :STMicroelectronics FP-ATR-SIGFOX1 3.2.0
2024-05-02 17:53:54,428 [INFO] ThirdParty:981 - CMSIS Pack Vendor :STMicroelectronics X-CUBE-AZRTOS-G4 1.0.0
2024-05-02 17:53:54,428 [INFO] ThirdParty:981 - CMSIS Pack Vendor :STMicroelectronics X-CUBE-AZRTOS-L4 1.0.0
2024-05-02 17:53:54,428 [INFO] ThirdParty:981 - CMSIS Pack Vendor :STMicroelectronics X-CUBE-ISPU 2.0.0
2024-05-02 17:53:54,428 [INFO] ThirdParty:981 - CMSIS Pack Vendor :STMicroelectronics X-CUBE-EEPRMA1 5.1.0
2024-05-02 17:53:54,428 [INFO] ThirdParty:981 - CMSIS Pack Vendor :STMicroelectronics MBEDTLS 2.16.2
2024-05-02 17:53:54,428 [INFO] ThirdParty:981 - CMSIS Pack Vendor :emotas I-CUBE-CANOPEN 1.1.2
2024-05-02 17:53:54,428 [INFO] ThirdParty:981 - CMSIS Pack Vendor :STMicroelectronics X-CUBE-TOUCHGFX 4.20.0
2024-05-02 17:53:54,428 [INFO] ThirdParty:981 - CMSIS Pack Vendor :STMicroelectronics X-CUBE-MEMS1 10.0.0
2024-05-02 17:53:54,428 [INFO] ThirdParty:981 - CMSIS Pack Vendor :STMicroelectronics X-CUBE-FREERTOS 1.1.0
2024-05-02 17:53:54,428 [INFO] ThirdParty:981 - CMSIS Pack Vendor :STMicroelectronics X-CUBE-AZRTOS-WL 1.0.0
2024-05-02 17:53:54,428 [INFO] ThirdParty:981 - CMSIS Pack Vendor :portGmbH I-Cube-SoM-uGOAL 1.1.0
2024-05-02 17:53:54,428 [INFO] ThirdParty:981 - CMSIS Pack Vendor :STMicroelectronics X-CUBE-ALS 1.0.1
2024-05-02 17:53:54,428 [INFO] ThirdParty:981 - CMSIS Pack Vendor :STMicroelectronics X-CUBE-MEMS1 9.5.0
2024-05-02 17:53:54,428 [INFO] ThirdParty:981 - CMSIS Pack Vendor :STMicroelectronics ThreadX 1.0.0
2024-05-02 17:53:54,428 [INFO] ThirdParty:981 - CMSIS Pack Vendor :STMicroelectronics X-CUBE-AZRTOS-WB 1.1.0
2024-05-02 17:53:54,428 [INFO] ThirdParty:981 - CMSIS Pack Vendor :SEGGER I-CUBE-embOS 1.3.1
2024-05-02 17:53:54,428 [INFO] ThirdParty:981 - CMSIS Pack Vendor :STMicroelectronics X-CUBE-AZRTOS-L5 1.0.0
2024-05-02 17:53:54,428 [INFO] ThirdParty:981 - CMSIS Pack Vendor :STMicroelectronics X-CUBE-EEPRMA1 3.1.1
2024-05-02 17:53:54,428 [INFO] ThirdParty:981 - CMSIS Pack Vendor :STMicroelectronics X-CUBE-AZRTOS-H7RS 1.0.0
2024-05-02 17:53:54,428 [INFO] ThirdParty:981 - CMSIS Pack Vendor :STMicroelectronics FP-ATR-ASTRA1 2.0.0
2024-05-02 17:53:54,428 [INFO] ThirdParty:981 - CMSIS Pack Vendor :STMicroelectronics X-CUBE-TOF1 3.4.0
2024-05-02 17:53:54,428 [INFO] ThirdParty:981 - CMSIS Pack Vendor :STMicroelectronics X-CUBE-TOF1 3.4.1
2024-05-02 17:53:54,428 [INFO] ThirdParty:981 - CMSIS Pack Vendor :STMicroelectronics X-CUBE-AZRTOS-H7 3.2.0
2024-05-02 17:53:54,428 [INFO] ThirdParty:797 - exiting critical section [change project]
2024-05-02 17:53:54,835 [INFO] PinOutPanel:1468 - setPackage(No Configuration,No Configuration)
2024-05-02 17:53:54,835 [INFO] PinOutPanel:1468 - setPackage(STM32G474RETx,LQFP64)
2024-05-02 17:53:55,307 [INFO] UtilMem:74 - Before build in PCC Used Memory: 290253936 Bytes (469762048)
2024-05-02 17:53:56,315 [INFO] UtilMem:74 - After build in PCC Used Memory: 403621104 Bytes (469762048)
2024-05-02 17:53:56,352 [INFO] IPUIPlugin:79 - create IPUIPlugin
2024-05-02 17:53:56,352 [INFO] IPUIPlugin:79 - create IPUIPlugin
2024-05-02 17:53:56,357 [INFO] IPUIPlugin:79 - create IPUIPlugin
2024-05-02 17:53:56,357 [INFO] IPUIPlugin:79 - create IPUIPlugin
2024-05-02 17:53:56,360 [INFO] IPUIPlugin:79 - create IPUIPlugin
2024-05-02 17:53:56,360 [INFO] IPUIPlugin:79 - create IPUIPlugin
2024-05-02 17:53:56,360 [INFO] IPUIPlugin:79 - create IPUIPlugin
2024-05-02 17:53:56,360 [INFO] IPUIPlugin:79 - create IPUIPlugin
2024-05-02 17:53:56,360 [INFO] IPUIPlugin:79 - create IPUIPlugin
2024-05-02 17:53:56,360 [INFO] IPUIPlugin:79 - create IPUIPlugin
2024-05-02 17:53:56,360 [INFO] IPUIPlugin:79 - create IPUIPlugin
2024-05-02 17:53:56,360 [INFO] IPUIPlugin:79 - create IPUIPlugin
2024-05-02 17:53:56,363 [INFO] IPUIPlugin:79 - create IPUIPlugin
2024-05-02 17:53:56,363 [INFO] IPUIPlugin:79 - create IPUIPlugin
2024-05-02 17:53:56,363 [INFO] IPUIPlugin:79 - create IPUIPlugin
2024-05-02 17:53:56,363 [INFO] IPUIPlugin:79 - create IPUIPlugin
2024-05-02 17:53:56,363 [INFO] IPUIPlugin:79 - create IPUIPlugin
2024-05-02 17:53:56,363 [INFO] IPUIPlugin:79 - create IPUIPlugin
2024-05-02 17:53:56,363 [INFO] IPUIPlugin:79 - create IPUIPlugin
2024-05-02 17:53:56,363 [INFO] IPUIPlugin:79 - create IPUIPlugin
2024-05-02 17:53:56,363 [INFO] IPUIPlugin:79 - create IPUIPlugin
2024-05-02 17:53:56,363 [INFO] IPUIPlugin:79 - create IPUIPlugin
2024-05-02 17:53:56,370 [INFO] IPUIPlugin:79 - create IPUIPlugin
2024-05-02 17:53:56,370 [INFO] IPUIPlugin:79 - create IPUIPlugin
2024-05-02 17:53:56,373 [INFO] IPUIPlugin:79 - create IPUIPlugin
2024-05-02 17:53:56,373 [INFO] IPUIPlugin:79 - create IPUIPlugin
2024-05-02 17:53:56,373 [INFO] IPUIPlugin:79 - create IPUIPlugin
2024-05-02 17:53:56,376 [INFO] IPUIPlugin:79 - create IPUIPlugin
2024-05-02 17:53:56,376 [INFO] IPUIPlugin:79 - create IPUIPlugin
2024-05-02 17:53:56,376 [INFO] IPUIPlugin:79 - create IPUIPlugin
2024-05-02 17:53:56,378 [INFO] IPUIPlugin:79 - create IPUIPlugin
2024-05-02 17:53:56,378 [INFO] IPUIPlugin:79 - create IPUIPlugin
2024-05-02 17:53:56,378 [INFO] IPUIPlugin:79 - create IPUIPlugin
2024-05-02 17:53:56,378 [INFO] IPUIPlugin:79 - create IPUIPlugin
2024-05-02 17:53:56,379 [INFO] IPUIPlugin:79 - create IPUIPlugin
2024-05-02 17:53:56,379 [INFO] IPUIPlugin:79 - create IPUIPlugin
2024-05-02 17:53:56,379 [INFO] IPUIPlugin:79 - create IPUIPlugin
2024-05-02 17:53:56,379 [INFO] IPUIPlugin:79 - create IPUIPlugin
2024-05-02 17:53:56,379 [INFO] IPUIPlugin:79 - create IPUIPlugin
2024-05-02 17:53:56,379 [INFO] IPUIPlugin:79 - create IPUIPlugin
2024-05-02 17:53:56,379 [INFO] IPUIPlugin:79 - create IPUIPlugin
2024-05-02 17:53:56,379 [INFO] IPUIPlugin:79 - create IPUIPlugin
2024-05-02 17:53:56,379 [INFO] IPUIPlugin:79 - create IPUIPlugin
2024-05-02 17:53:56,379 [INFO] IPUIPlugin:79 - create IPUIPlugin
2024-05-02 17:53:56,385 [INFO] IPUIPlugin:79 - create IPUIPlugin
2024-05-02 17:53:56,385 [INFO] IPUIPlugin:79 - create IPUIPlugin
2024-05-02 17:53:56,385 [INFO] IPUIPlugin:79 - create IPUIPlugin
2024-05-02 17:53:56,385 [INFO] IPUIPlugin:79 - create IPUIPlugin
2024-05-02 17:53:56,385 [INFO] IPUIPlugin:79 - create IPUIPlugin
2024-05-02 17:53:56,389 [INFO] IPUIPlugin:79 - create IPUIPlugin
2024-05-02 17:53:56,389 [INFO] IPUIPlugin:79 - create IPUIPlugin
2024-05-02 17:53:56,389 [INFO] IPUIPlugin:79 - create IPUIPlugin
2024-05-02 17:53:56,389 [INFO] IPUIPlugin:79 - create IPUIPlugin
2024-05-02 17:53:56,389 [INFO] IPUIPlugin:79 - create IPUIPlugin
2024-05-02 17:53:56,390 [INFO] IPUIPlugin:79 - create IPUIPlugin
2024-05-02 17:53:56,390 [INFO] IPUIPlugin:79 - create IPUIPlugin
2024-05-02 17:53:56,390 [INFO] IPUIPlugin:79 - create IPUIPlugin
2024-05-02 17:53:56,390 [INFO] IPUIPlugin:79 - create IPUIPlugin
2024-05-02 17:53:56,390 [INFO] IPUIPlugin:79 - create IPUIPlugin
2024-05-02 17:53:56,390 [INFO] IPUIPlugin:79 - create IPUIPlugin
2024-05-02 17:53:56,390 [INFO] IPUIPlugin:79 - create IPUIPlugin
2024-05-02 17:53:56,394 [INFO] IPUIPlugin:79 - create IPUIPlugin
2024-05-02 17:53:56,394 [INFO] IPUIPlugin:79 - create IPUIPlugin
2024-05-02 17:53:56,394 [INFO] IPUIPlugin:79 - create IPUIPlugin
2024-05-02 17:53:56,399 [INFO] IPUIPlugin:79 - create IPUIPlugin
2024-05-02 17:53:56,399 [INFO] IPUIPlugin:79 - create IPUIPlugin
2024-05-02 17:53:56,399 [INFO] IPUIPlugin:79 - create IPUIPlugin
2024-05-02 17:53:56,399 [INFO] IPUIPlugin:79 - create IPUIPlugin
2024-05-02 17:53:56,399 [INFO] IPUIPlugin:79 - create IPUIPlugin
2024-05-02 17:53:56,399 [INFO] IPUIPlugin:79 - create IPUIPlugin
2024-05-02 17:53:56,399 [INFO] IPUIPlugin:79 - create IPUIPlugin
2024-05-02 17:53:56,399 [INFO] IPUIPlugin:79 - create IPUIPlugin
2024-05-02 17:53:56,399 [INFO] IPUIPlugin:79 - create IPUIPlugin
2024-05-02 17:53:56,399 [INFO] IPUIPlugin:79 - create IPUIPlugin
2024-05-02 17:53:56,399 [INFO] IPUIPlugin:79 - create IPUIPlugin
2024-05-02 17:53:56,404 [INFO] IPUIPlugin:79 - create IPUIPlugin
2024-05-02 17:53:56,404 [INFO] IPUIPlugin:79 - create IPUIPlugin
2024-05-02 17:53:56,667 [INFO] OpenFileManager:327 - Restore cursor
2024-05-02 17:54:16,585 [INFO] NvicIntPanel:100 - NVIC parent = com.st.microxplorer.plugins.ip.nvic.MultiNvicIntPanel[,0,0,0x0,invalid,layout=javax.swing.BoxLayout,alignmentX=0.0,alignmentY=0.0,border=,flags=9,maximumSize=,minimumSize=,preferredSize=]
2024-05-03 17:34:43,598 [INFO] Activator:177 - 


2024-05-03 17:34:43,598 [INFO] Activator:178 - !SESSION log4j initialized
2024-05-03 17:35:09,218 [ERROR] LogOutputStream:74 - [STDERR_REDIRECT] SLF4J: Failed to load class "org.slf4j.impl.StaticLoggerBinder".
2024-05-03 17:35:09,218 [ERROR] LogOutputStream:74 - [STDERR_REDIRECT] SLF4J: Defaulting to no-operation (NOP) logger implementation
2024-05-03 17:35:09,218 [ERROR] LogOutputStream:74 - [STDERR_REDIRECT] SLF4J: See http://www.slf4j.org/codes.html#StaticLoggerBinder for further details.
2024-05-05 00:38:35,085 [INFO] Activator:177 - 


2024-05-05 00:38:35,085 [INFO] Activator:178 - !SESSION log4j initialized
2024-05-05 00:38:41,412 [ERROR] LogOutputStream:74 - [STDERR_REDIRECT] Managed Build system manifest file error: Option com.st.stm32cube.ide.mcu.debug.option.cpuclock.412754025 uses a null category that is invalid in its context. The option was ignored.
2024-05-05 00:38:41,430 [ERROR] LogOutputStream:74 - [STDERR_REDIRECT] Managed Build system manifest file error: Option com.st.stm32cube.ide.mcu.debug.option.cpuclock.1686675523 uses a null category that is invalid in its context. The option was ignored.
2024-05-05 00:38:46,780 [ERROR] ApiDbMcu:1619 - Can't use Application install path:
2024-05-05 00:38:49,450 [WARN] RulesReader:63 - Compatibility file://mcu/compatibility.xml not found
2024-05-05 00:39:04,016 [ERROR] LogOutputStream:74 - [STDERR_REDIRECT] SLF4J: Failed to load class "org.slf4j.impl.StaticLoggerBinder".
2024-05-05 00:39:04,016 [ERROR] LogOutputStream:74 - [STDERR_REDIRECT] SLF4J: Defaulting to no-operation (NOP) logger implementation
2024-05-05 00:39:04,016 [ERROR] LogOutputStream:74 - [STDERR_REDIRECT] SLF4J: See http://www.slf4j.org/codes.html#StaticLoggerBinder for further details.
