2024-05-13 16:52:29,316 [INFO] Activator:176 - 


2024-05-13 16:52:29,320 [INFO] Activator:177 - !SESSION log4j initialized
2024-05-13 16:52:32,873 [INFO] LogOutputStream:77 - [STDOUT_REDIRECT] 
2024-05-13 16:52:34,907 [INFO] ApplicationProperties:184 - Using Application install path: C:\ST\STM32CubeIDE_1.10.1\STM32CubeIDE\plugins\com.st.stm32cube.common.mx_6.11.1.202404110753
2024-05-13 16:52:34,922 [INFO] DbMcusXml:78 - Set database path to: C:\ST\STM32CubeIDE_1.10.1\STM32CubeIDE\plugins\com.st.stm32cube.common.mx_6.11.1.202404110753\\db\/mcu/
2024-05-13 16:52:34,923 [INFO] ApiDb:274 - Set plugin database path to: C:\ST\STM32CubeIDE_1.10.1\STM32CubeIDE\plugins\com.st.stm32cube.common.mx_6.11.1.202404110753\\db\/plugins/boardmanager/
2024-05-13 16:52:34,923 [WARN] ApiDb:259 - Overriding images path with different value:  => C:\ST\STM32CubeIDE_1.10.1\STM32CubeIDE\plugins\com.st.stm32cube.common.mx_6.11.1.202404110753\\db\/plugins/mcufinder/images/
2024-05-13 16:52:34,930 [INFO] ApiDb:250 - Set database path to: C:\Users\saksh\.stmcufinder\plugins\mcufinder//mcu/
2024-05-13 16:52:34,930 [INFO] DbMcusAds:125 - Set database path to: C:\Users\saksh\.stmcufinder\plugins\mcufinder//mcu/
2024-05-13 16:52:34,933 [INFO] CrossReferenceDbSqlite:203 - Set database path to: C:\Users\saksh\.stmcufinder\plugins\mcufinder//mcu/cs/
2024-05-13 16:52:35,048 [INFO] RulesReader:64 - Compatibility file has been processed (297 Rules)
2024-05-13 16:52:35,121 [INFO] DbMcusXml:78 - Set database path to: C:\ST\STM32CubeIDE_1.10.1\STM32CubeIDE\plugins\com.st.stm32cube.common.mx_6.11.1.202404110753\\db\/mcu/
2024-05-13 16:52:35,121 [INFO] ApiDb:274 - Set plugin database path to: C:\ST\STM32CubeIDE_1.10.1\STM32CubeIDE\plugins\com.st.stm32cube.common.mx_6.11.1.202404110753\\db\/plugins/boardmanager/
2024-05-13 16:52:35,121 [INFO] ApiDb:261 - Set plugin images path to: C:\ST\STM32CubeIDE_1.10.1\STM32CubeIDE\plugins\com.st.stm32cube.common.mx_6.11.1.202404110753\\db\/plugins/mcufinder/images/
2024-05-13 16:52:35,121 [WARN] DbFile:41 - Overriding database path with different value: C:\Users\saksh\.stmcufinder\plugins\mcufinder/ => C:\Users\saksh\.stmcufinder\plugins\mcufinder
2024-05-13 16:52:35,121 [INFO] ApiDb:250 - Set database path to: C:\Users\saksh\.stmcufinder\plugins\mcufinder//mcu/
2024-05-13 16:52:35,122 [WARN] DbFile:41 - Overriding database path with different value: C:\Users\saksh\.stmcufinder\plugins\mcufinder/ => C:\Users\saksh\.stmcufinder\plugins\mcufinder
2024-05-13 16:52:35,122 [INFO] DbMcusAds:125 - Set database path to: C:\Users\saksh\.stmcufinder\plugins\mcufinder//mcu/
2024-05-13 16:52:35,122 [WARN] DbFile:41 - Overriding database path with different value: C:\Users\saksh\.stmcufinder\plugins\mcufinder/ => C:\Users\saksh\.stmcufinder\plugins\mcufinder
2024-05-13 16:52:35,122 [WARN] DbFile:41 - Overriding database path with different value: C:\Users\saksh\.stmcufinder\plugins\mcufinder/ => C:\Users\saksh\.stmcufinder\plugins\mcufinder
2024-05-13 16:52:35,122 [INFO] CrossReferenceDbSqlite:203 - Set database path to: C:\Users\saksh\.stmcufinder\plugins\mcufinder//mcu/cs/
2024-05-13 16:52:35,184 [INFO] MainPanel:264 - HeapMemory: 268435456
2024-05-13 16:52:35,260 [INFO] DbMcusXml:78 - Set database path to: C:\ST\STM32CubeIDE_1.10.1\STM32CubeIDE\plugins\com.st.stm32cube.common.mx_6.11.1.202404110753\\db\/mcu/
2024-05-13 16:52:35,261 [INFO] ApiDb:274 - Set plugin database path to: C:\ST\STM32CubeIDE_1.10.1\STM32CubeIDE\plugins\com.st.stm32cube.common.mx_6.11.1.202404110753\\db\/plugins/boardmanager/
2024-05-13 16:52:35,261 [INFO] ApiDb:261 - Set plugin images path to: C:\ST\STM32CubeIDE_1.10.1\STM32CubeIDE\plugins\com.st.stm32cube.common.mx_6.11.1.202404110753\\db\/plugins/mcufinder/images/
2024-05-13 16:52:35,261 [WARN] DbFile:41 - Overriding database path with different value: C:\Users\saksh\.stmcufinder\plugins\mcufinder/ => C:\Users\saksh\.stmcufinder\plugins\mcufinder
2024-05-13 16:52:35,261 [INFO] ApiDb:250 - Set database path to: C:\Users\saksh\.stmcufinder\plugins\mcufinder//mcu/
2024-05-13 16:52:35,261 [WARN] DbFile:41 - Overriding database path with different value: C:\Users\saksh\.stmcufinder\plugins\mcufinder/ => C:\Users\saksh\.stmcufinder\plugins\mcufinder
2024-05-13 16:52:35,261 [INFO] DbMcusAds:125 - Set database path to: C:\Users\saksh\.stmcufinder\plugins\mcufinder//mcu/
2024-05-13 16:52:35,261 [WARN] DbFile:41 - Overriding database path with different value: C:\Users\saksh\.stmcufinder\plugins\mcufinder/ => C:\Users\saksh\.stmcufinder\plugins\mcufinder
2024-05-13 16:52:35,261 [WARN] DbFile:41 - Overriding database path with different value: C:\Users\saksh\.stmcufinder\plugins\mcufinder/ => C:\Users\saksh\.stmcufinder\plugins\mcufinder
2024-05-13 16:52:35,261 [INFO] CrossReferenceDbSqlite:203 - Set database path to: C:\Users\saksh\.stmcufinder\plugins\mcufinder//mcu/cs/
2024-05-13 16:52:35,274 [INFO] ApplicationProperties:184 - Using Application install path: C:\ST\STM32CubeIDE_1.10.1\STM32CubeIDE\plugins\com.st.stm32cube.common.mx_6.11.1.202404110753
2024-05-13 16:52:35,275 [INFO] PluginManage:196 - Search for loadable plugins [exclusion list=, ]
2024-05-13 16:52:35,276 [INFO] PluginManage:310 - Check plugin analytics
2024-05-13 16:52:35,387 [INFO] AnalyticsPlugin:253 - Accepted Software Licenses: 
2024-05-13 16:52:35,387 [INFO] AnalyticsPlugin:255 - Accepted CMSIS Pack Licenses: 
2024-05-13 16:52:35,387 [INFO] AnalyticsPlugin:257 - Accepted Firmware Licenses: FW.H7.1.10.0,FW.G4.1.5.0
2024-05-13 16:52:35,389 [INFO] PluginManage:359 - Loaded plugin analytics (category:tool,tabindex:-1)
2024-05-13 16:52:35,389 [INFO] PluginManage:310 - Check plugin cadmodel
2024-05-13 16:52:35,401 [INFO] CADModel:105 - Init CAD model plugin
2024-05-13 16:52:35,401 [INFO] PluginManage:359 - Loaded plugin cadmodel (category:power,tabindex:5)
2024-05-13 16:52:35,401 [INFO] PluginManage:310 - Check plugin clock
2024-05-13 16:52:35,417 [INFO] PluginManage:359 - Loaded plugin clock (category:base,tabindex:2)
2024-05-13 16:52:35,417 [INFO] PluginManage:310 - Check plugin ddr
2024-05-13 16:52:35,419 [INFO] PluginManage:359 - Loaded plugin ddr (category:tool,tabindex:6)
2024-05-13 16:52:35,419 [INFO] PluginManage:310 - Check plugin filemanager
2024-05-13 16:52:35,532 [INFO] PluginManage:359 - Loaded plugin filemanager (category:base,tabindex:10)
2024-05-13 16:52:35,532 [INFO] PluginManage:310 - Check plugin ipmanager
2024-05-13 16:52:35,537 [INFO] PluginManage:359 - Loaded plugin ipmanager (category:base,tabindex:5)
2024-05-13 16:52:35,537 [INFO] PluginManage:310 - Check plugin lpbam
2024-05-13 16:52:35,550 [INFO] PluginManage:359 - Loaded plugin lpbam (category:base,tabindex:0)
2024-05-13 16:52:35,550 [INFO] PluginManage:310 - Check plugin memorymap
2024-05-13 16:52:35,565 [INFO] PluginManage:359 - Loaded plugin memorymap (category:base,tabindex:4)
2024-05-13 16:52:35,565 [INFO] PluginManage:310 - Check plugin pinoutandconfiguration
2024-05-13 16:52:35,576 [INFO] PluginManage:359 - Loaded plugin pinoutandconfiguration (category:base,tabindex:1)
2024-05-13 16:52:35,576 [INFO] PluginManage:310 - Check plugin pinoutconfig
2024-05-13 16:52:35,643 [WARN] SupportedApi:132 - Cannot load RTOS API schema: s4s-elt-must-match.1: The content of 'definitions' must match (annotation?, (simpleType | complexType)?, (unique | key | keyref)*)). A problem was found starting at: attribute.
2024-05-13 16:52:35,737 [INFO] PluginManage:359 - Loaded plugin pinoutconfig (category:base,tabindex:0)
2024-05-13 16:52:35,737 [INFO] PluginManage:310 - Check plugin power
2024-05-13 16:52:35,752 [INFO] PluginManage:359 - Loaded plugin power (category:power,tabindex:4)
2024-05-13 16:52:35,752 [INFO] PluginManage:310 - Check plugin projectmanager
2024-05-13 16:52:35,764 [INFO] PluginManage:359 - Loaded plugin projectmanager (category:projectmanager,tabindex:3)
2024-05-13 16:52:35,764 [INFO] PluginManage:310 - Check plugin thirdparty
2024-05-13 16:52:35,956 [INFO] PluginManage:359 - Loaded plugin thirdparty (category:base,tabindex:-1)
2024-05-13 16:52:35,956 [WARN] IntegrityCheckThread:84 - waiting for thirdparty lock release [integrity check]
2024-05-13 16:52:35,956 [INFO] PluginManage:310 - Check plugin tools
2024-05-13 16:52:35,956 [INFO] IntegrityCheckThread:86 - entering critical section [integrity check]
2024-05-13 16:52:35,956 [INFO] ThirdPartyUpdaterWithRetryManager:70 - Updater plugin not ready yet. [1/15]
2024-05-13 16:52:35,979 [INFO] PluginManage:359 - Loaded plugin tools (category:base,tabindex:7)
2024-05-13 16:52:35,979 [INFO] PluginManage:310 - Check plugin tutovideos
2024-05-13 16:52:36,116 [INFO] PluginManage:359 - Loaded plugin tutovideos (category:base,tabindex:-1)
2024-05-13 16:52:36,116 [INFO] PluginManage:310 - Check plugin updater
2024-05-13 16:52:36,125 [INFO] PluginManage:359 - Loaded plugin updater (category:base,tabindex:12)
2024-05-13 16:52:36,126 [INFO] PluginManage:310 - Check plugin userauth
2024-05-13 16:52:36,130 [INFO] UserAuth:114 - Init User Auth plugin
2024-05-13 16:52:36,130 [INFO] PluginManage:359 - Loaded plugin userauth (category:base,tabindex:14)
2024-05-13 16:52:36,130 [INFO] PluginManage:283 - PluginManage : Loaded plugins [17]
2024-05-13 16:52:36,287 [INFO] PinOutPanel:1561 - setPackage(No Configuration,No Configuration)
2024-05-13 16:52:36,348 [INFO] CADModel:165 - CPN selected for project level
2024-05-13 16:52:36,348 [INFO] CADModel:114 - Register for checkConnection events
2024-05-13 16:52:36,372 [INFO] IPUIPlugin:80 - create IPUIPlugin
2024-05-13 16:52:36,372 [INFO] PluginManager:220 - loadIPPluginJar : add adc
2024-05-13 16:52:36,401 [INFO] IPUIPlugin:80 - create IPUIPlugin
2024-05-13 16:52:36,401 [INFO] PluginManager:220 - loadIPPluginJar : add aes
2024-05-13 16:52:36,431 [INFO] IPUIPlugin:80 - create IPUIPlugin
2024-05-13 16:52:36,431 [INFO] PluginManager:220 - loadIPPluginJar : add can
2024-05-13 16:52:36,447 [INFO] IPUIPlugin:80 - create IPUIPlugin
2024-05-13 16:52:36,448 [INFO] PluginManager:220 - loadIPPluginJar : add comp
2024-05-13 16:52:36,473 [INFO] IPUIPlugin:80 - create IPUIPlugin
2024-05-13 16:52:36,473 [INFO] PluginManager:220 - loadIPPluginJar : add cryp
2024-05-13 16:52:36,495 [INFO] IPUIPlugin:80 - create IPUIPlugin
2024-05-13 16:52:36,495 [INFO] PluginManager:220 - loadIPPluginJar : add dfsdm
2024-05-13 16:52:36,505 [INFO] IPUIPlugin:80 - create IPUIPlugin
2024-05-13 16:52:36,506 [INFO] PluginManager:220 - loadIPPluginJar : add dma
2024-05-13 16:52:36,535 [INFO] IPUIPlugin:80 - create IPUIPlugin
2024-05-13 16:52:36,535 [INFO] PluginManager:220 - loadIPPluginJar : add dma3
2024-05-13 16:52:36,569 [INFO] IPUIPlugin:80 - create IPUIPlugin
2024-05-13 16:52:36,569 [INFO] PluginManager:220 - loadIPPluginJar : add extmemmanager
2024-05-13 16:52:36,582 [INFO] IPUIPlugin:80 - create IPUIPlugin
2024-05-13 16:52:36,582 [INFO] PluginManager:220 - loadIPPluginJar : add fatfs
2024-05-13 16:52:36,615 [INFO] IPUIPlugin:80 - create IPUIPlugin
2024-05-13 16:52:36,615 [INFO] PluginManager:220 - loadIPPluginJar : add fmc
2024-05-13 16:52:36,628 [INFO] IPUIPlugin:80 - create IPUIPlugin
2024-05-13 16:52:36,628 [INFO] PluginManager:220 - loadIPPluginJar : add freertos
2024-05-13 16:52:36,642 [INFO] IPUIPlugin:80 - create IPUIPlugin
2024-05-13 16:52:36,642 [INFO] PluginManager:220 - loadIPPluginJar : add genericplugin
2024-05-13 16:52:36,707 [INFO] IPUIPlugin:80 - create IPUIPlugin
2024-05-13 16:52:36,707 [INFO] PluginManager:220 - loadIPPluginJar : add gfxmmu
2024-05-13 16:52:36,796 [INFO] IPUIPlugin:80 - create IPUIPlugin
2024-05-13 16:52:36,796 [INFO] PluginManager:220 - loadIPPluginJar : add gic
2024-05-13 16:52:36,804 [INFO] IPUIPlugin:80 - create IPUIPlugin
2024-05-13 16:52:36,804 [INFO] PluginManager:220 - loadIPPluginJar : add gpio
2024-05-13 16:52:36,875 [INFO] IPUIPlugin:80 - create IPUIPlugin
2024-05-13 16:52:36,875 [INFO] PluginManager:220 - loadIPPluginJar : add gtzc
2024-05-13 16:52:36,897 [INFO] IPUIPlugin:80 - create IPUIPlugin
2024-05-13 16:52:36,897 [INFO] PluginManager:220 - loadIPPluginJar : add hash
2024-05-13 16:52:36,933 [INFO] IPUIPlugin:80 - create IPUIPlugin
2024-05-13 16:52:36,933 [INFO] PluginManager:220 - loadIPPluginJar : add i2c
2024-05-13 16:52:36,959 [INFO] IPUIPlugin:80 - create IPUIPlugin
2024-05-13 16:52:36,959 [INFO] PluginManager:220 - loadIPPluginJar : add i2s
2024-05-13 16:52:36,986 [INFO] IPUIPlugin:80 - create IPUIPlugin
2024-05-13 16:52:36,987 [INFO] PluginManager:220 - loadIPPluginJar : add i3c
2024-05-13 16:52:37,059 [INFO] IPUIPlugin:80 - create IPUIPlugin
2024-05-13 16:52:37,059 [INFO] PluginManager:220 - loadIPPluginJar : add ipddr
2024-05-13 16:52:37,123 [INFO] IPUIPlugin:80 - create IPUIPlugin
2024-05-13 16:52:37,123 [INFO] PluginManager:220 - loadIPPluginJar : add linkedlist
2024-05-13 16:52:37,147 [INFO] IPUIPlugin:80 - create IPUIPlugin
2024-05-13 16:52:37,147 [INFO] PluginManager:220 - loadIPPluginJar : add lorawan
2024-05-13 16:52:37,172 [INFO] IPUIPlugin:80 - create IPUIPlugin
2024-05-13 16:52:37,172 [INFO] PluginManager:220 - loadIPPluginJar : add ltdc
2024-05-13 16:52:37,186 [INFO] IPUIPlugin:80 - create IPUIPlugin
2024-05-13 16:52:37,186 [INFO] PluginManager:220 - loadIPPluginJar : add mdma
2024-05-13 16:52:37,198 [INFO] IPUIPlugin:80 - create IPUIPlugin
2024-05-13 16:52:37,199 [INFO] PluginManager:220 - loadIPPluginJar : add nvic
2024-05-13 16:52:37,226 [INFO] IPUIPlugin:80 - create IPUIPlugin
2024-05-13 16:52:37,226 [INFO] PluginManager:220 - loadIPPluginJar : add opamp
2024-05-13 16:52:37,270 [INFO] IPUIPlugin:80 - create IPUIPlugin
2024-05-13 16:52:37,270 [INFO] PluginManager:220 - loadIPPluginJar : add openamp
2024-05-13 16:52:37,297 [INFO] IPUIPlugin:80 - create IPUIPlugin
2024-05-13 16:52:37,298 [INFO] PluginManager:220 - loadIPPluginJar : add pdm2pcm
2024-05-13 16:52:37,311 [INFO] IPUIPlugin:80 - create IPUIPlugin
2024-05-13 16:52:37,312 [INFO] PluginManager:220 - loadIPPluginJar : add plateformsettings
2024-05-13 16:52:37,326 [INFO] IPUIPlugin:80 - create IPUIPlugin
2024-05-13 16:52:37,326 [INFO] PluginManager:220 - loadIPPluginJar : add quadspi
2024-05-13 16:52:37,335 [INFO] IPUIPlugin:80 - create IPUIPlugin
2024-05-13 16:52:37,336 [INFO] PluginManager:220 - loadIPPluginJar : add resmgrutility
2024-05-13 16:52:37,369 [INFO] IPUIPlugin:80 - create IPUIPlugin
2024-05-13 16:52:37,369 [INFO] PluginManager:220 - loadIPPluginJar : add sai
2024-05-13 16:52:37,395 [INFO] IPUIPlugin:80 - create IPUIPlugin
2024-05-13 16:52:37,395 [INFO] PluginManager:220 - loadIPPluginJar : add spi
2024-05-13 16:52:37,453 [INFO] IPUIPlugin:80 - create IPUIPlugin
2024-05-13 16:52:37,453 [INFO] PluginManager:220 - loadIPPluginJar : add stm32_wpan
2024-05-13 16:52:37,468 [INFO] IPUIPlugin:80 - create IPUIPlugin
2024-05-13 16:52:37,468 [INFO] PluginManager:220 - loadIPPluginJar : add tim
2024-05-13 16:52:37,509 [INFO] IPUIPlugin:80 - create IPUIPlugin
2024-05-13 16:52:37,509 [INFO] PluginManager:220 - loadIPPluginJar : add touchsensing
2024-05-13 16:52:37,525 [INFO] IPUIPlugin:80 - create IPUIPlugin
2024-05-13 16:52:37,525 [INFO] PluginManager:220 - loadIPPluginJar : add tracer_emb
2024-05-13 16:52:37,540 [INFO] IPUIPlugin:80 - create IPUIPlugin
2024-05-13 16:52:37,540 [INFO] PluginManager:220 - loadIPPluginJar : add ts
2024-05-13 16:52:37,554 [INFO] IPUIPlugin:80 - create IPUIPlugin
2024-05-13 16:52:37,554 [INFO] PluginManager:220 - loadIPPluginJar : add tsc
2024-05-13 16:52:37,568 [INFO] IPUIPlugin:80 - create IPUIPlugin
2024-05-13 16:52:37,568 [INFO] PluginManager:220 - loadIPPluginJar : add ucpd
2024-05-13 16:52:37,597 [INFO] IPUIPlugin:80 - create IPUIPlugin
2024-05-13 16:52:37,597 [INFO] PluginManager:220 - loadIPPluginJar : add usart
2024-05-13 16:52:37,628 [INFO] IPUIPlugin:80 - create IPUIPlugin
2024-05-13 16:52:37,628 [INFO] PluginManager:220 - loadIPPluginJar : add usbx
2024-05-13 16:52:37,736 [INFO] CADModel:165 - CPN selected for project level
2024-05-13 16:52:37,736 [INFO] CADModel:114 - Register for checkConnection events
2024-05-13 16:52:37,736 [FATAL] Updater:308 - Updater called before beeing initialized
2024-05-13 16:52:37,736 [ERROR] CADModel:125 - Updater not yet initialized, retry later 
2024-05-13 16:52:37,830 [INFO] CADModel:165 - CPN selected for project level
2024-05-13 16:52:37,830 [INFO] CADModel:114 - Register for checkConnection events
2024-05-13 16:52:37,831 [FATAL] Updater:308 - Updater called before beeing initialized
2024-05-13 16:52:37,831 [ERROR] CADModel:125 - Updater not yet initialized, retry later 
2024-05-13 16:52:37,834 [FATAL] Updater:308 - Updater called before beeing initialized
2024-05-13 16:52:37,911 [FATAL] Updater:308 - Updater called before beeing initialized
2024-05-13 16:52:37,918 [INFO] DbMcusAds:53 - JSON generation date=Wed Nov 29 16:22:27 IST 2023 (1701255147349)
2024-05-13 16:52:37,918 [FATAL] Updater:308 - Updater called before beeing initialized
2024-05-13 16:52:37,973 [WARN] DetailPanel:346 - Failed to get advertising image, set to default
2024-05-13 16:52:38,034 [FATAL] Updater:308 - Updater called before beeing initialized
2024-05-13 16:52:38,036 [FATAL] Updater:308 - Updater called before beeing initialized
2024-05-13 16:52:38,036 [FATAL] Updater:308 - Updater called before beeing initialized
2024-05-13 16:52:38,036 [WARN] DetailPanel:346 - Failed to get advertising image, set to default
2024-05-13 16:52:38,037 [FATAL] Updater:308 - Updater called before beeing initialized
2024-05-13 16:52:38,078 [ERROR] Updater:1120 - MainUpdater not yet initialized. External WinMGr cannot be set.
2024-05-13 16:52:38,086 [INFO] Updater:1056 - Updater Version found : 6.11.1
2024-05-13 16:52:38,104 [INFO] ApplicationProperties:184 - Using Application install path: C:\ST\STM32CubeIDE_1.10.1\STM32CubeIDE\plugins\com.st.stm32cube.common.mx_6.11.1.202404110753
2024-05-13 16:52:38,959 [INFO] ThirdPartyUpdaterWithRetryManager:70 - Updater plugin not ready yet. [2/15]
2024-05-13 16:52:39,679 [ERROR] LogOutputStream:75 - [STDERR_REDIRECT] May 13, 2024 4:52:39 PM java.util.prefs.WindowsPreferences <init>
2024-05-13 16:52:39,680 [ERROR] LogOutputStream:75 - [STDERR_REDIRECT] WARNING: Could not open/create prefs root node Software\JavaSoft\Prefs at root 0xffffffff80000002. Windows RegCreateKeyEx(...) returned error code 5.
2024-05-13 16:52:39,680 [ERROR] LogOutputStream:75 - [STDERR_REDIRECT] 
2024-05-13 16:52:39,868 [INFO] MainUpdater:2873 - connection check result : 22
2024-05-13 16:52:39,868 [INFO] MainUpdater:290 - Updater Check For Update Now.
2024-05-13 16:52:39,869 [INFO] MicroXplorer:498 - Change Database Version : DB.6.0.111
2024-05-13 16:52:39,881 [INFO] McuFinderGlobals:63 - Set McuFinder mode to 2 (CubeIDE integrated)
2024-05-13 16:52:39,881 [INFO] UserAuth:179 - activating auth plugin
2024-05-13 16:52:39,882 [INFO] UserAuth:415 - Internet connection configuration mode: 2
2024-05-13 16:52:39,902 [INFO] UserAuth:415 - Internet connection configuration mode: 2
2024-05-13 16:52:40,036 [INFO] CheckServerUpdateThread:120 - End of CheckServer Thread
2024-05-13 16:52:42,085 [WARN] PackLoader:240 - Cannot read IP mode file for STMicroelectronics.FP-SNS-MOTENVWB1.1.4.0
2024-05-13 16:52:42,095 [WARN] PackLoader:240 - Cannot read IP mode file for STMicroelectronics.X-CUBE-SMBUS.2.1.0
2024-05-13 16:52:42,105 [WARN] PackLoader:240 - Cannot read IP mode file for STMicroelectronics.X-CUBE-TOUCHGFX.4.23.1
2024-05-13 16:52:42,112 [WARN] PackLoader:240 - Cannot read IP mode file for STMicroelectronics.X-CUBE-TOUCHGFX.4.23.0
2024-05-13 16:52:42,119 [WARN] PackLoader:240 - Cannot read IP mode file for STMicroelectronics.X-CUBE-TOUCHGFX.4.23.2
2024-05-13 16:52:42,146 [WARN] PackLoader:240 - Cannot read IP mode file for STMicroelectronics.X-CUBE-AZRTOS-F7.1.1.0
2024-05-13 16:52:42,163 [ERROR] RealEvaluatedCondition:428 - Found unsupported composite condition: GROUP='STM32_MetaDataManager' CLASS='Data Exchange'
2024-05-13 16:52:42,163 [ERROR] RealEvaluatedCondition:428 - Found unsupported composite condition: GROUP='STM32_MetaDataManager' CLASS='Data Exchange'
2024-05-13 16:52:42,165 [WARN] PackLoader:240 - Cannot read IP mode file for STMicroelectronics.FP-SNS-MOTENV1.4.3.0
2024-05-13 16:52:42,175 [WARN] PackLoader:240 - Cannot read IP mode file for STMicroelectronics.FP-SNS-MOTENV1.4.3.2
2024-05-13 16:52:42,186 [WARN] PackLoader:240 - Cannot read IP mode file for STMicroelectronics.FP-SNS-FLIGHT1.5.0.0
2024-05-13 16:52:42,194 [ERROR] RealEvaluatedCondition:428 - Found unsupported composite condition: CLASS='Data Exchange' GROUP='STM32_MetaDataManager'
2024-05-13 16:52:42,194 [ERROR] RealEvaluatedCondition:428 - Found unsupported composite condition: CLASS='Data Exchange' GROUP='STM32_MetaDataManager'
2024-05-13 16:52:42,195 [WARN] PackLoader:240 - Cannot read IP mode file for STMicroelectronics.FP-SNS-MOTENV1.4.3.1
2024-05-13 16:52:42,205 [WARN] PackLoader:240 - Cannot read IP mode file for STMicroelectronics.FP-SNS-FLIGHT1.5.0.1
2024-05-13 16:52:42,216 [WARN] PackLoader:240 - Cannot read IP mode file for STMicroelectronics.X-CUBE-BLE1.6.2.3
2024-05-13 16:52:42,226 [WARN] PackLoader:240 - Cannot read IP mode file for STMicroelectronics.X-CUBE-BLE1.6.2.4
2024-05-13 16:52:42,236 [WARN] PackLoader:240 - Cannot read IP mode file for STMicroelectronics.FP-SNS-FLIGHT1.5.0.2
2024-05-13 16:52:42,248 [WARN] PackLoader:240 - Cannot read IP mode file for STMicroelectronics.X-CUBE-TOF1.3.1.0
2024-05-13 16:52:42,261 [WARN] PackLoader:240 - Cannot read IP mode file for STMicroelectronics.X-CUBE-DISPLAY.3.0.0
2024-05-13 16:52:42,274 [WARN] PackLoader:240 - Cannot read IP mode file for STMicroelectronics.X-CUBE-BLE1.7.0.0
2024-05-13 16:52:42,283 [WARN] PackLoader:240 - Cannot read IP mode file for STMicroelectronics.X-CUBE-TOUCHGFX.4.22.0
2024-05-13 16:52:42,320 [WARN] PackLoader:240 - Cannot read IP mode file for STMicroelectronics.X-CUBE-MEMS1.9.3.0
2024-05-13 16:52:42,408 [WARN] PackLoader:240 - Cannot read IP mode file for STMicroelectronics.X-CUBE-AI.7.2.0
2024-05-13 16:52:42,425 [WARN] PackLoader:240 - Cannot read IP mode file for STMicroelectronics.X-CUBE-BLEMGR.3.1.0
2024-05-13 16:52:42,438 [WARN] PackLoader:240 - Cannot read IP mode file for STMicroelectronics.FP-SNS-SMARTAG2.1.2.0
2024-05-13 16:52:42,453 [INFO] LogOutputStream:77 - [STDOUT_REDIRECT] 1 : Invalid condition id : UX_CORESTACK_Condition cause : null
2024-05-13 16:52:42,453 [INFO] LogOutputStream:77 - [STDOUT_REDIRECT] 1 : Invalid condition id : UX_CORESTACK_Condition cause : null
2024-05-13 16:52:42,454 [INFO] LogOutputStream:77 - [STDOUT_REDIRECT] 1 : Invalid condition id : UX_CORESTACK_Condition cause : null
2024-05-13 16:52:42,454 [INFO] LogOutputStream:77 - [STDOUT_REDIRECT] 1 : Invalid condition id : UX_CORESTACK_Condition cause : null
2024-05-13 16:52:42,455 [INFO] LogOutputStream:77 - [STDOUT_REDIRECT] 1 : Invalid condition id : UX_CORESTACK_Condition cause : null
2024-05-13 16:52:42,456 [WARN] PackLoader:240 - Cannot read IP mode file for STMicroelectronics.X-CUBE-AZRTOS-WL.2.0.0
2024-05-13 16:52:42,469 [WARN] PackLoader:240 - Cannot read IP mode file for STMicroelectronics.FP-SNS-MOTENV1.5.0.0
2024-05-13 16:52:42,482 [WARN] PackLoader:240 - Cannot read IP mode file for WES.I-CUBE-Cesium.1.3.0
2024-05-13 16:52:42,493 [WARN] PackLoader:240 - Cannot read IP mode file for STMicroelectronics.X-CUBE-BLE2.3.3.0
2024-05-13 16:52:42,506 [WARN] PackLoader:240 - Cannot read IP mode file for STMicroelectronics.X-CUBE-DISPLAY.2.2.0
2024-05-13 16:52:42,523 [WARN] PackLoader:240 - Cannot read IP mode file for STMicroelectronics.X-CUBE-TOF1.3.2.0
2024-05-13 16:52:42,539 [WARN] PackLoader:240 - Cannot read IP mode file for STMicroelectronics.X-CUBE-ISPU.1.0.0
2024-05-13 16:52:42,563 [WARN] PackLoader:240 - Cannot read IP mode file for STMicroelectronics.X-CUBE-AZRTOS-H7.2.1.0
2024-05-13 16:52:42,577 [WARN] PackLoader:240 - Cannot read IP mode file for STMicroelectronics.X-CUBE-TCPP.4.1.0
2024-05-13 16:52:42,586 [WARN] PackLoader:240 - Cannot read IP mode file for STMicroelectronics.X-CUBE-TOUCHGFX.4.21.1
2024-05-13 16:52:42,597 [WARN] PackLoader:240 - Cannot read IP mode file for STMicroelectronics.X-CUBE-TOUCHGFX.4.21.3
2024-05-13 16:52:42,609 [WARN] PackLoader:240 - Cannot read IP mode file for STMicroelectronics.X-CUBE-TOUCHGFX.4.21.4
2024-05-13 16:52:42,646 [WARN] PackLoader:240 - Cannot read IP mode file for STMicroelectronics.X-CUBE-MEMS1.9.4.0
2024-05-13 16:52:42,726 [WARN] PackLoader:240 - Cannot read IP mode file for STMicroelectronics.X-CUBE-AI.7.3.0
2024-05-13 16:52:42,739 [WARN] PackLoader:240 - Cannot read IP mode file for STMicroelectronics.X-CUBE-ALGOBUILD.1.3.0
2024-05-13 16:52:42,764 [WARN] PackLoader:240 - Cannot read IP mode file for STMicroelectronics.X-CUBE-AZRTOS-G0.1.1.0
2024-05-13 16:52:42,776 [WARN] PackLoader:240 - Cannot read IP mode file for STMicroelectronics.X-CUBE-SAFEA1.1.2.2
2024-05-13 16:52:42,787 [WARN] PackLoader:240 - Cannot read IP mode file for STMicroelectronics.X-CUBE-NFC4.3.0.0
2024-05-13 16:52:42,819 [WARN] PackLoader:240 - Cannot read IP mode file for SEGGER.I-CUBE-embOS.1.2.0
2024-05-13 16:52:42,849 [WARN] PackLoader:240 - Cannot read IP mode file for STMicroelectronics.X-CUBE-BLEMGR.3.0.0
2024-05-13 16:52:42,864 [WARN] PackLoader:240 - Cannot read IP mode file for STMicroelectronics.X-CUBE-BLEMGR.1.3.0
2024-05-13 16:52:42,880 [WARN] PackLoader:240 - Cannot read IP mode file for STMicroelectronics.FP-ATR-SIGFOX1.3.2.0
2024-05-13 16:52:42,894 [WARN] PackLoader:240 - Cannot read IP mode file for STMicroelectronics.X-CUBE-EEPRMA1.5.1.0
2024-05-13 16:52:42,911 [WARN] PackLoader:240 - Cannot read IP mode file for emotas.I-CUBE-CANOPEN.1.1.2
2024-05-13 16:52:42,924 [WARN] PackLoader:240 - Cannot read IP mode file for STMicroelectronics.X-CUBE-TOUCHGFX.4.20.0
2024-05-13 16:52:42,962 [WARN] PackLoader:240 - Cannot read IP mode file for STMicroelectronics.X-CUBE-MEMS1.9.5.0
2024-05-13 16:52:43,049 [WARN] PackLoader:240 - Cannot read IP mode file for SEGGER.I-CUBE-embOS.1.3.1
2024-05-13 16:52:43,075 [WARN] PackLoader:240 - Cannot read IP mode file for STMicroelectronics.X-CUBE-GNSS1.6.0.0
2024-05-13 16:52:43,093 [WARN] PackLoader:240 - Cannot read IP mode file for STMicroelectronics.X-CUBE-AZRTOS-F4.1.1.0
2024-05-13 16:52:43,102 [WARN] PackLoader:240 - Cannot read IP mode file for STMicroelectronics.X-CUBE-FREERTOS.1.2.0
2024-05-13 16:52:43,112 [WARN] PackLoader:240 - Cannot read IP mode file for STMicroelectronics.X-CUBE-BLEMGR.1.2.0
2024-05-13 16:52:43,129 [WARN] PackLoader:240 - Cannot read IP mode file for STMicroelectronics.X-CUBE-AZRTOS-L5.2.0.0
2024-05-13 16:52:43,161 [WARN] PackLoader:240 - Cannot read IP mode file for STMicroelectronics.X-CUBE-MEMS1.9.6.0
2024-05-13 16:52:43,237 [WARN] PackLoader:240 - Cannot read IP mode file for STMicroelectronics.X-CUBE-EEPRMA1.4.2.0
2024-05-13 16:52:43,249 [WARN] PackLoader:240 - Cannot read IP mode file for STMicroelectronics.X-CUBE-NFC6.3.1.0
2024-05-13 16:52:43,261 [WARN] PackLoader:240 - Cannot read IP mode file for ITTIA_DB.I-CUBE-ITTIADB.8.8.0
2024-05-13 16:52:43,271 [WARN] PackLoader:240 - Cannot read IP mode file for STMicroelectronics.X-CUBE-BLEMGR.2.0.0
2024-05-13 16:52:43,279 [WARN] PackLoader:240 - Cannot read IP mode file for STMicroelectronics.X-CUBE-NFC4.2.0.4
2024-05-13 16:52:43,287 [WARN] PackLoader:240 - Cannot read IP mode file for STMicroelectronics.X-CUBE-AI.9.0.0
2024-05-13 16:52:43,304 [WARN] ConditionMgr:438 - getConditionDescription Invalid condition id : UX DEVICE CLASS RTOS Condition cause : null
2024-05-13 16:52:43,304 [WARN] ConditionMgr:438 - getConditionDescription Invalid condition id : UX DEVICE CLASS RTOS Condition cause : null
2024-05-13 16:52:43,305 [WARN] PackLoader:240 - Cannot read IP mode file for STMicroelectronics.X-CUBE-AZRTOS-H7.3.1.0
2024-05-13 16:52:43,305 [WARN] ConditionMgr:1039 - genDependencies : Invalid condition id : UX DEVICE CLASS RTOS Condition cause : null
2024-05-13 16:52:43,306 [WARN] ConditionMgr:1039 - genDependencies : Invalid condition id : UX DEVICE CLASS RTOS Condition cause : null
2024-05-13 16:52:43,306 [WARN] ConditionMgr:1039 - genDependencies : Invalid condition id : UX DEVICE CLASS RTOS Condition cause : null
2024-05-13 16:52:43,306 [WARN] ConditionMgr:1039 - genDependencies : Invalid condition id : UX DEVICE CLASS RTOS Condition cause : null
2024-05-13 16:52:43,306 [WARN] ConditionMgr:1039 - genDependencies : Invalid condition id : UX DEVICE CLASS RTOS Condition cause : null
2024-05-13 16:52:43,314 [WARN] PackLoader:240 - Cannot read IP mode file for wolfSSL.I-CUBE-wolfSSL.5.5.0
2024-05-13 16:52:43,323 [WARN] PackLoader:240 - Cannot read IP mode file for STMicroelectronics.X-CUBE-NFC7.1.0.1
2024-05-13 16:52:43,330 [WARN] PackLoader:240 - Cannot read IP mode file for STMicroelectronics.X-CUBE-NFC7.1.0.0
2024-05-13 16:52:43,338 [WARN] PackLoader:240 - Cannot read IP mode file for STMicroelectronics.X-CUBE-NFC6.3.0.0
2024-05-13 16:52:43,347 [WARN] PackLoader:240 - Cannot read IP mode file for STMicroelectronics.X-CUBE-EEPRMA1.4.1.0
2024-05-13 16:52:43,354 [WARN] PackLoader:240 - Cannot read IP mode file for STMicroelectronics.X-CUBE-AI.8.1.0
2024-05-13 16:52:43,372 [WARN] ConditionMgr:438 - getConditionDescription Invalid condition id : LAN8742 Phy interface Condition cause : null
2024-05-13 16:52:43,373 [WARN] PackLoader:240 - Cannot read IP mode file for STMicroelectronics.X-CUBE-AZRTOS-L4.2.0.0
2024-05-13 16:52:43,373 [WARN] ConditionMgr:1039 - genDependencies : Invalid condition id : LAN8742 Phy interface Condition cause : null
2024-05-13 16:52:43,373 [WARN] ConditionMgr:1039 - genDependencies : Invalid condition id : LAN8742 Phy interface Condition cause : null
2024-05-13 16:52:43,373 [WARN] ConditionMgr:1039 - genDependencies : Invalid condition id : LAN8742 Phy interface Condition cause : null
2024-05-13 16:52:43,382 [WARN] PackLoader:240 - Cannot read IP mode file for STMicroelectronics.X-CUBE-SFXS2LP1.4.0.0
2024-05-13 16:52:43,401 [WARN] PackLoader:240 - Cannot read IP mode file for STMicroelectronics.X-CUBE-AZRTOS-H7.3.0.0
2024-05-13 16:52:43,411 [WARN] PackLoader:240 - Cannot read IP mode file for STMicroelectronics.X-CUBE-ISPU.1.1.0
2024-05-13 16:52:43,420 [WARN] PackLoader:240 - Cannot read IP mode file for RoweBots.I-CUBE-UNISONRTOS.5.5.0-4
2024-05-13 16:52:43,429 [WARN] PackLoader:240 - Cannot read IP mode file for STMicroelectronics.X-CUBE-AI.8.0.0
2024-05-13 16:52:43,445 [WARN] ConditionMgr:438 - getConditionDescription Invalid condition id : UX DEVICE CLASS RTOS Condition cause : null
2024-05-13 16:52:43,445 [WARN] ConditionMgr:438 - getConditionDescription Invalid condition id : UX DEVICE CLASS RTOS Condition cause : null
2024-05-13 16:52:43,446 [WARN] PackLoader:240 - Cannot read IP mode file for STMicroelectronics.X-CUBE-AZRTOS-WB.2.0.0
2024-05-13 16:52:43,446 [WARN] ConditionMgr:1039 - genDependencies : Invalid condition id : UX DEVICE CLASS RTOS Condition cause : null
2024-05-13 16:52:43,446 [WARN] ConditionMgr:1039 - genDependencies : Invalid condition id : UX DEVICE CLASS RTOS Condition cause : null
2024-05-13 16:52:43,446 [WARN] ConditionMgr:1039 - genDependencies : Invalid condition id : UX DEVICE CLASS RTOS Condition cause : null
2024-05-13 16:52:43,446 [WARN] ConditionMgr:1039 - genDependencies : Invalid condition id : UX DEVICE CLASS RTOS Condition cause : null
2024-05-13 16:52:43,447 [WARN] ConditionMgr:1039 - genDependencies : Invalid condition id : UX DEVICE CLASS RTOS Condition cause : null
2024-05-13 16:52:43,456 [WARN] PackLoader:240 - Cannot read IP mode file for STMicroelectronics.X-CUBE-FREERTOS.1.0.0
2024-05-13 16:52:43,463 [WARN] PackLoader:240 - Cannot read IP mode file for STMicroelectronics.X-CUBE-FREERTOS.1.0.1
2024-05-13 16:52:43,474 [WARN] PackLoader:240 - Cannot read IP mode file for STMicroelectronics.X-CUBE-BLEMGR.1.0.0
2024-05-13 16:52:43,490 [WARN] PackLoader:240 - Cannot read IP mode file for STMicroelectronics.X-CUBE-AZRTOS-L5.1.1.0
2024-05-13 16:52:43,501 [WARN] PackLoader:240 - Cannot read IP mode file for STMicroelectronics.X-CUBE-AI.8.0.1
2024-05-13 16:52:43,514 [WARN] PackLoader:240 - Cannot read IP mode file for STMicroelectronics.X-CUBE-SUBG2.5.0.0
2024-05-13 16:52:43,528 [WARN] PackLoader:240 - Cannot read IP mode file for STMicroelectronics.X-CUBE-TOF1.3.3.1
2024-05-13 16:52:43,549 [WARN] PackLoader:240 - Cannot read IP mode file for STMicroelectronics.X-CUBE-AZRTOS-G4.2.0.0
2024-05-13 16:52:43,560 [WARN] PackLoader:240 - Cannot read IP mode file for STMicroelectronics.X-CUBE-TOF1.3.3.0
2024-05-13 16:52:43,571 [WARN] PackLoader:240 - Cannot read IP mode file for STMicroelectronics.FP-ATR-ASTRA1.1.1.1
2024-05-13 16:52:43,585 [WARN] PackLoader:240 - Cannot read IP mode file for Infineon.AIROC-Wi-Fi-Bluetooth-STM32.1.5.1
2024-05-13 16:52:43,595 [WARN] PackLoader:240 - Cannot read IP mode file for STMicroelectronics.FP-SNS-MOTENVWB1.1.3.1
2024-05-13 16:52:43,610 [WARN] PackLoader:240 - Cannot read IP mode file for STMicroelectronics.X-CUBE-AZRTOS-G4.1.0.0
2024-05-13 16:52:43,627 [WARN] PackLoader:240 - Cannot read IP mode file for STMicroelectronics.X-CUBE-AZRTOS-L4.1.0.0
2024-05-13 16:52:43,635 [WARN] PackLoader:240 - Cannot read IP mode file for STMicroelectronics.X-CUBE-ISPU.2.0.0
2024-05-13 16:52:43,661 [WARN] PackLoader:240 - Cannot read IP mode file for STMicroelectronics.X-CUBE-MEMS1.10.0.0
2024-05-13 16:52:43,709 [WARN] PackLoader:240 - Cannot read IP mode file for STMicroelectronics.X-CUBE-FREERTOS.1.1.0
2024-05-13 16:52:43,722 [WARN] PackLoader:240 - Cannot read IP mode file for STMicroelectronics.X-CUBE-AZRTOS-WL.1.0.0
2024-05-13 16:52:43,733 [WARN] PackLoader:240 - Cannot read IP mode file for portGmbH.I-Cube-SoM-uGOAL.1.1.0
2024-05-13 16:52:43,741 [WARN] PackLoader:240 - Cannot read IP mode file for STMicroelectronics.X-CUBE-ALS.1.0.1
2024-05-13 16:52:43,754 [WARN] PackLoader:240 - Cannot read IP mode file for STMicroelectronics.X-CUBE-AZRTOS-WB.1.1.0
2024-05-13 16:52:43,769 [WARN] PackLoader:240 - Cannot read IP mode file for STMicroelectronics.X-CUBE-AZRTOS-L5.1.0.0
2024-05-13 16:52:43,777 [WARN] PackLoader:240 - Cannot read IP mode file for STMicroelectronics.X-CUBE-EEPRMA1.3.1.1
2024-05-13 16:52:43,793 [WARN] PackLoader:240 - Cannot read IP mode file for STMicroelectronics.X-CUBE-AZRTOS-H7RS.1.0.0
2024-05-13 16:52:43,800 [WARN] PackLoader:240 - Cannot read IP mode file for STMicroelectronics.FP-ATR-ASTRA1.2.0.0
2024-05-13 16:52:43,813 [WARN] PackLoader:240 - Cannot read IP mode file for STMicroelectronics.X-CUBE-TOF1.3.4.0
2024-05-13 16:52:43,828 [WARN] PackLoader:240 - Cannot read IP mode file for STMicroelectronics.X-CUBE-TOF1.3.4.1
2024-05-13 16:52:43,847 [WARN] PackLoader:240 - Cannot read IP mode file for STMicroelectronics.X-CUBE-AZRTOS-H7.3.2.0
2024-05-13 16:52:43,849 [INFO] ThirdParty:978 - Integrity check success = true
2024-05-13 16:52:43,849 [INFO] IntegrityCheckThread:100 - exiting critical section [integrity check]
2024-05-13 16:52:43,849 [INFO] IntegrityCheckThread:103 - End integrity checks thread
2024-05-13 16:53:12,878 [ERROR] LogOutputStream:75 - [STDERR_REDIRECT] 
2024-05-13 18:10:20,220 [INFO] Activator:176 - 


2024-05-13 18:10:20,222 [INFO] Activator:177 - !SESSION log4j initialized
2024-05-13 18:10:23,798 [INFO] LogOutputStream:77 - [STDOUT_REDIRECT] 
2024-05-13 18:10:24,312 [INFO] ApplicationProperties:184 - Using Application install path: C:\ST\STM32CubeIDE_1.10.1\STM32CubeIDE\plugins\com.st.stm32cube.common.mx_6.11.1.202404110753
2024-05-13 18:10:24,324 [INFO] DbMcusXml:78 - Set database path to: C:\ST\STM32CubeIDE_1.10.1\STM32CubeIDE\plugins\com.st.stm32cube.common.mx_6.11.1.202404110753\\db\/mcu/
2024-05-13 18:10:24,324 [INFO] ApiDb:274 - Set plugin database path to: C:\ST\STM32CubeIDE_1.10.1\STM32CubeIDE\plugins\com.st.stm32cube.common.mx_6.11.1.202404110753\\db\/plugins/boardmanager/
2024-05-13 18:10:24,324 [WARN] ApiDb:259 - Overriding images path with different value:  => C:\ST\STM32CubeIDE_1.10.1\STM32CubeIDE\plugins\com.st.stm32cube.common.mx_6.11.1.202404110753\\db\/plugins/mcufinder/images/
2024-05-13 18:10:24,328 [INFO] ApiDb:250 - Set database path to: C:\Users\saksh\.stmcufinder\plugins\mcufinder//mcu/
2024-05-13 18:10:24,328 [INFO] DbMcusAds:125 - Set database path to: C:\Users\saksh\.stmcufinder\plugins\mcufinder//mcu/
2024-05-13 18:10:24,330 [INFO] CrossReferenceDbSqlite:203 - Set database path to: C:\Users\saksh\.stmcufinder\plugins\mcufinder//mcu/cs/
2024-05-13 18:10:24,416 [INFO] RulesReader:64 - Compatibility file has been processed (297 Rules)
2024-05-13 18:10:24,465 [INFO] DbMcusXml:78 - Set database path to: C:\ST\STM32CubeIDE_1.10.1\STM32CubeIDE\plugins\com.st.stm32cube.common.mx_6.11.1.202404110753\\db\/mcu/
2024-05-13 18:10:24,465 [INFO] ApiDb:274 - Set plugin database path to: C:\ST\STM32CubeIDE_1.10.1\STM32CubeIDE\plugins\com.st.stm32cube.common.mx_6.11.1.202404110753\\db\/plugins/boardmanager/
2024-05-13 18:10:24,465 [INFO] ApiDb:261 - Set plugin images path to: C:\ST\STM32CubeIDE_1.10.1\STM32CubeIDE\plugins\com.st.stm32cube.common.mx_6.11.1.202404110753\\db\/plugins/mcufinder/images/
2024-05-13 18:10:24,466 [WARN] DbFile:41 - Overriding database path with different value: C:\Users\saksh\.stmcufinder\plugins\mcufinder/ => C:\Users\saksh\.stmcufinder\plugins\mcufinder
2024-05-13 18:10:24,466 [INFO] ApiDb:250 - Set database path to: C:\Users\saksh\.stmcufinder\plugins\mcufinder//mcu/
2024-05-13 18:10:24,466 [WARN] DbFile:41 - Overriding database path with different value: C:\Users\saksh\.stmcufinder\plugins\mcufinder/ => C:\Users\saksh\.stmcufinder\plugins\mcufinder
2024-05-13 18:10:24,466 [INFO] DbMcusAds:125 - Set database path to: C:\Users\saksh\.stmcufinder\plugins\mcufinder//mcu/
2024-05-13 18:10:24,466 [WARN] DbFile:41 - Overriding database path with different value: C:\Users\saksh\.stmcufinder\plugins\mcufinder/ => C:\Users\saksh\.stmcufinder\plugins\mcufinder
2024-05-13 18:10:24,466 [WARN] DbFile:41 - Overriding database path with different value: C:\Users\saksh\.stmcufinder\plugins\mcufinder/ => C:\Users\saksh\.stmcufinder\plugins\mcufinder
2024-05-13 18:10:24,466 [INFO] CrossReferenceDbSqlite:203 - Set database path to: C:\Users\saksh\.stmcufinder\plugins\mcufinder//mcu/cs/
2024-05-13 18:10:24,513 [INFO] MainPanel:264 - HeapMemory: 268435456
2024-05-13 18:10:24,551 [INFO] DbMcusXml:78 - Set database path to: C:\ST\STM32CubeIDE_1.10.1\STM32CubeIDE\plugins\com.st.stm32cube.common.mx_6.11.1.202404110753\\db\/mcu/
2024-05-13 18:10:24,551 [INFO] ApiDb:274 - Set plugin database path to: C:\ST\STM32CubeIDE_1.10.1\STM32CubeIDE\plugins\com.st.stm32cube.common.mx_6.11.1.202404110753\\db\/plugins/boardmanager/
2024-05-13 18:10:24,551 [INFO] ApiDb:261 - Set plugin images path to: C:\ST\STM32CubeIDE_1.10.1\STM32CubeIDE\plugins\com.st.stm32cube.common.mx_6.11.1.202404110753\\db\/plugins/mcufinder/images/
2024-05-13 18:10:24,551 [WARN] DbFile:41 - Overriding database path with different value: C:\Users\saksh\.stmcufinder\plugins\mcufinder/ => C:\Users\saksh\.stmcufinder\plugins\mcufinder
2024-05-13 18:10:24,551 [INFO] ApiDb:250 - Set database path to: C:\Users\saksh\.stmcufinder\plugins\mcufinder//mcu/
2024-05-13 18:10:24,551 [WARN] DbFile:41 - Overriding database path with different value: C:\Users\saksh\.stmcufinder\plugins\mcufinder/ => C:\Users\saksh\.stmcufinder\plugins\mcufinder
2024-05-13 18:10:24,551 [INFO] DbMcusAds:125 - Set database path to: C:\Users\saksh\.stmcufinder\plugins\mcufinder//mcu/
2024-05-13 18:10:24,551 [WARN] DbFile:41 - Overriding database path with different value: C:\Users\saksh\.stmcufinder\plugins\mcufinder/ => C:\Users\saksh\.stmcufinder\plugins\mcufinder
2024-05-13 18:10:24,551 [WARN] DbFile:41 - Overriding database path with different value: C:\Users\saksh\.stmcufinder\plugins\mcufinder/ => C:\Users\saksh\.stmcufinder\plugins\mcufinder
2024-05-13 18:10:24,551 [INFO] CrossReferenceDbSqlite:203 - Set database path to: C:\Users\saksh\.stmcufinder\plugins\mcufinder//mcu/cs/
2024-05-13 18:10:24,561 [INFO] ApplicationProperties:184 - Using Application install path: C:\ST\STM32CubeIDE_1.10.1\STM32CubeIDE\plugins\com.st.stm32cube.common.mx_6.11.1.202404110753
2024-05-13 18:10:24,562 [INFO] PluginManage:196 - Search for loadable plugins [exclusion list=, ]
2024-05-13 18:10:24,562 [INFO] PluginManage:310 - Check plugin analytics
2024-05-13 18:10:24,655 [INFO] AnalyticsPlugin:253 - Accepted Software Licenses: 
2024-05-13 18:10:24,655 [INFO] AnalyticsPlugin:255 - Accepted CMSIS Pack Licenses: 
2024-05-13 18:10:24,655 [INFO] AnalyticsPlugin:257 - Accepted Firmware Licenses: FW.H7.1.10.0,FW.G4.1.5.0
2024-05-13 18:10:24,657 [INFO] PluginManage:359 - Loaded plugin analytics (category:tool,tabindex:-1)
2024-05-13 18:10:24,657 [INFO] PluginManage:310 - Check plugin cadmodel
2024-05-13 18:10:24,660 [INFO] CADModel:105 - Init CAD model plugin
2024-05-13 18:10:24,660 [INFO] PluginManage:359 - Loaded plugin cadmodel (category:power,tabindex:5)
2024-05-13 18:10:24,660 [INFO] PluginManage:310 - Check plugin clock
2024-05-13 18:10:24,664 [INFO] PluginManage:359 - Loaded plugin clock (category:base,tabindex:2)
2024-05-13 18:10:24,664 [INFO] PluginManage:310 - Check plugin ddr
2024-05-13 18:10:24,665 [INFO] PluginManage:359 - Loaded plugin ddr (category:tool,tabindex:6)
2024-05-13 18:10:24,666 [INFO] PluginManage:310 - Check plugin filemanager
2024-05-13 18:10:24,753 [INFO] PluginManage:359 - Loaded plugin filemanager (category:base,tabindex:10)
2024-05-13 18:10:24,753 [INFO] PluginManage:310 - Check plugin ipmanager
2024-05-13 18:10:24,758 [INFO] PluginManage:359 - Loaded plugin ipmanager (category:base,tabindex:5)
2024-05-13 18:10:24,758 [INFO] PluginManage:310 - Check plugin lpbam
2024-05-13 18:10:24,763 [INFO] PluginManage:359 - Loaded plugin lpbam (category:base,tabindex:0)
2024-05-13 18:10:24,763 [INFO] PluginManage:310 - Check plugin memorymap
2024-05-13 18:10:24,770 [INFO] PluginManage:359 - Loaded plugin memorymap (category:base,tabindex:4)
2024-05-13 18:10:24,770 [INFO] PluginManage:310 - Check plugin pinoutandconfiguration
2024-05-13 18:10:24,774 [INFO] PluginManage:359 - Loaded plugin pinoutandconfiguration (category:base,tabindex:1)
2024-05-13 18:10:24,774 [INFO] PluginManage:310 - Check plugin pinoutconfig
2024-05-13 18:10:24,824 [WARN] SupportedApi:132 - Cannot load RTOS API schema: s4s-elt-must-match.1: The content of 'definitions' must match (annotation?, (simpleType | complexType)?, (unique | key | keyref)*)). A problem was found starting at: attribute.
2024-05-13 18:10:24,900 [INFO] PluginManage:359 - Loaded plugin pinoutconfig (category:base,tabindex:0)
2024-05-13 18:10:24,901 [INFO] PluginManage:310 - Check plugin power
2024-05-13 18:10:24,905 [INFO] PluginManage:359 - Loaded plugin power (category:power,tabindex:4)
2024-05-13 18:10:24,905 [INFO] PluginManage:310 - Check plugin projectmanager
2024-05-13 18:10:24,916 [INFO] PluginManage:359 - Loaded plugin projectmanager (category:projectmanager,tabindex:3)
2024-05-13 18:10:24,916 [INFO] PluginManage:310 - Check plugin thirdparty
2024-05-13 18:10:24,991 [INFO] PluginManage:359 - Loaded plugin thirdparty (category:base,tabindex:-1)
2024-05-13 18:10:24,991 [WARN] IntegrityCheckThread:84 - waiting for thirdparty lock release [integrity check]
2024-05-13 18:10:24,991 [INFO] PluginManage:310 - Check plugin tools
2024-05-13 18:10:24,992 [INFO] IntegrityCheckThread:86 - entering critical section [integrity check]
2024-05-13 18:10:24,992 [INFO] ThirdPartyUpdaterWithRetryManager:70 - Updater plugin not ready yet. [1/15]
2024-05-13 18:10:24,993 [INFO] PluginManage:359 - Loaded plugin tools (category:base,tabindex:7)
2024-05-13 18:10:24,993 [INFO] PluginManage:310 - Check plugin tutovideos
2024-05-13 18:10:25,094 [INFO] PluginManage:359 - Loaded plugin tutovideos (category:base,tabindex:-1)
2024-05-13 18:10:25,094 [INFO] PluginManage:310 - Check plugin updater
2024-05-13 18:10:25,100 [INFO] PluginManage:359 - Loaded plugin updater (category:base,tabindex:12)
2024-05-13 18:10:25,100 [INFO] PluginManage:310 - Check plugin userauth
2024-05-13 18:10:25,104 [INFO] UserAuth:114 - Init User Auth plugin
2024-05-13 18:10:25,104 [INFO] PluginManage:359 - Loaded plugin userauth (category:base,tabindex:14)
2024-05-13 18:10:25,104 [INFO] PluginManage:283 - PluginManage : Loaded plugins [17]
2024-05-13 18:10:25,239 [INFO] PinOutPanel:1561 - setPackage(No Configuration,No Configuration)
2024-05-13 18:10:25,287 [INFO] CADModel:165 - CPN selected for project level
2024-05-13 18:10:25,288 [INFO] CADModel:114 - Register for checkConnection events
2024-05-13 18:10:25,299 [INFO] IPUIPlugin:80 - create IPUIPlugin
2024-05-13 18:10:25,299 [INFO] PluginManager:220 - loadIPPluginJar : add adc
2024-05-13 18:10:25,300 [INFO] IPUIPlugin:80 - create IPUIPlugin
2024-05-13 18:10:25,300 [INFO] PluginManager:220 - loadIPPluginJar : add aes
2024-05-13 18:10:25,302 [INFO] IPUIPlugin:80 - create IPUIPlugin
2024-05-13 18:10:25,302 [INFO] PluginManager:220 - loadIPPluginJar : add can
2024-05-13 18:10:25,303 [INFO] IPUIPlugin:80 - create IPUIPlugin
2024-05-13 18:10:25,303 [INFO] PluginManager:220 - loadIPPluginJar : add comp
2024-05-13 18:10:25,304 [INFO] IPUIPlugin:80 - create IPUIPlugin
2024-05-13 18:10:25,304 [INFO] PluginManager:220 - loadIPPluginJar : add cryp
2024-05-13 18:10:25,305 [INFO] IPUIPlugin:80 - create IPUIPlugin
2024-05-13 18:10:25,305 [INFO] PluginManager:220 - loadIPPluginJar : add dfsdm
2024-05-13 18:10:25,308 [INFO] IPUIPlugin:80 - create IPUIPlugin
2024-05-13 18:10:25,309 [INFO] PluginManager:220 - loadIPPluginJar : add dma
2024-05-13 18:10:25,310 [INFO] IPUIPlugin:80 - create IPUIPlugin
2024-05-13 18:10:25,310 [INFO] PluginManager:220 - loadIPPluginJar : add dma3
2024-05-13 18:10:25,311 [INFO] IPUIPlugin:80 - create IPUIPlugin
2024-05-13 18:10:25,311 [INFO] PluginManager:220 - loadIPPluginJar : add extmemmanager
2024-05-13 18:10:25,312 [INFO] IPUIPlugin:80 - create IPUIPlugin
2024-05-13 18:10:25,312 [INFO] PluginManager:220 - loadIPPluginJar : add fatfs
2024-05-13 18:10:25,313 [INFO] IPUIPlugin:80 - create IPUIPlugin
2024-05-13 18:10:25,313 [INFO] PluginManager:220 - loadIPPluginJar : add fmc
2024-05-13 18:10:25,316 [INFO] IPUIPlugin:80 - create IPUIPlugin
2024-05-13 18:10:25,316 [INFO] PluginManager:220 - loadIPPluginJar : add freertos
2024-05-13 18:10:25,317 [INFO] IPUIPlugin:80 - create IPUIPlugin
2024-05-13 18:10:25,317 [INFO] PluginManager:220 - loadIPPluginJar : add genericplugin
2024-05-13 18:10:25,318 [INFO] IPUIPlugin:80 - create IPUIPlugin
2024-05-13 18:10:25,318 [INFO] PluginManager:220 - loadIPPluginJar : add gfxmmu
2024-05-13 18:10:25,322 [INFO] IPUIPlugin:80 - create IPUIPlugin
2024-05-13 18:10:25,322 [INFO] PluginManager:220 - loadIPPluginJar : add gic
2024-05-13 18:10:25,324 [INFO] IPUIPlugin:80 - create IPUIPlugin
2024-05-13 18:10:25,324 [INFO] PluginManager:220 - loadIPPluginJar : add gpio
2024-05-13 18:10:25,326 [INFO] IPUIPlugin:80 - create IPUIPlugin
2024-05-13 18:10:25,326 [INFO] PluginManager:220 - loadIPPluginJar : add gtzc
2024-05-13 18:10:25,327 [INFO] IPUIPlugin:80 - create IPUIPlugin
2024-05-13 18:10:25,327 [INFO] PluginManager:220 - loadIPPluginJar : add hash
2024-05-13 18:10:25,328 [INFO] IPUIPlugin:80 - create IPUIPlugin
2024-05-13 18:10:25,328 [INFO] PluginManager:220 - loadIPPluginJar : add i2c
2024-05-13 18:10:25,330 [INFO] IPUIPlugin:80 - create IPUIPlugin
2024-05-13 18:10:25,330 [INFO] PluginManager:220 - loadIPPluginJar : add i2s
2024-05-13 18:10:25,331 [INFO] IPUIPlugin:80 - create IPUIPlugin
2024-05-13 18:10:25,331 [INFO] PluginManager:220 - loadIPPluginJar : add i3c
2024-05-13 18:10:25,333 [INFO] IPUIPlugin:80 - create IPUIPlugin
2024-05-13 18:10:25,333 [INFO] PluginManager:220 - loadIPPluginJar : add ipddr
2024-05-13 18:10:25,337 [INFO] IPUIPlugin:80 - create IPUIPlugin
2024-05-13 18:10:25,337 [INFO] PluginManager:220 - loadIPPluginJar : add linkedlist
2024-05-13 18:10:25,339 [INFO] IPUIPlugin:80 - create IPUIPlugin
2024-05-13 18:10:25,339 [INFO] PluginManager:220 - loadIPPluginJar : add lorawan
2024-05-13 18:10:25,340 [INFO] IPUIPlugin:80 - create IPUIPlugin
2024-05-13 18:10:25,340 [INFO] PluginManager:220 - loadIPPluginJar : add ltdc
2024-05-13 18:10:25,344 [INFO] IPUIPlugin:80 - create IPUIPlugin
2024-05-13 18:10:25,344 [INFO] PluginManager:220 - loadIPPluginJar : add mdma
2024-05-13 18:10:25,345 [INFO] IPUIPlugin:80 - create IPUIPlugin
2024-05-13 18:10:25,345 [INFO] PluginManager:220 - loadIPPluginJar : add nvic
2024-05-13 18:10:25,347 [INFO] IPUIPlugin:80 - create IPUIPlugin
2024-05-13 18:10:25,347 [INFO] PluginManager:220 - loadIPPluginJar : add opamp
2024-05-13 18:10:25,348 [INFO] IPUIPlugin:80 - create IPUIPlugin
2024-05-13 18:10:25,348 [INFO] PluginManager:220 - loadIPPluginJar : add openamp
2024-05-13 18:10:25,350 [INFO] IPUIPlugin:80 - create IPUIPlugin
2024-05-13 18:10:25,350 [INFO] PluginManager:220 - loadIPPluginJar : add pdm2pcm
2024-05-13 18:10:25,353 [INFO] IPUIPlugin:80 - create IPUIPlugin
2024-05-13 18:10:25,354 [INFO] PluginManager:220 - loadIPPluginJar : add plateformsettings
2024-05-13 18:10:25,355 [INFO] IPUIPlugin:80 - create IPUIPlugin
2024-05-13 18:10:25,355 [INFO] PluginManager:220 - loadIPPluginJar : add quadspi
2024-05-13 18:10:25,357 [INFO] IPUIPlugin:80 - create IPUIPlugin
2024-05-13 18:10:25,357 [INFO] PluginManager:220 - loadIPPluginJar : add resmgrutility
2024-05-13 18:10:25,359 [INFO] IPUIPlugin:80 - create IPUIPlugin
2024-05-13 18:10:25,359 [INFO] PluginManager:220 - loadIPPluginJar : add sai
2024-05-13 18:10:25,360 [INFO] IPUIPlugin:80 - create IPUIPlugin
2024-05-13 18:10:25,360 [INFO] PluginManager:220 - loadIPPluginJar : add spi
2024-05-13 18:10:25,364 [INFO] IPUIPlugin:80 - create IPUIPlugin
2024-05-13 18:10:25,364 [INFO] PluginManager:220 - loadIPPluginJar : add stm32_wpan
2024-05-13 18:10:25,365 [INFO] IPUIPlugin:80 - create IPUIPlugin
2024-05-13 18:10:25,365 [INFO] PluginManager:220 - loadIPPluginJar : add tim
2024-05-13 18:10:25,367 [INFO] IPUIPlugin:80 - create IPUIPlugin
2024-05-13 18:10:25,367 [INFO] PluginManager:220 - loadIPPluginJar : add touchsensing
2024-05-13 18:10:25,368 [INFO] IPUIPlugin:80 - create IPUIPlugin
2024-05-13 18:10:25,368 [INFO] PluginManager:220 - loadIPPluginJar : add tracer_emb
2024-05-13 18:10:25,369 [INFO] IPUIPlugin:80 - create IPUIPlugin
2024-05-13 18:10:25,369 [INFO] PluginManager:220 - loadIPPluginJar : add ts
2024-05-13 18:10:25,370 [INFO] IPUIPlugin:80 - create IPUIPlugin
2024-05-13 18:10:25,370 [INFO] PluginManager:220 - loadIPPluginJar : add tsc
2024-05-13 18:10:25,370 [INFO] IPUIPlugin:80 - create IPUIPlugin
2024-05-13 18:10:25,370 [INFO] PluginManager:220 - loadIPPluginJar : add ucpd
2024-05-13 18:10:25,372 [INFO] IPUIPlugin:80 - create IPUIPlugin
2024-05-13 18:10:25,372 [INFO] PluginManager:220 - loadIPPluginJar : add usart
2024-05-13 18:10:25,374 [INFO] IPUIPlugin:80 - create IPUIPlugin
2024-05-13 18:10:25,374 [INFO] PluginManager:220 - loadIPPluginJar : add usbx
2024-05-13 18:10:25,477 [INFO] CADModel:165 - CPN selected for project level
2024-05-13 18:10:25,477 [INFO] CADModel:114 - Register for checkConnection events
2024-05-13 18:10:25,477 [FATAL] Updater:308 - Updater called before beeing initialized
2024-05-13 18:10:25,477 [ERROR] CADModel:125 - Updater not yet initialized, retry later 
2024-05-13 18:10:25,554 [INFO] CADModel:165 - CPN selected for project level
2024-05-13 18:10:25,554 [INFO] CADModel:114 - Register for checkConnection events
2024-05-13 18:10:25,554 [FATAL] Updater:308 - Updater called before beeing initialized
2024-05-13 18:10:25,554 [ERROR] CADModel:125 - Updater not yet initialized, retry later 
2024-05-13 18:10:25,556 [FATAL] Updater:308 - Updater called before beeing initialized
2024-05-13 18:10:25,618 [FATAL] Updater:308 - Updater called before beeing initialized
2024-05-13 18:10:25,621 [INFO] DbMcusAds:53 - JSON generation date=Wed Nov 29 16:22:27 IST 2023 (1701255147349)
2024-05-13 18:10:25,621 [FATAL] Updater:308 - Updater called before beeing initialized
2024-05-13 18:10:25,643 [WARN] DetailPanel:346 - Failed to get advertising image, set to default
2024-05-13 18:10:25,703 [FATAL] Updater:308 - Updater called before beeing initialized
2024-05-13 18:10:25,704 [FATAL] Updater:308 - Updater called before beeing initialized
2024-05-13 18:10:25,704 [FATAL] Updater:308 - Updater called before beeing initialized
2024-05-13 18:10:25,704 [WARN] DetailPanel:346 - Failed to get advertising image, set to default
2024-05-13 18:10:25,705 [FATAL] Updater:308 - Updater called before beeing initialized
2024-05-13 18:10:25,730 [ERROR] Updater:1120 - MainUpdater not yet initialized. External WinMGr cannot be set.
2024-05-13 18:10:25,732 [INFO] Updater:1056 - Updater Version found : 6.11.1
2024-05-13 18:10:25,747 [INFO] ApplicationProperties:184 - Using Application install path: C:\ST\STM32CubeIDE_1.10.1\STM32CubeIDE\plugins\com.st.stm32cube.common.mx_6.11.1.202404110753
2024-05-13 18:10:27,310 [ERROR] LogOutputStream:75 - [STDERR_REDIRECT] May 13, 2024 6:10:27 PM java.util.prefs.WindowsPreferences <init>
2024-05-13 18:10:27,311 [ERROR] LogOutputStream:75 - [STDERR_REDIRECT] WARNING: Could not open/create prefs root node Software\JavaSoft\Prefs at root 0xffffffff80000002. Windows RegCreateKeyEx(...) returned error code 5.
2024-05-13 18:10:27,311 [ERROR] LogOutputStream:75 - [STDERR_REDIRECT] 
2024-05-13 18:10:27,917 [INFO] MainUpdater:2873 - connection check result : 10
2024-05-13 18:10:27,917 [INFO] MainUpdater:3567 - Updater definition file requires update
2024-05-13 18:10:27,918 [INFO] MainUpdater:290 - Updater Check For Update Now.
2024-05-13 18:10:27,918 [INFO] MicroXplorer:498 - Change Database Version : DB.6.0.111
2024-05-13 18:10:27,924 [INFO] McuFinderGlobals:63 - Set McuFinder mode to 2 (CubeIDE integrated)
2024-05-13 18:10:27,924 [INFO] UserAuth:179 - activating auth plugin
2024-05-13 18:10:27,925 [INFO] UserAuth:415 - Internet connection configuration mode: 1
2024-05-13 18:10:27,940 [INFO] JxBrowserEngine:152 - Initiate JxBrowser Engine with user profile folder
2024-05-13 18:10:27,994 [WARN] MainUpdater:1194 - Updater busy. Cannot search thirdparties
2024-05-13 18:10:27,994 [INFO] ThirdPartyUpdaterWithRetryManager:96 - Updater plugin is busy. [1/15]
2024-05-13 18:10:29,689 [INFO] ServerAccessManage:473 - Download File updaters.zip
2024-05-13 18:10:29,825 [INFO] FileExtend:240 - Unzip File : updaters.zip
2024-05-13 18:10:29,825 [INFO] FileExtend:255 - Standard Zip Deflate
2024-05-13 18:10:30,778 [INFO] ServerAccessManage:473 - Download File PacksControlFlags.xml
2024-05-13 18:10:30,998 [WARN] MainUpdater:1194 - Updater busy. Cannot search thirdparties
2024-05-13 18:10:30,998 [INFO] ThirdPartyUpdaterWithRetryManager:96 - Updater plugin is busy. [2/15]
2024-05-13 18:10:31,463 [INFO] WebApp:161 - Instantiating new browser for Auth
2024-05-13 18:10:31,605 [INFO] ServerAccessManage:473 - Download File cubemx.pidx
2024-05-13 18:10:32,075 [INFO] WebApp:779 - Register for checkConnection events
2024-05-13 18:10:32,076 [INFO] WebApp:414 - Apply proxy settings
2024-05-13 18:10:32,076 [INFO] WebApp:499 - Chromium requires no authentication
2024-05-13 18:10:32,086 [INFO] WebApp:442 - Direct internet connection detected
2024-05-13 18:10:32,243 [INFO] WebApp:192 - Starting web application
2024-05-13 18:10:32,243 [INFO] WebApp:544 - Web application path used C:\ST\STM32CubeIDE_1.10.1\STM32CubeIDE\plugins\com.st.stm32cube.common.mx_6.11.1.202404110753\db\plugins\mcufinder\reactClient1\index.html
2024-05-13 18:10:33,045 [INFO] ServerAccessManage:473 - Download File STMicroelectronics.X-CUBE-ALGOBUILD.pdsc
2024-05-13 18:10:33,999 [WARN] MainUpdater:1194 - Updater busy. Cannot search thirdparties
2024-05-13 18:10:33,999 [INFO] ThirdPartyUpdaterWithRetryManager:96 - Updater plugin is busy. [3/15]
2024-05-13 18:10:37,000 [WARN] MainUpdater:1194 - Updater busy. Cannot search thirdparties
2024-05-13 18:10:37,000 [INFO] ThirdPartyUpdaterWithRetryManager:96 - Updater plugin is busy. [4/15]
2024-05-13 18:10:39,803 [INFO] ServerAccessManage:473 - Download File Cesanta.I-CUBE-Mongoose.pdsc
2024-05-13 18:10:40,003 [WARN] MainUpdater:1194 - Updater busy. Cannot search thirdparties
2024-05-13 18:10:40,003 [INFO] ThirdPartyUpdaterWithRetryManager:96 - Updater plugin is busy. [5/15]
2024-05-13 18:10:40,575 [ERROR] ServerAccessManage:1089 - Problem, file not found on Server
2024-05-13 18:10:40,630 [WARN] PackLoader:240 - Cannot read IP mode file for STMicroelectronics.X-CUBE-ALGOBUILD.1.4.0
2024-05-13 18:10:40,635 [WARN] PackLoader:240 - Cannot read IP mode file for Cesanta.I-CUBE-Mongoose.7.13.0
2024-05-13 18:10:40,635 [INFO] PopulateThirdPartyThread:66 - Ending populate Thread
2024-05-13 18:10:40,636 [INFO] ThirdParty:1030 - CMSIS Pack Vendor :Cesanta I-CUBE-Mongoose 7.13.0
2024-05-13 18:10:40,636 [INFO] ThirdParty:1030 - CMSIS Pack Vendor :STMicroelectronics X-CUBE-ALGOBUILD 1.4.0
2024-05-13 18:10:40,636 [INFO] LoadServerUpdatesThread:375 - End of LoadServerUpdate Thread
2024-05-13 18:10:40,739 [INFO] CheckServerUpdateThread:120 - End of CheckServer Thread
2024-05-13 18:10:43,083 [WARN] PackLoader:240 - Cannot read IP mode file for STMicroelectronics.FP-SNS-MOTENVWB1.1.4.0
2024-05-13 18:10:43,087 [WARN] PackLoader:240 - Cannot read IP mode file for STMicroelectronics.X-CUBE-SMBUS.2.1.0
2024-05-13 18:10:43,089 [WARN] PackLoader:240 - Cannot read IP mode file for STMicroelectronics.X-CUBE-TOUCHGFX.4.23.1
2024-05-13 18:10:43,090 [WARN] PackLoader:240 - Cannot read IP mode file for STMicroelectronics.X-CUBE-TOUCHGFX.4.23.0
2024-05-13 18:10:43,091 [WARN] PackLoader:240 - Cannot read IP mode file for STMicroelectronics.X-CUBE-TOUCHGFX.4.23.2
2024-05-13 18:10:43,103 [WARN] PackLoader:240 - Cannot read IP mode file for STMicroelectronics.X-CUBE-AZRTOS-F7.1.1.0
2024-05-13 18:10:43,110 [ERROR] RealEvaluatedCondition:428 - Found unsupported composite condition: GROUP='STM32_MetaDataManager' CLASS='Data Exchange'
2024-05-13 18:10:43,110 [ERROR] RealEvaluatedCondition:428 - Found unsupported composite condition: GROUP='STM32_MetaDataManager' CLASS='Data Exchange'
2024-05-13 18:10:43,111 [WARN] PackLoader:240 - Cannot read IP mode file for STMicroelectronics.FP-SNS-MOTENV1.4.3.0
2024-05-13 18:10:43,114 [WARN] PackLoader:240 - Cannot read IP mode file for STMicroelectronics.FP-SNS-MOTENV1.4.3.2
2024-05-13 18:10:43,118 [WARN] PackLoader:240 - Cannot read IP mode file for STMicroelectronics.FP-SNS-FLIGHT1.5.0.0
2024-05-13 18:10:43,120 [ERROR] RealEvaluatedCondition:428 - Found unsupported composite condition: CLASS='Data Exchange' GROUP='STM32_MetaDataManager'
2024-05-13 18:10:43,120 [ERROR] RealEvaluatedCondition:428 - Found unsupported composite condition: CLASS='Data Exchange' GROUP='STM32_MetaDataManager'
2024-05-13 18:10:43,121 [WARN] PackLoader:240 - Cannot read IP mode file for STMicroelectronics.FP-SNS-MOTENV1.4.3.1
2024-05-13 18:10:43,123 [WARN] PackLoader:240 - Cannot read IP mode file for STMicroelectronics.FP-SNS-FLIGHT1.5.0.1
2024-05-13 18:10:43,128 [WARN] PackLoader:240 - Cannot read IP mode file for STMicroelectronics.X-CUBE-BLE1.6.2.3
2024-05-13 18:10:43,130 [WARN] PackLoader:240 - Cannot read IP mode file for STMicroelectronics.X-CUBE-BLE1.6.2.4
2024-05-13 18:10:43,134 [WARN] PackLoader:240 - Cannot read IP mode file for STMicroelectronics.FP-SNS-FLIGHT1.5.0.2
2024-05-13 18:10:43,138 [WARN] PackLoader:240 - Cannot read IP mode file for STMicroelectronics.X-CUBE-TOF1.3.1.0
2024-05-13 18:10:43,145 [WARN] PackLoader:240 - Cannot read IP mode file for STMicroelectronics.X-CUBE-DISPLAY.3.0.0
2024-05-13 18:10:43,150 [WARN] PackLoader:240 - Cannot read IP mode file for STMicroelectronics.X-CUBE-BLE1.7.0.0
2024-05-13 18:10:43,151 [WARN] PackLoader:240 - Cannot read IP mode file for STMicroelectronics.X-CUBE-TOUCHGFX.4.22.0
2024-05-13 18:10:43,170 [WARN] PackLoader:240 - Cannot read IP mode file for STMicroelectronics.X-CUBE-MEMS1.9.3.0
2024-05-13 18:10:43,240 [WARN] PackLoader:240 - Cannot read IP mode file for STMicroelectronics.X-CUBE-AI.7.2.0
2024-05-13 18:10:43,244 [WARN] PackLoader:240 - Cannot read IP mode file for STMicroelectronics.X-CUBE-BLEMGR.3.1.0
2024-05-13 18:10:43,248 [WARN] PackLoader:240 - Cannot read IP mode file for STMicroelectronics.FP-SNS-SMARTAG2.1.2.0
2024-05-13 18:10:43,253 [INFO] LogOutputStream:77 - [STDOUT_REDIRECT] 1 : Invalid condition id : UX_CORESTACK_Condition cause : null
2024-05-13 18:10:43,253 [INFO] LogOutputStream:77 - [STDOUT_REDIRECT] 1 : Invalid condition id : UX_CORESTACK_Condition cause : null
2024-05-13 18:10:43,254 [INFO] LogOutputStream:77 - [STDOUT_REDIRECT] 1 : Invalid condition id : UX_CORESTACK_Condition cause : null
2024-05-13 18:10:43,254 [INFO] LogOutputStream:77 - [STDOUT_REDIRECT] 1 : Invalid condition id : UX_CORESTACK_Condition cause : null
2024-05-13 18:10:43,255 [INFO] LogOutputStream:77 - [STDOUT_REDIRECT] 1 : Invalid condition id : UX_CORESTACK_Condition cause : null
2024-05-13 18:10:43,256 [WARN] PackLoader:240 - Cannot read IP mode file for STMicroelectronics.X-CUBE-AZRTOS-WL.2.0.0
2024-05-13 18:10:43,261 [WARN] PackLoader:240 - Cannot read IP mode file for STMicroelectronics.FP-SNS-MOTENV1.5.0.0
2024-05-13 18:10:43,268 [WARN] PackLoader:240 - Cannot read IP mode file for WES.I-CUBE-Cesium.1.3.0
2024-05-13 18:10:43,270 [WARN] PackLoader:240 - Cannot read IP mode file for STMicroelectronics.X-CUBE-BLE2.3.3.0
2024-05-13 18:10:43,273 [WARN] PackLoader:240 - Cannot read IP mode file for STMicroelectronics.X-CUBE-DISPLAY.2.2.0
2024-05-13 18:10:43,278 [WARN] PackLoader:240 - Cannot read IP mode file for STMicroelectronics.X-CUBE-TOF1.3.2.0
2024-05-13 18:10:43,283 [WARN] PackLoader:240 - Cannot read IP mode file for STMicroelectronics.X-CUBE-ISPU.1.0.0
2024-05-13 18:10:43,291 [WARN] PackLoader:240 - Cannot read IP mode file for STMicroelectronics.X-CUBE-AZRTOS-H7.2.1.0
2024-05-13 18:10:43,295 [WARN] PackLoader:240 - Cannot read IP mode file for STMicroelectronics.X-CUBE-TCPP.4.1.0
2024-05-13 18:10:43,298 [WARN] PackLoader:240 - Cannot read IP mode file for STMicroelectronics.X-CUBE-TOUCHGFX.4.21.1
2024-05-13 18:10:43,300 [WARN] PackLoader:240 - Cannot read IP mode file for STMicroelectronics.X-CUBE-TOUCHGFX.4.21.3
2024-05-13 18:10:43,301 [WARN] PackLoader:240 - Cannot read IP mode file for STMicroelectronics.X-CUBE-TOUCHGFX.4.21.4
2024-05-13 18:10:43,319 [WARN] PackLoader:240 - Cannot read IP mode file for STMicroelectronics.X-CUBE-MEMS1.9.4.0
2024-05-13 18:10:43,373 [WARN] PackLoader:240 - Cannot read IP mode file for STMicroelectronics.X-CUBE-AI.7.3.0
2024-05-13 18:10:43,378 [WARN] PackLoader:240 - Cannot read IP mode file for STMicroelectronics.X-CUBE-ALGOBUILD.1.3.0
2024-05-13 18:10:43,387 [WARN] PackLoader:240 - Cannot read IP mode file for STMicroelectronics.X-CUBE-AZRTOS-G0.1.1.0
2024-05-13 18:10:43,391 [WARN] PackLoader:240 - Cannot read IP mode file for STMicroelectronics.X-CUBE-SAFEA1.1.2.2
2024-05-13 18:10:43,395 [WARN] PackLoader:240 - Cannot read IP mode file for STMicroelectronics.X-CUBE-NFC4.3.0.0
2024-05-13 18:10:43,417 [WARN] PackLoader:240 - Cannot read IP mode file for SEGGER.I-CUBE-embOS.1.2.0
2024-05-13 18:10:43,441 [WARN] PackLoader:240 - Cannot read IP mode file for STMicroelectronics.X-CUBE-BLEMGR.3.0.0
2024-05-13 18:10:43,449 [WARN] PackLoader:240 - Cannot read IP mode file for STMicroelectronics.X-CUBE-BLEMGR.1.3.0
2024-05-13 18:10:43,452 [WARN] PackLoader:240 - Cannot read IP mode file for STMicroelectronics.FP-ATR-SIGFOX1.3.2.0
2024-05-13 18:10:43,455 [WARN] PackLoader:240 - Cannot read IP mode file for STMicroelectronics.X-CUBE-EEPRMA1.5.1.0
2024-05-13 18:10:43,459 [WARN] PackLoader:240 - Cannot read IP mode file for emotas.I-CUBE-CANOPEN.1.1.2
2024-05-13 18:10:43,461 [WARN] PackLoader:240 - Cannot read IP mode file for STMicroelectronics.X-CUBE-TOUCHGFX.4.20.0
2024-05-13 18:10:43,479 [WARN] PackLoader:240 - Cannot read IP mode file for STMicroelectronics.X-CUBE-MEMS1.9.5.0
2024-05-13 18:10:43,569 [WARN] PackLoader:240 - Cannot read IP mode file for SEGGER.I-CUBE-embOS.1.3.1
2024-05-13 18:10:43,595 [WARN] PackLoader:240 - Cannot read IP mode file for STMicroelectronics.X-CUBE-ALGOBUILD.1.4.0
2024-05-13 18:10:43,598 [WARN] PackLoader:240 - Cannot read IP mode file for STMicroelectronics.X-CUBE-GNSS1.6.0.0
2024-05-13 18:10:43,606 [WARN] PackLoader:240 - Cannot read IP mode file for STMicroelectronics.X-CUBE-AZRTOS-F4.1.1.0
2024-05-13 18:10:43,610 [WARN] PackLoader:240 - Cannot read IP mode file for STMicroelectronics.X-CUBE-FREERTOS.1.2.0
2024-05-13 18:10:43,614 [WARN] PackLoader:240 - Cannot read IP mode file for STMicroelectronics.X-CUBE-BLEMGR.1.2.0
2024-05-13 18:10:43,623 [WARN] PackLoader:240 - Cannot read IP mode file for STMicroelectronics.X-CUBE-AZRTOS-L5.2.0.0
2024-05-13 18:10:43,645 [WARN] PackLoader:240 - Cannot read IP mode file for STMicroelectronics.X-CUBE-MEMS1.9.6.0
2024-05-13 18:10:43,722 [WARN] PackLoader:240 - Cannot read IP mode file for STMicroelectronics.X-CUBE-EEPRMA1.4.2.0
2024-05-13 18:10:43,727 [WARN] PackLoader:240 - Cannot read IP mode file for STMicroelectronics.X-CUBE-NFC6.3.1.0
2024-05-13 18:10:43,731 [WARN] PackLoader:240 - Cannot read IP mode file for ITTIA_DB.I-CUBE-ITTIADB.8.8.0
2024-05-13 18:10:43,734 [WARN] PackLoader:240 - Cannot read IP mode file for STMicroelectronics.X-CUBE-BLEMGR.2.0.0
2024-05-13 18:10:43,737 [WARN] PackLoader:240 - Cannot read IP mode file for STMicroelectronics.X-CUBE-NFC4.2.0.4
2024-05-13 18:10:43,745 [WARN] PackLoader:240 - Cannot read IP mode file for STMicroelectronics.X-CUBE-AI.9.0.0
2024-05-13 18:10:43,752 [WARN] ConditionMgr:438 - getConditionDescription Invalid condition id : UX DEVICE CLASS RTOS Condition cause : null
2024-05-13 18:10:43,752 [WARN] ConditionMgr:438 - getConditionDescription Invalid condition id : UX DEVICE CLASS RTOS Condition cause : null
2024-05-13 18:10:43,753 [WARN] PackLoader:240 - Cannot read IP mode file for STMicroelectronics.X-CUBE-AZRTOS-H7.3.1.0
2024-05-13 18:10:43,754 [WARN] ConditionMgr:1039 - genDependencies : Invalid condition id : UX DEVICE CLASS RTOS Condition cause : null
2024-05-13 18:10:43,754 [WARN] ConditionMgr:1039 - genDependencies : Invalid condition id : UX DEVICE CLASS RTOS Condition cause : null
2024-05-13 18:10:43,754 [WARN] ConditionMgr:1039 - genDependencies : Invalid condition id : UX DEVICE CLASS RTOS Condition cause : null
2024-05-13 18:10:43,755 [WARN] ConditionMgr:1039 - genDependencies : Invalid condition id : UX DEVICE CLASS RTOS Condition cause : null
2024-05-13 18:10:43,755 [WARN] ConditionMgr:1039 - genDependencies : Invalid condition id : UX DEVICE CLASS RTOS Condition cause : null
2024-05-13 18:10:43,759 [WARN] PackLoader:240 - Cannot read IP mode file for wolfSSL.I-CUBE-wolfSSL.5.5.0
2024-05-13 18:10:43,764 [WARN] PackLoader:240 - Cannot read IP mode file for STMicroelectronics.X-CUBE-NFC7.1.0.1
2024-05-13 18:10:43,766 [WARN] PackLoader:240 - Cannot read IP mode file for STMicroelectronics.X-CUBE-NFC7.1.0.0
2024-05-13 18:10:43,769 [WARN] PackLoader:240 - Cannot read IP mode file for STMicroelectronics.X-CUBE-NFC6.3.0.0
2024-05-13 18:10:43,773 [WARN] PackLoader:240 - Cannot read IP mode file for STMicroelectronics.X-CUBE-EEPRMA1.4.1.0
2024-05-13 18:10:43,776 [WARN] PackLoader:240 - Cannot read IP mode file for STMicroelectronics.X-CUBE-AI.8.1.0
2024-05-13 18:10:43,784 [WARN] ConditionMgr:438 - getConditionDescription Invalid condition id : LAN8742 Phy interface Condition cause : null
2024-05-13 18:10:43,785 [WARN] PackLoader:240 - Cannot read IP mode file for STMicroelectronics.X-CUBE-AZRTOS-L4.2.0.0
2024-05-13 18:10:43,786 [WARN] ConditionMgr:1039 - genDependencies : Invalid condition id : LAN8742 Phy interface Condition cause : null
2024-05-13 18:10:43,786 [WARN] ConditionMgr:1039 - genDependencies : Invalid condition id : LAN8742 Phy interface Condition cause : null
2024-05-13 18:10:43,786 [WARN] ConditionMgr:1039 - genDependencies : Invalid condition id : LAN8742 Phy interface Condition cause : null
2024-05-13 18:10:43,790 [WARN] PackLoader:240 - Cannot read IP mode file for STMicroelectronics.X-CUBE-SFXS2LP1.4.0.0
2024-05-13 18:10:43,797 [WARN] PackLoader:240 - Cannot read IP mode file for STMicroelectronics.X-CUBE-AZRTOS-H7.3.0.0
2024-05-13 18:10:43,801 [WARN] PackLoader:240 - Cannot read IP mode file for STMicroelectronics.X-CUBE-ISPU.1.1.0
2024-05-13 18:10:43,806 [WARN] PackLoader:240 - Cannot read IP mode file for RoweBots.I-CUBE-UNISONRTOS.5.5.0-4
2024-05-13 18:10:43,808 [WARN] PackLoader:240 - Cannot read IP mode file for STMicroelectronics.X-CUBE-AI.8.0.0
2024-05-13 18:10:43,814 [WARN] ConditionMgr:438 - getConditionDescription Invalid condition id : UX DEVICE CLASS RTOS Condition cause : null
2024-05-13 18:10:43,814 [WARN] ConditionMgr:438 - getConditionDescription Invalid condition id : UX DEVICE CLASS RTOS Condition cause : null
2024-05-13 18:10:43,815 [WARN] PackLoader:240 - Cannot read IP mode file for STMicroelectronics.X-CUBE-AZRTOS-WB.2.0.0
2024-05-13 18:10:43,816 [WARN] ConditionMgr:1039 - genDependencies : Invalid condition id : UX DEVICE CLASS RTOS Condition cause : null
2024-05-13 18:10:43,816 [WARN] ConditionMgr:1039 - genDependencies : Invalid condition id : UX DEVICE CLASS RTOS Condition cause : null
2024-05-13 18:10:43,816 [WARN] ConditionMgr:1039 - genDependencies : Invalid condition id : UX DEVICE CLASS RTOS Condition cause : null
2024-05-13 18:10:43,816 [WARN] ConditionMgr:1039 - genDependencies : Invalid condition id : UX DEVICE CLASS RTOS Condition cause : null
2024-05-13 18:10:43,816 [WARN] ConditionMgr:1039 - genDependencies : Invalid condition id : UX DEVICE CLASS RTOS Condition cause : null
2024-05-13 18:10:43,820 [WARN] PackLoader:240 - Cannot read IP mode file for STMicroelectronics.X-CUBE-FREERTOS.1.0.0
2024-05-13 18:10:43,822 [WARN] PackLoader:240 - Cannot read IP mode file for STMicroelectronics.X-CUBE-FREERTOS.1.0.1
2024-05-13 18:10:43,827 [WARN] PackLoader:240 - Cannot read IP mode file for STMicroelectronics.X-CUBE-BLEMGR.1.0.0
2024-05-13 18:10:43,837 [WARN] PackLoader:240 - Cannot read IP mode file for STMicroelectronics.X-CUBE-AZRTOS-L5.1.1.0
2024-05-13 18:10:43,840 [WARN] PackLoader:240 - Cannot read IP mode file for STMicroelectronics.X-CUBE-AI.8.0.1
2024-05-13 18:10:43,844 [WARN] PackLoader:240 - Cannot read IP mode file for STMicroelectronics.X-CUBE-SUBG2.5.0.0
2024-05-13 18:10:43,850 [WARN] PackLoader:240 - Cannot read IP mode file for STMicroelectronics.X-CUBE-TOF1.3.3.1
2024-05-13 18:10:43,860 [WARN] PackLoader:240 - Cannot read IP mode file for STMicroelectronics.X-CUBE-AZRTOS-G4.2.0.0
2024-05-13 18:10:43,865 [WARN] PackLoader:240 - Cannot read IP mode file for STMicroelectronics.X-CUBE-TOF1.3.3.0
2024-05-13 18:10:43,871 [WARN] PackLoader:240 - Cannot read IP mode file for STMicroelectronics.FP-ATR-ASTRA1.1.1.1
2024-05-13 18:10:43,880 [WARN] PackLoader:240 - Cannot read IP mode file for Infineon.AIROC-Wi-Fi-Bluetooth-STM32.1.5.1
2024-05-13 18:10:43,885 [WARN] PackLoader:240 - Cannot read IP mode file for STMicroelectronics.FP-SNS-MOTENVWB1.1.3.1
2024-05-13 18:10:43,890 [WARN] PackLoader:240 - Cannot read IP mode file for STMicroelectronics.X-CUBE-AZRTOS-G4.1.0.0
2024-05-13 18:10:43,896 [WARN] PackLoader:240 - Cannot read IP mode file for STMicroelectronics.X-CUBE-AZRTOS-L4.1.0.0
2024-05-13 18:10:43,899 [WARN] PackLoader:240 - Cannot read IP mode file for STMicroelectronics.X-CUBE-ISPU.2.0.0
2024-05-13 18:10:43,915 [WARN] PackLoader:240 - Cannot read IP mode file for STMicroelectronics.X-CUBE-MEMS1.10.0.0
2024-05-13 18:10:43,965 [WARN] PackLoader:240 - Cannot read IP mode file for STMicroelectronics.X-CUBE-FREERTOS.1.1.0
2024-05-13 18:10:43,970 [WARN] PackLoader:240 - Cannot read IP mode file for STMicroelectronics.X-CUBE-AZRTOS-WL.1.0.0
2024-05-13 18:10:43,973 [WARN] PackLoader:240 - Cannot read IP mode file for portGmbH.I-Cube-SoM-uGOAL.1.1.0
2024-05-13 18:10:43,977 [WARN] PackLoader:240 - Cannot read IP mode file for STMicroelectronics.X-CUBE-ALS.1.0.1
2024-05-13 18:10:43,981 [WARN] PackLoader:240 - Cannot read IP mode file for STMicroelectronics.X-CUBE-AZRTOS-WB.1.1.0
2024-05-13 18:10:43,987 [WARN] PackLoader:240 - Cannot read IP mode file for STMicroelectronics.X-CUBE-AZRTOS-L5.1.0.0
2024-05-13 18:10:43,990 [WARN] PackLoader:240 - Cannot read IP mode file for STMicroelectronics.X-CUBE-EEPRMA1.3.1.1
2024-05-13 18:10:43,997 [WARN] PackLoader:240 - Cannot read IP mode file for STMicroelectronics.X-CUBE-AZRTOS-H7RS.1.0.0
2024-05-13 18:10:44,000 [WARN] PackLoader:240 - Cannot read IP mode file for STMicroelectronics.FP-ATR-ASTRA1.2.0.0
2024-05-13 18:10:44,004 [WARN] PackLoader:240 - Cannot read IP mode file for STMicroelectronics.X-CUBE-TOF1.3.4.0
2024-05-13 18:10:44,011 [WARN] PackLoader:240 - Cannot read IP mode file for STMicroelectronics.X-CUBE-TOF1.3.4.1
2024-05-13 18:10:44,022 [WARN] PackLoader:240 - Cannot read IP mode file for STMicroelectronics.X-CUBE-AZRTOS-H7.3.2.0
2024-05-13 18:10:44,024 [INFO] ThirdParty:978 - Integrity check success = true
2024-05-13 18:10:44,024 [INFO] IntegrityCheckThread:100 - exiting critical section [integrity check]
2024-05-13 18:10:44,024 [INFO] IntegrityCheckThread:103 - End integrity checks thread
2024-05-13 18:12:28,991 [INFO] McuFinderGlobals:63 - Set McuFinder mode to 2 (CubeIDE integrated)
2024-05-13 18:12:29,007 [INFO] MainUpdater:2873 - connection check result : 10
2024-05-13 18:12:29,010 [INFO] MainUpdater:2873 - connection check result : 10
2024-05-13 18:12:29,105 [INFO] MicroXplorer:468 - Change Database Path : 
2024-05-13 18:12:29,105 [INFO] MicroXplorer:498 - Change Database Version : DB.6.0.111
2024-05-13 18:12:29,108 [WARN] ThirdParty:871 - waiting for thirdparty lock release [close project]
2024-05-13 18:12:29,108 [INFO] ThirdParty:873 - entering critical section [close project]
2024-05-13 18:12:29,109 [INFO] ThirdParty:883 - exiting critical section [close project]
2024-05-13 18:12:29,110 [INFO] PinOutPanel:1561 - setPackage(No Configuration,No Configuration)
2024-05-13 18:12:29,111 [INFO] UtilMem:75 - Begin LoadConfig() Used Memory: 613956352 Bytes (807403520)
2024-05-13 18:12:33,880 [INFO] ServerAccessManage:473 - Download File stm32cube_db_v6060.zip
2024-05-13 18:12:41,404 [INFO] FileExtend:240 - Unzip File : stm32cube_db_v6060.zip
2024-05-13 18:12:41,405 [INFO] FileExtend:255 - Standard Zip Deflate
2024-05-13 18:12:45,992 [INFO] LoadServerPackagesThread:196 - End of LoadServerPackages Thread
2024-05-13 18:12:46,123 [INFO] CheckServerUpdateThread:120 - End of CheckServer Thread
2024-05-13 18:14:26,456 [INFO] MainUpdater:2873 - connection check result : 10
2024-05-13 18:14:26,456 [INFO] MainUpdater:2873 - connection check result : 10
2024-05-13 18:14:26,461 [INFO] MicroXplorer:468 - Change Database Path : 
2024-05-13 18:14:26,461 [INFO] MicroXplorer:498 - Change Database Version : DB.6.0.111
2024-05-13 18:14:26,461 [WARN] ThirdParty:871 - waiting for thirdparty lock release [close project]
2024-05-13 18:14:26,461 [INFO] ThirdParty:873 - entering critical section [close project]
2024-05-13 18:14:26,461 [INFO] ThirdParty:883 - exiting critical section [close project]
2024-05-13 18:14:26,462 [INFO] PinOutPanel:1561 - setPackage(No Configuration,No Configuration)
2024-05-13 18:14:26,463 [INFO] UtilMem:75 - Begin LoadConfig() Used Memory: 754241488 Bytes (1073741824)
2024-05-13 18:14:26,466 [INFO] MicroXplorer:468 - Change Database Path : C:/Users/saksh/.stm32cubemx/databases/DB.6.0.60/db/
2024-05-13 18:14:26,466 [INFO] MicroXplorer:498 - Change Database Version : DB.6.0.60
2024-05-13 18:14:28,686 [INFO] MicroXplorer:468 - Change Database Path : 
2024-05-13 18:14:28,686 [INFO] MicroXplorer:498 - Change Database Version : DB.6.0.111
2024-05-13 18:14:28,687 [INFO] OpenFileManager:312 - Change cursor
2024-05-13 18:14:28,713 [INFO] Mcu:2021 - Initializing MCU STM32F103C(8-B)Tx STM32F103CBTx STM32F103CBT6
2024-05-13 18:14:29,224 [INFO] Context:663 - Trying to add GPIOservice into a context  which must be forbidden
2024-05-13 18:14:29,346 [INFO] Rule:228 - rule WakeUp0 Mode is applicable
2024-05-13 18:14:29,346 [INFO] Rule:228 - rule WakeUp0 SIGNAL is applicable
2024-05-13 18:14:29,346 [INFO] Rule:228 - rule WakeUp1 Mode is applicable
2024-05-13 18:14:29,346 [INFO] Rule:228 - rule WakeUp1 SIGNAL is applicable
2024-05-13 18:14:29,346 [INFO] Rule:228 - rule WakeUp2 Mode is applicable
2024-05-13 18:14:29,346 [INFO] Rule:228 - rule WakeUp2 SIGNAL is applicable
2024-05-13 18:14:29,346 [INFO] Rule:228 - rule WakeUp4 Mode is applicable
2024-05-13 18:14:29,346 [INFO] Rule:228 - rule WakeUp4 SIGNAL is applicable
2024-05-13 18:14:29,346 [INFO] Rule:228 - rule WakeUp5 Mode is applicable
2024-05-13 18:14:29,346 [INFO] Rule:228 - rule WakeUp5 SIGNAL is applicable
2024-05-13 18:14:29,346 [INFO] Rule:228 - rule Change Default Value for LSE Drive Capability for WB family is applicable
2024-05-13 18:14:29,347 [INFO] DbConfProperties:307 - Apply Compatibility (0/11 Rules)
2024-05-13 18:14:29,474 [INFO] RtosManager:555 - Registered RTOS mode: class=CMSIS, group=RTOS, mode=CMSIS_V1, owner=FREERTOS
2024-05-13 18:14:29,474 [INFO] RtosManager:555 - Registered RTOS mode: class=CMSIS, group=RTOS2, mode=CMSIS_V2, owner=FREERTOS
2024-05-13 18:14:29,474 [INFO] RtosManager:555 - Registered RTOS mode: class=RTOS, group=Core, mode=CMSIS_V1, owner=FREERTOS
2024-05-13 18:14:29,474 [INFO] RtosManager:555 - Registered RTOS mode: class=RTOS, group=Core, mode=CMSIS_V2, owner=FREERTOS
2024-05-13 18:14:29,476 [WARN] ModelIntegratedComponent:184 - Missing modes for component STMicroelectronics:FreeRTOS:0.0.1:STMicroelectronics:RTOS:FreeRTOS:Core:::10.2.0:
2024-05-13 18:14:29,480 [WARN] ModelIntegratedComponent:63 - No mode defined for component null
2024-05-13 18:14:29,481 [WARN] ModelIntegratedComponent:63 - No mode defined for component null
2024-05-13 18:14:29,481 [WARN] ModelIntegratedComponent:63 - No mode defined for component null
2024-05-13 18:14:29,481 [WARN] ModelIntegratedComponent:63 - No mode defined for component null
2024-05-13 18:14:29,481 [WARN] ModelIntegratedComponent:63 - No mode defined for component null
2024-05-13 18:14:29,481 [WARN] ModelIntegratedComponent:63 - No mode defined for component null
2024-05-13 18:14:29,481 [WARN] ModelIntegratedComponent:63 - No mode defined for component null
2024-05-13 18:14:29,481 [WARN] ModelIntegratedComponent:63 - No mode defined for component null
2024-05-13 18:14:29,481 [WARN] ModelIntegratedComponent:63 - No mode defined for component null
2024-05-13 18:14:29,481 [WARN] ModelIntegratedComponent:63 - No mode defined for component null
2024-05-13 18:14:29,481 [WARN] ModelIntegratedComponent:63 - No mode defined for component null
2024-05-13 18:14:29,481 [WARN] ModelIntegratedComponent:63 - No mode defined for component null
2024-05-13 18:14:29,481 [WARN] ModelIntegratedComponent:63 - No mode defined for component null
2024-05-13 18:14:29,481 [WARN] ModelIntegratedComponent:63 - No mode defined for component null
2024-05-13 18:14:29,481 [WARN] ModelIntegratedComponent:63 - No mode defined for component null
2024-05-13 18:14:29,481 [WARN] ModelIntegratedComponent:63 - No mode defined for component null
2024-05-13 18:14:29,481 [WARN] ModelIntegratedComponent:63 - No mode defined for component null
2024-05-13 18:14:29,481 [WARN] ModelIntegratedComponent:63 - No mode defined for component null
2024-05-13 18:14:29,481 [WARN] ModelIntegratedComponent:63 - No mode defined for component null
2024-05-13 18:14:29,481 [WARN] ModelIntegratedComponent:63 - No mode defined for component null
2024-05-13 18:14:29,481 [WARN] ModelIntegratedComponent:63 - No mode defined for component null
2024-05-13 18:14:29,481 [WARN] ModelIntegratedComponent:63 - No mode defined for component null
2024-05-13 18:14:29,481 [WARN] ModelIntegratedComponent:63 - No mode defined for component null
2024-05-13 18:14:29,481 [WARN] ModelIntegratedComponent:63 - No mode defined for component null
2024-05-13 18:14:29,481 [WARN] ModelIntegratedComponent:63 - No mode defined for component null
2024-05-13 18:14:29,481 [WARN] ModelIntegratedComponent:63 - No mode defined for component null
2024-05-13 18:14:29,481 [WARN] ModelIntegratedComponent:63 - No mode defined for component null
2024-05-13 18:14:29,481 [WARN] ModelIntegratedComponent:63 - No mode defined for component null
2024-05-13 18:14:29,481 [WARN] ModelIntegratedComponent:63 - No mode defined for component null
2024-05-13 18:14:29,481 [WARN] ModelIntegratedComponent:63 - No mode defined for component null
2024-05-13 18:14:29,481 [WARN] ModelIntegratedComponent:63 - No mode defined for component null
2024-05-13 18:14:29,481 [WARN] ModelIntegratedComponent:63 - No mode defined for component null
2024-05-13 18:14:29,481 [WARN] ModelIntegratedComponent:63 - No mode defined for component null
2024-05-13 18:14:29,481 [WARN] ModelIntegratedComponent:63 - No mode defined for component null
2024-05-13 18:14:29,667 [INFO] ThirdPartyModel:298 - Start build external matchings
2024-05-13 18:14:30,867 [INFO] ThirdPartyModel:316 - End build external matchings
2024-05-13 18:14:30,899 [INFO] ImportTextPane:194 - (OptionalMessage_ERROR) IP (RCC) : Parameter (ADCFreqValue) has invalid value (36000000)
2024-05-13 18:14:30,899 [INFO] ImportTextPane:194 - (OptionalMessage_ERROR) IP (RCC) : Invalid parameter (FamilyName)
2024-05-13 18:14:30,899 [INFO] ImportTextPane:194 - (OptionalMessage_ERROR) IP (RCC) : Parameter (MCOFreq_Value) has invalid value (72000000)
2024-05-13 18:14:30,900 [INFO] ImportTextPane:194 - (OptionalMessage_ERROR) IP (RCC) : Parameter (USBFreq_Value) has invalid value (72000000)
2024-05-13 18:14:31,084 [INFO] ApiDb:581 - Connected to CubeFinder SQLite database (C:\Users\saksh\.stmcufinder\plugins\mcufinder\mcu\cube-finder-db.db)
2024-05-13 18:14:31,139 [INFO] ApiDb:668 - CubeFinder database Data Model version=2.1
2024-05-13 18:14:31,139 [INFO] ApiDb:669 - CubeFinder database Configuration version=3.0.39
2024-05-13 18:14:31,139 [INFO] ApiDb:670 - CubeFinder database generation date=2024-03-25 (1711369621)
2024-05-13 18:14:31,140 [INFO] ApiDb:671 - CubeFinder database FW Pack versions=[FP-ATR-ASTRA1_V2.0.0, FP-SNS-FLIGHT1_V5.0.1, FP-SNS-FLIGHT1_V5.0.2, FP-SNS-MOTENV1_V4.3.1, FP-SNS-MOTENV1_V4.3.2, FP-SNS-MOTENVWB1_V1.3.1, FP-SNS-SMARTAG2_V1.2.0, STM32Cube_FW_C0_V1.1.0, STM32Cube_FW_F4_V1.28.0, STM32Cube_FW_F7_V1.17.0, STM32Cube_FW_G0_V1.6.2, STM32Cube_FW_G4_V1.5.2, STM32Cube_FW_H5_V0.5.1, STM32Cube_FW_H5_V1.1.1, STM32Cube_FW_H5_V1.2.0, STM32Cube_FW_H5_V1.2.0RC4, STM32Cube_FW_H7RS_V1.0.0, STM32Cube_FW_H7RS_V1.0.0RC4, STM32Cube_FW_H7_V1.11.0, STM32Cube_FW_L0_V1.12.2, STM32Cube_FW_L5_V1.5.1, STM32Cube_FW_U0_V1.0.0, STM32Cube_FW_U0_V1.0.0RC1, STM32Cube_FW_U5_V1.3.0RC4, STM32Cube_FW_U5_V1.5.0, STM32Cube_FW_U5_V1.5.0RC1, STM32Cube_FW_WBA_V1.0.0RC1, STM32Cube_FW_WBA_V1.2.0, STM32Cube_FW_WBA_V1.2.0RC2, STM32Cube_FW_WBA_V1.3.0, STM32Cube_FW_WBA_V1.3.0RC1, STM32Cube_FW_WB_V1.15.0RC1, STM32Cube_FW_WB_V1.16.0, STM32Cube_FW_WB_V1.16.0RC2, STM32Cube_FW_WB_V1.18.0, STM32Cube_FW_WB_V1.19.0, STM32Cube_FW_WL_V1.3.0, X-CUBE-ALGOBUILD_V1.3.0, X-CUBE-ALS_V1.0.1, X-CUBE-AZRTOS-F4_V1.1.0, X-CUBE-AZRTOS-F7_V1.1.0, X-CUBE-AZRTOS-G0_V1.1.0, X-CUBE-AZRTOS-G4_V2.0.0, X-CUBE-AZRTOS-H7_V3.2.0, X-CUBE-AZRTOS-L4_V1.0.0, X-CUBE-AZRTOS-L4_V2.0.0, X-CUBE-AZRTOS-L5_V1.1.0, X-CUBE-AZRTOS-WB_V2.0.0, X-CUBE-AZRTOS-WL_V2.0.0, X-CUBE-BLE1_V7.0.0, X-CUBE-BLE2_V3.3.0, X-CUBE-BLEMGR_V3.1.0, X-CUBE-EEPRMA1_V4.1.0, X-CUBE-EEPRMA1_V5.1.0, X-CUBE-FREERTOS_V1.1.0, X-CUBE-GNSS1_V6.0.0, X-CUBE-MEMS1_V10.0.0, X-CUBE-MEMS1_V9.1.0, X-CUBE-MEMS1_V9.4.0, X-CUBE-MEMS1_V9.6.0, X-CUBE-NFC4_V3.0.0, X-CUBE-NFC7_V1.0.1, X-CUBE-SFXS2LP1_V4.0.0, X-CUBE-SUBG2_V5.0.0, X-CUBE-TOF1_V3.4.0]
2024-05-13 18:14:31,240 [INFO] DbBoardsSqlite:226 - include board P-NUCLEO-WB55-NUCLEO as a kit item of type 'Nucleo-64'
2024-05-13 18:14:31,241 [INFO] DbBoardsSqlite:226 - include board P-NUCLEO-WB55-USBDONGLE as a kit item of type 'Nucleo USB Dongle'
2024-05-13 18:14:31,241 [INFO] DbBoardsSqlite:226 - include board STEVAL-IDP005V1 as a kit item of type 'Evaluation Board'
2024-05-13 18:14:31,242 [INFO] DbBoardsSqlite:226 - include board STEVAL-IDP005V2 as a kit item of type 'Evaluation Board'
2024-05-13 18:14:31,443 [INFO] ApiDb:240 - Found 483 in-development CPN: [B-G473E-ZEST1S, B-WB1M-WPAN1, B-WL5M-SUBG1, NUCLEO-C031C6, NUCLEO-H503RB, NUCLEO-H533RE, NUCLEO-H563ZI, NUCLEO-H7S3L8, NUCLEO-U031R8, NUCLEO-U083RC, NUCLEO-U545RE-Q, NUCLEO-U5A5ZJ-Q, NUCLEO-WBA52CG, NUCLEO-WBA55CG, STEVAL-PROTEUS1, STEVAL-SMARTAG2, STEVAL-STWINBX1, STM320518-EVAL, STM32C0116-DK, STM32C011D6Y3TR, STM32C011D6Y6TR, STM32C011F4P3, STM32C011F4P6, STM32C011F4U3, STM32C011F4U6TR, STM32C011F6P3, STM32C011F6P6, STM32C011F6U3, STM32C011F6U6TR, STM32C011J4M3, STM32C011J4M6, STM32C011J6M3, STM32C011J6M6, STM32C0316-DK, STM32C031C4T3, STM32C031C4T6, STM32C031C4U3, STM32C031C4U6, STM32C031C6T3, STM32C031C6T6, STM32C031C6U3, STM32C031C6U6, STM32C031F4P3, STM32C031F4P6, STM32C031F6P3, STM32C031F6P6, STM32C031G4U3, STM32C031G4U6, STM32C031G6U3, STM32C031G6U6, STM32C031K4T3, STM32C031K4T6, STM32C031K4U3, STM32C031K4U6, STM32C031K6T3, STM32C031K6T6, STM32C031K6U3, STM32C031K6U6, STM32G071K8TXN, STM32G071K8UXN, STM32G081GBU6N, STM32G081KBT6N, STM32G081KBUXN, STM32G0B1CCT6N, STM32G0B1KCT6, STM32G0B1NEY6TR, STM32G0B1RCT6N, STM32G0C1CCT6, STM32G0C1CCT6N, STM32G0C1CCU6N, STM32G0C1CET6N, STM32G0C1CEU6N, STM32G0C1KCT6, STM32G0C1NEY6TR, STM32G0C1RCI6N, STM32G0C1RCT6N, STM32G0C1REI6N, STM32G0C1RET6N, STM32G0C1VCI6, STM32G0C1VEI6, STM32G471CCT6, STM32G471CCU6, STM32G471CET3, STM32G471CET6, STM32G471CEU3, STM32G471CEU6, STM32G471MCT6, STM32G471MET3, STM32G471MET6, STM32G471MEY6TR, STM32G471QCT6, STM32G471QET3, STM32G471RCT6, STM32G471RET3, STM32G471RET6, STM32G471VCH6, STM32G471VCI6, STM32G471VCT6, STM32G471VEH3, STM32G471VEH6, STM32G471VEI3, STM32G471VEI6, STM32G471VET3, STM32G471VET6, STM32G474CCT6, STM32H503CBT6, STM32H503CBU6, STM32H503EBY6TR, STM32H503KBU6, STM32H503RBT6, STM32H523CCT6, STM32H523CCU6, STM32H523CET6, STM32H523CEU6, STM32H523HEY6TR, STM32H523RCT6, STM32H523RET6, STM32H523VCI6, STM32H523VCT6, STM32H523VEI6, STM32H523VET6, STM32H523ZCJ6, STM32H523ZCT6, STM32H523ZEJ6, STM32H523ZET6, STM32H533CET6, STM32H533CEU6, STM32H533HEY6TR, STM32H533RET6, STM32H533VEI6, STM32H533VET6, STM32H533ZEJ6, STM32H533ZET6, STM32H562AGI6, STM32H562AII6, STM32H562IGK6, STM32H562IGT6, STM32H562IIK6, STM32H562IIT6, STM32H562RGT6, STM32H562RGV6, STM32H562RIT6, STM32H562RIV6, STM32H562VGT6, STM32H562VIT6, STM32H562ZGT6, STM32H562ZIT6, STM32H563AGI6, STM32H563AII3Q, STM32H563AII6, STM32H563IGK6, STM32H563IGT6, STM32H563IIK3Q, STM32H563IIK6, STM32H563IIT3Q, STM32H563IIT6, STM32H563MIY3QTR, STM32H563RGT6, STM32H563RGV6, STM32H563RIT6, STM32H563RIV6, STM32H563VGT6, STM32H563VIT3Q, STM32H563VIT6, STM32H563ZGT6, STM32H563ZIT3Q, STM32H563ZIT6, STM32H573AII3Q, STM32H573AII6, STM32H573I-DK, STM32H573IIK3Q, STM32H573IIK6, STM32H573IIT3Q, STM32H573IIT6, STM32H573MIY3QTR, STM32H573RIT6, STM32H573RIV6, STM32H573VIT3Q, STM32H573VIT6, STM32H573ZIT3Q, STM32H573ZIT6, STM32H7R3A8I6, STM32H7R3I8K6, STM32H7R3I8T6, STM32H7R3L8H6, STM32H7R3L8H6H, STM32H7R3R8V6, STM32H7R3V8H6, STM32H7R3V8T6, STM32H7R3V8Y6, STM32H7R3Z8J6, STM32H7R3Z8T6, STM32H7R7A8I6, STM32H7R7I8K6, STM32H7R7I8T6, STM32H7R7L8H6, STM32H7R7L8H6H, STM32H7R7Z8J6, STM32H7S3A8I6, STM32H7S3I8K6, STM32H7S3I8T6, STM32H7S3L8H6, STM32H7S3L8H6H, STM32H7S3R8V6, STM32H7S3V8H6, STM32H7S3V8T6, STM32H7S3V8Y6, STM32H7S3Z8J6, STM32H7S3Z8T6, STM32H7S78-DK, STM32H7S7A8I6, STM32H7S7I8K6, STM32H7S7I8T6, STM32H7S7L8H6, STM32H7S7L8H6H, STM32H7S7Z8J6, STM32L4R5QGI6STR, STM32MP131AAE3, STM32MP131AAF3, STM32MP131AAG3, STM32MP131CAE3, STM32MP131CAF3, STM32MP131CAG3, STM32MP131DAE7, STM32MP131DAF7, STM32MP131DAG7, STM32MP131FAE7, STM32MP131FAF7, STM32MP131FAG7, STM32MP133AAE3, STM32MP133AAF3, STM32MP133AAG3, STM32MP133CAE3, STM32MP133CAF3, STM32MP133CAG3, STM32MP133DAE7, STM32MP133DAF7, STM32MP133DAG7, STM32MP133FAE7, STM32MP133FAF7, STM32MP133FAG7, STM32MP135AAE3, STM32MP135AAF3, STM32MP135AAG3, STM32MP135CAE3, STM32MP135CAF3, STM32MP135CAG3, STM32MP135DAE7, STM32MP135DAF7, STM32MP135DAG7, STM32MP135F-DK, STM32MP135FAE7, STM32MP135FAF7, STM32MP135FAF7T, STM32MP135FAF7U, STM32MP135FAG7, STM32U031C6T6, STM32U031C6U6, STM32U031C8T6, STM32U031C8U6, STM32U031F4P6, STM32U031F6P6, STM32U031F8P6, STM32U031G6Y6TR, STM32U031G8Y6TR, STM32U031K4U6, STM32U031K6U6, STM32U031K8U6, STM32U031R6I6, STM32U031R6T6, STM32U031R8I6, STM32U031R8T6, STM32U073C8T6, STM32U073C8U6, STM32U073CBT6, STM32U073CBU6, STM32U073CCT6, STM32U073CCU6, STM32U073H8Y6TR, STM32U073HBY6TR, STM32U073HCY6TR, STM32U073K8U6, STM32U073KBU6, STM32U073KCU6, STM32U073M8I6, STM32U073M8T6, STM32U073MBI6, STM32U073MBT6, STM32U073MCI6, STM32U073MCT6, STM32U073R8I6, STM32U073R8T6, STM32U073RBI6, STM32U073RBT6, STM32U073RCI6, STM32U073RCT6, STM32U083C-DK, STM32U083CCT6, STM32U083CCU6, STM32U083HCY6TR, STM32U083KCU6, STM32U083MCI6, STM32U083MCT6, STM32U083RCI6, STM32U083RCT6, STM32U535CBT6, STM32U535CBT6Q, STM32U535CBU6, STM32U535CBU6Q, STM32U535CCT6, STM32U535CCT6Q, STM32U535CCU6, STM32U535CCU6Q, STM32U535CET6, STM32U535CET6Q, STM32U535CEU6, STM32U535CEU6Q, STM32U535JEY6QTR, STM32U535NCY6QTR, STM32U535NEY6QTR, STM32U535RBI6, STM32U535RBI6Q, STM32U535RBT6, STM32U535RBT6Q, STM32U535RCI6, STM32U535RCI6Q, STM32U535RCT6, STM32U535RCT6Q, STM32U535REI6, STM32U535REI6Q, STM32U535RET6, STM32U535RET6Q, STM32U535VCI6, STM32U535VCI6Q, STM32U535VCT6, STM32U535VCT6Q, STM32U535VEI6, STM32U535VEI6Q, STM32U535VET6, STM32U535VET6Q, STM32U545CET6, STM32U545CET6Q, STM32U545CEU6, STM32U545CEU6Q, STM32U545JEY6QTR, STM32U545NEY6QTR, STM32U545REI6, STM32U545REI6Q, STM32U545RET6, STM32U545RET6Q, STM32U545VEI6, STM32U545VEI6Q, STM32U545VET6, STM32U545VET6Q, STM32U595AIH6, STM32U595AIH6Q, STM32U595AJH6, STM32U595AJH6Q, STM32U595QII6, STM32U595QII6Q, STM32U595QJI6, STM32U595QJI6Q, STM32U595RIT6, STM32U595RIT6Q, STM32U595RJT6, STM32U595RJT6Q, STM32U595VIT6, STM32U595VIT6Q, STM32U595VJT6, STM32U595VJT6Q, STM32U595ZIT6, STM32U595ZIT6Q, STM32U595ZIY6QTR, STM32U595ZJT6, STM32U595ZJT6Q, STM32U595ZJY6QTR, STM32U599BJY6QTR, STM32U599NIH6Q, STM32U599NJH6Q, STM32U599VIT6Q, STM32U599VJT6, STM32U599VJT6Q, STM32U599ZIT6Q, STM32U599ZIY6QTR, STM32U599ZJT6Q, STM32U599ZJY6QTR, STM32U5A5AJH6, STM32U5A5AJH6Q, STM32U5A5QII3Q , STM32U5A5QJI6, STM32U5A5QJI6Q, STM32U5A5RJT6, STM32U5A5RJT6Q, STM32U5A5VJT6, STM32U5A5VJT6Q, STM32U5A5ZJT6, STM32U5A5ZJT6Q, STM32U5A5ZJY6QTR, STM32U5A9BJY6QTR, STM32U5A9J-DK, STM32U5A9NJH6Q, STM32U5A9VJT6Q, STM32U5A9ZJT6Q, STM32U5A9ZJY6QTR, STM32U5F7VIT6, STM32U5F7VIT6Q, STM32U5F7VJT6, STM32U5F7VJT6Q, STM32U5F9BJY6QTR, STM32U5F9NJH6Q, STM32U5F9VIT6Q, STM32U5F9VJT6Q, STM32U5F9ZIJ6QTR, STM32U5F9ZIT6Q, STM32U5F9ZJJ6QTR, STM32U5F9ZJT6Q, STM32U5G7VJT6, STM32U5G7VJT6Q, STM32U5G9BJY6QTR, STM32U5G9J-DK1, STM32U5G9J-DK2, STM32U5G9NJH6Q, STM32U5G9VJT6Q, STM32U5G9ZJJ6QTR, STM32U5G9ZJT6Q, STM32WB1MMCH6, STM32WBA50KEU6, STM32WBA50KEU6TR, STM32WBA50KGU6, STM32WBA50KGU6TR, STM32WBA52CEU6, STM32WBA52CEU6TR, STM32WBA52CEU7, STM32WBA52CEU7TR, STM32WBA52CGU6, STM32WBA52CGU6TR, STM32WBA52CGU6U, STM32WBA52CGU7, STM32WBA52CGU7TR, STM32WBA52KEU6, STM32WBA52KEU6TR, STM32WBA52KGU6, STM32WBA52KGU6TR, STM32WBA54CEU6, STM32WBA54CEU6TR, STM32WBA54CEU7, STM32WBA54CEU7TR, STM32WBA54CGU6, STM32WBA54CGU6TR, STM32WBA54CGU7, STM32WBA54CGU7TR, STM32WBA54KEU6, STM32WBA54KEU6TR, STM32WBA54KEU7, STM32WBA54KEU7TR, STM32WBA54KGU6, STM32WBA54KGU6TR, STM32WBA54KGU7, STM32WBA54KGU7TR, STM32WBA55CEU6, STM32WBA55CEU6TR, STM32WBA55CEU7, STM32WBA55CEU7TR, STM32WBA55CGU6, STM32WBA55CGU6TR, STM32WBA55CGU6U, STM32WBA55CGU7, STM32WBA55CGU7TR, STM32WBA55G-DK1, STM32WBA55HEF6, STM32WBA55HEF7, STM32WBA55HGF6, STM32WBA55HGF7, STM32WBA55UEI6, STM32WBA55UEI6TR, STM32WBA55UEI7, STM32WBA55UEI7TR, STM32WBA55UGI6, STM32WBA55UGI6TR, STM32WBA55UGI7, STM32WBA55UGI7TR, STM32WL5MOCH6, STM32WL5MOCH6TR]
2024-05-13 18:14:31,529 [INFO] BoardInfo:889 - No configuration file found for board P-NUCLEO-WB55
2024-05-13 18:14:31,529 [INFO] DbBoards:161 - Kit is not supported: P-NUCLEO-WB55
2024-05-13 18:14:31,531 [INFO] BoardInfo:889 - No configuration file found for board STEVAL-BFA001V1B
2024-05-13 18:14:31,533 [INFO] DbBoards:161 - Kit is not supported: STEVAL-BFA001V1B
2024-05-13 18:14:31,533 [INFO] BoardInfo:889 - No configuration file found for board STEVAL-BFA001V2B
2024-05-13 18:14:31,533 [INFO] DbBoards:161 - Kit is not supported: STEVAL-BFA001V2B
2024-05-13 18:14:31,634 [INFO] DbBoards:168 - Found 199 boards, 196 are supported
2024-05-13 18:14:31,634 [INFO] DbBoards:169 - Found 199 boards, 8 of them is supported for  Bsp
2024-05-13 18:14:31,637 [INFO] ApiDb:668 - CubeFinder database Data Model version=2.1
2024-05-13 18:14:31,637 [INFO] ApiDb:669 - CubeFinder database Configuration version=3.0.39
2024-05-13 18:14:31,637 [INFO] ApiDb:670 - CubeFinder database generation date=2024-03-25 (1711369621)
2024-05-13 18:14:31,637 [INFO] ApiDb:671 - CubeFinder database FW Pack versions=[FP-ATR-ASTRA1_V2.0.0, FP-SNS-FLIGHT1_V5.0.1, FP-SNS-FLIGHT1_V5.0.2, FP-SNS-MOTENV1_V4.3.1, FP-SNS-MOTENV1_V4.3.2, FP-SNS-MOTENVWB1_V1.3.1, FP-SNS-SMARTAG2_V1.2.0, STM32Cube_FW_C0_V1.1.0, STM32Cube_FW_F4_V1.28.0, STM32Cube_FW_F7_V1.17.0, STM32Cube_FW_G0_V1.6.2, STM32Cube_FW_G4_V1.5.2, STM32Cube_FW_H5_V0.5.1, STM32Cube_FW_H5_V1.1.1, STM32Cube_FW_H5_V1.2.0, STM32Cube_FW_H5_V1.2.0RC4, STM32Cube_FW_H7RS_V1.0.0, STM32Cube_FW_H7RS_V1.0.0RC4, STM32Cube_FW_H7_V1.11.0, STM32Cube_FW_L0_V1.12.2, STM32Cube_FW_L5_V1.5.1, STM32Cube_FW_U0_V1.0.0, STM32Cube_FW_U0_V1.0.0RC1, STM32Cube_FW_U5_V1.3.0RC4, STM32Cube_FW_U5_V1.5.0, STM32Cube_FW_U5_V1.5.0RC1, STM32Cube_FW_WBA_V1.0.0RC1, STM32Cube_FW_WBA_V1.2.0, STM32Cube_FW_WBA_V1.2.0RC2, STM32Cube_FW_WBA_V1.3.0, STM32Cube_FW_WBA_V1.3.0RC1, STM32Cube_FW_WB_V1.15.0RC1, STM32Cube_FW_WB_V1.16.0, STM32Cube_FW_WB_V1.16.0RC2, STM32Cube_FW_WB_V1.18.0, STM32Cube_FW_WB_V1.19.0, STM32Cube_FW_WL_V1.3.0, X-CUBE-ALGOBUILD_V1.3.0, X-CUBE-ALS_V1.0.1, X-CUBE-AZRTOS-F4_V1.1.0, X-CUBE-AZRTOS-F7_V1.1.0, X-CUBE-AZRTOS-G0_V1.1.0, X-CUBE-AZRTOS-G4_V2.0.0, X-CUBE-AZRTOS-H7_V3.2.0, X-CUBE-AZRTOS-L4_V1.0.0, X-CUBE-AZRTOS-L4_V2.0.0, X-CUBE-AZRTOS-L5_V1.1.0, X-CUBE-AZRTOS-WB_V2.0.0, X-CUBE-AZRTOS-WL_V2.0.0, X-CUBE-BLE1_V7.0.0, X-CUBE-BLE2_V3.3.0, X-CUBE-BLEMGR_V3.1.0, X-CUBE-EEPRMA1_V4.1.0, X-CUBE-EEPRMA1_V5.1.0, X-CUBE-FREERTOS_V1.1.0, X-CUBE-GNSS1_V6.0.0, X-CUBE-MEMS1_V10.0.0, X-CUBE-MEMS1_V9.1.0, X-CUBE-MEMS1_V9.4.0, X-CUBE-MEMS1_V9.6.0, X-CUBE-NFC4_V3.0.0, X-CUBE-NFC7_V1.0.1, X-CUBE-SFXS2LP1_V4.0.0, X-CUBE-SUBG2_V5.0.0, X-CUBE-TOF1_V3.4.0]
2024-05-13 18:14:32,944 [INFO] ApiDb:240 - Found 483 in-development CPN: [B-G473E-ZEST1S, B-WB1M-WPAN1, B-WL5M-SUBG1, NUCLEO-C031C6, NUCLEO-H503RB, NUCLEO-H533RE, NUCLEO-H563ZI, NUCLEO-H7S3L8, NUCLEO-U031R8, NUCLEO-U083RC, NUCLEO-U545RE-Q, NUCLEO-U5A5ZJ-Q, NUCLEO-WBA52CG, NUCLEO-WBA55CG, STEVAL-PROTEUS1, STEVAL-SMARTAG2, STEVAL-STWINBX1, STM320518-EVAL, STM32C0116-DK, STM32C011D6Y3TR, STM32C011D6Y6TR, STM32C011F4P3, STM32C011F4P6, STM32C011F4U3, STM32C011F4U6TR, STM32C011F6P3, STM32C011F6P6, STM32C011F6U3, STM32C011F6U6TR, STM32C011J4M3, STM32C011J4M6, STM32C011J6M3, STM32C011J6M6, STM32C0316-DK, STM32C031C4T3, STM32C031C4T6, STM32C031C4U3, STM32C031C4U6, STM32C031C6T3, STM32C031C6T6, STM32C031C6U3, STM32C031C6U6, STM32C031F4P3, STM32C031F4P6, STM32C031F6P3, STM32C031F6P6, STM32C031G4U3, STM32C031G4U6, STM32C031G6U3, STM32C031G6U6, STM32C031K4T3, STM32C031K4T6, STM32C031K4U3, STM32C031K4U6, STM32C031K6T3, STM32C031K6T6, STM32C031K6U3, STM32C031K6U6, STM32G071K8TXN, STM32G071K8UXN, STM32G081GBU6N, STM32G081KBT6N, STM32G081KBUXN, STM32G0B1CCT6N, STM32G0B1KCT6, STM32G0B1NEY6TR, STM32G0B1RCT6N, STM32G0C1CCT6, STM32G0C1CCT6N, STM32G0C1CCU6N, STM32G0C1CET6N, STM32G0C1CEU6N, STM32G0C1KCT6, STM32G0C1NEY6TR, STM32G0C1RCI6N, STM32G0C1RCT6N, STM32G0C1REI6N, STM32G0C1RET6N, STM32G0C1VCI6, STM32G0C1VEI6, STM32G471CCT6, STM32G471CCU6, STM32G471CET3, STM32G471CET6, STM32G471CEU3, STM32G471CEU6, STM32G471MCT6, STM32G471MET3, STM32G471MET6, STM32G471MEY6TR, STM32G471QCT6, STM32G471QET3, STM32G471RCT6, STM32G471RET3, STM32G471RET6, STM32G471VCH6, STM32G471VCI6, STM32G471VCT6, STM32G471VEH3, STM32G471VEH6, STM32G471VEI3, STM32G471VEI6, STM32G471VET3, STM32G471VET6, STM32G474CCT6, STM32H503CBT6, STM32H503CBU6, STM32H503EBY6TR, STM32H503KBU6, STM32H503RBT6, STM32H523CCT6, STM32H523CCU6, STM32H523CET6, STM32H523CEU6, STM32H523HEY6TR, STM32H523RCT6, STM32H523RET6, STM32H523VCI6, STM32H523VCT6, STM32H523VEI6, STM32H523VET6, STM32H523ZCJ6, STM32H523ZCT6, STM32H523ZEJ6, STM32H523ZET6, STM32H533CET6, STM32H533CEU6, STM32H533HEY6TR, STM32H533RET6, STM32H533VEI6, STM32H533VET6, STM32H533ZEJ6, STM32H533ZET6, STM32H562AGI6, STM32H562AII6, STM32H562IGK6, STM32H562IGT6, STM32H562IIK6, STM32H562IIT6, STM32H562RGT6, STM32H562RGV6, STM32H562RIT6, STM32H562RIV6, STM32H562VGT6, STM32H562VIT6, STM32H562ZGT6, STM32H562ZIT6, STM32H563AGI6, STM32H563AII3Q, STM32H563AII6, STM32H563IGK6, STM32H563IGT6, STM32H563IIK3Q, STM32H563IIK6, STM32H563IIT3Q, STM32H563IIT6, STM32H563MIY3QTR, STM32H563RGT6, STM32H563RGV6, STM32H563RIT6, STM32H563RIV6, STM32H563VGT6, STM32H563VIT3Q, STM32H563VIT6, STM32H563ZGT6, STM32H563ZIT3Q, STM32H563ZIT6, STM32H573AII3Q, STM32H573AII6, STM32H573I-DK, STM32H573IIK3Q, STM32H573IIK6, STM32H573IIT3Q, STM32H573IIT6, STM32H573MIY3QTR, STM32H573RIT6, STM32H573RIV6, STM32H573VIT3Q, STM32H573VIT6, STM32H573ZIT3Q, STM32H573ZIT6, STM32H7R3A8I6, STM32H7R3I8K6, STM32H7R3I8T6, STM32H7R3L8H6, STM32H7R3L8H6H, STM32H7R3R8V6, STM32H7R3V8H6, STM32H7R3V8T6, STM32H7R3V8Y6, STM32H7R3Z8J6, STM32H7R3Z8T6, STM32H7R7A8I6, STM32H7R7I8K6, STM32H7R7I8T6, STM32H7R7L8H6, STM32H7R7L8H6H, STM32H7R7Z8J6, STM32H7S3A8I6, STM32H7S3I8K6, STM32H7S3I8T6, STM32H7S3L8H6, STM32H7S3L8H6H, STM32H7S3R8V6, STM32H7S3V8H6, STM32H7S3V8T6, STM32H7S3V8Y6, STM32H7S3Z8J6, STM32H7S3Z8T6, STM32H7S78-DK, STM32H7S7A8I6, STM32H7S7I8K6, STM32H7S7I8T6, STM32H7S7L8H6, STM32H7S7L8H6H, STM32H7S7Z8J6, STM32L4R5QGI6STR, STM32MP131AAE3, STM32MP131AAF3, STM32MP131AAG3, STM32MP131CAE3, STM32MP131CAF3, STM32MP131CAG3, STM32MP131DAE7, STM32MP131DAF7, STM32MP131DAG7, STM32MP131FAE7, STM32MP131FAF7, STM32MP131FAG7, STM32MP133AAE3, STM32MP133AAF3, STM32MP133AAG3, STM32MP133CAE3, STM32MP133CAF3, STM32MP133CAG3, STM32MP133DAE7, STM32MP133DAF7, STM32MP133DAG7, STM32MP133FAE7, STM32MP133FAF7, STM32MP133FAG7, STM32MP135AAE3, STM32MP135AAF3, STM32MP135AAG3, STM32MP135CAE3, STM32MP135CAF3, STM32MP135CAG3, STM32MP135DAE7, STM32MP135DAF7, STM32MP135DAG7, STM32MP135F-DK, STM32MP135FAE7, STM32MP135FAF7, STM32MP135FAF7T, STM32MP135FAF7U, STM32MP135FAG7, STM32U031C6T6, STM32U031C6U6, STM32U031C8T6, STM32U031C8U6, STM32U031F4P6, STM32U031F6P6, STM32U031F8P6, STM32U031G6Y6TR, STM32U031G8Y6TR, STM32U031K4U6, STM32U031K6U6, STM32U031K8U6, STM32U031R6I6, STM32U031R6T6, STM32U031R8I6, STM32U031R8T6, STM32U073C8T6, STM32U073C8U6, STM32U073CBT6, STM32U073CBU6, STM32U073CCT6, STM32U073CCU6, STM32U073H8Y6TR, STM32U073HBY6TR, STM32U073HCY6TR, STM32U073K8U6, STM32U073KBU6, STM32U073KCU6, STM32U073M8I6, STM32U073M8T6, STM32U073MBI6, STM32U073MBT6, STM32U073MCI6, STM32U073MCT6, STM32U073R8I6, STM32U073R8T6, STM32U073RBI6, STM32U073RBT6, STM32U073RCI6, STM32U073RCT6, STM32U083C-DK, STM32U083CCT6, STM32U083CCU6, STM32U083HCY6TR, STM32U083KCU6, STM32U083MCI6, STM32U083MCT6, STM32U083RCI6, STM32U083RCT6, STM32U535CBT6, STM32U535CBT6Q, STM32U535CBU6, STM32U535CBU6Q, STM32U535CCT6, STM32U535CCT6Q, STM32U535CCU6, STM32U535CCU6Q, STM32U535CET6, STM32U535CET6Q, STM32U535CEU6, STM32U535CEU6Q, STM32U535JEY6QTR, STM32U535NCY6QTR, STM32U535NEY6QTR, STM32U535RBI6, STM32U535RBI6Q, STM32U535RBT6, STM32U535RBT6Q, STM32U535RCI6, STM32U535RCI6Q, STM32U535RCT6, STM32U535RCT6Q, STM32U535REI6, STM32U535REI6Q, STM32U535RET6, STM32U535RET6Q, STM32U535VCI6, STM32U535VCI6Q, STM32U535VCT6, STM32U535VCT6Q, STM32U535VEI6, STM32U535VEI6Q, STM32U535VET6, STM32U535VET6Q, STM32U545CET6, STM32U545CET6Q, STM32U545CEU6, STM32U545CEU6Q, STM32U545JEY6QTR, STM32U545NEY6QTR, STM32U545REI6, STM32U545REI6Q, STM32U545RET6, STM32U545RET6Q, STM32U545VEI6, STM32U545VEI6Q, STM32U545VET6, STM32U545VET6Q, STM32U595AIH6, STM32U595AIH6Q, STM32U595AJH6, STM32U595AJH6Q, STM32U595QII6, STM32U595QII6Q, STM32U595QJI6, STM32U595QJI6Q, STM32U595RIT6, STM32U595RIT6Q, STM32U595RJT6, STM32U595RJT6Q, STM32U595VIT6, STM32U595VIT6Q, STM32U595VJT6, STM32U595VJT6Q, STM32U595ZIT6, STM32U595ZIT6Q, STM32U595ZIY6QTR, STM32U595ZJT6, STM32U595ZJT6Q, STM32U595ZJY6QTR, STM32U599BJY6QTR, STM32U599NIH6Q, STM32U599NJH6Q, STM32U599VIT6Q, STM32U599VJT6, STM32U599VJT6Q, STM32U599ZIT6Q, STM32U599ZIY6QTR, STM32U599ZJT6Q, STM32U599ZJY6QTR, STM32U5A5AJH6, STM32U5A5AJH6Q, STM32U5A5QII3Q , STM32U5A5QJI6, STM32U5A5QJI6Q, STM32U5A5RJT6, STM32U5A5RJT6Q, STM32U5A5VJT6, STM32U5A5VJT6Q, STM32U5A5ZJT6, STM32U5A5ZJT6Q, STM32U5A5ZJY6QTR, STM32U5A9BJY6QTR, STM32U5A9J-DK, STM32U5A9NJH6Q, STM32U5A9VJT6Q, STM32U5A9ZJT6Q, STM32U5A9ZJY6QTR, STM32U5F7VIT6, STM32U5F7VIT6Q, STM32U5F7VJT6, STM32U5F7VJT6Q, STM32U5F9BJY6QTR, STM32U5F9NJH6Q, STM32U5F9VIT6Q, STM32U5F9VJT6Q, STM32U5F9ZIJ6QTR, STM32U5F9ZIT6Q, STM32U5F9ZJJ6QTR, STM32U5F9ZJT6Q, STM32U5G7VJT6, STM32U5G7VJT6Q, STM32U5G9BJY6QTR, STM32U5G9J-DK1, STM32U5G9J-DK2, STM32U5G9NJH6Q, STM32U5G9VJT6Q, STM32U5G9ZJJ6QTR, STM32U5G9ZJT6Q, STM32WB1MMCH6, STM32WBA50KEU6, STM32WBA50KEU6TR, STM32WBA50KGU6, STM32WBA50KGU6TR, STM32WBA52CEU6, STM32WBA52CEU6TR, STM32WBA52CEU7, STM32WBA52CEU7TR, STM32WBA52CGU6, STM32WBA52CGU6TR, STM32WBA52CGU6U, STM32WBA52CGU7, STM32WBA52CGU7TR, STM32WBA52KEU6, STM32WBA52KEU6TR, STM32WBA52KGU6, STM32WBA52KGU6TR, STM32WBA54CEU6, STM32WBA54CEU6TR, STM32WBA54CEU7, STM32WBA54CEU7TR, STM32WBA54CGU6, STM32WBA54CGU6TR, STM32WBA54CGU7, STM32WBA54CGU7TR, STM32WBA54KEU6, STM32WBA54KEU6TR, STM32WBA54KEU7, STM32WBA54KEU7TR, STM32WBA54KGU6, STM32WBA54KGU6TR, STM32WBA54KGU7, STM32WBA54KGU7TR, STM32WBA55CEU6, STM32WBA55CEU6TR, STM32WBA55CEU7, STM32WBA55CEU7TR, STM32WBA55CGU6, STM32WBA55CGU6TR, STM32WBA55CGU6U, STM32WBA55CGU7, STM32WBA55CGU7TR, STM32WBA55G-DK1, STM32WBA55HEF6, STM32WBA55HEF7, STM32WBA55HGF6, STM32WBA55HGF7, STM32WBA55UEI6, STM32WBA55UEI6TR, STM32WBA55UEI7, STM32WBA55UEI7TR, STM32WBA55UGI6, STM32WBA55UGI6TR, STM32WBA55UGI7, STM32WBA55UGI7TR, STM32WL5MOCH6, STM32WL5MOCH6TR]
2024-05-13 18:14:32,947 [INFO] DbMcus:218 - Found 4094 MCUs, 4094 are supported
2024-05-13 18:14:32,950 [INFO] ApiDb:423 - Load user favorites file C:\Users\saksh/.stm32cubeide/favorites.mcus.txt: 1 item(s)
2024-05-13 18:14:32,951 [INFO] ApiDb:427 - User favorites MCUs=[STM32F103C8T6]
2024-05-13 18:14:32,951 [INFO] DbMcus:224 - Set 1 / 1 favorites MCUs
2024-05-13 18:14:33,172 [INFO] ApiDb:423 - Load user favorites file C:\Users\saksh/.stm32cubeide/favorites.boards.txt: 0 item(s)
2024-05-13 18:14:33,172 [INFO] ApiDb:427 - User favorites Boards=[]
2024-05-13 18:14:33,173 [INFO] DbBoards:198 - Set 0 / 0 favorites Boards
2024-05-13 18:14:33,225 [INFO] UtilMem:75 - End LoadConfig() Used Memory: 770742112 Bytes (1073741824)
2024-05-13 18:14:33,323 [WARN] ThirdParty:833 - waiting for thirdparty lock release [change project]
2024-05-13 18:14:33,324 [INFO] ThirdParty:835 - entering critical section [change project]
2024-05-13 18:14:33,324 [INFO] ThirdParty:1030 - CMSIS Pack Vendor :STMicroelectronics USBPD 4.1
2024-05-13 18:14:33,324 [INFO] ThirdParty:1030 - CMSIS Pack Vendor :STMicroelectronics X-CUBE-GNSS1 6.0.0
2024-05-13 18:14:33,324 [INFO] ThirdParty:1030 - CMSIS Pack Vendor :STMicroelectronics USB_HOST 2.0.0
2024-05-13 18:14:33,324 [INFO] ThirdParty:1030 - CMSIS Pack Vendor :STMicroelectronics FP-SNS-MOTENVWB1 1.4.0
2024-05-13 18:14:33,324 [INFO] ThirdParty:1030 - CMSIS Pack Vendor :STMicroelectronics X-CUBE-AZRTOS-F4 1.1.0
2024-05-13 18:14:33,324 [INFO] ThirdParty:1030 - CMSIS Pack Vendor :STMicroelectronics LIBJPEG 8.0.0
2024-05-13 18:14:33,324 [INFO] ThirdParty:1030 - CMSIS Pack Vendor :STMicroelectronics X-CUBE-SMBUS 2.1.0
2024-05-13 18:14:33,324 [INFO] ThirdParty:1030 - CMSIS Pack Vendor :STMicroelectronics X-CUBE-FREERTOS 1.2.0
2024-05-13 18:14:33,324 [INFO] ThirdParty:1030 - CMSIS Pack Vendor :STMicroelectronics X-CUBE-TOUCHGFX 4.23.1
2024-05-13 18:14:33,324 [INFO] ThirdParty:1030 - CMSIS Pack Vendor :STMicroelectronics X-CUBE-TOUCHGFX 4.23.0
2024-05-13 18:14:33,324 [INFO] ThirdParty:1030 - CMSIS Pack Vendor :STMicroelectronics X-CUBE-BLEMGR 1.2.0
2024-05-13 18:14:33,324 [INFO] ThirdParty:1030 - CMSIS Pack Vendor :STMicroelectronics X-CUBE-TOUCHGFX 4.23.2
2024-05-13 18:14:33,324 [INFO] ThirdParty:1030 - CMSIS Pack Vendor :STMicroelectronics X-CUBE-AZRTOS-F7 1.1.0
2024-05-13 18:14:33,324 [INFO] ThirdParty:1030 - CMSIS Pack Vendor :STMicroelectronics X-CUBE-AZRTOS-L5 2.0.0
2024-05-13 18:14:33,324 [INFO] ThirdParty:1030 - CMSIS Pack Vendor :STMicroelectronics USB_DEVICE 2.0.0
2024-05-13 18:14:33,324 [INFO] ThirdParty:1030 - CMSIS Pack Vendor :STMicroelectronics X-CUBE-MEMS1 9.6.0
2024-05-13 18:14:33,324 [INFO] ThirdParty:1030 - CMSIS Pack Vendor :STMicroelectronics X-CUBE-EEPRMA1 4.2.0
2024-05-13 18:14:33,324 [INFO] ThirdParty:1030 - CMSIS Pack Vendor :STMicroelectronics X-CUBE-NFC6 3.1.0
2024-05-13 18:14:33,324 [INFO] ThirdParty:1030 - CMSIS Pack Vendor :ITTIA_DB I-CUBE-ITTIADB 8.8.0
2024-05-13 18:14:33,324 [INFO] ThirdParty:1030 - CMSIS Pack Vendor :STMicroelectronics FP-SNS-MOTENV1 4.3.0
2024-05-13 18:14:33,324 [INFO] ThirdParty:1030 - CMSIS Pack Vendor :STMicroelectronics FP-SNS-MOTENV1 4.3.2
2024-05-13 18:14:33,324 [INFO] ThirdParty:1030 - CMSIS Pack Vendor :STMicroelectronics FP-SNS-FLIGHT1 5.0.0
2024-05-13 18:14:33,324 [INFO] ThirdParty:1030 - CMSIS Pack Vendor :STMicroelectronics FP-SNS-MOTENV1 4.3.1
2024-05-13 18:14:33,324 [INFO] ThirdParty:1030 - CMSIS Pack Vendor :STMicroelectronics FP-SNS-FLIGHT1 5.0.1
2024-05-13 18:14:33,324 [INFO] ThirdParty:1030 - CMSIS Pack Vendor :STMicroelectronics X-CUBE-BLE1 6.2.3
2024-05-13 18:14:33,324 [INFO] ThirdParty:1030 - CMSIS Pack Vendor :STMicroelectronics X-CUBE-BLE1 6.2.4
2024-05-13 18:14:33,324 [INFO] ThirdParty:1030 - CMSIS Pack Vendor :STMicroelectronics FreeRTOS 0.0.1
2024-05-13 18:14:33,324 [INFO] ThirdParty:1030 - CMSIS Pack Vendor :STMicroelectronics X-CUBE-BLEMGR 2.0.0
2024-05-13 18:14:33,324 [INFO] ThirdParty:1030 - CMSIS Pack Vendor :STMicroelectronics FP-SNS-FLIGHT1 5.0.2
2024-05-13 18:14:33,324 [INFO] ThirdParty:1030 - CMSIS Pack Vendor :STMicroelectronics X-CUBE-NFC4 2.0.4
2024-05-13 18:14:33,324 [INFO] ThirdParty:1030 - CMSIS Pack Vendor :STMicroelectronics X-CUBE-AI 9.0.0
2024-05-13 18:14:33,324 [INFO] ThirdParty:1030 - CMSIS Pack Vendor :STMicroelectronics X-CUBE-AZRTOS-H7 3.1.0
2024-05-13 18:14:33,324 [INFO] ThirdParty:1030 - CMSIS Pack Vendor :STMicroelectronics PDM2PCM 3.3.0
2024-05-13 18:14:33,324 [INFO] ThirdParty:1030 - CMSIS Pack Vendor :STMicroelectronics X-CUBE-TOF1 3.1.0
2024-05-13 18:14:33,324 [INFO] ThirdParty:1030 - CMSIS Pack Vendor :STMicroelectronics X-CUBE-DISPLAY 3.0.0
2024-05-13 18:14:33,324 [INFO] ThirdParty:1030 - CMSIS Pack Vendor :STMicroelectronics X-CUBE-BLE1 7.0.0
2024-05-13 18:14:33,324 [INFO] ThirdParty:1030 - CMSIS Pack Vendor :wolfSSL I-CUBE-wolfSSL 5.5.0
2024-05-13 18:14:33,324 [INFO] ThirdParty:1030 - CMSIS Pack Vendor :STMicroelectronics HAL Drivers 0.0.0
2024-05-13 18:14:33,324 [INFO] ThirdParty:1030 - CMSIS Pack Vendor :STMicroelectronics X-CUBE-TOUCHGFX 4.22.0
2024-05-13 18:14:33,324 [INFO] ThirdParty:1030 - CMSIS Pack Vendor :STMicroelectronics X-CUBE-NFC7 1.0.1
2024-05-13 18:14:33,324 [INFO] ThirdParty:1030 - CMSIS Pack Vendor :STMicroelectronics MBEDTLS 2.14.1
2024-05-13 18:14:33,324 [INFO] ThirdParty:1030 - CMSIS Pack Vendor :STMicroelectronics X-CUBE-NFC7 1.0.0
2024-05-13 18:14:33,324 [INFO] ThirdParty:1030 - CMSIS Pack Vendor :STMicroelectronics X-CUBE-NFC6 3.0.0
2024-05-13 18:14:33,324 [INFO] ThirdParty:1030 - CMSIS Pack Vendor :STMicroelectronics X-CUBE-MEMS1 9.3.0
2024-05-13 18:14:33,324 [INFO] ThirdParty:1030 - CMSIS Pack Vendor :STMicroelectronics X-CUBE-EEPRMA1 4.1.0
2024-05-13 18:14:33,324 [INFO] ThirdParty:1030 - CMSIS Pack Vendor :STMicroelectronics X-CUBE-AI 7.2.0
2024-05-13 18:14:33,324 [INFO] ThirdParty:1030 - CMSIS Pack Vendor :STMicroelectronics X-CUBE-BLEMGR 3.1.0
2024-05-13 18:14:33,324 [INFO] ThirdParty:1030 - CMSIS Pack Vendor :STMicroelectronics FP-SNS-SMARTAG2 1.2.0
2024-05-13 18:14:33,324 [INFO] ThirdParty:1030 - CMSIS Pack Vendor :STMicroelectronics X-CUBE-AZRTOS-WL 2.0.0
2024-05-13 18:14:33,324 [INFO] ThirdParty:1030 - CMSIS Pack Vendor :STMicroelectronics FP-SNS-MOTENV1 5.0.0
2024-05-13 18:14:33,324 [INFO] ThirdParty:1030 - CMSIS Pack Vendor :STMicroelectronics USB_DEVICE 1.0.0
2024-05-13 18:14:33,324 [INFO] ThirdParty:1030 - CMSIS Pack Vendor :STMicroelectronics X-CUBE-AI 8.1.0
2024-05-13 18:14:33,325 [INFO] ThirdParty:1030 - CMSIS Pack Vendor :STMicroelectronics X-CUBE-AZRTOS-L4 2.0.0
2024-05-13 18:14:33,325 [INFO] ThirdParty:1030 - CMSIS Pack Vendor :STMicroelectronics ThreadX 0.0.2
2024-05-13 18:14:33,325 [INFO] ThirdParty:1030 - CMSIS Pack Vendor :WES I-CUBE-Cesium 1.3.0
2024-05-13 18:14:33,325 [INFO] ThirdParty:1030 - CMSIS Pack Vendor :STMicroelectronics lwIP 2.1.2
2024-05-13 18:14:33,325 [INFO] ThirdParty:1030 - CMSIS Pack Vendor :STMicroelectronics X-CUBE-SFXS2LP1 4.0.0
2024-05-13 18:14:33,325 [INFO] ThirdParty:1030 - CMSIS Pack Vendor :STMicroelectronics X-CUBE-BLE2 3.3.0
2024-05-13 18:14:33,325 [INFO] ThirdParty:1030 - CMSIS Pack Vendor :STMicroelectronics X-CUBE-DISPLAY 2.2.0
2024-05-13 18:14:33,325 [INFO] ThirdParty:1030 - CMSIS Pack Vendor :STMicroelectronics X-CUBE-TOF1 3.2.0
2024-05-13 18:14:33,325 [INFO] ThirdParty:1030 - CMSIS Pack Vendor :STMicroelectronics PDM2PCM 3.2.0
2024-05-13 18:14:33,325 [INFO] ThirdParty:1030 - CMSIS Pack Vendor :STMicroelectronics X-CUBE-AZRTOS-H7 3.0.0
2024-05-13 18:14:33,325 [INFO] ThirdParty:1030 - CMSIS Pack Vendor :STMicroelectronics X-CUBE-ISPU 1.0.0
2024-05-13 18:14:33,325 [INFO] ThirdParty:1030 - CMSIS Pack Vendor :STMicroelectronics X-CUBE-ISPU 1.1.0
2024-05-13 18:14:33,325 [INFO] ThirdParty:1030 - CMSIS Pack Vendor :RoweBots I-CUBE-UNISONRTOS 5.5.0-4
2024-05-13 18:14:33,325 [INFO] ThirdParty:1030 - CMSIS Pack Vendor :STMicroelectronics X-CUBE-AZRTOS-H7 2.1.0
2024-05-13 18:14:33,325 [INFO] ThirdParty:1030 - CMSIS Pack Vendor :STMicroelectronics USB_DEVICE 3.0.0
2024-05-13 18:14:33,325 [INFO] ThirdParty:1030 - CMSIS Pack Vendor :STMicroelectronics X-CUBE-TCPP 4.1.0
2024-05-13 18:14:33,325 [INFO] ThirdParty:1030 - CMSIS Pack Vendor :STMicroelectronics X-CUBE-AI 8.0.0
2024-05-13 18:14:33,325 [INFO] ThirdParty:1030 - CMSIS Pack Vendor :STMicroelectronics X-CUBE-AZRTOS-WB 2.0.0
2024-05-13 18:14:33,325 [INFO] ThirdParty:1030 - CMSIS Pack Vendor :STMicroelectronics X-CUBE-FREERTOS 1.0.0
2024-05-13 18:14:33,325 [INFO] ThirdParty:1030 - CMSIS Pack Vendor :STMicroelectronics X-CUBE-FREERTOS 1.0.1
2024-05-13 18:14:33,325 [INFO] ThirdParty:1030 - CMSIS Pack Vendor :STMicroelectronics X-CUBE-TOUCHGFX 4.21.1
2024-05-13 18:14:33,325 [INFO] ThirdParty:1030 - CMSIS Pack Vendor :STMicroelectronics X-CUBE-TOUCHGFX 4.21.3
2024-05-13 18:14:33,325 [INFO] ThirdParty:1030 - CMSIS Pack Vendor :STMicroelectronics X-CUBE-BLEMGR 1.0.0
2024-05-13 18:14:33,325 [INFO] ThirdParty:1030 - CMSIS Pack Vendor :STMicroelectronics X-CUBE-TOUCHGFX 4.21.4
2024-05-13 18:14:33,325 [INFO] ThirdParty:1030 - CMSIS Pack Vendor :STMicroelectronics X-CUBE-MEMS1 9.4.0
2024-05-13 18:14:33,325 [INFO] ThirdParty:1030 - CMSIS Pack Vendor :STMicroelectronics X-CUBE-AI 7.3.0
2024-05-13 18:14:33,325 [INFO] ThirdParty:1030 - CMSIS Pack Vendor :STMicroelectronics X-CUBE-ALGOBUILD 1.3.0
2024-05-13 18:14:33,325 [INFO] ThirdParty:1030 - CMSIS Pack Vendor :STMicroelectronics X-CUBE-AZRTOS-L5 1.1.0
2024-05-13 18:14:33,325 [INFO] ThirdParty:1030 - CMSIS Pack Vendor :STMicroelectronics X-CUBE-AZRTOS-G0 1.1.0
2024-05-13 18:14:33,325 [INFO] ThirdParty:1030 - CMSIS Pack Vendor :STMicroelectronics X-CUBE-AI 8.0.1
2024-05-13 18:14:33,325 [INFO] ThirdParty:1030 - CMSIS Pack Vendor :STMicroelectronics X-CUBE-SAFEA1 1.2.2
2024-05-13 18:14:33,325 [INFO] ThirdParty:1030 - CMSIS Pack Vendor :STMicroelectronics X-CUBE-NFC4 3.0.0
2024-05-13 18:14:33,325 [INFO] ThirdParty:1030 - CMSIS Pack Vendor :SEGGER I-CUBE-embOS 1.2.0
2024-05-13 18:14:33,325 [INFO] ThirdParty:1030 - CMSIS Pack Vendor :STMicroelectronics X-CUBE-SUBG2 5.0.0
2024-05-13 18:14:33,325 [INFO] ThirdParty:1030 - CMSIS Pack Vendor :STMicroelectronics STM32_WPAN 1.0.0
2024-05-13 18:14:33,325 [INFO] ThirdParty:1030 - CMSIS Pack Vendor :STMicroelectronics lwIP 2.0.3
2024-05-13 18:14:33,325 [INFO] ThirdParty:1030 - CMSIS Pack Vendor :STMicroelectronics USB_HOST 1.0.0
2024-05-13 18:14:33,325 [INFO] ThirdParty:1030 - CMSIS Pack Vendor :STMicroelectronics X-CUBE-TOF1 3.3.1
2024-05-13 18:14:33,325 [INFO] ThirdParty:1030 - CMSIS Pack Vendor :STMicroelectronics X-CUBE-AZRTOS-G4 2.0.0
2024-05-13 18:14:33,325 [INFO] ThirdParty:1030 - CMSIS Pack Vendor :STMicroelectronics PDM2PCM 3.1.0
2024-05-13 18:14:33,325 [INFO] ThirdParty:1030 - CMSIS Pack Vendor :STMicroelectronics X-CUBE-TOF1 3.3.0
2024-05-13 18:14:33,325 [INFO] ThirdParty:1030 - CMSIS Pack Vendor :STMicroelectronics FP-ATR-ASTRA1 1.1.1
2024-05-13 18:14:33,325 [INFO] ThirdParty:1030 - CMSIS Pack Vendor :Infineon AIROC-Wi-Fi-Bluetooth-STM32 1.5.1
2024-05-13 18:14:33,325 [INFO] ThirdParty:1030 - CMSIS Pack Vendor :STMicroelectronics X-CUBE-BLEMGR 3.0.0
2024-05-13 18:14:33,325 [INFO] ThirdParty:1030 - CMSIS Pack Vendor :STMicroelectronics X-CUBE-BLEMGR 1.3.0
2024-05-13 18:14:33,325 [INFO] ThirdParty:1030 - CMSIS Pack Vendor :STMicroelectronics FP-SNS-MOTENVWB1 1.3.1
2024-05-13 18:14:33,325 [INFO] ThirdParty:1030 - CMSIS Pack Vendor :STMicroelectronics FP-ATR-SIGFOX1 3.2.0
2024-05-13 18:14:33,325 [INFO] ThirdParty:1030 - CMSIS Pack Vendor :STMicroelectronics X-CUBE-AZRTOS-G4 1.0.0
2024-05-13 18:14:33,325 [INFO] ThirdParty:1030 - CMSIS Pack Vendor :STMicroelectronics X-CUBE-AZRTOS-L4 1.0.0
2024-05-13 18:14:33,325 [INFO] ThirdParty:1030 - CMSIS Pack Vendor :STMicroelectronics X-CUBE-ISPU 2.0.0
2024-05-13 18:14:33,325 [INFO] ThirdParty:1030 - CMSIS Pack Vendor :STMicroelectronics X-CUBE-EEPRMA1 5.1.0
2024-05-13 18:14:33,325 [INFO] ThirdParty:1030 - CMSIS Pack Vendor :STMicroelectronics MBEDTLS 2.16.2
2024-05-13 18:14:33,325 [INFO] ThirdParty:1030 - CMSIS Pack Vendor :emotas I-CUBE-CANOPEN 1.1.2
2024-05-13 18:14:33,325 [INFO] ThirdParty:1030 - CMSIS Pack Vendor :STMicroelectronics X-CUBE-TOUCHGFX 4.20.0
2024-05-13 18:14:33,325 [INFO] ThirdParty:1030 - CMSIS Pack Vendor :STMicroelectronics X-CUBE-MEMS1 10.0.0
2024-05-13 18:14:33,325 [INFO] ThirdParty:1030 - CMSIS Pack Vendor :STMicroelectronics X-CUBE-FREERTOS 1.1.0
2024-05-13 18:14:33,325 [INFO] ThirdParty:1030 - CMSIS Pack Vendor :STMicroelectronics X-CUBE-AZRTOS-WL 1.0.0
2024-05-13 18:14:33,325 [INFO] ThirdParty:1030 - CMSIS Pack Vendor :portGmbH I-Cube-SoM-uGOAL 1.1.0
2024-05-13 18:14:33,325 [INFO] ThirdParty:1030 - CMSIS Pack Vendor :STMicroelectronics X-CUBE-ALS 1.0.1
2024-05-13 18:14:33,325 [INFO] ThirdParty:1030 - CMSIS Pack Vendor :STMicroelectronics X-CUBE-MEMS1 9.5.0
2024-05-13 18:14:33,325 [INFO] ThirdParty:1030 - CMSIS Pack Vendor :STMicroelectronics ThreadX 1.0.0
2024-05-13 18:14:33,325 [INFO] ThirdParty:1030 - CMSIS Pack Vendor :STMicroelectronics X-CUBE-AZRTOS-WB 1.1.0
2024-05-13 18:14:33,325 [INFO] ThirdParty:1030 - CMSIS Pack Vendor :SEGGER I-CUBE-embOS 1.3.1
2024-05-13 18:14:33,325 [INFO] ThirdParty:1030 - CMSIS Pack Vendor :STMicroelectronics X-CUBE-ALGOBUILD 1.4.0
2024-05-13 18:14:33,325 [INFO] ThirdParty:1030 - CMSIS Pack Vendor :STMicroelectronics X-CUBE-AZRTOS-L5 1.0.0
2024-05-13 18:14:33,325 [INFO] ThirdParty:1030 - CMSIS Pack Vendor :STMicroelectronics X-CUBE-EEPRMA1 3.1.1
2024-05-13 18:14:33,325 [INFO] ThirdParty:1030 - CMSIS Pack Vendor :STMicroelectronics X-CUBE-AZRTOS-H7RS 1.0.0
2024-05-13 18:14:33,325 [INFO] ThirdParty:1030 - CMSIS Pack Vendor :STMicroelectronics FP-ATR-ASTRA1 2.0.0
2024-05-13 18:14:33,325 [INFO] ThirdParty:1030 - CMSIS Pack Vendor :STMicroelectronics X-CUBE-TOF1 3.4.0
2024-05-13 18:14:33,325 [INFO] ThirdParty:1030 - CMSIS Pack Vendor :STMicroelectronics X-CUBE-TOF1 3.4.1
2024-05-13 18:14:33,325 [INFO] ThirdParty:1030 - CMSIS Pack Vendor :STMicroelectronics X-CUBE-AZRTOS-H7 3.2.0
2024-05-13 18:14:33,325 [INFO] ThirdParty:841 - exiting critical section [change project]
2024-05-13 18:14:33,526 [INFO] PinOutPanel:1561 - setPackage(No Configuration,No Configuration)
2024-05-13 18:14:33,527 [INFO] PinOutPanel:1561 - setPackage(STM32F103CBTx,LQFP48)
2024-05-13 18:14:33,899 [INFO] UtilMem:75 - Before build in PCC Used Memory: 621126192 Bytes (1073741824)
2024-05-13 18:14:34,514 [INFO] UtilMem:75 - After build in PCC Used Memory: 655940952 Bytes (1073741824)
2024-05-13 18:14:34,535 [INFO] IPUIPlugin:80 - create IPUIPlugin
2024-05-13 18:14:34,535 [INFO] IPUIPlugin:80 - create IPUIPlugin
2024-05-13 18:14:34,536 [INFO] IPUIPlugin:80 - create IPUIPlugin
2024-05-13 18:14:34,536 [INFO] IPUIPlugin:80 - create IPUIPlugin
2024-05-13 18:14:34,536 [INFO] IPUIPlugin:80 - create IPUIPlugin
2024-05-13 18:14:34,536 [INFO] IPUIPlugin:80 - create IPUIPlugin
2024-05-13 18:14:34,536 [INFO] IPUIPlugin:80 - create IPUIPlugin
2024-05-13 18:14:34,536 [INFO] IPUIPlugin:80 - create IPUIPlugin
2024-05-13 18:14:34,536 [INFO] IPUIPlugin:80 - create IPUIPlugin
2024-05-13 18:14:34,536 [INFO] IPUIPlugin:80 - create IPUIPlugin
2024-05-13 18:14:34,537 [INFO] IPUIPlugin:80 - create IPUIPlugin
2024-05-13 18:14:34,537 [INFO] IPUIPlugin:80 - create IPUIPlugin
2024-05-13 18:14:34,537 [INFO] IPUIPlugin:80 - create IPUIPlugin
2024-05-13 18:14:34,537 [INFO] IPUIPlugin:80 - create IPUIPlugin
2024-05-13 18:14:34,537 [INFO] IPUIPlugin:80 - create IPUIPlugin
2024-05-13 18:14:34,538 [INFO] IPUIPlugin:80 - create IPUIPlugin
2024-05-13 18:14:34,538 [INFO] IPUIPlugin:80 - create IPUIPlugin
2024-05-13 18:14:34,538 [INFO] IPUIPlugin:80 - create IPUIPlugin
2024-05-13 18:14:34,538 [INFO] IPUIPlugin:80 - create IPUIPlugin
2024-05-13 18:14:34,538 [INFO] IPUIPlugin:80 - create IPUIPlugin
2024-05-13 18:14:34,539 [INFO] IPUIPlugin:80 - create IPUIPlugin
2024-05-13 18:14:34,539 [INFO] IPUIPlugin:80 - create IPUIPlugin
2024-05-13 18:14:34,539 [INFO] IPUIPlugin:80 - create IPUIPlugin
2024-05-13 18:14:34,539 [INFO] IPUIPlugin:80 - create IPUIPlugin
2024-05-13 18:14:34,539 [INFO] IPUIPlugin:80 - create IPUIPlugin
2024-05-13 18:14:34,539 [INFO] IPUIPlugin:80 - create IPUIPlugin
2024-05-13 18:14:34,539 [INFO] IPUIPlugin:80 - create IPUIPlugin
2024-05-13 18:14:34,711 [INFO] CADModel:165 - CPN selected for project levelSTM32F103CBT6
2024-05-13 18:14:34,711 [INFO] CADModel:114 - Register for checkConnection events
2024-05-13 18:14:34,759 [INFO] OpenFileManager:343 - Restore cursor
2024-05-13 18:16:45,532 [INFO] NvicIntPanel:101 - NVIC parent = com.st.microxplorer.plugins.ip.nvic.MultiNvicIntPanel[,0,0,0x0,invalid,layout=javax.swing.BoxLayout,alignmentX=0.0,alignmentY=0.0,border=,flags=9,maximumSize=,minimumSize=,preferredSize=]
2024-05-13 18:16:46,963 [INFO] UtilMem:75 - End SaveConfig() Used Memory: 782850616 Bytes (1073741824)
2024-05-13 18:16:48,560 [INFO] UtilMem:75 - End SaveConfig() Used Memory: 799105592 Bytes (1073741824)
2024-05-13 18:16:50,074 [INFO] UtilMem:75 - End SaveConfig() Used Memory: 844716624 Bytes (1073741824)
2024-05-13 18:16:50,382 [INFO] BlockDiagram:2759 - set Specific Code input for plugin: NVIC
2024-05-13 18:16:50,383 [INFO] BlockDiagram:2759 - set Specific Code input for plugin: USART
2024-05-13 18:16:50,383 [INFO] BlockDiagram:2759 - set Specific Code input for plugin: GPIO
2024-05-13 18:16:50,383 [INFO] BlockDiagram:2759 - set Specific Code input for plugin: RCC
2024-05-13 18:16:50,384 [INFO] CodeGenerator:807 - code generatio: config db path: C:\ST\STM32CubeIDE_1.10.1\STM32CubeIDE\plugins\com.st.stm32cube.common.mx_6.11.1.202404110753\\db\
2024-05-13 18:16:50,532 [INFO] CodeEngine:255 - oldGeneratedFile, D:\Download\DeleteThis\BMS_master_bluepill\MXTmpFiles\license.tmp_save
2024-05-13 18:16:50,918 [INFO] CodeEngine:279 - Generated code: D:\Download\DeleteThis\BMS_master_bluepill\MXTmpFiles\license.tmp
2024-05-13 18:16:51,017 [INFO] CodeEngine:255 - oldGeneratedFile, D:\Download\DeleteThis\BMS_master_bluepill\MXTmpFiles\gpio.tmp_save
2024-05-13 18:16:51,138 [INFO] CodeEngine:279 - Generated code: D:\Download\DeleteThis\BMS_master_bluepill\MXTmpFiles\gpio.tmp
2024-05-13 18:16:51,224 [INFO] CodeEngine:255 - oldGeneratedFile, D:\Download\DeleteThis\BMS_master_bluepill\Core\Src\stm32f1xx_it.c_save
2024-05-13 18:16:51,357 [INFO] CodeEngine:279 - Generated code: D:\Download\DeleteThis\BMS_master_bluepill\Core\Src\stm32f1xx_it.c
2024-05-13 18:16:51,384 [INFO] CodeEngine:255 - oldGeneratedFile, D:\Download\DeleteThis\BMS_master_bluepill\Core\Inc\stm32f1xx_it.h_save
2024-05-13 18:16:51,452 [INFO] CodeEngine:279 - Generated code: D:\Download\DeleteThis\BMS_master_bluepill\Core\Inc\stm32f1xx_it.h
2024-05-13 18:16:51,485 [INFO] CodeEngine:255 - oldGeneratedFile, D:\Download\DeleteThis\BMS_master_bluepill\Core\Src\stm32f1xx_hal_msp.c_save
2024-05-13 18:16:51,580 [INFO] CodeEngine:279 - Generated code: D:\Download\DeleteThis\BMS_master_bluepill\Core\Src\stm32f1xx_hal_msp.c
2024-05-13 18:16:51,591 [INFO] CodeEngine:255 - oldGeneratedFile, D:\Download\DeleteThis\BMS_master_bluepill\MXTmpFiles\system.tmp_save
2024-05-13 18:16:51,638 [INFO] CodeEngine:279 - Generated code: D:\Download\DeleteThis\BMS_master_bluepill\MXTmpFiles\system.tmp
2024-05-13 18:16:51,658 [INFO] CodeEngine:311 - oldGeneratedFile, D:\Download\DeleteThis\BMS_master_bluepill\Core\Inc\stm32f1xx_hal_conf.h_save
2024-05-13 18:16:51,730 [INFO] CodeEngine:335 - Generated code: D:\Download\DeleteThis\BMS_master_bluepill\Core\Inc\stm32f1xx_hal_conf.h
2024-05-13 18:16:51,767 [INFO] CodeEngine:255 - oldGeneratedFile, D:\Download\DeleteThis\BMS_master_bluepill\Core\Inc\main.h_save
2024-05-13 18:16:51,846 [INFO] CodeEngine:279 - Generated code: D:\Download\DeleteThis\BMS_master_bluepill\Core\Inc\main.h
2024-05-13 18:16:51,862 [INFO] CodeEngine:255 - oldGeneratedFile, D:\Download\DeleteThis\BMS_master_bluepill\Core\Src\main.c_save
2024-05-13 18:16:51,972 [INFO] CodeEngine:279 - Generated code: D:\Download\DeleteThis\BMS_master_bluepill\Core\Src\main.c
2024-05-13 18:16:52,212 [INFO] ProjectBuilder:3163 - Time for Copy HAL[1] : 127mS.
2024-05-13 18:16:52,217 [INFO] ProjectBuilder:4736 - Project Generator version: 4.3.0-B58
2024-05-13 18:16:52,281 [INFO] ConfigFileManager:1503 - The Die is : DIE410
2024-05-13 18:16:52,298 [INFO] ApiDbMcu:508 - Load IP Config File for FATFS
2024-05-13 18:16:52,308 [INFO] ApiDbMcu:508 - Load IP Config File for FREERTOS
2024-05-13 18:16:52,318 [INFO] ApiDbMcu:508 - Load IP Config File for USB_DEVICE
2024-05-13 18:16:52,748 [INFO] LogOutputStream:77 - [STDOUT_REDIRECT] 
2024-05-13 18:16:54,061 [INFO] ProjectBuilder:5002 - Time for Generating toolchain IDE Files: 1844mS.
2024-05-13 18:16:54,063 [INFO] ProjectBuilder:3034 - Time for Copy CMSIS : 0mS.
2024-05-13 18:16:54,065 [INFO] ProjectBuilder:3034 - Time for Copy CMSIS : 1mS.
2024-05-13 18:42:14,827 [ERROR] LogOutputStream:75 - [STDERR_REDIRECT] 
2024-05-13 18:42:14,827 [ERROR] LogOutputStream:75 - [STDERR_REDIRECT] 
