2024-06-21 00:28:47,693 [INFO] Activator:176 - 


2024-06-21 00:28:47,698 [INFO] Activator:177 - !SESSION log4j initialized
2024-06-21 00:28:51,496 [INFO] LogOutputStream:77 - [STDOUT_REDIRECT] 
2024-06-21 00:28:52,220 [INFO] ApplicationProperties:184 - Using Application install path: C:\ST\STM32CubeIDE_1.10.1\STM32CubeIDE\plugins\com.st.stm32cube.common.mx_6.11.1.202404110753
2024-06-21 00:28:52,234 [INFO] DbMcusXml:78 - Set database path to: C:\ST\STM32CubeIDE_1.10.1\STM32CubeIDE\plugins\com.st.stm32cube.common.mx_6.11.1.202404110753\\db\/mcu/
2024-06-21 00:28:52,234 [INFO] ApiDb:274 - Set plugin database path to: C:\ST\STM32CubeIDE_1.10.1\STM32CubeIDE\plugins\com.st.stm32cube.common.mx_6.11.1.202404110753\\db\/plugins/boardmanager/
2024-06-21 00:28:52,234 [WARN] ApiDb:259 - Overriding images path with different value:  => C:\ST\STM32CubeIDE_1.10.1\STM32CubeIDE\plugins\com.st.stm32cube.common.mx_6.11.1.202404110753\\db\/plugins/mcufinder/images/
2024-06-21 00:28:52,238 [INFO] ApiDb:250 - Set database path to: C:\Users\saksh\.stmcufinder\plugins\mcufinder//mcu/
2024-06-21 00:28:52,238 [INFO] DbMcusAds:125 - Set database path to: C:\Users\saksh\.stmcufinder\plugins\mcufinder//mcu/
2024-06-21 00:28:52,239 [INFO] CrossReferenceDbSqlite:203 - Set database path to: C:\Users\saksh\.stmcufinder\plugins\mcufinder//mcu/cs/
2024-06-21 00:28:52,303 [INFO] RulesReader:64 - Compatibility file has been processed (297 Rules)
2024-06-21 00:28:52,358 [INFO] DbMcusXml:78 - Set database path to: C:\ST\STM32CubeIDE_1.10.1\STM32CubeIDE\plugins\com.st.stm32cube.common.mx_6.11.1.202404110753\\db\/mcu/
2024-06-21 00:28:52,358 [INFO] ApiDb:274 - Set plugin database path to: C:\ST\STM32CubeIDE_1.10.1\STM32CubeIDE\plugins\com.st.stm32cube.common.mx_6.11.1.202404110753\\db\/plugins/boardmanager/
2024-06-21 00:28:52,358 [INFO] ApiDb:261 - Set plugin images path to: C:\ST\STM32CubeIDE_1.10.1\STM32CubeIDE\plugins\com.st.stm32cube.common.mx_6.11.1.202404110753\\db\/plugins/mcufinder/images/
2024-06-21 00:28:52,358 [WARN] DbFile:41 - Overriding database path with different value: C:\Users\saksh\.stmcufinder\plugins\mcufinder/ => C:\Users\saksh\.stmcufinder\plugins\mcufinder
2024-06-21 00:28:52,359 [INFO] ApiDb:250 - Set database path to: C:\Users\saksh\.stmcufinder\plugins\mcufinder//mcu/
2024-06-21 00:28:52,359 [WARN] DbFile:41 - Overriding database path with different value: C:\Users\saksh\.stmcufinder\plugins\mcufinder/ => C:\Users\saksh\.stmcufinder\plugins\mcufinder
2024-06-21 00:28:52,359 [INFO] DbMcusAds:125 - Set database path to: C:\Users\saksh\.stmcufinder\plugins\mcufinder//mcu/
2024-06-21 00:28:52,359 [WARN] DbFile:41 - Overriding database path with different value: C:\Users\saksh\.stmcufinder\plugins\mcufinder/ => C:\Users\saksh\.stmcufinder\plugins\mcufinder
2024-06-21 00:28:52,359 [WARN] DbFile:41 - Overriding database path with different value: C:\Users\saksh\.stmcufinder\plugins\mcufinder/ => C:\Users\saksh\.stmcufinder\plugins\mcufinder
2024-06-21 00:28:52,359 [INFO] CrossReferenceDbSqlite:203 - Set database path to: C:\Users\saksh\.stmcufinder\plugins\mcufinder//mcu/cs/
2024-06-21 00:28:52,412 [INFO] MainPanel:264 - HeapMemory: 268435456
2024-06-21 00:28:52,481 [INFO] DbMcusXml:78 - Set database path to: C:\ST\STM32CubeIDE_1.10.1\STM32CubeIDE\plugins\com.st.stm32cube.common.mx_6.11.1.202404110753\\db\/mcu/
2024-06-21 00:28:52,481 [INFO] ApiDb:274 - Set plugin database path to: C:\ST\STM32CubeIDE_1.10.1\STM32CubeIDE\plugins\com.st.stm32cube.common.mx_6.11.1.202404110753\\db\/plugins/boardmanager/
2024-06-21 00:28:52,481 [INFO] ApiDb:261 - Set plugin images path to: C:\ST\STM32CubeIDE_1.10.1\STM32CubeIDE\plugins\com.st.stm32cube.common.mx_6.11.1.202404110753\\db\/plugins/mcufinder/images/
2024-06-21 00:28:52,481 [WARN] DbFile:41 - Overriding database path with different value: C:\Users\saksh\.stmcufinder\plugins\mcufinder/ => C:\Users\saksh\.stmcufinder\plugins\mcufinder
2024-06-21 00:28:52,481 [INFO] ApiDb:250 - Set database path to: C:\Users\saksh\.stmcufinder\plugins\mcufinder//mcu/
2024-06-21 00:28:52,481 [WARN] DbFile:41 - Overriding database path with different value: C:\Users\saksh\.stmcufinder\plugins\mcufinder/ => C:\Users\saksh\.stmcufinder\plugins\mcufinder
2024-06-21 00:28:52,481 [INFO] DbMcusAds:125 - Set database path to: C:\Users\saksh\.stmcufinder\plugins\mcufinder//mcu/
2024-06-21 00:28:52,482 [WARN] DbFile:41 - Overriding database path with different value: C:\Users\saksh\.stmcufinder\plugins\mcufinder/ => C:\Users\saksh\.stmcufinder\plugins\mcufinder
2024-06-21 00:28:52,482 [WARN] DbFile:41 - Overriding database path with different value: C:\Users\saksh\.stmcufinder\plugins\mcufinder/ => C:\Users\saksh\.stmcufinder\plugins\mcufinder
2024-06-21 00:28:52,482 [INFO] CrossReferenceDbSqlite:203 - Set database path to: C:\Users\saksh\.stmcufinder\plugins\mcufinder//mcu/cs/
2024-06-21 00:28:52,494 [INFO] ApplicationProperties:184 - Using Application install path: C:\ST\STM32CubeIDE_1.10.1\STM32CubeIDE\plugins\com.st.stm32cube.common.mx_6.11.1.202404110753
2024-06-21 00:28:52,495 [INFO] PluginManage:196 - Search for loadable plugins [exclusion list=, ]
2024-06-21 00:28:52,496 [INFO] PluginManage:310 - Check plugin analytics
2024-06-21 00:28:52,582 [INFO] AnalyticsPlugin:253 - Accepted Software Licenses: 
2024-06-21 00:28:52,582 [INFO] AnalyticsPlugin:255 - Accepted CMSIS Pack Licenses: 
2024-06-21 00:28:52,582 [INFO] AnalyticsPlugin:257 - Accepted Firmware Licenses: FW.H7.1.10.0,FW.G4.1.5.0
2024-06-21 00:28:52,584 [INFO] PluginManage:359 - Loaded plugin analytics (category:tool,tabindex:-1)
2024-06-21 00:28:52,584 [INFO] PluginManage:310 - Check plugin cadmodel
2024-06-21 00:28:52,589 [INFO] CADModel:105 - Init CAD model plugin
2024-06-21 00:28:52,589 [INFO] PluginManage:359 - Loaded plugin cadmodel (category:power,tabindex:5)
2024-06-21 00:28:52,589 [INFO] PluginManage:310 - Check plugin clock
2024-06-21 00:28:52,599 [INFO] PluginManage:359 - Loaded plugin clock (category:base,tabindex:2)
2024-06-21 00:28:52,599 [INFO] PluginManage:310 - Check plugin ddr
2024-06-21 00:28:52,601 [INFO] PluginManage:359 - Loaded plugin ddr (category:tool,tabindex:6)
2024-06-21 00:28:52,601 [INFO] PluginManage:310 - Check plugin filemanager
2024-06-21 00:28:52,694 [INFO] PluginManage:359 - Loaded plugin filemanager (category:base,tabindex:10)
2024-06-21 00:28:52,694 [INFO] PluginManage:310 - Check plugin ipmanager
2024-06-21 00:28:52,699 [INFO] PluginManage:359 - Loaded plugin ipmanager (category:base,tabindex:5)
2024-06-21 00:28:52,699 [INFO] PluginManage:310 - Check plugin lpbam
2024-06-21 00:28:52,705 [INFO] PluginManage:359 - Loaded plugin lpbam (category:base,tabindex:0)
2024-06-21 00:28:52,706 [INFO] PluginManage:310 - Check plugin memorymap
2024-06-21 00:28:52,715 [INFO] PluginManage:359 - Loaded plugin memorymap (category:base,tabindex:4)
2024-06-21 00:28:52,715 [INFO] PluginManage:310 - Check plugin pinoutandconfiguration
2024-06-21 00:28:52,722 [INFO] PluginManage:359 - Loaded plugin pinoutandconfiguration (category:base,tabindex:1)
2024-06-21 00:28:52,722 [INFO] PluginManage:310 - Check plugin pinoutconfig
2024-06-21 00:28:52,788 [WARN] SupportedApi:132 - Cannot load RTOS API schema: s4s-elt-must-match.1: The content of 'definitions' must match (annotation?, (simpleType | complexType)?, (unique | key | keyref)*)). A problem was found starting at: attribute.
2024-06-21 00:28:52,873 [INFO] PluginManage:359 - Loaded plugin pinoutconfig (category:base,tabindex:0)
2024-06-21 00:28:52,873 [INFO] PluginManage:310 - Check plugin power
2024-06-21 00:28:52,881 [INFO] PluginManage:359 - Loaded plugin power (category:power,tabindex:4)
2024-06-21 00:28:52,881 [INFO] PluginManage:310 - Check plugin projectmanager
2024-06-21 00:28:52,892 [INFO] PluginManage:359 - Loaded plugin projectmanager (category:projectmanager,tabindex:3)
2024-06-21 00:28:52,892 [INFO] PluginManage:310 - Check plugin thirdparty
2024-06-21 00:28:52,974 [INFO] PluginManage:359 - Loaded plugin thirdparty (category:base,tabindex:-1)
2024-06-21 00:28:52,974 [WARN] IntegrityCheckThread:84 - waiting for thirdparty lock release [integrity check]
2024-06-21 00:28:52,974 [INFO] PluginManage:310 - Check plugin tools
2024-06-21 00:28:52,975 [INFO] IntegrityCheckThread:86 - entering critical section [integrity check]
2024-06-21 00:28:52,975 [INFO] ThirdPartyUpdaterWithRetryManager:70 - Updater plugin not ready yet. [1/15]
2024-06-21 00:28:52,976 [INFO] PluginManage:359 - Loaded plugin tools (category:base,tabindex:7)
2024-06-21 00:28:52,976 [INFO] PluginManage:310 - Check plugin tutovideos
2024-06-21 00:28:53,106 [INFO] PluginManage:359 - Loaded plugin tutovideos (category:base,tabindex:-1)
2024-06-21 00:28:53,106 [INFO] PluginManage:310 - Check plugin updater
2024-06-21 00:28:53,116 [INFO] PluginManage:359 - Loaded plugin updater (category:base,tabindex:12)
2024-06-21 00:28:53,116 [INFO] PluginManage:310 - Check plugin userauth
2024-06-21 00:28:53,120 [INFO] UserAuth:114 - Init User Auth plugin
2024-06-21 00:28:53,120 [INFO] PluginManage:359 - Loaded plugin userauth (category:base,tabindex:14)
2024-06-21 00:28:53,120 [INFO] PluginManage:283 - PluginManage : Loaded plugins [17]
2024-06-21 00:28:53,264 [INFO] PinOutPanel:1561 - setPackage(No Configuration,No Configuration)
2024-06-21 00:28:53,312 [INFO] CADModel:165 - CPN selected for project level
2024-06-21 00:28:53,312 [INFO] CADModel:114 - Register for checkConnection events
2024-06-21 00:28:53,324 [INFO] IPUIPlugin:80 - create IPUIPlugin
2024-06-21 00:28:53,324 [INFO] PluginManager:220 - loadIPPluginJar : add adc
2024-06-21 00:28:53,325 [INFO] IPUIPlugin:80 - create IPUIPlugin
2024-06-21 00:28:53,326 [INFO] PluginManager:220 - loadIPPluginJar : add aes
2024-06-21 00:28:53,327 [INFO] IPUIPlugin:80 - create IPUIPlugin
2024-06-21 00:28:53,327 [INFO] PluginManager:220 - loadIPPluginJar : add can
2024-06-21 00:28:53,328 [INFO] IPUIPlugin:80 - create IPUIPlugin
2024-06-21 00:28:53,328 [INFO] PluginManager:220 - loadIPPluginJar : add comp
2024-06-21 00:28:53,330 [INFO] IPUIPlugin:80 - create IPUIPlugin
2024-06-21 00:28:53,330 [INFO] PluginManager:220 - loadIPPluginJar : add cryp
2024-06-21 00:28:53,331 [INFO] IPUIPlugin:80 - create IPUIPlugin
2024-06-21 00:28:53,331 [INFO] PluginManager:220 - loadIPPluginJar : add dfsdm
2024-06-21 00:28:53,336 [INFO] IPUIPlugin:80 - create IPUIPlugin
2024-06-21 00:28:53,338 [INFO] PluginManager:220 - loadIPPluginJar : add dma
2024-06-21 00:28:53,339 [INFO] IPUIPlugin:80 - create IPUIPlugin
2024-06-21 00:28:53,339 [INFO] PluginManager:220 - loadIPPluginJar : add dma3
2024-06-21 00:28:53,341 [INFO] IPUIPlugin:80 - create IPUIPlugin
2024-06-21 00:28:53,341 [INFO] PluginManager:220 - loadIPPluginJar : add extmemmanager
2024-06-21 00:28:53,342 [INFO] IPUIPlugin:80 - create IPUIPlugin
2024-06-21 00:28:53,342 [INFO] PluginManager:220 - loadIPPluginJar : add fatfs
2024-06-21 00:28:53,344 [INFO] IPUIPlugin:80 - create IPUIPlugin
2024-06-21 00:28:53,344 [INFO] PluginManager:220 - loadIPPluginJar : add fmc
2024-06-21 00:28:53,348 [INFO] IPUIPlugin:80 - create IPUIPlugin
2024-06-21 00:28:53,348 [INFO] PluginManager:220 - loadIPPluginJar : add freertos
2024-06-21 00:28:53,349 [INFO] IPUIPlugin:80 - create IPUIPlugin
2024-06-21 00:28:53,349 [INFO] PluginManager:220 - loadIPPluginJar : add genericplugin
2024-06-21 00:28:53,351 [INFO] IPUIPlugin:80 - create IPUIPlugin
2024-06-21 00:28:53,351 [INFO] PluginManager:220 - loadIPPluginJar : add gfxmmu
2024-06-21 00:28:53,355 [INFO] IPUIPlugin:80 - create IPUIPlugin
2024-06-21 00:28:53,355 [INFO] PluginManager:220 - loadIPPluginJar : add gic
2024-06-21 00:28:53,357 [INFO] IPUIPlugin:80 - create IPUIPlugin
2024-06-21 00:28:53,358 [INFO] PluginManager:220 - loadIPPluginJar : add gpio
2024-06-21 00:28:53,359 [INFO] IPUIPlugin:80 - create IPUIPlugin
2024-06-21 00:28:53,359 [INFO] PluginManager:220 - loadIPPluginJar : add gtzc
2024-06-21 00:28:53,361 [INFO] IPUIPlugin:80 - create IPUIPlugin
2024-06-21 00:28:53,361 [INFO] PluginManager:220 - loadIPPluginJar : add hash
2024-06-21 00:28:53,362 [INFO] IPUIPlugin:80 - create IPUIPlugin
2024-06-21 00:28:53,362 [INFO] PluginManager:220 - loadIPPluginJar : add i2c
2024-06-21 00:28:53,363 [INFO] IPUIPlugin:80 - create IPUIPlugin
2024-06-21 00:28:53,363 [INFO] PluginManager:220 - loadIPPluginJar : add i2s
2024-06-21 00:28:53,365 [INFO] IPUIPlugin:80 - create IPUIPlugin
2024-06-21 00:28:53,365 [INFO] PluginManager:220 - loadIPPluginJar : add i3c
2024-06-21 00:28:53,367 [INFO] IPUIPlugin:80 - create IPUIPlugin
2024-06-21 00:28:53,367 [INFO] PluginManager:220 - loadIPPluginJar : add ipddr
2024-06-21 00:28:53,373 [INFO] IPUIPlugin:80 - create IPUIPlugin
2024-06-21 00:28:53,373 [INFO] PluginManager:220 - loadIPPluginJar : add linkedlist
2024-06-21 00:28:53,375 [INFO] IPUIPlugin:80 - create IPUIPlugin
2024-06-21 00:28:53,375 [INFO] PluginManager:220 - loadIPPluginJar : add lorawan
2024-06-21 00:28:53,376 [INFO] IPUIPlugin:80 - create IPUIPlugin
2024-06-21 00:28:53,376 [INFO] PluginManager:220 - loadIPPluginJar : add ltdc
2024-06-21 00:28:53,379 [INFO] IPUIPlugin:80 - create IPUIPlugin
2024-06-21 00:28:53,380 [INFO] PluginManager:220 - loadIPPluginJar : add mdma
2024-06-21 00:28:53,382 [INFO] IPUIPlugin:80 - create IPUIPlugin
2024-06-21 00:28:53,382 [INFO] PluginManager:220 - loadIPPluginJar : add nvic
2024-06-21 00:28:53,383 [INFO] IPUIPlugin:80 - create IPUIPlugin
2024-06-21 00:28:53,383 [INFO] PluginManager:220 - loadIPPluginJar : add opamp
2024-06-21 00:28:53,385 [INFO] IPUIPlugin:80 - create IPUIPlugin
2024-06-21 00:28:53,385 [INFO] PluginManager:220 - loadIPPluginJar : add openamp
2024-06-21 00:28:53,387 [INFO] IPUIPlugin:80 - create IPUIPlugin
2024-06-21 00:28:53,387 [INFO] PluginManager:220 - loadIPPluginJar : add pdm2pcm
2024-06-21 00:28:53,390 [INFO] IPUIPlugin:80 - create IPUIPlugin
2024-06-21 00:28:53,392 [INFO] PluginManager:220 - loadIPPluginJar : add plateformsettings
2024-06-21 00:28:53,392 [INFO] IPUIPlugin:80 - create IPUIPlugin
2024-06-21 00:28:53,393 [INFO] PluginManager:220 - loadIPPluginJar : add quadspi
2024-06-21 00:28:53,395 [INFO] IPUIPlugin:80 - create IPUIPlugin
2024-06-21 00:28:53,395 [INFO] PluginManager:220 - loadIPPluginJar : add resmgrutility
2024-06-21 00:28:53,397 [INFO] IPUIPlugin:80 - create IPUIPlugin
2024-06-21 00:28:53,397 [INFO] PluginManager:220 - loadIPPluginJar : add sai
2024-06-21 00:28:53,398 [INFO] IPUIPlugin:80 - create IPUIPlugin
2024-06-21 00:28:53,398 [INFO] PluginManager:220 - loadIPPluginJar : add spi
2024-06-21 00:28:53,401 [INFO] IPUIPlugin:80 - create IPUIPlugin
2024-06-21 00:28:53,401 [INFO] PluginManager:220 - loadIPPluginJar : add stm32_wpan
2024-06-21 00:28:53,402 [INFO] IPUIPlugin:80 - create IPUIPlugin
2024-06-21 00:28:53,402 [INFO] PluginManager:220 - loadIPPluginJar : add tim
2024-06-21 00:28:53,403 [INFO] IPUIPlugin:80 - create IPUIPlugin
2024-06-21 00:28:53,403 [INFO] PluginManager:220 - loadIPPluginJar : add touchsensing
2024-06-21 00:28:53,405 [INFO] IPUIPlugin:80 - create IPUIPlugin
2024-06-21 00:28:53,405 [INFO] PluginManager:220 - loadIPPluginJar : add tracer_emb
2024-06-21 00:28:53,406 [INFO] IPUIPlugin:80 - create IPUIPlugin
2024-06-21 00:28:53,406 [INFO] PluginManager:220 - loadIPPluginJar : add ts
2024-06-21 00:28:53,407 [INFO] IPUIPlugin:80 - create IPUIPlugin
2024-06-21 00:28:53,407 [INFO] PluginManager:220 - loadIPPluginJar : add tsc
2024-06-21 00:28:53,407 [INFO] IPUIPlugin:80 - create IPUIPlugin
2024-06-21 00:28:53,408 [INFO] PluginManager:220 - loadIPPluginJar : add ucpd
2024-06-21 00:28:53,409 [INFO] IPUIPlugin:80 - create IPUIPlugin
2024-06-21 00:28:53,409 [INFO] PluginManager:220 - loadIPPluginJar : add usart
2024-06-21 00:28:53,410 [INFO] IPUIPlugin:80 - create IPUIPlugin
2024-06-21 00:28:53,410 [INFO] PluginManager:220 - loadIPPluginJar : add usbx
2024-06-21 00:28:53,513 [INFO] CADModel:165 - CPN selected for project level
2024-06-21 00:28:53,514 [INFO] CADModel:114 - Register for checkConnection events
2024-06-21 00:28:53,514 [FATAL] Updater:308 - Updater called before beeing initialized
2024-06-21 00:28:53,514 [ERROR] CADModel:125 - Updater not yet initialized, retry later 
2024-06-21 00:28:53,607 [INFO] CADModel:165 - CPN selected for project level
2024-06-21 00:28:53,607 [INFO] CADModel:114 - Register for checkConnection events
2024-06-21 00:28:53,608 [FATAL] Updater:308 - Updater called before beeing initialized
2024-06-21 00:28:53,608 [ERROR] CADModel:125 - Updater not yet initialized, retry later 
2024-06-21 00:28:53,610 [FATAL] Updater:308 - Updater called before beeing initialized
2024-06-21 00:28:53,669 [FATAL] Updater:308 - Updater called before beeing initialized
2024-06-21 00:28:53,672 [INFO] DbMcusAds:53 - JSON generation date=Thu May 16 14:52:00 IST 2024 (1715851320852)
2024-06-21 00:28:53,672 [FATAL] Updater:308 - Updater called before beeing initialized
2024-06-21 00:28:53,698 [WARN] DetailPanel:346 - Failed to get advertising image, set to default
2024-06-21 00:28:53,758 [FATAL] Updater:308 - Updater called before beeing initialized
2024-06-21 00:28:53,767 [FATAL] Updater:308 - Updater called before beeing initialized
2024-06-21 00:28:53,767 [FATAL] Updater:308 - Updater called before beeing initialized
2024-06-21 00:28:53,767 [WARN] DetailPanel:346 - Failed to get advertising image, set to default
2024-06-21 00:28:53,768 [FATAL] Updater:308 - Updater called before beeing initialized
2024-06-21 00:28:53,808 [ERROR] Updater:1120 - MainUpdater not yet initialized. External WinMGr cannot be set.
2024-06-21 00:28:53,809 [INFO] Updater:1056 - Updater Version found : 6.11.1
2024-06-21 00:28:53,823 [INFO] ApplicationProperties:184 - Using Application install path: C:\ST\STM32CubeIDE_1.10.1\STM32CubeIDE\plugins\com.st.stm32cube.common.mx_6.11.1.202404110753
2024-06-21 00:28:55,392 [ERROR] LogOutputStream:75 - [STDERR_REDIRECT] Jun 21, 2024 12:28:55 AM java.util.prefs.WindowsPreferences <init>
2024-06-21 00:28:55,393 [ERROR] LogOutputStream:75 - [STDERR_REDIRECT] WARNING: Could not open/create prefs root node Software\JavaSoft\Prefs at root 0xffffffff80000002. Windows RegCreateKeyEx(...) returned error code 5.
2024-06-21 00:28:55,393 [ERROR] LogOutputStream:75 - [STDERR_REDIRECT] 
2024-06-21 00:28:55,962 [INFO] MainUpdater:2873 - connection check result : 10
2024-06-21 00:28:55,964 [INFO] MainUpdater:290 - Updater Check For Update Now.
2024-06-21 00:28:55,964 [INFO] MicroXplorer:498 - Change Database Version : DB.6.0.111
2024-06-21 00:28:55,969 [INFO] McuFinderGlobals:63 - Set McuFinder mode to 2 (CubeIDE integrated)
2024-06-21 00:28:55,969 [INFO] UserAuth:179 - activating auth plugin
2024-06-21 00:28:55,971 [INFO] UserAuth:415 - Internet connection configuration mode: 1
2024-06-21 00:28:55,978 [WARN] MainUpdater:1194 - Updater busy. Cannot search thirdparties
2024-06-21 00:28:55,978 [INFO] ThirdPartyUpdaterWithRetryManager:96 - Updater plugin is busy. [1/15]
2024-06-21 00:28:55,991 [INFO] JxBrowserEngine:152 - Initiate JxBrowser Engine with user profile folder
2024-06-21 00:28:56,108 [INFO] CheckServerUpdateThread:120 - End of CheckServer Thread
2024-06-21 00:28:56,622 [INFO] WebApp:161 - Instantiating new browser for Auth
2024-06-21 00:28:57,014 [INFO] WebApp:779 - Register for checkConnection events
2024-06-21 00:28:57,014 [INFO] WebApp:414 - Apply proxy settings
2024-06-21 00:28:57,014 [INFO] WebApp:499 - Chromium requires no authentication
2024-06-21 00:28:57,019 [INFO] WebApp:442 - Direct internet connection detected
2024-06-21 00:28:57,143 [INFO] WebApp:192 - Starting web application
2024-06-21 00:28:57,143 [INFO] WebApp:544 - Web application path used C:\ST\STM32CubeIDE_1.10.1\STM32CubeIDE\plugins\com.st.stm32cube.common.mx_6.11.1.202404110753\db\plugins\mcufinder\reactClient1\index.html
2024-06-21 00:28:59,073 [WARN] PackLoader:240 - Cannot read IP mode file for STMicroelectronics.FP-SNS-MOTENVWB1.1.4.0
2024-06-21 00:28:59,078 [WARN] PackLoader:240 - Cannot read IP mode file for STMicroelectronics.X-CUBE-SMBUS.2.1.0
2024-06-21 00:28:59,081 [WARN] PackLoader:240 - Cannot read IP mode file for STMicroelectronics.X-CUBE-TOUCHGFX.4.23.1
2024-06-21 00:28:59,082 [WARN] PackLoader:240 - Cannot read IP mode file for STMicroelectronics.X-CUBE-TOUCHGFX.4.23.0
2024-06-21 00:28:59,084 [WARN] PackLoader:240 - Cannot read IP mode file for STMicroelectronics.X-CUBE-TOUCHGFX.4.23.2
2024-06-21 00:28:59,097 [WARN] PackLoader:240 - Cannot read IP mode file for STMicroelectronics.X-CUBE-AZRTOS-F7.1.1.0
2024-06-21 00:28:59,104 [ERROR] RealEvaluatedCondition:428 - Found unsupported composite condition: GROUP='STM32_MetaDataManager' CLASS='Data Exchange'
2024-06-21 00:28:59,104 [ERROR] RealEvaluatedCondition:428 - Found unsupported composite condition: GROUP='STM32_MetaDataManager' CLASS='Data Exchange'
2024-06-21 00:28:59,105 [WARN] PackLoader:240 - Cannot read IP mode file for STMicroelectronics.FP-SNS-MOTENV1.4.3.0
2024-06-21 00:28:59,109 [WARN] PackLoader:240 - Cannot read IP mode file for STMicroelectronics.FP-SNS-MOTENV1.4.3.2
2024-06-21 00:28:59,112 [WARN] PackLoader:240 - Cannot read IP mode file for STMicroelectronics.FP-SNS-FLIGHT1.5.0.0
2024-06-21 00:28:59,115 [ERROR] RealEvaluatedCondition:428 - Found unsupported composite condition: CLASS='Data Exchange' GROUP='STM32_MetaDataManager'
2024-06-21 00:28:59,115 [ERROR] RealEvaluatedCondition:428 - Found unsupported composite condition: CLASS='Data Exchange' GROUP='STM32_MetaDataManager'
2024-06-21 00:28:59,115 [WARN] PackLoader:240 - Cannot read IP mode file for STMicroelectronics.FP-SNS-MOTENV1.4.3.1
2024-06-21 00:28:59,119 [WARN] PackLoader:240 - Cannot read IP mode file for STMicroelectronics.FP-SNS-FLIGHT1.5.0.1
2024-06-21 00:28:59,125 [WARN] PackLoader:240 - Cannot read IP mode file for STMicroelectronics.X-CUBE-BLE1.6.2.3
2024-06-21 00:28:59,128 [WARN] PackLoader:240 - Cannot read IP mode file for STMicroelectronics.X-CUBE-BLE1.6.2.4
2024-06-21 00:28:59,130 [WARN] PackLoader:240 - Cannot read IP mode file for STMicroelectronics.FP-SNS-FLIGHT1.5.0.2
2024-06-21 00:28:59,135 [WARN] PackLoader:240 - Cannot read IP mode file for STMicroelectronics.X-CUBE-TOF1.3.1.0
2024-06-21 00:28:59,142 [WARN] PackLoader:240 - Cannot read IP mode file for STMicroelectronics.X-CUBE-DISPLAY.3.0.0
2024-06-21 00:28:59,146 [WARN] PackLoader:240 - Cannot read IP mode file for STMicroelectronics.X-CUBE-BLE1.7.0.0
2024-06-21 00:28:59,149 [WARN] PackLoader:240 - Cannot read IP mode file for STMicroelectronics.X-CUBE-TOUCHGFX.4.22.0
2024-06-21 00:28:59,169 [WARN] PackLoader:240 - Cannot read IP mode file for STMicroelectronics.X-CUBE-MEMS1.9.3.0
2024-06-21 00:28:59,268 [WARN] PackLoader:240 - Cannot read IP mode file for STMicroelectronics.X-CUBE-AI.7.2.0
2024-06-21 00:28:59,273 [WARN] PackLoader:240 - Cannot read IP mode file for STMicroelectronics.X-CUBE-BLEMGR.3.1.0
2024-06-21 00:28:59,277 [WARN] PackLoader:240 - Cannot read IP mode file for STMicroelectronics.FP-SNS-SMARTAG2.1.2.0
2024-06-21 00:28:59,285 [INFO] LogOutputStream:77 - [STDOUT_REDIRECT] 1 : Invalid condition id : UX_CORESTACK_Condition cause : null
2024-06-21 00:28:59,285 [INFO] LogOutputStream:77 - [STDOUT_REDIRECT] 1 : Invalid condition id : UX_CORESTACK_Condition cause : null
2024-06-21 00:28:59,286 [INFO] LogOutputStream:77 - [STDOUT_REDIRECT] 1 : Invalid condition id : UX_CORESTACK_Condition cause : null
2024-06-21 00:28:59,287 [INFO] LogOutputStream:77 - [STDOUT_REDIRECT] 1 : Invalid condition id : UX_CORESTACK_Condition cause : null
2024-06-21 00:28:59,287 [INFO] LogOutputStream:77 - [STDOUT_REDIRECT] 1 : Invalid condition id : UX_CORESTACK_Condition cause : null
2024-06-21 00:28:59,290 [WARN] PackLoader:240 - Cannot read IP mode file for STMicroelectronics.X-CUBE-AZRTOS-WL.2.0.0
2024-06-21 00:28:59,293 [WARN] PackLoader:240 - Cannot read IP mode file for STMicroelectronics.FP-SNS-MOTENV1.5.0.0
2024-06-21 00:28:59,296 [WARN] PackLoader:240 - Cannot read IP mode file for wolfSSL.I-CUBE-wolfMQTT.1.19.0
2024-06-21 00:28:59,301 [WARN] PackLoader:240 - Cannot read IP mode file for WES.I-CUBE-Cesium.1.3.0
2024-06-21 00:28:59,304 [WARN] PackLoader:240 - Cannot read IP mode file for STMicroelectronics.X-CUBE-BLE2.3.3.0
2024-06-21 00:28:59,308 [WARN] PackLoader:240 - Cannot read IP mode file for STMicroelectronics.X-CUBE-DISPLAY.2.2.0
2024-06-21 00:28:59,315 [WARN] PackLoader:240 - Cannot read IP mode file for STMicroelectronics.X-CUBE-TOF1.3.2.0
2024-06-21 00:28:59,319 [WARN] PackLoader:240 - Cannot read IP mode file for STMicroelectronics.X-CUBE-ISPU.1.0.0
2024-06-21 00:28:59,330 [WARN] PackLoader:240 - Cannot read IP mode file for STMicroelectronics.X-CUBE-AZRTOS-H7.2.1.0
2024-06-21 00:28:59,336 [WARN] PackLoader:240 - Cannot read IP mode file for STMicroelectronics.X-CUBE-TCPP.4.1.0
2024-06-21 00:28:59,339 [WARN] PackLoader:240 - Cannot read IP mode file for STMicroelectronics.X-CUBE-TOUCHGFX.4.21.1
2024-06-21 00:28:59,342 [WARN] PackLoader:240 - Cannot read IP mode file for STMicroelectronics.X-CUBE-TOUCHGFX.4.21.3
2024-06-21 00:28:59,344 [WARN] PackLoader:240 - Cannot read IP mode file for STMicroelectronics.X-CUBE-TOUCHGFX.4.21.4
2024-06-21 00:28:59,366 [WARN] PackLoader:240 - Cannot read IP mode file for STMicroelectronics.X-CUBE-MEMS1.9.4.0
2024-06-21 00:28:59,420 [WARN] PackLoader:240 - Cannot read IP mode file for STMicroelectronics.X-CUBE-AI.7.3.0
2024-06-21 00:28:59,425 [WARN] PackLoader:240 - Cannot read IP mode file for STMicroelectronics.X-CUBE-ALGOBUILD.1.3.0
2024-06-21 00:28:59,432 [WARN] PackLoader:240 - Cannot read IP mode file for STMicroelectronics.X-CUBE-AZRTOS-G0.1.1.0
2024-06-21 00:28:59,438 [WARN] PackLoader:240 - Cannot read IP mode file for STMicroelectronics.X-CUBE-SAFEA1.1.2.2
2024-06-21 00:28:59,446 [WARN] PackLoader:240 - Cannot read IP mode file for STMicroelectronics.X-CUBE-NFC4.3.0.0
2024-06-21 00:28:59,469 [WARN] PackLoader:240 - Cannot read IP mode file for SEGGER.I-CUBE-embOS.1.2.0
2024-06-21 00:28:59,504 [WARN] PackLoader:240 - Cannot read IP mode file for STMicroelectronics.X-CUBE-BLEMGR.3.0.0
2024-06-21 00:28:59,511 [WARN] PackLoader:240 - Cannot read IP mode file for STMicroelectronics.X-CUBE-BLEMGR.1.3.0
2024-06-21 00:28:59,516 [WARN] PackLoader:240 - Cannot read IP mode file for STMicroelectronics.FP-ATR-SIGFOX1.3.2.0
2024-06-21 00:28:59,521 [WARN] PackLoader:240 - Cannot read IP mode file for STMicroelectronics.X-CUBE-EEPRMA1.5.1.0
2024-06-21 00:28:59,528 [WARN] PackLoader:240 - Cannot read IP mode file for emotas.I-CUBE-CANOPEN.1.1.2
2024-06-21 00:28:59,531 [WARN] PackLoader:240 - Cannot read IP mode file for STMicroelectronics.X-CUBE-TOUCHGFX.4.20.0
2024-06-21 00:28:59,554 [WARN] PackLoader:240 - Cannot read IP mode file for STMicroelectronics.X-CUBE-MEMS1.9.5.0
2024-06-21 00:28:59,664 [WARN] PackLoader:240 - Cannot read IP mode file for SEGGER.I-CUBE-embOS.1.3.1
2024-06-21 00:28:59,687 [WARN] PackLoader:240 - Cannot read IP mode file for STMicroelectronics.X-CUBE-ALGOBUILD.1.4.0
2024-06-21 00:28:59,693 [WARN] PackLoader:240 - Cannot read IP mode file for STMicroelectronics.X-CUBE-GNSS1.6.0.0
2024-06-21 00:28:59,706 [WARN] PackLoader:240 - Cannot read IP mode file for STMicroelectronics.X-CUBE-AZRTOS-F4.1.1.0
2024-06-21 00:28:59,711 [WARN] PackLoader:240 - Cannot read IP mode file for STMicroelectronics.X-CUBE-FREERTOS.1.2.0
2024-06-21 00:28:59,719 [WARN] PackLoader:240 - Cannot read IP mode file for STMicroelectronics.X-CUBE-BLEMGR.1.2.0
2024-06-21 00:28:59,733 [WARN] PackLoader:240 - Cannot read IP mode file for STMicroelectronics.X-CUBE-AZRTOS-L5.2.0.0
2024-06-21 00:28:59,758 [WARN] PackLoader:240 - Cannot read IP mode file for STMicroelectronics.X-CUBE-MEMS1.9.6.0
2024-06-21 00:28:59,817 [WARN] PackLoader:240 - Cannot read IP mode file for STMicroelectronics.X-CUBE-EEPRMA1.4.2.0
2024-06-21 00:28:59,822 [WARN] PackLoader:240 - Cannot read IP mode file for STMicroelectronics.X-CUBE-NFC6.3.1.0
2024-06-21 00:28:59,826 [WARN] PackLoader:240 - Cannot read IP mode file for ITTIA_DB.I-CUBE-ITTIADB.8.8.0
2024-06-21 00:28:59,829 [WARN] PackLoader:240 - Cannot read IP mode file for STMicroelectronics.X-CUBE-BLEMGR.2.0.0
2024-06-21 00:28:59,833 [WARN] PackLoader:240 - Cannot read IP mode file for STMicroelectronics.X-CUBE-NFC4.2.0.4
2024-06-21 00:28:59,836 [WARN] PackLoader:240 - Cannot read IP mode file for STMicroelectronics.X-CUBE-AI.9.0.0
2024-06-21 00:28:59,842 [WARN] ConditionMgr:438 - getConditionDescription Invalid condition id : UX DEVICE CLASS RTOS Condition cause : null
2024-06-21 00:28:59,842 [WARN] ConditionMgr:438 - getConditionDescription Invalid condition id : UX DEVICE CLASS RTOS Condition cause : null
2024-06-21 00:28:59,843 [WARN] PackLoader:240 - Cannot read IP mode file for STMicroelectronics.X-CUBE-AZRTOS-H7.3.1.0
2024-06-21 00:28:59,844 [WARN] ConditionMgr:1039 - genDependencies : Invalid condition id : UX DEVICE CLASS RTOS Condition cause : null
2024-06-21 00:28:59,844 [WARN] ConditionMgr:1039 - genDependencies : Invalid condition id : UX DEVICE CLASS RTOS Condition cause : null
2024-06-21 00:28:59,844 [WARN] ConditionMgr:1039 - genDependencies : Invalid condition id : UX DEVICE CLASS RTOS Condition cause : null
2024-06-21 00:28:59,844 [WARN] ConditionMgr:1039 - genDependencies : Invalid condition id : UX DEVICE CLASS RTOS Condition cause : null
2024-06-21 00:28:59,844 [WARN] ConditionMgr:1039 - genDependencies : Invalid condition id : UX DEVICE CLASS RTOS Condition cause : null
2024-06-21 00:28:59,848 [WARN] PackLoader:240 - Cannot read IP mode file for wolfSSL.I-CUBE-wolfSSL.5.5.0
2024-06-21 00:28:59,850 [WARN] PackLoader:240 - Cannot read IP mode file for STMicroelectronics.X-CUBE-NFC7.1.0.1
2024-06-21 00:28:59,853 [WARN] PackLoader:240 - Cannot read IP mode file for STMicroelectronics.X-CUBE-NFC7.1.0.0
2024-06-21 00:28:59,856 [WARN] PackLoader:240 - Cannot read IP mode file for STMicroelectronics.X-CUBE-NFC6.3.0.0
2024-06-21 00:28:59,860 [WARN] PackLoader:240 - Cannot read IP mode file for STMicroelectronics.X-CUBE-EEPRMA1.4.1.0
2024-06-21 00:28:59,864 [WARN] PackLoader:240 - Cannot read IP mode file for STMicroelectronics.X-CUBE-AI.8.1.0
2024-06-21 00:28:59,871 [WARN] ConditionMgr:438 - getConditionDescription Invalid condition id : LAN8742 Phy interface Condition cause : null
2024-06-21 00:28:59,871 [WARN] PackLoader:240 - Cannot read IP mode file for STMicroelectronics.X-CUBE-AZRTOS-L4.2.0.0
2024-06-21 00:28:59,872 [WARN] ConditionMgr:1039 - genDependencies : Invalid condition id : LAN8742 Phy interface Condition cause : null
2024-06-21 00:28:59,872 [WARN] ConditionMgr:1039 - genDependencies : Invalid condition id : LAN8742 Phy interface Condition cause : null
2024-06-21 00:28:59,872 [WARN] ConditionMgr:1039 - genDependencies : Invalid condition id : LAN8742 Phy interface Condition cause : null
2024-06-21 00:28:59,877 [WARN] PackLoader:240 - Cannot read IP mode file for STMicroelectronics.X-CUBE-SFXS2LP1.4.0.0
2024-06-21 00:28:59,885 [WARN] PackLoader:240 - Cannot read IP mode file for STMicroelectronics.X-CUBE-AZRTOS-H7.3.0.0
2024-06-21 00:28:59,888 [WARN] PackLoader:240 - Cannot read IP mode file for STMicroelectronics.X-CUBE-ISPU.1.1.0
2024-06-21 00:28:59,892 [WARN] PackLoader:240 - Cannot read IP mode file for RoweBots.I-CUBE-UNISONRTOS.5.5.0-4
2024-06-21 00:28:59,894 [WARN] PackLoader:240 - Cannot read IP mode file for STMicroelectronics.X-CUBE-AI.8.0.0
2024-06-21 00:28:59,900 [WARN] ConditionMgr:438 - getConditionDescription Invalid condition id : UX DEVICE CLASS RTOS Condition cause : null
2024-06-21 00:28:59,900 [WARN] ConditionMgr:438 - getConditionDescription Invalid condition id : UX DEVICE CLASS RTOS Condition cause : null
2024-06-21 00:28:59,901 [WARN] PackLoader:240 - Cannot read IP mode file for STMicroelectronics.X-CUBE-AZRTOS-WB.2.0.0
2024-06-21 00:28:59,901 [WARN] ConditionMgr:1039 - genDependencies : Invalid condition id : UX DEVICE CLASS RTOS Condition cause : null
2024-06-21 00:28:59,901 [WARN] ConditionMgr:1039 - genDependencies : Invalid condition id : UX DEVICE CLASS RTOS Condition cause : null
2024-06-21 00:28:59,901 [WARN] ConditionMgr:1039 - genDependencies : Invalid condition id : UX DEVICE CLASS RTOS Condition cause : null
2024-06-21 00:28:59,901 [WARN] ConditionMgr:1039 - genDependencies : Invalid condition id : UX DEVICE CLASS RTOS Condition cause : null
2024-06-21 00:28:59,901 [WARN] ConditionMgr:1039 - genDependencies : Invalid condition id : UX DEVICE CLASS RTOS Condition cause : null
2024-06-21 00:28:59,904 [WARN] PackLoader:240 - Cannot read IP mode file for STMicroelectronics.X-CUBE-FREERTOS.1.0.0
2024-06-21 00:28:59,908 [WARN] PackLoader:240 - Cannot read IP mode file for STMicroelectronics.X-CUBE-FREERTOS.1.0.1
2024-06-21 00:28:59,911 [WARN] PackLoader:240 - Cannot read IP mode file for STMicroelectronics.X-CUBE-BLEMGR.1.0.0
2024-06-21 00:28:59,919 [WARN] PackLoader:240 - Cannot read IP mode file for STMicroelectronics.X-CUBE-AZRTOS-L5.1.1.0
2024-06-21 00:28:59,924 [WARN] PackLoader:240 - Cannot read IP mode file for STMicroelectronics.X-CUBE-AI.8.0.1
2024-06-21 00:28:59,928 [WARN] PackLoader:240 - Cannot read IP mode file for STMicroelectronics.X-CUBE-SUBG2.5.0.0
2024-06-21 00:28:59,935 [WARN] PackLoader:240 - Cannot read IP mode file for STMicroelectronics.X-CUBE-TOF1.3.3.1
2024-06-21 00:28:59,948 [WARN] PackLoader:240 - Cannot read IP mode file for STMicroelectronics.X-CUBE-AZRTOS-G4.2.0.0
2024-06-21 00:28:59,954 [WARN] PackLoader:240 - Cannot read IP mode file for STMicroelectronics.X-CUBE-TOF1.3.3.0
2024-06-21 00:28:59,960 [WARN] PackLoader:240 - Cannot read IP mode file for STMicroelectronics.FP-ATR-ASTRA1.1.1.1
2024-06-21 00:28:59,966 [WARN] PackLoader:240 - Cannot read IP mode file for Infineon.AIROC-Wi-Fi-Bluetooth-STM32.1.5.1
2024-06-21 00:28:59,970 [WARN] PackLoader:240 - Cannot read IP mode file for STMicroelectronics.FP-SNS-MOTENVWB1.1.3.1
2024-06-21 00:28:59,977 [WARN] PackLoader:240 - Cannot read IP mode file for STMicroelectronics.X-CUBE-AZRTOS-G4.1.0.0
2024-06-21 00:28:59,986 [WARN] PackLoader:240 - Cannot read IP mode file for STMicroelectronics.X-CUBE-AZRTOS-L4.1.0.0
2024-06-21 00:28:59,990 [WARN] PackLoader:240 - Cannot read IP mode file for STMicroelectronics.X-CUBE-ISPU.2.0.0
2024-06-21 00:28:59,994 [WARN] PackLoader:240 - Cannot read IP mode file for STMicroelectronics.X-CUBE-ALS.1.0.2
2024-06-21 00:29:00,008 [WARN] PackLoader:240 - Cannot read IP mode file for STMicroelectronics.X-CUBE-MEMS1.10.0.0
2024-06-21 00:29:00,053 [WARN] PackLoader:240 - Cannot read IP mode file for STMicroelectronics.X-CUBE-FREERTOS.1.1.0
2024-06-21 00:29:00,058 [WARN] PackLoader:240 - Cannot read IP mode file for STMicroelectronics.X-CUBE-AZRTOS-WL.1.0.0
2024-06-21 00:29:00,061 [WARN] PackLoader:240 - Cannot read IP mode file for portGmbH.I-Cube-SoM-uGOAL.1.1.0
2024-06-21 00:29:00,064 [WARN] PackLoader:240 - Cannot read IP mode file for STMicroelectronics.X-CUBE-ALS.1.0.1
2024-06-21 00:29:00,069 [WARN] PackLoader:240 - Cannot read IP mode file for STMicroelectronics.X-CUBE-AZRTOS-WB.1.1.0
2024-06-21 00:29:00,074 [WARN] PackLoader:240 - Cannot read IP mode file for STMicroelectronics.X-CUBE-AZRTOS-L5.1.0.0
2024-06-21 00:29:00,077 [WARN] PackLoader:240 - Cannot read IP mode file for STMicroelectronics.X-CUBE-EEPRMA1.3.1.1
2024-06-21 00:29:00,086 [WARN] PackLoader:240 - Cannot read IP mode file for STMicroelectronics.X-CUBE-AZRTOS-H7RS.1.0.0
2024-06-21 00:29:00,089 [WARN] PackLoader:240 - Cannot read IP mode file for STMicroelectronics.FP-ATR-ASTRA1.2.0.0
2024-06-21 00:29:00,092 [WARN] PackLoader:240 - Cannot read IP mode file for STMicroelectronics.X-CUBE-TOF1.3.4.0
2024-06-21 00:29:00,100 [WARN] PackLoader:240 - Cannot read IP mode file for STMicroelectronics.X-CUBE-TOF1.3.4.1
2024-06-21 00:29:00,110 [WARN] PackLoader:240 - Cannot read IP mode file for STMicroelectronics.X-CUBE-AZRTOS-H7.3.2.0
2024-06-21 00:29:00,112 [INFO] ThirdParty:978 - Integrity check success = true
2024-06-21 00:29:00,112 [INFO] IntegrityCheckThread:100 - exiting critical section [integrity check]
2024-06-21 00:29:00,112 [INFO] IntegrityCheckThread:103 - End integrity checks thread
2024-06-21 00:29:01,850 [INFO] McuFinderGlobals:63 - Set McuFinder mode to 2 (CubeIDE integrated)
2024-06-21 00:29:01,867 [INFO] MainUpdater:2873 - connection check result : 10
2024-06-21 00:29:01,871 [INFO] MainUpdater:2873 - connection check result : 10
2024-06-21 00:29:01,971 [INFO] MicroXplorer:468 - Change Database Path : 
2024-06-21 00:29:01,971 [INFO] MicroXplorer:498 - Change Database Version : DB.6.0.111
2024-06-21 00:29:01,976 [WARN] ThirdParty:871 - waiting for thirdparty lock release [close project]
2024-06-21 00:29:01,976 [INFO] ThirdParty:873 - entering critical section [close project]
2024-06-21 00:29:01,977 [INFO] ThirdParty:883 - exiting critical section [close project]
2024-06-21 00:29:01,978 [INFO] PinOutPanel:1561 - setPackage(No Configuration,No Configuration)
2024-06-21 00:29:01,979 [INFO] UtilMem:75 - Begin LoadConfig() Used Memory: 257616928 Bytes (407896064)
2024-06-21 00:29:01,980 [INFO] MicroXplorer:468 - Change Database Path : 
2024-06-21 00:29:01,980 [INFO] MicroXplorer:498 - Change Database Version : DB.6.0.111
2024-06-21 00:29:01,980 [INFO] OpenFileManager:312 - Change cursor
2024-06-21 00:29:02,001 [INFO] Mcu:2021 - Initializing MCU STM32G474R(B-C-E)Tx STM32G474RETx STM32G474RET6
2024-06-21 00:29:04,654 [INFO] Context:663 - Trying to add GPIOservice into a context  which must be forbidden
2024-06-21 00:29:05,744 [INFO] RtosManager:555 - Registered RTOS mode: class=CMSIS, group=RTOS, mode=CMSIS_V1, owner=FREERTOS
2024-06-21 00:29:05,744 [INFO] RtosManager:555 - Registered RTOS mode: class=CMSIS, group=RTOS2, mode=CMSIS_V2, owner=FREERTOS
2024-06-21 00:29:05,744 [INFO] RtosManager:555 - Registered RTOS mode: class=RTOS, group=Core, mode=CMSIS_V1, owner=FREERTOS
2024-06-21 00:29:05,744 [INFO] RtosManager:555 - Registered RTOS mode: class=RTOS, group=Core, mode=CMSIS_V2, owner=FREERTOS
2024-06-21 00:29:05,744 [WARN] ModelIntegratedComponent:184 - Missing modes for component STMicroelectronics:FreeRTOS:0.0.1:STMicroelectronics:RTOS:FreeRTOS:Core:::10.2.0:
2024-06-21 00:29:05,748 [WARN] ModelIntegratedComponent:63 - No mode defined for component null
2024-06-21 00:29:05,748 [WARN] ModelIntegratedComponent:63 - No mode defined for component null
2024-06-21 00:29:05,748 [WARN] ModelIntegratedComponent:63 - No mode defined for component null
2024-06-21 00:29:05,748 [WARN] ModelIntegratedComponent:63 - No mode defined for component null
2024-06-21 00:29:05,748 [WARN] ModelIntegratedComponent:63 - No mode defined for component null
2024-06-21 00:29:05,748 [WARN] ModelIntegratedComponent:63 - No mode defined for component null
2024-06-21 00:29:05,748 [WARN] ModelIntegratedComponent:63 - No mode defined for component null
2024-06-21 00:29:05,748 [WARN] ModelIntegratedComponent:63 - No mode defined for component null
2024-06-21 00:29:05,748 [WARN] ModelIntegratedComponent:63 - No mode defined for component null
2024-06-21 00:29:05,748 [WARN] ModelIntegratedComponent:63 - No mode defined for component null
2024-06-21 00:29:05,748 [WARN] ModelIntegratedComponent:63 - No mode defined for component null
2024-06-21 00:29:05,748 [WARN] ModelIntegratedComponent:63 - No mode defined for component null
2024-06-21 00:29:05,748 [WARN] ModelIntegratedComponent:63 - No mode defined for component null
2024-06-21 00:29:05,748 [WARN] ModelIntegratedComponent:63 - No mode defined for component null
2024-06-21 00:29:05,748 [WARN] ModelIntegratedComponent:63 - No mode defined for component null
2024-06-21 00:29:05,749 [WARN] ModelIntegratedComponent:63 - No mode defined for component null
2024-06-21 00:29:05,749 [WARN] ModelIntegratedComponent:63 - No mode defined for component null
2024-06-21 00:29:05,749 [WARN] ModelIntegratedComponent:63 - No mode defined for component null
2024-06-21 00:29:05,749 [WARN] ModelIntegratedComponent:63 - No mode defined for component null
2024-06-21 00:29:05,749 [WARN] ModelIntegratedComponent:63 - No mode defined for component null
2024-06-21 00:29:05,749 [WARN] ModelIntegratedComponent:63 - No mode defined for component null
2024-06-21 00:29:05,749 [WARN] ModelIntegratedComponent:63 - No mode defined for component null
2024-06-21 00:29:05,749 [WARN] ModelIntegratedComponent:63 - No mode defined for component null
2024-06-21 00:29:05,749 [WARN] ModelIntegratedComponent:63 - No mode defined for component null
2024-06-21 00:29:05,749 [WARN] ModelIntegratedComponent:63 - No mode defined for component null
2024-06-21 00:29:05,749 [WARN] ModelIntegratedComponent:63 - No mode defined for component null
2024-06-21 00:29:05,749 [WARN] ModelIntegratedComponent:63 - No mode defined for component null
2024-06-21 00:29:05,749 [WARN] ModelIntegratedComponent:63 - No mode defined for component null
2024-06-21 00:29:05,749 [WARN] ModelIntegratedComponent:63 - No mode defined for component null
2024-06-21 00:29:05,749 [WARN] ModelIntegratedComponent:63 - No mode defined for component null
2024-06-21 00:29:05,749 [WARN] ModelIntegratedComponent:63 - No mode defined for component null
2024-06-21 00:29:05,749 [WARN] ModelIntegratedComponent:63 - No mode defined for component null
2024-06-21 00:29:05,749 [WARN] ModelIntegratedComponent:63 - No mode defined for component null
2024-06-21 00:29:05,749 [WARN] ModelIntegratedComponent:63 - No mode defined for component null
2024-06-21 00:29:05,900 [INFO] ThirdPartyModel:298 - Start build external matchings
2024-06-21 00:29:07,010 [INFO] ThirdPartyModel:316 - End build external matchings
2024-06-21 00:29:07,036 [INFO] ImportTextPane:194 - (OptionalMessage_ERROR) IP (ADC3) : Parameter (CommonPathInternal) has invalid value (null|null|null|null)
2024-06-21 00:29:07,321 [INFO] ApiDb:581 - Connected to CubeFinder SQLite database (C:\Users\saksh\.stmcufinder\plugins\mcufinder\mcu\cube-finder-db.db)
2024-06-21 00:29:07,375 [INFO] ApiDb:668 - CubeFinder database Data Model version=2.1
2024-06-21 00:29:07,375 [INFO] ApiDb:669 - CubeFinder database Configuration version=3.0.39
2024-06-21 00:29:07,375 [INFO] ApiDb:670 - CubeFinder database generation date=2024-04-15 (1713193726)
2024-06-21 00:29:07,375 [INFO] ApiDb:671 - CubeFinder database FW Pack versions=[FP-ATR-ASTRA1_V2.0.0, FP-SNS-FLIGHT1_V5.0.1, FP-SNS-FLIGHT1_V5.0.2, FP-SNS-MOTENV1_V4.3.1, FP-SNS-MOTENV1_V4.3.2, FP-SNS-MOTENVWB1_V1.3.1, FP-SNS-SMARTAG2_V1.2.0, STM32Cube_FW_C0_V1.1.0, STM32Cube_FW_F4_V1.28.0, STM32Cube_FW_F7_V1.17.0, STM32Cube_FW_G0_V1.6.2, STM32Cube_FW_G4_V1.5.2, STM32Cube_FW_H5_V0.5.1, STM32Cube_FW_H5_V1.1.1, STM32Cube_FW_H5_V1.2.0, STM32Cube_FW_H5_V1.2.0RC4, STM32Cube_FW_H7RS_V1.0.0, STM32Cube_FW_H7RS_V1.0.0RC4, STM32Cube_FW_H7_V1.11.0, STM32Cube_FW_L0_V1.12.2, STM32Cube_FW_L5_V1.5.1, STM32Cube_FW_U0_V1.0.0, STM32Cube_FW_U0_V1.0.0RC1, STM32Cube_FW_U5_V1.3.0RC4, STM32Cube_FW_U5_V1.5.0, STM32Cube_FW_U5_V1.5.0RC1, STM32Cube_FW_WBA_V1.0.0RC1, STM32Cube_FW_WBA_V1.2.0, STM32Cube_FW_WBA_V1.2.0RC2, STM32Cube_FW_WBA_V1.3.0, STM32Cube_FW_WBA_V1.3.0RC1, STM32Cube_FW_WB_V1.15.0RC1, STM32Cube_FW_WB_V1.16.0, STM32Cube_FW_WB_V1.16.0RC2, STM32Cube_FW_WB_V1.18.0, STM32Cube_FW_WB_V1.19.0, STM32Cube_FW_WL_V1.3.0, X-CUBE-ALGOBUILD_V1.3.0, X-CUBE-ALS_V1.0.1, X-CUBE-AZRTOS-F4_V1.1.0, X-CUBE-AZRTOS-F7_V1.1.0, X-CUBE-AZRTOS-G0_V1.1.0, X-CUBE-AZRTOS-G4_V2.0.0, X-CUBE-AZRTOS-H7_V3.2.0, X-CUBE-AZRTOS-L4_V1.0.0, X-CUBE-AZRTOS-L4_V2.0.0, X-CUBE-AZRTOS-L5_V1.1.0, X-CUBE-AZRTOS-WB_V2.0.0, X-CUBE-AZRTOS-WL_V2.0.0, X-CUBE-BLE1_V7.0.0, X-CUBE-BLE2_V3.3.0, X-CUBE-BLEMGR_V3.1.0, X-CUBE-EEPRMA1_V4.1.0, X-CUBE-EEPRMA1_V5.1.0, X-CUBE-FREERTOS_V1.1.0, X-CUBE-GNSS1_V6.0.0, X-CUBE-MEMS1_V10.0.0, X-CUBE-MEMS1_V9.1.0, X-CUBE-MEMS1_V9.4.0, X-CUBE-MEMS1_V9.6.0, X-CUBE-NFC4_V3.0.0, X-CUBE-NFC7_V1.0.1, X-CUBE-SFXS2LP1_V4.0.0, X-CUBE-SUBG2_V5.0.0, X-CUBE-TOF1_V3.4.0]
2024-06-21 00:29:07,478 [INFO] DbBoardsSqlite:226 - include board P-NUCLEO-WB55-NUCLEO as a kit item of type 'Nucleo-64'
2024-06-21 00:29:07,478 [INFO] DbBoardsSqlite:226 - include board P-NUCLEO-WB55-USBDONGLE as a kit item of type 'Nucleo USB Dongle'
2024-06-21 00:29:07,479 [INFO] DbBoardsSqlite:226 - include board STEVAL-IDP005V1 as a kit item of type 'Evaluation Board'
2024-06-21 00:29:07,479 [INFO] DbBoardsSqlite:226 - include board STEVAL-IDP005V2 as a kit item of type 'Evaluation Board'
2024-06-21 00:29:07,680 [INFO] ApiDb:240 - Found 483 in-development CPN: [B-G473E-ZEST1S, B-WB1M-WPAN1, B-WL5M-SUBG1, NUCLEO-C031C6, NUCLEO-H503RB, NUCLEO-H533RE, NUCLEO-H563ZI, NUCLEO-H7S3L8, NUCLEO-U031R8, NUCLEO-U083RC, NUCLEO-U545RE-Q, NUCLEO-U5A5ZJ-Q, NUCLEO-WBA52CG, NUCLEO-WBA55CG, STEVAL-PROTEUS1, STEVAL-SMARTAG2, STEVAL-STWINBX1, STM320518-EVAL, STM32C0116-DK, STM32C011D6Y3TR, STM32C011D6Y6TR, STM32C011F4P3, STM32C011F4P6, STM32C011F4U3, STM32C011F4U6TR, STM32C011F6P3, STM32C011F6P6, STM32C011F6U3, STM32C011F6U6TR, STM32C011J4M3, STM32C011J4M6, STM32C011J6M3, STM32C011J6M6, STM32C0316-DK, STM32C031C4T3, STM32C031C4T6, STM32C031C4U3, STM32C031C4U6, STM32C031C6T3, STM32C031C6T6, STM32C031C6U3, STM32C031C6U6, STM32C031F4P3, STM32C031F4P6, STM32C031F6P3, STM32C031F6P6, STM32C031G4U3, STM32C031G4U6, STM32C031G6U3, STM32C031G6U6, STM32C031K4T3, STM32C031K4T6, STM32C031K4U3, STM32C031K4U6, STM32C031K6T3, STM32C031K6T6, STM32C031K6U3, STM32C031K6U6, STM32G071K8TXN, STM32G071K8UXN, STM32G081GBU6N, STM32G081KBT6N, STM32G081KBUXN, STM32G0B1CCT6N, STM32G0B1KCT6, STM32G0B1NEY6TR, STM32G0B1RCT6N, STM32G0C1CCT6, STM32G0C1CCT6N, STM32G0C1CCU6N, STM32G0C1CET6N, STM32G0C1CEU6N, STM32G0C1KCT6, STM32G0C1NEY6TR, STM32G0C1RCI6N, STM32G0C1RCT6N, STM32G0C1REI6N, STM32G0C1RET6N, STM32G0C1VCI6, STM32G0C1VEI6, STM32G471CCT6, STM32G471CCU6, STM32G471CET3, STM32G471CET6, STM32G471CEU3, STM32G471CEU6, STM32G471MCT6, STM32G471MET3, STM32G471MET6, STM32G471MEY6TR, STM32G471QCT6, STM32G471QET3, STM32G471RCT6, STM32G471RET3, STM32G471RET6, STM32G471VCH6, STM32G471VCI6, STM32G471VCT6, STM32G471VEH3, STM32G471VEH6, STM32G471VEI3, STM32G471VEI6, STM32G471VET3, STM32G471VET6, STM32G474CCT6, STM32H503CBT6, STM32H503CBU6, STM32H503EBY6TR, STM32H503KBU6, STM32H503RBT6, STM32H523CCT6, STM32H523CCU6, STM32H523CET6, STM32H523CEU6, STM32H523HEY6TR, STM32H523RCT6, STM32H523RET6, STM32H523VCI6, STM32H523VCT6, STM32H523VEI6, STM32H523VET6, STM32H523ZCJ6, STM32H523ZCT6, STM32H523ZEJ6, STM32H523ZET6, STM32H533CET6, STM32H533CEU6, STM32H533HEY6TR, STM32H533RET6, STM32H533VEI6, STM32H533VET6, STM32H533ZEJ6, STM32H533ZET6, STM32H562AGI6, STM32H562AII6, STM32H562IGK6, STM32H562IGT6, STM32H562IIK6, STM32H562IIT6, STM32H562RGT6, STM32H562RGV6, STM32H562RIT6, STM32H562RIV6, STM32H562VGT6, STM32H562VIT6, STM32H562ZGT6, STM32H562ZIT6, STM32H563AGI6, STM32H563AII3Q, STM32H563AII6, STM32H563IGK6, STM32H563IGT6, STM32H563IIK3Q, STM32H563IIK6, STM32H563IIT3Q, STM32H563IIT6, STM32H563MIY3QTR, STM32H563RGT6, STM32H563RGV6, STM32H563RIT6, STM32H563RIV6, STM32H563VGT6, STM32H563VIT3Q, STM32H563VIT6, STM32H563ZGT6, STM32H563ZIT3Q, STM32H563ZIT6, STM32H573AII3Q, STM32H573AII6, STM32H573I-DK, STM32H573IIK3Q, STM32H573IIK6, STM32H573IIT3Q, STM32H573IIT6, STM32H573MIY3QTR, STM32H573RIT6, STM32H573RIV6, STM32H573VIT3Q, STM32H573VIT6, STM32H573ZIT3Q, STM32H573ZIT6, STM32H7R3A8I6, STM32H7R3I8K6, STM32H7R3I8T6, STM32H7R3L8H6, STM32H7R3L8H6H, STM32H7R3R8V6, STM32H7R3V8H6, STM32H7R3V8T6, STM32H7R3V8Y6, STM32H7R3Z8J6, STM32H7R3Z8T6, STM32H7R7A8I6, STM32H7R7I8K6, STM32H7R7I8T6, STM32H7R7L8H6, STM32H7R7L8H6H, STM32H7R7Z8J6, STM32H7S3A8I6, STM32H7S3I8K6, STM32H7S3I8T6, STM32H7S3L8H6, STM32H7S3L8H6H, STM32H7S3R8V6, STM32H7S3V8H6, STM32H7S3V8T6, STM32H7S3V8Y6, STM32H7S3Z8J6, STM32H7S3Z8T6, STM32H7S78-DK, STM32H7S7A8I6, STM32H7S7I8K6, STM32H7S7I8T6, STM32H7S7L8H6, STM32H7S7L8H6H, STM32H7S7Z8J6, STM32L4R5QGI6STR, STM32MP131AAE3, STM32MP131AAF3, STM32MP131AAG3, STM32MP131CAE3, STM32MP131CAF3, STM32MP131CAG3, STM32MP131DAE7, STM32MP131DAF7, STM32MP131DAG7, STM32MP131FAE7, STM32MP131FAF7, STM32MP131FAG7, STM32MP133AAE3, STM32MP133AAF3, STM32MP133AAG3, STM32MP133CAE3, STM32MP133CAF3, STM32MP133CAG3, STM32MP133DAE7, STM32MP133DAF7, STM32MP133DAG7, STM32MP133FAE7, STM32MP133FAF7, STM32MP133FAG7, STM32MP135AAE3, STM32MP135AAF3, STM32MP135AAG3, STM32MP135CAE3, STM32MP135CAF3, STM32MP135CAG3, STM32MP135DAE7, STM32MP135DAF7, STM32MP135DAG7, STM32MP135F-DK, STM32MP135FAE7, STM32MP135FAF7, STM32MP135FAF7T, STM32MP135FAF7U, STM32MP135FAG7, STM32U031C6T6, STM32U031C6U6, STM32U031C8T6, STM32U031C8U6, STM32U031F4P6, STM32U031F6P6, STM32U031F8P6, STM32U031G6Y6TR, STM32U031G8Y6TR, STM32U031K4U6, STM32U031K6U6, STM32U031K8U6, STM32U031R6I6, STM32U031R6T6, STM32U031R8I6, STM32U031R8T6, STM32U073C8T6, STM32U073C8U6, STM32U073CBT6, STM32U073CBU6, STM32U073CCT6, STM32U073CCU6, STM32U073H8Y6TR, STM32U073HBY6TR, STM32U073HCY6TR, STM32U073K8U6, STM32U073KBU6, STM32U073KCU6, STM32U073M8I6, STM32U073M8T6, STM32U073MBI6, STM32U073MBT6, STM32U073MCI6, STM32U073MCT6, STM32U073R8I6, STM32U073R8T6, STM32U073RBI6, STM32U073RBT6, STM32U073RCI6, STM32U073RCT6, STM32U083C-DK, STM32U083CCT6, STM32U083CCU6, STM32U083HCY6TR, STM32U083KCU6, STM32U083MCI6, STM32U083MCT6, STM32U083RCI6, STM32U083RCT6, STM32U535CBT6, STM32U535CBT6Q, STM32U535CBU6, STM32U535CBU6Q, STM32U535CCT6, STM32U535CCT6Q, STM32U535CCU6, STM32U535CCU6Q, STM32U535CET6, STM32U535CET6Q, STM32U535CEU6, STM32U535CEU6Q, STM32U535JEY6QTR, STM32U535NCY6QTR, STM32U535NEY6QTR, STM32U535RBI6, STM32U535RBI6Q, STM32U535RBT6, STM32U535RBT6Q, STM32U535RCI6, STM32U535RCI6Q, STM32U535RCT6, STM32U535RCT6Q, STM32U535REI6, STM32U535REI6Q, STM32U535RET6, STM32U535RET6Q, STM32U535VCI6, STM32U535VCI6Q, STM32U535VCT6, STM32U535VCT6Q, STM32U535VEI6, STM32U535VEI6Q, STM32U535VET6, STM32U535VET6Q, STM32U545CET6, STM32U545CET6Q, STM32U545CEU6, STM32U545CEU6Q, STM32U545JEY6QTR, STM32U545NEY6QTR, STM32U545REI6, STM32U545REI6Q, STM32U545RET6, STM32U545RET6Q, STM32U545VEI6, STM32U545VEI6Q, STM32U545VET6, STM32U545VET6Q, STM32U595AIH6, STM32U595AIH6Q, STM32U595AJH6, STM32U595AJH6Q, STM32U595QII6, STM32U595QII6Q, STM32U595QJI6, STM32U595QJI6Q, STM32U595RIT6, STM32U595RIT6Q, STM32U595RJT6, STM32U595RJT6Q, STM32U595VIT6, STM32U595VIT6Q, STM32U595VJT6, STM32U595VJT6Q, STM32U595ZIT6, STM32U595ZIT6Q, STM32U595ZIY6QTR, STM32U595ZJT6, STM32U595ZJT6Q, STM32U595ZJY6QTR, STM32U599BJY6QTR, STM32U599NIH6Q, STM32U599NJH6Q, STM32U599VIT6Q, STM32U599VJT6, STM32U599VJT6Q, STM32U599ZIT6Q, STM32U599ZIY6QTR, STM32U599ZJT6Q, STM32U599ZJY6QTR, STM32U5A5AJH6, STM32U5A5AJH6Q, STM32U5A5QII3Q , STM32U5A5QJI6, STM32U5A5QJI6Q, STM32U5A5RJT6, STM32U5A5RJT6Q, STM32U5A5VJT6, STM32U5A5VJT6Q, STM32U5A5ZJT6, STM32U5A5ZJT6Q, STM32U5A5ZJY6QTR, STM32U5A9BJY6QTR, STM32U5A9J-DK, STM32U5A9NJH6Q, STM32U5A9VJT6Q, STM32U5A9ZJT6Q, STM32U5A9ZJY6QTR, STM32U5F7VIT6, STM32U5F7VIT6Q, STM32U5F7VJT6, STM32U5F7VJT6Q, STM32U5F9BJY6QTR, STM32U5F9NJH6Q, STM32U5F9VIT6Q, STM32U5F9VJT6Q, STM32U5F9ZIJ6QTR, STM32U5F9ZIT6Q, STM32U5F9ZJJ6QTR, STM32U5F9ZJT6Q, STM32U5G7VJT6, STM32U5G7VJT6Q, STM32U5G9BJY6QTR, STM32U5G9J-DK1, STM32U5G9J-DK2, STM32U5G9NJH6Q, STM32U5G9VJT6Q, STM32U5G9ZJJ6QTR, STM32U5G9ZJT6Q, STM32WB1MMCH6, STM32WBA50KEU6, STM32WBA50KEU6TR, STM32WBA50KGU6, STM32WBA50KGU6TR, STM32WBA52CEU6, STM32WBA52CEU6TR, STM32WBA52CEU7, STM32WBA52CEU7TR, STM32WBA52CGU6, STM32WBA52CGU6TR, STM32WBA52CGU6U, STM32WBA52CGU7, STM32WBA52CGU7TR, STM32WBA52KEU6, STM32WBA52KEU6TR, STM32WBA52KGU6, STM32WBA52KGU6TR, STM32WBA54CEU6, STM32WBA54CEU6TR, STM32WBA54CEU7, STM32WBA54CEU7TR, STM32WBA54CGU6, STM32WBA54CGU6TR, STM32WBA54CGU7, STM32WBA54CGU7TR, STM32WBA54KEU6, STM32WBA54KEU6TR, STM32WBA54KEU7, STM32WBA54KEU7TR, STM32WBA54KGU6, STM32WBA54KGU6TR, STM32WBA54KGU7, STM32WBA54KGU7TR, STM32WBA55CEU6, STM32WBA55CEU6TR, STM32WBA55CEU7, STM32WBA55CEU7TR, STM32WBA55CGU6, STM32WBA55CGU6TR, STM32WBA55CGU6U, STM32WBA55CGU7, STM32WBA55CGU7TR, STM32WBA55G-DK1, STM32WBA55HEF6, STM32WBA55HEF7, STM32WBA55HGF6, STM32WBA55HGF7, STM32WBA55UEI6, STM32WBA55UEI6TR, STM32WBA55UEI7, STM32WBA55UEI7TR, STM32WBA55UGI6, STM32WBA55UGI6TR, STM32WBA55UGI7, STM32WBA55UGI7TR, STM32WL5MOCH6, STM32WL5MOCH6TR]
2024-06-21 00:29:07,759 [INFO] BoardInfo:889 - No configuration file found for board P-NUCLEO-WB55
2024-06-21 00:29:07,759 [INFO] DbBoards:161 - Kit is not supported: P-NUCLEO-WB55
2024-06-21 00:29:07,762 [INFO] BoardInfo:889 - No configuration file found for board STEVAL-BFA001V1B
2024-06-21 00:29:07,762 [INFO] DbBoards:161 - Kit is not supported: STEVAL-BFA001V1B
2024-06-21 00:29:07,763 [INFO] BoardInfo:889 - No configuration file found for board STEVAL-BFA001V2B
2024-06-21 00:29:07,763 [INFO] DbBoards:161 - Kit is not supported: STEVAL-BFA001V2B
2024-06-21 00:29:07,835 [INFO] DbBoards:168 - Found 199 boards, 196 are supported
2024-06-21 00:29:07,835 [INFO] DbBoards:169 - Found 199 boards, 8 of them is supported for  Bsp
2024-06-21 00:29:07,838 [INFO] ApiDb:668 - CubeFinder database Data Model version=2.1
2024-06-21 00:29:07,838 [INFO] ApiDb:669 - CubeFinder database Configuration version=3.0.39
2024-06-21 00:29:07,838 [INFO] ApiDb:670 - CubeFinder database generation date=2024-04-15 (1713193726)
2024-06-21 00:29:07,838 [INFO] ApiDb:671 - CubeFinder database FW Pack versions=[FP-ATR-ASTRA1_V2.0.0, FP-SNS-FLIGHT1_V5.0.1, FP-SNS-FLIGHT1_V5.0.2, FP-SNS-MOTENV1_V4.3.1, FP-SNS-MOTENV1_V4.3.2, FP-SNS-MOTENVWB1_V1.3.1, FP-SNS-SMARTAG2_V1.2.0, STM32Cube_FW_C0_V1.1.0, STM32Cube_FW_F4_V1.28.0, STM32Cube_FW_F7_V1.17.0, STM32Cube_FW_G0_V1.6.2, STM32Cube_FW_G4_V1.5.2, STM32Cube_FW_H5_V0.5.1, STM32Cube_FW_H5_V1.1.1, STM32Cube_FW_H5_V1.2.0, STM32Cube_FW_H5_V1.2.0RC4, STM32Cube_FW_H7RS_V1.0.0, STM32Cube_FW_H7RS_V1.0.0RC4, STM32Cube_FW_H7_V1.11.0, STM32Cube_FW_L0_V1.12.2, STM32Cube_FW_L5_V1.5.1, STM32Cube_FW_U0_V1.0.0, STM32Cube_FW_U0_V1.0.0RC1, STM32Cube_FW_U5_V1.3.0RC4, STM32Cube_FW_U5_V1.5.0, STM32Cube_FW_U5_V1.5.0RC1, STM32Cube_FW_WBA_V1.0.0RC1, STM32Cube_FW_WBA_V1.2.0, STM32Cube_FW_WBA_V1.2.0RC2, STM32Cube_FW_WBA_V1.3.0, STM32Cube_FW_WBA_V1.3.0RC1, STM32Cube_FW_WB_V1.15.0RC1, STM32Cube_FW_WB_V1.16.0, STM32Cube_FW_WB_V1.16.0RC2, STM32Cube_FW_WB_V1.18.0, STM32Cube_FW_WB_V1.19.0, STM32Cube_FW_WL_V1.3.0, X-CUBE-ALGOBUILD_V1.3.0, X-CUBE-ALS_V1.0.1, X-CUBE-AZRTOS-F4_V1.1.0, X-CUBE-AZRTOS-F7_V1.1.0, X-CUBE-AZRTOS-G0_V1.1.0, X-CUBE-AZRTOS-G4_V2.0.0, X-CUBE-AZRTOS-H7_V3.2.0, X-CUBE-AZRTOS-L4_V1.0.0, X-CUBE-AZRTOS-L4_V2.0.0, X-CUBE-AZRTOS-L5_V1.1.0, X-CUBE-AZRTOS-WB_V2.0.0, X-CUBE-AZRTOS-WL_V2.0.0, X-CUBE-BLE1_V7.0.0, X-CUBE-BLE2_V3.3.0, X-CUBE-BLEMGR_V3.1.0, X-CUBE-EEPRMA1_V4.1.0, X-CUBE-EEPRMA1_V5.1.0, X-CUBE-FREERTOS_V1.1.0, X-CUBE-GNSS1_V6.0.0, X-CUBE-MEMS1_V10.0.0, X-CUBE-MEMS1_V9.1.0, X-CUBE-MEMS1_V9.4.0, X-CUBE-MEMS1_V9.6.0, X-CUBE-NFC4_V3.0.0, X-CUBE-NFC7_V1.0.1, X-CUBE-SFXS2LP1_V4.0.0, X-CUBE-SUBG2_V5.0.0, X-CUBE-TOF1_V3.4.0]
2024-06-21 00:29:08,993 [INFO] ApiDb:240 - Found 483 in-development CPN: [B-G473E-ZEST1S, B-WB1M-WPAN1, B-WL5M-SUBG1, NUCLEO-C031C6, NUCLEO-H503RB, NUCLEO-H533RE, NUCLEO-H563ZI, NUCLEO-H7S3L8, NUCLEO-U031R8, NUCLEO-U083RC, NUCLEO-U545RE-Q, NUCLEO-U5A5ZJ-Q, NUCLEO-WBA52CG, NUCLEO-WBA55CG, STEVAL-PROTEUS1, STEVAL-SMARTAG2, STEVAL-STWINBX1, STM320518-EVAL, STM32C0116-DK, STM32C011D6Y3TR, STM32C011D6Y6TR, STM32C011F4P3, STM32C011F4P6, STM32C011F4U3, STM32C011F4U6TR, STM32C011F6P3, STM32C011F6P6, STM32C011F6U3, STM32C011F6U6TR, STM32C011J4M3, STM32C011J4M6, STM32C011J6M3, STM32C011J6M6, STM32C0316-DK, STM32C031C4T3, STM32C031C4T6, STM32C031C4U3, STM32C031C4U6, STM32C031C6T3, STM32C031C6T6, STM32C031C6U3, STM32C031C6U6, STM32C031F4P3, STM32C031F4P6, STM32C031F6P3, STM32C031F6P6, STM32C031G4U3, STM32C031G4U6, STM32C031G6U3, STM32C031G6U6, STM32C031K4T3, STM32C031K4T6, STM32C031K4U3, STM32C031K4U6, STM32C031K6T3, STM32C031K6T6, STM32C031K6U3, STM32C031K6U6, STM32G071K8TXN, STM32G071K8UXN, STM32G081GBU6N, STM32G081KBT6N, STM32G081KBUXN, STM32G0B1CCT6N, STM32G0B1KCT6, STM32G0B1NEY6TR, STM32G0B1RCT6N, STM32G0C1CCT6, STM32G0C1CCT6N, STM32G0C1CCU6N, STM32G0C1CET6N, STM32G0C1CEU6N, STM32G0C1KCT6, STM32G0C1NEY6TR, STM32G0C1RCI6N, STM32G0C1RCT6N, STM32G0C1REI6N, STM32G0C1RET6N, STM32G0C1VCI6, STM32G0C1VEI6, STM32G471CCT6, STM32G471CCU6, STM32G471CET3, STM32G471CET6, STM32G471CEU3, STM32G471CEU6, STM32G471MCT6, STM32G471MET3, STM32G471MET6, STM32G471MEY6TR, STM32G471QCT6, STM32G471QET3, STM32G471RCT6, STM32G471RET3, STM32G471RET6, STM32G471VCH6, STM32G471VCI6, STM32G471VCT6, STM32G471VEH3, STM32G471VEH6, STM32G471VEI3, STM32G471VEI6, STM32G471VET3, STM32G471VET6, STM32G474CCT6, STM32H503CBT6, STM32H503CBU6, STM32H503EBY6TR, STM32H503KBU6, STM32H503RBT6, STM32H523CCT6, STM32H523CCU6, STM32H523CET6, STM32H523CEU6, STM32H523HEY6TR, STM32H523RCT6, STM32H523RET6, STM32H523VCI6, STM32H523VCT6, STM32H523VEI6, STM32H523VET6, STM32H523ZCJ6, STM32H523ZCT6, STM32H523ZEJ6, STM32H523ZET6, STM32H533CET6, STM32H533CEU6, STM32H533HEY6TR, STM32H533RET6, STM32H533VEI6, STM32H533VET6, STM32H533ZEJ6, STM32H533ZET6, STM32H562AGI6, STM32H562AII6, STM32H562IGK6, STM32H562IGT6, STM32H562IIK6, STM32H562IIT6, STM32H562RGT6, STM32H562RGV6, STM32H562RIT6, STM32H562RIV6, STM32H562VGT6, STM32H562VIT6, STM32H562ZGT6, STM32H562ZIT6, STM32H563AGI6, STM32H563AII3Q, STM32H563AII6, STM32H563IGK6, STM32H563IGT6, STM32H563IIK3Q, STM32H563IIK6, STM32H563IIT3Q, STM32H563IIT6, STM32H563MIY3QTR, STM32H563RGT6, STM32H563RGV6, STM32H563RIT6, STM32H563RIV6, STM32H563VGT6, STM32H563VIT3Q, STM32H563VIT6, STM32H563ZGT6, STM32H563ZIT3Q, STM32H563ZIT6, STM32H573AII3Q, STM32H573AII6, STM32H573I-DK, STM32H573IIK3Q, STM32H573IIK6, STM32H573IIT3Q, STM32H573IIT6, STM32H573MIY3QTR, STM32H573RIT6, STM32H573RIV6, STM32H573VIT3Q, STM32H573VIT6, STM32H573ZIT3Q, STM32H573ZIT6, STM32H7R3A8I6, STM32H7R3I8K6, STM32H7R3I8T6, STM32H7R3L8H6, STM32H7R3L8H6H, STM32H7R3R8V6, STM32H7R3V8H6, STM32H7R3V8T6, STM32H7R3V8Y6, STM32H7R3Z8J6, STM32H7R3Z8T6, STM32H7R7A8I6, STM32H7R7I8K6, STM32H7R7I8T6, STM32H7R7L8H6, STM32H7R7L8H6H, STM32H7R7Z8J6, STM32H7S3A8I6, STM32H7S3I8K6, STM32H7S3I8T6, STM32H7S3L8H6, STM32H7S3L8H6H, STM32H7S3R8V6, STM32H7S3V8H6, STM32H7S3V8T6, STM32H7S3V8Y6, STM32H7S3Z8J6, STM32H7S3Z8T6, STM32H7S78-DK, STM32H7S7A8I6, STM32H7S7I8K6, STM32H7S7I8T6, STM32H7S7L8H6, STM32H7S7L8H6H, STM32H7S7Z8J6, STM32L4R5QGI6STR, STM32MP131AAE3, STM32MP131AAF3, STM32MP131AAG3, STM32MP131CAE3, STM32MP131CAF3, STM32MP131CAG3, STM32MP131DAE7, STM32MP131DAF7, STM32MP131DAG7, STM32MP131FAE7, STM32MP131FAF7, STM32MP131FAG7, STM32MP133AAE3, STM32MP133AAF3, STM32MP133AAG3, STM32MP133CAE3, STM32MP133CAF3, STM32MP133CAG3, STM32MP133DAE7, STM32MP133DAF7, STM32MP133DAG7, STM32MP133FAE7, STM32MP133FAF7, STM32MP133FAG7, STM32MP135AAE3, STM32MP135AAF3, STM32MP135AAG3, STM32MP135CAE3, STM32MP135CAF3, STM32MP135CAG3, STM32MP135DAE7, STM32MP135DAF7, STM32MP135DAG7, STM32MP135F-DK, STM32MP135FAE7, STM32MP135FAF7, STM32MP135FAF7T, STM32MP135FAF7U, STM32MP135FAG7, STM32U031C6T6, STM32U031C6U6, STM32U031C8T6, STM32U031C8U6, STM32U031F4P6, STM32U031F6P6, STM32U031F8P6, STM32U031G6Y6TR, STM32U031G8Y6TR, STM32U031K4U6, STM32U031K6U6, STM32U031K8U6, STM32U031R6I6, STM32U031R6T6, STM32U031R8I6, STM32U031R8T6, STM32U073C8T6, STM32U073C8U6, STM32U073CBT6, STM32U073CBU6, STM32U073CCT6, STM32U073CCU6, STM32U073H8Y6TR, STM32U073HBY6TR, STM32U073HCY6TR, STM32U073K8U6, STM32U073KBU6, STM32U073KCU6, STM32U073M8I6, STM32U073M8T6, STM32U073MBI6, STM32U073MBT6, STM32U073MCI6, STM32U073MCT6, STM32U073R8I6, STM32U073R8T6, STM32U073RBI6, STM32U073RBT6, STM32U073RCI6, STM32U073RCT6, STM32U083C-DK, STM32U083CCT6, STM32U083CCU6, STM32U083HCY6TR, STM32U083KCU6, STM32U083MCI6, STM32U083MCT6, STM32U083RCI6, STM32U083RCT6, STM32U535CBT6, STM32U535CBT6Q, STM32U535CBU6, STM32U535CBU6Q, STM32U535CCT6, STM32U535CCT6Q, STM32U535CCU6, STM32U535CCU6Q, STM32U535CET6, STM32U535CET6Q, STM32U535CEU6, STM32U535CEU6Q, STM32U535JEY6QTR, STM32U535NCY6QTR, STM32U535NEY6QTR, STM32U535RBI6, STM32U535RBI6Q, STM32U535RBT6, STM32U535RBT6Q, STM32U535RCI6, STM32U535RCI6Q, STM32U535RCT6, STM32U535RCT6Q, STM32U535REI6, STM32U535REI6Q, STM32U535RET6, STM32U535RET6Q, STM32U535VCI6, STM32U535VCI6Q, STM32U535VCT6, STM32U535VCT6Q, STM32U535VEI6, STM32U535VEI6Q, STM32U535VET6, STM32U535VET6Q, STM32U545CET6, STM32U545CET6Q, STM32U545CEU6, STM32U545CEU6Q, STM32U545JEY6QTR, STM32U545NEY6QTR, STM32U545REI6, STM32U545REI6Q, STM32U545RET6, STM32U545RET6Q, STM32U545VEI6, STM32U545VEI6Q, STM32U545VET6, STM32U545VET6Q, STM32U595AIH6, STM32U595AIH6Q, STM32U595AJH6, STM32U595AJH6Q, STM32U595QII6, STM32U595QII6Q, STM32U595QJI6, STM32U595QJI6Q, STM32U595RIT6, STM32U595RIT6Q, STM32U595RJT6, STM32U595RJT6Q, STM32U595VIT6, STM32U595VIT6Q, STM32U595VJT6, STM32U595VJT6Q, STM32U595ZIT6, STM32U595ZIT6Q, STM32U595ZIY6QTR, STM32U595ZJT6, STM32U595ZJT6Q, STM32U595ZJY6QTR, STM32U599BJY6QTR, STM32U599NIH6Q, STM32U599NJH6Q, STM32U599VIT6Q, STM32U599VJT6, STM32U599VJT6Q, STM32U599ZIT6Q, STM32U599ZIY6QTR, STM32U599ZJT6Q, STM32U599ZJY6QTR, STM32U5A5AJH6, STM32U5A5AJH6Q, STM32U5A5QII3Q , STM32U5A5QJI6, STM32U5A5QJI6Q, STM32U5A5RJT6, STM32U5A5RJT6Q, STM32U5A5VJT6, STM32U5A5VJT6Q, STM32U5A5ZJT6, STM32U5A5ZJT6Q, STM32U5A5ZJY6QTR, STM32U5A9BJY6QTR, STM32U5A9J-DK, STM32U5A9NJH6Q, STM32U5A9VJT6Q, STM32U5A9ZJT6Q, STM32U5A9ZJY6QTR, STM32U5F7VIT6, STM32U5F7VIT6Q, STM32U5F7VJT6, STM32U5F7VJT6Q, STM32U5F9BJY6QTR, STM32U5F9NJH6Q, STM32U5F9VIT6Q, STM32U5F9VJT6Q, STM32U5F9ZIJ6QTR, STM32U5F9ZIT6Q, STM32U5F9ZJJ6QTR, STM32U5F9ZJT6Q, STM32U5G7VJT6, STM32U5G7VJT6Q, STM32U5G9BJY6QTR, STM32U5G9J-DK1, STM32U5G9J-DK2, STM32U5G9NJH6Q, STM32U5G9VJT6Q, STM32U5G9ZJJ6QTR, STM32U5G9ZJT6Q, STM32WB1MMCH6, STM32WBA50KEU6, STM32WBA50KEU6TR, STM32WBA50KGU6, STM32WBA50KGU6TR, STM32WBA52CEU6, STM32WBA52CEU6TR, STM32WBA52CEU7, STM32WBA52CEU7TR, STM32WBA52CGU6, STM32WBA52CGU6TR, STM32WBA52CGU6U, STM32WBA52CGU7, STM32WBA52CGU7TR, STM32WBA52KEU6, STM32WBA52KEU6TR, STM32WBA52KGU6, STM32WBA52KGU6TR, STM32WBA54CEU6, STM32WBA54CEU6TR, STM32WBA54CEU7, STM32WBA54CEU7TR, STM32WBA54CGU6, STM32WBA54CGU6TR, STM32WBA54CGU7, STM32WBA54CGU7TR, STM32WBA54KEU6, STM32WBA54KEU6TR, STM32WBA54KEU7, STM32WBA54KEU7TR, STM32WBA54KGU6, STM32WBA54KGU6TR, STM32WBA54KGU7, STM32WBA54KGU7TR, STM32WBA55CEU6, STM32WBA55CEU6TR, STM32WBA55CEU7, STM32WBA55CEU7TR, STM32WBA55CGU6, STM32WBA55CGU6TR, STM32WBA55CGU6U, STM32WBA55CGU7, STM32WBA55CGU7TR, STM32WBA55G-DK1, STM32WBA55HEF6, STM32WBA55HEF7, STM32WBA55HGF6, STM32WBA55HGF7, STM32WBA55UEI6, STM32WBA55UEI6TR, STM32WBA55UEI7, STM32WBA55UEI7TR, STM32WBA55UGI6, STM32WBA55UGI6TR, STM32WBA55UGI7, STM32WBA55UGI7TR, STM32WL5MOCH6, STM32WL5MOCH6TR]
2024-06-21 00:29:08,996 [INFO] DbMcus:218 - Found 4096 MCUs, 4096 are supported
2024-06-21 00:29:09,000 [INFO] ApiDb:423 - Load user favorites file C:\Users\saksh/.stm32cubeide/favorites.mcus.txt: 1 item(s)
2024-06-21 00:29:09,000 [INFO] ApiDb:427 - User favorites MCUs=[STM32F103C8T6]
2024-06-21 00:29:09,000 [INFO] DbMcus:224 - Set 1 / 1 favorites MCUs
2024-06-21 00:29:09,190 [INFO] ApiDb:423 - Load user favorites file C:\Users\saksh/.stm32cubeide/favorites.boards.txt: 0 item(s)
2024-06-21 00:29:09,190 [INFO] ApiDb:427 - User favorites Boards=[]
2024-06-21 00:29:09,190 [INFO] DbBoards:198 - Set 0 / 0 favorites Boards
2024-06-21 00:29:09,246 [INFO] UtilMem:75 - End LoadConfig() Used Memory: 278292112 Bytes (489684992)
2024-06-21 00:29:09,338 [WARN] ThirdParty:833 - waiting for thirdparty lock release [change project]
2024-06-21 00:29:09,338 [INFO] ThirdParty:835 - entering critical section [change project]
2024-06-21 00:29:09,338 [INFO] ThirdParty:1030 - CMSIS Pack Vendor :STMicroelectronics USBPD 4.1
2024-06-21 00:29:09,338 [INFO] ThirdParty:1030 - CMSIS Pack Vendor :STMicroelectronics X-CUBE-GNSS1 6.0.0
2024-06-21 00:29:09,338 [INFO] ThirdParty:1030 - CMSIS Pack Vendor :STMicroelectronics USB_HOST 2.0.0
2024-06-21 00:29:09,338 [INFO] ThirdParty:1030 - CMSIS Pack Vendor :STMicroelectronics FP-SNS-MOTENVWB1 1.4.0
2024-06-21 00:29:09,338 [INFO] ThirdParty:1030 - CMSIS Pack Vendor :STMicroelectronics X-CUBE-AZRTOS-F4 1.1.0
2024-06-21 00:29:09,338 [INFO] ThirdParty:1030 - CMSIS Pack Vendor :STMicroelectronics LIBJPEG 8.0.0
2024-06-21 00:29:09,338 [INFO] ThirdParty:1030 - CMSIS Pack Vendor :STMicroelectronics X-CUBE-SMBUS 2.1.0
2024-06-21 00:29:09,339 [INFO] ThirdParty:1030 - CMSIS Pack Vendor :STMicroelectronics X-CUBE-FREERTOS 1.2.0
2024-06-21 00:29:09,339 [INFO] ThirdParty:1030 - CMSIS Pack Vendor :STMicroelectronics X-CUBE-TOUCHGFX 4.23.1
2024-06-21 00:29:09,339 [INFO] ThirdParty:1030 - CMSIS Pack Vendor :STMicroelectronics X-CUBE-TOUCHGFX 4.23.0
2024-06-21 00:29:09,339 [INFO] ThirdParty:1030 - CMSIS Pack Vendor :STMicroelectronics X-CUBE-BLEMGR 1.2.0
2024-06-21 00:29:09,339 [INFO] ThirdParty:1030 - CMSIS Pack Vendor :STMicroelectronics X-CUBE-TOUCHGFX 4.23.2
2024-06-21 00:29:09,339 [INFO] ThirdParty:1030 - CMSIS Pack Vendor :STMicroelectronics X-CUBE-AZRTOS-F7 1.1.0
2024-06-21 00:29:09,339 [INFO] ThirdParty:1030 - CMSIS Pack Vendor :STMicroelectronics X-CUBE-AZRTOS-L5 2.0.0
2024-06-21 00:29:09,339 [INFO] ThirdParty:1030 - CMSIS Pack Vendor :STMicroelectronics USB_DEVICE 2.0.0
2024-06-21 00:29:09,339 [INFO] ThirdParty:1030 - CMSIS Pack Vendor :STMicroelectronics X-CUBE-MEMS1 9.6.0
2024-06-21 00:29:09,339 [INFO] ThirdParty:1030 - CMSIS Pack Vendor :STMicroelectronics X-CUBE-EEPRMA1 4.2.0
2024-06-21 00:29:09,339 [INFO] ThirdParty:1030 - CMSIS Pack Vendor :STMicroelectronics X-CUBE-NFC6 3.1.0
2024-06-21 00:29:09,339 [INFO] ThirdParty:1030 - CMSIS Pack Vendor :ITTIA_DB I-CUBE-ITTIADB 8.8.0
2024-06-21 00:29:09,339 [INFO] ThirdParty:1030 - CMSIS Pack Vendor :STMicroelectronics FP-SNS-MOTENV1 4.3.0
2024-06-21 00:29:09,339 [INFO] ThirdParty:1030 - CMSIS Pack Vendor :STMicroelectronics FP-SNS-MOTENV1 4.3.2
2024-06-21 00:29:09,339 [INFO] ThirdParty:1030 - CMSIS Pack Vendor :STMicroelectronics FP-SNS-FLIGHT1 5.0.0
2024-06-21 00:29:09,339 [INFO] ThirdParty:1030 - CMSIS Pack Vendor :STMicroelectronics FP-SNS-MOTENV1 4.3.1
2024-06-21 00:29:09,339 [INFO] ThirdParty:1030 - CMSIS Pack Vendor :STMicroelectronics FP-SNS-FLIGHT1 5.0.1
2024-06-21 00:29:09,339 [INFO] ThirdParty:1030 - CMSIS Pack Vendor :STMicroelectronics X-CUBE-BLE1 6.2.3
2024-06-21 00:29:09,339 [INFO] ThirdParty:1030 - CMSIS Pack Vendor :STMicroelectronics X-CUBE-BLE1 6.2.4
2024-06-21 00:29:09,339 [INFO] ThirdParty:1030 - CMSIS Pack Vendor :STMicroelectronics FreeRTOS 0.0.1
2024-06-21 00:29:09,339 [INFO] ThirdParty:1030 - CMSIS Pack Vendor :STMicroelectronics X-CUBE-BLEMGR 2.0.0
2024-06-21 00:29:09,339 [INFO] ThirdParty:1030 - CMSIS Pack Vendor :STMicroelectronics FP-SNS-FLIGHT1 5.0.2
2024-06-21 00:29:09,339 [INFO] ThirdParty:1030 - CMSIS Pack Vendor :STMicroelectronics X-CUBE-NFC4 2.0.4
2024-06-21 00:29:09,339 [INFO] ThirdParty:1030 - CMSIS Pack Vendor :STMicroelectronics X-CUBE-AI 9.0.0
2024-06-21 00:29:09,339 [INFO] ThirdParty:1030 - CMSIS Pack Vendor :STMicroelectronics X-CUBE-AZRTOS-H7 3.1.0
2024-06-21 00:29:09,339 [INFO] ThirdParty:1030 - CMSIS Pack Vendor :STMicroelectronics PDM2PCM 3.3.0
2024-06-21 00:29:09,339 [INFO] ThirdParty:1030 - CMSIS Pack Vendor :STMicroelectronics X-CUBE-TOF1 3.1.0
2024-06-21 00:29:09,339 [INFO] ThirdParty:1030 - CMSIS Pack Vendor :STMicroelectronics X-CUBE-DISPLAY 3.0.0
2024-06-21 00:29:09,339 [INFO] ThirdParty:1030 - CMSIS Pack Vendor :STMicroelectronics X-CUBE-BLE1 7.0.0
2024-06-21 00:29:09,339 [INFO] ThirdParty:1030 - CMSIS Pack Vendor :wolfSSL I-CUBE-wolfSSL 5.5.0
2024-06-21 00:29:09,339 [INFO] ThirdParty:1030 - CMSIS Pack Vendor :STMicroelectronics HAL Drivers 0.0.0
2024-06-21 00:29:09,339 [INFO] ThirdParty:1030 - CMSIS Pack Vendor :STMicroelectronics X-CUBE-TOUCHGFX 4.22.0
2024-06-21 00:29:09,339 [INFO] ThirdParty:1030 - CMSIS Pack Vendor :STMicroelectronics X-CUBE-NFC7 1.0.1
2024-06-21 00:29:09,339 [INFO] ThirdParty:1030 - CMSIS Pack Vendor :STMicroelectronics MBEDTLS 2.14.1
2024-06-21 00:29:09,339 [INFO] ThirdParty:1030 - CMSIS Pack Vendor :STMicroelectronics X-CUBE-NFC7 1.0.0
2024-06-21 00:29:09,339 [INFO] ThirdParty:1030 - CMSIS Pack Vendor :STMicroelectronics X-CUBE-NFC6 3.0.0
2024-06-21 00:29:09,339 [INFO] ThirdParty:1030 - CMSIS Pack Vendor :STMicroelectronics X-CUBE-MEMS1 9.3.0
2024-06-21 00:29:09,339 [INFO] ThirdParty:1030 - CMSIS Pack Vendor :STMicroelectronics X-CUBE-EEPRMA1 4.1.0
2024-06-21 00:29:09,339 [INFO] ThirdParty:1030 - CMSIS Pack Vendor :STMicroelectronics X-CUBE-AI 7.2.0
2024-06-21 00:29:09,339 [INFO] ThirdParty:1030 - CMSIS Pack Vendor :STMicroelectronics X-CUBE-BLEMGR 3.1.0
2024-06-21 00:29:09,339 [INFO] ThirdParty:1030 - CMSIS Pack Vendor :STMicroelectronics FP-SNS-SMARTAG2 1.2.0
2024-06-21 00:29:09,339 [INFO] ThirdParty:1030 - CMSIS Pack Vendor :STMicroelectronics X-CUBE-AZRTOS-WL 2.0.0
2024-06-21 00:29:09,339 [INFO] ThirdParty:1030 - CMSIS Pack Vendor :STMicroelectronics FP-SNS-MOTENV1 5.0.0
2024-06-21 00:29:09,339 [INFO] ThirdParty:1030 - CMSIS Pack Vendor :STMicroelectronics USB_DEVICE 1.0.0
2024-06-21 00:29:09,339 [INFO] ThirdParty:1030 - CMSIS Pack Vendor :STMicroelectronics X-CUBE-AI 8.1.0
2024-06-21 00:29:09,339 [INFO] ThirdParty:1030 - CMSIS Pack Vendor :wolfSSL I-CUBE-wolfMQTT 1.19.0
2024-06-21 00:29:09,339 [INFO] ThirdParty:1030 - CMSIS Pack Vendor :STMicroelectronics X-CUBE-AZRTOS-L4 2.0.0
2024-06-21 00:29:09,339 [INFO] ThirdParty:1030 - CMSIS Pack Vendor :STMicroelectronics ThreadX 0.0.2
2024-06-21 00:29:09,339 [INFO] ThirdParty:1030 - CMSIS Pack Vendor :WES I-CUBE-Cesium 1.3.0
2024-06-21 00:29:09,339 [INFO] ThirdParty:1030 - CMSIS Pack Vendor :STMicroelectronics lwIP 2.1.2
2024-06-21 00:29:09,339 [INFO] ThirdParty:1030 - CMSIS Pack Vendor :STMicroelectronics X-CUBE-SFXS2LP1 4.0.0
2024-06-21 00:29:09,339 [INFO] ThirdParty:1030 - CMSIS Pack Vendor :STMicroelectronics X-CUBE-BLE2 3.3.0
2024-06-21 00:29:09,339 [INFO] ThirdParty:1030 - CMSIS Pack Vendor :STMicroelectronics X-CUBE-DISPLAY 2.2.0
2024-06-21 00:29:09,339 [INFO] ThirdParty:1030 - CMSIS Pack Vendor :STMicroelectronics X-CUBE-TOF1 3.2.0
2024-06-21 00:29:09,339 [INFO] ThirdParty:1030 - CMSIS Pack Vendor :STMicroelectronics PDM2PCM 3.2.0
2024-06-21 00:29:09,339 [INFO] ThirdParty:1030 - CMSIS Pack Vendor :STMicroelectronics X-CUBE-AZRTOS-H7 3.0.0
2024-06-21 00:29:09,339 [INFO] ThirdParty:1030 - CMSIS Pack Vendor :STMicroelectronics X-CUBE-ISPU 1.0.0
2024-06-21 00:29:09,339 [INFO] ThirdParty:1030 - CMSIS Pack Vendor :STMicroelectronics X-CUBE-ISPU 1.1.0
2024-06-21 00:29:09,339 [INFO] ThirdParty:1030 - CMSIS Pack Vendor :RoweBots I-CUBE-UNISONRTOS 5.5.0-4
2024-06-21 00:29:09,339 [INFO] ThirdParty:1030 - CMSIS Pack Vendor :STMicroelectronics X-CUBE-AZRTOS-H7 2.1.0
2024-06-21 00:29:09,339 [INFO] ThirdParty:1030 - CMSIS Pack Vendor :STMicroelectronics USB_DEVICE 3.0.0
2024-06-21 00:29:09,339 [INFO] ThirdParty:1030 - CMSIS Pack Vendor :STMicroelectronics X-CUBE-TCPP 4.1.0
2024-06-21 00:29:09,339 [INFO] ThirdParty:1030 - CMSIS Pack Vendor :STMicroelectronics X-CUBE-AI 8.0.0
2024-06-21 00:29:09,339 [INFO] ThirdParty:1030 - CMSIS Pack Vendor :STMicroelectronics X-CUBE-AZRTOS-WB 2.0.0
2024-06-21 00:29:09,339 [INFO] ThirdParty:1030 - CMSIS Pack Vendor :STMicroelectronics X-CUBE-FREERTOS 1.0.0
2024-06-21 00:29:09,339 [INFO] ThirdParty:1030 - CMSIS Pack Vendor :STMicroelectronics X-CUBE-FREERTOS 1.0.1
2024-06-21 00:29:09,339 [INFO] ThirdParty:1030 - CMSIS Pack Vendor :STMicroelectronics X-CUBE-TOUCHGFX 4.21.1
2024-06-21 00:29:09,339 [INFO] ThirdParty:1030 - CMSIS Pack Vendor :STMicroelectronics X-CUBE-TOUCHGFX 4.21.3
2024-06-21 00:29:09,339 [INFO] ThirdParty:1030 - CMSIS Pack Vendor :STMicroelectronics X-CUBE-BLEMGR 1.0.0
2024-06-21 00:29:09,339 [INFO] ThirdParty:1030 - CMSIS Pack Vendor :STMicroelectronics X-CUBE-TOUCHGFX 4.21.4
2024-06-21 00:29:09,339 [INFO] ThirdParty:1030 - CMSIS Pack Vendor :STMicroelectronics X-CUBE-MEMS1 9.4.0
2024-06-21 00:29:09,339 [INFO] ThirdParty:1030 - CMSIS Pack Vendor :STMicroelectronics X-CUBE-AI 7.3.0
2024-06-21 00:29:09,339 [INFO] ThirdParty:1030 - CMSIS Pack Vendor :STMicroelectronics X-CUBE-ALGOBUILD 1.3.0
2024-06-21 00:29:09,339 [INFO] ThirdParty:1030 - CMSIS Pack Vendor :STMicroelectronics X-CUBE-AZRTOS-L5 1.1.0
2024-06-21 00:29:09,339 [INFO] ThirdParty:1030 - CMSIS Pack Vendor :STMicroelectronics X-CUBE-AZRTOS-G0 1.1.0
2024-06-21 00:29:09,339 [INFO] ThirdParty:1030 - CMSIS Pack Vendor :STMicroelectronics X-CUBE-AI 8.0.1
2024-06-21 00:29:09,339 [INFO] ThirdParty:1030 - CMSIS Pack Vendor :STMicroelectronics X-CUBE-SAFEA1 1.2.2
2024-06-21 00:29:09,339 [INFO] ThirdParty:1030 - CMSIS Pack Vendor :STMicroelectronics X-CUBE-NFC4 3.0.0
2024-06-21 00:29:09,339 [INFO] ThirdParty:1030 - CMSIS Pack Vendor :SEGGER I-CUBE-embOS 1.2.0
2024-06-21 00:29:09,339 [INFO] ThirdParty:1030 - CMSIS Pack Vendor :STMicroelectronics X-CUBE-SUBG2 5.0.0
2024-06-21 00:29:09,340 [INFO] ThirdParty:1030 - CMSIS Pack Vendor :STMicroelectronics STM32_WPAN 1.0.0
2024-06-21 00:29:09,340 [INFO] ThirdParty:1030 - CMSIS Pack Vendor :STMicroelectronics lwIP 2.0.3
2024-06-21 00:29:09,340 [INFO] ThirdParty:1030 - CMSIS Pack Vendor :STMicroelectronics USB_HOST 1.0.0
2024-06-21 00:29:09,340 [INFO] ThirdParty:1030 - CMSIS Pack Vendor :STMicroelectronics X-CUBE-TOF1 3.3.1
2024-06-21 00:29:09,340 [INFO] ThirdParty:1030 - CMSIS Pack Vendor :STMicroelectronics X-CUBE-AZRTOS-G4 2.0.0
2024-06-21 00:29:09,340 [INFO] ThirdParty:1030 - CMSIS Pack Vendor :STMicroelectronics PDM2PCM 3.1.0
2024-06-21 00:29:09,340 [INFO] ThirdParty:1030 - CMSIS Pack Vendor :STMicroelectronics X-CUBE-TOF1 3.3.0
2024-06-21 00:29:09,340 [INFO] ThirdParty:1030 - CMSIS Pack Vendor :STMicroelectronics FP-ATR-ASTRA1 1.1.1
2024-06-21 00:29:09,340 [INFO] ThirdParty:1030 - CMSIS Pack Vendor :Infineon AIROC-Wi-Fi-Bluetooth-STM32 1.5.1
2024-06-21 00:29:09,340 [INFO] ThirdParty:1030 - CMSIS Pack Vendor :STMicroelectronics X-CUBE-BLEMGR 3.0.0
2024-06-21 00:29:09,340 [INFO] ThirdParty:1030 - CMSIS Pack Vendor :STMicroelectronics X-CUBE-BLEMGR 1.3.0
2024-06-21 00:29:09,340 [INFO] ThirdParty:1030 - CMSIS Pack Vendor :STMicroelectronics FP-SNS-MOTENVWB1 1.3.1
2024-06-21 00:29:09,340 [INFO] ThirdParty:1030 - CMSIS Pack Vendor :STMicroelectronics FP-ATR-SIGFOX1 3.2.0
2024-06-21 00:29:09,340 [INFO] ThirdParty:1030 - CMSIS Pack Vendor :STMicroelectronics X-CUBE-AZRTOS-G4 1.0.0
2024-06-21 00:29:09,340 [INFO] ThirdParty:1030 - CMSIS Pack Vendor :STMicroelectronics X-CUBE-AZRTOS-L4 1.0.0
2024-06-21 00:29:09,340 [INFO] ThirdParty:1030 - CMSIS Pack Vendor :STMicroelectronics X-CUBE-ISPU 2.0.0
2024-06-21 00:29:09,340 [INFO] ThirdParty:1030 - CMSIS Pack Vendor :STMicroelectronics X-CUBE-EEPRMA1 5.1.0
2024-06-21 00:29:09,340 [INFO] ThirdParty:1030 - CMSIS Pack Vendor :STMicroelectronics MBEDTLS 2.16.2
2024-06-21 00:29:09,340 [INFO] ThirdParty:1030 - CMSIS Pack Vendor :STMicroelectronics X-CUBE-ALS 1.0.2
2024-06-21 00:29:09,340 [INFO] ThirdParty:1030 - CMSIS Pack Vendor :emotas I-CUBE-CANOPEN 1.1.2
2024-06-21 00:29:09,340 [INFO] ThirdParty:1030 - CMSIS Pack Vendor :STMicroelectronics X-CUBE-TOUCHGFX 4.20.0
2024-06-21 00:29:09,340 [INFO] ThirdParty:1030 - CMSIS Pack Vendor :STMicroelectronics X-CUBE-MEMS1 10.0.0
2024-06-21 00:29:09,340 [INFO] ThirdParty:1030 - CMSIS Pack Vendor :STMicroelectronics X-CUBE-FREERTOS 1.1.0
2024-06-21 00:29:09,340 [INFO] ThirdParty:1030 - CMSIS Pack Vendor :STMicroelectronics X-CUBE-AZRTOS-WL 1.0.0
2024-06-21 00:29:09,340 [INFO] ThirdParty:1030 - CMSIS Pack Vendor :portGmbH I-Cube-SoM-uGOAL 1.1.0
2024-06-21 00:29:09,340 [INFO] ThirdParty:1030 - CMSIS Pack Vendor :STMicroelectronics X-CUBE-ALS 1.0.1
2024-06-21 00:29:09,340 [INFO] ThirdParty:1030 - CMSIS Pack Vendor :STMicroelectronics X-CUBE-MEMS1 9.5.0
2024-06-21 00:29:09,340 [INFO] ThirdParty:1030 - CMSIS Pack Vendor :STMicroelectronics ThreadX 1.0.0
2024-06-21 00:29:09,340 [INFO] ThirdParty:1030 - CMSIS Pack Vendor :STMicroelectronics X-CUBE-AZRTOS-WB 1.1.0
2024-06-21 00:29:09,340 [INFO] ThirdParty:1030 - CMSIS Pack Vendor :SEGGER I-CUBE-embOS 1.3.1
2024-06-21 00:29:09,340 [INFO] ThirdParty:1030 - CMSIS Pack Vendor :STMicroelectronics X-CUBE-ALGOBUILD 1.4.0
2024-06-21 00:29:09,340 [INFO] ThirdParty:1030 - CMSIS Pack Vendor :STMicroelectronics X-CUBE-AZRTOS-L5 1.0.0
2024-06-21 00:29:09,340 [INFO] ThirdParty:1030 - CMSIS Pack Vendor :STMicroelectronics X-CUBE-EEPRMA1 3.1.1
2024-06-21 00:29:09,340 [INFO] ThirdParty:1030 - CMSIS Pack Vendor :STMicroelectronics X-CUBE-AZRTOS-H7RS 1.0.0
2024-06-21 00:29:09,340 [INFO] ThirdParty:1030 - CMSIS Pack Vendor :STMicroelectronics FP-ATR-ASTRA1 2.0.0
2024-06-21 00:29:09,340 [INFO] ThirdParty:1030 - CMSIS Pack Vendor :STMicroelectronics X-CUBE-TOF1 3.4.0
2024-06-21 00:29:09,340 [INFO] ThirdParty:1030 - CMSIS Pack Vendor :STMicroelectronics X-CUBE-TOF1 3.4.1
2024-06-21 00:29:09,340 [INFO] ThirdParty:1030 - CMSIS Pack Vendor :STMicroelectronics X-CUBE-AZRTOS-H7 3.2.0
2024-06-21 00:29:09,340 [INFO] ThirdParty:841 - exiting critical section [change project]
2024-06-21 00:29:09,633 [INFO] PinOutPanel:1561 - setPackage(No Configuration,No Configuration)
2024-06-21 00:29:09,634 [INFO] PinOutPanel:1561 - setPackage(STM32G474RETx,LQFP64)
2024-06-21 00:29:09,912 [INFO] UtilMem:75 - Before build in PCC Used Memory: 370771360 Bytes (489684992)
2024-06-21 00:29:10,567 [INFO] UtilMem:75 - After build in PCC Used Memory: 343060736 Bytes (489684992)
2024-06-21 00:29:10,589 [INFO] IPUIPlugin:80 - create IPUIPlugin
2024-06-21 00:29:10,589 [INFO] IPUIPlugin:80 - create IPUIPlugin
2024-06-21 00:29:10,589 [INFO] IPUIPlugin:80 - create IPUIPlugin
2024-06-21 00:29:10,589 [INFO] IPUIPlugin:80 - create IPUIPlugin
2024-06-21 00:29:10,589 [INFO] IPUIPlugin:80 - create IPUIPlugin
2024-06-21 00:29:10,589 [INFO] IPUIPlugin:80 - create IPUIPlugin
2024-06-21 00:29:10,589 [INFO] IPUIPlugin:80 - create IPUIPlugin
2024-06-21 00:29:10,589 [INFO] IPUIPlugin:80 - create IPUIPlugin
2024-06-21 00:29:10,589 [INFO] IPUIPlugin:80 - create IPUIPlugin
2024-06-21 00:29:10,589 [INFO] IPUIPlugin:80 - create IPUIPlugin
2024-06-21 00:29:10,589 [INFO] IPUIPlugin:80 - create IPUIPlugin
2024-06-21 00:29:10,589 [INFO] IPUIPlugin:80 - create IPUIPlugin
2024-06-21 00:29:10,589 [INFO] IPUIPlugin:80 - create IPUIPlugin
2024-06-21 00:29:10,589 [INFO] IPUIPlugin:80 - create IPUIPlugin
2024-06-21 00:29:10,589 [INFO] IPUIPlugin:80 - create IPUIPlugin
2024-06-21 00:29:10,590 [INFO] IPUIPlugin:80 - create IPUIPlugin
2024-06-21 00:29:10,590 [INFO] IPUIPlugin:80 - create IPUIPlugin
2024-06-21 00:29:10,590 [INFO] IPUIPlugin:80 - create IPUIPlugin
2024-06-21 00:29:10,590 [INFO] IPUIPlugin:80 - create IPUIPlugin
2024-06-21 00:29:10,590 [INFO] IPUIPlugin:80 - create IPUIPlugin
2024-06-21 00:29:10,590 [INFO] IPUIPlugin:80 - create IPUIPlugin
2024-06-21 00:29:10,590 [INFO] IPUIPlugin:80 - create IPUIPlugin
2024-06-21 00:29:10,590 [INFO] IPUIPlugin:80 - create IPUIPlugin
2024-06-21 00:29:10,590 [INFO] IPUIPlugin:80 - create IPUIPlugin
2024-06-21 00:29:10,590 [INFO] IPUIPlugin:80 - create IPUIPlugin
2024-06-21 00:29:10,590 [INFO] IPUIPlugin:80 - create IPUIPlugin
2024-06-21 00:29:10,590 [INFO] IPUIPlugin:80 - create IPUIPlugin
2024-06-21 00:29:10,590 [INFO] IPUIPlugin:80 - create IPUIPlugin
2024-06-21 00:29:10,590 [INFO] IPUIPlugin:80 - create IPUIPlugin
2024-06-21 00:29:10,590 [INFO] IPUIPlugin:80 - create IPUIPlugin
2024-06-21 00:29:10,590 [INFO] IPUIPlugin:80 - create IPUIPlugin
2024-06-21 00:29:10,590 [INFO] IPUIPlugin:80 - create IPUIPlugin
2024-06-21 00:29:10,591 [INFO] IPUIPlugin:80 - create IPUIPlugin
2024-06-21 00:29:10,591 [INFO] IPUIPlugin:80 - create IPUIPlugin
2024-06-21 00:29:10,591 [INFO] IPUIPlugin:80 - create IPUIPlugin
2024-06-21 00:29:10,591 [INFO] IPUIPlugin:80 - create IPUIPlugin
2024-06-21 00:29:10,592 [INFO] IPUIPlugin:80 - create IPUIPlugin
2024-06-21 00:29:10,592 [INFO] IPUIPlugin:80 - create IPUIPlugin
2024-06-21 00:29:10,592 [INFO] IPUIPlugin:80 - create IPUIPlugin
2024-06-21 00:29:10,593 [INFO] IPUIPlugin:80 - create IPUIPlugin
2024-06-21 00:29:10,593 [INFO] IPUIPlugin:80 - create IPUIPlugin
2024-06-21 00:29:10,594 [INFO] IPUIPlugin:80 - create IPUIPlugin
2024-06-21 00:29:10,594 [INFO] IPUIPlugin:80 - create IPUIPlugin
2024-06-21 00:29:10,594 [INFO] IPUIPlugin:80 - create IPUIPlugin
2024-06-21 00:29:10,594 [INFO] IPUIPlugin:80 - create IPUIPlugin
2024-06-21 00:29:10,594 [INFO] IPUIPlugin:80 - create IPUIPlugin
2024-06-21 00:29:10,595 [INFO] IPUIPlugin:80 - create IPUIPlugin
2024-06-21 00:29:10,595 [INFO] IPUIPlugin:80 - create IPUIPlugin
2024-06-21 00:29:10,596 [INFO] IPUIPlugin:80 - create IPUIPlugin
2024-06-21 00:29:10,597 [INFO] IPUIPlugin:80 - create IPUIPlugin
2024-06-21 00:29:10,597 [INFO] IPUIPlugin:80 - create IPUIPlugin
2024-06-21 00:29:10,598 [INFO] IPUIPlugin:80 - create IPUIPlugin
2024-06-21 00:29:10,598 [INFO] IPUIPlugin:80 - create IPUIPlugin
2024-06-21 00:29:10,598 [INFO] IPUIPlugin:80 - create IPUIPlugin
2024-06-21 00:29:10,599 [INFO] IPUIPlugin:80 - create IPUIPlugin
2024-06-21 00:29:10,599 [INFO] IPUIPlugin:80 - create IPUIPlugin
2024-06-21 00:29:10,599 [INFO] IPUIPlugin:80 - create IPUIPlugin
2024-06-21 00:29:10,600 [INFO] IPUIPlugin:80 - create IPUIPlugin
2024-06-21 00:29:10,600 [INFO] IPUIPlugin:80 - create IPUIPlugin
2024-06-21 00:29:10,600 [INFO] IPUIPlugin:80 - create IPUIPlugin
2024-06-21 00:29:10,600 [INFO] IPUIPlugin:80 - create IPUIPlugin
2024-06-21 00:29:10,600 [INFO] IPUIPlugin:80 - create IPUIPlugin
2024-06-21 00:29:10,600 [INFO] IPUIPlugin:80 - create IPUIPlugin
2024-06-21 00:29:10,601 [INFO] IPUIPlugin:80 - create IPUIPlugin
2024-06-21 00:29:10,601 [INFO] IPUIPlugin:80 - create IPUIPlugin
2024-06-21 00:29:10,601 [INFO] IPUIPlugin:80 - create IPUIPlugin
2024-06-21 00:29:10,601 [INFO] IPUIPlugin:80 - create IPUIPlugin
2024-06-21 00:29:10,601 [INFO] IPUIPlugin:80 - create IPUIPlugin
2024-06-21 00:29:10,601 [INFO] IPUIPlugin:80 - create IPUIPlugin
2024-06-21 00:29:10,602 [INFO] IPUIPlugin:80 - create IPUIPlugin
2024-06-21 00:29:10,602 [INFO] IPUIPlugin:80 - create IPUIPlugin
2024-06-21 00:29:10,602 [INFO] IPUIPlugin:80 - create IPUIPlugin
2024-06-21 00:29:10,602 [INFO] IPUIPlugin:80 - create IPUIPlugin
2024-06-21 00:29:10,602 [INFO] IPUIPlugin:80 - create IPUIPlugin
2024-06-21 00:29:10,602 [INFO] IPUIPlugin:80 - create IPUIPlugin
2024-06-21 00:29:10,602 [INFO] IPUIPlugin:80 - create IPUIPlugin
2024-06-21 00:29:10,603 [INFO] IPUIPlugin:80 - create IPUIPlugin
2024-06-21 00:29:10,743 [INFO] CADModel:165 - CPN selected for project levelSTM32G474RET6
2024-06-21 00:29:10,743 [INFO] CADModel:114 - Register for checkConnection events
2024-06-21 00:29:10,789 [INFO] OpenFileManager:343 - Restore cursor
2024-06-21 00:30:21,875 [INFO] ADCParametersView:116 -                Rank 1 : false
2024-06-21 00:30:21,901 [INFO] ADCParametersView:116 -                Rank 1 : false
2024-06-21 00:30:21,901 [INFO] ADCParametersView:116 -                Rank 1 : false
2024-06-21 00:30:21,901 [INFO] ADCParametersView:116 -                Rank 1 : false
2024-06-21 00:30:21,901 [INFO] ADCParametersView:116 -                Rank 1 : false
2024-06-21 00:30:21,901 [INFO] ADCParametersView:116 -                Rank 1 : false
2024-06-21 00:30:21,901 [INFO] ADCParametersView:116 -                Rank 1 : false
2024-06-21 00:30:21,901 [INFO] ADCParametersView:116 -                Rank 1 : false
2024-06-21 00:30:21,901 [INFO] ADCParametersView:116 -                Rank 1 : false
2024-06-21 00:30:21,902 [INFO] ADCParametersView:116 -                Rank 1 : false
2024-06-21 00:30:21,902 [INFO] ADCParametersView:116 -                Rank 1 : false
2024-06-21 00:30:21,902 [INFO] ADCParametersView:116 -                Rank 1 : false
2024-06-21 00:30:21,902 [INFO] ADCParametersView:116 -                Rank 1 : false
2024-06-21 00:30:21,902 [INFO] ADCParametersView:116 -                Rank 1 : false
2024-06-21 00:30:21,902 [INFO] ADCParametersView:116 -                Rank 1 : false
2024-06-21 00:30:21,902 [INFO] ADCParametersView:116 -                Rank 1 : false
2024-06-21 00:30:21,902 [INFO] ADCParametersView:116 -                Rank 1 : false
2024-06-21 00:30:21,902 [INFO] ADCParametersView:116 -                Rank 1 : false
2024-06-21 00:30:21,902 [INFO] ADCParametersView:116 -                Rank 1 : false
2024-06-21 00:30:21,902 [INFO] ADCParametersView:116 -                Rank 1 : false
2024-06-21 00:30:21,902 [INFO] ADCParametersView:116 -                Rank 1 : false
2024-06-21 00:30:21,902 [INFO] ADCParametersView:116 -                Rank 1 : false
2024-06-21 00:30:21,902 [INFO] ADCParametersView:116 -                Rank 1 : false
2024-06-21 00:30:21,902 [INFO] ADCParametersView:116 -                Rank 1 : false
2024-06-21 00:30:21,902 [INFO] ADCParametersView:116 -                Rank 1 : false
2024-06-21 00:30:21,902 [INFO] ADCParametersView:116 -                Rank 1 : false
2024-06-21 00:30:21,910 [INFO] ADCParametersView:116 -                Rank 1 : false
2024-06-21 00:34:05,601 [INFO] ParamManager:896 - [Generic UI] PropertyChangeEvent: TAB_STATUS_CHANGED , "dont care", "never mind"
2024-06-21 00:34:05,612 [INFO] ParamManager:896 - [Generic UI] PropertyChangeEvent: TAB_STATUS_CHANGED , "dont care", "never mind"
2024-06-21 00:34:05,616 [INFO] ADCParametersView:116 -                Rank 1 : false
2024-06-21 00:34:05,630 [INFO] ADCParametersView:116 -                Rank 1 : false
2024-06-21 00:34:05,630 [INFO] ADCParametersView:116 -                Rank 1 : false
2024-06-21 00:34:05,630 [INFO] ADCParametersView:116 -                Rank 1 : false
2024-06-21 00:34:05,630 [INFO] ADCParametersView:116 -                Rank 1 : false
2024-06-21 00:34:05,630 [INFO] ADCParametersView:116 -                Rank 1 : false
2024-06-21 00:34:05,630 [INFO] ADCParametersView:116 -                Rank 1 : false
2024-06-21 00:34:05,630 [INFO] ADCParametersView:116 -                Rank 1 : false
2024-06-21 00:34:05,630 [INFO] ADCParametersView:116 -                Rank 1 : false
2024-06-21 00:34:05,630 [INFO] ADCParametersView:116 -                Rank 1 : false
2024-06-21 00:34:05,630 [INFO] ADCParametersView:116 -                Rank 1 : false
2024-06-21 00:34:05,630 [INFO] ADCParametersView:116 -                Rank 1 : false
2024-06-21 00:34:05,630 [INFO] ADCParametersView:116 -                Rank 1 : false
2024-06-21 00:34:05,630 [INFO] ADCParametersView:116 -                Rank 1 : false
2024-06-21 00:34:05,630 [INFO] ADCParametersView:116 -                Rank 1 : false
2024-06-21 00:34:05,631 [INFO] ADCParametersView:116 -                Rank 1 : false
2024-06-21 00:34:05,631 [INFO] ADCParametersView:116 -                Rank 1 : false
2024-06-21 00:34:05,631 [INFO] ADCParametersView:116 -                Rank 1 : false
2024-06-21 00:34:05,631 [INFO] ADCParametersView:116 -                Rank 1 : false
2024-06-21 00:34:05,631 [INFO] ADCParametersView:116 -                Rank 1 : false
2024-06-21 00:34:05,631 [INFO] ADCParametersView:116 -                Rank 1 : false
2024-06-21 00:34:05,639 [INFO] ADCParametersView:116 -                Rank 1 : false
2024-06-21 00:34:05,722 [INFO] NvicIntPanel:101 - NVIC parent = com.st.microxplorer.plugins.ip.nvic.MultiNvicIntPanel[,0,0,0x0,invalid,layout=javax.swing.BoxLayout,alignmentX=0.0,alignmentY=0.0,border=,flags=9,maximumSize=,minimumSize=,preferredSize=]
2024-06-21 00:34:05,809 [INFO] NvicIntPanel:101 - NVIC parent = com.st.microxplorer.plugins.ip.nvic.MultiNvicIntPanel[,0,0,0x0,invalid,layout=javax.swing.BoxLayout,alignmentX=0.0,alignmentY=0.0,border=,flags=9,maximumSize=,minimumSize=,preferredSize=]
2024-06-21 00:34:05,881 [INFO] NvicIntPanel:101 - NVIC parent = com.st.microxplorer.plugins.ip.nvic.MultiNvicIntPanel[,0,0,0x0,invalid,layout=javax.swing.BoxLayout,alignmentX=0.0,alignmentY=0.0,border=,flags=9,maximumSize=,minimumSize=,preferredSize=]
2024-06-21 00:34:05,914 [INFO] ADCParametersView:116 -                Rank 1 : false
2024-06-21 00:34:05,914 [INFO] ADCParametersView:116 -                Rank 1 : false
2024-06-21 00:34:05,914 [INFO] ADCParametersView:116 -                Rank 1 : false
2024-06-21 00:34:05,914 [INFO] ADCParametersView:116 -                Rank 1 : false
2024-06-21 00:34:05,914 [INFO] ADCParametersView:116 -                Rank 1 : false
2024-06-21 00:34:05,914 [INFO] ADCParametersView:116 -                Rank 1 : false
2024-06-21 00:34:05,914 [INFO] ADCParametersView:116 -                Rank 1 : false
2024-06-21 00:34:05,914 [INFO] ADCParametersView:116 -                Rank 1 : false
2024-06-21 00:34:05,914 [INFO] ADCParametersView:116 -                Rank 1 : false
2024-06-21 00:34:05,914 [INFO] ADCParametersView:116 -                Rank 1 : false
2024-06-21 00:34:05,914 [INFO] ADCParametersView:116 -                Rank 1 : false
2024-06-21 00:34:05,914 [INFO] ADCParametersView:116 -                Rank 1 : false
2024-06-21 00:34:05,914 [INFO] ADCParametersView:116 -                Rank 1 : false
2024-06-21 00:34:05,914 [INFO] ADCParametersView:116 -                Rank 1 : false
2024-06-21 00:34:05,914 [INFO] ADCParametersView:116 -                Rank 1 : false
2024-06-21 00:34:05,914 [INFO] ADCParametersView:116 -                Rank 1 : false
2024-06-21 00:34:05,914 [INFO] ADCParametersView:116 -                Rank 1 : false
2024-06-21 00:34:05,914 [INFO] ADCParametersView:116 -                Rank 1 : false
2024-06-21 00:34:05,914 [INFO] ADCParametersView:116 -                Rank 1 : false
2024-06-21 00:34:05,914 [INFO] ADCParametersView:116 -                Rank 1 : false
2024-06-21 00:34:05,922 [INFO] ADCParametersView:116 -                Rank 1 : false
2024-06-21 00:34:05,931 [INFO] ADCParametersView:116 -                Rank 1 : false
2024-06-21 00:34:05,932 [INFO] ADCParametersView:116 -                Rank 1 : false
2024-06-21 00:34:05,932 [INFO] ADCParametersView:116 -                Rank 1 : false
2024-06-21 00:34:05,932 [INFO] ADCParametersView:116 -                Rank 1 : false
2024-06-21 00:34:05,932 [INFO] ADCParametersView:116 -                Rank 1 : false
2024-06-21 00:34:05,932 [INFO] ADCParametersView:116 -                Rank 1 : false
2024-06-21 00:34:05,932 [INFO] ADCParametersView:116 -                Rank 1 : false
2024-06-21 00:34:05,932 [INFO] ADCParametersView:116 -                Rank 1 : false
2024-06-21 00:34:05,932 [INFO] ADCParametersView:116 -                Rank 1 : false
2024-06-21 00:34:05,932 [INFO] ADCParametersView:116 -                Rank 1 : false
2024-06-21 00:34:05,932 [INFO] ADCParametersView:116 -                Rank 1 : false
2024-06-21 00:34:05,932 [INFO] ADCParametersView:116 -                Rank 1 : false
2024-06-21 00:34:05,932 [INFO] ADCParametersView:116 -                Rank 1 : false
2024-06-21 00:34:05,932 [INFO] ADCParametersView:116 -                Rank 1 : false
2024-06-21 00:34:05,932 [INFO] ADCParametersView:116 -                Rank 1 : false
2024-06-21 00:34:05,932 [INFO] ADCParametersView:116 -                Rank 1 : false
2024-06-21 00:34:05,932 [INFO] ADCParametersView:116 -                Rank 1 : false
2024-06-21 00:34:05,932 [INFO] ADCParametersView:116 -                Rank 1 : false
2024-06-21 00:34:05,932 [INFO] ADCParametersView:116 -                Rank 1 : false
2024-06-21 00:34:05,932 [INFO] ADCParametersView:116 -                Rank 1 : false
2024-06-21 00:34:05,942 [INFO] ADCParametersView:116 -                Rank 1 : false
2024-06-21 00:34:10,310 [INFO] ParamManager:896 - [Generic UI] PropertyChangeEvent: TAB_STATUS_CHANGED , "dont care", "never mind"
2024-06-21 00:34:10,312 [INFO] ADCParametersView:116 -                Rank 1 : false
2024-06-21 00:34:10,312 [INFO] ADCParametersView:116 -                Rank 1 : false
2024-06-21 00:34:10,312 [INFO] ADCParametersView:116 -                Rank 1 : false
2024-06-21 00:34:10,312 [INFO] ADCParametersView:116 -                Rank 1 : false
2024-06-21 00:34:10,312 [INFO] ADCParametersView:116 -                Rank 1 : false
2024-06-21 00:34:10,312 [INFO] ADCParametersView:116 -                Rank 1 : false
2024-06-21 00:34:10,312 [INFO] ADCParametersView:116 -                Rank 1 : false
2024-06-21 00:34:10,312 [INFO] ADCParametersView:116 -                Rank 1 : false
2024-06-21 00:34:10,312 [INFO] ADCParametersView:116 -                Rank 1 : false
2024-06-21 00:34:10,312 [INFO] ADCParametersView:116 -                Rank 1 : false
2024-06-21 00:34:10,312 [INFO] ADCParametersView:116 -                Rank 1 : false
2024-06-21 00:34:10,312 [INFO] ADCParametersView:116 -                Rank 1 : false
2024-06-21 00:34:10,312 [INFO] ADCParametersView:116 -                Rank 1 : false
2024-06-21 00:34:10,312 [INFO] ADCParametersView:116 -                Rank 1 : false
2024-06-21 00:34:10,312 [INFO] ADCParametersView:116 -                Rank 1 : false
2024-06-21 00:34:10,312 [INFO] ADCParametersView:116 -                Rank 1 : false
2024-06-21 00:34:10,312 [INFO] ADCParametersView:116 -                Rank 1 : false
2024-06-21 00:34:10,312 [INFO] ADCParametersView:116 -                Rank 1 : false
2024-06-21 00:34:10,312 [INFO] ADCParametersView:116 -                Rank 1 : false
2024-06-21 00:34:10,312 [INFO] ADCParametersView:116 -                Rank 1 : false
2024-06-21 00:34:10,316 [INFO] ParamManager:896 - [Generic UI] PropertyChangeEvent: TAB_STATUS_CHANGED , "dont care", "never mind"
2024-06-21 00:34:10,319 [INFO] ADCParametersView:116 -                Rank 1 : false
2024-06-21 00:34:10,328 [INFO] ADCParametersView:116 -                Rank 1 : false
2024-06-21 00:34:10,329 [INFO] ADCParametersView:116 -                Rank 1 : false
2024-06-21 00:34:10,329 [INFO] ADCParametersView:116 -                Rank 1 : false
2024-06-21 00:34:10,329 [INFO] ADCParametersView:116 -                Rank 1 : false
2024-06-21 00:34:10,329 [INFO] ADCParametersView:116 -                Rank 1 : false
2024-06-21 00:34:10,329 [INFO] ADCParametersView:116 -                Rank 1 : false
2024-06-21 00:34:10,329 [INFO] ADCParametersView:116 -                Rank 1 : false
2024-06-21 00:34:10,329 [INFO] ADCParametersView:116 -                Rank 1 : false
2024-06-21 00:34:10,329 [INFO] ADCParametersView:116 -                Rank 1 : false
2024-06-21 00:34:10,329 [INFO] ADCParametersView:116 -                Rank 1 : false
2024-06-21 00:34:10,329 [INFO] ADCParametersView:116 -                Rank 1 : false
2024-06-21 00:34:10,329 [INFO] ADCParametersView:116 -                Rank 1 : false
2024-06-21 00:34:10,329 [INFO] ADCParametersView:116 -                Rank 1 : false
2024-06-21 00:34:10,329 [INFO] ADCParametersView:116 -                Rank 1 : false
2024-06-21 00:34:10,329 [INFO] ADCParametersView:116 -                Rank 1 : false
2024-06-21 00:34:10,329 [INFO] ADCParametersView:116 -                Rank 1 : false
2024-06-21 00:34:10,329 [INFO] ADCParametersView:116 -                Rank 1 : false
2024-06-21 00:34:10,329 [INFO] ADCParametersView:116 -                Rank 1 : false
2024-06-21 00:34:10,329 [INFO] ADCParametersView:116 -                Rank 1 : false
2024-06-21 00:34:10,329 [INFO] ADCParametersView:116 -                Rank 1 : false
2024-06-21 00:34:10,334 [INFO] ADCParametersView:116 -                Rank 1 : false
2024-06-21 00:34:10,408 [INFO] NvicIntPanel:101 - NVIC parent = com.st.microxplorer.plugins.ip.nvic.MultiNvicIntPanel[,0,0,0x0,invalid,layout=javax.swing.BoxLayout,alignmentX=0.0,alignmentY=0.0,border=,flags=9,maximumSize=,minimumSize=,preferredSize=]
2024-06-21 00:34:10,487 [INFO] NvicIntPanel:101 - NVIC parent = com.st.microxplorer.plugins.ip.nvic.MultiNvicIntPanel[,0,0,0x0,invalid,layout=javax.swing.BoxLayout,alignmentX=0.0,alignmentY=0.0,border=,flags=9,maximumSize=,minimumSize=,preferredSize=]
2024-06-21 00:34:10,567 [INFO] NvicIntPanel:101 - NVIC parent = com.st.microxplorer.plugins.ip.nvic.MultiNvicIntPanel[,0,0,0x0,invalid,layout=javax.swing.BoxLayout,alignmentX=0.0,alignmentY=0.0,border=,flags=9,maximumSize=,minimumSize=,preferredSize=]
2024-06-21 00:34:10,606 [INFO] ADCParametersView:116 -                Rank 1 : false
2024-06-21 00:34:10,606 [INFO] ADCParametersView:116 -                Rank 1 : false
2024-06-21 00:34:10,606 [INFO] ADCParametersView:116 -                Rank 1 : false
2024-06-21 00:34:10,606 [INFO] ADCParametersView:116 -                Rank 1 : false
2024-06-21 00:34:10,606 [INFO] ADCParametersView:116 -                Rank 1 : false
2024-06-21 00:34:10,606 [INFO] ADCParametersView:116 -                Rank 1 : false
2024-06-21 00:34:10,606 [INFO] ADCParametersView:116 -                Rank 1 : false
2024-06-21 00:34:10,606 [INFO] ADCParametersView:116 -                Rank 1 : false
2024-06-21 00:34:10,606 [INFO] ADCParametersView:116 -                Rank 1 : false
2024-06-21 00:34:10,606 [INFO] ADCParametersView:116 -                Rank 1 : false
2024-06-21 00:34:10,606 [INFO] ADCParametersView:116 -                Rank 1 : false
2024-06-21 00:34:10,606 [INFO] ADCParametersView:116 -                Rank 1 : false
2024-06-21 00:34:10,606 [INFO] ADCParametersView:116 -                Rank 1 : false
2024-06-21 00:34:10,606 [INFO] ADCParametersView:116 -                Rank 1 : false
2024-06-21 00:34:10,606 [INFO] ADCParametersView:116 -                Rank 1 : false
2024-06-21 00:34:10,606 [INFO] ADCParametersView:116 -                Rank 1 : false
2024-06-21 00:34:10,606 [INFO] ADCParametersView:116 -                Rank 1 : false
2024-06-21 00:34:10,606 [INFO] ADCParametersView:116 -                Rank 1 : false
2024-06-21 00:34:10,606 [INFO] ADCParametersView:116 -                Rank 1 : false
2024-06-21 00:34:10,606 [INFO] ADCParametersView:116 -                Rank 1 : false
2024-06-21 00:34:10,613 [INFO] ADCParametersView:116 -                Rank 1 : false
2024-06-21 00:34:10,621 [INFO] ADCParametersView:116 -                Rank 1 : false
2024-06-21 00:34:10,621 [INFO] ADCParametersView:116 -                Rank 1 : false
2024-06-21 00:34:10,621 [INFO] ADCParametersView:116 -                Rank 1 : false
2024-06-21 00:34:10,621 [INFO] ADCParametersView:116 -                Rank 1 : false
2024-06-21 00:34:10,621 [INFO] ADCParametersView:116 -                Rank 1 : false
2024-06-21 00:34:10,621 [INFO] ADCParametersView:116 -                Rank 1 : false
2024-06-21 00:34:10,621 [INFO] ADCParametersView:116 -                Rank 1 : false
2024-06-21 00:34:10,621 [INFO] ADCParametersView:116 -                Rank 1 : false
2024-06-21 00:34:10,621 [INFO] ADCParametersView:116 -                Rank 1 : false
2024-06-21 00:34:10,621 [INFO] ADCParametersView:116 -                Rank 1 : false
2024-06-21 00:34:10,621 [INFO] ADCParametersView:116 -                Rank 1 : false
2024-06-21 00:34:10,621 [INFO] ADCParametersView:116 -                Rank 1 : false
2024-06-21 00:34:10,621 [INFO] ADCParametersView:116 -                Rank 1 : false
2024-06-21 00:34:10,621 [INFO] ADCParametersView:116 -                Rank 1 : false
2024-06-21 00:34:10,621 [INFO] ADCParametersView:116 -                Rank 1 : false
2024-06-21 00:34:10,621 [INFO] ADCParametersView:116 -                Rank 1 : false
2024-06-21 00:34:10,621 [INFO] ADCParametersView:116 -                Rank 1 : false
2024-06-21 00:34:10,621 [INFO] ADCParametersView:116 -                Rank 1 : false
2024-06-21 00:34:10,621 [INFO] ADCParametersView:116 -                Rank 1 : false
2024-06-21 00:34:10,621 [INFO] ADCParametersView:116 -                Rank 1 : false
2024-06-21 00:34:10,635 [INFO] ADCParametersView:116 -                Rank 1 : false
2024-06-21 00:34:21,461 [INFO] ADCParametersView:116 -                Rank 1 : false
2024-06-21 00:34:21,463 [INFO] ADCParametersView:116 -                Rank 1 : false
2024-06-21 00:34:21,463 [INFO] ADCParametersView:116 -                Rank 1 : false
2024-06-21 00:34:21,463 [INFO] ADCParametersView:116 -                Rank 1 : false
2024-06-21 00:34:21,463 [INFO] ADCParametersView:116 -                Rank 1 : false
2024-06-21 00:34:21,463 [INFO] ADCParametersView:116 -                Rank 1 : false
2024-06-21 00:34:21,463 [INFO] ADCParametersView:116 -                Rank 1 : false
2024-06-21 00:34:21,463 [INFO] ADCParametersView:116 -                Rank 1 : false
2024-06-21 00:34:21,463 [INFO] ADCParametersView:116 -                Rank 1 : false
2024-06-21 00:34:21,463 [INFO] ADCParametersView:116 -                Rank 1 : false
2024-06-21 00:34:21,463 [INFO] ADCParametersView:116 -                Rank 1 : false
2024-06-21 00:34:21,463 [INFO] ADCParametersView:116 -                Rank 1 : false
2024-06-21 00:34:21,463 [INFO] ADCParametersView:116 -                Rank 1 : false
2024-06-21 00:34:21,463 [INFO] ADCParametersView:116 -                Rank 1 : false
2024-06-21 00:34:21,463 [INFO] ADCParametersView:116 -                Rank 1 : false
2024-06-21 00:34:21,463 [INFO] ADCParametersView:116 -                Rank 1 : false
2024-06-21 00:34:21,463 [INFO] ADCParametersView:116 -                Rank 1 : false
2024-06-21 00:34:21,463 [INFO] ADCParametersView:116 -                Rank 1 : false
2024-06-21 00:34:21,463 [INFO] ADCParametersView:116 -                Rank 1 : false
2024-06-21 00:34:21,463 [INFO] ADCParametersView:116 -                Rank 1 : false
2024-06-21 00:34:21,470 [INFO] ADCParametersView:116 -                Rank 1 : false
2024-06-21 00:34:21,478 [INFO] ADCParametersView:116 -                Rank 1 : false
2024-06-21 00:34:21,479 [INFO] ADCParametersView:116 -                Rank 1 : false
2024-06-21 00:34:21,479 [INFO] ADCParametersView:116 -                Rank 1 : false
2024-06-21 00:34:21,479 [INFO] ADCParametersView:116 -                Rank 1 : false
2024-06-21 00:34:21,479 [INFO] ADCParametersView:116 -                Rank 1 : false
2024-06-21 00:34:21,479 [INFO] ADCParametersView:116 -                Rank 1 : false
2024-06-21 00:34:21,479 [INFO] ADCParametersView:116 -                Rank 1 : false
2024-06-21 00:34:21,479 [INFO] ADCParametersView:116 -                Rank 1 : false
2024-06-21 00:34:21,479 [INFO] ADCParametersView:116 -                Rank 1 : false
2024-06-21 00:34:21,479 [INFO] ADCParametersView:116 -                Rank 1 : false
2024-06-21 00:34:21,479 [INFO] ADCParametersView:116 -                Rank 1 : false
2024-06-21 00:34:21,479 [INFO] ADCParametersView:116 -                Rank 1 : false
2024-06-21 00:34:21,479 [INFO] ADCParametersView:116 -                Rank 1 : false
2024-06-21 00:34:21,479 [INFO] ADCParametersView:116 -                Rank 1 : false
2024-06-21 00:34:21,479 [INFO] ADCParametersView:116 -                Rank 1 : false
2024-06-21 00:34:21,479 [INFO] ADCParametersView:116 -                Rank 1 : false
2024-06-21 00:34:21,479 [INFO] ADCParametersView:116 -                Rank 1 : false
2024-06-21 00:34:21,479 [INFO] ADCParametersView:116 -                Rank 1 : false
2024-06-21 00:34:21,479 [INFO] ADCParametersView:116 -                Rank 1 : false
2024-06-21 00:34:21,479 [INFO] ADCParametersView:116 -                Rank 1 : false
2024-06-21 00:34:21,486 [INFO] ADCParametersView:116 -                Rank 1 : false
2024-06-21 00:34:21,500 [INFO] ADCParametersView:116 -                Rank 1 : false
2024-06-21 00:34:21,500 [INFO] ADCParametersView:116 -                Rank 1 : false
2024-06-21 00:34:21,501 [INFO] ADCParametersView:116 -                Rank 1 : false
2024-06-21 00:34:21,501 [INFO] ADCParametersView:116 -                Rank 1 : false
2024-06-21 00:34:21,501 [INFO] ADCParametersView:116 -                Rank 1 : false
2024-06-21 00:34:21,501 [INFO] ADCParametersView:116 -                Rank 1 : false
2024-06-21 00:34:21,501 [INFO] ADCParametersView:116 -                Rank 1 : false
2024-06-21 00:34:21,501 [INFO] ADCParametersView:116 -                Rank 1 : false
2024-06-21 00:34:21,501 [INFO] ADCParametersView:116 -                Rank 1 : false
2024-06-21 00:34:21,501 [INFO] ADCParametersView:116 -                Rank 1 : false
2024-06-21 00:34:21,501 [INFO] ADCParametersView:116 -                Rank 1 : false
2024-06-21 00:34:21,501 [INFO] ADCParametersView:116 -                Rank 1 : false
2024-06-21 00:34:21,501 [INFO] ADCParametersView:116 -                Rank 1 : false
2024-06-21 00:34:21,501 [INFO] ADCParametersView:116 -                Rank 1 : false
2024-06-21 00:34:21,501 [INFO] ADCParametersView:116 -                Rank 1 : false
2024-06-21 00:34:21,501 [INFO] ADCParametersView:116 -                Rank 1 : false
2024-06-21 00:34:21,501 [INFO] ADCParametersView:116 -                Rank 1 : false
2024-06-21 00:34:21,501 [INFO] ADCParametersView:116 -                Rank 1 : false
2024-06-21 00:34:21,501 [INFO] ADCParametersView:116 -                Rank 1 : false
2024-06-21 00:34:21,501 [INFO] ADCParametersView:116 -                Rank 1 : false
2024-06-21 00:34:21,507 [INFO] ADCParametersView:116 -                Rank 1 : false
2024-06-21 00:34:26,814 [INFO] NvicIntPanel:101 - NVIC parent = com.st.microxplorer.plugins.ip.nvic.MultiNvicIntPanel[,0,0,0x0,invalid,layout=javax.swing.BoxLayout,alignmentX=0.0,alignmentY=0.0,border=,flags=9,maximumSize=,minimumSize=,preferredSize=]
2024-06-21 00:34:26,834 [INFO] ADCParametersView:116 -                Rank 1 : false
2024-06-21 00:34:26,836 [INFO] ADCParametersView:116 -                Rank 1 : false
2024-06-21 00:34:26,836 [INFO] ADCParametersView:116 -                Rank 1 : false
2024-06-21 00:34:26,836 [INFO] ADCParametersView:116 -                Rank 1 : false
2024-06-21 00:34:26,836 [INFO] ADCParametersView:116 -                Rank 1 : false
2024-06-21 00:34:26,836 [INFO] ADCParametersView:116 -                Rank 1 : false
2024-06-21 00:34:26,836 [INFO] ADCParametersView:116 -                Rank 1 : false
2024-06-21 00:34:26,836 [INFO] ADCParametersView:116 -                Rank 1 : false
2024-06-21 00:34:26,836 [INFO] ADCParametersView:116 -                Rank 1 : false
2024-06-21 00:34:26,836 [INFO] ADCParametersView:116 -                Rank 1 : false
2024-06-21 00:34:26,836 [INFO] ADCParametersView:116 -                Rank 1 : false
2024-06-21 00:34:26,836 [INFO] ADCParametersView:116 -                Rank 1 : false
2024-06-21 00:34:26,836 [INFO] ADCParametersView:116 -                Rank 1 : false
2024-06-21 00:34:26,836 [INFO] ADCParametersView:116 -                Rank 1 : false
2024-06-21 00:34:26,836 [INFO] ADCParametersView:116 -                Rank 1 : false
2024-06-21 00:34:26,836 [INFO] ADCParametersView:116 -                Rank 1 : false
2024-06-21 00:34:26,836 [INFO] ADCParametersView:116 -                Rank 1 : false
2024-06-21 00:34:26,836 [INFO] ADCParametersView:116 -                Rank 1 : false
2024-06-21 00:34:26,836 [INFO] ADCParametersView:116 -                Rank 1 : false
2024-06-21 00:34:26,836 [INFO] ADCParametersView:116 -                Rank 1 : false
2024-06-21 00:34:26,842 [INFO] ADCParametersView:116 -                Rank 1 : false
2024-06-21 00:34:31,825 [INFO] NvicIntPanel:101 - NVIC parent = com.st.microxplorer.plugins.ip.nvic.MultiNvicIntPanel[,0,0,0x0,invalid,layout=javax.swing.BoxLayout,alignmentX=0.0,alignmentY=0.0,border=,flags=9,maximumSize=,minimumSize=,preferredSize=]
2024-06-21 00:34:31,841 [INFO] ADCParametersView:116 -                Rank 1 : false
2024-06-21 00:34:31,842 [INFO] ADCParametersView:116 -                Rank 1 : false
2024-06-21 00:34:31,842 [INFO] ADCParametersView:116 -                Rank 1 : false
2024-06-21 00:34:31,842 [INFO] ADCParametersView:116 -                Rank 1 : false
2024-06-21 00:34:31,842 [INFO] ADCParametersView:116 -                Rank 1 : false
2024-06-21 00:34:31,842 [INFO] ADCParametersView:116 -                Rank 1 : false
2024-06-21 00:34:31,842 [INFO] ADCParametersView:116 -                Rank 1 : false
2024-06-21 00:34:31,842 [INFO] ADCParametersView:116 -                Rank 1 : false
2024-06-21 00:34:31,842 [INFO] ADCParametersView:116 -                Rank 1 : false
2024-06-21 00:34:31,842 [INFO] ADCParametersView:116 -                Rank 1 : false
2024-06-21 00:34:31,842 [INFO] ADCParametersView:116 -                Rank 1 : false
2024-06-21 00:34:31,842 [INFO] ADCParametersView:116 -                Rank 1 : false
2024-06-21 00:34:31,842 [INFO] ADCParametersView:116 -                Rank 1 : false
2024-06-21 00:34:31,843 [INFO] ADCParametersView:116 -                Rank 1 : false
2024-06-21 00:34:31,843 [INFO] ADCParametersView:116 -                Rank 1 : false
2024-06-21 00:34:31,843 [INFO] ADCParametersView:116 -                Rank 1 : false
2024-06-21 00:34:31,843 [INFO] ADCParametersView:116 -                Rank 1 : false
2024-06-21 00:34:31,843 [INFO] ADCParametersView:116 -                Rank 1 : false
2024-06-21 00:34:31,843 [INFO] ADCParametersView:116 -                Rank 1 : false
2024-06-21 00:34:31,843 [INFO] ADCParametersView:116 -                Rank 1 : false
2024-06-21 00:34:31,843 [INFO] ADCParametersView:116 -                Rank 1 : false
2024-06-21 00:34:31,843 [INFO] ADCParametersView:116 -                Rank 1 : false
2024-06-21 00:34:31,843 [INFO] ADCParametersView:116 -                Rank 1 : false
2024-06-21 00:34:31,843 [INFO] ADCParametersView:116 -                Rank 1 : false
2024-06-21 00:34:31,850 [INFO] ADCParametersView:116 -                Rank 1 : false
2024-06-21 00:34:34,023 [INFO] NvicIntPanel:101 - NVIC parent = com.st.microxplorer.plugins.ip.nvic.MultiNvicIntPanel[,0,0,0x0,invalid,layout=javax.swing.BoxLayout,alignmentX=0.0,alignmentY=0.0,border=,flags=9,maximumSize=,minimumSize=,preferredSize=]
2024-06-21 00:34:34,040 [INFO] ADCParametersView:116 -                Rank 1 : false
2024-06-21 00:34:34,041 [INFO] ADCParametersView:116 -                Rank 1 : false
2024-06-21 00:34:34,041 [INFO] ADCParametersView:116 -                Rank 1 : false
2024-06-21 00:34:34,041 [INFO] ADCParametersView:116 -                Rank 1 : false
2024-06-21 00:34:34,041 [INFO] ADCParametersView:116 -                Rank 1 : false
2024-06-21 00:34:34,041 [INFO] ADCParametersView:116 -                Rank 1 : false
2024-06-21 00:34:34,041 [INFO] ADCParametersView:116 -                Rank 1 : false
2024-06-21 00:34:34,041 [INFO] ADCParametersView:116 -                Rank 1 : false
2024-06-21 00:34:34,041 [INFO] ADCParametersView:116 -                Rank 1 : false
2024-06-21 00:34:34,041 [INFO] ADCParametersView:116 -                Rank 1 : false
2024-06-21 00:34:34,041 [INFO] ADCParametersView:116 -                Rank 1 : false
2024-06-21 00:34:34,041 [INFO] ADCParametersView:116 -                Rank 1 : false
2024-06-21 00:34:34,042 [INFO] ADCParametersView:116 -                Rank 1 : false
2024-06-21 00:34:34,042 [INFO] ADCParametersView:116 -                Rank 1 : false
2024-06-21 00:34:34,042 [INFO] ADCParametersView:116 -                Rank 1 : false
2024-06-21 00:34:34,042 [INFO] ADCParametersView:116 -                Rank 1 : false
2024-06-21 00:34:34,042 [INFO] ADCParametersView:116 -                Rank 1 : false
2024-06-21 00:34:34,042 [INFO] ADCParametersView:116 -                Rank 1 : false
2024-06-21 00:34:34,042 [INFO] ADCParametersView:116 -                Rank 1 : false
2024-06-21 00:34:34,042 [INFO] ADCParametersView:116 -                Rank 1 : false
2024-06-21 00:34:34,042 [INFO] ADCParametersView:116 -                Rank 1 : false
2024-06-21 00:34:34,042 [INFO] ADCParametersView:116 -                Rank 1 : false
2024-06-21 00:34:34,042 [INFO] ADCParametersView:116 -                Rank 1 : false
2024-06-21 00:34:34,042 [INFO] ADCParametersView:116 -                Rank 1 : false
2024-06-21 00:34:34,049 [INFO] ADCParametersView:116 -                Rank 1 : false
2024-06-21 00:34:51,689 [INFO] ADCParametersView:116 -                Rank 1 : false
2024-06-21 00:34:51,690 [INFO] ADCParametersView:116 -                Rank 1 : false
2024-06-21 00:34:51,690 [INFO] ADCParametersView:116 -                Rank 1 : false
2024-06-21 00:34:51,690 [INFO] ADCParametersView:116 -                Rank 1 : false
2024-06-21 00:34:51,690 [INFO] ADCParametersView:116 -                Rank 1 : false
2024-06-21 00:34:51,690 [INFO] ADCParametersView:116 -                Rank 1 : false
2024-06-21 00:34:51,690 [INFO] ADCParametersView:116 -                Rank 1 : false
2024-06-21 00:34:51,690 [INFO] ADCParametersView:116 -                Rank 1 : false
2024-06-21 00:34:51,690 [INFO] ADCParametersView:116 -                Rank 1 : false
2024-06-21 00:34:51,690 [INFO] ADCParametersView:116 -                Rank 1 : false
2024-06-21 00:34:51,690 [INFO] ADCParametersView:116 -                Rank 1 : false
2024-06-21 00:34:51,690 [INFO] ADCParametersView:116 -                Rank 1 : false
2024-06-21 00:34:51,690 [INFO] ADCParametersView:116 -                Rank 1 : false
2024-06-21 00:34:51,690 [INFO] ADCParametersView:116 -                Rank 1 : false
2024-06-21 00:34:51,690 [INFO] ADCParametersView:116 -                Rank 1 : false
2024-06-21 00:34:51,690 [INFO] ADCParametersView:116 -                Rank 1 : false
2024-06-21 00:34:51,690 [INFO] ADCParametersView:116 -                Rank 1 : false
2024-06-21 00:34:51,690 [INFO] ADCParametersView:116 -                Rank 1 : false
2024-06-21 00:34:51,690 [INFO] ADCParametersView:116 -                Rank 1 : false
2024-06-21 00:34:51,690 [INFO] ADCParametersView:116 -                Rank 1 : false
2024-06-21 00:34:51,690 [INFO] ADCParametersView:116 -                Rank 1 : false
2024-06-21 00:34:51,690 [INFO] ADCParametersView:116 -                Rank 1 : false
2024-06-21 00:34:51,690 [INFO] ADCParametersView:116 -                Rank 1 : false
2024-06-21 00:34:51,690 [INFO] ADCParametersView:116 -                Rank 1 : false
2024-06-21 00:34:51,697 [INFO] ADCParametersView:116 -                Rank 1 : false
2024-06-21 00:34:51,707 [INFO] ADCParametersView:116 -                Rank 1 : false
2024-06-21 00:34:51,708 [INFO] ADCParametersView:116 -                Rank 1 : false
2024-06-21 00:34:51,708 [INFO] ADCParametersView:116 -                Rank 1 : false
2024-06-21 00:34:51,708 [INFO] ADCParametersView:116 -                Rank 1 : false
2024-06-21 00:34:51,708 [INFO] ADCParametersView:116 -                Rank 1 : false
2024-06-21 00:34:51,708 [INFO] ADCParametersView:116 -                Rank 1 : false
2024-06-21 00:34:51,708 [INFO] ADCParametersView:116 -                Rank 1 : false
2024-06-21 00:34:51,708 [INFO] ADCParametersView:116 -                Rank 1 : false
2024-06-21 00:34:51,708 [INFO] ADCParametersView:116 -                Rank 1 : false
2024-06-21 00:34:51,708 [INFO] ADCParametersView:116 -                Rank 1 : false
2024-06-21 00:34:51,708 [INFO] ADCParametersView:116 -                Rank 1 : false
2024-06-21 00:34:51,708 [INFO] ADCParametersView:116 -                Rank 1 : false
2024-06-21 00:34:51,708 [INFO] ADCParametersView:116 -                Rank 1 : false
2024-06-21 00:34:51,708 [INFO] ADCParametersView:116 -                Rank 1 : false
2024-06-21 00:34:51,708 [INFO] ADCParametersView:116 -                Rank 1 : false
2024-06-21 00:34:51,708 [INFO] ADCParametersView:116 -                Rank 1 : false
2024-06-21 00:34:51,708 [INFO] ADCParametersView:116 -                Rank 1 : false
2024-06-21 00:34:51,708 [INFO] ADCParametersView:116 -                Rank 1 : false
2024-06-21 00:34:51,708 [INFO] ADCParametersView:116 -                Rank 1 : false
2024-06-21 00:34:51,708 [INFO] ADCParametersView:116 -                Rank 1 : false
2024-06-21 00:34:51,708 [INFO] ADCParametersView:116 -                Rank 1 : false
2024-06-21 00:34:51,708 [INFO] ADCParametersView:116 -                Rank 1 : false
2024-06-21 00:34:51,708 [INFO] ADCParametersView:116 -                Rank 1 : false
2024-06-21 00:34:51,708 [INFO] ADCParametersView:116 -                Rank 1 : false
2024-06-21 00:34:51,715 [INFO] ADCParametersView:116 -                Rank 1 : false
2024-06-21 00:34:55,816 [INFO] ADCParametersView:116 -                Rank 1 : false
2024-06-21 00:34:55,817 [INFO] ADCParametersView:116 -                Rank 1 : false
2024-06-21 00:34:55,817 [INFO] ADCParametersView:116 -                Rank 1 : false
2024-06-21 00:34:55,817 [INFO] ADCParametersView:116 -                Rank 1 : false
2024-06-21 00:34:55,817 [INFO] ADCParametersView:116 -                Rank 1 : false
2024-06-21 00:34:55,817 [INFO] ADCParametersView:116 -                Rank 1 : false
2024-06-21 00:34:55,817 [INFO] ADCParametersView:116 -                Rank 1 : false
2024-06-21 00:34:55,817 [INFO] ADCParametersView:116 -                Rank 1 : false
2024-06-21 00:34:55,817 [INFO] ADCParametersView:116 -                Rank 1 : false
2024-06-21 00:34:55,817 [INFO] ADCParametersView:116 -                Rank 1 : false
2024-06-21 00:34:55,817 [INFO] ADCParametersView:116 -                Rank 1 : false
2024-06-21 00:34:55,817 [INFO] ADCParametersView:116 -                Rank 1 : false
2024-06-21 00:34:55,817 [INFO] ADCParametersView:116 -                Rank 1 : false
2024-06-21 00:34:55,817 [INFO] ADCParametersView:116 -                Rank 1 : false
2024-06-21 00:34:55,817 [INFO] ADCParametersView:116 -                Rank 1 : false
2024-06-21 00:34:55,817 [INFO] ADCParametersView:116 -                Rank 1 : false
2024-06-21 00:34:55,817 [INFO] ADCParametersView:116 -                Rank 1 : false
2024-06-21 00:34:55,817 [INFO] ADCParametersView:116 -                Rank 1 : false
2024-06-21 00:34:55,817 [INFO] ADCParametersView:116 -                Rank 1 : false
2024-06-21 00:34:55,817 [INFO] ADCParametersView:116 -                Rank 1 : false
2024-06-21 00:34:55,817 [INFO] ADCParametersView:116 -                Rank 1 : false
2024-06-21 00:34:55,817 [INFO] ADCParametersView:116 -                Rank 1 : false
2024-06-21 00:34:55,817 [INFO] ADCParametersView:116 -                Rank 1 : false
2024-06-21 00:34:55,817 [INFO] ADCParametersView:116 -                Rank 1 : false
2024-06-21 00:34:55,828 [INFO] ADCParametersView:116 -                Rank 1 : false
2024-06-21 00:34:55,845 [INFO] ADCParametersView:116 -                Rank 1 : false
2024-06-21 00:34:55,846 [INFO] ADCParametersView:116 -                Rank 1 : false
2024-06-21 00:34:55,846 [INFO] ADCParametersView:116 -                Rank 1 : false
2024-06-21 00:34:55,846 [INFO] ADCParametersView:116 -                Rank 1 : false
2024-06-21 00:34:55,846 [INFO] ADCParametersView:116 -                Rank 1 : false
2024-06-21 00:34:55,846 [INFO] ADCParametersView:116 -                Rank 1 : false
2024-06-21 00:34:55,846 [INFO] ADCParametersView:116 -                Rank 1 : false
2024-06-21 00:34:55,846 [INFO] ADCParametersView:116 -                Rank 1 : false
2024-06-21 00:34:55,846 [INFO] ADCParametersView:116 -                Rank 1 : false
2024-06-21 00:34:55,846 [INFO] ADCParametersView:116 -                Rank 1 : false
2024-06-21 00:34:55,846 [INFO] ADCParametersView:116 -                Rank 1 : false
2024-06-21 00:34:55,846 [INFO] ADCParametersView:116 -                Rank 1 : false
2024-06-21 00:34:55,846 [INFO] ADCParametersView:116 -                Rank 1 : false
2024-06-21 00:34:55,846 [INFO] ADCParametersView:116 -                Rank 1 : false
2024-06-21 00:34:55,846 [INFO] ADCParametersView:116 -                Rank 1 : false
2024-06-21 00:34:55,846 [INFO] ADCParametersView:116 -                Rank 1 : false
2024-06-21 00:34:55,846 [INFO] ADCParametersView:116 -                Rank 1 : false
2024-06-21 00:34:55,846 [INFO] ADCParametersView:116 -                Rank 1 : false
2024-06-21 00:34:55,846 [INFO] ADCParametersView:116 -                Rank 1 : false
2024-06-21 00:34:55,847 [INFO] ADCParametersView:116 -                Rank 1 : false
2024-06-21 00:34:55,847 [INFO] ADCParametersView:116 -                Rank 1 : false
2024-06-21 00:34:55,847 [INFO] ADCParametersView:116 -                Rank 1 : false
2024-06-21 00:34:55,847 [INFO] ADCParametersView:116 -                Rank 1 : false
2024-06-21 00:34:55,847 [INFO] ADCParametersView:116 -                Rank 1 : false
2024-06-21 00:34:55,853 [INFO] ADCParametersView:116 -                Rank 1 : false
2024-06-21 00:35:10,688 [INFO] UtilMem:75 - End SaveConfig() Used Memory: 679870752 Bytes (1073741824)
2024-06-21 00:35:12,540 [INFO] UtilMem:75 - End SaveConfig() Used Memory: 658357408 Bytes (1073741824)
2024-06-21 00:35:14,463 [INFO] UtilMem:75 - End SaveConfig() Used Memory: 715010400 Bytes (1073741824)
2024-06-21 00:35:14,834 [INFO] BlockDiagram:2759 - set Specific Code input for plugin: ADC
2024-06-21 00:35:14,834 [INFO] BlockDiagram:2759 - set Specific Code input for plugin: SYS
2024-06-21 00:35:14,834 [INFO] BlockDiagram:2759 - set Specific Code input for plugin: RCC
2024-06-21 00:35:14,834 [INFO] BlockDiagram:2759 - set Specific Code input for plugin: NVIC
2024-06-21 00:35:14,834 [INFO] BlockDiagram:2759 - set Specific Code input for plugin: GPIO
2024-06-21 00:35:14,836 [INFO] CodeGenerator:807 - code generatio: config db path: C:\ST\STM32CubeIDE_1.10.1\STM32CubeIDE\plugins\com.st.stm32cube.common.mx_6.11.1.202404110753\\db\
2024-06-21 00:35:14,931 [INFO] CodeEngine:255 - oldGeneratedFile, D:\Download\DeleteThis\STMG4Master\MXTmpFiles\license.tmp_save
2024-06-21 00:35:15,168 [INFO] CodeEngine:279 - Generated code: D:\Download\DeleteThis\STMG4Master\MXTmpFiles\license.tmp
2024-06-21 00:35:15,260 [INFO] CodeEngine:255 - oldGeneratedFile, D:\Download\DeleteThis\STMG4Master\MXTmpFiles\gpio.tmp_save
2024-06-21 00:35:15,371 [INFO] CodeEngine:279 - Generated code: D:\Download\DeleteThis\STMG4Master\MXTmpFiles\gpio.tmp
2024-06-21 00:35:15,475 [INFO] CodeEngine:255 - oldGeneratedFile, D:\Download\DeleteThis\STMG4Master\Core\Src\stm32g4xx_it.c_save
2024-06-21 00:35:15,582 [INFO] CodeEngine:279 - Generated code: D:\Download\DeleteThis\STMG4Master\Core\Src\stm32g4xx_it.c
2024-06-21 00:35:15,591 [INFO] CodeEngine:255 - oldGeneratedFile, D:\Download\DeleteThis\STMG4Master\Core\Inc\stm32g4xx_it.h_save
2024-06-21 00:35:15,668 [INFO] CodeEngine:279 - Generated code: D:\Download\DeleteThis\STMG4Master\Core\Inc\stm32g4xx_it.h
2024-06-21 00:35:15,682 [INFO] CodeEngine:255 - oldGeneratedFile, D:\Download\DeleteThis\STMG4Master\Core\Src\stm32g4xx_hal_msp.c_save
2024-06-21 00:35:15,778 [INFO] CodeEngine:279 - Generated code: D:\Download\DeleteThis\STMG4Master\Core\Src\stm32g4xx_hal_msp.c
2024-06-21 00:35:15,781 [INFO] CodeEngine:255 - oldGeneratedFile, D:\Download\DeleteThis\STMG4Master\MXTmpFiles\system.tmp_save
2024-06-21 00:35:15,820 [INFO] CodeEngine:279 - Generated code: D:\Download\DeleteThis\STMG4Master\MXTmpFiles\system.tmp
2024-06-21 00:35:15,832 [INFO] CodeEngine:311 - oldGeneratedFile, D:\Download\DeleteThis\STMG4Master\Core\Inc\stm32g4xx_hal_conf.h_save
2024-06-21 00:35:15,897 [INFO] CodeEngine:335 - Generated code: D:\Download\DeleteThis\STMG4Master\Core\Inc\stm32g4xx_hal_conf.h
2024-06-21 00:35:15,923 [WARN] IPConfigManager:2982 - Warning: the RefConfig RCC_CommonPeriphClockConfig is not available in your config.xml file
2024-06-21 00:35:15,936 [INFO] CodeEngine:255 - oldGeneratedFile, D:\Download\DeleteThis\STMG4Master\Core\Inc\main.h_save
2024-06-21 00:35:15,998 [INFO] CodeEngine:279 - Generated code: D:\Download\DeleteThis\STMG4Master\Core\Inc\main.h
2024-06-21 00:35:16,007 [INFO] CodeEngine:255 - oldGeneratedFile, D:\Download\DeleteThis\STMG4Master\Core\Src\main.c_save
2024-06-21 00:35:16,121 [INFO] CodeEngine:279 - Generated code: D:\Download\DeleteThis\STMG4Master\Core\Src\main.c
2024-06-21 00:35:16,316 [INFO] ProjectBuilder:3163 - Time for Copy HAL[1] : 101mS.
2024-06-21 00:35:16,319 [INFO] ProjectBuilder:4736 - Project Generator version: 4.3.0-B58
2024-06-21 00:35:16,384 [INFO] ConfigFileManager:1503 - The Die is : DIE469
2024-06-21 00:35:16,398 [INFO] ApiDbMcu:508 - Load IP Config File for FATFS
2024-06-21 00:35:16,406 [INFO] ApiDbMcu:508 - Load IP Config File for FREERTOS
2024-06-21 00:35:16,416 [INFO] ApiDbMcu:508 - Load IP Config File for USBPD
2024-06-21 00:35:16,426 [INFO] ApiDbMcu:508 - Load IP Config File for USB_Device
2024-06-21 00:35:16,841 [INFO] LogOutputStream:77 - [STDOUT_REDIRECT] 
2024-06-21 00:35:18,116 [INFO] ProjectBuilder:5002 - Time for Generating toolchain IDE Files: 1796mS.
2024-06-21 00:35:18,116 [INFO] ProjectBuilder:3034 - Time for Copy CMSIS : 0mS.
2024-06-21 00:35:18,118 [INFO] ProjectBuilder:3034 - Time for Copy CMSIS : 0mS.
2024-06-21 00:44:39,286 [INFO] NvicIntPanel:101 - NVIC parent = com.st.microxplorer.plugins.ip.nvic.MultiNvicIntPanel[,0,0,0x0,invalid,layout=javax.swing.BoxLayout,alignmentX=0.0,alignmentY=0.0,border=,flags=9,maximumSize=,minimumSize=,preferredSize=]
2024-06-21 00:44:39,318 [INFO] ADCParametersView:116 -                Rank 1 : false
2024-06-21 00:44:39,320 [INFO] ADCParametersView:116 -                Rank 1 : false
2024-06-21 00:44:39,320 [INFO] ADCParametersView:116 -                Rank 1 : false
2024-06-21 00:44:39,320 [INFO] ADCParametersView:116 -                Rank 1 : false
2024-06-21 00:44:39,320 [INFO] ADCParametersView:116 -                Rank 1 : false
2024-06-21 00:44:39,320 [INFO] ADCParametersView:116 -                Rank 1 : false
2024-06-21 00:44:39,321 [INFO] ADCParametersView:116 -                Rank 1 : false
2024-06-21 00:44:39,321 [INFO] ADCParametersView:116 -                Rank 1 : false
2024-06-21 00:44:39,321 [INFO] ADCParametersView:116 -                Rank 1 : false
2024-06-21 00:44:39,321 [INFO] ADCParametersView:116 -                Rank 1 : false
2024-06-21 00:44:39,321 [INFO] ADCParametersView:116 -                Rank 1 : false
2024-06-21 00:44:39,321 [INFO] ADCParametersView:116 -                Rank 1 : false
2024-06-21 00:44:39,321 [INFO] ADCParametersView:116 -                Rank 1 : false
2024-06-21 00:44:39,321 [INFO] ADCParametersView:116 -                Rank 1 : false
2024-06-21 00:44:39,321 [INFO] ADCParametersView:116 -                Rank 1 : false
2024-06-21 00:44:39,321 [INFO] ADCParametersView:116 -                Rank 1 : false
2024-06-21 00:44:39,321 [INFO] ADCParametersView:116 -                Rank 1 : false
2024-06-21 00:44:39,321 [INFO] ADCParametersView:116 -                Rank 1 : false
2024-06-21 00:44:39,321 [INFO] ADCParametersView:116 -                Rank 1 : false
2024-06-21 00:44:39,321 [INFO] ADCParametersView:116 -                Rank 1 : false
2024-06-21 00:44:39,321 [INFO] ADCParametersView:116 -                Rank 1 : false
2024-06-21 00:44:39,321 [INFO] ADCParametersView:116 -                Rank 1 : false
2024-06-21 00:44:39,321 [INFO] ADCParametersView:116 -                Rank 1 : false
2024-06-21 00:44:39,321 [INFO] ADCParametersView:116 -                Rank 1 : false
2024-06-21 00:44:39,340 [INFO] ADCParametersView:116 -                Rank 1 : false
2024-06-21 00:44:40,121 [INFO] UtilMem:75 - End SaveConfig() Used Memory: 565242672 Bytes (1073741824)
2024-06-21 00:44:41,341 [INFO] UtilMem:75 - End SaveConfig() Used Memory: 594602600 Bytes (1073741824)
2024-06-21 00:44:44,791 [INFO] UtilMem:75 - End SaveConfig() Used Memory: 731966304 Bytes (1073741824)
2024-06-21 00:44:44,894 [INFO] BlockDiagram:2759 - set Specific Code input for plugin: ADC
2024-06-21 00:44:44,894 [INFO] BlockDiagram:2759 - set Specific Code input for plugin: SYS
2024-06-21 00:44:44,895 [INFO] BlockDiagram:2759 - set Specific Code input for plugin: RCC
2024-06-21 00:44:44,895 [INFO] BlockDiagram:2759 - set Specific Code input for plugin: NVIC
2024-06-21 00:44:44,895 [INFO] BlockDiagram:2759 - set Specific Code input for plugin: GPIO
2024-06-21 00:44:44,895 [INFO] CodeGenerator:807 - code generatio: config db path: C:\ST\STM32CubeIDE_1.10.1\STM32CubeIDE\plugins\com.st.stm32cube.common.mx_6.11.1.202404110753\\db\
2024-06-21 00:44:44,936 [INFO] CodeEngine:255 - oldGeneratedFile, D:\Download\DeleteThis\STMG4Master\MXTmpFiles\license.tmp_save
2024-06-21 00:44:45,004 [INFO] CodeEngine:279 - Generated code: D:\Download\DeleteThis\STMG4Master\MXTmpFiles\license.tmp
2024-06-21 00:44:45,021 [INFO] CodeEngine:255 - oldGeneratedFile, D:\Download\DeleteThis\STMG4Master\MXTmpFiles\gpio.tmp_save
2024-06-21 00:44:45,104 [INFO] CodeEngine:279 - Generated code: D:\Download\DeleteThis\STMG4Master\MXTmpFiles\gpio.tmp
2024-06-21 00:44:45,161 [INFO] CodeEngine:255 - oldGeneratedFile, D:\Download\DeleteThis\STMG4Master\Core\Src\stm32g4xx_it.c_save
2024-06-21 00:44:45,293 [INFO] CodeEngine:279 - Generated code: D:\Download\DeleteThis\STMG4Master\Core\Src\stm32g4xx_it.c
2024-06-21 00:44:45,306 [INFO] CodeEngine:255 - oldGeneratedFile, D:\Download\DeleteThis\STMG4Master\Core\Inc\stm32g4xx_it.h_save
2024-06-21 00:44:45,362 [INFO] CodeEngine:279 - Generated code: D:\Download\DeleteThis\STMG4Master\Core\Inc\stm32g4xx_it.h
2024-06-21 00:44:45,374 [INFO] CodeEngine:255 - oldGeneratedFile, D:\Download\DeleteThis\STMG4Master\Core\Src\stm32g4xx_hal_msp.c_save
2024-06-21 00:44:45,439 [INFO] CodeEngine:279 - Generated code: D:\Download\DeleteThis\STMG4Master\Core\Src\stm32g4xx_hal_msp.c
2024-06-21 00:44:45,441 [INFO] CodeEngine:255 - oldGeneratedFile, D:\Download\DeleteThis\STMG4Master\MXTmpFiles\system.tmp_save
2024-06-21 00:44:45,480 [INFO] CodeEngine:279 - Generated code: D:\Download\DeleteThis\STMG4Master\MXTmpFiles\system.tmp
2024-06-21 00:44:45,490 [INFO] CodeEngine:311 - oldGeneratedFile, D:\Download\DeleteThis\STMG4Master\Core\Inc\stm32g4xx_hal_conf.h_save
2024-06-21 00:44:45,544 [INFO] CodeEngine:335 - Generated code: D:\Download\DeleteThis\STMG4Master\Core\Inc\stm32g4xx_hal_conf.h
2024-06-21 00:44:45,559 [WARN] IPConfigManager:2982 - Warning: the RefConfig RCC_CommonPeriphClockConfig is not available in your config.xml file
2024-06-21 00:44:45,570 [INFO] CodeEngine:255 - oldGeneratedFile, D:\Download\DeleteThis\STMG4Master\Core\Inc\main.h_save
2024-06-21 00:44:45,632 [INFO] CodeEngine:279 - Generated code: D:\Download\DeleteThis\STMG4Master\Core\Inc\main.h
2024-06-21 00:44:45,639 [INFO] CodeEngine:255 - oldGeneratedFile, D:\Download\DeleteThis\STMG4Master\Core\Src\main.c_save
2024-06-21 00:44:45,708 [INFO] CodeEngine:279 - Generated code: D:\Download\DeleteThis\STMG4Master\Core\Src\main.c
2024-06-21 00:44:45,910 [INFO] ProjectBuilder:3163 - Time for Copy HAL[1] : 86mS.
2024-06-21 00:44:45,912 [INFO] ProjectBuilder:4736 - Project Generator version: 4.3.0-B58
2024-06-21 00:44:45,948 [INFO] ConfigFileManager:1503 - The Die is : DIE469
2024-06-21 00:44:46,417 [INFO] ProjectBuilder:5002 - Time for Generating toolchain IDE Files: 505mS.
2024-06-21 00:44:46,418 [INFO] ProjectBuilder:3034 - Time for Copy CMSIS : 1mS.
2024-06-21 00:44:46,419 [INFO] ProjectBuilder:3034 - Time for Copy CMSIS : 0mS.
2024-06-21 00:49:35,142 [INFO] UtilMem:75 - End SaveConfig() Used Memory: 894503528 Bytes (1073741824)
2024-06-21 00:49:36,594 [INFO] UtilMem:75 - End SaveConfig() Used Memory: 387076400 Bytes (1073741824)
2024-06-21 00:49:37,518 [INFO] UtilMem:75 - End SaveConfig() Used Memory: 509106672 Bytes (1073741824)
2024-06-21 00:49:37,656 [INFO] BlockDiagram:2759 - set Specific Code input for plugin: ADC
2024-06-21 00:49:37,656 [INFO] BlockDiagram:2759 - set Specific Code input for plugin: SYS
2024-06-21 00:49:37,656 [INFO] BlockDiagram:2759 - set Specific Code input for plugin: RCC
2024-06-21 00:49:37,656 [INFO] BlockDiagram:2759 - set Specific Code input for plugin: NVIC
2024-06-21 00:49:37,656 [INFO] BlockDiagram:2759 - set Specific Code input for plugin: GPIO
2024-06-21 00:49:37,657 [INFO] CodeGenerator:807 - code generatio: config db path: C:\ST\STM32CubeIDE_1.10.1\STM32CubeIDE\plugins\com.st.stm32cube.common.mx_6.11.1.202404110753\\db\
2024-06-21 00:49:37,708 [INFO] CodeEngine:255 - oldGeneratedFile, D:\Download\DeleteThis\STMG4Master\MXTmpFiles\license.tmp_save
2024-06-21 00:49:37,757 [INFO] CodeEngine:279 - Generated code: D:\Download\DeleteThis\STMG4Master\MXTmpFiles\license.tmp
2024-06-21 00:49:37,769 [INFO] CodeEngine:255 - oldGeneratedFile, D:\Download\DeleteThis\STMG4Master\MXTmpFiles\gpio.tmp_save
2024-06-21 00:49:37,829 [INFO] CodeEngine:279 - Generated code: D:\Download\DeleteThis\STMG4Master\MXTmpFiles\gpio.tmp
2024-06-21 00:49:37,859 [INFO] CodeEngine:255 - oldGeneratedFile, D:\Download\DeleteThis\STMG4Master\Core\Src\stm32g4xx_it.c_save
2024-06-21 00:49:37,909 [INFO] CodeEngine:279 - Generated code: D:\Download\DeleteThis\STMG4Master\Core\Src\stm32g4xx_it.c
2024-06-21 00:49:37,917 [INFO] CodeEngine:255 - oldGeneratedFile, D:\Download\DeleteThis\STMG4Master\Core\Inc\stm32g4xx_it.h_save
2024-06-21 00:49:37,949 [INFO] CodeEngine:279 - Generated code: D:\Download\DeleteThis\STMG4Master\Core\Inc\stm32g4xx_it.h
2024-06-21 00:49:37,961 [INFO] CodeEngine:255 - oldGeneratedFile, D:\Download\DeleteThis\STMG4Master\Core\Src\stm32g4xx_hal_msp.c_save
2024-06-21 00:49:38,006 [INFO] CodeEngine:279 - Generated code: D:\Download\DeleteThis\STMG4Master\Core\Src\stm32g4xx_hal_msp.c
2024-06-21 00:49:38,008 [INFO] CodeEngine:255 - oldGeneratedFile, D:\Download\DeleteThis\STMG4Master\MXTmpFiles\system.tmp_save
2024-06-21 00:49:38,039 [INFO] CodeEngine:279 - Generated code: D:\Download\DeleteThis\STMG4Master\MXTmpFiles\system.tmp
2024-06-21 00:49:38,048 [INFO] CodeEngine:311 - oldGeneratedFile, D:\Download\DeleteThis\STMG4Master\Core\Inc\stm32g4xx_hal_conf.h_save
2024-06-21 00:49:38,120 [INFO] CodeEngine:335 - Generated code: D:\Download\DeleteThis\STMG4Master\Core\Inc\stm32g4xx_hal_conf.h
2024-06-21 00:49:38,131 [WARN] IPConfigManager:2982 - Warning: the RefConfig RCC_CommonPeriphClockConfig is not available in your config.xml file
2024-06-21 00:49:38,140 [INFO] CodeEngine:255 - oldGeneratedFile, D:\Download\DeleteThis\STMG4Master\Core\Inc\main.h_save
2024-06-21 00:49:38,187 [INFO] CodeEngine:279 - Generated code: D:\Download\DeleteThis\STMG4Master\Core\Inc\main.h
2024-06-21 00:49:38,195 [INFO] CodeEngine:255 - oldGeneratedFile, D:\Download\DeleteThis\STMG4Master\Core\Src\main.c_save
2024-06-21 00:49:38,257 [INFO] CodeEngine:279 - Generated code: D:\Download\DeleteThis\STMG4Master\Core\Src\main.c
2024-06-21 00:49:38,404 [INFO] ProjectBuilder:3163 - Time for Copy HAL[1] : 68mS.
2024-06-21 00:49:38,405 [INFO] ProjectBuilder:4736 - Project Generator version: 4.3.0-B58
2024-06-21 00:49:38,445 [INFO] ConfigFileManager:1503 - The Die is : DIE469
2024-06-21 00:49:38,835 [INFO] ProjectBuilder:5002 - Time for Generating toolchain IDE Files: 430mS.
2024-06-21 00:49:38,836 [INFO] ProjectBuilder:3034 - Time for Copy CMSIS : 0mS.
2024-06-21 00:49:38,837 [INFO] ProjectBuilder:3034 - Time for Copy CMSIS : 0mS.
2024-06-21 00:56:33,025 [INFO] Gpio:277 - dependency for GPIO []
2024-06-21 01:08:11,546 [INFO] Gpio:277 - dependency for GPIO []
2024-06-21 01:08:22,892 [INFO] Gpio:277 - dependency for GPIO []
2024-06-21 01:08:24,251 [INFO] UtilMem:75 - End SaveConfig() Used Memory: 938635744 Bytes (1073741824)
2024-06-21 01:08:25,434 [INFO] UtilMem:75 - End SaveConfig() Used Memory: 351432032 Bytes (1073741824)
2024-06-21 01:08:26,721 [INFO] UtilMem:75 - End SaveConfig() Used Memory: 387568432 Bytes (1073741824)
2024-06-21 01:08:26,810 [INFO] BlockDiagram:2759 - set Specific Code input for plugin: ADC
2024-06-21 01:08:26,810 [INFO] BlockDiagram:2759 - set Specific Code input for plugin: SYS
2024-06-21 01:08:26,810 [INFO] BlockDiagram:2759 - set Specific Code input for plugin: RCC
2024-06-21 01:08:26,810 [INFO] BlockDiagram:2759 - set Specific Code input for plugin: NVIC
2024-06-21 01:08:26,811 [INFO] BlockDiagram:2759 - set Specific Code input for plugin: GPIO
2024-06-21 01:08:26,812 [INFO] CodeGenerator:807 - code generatio: config db path: C:\ST\STM32CubeIDE_1.10.1\STM32CubeIDE\plugins\com.st.stm32cube.common.mx_6.11.1.202404110753\\db\
2024-06-21 01:08:26,851 [INFO] CodeEngine:255 - oldGeneratedFile, D:\Download\DeleteThis\STMG4Master\MXTmpFiles\license.tmp_save
2024-06-21 01:08:26,906 [INFO] CodeEngine:279 - Generated code: D:\Download\DeleteThis\STMG4Master\MXTmpFiles\license.tmp
2024-06-21 01:08:26,919 [INFO] CodeEngine:255 - oldGeneratedFile, D:\Download\DeleteThis\STMG4Master\MXTmpFiles\gpio.tmp_save
2024-06-21 01:08:26,980 [INFO] CodeEngine:279 - Generated code: D:\Download\DeleteThis\STMG4Master\MXTmpFiles\gpio.tmp
2024-06-21 01:08:27,017 [INFO] CodeEngine:255 - oldGeneratedFile, D:\Download\DeleteThis\STMG4Master\Core\Src\stm32g4xx_it.c_save
2024-06-21 01:08:27,107 [INFO] CodeEngine:279 - Generated code: D:\Download\DeleteThis\STMG4Master\Core\Src\stm32g4xx_it.c
2024-06-21 01:08:27,114 [INFO] CodeEngine:255 - oldGeneratedFile, D:\Download\DeleteThis\STMG4Master\Core\Inc\stm32g4xx_it.h_save
2024-06-21 01:08:27,145 [INFO] CodeEngine:279 - Generated code: D:\Download\DeleteThis\STMG4Master\Core\Inc\stm32g4xx_it.h
2024-06-21 01:08:27,156 [INFO] CodeEngine:255 - oldGeneratedFile, D:\Download\DeleteThis\STMG4Master\Core\Src\stm32g4xx_hal_msp.c_save
2024-06-21 01:08:27,208 [INFO] CodeEngine:279 - Generated code: D:\Download\DeleteThis\STMG4Master\Core\Src\stm32g4xx_hal_msp.c
2024-06-21 01:08:27,210 [INFO] CodeEngine:255 - oldGeneratedFile, D:\Download\DeleteThis\STMG4Master\MXTmpFiles\system.tmp_save
2024-06-21 01:08:27,239 [INFO] CodeEngine:279 - Generated code: D:\Download\DeleteThis\STMG4Master\MXTmpFiles\system.tmp
2024-06-21 01:08:27,249 [INFO] CodeEngine:311 - oldGeneratedFile, D:\Download\DeleteThis\STMG4Master\Core\Inc\stm32g4xx_hal_conf.h_save
2024-06-21 01:08:27,303 [INFO] CodeEngine:335 - Generated code: D:\Download\DeleteThis\STMG4Master\Core\Inc\stm32g4xx_hal_conf.h
2024-06-21 01:08:27,315 [WARN] IPConfigManager:2982 - Warning: the RefConfig RCC_CommonPeriphClockConfig is not available in your config.xml file
2024-06-21 01:08:27,325 [INFO] CodeEngine:255 - oldGeneratedFile, D:\Download\DeleteThis\STMG4Master\Core\Inc\main.h_save
2024-06-21 01:08:27,379 [INFO] CodeEngine:279 - Generated code: D:\Download\DeleteThis\STMG4Master\Core\Inc\main.h
2024-06-21 01:08:27,387 [INFO] CodeEngine:255 - oldGeneratedFile, D:\Download\DeleteThis\STMG4Master\Core\Src\main.c_save
2024-06-21 01:08:27,450 [INFO] CodeEngine:279 - Generated code: D:\Download\DeleteThis\STMG4Master\Core\Src\main.c
2024-06-21 01:08:27,602 [INFO] ProjectBuilder:3163 - Time for Copy HAL[1] : 65mS.
2024-06-21 01:08:27,603 [INFO] ProjectBuilder:4736 - Project Generator version: 4.3.0-B58
2024-06-21 01:08:27,643 [INFO] ConfigFileManager:1503 - The Die is : DIE469
2024-06-21 01:08:28,022 [INFO] ProjectBuilder:5002 - Time for Generating toolchain IDE Files: 419mS.
2024-06-21 01:08:28,022 [INFO] ProjectBuilder:3034 - Time for Copy CMSIS : 0mS.
2024-06-21 01:08:28,023 [INFO] ProjectBuilder:3034 - Time for Copy CMSIS : 0mS.
2024-06-21 01:21:52,790 [ERROR] LogOutputStream:75 - [STDERR_REDIRECT] 
2024-06-21 01:21:52,791 [ERROR] LogOutputStream:75 - [STDERR_REDIRECT] 
