2024-06-20 00:37:34,219 [INFO] ADCParametersView:116 -                Rank 1 : false
2024-06-20 00:37:34,259 [INFO] ADCParametersView:116 -                Rank 1 : false
2024-06-20 00:37:34,259 [INFO] ADCParametersView:116 -                Rank 1 : false
2024-06-20 00:37:34,259 [INFO] ADCParametersView:116 -                Rank 1 : false
2024-06-20 00:37:34,260 [INFO] ADCParametersView:116 -                Rank 1 : false
2024-06-20 00:37:34,260 [INFO] ADCParametersView:116 -                Rank 1 : false
2024-06-20 00:37:34,260 [INFO] ADCParametersView:116 -                Rank 1 : false
2024-06-20 00:37:34,260 [INFO] ADCParametersView:116 -                Rank 1 : false
2024-06-20 00:37:34,260 [INFO] ADCParametersView:116 -                Rank 1 : false
2024-06-20 00:37:34,260 [INFO] ADCParametersView:116 -                Rank 1 : false
2024-06-20 00:37:34,260 [INFO] ADCParametersView:116 -                Rank 1 : false
2024-06-20 00:37:34,260 [INFO] ADCParametersView:116 -                Rank 1 : false
2024-06-20 00:37:34,260 [INFO] ADCParametersView:116 -                Rank 1 : false
2024-06-20 00:37:34,260 [INFO] ADCParametersView:116 -                Rank 1 : false
2024-06-20 00:37:34,260 [INFO] ADCParametersView:116 -                Rank 1 : false
2024-06-20 00:37:34,260 [INFO] ADCParametersView:116 -                Rank 1 : false
2024-06-20 00:37:34,260 [INFO] ADCParametersView:116 -                Rank 1 : false
2024-06-20 00:37:34,260 [INFO] ADCParametersView:116 -                Rank 1 : false
2024-06-20 00:37:34,260 [INFO] ADCParametersView:116 -                Rank 1 : false
2024-06-20 00:37:34,260 [INFO] ADCParametersView:116 -                Rank 1 : false
2024-06-20 00:37:34,260 [INFO] ADCParametersView:116 -                Rank 1 : false
2024-06-20 00:37:34,260 [INFO] ADCParametersView:116 -                Rank 1 : false
2024-06-20 00:37:34,267 [INFO] ADCParametersView:116 -                Rank 1 : false
2024-06-20 00:37:34,336 [INFO] NvicIntPanel:101 - NVIC parent = com.st.microxplorer.plugins.ip.nvic.MultiNvicIntPanel[,0,0,0x0,invalid,layout=javax.swing.BoxLayout,alignmentX=0.0,alignmentY=0.0,border=,flags=9,maximumSize=,minimumSize=,preferredSize=]
2024-06-20 00:37:34,416 [INFO] NvicIntPanel:101 - NVIC parent = com.st.microxplorer.plugins.ip.nvic.MultiNvicIntPanel[,0,0,0x0,invalid,layout=javax.swing.BoxLayout,alignmentX=0.0,alignmentY=0.0,border=,flags=9,maximumSize=,minimumSize=,preferredSize=]
2024-06-20 00:37:34,489 [INFO] NvicIntPanel:101 - NVIC parent = com.st.microxplorer.plugins.ip.nvic.MultiNvicIntPanel[,0,0,0x0,invalid,layout=javax.swing.BoxLayout,alignmentX=0.0,alignmentY=0.0,border=,flags=9,maximumSize=,minimumSize=,preferredSize=]
2024-06-20 00:37:34,560 [INFO] NvicIntPanel:101 - NVIC parent = com.st.microxplorer.plugins.ip.nvic.MultiNvicIntPanel[,0,0,0x0,invalid,layout=javax.swing.BoxLayout,alignmentX=0.0,alignmentY=0.0,border=,flags=9,maximumSize=,minimumSize=,preferredSize=]
2024-06-20 00:37:34,592 [INFO] ADCParametersView:116 -                Rank 1 : false
2024-06-20 00:37:34,593 [INFO] ADCParametersView:116 -                Rank 1 : false
2024-06-20 00:37:34,593 [INFO] ADCParametersView:116 -                Rank 1 : false
2024-06-20 00:37:34,593 [INFO] ADCParametersView:116 -                Rank 1 : false
2024-06-20 00:37:34,593 [INFO] ADCParametersView:116 -                Rank 1 : false
2024-06-20 00:37:34,593 [INFO] ADCParametersView:116 -                Rank 1 : false
2024-06-20 00:37:34,593 [INFO] ADCParametersView:116 -                Rank 1 : false
2024-06-20 00:37:34,593 [INFO] ADCParametersView:116 -                Rank 1 : false
2024-06-20 00:37:34,593 [INFO] ADCParametersView:116 -                Rank 1 : false
2024-06-20 00:37:34,593 [INFO] ADCParametersView:116 -                Rank 1 : false
2024-06-20 00:37:34,593 [INFO] ADCParametersView:116 -                Rank 1 : false
2024-06-20 00:37:34,593 [INFO] ADCParametersView:116 -                Rank 1 : false
2024-06-20 00:37:34,593 [INFO] ADCParametersView:116 -                Rank 1 : false
2024-06-20 00:37:34,593 [INFO] ADCParametersView:116 -                Rank 1 : false
2024-06-20 00:37:34,593 [INFO] ADCParametersView:116 -                Rank 1 : false
2024-06-20 00:37:34,593 [INFO] ADCParametersView:116 -                Rank 1 : false
2024-06-20 00:37:34,593 [INFO] ADCParametersView:116 -                Rank 1 : false
2024-06-20 00:37:34,593 [INFO] ADCParametersView:116 -                Rank 1 : false
2024-06-20 00:37:34,593 [INFO] ADCParametersView:116 -                Rank 1 : false
2024-06-20 00:37:34,593 [INFO] ADCParametersView:116 -                Rank 1 : false
2024-06-20 00:37:34,593 [INFO] ADCParametersView:116 -                Rank 1 : false
2024-06-20 00:37:34,599 [INFO] ADCParametersView:116 -                Rank 1 : false
2024-06-20 00:37:34,609 [INFO] ADCParametersView:116 -                Rank 1 : false
2024-06-20 00:37:34,609 [INFO] ADCParametersView:116 -                Rank 1 : false
2024-06-20 00:37:34,609 [INFO] ADCParametersView:116 -                Rank 1 : false
2024-06-20 00:37:34,610 [INFO] ADCParametersView:116 -                Rank 1 : false
2024-06-20 00:37:34,610 [INFO] ADCParametersView:116 -                Rank 1 : false
2024-06-20 00:37:34,610 [INFO] ADCParametersView:116 -                Rank 1 : false
2024-06-20 00:37:34,610 [INFO] ADCParametersView:116 -                Rank 1 : false
2024-06-20 00:37:34,610 [INFO] ADCParametersView:116 -                Rank 1 : false
2024-06-20 00:37:34,610 [INFO] ADCParametersView:116 -                Rank 1 : false
2024-06-20 00:37:34,610 [INFO] ADCParametersView:116 -                Rank 1 : false
2024-06-20 00:37:34,610 [INFO] ADCParametersView:116 -                Rank 1 : false
2024-06-20 00:37:34,610 [INFO] ADCParametersView:116 -                Rank 1 : false
2024-06-20 00:37:34,610 [INFO] ADCParametersView:116 -                Rank 1 : false
2024-06-20 00:37:34,610 [INFO] ADCParametersView:116 -                Rank 1 : false
2024-06-20 00:37:34,610 [INFO] ADCParametersView:116 -                Rank 1 : false
2024-06-20 00:37:34,610 [INFO] ADCParametersView:116 -                Rank 1 : false
2024-06-20 00:37:34,610 [INFO] ADCParametersView:116 -                Rank 1 : false
2024-06-20 00:37:34,610 [INFO] ADCParametersView:116 -                Rank 1 : false
2024-06-20 00:37:34,610 [INFO] ADCParametersView:116 -                Rank 1 : false
2024-06-20 00:37:34,610 [INFO] ADCParametersView:116 -                Rank 1 : false
2024-06-20 00:37:34,610 [INFO] ADCParametersView:116 -                Rank 1 : false
2024-06-20 00:37:34,616 [INFO] ADCParametersView:116 -                Rank 1 : false
2024-06-20 00:37:43,309 [INFO] ADCParametersView:116 -                Rank 1 : false
2024-06-20 00:37:43,324 [INFO] ADCParametersView:116 -                Rank 1 : false
2024-06-20 00:37:43,324 [INFO] ADCParametersView:116 -                Rank 1 : false
2024-06-20 00:37:43,324 [INFO] ADCParametersView:116 -                Rank 1 : false
2024-06-20 00:37:43,324 [INFO] ADCParametersView:116 -                Rank 1 : false
2024-06-20 00:37:43,324 [INFO] ADCParametersView:116 -                Rank 1 : false
2024-06-20 00:37:43,324 [INFO] ADCParametersView:116 -                Rank 1 : false
2024-06-20 00:37:43,325 [INFO] ADCParametersView:116 -                Rank 1 : false
2024-06-20 00:37:43,325 [INFO] ADCParametersView:116 -                Rank 1 : false
2024-06-20 00:37:43,325 [INFO] ADCParametersView:116 -                Rank 1 : false
2024-06-20 00:37:43,325 [INFO] ADCParametersView:116 -                Rank 1 : false
2024-06-20 00:37:43,325 [INFO] ADCParametersView:116 -                Rank 1 : false
2024-06-20 00:37:43,325 [INFO] ADCParametersView:116 -                Rank 1 : false
2024-06-20 00:37:43,325 [INFO] ADCParametersView:116 -                Rank 1 : false
2024-06-20 00:37:43,325 [INFO] ADCParametersView:116 -                Rank 1 : false
2024-06-20 00:37:43,325 [INFO] ADCParametersView:116 -                Rank 1 : false
2024-06-20 00:37:43,325 [INFO] ADCParametersView:116 -                Rank 1 : false
2024-06-20 00:37:43,325 [INFO] ADCParametersView:116 -                Rank 1 : false
2024-06-20 00:37:43,325 [INFO] ADCParametersView:116 -                Rank 1 : false
2024-06-20 00:37:43,325 [INFO] ADCParametersView:116 -                Rank 1 : false
2024-06-20 00:37:43,325 [INFO] ADCParametersView:116 -                Rank 1 : false
2024-06-20 00:37:43,325 [INFO] ADCParametersView:116 -                Rank 1 : false
2024-06-20 00:37:43,331 [INFO] ADCParametersView:116 -                Rank 1 : false
2024-06-20 00:37:43,395 [INFO] NvicIntPanel:101 - NVIC parent = com.st.microxplorer.plugins.ip.nvic.MultiNvicIntPanel[,0,0,0x0,invalid,layout=javax.swing.BoxLayout,alignmentX=0.0,alignmentY=0.0,border=,flags=9,maximumSize=,minimumSize=,preferredSize=]
2024-06-20 00:37:43,463 [INFO] NvicIntPanel:101 - NVIC parent = com.st.microxplorer.plugins.ip.nvic.MultiNvicIntPanel[,0,0,0x0,invalid,layout=javax.swing.BoxLayout,alignmentX=0.0,alignmentY=0.0,border=,flags=9,maximumSize=,minimumSize=,preferredSize=]
2024-06-20 00:37:43,560 [INFO] NvicIntPanel:101 - NVIC parent = com.st.microxplorer.plugins.ip.nvic.MultiNvicIntPanel[,0,0,0x0,invalid,layout=javax.swing.BoxLayout,alignmentX=0.0,alignmentY=0.0,border=,flags=9,maximumSize=,minimumSize=,preferredSize=]
2024-06-20 00:37:43,647 [INFO] NvicIntPanel:101 - NVIC parent = com.st.microxplorer.plugins.ip.nvic.MultiNvicIntPanel[,0,0,0x0,invalid,layout=javax.swing.BoxLayout,alignmentX=0.0,alignmentY=0.0,border=,flags=9,maximumSize=,minimumSize=,preferredSize=]
2024-06-20 00:37:43,678 [INFO] ADCParametersView:116 -                Rank 1 : false
2024-06-20 00:37:43,678 [INFO] ADCParametersView:116 -                Rank 1 : false
2024-06-20 00:37:43,678 [INFO] ADCParametersView:116 -                Rank 1 : false
2024-06-20 00:37:43,678 [INFO] ADCParametersView:116 -                Rank 1 : false
2024-06-20 00:37:43,678 [INFO] ADCParametersView:116 -                Rank 1 : false
2024-06-20 00:37:43,679 [INFO] ADCParametersView:116 -                Rank 1 : false
2024-06-20 00:37:43,679 [INFO] ADCParametersView:116 -                Rank 1 : false
2024-06-20 00:37:43,679 [INFO] ADCParametersView:116 -                Rank 1 : false
2024-06-20 00:37:43,679 [INFO] ADCParametersView:116 -                Rank 1 : false
2024-06-20 00:37:43,679 [INFO] ADCParametersView:116 -                Rank 1 : false
2024-06-20 00:37:43,679 [INFO] ADCParametersView:116 -                Rank 1 : false
2024-06-20 00:37:43,679 [INFO] ADCParametersView:116 -                Rank 1 : false
2024-06-20 00:37:43,679 [INFO] ADCParametersView:116 -                Rank 1 : false
2024-06-20 00:37:43,679 [INFO] ADCParametersView:116 -                Rank 1 : false
2024-06-20 00:37:43,679 [INFO] ADCParametersView:116 -                Rank 1 : false
2024-06-20 00:37:43,679 [INFO] ADCParametersView:116 -                Rank 1 : false
2024-06-20 00:37:43,679 [INFO] ADCParametersView:116 -                Rank 1 : false
2024-06-20 00:37:43,679 [INFO] ADCParametersView:116 -                Rank 1 : false
2024-06-20 00:37:43,679 [INFO] ADCParametersView:116 -                Rank 1 : false
2024-06-20 00:37:43,679 [INFO] ADCParametersView:116 -                Rank 1 : false
2024-06-20 00:37:43,679 [INFO] ADCParametersView:116 -                Rank 1 : false
2024-06-20 00:37:43,684 [INFO] ADCParametersView:116 -                Rank 1 : false
2024-06-20 00:37:43,696 [INFO] ADCParametersView:116 -                Rank 1 : false
2024-06-20 00:37:43,696 [INFO] ADCParametersView:116 -                Rank 1 : false
2024-06-20 00:37:43,696 [INFO] ADCParametersView:116 -                Rank 1 : false
2024-06-20 00:37:43,696 [INFO] ADCParametersView:116 -                Rank 1 : false
2024-06-20 00:37:43,696 [INFO] ADCParametersView:116 -                Rank 1 : false
2024-06-20 00:37:43,696 [INFO] ADCParametersView:116 -                Rank 1 : false
2024-06-20 00:37:43,696 [INFO] ADCParametersView:116 -                Rank 1 : false
2024-06-20 00:37:43,696 [INFO] ADCParametersView:116 -                Rank 1 : false
2024-06-20 00:37:43,696 [INFO] ADCParametersView:116 -                Rank 1 : false
2024-06-20 00:37:43,696 [INFO] ADCParametersView:116 -                Rank 1 : false
2024-06-20 00:37:43,696 [INFO] ADCParametersView:116 -                Rank 1 : false
2024-06-20 00:37:43,696 [INFO] ADCParametersView:116 -                Rank 1 : false
2024-06-20 00:37:43,696 [INFO] ADCParametersView:116 -                Rank 1 : false
2024-06-20 00:37:43,696 [INFO] ADCParametersView:116 -                Rank 1 : false
2024-06-20 00:37:43,696 [INFO] ADCParametersView:116 -                Rank 1 : false
2024-06-20 00:37:43,696 [INFO] ADCParametersView:116 -                Rank 1 : false
2024-06-20 00:37:43,696 [INFO] ADCParametersView:116 -                Rank 1 : false
2024-06-20 00:37:43,696 [INFO] ADCParametersView:116 -                Rank 1 : false
2024-06-20 00:37:43,696 [INFO] ADCParametersView:116 -                Rank 1 : false
2024-06-20 00:37:43,697 [INFO] ADCParametersView:116 -                Rank 1 : false
2024-06-20 00:37:43,697 [INFO] ADCParametersView:116 -                Rank 1 : false
2024-06-20 00:37:43,705 [INFO] ADCParametersView:116 -                Rank 1 : false
2024-06-20 00:37:47,934 [INFO] ADCParametersView:116 -                Rank 1 : false
2024-06-20 00:37:47,946 [INFO] ADCParametersView:116 -                Rank 1 : false
2024-06-20 00:37:47,947 [INFO] ADCParametersView:116 -                Rank 1 : false
2024-06-20 00:37:47,947 [INFO] ADCParametersView:116 -                Rank 1 : false
2024-06-20 00:37:47,947 [INFO] ADCParametersView:116 -                Rank 1 : false
2024-06-20 00:37:47,947 [INFO] ADCParametersView:116 -                Rank 1 : false
2024-06-20 00:37:47,947 [INFO] ADCParametersView:116 -                Rank 1 : false
2024-06-20 00:37:47,947 [INFO] ADCParametersView:116 -                Rank 1 : false
2024-06-20 00:37:47,947 [INFO] ADCParametersView:116 -                Rank 1 : false
2024-06-20 00:37:47,947 [INFO] ADCParametersView:116 -                Rank 1 : false
2024-06-20 00:37:47,947 [INFO] ADCParametersView:116 -                Rank 1 : false
2024-06-20 00:37:47,947 [INFO] ADCParametersView:116 -                Rank 1 : false
2024-06-20 00:37:47,947 [INFO] ADCParametersView:116 -                Rank 1 : false
2024-06-20 00:37:47,947 [INFO] ADCParametersView:116 -                Rank 1 : false
2024-06-20 00:37:47,947 [INFO] ADCParametersView:116 -                Rank 1 : false
2024-06-20 00:37:47,947 [INFO] ADCParametersView:116 -                Rank 1 : false
2024-06-20 00:37:47,947 [INFO] ADCParametersView:116 -                Rank 1 : false
2024-06-20 00:37:47,947 [INFO] ADCParametersView:116 -                Rank 1 : false
2024-06-20 00:37:47,947 [INFO] ADCParametersView:116 -                Rank 1 : false
2024-06-20 00:37:47,947 [INFO] ADCParametersView:116 -                Rank 1 : false
2024-06-20 00:37:47,947 [INFO] ADCParametersView:116 -                Rank 1 : false
2024-06-20 00:37:47,947 [INFO] ADCParametersView:116 -                Rank 1 : false
2024-06-20 00:37:47,953 [INFO] ADCParametersView:116 -                Rank 1 : false
2024-06-20 00:37:48,042 [INFO] NvicIntPanel:101 - NVIC parent = com.st.microxplorer.plugins.ip.nvic.MultiNvicIntPanel[,0,0,0x0,invalid,layout=javax.swing.BoxLayout,alignmentX=0.0,alignmentY=0.0,border=,flags=9,maximumSize=,minimumSize=,preferredSize=]
2024-06-20 00:37:48,124 [INFO] NvicIntPanel:101 - NVIC parent = com.st.microxplorer.plugins.ip.nvic.MultiNvicIntPanel[,0,0,0x0,invalid,layout=javax.swing.BoxLayout,alignmentX=0.0,alignmentY=0.0,border=,flags=9,maximumSize=,minimumSize=,preferredSize=]
2024-06-20 00:37:48,228 [INFO] NvicIntPanel:101 - NVIC parent = com.st.microxplorer.plugins.ip.nvic.MultiNvicIntPanel[,0,0,0x0,invalid,layout=javax.swing.BoxLayout,alignmentX=0.0,alignmentY=0.0,border=,flags=9,maximumSize=,minimumSize=,preferredSize=]
2024-06-20 00:37:48,320 [INFO] NvicIntPanel:101 - NVIC parent = com.st.microxplorer.plugins.ip.nvic.MultiNvicIntPanel[,0,0,0x0,invalid,layout=javax.swing.BoxLayout,alignmentX=0.0,alignmentY=0.0,border=,flags=9,maximumSize=,minimumSize=,preferredSize=]
2024-06-20 00:37:48,385 [INFO] ADCParametersView:116 -                Rank 1 : false
2024-06-20 00:37:48,385 [INFO] ADCParametersView:116 -                Rank 1 : false
2024-06-20 00:37:48,385 [INFO] ADCParametersView:116 -                Rank 1 : false
2024-06-20 00:37:48,385 [INFO] ADCParametersView:116 -                Rank 1 : false
2024-06-20 00:37:48,385 [INFO] ADCParametersView:116 -                Rank 1 : false
2024-06-20 00:37:48,385 [INFO] ADCParametersView:116 -                Rank 1 : false
2024-06-20 00:37:48,385 [INFO] ADCParametersView:116 -                Rank 1 : false
2024-06-20 00:37:48,385 [INFO] ADCParametersView:116 -                Rank 1 : false
2024-06-20 00:37:48,385 [INFO] ADCParametersView:116 -                Rank 1 : false
2024-06-20 00:37:48,386 [INFO] ADCParametersView:116 -                Rank 1 : false
2024-06-20 00:37:48,386 [INFO] ADCParametersView:116 -                Rank 1 : false
2024-06-20 00:37:48,386 [INFO] ADCParametersView:116 -                Rank 1 : false
2024-06-20 00:37:48,386 [INFO] ADCParametersView:116 -                Rank 1 : false
2024-06-20 00:37:48,386 [INFO] ADCParametersView:116 -                Rank 1 : false
2024-06-20 00:37:48,386 [INFO] ADCParametersView:116 -                Rank 1 : false
2024-06-20 00:37:48,386 [INFO] ADCParametersView:116 -                Rank 1 : false
2024-06-20 00:37:48,386 [INFO] ADCParametersView:116 -                Rank 1 : false
2024-06-20 00:37:48,386 [INFO] ADCParametersView:116 -                Rank 1 : false
2024-06-20 00:37:48,386 [INFO] ADCParametersView:116 -                Rank 1 : false
2024-06-20 00:37:48,386 [INFO] ADCParametersView:116 -                Rank 1 : false
2024-06-20 00:37:48,386 [INFO] ADCParametersView:116 -                Rank 1 : false
2024-06-20 00:37:48,392 [INFO] ADCParametersView:116 -                Rank 1 : false
2024-06-20 00:37:48,401 [INFO] ADCParametersView:116 -                Rank 1 : false
2024-06-20 00:37:48,401 [INFO] ADCParametersView:116 -                Rank 1 : false
2024-06-20 00:37:48,401 [INFO] ADCParametersView:116 -                Rank 1 : false
2024-06-20 00:37:48,401 [INFO] ADCParametersView:116 -                Rank 1 : false
2024-06-20 00:37:48,401 [INFO] ADCParametersView:116 -                Rank 1 : false
2024-06-20 00:37:48,401 [INFO] ADCParametersView:116 -                Rank 1 : false
2024-06-20 00:37:48,401 [INFO] ADCParametersView:116 -                Rank 1 : false
2024-06-20 00:37:48,401 [INFO] ADCParametersView:116 -                Rank 1 : false
2024-06-20 00:37:48,401 [INFO] ADCParametersView:116 -                Rank 1 : false
2024-06-20 00:37:48,401 [INFO] ADCParametersView:116 -                Rank 1 : false
2024-06-20 00:37:48,401 [INFO] ADCParametersView:116 -                Rank 1 : false
2024-06-20 00:37:48,401 [INFO] ADCParametersView:116 -                Rank 1 : false
2024-06-20 00:37:48,401 [INFO] ADCParametersView:116 -                Rank 1 : false
2024-06-20 00:37:48,401 [INFO] ADCParametersView:116 -                Rank 1 : false
2024-06-20 00:37:48,401 [INFO] ADCParametersView:116 -                Rank 1 : false
2024-06-20 00:37:48,402 [INFO] ADCParametersView:116 -                Rank 1 : false
2024-06-20 00:37:48,402 [INFO] ADCParametersView:116 -                Rank 1 : false
2024-06-20 00:37:48,402 [INFO] ADCParametersView:116 -                Rank 1 : false
2024-06-20 00:37:48,402 [INFO] ADCParametersView:116 -                Rank 1 : false
2024-06-20 00:37:48,402 [INFO] ADCParametersView:116 -                Rank 1 : false
2024-06-20 00:37:48,402 [INFO] ADCParametersView:116 -                Rank 1 : false
2024-06-20 00:37:48,408 [INFO] ADCParametersView:116 -                Rank 1 : false
2024-06-20 00:37:57,364 [INFO] ParamManager:896 - [Generic UI] PropertyChangeEvent: TAB_STATUS_CHANGED , "dont care", "never mind"
2024-06-20 00:37:57,387 [INFO] ParamManager:896 - [Generic UI] PropertyChangeEvent: TAB_STATUS_CHANGED , "dont care", "never mind"
2024-06-20 00:37:57,389 [INFO] ADCParametersView:116 -                Rank 1 : false
2024-06-20 00:37:57,401 [INFO] ADCParametersView:116 -                Rank 1 : false
2024-06-20 00:37:57,401 [INFO] ADCParametersView:116 -                Rank 1 : false
2024-06-20 00:37:57,401 [INFO] ADCParametersView:116 -                Rank 1 : false
2024-06-20 00:37:57,401 [INFO] ADCParametersView:116 -                Rank 1 : false
2024-06-20 00:37:57,402 [INFO] ADCParametersView:116 -                Rank 1 : false
2024-06-20 00:37:57,402 [INFO] ADCParametersView:116 -                Rank 1 : false
2024-06-20 00:37:57,402 [INFO] ADCParametersView:116 -                Rank 1 : false
2024-06-20 00:37:57,402 [INFO] ADCParametersView:116 -                Rank 1 : false
2024-06-20 00:37:57,402 [INFO] ADCParametersView:116 -                Rank 1 : false
2024-06-20 00:37:57,402 [INFO] ADCParametersView:116 -                Rank 1 : false
2024-06-20 00:37:57,402 [INFO] ADCParametersView:116 -                Rank 1 : false
2024-06-20 00:37:57,402 [INFO] ADCParametersView:116 -                Rank 1 : false
2024-06-20 00:37:57,402 [INFO] ADCParametersView:116 -                Rank 1 : false
2024-06-20 00:37:57,402 [INFO] ADCParametersView:116 -                Rank 1 : false
2024-06-20 00:37:57,402 [INFO] ADCParametersView:116 -                Rank 1 : false
2024-06-20 00:37:57,402 [INFO] ADCParametersView:116 -                Rank 1 : false
2024-06-20 00:37:57,402 [INFO] ADCParametersView:116 -                Rank 1 : false
2024-06-20 00:37:57,402 [INFO] ADCParametersView:116 -                Rank 1 : false
2024-06-20 00:37:57,402 [INFO] ADCParametersView:116 -                Rank 1 : false
2024-06-20 00:37:57,402 [INFO] ADCParametersView:116 -                Rank 1 : false
2024-06-20 00:37:57,402 [INFO] ADCParametersView:116 -                Rank 1 : false
2024-06-20 00:37:57,407 [INFO] ADCParametersView:116 -                Rank 1 : false
2024-06-20 00:37:57,483 [INFO] NvicIntPanel:101 - NVIC parent = com.st.microxplorer.plugins.ip.nvic.MultiNvicIntPanel[,0,0,0x0,invalid,layout=javax.swing.BoxLayout,alignmentX=0.0,alignmentY=0.0,border=,flags=9,maximumSize=,minimumSize=,preferredSize=]
2024-06-20 00:37:57,562 [INFO] NvicIntPanel:101 - NVIC parent = com.st.microxplorer.plugins.ip.nvic.MultiNvicIntPanel[,0,0,0x0,invalid,layout=javax.swing.BoxLayout,alignmentX=0.0,alignmentY=0.0,border=,flags=9,maximumSize=,minimumSize=,preferredSize=]
2024-06-20 00:37:57,655 [INFO] NvicIntPanel:101 - NVIC parent = com.st.microxplorer.plugins.ip.nvic.MultiNvicIntPanel[,0,0,0x0,invalid,layout=javax.swing.BoxLayout,alignmentX=0.0,alignmentY=0.0,border=,flags=9,maximumSize=,minimumSize=,preferredSize=]
2024-06-20 00:37:57,723 [INFO] ADCParametersView:116 -                Rank 1 : false
2024-06-20 00:37:57,723 [INFO] ADCParametersView:116 -                Rank 1 : false
2024-06-20 00:37:57,723 [INFO] ADCParametersView:116 -                Rank 1 : false
2024-06-20 00:37:57,723 [INFO] ADCParametersView:116 -                Rank 1 : false
2024-06-20 00:37:57,723 [INFO] ADCParametersView:116 -                Rank 1 : false
2024-06-20 00:37:57,723 [INFO] ADCParametersView:116 -                Rank 1 : false
2024-06-20 00:37:57,723 [INFO] ADCParametersView:116 -                Rank 1 : false
2024-06-20 00:37:57,723 [INFO] ADCParametersView:116 -                Rank 1 : false
2024-06-20 00:37:57,723 [INFO] ADCParametersView:116 -                Rank 1 : false
2024-06-20 00:37:57,723 [INFO] ADCParametersView:116 -                Rank 1 : false
2024-06-20 00:37:57,724 [INFO] ADCParametersView:116 -                Rank 1 : false
2024-06-20 00:37:57,724 [INFO] ADCParametersView:116 -                Rank 1 : false
2024-06-20 00:37:57,724 [INFO] ADCParametersView:116 -                Rank 1 : false
2024-06-20 00:37:57,724 [INFO] ADCParametersView:116 -                Rank 1 : false
2024-06-20 00:37:57,724 [INFO] ADCParametersView:116 -                Rank 1 : false
2024-06-20 00:37:57,724 [INFO] ADCParametersView:116 -                Rank 1 : false
2024-06-20 00:37:57,724 [INFO] ADCParametersView:116 -                Rank 1 : false
2024-06-20 00:37:57,724 [INFO] ADCParametersView:116 -                Rank 1 : false
2024-06-20 00:37:57,724 [INFO] ADCParametersView:116 -                Rank 1 : false
2024-06-20 00:37:57,724 [INFO] ADCParametersView:116 -                Rank 1 : false
2024-06-20 00:37:57,724 [INFO] ADCParametersView:116 -                Rank 1 : false
2024-06-20 00:37:57,733 [INFO] ADCParametersView:116 -                Rank 1 : false
2024-06-20 00:37:57,748 [INFO] ADCParametersView:116 -                Rank 1 : false
2024-06-20 00:37:57,748 [INFO] ADCParametersView:116 -                Rank 1 : false
2024-06-20 00:37:57,748 [INFO] ADCParametersView:116 -                Rank 1 : false
2024-06-20 00:37:57,748 [INFO] ADCParametersView:116 -                Rank 1 : false
2024-06-20 00:37:57,748 [INFO] ADCParametersView:116 -                Rank 1 : false
2024-06-20 00:37:57,748 [INFO] ADCParametersView:116 -                Rank 1 : false
2024-06-20 00:37:57,748 [INFO] ADCParametersView:116 -                Rank 1 : false
2024-06-20 00:37:57,748 [INFO] ADCParametersView:116 -                Rank 1 : false
2024-06-20 00:37:57,748 [INFO] ADCParametersView:116 -                Rank 1 : false
2024-06-20 00:37:57,748 [INFO] ADCParametersView:116 -                Rank 1 : false
2024-06-20 00:37:57,748 [INFO] ADCParametersView:116 -                Rank 1 : false
2024-06-20 00:37:57,748 [INFO] ADCParametersView:116 -                Rank 1 : false
2024-06-20 00:37:57,748 [INFO] ADCParametersView:116 -                Rank 1 : false
2024-06-20 00:37:57,749 [INFO] ADCParametersView:116 -                Rank 1 : false
2024-06-20 00:37:57,749 [INFO] ADCParametersView:116 -                Rank 1 : false
2024-06-20 00:37:57,749 [INFO] ADCParametersView:116 -                Rank 1 : false
2024-06-20 00:37:57,749 [INFO] ADCParametersView:116 -                Rank 1 : false
2024-06-20 00:37:57,749 [INFO] ADCParametersView:116 -                Rank 1 : false
2024-06-20 00:37:57,749 [INFO] ADCParametersView:116 -                Rank 1 : false
2024-06-20 00:37:57,749 [INFO] ADCParametersView:116 -                Rank 1 : false
2024-06-20 00:37:57,749 [INFO] ADCParametersView:116 -                Rank 1 : false
2024-06-20 00:37:57,759 [INFO] ADCParametersView:116 -                Rank 1 : false
2024-06-20 00:38:04,811 [INFO] ADCParametersView:116 -                Rank 1 : false
2024-06-20 00:38:04,824 [INFO] ADCParametersView:116 -                Rank 1 : false
2024-06-20 00:38:04,824 [INFO] ADCParametersView:116 -                Rank 1 : false
2024-06-20 00:38:04,824 [INFO] ADCParametersView:116 -                Rank 1 : false
2024-06-20 00:38:04,824 [INFO] ADCParametersView:116 -                Rank 1 : false
2024-06-20 00:38:04,824 [INFO] ADCParametersView:116 -                Rank 1 : false
2024-06-20 00:38:04,824 [INFO] ADCParametersView:116 -                Rank 1 : false
2024-06-20 00:38:04,824 [INFO] ADCParametersView:116 -                Rank 1 : false
2024-06-20 00:38:04,824 [INFO] ADCParametersView:116 -                Rank 1 : false
2024-06-20 00:38:04,824 [INFO] ADCParametersView:116 -                Rank 1 : false
2024-06-20 00:38:04,824 [INFO] ADCParametersView:116 -                Rank 1 : false
2024-06-20 00:38:04,824 [INFO] ADCParametersView:116 -                Rank 1 : false
2024-06-20 00:38:04,825 [INFO] ADCParametersView:116 -                Rank 1 : false
2024-06-20 00:38:04,825 [INFO] ADCParametersView:116 -                Rank 1 : false
2024-06-20 00:38:04,825 [INFO] ADCParametersView:116 -                Rank 1 : false
2024-06-20 00:38:04,825 [INFO] ADCParametersView:116 -                Rank 1 : false
2024-06-20 00:38:04,825 [INFO] ADCParametersView:116 -                Rank 1 : false
2024-06-20 00:38:04,825 [INFO] ADCParametersView:116 -                Rank 1 : false
2024-06-20 00:38:04,825 [INFO] ADCParametersView:116 -                Rank 1 : false
2024-06-20 00:38:04,825 [INFO] ADCParametersView:116 -                Rank 1 : false
2024-06-20 00:38:04,825 [INFO] ADCParametersView:116 -                Rank 1 : false
2024-06-20 00:38:04,830 [INFO] ADCParametersView:116 -                Rank 1 : false
2024-06-20 00:38:04,917 [INFO] NvicIntPanel:101 - NVIC parent = com.st.microxplorer.plugins.ip.nvic.MultiNvicIntPanel[,0,0,0x0,invalid,layout=javax.swing.BoxLayout,alignmentX=0.0,alignmentY=0.0,border=,flags=9,maximumSize=,minimumSize=,preferredSize=]
2024-06-20 00:38:05,010 [INFO] NvicIntPanel:101 - NVIC parent = com.st.microxplorer.plugins.ip.nvic.MultiNvicIntPanel[,0,0,0x0,invalid,layout=javax.swing.BoxLayout,alignmentX=0.0,alignmentY=0.0,border=,flags=9,maximumSize=,minimumSize=,preferredSize=]
2024-06-20 00:38:05,102 [INFO] NvicIntPanel:101 - NVIC parent = com.st.microxplorer.plugins.ip.nvic.MultiNvicIntPanel[,0,0,0x0,invalid,layout=javax.swing.BoxLayout,alignmentX=0.0,alignmentY=0.0,border=,flags=9,maximumSize=,minimumSize=,preferredSize=]
2024-06-20 00:38:05,190 [INFO] NvicIntPanel:101 - NVIC parent = com.st.microxplorer.plugins.ip.nvic.MultiNvicIntPanel[,0,0,0x0,invalid,layout=javax.swing.BoxLayout,alignmentX=0.0,alignmentY=0.0,border=,flags=9,maximumSize=,minimumSize=,preferredSize=]
2024-06-20 00:38:05,237 [INFO] ADCParametersView:116 -                Rank 1 : false
2024-06-20 00:38:05,237 [INFO] ADCParametersView:116 -                Rank 1 : false
2024-06-20 00:38:05,237 [INFO] ADCParametersView:116 -                Rank 1 : false
2024-06-20 00:38:05,237 [INFO] ADCParametersView:116 -                Rank 1 : false
2024-06-20 00:38:05,237 [INFO] ADCParametersView:116 -                Rank 1 : false
2024-06-20 00:38:05,237 [INFO] ADCParametersView:116 -                Rank 1 : false
2024-06-20 00:38:05,237 [INFO] ADCParametersView:116 -                Rank 1 : false
2024-06-20 00:38:05,237 [INFO] ADCParametersView:116 -                Rank 1 : false
2024-06-20 00:38:05,237 [INFO] ADCParametersView:116 -                Rank 1 : false
2024-06-20 00:38:05,237 [INFO] ADCParametersView:116 -                Rank 1 : false
2024-06-20 00:38:05,237 [INFO] ADCParametersView:116 -                Rank 1 : false
2024-06-20 00:38:05,237 [INFO] ADCParametersView:116 -                Rank 1 : false
2024-06-20 00:38:05,237 [INFO] ADCParametersView:116 -                Rank 1 : false
2024-06-20 00:38:05,237 [INFO] ADCParametersView:116 -                Rank 1 : false
2024-06-20 00:38:05,237 [INFO] ADCParametersView:116 -                Rank 1 : false
2024-06-20 00:38:05,237 [INFO] ADCParametersView:116 -                Rank 1 : false
2024-06-20 00:38:05,237 [INFO] ADCParametersView:116 -                Rank 1 : false
2024-06-20 00:38:05,237 [INFO] ADCParametersView:116 -                Rank 1 : false
2024-06-20 00:38:05,237 [INFO] ADCParametersView:116 -                Rank 1 : false
2024-06-20 00:38:05,237 [INFO] ADCParametersView:116 -                Rank 1 : false
2024-06-20 00:38:05,243 [INFO] ADCParametersView:116 -                Rank 1 : false
2024-06-20 00:38:05,252 [INFO] ADCParametersView:116 -                Rank 1 : false
2024-06-20 00:38:05,252 [INFO] ADCParametersView:116 -                Rank 1 : false
2024-06-20 00:38:05,252 [INFO] ADCParametersView:116 -                Rank 1 : false
2024-06-20 00:38:05,252 [INFO] ADCParametersView:116 -                Rank 1 : false
2024-06-20 00:38:05,252 [INFO] ADCParametersView:116 -                Rank 1 : false
2024-06-20 00:38:05,252 [INFO] ADCParametersView:116 -                Rank 1 : false
2024-06-20 00:38:05,252 [INFO] ADCParametersView:116 -                Rank 1 : false
2024-06-20 00:38:05,252 [INFO] ADCParametersView:116 -                Rank 1 : false
2024-06-20 00:38:05,252 [INFO] ADCParametersView:116 -                Rank 1 : false
2024-06-20 00:38:05,252 [INFO] ADCParametersView:116 -                Rank 1 : false
2024-06-20 00:38:05,252 [INFO] ADCParametersView:116 -                Rank 1 : false
2024-06-20 00:38:05,252 [INFO] ADCParametersView:116 -                Rank 1 : false
2024-06-20 00:38:05,252 [INFO] ADCParametersView:116 -                Rank 1 : false
2024-06-20 00:38:05,252 [INFO] ADCParametersView:116 -                Rank 1 : false
2024-06-20 00:38:05,252 [INFO] ADCParametersView:116 -                Rank 1 : false
2024-06-20 00:38:05,252 [INFO] ADCParametersView:116 -                Rank 1 : false
2024-06-20 00:38:05,252 [INFO] ADCParametersView:116 -                Rank 1 : false
2024-06-20 00:38:05,252 [INFO] ADCParametersView:116 -                Rank 1 : false
2024-06-20 00:38:05,252 [INFO] ADCParametersView:116 -                Rank 1 : false
2024-06-20 00:38:05,252 [INFO] ADCParametersView:116 -                Rank 1 : false
2024-06-20 00:38:05,258 [INFO] ADCParametersView:116 -                Rank 1 : false
2024-06-20 00:38:27,399 [INFO] ADCParametersView:116 -                Rank 1 : false
2024-06-20 00:38:27,401 [INFO] ADCParametersView:116 -                Rank 1 : false
2024-06-20 00:38:27,401 [INFO] ADCParametersView:116 -                Rank 1 : false
2024-06-20 00:38:27,401 [INFO] ADCParametersView:116 -                Rank 1 : false
2024-06-20 00:38:27,401 [INFO] ADCParametersView:116 -                Rank 1 : false
2024-06-20 00:38:27,401 [INFO] ADCParametersView:116 -                Rank 1 : false
2024-06-20 00:38:27,401 [INFO] ADCParametersView:116 -                Rank 1 : false
2024-06-20 00:38:27,401 [INFO] ADCParametersView:116 -                Rank 1 : false
2024-06-20 00:38:27,401 [INFO] ADCParametersView:116 -                Rank 1 : false
2024-06-20 00:38:27,401 [INFO] ADCParametersView:116 -                Rank 1 : false
2024-06-20 00:38:27,401 [INFO] ADCParametersView:116 -                Rank 1 : false
2024-06-20 00:38:27,401 [INFO] ADCParametersView:116 -                Rank 1 : false
2024-06-20 00:38:27,401 [INFO] ADCParametersView:116 -                Rank 1 : false
2024-06-20 00:38:27,401 [INFO] ADCParametersView:116 -                Rank 1 : false
2024-06-20 00:38:27,401 [INFO] ADCParametersView:116 -                Rank 1 : false
2024-06-20 00:38:27,401 [INFO] ADCParametersView:116 -                Rank 1 : false
2024-06-20 00:38:27,401 [INFO] ADCParametersView:116 -                Rank 1 : false
2024-06-20 00:38:27,401 [INFO] ADCParametersView:116 -                Rank 1 : false
2024-06-20 00:38:27,401 [INFO] ADCParametersView:116 -                Rank 1 : false
2024-06-20 00:38:27,401 [INFO] ADCParametersView:116 -                Rank 1 : false
2024-06-20 00:38:27,407 [INFO] ADCParametersView:116 -                Rank 1 : false
2024-06-20 00:38:27,417 [INFO] ADCParametersView:116 -                Rank 1 : false
2024-06-20 00:38:27,417 [INFO] ADCParametersView:116 -                Rank 1 : false
2024-06-20 00:38:27,417 [INFO] ADCParametersView:116 -                Rank 1 : false
2024-06-20 00:38:27,417 [INFO] ADCParametersView:116 -                Rank 1 : false
2024-06-20 00:38:27,417 [INFO] ADCParametersView:116 -                Rank 1 : false
2024-06-20 00:38:27,417 [INFO] ADCParametersView:116 -                Rank 1 : false
2024-06-20 00:38:27,417 [INFO] ADCParametersView:116 -                Rank 1 : false
2024-06-20 00:38:27,417 [INFO] ADCParametersView:116 -                Rank 1 : false
2024-06-20 00:38:27,417 [INFO] ADCParametersView:116 -                Rank 1 : false
2024-06-20 00:38:27,417 [INFO] ADCParametersView:116 -                Rank 1 : false
2024-06-20 00:38:27,417 [INFO] ADCParametersView:116 -                Rank 1 : false
2024-06-20 00:38:27,417 [INFO] ADCParametersView:116 -                Rank 1 : false
2024-06-20 00:38:27,417 [INFO] ADCParametersView:116 -                Rank 1 : false
2024-06-20 00:38:27,417 [INFO] ADCParametersView:116 -                Rank 1 : false
2024-06-20 00:38:27,417 [INFO] ADCParametersView:116 -                Rank 1 : false
2024-06-20 00:38:27,417 [INFO] ADCParametersView:116 -                Rank 1 : false
2024-06-20 00:38:27,417 [INFO] ADCParametersView:116 -                Rank 1 : false
2024-06-20 00:38:27,417 [INFO] ADCParametersView:116 -                Rank 1 : false
2024-06-20 00:38:27,418 [INFO] ADCParametersView:116 -                Rank 1 : false
2024-06-20 00:38:27,418 [INFO] ADCParametersView:116 -                Rank 1 : false
2024-06-20 00:38:27,423 [INFO] ADCParametersView:116 -                Rank 1 : false
2024-06-20 00:38:27,438 [INFO] ADCParametersView:116 -                Rank 1 : false
2024-06-20 00:38:27,438 [INFO] ADCParametersView:116 -                Rank 1 : false
2024-06-20 00:38:27,438 [INFO] ADCParametersView:116 -                Rank 1 : false
2024-06-20 00:38:27,438 [INFO] ADCParametersView:116 -                Rank 1 : false
2024-06-20 00:38:27,438 [INFO] ADCParametersView:116 -                Rank 1 : false
2024-06-20 00:38:27,438 [INFO] ADCParametersView:116 -                Rank 1 : false
2024-06-20 00:38:27,438 [INFO] ADCParametersView:116 -                Rank 1 : false
2024-06-20 00:38:27,438 [INFO] ADCParametersView:116 -                Rank 1 : false
2024-06-20 00:38:27,438 [INFO] ADCParametersView:116 -                Rank 1 : false
2024-06-20 00:38:27,438 [INFO] ADCParametersView:116 -                Rank 1 : false
2024-06-20 00:38:27,438 [INFO] ADCParametersView:116 -                Rank 1 : false
2024-06-20 00:38:27,438 [INFO] ADCParametersView:116 -                Rank 1 : false
2024-06-20 00:38:27,439 [INFO] ADCParametersView:116 -                Rank 1 : false
2024-06-20 00:38:27,439 [INFO] ADCParametersView:116 -                Rank 1 : false
2024-06-20 00:38:27,439 [INFO] ADCParametersView:116 -                Rank 1 : false
2024-06-20 00:38:27,439 [INFO] ADCParametersView:116 -                Rank 1 : false
2024-06-20 00:38:27,439 [INFO] ADCParametersView:116 -                Rank 1 : false
2024-06-20 00:38:27,439 [INFO] ADCParametersView:116 -                Rank 1 : false
2024-06-20 00:38:27,439 [INFO] ADCParametersView:116 -                Rank 1 : false
2024-06-20 00:38:27,439 [INFO] ADCParametersView:116 -                Rank 1 : false
2024-06-20 00:38:27,445 [INFO] ADCParametersView:116 -                Rank 1 : false
2024-06-20 00:38:38,938 [INFO] SpinnerEditorADC:65 - is string kkkk
2024-06-20 00:38:40,523 [INFO] NvicIntPanel:101 - NVIC parent = com.st.microxplorer.plugins.ip.nvic.MultiNvicIntPanel[,0,0,0x0,invalid,layout=javax.swing.BoxLayout,alignmentX=0.0,alignmentY=0.0,border=,flags=9,maximumSize=,minimumSize=,preferredSize=]
2024-06-20 00:38:40,540 [INFO] ADCParametersView:116 -                Rank 1 : false
2024-06-20 00:38:40,541 [INFO] ADCParametersView:116 -                Rank 1 : false
2024-06-20 00:38:40,541 [INFO] ADCParametersView:116 -                Rank 1 : false
2024-06-20 00:38:40,541 [INFO] ADCParametersView:116 -                Rank 1 : false
2024-06-20 00:38:40,541 [INFO] ADCParametersView:116 -                Rank 1 : false
2024-06-20 00:38:40,541 [INFO] ADCParametersView:116 -                Rank 1 : false
2024-06-20 00:38:40,541 [INFO] ADCParametersView:116 -                Rank 1 : false
2024-06-20 00:38:40,541 [INFO] ADCParametersView:116 -                Rank 1 : false
2024-06-20 00:38:40,541 [INFO] ADCParametersView:116 -                Rank 1 : false
2024-06-20 00:38:40,541 [INFO] ADCParametersView:116 -                Rank 1 : false
2024-06-20 00:38:40,541 [INFO] ADCParametersView:116 -                Rank 1 : false
2024-06-20 00:38:40,541 [INFO] ADCParametersView:116 -                Rank 1 : false
2024-06-20 00:38:40,541 [INFO] ADCParametersView:116 -                Rank 1 : false
2024-06-20 00:38:40,541 [INFO] ADCParametersView:116 -                Rank 1 : false
2024-06-20 00:38:40,541 [INFO] ADCParametersView:116 -                Rank 1 : false
2024-06-20 00:38:40,541 [INFO] ADCParametersView:116 -                Rank 1 : false
2024-06-20 00:38:40,541 [INFO] ADCParametersView:116 -                Rank 1 : false
2024-06-20 00:38:40,541 [INFO] ADCParametersView:116 -                Rank 1 : false
2024-06-20 00:38:40,541 [INFO] ADCParametersView:116 -                Rank 1 : false
2024-06-20 00:38:40,541 [INFO] ADCParametersView:116 -                Rank 1 : false
2024-06-20 00:38:40,546 [INFO] ADCParametersView:116 -                Rank 1 : false
2024-06-20 00:38:55,674 [INFO] UtilMem:75 - End SaveConfig() Used Memory: 917198312 Bytes (1073741824)
2024-06-20 00:38:56,949 [INFO] UtilMem:75 - End SaveConfig() Used Memory: 946036200 Bytes (1073741824)
2024-06-20 00:38:58,406 [INFO] UtilMem:75 - End SaveConfig() Used Memory: 404779816 Bytes (1073741824)
2024-06-20 00:38:58,527 [INFO] BlockDiagram:2759 - set Specific Code input for plugin: TIM1_8G4
2024-06-20 00:38:58,527 [INFO] BlockDiagram:2759 - set Specific Code input for plugin: ADC
2024-06-20 00:38:58,527 [INFO] BlockDiagram:2759 - set Specific Code input for plugin: ADC
2024-06-20 00:38:58,527 [INFO] BlockDiagram:2759 - set Specific Code input for plugin: SYS
2024-06-20 00:38:58,527 [INFO] BlockDiagram:2759 - set Specific Code input for plugin: ADC
2024-06-20 00:38:58,527 [INFO] BlockDiagram:2759 - set Specific Code input for plugin: ADC
2024-06-20 00:38:58,527 [INFO] BlockDiagram:2759 - set Specific Code input for plugin: RCC
2024-06-20 00:38:58,527 [INFO] BlockDiagram:2759 - set Specific Code input for plugin: NVIC
2024-06-20 00:38:58,527 [INFO] BlockDiagram:2759 - set Specific Code input for plugin: GPIO
2024-06-20 00:38:58,528 [INFO] CodeGenerator:807 - code generatio: config db path: C:\ST\STM32CubeIDE_1.10.1\STM32CubeIDE\plugins\com.st.stm32cube.common.mx_6.11.1.202404110753\\db\
2024-06-20 00:38:58,630 [INFO] CodeEngine:255 - oldGeneratedFile, D:\Download\DeleteThis\FinalCurrentController\MXTmpFiles\license.tmp_save
2024-06-20 00:38:58,721 [INFO] CodeEngine:279 - Generated code: D:\Download\DeleteThis\FinalCurrentController\MXTmpFiles\license.tmp
2024-06-20 00:38:58,733 [INFO] CodeEngine:255 - oldGeneratedFile, D:\Download\DeleteThis\FinalCurrentController\MXTmpFiles\gpio.tmp_save
2024-06-20 00:38:58,790 [INFO] CodeEngine:279 - Generated code: D:\Download\DeleteThis\FinalCurrentController\MXTmpFiles\gpio.tmp
2024-06-20 00:38:58,912 [INFO] CodeEngine:255 - oldGeneratedFile, D:\Download\DeleteThis\FinalCurrentController\Core\Src\stm32g4xx_it.c_save
2024-06-20 00:38:59,028 [INFO] CodeEngine:279 - Generated code: D:\Download\DeleteThis\FinalCurrentController\Core\Src\stm32g4xx_it.c
2024-06-20 00:38:59,041 [INFO] CodeEngine:255 - oldGeneratedFile, D:\Download\DeleteThis\FinalCurrentController\Core\Inc\stm32g4xx_it.h_save
2024-06-20 00:38:59,087 [INFO] CodeEngine:279 - Generated code: D:\Download\DeleteThis\FinalCurrentController\Core\Inc\stm32g4xx_it.h
2024-06-20 00:38:59,106 [INFO] CodeEngine:255 - oldGeneratedFile, D:\Download\DeleteThis\FinalCurrentController\Core\Src\stm32g4xx_hal_msp.c_save
2024-06-20 00:38:59,192 [INFO] CodeEngine:279 - Generated code: D:\Download\DeleteThis\FinalCurrentController\Core\Src\stm32g4xx_hal_msp.c
2024-06-20 00:38:59,204 [INFO] CodeEngine:255 - oldGeneratedFile, D:\Download\DeleteThis\FinalCurrentController\MXTmpFiles\system.tmp_save
2024-06-20 00:38:59,245 [INFO] CodeEngine:279 - Generated code: D:\Download\DeleteThis\FinalCurrentController\MXTmpFiles\system.tmp
2024-06-20 00:38:59,254 [INFO] CodeEngine:311 - oldGeneratedFile, D:\Download\DeleteThis\FinalCurrentController\Core\Inc\stm32g4xx_hal_conf.h_save
2024-06-20 00:38:59,307 [INFO] CodeEngine:335 - Generated code: D:\Download\DeleteThis\FinalCurrentController\Core\Inc\stm32g4xx_hal_conf.h
2024-06-20 00:38:59,322 [WARN] IPConfigManager:2982 - Warning: the RefConfig RCC_CommonPeriphClockConfig is not available in your config.xml file
2024-06-20 00:38:59,323 [WARN] IPConfigManager:3513 - IP not found : TIM
2024-06-20 00:38:59,324 [WARN] CodeGenerator:3951 - IP not found : null
2024-06-20 00:38:59,332 [INFO] CodeEngine:255 - oldGeneratedFile, D:\Download\DeleteThis\FinalCurrentController\Core\Inc\main.h_save
2024-06-20 00:38:59,386 [INFO] CodeEngine:279 - Generated code: D:\Download\DeleteThis\FinalCurrentController\Core\Inc\main.h
2024-06-20 00:38:59,395 [INFO] CodeEngine:255 - oldGeneratedFile, D:\Download\DeleteThis\FinalCurrentController\Core\Src\main.c_save
2024-06-20 00:38:59,468 [INFO] CodeEngine:279 - Generated code: D:\Download\DeleteThis\FinalCurrentController\Core\Src\main.c
2024-06-20 00:38:59,633 [INFO] ProjectBuilder:3163 - Time for Copy HAL[1] : 91mS.
2024-06-20 00:38:59,634 [INFO] ProjectBuilder:4736 - Project Generator version: 4.3.0-B58
2024-06-20 00:38:59,669 [INFO] ConfigFileManager:1503 - The Die is : DIE469
2024-06-20 00:39:00,104 [INFO] ProjectBuilder:5002 - Time for Generating toolchain IDE Files: 470mS.
2024-06-20 00:39:00,104 [INFO] ProjectBuilder:3034 - Time for Copy CMSIS : 0mS.
2024-06-20 00:39:00,106 [INFO] ProjectBuilder:3034 - Time for Copy CMSIS : 0mS.
2024-06-20 00:53:01,849 [INFO] NvicIntPanel:101 - NVIC parent = com.st.microxplorer.plugins.ip.nvic.MultiNvicIntPanel[,0,0,0x0,invalid,layout=javax.swing.BoxLayout,alignmentX=0.0,alignmentY=0.0,border=,flags=9,maximumSize=,minimumSize=,preferredSize=]
2024-06-20 00:53:01,952 [INFO] NvicIntPanel:101 - NVIC parent = com.st.microxplorer.plugins.ip.nvic.MultiNvicIntPanel[,0,0,0x0,invalid,layout=javax.swing.BoxLayout,alignmentX=0.0,alignmentY=0.0,border=,flags=9,maximumSize=,minimumSize=,preferredSize=]
2024-06-20 00:53:02,029 [INFO] NvicIntPanel:101 - NVIC parent = com.st.microxplorer.plugins.ip.nvic.MultiNvicIntPanel[,0,0,0x0,invalid,layout=javax.swing.BoxLayout,alignmentX=0.0,alignmentY=0.0,border=,flags=9,maximumSize=,minimumSize=,preferredSize=]
2024-06-20 00:53:02,052 [INFO] ADCParametersView:116 -                Rank 1 : false
2024-06-20 00:53:02,054 [INFO] ADCParametersView:116 -                Rank 1 : false
2024-06-20 00:53:02,054 [INFO] ADCParametersView:116 -                Rank 1 : false
2024-06-20 00:53:02,054 [INFO] ADCParametersView:116 -                Rank 1 : false
2024-06-20 00:53:02,054 [INFO] ADCParametersView:116 -                Rank 1 : false
2024-06-20 00:53:02,054 [INFO] ADCParametersView:116 -                Rank 1 : false
2024-06-20 00:53:02,054 [INFO] ADCParametersView:116 -                Rank 1 : false
2024-06-20 00:53:02,054 [INFO] ADCParametersView:116 -                Rank 1 : false
2024-06-20 00:53:02,054 [INFO] ADCParametersView:116 -                Rank 1 : false
2024-06-20 00:53:02,054 [INFO] ADCParametersView:116 -                Rank 1 : false
2024-06-20 00:53:02,054 [INFO] ADCParametersView:116 -                Rank 1 : false
2024-06-20 00:53:02,054 [INFO] ADCParametersView:116 -                Rank 1 : false
2024-06-20 00:53:02,054 [INFO] ADCParametersView:116 -                Rank 1 : false
2024-06-20 00:53:02,054 [INFO] ADCParametersView:116 -                Rank 1 : false
2024-06-20 00:53:02,054 [INFO] ADCParametersView:116 -                Rank 1 : false
2024-06-20 00:53:02,054 [INFO] ADCParametersView:116 -                Rank 1 : false
2024-06-20 00:53:02,054 [INFO] ADCParametersView:116 -                Rank 1 : false
2024-06-20 00:53:02,054 [INFO] ADCParametersView:116 -                Rank 1 : false
2024-06-20 00:53:02,054 [INFO] ADCParametersView:116 -                Rank 1 : false
2024-06-20 00:53:02,054 [INFO] ADCParametersView:116 -                Rank 1 : false
2024-06-20 00:53:02,066 [INFO] ADCParametersView:116 -                Rank 1 : false
2024-06-20 00:53:04,535 [INFO] UtilMem:75 - End SaveConfig() Used Memory: 457775312 Bytes (1073741824)
2024-06-20 00:53:06,501 [INFO] UtilMem:75 - End SaveConfig() Used Memory: 485562576 Bytes (1073741824)
2024-06-20 00:53:08,905 [INFO] UtilMem:75 - End SaveConfig() Used Memory: 534843600 Bytes (1073741824)
2024-06-20 00:53:08,997 [INFO] BlockDiagram:2759 - set Specific Code input for plugin: TIM1_8G4
2024-06-20 00:53:08,997 [INFO] BlockDiagram:2759 - set Specific Code input for plugin: ADC
2024-06-20 00:53:08,997 [INFO] BlockDiagram:2759 - set Specific Code input for plugin: ADC
2024-06-20 00:53:08,997 [INFO] BlockDiagram:2759 - set Specific Code input for plugin: SYS
2024-06-20 00:53:08,997 [INFO] BlockDiagram:2759 - set Specific Code input for plugin: ADC
2024-06-20 00:53:08,998 [INFO] BlockDiagram:2759 - set Specific Code input for plugin: ADC
2024-06-20 00:53:08,998 [INFO] BlockDiagram:2759 - set Specific Code input for plugin: RCC
2024-06-20 00:53:08,998 [INFO] BlockDiagram:2759 - set Specific Code input for plugin: NVIC
2024-06-20 00:53:08,998 [INFO] BlockDiagram:2759 - set Specific Code input for plugin: GPIO
2024-06-20 00:53:08,998 [INFO] CodeGenerator:807 - code generatio: config db path: C:\ST\STM32CubeIDE_1.10.1\STM32CubeIDE\plugins\com.st.stm32cube.common.mx_6.11.1.202404110753\\db\
2024-06-20 00:53:09,050 [INFO] CodeEngine:255 - oldGeneratedFile, D:\Download\DeleteThis\FinalCurrentController\MXTmpFiles\license.tmp_save
2024-06-20 00:53:09,108 [INFO] CodeEngine:279 - Generated code: D:\Download\DeleteThis\FinalCurrentController\MXTmpFiles\license.tmp
2024-06-20 00:53:09,121 [INFO] CodeEngine:255 - oldGeneratedFile, D:\Download\DeleteThis\FinalCurrentController\MXTmpFiles\gpio.tmp_save
2024-06-20 00:53:09,177 [INFO] CodeEngine:279 - Generated code: D:\Download\DeleteThis\FinalCurrentController\MXTmpFiles\gpio.tmp
2024-06-20 00:53:09,287 [INFO] CodeEngine:255 - oldGeneratedFile, D:\Download\DeleteThis\FinalCurrentController\Core\Src\stm32g4xx_it.c_save
2024-06-20 00:53:09,393 [INFO] CodeEngine:279 - Generated code: D:\Download\DeleteThis\FinalCurrentController\Core\Src\stm32g4xx_it.c
2024-06-20 00:53:09,397 [INFO] CodeEngine:255 - oldGeneratedFile, D:\Download\DeleteThis\FinalCurrentController\Core\Inc\stm32g4xx_it.h_save
2024-06-20 00:53:09,448 [INFO] CodeEngine:279 - Generated code: D:\Download\DeleteThis\FinalCurrentController\Core\Inc\stm32g4xx_it.h
2024-06-20 00:53:09,463 [INFO] CodeEngine:255 - oldGeneratedFile, D:\Download\DeleteThis\FinalCurrentController\Core\Src\stm32g4xx_hal_msp.c_save
2024-06-20 00:53:09,551 [INFO] CodeEngine:279 - Generated code: D:\Download\DeleteThis\FinalCurrentController\Core\Src\stm32g4xx_hal_msp.c
2024-06-20 00:53:09,553 [INFO] CodeEngine:255 - oldGeneratedFile, D:\Download\DeleteThis\FinalCurrentController\MXTmpFiles\system.tmp_save
2024-06-20 00:53:09,585 [INFO] CodeEngine:279 - Generated code: D:\Download\DeleteThis\FinalCurrentController\MXTmpFiles\system.tmp
2024-06-20 00:53:09,601 [INFO] CodeEngine:311 - oldGeneratedFile, D:\Download\DeleteThis\FinalCurrentController\Core\Inc\stm32g4xx_hal_conf.h_save
2024-06-20 00:53:09,678 [INFO] CodeEngine:335 - Generated code: D:\Download\DeleteThis\FinalCurrentController\Core\Inc\stm32g4xx_hal_conf.h
2024-06-20 00:53:09,695 [WARN] IPConfigManager:2982 - Warning: the RefConfig RCC_CommonPeriphClockConfig is not available in your config.xml file
2024-06-20 00:53:09,696 [WARN] IPConfigManager:3513 - IP not found : TIM
2024-06-20 00:53:09,696 [WARN] CodeGenerator:3951 - IP not found : null
2024-06-20 00:53:09,705 [INFO] CodeEngine:255 - oldGeneratedFile, D:\Download\DeleteThis\FinalCurrentController\Core\Inc\main.h_save
2024-06-20 00:53:09,763 [INFO] CodeEngine:279 - Generated code: D:\Download\DeleteThis\FinalCurrentController\Core\Inc\main.h
2024-06-20 00:53:09,780 [INFO] CodeEngine:255 - oldGeneratedFile, D:\Download\DeleteThis\FinalCurrentController\Core\Src\main.c_save
2024-06-20 00:53:09,859 [INFO] CodeEngine:279 - Generated code: D:\Download\DeleteThis\FinalCurrentController\Core\Src\main.c
2024-06-20 00:53:10,109 [INFO] ProjectBuilder:3163 - Time for Copy HAL[1] : 102mS.
2024-06-20 00:53:10,111 [INFO] ProjectBuilder:4736 - Project Generator version: 4.3.0-B58
2024-06-20 00:53:10,150 [INFO] ConfigFileManager:1503 - The Die is : DIE469
2024-06-20 00:53:10,506 [INFO] ProjectBuilder:5002 - Time for Generating toolchain IDE Files: 396mS.
2024-06-20 00:53:10,508 [INFO] ProjectBuilder:3034 - Time for Copy CMSIS : 0mS.
2024-06-20 00:53:10,509 [INFO] ProjectBuilder:3034 - Time for Copy CMSIS : 0mS.
2024-06-20 00:54:17,269 [INFO] NvicIntPanel:101 - NVIC parent = com.st.microxplorer.plugins.ip.nvic.MultiNvicIntPanel[,0,0,0x0,invalid,layout=javax.swing.BoxLayout,alignmentX=0.0,alignmentY=0.0,border=,flags=9,maximumSize=,minimumSize=,preferredSize=]
2024-06-20 00:54:17,294 [INFO] ADCParametersView:116 -                Rank 1 : false
2024-06-20 00:54:17,295 [INFO] ADCParametersView:116 -                Rank 1 : false
2024-06-20 00:54:17,295 [INFO] ADCParametersView:116 -                Rank 1 : false
2024-06-20 00:54:17,295 [INFO] ADCParametersView:116 -                Rank 1 : false
2024-06-20 00:54:17,295 [INFO] ADCParametersView:116 -                Rank 1 : false
2024-06-20 00:54:17,295 [INFO] ADCParametersView:116 -                Rank 1 : false
2024-06-20 00:54:17,295 [INFO] ADCParametersView:116 -                Rank 1 : false
2024-06-20 00:54:17,295 [INFO] ADCParametersView:116 -                Rank 1 : false
2024-06-20 00:54:17,295 [INFO] ADCParametersView:116 -                Rank 1 : false
2024-06-20 00:54:17,295 [INFO] ADCParametersView:116 -                Rank 1 : false
2024-06-20 00:54:17,295 [INFO] ADCParametersView:116 -                Rank 1 : false
2024-06-20 00:54:17,295 [INFO] ADCParametersView:116 -                Rank 1 : false
2024-06-20 00:54:17,295 [INFO] ADCParametersView:116 -                Rank 1 : false
2024-06-20 00:54:17,295 [INFO] ADCParametersView:116 -                Rank 1 : false
2024-06-20 00:54:17,295 [INFO] ADCParametersView:116 -                Rank 1 : false
2024-06-20 00:54:17,295 [INFO] ADCParametersView:116 -                Rank 1 : false
2024-06-20 00:54:17,295 [INFO] ADCParametersView:116 -                Rank 1 : false
2024-06-20 00:54:17,295 [INFO] ADCParametersView:116 -                Rank 1 : false
2024-06-20 00:54:17,295 [INFO] ADCParametersView:116 -                Rank 1 : false
2024-06-20 00:54:17,295 [INFO] ADCParametersView:116 -                Rank 1 : false
2024-06-20 00:54:17,309 [INFO] ADCParametersView:116 -                Rank 1 : false
2024-06-20 00:54:22,975 [INFO] NvicIntPanel:101 - NVIC parent = com.st.microxplorer.plugins.ip.nvic.MultiNvicIntPanel[,0,0,0x0,invalid,layout=javax.swing.BoxLayout,alignmentX=0.0,alignmentY=0.0,border=,flags=9,maximumSize=,minimumSize=,preferredSize=]
2024-06-20 00:54:23,001 [INFO] ADCParametersView:116 -                Rank 1 : false
2024-06-20 00:54:23,002 [INFO] ADCParametersView:116 -                Rank 1 : false
2024-06-20 00:54:23,002 [INFO] ADCParametersView:116 -                Rank 1 : false
2024-06-20 00:54:23,002 [INFO] ADCParametersView:116 -                Rank 1 : false
2024-06-20 00:54:23,003 [INFO] ADCParametersView:116 -                Rank 1 : false
2024-06-20 00:54:23,003 [INFO] ADCParametersView:116 -                Rank 1 : false
2024-06-20 00:54:23,003 [INFO] ADCParametersView:116 -                Rank 1 : false
2024-06-20 00:54:23,003 [INFO] ADCParametersView:116 -                Rank 1 : false
2024-06-20 00:54:23,003 [INFO] ADCParametersView:116 -                Rank 1 : false
2024-06-20 00:54:23,003 [INFO] ADCParametersView:116 -                Rank 1 : false
2024-06-20 00:54:23,003 [INFO] ADCParametersView:116 -                Rank 1 : false
2024-06-20 00:54:23,003 [INFO] ADCParametersView:116 -                Rank 1 : false
2024-06-20 00:54:23,003 [INFO] ADCParametersView:116 -                Rank 1 : false
2024-06-20 00:54:23,003 [INFO] ADCParametersView:116 -                Rank 1 : false
2024-06-20 00:54:23,003 [INFO] ADCParametersView:116 -                Rank 1 : false
2024-06-20 00:54:23,003 [INFO] ADCParametersView:116 -                Rank 1 : false
2024-06-20 00:54:23,003 [INFO] ADCParametersView:116 -                Rank 1 : false
2024-06-20 00:54:23,003 [INFO] ADCParametersView:116 -                Rank 1 : false
2024-06-20 00:54:23,003 [INFO] ADCParametersView:116 -                Rank 1 : false
2024-06-20 00:54:23,003 [INFO] ADCParametersView:116 -                Rank 1 : false
2024-06-20 00:54:23,003 [INFO] ADCParametersView:116 -                Rank 1 : false
2024-06-20 00:54:23,003 [INFO] ADCParametersView:116 -                Rank 1 : false
2024-06-20 00:54:23,003 [INFO] ADCParametersView:116 -                Rank 1 : false
2024-06-20 00:54:23,003 [INFO] ADCParametersView:116 -                Rank 1 : false
2024-06-20 00:54:23,015 [INFO] ADCParametersView:116 -                Rank 1 : false
2024-06-20 00:54:25,211 [INFO] NvicIntPanel:101 - NVIC parent = com.st.microxplorer.plugins.ip.nvic.MultiNvicIntPanel[,0,0,0x0,invalid,layout=javax.swing.BoxLayout,alignmentX=0.0,alignmentY=0.0,border=,flags=9,maximumSize=,minimumSize=,preferredSize=]
2024-06-20 00:54:25,263 [INFO] ADCParametersView:116 -                Rank 1 : false
2024-06-20 00:54:25,264 [INFO] ADCParametersView:116 -                Rank 1 : false
2024-06-20 00:54:25,264 [INFO] ADCParametersView:116 -                Rank 1 : false
2024-06-20 00:54:25,264 [INFO] ADCParametersView:116 -                Rank 1 : false
2024-06-20 00:54:25,264 [INFO] ADCParametersView:116 -                Rank 1 : false
2024-06-20 00:54:25,264 [INFO] ADCParametersView:116 -                Rank 1 : false
2024-06-20 00:54:25,264 [INFO] ADCParametersView:116 -                Rank 1 : false
2024-06-20 00:54:25,264 [INFO] ADCParametersView:116 -                Rank 1 : false
2024-06-20 00:54:25,264 [INFO] ADCParametersView:116 -                Rank 1 : false
2024-06-20 00:54:25,264 [INFO] ADCParametersView:116 -                Rank 1 : false
2024-06-20 00:54:25,264 [INFO] ADCParametersView:116 -                Rank 1 : false
2024-06-20 00:54:25,264 [INFO] ADCParametersView:116 -                Rank 1 : false
2024-06-20 00:54:25,264 [INFO] ADCParametersView:116 -                Rank 1 : false
2024-06-20 00:54:25,264 [INFO] ADCParametersView:116 -                Rank 1 : false
2024-06-20 00:54:25,264 [INFO] ADCParametersView:116 -                Rank 1 : false
2024-06-20 00:54:25,264 [INFO] ADCParametersView:116 -                Rank 1 : false
2024-06-20 00:54:25,264 [INFO] ADCParametersView:116 -                Rank 1 : false
2024-06-20 00:54:25,264 [INFO] ADCParametersView:116 -                Rank 1 : false
2024-06-20 00:54:25,264 [INFO] ADCParametersView:116 -                Rank 1 : false
2024-06-20 00:54:25,264 [INFO] ADCParametersView:116 -                Rank 1 : false
2024-06-20 00:54:25,264 [INFO] ADCParametersView:116 -                Rank 1 : false
2024-06-20 00:54:25,264 [INFO] ADCParametersView:116 -                Rank 1 : false
2024-06-20 00:54:25,264 [INFO] ADCParametersView:116 -                Rank 1 : false
2024-06-20 00:54:25,265 [INFO] ADCParametersView:116 -                Rank 1 : false
2024-06-20 00:54:25,277 [INFO] ADCParametersView:116 -                Rank 1 : false
2024-06-20 00:54:26,996 [INFO] UtilMem:75 - End SaveConfig() Used Memory: 462742528 Bytes (1073741824)
2024-06-20 00:54:28,367 [INFO] UtilMem:75 - End SaveConfig() Used Memory: 491576320 Bytes (1073741824)
2024-06-20 00:54:29,457 [INFO] UtilMem:75 - End SaveConfig() Used Memory: 541385728 Bytes (1073741824)
2024-06-20 00:54:29,548 [INFO] BlockDiagram:2759 - set Specific Code input for plugin: TIM1_8G4
2024-06-20 00:54:29,548 [INFO] BlockDiagram:2759 - set Specific Code input for plugin: ADC
2024-06-20 00:54:29,548 [INFO] BlockDiagram:2759 - set Specific Code input for plugin: ADC
2024-06-20 00:54:29,548 [INFO] BlockDiagram:2759 - set Specific Code input for plugin: SYS
2024-06-20 00:54:29,548 [INFO] BlockDiagram:2759 - set Specific Code input for plugin: ADC
2024-06-20 00:54:29,548 [INFO] BlockDiagram:2759 - set Specific Code input for plugin: ADC
2024-06-20 00:54:29,548 [INFO] BlockDiagram:2759 - set Specific Code input for plugin: RCC
2024-06-20 00:54:29,548 [INFO] BlockDiagram:2759 - set Specific Code input for plugin: NVIC
2024-06-20 00:54:29,549 [INFO] BlockDiagram:2759 - set Specific Code input for plugin: GPIO
2024-06-20 00:54:29,549 [INFO] CodeGenerator:807 - code generatio: config db path: C:\ST\STM32CubeIDE_1.10.1\STM32CubeIDE\plugins\com.st.stm32cube.common.mx_6.11.1.202404110753\\db\
2024-06-20 00:54:29,604 [INFO] CodeEngine:255 - oldGeneratedFile, D:\Download\DeleteThis\FinalCurrentController\MXTmpFiles\license.tmp_save
2024-06-20 00:54:29,673 [INFO] CodeEngine:279 - Generated code: D:\Download\DeleteThis\FinalCurrentController\MXTmpFiles\license.tmp
2024-06-20 00:54:29,687 [INFO] CodeEngine:255 - oldGeneratedFile, D:\Download\DeleteThis\FinalCurrentController\MXTmpFiles\gpio.tmp_save
2024-06-20 00:54:29,744 [INFO] CodeEngine:279 - Generated code: D:\Download\DeleteThis\FinalCurrentController\MXTmpFiles\gpio.tmp
2024-06-20 00:54:29,852 [INFO] CodeEngine:255 - oldGeneratedFile, D:\Download\DeleteThis\FinalCurrentController\Core\Src\stm32g4xx_it.c_save
2024-06-20 00:54:29,891 [INFO] CodeEngine:279 - Generated code: D:\Download\DeleteThis\FinalCurrentController\Core\Src\stm32g4xx_it.c
2024-06-20 00:54:29,893 [INFO] CodeEngine:255 - oldGeneratedFile, D:\Download\DeleteThis\FinalCurrentController\Core\Inc\stm32g4xx_it.h_save
2024-06-20 00:54:29,924 [INFO] CodeEngine:279 - Generated code: D:\Download\DeleteThis\FinalCurrentController\Core\Inc\stm32g4xx_it.h
2024-06-20 00:54:29,935 [INFO] CodeEngine:255 - oldGeneratedFile, D:\Download\DeleteThis\FinalCurrentController\Core\Src\stm32g4xx_hal_msp.c_save
2024-06-20 00:54:29,997 [INFO] CodeEngine:279 - Generated code: D:\Download\DeleteThis\FinalCurrentController\Core\Src\stm32g4xx_hal_msp.c
2024-06-20 00:54:30,000 [INFO] CodeEngine:255 - oldGeneratedFile, D:\Download\DeleteThis\FinalCurrentController\MXTmpFiles\system.tmp_save
2024-06-20 00:54:30,029 [INFO] CodeEngine:279 - Generated code: D:\Download\DeleteThis\FinalCurrentController\MXTmpFiles\system.tmp
2024-06-20 00:54:30,041 [INFO] CodeEngine:311 - oldGeneratedFile, D:\Download\DeleteThis\FinalCurrentController\Core\Inc\stm32g4xx_hal_conf.h_save
2024-06-20 00:54:30,093 [INFO] CodeEngine:335 - Generated code: D:\Download\DeleteThis\FinalCurrentController\Core\Inc\stm32g4xx_hal_conf.h
2024-06-20 00:54:30,104 [WARN] IPConfigManager:2982 - Warning: the RefConfig RCC_CommonPeriphClockConfig is not available in your config.xml file
2024-06-20 00:54:30,105 [WARN] IPConfigManager:3513 - IP not found : TIM
2024-06-20 00:54:30,106 [WARN] CodeGenerator:3951 - IP not found : null
2024-06-20 00:54:30,113 [INFO] CodeEngine:255 - oldGeneratedFile, D:\Download\DeleteThis\FinalCurrentController\Core\Inc\main.h_save
2024-06-20 00:54:30,151 [INFO] CodeEngine:279 - Generated code: D:\Download\DeleteThis\FinalCurrentController\Core\Inc\main.h
2024-06-20 00:54:30,159 [INFO] CodeEngine:255 - oldGeneratedFile, D:\Download\DeleteThis\FinalCurrentController\Core\Src\main.c_save
2024-06-20 00:54:30,233 [INFO] CodeEngine:279 - Generated code: D:\Download\DeleteThis\FinalCurrentController\Core\Src\main.c
2024-06-20 00:54:30,386 [INFO] ProjectBuilder:3163 - Time for Copy HAL[1] : 63mS.
2024-06-20 00:54:30,388 [INFO] ProjectBuilder:4736 - Project Generator version: 4.3.0-B58
2024-06-20 00:54:30,423 [INFO] ConfigFileManager:1503 - The Die is : DIE469
2024-06-20 00:54:30,809 [INFO] ProjectBuilder:5002 - Time for Generating toolchain IDE Files: 421mS.
2024-06-20 00:54:30,809 [INFO] ProjectBuilder:3034 - Time for Copy CMSIS : 0mS.
2024-06-20 00:54:30,812 [INFO] ProjectBuilder:3034 - Time for Copy CMSIS : 0mS.
2024-06-20 01:14:13,899 [INFO] NvicIntPanel:101 - NVIC parent = com.st.microxplorer.plugins.ip.nvic.MultiNvicIntPanel[,0,0,0x0,invalid,layout=javax.swing.BoxLayout,alignmentX=0.0,alignmentY=0.0,border=,flags=9,maximumSize=,minimumSize=,preferredSize=]
2024-06-20 01:14:22,596 [INFO] UtilMem:75 - End SaveConfig() Used Memory: 444970048 Bytes (1073741824)
2024-06-20 01:14:24,053 [INFO] UtilMem:75 - End SaveConfig() Used Memory: 473281600 Bytes (1073741824)
2024-06-20 01:14:28,289 [INFO] UtilMem:75 - End SaveConfig() Used Memory: 563981376 Bytes (1073741824)
2024-06-20 01:14:28,388 [INFO] BlockDiagram:2759 - set Specific Code input for plugin: TIM1_8G4
2024-06-20 01:14:28,388 [INFO] BlockDiagram:2759 - set Specific Code input for plugin: ADC
2024-06-20 01:14:28,388 [INFO] BlockDiagram:2759 - set Specific Code input for plugin: ADC
2024-06-20 01:14:28,388 [INFO] BlockDiagram:2759 - set Specific Code input for plugin: SYS
2024-06-20 01:14:28,388 [INFO] BlockDiagram:2759 - set Specific Code input for plugin: ADC
2024-06-20 01:14:28,388 [INFO] BlockDiagram:2759 - set Specific Code input for plugin: ADC
2024-06-20 01:14:28,388 [INFO] BlockDiagram:2759 - set Specific Code input for plugin: RCC
2024-06-20 01:14:28,388 [INFO] BlockDiagram:2759 - set Specific Code input for plugin: NVIC
2024-06-20 01:14:28,388 [INFO] BlockDiagram:2759 - set Specific Code input for plugin: GPIO
2024-06-20 01:14:28,389 [INFO] CodeGenerator:807 - code generatio: config db path: C:\ST\STM32CubeIDE_1.10.1\STM32CubeIDE\plugins\com.st.stm32cube.common.mx_6.11.1.202404110753\\db\
2024-06-20 01:14:28,447 [INFO] CodeEngine:255 - oldGeneratedFile, D:\Download\DeleteThis\FinalCurrentController\MXTmpFiles\license.tmp_save
2024-06-20 01:14:28,497 [INFO] CodeEngine:279 - Generated code: D:\Download\DeleteThis\FinalCurrentController\MXTmpFiles\license.tmp
2024-06-20 01:14:28,512 [INFO] CodeEngine:255 - oldGeneratedFile, D:\Download\DeleteThis\FinalCurrentController\MXTmpFiles\gpio.tmp_save
2024-06-20 01:14:28,559 [INFO] CodeEngine:279 - Generated code: D:\Download\DeleteThis\FinalCurrentController\MXTmpFiles\gpio.tmp
2024-06-20 01:14:28,656 [INFO] CodeEngine:255 - oldGeneratedFile, D:\Download\DeleteThis\FinalCurrentController\Core\Src\stm32g4xx_it.c_save
2024-06-20 01:14:28,748 [INFO] CodeEngine:279 - Generated code: D:\Download\DeleteThis\FinalCurrentController\Core\Src\stm32g4xx_it.c
2024-06-20 01:14:28,752 [INFO] CodeEngine:255 - oldGeneratedFile, D:\Download\DeleteThis\FinalCurrentController\Core\Inc\stm32g4xx_it.h_save
2024-06-20 01:14:28,791 [INFO] CodeEngine:279 - Generated code: D:\Download\DeleteThis\FinalCurrentController\Core\Inc\stm32g4xx_it.h
2024-06-20 01:14:28,808 [INFO] CodeEngine:255 - oldGeneratedFile, D:\Download\DeleteThis\FinalCurrentController\Core\Src\stm32g4xx_hal_msp.c_save
2024-06-20 01:14:28,905 [INFO] CodeEngine:279 - Generated code: D:\Download\DeleteThis\FinalCurrentController\Core\Src\stm32g4xx_hal_msp.c
2024-06-20 01:14:28,908 [INFO] CodeEngine:255 - oldGeneratedFile, D:\Download\DeleteThis\FinalCurrentController\MXTmpFiles\system.tmp_save
2024-06-20 01:14:28,944 [INFO] CodeEngine:279 - Generated code: D:\Download\DeleteThis\FinalCurrentController\MXTmpFiles\system.tmp
2024-06-20 01:14:28,953 [INFO] CodeEngine:311 - oldGeneratedFile, D:\Download\DeleteThis\FinalCurrentController\Core\Inc\stm32g4xx_hal_conf.h_save
2024-06-20 01:14:29,051 [INFO] CodeEngine:335 - Generated code: D:\Download\DeleteThis\FinalCurrentController\Core\Inc\stm32g4xx_hal_conf.h
2024-06-20 01:14:29,070 [WARN] IPConfigManager:2982 - Warning: the RefConfig RCC_CommonPeriphClockConfig is not available in your config.xml file
2024-06-20 01:14:29,071 [WARN] IPConfigManager:3513 - IP not found : TIM
2024-06-20 01:14:29,071 [WARN] CodeGenerator:3951 - IP not found : null
2024-06-20 01:14:29,087 [INFO] CodeEngine:255 - oldGeneratedFile, D:\Download\DeleteThis\FinalCurrentController\Core\Inc\main.h_save
2024-06-20 01:14:29,138 [INFO] CodeEngine:279 - Generated code: D:\Download\DeleteThis\FinalCurrentController\Core\Inc\main.h
2024-06-20 01:14:29,155 [INFO] CodeEngine:255 - oldGeneratedFile, D:\Download\DeleteThis\FinalCurrentController\Core\Src\main.c_save
2024-06-20 01:14:29,229 [INFO] CodeEngine:279 - Generated code: D:\Download\DeleteThis\FinalCurrentController\Core\Src\main.c
2024-06-20 01:14:29,433 [INFO] ProjectBuilder:3163 - Time for Copy HAL[1] : 81mS.
2024-06-20 01:14:29,435 [INFO] ProjectBuilder:4736 - Project Generator version: 4.3.0-B58
2024-06-20 01:14:29,472 [INFO] ConfigFileManager:1503 - The Die is : DIE469
2024-06-20 01:14:29,812 [INFO] ProjectBuilder:5002 - Time for Generating toolchain IDE Files: 378mS.
2024-06-20 01:14:29,813 [INFO] ProjectBuilder:3034 - Time for Copy CMSIS : 1mS.
2024-06-20 01:14:29,813 [INFO] ProjectBuilder:3034 - Time for Copy CMSIS : 0mS.
2024-06-20 01:18:03,962 [INFO] ADCParametersView:116 -                Rank 1 : false
2024-06-20 01:18:03,962 [INFO] ADCParametersView:116 -                Rank 1 : false
2024-06-20 01:18:03,962 [INFO] ADCParametersView:116 -                Rank 1 : false
2024-06-20 01:18:03,962 [INFO] ADCParametersView:116 -                Rank 1 : false
2024-06-20 01:18:03,962 [INFO] ADCParametersView:116 -                Rank 1 : false
2024-06-20 01:18:03,962 [INFO] ADCParametersView:116 -                Rank 1 : false
2024-06-20 01:18:03,962 [INFO] ADCParametersView:116 -                Rank 1 : false
2024-06-20 01:18:03,962 [INFO] ADCParametersView:116 -                Rank 1 : false
2024-06-20 01:18:03,962 [INFO] ADCParametersView:116 -                Rank 1 : false
2024-06-20 01:18:03,962 [INFO] ADCParametersView:116 -                Rank 1 : false
2024-06-20 01:18:03,962 [INFO] ADCParametersView:116 -                Rank 1 : false
2024-06-20 01:18:03,962 [INFO] ADCParametersView:116 -                Rank 1 : false
2024-06-20 01:18:03,963 [INFO] ADCParametersView:116 -                Rank 1 : false
2024-06-20 01:18:03,963 [INFO] ADCParametersView:116 -                Rank 1 : false
2024-06-20 01:18:03,963 [INFO] ADCParametersView:116 -                Rank 1 : false
2024-06-20 01:18:03,963 [INFO] ADCParametersView:116 -                Rank 1 : false
2024-06-20 01:18:03,963 [INFO] ADCParametersView:116 -                Rank 1 : false
2024-06-20 01:18:03,963 [INFO] ADCParametersView:116 -                Rank 1 : false
2024-06-20 01:18:03,963 [INFO] ADCParametersView:116 -                Rank 1 : false
2024-06-20 01:18:03,963 [INFO] ADCParametersView:116 -                Rank 1 : false
2024-06-20 01:18:03,963 [INFO] ADCParametersView:116 -                Rank 1 : false
2024-06-20 01:18:03,963 [INFO] ADCParametersView:116 -                Rank 1 : false
2024-06-20 01:18:03,963 [INFO] ADCParametersView:116 -                Rank 1 : false
2024-06-20 01:18:03,963 [INFO] ADCParametersView:116 -                Rank 1 : false
2024-06-20 01:18:03,978 [INFO] ADCParametersView:116 -                Rank 1 : false
2024-06-20 01:18:03,995 [INFO] ADCParametersView:116 -                Rank 1 : false
2024-06-20 01:18:03,995 [INFO] ADCParametersView:116 -                Rank 1 : false
2024-06-20 01:18:03,995 [INFO] ADCParametersView:116 -                Rank 1 : false
2024-06-20 01:18:03,995 [INFO] ADCParametersView:116 -                Rank 1 : false
2024-06-20 01:18:03,995 [INFO] ADCParametersView:116 -                Rank 1 : false
2024-06-20 01:18:03,995 [INFO] ADCParametersView:116 -                Rank 1 : false
2024-06-20 01:18:03,995 [INFO] ADCParametersView:116 -                Rank 1 : false
2024-06-20 01:18:03,995 [INFO] ADCParametersView:116 -                Rank 1 : false
2024-06-20 01:18:03,995 [INFO] ADCParametersView:116 -                Rank 1 : false
2024-06-20 01:18:03,995 [INFO] ADCParametersView:116 -                Rank 1 : false
2024-06-20 01:18:03,995 [INFO] ADCParametersView:116 -                Rank 1 : false
2024-06-20 01:18:03,995 [INFO] ADCParametersView:116 -                Rank 1 : false
2024-06-20 01:18:03,995 [INFO] ADCParametersView:116 -                Rank 1 : false
2024-06-20 01:18:03,995 [INFO] ADCParametersView:116 -                Rank 1 : false
2024-06-20 01:18:03,995 [INFO] ADCParametersView:116 -                Rank 1 : false
2024-06-20 01:18:03,995 [INFO] ADCParametersView:116 -                Rank 1 : false
2024-06-20 01:18:03,995 [INFO] ADCParametersView:116 -                Rank 1 : false
2024-06-20 01:18:03,995 [INFO] ADCParametersView:116 -                Rank 1 : false
2024-06-20 01:18:03,995 [INFO] ADCParametersView:116 -                Rank 1 : false
2024-06-20 01:18:03,995 [INFO] ADCParametersView:116 -                Rank 1 : false
2024-06-20 01:18:03,995 [INFO] ADCParametersView:116 -                Rank 1 : false
2024-06-20 01:18:03,995 [INFO] ADCParametersView:116 -                Rank 1 : false
2024-06-20 01:18:03,995 [INFO] ADCParametersView:116 -                Rank 1 : false
2024-06-20 01:18:03,995 [INFO] ADCParametersView:116 -                Rank 1 : false
2024-06-20 01:18:04,008 [INFO] ADCParametersView:116 -                Rank 1 : false
2024-06-20 01:18:07,664 [INFO] ParamManager:896 - [Generic UI] PropertyChangeEvent: TAB_STATUS_CHANGED , "dont care", "never mind"
2024-06-20 01:18:07,697 [INFO] NvicIntPanel:101 - NVIC parent = com.st.microxplorer.plugins.ip.nvic.MultiNvicIntPanel[,0,0,0x0,invalid,layout=javax.swing.BoxLayout,alignmentX=0.0,alignmentY=0.0,border=,flags=9,maximumSize=,minimumSize=,preferredSize=]
2024-06-20 01:18:07,735 [INFO] ADCParametersView:116 -                Rank 1 : false
2024-06-20 01:18:07,737 [INFO] ADCParametersView:116 -                Rank 1 : false
2024-06-20 01:18:07,737 [INFO] ADCParametersView:116 -                Rank 1 : false
2024-06-20 01:18:07,737 [INFO] ADCParametersView:116 -                Rank 1 : false
2024-06-20 01:18:07,737 [INFO] ADCParametersView:116 -                Rank 1 : false
2024-06-20 01:18:07,737 [INFO] ADCParametersView:116 -                Rank 1 : false
2024-06-20 01:18:07,737 [INFO] ADCParametersView:116 -                Rank 1 : false
2024-06-20 01:18:07,737 [INFO] ADCParametersView:116 -                Rank 1 : false
2024-06-20 01:18:07,737 [INFO] ADCParametersView:116 -                Rank 1 : false
2024-06-20 01:18:07,737 [INFO] ADCParametersView:116 -                Rank 1 : false
2024-06-20 01:18:07,737 [INFO] ADCParametersView:116 -                Rank 1 : false
2024-06-20 01:18:07,737 [INFO] ADCParametersView:116 -                Rank 1 : false
2024-06-20 01:18:07,737 [INFO] ADCParametersView:116 -                Rank 1 : false
2024-06-20 01:18:07,737 [INFO] ADCParametersView:116 -                Rank 1 : false
2024-06-20 01:18:07,737 [INFO] ADCParametersView:116 -                Rank 1 : false
2024-06-20 01:18:07,738 [INFO] ADCParametersView:116 -                Rank 1 : false
2024-06-20 01:18:07,738 [INFO] ADCParametersView:116 -                Rank 1 : false
2024-06-20 01:18:07,738 [INFO] ADCParametersView:116 -                Rank 1 : false
2024-06-20 01:18:07,738 [INFO] ADCParametersView:116 -                Rank 1 : false
2024-06-20 01:18:07,738 [INFO] ADCParametersView:116 -                Rank 1 : false
2024-06-20 01:18:07,738 [INFO] ADCParametersView:116 -                Rank 1 : false
2024-06-20 01:18:07,738 [INFO] ADCParametersView:116 -                Rank 1 : false
2024-06-20 01:18:07,738 [INFO] ADCParametersView:116 -                Rank 1 : false
2024-06-20 01:18:07,738 [INFO] ADCParametersView:116 -                Rank 1 : false
2024-06-20 01:18:07,754 [INFO] ADCParametersView:116 -                Rank 1 : false
2024-06-20 01:18:14,238 [INFO] ParamManager:896 - [Generic UI] PropertyChangeEvent: TAB_STATUS_CHANGED , "dont care", "never mind"
2024-06-20 01:18:14,263 [INFO] NvicIntPanel:101 - NVIC parent = com.st.microxplorer.plugins.ip.nvic.MultiNvicIntPanel[,0,0,0x0,invalid,layout=javax.swing.BoxLayout,alignmentX=0.0,alignmentY=0.0,border=,flags=9,maximumSize=,minimumSize=,preferredSize=]
2024-06-20 01:18:14,288 [INFO] ADCParametersView:116 -                Rank 1 : false
2024-06-20 01:18:14,289 [INFO] ADCParametersView:116 -                Rank 1 : false
2024-06-20 01:18:14,289 [INFO] ADCParametersView:116 -                Rank 1 : false
2024-06-20 01:18:14,289 [INFO] ADCParametersView:116 -                Rank 1 : false
2024-06-20 01:18:14,290 [INFO] ADCParametersView:116 -                Rank 1 : false
2024-06-20 01:18:14,290 [INFO] ADCParametersView:116 -                Rank 1 : false
2024-06-20 01:18:14,290 [INFO] ADCParametersView:116 -                Rank 1 : false
2024-06-20 01:18:14,290 [INFO] ADCParametersView:116 -                Rank 1 : false
2024-06-20 01:18:14,290 [INFO] ADCParametersView:116 -                Rank 1 : false
2024-06-20 01:18:14,290 [INFO] ADCParametersView:116 -                Rank 1 : false
2024-06-20 01:18:14,290 [INFO] ADCParametersView:116 -                Rank 1 : false
2024-06-20 01:18:14,290 [INFO] ADCParametersView:116 -                Rank 1 : false
2024-06-20 01:18:14,290 [INFO] ADCParametersView:116 -                Rank 1 : false
2024-06-20 01:18:14,290 [INFO] ADCParametersView:116 -                Rank 1 : false
2024-06-20 01:18:14,290 [INFO] ADCParametersView:116 -                Rank 1 : false
2024-06-20 01:18:14,290 [INFO] ADCParametersView:116 -                Rank 1 : false
2024-06-20 01:18:14,290 [INFO] ADCParametersView:116 -                Rank 1 : false
2024-06-20 01:18:14,290 [INFO] ADCParametersView:116 -                Rank 1 : false
2024-06-20 01:18:14,290 [INFO] ADCParametersView:116 -                Rank 1 : false
2024-06-20 01:18:14,290 [INFO] ADCParametersView:116 -                Rank 1 : false
2024-06-20 01:18:14,290 [INFO] ADCParametersView:116 -                Rank 1 : false
2024-06-20 01:18:14,290 [INFO] ADCParametersView:116 -                Rank 1 : false
2024-06-20 01:18:14,290 [INFO] ADCParametersView:116 -                Rank 1 : false
2024-06-20 01:18:14,290 [INFO] ADCParametersView:116 -                Rank 1 : false
2024-06-20 01:18:14,301 [INFO] ADCParametersView:116 -                Rank 1 : false
2024-06-20 01:18:15,639 [INFO] UtilMem:75 - End SaveConfig() Used Memory: 800651696 Bytes (1073741824)
2024-06-20 01:18:16,861 [INFO] UtilMem:75 - End SaveConfig() Used Memory: 829485488 Bytes (1073741824)
2024-06-20 01:18:17,904 [INFO] UtilMem:75 - End SaveConfig() Used Memory: 433938032 Bytes (1073741824)
2024-06-20 01:18:18,030 [INFO] BlockDiagram:2759 - set Specific Code input for plugin: TIM1_8G4
2024-06-20 01:18:18,030 [INFO] BlockDiagram:2759 - set Specific Code input for plugin: ADC
2024-06-20 01:18:18,030 [INFO] BlockDiagram:2759 - set Specific Code input for plugin: ADC
2024-06-20 01:18:18,030 [INFO] BlockDiagram:2759 - set Specific Code input for plugin: SYS
2024-06-20 01:18:18,030 [INFO] BlockDiagram:2759 - set Specific Code input for plugin: ADC
2024-06-20 01:18:18,030 [INFO] BlockDiagram:2759 - set Specific Code input for plugin: ADC
2024-06-20 01:18:18,030 [INFO] BlockDiagram:2759 - set Specific Code input for plugin: RCC
2024-06-20 01:18:18,030 [INFO] BlockDiagram:2759 - set Specific Code input for plugin: NVIC
2024-06-20 01:18:18,030 [INFO] BlockDiagram:2759 - set Specific Code input for plugin: GPIO
2024-06-20 01:18:18,031 [INFO] CodeGenerator:807 - code generatio: config db path: C:\ST\STM32CubeIDE_1.10.1\STM32CubeIDE\plugins\com.st.stm32cube.common.mx_6.11.1.202404110753\\db\
2024-06-20 01:18:18,108 [INFO] CodeEngine:255 - oldGeneratedFile, D:\Download\DeleteThis\FinalCurrentController\MXTmpFiles\license.tmp_save
2024-06-20 01:18:18,165 [INFO] CodeEngine:279 - Generated code: D:\Download\DeleteThis\FinalCurrentController\MXTmpFiles\license.tmp
2024-06-20 01:18:18,177 [INFO] CodeEngine:255 - oldGeneratedFile, D:\Download\DeleteThis\FinalCurrentController\MXTmpFiles\gpio.tmp_save
2024-06-20 01:18:18,224 [INFO] CodeEngine:279 - Generated code: D:\Download\DeleteThis\FinalCurrentController\MXTmpFiles\gpio.tmp
2024-06-20 01:18:18,321 [INFO] CodeEngine:255 - oldGeneratedFile, D:\Download\DeleteThis\FinalCurrentController\Core\Src\stm32g4xx_it.c_save
2024-06-20 01:18:18,362 [INFO] CodeEngine:279 - Generated code: D:\Download\DeleteThis\FinalCurrentController\Core\Src\stm32g4xx_it.c
2024-06-20 01:18:18,365 [INFO] CodeEngine:255 - oldGeneratedFile, D:\Download\DeleteThis\FinalCurrentController\Core\Inc\stm32g4xx_it.h_save
2024-06-20 01:18:18,395 [INFO] CodeEngine:279 - Generated code: D:\Download\DeleteThis\FinalCurrentController\Core\Inc\stm32g4xx_it.h
2024-06-20 01:18:18,410 [INFO] CodeEngine:255 - oldGeneratedFile, D:\Download\DeleteThis\FinalCurrentController\Core\Src\stm32g4xx_hal_msp.c_save
2024-06-20 01:18:18,484 [INFO] CodeEngine:279 - Generated code: D:\Download\DeleteThis\FinalCurrentController\Core\Src\stm32g4xx_hal_msp.c
2024-06-20 01:18:18,486 [INFO] CodeEngine:255 - oldGeneratedFile, D:\Download\DeleteThis\FinalCurrentController\MXTmpFiles\system.tmp_save
2024-06-20 01:18:18,516 [INFO] CodeEngine:279 - Generated code: D:\Download\DeleteThis\FinalCurrentController\MXTmpFiles\system.tmp
2024-06-20 01:18:18,529 [INFO] CodeEngine:311 - oldGeneratedFile, D:\Download\DeleteThis\FinalCurrentController\Core\Inc\stm32g4xx_hal_conf.h_save
2024-06-20 01:18:18,593 [INFO] CodeEngine:335 - Generated code: D:\Download\DeleteThis\FinalCurrentController\Core\Inc\stm32g4xx_hal_conf.h
2024-06-20 01:18:18,603 [WARN] IPConfigManager:2982 - Warning: the RefConfig RCC_CommonPeriphClockConfig is not available in your config.xml file
2024-06-20 01:18:18,605 [WARN] IPConfigManager:3513 - IP not found : TIM
2024-06-20 01:18:18,605 [WARN] CodeGenerator:3951 - IP not found : null
2024-06-20 01:18:18,615 [INFO] CodeEngine:255 - oldGeneratedFile, D:\Download\DeleteThis\FinalCurrentController\Core\Inc\main.h_save
2024-06-20 01:18:18,658 [INFO] CodeEngine:279 - Generated code: D:\Download\DeleteThis\FinalCurrentController\Core\Inc\main.h
2024-06-20 01:18:18,668 [INFO] CodeEngine:255 - oldGeneratedFile, D:\Download\DeleteThis\FinalCurrentController\Core\Src\main.c_save
2024-06-20 01:18:18,762 [INFO] CodeEngine:279 - Generated code: D:\Download\DeleteThis\FinalCurrentController\Core\Src\main.c
2024-06-20 01:18:18,897 [INFO] ProjectBuilder:3163 - Time for Copy HAL[1] : 66mS.
2024-06-20 01:18:18,898 [INFO] ProjectBuilder:4736 - Project Generator version: 4.3.0-B58
2024-06-20 01:18:18,932 [INFO] ConfigFileManager:1503 - The Die is : DIE469
2024-06-20 01:18:19,304 [INFO] ProjectBuilder:5002 - Time for Generating toolchain IDE Files: 406mS.
2024-06-20 01:18:19,305 [INFO] ProjectBuilder:3034 - Time for Copy CMSIS : 0mS.
2024-06-20 01:18:19,308 [INFO] ProjectBuilder:3034 - Time for Copy CMSIS : 1mS.
2024-06-20 01:19:10,158 [INFO] NvicIntPanel:101 - NVIC parent = com.st.microxplorer.plugins.ip.nvic.MultiNvicIntPanel[,0,0,0x0,invalid,layout=javax.swing.BoxLayout,alignmentX=0.0,alignmentY=0.0,border=,flags=9,maximumSize=,minimumSize=,preferredSize=]
2024-06-20 01:19:10,193 [INFO] ADCParametersView:116 -                Rank 1 : false
2024-06-20 01:19:10,194 [INFO] ADCParametersView:116 -                Rank 1 : false
2024-06-20 01:19:10,194 [INFO] ADCParametersView:116 -                Rank 1 : false
2024-06-20 01:19:10,194 [INFO] ADCParametersView:116 -                Rank 1 : false
2024-06-20 01:19:10,194 [INFO] ADCParametersView:116 -                Rank 1 : false
2024-06-20 01:19:10,194 [INFO] ADCParametersView:116 -                Rank 1 : false
2024-06-20 01:19:10,194 [INFO] ADCParametersView:116 -                Rank 1 : false
2024-06-20 01:19:10,195 [INFO] ADCParametersView:116 -                Rank 1 : false
2024-06-20 01:19:10,195 [INFO] ADCParametersView:116 -                Rank 1 : false
2024-06-20 01:19:10,195 [INFO] ADCParametersView:116 -                Rank 1 : false
2024-06-20 01:19:10,195 [INFO] ADCParametersView:116 -                Rank 1 : false
2024-06-20 01:19:10,195 [INFO] ADCParametersView:116 -                Rank 1 : false
2024-06-20 01:19:10,195 [INFO] ADCParametersView:116 -                Rank 1 : false
2024-06-20 01:19:10,195 [INFO] ADCParametersView:116 -                Rank 1 : false
2024-06-20 01:19:10,195 [INFO] ADCParametersView:116 -                Rank 1 : false
2024-06-20 01:19:10,195 [INFO] ADCParametersView:116 -                Rank 1 : false
2024-06-20 01:19:10,195 [INFO] ADCParametersView:116 -                Rank 1 : false
2024-06-20 01:19:10,195 [INFO] ADCParametersView:116 -                Rank 1 : false
2024-06-20 01:19:10,195 [INFO] ADCParametersView:116 -                Rank 1 : false
2024-06-20 01:19:10,195 [INFO] ADCParametersView:116 -                Rank 1 : false
2024-06-20 01:19:10,208 [INFO] ADCParametersView:116 -                Rank 1 : false
2024-06-20 01:19:13,127 [INFO] NvicIntPanel:101 - NVIC parent = com.st.microxplorer.plugins.ip.nvic.MultiNvicIntPanel[,0,0,0x0,invalid,layout=javax.swing.BoxLayout,alignmentX=0.0,alignmentY=0.0,border=,flags=9,maximumSize=,minimumSize=,preferredSize=]
2024-06-20 01:19:13,159 [INFO] ADCParametersView:116 -                Rank 1 : false
2024-06-20 01:19:13,160 [INFO] ADCParametersView:116 -                Rank 1 : false
2024-06-20 01:19:13,160 [INFO] ADCParametersView:116 -                Rank 1 : false
2024-06-20 01:19:13,160 [INFO] ADCParametersView:116 -                Rank 1 : false
2024-06-20 01:19:13,160 [INFO] ADCParametersView:116 -                Rank 1 : false
2024-06-20 01:19:13,160 [INFO] ADCParametersView:116 -                Rank 1 : false
2024-06-20 01:19:13,160 [INFO] ADCParametersView:116 -                Rank 1 : false
2024-06-20 01:19:13,160 [INFO] ADCParametersView:116 -                Rank 1 : false
2024-06-20 01:19:13,160 [INFO] ADCParametersView:116 -                Rank 1 : false
2024-06-20 01:19:13,160 [INFO] ADCParametersView:116 -                Rank 1 : false
2024-06-20 01:19:13,160 [INFO] ADCParametersView:116 -                Rank 1 : false
2024-06-20 01:19:13,160 [INFO] ADCParametersView:116 -                Rank 1 : false
2024-06-20 01:19:13,160 [INFO] ADCParametersView:116 -                Rank 1 : false
2024-06-20 01:19:13,160 [INFO] ADCParametersView:116 -                Rank 1 : false
2024-06-20 01:19:13,160 [INFO] ADCParametersView:116 -                Rank 1 : false
2024-06-20 01:19:13,160 [INFO] ADCParametersView:116 -                Rank 1 : false
2024-06-20 01:19:13,161 [INFO] ADCParametersView:116 -                Rank 1 : false
2024-06-20 01:19:13,161 [INFO] ADCParametersView:116 -                Rank 1 : false
2024-06-20 01:19:13,161 [INFO] ADCParametersView:116 -                Rank 1 : false
2024-06-20 01:19:13,161 [INFO] ADCParametersView:116 -                Rank 1 : false
2024-06-20 01:19:13,161 [INFO] ADCParametersView:116 -                Rank 1 : false
2024-06-20 01:19:13,161 [INFO] ADCParametersView:116 -                Rank 1 : false
2024-06-20 01:19:13,161 [INFO] ADCParametersView:116 -                Rank 1 : false
2024-06-20 01:19:13,161 [INFO] ADCParametersView:116 -                Rank 1 : false
2024-06-20 01:19:13,174 [INFO] ADCParametersView:116 -                Rank 1 : false
2024-06-20 01:19:15,781 [INFO] NvicIntPanel:101 - NVIC parent = com.st.microxplorer.plugins.ip.nvic.MultiNvicIntPanel[,0,0,0x0,invalid,layout=javax.swing.BoxLayout,alignmentX=0.0,alignmentY=0.0,border=,flags=9,maximumSize=,minimumSize=,preferredSize=]
2024-06-20 01:19:15,815 [INFO] ADCParametersView:116 -                Rank 1 : false
2024-06-20 01:19:15,816 [INFO] ADCParametersView:116 -                Rank 1 : false
2024-06-20 01:19:15,816 [INFO] ADCParametersView:116 -                Rank 1 : false
2024-06-20 01:19:15,816 [INFO] ADCParametersView:116 -                Rank 1 : false
2024-06-20 01:19:15,816 [INFO] ADCParametersView:116 -                Rank 1 : false
2024-06-20 01:19:15,816 [INFO] ADCParametersView:116 -                Rank 1 : false
2024-06-20 01:19:15,816 [INFO] ADCParametersView:116 -                Rank 1 : false
2024-06-20 01:19:15,816 [INFO] ADCParametersView:116 -                Rank 1 : false
2024-06-20 01:19:15,816 [INFO] ADCParametersView:116 -                Rank 1 : false
2024-06-20 01:19:15,816 [INFO] ADCParametersView:116 -                Rank 1 : false
2024-06-20 01:19:15,816 [INFO] ADCParametersView:116 -                Rank 1 : false
2024-06-20 01:19:15,816 [INFO] ADCParametersView:116 -                Rank 1 : false
2024-06-20 01:19:15,816 [INFO] ADCParametersView:116 -                Rank 1 : false
2024-06-20 01:19:15,816 [INFO] ADCParametersView:116 -                Rank 1 : false
2024-06-20 01:19:15,816 [INFO] ADCParametersView:116 -                Rank 1 : false
2024-06-20 01:19:15,816 [INFO] ADCParametersView:116 -                Rank 1 : false
2024-06-20 01:19:15,816 [INFO] ADCParametersView:116 -                Rank 1 : false
2024-06-20 01:19:15,816 [INFO] ADCParametersView:116 -                Rank 1 : false
2024-06-20 01:19:15,816 [INFO] ADCParametersView:116 -                Rank 1 : false
2024-06-20 01:19:15,816 [INFO] ADCParametersView:116 -                Rank 1 : false
2024-06-20 01:19:15,816 [INFO] ADCParametersView:116 -                Rank 1 : false
2024-06-20 01:19:15,816 [INFO] ADCParametersView:116 -                Rank 1 : false
2024-06-20 01:19:15,816 [INFO] ADCParametersView:116 -                Rank 1 : false
2024-06-20 01:19:15,816 [INFO] ADCParametersView:116 -                Rank 1 : false
2024-06-20 01:19:15,828 [INFO] ADCParametersView:116 -                Rank 1 : false
2024-06-20 01:19:17,554 [INFO] UtilMem:75 - End SaveConfig() Used Memory: 480252632 Bytes (1073741824)
2024-06-20 01:19:19,040 [INFO] UtilMem:75 - End SaveConfig() Used Memory: 439469048 Bytes (1073741824)
2024-06-20 01:19:20,472 [INFO] UtilMem:75 - End SaveConfig() Used Memory: 489800696 Bytes (1073741824)
2024-06-20 01:19:20,573 [INFO] BlockDiagram:2759 - set Specific Code input for plugin: TIM1_8G4
2024-06-20 01:19:20,573 [INFO] BlockDiagram:2759 - set Specific Code input for plugin: ADC
2024-06-20 01:19:20,573 [INFO] BlockDiagram:2759 - set Specific Code input for plugin: ADC
2024-06-20 01:19:20,573 [INFO] BlockDiagram:2759 - set Specific Code input for plugin: SYS
2024-06-20 01:19:20,573 [INFO] BlockDiagram:2759 - set Specific Code input for plugin: ADC
2024-06-20 01:19:20,573 [INFO] BlockDiagram:2759 - set Specific Code input for plugin: ADC
2024-06-20 01:19:20,573 [INFO] BlockDiagram:2759 - set Specific Code input for plugin: RCC
2024-06-20 01:19:20,573 [INFO] BlockDiagram:2759 - set Specific Code input for plugin: NVIC
2024-06-20 01:19:20,573 [INFO] BlockDiagram:2759 - set Specific Code input for plugin: GPIO
2024-06-20 01:19:20,573 [INFO] CodeGenerator:807 - code generatio: config db path: C:\ST\STM32CubeIDE_1.10.1\STM32CubeIDE\plugins\com.st.stm32cube.common.mx_6.11.1.202404110753\\db\
2024-06-20 01:19:20,626 [INFO] CodeEngine:255 - oldGeneratedFile, D:\Download\DeleteThis\FinalCurrentController\MXTmpFiles\license.tmp_save
2024-06-20 01:19:20,679 [INFO] CodeEngine:279 - Generated code: D:\Download\DeleteThis\FinalCurrentController\MXTmpFiles\license.tmp
2024-06-20 01:19:20,691 [INFO] CodeEngine:255 - oldGeneratedFile, D:\Download\DeleteThis\FinalCurrentController\MXTmpFiles\gpio.tmp_save
2024-06-20 01:19:20,738 [INFO] CodeEngine:279 - Generated code: D:\Download\DeleteThis\FinalCurrentController\MXTmpFiles\gpio.tmp
2024-06-20 01:19:20,837 [INFO] CodeEngine:255 - oldGeneratedFile, D:\Download\DeleteThis\FinalCurrentController\Core\Src\stm32g4xx_it.c_save
2024-06-20 01:19:20,881 [INFO] CodeEngine:279 - Generated code: D:\Download\DeleteThis\FinalCurrentController\Core\Src\stm32g4xx_it.c
2024-06-20 01:19:20,884 [INFO] CodeEngine:255 - oldGeneratedFile, D:\Download\DeleteThis\FinalCurrentController\Core\Inc\stm32g4xx_it.h_save
2024-06-20 01:19:20,914 [INFO] CodeEngine:279 - Generated code: D:\Download\DeleteThis\FinalCurrentController\Core\Inc\stm32g4xx_it.h
2024-06-20 01:19:20,925 [INFO] CodeEngine:255 - oldGeneratedFile, D:\Download\DeleteThis\FinalCurrentController\Core\Src\stm32g4xx_hal_msp.c_save
2024-06-20 01:19:20,985 [INFO] CodeEngine:279 - Generated code: D:\Download\DeleteThis\FinalCurrentController\Core\Src\stm32g4xx_hal_msp.c
2024-06-20 01:19:20,987 [INFO] CodeEngine:255 - oldGeneratedFile, D:\Download\DeleteThis\FinalCurrentController\MXTmpFiles\system.tmp_save
2024-06-20 01:19:21,016 [INFO] CodeEngine:279 - Generated code: D:\Download\DeleteThis\FinalCurrentController\MXTmpFiles\system.tmp
2024-06-20 01:19:21,025 [INFO] CodeEngine:311 - oldGeneratedFile, D:\Download\DeleteThis\FinalCurrentController\Core\Inc\stm32g4xx_hal_conf.h_save
2024-06-20 01:19:21,078 [INFO] CodeEngine:335 - Generated code: D:\Download\DeleteThis\FinalCurrentController\Core\Inc\stm32g4xx_hal_conf.h
2024-06-20 01:19:21,089 [WARN] IPConfigManager:2982 - Warning: the RefConfig RCC_CommonPeriphClockConfig is not available in your config.xml file
2024-06-20 01:19:21,091 [WARN] IPConfigManager:3513 - IP not found : TIM
2024-06-20 01:19:21,091 [WARN] CodeGenerator:3951 - IP not found : null
2024-06-20 01:19:21,100 [INFO] CodeEngine:255 - oldGeneratedFile, D:\Download\DeleteThis\FinalCurrentController\Core\Inc\main.h_save
2024-06-20 01:19:21,150 [INFO] CodeEngine:279 - Generated code: D:\Download\DeleteThis\FinalCurrentController\Core\Inc\main.h
2024-06-20 01:19:21,159 [INFO] CodeEngine:255 - oldGeneratedFile, D:\Download\DeleteThis\FinalCurrentController\Core\Src\main.c_save
2024-06-20 01:19:21,230 [INFO] CodeEngine:279 - Generated code: D:\Download\DeleteThis\FinalCurrentController\Core\Src\main.c
2024-06-20 01:19:21,365 [INFO] ProjectBuilder:3163 - Time for Copy HAL[1] : 64mS.
2024-06-20 01:19:21,366 [INFO] ProjectBuilder:4736 - Project Generator version: 4.3.0-B58
2024-06-20 01:19:21,401 [INFO] ConfigFileManager:1503 - The Die is : DIE469
2024-06-20 01:19:21,714 [INFO] ProjectBuilder:5002 - Time for Generating toolchain IDE Files: 348mS.
2024-06-20 01:19:21,714 [INFO] ProjectBuilder:3034 - Time for Copy CMSIS : 0mS.
2024-06-20 01:19:21,715 [INFO] ProjectBuilder:3034 - Time for Copy CMSIS : 0mS.
2024-06-20 01:23:54,957 [INFO] ADCParametersView:116 -                Rank 1 : false
2024-06-20 01:23:54,958 [INFO] ADCParametersView:116 -                Rank 1 : false
2024-06-20 01:23:54,958 [INFO] ADCParametersView:116 -                Rank 1 : false
2024-06-20 01:23:54,958 [INFO] ADCParametersView:116 -                Rank 1 : false
2024-06-20 01:23:54,958 [INFO] ADCParametersView:116 -                Rank 1 : false
2024-06-20 01:23:54,958 [INFO] ADCParametersView:116 -                Rank 1 : false
2024-06-20 01:23:54,958 [INFO] ADCParametersView:116 -                Rank 1 : false
2024-06-20 01:23:54,958 [INFO] ADCParametersView:116 -                Rank 1 : false
2024-06-20 01:23:54,958 [INFO] ADCParametersView:116 -                Rank 1 : false
2024-06-20 01:23:54,958 [INFO] ADCParametersView:116 -                Rank 1 : false
2024-06-20 01:23:54,958 [INFO] ADCParametersView:116 -                Rank 1 : false
2024-06-20 01:23:54,958 [INFO] ADCParametersView:116 -                Rank 1 : false
2024-06-20 01:23:54,958 [INFO] ADCParametersView:116 -                Rank 1 : false
2024-06-20 01:23:54,958 [INFO] ADCParametersView:116 -                Rank 1 : false
2024-06-20 01:23:54,958 [INFO] ADCParametersView:116 -                Rank 1 : false
2024-06-20 01:23:54,958 [INFO] ADCParametersView:116 -                Rank 1 : false
2024-06-20 01:23:54,958 [INFO] ADCParametersView:116 -                Rank 1 : false
2024-06-20 01:23:54,958 [INFO] ADCParametersView:116 -                Rank 1 : false
2024-06-20 01:23:54,958 [INFO] ADCParametersView:116 -                Rank 1 : false
2024-06-20 01:23:54,958 [INFO] ADCParametersView:116 -                Rank 1 : false
2024-06-20 01:23:54,958 [INFO] ADCParametersView:116 -                Rank 1 : false
2024-06-20 01:23:54,967 [INFO] ADCParametersView:116 -                Rank 1 : false
2024-06-20 01:23:54,980 [INFO] ADCParametersView:116 -                Rank 1 : false
2024-06-20 01:23:54,980 [INFO] ADCParametersView:116 -                Rank 1 : false
2024-06-20 01:23:54,980 [INFO] ADCParametersView:116 -                Rank 1 : false
2024-06-20 01:23:54,980 [INFO] ADCParametersView:116 -                Rank 1 : false
2024-06-20 01:23:54,980 [INFO] ADCParametersView:116 -                Rank 1 : false
2024-06-20 01:23:54,980 [INFO] ADCParametersView:116 -                Rank 1 : false
2024-06-20 01:23:54,980 [INFO] ADCParametersView:116 -                Rank 1 : false
2024-06-20 01:23:54,980 [INFO] ADCParametersView:116 -                Rank 1 : false
2024-06-20 01:23:54,980 [INFO] ADCParametersView:116 -                Rank 1 : false
2024-06-20 01:23:54,980 [INFO] ADCParametersView:116 -                Rank 1 : false
2024-06-20 01:23:54,980 [INFO] ADCParametersView:116 -                Rank 1 : false
2024-06-20 01:23:54,980 [INFO] ADCParametersView:116 -                Rank 1 : false
2024-06-20 01:23:54,980 [INFO] ADCParametersView:116 -                Rank 1 : false
2024-06-20 01:23:54,980 [INFO] ADCParametersView:116 -                Rank 1 : false
2024-06-20 01:23:54,980 [INFO] ADCParametersView:116 -                Rank 1 : false
2024-06-20 01:23:54,980 [INFO] ADCParametersView:116 -                Rank 1 : false
2024-06-20 01:23:54,980 [INFO] ADCParametersView:116 -                Rank 1 : false
2024-06-20 01:23:54,980 [INFO] ADCParametersView:116 -                Rank 1 : false
2024-06-20 01:23:54,980 [INFO] ADCParametersView:116 -                Rank 1 : false
2024-06-20 01:23:54,980 [INFO] ADCParametersView:116 -                Rank 1 : false
2024-06-20 01:23:54,980 [INFO] ADCParametersView:116 -                Rank 1 : false
2024-06-20 01:23:54,988 [INFO] ADCParametersView:116 -                Rank 1 : false
2024-06-20 01:24:08,465 [INFO] NvicIntPanel:101 - NVIC parent = com.st.microxplorer.plugins.ip.nvic.MultiNvicIntPanel[,0,0,0x0,invalid,layout=javax.swing.BoxLayout,alignmentX=0.0,alignmentY=0.0,border=,flags=9,maximumSize=,minimumSize=,preferredSize=]
2024-06-20 01:24:08,501 [INFO] ADCParametersView:116 -                Rank 1 : false
2024-06-20 01:24:08,502 [INFO] ADCParametersView:116 -                Rank 1 : false
2024-06-20 01:24:08,502 [INFO] ADCParametersView:116 -                Rank 1 : false
2024-06-20 01:24:08,502 [INFO] ADCParametersView:116 -                Rank 1 : false
2024-06-20 01:24:08,502 [INFO] ADCParametersView:116 -                Rank 1 : false
2024-06-20 01:24:08,504 [INFO] ADCParametersView:116 -                Rank 1 : false
2024-06-20 01:24:08,504 [INFO] ADCParametersView:116 -                Rank 1 : false
2024-06-20 01:24:08,504 [INFO] ADCParametersView:116 -                Rank 1 : false
2024-06-20 01:24:08,504 [INFO] ADCParametersView:116 -                Rank 1 : false
2024-06-20 01:24:08,504 [INFO] ADCParametersView:116 -                Rank 1 : false
2024-06-20 01:24:08,504 [INFO] ADCParametersView:116 -                Rank 1 : false
2024-06-20 01:24:08,504 [INFO] ADCParametersView:116 -                Rank 1 : false
2024-06-20 01:24:08,504 [INFO] ADCParametersView:116 -                Rank 1 : false
2024-06-20 01:24:08,504 [INFO] ADCParametersView:116 -                Rank 1 : false
2024-06-20 01:24:08,504 [INFO] ADCParametersView:116 -                Rank 1 : false
2024-06-20 01:24:08,504 [INFO] ADCParametersView:116 -                Rank 1 : false
2024-06-20 01:24:08,504 [INFO] ADCParametersView:116 -                Rank 1 : false
2024-06-20 01:24:08,504 [INFO] ADCParametersView:116 -                Rank 1 : false
2024-06-20 01:24:08,504 [INFO] ADCParametersView:116 -                Rank 1 : false
2024-06-20 01:24:08,504 [INFO] ADCParametersView:116 -                Rank 1 : false
2024-06-20 01:24:08,504 [INFO] ADCParametersView:116 -                Rank 1 : false
2024-06-20 01:24:08,520 [INFO] ADCParametersView:116 -                Rank 1 : false
2024-06-20 01:24:20,510 [INFO] NvicIntPanel:101 - NVIC parent = com.st.microxplorer.plugins.ip.nvic.MultiNvicIntPanel[,0,0,0x0,invalid,layout=javax.swing.BoxLayout,alignmentX=0.0,alignmentY=0.0,border=,flags=9,maximumSize=,minimumSize=,preferredSize=]
2024-06-20 01:24:20,545 [INFO] ADCParametersView:116 -                Rank 1 : false
2024-06-20 01:24:20,547 [INFO] ADCParametersView:116 -                Rank 1 : false
2024-06-20 01:24:20,547 [INFO] ADCParametersView:116 -                Rank 1 : false
2024-06-20 01:24:20,547 [INFO] ADCParametersView:116 -                Rank 1 : false
2024-06-20 01:24:20,547 [INFO] ADCParametersView:116 -                Rank 1 : false
2024-06-20 01:24:20,547 [INFO] ADCParametersView:116 -                Rank 1 : false
2024-06-20 01:24:20,547 [INFO] ADCParametersView:116 -                Rank 1 : false
2024-06-20 01:24:20,547 [INFO] ADCParametersView:116 -                Rank 1 : false
2024-06-20 01:24:20,547 [INFO] ADCParametersView:116 -                Rank 1 : false
2024-06-20 01:24:20,547 [INFO] ADCParametersView:116 -                Rank 1 : false
2024-06-20 01:24:20,547 [INFO] ADCParametersView:116 -                Rank 1 : false
2024-06-20 01:24:20,547 [INFO] ADCParametersView:116 -                Rank 1 : false
2024-06-20 01:24:20,547 [INFO] ADCParametersView:116 -                Rank 1 : false
2024-06-20 01:24:20,547 [INFO] ADCParametersView:116 -                Rank 1 : false
2024-06-20 01:24:20,547 [INFO] ADCParametersView:116 -                Rank 1 : false
2024-06-20 01:24:20,547 [INFO] ADCParametersView:116 -                Rank 1 : false
2024-06-20 01:24:20,547 [INFO] ADCParametersView:116 -                Rank 1 : false
2024-06-20 01:24:20,547 [INFO] ADCParametersView:116 -                Rank 1 : false
2024-06-20 01:24:20,547 [INFO] ADCParametersView:116 -                Rank 1 : false
2024-06-20 01:24:20,547 [INFO] ADCParametersView:116 -                Rank 1 : false
2024-06-20 01:24:20,547 [INFO] ADCParametersView:116 -                Rank 1 : false
2024-06-20 01:24:20,564 [INFO] ADCParametersView:116 -                Rank 1 : false
2024-06-20 01:24:30,121 [INFO] NvicIntPanel:101 - NVIC parent = com.st.microxplorer.plugins.ip.nvic.MultiNvicIntPanel[,0,0,0x0,invalid,layout=javax.swing.BoxLayout,alignmentX=0.0,alignmentY=0.0,border=,flags=9,maximumSize=,minimumSize=,preferredSize=]
2024-06-20 01:24:30,162 [INFO] ADCParametersView:116 -                Rank 1 : false
2024-06-20 01:24:30,164 [INFO] ADCParametersView:116 -                Rank 1 : false
2024-06-20 01:24:30,164 [INFO] ADCParametersView:116 -                Rank 1 : false
2024-06-20 01:24:30,164 [INFO] ADCParametersView:116 -                Rank 1 : false
2024-06-20 01:24:30,164 [INFO] ADCParametersView:116 -                Rank 1 : false
2024-06-20 01:24:30,164 [INFO] ADCParametersView:116 -                Rank 1 : false
2024-06-20 01:24:30,164 [INFO] ADCParametersView:116 -                Rank 1 : false
2024-06-20 01:24:30,164 [INFO] ADCParametersView:116 -                Rank 1 : false
2024-06-20 01:24:30,164 [INFO] ADCParametersView:116 -                Rank 1 : false
2024-06-20 01:24:30,164 [INFO] ADCParametersView:116 -                Rank 1 : false
2024-06-20 01:24:30,164 [INFO] ADCParametersView:116 -                Rank 1 : false
2024-06-20 01:24:30,164 [INFO] ADCParametersView:116 -                Rank 1 : false
2024-06-20 01:24:30,164 [INFO] ADCParametersView:116 -                Rank 1 : false
2024-06-20 01:24:30,165 [INFO] ADCParametersView:116 -                Rank 1 : false
2024-06-20 01:24:30,165 [INFO] ADCParametersView:116 -                Rank 1 : false
2024-06-20 01:24:30,165 [INFO] ADCParametersView:116 -                Rank 1 : false
2024-06-20 01:24:30,165 [INFO] ADCParametersView:116 -                Rank 1 : false
2024-06-20 01:24:30,165 [INFO] ADCParametersView:116 -                Rank 1 : false
2024-06-20 01:24:30,165 [INFO] ADCParametersView:116 -                Rank 1 : false
2024-06-20 01:24:30,165 [INFO] ADCParametersView:116 -                Rank 1 : false
2024-06-20 01:24:30,165 [INFO] ADCParametersView:116 -                Rank 1 : false
2024-06-20 01:24:30,182 [INFO] ADCParametersView:116 -                Rank 1 : false
2024-06-20 01:24:37,052 [INFO] NvicIntPanel:101 - NVIC parent = com.st.microxplorer.plugins.ip.nvic.MultiNvicIntPanel[,0,0,0x0,invalid,layout=javax.swing.BoxLayout,alignmentX=0.0,alignmentY=0.0,border=,flags=9,maximumSize=,minimumSize=,preferredSize=]
2024-06-20 01:24:37,088 [INFO] ADCParametersView:116 -                Rank 1 : false
2024-06-20 01:24:37,090 [INFO] ADCParametersView:116 -                Rank 1 : false
2024-06-20 01:24:37,090 [INFO] ADCParametersView:116 -                Rank 1 : false
2024-06-20 01:24:37,090 [INFO] ADCParametersView:116 -                Rank 1 : false
2024-06-20 01:24:37,090 [INFO] ADCParametersView:116 -                Rank 1 : false
2024-06-20 01:24:37,090 [INFO] ADCParametersView:116 -                Rank 1 : false
2024-06-20 01:24:37,090 [INFO] ADCParametersView:116 -                Rank 1 : false
2024-06-20 01:24:37,090 [INFO] ADCParametersView:116 -                Rank 1 : false
2024-06-20 01:24:37,090 [INFO] ADCParametersView:116 -                Rank 1 : false
2024-06-20 01:24:37,090 [INFO] ADCParametersView:116 -                Rank 1 : false
2024-06-20 01:24:37,090 [INFO] ADCParametersView:116 -                Rank 1 : false
2024-06-20 01:24:37,090 [INFO] ADCParametersView:116 -                Rank 1 : false
2024-06-20 01:24:37,090 [INFO] ADCParametersView:116 -                Rank 1 : false
2024-06-20 01:24:37,090 [INFO] ADCParametersView:116 -                Rank 1 : false
2024-06-20 01:24:37,090 [INFO] ADCParametersView:116 -                Rank 1 : false
2024-06-20 01:24:37,090 [INFO] ADCParametersView:116 -                Rank 1 : false
2024-06-20 01:24:37,090 [INFO] ADCParametersView:116 -                Rank 1 : false
2024-06-20 01:24:37,090 [INFO] ADCParametersView:116 -                Rank 1 : false
2024-06-20 01:24:37,090 [INFO] ADCParametersView:116 -                Rank 1 : false
2024-06-20 01:24:37,090 [INFO] ADCParametersView:116 -                Rank 1 : false
2024-06-20 01:24:37,091 [INFO] ADCParametersView:116 -                Rank 1 : false
2024-06-20 01:24:37,091 [INFO] ADCParametersView:116 -                Rank 1 : false
2024-06-20 01:24:37,091 [INFO] ADCParametersView:116 -                Rank 1 : false
2024-06-20 01:24:37,091 [INFO] ADCParametersView:116 -                Rank 1 : false
2024-06-20 01:24:37,091 [INFO] ADCParametersView:116 -                Rank 1 : false
2024-06-20 01:24:37,108 [INFO] ADCParametersView:116 -                Rank 1 : false
2024-06-20 01:24:48,375 [INFO] UtilMem:75 - End SaveConfig() Used Memory: 454535320 Bytes (1073741824)
2024-06-20 01:24:49,814 [INFO] UtilMem:75 - End SaveConfig() Used Memory: 483373208 Bytes (1073741824)
2024-06-20 01:24:52,370 [INFO] UtilMem:75 - End SaveConfig() Used Memory: 574599320 Bytes (1073741824)
2024-06-20 01:24:52,523 [INFO] BlockDiagram:2759 - set Specific Code input for plugin: TIM1_8G4
2024-06-20 01:24:52,523 [INFO] BlockDiagram:2759 - set Specific Code input for plugin: ADC
2024-06-20 01:24:52,523 [INFO] BlockDiagram:2759 - set Specific Code input for plugin: ADC
2024-06-20 01:24:52,523 [INFO] BlockDiagram:2759 - set Specific Code input for plugin: SYS
2024-06-20 01:24:52,523 [INFO] BlockDiagram:2759 - set Specific Code input for plugin: ADC
2024-06-20 01:24:52,523 [INFO] BlockDiagram:2759 - set Specific Code input for plugin: ADC
2024-06-20 01:24:52,523 [INFO] BlockDiagram:2759 - set Specific Code input for plugin: RCC
2024-06-20 01:24:52,523 [INFO] BlockDiagram:2759 - set Specific Code input for plugin: NVIC
2024-06-20 01:24:52,523 [INFO] BlockDiagram:2759 - set Specific Code input for plugin: GPIO
2024-06-20 01:24:52,524 [INFO] CodeGenerator:807 - code generatio: config db path: C:\ST\STM32CubeIDE_1.10.1\STM32CubeIDE\plugins\com.st.stm32cube.common.mx_6.11.1.202404110753\\db\
2024-06-20 01:24:52,602 [INFO] CodeEngine:255 - oldGeneratedFile, D:\Download\DeleteThis\FinalCurrentController\MXTmpFiles\license.tmp_save
2024-06-20 01:24:52,686 [INFO] CodeEngine:279 - Generated code: D:\Download\DeleteThis\FinalCurrentController\MXTmpFiles\license.tmp
2024-06-20 01:24:52,705 [INFO] CodeEngine:255 - oldGeneratedFile, D:\Download\DeleteThis\FinalCurrentController\MXTmpFiles\gpio.tmp_save
2024-06-20 01:24:52,796 [INFO] CodeEngine:279 - Generated code: D:\Download\DeleteThis\FinalCurrentController\MXTmpFiles\gpio.tmp
2024-06-20 01:24:52,937 [INFO] CodeEngine:255 - oldGeneratedFile, D:\Download\DeleteThis\FinalCurrentController\Core\Src\stm32g4xx_it.c_save
2024-06-20 01:24:53,035 [INFO] CodeEngine:279 - Generated code: D:\Download\DeleteThis\FinalCurrentController\Core\Src\stm32g4xx_it.c
2024-06-20 01:24:53,041 [INFO] CodeEngine:255 - oldGeneratedFile, D:\Download\DeleteThis\FinalCurrentController\Core\Inc\stm32g4xx_it.h_save
2024-06-20 01:24:53,120 [INFO] CodeEngine:279 - Generated code: D:\Download\DeleteThis\FinalCurrentController\Core\Inc\stm32g4xx_it.h
2024-06-20 01:24:53,148 [INFO] CodeEngine:255 - oldGeneratedFile, D:\Download\DeleteThis\FinalCurrentController\Core\Src\stm32g4xx_hal_msp.c_save
2024-06-20 01:24:53,248 [INFO] CodeEngine:279 - Generated code: D:\Download\DeleteThis\FinalCurrentController\Core\Src\stm32g4xx_hal_msp.c
2024-06-20 01:24:53,253 [INFO] CodeEngine:255 - oldGeneratedFile, D:\Download\DeleteThis\FinalCurrentController\MXTmpFiles\system.tmp_save
2024-06-20 01:24:53,324 [INFO] CodeEngine:279 - Generated code: D:\Download\DeleteThis\FinalCurrentController\MXTmpFiles\system.tmp
2024-06-20 01:24:53,339 [INFO] CodeEngine:311 - oldGeneratedFile, D:\Download\DeleteThis\FinalCurrentController\Core\Inc\stm32g4xx_hal_conf.h_save
2024-06-20 01:24:53,478 [INFO] CodeEngine:335 - Generated code: D:\Download\DeleteThis\FinalCurrentController\Core\Inc\stm32g4xx_hal_conf.h
2024-06-20 01:24:53,505 [WARN] IPConfigManager:2982 - Warning: the RefConfig RCC_CommonPeriphClockConfig is not available in your config.xml file
2024-06-20 01:24:53,507 [WARN] IPConfigManager:3513 - IP not found : TIM
2024-06-20 01:24:53,507 [WARN] CodeGenerator:3951 - IP not found : null
2024-06-20 01:24:53,520 [INFO] CodeEngine:255 - oldGeneratedFile, D:\Download\DeleteThis\FinalCurrentController\Core\Inc\main.h_save
2024-06-20 01:24:53,622 [INFO] CodeEngine:279 - Generated code: D:\Download\DeleteThis\FinalCurrentController\Core\Inc\main.h
2024-06-20 01:24:53,640 [INFO] CodeEngine:255 - oldGeneratedFile, D:\Download\DeleteThis\FinalCurrentController\Core\Src\main.c_save
2024-06-20 01:24:53,766 [INFO] CodeEngine:279 - Generated code: D:\Download\DeleteThis\FinalCurrentController\Core\Src\main.c
2024-06-20 01:24:54,002 [INFO] ProjectBuilder:3163 - Time for Copy HAL[1] : 116mS.
2024-06-20 01:24:54,004 [INFO] ProjectBuilder:4736 - Project Generator version: 4.3.0-B58
2024-06-20 01:24:54,075 [INFO] ConfigFileManager:1503 - The Die is : DIE469
2024-06-20 01:24:54,666 [INFO] ProjectBuilder:5002 - Time for Generating toolchain IDE Files: 662mS.
2024-06-20 01:24:54,667 [INFO] ProjectBuilder:3034 - Time for Copy CMSIS : 1mS.
2024-06-20 01:24:54,668 [INFO] ProjectBuilder:3034 - Time for Copy CMSIS : 0mS.
2024-06-20 01:36:41,862 [INFO] ADCParametersView:116 -                Rank 1 : false
2024-06-20 01:36:41,864 [INFO] ADCParametersView:116 -                Rank 1 : false
2024-06-20 01:36:41,864 [INFO] ADCParametersView:116 -                Rank 1 : false
2024-06-20 01:36:41,864 [INFO] ADCParametersView:116 -                Rank 1 : false
2024-06-20 01:36:41,864 [INFO] ADCParametersView:116 -                Rank 1 : false
2024-06-20 01:36:41,864 [INFO] ADCParametersView:116 -                Rank 1 : false
2024-06-20 01:36:41,864 [INFO] ADCParametersView:116 -                Rank 1 : false
2024-06-20 01:36:41,864 [INFO] ADCParametersView:116 -                Rank 1 : false
2024-06-20 01:36:41,864 [INFO] ADCParametersView:116 -                Rank 1 : false
2024-06-20 01:36:41,864 [INFO] ADCParametersView:116 -                Rank 1 : false
2024-06-20 01:36:41,864 [INFO] ADCParametersView:116 -                Rank 1 : false
2024-06-20 01:36:41,864 [INFO] ADCParametersView:116 -                Rank 1 : false
2024-06-20 01:36:41,864 [INFO] ADCParametersView:116 -                Rank 1 : false
2024-06-20 01:36:41,864 [INFO] ADCParametersView:116 -                Rank 1 : false
2024-06-20 01:36:41,864 [INFO] ADCParametersView:116 -                Rank 1 : false
2024-06-20 01:36:41,864 [INFO] ADCParametersView:116 -                Rank 1 : false
2024-06-20 01:36:41,864 [INFO] ADCParametersView:116 -                Rank 1 : false
2024-06-20 01:36:41,864 [INFO] ADCParametersView:116 -                Rank 1 : false
2024-06-20 01:36:41,864 [INFO] ADCParametersView:116 -                Rank 1 : false
2024-06-20 01:36:41,864 [INFO] ADCParametersView:116 -                Rank 1 : false
2024-06-20 01:36:41,865 [INFO] ADCParametersView:116 -                Rank 1 : false
2024-06-20 01:36:41,865 [INFO] ADCParametersView:116 -                Rank 1 : false
2024-06-20 01:36:41,865 [INFO] ADCParametersView:116 -                Rank 1 : false
2024-06-20 01:36:41,865 [INFO] ADCParametersView:116 -                Rank 1 : false
2024-06-20 01:36:41,884 [INFO] ADCParametersView:116 -                Rank 1 : false
2024-06-20 01:36:41,908 [INFO] ADCParametersView:116 -                Rank 1 : false
2024-06-20 01:36:41,908 [INFO] ADCParametersView:116 -                Rank 1 : false
2024-06-20 01:36:41,908 [INFO] ADCParametersView:116 -                Rank 1 : false
2024-06-20 01:36:41,909 [INFO] ADCParametersView:116 -                Rank 1 : false
2024-06-20 01:36:41,909 [INFO] ADCParametersView:116 -                Rank 1 : false
2024-06-20 01:36:41,909 [INFO] ADCParametersView:116 -                Rank 1 : false
2024-06-20 01:36:41,909 [INFO] ADCParametersView:116 -                Rank 1 : false
2024-06-20 01:36:41,909 [INFO] ADCParametersView:116 -                Rank 1 : false
2024-06-20 01:36:41,909 [INFO] ADCParametersView:116 -                Rank 1 : false
2024-06-20 01:36:41,909 [INFO] ADCParametersView:116 -                Rank 1 : false
2024-06-20 01:36:41,909 [INFO] ADCParametersView:116 -                Rank 1 : false
2024-06-20 01:36:41,909 [INFO] ADCParametersView:116 -                Rank 1 : false
2024-06-20 01:36:41,909 [INFO] ADCParametersView:116 -                Rank 1 : false
2024-06-20 01:36:41,909 [INFO] ADCParametersView:116 -                Rank 1 : false
2024-06-20 01:36:41,909 [INFO] ADCParametersView:116 -                Rank 1 : false
2024-06-20 01:36:41,909 [INFO] ADCParametersView:116 -                Rank 1 : false
2024-06-20 01:36:41,909 [INFO] ADCParametersView:116 -                Rank 1 : false
2024-06-20 01:36:41,909 [INFO] ADCParametersView:116 -                Rank 1 : false
2024-06-20 01:36:41,909 [INFO] ADCParametersView:116 -                Rank 1 : false
2024-06-20 01:36:41,909 [INFO] ADCParametersView:116 -                Rank 1 : false
2024-06-20 01:36:41,909 [INFO] ADCParametersView:116 -                Rank 1 : false
2024-06-20 01:36:41,909 [INFO] ADCParametersView:116 -                Rank 1 : false
2024-06-20 01:36:41,909 [INFO] ADCParametersView:116 -                Rank 1 : false
2024-06-20 01:36:41,909 [INFO] ADCParametersView:116 -                Rank 1 : false
2024-06-20 01:36:41,927 [INFO] ADCParametersView:116 -                Rank 1 : false
2024-06-20 01:36:43,147 [INFO] ADCParametersView:116 -                Rank 1 : false
2024-06-20 01:36:43,152 [INFO] ADCParametersView:116 -                Rank 1 : false
2024-06-20 01:36:43,152 [INFO] ADCParametersView:116 -                Rank 1 : false
2024-06-20 01:36:43,152 [INFO] ADCParametersView:116 -                Rank 1 : false
2024-06-20 01:36:43,152 [INFO] ADCParametersView:116 -                Rank 1 : false
2024-06-20 01:36:43,152 [INFO] ADCParametersView:116 -                Rank 1 : false
2024-06-20 01:36:43,152 [INFO] ADCParametersView:116 -                Rank 1 : false
2024-06-20 01:36:43,152 [INFO] ADCParametersView:116 -                Rank 1 : false
2024-06-20 01:36:43,152 [INFO] ADCParametersView:116 -                Rank 1 : false
2024-06-20 01:36:43,152 [INFO] ADCParametersView:116 -                Rank 1 : false
2024-06-20 01:36:43,152 [INFO] ADCParametersView:116 -                Rank 1 : false
2024-06-20 01:36:43,152 [INFO] ADCParametersView:116 -                Rank 1 : false
2024-06-20 01:36:43,152 [INFO] ADCParametersView:116 -                Rank 1 : false
2024-06-20 01:36:43,152 [INFO] ADCParametersView:116 -                Rank 1 : false
2024-06-20 01:36:43,152 [INFO] ADCParametersView:116 -                Rank 1 : false
2024-06-20 01:36:43,152 [INFO] ADCParametersView:116 -                Rank 1 : false
2024-06-20 01:36:43,153 [INFO] ADCParametersView:116 -                Rank 1 : false
2024-06-20 01:36:43,153 [INFO] ADCParametersView:116 -                Rank 1 : false
2024-06-20 01:36:43,153 [INFO] ADCParametersView:116 -                Rank 1 : false
2024-06-20 01:36:43,153 [INFO] ADCParametersView:116 -                Rank 1 : false
2024-06-20 01:36:43,153 [INFO] ADCParametersView:116 -                Rank 1 : false
2024-06-20 01:36:43,153 [INFO] ADCParametersView:116 -                Rank 1 : false
2024-06-20 01:36:43,153 [INFO] ADCParametersView:116 -                Rank 1 : false
2024-06-20 01:36:43,153 [INFO] ADCParametersView:116 -                Rank 1 : false
2024-06-20 01:36:43,153 [INFO] ADCParametersView:116 -                Rank 1 : false
2024-06-20 01:36:43,170 [INFO] ADCParametersView:116 -                Rank 1 : false
2024-06-20 01:36:43,194 [INFO] ADCParametersView:116 -                Rank 1 : false
2024-06-20 01:36:43,195 [INFO] ADCParametersView:116 -                Rank 1 : false
2024-06-20 01:36:43,195 [INFO] ADCParametersView:116 -                Rank 1 : false
2024-06-20 01:36:43,195 [INFO] ADCParametersView:116 -                Rank 1 : false
2024-06-20 01:36:43,195 [INFO] ADCParametersView:116 -                Rank 1 : false
2024-06-20 01:36:43,195 [INFO] ADCParametersView:116 -                Rank 1 : false
2024-06-20 01:36:43,195 [INFO] ADCParametersView:116 -                Rank 1 : false
2024-06-20 01:36:43,195 [INFO] ADCParametersView:116 -                Rank 1 : false
2024-06-20 01:36:43,195 [INFO] ADCParametersView:116 -                Rank 1 : false
2024-06-20 01:36:43,195 [INFO] ADCParametersView:116 -                Rank 1 : false
2024-06-20 01:36:43,195 [INFO] ADCParametersView:116 -                Rank 1 : false
2024-06-20 01:36:43,195 [INFO] ADCParametersView:116 -                Rank 1 : false
2024-06-20 01:36:43,195 [INFO] ADCParametersView:116 -                Rank 1 : false
2024-06-20 01:36:43,195 [INFO] ADCParametersView:116 -                Rank 1 : false
2024-06-20 01:36:43,195 [INFO] ADCParametersView:116 -                Rank 1 : false
2024-06-20 01:36:43,195 [INFO] ADCParametersView:116 -                Rank 1 : false
2024-06-20 01:36:43,195 [INFO] ADCParametersView:116 -                Rank 1 : false
2024-06-20 01:36:43,195 [INFO] ADCParametersView:116 -                Rank 1 : false
2024-06-20 01:36:43,195 [INFO] ADCParametersView:116 -                Rank 1 : false
2024-06-20 01:36:43,195 [INFO] ADCParametersView:116 -                Rank 1 : false
2024-06-20 01:36:43,195 [INFO] ADCParametersView:116 -                Rank 1 : false
2024-06-20 01:36:43,195 [INFO] ADCParametersView:116 -                Rank 1 : false
2024-06-20 01:36:43,195 [INFO] ADCParametersView:116 -                Rank 1 : false
2024-06-20 01:36:43,195 [INFO] ADCParametersView:116 -                Rank 1 : false
2024-06-20 01:36:43,195 [INFO] ADCParametersView:116 -                Rank 1 : false
2024-06-20 01:36:43,213 [INFO] ADCParametersView:116 -                Rank 1 : false
2024-06-20 01:41:57,668 [INFO] ADCParametersView:116 -                Rank 1 : false
2024-06-20 01:41:57,668 [INFO] ADCParametersView:116 -                Rank 1 : false
2024-06-20 01:41:57,668 [INFO] ADCParametersView:116 -                Rank 1 : false
2024-06-20 01:41:57,668 [INFO] ADCParametersView:116 -                Rank 1 : false
2024-06-20 01:41:57,668 [INFO] ADCParametersView:116 -                Rank 1 : false
2024-06-20 01:41:57,668 [INFO] ADCParametersView:116 -                Rank 1 : false
2024-06-20 01:41:57,668 [INFO] ADCParametersView:116 -                Rank 1 : false
2024-06-20 01:41:57,668 [INFO] ADCParametersView:116 -                Rank 1 : false
2024-06-20 01:41:57,668 [INFO] ADCParametersView:116 -                Rank 1 : false
2024-06-20 01:41:57,669 [INFO] ADCParametersView:116 -                Rank 1 : false
2024-06-20 01:41:57,669 [INFO] ADCParametersView:116 -                Rank 1 : false
2024-06-20 01:41:57,669 [INFO] ADCParametersView:116 -                Rank 1 : false
2024-06-20 01:41:57,669 [INFO] ADCParametersView:116 -                Rank 1 : false
2024-06-20 01:41:57,669 [INFO] ADCParametersView:116 -                Rank 1 : false
2024-06-20 01:41:57,669 [INFO] ADCParametersView:116 -                Rank 1 : false
2024-06-20 01:41:57,669 [INFO] ADCParametersView:116 -                Rank 1 : false
2024-06-20 01:41:57,669 [INFO] ADCParametersView:116 -                Rank 1 : false
2024-06-20 01:41:57,669 [INFO] ADCParametersView:116 -                Rank 1 : false
2024-06-20 01:41:57,669 [INFO] ADCParametersView:116 -                Rank 1 : false
2024-06-20 01:41:57,669 [INFO] ADCParametersView:116 -                Rank 1 : false
2024-06-20 01:41:57,669 [INFO] ADCParametersView:116 -                Rank 1 : false
2024-06-20 01:41:57,682 [INFO] ADCParametersView:116 -                Rank 1 : false
2024-06-20 01:41:57,704 [INFO] ADCParametersView:116 -                Rank 1 : false
2024-06-20 01:41:57,705 [INFO] ADCParametersView:116 -                Rank 1 : false
2024-06-20 01:41:57,705 [INFO] ADCParametersView:116 -                Rank 1 : false
2024-06-20 01:41:57,705 [INFO] ADCParametersView:116 -                Rank 1 : false
2024-06-20 01:41:57,705 [INFO] ADCParametersView:116 -                Rank 1 : false
2024-06-20 01:41:57,705 [INFO] ADCParametersView:116 -                Rank 1 : false
2024-06-20 01:41:57,705 [INFO] ADCParametersView:116 -                Rank 1 : false
2024-06-20 01:41:57,705 [INFO] ADCParametersView:116 -                Rank 1 : false
2024-06-20 01:41:57,705 [INFO] ADCParametersView:116 -                Rank 1 : false
2024-06-20 01:41:57,705 [INFO] ADCParametersView:116 -                Rank 1 : false
2024-06-20 01:41:57,705 [INFO] ADCParametersView:116 -                Rank 1 : false
2024-06-20 01:41:57,705 [INFO] ADCParametersView:116 -                Rank 1 : false
2024-06-20 01:41:57,705 [INFO] ADCParametersView:116 -                Rank 1 : false
2024-06-20 01:41:57,705 [INFO] ADCParametersView:116 -                Rank 1 : false
2024-06-20 01:41:57,705 [INFO] ADCParametersView:116 -                Rank 1 : false
2024-06-20 01:41:57,705 [INFO] ADCParametersView:116 -                Rank 1 : false
2024-06-20 01:41:57,705 [INFO] ADCParametersView:116 -                Rank 1 : false
2024-06-20 01:41:57,705 [INFO] ADCParametersView:116 -                Rank 1 : false
2024-06-20 01:41:57,705 [INFO] ADCParametersView:116 -                Rank 1 : false
2024-06-20 01:41:57,705 [INFO] ADCParametersView:116 -                Rank 1 : false
2024-06-20 01:41:57,705 [INFO] ADCParametersView:116 -                Rank 1 : false
2024-06-20 01:41:57,718 [INFO] ADCParametersView:116 -                Rank 1 : false
2024-06-20 01:42:05,264 [INFO] ADCParametersView:116 -                Rank 1 : false
2024-06-20 01:42:05,264 [INFO] ADCParametersView:116 -                Rank 1 : false
2024-06-20 01:42:05,264 [INFO] ADCParametersView:116 -                Rank 1 : false
2024-06-20 01:42:05,264 [INFO] ADCParametersView:116 -                Rank 1 : false
2024-06-20 01:42:05,264 [INFO] ADCParametersView:116 -                Rank 1 : false
2024-06-20 01:42:05,264 [INFO] ADCParametersView:116 -                Rank 1 : false
2024-06-20 01:42:05,264 [INFO] ADCParametersView:116 -                Rank 1 : false
2024-06-20 01:42:05,264 [INFO] ADCParametersView:116 -                Rank 1 : false
2024-06-20 01:42:05,265 [INFO] ADCParametersView:116 -                Rank 1 : false
2024-06-20 01:42:05,265 [INFO] ADCParametersView:116 -                Rank 1 : false
2024-06-20 01:42:05,265 [INFO] ADCParametersView:116 -                Rank 1 : false
2024-06-20 01:42:05,265 [INFO] ADCParametersView:116 -                Rank 1 : false
2024-06-20 01:42:05,265 [INFO] ADCParametersView:116 -                Rank 1 : false
2024-06-20 01:42:05,265 [INFO] ADCParametersView:116 -                Rank 1 : false
2024-06-20 01:42:05,265 [INFO] ADCParametersView:116 -                Rank 1 : false
2024-06-20 01:42:05,265 [INFO] ADCParametersView:116 -                Rank 1 : false
2024-06-20 01:42:05,266 [INFO] ADCParametersView:116 -                Rank 1 : false
2024-06-20 01:42:05,266 [INFO] ADCParametersView:116 -                Rank 1 : false
2024-06-20 01:42:05,266 [INFO] ADCParametersView:116 -                Rank 1 : false
2024-06-20 01:42:05,266 [INFO] ADCParametersView:116 -                Rank 1 : false
2024-06-20 01:42:05,266 [INFO] ADCParametersView:116 -                Rank 1 : false
2024-06-20 01:42:05,296 [INFO] ADCParametersView:116 -                Rank 1 : false
2024-06-20 01:42:05,332 [INFO] ADCParametersView:116 -                Rank 1 : false
2024-06-20 01:42:05,332 [INFO] ADCParametersView:116 -                Rank 1 : false
2024-06-20 01:42:05,332 [INFO] ADCParametersView:116 -                Rank 1 : false
2024-06-20 01:42:05,332 [INFO] ADCParametersView:116 -                Rank 1 : false
2024-06-20 01:42:05,332 [INFO] ADCParametersView:116 -                Rank 1 : false
2024-06-20 01:42:05,332 [INFO] ADCParametersView:116 -                Rank 1 : false
2024-06-20 01:42:05,332 [INFO] ADCParametersView:116 -                Rank 1 : false
2024-06-20 01:42:05,332 [INFO] ADCParametersView:116 -                Rank 1 : false
2024-06-20 01:42:05,332 [INFO] ADCParametersView:116 -                Rank 1 : false
2024-06-20 01:42:05,332 [INFO] ADCParametersView:116 -                Rank 1 : false
2024-06-20 01:42:05,333 [INFO] ADCParametersView:116 -                Rank 1 : false
2024-06-20 01:42:05,333 [INFO] ADCParametersView:116 -                Rank 1 : false
2024-06-20 01:42:05,333 [INFO] ADCParametersView:116 -                Rank 1 : false
2024-06-20 01:42:05,333 [INFO] ADCParametersView:116 -                Rank 1 : false
2024-06-20 01:42:05,333 [INFO] ADCParametersView:116 -                Rank 1 : false
2024-06-20 01:42:05,333 [INFO] ADCParametersView:116 -                Rank 1 : false
2024-06-20 01:42:05,333 [INFO] ADCParametersView:116 -                Rank 1 : false
2024-06-20 01:42:05,333 [INFO] ADCParametersView:116 -                Rank 1 : false
2024-06-20 01:42:05,333 [INFO] ADCParametersView:116 -                Rank 1 : false
2024-06-20 01:42:05,333 [INFO] ADCParametersView:116 -                Rank 1 : false
2024-06-20 01:42:05,333 [INFO] ADCParametersView:116 -                Rank 1 : false
2024-06-20 01:42:05,362 [INFO] ADCParametersView:116 -                Rank 1 : false
2024-06-20 01:42:06,692 [INFO] ADCParametersView:116 -                Rank 1 : false
2024-06-20 01:42:06,694 [INFO] ADCParametersView:116 -                Rank 1 : false
2024-06-20 01:42:06,694 [INFO] ADCParametersView:116 -                Rank 1 : false
2024-06-20 01:42:06,694 [INFO] ADCParametersView:116 -                Rank 1 : false
2024-06-20 01:42:06,694 [INFO] ADCParametersView:116 -                Rank 1 : false
2024-06-20 01:42:06,695 [INFO] ADCParametersView:116 -                Rank 1 : false
2024-06-20 01:42:06,695 [INFO] ADCParametersView:116 -                Rank 1 : false
2024-06-20 01:42:06,695 [INFO] ADCParametersView:116 -                Rank 1 : false
2024-06-20 01:42:06,695 [INFO] ADCParametersView:116 -                Rank 1 : false
2024-06-20 01:42:06,695 [INFO] ADCParametersView:116 -                Rank 1 : false
2024-06-20 01:42:06,695 [INFO] ADCParametersView:116 -                Rank 1 : false
2024-06-20 01:42:06,695 [INFO] ADCParametersView:116 -                Rank 1 : false
2024-06-20 01:42:06,695 [INFO] ADCParametersView:116 -                Rank 1 : false
2024-06-20 01:42:06,695 [INFO] ADCParametersView:116 -                Rank 1 : false
2024-06-20 01:42:06,695 [INFO] ADCParametersView:116 -                Rank 1 : false
2024-06-20 01:42:06,695 [INFO] ADCParametersView:116 -                Rank 1 : false
2024-06-20 01:42:06,695 [INFO] ADCParametersView:116 -                Rank 1 : false
2024-06-20 01:42:06,696 [INFO] ADCParametersView:116 -                Rank 1 : false
2024-06-20 01:42:06,696 [INFO] ADCParametersView:116 -                Rank 1 : false
2024-06-20 01:42:06,696 [INFO] ADCParametersView:116 -                Rank 1 : false
2024-06-20 01:42:06,696 [INFO] ADCParametersView:116 -                Rank 1 : false
2024-06-20 01:42:06,696 [INFO] ADCParametersView:116 -                Rank 1 : false
2024-06-20 01:42:06,696 [INFO] ADCParametersView:116 -                Rank 1 : false
2024-06-20 01:42:06,696 [INFO] ADCParametersView:116 -                Rank 1 : false
2024-06-20 01:42:06,737 [INFO] ADCParametersView:116 -                Rank 1 : false
2024-06-20 01:42:06,791 [INFO] ADCParametersView:116 -                Rank 1 : false
2024-06-20 01:42:06,792 [INFO] ADCParametersView:116 -                Rank 1 : false
2024-06-20 01:42:06,792 [INFO] ADCParametersView:116 -                Rank 1 : false
2024-06-20 01:42:06,793 [INFO] ADCParametersView:116 -                Rank 1 : false
2024-06-20 01:42:06,793 [INFO] ADCParametersView:116 -                Rank 1 : false
2024-06-20 01:42:06,793 [INFO] ADCParametersView:116 -                Rank 1 : false
2024-06-20 01:42:06,793 [INFO] ADCParametersView:116 -                Rank 1 : false
2024-06-20 01:42:06,793 [INFO] ADCParametersView:116 -                Rank 1 : false
2024-06-20 01:42:06,793 [INFO] ADCParametersView:116 -                Rank 1 : false
2024-06-20 01:42:06,793 [INFO] ADCParametersView:116 -                Rank 1 : false
2024-06-20 01:42:06,793 [INFO] ADCParametersView:116 -                Rank 1 : false
2024-06-20 01:42:06,793 [INFO] ADCParametersView:116 -                Rank 1 : false
2024-06-20 01:42:06,793 [INFO] ADCParametersView:116 -                Rank 1 : false
2024-06-20 01:42:06,794 [INFO] ADCParametersView:116 -                Rank 1 : false
2024-06-20 01:42:06,794 [INFO] ADCParametersView:116 -                Rank 1 : false
2024-06-20 01:42:06,794 [INFO] ADCParametersView:116 -                Rank 1 : false
2024-06-20 01:42:06,794 [INFO] ADCParametersView:116 -                Rank 1 : false
2024-06-20 01:42:06,794 [INFO] ADCParametersView:116 -                Rank 1 : false
2024-06-20 01:42:06,794 [INFO] ADCParametersView:116 -                Rank 1 : false
2024-06-20 01:42:06,794 [INFO] ADCParametersView:116 -                Rank 1 : false
2024-06-20 01:42:06,794 [INFO] ADCParametersView:116 -                Rank 1 : false
2024-06-20 01:42:06,794 [INFO] ADCParametersView:116 -                Rank 1 : false
2024-06-20 01:42:06,794 [INFO] ADCParametersView:116 -                Rank 1 : false
2024-06-20 01:42:06,794 [INFO] ADCParametersView:116 -                Rank 1 : false
2024-06-20 01:42:06,838 [INFO] ADCParametersView:116 -                Rank 1 : false
2024-06-20 01:42:09,701 [INFO] ADCParametersView:116 -                Rank 1 : false
2024-06-20 01:42:09,702 [INFO] ADCParametersView:116 -                Rank 1 : false
2024-06-20 01:42:09,702 [INFO] ADCParametersView:116 -                Rank 1 : false
2024-06-20 01:42:09,702 [INFO] ADCParametersView:116 -                Rank 1 : false
2024-06-20 01:42:09,702 [INFO] ADCParametersView:116 -                Rank 1 : false
2024-06-20 01:42:09,702 [INFO] ADCParametersView:116 -                Rank 1 : false
2024-06-20 01:42:09,702 [INFO] ADCParametersView:116 -                Rank 1 : false
2024-06-20 01:42:09,702 [INFO] ADCParametersView:116 -                Rank 1 : false
2024-06-20 01:42:09,702 [INFO] ADCParametersView:116 -                Rank 1 : false
2024-06-20 01:42:09,702 [INFO] ADCParametersView:116 -                Rank 1 : false
2024-06-20 01:42:09,702 [INFO] ADCParametersView:116 -                Rank 1 : false
2024-06-20 01:42:09,702 [INFO] ADCParametersView:116 -                Rank 1 : false
2024-06-20 01:42:09,702 [INFO] ADCParametersView:116 -                Rank 1 : false
2024-06-20 01:42:09,702 [INFO] ADCParametersView:116 -                Rank 1 : false
2024-06-20 01:42:09,702 [INFO] ADCParametersView:116 -                Rank 1 : false
2024-06-20 01:42:09,702 [INFO] ADCParametersView:116 -                Rank 1 : false
2024-06-20 01:42:09,702 [INFO] ADCParametersView:116 -                Rank 1 : false
2024-06-20 01:42:09,702 [INFO] ADCParametersView:116 -                Rank 1 : false
2024-06-20 01:42:09,702 [INFO] ADCParametersView:116 -                Rank 1 : false
2024-06-20 01:42:09,702 [INFO] ADCParametersView:116 -                Rank 1 : false
2024-06-20 01:42:09,702 [INFO] ADCParametersView:116 -                Rank 1 : false
2024-06-20 01:42:09,702 [INFO] ADCParametersView:116 -                Rank 1 : false
2024-06-20 01:42:09,702 [INFO] ADCParametersView:116 -                Rank 1 : false
2024-06-20 01:42:09,702 [INFO] ADCParametersView:116 -                Rank 1 : false
2024-06-20 01:42:09,703 [INFO] ADCParametersView:116 -                Rank 1 : false
2024-06-20 01:42:09,719 [INFO] ADCParametersView:116 -                Rank 1 : false
2024-06-20 01:42:09,744 [INFO] ADCParametersView:116 -                Rank 1 : false
2024-06-20 01:42:09,745 [INFO] ADCParametersView:116 -                Rank 1 : false
2024-06-20 01:42:09,745 [INFO] ADCParametersView:116 -                Rank 1 : false
2024-06-20 01:42:09,745 [INFO] ADCParametersView:116 -                Rank 1 : false
2024-06-20 01:42:09,745 [INFO] ADCParametersView:116 -                Rank 1 : false
2024-06-20 01:42:09,745 [INFO] ADCParametersView:116 -                Rank 1 : false
2024-06-20 01:42:09,745 [INFO] ADCParametersView:116 -                Rank 1 : false
2024-06-20 01:42:09,745 [INFO] ADCParametersView:116 -                Rank 1 : false
2024-06-20 01:42:09,745 [INFO] ADCParametersView:116 -                Rank 1 : false
2024-06-20 01:42:09,745 [INFO] ADCParametersView:116 -                Rank 1 : false
2024-06-20 01:42:09,745 [INFO] ADCParametersView:116 -                Rank 1 : false
2024-06-20 01:42:09,746 [INFO] ADCParametersView:116 -                Rank 1 : false
2024-06-20 01:42:09,746 [INFO] ADCParametersView:116 -                Rank 1 : false
2024-06-20 01:42:09,746 [INFO] ADCParametersView:116 -                Rank 1 : false
2024-06-20 01:42:09,746 [INFO] ADCParametersView:116 -                Rank 1 : false
2024-06-20 01:42:09,746 [INFO] ADCParametersView:116 -                Rank 1 : false
2024-06-20 01:42:09,746 [INFO] ADCParametersView:116 -                Rank 1 : false
2024-06-20 01:42:09,746 [INFO] ADCParametersView:116 -                Rank 1 : false
2024-06-20 01:42:09,746 [INFO] ADCParametersView:116 -                Rank 1 : false
2024-06-20 01:42:09,746 [INFO] ADCParametersView:116 -                Rank 1 : false
2024-06-20 01:42:09,746 [INFO] ADCParametersView:116 -                Rank 1 : false
2024-06-20 01:42:09,746 [INFO] ADCParametersView:116 -                Rank 1 : false
2024-06-20 01:42:09,746 [INFO] ADCParametersView:116 -                Rank 1 : false
2024-06-20 01:42:09,746 [INFO] ADCParametersView:116 -                Rank 1 : false
2024-06-20 01:42:09,746 [INFO] ADCParametersView:116 -                Rank 1 : false
2024-06-20 01:42:09,765 [INFO] ADCParametersView:116 -                Rank 1 : false
2024-06-20 01:42:12,832 [INFO] ADCParametersView:116 -                Rank 1 : false
2024-06-20 01:42:12,833 [INFO] ADCParametersView:116 -                Rank 1 : false
2024-06-20 01:42:12,834 [INFO] ADCParametersView:116 -                Rank 1 : false
2024-06-20 01:42:12,834 [INFO] ADCParametersView:116 -                Rank 1 : false
2024-06-20 01:42:12,834 [INFO] ADCParametersView:116 -                Rank 1 : false
2024-06-20 01:42:12,834 [INFO] ADCParametersView:116 -                Rank 1 : false
2024-06-20 01:42:12,834 [INFO] ADCParametersView:116 -                Rank 1 : false
2024-06-20 01:42:12,834 [INFO] ADCParametersView:116 -                Rank 1 : false
2024-06-20 01:42:12,834 [INFO] ADCParametersView:116 -                Rank 1 : false
2024-06-20 01:42:12,834 [INFO] ADCParametersView:116 -                Rank 1 : false
2024-06-20 01:42:12,834 [INFO] ADCParametersView:116 -                Rank 1 : false
2024-06-20 01:42:12,834 [INFO] ADCParametersView:116 -                Rank 1 : false
2024-06-20 01:42:12,834 [INFO] ADCParametersView:116 -                Rank 1 : false
2024-06-20 01:42:12,834 [INFO] ADCParametersView:116 -                Rank 1 : false
2024-06-20 01:42:12,834 [INFO] ADCParametersView:116 -                Rank 1 : false
2024-06-20 01:42:12,834 [INFO] ADCParametersView:116 -                Rank 1 : false
2024-06-20 01:42:12,834 [INFO] ADCParametersView:116 -                Rank 1 : false
2024-06-20 01:42:12,834 [INFO] ADCParametersView:116 -                Rank 1 : false
2024-06-20 01:42:12,834 [INFO] ADCParametersView:116 -                Rank 1 : false
2024-06-20 01:42:12,834 [INFO] ADCParametersView:116 -                Rank 1 : false
2024-06-20 01:42:12,834 [INFO] ADCParametersView:116 -                Rank 1 : false
2024-06-20 01:42:12,848 [INFO] ADCParametersView:116 -                Rank 1 : false
2024-06-20 01:42:12,864 [INFO] ADCParametersView:116 -                Rank 1 : false
2024-06-20 01:42:12,865 [INFO] ADCParametersView:116 -                Rank 1 : false
2024-06-20 01:42:12,865 [INFO] ADCParametersView:116 -                Rank 1 : false
2024-06-20 01:42:12,865 [INFO] ADCParametersView:116 -                Rank 1 : false
2024-06-20 01:42:12,865 [INFO] ADCParametersView:116 -                Rank 1 : false
2024-06-20 01:42:12,865 [INFO] ADCParametersView:116 -                Rank 1 : false
2024-06-20 01:42:12,865 [INFO] ADCParametersView:116 -                Rank 1 : false
2024-06-20 01:42:12,865 [INFO] ADCParametersView:116 -                Rank 1 : false
2024-06-20 01:42:12,865 [INFO] ADCParametersView:116 -                Rank 1 : false
2024-06-20 01:42:12,865 [INFO] ADCParametersView:116 -                Rank 1 : false
2024-06-20 01:42:12,865 [INFO] ADCParametersView:116 -                Rank 1 : false
2024-06-20 01:42:12,865 [INFO] ADCParametersView:116 -                Rank 1 : false
2024-06-20 01:42:12,865 [INFO] ADCParametersView:116 -                Rank 1 : false
2024-06-20 01:42:12,865 [INFO] ADCParametersView:116 -                Rank 1 : false
2024-06-20 01:42:12,865 [INFO] ADCParametersView:116 -                Rank 1 : false
2024-06-20 01:42:12,865 [INFO] ADCParametersView:116 -                Rank 1 : false
2024-06-20 01:42:12,865 [INFO] ADCParametersView:116 -                Rank 1 : false
2024-06-20 01:42:12,865 [INFO] ADCParametersView:116 -                Rank 1 : false
2024-06-20 01:42:12,865 [INFO] ADCParametersView:116 -                Rank 1 : false
2024-06-20 01:42:12,865 [INFO] ADCParametersView:116 -                Rank 1 : false
2024-06-20 01:42:12,865 [INFO] ADCParametersView:116 -                Rank 1 : false
2024-06-20 01:42:12,876 [INFO] ADCParametersView:116 -                Rank 1 : false
2024-06-20 01:42:42,625 [INFO] NvicIntPanel:101 - NVIC parent = com.st.microxplorer.plugins.ip.nvic.MultiNvicIntPanel[,0,0,0x0,invalid,layout=javax.swing.BoxLayout,alignmentX=0.0,alignmentY=0.0,border=,flags=9,maximumSize=,minimumSize=,preferredSize=]
2024-06-20 01:42:42,654 [INFO] ADCParametersView:116 -                Rank 1 : false
2024-06-20 01:42:42,654 [INFO] ADCParametersView:116 -                Rank 1 : false
2024-06-20 01:42:42,654 [INFO] ADCParametersView:116 -                Rank 1 : false
2024-06-20 01:42:42,654 [INFO] ADCParametersView:116 -                Rank 1 : false
2024-06-20 01:42:42,654 [INFO] ADCParametersView:116 -                Rank 1 : false
2024-06-20 01:42:42,654 [INFO] ADCParametersView:116 -                Rank 1 : false
2024-06-20 01:42:42,654 [INFO] ADCParametersView:116 -                Rank 1 : false
2024-06-20 01:42:42,654 [INFO] ADCParametersView:116 -                Rank 1 : false
2024-06-20 01:42:42,655 [INFO] ADCParametersView:116 -                Rank 1 : false
2024-06-20 01:42:42,655 [INFO] ADCParametersView:116 -                Rank 1 : false
2024-06-20 01:42:42,655 [INFO] ADCParametersView:116 -                Rank 1 : false
2024-06-20 01:42:42,655 [INFO] ADCParametersView:116 -                Rank 1 : false
2024-06-20 01:42:42,655 [INFO] ADCParametersView:116 -                Rank 1 : false
2024-06-20 01:42:42,655 [INFO] ADCParametersView:116 -                Rank 1 : false
2024-06-20 01:42:42,655 [INFO] ADCParametersView:116 -                Rank 1 : false
2024-06-20 01:42:42,655 [INFO] ADCParametersView:116 -                Rank 1 : false
2024-06-20 01:42:42,655 [INFO] ADCParametersView:116 -                Rank 1 : false
2024-06-20 01:42:42,655 [INFO] ADCParametersView:116 -                Rank 1 : false
2024-06-20 01:42:42,655 [INFO] ADCParametersView:116 -                Rank 1 : false
2024-06-20 01:42:42,655 [INFO] ADCParametersView:116 -                Rank 1 : false
2024-06-20 01:42:42,655 [INFO] ADCParametersView:116 -                Rank 1 : false
2024-06-20 01:42:42,665 [INFO] ADCParametersView:116 -                Rank 1 : false
2024-06-20 01:42:45,092 [INFO] NvicIntPanel:101 - NVIC parent = com.st.microxplorer.plugins.ip.nvic.MultiNvicIntPanel[,0,0,0x0,invalid,layout=javax.swing.BoxLayout,alignmentX=0.0,alignmentY=0.0,border=,flags=9,maximumSize=,minimumSize=,preferredSize=]
2024-06-20 01:42:45,116 [INFO] ADCParametersView:116 -                Rank 1 : false
2024-06-20 01:42:45,117 [INFO] ADCParametersView:116 -                Rank 1 : false
2024-06-20 01:42:45,117 [INFO] ADCParametersView:116 -                Rank 1 : false
2024-06-20 01:42:45,117 [INFO] ADCParametersView:116 -                Rank 1 : false
2024-06-20 01:42:45,117 [INFO] ADCParametersView:116 -                Rank 1 : false
2024-06-20 01:42:45,117 [INFO] ADCParametersView:116 -                Rank 1 : false
2024-06-20 01:42:45,117 [INFO] ADCParametersView:116 -                Rank 1 : false
2024-06-20 01:42:45,117 [INFO] ADCParametersView:116 -                Rank 1 : false
2024-06-20 01:42:45,117 [INFO] ADCParametersView:116 -                Rank 1 : false
2024-06-20 01:42:45,118 [INFO] ADCParametersView:116 -                Rank 1 : false
2024-06-20 01:42:45,118 [INFO] ADCParametersView:116 -                Rank 1 : false
2024-06-20 01:42:45,118 [INFO] ADCParametersView:116 -                Rank 1 : false
2024-06-20 01:42:45,118 [INFO] ADCParametersView:116 -                Rank 1 : false
2024-06-20 01:42:45,118 [INFO] ADCParametersView:116 -                Rank 1 : false
2024-06-20 01:42:45,118 [INFO] ADCParametersView:116 -                Rank 1 : false
2024-06-20 01:42:45,118 [INFO] ADCParametersView:116 -                Rank 1 : false
2024-06-20 01:42:45,118 [INFO] ADCParametersView:116 -                Rank 1 : false
2024-06-20 01:42:45,118 [INFO] ADCParametersView:116 -                Rank 1 : false
2024-06-20 01:42:45,118 [INFO] ADCParametersView:116 -                Rank 1 : false
2024-06-20 01:42:45,118 [INFO] ADCParametersView:116 -                Rank 1 : false
2024-06-20 01:42:45,118 [INFO] ADCParametersView:116 -                Rank 1 : false
2024-06-20 01:42:45,130 [INFO] ADCParametersView:116 -                Rank 1 : false
2024-06-20 01:42:51,126 [INFO] NvicIntPanel:101 - NVIC parent = com.st.microxplorer.plugins.ip.nvic.MultiNvicIntPanel[,0,0,0x0,invalid,layout=javax.swing.BoxLayout,alignmentX=0.0,alignmentY=0.0,border=,flags=9,maximumSize=,minimumSize=,preferredSize=]
2024-06-20 01:42:51,153 [INFO] ADCParametersView:116 -                Rank 1 : false
2024-06-20 01:42:51,156 [INFO] ADCParametersView:116 -                Rank 1 : false
2024-06-20 01:42:51,156 [INFO] ADCParametersView:116 -                Rank 1 : false
2024-06-20 01:42:51,156 [INFO] ADCParametersView:116 -                Rank 1 : false
2024-06-20 01:42:51,156 [INFO] ADCParametersView:116 -                Rank 1 : false
2024-06-20 01:42:51,156 [INFO] ADCParametersView:116 -                Rank 1 : false
2024-06-20 01:42:51,157 [INFO] ADCParametersView:116 -                Rank 1 : false
2024-06-20 01:42:51,157 [INFO] ADCParametersView:116 -                Rank 1 : false
2024-06-20 01:42:51,157 [INFO] ADCParametersView:116 -                Rank 1 : false
2024-06-20 01:42:51,157 [INFO] ADCParametersView:116 -                Rank 1 : false
2024-06-20 01:42:51,157 [INFO] ADCParametersView:116 -                Rank 1 : false
2024-06-20 01:42:51,157 [INFO] ADCParametersView:116 -                Rank 1 : false
2024-06-20 01:42:51,157 [INFO] ADCParametersView:116 -                Rank 1 : false
2024-06-20 01:42:51,157 [INFO] ADCParametersView:116 -                Rank 1 : false
2024-06-20 01:42:51,157 [INFO] ADCParametersView:116 -                Rank 1 : false
2024-06-20 01:42:51,157 [INFO] ADCParametersView:116 -                Rank 1 : false
2024-06-20 01:42:51,157 [INFO] ADCParametersView:116 -                Rank 1 : false
2024-06-20 01:42:51,157 [INFO] ADCParametersView:116 -                Rank 1 : false
2024-06-20 01:42:51,157 [INFO] ADCParametersView:116 -                Rank 1 : false
2024-06-20 01:42:51,157 [INFO] ADCParametersView:116 -                Rank 1 : false
2024-06-20 01:42:51,157 [INFO] ADCParametersView:116 -                Rank 1 : false
2024-06-20 01:42:51,157 [INFO] ADCParametersView:116 -                Rank 1 : false
2024-06-20 01:42:51,157 [INFO] ADCParametersView:116 -                Rank 1 : false
2024-06-20 01:42:51,157 [INFO] ADCParametersView:116 -                Rank 1 : false
2024-06-20 01:42:51,157 [INFO] ADCParametersView:116 -                Rank 1 : false
2024-06-20 01:42:51,171 [INFO] ADCParametersView:116 -                Rank 1 : false
2024-06-20 01:42:53,450 [INFO] NvicIntPanel:101 - NVIC parent = com.st.microxplorer.plugins.ip.nvic.MultiNvicIntPanel[,0,0,0x0,invalid,layout=javax.swing.BoxLayout,alignmentX=0.0,alignmentY=0.0,border=,flags=9,maximumSize=,minimumSize=,preferredSize=]
2024-06-20 01:42:53,479 [INFO] ADCParametersView:116 -                Rank 1 : false
2024-06-20 01:42:53,480 [INFO] ADCParametersView:116 -                Rank 1 : false
2024-06-20 01:42:53,480 [INFO] ADCParametersView:116 -                Rank 1 : false
2024-06-20 01:42:53,480 [INFO] ADCParametersView:116 -                Rank 1 : false
2024-06-20 01:42:53,480 [INFO] ADCParametersView:116 -                Rank 1 : false
2024-06-20 01:42:53,480 [INFO] ADCParametersView:116 -                Rank 1 : false
2024-06-20 01:42:53,480 [INFO] ADCParametersView:116 -                Rank 1 : false
2024-06-20 01:42:53,480 [INFO] ADCParametersView:116 -                Rank 1 : false
2024-06-20 01:42:53,480 [INFO] ADCParametersView:116 -                Rank 1 : false
2024-06-20 01:42:53,480 [INFO] ADCParametersView:116 -                Rank 1 : false
2024-06-20 01:42:53,481 [INFO] ADCParametersView:116 -                Rank 1 : false
2024-06-20 01:42:53,481 [INFO] ADCParametersView:116 -                Rank 1 : false
2024-06-20 01:42:53,481 [INFO] ADCParametersView:116 -                Rank 1 : false
2024-06-20 01:42:53,481 [INFO] ADCParametersView:116 -                Rank 1 : false
2024-06-20 01:42:53,481 [INFO] ADCParametersView:116 -                Rank 1 : false
2024-06-20 01:42:53,481 [INFO] ADCParametersView:116 -                Rank 1 : false
2024-06-20 01:42:53,481 [INFO] ADCParametersView:116 -                Rank 1 : false
2024-06-20 01:42:53,481 [INFO] ADCParametersView:116 -                Rank 1 : false
2024-06-20 01:42:53,481 [INFO] ADCParametersView:116 -                Rank 1 : false
2024-06-20 01:42:53,481 [INFO] ADCParametersView:116 -                Rank 1 : false
2024-06-20 01:42:53,481 [INFO] ADCParametersView:116 -                Rank 1 : false
2024-06-20 01:42:53,481 [INFO] ADCParametersView:116 -                Rank 1 : false
2024-06-20 01:42:53,481 [INFO] ADCParametersView:116 -                Rank 1 : false
2024-06-20 01:42:53,481 [INFO] ADCParametersView:116 -                Rank 1 : false
2024-06-20 01:42:53,481 [INFO] ADCParametersView:116 -                Rank 1 : false
2024-06-20 01:42:53,498 [INFO] ADCParametersView:116 -                Rank 1 : false
2024-06-20 01:42:55,056 [INFO] UtilMem:75 - End SaveConfig() Used Memory: 452700936 Bytes (1073741824)
2024-06-20 01:42:56,531 [INFO] UtilMem:75 - End SaveConfig() Used Memory: 479441672 Bytes (1073741824)
2024-06-20 01:42:58,159 [INFO] UtilMem:75 - End SaveConfig() Used Memory: 458988640 Bytes (1073741824)
2024-06-20 01:42:58,267 [INFO] BlockDiagram:2759 - set Specific Code input for plugin: TIM1_8G4
2024-06-20 01:42:58,267 [INFO] BlockDiagram:2759 - set Specific Code input for plugin: ADC
2024-06-20 01:42:58,267 [INFO] BlockDiagram:2759 - set Specific Code input for plugin: ADC
2024-06-20 01:42:58,267 [INFO] BlockDiagram:2759 - set Specific Code input for plugin: SYS
2024-06-20 01:42:58,267 [INFO] BlockDiagram:2759 - set Specific Code input for plugin: ADC
2024-06-20 01:42:58,267 [INFO] BlockDiagram:2759 - set Specific Code input for plugin: ADC
2024-06-20 01:42:58,267 [INFO] BlockDiagram:2759 - set Specific Code input for plugin: RCC
2024-06-20 01:42:58,267 [INFO] BlockDiagram:2759 - set Specific Code input for plugin: NVIC
2024-06-20 01:42:58,267 [INFO] BlockDiagram:2759 - set Specific Code input for plugin: GPIO
2024-06-20 01:42:58,268 [INFO] CodeGenerator:807 - code generatio: config db path: C:\ST\STM32CubeIDE_1.10.1\STM32CubeIDE\plugins\com.st.stm32cube.common.mx_6.11.1.202404110753\\db\
2024-06-20 01:42:58,335 [INFO] CodeEngine:255 - oldGeneratedFile, D:\Download\DeleteThis\FinalCurrentController\MXTmpFiles\license.tmp_save
2024-06-20 01:42:58,470 [INFO] CodeEngine:279 - Generated code: D:\Download\DeleteThis\FinalCurrentController\MXTmpFiles\license.tmp
2024-06-20 01:42:58,491 [INFO] CodeEngine:255 - oldGeneratedFile, D:\Download\DeleteThis\FinalCurrentController\MXTmpFiles\gpio.tmp_save
2024-06-20 01:42:58,579 [INFO] CodeEngine:279 - Generated code: D:\Download\DeleteThis\FinalCurrentController\MXTmpFiles\gpio.tmp
2024-06-20 01:42:58,709 [INFO] CodeEngine:255 - oldGeneratedFile, D:\Download\DeleteThis\FinalCurrentController\Core\Src\stm32g4xx_it.c_save
2024-06-20 01:42:58,809 [INFO] CodeEngine:279 - Generated code: D:\Download\DeleteThis\FinalCurrentController\Core\Src\stm32g4xx_it.c
2024-06-20 01:42:58,812 [INFO] CodeEngine:255 - oldGeneratedFile, D:\Download\DeleteThis\FinalCurrentController\Core\Inc\stm32g4xx_it.h_save
2024-06-20 01:42:58,846 [INFO] CodeEngine:279 - Generated code: D:\Download\DeleteThis\FinalCurrentController\Core\Inc\stm32g4xx_it.h
2024-06-20 01:42:58,860 [INFO] CodeEngine:255 - oldGeneratedFile, D:\Download\DeleteThis\FinalCurrentController\Core\Src\stm32g4xx_hal_msp.c_save
2024-06-20 01:42:58,935 [INFO] CodeEngine:279 - Generated code: D:\Download\DeleteThis\FinalCurrentController\Core\Src\stm32g4xx_hal_msp.c
2024-06-20 01:42:58,938 [INFO] CodeEngine:255 - oldGeneratedFile, D:\Download\DeleteThis\FinalCurrentController\MXTmpFiles\system.tmp_save
2024-06-20 01:42:58,968 [INFO] CodeEngine:279 - Generated code: D:\Download\DeleteThis\FinalCurrentController\MXTmpFiles\system.tmp
2024-06-20 01:42:58,979 [INFO] CodeEngine:311 - oldGeneratedFile, D:\Download\DeleteThis\FinalCurrentController\Core\Inc\stm32g4xx_hal_conf.h_save
2024-06-20 01:42:59,040 [INFO] CodeEngine:335 - Generated code: D:\Download\DeleteThis\FinalCurrentController\Core\Inc\stm32g4xx_hal_conf.h
2024-06-20 01:42:59,052 [WARN] IPConfigManager:2982 - Warning: the RefConfig RCC_CommonPeriphClockConfig is not available in your config.xml file
2024-06-20 01:42:59,052 [WARN] IPConfigManager:3513 - IP not found : TIM
2024-06-20 01:42:59,053 [WARN] CodeGenerator:3951 - IP not found : null
2024-06-20 01:42:59,069 [INFO] CodeEngine:255 - oldGeneratedFile, D:\Download\DeleteThis\FinalCurrentController\Core\Inc\main.h_save
2024-06-20 01:42:59,123 [INFO] CodeEngine:279 - Generated code: D:\Download\DeleteThis\FinalCurrentController\Core\Inc\main.h
2024-06-20 01:42:59,138 [INFO] CodeEngine:255 - oldGeneratedFile, D:\Download\DeleteThis\FinalCurrentController\Core\Src\main.c_save
2024-06-20 01:42:59,253 [INFO] CodeEngine:279 - Generated code: D:\Download\DeleteThis\FinalCurrentController\Core\Src\main.c
2024-06-20 01:42:59,541 [INFO] ProjectBuilder:3163 - Time for Copy HAL[1] : 152mS.
2024-06-20 01:42:59,543 [INFO] ProjectBuilder:4736 - Project Generator version: 4.3.0-B58
2024-06-20 01:42:59,590 [INFO] ConfigFileManager:1503 - The Die is : DIE469
2024-06-20 01:43:00,010 [INFO] ProjectBuilder:5002 - Time for Generating toolchain IDE Files: 467mS.
2024-06-20 01:43:00,012 [INFO] ProjectBuilder:3034 - Time for Copy CMSIS : 2mS.
2024-06-20 01:43:00,013 [INFO] ProjectBuilder:3034 - Time for Copy CMSIS : 0mS.
2024-06-20 01:45:40,154 [INFO] ADCParametersView:116 -                Rank 1 : false
2024-06-20 01:45:40,154 [INFO] ADCParametersView:116 -                Rank 1 : false
2024-06-20 01:45:40,154 [INFO] ADCParametersView:116 -                Rank 1 : false
2024-06-20 01:45:40,154 [INFO] ADCParametersView:116 -                Rank 1 : false
2024-06-20 01:45:40,155 [INFO] ADCParametersView:116 -                Rank 1 : false
2024-06-20 01:45:40,155 [INFO] ADCParametersView:116 -                Rank 1 : false
2024-06-20 01:45:40,155 [INFO] ADCParametersView:116 -                Rank 1 : false
2024-06-20 01:45:40,155 [INFO] ADCParametersView:116 -                Rank 1 : false
2024-06-20 01:45:40,155 [INFO] ADCParametersView:116 -                Rank 1 : false
2024-06-20 01:45:40,155 [INFO] ADCParametersView:116 -                Rank 1 : false
2024-06-20 01:45:40,155 [INFO] ADCParametersView:116 -                Rank 1 : false
2024-06-20 01:45:40,155 [INFO] ADCParametersView:116 -                Rank 1 : false
2024-06-20 01:45:40,155 [INFO] ADCParametersView:116 -                Rank 1 : false
2024-06-20 01:45:40,155 [INFO] ADCParametersView:116 -                Rank 1 : false
2024-06-20 01:45:40,155 [INFO] ADCParametersView:116 -                Rank 1 : false
2024-06-20 01:45:40,155 [INFO] ADCParametersView:116 -                Rank 1 : false
2024-06-20 01:45:40,155 [INFO] ADCParametersView:116 -                Rank 1 : false
2024-06-20 01:45:40,155 [INFO] ADCParametersView:116 -                Rank 1 : false
2024-06-20 01:45:40,155 [INFO] ADCParametersView:116 -                Rank 1 : false
2024-06-20 01:45:40,155 [INFO] ADCParametersView:116 -                Rank 1 : false
2024-06-20 01:45:40,155 [INFO] ADCParametersView:116 -                Rank 1 : false
2024-06-20 01:45:40,155 [INFO] ADCParametersView:116 -                Rank 1 : false
2024-06-20 01:45:40,155 [INFO] ADCParametersView:116 -                Rank 1 : false
2024-06-20 01:45:40,155 [INFO] ADCParametersView:116 -                Rank 1 : false
2024-06-20 01:45:40,167 [INFO] ADCParametersView:116 -                Rank 1 : false
2024-06-20 01:45:40,182 [INFO] ADCParametersView:116 -                Rank 1 : false
2024-06-20 01:45:40,183 [INFO] ADCParametersView:116 -                Rank 1 : false
2024-06-20 01:45:40,183 [INFO] ADCParametersView:116 -                Rank 1 : false
2024-06-20 01:45:40,183 [INFO] ADCParametersView:116 -                Rank 1 : false
2024-06-20 01:45:40,183 [INFO] ADCParametersView:116 -                Rank 1 : false
2024-06-20 01:45:40,183 [INFO] ADCParametersView:116 -                Rank 1 : false
2024-06-20 01:45:40,183 [INFO] ADCParametersView:116 -                Rank 1 : false
2024-06-20 01:45:40,183 [INFO] ADCParametersView:116 -                Rank 1 : false
2024-06-20 01:45:40,183 [INFO] ADCParametersView:116 -                Rank 1 : false
2024-06-20 01:45:40,183 [INFO] ADCParametersView:116 -                Rank 1 : false
2024-06-20 01:45:40,183 [INFO] ADCParametersView:116 -                Rank 1 : false
2024-06-20 01:45:40,183 [INFO] ADCParametersView:116 -                Rank 1 : false
2024-06-20 01:45:40,183 [INFO] ADCParametersView:116 -                Rank 1 : false
2024-06-20 01:45:40,183 [INFO] ADCParametersView:116 -                Rank 1 : false
2024-06-20 01:45:40,183 [INFO] ADCParametersView:116 -                Rank 1 : false
2024-06-20 01:45:40,183 [INFO] ADCParametersView:116 -                Rank 1 : false
2024-06-20 01:45:40,183 [INFO] ADCParametersView:116 -                Rank 1 : false
2024-06-20 01:45:40,183 [INFO] ADCParametersView:116 -                Rank 1 : false
2024-06-20 01:45:40,183 [INFO] ADCParametersView:116 -                Rank 1 : false
2024-06-20 01:45:40,183 [INFO] ADCParametersView:116 -                Rank 1 : false
2024-06-20 01:45:40,183 [INFO] ADCParametersView:116 -                Rank 1 : false
2024-06-20 01:45:40,183 [INFO] ADCParametersView:116 -                Rank 1 : false
2024-06-20 01:45:40,183 [INFO] ADCParametersView:116 -                Rank 1 : false
2024-06-20 01:45:40,183 [INFO] ADCParametersView:116 -                Rank 1 : false
2024-06-20 01:45:40,194 [INFO] ADCParametersView:116 -                Rank 1 : false
2024-06-20 01:50:16,801 [INFO] ADCParametersView:116 -                Rank 1 : false
2024-06-20 01:50:16,801 [INFO] ADCParametersView:116 -                Rank 1 : false
2024-06-20 01:50:16,801 [INFO] ADCParametersView:116 -                Rank 1 : false
2024-06-20 01:50:16,801 [INFO] ADCParametersView:116 -                Rank 1 : false
2024-06-20 01:50:16,801 [INFO] ADCParametersView:116 -                Rank 1 : false
2024-06-20 01:50:16,801 [INFO] ADCParametersView:116 -                Rank 1 : false
2024-06-20 01:50:16,801 [INFO] ADCParametersView:116 -                Rank 1 : false
2024-06-20 01:50:16,801 [INFO] ADCParametersView:116 -                Rank 1 : false
2024-06-20 01:50:16,801 [INFO] ADCParametersView:116 -                Rank 1 : false
2024-06-20 01:50:16,801 [INFO] ADCParametersView:116 -                Rank 1 : false
2024-06-20 01:50:16,801 [INFO] ADCParametersView:116 -                Rank 1 : false
2024-06-20 01:50:16,801 [INFO] ADCParametersView:116 -                Rank 1 : false
2024-06-20 01:50:16,801 [INFO] ADCParametersView:116 -                Rank 1 : false
2024-06-20 01:50:16,802 [INFO] ADCParametersView:116 -                Rank 1 : false
2024-06-20 01:50:16,802 [INFO] ADCParametersView:116 -                Rank 1 : false
2024-06-20 01:50:16,802 [INFO] ADCParametersView:116 -                Rank 1 : false
2024-06-20 01:50:16,802 [INFO] ADCParametersView:116 -                Rank 1 : false
2024-06-20 01:50:16,802 [INFO] ADCParametersView:116 -                Rank 1 : false
2024-06-20 01:50:16,802 [INFO] ADCParametersView:116 -                Rank 1 : false
2024-06-20 01:50:16,802 [INFO] ADCParametersView:116 -                Rank 1 : false
2024-06-20 01:50:16,802 [INFO] ADCParametersView:116 -                Rank 1 : false
2024-06-20 01:50:16,802 [INFO] ADCParametersView:116 -                Rank 1 : false
2024-06-20 01:50:16,802 [INFO] ADCParametersView:116 -                Rank 1 : false
2024-06-20 01:50:16,802 [INFO] ADCParametersView:116 -                Rank 1 : false
2024-06-20 01:50:16,802 [INFO] ADCParametersView:116 -                Rank 1 : false
2024-06-20 01:50:16,813 [INFO] ADCParametersView:116 -                Rank 1 : false
2024-06-20 01:50:16,828 [INFO] ADCParametersView:116 -                Rank 1 : false
2024-06-20 01:50:16,829 [INFO] ADCParametersView:116 -                Rank 1 : false
2024-06-20 01:50:16,829 [INFO] ADCParametersView:116 -                Rank 1 : false
2024-06-20 01:50:16,829 [INFO] ADCParametersView:116 -                Rank 1 : false
2024-06-20 01:50:16,829 [INFO] ADCParametersView:116 -                Rank 1 : false
2024-06-20 01:50:16,829 [INFO] ADCParametersView:116 -                Rank 1 : false
2024-06-20 01:50:16,829 [INFO] ADCParametersView:116 -                Rank 1 : false
2024-06-20 01:50:16,829 [INFO] ADCParametersView:116 -                Rank 1 : false
2024-06-20 01:50:16,829 [INFO] ADCParametersView:116 -                Rank 1 : false
2024-06-20 01:50:16,829 [INFO] ADCParametersView:116 -                Rank 1 : false
2024-06-20 01:50:16,829 [INFO] ADCParametersView:116 -                Rank 1 : false
2024-06-20 01:50:16,829 [INFO] ADCParametersView:116 -                Rank 1 : false
2024-06-20 01:50:16,829 [INFO] ADCParametersView:116 -                Rank 1 : false
2024-06-20 01:50:16,829 [INFO] ADCParametersView:116 -                Rank 1 : false
2024-06-20 01:50:16,829 [INFO] ADCParametersView:116 -                Rank 1 : false
2024-06-20 01:50:16,829 [INFO] ADCParametersView:116 -                Rank 1 : false
2024-06-20 01:50:16,829 [INFO] ADCParametersView:116 -                Rank 1 : false
2024-06-20 01:50:16,829 [INFO] ADCParametersView:116 -                Rank 1 : false
2024-06-20 01:50:16,829 [INFO] ADCParametersView:116 -                Rank 1 : false
2024-06-20 01:50:16,829 [INFO] ADCParametersView:116 -                Rank 1 : false
2024-06-20 01:50:16,829 [INFO] ADCParametersView:116 -                Rank 1 : false
2024-06-20 01:50:16,829 [INFO] ADCParametersView:116 -                Rank 1 : false
2024-06-20 01:50:16,829 [INFO] ADCParametersView:116 -                Rank 1 : false
2024-06-20 01:50:16,829 [INFO] ADCParametersView:116 -                Rank 1 : false
2024-06-20 01:50:16,829 [INFO] ADCParametersView:116 -                Rank 1 : false
2024-06-20 01:50:16,840 [INFO] ADCParametersView:116 -                Rank 1 : false
2024-06-20 01:58:15,966 [INFO] ADCParametersView:116 -                Rank 1 : false
2024-06-20 01:58:15,966 [INFO] ADCParametersView:116 -                Rank 1 : false
2024-06-20 01:58:15,966 [INFO] ADCParametersView:116 -                Rank 1 : false
2024-06-20 01:58:15,966 [INFO] ADCParametersView:116 -                Rank 1 : false
2024-06-20 01:58:15,966 [INFO] ADCParametersView:116 -                Rank 1 : false
2024-06-20 01:58:15,966 [INFO] ADCParametersView:116 -                Rank 1 : false
2024-06-20 01:58:15,966 [INFO] ADCParametersView:116 -                Rank 1 : false
2024-06-20 01:58:15,966 [INFO] ADCParametersView:116 -                Rank 1 : false
2024-06-20 01:58:15,966 [INFO] ADCParametersView:116 -                Rank 1 : false
2024-06-20 01:58:15,966 [INFO] ADCParametersView:116 -                Rank 1 : false
2024-06-20 01:58:15,966 [INFO] ADCParametersView:116 -                Rank 1 : false
2024-06-20 01:58:15,966 [INFO] ADCParametersView:116 -                Rank 1 : false
2024-06-20 01:58:15,966 [INFO] ADCParametersView:116 -                Rank 1 : false
2024-06-20 01:58:15,966 [INFO] ADCParametersView:116 -                Rank 1 : false
2024-06-20 01:58:15,966 [INFO] ADCParametersView:116 -                Rank 1 : false
2024-06-20 01:58:15,966 [INFO] ADCParametersView:116 -                Rank 1 : false
2024-06-20 01:58:15,966 [INFO] ADCParametersView:116 -                Rank 1 : false
2024-06-20 01:58:15,966 [INFO] ADCParametersView:116 -                Rank 1 : false
2024-06-20 01:58:15,966 [INFO] ADCParametersView:116 -                Rank 1 : false
2024-06-20 01:58:15,966 [INFO] ADCParametersView:116 -                Rank 1 : false
2024-06-20 01:58:15,966 [INFO] ADCParametersView:116 -                Rank 1 : false
2024-06-20 01:58:15,978 [INFO] ADCParametersView:116 -                Rank 1 : false
2024-06-20 01:58:15,996 [INFO] ADCParametersView:116 -                Rank 1 : false
2024-06-20 01:58:15,996 [INFO] ADCParametersView:116 -                Rank 1 : false
2024-06-20 01:58:15,996 [INFO] ADCParametersView:116 -                Rank 1 : false
2024-06-20 01:58:15,996 [INFO] ADCParametersView:116 -                Rank 1 : false
2024-06-20 01:58:15,996 [INFO] ADCParametersView:116 -                Rank 1 : false
2024-06-20 01:58:15,996 [INFO] ADCParametersView:116 -                Rank 1 : false
2024-06-20 01:58:15,996 [INFO] ADCParametersView:116 -                Rank 1 : false
2024-06-20 01:58:15,996 [INFO] ADCParametersView:116 -                Rank 1 : false
2024-06-20 01:58:15,996 [INFO] ADCParametersView:116 -                Rank 1 : false
2024-06-20 01:58:15,996 [INFO] ADCParametersView:116 -                Rank 1 : false
2024-06-20 01:58:15,996 [INFO] ADCParametersView:116 -                Rank 1 : false
2024-06-20 01:58:15,996 [INFO] ADCParametersView:116 -                Rank 1 : false
2024-06-20 01:58:15,996 [INFO] ADCParametersView:116 -                Rank 1 : false
2024-06-20 01:58:15,996 [INFO] ADCParametersView:116 -                Rank 1 : false
2024-06-20 01:58:15,996 [INFO] ADCParametersView:116 -                Rank 1 : false
2024-06-20 01:58:15,996 [INFO] ADCParametersView:116 -                Rank 1 : false
2024-06-20 01:58:15,996 [INFO] ADCParametersView:116 -                Rank 1 : false
2024-06-20 01:58:15,996 [INFO] ADCParametersView:116 -                Rank 1 : false
2024-06-20 01:58:15,996 [INFO] ADCParametersView:116 -                Rank 1 : false
2024-06-20 01:58:15,996 [INFO] ADCParametersView:116 -                Rank 1 : false
2024-06-20 01:58:15,996 [INFO] ADCParametersView:116 -                Rank 1 : false
2024-06-20 01:58:16,018 [INFO] ADCParametersView:116 -                Rank 1 : false
2024-06-20 01:58:22,016 [INFO] NvicIntPanel:101 - NVIC parent = com.st.microxplorer.plugins.ip.nvic.MultiNvicIntPanel[,0,0,0x0,invalid,layout=javax.swing.BoxLayout,alignmentX=0.0,alignmentY=0.0,border=,flags=9,maximumSize=,minimumSize=,preferredSize=]
2024-06-20 01:58:22,039 [INFO] ADCParametersView:116 -                Rank 1 : false
2024-06-20 01:58:22,040 [INFO] ADCParametersView:116 -                Rank 1 : false
2024-06-20 01:58:22,040 [INFO] ADCParametersView:116 -                Rank 1 : false
2024-06-20 01:58:22,040 [INFO] ADCParametersView:116 -                Rank 1 : false
2024-06-20 01:58:22,040 [INFO] ADCParametersView:116 -                Rank 1 : false
2024-06-20 01:58:22,040 [INFO] ADCParametersView:116 -                Rank 1 : false
2024-06-20 01:58:22,040 [INFO] ADCParametersView:116 -                Rank 1 : false
2024-06-20 01:58:22,040 [INFO] ADCParametersView:116 -                Rank 1 : false
2024-06-20 01:58:22,040 [INFO] ADCParametersView:116 -                Rank 1 : false
2024-06-20 01:58:22,040 [INFO] ADCParametersView:116 -                Rank 1 : false
2024-06-20 01:58:22,040 [INFO] ADCParametersView:116 -                Rank 1 : false
2024-06-20 01:58:22,040 [INFO] ADCParametersView:116 -                Rank 1 : false
2024-06-20 01:58:22,040 [INFO] ADCParametersView:116 -                Rank 1 : false
2024-06-20 01:58:22,040 [INFO] ADCParametersView:116 -                Rank 1 : false
2024-06-20 01:58:22,040 [INFO] ADCParametersView:116 -                Rank 1 : false
2024-06-20 01:58:22,040 [INFO] ADCParametersView:116 -                Rank 1 : false
2024-06-20 01:58:22,040 [INFO] ADCParametersView:116 -                Rank 1 : false
2024-06-20 01:58:22,040 [INFO] ADCParametersView:116 -                Rank 1 : false
2024-06-20 01:58:22,040 [INFO] ADCParametersView:116 -                Rank 1 : false
2024-06-20 01:58:22,040 [INFO] ADCParametersView:116 -                Rank 1 : false
2024-06-20 01:58:22,040 [INFO] ADCParametersView:116 -                Rank 1 : false
2024-06-20 01:58:22,051 [INFO] ADCParametersView:116 -                Rank 1 : false
2024-06-20 01:58:23,976 [INFO] NvicIntPanel:101 - NVIC parent = com.st.microxplorer.plugins.ip.nvic.MultiNvicIntPanel[,0,0,0x0,invalid,layout=javax.swing.BoxLayout,alignmentX=0.0,alignmentY=0.0,border=,flags=9,maximumSize=,minimumSize=,preferredSize=]
2024-06-20 01:58:24,042 [INFO] ADCParametersView:116 -                Rank 1 : false
2024-06-20 01:58:24,043 [INFO] ADCParametersView:116 -                Rank 1 : false
2024-06-20 01:58:24,043 [INFO] ADCParametersView:116 -                Rank 1 : false
2024-06-20 01:58:24,043 [INFO] ADCParametersView:116 -                Rank 1 : false
2024-06-20 01:58:24,043 [INFO] ADCParametersView:116 -                Rank 1 : false
2024-06-20 01:58:24,043 [INFO] ADCParametersView:116 -                Rank 1 : false
2024-06-20 01:58:24,044 [INFO] ADCParametersView:116 -                Rank 1 : false
2024-06-20 01:58:24,044 [INFO] ADCParametersView:116 -                Rank 1 : false
2024-06-20 01:58:24,044 [INFO] ADCParametersView:116 -                Rank 1 : false
2024-06-20 01:58:24,044 [INFO] ADCParametersView:116 -                Rank 1 : false
2024-06-20 01:58:24,044 [INFO] ADCParametersView:116 -                Rank 1 : false
2024-06-20 01:58:24,044 [INFO] ADCParametersView:116 -                Rank 1 : false
2024-06-20 01:58:24,044 [INFO] ADCParametersView:116 -                Rank 1 : false
2024-06-20 01:58:24,044 [INFO] ADCParametersView:116 -                Rank 1 : false
2024-06-20 01:58:24,044 [INFO] ADCParametersView:116 -                Rank 1 : false
2024-06-20 01:58:24,044 [INFO] ADCParametersView:116 -                Rank 1 : false
2024-06-20 01:58:24,044 [INFO] ADCParametersView:116 -                Rank 1 : false
2024-06-20 01:58:24,044 [INFO] ADCParametersView:116 -                Rank 1 : false
2024-06-20 01:58:24,044 [INFO] ADCParametersView:116 -                Rank 1 : false
2024-06-20 01:58:24,044 [INFO] ADCParametersView:116 -                Rank 1 : false
2024-06-20 01:58:24,044 [INFO] ADCParametersView:116 -                Rank 1 : false
2024-06-20 01:58:24,044 [INFO] ADCParametersView:116 -                Rank 1 : false
2024-06-20 01:58:24,044 [INFO] ADCParametersView:116 -                Rank 1 : false
2024-06-20 01:58:24,044 [INFO] ADCParametersView:116 -                Rank 1 : false
2024-06-20 01:58:24,044 [INFO] ADCParametersView:116 -                Rank 1 : false
2024-06-20 01:58:24,056 [INFO] ADCParametersView:116 -                Rank 1 : false
2024-06-20 01:58:28,481 [INFO] NvicIntPanel:101 - NVIC parent = com.st.microxplorer.plugins.ip.nvic.MultiNvicIntPanel[,0,0,0x0,invalid,layout=javax.swing.BoxLayout,alignmentX=0.0,alignmentY=0.0,border=,flags=9,maximumSize=,minimumSize=,preferredSize=]
2024-06-20 01:58:28,506 [INFO] ADCParametersView:116 -                Rank 1 : false
2024-06-20 01:58:28,507 [INFO] ADCParametersView:116 -                Rank 1 : false
2024-06-20 01:58:28,507 [INFO] ADCParametersView:116 -                Rank 1 : false
2024-06-20 01:58:28,508 [INFO] ADCParametersView:116 -                Rank 1 : false
2024-06-20 01:58:28,508 [INFO] ADCParametersView:116 -                Rank 1 : false
2024-06-20 01:58:28,508 [INFO] ADCParametersView:116 -                Rank 1 : false
2024-06-20 01:58:28,508 [INFO] ADCParametersView:116 -                Rank 1 : false
2024-06-20 01:58:28,508 [INFO] ADCParametersView:116 -                Rank 1 : false
2024-06-20 01:58:28,508 [INFO] ADCParametersView:116 -                Rank 1 : false
2024-06-20 01:58:28,508 [INFO] ADCParametersView:116 -                Rank 1 : false
2024-06-20 01:58:28,508 [INFO] ADCParametersView:116 -                Rank 1 : false
2024-06-20 01:58:28,508 [INFO] ADCParametersView:116 -                Rank 1 : false
2024-06-20 01:58:28,508 [INFO] ADCParametersView:116 -                Rank 1 : false
2024-06-20 01:58:28,508 [INFO] ADCParametersView:116 -                Rank 1 : false
2024-06-20 01:58:28,508 [INFO] ADCParametersView:116 -                Rank 1 : false
2024-06-20 01:58:28,508 [INFO] ADCParametersView:116 -                Rank 1 : false
2024-06-20 01:58:28,508 [INFO] ADCParametersView:116 -                Rank 1 : false
2024-06-20 01:58:28,508 [INFO] ADCParametersView:116 -                Rank 1 : false
2024-06-20 01:58:28,508 [INFO] ADCParametersView:116 -                Rank 1 : false
2024-06-20 01:58:28,508 [INFO] ADCParametersView:116 -                Rank 1 : false
2024-06-20 01:58:28,508 [INFO] ADCParametersView:116 -                Rank 1 : false
2024-06-20 01:58:28,508 [INFO] ADCParametersView:116 -                Rank 1 : false
2024-06-20 01:58:28,508 [INFO] ADCParametersView:116 -                Rank 1 : false
2024-06-20 01:58:28,508 [INFO] ADCParametersView:116 -                Rank 1 : false
2024-06-20 01:58:28,508 [INFO] ADCParametersView:116 -                Rank 1 : false
2024-06-20 01:58:28,527 [INFO] ADCParametersView:116 -                Rank 1 : false
2024-06-20 01:58:32,693 [INFO] UtilMem:75 - End SaveConfig() Used Memory: 450982840 Bytes (1073741824)
2024-06-20 01:58:33,981 [INFO] UtilMem:75 - End SaveConfig() Used Memory: 479816632 Bytes (1073741824)
2024-06-20 01:58:35,214 [INFO] UtilMem:75 - End SaveConfig() Used Memory: 529626040 Bytes (1073741824)
2024-06-20 01:58:35,304 [INFO] BlockDiagram:2759 - set Specific Code input for plugin: TIM1_8G4
2024-06-20 01:58:35,304 [INFO] BlockDiagram:2759 - set Specific Code input for plugin: ADC
2024-06-20 01:58:35,304 [INFO] BlockDiagram:2759 - set Specific Code input for plugin: ADC
2024-06-20 01:58:35,304 [INFO] BlockDiagram:2759 - set Specific Code input for plugin: SYS
2024-06-20 01:58:35,304 [INFO] BlockDiagram:2759 - set Specific Code input for plugin: ADC
2024-06-20 01:58:35,304 [INFO] BlockDiagram:2759 - set Specific Code input for plugin: ADC
2024-06-20 01:58:35,304 [INFO] BlockDiagram:2759 - set Specific Code input for plugin: RCC
2024-06-20 01:58:35,304 [INFO] BlockDiagram:2759 - set Specific Code input for plugin: NVIC
2024-06-20 01:58:35,305 [INFO] BlockDiagram:2759 - set Specific Code input for plugin: GPIO
2024-06-20 01:58:35,305 [INFO] CodeGenerator:807 - code generatio: config db path: C:\ST\STM32CubeIDE_1.10.1\STM32CubeIDE\plugins\com.st.stm32cube.common.mx_6.11.1.202404110753\\db\
2024-06-20 01:58:35,363 [INFO] CodeEngine:255 - oldGeneratedFile, D:\Download\DeleteThis\FinalCurrentController\MXTmpFiles\license.tmp_save
2024-06-20 01:58:35,425 [INFO] CodeEngine:279 - Generated code: D:\Download\DeleteThis\FinalCurrentController\MXTmpFiles\license.tmp
2024-06-20 01:58:35,439 [INFO] CodeEngine:255 - oldGeneratedFile, D:\Download\DeleteThis\FinalCurrentController\MXTmpFiles\gpio.tmp_save
2024-06-20 01:58:35,501 [INFO] CodeEngine:279 - Generated code: D:\Download\DeleteThis\FinalCurrentController\MXTmpFiles\gpio.tmp
2024-06-20 01:58:35,603 [INFO] CodeEngine:255 - oldGeneratedFile, D:\Download\DeleteThis\FinalCurrentController\Core\Src\stm32g4xx_it.c_save
2024-06-20 01:58:35,686 [INFO] CodeEngine:279 - Generated code: D:\Download\DeleteThis\FinalCurrentController\Core\Src\stm32g4xx_it.c
2024-06-20 01:58:35,689 [INFO] CodeEngine:255 - oldGeneratedFile, D:\Download\DeleteThis\FinalCurrentController\Core\Inc\stm32g4xx_it.h_save
2024-06-20 01:58:35,722 [INFO] CodeEngine:279 - Generated code: D:\Download\DeleteThis\FinalCurrentController\Core\Inc\stm32g4xx_it.h
2024-06-20 01:58:35,737 [INFO] CodeEngine:255 - oldGeneratedFile, D:\Download\DeleteThis\FinalCurrentController\Core\Src\stm32g4xx_hal_msp.c_save
2024-06-20 01:58:35,822 [INFO] CodeEngine:279 - Generated code: D:\Download\DeleteThis\FinalCurrentController\Core\Src\stm32g4xx_hal_msp.c
2024-06-20 01:58:35,824 [INFO] CodeEngine:255 - oldGeneratedFile, D:\Download\DeleteThis\FinalCurrentController\MXTmpFiles\system.tmp_save
2024-06-20 01:58:35,853 [INFO] CodeEngine:279 - Generated code: D:\Download\DeleteThis\FinalCurrentController\MXTmpFiles\system.tmp
2024-06-20 01:58:35,874 [INFO] CodeEngine:311 - oldGeneratedFile, D:\Download\DeleteThis\FinalCurrentController\Core\Inc\stm32g4xx_hal_conf.h_save
2024-06-20 01:58:35,944 [INFO] CodeEngine:335 - Generated code: D:\Download\DeleteThis\FinalCurrentController\Core\Inc\stm32g4xx_hal_conf.h
2024-06-20 01:58:35,961 [WARN] IPConfigManager:2982 - Warning: the RefConfig RCC_CommonPeriphClockConfig is not available in your config.xml file
2024-06-20 01:58:35,961 [WARN] IPConfigManager:3513 - IP not found : TIM
2024-06-20 01:58:35,961 [WARN] CodeGenerator:3951 - IP not found : null
2024-06-20 01:58:35,971 [INFO] CodeEngine:255 - oldGeneratedFile, D:\Download\DeleteThis\FinalCurrentController\Core\Inc\main.h_save
2024-06-20 01:58:36,031 [INFO] CodeEngine:279 - Generated code: D:\Download\DeleteThis\FinalCurrentController\Core\Inc\main.h
2024-06-20 01:58:36,045 [INFO] CodeEngine:255 - oldGeneratedFile, D:\Download\DeleteThis\FinalCurrentController\Core\Src\main.c_save
2024-06-20 01:58:36,131 [INFO] CodeEngine:279 - Generated code: D:\Download\DeleteThis\FinalCurrentController\Core\Src\main.c
2024-06-20 01:58:36,353 [INFO] ProjectBuilder:3163 - Time for Copy HAL[1] : 113mS.
2024-06-20 01:58:36,355 [INFO] ProjectBuilder:4736 - Project Generator version: 4.3.0-B58
2024-06-20 01:58:36,398 [INFO] ConfigFileManager:1503 - The Die is : DIE469
2024-06-20 01:58:36,808 [INFO] ProjectBuilder:5002 - Time for Generating toolchain IDE Files: 452mS.
2024-06-20 01:58:36,808 [INFO] ProjectBuilder:3034 - Time for Copy CMSIS : 0mS.
2024-06-20 01:58:36,810 [INFO] ProjectBuilder:3034 - Time for Copy CMSIS : 0mS.
2024-06-20 02:10:17,981 [INFO] NvicIntPanel:101 - NVIC parent = com.st.microxplorer.plugins.ip.nvic.MultiNvicIntPanel[,0,0,0x0,invalid,layout=javax.swing.BoxLayout,alignmentX=0.0,alignmentY=0.0,border=,flags=9,maximumSize=,minimumSize=,preferredSize=]
2024-06-20 02:10:18,658 [INFO] UtilMem:75 - End SaveConfig() Used Memory: 482713048 Bytes (1073741824)
2024-06-20 02:10:20,023 [INFO] UtilMem:75 - End SaveConfig() Used Memory: 472502896 Bytes (1073741824)
2024-06-20 02:10:21,545 [INFO] UtilMem:75 - End SaveConfig() Used Memory: 522834544 Bytes (1073741824)
2024-06-20 02:10:21,675 [INFO] BlockDiagram:2759 - set Specific Code input for plugin: TIM1_8G4
2024-06-20 02:10:21,676 [INFO] BlockDiagram:2759 - set Specific Code input for plugin: ADC
2024-06-20 02:10:21,676 [INFO] BlockDiagram:2759 - set Specific Code input for plugin: ADC
2024-06-20 02:10:21,676 [INFO] BlockDiagram:2759 - set Specific Code input for plugin: SYS
2024-06-20 02:10:21,676 [INFO] BlockDiagram:2759 - set Specific Code input for plugin: ADC
2024-06-20 02:10:21,676 [INFO] BlockDiagram:2759 - set Specific Code input for plugin: ADC
2024-06-20 02:10:21,676 [INFO] BlockDiagram:2759 - set Specific Code input for plugin: RCC
2024-06-20 02:10:21,676 [INFO] BlockDiagram:2759 - set Specific Code input for plugin: NVIC
2024-06-20 02:10:21,676 [INFO] BlockDiagram:2759 - set Specific Code input for plugin: GPIO
2024-06-20 02:10:21,677 [INFO] CodeGenerator:807 - code generatio: config db path: C:\ST\STM32CubeIDE_1.10.1\STM32CubeIDE\plugins\com.st.stm32cube.common.mx_6.11.1.202404110753\\db\
2024-06-20 02:10:21,794 [INFO] CodeEngine:255 - oldGeneratedFile, D:\Download\DeleteThis\FinalCurrentController\MXTmpFiles\license.tmp_save
2024-06-20 02:10:21,857 [INFO] CodeEngine:279 - Generated code: D:\Download\DeleteThis\FinalCurrentController\MXTmpFiles\license.tmp
2024-06-20 02:10:21,868 [INFO] CodeEngine:255 - oldGeneratedFile, D:\Download\DeleteThis\FinalCurrentController\MXTmpFiles\gpio.tmp_save
2024-06-20 02:10:21,935 [INFO] CodeEngine:279 - Generated code: D:\Download\DeleteThis\FinalCurrentController\MXTmpFiles\gpio.tmp
2024-06-20 02:10:22,034 [INFO] CodeEngine:255 - oldGeneratedFile, D:\Download\DeleteThis\FinalCurrentController\Core\Src\stm32g4xx_it.c_save
2024-06-20 02:10:22,128 [INFO] CodeEngine:279 - Generated code: D:\Download\DeleteThis\FinalCurrentController\Core\Src\stm32g4xx_it.c
2024-06-20 02:10:22,131 [INFO] CodeEngine:255 - oldGeneratedFile, D:\Download\DeleteThis\FinalCurrentController\Core\Inc\stm32g4xx_it.h_save
2024-06-20 02:10:22,164 [INFO] CodeEngine:279 - Generated code: D:\Download\DeleteThis\FinalCurrentController\Core\Inc\stm32g4xx_it.h
2024-06-20 02:10:22,175 [INFO] CodeEngine:255 - oldGeneratedFile, D:\Download\DeleteThis\FinalCurrentController\Core\Src\stm32g4xx_hal_msp.c_save
2024-06-20 02:10:22,268 [INFO] CodeEngine:279 - Generated code: D:\Download\DeleteThis\FinalCurrentController\Core\Src\stm32g4xx_hal_msp.c
2024-06-20 02:10:22,270 [INFO] CodeEngine:255 - oldGeneratedFile, D:\Download\DeleteThis\FinalCurrentController\MXTmpFiles\system.tmp_save
2024-06-20 02:10:22,302 [INFO] CodeEngine:279 - Generated code: D:\Download\DeleteThis\FinalCurrentController\MXTmpFiles\system.tmp
2024-06-20 02:10:22,312 [INFO] CodeEngine:311 - oldGeneratedFile, D:\Download\DeleteThis\FinalCurrentController\Core\Inc\stm32g4xx_hal_conf.h_save
2024-06-20 02:10:22,390 [INFO] CodeEngine:335 - Generated code: D:\Download\DeleteThis\FinalCurrentController\Core\Inc\stm32g4xx_hal_conf.h
2024-06-20 02:10:22,402 [WARN] IPConfigManager:2982 - Warning: the RefConfig RCC_CommonPeriphClockConfig is not available in your config.xml file
2024-06-20 02:10:22,403 [WARN] IPConfigManager:3513 - IP not found : TIM
2024-06-20 02:10:22,403 [WARN] CodeGenerator:3951 - IP not found : null
2024-06-20 02:10:22,424 [INFO] CodeEngine:255 - oldGeneratedFile, D:\Download\DeleteThis\FinalCurrentController\Core\Inc\main.h_save
2024-06-20 02:10:22,471 [INFO] CodeEngine:279 - Generated code: D:\Download\DeleteThis\FinalCurrentController\Core\Inc\main.h
2024-06-20 02:10:22,479 [INFO] CodeEngine:255 - oldGeneratedFile, D:\Download\DeleteThis\FinalCurrentController\Core\Src\main.c_save
2024-06-20 02:10:22,567 [INFO] CodeEngine:279 - Generated code: D:\Download\DeleteThis\FinalCurrentController\Core\Src\main.c
2024-06-20 02:10:22,715 [INFO] ProjectBuilder:3163 - Time for Copy HAL[1] : 63mS.
2024-06-20 02:10:22,716 [INFO] ProjectBuilder:4736 - Project Generator version: 4.3.0-B58
2024-06-20 02:10:22,754 [INFO] ConfigFileManager:1503 - The Die is : DIE469
2024-06-20 02:10:23,178 [INFO] ProjectBuilder:5002 - Time for Generating toolchain IDE Files: 462mS.
2024-06-20 02:10:23,178 [INFO] ProjectBuilder:3034 - Time for Copy CMSIS : 0mS.
2024-06-20 02:10:23,179 [INFO] ProjectBuilder:3034 - Time for Copy CMSIS : 0mS.
2024-06-20 02:12:59,175 [INFO] NvicIntPanel:101 - NVIC parent = com.st.microxplorer.plugins.ip.nvic.MultiNvicIntPanel[,0,0,0x0,invalid,layout=javax.swing.BoxLayout,alignmentX=0.0,alignmentY=0.0,border=,flags=9,maximumSize=,minimumSize=,preferredSize=]
2024-06-20 02:12:59,849 [INFO] UtilMem:75 - End SaveConfig() Used Memory: 821348464 Bytes (1073741824)
2024-06-20 02:13:01,369 [INFO] UtilMem:75 - End SaveConfig() Used Memory: 465435592 Bytes (1073741824)
2024-06-20 02:13:02,561 [INFO] UtilMem:75 - End SaveConfig() Used Memory: 474237896 Bytes (1073741824)
2024-06-20 02:13:02,784 [INFO] BlockDiagram:2759 - set Specific Code input for plugin: TIM1_8G4
2024-06-20 02:13:02,784 [INFO] BlockDiagram:2759 - set Specific Code input for plugin: ADC
2024-06-20 02:13:02,784 [INFO] BlockDiagram:2759 - set Specific Code input for plugin: ADC
2024-06-20 02:13:02,784 [INFO] BlockDiagram:2759 - set Specific Code input for plugin: SYS
2024-06-20 02:13:02,784 [INFO] BlockDiagram:2759 - set Specific Code input for plugin: ADC
2024-06-20 02:13:02,784 [INFO] BlockDiagram:2759 - set Specific Code input for plugin: ADC
2024-06-20 02:13:02,784 [INFO] BlockDiagram:2759 - set Specific Code input for plugin: RCC
2024-06-20 02:13:02,784 [INFO] BlockDiagram:2759 - set Specific Code input for plugin: NVIC
2024-06-20 02:13:02,784 [INFO] BlockDiagram:2759 - set Specific Code input for plugin: GPIO
2024-06-20 02:13:02,785 [INFO] CodeGenerator:807 - code generatio: config db path: C:\ST\STM32CubeIDE_1.10.1\STM32CubeIDE\plugins\com.st.stm32cube.common.mx_6.11.1.202404110753\\db\
2024-06-20 02:13:02,855 [INFO] CodeEngine:255 - oldGeneratedFile, D:\Download\DeleteThis\FinalCurrentController\MXTmpFiles\license.tmp_save
2024-06-20 02:13:02,907 [INFO] CodeEngine:279 - Generated code: D:\Download\DeleteThis\FinalCurrentController\MXTmpFiles\license.tmp
2024-06-20 02:13:02,919 [INFO] CodeEngine:255 - oldGeneratedFile, D:\Download\DeleteThis\FinalCurrentController\MXTmpFiles\gpio.tmp_save
2024-06-20 02:13:02,971 [INFO] CodeEngine:279 - Generated code: D:\Download\DeleteThis\FinalCurrentController\MXTmpFiles\gpio.tmp
2024-06-20 02:13:03,074 [INFO] CodeEngine:255 - oldGeneratedFile, D:\Download\DeleteThis\FinalCurrentController\Core\Src\stm32g4xx_it.c_save
2024-06-20 02:13:03,123 [INFO] CodeEngine:279 - Generated code: D:\Download\DeleteThis\FinalCurrentController\Core\Src\stm32g4xx_it.c
2024-06-20 02:13:03,126 [INFO] CodeEngine:255 - oldGeneratedFile, D:\Download\DeleteThis\FinalCurrentController\Core\Inc\stm32g4xx_it.h_save
2024-06-20 02:13:03,158 [INFO] CodeEngine:279 - Generated code: D:\Download\DeleteThis\FinalCurrentController\Core\Inc\stm32g4xx_it.h
2024-06-20 02:13:03,175 [INFO] CodeEngine:255 - oldGeneratedFile, D:\Download\DeleteThis\FinalCurrentController\Core\Src\stm32g4xx_hal_msp.c_save
2024-06-20 02:13:03,253 [INFO] CodeEngine:279 - Generated code: D:\Download\DeleteThis\FinalCurrentController\Core\Src\stm32g4xx_hal_msp.c
2024-06-20 02:13:03,256 [INFO] CodeEngine:255 - oldGeneratedFile, D:\Download\DeleteThis\FinalCurrentController\MXTmpFiles\system.tmp_save
2024-06-20 02:13:03,291 [INFO] CodeEngine:279 - Generated code: D:\Download\DeleteThis\FinalCurrentController\MXTmpFiles\system.tmp
2024-06-20 02:13:03,304 [INFO] CodeEngine:311 - oldGeneratedFile, D:\Download\DeleteThis\FinalCurrentController\Core\Inc\stm32g4xx_hal_conf.h_save
2024-06-20 02:13:03,370 [INFO] CodeEngine:335 - Generated code: D:\Download\DeleteThis\FinalCurrentController\Core\Inc\stm32g4xx_hal_conf.h
2024-06-20 02:13:03,381 [WARN] IPConfigManager:2982 - Warning: the RefConfig RCC_CommonPeriphClockConfig is not available in your config.xml file
2024-06-20 02:13:03,383 [WARN] IPConfigManager:3513 - IP not found : TIM
2024-06-20 02:13:03,383 [WARN] CodeGenerator:3951 - IP not found : null
2024-06-20 02:13:03,394 [INFO] CodeEngine:255 - oldGeneratedFile, D:\Download\DeleteThis\FinalCurrentController\Core\Inc\main.h_save
2024-06-20 02:13:03,443 [INFO] CodeEngine:279 - Generated code: D:\Download\DeleteThis\FinalCurrentController\Core\Inc\main.h
2024-06-20 02:13:03,451 [INFO] CodeEngine:255 - oldGeneratedFile, D:\Download\DeleteThis\FinalCurrentController\Core\Src\main.c_save
2024-06-20 02:13:03,529 [INFO] CodeEngine:279 - Generated code: D:\Download\DeleteThis\FinalCurrentController\Core\Src\main.c
2024-06-20 02:13:03,670 [INFO] ProjectBuilder:3163 - Time for Copy HAL[1] : 62mS.
2024-06-20 02:13:03,671 [INFO] ProjectBuilder:4736 - Project Generator version: 4.3.0-B58
2024-06-20 02:13:03,712 [INFO] ConfigFileManager:1503 - The Die is : DIE469
2024-06-20 02:13:04,161 [INFO] ProjectBuilder:5002 - Time for Generating toolchain IDE Files: 490mS.
2024-06-20 02:13:04,162 [INFO] ProjectBuilder:3034 - Time for Copy CMSIS : 0mS.
2024-06-20 02:13:04,162 [INFO] ProjectBuilder:3034 - Time for Copy CMSIS : 0mS.
2024-06-20 02:14:25,550 [INFO] NvicIntPanel:101 - NVIC parent = com.st.microxplorer.plugins.ip.nvic.MultiNvicIntPanel[,0,0,0x0,invalid,layout=javax.swing.BoxLayout,alignmentX=0.0,alignmentY=0.0,border=,flags=9,maximumSize=,minimumSize=,preferredSize=]
2024-06-20 02:14:26,059 [INFO] UtilMem:75 - End SaveConfig() Used Memory: 759530704 Bytes (1073741824)
2024-06-20 02:14:27,358 [INFO] UtilMem:75 - End SaveConfig() Used Memory: 787315920 Bytes (1073741824)
2024-06-20 02:14:28,764 [INFO] UtilMem:75 - End SaveConfig() Used Memory: 454359616 Bytes (1073741824)
2024-06-20 02:14:28,890 [INFO] BlockDiagram:2759 - set Specific Code input for plugin: TIM1_8G4
2024-06-20 02:14:28,890 [INFO] BlockDiagram:2759 - set Specific Code input for plugin: ADC
2024-06-20 02:14:28,890 [INFO] BlockDiagram:2759 - set Specific Code input for plugin: ADC
2024-06-20 02:14:28,890 [INFO] BlockDiagram:2759 - set Specific Code input for plugin: SYS
2024-06-20 02:14:28,890 [INFO] BlockDiagram:2759 - set Specific Code input for plugin: ADC
2024-06-20 02:14:28,890 [INFO] BlockDiagram:2759 - set Specific Code input for plugin: ADC
2024-06-20 02:14:28,890 [INFO] BlockDiagram:2759 - set Specific Code input for plugin: RCC
2024-06-20 02:14:28,890 [INFO] BlockDiagram:2759 - set Specific Code input for plugin: NVIC
2024-06-20 02:14:28,890 [INFO] BlockDiagram:2759 - set Specific Code input for plugin: GPIO
2024-06-20 02:14:28,892 [INFO] CodeGenerator:807 - code generatio: config db path: C:\ST\STM32CubeIDE_1.10.1\STM32CubeIDE\plugins\com.st.stm32cube.common.mx_6.11.1.202404110753\\db\
2024-06-20 02:14:28,971 [INFO] CodeEngine:255 - oldGeneratedFile, D:\Download\DeleteThis\FinalCurrentController\MXTmpFiles\license.tmp_save
2024-06-20 02:14:29,039 [INFO] CodeEngine:279 - Generated code: D:\Download\DeleteThis\FinalCurrentController\MXTmpFiles\license.tmp
2024-06-20 02:14:29,052 [INFO] CodeEngine:255 - oldGeneratedFile, D:\Download\DeleteThis\FinalCurrentController\MXTmpFiles\gpio.tmp_save
2024-06-20 02:14:29,131 [INFO] CodeEngine:279 - Generated code: D:\Download\DeleteThis\FinalCurrentController\MXTmpFiles\gpio.tmp
2024-06-20 02:14:29,231 [INFO] CodeEngine:255 - oldGeneratedFile, D:\Download\DeleteThis\FinalCurrentController\Core\Src\stm32g4xx_it.c_save
2024-06-20 02:14:29,277 [INFO] CodeEngine:279 - Generated code: D:\Download\DeleteThis\FinalCurrentController\Core\Src\stm32g4xx_it.c
2024-06-20 02:14:29,280 [INFO] CodeEngine:255 - oldGeneratedFile, D:\Download\DeleteThis\FinalCurrentController\Core\Inc\stm32g4xx_it.h_save
2024-06-20 02:14:29,316 [INFO] CodeEngine:279 - Generated code: D:\Download\DeleteThis\FinalCurrentController\Core\Inc\stm32g4xx_it.h
2024-06-20 02:14:29,335 [INFO] CodeEngine:255 - oldGeneratedFile, D:\Download\DeleteThis\FinalCurrentController\Core\Src\stm32g4xx_hal_msp.c_save
2024-06-20 02:14:29,400 [INFO] CodeEngine:279 - Generated code: D:\Download\DeleteThis\FinalCurrentController\Core\Src\stm32g4xx_hal_msp.c
2024-06-20 02:14:29,404 [INFO] CodeEngine:255 - oldGeneratedFile, D:\Download\DeleteThis\FinalCurrentController\MXTmpFiles\system.tmp_save
2024-06-20 02:14:29,433 [INFO] CodeEngine:279 - Generated code: D:\Download\DeleteThis\FinalCurrentController\MXTmpFiles\system.tmp
2024-06-20 02:14:29,443 [INFO] CodeEngine:311 - oldGeneratedFile, D:\Download\DeleteThis\FinalCurrentController\Core\Inc\stm32g4xx_hal_conf.h_save
2024-06-20 02:14:29,523 [INFO] CodeEngine:335 - Generated code: D:\Download\DeleteThis\FinalCurrentController\Core\Inc\stm32g4xx_hal_conf.h
2024-06-20 02:14:29,542 [WARN] IPConfigManager:2982 - Warning: the RefConfig RCC_CommonPeriphClockConfig is not available in your config.xml file
2024-06-20 02:14:29,543 [WARN] IPConfigManager:3513 - IP not found : TIM
2024-06-20 02:14:29,544 [WARN] CodeGenerator:3951 - IP not found : null
2024-06-20 02:14:29,555 [INFO] CodeEngine:255 - oldGeneratedFile, D:\Download\DeleteThis\FinalCurrentController\Core\Inc\main.h_save
2024-06-20 02:14:29,623 [INFO] CodeEngine:279 - Generated code: D:\Download\DeleteThis\FinalCurrentController\Core\Inc\main.h
2024-06-20 02:14:29,640 [INFO] CodeEngine:255 - oldGeneratedFile, D:\Download\DeleteThis\FinalCurrentController\Core\Src\main.c_save
2024-06-20 02:14:29,724 [INFO] CodeEngine:279 - Generated code: D:\Download\DeleteThis\FinalCurrentController\Core\Src\main.c
2024-06-20 02:14:29,866 [INFO] ProjectBuilder:3163 - Time for Copy HAL[1] : 63mS.
2024-06-20 02:14:29,867 [INFO] ProjectBuilder:4736 - Project Generator version: 4.3.0-B58
2024-06-20 02:14:29,916 [INFO] ConfigFileManager:1503 - The Die is : DIE469
2024-06-20 02:14:30,287 [INFO] ProjectBuilder:5002 - Time for Generating toolchain IDE Files: 420mS.
2024-06-20 02:14:30,288 [INFO] ProjectBuilder:3034 - Time for Copy CMSIS : 1mS.
2024-06-20 02:14:30,289 [INFO] ProjectBuilder:3034 - Time for Copy CMSIS : 0mS.
2024-06-20 02:34:39,170 [INFO] NvicIntPanel:101 - NVIC parent = com.st.microxplorer.plugins.ip.nvic.MultiNvicIntPanel[,0,0,0x0,invalid,layout=javax.swing.BoxLayout,alignmentX=0.0,alignmentY=0.0,border=,flags=9,maximumSize=,minimumSize=,preferredSize=]
2024-06-20 02:34:54,744 [INFO] UtilMem:75 - End SaveConfig() Used Memory: 769397136 Bytes (1073741824)
2024-06-20 02:34:57,199 [INFO] UtilMem:75 - End SaveConfig() Used Memory: 797182352 Bytes (1073741824)
2024-06-20 02:34:58,586 [INFO] UtilMem:75 - End SaveConfig() Used Memory: 846991760 Bytes (1073741824)
2024-06-20 02:34:58,688 [INFO] BlockDiagram:2759 - set Specific Code input for plugin: TIM1_8G4
2024-06-20 02:34:58,688 [INFO] BlockDiagram:2759 - set Specific Code input for plugin: ADC
2024-06-20 02:34:58,688 [INFO] BlockDiagram:2759 - set Specific Code input for plugin: ADC
2024-06-20 02:34:58,688 [INFO] BlockDiagram:2759 - set Specific Code input for plugin: SYS
2024-06-20 02:34:58,688 [INFO] BlockDiagram:2759 - set Specific Code input for plugin: ADC
2024-06-20 02:34:58,688 [INFO] BlockDiagram:2759 - set Specific Code input for plugin: ADC
2024-06-20 02:34:58,688 [INFO] BlockDiagram:2759 - set Specific Code input for plugin: RCC
2024-06-20 02:34:58,688 [INFO] BlockDiagram:2759 - set Specific Code input for plugin: NVIC
2024-06-20 02:34:58,688 [INFO] BlockDiagram:2759 - set Specific Code input for plugin: GPIO
2024-06-20 02:34:58,688 [INFO] CodeGenerator:807 - code generatio: config db path: C:\ST\STM32CubeIDE_1.10.1\STM32CubeIDE\plugins\com.st.stm32cube.common.mx_6.11.1.202404110753\\db\
2024-06-20 02:34:58,764 [INFO] CodeEngine:255 - oldGeneratedFile, D:\Download\DeleteThis\FinalCurrentController\MXTmpFiles\license.tmp_save
2024-06-20 02:34:58,871 [INFO] CodeEngine:279 - Generated code: D:\Download\DeleteThis\FinalCurrentController\MXTmpFiles\license.tmp
2024-06-20 02:34:58,904 [INFO] CodeEngine:255 - oldGeneratedFile, D:\Download\DeleteThis\FinalCurrentController\MXTmpFiles\gpio.tmp_save
2024-06-20 02:34:59,004 [INFO] CodeEngine:279 - Generated code: D:\Download\DeleteThis\FinalCurrentController\MXTmpFiles\gpio.tmp
2024-06-20 02:34:59,140 [INFO] CodeEngine:255 - oldGeneratedFile, D:\Download\DeleteThis\FinalCurrentController\Core\Src\stm32g4xx_it.c_save
2024-06-20 02:34:59,255 [INFO] CodeEngine:279 - Generated code: D:\Download\DeleteThis\FinalCurrentController\Core\Src\stm32g4xx_it.c
2024-06-20 02:34:59,264 [INFO] CodeEngine:255 - oldGeneratedFile, D:\Download\DeleteThis\FinalCurrentController\Core\Inc\stm32g4xx_it.h_save
2024-06-20 02:34:59,300 [INFO] CodeEngine:279 - Generated code: D:\Download\DeleteThis\FinalCurrentController\Core\Inc\stm32g4xx_it.h
2024-06-20 02:34:59,318 [INFO] CodeEngine:255 - oldGeneratedFile, D:\Download\DeleteThis\FinalCurrentController\Core\Src\stm32g4xx_hal_msp.c_save
2024-06-20 02:34:59,405 [INFO] CodeEngine:279 - Generated code: D:\Download\DeleteThis\FinalCurrentController\Core\Src\stm32g4xx_hal_msp.c
2024-06-20 02:34:59,407 [INFO] CodeEngine:255 - oldGeneratedFile, D:\Download\DeleteThis\FinalCurrentController\MXTmpFiles\system.tmp_save
2024-06-20 02:34:59,435 [INFO] CodeEngine:279 - Generated code: D:\Download\DeleteThis\FinalCurrentController\MXTmpFiles\system.tmp
2024-06-20 02:34:59,445 [INFO] CodeEngine:311 - oldGeneratedFile, D:\Download\DeleteThis\FinalCurrentController\Core\Inc\stm32g4xx_hal_conf.h_save
2024-06-20 02:34:59,498 [INFO] CodeEngine:335 - Generated code: D:\Download\DeleteThis\FinalCurrentController\Core\Inc\stm32g4xx_hal_conf.h
2024-06-20 02:34:59,508 [WARN] IPConfigManager:2982 - Warning: the RefConfig RCC_CommonPeriphClockConfig is not available in your config.xml file
2024-06-20 02:34:59,509 [WARN] IPConfigManager:3513 - IP not found : TIM
2024-06-20 02:34:59,509 [WARN] CodeGenerator:3951 - IP not found : null
2024-06-20 02:34:59,518 [INFO] CodeEngine:255 - oldGeneratedFile, D:\Download\DeleteThis\FinalCurrentController\Core\Inc\main.h_save
2024-06-20 02:34:59,578 [INFO] CodeEngine:279 - Generated code: D:\Download\DeleteThis\FinalCurrentController\Core\Inc\main.h
2024-06-20 02:34:59,589 [INFO] CodeEngine:255 - oldGeneratedFile, D:\Download\DeleteThis\FinalCurrentController\Core\Src\main.c_save
2024-06-20 02:34:59,669 [INFO] CodeEngine:279 - Generated code: D:\Download\DeleteThis\FinalCurrentController\Core\Src\main.c
2024-06-20 02:34:59,924 [INFO] ProjectBuilder:3163 - Time for Copy HAL[1] : 141mS.
2024-06-20 02:34:59,927 [INFO] ProjectBuilder:4736 - Project Generator version: 4.3.0-B58
2024-06-20 02:34:59,968 [INFO] ConfigFileManager:1503 - The Die is : DIE469
2024-06-20 02:35:00,391 [INFO] ProjectBuilder:5002 - Time for Generating toolchain IDE Files: 464mS.
2024-06-20 02:35:00,392 [INFO] ProjectBuilder:3034 - Time for Copy CMSIS : 0mS.
2024-06-20 02:35:00,393 [INFO] ProjectBuilder:3034 - Time for Copy CMSIS : 0mS.
2024-06-20 02:37:32,225 [INFO] NvicIntPanel:101 - NVIC parent = com.st.microxplorer.plugins.ip.nvic.MultiNvicIntPanel[,0,0,0x0,invalid,layout=javax.swing.BoxLayout,alignmentX=0.0,alignmentY=0.0,border=,flags=9,maximumSize=,minimumSize=,preferredSize=]
2024-06-20 02:37:47,791 [INFO] NvicIntPanel:101 - NVIC parent = com.st.microxplorer.plugins.ip.nvic.MultiNvicIntPanel[,0,0,0x0,invalid,layout=javax.swing.BoxLayout,alignmentX=0.0,alignmentY=0.0,border=,flags=9,maximumSize=,minimumSize=,preferredSize=]
2024-06-20 02:38:16,688 [INFO] NvicIntPanel:101 - NVIC parent = com.st.microxplorer.plugins.ip.nvic.MultiNvicIntPanel[,0,0,0x0,invalid,layout=javax.swing.BoxLayout,alignmentX=0.0,alignmentY=0.0,border=,flags=9,maximumSize=,minimumSize=,preferredSize=]
2024-06-20 02:38:17,769 [INFO] UtilMem:75 - End SaveConfig() Used Memory: 489057824 Bytes (1073741824)
2024-06-20 02:38:18,894 [INFO] UtilMem:75 - End SaveConfig() Used Memory: 448898840 Bytes (1073741824)
2024-06-20 02:38:20,188 [INFO] UtilMem:75 - End SaveConfig() Used Memory: 498181912 Bytes (1073741824)
2024-06-20 02:38:20,416 [INFO] BlockDiagram:2759 - set Specific Code input for plugin: TIM1_8G4
2024-06-20 02:38:20,416 [INFO] BlockDiagram:2759 - set Specific Code input for plugin: TIM1_8G4
2024-06-20 02:38:20,416 [INFO] BlockDiagram:2759 - set Specific Code input for plugin: ADC
2024-06-20 02:38:20,416 [INFO] BlockDiagram:2759 - set Specific Code input for plugin: ADC
2024-06-20 02:38:20,416 [INFO] BlockDiagram:2759 - set Specific Code input for plugin: SYS
2024-06-20 02:38:20,416 [INFO] BlockDiagram:2759 - set Specific Code input for plugin: ADC
2024-06-20 02:38:20,416 [INFO] BlockDiagram:2759 - set Specific Code input for plugin: ADC
2024-06-20 02:38:20,416 [INFO] BlockDiagram:2759 - set Specific Code input for plugin: RCC
2024-06-20 02:38:20,416 [INFO] BlockDiagram:2759 - set Specific Code input for plugin: NVIC
2024-06-20 02:38:20,416 [INFO] BlockDiagram:2759 - set Specific Code input for plugin: GPIO
2024-06-20 02:38:20,417 [INFO] CodeGenerator:807 - code generatio: config db path: C:\ST\STM32CubeIDE_1.10.1\STM32CubeIDE\plugins\com.st.stm32cube.common.mx_6.11.1.202404110753\\db\
2024-06-20 02:38:20,538 [INFO] CodeEngine:255 - oldGeneratedFile, D:\Download\DeleteThis\FinalCurrentController\MXTmpFiles\license.tmp_save
2024-06-20 02:38:20,587 [INFO] CodeEngine:279 - Generated code: D:\Download\DeleteThis\FinalCurrentController\MXTmpFiles\license.tmp
2024-06-20 02:38:20,598 [INFO] CodeEngine:255 - oldGeneratedFile, D:\Download\DeleteThis\FinalCurrentController\MXTmpFiles\gpio.tmp_save
2024-06-20 02:38:20,640 [INFO] CodeEngine:279 - Generated code: D:\Download\DeleteThis\FinalCurrentController\MXTmpFiles\gpio.tmp
2024-06-20 02:38:20,752 [INFO] CodeEngine:255 - oldGeneratedFile, D:\Download\DeleteThis\FinalCurrentController\Core\Src\stm32g4xx_it.c_save
2024-06-20 02:38:20,825 [INFO] CodeEngine:279 - Generated code: D:\Download\DeleteThis\FinalCurrentController\Core\Src\stm32g4xx_it.c
2024-06-20 02:38:20,828 [INFO] CodeEngine:255 - oldGeneratedFile, D:\Download\DeleteThis\FinalCurrentController\Core\Inc\stm32g4xx_it.h_save
2024-06-20 02:38:20,877 [INFO] CodeEngine:279 - Generated code: D:\Download\DeleteThis\FinalCurrentController\Core\Inc\stm32g4xx_it.h
2024-06-20 02:38:20,890 [INFO] CodeEngine:255 - oldGeneratedFile, D:\Download\DeleteThis\FinalCurrentController\Core\Src\stm32g4xx_hal_msp.c_save
2024-06-20 02:38:20,984 [INFO] CodeEngine:279 - Generated code: D:\Download\DeleteThis\FinalCurrentController\Core\Src\stm32g4xx_hal_msp.c
2024-06-20 02:38:20,994 [INFO] CodeEngine:255 - oldGeneratedFile, D:\Download\DeleteThis\FinalCurrentController\MXTmpFiles\system.tmp_save
2024-06-20 02:38:21,025 [INFO] CodeEngine:279 - Generated code: D:\Download\DeleteThis\FinalCurrentController\MXTmpFiles\system.tmp
2024-06-20 02:38:21,042 [INFO] CodeEngine:311 - oldGeneratedFile, D:\Download\DeleteThis\FinalCurrentController\Core\Inc\stm32g4xx_hal_conf.h_save
2024-06-20 02:38:21,104 [INFO] CodeEngine:335 - Generated code: D:\Download\DeleteThis\FinalCurrentController\Core\Inc\stm32g4xx_hal_conf.h
2024-06-20 02:38:21,124 [WARN] IPConfigManager:2982 - Warning: the RefConfig RCC_CommonPeriphClockConfig is not available in your config.xml file
2024-06-20 02:38:21,126 [WARN] IPConfigManager:3513 - IP not found : TIM
2024-06-20 02:38:21,126 [WARN] CodeGenerator:3951 - IP not found : null
2024-06-20 02:38:21,135 [INFO] CodeEngine:255 - oldGeneratedFile, D:\Download\DeleteThis\FinalCurrentController\Core\Inc\main.h_save
2024-06-20 02:38:21,195 [INFO] CodeEngine:279 - Generated code: D:\Download\DeleteThis\FinalCurrentController\Core\Inc\main.h
2024-06-20 02:38:21,203 [INFO] CodeEngine:255 - oldGeneratedFile, D:\Download\DeleteThis\FinalCurrentController\Core\Src\main.c_save
2024-06-20 02:38:21,282 [INFO] CodeEngine:279 - Generated code: D:\Download\DeleteThis\FinalCurrentController\Core\Src\main.c
2024-06-20 02:38:21,420 [INFO] ProjectBuilder:3163 - Time for Copy HAL[1] : 66mS.
2024-06-20 02:38:21,422 [INFO] ProjectBuilder:4736 - Project Generator version: 4.3.0-B58
2024-06-20 02:38:21,457 [INFO] ConfigFileManager:1503 - The Die is : DIE469
2024-06-20 02:38:21,838 [INFO] ProjectBuilder:5002 - Time for Generating toolchain IDE Files: 416mS.
2024-06-20 02:38:21,840 [INFO] ProjectBuilder:3034 - Time for Copy CMSIS : 0mS.
2024-06-20 02:38:21,841 [INFO] ProjectBuilder:3034 - Time for Copy CMSIS : 0mS.
2024-06-20 02:38:30,902 [INFO] NvicIntPanel:101 - NVIC parent = com.st.microxplorer.plugins.ip.nvic.MultiNvicIntPanel[,0,0,0x0,invalid,layout=javax.swing.BoxLayout,alignmentX=0.0,alignmentY=0.0,border=,flags=9,maximumSize=,minimumSize=,preferredSize=]
2024-06-20 02:38:34,529 [INFO] NvicIntPanel:101 - NVIC parent = com.st.microxplorer.plugins.ip.nvic.MultiNvicIntPanel[,0,0,0x0,invalid,layout=javax.swing.BoxLayout,alignmentX=0.0,alignmentY=0.0,border=,flags=9,maximumSize=,minimumSize=,preferredSize=]
2024-06-20 02:38:41,405 [INFO] UtilMem:75 - End SaveConfig() Used Memory: 445333832 Bytes (1073741824)
2024-06-20 02:38:42,755 [INFO] UtilMem:75 - End SaveConfig() Used Memory: 472596808 Bytes (1073741824)
2024-06-20 02:38:43,767 [INFO] UtilMem:75 - End SaveConfig() Used Memory: 522928456 Bytes (1073741824)
2024-06-20 02:38:43,865 [INFO] BlockDiagram:2759 - set Specific Code input for plugin: TIM1_8G4
2024-06-20 02:38:43,865 [INFO] BlockDiagram:2759 - set Specific Code input for plugin: TIM1_8G4
2024-06-20 02:38:43,865 [INFO] BlockDiagram:2759 - set Specific Code input for plugin: ADC
2024-06-20 02:38:43,865 [INFO] BlockDiagram:2759 - set Specific Code input for plugin: ADC
2024-06-20 02:38:43,865 [INFO] BlockDiagram:2759 - set Specific Code input for plugin: SYS
2024-06-20 02:38:43,865 [INFO] BlockDiagram:2759 - set Specific Code input for plugin: ADC
2024-06-20 02:38:43,865 [INFO] BlockDiagram:2759 - set Specific Code input for plugin: ADC
2024-06-20 02:38:43,865 [INFO] BlockDiagram:2759 - set Specific Code input for plugin: RCC
2024-06-20 02:38:43,865 [INFO] BlockDiagram:2759 - set Specific Code input for plugin: NVIC
2024-06-20 02:38:43,865 [INFO] BlockDiagram:2759 - set Specific Code input for plugin: GPIO
2024-06-20 02:38:43,866 [INFO] CodeGenerator:807 - code generatio: config db path: C:\ST\STM32CubeIDE_1.10.1\STM32CubeIDE\plugins\com.st.stm32cube.common.mx_6.11.1.202404110753\\db\
2024-06-20 02:38:43,937 [INFO] CodeEngine:255 - oldGeneratedFile, D:\Download\DeleteThis\FinalCurrentController\MXTmpFiles\license.tmp_save
2024-06-20 02:38:43,986 [INFO] CodeEngine:279 - Generated code: D:\Download\DeleteThis\FinalCurrentController\MXTmpFiles\license.tmp
2024-06-20 02:38:44,000 [INFO] CodeEngine:255 - oldGeneratedFile, D:\Download\DeleteThis\FinalCurrentController\MXTmpFiles\gpio.tmp_save
2024-06-20 02:38:44,048 [INFO] CodeEngine:279 - Generated code: D:\Download\DeleteThis\FinalCurrentController\MXTmpFiles\gpio.tmp
2024-06-20 02:38:44,167 [INFO] CodeEngine:255 - oldGeneratedFile, D:\Download\DeleteThis\FinalCurrentController\Core\Src\stm32g4xx_it.c_save
2024-06-20 02:38:44,207 [INFO] CodeEngine:279 - Generated code: D:\Download\DeleteThis\FinalCurrentController\Core\Src\stm32g4xx_it.c
2024-06-20 02:38:44,210 [INFO] CodeEngine:255 - oldGeneratedFile, D:\Download\DeleteThis\FinalCurrentController\Core\Inc\stm32g4xx_it.h_save
2024-06-20 02:38:44,241 [INFO] CodeEngine:279 - Generated code: D:\Download\DeleteThis\FinalCurrentController\Core\Inc\stm32g4xx_it.h
2024-06-20 02:38:44,253 [INFO] CodeEngine:255 - oldGeneratedFile, D:\Download\DeleteThis\FinalCurrentController\Core\Src\stm32g4xx_hal_msp.c_save
2024-06-20 02:38:44,315 [INFO] CodeEngine:279 - Generated code: D:\Download\DeleteThis\FinalCurrentController\Core\Src\stm32g4xx_hal_msp.c
2024-06-20 02:38:44,317 [INFO] CodeEngine:255 - oldGeneratedFile, D:\Download\DeleteThis\FinalCurrentController\MXTmpFiles\system.tmp_save
2024-06-20 02:38:44,346 [INFO] CodeEngine:279 - Generated code: D:\Download\DeleteThis\FinalCurrentController\MXTmpFiles\system.tmp
2024-06-20 02:38:44,366 [INFO] CodeEngine:311 - oldGeneratedFile, D:\Download\DeleteThis\FinalCurrentController\Core\Inc\stm32g4xx_hal_conf.h_save
2024-06-20 02:38:44,414 [INFO] CodeEngine:335 - Generated code: D:\Download\DeleteThis\FinalCurrentController\Core\Inc\stm32g4xx_hal_conf.h
2024-06-20 02:38:44,423 [WARN] IPConfigManager:2982 - Warning: the RefConfig RCC_CommonPeriphClockConfig is not available in your config.xml file
2024-06-20 02:38:44,424 [WARN] IPConfigManager:3513 - IP not found : TIM
2024-06-20 02:38:44,425 [WARN] CodeGenerator:3951 - IP not found : null
2024-06-20 02:38:44,439 [INFO] CodeEngine:255 - oldGeneratedFile, D:\Download\DeleteThis\FinalCurrentController\Core\Inc\main.h_save
2024-06-20 02:38:44,469 [INFO] CodeEngine:279 - Generated code: D:\Download\DeleteThis\FinalCurrentController\Core\Inc\main.h
2024-06-20 02:38:44,480 [INFO] CodeEngine:255 - oldGeneratedFile, D:\Download\DeleteThis\FinalCurrentController\Core\Src\main.c_save
2024-06-20 02:38:44,567 [INFO] CodeEngine:279 - Generated code: D:\Download\DeleteThis\FinalCurrentController\Core\Src\main.c
2024-06-20 02:38:44,712 [INFO] ProjectBuilder:3163 - Time for Copy HAL[1] : 72mS.
2024-06-20 02:38:44,713 [INFO] ProjectBuilder:4736 - Project Generator version: 4.3.0-B58
2024-06-20 02:38:44,753 [INFO] ConfigFileManager:1503 - The Die is : DIE469
2024-06-20 02:38:45,209 [INFO] ProjectBuilder:5002 - Time for Generating toolchain IDE Files: 496mS.
2024-06-20 02:38:45,210 [INFO] ProjectBuilder:3034 - Time for Copy CMSIS : 1mS.
2024-06-20 02:38:45,210 [INFO] ProjectBuilder:3034 - Time for Copy CMSIS : 0mS.
2024-06-20 02:54:23,220 [INFO] NvicIntPanel:101 - NVIC parent = com.st.microxplorer.plugins.ip.nvic.MultiNvicIntPanel[,0,0,523x181,layout=javax.swing.BoxLayout,alignmentX=0.0,alignmentY=0.0,border=,flags=9,maximumSize=,minimumSize=,preferredSize=]
2024-06-20 02:54:31,135 [INFO] UtilMem:75 - End SaveConfig() Used Memory: 913695344 Bytes (1073741824)
2024-06-20 02:54:32,389 [INFO] UtilMem:75 - End SaveConfig() Used Memory: 465435280 Bytes (1073741824)
2024-06-20 02:54:33,497 [INFO] UtilMem:75 - End SaveConfig() Used Memory: 453713480 Bytes (1073741824)
2024-06-20 02:54:33,635 [INFO] BlockDiagram:2759 - set Specific Code input for plugin: TIM1_8G4
2024-06-20 02:54:33,635 [INFO] BlockDiagram:2759 - set Specific Code input for plugin: TIM1_8G4
2024-06-20 02:54:33,635 [INFO] BlockDiagram:2759 - set Specific Code input for plugin: ADC
2024-06-20 02:54:33,635 [INFO] BlockDiagram:2759 - set Specific Code input for plugin: ADC
2024-06-20 02:54:33,635 [INFO] BlockDiagram:2759 - set Specific Code input for plugin: SYS
2024-06-20 02:54:33,635 [INFO] BlockDiagram:2759 - set Specific Code input for plugin: ADC
2024-06-20 02:54:33,635 [INFO] BlockDiagram:2759 - set Specific Code input for plugin: ADC
2024-06-20 02:54:33,635 [INFO] BlockDiagram:2759 - set Specific Code input for plugin: RCC
2024-06-20 02:54:33,635 [INFO] BlockDiagram:2759 - set Specific Code input for plugin: NVIC
2024-06-20 02:54:33,635 [INFO] BlockDiagram:2759 - set Specific Code input for plugin: GPIO
2024-06-20 02:54:33,636 [INFO] CodeGenerator:807 - code generatio: config db path: C:\ST\STM32CubeIDE_1.10.1\STM32CubeIDE\plugins\com.st.stm32cube.common.mx_6.11.1.202404110753\\db\
2024-06-20 02:54:33,723 [INFO] CodeEngine:255 - oldGeneratedFile, D:\Download\DeleteThis\FinalCurrentController\MXTmpFiles\license.tmp_save
2024-06-20 02:54:33,788 [INFO] CodeEngine:279 - Generated code: D:\Download\DeleteThis\FinalCurrentController\MXTmpFiles\license.tmp
2024-06-20 02:54:33,802 [INFO] CodeEngine:255 - oldGeneratedFile, D:\Download\DeleteThis\FinalCurrentController\MXTmpFiles\gpio.tmp_save
2024-06-20 02:54:33,855 [INFO] CodeEngine:279 - Generated code: D:\Download\DeleteThis\FinalCurrentController\MXTmpFiles\gpio.tmp
2024-06-20 02:54:33,970 [INFO] CodeEngine:255 - oldGeneratedFile, D:\Download\DeleteThis\FinalCurrentController\Core\Src\stm32g4xx_it.c_save
2024-06-20 02:54:34,058 [INFO] CodeEngine:279 - Generated code: D:\Download\DeleteThis\FinalCurrentController\Core\Src\stm32g4xx_it.c
2024-06-20 02:54:34,065 [INFO] CodeEngine:255 - oldGeneratedFile, D:\Download\DeleteThis\FinalCurrentController\Core\Inc\stm32g4xx_it.h_save
2024-06-20 02:54:34,095 [INFO] CodeEngine:279 - Generated code: D:\Download\DeleteThis\FinalCurrentController\Core\Inc\stm32g4xx_it.h
2024-06-20 02:54:34,108 [INFO] CodeEngine:255 - oldGeneratedFile, D:\Download\DeleteThis\FinalCurrentController\Core\Src\stm32g4xx_hal_msp.c_save
2024-06-20 02:54:34,177 [INFO] CodeEngine:279 - Generated code: D:\Download\DeleteThis\FinalCurrentController\Core\Src\stm32g4xx_hal_msp.c
2024-06-20 02:54:34,179 [INFO] CodeEngine:255 - oldGeneratedFile, D:\Download\DeleteThis\FinalCurrentController\MXTmpFiles\system.tmp_save
2024-06-20 02:54:34,212 [INFO] CodeEngine:279 - Generated code: D:\Download\DeleteThis\FinalCurrentController\MXTmpFiles\system.tmp
2024-06-20 02:54:34,221 [INFO] CodeEngine:311 - oldGeneratedFile, D:\Download\DeleteThis\FinalCurrentController\Core\Inc\stm32g4xx_hal_conf.h_save
2024-06-20 02:54:34,270 [INFO] CodeEngine:335 - Generated code: D:\Download\DeleteThis\FinalCurrentController\Core\Inc\stm32g4xx_hal_conf.h
2024-06-20 02:54:34,281 [WARN] IPConfigManager:2982 - Warning: the RefConfig RCC_CommonPeriphClockConfig is not available in your config.xml file
2024-06-20 02:54:34,282 [WARN] IPConfigManager:3513 - IP not found : TIM
2024-06-20 02:54:34,282 [WARN] CodeGenerator:3951 - IP not found : null
2024-06-20 02:54:34,290 [INFO] CodeEngine:255 - oldGeneratedFile, D:\Download\DeleteThis\FinalCurrentController\Core\Inc\main.h_save
2024-06-20 02:54:34,344 [INFO] CodeEngine:279 - Generated code: D:\Download\DeleteThis\FinalCurrentController\Core\Inc\main.h
2024-06-20 02:54:34,353 [INFO] CodeEngine:255 - oldGeneratedFile, D:\Download\DeleteThis\FinalCurrentController\Core\Src\main.c_save
2024-06-20 02:54:34,436 [INFO] CodeEngine:279 - Generated code: D:\Download\DeleteThis\FinalCurrentController\Core\Src\main.c
2024-06-20 02:54:34,625 [INFO] ProjectBuilder:3163 - Time for Copy HAL[1] : 94mS.
2024-06-20 02:54:34,627 [INFO] ProjectBuilder:4736 - Project Generator version: 4.3.0-B58
2024-06-20 02:54:34,676 [INFO] ConfigFileManager:1503 - The Die is : DIE469
2024-06-20 02:54:35,132 [INFO] ProjectBuilder:5002 - Time for Generating toolchain IDE Files: 505mS.
2024-06-20 02:54:35,133 [INFO] ProjectBuilder:3034 - Time for Copy CMSIS : 1mS.
2024-06-20 02:54:35,134 [INFO] ProjectBuilder:3034 - Time for Copy CMSIS : 0mS.
2024-06-20 02:56:53,435 [INFO] UtilMem:75 - End SaveConfig() Used Memory: 920783664 Bytes (1073741824)
2024-06-20 02:56:56,012 [INFO] UtilMem:75 - End SaveConfig() Used Memory: 489230424 Bytes (1073741824)
2024-06-20 02:56:56,997 [INFO] UtilMem:75 - End SaveConfig() Used Memory: 496219712 Bytes (1073741824)
2024-06-20 02:56:57,125 [INFO] BlockDiagram:2759 - set Specific Code input for plugin: TIM1_8G4
2024-06-20 02:56:57,125 [INFO] BlockDiagram:2759 - set Specific Code input for plugin: TIM1_8G4
2024-06-20 02:56:57,125 [INFO] BlockDiagram:2759 - set Specific Code input for plugin: ADC
2024-06-20 02:56:57,125 [INFO] BlockDiagram:2759 - set Specific Code input for plugin: ADC
2024-06-20 02:56:57,125 [INFO] BlockDiagram:2759 - set Specific Code input for plugin: SYS
2024-06-20 02:56:57,125 [INFO] BlockDiagram:2759 - set Specific Code input for plugin: ADC
2024-06-20 02:56:57,125 [INFO] BlockDiagram:2759 - set Specific Code input for plugin: ADC
2024-06-20 02:56:57,125 [INFO] BlockDiagram:2759 - set Specific Code input for plugin: RCC
2024-06-20 02:56:57,125 [INFO] BlockDiagram:2759 - set Specific Code input for plugin: NVIC
2024-06-20 02:56:57,125 [INFO] BlockDiagram:2759 - set Specific Code input for plugin: GPIO
2024-06-20 02:56:57,125 [INFO] CodeGenerator:807 - code generatio: config db path: C:\ST\STM32CubeIDE_1.10.1\STM32CubeIDE\plugins\com.st.stm32cube.common.mx_6.11.1.202404110753\\db\
2024-06-20 02:56:57,243 [INFO] CodeEngine:255 - oldGeneratedFile, D:\Download\DeleteThis\FinalCurrentController\MXTmpFiles\license.tmp_save
2024-06-20 02:56:57,301 [INFO] CodeEngine:279 - Generated code: D:\Download\DeleteThis\FinalCurrentController\MXTmpFiles\license.tmp
2024-06-20 02:56:57,312 [INFO] CodeEngine:255 - oldGeneratedFile, D:\Download\DeleteThis\FinalCurrentController\MXTmpFiles\gpio.tmp_save
2024-06-20 02:56:57,375 [INFO] CodeEngine:279 - Generated code: D:\Download\DeleteThis\FinalCurrentController\MXTmpFiles\gpio.tmp
2024-06-20 02:56:57,488 [INFO] CodeEngine:255 - oldGeneratedFile, D:\Download\DeleteThis\FinalCurrentController\Core\Src\stm32g4xx_it.c_save
2024-06-20 02:56:57,550 [INFO] CodeEngine:279 - Generated code: D:\Download\DeleteThis\FinalCurrentController\Core\Src\stm32g4xx_it.c
2024-06-20 02:56:57,554 [INFO] CodeEngine:255 - oldGeneratedFile, D:\Download\DeleteThis\FinalCurrentController\Core\Inc\stm32g4xx_it.h_save
2024-06-20 02:56:57,586 [INFO] CodeEngine:279 - Generated code: D:\Download\DeleteThis\FinalCurrentController\Core\Inc\stm32g4xx_it.h
2024-06-20 02:56:57,602 [INFO] CodeEngine:255 - oldGeneratedFile, D:\Download\DeleteThis\FinalCurrentController\Core\Src\stm32g4xx_hal_msp.c_save
2024-06-20 02:56:57,697 [INFO] CodeEngine:279 - Generated code: D:\Download\DeleteThis\FinalCurrentController\Core\Src\stm32g4xx_hal_msp.c
2024-06-20 02:56:57,699 [INFO] CodeEngine:255 - oldGeneratedFile, D:\Download\DeleteThis\FinalCurrentController\MXTmpFiles\system.tmp_save
2024-06-20 02:56:57,736 [INFO] CodeEngine:279 - Generated code: D:\Download\DeleteThis\FinalCurrentController\MXTmpFiles\system.tmp
2024-06-20 02:56:57,745 [INFO] CodeEngine:311 - oldGeneratedFile, D:\Download\DeleteThis\FinalCurrentController\Core\Inc\stm32g4xx_hal_conf.h_save
2024-06-20 02:56:57,811 [INFO] CodeEngine:335 - Generated code: D:\Download\DeleteThis\FinalCurrentController\Core\Inc\stm32g4xx_hal_conf.h
2024-06-20 02:56:57,829 [WARN] IPConfigManager:2982 - Warning: the RefConfig RCC_CommonPeriphClockConfig is not available in your config.xml file
2024-06-20 02:56:57,830 [WARN] IPConfigManager:3513 - IP not found : TIM
2024-06-20 02:56:57,831 [WARN] CodeGenerator:3951 - IP not found : null
2024-06-20 02:56:57,841 [INFO] CodeEngine:255 - oldGeneratedFile, D:\Download\DeleteThis\FinalCurrentController\Core\Inc\main.h_save
2024-06-20 02:56:57,885 [INFO] CodeEngine:279 - Generated code: D:\Download\DeleteThis\FinalCurrentController\Core\Inc\main.h
2024-06-20 02:56:57,894 [INFO] CodeEngine:255 - oldGeneratedFile, D:\Download\DeleteThis\FinalCurrentController\Core\Src\main.c_save
2024-06-20 02:56:57,984 [INFO] CodeEngine:279 - Generated code: D:\Download\DeleteThis\FinalCurrentController\Core\Src\main.c
2024-06-20 02:56:58,125 [INFO] ProjectBuilder:3163 - Time for Copy HAL[1] : 64mS.
2024-06-20 02:56:58,127 [INFO] ProjectBuilder:4736 - Project Generator version: 4.3.0-B58
2024-06-20 02:56:58,161 [INFO] ConfigFileManager:1503 - The Die is : DIE469
2024-06-20 02:56:58,502 [INFO] ProjectBuilder:5002 - Time for Generating toolchain IDE Files: 375mS.
2024-06-20 02:56:58,502 [INFO] ProjectBuilder:3034 - Time for Copy CMSIS : 0mS.
2024-06-20 02:56:58,504 [INFO] ProjectBuilder:3034 - Time for Copy CMSIS : 0mS.
2024-06-20 03:15:20,740 [INFO] Gpio:277 - dependency for GPIO [ADC1, ADC3, ADC4, ADC5, TIM1]
2024-06-20 03:15:26,175 [INFO] Gpio:277 - dependency for GPIO [ADC1, ADC3, ADC4, ADC5, TIM1]
2024-06-20 03:15:26,205 [INFO] DmaTabbedPanel:205 - Cannot restore the selected Tab for DMA
2024-06-20 03:15:27,508 [INFO] Gpio:277 - dependency for GPIO [ADC1, ADC3, ADC4, ADC5, TIM1]
2024-06-20 03:15:29,360 [INFO] DmaTabbedPanel:205 - Cannot restore the selected Tab for DMA
2024-06-20 03:16:31,191 [INFO] Gpio:277 - dependency for GPIO [ADC1, ADC3, ADC4, ADC5, TIM1]
2024-06-20 03:23:04,619 [INFO] ADCParametersView:116 -                Rank 1 : false
2024-06-20 03:23:04,619 [INFO] ADCParametersView:116 -                Rank 1 : false
2024-06-20 03:23:04,619 [INFO] ADCParametersView:116 -                Rank 1 : false
2024-06-20 03:23:04,619 [INFO] ADCParametersView:116 -                Rank 1 : false
2024-06-20 03:23:04,619 [INFO] ADCParametersView:116 -                Rank 1 : false
2024-06-20 03:23:04,619 [INFO] ADCParametersView:116 -                Rank 1 : false
2024-06-20 03:23:04,619 [INFO] ADCParametersView:116 -                Rank 1 : false
2024-06-20 03:23:04,619 [INFO] ADCParametersView:116 -                Rank 1 : false
2024-06-20 03:23:04,619 [INFO] ADCParametersView:116 -                Rank 1 : false
2024-06-20 03:23:04,619 [INFO] ADCParametersView:116 -                Rank 1 : false
2024-06-20 03:23:04,619 [INFO] ADCParametersView:116 -                Rank 1 : false
2024-06-20 03:23:04,619 [INFO] ADCParametersView:116 -                Rank 1 : false
2024-06-20 03:23:04,619 [INFO] ADCParametersView:116 -                Rank 1 : false
2024-06-20 03:23:04,619 [INFO] ADCParametersView:116 -                Rank 1 : false
2024-06-20 03:23:04,619 [INFO] ADCParametersView:116 -                Rank 1 : false
2024-06-20 03:23:04,619 [INFO] ADCParametersView:116 -                Rank 1 : false
2024-06-20 03:23:04,619 [INFO] ADCParametersView:116 -                Rank 1 : false
2024-06-20 03:23:04,619 [INFO] ADCParametersView:116 -                Rank 1 : false
2024-06-20 03:23:04,619 [INFO] ADCParametersView:116 -                Rank 1 : false
2024-06-20 03:23:04,619 [INFO] ADCParametersView:116 -                Rank 1 : false
2024-06-20 03:23:04,619 [INFO] ADCParametersView:116 -                Rank 1 : false
2024-06-20 03:23:04,619 [INFO] ADCParametersView:116 -                Rank 1 : false
2024-06-20 03:23:04,620 [INFO] ADCParametersView:116 -                Rank 1 : false
2024-06-20 03:23:04,620 [INFO] ADCParametersView:116 -                Rank 1 : false
2024-06-20 03:23:04,620 [INFO] ADCParametersView:116 -                Rank 1 : false
2024-06-20 03:23:04,631 [INFO] ADCParametersView:116 -                Rank 1 : false
2024-06-20 03:23:04,647 [INFO] ADCParametersView:116 -                Rank 1 : false
2024-06-20 03:23:04,648 [INFO] ADCParametersView:116 -                Rank 1 : false
2024-06-20 03:23:04,648 [INFO] ADCParametersView:116 -                Rank 1 : false
2024-06-20 03:23:04,648 [INFO] ADCParametersView:116 -                Rank 1 : false
2024-06-20 03:23:04,648 [INFO] ADCParametersView:116 -                Rank 1 : false
2024-06-20 03:23:04,648 [INFO] ADCParametersView:116 -                Rank 1 : false
2024-06-20 03:23:04,648 [INFO] ADCParametersView:116 -                Rank 1 : false
2024-06-20 03:23:04,648 [INFO] ADCParametersView:116 -                Rank 1 : false
2024-06-20 03:23:04,648 [INFO] ADCParametersView:116 -                Rank 1 : false
2024-06-20 03:23:04,648 [INFO] ADCParametersView:116 -                Rank 1 : false
2024-06-20 03:23:04,648 [INFO] ADCParametersView:116 -                Rank 1 : false
2024-06-20 03:23:04,648 [INFO] ADCParametersView:116 -                Rank 1 : false
2024-06-20 03:23:04,648 [INFO] ADCParametersView:116 -                Rank 1 : false
2024-06-20 03:23:04,648 [INFO] ADCParametersView:116 -                Rank 1 : false
2024-06-20 03:23:04,648 [INFO] ADCParametersView:116 -                Rank 1 : false
2024-06-20 03:23:04,648 [INFO] ADCParametersView:116 -                Rank 1 : false
2024-06-20 03:23:04,648 [INFO] ADCParametersView:116 -                Rank 1 : false
2024-06-20 03:23:04,648 [INFO] ADCParametersView:116 -                Rank 1 : false
2024-06-20 03:23:04,648 [INFO] ADCParametersView:116 -                Rank 1 : false
2024-06-20 03:23:04,648 [INFO] ADCParametersView:116 -                Rank 1 : false
2024-06-20 03:23:04,648 [INFO] ADCParametersView:116 -                Rank 1 : false
2024-06-20 03:23:04,648 [INFO] ADCParametersView:116 -                Rank 1 : false
2024-06-20 03:23:04,648 [INFO] ADCParametersView:116 -                Rank 1 : false
2024-06-20 03:23:04,648 [INFO] ADCParametersView:116 -                Rank 1 : false
2024-06-20 03:23:04,648 [INFO] ADCParametersView:116 -                Rank 1 : false
2024-06-20 03:23:04,659 [INFO] ADCParametersView:116 -                Rank 1 : false
2024-06-20 03:24:03,317 [INFO] ADCParametersView:116 -                Rank 1 : false
2024-06-20 03:24:03,317 [INFO] ADCParametersView:116 -                Rank 1 : false
2024-06-20 03:24:03,317 [INFO] ADCParametersView:116 -                Rank 1 : false
2024-06-20 03:24:03,317 [INFO] ADCParametersView:116 -                Rank 1 : false
2024-06-20 03:24:03,317 [INFO] ADCParametersView:116 -                Rank 1 : false
2024-06-20 03:24:03,317 [INFO] ADCParametersView:116 -                Rank 1 : false
2024-06-20 03:24:03,317 [INFO] ADCParametersView:116 -                Rank 1 : false
2024-06-20 03:24:03,317 [INFO] ADCParametersView:116 -                Rank 1 : false
2024-06-20 03:24:03,317 [INFO] ADCParametersView:116 -                Rank 1 : false
2024-06-20 03:24:03,317 [INFO] ADCParametersView:116 -                Rank 1 : false
2024-06-20 03:24:03,317 [INFO] ADCParametersView:116 -                Rank 1 : false
2024-06-20 03:24:03,317 [INFO] ADCParametersView:116 -                Rank 1 : false
2024-06-20 03:24:03,317 [INFO] ADCParametersView:116 -                Rank 1 : false
2024-06-20 03:24:03,317 [INFO] ADCParametersView:116 -                Rank 1 : false
2024-06-20 03:24:03,317 [INFO] ADCParametersView:116 -                Rank 1 : false
2024-06-20 03:24:03,317 [INFO] ADCParametersView:116 -                Rank 1 : false
2024-06-20 03:24:03,317 [INFO] ADCParametersView:116 -                Rank 1 : false
2024-06-20 03:24:03,317 [INFO] ADCParametersView:116 -                Rank 1 : false
2024-06-20 03:24:03,317 [INFO] ADCParametersView:116 -                Rank 1 : false
2024-06-20 03:24:03,317 [INFO] ADCParametersView:116 -                Rank 1 : false
2024-06-20 03:24:03,317 [INFO] ADCParametersView:116 -                Rank 1 : false
2024-06-20 03:24:03,317 [INFO] ADCParametersView:116 -                Rank 1 : false
2024-06-20 03:24:03,317 [INFO] ADCParametersView:116 -                Rank 1 : false
2024-06-20 03:24:03,317 [INFO] ADCParametersView:116 -                Rank 1 : false
2024-06-20 03:24:03,317 [INFO] ADCParametersView:116 -                Rank 1 : false
2024-06-20 03:24:03,330 [INFO] ADCParametersView:116 -                Rank 1 : false
2024-06-20 03:24:03,348 [INFO] ADCParametersView:116 -                Rank 1 : false
2024-06-20 03:24:03,348 [INFO] ADCParametersView:116 -                Rank 1 : false
2024-06-20 03:24:03,348 [INFO] ADCParametersView:116 -                Rank 1 : false
2024-06-20 03:24:03,348 [INFO] ADCParametersView:116 -                Rank 1 : false
2024-06-20 03:24:03,348 [INFO] ADCParametersView:116 -                Rank 1 : false
2024-06-20 03:24:03,348 [INFO] ADCParametersView:116 -                Rank 1 : false
2024-06-20 03:24:03,348 [INFO] ADCParametersView:116 -                Rank 1 : false
2024-06-20 03:24:03,348 [INFO] ADCParametersView:116 -                Rank 1 : false
2024-06-20 03:24:03,348 [INFO] ADCParametersView:116 -                Rank 1 : false
2024-06-20 03:24:03,348 [INFO] ADCParametersView:116 -                Rank 1 : false
2024-06-20 03:24:03,349 [INFO] ADCParametersView:116 -                Rank 1 : false
2024-06-20 03:24:03,349 [INFO] ADCParametersView:116 -                Rank 1 : false
2024-06-20 03:24:03,349 [INFO] ADCParametersView:116 -                Rank 1 : false
2024-06-20 03:24:03,349 [INFO] ADCParametersView:116 -                Rank 1 : false
2024-06-20 03:24:03,349 [INFO] ADCParametersView:116 -                Rank 1 : false
2024-06-20 03:24:03,349 [INFO] ADCParametersView:116 -                Rank 1 : false
2024-06-20 03:24:03,349 [INFO] ADCParametersView:116 -                Rank 1 : false
2024-06-20 03:24:03,349 [INFO] ADCParametersView:116 -                Rank 1 : false
2024-06-20 03:24:03,349 [INFO] ADCParametersView:116 -                Rank 1 : false
2024-06-20 03:24:03,349 [INFO] ADCParametersView:116 -                Rank 1 : false
2024-06-20 03:24:03,349 [INFO] ADCParametersView:116 -                Rank 1 : false
2024-06-20 03:24:03,349 [INFO] ADCParametersView:116 -                Rank 1 : false
2024-06-20 03:24:03,349 [INFO] ADCParametersView:116 -                Rank 1 : false
2024-06-20 03:24:03,349 [INFO] ADCParametersView:116 -                Rank 1 : false
2024-06-20 03:24:03,350 [INFO] ADCParametersView:116 -                Rank 1 : false
2024-06-20 03:24:03,363 [INFO] ADCParametersView:116 -                Rank 1 : false
2024-06-20 03:24:43,070 [INFO] ADCParametersView:116 -                Rank 1 : false
2024-06-20 03:24:43,070 [INFO] ADCParametersView:116 -                Rank 1 : false
2024-06-20 03:24:43,071 [INFO] ADCParametersView:116 -                Rank 1 : false
2024-06-20 03:24:43,071 [INFO] ADCParametersView:116 -                Rank 1 : false
2024-06-20 03:24:43,071 [INFO] ADCParametersView:116 -                Rank 1 : false
2024-06-20 03:24:43,071 [INFO] ADCParametersView:116 -                Rank 1 : false
2024-06-20 03:24:43,071 [INFO] ADCParametersView:116 -                Rank 1 : false
2024-06-20 03:24:43,071 [INFO] ADCParametersView:116 -                Rank 1 : false
2024-06-20 03:24:43,071 [INFO] ADCParametersView:116 -                Rank 1 : false
2024-06-20 03:24:43,071 [INFO] ADCParametersView:116 -                Rank 1 : false
2024-06-20 03:24:43,071 [INFO] ADCParametersView:116 -                Rank 1 : false
2024-06-20 03:24:43,071 [INFO] ADCParametersView:116 -                Rank 1 : false
2024-06-20 03:24:43,071 [INFO] ADCParametersView:116 -                Rank 1 : false
2024-06-20 03:24:43,071 [INFO] ADCParametersView:116 -                Rank 1 : false
2024-06-20 03:24:43,071 [INFO] ADCParametersView:116 -                Rank 1 : false
2024-06-20 03:24:43,071 [INFO] ADCParametersView:116 -                Rank 1 : false
2024-06-20 03:24:43,071 [INFO] ADCParametersView:116 -                Rank 1 : false
2024-06-20 03:24:43,071 [INFO] ADCParametersView:116 -                Rank 1 : false
2024-06-20 03:24:43,071 [INFO] ADCParametersView:116 -                Rank 1 : false
2024-06-20 03:24:43,071 [INFO] ADCParametersView:116 -                Rank 1 : false
2024-06-20 03:24:43,071 [INFO] ADCParametersView:116 -                Rank 1 : false
2024-06-20 03:24:43,071 [INFO] ADCParametersView:116 -                Rank 1 : false
2024-06-20 03:24:43,071 [INFO] ADCParametersView:116 -                Rank 1 : false
2024-06-20 03:24:43,071 [INFO] ADCParametersView:116 -                Rank 1 : false
2024-06-20 03:24:43,071 [INFO] ADCParametersView:116 -                Rank 1 : false
2024-06-20 03:24:43,083 [INFO] ADCParametersView:116 -                Rank 1 : false
2024-06-20 03:24:43,098 [INFO] ADCParametersView:116 -                Rank 1 : false
2024-06-20 03:24:43,098 [INFO] ADCParametersView:116 -                Rank 1 : false
2024-06-20 03:24:43,098 [INFO] ADCParametersView:116 -                Rank 1 : false
2024-06-20 03:24:43,099 [INFO] ADCParametersView:116 -                Rank 1 : false
2024-06-20 03:24:43,099 [INFO] ADCParametersView:116 -                Rank 1 : false
2024-06-20 03:24:43,099 [INFO] ADCParametersView:116 -                Rank 1 : false
2024-06-20 03:24:43,099 [INFO] ADCParametersView:116 -                Rank 1 : false
2024-06-20 03:24:43,099 [INFO] ADCParametersView:116 -                Rank 1 : false
2024-06-20 03:24:43,099 [INFO] ADCParametersView:116 -                Rank 1 : false
2024-06-20 03:24:43,099 [INFO] ADCParametersView:116 -                Rank 1 : false
2024-06-20 03:24:43,099 [INFO] ADCParametersView:116 -                Rank 1 : false
2024-06-20 03:24:43,099 [INFO] ADCParametersView:116 -                Rank 1 : false
2024-06-20 03:24:43,099 [INFO] ADCParametersView:116 -                Rank 1 : false
2024-06-20 03:24:43,099 [INFO] ADCParametersView:116 -                Rank 1 : false
2024-06-20 03:24:43,099 [INFO] ADCParametersView:116 -                Rank 1 : false
2024-06-20 03:24:43,099 [INFO] ADCParametersView:116 -                Rank 1 : false
2024-06-20 03:24:43,099 [INFO] ADCParametersView:116 -                Rank 1 : false
2024-06-20 03:24:43,099 [INFO] ADCParametersView:116 -                Rank 1 : false
2024-06-20 03:24:43,099 [INFO] ADCParametersView:116 -                Rank 1 : false
2024-06-20 03:24:43,099 [INFO] ADCParametersView:116 -                Rank 1 : false
2024-06-20 03:24:43,099 [INFO] ADCParametersView:116 -                Rank 1 : false
2024-06-20 03:24:43,099 [INFO] ADCParametersView:116 -                Rank 1 : false
2024-06-20 03:24:43,099 [INFO] ADCParametersView:116 -                Rank 1 : false
2024-06-20 03:24:43,099 [INFO] ADCParametersView:116 -                Rank 1 : false
2024-06-20 03:24:43,099 [INFO] ADCParametersView:116 -                Rank 1 : false
2024-06-20 03:24:43,110 [INFO] ADCParametersView:116 -                Rank 1 : false
2024-06-20 03:25:17,857 [INFO] ADCParametersView:116 -                Rank 1 : false
2024-06-20 03:25:17,857 [INFO] ADCParametersView:116 -                Rank 1 : false
2024-06-20 03:25:17,857 [INFO] ADCParametersView:116 -                Rank 1 : false
2024-06-20 03:25:17,857 [INFO] ADCParametersView:116 -                Rank 1 : false
2024-06-20 03:25:17,857 [INFO] ADCParametersView:116 -                Rank 1 : false
2024-06-20 03:25:17,857 [INFO] ADCParametersView:116 -                Rank 1 : false
2024-06-20 03:25:17,857 [INFO] ADCParametersView:116 -                Rank 1 : false
2024-06-20 03:25:17,857 [INFO] ADCParametersView:116 -                Rank 1 : false
2024-06-20 03:25:17,857 [INFO] ADCParametersView:116 -                Rank 1 : false
2024-06-20 03:25:17,857 [INFO] ADCParametersView:116 -                Rank 1 : false
2024-06-20 03:25:17,857 [INFO] ADCParametersView:116 -                Rank 1 : false
2024-06-20 03:25:17,857 [INFO] ADCParametersView:116 -                Rank 1 : false
2024-06-20 03:25:17,857 [INFO] ADCParametersView:116 -                Rank 1 : false
2024-06-20 03:25:17,857 [INFO] ADCParametersView:116 -                Rank 1 : false
2024-06-20 03:25:17,857 [INFO] ADCParametersView:116 -                Rank 1 : false
2024-06-20 03:25:17,857 [INFO] ADCParametersView:116 -                Rank 1 : false
2024-06-20 03:25:17,857 [INFO] ADCParametersView:116 -                Rank 1 : false
2024-06-20 03:25:17,857 [INFO] ADCParametersView:116 -                Rank 1 : false
2024-06-20 03:25:17,857 [INFO] ADCParametersView:116 -                Rank 1 : false
2024-06-20 03:25:17,857 [INFO] ADCParametersView:116 -                Rank 1 : false
2024-06-20 03:25:17,858 [INFO] ADCParametersView:116 -                Rank 1 : false
2024-06-20 03:25:17,858 [INFO] ADCParametersView:116 -                Rank 1 : false
2024-06-20 03:25:17,858 [INFO] ADCParametersView:116 -                Rank 1 : false
2024-06-20 03:25:17,858 [INFO] ADCParametersView:116 -                Rank 1 : false
2024-06-20 03:25:17,858 [INFO] ADCParametersView:116 -                Rank 1 : false
2024-06-20 03:25:17,870 [INFO] ADCParametersView:116 -                Rank 1 : false
2024-06-20 03:25:17,885 [INFO] ADCParametersView:116 -                Rank 1 : false
2024-06-20 03:25:17,885 [INFO] ADCParametersView:116 -                Rank 1 : false
2024-06-20 03:25:17,885 [INFO] ADCParametersView:116 -                Rank 1 : false
2024-06-20 03:25:17,885 [INFO] ADCParametersView:116 -                Rank 1 : false
2024-06-20 03:25:17,885 [INFO] ADCParametersView:116 -                Rank 1 : false
2024-06-20 03:25:17,885 [INFO] ADCParametersView:116 -                Rank 1 : false
2024-06-20 03:25:17,885 [INFO] ADCParametersView:116 -                Rank 1 : false
2024-06-20 03:25:17,885 [INFO] ADCParametersView:116 -                Rank 1 : false
2024-06-20 03:25:17,885 [INFO] ADCParametersView:116 -                Rank 1 : false
2024-06-20 03:25:17,885 [INFO] ADCParametersView:116 -                Rank 1 : false
2024-06-20 03:25:17,885 [INFO] ADCParametersView:116 -                Rank 1 : false
2024-06-20 03:25:17,885 [INFO] ADCParametersView:116 -                Rank 1 : false
2024-06-20 03:25:17,885 [INFO] ADCParametersView:116 -                Rank 1 : false
2024-06-20 03:25:17,885 [INFO] ADCParametersView:116 -                Rank 1 : false
2024-06-20 03:25:17,885 [INFO] ADCParametersView:116 -                Rank 1 : false
2024-06-20 03:25:17,886 [INFO] ADCParametersView:116 -                Rank 1 : false
2024-06-20 03:25:17,886 [INFO] ADCParametersView:116 -                Rank 1 : false
2024-06-20 03:25:17,886 [INFO] ADCParametersView:116 -                Rank 1 : false
2024-06-20 03:25:17,886 [INFO] ADCParametersView:116 -                Rank 1 : false
2024-06-20 03:25:17,886 [INFO] ADCParametersView:116 -                Rank 1 : false
2024-06-20 03:25:17,886 [INFO] ADCParametersView:116 -                Rank 1 : false
2024-06-20 03:25:17,886 [INFO] ADCParametersView:116 -                Rank 1 : false
2024-06-20 03:25:17,886 [INFO] ADCParametersView:116 -                Rank 1 : false
2024-06-20 03:25:17,886 [INFO] ADCParametersView:116 -                Rank 1 : false
2024-06-20 03:25:17,886 [INFO] ADCParametersView:116 -                Rank 1 : false
2024-06-20 03:25:17,897 [INFO] ADCParametersView:116 -                Rank 1 : false
2024-06-20 03:25:20,726 [INFO] ADCParametersView:116 -                Rank 1 : false
2024-06-20 03:25:20,726 [INFO] ADCParametersView:116 -                Rank 1 : false
2024-06-20 03:25:20,726 [INFO] ADCParametersView:116 -                Rank 1 : false
2024-06-20 03:25:20,726 [INFO] ADCParametersView:116 -                Rank 1 : false
2024-06-20 03:25:20,726 [INFO] ADCParametersView:116 -                Rank 1 : false
2024-06-20 03:25:20,726 [INFO] ADCParametersView:116 -                Rank 1 : false
2024-06-20 03:25:20,726 [INFO] ADCParametersView:116 -                Rank 1 : false
2024-06-20 03:25:20,726 [INFO] ADCParametersView:116 -                Rank 1 : false
2024-06-20 03:25:20,726 [INFO] ADCParametersView:116 -                Rank 1 : false
2024-06-20 03:25:20,726 [INFO] ADCParametersView:116 -                Rank 1 : false
2024-06-20 03:25:20,726 [INFO] ADCParametersView:116 -                Rank 1 : false
2024-06-20 03:25:20,726 [INFO] ADCParametersView:116 -                Rank 1 : false
2024-06-20 03:25:20,726 [INFO] ADCParametersView:116 -                Rank 1 : false
2024-06-20 03:25:20,726 [INFO] ADCParametersView:116 -                Rank 1 : false
2024-06-20 03:25:20,726 [INFO] ADCParametersView:116 -                Rank 1 : false
2024-06-20 03:25:20,726 [INFO] ADCParametersView:116 -                Rank 1 : false
2024-06-20 03:25:20,726 [INFO] ADCParametersView:116 -                Rank 1 : false
2024-06-20 03:25:20,726 [INFO] ADCParametersView:116 -                Rank 1 : false
2024-06-20 03:25:20,726 [INFO] ADCParametersView:116 -                Rank 1 : false
2024-06-20 03:25:20,726 [INFO] ADCParametersView:116 -                Rank 1 : false
2024-06-20 03:25:20,726 [INFO] ADCParametersView:116 -                Rank 1 : false
2024-06-20 03:25:20,726 [INFO] ADCParametersView:116 -                Rank 1 : false
2024-06-20 03:25:20,726 [INFO] ADCParametersView:116 -                Rank 1 : false
2024-06-20 03:25:20,727 [INFO] ADCParametersView:116 -                Rank 1 : false
2024-06-20 03:25:20,738 [INFO] ADCParametersView:116 -                Rank 1 : false
2024-06-20 03:25:20,754 [INFO] ADCParametersView:116 -                Rank 1 : false
2024-06-20 03:25:20,754 [INFO] ADCParametersView:116 -                Rank 1 : false
2024-06-20 03:25:20,754 [INFO] ADCParametersView:116 -                Rank 1 : false
2024-06-20 03:25:20,754 [INFO] ADCParametersView:116 -                Rank 1 : false
2024-06-20 03:25:20,754 [INFO] ADCParametersView:116 -                Rank 1 : false
2024-06-20 03:25:20,754 [INFO] ADCParametersView:116 -                Rank 1 : false
2024-06-20 03:25:20,754 [INFO] ADCParametersView:116 -                Rank 1 : false
2024-06-20 03:25:20,754 [INFO] ADCParametersView:116 -                Rank 1 : false
2024-06-20 03:25:20,754 [INFO] ADCParametersView:116 -                Rank 1 : false
2024-06-20 03:25:20,754 [INFO] ADCParametersView:116 -                Rank 1 : false
2024-06-20 03:25:20,754 [INFO] ADCParametersView:116 -                Rank 1 : false
2024-06-20 03:25:20,754 [INFO] ADCParametersView:116 -                Rank 1 : false
2024-06-20 03:25:20,754 [INFO] ADCParametersView:116 -                Rank 1 : false
2024-06-20 03:25:20,754 [INFO] ADCParametersView:116 -                Rank 1 : false
2024-06-20 03:25:20,754 [INFO] ADCParametersView:116 -                Rank 1 : false
2024-06-20 03:25:20,754 [INFO] ADCParametersView:116 -                Rank 1 : false
2024-06-20 03:25:20,754 [INFO] ADCParametersView:116 -                Rank 1 : false
2024-06-20 03:25:20,754 [INFO] ADCParametersView:116 -                Rank 1 : false
2024-06-20 03:25:20,754 [INFO] ADCParametersView:116 -                Rank 1 : false
2024-06-20 03:25:20,754 [INFO] ADCParametersView:116 -                Rank 1 : false
2024-06-20 03:25:20,754 [INFO] ADCParametersView:116 -                Rank 1 : false
2024-06-20 03:25:20,754 [INFO] ADCParametersView:116 -                Rank 1 : false
2024-06-20 03:25:20,754 [INFO] ADCParametersView:116 -                Rank 1 : false
2024-06-20 03:25:20,754 [INFO] ADCParametersView:116 -                Rank 1 : false
2024-06-20 03:25:20,765 [INFO] ADCParametersView:116 -                Rank 1 : false
2024-06-20 03:41:18,600 [INFO] UtilMem:75 - End SaveConfig() Used Memory: 529943408 Bytes (1073741824)
2024-06-20 03:41:19,889 [INFO] UtilMem:75 - End SaveConfig() Used Memory: 561400688 Bytes (1073741824)
2024-06-20 03:41:19,994 [INFO] UtilMem:75 - End SaveConfig() Used Memory: 595481456 Bytes (1073741824)
2024-06-20 03:41:20,086 [INFO] BlockDiagram:2759 - set Specific Code input for plugin: TIM1_8G4
2024-06-20 03:41:20,086 [INFO] BlockDiagram:2759 - set Specific Code input for plugin: TIM1_8G4
2024-06-20 03:41:20,086 [INFO] BlockDiagram:2759 - set Specific Code input for plugin: ADC
2024-06-20 03:41:20,086 [INFO] BlockDiagram:2759 - set Specific Code input for plugin: ADC
2024-06-20 03:41:20,086 [INFO] BlockDiagram:2759 - set Specific Code input for plugin: SYS
2024-06-20 03:41:20,086 [INFO] BlockDiagram:2759 - set Specific Code input for plugin: ADC
2024-06-20 03:41:20,086 [INFO] BlockDiagram:2759 - set Specific Code input for plugin: ADC
2024-06-20 03:41:20,086 [INFO] BlockDiagram:2759 - set Specific Code input for plugin: RCC
2024-06-20 03:41:20,086 [INFO] BlockDiagram:2759 - set Specific Code input for plugin: NVIC
2024-06-20 03:41:20,087 [INFO] BlockDiagram:2759 - set Specific Code input for plugin: GPIO
2024-06-20 03:41:20,087 [INFO] CodeGenerator:807 - code generatio: config db path: C:\ST\STM32CubeIDE_1.10.1\STM32CubeIDE\plugins\com.st.stm32cube.common.mx_6.11.1.202404110753\\db\
2024-06-20 03:41:20,189 [INFO] CodeEngine:255 - oldGeneratedFile, D:\Download\DeleteThis\FinalCurrentController\MXTmpFiles\license.tmp_save
2024-06-20 03:41:20,244 [INFO] CodeEngine:279 - Generated code: D:\Download\DeleteThis\FinalCurrentController\MXTmpFiles\license.tmp
2024-06-20 03:41:20,268 [INFO] CodeEngine:255 - oldGeneratedFile, D:\Download\DeleteThis\FinalCurrentController\MXTmpFiles\gpio.tmp_save
2024-06-20 03:41:20,331 [INFO] CodeEngine:279 - Generated code: D:\Download\DeleteThis\FinalCurrentController\MXTmpFiles\gpio.tmp
2024-06-20 03:41:20,497 [INFO] CodeEngine:255 - oldGeneratedFile, D:\Download\DeleteThis\FinalCurrentController\Core\Src\stm32g4xx_it.c_save
2024-06-20 03:41:20,615 [INFO] CodeEngine:279 - Generated code: D:\Download\DeleteThis\FinalCurrentController\Core\Src\stm32g4xx_it.c
2024-06-20 03:41:20,628 [INFO] CodeEngine:255 - oldGeneratedFile, D:\Download\DeleteThis\FinalCurrentController\Core\Inc\stm32g4xx_it.h_save
2024-06-20 03:41:20,672 [INFO] CodeEngine:279 - Generated code: D:\Download\DeleteThis\FinalCurrentController\Core\Inc\stm32g4xx_it.h
2024-06-20 03:41:20,693 [INFO] CodeEngine:255 - oldGeneratedFile, D:\Download\DeleteThis\FinalCurrentController\Core\Src\stm32g4xx_hal_msp.c_save
2024-06-20 03:41:20,782 [INFO] CodeEngine:279 - Generated code: D:\Download\DeleteThis\FinalCurrentController\Core\Src\stm32g4xx_hal_msp.c
2024-06-20 03:41:20,788 [INFO] CodeEngine:255 - oldGeneratedFile, D:\Download\DeleteThis\FinalCurrentController\MXTmpFiles\system.tmp_save
2024-06-20 03:41:20,831 [INFO] CodeEngine:279 - Generated code: D:\Download\DeleteThis\FinalCurrentController\MXTmpFiles\system.tmp
2024-06-20 03:41:20,847 [INFO] CodeEngine:311 - oldGeneratedFile, D:\Download\DeleteThis\FinalCurrentController\Core\Inc\stm32g4xx_hal_conf.h_save
2024-06-20 03:41:20,909 [INFO] CodeEngine:335 - Generated code: D:\Download\DeleteThis\FinalCurrentController\Core\Inc\stm32g4xx_hal_conf.h
2024-06-20 03:41:20,927 [WARN] IPConfigManager:2982 - Warning: the RefConfig RCC_CommonPeriphClockConfig is not available in your config.xml file
2024-06-20 03:41:20,928 [WARN] IPConfigManager:3513 - IP not found : TIM
2024-06-20 03:41:20,928 [WARN] CodeGenerator:3951 - IP not found : null
2024-06-20 03:41:20,945 [INFO] CodeEngine:255 - oldGeneratedFile, D:\Download\DeleteThis\FinalCurrentController\Core\Inc\main.h_save
2024-06-20 03:41:21,009 [INFO] CodeEngine:279 - Generated code: D:\Download\DeleteThis\FinalCurrentController\Core\Inc\main.h
2024-06-20 03:41:21,026 [INFO] CodeEngine:255 - oldGeneratedFile, D:\Download\DeleteThis\FinalCurrentController\Core\Src\main.c_save
2024-06-20 03:41:21,118 [INFO] CodeEngine:279 - Generated code: D:\Download\DeleteThis\FinalCurrentController\Core\Src\main.c
2024-06-20 03:41:21,351 [INFO] ProjectBuilder:3163 - Time for Copy HAL[1] : 138mS.
2024-06-20 03:41:21,352 [INFO] ProjectBuilder:4736 - Project Generator version: 4.3.0-B58
2024-06-20 03:41:21,393 [INFO] ConfigFileManager:1503 - The Die is : DIE469
2024-06-20 03:41:22,135 [INFO] ProjectBuilder:5002 - Time for Generating toolchain IDE Files: 783mS.
2024-06-20 03:41:22,136 [INFO] ProjectBuilder:3034 - Time for Copy CMSIS : 1mS.
2024-06-20 03:41:22,136 [INFO] ProjectBuilder:3034 - Time for Copy CMSIS : 0mS.
2024-06-20 03:44:20,496 [INFO] ADCParametersView:116 -                Rank 1 : false
2024-06-20 03:44:20,497 [INFO] ADCParametersView:116 -                Rank 1 : false
2024-06-20 03:44:20,497 [INFO] ADCParametersView:116 -                Rank 1 : false
2024-06-20 03:44:20,497 [INFO] ADCParametersView:116 -                Rank 1 : false
2024-06-20 03:44:20,497 [INFO] ADCParametersView:116 -                Rank 1 : false
2024-06-20 03:44:20,497 [INFO] ADCParametersView:116 -                Rank 1 : false
2024-06-20 03:44:20,497 [INFO] ADCParametersView:116 -                Rank 1 : false
2024-06-20 03:44:20,497 [INFO] ADCParametersView:116 -                Rank 1 : false
2024-06-20 03:44:20,497 [INFO] ADCParametersView:116 -                Rank 1 : false
2024-06-20 03:44:20,497 [INFO] ADCParametersView:116 -                Rank 1 : false
2024-06-20 03:44:20,497 [INFO] ADCParametersView:116 -                Rank 1 : false
2024-06-20 03:44:20,497 [INFO] ADCParametersView:116 -                Rank 1 : false
2024-06-20 03:44:20,497 [INFO] ADCParametersView:116 -                Rank 1 : false
2024-06-20 03:44:20,497 [INFO] ADCParametersView:116 -                Rank 1 : false
2024-06-20 03:44:20,497 [INFO] ADCParametersView:116 -                Rank 1 : false
2024-06-20 03:44:20,497 [INFO] ADCParametersView:116 -                Rank 1 : false
2024-06-20 03:44:20,497 [INFO] ADCParametersView:116 -                Rank 1 : false
2024-06-20 03:44:20,497 [INFO] ADCParametersView:116 -                Rank 1 : false
2024-06-20 03:44:20,497 [INFO] ADCParametersView:116 -                Rank 1 : false
2024-06-20 03:44:20,497 [INFO] ADCParametersView:116 -                Rank 1 : false
2024-06-20 03:44:20,497 [INFO] ADCParametersView:116 -                Rank 1 : false
2024-06-20 03:44:20,497 [INFO] ADCParametersView:116 -                Rank 1 : false
2024-06-20 03:44:20,497 [INFO] ADCParametersView:116 -                Rank 1 : false
2024-06-20 03:44:20,497 [INFO] ADCParametersView:116 -                Rank 1 : false
2024-06-20 03:44:20,497 [INFO] ADCParametersView:116 -                Rank 1 : false
2024-06-20 03:44:20,511 [INFO] ADCParametersView:116 -                Rank 1 : false
2024-06-20 03:44:20,526 [INFO] ADCParametersView:116 -                Rank 1 : false
2024-06-20 03:44:20,526 [INFO] ADCParametersView:116 -                Rank 1 : false
2024-06-20 03:44:20,526 [INFO] ADCParametersView:116 -                Rank 1 : false
2024-06-20 03:44:20,526 [INFO] ADCParametersView:116 -                Rank 1 : false
2024-06-20 03:44:20,526 [INFO] ADCParametersView:116 -                Rank 1 : false
2024-06-20 03:44:20,526 [INFO] ADCParametersView:116 -                Rank 1 : false
2024-06-20 03:44:20,526 [INFO] ADCParametersView:116 -                Rank 1 : false
2024-06-20 03:44:20,527 [INFO] ADCParametersView:116 -                Rank 1 : false
2024-06-20 03:44:20,527 [INFO] ADCParametersView:116 -                Rank 1 : false
2024-06-20 03:44:20,527 [INFO] ADCParametersView:116 -                Rank 1 : false
2024-06-20 03:44:20,527 [INFO] ADCParametersView:116 -                Rank 1 : false
2024-06-20 03:44:20,527 [INFO] ADCParametersView:116 -                Rank 1 : false
2024-06-20 03:44:20,527 [INFO] ADCParametersView:116 -                Rank 1 : false
2024-06-20 03:44:20,527 [INFO] ADCParametersView:116 -                Rank 1 : false
2024-06-20 03:44:20,527 [INFO] ADCParametersView:116 -                Rank 1 : false
2024-06-20 03:44:20,527 [INFO] ADCParametersView:116 -                Rank 1 : false
2024-06-20 03:44:20,527 [INFO] ADCParametersView:116 -                Rank 1 : false
2024-06-20 03:44:20,527 [INFO] ADCParametersView:116 -                Rank 1 : false
2024-06-20 03:44:20,527 [INFO] ADCParametersView:116 -                Rank 1 : false
2024-06-20 03:44:20,527 [INFO] ADCParametersView:116 -                Rank 1 : false
2024-06-20 03:44:20,527 [INFO] ADCParametersView:116 -                Rank 1 : false
2024-06-20 03:44:20,527 [INFO] ADCParametersView:116 -                Rank 1 : false
2024-06-20 03:44:20,527 [INFO] ADCParametersView:116 -                Rank 1 : false
2024-06-20 03:44:20,527 [INFO] ADCParametersView:116 -                Rank 1 : false
2024-06-20 03:44:20,527 [INFO] ADCParametersView:116 -                Rank 1 : false
2024-06-20 03:44:20,537 [INFO] ADCParametersView:116 -                Rank 1 : false
2024-06-20 03:44:42,240 [INFO] NvicIntPanel:101 - NVIC parent = com.st.microxplorer.plugins.ip.nvic.MultiNvicIntPanel[,0,0,0x0,invalid,layout=javax.swing.BoxLayout,alignmentX=0.0,alignmentY=0.0,border=,flags=9,maximumSize=,minimumSize=,preferredSize=]
2024-06-20 03:44:42,263 [INFO] ADCParametersView:116 -                Rank 1 : false
2024-06-20 03:44:42,263 [INFO] ADCParametersView:116 -                Rank 1 : false
2024-06-20 03:44:42,263 [INFO] ADCParametersView:116 -                Rank 1 : false
2024-06-20 03:44:42,263 [INFO] ADCParametersView:116 -                Rank 1 : false
2024-06-20 03:44:42,263 [INFO] ADCParametersView:116 -                Rank 1 : false
2024-06-20 03:44:42,264 [INFO] ADCParametersView:116 -                Rank 1 : false
2024-06-20 03:44:42,264 [INFO] ADCParametersView:116 -                Rank 1 : false
2024-06-20 03:44:42,264 [INFO] ADCParametersView:116 -                Rank 1 : false
2024-06-20 03:44:42,264 [INFO] ADCParametersView:116 -                Rank 1 : false
2024-06-20 03:44:42,264 [INFO] ADCParametersView:116 -                Rank 1 : false
2024-06-20 03:44:42,264 [INFO] ADCParametersView:116 -                Rank 1 : false
2024-06-20 03:44:42,264 [INFO] ADCParametersView:116 -                Rank 1 : false
2024-06-20 03:44:42,264 [INFO] ADCParametersView:116 -                Rank 1 : false
2024-06-20 03:44:42,264 [INFO] ADCParametersView:116 -                Rank 1 : false
2024-06-20 03:44:42,264 [INFO] ADCParametersView:116 -                Rank 1 : false
2024-06-20 03:44:42,264 [INFO] ADCParametersView:116 -                Rank 1 : false
2024-06-20 03:44:42,264 [INFO] ADCParametersView:116 -                Rank 1 : false
2024-06-20 03:44:42,264 [INFO] ADCParametersView:116 -                Rank 1 : false
2024-06-20 03:44:42,264 [INFO] ADCParametersView:116 -                Rank 1 : false
2024-06-20 03:44:42,264 [INFO] ADCParametersView:116 -                Rank 1 : false
2024-06-20 03:44:42,264 [INFO] ADCParametersView:116 -                Rank 1 : false
2024-06-20 03:44:42,264 [INFO] ADCParametersView:116 -                Rank 1 : false
2024-06-20 03:44:42,264 [INFO] ADCParametersView:116 -                Rank 1 : false
2024-06-20 03:44:42,264 [INFO] ADCParametersView:116 -                Rank 1 : false
2024-06-20 03:44:42,264 [INFO] ADCParametersView:116 -                Rank 1 : false
2024-06-20 03:44:42,275 [INFO] ADCParametersView:116 -                Rank 1 : false
2024-06-20 03:44:47,353 [INFO] UtilMem:75 - End SaveConfig() Used Memory: 678496264 Bytes (1073741824)
2024-06-20 03:44:48,671 [INFO] UtilMem:75 - End SaveConfig() Used Memory: 707330056 Bytes (1073741824)
2024-06-20 03:44:49,959 [INFO] UtilMem:75 - End SaveConfig() Used Memory: 760285192 Bytes (1073741824)
2024-06-20 03:44:50,054 [INFO] BlockDiagram:2759 - set Specific Code input for plugin: TIM1_8G4
2024-06-20 03:44:50,054 [INFO] BlockDiagram:2759 - set Specific Code input for plugin: TIM1_8G4
2024-06-20 03:44:50,054 [INFO] BlockDiagram:2759 - set Specific Code input for plugin: ADC
2024-06-20 03:44:50,054 [INFO] BlockDiagram:2759 - set Specific Code input for plugin: ADC
2024-06-20 03:44:50,054 [INFO] BlockDiagram:2759 - set Specific Code input for plugin: SYS
2024-06-20 03:44:50,054 [INFO] BlockDiagram:2759 - set Specific Code input for plugin: ADC
2024-06-20 03:44:50,054 [INFO] BlockDiagram:2759 - set Specific Code input for plugin: ADC
2024-06-20 03:44:50,054 [INFO] BlockDiagram:2759 - set Specific Code input for plugin: RCC
2024-06-20 03:44:50,054 [INFO] BlockDiagram:2759 - set Specific Code input for plugin: NVIC
2024-06-20 03:44:50,055 [INFO] BlockDiagram:2759 - set Specific Code input for plugin: GPIO
2024-06-20 03:44:50,055 [INFO] CodeGenerator:807 - code generatio: config db path: C:\ST\STM32CubeIDE_1.10.1\STM32CubeIDE\plugins\com.st.stm32cube.common.mx_6.11.1.202404110753\\db\
2024-06-20 03:44:50,117 [INFO] CodeEngine:255 - oldGeneratedFile, D:\Download\DeleteThis\FinalCurrentController\MXTmpFiles\license.tmp_save
2024-06-20 03:44:50,162 [INFO] CodeEngine:279 - Generated code: D:\Download\DeleteThis\FinalCurrentController\MXTmpFiles\license.tmp
2024-06-20 03:44:50,175 [INFO] CodeEngine:255 - oldGeneratedFile, D:\Download\DeleteThis\FinalCurrentController\MXTmpFiles\gpio.tmp_save
2024-06-20 03:44:50,233 [INFO] CodeEngine:279 - Generated code: D:\Download\DeleteThis\FinalCurrentController\MXTmpFiles\gpio.tmp
2024-06-20 03:44:50,356 [INFO] CodeEngine:255 - oldGeneratedFile, D:\Download\DeleteThis\FinalCurrentController\Core\Src\stm32g4xx_it.c_save
2024-06-20 03:44:50,444 [INFO] CodeEngine:279 - Generated code: D:\Download\DeleteThis\FinalCurrentController\Core\Src\stm32g4xx_it.c
2024-06-20 03:44:50,447 [INFO] CodeEngine:255 - oldGeneratedFile, D:\Download\DeleteThis\FinalCurrentController\Core\Inc\stm32g4xx_it.h_save
2024-06-20 03:44:50,486 [INFO] CodeEngine:279 - Generated code: D:\Download\DeleteThis\FinalCurrentController\Core\Inc\stm32g4xx_it.h
2024-06-20 03:44:50,499 [INFO] CodeEngine:255 - oldGeneratedFile, D:\Download\DeleteThis\FinalCurrentController\Core\Src\stm32g4xx_hal_msp.c_save
2024-06-20 03:44:50,563 [INFO] CodeEngine:279 - Generated code: D:\Download\DeleteThis\FinalCurrentController\Core\Src\stm32g4xx_hal_msp.c
2024-06-20 03:44:50,566 [INFO] CodeEngine:255 - oldGeneratedFile, D:\Download\DeleteThis\FinalCurrentController\MXTmpFiles\system.tmp_save
2024-06-20 03:44:50,595 [INFO] CodeEngine:279 - Generated code: D:\Download\DeleteThis\FinalCurrentController\MXTmpFiles\system.tmp
2024-06-20 03:44:50,611 [INFO] CodeEngine:311 - oldGeneratedFile, D:\Download\DeleteThis\FinalCurrentController\Core\Inc\stm32g4xx_hal_conf.h_save
2024-06-20 03:44:50,675 [INFO] CodeEngine:335 - Generated code: D:\Download\DeleteThis\FinalCurrentController\Core\Inc\stm32g4xx_hal_conf.h
2024-06-20 03:44:50,687 [WARN] IPConfigManager:2982 - Warning: the RefConfig RCC_CommonPeriphClockConfig is not available in your config.xml file
2024-06-20 03:44:50,688 [WARN] IPConfigManager:3513 - IP not found : TIM
2024-06-20 03:44:50,688 [WARN] CodeGenerator:3951 - IP not found : null
2024-06-20 03:44:50,696 [INFO] CodeEngine:255 - oldGeneratedFile, D:\Download\DeleteThis\FinalCurrentController\Core\Inc\main.h_save
2024-06-20 03:44:50,745 [INFO] CodeEngine:279 - Generated code: D:\Download\DeleteThis\FinalCurrentController\Core\Inc\main.h
2024-06-20 03:44:50,753 [INFO] CodeEngine:255 - oldGeneratedFile, D:\Download\DeleteThis\FinalCurrentController\Core\Src\main.c_save
2024-06-20 03:44:50,835 [INFO] CodeEngine:279 - Generated code: D:\Download\DeleteThis\FinalCurrentController\Core\Src\main.c
2024-06-20 03:44:51,054 [INFO] ProjectBuilder:3163 - Time for Copy HAL[1] : 106mS.
2024-06-20 03:44:51,055 [INFO] ProjectBuilder:4736 - Project Generator version: 4.3.0-B58
2024-06-20 03:44:51,091 [INFO] ConfigFileManager:1503 - The Die is : DIE469
2024-06-20 03:44:51,402 [INFO] ProjectBuilder:5002 - Time for Generating toolchain IDE Files: 347mS.
2024-06-20 03:44:51,404 [INFO] ProjectBuilder:3034 - Time for Copy CMSIS : 1mS.
2024-06-20 03:44:51,405 [INFO] ProjectBuilder:3034 - Time for Copy CMSIS : 0mS.
2024-06-20 03:53:22,628 [INFO] NvicIntPanel:101 - NVIC parent = com.st.microxplorer.plugins.ip.nvic.MultiNvicIntPanel[,0,0,0x0,invalid,layout=javax.swing.BoxLayout,alignmentX=0.0,alignmentY=0.0,border=,flags=9,maximumSize=,minimumSize=,preferredSize=]
2024-06-20 03:53:36,993 [INFO] NvicIntPanel:101 - NVIC parent = com.st.microxplorer.plugins.ip.nvic.MultiNvicIntPanel[,0,0,0x0,invalid,layout=javax.swing.BoxLayout,alignmentX=0.0,alignmentY=0.0,border=,flags=9,maximumSize=,minimumSize=,preferredSize=]
2024-06-20 03:53:50,508 [INFO] NvicIntPanel:101 - NVIC parent = com.st.microxplorer.plugins.ip.nvic.MultiNvicIntPanel[,0,0,0x0,invalid,layout=javax.swing.BoxLayout,alignmentX=0.0,alignmentY=0.0,border=,flags=9,maximumSize=,minimumSize=,preferredSize=]
2024-06-20 03:53:56,391 [INFO] UtilMem:75 - End SaveConfig() Used Memory: 538750432 Bytes (1073741824)
2024-06-20 03:53:57,541 [INFO] UtilMem:75 - End SaveConfig() Used Memory: 567584224 Bytes (1073741824)
2024-06-20 03:53:58,830 [INFO] UtilMem:75 - End SaveConfig() Used Memory: 661956064 Bytes (1073741824)
2024-06-20 03:53:58,967 [INFO] BlockDiagram:2759 - set Specific Code input for plugin: TIM1_8G4
2024-06-20 03:53:58,967 [INFO] BlockDiagram:2759 - set Specific Code input for plugin: TIM1_8G4
2024-06-20 03:53:58,967 [INFO] BlockDiagram:2759 - set Specific Code input for plugin: ADC
2024-06-20 03:53:58,967 [INFO] BlockDiagram:2759 - set Specific Code input for plugin: ADC
2024-06-20 03:53:58,967 [INFO] BlockDiagram:2759 - set Specific Code input for plugin: SYS
2024-06-20 03:53:58,968 [INFO] BlockDiagram:2759 - set Specific Code input for plugin: ADC
2024-06-20 03:53:58,968 [INFO] BlockDiagram:2759 - set Specific Code input for plugin: ADC
2024-06-20 03:53:58,968 [INFO] BlockDiagram:2759 - set Specific Code input for plugin: RCC
2024-06-20 03:53:58,968 [INFO] BlockDiagram:2759 - set Specific Code input for plugin: NVIC
2024-06-20 03:53:58,968 [INFO] BlockDiagram:2759 - set Specific Code input for plugin: GPIO
2024-06-20 03:53:58,969 [INFO] CodeGenerator:807 - code generatio: config db path: C:\ST\STM32CubeIDE_1.10.1\STM32CubeIDE\plugins\com.st.stm32cube.common.mx_6.11.1.202404110753\\db\
2024-06-20 03:53:59,066 [INFO] CodeEngine:255 - oldGeneratedFile, D:\Download\DeleteThis\FinalCurrentController\MXTmpFiles\license.tmp_save
2024-06-20 03:53:59,127 [INFO] CodeEngine:279 - Generated code: D:\Download\DeleteThis\FinalCurrentController\MXTmpFiles\license.tmp
2024-06-20 03:53:59,139 [INFO] CodeEngine:255 - oldGeneratedFile, D:\Download\DeleteThis\FinalCurrentController\MXTmpFiles\gpio.tmp_save
2024-06-20 03:53:59,189 [INFO] CodeEngine:279 - Generated code: D:\Download\DeleteThis\FinalCurrentController\MXTmpFiles\gpio.tmp
2024-06-20 03:53:59,309 [INFO] CodeEngine:255 - oldGeneratedFile, D:\Download\DeleteThis\FinalCurrentController\Core\Src\stm32g4xx_it.c_save
2024-06-20 03:53:59,370 [INFO] CodeEngine:279 - Generated code: D:\Download\DeleteThis\FinalCurrentController\Core\Src\stm32g4xx_it.c
2024-06-20 03:53:59,374 [INFO] CodeEngine:255 - oldGeneratedFile, D:\Download\DeleteThis\FinalCurrentController\Core\Inc\stm32g4xx_it.h_save
2024-06-20 03:53:59,406 [INFO] CodeEngine:279 - Generated code: D:\Download\DeleteThis\FinalCurrentController\Core\Inc\stm32g4xx_it.h
2024-06-20 03:53:59,422 [INFO] CodeEngine:255 - oldGeneratedFile, D:\Download\DeleteThis\FinalCurrentController\Core\Src\stm32g4xx_hal_msp.c_save
2024-06-20 03:53:59,493 [INFO] CodeEngine:279 - Generated code: D:\Download\DeleteThis\FinalCurrentController\Core\Src\stm32g4xx_hal_msp.c
2024-06-20 03:53:59,495 [INFO] CodeEngine:255 - oldGeneratedFile, D:\Download\DeleteThis\FinalCurrentController\MXTmpFiles\system.tmp_save
2024-06-20 03:53:59,525 [INFO] CodeEngine:279 - Generated code: D:\Download\DeleteThis\FinalCurrentController\MXTmpFiles\system.tmp
2024-06-20 03:53:59,533 [INFO] CodeEngine:311 - oldGeneratedFile, D:\Download\DeleteThis\FinalCurrentController\Core\Inc\stm32g4xx_hal_conf.h_save
2024-06-20 03:53:59,597 [INFO] CodeEngine:335 - Generated code: D:\Download\DeleteThis\FinalCurrentController\Core\Inc\stm32g4xx_hal_conf.h
2024-06-20 03:53:59,609 [WARN] IPConfigManager:2982 - Warning: the RefConfig RCC_CommonPeriphClockConfig is not available in your config.xml file
2024-06-20 03:53:59,611 [WARN] IPConfigManager:3513 - IP not found : TIM
2024-06-20 03:53:59,611 [WARN] CodeGenerator:3951 - IP not found : null
2024-06-20 03:53:59,619 [INFO] CodeEngine:255 - oldGeneratedFile, D:\Download\DeleteThis\FinalCurrentController\Core\Inc\main.h_save
2024-06-20 03:53:59,669 [INFO] CodeEngine:279 - Generated code: D:\Download\DeleteThis\FinalCurrentController\Core\Inc\main.h
2024-06-20 03:53:59,676 [INFO] CodeEngine:255 - oldGeneratedFile, D:\Download\DeleteThis\FinalCurrentController\Core\Src\main.c_save
2024-06-20 03:53:59,752 [INFO] CodeEngine:279 - Generated code: D:\Download\DeleteThis\FinalCurrentController\Core\Src\main.c
2024-06-20 03:53:59,892 [INFO] ProjectBuilder:3163 - Time for Copy HAL[1] : 66mS.
2024-06-20 03:53:59,893 [INFO] ProjectBuilder:4736 - Project Generator version: 4.3.0-B58
2024-06-20 03:53:59,929 [INFO] ConfigFileManager:1503 - The Die is : DIE469
2024-06-20 03:54:00,253 [INFO] ProjectBuilder:5002 - Time for Generating toolchain IDE Files: 360mS.
2024-06-20 03:54:00,254 [INFO] ProjectBuilder:3034 - Time for Copy CMSIS : 1mS.
2024-06-20 03:54:00,256 [INFO] ProjectBuilder:3034 - Time for Copy CMSIS : 1mS.
2024-06-20 03:57:25,361 [INFO] NvicIntPanel:101 - NVIC parent = com.st.microxplorer.plugins.ip.nvic.MultiNvicIntPanel[,0,0,0x0,invalid,layout=javax.swing.BoxLayout,alignmentX=0.0,alignmentY=0.0,border=,flags=9,maximumSize=,minimumSize=,preferredSize=]
2024-06-20 08:59:11,798 [INFO] Gpio:277 - dependency for GPIO [ADC1, ADC3, ADC4, ADC5, TIM1]
2024-06-20 09:00:01,861 [INFO] NvicIntPanel:101 - NVIC parent = com.st.microxplorer.plugins.ip.nvic.MultiNvicIntPanel[,0,0,0x0,invalid,layout=javax.swing.BoxLayout,alignmentX=0.0,alignmentY=0.0,border=,flags=9,maximumSize=,minimumSize=,preferredSize=]
2024-06-20 09:00:02,765 [INFO] UtilMem:75 - End SaveConfig() Used Memory: 897996552 Bytes (1073741824)
2024-06-20 09:00:04,345 [INFO] UtilMem:75 - End SaveConfig() Used Memory: 479112528 Bytes (1073741824)
2024-06-20 09:00:05,885 [INFO] UtilMem:75 - End SaveConfig() Used Memory: 532589904 Bytes (1073741824)
2024-06-20 09:00:05,974 [INFO] BlockDiagram:2759 - set Specific Code input for plugin: TIM1_8G4
2024-06-20 09:00:05,974 [INFO] BlockDiagram:2759 - set Specific Code input for plugin: TIM1_8G4
2024-06-20 09:00:05,974 [INFO] BlockDiagram:2759 - set Specific Code input for plugin: ADC
2024-06-20 09:00:05,974 [INFO] BlockDiagram:2759 - set Specific Code input for plugin: ADC
2024-06-20 09:00:05,974 [INFO] BlockDiagram:2759 - set Specific Code input for plugin: SYS
2024-06-20 09:00:05,974 [INFO] BlockDiagram:2759 - set Specific Code input for plugin: ADC
2024-06-20 09:00:05,974 [INFO] BlockDiagram:2759 - set Specific Code input for plugin: ADC
2024-06-20 09:00:05,974 [INFO] BlockDiagram:2759 - set Specific Code input for plugin: RCC
2024-06-20 09:00:05,974 [INFO] BlockDiagram:2759 - set Specific Code input for plugin: NVIC
2024-06-20 09:00:05,974 [INFO] BlockDiagram:2759 - set Specific Code input for plugin: GPIO
2024-06-20 09:00:05,975 [INFO] CodeGenerator:807 - code generatio: config db path: C:\ST\STM32CubeIDE_1.10.1\STM32CubeIDE\plugins\com.st.stm32cube.common.mx_6.11.1.202404110753\\db\
2024-06-20 09:00:06,070 [INFO] CodeEngine:255 - oldGeneratedFile, D:\Download\DeleteThis\FinalCurrentController\MXTmpFiles\license.tmp_save
2024-06-20 09:00:06,113 [INFO] CodeEngine:279 - Generated code: D:\Download\DeleteThis\FinalCurrentController\MXTmpFiles\license.tmp
2024-06-20 09:00:06,136 [INFO] CodeEngine:255 - oldGeneratedFile, D:\Download\DeleteThis\FinalCurrentController\MXTmpFiles\gpio.tmp_save
2024-06-20 09:00:06,179 [INFO] CodeEngine:279 - Generated code: D:\Download\DeleteThis\FinalCurrentController\MXTmpFiles\gpio.tmp
2024-06-20 09:00:06,342 [INFO] CodeEngine:255 - oldGeneratedFile, D:\Download\DeleteThis\FinalCurrentController\Core\Src\stm32g4xx_it.c_save
2024-06-20 09:00:06,444 [INFO] CodeEngine:279 - Generated code: D:\Download\DeleteThis\FinalCurrentController\Core\Src\stm32g4xx_it.c
2024-06-20 09:00:06,460 [INFO] CodeEngine:255 - oldGeneratedFile, D:\Download\DeleteThis\FinalCurrentController\Core\Inc\stm32g4xx_it.h_save
2024-06-20 09:00:06,502 [INFO] CodeEngine:279 - Generated code: D:\Download\DeleteThis\FinalCurrentController\Core\Inc\stm32g4xx_it.h
2024-06-20 09:00:06,519 [INFO] CodeEngine:255 - oldGeneratedFile, D:\Download\DeleteThis\FinalCurrentController\Core\Src\stm32g4xx_hal_msp.c_save
2024-06-20 09:00:06,595 [INFO] CodeEngine:279 - Generated code: D:\Download\DeleteThis\FinalCurrentController\Core\Src\stm32g4xx_hal_msp.c
2024-06-20 09:00:06,603 [INFO] CodeEngine:255 - oldGeneratedFile, D:\Download\DeleteThis\FinalCurrentController\MXTmpFiles\system.tmp_save
2024-06-20 09:00:06,639 [INFO] CodeEngine:279 - Generated code: D:\Download\DeleteThis\FinalCurrentController\MXTmpFiles\system.tmp
2024-06-20 09:00:06,654 [INFO] CodeEngine:311 - oldGeneratedFile, D:\Download\DeleteThis\FinalCurrentController\Core\Inc\stm32g4xx_hal_conf.h_save
2024-06-20 09:00:06,706 [INFO] CodeEngine:335 - Generated code: D:\Download\DeleteThis\FinalCurrentController\Core\Inc\stm32g4xx_hal_conf.h
2024-06-20 09:00:06,716 [WARN] IPConfigManager:2982 - Warning: the RefConfig RCC_CommonPeriphClockConfig is not available in your config.xml file
2024-06-20 09:00:06,717 [WARN] IPConfigManager:3513 - IP not found : TIM
2024-06-20 09:00:06,718 [WARN] CodeGenerator:3951 - IP not found : null
2024-06-20 09:00:06,731 [INFO] CodeEngine:255 - oldGeneratedFile, D:\Download\DeleteThis\FinalCurrentController\Core\Inc\main.h_save
2024-06-20 09:00:06,783 [INFO] CodeEngine:279 - Generated code: D:\Download\DeleteThis\FinalCurrentController\Core\Inc\main.h
2024-06-20 09:00:06,795 [INFO] CodeEngine:255 - oldGeneratedFile, D:\Download\DeleteThis\FinalCurrentController\Core\Src\main.c_save
2024-06-20 09:00:06,872 [INFO] CodeEngine:279 - Generated code: D:\Download\DeleteThis\FinalCurrentController\Core\Src\main.c
2024-06-20 09:00:07,095 [INFO] ProjectBuilder:3163 - Time for Copy HAL[1] : 135mS.
2024-06-20 09:00:07,097 [INFO] ProjectBuilder:4736 - Project Generator version: 4.3.0-B58
2024-06-20 09:00:07,137 [INFO] ConfigFileManager:1503 - The Die is : DIE469
2024-06-20 09:00:07,504 [INFO] ProjectBuilder:5002 - Time for Generating toolchain IDE Files: 407mS.
2024-06-20 09:00:07,504 [INFO] ProjectBuilder:3034 - Time for Copy CMSIS : 0mS.
2024-06-20 09:00:07,505 [INFO] ProjectBuilder:3034 - Time for Copy CMSIS : 0mS.
2024-06-20 10:12:43,238 [INFO] NvicIntPanel:101 - NVIC parent = com.st.microxplorer.plugins.ip.nvic.MultiNvicIntPanel[,0,0,523x267,layout=javax.swing.BoxLayout,alignmentX=0.0,alignmentY=0.0,border=,flags=9,maximumSize=,minimumSize=,preferredSize=]
2024-06-20 10:13:07,959 [INFO] UtilMem:75 - End SaveConfig() Used Memory: 812100576 Bytes (1073741824)
2024-06-20 10:13:10,968 [INFO] UtilMem:75 - End SaveConfig() Used Memory: 843557856 Bytes (1073741824)
2024-06-20 10:13:12,664 [INFO] UtilMem:75 - End SaveConfig() Used Memory: 900180960 Bytes (1073741824)
2024-06-20 10:13:12,789 [INFO] BlockDiagram:2759 - set Specific Code input for plugin: TIM1_8G4
2024-06-20 10:13:12,789 [INFO] BlockDiagram:2759 - set Specific Code input for plugin: TIM1_8G4
2024-06-20 10:13:12,789 [INFO] BlockDiagram:2759 - set Specific Code input for plugin: ADC
2024-06-20 10:13:12,789 [INFO] BlockDiagram:2759 - set Specific Code input for plugin: ADC
2024-06-20 10:13:12,789 [INFO] BlockDiagram:2759 - set Specific Code input for plugin: SYS
2024-06-20 10:13:12,789 [INFO] BlockDiagram:2759 - set Specific Code input for plugin: ADC
2024-06-20 10:13:12,789 [INFO] BlockDiagram:2759 - set Specific Code input for plugin: ADC
2024-06-20 10:13:12,789 [INFO] BlockDiagram:2759 - set Specific Code input for plugin: RCC
2024-06-20 10:13:12,789 [INFO] BlockDiagram:2759 - set Specific Code input for plugin: NVIC
2024-06-20 10:13:12,789 [INFO] BlockDiagram:2759 - set Specific Code input for plugin: USART
2024-06-20 10:13:12,790 [INFO] BlockDiagram:2759 - set Specific Code input for plugin: GPIO
2024-06-20 10:13:12,790 [INFO] CodeGenerator:807 - code generatio: config db path: C:\ST\STM32CubeIDE_1.10.1\STM32CubeIDE\plugins\com.st.stm32cube.common.mx_6.11.1.202404110753\\db\
2024-06-20 10:13:12,904 [INFO] CodeEngine:255 - oldGeneratedFile, D:\Download\DeleteThis\FinalCurrentController\MXTmpFiles\license.tmp_save
2024-06-20 10:13:12,954 [INFO] CodeEngine:279 - Generated code: D:\Download\DeleteThis\FinalCurrentController\MXTmpFiles\license.tmp
2024-06-20 10:13:12,968 [INFO] CodeEngine:255 - oldGeneratedFile, D:\Download\DeleteThis\FinalCurrentController\MXTmpFiles\gpio.tmp_save
2024-06-20 10:13:13,019 [INFO] CodeEngine:279 - Generated code: D:\Download\DeleteThis\FinalCurrentController\MXTmpFiles\gpio.tmp
2024-06-20 10:13:13,194 [INFO] CodeEngine:255 - oldGeneratedFile, D:\Download\DeleteThis\FinalCurrentController\Core\Src\stm32g4xx_it.c_save
2024-06-20 10:13:13,286 [INFO] CodeEngine:279 - Generated code: D:\Download\DeleteThis\FinalCurrentController\Core\Src\stm32g4xx_it.c
2024-06-20 10:13:13,294 [INFO] CodeEngine:255 - oldGeneratedFile, D:\Download\DeleteThis\FinalCurrentController\Core\Inc\stm32g4xx_it.h_save
2024-06-20 10:13:13,327 [INFO] CodeEngine:279 - Generated code: D:\Download\DeleteThis\FinalCurrentController\Core\Inc\stm32g4xx_it.h
2024-06-20 10:13:13,339 [INFO] CodeEngine:255 - oldGeneratedFile, D:\Download\DeleteThis\FinalCurrentController\Core\Src\stm32g4xx_hal_msp.c_save
2024-06-20 10:13:13,433 [INFO] CodeEngine:279 - Generated code: D:\Download\DeleteThis\FinalCurrentController\Core\Src\stm32g4xx_hal_msp.c
2024-06-20 10:13:13,439 [INFO] CodeEngine:255 - oldGeneratedFile, D:\Download\DeleteThis\FinalCurrentController\MXTmpFiles\system.tmp_save
2024-06-20 10:13:13,470 [INFO] CodeEngine:279 - Generated code: D:\Download\DeleteThis\FinalCurrentController\MXTmpFiles\system.tmp
2024-06-20 10:13:13,479 [INFO] CodeEngine:311 - oldGeneratedFile, D:\Download\DeleteThis\FinalCurrentController\Core\Inc\stm32g4xx_hal_conf.h_save
2024-06-20 10:13:13,530 [INFO] CodeEngine:335 - Generated code: D:\Download\DeleteThis\FinalCurrentController\Core\Inc\stm32g4xx_hal_conf.h
2024-06-20 10:13:13,543 [WARN] IPConfigManager:2982 - Warning: the RefConfig RCC_CommonPeriphClockConfig is not available in your config.xml file
2024-06-20 10:13:13,545 [WARN] IPConfigManager:3513 - IP not found : TIM
2024-06-20 10:13:13,545 [WARN] CodeGenerator:3951 - IP not found : null
2024-06-20 10:13:13,553 [INFO] CodeEngine:255 - oldGeneratedFile, D:\Download\DeleteThis\FinalCurrentController\Core\Inc\main.h_save
2024-06-20 10:13:13,614 [INFO] CodeEngine:279 - Generated code: D:\Download\DeleteThis\FinalCurrentController\Core\Inc\main.h
2024-06-20 10:13:13,621 [INFO] CodeEngine:255 - oldGeneratedFile, D:\Download\DeleteThis\FinalCurrentController\Core\Src\main.c_save
2024-06-20 10:13:13,706 [INFO] CodeEngine:279 - Generated code: D:\Download\DeleteThis\FinalCurrentController\Core\Src\main.c
2024-06-20 10:13:13,901 [INFO] ProjectBuilder:3163 - Time for Copy HAL[1] : 105mS.
2024-06-20 10:13:13,903 [INFO] ProjectBuilder:4736 - Project Generator version: 4.3.0-B58
2024-06-20 10:13:13,938 [INFO] ConfigFileManager:1503 - The Die is : DIE469
2024-06-20 10:13:14,285 [INFO] ProjectBuilder:5002 - Time for Generating toolchain IDE Files: 382mS.
2024-06-20 10:13:14,285 [INFO] ProjectBuilder:3034 - Time for Copy CMSIS : 0mS.
2024-06-20 10:13:14,286 [INFO] ProjectBuilder:3034 - Time for Copy CMSIS : 0mS.
