#VRML V2.0 utf8
DEF TXFM_1 Transform {
  center 0 0 0
  rotation 0 0 1 0
  scale 0.00254 0.00254 0.00254
  scaleOrientation 0 0 1 0
  translation 0 0 0
 children [
DEF TXFM_2 Transform {
  center 0 0 0
  rotation 0 0 -1 1.5707963
  scale 1 1 1
  scaleOrientation 0 0 1 0
  translation -16.397638 13.548228 0.31496063
 children [
DEF TXFM_3 Transform {
  center 0 0 0
  rotation 0 0 1 0
  scale 1 1 1
  scaleOrientation 0 0 1 0
  translation 0 0 0
 children [
DEF TXFM_4 Transform {
  center 0 0 0
  rotation 0 0 1 0
  scale 1 1 1
  scaleOrientation 0 0 1 0
  translation 0 0 0
 children [
DEF TXFM_5 Transform {
  center 0 0 0
  rotation 0 0 1 0
  scale 1 1 1
  scaleOrientation 0 0 1 0
  translation 0 0 0
 children [
DEF TXFM_6 Transform {
  center 0 0 0
  rotation 0 0 1 0
  scale 1 1 1
  scaleOrientation 0 0 1 0
  translation 0 0 0
 children [
DEF SHAPE_1 Shape {
 appearance DEF APP_1 Appearance {
  material Material {
   ambientIntensity 0.20089528
   diffuseColor 0.26666668 0.58823532 0.28235292
   emissiveColor 0 0 0
   shininess 0.1
   specularColor 0.12 0.12 0.12
   transparency 0
} }
 geometry DEF FACE_1 IndexedFaceSet {
  coord DEF COORD_1 Coordinate { point [
  0.88582677 3.5925197 0.59055118,0.88582677 4.3799213 0.59055118,
  0.88582677 3.5925197 0.78740157,0.88582677 4.3799213 0.78740157] }
 coordIndex [
  2,1,0,-1,2,3,1,-1]
  normalPerVertex TRUE
  normal DEF NORM_1 Normal { vector [
  -1 0 0,-1 0 0,
  -1 0 0,-1 0 0] }
}
}
DEF SHAPE_2 Shape {
 appearance USE APP_1
 geometry DEF FACE_2 IndexedFaceSet {
  coord DEF COORD_2 Coordinate { point [
  0.88582677 4.3799213 0.59055118,1.6732283 4.3799213 0.59055118,
  0.88582677 4.3799213 0.78740157,1.6732283 4.3799213 0.78740157] }
 coordIndex [
  2,1,0,-1,2,3,1,-1]
  normalPerVertex TRUE
  normal DEF NORM_2 Normal { vector [
  0 1 0,0 1 0,
  0 1 0,0 1 0] }
}
}
DEF SHAPE_3 Shape {
 appearance USE APP_1
 geometry DEF FACE_3 IndexedFaceSet {
  coord DEF COORD_3 Coordinate { point [
  1.6732283 4.3799213 0.59055118,1.6732283 3.5925197 0.59055118,
  1.6732283 4.3799213 0.78740157,1.6732283 3.5925197 0.78740157] }
 coordIndex [
  2,1,0,-1,2,3,1,-1]
  normalPerVertex TRUE
  normal DEF NORM_3 Normal { vector [
  1 0 0,1 0 0,
  1 0 0,1 0 0] }
}
}
DEF SHAPE_4 Shape {
 appearance USE APP_1
 geometry DEF FACE_4 IndexedFaceSet {
  coord DEF COORD_4 Coordinate { point [
  1.6732283 3.5925197 0.59055118,0.88582677 3.5925197 0.59055118,
  1.6732283 3.5925197 0.78740157,0.88582677 3.5925197 0.78740157] }
 coordIndex [
  2,1,0,-1,2,3,1,-1]
  normalPerVertex TRUE
  normal DEF NORM_4 Normal { vector [
  0 -1 0,0 -1 0,
  0 -1 0,0 -1 0] }
}
}
DEF SHAPE_5 Shape {
 appearance USE APP_1
 geometry DEF FACE_5 IndexedFaceSet {
  coord DEF COORD_5 Coordinate { point [
  0.88582677 3.5925197 0.78740157,1.6732283 3.5925197 0.78740157,
  1.6732283 4.3799213 0.78740157,0.88582677 4.3799213 0.78740157] }
 coordIndex [
  2,0,1,-1,2,3,0,-1]
  normalPerVertex TRUE
  normal DEF NORM_5 Normal { vector [
  0 0 1,0 0 1,
  0 0 1,0 0 1] }
}
}
DEF SHAPE_6 Shape {
 appearance USE APP_1
 geometry DEF FACE_6 IndexedFaceSet {
  coord DEF COORD_6 Coordinate { point [
  0.88582677 9.7933071 0.59055118,0.88582677 10.580709 0.59055118,
  0.88582677 9.7933071 0.78740157,0.88582677 10.580709 0.78740157] }
 coordIndex [
  2,1,0,-1,2,3,1,-1]
  normalPerVertex TRUE
  normal DEF NORM_6 Normal { vector [
  -1 0 0,-1 0 0,
  -1 0 0,-1 0 0] }
}
}
DEF SHAPE_7 Shape {
 appearance USE APP_1
 geometry DEF FACE_7 IndexedFaceSet {
  coord DEF COORD_7 Coordinate { point [
  0.88582677 10.580709 0.59055118,1.6732283 10.580709 0.59055118,
  0.88582677 10.580709 0.78740157,1.6732283 10.580709 0.78740157] }
 coordIndex [
  2,1,0,-1,2,3,1,-1]
  normalPerVertex TRUE
  normal DEF NORM_7 Normal { vector [
  0 1 0,0 1 0,
  0 1 0,0 1 0] }
}
}
DEF SHAPE_8 Shape {
 appearance USE APP_1
 geometry DEF FACE_8 IndexedFaceSet {
  coord DEF COORD_8 Coordinate { point [
  1.6732283 10.580709 0.59055118,1.6732283 9.7933071 0.59055118,
  1.6732283 10.580709 0.78740157,1.6732283 9.7933071 0.78740157] }
 coordIndex [
  2,1,0,-1,2,3,1,-1]
  normalPerVertex TRUE
  normal DEF NORM_8 Normal { vector [
  1 0 0,1 0 0,
  1 0 0,1 0 0] }
}
}
DEF SHAPE_9 Shape {
 appearance USE APP_1
 geometry DEF FACE_9 IndexedFaceSet {
  coord DEF COORD_9 Coordinate { point [
  1.6732283 9.7933071 0.59055118,0.88582677 9.7933071 0.59055118,
  1.6732283 9.7933071 0.78740157,0.88582677 9.7933071 0.78740157] }
 coordIndex [
  2,1,0,-1,2,3,1,-1]
  normalPerVertex TRUE
  normal DEF NORM_9 Normal { vector [
  0 -1 0,0 -1 0,
  0 -1 0,0 -1 0] }
}
}
DEF SHAPE_10 Shape {
 appearance USE APP_1
 geometry DEF FACE_10 IndexedFaceSet {
  coord DEF COORD_10 Coordinate { point [
  0.88582677 9.7933071 0.78740157,1.6732283 9.7933071 0.78740157,
  1.6732283 10.580709 0.78740157,0.88582677 10.580709 0.78740157] }
 coordIndex [
  2,0,1,-1,2,3,0,-1]
  normalPerVertex TRUE
  normal DEF NORM_10 Normal { vector [
  0 0 1,0 0 1,
  0 0 1,0 0 1] }
}
}
DEF SHAPE_11 Shape {
 appearance USE APP_1
 geometry DEF FACE_11 IndexedFaceSet {
  coord DEF COORD_11 Coordinate { point [
  0.98425197 1.1811024 0.59055118,0.98425197 1.1811024 0,
  0.98425197 1.1811024 0,1.0043745 1.3339483 0,
  1.0633708 1.476378 0,1.1572204 1.5986851 0,
  1.2795276 1.6925347 0,1.4219573 1.751531 0,
  1.5748031 1.7716535 0,1.727649 1.751531 0,
  1.8700787 1.6925347 0,1.9923859 1.5986851 0,
  2.0862355 1.476378 0,2.1452318 1.3339483 0,
  2.1653543 1.1811024 0,2.1452318 1.0282565 0,
  2.0862355 0.88582677 0,1.9923859 0.76351962 0,
  1.8700787 0.66967004 0,1.727649 0.61067372 0,
  1.5748031 0.59055118 0,1.4219573 0.61067372 0,
  1.2795276 0.66967004 0,1.1572204 0.76351962 0,
  1.0633708 0.88582677 0,1.0043745 1.0282565 0,
  0.98425197 1.1811024 0.59055118,1.0043745 1.3339483 0.59055118,
  1.0633708 1.476378 0.59055118,1.1572204 1.5986851 0.59055118,
  1.2795276 1.6925347 0.59055118,1.4219573 1.751531 0.59055118,
  1.5748031 1.7716535 0.59055118,1.727649 1.751531 0.59055118,
  1.8700787 1.6925347 0.59055118,1.9923859 1.5986851 0.59055118,
  2.0862355 1.476378 0.59055118,2.1452318 1.3339483 0.59055118,
  2.1653543 1.1811024 0.59055118,2.1452318 1.0282565 0.59055118,
  2.0862355 0.88582677 0.59055118,1.9923859 0.76351962 0.59055118,
  1.8700787 0.66967004 0.59055118,1.727649 0.61067372 0.59055118,
  1.5748031 0.59055118 0.59055118,1.4219573 0.61067372 0.59055118,
  1.2795276 0.66967004 0.59055118,1.1572204 0.76351962 0.59055118,
  1.0633708 0.88582677 0.59055118,1.0043745 1.0282565 0.59055118] }
 coordIndex [
  49,1,0,-1,49,25,1,-1,48,24,25,-1,48,25,49,-1,47,23,24,-1,47,24,48,-1,46,21,22,-1,46,22,23,-1,
  46,23,47,-1,45,21,46,-1,44,20,21,-1,44,21,45,-1,43,19,20,-1,43,20,44,-1,42,17,18,-1,42,18,19,-1,
  42,19,43,-1,41,17,42,-1,40,16,17,-1,40,17,41,-1,39,15,16,-1,39,16,40,-1,38,15,39,-1,38,14,15,-1,
  37,14,38,-1,37,13,14,-1,36,12,13,-1,36,13,37,-1,35,10,11,-1,35,11,12,-1,35,12,36,-1,34,10,35,-1,
  33,9,10,-1,33,10,34,-1,32,8,9,-1,32,9,33,-1,31,7,8,-1,31,8,32,-1,30,6,7,-1,30,7,31,-1,
  29,5,6,-1,29,6,30,-1,28,4,5,-1,28,5,29,-1,27,3,4,-1,27,4,28,-1,26,2,3,-1,26,3,27,-1]
  normalPerVertex TRUE
  normal DEF NORM_11 Normal { vector [
  0.99144486 0.13052619 0,0.99144486 0.13052619 0,
  0.99144486 -0.13052619 0,0.9763442 -0.21622209 0,
  0.88711369 -0.46155098 0,0.73742784 -0.67542593 0,
  0.5374875 -0.84327172 0,0.30091828 -0.95364993 0,
  0.04384197 -0.99903848 0,-0.21622209 -0.9763442 0,
  -0.5 -0.8660254 0,-0.70710678 -0.70710678 0,
  -0.84327172 -0.5374875 0,-0.95364993 -0.30091828 0,
  -0.99903848 -0.04384197 0,-0.9763442 0.21622209 0,
  -0.88711369 0.46155098 0,-0.70710678 0.70710678 0,
  -0.5 0.8660254 0,-0.30091828 0.95364993 0,
  -0.04384197 0.99903848 0,0.25881905 0.96592583 0,
  0.5 0.8660254 0,0.67542593 0.73742784 0,
  0.84327172 0.5374875 0,0.95364993 0.30091828 0,
  0.99144486 -0.13052619 0,0.95364993 -0.30091828 0,
  0.84327172 -0.5374875 0,0.67542593 -0.73742784 0,
  0.46155098 -0.88711369 0,0.21622209 -0.9763442 0,
  -0.04384197 -0.99903848 0,-0.30091828 -0.95364993 0,
  -0.5 -0.8660254 0,-0.70710678 -0.70710678 0,
  -0.88711369 -0.46155098 0,-0.9763442 -0.21622209 0,
  -0.99903848 0.04384197 0,-0.95364993 0.30091828 0,
  -0.84327172 0.5374875 0,-0.70710678 0.70710678 0,
  -0.5 0.8660254 0,-0.21622209 0.9763442 0,
  0.04384197 0.99903848 0,0.25881905 0.96592583 0,
  0.5 0.8660254 0,0.73742784 0.67542593 0,
  0.88711369 0.46155098 0,0.9763442 0.21622209 0] }
}
}
DEF SHAPE_12 Shape {
 appearance USE APP_1
 geometry DEF FACE_12 IndexedFaceSet {
  coord DEF COORD_12 Coordinate { point [
  25.393701 1.1811024 0.59055118,25.393701 1.1811024 0,
  25.393701 1.1811024 0,25.413823 1.3339483 0,
  25.47282 1.476378 0,25.566669 1.5986851 0,
  25.688976 1.6925347 0,25.831406 1.751531 0,
  25.984252 1.7716535 0,26.137098 1.751531 0,
  26.279528 1.6925347 0,26.401835 1.5986851 0,
  26.495684 1.476378 0,26.554681 1.3339483 0,
  26.574803 1.1811024 0,26.554681 1.0282565 0,
  26.495684 0.88582677 0,26.401835 0.76351962 0,
  26.279528 0.66967004 0,26.137098 0.61067372 0,
  25.984252 0.59055118 0,25.831406 0.61067372 0,
  25.688976 0.66967004 0,25.566669 0.76351962 0,
  25.47282 0.88582677 0,25.413823 1.0282565 0,
  25.393701 1.1811024 0.59055118,25.413823 1.3339483 0.59055118,
  25.47282 1.476378 0.59055118,25.566669 1.5986851 0.59055118,
  25.688976 1.6925347 0.59055118,25.831406 1.751531 0.59055118,
  25.984252 1.7716535 0.59055118,26.137098 1.751531 0.59055118,
  26.279528 1.6925347 0.59055118,26.401835 1.5986851 0.59055118,
  26.495684 1.476378 0.59055118,26.554681 1.3339483 0.59055118,
  26.574803 1.1811024 0.59055118,26.554681 1.0282565 0.59055118,
  26.495684 0.88582677 0.59055118,26.401835 0.76351962 0.59055118,
  26.279528 0.66967004 0.59055118,26.137098 0.61067372 0.59055118,
  25.984252 0.59055118 0.59055118,25.831406 0.61067372 0.59055118,
  25.688976 0.66967004 0.59055118,25.566669 0.76351962 0.59055118,
  25.47282 0.88582677 0.59055118,25.413823 1.0282565 0.59055118] }
 coordIndex [
  49,1,0,-1,49,25,1,-1,48,24,25,-1,48,25,49,-1,47,23,24,-1,47,24,48,-1,46,21,22,-1,46,22,23,-1,
  46,23,47,-1,45,21,46,-1,44,20,21,-1,44,21,45,-1,43,19,20,-1,43,20,44,-1,42,17,18,-1,42,18,19,-1,
  42,19,43,-1,41,17,42,-1,40,16,17,-1,40,17,41,-1,39,15,16,-1,39,16,40,-1,38,15,39,-1,38,14,15,-1,
  37,14,38,-1,37,13,14,-1,36,12,13,-1,36,13,37,-1,35,10,11,-1,35,11,12,-1,35,12,36,-1,34,10,35,-1,
  33,9,10,-1,33,10,34,-1,32,8,9,-1,32,9,33,-1,31,7,8,-1,31,8,32,-1,30,6,7,-1,30,7,31,-1,
  29,5,6,-1,29,6,30,-1,28,4,5,-1,28,5,29,-1,27,3,4,-1,27,4,28,-1,26,2,3,-1,26,3,27,-1]
  normalPerVertex TRUE
  normal DEF NORM_12 Normal { vector [
  0.99144486 0.13052619 0,0.99144486 0.13052619 0,
  0.99144486 -0.13052619 0,0.9763442 -0.21622209 0,
  0.88711369 -0.46155098 0,0.73742784 -0.67542593 0,
  0.5374875 -0.84327172 0,0.30091828 -0.95364993 0,
  0.04384197 -0.99903848 0,-0.21622209 -0.9763442 0,
  -0.5 -0.8660254 0,-0.70710678 -0.70710678 0,
  -0.84327172 -0.5374875 0,-0.95364993 -0.30091828 0,
  -0.99903848 -0.04384197 0,-0.9763442 0.21622209 0,
  -0.88711369 0.46155098 0,-0.70710678 0.70710678 0,
  -0.5 0.8660254 0,-0.30091828 0.95364993 0,
  -0.04384197 0.99903848 0,0.25881905 0.96592583 0,
  0.5 0.8660254 0,0.67542593 0.73742784 0,
  0.84327172 0.5374875 0,0.95364993 0.30091828 0,
  0.99144486 -0.13052619 0,0.95364993 -0.30091828 0,
  0.84327172 -0.5374875 0,0.67542593 -0.73742784 0,
  0.46155098 -0.88711369 0,0.21622209 -0.9763442 0,
  -0.04384197 -0.99903848 0,-0.30091828 -0.95364993 0,
  -0.5 -0.8660254 0,-0.70710678 -0.70710678 0,
  -0.88711369 -0.46155098 0,-0.9763442 -0.21622209 0,
  -0.99903848 0.04384197 0,-0.95364993 0.30091828 0,
  -0.84327172 0.5374875 0,-0.70710678 0.70710678 0,
  -0.5 0.8660254 0,-0.21622209 0.9763442 0,
  0.04384197 0.99903848 0,0.25881905 0.96592583 0,
  0.5 0.8660254 0,0.73742784 0.67542593 0,
  0.88711369 0.46155098 0,0.9763442 0.21622209 0] }
}
}
DEF SHAPE_13 Shape {
 appearance USE APP_1
 geometry DEF FACE_13 IndexedFaceSet {
  coord DEF COORD_13 Coordinate { point [
  25.393701 13.188976 0.59055118,25.393701 13.188976 0,
  25.393701 13.188976 0,25.413823 13.341822 0,
  25.47282 13.484252 0,25.566669 13.606559 0,
  25.688976 13.700409 0,25.831406 13.759405 0,
  25.984252 13.779528 0,26.137098 13.759405 0,
  26.279528 13.700409 0,26.401835 13.606559 0,
  26.495684 13.484252 0,26.554681 13.341822 0,
  26.574803 13.188976 0,26.554681 13.03613 0,
  26.495684 12.893701 0,26.401835 12.771394 0,
  26.279528 12.677544 0,26.137098 12.618548 0,
  25.984252 12.598425 0,25.831406 12.618548 0,
  25.688976 12.677544 0,25.566669 12.771394 0,
  25.47282 12.893701 0,25.413823 13.03613 0,
  25.393701 13.188976 0.59055118,25.413823 13.341822 0.59055118,
  25.47282 13.484252 0.59055118,25.566669 13.606559 0.59055118,
  25.688976 13.700409 0.59055118,25.831406 13.759405 0.59055118,
  25.984252 13.779528 0.59055118,26.137098 13.759405 0.59055118,
  26.279528 13.700409 0.59055118,26.401835 13.606559 0.59055118,
  26.495684 13.484252 0.59055118,26.554681 13.341822 0.59055118,
  26.574803 13.188976 0.59055118,26.554681 13.03613 0.59055118,
  26.495684 12.893701 0.59055118,26.401835 12.771394 0.59055118,
  26.279528 12.677544 0.59055118,26.137098 12.618548 0.59055118,
  25.984252 12.598425 0.59055118,25.831406 12.618548 0.59055118,
  25.688976 12.677544 0.59055118,25.566669 12.771394 0.59055118,
  25.47282 12.893701 0.59055118,25.413823 13.03613 0.59055118] }
 coordIndex [
  49,1,0,-1,49,25,1,-1,48,24,25,-1,48,25,49,-1,47,23,24,-1,47,24,48,-1,46,21,22,-1,46,22,23,-1,
  46,23,47,-1,45,21,46,-1,44,20,21,-1,44,21,45,-1,43,19,20,-1,43,20,44,-1,42,17,18,-1,42,18,19,-1,
  42,19,43,-1,41,17,42,-1,40,16,17,-1,40,17,41,-1,39,15,16,-1,39,16,40,-1,38,15,39,-1,38,14,15,-1,
  37,14,38,-1,37,13,14,-1,36,12,13,-1,36,13,37,-1,35,10,11,-1,35,11,12,-1,35,12,36,-1,34,10,35,-1,
  33,9,10,-1,33,10,34,-1,32,8,9,-1,32,9,33,-1,31,7,8,-1,31,8,32,-1,30,6,7,-1,30,7,31,-1,
  29,5,6,-1,29,6,30,-1,28,4,5,-1,28,5,29,-1,27,3,4,-1,27,4,28,-1,26,2,3,-1,26,3,27,-1]
  normalPerVertex TRUE
  normal DEF NORM_13 Normal { vector [
  0.99144486 0.13052619 0,0.99144486 0.13052619 0,
  0.99144486 -0.13052619 0,0.9763442 -0.21622209 0,
  0.88711369 -0.46155098 0,0.73742784 -0.67542593 0,
  0.5374875 -0.84327172 0,0.30091828 -0.95364993 0,
  0.04384197 -0.99903848 0,-0.21622209 -0.9763442 0,
  -0.5 -0.8660254 0,-0.70710678 -0.70710678 0,
  -0.84327172 -0.5374875 0,-0.95364993 -0.30091828 0,
  -0.99903848 -0.04384197 0,-0.9763442 0.21622209 0,
  -0.88711369 0.46155098 0,-0.70710678 0.70710678 0,
  -0.5 0.8660254 0,-0.30091828 0.95364993 0,
  -0.04384197 0.99903848 0,0.25881905 0.96592583 0,
  0.5 0.8660254 0,0.67542593 0.73742784 0,
  0.84327172 0.5374875 0,0.95364993 0.30091828 0,
  0.99144486 -0.13052619 0,0.95364993 -0.30091828 0,
  0.84327172 -0.5374875 0,0.67542593 -0.73742784 0,
  0.46155098 -0.88711369 0,0.21622209 -0.9763442 0,
  -0.04384197 -0.99903848 0,-0.30091828 -0.95364993 0,
  -0.5 -0.8660254 0,-0.70710678 -0.70710678 0,
  -0.88711369 -0.46155098 0,-0.9763442 -0.21622209 0,
  -0.99903848 0.04384197 0,-0.95364993 0.30091828 0,
  -0.84327172 0.5374875 0,-0.70710678 0.70710678 0,
  -0.5 0.8660254 0,-0.21622209 0.9763442 0,
  0.04384197 0.99903848 0,0.25881905 0.96592583 0,
  0.5 0.8660254 0,0.73742784 0.67542593 0,
  0.88711369 0.46155098 0,0.9763442 0.21622209 0] }
}
}
DEF SHAPE_14 Shape {
 appearance USE APP_1
 geometry DEF FACE_14 IndexedFaceSet {
  coord DEF COORD_14 Coordinate { point [
  0.98425197 13.188976 0.59055118,0.98425197 13.188976 0,
  0.98425197 13.188976 0,1.0043745 13.341822 0,
  1.0633708 13.484252 0,1.1572204 13.606559 0,
  1.2795276 13.700409 0,1.4219573 13.759405 0,
  1.5748031 13.779528 0,1.727649 13.759405 0,
  1.8700787 13.700409 0,1.9923859 13.606559 0,
  2.0862355 13.484252 0,2.1452318 13.341822 0,
  2.1653543 13.188976 0,2.1452318 13.03613 0,
  2.0862355 12.893701 0,1.9923859 12.771394 0,
  1.8700787 12.677544 0,1.727649 12.618548 0,
  1.5748031 12.598425 0,1.4219573 12.618548 0,
  1.2795276 12.677544 0,1.1572204 12.771394 0,
  1.0633708 12.893701 0,1.0043745 13.03613 0,
  0.98425197 13.188976 0.59055118,1.0043745 13.341822 0.59055118,
  1.0633708 13.484252 0.59055118,1.1572204 13.606559 0.59055118,
  1.2795276 13.700409 0.59055118,1.4219573 13.759405 0.59055118,
  1.5748031 13.779528 0.59055118,1.727649 13.759405 0.59055118,
  1.8700787 13.700409 0.59055118,1.9923859 13.606559 0.59055118,
  2.0862355 13.484252 0.59055118,2.1452318 13.341822 0.59055118,
  2.1653543 13.188976 0.59055118,2.1452318 13.03613 0.59055118,
  2.0862355 12.893701 0.59055118,1.9923859 12.771394 0.59055118,
  1.8700787 12.677544 0.59055118,1.727649 12.618548 0.59055118,
  1.5748031 12.598425 0.59055118,1.4219573 12.618548 0.59055118,
  1.2795276 12.677544 0.59055118,1.1572204 12.771394 0.59055118,
  1.0633708 12.893701 0.59055118,1.0043745 13.03613 0.59055118] }
 coordIndex [
  49,1,0,-1,49,25,1,-1,48,24,25,-1,48,25,49,-1,47,23,24,-1,47,24,48,-1,46,21,22,-1,46,22,23,-1,
  46,23,47,-1,45,21,46,-1,44,20,21,-1,44,21,45,-1,43,19,20,-1,43,20,44,-1,42,17,18,-1,42,18,19,-1,
  42,19,43,-1,41,17,42,-1,40,16,17,-1,40,17,41,-1,39,15,16,-1,39,16,40,-1,38,15,39,-1,38,14,15,-1,
  37,14,38,-1,37,13,14,-1,36,12,13,-1,36,13,37,-1,35,10,11,-1,35,11,12,-1,35,12,36,-1,34,10,35,-1,
  33,9,10,-1,33,10,34,-1,32,8,9,-1,32,9,33,-1,31,7,8,-1,31,8,32,-1,30,6,7,-1,30,7,31,-1,
  29,5,6,-1,29,6,30,-1,28,4,5,-1,28,5,29,-1,27,3,4,-1,27,4,28,-1,26,2,3,-1,26,3,27,-1]
  normalPerVertex TRUE
  normal DEF NORM_14 Normal { vector [
  0.99144486 0.13052619 0,0.99144486 0.13052619 0,
  0.99144486 -0.13052619 0,0.9763442 -0.21622209 0,
  0.88711369 -0.46155098 0,0.73742784 -0.67542593 0,
  0.5374875 -0.84327172 0,0.30091828 -0.95364993 0,
  0.04384197 -0.99903848 0,-0.21622209 -0.9763442 0,
  -0.5 -0.8660254 0,-0.70710678 -0.70710678 0,
  -0.84327172 -0.5374875 0,-0.95364993 -0.30091828 0,
  -0.99903848 -0.04384197 0,-0.9763442 0.21622209 0,
  -0.88711369 0.46155098 0,-0.70710678 0.70710678 0,
  -0.5 0.8660254 0,-0.30091828 0.95364993 0,
  -0.04384197 0.99903848 0,0.25881905 0.96592583 0,
  0.5 0.8660254 0,0.67542593 0.73742784 0,
  0.84327172 0.5374875 0,0.95364993 0.30091828 0,
  0.99144486 -0.13052619 0,0.95364993 -0.30091828 0,
  0.84327172 -0.5374875 0,0.67542593 -0.73742784 0,
  0.46155098 -0.88711369 0,0.21622209 -0.9763442 0,
  -0.04384197 -0.99903848 0,-0.30091828 -0.95364993 0,
  -0.5 -0.8660254 0,-0.70710678 -0.70710678 0,
  -0.88711369 -0.46155098 0,-0.9763442 -0.21622209 0,
  -0.99903848 0.04384197 0,-0.95364993 0.30091828 0,
  -0.84327172 0.5374875 0,-0.70710678 0.70710678 0,
  -0.5 0.8660254 0,-0.21622209 0.9763442 0,
  0.04384197 0.99903848 0,0.25881905 0.96592583 0,
  0.5 0.8660254 0,0.73742784 0.67542593 0,
  0.88711369 0.46155098 0,0.9763442 0.21622209 0] }
}
}
DEF SHAPE_15 Shape {
 appearance USE APP_1
 geometry DEF FACE_15 IndexedFaceSet {
  coord DEF COORD_15 Coordinate { point [
  27.559055 14.173228 0,0 14.173228 0,
  0 14.173228 0.59055118,27.559055 14.173228 0.59055118] }
 coordIndex [
  2,0,1,-1,2,3,0,-1]
  normalPerVertex TRUE
  normal DEF NORM_15 Normal { vector [
  0 1 0,0 1 0,
  0 1 0,0 1 0] }
}
}
DEF SHAPE_16 Shape {
 appearance USE APP_1
 geometry DEF FACE_16 IndexedFaceSet {
  coord DEF COORD_16 Coordinate { point [
  27.559055 0 0,27.559055 14.173228 0,
  27.559055 14.173228 0.59055118,27.559055 0 0.59055118] }
 coordIndex [
  2,0,1,-1,2,3,0,-1]
  normalPerVertex TRUE
  normal DEF NORM_16 Normal { vector [
  1 0 0,1 0 0,
  1 0 0,1 0 0] }
}
}
DEF SHAPE_17 Shape {
 appearance USE APP_1
 geometry DEF FACE_17 IndexedFaceSet {
  coord DEF COORD_17 Coordinate { point [
  0 0 0,27.559055 0 0,
  27.559055 0 0.59055118,0 0 0.59055118] }
 coordIndex [
  2,0,1,-1,2,3,0,-1]
  normalPerVertex TRUE
  normal DEF NORM_17 Normal { vector [
  0 -1 0,0 -1 0,
  0 -1 0,0 -1 0] }
}
}
DEF SHAPE_18 Shape {
 appearance USE APP_1
 geometry DEF FACE_18 IndexedFaceSet {
  coord DEF COORD_18 Coordinate { point [
  0 14.173228 0,0 0 0,
  0 0 0.59055118,0 14.173228 0.59055118] }
 coordIndex [
  2,0,1,-1,2,3,0,-1]
  normalPerVertex TRUE
  normal DEF NORM_18 Normal { vector [
  -1 0 0,-1 0 0,
  -1 0 0,-1 0 0] }
}
}
DEF SHAPE_19 Shape {
 appearance USE APP_1
 geometry DEF FACE_19 IndexedFaceSet {
  coord DEF COORD_19 Coordinate { point [
  0 14.173228 0.59055118,0 0 0.59055118,
  27.559055 0 0.59055118,27.559055 14.173228 0.59055118,
  0.88582677 3.5925197 0.59055118,0.88582677 4.3799213 0.59055118,
  1.6732283 4.3799213 0.59055118,1.6732283 3.5925197 0.59055118,
  0.88582677 9.7933071 0.59055118,0.88582677 10.580709 0.59055118,
  1.6732283 10.580709 0.59055118,1.6732283 9.7933071 0.59055118,
  0.98425197 13.188976 0.59055118,1.0043745 13.341822 0.59055118,
  1.0633708 13.484252 0.59055118,1.1572204 13.606559 0.59055118,
  1.2795276 13.700409 0.59055118,1.4219573 13.759405 0.59055118,
  1.5748031 13.779528 0.59055118,1.727649 13.759405 0.59055118,
  1.8700787 13.700409 0.59055118,1.9923859 13.606559 0.59055118,
  2.0862355 13.484252 0.59055118,2.1452318 13.341822 0.59055118,
  2.1653543 13.188976 0.59055118,2.1452318 13.03613 0.59055118,
  2.0862355 12.893701 0.59055118,1.9923859 12.771394 0.59055118,
  1.8700787 12.677544 0.59055118,1.727649 12.618548 0.59055118,
  1.5748031 12.598425 0.59055118,1.4219573 12.618548 0.59055118,
  1.2795276 12.677544 0.59055118,1.1572204 12.771394 0.59055118,
  1.0633708 12.893701 0.59055118,1.0043745 13.03613 0.59055118,
  25.393701 13.188976 0.59055118,25.413823 13.341822 0.59055118,
  25.47282 13.484252 0.59055118,25.566669 13.606559 0.59055118,
  25.688976 13.700409 0.59055118,25.831406 13.759405 0.59055118,
  25.984252 13.779528 0.59055118,26.137098 13.759405 0.59055118,
  26.279528 13.700409 0.59055118,26.401835 13.606559 0.59055118,
  26.495684 13.484252 0.59055118,26.554681 13.341822 0.59055118,
  26.574803 13.188976 0.59055118,26.554681 13.03613 0.59055118,
  26.495684 12.893701 0.59055118,26.401835 12.771394 0.59055118,
  26.279528 12.677544 0.59055118,26.137098 12.618548 0.59055118,
  25.984252 12.598425 0.59055118,25.831406 12.618548 0.59055118,
  25.688976 12.677544 0.59055118,25.566669 12.771394 0.59055118,
  25.47282 12.893701 0.59055118,25.413823 13.03613 0.59055118,
  25.393701 1.1811024 0.59055118,25.413823 1.3339483 0.59055118,
  25.47282 1.476378 0.59055118,25.566669 1.5986851 0.59055118,
  25.688976 1.6925347 0.59055118,25.831406 1.751531 0.59055118,
  25.984252 1.7716535 0.59055118,26.137098 1.751531 0.59055118,
  26.279528 1.6925347 0.59055118,26.401835 1.5986851 0.59055118,
  26.495684 1.476378 0.59055118,26.554681 1.3339483 0.59055118,
  26.574803 1.1811024 0.59055118,26.554681 1.0282565 0.59055118,
  26.495684 0.88582677 0.59055118,26.401835 0.76351962 0.59055118,
  26.279528 0.66967004 0.59055118,26.137098 0.61067372 0.59055118,
  25.984252 0.59055118 0.59055118,25.831406 0.61067372 0.59055118,
  25.688976 0.66967004 0.59055118,25.566669 0.76351962 0.59055118,
  25.47282 0.88582677 0.59055118,25.413823 1.0282565 0.59055118,
  0.98425197 1.1811024 0.59055118,1.0043745 1.3339483 0.59055118,
  1.0633708 1.476378 0.59055118,1.1572204 1.5986851 0.59055118,
  1.2795276 1.6925347 0.59055118,1.4219573 1.751531 0.59055118,
  1.5748031 1.7716535 0.59055118,1.727649 1.751531 0.59055118,
  1.8700787 1.6925347 0.59055118,1.9923859 1.5986851 0.59055118,
  2.0862355 1.476378 0.59055118,2.1452318 1.3339483 0.59055118,
  2.1653543 1.1811024 0.59055118,2.1452318 1.0282565 0.59055118,
  2.0862355 0.88582677 0.59055118,1.9923859 0.76351962 0.59055118,
  1.8700787 0.66967004 0.59055118,1.727649 0.61067372 0.59055118,
  1.5748031 0.59055118 0.59055118,1.4219573 0.61067372 0.59055118,
  1.2795276 0.66967004 0.59055118,1.1572204 0.76351962 0.59055118,
  1.0633708 0.88582677 0.59055118,1.0043745 1.0282565 0.59055118] }
 coordIndex [
  106,1,105,-1,104,105,1,-1,107,1,106,-1,103,104,1,-1,84,1,107,-1,102,103,1,-1,85,1,84,-1,101,102,1,-1,
  4,1,85,-1,4,85,86,-1,4,86,87,-1,4,87,88,-1,4,88,89,-1,7,4,89,-1,7,89,90,-1,7,90,91,-1,
  7,91,92,-1,7,92,93,-1,7,93,94,-1,7,94,95,-1,5,1,4,-1,6,7,95,-1,11,5,6,-1,11,8,5,-1,
  34,9,33,-1,32,33,9,-1,31,9,10,-1,31,32,9,-1,0,8,9,-1,0,34,35,-1,0,5,8,-1,0,1,5,-1,
  0,9,34,-1,12,0,35,-1,30,31,10,-1,13,0,12,-1,29,30,10,-1,14,0,13,-1,28,29,10,-1,15,0,14,-1,
  27,28,10,-1,16,0,15,-1,26,27,10,-1,17,0,16,-1,25,10,11,-1,25,26,10,-1,18,0,17,-1,19,0,18,-1,
  80,100,101,-1,80,81,99,-1,80,99,100,-1,82,99,81,-1,82,98,99,-1,79,80,101,-1,83,98,82,-1,83,97,98,-1,
  60,97,83,-1,60,95,96,-1,60,96,97,-1,61,95,60,-1,61,6,95,-1,62,6,61,-1,62,11,6,-1,2,79,101,-1,
  2,101,1,-1,2,74,75,-1,2,75,76,-1,2,76,77,-1,2,77,78,-1,2,78,79,-1,73,74,2,-1,72,73,2,-1,
  71,72,2,-1,70,71,2,-1,58,63,57,-1,58,11,62,-1,58,62,63,-1,56,57,63,-1,56,63,64,-1,55,56,64,-1,
  55,64,65,-1,55,65,66,-1,59,25,11,-1,59,11,58,-1,36,23,24,-1,36,24,25,-1,36,25,59,-1,54,55,66,-1,
  37,23,36,-1,53,66,67,-1,53,54,66,-1,38,22,23,-1,38,23,37,-1,52,53,67,-1,52,67,68,-1,52,68,69,-1,
  39,21,22,-1,39,22,38,-1,51,52,69,-1,50,51,69,-1,50,69,70,-1,3,50,70,-1,3,41,42,-1,3,42,43,-1,
  3,43,44,-1,3,44,45,-1,3,45,46,-1,3,46,47,-1,3,47,48,-1,3,48,49,-1,3,49,50,-1,3,70,2,-1,
  3,0,19,-1,3,19,20,-1,3,20,21,-1,3,21,41,-1,41,21,40,-1,40,21,39,-1]
  normalPerVertex TRUE
  normal DEF NORM_19 Normal { vector [
  0 0 1,0 0 1,
  0 0 1,0 0 1,
  0 0 1,0 0 1,
  0 0 1,0 0 1,
  0 0 1,0 0 1,
  0 0 1,0 0 1,
  0 0 1,0 0 1,
  0 0 1,0 0 1,
  0 0 1,0 0 1,
  0 0 1,0 0 1,
  0 0 1,0 0 1,
  0 0 1,0 0 1,
  0 0 1,0 0 1,
  0 0 1,0 0 1,
  0 0 1,0 0 1,
  0 0 1,0 0 1,
  0 0 1,0 0 1,
  0 0 1,0 0 1,
  0 0 1,0 0 1,
  0 0 1,0 0 1,
  0 0 1,0 0 1,
  0 0 1,0 0 1,
  0 0 1,0 0 1,
  0 0 1,0 0 1,
  0 0 1,0 0 1,
  0 0 1,0 0 1,
  0 0 1,0 0 1,
  0 0 1,0 0 1,
  0 0 1,0 0 1,
  0 0 1,0 0 1,
  0 0 1,0 0 1,
  0 0 1,0 0 1,
  0 0 1,0 0 1,
  0 0 1,0 0 1,
  0 0 1,0 0 1,
  0 0 1,0 0 1,
  0 0 1,0 0 1,
  0 0 1,0 0 1,
  0 0 1,0 0 1,
  0 0 1,0 0 1,
  0 0 1,0 0 1,
  0 0 1,0 0 1,
  0 0 1,0 0 1,
  0 0 1,0 0 1,
  0 0 1,0 0 1,
  0 0 1,0 0 1,
  0 0 1,0 0 1,
  0 0 1,0 0 1,
  0 0 1,0 0 1,
  0 0 1,0 0 1,
  0 0 1,0 0 1,
  0 0 1,0 0 1,
  0 0 1,0 0 1,
  0 0 1,0 0 1] }
}
}
DEF SHAPE_20 Shape {
 appearance USE APP_1
 geometry DEF FACE_20 IndexedFaceSet {
  coord DEF COORD_20 Coordinate { point [
  0 0 0,27.559055 0 0,
  27.559055 14.173228 0,0 14.173228 0,
  0.98425197 13.188976 0,1.0043745 13.341822 0,
  1.0633708 13.484252 0,1.1572204 13.606559 0,
  1.2795276 13.700409 0,1.4219573 13.759405 0,
  1.5748031 13.779528 0,1.727649 13.759405 0,
  1.8700787 13.700409 0,1.9923859 13.606559 0,
  2.0862355 13.484252 0,2.1452318 13.341822 0,
  2.1653543 13.188976 0,2.1452318 13.03613 0,
  2.0862355 12.893701 0,1.9923859 12.771394 0,
  1.8700787 12.677544 0,1.727649 12.618548 0,
  1.5748031 12.598425 0,1.4219573 12.618548 0,
  1.2795276 12.677544 0,1.1572204 12.771394 0,
  1.0633708 12.893701 0,1.0043745 13.03613 0,
  25.393701 13.188976 0,25.413823 13.341822 0,
  25.47282 13.484252 0,25.566669 13.606559 0,
  25.688976 13.700409 0,25.831406 13.759405 0,
  25.984252 13.779528 0,26.137098 13.759405 0,
  26.279528 13.700409 0,26.401835 13.606559 0,
  26.495684 13.484252 0,26.554681 13.341822 0,
  26.574803 13.188976 0,26.554681 13.03613 0,
  26.495684 12.893701 0,26.401835 12.771394 0,
  26.279528 12.677544 0,26.137098 12.618548 0,
  25.984252 12.598425 0,25.831406 12.618548 0,
  25.688976 12.677544 0,25.566669 12.771394 0,
  25.47282 12.893701 0,25.413823 13.03613 0,
  25.393701 1.1811024 0,25.413823 1.3339483 0,
  25.47282 1.476378 0,25.566669 1.5986851 0,
  25.688976 1.6925347 0,25.831406 1.751531 0,
  25.984252 1.7716535 0,26.137098 1.751531 0,
  26.279528 1.6925347 0,26.401835 1.5986851 0,
  26.495684 1.476378 0,26.554681 1.3339483 0,
  26.574803 1.1811024 0,26.554681 1.0282565 0,
  26.495684 0.88582677 0,26.401835 0.76351962 0,
  26.279528 0.66967004 0,26.137098 0.61067372 0,
  25.984252 0.59055118 0,25.831406 0.61067372 0,
  25.688976 0.66967004 0,25.566669 0.76351962 0,
  25.47282 0.88582677 0,25.413823 1.0282565 0,
  0.98425197 1.1811024 0,1.0043745 1.3339483 0,
  1.0633708 1.476378 0,1.1572204 1.5986851 0,
  1.2795276 1.6925347 0,1.4219573 1.751531 0,
  1.5748031 1.7716535 0,1.727649 1.751531 0,
  1.8700787 1.6925347 0,1.9923859 1.5986851 0,
  2.0862355 1.476378 0,2.1452318 1.3339483 0,
  2.1653543 1.1811024 0,2.1452318 1.0282565 0,
  2.0862355 0.88582677 0,1.9923859 0.76351962 0,
  1.8700787 0.66967004 0,1.727649 0.61067372 0,
  1.5748031 0.59055118 0,1.4219573 0.61067372 0,
  1.2795276 0.66967004 0,1.1572204 0.76351962 0,
  1.0633708 0.88582677 0,1.0043745 1.0282565 0] }
 coordIndex [
  98,97,0,-1,96,0,97,-1,99,98,0,-1,95,0,96,-1,76,99,0,-1,94,0,95,-1,77,76,0,-1,93,0,94,-1,
  78,77,0,-1,25,80,79,-1,26,25,79,-1,26,79,78,-1,24,80,25,-1,23,80,24,-1,23,81,80,-1,23,82,81,-1,
  3,78,0,-1,3,27,26,-1,3,26,78,-1,4,27,3,-1,22,82,23,-1,22,83,82,-1,5,4,3,-1,21,83,22,-1,
  6,5,3,-1,20,83,21,-1,20,84,83,-1,20,85,84,-1,7,6,3,-1,19,85,20,-1,18,85,19,-1,18,86,85,-1,
  8,7,3,-1,9,8,3,-1,10,9,3,-1,11,10,3,-1,72,91,73,-1,72,92,91,-1,72,93,92,-1,74,73,91,-1,
  74,91,90,-1,71,93,72,-1,75,74,90,-1,75,90,89,-1,52,75,89,-1,52,88,87,-1,52,89,88,-1,53,52,87,-1,
  54,86,18,-1,54,87,86,-1,54,53,87,-1,1,0,93,-1,1,93,71,-1,1,67,66,-1,1,68,67,-1,1,69,68,-1,
  1,70,69,-1,1,71,70,-1,65,1,66,-1,64,1,65,-1,63,1,64,-1,62,1,63,-1,50,54,18,-1,50,49,55,-1,
  50,55,54,-1,48,55,49,-1,48,56,55,-1,47,57,56,-1,47,58,57,-1,47,56,48,-1,51,18,17,-1,51,50,18,-1,
  46,58,47,-1,28,16,15,-1,28,17,16,-1,28,51,17,-1,45,59,58,-1,45,58,46,-1,29,28,15,-1,44,59,45,-1,
  44,60,59,-1,44,61,60,-1,30,15,14,-1,30,29,15,-1,31,14,13,-1,31,30,14,-1,43,61,44,-1,42,62,61,-1,
  42,61,43,-1,2,34,33,-1,2,35,34,-1,2,36,35,-1,2,37,36,-1,2,1,62,-1,2,38,37,-1,2,39,38,-1,
  2,40,39,-1,2,41,40,-1,2,42,41,-1,2,62,42,-1,2,11,3,-1,2,12,11,-1,2,13,12,-1,2,33,13,-1,
  33,32,13,-1,32,31,13,-1]
  normalPerVertex TRUE
  normal DEF NORM_20 Normal { vector [
  0 0 -1,0 0 -1,
  0 0 -1,0 0 -1,
  0 0 -1,0 0 -1,
  0 0 -1,0 0 -1,
  0 0 -1,0 0 -1,
  0 0 -1,0 0 -1,
  0 0 -1,0 0 -1,
  0 0 -1,0 0 -1,
  0 0 -1,0 0 -1,
  0 0 -1,0 0 -1,
  0 0 -1,0 0 -1,
  0 0 -1,0 0 -1,
  0 0 -1,0 0 -1,
  0 0 -1,0 0 -1,
  0 0 -1,0 0 -1,
  0 0 -1,0 0 -1,
  0 0 -1,0 0 -1,
  0 0 -1,0 0 -1,
  0 0 -1,0 0 -1,
  0 0 -1,0 0 -1,
  0 0 -1,0 0 -1,
  0 0 -1,0 0 -1,
  0 0 -1,0 0 -1,
  0 0 -1,0 0 -1,
  0 0 -1,0 0 -1,
  0 0 -1,0 0 -1,
  0 0 -1,0 0 -1,
  0 0 -1,0 0 -1,
  0 0 -1,0 0 -1,
  0 0 -1,0 0 -1,
  0 0 -1,0 0 -1,
  0 0 -1,0 0 -1,
  0 0 -1,0 0 -1,
  0 0 -1,0 0 -1,
  0 0 -1,0 0 -1,
  0 0 -1,0 0 -1,
  0 0 -1,0 0 -1,
  0 0 -1,0 0 -1,
  0 0 -1,0 0 -1,
  0 0 -1,0 0 -1,
  0 0 -1,0 0 -1,
  0 0 -1,0 0 -1,
  0 0 -1,0 0 -1,
  0 0 -1,0 0 -1,
  0 0 -1,0 0 -1,
  0 0 -1,0 0 -1,
  0 0 -1,0 0 -1,
  0 0 -1,0 0 -1,
  0 0 -1,0 0 -1,
  0 0 -1,0 0 -1] }
}
}
] }
DEF TXFM_7 Transform {
  center 0 0 0
  rotation 0 0 1 0
  scale 1 1 1
  scaleOrientation 0 0 1 0
  translation 0 0 0
 children [
DEF SHAPE_21 Shape {
 appearance DEF APP_2 Appearance {
  material Material {
   ambientIntensity 1
   diffuseColor 0.098039217 0.098039217 0.098039217
   emissiveColor 0 0 0
   shininess 0.1
   specularColor 0.12 0.12 0.12
   transparency 0
} }
 geometry DEF FACE_21 IndexedFaceSet {
  coord DEF COORD_21 Coordinate { point [
  0.19685039 5.757874 0.59055118,0.19685039 8.4153543 0.59055118,
  0.19685039 5.757874 1.476378,0.19685039 8.4153543 1.476378] }
 coordIndex [
  2,1,0,-1,2,3,1,-1]
  normalPerVertex TRUE
  normal DEF NORM_21 Normal { vector [
  -1 0 0,-1 0 0,
  -1 0 0,-1 0 0] }
}
}
DEF SHAPE_22 Shape {
 appearance USE APP_2
 geometry DEF FACE_22 IndexedFaceSet {
  coord DEF COORD_22 Coordinate { point [
  0.19685039 8.4153543 0.59055118,2.3622047 8.4153543 0.59055118,
  0.19685039 8.4153543 1.476378,2.3622047 8.4153543 1.476378] }
 coordIndex [
  2,1,0,-1,2,3,1,-1]
  normalPerVertex TRUE
  normal DEF NORM_22 Normal { vector [
  0 1 0,0 1 0,
  0 1 0,0 1 0] }
}
}
DEF SHAPE_23 Shape {
 appearance USE APP_2
 geometry DEF FACE_23 IndexedFaceSet {
  coord DEF COORD_23 Coordinate { point [
  2.3622047 8.4153543 0.59055118,2.3622047 5.757874 0.59055118,
  2.3622047 8.4153543 1.476378,2.3622047 5.757874 1.476378] }
 coordIndex [
  2,1,0,-1,2,3,1,-1]
  normalPerVertex TRUE
  normal DEF NORM_23 Normal { vector [
  1 0 0,1 0 0,
  1 0 0,1 0 0] }
}
}
DEF SHAPE_24 Shape {
 appearance USE APP_2
 geometry DEF FACE_24 IndexedFaceSet {
  coord DEF COORD_24 Coordinate { point [
  2.3622047 5.757874 0.59055118,0.19685039 5.757874 0.59055118,
  2.3622047 5.757874 1.476378,0.19685039 5.757874 1.476378] }
 coordIndex [
  2,1,0,-1,2,3,1,-1]
  normalPerVertex TRUE
  normal DEF NORM_24 Normal { vector [
  0 -1 0,0 -1 0,
  0 -1 0,0 -1 0] }
}
}
DEF SHAPE_25 Shape {
 appearance USE APP_2
 geometry DEF FACE_25 IndexedFaceSet {
  coord DEF COORD_25 Coordinate { point [
  0.19685039 5.757874 1.476378,2.3622047 5.757874 1.476378,
  2.3622047 8.4153543 1.476378,0.19685039 8.4153543 1.476378] }
 coordIndex [
  2,0,1,-1,2,3,0,-1]
  normalPerVertex TRUE
  normal DEF NORM_25 Normal { vector [
  0 0 1,0 0 1,
  0 0 1,0 0 1] }
}
}
DEF SHAPE_26 Shape {
 appearance USE APP_2
 geometry DEF FACE_26 IndexedFaceSet {
  coord DEF COORD_26 Coordinate { point [
  2.3622047 8.4153543 0.59055118,2.3622047 5.757874 0.59055118,
  0.19685039 8.4153543 0.59055118,0.19685039 5.757874 0.59055118] }
 coordIndex [
  1,2,0,-1,3,2,1,-1]
  normalPerVertex TRUE
  normal DEF NORM_26 Normal { vector [
  0 0 -1,0 0 -1,
  0 0 -1,0 0 -1] }
}
}
] }
DEF TXFM_8 Transform {
  center 0 0 0
  rotation 0 0 1 0
  scale 1 1 1
  scaleOrientation 0 0 1 0
  translation 0 0 0
 children [
DEF SHAPE_27 Shape {
 appearance DEF APP_3 Appearance {
  material Material {
   ambientIntensity 0.10405099
   diffuseColor 0.96078432 0.96078432 0.96470588
   emissiveColor 0 0 0
   shininess 0.1
   specularColor 0.12 0.12 0.12
   transparency 0
} }
 geometry DEF FACE_27 IndexedFaceSet {
  coord DEF COORD_27 Coordinate { point [
  3.0334153 9.3801918 4.2322835,3.0904292 9.8132551 4.2322835,
  3.2575854 10.216806 4.2322835,3.5234925 10.563343 4.2322835,
  3.8700295 10.82925 4.2322835,4.2735803 10.996406 4.2322835,
  4.7066436 11.05342 4.2322835,5.139707 10.996406 4.2322835,
  5.5432578 10.82925 4.2322835,5.8897947 10.563343 4.2322835,
  6.1557019 10.216806 4.2322835,6.3228581 9.8132551 4.2322835,
  6.379872 9.3801918 4.2322835,6.3228581 8.9471284 4.2322835,
  6.1557019 8.5435776 4.2322835,5.8897947 8.1970407 4.2322835,
  5.5432578 7.9311335 4.2322835,5.139707 7.7639773 4.2322835,
  4.7066436 7.7069634 4.2322835,4.2735803 7.7639773 4.2322835,
  3.8700295 7.9311335 4.2322835,3.5234925 8.1970407 4.2322835,
  3.2575854 8.5435776 4.2322835,3.0904292 8.9471284 4.2322835,
  3.0334153 9.3801918 4.2322835,2.9569923 9.3801918 4.2222222,
  2.8857775 9.3801918 4.192724,2.8246239 9.3801918 4.1457992,
  2.7776991 9.3801918 4.0846457,2.748201 9.3801918 4.0134308,
  2.7381397 9.3801918 3.9370079,2.8052148 8.8707055 3.9370079,
  3.0018692 8.3959398 3.9370079,3.3147011 7.9882493 3.9370079,
  3.7223917 7.6754174 3.9370079,4.1971573 7.478763 3.9370079,
  4.7066436 7.4116878 3.9370079,5.2161299 7.478763 3.9370079,
  5.6908956 7.6754174 3.9370079,6.0985861 7.9882493 3.9370079,
  6.411418 8.3959398 3.9370079,6.6080724 8.8707055 3.9370079,
  6.6751476 9.3801918 3.9370079,6.6080724 9.8896781 3.9370079,
  6.411418 10.364444 3.9370079,6.0985861 10.772134 3.9370079,
  5.6908956 11.084966 3.9370079,5.2161299 11.281621 3.9370079,
  4.7066436 11.348696 3.9370079,4.1971573 11.281621 3.9370079,
  3.7223917 11.084966 3.9370079,3.3147011 10.772134 3.9370079,
  3.0018692 10.364444 3.9370079,2.8052148 9.8896781 3.9370079,
  2.7381397 9.3801918 3.9370079,2.9569923 9.3801918 4.2222222,
  2.8857775 9.3801918 4.192724,2.8246239 9.3801918 4.1457992,
  2.7776991 9.3801918 4.0846457,2.748201 9.3801918 4.0134308,
  2.8434263 8.8809442 4.0846457,2.947822 8.9089169 4.192724,
  3.0361287 8.4157195 4.0846457,3.1297273 8.4697587 4.192724,
  3.3426739 8.016222 4.0846457,3.4190968 8.092645 4.192724,
  3.7421714 7.7096768 4.0846457,3.7962106 7.8032754 4.192724,
  4.2073961 7.5169745 4.0846457,4.2353688 7.6213702 4.192724,
  4.7066436 7.4512473 4.0846457,4.7066436 7.5593256 4.192724,
  5.2058912 7.5169745 4.0846457,5.1779185 7.6213702 4.192724,
  5.6711159 7.7096768 4.0846457,5.6170767 7.8032754 4.192724,
  6.0706134 8.016222 4.0846457,5.9941904 8.092645 4.192724,
  6.3771586 8.4157195 4.0846457,6.28356 8.4697587 4.192724,
  6.5698609 8.8809442 4.0846457,6.4654653 8.9089169 4.192724,
  6.6355881 9.3801918 4.0846457,6.5275098 9.3801918 4.192724,
  6.5698609 9.8794394 4.0846457,6.4654653 9.8514666 4.192724,
  6.3771586 10.344664 4.0846457,6.28356 10.290625 4.192724,
  6.0706134 10.744162 4.0846457,5.9941904 10.667739 4.192724,
  5.6711159 11.050707 4.0846457,5.6170767 10.957108 4.192724,
  5.2058912 11.243409 4.0846457,5.1779185 11.139013 4.192724,
  4.7066436 11.309136 4.0846457,4.7066436 11.201058 4.192724,
  4.2073961 11.243409 4.0846457,4.2353688 11.139013 4.192724,
  3.7421714 11.050707 4.0846457,3.7962106 10.957108 4.192724,
  3.3426739 10.744162 4.0846457,3.4190968 10.667739 4.192724,
  3.0361287 10.344664 4.0846457,3.1297273 10.290625 4.192724,
  2.8434263 9.8794394 4.0846457,2.947822 9.8514666 4.192724] }
 coordIndex [
  31,29,30,-1,23,24,25,-1,59,53,54,-1,0,1,55,-1,60,27,28,-1,60,28,29,-1,60,29,31,-1,61,25,26,-1,
  61,26,27,-1,61,27,60,-1,61,23,25,-1,62,31,32,-1,62,60,31,-1,63,60,62,-1,63,61,60,-1,63,22,23,-1,
  63,23,61,-1,64,32,33,-1,64,62,32,-1,65,62,64,-1,65,21,22,-1,65,22,63,-1,65,63,62,-1,66,33,34,-1,
  66,64,33,-1,67,65,64,-1,67,21,65,-1,67,20,21,-1,67,64,66,-1,68,34,35,-1,68,35,36,-1,68,66,34,-1,
  68,67,66,-1,69,19,20,-1,69,20,67,-1,69,67,68,-1,70,36,37,-1,70,68,36,-1,71,18,19,-1,71,68,70,-1,
  71,19,69,-1,71,69,68,-1,72,70,37,-1,73,71,70,-1,73,17,18,-1,73,70,72,-1,73,18,71,-1,74,37,38,-1,
  74,72,37,-1,75,16,17,-1,75,73,72,-1,75,17,73,-1,75,72,74,-1,76,38,39,-1,76,74,38,-1,77,75,74,-1,
  77,15,16,-1,77,74,76,-1,77,16,75,-1,78,39,40,-1,78,76,39,-1,79,15,77,-1,79,76,78,-1,79,13,14,-1,
  79,14,15,-1,79,77,76,-1,80,78,40,-1,80,40,41,-1,80,79,78,-1,81,12,13,-1,81,13,79,-1,81,79,80,-1,
  82,80,41,-1,82,41,42,-1,83,80,82,-1,83,81,80,-1,83,12,81,-1,84,42,43,-1,84,82,42,-1,85,11,12,-1,
  85,12,83,-1,85,83,82,-1,85,82,84,-1,86,43,44,-1,86,84,43,-1,86,85,84,-1,87,10,11,-1,87,11,85,-1,
  87,85,86,-1,88,44,45,-1,88,86,44,-1,89,86,88,-1,89,9,10,-1,89,10,87,-1,89,87,86,-1,90,88,45,-1,
  90,45,46,-1,90,46,47,-1,91,88,90,-1,91,8,9,-1,91,9,89,-1,91,89,88,-1,92,90,47,-1,93,7,8,-1,
  93,8,91,-1,93,91,90,-1,93,90,92,-1,94,92,47,-1,94,93,92,-1,94,47,48,-1,94,48,49,-1,95,6,7,-1,
  95,93,94,-1,95,7,93,-1,96,94,49,-1,97,4,5,-1,97,5,6,-1,97,6,95,-1,97,95,94,-1,97,94,96,-1,
  98,96,49,-1,98,49,50,-1,99,3,4,-1,99,97,96,-1,99,4,97,-1,99,96,98,-1,100,98,50,-1,100,50,51,-1,
  100,51,52,-1,101,3,99,-1,101,99,98,-1,101,98,100,-1,102,100,52,-1,102,52,53,-1,103,2,3,-1,103,3,101,-1,
  103,101,100,-1,103,100,102,-1,104,102,53,-1,104,58,57,-1,104,59,58,-1,104,53,59,-1,105,1,2,-1,105,103,102,-1,
  105,56,55,-1,105,57,56,-1,105,2,103,-1,105,104,57,-1,105,102,104,-1,105,55,1,-1]
  normalPerVertex TRUE
  normal DEF NORM_27 Normal { vector [
  -0.13050692 0.017181563 0.99129851,-0.22447336 0.065436655 0.9722807,
  -0.23013082 0.1190025 0.9658562,-0.1830127 0.1830127 0.96592583,
  -0.1190025 0.23013082 0.9658562,-0.066987298 0.25 0.96592583,
  -0.012006224 0.25880039 0.9658562,0.055385348 0.25308942 0.9658562,
  0.1190025 0.23013082 0.9658562,0.17450983 0.19148919 0.9658562,
  0.2181246 0.13979789 0.9658562,0.24687454 0.078579592 0.9658562,
  0.25881905 0 0.96592583,0.24687454 -0.078579592 0.9658562,
  0.22414387 -0.12940952 0.96592583,0.19148919 -0.17450983 0.9658562,
  0.13979789 -0.2181246 0.9658562,0.078579592 -0.24687454 0.9658562,
  0.012006224 -0.25880039 0.9658562,-0.055385348 -0.25308942 0.9658562,
  -0.1190025 -0.23013082 0.9658562,-0.17450983 -0.19148919 0.9658562,
  -0.2181246 -0.13979789 0.9658562,-0.2294719 -0.075753708 0.97036283,
  -0.13050692 -0.017181563 0.99129851,-0.25855506 -0.045153636 0.96494063,
  -0.49892023 -0.065684095 0.86415519,-0.70335252 -0.10290994 0.70335252,
  -0.86045084 -0.1132805 0.49678152,-0.95696862 -0.13586897 0.25641897,
  -0.9831056 -0.12942831 0.12942831,-0.93144191 -0.27316033 0.24041507,
  -0.81489556 -0.51872426 0.25859305,-0.65287295 -0.71195965 0.25859305,
  -0.44635813 -0.85667617 0.25859305,-0.25 -0.9330127 0.25881905,
  -0.041780602 -0.96508239 0.25859305,0.25 -0.9330127 0.25881905,
  0.51872426 -0.81489556 0.25859305,0.71195965 -0.65287295 0.25859305,
  0.85667617 -0.44635813 0.25859305,0.94301162 -0.20942474 0.25859305,
  0.96508239 0.041780602 0.25859305,0.92138439 0.29013866 0.25859305,
  0.81489556 0.51872426 0.25859305,0.65287295 0.71195965 0.25859305,
  0.48296291 0.8365163 0.25881905,0.25 0.9330127 0.25881905,
  0 0.96592583 0.25881905,-0.25 0.9330127 0.25881905,
  -0.51872426 0.81489556 0.25859305,-0.6830127 0.6830127 0.25881905,
  -0.81489556 0.51872426 0.25859305,-0.93144191 0.27316033 0.24041507,
  -0.9831056 0.12942831 0.12942831,-0.25855506 0.045153636 0.96494063,
  -0.49892023 0.065684095 0.86415519,-0.70335252 0.10290994 0.70335252,
  -0.86045084 0.1132805 0.49678152,-0.95696862 0.13586897 0.25641897,
  -0.81558939 -0.22113526 0.53470847,-0.48752007 -0.12532006 0.86407121,
  -0.75510065 -0.42756038 0.49700617,-0.44886116 -0.23317614 0.86264277,
  -0.61871045 -0.60842605 0.49700617,-0.37321616 -0.34140467 0.86264277,
  -0.46894187 -0.75880796 0.452,-0.27348119 -0.46448083 0.84229781,
  -0.2248103 -0.83900345 0.4955134,-0.12439674 -0.43882531 0.88992011,
  0.037751312 -0.86712092 0.49666502,-0.022494121 -0.50531324 0.86264277,
  0.23495067 -0.80585484 0.5435036,0.10905704 -0.49391701 0.86264277,
  0.42756038 -0.75510065 0.49700617,0.23317614 -0.44886116 0.86264277,
  0.60842605 -0.61871045 0.49700617,0.34140467 -0.37321616 0.86264277,
  0.75880796 -0.46894187 0.452,0.44008715 -0.25408443 0.86125746,
  0.81461925 -0.23839498 0.52873746,0.44223223 -0.11168192 0.88992011,
  0.86771653 -0.0072721689 0.49700617,0.54761555 -0.020144026 0.83648755,
  0.86815023 0.20496628 0.452,0.52181795 0.13505714 0.84229781,
  0.74459351 0.40745209 0.52873746,0.39825813 0.22233458 0.88992011,
  0.61871045 0.60842605 0.49700617,0.37321616 0.34140467 0.86264277,
  0.43183516 0.77398431 0.46310547,0.2721371 0.42636704 0.86264277,
  0.22414387 0.8365163 0.5,0.14394606 0.51943617 0.84229781,
  0 0.86860029 0.4955134,0.0065816724 0.45606894 0.88992011,
  -0.23495067 0.80585484 0.5435036,-0.10827105 0.46123374 0.88064796,
  -0.42756038 0.75510065 0.49700617,-0.24261017 0.44352245 0.86280249,
  -0.63584427 0.61744261 0.46310547,-0.37297869 0.40146665 0.83648755,
  -0.7698244 0.40086687 0.49666502,-0.42636704 0.2721371 0.86264277,
  -0.84135073 0.20979165 0.49811286,-0.48569022 0.1461975 0.8618186] }
}
}
DEF SHAPE_28 Shape {
 appearance USE APP_3
 geometry DEF FACE_28 IndexedFaceSet {
  coord DEF COORD_28 Coordinate { point [
  6.6751476 9.3801918 3.9370079,6.6080724 9.8896781 3.9370079,
  6.411418 10.364444 3.9370079,6.0985861 10.772134 3.9370079,
  5.6908956 11.084966 3.9370079,5.2161299 11.281621 3.9370079,
  4.7066436 11.348696 3.9370079,4.1971573 11.281621 3.9370079,
  3.7223917 11.084966 3.9370079,3.3147011 10.772134 3.9370079,
  3.0018692 10.364444 3.9370079,2.8052148 9.8896781 3.9370079,
  2.7381397 9.3801918 3.9370079,6.6751476 9.3801918 0.68897638,
  6.6080724 9.8896781 0.68897638,6.411418 10.364444 0.68897638,
  6.0985861 10.772134 0.68897638,5.6908956 11.084966 0.68897638,
  5.2161299 11.281621 0.68897638,4.7066436 11.348696 0.68897638,
  4.1971573 11.281621 0.68897638,3.7223917 11.084966 0.68897638,
  3.3147011 10.772134 0.68897638,3.0018692 10.364444 0.68897638,
  2.8052148 9.8896781 0.68897638,2.7381397 9.3801918 0.68897638,
  2.8052148 8.8707055 0.68897638,3.0018692 8.3959398 0.68897638,
  3.3147011 7.9882493 0.68897638,3.7223917 7.6754174 0.68897638,
  4.1971573 7.478763 0.68897638,4.7066436 7.4116878 0.68897638,
  5.2161299 7.478763 0.68897638,5.6908956 7.6754174 0.68897638,
  6.0985861 7.9882493 0.68897638,6.411418 8.3959398 0.68897638,
  6.6080724 8.8707055 0.68897638,6.6751476 9.3801918 0.68897638,
  6.6751476 9.3801918 3.9370079,2.8052148 8.8707055 3.9370079,
  3.0018692 8.3959398 3.9370079,3.3147011 7.9882493 3.9370079,
  3.7223917 7.6754174 3.9370079,4.1971573 7.478763 3.9370079,
  4.7066436 7.4116878 3.9370079,5.2161299 7.478763 3.9370079,
  5.6908956 7.6754174 3.9370079,6.0985861 7.9882493 3.9370079,
  6.411418 8.3959398 3.9370079,6.6080724 8.8707055 3.9370079] }
 coordIndex [
  1,0,13,-1,1,13,14,-1,2,14,15,-1,2,15,16,-1,2,1,14,-1,3,2,16,-1,4,16,17,-1,4,17,18,-1,
  4,3,16,-1,5,4,18,-1,6,18,19,-1,6,5,18,-1,7,19,20,-1,7,6,19,-1,8,20,21,-1,8,7,20,-1,
  9,21,22,-1,9,8,21,-1,10,22,23,-1,10,9,22,-1,11,23,24,-1,11,10,23,-1,12,11,24,-1,12,24,25,-1,
  12,25,26,-1,39,12,26,-1,40,39,26,-1,40,26,27,-1,40,27,28,-1,41,40,28,-1,41,28,29,-1,42,41,29,-1,
  43,42,29,-1,43,29,30,-1,43,30,31,-1,44,43,31,-1,44,31,32,-1,45,44,32,-1,45,32,33,-1,46,33,34,-1,
  46,45,33,-1,47,46,34,-1,48,34,35,-1,48,47,34,-1,49,35,36,-1,49,36,37,-1,49,48,35,-1,38,49,37,-1]
  normalPerVertex TRUE
  normal DEF NORM_28 Normal { vector [
  0.99144486 0.13052619 0,0.9763442 0.21622209 0,
  0.8660254 0.5 0,0.70710678 0.70710678 0,
  0.5 0.8660254 0,0.25881905 0.96592583 0,
  0.04384197 0.99903848 0,-0.21622209 0.9763442 0,
  -0.46155098 0.88711369 0,-0.67542593 0.73742784 0,
  -0.84327172 0.5374875 0,-0.95364993 0.30091828 0,
  -1 0 0,0.99144486 0.13052619 0,
  0.95364993 0.30091828 0,0.8660254 0.5 0,
  0.70710678 0.70710678 0,0.5 0.8660254 0,
  0.25881905 0.96592583 0,-0.04384197 0.99903848 0,
  -0.30091828 0.95364993 0,-0.5374875 0.84327172 0,
  -0.73742784 0.67542593 0,-0.88711369 0.46155098 0,
  -0.9763442 0.21622209 0,-1 0 0,
  -0.96592583 -0.25881905 0,-0.8660254 -0.5 0,
  -0.73742784 -0.67542593 0,-0.5 -0.8660254 0,
  -0.25881905 -0.96592583 0,-0.04384197 -0.99903848 0,
  0.21622209 -0.9763442 0,0.46155098 -0.88711369 0,
  0.70710678 -0.70710678 0,0.88711369 -0.46155098 0,
  0.96592583 -0.25881905 0,0.99144486 -0.13052619 0,
  0.99144486 -0.13052619 0,-0.96592583 -0.25881905 0,
  -0.8660254 -0.5 0,-0.67542593 -0.73742784 0,
  -0.5 -0.8660254 0,-0.25881905 -0.96592583 0,
  0.04384197 -0.99903848 0,0.30091828 -0.95364993 0,
  0.5374875 -0.84327172 0,0.70710678 -0.70710678 0,
  0.84327172 -0.5374875 0,0.96592583 -0.25881905 0] }
}
}
DEF SHAPE_29 Shape {
 appearance USE APP_3
 geometry DEF FACE_29 IndexedFaceSet {
  coord DEF COORD_29 Coordinate { point [
  3.0334153 9.3801918 4.2322835,3.0904292 9.8132551 4.2322835,
  3.2575854 10.216806 4.2322835,3.5234925 10.563343 4.2322835,
  3.8700295 10.82925 4.2322835,4.2735803 10.996406 4.2322835,
  4.7066436 11.05342 4.2322835,5.139707 10.996406 4.2322835,
  5.5432578 10.82925 4.2322835,5.8897947 10.563343 4.2322835,
  6.1557019 10.216806 4.2322835,6.3228581 9.8132551 4.2322835,
  6.379872 9.3801918 4.2322835,6.3228581 8.9471284 4.2322835,
  6.1557019 8.5435776 4.2322835,5.8897947 8.1970407 4.2322835,
  5.5432578 7.9311335 4.2322835,5.139707 7.7639773 4.2322835,
  4.7066436 7.7069634 4.2322835,4.2735803 7.7639773 4.2322835,
  3.8700295 7.9311335 4.2322835,3.5234925 8.1970407 4.2322835,
  3.2575854 8.5435776 4.2322835,3.0904292 8.9471284 4.2322835] }
 coordIndex [
  11,10,9,-1,6,8,7,-1,6,9,8,-1,6,11,9,-1,4,6,5,-1,14,12,11,-1,14,13,12,-1,1,3,2,-1,
  1,4,3,-1,18,15,14,-1,18,16,15,-1,18,17,16,-1,23,1,0,-1,23,11,6,-1,23,6,4,-1,23,4,1,-1,
  20,19,18,-1,20,18,14,-1,21,23,22,-1,21,14,11,-1,21,11,23,-1,21,20,14,-1]
  normalPerVertex TRUE
  normal DEF NORM_29 Normal { vector [
  0 0 1,0 0 1,
  0 0 1,0 0 1,
  0 0 1,0 0 1,
  0 0 1,0 0 1,
  0 0 1,0 0 1,
  0 0 1,0 0 1,
  0 0 1,0 0 1,
  0 0 1,0 0 1,
  0 0 1,0 0 1,
  0 0 1,0 0 1,
  0 0 1,0 0 1,
  0 0 1,0 0 1] }
}
}
DEF SHAPE_30 Shape {
 appearance USE APP_3
 geometry DEF FACE_30 IndexedFaceSet {
  coord DEF COORD_30 Coordinate { point [
  6.6751476 9.3801918 0.68897638,6.6080724 9.8896781 0.68897638,
  6.411418 10.364444 0.68897638,6.0985861 10.772134 0.68897638,
  5.6908956 11.084966 0.68897638,5.2161299 11.281621 0.68897638,
  4.7066436 11.348696 0.68897638,4.1971573 11.281621 0.68897638,
  3.7223917 11.084966 0.68897638,3.3147011 10.772134 0.68897638,
  3.0018692 10.364444 0.68897638,2.8052148 9.8896781 0.68897638,
  2.7381397 9.3801918 0.68897638,2.8052148 8.8707055 0.68897638,
  3.0018692 8.3959398 0.68897638,3.3147011 7.9882493 0.68897638,
  3.7223917 7.6754174 0.68897638,4.1971573 7.478763 0.68897638,
  4.7066436 7.4116878 0.68897638,5.2161299 7.478763 0.68897638,
  5.6908956 7.6754174 0.68897638,6.0985861 7.9882493 0.68897638,
  6.411418 8.3959398 0.68897638,6.6080724 8.8707055 0.68897638] }
 coordIndex [
  5,3,2,-1,5,4,3,-1,7,6,5,-1,8,7,5,-1,22,1,0,-1,22,2,1,-1,22,0,23,-1,10,9,8,-1,
  10,5,2,-1,10,2,22,-1,10,8,5,-1,20,22,21,-1,12,11,10,-1,13,10,22,-1,13,12,10,-1,16,18,17,-1,
  15,14,13,-1,15,19,18,-1,15,20,19,-1,15,22,20,-1,15,13,22,-1,15,18,16,-1]
  normalPerVertex TRUE
  normal DEF NORM_30 Normal { vector [
  0 0 -1,0 0 -1,
  0 0 -1,0 0 -1,
  0 0 -1,0 0 -1,
  0 0 -1,0 0 -1,
  0 0 -1,0 0 -1,
  0 0 -1,0 0 -1,
  0 0 -1,0 0 -1,
  0 0 -1,0 0 -1,
  0 0 -1,0 0 -1,
  0 0 -1,0 0 -1,
  0 0 -1,0 0 -1,
  0 0 -1,0 0 -1] }
}
}
] }
DEF TXFM_9 Transform {
  center 0 0 0
  rotation 0 0 1 0
  scale 1 1 1
  scaleOrientation 0 0 1 0
  translation 0 0 0
 children [
DEF SHAPE_31 Shape {
 appearance USE APP_3
 geometry DEF FACE_31 IndexedFaceSet {
  coord DEF COORD_31 Coordinate { point [
  3.0413317 4.7513847 4.2322835,3.0983456 5.184448 4.2322835,
  3.2655018 5.5879988 4.2322835,3.531409 5.9345358 4.2322835,
  3.8779459 6.2004429 4.2322835,4.2814967 6.3675991 4.2322835,
  4.7145601 6.424613 4.2322835,5.1476234 6.3675991 4.2322835,
  5.5511742 6.2004429 4.2322835,5.8977112 5.9345358 4.2322835,
  6.1636183 5.5879988 4.2322835,6.3307745 5.184448 4.2322835,
  6.3877884 4.7513847 4.2322835,6.3307745 4.3183213 4.2322835,
  6.1636183 3.9147705 4.2322835,5.8977112 3.5682336 4.2322835,
  5.5511742 3.3023264 4.2322835,5.1476234 3.1351702 4.2322835,
  4.7145601 3.0781563 4.2322835,4.2814967 3.1351702 4.2322835,
  3.8779459 3.3023264 4.2322835,3.531409 3.5682336 4.2322835,
  3.2655018 3.9147705 4.2322835,3.0983456 4.3183213 4.2322835,
  3.0413317 4.7513847 4.2322835,2.9649088 4.7513847 4.2222222,
  2.8936939 4.7513847 4.192724,2.8325403 4.7513847 4.1457992,
  2.7856156 4.7513847 4.0846457,2.7561174 4.7513847 4.0134308,
  2.7460561 4.7513847 3.9370079,2.8131313 4.2418984 3.9370079,
  3.0097857 3.7671327 3.9370079,3.3226176 3.3594422 3.9370079,
  3.7303081 3.0466103 3.9370079,4.2050738 2.8499559 3.9370079,
  4.7145601 2.7828807 3.9370079,5.2240464 2.8499559 3.9370079,
  5.698812 3.0466103 3.9370079,6.1065026 3.3594422 3.9370079,
  6.4193345 3.7671327 3.9370079,6.6159889 4.2418984 3.9370079,
  6.683064 4.7513847 3.9370079,6.6159889 5.260871 3.9370079,
  6.4193345 5.7356366 3.9370079,6.1065026 6.1433272 3.9370079,
  5.698812 6.4561591 3.9370079,5.2240464 6.6528135 3.9370079,
  4.7145601 6.7198886 3.9370079,4.2050738 6.6528135 3.9370079,
  3.7303081 6.4561591 3.9370079,3.3226176 6.1433272 3.9370079,
  3.0097857 5.7356366 3.9370079,2.8131313 5.260871 3.9370079,
  2.7460561 4.7513847 3.9370079,2.9649088 4.7513847 4.2222222,
  2.8936939 4.7513847 4.192724,2.8325403 4.7513847 4.1457992,
  2.7856156 4.7513847 4.0846457,2.7561174 4.7513847 4.0134308,
  2.8228497 4.2445024 4.0134308,2.8966686 4.2642821 4.1457992,
  3.0245267 4.2985416 4.2222222,3.018499 3.7721633 4.0134308,
  3.0846832 3.8103748 4.1457992,3.1993176 3.876559 4.2222222,
  3.329732 3.3665566 4.0134308,3.3837712 3.4205958 4.1457992,
  3.4773698 3.5141944 4.2222222,3.7353387 3.0553236 4.0134308,
  3.7735502 3.1215078 4.1457992,3.8397344 3.2361422 4.2222222,
  4.2076778 2.8596743 4.0134308,4.2274575 2.9334932 4.1457992,
  4.261717 3.0613513 4.2222222,4.7145601 2.792942 4.0134308,
  4.7145601 2.869365 4.1457992,4.7145601 3.0017334 4.2222222,
  5.2214423 2.8596743 4.0134308,5.2016626 2.9334932 4.1457992,
  5.1674031 3.0613513 4.2222222,5.6937814 3.0553236 4.0134308,
  5.6555699 3.1215078 4.1457992,5.5893857 3.2361422 4.2222222,
  6.0993882 3.3665566 4.0134308,6.045349 3.4205958 4.1457992,
  5.9517504 3.5141944 4.2222222,6.4106212 3.7721633 4.0134308,
  6.344437 3.8103748 4.1457992,6.2298025 3.876559 4.2222222,
  6.6062704 4.2445024 4.0134308,6.5324515 4.2642821 4.1457992,
  6.4045934 4.2985416 4.2222222,6.6730027 4.7513847 4.0134308,
  6.5965798 4.7513847 4.1457992,6.4642114 4.7513847 4.2222222,
  6.6062704 5.2582669 4.0134308,6.5324515 5.2384872 4.1457992,
  6.4045934 5.2042278 4.2222222,6.4106212 5.730606 4.0134308,
  6.344437 5.6923945 4.1457992,6.2298025 5.6262103 4.2222222,
  6.0993882 6.1362128 4.0134308,6.045349 6.0821736 4.1457992,
  5.9517504 5.988575 4.2222222,5.6937814 6.4474458 4.0134308,
  5.6555699 6.3812616 4.1457992,5.5893857 6.2666271 4.2222222,
  5.2214423 6.643095 4.0134308,5.2016626 6.5692761 4.1457992,
  5.1674031 6.441418 4.2222222,4.7145601 6.7098273 4.0134308,
  4.7145601 6.6334044 4.1457992,4.7145601 6.501036 4.2222222,
  4.2076778 6.643095 4.0134308,4.2274575 6.5692761 4.1457992,
  4.261717 6.441418 4.2222222,3.7353387 6.4474458 4.0134308,
  3.7735502 6.3812616 4.1457992,3.8397344 6.2666271 4.2222222,
  3.329732 6.1362128 4.0134308,3.3837712 6.0821736 4.1457992,
  3.4773698 5.988575 4.2222222,3.018499 5.730606 4.0134308,
  3.0846832 5.6923945 4.1457992,3.1993176 5.6262103 4.2222222,
  2.8228497 5.2582669 4.0134308,2.8966686 5.2384872 4.1457992,
  3.0245267 5.2042278 4.2222222] }
 coordIndex [
  60,28,29,-1,60,29,30,-1,60,30,31,-1,61,26,27,-1,61,27,28,-1,61,28,60,-1,62,23,24,-1,62,24,25,-1,
  62,26,61,-1,62,25,26,-1,63,31,32,-1,63,60,31,-1,64,61,60,-1,64,60,63,-1,65,22,23,-1,65,61,64,-1,
  65,62,61,-1,65,23,62,-1,66,32,33,-1,66,63,32,-1,67,63,66,-1,67,64,63,-1,68,22,65,-1,68,65,64,-1,
  68,21,22,-1,68,64,67,-1,69,33,34,-1,69,66,33,-1,70,67,66,-1,70,66,69,-1,71,20,21,-1,71,67,70,-1,
  71,21,68,-1,71,68,67,-1,72,34,35,-1,72,70,69,-1,72,69,34,-1,73,70,72,-1,74,19,20,-1,74,71,70,-1,
  74,20,71,-1,74,70,73,-1,75,72,35,-1,75,35,36,-1,76,74,73,-1,76,73,72,-1,76,72,75,-1,77,17,18,-1,
  77,18,19,-1,77,19,74,-1,77,74,76,-1,78,36,37,-1,78,75,36,-1,78,76,75,-1,79,76,78,-1,80,16,17,-1,
  80,77,76,-1,80,76,79,-1,80,17,77,-1,81,37,38,-1,81,78,37,-1,82,78,81,-1,82,79,78,-1,83,80,79,-1,
  83,16,80,-1,83,79,82,-1,84,38,39,-1,84,81,38,-1,85,82,81,-1,85,83,82,-1,85,81,84,-1,86,14,15,-1,
  86,15,16,-1,86,16,83,-1,86,83,85,-1,87,39,40,-1,87,40,41,-1,87,84,39,-1,88,85,84,-1,88,84,87,-1,
  89,85,88,-1,89,14,86,-1,89,86,85,-1,90,87,41,-1,91,87,90,-1,91,88,87,-1,92,14,89,-1,92,88,91,-1,
  92,89,88,-1,92,13,14,-1,93,90,41,-1,93,41,42,-1,94,91,90,-1,94,90,93,-1,95,92,91,-1,95,12,13,-1,
  95,13,92,-1,95,91,94,-1,96,93,42,-1,96,94,93,-1,96,42,43,-1,96,43,44,-1,97,94,96,-1,98,11,12,-1,
  98,12,95,-1,98,95,94,-1,98,94,97,-1,99,96,44,-1,99,44,45,-1,100,97,96,-1,100,96,99,-1,101,10,11,-1,
  101,97,100,-1,101,11,98,-1,101,98,97,-1,102,99,45,-1,103,100,99,-1,103,99,102,-1,104,9,10,-1,104,10,101,-1,
  104,100,103,-1,104,101,100,-1,105,102,45,-1,105,45,46,-1,106,102,105,-1,106,103,102,-1,106,104,103,-1,107,8,9,-1,
  107,9,104,-1,107,104,106,-1,108,46,47,-1,108,105,46,-1,108,106,105,-1,109,106,108,-1,110,7,8,-1,110,8,107,-1,
  110,107,106,-1,110,106,109,-1,111,47,48,-1,111,108,47,-1,112,109,108,-1,112,108,111,-1,113,5,6,-1,113,6,7,-1,
  113,7,110,-1,113,110,109,-1,113,109,112,-1,114,48,49,-1,114,111,48,-1,114,112,111,-1,115,112,114,-1,116,5,113,-1,
  116,113,112,-1,116,112,115,-1,117,49,50,-1,117,114,49,-1,118,115,114,-1,118,114,117,-1,119,4,5,-1,119,5,116,-1,
  119,116,115,-1,119,115,118,-1,120,50,51,-1,120,117,50,-1,121,118,117,-1,121,117,120,-1,122,3,4,-1,122,4,119,-1,
  122,119,118,-1,122,118,121,-1,123,51,52,-1,123,120,51,-1,124,121,120,-1,124,120,123,-1,125,2,3,-1,125,122,121,-1,
  125,121,124,-1,125,3,122,-1,126,123,52,-1,126,52,53,-1,126,53,54,-1,126,59,58,-1,126,54,59,-1,127,124,123,-1,
  127,123,126,-1,127,126,58,-1,127,57,56,-1,127,58,57,-1,128,0,1,-1,128,1,2,-1,128,125,124,-1,128,127,56,-1,
  128,55,0,-1,128,56,55,-1,128,124,127,-1,128,2,125,-1]
  normalPerVertex TRUE
  normal DEF NORM_31 Normal { vector [
  -0.13050692 0.017181563 0.99129851,-0.12607862 0.033782664 0.99144486,
  -0.1159869 0.060152645 0.99142761,-0.096466088 0.088122611 0.99142761,
  -0.070371276 0.11008717 0.99142761,-0.033782664 0.12607862 0.99144486,
  0 0.13052619 0.99144486,0.028083375 0.12760339 0.99142761,
  0.060152645 0.1159869 0.99142761,0.088122611 0.096466088 0.99142761,
  0.11008717 0.070371276 0.99142761,0.12454946 0.039480777 0.99142761,
  0.13052392 0.0058997294 0.99142761,0.12760339 -0.028083375 0.99142761,
  0.113039 -0.065263096 0.99144486,0.092295956 -0.092295956 0.99144486,
  0.065263096 -0.113039 0.99144486,0.028083375 -0.12760339 0.99142761,
  0 -0.13052619 0.99144486,-0.028083375 -0.12760339 0.99142761,
  -0.060152645 -0.1159869 0.99142761,-0.088122611 -0.096466088 0.99142761,
  -0.11008717 -0.070371276 0.99142761,-0.12454946 -0.039480777 0.99142761,
  -0.13050692 -0.017181563 0.99129851,-0.25866892 -0.03405441 0.96536557,
  -0.49854218 -0.076307213 0.86350038,-0.70406259 -0.092691599 0.70406259,
  -0.85942887 -0.12319101 0.49619149,-0.95820914 -0.12615063 0.25675137,
  -0.9831056 -0.12942831 0.12942831,-0.94555129 -0.29820737 0.13040366,
  -0.83615067 -0.53277289 0.13040366,-0.66976775 -0.73103081 0.13040366,
  -0.45774127 -0.87947019 0.13040366,-0.21452048 -0.96797513 0.13040366,
  0.043319522 -0.99051416 0.13040366,0.29820737 -0.94555129 0.13040366,
  0.53277289 -0.83615067 0.13040366,0.73103081 -0.66976775 0.13040366,
  0.85861644 -0.49572243 0.13052619,0.9576622 -0.25660481 0.13052619,
  0.99051416 0.043319522 0.13040366,0.9576622 0.25660481 0.13052619,
  0.87947019 0.45774127 0.13040366,0.70105738 0.70105738 0.13052619,
  0.45774127 0.87947019 0.13040366,0.21452048 0.96797513 0.13040366,
  -0.043319522 0.99051416 0.13040366,-0.29820737 0.94555129 0.13040366,
  -0.53277289 0.83615067 0.13040366,-0.73103081 0.66976775 0.13040366,
  -0.87947019 0.45774127 0.13040366,-0.9576622 0.25660481 0.13052619,
  -0.9831056 0.12942831 0.12942831,-0.25866892 0.03405441 0.96536557,
  -0.49854218 0.076307213 0.86350038,-0.70406259 0.092691599 0.70406259,
  -0.85942887 0.12319101 0.49619149,-0.95820914 0.12615063 0.25675137,
  -0.89279017 -0.2399905 0.38122208,-0.65532055 -0.17715861 0.73428183,
  -0.3435289 -0.088356057 0.93497652,-0.79556552 -0.47071037 0.38145414,
  -0.62036386 -0.34666515 0.70354243,-0.3429431 -0.17765838 0.92240313,
  -0.64662847 -0.66057881 0.38145414,-0.50950193 -0.4954148 0.70354243,
  -0.28527622 -0.26036503 0.92240313,-0.48540626 -0.80239115 0.34720197,
  -0.36092352 -0.64319307 0.67530503,-0.20816824 -0.32532822 0.92240313,
  -0.2487626 -0.88064761 0.40320833,-0.1830127 -0.6830127 0.70710678,
  -0.10715729 -0.39415531 0.91277539,-0.019178572 -0.93759425 0.34720197,
  0 -0.71238108 0.70179285,0 -0.32270957 0.94649803,
  0.22488908 -0.8870445 0.40320833,0.18592615 -0.64429754 0.74183026,
  0.086415324 -0.37630545 0.92245683,0.47071037 -0.79556552 0.38145414,
  0.35136618 -0.65723128 0.66677496,0.21649627 -0.37498255 0.9013975,
  0.66057881 -0.64662847 0.38145414,0.47120267 -0.49636113 0.72910471,
  0.22819013 -0.22819013 0.94649803,0.82006444 -0.44760447 0.35657336,
  0.61040275 -0.36391829 0.70354243,0.35026642 -0.22253102 0.90983151,
  0.88698907 -0.20868328 0.41194863,0.68379277 -0.19353422 0.70354243,
  0.36812084 -0.11687394 0.92240313,0.93759425 -0.019178572 0.34720197,
  0.7374833 0.0090275976 0.67530503,0.38582662 -0.017614874 0.92240313,
  0.89312679 0.2393126 0.38085958,0.64429754 0.18592615 0.74183026,
  0.37723897 0.082844616 0.92240313,0.77994338 0.49638565 0.38116876,
  0.62036386 0.34666515 0.70354243,0.3429431 0.17765838 0.92240313,
  0.62421956 0.66381343 0.41194863,0.54389641 0.50949764 0.66677496,
  0.28987859 0.28776986 0.91277539,0.48540626 0.80239115 0.34720197,
  0.35619054 0.61694011 0.70179285,0.17647537 0.3008252 0.93720897,
  0.2487626 0.88064761 0.40320833,0.161132 0.65094112 0.74183026,
  0.11687394 0.36812084 0.92240313,0.019178572 0.93759425 0.34720197,
  -0.0090275976 0.7374833 0.67530503,0.014284047 0.36218984 0.9319949,
  -0.22488908 0.8870445 0.40320833,-0.18592615 0.64429754 0.74183026,
  -0.090322565 0.40502896 0.90983151,-0.47071037 0.79556552 0.38145414,
  -0.34666515 0.62036386 0.70354243,-0.17765838 0.3429431 0.92240313,
  -0.66057881 0.64662847 0.38145414,-0.4954148 0.50950193 0.70354243,
  -0.26036503 0.28527622 0.92240313,-0.8054299 0.45362476 0.38145414,
  -0.61040275 0.36391829 0.70354243,-0.32532822 0.20816824 0.92240313,
  -0.91513646 0.2359232 0.3269029,-0.71232464 0.20253741 0.67199122,
  -0.34963704 0.10590521 0.93088024] }
}
}
DEF SHAPE_32 Shape {
 appearance USE APP_3
 geometry DEF FACE_32 IndexedFaceSet {
  coord DEF COORD_32 Coordinate { point [
  6.683064 4.7513847 3.9370079,6.6159889 5.260871 3.9370079,
  6.4193345 5.7356366 3.9370079,6.1065026 6.1433272 3.9370079,
  5.698812 6.4561591 3.9370079,5.2240464 6.6528135 3.9370079,
  4.7145601 6.7198886 3.9370079,4.2050738 6.6528135 3.9370079,
  3.7303081 6.4561591 3.9370079,3.3226176 6.1433272 3.9370079,
  3.0097857 5.7356366 3.9370079,2.8131313 5.260871 3.9370079,
  2.7460561 4.7513847 3.9370079,6.683064 4.7513847 0.68897638,
  6.6159889 5.260871 0.68897638,6.4193345 5.7356366 0.68897638,
  6.1065026 6.1433272 0.68897638,5.698812 6.4561591 0.68897638,
  5.2240464 6.6528135 0.68897638,4.7145601 6.7198886 0.68897638,
  4.2050738 6.6528135 0.68897638,3.7303081 6.4561591 0.68897638,
  3.3226176 6.1433272 0.68897638,3.0097857 5.7356366 0.68897638,
  2.8131313 5.260871 0.68897638,2.7460561 4.7513847 0.68897638,
  2.8131313 4.2418984 0.68897638,3.0097857 3.7671327 0.68897638,
  3.3226176 3.3594422 0.68897638,3.7303081 3.0466103 0.68897638,
  4.2050738 2.8499559 0.68897638,4.7145601 2.7828807 0.68897638,
  5.2240464 2.8499559 0.68897638,5.698812 3.0466103 0.68897638,
  6.1065026 3.3594422 0.68897638,6.4193345 3.7671327 0.68897638,
  6.6159889 4.2418984 0.68897638,6.683064 4.7513847 0.68897638,
  6.683064 4.7513847 3.9370079,2.8131313 4.2418984 3.9370079,
  3.0097857 3.7671327 3.9370079,3.3226176 3.3594422 3.9370079,
  3.7303081 3.0466103 3.9370079,4.2050738 2.8499559 3.9370079,
  4.7145601 2.7828807 3.9370079,5.2240464 2.8499559 3.9370079,
  5.698812 3.0466103 3.9370079,6.1065026 3.3594422 3.9370079,
  6.4193345 3.7671327 3.9370079,6.6159889 4.2418984 3.9370079] }
 coordIndex [
  1,0,13,-1,1,13,14,-1,2,14,15,-1,2,15,16,-1,2,1,14,-1,3,2,16,-1,4,16,17,-1,4,17,18,-1,
  4,3,16,-1,5,4,18,-1,6,18,19,-1,6,5,18,-1,7,19,20,-1,7,6,19,-1,8,20,21,-1,8,7,20,-1,
  9,21,22,-1,9,8,21,-1,10,22,23,-1,10,9,22,-1,11,23,24,-1,11,10,23,-1,12,11,24,-1,12,24,25,-1,
  12,25,26,-1,39,12,26,-1,40,39,26,-1,40,26,27,-1,40,27,28,-1,41,40,28,-1,41,28,29,-1,42,41,29,-1,
  43,42,29,-1,43,29,30,-1,43,30,31,-1,44,43,31,-1,44,31,32,-1,45,44,32,-1,45,32,33,-1,46,33,34,-1,
  46,45,33,-1,47,46,34,-1,48,34,35,-1,48,47,34,-1,49,35,36,-1,49,36,37,-1,49,48,35,-1,38,49,37,-1]
  normalPerVertex TRUE
  normal DEF NORM_32 Normal { vector [
  0.99144486 0.13052619 0,0.9763442 0.21622209 0,
  0.8660254 0.5 0,0.70710678 0.70710678 0,
  0.5 0.8660254 0,0.25881905 0.96592583 0,
  0.04384197 0.99903848 0,-0.21622209 0.9763442 0,
  -0.46155098 0.88711369 0,-0.67542593 0.73742784 0,
  -0.84327172 0.5374875 0,-0.95364993 0.30091828 0,
  -1 0 0,0.99144486 0.13052619 0,
  0.95364993 0.30091828 0,0.8660254 0.5 0,
  0.70710678 0.70710678 0,0.5 0.8660254 0,
  0.25881905 0.96592583 0,-0.04384197 0.99903848 0,
  -0.30091828 0.95364993 0,-0.5374875 0.84327172 0,
  -0.73742784 0.67542593 0,-0.88711369 0.46155098 0,
  -0.9763442 0.21622209 0,-1 0 0,
  -0.96592583 -0.25881905 0,-0.8660254 -0.5 0,
  -0.73742784 -0.67542593 0,-0.5 -0.8660254 0,
  -0.25881905 -0.96592583 0,-0.04384197 -0.99903848 0,
  0.21622209 -0.9763442 0,0.46155098 -0.88711369 0,
  0.70710678 -0.70710678 0,0.88711369 -0.46155098 0,
  0.96592583 -0.25881905 0,0.99144486 -0.13052619 0,
  0.99144486 -0.13052619 0,-0.96592583 -0.25881905 0,
  -0.8660254 -0.5 0,-0.67542593 -0.73742784 0,
  -0.5 -0.8660254 0,-0.25881905 -0.96592583 0,
  0.04384197 -0.99903848 0,0.30091828 -0.95364993 0,
  0.5374875 -0.84327172 0,0.70710678 -0.70710678 0,
  0.84327172 -0.5374875 0,0.96592583 -0.25881905 0] }
}
}
DEF SHAPE_33 Shape {
 appearance USE APP_3
 geometry DEF FACE_33 IndexedFaceSet {
  coord DEF COORD_33 Coordinate { point [
  3.0413317 4.7513847 4.2322835,3.0983456 5.184448 4.2322835,
  3.2655018 5.5879988 4.2322835,3.531409 5.9345358 4.2322835,
  3.8779459 6.2004429 4.2322835,4.2814967 6.3675991 4.2322835,
  4.7145601 6.424613 4.2322835,5.1476234 6.3675991 4.2322835,
  5.5511742 6.2004429 4.2322835,5.8977112 5.9345358 4.2322835,
  6.1636183 5.5879988 4.2322835,6.3307745 5.184448 4.2322835,
  6.3877884 4.7513847 4.2322835,6.3307745 4.3183213 4.2322835,
  6.1636183 3.9147705 4.2322835,5.8977112 3.5682336 4.2322835,
  5.5511742 3.3023264 4.2322835,5.1476234 3.1351702 4.2322835,
  4.7145601 3.0781563 4.2322835,4.2814967 3.1351702 4.2322835,
  3.8779459 3.3023264 4.2322835,3.531409 3.5682336 4.2322835,
  3.2655018 3.9147705 4.2322835,3.0983456 4.3183213 4.2322835] }
 coordIndex [
  11,9,8,-1,11,10,9,-1,6,8,7,-1,14,12,11,-1,14,13,12,-1,2,4,3,-1,2,5,4,-1,0,2,1,-1,
  0,5,2,-1,19,18,17,-1,22,6,5,-1,22,15,14,-1,22,16,15,-1,22,17,16,-1,22,20,19,-1,22,0,23,-1,
  22,11,8,-1,22,8,6,-1,22,14,11,-1,22,5,0,-1,22,19,17,-1,21,20,22,-1]
  normalPerVertex TRUE
  normal DEF NORM_33 Normal { vector [
  0 0 1,0 0 1,
  0 0 1,0 0 1,
  0 0 1,0 0 1,
  0 0 1,0 0 1,
  0 0 1,0 0 1,
  0 0 1,0 0 1,
  0 0 1,0 0 1,
  0 0 1,0 0 1,
  0 0 1,0 0 1,
  0 0 1,0 0 1,
  0 0 1,0 0 1,
  0 0 1,0 0 1] }
}
}
DEF SHAPE_34 Shape {
 appearance USE APP_3
 geometry DEF FACE_34 IndexedFaceSet {
  coord DEF COORD_34 Coordinate { point [
  6.683064 4.7513847 0.68897638,6.6159889 5.260871 0.68897638,
  6.4193345 5.7356366 0.68897638,6.1065026 6.1433272 0.68897638,
  5.698812 6.4561591 0.68897638,5.2240464 6.6528135 0.68897638,
  4.7145601 6.7198886 0.68897638,4.2050738 6.6528135 0.68897638,
  3.7303081 6.4561591 0.68897638,3.3226176 6.1433272 0.68897638,
  3.0097857 5.7356366 0.68897638,2.8131313 5.260871 0.68897638,
  2.7460561 4.7513847 0.68897638,2.8131313 4.2418984 0.68897638,
  3.0097857 3.7671327 0.68897638,3.3226176 3.3594422 0.68897638,
  3.7303081 3.0466103 0.68897638,4.2050738 2.8499559 0.68897638,
  4.7145601 2.7828807 0.68897638,5.2240464 2.8499559 0.68897638,
  5.698812 3.0466103 0.68897638,6.1065026 3.3594422 0.68897638,
  6.4193345 3.7671327 0.68897638,6.6159889 4.2418984 0.68897638] }
 coordIndex [
  5,3,2,-1,5,4,3,-1,23,1,0,-1,22,2,1,-1,22,6,5,-1,22,7,6,-1,22,8,7,-1,22,5,2,-1,
  22,1,23,-1,10,9,8,-1,20,22,21,-1,14,11,10,-1,14,12,11,-1,14,13,12,-1,14,19,18,-1,14,20,19,-1,
  14,8,22,-1,14,10,8,-1,14,22,20,-1,15,17,16,-1,15,18,17,-1,15,14,18,-1]
  normalPerVertex TRUE
  normal DEF NORM_34 Normal { vector [
  0 0 -1,0 0 -1,
  0 0 -1,0 0 -1,
  0 0 -1,0 0 -1,
  0 0 -1,0 0 -1,
  0 0 -1,0 0 -1,
  0 0 -1,0 0 -1,
  0 0 -1,0 0 -1,
  0 0 -1,0 0 -1,
  0 0 -1,0 0 -1,
  0 0 -1,0 0 -1,
  0 0 -1,0 0 -1,
  0 0 -1,0 0 -1] }
}
}
] }
DEF TXFM_10 Transform {
  center 0 0 0
  rotation 0 0 1 0
  scale 1 1 1
  scaleOrientation 0 0 1 0
  translation 0 0 0
 children [
DEF SHAPE_35 Shape {
 appearance USE APP_3
 geometry DEF FACE_35 IndexedFaceSet {
  coord DEF COORD_35 Coordinate { point [
  22.75588 9.3805336 4.2322835,22.812894 9.8135969 4.2322835,
  22.98005 10.217148 4.2322835,23.245957 10.563685 4.2322835,
  23.592494 10.829592 4.2322835,23.996045 10.996748 4.2322835,
  24.429108 11.053762 4.2322835,24.862171 10.996748 4.2322835,
  25.265722 10.829592 4.2322835,25.612259 10.563685 4.2322835,
  25.878166 10.217148 4.2322835,26.045323 9.8135969 4.2322835,
  26.102336 9.3805336 4.2322835,26.045323 8.9474702 4.2322835,
  25.878166 8.5439194 4.2322835,25.612259 8.1973824 4.2322835,
  25.265722 7.9314753 4.2322835,24.862171 7.7643191 4.2322835,
  24.429108 7.7073052 4.2322835,23.996045 7.7643191 4.2322835,
  23.592494 7.9314753 4.2322835,23.245957 8.1973824 4.2322835,
  22.98005 8.5439194 4.2322835,22.812894 8.9474702 4.2322835,
  22.75588 9.3805336 4.2322835,22.679457 9.3805336 4.2222222,
  22.608242 9.3805336 4.192724,22.547088 9.3805336 4.1457992,
  22.500164 9.3805336 4.0846457,22.470665 9.3805336 4.0134308,
  22.460604 9.3805336 3.9370079,22.527679 8.8710472 3.9370079,
  22.724334 8.3962816 3.9370079,23.037166 7.9885911 3.9370079,
  23.444856 7.6757591 3.9370079,23.919622 7.4791048 3.9370079,
  24.429108 7.4120296 3.9370079,24.938594 7.4791048 3.9370079,
  25.41336 7.6757591 3.9370079,25.821051 7.9885911 3.9370079,
  26.133883 8.3962816 3.9370079,26.330537 8.8710472 3.9370079,
  26.397612 9.3805336 3.9370079,26.330537 9.8900199 3.9370079,
  26.133883 10.364786 3.9370079,25.821051 10.772476 3.9370079,
  25.41336 11.085308 3.9370079,24.938594 11.281962 3.9370079,
  24.429108 11.349037 3.9370079,23.919622 11.281962 3.9370079,
  23.444856 11.085308 3.9370079,23.037166 10.772476 3.9370079,
  22.724334 10.364786 3.9370079,22.527679 9.8900199 3.9370079,
  22.460604 9.3805336 3.9370079,22.679457 9.3805336 4.2222222,
  22.608242 9.3805336 4.192724,22.547088 9.3805336 4.1457992,
  22.500164 9.3805336 4.0846457,22.470665 9.3805336 4.0134308,
  22.537398 8.8736513 4.0134308,22.611217 8.893431 4.1457992,
  22.739075 8.9276905 4.2222222,22.733047 8.4013122 4.0134308,
  22.799231 8.4395237 4.1457992,22.913866 8.5057079 4.2222222,
  23.04428 7.9957055 4.0134308,23.098319 8.0497446 4.1457992,
  23.191918 8.1433433 4.2222222,23.449887 7.6844725 4.0134308,
  23.488098 7.7506567 4.1457992,23.554282 7.8652911 4.2222222,
  23.922226 7.4888232 4.0134308,23.942006 7.5626421 4.1457992,
  23.976265 7.6905002 4.2222222,24.429108 7.4220909 4.0134308,
  24.429108 7.4985138 4.1457992,24.429108 7.6308823 4.2222222,
  24.93599 7.4888232 4.0134308,24.916211 7.5626421 4.1457992,
  24.881951 7.6905002 4.2222222,25.408329 7.6844725 4.0134308,
  25.370118 7.7506567 4.1457992,25.303934 7.8652911 4.2222222,
  25.813936 7.9957055 4.0134308,25.759897 8.0497446 4.1457992,
  25.666298 8.1433433 4.2222222,26.125169 8.4013122 4.0134308,
  26.058985 8.4395237 4.1457992,25.944351 8.5057079 4.2222222,
  26.320818 8.8736513 4.0134308,26.247 8.893431 4.1457992,
  26.119141 8.9276905 4.2222222,26.387551 9.3805336 4.0134308,
  26.311128 9.3805336 4.1457992,26.178759 9.3805336 4.2222222,
  26.320818 9.8874158 4.0134308,26.247 9.8676361 4.1457992,
  26.119141 9.8333766 4.2222222,26.125169 10.359755 4.0134308,
  26.058985 10.321543 4.1457992,25.944351 10.255359 4.2222222,
  25.813936 10.765362 4.0134308,25.759897 10.711322 4.1457992,
  25.666298 10.617724 4.2222222,25.408329 11.076595 4.0134308,
  25.370118 11.01041 4.1457992,25.303934 10.895776 4.2222222,
  24.93599 11.272244 4.0134308,24.916211 11.198425 4.1457992,
  24.881951 11.070567 4.2222222,24.429108 11.338976 4.0134308,
  24.429108 11.262553 4.1457992,24.429108 11.130185 4.2222222,
  23.922226 11.272244 4.0134308,23.942006 11.198425 4.1457992,
  23.976265 11.070567 4.2222222,23.449887 11.076595 4.0134308,
  23.488098 11.01041 4.1457992,23.554282 10.895776 4.2222222,
  23.04428 10.765362 4.0134308,23.098319 10.711322 4.1457992,
  23.191918 10.617724 4.2222222,22.733047 10.359755 4.0134308,
  22.799231 10.321543 4.1457992,22.913866 10.255359 4.2222222,
  22.537398 9.8874158 4.0134308,22.611217 9.8676361 4.1457992,
  22.739075 9.8333766 4.2222222] }
 coordIndex [
  60,28,29,-1,60,29,30,-1,60,30,31,-1,61,26,27,-1,61,27,28,-1,61,28,60,-1,62,26,61,-1,62,23,24,-1,
  62,24,25,-1,62,25,26,-1,63,31,32,-1,63,60,31,-1,64,61,60,-1,64,60,63,-1,65,22,23,-1,65,61,64,-1,
  65,23,62,-1,65,62,61,-1,66,32,33,-1,66,63,32,-1,67,63,66,-1,67,64,63,-1,68,22,65,-1,68,21,22,-1,
  68,65,64,-1,68,64,67,-1,69,33,34,-1,69,66,33,-1,70,66,69,-1,70,67,66,-1,71,20,21,-1,71,67,70,-1,
  71,21,68,-1,71,68,67,-1,72,34,35,-1,72,69,34,-1,73,70,69,-1,73,69,72,-1,74,19,20,-1,74,20,71,-1,
  74,71,70,-1,74,70,73,-1,75,72,35,-1,75,35,36,-1,76,73,72,-1,76,72,75,-1,77,18,19,-1,77,74,73,-1,
  77,19,74,-1,77,73,76,-1,78,36,37,-1,78,75,36,-1,79,75,78,-1,79,76,75,-1,80,16,17,-1,80,17,18,-1,
  80,76,79,-1,80,77,76,-1,80,18,77,-1,81,37,38,-1,81,78,37,-1,81,79,78,-1,82,79,81,-1,83,80,79,-1,
  83,16,80,-1,83,79,82,-1,84,82,81,-1,84,81,38,-1,84,38,39,-1,85,82,84,-1,86,15,16,-1,86,16,83,-1,
  86,83,82,-1,86,82,85,-1,87,39,40,-1,87,84,39,-1,87,85,84,-1,88,85,87,-1,89,85,88,-1,89,15,86,-1,
  89,14,15,-1,89,86,85,-1,90,40,41,-1,90,87,40,-1,91,87,90,-1,91,88,87,-1,92,14,89,-1,92,88,91,-1,
  92,13,14,-1,92,89,88,-1,93,90,41,-1,93,41,42,-1,94,90,93,-1,94,91,90,-1,95,92,91,-1,95,12,13,-1,
  95,13,92,-1,95,91,94,-1,96,93,42,-1,96,42,43,-1,97,94,93,-1,97,93,96,-1,97,95,94,-1,98,11,12,-1,
  98,12,95,-1,98,95,97,-1,99,96,43,-1,99,43,44,-1,100,97,96,-1,100,96,99,-1,101,10,11,-1,101,11,98,-1,
  101,97,100,-1,101,98,97,-1,102,99,44,-1,102,100,99,-1,102,44,45,-1,103,100,102,-1,103,101,100,-1,104,9,10,-1,
  104,10,101,-1,104,101,103,-1,105,102,45,-1,105,45,46,-1,105,46,47,-1,106,103,102,-1,106,104,103,-1,106,102,105,-1,
  107,7,8,-1,107,8,9,-1,107,9,104,-1,107,104,106,-1,108,105,47,-1,109,106,105,-1,109,107,106,-1,109,105,108,-1,
  110,7,107,-1,110,107,109,-1,111,47,48,-1,111,108,47,-1,112,109,108,-1,112,108,111,-1,113,6,7,-1,113,7,110,-1,
  113,110,109,-1,113,109,112,-1,114,48,49,-1,114,49,50,-1,114,111,48,-1,115,112,111,-1,115,113,112,-1,115,111,114,-1,
  116,5,6,-1,116,113,115,-1,116,6,113,-1,117,114,50,-1,118,115,114,-1,118,114,117,-1,119,4,5,-1,119,5,116,-1,
  119,116,115,-1,119,115,118,-1,120,50,51,-1,120,51,52,-1,120,117,50,-1,121,118,117,-1,121,117,120,-1,122,3,4,-1,
  122,4,119,-1,122,119,118,-1,122,118,121,-1,123,120,52,-1,124,121,120,-1,124,120,123,-1,125,2,3,-1,125,122,121,-1,
  125,121,124,-1,125,3,122,-1,126,123,52,-1,126,52,53,-1,126,53,54,-1,126,59,58,-1,126,54,59,-1,127,124,123,-1,
  127,123,126,-1,127,57,56,-1,127,58,57,-1,127,126,58,-1,128,0,1,-1,128,1,2,-1,128,125,124,-1,128,55,0,-1,
  128,56,55,-1,128,124,127,-1,128,127,56,-1,128,2,125,-1]
  normalPerVertex TRUE
  normal DEF NORM_35 Normal { vector [
  -0.13050692 0.017181563 0.99129851,-0.12607862 0.033782664 0.99144486,
  -0.1159869 0.060152645 0.99142761,-0.096466088 0.088122611 0.99142761,
  -0.070371276 0.11008717 0.99142761,-0.039480777 0.12454946 0.99142761,
  -0.0058997294 0.13052392 0.99142761,0.033782664 0.12607862 0.99144486,
  0.065263096 0.113039 0.99144486,0.088122611 0.096466088 0.99142761,
  0.11008717 0.070371276 0.99142761,0.12454946 0.039480777 0.99142761,
  0.13052392 0.0058997294 0.99142761,0.12760339 -0.028083375 0.99142761,
  0.1159869 -0.060152645 0.99142761,0.096466088 -0.088122611 0.99142761,
  0.065263096 -0.113039 0.99144486,0.033782664 -0.12607862 0.99144486,
  0.0058997294 -0.13052392 0.99142761,-0.028083375 -0.12760339 0.99142761,
  -0.060152645 -0.1159869 0.99142761,-0.088122611 -0.096466088 0.99142761,
  -0.11008717 -0.070371276 0.99142761,-0.12454946 -0.039480777 0.99142761,
  -0.13050692 -0.017181563 0.99129851,-0.25866892 -0.03405441 0.96536557,
  -0.49854218 -0.076307213 0.86350038,-0.70406259 -0.092691599 0.70406259,
  -0.85942887 -0.12319101 0.49619149,-0.95820914 -0.12615063 0.25675137,
  -0.9831056 -0.12942831 0.12942831,-0.94555129 -0.29820737 0.13040366,
  -0.83615067 -0.53277289 0.13040366,-0.66976775 -0.73103081 0.13040366,
  -0.45774127 -0.87947019 0.13040366,-0.21452048 -0.96797513 0.13040366,
  0.043319522 -0.99051416 0.13040366,0.29820737 -0.94555129 0.13040366,
  0.53277289 -0.83615067 0.13040366,0.73103081 -0.66976775 0.13040366,
  0.87947019 -0.45774127 0.13040366,0.96797513 -0.21452048 0.13040366,
  0.99051416 0.043319522 0.13040366,0.94555129 0.29820737 0.13040366,
  0.83615067 0.53277289 0.13040366,0.66976775 0.73103081 0.13040366,
  0.49572243 0.85861644 0.13052619,0.25660481 0.9576622 0.13052619,
  -0.043319522 0.99051416 0.13040366,-0.25660481 0.9576622 0.13052619,
  -0.49572243 0.85861644 0.13052619,-0.70105738 0.70105738 0.13052619,
  -0.85861644 0.49572243 0.13052619,-0.9576622 0.25660481 0.13052619,
  -0.9831056 0.12942831 0.12942831,-0.25866892 0.03405441 0.96536557,
  -0.49854218 0.076307213 0.86350038,-0.70406259 0.092691599 0.70406259,
  -0.85942887 0.12319101 0.49619149,-0.95820914 0.12615063 0.25675137,
  -0.89279017 -0.2399905 0.38122208,-0.65532055 -0.17715861 0.73428183,
  -0.3435289 -0.088356057 0.93497652,-0.79556552 -0.47071037 0.38145414,
  -0.62036386 -0.34666515 0.70354243,-0.3429431 -0.17765838 0.92240313,
  -0.64662847 -0.66057881 0.38145414,-0.50950193 -0.4954148 0.70354243,
  -0.28527622 -0.26036503 0.92240313,-0.45362476 -0.8054299 0.38145414,
  -0.36391829 -0.61040275 0.70354243,-0.20816824 -0.32532822 0.92240313,
  -0.22970728 -0.89539227 0.38145414,-0.19353422 -0.68379277 0.70354243,
  -0.11687394 -0.36812084 0.92240313,0.0098643794 -0.92433513 0.38145414,
  -0.0099611086 -0.71058344 0.70354243,-0.017614874 -0.38582662 0.92240313,
  0.22414217 -0.91061028 0.34720197,0.19959471 -0.71001765 0.67530503,
  0.079944299 -0.3535455 0.9319949,0.42725795 -0.81985427 0.38116876,
  0.3821305 -0.59952994 0.70323547,0.19207411 -0.36785073 0.90983151,
  0.62489339 -0.68133592 0.38116876,0.52427949 -0.4801988 0.70323547,
  0.26036503 -0.28527622 0.92240313,0.78625577 -0.46821459 0.40320833,
  0.58705681 -0.32411752 0.74183026,0.32532822 -0.20816824 0.92240313,
  0.89539227 -0.22970728 0.38145414,0.68379277 -0.19353422 0.70354243,
  0.36812084 -0.11687394 0.92240313,0.92433513 0.0098643794 0.38145414,
  0.74486208 -0.024323601 0.66677496,0.40845914 -0.0014910952 0.91277539,
  0.89028609 0.24876379 0.38145414,0.66546268 0.15989291 0.72910471,
  0.33750247 0.08792861 0.93720897,0.82156972 0.45218799 0.34720197,
  0.66573491 0.38436223 0.6395801,0.35448154 0.20293824 0.91277539,
  0.65575853 0.6382819 0.40320833,0.48316555 0.46501496 0.74183026,
  0.26299059 0.28268242 0.92245683,0.44760447 0.82006444 0.35657336,
  0.3821305 0.59952994 0.70323547,0.16872457 0.32080763 0.9319949,
  0.20868328 0.88698907 0.41194863,0.19426002 0.65625405 0.72910471,
  0.099045761 0.36964381 0.92387953,-0.0098643794 0.92433513 0.38145414,
  0.024323601 0.74486208 0.66677496,0.0014910952 0.40845914 0.91277539,
  -0.26336897 0.89637728 0.35657336,-0.15989291 0.66546268 0.72910471,
  -0.08792861 0.33750247 0.93720897,-0.47963463 0.77475735 0.41194863,
  -0.34666515 0.62036386 0.70354243,-0.17765838 0.3429431 0.92240313,
  -0.67627286 0.64460101 0.35657336,-0.4954148 0.50950193 0.70354243,
  -0.26036503 0.28527622 0.92240313,-0.80275445 0.43114223 0.41194863,
  -0.61040275 0.36391829 0.70354243,-0.32532822 0.20816824 0.92240313,
  -0.91513646 0.2359232 0.3269029,-0.71232464 0.20253741 0.67199122,
  -0.34963704 0.10590521 0.93088024] }
}
}
DEF SHAPE_36 Shape {
 appearance USE APP_3
 geometry DEF FACE_36 IndexedFaceSet {
  coord DEF COORD_36 Coordinate { point [
  26.397612 9.3805336 3.9370079,26.330537 9.8900199 3.9370079,
  26.133883 10.364786 3.9370079,25.821051 10.772476 3.9370079,
  25.41336 11.085308 3.9370079,24.938594 11.281962 3.9370079,
  24.429108 11.349037 3.9370079,23.919622 11.281962 3.9370079,
  23.444856 11.085308 3.9370079,23.037166 10.772476 3.9370079,
  22.724334 10.364786 3.9370079,22.527679 9.8900199 3.9370079,
  22.460604 9.3805336 3.9370079,26.397612 9.3805336 0.68897638,
  26.330537 9.8900199 0.68897638,26.133883 10.364786 0.68897638,
  25.821051 10.772476 0.68897638,25.41336 11.085308 0.68897638,
  24.938594 11.281962 0.68897638,24.429108 11.349037 0.68897638,
  23.919622 11.281962 0.68897638,23.444856 11.085308 0.68897638,
  23.037166 10.772476 0.68897638,22.724334 10.364786 0.68897638,
  22.527679 9.8900199 0.68897638,22.460604 9.3805336 0.68897638,
  22.527679 8.8710472 0.68897638,22.724334 8.3962816 0.68897638,
  23.037166 7.9885911 0.68897638,23.444856 7.6757591 0.68897638,
  23.919622 7.4791048 0.68897638,24.429108 7.4120296 0.68897638,
  24.938594 7.4791048 0.68897638,25.41336 7.6757591 0.68897638,
  25.821051 7.9885911 0.68897638,26.133883 8.3962816 0.68897638,
  26.330537 8.8710472 0.68897638,26.397612 9.3805336 0.68897638,
  26.397612 9.3805336 3.9370079,22.527679 8.8710472 3.9370079,
  22.724334 8.3962816 3.9370079,23.037166 7.9885911 3.9370079,
  23.444856 7.6757591 3.9370079,23.919622 7.4791048 3.9370079,
  24.429108 7.4120296 3.9370079,24.938594 7.4791048 3.9370079,
  25.41336 7.6757591 3.9370079,25.821051 7.9885911 3.9370079,
  26.133883 8.3962816 3.9370079,26.330537 8.8710472 3.9370079] }
 coordIndex [
  1,0,13,-1,1,13,14,-1,2,14,15,-1,2,15,16,-1,2,1,14,-1,3,2,16,-1,4,16,17,-1,4,17,18,-1,
  4,3,16,-1,5,4,18,-1,6,18,19,-1,6,5,18,-1,7,19,20,-1,7,6,19,-1,8,20,21,-1,8,7,20,-1,
  9,21,22,-1,9,8,21,-1,10,22,23,-1,10,9,22,-1,11,23,24,-1,11,10,23,-1,12,11,24,-1,12,24,25,-1,
  12,25,26,-1,39,12,26,-1,40,39,26,-1,40,26,27,-1,40,27,28,-1,41,40,28,-1,41,28,29,-1,42,41,29,-1,
  43,42,29,-1,43,29,30,-1,43,30,31,-1,44,43,31,-1,44,31,32,-1,45,44,32,-1,45,32,33,-1,46,33,34,-1,
  46,45,33,-1,47,46,34,-1,48,34,35,-1,48,47,34,-1,49,35,36,-1,49,36,37,-1,49,48,35,-1,38,49,37,-1]
  normalPerVertex TRUE
  normal DEF NORM_36 Normal { vector [
  0.99144486 0.13052619 0,0.9763442 0.21622209 0,
  0.8660254 0.5 0,0.70710678 0.70710678 0,
  0.5 0.8660254 0,0.25881905 0.96592583 0,
  0.04384197 0.99903848 0,-0.21622209 0.9763442 0,
  -0.46155098 0.88711369 0,-0.67542593 0.73742784 0,
  -0.84327172 0.5374875 0,-0.95364993 0.30091828 0,
  -1 0 0,0.99144486 0.13052619 0,
  0.95364993 0.30091828 0,0.8660254 0.5 0,
  0.70710678 0.70710678 0,0.5 0.8660254 0,
  0.25881905 0.96592583 0,-0.04384197 0.99903848 0,
  -0.30091828 0.95364993 0,-0.5374875 0.84327172 0,
  -0.73742784 0.67542593 0,-0.88711369 0.46155098 0,
  -0.9763442 0.21622209 0,-1 0 0,
  -0.96592583 -0.25881905 0,-0.8660254 -0.5 0,
  -0.73742784 -0.67542593 0,-0.5 -0.8660254 0,
  -0.25881905 -0.96592583 0,-0.04384197 -0.99903848 0,
  0.21622209 -0.9763442 0,0.46155098 -0.88711369 0,
  0.70710678 -0.70710678 0,0.88711369 -0.46155098 0,
  0.96592583 -0.25881905 0,0.99144486 -0.13052619 0,
  0.99144486 -0.13052619 0,-0.96592583 -0.25881905 0,
  -0.8660254 -0.5 0,-0.67542593 -0.73742784 0,
  -0.5 -0.8660254 0,-0.25881905 -0.96592583 0,
  0.04384197 -0.99903848 0,0.30091828 -0.95364993 0,
  0.5374875 -0.84327172 0,0.70710678 -0.70710678 0,
  0.84327172 -0.5374875 0,0.96592583 -0.25881905 0] }
}
}
DEF SHAPE_37 Shape {
 appearance USE APP_3
 geometry DEF FACE_37 IndexedFaceSet {
  coord DEF COORD_37 Coordinate { point [
  22.75588 9.3805336 4.2322835,22.812894 9.8135969 4.2322835,
  22.98005 10.217148 4.2322835,23.245957 10.563685 4.2322835,
  23.592494 10.829592 4.2322835,23.996045 10.996748 4.2322835,
  24.429108 11.053762 4.2322835,24.862171 10.996748 4.2322835,
  25.265722 10.829592 4.2322835,25.612259 10.563685 4.2322835,
  25.878166 10.217148 4.2322835,26.045323 9.8135969 4.2322835,
  26.102336 9.3805336 4.2322835,26.045323 8.9474702 4.2322835,
  25.878166 8.5439194 4.2322835,25.612259 8.1973824 4.2322835,
  25.265722 7.9314753 4.2322835,24.862171 7.7643191 4.2322835,
  24.429108 7.7073052 4.2322835,23.996045 7.7643191 4.2322835,
  23.592494 7.9314753 4.2322835,23.245957 8.1973824 4.2322835,
  22.98005 8.5439194 4.2322835,22.812894 8.9474702 4.2322835] }
 coordIndex [
  11,9,8,-1,11,10,9,-1,6,8,7,-1,5,8,6,-1,4,8,5,-1,14,13,12,-1,2,4,3,-1,2,8,4,-1,
  0,2,1,-1,0,11,8,-1,0,8,2,-1,18,17,16,-1,23,12,11,-1,23,14,12,-1,23,11,0,-1,22,15,14,-1,
  22,14,23,-1,21,16,15,-1,21,19,18,-1,21,20,19,-1,21,18,16,-1,21,15,22,-1]
  normalPerVertex TRUE
  normal DEF NORM_37 Normal { vector [
  0 0 1,0 0 1,
  0 0 1,0 0 1,
  0 0 1,0 0 1,
  0 0 1,0 0 1,
  0 0 1,0 0 1,
  0 0 1,0 0 1,
  0 0 1,0 0 1,
  0 0 1,0 0 1,
  0 0 1,0 0 1,
  0 0 1,0 0 1,
  0 0 1,0 0 1,
  0 0 1,0 0 1] }
}
}
DEF SHAPE_38 Shape {
 appearance USE APP_3
 geometry DEF FACE_38 IndexedFaceSet {
  coord DEF COORD_38 Coordinate { point [
  26.397612 9.3805336 0.68897638,26.330537 9.8900199 0.68897638,
  26.133883 10.364786 0.68897638,25.821051 10.772476 0.68897638,
  25.41336 11.085308 0.68897638,24.938594 11.281962 0.68897638,
  24.429108 11.349037 0.68897638,23.919622 11.281962 0.68897638,
  23.444856 11.085308 0.68897638,23.037166 10.772476 0.68897638,
  22.724334 10.364786 0.68897638,22.527679 9.8900199 0.68897638,
  22.460604 9.3805336 0.68897638,22.527679 8.8710472 0.68897638,
  22.724334 8.3962816 0.68897638,23.037166 7.9885911 0.68897638,
  23.444856 7.6757591 0.68897638,23.919622 7.4791048 0.68897638,
  24.429108 7.4120296 0.68897638,24.938594 7.4791048 0.68897638,
  25.41336 7.6757591 0.68897638,25.821051 7.9885911 0.68897638,
  26.133883 8.3962816 0.68897638,26.330537 8.8710472 0.68897638] }
 coordIndex [
  5,4,3,-1,8,6,5,-1,8,7,6,-1,12,2,1,-1,12,3,2,-1,12,9,8,-1,12,10,9,-1,12,11,10,-1,
  12,8,5,-1,12,5,3,-1,18,20,19,-1,13,1,0,-1,13,0,23,-1,13,12,1,-1,15,14,13,-1,15,17,16,-1,
  15,18,17,-1,15,21,20,-1,15,22,21,-1,15,23,22,-1,15,13,23,-1,15,20,18,-1]
  normalPerVertex TRUE
  normal DEF NORM_38 Normal { vector [
  0 0 -1,0 0 -1,
  0 0 -1,0 0 -1,
  0 0 -1,0 0 -1,
  0 0 -1,0 0 -1,
  0 0 -1,0 0 -1,
  0 0 -1,0 0 -1,
  0 0 -1,0 0 -1,
  0 0 -1,0 0 -1,
  0 0 -1,0 0 -1,
  0 0 -1,0 0 -1,
  0 0 -1,0 0 -1,
  0 0 -1,0 0 -1] }
}
}
] }
DEF TXFM_11 Transform {
  center 0 0 0
  rotation 0 0 1 0
  scale 1 1 1
  scaleOrientation 0 0 1 0
  translation 0 0 0
 children [
DEF SHAPE_39 Shape {
 appearance USE APP_3
 geometry DEF FACE_39 IndexedFaceSet {
  coord DEF COORD_39 Coordinate { point [
  22.764621 4.8396113 4.2322835,22.821635 5.2726746 4.2322835,
  22.988791 5.6762254 4.2322835,23.254698 6.0227624 4.2322835,
  23.601235 6.2886695 4.2322835,24.004786 6.4558257 4.2322835,
  24.437849 6.5128396 4.2322835,24.870912 6.4558257 4.2322835,
  25.274463 6.2886695 4.2322835,25.621 6.0227624 4.2322835,
  25.886907 5.6762254 4.2322835,26.054063 5.2726746 4.2322835,
  26.111077 4.8396113 4.2322835,26.054063 4.4065479 4.2322835,
  25.886907 4.0029971 4.2322835,25.621 3.6564602 4.2322835,
  25.274463 3.390553 4.2322835,24.870912 3.2233968 4.2322835,
  24.437849 3.1663829 4.2322835,24.004786 3.2233968 4.2322835,
  23.601235 3.390553 4.2322835,23.254698 3.6564602 4.2322835,
  22.988791 4.0029971 4.2322835,22.821635 4.4065479 4.2322835,
  22.764621 4.8396113 4.2322835,22.688198 4.8396113 4.2222222,
  22.616983 4.8396113 4.192724,22.555829 4.8396113 4.1457992,
  22.508905 4.8396113 4.0846457,22.479406 4.8396113 4.0134308,
  22.469345 4.8396113 3.9370079,22.53642 4.330125 3.9370079,
  22.733075 3.8553593 3.9370079,23.045907 3.4476688 3.9370079,
  23.453597 3.1348368 3.9370079,23.928363 2.9381825 3.9370079,
  24.437849 2.8711073 3.9370079,24.947335 2.9381825 3.9370079,
  25.422101 3.1348368 3.9370079,25.829791 3.4476688 3.9370079,
  26.142623 3.8553593 3.9370079,26.339278 4.330125 3.9370079,
  26.406353 4.8396113 3.9370079,26.339278 5.3490976 3.9370079,
  26.142623 5.8238632 3.9370079,25.829791 6.2315537 3.9370079,
  25.422101 6.5443857 3.9370079,24.947335 6.7410401 3.9370079,
  24.437849 6.8081152 3.9370079,23.928363 6.7410401 3.9370079,
  23.453597 6.5443857 3.9370079,23.045907 6.2315537 3.9370079,
  22.733075 5.8238632 3.9370079,22.53642 5.3490976 3.9370079,
  22.469345 4.8396113 3.9370079,22.688198 4.8396113 4.2222222,
  22.616983 4.8396113 4.192724,22.555829 4.8396113 4.1457992,
  22.508905 4.8396113 4.0846457,22.479406 4.8396113 4.0134308,
  22.546139 4.332729 4.0134308,22.619958 4.3525087 4.1457992,
  22.747816 4.3867682 4.2222222,22.741788 3.8603899 4.0134308,
  22.807972 3.8986014 4.1457992,22.922607 3.9647856 4.2222222,
  23.053021 3.4547832 4.0134308,23.10706 3.5088224 4.1457992,
  23.200659 3.602421 4.2222222,23.458628 3.1435502 4.0134308,
  23.496839 3.2097344 4.1457992,23.563023 3.3243688 4.2222222,
  23.930967 2.9479009 4.0134308,23.950746 3.0217198 4.1457992,
  23.985006 3.1495779 4.2222222,24.437849 2.8811686 4.0134308,
  24.437849 2.9575915 4.1457992,24.437849 3.08996 4.2222222,
  24.944731 2.9479009 4.0134308,24.924952 3.0217198 4.1457992,
  24.890692 3.1495779 4.2222222,25.41707 3.1435502 4.0134308,
  25.378859 3.2097344 4.1457992,25.312675 3.3243688 4.2222222,
  25.822677 3.4547832 4.0134308,25.768638 3.5088224 4.1457992,
  25.675039 3.602421 4.2222222,26.13391 3.8603899 4.0134308,
  26.067726 3.8986014 4.1457992,25.953091 3.9647856 4.2222222,
  26.329559 4.332729 4.0134308,26.25574 4.3525087 4.1457992,
  26.127882 4.3867682 4.2222222,26.396292 4.8396113 4.0134308,
  26.319869 4.8396113 4.1457992,26.1875 4.8396113 4.2222222,
  26.329559 5.3464935 4.0134308,26.25574 5.3267138 4.1457992,
  26.127882 5.2924543 4.2222222,26.13391 5.8188326 4.0134308,
  26.067726 5.7806211 4.1457992,25.953091 5.7144369 4.2222222,
  25.822677 6.2244394 4.0134308,25.768638 6.1704002 4.1457992,
  25.675039 6.0768016 4.2222222,25.41707 6.5356724 4.0134308,
  25.378859 6.4694882 4.1457992,25.312675 6.3548537 4.2222222,
  24.944731 6.7313216 4.0134308,24.924952 6.6575027 4.1457992,
  24.890692 6.5296446 4.2222222,24.437849 6.7980539 4.0134308,
  24.437849 6.721631 4.1457992,24.437849 6.5892626 4.2222222,
  23.930967 6.7313216 4.0134308,23.950746 6.6575027 4.1457992,
  23.985006 6.5296446 4.2222222,23.458628 6.5356724 4.0134308,
  23.496839 6.4694882 4.1457992,23.563023 6.3548537 4.2222222,
  23.053021 6.2244394 4.0134308,23.10706 6.1704002 4.1457992,
  23.200659 6.0768016 4.2222222,22.741788 5.8188326 4.0134308,
  22.807972 5.7806211 4.1457992,22.922607 5.7144369 4.2222222,
  22.546139 5.3464935 4.0134308,22.619958 5.3267138 4.1457992,
  22.747816 5.2924543 4.2222222] }
 coordIndex [
  60,28,29,-1,60,29,30,-1,60,30,31,-1,61,26,27,-1,61,27,28,-1,61,28,60,-1,62,26,61,-1,62,23,24,-1,
  62,24,25,-1,62,25,26,-1,63,31,32,-1,63,60,31,-1,64,61,60,-1,64,60,63,-1,65,22,23,-1,65,61,64,-1,
  65,23,62,-1,65,62,61,-1,66,32,33,-1,66,63,32,-1,67,63,66,-1,67,64,63,-1,68,22,65,-1,68,21,22,-1,
  68,65,64,-1,68,64,67,-1,69,33,34,-1,69,66,33,-1,70,66,69,-1,70,67,66,-1,71,20,21,-1,71,67,70,-1,
  71,21,68,-1,71,68,67,-1,72,34,35,-1,72,69,34,-1,73,70,69,-1,73,69,72,-1,74,19,20,-1,74,20,71,-1,
  74,71,70,-1,74,70,73,-1,75,72,35,-1,75,35,36,-1,76,73,72,-1,76,72,75,-1,77,18,19,-1,77,74,73,-1,
  77,19,74,-1,77,73,76,-1,78,36,37,-1,78,75,36,-1,79,75,78,-1,79,76,75,-1,80,16,17,-1,80,17,18,-1,
  80,76,79,-1,80,77,76,-1,80,18,77,-1,81,37,38,-1,81,78,37,-1,81,79,78,-1,82,79,81,-1,83,80,79,-1,
  83,16,80,-1,83,79,82,-1,84,82,81,-1,84,81,38,-1,84,38,39,-1,85,82,84,-1,86,15,16,-1,86,16,83,-1,
  86,83,82,-1,86,82,85,-1,87,39,40,-1,87,84,39,-1,87,85,84,-1,88,85,87,-1,89,85,88,-1,89,15,86,-1,
  89,14,15,-1,89,86,85,-1,90,40,41,-1,90,87,40,-1,91,87,90,-1,91,88,87,-1,92,14,89,-1,92,88,91,-1,
  92,13,14,-1,92,89,88,-1,93,90,41,-1,93,41,42,-1,94,90,93,-1,94,91,90,-1,95,92,91,-1,95,12,13,-1,
  95,13,92,-1,95,91,94,-1,96,93,42,-1,96,42,43,-1,97,94,93,-1,97,93,96,-1,97,95,94,-1,98,11,12,-1,
  98,12,95,-1,98,95,97,-1,99,96,43,-1,99,43,44,-1,100,97,96,-1,100,96,99,-1,101,10,11,-1,101,11,98,-1,
  101,97,100,-1,101,98,97,-1,102,99,44,-1,102,100,99,-1,102,44,45,-1,103,100,102,-1,103,101,100,-1,104,9,10,-1,
  104,10,101,-1,104,101,103,-1,105,102,45,-1,105,45,46,-1,105,46,47,-1,106,103,102,-1,106,104,103,-1,106,102,105,-1,
  107,7,8,-1,107,8,9,-1,107,9,104,-1,107,104,106,-1,108,105,47,-1,109,106,105,-1,109,107,106,-1,109,105,108,-1,
  110,7,107,-1,110,107,109,-1,111,47,48,-1,111,108,47,-1,112,109,108,-1,112,108,111,-1,113,6,7,-1,113,7,110,-1,
  113,110,109,-1,113,109,112,-1,114,48,49,-1,114,49,50,-1,114,111,48,-1,115,112,111,-1,115,113,112,-1,115,111,114,-1,
  116,5,6,-1,116,113,115,-1,116,6,113,-1,117,114,50,-1,118,115,114,-1,118,114,117,-1,119,4,5,-1,119,5,116,-1,
  119,116,115,-1,119,115,118,-1,120,50,51,-1,120,51,52,-1,120,117,50,-1,121,118,117,-1,121,117,120,-1,122,3,4,-1,
  122,4,119,-1,122,119,118,-1,122,118,121,-1,123,120,52,-1,124,121,120,-1,124,120,123,-1,125,2,3,-1,125,122,121,-1,
  125,121,124,-1,125,3,122,-1,126,123,52,-1,126,52,53,-1,126,53,54,-1,126,59,58,-1,126,54,59,-1,127,124,123,-1,
  127,123,126,-1,127,57,56,-1,127,58,57,-1,127,126,58,-1,128,0,1,-1,128,1,2,-1,128,125,124,-1,128,55,0,-1,
  128,56,55,-1,128,124,127,-1,128,127,56,-1,128,2,125,-1]
  normalPerVertex TRUE
  normal DEF NORM_39 Normal { vector [
  -0.13050692 0.017181563 0.99129851,-0.12607862 0.033782664 0.99144486,
  -0.1159869 0.060152645 0.99142761,-0.096466088 0.088122611 0.99142761,
  -0.070371276 0.11008717 0.99142761,-0.039480777 0.12454946 0.99142761,
  -0.0058997294 0.13052392 0.99142761,0.033782664 0.12607862 0.99144486,
  0.065263096 0.113039 0.99144486,0.088122611 0.096466088 0.99142761,
  0.11008717 0.070371276 0.99142761,0.12454946 0.039480777 0.99142761,
  0.13052392 0.0058997294 0.99142761,0.12760339 -0.028083375 0.99142761,
  0.1159869 -0.060152645 0.99142761,0.096466088 -0.088122611 0.99142761,
  0.065263096 -0.113039 0.99144486,0.033782664 -0.12607862 0.99144486,
  0.0058997294 -0.13052392 0.99142761,-0.028083375 -0.12760339 0.99142761,
  -0.060152645 -0.1159869 0.99142761,-0.088122611 -0.096466088 0.99142761,
  -0.11008717 -0.070371276 0.99142761,-0.12454946 -0.039480777 0.99142761,
  -0.13050692 -0.017181563 0.99129851,-0.25866892 -0.03405441 0.96536557,
  -0.49854218 -0.076307213 0.86350038,-0.70406259 -0.092691599 0.70406259,
  -0.85942887 -0.12319101 0.49619149,-0.95820914 -0.12615063 0.25675137,
  -0.9831056 -0.12942831 0.12942831,-0.94555129 -0.29820737 0.13040366,
  -0.83615067 -0.53277289 0.13040366,-0.66976775 -0.73103081 0.13040366,
  -0.45774127 -0.87947019 0.13040366,-0.21452048 -0.96797513 0.13040366,
  0.043319522 -0.99051416 0.13040366,0.29820737 -0.94555129 0.13040366,
  0.53277289 -0.83615067 0.13040366,0.73103081 -0.66976775 0.13040366,
  0.87947019 -0.45774127 0.13040366,0.96797513 -0.21452048 0.13040366,
  0.99051416 0.043319522 0.13040366,0.94555129 0.29820737 0.13040366,
  0.83615067 0.53277289 0.13040366,0.66976775 0.73103081 0.13040366,
  0.49572243 0.85861644 0.13052619,0.25660481 0.9576622 0.13052619,
  -0.043319522 0.99051416 0.13040366,-0.25660481 0.9576622 0.13052619,
  -0.49572243 0.85861644 0.13052619,-0.70105738 0.70105738 0.13052619,
  -0.85861644 0.49572243 0.13052619,-0.9576622 0.25660481 0.13052619,
  -0.9831056 0.12942831 0.12942831,-0.25866892 0.03405441 0.96536557,
  -0.49854218 0.076307213 0.86350038,-0.70406259 0.092691599 0.70406259,
  -0.85942887 0.12319101 0.49619149,-0.95820914 0.12615063 0.25675137,
  -0.89279017 -0.2399905 0.38122208,-0.65532055 -0.17715861 0.73428183,
  -0.3435289 -0.088356057 0.93497652,-0.79556552 -0.47071037 0.38145414,
  -0.62036386 -0.34666515 0.70354243,-0.3429431 -0.17765838 0.92240313,
  -0.64662847 -0.66057881 0.38145414,-0.50950193 -0.4954148 0.70354243,
  -0.28527622 -0.26036503 0.92240313,-0.45362476 -0.8054299 0.38145414,
  -0.36391829 -0.61040275 0.70354243,-0.20816824 -0.32532822 0.92240313,
  -0.22970728 -0.89539227 0.38145414,-0.19353422 -0.68379277 0.70354243,
  -0.11687394 -0.36812084 0.92240313,0.0098643794 -0.92433513 0.38145414,
  -0.0099611086 -0.71058344 0.70354243,-0.017614874 -0.38582662 0.92240313,
  0.22414217 -0.91061028 0.34720197,0.19959471 -0.71001765 0.67530503,
  0.079944299 -0.3535455 0.9319949,0.42725795 -0.81985427 0.38116876,
  0.3821305 -0.59952994 0.70323547,0.19207411 -0.36785073 0.90983151,
  0.62489339 -0.68133592 0.38116876,0.52427949 -0.4801988 0.70323547,
  0.26036503 -0.28527622 0.92240313,0.78625577 -0.46821459 0.40320833,
  0.58705681 -0.32411752 0.74183026,0.32532822 -0.20816824 0.92240313,
  0.89539227 -0.22970728 0.38145414,0.68379277 -0.19353422 0.70354243,
  0.36812084 -0.11687394 0.92240313,0.92433513 0.0098643794 0.38145414,
  0.74486208 -0.024323601 0.66677496,0.40845914 -0.0014910952 0.91277539,
  0.89028609 0.24876379 0.38145414,0.66546268 0.15989291 0.72910471,
  0.33750247 0.08792861 0.93720897,0.82156972 0.45218799 0.34720197,
  0.66573491 0.38436223 0.6395801,0.35448154 0.20293824 0.91277539,
  0.65575853 0.6382819 0.40320833,0.48316555 0.46501496 0.74183026,
  0.26299059 0.28268242 0.92245683,0.44760447 0.82006444 0.35657336,
  0.3821305 0.59952994 0.70323547,0.16872457 0.32080763 0.9319949,
  0.20868328 0.88698907 0.41194863,0.19426002 0.65625405 0.72910471,
  0.099045761 0.36964381 0.92387953,-0.0098643794 0.92433513 0.38145414,
  0.024323601 0.74486208 0.66677496,0.0014910952 0.40845914 0.91277539,
  -0.26336897 0.89637728 0.35657336,-0.15989291 0.66546268 0.72910471,
  -0.08792861 0.33750247 0.93720897,-0.47963463 0.77475735 0.41194863,
  -0.34666515 0.62036386 0.70354243,-0.17765838 0.3429431 0.92240313,
  -0.67627286 0.64460101 0.35657336,-0.4954148 0.50950193 0.70354243,
  -0.26036503 0.28527622 0.92240313,-0.80275445 0.43114223 0.41194863,
  -0.61040275 0.36391829 0.70354243,-0.32532822 0.20816824 0.92240313,
  -0.91513646 0.2359232 0.3269029,-0.71232464 0.20253741 0.67199122,
  -0.34963704 0.10590521 0.93088024] }
}
}
DEF SHAPE_40 Shape {
 appearance USE APP_3
 geometry DEF FACE_40 IndexedFaceSet {
  coord DEF COORD_40 Coordinate { point [
  26.406353 4.8396113 3.9370079,26.339278 5.3490976 3.9370079,
  26.142623 5.8238632 3.9370079,25.829791 6.2315537 3.9370079,
  25.422101 6.5443857 3.9370079,24.947335 6.7410401 3.9370079,
  24.437849 6.8081152 3.9370079,23.928363 6.7410401 3.9370079,
  23.453597 6.5443857 3.9370079,23.045907 6.2315537 3.9370079,
  22.733075 5.8238632 3.9370079,22.53642 5.3490976 3.9370079,
  22.469345 4.8396113 3.9370079,26.406353 4.8396113 0.68897638,
  26.339278 5.3490976 0.68897638,26.142623 5.8238632 0.68897638,
  25.829791 6.2315537 0.68897638,25.422101 6.5443857 0.68897638,
  24.947335 6.7410401 0.68897638,24.437849 6.8081152 0.68897638,
  23.928363 6.7410401 0.68897638,23.453597 6.5443857 0.68897638,
  23.045907 6.2315537 0.68897638,22.733075 5.8238632 0.68897638,
  22.53642 5.3490976 0.68897638,22.469345 4.8396113 0.68897638,
  22.53642 4.330125 0.68897638,22.733075 3.8553593 0.68897638,
  23.045907 3.4476688 0.68897638,23.453597 3.1348368 0.68897638,
  23.928363 2.9381825 0.68897638,24.437849 2.8711073 0.68897638,
  24.947335 2.9381825 0.68897638,25.422101 3.1348368 0.68897638,
  25.829791 3.4476688 0.68897638,26.142623 3.8553593 0.68897638,
  26.339278 4.330125 0.68897638,26.406353 4.8396113 0.68897638,
  26.406353 4.8396113 3.9370079,22.53642 4.330125 3.9370079,
  22.733075 3.8553593 3.9370079,23.045907 3.4476688 3.9370079,
  23.453597 3.1348368 3.9370079,23.928363 2.9381825 3.9370079,
  24.437849 2.8711073 3.9370079,24.947335 2.9381825 3.9370079,
  25.422101 3.1348368 3.9370079,25.829791 3.4476688 3.9370079,
  26.142623 3.8553593 3.9370079,26.339278 4.330125 3.9370079] }
 coordIndex [
  1,0,13,-1,1,13,14,-1,2,14,15,-1,2,15,16,-1,2,1,14,-1,3,2,16,-1,4,16,17,-1,4,17,18,-1,
  4,3,16,-1,5,4,18,-1,6,18,19,-1,6,5,18,-1,7,19,20,-1,7,6,19,-1,8,20,21,-1,8,7,20,-1,
  9,21,22,-1,9,8,21,-1,10,22,23,-1,10,9,22,-1,11,23,24,-1,11,10,23,-1,12,11,24,-1,12,24,25,-1,
  12,25,26,-1,39,12,26,-1,40,39,26,-1,40,26,27,-1,40,27,28,-1,41,40,28,-1,41,28,29,-1,42,41,29,-1,
  43,42,29,-1,43,29,30,-1,43,30,31,-1,44,43,31,-1,44,31,32,-1,45,44,32,-1,45,32,33,-1,46,33,34,-1,
  46,45,33,-1,47,46,34,-1,48,34,35,-1,48,47,34,-1,49,35,36,-1,49,36,37,-1,49,48,35,-1,38,49,37,-1]
  normalPerVertex TRUE
  normal DEF NORM_40 Normal { vector [
  0.99144486 0.13052619 0,0.9763442 0.21622209 0,
  0.8660254 0.5 0,0.70710678 0.70710678 0,
  0.5 0.8660254 0,0.25881905 0.96592583 0,
  0.04384197 0.99903848 0,-0.21622209 0.9763442 0,
  -0.46155098 0.88711369 0,-0.67542593 0.73742784 0,
  -0.84327172 0.5374875 0,-0.95364993 0.30091828 0,
  -1 0 0,0.99144486 0.13052619 0,
  0.95364993 0.30091828 0,0.8660254 0.5 0,
  0.70710678 0.70710678 0,0.5 0.8660254 0,
  0.25881905 0.96592583 0,-0.04384197 0.99903848 0,
  -0.30091828 0.95364993 0,-0.5374875 0.84327172 0,
  -0.73742784 0.67542593 0,-0.88711369 0.46155098 0,
  -0.9763442 0.21622209 0,-1 0 0,
  -0.96592583 -0.25881905 0,-0.8660254 -0.5 0,
  -0.73742784 -0.67542593 0,-0.5 -0.8660254 0,
  -0.25881905 -0.96592583 0,-0.04384197 -0.99903848 0,
  0.21622209 -0.9763442 0,0.46155098 -0.88711369 0,
  0.70710678 -0.70710678 0,0.88711369 -0.46155098 0,
  0.96592583 -0.25881905 0,0.99144486 -0.13052619 0,
  0.99144486 -0.13052619 0,-0.96592583 -0.25881905 0,
  -0.8660254 -0.5 0,-0.67542593 -0.73742784 0,
  -0.5 -0.8660254 0,-0.25881905 -0.96592583 0,
  0.04384197 -0.99903848 0,0.30091828 -0.95364993 0,
  0.5374875 -0.84327172 0,0.70710678 -0.70710678 0,
  0.84327172 -0.5374875 0,0.96592583 -0.25881905 0] }
}
}
DEF SHAPE_41 Shape {
 appearance USE APP_3
 geometry DEF FACE_41 IndexedFaceSet {
  coord DEF COORD_41 Coordinate { point [
  22.764621 4.8396113 4.2322835,22.821635 5.2726746 4.2322835,
  22.988791 5.6762254 4.2322835,23.254698 6.0227624 4.2322835,
  23.601235 6.2886695 4.2322835,24.004786 6.4558257 4.2322835,
  24.437849 6.5128396 4.2322835,24.870912 6.4558257 4.2322835,
  25.274463 6.2886695 4.2322835,25.621 6.0227624 4.2322835,
  25.886907 5.6762254 4.2322835,26.054063 5.2726746 4.2322835,
  26.111077 4.8396113 4.2322835,26.054063 4.4065479 4.2322835,
  25.886907 4.0029971 4.2322835,25.621 3.6564602 4.2322835,
  25.274463 3.390553 4.2322835,24.870912 3.2233968 4.2322835,
  24.437849 3.1663829 4.2322835,24.004786 3.2233968 4.2322835,
  23.601235 3.390553 4.2322835,23.254698 3.6564602 4.2322835,
  22.988791 4.0029971 4.2322835,22.821635 4.4065479 4.2322835] }
 coordIndex [
  11,9,8,-1,11,10,9,-1,6,8,7,-1,5,8,6,-1,4,8,5,-1,14,13,12,-1,2,4,3,-1,2,8,4,-1,
  0,2,1,-1,0,11,8,-1,0,8,2,-1,18,17,16,-1,23,12,11,-1,23,14,12,-1,23,11,0,-1,22,15,14,-1,
  22,14,23,-1,21,16,15,-1,21,19,18,-1,21,20,19,-1,21,18,16,-1,21,15,22,-1]
  normalPerVertex TRUE
  normal DEF NORM_41 Normal { vector [
  0 0 1,0 0 1,
  0 0 1,0 0 1,
  0 0 1,0 0 1,
  0 0 1,0 0 1,
  0 0 1,0 0 1,
  0 0 1,0 0 1,
  0 0 1,0 0 1,
  0 0 1,0 0 1,
  0 0 1,0 0 1,
  0 0 1,0 0 1,
  0 0 1,0 0 1,
  0 0 1,0 0 1] }
}
}
DEF SHAPE_42 Shape {
 appearance USE APP_3
 geometry DEF FACE_42 IndexedFaceSet {
  coord DEF COORD_42 Coordinate { point [
  26.406353 4.8396113 0.68897638,26.339278 5.3490976 0.68897638,
  26.142623 5.8238632 0.68897638,25.829791 6.2315537 0.68897638,
  25.422101 6.5443857 0.68897638,24.947335 6.7410401 0.68897638,
  24.437849 6.8081152 0.68897638,23.928363 6.7410401 0.68897638,
  23.453597 6.5443857 0.68897638,23.045907 6.2315537 0.68897638,
  22.733075 5.8238632 0.68897638,22.53642 5.3490976 0.68897638,
  22.469345 4.8396113 0.68897638,22.53642 4.330125 0.68897638,
  22.733075 3.8553593 0.68897638,23.045907 3.4476688 0.68897638,
  23.453597 3.1348368 0.68897638,23.928363 2.9381825 0.68897638,
  24.437849 2.8711073 0.68897638,24.947335 2.9381825 0.68897638,
  25.422101 3.1348368 0.68897638,25.829791 3.4476688 0.68897638,
  26.142623 3.8553593 0.68897638,26.339278 4.330125 0.68897638] }
 coordIndex [
  5,4,3,-1,8,6,5,-1,8,7,6,-1,12,2,1,-1,12,3,2,-1,12,9,8,-1,12,10,9,-1,12,11,10,-1,
  12,8,5,-1,12,5,3,-1,18,20,19,-1,13,1,0,-1,13,0,23,-1,13,12,1,-1,15,14,13,-1,15,17,16,-1,
  15,18,17,-1,15,21,20,-1,15,22,21,-1,15,23,22,-1,15,13,23,-1,15,20,18,-1]
  normalPerVertex TRUE
  normal DEF NORM_42 Normal { vector [
  0 0 -1,0 0 -1,
  0 0 -1,0 0 -1,
  0 0 -1,0 0 -1,
  0 0 -1,0 0 -1,
  0 0 -1,0 0 -1,
  0 0 -1,0 0 -1,
  0 0 -1,0 0 -1,
  0 0 -1,0 0 -1,
  0 0 -1,0 0 -1,
  0 0 -1,0 0 -1,
  0 0 -1,0 0 -1,
  0 0 -1,0 0 -1] }
}
}
] }
DEF TXFM_12 Transform {
  center 0 0 0
  rotation 0 0 1 0
  scale 1 1 1
  scaleOrientation 0 0 1 0
  translation 0 0 0
 children [
DEF SHAPE_43 Shape {
 appearance USE APP_3
 geometry DEF FACE_43 IndexedFaceSet {
  coord DEF COORD_43 Coordinate { point [
  0.88582677 3.5925197 0.59055118,0.88582677 4.3799213 0.59055118,
  0.88582677 3.5925197 0.88582677,0.88582677 4.3799213 0.88582677] }
 coordIndex [
  2,1,0,-1,2,3,1,-1]
  normalPerVertex TRUE
  normal DEF NORM_43 Normal { vector [
  -1 0 0,-1 0 0,
  -1 0 0,-1 0 0] }
}
}
DEF SHAPE_44 Shape {
 appearance USE APP_3
 geometry DEF FACE_44 IndexedFaceSet {
  coord DEF COORD_44 Coordinate { point [
  0.88582677 4.3799213 0.59055118,1.6732283 4.3799213 0.59055118,
  0.88582677 4.3799213 0.88582677,1.6732283 4.3799213 0.88582677] }
 coordIndex [
  2,1,0,-1,2,3,1,-1]
  normalPerVertex TRUE
  normal DEF NORM_44 Normal { vector [
  0 1 0,0 1 0,
  0 1 0,0 1 0] }
}
}
DEF SHAPE_45 Shape {
 appearance USE APP_3
 geometry DEF FACE_45 IndexedFaceSet {
  coord DEF COORD_45 Coordinate { point [
  1.6732283 4.3799213 0.59055118,1.6732283 3.5925197 0.59055118,
  1.6732283 4.3799213 0.88582677,1.6732283 3.5925197 0.88582677] }
 coordIndex [
  2,1,0,-1,2,3,1,-1]
  normalPerVertex TRUE
  normal DEF NORM_45 Normal { vector [
  1 0 0,1 0 0,
  1 0 0,1 0 0] }
}
}
DEF SHAPE_46 Shape {
 appearance USE APP_3
 geometry DEF FACE_46 IndexedFaceSet {
  coord DEF COORD_46 Coordinate { point [
  1.6732283 3.5925197 0.59055118,0.88582677 3.5925197 0.59055118,
  1.6732283 3.5925197 0.88582677,0.88582677 3.5925197 0.88582677] }
 coordIndex [
  2,1,0,-1,2,3,1,-1]
  normalPerVertex TRUE
  normal DEF NORM_46 Normal { vector [
  0 -1 0,0 -1 0,
  0 -1 0,0 -1 0] }
}
}
DEF SHAPE_47 Shape {
 appearance USE APP_3
 geometry DEF FACE_47 IndexedFaceSet {
  coord DEF COORD_47 Coordinate { point [
  0.88582677 3.5925197 0.88582677,1.6732283 3.5925197 0.88582677,
  1.6732283 4.3799213 0.88582677,0.88582677 4.3799213 0.88582677] }
 coordIndex [
  2,0,1,-1,2,3,0,-1]
  normalPerVertex TRUE
  normal DEF NORM_47 Normal { vector [
  0 0 1,0 0 1,
  0 0 1,0 0 1] }
}
}
DEF SHAPE_48 Shape {
 appearance USE APP_3
 geometry DEF FACE_48 IndexedFaceSet {
  coord DEF COORD_48 Coordinate { point [
  1.6732283 4.3799213 0.59055118,1.6732283 3.5925197 0.59055118,
  0.88582677 4.3799213 0.59055118,0.88582677 3.5925197 0.59055118] }
 coordIndex [
  3,0,1,-1,3,2,0,-1]
  normalPerVertex TRUE
  normal DEF NORM_48 Normal { vector [
  0 0 -1,0 0 -1,
  0 0 -1,0 0 -1] }
}
}
] }
DEF TXFM_13 Transform {
  center 0 0 0
  rotation 0 0 1 0
  scale 1 1 1
  scaleOrientation 0 0 1 0
  translation 0 0 0
 children [
DEF SHAPE_49 Shape {
 appearance USE APP_3
 geometry DEF FACE_49 IndexedFaceSet {
  coord DEF COORD_49 Coordinate { point [
  26.476378 11.122047 0.59055118,26.476378 11.909449 0.59055118,
  26.476378 11.122047 0.88582677,26.476378 11.909449 0.88582677] }
 coordIndex [
  2,1,0,-1,2,3,1,-1]
  normalPerVertex TRUE
  normal DEF NORM_49 Normal { vector [
  -1 0 0,-1 0 0,
  -1 0 0,-1 0 0] }
}
}
DEF SHAPE_50 Shape {
 appearance USE APP_3
 geometry DEF FACE_50 IndexedFaceSet {
  coord DEF COORD_50 Coordinate { point [
  26.476378 11.909449 0.59055118,27.26378 11.909449 0.59055118,
  26.476378 11.909449 0.88582677,27.26378 11.909449 0.88582677] }
 coordIndex [
  2,1,0,-1,2,3,1,-1]
  normalPerVertex TRUE
  normal DEF NORM_50 Normal { vector [
  0 1 0,0 1 0,
  0 1 0,0 1 0] }
}
}
DEF SHAPE_51 Shape {
 appearance USE APP_3
 geometry DEF FACE_51 IndexedFaceSet {
  coord DEF COORD_51 Coordinate { point [
  27.26378 11.909449 0.59055118,27.26378 11.122047 0.59055118,
  27.26378 11.909449 0.88582677,27.26378 11.122047 0.88582677] }
 coordIndex [
  2,1,0,-1,2,3,1,-1]
  normalPerVertex TRUE
  normal DEF NORM_51 Normal { vector [
  1 0 0,1 0 0,
  1 0 0,1 0 0] }
}
}
DEF SHAPE_52 Shape {
 appearance USE APP_3
 geometry DEF FACE_52 IndexedFaceSet {
  coord DEF COORD_52 Coordinate { point [
  27.26378 11.122047 0.59055118,26.476378 11.122047 0.59055118,
  27.26378 11.122047 0.88582677,26.476378 11.122047 0.88582677] }
 coordIndex [
  2,1,0,-1,2,3,1,-1]
  normalPerVertex TRUE
  normal DEF NORM_52 Normal { vector [
  0 -1 0,0 -1 0,
  0 -1 0,0 -1 0] }
}
}
DEF SHAPE_53 Shape {
 appearance USE APP_3
 geometry DEF FACE_53 IndexedFaceSet {
  coord DEF COORD_53 Coordinate { point [
  26.476378 11.122047 0.88582677,27.26378 11.122047 0.88582677,
  27.26378 11.909449 0.88582677,26.476378 11.909449 0.88582677] }
 coordIndex [
  2,0,1,-1,2,3,0,-1]
  normalPerVertex TRUE
  normal DEF NORM_53 Normal { vector [
  0 0 1,0 0 1,
  0 0 1,0 0 1] }
}
}
DEF SHAPE_54 Shape {
 appearance USE APP_3
 geometry DEF FACE_54 IndexedFaceSet {
  coord DEF COORD_54 Coordinate { point [
  27.26378 11.909449 0.59055118,27.26378 11.122047 0.59055118,
  26.476378 11.909449 0.59055118,26.476378 11.122047 0.59055118] }
 coordIndex [
  3,0,1,-1,3,2,0,-1]
  normalPerVertex TRUE
  normal DEF NORM_54 Normal { vector [
  0 0 -1,0 0 -1,
  0 0 -1,0 0 -1] }
}
}
] }
DEF TXFM_14 Transform {
  center 0 0 0
  rotation 0 0 1 0
  scale 1 1 1
  scaleOrientation 0 0 1 0
  translation 0 0 0
 children [
DEF SHAPE_55 Shape {
 appearance USE APP_3
 geometry DEF FACE_55 IndexedFaceSet {
  coord DEF COORD_55 Coordinate { point [
  0.88582677 9.7933071 0.59055118,0.88582677 10.580709 0.59055118,
  0.88582677 9.7933071 0.88582677,0.88582677 10.580709 0.88582677] }
 coordIndex [
  2,1,0,-1,2,3,1,-1]
  normalPerVertex TRUE
  normal DEF NORM_55 Normal { vector [
  -1 0 0,-1 0 0,
  -1 0 0,-1 0 0] }
}
}
DEF SHAPE_56 Shape {
 appearance USE APP_3
 geometry DEF FACE_56 IndexedFaceSet {
  coord DEF COORD_56 Coordinate { point [
  0.88582677 10.580709 0.59055118,1.6732283 10.580709 0.59055118,
  0.88582677 10.580709 0.88582677,1.6732283 10.580709 0.88582677] }
 coordIndex [
  2,1,0,-1,2,3,1,-1]
  normalPerVertex TRUE
  normal DEF NORM_56 Normal { vector [
  0 1 0,0 1 0,
  0 1 0,0 1 0] }
}
}
DEF SHAPE_57 Shape {
 appearance USE APP_3
 geometry DEF FACE_57 IndexedFaceSet {
  coord DEF COORD_57 Coordinate { point [
  1.6732283 10.580709 0.59055118,1.6732283 9.7933071 0.59055118,
  1.6732283 10.580709 0.88582677,1.6732283 9.7933071 0.88582677] }
 coordIndex [
  2,1,0,-1,2,3,1,-1]
  normalPerVertex TRUE
  normal DEF NORM_57 Normal { vector [
  1 0 0,1 0 0,
  1 0 0,1 0 0] }
}
}
DEF SHAPE_58 Shape {
 appearance USE APP_3
 geometry DEF FACE_58 IndexedFaceSet {
  coord DEF COORD_58 Coordinate { point [
  1.6732283 9.7933071 0.59055118,0.88582677 9.7933071 0.59055118,
  1.6732283 9.7933071 0.88582677,0.88582677 9.7933071 0.88582677] }
 coordIndex [
  2,1,0,-1,2,3,1,-1]
  normalPerVertex TRUE
  normal DEF NORM_58 Normal { vector [
  0 -1 0,0 -1 0,
  0 -1 0,0 -1 0] }
}
}
DEF SHAPE_59 Shape {
 appearance USE APP_3
 geometry DEF FACE_59 IndexedFaceSet {
  coord DEF COORD_59 Coordinate { point [
  0.88582677 9.7933071 0.88582677,1.6732283 9.7933071 0.88582677,
  1.6732283 10.580709 0.88582677,0.88582677 10.580709 0.88582677] }
 coordIndex [
  2,0,1,-1,2,3,0,-1]
  normalPerVertex TRUE
  normal DEF NORM_59 Normal { vector [
  0 0 1,0 0 1,
  0 0 1,0 0 1] }
}
}
DEF SHAPE_60 Shape {
 appearance USE APP_3
 geometry DEF FACE_60 IndexedFaceSet {
  coord DEF COORD_60 Coordinate { point [
  1.6732283 10.580709 0.59055118,1.6732283 9.7933071 0.59055118,
  0.88582677 10.580709 0.59055118,0.88582677 9.7933071 0.59055118] }
 coordIndex [
  3,0,1,-1,3,2,0,-1]
  normalPerVertex TRUE
  normal DEF NORM_60 Normal { vector [
  0 0 -1,0 0 -1,
  0 0 -1,0 0 -1] }
}
}
] }
DEF TXFM_15 Transform {
  center 0 0 0
  rotation 0 0 1 0
  scale 1 1 1
  scaleOrientation 0 0 1 0
  translation 0 0 0
 children [
DEF SHAPE_61 Shape {
 appearance USE APP_3
 geometry DEF FACE_61 IndexedFaceSet {
  coord DEF COORD_61 Coordinate { point [
  26.476378 2.2637796 0.59055118,26.476378 3.0511811 0.59055118,
  26.476378 2.2637796 0.88582677,26.476378 3.0511811 0.88582677] }
 coordIndex [
  2,1,0,-1,2,3,1,-1]
  normalPerVertex TRUE
  normal DEF NORM_61 Normal { vector [
  -1 0 0,-1 0 0,
  -1 0 0,-1 0 0] }
}
}
DEF SHAPE_62 Shape {
 appearance USE APP_3
 geometry DEF FACE_62 IndexedFaceSet {
  coord DEF COORD_62 Coordinate { point [
  26.476378 3.0511811 0.59055118,27.26378 3.0511811 0.59055118,
  26.476378 3.0511811 0.88582677,27.26378 3.0511811 0.88582677] }
 coordIndex [
  2,1,0,-1,2,3,1,-1]
  normalPerVertex TRUE
  normal DEF NORM_62 Normal { vector [
  0 1 0,0 1 0,
  0 1 0,0 1 0] }
}
}
DEF SHAPE_63 Shape {
 appearance USE APP_3
 geometry DEF FACE_63 IndexedFaceSet {
  coord DEF COORD_63 Coordinate { point [
  27.26378 3.0511811 0.59055118,27.26378 2.2637796 0.59055118,
  27.26378 3.0511811 0.88582677,27.26378 2.2637796 0.88582677] }
 coordIndex [
  2,1,0,-1,2,3,1,-1]
  normalPerVertex TRUE
  normal DEF NORM_63 Normal { vector [
  1 0 0,1 0 0,
  1 0 0,1 0 0] }
}
}
DEF SHAPE_64 Shape {
 appearance USE APP_3
 geometry DEF FACE_64 IndexedFaceSet {
  coord DEF COORD_64 Coordinate { point [
  27.26378 2.2637796 0.59055118,26.476378 2.2637796 0.59055118,
  27.26378 2.2637796 0.88582677,26.476378 2.2637796 0.88582677] }
 coordIndex [
  2,1,0,-1,2,3,1,-1]
  normalPerVertex TRUE
  normal DEF NORM_64 Normal { vector [
  0 -1 0,0 -1 0,
  0 -1 0,0 -1 0] }
}
}
DEF SHAPE_65 Shape {
 appearance USE APP_3
 geometry DEF FACE_65 IndexedFaceSet {
  coord DEF COORD_65 Coordinate { point [
  26.476378 2.2637796 0.88582677,27.26378 2.2637796 0.88582677,
  27.26378 3.0511811 0.88582677,26.476378 3.0511811 0.88582677] }
 coordIndex [
  2,0,1,-1,2,3,0,-1]
  normalPerVertex TRUE
  normal DEF NORM_65 Normal { vector [
  0 0 1,0 0 1,
  0 0 1,0 0 1] }
}
}
DEF SHAPE_66 Shape {
 appearance USE APP_3
 geometry DEF FACE_66 IndexedFaceSet {
  coord DEF COORD_66 Coordinate { point [
  27.26378 3.0511811 0.59055118,27.26378 2.2637796 0.59055118,
  26.476378 3.0511811 0.59055118,26.476378 2.2637796 0.59055118] }
 coordIndex [
  3,0,1,-1,3,2,0,-1]
  normalPerVertex TRUE
  normal DEF NORM_66 Normal { vector [
  0 0 -1,0 0 -1,
  0 0 -1,0 0 -1] }
}
}
] }
DEF TXFM_16 Transform {
  center 0 0 0
  rotation 0 0 1 0
  scale 1 1 1
  scaleOrientation 0 0 1 0
  translation 0 0 0
 children [
DEF SHAPE_67 Shape {
 appearance DEF APP_4 Appearance {
  material Material {
   ambientIntensity 0.14522611
   diffuseColor 0.90980393 0.67843139 0.13725489
   emissiveColor 0 0 0
   shininess 0.1
   specularColor 0.12 0.12 0.12
   transparency 0
} }
 geometry DEF FACE_67 IndexedFaceSet {
  coord DEF COORD_67 Coordinate { point [
  15.944882 7.0866142 2.5590551,15.871099 7.6470491 2.5590551,
  15.654779 8.1692913 2.5590551,15.310664 8.6177509 2.5590551,
  14.862205 8.961866 2.5590551,14.339962 9.1781858 2.5590551,
  13.779528 9.2519685 2.5590551,13.219093 9.1781858 2.5590551,
  12.69685 8.961866 2.5590551,12.248391 8.6177509 2.5590551,
  11.904276 8.1692913 2.5590551,11.687956 7.6470491 2.5590551,
  11.614173 7.0866142 2.5590551,11.687956 6.5261792 2.5590551,
  11.904276 6.003937 2.5590551,12.248391 5.5554774 2.5590551,
  12.69685 5.2113623 2.5590551,13.219093 4.9950425 2.5590551,
  13.779528 4.9212598 2.5590551,14.339962 4.9950425 2.5590551,
  14.862205 5.2113623 2.5590551,15.310664 5.5554774 2.5590551,
  15.654779 6.003937 2.5590551,15.871099 6.5261792 2.5590551,
  15.944882 7.0866142 2.5590551,15.985127 7.0866142 2.2533633,
  16.10312 7.0866142 1.9685039,16.290819 7.0866142 1.7238896,
  16.535433 7.0866142 1.5361905,16.820292 7.0866142 1.4181978,
  17.125984 7.0866142 1.3779528,17.020849 6.2543842 1.3779528,
  16.71205 5.4744464 1.3779528,16.21899 4.7958069 1.3779528,
  15.572649 4.2611073 1.3779528,14.81364 3.9039447 1.3779528,
  13.989653 3.7467609 1.3779528,13.152464 3.7994324 1.3779528,
  12.354676 4.0586496 1.3779528,11.646416 4.508125 1.3779528,
  11.072187 5.1196163 1.3779528,10.668071 5.8547013 1.3779528,
  10.459459 6.6671919 1.3779528,10.459459 7.5060364 1.3779528,
  10.668071 8.318527 1.3779528,11.072187 9.0536121 1.3779528,
  11.646416 9.6651034 1.3779528,12.354676 10.114579 1.3779528,
  13.152464 10.373796 1.3779528,13.989653 10.426467 1.3779528,
  14.81364 10.269284 1.3779528,15.572649 9.912121 1.3779528,
  16.21899 9.3774214 1.3779528,16.71205 8.698782 1.3779528,
  17.020849 7.9188441 1.3779528,17.125984 7.0866142 1.3779528,
  15.985127 7.0866142 2.2533633,16.10312 7.0866142 1.9685039,
  16.290819 7.0866142 1.7238896,16.535433 7.0866142 1.5361905,
  16.820292 7.0866142 1.4181978,16.448851 6.4012483 1.5361905,
  16.211922 6.4620814 1.7238896,16.03012 6.5087603 1.9685039,
  16.194546 5.7589466 1.5361905,15.915834 6.5381039 2.2533633,
  15.980189 5.8767904 1.7238896,15.815707 5.9672152 1.9685039,
  15.788496 5.200067 1.5361905,15.712309 6.0240586 2.2533633,
  15.61018 5.367517 1.7238896,15.473353 5.496006 1.9685039,
  15.256216 4.7597262 1.5361905,15.38734 5.5767775 2.2533633,
  15.125145 4.9662609 1.7238896,15.02457 5.1247405 1.9685039,
  14.631149 4.4655923 1.5361905,14.961347 5.224365 2.2533633,
  14.555559 4.6982343 1.7238896,14.497557 4.8767468 1.9685039,
  13.952572 4.3361468 1.5361905,14.461095 4.9889645 2.2533633,
  13.937213 4.5802784 1.7238896,13.925427 4.7676072 1.9685039,
  13.263122 4.3795233 1.5361905,13.066247 4.4246139 1.5361905,
  13.918018 4.885367 2.2533633,13.308959 4.6198048 1.7238896,
  13.129558 4.6608931 1.7238896,13.34413 4.8041793 1.9685039,
  12.60612 4.5929963 1.5361905,13.178138 4.8421966 1.9685039,
  12.401575 4.69993 1.5361905,13.366239 4.920082 2.2533633,
  12.710272 4.81433 1.7238896,13.208676 4.9561687 2.2533633,
  12.523882 4.9117722 1.7238896,12.79019 4.9841652 1.9685039,
  12.022847 4.9631525 1.5361905,12.617732 5.0743244 1.9685039,
  11.830808 5.1378947 1.5361905,12.840429 5.0909282 2.2533633,
  12.17877 5.151631 1.7238896,12.676728 5.176509 2.2533633,
  12.003777 5.3108631 1.7238896,12.298414 5.2962557 1.9685039,
  11.549953 5.4667336 1.5361905,12.1365 5.4435865 1.9685039,
  12.373626 5.3871706 2.2533633,11.392843 5.7086614 1.5361905,
  11.74785 5.6105142 1.7238896,12.219933 5.5270199 2.2533633,
  11.604686 5.8309686 1.7238896,11.899702 5.720841 1.9685039,
  11.217151 6.0720977 1.5361905,11.767238 5.9248182 1.9685039,
  11.99516 5.7901954 2.2533633,11.117527 6.3733333 1.5361905,
  11.444588 6.1621462 1.7238896,11.869422 5.9838145 2.2533633,
  11.353807 6.4366442 1.7238896,11.619106 6.2312429 1.9685039,
  11.045353 6.7412076 1.5361905,11.53511 6.4852243 1.9685039,
  11.728813 6.2746789 2.2533633,11.288039 6.7718659 1.7238896,
  11.023622 7.0866142 1.5361905,11.649082 6.515763 2.2533633,
  11.474258 6.7953909 1.9685039,11.268236 7.0866142 1.7238896,
  11.045353 7.4320207 1.5361905,11.59132 6.8101793 2.2533633,
  11.455936 7.0866142 1.9685039,11.288039 7.4013624 1.7238896,
  11.117527 7.799895 1.5361905,11.573928 7.0866142 2.2533633,
  11.474258 7.3778375 1.9685039,11.217151 8.1011307 1.5361905,
  11.353807 7.7365842 1.7238896,11.59132 7.3630491 2.2533633,
  11.444588 8.0110821 1.7238896,11.53511 7.688004 1.9685039,
  11.392843 8.4645669 1.5361905,11.619106 7.9419855 1.9685039,
  11.649082 7.6574653 2.2533633,11.549953 8.7064948 1.5361905,
  11.604686 8.3422598 1.7238896,11.728813 7.8985495 2.2533633,
  11.74785 8.5627141 1.7238896,11.767238 8.2484102 1.9685039,
  11.830808 9.0353336 1.5361905,11.899702 8.4523873 1.9685039,
  11.869422 8.1894139 2.2533633,12.022847 9.2100759 1.5361905,
  12.003777 8.8623652 1.7238896,11.99516 8.383033 2.2533633,
  12.17877 9.0215973 1.7238896,12.1365 8.7296419 1.9685039,
  12.401575 9.4732984 1.5361905,12.298414 8.8769726 1.9685039,
  12.60612 9.580232 1.5361905,12.219933 8.6462085 2.2533633,
  12.523882 9.2614562 1.7238896,12.373626 8.7860577 2.2533633,
  12.710272 9.3588984 1.7238896,12.617732 9.0989039 1.9685039,
  13.066247 9.7486145 1.5361905,12.79019 9.1890631 1.9685039,
  13.263122 9.793705 1.5361905,12.676728 8.9967193 2.2533633,
  13.129558 9.5123352 1.7238896,12.840429 9.0823002 2.2533633,
  13.308959 9.5534235 1.7238896,13.178138 9.3310317 1.9685039,
  13.779528 9.8425197 1.5361905,13.34413 9.369049 1.9685039,
  13.208676 9.2170596 2.2533633,13.779528 9.5979054 1.7238896,
  13.366239 9.2531464 2.2533633,13.779528 9.4102062 1.9685039,
  14.492808 9.7486145 1.5361905,13.779528 9.2922136 2.2533633,
  14.429498 9.5123352 1.7238896,14.380917 9.3310317 1.9685039,
  15.15748 9.4732984 1.5361905,14.350379 9.2170596 2.2533633,
  15.035173 9.2614562 1.7238896,14.941324 9.0989039 1.9685039,
  15.728247 9.0353336 1.5361905,14.882327 8.9967193 2.2533633,
  15.555279 8.8623652 1.7238896,15.422555 8.7296419 1.9685039,
  16.166212 8.4645669 1.5361905,15.339122 8.6462085 2.2533633,
  15.95437 8.3422598 1.7238896,15.791817 8.2484102 1.9685039,
  16.441528 7.799895 1.5361905,15.689633 8.1894139 2.2533633,
  16.205249 7.7365842 1.7238896,16.023945 7.688004 1.9685039,
  15.909973 7.6574653 2.2533633] }
 coordIndex [
  31,29,30,-1,60,54,55,-1,61,28,29,-1,61,29,31,-1,62,27,28,-1,62,28,61,-1,63,27,62,-1,63,26,27,-1,
  64,31,32,-1,64,61,31,-1,65,23,24,-1,65,24,25,-1,65,25,26,-1,65,26,63,-1,66,62,61,-1,66,61,64,-1,
  67,62,66,-1,67,63,62,-1,68,32,33,-1,68,64,32,-1,69,22,23,-1,69,63,67,-1,69,65,63,-1,69,23,65,-1,
  70,66,64,-1,70,64,68,-1,71,67,66,-1,71,69,67,-1,71,66,70,-1,72,33,34,-1,72,70,68,-1,72,68,33,-1,
  73,22,69,-1,73,21,22,-1,73,69,71,-1,74,70,72,-1,75,70,74,-1,75,71,70,-1,76,34,35,-1,76,72,34,-1,
  77,20,21,-1,77,71,75,-1,77,21,73,-1,77,73,71,-1,78,74,72,-1,78,72,76,-1,79,74,78,-1,79,75,74,-1,
  80,35,36,-1,80,36,37,-1,80,76,35,-1,81,19,20,-1,81,20,77,-1,81,75,79,-1,81,77,75,-1,82,78,76,-1,
  82,76,80,-1,83,78,82,-1,83,79,78,-1,84,80,37,-1,85,84,37,-1,85,37,38,-1,86,18,19,-1,86,19,81,-1,
  86,81,79,-1,86,79,83,-1,87,82,80,-1,87,80,84,-1,88,84,85,-1,88,87,84,-1,89,83,82,-1,89,86,83,-1,
  89,82,87,-1,90,88,85,-1,90,85,38,-1,91,87,88,-1,91,89,87,-1,92,90,38,-1,92,38,39,-1,93,86,89,-1,
  93,17,18,-1,93,18,86,-1,94,88,90,-1,95,89,91,-1,95,17,93,-1,95,93,89,-1,96,90,92,-1,96,94,90,-1,
  97,94,96,-1,97,88,94,-1,97,95,91,-1,97,91,88,-1,98,92,39,-1,99,97,96,-1,100,98,39,-1,100,39,40,-1,
  101,95,97,-1,101,16,17,-1,101,17,95,-1,102,98,100,-1,102,92,98,-1,102,96,92,-1,102,99,96,-1,103,101,97,-1,
  103,97,99,-1,103,16,101,-1,104,102,100,-1,105,99,102,-1,106,104,100,-1,106,100,40,-1,107,102,104,-1,107,105,102,-1,
  108,15,16,-1,108,16,103,-1,108,103,99,-1,108,99,105,-1,109,40,41,-1,109,106,40,-1,110,104,106,-1,111,15,108,-1,
  111,105,107,-1,111,108,105,-1,112,106,109,-1,112,110,106,-1,113,107,104,-1,113,104,110,-1,113,111,107,-1,114,109,41,-1,
  115,110,112,-1,115,113,110,-1,116,14,15,-1,116,15,111,-1,116,111,113,-1,117,41,42,-1,117,114,41,-1,118,112,109,-1,
  118,109,114,-1,118,115,112,-1,119,14,116,-1,119,113,115,-1,119,116,113,-1,120,114,117,-1,120,118,114,-1,121,115,118,-1,
  122,117,42,-1,123,118,120,-1,123,121,118,-1,124,121,123,-1,124,13,14,-1,124,14,119,-1,124,119,115,-1,124,115,121,-1,
  125,117,122,-1,125,123,120,-1,125,120,117,-1,126,122,42,-1,126,42,43,-1,127,13,124,-1,127,124,123,-1,128,123,125,-1,
  129,122,126,-1,129,125,122,-1,130,126,43,-1,130,129,126,-1,131,12,13,-1,131,13,127,-1,131,127,123,-1,131,123,128,-1,
  132,128,125,-1,132,125,129,-1,133,129,130,-1,134,130,43,-1,134,43,44,-1,135,12,131,-1,135,131,128,-1,135,128,132,-1,
  136,132,129,-1,136,129,133,-1,137,134,44,-1,138,130,134,-1,138,133,130,-1,138,134,137,-1,139,11,12,-1,139,12,135,-1,
  139,135,132,-1,139,132,136,-1,140,138,137,-1,141,136,133,-1,141,133,138,-1,142,44,45,-1,142,137,44,-1,143,138,140,-1,
  143,141,138,-1,144,136,141,-1,144,139,136,-1,144,11,139,-1,144,141,143,-1,145,142,45,-1,146,140,137,-1,146,137,142,-1,
  147,10,11,-1,147,11,144,-1,147,144,143,-1,148,142,145,-1,148,146,142,-1,149,143,140,-1,149,140,146,-1,150,45,46,-1,
  150,145,45,-1,150,148,145,-1,151,146,148,-1,151,149,146,-1,152,10,147,-1,152,149,151,-1,152,147,143,-1,152,143,149,-1,
  153,150,46,-1,154,148,150,-1,155,9,10,-1,155,10,152,-1,155,152,151,-1,156,150,153,-1,156,154,150,-1,157,151,148,-1,
  157,148,154,-1,158,46,47,-1,158,153,46,-1,159,154,156,-1,159,157,154,-1,160,158,47,-1,161,155,151,-1,161,9,155,-1,
  161,151,157,-1,162,156,153,-1,162,158,160,-1,162,153,158,-1,163,8,9,-1,163,157,159,-1,163,9,161,-1,163,161,157,-1,
  164,162,160,-1,165,159,156,-1,165,156,162,-1,166,160,47,-1,166,164,160,-1,166,47,48,-1,167,162,164,-1,167,165,162,-1,
  168,166,48,-1,169,159,165,-1,169,8,163,-1,169,163,159,-1,170,164,166,-1,170,167,164,-1,171,7,8,-1,171,169,165,-1,
  171,165,167,-1,171,8,169,-1,172,170,166,-1,172,166,168,-1,173,167,170,-1,174,168,48,-1,174,48,49,-1,175,170,172,-1,
  175,173,170,-1,176,171,167,-1,176,167,173,-1,176,7,171,-1,177,172,168,-1,177,168,174,-1,177,175,172,-1,178,6,7,-1,
  178,173,175,-1,178,176,173,-1,178,7,176,-1,179,175,177,-1,180,49,50,-1,180,174,49,-1,181,5,6,-1,181,6,178,-1,
  181,178,175,-1,181,175,179,-1,182,177,174,-1,182,174,180,-1,183,177,182,-1,183,179,177,-1,183,181,179,-1,184,50,51,-1,
  184,180,50,-1,185,5,181,-1,185,181,183,-1,186,183,182,-1,186,182,180,-1,186,180,184,-1,187,183,186,-1,187,185,183,-1,
  188,186,184,-1,188,51,52,-1,188,184,51,-1,189,3,4,-1,189,4,5,-1,189,5,185,-1,189,185,187,-1,190,186,188,-1,
  190,187,186,-1,191,187,190,-1,192,52,53,-1,192,188,52,-1,193,189,187,-1,193,3,189,-1,193,187,191,-1,194,190,188,-1,
  194,188,192,-1,195,191,190,-1,195,190,194,-1,196,53,54,-1,196,60,59,-1,196,192,53,-1,196,54,60,-1,197,2,3,-1,
  197,3,193,-1,197,193,191,-1,197,191,195,-1,198,194,192,-1,198,192,196,-1,198,196,59,-1,198,59,58,-1,199,195,194,-1,
  199,194,198,-1,199,198,58,-1,199,58,57,-1,200,0,1,-1,200,1,2,-1,200,195,199,-1,200,197,195,-1,200,199,57,-1,
  200,56,0,-1,200,57,56,-1,200,2,197,-1]
  normalPerVertex TRUE
  normal DEF NORM_67 Normal { vector [
  -0.9831056 -0.12942831 -0.12942831,-0.9576622 -0.25660481 -0.13052619,
  -0.87978575 -0.45713558 -0.13039977,-0.70105738 -0.70105738 -0.13052619,
  -0.49572243 -0.85861644 -0.13052619,-0.25660481 -0.9576622 -0.13052619,
  0.025175261 -0.98862469 -0.14828159,0.27173903 -0.94823766 -0.16432661,
  0.50477603 -0.84701449 -0.16663617,0.70419983 -0.68973456 -0.16843051,
  0.85685113 -0.48683085 -0.16971112,0.9526624 -0.25173644 -0.17047905,
  0.98531699 0 -0.17073496,0.9526624 0.25173644 -0.17047905,
  0.85685113 0.48683085 -0.16971112,0.70419983 0.68973456 -0.16843051,
  0.50477603 0.84701449 -0.16663617,0.27173903 0.94823766 -0.16432661,
  0.020521804 0.98878832 -0.14790709,-0.23283325 0.96146729 -0.14618251,
  -0.47088002 0.87033386 -0.14419079,-0.67782957 0.72138936 -0.14193118,
  -0.83994063 0.52446791 -0.13940284,-0.94643044 0.29258936 -0.13660485,
  -0.9828169 0.1268026 -0.13413441,-0.95881381 0.12112635 -0.25691339,
  -0.88091054 0.11128488 -0.46001337,-0.73275432 0.092568397 -0.67416778,
  -0.53401378 0.067461629 -0.84278005,-0.25881411 0.0061773544 -0.9659074,
  -0.13050845 0.016487051 -0.9913101,-0.23363642 0.051441702 -0.97096229,
  -0.22220053 0.13303784 -0.96588191,-0.18213452 0.18411724 -0.96588191,
  -0.13062434 0.22362787 -0.96588191,-0.070906543 0.24908714 -0.96588191,
  -0.016251382 0.25830832 -0.96592583,0.040989454 0.25813754 -0.96523825,
  0.1091287 0.24073759 -0.96443576,0.16644079 0.20578477 -0.9643392,
  0.21309919 0.15741285 -0.96426652,0.24602838 0.098761185 -0.96421795,
  0.26305521 0.033653991 -0.96419363,0.26305521 -0.033653991 -0.96419363,
  0.24602838 -0.098761185 -0.96421795,0.21309919 -0.15741285 -0.96426652,
  0.16644079 -0.20578477 -0.9643392,0.1091287 -0.24073759 -0.96443576,
  0.044933891 -0.26002461 -0.96455593,-0.021748926 -0.26026875 -0.96529123,
  -0.086459134 -0.24609421 -0.96538203,-0.14541425 -0.21608491 -0.96548537,
  -0.19480774 -0.17223368 -0.96560111,-0.23146855 -0.1174296 -0.96572905,
  -0.22978393 -0.036169678 -0.97256933,-0.13050845 -0.016487051 -0.9913101,
  -0.95820914 -0.12615063 -0.25675137,-0.88044154 -0.11591233 -0.45976846,
  -0.73248432 -0.09643339 -0.67391937,-0.53390925 -0.070290486 -0.84261507,
  -0.25797879 -0.0072686279 -0.96612324,-0.39720844 0.088817718 -0.91342042,
  -0.68196169 0.17653958 -0.70976196,-0.83732045 0.2154133 -0.5024854,
  -0.32883773 0.17969934 -0.92713208,-0.94474713 0.20049935 -0.25933158,
  -0.616633 0.34059024 -0.70976196,-0.75652132 0.39137761 -0.52392658,
  -0.25964265 0.23074165 -0.93773343,-0.84953512 0.44894006 -0.2770251,
  -0.49418719 0.48208686 -0.72344404,-0.64748688 0.58656129 -0.48652502,
  -0.21944147 0.33111075 -0.91772061,-0.72324353 0.65122713 -0.22983041,
  -0.37204243 0.62166933 -0.68928345,-0.46291978 0.73021483 -0.5024854,
  -0.11669972 0.3561001 -0.92713208,-0.54760549 0.79667911 -0.25579411,
  -0.21635605 0.67039393 -0.70976196,-0.26677927 0.82239725 -0.5024854,
  -0.015969349 0.35066269 -0.93636566,-0.33069468 0.90867605 -0.25485066,
  -0.042838633 0.70313784 -0.70976196,-0.074913352 0.84846269 -0.52392658,
  0.044693509 0.3969224 -0.91676338,0.10290138 0.31669789 -0.94292829,
  -0.070206187 0.95927768 -0.27360084,0.069033832 0.68539059 -0.7248959,
  0.22015813 0.66097373 -0.71738702,0.079840833 0.86532649 -0.49480856,
  0.16814997 0.40594994 -0.89829296,0.2556042 0.81809122 -0.51516333,
  0.1970947 0.30559564 -0.93153904,0.10565858 0.9688555 -0.22395377,
  0.27074829 0.6536442 -0.70671397,0.29458788 0.90664826 -0.30200484,
  0.36528588 0.60319625 -0.70902786,0.33068127 0.79833522 -0.50329989,
  0.23309653 0.30377731 -0.92378859,0.47556653 0.72215157 -0.50232816,
  0.25403242 0.24258817 -0.93627908,0.37215476 0.89846107 -0.2329561,
  0.42817271 0.55800554 -0.71084312,0.50486065 0.81731749 -0.27768299,
  0.52219987 0.47284745 -0.70973416,0.54200109 0.687612 -0.4831403,
  0.34838111 0.26732223 -0.89842608,0.61578045 0.59279905 -0.51904116,
  0.58109473 0.7705655 -0.26183531,0.31729949 0.17106382 -0.9327691,
  0.57836087 0.43140626 -0.69237804,0.69487477 0.65253084 -0.30224585,
  0.6001966 0.33952809 -0.72421317,0.68686846 0.53658472 -0.49019236,
  0.382105 0.1524328 -0.91146037,0.7540388 0.40604434 -0.51628818,
  0.77117484 0.59174327 -0.23479624,0.34825242 0.08627835 -0.93342182,
  0.65851436 0.27942056 -0.69877248,0.83483676 0.47299876 -0.28163764,
  0.6643923 0.17926602 -0.72556638,0.80012782 0.3314238 -0.49995374,
  0.41077701 0.048625379 -0.91043826,0.83674014 0.21483835 -0.50369676,
  0.88838744 0.36798213 -0.27451212,0.70954312 0.099773472 -0.69756277,
  0.33366589 0 -0.9426914,0.93558293 0.24021687 -0.2588058,
  0.87193426 0.10290917 -0.47868606,0.69030288 -0.0065403298 -0.72349095,
  0.43525239 -0.057302064 -0.89848307,0.95642755 0.13505473 -0.25885626,
  0.86458565 -0.00020546764 -0.50248544,0.7174384 -0.10429693 -0.68877013,
  0.32315715 -0.082972655 -0.9427009,0.95838998 0.012216422 -0.28520063,
  0.85804065 -0.11317894 -0.50095585,0.40562657 -0.16801603 -0.89846408,
  0.66578297 -0.17772279 -0.72467071,0.95920257 -0.11703262 -0.25735928,
  0.66716524 -0.28662455 -0.68755866,0.82661361 -0.2014551 -0.52547671,
  0.3080844 -0.17283133 -0.93552837,0.81146289 -0.32729201 -0.48415691,
  0.92324552 -0.23704916 -0.30236636,0.303692 -0.23303107 -0.92383315,
  0.61250098 -0.33749314 -0.71480132,0.89793474 -0.37193675 -0.23532162,
  0.54617767 -0.42713469 -0.7205872,0.74961646 -0.40063663 -0.52684481,
  0.27453954 -0.25780979 -0.92637042,0.69978754 -0.52682587 -0.48244369,
  0.83530089 -0.45921055 -0.30232117,0.25341432 -0.3381271 -0.90633948,
  0.51903697 -0.50016929 -0.69313152,0.77117484 -0.59174327 -0.23479624,
  0.43377047 -0.56640639 -0.70073318,0.62615602 -0.58826244 -0.51173816,
  0.17855718 -0.28136109 -0.94284318,0.5300092 -0.69104747 -0.4914709,
  0.15934647 -0.37182547 -0.91452421,0.70507027 -0.64717613 -0.28989476,
  0.36213444 -0.58197474 -0.72812365,0.59618336 -0.76253186 -0.25121817,
  0.25451149 -0.63273176 -0.73135109,0.45924718 -0.72399615 -0.51470536,
  0.11626521 -0.35782751 -0.92652138,0.32229076 -0.79577108 -0.51271538,
  0.051647438 -0.42380344 -0.90428048,0.52112944 -0.80222621 -0.29130263,
  0.22755287 -0.70033572 -0.67657192,0.37842011 -0.8916301 -0.24858395,
  0.098357277 -0.68795569 -0.71905689,0.2604922 -0.83439402 -0.48572671,
  -0.012876946 -0.37532684 -0.92680308,0.10602074 -0.85288336 -0.5112236,
  0.30430532 -0.90651044 -0.29263818,-0.015428421 -0.71967137 -0.69414342,
  0.13434166 -0.96000801 -0.2456358,-0.03173971 -0.86558907 -0.49974808,
  -0.099698498 -0.35984978 -0.92766823,-0.050111033 -0.96001719 -0.27541945,
  -0.1609265 -0.66778901 -0.72674652,-0.20534127 -0.82959421 -0.51923829,
  -0.16766707 -0.30268949 -0.93822536,-0.27267334 -0.91888566 -0.28512875,
  -0.33327492 -0.60461914 -0.72343867,-0.45088331 -0.74833324 -0.48651989,
  -0.27643656 -0.2844938 -0.91795757,-0.48811408 -0.84543838 -0.21674546,
  -0.52036984 -0.52036984 -0.67707492,-0.63755761 -0.6043022 -0.47784846,
  -0.32482799 -0.18627471 -0.92724781,-0.65944165 -0.69558486 -0.28512875,
  -0.61079063 -0.3509599 -0.7097619,-0.74896806 -0.43192044 -0.5024854,
  -0.33971861 -0.079975486 -0.93712069,-0.81400289 -0.51937604 -0.26009195,
  -0.65044688 -0.17428672 -0.73928547,-0.81334341 -0.21793471 -0.5394228,
  -0.93242498 -0.24984252 -0.26107925] }
}
}
DEF SHAPE_68 Shape {
 appearance USE APP_4
 geometry DEF FACE_68 IndexedFaceSet {
  coord DEF COORD_68 Coordinate { point [
  8.8582677 7.0866142 1.3779528,8.9658091 6.0634267 1.3779528,
  9.283733 5.0849575 1.3779528,9.7981447 4.1939702 1.3779528,
  10.486562 3.4294054 1.3779528,11.318898 2.8246781 1.3779528,
  12.258775 2.4062179 1.3779528,13.265116 2.1923135 1.3779528,
  14.293939 2.1923135 1.3779528,15.30028 2.4062179 1.3779528,
  16.240157 2.8246781 1.3779528,17.072493 3.4294054 1.3779528,
  17.76091 4.1939702 1.3779528,18.275322 5.0849575 1.3779528,
  18.593246 6.0634267 1.3779528,18.700787 7.0866142 1.3779528,
  18.593246 8.1098016 1.3779528,18.275322 9.0882709 1.3779528,
  17.76091 9.9792581 1.3779528,17.072493 10.743823 1.3779528,
  16.240157 11.34855 1.3779528,15.30028 11.76701 1.3779528,
  14.293939 11.980915 1.3779528,13.265116 11.980915 1.3779528,
  12.258775 11.76701 1.3779528,11.318898 11.34855 1.3779528,
  10.486562 10.743823 1.3779528,9.7981447 9.9792581 1.3779528,
  9.283733 9.0882709 1.3779528,8.9658091 8.1098016 1.3779528,
  17.125984 7.0866142 1.3779528,17.020849 6.2543842 1.3779528,
  16.71205 5.4744464 1.3779528,16.21899 4.7958069 1.3779528,
  15.572649 4.2611073 1.3779528,14.81364 3.9039447 1.3779528,
  13.989653 3.7467609 1.3779528,13.152464 3.7994324 1.3779528,
  12.354676 4.0586496 1.3779528,11.646416 4.508125 1.3779528,
  11.072187 5.1196163 1.3779528,10.668071 5.8547013 1.3779528,
  10.459459 6.6671919 1.3779528,10.459459 7.5060364 1.3779528,
  10.668071 8.318527 1.3779528,11.072187 9.0536121 1.3779528,
  11.646416 9.6651034 1.3779528,12.354676 10.114579 1.3779528,
  13.152464 10.373796 1.3779528,13.989653 10.426467 1.3779528,
  14.81364 10.269284 1.3779528,15.572649 9.912121 1.3779528,
  16.21899 9.3774214 1.3779528,16.71205 8.698782 1.3779528,
  17.020849 7.9188441 1.3779528] }
 coordIndex [
  52,19,18,-1,51,20,19,-1,51,19,52,-1,53,18,17,-1,53,52,18,-1,50,21,20,-1,50,22,21,-1,50,20,51,-1,
  54,17,16,-1,54,53,17,-1,49,23,22,-1,49,22,50,-1,30,15,14,-1,30,16,15,-1,30,54,16,-1,48,24,23,-1,
  48,23,49,-1,31,14,13,-1,31,30,14,-1,47,25,24,-1,47,24,48,-1,32,31,13,-1,12,32,13,-1,46,25,47,-1,
  26,25,46,-1,33,32,12,-1,11,33,12,-1,45,26,46,-1,34,33,11,-1,27,26,45,-1,10,34,11,-1,35,34,10,-1,
  28,27,45,-1,28,45,44,-1,9,35,10,-1,29,28,44,-1,29,44,43,-1,8,36,35,-1,8,35,9,-1,0,29,43,-1,
  0,43,42,-1,7,37,36,-1,7,36,8,-1,1,42,41,-1,1,0,42,-1,6,38,37,-1,6,37,7,-1,2,41,40,-1,
  2,1,41,-1,5,39,38,-1,5,38,6,-1,3,2,40,-1,4,40,39,-1,4,3,40,-1,4,39,5,-1]
  normalPerVertex TRUE
  normal DEF NORM_68 Normal { vector [
  0 0 -1,0 0 -1,
  0 0 -1,0 0 -1,
  0 0 -1,0 0 -1,
  0 0 -1,0 0 -1,
  0 0 -1,0 0 -1,
  0 0 -1,0 0 -1,
  0 0 -1,0 0 -1,
  0 0 -1,0 0 -1,
  0 0 -1,0 0 -1,
  0 0 -1,0 0 -1,
  0 0 -1,0 0 -1,
  0 0 -1,0 0 -1,
  0 0 -1,0 0 -1,
  0 0 -1,0 0 -1,
  0 0 -1,0 0 -1,
  0 0 -1,0 0 -1,
  0 0 -1,0 0 -1,
  0 0 -1,0 0 -1,
  0 0 -1,0 0 -1,
  0 0 -1,0 0 -1,
  0 0 -1,0 0 -1,
  0 0 -1,0 0 -1,
  0 0 -1,0 0 -1,
  0 0 -1,0 0 -1,
  0 0 -1,0 0 -1,
  0 0 -1,0 0 -1,
  0 0 -1,0 0 -1,
  0 0 -1] }
}
}
DEF SHAPE_69 Shape {
 appearance USE APP_4
 geometry DEF FACE_69 IndexedFaceSet {
  coord DEF COORD_69 Coordinate { point [
  15.944882 7.0866142 5.7086614,15.944882 7.0866142 2.5590551,
  15.871099 7.6470491 2.5590551,15.654779 8.1692913 2.5590551,
  15.310664 8.6177509 2.5590551,14.862205 8.961866 2.5590551,
  14.339962 9.1781858 2.5590551,13.779528 9.2519685 2.5590551,
  13.219093 9.1781858 2.5590551,12.69685 8.961866 2.5590551,
  12.248391 8.6177509 2.5590551,11.904276 8.1692913 2.5590551,
  11.687956 7.6470491 2.5590551,11.614173 7.0866142 2.5590551,
  11.687956 6.5261792 2.5590551,11.904276 6.003937 2.5590551,
  12.248391 5.5554774 2.5590551,12.69685 5.2113623 2.5590551,
  13.219093 4.9950425 2.5590551,13.779528 4.9212598 2.5590551,
  14.339962 4.9950425 2.5590551,14.862205 5.2113623 2.5590551,
  15.310664 5.5554774 2.5590551,15.654779 6.003937 2.5590551,
  15.871099 6.5261792 2.5590551,15.944882 7.0866142 2.5590551,
  15.944882 7.0866142 5.7086614,15.871099 6.5261792 5.7086614,
  15.654779 6.003937 5.7086614,15.310664 5.5554774 5.7086614,
  14.862205 5.2113623 5.7086614,14.339962 4.9950425 5.7086614,
  13.779528 4.9212598 5.7086614,13.219093 4.9950425 5.7086614,
  12.69685 5.2113623 5.7086614,12.248391 5.5554774 5.7086614,
  11.904276 6.003937 5.7086614,11.687956 6.5261792 5.7086614,
  11.614173 7.0866142 5.7086614,11.687956 7.6470491 5.7086614,
  11.904276 8.1692913 5.7086614,12.248391 8.6177509 5.7086614,
  12.69685 8.961866 5.7086614,13.219093 9.1781858 5.7086614,
  13.779528 9.2519685 5.7086614,14.339962 9.1781858 5.7086614,
  14.862205 8.961866 5.7086614,15.310664 8.6177509 5.7086614,
  15.654779 8.1692913 5.7086614,15.871099 7.6470491 5.7086614] }
 coordIndex [
  0,2,1,-1,49,3,2,-1,49,2,0,-1,48,4,3,-1,48,3,49,-1,47,5,4,-1,47,4,48,-1,46,6,5,-1,
  46,5,47,-1,45,7,6,-1,45,6,46,-1,44,8,7,-1,44,7,45,-1,43,9,8,-1,43,8,44,-1,42,10,9,-1,
  42,9,43,-1,41,11,10,-1,41,10,42,-1,40,12,11,-1,40,11,41,-1,39,13,12,-1,39,12,40,-1,38,13,39,-1,
  38,14,13,-1,37,14,38,-1,37,15,14,-1,36,15,37,-1,36,16,15,-1,35,16,36,-1,35,17,16,-1,34,17,35,-1,
  33,18,17,-1,33,19,18,-1,33,17,34,-1,32,19,33,-1,31,20,19,-1,31,21,20,-1,31,19,32,-1,30,21,31,-1,
  29,22,21,-1,29,23,22,-1,29,21,30,-1,28,24,23,-1,28,23,29,-1,27,24,28,-1,26,25,24,-1,26,24,27,-1]
  normalPerVertex TRUE
  normal DEF NORM_69 Normal { vector [
  -0.99144486 -0.13052619 0,-0.99144486 -0.13052619 0,
  -0.9763442 -0.21622209 0,-0.88711369 -0.46155098 0,
  -0.73742784 -0.67542593 0,-0.5374875 -0.84327172 0,
  -0.30091828 -0.95364993 0,-0.04384197 -0.99903848 0,
  0.21622209 -0.9763442 0,0.46155098 -0.88711369 0,
  0.67542593 -0.73742784 0,0.84327172 -0.5374875 0,
  0.95364993 -0.30091828 0,0.99903848 -0.04384197 0,
  0.9763442 0.21622209 0,0.88711369 0.46155098 0,
  0.73742784 0.67542593 0,0.5 0.8660254 0,
  0.25881905 0.96592583 0,0 1 0,
  -0.25881905 0.96592583 0,-0.5 0.8660254 0,
  -0.70710678 0.70710678 0,-0.84327172 0.5374875 0,
  -0.96592583 0.25881905 0,-0.99144486 0.13052619 0,
  -0.99144486 0.13052619 0,-0.96592583 0.25881905 0,
  -0.88711369 0.46155098 0,-0.70710678 0.70710678 0,
  -0.5 0.8660254 0,-0.25881905 0.96592583 0,
  0 1 0,0.25881905 0.96592583 0,
  0.5 0.8660254 0,0.67542593 0.73742784 0,
  0.84327172 0.5374875 0,0.95364993 0.30091828 0,
  0.99903848 0.04384197 0,0.9763442 -0.21622209 0,
  0.88711369 -0.46155098 0,0.73742784 -0.67542593 0,
  0.5374875 -0.84327172 0,0.30091828 -0.95364993 0,
  0.04384197 -0.99903848 0,-0.21622209 -0.9763442 0,
  -0.46155098 -0.88711369 0,-0.67542593 -0.73742784 0,
  -0.84327172 -0.5374875 0,-0.95364993 -0.30091828 0] }
}
}
DEF SHAPE_70 Shape {
 appearance USE APP_4
 geometry DEF FACE_70 IndexedFaceSet {
  coord DEF COORD_70 Coordinate { point [
  19.88189 7.0866142 2.5590551,19.777985 5.9653081 2.5590551,
  19.469811 4.8821867 2.5590551,18.96786 3.8741344 2.5590551,
  18.289228 2.9754793 2.5590551,17.457022 2.216824 2.5590551,
  16.499584 1.6240035 2.5590551,15.449518 1.2172057 2.5590551,
  14.342583 1.0102836 2.5590551,13.216473 1.0102836 2.5590551,
  12.109537 1.2172057 2.5590551,11.059471 1.6240035 2.5590551,
  10.102033 2.216824 2.5590551,9.2698275 2.9754793 2.5590551,
  8.5911946 3.8741344 2.5590551,8.0892443 4.8821867 2.5590551,
  7.7810697 5.9653081 2.5590551,7.6771654 7.0866142 2.5590551,
  7.7174104 7.0866142 2.2533633,7.8354031 7.0866142 1.9685039,
  8.0231022 7.0866142 1.7238896,8.2677165 7.0866142 1.5361905,
  8.5525759 7.0866142 1.4181978,8.8582677 7.0866142 1.3779528,
  8.9658091 6.0634267 1.3779528,9.283733 5.0849575 1.3779528,
  9.7981447 4.1939702 1.3779528,10.486562 3.4294054 1.3779528,
  11.318898 2.8246781 1.3779528,12.258775 2.4062179 1.3779528,
  13.265116 2.1923135 1.3779528,14.293939 2.1923135 1.3779528,
  15.30028 2.4062179 1.3779528,16.240157 2.8246781 1.3779528,
  17.072493 3.4294054 1.3779528,17.76091 4.1939702 1.3779528,
  18.275322 5.0849575 1.3779528,18.593246 6.0634267 1.3779528,
  18.700787 7.0866142 1.3779528,18.593246 8.1098016 1.3779528,
  18.275322 9.0882709 1.3779528,17.76091 9.9792581 1.3779528,
  17.072493 10.743823 1.3779528,16.240157 11.34855 1.3779528,
  15.30028 11.76701 1.3779528,14.293939 11.980915 1.3779528,
  13.265116 11.980915 1.3779528,12.258775 11.76701 1.3779528,
  11.318898 11.34855 1.3779528,10.486562 10.743823 1.3779528,
  9.7981447 9.9792581 1.3779528,9.283733 9.0882709 1.3779528,
  8.9658091 8.1098016 1.3779528,8.8582677 7.0866142 1.3779528,
  7.6771654 7.0866142 2.5590551,7.7174104 7.0866142 2.2533633,
  7.8354031 7.0866142 1.9685039,8.0231022 7.0866142 1.7238896,
  8.2677165 7.0866142 1.5361905,8.5525759 7.0866142 1.4181978,
  7.7810697 8.2079203 2.5590551,8.0892443 9.2910417 2.5590551,
  8.5911946 10.299094 2.5590551,9.2698275 11.197749 2.5590551,
  10.102033 11.956404 2.5590551,11.059471 12.549225 2.5590551,
  12.109537 12.956023 2.5590551,13.216473 13.162945 2.5590551,
  14.342583 13.162945 2.5590551,15.449518 12.956023 2.5590551,
  16.499584 12.549225 2.5590551,17.457022 11.956404 2.5590551,
  18.289228 11.197749 2.5590551,18.96786 10.299094 2.5590551,
  19.469811 9.2910417 2.5590551,19.777985 8.2079203 2.5590551,
  8.3615656 6.0738216 1.5361905,7.9366131 5.9943842 1.9685039,
  7.8206295 5.9727031 2.2533633,8.6399168 5.0955184 1.5361905,
  8.2367965 4.9393487 1.9685039,8.1267717 4.8967249 2.2533633,
  9.0932914 4.1850196 1.5361905,9.3203788 3.8468529 1.5361905,
  8.7257311 3.9574359 1.9685039,8.6254117 3.8953207 2.2533633,
  9.7062501 3.3733311 1.5361905,8.9706298 3.5927455 1.9685039,
  8.8751718 3.5233911 2.2533633,10.091406 2.9905403 1.5361905,
  9.3867666 3.0820834 1.9685039,9.299569 3.0025923 2.2533633,
  10.457919 2.688094 1.5361905,9.8021319 2.6692688 1.9685039,
  9.7231795 2.5815832 2.2533633,10.197392 2.3431004 1.9685039,
  11.023622 2.3132458 1.5361905,10.126286 2.2489403 2.2533633,
  11.322702 2.1526433 1.5361905,10.807465 1.9388514 1.9685039,
  10.748469 1.8366667 2.2533633,11.130003 1.7656521 1.9685039,
  12.076284 1.8445704 1.5361905,11.077409 1.6600295 2.2533633,
  11.942692 1.4334158 1.9685039,11.90623 1.3211982 2.2533633,
  13.203386 1.6049974 1.5361905,13.158197 1.1750522 1.9685039,
  13.145864 1.057706 2.2533633,14.288093 1.5983156 1.5361905,
  14.327982 1.1678463 1.9685039,14.338869 1.050357 2.2533633,
  15.287906 1.785213 1.5361905,15.406214 1.3694028 1.9685039,
  15.438505 1.2559145 2.2533633,16.236353 2.1526433 1.5361905,
  16.535433 2.3132458 1.5361905,16.429052 1.7656521 1.9685039,
  16.481646 1.6600295 2.2533633,16.75159 1.9388514 1.9685039,
  17.101136 2.688094 1.5361905,16.810586 1.8366667 2.2533633,
  17.467649 2.9905403 1.5361905,17.361663 2.3431004 1.9685039,
  17.432769 2.2489403 2.2533633,17.852805 3.3733311 1.5361905,
  17.756923 2.6692688 1.9685039,17.835876 2.5815832 2.2533633,
  18.238676 3.8468529 1.5361905,18.172289 3.0820834 1.9685039,
  18.259486 3.0025923 2.2533633,18.465764 4.1850196 1.5361905,
  18.588425 3.5927455 1.9685039,18.683883 3.5233911 2.2533633,
  18.833324 3.9574359 1.9685039,18.814817 4.8447587 1.5361905,
  18.933643 3.8953207 2.2533633,19.209755 4.6689209 1.9685039,
  19.317547 4.620929 2.2533633,19.170892 5.9406442 1.5361905,
  19.593759 5.8507612 1.9685039,19.709173 5.8262292 2.2533633,
  19.291339 7.0866142 1.5361905,19.723652 7.0866142 1.9685039,
  19.841645 7.0866142 2.2533633,19.19749 8.0994068 1.5361905,
  19.622442 8.1788442 1.9685039,19.738426 8.2005253 2.2533633,
  18.919138 9.07771 1.5361905,19.322259 9.2338796 1.9685039,
  19.432283 9.2765035 2.2533633,18.465764 9.9882088 1.5361905,
  18.238676 10.326375 1.5361905,18.833324 10.215792 1.9685039,
  18.933643 10.277908 2.2533633,17.852805 10.799897 1.5361905,
  18.588425 10.580483 1.9685039,18.683883 10.649837 2.2533633,
  17.467649 11.182688 1.5361905,18.172289 11.091145 1.9685039,
  18.259486 11.170636 2.2533633,17.101136 11.485134 1.5361905,
  17.756923 11.50396 1.9685039,17.835876 11.591645 2.2533633,
  17.361663 11.830128 1.9685039,16.535433 11.859983 1.5361905,
  17.432769 11.924288 2.2533633,16.236353 12.020585 1.5361905,
  16.75159 12.234377 1.9685039,16.810586 12.336562 2.2533633,
  16.429052 12.407576 1.9685039,15.482771 12.328658 1.5361905,
  16.481646 12.513199 2.2533633,15.616363 12.739813 1.9685039,
  15.652825 12.85203 2.2533633,14.355669 12.568231 1.5361905,
  14.400858 12.998176 1.9685039,14.413191 13.115522 2.2533633,
  13.270962 12.574913 1.5361905,13.231073 13.005382 1.9685039,
  13.220186 13.122871 2.2533633,12.271149 12.388015 1.5361905,
  12.152841 12.803826 1.9685039,12.12055 12.917314 2.2533633,
  11.322702 12.020585 1.5361905,11.023622 11.859983 1.5361905,
  11.130003 12.407576 1.9685039,11.077409 12.513199 2.2533633,
  10.807465 12.234377 1.9685039,10.457919 11.485134 1.5361905,
  10.748469 12.336562 2.2533633,10.091406 11.182688 1.5361905,
  10.197392 11.830128 1.9685039,10.126286 11.924288 2.2533633,
  9.7062501 10.799897 1.5361905,9.8021319 11.50396 1.9685039,
  9.7231795 11.591645 2.2533633,9.3203788 10.326375 1.5361905,
  9.3867666 11.091145 1.9685039,9.299569 11.170636 2.2533633,
  9.0932914 9.9882088 1.5361905,8.9706298 10.580483 1.9685039,
  8.8751718 10.649837 2.2533633,8.7257311 10.215792 1.9685039,
  8.7442376 9.3284697 1.5361905,8.6254117 10.277908 2.2533633,
  8.3492996 9.5043074 1.9685039,8.241508 9.5522993 2.2533633,
  8.3881628 8.2325841 1.5361905,7.9652964 8.3224671 1.9685039,
  7.8498822 8.3469992 2.2533633] }
 coordIndex [
  24,22,23,-1,59,52,53,-1,54,60,55,-1,76,20,21,-1,76,21,22,-1,76,22,24,-1,77,19,20,-1,77,20,76,-1,
  78,19,77,-1,78,16,17,-1,78,17,18,-1,78,18,19,-1,79,76,24,-1,79,24,25,-1,80,77,76,-1,80,76,79,-1,
  81,77,80,-1,81,15,16,-1,81,16,78,-1,81,78,77,-1,82,79,25,-1,82,25,26,-1,83,82,26,-1,84,80,79,-1,
  84,79,82,-1,85,14,15,-1,85,80,84,-1,85,81,80,-1,85,15,81,-1,86,83,26,-1,86,26,27,-1,87,84,82,-1,
  87,82,83,-1,87,83,86,-1,88,14,85,-1,88,13,14,-1,88,84,87,-1,88,85,84,-1,89,86,27,-1,90,87,86,-1,
  90,88,87,-1,91,88,90,-1,91,13,88,-1,92,27,28,-1,92,89,27,-1,93,91,90,-1,93,86,89,-1,93,90,86,-1,
  94,12,13,-1,94,91,93,-1,94,13,91,-1,95,93,89,-1,95,89,92,-1,96,92,28,-1,97,93,95,-1,97,12,94,-1,
  97,94,93,-1,98,28,29,-1,98,96,28,-1,99,95,92,-1,99,92,96,-1,100,11,12,-1,100,97,95,-1,100,95,99,-1,
  100,12,97,-1,101,96,98,-1,101,99,96,-1,102,29,30,-1,102,98,29,-1,103,100,99,-1,103,99,101,-1,103,11,100,-1,
  104,98,102,-1,104,101,98,-1,105,10,11,-1,105,103,101,-1,105,11,103,-1,105,104,10,-1,105,101,104,-1,106,102,30,-1,
  106,104,102,-1,107,10,104,-1,107,104,106,-1,108,9,10,-1,108,10,107,-1,109,30,31,-1,109,106,30,-1,110,107,106,-1,
  110,106,109,-1,111,8,9,-1,111,107,110,-1,111,9,108,-1,111,108,107,-1,112,31,32,-1,112,109,31,-1,113,110,109,-1,
  113,109,112,-1,114,7,8,-1,114,8,111,-1,114,111,110,-1,114,110,113,-1,115,32,33,-1,115,112,32,-1,116,115,33,-1,
  117,113,112,-1,117,114,113,-1,117,112,115,-1,118,6,7,-1,118,7,114,-1,118,114,117,-1,119,115,116,-1,119,117,115,-1,
  120,33,34,-1,120,116,33,-1,121,5,6,-1,121,6,118,-1,121,118,117,-1,121,117,119,-1,122,120,34,-1,123,119,116,-1,
  123,116,120,-1,124,5,121,-1,124,121,119,-1,124,119,123,-1,125,34,35,-1,125,122,34,-1,126,120,122,-1,126,123,120,-1,
  126,124,123,-1,127,4,5,-1,127,5,124,-1,127,124,126,-1,128,125,35,-1,129,125,128,-1,129,122,125,-1,129,126,122,-1,
  130,127,126,-1,130,126,129,-1,130,4,127,-1,131,128,35,-1,131,35,36,-1,132,129,128,-1,132,128,131,-1,133,3,4,-1,
  133,129,132,-1,133,4,130,-1,133,130,129,-1,134,132,131,-1,135,131,36,-1,136,133,132,-1,136,132,134,-1,136,3,133,-1,
  137,134,131,-1,137,131,135,-1,137,136,134,-1,138,2,3,-1,138,137,2,-1,138,136,137,-1,138,3,136,-1,139,135,36,-1,
  139,36,37,-1,140,2,137,-1,140,137,135,-1,140,135,139,-1,141,1,2,-1,141,2,140,-1,142,139,37,-1,142,37,38,-1,
  142,140,139,-1,143,140,142,-1,144,0,1,-1,144,1,141,-1,144,141,140,-1,144,140,143,-1,144,75,0,-1,145,38,39,-1,
  145,142,38,-1,145,143,142,-1,146,143,145,-1,147,143,146,-1,147,144,143,-1,147,75,144,-1,148,39,40,-1,148,145,39,-1,
  149,146,145,-1,149,145,148,-1,150,147,146,-1,150,75,147,-1,150,146,149,-1,150,73,74,-1,150,74,75,-1,151,40,41,-1,
  151,148,40,-1,151,149,148,-1,152,151,41,-1,153,149,151,-1,154,150,149,-1,154,73,150,-1,154,149,153,-1,155,41,42,-1,
  155,152,41,-1,156,151,152,-1,156,153,151,-1,156,154,153,-1,157,72,73,-1,157,73,154,-1,157,154,156,-1,158,155,42,-1,
  159,156,152,-1,159,152,155,-1,159,155,158,-1,160,72,157,-1,160,156,159,-1,160,157,156,-1,161,42,43,-1,161,158,42,-1,
  162,159,158,-1,163,160,159,-1,163,71,72,-1,163,72,160,-1,163,159,162,-1,164,158,161,-1,164,162,158,-1,165,164,161,-1,
  165,161,43,-1,166,163,162,-1,166,71,163,-1,166,162,164,-1,167,43,44,-1,167,165,43,-1,168,164,165,-1,169,164,168,-1,
  169,71,166,-1,169,166,164,-1,169,70,71,-1,170,165,167,-1,170,168,165,-1,171,167,44,-1,172,169,168,-1,172,70,169,-1,
  172,168,170,-1,173,170,167,-1,173,172,170,-1,173,167,171,-1,174,70,172,-1,174,172,173,-1,174,173,69,-1,174,69,70,-1,
  175,44,45,-1,175,171,44,-1,176,171,175,-1,176,173,171,-1,176,69,173,-1,177,69,176,-1,177,68,69,-1,178,175,45,-1,
  178,45,46,-1,179,176,175,-1,179,175,178,-1,179,177,176,-1,180,68,177,-1,180,177,179,-1,180,67,68,-1,181,46,47,-1,
  181,178,46,-1,182,179,178,-1,182,180,179,-1,182,178,181,-1,183,180,182,-1,183,67,180,-1,183,66,67,-1,184,47,48,-1,
  184,181,47,-1,184,182,181,-1,185,184,48,-1,186,184,185,-1,186,182,184,-1,187,183,182,-1,187,65,66,-1,187,66,183,-1,
  187,182,186,-1,188,186,185,-1,188,187,186,-1,189,48,49,-1,189,185,48,-1,190,64,65,-1,190,65,187,-1,190,187,188,-1,
  191,189,49,-1,192,185,189,-1,192,188,185,-1,193,64,190,-1,193,190,188,-1,193,188,192,-1,194,49,50,-1,194,191,49,-1,
  195,192,189,-1,195,189,191,-1,196,192,195,-1,196,63,64,-1,196,64,193,-1,196,193,192,-1,197,194,50,-1,198,191,194,-1,
  198,196,195,-1,198,195,191,-1,199,63,196,-1,199,196,198,-1,200,197,50,-1,200,50,51,-1,201,198,194,-1,201,194,197,-1,
  201,199,198,-1,202,63,199,-1,202,199,201,-1,202,62,63,-1,203,197,200,-1,203,201,197,-1,204,203,200,-1,204,200,51,-1,
  205,202,201,-1,205,62,202,-1,205,201,203,-1,206,203,204,-1,207,205,203,-1,207,203,206,-1,207,62,205,-1,207,206,61,-1,
  207,61,62,-1,208,52,59,-1,208,204,51,-1,208,51,52,-1,208,58,57,-1,208,59,58,-1,209,204,208,-1,209,206,204,-1,
  209,61,206,-1,209,208,57,-1,209,56,55,-1,209,57,56,-1,210,209,55,-1,210,55,60,-1,210,61,209,-1,210,60,61,-1]
  normalPerVertex TRUE
  normal DEF NORM_70 Normal { vector [
  0.99144486 0 -0.13052619,0.97894886 -0.15385748 -0.13411562,
  0.91810468 -0.32003866 -0.23379276,0.85298902 -0.51511533 -0.08405914,
  0.73822996 -0.66998511 -0.078335725,0.59537038 -0.79943415 -0.080244382,
  0.4474688 -0.88882558 -0.098796571,0.30050694 -0.94481444 -0.13046557,
  0.12178104 -0.98394518 -0.13046557,-0.061878751 -0.98939949 -0.13137603,
  -0.22665258 -0.94491635 -0.23613917,-0.43000532 -0.8983518 -0.089774581,
  -0.59537038 -0.79943415 -0.080244382,-0.73822996 -0.66998511 -0.078335725,
  -0.84295161 -0.52913658 -0.097196006,-0.91305674 -0.3864015 -0.13046557,
  -0.96851131 -0.21204855 -0.13046557,-0.98728714 -0.091485626 -0.12997882,
  -0.96207973 -0.089149816 -0.25778849,-0.88439446 -0.081951215 -0.45948932,
  -0.70458738 -0.084340117 -0.70458738,-0.4994642 -0.046282174 -0.86509738,
  -0.25599644 -0.044873429 -0.96563565,-0.13051391 -0.013717565 -0.99135158,
  -0.232186 -0.063338751 -0.97060696,-0.23111407 -0.10688867 -0.96703728,
  -0.20225955 -0.14885472 -0.96795317,-0.16827298 -0.18611917 -0.96801026,
  -0.1280073 -0.21657024 -0.96783855,-0.08395853 -0.24102748 -0.96687989,
  -0.027809272 -0.25666168 -0.96610115,0.033567873 -0.25418481 -0.96657296,
  0.083282234 -0.24112363 -0.9669144,0.1280073 -0.21657024 -0.96783855,
  0.16827298 -0.18611917 -0.96801026,0.20225955 -0.14885472 -0.96795317,
  0.23562571 -0.099933239 -0.96669223,0.25518135 -0.044257616 -0.96587977,
  0.25709883 0.0078872707 -0.96635293,0.24883985 0.058771797 -0.96675985,
  0.23111407 0.10688867 -0.96703728,0.20225955 0.14885472 -0.96795317,
  0.16827298 0.18611917 -0.96801026,0.1280073 0.21657024 -0.96783855,
  0.075502139 0.24486167 -0.96661377,0.018200564 0.25742046 -0.96612807,
  -0.033567873 0.25418481 -0.96657296,-0.083282234 0.24112363 -0.9669144,
  -0.1280073 0.21657024 -0.96783855,-0.16827298 0.18611917 -0.96801026,
  -0.20225955 0.14885472 -0.96795317,-0.23562571 0.099933239 -0.96669223,
  -0.22630463 0.06035743 -0.97218475,-0.13051391 0.013717565 -0.99135158,
  -0.98728714 0.091485626 -0.12997882,-0.95747712 0.097797804 -0.27142798,
  -0.86245996 0.090648194 -0.49794149,-0.70418328 0.090839545 -0.70418328,
  -0.499311 0.0524797 -0.86483201,-0.25854853 0.045708481 -0.96491626,
  -0.97894886 0.15385748 -0.13411562,-0.91810468 0.32003866 -0.23379276,
  -0.85298902 0.51511533 -0.08405914,-0.73822996 0.66998511 -0.078335725,
  -0.59537038 0.79943415 -0.080244382,-0.4474688 0.88882558 -0.098796571,
  -0.30050694 0.94481444 -0.13046557,-0.12178104 0.98394518 -0.13046557,
  0.061878751 0.98939949 -0.13137603,0.22665258 0.94491635 -0.23613917,
  0.43000532 0.8983518 -0.089774581,0.59537038 0.79943415 -0.080244382,
  0.73822996 0.66998511 -0.078335725,0.85704049 0.5040232 -0.10696828,
  0.9244948 0.35815119 -0.13052619,0.97456363 0.18217752 -0.13052619,
  -0.52961722 -0.11645669 -0.8402044,-0.79806958 -0.16106077 -0.58064135,
  -0.95466469 -0.14823493 -0.25815059,-0.46577891 -0.190681 -0.8641127,
  -0.74272182 -0.28363041 -0.60656252,-0.91117162 -0.32113013 -0.25815059,
  -0.40577595 -0.23073297 -0.8843688,-0.39905972 -0.30135591 -0.86598843,
  -0.68661907 -0.37178698 -0.62476291,-0.85546651 -0.44928749 -0.25752243,
  -0.37629277 -0.33881553 -0.86232696,-0.60785891 -0.45903374 -0.64791634,
  -0.77498286 -0.58523989 -0.23852848,-0.36236757 -0.40825565 -0.83786459,
  -0.61214539 -0.54159901 -0.57614975,-0.70633779 -0.64902896 -0.28257448,
  -0.27659609 -0.39027466 -0.87816872,-0.55019752 -0.59445758 -0.58643232,
  -0.66158526 -0.72572446 -0.18875635,-0.4727501 -0.64705769 -0.59818366,
  -0.27578023 -0.45845154 -0.84484759,-0.57203102 -0.77091916 -0.28011456,
  -0.19427579 -0.44782352 -0.87276057,-0.41393449 -0.66540556 -0.62120341,
  -0.51710418 -0.82536202 -0.22667333,-0.33122482 -0.73934496 -0.58622449,
  -0.12228032 -0.43464491 -0.89226192,-0.39901101 -0.87483482 -0.27468936,
  -0.20928126 -0.77153809 -0.60077478,-0.33896127 -0.90874011 -0.24350906,
  -0.064040792 -0.57520094 -0.81550148,-0.11027583 -0.84807681 -0.51827113,
  -0.10716647 -0.96035178 -0.25737094,0.052005471 -0.49972331 -0.86462248,
  0.064460258 -0.79130308 -0.60801671,0.054529327 -0.96322301 -0.26311213,
  0.14624139 -0.48113826 -0.86436071,0.19671489 -0.74861872 -0.63314553,
  0.25012152 -0.92799253 -0.27616861,0.18629602 -0.42155716 -0.88745893,
  0.29998294 -0.47318075 -0.8283177,0.30799218 -0.74226394 -0.59513449,
  0.37215215 -0.90090263 -0.22333209,0.42341872 -0.68717328 -0.59034691,
  0.27732064 -0.37159238 -0.88600923,0.50976341 -0.83404541 -0.21097282,
  0.37631669 -0.4023459 -0.83456787,0.44681635 -0.62900609 -0.63616546,
  0.5606511 -0.77167003 -0.30032601,0.31329972 -0.28209633 -0.90678826,
  0.54261863 -0.60453487 -0.58318318,0.66158526 -0.72572446 -0.18875635,
  0.43943975 -0.34012643 -0.83138843,0.58399902 -0.51956136 -0.62369955,
  0.70633779 -0.64902896 -0.28257448,0.43898045 -0.25344548 -0.86201018,
  0.641577 -0.46911977 -0.60688186,0.77463544 -0.59208215 -0.22221309,
  0.68718491 -0.39674639 -0.60857966,0.52095293 -0.19604143 -0.8307682,
  0.82606936 -0.47693136 -0.30024306,0.77086337 -0.3128303 -0.55489356,
  0.88553108 -0.41885377 -0.20098811,0.44604684 -0.10005782 -0.88939904,
  0.79412078 -0.17955277 -0.58063155,0.94637491 -0.19531696 -0.25734376,
  0.50735192 -0.022877651 -0.86143522,0.79485681 0.016194914 -0.60658089,
  0.96807658 -0.021536715 -0.24972765,0.52779527 0.095576251 -0.8439771,
  0.79990624 0.16248667 -0.57770935,0.9455546 0.15946883 -0.28371852,
  0.42376265 0.1609392 -0.89136064,0.72491082 0.28975161 -0.62493864,
  0.90952556 0.33937264 -0.23997807,0.45668767 0.25030086 -0.85368955,
  0.43943975 0.34012643 -0.83138843,0.69702537 0.37984492 -0.60817224,
  0.83764918 0.45647806 -0.29995273,0.31329972 0.28209633 -0.90678826,
  0.65397235 0.48608034 -0.5796948,0.78352579 0.59169121 -0.18970724,
  0.38990472 0.4277051 -0.81550148,0.57623448 0.52518685 -0.62620492,
  0.71865127 0.63433665 -0.28488132,0.24791907 0.34123133 -0.90669582,
  0.54427624 0.60652638 -0.57955942,0.66185054 0.71712458 -0.21837173,
  0.45699084 0.63662242 -0.62118537,0.30476752 0.49221645 -0.81537705,
  0.57203102 0.77091916 -0.28011456,0.19427579 0.44782352 -0.87276057,
  0.42113123 0.69142772 -0.58700613,0.51710418 0.82536202 -0.22667333,
  0.32507209 0.7100682 -0.6246049,0.14266092 0.53644357 -0.83179094,
  0.38798685 0.87143274 -0.30011863,0.23579554 0.79631128 -0.55703574,
  0.33455084 0.92016846 -0.20338572,0.046523925 0.50280008 -0.86314981,
  0.12877896 0.81095061 -0.5707671,0.08645614 0.95507317 -0.28347941,
  -0.052005471 0.49972331 -0.86462248,-0.044081306 0.79404507 -0.60625842,
  -0.083648258 0.96144299 -0.26197395,-0.12038331 0.43652757 -0.89160055,
  -0.21780501 0.7655052 -0.60544427,-0.24816323 0.94024784 -0.23312874,
  -0.19215665 0.46439317 -0.86453155,-0.30476752 0.49221645 -0.81537705,
  -0.31327891 0.7173738 -0.622279,-0.37000274 0.8901508 -0.26595024,
  -0.43831259 0.70789915 -0.55385997,-0.27732064 0.37159238 -0.88600923,
  -0.51667826 0.83446404 -0.19160727,-0.37631669 0.4023459 -0.83456787,
  -0.46205586 0.63947116 -0.61447621,-0.55574542 0.78022564 -0.28704527,
  -0.35576187 0.3124047 -0.88081598,-0.51623622 0.57802017 -0.63197536,
  -0.65436346 0.71780252 -0.23784028,-0.4356974 0.32000398 -0.84128784,
  -0.5814878 0.54209755 -0.60663183,-0.71865127 0.63433665 -0.28488132,
  -0.36562131 0.21109156 -0.90651057,-0.64115054 0.49138809 -0.58946054,
  -0.78352579 0.59169121 -0.18970724,-0.68248058 0.38920059 -0.61866239,
  -0.53729356 0.21579842 -0.81531998,-0.82731568 0.48841364 -0.27749032,
  -0.78892104 0.2937043 -0.53976048,-0.87384174 0.42298242 -0.23976341,
  -0.4567628 0.10424804 -0.88345916,-0.80531817 0.19383606 -0.56025907,
  -0.94637491 0.19531696 -0.25734376] }
}
}
DEF SHAPE_71 Shape {
 appearance USE APP_4
 geometry DEF FACE_71 IndexedFaceSet {
  coord DEF COORD_71 Coordinate { point [
  19.88189 7.0866142 5.7086614,19.777985 8.2079203 5.7086614,
  19.469811 9.2910417 5.7086614,18.96786 10.299094 5.7086614,
  18.289228 11.197749 5.7086614,17.457022 11.956404 5.7086614,
  16.499584 12.549225 5.7086614,15.449518 12.956023 5.7086614,
  14.342583 13.162945 5.7086614,13.216473 13.162945 5.7086614,
  12.109537 12.956023 5.7086614,11.059471 12.549225 5.7086614,
  10.102033 11.956404 5.7086614,9.2698275 11.197749 5.7086614,
  8.5911946 10.299094 5.7086614,8.0892443 9.2910417 5.7086614,
  7.7810697 8.2079203 5.7086614,7.6771654 7.0866142 5.7086614,
  19.88189 7.0866142 2.5590551,7.6771654 7.0866142 2.5590551,
  7.7810697 8.2079203 2.5590551,8.0892443 9.2910417 2.5590551,
  8.5911946 10.299094 2.5590551,9.2698275 11.197749 2.5590551,
  10.102033 11.956404 2.5590551,11.059471 12.549225 2.5590551,
  12.109537 12.956023 2.5590551,13.216473 13.162945 2.5590551,
  14.342583 13.162945 2.5590551,15.449518 12.956023 2.5590551,
  16.499584 12.549225 2.5590551,17.457022 11.956404 2.5590551,
  18.289228 11.197749 2.5590551,18.96786 10.299094 2.5590551,
  19.469811 9.2910417 2.5590551,19.777985 8.2079203 2.5590551,
  19.88189 7.0866142 2.5590551,19.777985 5.9653081 2.5590551,
  19.469811 4.8821867 2.5590551,18.96786 3.8741344 2.5590551,
  18.289228 2.9754793 2.5590551,17.457022 2.216824 2.5590551,
  16.499584 1.6240035 2.5590551,15.449518 1.2172057 2.5590551,
  14.342583 1.0102836 2.5590551,13.216473 1.0102836 2.5590551,
  12.109537 1.2172057 2.5590551,11.059471 1.6240035 2.5590551,
  10.102033 2.216824 2.5590551,9.2698275 2.9754793 2.5590551,
  8.5911946 3.8741344 2.5590551,8.0892443 4.8821867 2.5590551,
  7.7810697 5.9653081 2.5590551,19.88189 7.0866142 5.7086614,
  7.7810697 5.9653081 5.7086614,8.0892443 4.8821867 5.7086614,
  8.5911946 3.8741344 5.7086614,9.2698275 2.9754793 5.7086614,
  10.102033 2.216824 5.7086614,11.059471 1.6240035 5.7086614,
  12.109537 1.2172057 5.7086614,13.216473 1.0102836 5.7086614,
  14.342583 1.0102836 5.7086614,15.449518 1.2172057 5.7086614,
  16.499584 1.6240035 5.7086614,17.457022 2.216824 5.7086614,
  18.289228 2.9754793 5.7086614,18.96786 3.8741344 5.7086614,
  19.469811 4.8821867 5.7086614,19.777985 5.9653081 5.7086614] }
 coordIndex [
  1,0,18,-1,1,18,35,-1,2,35,34,-1,2,1,35,-1,3,34,33,-1,3,2,34,-1,4,33,32,-1,4,3,33,-1,
  5,32,31,-1,5,4,32,-1,6,30,29,-1,6,31,30,-1,6,5,31,-1,7,6,29,-1,7,29,28,-1,8,7,28,-1,
  8,28,27,-1,9,8,27,-1,9,27,26,-1,10,9,26,-1,10,26,25,-1,11,10,25,-1,11,25,24,-1,12,24,23,-1,
  12,11,24,-1,13,23,22,-1,13,12,23,-1,14,13,22,-1,15,21,20,-1,15,22,21,-1,15,14,22,-1,16,20,19,-1,
  16,15,20,-1,17,16,19,-1,54,17,19,-1,54,52,51,-1,54,19,52,-1,55,54,51,-1,56,50,49,-1,56,51,50,-1,
  56,55,51,-1,57,49,48,-1,57,56,49,-1,58,48,47,-1,58,57,48,-1,59,47,46,-1,59,58,47,-1,60,59,46,-1,
  61,46,45,-1,61,60,46,-1,62,44,43,-1,62,45,44,-1,62,61,45,-1,63,43,42,-1,63,62,43,-1,64,63,42,-1,
  65,42,41,-1,65,64,42,-1,66,40,39,-1,66,41,40,-1,66,65,41,-1,67,39,38,-1,67,66,39,-1,68,38,37,-1,
  68,67,38,-1,69,68,37,-1,53,69,37,-1,53,37,36,-1]
  normalPerVertex TRUE
  normal DEF NORM_71 Normal { vector [
  0.99573418 0.092268359 0,0.98817745 0.15331444 0,
  0.9431804 0.3322811 0,0.86606447 0.49993233 0,
  0.75945575 0.65055896 0,0.62698468 0.77903159 0,
  0.44573836 0.89516329 0,0.24383794 0.96981599 0,
  0.061482917 0.99810814 0,-0.12296583 0.9924109 0,
  -0.30322713 0.95291831 0,-0.47316239 0.88097523 0,
  -0.62698468 0.77903159 0,-0.75945575 0.65055896 0,
  -0.85021714 0.52643216 0,-0.93247223 0.36124167 0,
  -0.98817745 0.15331444 0,-1 0 0,
  0.99573418 0.092268359 0,-1 0 0,
  -0.9768316 0.21400941 0,-0.93247223 0.36124167 0,
  -0.85021714 0.52643216 0,-0.71785753 0.69619004 0,
  -0.57771005 0.81624206 0,-0.41788936 0.90849793 0,
  -0.24383794 0.96981599 0,-0.061482917 0.99810814 0,
  0.12296583 0.9924109 0,0.30322713 0.95291831 0,
  0.44573836 0.89516329 0,0.57771005 0.81624206 0,
  0.71785753 0.69619004 0,0.83355922 0.55243011 0,
  0.92087506 0.38985783 0,0.9768316 0.21400941 0,
  0.99573418 -0.092268359 0,0.9829731 -0.18374952 0,
  0.92087506 -0.38985783 0,0.83355922 -0.55243011 0,
  0.73900892 -0.67369564 0,0.62698468 -0.77903159 0,
  0.44573836 -0.89516329 0,0.24383794 -0.96981599 0,
  0.092268359 -0.99573418 0,-0.061482917 -0.99810814 0,
  -0.27366299 -0.96182564 0,-0.47316239 -0.88097523 0,
  -0.62698468 -0.77903159 0,-0.75945575 -0.65055896 0,
  -0.85021714 -0.52643216 0,-0.93247223 -0.36124167 0,
  -0.9829731 -0.18374952 0,0.99573418 -0.092268359 0,
  -0.9829731 -0.18374952 0,-0.93247223 -0.36124167 0,
  -0.85021714 -0.52643216 0,-0.71785753 -0.69619004 0,
  -0.57771005 -0.81624206 0,-0.41788936 -0.90849793 0,
  -0.27366299 -0.96182564 0,-0.12296583 -0.9924109 0,
  0.092268359 -0.99573418 0,0.30322713 -0.95291831 0,
  0.44573836 -0.89516329 0,0.57771005 -0.81624206 0,
  0.73900892 -0.67369564 0,0.86606447 -0.49993233 0,
  0.9431804 -0.3322811 0,0.9829731 -0.18374952 0] }
}
}
DEF SHAPE_72 Shape {
 appearance USE APP_4
 geometry DEF FACE_72 IndexedFaceSet {
  coord DEF COORD_72 Coordinate { point [
  17.125984 7.0866142 6.8897638,17.020849 7.9188441 6.8897638,
  16.71205 8.698782 6.8897638,16.21899 9.3774214 6.8897638,
  15.572649 9.912121 6.8897638,14.81364 10.269284 6.8897638,
  13.989653 10.426467 6.8897638,13.152464 10.373796 6.8897638,
  12.354676 10.114579 6.8897638,11.646416 9.6651034 6.8897638,
  11.072187 9.0536121 6.8897638,10.668071 8.318527 6.8897638,
  10.459459 7.5060364 6.8897638,10.459459 6.6671919 6.8897638,
  10.668071 5.8547013 6.8897638,11.072187 5.1196163 6.8897638,
  11.646416 4.508125 6.8897638,12.354676 4.0586496 6.8897638,
  13.152464 3.7994324 6.8897638,13.989653 3.7467609 6.8897638,
  14.81364 3.9039447 6.8897638,15.572649 4.2611073 6.8897638,
  16.21899 4.7958069 6.8897638,16.71205 5.4744464 6.8897638,
  17.020849 6.2543842 6.8897638,17.125984 7.0866142 6.8897638,
  16.820292 7.0866142 6.8495187,16.535433 7.0866142 6.7315261,
  16.290819 7.0866142 6.5438269,16.10312 7.0866142 6.2992126,
  15.985127 7.0866142 6.0143532,15.944882 7.0866142 5.7086614,
  15.871099 6.5261792 5.7086614,15.654779 6.003937 5.7086614,
  15.310664 5.5554774 5.7086614,14.862205 5.2113623 5.7086614,
  14.339962 4.9950425 5.7086614,13.779528 4.9212598 5.7086614,
  13.219093 4.9950425 5.7086614,12.69685 5.2113623 5.7086614,
  12.248391 5.5554774 5.7086614,11.904276 6.003937 5.7086614,
  11.687956 6.5261792 5.7086614,11.614173 7.0866142 5.7086614,
  11.687956 7.6470491 5.7086614,11.904276 8.1692913 5.7086614,
  12.248391 8.6177509 5.7086614,12.69685 8.961866 5.7086614,
  13.219093 9.1781858 5.7086614,13.779528 9.2519685 5.7086614,
  14.339962 9.1781858 5.7086614,14.862205 8.961866 5.7086614,
  15.310664 8.6177509 5.7086614,15.654779 8.1692913 5.7086614,
  15.871099 7.6470491 5.7086614,15.944882 7.0866142 5.7086614,
  16.820292 7.0866142 6.8495187,16.535433 7.0866142 6.7315261,
  16.290819 7.0866142 6.5438269,16.10312 7.0866142 6.2992126,
  15.985127 7.0866142 6.0143532,15.915834 6.5381039 6.0143532,
  16.211922 6.4620814 6.5438269,15.712309 6.0240586 6.0143532,
  16.448851 6.4012483 6.7315261,15.980189 5.8767904 6.5438269,
  15.38734 5.5767775 6.0143532,16.194546 5.7589466 6.7315261,
  15.61018 5.367517 6.5438269,14.961347 5.224365 6.0143532,
  15.788496 5.200067 6.7315261,15.125145 4.9662609 6.5438269,
  14.461095 4.9889645 6.0143532,15.256216 4.7597262 6.7315261,
  14.555559 4.6982343 6.5438269,13.918018 4.885367 6.0143532,
  14.631149 4.4655923 6.7315261,13.937213 4.5802784 6.5438269,
  13.366239 4.920082 6.0143532,13.208676 4.9561687 6.0143532,
  13.952572 4.3361468 6.7315261,13.308959 4.6198048 6.5438269,
  12.840429 5.0909282 6.0143532,13.129558 4.6608931 6.5438269,
  12.676728 5.176509 6.0143532,13.263122 4.3795233 6.7315261,
  13.066247 4.4246139 6.7315261,12.710272 4.81433 6.5438269,
  12.373626 5.3871706 6.0143532,12.523882 4.9117722 6.5438269,
  12.219933 5.5270199 6.0143532,12.60612 4.5929963 6.7315261,
  12.401575 4.69993 6.7315261,12.17877 5.151631 6.5438269,
  11.99516 5.7901954 6.0143532,12.003777 5.3108631 6.5438269,
  12.022847 4.9631525 6.7315261,11.869422 5.9838145 6.0143532,
  11.830808 5.1378947 6.7315261,11.74785 5.6105142 6.5438269,
  11.728813 6.2746789 6.0143532,11.604686 5.8309686 6.5438269,
  11.549953 5.4667336 6.7315261,11.649082 6.515763 6.0143532,
  11.392843 5.7086614 6.7315261,11.444588 6.1621462 6.5438269,
  11.59132 6.8101793 6.0143532,11.353807 6.4366442 6.5438269,
  11.217151 6.0720977 6.7315261,11.573928 7.0866142 6.0143532,
  11.117527 6.3733333 6.7315261,11.288039 6.7718659 6.5438269,
  11.59132 7.3630491 6.0143532,11.045353 6.7412076 6.7315261,
  11.268236 7.0866142 6.5438269,11.649082 7.6574653 6.0143532,
  11.023622 7.0866142 6.7315261,11.288039 7.4013624 6.5438269,
  11.728813 7.8985495 6.0143532,11.045353 7.4320207 6.7315261,
  11.353807 7.7365842 6.5438269,11.869422 8.1894139 6.0143532,
  11.444588 8.0110821 6.5438269,11.117527 7.799895 6.7315261,
  11.99516 8.383033 6.0143532,11.217151 8.1011307 6.7315261,
  11.604686 8.3422598 6.5438269,12.219933 8.6462085 6.0143532,
  11.74785 8.5627141 6.5438269,11.392843 8.4645669 6.7315261,
  12.373626 8.7860577 6.0143532,11.549953 8.7064948 6.7315261,
  12.003777 8.8623652 6.5438269,12.676728 8.9967193 6.0143532,
  12.17877 9.0215973 6.5438269,12.840429 9.0823002 6.0143532,
  11.830808 9.0353336 6.7315261,12.022847 9.2100759 6.7315261,
  12.523882 9.2614562 6.5438269,13.208676 9.2170596 6.0143532,
  12.710272 9.3588984 6.5438269,13.366239 9.2531464 6.0143532,
  12.401575 9.4732984 6.7315261,12.60612 9.580232 6.7315261,
  13.129558 9.5123352 6.5438269,13.779528 9.2922136 6.0143532,
  13.308959 9.5534235 6.5438269,13.066247 9.7486145 6.7315261,
  13.263122 9.793705 6.7315261,13.779528 9.5979054 6.5438269,
  14.350379 9.2170596 6.0143532,13.779528 9.8425197 6.7315261,
  14.429498 9.5123352 6.5438269,14.882327 8.9967193 6.0143532,
  14.492808 9.7486145 6.7315261,15.035173 9.2614562 6.5438269,
  15.339122 8.6462085 6.0143532,15.15748 9.4732984 6.7315261,
  15.555279 8.8623652 6.5438269,15.689633 8.1894139 6.0143532,
  15.728247 9.0353336 6.7315261,15.95437 8.3422598 6.5438269,
  15.909973 7.6574653 6.0143532,16.166212 8.4645669 6.7315261,
  16.205249 7.7365842 6.5438269,16.441528 7.799895 6.7315261] }
 coordIndex [
  24,25,26,-1,0,1,56,-1,61,29,30,-1,61,30,31,-1,61,31,32,-1,62,28,29,-1,62,29,61,-1,63,32,33,-1,
  63,61,32,-1,64,28,62,-1,64,26,27,-1,64,27,28,-1,64,24,26,-1,65,61,63,-1,65,62,61,-1,66,33,34,-1,
  66,63,33,-1,67,22,23,-1,67,23,24,-1,67,24,64,-1,67,64,62,-1,67,62,65,-1,68,63,66,-1,68,65,63,-1,
  69,66,34,-1,69,34,35,-1,70,22,67,-1,70,67,65,-1,70,65,68,-1,71,66,69,-1,71,68,66,-1,72,35,36,-1,
  72,69,35,-1,72,71,69,-1,73,68,71,-1,73,21,22,-1,73,70,68,-1,73,22,70,-1,74,71,72,-1,75,72,36,-1,
  75,36,37,-1,76,73,71,-1,76,21,73,-1,76,20,21,-1,76,71,74,-1,77,72,75,-1,77,74,72,-1,78,77,75,-1,
  78,37,38,-1,78,75,37,-1,79,78,38,-1,80,18,19,-1,80,19,20,-1,80,74,77,-1,80,20,76,-1,80,76,74,-1,
  81,77,78,-1,82,38,39,-1,82,79,38,-1,83,81,78,-1,83,78,79,-1,84,82,39,-1,85,80,77,-1,85,77,81,-1,
  85,18,80,-1,85,81,83,-1,86,17,18,-1,86,18,85,-1,86,85,83,-1,87,83,79,-1,87,79,82,-1,88,84,39,-1,
  88,39,40,-1,89,82,84,-1,89,87,82,-1,90,88,40,-1,91,87,89,-1,91,17,86,-1,91,83,87,-1,91,86,83,-1,
  92,17,91,-1,92,16,17,-1,92,91,89,-1,93,89,84,-1,93,84,88,-1,94,40,41,-1,94,90,40,-1,95,93,88,-1,
  95,88,90,-1,96,92,89,-1,96,93,95,-1,96,16,92,-1,96,89,93,-1,97,94,41,-1,98,15,16,-1,98,96,95,-1,
  98,16,96,-1,99,90,94,-1,99,95,90,-1,100,97,41,-1,100,41,42,-1,101,94,97,-1,101,97,100,-1,101,99,94,-1,
  102,15,98,-1,102,98,95,-1,102,95,99,-1,103,100,42,-1,104,14,15,-1,104,15,102,-1,104,99,101,-1,104,102,99,-1,
  105,101,100,-1,106,42,43,-1,106,103,42,-1,107,100,103,-1,107,105,100,-1,107,103,106,-1,108,14,104,-1,108,104,101,-1,
  108,101,105,-1,108,105,107,-1,109,106,43,-1,110,13,14,-1,110,14,108,-1,110,108,107,-1,111,107,106,-1,112,43,44,-1,
  112,109,43,-1,113,13,110,-1,113,110,107,-1,113,107,111,-1,114,106,109,-1,114,111,106,-1,114,109,112,-1,115,112,44,-1,
  116,12,13,-1,116,13,113,-1,116,113,111,-1,116,111,114,-1,117,114,112,-1,118,44,45,-1,118,115,44,-1,119,114,117,-1,
  119,12,116,-1,119,116,114,-1,120,112,115,-1,120,117,112,-1,120,119,117,-1,121,118,45,-1,122,120,115,-1,122,115,118,-1,
  122,118,121,-1,123,11,12,-1,123,12,119,-1,123,119,120,-1,124,45,46,-1,124,121,45,-1,125,120,122,-1,125,11,123,-1,
  125,123,120,-1,126,122,121,-1,127,124,46,-1,128,121,124,-1,128,126,121,-1,128,124,127,-1,129,10,11,-1,129,122,126,-1,
  129,125,122,-1,129,11,125,-1,130,127,46,-1,130,46,47,-1,131,126,128,-1,131,10,129,-1,131,129,126,-1,132,128,127,-1,
  133,130,47,-1,134,127,130,-1,134,132,127,-1,135,133,47,-1,135,47,48,-1,136,9,10,-1,136,131,128,-1,136,10,131,-1,
  136,128,132,-1,137,9,136,-1,137,132,134,-1,137,136,132,-1,138,134,130,-1,138,130,133,-1,139,135,48,-1,140,133,135,-1,
  140,138,133,-1,140,135,139,-1,141,48,49,-1,141,139,48,-1,142,8,9,-1,142,9,137,-1,142,134,138,-1,142,137,134,-1,
  143,138,140,-1,143,8,142,-1,143,142,138,-1,144,140,139,-1,145,141,49,-1,146,139,141,-1,146,144,139,-1,147,7,8,-1,
  147,8,143,-1,147,143,140,-1,147,140,144,-1,148,144,146,-1,148,7,147,-1,148,147,144,-1,149,141,145,-1,149,146,141,-1,
  149,148,146,-1,150,49,50,-1,150,145,49,-1,150,149,145,-1,151,6,7,-1,151,7,148,-1,151,148,149,-1,152,149,150,-1,
  153,50,51,-1,153,150,50,-1,154,5,6,-1,154,6,151,-1,154,151,149,-1,154,149,152,-1,155,152,150,-1,155,150,153,-1,
  156,155,153,-1,156,51,52,-1,156,153,51,-1,157,4,5,-1,157,5,154,-1,157,154,152,-1,157,152,155,-1,158,155,156,-1,
  159,156,52,-1,159,52,53,-1,160,3,4,-1,160,157,155,-1,160,155,158,-1,160,4,157,-1,161,156,159,-1,161,158,156,-1,
  162,53,54,-1,162,54,55,-1,162,60,59,-1,162,55,60,-1,162,159,53,-1,163,2,3,-1,163,3,160,-1,163,160,158,-1,
  163,158,161,-1,164,159,162,-1,164,59,58,-1,164,161,159,-1,164,162,59,-1,165,1,2,-1,165,2,163,-1,165,163,161,-1,
  165,164,58,-1,165,57,56,-1,165,58,57,-1,165,161,164,-1,165,56,1,-1]
  normalPerVertex TRUE
  normal DEF NORM_72 Normal { vector [
  -0.13050845 -0.016487051 0.9913101,-0.22978393 -0.036169678 0.97256933,
  -0.23146855 -0.1174296 0.96572905,-0.19480774 -0.17223368 0.96560111,
  -0.14541425 -0.21608491 0.96548537,-0.086459134 -0.24609421 0.96538203,
  -0.021748926 -0.26026875 0.96529123,0.044933891 -0.26002461 0.96455593,
  0.1091287 -0.24073759 0.96443576,0.16644079 -0.20578477 0.9643392,
  0.21309919 -0.15741285 0.96426652,0.24602838 -0.098761185 0.96421795,
  0.26305521 -0.033653991 0.96419363,0.26305521 0.033653991 0.96419363,
  0.24602838 0.098761185 0.96421795,0.21309919 0.15741285 0.96426652,
  0.16644079 0.20578477 0.9643392,0.1091287 0.24073759 0.96443576,
  0.040989454 0.25813754 0.96523825,-0.016251382 0.25830832 0.96592583,
  -0.070906543 0.24908714 0.96588191,-0.13062434 0.22362787 0.96588191,
  -0.18867096 0.17717383 0.96592583,-0.22680486 0.12468703 0.96592583,
  -0.23363642 0.051441702 0.97096229,-0.13050845 0.016487051 0.9913101,
  -0.25881411 0.0061773544 0.9659074,-0.49900553 0.063039058 0.86430293,
  -0.67096871 0.08476306 0.73662488,-0.86359374 0.074885313 0.49859608,
  -0.95881381 0.12112635 0.25691339,-0.9828169 0.1268026 0.13413441,
  -0.94643044 0.29258936 0.13660485,-0.83994063 0.52446791 0.13940284,
  -0.67782957 0.72138936 0.14193118,-0.47088002 0.87033386 0.14419079,
  -0.23283325 0.96146729 0.14618251,0.020521804 0.98878832 0.14790709,
  0.27173903 0.94823766 0.16432661,0.50477603 0.84701449 0.16663617,
  0.70419983 0.68973456 0.16843051,0.85685113 0.48683085 0.16971112,
  0.9526624 0.25173644 0.17047905,0.98531699 0 0.17073496,
  0.9526624 -0.25173644 0.17047905,0.85685113 -0.48683085 0.16971112,
  0.70419983 -0.68973456 0.16843051,0.50477603 -0.84701449 0.16663617,
  0.27173903 -0.94823766 0.16432661,-0.01696337 -0.98950584 0.14349365,
  -0.2988588 -0.94534614 0.13039977,-0.53334902 -0.8357839 0.13039977,
  -0.73149238 -0.66926437 0.13039977,-0.87978575 -0.45713558 0.13039977,
  -0.9576622 -0.25660481 0.13052619,-0.9831056 -0.12942831 0.12942831,
  -0.25797879 -0.0072686279 0.96612324,-0.49892023 -0.065684095 0.86415519,
  -0.6707614 -0.088307413 0.73639728,-0.86319492 -0.080783922 0.49836582,
  -0.95820914 -0.12615063 0.25675137,-0.8967869 0.21511374 0.38665145,
  -0.74883068 0.17536973 0.63913854,-0.80153383 0.45758096 0.38491971,
  -0.40143991 0.071715602 0.91307331,-0.69756654 0.36949053 0.61390363,
  -0.6619656 0.6435937 0.38417275,-0.31048967 0.16375441 0.93636566,
  -0.58376265 0.53136005 0.61390363,-0.51431479 0.78569672 0.34374549,
  -0.30942455 0.27632355 0.90989106,-0.42352446 0.68254355 0.59561845,
  -0.28901481 0.86659198 0.40680311,-0.21452295 0.3076255 0.92700942,
  -0.22564331 0.73386809 0.64072047,-0.069119125 0.93706567 0.3422433,
  -0.13127996 0.35131057 0.92700942,-0.042319449 0.80215194 0.59561845,
  0.09533196 0.91321323 0.39617345,0.29050924 0.85772756 0.42415542,
  -0.028106263 0.3498991 0.93636566,0.078911285 0.79058912 0.60724118,
  0.36815775 0.85724925 0.35997721,0.22756438 0.72857016 0.646065,
  0.49597433 0.75849326 0.4227262,0.043741441 0.43823272 0.89779662,
  0.10290138 0.31669789 0.94292829,0.30263213 0.75798149 0.57782165,
  0.57704659 0.73141709 0.36338172,0.40207562 0.65078693 0.64405867,
  0.67018503 0.6111001 0.42119911,0.16814997 0.40594994 0.89829296,
  0.17855718 0.28136109 0.94284318,0.48720409 0.65346087 0.57932812,
  0.74589025 0.55618197 0.36648241,0.5522613 0.53174868 0.64206759,
  0.26739325 0.34847366 0.89836906,0.80962781 0.44509665 0.38261179,
  0.2430559 0.22824468 0.94277685,0.62832496 0.48971662 0.60447115,
  0.84803999 0.35126966 0.39678433,0.70335695 0.38225532 0.59930783,
  0.33038601 0.25986856 0.9073662,0.89486134 0.22976134 0.38266552,
  0.3080844 0.17283133 0.93552837,0.73299642 0.30361706 0.60871416,
  0.9099992 0.11980367 0.39692384,0.76255909 0.1957919 0.6165786,
  0.40562657 0.16801603 0.89846408,0.92387953 0 0.38268343,
  0.32315715 0.082972655 0.9427009,0.76285151 0.094028713 0.63970006,
  0.9099992 -0.11980367 0.39692384,0.41159846 0.059585491 0.90941535,
  0.8032463 -0.0040498048 0.59563326,0.87772784 -0.24128473 0.41397527,
  0.35699966 0.0030801878 0.93409943,0.78657009 -0.10355392 0.60875618,
  0.87057276 -0.36060305 0.33476634,0.43525239 -0.057302064 0.89848307,
  0.75116454 -0.18299943 0.6342421,0.78923962 -0.43388816 0.43455941,
  0.738696 -0.31042468 0.59830154,0.32315715 -0.082972655 0.9427009,
  0.74769213 -0.57372435 0.33436035,0.382105 -0.1524328 0.91146037,
  0.67316009 -0.37697995 0.63619306,0.65657461 -0.6165646 0.43446276,
  0.63226387 -0.49015701 0.59999042,0.31729949 -0.17106382 0.9327691,
  0.55436839 -0.74065203 0.37961858,0.32778127 -0.24481866 0.91248193,
  0.55982153 -0.53382141 0.63374645,0.47679338 -0.77903753 0.4071469,
  0.47893405 -0.6143103 0.62709252,0.36085083 -0.87117097 0.33293815,
  0.26588544 -0.24579914 0.93214147,0.25173486 -0.31959598 0.91350313,
  0.43386019 -0.67377137 0.59816175,0.27837454 -0.85674875 0.43415342,
  0.30195938 -0.73825357 0.60316017,0.11131266 -0.91733703 0.38223327,
  0.1970947 -0.30559564 0.93153904,0.15934647 -0.37182547 0.91452421,
  0.23525574 -0.74138112 0.62849723,-0.033857702 -0.92334984 0.38246403,
  0.11661526 -0.79636344 0.59346959,0.11516578 -0.34647764 0.93096191,
  0.057378225 -0.43583089 0.89819774,-0.028856114 -0.7869491 0.61634279,
  -0.22509746 -0.8839117 0.40991614,-0.0044866693 -0.34457852 0.93874678,
  -0.21094713 -0.7382302 0.64071638,-0.45239116 -0.82115483 0.34791808,
  -0.084200497 -0.36397237 0.92759603,-0.40895091 -0.69137532 0.59561675,
  -0.63689597 -0.65294126 0.40991614,-0.17507678 -0.33039472 0.92746291,
  -0.55180067 -0.53385254 0.64071638,-0.80566788 -0.44866176 0.38678403,
  -0.25436887 -0.27456934 0.92731233,-0.67714445 -0.40571247 0.61389966,
  -0.91913144 -0.21440463 0.33049667,-0.31674697 -0.20018771 0.92714413,
  -0.7809271 -0.20780624 0.58904111,-0.38254913 -0.093198977 0.91922256] }
}
}
DEF SHAPE_73 Shape {
 appearance USE APP_4
 geometry DEF FACE_73 IndexedFaceSet {
  coord DEF COORD_73 Coordinate { point [
  8.8582677 7.0866142 6.8897638,8.9658091 8.1098016 6.8897638,
  9.283733 9.0882709 6.8897638,9.7981447 9.9792581 6.8897638,
  10.486562 10.743823 6.8897638,11.318898 11.34855 6.8897638,
  12.258775 11.76701 6.8897638,13.265116 11.980915 6.8897638,
  14.293939 11.980915 6.8897638,15.30028 11.76701 6.8897638,
  16.240157 11.34855 6.8897638,17.072493 10.743823 6.8897638,
  17.76091 9.9792581 6.8897638,18.275322 9.0882709 6.8897638,
  18.593246 8.1098016 6.8897638,18.700787 7.0866142 6.8897638,
  18.593246 6.0634267 6.8897638,18.275322 5.0849575 6.8897638,
  17.76091 4.1939702 6.8897638,17.072493 3.4294054 6.8897638,
  16.240157 2.8246781 6.8897638,15.30028 2.4062179 6.8897638,
  14.293939 2.1923135 6.8897638,13.265116 2.1923135 6.8897638,
  12.258775 2.4062179 6.8897638,11.318898 2.8246781 6.8897638,
  10.486562 3.4294054 6.8897638,9.7981447 4.1939702 6.8897638,
  9.283733 5.0849575 6.8897638,8.9658091 6.0634267 6.8897638,
  17.125984 7.0866142 6.8897638,17.020849 7.9188441 6.8897638,
  16.71205 8.698782 6.8897638,16.21899 9.3774214 6.8897638,
  15.572649 9.912121 6.8897638,14.81364 10.269284 6.8897638,
  13.989653 10.426467 6.8897638,13.152464 10.373796 6.8897638,
  12.354676 10.114579 6.8897638,11.646416 9.6651034 6.8897638,
  11.072187 9.0536121 6.8897638,10.668071 8.318527 6.8897638,
  10.459459 7.5060364 6.8897638,10.459459 6.6671919 6.8897638,
  10.668071 5.8547013 6.8897638,11.072187 5.1196163 6.8897638,
  11.646416 4.508125 6.8897638,12.354676 4.0586496 6.8897638,
  13.152464 3.7994324 6.8897638,13.989653 3.7467609 6.8897638,
  14.81364 3.9039447 6.8897638,15.572649 4.2611073 6.8897638,
  16.21899 4.7958069 6.8897638,16.71205 5.4744464 6.8897638,
  17.020849 6.2543842 6.8897638] }
 coordIndex [
  33,12,11,-1,34,11,10,-1,34,33,11,-1,32,13,12,-1,32,12,33,-1,35,9,8,-1,35,10,9,-1,35,34,10,-1,
  31,14,13,-1,31,13,32,-1,36,8,7,-1,36,35,8,-1,30,15,14,-1,30,16,15,-1,30,14,31,-1,37,7,6,-1,
  37,36,7,-1,54,17,16,-1,54,16,30,-1,38,6,5,-1,38,37,6,-1,53,17,54,-1,18,17,53,-1,39,38,5,-1,
  4,39,5,-1,52,18,53,-1,19,18,52,-1,40,39,4,-1,51,19,52,-1,3,40,4,-1,20,19,51,-1,50,20,51,-1,
  2,41,40,-1,2,40,3,-1,21,20,50,-1,1,41,2,-1,1,42,41,-1,22,21,50,-1,22,50,49,-1,0,42,1,-1,
  0,43,42,-1,23,22,49,-1,23,49,48,-1,29,44,43,-1,29,43,0,-1,24,48,47,-1,24,23,48,-1,28,44,29,-1,
  28,45,44,-1,25,47,46,-1,25,24,47,-1,27,45,28,-1,26,46,45,-1,26,45,27,-1,26,25,46,-1]
  normalPerVertex TRUE
  normal DEF NORM_73 Normal { vector [
  0 0 1,0 0 1,
  0 0 1,0 0 1,
  0 0 1,0 0 1,
  0 0 1,0 0 1,
  0 0 1,0 0 1,
  0 0 1,0 0 1,
  0 0 1,0 0 1,
  0 0 1,0 0 1,
  0 0 1,0 0 1,
  0 0 1,0 0 1,
  0 0 1,0 0 1,
  0 0 1,0 0 1,
  0 0 1,0 0 1,
  0 0 1,0 0 1,
  0 0 1,0 0 1,
  0 0 1,0 0 1,
  0 0 1,0 0 1,
  0 0 1,0 0 1,
  0 0 1,0 0 1,
  0 0 1,0 0 1,
  0 0 1,0 0 1,
  0 0 1,0 0 1,
  0 0 1,0 0 1,
  0 0 1,0 0 1,
  0 0 1,0 0 1,
  0 0 1,0 0 1,
  0 0 1,0 0 1,
  0 0 1] }
}
}
DEF SHAPE_74 Shape {
 appearance USE APP_4
 geometry DEF FACE_74 IndexedFaceSet {
  coord DEF COORD_74 Coordinate { point [
  8.8582677 7.0866142 6.8897638,8.9658091 8.1098016 6.8897638,
  9.283733 9.0882709 6.8897638,9.7981447 9.9792581 6.8897638,
  10.486562 10.743823 6.8897638,11.318898 11.34855 6.8897638,
  12.258775 11.76701 6.8897638,13.265116 11.980915 6.8897638,
  14.293939 11.980915 6.8897638,15.30028 11.76701 6.8897638,
  16.240157 11.34855 6.8897638,17.072493 10.743823 6.8897638,
  17.76091 9.9792581 6.8897638,18.275322 9.0882709 6.8897638,
  18.593246 8.1098016 6.8897638,18.700787 7.0866142 6.8897638,
  18.593246 6.0634267 6.8897638,18.275322 5.0849575 6.8897638,
  17.76091 4.1939702 6.8897638,17.072493 3.4294054 6.8897638,
  16.240157 2.8246781 6.8897638,15.30028 2.4062179 6.8897638,
  14.293939 2.1923135 6.8897638,13.265116 2.1923135 6.8897638,
  12.258775 2.4062179 6.8897638,11.318898 2.8246781 6.8897638,
  10.486562 3.4294054 6.8897638,9.7981447 4.1939702 6.8897638,
  9.283733 5.0849575 6.8897638,8.9658091 6.0634267 6.8897638,
  8.8582677 7.0866142 6.8897638,8.5525759 7.0866142 6.8495187,
  8.2677165 7.0866142 6.7315261,8.0231022 7.0866142 6.5438269,
  7.8354031 7.0866142 6.2992126,7.7174104 7.0866142 6.0143532,
  7.6771654 7.0866142 5.7086614,7.7810697 5.9653081 5.7086614,
  8.0892443 4.8821867 5.7086614,8.5911946 3.8741344 5.7086614,
  9.2698275 2.9754793 5.7086614,10.102033 2.216824 5.7086614,
  11.059471 1.6240035 5.7086614,12.109537 1.2172057 5.7086614,
  13.216473 1.0102836 5.7086614,14.342583 1.0102836 5.7086614,
  15.449518 1.2172057 5.7086614,16.499584 1.6240035 5.7086614,
  17.457022 2.216824 5.7086614,18.289228 2.9754793 5.7086614,
  18.96786 3.8741344 5.7086614,19.469811 4.8821867 5.7086614,
  19.777985 5.9653081 5.7086614,19.88189 7.0866142 5.7086614,
  19.777985 8.2079203 5.7086614,19.469811 9.2910417 5.7086614,
  18.96786 10.299094 5.7086614,18.289228 11.197749 5.7086614,
  17.457022 11.956404 5.7086614,16.499584 12.549225 5.7086614,
  15.449518 12.956023 5.7086614,14.342583 13.162945 5.7086614,
  13.216473 13.162945 5.7086614,12.109537 12.956023 5.7086614,
  11.059471 12.549225 5.7086614,10.102033 11.956404 5.7086614,
  9.2698275 11.197749 5.7086614,8.5911946 10.299094 5.7086614,
  8.0892443 9.2910417 5.7086614,7.7810697 8.2079203 5.7086614,
  7.6771654 7.0866142 5.7086614,8.5525759 7.0866142 6.8495187,
  8.2677165 7.0866142 6.7315261,8.0231022 7.0866142 6.5438269,
  7.8354031 7.0866142 6.2992126,7.7174104 7.0866142 6.0143532,
  7.8206295 5.9727031 6.0143532,8.1211163 6.0288738 6.5438269,
  8.1267717 4.8967249 6.0143532,8.6415747 6.1261643 6.8495187,
  8.4118208 5.0071535 6.5438269,8.6254117 3.8953207 6.0143532,
  8.9055403 5.1984215 6.8495187,8.8751718 3.5233911 6.0143532,
  8.8853161 4.0562467 6.5438269,9.299569 3.0025923 6.0143532,
  9.1224816 3.7030723 6.5438269,9.3354837 4.3349787 6.8495187,
  9.7231795 2.5815832 6.0143532,9.5254779 3.2085355 6.5438269,
  9.5508349 4.0142891 6.8495187,10.126286 2.2489403 6.0143532,
  9.9277272 2.8087565 6.5438269,9.9167637 3.5652396 6.8495187,
  10.310506 2.4928876 6.5438269,10.748469 1.8366667 6.0143532,
  10.282014 3.2022321 6.8495187,11.077409 1.6600295 6.0143532,
  10.629585 2.9154167 6.8495187,10.901315 2.1014036 6.5438269,
  11.213668 1.9336735 6.5438269,11.90623 1.3211982 6.0143532,
  11.166052 2.5599413 6.8495187,11.449675 2.407639 6.8495187,
  12.000694 1.6119284 6.5438269,13.145864 1.057706 6.0143532,
  12.164311 2.1154878 6.8495187,13.177817 1.3617231 6.5438269,
  14.338869 1.050357 6.0143532,13.233162 1.8882963 6.8495187,
  14.310663 1.3547447 6.5438269,15.438505 1.2559145 6.0143532,
  14.26181 1.8819598 6.8495187,15.354848 1.5499367 6.5438269,
  16.481646 1.6600295 6.0143532,15.209951 2.0591981 6.8495187,
  16.810586 1.8366667 6.0143532,16.345387 1.9336735 6.5438269,
  16.65774 2.1014036 6.5438269,17.432769 2.2489403 6.0143532,
  16.10938 2.407639 6.8495187,17.835876 2.5815832 6.0143532,
  16.393003 2.5599413 6.8495187,17.248549 2.4928876 6.5438269,
  18.259486 3.0025923 6.0143532,17.631328 2.8087565 6.5438269,
  16.92947 2.9154167 6.8495187,18.683883 3.5233911 6.0143532,
  18.033577 3.2085355 6.5438269,17.277041 3.2022321 6.8495187,
  18.933643 3.8953207 6.0143532,18.436573 3.7030723 6.5438269,
  17.642291 3.5652396 6.8495187,18.673739 4.0562467 6.5438269,
  19.317547 4.620929 6.0143532,18.00822 4.0142891 6.8495187,
  18.223571 4.3349787 6.8495187,19.038284 4.7452651 6.5438269,
  19.709173 5.8262292 6.0143532,18.554585 4.9606214 6.8495187,
  19.410161 5.889786 6.5438269,19.841645 7.0866142 6.0143532,
  18.892258 5.9998698 6.8495187,19.535953 7.0866142 6.5438269,
  19.738426 8.2005253 6.0143532,19.006479 7.0866142 6.8495187,
  19.437939 8.1443546 6.5438269,19.432283 9.2765035 6.0143532,
  18.91748 8.047064 6.8495187,19.147234 9.1660749 6.5438269,
  18.933643 10.277908 6.0143532,18.653515 8.9748069 6.8495187,
  18.683883 10.649837 6.0143532,18.673739 10.116982 6.5438269,
  18.259486 11.170636 6.0143532,18.436573 10.470156 6.5438269,
  18.223571 9.8382496 6.8495187,17.835876 11.591645 6.0143532,
  18.033577 10.964693 6.5438269,18.00822 10.158939 6.8495187,
  17.432769 11.924288 6.0143532,17.631328 11.364472 6.5438269,
  17.642291 10.607989 6.8495187,17.248549 11.680341 6.5438269,
  16.810586 12.336562 6.0143532,17.277041 10.970996 6.8495187,
  16.481646 12.513199 6.0143532,16.92947 11.257812 6.8495187,
  16.65774 12.071825 6.5438269,16.345387 12.239555 6.5438269,
  15.652825 12.85203 6.0143532,16.393003 11.613287 6.8495187,
  16.10938 11.765589 6.8495187,15.558361 12.5613 6.5438269,
  14.413191 13.115522 6.0143532,15.394744 12.057741 6.8495187,
  14.381238 12.811505 6.5438269,13.220186 13.122871 6.0143532,
  14.325893 12.284932 6.8495187,13.248392 12.818484 6.5438269,
  12.12055 12.917314 6.0143532,13.297245 12.291269 6.8495187,
  12.204207 12.623292 6.5438269,11.077409 12.513199 6.0143532,
  12.349104 12.11403 6.8495187,10.748469 12.336562 6.0143532,
  11.213668 12.239555 6.5438269,10.901315 12.071825 6.5438269,
  10.126286 11.924288 6.0143532,11.449675 11.765589 6.8495187,
  9.7231795 11.591645 6.0143532,11.166052 11.613287 6.8495187,
  10.310506 11.680341 6.5438269,9.299569 11.170636 6.0143532,
  9.9277272 11.364472 6.5438269,10.629585 11.257812 6.8495187,
  8.8751718 10.649837 6.0143532,9.5254779 10.964693 6.5438269,
  10.282014 10.970996 6.8495187,8.6254117 10.277908 6.0143532,
  9.1224816 10.470156 6.5438269,9.9167637 10.607989 6.8495187,
  8.8853161 10.116982 6.5438269,8.241508 9.5522993 6.0143532,
  9.5508349 10.158939 6.8495187,9.3354837 9.8382496 6.8495187,
  8.5207713 9.4279633 6.5438269,7.8498822 8.3469992 6.0143532,
  9.0044696 9.2126069 6.8495187,8.1488939 8.2834423 6.5438269,
  8.6667974 8.1733585 6.8495187] }
 coordIndex [
  75,69,70,-1,76,34,35,-1,76,35,36,-1,76,36,37,-1,77,32,33,-1,77,33,34,-1,77,34,76,-1,78,37,38,-1,
  78,76,37,-1,79,32,77,-1,79,29,30,-1,79,30,31,-1,79,31,32,-1,80,76,78,-1,80,77,76,-1,81,78,38,-1,
  81,38,39,-1,82,29,79,-1,82,79,77,-1,82,28,29,-1,82,77,80,-1,83,81,39,-1,83,39,40,-1,84,78,81,-1,
  84,80,78,-1,85,83,40,-1,86,81,83,-1,86,84,81,-1,87,27,28,-1,87,28,82,-1,87,82,80,-1,87,80,84,-1,
  88,85,40,-1,88,40,41,-1,89,83,85,-1,89,86,83,-1,89,85,88,-1,90,84,86,-1,90,87,84,-1,90,27,87,-1,
  91,88,41,-1,92,89,88,-1,93,27,90,-1,93,26,27,-1,93,90,86,-1,93,86,89,-1,94,92,88,-1,94,88,91,-1,
  95,91,41,-1,95,41,42,-1,96,89,92,-1,96,26,93,-1,96,93,89,-1,97,95,42,-1,98,92,94,-1,98,26,96,-1,
  98,25,26,-1,98,96,92,-1,99,94,91,-1,99,91,95,-1,100,95,97,-1,100,99,95,-1,101,42,43,-1,101,97,42,-1,
  102,94,99,-1,102,25,98,-1,102,99,100,-1,102,98,94,-1,103,25,102,-1,103,24,25,-1,103,102,100,-1,104,100,97,-1,
  104,97,101,-1,105,101,43,-1,105,43,44,-1,106,100,104,-1,106,103,100,-1,106,24,103,-1,107,104,101,-1,107,101,105,-1,
  107,106,104,-1,108,105,44,-1,108,44,45,-1,109,23,24,-1,109,24,106,-1,109,106,107,-1,110,105,108,-1,110,107,105,-1,
  111,45,46,-1,111,108,45,-1,111,110,108,-1,112,109,107,-1,112,22,23,-1,112,107,110,-1,112,23,109,-1,113,110,111,-1,
  114,46,47,-1,114,111,46,-1,115,21,22,-1,115,110,113,-1,115,22,112,-1,115,112,110,-1,116,47,48,-1,116,114,47,-1,
  117,113,111,-1,117,111,114,-1,117,115,113,-1,117,114,116,-1,118,117,116,-1,119,116,48,-1,120,20,21,-1,120,115,117,-1,
  120,21,115,-1,121,48,49,-1,121,119,48,-1,122,20,120,-1,122,117,118,-1,122,120,117,-1,123,118,116,-1,123,116,119,-1,
  124,121,49,-1,125,119,121,-1,125,123,119,-1,126,19,20,-1,126,20,122,-1,126,123,125,-1,126,118,123,-1,126,122,118,-1,
  127,49,50,-1,127,124,49,-1,128,121,124,-1,128,125,121,-1,129,19,126,-1,129,126,125,-1,130,127,50,-1,131,124,127,-1,
  131,128,124,-1,131,127,130,-1,132,129,125,-1,132,125,128,-1,132,19,129,-1,132,18,19,-1,133,131,130,-1,134,133,130,-1,
  134,130,50,-1,134,50,51,-1,135,128,131,-1,135,18,132,-1,135,132,128,-1,136,135,131,-1,136,18,135,-1,136,17,18,-1,
  136,131,133,-1,137,133,134,-1,138,134,51,-1,138,51,52,-1,139,133,137,-1,139,17,136,-1,139,136,133,-1,140,137,134,-1,
  140,134,138,-1,141,138,52,-1,141,52,53,-1,142,16,17,-1,142,17,139,-1,142,139,137,-1,142,137,140,-1,143,140,138,-1,
  143,138,141,-1,144,141,53,-1,144,53,54,-1,144,54,55,-1,145,15,16,-1,145,16,142,-1,145,140,143,-1,145,142,140,-1,
  146,143,141,-1,146,141,144,-1,147,144,55,-1,148,14,15,-1,148,15,145,-1,148,143,146,-1,148,145,143,-1,149,146,144,-1,
  149,144,147,-1,149,148,146,-1,150,55,56,-1,150,147,55,-1,151,13,14,-1,151,14,148,-1,151,148,149,-1,152,56,57,-1,
  152,150,56,-1,153,149,147,-1,153,147,150,-1,154,152,57,-1,155,150,152,-1,155,153,150,-1,156,12,13,-1,156,13,151,-1,
  156,149,153,-1,156,151,149,-1,157,57,58,-1,157,154,57,-1,158,152,154,-1,158,155,152,-1,159,12,156,-1,159,153,155,-1,
  159,155,158,-1,159,156,153,-1,160,157,58,-1,161,154,157,-1,161,158,154,-1,162,11,12,-1,162,12,159,-1,162,159,158,-1,
  163,157,160,-1,163,161,157,-1,164,58,59,-1,164,160,58,-1,165,158,161,-1,165,162,158,-1,165,11,162,-1,166,164,59,-1,
  167,165,161,-1,167,161,163,-1,167,10,11,-1,167,11,165,-1,168,160,164,-1,168,163,160,-1,169,164,166,-1,169,168,164,-1,
  170,166,59,-1,170,59,60,-1,171,167,163,-1,171,10,167,-1,171,163,168,-1,172,10,171,-1,172,9,10,-1,172,171,168,-1,
  172,168,169,-1,173,169,166,-1,173,172,169,-1,173,166,170,-1,174,170,60,-1,174,60,61,-1,175,9,172,-1,175,172,173,-1,
  176,173,170,-1,176,170,174,-1,177,174,61,-1,177,61,62,-1,178,8,9,-1,178,173,176,-1,178,9,175,-1,178,175,173,-1,
  179,176,174,-1,179,174,177,-1,180,177,62,-1,180,179,177,-1,180,62,63,-1,181,7,8,-1,181,176,179,-1,181,178,176,-1,
  181,8,178,-1,182,179,180,-1,182,181,179,-1,183,180,63,-1,183,63,64,-1,183,182,180,-1,184,6,7,-1,184,181,182,-1,
  184,7,181,-1,185,64,65,-1,185,183,64,-1,186,182,183,-1,186,184,182,-1,187,183,185,-1,187,186,183,-1,188,185,65,-1,
  189,5,6,-1,189,6,184,-1,189,184,186,-1,190,65,66,-1,190,188,65,-1,191,5,189,-1,191,186,187,-1,191,189,186,-1,
  192,187,185,-1,192,185,188,-1,193,190,66,-1,194,188,190,-1,194,192,188,-1,195,4,5,-1,195,192,194,-1,195,187,192,-1,
  195,191,187,-1,195,5,191,-1,196,66,67,-1,196,193,66,-1,197,194,190,-1,197,190,193,-1,198,4,195,-1,198,195,194,-1,
  199,196,67,-1,200,193,196,-1,200,197,193,-1,201,3,4,-1,201,4,198,-1,201,198,194,-1,201,197,200,-1,201,194,197,-1,
  202,196,199,-1,202,200,196,-1,203,199,67,-1,203,67,68,-1,204,201,200,-1,204,3,201,-1,204,200,202,-1,205,2,3,-1,
  205,3,204,-1,205,204,202,-1,206,199,203,-1,206,202,199,-1,207,69,75,-1,207,203,68,-1,207,68,69,-1,207,75,74,-1,
  208,2,205,-1,208,205,202,-1,208,202,206,-1,209,203,207,-1,209,206,203,-1,209,207,74,-1,209,73,72,-1,209,74,73,-1,
  210,0,1,-1,210,1,2,-1,210,2,208,-1,210,206,209,-1,210,208,206,-1,210,209,72,-1,210,71,0,-1,210,72,71,-1]
  normalPerVertex TRUE
  normal DEF NORM_74 Normal { vector [
  -0.13051391 0.013717565 0.99135158,-0.12767388 0.027137921 0.99144486,
  -0.11750928 0.049905679 0.99181702,-0.099180754 0.072960012 0.99239106,
  -0.082430992 0.091186375 0.99241633,-0.062820372 0.10637039 0.99234013,
  -0.041311197 0.11985772 0.9919312,-0.016648095 0.12697759 0.99176587,
  0.0093001698 0.12937636 0.99155195,0.037754412 0.12226445 0.99177921,
  0.062820372 0.10637039 0.99234013,0.082430992 0.091186375 0.99241633,
  0.099180754 0.072960012 0.99239106,0.11467451 0.052966179 0.99199009,
  0.12397202 0.029176674 0.99185667,0.12884056 0.0038135424 0.99165799,
  0.12866177 -0.02248317 0.99143364,0.11750928 -0.049905679 0.99181702,
  0.099180754 -0.072960012 0.99239106,0.082430992 -0.091186375 0.99241633,
  0.062820372 -0.10637039 0.99234013,0.041311197 -0.11985772 0.9919312,
  0.016648095 -0.12697759 0.99176587,-0.0093001698 -0.12937636 0.99155195,
  -0.037754412 -0.12226445 0.99177921,-0.062820372 -0.10637039 0.99234013,
  -0.082430992 -0.091186375 0.99241633,-0.099180754 -0.072960012 0.99239106,
  -0.11467451 -0.052966179 0.99199009,-0.12397202 -0.029176674 0.99185667,
  -0.12797897 -0.012680243 0.99169582,-0.25874464 -0.023976222 0.96564815,
  -0.49890558 -0.066127938 0.86412981,-0.70559375 -0.06538289 0.70559375,
  -0.86183087 -0.098302651 0.49757828,-0.96207973 -0.089149816 0.25778849,
  -0.98728714 -0.091485626 0.12997882,-0.96851131 -0.21204855 0.13046557,
  -0.91305674 -0.3864015 0.13046557,-0.84295161 -0.52913658 0.097196006,
  -0.73822996 -0.66998511 0.078335725,-0.59537038 -0.79943415 0.080244382,
  -0.43000532 -0.8983518 0.089774581,-0.247959 -0.96011698 0.12919646,
  -0.061878751 -0.98939949 0.13137603,0.12178104 -0.98394518 0.13046557,
  0.30050694 -0.94481444 0.13046557,0.4474688 -0.88882558 0.098796571,
  0.59537038 -0.79943415 0.080244382,0.73822996 -0.66998511 0.078335725,
  0.85298902 -0.51511533 0.08405914,0.93213593 -0.33981616 0.12509029,
  0.97894886 -0.15385748 0.13411562,0.99098438 0.030474533 0.13046557,
  0.97456363 0.18217752 0.13052619,0.9244948 0.35815119 0.13052619,
  0.84295161 0.52913658 0.097196006,0.73822996 0.66998511 0.078335725,
  0.59537038 0.79943415 0.080244382,0.43000532 0.8983518 0.089774581,
  0.247959 0.96011698 0.12919646,0.061878751 0.98939949 0.13137603,
  -0.12178104 0.98394518 0.13046557,-0.30050694 0.94481444 0.13046557,
  -0.4474688 0.88882558 0.098796571,-0.59537038 0.79943415 0.080244382,
  -0.73822996 0.66998511 0.078335725,-0.85298902 0.51511533 0.08405914,
  -0.93213593 0.33981616 0.12509029,-0.97894886 0.15385748 0.13411562,
  -0.98728714 0.091485626 0.12997882,-0.25872333 0.027192918 0.96556863,
  -0.49877337 0.070003697 0.86390081,-0.705162 0.074115513 0.705162,
  -0.86107339 0.10678715 0.49714095,-0.96746489 0.097889619 0.23330089,
  -0.90799886 -0.17476045 0.38078452,-0.66675664 -0.133861 0.73315538,
  -0.85964363 -0.34025108 0.38110632,-0.34520188 -0.06852023 0.93602384,
  -0.66628773 -0.25021717 0.7024614,-0.81845072 -0.45059247 0.35651766,
  -0.362592 -0.12755599 0.9231774,-0.74391532 -0.57085358 0.34744234,
  -0.64992884 -0.34944244 0.67489443,-0.6865782 -0.61819779 0.38267724,
  -0.56013357 -0.41854757 0.71489042,-0.33860924 -0.17877452 0.92378756,
  -0.62650852 -0.68724711 0.36766628,-0.5477945 -0.49797629 0.67226543,
  -0.33119001 -0.24211194 0.91197313,-0.52633509 -0.74190237 0.41539408,
  -0.45025304 -0.50052123 0.73942592,-0.27125537 -0.23666396 0.93295804,
  -0.41515371 -0.56450885 0.71342635,-0.49039967 -0.80615266 0.33109825,
  -0.2853301 -0.30387106 0.90898246,-0.36157045 -0.83261131 0.41955359,
  -0.2117541 -0.28164783 0.93586041,-0.40339829 -0.63790305 0.6560103,
  -0.27885905 -0.61064316 0.74118322,-0.25237143 -0.88735299 0.38589291,
  -0.22838695 -0.36885759 0.90099028,-0.12947865 -0.29081381 0.94797817,
  -0.22305107 -0.70581566 0.67236335,-0.090471683 -0.9165631 0.38952145,
  -0.12129391 -0.41653848 0.90099028,-0.08983773 -0.68097271 0.72677737,
  0.06842966 -0.93381613 0.35114786,-0.040376525 -0.34602293 0.93735685,
  0.070105818 -0.73624314 0.67307594,0.24206012 -0.88271669 0.40276314,
  0.020474167 -0.38497796 0.92269864,0.19350896 -0.68011343 0.70710678,
  0.36183625 -0.87102087 0.33226071,0.11054371 -0.39160284 0.91346992,
  0.48930626 -0.79025675 0.36888162,0.27857068 -0.65814925 0.69945546,
  0.35167686 -0.56094768 0.74944052,0.54569526 -0.73206009 0.40780473,
  0.12865644 -0.30263414 0.94438345,0.6385158 -0.68898526 0.34292403,
  0.20882295 -0.34892313 0.91358942,0.43373851 -0.61252744 0.66081846,
  0.6840006 -0.60126951 0.41305951,0.45574942 -0.50941592 0.7299232,
  0.22593526 -0.31097321 0.92317329,0.76091495 -0.5746163 0.30137112,
  0.5234025 -0.47687184 0.70614664,0.25781634 -0.28281105 0.92387697,
  0.7863902 -0.46657093 0.40484815,0.59579526 -0.44610325 0.66784721,
  0.26079521 -0.24259063 0.93441728,0.62248966 -0.34743526 0.70128123,
  0.84635287 -0.34861477 0.4026842,0.33156938 -0.25756171 0.90759226,
  0.2990217 -0.17909254 0.93728965,0.62037847 -0.24099091 0.74636046,
  0.90202876 -0.17852922 0.39302854,0.37579039 -0.16375629 0.91212141,
  0.69438817 -0.15614329 0.70245594,0.92250617 -0.0013738719 0.3859799,
  0.37548975 -0.094414721 0.92200505,0.71540081 -0.016636299 0.69851622,
  0.91550073 0.1870163 0.35620685,0.38706099 -0.017876288 0.92188081,
  0.73580633 0.11996167 0.66648199,0.84249994 0.34733321 0.41176874,
  0.39973939 0.073711544 0.91366023,0.6439985 0.23583418 0.72776931,
  0.81845072 0.45059247 0.35651766,0.32318661 0.12399653 0.93817657,
  0.74391532 0.57085358 0.34744234,0.64992884 0.34944244 0.67489443,
  0.67010798 0.6183979 0.41053542,0.59513747 0.43859437 0.67338427,
  0.33860924 0.17877452 0.92378756,0.62801961 0.70063568 0.33867538,
  0.51581768 0.45487443 0.72596238,0.34612589 0.26138214 0.90104176,
  0.52633509 0.74190237 0.41539408,0.48493626 0.52652464 0.69828979,
  0.23559815 0.21213352 0.94841599,0.41515371 0.56450885 0.71342635,
  0.49039967 0.80615266 0.33109825,0.2853301 0.30387106 0.90898246,
  0.36157045 0.83261131 0.41955359,0.2117541 0.28164783 0.93586041,
  0.38809386 0.62063699 0.68131702,0.30593419 0.66527787 0.6810357,
  0.25237143 0.88735299 0.38589291,0.22687165 0.35667433 0.90626303,
  0.15671427 0.35198601 0.92279276,0.20184397 0.64930417 0.73325514,
  0.090471683 0.9165631 0.38952145,0.10703495 0.36757144 0.92381532,
  0.087005377 0.70827615 0.70055333,-0.06842966 0.93381613 0.35114786,
  0.056453084 0.38318464 0.921945,-0.066252404 0.7663292 0.63902283,
  -0.2260002 0.8965428 0.38096578,-0.034055392 0.4059997 0.91323845,
  -0.20185045 0.68249862 0.7024614,-0.35500542 0.84944503 0.39040273,
  -0.11476461 0.36634909 0.92337285,-0.49824867 0.79227507 0.35220515,
  -0.25195929 0.59527735 0.76299502,-0.36085438 0.58905976 0.72304406,
  -0.54569526 0.73206009 0.40780473,-0.12865644 0.30263414 0.94438345,
  -0.6385158 0.68898526 0.34292403,-0.20882295 0.34892313 0.91358942,
  -0.43373851 0.61252744 0.66081846,-0.6840006 0.60126951 0.41305951,
  -0.45574942 0.50941592 0.7299232,-0.22593526 0.31097321 0.92317329,
  -0.75667301 0.56161024 0.33472362,-0.54602307 0.50491658 0.6685193,
  -0.25781634 0.28281105 0.92387697,-0.7915839 0.44614274 0.41755428,
  -0.56254823 0.43719695 0.70171099,-0.28551769 0.25708128 0.92324908,
  -0.58160374 0.34373987 0.73727878,-0.85785067 0.33883767 0.38636935,
  -0.33119001 0.24211194 0.91197313,-0.27511959 0.15884037 0.94819774,
  -0.64571042 0.26645226 0.71558455,-0.91015482 0.19739166 0.36421797,
  -0.37579039 0.16375629 0.91212141,-0.72196138 0.16876935 0.67103552,
  -0.35601071 0.088948533 0.93023897] }
}
}
] }
DEF TXFM_17 Transform {
  center 0 0 0
  rotation 0 0 1 0
  scale 1 1 1
  scaleOrientation 0 0 1 0
  translation 0 0 0
 children [
DEF SHAPE_75 Shape {
 appearance DEF APP_5 Appearance {
  material Material {
   ambientIntensity 0.24037988
   diffuseColor 0.29803923 0.39215687 1
   emissiveColor 0 0 0
   shininess 0.1
   specularColor 0.12 0.12 0.12
   transparency 0
} }
 geometry DEF FACE_75 IndexedFaceSet {
  coord DEF COORD_75 Coordinate { point [
  22.32707 9.4488189 0.59055118,22.32707 5.511811 0.59055118,
  22.32707 9.4488189 4.7244094,22.32707 5.511811 4.7244094] }
 coordIndex [
  2,1,0,-1,2,3,1,-1]
  normalPerVertex TRUE
  normal DEF NORM_75 Normal { vector [
  1 0 0,1 0 0,
  1 0 0,1 0 0] }
}
}
DEF SHAPE_76 Shape {
 appearance USE APP_5
 geometry DEF FACE_76 IndexedFaceSet {
  coord DEF COORD_76 Coordinate { point [
  22.32707 5.511811 0.59055118,20.456991 5.511811 0.59055118,
  22.32707 5.511811 4.7244094,20.456991 5.511811 4.7244094] }
 coordIndex [
  2,1,0,-1,2,3,1,-1]
  normalPerVertex TRUE
  normal DEF NORM_76 Normal { vector [
  0 -1 0,0 -1 0,
  0 -1 0,0 -1 0] }
}
}
DEF SHAPE_77 Shape {
 appearance USE APP_5
 geometry DEF FACE_77 IndexedFaceSet {
  coord DEF COORD_77 Coordinate { point [
  20.456991 5.511811 0.59055118,20.456991 9.4488189 0.59055118,
  20.456991 5.511811 4.7244094,20.456991 9.4488189 4.7244094] }
 coordIndex [
  2,1,0,-1,2,3,1,-1]
  normalPerVertex TRUE
  normal DEF NORM_77 Normal { vector [
  -1 0 0,-1 0 0,
  -1 0 0,-1 0 0] }
}
}
DEF SHAPE_78 Shape {
 appearance USE APP_5
 geometry DEF FACE_78 IndexedFaceSet {
  coord DEF COORD_78 Coordinate { point [
  20.456991 9.4488189 0.59055118,22.32707 9.4488189 0.59055118,
  20.456991 9.4488189 4.7244094,22.32707 9.4488189 4.7244094] }
 coordIndex [
  2,1,0,-1,2,3,1,-1]
  normalPerVertex TRUE
  normal DEF NORM_78 Normal { vector [
  0 1 0,0 1 0,
  0 1 0,0 1 0] }
}
}
DEF SHAPE_79 Shape {
 appearance USE APP_5
 geometry DEF FACE_79 IndexedFaceSet {
  coord DEF COORD_79 Coordinate { point [
  22.32707 9.4488189 4.7244094,20.456991 9.4488189 4.7244094,
  20.456991 5.511811 4.7244094,22.32707 5.511811 4.7244094] }
 coordIndex [
  0,1,2,-1,0,2,3,-1]
  normalPerVertex TRUE
  normal DEF NORM_79 Normal { vector [
  0 0 1,0 0 1,
  0 0 1,0 0 1] }
}
}
DEF SHAPE_80 Shape {
 appearance USE APP_5
 geometry DEF FACE_80 IndexedFaceSet {
  coord DEF COORD_80 Coordinate { point [
  20.456991 5.511811 0.59055118,20.456991 9.4488189 0.59055118,
  22.32707 5.511811 0.59055118,22.32707 9.4488189 0.59055118] }
 coordIndex [
  0,3,2,-1,0,1,3,-1]
  normalPerVertex TRUE
  normal DEF NORM_80 Normal { vector [
  0 0 -1,0 0 -1,
  0 0 -1,0 0 -1] }
}
}
] }
DEF TXFM_18 Transform {
  center 0 0 0
  rotation 0 0 1 0
  scale 1 1 1
  scaleOrientation 0 0 1 0
  translation 0 0 0
 children [
DEF SHAPE_81 Shape {
 appearance USE APP_5
 geometry DEF FACE_81 IndexedFaceSet {
  coord DEF COORD_81 Coordinate { point [
  20.456991 1.1811024 0.59055118,20.456991 5.1181102 0.59055118,
  20.456991 1.1811024 4.7244094,20.456991 5.1181102 4.7244094] }
 coordIndex [
  2,1,0,-1,2,3,1,-1]
  normalPerVertex TRUE
  normal DEF NORM_81 Normal { vector [
  -1 0 0,-1 0 0,
  -1 0 0,-1 0 0] }
}
}
DEF SHAPE_82 Shape {
 appearance USE APP_5
 geometry DEF FACE_82 IndexedFaceSet {
  coord DEF COORD_82 Coordinate { point [
  20.456991 5.1181102 0.59055118,22.32707 5.1181102 0.59055118,
  20.456991 5.1181102 4.7244094,22.32707 5.1181102 4.7244094] }
 coordIndex [
  2,1,0,-1,2,3,1,-1]
  normalPerVertex TRUE
  normal DEF NORM_82 Normal { vector [
  0 1 0,0 1 0,
  0 1 0,0 1 0] }
}
}
DEF SHAPE_83 Shape {
 appearance USE APP_5
 geometry DEF FACE_83 IndexedFaceSet {
  coord DEF COORD_83 Coordinate { point [
  22.32707 5.1181102 0.59055118,22.32707 1.1811024 0.59055118,
  22.32707 5.1181102 4.7244094,22.32707 1.1811024 4.7244094] }
 coordIndex [
  2,1,0,-1,2,3,1,-1]
  normalPerVertex TRUE
  normal DEF NORM_83 Normal { vector [
  1 0 0,1 0 0,
  1 0 0,1 0 0] }
}
}
DEF SHAPE_84 Shape {
 appearance USE APP_5
 geometry DEF FACE_84 IndexedFaceSet {
  coord DEF COORD_84 Coordinate { point [
  22.32707 1.1811024 0.59055118,20.456991 1.1811024 0.59055118,
  22.32707 1.1811024 4.7244094,20.456991 1.1811024 4.7244094] }
 coordIndex [
  2,1,0,-1,2,3,1,-1]
  normalPerVertex TRUE
  normal DEF NORM_84 Normal { vector [
  0 -1 0,0 -1 0,
  0 -1 0,0 -1 0] }
}
}
DEF SHAPE_85 Shape {
 appearance USE APP_5
 geometry DEF FACE_85 IndexedFaceSet {
  coord DEF COORD_85 Coordinate { point [
  20.456991 1.1811024 4.7244094,22.32707 1.1811024 4.7244094,
  22.32707 5.1181102 4.7244094,20.456991 5.1181102 4.7244094] }
 coordIndex [
  2,0,1,-1,2,3,0,-1]
  normalPerVertex TRUE
  normal DEF NORM_85 Normal { vector [
  0 0 1,0 0 1,
  0 0 1,0 0 1] }
}
}
DEF SHAPE_86 Shape {
 appearance USE APP_5
 geometry DEF FACE_86 IndexedFaceSet {
  coord DEF COORD_86 Coordinate { point [
  22.32707 5.1181102 0.59055118,22.32707 1.1811024 0.59055118,
  20.456991 5.1181102 0.59055118,20.456991 1.1811024 0.59055118] }
 coordIndex [
  3,0,1,-1,3,2,0,-1]
  normalPerVertex TRUE
  normal DEF NORM_86 Normal { vector [
  0 0 -1,0 0 -1,
  0 0 -1,0 0 -1] }
}
}
] }
DEF TXFM_19 Transform {
  center 0 0 0
  rotation 0 0 1 0
  scale 1 1 1
  scaleOrientation 0 0 1 0
  translation 0 0 0
 children [
DEF SHAPE_87 Shape {
 appearance USE APP_4
 geometry DEF FACE_87 IndexedFaceSet {
  coord DEF COORD_87 Coordinate { point [
  22.277857 8.9566929 5.3149606,22.262765 9.0713273 5.3149606,
  22.218518 9.1781496 5.3149606,22.148131 9.26988 5.3149606,
  22.0564 9.3402672 5.3149606,21.949578 9.3845144 5.3149606,
  21.834944 9.3996063 5.3149606,21.720309 9.3845144 5.3149606,
  21.613487 9.3402672 5.3149606,21.521757 9.26988 5.3149606,
  21.45137 9.1781496 5.3149606,21.407122 9.0713273 5.3149606,
  21.39203 8.9566929 5.3149606,21.407122 8.8420585 5.3149606,
  21.45137 8.7352362 5.3149606,21.521757 8.6435059 5.3149606,
  21.613487 8.5731187 5.3149606,21.720309 8.5288714 5.3149606,
  21.834944 8.5137795 5.3149606,21.949578 8.5288714 5.3149606,
  22.0564 8.5731187 5.3149606,22.148131 8.6435059 5.3149606,
  22.218518 8.7352362 5.3149606,22.262765 8.8420585 5.3149606,
  22.277857 8.9566929 5.3149606,22.277857 8.9566929 4.7244094,
  22.262765 9.0713273 4.7244094,22.218518 9.1781496 4.7244094,
  22.148131 9.26988 4.7244094,22.0564 9.3402672 4.7244094,
  21.949578 9.3845144 4.7244094,21.834944 9.3996063 4.7244094,
  21.720309 9.3845144 4.7244094,21.613487 9.3402672 4.7244094,
  21.521757 9.26988 4.7244094,21.45137 9.1781496 4.7244094,
  21.407122 9.0713273 4.7244094,21.39203 8.9566929 4.7244094,
  21.407122 8.8420585 4.7244094,21.45137 8.7352362 4.7244094,
  21.521757 8.6435059 4.7244094,21.613487 8.5731187 4.7244094,
  21.720309 8.5288714 4.7244094,21.834944 8.5137795 4.7244094,
  21.949578 8.5288714 4.7244094,22.0564 8.5731187 4.7244094,
  22.148131 8.6435059 4.7244094,22.218518 8.7352362 4.7244094,
  22.262765 8.8420585 4.7244094,22.277857 8.9566929 4.7244094] }
 coordIndex [
  1,0,25,-1,1,25,26,-1,2,26,27,-1,2,1,26,-1,3,27,28,-1,3,2,27,-1,4,28,29,-1,4,3,28,-1,
  5,29,30,-1,5,4,29,-1,6,30,31,-1,6,5,30,-1,7,31,32,-1,7,6,31,-1,8,32,33,-1,8,7,32,-1,
  9,33,34,-1,9,8,33,-1,10,34,35,-1,10,9,34,-1,11,35,36,-1,11,10,35,-1,12,11,36,-1,12,36,37,-1,
  13,12,37,-1,13,37,38,-1,13,38,39,-1,14,13,39,-1,15,14,39,-1,15,39,40,-1,16,15,40,-1,16,40,41,-1,
  17,16,41,-1,17,41,42,-1,18,17,42,-1,18,42,43,-1,19,18,43,-1,19,43,44,-1,20,19,44,-1,20,44,45,-1,
  20,45,46,-1,21,20,46,-1,22,21,46,-1,22,46,47,-1,23,22,47,-1,23,47,48,-1,24,48,49,-1,24,23,48,-1]
  normalPerVertex TRUE
  normal DEF NORM_87 Normal { vector [
  0.99144486 0.13052619 0,0.9763442 0.21622209 0,
  0.88711369 0.46155098 0,0.73742784 0.67542593 0,
  0.5374875 0.84327172 0,0.30091828 0.95364993 0,
  0.04384197 0.99903848 0,-0.21622209 0.9763442 0,
  -0.46155098 0.88711369 0,-0.67542593 0.73742784 0,
  -0.84327172 0.5374875 0,-0.95364993 0.30091828 0,
  -0.99903848 0.04384197 0,-0.96592583 -0.25881905 0,
  -0.8660254 -0.5 0,-0.73742784 -0.67542593 0,
  -0.5374875 -0.84327172 0,-0.30091828 -0.95364993 0,
  -0.04384197 -0.99903848 0,0.21622209 -0.9763442 0,
  0.5 -0.8660254 0,0.70710678 -0.70710678 0,
  0.84327172 -0.5374875 0,0.95364993 -0.30091828 0,
  0.99144486 -0.13052619 0,0.99144486 0.13052619 0,
  0.95364993 0.30091828 0,0.84327172 0.5374875 0,
  0.67542593 0.73742784 0,0.46155098 0.88711369 0,
  0.21622209 0.9763442 0,-0.04384197 0.99903848 0,
  -0.30091828 0.95364993 0,-0.5374875 0.84327172 0,
  -0.73742784 0.67542593 0,-0.88711369 0.46155098 0,
  -0.9763442 0.21622209 0,-0.99903848 -0.04384197 0,
  -0.96592583 -0.25881905 0,-0.8660254 -0.5 0,
  -0.67542593 -0.73742784 0,-0.46155098 -0.88711369 0,
  -0.21622209 -0.9763442 0,0.04384197 -0.99903848 0,
  0.30091828 -0.95364993 0,0.5 -0.8660254 0,
  0.70710678 -0.70710678 0,0.88711369 -0.46155098 0,
  0.9763442 -0.21622209 0,0.99144486 -0.13052619 0] }
}
}
DEF SHAPE_88 Shape {
 appearance USE APP_4
 geometry DEF FACE_88 IndexedFaceSet {
  coord DEF COORD_88 Coordinate { point [
  22.277857 8.9566929 5.3149606,22.262765 9.0713273 5.3149606,
  22.218518 9.1781496 5.3149606,22.148131 9.26988 5.3149606,
  22.0564 9.3402672 5.3149606,21.949578 9.3845144 5.3149606,
  21.834944 9.3996063 5.3149606,21.720309 9.3845144 5.3149606,
  21.613487 9.3402672 5.3149606,21.521757 9.26988 5.3149606,
  21.45137 9.1781496 5.3149606,21.407122 9.0713273 5.3149606,
  21.39203 8.9566929 5.3149606,21.407122 8.8420585 5.3149606,
  21.45137 8.7352362 5.3149606,21.521757 8.6435059 5.3149606,
  21.613487 8.5731187 5.3149606,21.720309 8.5288714 5.3149606,
  21.834944 8.5137795 5.3149606,21.949578 8.5288714 5.3149606,
  22.0564 8.5731187 5.3149606,22.148131 8.6435059 5.3149606,
  22.218518 8.7352362 5.3149606,22.262765 8.8420585 5.3149606] }
 coordIndex [
  23,0,1,-1,23,1,2,-1,8,5,6,-1,8,6,7,-1,10,8,9,-1,19,20,21,-1,19,21,22,-1,19,22,23,-1,
  12,10,11,-1,14,12,13,-1,15,2,3,-1,15,3,4,-1,15,4,5,-1,15,16,17,-1,15,17,18,-1,15,18,19,-1,
  15,5,8,-1,15,23,2,-1,15,8,10,-1,15,10,12,-1,15,12,14,-1,15,19,23,-1]
  normalPerVertex TRUE
  normal DEF NORM_88 Normal { vector [
  0 0 1,0 0 1,
  0 0 1,0 0 1,
  0 0 1,0 0 1,
  0 0 1,0 0 1,
  0 0 1,0 0 1,
  0 0 1,0 0 1,
  0 0 1,0 0 1,
  0 0 1,0 0 1,
  0 0 1,0 0 1,
  0 0 1,0 0 1,
  0 0 1,0 0 1,
  0 0 1,0 0 1] }
}
}
DEF SHAPE_89 Shape {
 appearance USE APP_4
 geometry DEF FACE_89 IndexedFaceSet {
  coord DEF COORD_89 Coordinate { point [
  22.277857 8.9566929 4.7244094,22.262765 9.0713273 4.7244094,
  22.218518 9.1781496 4.7244094,22.148131 9.26988 4.7244094,
  22.0564 9.3402672 4.7244094,21.949578 9.3845144 4.7244094,
  21.834944 9.3996063 4.7244094,21.720309 9.3845144 4.7244094,
  21.613487 9.3402672 4.7244094,21.521757 9.26988 4.7244094,
  21.45137 9.1781496 4.7244094,21.407122 9.0713273 4.7244094,
  21.39203 8.9566929 4.7244094,21.407122 8.8420585 4.7244094,
  21.45137 8.7352362 4.7244094,21.521757 8.6435059 4.7244094,
  21.613487 8.5731187 4.7244094,21.720309 8.5288714 4.7244094,
  21.834944 8.5137795 4.7244094,21.949578 8.5288714 4.7244094,
  22.0564 8.5731187 4.7244094,22.148131 8.6435059 4.7244094,
  22.218518 8.7352362 4.7244094,22.262765 8.8420585 4.7244094] }
 coordIndex [
  23,1,0,-1,23,2,1,-1,8,6,5,-1,8,7,6,-1,10,9,8,-1,19,21,20,-1,19,22,21,-1,19,23,22,-1,
  12,11,10,-1,14,13,12,-1,15,3,2,-1,15,4,3,-1,15,5,4,-1,15,17,16,-1,15,18,17,-1,15,19,18,-1,
  15,8,5,-1,15,2,23,-1,15,10,8,-1,15,12,10,-1,15,14,12,-1,15,23,19,-1]
  normalPerVertex TRUE
  normal DEF NORM_89 Normal { vector [
  0 0 -1,0 0 -1,
  0 0 -1,0 0 -1,
  0 0 -1,0 0 -1,
  0 0 -1,0 0 -1,
  0 0 -1,0 0 -1,
  0 0 -1,0 0 -1,
  0 0 -1,0 0 -1,
  0 0 -1,0 0 -1,
  0 0 -1,0 0 -1,
  0 0 -1,0 0 -1,
  0 0 -1,0 0 -1,
  0 0 -1,0 0 -1] }
}
}
] }
DEF TXFM_20 Transform {
  center 0 0 0
  rotation 0 0 1 0
  scale 1 1 1
  scaleOrientation 0 0 1 0
  translation 0 0 0
 children [
DEF SHAPE_90 Shape {
 appearance USE APP_4
 geometry DEF FACE_90 IndexedFaceSet {
  coord DEF COORD_90 Coordinate { point [
  22.277857 4.6259843 5.3149606,22.262765 4.7406187 5.3149606,
  22.218518 4.8474409 5.3149606,22.148131 4.9391713 5.3149606,
  22.0564 5.0095585 5.3149606,21.949578 5.0538057 5.3149606,
  21.834944 5.0688976 5.3149606,21.720309 5.0538057 5.3149606,
  21.613487 5.0095585 5.3149606,21.521757 4.9391713 5.3149606,
  21.45137 4.8474409 5.3149606,21.407122 4.7406187 5.3149606,
  21.39203 4.6259843 5.3149606,21.407122 4.5113498 5.3149606,
  21.45137 4.4045276 5.3149606,21.521757 4.3127972 5.3149606,
  21.613487 4.24241 5.3149606,21.720309 4.1981628 5.3149606,
  21.834944 4.1830709 5.3149606,21.949578 4.1981628 5.3149606,
  22.0564 4.24241 5.3149606,22.148131 4.3127972 5.3149606,
  22.218518 4.4045276 5.3149606,22.262765 4.5113498 5.3149606,
  22.277857 4.6259843 5.3149606,22.277857 4.6259843 4.7244094,
  22.262765 4.7406187 4.7244094,22.218518 4.8474409 4.7244094,
  22.148131 4.9391713 4.7244094,22.0564 5.0095585 4.7244094,
  21.949578 5.0538057 4.7244094,21.834944 5.0688976 4.7244094,
  21.720309 5.0538057 4.7244094,21.613487 5.0095585 4.7244094,
  21.521757 4.9391713 4.7244094,21.45137 4.8474409 4.7244094,
  21.407122 4.7406187 4.7244094,21.39203 4.6259843 4.7244094,
  21.407122 4.5113498 4.7244094,21.45137 4.4045276 4.7244094,
  21.521757 4.3127972 4.7244094,21.613487 4.24241 4.7244094,
  21.720309 4.1981628 4.7244094,21.834944 4.1830709 4.7244094,
  21.949578 4.1981628 4.7244094,22.0564 4.24241 4.7244094,
  22.148131 4.3127972 4.7244094,22.218518 4.4045276 4.7244094,
  22.262765 4.5113498 4.7244094,22.277857 4.6259843 4.7244094] }
 coordIndex [
  1,0,25,-1,1,25,26,-1,2,26,27,-1,2,1,26,-1,3,27,28,-1,3,2,27,-1,4,28,29,-1,4,3,28,-1,
  5,29,30,-1,5,4,29,-1,6,30,31,-1,6,5,30,-1,7,31,32,-1,7,6,31,-1,8,32,33,-1,8,7,32,-1,
  9,33,34,-1,9,8,33,-1,10,34,35,-1,10,9,34,-1,11,35,36,-1,11,10,35,-1,12,11,36,-1,12,36,37,-1,
  13,12,37,-1,13,37,38,-1,13,38,39,-1,14,13,39,-1,15,14,39,-1,15,39,40,-1,16,15,40,-1,16,40,41,-1,
  17,16,41,-1,17,41,42,-1,18,17,42,-1,18,42,43,-1,19,18,43,-1,19,43,44,-1,20,19,44,-1,20,44,45,-1,
  20,45,46,-1,21,20,46,-1,22,21,46,-1,22,46,47,-1,23,22,47,-1,23,47,48,-1,24,48,49,-1,24,23,48,-1]
  normalPerVertex TRUE
  normal DEF NORM_90 Normal { vector [
  0.99144486 0.13052619 0,0.9763442 0.21622209 0,
  0.88711369 0.46155098 0,0.73742784 0.67542593 0,
  0.5374875 0.84327172 0,0.30091828 0.95364993 0,
  0.04384197 0.99903848 0,-0.21622209 0.9763442 0,
  -0.46155098 0.88711369 0,-0.67542593 0.73742784 0,
  -0.84327172 0.5374875 0,-0.95364993 0.30091828 0,
  -0.99903848 0.04384197 0,-0.96592583 -0.25881905 0,
  -0.8660254 -0.5 0,-0.73742784 -0.67542593 0,
  -0.5374875 -0.84327172 0,-0.30091828 -0.95364993 0,
  -0.04384197 -0.99903848 0,0.21622209 -0.9763442 0,
  0.5 -0.8660254 0,0.70710678 -0.70710678 0,
  0.84327172 -0.5374875 0,0.95364993 -0.30091828 0,
  0.99144486 -0.13052619 0,0.99144486 0.13052619 0,
  0.95364993 0.30091828 0,0.84327172 0.5374875 0,
  0.67542593 0.73742784 0,0.46155098 0.88711369 0,
  0.21622209 0.9763442 0,-0.04384197 0.99903848 0,
  -0.30091828 0.95364993 0,-0.5374875 0.84327172 0,
  -0.73742784 0.67542593 0,-0.88711369 0.46155098 0,
  -0.9763442 0.21622209 0,-0.99903848 -0.04384197 0,
  -0.96592583 -0.25881905 0,-0.8660254 -0.5 0,
  -0.67542593 -0.73742784 0,-0.46155098 -0.88711369 0,
  -0.21622209 -0.9763442 0,0.04384197 -0.99903848 0,
  0.30091828 -0.95364993 0,0.5 -0.8660254 0,
  0.70710678 -0.70710678 0,0.88711369 -0.46155098 0,
  0.9763442 -0.21622209 0,0.99144486 -0.13052619 0] }
}
}
DEF SHAPE_91 Shape {
 appearance USE APP_4
 geometry DEF FACE_91 IndexedFaceSet {
  coord DEF COORD_91 Coordinate { point [
  22.277857 4.6259843 5.3149606,22.262765 4.7406187 5.3149606,
  22.218518 4.8474409 5.3149606,22.148131 4.9391713 5.3149606,
  22.0564 5.0095585 5.3149606,21.949578 5.0538057 5.3149606,
  21.834944 5.0688976 5.3149606,21.720309 5.0538057 5.3149606,
  21.613487 5.0095585 5.3149606,21.521757 4.9391713 5.3149606,
  21.45137 4.8474409 5.3149606,21.407122 4.7406187 5.3149606,
  21.39203 4.6259843 5.3149606,21.407122 4.5113498 5.3149606,
  21.45137 4.4045276 5.3149606,21.521757 4.3127972 5.3149606,
  21.613487 4.24241 5.3149606,21.720309 4.1981628 5.3149606,
  21.834944 4.1830709 5.3149606,21.949578 4.1981628 5.3149606,
  22.0564 4.24241 5.3149606,22.148131 4.3127972 5.3149606,
  22.218518 4.4045276 5.3149606,22.262765 4.5113498 5.3149606] }
 coordIndex [
  23,0,1,-1,23,1,2,-1,8,5,6,-1,8,6,7,-1,10,8,9,-1,19,20,21,-1,19,21,22,-1,19,22,23,-1,
  12,10,11,-1,14,12,13,-1,15,2,3,-1,15,3,4,-1,15,4,5,-1,15,16,17,-1,15,17,18,-1,15,18,19,-1,
  15,5,8,-1,15,23,2,-1,15,8,10,-1,15,10,12,-1,15,12,14,-1,15,19,23,-1]
  normalPerVertex TRUE
  normal DEF NORM_91 Normal { vector [
  0 0 1,0 0 1,
  0 0 1,0 0 1,
  0 0 1,0 0 1,
  0 0 1,0 0 1,
  0 0 1,0 0 1,
  0 0 1,0 0 1,
  0 0 1,0 0 1,
  0 0 1,0 0 1,
  0 0 1,0 0 1,
  0 0 1,0 0 1,
  0 0 1,0 0 1,
  0 0 1,0 0 1] }
}
}
DEF SHAPE_92 Shape {
 appearance USE APP_4
 geometry DEF FACE_92 IndexedFaceSet {
  coord DEF COORD_92 Coordinate { point [
  22.277857 4.6259843 4.7244094,22.262765 4.7406187 4.7244094,
  22.218518 4.8474409 4.7244094,22.148131 4.9391713 4.7244094,
  22.0564 5.0095585 4.7244094,21.949578 5.0538057 4.7244094,
  21.834944 5.0688976 4.7244094,21.720309 5.0538057 4.7244094,
  21.613487 5.0095585 4.7244094,21.521757 4.9391713 4.7244094,
  21.45137 4.8474409 4.7244094,21.407122 4.7406187 4.7244094,
  21.39203 4.6259843 4.7244094,21.407122 4.5113498 4.7244094,
  21.45137 4.4045276 4.7244094,21.521757 4.3127972 4.7244094,
  21.613487 4.24241 4.7244094,21.720309 4.1981628 4.7244094,
  21.834944 4.1830709 4.7244094,21.949578 4.1981628 4.7244094,
  22.0564 4.24241 4.7244094,22.148131 4.3127972 4.7244094,
  22.218518 4.4045276 4.7244094,22.262765 4.5113498 4.7244094] }
 coordIndex [
  23,1,0,-1,23,2,1,-1,8,6,5,-1,8,7,6,-1,10,9,8,-1,19,21,20,-1,19,22,21,-1,19,23,22,-1,
  12,11,10,-1,14,13,12,-1,15,3,2,-1,15,4,3,-1,15,5,4,-1,15,17,16,-1,15,18,17,-1,15,19,18,-1,
  15,8,5,-1,15,2,23,-1,15,10,8,-1,15,12,10,-1,15,14,12,-1,15,23,19,-1]
  normalPerVertex TRUE
  normal DEF NORM_92 Normal { vector [
  0 0 -1,0 0 -1,
  0 0 -1,0 0 -1,
  0 0 -1,0 0 -1,
  0 0 -1,0 0 -1,
  0 0 -1,0 0 -1,
  0 0 -1,0 0 -1,
  0 0 -1,0 0 -1,
  0 0 -1,0 0 -1,
  0 0 -1,0 0 -1,
  0 0 -1,0 0 -1,
  0 0 -1,0 0 -1,
  0 0 -1,0 0 -1] }
}
}
] }
] }
] }
] }
] }
DEF TXFM_21 Transform {
  center 0 0 0
  rotation 0 0 -1 1.5707963
  scale 1 1 1
  scaleOrientation 0 0 1 0
  translation -0.84645669 13.548228 0.31496063
 children [
USE TXFM_3
] }
DEF TXFM_22 Transform {
  center 0 0 0
  rotation 0 0 1 0
  scale 1 1 1
  scaleOrientation 0 0 1 0
  translation 0 0 0
 children [
DEF SHAPE_93 Shape {
 appearance DEF APP_6 Appearance {
  material Material {
   ambientIntensity 1
   diffuseColor 0.43000001 0.44999999 0.30000001
   emissiveColor 0 0 0
   shininess 0.0099999998
   specularColor 0.48699999 0.505 0.37
   transparency 0.1
} }
 geometry DEF FACE_93 IndexedFaceSet {
  coord DEF COORD_93 Coordinate { point [
  -11.58937 15.492126 0.31003937,-11.536925 15.755786 0.31003937,
  -11.387574 15.979306 0.31003937,-11.164054 16.128657 0.31003937,
  -10.900394 16.181102 0.31003937,-10.636734 16.128657 0.31003937,
  -10.413214 15.979306 0.31003937,-10.263863 15.755786 0.31003937,
  -10.211417 15.492126 0.31003937,-10.263863 15.228466 0.31003937,
  -10.413214 15.004946 0.31003937,-10.636734 14.855595 0.31003937,
  -10.900394 14.80315 0.31003937,-11.164054 14.855595 0.31003937,
  -11.387574 15.004946 0.31003937,-11.536925 15.228466 0.31003937,
  -14.488189 12.027559 0.31003937,-14.540634 11.763899 0.31003937,
  -14.689985 11.540379 0.31003937,-14.913506 11.391028 0.31003937,
  -15.177165 11.338583 0.31003937,-15.440825 11.391028 0.31003937,
  -15.664345 11.540379 0.31003937,-15.813697 11.763899 0.31003937,
  -15.866142 12.027559 0.31003937,-15.813697 12.291219 0.31003937,
  -15.664345 12.514739 0.31003937,-15.440825 12.66409 0.31003937,
  -15.177165 12.716535 0.31003937,-14.913506 12.66409 0.31003937,
  -14.689985 12.514739 0.31003937,-14.540634 12.291219 0.31003937,
  -11.535433 -15.354331 0.31003937,-11.482988 -15.090671 0.31003937,
  -11.333637 -14.867151 0.31003937,-11.110117 -14.7178 0.31003937,
  -10.846457 -14.665354 0.31003937,-10.582797 -14.7178 0.31003937,
  -10.359277 -14.867151 0.31003937,-10.209926 -15.090671 0.31003937,
  -10.15748 -15.354331 0.31003937,-10.209926 -15.617991 0.31003937,
  -10.359277 -15.841511 0.31003937,-10.582797 -15.990862 0.31003937,
  -10.846457 -16.043307 0.31003937,-11.110117 -15.990862 0.31003937,
  -11.333637 -15.841511 0.31003937,-11.482988 -15.617991 0.31003937,
  -0.31496063 12.027559 0.31003937,-0.26251543 12.291219 0.31003937,
  -0.11316412 12.514739 0.31003937,0.1103559 12.66409 0.31003937,
  0.37401575 12.716535 0.31003937,0.63767559 12.66409 0.31003937,
  0.86119562 12.514739 0.31003937,1.0105469 12.291219 0.31003937,
  1.0629921 12.027559 0.31003937,1.0105469 11.763899 0.31003937,
  0.86119562 11.540379 0.31003937,0.63767559 11.391028 0.31003937,
  0.37401575 11.338583 0.31003937,0.1103559 11.391028 0.31003937,
  -0.11316412 11.540379 0.31003937,-0.26251543 11.763899 0.31003937,
  -2.480315 12.027559 0.31003937,-2.5327602 11.763899 0.31003937,
  -2.6821115 11.540379 0.31003937,-2.9056315 11.391028 0.31003937,
  -3.1692913 11.338583 0.31003937,-3.4329512 11.391028 0.31003937,
  -3.6564712 11.540379 0.31003937,-3.8058225 11.763899 0.31003937,
  -3.8582677 12.027559 0.31003937,-3.8058225 12.291219 0.31003937,
  -3.6564712 12.514739 0.31003937,-3.4329512 12.66409 0.31003937,
  -3.1692913 12.716535 0.31003937,-2.9056315 12.66409 0.31003937,
  -2.6821115 12.514739 0.31003937,-2.5327602 12.291219 0.31003937,
  -0.31496063 -12.38189 0.31003937,-0.26251543 -12.11823 0.31003937,
  -0.11316412 -11.89471 0.31003937,0.1103559 -11.745359 0.31003937,
  0.37401575 -11.692913 0.31003937,0.63767559 -11.745359 0.31003937,
  0.86119562 -11.89471 0.31003937,1.0105469 -12.11823 0.31003937,
  1.0629921 -12.38189 0.31003937,1.0105469 -12.64555 0.31003937,
  0.86119562 -12.86907 0.31003937,0.63767559 -13.018421 0.31003937,
  0.37401575 -13.070866 0.31003937,0.1103559 -13.018421 0.31003937,
  -0.11316412 -12.86907 0.31003937,-0.26251543 -12.64555 0.31003937,
  -4.5275591 14.468504 0.31003937,-4.4751139 14.732164 0.31003937,
  -4.3257625 14.955684 0.31003937,-4.1022425 15.105035 0.31003937,
  -3.8385827 15.15748 0.31003937,-3.5749228 15.105035 0.31003937,
  -3.3514028 14.955684 0.31003937,-3.2020515 14.732164 0.31003937,
  -3.1496063 14.468504 0.31003937,-3.2020515 14.204844 0.31003937,
  -3.3514028 13.981324 0.31003937,-3.5749228 13.831973 0.31003937,
  -3.8385827 13.779528 0.31003937,-4.1022425 13.831973 0.31003937,
  -4.3257625 13.981324 0.31003937,-4.4751139 14.204844 0.31003937,
  -5.1574803 14.468504 0.31003937,-5.2099255 14.204844 0.31003937,
  -5.3592768 13.981324 0.31003937,-5.5827968 13.831973 0.31003937,
  -5.8464567 13.779528 0.31003937,-6.1101165 13.831973 0.31003937,
  -6.3336366 13.981324 0.31003937,-6.4829879 14.204844 0.31003937,
  -6.5354331 14.468504 0.31003937,-6.4829879 14.732164 0.31003937,
  -6.3336366 14.955684 0.31003937,-6.1101165 15.105035 0.31003937,
  -5.8464567 15.15748 0.31003937,-5.5827968 15.105035 0.31003937,
  -5.3592768 14.955684 0.31003937,-5.2099255 14.732164 0.31003937,
  -3.8582677 -12.38189 0.31003937,-3.8058225 -12.11823 0.31003937,
  -3.6564712 -11.89471 0.31003937,-3.4329512 -11.745359 0.31003937,
  -3.1692913 -11.692913 0.31003937,-2.9056315 -11.745359 0.31003937,
  -2.6821115 -11.89471 0.31003937,-2.5327602 -12.11823 0.31003937,
  -2.480315 -12.38189 0.31003937,-2.5327602 -12.64555 0.31003937,
  -2.6821115 -12.86907 0.31003937,-2.9056315 -13.018421 0.31003937,
  -3.1692913 -13.070866 0.31003937,-3.4329512 -13.018421 0.31003937,
  -3.6564712 -12.86907 0.31003937,-3.8058225 -12.64555 0.31003937,
  11.692913 -12.38189 0.31003937,11.745359 -12.11823 0.31003937,
  11.89471 -11.89471 0.31003937,12.11823 -11.745359 0.31003937,
  12.38189 -11.692913 0.31003937,12.64555 -11.745359 0.31003937,
  12.86907 -11.89471 0.31003937,13.018421 -12.11823 0.31003937,
  13.070866 -12.38189 0.31003937,13.018421 -12.64555 0.31003937,
  12.86907 -12.86907 0.31003937,12.64555 -13.018421 0.31003937,
  12.38189 -13.070866 0.31003937,12.11823 -13.018421 0.31003937,
  11.89471 -12.86907 0.31003937,11.745359 -12.64555 0.31003937,
  -16.751969 16.751969 0.31003937,-16.751969 -16.751969 0.31003937,
  16.751969 -16.751969 0.31003937,16.751969 16.751969 0.31003937,
  -15.866142 -12.38189 0.31003937,-15.813697 -12.11823 0.31003937,
  -15.664345 -11.89471 0.31003937,-15.440825 -11.745359 0.31003937,
  -15.177165 -11.692913 0.31003937,-14.913506 -11.745359 0.31003937,
  -14.689985 -11.89471 0.31003937,-14.540634 -12.11823 0.31003937,
  -14.488189 -12.38189 0.31003937,-14.540634 -12.64555 0.31003937,
  -14.689985 -12.86907 0.31003937,-14.913506 -13.018421 0.31003937,
  -15.177165 -13.070866 0.31003937,-15.440825 -13.018421 0.31003937,
  -15.664345 -12.86907 0.31003937,-15.813697 -12.64555 0.31003937,
  16.088976 15.492126 0.31003937,16.036531 15.228466 0.31003937,
  15.88718 15.004946 0.31003937,15.66366 14.855595 0.31003937,
  15.4 14.80315 0.31003937,15.13634 14.855595 0.31003937,
  14.91282 15.004946 0.31003937,14.763469 15.228466 0.31003937,
  14.711024 15.492126 0.31003937,14.763469 15.755786 0.31003937,
  14.91282 15.979306 0.31003937,15.13634 16.128657 0.31003937,
  15.4 16.181102 0.31003937,15.66366 16.128657 0.31003937,
  15.88718 15.979306 0.31003937,16.036531 15.755786 0.31003937,
  14.448819 7.7755906 0.31003937,14.501264 8.0392504 0.31003937,
  14.650615 8.2627704 0.31003937,14.874135 8.4121217 0.31003937,
  15.137795 8.4645669 0.31003937,15.401455 8.4121217 0.31003937,
  15.624975 8.2627704 0.31003937,15.774326 8.0392504 0.31003937,
  15.826772 7.7755906 0.31003937,15.774326 7.5119307 0.31003937,
  15.624975 7.2884107 0.31003937,15.401455 7.1390594 0.31003937,
  15.137795 7.0866142 0.31003937,14.874135 7.1390594 0.31003937,
  14.650615 7.2884107 0.31003937,14.501264 7.5119307 0.31003937,
  14.448819 5.8070866 0.31003937,14.501264 6.0707465 0.31003937,
  14.650615 6.2942665 0.31003937,14.874135 6.4436178 0.31003937,
  15.137795 6.496063 0.31003937,15.401455 6.4436178 0.31003937,
  15.624975 6.2942665 0.31003937,15.774326 6.0707465 0.31003937,
  15.826772 5.8070866 0.31003937,15.774326 5.5434268 0.31003937,
  15.624975 5.3199067 0.31003937,15.401455 5.1705554 0.31003937,
  15.137795 5.1181102 0.31003937,14.874135 5.1705554 0.31003937,
  14.650615 5.3199067 0.31003937,14.501264 5.5434268 0.31003937,
  14.448819 3.1299213 0.31003937,14.501264 3.3935811 0.31003937,
  14.650615 3.6171011 0.31003937,14.874135 3.7664524 0.31003937,
  15.137795 3.8188976 0.31003937,15.401455 3.7664524 0.31003937,
  15.624975 3.6171011 0.31003937,15.774326 3.3935811 0.31003937,
  15.826772 3.1299213 0.31003937,15.774326 2.8662614 0.31003937,
  15.624975 2.6427414 0.31003937,15.401455 2.4933901 0.31003937,
  15.137795 2.4409449 0.31003937,14.874135 2.4933901 0.31003937,
  14.650615 2.6427414 0.31003937,14.501264 2.8662614 0.31003937,
  14.448819 1.1220472 0.31003937,14.501264 1.3857071 0.31003937,
  14.650615 1.6092271 0.31003937,14.874135 1.7585784 0.31003937,
  15.137795 1.8110236 0.31003937,15.401455 1.7585784 0.31003937,
  15.624975 1.6092271 0.31003937,15.774326 1.3857071 0.31003937,
  15.826772 1.1220472 0.31003937,15.774326 0.8583874 0.31003937,
  15.624975 0.63486738 0.31003937,15.401455 0.48551607 0.31003937,
  15.137795 0.43307087 0.31003937,14.874135 0.48551607 0.31003937,
  14.650615 0.63486738 0.31003937,14.501264 0.8583874 0.31003937,
  14.448819 -0.84645669 0.31003937,14.501264 -0.58279685 0.31003937,
  14.650615 -0.35927682 0.31003937,14.874135 -0.20992552 0.31003937,
  15.137795 -0.15748031 0.31003937,15.401455 -0.20992552 0.31003937,
  15.624975 -0.35927682 0.31003937,15.774326 -0.58279685 0.31003937,
  15.826772 -0.84645669 0.31003937,15.774326 -1.1101165 0.31003937,
  15.624975 -1.3336366 0.31003937,15.401455 -1.4829879 0.31003937,
  15.137795 -1.5354331 0.31003937,14.874135 -1.4829879 0.31003937,
  14.650615 -1.3336366 0.31003937,14.501264 -1.1101165 0.31003937,
  14.448819 -2.8937008 0.31003937,14.501264 -2.6300409 0.31003937,
  14.650615 -2.4065209 0.31003937,14.874135 -2.2571696 0.31003937,
  15.137795 -2.2047244 0.31003937,15.401455 -2.2571696 0.31003937,
  15.624975 -2.4065209 0.31003937,15.774326 -2.6300409 0.31003937,
  15.826772 -2.8937008 0.31003937,15.774326 -3.1573606 0.31003937,
  15.624975 -3.3808807 0.31003937,15.401455 -3.530232 0.31003937,
  15.137795 -3.5826772 0.31003937,14.874135 -3.530232 0.31003937,
  14.650615 -3.3808807 0.31003937,14.501264 -3.1573606 0.31003937,
  14.448819 -7.3031496 0.31003937,14.501264 -7.0394898 0.31003937,
  14.650615 -6.8159697 0.31003937,14.874135 -6.6666184 0.31003937,
  15.137795 -6.6141732 0.31003937,15.401455 -6.6666184 0.31003937,
  15.624975 -6.8159697 0.31003937,15.774326 -7.0394898 0.31003937,
  15.826772 -7.3031496 0.31003937,15.774326 -7.5668095 0.31003937,
  15.624975 -7.7903295 0.31003937,15.401455 -7.9396808 0.31003937,
  15.137795 -7.992126 0.31003937,14.874135 -7.9396808 0.31003937,
  14.650615 -7.7903295 0.31003937,14.501264 -7.5668095 0.31003937,
  13.070866 12.027559 0.31003937,13.018421 11.763899 0.31003937,
  12.86907 11.540379 0.31003937,12.64555 11.391028 0.31003937,
  12.38189 11.338583 0.31003937,12.11823 11.391028 0.31003937,
  11.89471 11.540379 0.31003937,11.745359 11.763899 0.31003937,
  11.692913 12.027559 0.31003937,11.745359 12.291219 0.31003937,
  11.89471 12.514739 0.31003937,12.11823 12.66409 0.31003937,
  12.38189 12.716535 0.31003937,12.64555 12.66409 0.31003937,
  12.86907 12.514739 0.31003937,13.018421 12.291219 0.31003937,
  14.448819 -9.2716535 0.31003937,14.501264 -9.0079937 0.31003937,
  14.650615 -8.7844737 0.31003937,14.874135 -8.6351224 0.31003937,
  15.137795 -8.5826772 0.31003937,15.401455 -8.6351224 0.31003937,
  15.624975 -8.7844737 0.31003937,15.774326 -9.0079937 0.31003937,
  15.826772 -9.2716535 0.31003937,15.774326 -9.5353134 0.31003937,
  15.624975 -9.7588334 0.31003937,15.401455 -9.9081847 0.31003937,
  15.137795 -9.9606299 0.31003937,14.874135 -9.9081847 0.31003937,
  14.650615 -9.7588334 0.31003937,14.501264 -9.5353134 0.31003937,
  14.665354 -15.4 0.31003937,14.7178 -15.13634 0.31003937,
  14.867151 -14.91282 0.31003937,15.090671 -14.763469 0.31003937,
  15.354331 -14.711024 0.31003937,15.617991 -14.763469 0.31003937,
  15.841511 -14.91282 0.31003937,15.990862 -15.13634 0.31003937,
  16.043307 -15.4 0.31003937,15.990862 -15.66366 0.31003937,
  15.841511 -15.88718 0.31003937,15.617991 -16.036531 0.31003937,
  15.354331 -16.088976 0.31003937,15.090671 -16.036531 0.31003937,
  14.867151 -15.88718 0.31003937,14.7178 -15.66366 0.31003937,
  -11.58937 15.492126 -0.31003937,-11.536925 15.755786 -0.31003937,
  -11.387574 15.979306 -0.31003937,-11.164054 16.128657 -0.31003937,
  -10.900394 16.181102 -0.31003937,-10.636734 16.128657 -0.31003937,
  -10.413214 15.979306 -0.31003937,-10.263863 15.755786 -0.31003937,
  -10.211417 15.492126 -0.31003937,-10.263863 15.228466 -0.31003937,
  -10.413214 15.004946 -0.31003937,-10.636734 14.855595 -0.31003937,
  -10.900394 14.80315 -0.31003937,-11.164054 14.855595 -0.31003937,
  -11.387574 15.004946 -0.31003937,-11.536925 15.228466 -0.31003937,
  -14.488189 12.027559 -0.31003937,-14.540634 11.763899 -0.31003937,
  -14.689985 11.540379 -0.31003937,-14.913506 11.391028 -0.31003937,
  -15.177165 11.338583 -0.31003937,-15.440825 11.391028 -0.31003937,
  -15.664345 11.540379 -0.31003937,-15.813697 11.763899 -0.31003937,
  -15.866142 12.027559 -0.31003937,-15.813697 12.291219 -0.31003937,
  -15.664345 12.514739 -0.31003937,-15.440825 12.66409 -0.31003937,
  -15.177165 12.716535 -0.31003937,-14.913506 12.66409 -0.31003937,
  -14.689985 12.514739 -0.31003937,-14.540634 12.291219 -0.31003937,
  -11.535433 -15.354331 -0.31003937,-11.482988 -15.090671 -0.31003937,
  -11.333637 -14.867151 -0.31003937,-11.110117 -14.7178 -0.31003937,
  -10.846457 -14.665354 -0.31003937,-10.582797 -14.7178 -0.31003937,
  -10.359277 -14.867151 -0.31003937,-10.209926 -15.090671 -0.31003937,
  -10.15748 -15.354331 -0.31003937,-10.209926 -15.617991 -0.31003937,
  -10.359277 -15.841511 -0.31003937,-10.582797 -15.990862 -0.31003937,
  -10.846457 -16.043307 -0.31003937,-11.110117 -15.990862 -0.31003937,
  -11.333637 -15.841511 -0.31003937,-11.482988 -15.617991 -0.31003937,
  -0.31496063 12.027559 -0.31003937,-0.26251543 12.291219 -0.31003937,
  -0.11316412 12.514739 -0.31003937,0.1103559 12.66409 -0.31003937,
  0.37401575 12.716535 -0.31003937,0.63767559 12.66409 -0.31003937,
  0.86119562 12.514739 -0.31003937,1.0105469 12.291219 -0.31003937,
  1.0629921 12.027559 -0.31003937,1.0105469 11.763899 -0.31003937,
  0.86119562 11.540379 -0.31003937,0.63767559 11.391028 -0.31003937,
  0.37401575 11.338583 -0.31003937,0.1103559 11.391028 -0.31003937,
  -0.11316412 11.540379 -0.31003937,-0.26251543 11.763899 -0.31003937,
  -2.480315 12.027559 -0.31003937,-2.5327602 11.763899 -0.31003937,
  -2.6821115 11.540379 -0.31003937,-2.9056315 11.391028 -0.31003937,
  -3.1692913 11.338583 -0.31003937,-3.4329512 11.391028 -0.31003937,
  -3.6564712 11.540379 -0.31003937,-3.8058225 11.763899 -0.31003937,
  -3.8582677 12.027559 -0.31003937,-3.8058225 12.291219 -0.31003937,
  -3.6564712 12.514739 -0.31003937,-3.4329512 12.66409 -0.31003937,
  -3.1692913 12.716535 -0.31003937,-2.9056315 12.66409 -0.31003937,
  -2.6821115 12.514739 -0.31003937,-2.5327602 12.291219 -0.31003937,
  -0.31496063 -12.38189 -0.31003937,-0.26251543 -12.11823 -0.31003937,
  -0.11316412 -11.89471 -0.31003937,0.1103559 -11.745359 -0.31003937,
  0.37401575 -11.692913 -0.31003937,0.63767559 -11.745359 -0.31003937,
  0.86119562 -11.89471 -0.31003937,1.0105469 -12.11823 -0.31003937,
  1.0629921 -12.38189 -0.31003937,1.0105469 -12.64555 -0.31003937,
  0.86119562 -12.86907 -0.31003937,0.63767559 -13.018421 -0.31003937,
  0.37401575 -13.070866 -0.31003937,0.1103559 -13.018421 -0.31003937,
  -0.11316412 -12.86907 -0.31003937,-0.26251543 -12.64555 -0.31003937,
  -4.5275591 14.468504 -0.31003937,-4.4751139 14.732164 -0.31003937,
  -4.3257625 14.955684 -0.31003937,-4.1022425 15.105035 -0.31003937,
  -3.8385827 15.15748 -0.31003937,-3.5749228 15.105035 -0.31003937,
  -3.3514028 14.955684 -0.31003937,-3.2020515 14.732164 -0.31003937,
  -3.1496063 14.468504 -0.31003937,-3.2020515 14.204844 -0.31003937,
  -3.3514028 13.981324 -0.31003937,-3.5749228 13.831973 -0.31003937,
  -3.8385827 13.779528 -0.31003937,-4.1022425 13.831973 -0.31003937,
  -4.3257625 13.981324 -0.31003937,-4.4751139 14.204844 -0.31003937,
  -5.1574803 14.468504 -0.31003937,-5.2099255 14.204844 -0.31003937,
  -5.3592768 13.981324 -0.31003937,-5.5827968 13.831973 -0.31003937,
  -5.8464567 13.779528 -0.31003937,-6.1101165 13.831973 -0.31003937,
  -6.3336366 13.981324 -0.31003937,-6.4829879 14.204844 -0.31003937,
  -6.5354331 14.468504 -0.31003937,-6.4829879 14.732164 -0.31003937,
  -6.3336366 14.955684 -0.31003937,-6.1101165 15.105035 -0.31003937,
  -5.8464567 15.15748 -0.31003937,-5.5827968 15.105035 -0.31003937,
  -5.3592768 14.955684 -0.31003937,-5.2099255 14.732164 -0.31003937,
  -3.8582677 -12.38189 -0.31003937,-3.8058225 -12.11823 -0.31003937,
  -3.6564712 -11.89471 -0.31003937,-3.4329512 -11.745359 -0.31003937,
  -3.1692913 -11.692913 -0.31003937,-2.9056315 -11.745359 -0.31003937,
  -2.6821115 -11.89471 -0.31003937,-2.5327602 -12.11823 -0.31003937,
  -2.480315 -12.38189 -0.31003937,-2.5327602 -12.64555 -0.31003937,
  -2.6821115 -12.86907 -0.31003937,-2.9056315 -13.018421 -0.31003937,
  -3.1692913 -13.070866 -0.31003937,-3.4329512 -13.018421 -0.31003937,
  -3.6564712 -12.86907 -0.31003937,-3.8058225 -12.64555 -0.31003937,
  11.692913 -12.38189 -0.31003937,11.745359 -12.11823 -0.31003937,
  11.89471 -11.89471 -0.31003937,12.11823 -11.745359 -0.31003937,
  12.38189 -11.692913 -0.31003937,12.64555 -11.745359 -0.31003937,
  12.86907 -11.89471 -0.31003937,13.018421 -12.11823 -0.31003937,
  13.070866 -12.38189 -0.31003937,13.018421 -12.64555 -0.31003937,
  12.86907 -12.86907 -0.31003937,12.64555 -13.018421 -0.31003937,
  12.38189 -13.070866 -0.31003937,12.11823 -13.018421 -0.31003937,
  11.89471 -12.86907 -0.31003937,11.745359 -12.64555 -0.31003937,
  -16.751969 16.751969 -0.31003937,-16.751969 -16.751969 -0.31003937,
  16.751969 -16.751969 -0.31003937,16.751969 16.751969 -0.31003937,
  -15.866142 -12.38189 -0.31003937,-15.813697 -12.11823 -0.31003937,
  -15.664345 -11.89471 -0.31003937,-15.440825 -11.745359 -0.31003937,
  -15.177165 -11.692913 -0.31003937,-14.913506 -11.745359 -0.31003937,
  -14.689985 -11.89471 -0.31003937,-14.540634 -12.11823 -0.31003937,
  -14.488189 -12.38189 -0.31003937,-14.540634 -12.64555 -0.31003937,
  -14.689985 -12.86907 -0.31003937,-14.913506 -13.018421 -0.31003937,
  -15.177165 -13.070866 -0.31003937,-15.440825 -13.018421 -0.31003937,
  -15.664345 -12.86907 -0.31003937,-15.813697 -12.64555 -0.31003937,
  16.088976 15.492126 -0.31003937,16.036531 15.228466 -0.31003937,
  15.88718 15.004946 -0.31003937,15.66366 14.855595 -0.31003937,
  15.4 14.80315 -0.31003937,15.13634 14.855595 -0.31003937,
  14.91282 15.004946 -0.31003937,14.763469 15.228466 -0.31003937,
  14.711024 15.492126 -0.31003937,14.763469 15.755786 -0.31003937,
  14.91282 15.979306 -0.31003937,15.13634 16.128657 -0.31003937,
  15.4 16.181102 -0.31003937,15.66366 16.128657 -0.31003937,
  15.88718 15.979306 -0.31003937,16.036531 15.755786 -0.31003937,
  14.448819 7.7755906 -0.31003937,14.501264 8.0392504 -0.31003937,
  14.650615 8.2627704 -0.31003937,14.874135 8.4121217 -0.31003937,
  15.137795 8.4645669 -0.31003937,15.401455 8.4121217 -0.31003937,
  15.624975 8.2627704 -0.31003937,15.774326 8.0392504 -0.31003937,
  15.826772 7.7755906 -0.31003937,15.774326 7.5119307 -0.31003937,
  15.624975 7.2884107 -0.31003937,15.401455 7.1390594 -0.31003937,
  15.137795 7.0866142 -0.31003937,14.874135 7.1390594 -0.31003937,
  14.650615 7.2884107 -0.31003937,14.501264 7.5119307 -0.31003937,
  14.448819 5.8070866 -0.31003937,14.501264 6.0707465 -0.31003937,
  14.650615 6.2942665 -0.31003937,14.874135 6.4436178 -0.31003937,
  15.137795 6.496063 -0.31003937,15.401455 6.4436178 -0.31003937,
  15.624975 6.2942665 -0.31003937,15.774326 6.0707465 -0.31003937,
  15.826772 5.8070866 -0.31003937,15.774326 5.5434268 -0.31003937,
  15.624975 5.3199067 -0.31003937,15.401455 5.1705554 -0.31003937,
  15.137795 5.1181102 -0.31003937,14.874135 5.1705554 -0.31003937,
  14.650615 5.3199067 -0.31003937,14.501264 5.5434268 -0.31003937,
  14.448819 3.1299213 -0.31003937,14.501264 3.3935811 -0.31003937,
  14.650615 3.6171011 -0.31003937,14.874135 3.7664524 -0.31003937,
  15.137795 3.8188976 -0.31003937,15.401455 3.7664524 -0.31003937,
  15.624975 3.6171011 -0.31003937,15.774326 3.3935811 -0.31003937,
  15.826772 3.1299213 -0.31003937,15.774326 2.8662614 -0.31003937,
  15.624975 2.6427414 -0.31003937,15.401455 2.4933901 -0.31003937,
  15.137795 2.4409449 -0.31003937,14.874135 2.4933901 -0.31003937,
  14.650615 2.6427414 -0.31003937,14.501264 2.8662614 -0.31003937,
  14.448819 1.1220472 -0.31003937,14.501264 1.3857071 -0.31003937,
  14.650615 1.6092271 -0.31003937,14.874135 1.7585784 -0.31003937,
  15.137795 1.8110236 -0.31003937,15.401455 1.7585784 -0.31003937,
  15.624975 1.6092271 -0.31003937,15.774326 1.3857071 -0.31003937,
  15.826772 1.1220472 -0.31003937,15.774326 0.8583874 -0.31003937,
  15.624975 0.63486738 -0.31003937,15.401455 0.48551607 -0.31003937,
  15.137795 0.43307087 -0.31003937,14.874135 0.48551607 -0.31003937,
  14.650615 0.63486738 -0.31003937,14.501264 0.8583874 -0.31003937,
  14.448819 -0.84645669 -0.31003937,14.501264 -0.58279685 -0.31003937,
  14.650615 -0.35927682 -0.31003937,14.874135 -0.20992552 -0.31003937,
  15.137795 -0.15748031 -0.31003937,15.401455 -0.20992552 -0.31003937,
  15.624975 -0.35927682 -0.31003937,15.774326 -0.58279685 -0.31003937,
  15.826772 -0.84645669 -0.31003937,15.774326 -1.1101165 -0.31003937,
  15.624975 -1.3336366 -0.31003937,15.401455 -1.4829879 -0.31003937,
  15.137795 -1.5354331 -0.31003937,14.874135 -1.4829879 -0.31003937,
  14.650615 -1.3336366 -0.31003937,14.501264 -1.1101165 -0.31003937,
  14.448819 -2.8937008 -0.31003937,14.501264 -2.6300409 -0.31003937,
  14.650615 -2.4065209 -0.31003937,14.874135 -2.2571696 -0.31003937,
  15.137795 -2.2047244 -0.31003937,15.401455 -2.2571696 -0.31003937,
  15.624975 -2.4065209 -0.31003937,15.774326 -2.6300409 -0.31003937,
  15.826772 -2.8937008 -0.31003937,15.774326 -3.1573606 -0.31003937,
  15.624975 -3.3808807 -0.31003937,15.401455 -3.530232 -0.31003937,
  15.137795 -3.5826772 -0.31003937,14.874135 -3.530232 -0.31003937,
  14.650615 -3.3808807 -0.31003937,14.501264 -3.1573606 -0.31003937,
  14.448819 -7.3031496 -0.31003937,14.501264 -7.0394898 -0.31003937,
  14.650615 -6.8159697 -0.31003937,14.874135 -6.6666184 -0.31003937,
  15.137795 -6.6141732 -0.31003937,15.401455 -6.6666184 -0.31003937,
  15.624975 -6.8159697 -0.31003937,15.774326 -7.0394898 -0.31003937,
  15.826772 -7.3031496 -0.31003937,15.774326 -7.5668095 -0.31003937,
  15.624975 -7.7903295 -0.31003937,15.401455 -7.9396808 -0.31003937,
  15.137795 -7.992126 -0.31003937,14.874135 -7.9396808 -0.31003937,
  14.650615 -7.7903295 -0.31003937,14.501264 -7.5668095 -0.31003937,
  13.070866 12.027559 -0.31003937,13.018421 11.763899 -0.31003937,
  12.86907 11.540379 -0.31003937,12.64555 11.391028 -0.31003937,
  12.38189 11.338583 -0.31003937,12.11823 11.391028 -0.31003937,
  11.89471 11.540379 -0.31003937,11.745359 11.763899 -0.31003937,
  11.692913 12.027559 -0.31003937,11.745359 12.291219 -0.31003937,
  11.89471 12.514739 -0.31003937,12.11823 12.66409 -0.31003937,
  12.38189 12.716535 -0.31003937,12.64555 12.66409 -0.31003937,
  12.86907 12.514739 -0.31003937,13.018421 12.291219 -0.31003937,
  14.448819 -9.2716535 -0.31003937,14.501264 -9.0079937 -0.31003937,
  14.650615 -8.7844737 -0.31003937,14.874135 -8.6351224 -0.31003937,
  15.137795 -8.5826772 -0.31003937,15.401455 -8.6351224 -0.31003937,
  15.624975 -8.7844737 -0.31003937,15.774326 -9.0079937 -0.31003937,
  15.826772 -9.2716535 -0.31003937,15.774326 -9.5353134 -0.31003937,
  15.624975 -9.7588334 -0.31003937,15.401455 -9.9081847 -0.31003937,
  15.137795 -9.9606299 -0.31003937,14.874135 -9.9081847 -0.31003937,
  14.650615 -9.7588334 -0.31003937,14.501264 -9.5353134 -0.31003937,
  14.665354 -15.4 -0.31003937,14.7178 -15.13634 -0.31003937,
  14.867151 -14.91282 -0.31003937,15.090671 -14.763469 -0.31003937,
  15.354331 -14.711024 -0.31003937,15.617991 -14.763469 -0.31003937,
  15.841511 -14.91282 -0.31003937,15.990862 -15.13634 -0.31003937,
  16.043307 -15.4 -0.31003937,15.990862 -15.66366 -0.31003937,
  15.841511 -15.88718 -0.31003937,15.617991 -16.036531 -0.31003937,
  15.354331 -16.088976 -0.31003937,15.090671 -16.036531 -0.31003937,
  14.867151 -15.88718 -0.31003937,14.7178 -15.66366 -0.31003937] }
 coordIndex [
  32,33,14,-1,14,33,34,-1,14,34,13,-1,13,34,35,-1,13,35,12,-1,12,35,36,-1,12,36,11,-1,11,36,37,-1,
  11,37,10,-1,10,37,38,-1,10,38,9,-1,9,38,39,-1,9,39,8,-1,8,39,120,-1,8,120,121,-1,32,14,15,-1,
  32,15,0,-1,32,0,16,-1,32,16,172,-1,32,172,47,-1,109,128,72,-1,72,128,129,-1,72,129,71,-1,71,129,130,-1,
  71,130,70,-1,70,130,131,-1,70,131,69,-1,69,131,132,-1,69,132,68,-1,68,132,133,-1,68,133,67,-1,67,133,134,-1,
  67,134,66,-1,66,134,135,-1,66,135,65,-1,65,135,136,-1,65,136,64,-1,64,136,80,-1,64,80,48,-1,48,80,81,-1,
  48,81,63,-1,63,81,82,-1,63,82,62,-1,62,82,83,-1,62,83,61,-1,61,83,84,-1,61,84,60,-1,60,84,85,-1,
  60,85,59,-1,59,85,86,-1,59,86,58,-1,58,86,87,-1,58,87,57,-1,57,87,88,-1,57,88,56,-1,56,88,159,-1,
  56,159,144,-1,308,309,151,-1,308,151,152,-1,308,152,340,-1,308,340,324,-1,308,324,196,-1,308,196,188,-1,308,188,189,-1,
  308,189,323,-1,56,144,316,-1,316,144,145,-1,316,145,315,-1,315,145,146,-1,315,146,314,-1,314,146,147,-1,314,147,313,-1,
  313,147,148,-1,313,148,312,-1,312,148,149,-1,312,149,311,-1,311,149,150,-1,311,150,310,-1,310,150,151,-1,310,151,309,-1,
  78,163,77,-1,77,163,104,-1,77,104,76,-1,76,104,105,-1,76,105,106,-1,73,74,107,-1,107,74,75,-1,107,75,106,-1,
  106,75,76,-1,108,109,72,-1,108,72,73,-1,108,73,107,-1,172,16,171,-1,171,16,17,-1,171,17,170,-1,170,17,18,-1,
  170,18,19,-1,170,19,169,-1,169,19,20,-1,169,20,168,-1,168,20,21,-1,168,21,167,-1,167,21,22,-1,167,22,166,-1,
  166,22,23,-1,166,23,165,-1,165,23,24,-1,165,24,164,-1,164,24,160,-1,164,160,161,-1,331,332,300,-1,300,332,346,-1,
  300,346,284,-1,284,346,268,-1,284,268,283,-1,283,268,269,-1,283,269,270,-1,196,324,292,-1,292,324,325,-1,292,325,307,-1,
  307,325,326,-1,307,326,306,-1,306,326,327,-1,306,327,305,-1,305,327,328,-1,305,328,304,-1,304,328,329,-1,304,329,303,-1,
  303,329,330,-1,303,330,302,-1,302,330,331,-1,302,331,301,-1,301,331,300,-1,299,300,284,-1,299,284,285,-1,299,285,286,-1,
  299,286,298,-1,196,292,276,-1,276,292,293,-1,276,293,291,-1,291,293,294,-1,291,294,290,-1,290,294,295,-1,290,295,289,-1,
  289,295,296,-1,289,296,288,-1,288,296,297,-1,288,297,287,-1,287,297,298,-1,287,298,286,-1,196,276,260,-1,260,276,277,-1,
  260,277,275,-1,275,277,278,-1,275,278,274,-1,274,278,279,-1,274,279,273,-1,273,279,280,-1,273,280,272,-1,272,280,281,-1,
  272,281,271,-1,271,281,282,-1,271,282,270,-1,270,282,283,-1,267,268,252,-1,252,268,346,-1,252,346,236,-1,236,346,220,-1,
  236,220,235,-1,235,220,221,-1,235,221,222,-1,196,260,244,-1,244,260,261,-1,244,261,259,-1,259,261,262,-1,259,262,258,-1,
  258,262,263,-1,258,263,257,-1,257,263,264,-1,257,264,256,-1,256,264,265,-1,256,265,255,-1,255,265,266,-1,255,266,254,-1,
  254,266,267,-1,254,267,253,-1,253,267,252,-1,251,252,236,-1,251,236,237,-1,251,237,238,-1,251,238,250,-1,196,244,228,-1,
  228,244,245,-1,228,245,243,-1,243,245,246,-1,243,246,242,-1,242,246,247,-1,242,247,241,-1,241,247,248,-1,241,248,240,-1,
  240,248,249,-1,240,249,239,-1,239,249,250,-1,239,250,238,-1,196,228,212,-1,212,228,229,-1,212,229,227,-1,227,229,230,-1,
  227,230,226,-1,226,230,231,-1,226,231,225,-1,225,231,232,-1,225,232,224,-1,224,232,233,-1,224,233,223,-1,223,233,234,-1,
  223,234,222,-1,222,234,235,-1,219,220,204,-1,204,220,346,-1,204,346,182,-1,182,346,347,-1,182,347,181,-1,181,347,348,-1,
  181,348,180,-1,180,348,162,-1,180,162,163,-1,204,205,219,-1,219,205,206,-1,219,206,218,-1,218,206,207,-1,218,207,217,-1,
  217,207,208,-1,217,208,216,-1,216,208,209,-1,216,209,215,-1,215,209,210,-1,215,210,214,-1,214,210,211,-1,214,211,213,-1,
  213,211,196,-1,213,196,212,-1,201,202,183,-1,183,202,203,-1,183,203,182,-1,182,203,204,-1,184,185,200,-1,184,200,201,-1,
  184,201,183,-1,186,187,199,-1,186,199,200,-1,186,200,185,-1,188,196,197,-1,188,197,198,-1,188,198,199,-1,188,199,187,-1,
  163,78,79,-1,163,79,51,-1,163,51,52,-1,163,52,53,-1,163,53,54,-1,163,54,55,-1,163,55,56,-1,163,56,191,-1,
  163,191,192,-1,163,192,193,-1,163,193,194,-1,163,194,195,-1,163,195,180,-1,319,320,190,-1,190,320,321,-1,190,321,189,-1,
  189,321,322,-1,189,322,323,-1,316,317,56,-1,56,317,318,-1,56,318,190,-1,190,318,319,-1,64,48,49,-1,64,49,50,-1,
  64,50,51,-1,64,51,79,-1,163,160,4,-1,163,4,5,-1,163,5,6,-1,163,6,7,-1,163,7,8,-1,163,8,124,-1,
  163,124,125,-1,163,125,100,-1,163,100,101,-1,163,101,102,-1,163,102,103,-1,163,103,104,-1,112,113,128,-1,112,128,96,-1,
  112,96,97,-1,112,97,98,-1,112,98,99,-1,112,99,127,-1,126,127,99,-1,126,99,100,-1,126,100,125,-1,40,41,162,-1,
  40,162,140,-1,40,140,141,-1,40,141,142,-1,40,142,143,-1,40,143,128,-1,40,128,120,-1,40,120,39,-1,8,121,122,-1,
  8,122,123,-1,8,123,124,-1,30,31,2,-1,2,31,16,-1,2,16,1,-1,1,16,0,-1,2,3,160,-1,2,160,26,-1,
  2,26,27,-1,2,27,28,-1,2,28,29,-1,2,29,30,-1,25,26,160,-1,25,160,24,-1,162,348,349,-1,162,349,350,-1,
  162,350,351,-1,162,351,352,-1,162,352,353,-1,162,353,88,-1,162,88,89,-1,162,89,90,-1,162,90,91,-1,162,91,92,-1,
  162,92,93,-1,162,93,137,-1,162,137,138,-1,162,138,139,-1,162,139,140,-1,340,341,337,-1,340,337,338,-1,340,338,339,-1,
  340,339,324,-1,355,340,152,-1,355,152,153,-1,355,153,154,-1,355,154,155,-1,355,155,354,-1,354,155,156,-1,354,156,157,-1,
  354,157,158,-1,354,158,88,-1,354,88,353,-1,136,137,93,-1,136,93,94,-1,136,94,95,-1,136,95,80,-1,128,109,110,-1,
  128,110,111,-1,128,111,96,-1,128,113,114,-1,128,114,115,-1,128,115,116,-1,128,116,117,-1,128,117,118,-1,128,118,119,-1,
  128,119,120,-1,162,41,42,-1,162,42,43,-1,162,43,44,-1,162,44,161,-1,46,47,172,-1,46,172,173,-1,46,173,174,-1,
  46,174,175,-1,46,175,176,-1,46,176,177,-1,46,177,178,-1,46,178,161,-1,46,161,45,-1,179,164,161,-1,179,161,178,-1,
  341,342,337,-1,337,342,343,-1,337,343,336,-1,336,343,344,-1,336,344,335,-1,335,344,345,-1,335,345,334,-1,334,345,346,-1,
  334,346,333,-1,333,346,332,-1,45,161,44,-1,88,158,159,-1,4,160,3,-1,191,56,190,-1,389,388,370,-1,389,370,390,-1,
  390,370,369,-1,390,369,391,-1,391,369,368,-1,391,368,392,-1,392,368,367,-1,392,367,393,-1,393,367,366,-1,393,366,394,-1,
  394,366,365,-1,394,365,395,-1,395,365,364,-1,395,364,476,-1,476,364,477,-1,370,388,371,-1,371,388,356,-1,356,388,372,-1,
  372,388,528,-1,528,388,403,-1,484,465,428,-1,484,428,485,-1,485,428,427,-1,485,427,486,-1,486,427,426,-1,486,426,487,-1,
  487,426,425,-1,487,425,488,-1,488,425,424,-1,488,424,489,-1,489,424,423,-1,489,423,490,-1,490,423,422,-1,490,422,491,-1,
  491,422,421,-1,491,421,492,-1,492,421,420,-1,492,420,436,-1,436,420,404,-1,436,404,437,-1,437,404,419,-1,437,419,438,-1,
  438,419,418,-1,438,418,439,-1,439,418,417,-1,439,417,440,-1,440,417,416,-1,440,416,441,-1,441,416,415,-1,441,415,442,-1,
  442,415,414,-1,442,414,443,-1,443,414,413,-1,443,413,444,-1,444,413,412,-1,444,412,515,-1,515,412,500,-1,665,664,507,-1,
  507,664,508,-1,508,664,696,-1,696,664,680,-1,680,664,552,-1,552,664,544,-1,544,664,545,-1,545,664,679,-1,500,412,672,-1,
  500,672,501,-1,501,672,671,-1,501,671,502,-1,502,671,670,-1,502,670,503,-1,503,670,669,-1,503,669,504,-1,504,669,668,-1,
  504,668,505,-1,505,668,667,-1,505,667,506,-1,506,667,666,-1,506,666,507,-1,507,666,665,-1,519,434,433,-1,519,433,460,-1,
  460,433,432,-1,460,432,461,-1,461,432,462,-1,430,429,463,-1,430,463,431,-1,431,463,462,-1,431,462,432,-1,465,464,428,-1,
  428,464,429,-1,429,464,463,-1,372,528,527,-1,372,527,373,-1,373,527,526,-1,373,526,374,-1,374,526,375,-1,375,526,525,-1,
  375,525,376,-1,376,525,524,-1,376,524,377,-1,377,524,523,-1,377,523,378,-1,378,523,522,-1,378,522,379,-1,379,522,521,-1,
  379,521,380,-1,380,521,520,-1,380,520,516,-1,516,520,517,-1,688,687,656,-1,688,656,702,-1,702,656,640,-1,702,640,624,-1,
  624,640,639,-1,624,639,625,-1,625,639,626,-1,680,552,648,-1,680,648,681,-1,681,648,663,-1,681,663,682,-1,682,663,662,-1,
  682,662,683,-1,683,662,661,-1,683,661,684,-1,684,661,660,-1,684,660,685,-1,685,660,659,-1,685,659,686,-1,686,659,658,-1,
  686,658,687,-1,687,658,657,-1,687,657,656,-1,656,655,640,-1,640,655,641,-1,641,655,642,-1,642,655,654,-1,648,552,632,-1,
  648,632,649,-1,649,632,647,-1,649,647,650,-1,650,647,646,-1,650,646,651,-1,651,646,645,-1,651,645,652,-1,652,645,644,-1,
  652,644,653,-1,653,644,643,-1,653,643,654,-1,654,643,642,-1,632,552,616,-1,632,616,633,-1,633,616,631,-1,633,631,634,-1,
  634,631,630,-1,634,630,635,-1,635,630,629,-1,635,629,636,-1,636,629,628,-1,636,628,637,-1,637,628,627,-1,637,627,638,-1,
  638,627,626,-1,638,626,639,-1,624,623,608,-1,624,608,702,-1,702,608,592,-1,702,592,576,-1,576,592,591,-1,576,591,577,-1,
  577,591,578,-1,616,552,600,-1,616,600,617,-1,617,600,615,-1,617,615,618,-1,618,615,614,-1,618,614,619,-1,619,614,613,-1,
  619,613,620,-1,620,613,612,-1,620,612,621,-1,621,612,611,-1,621,611,622,-1,622,611,610,-1,622,610,623,-1,623,610,609,-1,
  623,609,608,-1,608,607,592,-1,592,607,593,-1,593,607,594,-1,594,607,606,-1,600,552,584,-1,600,584,601,-1,601,584,599,-1,
  601,599,602,-1,602,599,598,-1,602,598,603,-1,603,598,597,-1,603,597,604,-1,604,597,596,-1,604,596,605,-1,605,596,595,-1,
  605,595,606,-1,606,595,594,-1,584,552,568,-1,584,568,585,-1,585,568,583,-1,585,583,586,-1,586,583,582,-1,586,582,587,-1,
  587,582,581,-1,587,581,588,-1,588,581,580,-1,588,580,589,-1,589,580,579,-1,589,579,590,-1,590,579,578,-1,590,578,591,-1,
  576,575,560,-1,576,560,702,-1,702,560,538,-1,702,538,703,-1,703,538,537,-1,703,537,704,-1,704,537,536,-1,704,536,518,-1,
  518,536,519,-1,561,560,575,-1,561,575,562,-1,562,575,574,-1,562,574,563,-1,563,574,573,-1,563,573,564,-1,564,573,572,-1,
  564,572,565,-1,565,572,571,-1,565,571,566,-1,566,571,570,-1,566,570,567,-1,567,570,569,-1,567,569,552,-1,552,569,568,-1,
  558,557,539,-1,558,539,559,-1,559,539,538,-1,559,538,560,-1,541,540,556,-1,556,540,557,-1,557,540,539,-1,543,542,555,-1,
  555,542,556,-1,556,542,541,-1,552,544,553,-1,553,544,554,-1,554,544,555,-1,555,544,543,-1,434,519,435,-1,435,519,407,-1,
  407,519,408,-1,408,519,409,-1,409,519,410,-1,410,519,411,-1,411,519,412,-1,412,519,547,-1,547,519,548,-1,548,519,549,-1,
  549,519,550,-1,550,519,551,-1,551,519,536,-1,676,675,546,-1,676,546,677,-1,677,546,545,-1,677,545,678,-1,678,545,679,-1,
  673,672,412,-1,673,412,674,-1,674,412,546,-1,674,546,675,-1,404,420,405,-1,405,420,406,-1,406,420,407,-1,407,420,435,-1,
  516,519,360,-1,360,519,361,-1,361,519,362,-1,362,519,363,-1,363,519,364,-1,364,519,480,-1,480,519,481,-1,481,519,456,-1,
  456,519,457,-1,457,519,458,-1,458,519,459,-1,459,519,460,-1,469,468,484,-1,484,468,452,-1,452,468,453,-1,453,468,454,-1,
  454,468,455,-1,455,468,483,-1,483,482,455,-1,455,482,456,-1,456,482,481,-1,397,396,518,-1,518,396,496,-1,496,396,497,-1,
  497,396,498,-1,498,396,499,-1,499,396,484,-1,484,396,476,-1,476,396,395,-1,477,364,478,-1,478,364,479,-1,479,364,480,-1,
  387,386,358,-1,387,358,372,-1,372,358,357,-1,372,357,356,-1,359,358,516,-1,516,358,382,-1,382,358,383,-1,383,358,384,-1,
  384,358,385,-1,385,358,386,-1,382,381,516,-1,516,381,380,-1,704,518,705,-1,705,518,706,-1,706,518,707,-1,707,518,708,-1,
  708,518,709,-1,709,518,444,-1,444,518,445,-1,445,518,446,-1,446,518,447,-1,447,518,448,-1,448,518,449,-1,449,518,493,-1,
  493,518,494,-1,494,518,495,-1,495,518,496,-1,697,696,693,-1,693,696,694,-1,694,696,695,-1,695,696,680,-1,696,711,508,-1,
  508,711,509,-1,509,711,510,-1,510,711,511,-1,511,711,710,-1,511,710,512,-1,512,710,513,-1,513,710,514,-1,514,710,444,-1,
  444,710,709,-1,493,492,449,-1,449,492,450,-1,450,492,451,-1,451,492,436,-1,465,484,466,-1,466,484,467,-1,467,484,452,-1,
  469,484,470,-1,470,484,471,-1,471,484,472,-1,472,484,473,-1,473,484,474,-1,474,484,475,-1,475,484,476,-1,397,518,398,-1,
  398,518,399,-1,399,518,400,-1,400,518,517,-1,403,402,528,-1,528,402,529,-1,529,402,530,-1,530,402,531,-1,531,402,532,-1,
  532,402,533,-1,533,402,534,-1,534,402,517,-1,517,402,401,-1,520,535,517,-1,517,535,534,-1,698,697,693,-1,698,693,699,-1,
  699,693,692,-1,699,692,700,-1,700,692,691,-1,700,691,701,-1,701,691,690,-1,701,690,702,-1,702,690,689,-1,702,689,688,-1,
  517,401,400,-1,514,444,515,-1,516,360,359,-1,412,547,546,-1]
  normalPerVertex TRUE
  normal DEF NORM_93 Normal { vector [
  0 0 1,0 0 1,
  0 0 1,0 0 1,
  0 0 1,0 0 1,
  0 0 1,0 0 1,
  0 0 1,0 0 1,
  0 0 1,0 0 1,
  0 0 1,0 0 1,
  0 0 1,0 0 1,
  0 0 1,0 0 1,
  0 0 1,0 0 1,
  0 0 1,0 0 1,
  0 0 1,0 0 1,
  0 0 1,0 0 1,
  0 0 1,0 0 1,
  0 0 1,0 0 1,
  0 0 1,0 0 1,
  0 0 1,0 0 1,
  0 0 1,0 0 1,
  0 0 1,0 0 1,
  0 0 1,0 0 1,
  0 0 1,0 0 1,
  0 0 1,0 0 1,
  0 0 1,0 0 1,
  0 0 1,0 0 1,
  0 0 1,0 0 1,
  0 0 1,0 0 1,
  0 0 1,0 0 1,
  0 0 1,0 0 1,
  0 0 1,0 0 1,
  0 0 1,0 0 1,
  0 0 1,0 0 1,
  0 0 1,0 0 1,
  0 0 1,0 0 1,
  0 0 1,0 0 1,
  0 0 1,0 0 1,
  0 0 1,0 0 1,
  0 0 1,0 0 1,
  0 0 1,0 0 1,
  0 0 1,0 0 1,
  0 0 1,0 0 1,
  0 0 1,0 0 1,
  0 0 1,0 0 1,
  0 0 1,0 0 1,
  0 0 1,0 0 1,
  0 0 1,0 0 1,
  0 0 1,0 0 1,
  0 0 1,0 0 1,
  0 0 1,0 0 1,
  0 0 1,0 0 1,
  0 0 1,0 0 1,
  0 0 1,0 0 1,
  0 0 1,0 0 1,
  0 0 1,0 0 1,
  0 0 1,0 0 1,
  0 0 1,0 0 1,
  0 0 1,0 0 1,
  0 0 1,0 0 1,
  0 0 1,0 0 1,
  0 0 1,0 0 1,
  0 0 1,0 0 1,
  0 0 1,0 0 1,
  0 0 1,0 0 1,
  0 0 1,0 0 1,
  0 0 1,0 0 1,
  0 0 1,0 0 1,
  0 0 1,0 0 1,
  0 0 1,0 0 1,
  0 0 1,0 0 1,
  0 0 1,0 0 1,
  0 0 1,0 0 1,
  0 0 1,0 0 1,
  0 0 1,0 0 1,
  0 0 1,0 0 1,
  0 0 1,0 0 1,
  0 0 1,0 0 1,
  0 0 1,0 0 1,
  0 0 1,0 0 1,
  0 0 1,0 0 1,
  0 0 1,0 0 1,
  0 0 1,0 0 1,
  0 0 1,0 0 1,
  0 0 1,0 0 1,
  0 0 1,0 0 1,
  0 0 1,0 0 1,
  0 0 1,0 0 1,
  0 0 1,0 0 1,
  0 0 1,0 0 1,
  0 0 1,0 0 1,
  0 0 1,0 0 1,
  0 0 1,0 0 1,
  0 0 1,0 0 1,
  0 0 1,0 0 1,
  0 0 1,0 0 1,
  0 0 1,0 0 1,
  0 0 1,0 0 1,
  0 0 1,0 0 1,
  0 0 1,0 0 1,
  0 0 1,0 0 1,
  0 0 1,0 0 1,
  0 0 1,0 0 1,
  0 0 1,0 0 1,
  0 0 1,0 0 1,
  0 0 1,0 0 1,
  0 0 1,0 0 1,
  0 0 1,0 0 1,
  0 0 1,0 0 1,
  0 0 1,0 0 1,
  0 0 1,0 0 1,
  0 0 1,0 0 1,
  0 0 1,0 0 1,
  0 0 1,0 0 1,
  0 0 1,0 0 1,
  0 0 1,0 0 1,
  0 0 1,0 0 1,
  0 0 1,0 0 1,
  0 0 1,0 0 1,
  0 0 1,0 0 1,
  0 0 1,0 0 1,
  0 0 1,0 0 1,
  0 0 1,0 0 1,
  0 0 1,0 0 1,
  0 0 1,0 0 1,
  0 0 1,0 0 1,
  0 0 1,0 0 1,
  0 0 1,0 0 1,
  0 0 1,0 0 1,
  0 0 1,0 0 1,
  0 0 1,0 0 1,
  0 0 1,0 0 1,
  0 0 1,0 0 1,
  0 0 1,0 0 1,
  0 0 1,0 0 1,
  0 0 1,0 0 1,
  0 0 1,0 0 1,
  0 0 1,0 0 1,
  0 0 1,0 0 1,
  0 0 1,0 0 1,
  0 0 1,0 0 1,
  0 0 1,0 0 1,
  0 0 1,0 0 1,
  0 0 1,0 0 1,
  0 0 1,0 0 1,
  0 0 1,0 0 1,
  0 0 1,0 0 1,
  0 0 1,0 0 1,
  0 0 1,0 0 1,
  0 0 1,0 0 1,
  0 0 1,0 0 1,
  0 0 1,0 0 1,
  0 0 1,0 0 1,
  0 0 1,0 0 1,
  0 0 1,0 0 1,
  0 0 1,0 0 1,
  0 0 1,0 0 1,
  0 0 1,0 0 1,
  0 0 1,0 0 1,
  0 0 1,0 0 1,
  0 0 1,0 0 1,
  0 0 1,0 0 1,
  0 0 1,0 0 1,
  0 0 1,0 0 1,
  0 0 1,0 0 1,
  0 0 1,0 0 1,
  0 0 1,0 0 1,
  0 0 1,0 0 1,
  0 0 1,0 0 1,
  0 0 1,0 0 1,
  0 0 1,0 0 1,
  0 0 1,0 0 1,
  0 0 1,0 0 1,
  0 0 1,0 0 1,
  0 0 1,0 0 1,
  0 0 1,0 0 1,
  0 0 1,0 0 1,
  0 0 1,0 0 1,
  0 0 1,0 0 1,
  0 0 1,0 0 1,
  0 0 1,0 0 1,
  0 0 -1,0 0 -1,
  0 0 -1,0 0 -1,
  0 0 -1,0 0 -1,
  0 0 -1,0 0 -1,
  0 0 -1,0 0 -1,
  0 0 -1,0 0 -1,
  0 0 -1,0 0 -1,
  0 0 -1,0 0 -1,
  0 0 -1,0 0 -1,
  0 0 -1,0 0 -1,
  0 0 -1,0 0 -1,
  0 0 -1,0 0 -1,
  0 0 -1,0 0 -1,
  0 0 -1,0 0 -1,
  0 0 -1,0 0 -1,
  0 0 -1,0 0 -1,
  0 0 -1,0 0 -1,
  0 0 -1,0 0 -1,
  0 0 -1,0 0 -1,
  0 0 -1,0 0 -1,
  0 0 -1,0 0 -1,
  0 0 -1,0 0 -1,
  0 0 -1,0 0 -1,
  0 0 -1,0 0 -1,
  0 0 -1,0 0 -1,
  0 0 -1,0 0 -1,
  0 0 -1,0 0 -1,
  0 0 -1,0 0 -1,
  0 0 -1,0 0 -1,
  0 0 -1,0 0 -1,
  0 0 -1,0 0 -1,
  0 0 -1,0 0 -1,
  0 0 -1,0 0 -1,
  0 0 -1,0 0 -1,
  0 0 -1,0 0 -1,
  0 0 -1,0 0 -1,
  0 0 -1,0 0 -1,
  0 0 -1,0 0 -1,
  0 0 -1,0 0 -1,
  0 0 -1,0 0 -1,
  0 0 -1,0 0 -1,
  0 0 -1,0 0 -1,
  0 0 -1,0 0 -1,
  0 0 -1,0 0 -1,
  0 0 -1,0 0 -1,
  0 0 -1,0 0 -1,
  0 0 -1,0 0 -1,
  0 0 -1,0 0 -1,
  0 0 -1,0 0 -1,
  0 0 -1,0 0 -1,
  0 0 -1,0 0 -1,
  0 0 -1,0 0 -1,
  0 0 -1,0 0 -1,
  0 0 -1,0 0 -1,
  0 0 -1,0 0 -1,
  0 0 -1,0 0 -1,
  0 0 -1,0 0 -1,
  0 0 -1,0 0 -1,
  0 0 -1,0 0 -1,
  0 0 -1,0 0 -1,
  0 0 -1,0 0 -1,
  0 0 -1,0 0 -1,
  0 0 -1,0 0 -1,
  0 0 -1,0 0 -1,
  0 0 -1,0 0 -1,
  0 0 -1,0 0 -1,
  0 0 -1,0 0 -1,
  0 0 -1,0 0 -1,
  0 0 -1,0 0 -1,
  0 0 -1,0 0 -1,
  0 0 -1,0 0 -1,
  0 0 -1,0 0 -1,
  0 0 -1,0 0 -1,
  0 0 -1,0 0 -1,
  0 0 -1,0 0 -1,
  0 0 -1,0 0 -1,
  0 0 -1,0 0 -1,
  0 0 -1,0 0 -1,
  0 0 -1,0 0 -1,
  0 0 -1,0 0 -1,
  0 0 -1,0 0 -1,
  0 0 -1,0 0 -1,
  0 0 -1,0 0 -1,
  0 0 -1,0 0 -1,
  0 0 -1,0 0 -1,
  0 0 -1,0 0 -1,
  0 0 -1,0 0 -1,
  0 0 -1,0 0 -1,
  0 0 -1,0 0 -1,
  0 0 -1,0 0 -1,
  0 0 -1,0 0 -1,
  0 0 -1,0 0 -1,
  0 0 -1,0 0 -1,
  0 0 -1,0 0 -1,
  0 0 -1,0 0 -1,
  0 0 -1,0 0 -1,
  0 0 -1,0 0 -1,
  0 0 -1,0 0 -1,
  0 0 -1,0 0 -1,
  0 0 -1,0 0 -1,
  0 0 -1,0 0 -1,
  0 0 -1,0 0 -1,
  0 0 -1,0 0 -1,
  0 0 -1,0 0 -1,
  0 0 -1,0 0 -1,
  0 0 -1,0 0 -1,
  0 0 -1,0 0 -1,
  0 0 -1,0 0 -1,
  0 0 -1,0 0 -1,
  0 0 -1,0 0 -1,
  0 0 -1,0 0 -1,
  0 0 -1,0 0 -1,
  0 0 -1,0 0 -1,
  0 0 -1,0 0 -1,
  0 0 -1,0 0 -1,
  0 0 -1,0 0 -1,
  0 0 -1,0 0 -1,
  0 0 -1,0 0 -1,
  0 0 -1,0 0 -1,
  0 0 -1,0 0 -1,
  0 0 -1,0 0 -1,
  0 0 -1,0 0 -1,
  0 0 -1,0 0 -1,
  0 0 -1,0 0 -1,
  0 0 -1,0 0 -1,
  0 0 -1,0 0 -1,
  0 0 -1,0 0 -1,
  0 0 -1,0 0 -1,
  0 0 -1,0 0 -1,
  0 0 -1,0 0 -1,
  0 0 -1,0 0 -1,
  0 0 -1,0 0 -1,
  0 0 -1,0 0 -1,
  0 0 -1,0 0 -1,
  0 0 -1,0 0 -1,
  0 0 -1,0 0 -1,
  0 0 -1,0 0 -1,
  0 0 -1,0 0 -1,
  0 0 -1,0 0 -1,
  0 0 -1,0 0 -1,
  0 0 -1,0 0 -1,
  0 0 -1,0 0 -1,
  0 0 -1,0 0 -1,
  0 0 -1,0 0 -1,
  0 0 -1,0 0 -1,
  0 0 -1,0 0 -1,
  0 0 -1,0 0 -1,
  0 0 -1,0 0 -1,
  0 0 -1,0 0 -1,
  0 0 -1,0 0 -1,
  0 0 -1,0 0 -1,
  0 0 -1,0 0 -1,
  0 0 -1,0 0 -1,
  0 0 -1,0 0 -1,
  0 0 -1,0 0 -1,
  0 0 -1,0 0 -1,
  0 0 -1,0 0 -1,
  0 0 -1,0 0 -1,
  0 0 -1,0 0 -1,
  0 0 -1,0 0 -1,
  0 0 -1,0 0 -1,
  0 0 -1,0 0 -1,
  0 0 -1,0 0 -1,
  0 0 -1,0 0 -1,
  0 0 -1,0 0 -1,
  0 0 -1,0 0 -1,
  0 0 -1,0 0 -1,
  0 0 -1,0 0 -1,
  0 0 -1,0 0 -1,
  0 0 -1,0 0 -1,
  0 0 -1,0 0 -1,
  0 0 -1,0 0 -1,
  0 0 -1,0 0 -1,
  0 0 -1,0 0 -1,
  0 0 -1,0 0 -1,
  0 0 -1,0 0 -1,
  0 0 -1,0 0 -1,
  0 0 -1,0 0 -1] }
}
}
DEF SHAPE_94 Shape {
 appearance USE APP_6
 geometry DEF FACE_94 IndexedFaceSet {
  coord DEF COORD_94 Coordinate { point [
  -11.536925 15.755786 0.31003937,-11.58937 15.492126 0.31003937,
  -11.536925 15.755786 -0.31003937,-11.536925 15.755786 -0.31003937,
  -11.58937 15.492126 0.31003937,-11.58937 15.492126 -0.31003937,
  -11.387574 15.979306 0.31003937,-11.536925 15.755786 0.31003937,
  -11.387574 15.979306 -0.31003937,-11.387574 15.979306 -0.31003937,
  -11.536925 15.755786 0.31003937,-11.536925 15.755786 -0.31003937,
  -11.164054 16.128657 0.31003937,-11.387574 15.979306 0.31003937,
  -11.164054 16.128657 -0.31003937,-11.164054 16.128657 -0.31003937,
  -11.387574 15.979306 0.31003937,-11.387574 15.979306 -0.31003937,
  -10.900394 16.181102 0.31003937,-11.164054 16.128657 0.31003937,
  -10.900394 16.181102 -0.31003937,-10.900394 16.181102 -0.31003937,
  -11.164054 16.128657 0.31003937,-11.164054 16.128657 -0.31003937,
  -10.636734 16.128657 0.31003937,-10.900394 16.181102 0.31003937,
  -10.636734 16.128657 -0.31003937,-10.636734 16.128657 -0.31003937,
  -10.900394 16.181102 0.31003937,-10.900394 16.181102 -0.31003937,
  -10.413214 15.979306 0.31003937,-10.636734 16.128657 0.31003937,
  -10.413214 15.979306 -0.31003937,-10.413214 15.979306 -0.31003937,
  -10.636734 16.128657 0.31003937,-10.636734 16.128657 -0.31003937,
  -10.263863 15.755786 0.31003937,-10.413214 15.979306 0.31003937,
  -10.263863 15.755786 -0.31003937,-10.263863 15.755786 -0.31003937,
  -10.413214 15.979306 0.31003937,-10.413214 15.979306 -0.31003937,
  -10.211417 15.492126 0.31003937,-10.263863 15.755786 0.31003937,
  -10.211417 15.492126 -0.31003937,-10.211417 15.492126 -0.31003937,
  -10.263863 15.755786 0.31003937,-10.263863 15.755786 -0.31003937,
  -10.263863 15.228466 0.31003937,-10.211417 15.492126 0.31003937,
  -10.263863 15.228466 -0.31003937,-10.263863 15.228466 -0.31003937,
  -10.211417 15.492126 0.31003937,-10.211417 15.492126 -0.31003937,
  -10.413214 15.004946 0.31003937,-10.263863 15.228466 0.31003937,
  -10.413214 15.004946 -0.31003937,-10.413214 15.004946 -0.31003937,
  -10.263863 15.228466 0.31003937,-10.263863 15.228466 -0.31003937,
  -10.636734 14.855595 0.31003937,-10.413214 15.004946 0.31003937,
  -10.636734 14.855595 -0.31003937,-10.636734 14.855595 -0.31003937,
  -10.413214 15.004946 0.31003937,-10.413214 15.004946 -0.31003937,
  -10.900394 14.80315 0.31003937,-10.636734 14.855595 0.31003937,
  -10.900394 14.80315 -0.31003937,-10.900394 14.80315 -0.31003937,
  -10.636734 14.855595 0.31003937,-10.636734 14.855595 -0.31003937,
  -11.164054 14.855595 0.31003937,-10.900394 14.80315 0.31003937,
  -11.164054 14.855595 -0.31003937,-11.164054 14.855595 -0.31003937,
  -10.900394 14.80315 0.31003937,-10.900394 14.80315 -0.31003937,
  -11.387574 15.004946 0.31003937,-11.164054 14.855595 0.31003937,
  -11.387574 15.004946 -0.31003937,-11.387574 15.004946 -0.31003937,
  -11.164054 14.855595 0.31003937,-11.164054 14.855595 -0.31003937,
  -11.536925 15.228466 0.31003937,-11.387574 15.004946 0.31003937,
  -11.536925 15.228466 -0.31003937,-11.536925 15.228466 -0.31003937,
  -11.387574 15.004946 0.31003937,-11.387574 15.004946 -0.31003937,
  -11.58937 15.492126 0.31003937,-11.536925 15.228466 0.31003937,
  -11.58937 15.492126 -0.31003937,-11.58937 15.492126 -0.31003937,
  -11.536925 15.228466 0.31003937,-11.536925 15.228466 -0.31003937,
  -14.540634 11.763899 0.31003937,-14.488189 12.027559 0.31003937,
  -14.540634 11.763899 -0.31003937,-14.540634 11.763899 -0.31003937,
  -14.488189 12.027559 0.31003937,-14.488189 12.027559 -0.31003937,
  -14.689985 11.540379 0.31003937,-14.540634 11.763899 0.31003937,
  -14.689985 11.540379 -0.31003937,-14.689985 11.540379 -0.31003937,
  -14.540634 11.763899 0.31003937,-14.540634 11.763899 -0.31003937,
  -14.913506 11.391028 0.31003937,-14.689985 11.540379 0.31003937,
  -14.913506 11.391028 -0.31003937,-14.913506 11.391028 -0.31003937,
  -14.689985 11.540379 0.31003937,-14.689985 11.540379 -0.31003937,
  -15.177165 11.338583 0.31003937,-14.913506 11.391028 0.31003937,
  -15.177165 11.338583 -0.31003937,-15.177165 11.338583 -0.31003937,
  -14.913506 11.391028 0.31003937,-14.913506 11.391028 -0.31003937,
  -15.440825 11.391028 0.31003937,-15.177165 11.338583 0.31003937,
  -15.440825 11.391028 -0.31003937,-15.440825 11.391028 -0.31003937,
  -15.177165 11.338583 0.31003937,-15.177165 11.338583 -0.31003937,
  -15.664345 11.540379 0.31003937,-15.440825 11.391028 0.31003937,
  -15.664345 11.540379 -0.31003937,-15.664345 11.540379 -0.31003937,
  -15.440825 11.391028 0.31003937,-15.440825 11.391028 -0.31003937,
  -15.813697 11.763899 0.31003937,-15.664345 11.540379 0.31003937,
  -15.813697 11.763899 -0.31003937,-15.813697 11.763899 -0.31003937,
  -15.664345 11.540379 0.31003937,-15.664345 11.540379 -0.31003937,
  -15.866142 12.027559 0.31003937,-15.813697 11.763899 0.31003937,
  -15.866142 12.027559 -0.31003937,-15.866142 12.027559 -0.31003937,
  -15.813697 11.763899 0.31003937,-15.813697 11.763899 -0.31003937,
  -15.813697 12.291219 0.31003937,-15.866142 12.027559 0.31003937,
  -15.813697 12.291219 -0.31003937,-15.813697 12.291219 -0.31003937,
  -15.866142 12.027559 0.31003937,-15.866142 12.027559 -0.31003937,
  -15.664345 12.514739 0.31003937,-15.813697 12.291219 0.31003937,
  -15.664345 12.514739 -0.31003937,-15.664345 12.514739 -0.31003937,
  -15.813697 12.291219 0.31003937,-15.813697 12.291219 -0.31003937,
  -15.440825 12.66409 0.31003937,-15.664345 12.514739 0.31003937,
  -15.440825 12.66409 -0.31003937,-15.440825 12.66409 -0.31003937,
  -15.664345 12.514739 0.31003937,-15.664345 12.514739 -0.31003937,
  -15.177165 12.716535 0.31003937,-15.440825 12.66409 0.31003937,
  -15.177165 12.716535 -0.31003937,-15.177165 12.716535 -0.31003937,
  -15.440825 12.66409 0.31003937,-15.440825 12.66409 -0.31003937,
  -14.913506 12.66409 0.31003937,-15.177165 12.716535 0.31003937,
  -14.913506 12.66409 -0.31003937,-14.913506 12.66409 -0.31003937,
  -15.177165 12.716535 0.31003937,-15.177165 12.716535 -0.31003937,
  -14.689985 12.514739 0.31003937,-14.913506 12.66409 0.31003937,
  -14.689985 12.514739 -0.31003937,-14.689985 12.514739 -0.31003937,
  -14.913506 12.66409 0.31003937,-14.913506 12.66409 -0.31003937,
  -14.540634 12.291219 0.31003937,-14.689985 12.514739 0.31003937,
  -14.540634 12.291219 -0.31003937,-14.540634 12.291219 -0.31003937,
  -14.689985 12.514739 0.31003937,-14.689985 12.514739 -0.31003937,
  -14.488189 12.027559 0.31003937,-14.540634 12.291219 0.31003937,
  -14.488189 12.027559 -0.31003937,-14.488189 12.027559 -0.31003937,
  -14.540634 12.291219 0.31003937,-14.540634 12.291219 -0.31003937,
  -11.482988 -15.090671 0.31003937,-11.535433 -15.354331 0.31003937,
  -11.482988 -15.090671 -0.31003937,-11.482988 -15.090671 -0.31003937,
  -11.535433 -15.354331 0.31003937,-11.535433 -15.354331 -0.31003937,
  -11.333637 -14.867151 0.31003937,-11.482988 -15.090671 0.31003937,
  -11.333637 -14.867151 -0.31003937,-11.333637 -14.867151 -0.31003937,
  -11.482988 -15.090671 0.31003937,-11.482988 -15.090671 -0.31003937,
  -11.110117 -14.7178 0.31003937,-11.333637 -14.867151 0.31003937,
  -11.110117 -14.7178 -0.31003937,-11.110117 -14.7178 -0.31003937,
  -11.333637 -14.867151 0.31003937,-11.333637 -14.867151 -0.31003937,
  -10.846457 -14.665354 0.31003937,-11.110117 -14.7178 0.31003937,
  -10.846457 -14.665354 -0.31003937,-10.846457 -14.665354 -0.31003937,
  -11.110117 -14.7178 0.31003937,-11.110117 -14.7178 -0.31003937,
  -10.582797 -14.7178 0.31003937,-10.846457 -14.665354 0.31003937,
  -10.582797 -14.7178 -0.31003937,-10.582797 -14.7178 -0.31003937,
  -10.846457 -14.665354 0.31003937,-10.846457 -14.665354 -0.31003937,
  -10.359277 -14.867151 0.31003937,-10.582797 -14.7178 0.31003937,
  -10.359277 -14.867151 -0.31003937,-10.359277 -14.867151 -0.31003937,
  -10.582797 -14.7178 0.31003937,-10.582797 -14.7178 -0.31003937,
  -10.209926 -15.090671 0.31003937,-10.359277 -14.867151 0.31003937,
  -10.209926 -15.090671 -0.31003937,-10.209926 -15.090671 -0.31003937,
  -10.359277 -14.867151 0.31003937,-10.359277 -14.867151 -0.31003937,
  -10.15748 -15.354331 0.31003937,-10.209926 -15.090671 0.31003937,
  -10.15748 -15.354331 -0.31003937,-10.15748 -15.354331 -0.31003937,
  -10.209926 -15.090671 0.31003937,-10.209926 -15.090671 -0.31003937,
  -10.209926 -15.617991 0.31003937,-10.15748 -15.354331 0.31003937,
  -10.209926 -15.617991 -0.31003937,-10.209926 -15.617991 -0.31003937,
  -10.15748 -15.354331 0.31003937,-10.15748 -15.354331 -0.31003937,
  -10.359277 -15.841511 0.31003937,-10.209926 -15.617991 0.31003937,
  -10.359277 -15.841511 -0.31003937,-10.359277 -15.841511 -0.31003937,
  -10.209926 -15.617991 0.31003937,-10.209926 -15.617991 -0.31003937,
  -10.582797 -15.990862 0.31003937,-10.359277 -15.841511 0.31003937,
  -10.582797 -15.990862 -0.31003937,-10.582797 -15.990862 -0.31003937,
  -10.359277 -15.841511 0.31003937,-10.359277 -15.841511 -0.31003937,
  -10.846457 -16.043307 0.31003937,-10.582797 -15.990862 0.31003937,
  -10.846457 -16.043307 -0.31003937,-10.846457 -16.043307 -0.31003937,
  -10.582797 -15.990862 0.31003937,-10.582797 -15.990862 -0.31003937,
  -11.110117 -15.990862 0.31003937,-10.846457 -16.043307 0.31003937,
  -11.110117 -15.990862 -0.31003937,-11.110117 -15.990862 -0.31003937,
  -10.846457 -16.043307 0.31003937,-10.846457 -16.043307 -0.31003937,
  -11.333637 -15.841511 0.31003937,-11.110117 -15.990862 0.31003937,
  -11.333637 -15.841511 -0.31003937,-11.333637 -15.841511 -0.31003937,
  -11.110117 -15.990862 0.31003937,-11.110117 -15.990862 -0.31003937,
  -11.482988 -15.617991 0.31003937,-11.333637 -15.841511 0.31003937,
  -11.482988 -15.617991 -0.31003937,-11.482988 -15.617991 -0.31003937,
  -11.333637 -15.841511 0.31003937,-11.333637 -15.841511 -0.31003937,
  -11.535433 -15.354331 0.31003937,-11.482988 -15.617991 0.31003937,
  -11.535433 -15.354331 -0.31003937,-11.535433 -15.354331 -0.31003937,
  -11.482988 -15.617991 0.31003937,-11.482988 -15.617991 -0.31003937,
  -0.26251543 12.291219 0.31003937,-0.31496063 12.027559 0.31003937,
  -0.26251543 12.291219 -0.31003937,-0.26251543 12.291219 -0.31003937,
  -0.31496063 12.027559 0.31003937,-0.31496063 12.027559 -0.31003937,
  -0.11316412 12.514739 0.31003937,-0.26251543 12.291219 0.31003937,
  -0.11316412 12.514739 -0.31003937,-0.11316412 12.514739 -0.31003937,
  -0.26251543 12.291219 0.31003937,-0.26251543 12.291219 -0.31003937,
  0.1103559 12.66409 0.31003937,-0.11316412 12.514739 0.31003937,
  0.1103559 12.66409 -0.31003937,0.1103559 12.66409 -0.31003937,
  -0.11316412 12.514739 0.31003937,-0.11316412 12.514739 -0.31003937,
  0.37401575 12.716535 0.31003937,0.1103559 12.66409 0.31003937,
  0.37401575 12.716535 -0.31003937,0.37401575 12.716535 -0.31003937,
  0.1103559 12.66409 0.31003937,0.1103559 12.66409 -0.31003937,
  0.63767559 12.66409 0.31003937,0.37401575 12.716535 0.31003937,
  0.63767559 12.66409 -0.31003937,0.63767559 12.66409 -0.31003937,
  0.37401575 12.716535 0.31003937,0.37401575 12.716535 -0.31003937,
  0.86119562 12.514739 0.31003937,0.63767559 12.66409 0.31003937,
  0.86119562 12.514739 -0.31003937,0.86119562 12.514739 -0.31003937,
  0.63767559 12.66409 0.31003937,0.63767559 12.66409 -0.31003937,
  1.0105469 12.291219 0.31003937,0.86119562 12.514739 0.31003937,
  1.0105469 12.291219 -0.31003937,1.0105469 12.291219 -0.31003937,
  0.86119562 12.514739 0.31003937,0.86119562 12.514739 -0.31003937,
  1.0629921 12.027559 0.31003937,1.0105469 12.291219 0.31003937,
  1.0629921 12.027559 -0.31003937,1.0629921 12.027559 -0.31003937,
  1.0105469 12.291219 0.31003937,1.0105469 12.291219 -0.31003937,
  1.0105469 11.763899 0.31003937,1.0629921 12.027559 0.31003937,
  1.0105469 11.763899 -0.31003937,1.0105469 11.763899 -0.31003937,
  1.0629921 12.027559 0.31003937,1.0629921 12.027559 -0.31003937,
  0.86119562 11.540379 0.31003937,1.0105469 11.763899 0.31003937,
  0.86119562 11.540379 -0.31003937,0.86119562 11.540379 -0.31003937,
  1.0105469 11.763899 0.31003937,1.0105469 11.763899 -0.31003937,
  0.63767559 11.391028 0.31003937,0.86119562 11.540379 0.31003937,
  0.63767559 11.391028 -0.31003937,0.63767559 11.391028 -0.31003937,
  0.86119562 11.540379 0.31003937,0.86119562 11.540379 -0.31003937,
  0.37401575 11.338583 0.31003937,0.63767559 11.391028 0.31003937,
  0.37401575 11.338583 -0.31003937,0.37401575 11.338583 -0.31003937,
  0.63767559 11.391028 0.31003937,0.63767559 11.391028 -0.31003937,
  0.1103559 11.391028 0.31003937,0.37401575 11.338583 0.31003937,
  0.1103559 11.391028 -0.31003937,0.1103559 11.391028 -0.31003937,
  0.37401575 11.338583 0.31003937,0.37401575 11.338583 -0.31003937,
  -0.11316412 11.540379 0.31003937,0.1103559 11.391028 0.31003937,
  -0.11316412 11.540379 -0.31003937,-0.11316412 11.540379 -0.31003937,
  0.1103559 11.391028 0.31003937,0.1103559 11.391028 -0.31003937,
  -0.26251543 11.763899 0.31003937,-0.11316412 11.540379 0.31003937,
  -0.26251543 11.763899 -0.31003937,-0.26251543 11.763899 -0.31003937,
  -0.11316412 11.540379 0.31003937,-0.11316412 11.540379 -0.31003937,
  -0.31496063 12.027559 0.31003937,-0.26251543 11.763899 0.31003937,
  -0.31496063 12.027559 -0.31003937,-0.31496063 12.027559 -0.31003937,
  -0.26251543 11.763899 0.31003937,-0.26251543 11.763899 -0.31003937,
  -2.5327602 11.763899 0.31003937,-2.480315 12.027559 0.31003937,
  -2.5327602 11.763899 -0.31003937,-2.5327602 11.763899 -0.31003937,
  -2.480315 12.027559 0.31003937,-2.480315 12.027559 -0.31003937,
  -2.6821115 11.540379 0.31003937,-2.5327602 11.763899 0.31003937,
  -2.6821115 11.540379 -0.31003937,-2.6821115 11.540379 -0.31003937,
  -2.5327602 11.763899 0.31003937,-2.5327602 11.763899 -0.31003937,
  -2.9056315 11.391028 0.31003937,-2.6821115 11.540379 0.31003937,
  -2.9056315 11.391028 -0.31003937,-2.9056315 11.391028 -0.31003937,
  -2.6821115 11.540379 0.31003937,-2.6821115 11.540379 -0.31003937,
  -3.1692913 11.338583 0.31003937,-2.9056315 11.391028 0.31003937,
  -3.1692913 11.338583 -0.31003937,-3.1692913 11.338583 -0.31003937,
  -2.9056315 11.391028 0.31003937,-2.9056315 11.391028 -0.31003937,
  -3.4329512 11.391028 0.31003937,-3.1692913 11.338583 0.31003937,
  -3.4329512 11.391028 -0.31003937,-3.4329512 11.391028 -0.31003937,
  -3.1692913 11.338583 0.31003937,-3.1692913 11.338583 -0.31003937,
  -3.6564712 11.540379 0.31003937,-3.4329512 11.391028 0.31003937,
  -3.6564712 11.540379 -0.31003937,-3.6564712 11.540379 -0.31003937,
  -3.4329512 11.391028 0.31003937,-3.4329512 11.391028 -0.31003937,
  -3.8058225 11.763899 0.31003937,-3.6564712 11.540379 0.31003937,
  -3.8058225 11.763899 -0.31003937,-3.8058225 11.763899 -0.31003937,
  -3.6564712 11.540379 0.31003937,-3.6564712 11.540379 -0.31003937,
  -3.8582677 12.027559 0.31003937,-3.8058225 11.763899 0.31003937,
  -3.8582677 12.027559 -0.31003937,-3.8582677 12.027559 -0.31003937,
  -3.8058225 11.763899 0.31003937,-3.8058225 11.763899 -0.31003937,
  -3.8058225 12.291219 0.31003937,-3.8582677 12.027559 0.31003937,
  -3.8058225 12.291219 -0.31003937,-3.8058225 12.291219 -0.31003937,
  -3.8582677 12.027559 0.31003937,-3.8582677 12.027559 -0.31003937,
  -3.6564712 12.514739 0.31003937,-3.8058225 12.291219 0.31003937,
  -3.6564712 12.514739 -0.31003937,-3.6564712 12.514739 -0.31003937,
  -3.8058225 12.291219 0.31003937,-3.8058225 12.291219 -0.31003937,
  -3.4329512 12.66409 0.31003937,-3.6564712 12.514739 0.31003937,
  -3.4329512 12.66409 -0.31003937,-3.4329512 12.66409 -0.31003937,
  -3.6564712 12.514739 0.31003937,-3.6564712 12.514739 -0.31003937,
  -3.1692913 12.716535 0.31003937,-3.4329512 12.66409 0.31003937,
  -3.1692913 12.716535 -0.31003937,-3.1692913 12.716535 -0.31003937,
  -3.4329512 12.66409 0.31003937,-3.4329512 12.66409 -0.31003937,
  -2.9056315 12.66409 0.31003937,-3.1692913 12.716535 0.31003937,
  -2.9056315 12.66409 -0.31003937,-2.9056315 12.66409 -0.31003937,
  -3.1692913 12.716535 0.31003937,-3.1692913 12.716535 -0.31003937,
  -2.6821115 12.514739 0.31003937,-2.9056315 12.66409 0.31003937,
  -2.6821115 12.514739 -0.31003937,-2.6821115 12.514739 -0.31003937,
  -2.9056315 12.66409 0.31003937,-2.9056315 12.66409 -0.31003937,
  -2.5327602 12.291219 0.31003937,-2.6821115 12.514739 0.31003937,
  -2.5327602 12.291219 -0.31003937,-2.5327602 12.291219 -0.31003937,
  -2.6821115 12.514739 0.31003937,-2.6821115 12.514739 -0.31003937,
  -2.480315 12.027559 0.31003937,-2.5327602 12.291219 0.31003937,
  -2.480315 12.027559 -0.31003937,-2.480315 12.027559 -0.31003937,
  -2.5327602 12.291219 0.31003937,-2.5327602 12.291219 -0.31003937,
  -0.26251543 -12.11823 0.31003937,-0.31496063 -12.38189 0.31003937,
  -0.26251543 -12.11823 -0.31003937,-0.26251543 -12.11823 -0.31003937,
  -0.31496063 -12.38189 0.31003937,-0.31496063 -12.38189 -0.31003937,
  -0.11316412 -11.89471 0.31003937,-0.26251543 -12.11823 0.31003937,
  -0.11316412 -11.89471 -0.31003937,-0.11316412 -11.89471 -0.31003937,
  -0.26251543 -12.11823 0.31003937,-0.26251543 -12.11823 -0.31003937,
  0.1103559 -11.745359 0.31003937,-0.11316412 -11.89471 0.31003937,
  0.1103559 -11.745359 -0.31003937,0.1103559 -11.745359 -0.31003937,
  -0.11316412 -11.89471 0.31003937,-0.11316412 -11.89471 -0.31003937,
  0.37401575 -11.692913 0.31003937,0.1103559 -11.745359 0.31003937,
  0.37401575 -11.692913 -0.31003937,0.37401575 -11.692913 -0.31003937,
  0.1103559 -11.745359 0.31003937,0.1103559 -11.745359 -0.31003937,
  0.63767559 -11.745359 0.31003937,0.37401575 -11.692913 0.31003937,
  0.63767559 -11.745359 -0.31003937,0.63767559 -11.745359 -0.31003937,
  0.37401575 -11.692913 0.31003937,0.37401575 -11.692913 -0.31003937,
  0.86119562 -11.89471 0.31003937,0.63767559 -11.745359 0.31003937,
  0.86119562 -11.89471 -0.31003937,0.86119562 -11.89471 -0.31003937,
  0.63767559 -11.745359 0.31003937,0.63767559 -11.745359 -0.31003937,
  1.0105469 -12.11823 0.31003937,0.86119562 -11.89471 0.31003937,
  1.0105469 -12.11823 -0.31003937,1.0105469 -12.11823 -0.31003937,
  0.86119562 -11.89471 0.31003937,0.86119562 -11.89471 -0.31003937,
  1.0629921 -12.38189 0.31003937,1.0105469 -12.11823 0.31003937,
  1.0629921 -12.38189 -0.31003937,1.0629921 -12.38189 -0.31003937,
  1.0105469 -12.11823 0.31003937,1.0105469 -12.11823 -0.31003937,
  1.0105469 -12.64555 0.31003937,1.0629921 -12.38189 0.31003937,
  1.0105469 -12.64555 -0.31003937,1.0105469 -12.64555 -0.31003937,
  1.0629921 -12.38189 0.31003937,1.0629921 -12.38189 -0.31003937,
  0.86119562 -12.86907 0.31003937,1.0105469 -12.64555 0.31003937,
  0.86119562 -12.86907 -0.31003937,0.86119562 -12.86907 -0.31003937,
  1.0105469 -12.64555 0.31003937,1.0105469 -12.64555 -0.31003937,
  0.63767559 -13.018421 0.31003937,0.86119562 -12.86907 0.31003937,
  0.63767559 -13.018421 -0.31003937,0.63767559 -13.018421 -0.31003937,
  0.86119562 -12.86907 0.31003937,0.86119562 -12.86907 -0.31003937,
  0.37401575 -13.070866 0.31003937,0.63767559 -13.018421 0.31003937,
  0.37401575 -13.070866 -0.31003937,0.37401575 -13.070866 -0.31003937,
  0.63767559 -13.018421 0.31003937,0.63767559 -13.018421 -0.31003937,
  0.1103559 -13.018421 0.31003937,0.37401575 -13.070866 0.31003937,
  0.1103559 -13.018421 -0.31003937,0.1103559 -13.018421 -0.31003937,
  0.37401575 -13.070866 0.31003937,0.37401575 -13.070866 -0.31003937,
  -0.11316412 -12.86907 0.31003937,0.1103559 -13.018421 0.31003937,
  -0.11316412 -12.86907 -0.31003937,-0.11316412 -12.86907 -0.31003937,
  0.1103559 -13.018421 0.31003937,0.1103559 -13.018421 -0.31003937,
  -0.26251543 -12.64555 0.31003937,-0.11316412 -12.86907 0.31003937,
  -0.26251543 -12.64555 -0.31003937,-0.26251543 -12.64555 -0.31003937,
  -0.11316412 -12.86907 0.31003937,-0.11316412 -12.86907 -0.31003937,
  -0.31496063 -12.38189 0.31003937,-0.26251543 -12.64555 0.31003937,
  -0.31496063 -12.38189 -0.31003937,-0.31496063 -12.38189 -0.31003937,
  -0.26251543 -12.64555 0.31003937,-0.26251543 -12.64555 -0.31003937,
  -4.4751139 14.732164 0.31003937,-4.5275591 14.468504 0.31003937,
  -4.4751139 14.732164 -0.31003937,-4.4751139 14.732164 -0.31003937,
  -4.5275591 14.468504 0.31003937,-4.5275591 14.468504 -0.31003937,
  -4.3257625 14.955684 0.31003937,-4.4751139 14.732164 0.31003937,
  -4.3257625 14.955684 -0.31003937,-4.3257625 14.955684 -0.31003937,
  -4.4751139 14.732164 0.31003937,-4.4751139 14.732164 -0.31003937,
  -4.1022425 15.105035 0.31003937,-4.3257625 14.955684 0.31003937,
  -4.1022425 15.105035 -0.31003937,-4.1022425 15.105035 -0.31003937,
  -4.3257625 14.955684 0.31003937,-4.3257625 14.955684 -0.31003937,
  -3.8385827 15.15748 0.31003937,-4.1022425 15.105035 0.31003937,
  -3.8385827 15.15748 -0.31003937,-3.8385827 15.15748 -0.31003937,
  -4.1022425 15.105035 0.31003937,-4.1022425 15.105035 -0.31003937,
  -3.5749228 15.105035 0.31003937,-3.8385827 15.15748 0.31003937,
  -3.5749228 15.105035 -0.31003937,-3.5749228 15.105035 -0.31003937,
  -3.8385827 15.15748 0.31003937,-3.8385827 15.15748 -0.31003937,
  -3.3514028 14.955684 0.31003937,-3.5749228 15.105035 0.31003937,
  -3.3514028 14.955684 -0.31003937,-3.3514028 14.955684 -0.31003937,
  -3.5749228 15.105035 0.31003937,-3.5749228 15.105035 -0.31003937,
  -3.2020515 14.732164 0.31003937,-3.3514028 14.955684 0.31003937,
  -3.2020515 14.732164 -0.31003937,-3.2020515 14.732164 -0.31003937,
  -3.3514028 14.955684 0.31003937,-3.3514028 14.955684 -0.31003937,
  -3.1496063 14.468504 0.31003937,-3.2020515 14.732164 0.31003937,
  -3.1496063 14.468504 -0.31003937,-3.1496063 14.468504 -0.31003937,
  -3.2020515 14.732164 0.31003937,-3.2020515 14.732164 -0.31003937,
  -3.2020515 14.204844 0.31003937,-3.1496063 14.468504 0.31003937,
  -3.2020515 14.204844 -0.31003937,-3.2020515 14.204844 -0.31003937,
  -3.1496063 14.468504 0.31003937,-3.1496063 14.468504 -0.31003937,
  -3.3514028 13.981324 0.31003937,-3.2020515 14.204844 0.31003937,
  -3.3514028 13.981324 -0.31003937,-3.3514028 13.981324 -0.31003937,
  -3.2020515 14.204844 0.31003937,-3.2020515 14.204844 -0.31003937,
  -3.5749228 13.831973 0.31003937,-3.3514028 13.981324 0.31003937,
  -3.5749228 13.831973 -0.31003937,-3.5749228 13.831973 -0.31003937,
  -3.3514028 13.981324 0.31003937,-3.3514028 13.981324 -0.31003937,
  -3.8385827 13.779528 0.31003937,-3.5749228 13.831973 0.31003937,
  -3.8385827 13.779528 -0.31003937,-3.8385827 13.779528 -0.31003937,
  -3.5749228 13.831973 0.31003937,-3.5749228 13.831973 -0.31003937,
  -4.1022425 13.831973 0.31003937,-3.8385827 13.779528 0.31003937,
  -4.1022425 13.831973 -0.31003937,-4.1022425 13.831973 -0.31003937,
  -3.8385827 13.779528 0.31003937,-3.8385827 13.779528 -0.31003937,
  -4.3257625 13.981324 0.31003937,-4.1022425 13.831973 0.31003937,
  -4.3257625 13.981324 -0.31003937,-4.3257625 13.981324 -0.31003937,
  -4.1022425 13.831973 0.31003937,-4.1022425 13.831973 -0.31003937,
  -4.4751139 14.204844 0.31003937,-4.3257625 13.981324 0.31003937,
  -4.4751139 14.204844 -0.31003937,-4.4751139 14.204844 -0.31003937,
  -4.3257625 13.981324 0.31003937,-4.3257625 13.981324 -0.31003937,
  -4.5275591 14.468504 0.31003937,-4.4751139 14.204844 0.31003937,
  -4.5275591 14.468504 -0.31003937,-4.5275591 14.468504 -0.31003937,
  -4.4751139 14.204844 0.31003937,-4.4751139 14.204844 -0.31003937,
  -5.2099255 14.204844 0.31003937,-5.1574803 14.468504 0.31003937,
  -5.2099255 14.204844 -0.31003937,-5.2099255 14.204844 -0.31003937,
  -5.1574803 14.468504 0.31003937,-5.1574803 14.468504 -0.31003937,
  -5.3592768 13.981324 0.31003937,-5.2099255 14.204844 0.31003937,
  -5.3592768 13.981324 -0.31003937,-5.3592768 13.981324 -0.31003937,
  -5.2099255 14.204844 0.31003937,-5.2099255 14.204844 -0.31003937,
  -5.5827968 13.831973 0.31003937,-5.3592768 13.981324 0.31003937,
  -5.5827968 13.831973 -0.31003937,-5.5827968 13.831973 -0.31003937,
  -5.3592768 13.981324 0.31003937,-5.3592768 13.981324 -0.31003937,
  -5.8464567 13.779528 0.31003937,-5.5827968 13.831973 0.31003937,
  -5.8464567 13.779528 -0.31003937,-5.8464567 13.779528 -0.31003937,
  -5.5827968 13.831973 0.31003937,-5.5827968 13.831973 -0.31003937,
  -6.1101165 13.831973 0.31003937,-5.8464567 13.779528 0.31003937,
  -6.1101165 13.831973 -0.31003937,-6.1101165 13.831973 -0.31003937,
  -5.8464567 13.779528 0.31003937,-5.8464567 13.779528 -0.31003937,
  -6.3336366 13.981324 0.31003937,-6.1101165 13.831973 0.31003937,
  -6.3336366 13.981324 -0.31003937,-6.3336366 13.981324 -0.31003937,
  -6.1101165 13.831973 0.31003937,-6.1101165 13.831973 -0.31003937,
  -6.4829879 14.204844 0.31003937,-6.3336366 13.981324 0.31003937,
  -6.4829879 14.204844 -0.31003937,-6.4829879 14.204844 -0.31003937,
  -6.3336366 13.981324 0.31003937,-6.3336366 13.981324 -0.31003937,
  -6.5354331 14.468504 0.31003937,-6.4829879 14.204844 0.31003937,
  -6.5354331 14.468504 -0.31003937,-6.5354331 14.468504 -0.31003937,
  -6.4829879 14.204844 0.31003937,-6.4829879 14.204844 -0.31003937,
  -6.4829879 14.732164 0.31003937,-6.5354331 14.468504 0.31003937,
  -6.4829879 14.732164 -0.31003937,-6.4829879 14.732164 -0.31003937,
  -6.5354331 14.468504 0.31003937,-6.5354331 14.468504 -0.31003937,
  -6.3336366 14.955684 0.31003937,-6.4829879 14.732164 0.31003937,
  -6.3336366 14.955684 -0.31003937,-6.3336366 14.955684 -0.31003937,
  -6.4829879 14.732164 0.31003937,-6.4829879 14.732164 -0.31003937,
  -6.1101165 15.105035 0.31003937,-6.3336366 14.955684 0.31003937,
  -6.1101165 15.105035 -0.31003937,-6.1101165 15.105035 -0.31003937,
  -6.3336366 14.955684 0.31003937,-6.3336366 14.955684 -0.31003937,
  -5.8464567 15.15748 0.31003937,-6.1101165 15.105035 0.31003937,
  -5.8464567 15.15748 -0.31003937,-5.8464567 15.15748 -0.31003937,
  -6.1101165 15.105035 0.31003937,-6.1101165 15.105035 -0.31003937,
  -5.5827968 15.105035 0.31003937,-5.8464567 15.15748 0.31003937,
  -5.5827968 15.105035 -0.31003937,-5.5827968 15.105035 -0.31003937,
  -5.8464567 15.15748 0.31003937,-5.8464567 15.15748 -0.31003937,
  -5.3592768 14.955684 0.31003937,-5.5827968 15.105035 0.31003937,
  -5.3592768 14.955684 -0.31003937,-5.3592768 14.955684 -0.31003937,
  -5.5827968 15.105035 0.31003937,-5.5827968 15.105035 -0.31003937,
  -5.2099255 14.732164 0.31003937,-5.3592768 14.955684 0.31003937,
  -5.2099255 14.732164 -0.31003937,-5.2099255 14.732164 -0.31003937,
  -5.3592768 14.955684 0.31003937,-5.3592768 14.955684 -0.31003937,
  -5.1574803 14.468504 0.31003937,-5.2099255 14.732164 0.31003937,
  -5.1574803 14.468504 -0.31003937,-5.1574803 14.468504 -0.31003937,
  -5.2099255 14.732164 0.31003937,-5.2099255 14.732164 -0.31003937,
  -3.8058225 -12.11823 0.31003937,-3.8582677 -12.38189 0.31003937,
  -3.8058225 -12.11823 -0.31003937,-3.8058225 -12.11823 -0.31003937,
  -3.8582677 -12.38189 0.31003937,-3.8582677 -12.38189 -0.31003937,
  -3.6564712 -11.89471 0.31003937,-3.8058225 -12.11823 0.31003937,
  -3.6564712 -11.89471 -0.31003937,-3.6564712 -11.89471 -0.31003937,
  -3.8058225 -12.11823 0.31003937,-3.8058225 -12.11823 -0.31003937,
  -3.4329512 -11.745359 0.31003937,-3.6564712 -11.89471 0.31003937,
  -3.4329512 -11.745359 -0.31003937,-3.4329512 -11.745359 -0.31003937,
  -3.6564712 -11.89471 0.31003937,-3.6564712 -11.89471 -0.31003937,
  -3.1692913 -11.692913 0.31003937,-3.4329512 -11.745359 0.31003937,
  -3.1692913 -11.692913 -0.31003937,-3.1692913 -11.692913 -0.31003937,
  -3.4329512 -11.745359 0.31003937,-3.4329512 -11.745359 -0.31003937,
  -2.9056315 -11.745359 0.31003937,-3.1692913 -11.692913 0.31003937,
  -2.9056315 -11.745359 -0.31003937,-2.9056315 -11.745359 -0.31003937,
  -3.1692913 -11.692913 0.31003937,-3.1692913 -11.692913 -0.31003937,
  -2.6821115 -11.89471 0.31003937,-2.9056315 -11.745359 0.31003937,
  -2.6821115 -11.89471 -0.31003937,-2.6821115 -11.89471 -0.31003937,
  -2.9056315 -11.745359 0.31003937,-2.9056315 -11.745359 -0.31003937,
  -2.5327602 -12.11823 0.31003937,-2.6821115 -11.89471 0.31003937,
  -2.5327602 -12.11823 -0.31003937,-2.5327602 -12.11823 -0.31003937,
  -2.6821115 -11.89471 0.31003937,-2.6821115 -11.89471 -0.31003937,
  -2.480315 -12.38189 0.31003937,-2.5327602 -12.11823 0.31003937,
  -2.480315 -12.38189 -0.31003937,-2.480315 -12.38189 -0.31003937,
  -2.5327602 -12.11823 0.31003937,-2.5327602 -12.11823 -0.31003937,
  -2.5327602 -12.64555 0.31003937,-2.480315 -12.38189 0.31003937,
  -2.5327602 -12.64555 -0.31003937,-2.5327602 -12.64555 -0.31003937,
  -2.480315 -12.38189 0.31003937,-2.480315 -12.38189 -0.31003937,
  -2.6821115 -12.86907 0.31003937,-2.5327602 -12.64555 0.31003937,
  -2.6821115 -12.86907 -0.31003937,-2.6821115 -12.86907 -0.31003937,
  -2.5327602 -12.64555 0.31003937,-2.5327602 -12.64555 -0.31003937,
  -2.9056315 -13.018421 0.31003937,-2.6821115 -12.86907 0.31003937,
  -2.9056315 -13.018421 -0.31003937,-2.9056315 -13.018421 -0.31003937,
  -2.6821115 -12.86907 0.31003937,-2.6821115 -12.86907 -0.31003937,
  -3.1692913 -13.070866 0.31003937,-2.9056315 -13.018421 0.31003937,
  -3.1692913 -13.070866 -0.31003937,-3.1692913 -13.070866 -0.31003937,
  -2.9056315 -13.018421 0.31003937,-2.9056315 -13.018421 -0.31003937,
  -3.4329512 -13.018421 0.31003937,-3.1692913 -13.070866 0.31003937,
  -3.4329512 -13.018421 -0.31003937,-3.4329512 -13.018421 -0.31003937,
  -3.1692913 -13.070866 0.31003937,-3.1692913 -13.070866 -0.31003937,
  -3.6564712 -12.86907 0.31003937,-3.4329512 -13.018421 0.31003937,
  -3.6564712 -12.86907 -0.31003937,-3.6564712 -12.86907 -0.31003937,
  -3.4329512 -13.018421 0.31003937,-3.4329512 -13.018421 -0.31003937,
  -3.8058225 -12.64555 0.31003937,-3.6564712 -12.86907 0.31003937,
  -3.8058225 -12.64555 -0.31003937,-3.8058225 -12.64555 -0.31003937,
  -3.6564712 -12.86907 0.31003937,-3.6564712 -12.86907 -0.31003937,
  -3.8582677 -12.38189 0.31003937,-3.8058225 -12.64555 0.31003937,
  -3.8582677 -12.38189 -0.31003937,-3.8582677 -12.38189 -0.31003937,
  -3.8058225 -12.64555 0.31003937,-3.8058225 -12.64555 -0.31003937,
  11.745359 -12.11823 0.31003937,11.692913 -12.38189 0.31003937,
  11.745359 -12.11823 -0.31003937,11.745359 -12.11823 -0.31003937,
  11.692913 -12.38189 0.31003937,11.692913 -12.38189 -0.31003937,
  11.89471 -11.89471 0.31003937,11.745359 -12.11823 0.31003937,
  11.89471 -11.89471 -0.31003937,11.89471 -11.89471 -0.31003937,
  11.745359 -12.11823 0.31003937,11.745359 -12.11823 -0.31003937,
  12.11823 -11.745359 0.31003937,11.89471 -11.89471 0.31003937,
  12.11823 -11.745359 -0.31003937,12.11823 -11.745359 -0.31003937,
  11.89471 -11.89471 0.31003937,11.89471 -11.89471 -0.31003937,
  12.38189 -11.692913 0.31003937,12.11823 -11.745359 0.31003937,
  12.38189 -11.692913 -0.31003937,12.38189 -11.692913 -0.31003937,
  12.11823 -11.745359 0.31003937,12.11823 -11.745359 -0.31003937,
  12.64555 -11.745359 0.31003937,12.38189 -11.692913 0.31003937,
  12.64555 -11.745359 -0.31003937,12.64555 -11.745359 -0.31003937,
  12.38189 -11.692913 0.31003937,12.38189 -11.692913 -0.31003937,
  12.86907 -11.89471 0.31003937,12.64555 -11.745359 0.31003937,
  12.86907 -11.89471 -0.31003937,12.86907 -11.89471 -0.31003937,
  12.64555 -11.745359 0.31003937,12.64555 -11.745359 -0.31003937,
  13.018421 -12.11823 0.31003937,12.86907 -11.89471 0.31003937,
  13.018421 -12.11823 -0.31003937,13.018421 -12.11823 -0.31003937,
  12.86907 -11.89471 0.31003937,12.86907 -11.89471 -0.31003937,
  13.070866 -12.38189 0.31003937,13.018421 -12.11823 0.31003937,
  13.070866 -12.38189 -0.31003937,13.070866 -12.38189 -0.31003937,
  13.018421 -12.11823 0.31003937,13.018421 -12.11823 -0.31003937,
  13.018421 -12.64555 0.31003937,13.070866 -12.38189 0.31003937,
  13.018421 -12.64555 -0.31003937,13.018421 -12.64555 -0.31003937,
  13.070866 -12.38189 0.31003937,13.070866 -12.38189 -0.31003937,
  12.86907 -12.86907 0.31003937,13.018421 -12.64555 0.31003937,
  12.86907 -12.86907 -0.31003937,12.86907 -12.86907 -0.31003937,
  13.018421 -12.64555 0.31003937,13.018421 -12.64555 -0.31003937,
  12.64555 -13.018421 0.31003937,12.86907 -12.86907 0.31003937,
  12.64555 -13.018421 -0.31003937,12.64555 -13.018421 -0.31003937,
  12.86907 -12.86907 0.31003937,12.86907 -12.86907 -0.31003937,
  12.38189 -13.070866 0.31003937,12.64555 -13.018421 0.31003937,
  12.38189 -13.070866 -0.31003937,12.38189 -13.070866 -0.31003937,
  12.64555 -13.018421 0.31003937,12.64555 -13.018421 -0.31003937,
  12.11823 -13.018421 0.31003937,12.38189 -13.070866 0.31003937,
  12.11823 -13.018421 -0.31003937,12.11823 -13.018421 -0.31003937,
  12.38189 -13.070866 0.31003937,12.38189 -13.070866 -0.31003937,
  11.89471 -12.86907 0.31003937,12.11823 -13.018421 0.31003937,
  11.89471 -12.86907 -0.31003937,11.89471 -12.86907 -0.31003937,
  12.11823 -13.018421 0.31003937,12.11823 -13.018421 -0.31003937,
  11.745359 -12.64555 0.31003937,11.89471 -12.86907 0.31003937,
  11.745359 -12.64555 -0.31003937,11.745359 -12.64555 -0.31003937,
  11.89471 -12.86907 0.31003937,11.89471 -12.86907 -0.31003937,
  11.692913 -12.38189 0.31003937,11.745359 -12.64555 0.31003937,
  11.692913 -12.38189 -0.31003937,11.692913 -12.38189 -0.31003937,
  11.745359 -12.64555 0.31003937,11.745359 -12.64555 -0.31003937,
  -16.751969 -16.751969 0.31003937,-16.751969 16.751969 0.31003937,
  -16.751969 -16.751969 -0.31003937,-16.751969 -16.751969 -0.31003937,
  -16.751969 16.751969 0.31003937,-16.751969 16.751969 -0.31003937,
  16.751969 -16.751969 0.31003937,-16.751969 -16.751969 0.31003937,
  16.751969 -16.751969 -0.31003937,16.751969 -16.751969 -0.31003937,
  -16.751969 -16.751969 0.31003937,-16.751969 -16.751969 -0.31003937,
  16.751969 16.751969 0.31003937,16.751969 -16.751969 0.31003937,
  16.751969 16.751969 -0.31003937,16.751969 16.751969 -0.31003937,
  16.751969 -16.751969 0.31003937,16.751969 -16.751969 -0.31003937,
  -16.751969 16.751969 0.31003937,16.751969 16.751969 0.31003937,
  -16.751969 16.751969 -0.31003937,-16.751969 16.751969 -0.31003937,
  16.751969 16.751969 0.31003937,16.751969 16.751969 -0.31003937,
  -15.813697 -12.11823 0.31003937,-15.866142 -12.38189 0.31003937,
  -15.813697 -12.11823 -0.31003937,-15.813697 -12.11823 -0.31003937,
  -15.866142 -12.38189 0.31003937,-15.866142 -12.38189 -0.31003937,
  -15.664345 -11.89471 0.31003937,-15.813697 -12.11823 0.31003937,
  -15.664345 -11.89471 -0.31003937,-15.664345 -11.89471 -0.31003937,
  -15.813697 -12.11823 0.31003937,-15.813697 -12.11823 -0.31003937,
  -15.440825 -11.745359 0.31003937,-15.664345 -11.89471 0.31003937,
  -15.440825 -11.745359 -0.31003937,-15.440825 -11.745359 -0.31003937,
  -15.664345 -11.89471 0.31003937,-15.664345 -11.89471 -0.31003937,
  -15.177165 -11.692913 0.31003937,-15.440825 -11.745359 0.31003937,
  -15.177165 -11.692913 -0.31003937,-15.177165 -11.692913 -0.31003937,
  -15.440825 -11.745359 0.31003937,-15.440825 -11.745359 -0.31003937,
  -14.913506 -11.745359 0.31003937,-15.177165 -11.692913 0.31003937,
  -14.913506 -11.745359 -0.31003937,-14.913506 -11.745359 -0.31003937,
  -15.177165 -11.692913 0.31003937,-15.177165 -11.692913 -0.31003937,
  -14.689985 -11.89471 0.31003937,-14.913506 -11.745359 0.31003937,
  -14.689985 -11.89471 -0.31003937,-14.689985 -11.89471 -0.31003937,
  -14.913506 -11.745359 0.31003937,-14.913506 -11.745359 -0.31003937,
  -14.540634 -12.11823 0.31003937,-14.689985 -11.89471 0.31003937,
  -14.540634 -12.11823 -0.31003937,-14.540634 -12.11823 -0.31003937,
  -14.689985 -11.89471 0.31003937,-14.689985 -11.89471 -0.31003937,
  -14.488189 -12.38189 0.31003937,-14.540634 -12.11823 0.31003937,
  -14.488189 -12.38189 -0.31003937,-14.488189 -12.38189 -0.31003937,
  -14.540634 -12.11823 0.31003937,-14.540634 -12.11823 -0.31003937,
  -14.540634 -12.64555 0.31003937,-14.488189 -12.38189 0.31003937,
  -14.540634 -12.64555 -0.31003937,-14.540634 -12.64555 -0.31003937,
  -14.488189 -12.38189 0.31003937,-14.488189 -12.38189 -0.31003937,
  -14.689985 -12.86907 0.31003937,-14.540634 -12.64555 0.31003937,
  -14.689985 -12.86907 -0.31003937,-14.689985 -12.86907 -0.31003937,
  -14.540634 -12.64555 0.31003937,-14.540634 -12.64555 -0.31003937,
  -14.913506 -13.018421 0.31003937,-14.689985 -12.86907 0.31003937,
  -14.913506 -13.018421 -0.31003937,-14.913506 -13.018421 -0.31003937,
  -14.689985 -12.86907 0.31003937,-14.689985 -12.86907 -0.31003937,
  -15.177165 -13.070866 0.31003937,-14.913506 -13.018421 0.31003937,
  -15.177165 -13.070866 -0.31003937,-15.177165 -13.070866 -0.31003937,
  -14.913506 -13.018421 0.31003937,-14.913506 -13.018421 -0.31003937,
  -15.440825 -13.018421 0.31003937,-15.177165 -13.070866 0.31003937,
  -15.440825 -13.018421 -0.31003937,-15.440825 -13.018421 -0.31003937,
  -15.177165 -13.070866 0.31003937,-15.177165 -13.070866 -0.31003937,
  -15.664345 -12.86907 0.31003937,-15.440825 -13.018421 0.31003937,
  -15.664345 -12.86907 -0.31003937,-15.664345 -12.86907 -0.31003937,
  -15.440825 -13.018421 0.31003937,-15.440825 -13.018421 -0.31003937,
  -15.813697 -12.64555 0.31003937,-15.664345 -12.86907 0.31003937,
  -15.813697 -12.64555 -0.31003937,-15.813697 -12.64555 -0.31003937,
  -15.664345 -12.86907 0.31003937,-15.664345 -12.86907 -0.31003937,
  -15.866142 -12.38189 0.31003937,-15.813697 -12.64555 0.31003937,
  -15.866142 -12.38189 -0.31003937,-15.866142 -12.38189 -0.31003937,
  -15.813697 -12.64555 0.31003937,-15.813697 -12.64555 -0.31003937,
  16.036531 15.228466 0.31003937,16.088976 15.492126 0.31003937,
  16.036531 15.228466 -0.31003937,16.036531 15.228466 -0.31003937,
  16.088976 15.492126 0.31003937,16.088976 15.492126 -0.31003937,
  15.88718 15.004946 0.31003937,16.036531 15.228466 0.31003937,
  15.88718 15.004946 -0.31003937,15.88718 15.004946 -0.31003937,
  16.036531 15.228466 0.31003937,16.036531 15.228466 -0.31003937,
  15.66366 14.855595 0.31003937,15.88718 15.004946 0.31003937,
  15.66366 14.855595 -0.31003937,15.66366 14.855595 -0.31003937,
  15.88718 15.004946 0.31003937,15.88718 15.004946 -0.31003937,
  15.4 14.80315 0.31003937,15.66366 14.855595 0.31003937,
  15.4 14.80315 -0.31003937,15.4 14.80315 -0.31003937,
  15.66366 14.855595 0.31003937,15.66366 14.855595 -0.31003937,
  15.13634 14.855595 0.31003937,15.4 14.80315 0.31003937,
  15.13634 14.855595 -0.31003937,15.13634 14.855595 -0.31003937,
  15.4 14.80315 0.31003937,15.4 14.80315 -0.31003937,
  14.91282 15.004946 0.31003937,15.13634 14.855595 0.31003937,
  14.91282 15.004946 -0.31003937,14.91282 15.004946 -0.31003937,
  15.13634 14.855595 0.31003937,15.13634 14.855595 -0.31003937,
  14.763469 15.228466 0.31003937,14.91282 15.004946 0.31003937,
  14.763469 15.228466 -0.31003937,14.763469 15.228466 -0.31003937,
  14.91282 15.004946 0.31003937,14.91282 15.004946 -0.31003937,
  14.711024 15.492126 0.31003937,14.763469 15.228466 0.31003937,
  14.711024 15.492126 -0.31003937,14.711024 15.492126 -0.31003937,
  14.763469 15.228466 0.31003937,14.763469 15.228466 -0.31003937,
  14.763469 15.755786 0.31003937,14.711024 15.492126 0.31003937,
  14.763469 15.755786 -0.31003937,14.763469 15.755786 -0.31003937,
  14.711024 15.492126 0.31003937,14.711024 15.492126 -0.31003937,
  14.91282 15.979306 0.31003937,14.763469 15.755786 0.31003937,
  14.91282 15.979306 -0.31003937,14.91282 15.979306 -0.31003937,
  14.763469 15.755786 0.31003937,14.763469 15.755786 -0.31003937,
  15.13634 16.128657 0.31003937,14.91282 15.979306 0.31003937,
  15.13634 16.128657 -0.31003937,15.13634 16.128657 -0.31003937,
  14.91282 15.979306 0.31003937,14.91282 15.979306 -0.31003937,
  15.4 16.181102 0.31003937,15.13634 16.128657 0.31003937,
  15.4 16.181102 -0.31003937,15.4 16.181102 -0.31003937,
  15.13634 16.128657 0.31003937,15.13634 16.128657 -0.31003937,
  15.66366 16.128657 0.31003937,15.4 16.181102 0.31003937,
  15.66366 16.128657 -0.31003937,15.66366 16.128657 -0.31003937,
  15.4 16.181102 0.31003937,15.4 16.181102 -0.31003937,
  15.88718 15.979306 0.31003937,15.66366 16.128657 0.31003937,
  15.88718 15.979306 -0.31003937,15.88718 15.979306 -0.31003937,
  15.66366 16.128657 0.31003937,15.66366 16.128657 -0.31003937,
  16.036531 15.755786 0.31003937,15.88718 15.979306 0.31003937,
  16.036531 15.755786 -0.31003937,16.036531 15.755786 -0.31003937,
  15.88718 15.979306 0.31003937,15.88718 15.979306 -0.31003937,
  16.088976 15.492126 0.31003937,16.036531 15.755786 0.31003937,
  16.088976 15.492126 -0.31003937,16.088976 15.492126 -0.31003937,
  16.036531 15.755786 0.31003937,16.036531 15.755786 -0.31003937,
  14.501264 8.0392504 0.31003937,14.448819 7.7755906 0.31003937,
  14.501264 8.0392504 -0.31003937,14.501264 8.0392504 -0.31003937,
  14.448819 7.7755906 0.31003937,14.448819 7.7755906 -0.31003937,
  14.650615 8.2627704 0.31003937,14.501264 8.0392504 0.31003937,
  14.650615 8.2627704 -0.31003937,14.650615 8.2627704 -0.31003937,
  14.501264 8.0392504 0.31003937,14.501264 8.0392504 -0.31003937,
  14.874135 8.4121217 0.31003937,14.650615 8.2627704 0.31003937,
  14.874135 8.4121217 -0.31003937,14.874135 8.4121217 -0.31003937,
  14.650615 8.2627704 0.31003937,14.650615 8.2627704 -0.31003937,
  15.137795 8.4645669 0.31003937,14.874135 8.4121217 0.31003937,
  15.137795 8.4645669 -0.31003937,15.137795 8.4645669 -0.31003937,
  14.874135 8.4121217 0.31003937,14.874135 8.4121217 -0.31003937,
  15.401455 8.4121217 0.31003937,15.137795 8.4645669 0.31003937,
  15.401455 8.4121217 -0.31003937,15.401455 8.4121217 -0.31003937,
  15.137795 8.4645669 0.31003937,15.137795 8.4645669 -0.31003937,
  15.624975 8.2627704 0.31003937,15.401455 8.4121217 0.31003937,
  15.624975 8.2627704 -0.31003937,15.624975 8.2627704 -0.31003937,
  15.401455 8.4121217 0.31003937,15.401455 8.4121217 -0.31003937,
  15.774326 8.0392504 0.31003937,15.624975 8.2627704 0.31003937,
  15.774326 8.0392504 -0.31003937,15.774326 8.0392504 -0.31003937,
  15.624975 8.2627704 0.31003937,15.624975 8.2627704 -0.31003937,
  15.826772 7.7755906 0.31003937,15.774326 8.0392504 0.31003937,
  15.826772 7.7755906 -0.31003937,15.826772 7.7755906 -0.31003937,
  15.774326 8.0392504 0.31003937,15.774326 8.0392504 -0.31003937,
  15.774326 7.5119307 0.31003937,15.826772 7.7755906 0.31003937,
  15.774326 7.5119307 -0.31003937,15.774326 7.5119307 -0.31003937,
  15.826772 7.7755906 0.31003937,15.826772 7.7755906 -0.31003937,
  15.624975 7.2884107 0.31003937,15.774326 7.5119307 0.31003937,
  15.624975 7.2884107 -0.31003937,15.624975 7.2884107 -0.31003937,
  15.774326 7.5119307 0.31003937,15.774326 7.5119307 -0.31003937,
  15.401455 7.1390594 0.31003937,15.624975 7.2884107 0.31003937,
  15.401455 7.1390594 -0.31003937,15.401455 7.1390594 -0.31003937,
  15.624975 7.2884107 0.31003937,15.624975 7.2884107 -0.31003937,
  15.137795 7.0866142 0.31003937,15.401455 7.1390594 0.31003937,
  15.137795 7.0866142 -0.31003937,15.137795 7.0866142 -0.31003937,
  15.401455 7.1390594 0.31003937,15.401455 7.1390594 -0.31003937,
  14.874135 7.1390594 0.31003937,15.137795 7.0866142 0.31003937,
  14.874135 7.1390594 -0.31003937,14.874135 7.1390594 -0.31003937,
  15.137795 7.0866142 0.31003937,15.137795 7.0866142 -0.31003937,
  14.650615 7.2884107 0.31003937,14.874135 7.1390594 0.31003937,
  14.650615 7.2884107 -0.31003937,14.650615 7.2884107 -0.31003937,
  14.874135 7.1390594 0.31003937,14.874135 7.1390594 -0.31003937,
  14.501264 7.5119307 0.31003937,14.650615 7.2884107 0.31003937,
  14.501264 7.5119307 -0.31003937,14.501264 7.5119307 -0.31003937,
  14.650615 7.2884107 0.31003937,14.650615 7.2884107 -0.31003937,
  14.448819 7.7755906 0.31003937,14.501264 7.5119307 0.31003937,
  14.448819 7.7755906 -0.31003937,14.448819 7.7755906 -0.31003937,
  14.501264 7.5119307 0.31003937,14.501264 7.5119307 -0.31003937,
  14.501264 6.0707465 0.31003937,14.448819 5.8070866 0.31003937,
  14.501264 6.0707465 -0.31003937,14.501264 6.0707465 -0.31003937,
  14.448819 5.8070866 0.31003937,14.448819 5.8070866 -0.31003937,
  14.650615 6.2942665 0.31003937,14.501264 6.0707465 0.31003937,
  14.650615 6.2942665 -0.31003937,14.650615 6.2942665 -0.31003937,
  14.501264 6.0707465 0.31003937,14.501264 6.0707465 -0.31003937,
  14.874135 6.4436178 0.31003937,14.650615 6.2942665 0.31003937,
  14.874135 6.4436178 -0.31003937,14.874135 6.4436178 -0.31003937,
  14.650615 6.2942665 0.31003937,14.650615 6.2942665 -0.31003937,
  15.137795 6.496063 0.31003937,14.874135 6.4436178 0.31003937,
  15.137795 6.496063 -0.31003937,15.137795 6.496063 -0.31003937,
  14.874135 6.4436178 0.31003937,14.874135 6.4436178 -0.31003937,
  15.401455 6.4436178 0.31003937,15.137795 6.496063 0.31003937,
  15.401455 6.4436178 -0.31003937,15.401455 6.4436178 -0.31003937,
  15.137795 6.496063 0.31003937,15.137795 6.496063 -0.31003937,
  15.624975 6.2942665 0.31003937,15.401455 6.4436178 0.31003937,
  15.624975 6.2942665 -0.31003937,15.624975 6.2942665 -0.31003937,
  15.401455 6.4436178 0.31003937,15.401455 6.4436178 -0.31003937,
  15.774326 6.0707465 0.31003937,15.624975 6.2942665 0.31003937,
  15.774326 6.0707465 -0.31003937,15.774326 6.0707465 -0.31003937,
  15.624975 6.2942665 0.31003937,15.624975 6.2942665 -0.31003937,
  15.826772 5.8070866 0.31003937,15.774326 6.0707465 0.31003937,
  15.826772 5.8070866 -0.31003937,15.826772 5.8070866 -0.31003937,
  15.774326 6.0707465 0.31003937,15.774326 6.0707465 -0.31003937,
  15.774326 5.5434268 0.31003937,15.826772 5.8070866 0.31003937,
  15.774326 5.5434268 -0.31003937,15.774326 5.5434268 -0.31003937,
  15.826772 5.8070866 0.31003937,15.826772 5.8070866 -0.31003937,
  15.624975 5.3199067 0.31003937,15.774326 5.5434268 0.31003937,
  15.624975 5.3199067 -0.31003937,15.624975 5.3199067 -0.31003937,
  15.774326 5.5434268 0.31003937,15.774326 5.5434268 -0.31003937,
  15.401455 5.1705554 0.31003937,15.624975 5.3199067 0.31003937,
  15.401455 5.1705554 -0.31003937,15.401455 5.1705554 -0.31003937,
  15.624975 5.3199067 0.31003937,15.624975 5.3199067 -0.31003937,
  15.137795 5.1181102 0.31003937,15.401455 5.1705554 0.31003937,
  15.137795 5.1181102 -0.31003937,15.137795 5.1181102 -0.31003937,
  15.401455 5.1705554 0.31003937,15.401455 5.1705554 -0.31003937,
  14.874135 5.1705554 0.31003937,15.137795 5.1181102 0.31003937,
  14.874135 5.1705554 -0.31003937,14.874135 5.1705554 -0.31003937,
  15.137795 5.1181102 0.31003937,15.137795 5.1181102 -0.31003937,
  14.650615 5.3199067 0.31003937,14.874135 5.1705554 0.31003937,
  14.650615 5.3199067 -0.31003937,14.650615 5.3199067 -0.31003937,
  14.874135 5.1705554 0.31003937,14.874135 5.1705554 -0.31003937,
  14.501264 5.5434268 0.31003937,14.650615 5.3199067 0.31003937,
  14.501264 5.5434268 -0.31003937,14.501264 5.5434268 -0.31003937,
  14.650615 5.3199067 0.31003937,14.650615 5.3199067 -0.31003937,
  14.448819 5.8070866 0.31003937,14.501264 5.5434268 0.31003937,
  14.448819 5.8070866 -0.31003937,14.448819 5.8070866 -0.31003937,
  14.501264 5.5434268 0.31003937,14.501264 5.5434268 -0.31003937,
  14.501264 3.3935811 0.31003937,14.448819 3.1299213 0.31003937,
  14.501264 3.3935811 -0.31003937,14.501264 3.3935811 -0.31003937,
  14.448819 3.1299213 0.31003937,14.448819 3.1299213 -0.31003937,
  14.650615 3.6171011 0.31003937,14.501264 3.3935811 0.31003937,
  14.650615 3.6171011 -0.31003937,14.650615 3.6171011 -0.31003937,
  14.501264 3.3935811 0.31003937,14.501264 3.3935811 -0.31003937,
  14.874135 3.7664524 0.31003937,14.650615 3.6171011 0.31003937,
  14.874135 3.7664524 -0.31003937,14.874135 3.7664524 -0.31003937,
  14.650615 3.6171011 0.31003937,14.650615 3.6171011 -0.31003937,
  15.137795 3.8188976 0.31003937,14.874135 3.7664524 0.31003937,
  15.137795 3.8188976 -0.31003937,15.137795 3.8188976 -0.31003937,
  14.874135 3.7664524 0.31003937,14.874135 3.7664524 -0.31003937,
  15.401455 3.7664524 0.31003937,15.137795 3.8188976 0.31003937,
  15.401455 3.7664524 -0.31003937,15.401455 3.7664524 -0.31003937,
  15.137795 3.8188976 0.31003937,15.137795 3.8188976 -0.31003937,
  15.624975 3.6171011 0.31003937,15.401455 3.7664524 0.31003937,
  15.624975 3.6171011 -0.31003937,15.624975 3.6171011 -0.31003937,
  15.401455 3.7664524 0.31003937,15.401455 3.7664524 -0.31003937,
  15.774326 3.3935811 0.31003937,15.624975 3.6171011 0.31003937,
  15.774326 3.3935811 -0.31003937,15.774326 3.3935811 -0.31003937,
  15.624975 3.6171011 0.31003937,15.624975 3.6171011 -0.31003937,
  15.826772 3.1299213 0.31003937,15.774326 3.3935811 0.31003937,
  15.826772 3.1299213 -0.31003937,15.826772 3.1299213 -0.31003937,
  15.774326 3.3935811 0.31003937,15.774326 3.3935811 -0.31003937,
  15.774326 2.8662614 0.31003937,15.826772 3.1299213 0.31003937,
  15.774326 2.8662614 -0.31003937,15.774326 2.8662614 -0.31003937,
  15.826772 3.1299213 0.31003937,15.826772 3.1299213 -0.31003937,
  15.624975 2.6427414 0.31003937,15.774326 2.8662614 0.31003937,
  15.624975 2.6427414 -0.31003937,15.624975 2.6427414 -0.31003937,
  15.774326 2.8662614 0.31003937,15.774326 2.8662614 -0.31003937,
  15.401455 2.4933901 0.31003937,15.624975 2.6427414 0.31003937,
  15.401455 2.4933901 -0.31003937,15.401455 2.4933901 -0.31003937,
  15.624975 2.6427414 0.31003937,15.624975 2.6427414 -0.31003937,
  15.137795 2.4409449 0.31003937,15.401455 2.4933901 0.31003937,
  15.137795 2.4409449 -0.31003937,15.137795 2.4409449 -0.31003937,
  15.401455 2.4933901 0.31003937,15.401455 2.4933901 -0.31003937,
  14.874135 2.4933901 0.31003937,15.137795 2.4409449 0.31003937,
  14.874135 2.4933901 -0.31003937,14.874135 2.4933901 -0.31003937,
  15.137795 2.4409449 0.31003937,15.137795 2.4409449 -0.31003937,
  14.650615 2.6427414 0.31003937,14.874135 2.4933901 0.31003937,
  14.650615 2.6427414 -0.31003937,14.650615 2.6427414 -0.31003937,
  14.874135 2.4933901 0.31003937,14.874135 2.4933901 -0.31003937,
  14.501264 2.8662614 0.31003937,14.650615 2.6427414 0.31003937,
  14.501264 2.8662614 -0.31003937,14.501264 2.8662614 -0.31003937,
  14.650615 2.6427414 0.31003937,14.650615 2.6427414 -0.31003937,
  14.448819 3.1299213 0.31003937,14.501264 2.8662614 0.31003937,
  14.448819 3.1299213 -0.31003937,14.448819 3.1299213 -0.31003937,
  14.501264 2.8662614 0.31003937,14.501264 2.8662614 -0.31003937,
  14.501264 1.3857071 0.31003937,14.448819 1.1220472 0.31003937,
  14.501264 1.3857071 -0.31003937,14.501264 1.3857071 -0.31003937,
  14.448819 1.1220472 0.31003937,14.448819 1.1220472 -0.31003937,
  14.650615 1.6092271 0.31003937,14.501264 1.3857071 0.31003937,
  14.650615 1.6092271 -0.31003937,14.650615 1.6092271 -0.31003937,
  14.501264 1.3857071 0.31003937,14.501264 1.3857071 -0.31003937,
  14.874135 1.7585784 0.31003937,14.650615 1.6092271 0.31003937,
  14.874135 1.7585784 -0.31003937,14.874135 1.7585784 -0.31003937,
  14.650615 1.6092271 0.31003937,14.650615 1.6092271 -0.31003937,
  15.137795 1.8110236 0.31003937,14.874135 1.7585784 0.31003937,
  15.137795 1.8110236 -0.31003937,15.137795 1.8110236 -0.31003937,
  14.874135 1.7585784 0.31003937,14.874135 1.7585784 -0.31003937,
  15.401455 1.7585784 0.31003937,15.137795 1.8110236 0.31003937,
  15.401455 1.7585784 -0.31003937,15.401455 1.7585784 -0.31003937,
  15.137795 1.8110236 0.31003937,15.137795 1.8110236 -0.31003937,
  15.624975 1.6092271 0.31003937,15.401455 1.7585784 0.31003937,
  15.624975 1.6092271 -0.31003937,15.624975 1.6092271 -0.31003937,
  15.401455 1.7585784 0.31003937,15.401455 1.7585784 -0.31003937,
  15.774326 1.3857071 0.31003937,15.624975 1.6092271 0.31003937,
  15.774326 1.3857071 -0.31003937,15.774326 1.3857071 -0.31003937,
  15.624975 1.6092271 0.31003937,15.624975 1.6092271 -0.31003937,
  15.826772 1.1220472 0.31003937,15.774326 1.3857071 0.31003937,
  15.826772 1.1220472 -0.31003937,15.826772 1.1220472 -0.31003937,
  15.774326 1.3857071 0.31003937,15.774326 1.3857071 -0.31003937,
  15.774326 0.8583874 0.31003937,15.826772 1.1220472 0.31003937,
  15.774326 0.8583874 -0.31003937,15.774326 0.8583874 -0.31003937,
  15.826772 1.1220472 0.31003937,15.826772 1.1220472 -0.31003937,
  15.624975 0.63486738 0.31003937,15.774326 0.8583874 0.31003937,
  15.624975 0.63486738 -0.31003937,15.624975 0.63486738 -0.31003937,
  15.774326 0.8583874 0.31003937,15.774326 0.8583874 -0.31003937,
  15.401455 0.48551607 0.31003937,15.624975 0.63486738 0.31003937,
  15.401455 0.48551607 -0.31003937,15.401455 0.48551607 -0.31003937,
  15.624975 0.63486738 0.31003937,15.624975 0.63486738 -0.31003937,
  15.137795 0.43307087 0.31003937,15.401455 0.48551607 0.31003937,
  15.137795 0.43307087 -0.31003937,15.137795 0.43307087 -0.31003937,
  15.401455 0.48551607 0.31003937,15.401455 0.48551607 -0.31003937,
  14.874135 0.48551607 0.31003937,15.137795 0.43307087 0.31003937,
  14.874135 0.48551607 -0.31003937,14.874135 0.48551607 -0.31003937,
  15.137795 0.43307087 0.31003937,15.137795 0.43307087 -0.31003937,
  14.650615 0.63486738 0.31003937,14.874135 0.48551607 0.31003937,
  14.650615 0.63486738 -0.31003937,14.650615 0.63486738 -0.31003937,
  14.874135 0.48551607 0.31003937,14.874135 0.48551607 -0.31003937,
  14.501264 0.8583874 0.31003937,14.650615 0.63486738 0.31003937,
  14.501264 0.8583874 -0.31003937,14.501264 0.8583874 -0.31003937,
  14.650615 0.63486738 0.31003937,14.650615 0.63486738 -0.31003937,
  14.448819 1.1220472 0.31003937,14.501264 0.8583874 0.31003937,
  14.448819 1.1220472 -0.31003937,14.448819 1.1220472 -0.31003937,
  14.501264 0.8583874 0.31003937,14.501264 0.8583874 -0.31003937,
  14.501264 -0.58279685 0.31003937,14.448819 -0.84645669 0.31003937,
  14.501264 -0.58279685 -0.31003937,14.501264 -0.58279685 -0.31003937,
  14.448819 -0.84645669 0.31003937,14.448819 -0.84645669 -0.31003937,
  14.650615 -0.35927682 0.31003937,14.501264 -0.58279685 0.31003937,
  14.650615 -0.35927682 -0.31003937,14.650615 -0.35927682 -0.31003937,
  14.501264 -0.58279685 0.31003937,14.501264 -0.58279685 -0.31003937,
  14.874135 -0.20992552 0.31003937,14.650615 -0.35927682 0.31003937,
  14.874135 -0.20992552 -0.31003937,14.874135 -0.20992552 -0.31003937,
  14.650615 -0.35927682 0.31003937,14.650615 -0.35927682 -0.31003937,
  15.137795 -0.15748031 0.31003937,14.874135 -0.20992552 0.31003937,
  15.137795 -0.15748031 -0.31003937,15.137795 -0.15748031 -0.31003937,
  14.874135 -0.20992552 0.31003937,14.874135 -0.20992552 -0.31003937,
  15.401455 -0.20992552 0.31003937,15.137795 -0.15748031 0.31003937,
  15.401455 -0.20992552 -0.31003937,15.401455 -0.20992552 -0.31003937,
  15.137795 -0.15748031 0.31003937,15.137795 -0.15748031 -0.31003937,
  15.624975 -0.35927682 0.31003937,15.401455 -0.20992552 0.31003937,
  15.624975 -0.35927682 -0.31003937,15.624975 -0.35927682 -0.31003937,
  15.401455 -0.20992552 0.31003937,15.401455 -0.20992552 -0.31003937,
  15.774326 -0.58279685 0.31003937,15.624975 -0.35927682 0.31003937,
  15.774326 -0.58279685 -0.31003937,15.774326 -0.58279685 -0.31003937,
  15.624975 -0.35927682 0.31003937,15.624975 -0.35927682 -0.31003937,
  15.826772 -0.84645669 0.31003937,15.774326 -0.58279685 0.31003937,
  15.826772 -0.84645669 -0.31003937,15.826772 -0.84645669 -0.31003937,
  15.774326 -0.58279685 0.31003937,15.774326 -0.58279685 -0.31003937,
  15.774326 -1.1101165 0.31003937,15.826772 -0.84645669 0.31003937,
  15.774326 -1.1101165 -0.31003937,15.774326 -1.1101165 -0.31003937,
  15.826772 -0.84645669 0.31003937,15.826772 -0.84645669 -0.31003937,
  15.624975 -1.3336366 0.31003937,15.774326 -1.1101165 0.31003937,
  15.624975 -1.3336366 -0.31003937,15.624975 -1.3336366 -0.31003937,
  15.774326 -1.1101165 0.31003937,15.774326 -1.1101165 -0.31003937,
  15.401455 -1.4829879 0.31003937,15.624975 -1.3336366 0.31003937,
  15.401455 -1.4829879 -0.31003937,15.401455 -1.4829879 -0.31003937,
  15.624975 -1.3336366 0.31003937,15.624975 -1.3336366 -0.31003937,
  15.137795 -1.5354331 0.31003937,15.401455 -1.4829879 0.31003937,
  15.137795 -1.5354331 -0.31003937,15.137795 -1.5354331 -0.31003937,
  15.401455 -1.4829879 0.31003937,15.401455 -1.4829879 -0.31003937,
  14.874135 -1.4829879 0.31003937,15.137795 -1.5354331 0.31003937,
  14.874135 -1.4829879 -0.31003937,14.874135 -1.4829879 -0.31003937,
  15.137795 -1.5354331 0.31003937,15.137795 -1.5354331 -0.31003937,
  14.650615 -1.3336366 0.31003937,14.874135 -1.4829879 0.31003937,
  14.650615 -1.3336366 -0.31003937,14.650615 -1.3336366 -0.31003937,
  14.874135 -1.4829879 0.31003937,14.874135 -1.4829879 -0.31003937,
  14.501264 -1.1101165 0.31003937,14.650615 -1.3336366 0.31003937,
  14.501264 -1.1101165 -0.31003937,14.501264 -1.1101165 -0.31003937,
  14.650615 -1.3336366 0.31003937,14.650615 -1.3336366 -0.31003937,
  14.448819 -0.84645669 0.31003937,14.501264 -1.1101165 0.31003937,
  14.448819 -0.84645669 -0.31003937,14.448819 -0.84645669 -0.31003937,
  14.501264 -1.1101165 0.31003937,14.501264 -1.1101165 -0.31003937,
  14.501264 -2.6300409 0.31003937,14.448819 -2.8937008 0.31003937,
  14.501264 -2.6300409 -0.31003937,14.501264 -2.6300409 -0.31003937,
  14.448819 -2.8937008 0.31003937,14.448819 -2.8937008 -0.31003937,
  14.650615 -2.4065209 0.31003937,14.501264 -2.6300409 0.31003937,
  14.650615 -2.4065209 -0.31003937,14.650615 -2.4065209 -0.31003937,
  14.501264 -2.6300409 0.31003937,14.501264 -2.6300409 -0.31003937,
  14.874135 -2.2571696 0.31003937,14.650615 -2.4065209 0.31003937,
  14.874135 -2.2571696 -0.31003937,14.874135 -2.2571696 -0.31003937,
  14.650615 -2.4065209 0.31003937,14.650615 -2.4065209 -0.31003937,
  15.137795 -2.2047244 0.31003937,14.874135 -2.2571696 0.31003937,
  15.137795 -2.2047244 -0.31003937,15.137795 -2.2047244 -0.31003937,
  14.874135 -2.2571696 0.31003937,14.874135 -2.2571696 -0.31003937,
  15.401455 -2.2571696 0.31003937,15.137795 -2.2047244 0.31003937,
  15.401455 -2.2571696 -0.31003937,15.401455 -2.2571696 -0.31003937,
  15.137795 -2.2047244 0.31003937,15.137795 -2.2047244 -0.31003937,
  15.624975 -2.4065209 0.31003937,15.401455 -2.2571696 0.31003937,
  15.624975 -2.4065209 -0.31003937,15.624975 -2.4065209 -0.31003937,
  15.401455 -2.2571696 0.31003937,15.401455 -2.2571696 -0.31003937,
  15.774326 -2.6300409 0.31003937,15.624975 -2.4065209 0.31003937,
  15.774326 -2.6300409 -0.31003937,15.774326 -2.6300409 -0.31003937,
  15.624975 -2.4065209 0.31003937,15.624975 -2.4065209 -0.31003937,
  15.826772 -2.8937008 0.31003937,15.774326 -2.6300409 0.31003937,
  15.826772 -2.8937008 -0.31003937,15.826772 -2.8937008 -0.31003937,
  15.774326 -2.6300409 0.31003937,15.774326 -2.6300409 -0.31003937,
  15.774326 -3.1573606 0.31003937,15.826772 -2.8937008 0.31003937,
  15.774326 -3.1573606 -0.31003937,15.774326 -3.1573606 -0.31003937,
  15.826772 -2.8937008 0.31003937,15.826772 -2.8937008 -0.31003937,
  15.624975 -3.3808807 0.31003937,15.774326 -3.1573606 0.31003937,
  15.624975 -3.3808807 -0.31003937,15.624975 -3.3808807 -0.31003937,
  15.774326 -3.1573606 0.31003937,15.774326 -3.1573606 -0.31003937,
  15.401455 -3.530232 0.31003937,15.624975 -3.3808807 0.31003937,
  15.401455 -3.530232 -0.31003937,15.401455 -3.530232 -0.31003937,
  15.624975 -3.3808807 0.31003937,15.624975 -3.3808807 -0.31003937,
  15.137795 -3.5826772 0.31003937,15.401455 -3.530232 0.31003937,
  15.137795 -3.5826772 -0.31003937,15.137795 -3.5826772 -0.31003937,
  15.401455 -3.530232 0.31003937,15.401455 -3.530232 -0.31003937,
  14.874135 -3.530232 0.31003937,15.137795 -3.5826772 0.31003937,
  14.874135 -3.530232 -0.31003937,14.874135 -3.530232 -0.31003937,
  15.137795 -3.5826772 0.31003937,15.137795 -3.5826772 -0.31003937,
  14.650615 -3.3808807 0.31003937,14.874135 -3.530232 0.31003937,
  14.650615 -3.3808807 -0.31003937,14.650615 -3.3808807 -0.31003937,
  14.874135 -3.530232 0.31003937,14.874135 -3.530232 -0.31003937,
  14.501264 -3.1573606 0.31003937,14.650615 -3.3808807 0.31003937,
  14.501264 -3.1573606 -0.31003937,14.501264 -3.1573606 -0.31003937,
  14.650615 -3.3808807 0.31003937,14.650615 -3.3808807 -0.31003937,
  14.448819 -2.8937008 0.31003937,14.501264 -3.1573606 0.31003937,
  14.448819 -2.8937008 -0.31003937,14.448819 -2.8937008 -0.31003937,
  14.501264 -3.1573606 0.31003937,14.501264 -3.1573606 -0.31003937,
  14.501264 -7.0394898 0.31003937,14.448819 -7.3031496 0.31003937,
  14.501264 -7.0394898 -0.31003937,14.501264 -7.0394898 -0.31003937,
  14.448819 -7.3031496 0.31003937,14.448819 -7.3031496 -0.31003937,
  14.650615 -6.8159697 0.31003937,14.501264 -7.0394898 0.31003937,
  14.650615 -6.8159697 -0.31003937,14.650615 -6.8159697 -0.31003937,
  14.501264 -7.0394898 0.31003937,14.501264 -7.0394898 -0.31003937,
  14.874135 -6.6666184 0.31003937,14.650615 -6.8159697 0.31003937,
  14.874135 -6.6666184 -0.31003937,14.874135 -6.6666184 -0.31003937,
  14.650615 -6.8159697 0.31003937,14.650615 -6.8159697 -0.31003937,
  15.137795 -6.6141732 0.31003937,14.874135 -6.6666184 0.31003937,
  15.137795 -6.6141732 -0.31003937,15.137795 -6.6141732 -0.31003937,
  14.874135 -6.6666184 0.31003937,14.874135 -6.6666184 -0.31003937,
  15.401455 -6.6666184 0.31003937,15.137795 -6.6141732 0.31003937,
  15.401455 -6.6666184 -0.31003937,15.401455 -6.6666184 -0.31003937,
  15.137795 -6.6141732 0.31003937,15.137795 -6.6141732 -0.31003937,
  15.624975 -6.8159697 0.31003937,15.401455 -6.6666184 0.31003937,
  15.624975 -6.8159697 -0.31003937,15.624975 -6.8159697 -0.31003937,
  15.401455 -6.6666184 0.31003937,15.401455 -6.6666184 -0.31003937,
  15.774326 -7.0394898 0.31003937,15.624975 -6.8159697 0.31003937,
  15.774326 -7.0394898 -0.31003937,15.774326 -7.0394898 -0.31003937,
  15.624975 -6.8159697 0.31003937,15.624975 -6.8159697 -0.31003937,
  15.826772 -7.3031496 0.31003937,15.774326 -7.0394898 0.31003937,
  15.826772 -7.3031496 -0.31003937,15.826772 -7.3031496 -0.31003937,
  15.774326 -7.0394898 0.31003937,15.774326 -7.0394898 -0.31003937,
  15.774326 -7.5668095 0.31003937,15.826772 -7.3031496 0.31003937,
  15.774326 -7.5668095 -0.31003937,15.774326 -7.5668095 -0.31003937,
  15.826772 -7.3031496 0.31003937,15.826772 -7.3031496 -0.31003937,
  15.624975 -7.7903295 0.31003937,15.774326 -7.5668095 0.31003937,
  15.624975 -7.7903295 -0.31003937,15.624975 -7.7903295 -0.31003937,
  15.774326 -7.5668095 0.31003937,15.774326 -7.5668095 -0.31003937,
  15.401455 -7.9396808 0.31003937,15.624975 -7.7903295 0.31003937,
  15.401455 -7.9396808 -0.31003937,15.401455 -7.9396808 -0.31003937,
  15.624975 -7.7903295 0.31003937,15.624975 -7.7903295 -0.31003937,
  15.137795 -7.992126 0.31003937,15.401455 -7.9396808 0.31003937,
  15.137795 -7.992126 -0.31003937,15.137795 -7.992126 -0.31003937,
  15.401455 -7.9396808 0.31003937,15.401455 -7.9396808 -0.31003937,
  14.874135 -7.9396808 0.31003937,15.137795 -7.992126 0.31003937,
  14.874135 -7.9396808 -0.31003937,14.874135 -7.9396808 -0.31003937,
  15.137795 -7.992126 0.31003937,15.137795 -7.992126 -0.31003937,
  14.650615 -7.7903295 0.31003937,14.874135 -7.9396808 0.31003937,
  14.650615 -7.7903295 -0.31003937,14.650615 -7.7903295 -0.31003937,
  14.874135 -7.9396808 0.31003937,14.874135 -7.9396808 -0.31003937,
  14.501264 -7.5668095 0.31003937,14.650615 -7.7903295 0.31003937,
  14.501264 -7.5668095 -0.31003937,14.501264 -7.5668095 -0.31003937,
  14.650615 -7.7903295 0.31003937,14.650615 -7.7903295 -0.31003937,
  14.448819 -7.3031496 0.31003937,14.501264 -7.5668095 0.31003937,
  14.448819 -7.3031496 -0.31003937,14.448819 -7.3031496 -0.31003937,
  14.501264 -7.5668095 0.31003937,14.501264 -7.5668095 -0.31003937,
  13.018421 11.763899 0.31003937,13.070866 12.027559 0.31003937,
  13.018421 11.763899 -0.31003937,13.018421 11.763899 -0.31003937,
  13.070866 12.027559 0.31003937,13.070866 12.027559 -0.31003937,
  12.86907 11.540379 0.31003937,13.018421 11.763899 0.31003937,
  12.86907 11.540379 -0.31003937,12.86907 11.540379 -0.31003937,
  13.018421 11.763899 0.31003937,13.018421 11.763899 -0.31003937,
  12.64555 11.391028 0.31003937,12.86907 11.540379 0.31003937,
  12.64555 11.391028 -0.31003937,12.64555 11.391028 -0.31003937,
  12.86907 11.540379 0.31003937,12.86907 11.540379 -0.31003937,
  12.38189 11.338583 0.31003937,12.64555 11.391028 0.31003937,
  12.38189 11.338583 -0.31003937,12.38189 11.338583 -0.31003937,
  12.64555 11.391028 0.31003937,12.64555 11.391028 -0.31003937,
  12.11823 11.391028 0.31003937,12.38189 11.338583 0.31003937,
  12.11823 11.391028 -0.31003937,12.11823 11.391028 -0.31003937,
  12.38189 11.338583 0.31003937,12.38189 11.338583 -0.31003937,
  11.89471 11.540379 0.31003937,12.11823 11.391028 0.31003937,
  11.89471 11.540379 -0.31003937,11.89471 11.540379 -0.31003937,
  12.11823 11.391028 0.31003937,12.11823 11.391028 -0.31003937,
  11.745359 11.763899 0.31003937,11.89471 11.540379 0.31003937,
  11.745359 11.763899 -0.31003937,11.745359 11.763899 -0.31003937,
  11.89471 11.540379 0.31003937,11.89471 11.540379 -0.31003937,
  11.692913 12.027559 0.31003937,11.745359 11.763899 0.31003937,
  11.692913 12.027559 -0.31003937,11.692913 12.027559 -0.31003937,
  11.745359 11.763899 0.31003937,11.745359 11.763899 -0.31003937,
  11.745359 12.291219 0.31003937,11.692913 12.027559 0.31003937,
  11.745359 12.291219 -0.31003937,11.745359 12.291219 -0.31003937,
  11.692913 12.027559 0.31003937,11.692913 12.027559 -0.31003937,
  11.89471 12.514739 0.31003937,11.745359 12.291219 0.31003937,
  11.89471 12.514739 -0.31003937,11.89471 12.514739 -0.31003937,
  11.745359 12.291219 0.31003937,11.745359 12.291219 -0.31003937,
  12.11823 12.66409 0.31003937,11.89471 12.514739 0.31003937,
  12.11823 12.66409 -0.31003937,12.11823 12.66409 -0.31003937,
  11.89471 12.514739 0.31003937,11.89471 12.514739 -0.31003937,
  12.38189 12.716535 0.31003937,12.11823 12.66409 0.31003937,
  12.38189 12.716535 -0.31003937,12.38189 12.716535 -0.31003937,
  12.11823 12.66409 0.31003937,12.11823 12.66409 -0.31003937,
  12.64555 12.66409 0.31003937,12.38189 12.716535 0.31003937,
  12.64555 12.66409 -0.31003937,12.64555 12.66409 -0.31003937,
  12.38189 12.716535 0.31003937,12.38189 12.716535 -0.31003937,
  12.86907 12.514739 0.31003937,12.64555 12.66409 0.31003937,
  12.86907 12.514739 -0.31003937,12.86907 12.514739 -0.31003937,
  12.64555 12.66409 0.31003937,12.64555 12.66409 -0.31003937,
  13.018421 12.291219 0.31003937,12.86907 12.514739 0.31003937,
  13.018421 12.291219 -0.31003937,13.018421 12.291219 -0.31003937,
  12.86907 12.514739 0.31003937,12.86907 12.514739 -0.31003937,
  13.070866 12.027559 0.31003937,13.018421 12.291219 0.31003937,
  13.070866 12.027559 -0.31003937,13.070866 12.027559 -0.31003937,
  13.018421 12.291219 0.31003937,13.018421 12.291219 -0.31003937,
  14.501264 -9.0079937 0.31003937,14.448819 -9.2716535 0.31003937,
  14.501264 -9.0079937 -0.31003937,14.501264 -9.0079937 -0.31003937,
  14.448819 -9.2716535 0.31003937,14.448819 -9.2716535 -0.31003937,
  14.650615 -8.7844737 0.31003937,14.501264 -9.0079937 0.31003937,
  14.650615 -8.7844737 -0.31003937,14.650615 -8.7844737 -0.31003937,
  14.501264 -9.0079937 0.31003937,14.501264 -9.0079937 -0.31003937,
  14.874135 -8.6351224 0.31003937,14.650615 -8.7844737 0.31003937,
  14.874135 -8.6351224 -0.31003937,14.874135 -8.6351224 -0.31003937,
  14.650615 -8.7844737 0.31003937,14.650615 -8.7844737 -0.31003937,
  15.137795 -8.5826772 0.31003937,14.874135 -8.6351224 0.31003937,
  15.137795 -8.5826772 -0.31003937,15.137795 -8.5826772 -0.31003937,
  14.874135 -8.6351224 0.31003937,14.874135 -8.6351224 -0.31003937,
  15.401455 -8.6351224 0.31003937,15.137795 -8.5826772 0.31003937,
  15.401455 -8.6351224 -0.31003937,15.401455 -8.6351224 -0.31003937,
  15.137795 -8.5826772 0.31003937,15.137795 -8.5826772 -0.31003937,
  15.624975 -8.7844737 0.31003937,15.401455 -8.6351224 0.31003937,
  15.624975 -8.7844737 -0.31003937,15.624975 -8.7844737 -0.31003937,
  15.401455 -8.6351224 0.31003937,15.401455 -8.6351224 -0.31003937,
  15.774326 -9.0079937 0.31003937,15.624975 -8.7844737 0.31003937,
  15.774326 -9.0079937 -0.31003937,15.774326 -9.0079937 -0.31003937,
  15.624975 -8.7844737 0.31003937,15.624975 -8.7844737 -0.31003937,
  15.826772 -9.2716535 0.31003937,15.774326 -9.0079937 0.31003937,
  15.826772 -9.2716535 -0.31003937,15.826772 -9.2716535 -0.31003937,
  15.774326 -9.0079937 0.31003937,15.774326 -9.0079937 -0.31003937,
  15.774326 -9.5353134 0.31003937,15.826772 -9.2716535 0.31003937,
  15.774326 -9.5353134 -0.31003937,15.774326 -9.5353134 -0.31003937,
  15.826772 -9.2716535 0.31003937,15.826772 -9.2716535 -0.31003937,
  15.624975 -9.7588334 0.31003937,15.774326 -9.5353134 0.31003937,
  15.624975 -9.7588334 -0.31003937,15.624975 -9.7588334 -0.31003937,
  15.774326 -9.5353134 0.31003937,15.774326 -9.5353134 -0.31003937,
  15.401455 -9.9081847 0.31003937,15.624975 -9.7588334 0.31003937,
  15.401455 -9.9081847 -0.31003937,15.401455 -9.9081847 -0.31003937,
  15.624975 -9.7588334 0.31003937,15.624975 -9.7588334 -0.31003937,
  15.137795 -9.9606299 0.31003937,15.401455 -9.9081847 0.31003937,
  15.137795 -9.9606299 -0.31003937,15.137795 -9.9606299 -0.31003937,
  15.401455 -9.9081847 0.31003937,15.401455 -9.9081847 -0.31003937,
  14.874135 -9.9081847 0.31003937,15.137795 -9.9606299 0.31003937,
  14.874135 -9.9081847 -0.31003937,14.874135 -9.9081847 -0.31003937,
  15.137795 -9.9606299 0.31003937,15.137795 -9.9606299 -0.31003937,
  14.650615 -9.7588334 0.31003937,14.874135 -9.9081847 0.31003937,
  14.650615 -9.7588334 -0.31003937,14.650615 -9.7588334 -0.31003937,
  14.874135 -9.9081847 0.31003937,14.874135 -9.9081847 -0.31003937,
  14.501264 -9.5353134 0.31003937,14.650615 -9.7588334 0.31003937,
  14.501264 -9.5353134 -0.31003937,14.501264 -9.5353134 -0.31003937,
  14.650615 -9.7588334 0.31003937,14.650615 -9.7588334 -0.31003937,
  14.448819 -9.2716535 0.31003937,14.501264 -9.5353134 0.31003937,
  14.448819 -9.2716535 -0.31003937,14.448819 -9.2716535 -0.31003937,
  14.501264 -9.5353134 0.31003937,14.501264 -9.5353134 -0.31003937,
  14.7178 -15.13634 0.31003937,14.665354 -15.4 0.31003937,
  14.7178 -15.13634 -0.31003937,14.7178 -15.13634 -0.31003937,
  14.665354 -15.4 0.31003937,14.665354 -15.4 -0.31003937,
  14.867151 -14.91282 0.31003937,14.7178 -15.13634 0.31003937,
  14.867151 -14.91282 -0.31003937,14.867151 -14.91282 -0.31003937,
  14.7178 -15.13634 0.31003937,14.7178 -15.13634 -0.31003937,
  15.090671 -14.763469 0.31003937,14.867151 -14.91282 0.31003937,
  15.090671 -14.763469 -0.31003937,15.090671 -14.763469 -0.31003937,
  14.867151 -14.91282 0.31003937,14.867151 -14.91282 -0.31003937,
  15.354331 -14.711024 0.31003937,15.090671 -14.763469 0.31003937,
  15.354331 -14.711024 -0.31003937,15.354331 -14.711024 -0.31003937,
  15.090671 -14.763469 0.31003937,15.090671 -14.763469 -0.31003937,
  15.617991 -14.763469 0.31003937,15.354331 -14.711024 0.31003937,
  15.617991 -14.763469 -0.31003937,15.617991 -14.763469 -0.31003937,
  15.354331 -14.711024 0.31003937,15.354331 -14.711024 -0.31003937,
  15.841511 -14.91282 0.31003937,15.617991 -14.763469 0.31003937,
  15.841511 -14.91282 -0.31003937,15.841511 -14.91282 -0.31003937,
  15.617991 -14.763469 0.31003937,15.617991 -14.763469 -0.31003937,
  15.990862 -15.13634 0.31003937,15.841511 -14.91282 0.31003937,
  15.990862 -15.13634 -0.31003937,15.990862 -15.13634 -0.31003937,
  15.841511 -14.91282 0.31003937,15.841511 -14.91282 -0.31003937,
  16.043307 -15.4 0.31003937,15.990862 -15.13634 0.31003937,
  16.043307 -15.4 -0.31003937,16.043307 -15.4 -0.31003937,
  15.990862 -15.13634 0.31003937,15.990862 -15.13634 -0.31003937,
  15.990862 -15.66366 0.31003937,16.043307 -15.4 0.31003937,
  15.990862 -15.66366 -0.31003937,15.990862 -15.66366 -0.31003937,
  16.043307 -15.4 0.31003937,16.043307 -15.4 -0.31003937,
  15.841511 -15.88718 0.31003937,15.990862 -15.66366 0.31003937,
  15.841511 -15.88718 -0.31003937,15.841511 -15.88718 -0.31003937,
  15.990862 -15.66366 0.31003937,15.990862 -15.66366 -0.31003937,
  15.617991 -16.036531 0.31003937,15.841511 -15.88718 0.31003937,
  15.617991 -16.036531 -0.31003937,15.617991 -16.036531 -0.31003937,
  15.841511 -15.88718 0.31003937,15.841511 -15.88718 -0.31003937,
  15.354331 -16.088976 0.31003937,15.617991 -16.036531 0.31003937,
  15.354331 -16.088976 -0.31003937,15.354331 -16.088976 -0.31003937,
  15.617991 -16.036531 0.31003937,15.617991 -16.036531 -0.31003937,
  15.090671 -16.036531 0.31003937,15.354331 -16.088976 0.31003937,
  15.090671 -16.036531 -0.31003937,15.090671 -16.036531 -0.31003937,
  15.354331 -16.088976 0.31003937,15.354331 -16.088976 -0.31003937,
  14.867151 -15.88718 0.31003937,15.090671 -16.036531 0.31003937,
  14.867151 -15.88718 -0.31003937,14.867151 -15.88718 -0.31003937,
  15.090671 -16.036531 0.31003937,15.090671 -16.036531 -0.31003937,
  14.7178 -15.66366 0.31003937,14.867151 -15.88718 0.31003937,
  14.7178 -15.66366 -0.31003937,14.7178 -15.66366 -0.31003937,
  14.867151 -15.88718 0.31003937,14.867151 -15.88718 -0.31003937,
  14.665354 -15.4 0.31003937,14.7178 -15.66366 0.31003937,
  14.665354 -15.4 -0.31003937,14.665354 -15.4 -0.31003937,
  14.7178 -15.66366 0.31003937,14.7178 -15.66366 -0.31003937] }
 coordIndex [
  0,1,2,-1,3,4,5,-1,6,7,8,-1,9,10,11,-1,12,13,14,-1,15,16,17,-1,18,19,20,-1,21,22,23,-1,
  24,25,26,-1,27,28,29,-1,30,31,32,-1,33,34,35,-1,36,37,38,-1,39,40,41,-1,42,43,44,-1,45,46,47,-1,
  48,49,50,-1,51,52,53,-1,54,55,56,-1,57,58,59,-1,60,61,62,-1,63,64,65,-1,66,67,68,-1,69,70,71,-1,
  72,73,74,-1,75,76,77,-1,78,79,80,-1,81,82,83,-1,84,85,86,-1,87,88,89,-1,90,91,92,-1,93,94,95,-1,
  96,97,98,-1,99,100,101,-1,102,103,104,-1,105,106,107,-1,108,109,110,-1,111,112,113,-1,114,115,116,-1,117,118,119,-1,
  120,121,122,-1,123,124,125,-1,126,127,128,-1,129,130,131,-1,132,133,134,-1,135,136,137,-1,138,139,140,-1,141,142,143,-1,
  144,145,146,-1,147,148,149,-1,150,151,152,-1,153,154,155,-1,156,157,158,-1,159,160,161,-1,162,163,164,-1,165,166,167,-1,
  168,169,170,-1,171,172,173,-1,174,175,176,-1,177,178,179,-1,180,181,182,-1,183,184,185,-1,186,187,188,-1,189,190,191,-1,
  192,193,194,-1,195,196,197,-1,198,199,200,-1,201,202,203,-1,204,205,206,-1,207,208,209,-1,210,211,212,-1,213,214,215,-1,
  216,217,218,-1,219,220,221,-1,222,223,224,-1,225,226,227,-1,228,229,230,-1,231,232,233,-1,234,235,236,-1,237,238,239,-1,
  240,241,242,-1,243,244,245,-1,246,247,248,-1,249,250,251,-1,252,253,254,-1,255,256,257,-1,258,259,260,-1,261,262,263,-1,
  264,265,266,-1,267,268,269,-1,270,271,272,-1,273,274,275,-1,276,277,278,-1,279,280,281,-1,282,283,284,-1,285,286,287,-1,
  288,289,290,-1,291,292,293,-1,294,295,296,-1,297,298,299,-1,300,301,302,-1,303,304,305,-1,306,307,308,-1,309,310,311,-1,
  312,313,314,-1,315,316,317,-1,318,319,320,-1,321,322,323,-1,324,325,326,-1,327,328,329,-1,330,331,332,-1,333,334,335,-1,
  336,337,338,-1,339,340,341,-1,342,343,344,-1,345,346,347,-1,348,349,350,-1,351,352,353,-1,354,355,356,-1,357,358,359,-1,
  360,361,362,-1,363,364,365,-1,366,367,368,-1,369,370,371,-1,372,373,374,-1,375,376,377,-1,378,379,380,-1,381,382,383,-1,
  384,385,386,-1,387,388,389,-1,390,391,392,-1,393,394,395,-1,396,397,398,-1,399,400,401,-1,402,403,404,-1,405,406,407,-1,
  408,409,410,-1,411,412,413,-1,414,415,416,-1,417,418,419,-1,420,421,422,-1,423,424,425,-1,426,427,428,-1,429,430,431,-1,
  432,433,434,-1,435,436,437,-1,438,439,440,-1,441,442,443,-1,444,445,446,-1,447,448,449,-1,450,451,452,-1,453,454,455,-1,
  456,457,458,-1,459,460,461,-1,462,463,464,-1,465,466,467,-1,468,469,470,-1,471,472,473,-1,474,475,476,-1,477,478,479,-1,
  480,481,482,-1,483,484,485,-1,486,487,488,-1,489,490,491,-1,492,493,494,-1,495,496,497,-1,498,499,500,-1,501,502,503,-1,
  504,505,506,-1,507,508,509,-1,510,511,512,-1,513,514,515,-1,516,517,518,-1,519,520,521,-1,522,523,524,-1,525,526,527,-1,
  528,529,530,-1,531,532,533,-1,534,535,536,-1,537,538,539,-1,540,541,542,-1,543,544,545,-1,546,547,548,-1,549,550,551,-1,
  552,553,554,-1,555,556,557,-1,558,559,560,-1,561,562,563,-1,564,565,566,-1,567,568,569,-1,570,571,572,-1,573,574,575,-1,
  576,577,578,-1,579,580,581,-1,582,583,584,-1,585,586,587,-1,588,589,590,-1,591,592,593,-1,594,595,596,-1,597,598,599,-1,
  600,601,602,-1,603,604,605,-1,606,607,608,-1,609,610,611,-1,612,613,614,-1,615,616,617,-1,618,619,620,-1,621,622,623,-1,
  624,625,626,-1,627,628,629,-1,630,631,632,-1,633,634,635,-1,636,637,638,-1,639,640,641,-1,642,643,644,-1,645,646,647,-1,
  648,649,650,-1,651,652,653,-1,654,655,656,-1,657,658,659,-1,660,661,662,-1,663,664,665,-1,666,667,668,-1,669,670,671,-1,
  672,673,674,-1,675,676,677,-1,678,679,680,-1,681,682,683,-1,684,685,686,-1,687,688,689,-1,690,691,692,-1,693,694,695,-1,
  696,697,698,-1,699,700,701,-1,702,703,704,-1,705,706,707,-1,708,709,710,-1,711,712,713,-1,714,715,716,-1,717,718,719,-1,
  720,721,722,-1,723,724,725,-1,726,727,728,-1,729,730,731,-1,732,733,734,-1,735,736,737,-1,738,739,740,-1,741,742,743,-1,
  744,745,746,-1,747,748,749,-1,750,751,752,-1,753,754,755,-1,756,757,758,-1,759,760,761,-1,762,763,764,-1,765,766,767,-1,
  768,769,770,-1,771,772,773,-1,774,775,776,-1,777,778,779,-1,780,781,782,-1,783,784,785,-1,786,787,788,-1,789,790,791,-1,
  792,793,794,-1,795,796,797,-1,798,799,800,-1,801,802,803,-1,804,805,806,-1,807,808,809,-1,810,811,812,-1,813,814,815,-1,
  816,817,818,-1,819,820,821,-1,822,823,824,-1,825,826,827,-1,828,829,830,-1,831,832,833,-1,834,835,836,-1,837,838,839,-1,
  840,841,842,-1,843,844,845,-1,846,847,848,-1,849,850,851,-1,852,853,854,-1,855,856,857,-1,858,859,860,-1,861,862,863,-1,
  864,865,866,-1,867,868,869,-1,870,871,872,-1,873,874,875,-1,876,877,878,-1,879,880,881,-1,882,883,884,-1,885,886,887,-1,
  888,889,890,-1,891,892,893,-1,894,895,896,-1,897,898,899,-1,900,901,902,-1,903,904,905,-1,906,907,908,-1,909,910,911,-1,
  912,913,914,-1,915,916,917,-1,918,919,920,-1,921,922,923,-1,924,925,926,-1,927,928,929,-1,930,931,932,-1,933,934,935,-1,
  936,937,938,-1,939,940,941,-1,942,943,944,-1,945,946,947,-1,948,949,950,-1,951,952,953,-1,954,955,956,-1,957,958,959,-1,
  960,961,962,-1,963,964,965,-1,966,967,968,-1,969,970,971,-1,972,973,974,-1,975,976,977,-1,978,979,980,-1,981,982,983,-1,
  984,985,986,-1,987,988,989,-1,990,991,992,-1,993,994,995,-1,996,997,998,-1,999,1000,1001,-1,1002,1003,1004,-1,1005,1006,1007,-1,
  1008,1009,1010,-1,1011,1012,1013,-1,1014,1015,1016,-1,1017,1018,1019,-1,1020,1021,1022,-1,1023,1024,1025,-1,1026,1027,1028,-1,1029,1030,1031,-1,
  1032,1033,1034,-1,1035,1036,1037,-1,1038,1039,1040,-1,1041,1042,1043,-1,1044,1045,1046,-1,1047,1048,1049,-1,1050,1051,1052,-1,1053,1054,1055,-1,
  1056,1057,1058,-1,1059,1060,1061,-1,1062,1063,1064,-1,1065,1066,1067,-1,1068,1069,1070,-1,1071,1072,1073,-1,1074,1075,1076,-1,1077,1078,1079,-1,
  1080,1081,1082,-1,1083,1084,1085,-1,1086,1087,1088,-1,1089,1090,1091,-1,1092,1093,1094,-1,1095,1096,1097,-1,1098,1099,1100,-1,1101,1102,1103,-1,
  1104,1105,1106,-1,1107,1108,1109,-1,1110,1111,1112,-1,1113,1114,1115,-1,1116,1117,1118,-1,1119,1120,1121,-1,1122,1123,1124,-1,1125,1126,1127,-1,
  1128,1129,1130,-1,1131,1132,1133,-1,1134,1135,1136,-1,1137,1138,1139,-1,1140,1141,1142,-1,1143,1144,1145,-1,1146,1147,1148,-1,1149,1150,1151,-1,
  1152,1153,1154,-1,1155,1156,1157,-1,1158,1159,1160,-1,1161,1162,1163,-1,1164,1165,1166,-1,1167,1168,1169,-1,1170,1171,1172,-1,1173,1174,1175,-1,
  1176,1177,1178,-1,1179,1180,1181,-1,1182,1183,1184,-1,1185,1186,1187,-1,1188,1189,1190,-1,1191,1192,1193,-1,1194,1195,1196,-1,1197,1198,1199,-1,
  1200,1201,1202,-1,1203,1204,1205,-1,1206,1207,1208,-1,1209,1210,1211,-1,1212,1213,1214,-1,1215,1216,1217,-1,1218,1219,1220,-1,1221,1222,1223,-1,
  1224,1225,1226,-1,1227,1228,1229,-1,1230,1231,1232,-1,1233,1234,1235,-1,1236,1237,1238,-1,1239,1240,1241,-1,1242,1243,1244,-1,1245,1246,1247,-1,
  1248,1249,1250,-1,1251,1252,1253,-1,1254,1255,1256,-1,1257,1258,1259,-1,1260,1261,1262,-1,1263,1264,1265,-1,1266,1267,1268,-1,1269,1270,1271,-1,
  1272,1273,1274,-1,1275,1276,1277,-1,1278,1279,1280,-1,1281,1282,1283,-1,1284,1285,1286,-1,1287,1288,1289,-1,1290,1291,1292,-1,1293,1294,1295,-1,
  1296,1297,1298,-1,1299,1300,1301,-1,1302,1303,1304,-1,1305,1306,1307,-1,1308,1309,1310,-1,1311,1312,1313,-1,1314,1315,1316,-1,1317,1318,1319,-1,
  1320,1321,1322,-1,1323,1324,1325,-1,1326,1327,1328,-1,1329,1330,1331,-1,1332,1333,1334,-1,1335,1336,1337,-1,1338,1339,1340,-1,1341,1342,1343,-1,
  1344,1345,1346,-1,1347,1348,1349,-1,1350,1351,1352,-1,1353,1354,1355,-1,1356,1357,1358,-1,1359,1360,1361,-1,1362,1363,1364,-1,1365,1366,1367,-1,
  1368,1369,1370,-1,1371,1372,1373,-1,1374,1375,1376,-1,1377,1378,1379,-1,1380,1381,1382,-1,1383,1384,1385,-1,1386,1387,1388,-1,1389,1390,1391,-1,
  1392,1393,1394,-1,1395,1396,1397,-1,1398,1399,1400,-1,1401,1402,1403,-1,1404,1405,1406,-1,1407,1408,1409,-1,1410,1411,1412,-1,1413,1414,1415,-1,
  1416,1417,1418,-1,1419,1420,1421,-1,1422,1423,1424,-1,1425,1426,1427,-1,1428,1429,1430,-1,1431,1432,1433,-1,1434,1435,1436,-1,1437,1438,1439,-1,
  1440,1441,1442,-1,1443,1444,1445,-1,1446,1447,1448,-1,1449,1450,1451,-1,1452,1453,1454,-1,1455,1456,1457,-1,1458,1459,1460,-1,1461,1462,1463,-1,
  1464,1465,1466,-1,1467,1468,1469,-1,1470,1471,1472,-1,1473,1474,1475,-1,1476,1477,1478,-1,1479,1480,1481,-1,1482,1483,1484,-1,1485,1486,1487,-1,
  1488,1489,1490,-1,1491,1492,1493,-1,1494,1495,1496,-1,1497,1498,1499,-1,1500,1501,1502,-1,1503,1504,1505,-1,1506,1507,1508,-1,1509,1510,1511,-1,
  1512,1513,1514,-1,1515,1516,1517,-1,1518,1519,1520,-1,1521,1522,1523,-1,1524,1525,1526,-1,1527,1528,1529,-1,1530,1531,1532,-1,1533,1534,1535,-1,
  1536,1537,1538,-1,1539,1540,1541,-1,1542,1543,1544,-1,1545,1546,1547,-1,1548,1549,1550,-1,1551,1552,1553,-1,1554,1555,1556,-1,1557,1558,1559,-1,
  1560,1561,1562,-1,1563,1564,1565,-1,1566,1567,1568,-1,1569,1570,1571,-1,1572,1573,1574,-1,1575,1576,1577,-1,1578,1579,1580,-1,1581,1582,1583,-1,
  1584,1585,1586,-1,1587,1588,1589,-1,1590,1591,1592,-1,1593,1594,1595,-1,1596,1597,1598,-1,1599,1600,1601,-1,1602,1603,1604,-1,1605,1606,1607,-1,
  1608,1609,1610,-1,1611,1612,1613,-1,1614,1615,1616,-1,1617,1618,1619,-1,1620,1621,1622,-1,1623,1624,1625,-1,1626,1627,1628,-1,1629,1630,1631,-1,
  1632,1633,1634,-1,1635,1636,1637,-1,1638,1639,1640,-1,1641,1642,1643,-1,1644,1645,1646,-1,1647,1648,1649,-1,1650,1651,1652,-1,1653,1654,1655,-1,
  1656,1657,1658,-1,1659,1660,1661,-1,1662,1663,1664,-1,1665,1666,1667,-1,1668,1669,1670,-1,1671,1672,1673,-1,1674,1675,1676,-1,1677,1678,1679,-1,
  1680,1681,1682,-1,1683,1684,1685,-1,1686,1687,1688,-1,1689,1690,1691,-1,1692,1693,1694,-1,1695,1696,1697,-1,1698,1699,1700,-1,1701,1702,1703,-1,
  1704,1705,1706,-1,1707,1708,1709,-1,1710,1711,1712,-1,1713,1714,1715,-1,1716,1717,1718,-1,1719,1720,1721,-1,1722,1723,1724,-1,1725,1726,1727,-1,
  1728,1729,1730,-1,1731,1732,1733,-1,1734,1735,1736,-1,1737,1738,1739,-1,1740,1741,1742,-1,1743,1744,1745,-1,1746,1747,1748,-1,1749,1750,1751,-1,
  1752,1753,1754,-1,1755,1756,1757,-1,1758,1759,1760,-1,1761,1762,1763,-1,1764,1765,1766,-1,1767,1768,1769,-1,1770,1771,1772,-1,1773,1774,1775,-1,
  1776,1777,1778,-1,1779,1780,1781,-1,1782,1783,1784,-1,1785,1786,1787,-1,1788,1789,1790,-1,1791,1792,1793,-1,1794,1795,1796,-1,1797,1798,1799,-1,
  1800,1801,1802,-1,1803,1804,1805,-1,1806,1807,1808,-1,1809,1810,1811,-1,1812,1813,1814,-1,1815,1816,1817,-1,1818,1819,1820,-1,1821,1822,1823,-1,
  1824,1825,1826,-1,1827,1828,1829,-1,1830,1831,1832,-1,1833,1834,1835,-1,1836,1837,1838,-1,1839,1840,1841,-1,1842,1843,1844,-1,1845,1846,1847,-1,
  1848,1849,1850,-1,1851,1852,1853,-1,1854,1855,1856,-1,1857,1858,1859,-1,1860,1861,1862,-1,1863,1864,1865,-1,1866,1867,1868,-1,1869,1870,1871,-1,
  1872,1873,1874,-1,1875,1876,1877,-1,1878,1879,1880,-1,1881,1882,1883,-1,1884,1885,1886,-1,1887,1888,1889,-1,1890,1891,1892,-1,1893,1894,1895,-1,
  1896,1897,1898,-1,1899,1900,1901,-1,1902,1903,1904,-1,1905,1906,1907,-1,1908,1909,1910,-1,1911,1912,1913,-1,1914,1915,1916,-1,1917,1918,1919,-1,
  1920,1921,1922,-1,1923,1924,1925,-1,1926,1927,1928,-1,1929,1930,1931,-1,1932,1933,1934,-1,1935,1936,1937,-1,1938,1939,1940,-1,1941,1942,1943,-1,
  1944,1945,1946,-1,1947,1948,1949,-1,1950,1951,1952,-1,1953,1954,1955,-1,1956,1957,1958,-1,1959,1960,1961,-1,1962,1963,1964,-1,1965,1966,1967,-1,
  1968,1969,1970,-1,1971,1972,1973,-1,1974,1975,1976,-1,1977,1978,1979,-1,1980,1981,1982,-1,1983,1984,1985,-1,1986,1987,1988,-1,1989,1990,1991,-1,
  1992,1993,1994,-1,1995,1996,1997,-1,1998,1999,2000,-1,2001,2002,2003,-1,2004,2005,2006,-1,2007,2008,2009,-1,2010,2011,2012,-1,2013,2014,2015,-1,
  2016,2017,2018,-1,2019,2020,2021,-1,2022,2023,2024,-1,2025,2026,2027,-1,2028,2029,2030,-1,2031,2032,2033,-1,2034,2035,2036,-1,2037,2038,2039,-1,
  2040,2041,2042,-1,2043,2044,2045,-1,2046,2047,2048,-1,2049,2050,2051,-1,2052,2053,2054,-1,2055,2056,2057,-1,2058,2059,2060,-1,2061,2062,2063,-1,
  2064,2065,2066,-1,2067,2068,2069,-1,2070,2071,2072,-1,2073,2074,2075,-1,2076,2077,2078,-1,2079,2080,2081,-1,2082,2083,2084,-1,2085,2086,2087,-1,
  2088,2089,2090,-1,2091,2092,2093,-1,2094,2095,2096,-1,2097,2098,2099,-1,2100,2101,2102,-1,2103,2104,2105,-1,2106,2107,2108,-1,2109,2110,2111,-1,
  2112,2113,2114,-1,2115,2116,2117,-1,2118,2119,2120,-1,2121,2122,2123,-1,2124,2125,2126,-1,2127,2128,2129,-1,2130,2131,2132,-1,2133,2134,2135,-1]
  normalPerVertex TRUE
  normal DEF NORM_94 Normal { vector [
  0.98078528 -0.19509032 0,0.98078528 -0.19509032 0,
  0.98078528 -0.19509032 0,0.98078528 -0.19509032 0,
  0.98078528 -0.19509032 0,0.98078528 -0.19509032 0,
  0.83146961 -0.55557023 0,0.83146961 -0.55557023 0,
  0.83146961 -0.55557023 0,0.83146961 -0.55557023 0,
  0.83146961 -0.55557023 0,0.83146961 -0.55557023 0,
  0.55557023 -0.83146961 0,0.55557023 -0.83146961 0,
  0.55557023 -0.83146961 0,0.55557023 -0.83146961 0,
  0.55557023 -0.83146961 0,0.55557023 -0.83146961 0,
  0.19509032 -0.98078528 0,0.19509032 -0.98078528 0,
  0.19509032 -0.98078528 0,0.19509032 -0.98078528 0,
  0.19509032 -0.98078528 0,0.19509032 -0.98078528 0,
  -0.19509032 -0.98078528 0,-0.19509032 -0.98078528 0,
  -0.19509032 -0.98078528 0,-0.19509032 -0.98078528 0,
  -0.19509032 -0.98078528 0,-0.19509032 -0.98078528 0,
  -0.55557023 -0.83146961 0,-0.55557023 -0.83146961 0,
  -0.55557023 -0.83146961 0,-0.55557023 -0.83146961 0,
  -0.55557023 -0.83146961 0,-0.55557023 -0.83146961 0,
  -0.83146961 -0.55557023 0,-0.83146961 -0.55557023 0,
  -0.83146961 -0.55557023 0,-0.83146961 -0.55557023 0,
  -0.83146961 -0.55557023 0,-0.83146961 -0.55557023 0,
  -0.98078528 -0.19509032 0,-0.98078528 -0.19509032 0,
  -0.98078528 -0.19509032 0,-0.98078528 -0.19509032 0,
  -0.98078528 -0.19509032 0,-0.98078528 -0.19509032 0,
  -0.98078528 0.19509032 0,-0.98078528 0.19509032 0,
  -0.98078528 0.19509032 0,-0.98078528 0.19509032 0,
  -0.98078528 0.19509032 0,-0.98078528 0.19509032 0,
  -0.83146961 0.55557023 0,-0.83146961 0.55557023 0,
  -0.83146961 0.55557023 0,-0.83146961 0.55557023 0,
  -0.83146961 0.55557023 0,-0.83146961 0.55557023 0,
  -0.55557023 0.83146961 0,-0.55557023 0.83146961 0,
  -0.55557023 0.83146961 0,-0.55557023 0.83146961 0,
  -0.55557023 0.83146961 0,-0.55557023 0.83146961 0,
  -0.19509032 0.98078528 0,-0.19509032 0.98078528 0,
  -0.19509032 0.98078528 0,-0.19509032 0.98078528 0,
  -0.19509032 0.98078528 0,-0.19509032 0.98078528 0,
  0.19509032 0.98078528 0,0.19509032 0.98078528 0,
  0.19509032 0.98078528 0,0.19509032 0.98078528 0,
  0.19509032 0.98078528 0,0.19509032 0.98078528 0,
  0.55557023 0.83146961 0,0.55557023 0.83146961 0,
  0.55557023 0.83146961 0,0.55557023 0.83146961 0,
  0.55557023 0.83146961 0,0.55557023 0.83146961 0,
  0.83146961 0.55557023 0,0.83146961 0.55557023 0,
  0.83146961 0.55557023 0,0.83146961 0.55557023 0,
  0.83146961 0.55557023 0,0.83146961 0.55557023 0,
  0.98078528 0.19509032 0,0.98078528 0.19509032 0,
  0.98078528 0.19509032 0,0.98078528 0.19509032 0,
  0.98078528 0.19509032 0,0.98078528 0.19509032 0,
  -0.98078528 0.19509032 0,-0.98078528 0.19509032 0,
  -0.98078528 0.19509032 0,-0.98078528 0.19509032 0,
  -0.98078528 0.19509032 0,-0.98078528 0.19509032 0,
  -0.83146961 0.55557023 0,-0.83146961 0.55557023 0,
  -0.83146961 0.55557023 0,-0.83146961 0.55557023 0,
  -0.83146961 0.55557023 0,-0.83146961 0.55557023 0,
  -0.55557023 0.83146961 0,-0.55557023 0.83146961 0,
  -0.55557023 0.83146961 0,-0.55557023 0.83146961 0,
  -0.55557023 0.83146961 0,-0.55557023 0.83146961 0,
  -0.19509032 0.98078528 0,-0.19509032 0.98078528 0,
  -0.19509032 0.98078528 0,-0.19509032 0.98078528 0,
  -0.19509032 0.98078528 0,-0.19509032 0.98078528 0,
  0.19509032 0.98078528 0,0.19509032 0.98078528 0,
  0.19509032 0.98078528 0,0.19509032 0.98078528 0,
  0.19509032 0.98078528 0,0.19509032 0.98078528 0,
  0.55557023 0.83146961 0,0.55557023 0.83146961 0,
  0.55557023 0.83146961 0,0.55557023 0.83146961 0,
  0.55557023 0.83146961 0,0.55557023 0.83146961 0,
  0.83146961 0.55557023 0,0.83146961 0.55557023 0,
  0.83146961 0.55557023 0,0.83146961 0.55557023 0,
  0.83146961 0.55557023 0,0.83146961 0.55557023 0,
  0.98078528 0.19509032 0,0.98078528 0.19509032 0,
  0.98078528 0.19509032 0,0.98078528 0.19509032 0,
  0.98078528 0.19509032 0,0.98078528 0.19509032 0,
  0.98078528 -0.19509032 0,0.98078528 -0.19509032 0,
  0.98078528 -0.19509032 0,0.98078528 -0.19509032 0,
  0.98078528 -0.19509032 0,0.98078528 -0.19509032 0,
  0.83146961 -0.55557023 0,0.83146961 -0.55557023 0,
  0.83146961 -0.55557023 0,0.83146961 -0.55557023 0,
  0.83146961 -0.55557023 0,0.83146961 -0.55557023 0,
  0.55557023 -0.83146961 0,0.55557023 -0.83146961 0,
  0.55557023 -0.83146961 0,0.55557023 -0.83146961 0,
  0.55557023 -0.83146961 0,0.55557023 -0.83146961 0,
  0.19509032 -0.98078528 0,0.19509032 -0.98078528 0,
  0.19509032 -0.98078528 0,0.19509032 -0.98078528 0,
  0.19509032 -0.98078528 0,0.19509032 -0.98078528 0,
  -0.19509032 -0.98078528 0,-0.19509032 -0.98078528 0,
  -0.19509032 -0.98078528 0,-0.19509032 -0.98078528 0,
  -0.19509032 -0.98078528 0,-0.19509032 -0.98078528 0,
  -0.55557023 -0.83146961 0,-0.55557023 -0.83146961 0,
  -0.55557023 -0.83146961 0,-0.55557023 -0.83146961 0,
  -0.55557023 -0.83146961 0,-0.55557023 -0.83146961 0,
  -0.83146961 -0.55557023 0,-0.83146961 -0.55557023 0,
  -0.83146961 -0.55557023 0,-0.83146961 -0.55557023 0,
  -0.83146961 -0.55557023 0,-0.83146961 -0.55557023 0,
  -0.98078528 -0.19509032 0,-0.98078528 -0.19509032 0,
  -0.98078528 -0.19509032 0,-0.98078528 -0.19509032 0,
  -0.98078528 -0.19509032 0,-0.98078528 -0.19509032 0,
  0.98078528 -0.19509032 0,0.98078528 -0.19509032 0,
  0.98078528 -0.19509032 0,0.98078528 -0.19509032 0,
  0.98078528 -0.19509032 0,0.98078528 -0.19509032 0,
  0.83146961 -0.55557023 0,0.83146961 -0.55557023 0,
  0.83146961 -0.55557023 0,0.83146961 -0.55557023 0,
  0.83146961 -0.55557023 0,0.83146961 -0.55557023 0,
  0.55557023 -0.83146961 0,0.55557023 -0.83146961 0,
  0.55557023 -0.83146961 0,0.55557023 -0.83146961 0,
  0.55557023 -0.83146961 0,0.55557023 -0.83146961 0,
  0.19509032 -0.98078528 0,0.19509032 -0.98078528 0,
  0.19509032 -0.98078528 0,0.19509032 -0.98078528 0,
  0.19509032 -0.98078528 0,0.19509032 -0.98078528 0,
  -0.19509032 -0.98078528 0,-0.19509032 -0.98078528 0,
  -0.19509032 -0.98078528 0,-0.19509032 -0.98078528 0,
  -0.19509032 -0.98078528 0,-0.19509032 -0.98078528 0,
  -0.55557023 -0.83146961 0,-0.55557023 -0.83146961 0,
  -0.55557023 -0.83146961 0,-0.55557023 -0.83146961 0,
  -0.55557023 -0.83146961 0,-0.55557023 -0.83146961 0,
  -0.83146961 -0.55557023 0,-0.83146961 -0.55557023 0,
  -0.83146961 -0.55557023 0,-0.83146961 -0.55557023 0,
  -0.83146961 -0.55557023 0,-0.83146961 -0.55557023 0,
  -0.98078528 -0.19509032 0,-0.98078528 -0.19509032 0,
  -0.98078528 -0.19509032 0,-0.98078528 -0.19509032 0,
  -0.98078528 -0.19509032 0,-0.98078528 -0.19509032 0,
  -0.98078528 0.19509032 0,-0.98078528 0.19509032 0,
  -0.98078528 0.19509032 0,-0.98078528 0.19509032 0,
  -0.98078528 0.19509032 0,-0.98078528 0.19509032 0,
  -0.83146961 0.55557023 0,-0.83146961 0.55557023 0,
  -0.83146961 0.55557023 0,-0.83146961 0.55557023 0,
  -0.83146961 0.55557023 0,-0.83146961 0.55557023 0,
  -0.55557023 0.83146961 0,-0.55557023 0.83146961 0,
  -0.55557023 0.83146961 0,-0.55557023 0.83146961 0,
  -0.55557023 0.83146961 0,-0.55557023 0.83146961 0,
  -0.19509032 0.98078528 0,-0.19509032 0.98078528 0,
  -0.19509032 0.98078528 0,-0.19509032 0.98078528 0,
  -0.19509032 0.98078528 0,-0.19509032 0.98078528 0,
  0.19509032 0.98078528 0,0.19509032 0.98078528 0,
  0.19509032 0.98078528 0,0.19509032 0.98078528 0,
  0.19509032 0.98078528 0,0.19509032 0.98078528 0,
  0.55557023 0.83146961 0,0.55557023 0.83146961 0,
  0.55557023 0.83146961 0,0.55557023 0.83146961 0,
  0.55557023 0.83146961 0,0.55557023 0.83146961 0,
  0.83146961 0.55557023 0,0.83146961 0.55557023 0,
  0.83146961 0.55557023 0,0.83146961 0.55557023 0,
  0.83146961 0.55557023 0,0.83146961 0.55557023 0,
  0.98078528 0.19509032 0,0.98078528 0.19509032 0,
  0.98078528 0.19509032 0,0.98078528 0.19509032 0,
  0.98078528 0.19509032 0,0.98078528 0.19509032 0,
  0.98078528 -0.19509032 0,0.98078528 -0.19509032 0,
  0.98078528 -0.19509032 0,0.98078528 -0.19509032 0,
  0.98078528 -0.19509032 0,0.98078528 -0.19509032 0,
  0.83146961 -0.55557023 0,0.83146961 -0.55557023 0,
  0.83146961 -0.55557023 0,0.83146961 -0.55557023 0,
  0.83146961 -0.55557023 0,0.83146961 -0.55557023 0,
  0.55557023 -0.83146961 0,0.55557023 -0.83146961 0,
  0.55557023 -0.83146961 0,0.55557023 -0.83146961 0,
  0.55557023 -0.83146961 0,0.55557023 -0.83146961 0,
  0.19509032 -0.98078528 0,0.19509032 -0.98078528 0,
  0.19509032 -0.98078528 0,0.19509032 -0.98078528 0,
  0.19509032 -0.98078528 0,0.19509032 -0.98078528 0,
  -0.19509032 -0.98078528 0,-0.19509032 -0.98078528 0,
  -0.19509032 -0.98078528 0,-0.19509032 -0.98078528 0,
  -0.19509032 -0.98078528 0,-0.19509032 -0.98078528 0,
  -0.55557023 -0.83146961 0,-0.55557023 -0.83146961 0,
  -0.55557023 -0.83146961 0,-0.55557023 -0.83146961 0,
  -0.55557023 -0.83146961 0,-0.55557023 -0.83146961 0,
  -0.83146961 -0.55557023 0,-0.83146961 -0.55557023 0,
  -0.83146961 -0.55557023 0,-0.83146961 -0.55557023 0,
  -0.83146961 -0.55557023 0,-0.83146961 -0.55557023 0,
  -0.98078528 -0.19509032 0,-0.98078528 -0.19509032 0,
  -0.98078528 -0.19509032 0,-0.98078528 -0.19509032 0,
  -0.98078528 -0.19509032 0,-0.98078528 -0.19509032 0,
  -0.98078528 0.19509032 0,-0.98078528 0.19509032 0,
  -0.98078528 0.19509032 0,-0.98078528 0.19509032 0,
  -0.98078528 0.19509032 0,-0.98078528 0.19509032 0,
  -0.83146961 0.55557023 0,-0.83146961 0.55557023 0,
  -0.83146961 0.55557023 0,-0.83146961 0.55557023 0,
  -0.83146961 0.55557023 0,-0.83146961 0.55557023 0,
  -0.55557023 0.83146961 0,-0.55557023 0.83146961 0,
  -0.55557023 0.83146961 0,-0.55557023 0.83146961 0,
  -0.55557023 0.83146961 0,-0.55557023 0.83146961 0,
  -0.19509032 0.98078528 0,-0.19509032 0.98078528 0,
  -0.19509032 0.98078528 0,-0.19509032 0.98078528 0,
  -0.19509032 0.98078528 0,-0.19509032 0.98078528 0,
  0.19509032 0.98078528 0,0.19509032 0.98078528 0,
  0.19509032 0.98078528 0,0.19509032 0.98078528 0,
  0.19509032 0.98078528 0,0.19509032 0.98078528 0,
  0.55557023 0.83146961 0,0.55557023 0.83146961 0,
  0.55557023 0.83146961 0,0.55557023 0.83146961 0,
  0.55557023 0.83146961 0,0.55557023 0.83146961 0,
  0.83146961 0.55557023 0,0.83146961 0.55557023 0,
  0.83146961 0.55557023 0,0.83146961 0.55557023 0,
  0.83146961 0.55557023 0,0.83146961 0.55557023 0,
  0.98078528 0.19509032 0,0.98078528 0.19509032 0,
  0.98078528 0.19509032 0,0.98078528 0.19509032 0,
  0.98078528 0.19509032 0,0.98078528 0.19509032 0,
  -0.98078528 0.19509032 0,-0.98078528 0.19509032 0,
  -0.98078528 0.19509032 0,-0.98078528 0.19509032 0,
  -0.98078528 0.19509032 0,-0.98078528 0.19509032 0,
  -0.83146961 0.55557023 0,-0.83146961 0.55557023 0,
  -0.83146961 0.55557023 0,-0.83146961 0.55557023 0,
  -0.83146961 0.55557023 0,-0.83146961 0.55557023 0,
  -0.55557023 0.83146961 0,-0.55557023 0.83146961 0,
  -0.55557023 0.83146961 0,-0.55557023 0.83146961 0,
  -0.55557023 0.83146961 0,-0.55557023 0.83146961 0,
  -0.19509032 0.98078528 0,-0.19509032 0.98078528 0,
  -0.19509032 0.98078528 0,-0.19509032 0.98078528 0,
  -0.19509032 0.98078528 0,-0.19509032 0.98078528 0,
  0.19509032 0.98078528 0,0.19509032 0.98078528 0,
  0.19509032 0.98078528 0,0.19509032 0.98078528 0,
  0.19509032 0.98078528 0,0.19509032 0.98078528 0,
  0.55557023 0.83146961 0,0.55557023 0.83146961 0,
  0.55557023 0.83146961 0,0.55557023 0.83146961 0,
  0.55557023 0.83146961 0,0.55557023 0.83146961 0,
  0.83146961 0.55557023 0,0.83146961 0.55557023 0,
  0.83146961 0.55557023 0,0.83146961 0.55557023 0,
  0.83146961 0.55557023 0,0.83146961 0.55557023 0,
  0.98078528 0.19509032 0,0.98078528 0.19509032 0,
  0.98078528 0.19509032 0,0.98078528 0.19509032 0,
  0.98078528 0.19509032 0,0.98078528 0.19509032 0,
  0.98078528 -0.19509032 0,0.98078528 -0.19509032 0,
  0.98078528 -0.19509032 0,0.98078528 -0.19509032 0,
  0.98078528 -0.19509032 0,0.98078528 -0.19509032 0,
  0.83146961 -0.55557023 0,0.83146961 -0.55557023 0,
  0.83146961 -0.55557023 0,0.83146961 -0.55557023 0,
  0.83146961 -0.55557023 0,0.83146961 -0.55557023 0,
  0.55557023 -0.83146961 0,0.55557023 -0.83146961 0,
  0.55557023 -0.83146961 0,0.55557023 -0.83146961 0,
  0.55557023 -0.83146961 0,0.55557023 -0.83146961 0,
  0.19509032 -0.98078528 0,0.19509032 -0.98078528 0,
  0.19509032 -0.98078528 0,0.19509032 -0.98078528 0,
  0.19509032 -0.98078528 0,0.19509032 -0.98078528 0,
  -0.19509032 -0.98078528 0,-0.19509032 -0.98078528 0,
  -0.19509032 -0.98078528 0,-0.19509032 -0.98078528 0,
  -0.19509032 -0.98078528 0,-0.19509032 -0.98078528 0,
  -0.55557023 -0.83146961 0,-0.55557023 -0.83146961 0,
  -0.55557023 -0.83146961 0,-0.55557023 -0.83146961 0,
  -0.55557023 -0.83146961 0,-0.55557023 -0.83146961 0,
  -0.83146961 -0.55557023 0,-0.83146961 -0.55557023 0,
  -0.83146961 -0.55557023 0,-0.83146961 -0.55557023 0,
  -0.83146961 -0.55557023 0,-0.83146961 -0.55557023 0,
  -0.98078528 -0.19509032 0,-0.98078528 -0.19509032 0,
  -0.98078528 -0.19509032 0,-0.98078528 -0.19509032 0,
  -0.98078528 -0.19509032 0,-0.98078528 -0.19509032 0,
  0.98078528 -0.19509032 0,0.98078528 -0.19509032 0,
  0.98078528 -0.19509032 0,0.98078528 -0.19509032 0,
  0.98078528 -0.19509032 0,0.98078528 -0.19509032 0,
  0.83146961 -0.55557023 0,0.83146961 -0.55557023 0,
  0.83146961 -0.55557023 0,0.83146961 -0.55557023 0,
  0.83146961 -0.55557023 0,0.83146961 -0.55557023 0,
  0.55557023 -0.83146961 0,0.55557023 -0.83146961 0,
  0.55557023 -0.83146961 0,0.55557023 -0.83146961 0,
  0.55557023 -0.83146961 0,0.55557023 -0.83146961 0,
  0.19509032 -0.98078528 0,0.19509032 -0.98078528 0,
  0.19509032 -0.98078528 0,0.19509032 -0.98078528 0,
  0.19509032 -0.98078528 0,0.19509032 -0.98078528 0,
  -0.19509032 -0.98078528 0,-0.19509032 -0.98078528 0,
  -0.19509032 -0.98078528 0,-0.19509032 -0.98078528 0,
  -0.19509032 -0.98078528 0,-0.19509032 -0.98078528 0,
  -0.55557023 -0.83146961 0,-0.55557023 -0.83146961 0,
  -0.55557023 -0.83146961 0,-0.55557023 -0.83146961 0,
  -0.55557023 -0.83146961 0,-0.55557023 -0.83146961 0,
  -0.83146961 -0.55557023 0,-0.83146961 -0.55557023 0,
  -0.83146961 -0.55557023 0,-0.83146961 -0.55557023 0,
  -0.83146961 -0.55557023 0,-0.83146961 -0.55557023 0,
  -0.98078528 -0.19509032 0,-0.98078528 -0.19509032 0,
  -0.98078528 -0.19509032 0,-0.98078528 -0.19509032 0,
  -0.98078528 -0.19509032 0,-0.98078528 -0.19509032 0,
  -0.98078528 0.19509032 0,-0.98078528 0.19509032 0,
  -0.98078528 0.19509032 0,-0.98078528 0.19509032 0,
  -0.98078528 0.19509032 0,-0.98078528 0.19509032 0,
  -0.83146961 0.55557023 0,-0.83146961 0.55557023 0,
  -0.83146961 0.55557023 0,-0.83146961 0.55557023 0,
  -0.83146961 0.55557023 0,-0.83146961 0.55557023 0,
  -0.55557023 0.83146961 0,-0.55557023 0.83146961 0,
  -0.55557023 0.83146961 0,-0.55557023 0.83146961 0,
  -0.55557023 0.83146961 0,-0.55557023 0.83146961 0,
  -0.19509032 0.98078528 0,-0.19509032 0.98078528 0,
  -0.19509032 0.98078528 0,-0.19509032 0.98078528 0,
  -0.19509032 0.98078528 0,-0.19509032 0.98078528 0,
  0.19509032 0.98078528 0,0.19509032 0.98078528 0,
  0.19509032 0.98078528 0,0.19509032 0.98078528 0,
  0.19509032 0.98078528 0,0.19509032 0.98078528 0,
  0.55557023 0.83146961 0,0.55557023 0.83146961 0,
  0.55557023 0.83146961 0,0.55557023 0.83146961 0,
  0.55557023 0.83146961 0,0.55557023 0.83146961 0,
  0.83146961 0.55557023 0,0.83146961 0.55557023 0,
  0.83146961 0.55557023 0,0.83146961 0.55557023 0,
  0.83146961 0.55557023 0,0.83146961 0.55557023 0,
  0.98078528 0.19509032 0,0.98078528 0.19509032 0,
  0.98078528 0.19509032 0,0.98078528 0.19509032 0,
  0.98078528 0.19509032 0,0.98078528 0.19509032 0,
  0.98078528 -0.19509032 0,0.98078528 -0.19509032 0,
  0.98078528 -0.19509032 0,0.98078528 -0.19509032 0,
  0.98078528 -0.19509032 0,0.98078528 -0.19509032 0,
  0.83146961 -0.55557023 0,0.83146961 -0.55557023 0,
  0.83146961 -0.55557023 0,0.83146961 -0.55557023 0,
  0.83146961 -0.55557023 0,0.83146961 -0.55557023 0,
  0.55557023 -0.83146961 0,0.55557023 -0.83146961 0,
  0.55557023 -0.83146961 0,0.55557023 -0.83146961 0,
  0.55557023 -0.83146961 0,0.55557023 -0.83146961 0,
  0.19509032 -0.98078528 0,0.19509032 -0.98078528 0,
  0.19509032 -0.98078528 0,0.19509032 -0.98078528 0,
  0.19509032 -0.98078528 0,0.19509032 -0.98078528 0,
  -0.19509032 -0.98078528 0,-0.19509032 -0.98078528 0,
  -0.19509032 -0.98078528 0,-0.19509032 -0.98078528 0,
  -0.19509032 -0.98078528 0,-0.19509032 -0.98078528 0,
  -0.55557023 -0.83146961 0,-0.55557023 -0.83146961 0,
  -0.55557023 -0.83146961 0,-0.55557023 -0.83146961 0,
  -0.55557023 -0.83146961 0,-0.55557023 -0.83146961 0,
  -0.83146961 -0.55557023 0,-0.83146961 -0.55557023 0,
  -0.83146961 -0.55557023 0,-0.83146961 -0.55557023 0,
  -0.83146961 -0.55557023 0,-0.83146961 -0.55557023 0,
  -0.98078528 -0.19509032 0,-0.98078528 -0.19509032 0,
  -0.98078528 -0.19509032 0,-0.98078528 -0.19509032 0,
  -0.98078528 -0.19509032 0,-0.98078528 -0.19509032 0,
  -0.98078528 0.19509032 0,-0.98078528 0.19509032 0,
  -0.98078528 0.19509032 0,-0.98078528 0.19509032 0,
  -0.98078528 0.19509032 0,-0.98078528 0.19509032 0,
  -0.83146961 0.55557023 0,-0.83146961 0.55557023 0,
  -0.83146961 0.55557023 0,-0.83146961 0.55557023 0,
  -0.83146961 0.55557023 0,-0.83146961 0.55557023 0,
  -0.55557023 0.83146961 0,-0.55557023 0.83146961 0,
  -0.55557023 0.83146961 0,-0.55557023 0.83146961 0,
  -0.55557023 0.83146961 0,-0.55557023 0.83146961 0,
  -0.19509032 0.98078528 0,-0.19509032 0.98078528 0,
  -0.19509032 0.98078528 0,-0.19509032 0.98078528 0,
  -0.19509032 0.98078528 0,-0.19509032 0.98078528 0,
  0.19509032 0.98078528 0,0.19509032 0.98078528 0,
  0.19509032 0.98078528 0,0.19509032 0.98078528 0,
  0.19509032 0.98078528 0,0.19509032 0.98078528 0,
  0.55557023 0.83146961 0,0.55557023 0.83146961 0,
  0.55557023 0.83146961 0,0.55557023 0.83146961 0,
  0.55557023 0.83146961 0,0.55557023 0.83146961 0,
  0.83146961 0.55557023 0,0.83146961 0.55557023 0,
  0.83146961 0.55557023 0,0.83146961 0.55557023 0,
  0.83146961 0.55557023 0,0.83146961 0.55557023 0,
  0.98078528 0.19509032 0,0.98078528 0.19509032 0,
  0.98078528 0.19509032 0,0.98078528 0.19509032 0,
  0.98078528 0.19509032 0,0.98078528 0.19509032 0,
  -0.98078528 0.19509032 0,-0.98078528 0.19509032 0,
  -0.98078528 0.19509032 0,-0.98078528 0.19509032 0,
  -0.98078528 0.19509032 0,-0.98078528 0.19509032 0,
  -0.83146961 0.55557023 0,-0.83146961 0.55557023 0,
  -0.83146961 0.55557023 0,-0.83146961 0.55557023 0,
  -0.83146961 0.55557023 0,-0.83146961 0.55557023 0,
  -0.55557023 0.83146961 0,-0.55557023 0.83146961 0,
  -0.55557023 0.83146961 0,-0.55557023 0.83146961 0,
  -0.55557023 0.83146961 0,-0.55557023 0.83146961 0,
  -0.19509032 0.98078528 0,-0.19509032 0.98078528 0,
  -0.19509032 0.98078528 0,-0.19509032 0.98078528 0,
  -0.19509032 0.98078528 0,-0.19509032 0.98078528 0,
  0.19509032 0.98078528 0,0.19509032 0.98078528 0,
  0.19509032 0.98078528 0,0.19509032 0.98078528 0,
  0.19509032 0.98078528 0,0.19509032 0.98078528 0,
  0.55557023 0.83146961 0,0.55557023 0.83146961 0,
  0.55557023 0.83146961 0,0.55557023 0.83146961 0,
  0.55557023 0.83146961 0,0.55557023 0.83146961 0,
  0.83146961 0.55557023 0,0.83146961 0.55557023 0,
  0.83146961 0.55557023 0,0.83146961 0.55557023 0,
  0.83146961 0.55557023 0,0.83146961 0.55557023 0,
  0.98078528 0.19509032 0,0.98078528 0.19509032 0,
  0.98078528 0.19509032 0,0.98078528 0.19509032 0,
  0.98078528 0.19509032 0,0.98078528 0.19509032 0,
  0.98078528 -0.19509032 0,0.98078528 -0.19509032 0,
  0.98078528 -0.19509032 0,0.98078528 -0.19509032 0,
  0.98078528 -0.19509032 0,0.98078528 -0.19509032 0,
  0.83146961 -0.55557023 0,0.83146961 -0.55557023 0,
  0.83146961 -0.55557023 0,0.83146961 -0.55557023 0,
  0.83146961 -0.55557023 0,0.83146961 -0.55557023 0,
  0.55557023 -0.83146961 0,0.55557023 -0.83146961 0,
  0.55557023 -0.83146961 0,0.55557023 -0.83146961 0,
  0.55557023 -0.83146961 0,0.55557023 -0.83146961 0,
  0.19509032 -0.98078528 0,0.19509032 -0.98078528 0,
  0.19509032 -0.98078528 0,0.19509032 -0.98078528 0,
  0.19509032 -0.98078528 0,0.19509032 -0.98078528 0,
  -0.19509032 -0.98078528 0,-0.19509032 -0.98078528 0,
  -0.19509032 -0.98078528 0,-0.19509032 -0.98078528 0,
  -0.19509032 -0.98078528 0,-0.19509032 -0.98078528 0,
  -0.55557023 -0.83146961 0,-0.55557023 -0.83146961 0,
  -0.55557023 -0.83146961 0,-0.55557023 -0.83146961 0,
  -0.55557023 -0.83146961 0,-0.55557023 -0.83146961 0,
  -0.83146961 -0.55557023 0,-0.83146961 -0.55557023 0,
  -0.83146961 -0.55557023 0,-0.83146961 -0.55557023 0,
  -0.83146961 -0.55557023 0,-0.83146961 -0.55557023 0,
  -0.98078528 -0.19509032 0,-0.98078528 -0.19509032 0,
  -0.98078528 -0.19509032 0,-0.98078528 -0.19509032 0,
  -0.98078528 -0.19509032 0,-0.98078528 -0.19509032 0,
  0.98078528 -0.19509032 0,0.98078528 -0.19509032 0,
  0.98078528 -0.19509032 0,0.98078528 -0.19509032 0,
  0.98078528 -0.19509032 0,0.98078528 -0.19509032 0,
  0.83146961 -0.55557023 0,0.83146961 -0.55557023 0,
  0.83146961 -0.55557023 0,0.83146961 -0.55557023 0,
  0.83146961 -0.55557023 0,0.83146961 -0.55557023 0,
  0.55557023 -0.83146961 0,0.55557023 -0.83146961 0,
  0.55557023 -0.83146961 0,0.55557023 -0.83146961 0,
  0.55557023 -0.83146961 0,0.55557023 -0.83146961 0,
  0.19509032 -0.98078528 0,0.19509032 -0.98078528 0,
  0.19509032 -0.98078528 0,0.19509032 -0.98078528 0,
  0.19509032 -0.98078528 0,0.19509032 -0.98078528 0,
  -0.19509032 -0.98078528 0,-0.19509032 -0.98078528 0,
  -0.19509032 -0.98078528 0,-0.19509032 -0.98078528 0,
  -0.19509032 -0.98078528 0,-0.19509032 -0.98078528 0,
  -0.55557023 -0.83146961 0,-0.55557023 -0.83146961 0,
  -0.55557023 -0.83146961 0,-0.55557023 -0.83146961 0,
  -0.55557023 -0.83146961 0,-0.55557023 -0.83146961 0,
  -0.83146961 -0.55557023 0,-0.83146961 -0.55557023 0,
  -0.83146961 -0.55557023 0,-0.83146961 -0.55557023 0,
  -0.83146961 -0.55557023 0,-0.83146961 -0.55557023 0,
  -0.98078528 -0.19509032 0,-0.98078528 -0.19509032 0,
  -0.98078528 -0.19509032 0,-0.98078528 -0.19509032 0,
  -0.98078528 -0.19509032 0,-0.98078528 -0.19509032 0,
  -0.98078528 0.19509032 0,-0.98078528 0.19509032 0,
  -0.98078528 0.19509032 0,-0.98078528 0.19509032 0,
  -0.98078528 0.19509032 0,-0.98078528 0.19509032 0,
  -0.83146961 0.55557023 0,-0.83146961 0.55557023 0,
  -0.83146961 0.55557023 0,-0.83146961 0.55557023 0,
  -0.83146961 0.55557023 0,-0.83146961 0.55557023 0,
  -0.55557023 0.83146961 0,-0.55557023 0.83146961 0,
  -0.55557023 0.83146961 0,-0.55557023 0.83146961 0,
  -0.55557023 0.83146961 0,-0.55557023 0.83146961 0,
  -0.19509032 0.98078528 0,-0.19509032 0.98078528 0,
  -0.19509032 0.98078528 0,-0.19509032 0.98078528 0,
  -0.19509032 0.98078528 0,-0.19509032 0.98078528 0,
  0.19509032 0.98078528 0,0.19509032 0.98078528 0,
  0.19509032 0.98078528 0,0.19509032 0.98078528 0,
  0.19509032 0.98078528 0,0.19509032 0.98078528 0,
  0.55557023 0.83146961 0,0.55557023 0.83146961 0,
  0.55557023 0.83146961 0,0.55557023 0.83146961 0,
  0.55557023 0.83146961 0,0.55557023 0.83146961 0,
  0.83146961 0.55557023 0,0.83146961 0.55557023 0,
  0.83146961 0.55557023 0,0.83146961 0.55557023 0,
  0.83146961 0.55557023 0,0.83146961 0.55557023 0,
  0.98078528 0.19509032 0,0.98078528 0.19509032 0,
  0.98078528 0.19509032 0,0.98078528 0.19509032 0,
  0.98078528 0.19509032 0,0.98078528 0.19509032 0,
  0.98078528 -0.19509032 0,0.98078528 -0.19509032 0,
  0.98078528 -0.19509032 0,0.98078528 -0.19509032 0,
  0.98078528 -0.19509032 0,0.98078528 -0.19509032 0,
  0.83146961 -0.55557023 0,0.83146961 -0.55557023 0,
  0.83146961 -0.55557023 0,0.83146961 -0.55557023 0,
  0.83146961 -0.55557023 0,0.83146961 -0.55557023 0,
  0.55557023 -0.83146961 0,0.55557023 -0.83146961 0,
  0.55557023 -0.83146961 0,0.55557023 -0.83146961 0,
  0.55557023 -0.83146961 0,0.55557023 -0.83146961 0,
  0.19509032 -0.98078528 0,0.19509032 -0.98078528 0,
  0.19509032 -0.98078528 0,0.19509032 -0.98078528 0,
  0.19509032 -0.98078528 0,0.19509032 -0.98078528 0,
  -0.19509032 -0.98078528 0,-0.19509032 -0.98078528 0,
  -0.19509032 -0.98078528 0,-0.19509032 -0.98078528 0,
  -0.19509032 -0.98078528 0,-0.19509032 -0.98078528 0,
  -0.55557023 -0.83146961 0,-0.55557023 -0.83146961 0,
  -0.55557023 -0.83146961 0,-0.55557023 -0.83146961 0,
  -0.55557023 -0.83146961 0,-0.55557023 -0.83146961 0,
  -0.83146961 -0.55557023 0,-0.83146961 -0.55557023 0,
  -0.83146961 -0.55557023 0,-0.83146961 -0.55557023 0,
  -0.83146961 -0.55557023 0,-0.83146961 -0.55557023 0,
  -0.98078528 -0.19509032 0,-0.98078528 -0.19509032 0,
  -0.98078528 -0.19509032 0,-0.98078528 -0.19509032 0,
  -0.98078528 -0.19509032 0,-0.98078528 -0.19509032 0,
  -0.98078528 0.19509032 0,-0.98078528 0.19509032 0,
  -0.98078528 0.19509032 0,-0.98078528 0.19509032 0,
  -0.98078528 0.19509032 0,-0.98078528 0.19509032 0,
  -0.83146961 0.55557023 0,-0.83146961 0.55557023 0,
  -0.83146961 0.55557023 0,-0.83146961 0.55557023 0,
  -0.83146961 0.55557023 0,-0.83146961 0.55557023 0,
  -0.55557023 0.83146961 0,-0.55557023 0.83146961 0,
  -0.55557023 0.83146961 0,-0.55557023 0.83146961 0,
  -0.55557023 0.83146961 0,-0.55557023 0.83146961 0,
  -0.19509032 0.98078528 0,-0.19509032 0.98078528 0,
  -0.19509032 0.98078528 0,-0.19509032 0.98078528 0,
  -0.19509032 0.98078528 0,-0.19509032 0.98078528 0,
  0.19509032 0.98078528 0,0.19509032 0.98078528 0,
  0.19509032 0.98078528 0,0.19509032 0.98078528 0,
  0.19509032 0.98078528 0,0.19509032 0.98078528 0,
  0.55557023 0.83146961 0,0.55557023 0.83146961 0,
  0.55557023 0.83146961 0,0.55557023 0.83146961 0,
  0.55557023 0.83146961 0,0.55557023 0.83146961 0,
  0.83146961 0.55557023 0,0.83146961 0.55557023 0,
  0.83146961 0.55557023 0,0.83146961 0.55557023 0,
  0.83146961 0.55557023 0,0.83146961 0.55557023 0,
  0.98078528 0.19509032 0,0.98078528 0.19509032 0,
  0.98078528 0.19509032 0,0.98078528 0.19509032 0,
  0.98078528 0.19509032 0,0.98078528 0.19509032 0,
  -1 0 0,-1 0 0,
  -1 0 0,-1 0 0,
  -1 0 0,-1 0 0,
  0 -1 0,0 -1 0,
  0 -1 0,0 -1 0,
  0 -1 0,0 -1 0,
  1 0 0,1 0 0,
  1 0 0,1 0 0,
  1 0 0,1 0 0,
  0 1 0,0 1 0,
  0 1 0,0 1 0,
  0 1 0,0 1 0,
  0.98078528 -0.19509032 0,0.98078528 -0.19509032 0,
  0.98078528 -0.19509032 0,0.98078528 -0.19509032 0,
  0.98078528 -0.19509032 0,0.98078528 -0.19509032 0,
  0.83146961 -0.55557023 0,0.83146961 -0.55557023 0,
  0.83146961 -0.55557023 0,0.83146961 -0.55557023 0,
  0.83146961 -0.55557023 0,0.83146961 -0.55557023 0,
  0.55557023 -0.83146961 0,0.55557023 -0.83146961 0,
  0.55557023 -0.83146961 0,0.55557023 -0.83146961 0,
  0.55557023 -0.83146961 0,0.55557023 -0.83146961 0,
  0.19509032 -0.98078528 0,0.19509032 -0.98078528 0,
  0.19509032 -0.98078528 0,0.19509032 -0.98078528 0,
  0.19509032 -0.98078528 0,0.19509032 -0.98078528 0,
  -0.19509032 -0.98078528 0,-0.19509032 -0.98078528 0,
  -0.19509032 -0.98078528 0,-0.19509032 -0.98078528 0,
  -0.19509032 -0.98078528 0,-0.19509032 -0.98078528 0,
  -0.55557023 -0.83146961 0,-0.55557023 -0.83146961 0,
  -0.55557023 -0.83146961 0,-0.55557023 -0.83146961 0,
  -0.55557023 -0.83146961 0,-0.55557023 -0.83146961 0,
  -0.83146961 -0.55557023 0,-0.83146961 -0.55557023 0,
  -0.83146961 -0.55557023 0,-0.83146961 -0.55557023 0,
  -0.83146961 -0.55557023 0,-0.83146961 -0.55557023 0,
  -0.98078528 -0.19509032 0,-0.98078528 -0.19509032 0,
  -0.98078528 -0.19509032 0,-0.98078528 -0.19509032 0,
  -0.98078528 -0.19509032 0,-0.98078528 -0.19509032 0,
  -0.98078528 0.19509032 0,-0.98078528 0.19509032 0,
  -0.98078528 0.19509032 0,-0.98078528 0.19509032 0,
  -0.98078528 0.19509032 0,-0.98078528 0.19509032 0,
  -0.83146961 0.55557023 0,-0.83146961 0.55557023 0,
  -0.83146961 0.55557023 0,-0.83146961 0.55557023 0,
  -0.83146961 0.55557023 0,-0.83146961 0.55557023 0,
  -0.55557023 0.83146961 0,-0.55557023 0.83146961 0,
  -0.55557023 0.83146961 0,-0.55557023 0.83146961 0,
  -0.55557023 0.83146961 0,-0.55557023 0.83146961 0,
  -0.19509032 0.98078528 0,-0.19509032 0.98078528 0,
  -0.19509032 0.98078528 0,-0.19509032 0.98078528 0,
  -0.19509032 0.98078528 0,-0.19509032 0.98078528 0,
  0.19509032 0.98078528 0,0.19509032 0.98078528 0,
  0.19509032 0.98078528 0,0.19509032 0.98078528 0,
  0.19509032 0.98078528 0,0.19509032 0.98078528 0,
  0.55557023 0.83146961 0,0.55557023 0.83146961 0,
  0.55557023 0.83146961 0,0.55557023 0.83146961 0,
  0.55557023 0.83146961 0,0.55557023 0.83146961 0,
  0.83146961 0.55557023 0,0.83146961 0.55557023 0,
  0.83146961 0.55557023 0,0.83146961 0.55557023 0,
  0.83146961 0.55557023 0,0.83146961 0.55557023 0,
  0.98078528 0.19509032 0,0.98078528 0.19509032 0,
  0.98078528 0.19509032 0,0.98078528 0.19509032 0,
  0.98078528 0.19509032 0,0.98078528 0.19509032 0,
  -0.98078528 0.19509032 0,-0.98078528 0.19509032 0,
  -0.98078528 0.19509032 0,-0.98078528 0.19509032 0,
  -0.98078528 0.19509032 0,-0.98078528 0.19509032 0,
  -0.83146961 0.55557023 0,-0.83146961 0.55557023 0,
  -0.83146961 0.55557023 0,-0.83146961 0.55557023 0,
  -0.83146961 0.55557023 0,-0.83146961 0.55557023 0,
  -0.55557023 0.83146961 0,-0.55557023 0.83146961 0,
  -0.55557023 0.83146961 0,-0.55557023 0.83146961 0,
  -0.55557023 0.83146961 0,-0.55557023 0.83146961 0,
  -0.19509032 0.98078528 0,-0.19509032 0.98078528 0,
  -0.19509032 0.98078528 0,-0.19509032 0.98078528 0,
  -0.19509032 0.98078528 0,-0.19509032 0.98078528 0,
  0.19509032 0.98078528 0,0.19509032 0.98078528 0,
  0.19509032 0.98078528 0,0.19509032 0.98078528 0,
  0.19509032 0.98078528 0,0.19509032 0.98078528 0,
  0.55557023 0.83146961 0,0.55557023 0.83146961 0,
  0.55557023 0.83146961 0,0.55557023 0.83146961 0,
  0.55557023 0.83146961 0,0.55557023 0.83146961 0,
  0.83146961 0.55557023 0,0.83146961 0.55557023 0,
  0.83146961 0.55557023 0,0.83146961 0.55557023 0,
  0.83146961 0.55557023 0,0.83146961 0.55557023 0,
  0.98078528 0.19509032 0,0.98078528 0.19509032 0,
  0.98078528 0.19509032 0,0.98078528 0.19509032 0,
  0.98078528 0.19509032 0,0.98078528 0.19509032 0,
  0.98078528 -0.19509032 0,0.98078528 -0.19509032 0,
  0.98078528 -0.19509032 0,0.98078528 -0.19509032 0,
  0.98078528 -0.19509032 0,0.98078528 -0.19509032 0,
  0.83146961 -0.55557023 0,0.83146961 -0.55557023 0,
  0.83146961 -0.55557023 0,0.83146961 -0.55557023 0,
  0.83146961 -0.55557023 0,0.83146961 -0.55557023 0,
  0.55557023 -0.83146961 0,0.55557023 -0.83146961 0,
  0.55557023 -0.83146961 0,0.55557023 -0.83146961 0,
  0.55557023 -0.83146961 0,0.55557023 -0.83146961 0,
  0.19509032 -0.98078528 0,0.19509032 -0.98078528 0,
  0.19509032 -0.98078528 0,0.19509032 -0.98078528 0,
  0.19509032 -0.98078528 0,0.19509032 -0.98078528 0,
  -0.19509032 -0.98078528 0,-0.19509032 -0.98078528 0,
  -0.19509032 -0.98078528 0,-0.19509032 -0.98078528 0,
  -0.19509032 -0.98078528 0,-0.19509032 -0.98078528 0,
  -0.55557023 -0.83146961 0,-0.55557023 -0.83146961 0,
  -0.55557023 -0.83146961 0,-0.55557023 -0.83146961 0,
  -0.55557023 -0.83146961 0,-0.55557023 -0.83146961 0,
  -0.83146961 -0.55557023 0,-0.83146961 -0.55557023 0,
  -0.83146961 -0.55557023 0,-0.83146961 -0.55557023 0,
  -0.83146961 -0.55557023 0,-0.83146961 -0.55557023 0,
  -0.98078528 -0.19509032 0,-0.98078528 -0.19509032 0,
  -0.98078528 -0.19509032 0,-0.98078528 -0.19509032 0,
  -0.98078528 -0.19509032 0,-0.98078528 -0.19509032 0,
  0.98078528 -0.19509032 0,0.98078528 -0.19509032 0,
  0.98078528 -0.19509032 0,0.98078528 -0.19509032 0,
  0.98078528 -0.19509032 0,0.98078528 -0.19509032 0,
  0.83146961 -0.55557023 0,0.83146961 -0.55557023 0,
  0.83146961 -0.55557023 0,0.83146961 -0.55557023 0,
  0.83146961 -0.55557023 0,0.83146961 -0.55557023 0,
  0.55557023 -0.83146961 0,0.55557023 -0.83146961 0,
  0.55557023 -0.83146961 0,0.55557023 -0.83146961 0,
  0.55557023 -0.83146961 0,0.55557023 -0.83146961 0,
  0.19509032 -0.98078528 0,0.19509032 -0.98078528 0,
  0.19509032 -0.98078528 0,0.19509032 -0.98078528 0,
  0.19509032 -0.98078528 0,0.19509032 -0.98078528 0,
  -0.19509032 -0.98078528 0,-0.19509032 -0.98078528 0,
  -0.19509032 -0.98078528 0,-0.19509032 -0.98078528 0,
  -0.19509032 -0.98078528 0,-0.19509032 -0.98078528 0,
  -0.55557023 -0.83146961 0,-0.55557023 -0.83146961 0,
  -0.55557023 -0.83146961 0,-0.55557023 -0.83146961 0,
  -0.55557023 -0.83146961 0,-0.55557023 -0.83146961 0,
  -0.83146961 -0.55557023 0,-0.83146961 -0.55557023 0,
  -0.83146961 -0.55557023 0,-0.83146961 -0.55557023 0,
  -0.83146961 -0.55557023 0,-0.83146961 -0.55557023 0,
  -0.98078528 -0.19509032 0,-0.98078528 -0.19509032 0,
  -0.98078528 -0.19509032 0,-0.98078528 -0.19509032 0,
  -0.98078528 -0.19509032 0,-0.98078528 -0.19509032 0,
  -0.98078528 0.19509032 0,-0.98078528 0.19509032 0,
  -0.98078528 0.19509032 0,-0.98078528 0.19509032 0,
  -0.98078528 0.19509032 0,-0.98078528 0.19509032 0,
  -0.83146961 0.55557023 0,-0.83146961 0.55557023 0,
  -0.83146961 0.55557023 0,-0.83146961 0.55557023 0,
  -0.83146961 0.55557023 0,-0.83146961 0.55557023 0,
  -0.55557023 0.83146961 0,-0.55557023 0.83146961 0,
  -0.55557023 0.83146961 0,-0.55557023 0.83146961 0,
  -0.55557023 0.83146961 0,-0.55557023 0.83146961 0,
  -0.19509032 0.98078528 0,-0.19509032 0.98078528 0,
  -0.19509032 0.98078528 0,-0.19509032 0.98078528 0,
  -0.19509032 0.98078528 0,-0.19509032 0.98078528 0,
  0.19509032 0.98078528 0,0.19509032 0.98078528 0,
  0.19509032 0.98078528 0,0.19509032 0.98078528 0,
  0.19509032 0.98078528 0,0.19509032 0.98078528 0,
  0.55557023 0.83146961 0,0.55557023 0.83146961 0,
  0.55557023 0.83146961 0,0.55557023 0.83146961 0,
  0.55557023 0.83146961 0,0.55557023 0.83146961 0,
  0.83146961 0.55557023 0,0.83146961 0.55557023 0,
  0.83146961 0.55557023 0,0.83146961 0.55557023 0,
  0.83146961 0.55557023 0,0.83146961 0.55557023 0,
  0.98078528 0.19509032 0,0.98078528 0.19509032 0,
  0.98078528 0.19509032 0,0.98078528 0.19509032 0,
  0.98078528 0.19509032 0,0.98078528 0.19509032 0,
  0.98078528 -0.19509032 0,0.98078528 -0.19509032 0,
  0.98078528 -0.19509032 0,0.98078528 -0.19509032 0,
  0.98078528 -0.19509032 0,0.98078528 -0.19509032 0,
  0.83146961 -0.55557023 0,0.83146961 -0.55557023 0,
  0.83146961 -0.55557023 0,0.83146961 -0.55557023 0,
  0.83146961 -0.55557023 0,0.83146961 -0.55557023 0,
  0.55557023 -0.83146961 0,0.55557023 -0.83146961 0,
  0.55557023 -0.83146961 0,0.55557023 -0.83146961 0,
  0.55557023 -0.83146961 0,0.55557023 -0.83146961 0,
  0.19509032 -0.98078528 0,0.19509032 -0.98078528 0,
  0.19509032 -0.98078528 0,0.19509032 -0.98078528 0,
  0.19509032 -0.98078528 0,0.19509032 -0.98078528 0,
  -0.19509032 -0.98078528 0,-0.19509032 -0.98078528 0,
  -0.19509032 -0.98078528 0,-0.19509032 -0.98078528 0,
  -0.19509032 -0.98078528 0,-0.19509032 -0.98078528 0,
  -0.55557023 -0.83146961 0,-0.55557023 -0.83146961 0,
  -0.55557023 -0.83146961 0,-0.55557023 -0.83146961 0,
  -0.55557023 -0.83146961 0,-0.55557023 -0.83146961 0,
  -0.83146961 -0.55557023 0,-0.83146961 -0.55557023 0,
  -0.83146961 -0.55557023 0,-0.83146961 -0.55557023 0,
  -0.83146961 -0.55557023 0,-0.83146961 -0.55557023 0,
  -0.98078528 -0.19509032 0,-0.98078528 -0.19509032 0,
  -0.98078528 -0.19509032 0,-0.98078528 -0.19509032 0,
  -0.98078528 -0.19509032 0,-0.98078528 -0.19509032 0,
  -0.98078528 0.19509032 0,-0.98078528 0.19509032 0,
  -0.98078528 0.19509032 0,-0.98078528 0.19509032 0,
  -0.98078528 0.19509032 0,-0.98078528 0.19509032 0,
  -0.83146961 0.55557023 0,-0.83146961 0.55557023 0,
  -0.83146961 0.55557023 0,-0.83146961 0.55557023 0,
  -0.83146961 0.55557023 0,-0.83146961 0.55557023 0,
  -0.55557023 0.83146961 0,-0.55557023 0.83146961 0,
  -0.55557023 0.83146961 0,-0.55557023 0.83146961 0,
  -0.55557023 0.83146961 0,-0.55557023 0.83146961 0,
  -0.19509032 0.98078528 0,-0.19509032 0.98078528 0,
  -0.19509032 0.98078528 0,-0.19509032 0.98078528 0,
  -0.19509032 0.98078528 0,-0.19509032 0.98078528 0,
  0.19509032 0.98078528 0,0.19509032 0.98078528 0,
  0.19509032 0.98078528 0,0.19509032 0.98078528 0,
  0.19509032 0.98078528 0,0.19509032 0.98078528 0,
  0.55557023 0.83146961 0,0.55557023 0.83146961 0,
  0.55557023 0.83146961 0,0.55557023 0.83146961 0,
  0.55557023 0.83146961 0,0.55557023 0.83146961 0,
  0.83146961 0.55557023 0,0.83146961 0.55557023 0,
  0.83146961 0.55557023 0,0.83146961 0.55557023 0,
  0.83146961 0.55557023 0,0.83146961 0.55557023 0,
  0.98078528 0.19509032 0,0.98078528 0.19509032 0,
  0.98078528 0.19509032 0,0.98078528 0.19509032 0,
  0.98078528 0.19509032 0,0.98078528 0.19509032 0,
  0.98078528 -0.19509032 0,0.98078528 -0.19509032 0,
  0.98078528 -0.19509032 0,0.98078528 -0.19509032 0,
  0.98078528 -0.19509032 0,0.98078528 -0.19509032 0,
  0.83146961 -0.55557023 0,0.83146961 -0.55557023 0,
  0.83146961 -0.55557023 0,0.83146961 -0.55557023 0,
  0.83146961 -0.55557023 0,0.83146961 -0.55557023 0,
  0.55557023 -0.83146961 0,0.55557023 -0.83146961 0,
  0.55557023 -0.83146961 0,0.55557023 -0.83146961 0,
  0.55557023 -0.83146961 0,0.55557023 -0.83146961 0,
  0.19509032 -0.98078528 0,0.19509032 -0.98078528 0,
  0.19509032 -0.98078528 0,0.19509032 -0.98078528 0,
  0.19509032 -0.98078528 0,0.19509032 -0.98078528 0,
  -0.19509032 -0.98078528 0,-0.19509032 -0.98078528 0,
  -0.19509032 -0.98078528 0,-0.19509032 -0.98078528 0,
  -0.19509032 -0.98078528 0,-0.19509032 -0.98078528 0,
  -0.55557023 -0.83146961 0,-0.55557023 -0.83146961 0,
  -0.55557023 -0.83146961 0,-0.55557023 -0.83146961 0,
  -0.55557023 -0.83146961 0,-0.55557023 -0.83146961 0,
  -0.83146961 -0.55557023 0,-0.83146961 -0.55557023 0,
  -0.83146961 -0.55557023 0,-0.83146961 -0.55557023 0,
  -0.83146961 -0.55557023 0,-0.83146961 -0.55557023 0,
  -0.98078528 -0.19509032 0,-0.98078528 -0.19509032 0,
  -0.98078528 -0.19509032 0,-0.98078528 -0.19509032 0,
  -0.98078528 -0.19509032 0,-0.98078528 -0.19509032 0,
  -0.98078528 0.19509032 0,-0.98078528 0.19509032 0,
  -0.98078528 0.19509032 0,-0.98078528 0.19509032 0,
  -0.98078528 0.19509032 0,-0.98078528 0.19509032 0,
  -0.83146961 0.55557023 0,-0.83146961 0.55557023 0,
  -0.83146961 0.55557023 0,-0.83146961 0.55557023 0,
  -0.83146961 0.55557023 0,-0.83146961 0.55557023 0,
  -0.55557023 0.83146961 0,-0.55557023 0.83146961 0,
  -0.55557023 0.83146961 0,-0.55557023 0.83146961 0,
  -0.55557023 0.83146961 0,-0.55557023 0.83146961 0,
  -0.19509032 0.98078528 0,-0.19509032 0.98078528 0,
  -0.19509032 0.98078528 0,-0.19509032 0.98078528 0,
  -0.19509032 0.98078528 0,-0.19509032 0.98078528 0,
  0.19509032 0.98078528 0,0.19509032 0.98078528 0,
  0.19509032 0.98078528 0,0.19509032 0.98078528 0,
  0.19509032 0.98078528 0,0.19509032 0.98078528 0,
  0.55557023 0.83146961 0,0.55557023 0.83146961 0,
  0.55557023 0.83146961 0,0.55557023 0.83146961 0,
  0.55557023 0.83146961 0,0.55557023 0.83146961 0,
  0.83146961 0.55557023 0,0.83146961 0.55557023 0,
  0.83146961 0.55557023 0,0.83146961 0.55557023 0,
  0.83146961 0.55557023 0,0.83146961 0.55557023 0,
  0.98078528 0.19509032 0,0.98078528 0.19509032 0,
  0.98078528 0.19509032 0,0.98078528 0.19509032 0,
  0.98078528 0.19509032 0,0.98078528 0.19509032 0,
  0.98078528 -0.19509032 0,0.98078528 -0.19509032 0,
  0.98078528 -0.19509032 0,0.98078528 -0.19509032 0,
  0.98078528 -0.19509032 0,0.98078528 -0.19509032 0,
  0.83146961 -0.55557023 0,0.83146961 -0.55557023 0,
  0.83146961 -0.55557023 0,0.83146961 -0.55557023 0,
  0.83146961 -0.55557023 0,0.83146961 -0.55557023 0,
  0.55557023 -0.83146961 0,0.55557023 -0.83146961 0,
  0.55557023 -0.83146961 0,0.55557023 -0.83146961 0,
  0.55557023 -0.83146961 0,0.55557023 -0.83146961 0,
  0.19509032 -0.98078528 0,0.19509032 -0.98078528 0,
  0.19509032 -0.98078528 0,0.19509032 -0.98078528 0,
  0.19509032 -0.98078528 0,0.19509032 -0.98078528 0,
  -0.19509032 -0.98078528 0,-0.19509032 -0.98078528 0,
  -0.19509032 -0.98078528 0,-0.19509032 -0.98078528 0,
  -0.19509032 -0.98078528 0,-0.19509032 -0.98078528 0,
  -0.55557023 -0.83146961 0,-0.55557023 -0.83146961 0,
  -0.55557023 -0.83146961 0,-0.55557023 -0.83146961 0,
  -0.55557023 -0.83146961 0,-0.55557023 -0.83146961 0,
  -0.83146961 -0.55557023 0,-0.83146961 -0.55557023 0,
  -0.83146961 -0.55557023 0,-0.83146961 -0.55557023 0,
  -0.83146961 -0.55557023 0,-0.83146961 -0.55557023 0,
  -0.98078528 -0.19509032 0,-0.98078528 -0.19509032 0,
  -0.98078528 -0.19509032 0,-0.98078528 -0.19509032 0,
  -0.98078528 -0.19509032 0,-0.98078528 -0.19509032 0,
  -0.98078528 0.19509032 0,-0.98078528 0.19509032 0,
  -0.98078528 0.19509032 0,-0.98078528 0.19509032 0,
  -0.98078528 0.19509032 0,-0.98078528 0.19509032 0,
  -0.83146961 0.55557023 0,-0.83146961 0.55557023 0,
  -0.83146961 0.55557023 0,-0.83146961 0.55557023 0,
  -0.83146961 0.55557023 0,-0.83146961 0.55557023 0,
  -0.55557023 0.83146961 0,-0.55557023 0.83146961 0,
  -0.55557023 0.83146961 0,-0.55557023 0.83146961 0,
  -0.55557023 0.83146961 0,-0.55557023 0.83146961 0,
  -0.19509032 0.98078528 0,-0.19509032 0.98078528 0,
  -0.19509032 0.98078528 0,-0.19509032 0.98078528 0,
  -0.19509032 0.98078528 0,-0.19509032 0.98078528 0,
  0.19509032 0.98078528 0,0.19509032 0.98078528 0,
  0.19509032 0.98078528 0,0.19509032 0.98078528 0,
  0.19509032 0.98078528 0,0.19509032 0.98078528 0,
  0.55557023 0.83146961 0,0.55557023 0.83146961 0,
  0.55557023 0.83146961 0,0.55557023 0.83146961 0,
  0.55557023 0.83146961 0,0.55557023 0.83146961 0,
  0.83146961 0.55557023 0,0.83146961 0.55557023 0,
  0.83146961 0.55557023 0,0.83146961 0.55557023 0,
  0.83146961 0.55557023 0,0.83146961 0.55557023 0,
  0.98078528 0.19509032 0,0.98078528 0.19509032 0,
  0.98078528 0.19509032 0,0.98078528 0.19509032 0,
  0.98078528 0.19509032 0,0.98078528 0.19509032 0,
  0.98078528 -0.19509032 0,0.98078528 -0.19509032 0,
  0.98078528 -0.19509032 0,0.98078528 -0.19509032 0,
  0.98078528 -0.19509032 0,0.98078528 -0.19509032 0,
  0.83146961 -0.55557023 0,0.83146961 -0.55557023 0,
  0.83146961 -0.55557023 0,0.83146961 -0.55557023 0,
  0.83146961 -0.55557023 0,0.83146961 -0.55557023 0,
  0.55557023 -0.83146961 0,0.55557023 -0.83146961 0,
  0.55557023 -0.83146961 0,0.55557023 -0.83146961 0,
  0.55557023 -0.83146961 0,0.55557023 -0.83146961 0,
  0.19509032 -0.98078528 0,0.19509032 -0.98078528 0,
  0.19509032 -0.98078528 0,0.19509032 -0.98078528 0,
  0.19509032 -0.98078528 0,0.19509032 -0.98078528 0,
  -0.19509032 -0.98078528 0,-0.19509032 -0.98078528 0,
  -0.19509032 -0.98078528 0,-0.19509032 -0.98078528 0,
  -0.19509032 -0.98078528 0,-0.19509032 -0.98078528 0,
  -0.55557023 -0.83146961 0,-0.55557023 -0.83146961 0,
  -0.55557023 -0.83146961 0,-0.55557023 -0.83146961 0,
  -0.55557023 -0.83146961 0,-0.55557023 -0.83146961 0,
  -0.83146961 -0.55557023 0,-0.83146961 -0.55557023 0,
  -0.83146961 -0.55557023 0,-0.83146961 -0.55557023 0,
  -0.83146961 -0.55557023 0,-0.83146961 -0.55557023 0,
  -0.98078528 -0.19509032 0,-0.98078528 -0.19509032 0,
  -0.98078528 -0.19509032 0,-0.98078528 -0.19509032 0,
  -0.98078528 -0.19509032 0,-0.98078528 -0.19509032 0,
  -0.98078528 0.19509032 0,-0.98078528 0.19509032 0,
  -0.98078528 0.19509032 0,-0.98078528 0.19509032 0,
  -0.98078528 0.19509032 0,-0.98078528 0.19509032 0,
  -0.83146961 0.55557023 0,-0.83146961 0.55557023 0,
  -0.83146961 0.55557023 0,-0.83146961 0.55557023 0,
  -0.83146961 0.55557023 0,-0.83146961 0.55557023 0,
  -0.55557023 0.83146961 0,-0.55557023 0.83146961 0,
  -0.55557023 0.83146961 0,-0.55557023 0.83146961 0,
  -0.55557023 0.83146961 0,-0.55557023 0.83146961 0,
  -0.19509032 0.98078528 0,-0.19509032 0.98078528 0,
  -0.19509032 0.98078528 0,-0.19509032 0.98078528 0,
  -0.19509032 0.98078528 0,-0.19509032 0.98078528 0,
  0.19509032 0.98078528 0,0.19509032 0.98078528 0,
  0.19509032 0.98078528 0,0.19509032 0.98078528 0,
  0.19509032 0.98078528 0,0.19509032 0.98078528 0,
  0.55557023 0.83146961 0,0.55557023 0.83146961 0,
  0.55557023 0.83146961 0,0.55557023 0.83146961 0,
  0.55557023 0.83146961 0,0.55557023 0.83146961 0,
  0.83146961 0.55557023 0,0.83146961 0.55557023 0,
  0.83146961 0.55557023 0,0.83146961 0.55557023 0,
  0.83146961 0.55557023 0,0.83146961 0.55557023 0,
  0.98078528 0.19509032 0,0.98078528 0.19509032 0,
  0.98078528 0.19509032 0,0.98078528 0.19509032 0,
  0.98078528 0.19509032 0,0.98078528 0.19509032 0,
  0.98078528 -0.19509032 0,0.98078528 -0.19509032 0,
  0.98078528 -0.19509032 0,0.98078528 -0.19509032 0,
  0.98078528 -0.19509032 0,0.98078528 -0.19509032 0,
  0.83146961 -0.55557023 0,0.83146961 -0.55557023 0,
  0.83146961 -0.55557023 0,0.83146961 -0.55557023 0,
  0.83146961 -0.55557023 0,0.83146961 -0.55557023 0,
  0.55557023 -0.83146961 0,0.55557023 -0.83146961 0,
  0.55557023 -0.83146961 0,0.55557023 -0.83146961 0,
  0.55557023 -0.83146961 0,0.55557023 -0.83146961 0,
  0.19509032 -0.98078528 0,0.19509032 -0.98078528 0,
  0.19509032 -0.98078528 0,0.19509032 -0.98078528 0,
  0.19509032 -0.98078528 0,0.19509032 -0.98078528 0,
  -0.19509032 -0.98078528 0,-0.19509032 -0.98078528 0,
  -0.19509032 -0.98078528 0,-0.19509032 -0.98078528 0,
  -0.19509032 -0.98078528 0,-0.19509032 -0.98078528 0,
  -0.55557023 -0.83146961 0,-0.55557023 -0.83146961 0,
  -0.55557023 -0.83146961 0,-0.55557023 -0.83146961 0,
  -0.55557023 -0.83146961 0,-0.55557023 -0.83146961 0,
  -0.83146961 -0.55557023 0,-0.83146961 -0.55557023 0,
  -0.83146961 -0.55557023 0,-0.83146961 -0.55557023 0,
  -0.83146961 -0.55557023 0,-0.83146961 -0.55557023 0,
  -0.98078528 -0.19509032 0,-0.98078528 -0.19509032 0,
  -0.98078528 -0.19509032 0,-0.98078528 -0.19509032 0,
  -0.98078528 -0.19509032 0,-0.98078528 -0.19509032 0,
  -0.98078528 0.19509032 0,-0.98078528 0.19509032 0,
  -0.98078528 0.19509032 0,-0.98078528 0.19509032 0,
  -0.98078528 0.19509032 0,-0.98078528 0.19509032 0,
  -0.83146961 0.55557023 0,-0.83146961 0.55557023 0,
  -0.83146961 0.55557023 0,-0.83146961 0.55557023 0,
  -0.83146961 0.55557023 0,-0.83146961 0.55557023 0,
  -0.55557023 0.83146961 0,-0.55557023 0.83146961 0,
  -0.55557023 0.83146961 0,-0.55557023 0.83146961 0,
  -0.55557023 0.83146961 0,-0.55557023 0.83146961 0,
  -0.19509032 0.98078528 0,-0.19509032 0.98078528 0,
  -0.19509032 0.98078528 0,-0.19509032 0.98078528 0,
  -0.19509032 0.98078528 0,-0.19509032 0.98078528 0,
  0.19509032 0.98078528 0,0.19509032 0.98078528 0,
  0.19509032 0.98078528 0,0.19509032 0.98078528 0,
  0.19509032 0.98078528 0,0.19509032 0.98078528 0,
  0.55557023 0.83146961 0,0.55557023 0.83146961 0,
  0.55557023 0.83146961 0,0.55557023 0.83146961 0,
  0.55557023 0.83146961 0,0.55557023 0.83146961 0,
  0.83146961 0.55557023 0,0.83146961 0.55557023 0,
  0.83146961 0.55557023 0,0.83146961 0.55557023 0,
  0.83146961 0.55557023 0,0.83146961 0.55557023 0,
  0.98078528 0.19509032 0,0.98078528 0.19509032 0,
  0.98078528 0.19509032 0,0.98078528 0.19509032 0,
  0.98078528 0.19509032 0,0.98078528 0.19509032 0,
  0.98078528 -0.19509032 0,0.98078528 -0.19509032 0,
  0.98078528 -0.19509032 0,0.98078528 -0.19509032 0,
  0.98078528 -0.19509032 0,0.98078528 -0.19509032 0,
  0.83146961 -0.55557023 0,0.83146961 -0.55557023 0,
  0.83146961 -0.55557023 0,0.83146961 -0.55557023 0,
  0.83146961 -0.55557023 0,0.83146961 -0.55557023 0,
  0.55557023 -0.83146961 0,0.55557023 -0.83146961 0,
  0.55557023 -0.83146961 0,0.55557023 -0.83146961 0,
  0.55557023 -0.83146961 0,0.55557023 -0.83146961 0,
  0.19509032 -0.98078528 0,0.19509032 -0.98078528 0,
  0.19509032 -0.98078528 0,0.19509032 -0.98078528 0,
  0.19509032 -0.98078528 0,0.19509032 -0.98078528 0,
  -0.19509032 -0.98078528 0,-0.19509032 -0.98078528 0,
  -0.19509032 -0.98078528 0,-0.19509032 -0.98078528 0,
  -0.19509032 -0.98078528 0,-0.19509032 -0.98078528 0,
  -0.55557023 -0.83146961 0,-0.55557023 -0.83146961 0,
  -0.55557023 -0.83146961 0,-0.55557023 -0.83146961 0,
  -0.55557023 -0.83146961 0,-0.55557023 -0.83146961 0,
  -0.83146961 -0.55557023 0,-0.83146961 -0.55557023 0,
  -0.83146961 -0.55557023 0,-0.83146961 -0.55557023 0,
  -0.83146961 -0.55557023 0,-0.83146961 -0.55557023 0,
  -0.98078528 -0.19509032 0,-0.98078528 -0.19509032 0,
  -0.98078528 -0.19509032 0,-0.98078528 -0.19509032 0,
  -0.98078528 -0.19509032 0,-0.98078528 -0.19509032 0,
  -0.98078528 0.19509032 0,-0.98078528 0.19509032 0,
  -0.98078528 0.19509032 0,-0.98078528 0.19509032 0,
  -0.98078528 0.19509032 0,-0.98078528 0.19509032 0,
  -0.83146961 0.55557023 0,-0.83146961 0.55557023 0,
  -0.83146961 0.55557023 0,-0.83146961 0.55557023 0,
  -0.83146961 0.55557023 0,-0.83146961 0.55557023 0,
  -0.55557023 0.83146961 0,-0.55557023 0.83146961 0,
  -0.55557023 0.83146961 0,-0.55557023 0.83146961 0,
  -0.55557023 0.83146961 0,-0.55557023 0.83146961 0,
  -0.19509032 0.98078528 0,-0.19509032 0.98078528 0,
  -0.19509032 0.98078528 0,-0.19509032 0.98078528 0,
  -0.19509032 0.98078528 0,-0.19509032 0.98078528 0,
  0.19509032 0.98078528 0,0.19509032 0.98078528 0,
  0.19509032 0.98078528 0,0.19509032 0.98078528 0,
  0.19509032 0.98078528 0,0.19509032 0.98078528 0,
  0.55557023 0.83146961 0,0.55557023 0.83146961 0,
  0.55557023 0.83146961 0,0.55557023 0.83146961 0,
  0.55557023 0.83146961 0,0.55557023 0.83146961 0,
  0.83146961 0.55557023 0,0.83146961 0.55557023 0,
  0.83146961 0.55557023 0,0.83146961 0.55557023 0,
  0.83146961 0.55557023 0,0.83146961 0.55557023 0,
  0.98078528 0.19509032 0,0.98078528 0.19509032 0,
  0.98078528 0.19509032 0,0.98078528 0.19509032 0,
  0.98078528 0.19509032 0,0.98078528 0.19509032 0,
  -0.98078528 0.19509032 0,-0.98078528 0.19509032 0,
  -0.98078528 0.19509032 0,-0.98078528 0.19509032 0,
  -0.98078528 0.19509032 0,-0.98078528 0.19509032 0,
  -0.83146961 0.55557023 0,-0.83146961 0.55557023 0,
  -0.83146961 0.55557023 0,-0.83146961 0.55557023 0,
  -0.83146961 0.55557023 0,-0.83146961 0.55557023 0,
  -0.55557023 0.83146961 0,-0.55557023 0.83146961 0,
  -0.55557023 0.83146961 0,-0.55557023 0.83146961 0,
  -0.55557023 0.83146961 0,-0.55557023 0.83146961 0,
  -0.19509032 0.98078528 0,-0.19509032 0.98078528 0,
  -0.19509032 0.98078528 0,-0.19509032 0.98078528 0,
  -0.19509032 0.98078528 0,-0.19509032 0.98078528 0,
  0.19509032 0.98078528 0,0.19509032 0.98078528 0,
  0.19509032 0.98078528 0,0.19509032 0.98078528 0,
  0.19509032 0.98078528 0,0.19509032 0.98078528 0,
  0.55557023 0.83146961 0,0.55557023 0.83146961 0,
  0.55557023 0.83146961 0,0.55557023 0.83146961 0,
  0.55557023 0.83146961 0,0.55557023 0.83146961 0,
  0.83146961 0.55557023 0,0.83146961 0.55557023 0,
  0.83146961 0.55557023 0,0.83146961 0.55557023 0,
  0.83146961 0.55557023 0,0.83146961 0.55557023 0,
  0.98078528 0.19509032 0,0.98078528 0.19509032 0,
  0.98078528 0.19509032 0,0.98078528 0.19509032 0,
  0.98078528 0.19509032 0,0.98078528 0.19509032 0,
  0.98078528 -0.19509032 0,0.98078528 -0.19509032 0,
  0.98078528 -0.19509032 0,0.98078528 -0.19509032 0,
  0.98078528 -0.19509032 0,0.98078528 -0.19509032 0,
  0.83146961 -0.55557023 0,0.83146961 -0.55557023 0,
  0.83146961 -0.55557023 0,0.83146961 -0.55557023 0,
  0.83146961 -0.55557023 0,0.83146961 -0.55557023 0,
  0.55557023 -0.83146961 0,0.55557023 -0.83146961 0,
  0.55557023 -0.83146961 0,0.55557023 -0.83146961 0,
  0.55557023 -0.83146961 0,0.55557023 -0.83146961 0,
  0.19509032 -0.98078528 0,0.19509032 -0.98078528 0,
  0.19509032 -0.98078528 0,0.19509032 -0.98078528 0,
  0.19509032 -0.98078528 0,0.19509032 -0.98078528 0,
  -0.19509032 -0.98078528 0,-0.19509032 -0.98078528 0,
  -0.19509032 -0.98078528 0,-0.19509032 -0.98078528 0,
  -0.19509032 -0.98078528 0,-0.19509032 -0.98078528 0,
  -0.55557023 -0.83146961 0,-0.55557023 -0.83146961 0,
  -0.55557023 -0.83146961 0,-0.55557023 -0.83146961 0,
  -0.55557023 -0.83146961 0,-0.55557023 -0.83146961 0,
  -0.83146961 -0.55557023 0,-0.83146961 -0.55557023 0,
  -0.83146961 -0.55557023 0,-0.83146961 -0.55557023 0,
  -0.83146961 -0.55557023 0,-0.83146961 -0.55557023 0,
  -0.98078528 -0.19509032 0,-0.98078528 -0.19509032 0,
  -0.98078528 -0.19509032 0,-0.98078528 -0.19509032 0,
  -0.98078528 -0.19509032 0,-0.98078528 -0.19509032 0,
  0.98078528 -0.19509032 0,0.98078528 -0.19509032 0,
  0.98078528 -0.19509032 0,0.98078528 -0.19509032 0,
  0.98078528 -0.19509032 0,0.98078528 -0.19509032 0,
  0.83146961 -0.55557023 0,0.83146961 -0.55557023 0,
  0.83146961 -0.55557023 0,0.83146961 -0.55557023 0,
  0.83146961 -0.55557023 0,0.83146961 -0.55557023 0,
  0.55557023 -0.83146961 0,0.55557023 -0.83146961 0,
  0.55557023 -0.83146961 0,0.55557023 -0.83146961 0,
  0.55557023 -0.83146961 0,0.55557023 -0.83146961 0,
  0.19509032 -0.98078528 0,0.19509032 -0.98078528 0,
  0.19509032 -0.98078528 0,0.19509032 -0.98078528 0,
  0.19509032 -0.98078528 0,0.19509032 -0.98078528 0,
  -0.19509032 -0.98078528 0,-0.19509032 -0.98078528 0,
  -0.19509032 -0.98078528 0,-0.19509032 -0.98078528 0,
  -0.19509032 -0.98078528 0,-0.19509032 -0.98078528 0,
  -0.55557023 -0.83146961 0,-0.55557023 -0.83146961 0,
  -0.55557023 -0.83146961 0,-0.55557023 -0.83146961 0,
  -0.55557023 -0.83146961 0,-0.55557023 -0.83146961 0,
  -0.83146961 -0.55557023 0,-0.83146961 -0.55557023 0,
  -0.83146961 -0.55557023 0,-0.83146961 -0.55557023 0,
  -0.83146961 -0.55557023 0,-0.83146961 -0.55557023 0,
  -0.98078528 -0.19509032 0,-0.98078528 -0.19509032 0,
  -0.98078528 -0.19509032 0,-0.98078528 -0.19509032 0,
  -0.98078528 -0.19509032 0,-0.98078528 -0.19509032 0,
  -0.98078528 0.19509032 0,-0.98078528 0.19509032 0,
  -0.98078528 0.19509032 0,-0.98078528 0.19509032 0,
  -0.98078528 0.19509032 0,-0.98078528 0.19509032 0,
  -0.83146961 0.55557023 0,-0.83146961 0.55557023 0,
  -0.83146961 0.55557023 0,-0.83146961 0.55557023 0,
  -0.83146961 0.55557023 0,-0.83146961 0.55557023 0,
  -0.55557023 0.83146961 0,-0.55557023 0.83146961 0,
  -0.55557023 0.83146961 0,-0.55557023 0.83146961 0,
  -0.55557023 0.83146961 0,-0.55557023 0.83146961 0,
  -0.19509032 0.98078528 0,-0.19509032 0.98078528 0,
  -0.19509032 0.98078528 0,-0.19509032 0.98078528 0,
  -0.19509032 0.98078528 0,-0.19509032 0.98078528 0,
  0.19509032 0.98078528 0,0.19509032 0.98078528 0,
  0.19509032 0.98078528 0,0.19509032 0.98078528 0,
  0.19509032 0.98078528 0,0.19509032 0.98078528 0,
  0.55557023 0.83146961 0,0.55557023 0.83146961 0,
  0.55557023 0.83146961 0,0.55557023 0.83146961 0,
  0.55557023 0.83146961 0,0.55557023 0.83146961 0,
  0.83146961 0.55557023 0,0.83146961 0.55557023 0,
  0.83146961 0.55557023 0,0.83146961 0.55557023 0,
  0.83146961 0.55557023 0,0.83146961 0.55557023 0,
  0.98078528 0.19509032 0,0.98078528 0.19509032 0,
  0.98078528 0.19509032 0,0.98078528 0.19509032 0,
  0.98078528 0.19509032 0,0.98078528 0.19509032 0,
  0.98078528 -0.19509032 0,0.98078528 -0.19509032 0,
  0.98078528 -0.19509032 0,0.98078528 -0.19509032 0,
  0.98078528 -0.19509032 0,0.98078528 -0.19509032 0,
  0.83146961 -0.55557023 0,0.83146961 -0.55557023 0,
  0.83146961 -0.55557023 0,0.83146961 -0.55557023 0,
  0.83146961 -0.55557023 0,0.83146961 -0.55557023 0,
  0.55557023 -0.83146961 0,0.55557023 -0.83146961 0,
  0.55557023 -0.83146961 0,0.55557023 -0.83146961 0,
  0.55557023 -0.83146961 0,0.55557023 -0.83146961 0,
  0.19509032 -0.98078528 0,0.19509032 -0.98078528 0,
  0.19509032 -0.98078528 0,0.19509032 -0.98078528 0,
  0.19509032 -0.98078528 0,0.19509032 -0.98078528 0,
  -0.19509032 -0.98078528 0,-0.19509032 -0.98078528 0,
  -0.19509032 -0.98078528 0,-0.19509032 -0.98078528 0,
  -0.19509032 -0.98078528 0,-0.19509032 -0.98078528 0,
  -0.55557023 -0.83146961 0,-0.55557023 -0.83146961 0,
  -0.55557023 -0.83146961 0,-0.55557023 -0.83146961 0,
  -0.55557023 -0.83146961 0,-0.55557023 -0.83146961 0,
  -0.83146961 -0.55557023 0,-0.83146961 -0.55557023 0,
  -0.83146961 -0.55557023 0,-0.83146961 -0.55557023 0,
  -0.83146961 -0.55557023 0,-0.83146961 -0.55557023 0,
  -0.98078528 -0.19509032 0,-0.98078528 -0.19509032 0,
  -0.98078528 -0.19509032 0,-0.98078528 -0.19509032 0,
  -0.98078528 -0.19509032 0,-0.98078528 -0.19509032 0,
  -0.98078528 0.19509032 0,-0.98078528 0.19509032 0,
  -0.98078528 0.19509032 0,-0.98078528 0.19509032 0,
  -0.98078528 0.19509032 0,-0.98078528 0.19509032 0,
  -0.83146961 0.55557023 0,-0.83146961 0.55557023 0,
  -0.83146961 0.55557023 0,-0.83146961 0.55557023 0,
  -0.83146961 0.55557023 0,-0.83146961 0.55557023 0,
  -0.55557023 0.83146961 0,-0.55557023 0.83146961 0,
  -0.55557023 0.83146961 0,-0.55557023 0.83146961 0,
  -0.55557023 0.83146961 0,-0.55557023 0.83146961 0,
  -0.19509032 0.98078528 0,-0.19509032 0.98078528 0,
  -0.19509032 0.98078528 0,-0.19509032 0.98078528 0,
  -0.19509032 0.98078528 0,-0.19509032 0.98078528 0,
  0.19509032 0.98078528 0,0.19509032 0.98078528 0,
  0.19509032 0.98078528 0,0.19509032 0.98078528 0,
  0.19509032 0.98078528 0,0.19509032 0.98078528 0,
  0.55557023 0.83146961 0,0.55557023 0.83146961 0,
  0.55557023 0.83146961 0,0.55557023 0.83146961 0,
  0.55557023 0.83146961 0,0.55557023 0.83146961 0,
  0.83146961 0.55557023 0,0.83146961 0.55557023 0,
  0.83146961 0.55557023 0,0.83146961 0.55557023 0,
  0.83146961 0.55557023 0,0.83146961 0.55557023 0,
  0.98078528 0.19509032 0,0.98078528 0.19509032 0,
  0.98078528 0.19509032 0,0.98078528 0.19509032 0,
  0.98078528 0.19509032 0,0.98078528 0.19509032 0] }
}
}
] }
DEF TXFM_23 Transform {
  center 0 0 0
  rotation 0 0 1 0
  scale 1 1 1
  scaleOrientation 0 0 1 0
  translation 0 0 0
 children [
DEF SHAPE_95 Shape {
 appearance DEF APP_7 Appearance {
  material Material {
   ambientIntensity 1
   diffuseColor 0.079999998 0.2 0.14
   emissiveColor 0 0 0
   shininess 0.30000001
   specularColor 0.35600001 0.44 0.398
   transparency 0.17
} }
 geometry DEF FACE_95 IndexedFaceSet {
  coord DEF COORD_95 Coordinate { point [
  -11.536925 15.228466 0.31988189,-11.538919 15.238489 0.31988189,
  -11.558761 15.289046 0.31988189,-11.581675 15.389439 0.31988189,
  -11.58937 15.492126 0.31988189,-11.581675 15.594813 0.31988189,
  -11.558761 15.695206 0.31988189,-11.538919 15.745763 0.31988189,
  -11.536925 15.755786 0.31988189,-11.532223 15.762822 0.31988189,
  -11.52114 15.791062 0.31988189,-11.469653 15.88024 0.31988189,
  -11.405449 15.960749 0.31988189,-11.391039 15.97412 0.31988189,
  -11.387574 15.979306 0.31988189,-11.379984 15.984377 0.31988189,
  -11.329963 16.030789 0.31988189,-11.244882 16.088797 0.31988189,
  -11.169066 16.125308 0.31988189,-11.164054 16.128657 0.31988189,
  -11.160745 16.129315 0.31988189,-11.152105 16.133476 0.31988189,
  -11.053706 16.163828 0.31988189,-10.951881 16.179176 0.31988189,
  -10.910078 16.179176 0.31988189,-10.900394 16.181102 0.31988189,
  -10.890709 16.179176 0.31988189,-10.848906 16.179176 0.31988189,
  -10.747082 16.163828 0.31988189,-10.648682 16.133476 0.31988189,
  -10.640043 16.129315 0.31988189,-10.636734 16.128657 0.31988189,
  -10.631722 16.125308 0.31988189,-10.555906 16.088797 0.31988189,
  -10.470824 16.030789 0.31988189,-10.420803 15.984377 0.31988189,
  -10.413214 15.979306 0.31988189,-10.409748 15.97412 0.31988189,
  -10.395338 15.960749 0.31988189,-10.331135 15.88024 0.31988189,
  -10.279647 15.791062 0.31988189,-10.268564 15.762822 0.31988189,
  -10.263863 15.755786 0.31988189,-10.261869 15.745763 0.31988189,
  -10.242027 15.695206 0.31988189,-10.219113 15.594813 0.31988189,
  -10.211417 15.492126 0.31988189,-10.219113 15.389439 0.31988189,
  -10.242027 15.289046 0.31988189,-10.261869 15.238489 0.31988189,
  -10.263863 15.228466 0.31988189,-10.268564 15.22143 0.31988189,
  -10.279647 15.19319 0.31988189,-10.331135 15.104012 0.31988189,
  -10.395338 15.023503 0.31988189,-10.409748 15.010132 0.31988189,
  -10.413214 15.004946 0.31988189,-10.420803 14.999875 0.31988189,
  -10.470824 14.953463 0.31988189,-10.555906 14.895455 0.31988189,
  -10.631722 14.858944 0.31988189,-10.636734 14.855595 0.31988189,
  -10.640043 14.854937 0.31988189,-10.648682 14.850776 0.31988189,
  -10.747082 14.820424 0.31988189,-10.848906 14.805076 0.31988189,
  -10.890709 14.805076 0.31988189,-10.900394 14.80315 0.31988189,
  -10.910078 14.805076 0.31988189,-10.951881 14.805076 0.31988189,
  -11.053706 14.820424 0.31988189,-11.152105 14.850776 0.31988189,
  -11.160745 14.854937 0.31988189,-11.164054 14.855595 0.31988189,
  -11.169066 14.858944 0.31988189,-11.244882 14.895455 0.31988189,
  -11.329963 14.953463 0.31988189,-11.379984 14.999875 0.31988189,
  -11.387574 15.004946 0.31988189,-11.391039 15.010132 0.31988189,
  -11.405449 15.023503 0.31988189,-11.469653 15.104012 0.31988189,
  -11.52114 15.19319 0.31988189,-11.532223 15.22143 0.31988189,
  -11.535433 -15.354331 0.31988189,-11.527738 -15.251644 0.31988189,
  -11.504824 -15.151251 0.31988189,-11.484982 -15.100694 0.31988189,
  -11.482988 -15.090671 0.31988189,-11.478286 -15.083634 0.31988189,
  -11.467203 -15.055395 0.31988189,-11.415716 -14.966217 0.31988189,
  -11.351512 -14.885708 0.31988189,-11.337102 -14.872337 0.31988189,
  -11.333637 -14.867151 0.31988189,-11.326047 -14.86208 0.31988189,
  -11.276026 -14.815667 0.31988189,-11.190945 -14.75766 0.31988189,
  -11.115129 -14.721148 0.31988189,-11.110117 -14.7178 0.31988189,
  -11.106808 -14.717141 0.31988189,-11.098168 -14.712981 0.31988189,
  -10.999769 -14.682628 0.31988189,-10.897944 -14.667281 0.31988189,
  -10.856141 -14.667281 0.31988189,-10.846457 -14.665354 0.31988189,
  -10.836772 -14.667281 0.31988189,-10.794969 -14.667281 0.31988189,
  -10.693145 -14.682628 0.31988189,-10.594745 -14.712981 0.31988189,
  -10.586106 -14.717142 0.31988189,-10.582797 -14.7178 0.31988189,
  -10.577785 -14.721149 0.31988189,-10.501969 -14.75766 0.31988189,
  -10.416887 -14.815667 0.31988189,-10.366866 -14.86208 0.31988189,
  -10.359277 -14.867151 0.31988189,-10.355811 -14.872337 0.31988189,
  -10.341401 -14.885708 0.31988189,-10.277198 -14.966217 0.31988189,
  -10.22571 -15.055395 0.31988189,-10.214627 -15.083634 0.31988189,
  -10.209926 -15.090671 0.31988189,-10.207932 -15.100694 0.31988189,
  -10.18809 -15.151251 0.31988189,-10.165176 -15.251644 0.31988189,
  -10.15748 -15.354331 0.31988189,-10.160903 -15.4 0.31988189,
  -10.165176 -15.457017 0.31988189,-10.18809 -15.55741 0.31988189,
  -10.207932 -15.607967 0.31988189,-10.209926 -15.617991 0.31988189,
  -10.214627 -15.625027 0.31988189,-10.22571 -15.653267 0.31988189,
  -10.277198 -15.742445 0.31988189,-10.341401 -15.822954 0.31988189,
  -10.355811 -15.836325 0.31988189,-10.359277 -15.841511 0.31988189,
  -10.366866 -15.846582 0.31988189,-10.416887 -15.892994 0.31988189,
  -10.501969 -15.951002 0.31988189,-10.577785 -15.987514 0.31988189,
  -10.582797 -15.990862 0.31988189,-10.586106 -15.99152 0.31988189,
  -10.594745 -15.995681 0.31988189,-10.693145 -16.026033 0.31988189,
  -10.794969 -16.041381 0.31988189,-10.836772 -16.041381 0.31988189,
  -10.846457 -16.043307 0.31988189,-10.856141 -16.041381 0.31988189,
  -10.897944 -16.041381 0.31988189,-10.999769 -16.026033 0.31988189,
  -11.098168 -15.995681 0.31988189,-11.106808 -15.99152 0.31988189,
  -11.110117 -15.990862 0.31988189,-11.115129 -15.987512 0.31988189,
  -11.190945 -15.951002 0.31988189,-11.276026 -15.892994 0.31988189,
  -11.326047 -15.846582 0.31988189,-11.333637 -15.841511 0.31988189,
  -11.337102 -15.836325 0.31988189,-11.351512 -15.822954 0.31988189,
  -11.415716 -15.742445 0.31988189,-11.467203 -15.653267 0.31988189,
  -11.478286 -15.625027 0.31988189,-11.482988 -15.617991 0.31988189,
  -11.484982 -15.607967 0.31988189,-11.504824 -15.55741 0.31988189,
  -11.527738 -15.457017 0.31988189,-15.866142 12.027559 0.31988189,
  -15.858446 12.130246 0.31988189,-15.835532 12.230639 0.31988189,
  -15.81569 12.281196 0.31988189,-15.813697 12.291219 0.31988189,
  -15.808995 12.298255 0.31988189,-15.797912 12.326495 0.31988189,
  -15.746424 12.415673 0.31988189,-15.682221 12.496182 0.31988189,
  -15.667811 12.509553 0.31988189,-15.664345 12.514739 0.31988189,
  -15.656756 12.51981 0.31988189,-15.606735 12.566222 0.31988189,
  -15.521654 12.62423 0.31988189,-15.445837 12.660741 0.31988189,
  -15.440825 12.66409 0.31988189,-15.437516 12.664748 0.31988189,
  -15.428877 12.668909 0.31988189,-15.330477 12.699261 0.31988189,
  -15.228653 12.714609 0.31988189,-15.18685 12.714609 0.31988189,
  -15.177165 12.716535 0.31988189,-15.167481 12.714609 0.31988189,
  -15.125678 12.714609 0.31988189,-15.023854 12.699261 0.31988189,
  -14.925454 12.668909 0.31988189,-14.916814 12.664748 0.31988189,
  -14.913506 12.66409 0.31988189,-14.908493 12.660741 0.31988189,
  -14.832677 12.62423 0.31988189,-14.747596 12.566222 0.31988189,
  -14.697575 12.51981 0.31988189,-14.689985 12.514739 0.31988189,
  -14.68652 12.509553 0.31988189,-14.67211 12.496182 0.31988189,
  -14.607906 12.415673 0.31988189,-14.556419 12.326495 0.31988189,
  -14.545336 12.298255 0.31988189,-14.540634 12.291219 0.31988189,
  -14.53864 12.281196 0.31988189,-14.518798 12.230639 0.31988189,
  -14.495884 12.130246 0.31988189,-14.488189 12.027559 0.31988189,
  -14.495884 11.924872 0.31988189,-14.518798 11.82448 0.31988189,
  -14.53864 11.773922 0.31988189,-14.540634 11.763899 0.31988189,
  -14.545336 11.756863 0.31988189,-14.556419 11.728623 0.31988189,
  -14.607906 11.639445 0.31988189,-14.67211 11.558936 0.31988189,
  -14.68652 11.545565 0.31988189,-14.689985 11.540379 0.31988189,
  -14.697575 11.535308 0.31988189,-14.747596 11.488896 0.31988189,
  -14.832677 11.430888 0.31988189,-14.908493 11.394377 0.31988189,
  -14.913506 11.391028 0.31988189,-14.916814 11.39037 0.31988189,
  -14.925454 11.386209 0.31988189,-15.023854 11.355857 0.31988189,
  -15.125678 11.340509 0.31988189,-15.167481 11.340509 0.31988189,
  -15.177165 11.338583 0.31988189,-15.18685 11.340509 0.31988189,
  -15.228653 11.340509 0.31988189,-15.330477 11.355857 0.31988189,
  -15.428877 11.386209 0.31988189,-15.437516 11.39037 0.31988189,
  -15.440825 11.391028 0.31988189,-15.445837 11.394377 0.31988189,
  -15.521654 11.430888 0.31988189,-15.606735 11.488896 0.31988189,
  -15.656756 11.535308 0.31988189,-15.664345 11.540379 0.31988189,
  -15.667811 11.545565 0.31988189,-15.682221 11.558936 0.31988189,
  -15.746424 11.639445 0.31988189,-15.797912 11.728623 0.31988189,
  -15.808995 11.756863 0.31988189,-15.813697 11.763899 0.31988189,
  -15.81569 11.773922 0.31988189,-15.835532 11.82448 0.31988189,
  -15.858446 11.924872 0.31988189,-16.751969 16.751969 0.31988189,
  -16.751969 15.492126 0.31988189,-16.751969 14.468504 0.31988189,
  -16.751969 12.027559 0.31988189,-16.751969 7.7755906 0.31988189,
  -16.751969 5.8070866 0.31988189,-16.751969 3.1299213 0.31988189,
  -16.751969 1.1220472 0.31988189,-16.751969 -0.84645669 0.31988189,
  -16.751969 -2.8937008 0.31988189,-16.751969 -7.3031496 0.31988189,
  -16.751969 -9.2716535 0.31988189,-16.751969 -12.38189 0.31988189,
  -16.751969 -15.354331 0.31988189,-16.751969 -16.751969 0.31988189,
  16.751969 -16.751969 0.31988189,16.751969 16.751969 0.31988189,
  -15.866142 -12.38189 0.31988189,-15.858446 -12.279203 0.31988189,
  -15.835532 -12.17881 0.31988189,-15.81569 -12.128253 0.31988189,
  -15.813697 -12.11823 0.31988189,-15.808995 -12.111193 0.31988189,
  -15.797912 -12.082954 0.31988189,-15.746424 -11.993776 0.31988189,
  -15.682221 -11.913267 0.31988189,-15.667811 -11.899896 0.31988189,
  -15.664345 -11.89471 0.31988189,-15.656756 -11.889639 0.31988189,
  -15.606735 -11.843226 0.31988189,-15.521654 -11.785219 0.31988189,
  -15.445837 -11.748707 0.31988189,-15.440825 -11.745359 0.31988189,
  -15.437516 -11.7447 0.31988189,-15.428877 -11.74054 0.31988189,
  -15.330477 -11.710187 0.31988189,-15.228653 -11.69484 0.31988189,
  -15.18685 -11.69484 0.31988189,-15.177165 -11.692913 0.31988189,
  -15.167481 -11.69484 0.31988189,-15.125678 -11.69484 0.31988189,
  -15.023854 -11.710187 0.31988189,-14.925454 -11.74054 0.31988189,
  -14.916814 -11.744701 0.31988189,-14.913506 -11.745359 0.31988189,
  -14.908493 -11.748708 0.31988189,-14.832677 -11.785219 0.31988189,
  -14.747596 -11.843226 0.31988189,-14.697575 -11.889639 0.31988189,
  -14.689985 -11.89471 0.31988189,-14.68652 -11.899896 0.31988189,
  -14.67211 -11.913267 0.31988189,-14.607906 -11.993776 0.31988189,
  -14.556419 -12.082954 0.31988189,-14.545336 -12.111193 0.31988189,
  -14.540634 -12.11823 0.31988189,-14.53864 -12.128253 0.31988189,
  -14.518798 -12.17881 0.31988189,-14.495884 -12.279203 0.31988189,
  -14.488189 -12.38189 0.31988189,-14.495884 -12.484576 0.31988189,
  -14.518798 -12.584969 0.31988189,-14.53864 -12.635526 0.31988189,
  -14.540634 -12.64555 0.31988189,-14.545336 -12.652586 0.31988189,
  -14.556419 -12.680826 0.31988189,-14.607906 -12.770004 0.31988189,
  -14.67211 -12.850513 0.31988189,-14.68652 -12.863884 0.31988189,
  -14.689985 -12.86907 0.31988189,-14.697575 -12.874141 0.31988189,
  -14.747596 -12.920553 0.31988189,-14.832677 -12.978561 0.31988189,
  -14.908493 -13.015073 0.31988189,-14.913506 -13.018421 0.31988189,
  -14.916814 -13.019079 0.31988189,-14.925454 -13.02324 0.31988189,
  -15.023854 -13.053592 0.31988189,-15.125678 -13.06894 0.31988189,
  -15.167481 -13.06894 0.31988189,-15.177165 -13.070866 0.31988189,
  -15.18685 -13.06894 0.31988189,-15.228653 -13.06894 0.31988189,
  -15.330477 -13.053592 0.31988189,-15.428877 -13.02324 0.31988189,
  -15.437516 -13.019079 0.31988189,-15.440825 -13.018421 0.31988189,
  -15.445837 -13.015071 0.31988189,-15.521654 -12.978561 0.31988189,
  -15.606735 -12.920553 0.31988189,-15.656756 -12.874141 0.31988189,
  -15.664345 -12.86907 0.31988189,-15.667811 -12.863884 0.31988189,
  -15.682221 -12.850513 0.31988189,-15.746424 -12.770004 0.31988189,
  -15.797912 -12.680826 0.31988189,-15.808995 -12.652586 0.31988189,
  -15.813697 -12.64555 0.31988189,-15.81569 -12.635526 0.31988189,
  -15.835532 -12.584969 0.31988189,-15.858446 -12.484576 0.31988189,
  16.088976 15.492126 0.31988189,16.081281 15.389439 0.31988189,
  16.058367 15.289046 0.31988189,16.038525 15.238489 0.31988189,
  16.036531 15.228466 0.31988189,16.031829 15.22143 0.31988189,
  16.020746 15.19319 0.31988189,15.969259 15.104012 0.31988189,
  15.905056 15.023503 0.31988189,15.890646 15.010132 0.31988189,
  15.88718 15.004946 0.31988189,15.87959 14.999875 0.31988189,
  15.82957 14.953463 0.31988189,15.744488 14.895455 0.31988189,
  15.668673 14.858944 0.31988189,15.66366 14.855595 0.31988189,
  15.660351 14.854937 0.31988189,15.651711 14.850776 0.31988189,
  15.553312 14.820424 0.31988189,15.451487 14.805076 0.31988189,
  15.409685 14.805076 0.31988189,15.4 14.80315 0.31988189,
  15.390316 14.805076 0.31988189,15.348513 14.805076 0.31988189,
  15.246688 14.820424 0.31988189,15.148289 14.850776 0.31988189,
  15.139649 14.854937 0.31988189,15.13634 14.855595 0.31988189,
  15.131328 14.858944 0.31988189,15.055512 14.895455 0.31988189,
  14.97043 14.953463 0.31988189,14.92041 14.999875 0.31988189,
  14.91282 15.004946 0.31988189,14.909355 15.010132 0.31988189,
  14.894944 15.023503 0.31988189,14.830741 15.104012 0.31988189,
  14.779254 15.19319 0.31988189,14.76817 15.22143 0.31988189,
  14.763469 15.228466 0.31988189,14.761475 15.238489 0.31988189,
  14.741633 15.289046 0.31988189,14.718719 15.389439 0.31988189,
  14.711024 15.492126 0.31988189,14.718719 15.594813 0.31988189,
  14.741633 15.695206 0.31988189,14.761475 15.745763 0.31988189,
  14.763469 15.755786 0.31988189,14.76817 15.762822 0.31988189,
  14.779254 15.791062 0.31988189,14.830741 15.88024 0.31988189,
  14.894944 15.960749 0.31988189,14.909355 15.97412 0.31988189,
  14.91282 15.979306 0.31988189,14.92041 15.984377 0.31988189,
  14.97043 16.030789 0.31988189,15.055512 16.088797 0.31988189,
  15.131328 16.125308 0.31988189,15.13634 16.128657 0.31988189,
  15.139649 16.129315 0.31988189,15.148289 16.133476 0.31988189,
  15.246688 16.163828 0.31988189,15.348513 16.179176 0.31988189,
  15.390316 16.179176 0.31988189,15.4 16.181102 0.31988189,
  15.409685 16.179176 0.31988189,15.451487 16.179176 0.31988189,
  15.553312 16.163828 0.31988189,15.651711 16.133476 0.31988189,
  15.660351 16.129315 0.31988189,15.66366 16.128657 0.31988189,
  15.668673 16.125308 0.31988189,15.744488 16.088797 0.31988189,
  15.82957 16.030789 0.31988189,15.87959 15.984377 0.31988189,
  15.88718 15.979306 0.31988189,15.890646 15.97412 0.31988189,
  15.905056 15.960749 0.31988189,15.969259 15.88024 0.31988189,
  16.020746 15.791062 0.31988189,16.031829 15.762822 0.31988189,
  16.036531 15.755786 0.31988189,16.038525 15.745763 0.31988189,
  16.058367 15.695206 0.31988189,16.081281 15.594813 0.31988189,
  -3.8582677 12.027559 0.31988189,-3.8505724 12.130246 0.31988189,
  -3.8276583 12.230639 0.31988189,-3.8078163 12.281196 0.31988189,
  -3.8058225 12.291219 0.31988189,-3.801121 12.298255 0.31988189,
  -3.7900378 12.326495 0.31988189,-3.7385504 12.415673 0.31988189,
  -3.6743469 12.496182 0.31988189,-3.6599364 12.509553 0.31988189,
  -3.6564712 12.514739 0.31988189,-3.6488816 12.51981 0.31988189,
  -3.598861 12.566222 0.31988189,-3.5137795 12.62423 0.31988189,
  -3.4379635 12.660741 0.31988189,-3.4329512 12.66409 0.31988189,
  -3.4296425 12.664748 0.31988189,-3.4210028 12.668909 0.31988189,
  -3.3226031 12.699261 0.31988189,-3.2207787 12.714609 0.31988189,
  -3.1789757 12.714609 0.31988189,-3.1692913 12.716535 0.31988189,
  -3.1596065 12.714609 0.31988189,-3.1178039 12.714609 0.31988189,
  -3.0159795 12.699261 0.31988189,-2.9175799 12.668909 0.31988189,
  -2.9089401 12.664748 0.31988189,-2.9056315 12.66409 0.31988189,
  -2.9006191 12.660741 0.31988189,-2.8248031 12.62423 0.31988189,
  -2.7397217 12.566222 0.31988189,-2.689701 12.51981 0.31988189,
  -2.6821115 12.514739 0.31988189,-2.678646 12.509553 0.31988189,
  -2.6642358 12.496182 0.31988189,-2.6000323 12.415673 0.31988189,
  -2.5485449 12.326495 0.31988189,-2.5374619 12.298255 0.31988189,
  -2.5327602 12.291219 0.31988189,-2.5307665 12.281196 0.31988189,
  -2.5109244 12.230639 0.31988189,-2.4880102 12.130246 0.31988189,
  -2.480315 12.027559 0.31988189,-2.4880102 11.924872 0.31988189,
  -2.5109244 11.82448 0.31988189,-2.5307665 11.773922 0.31988189,
  -2.5327602 11.763899 0.31988189,-2.5374619 11.756863 0.31988189,
  -2.5485449 11.728623 0.31988189,-2.6000323 11.639445 0.31988189,
  -2.6642358 11.558936 0.31988189,-2.678646 11.545565 0.31988189,
  -2.6821115 11.540379 0.31988189,-2.689701 11.535308 0.31988189,
  -2.7397217 11.488896 0.31988189,-2.8248031 11.430888 0.31988189,
  -2.9006191 11.394377 0.31988189,-2.9056315 11.391028 0.31988189,
  -2.9089401 11.39037 0.31988189,-2.9175799 11.386209 0.31988189,
  -3.0159795 11.355857 0.31988189,-3.1178039 11.340509 0.31988189,
  -3.1596065 11.340509 0.31988189,-3.1692913 11.338583 0.31988189,
  -3.1789757 11.340509 0.31988189,-3.2207787 11.340509 0.31988189,
  -3.3226031 11.355857 0.31988189,-3.4210028 11.386209 0.31988189,
  -3.4296425 11.39037 0.31988189,-3.4329512 11.391028 0.31988189,
  -3.4379635 11.394377 0.31988189,-3.5137795 11.430888 0.31988189,
  -3.598861 11.488896 0.31988189,-3.6488816 11.535308 0.31988189,
  -3.6564712 11.540379 0.31988189,-3.6599364 11.545565 0.31988189,
  -3.6743469 11.558936 0.31988189,-3.7385504 11.639445 0.31988189,
  -3.7900378 11.728623 0.31988189,-3.801121 11.756863 0.31988189,
  -3.8058225 11.763899 0.31988189,-3.8078163 11.773922 0.31988189,
  -3.8276583 11.82448 0.31988189,-3.8505724 11.924872 0.31988189,
  -3.8900701 13.781454 0.31988189,-3.9918945 13.796802 0.31988189,
  -4.0902941 13.827154 0.31988189,-4.0989339 13.831315 0.31988189,
  -4.1022425 13.831973 0.31988189,-4.1072548 13.835322 0.31988189,
  -4.1830709 13.871833 0.31988189,-4.2681524 13.929841 0.31988189,
  -4.3181729 13.976253 0.31988189,-4.3257625 13.981324 0.31988189,
  -4.3292278 13.98651 0.31988189,-4.3436382 13.999881 0.31988189,
  -4.4078417 14.08039 0.31988189,-4.4593291 14.169568 0.31988189,
  -4.4704123 14.197808 0.31988189,-4.4751139 14.204844 0.31988189,
  -4.4771076 14.214867 0.31988189,-4.4969496 14.265424 0.31988189,
  -4.5198638 14.365817 0.31988189,-4.5275591 14.468504 0.31988189,
  -4.5198638 14.571191 0.31988189,-4.4969496 14.671583 0.31988189,
  -4.4771076 14.722141 0.31988189,-4.4751139 14.732164 0.31988189,
  -4.4704123 14.7392 0.31988189,-4.4593291 14.76744 0.31988189,
  -4.4078417 14.856618 0.31988189,-4.3436382 14.937127 0.31988189,
  -4.3292278 14.950498 0.31988189,-4.3257625 14.955684 0.31988189,
  -4.3181729 14.960755 0.31988189,-4.2681524 15.007167 0.31988189,
  -4.1830709 15.065175 0.31988189,-4.1072548 15.101686 0.31988189,
  -4.1022425 15.105035 0.31988189,-4.0989339 15.105693 0.31988189,
  -4.0902941 15.109854 0.31988189,-3.9918945 15.140206 0.31988189,
  -3.8900701 15.155554 0.31988189,-3.8482671 15.155554 0.31988189,
  -3.8385827 15.15748 0.31988189,-3.8288978 15.155554 0.31988189,
  -3.7870953 15.155554 0.31988189,-3.6852709 15.140206 0.31988189,
  -3.5868713 15.109854 0.31988189,-3.5782314 15.105693 0.31988189,
  -3.5749228 15.105035 0.31988189,-3.5699105 15.101686 0.31988189,
  -3.4940945 15.065175 0.31988189,-3.409013 15.007167 0.31988189,
  -3.3589923 14.960755 0.31988189,-3.3514028 14.955684 0.31988189,
  -3.3479373 14.950498 0.31988189,-3.3335272 14.937127 0.31988189,
  -3.2693236 14.856618 0.31988189,-3.2178362 14.76744 0.31988189,
  -3.2067532 14.7392 0.31988189,-3.2020515 14.732164 0.31988189,
  -3.2000578 14.722141 0.31988189,-3.1802157 14.671583 0.31988189,
  -3.1573016 14.571191 0.31988189,-3.1496063 14.468504 0.31988189,
  -3.1573016 14.365817 0.31988189,-3.1802157 14.265424 0.31988189,
  -3.2000578 14.214867 0.31988189,-3.2020515 14.204844 0.31988189,
  -3.2067532 14.197808 0.31988189,-3.2178362 14.169568 0.31988189,
  -3.2693236 14.08039 0.31988189,-3.3335272 13.999881 0.31988189,
  -3.3479373 13.98651 0.31988189,-3.3514028 13.981324 0.31988189,
  -3.3589923 13.976253 0.31988189,-3.409013 13.929841 0.31988189,
  -3.4940945 13.871833 0.31988189,-3.5699105 13.835322 0.31988189,
  -3.5749228 13.831973 0.31988189,-3.5782314 13.831315 0.31988189,
  -3.5868713 13.827154 0.31988189,-3.6852709 13.796802 0.31988189,
  -3.7870953 13.781454 0.31988189,-3.8288978 13.781454 0.31988189,
  -3.8385827 13.779528 0.31988189,-3.8482671 13.781454 0.31988189,
  -3.8582677 -12.38189 0.31988189,-3.8505724 -12.279203 0.31988189,
  -3.8276583 -12.17881 0.31988189,-3.8078163 -12.128253 0.31988189,
  -3.8058225 -12.11823 0.31988189,-3.801121 -12.111193 0.31988189,
  -3.7900378 -12.082954 0.31988189,-3.7385504 -11.993776 0.31988189,
  -3.6743469 -11.913267 0.31988189,-3.6599364 -11.899896 0.31988189,
  -3.6564712 -11.89471 0.31988189,-3.6488816 -11.889639 0.31988189,
  -3.598861 -11.843226 0.31988189,-3.5137795 -11.785219 0.31988189,
  -3.4379635 -11.748707 0.31988189,-3.4329512 -11.745359 0.31988189,
  -3.4296425 -11.7447 0.31988189,-3.4210028 -11.74054 0.31988189,
  -3.3226031 -11.710187 0.31988189,-3.2207787 -11.69484 0.31988189,
  -3.1789757 -11.69484 0.31988189,-3.1692913 -11.692913 0.31988189,
  -3.1596065 -11.69484 0.31988189,-3.1178039 -11.69484 0.31988189,
  -3.0159795 -11.710187 0.31988189,-2.9175799 -11.74054 0.31988189,
  -2.9089401 -11.744701 0.31988189,-2.9056315 -11.745359 0.31988189,
  -2.9006191 -11.748708 0.31988189,-2.8248031 -11.785219 0.31988189,
  -2.7397217 -11.843226 0.31988189,-2.689701 -11.889639 0.31988189,
  -2.6821115 -11.89471 0.31988189,-2.678646 -11.899896 0.31988189,
  -2.6642358 -11.913267 0.31988189,-2.6000323 -11.993776 0.31988189,
  -2.5485449 -12.082954 0.31988189,-2.5374619 -12.111193 0.31988189,
  -2.5327602 -12.11823 0.31988189,-2.5307665 -12.128253 0.31988189,
  -2.5109244 -12.17881 0.31988189,-2.4880102 -12.279203 0.31988189,
  -2.480315 -12.38189 0.31988189,-2.4880102 -12.484576 0.31988189,
  -2.5109244 -12.584969 0.31988189,-2.5307665 -12.635526 0.31988189,
  -2.5327602 -12.64555 0.31988189,-2.5374619 -12.652586 0.31988189,
  -2.5485449 -12.680826 0.31988189,-2.6000323 -12.770004 0.31988189,
  -2.6642358 -12.850513 0.31988189,-2.678646 -12.863884 0.31988189,
  -2.6821115 -12.86907 0.31988189,-2.689701 -12.874141 0.31988189,
  -2.7397217 -12.920553 0.31988189,-2.8248031 -12.978561 0.31988189,
  -2.9006191 -13.015073 0.31988189,-2.9056315 -13.018421 0.31988189,
  -2.9089401 -13.019079 0.31988189,-2.9175799 -13.02324 0.31988189,
  -3.0159795 -13.053592 0.31988189,-3.1178039 -13.06894 0.31988189,
  -3.1596065 -13.06894 0.31988189,-3.1692913 -13.070866 0.31988189,
  -3.1789757 -13.06894 0.31988189,-3.2207787 -13.06894 0.31988189,
  -3.3226031 -13.053592 0.31988189,-3.4210028 -13.02324 0.31988189,
  -3.4296425 -13.019079 0.31988189,-3.4329512 -13.018421 0.31988189,
  -3.4379635 -13.015071 0.31988189,-3.5137795 -12.978561 0.31988189,
  -3.598861 -12.920553 0.31988189,-3.6488816 -12.874141 0.31988189,
  -3.6564712 -12.86907 0.31988189,-3.6599364 -12.863884 0.31988189,
  -3.6743469 -12.850513 0.31988189,-3.7385504 -12.770004 0.31988189,
  -3.7900378 -12.680826 0.31988189,-3.801121 -12.652586 0.31988189,
  -3.8058225 -12.64555 0.31988189,-3.8078163 -12.635526 0.31988189,
  -3.8276583 -12.584969 0.31988189,-3.8505724 -12.484576 0.31988189,
  -5.1574803 14.468504 0.31988189,-5.1651756 14.365817 0.31988189,
  -5.1880898 14.265424 0.31988189,-5.2079318 14.214867 0.31988189,
  -5.2099255 14.204844 0.31988189,-5.2146272 14.197808 0.31988189,
  -5.2257102 14.169568 0.31988189,-5.2771976 14.08039 0.31988189,
  -5.3414012 13.999881 0.31988189,-5.3558114 13.98651 0.31988189,
  -5.3592768 13.981324 0.31988189,-5.3668663 13.976253 0.31988189,
  -5.416887 13.929841 0.31988189,-5.5019685 13.871833 0.31988189,
  -5.5777845 13.835322 0.31988189,-5.5827968 13.831973 0.31988189,
  -5.5861055 13.831315 0.31988189,-5.5947453 13.827154 0.31988189,
  -5.6931449 13.796802 0.31988189,-5.7949693 13.781454 0.31988189,
  -5.8367719 13.781454 0.31988189,-5.8464567 13.779528 0.31988189,
  -5.8561411 13.781454 0.31988189,-5.8979441 13.781454 0.31988189,
  -5.9997685 13.796802 0.31988189,-6.0981681 13.827154 0.31988189,
  -6.1068079 13.831315 0.31988189,-6.1101165 13.831973 0.31988189,
  -6.1151288 13.835322 0.31988189,-6.1909449 13.871833 0.31988189,
  -6.2760264 13.929841 0.31988189,-6.326047 13.976253 0.31988189,
  -6.3336366 13.981324 0.31988189,-6.3371018 13.98651 0.31988189,
  -6.3515122 13.999881 0.31988189,-6.4157157 14.08039 0.31988189,
  -6.4672031 14.169568 0.31988189,-6.4782863 14.197808 0.31988189,
  -6.4829879 14.204844 0.31988189,-6.4849816 14.214867 0.31988189,
  -6.5048236 14.265424 0.31988189,-6.5277378 14.365817 0.31988189,
  -6.5354331 14.468504 0.31988189,-6.5277378 14.571191 0.31988189,
  -6.5048236 14.671583 0.31988189,-6.4849816 14.722141 0.31988189,
  -6.4829879 14.732164 0.31988189,-6.4782863 14.7392 0.31988189,
  -6.4672031 14.76744 0.31988189,-6.4157157 14.856618 0.31988189,
  -6.3515122 14.937127 0.31988189,-6.3371018 14.950498 0.31988189,
  -6.3336366 14.955684 0.31988189,-6.326047 14.960755 0.31988189,
  -6.2760264 15.007167 0.31988189,-6.1909449 15.065175 0.31988189,
  -6.1151288 15.101686 0.31988189,-6.1101165 15.105035 0.31988189,
  -6.1068079 15.105693 0.31988189,-6.0981681 15.109854 0.31988189,
  -5.9997685 15.140206 0.31988189,-5.8979441 15.155554 0.31988189,
  -5.8561411 15.155554 0.31988189,-5.8464567 15.15748 0.31988189,
  -5.8367719 15.155554 0.31988189,-5.7949693 15.155554 0.31988189,
  -5.6931449 15.140206 0.31988189,-5.5947453 15.109854 0.31988189,
  -5.5861055 15.105693 0.31988189,-5.5827968 15.105035 0.31988189,
  -5.5777845 15.101686 0.31988189,-5.5019685 15.065175 0.31988189,
  -5.416887 15.007167 0.31988189,-5.3668663 14.960755 0.31988189,
  -5.3592768 14.955684 0.31988189,-5.3558114 14.950498 0.31988189,
  -5.3414012 14.937127 0.31988189,-5.2771976 14.856618 0.31988189,
  -5.2257102 14.76744 0.31988189,-5.2146272 14.7392 0.31988189,
  -5.2099255 14.732164 0.31988189,-5.2079318 14.722141 0.31988189,
  -5.1880898 14.671583 0.31988189,-5.1651756 14.571191 0.31988189,
  14.448819 7.7755906 0.31988189,14.456514 7.8782772 0.31988189,
  14.479428 7.9786701 0.31988189,14.49927 8.0292272 0.31988189,
  14.501264 8.0392504 0.31988189,14.505965 8.046287 0.31988189,
  14.517049 8.0745264 0.31988189,14.568536 8.1637047 0.31988189,
  14.63274 8.2442134 0.31988189,14.64715 8.2575841 0.31988189,
  14.650615 8.2627704 0.31988189,14.658205 8.2678415 0.31988189,
  14.708226 8.3142539 0.31988189,14.793307 8.3722614 0.31988189,
  14.869123 8.4087729 0.31988189,14.874135 8.4121217 0.31988189,
  14.877444 8.4127799 0.31988189,14.886084 8.4169406 0.31988189,
  14.984483 8.4472929 0.31988189,15.086308 8.4626406 0.31988189,
  15.128111 8.4626405 0.31988189,15.137795 8.4645669 0.31988189,
  15.147481 8.4626404 0.31988189,15.189283 8.4626406 0.31988189,
  15.291107 8.4472929 0.31988189,15.389507 8.4169406 0.31988189,
  15.398147 8.4127798 0.31988189,15.401455 8.4121217 0.31988189,
  15.406468 8.4087726 0.31988189,15.482283 8.3722614 0.31988189,
  15.567365 8.3142539 0.31988189,15.617386 8.2678416 0.31988189,
  15.624975 8.2627704 0.31988189,15.628441 8.2575841 0.31988189,
  15.642851 8.2442134 0.31988189,15.707054 8.1637047 0.31988189,
  15.758542 8.0745264 0.31988189,15.769625 8.046287 0.31988189,
  15.774326 8.0392504 0.31988189,15.77632 8.0292272 0.31988189,
  15.796162 7.9786701 0.31988189,15.819076 7.8782772 0.31988189,
  15.826772 7.7755906 0.31988189,15.819076 7.6729039 0.31988189,
  15.796162 7.572511 0.31988189,15.77632 7.5219539 0.31988189,
  15.774326 7.5119307 0.31988189,15.769625 7.5048943 0.31988189,
  15.758542 7.4766547 0.31988189,15.707054 7.3874764 0.31988189,
  15.642851 7.3069677 0.31988189,15.628441 7.2935968 0.31988189,
  15.624975 7.2884107 0.31988189,15.617386 7.2833396 0.31988189,
  15.567365 7.2369272 0.31988189,15.482283 7.1789197 0.31988189,
  15.406468 7.1424081 0.31988189,15.401455 7.1390594 0.31988189,
  15.398147 7.1384011 0.31988189,15.389507 7.1342406 0.31988189,
  15.291107 7.1038882 0.31988189,15.189283 7.0885406 0.31988189,
  15.147481 7.0885403 0.31988189,15.137795 7.0866142 0.31988189,
  15.128111 7.0885404 0.31988189,15.086308 7.0885406 0.31988189,
  14.984483 7.1038882 0.31988189,14.886084 7.1342406 0.31988189,
  14.877444 7.1384013 0.31988189,14.874135 7.1390594 0.31988189,
  14.869123 7.1424085 0.31988189,14.793307 7.1789197 0.31988189,
  14.708226 7.2369272 0.31988189,14.658205 7.2833395 0.31988189,
  14.650615 7.2884107 0.31988189,14.64715 7.2935968 0.31988189,
  14.63274 7.3069677 0.31988189,14.568536 7.3874764 0.31988189,
  14.517049 7.4766547 0.31988189,14.505965 7.5048943 0.31988189,
  14.501264 7.5119307 0.31988189,14.49927 7.5219539 0.31988189,
  14.479428 7.572511 0.31988189,14.456514 7.6729039 0.31988189,
  14.448819 5.8070866 0.31988189,14.456514 5.9097732 0.31988189,
  14.479428 6.0101661 0.31988189,14.49927 6.0607232 0.31988189,
  14.501264 6.0707465 0.31988189,14.505965 6.0777831 0.31988189,
  14.517049 6.1060224 0.31988189,14.568536 6.1952008 0.31988189,
  14.63274 6.2757094 0.31988189,14.64715 6.2890802 0.31988189,
  14.650615 6.2942665 0.31988189,14.658205 6.2993375 0.31988189,
  14.708226 6.34575 0.31988189,14.793307 6.4037575 0.31988189,
  14.869123 6.440269 0.31988189,14.874135 6.4436178 0.31988189,
  14.877444 6.444276 0.31988189,14.886084 6.4484366 0.31988189,
  14.984483 6.478789 0.31988189,15.086308 6.4941366 0.31988189,
  15.128111 6.4941365 0.31988189,15.137795 6.496063 0.31988189,
  15.147481 6.4941364 0.31988189,15.189283 6.4941366 0.31988189,
  15.291107 6.478789 0.31988189,15.389507 6.4484366 0.31988189,
  15.398147 6.4442758 0.31988189,15.401455 6.4436178 0.31988189,
  15.406468 6.4402686 0.31988189,15.482283 6.4037575 0.31988189,
  15.567365 6.34575 0.31988189,15.617386 6.2993376 0.31988189,
  15.624975 6.2942665 0.31988189,15.628441 6.2890801 0.31988189,
  15.642851 6.2757094 0.31988189,15.707054 6.1952008 0.31988189,
  15.758542 6.1060224 0.31988189,15.769625 6.077783 0.31988189,
  15.774326 6.0707465 0.31988189,15.77632 6.0607233 0.31988189,
  15.796162 6.0101661 0.31988189,15.819076 5.9097732 0.31988189,
  15.826772 5.8070866 0.31988189,15.819076 5.7044 0.31988189,
  15.796162 5.6040071 0.31988189,15.77632 5.55345 0.31988189,
  15.774326 5.5434268 0.31988189,15.769625 5.5363903 0.31988189,
  15.758542 5.5081508 0.31988189,15.707054 5.4189724 0.31988189,
  15.642851 5.3384638 0.31988189,15.628441 5.3250928 0.31988189,
  15.624975 5.3199067 0.31988189,15.617386 5.3148356 0.31988189,
  15.567365 5.2684232 0.31988189,15.482283 5.2104157 0.31988189,
  15.406468 5.1739041 0.31988189,15.401455 5.1705554 0.31988189,
  15.398147 5.1698972 0.31988189,15.389507 5.1657366 0.31988189,
  15.291107 5.1353843 0.31988189,15.189283 5.1200366 0.31988189,
  15.147481 5.1200364 0.31988189,15.137795 5.1181102 0.31988189,
  15.128111 5.1200365 0.31988189,15.086308 5.1200366 0.31988189,
  14.984483 5.1353843 0.31988189,14.886084 5.1657366 0.31988189,
  14.877444 5.1698974 0.31988189,14.874135 5.1705554 0.31988189,
  14.869123 5.1739046 0.31988189,14.793307 5.2104157 0.31988189,
  14.708226 5.2684232 0.31988189,14.658205 5.3148355 0.31988189,
  14.650615 5.3199067 0.31988189,14.64715 5.3250929 0.31988189,
  14.63274 5.3384638 0.31988189,14.568536 5.4189724 0.31988189,
  14.517049 5.5081508 0.31988189,14.505965 5.5363904 0.31988189,
  14.501264 5.5434268 0.31988189,14.49927 5.55345 0.31988189,
  14.479428 5.6040071 0.31988189,14.456514 5.7044 0.31988189,
  14.448819 3.1299213 0.31988189,14.456514 3.2326079 0.31988189,
  14.479428 3.3330008 0.31988189,14.49927 3.3835579 0.31988189,
  14.501264 3.3935811 0.31988189,14.505965 3.4006178 0.31988189,
  14.517049 3.4288571 0.31988189,14.568536 3.5180354 0.31988189,
  14.63274 3.5985441 0.31988189,14.64715 3.6119148 0.31988189,
  14.650615 3.6171011 0.31988189,14.658205 3.6221721 0.31988189,
  14.708226 3.6685846 0.31988189,14.793307 3.7265921 0.31988189,
  14.869123 3.7631037 0.31988189,14.874135 3.7664524 0.31988189,
  14.877444 3.7671107 0.31988189,14.886084 3.7712713 0.31988189,
  14.984483 3.8016236 0.31988189,15.086308 3.8169713 0.31988189,
  15.128111 3.8169711 0.31988189,15.137795 3.8188976 0.31988189,
  15.147481 3.816971 0.31988189,15.189283 3.8169713 0.31988189,
  15.291107 3.8016236 0.31988189,15.389507 3.7712713 0.31988189,
  15.398147 3.7671105 0.31988189,15.401455 3.7664524 0.31988189,
  15.406468 3.7631032 0.31988189,15.482283 3.7265921 0.31988189,
  15.567365 3.6685846 0.31988189,15.617386 3.6221723 0.31988189,
  15.624975 3.6171011 0.31988189,15.628441 3.6119148 0.31988189,
  15.642851 3.5985441 0.31988189,15.707054 3.5180354 0.31988189,
  15.758542 3.4288571 0.31988189,15.769625 3.4006177 0.31988189,
  15.774326 3.3935811 0.31988189,15.77632 3.3835579 0.31988189,
  15.796162 3.3330008 0.31988189,15.819076 3.2326079 0.31988189,
  15.826772 3.1299213 0.31988189,15.819076 3.0272346 0.31988189,
  15.796162 2.9268417 0.31988189,15.77632 2.8762847 0.31988189,
  15.774326 2.8662614 0.31988189,15.769625 2.859225 0.31988189,
  15.758542 2.8309854 0.31988189,15.707054 2.7418071 0.31988189,
  15.642851 2.6612984 0.31988189,15.628441 2.6479274 0.31988189,
  15.624975 2.6427414 0.31988189,15.617386 2.6376703 0.31988189,
  15.567365 2.5912579 0.31988189,15.482283 2.5332504 0.31988189,
  15.406468 2.4967387 0.31988189,15.401455 2.4933901 0.31988189,
  15.398147 2.4927318 0.31988189,15.389507 2.4885713 0.31988189,
  15.291107 2.4582189 0.31988189,15.189283 2.4428713 0.31988189,
  15.147481 2.4428709 0.31988189,15.137795 2.4409449 0.31988189,
  15.128111 2.4428711 0.31988189,15.086308 2.4428713 0.31988189,
  14.984483 2.4582189 0.31988189,14.886084 2.4885713 0.31988189,
  14.877444 2.492732 0.31988189,14.874135 2.4933901 0.31988189,
  14.869123 2.4967393 0.31988189,14.793307 2.5332504 0.31988189,
  14.708226 2.5912579 0.31988189,14.658205 2.6376701 0.31988189,
  14.650615 2.6427414 0.31988189,14.64715 2.6479275 0.31988189,
  14.63274 2.6612984 0.31988189,14.568536 2.7418071 0.31988189,
  14.517049 2.8309854 0.31988189,14.505965 2.8592251 0.31988189,
  14.501264 2.8662614 0.31988189,14.49927 2.8762846 0.31988189,
  14.479428 2.9268417 0.31988189,14.456514 3.0272346 0.31988189,
  14.448819 1.1220472 0.31988189,14.456514 1.2247339 0.31988189,
  14.479428 1.3251268 0.31988189,14.49927 1.3756839 0.31988189,
  14.501264 1.3857071 0.31988189,14.505965 1.3927438 0.31988189,
  14.517049 1.4209831 0.31988189,14.568536 1.5101614 0.31988189,
  14.63274 1.5906701 0.31988189,14.64715 1.6040408 0.31988189,
  14.650615 1.6092271 0.31988189,14.658205 1.6142981 0.31988189,
  14.708226 1.6607106 0.31988189,14.793307 1.7187181 0.31988189,
  14.869123 1.7552297 0.31988189,14.874135 1.7585784 0.31988189,
  14.877444 1.7592366 0.31988189,14.886084 1.7633972 0.31988189,
  14.984483 1.7937496 0.31988189,15.086308 1.8090972 0.31988189,
  15.128111 1.8090971 0.31988189,15.137795 1.8110236 0.31988189,
  15.147481 1.8090969 0.31988189,15.189283 1.8090972 0.31988189,
  15.291107 1.7937496 0.31988189,15.389507 1.7633972 0.31988189,
  15.398147 1.7592364 0.31988189,15.401455 1.7585784 0.31988189,
  15.406468 1.7552291 0.31988189,15.482283 1.7187181 0.31988189,
  15.567365 1.6607106 0.31988189,15.617386 1.6142983 0.31988189,
  15.624975 1.6092271 0.31988189,15.628441 1.6040407 0.31988189,
  15.642851 1.5906701 0.31988189,15.707054 1.5101614 0.31988189,
  15.758542 1.4209831 0.31988189,15.769625 1.3927437 0.31988189,
  15.774326 1.3857071 0.31988189,15.77632 1.3756839 0.31988189,
  15.796162 1.3251268 0.31988189,15.819076 1.2247339 0.31988189,
  15.826772 1.1220472 0.31988189,15.819076 1.0193606 0.31988189,
  15.796162 0.91896772 0.31988189,15.77632 0.86841066 0.31988189,
  15.774326 0.8583874 0.31988189,15.769625 0.85135101 0.31988189,
  15.758542 0.82311142 0.31988189,15.707054 0.73393307 0.31988189,
  15.642851 0.65342441 0.31988189,15.628441 0.64005341 0.31988189,
  15.624975 0.63486738 0.31988189,15.617386 0.62979626 0.31988189,
  15.567365 0.58338386 0.31988189,15.482283 0.52537638 0.31988189,
  15.406468 0.48886463 0.31988189,15.401455 0.48551607 0.31988189,
  15.398147 0.48485778 0.31988189,15.389507 0.48069724 0.31988189,
  15.291107 0.45034488 0.31988189,15.189283 0.43499724 0.31988189,
  15.147481 0.43499688 0.31988189,15.137795 0.43307087 0.31988189,
  15.128111 0.43499706 0.31988189,15.086308 0.43499724 0.31988189,
  14.984483 0.45034488 0.31988189,14.886084 0.48069724 0.31988189,
  14.877444 0.48485801 0.31988189,14.874135 0.48551607 0.31988189,
  14.869123 0.4888653 0.31988189,14.793307 0.52537638 0.31988189,
  14.708226 0.58338386 0.31988189,14.658205 0.62979608 0.31988189,
  14.650615 0.63486738 0.31988189,14.64715 0.6400535 0.31988189,
  14.63274 0.65342441 0.31988189,14.568536 0.73393307 0.31988189,
  14.517049 0.82311142 0.31988189,14.505965 0.85135107 0.31988189,
  14.501264 0.8583874 0.31988189,14.49927 0.86841062 0.31988189,
  14.479428 0.91896772 0.31988189,14.456514 1.0193606 0.31988189,
  14.448819 -0.84645669 0.31988189,14.456514 -0.74377008 0.31988189,
  14.479428 -0.64337717 0.31988189,14.49927 -0.59282007 0.31988189,
  14.501264 -0.58279685 0.31988189,14.505965 -0.57576015 0.31988189,
  14.517049 -0.54752087 0.31988189,14.568536 -0.45834252 0.31988189,
  14.63274 -0.37783386 0.31988189,14.64715 -0.36446316 0.31988189,
  14.650615 -0.35927682 0.31988189,14.658205 -0.35420586 0.31988189,
  14.708226 -0.30779331 0.31988189,14.793307 -0.24978583 0.31988189,
  14.869123 -0.21327417 0.31988189,14.874135 -0.20992552 0.31988189,
  14.877444 -0.20926728 0.31988189,14.886084 -0.20510669 0.31988189,
  14.984483 -0.17475433 0.31988189,15.086308 -0.15940669 0.31988189,
  15.128111 -0.15940688 0.31988189,15.137795 -0.15748031 0.31988189,
  15.147481 -0.15940707 0.31988189,15.189283 -0.15940669 0.31988189,
  15.291107 -0.17475433 0.31988189,15.389507 -0.20510669 0.31988189,
  15.398147 -0.20926753 0.31988189,15.401455 -0.20992552 0.31988189,
  15.406468 -0.21327487 0.31988189,15.482283 -0.24978583 0.31988189,
  15.567365 -0.30779331 0.31988189,15.617386 -0.35420567 0.31988189,
  15.624975 -0.35927682 0.31988189,15.628441 -0.36446325 0.31988189,
  15.642851 -0.37783386 0.31988189,15.707054 -0.45834252 0.31988189,
  15.758542 -0.54752087 0.31988189,15.769625 -0.57576021 0.31988189,
  15.774326 -0.58279685 0.31988189,15.77632 -0.59282002 0.31988189,
  15.796162 -0.64337717 0.31988189,15.819076 -0.74377008 0.31988189,
  15.826772 -0.84645669 0.31988189,15.819076 -0.94914331 0.31988189,
  15.796162 -1.0495362 0.31988189,15.77632 -1.1000933 0.31988189,
  15.774326 -1.1101165 0.31988189,15.769625 -1.1171529 0.31988189,
  15.758542 -1.1453925 0.31988189,15.707054 -1.2345709 0.31988189,
  15.642851 -1.3150795 0.31988189,15.628441 -1.3284505 0.31988189,
  15.624975 -1.3336366 0.31988189,15.617386 -1.3387077 0.31988189,
  15.567365 -1.3851201 0.31988189,15.482283 -1.4431276 0.31988189,
  15.406468 -1.4796394 0.31988189,15.401455 -1.4829879 0.31988189,
  15.398147 -1.4836462 0.31988189,15.389507 -1.4878067 0.31988189,
  15.291107 -1.5181591 0.31988189,15.189283 -1.5335067 0.31988189,
  15.147481 -1.5335071 0.31988189,15.137795 -1.5354331 0.31988189,
  15.128111 -1.5335069 0.31988189,15.086308 -1.5335067 0.31988189,
  14.984483 -1.5181591 0.31988189,14.886084 -1.4878067 0.31988189,
  14.877444 -1.4836459 0.31988189,14.874135 -1.4829879 0.31988189,
  14.869123 -1.4796386 0.31988189,14.793307 -1.4431276 0.31988189,
  14.708226 -1.3851201 0.31988189,14.658205 -1.3387079 0.31988189,
  14.650615 -1.3336366 0.31988189,14.64715 -1.3284505 0.31988189,
  14.63274 -1.3150795 0.31988189,14.568536 -1.2345709 0.31988189,
  14.517049 -1.1453925 0.31988189,14.505965 -1.1171528 0.31988189,
  14.501264 -1.1101165 0.31988189,14.49927 -1.1000933 0.31988189,
  14.479428 -1.0495362 0.31988189,14.456514 -0.94914331 0.31988189,
  14.448819 -2.8937008 0.31988189,14.456514 -2.7910142 0.31988189,
  14.479428 -2.6906213 0.31988189,14.49927 -2.6400642 0.31988189,
  14.501264 -2.6300409 0.31988189,14.505965 -2.6230042 0.31988189,
  14.517049 -2.594765 0.31988189,14.568536 -2.5055866 0.31988189,
  14.63274 -2.425078 0.31988189,14.64715 -2.4117073 0.31988189,
  14.650615 -2.4065209 0.31988189,14.658205 -2.40145 0.31988189,
  14.708226 -2.3550374 0.31988189,14.793307 -2.2970299 0.31988189,
  14.869123 -2.2605182 0.31988189,14.874135 -2.2571696 0.31988189,
  14.877444 -2.2565114 0.31988189,14.886084 -2.2523508 0.31988189,
  14.984483 -2.2219984 0.31988189,15.086308 -2.2066508 0.31988189,
  15.128111 -2.206651 0.31988189,15.137795 -2.2047244 0.31988189,
  15.147481 -2.2066512 0.31988189,15.189283 -2.2066508 0.31988189,
  15.291107 -2.2219984 0.31988189,15.389507 -2.2523508 0.31988189,
  15.398147 -2.2565116 0.31988189,15.401455 -2.2571696 0.31988189,
  15.406468 -2.260519 0.31988189,15.482283 -2.2970299 0.31988189,
  15.567365 -2.3550374 0.31988189,15.617386 -2.4014498 0.31988189,
  15.624975 -2.4065209 0.31988189,15.628441 -2.4117074 0.31988189,
  15.642851 -2.425078 0.31988189,15.707054 -2.5055866 0.31988189,
  15.758542 -2.594765 0.31988189,15.769625 -2.6230043 0.31988189,
  15.774326 -2.6300409 0.31988189,15.77632 -2.6400641 0.31988189,
  15.796162 -2.6906213 0.31988189,15.819076 -2.7910142 0.31988189,
  15.826772 -2.8937008 0.31988189,15.819076 -2.9963874 0.31988189,
  15.796162 -3.0967803 0.31988189,15.77632 -3.1473374 0.31988189,
  15.774326 -3.1573606 0.31988189,15.769625 -3.164397 0.31988189,
  15.758542 -3.1926366 0.31988189,15.707054 -3.281815 0.31988189,
  15.642851 -3.3623236 0.31988189,15.628441 -3.3756947 0.31988189,
  15.624975 -3.3808807 0.31988189,15.617386 -3.3859518 0.31988189,
  15.567365 -3.4323642 0.31988189,15.482283 -3.4903717 0.31988189,
  15.406468 -3.5268835 0.31988189,15.401455 -3.530232 0.31988189,
  15.398147 -3.5308903 0.31988189,15.389507 -3.5350508 0.31988189,
  15.291107 -3.5654031 0.31988189,15.189283 -3.5807508 0.31988189,
  15.147481 -3.5807512 0.31988189,15.137795 -3.5826772 0.31988189,
  15.128111 -3.580751 0.31988189,15.086308 -3.5807508 0.31988189,
  14.984483 -3.5654031 0.31988189,14.886084 -3.5350508 0.31988189,
  14.877444 -3.53089 0.31988189,14.874135 -3.530232 0.31988189,
  14.869123 -3.5268827 0.31988189,14.793307 -3.4903717 0.31988189,
  14.708226 -3.4323642 0.31988189,14.658205 -3.385952 0.31988189,
  14.650615 -3.3808807 0.31988189,14.64715 -3.3756946 0.31988189,
  14.63274 -3.3623236 0.31988189,14.568536 -3.281815 0.31988189,
  14.517049 -3.1926366 0.31988189,14.505965 -3.1643969 0.31988189,
  14.501264 -3.1573606 0.31988189,14.49927 -3.1473374 0.31988189,
  14.479428 -3.0967803 0.31988189,14.456514 -2.9963874 0.31988189,
  14.448819 -7.3031496 0.31988189,14.456514 -7.200463 0.31988189,
  14.479428 -7.1000701 0.31988189,14.49927 -7.049513 0.31988189,
  14.501264 -7.0394898 0.31988189,14.505965 -7.032453 0.31988189,
  14.517049 -7.0042138 0.31988189,14.568536 -6.9150354 0.31988189,
  14.63274 -6.8345268 0.31988189,14.64715 -6.8211561 0.31988189,
  14.650615 -6.8159697 0.31988189,14.658205 -6.8108988 0.31988189,
  14.708226 -6.7644862 0.31988189,14.793307 -6.7064787 0.31988189,
  14.869123 -6.669967 0.31988189,14.874135 -6.6666184 0.31988189,
  14.877444 -6.6659602 0.31988189,14.886084 -6.6617996 0.31988189,
  14.984483 -6.6314472 0.31988189,15.086308 -6.6160996 0.31988189,
  15.128111 -6.6160999 0.31988189,15.137795 -6.6141732 0.31988189,
  15.147481 -6.6161001 0.31988189,15.189283 -6.6160996 0.31988189,
  15.291107 -6.6314472 0.31988189,15.389507 -6.6617996 0.31988189,
  15.398147 -6.6659605 0.31988189,15.401455 -6.6666184 0.31988189,
  15.406468 -6.6699679 0.31988189,15.482283 -6.7064787 0.31988189,
  15.567365 -6.7644862 0.31988189,15.617386 -6.8108986 0.31988189,
  15.624975 -6.8159697 0.31988189,15.628441 -6.8211562 0.31988189,
  15.642851 -6.8345268 0.31988189,15.707054 -6.9150354 0.31988189,
  15.758542 -7.0042138 0.31988189,15.769625 -7.0324531 0.31988189,
  15.774326 -7.0394898 0.31988189,15.77632 -7.0495129 0.31988189,
  15.796162 -7.1000701 0.31988189,15.819076 -7.200463 0.31988189,
  15.826772 -7.3031496 0.31988189,15.819076 -7.4058362 0.31988189,
  15.796162 -7.5062291 0.31988189,15.77632 -7.5567862 0.31988189,
  15.774326 -7.5668095 0.31988189,15.769625 -7.5738458 0.31988189,
  15.758542 -7.6020854 0.31988189,15.707054 -7.6912638 0.31988189,
  15.642851 -7.7717724 0.31988189,15.628441 -7.7851435 0.31988189,
  15.624975 -7.7903295 0.31988189,15.617386 -7.7954006 0.31988189,
  15.567365 -7.841813 0.31988189,15.482283 -7.8998205 0.31988189,
  15.406468 -7.9363324 0.31988189,15.401455 -7.9396808 0.31988189,
  15.398147 -7.9403391 0.31988189,15.389507 -7.9444996 0.31988189,
  15.291107 -7.974852 0.31988189,15.189283 -7.9901996 0.31988189,
  15.147481 -7.9902002 0.31988189,15.137795 -7.992126 0.31988189,
  15.128111 -7.9901999 0.31988189,15.086308 -7.9901996 0.31988189,
  14.984483 -7.974852 0.31988189,14.886084 -7.9444996 0.31988189,
  14.877444 -7.9403388 0.31988189,14.874135 -7.9396808 0.31988189,
  14.869123 -7.9363314 0.31988189,14.793307 -7.8998205 0.31988189,
  14.708226 -7.841813 0.31988189,14.658205 -7.7954009 0.31988189,
  14.650615 -7.7903295 0.31988189,14.64715 -7.7851434 0.31988189,
  14.63274 -7.7717724 0.31988189,14.568536 -7.6912638 0.31988189,
  14.517049 -7.6020854 0.31988189,14.505965 -7.5738457 0.31988189,
  14.501264 -7.5668095 0.31988189,14.49927 -7.5567862 0.31988189,
  14.479428 -7.5062291 0.31988189,14.456514 -7.4058362 0.31988189,
  13.070866 12.027559 0.31988189,13.063171 11.924872 0.31988189,
  13.040257 11.82448 0.31988189,13.020415 11.773922 0.31988189,
  13.018421 11.763899 0.31988189,13.013719 11.756863 0.31988189,
  13.002636 11.728623 0.31988189,12.951149 11.639445 0.31988189,
  12.886945 11.558936 0.31988189,12.872535 11.545565 0.31988189,
  12.86907 11.540379 0.31988189,12.86148 11.535308 0.31988189,
  12.811459 11.488896 0.31988189,12.726378 11.430888 0.31988189,
  12.650562 11.394377 0.31988189,12.64555 11.391028 0.31988189,
  12.642241 11.39037 0.31988189,12.633601 11.386209 0.31988189,
  12.535202 11.355857 0.31988189,12.433377 11.340509 0.31988189,
  12.391575 11.340509 0.31988189,12.38189 11.338583 0.31988189,
  12.372206 11.340509 0.31988189,12.330402 11.340509 0.31988189,
  12.228578 11.355857 0.31988189,12.130178 11.386209 0.31988189,
  12.121538 11.39037 0.31988189,12.11823 11.391028 0.31988189,
  12.113217 11.394377 0.31988189,12.037402 11.430888 0.31988189,
  11.95232 11.488896 0.31988189,11.9023 11.535308 0.31988189,
  11.89471 11.540379 0.31988189,11.891245 11.545565 0.31988189,
  11.876834 11.558936 0.31988189,11.812631 11.639445 0.31988189,
  11.761143 11.728623 0.31988189,11.75006 11.756863 0.31988189,
  11.745359 11.763899 0.31988189,11.743365 11.773922 0.31988189,
  11.723523 11.82448 0.31988189,11.700609 11.924872 0.31988189,
  11.692913 12.027559 0.31988189,11.700609 12.130246 0.31988189,
  11.723523 12.230639 0.31988189,11.743365 12.281196 0.31988189,
  11.745359 12.291219 0.31988189,11.75006 12.298255 0.31988189,
  11.761143 12.326495 0.31988189,11.812631 12.415673 0.31988189,
  11.876834 12.496182 0.31988189,11.891245 12.509553 0.31988189,
  11.89471 12.514739 0.31988189,11.9023 12.51981 0.31988189,
  11.95232 12.566222 0.31988189,12.037402 12.62423 0.31988189,
  12.113217 12.660741 0.31988189,12.11823 12.66409 0.31988189,
  12.121538 12.664748 0.31988189,12.130178 12.668909 0.31988189,
  12.228578 12.699261 0.31988189,12.330402 12.714609 0.31988189,
  12.372206 12.714609 0.31988189,12.38189 12.716535 0.31988189,
  12.391575 12.714609 0.31988189,12.433377 12.714609 0.31988189,
  12.535202 12.699261 0.31988189,12.633601 12.668909 0.31988189,
  12.642241 12.664748 0.31988189,12.64555 12.66409 0.31988189,
  12.650562 12.660741 0.31988189,12.726378 12.62423 0.31988189,
  12.811459 12.566222 0.31988189,12.86148 12.51981 0.31988189,
  12.86907 12.514739 0.31988189,12.872535 12.509553 0.31988189,
  12.886945 12.496182 0.31988189,12.951149 12.415673 0.31988189,
  13.002636 12.326495 0.31988189,13.013719 12.298255 0.31988189,
  13.018421 12.291219 0.31988189,13.020415 12.281196 0.31988189,
  13.040257 12.230639 0.31988189,13.063171 12.130246 0.31988189,
  14.448819 -9.2716535 0.31988189,14.456514 -9.1689669 0.31988189,
  14.479428 -9.068574 0.31988189,14.49927 -9.0180169 0.31988189,
  14.501264 -9.0079937 0.31988189,14.505965 -9.0009569 0.31988189,
  14.517049 -8.9727177 0.31988189,14.568536 -8.8835394 0.31988189,
  14.63274 -8.8030307 0.31988189,14.64715 -8.7896601 0.31988189,
  14.650615 -8.7844737 0.31988189,14.658205 -8.7794028 0.31988189,
  14.708226 -8.7329902 0.31988189,14.793307 -8.6749827 0.31988189,
  14.869123 -8.6384709 0.31988189,14.874135 -8.6351224 0.31988189,
  14.877444 -8.6344641 0.31988189,14.886084 -8.6303035 0.31988189,
  14.984483 -8.5999512 0.31988189,15.086308 -8.5846035 0.31988189,
  15.128111 -8.5846038 0.31988189,15.137795 -8.5826772 0.31988189,
  15.147481 -8.5846041 0.31988189,15.189283 -8.5846035 0.31988189,
  15.291107 -8.5999512 0.31988189,15.389507 -8.6303035 0.31988189,
  15.398147 -8.6344645 0.31988189,15.401455 -8.6351224 0.31988189,
  15.406468 -8.6384719 0.31988189,15.482283 -8.6749827 0.31988189,
  15.567365 -8.7329902 0.31988189,15.617386 -8.7794025 0.31988189,
  15.624975 -8.7844737 0.31988189,15.628441 -8.7896602 0.31988189,
  15.642851 -8.8030307 0.31988189,15.707054 -8.8835394 0.31988189,
  15.758542 -8.9727177 0.31988189,15.769625 -9.000957 0.31988189,
  15.774326 -9.0079937 0.31988189,15.77632 -9.0180168 0.31988189,
  15.796162 -9.068574 0.31988189,15.819076 -9.1689669 0.31988189,
  15.826772 -9.2716535 0.31988189,15.819076 -9.3743402 0.31988189,
  15.796162 -9.4747331 0.31988189,15.77632 -9.5252901 0.31988189,
  15.774326 -9.5353134 0.31988189,15.769625 -9.5423497 0.31988189,
  15.758542 -9.5705894 0.31988189,15.707054 -9.6597677 0.31988189,
  15.642851 -9.7402764 0.31988189,15.628441 -9.7536475 0.31988189,
  15.624975 -9.7588334 0.31988189,15.617386 -9.7639045 0.31988189,
  15.567365 -9.8103169 0.31988189,15.482283 -9.8683244 0.31988189,
  15.406468 -9.9048364 0.31988189,15.401455 -9.9081847 0.31988189,
  15.398147 -9.9088431 0.31988189,15.389507 -9.9130035 0.31988189,
  15.291107 -9.9433559 0.31988189,15.189283 -9.9587035 0.31988189,
  15.147481 -9.9587041 0.31988189,15.137795 -9.9606299 0.31988189,
  15.128111 -9.9587038 0.31988189,15.086308 -9.9587035 0.31988189,
  14.984483 -9.9433559 0.31988189,14.886084 -9.9130035 0.31988189,
  14.877444 -9.9088427 0.31988189,14.874135 -9.9081847 0.31988189,
  14.869123 -9.9048353 0.31988189,14.793307 -9.8683244 0.31988189,
  14.708226 -9.8103169 0.31988189,14.658205 -9.7639048 0.31988189,
  14.650615 -9.7588334 0.31988189,14.64715 -9.7536474 0.31988189,
  14.63274 -9.7402764 0.31988189,14.568536 -9.6597677 0.31988189,
  14.517049 -9.5705894 0.31988189,14.505965 -9.5423496 0.31988189,
  14.501264 -9.5353134 0.31988189,14.49927 -9.5252902 0.31988189,
  14.479428 -9.4747331 0.31988189,14.456514 -9.3743402 0.31988189,
  16.043307 -15.4 0.31988189,16.035612 -15.502687 0.31988189,
  16.012698 -15.60308 0.31988189,15.992856 -15.653637 0.31988189,
  15.990862 -15.66366 0.31988189,15.98616 -15.670696 0.31988189,
  15.975077 -15.698936 0.31988189,15.92359 -15.788114 0.31988189,
  15.859386 -15.868623 0.31988189,15.844976 -15.881994 0.31988189,
  15.841511 -15.88718 0.31988189,15.833921 -15.892251 0.31988189,
  15.7839 -15.938663 0.31988189,15.698819 -15.996671 0.31988189,
  15.623003 -16.033183 0.31988189,15.617991 -16.036531 0.31988189,
  15.614682 -16.03719 0.31988189,15.606042 -16.04135 0.31988189,
  15.507643 -16.071702 0.31988189,15.405818 -16.08705 0.31988189,
  15.364016 -16.087051 0.31988189,15.354331 -16.088976 0.31988189,
  15.344647 -16.08705 0.31988189,15.302843 -16.08705 0.31988189,
  15.201019 -16.071702 0.31988189,15.102619 -16.04135 0.31988189,
  15.093979 -16.037189 0.31988189,15.090671 -16.036531 0.31988189,
  15.085658 -16.033182 0.31988189,15.009843 -15.996671 0.31988189,
  14.924761 -15.938663 0.31988189,14.874741 -15.892251 0.31988189,
  14.867151 -15.88718 0.31988189,14.863686 -15.881994 0.31988189,
  14.849275 -15.868623 0.31988189,14.785072 -15.788114 0.31988189,
  14.733584 -15.698936 0.31988189,14.722501 -15.670696 0.31988189,
  14.7178 -15.66366 0.31988189,14.715806 -15.653637 0.31988189,
  14.695964 -15.60308 0.31988189,14.67305 -15.502687 0.31988189,
  14.665354 -15.4 0.31988189,14.67305 -15.297313 0.31988189,
  14.695964 -15.19692 0.31988189,14.715806 -15.146363 0.31988189,
  14.7178 -15.13634 0.31988189,14.722501 -15.129303 0.31988189,
  14.733584 -15.101064 0.31988189,14.785072 -15.011886 0.31988189,
  14.849275 -14.931377 0.31988189,14.863686 -14.918007 0.31988189,
  14.867151 -14.91282 0.31988189,14.874741 -14.907749 0.31988189,
  14.924761 -14.861337 0.31988189,15.009843 -14.803329 0.31988189,
  15.085658 -14.766817 0.31988189,15.090671 -14.763469 0.31988189,
  15.093979 -14.762811 0.31988189,15.102619 -14.75865 0.31988189,
  15.201019 -14.728298 0.31988189,15.302843 -14.71295 0.31988189,
  15.344647 -14.71295 0.31988189,15.354331 -14.711024 0.31988189,
  15.364016 -14.712951 0.31988189,15.405818 -14.71295 0.31988189,
  15.507643 -14.728298 0.31988189,15.606042 -14.75865 0.31988189,
  15.614682 -14.762811 0.31988189,15.617991 -14.763469 0.31988189,
  15.623003 -14.766819 0.31988189,15.698819 -14.803329 0.31988189,
  15.7839 -14.861337 0.31988189,15.833921 -14.907749 0.31988189,
  15.841511 -14.91282 0.31988189,15.844976 -14.918007 0.31988189,
  15.859386 -14.931377 0.31988189,15.92359 -15.011886 0.31988189,
  15.975077 -15.101064 0.31988189,15.98616 -15.129303 0.31988189,
  15.990862 -15.13634 0.31988189,15.992856 -15.146363 0.31988189,
  16.012698 -15.19692 0.31988189,16.035612 -15.297313 0.31988189,
  -0.31496063 12.027559 0.31988189,-0.30726535 12.130246 0.31988189,
  -0.28435118 12.230639 0.31988189,-0.26450917 12.281196 0.31988189,
  -0.26251543 12.291219 0.31988189,-0.25781397 12.298255 0.31988189,
  -0.24673071 12.326495 0.31988189,-0.19524331 12.415673 0.31988189,
  -0.13103976 12.496182 0.31988189,-0.11662934 12.509553 0.31988189,
  -0.11316412 12.514739 0.31988189,-0.10557447 12.51981 0.31988189,
  -0.055553937 12.566222 0.31988189,0.029527559 12.62423 0.31988189,
  0.10534355 12.660741 0.31988189,0.1103559 12.66409 0.31988189,
  0.11366454 12.664748 0.31988189,0.12230433 12.668909 0.31988189,
  0.22070394 12.699261 0.31988189,0.32252835 12.714609 0.31988189,
  0.36433138 12.714609 0.31988189,0.37401575 12.716535 0.31988189,
  0.38370069 12.714609 0.31988189,0.42550315 12.714609 0.31988189,
  0.52732756 12.699261 0.31988189,0.62572717 12.668909 0.31988189,
  0.63436702 12.664748 0.31988189,0.63767559 12.66409 0.31988189,
  0.64268806 12.660741 0.31988189,0.71850394 12.62423 0.31988189,
  0.80358543 12.566222 0.31988189,0.8536061 12.51981 0.31988189,
  0.86119562 12.514739 0.31988189,0.86466115 12.509553 0.31988189,
  0.87907126 12.496182 0.31988189,0.9432748 12.415673 0.31988189,
  0.9947622 12.326495 0.31988189,1.0058451 12.298255 0.31988189,
  1.0105469 12.291219 0.31988189,1.0125406 12.281196 0.31988189,
  1.0323827 12.230639 0.31988189,1.0552969 12.130246 0.31988189,
  1.0629921 12.027559 0.31988189,1.0552969 11.924872 0.31988189,
  1.0323827 11.82448 0.31988189,1.0125406 11.773922 0.31988189,
  1.0105469 11.763899 0.31988189,1.0058451 11.756863 0.31988189,
  0.9947622 11.728623 0.31988189,0.9432748 11.639445 0.31988189,
  0.87907126 11.558936 0.31988189,0.86466115 11.545565 0.31988189,
  0.86119562 11.540379 0.31988189,0.8536061 11.535308 0.31988189,
  0.80358543 11.488896 0.31988189,0.71850394 11.430888 0.31988189,
  0.64268806 11.394377 0.31988189,0.63767559 11.391028 0.31988189,
  0.63436702 11.39037 0.31988189,0.62572717 11.386209 0.31988189,
  0.52732756 11.355857 0.31988189,0.42550315 11.340509 0.31988189,
  0.38370069 11.340509 0.31988189,0.37401575 11.338583 0.31988189,
  0.36433138 11.340509 0.31988189,0.32252835 11.340509 0.31988189,
  0.22070394 11.355857 0.31988189,0.12230433 11.386209 0.31988189,
  0.11366454 11.39037 0.31988189,0.1103559 11.391028 0.31988189,
  0.10534355 11.394377 0.31988189,0.029527559 11.430888 0.31988189,
  -0.055553937 11.488896 0.31988189,-0.10557447 11.535308 0.31988189,
  -0.11316412 11.540379 0.31988189,-0.11662934 11.545565 0.31988189,
  -0.13103976 11.558936 0.31988189,-0.19524331 11.639445 0.31988189,
  -0.24673071 11.728623 0.31988189,-0.25781397 11.756863 0.31988189,
  -0.26251543 11.763899 0.31988189,-0.26450917 11.773922 0.31988189,
  -0.28435118 11.82448 0.31988189,-0.30726535 11.924872 0.31988189,
  -0.31496063 -12.38189 0.31988189,-0.30726535 -12.279203 0.31988189,
  -0.28435118 -12.17881 0.31988189,-0.26450917 -12.128253 0.31988189,
  -0.26251543 -12.11823 0.31988189,-0.25781397 -12.111193 0.31988189,
  -0.24673071 -12.082954 0.31988189,-0.19524331 -11.993776 0.31988189,
  -0.13103976 -11.913267 0.31988189,-0.11662934 -11.899896 0.31988189,
  -0.11316412 -11.89471 0.31988189,-0.10557447 -11.889639 0.31988189,
  -0.055553937 -11.843226 0.31988189,0.029527559 -11.785219 0.31988189,
  0.10534355 -11.748707 0.31988189,0.1103559 -11.745359 0.31988189,
  0.11366454 -11.7447 0.31988189,0.12230433 -11.74054 0.31988189,
  0.22070394 -11.710187 0.31988189,0.32252835 -11.69484 0.31988189,
  0.36433138 -11.69484 0.31988189,0.37401575 -11.692913 0.31988189,
  0.38370069 -11.69484 0.31988189,0.42550315 -11.69484 0.31988189,
  0.52732756 -11.710187 0.31988189,0.62572717 -11.74054 0.31988189,
  0.63436702 -11.744701 0.31988189,0.63767559 -11.745359 0.31988189,
  0.64268806 -11.748708 0.31988189,0.71850394 -11.785219 0.31988189,
  0.80358543 -11.843226 0.31988189,0.8536061 -11.889639 0.31988189,
  0.86119562 -11.89471 0.31988189,0.86466115 -11.899896 0.31988189,
  0.87907126 -11.913267 0.31988189,0.9432748 -11.993776 0.31988189,
  0.9947622 -12.082954 0.31988189,1.0058451 -12.111193 0.31988189,
  1.0105469 -12.11823 0.31988189,1.0125406 -12.128253 0.31988189,
  1.0323827 -12.17881 0.31988189,1.0552969 -12.279203 0.31988189,
  1.0629921 -12.38189 0.31988189,1.0552969 -12.484576 0.31988189,
  1.0323827 -12.584969 0.31988189,1.0125406 -12.635526 0.31988189,
  1.0105469 -12.64555 0.31988189,1.0058451 -12.652586 0.31988189,
  0.9947622 -12.680826 0.31988189,0.9432748 -12.770004 0.31988189,
  0.87907126 -12.850513 0.31988189,0.86466115 -12.863884 0.31988189,
  0.86119562 -12.86907 0.31988189,0.8536061 -12.874141 0.31988189,
  0.80358543 -12.920553 0.31988189,0.71850394 -12.978561 0.31988189,
  0.64268806 -13.015073 0.31988189,0.63767559 -13.018421 0.31988189,
  0.63436702 -13.019079 0.31988189,0.62572717 -13.02324 0.31988189,
  0.52732756 -13.053592 0.31988189,0.42550315 -13.06894 0.31988189,
  0.38370069 -13.06894 0.31988189,0.37401575 -13.070866 0.31988189,
  0.36433138 -13.06894 0.31988189,0.32252835 -13.06894 0.31988189,
  0.22070394 -13.053592 0.31988189,0.12230433 -13.02324 0.31988189,
  0.11366454 -13.019079 0.31988189,0.1103559 -13.018421 0.31988189,
  0.10534355 -13.015071 0.31988189,0.029527559 -12.978561 0.31988189,
  -0.055553937 -12.920553 0.31988189,-0.10557447 -12.874141 0.31988189,
  -0.11316412 -12.86907 0.31988189,-0.11662934 -12.863884 0.31988189,
  -0.13103976 -12.850513 0.31988189,-0.19524331 -12.770004 0.31988189,
  -0.24673071 -12.680826 0.31988189,-0.25781397 -12.652586 0.31988189,
  -0.26251543 -12.64555 0.31988189,-0.26450917 -12.635526 0.31988189,
  -0.28435118 -12.584969 0.31988189,-0.30726535 -12.484576 0.31988189,
  11.692913 -12.38189 0.31988189,11.700609 -12.279203 0.31988189,
  11.723523 -12.17881 0.31988189,11.743365 -12.128253 0.31988189,
  11.745359 -12.11823 0.31988189,11.75006 -12.111193 0.31988189,
  11.761143 -12.082954 0.31988189,11.812631 -11.993776 0.31988189,
  11.876834 -11.913267 0.31988189,11.891245 -11.899896 0.31988189,
  11.89471 -11.89471 0.31988189,11.9023 -11.889639 0.31988189,
  11.95232 -11.843226 0.31988189,12.037402 -11.785219 0.31988189,
  12.113217 -11.748707 0.31988189,12.11823 -11.745359 0.31988189,
  12.121538 -11.7447 0.31988189,12.130178 -11.74054 0.31988189,
  12.228578 -11.710187 0.31988189,12.330402 -11.69484 0.31988189,
  12.372206 -11.69484 0.31988189,12.38189 -11.692913 0.31988189,
  12.391575 -11.69484 0.31988189,12.433377 -11.69484 0.31988189,
  12.535202 -11.710187 0.31988189,12.633601 -11.74054 0.31988189,
  12.642241 -11.744701 0.31988189,12.64555 -11.745359 0.31988189,
  12.650562 -11.748708 0.31988189,12.726378 -11.785219 0.31988189,
  12.811459 -11.843226 0.31988189,12.86148 -11.889639 0.31988189,
  12.86907 -11.89471 0.31988189,12.872535 -11.899896 0.31988189,
  12.886945 -11.913267 0.31988189,12.951149 -11.993776 0.31988189,
  13.002636 -12.082954 0.31988189,13.013719 -12.111193 0.31988189,
  13.018421 -12.11823 0.31988189,13.020415 -12.128253 0.31988189,
  13.040257 -12.17881 0.31988189,13.063171 -12.279203 0.31988189,
  13.070866 -12.38189 0.31988189,13.063171 -12.484576 0.31988189,
  13.040257 -12.584969 0.31988189,13.020415 -12.635526 0.31988189,
  13.018421 -12.64555 0.31988189,13.013719 -12.652586 0.31988189,
  13.002636 -12.680826 0.31988189,12.951149 -12.770004 0.31988189,
  12.886945 -12.850513 0.31988189,12.872535 -12.863884 0.31988189,
  12.86907 -12.86907 0.31988189,12.86148 -12.874141 0.31988189,
  12.811459 -12.920553 0.31988189,12.726378 -12.978561 0.31988189,
  12.650562 -13.015073 0.31988189,12.64555 -13.018421 0.31988189,
  12.642241 -13.019079 0.31988189,12.633601 -13.02324 0.31988189,
  12.535202 -13.053592 0.31988189,12.433377 -13.06894 0.31988189,
  12.391575 -13.06894 0.31988189,12.38189 -13.070866 0.31988189,
  12.372206 -13.06894 0.31988189,12.330402 -13.06894 0.31988189,
  12.228578 -13.053592 0.31988189,12.130178 -13.02324 0.31988189,
  12.121538 -13.019079 0.31988189,12.11823 -13.018421 0.31988189,
  12.113217 -13.015071 0.31988189,12.037402 -12.978561 0.31988189,
  11.95232 -12.920553 0.31988189,11.9023 -12.874141 0.31988189,
  11.89471 -12.86907 0.31988189,11.891245 -12.863884 0.31988189,
  11.876834 -12.850513 0.31988189,11.812631 -12.770004 0.31988189,
  11.761143 -12.680826 0.31988189,11.75006 -12.652586 0.31988189,
  11.745359 -12.64555 0.31988189,11.743365 -12.635526 0.31988189,
  11.723523 -12.584969 0.31988189,11.700609 -12.484576 0.31988189] }
 coordIndex [
  46,47,121,-1,46,121,122,-1,46,122,733,-1,46,733,734,-1,46,734,736,-1,46,736,738,-1,46,738,739,-1,46,739,740,-1,
  46,740,742,-1,46,742,744,-1,46,744,745,-1,46,745,747,-1,46,747,749,-1,46,749,750,-1,46,750,751,-1,46,751,269,-1,
  46,269,45,-1,120,121,47,-1,120,47,48,-1,120,48,49,-1,120,49,50,-1,120,50,51,-1,120,51,119,-1,117,118,53,-1,
  53,118,119,-1,53,119,52,-1,52,119,51,-1,53,54,115,-1,53,115,116,-1,53,116,117,-1,54,55,115,-1,115,55,56,-1,
  115,56,114,-1,114,56,57,-1,114,57,58,-1,111,112,59,-1,59,112,113,-1,59,113,58,-1,58,113,114,-1,59,60,109,-1,
  59,109,110,-1,59,110,111,-1,109,60,61,-1,109,61,62,-1,109,62,63,-1,109,63,108,-1,64,65,105,-1,64,105,106,-1,
  64,106,107,-1,64,107,108,-1,64,108,63,-1,105,65,104,-1,104,65,66,-1,104,66,103,-1,103,66,67,-1,103,67,68,-1,
  100,101,70,-1,70,101,102,-1,70,102,69,-1,69,102,103,-1,69,103,68,-1,70,71,98,-1,70,98,99,-1,70,99,100,-1,
  98,71,72,-1,98,72,73,-1,98,73,74,-1,98,74,97,-1,75,76,95,-1,75,95,96,-1,75,96,97,-1,75,97,74,-1,
  76,77,92,-1,76,92,93,-1,76,93,94,-1,76,94,95,-1,92,77,78,-1,92,78,79,-1,92,79,80,-1,92,80,91,-1,
  88,89,81,-1,81,89,90,-1,81,90,80,-1,80,90,91,-1,0,84,83,-1,83,84,85,-1,83,85,82,-1,82,85,86,-1,
  82,86,81,-1,81,86,87,-1,81,87,88,-1,211,212,312,-1,211,312,168,-1,211,168,84,-1,211,84,4,-1,211,4,5,-1,
  211,5,6,-1,211,6,8,-1,211,8,10,-1,211,10,11,-1,211,11,210,-1,308,309,214,-1,214,309,310,-1,214,310,213,-1,
  213,310,311,-1,213,311,212,-1,212,311,312,-1,302,303,220,-1,220,303,304,-1,220,304,219,-1,219,304,305,-1,219,305,218,-1,
  218,305,306,-1,218,306,217,-1,217,306,307,-1,217,307,216,-1,216,307,308,-1,216,308,215,-1,215,308,214,-1,221,222,301,-1,
  221,301,302,-1,221,302,220,-1,253,270,169,-1,169,270,271,-1,169,271,252,-1,252,271,272,-1,252,272,251,-1,251,272,273,-1,
  251,273,250,-1,250,273,274,-1,250,274,249,-1,249,274,275,-1,249,275,248,-1,248,275,276,-1,248,276,247,-1,247,276,277,-1,
  247,277,246,-1,246,277,278,-1,246,278,245,-1,245,278,279,-1,245,279,244,-1,244,279,280,-1,244,280,243,-1,243,280,281,-1,
  243,281,242,-1,242,281,282,-1,242,282,241,-1,241,282,283,-1,241,283,240,-1,240,283,284,-1,240,284,239,-1,239,284,285,-1,
  239,285,238,-1,238,285,286,-1,238,286,237,-1,237,286,287,-1,237,287,236,-1,236,287,288,-1,236,288,235,-1,235,288,289,-1,
  235,289,234,-1,234,289,290,-1,234,290,233,-1,233,290,291,-1,233,291,232,-1,232,291,292,-1,232,292,231,-1,231,292,293,-1,
  231,293,230,-1,230,293,294,-1,230,294,229,-1,229,294,295,-1,229,295,228,-1,228,295,296,-1,228,296,227,-1,227,296,297,-1,
  227,297,226,-1,226,297,298,-1,226,298,225,-1,225,298,299,-1,225,299,224,-1,224,299,300,-1,224,300,223,-1,223,300,301,-1,
  223,301,222,-1,522,606,438,-1,438,606,607,-1,438,607,521,-1,521,607,608,-1,521,608,520,-1,520,608,609,-1,520,609,519,-1,
  519,609,610,-1,519,610,518,-1,518,610,611,-1,518,611,517,-1,517,611,612,-1,517,612,516,-1,516,612,613,-1,516,613,515,-1,
  515,613,614,-1,515,614,514,-1,514,614,615,-1,514,615,513,-1,513,615,616,-1,513,616,512,-1,512,616,617,-1,512,617,511,-1,
  511,617,618,-1,511,618,510,-1,510,618,619,-1,510,619,509,-1,509,619,620,-1,509,620,508,-1,508,620,621,-1,508,621,507,-1,
  507,621,622,-1,507,622,506,-1,506,622,623,-1,506,623,505,-1,505,623,624,-1,505,624,504,-1,504,624,625,-1,504,625,503,-1,
  503,625,626,-1,503,626,502,-1,502,626,627,-1,502,627,501,-1,501,627,628,-1,501,628,500,-1,500,628,629,-1,500,629,499,-1,
  499,629,630,-1,499,630,498,-1,498,630,631,-1,498,631,497,-1,497,631,632,-1,497,632,496,-1,496,632,633,-1,496,633,495,-1,
  495,633,634,-1,495,634,494,-1,494,634,635,-1,494,635,493,-1,493,635,636,-1,493,636,492,-1,492,636,637,-1,492,637,491,-1,
  491,637,638,-1,491,638,490,-1,490,638,639,-1,490,639,489,-1,489,639,640,-1,489,640,488,-1,488,640,641,-1,488,641,487,-1,
  487,641,642,-1,487,642,486,-1,486,642,643,-1,486,643,485,-1,485,643,644,-1,485,644,484,-1,484,644,645,-1,484,645,483,-1,
  483,645,646,-1,483,646,482,-1,482,646,647,-1,482,647,481,-1,481,647,648,-1,481,648,480,-1,480,648,1781,-1,480,1781,1698,-1,
  1863,1864,1862,-1,1862,1864,1656,-1,1862,1656,1740,-1,1740,1656,1657,-1,1740,1657,1739,-1,1739,1657,1658,-1,1739,1658,1738,-1,1738,1658,1659,-1,
  1738,1659,1737,-1,1737,1659,1660,-1,1737,1660,1736,-1,1736,1660,1661,-1,1736,1661,1735,-1,1735,1661,1662,-1,1735,1662,1734,-1,1734,1662,1663,-1,
  1734,1663,1733,-1,1733,1663,1664,-1,1733,1664,1732,-1,1732,1664,1665,-1,1732,1665,1731,-1,1731,1665,1666,-1,1731,1666,1730,-1,1730,1666,1667,-1,
  1730,1667,1729,-1,1729,1667,1668,-1,1729,1668,1728,-1,1728,1668,1669,-1,1728,1669,1727,-1,1727,1669,1670,-1,1727,1670,1726,-1,1726,1670,1671,-1,
  1726,1671,1725,-1,1725,1671,1672,-1,1725,1672,1724,-1,1724,1672,1673,-1,1724,1673,1723,-1,1723,1673,1674,-1,1723,1674,1722,-1,1722,1674,1675,-1,
  1722,1675,1721,-1,1721,1675,1676,-1,1721,1676,1720,-1,1720,1676,1677,-1,1720,1677,1719,-1,1719,1677,1678,-1,1719,1678,1718,-1,1718,1678,1679,-1,
  1718,1679,1717,-1,1717,1679,1680,-1,1717,1680,1716,-1,1716,1680,1681,-1,1716,1681,1715,-1,1715,1681,1682,-1,1715,1682,1714,-1,1714,1682,1683,-1,
  1714,1683,1713,-1,1713,1683,1684,-1,1713,1684,1712,-1,1712,1684,1685,-1,1712,1685,1711,-1,1711,1685,1686,-1,1711,1686,1710,-1,1710,1686,1687,-1,
  1710,1687,1709,-1,1709,1687,1688,-1,1709,1688,1708,-1,1708,1688,1689,-1,1708,1689,1707,-1,1707,1689,1690,-1,1707,1690,1706,-1,1706,1690,1691,-1,
  1706,1691,1705,-1,1705,1691,1692,-1,1705,1692,1704,-1,1704,1692,1693,-1,1704,1693,1703,-1,1703,1693,1694,-1,1703,1694,1702,-1,1702,1694,1695,-1,
  1702,1695,1701,-1,1701,1695,1696,-1,1701,1696,1700,-1,1700,1696,1697,-1,1700,1697,1699,-1,1699,1697,1614,-1,1699,1614,1698,-1,1698,1614,480,-1,
  1362,1363,1824,-1,1362,1824,1572,-1,1362,1572,1446,-1,1362,1446,774,-1,1362,774,396,-1,1362,396,397,-1,1362,397,398,-1,1362,398,400,-1,
  1362,400,402,-1,1362,402,1445,-1,1821,1822,1364,-1,1364,1822,1823,-1,1364,1823,1363,-1,1363,1823,1824,-1,1365,1366,1820,-1,1365,1820,1821,-1,
  1365,1821,1364,-1,1864,1865,1656,-1,1656,1865,1782,-1,1656,1782,1404,-1,1404,1782,1783,-1,1404,1783,1403,-1,1403,1783,1784,-1,1403,1784,1402,-1,
  1402,1784,1785,-1,1402,1785,1401,-1,1401,1785,1786,-1,1401,1786,1400,-1,1400,1786,1787,-1,1400,1787,1399,-1,1399,1787,1788,-1,1399,1788,1398,-1,
  1398,1788,1789,-1,1398,1789,1397,-1,1397,1789,1790,-1,1397,1790,1396,-1,1396,1790,1791,-1,1396,1791,1395,-1,1395,1791,1792,-1,1395,1792,1394,-1,
  1394,1792,1793,-1,1394,1793,1393,-1,1393,1793,1794,-1,1393,1794,1392,-1,1392,1794,1795,-1,1392,1795,1391,-1,1391,1795,1796,-1,1391,1796,1390,-1,
  1390,1796,1797,-1,1390,1797,1389,-1,1389,1797,1798,-1,1389,1798,1388,-1,1388,1798,1799,-1,1388,1799,1387,-1,1387,1799,1800,-1,1387,1800,1386,-1,
  1386,1800,1801,-1,1386,1801,1385,-1,1385,1801,1802,-1,1385,1802,1384,-1,1384,1802,1803,-1,1384,1803,1383,-1,1383,1803,1804,-1,1383,1804,1382,-1,
  1382,1804,1805,-1,1382,1805,1381,-1,1381,1805,1806,-1,1381,1806,1380,-1,1380,1806,1807,-1,1380,1807,1379,-1,1379,1807,1808,-1,1379,1808,1378,-1,
  1378,1808,1809,-1,1378,1809,1377,-1,1377,1809,1810,-1,1377,1810,1376,-1,1376,1810,1811,-1,1376,1811,1375,-1,1375,1811,1812,-1,1375,1812,1374,-1,
  1374,1812,1813,-1,1374,1813,1373,-1,1373,1813,1814,-1,1373,1814,1372,-1,1372,1814,1815,-1,1372,1815,1371,-1,1371,1815,1816,-1,1371,1816,1370,-1,
  1370,1816,1817,-1,1370,1817,1369,-1,1369,1817,1818,-1,1369,1818,1368,-1,1368,1818,1819,-1,1368,1819,1367,-1,1367,1819,1820,-1,1367,1820,1366,-1,
  581,582,269,-1,269,582,583,-1,269,583,461,-1,461,583,584,-1,461,584,460,-1,460,584,459,-1,458,459,584,-1,458,584,585,-1,
  458,585,586,-1,458,586,587,-1,458,587,588,-1,458,588,589,-1,458,589,457,-1,590,591,456,-1,590,456,457,-1,590,457,589,-1,
  456,591,592,-1,456,592,593,-1,456,593,594,-1,456,594,595,-1,456,595,455,-1,595,596,452,-1,595,452,453,-1,595,453,454,-1,
  595,454,455,-1,451,452,596,-1,451,596,597,-1,451,597,598,-1,451,598,599,-1,451,599,600,-1,451,600,450,-1,600,601,446,-1,
  600,446,447,-1,600,447,448,-1,600,448,449,-1,600,449,450,-1,443,444,602,-1,602,444,445,-1,602,445,601,-1,601,445,446,-1,
  602,603,440,-1,602,440,441,-1,602,441,442,-1,602,442,443,-1,438,439,605,-1,605,439,440,-1,605,440,604,-1,604,440,603,-1,
  1485,1486,1322,-1,1322,1486,1487,-1,1322,1487,1321,-1,1321,1487,1488,-1,1321,1488,1320,-1,1320,1488,1603,-1,1320,1603,1236,-1,1236,1603,1152,-1,
  1236,1152,1153,-1,1325,1483,1324,-1,1324,1483,1484,-1,1324,1484,1323,-1,1323,1484,1485,-1,1323,1485,1322,-1,774,1446,1278,-1,1278,1446,1447,-1,
  1278,1447,1361,-1,1361,1447,1448,-1,1361,1448,1360,-1,1360,1448,1449,-1,1360,1449,1359,-1,1359,1449,1450,-1,1359,1450,1358,-1,1358,1450,1451,-1,
  1358,1451,1357,-1,1357,1451,1452,-1,1357,1452,1356,-1,1356,1452,1453,-1,1356,1453,1355,-1,1355,1453,1454,-1,1355,1454,1354,-1,1354,1454,1455,-1,
  1354,1455,1353,-1,1353,1455,1456,-1,1353,1456,1352,-1,1352,1456,1457,-1,1352,1457,1351,-1,1351,1457,1458,-1,1351,1458,1350,-1,1350,1458,1459,-1,
  1350,1459,1349,-1,1349,1459,1460,-1,1349,1460,1348,-1,1348,1460,1461,-1,1348,1461,1347,-1,1347,1461,1462,-1,1347,1462,1346,-1,1346,1462,1463,-1,
  1346,1463,1345,-1,1345,1463,1464,-1,1345,1464,1344,-1,1344,1464,1465,-1,1344,1465,1343,-1,1343,1465,1466,-1,1343,1466,1342,-1,1342,1466,1467,-1,
  1342,1467,1341,-1,1341,1467,1468,-1,1341,1468,1340,-1,1340,1468,1469,-1,1340,1469,1339,-1,1339,1469,1470,-1,1339,1470,1338,-1,1338,1470,1471,-1,
  1338,1471,1337,-1,1337,1471,1472,-1,1337,1472,1336,-1,1336,1472,1473,-1,1336,1473,1335,-1,1335,1473,1474,-1,1335,1474,1334,-1,1334,1474,1475,-1,
  1334,1475,1333,-1,1333,1475,1476,-1,1333,1476,1332,-1,1332,1476,1477,-1,1332,1477,1331,-1,1331,1477,1478,-1,1331,1478,1330,-1,1330,1478,1479,-1,
  1330,1479,1329,-1,1329,1479,1480,-1,1329,1480,1328,-1,1328,1480,1481,-1,1328,1481,1327,-1,1327,1481,1482,-1,1327,1482,1326,-1,1326,1482,1483,-1,
  1326,1483,1325,-1,1317,1318,1238,-1,1238,1318,1319,-1,1238,1319,1237,-1,1237,1319,1320,-1,1237,1320,1236,-1,1241,1315,1240,-1,1240,1315,1316,-1,
  1240,1316,1239,-1,1239,1316,1317,-1,1239,1317,1238,-1,774,1278,1194,-1,1194,1278,1279,-1,1194,1279,1277,-1,1277,1279,1280,-1,1277,1280,1276,-1,
  1276,1280,1281,-1,1276,1281,1275,-1,1275,1281,1282,-1,1275,1282,1274,-1,1274,1282,1283,-1,1274,1283,1273,-1,1273,1283,1284,-1,1273,1284,1272,-1,
  1272,1284,1285,-1,1272,1285,1271,-1,1271,1285,1286,-1,1271,1286,1270,-1,1270,1286,1287,-1,1270,1287,1269,-1,1269,1287,1288,-1,1269,1288,1268,-1,
  1268,1288,1289,-1,1268,1289,1267,-1,1267,1289,1290,-1,1267,1290,1266,-1,1266,1290,1291,-1,1266,1291,1265,-1,1265,1291,1292,-1,1265,1292,1264,-1,
  1264,1292,1293,-1,1264,1293,1263,-1,1263,1293,1294,-1,1263,1294,1262,-1,1262,1294,1295,-1,1262,1295,1261,-1,1261,1295,1296,-1,1261,1296,1260,-1,
  1260,1296,1297,-1,1260,1297,1259,-1,1259,1297,1298,-1,1259,1298,1258,-1,1258,1298,1299,-1,1258,1299,1257,-1,1257,1299,1300,-1,1257,1300,1256,-1,
  1256,1300,1301,-1,1256,1301,1255,-1,1255,1301,1302,-1,1255,1302,1254,-1,1254,1302,1303,-1,1254,1303,1253,-1,1253,1303,1304,-1,1253,1304,1252,-1,
  1252,1304,1305,-1,1252,1305,1251,-1,1251,1305,1306,-1,1251,1306,1250,-1,1250,1306,1307,-1,1250,1307,1249,-1,1249,1307,1308,-1,1249,1308,1248,-1,
  1248,1308,1309,-1,1248,1309,1247,-1,1247,1309,1310,-1,1247,1310,1246,-1,1246,1310,1311,-1,1246,1311,1245,-1,1245,1311,1312,-1,1245,1312,1244,-1,
  1244,1312,1313,-1,1244,1313,1243,-1,1243,1313,1314,-1,1243,1314,1242,-1,1242,1314,1315,-1,1242,1315,1241,-1,1233,1234,1154,-1,1154,1234,1235,-1,
  1154,1235,1153,-1,1153,1235,1236,-1,1157,1231,1156,-1,1156,1231,1232,-1,1156,1232,1155,-1,1155,1232,1233,-1,1155,1233,1154,-1,774,1194,1110,-1,
  1110,1194,1195,-1,1110,1195,1193,-1,1193,1195,1196,-1,1193,1196,1192,-1,1192,1196,1197,-1,1192,1197,1191,-1,1191,1197,1198,-1,1191,1198,1190,-1,
  1190,1198,1199,-1,1190,1199,1189,-1,1189,1199,1200,-1,1189,1200,1188,-1,1188,1200,1201,-1,1188,1201,1187,-1,1187,1201,1202,-1,1187,1202,1186,-1,
  1186,1202,1203,-1,1186,1203,1185,-1,1185,1203,1204,-1,1185,1204,1184,-1,1184,1204,1205,-1,1184,1205,1183,-1,1183,1205,1206,-1,1183,1206,1182,-1,
  1182,1206,1207,-1,1182,1207,1181,-1,1181,1207,1208,-1,1181,1208,1180,-1,1180,1208,1209,-1,1180,1209,1179,-1,1179,1209,1210,-1,1179,1210,1178,-1,
  1178,1210,1211,-1,1178,1211,1177,-1,1177,1211,1212,-1,1177,1212,1176,-1,1176,1212,1213,-1,1176,1213,1175,-1,1175,1213,1214,-1,1175,1214,1174,-1,
  1174,1214,1215,-1,1174,1215,1173,-1,1173,1215,1216,-1,1173,1216,1172,-1,1172,1216,1217,-1,1172,1217,1171,-1,1171,1217,1218,-1,1171,1218,1170,-1,
  1170,1218,1219,-1,1170,1219,1169,-1,1169,1219,1220,-1,1169,1220,1168,-1,1168,1220,1221,-1,1168,1221,1167,-1,1167,1221,1222,-1,1167,1222,1166,-1,
  1166,1222,1223,-1,1166,1223,1165,-1,1165,1223,1224,-1,1165,1224,1164,-1,1164,1224,1225,-1,1164,1225,1163,-1,1163,1225,1226,-1,1163,1226,1162,-1,
  1162,1226,1227,-1,1162,1227,1161,-1,1161,1227,1228,-1,1161,1228,1160,-1,1160,1228,1229,-1,1160,1229,1159,-1,1159,1229,1230,-1,1159,1230,1158,-1,
  1158,1230,1231,-1,1158,1231,1157,-1,1149,1150,1070,-1,1070,1150,1151,-1,1070,1151,1069,-1,1069,1151,1152,-1,1069,1152,1068,-1,1068,1152,1603,-1,
  1068,1603,984,-1,984,1603,900,-1,984,900,901,-1,1073,1147,1072,-1,1072,1147,1148,-1,1072,1148,1071,-1,1071,1148,1149,-1,1071,1149,1070,-1,
  774,1110,1026,-1,1026,1110,1111,-1,1026,1111,1109,-1,1109,1111,1112,-1,1109,1112,1108,-1,1108,1112,1113,-1,1108,1113,1107,-1,1107,1113,1114,-1,
  1107,1114,1106,-1,1106,1114,1115,-1,1106,1115,1105,-1,1105,1115,1116,-1,1105,1116,1104,-1,1104,1116,1117,-1,1104,1117,1103,-1,1103,1117,1118,-1,
  1103,1118,1102,-1,1102,1118,1119,-1,1102,1119,1101,-1,1101,1119,1120,-1,1101,1120,1100,-1,1100,1120,1121,-1,1100,1121,1099,-1,1099,1121,1122,-1,
  1099,1122,1098,-1,1098,1122,1123,-1,1098,1123,1097,-1,1097,1123,1124,-1,1097,1124,1096,-1,1096,1124,1125,-1,1096,1125,1095,-1,1095,1125,1126,-1,
  1095,1126,1094,-1,1094,1126,1127,-1,1094,1127,1093,-1,1093,1127,1128,-1,1093,1128,1092,-1,1092,1128,1129,-1,1092,1129,1091,-1,1091,1129,1130,-1,
  1091,1130,1090,-1,1090,1130,1131,-1,1090,1131,1089,-1,1089,1131,1132,-1,1089,1132,1088,-1,1088,1132,1133,-1,1088,1133,1087,-1,1087,1133,1134,-1,
  1087,1134,1086,-1,1086,1134,1135,-1,1086,1135,1085,-1,1085,1135,1136,-1,1085,1136,1084,-1,1084,1136,1137,-1,1084,1137,1083,-1,1083,1137,1138,-1,
  1083,1138,1082,-1,1082,1138,1139,-1,1082,1139,1081,-1,1081,1139,1140,-1,1081,1140,1080,-1,1080,1140,1141,-1,1080,1141,1079,-1,1079,1141,1142,-1,
  1079,1142,1078,-1,1078,1142,1143,-1,1078,1143,1077,-1,1077,1143,1144,-1,1077,1144,1076,-1,1076,1144,1145,-1,1076,1145,1075,-1,1075,1145,1146,-1,
  1075,1146,1074,-1,1074,1146,1147,-1,1074,1147,1073,-1,1065,1066,986,-1,986,1066,1067,-1,986,1067,985,-1,985,1067,1068,-1,985,1068,984,-1,
  989,1063,988,-1,988,1063,1064,-1,988,1064,987,-1,987,1064,1065,-1,987,1065,986,-1,774,1026,942,-1,942,1026,1027,-1,942,1027,1025,-1,
  1025,1027,1028,-1,1025,1028,1024,-1,1024,1028,1029,-1,1024,1029,1023,-1,1023,1029,1030,-1,1023,1030,1022,-1,1022,1030,1031,-1,1022,1031,1021,-1,
  1021,1031,1032,-1,1021,1032,1020,-1,1020,1032,1033,-1,1020,1033,1019,-1,1019,1033,1034,-1,1019,1034,1018,-1,1018,1034,1035,-1,1018,1035,1017,-1,
  1017,1035,1036,-1,1017,1036,1016,-1,1016,1036,1037,-1,1016,1037,1015,-1,1015,1037,1038,-1,1015,1038,1014,-1,1014,1038,1039,-1,1014,1039,1013,-1,
  1013,1039,1040,-1,1013,1040,1012,-1,1012,1040,1041,-1,1012,1041,1011,-1,1011,1041,1042,-1,1011,1042,1010,-1,1010,1042,1043,-1,1010,1043,1009,-1,
  1009,1043,1044,-1,1009,1044,1008,-1,1008,1044,1045,-1,1008,1045,1007,-1,1007,1045,1046,-1,1007,1046,1006,-1,1006,1046,1047,-1,1006,1047,1005,-1,
  1005,1047,1048,-1,1005,1048,1004,-1,1004,1048,1049,-1,1004,1049,1003,-1,1003,1049,1050,-1,1003,1050,1002,-1,1002,1050,1051,-1,1002,1051,1001,-1,
  1001,1051,1052,-1,1001,1052,1000,-1,1000,1052,1053,-1,1000,1053,999,-1,999,1053,1054,-1,999,1054,998,-1,998,1054,1055,-1,998,1055,997,-1,
  997,1055,1056,-1,997,1056,996,-1,996,1056,1057,-1,996,1057,995,-1,995,1057,1058,-1,995,1058,994,-1,994,1058,1059,-1,994,1059,993,-1,
  993,1059,1060,-1,993,1060,992,-1,992,1060,1061,-1,992,1061,991,-1,991,1061,1062,-1,991,1062,990,-1,990,1062,1063,-1,990,1063,989,-1,
  981,982,902,-1,902,982,983,-1,902,983,901,-1,901,983,984,-1,905,979,904,-1,904,979,980,-1,904,980,903,-1,903,980,981,-1,
  903,981,902,-1,774,942,858,-1,858,942,943,-1,858,943,941,-1,941,943,944,-1,941,944,940,-1,940,944,945,-1,940,945,939,-1,
  939,945,946,-1,939,946,938,-1,938,946,947,-1,938,947,937,-1,937,947,948,-1,937,948,936,-1,936,948,949,-1,936,949,935,-1,
  935,949,950,-1,935,950,934,-1,934,950,951,-1,934,951,933,-1,933,951,952,-1,933,952,932,-1,932,952,953,-1,932,953,931,-1,
  931,953,954,-1,931,954,930,-1,930,954,955,-1,930,955,929,-1,929,955,956,-1,929,956,928,-1,928,956,957,-1,928,957,927,-1,
  927,957,958,-1,927,958,926,-1,926,958,959,-1,926,959,925,-1,925,959,960,-1,925,960,924,-1,924,960,961,-1,924,961,923,-1,
  923,961,962,-1,923,962,922,-1,922,962,963,-1,922,963,921,-1,921,963,964,-1,921,964,920,-1,920,964,965,-1,920,965,919,-1,
  919,965,966,-1,919,966,918,-1,918,966,967,-1,918,967,917,-1,917,967,968,-1,917,968,916,-1,916,968,969,-1,916,969,915,-1,
  915,969,970,-1,915,970,914,-1,914,970,971,-1,914,971,913,-1,913,971,972,-1,913,972,912,-1,912,972,973,-1,912,973,911,-1,
  911,973,974,-1,911,974,910,-1,910,974,975,-1,910,975,909,-1,909,975,976,-1,909,976,908,-1,908,976,977,-1,908,977,907,-1,
  907,977,978,-1,907,978,906,-1,906,978,979,-1,906,979,905,-1,365,366,1603,-1,1603,366,816,-1,1603,816,900,-1,900,816,817,-1,
  900,817,899,-1,899,817,818,-1,899,818,898,-1,898,818,897,-1,821,895,820,-1,820,895,896,-1,820,896,819,-1,819,896,897,-1,
  819,897,818,-1,774,859,857,-1,857,859,860,-1,857,860,856,-1,856,860,861,-1,856,861,855,-1,855,861,862,-1,855,862,854,-1,
  854,862,863,-1,854,863,853,-1,853,863,864,-1,853,864,852,-1,852,864,865,-1,852,865,851,-1,851,865,866,-1,851,866,850,-1,
  850,866,867,-1,850,867,849,-1,849,867,868,-1,849,868,848,-1,848,868,869,-1,848,869,847,-1,847,869,870,-1,847,870,846,-1,
  846,870,871,-1,846,871,845,-1,845,871,872,-1,845,872,844,-1,844,872,873,-1,844,873,843,-1,843,873,874,-1,843,874,842,-1,
  842,874,875,-1,842,875,841,-1,841,875,876,-1,841,876,840,-1,840,876,877,-1,840,877,839,-1,839,877,878,-1,839,878,838,-1,
  838,878,879,-1,838,879,837,-1,837,879,880,-1,837,880,836,-1,836,880,881,-1,836,881,835,-1,835,881,882,-1,835,882,834,-1,
  834,882,883,-1,834,883,833,-1,833,883,884,-1,833,884,832,-1,832,884,885,-1,832,885,831,-1,831,885,886,-1,831,886,830,-1,
  830,886,887,-1,830,887,829,-1,829,887,888,-1,829,888,828,-1,828,888,889,-1,828,889,827,-1,827,889,890,-1,827,890,826,-1,
  826,890,891,-1,826,891,825,-1,825,891,892,-1,825,892,824,-1,824,892,893,-1,824,893,823,-1,823,893,894,-1,823,894,822,-1,
  822,894,895,-1,822,895,821,-1,366,367,810,-1,366,810,811,-1,366,811,812,-1,366,812,813,-1,366,813,814,-1,366,814,815,-1,
  366,815,816,-1,809,810,367,-1,809,367,368,-1,809,368,369,-1,809,369,370,-1,809,370,371,-1,809,371,808,-1,371,372,804,-1,
  371,804,805,-1,371,805,806,-1,371,806,807,-1,371,807,808,-1,803,804,372,-1,803,372,373,-1,803,373,374,-1,803,374,802,-1,
  802,374,801,-1,801,374,375,-1,801,375,800,-1,800,375,376,-1,800,376,799,-1,799,376,377,-1,799,377,798,-1,798,377,378,-1,
  798,378,797,-1,797,378,379,-1,797,379,796,-1,796,379,380,-1,796,380,795,-1,795,380,381,-1,795,381,382,-1,384,792,383,-1,
  383,792,793,-1,383,793,382,-1,382,793,794,-1,382,794,795,-1,792,384,385,-1,792,385,386,-1,792,386,387,-1,792,387,388,-1,
  792,388,791,-1,388,389,788,-1,388,788,789,-1,388,789,790,-1,388,790,791,-1,787,788,389,-1,787,389,390,-1,787,390,391,-1,
  787,391,392,-1,787,392,393,-1,787,393,394,-1,787,394,395,-1,787,395,396,-1,787,396,786,-1,1530,1531,268,-1,1530,268,356,-1,
  1530,356,357,-1,1530,357,358,-1,1530,358,1613,-1,1611,1612,360,-1,360,1612,1613,-1,360,1613,359,-1,359,1613,358,-1,360,361,1608,-1,
  360,1608,1609,-1,360,1609,1610,-1,360,1610,1611,-1,1607,1608,361,-1,1607,361,362,-1,1607,362,363,-1,1607,363,364,-1,1607,364,365,-1,
  1607,365,1606,-1,365,1603,1604,-1,365,1604,1605,-1,365,1605,1606,-1,1488,1489,1603,-1,1603,1489,1490,-1,1603,1490,1602,-1,1602,1490,1491,-1,
  1602,1491,1492,-1,1602,1492,1493,-1,1602,1493,1494,-1,1602,1494,1495,-1,1602,1495,1601,-1,1601,1495,1496,-1,1601,1496,1497,-1,1601,1497,1498,-1,
  1601,1498,1600,-1,1597,1598,1499,-1,1499,1598,1599,-1,1499,1599,1498,-1,1498,1599,1600,-1,1500,1501,1596,-1,1500,1596,1597,-1,1500,1597,1499,-1,
  1502,1503,1595,-1,1502,1595,1596,-1,1502,1596,1501,-1,1593,1594,1505,-1,1505,1594,1595,-1,1505,1595,1504,-1,1504,1595,1503,-1,1507,1590,1506,-1,
  1506,1590,1591,-1,1506,1591,1505,-1,1505,1591,1592,-1,1505,1592,1593,-1,1590,1507,1508,-1,1590,1508,1509,-1,1590,1509,1510,-1,1590,1510,1589,-1,
  1585,1586,1511,-1,1511,1586,1587,-1,1511,1587,1510,-1,1510,1587,1588,-1,1510,1588,1589,-1,1512,1513,1584,-1,1512,1584,1585,-1,1512,1585,1511,-1,
  1514,1515,1583,-1,1514,1583,1584,-1,1514,1584,1513,-1,1516,1517,1580,-1,1516,1580,1581,-1,1516,1581,1582,-1,1516,1582,1583,-1,1516,1583,1515,-1,
  1517,1518,1575,-1,1517,1575,1576,-1,1517,1576,1577,-1,1517,1577,1578,-1,1517,1578,1579,-1,1517,1579,1580,-1,1518,1519,1572,-1,1518,1572,1573,-1,
  1518,1573,1574,-1,1518,1574,1575,-1,269,461,462,-1,269,462,463,-1,269,463,464,-1,269,464,465,-1,269,465,466,-1,269,466,467,-1,
  269,467,468,-1,269,468,469,-1,269,469,470,-1,269,470,471,-1,269,471,472,-1,269,472,473,-1,269,473,474,-1,269,474,475,-1,
  269,475,476,-1,269,476,477,-1,269,477,478,-1,269,478,479,-1,269,479,1632,-1,269,1632,1633,-1,269,1633,1634,-1,269,1634,1635,-1,
  269,1635,1636,-1,269,1636,1637,-1,269,1637,1638,-1,269,1638,1639,-1,269,1639,1640,-1,269,1640,1641,-1,269,1641,1642,-1,269,1642,1643,-1,
  269,1643,1644,-1,269,1644,1645,-1,269,1645,1646,-1,269,1646,1647,-1,269,1647,1648,-1,269,1648,1649,-1,269,1649,1650,-1,269,1650,1651,-1,
  269,1651,1652,-1,269,1652,1653,-1,269,1653,1654,-1,269,1654,1655,-1,269,1655,1656,-1,269,1656,413,-1,269,413,414,-1,269,414,415,-1,
  269,415,416,-1,269,416,417,-1,269,417,418,-1,269,418,419,-1,269,419,420,-1,269,420,421,-1,269,421,422,-1,269,422,423,-1,
  269,423,424,-1,269,424,425,-1,269,425,426,-1,269,426,427,-1,269,427,428,-1,269,428,429,-1,269,429,430,-1,269,430,431,-1,
  269,431,432,-1,269,432,433,-1,269,433,434,-1,269,434,435,-1,269,435,436,-1,269,436,437,-1,269,437,354,-1,269,354,268,-1,
  411,412,413,-1,411,413,1656,-1,411,1656,409,-1,411,409,410,-1,1413,1414,1412,-1,1412,1414,404,-1,1412,404,1656,-1,1656,404,406,-1,
  1656,406,408,-1,408,406,407,-1,396,774,775,-1,396,775,776,-1,396,776,777,-1,396,777,778,-1,396,778,779,-1,396,779,780,-1,
  396,780,781,-1,396,781,782,-1,396,782,783,-1,396,783,784,-1,396,784,785,-1,396,785,786,-1,402,403,1437,-1,402,1437,1438,-1,
  402,1438,1439,-1,402,1439,1440,-1,402,1440,1441,-1,402,1441,1442,-1,402,1442,1443,-1,402,1443,1444,-1,402,1444,1445,-1,403,404,1422,-1,
  403,1422,1423,-1,403,1423,1424,-1,403,1424,1425,-1,403,1425,1426,-1,403,1426,1427,-1,403,1427,1428,-1,403,1428,1429,-1,403,1429,1430,-1,
  403,1430,1431,-1,403,1431,1432,-1,403,1432,1433,-1,403,1433,1434,-1,403,1434,1435,-1,403,1435,1436,-1,403,1436,1437,-1,404,1414,1415,-1,
  404,1415,1416,-1,404,1416,1417,-1,404,1417,1418,-1,404,1418,1419,-1,404,1419,1420,-1,404,1420,1421,-1,404,1421,1422,-1,1408,1409,1410,-1,
  1408,1410,1656,-1,1408,1656,1406,-1,1408,1406,1407,-1,1405,1406,1656,-1,1405,1656,1404,-1,1411,1412,1656,-1,1411,1656,1410,-1,1629,1630,1631,-1,
  1629,1631,480,-1,1629,480,1627,-1,1629,1627,1628,-1,1624,1625,1626,-1,1624,1626,480,-1,1624,480,1622,-1,1624,1622,1623,-1,1618,1619,1620,-1,
  1618,1620,480,-1,1618,480,1616,-1,1618,1616,1617,-1,1615,1616,480,-1,1615,480,1614,-1,1621,1622,480,-1,1621,480,1620,-1,1632,479,480,-1,
  1632,480,1631,-1,269,751,753,-1,269,753,754,-1,269,754,755,-1,269,755,756,-1,269,756,757,-1,269,757,758,-1,269,758,759,-1,
  269,759,760,-1,269,760,761,-1,269,761,560,-1,269,560,562,-1,269,562,563,-1,269,563,564,-1,269,564,565,-1,269,565,566,-1,
  269,566,567,-1,269,567,568,-1,269,568,569,-1,269,569,570,-1,269,570,571,-1,269,571,572,-1,269,572,573,-1,269,573,574,-1,
  269,574,575,-1,269,575,576,-1,269,576,577,-1,269,577,578,-1,269,578,579,-1,269,579,580,-1,269,580,581,-1,558,559,768,-1,
  558,768,769,-1,558,769,770,-1,558,770,771,-1,558,771,772,-1,558,772,556,-1,558,556,557,-1,554,555,556,-1,554,556,772,-1,
  554,772,773,-1,554,773,690,-1,554,690,553,-1,551,552,553,-1,551,553,690,-1,551,690,549,-1,551,549,550,-1,545,546,547,-1,
  545,547,690,-1,545,690,543,-1,545,543,544,-1,539,540,606,-1,606,540,541,-1,606,541,690,-1,690,541,542,-1,690,542,543,-1,
  548,549,690,-1,548,690,547,-1,764,765,560,-1,560,765,766,-1,560,766,559,-1,559,766,767,-1,559,767,768,-1,560,761,762,-1,
  560,762,763,-1,560,763,764,-1,126,127,268,-1,126,268,672,-1,126,672,673,-1,126,673,675,-1,126,675,677,-1,126,677,678,-1,
  126,678,680,-1,126,680,682,-1,126,682,683,-1,126,683,684,-1,126,684,686,-1,126,686,688,-1,126,688,689,-1,126,689,731,-1,
  126,731,732,-1,126,732,733,-1,126,733,125,-1,733,122,123,-1,733,123,124,-1,733,124,125,-1,269,253,25,-1,269,25,26,-1,
  269,26,27,-1,269,27,28,-1,269,28,29,-1,269,29,30,-1,269,30,31,-1,269,31,32,-1,269,32,33,-1,269,33,34,-1,
  269,34,35,-1,269,35,36,-1,269,36,37,-1,269,37,38,-1,269,38,39,-1,269,39,40,-1,269,40,41,-1,269,41,42,-1,
  269,42,43,-1,269,43,44,-1,269,44,45,-1,21,22,253,-1,253,22,23,-1,253,23,25,-1,25,23,24,-1,19,20,21,-1,
  19,21,253,-1,19,253,17,-1,19,17,18,-1,16,17,253,-1,16,253,181,-1,16,181,182,-1,16,182,183,-1,16,183,184,-1,
  16,184,185,-1,16,185,186,-1,16,186,187,-1,16,187,188,-1,16,188,189,-1,16,189,190,-1,16,190,191,-1,16,191,192,-1,
  16,192,14,-1,16,14,15,-1,12,13,14,-1,12,14,199,-1,12,199,200,-1,12,200,201,-1,12,201,202,-1,12,202,203,-1,
  12,203,204,-1,12,204,205,-1,12,205,206,-1,12,206,207,-1,12,207,208,-1,12,208,209,-1,12,209,210,-1,12,210,11,-1,
  14,192,193,-1,14,193,194,-1,14,194,195,-1,14,195,196,-1,14,196,197,-1,14,197,198,-1,14,198,199,-1,179,180,181,-1,
  179,181,253,-1,179,253,177,-1,179,177,178,-1,173,174,175,-1,173,175,253,-1,173,253,171,-1,173,171,172,-1,170,171,253,-1,
  170,253,169,-1,176,177,253,-1,176,253,175,-1,355,356,268,-1,355,268,354,-1,268,1531,1532,-1,268,1532,1533,-1,268,1533,1534,-1,
  268,1534,1535,-1,268,1535,1536,-1,268,1536,1537,-1,268,1537,1538,-1,268,1538,1539,-1,268,1539,1540,-1,268,1540,1541,-1,268,1541,1542,-1,
  268,1542,1543,-1,268,1543,1544,-1,268,1544,1545,-1,268,1545,1546,-1,268,1546,1547,-1,268,1547,1548,-1,268,1548,1549,-1,268,1549,1550,-1,
  268,1550,1551,-1,268,1551,1552,-1,268,1552,1553,-1,268,1553,1554,-1,268,1554,1555,-1,268,1555,1557,-1,268,1557,1740,-1,268,1740,1741,-1,
  268,1741,1742,-1,268,1742,1743,-1,268,1743,1744,-1,268,1744,1745,-1,268,1745,1746,-1,268,1746,1747,-1,268,1747,1748,-1,268,1748,1749,-1,
  268,1749,1750,-1,268,1750,1751,-1,268,1751,1752,-1,268,1752,1753,-1,268,1753,1754,-1,268,1754,1755,-1,268,1755,1756,-1,268,1756,1757,-1,
  268,1757,1758,-1,268,1758,1759,-1,268,1759,1760,-1,268,1760,1761,-1,268,1761,1762,-1,268,1762,1763,-1,268,1763,1764,-1,268,1764,649,-1,
  268,649,650,-1,268,650,651,-1,268,651,652,-1,268,652,653,-1,268,653,654,-1,268,654,655,-1,268,655,656,-1,268,656,657,-1,
  268,657,658,-1,268,658,659,-1,268,659,660,-1,268,660,661,-1,268,661,662,-1,268,662,663,-1,268,663,664,-1,268,664,665,-1,
  268,665,666,-1,268,666,667,-1,268,667,668,-1,268,668,669,-1,268,669,671,-1,268,671,672,-1,1561,1562,1560,-1,1560,1562,1740,-1,
  1560,1740,1559,-1,1559,1740,1557,-1,1559,1557,1558,-1,1564,1565,1842,-1,1564,1842,1843,-1,1564,1843,1844,-1,1564,1844,1845,-1,1564,1845,1846,-1,
  1564,1846,1847,-1,1564,1847,1848,-1,1564,1848,1849,-1,1564,1849,1850,-1,1564,1850,1851,-1,1564,1851,1852,-1,1564,1852,1853,-1,1564,1853,1562,-1,
  1564,1562,1563,-1,1566,1567,1568,-1,1566,1568,1824,-1,1566,1824,1825,-1,1566,1825,1826,-1,1566,1826,1827,-1,1566,1827,1828,-1,1566,1828,1829,-1,
  1566,1829,1830,-1,1566,1830,1831,-1,1566,1831,1565,-1,1570,1571,1824,-1,1570,1824,1568,-1,1570,1568,1569,-1,1572,1519,1520,-1,1572,1520,1521,-1,
  1572,1521,1522,-1,1572,1522,1523,-1,1572,1523,1524,-1,1572,1524,1525,-1,1572,1525,1526,-1,1572,1526,1527,-1,1572,1527,1528,-1,1572,1528,1529,-1,
  1572,1529,1446,-1,1565,1831,1832,-1,1565,1832,1833,-1,1565,1833,1834,-1,1565,1834,1835,-1,1565,1835,1836,-1,1565,1836,1837,-1,1565,1837,1838,-1,
  1565,1838,1839,-1,1565,1839,1840,-1,1565,1840,1841,-1,1565,1841,1842,-1,1562,1853,1854,-1,1562,1854,1855,-1,1562,1855,1856,-1,1562,1856,1740,-1,
  1858,1859,1740,-1,1858,1740,1856,-1,1858,1856,1857,-1,1860,1861,1862,-1,1860,1862,1740,-1,1860,1740,1859,-1,1767,1768,1769,-1,1767,1769,648,-1,
  1767,648,1765,-1,1767,1765,1766,-1,1772,1773,1774,-1,1772,1774,648,-1,1772,648,1770,-1,1772,1770,1771,-1,1778,1779,1780,-1,1778,1780,648,-1,
  1778,648,1776,-1,1778,1776,1777,-1,648,1774,1775,-1,648,1775,1776,-1,648,649,1764,-1,648,1764,1765,-1,606,522,523,-1,606,523,524,-1,
  606,524,525,-1,606,525,526,-1,606,526,527,-1,606,527,528,-1,606,528,529,-1,606,529,530,-1,606,530,531,-1,606,531,532,-1,
  606,532,533,-1,606,533,534,-1,606,534,535,-1,606,535,536,-1,606,536,537,-1,606,537,538,-1,606,538,539,-1,606,690,691,-1,
  606,691,692,-1,606,692,693,-1,606,693,694,-1,606,694,695,-1,606,695,696,-1,606,696,697,-1,606,697,698,-1,606,698,699,-1,
  606,699,700,-1,606,700,701,-1,606,701,702,-1,606,702,703,-1,606,703,704,-1,606,704,705,-1,606,705,706,-1,606,706,707,-1,
  606,707,708,-1,606,708,709,-1,606,709,710,-1,606,710,689,-1,689,710,711,-1,689,711,712,-1,689,712,713,-1,689,713,714,-1,
  689,714,715,-1,689,715,716,-1,689,716,717,-1,689,717,718,-1,689,718,719,-1,689,719,720,-1,689,720,721,-1,689,721,722,-1,
  689,722,723,-1,689,723,724,-1,689,724,725,-1,689,725,726,-1,689,726,727,-1,689,727,728,-1,689,728,729,-1,689,729,730,-1,
  689,730,731,-1,268,127,128,-1,268,128,129,-1,268,129,130,-1,268,130,131,-1,268,131,132,-1,268,132,133,-1,268,133,134,-1,
  268,134,135,-1,268,135,136,-1,268,136,137,-1,268,137,138,-1,268,138,139,-1,268,139,140,-1,268,140,141,-1,268,141,142,-1,
  268,142,143,-1,268,143,144,-1,268,144,145,-1,268,145,146,-1,268,146,147,-1,268,147,148,-1,268,148,267,-1,150,151,266,-1,
  150,266,267,-1,150,267,148,-1,150,148,149,-1,341,342,157,-1,157,342,265,-1,157,265,156,-1,156,265,266,-1,156,266,154,-1,
  154,266,152,-1,154,152,153,-1,157,158,159,-1,157,159,321,-1,157,321,322,-1,157,322,323,-1,157,323,324,-1,157,324,325,-1,
  157,325,326,-1,157,326,327,-1,157,327,328,-1,157,328,329,-1,157,329,330,-1,157,330,331,-1,157,331,332,-1,157,332,333,-1,
  157,333,334,-1,157,334,335,-1,157,335,336,-1,157,336,337,-1,157,337,338,-1,157,338,339,-1,157,339,340,-1,157,340,341,-1,
  159,160,161,-1,159,161,314,-1,159,314,315,-1,159,315,316,-1,159,316,317,-1,159,317,318,-1,159,318,319,-1,159,319,320,-1,
  159,320,321,-1,165,166,167,-1,165,167,312,-1,165,312,163,-1,165,163,164,-1,84,0,1,-1,84,1,2,-1,84,2,3,-1,
  84,3,4,-1,312,313,161,-1,312,161,162,-1,312,162,163,-1,344,345,346,-1,344,346,265,-1,344,265,342,-1,344,342,343,-1,
  262,263,353,-1,353,263,264,-1,353,264,352,-1,352,264,265,-1,352,265,350,-1,350,265,348,-1,350,348,349,-1,270,253,254,-1,
  270,254,255,-1,270,255,256,-1,270,256,257,-1,270,257,258,-1,270,258,259,-1,270,259,260,-1,270,260,261,-1,270,261,353,-1,
  265,346,347,-1,265,347,348,-1,266,151,152,-1,262,353,261,-1,352,350,351,-1,314,161,313,-1,312,167,168,-1,156,154,155,-1,
  688,686,687,-1,686,684,685,-1,682,680,681,-1,680,678,679,-1,677,675,676,-1,675,673,674,-1,671,669,670,-1,648,1769,1770,-1,
  648,1780,1781,-1,1824,1571,1572,-1,1557,1555,1556,-1,8,6,7,-1,10,8,9,-1,736,734,735,-1,738,736,737,-1,742,740,741,-1,
  744,742,743,-1,747,745,746,-1,749,747,748,-1,753,751,752,-1,562,560,561,-1,1627,480,1626,-1,409,1656,408,-1,400,398,399,-1,
  402,400,401,-1,406,404,405,-1,859,774,858,-1,522,438,605,-1]
  normalPerVertex TRUE
  normal DEF NORM_95 Normal { vector [
  0 0 1,0 0 1,
  0 0 1,0 0 1,
  0 0 1,0 0 1,
  0 0 1,0 0 1,
  0 0 1,0 0 1,
  0 0 1,0 0 1,
  0 0 1,0 0 1,
  0 0 1,0 0 1,
  0 0 1,0 0 1,
  0 0 1,0 0 1,
  0 0 1,0 0 1,
  0 0 1,0 0 1,
  0 0 1,0 0 1,
  0 0 1,0 0 1,
  0 0 1,0 0 1,
  0 0 1,0 0 1,
  0 0 1,0 0 1,
  0 0 1,0 0 1,
  0 0 1,0 0 1,
  0 0 1,0 0 1,
  0 0 1,0 0 1,
  0 0 1,0 0 1,
  0 0 1,0 0 1,
  0 0 1,0 0 1,
  0 0 1,0 0 1,
  0 0 1,0 0 1,
  0 0 1,0 0 1,
  0 0 1,0 0 1,
  0 0 1,0 0 1,
  0 0 1,0 0 1,
  0 0 1,0 0 1,
  0 0 1,0 0 1,
  0 0 1,0 0 1,
  0 0 1,0 0 1,
  0 0 1,0 0 1,
  0 0 1,0 0 1,
  0 0 1,0 0 1,
  0 0 1,0 0 1,
  0 0 1,0 0 1,
  0 0 1,0 0 1,
  0 0 1,0 0 1,
  0 0 1,0 0 1,
  0 0 1,0 0 1,
  0 0 1,0 0 1,
  0 0 1,0 0 1,
  0 0 1,0 0 1,
  0 0 1,0 0 1,
  0 0 1,0 0 1,
  0 0 1,0 0 1,
  0 0 1,0 0 1,
  0 0 1,0 0 1,
  0 0 1,0 0 1,
  0 0 1,0 0 1,
  0 0 1,0 0 1,
  0 0 1,0 0 1,
  0 0 1,0 0 1,
  0 0 1,0 0 1,
  0 0 1,0 0 1,
  0 0 1,0 0 1,
  0 0 1,0 0 1,
  0 0 1,0 0 1,
  0 0 1,0 0 1,
  0 0 1,0 0 1,
  0 0 1,0 0 1,
  0 0 1,0 0 1,
  0 0 1,0 0 1,
  0 0 1,0 0 1,
  0 0 1,0 0 1,
  0 0 1,0 0 1,
  0 0 1,0 0 1,
  0 0 1,0 0 1,
  0 0 1,0 0 1,
  0 0 1,0 0 1,
  0 0 1,0 0 1,
  0 0 1,0 0 1,
  0 0 1,0 0 1,
  0 0 1,0 0 1,
  0 0 1,0 0 1,
  0 0 1,0 0 1,
  0 0 1,0 0 1,
  0 0 1,0 0 1,
  0 0 1,0 0 1,
  0 0 1,0 0 1,
  0 0 1,0 0 1,
  0 0 1,0 0 1,
  0 0 1,0 0 1,
  0 0 1,0 0 1,
  0 0 1,0 0 1,
  0 0 1,0 0 1,
  0 0 1,0 0 1,
  0 0 1,0 0 1,
  0 0 1,0 0 1,
  0 0 1,0 0 1,
  0 0 1,0 0 1,
  0 0 1,0 0 1,
  0 0 1,0 0 1,
  0 0 1,0 0 1,
  0 0 1,0 0 1,
  0 0 1,0 0 1,
  0 0 1,0 0 1,
  0 0 1,0 0 1,
  0 0 1,0 0 1,
  0 0 1,0 0 1,
  0 0 1,0 0 1,
  0 0 1,0 0 1,
  0 0 1,0 0 1,
  0 0 1,0 0 1,
  0 0 1,0 0 1,
  0 0 1,0 0 1,
  0 0 1,0 0 1,
  0 0 1,0 0 1,
  0 0 1,0 0 1,
  0 0 1,0 0 1,
  0 0 1,0 0 1,
  0 0 1,0 0 1,
  0 0 1,0 0 1,
  0 0 1,0 0 1,
  0 0 1,0 0 1,
  0 0 1,0 0 1,
  0 0 1,0 0 1,
  0 0 1,0 0 1,
  0 0 1,0 0 1,
  0 0 1,0 0 1,
  0 0 1,0 0 1,
  0 0 1,0 0 1,
  0 0 1,0 0 1,
  0 0 1,0 0 1,
  0 0 1,0 0 1,
  0 0 1,0 0 1,
  0 0 1,0 0 1,
  0 0 1,0 0 1,
  0 0 1,0 0 1,
  0 0 1,0 0 1,
  0 0 1,0 0 1,
  0 0 1,0 0 1,
  0 0 1,0 0 1,
  0 0 1,0 0 1,
  0 0 1,0 0 1,
  0 0 1,0 0 1,
  0 0 1,0 0 1,
  0 0 1,0 0 1,
  0 0 1,0 0 1,
  0 0 1,0 0 1,
  0 0 1,0 0 1,
  0 0 1,0 0 1,
  0 0 1,0 0 1,
  0 0 1,0 0 1,
  0 0 1,0 0 1,
  0 0 1,0 0 1,
  0 0 1,0 0 1,
  0 0 1,0 0 1,
  0 0 1,0 0 1,
  0 0 1,0 0 1,
  0 0 1,0 0 1,
  0 0 1,0 0 1,
  0 0 1,0 0 1,
  0 0 1,0 0 1,
  0 0 1,0 0 1,
  0 0 1,0 0 1,
  0 0 1,0 0 1,
  0 0 1,0 0 1,
  0 0 1,0 0 1,
  0 0 1,0 0 1,
  0 0 1,0 0 1,
  0 0 1,0 0 1,
  0 0 1,0 0 1,
  0 0 1,0 0 1,
  0 0 1,0 0 1,
  0 0 1,0 0 1,
  0 0 1,0 0 1,
  0 0 1,0 0 1,
  0 0 1,0 0 1,
  0 0 1,0 0 1,
  0 0 1,0 0 1,
  0 0 1,0 0 1,
  0 0 1,0 0 1,
  0 0 1,0 0 1,
  0 0 1,0 0 1,
  0 0 1,0 0 1,
  0 0 1,0 0 1,
  0 0 1,0 0 1,
  0 0 1,0 0 1,
  0 0 1,0 0 1,
  0 0 1,0 0 1,
  0 0 1,0 0 1,
  0 0 1,0 0 1,
  0 0 1,0 0 1,
  0 0 1,0 0 1,
  0 0 1,0 0 1,
  0 0 1,0 0 1,
  0 0 1,0 0 1,
  0 0 1,0 0 1,
  0 0 1,0 0 1,
  0 0 1,0 0 1,
  0 0 1,0 0 1,
  0 0 1,0 0 1,
  0 0 1,0 0 1,
  0 0 1,0 0 1,
  0 0 1,0 0 1,
  0 0 1,0 0 1,
  0 0 1,0 0 1,
  0 0 1,0 0 1,
  0 0 1,0 0 1,
  0 0 1,0 0 1,
  0 0 1,0 0 1,
  0 0 1,0 0 1,
  0 0 1,0 0 1,
  0 0 1,0 0 1,
  0 0 1,0 0 1,
  0 0 1,0 0 1,
  0 0 1,0 0 1,
  0 0 1,0 0 1,
  0 0 1,0 0 1,
  0 0 1,0 0 1,
  0 0 1,0 0 1,
  0 0 1,0 0 1,
  0 0 1,0 0 1,
  0 0 1,0 0 1,
  0 0 1,0 0 1,
  0 0 1,0 0 1,
  0 0 1,0 0 1,
  0 0 1,0 0 1,
  0 0 1,0 0 1,
  0 0 1,0 0 1,
  0 0 1,0 0 1,
  0 0 1,0 0 1,
  0 0 1,0 0 1,
  0 0 1,0 0 1,
  0 0 1,0 0 1,
  0 0 1,0 0 1,
  0 0 1,0 0 1,
  0 0 1,0 0 1,
  0 0 1,0 0 1,
  0 0 1,0 0 1,
  0 0 1,0 0 1,
  0 0 1,0 0 1,
  0 0 1,0 0 1,
  0 0 1,0 0 1,
  0 0 1,0 0 1,
  0 0 1,0 0 1,
  0 0 1,0 0 1,
  0 0 1,0 0 1,
  0 0 1,0 0 1,
  0 0 1,0 0 1,
  0 0 1,0 0 1,
  0 0 1,0 0 1,
  0 0 1,0 0 1,
  0 0 1,0 0 1,
  0 0 1,0 0 1,
  0 0 1,0 0 1,
  0 0 1,0 0 1,
  0 0 1,0 0 1,
  0 0 1,0 0 1,
  0 0 1,0 0 1,
  0 0 1,0 0 1,
  0 0 1,0 0 1,
  0 0 1,0 0 1,
  0 0 1,0 0 1,
  0 0 1,0 0 1,
  0 0 1,0 0 1,
  0 0 1,0 0 1,
  0 0 1,0 0 1,
  0 0 1,0 0 1,
  0 0 1,0 0 1,
  0 0 1,0 0 1,
  0 0 1,0 0 1,
  0 0 1,0 0 1,
  0 0 1,0 0 1,
  0 0 1,0 0 1,
  0 0 1,0 0 1,
  0 0 1,0 0 1,
  0 0 1,0 0 1,
  0 0 1,0 0 1,
  0 0 1,0 0 1,
  0 0 1,0 0 1,
  0 0 1,0 0 1,
  0 0 1,0 0 1,
  0 0 1,0 0 1,
  0 0 1,0 0 1,
  0 0 1,0 0 1,
  0 0 1,0 0 1,
  0 0 1,0 0 1,
  0 0 1,0 0 1,
  0 0 1,0 0 1,
  0 0 1,0 0 1,
  0 0 1,0 0 1,
  0 0 1,0 0 1,
  0 0 1,0 0 1,
  0 0 1,0 0 1,
  0 0 1,0 0 1,
  0 0 1,0 0 1,
  0 0 1,0 0 1,
  0 0 1,0 0 1,
  0 0 1,0 0 1,
  0 0 1,0 0 1,
  0 0 1,0 0 1,
  0 0 1,0 0 1,
  0 0 1,0 0 1,
  0 0 1,0 0 1,
  0 0 1,0 0 1,
  0 0 1,0 0 1,
  0 0 1,0 0 1,
  0 0 1,0 0 1,
  0 0 1,0 0 1,
  0 0 1,0 0 1,
  0 0 1,0 0 1,
  0 0 1,0 0 1,
  0 0 1,0 0 1,
  0 0 1,0 0 1,
  0 0 1,0 0 1,
  0 0 1,0 0 1,
  0 0 1,0 0 1,
  0 0 1,0 0 1,
  0 0 1,0 0 1,
  0 0 1,0 0 1,
  0 0 1,0 0 1,
  0 0 1,0 0 1,
  0 0 1,0 0 1,
  0 0 1,0 0 1,
  0 0 1,0 0 1,
  0 0 1,0 0 1,
  0 0 1,0 0 1,
  0 0 1,0 0 1,
  0 0 1,0 0 1,
  0 0 1,0 0 1,
  0 0 1,0 0 1,
  0 0 1,0 0 1,
  0 0 1,0 0 1,
  0 0 1,0 0 1,
  0 0 1,0 0 1,
  0 0 1,0 0 1,
  0 0 1,0 0 1,
  0 0 1,0 0 1,
  0 0 1,0 0 1,
  0 0 1,0 0 1,
  0 0 1,0 0 1,
  0 0 1,0 0 1,
  0 0 1,0 0 1,
  0 0 1,0 0 1,
  0 0 1,0 0 1,
  0 0 1,0 0 1,
  0 0 1,0 0 1,
  0 0 1,0 0 1,
  0 0 1,0 0 1,
  0 0 1,0 0 1,
  0 0 1,0 0 1,
  0 0 1,0 0 1,
  0 0 1,0 0 1,
  0 0 1,0 0 1,
  0 0 1,0 0 1,
  0 0 1,0 0 1,
  0 0 1,0 0 1,
  0 0 1,0 0 1,
  0 0 1,0 0 1,
  0 0 1,0 0 1,
  0 0 1,0 0 1,
  0 0 1,0 0 1,
  0 0 1,0 0 1,
  0 0 1,0 0 1,
  0 0 1,0 0 1,
  0 0 1,0 0 1,
  0 0 1,0 0 1,
  0 0 1,0 0 1,
  0 0 1,0 0 1,
  0 0 1,0 0 1,
  0 0 1,0 0 1,
  0 0 1,0 0 1,
  0 0 1,0 0 1,
  0 0 1,0 0 1,
  0 0 1,0 0 1,
  0 0 1,0 0 1,
  0 0 1,0 0 1,
  0 0 1,0 0 1,
  0 0 1,0 0 1,
  0 0 1,0 0 1,
  0 0 1,0 0 1,
  0 0 1,0 0 1,
  0 0 1,0 0 1,
  0 0 1,0 0 1,
  0 0 1,0 0 1,
  0 0 1,0 0 1,
  0 0 1,0 0 1,
  0 0 1,0 0 1,
  0 0 1,0 0 1,
  0 0 1,0 0 1,
  0 0 1,0 0 1,
  0 0 1,0 0 1,
  0 0 1,0 0 1,
  0 0 1,0 0 1,
  0 0 1,0 0 1,
  0 0 1,0 0 1,
  0 0 1,0 0 1,
  0 0 1,0 0 1,
  0 0 1,0 0 1,
  0 0 1,0 0 1,
  0 0 1,0 0 1,
  0 0 1,0 0 1,
  0 0 1,0 0 1,
  0 0 1,0 0 1,
  0 0 1,0 0 1,
  0 0 1,0 0 1,
  0 0 1,0 0 1,
  0 0 1,0 0 1,
  0 0 1,0 0 1,
  0 0 1,0 0 1,
  0 0 1,0 0 1,
  0 0 1,0 0 1,
  0 0 1,0 0 1,
  0 0 1,0 0 1,
  0 0 1,0 0 1,
  0 0 1,0 0 1,
  0 0 1,0 0 1,
  0 0 1,0 0 1,
  0 0 1,0 0 1,
  0 0 1,0 0 1,
  0 0 1,0 0 1,
  0 0 1,0 0 1,
  0 0 1,0 0 1,
  0 0 1,0 0 1,
  0 0 1,0 0 1,
  0 0 1,0 0 1,
  0 0 1,0 0 1,
  0 0 1,0 0 1,
  0 0 1,0 0 1,
  0 0 1,0 0 1,
  0 0 1,0 0 1,
  0 0 1,0 0 1,
  0 0 1,0 0 1,
  0 0 1,0 0 1,
  0 0 1,0 0 1,
  0 0 1,0 0 1,
  0 0 1,0 0 1,
  0 0 1,0 0 1,
  0 0 1,0 0 1,
  0 0 1,0 0 1,
  0 0 1,0 0 1,
  0 0 1,0 0 1,
  0 0 1,0 0 1,
  0 0 1,0 0 1,
  0 0 1,0 0 1,
  0 0 1,0 0 1,
  0 0 1,0 0 1,
  0 0 1,0 0 1,
  0 0 1,0 0 1,
  0 0 1,0 0 1,
  0 0 1,0 0 1,
  0 0 1,0 0 1,
  0 0 1,0 0 1,
  0 0 1,0 0 1,
  0 0 1,0 0 1,
  0 0 1,0 0 1,
  0 0 1,0 0 1,
  0 0 1,0 0 1,
  0 0 1,0 0 1,
  0 0 1,0 0 1,
  0 0 1,0 0 1,
  0 0 1,0 0 1,
  0 0 1,0 0 1,
  0 0 1,0 0 1,
  0 0 1,0 0 1,
  0 0 1,0 0 1,
  0 0 1,0 0 1,
  0 0 1,0 0 1,
  0 0 1,0 0 1,
  0 0 1,0 0 1,
  0 0 1,0 0 1,
  0 0 1,0 0 1,
  0 0 1,0 0 1,
  0 0 1,0 0 1,
  0 0 1,0 0 1,
  0 0 1,0 0 1,
  0 0 1,0 0 1,
  0 0 1,0 0 1,
  0 0 1,0 0 1,
  0 0 1,0 0 1,
  0 0 1,0 0 1,
  0 0 1,0 0 1,
  0 0 1,0 0 1,
  0 0 1,0 0 1,
  0 0 1,0 0 1,
  0 0 1,0 0 1,
  0 0 1,0 0 1,
  0 0 1,0 0 1,
  0 0 1,0 0 1,
  0 0 1,0 0 1,
  0 0 1,0 0 1,
  0 0 1,0 0 1,
  0 0 1,0 0 1,
  0 0 1,0 0 1,
  0 0 1,0 0 1,
  0 0 1,0 0 1,
  0 0 1,0 0 1,
  0 0 1,0 0 1,
  0 0 1,0 0 1,
  0 0 1,0 0 1,
  0 0 1,0 0 1,
  0 0 1,0 0 1,
  0 0 1,0 0 1,
  0 0 1,0 0 1,
  0 0 1,0 0 1,
  0 0 1,0 0 1,
  0 0 1,0 0 1,
  0 0 1,0 0 1,
  0 0 1,0 0 1,
  0 0 1,0 0 1,
  0 0 1,0 0 1,
  0 0 1,0 0 1,
  0 0 1,0 0 1,
  0 0 1,0 0 1,
  0 0 1,0 0 1,
  0 0 1,0 0 1,
  0 0 1,0 0 1,
  0 0 1,0 0 1,
  0 0 1,0 0 1,
  0 0 1,0 0 1,
  0 0 1,0 0 1,
  0 0 1,0 0 1,
  0 0 1,0 0 1,
  0 0 1,0 0 1,
  0 0 1,0 0 1,
  0 0 1,0 0 1,
  0 0 1,0 0 1,
  0 0 1,0 0 1,
  0 0 1,0 0 1,
  0 0 1,0 0 1,
  0 0 1,0 0 1,
  0 0 1,0 0 1,
  0 0 1,0 0 1,
  0 0 1,0 0 1,
  0 0 1,0 0 1,
  0 0 1,0 0 1,
  0 0 1,0 0 1,
  0 0 1,0 0 1,
  0 0 1,0 0 1,
  0 0 1,0 0 1,
  0 0 1,0 0 1,
  0 0 1,0 0 1,
  0 0 1,0 0 1,
  0 0 1,0 0 1,
  0 0 1,0 0 1,
  0 0 1,0 0 1,
  0 0 1,0 0 1,
  0 0 1,0 0 1,
  0 0 1,0 0 1,
  0 0 1,0 0 1,
  0 0 1,0 0 1,
  0 0 1,0 0 1,
  0 0 1,0 0 1,
  0 0 1,0 0 1,
  0 0 1,0 0 1,
  0 0 1,0 0 1,
  0 0 1,0 0 1,
  0 0 1,0 0 1,
  0 0 1,0 0 1,
  0 0 1,0 0 1,
  0 0 1,0 0 1,
  0 0 1,0 0 1,
  0 0 1,0 0 1,
  0 0 1,0 0 1,
  0 0 1,0 0 1,
  0 0 1,0 0 1,
  0 0 1,0 0 1,
  0 0 1,0 0 1,
  0 0 1,0 0 1,
  0 0 1,0 0 1,
  0 0 1,0 0 1,
  0 0 1,0 0 1,
  0 0 1,0 0 1,
  0 0 1,0 0 1,
  0 0 1,0 0 1,
  0 0 1,0 0 1,
  0 0 1,0 0 1,
  0 0 1,0 0 1,
  0 0 1,0 0 1,
  0 0 1,0 0 1,
  0 0 1,0 0 1,
  0 0 1,0 0 1,
  0 0 1,0 0 1,
  0 0 1,0 0 1,
  0 0 1,0 0 1,
  0 0 1,0 0 1,
  0 0 1,0 0 1,
  0 0 1,0 0 1,
  0 0 1,0 0 1,
  0 0 1,0 0 1,
  0 0 1,0 0 1,
  0 0 1,0 0 1,
  0 0 1,0 0 1,
  0 0 1,0 0 1,
  0 0 1,0 0 1,
  0 0 1,0 0 1,
  0 0 1,0 0 1,
  0 0 1,0 0 1,
  0 0 1,0 0 1,
  0 0 1,0 0 1,
  0 0 1,0 0 1,
  0 0 1,0 0 1,
  0 0 1,0 0 1,
  0 0 1,0 0 1,
  0 0 1,0 0 1,
  0 0 1,0 0 1,
  0 0 1,0 0 1,
  0 0 1,0 0 1,
  0 0 1,0 0 1,
  0 0 1,0 0 1,
  0 0 1,0 0 1,
  0 0 1,0 0 1,
  0 0 1,0 0 1,
  0 0 1,0 0 1,
  0 0 1,0 0 1,
  0 0 1,0 0 1,
  0 0 1,0 0 1,
  0 0 1,0 0 1,
  0 0 1,0 0 1,
  0 0 1,0 0 1,
  0 0 1,0 0 1,
  0 0 1,0 0 1,
  0 0 1,0 0 1,
  0 0 1,0 0 1,
  0 0 1,0 0 1,
  0 0 1,0 0 1,
  0 0 1,0 0 1,
  0 0 1,0 0 1,
  0 0 1,0 0 1,
  0 0 1,0 0 1,
  0 0 1,0 0 1,
  0 0 1,0 0 1,
  0 0 1,0 0 1,
  0 0 1,0 0 1,
  0 0 1,0 0 1,
  0 0 1,0 0 1,
  0 0 1,0 0 1,
  0 0 1,0 0 1,
  0 0 1,0 0 1,
  0 0 1,0 0 1,
  0 0 1,0 0 1,
  0 0 1,0 0 1,
  0 0 1,0 0 1,
  0 0 1,0 0 1,
  0 0 1,0 0 1,
  0 0 1,0 0 1,
  0 0 1,0 0 1,
  0 0 1,0 0 1,
  0 0 1,0 0 1,
  0 0 1,0 0 1,
  0 0 1,0 0 1,
  0 0 1,0 0 1,
  0 0 1,0 0 1,
  0 0 1,0 0 1,
  0 0 1,0 0 1,
  0 0 1,0 0 1,
  0 0 1,0 0 1,
  0 0 1,0 0 1,
  0 0 1,0 0 1,
  0 0 1,0 0 1,
  0 0 1,0 0 1,
  0 0 1,0 0 1,
  0 0 1,0 0 1,
  0 0 1,0 0 1,
  0 0 1,0 0 1,
  0 0 1,0 0 1,
  0 0 1,0 0 1,
  0 0 1,0 0 1,
  0 0 1,0 0 1,
  0 0 1,0 0 1,
  0 0 1,0 0 1,
  0 0 1,0 0 1,
  0 0 1,0 0 1,
  0 0 1,0 0 1,
  0 0 1,0 0 1,
  0 0 1,0 0 1,
  0 0 1,0 0 1,
  0 0 1,0 0 1,
  0 0 1,0 0 1,
  0 0 1,0 0 1,
  0 0 1,0 0 1,
  0 0 1,0 0 1,
  0 0 1,0 0 1,
  0 0 1,0 0 1,
  0 0 1,0 0 1,
  0 0 1,0 0 1,
  0 0 1,0 0 1,
  0 0 1,0 0 1,
  0 0 1,0 0 1,
  0 0 1,0 0 1,
  0 0 1,0 0 1,
  0 0 1,0 0 1,
  0 0 1,0 0 1,
  0 0 1,0 0 1,
  0 0 1,0 0 1,
  0 0 1,0 0 1,
  0 0 1,0 0 1,
  0 0 1,0 0 1,
  0 0 1,0 0 1,
  0 0 1,0 0 1,
  0 0 1,0 0 1,
  0 0 1,0 0 1,
  0 0 1,0 0 1,
  0 0 1,0 0 1,
  0 0 1,0 0 1,
  0 0 1,0 0 1,
  0 0 1,0 0 1,
  0 0 1,0 0 1,
  0 0 1,0 0 1,
  0 0 1,0 0 1,
  0 0 1,0 0 1,
  0 0 1,0 0 1,
  0 0 1,0 0 1,
  0 0 1,0 0 1,
  0 0 1,0 0 1,
  0 0 1,0 0 1,
  0 0 1,0 0 1,
  0 0 1,0 0 1,
  0 0 1,0 0 1,
  0 0 1,0 0 1,
  0 0 1,0 0 1,
  0 0 1,0 0 1,
  0 0 1,0 0 1,
  0 0 1,0 0 1,
  0 0 1,0 0 1,
  0 0 1,0 0 1,
  0 0 1,0 0 1,
  0 0 1,0 0 1,
  0 0 1,0 0 1,
  0 0 1,0 0 1,
  0 0 1,0 0 1,
  0 0 1,0 0 1,
  0 0 1,0 0 1,
  0 0 1,0 0 1,
  0 0 1,0 0 1,
  0 0 1,0 0 1,
  0 0 1,0 0 1,
  0 0 1,0 0 1,
  0 0 1,0 0 1,
  0 0 1,0 0 1,
  0 0 1,0 0 1,
  0 0 1,0 0 1,
  0 0 1,0 0 1,
  0 0 1,0 0 1,
  0 0 1,0 0 1,
  0 0 1,0 0 1,
  0 0 1,0 0 1,
  0 0 1,0 0 1,
  0 0 1,0 0 1,
  0 0 1,0 0 1,
  0 0 1,0 0 1,
  0 0 1,0 0 1,
  0 0 1,0 0 1,
  0 0 1,0 0 1,
  0 0 1,0 0 1,
  0 0 1,0 0 1,
  0 0 1,0 0 1,
  0 0 1,0 0 1,
  0 0 1,0 0 1,
  0 0 1,0 0 1,
  0 0 1,0 0 1,
  0 0 1,0 0 1,
  0 0 1,0 0 1,
  0 0 1,0 0 1,
  0 0 1,0 0 1,
  0 0 1,0 0 1,
  0 0 1,0 0 1,
  0 0 1,0 0 1,
  0 0 1,0 0 1,
  0 0 1,0 0 1,
  0 0 1,0 0 1,
  0 0 1,0 0 1,
  0 0 1,0 0 1,
  0 0 1,0 0 1,
  0 0 1,0 0 1,
  0 0 1,0 0 1,
  0 0 1,0 0 1,
  0 0 1,0 0 1,
  0 0 1,0 0 1,
  0 0 1,0 0 1,
  0 0 1,0 0 1,
  0 0 1,0 0 1,
  0 0 1,0 0 1,
  0 0 1,0 0 1,
  0 0 1,0 0 1,
  0 0 1,0 0 1,
  0 0 1,0 0 1,
  0 0 1,0 0 1,
  0 0 1,0 0 1,
  0 0 1,0 0 1,
  0 0 1,0 0 1,
  0 0 1,0 0 1,
  0 0 1,0 0 1,
  0 0 1,0 0 1,
  0 0 1,0 0 1,
  0 0 1,0 0 1,
  0 0 1,0 0 1,
  0 0 1,0 0 1,
  0 0 1,0 0 1,
  0 0 1,0 0 1,
  0 0 1,0 0 1,
  0 0 1,0 0 1,
  0 0 1,0 0 1,
  0 0 1,0 0 1,
  0 0 1,0 0 1,
  0 0 1,0 0 1,
  0 0 1,0 0 1,
  0 0 1,0 0 1,
  0 0 1,0 0 1,
  0 0 1,0 0 1,
  0 0 1,0 0 1,
  0 0 1,0 0 1,
  0 0 1,0 0 1,
  0 0 1,0 0 1,
  0 0 1,0 0 1,
  0 0 1,0 0 1,
  0 0 1,0 0 1,
  0 0 1,0 0 1,
  0 0 1,0 0 1,
  0 0 1,0 0 1,
  0 0 1,0 0 1,
  0 0 1,0 0 1,
  0 0 1,0 0 1,
  0 0 1,0 0 1,
  0 0 1,0 0 1,
  0 0 1,0 0 1,
  0 0 1,0 0 1,
  0 0 1,0 0 1,
  0 0 1,0 0 1,
  0 0 1,0 0 1,
  0 0 1,0 0 1,
  0 0 1,0 0 1,
  0 0 1,0 0 1,
  0 0 1,0 0 1,
  0 0 1,0 0 1,
  0 0 1,0 0 1,
  0 0 1,0 0 1,
  0 0 1,0 0 1,
  0 0 1,0 0 1,
  0 0 1,0 0 1,
  0 0 1,0 0 1,
  0 0 1,0 0 1,
  0 0 1,0 0 1,
  0 0 1,0 0 1,
  0 0 1,0 0 1,
  0 0 1,0 0 1,
  0 0 1,0 0 1,
  0 0 1,0 0 1,
  0 0 1,0 0 1,
  0 0 1,0 0 1,
  0 0 1,0 0 1,
  0 0 1,0 0 1,
  0 0 1,0 0 1,
  0 0 1,0 0 1,
  0 0 1,0 0 1,
  0 0 1,0 0 1,
  0 0 1,0 0 1,
  0 0 1,0 0 1,
  0 0 1,0 0 1,
  0 0 1,0 0 1,
  0 0 1,0 0 1,
  0 0 1,0 0 1,
  0 0 1,0 0 1,
  0 0 1,0 0 1,
  0 0 1,0 0 1,
  0 0 1,0 0 1,
  0 0 1,0 0 1,
  0 0 1,0 0 1,
  0 0 1,0 0 1,
  0 0 1,0 0 1,
  0 0 1,0 0 1,
  0 0 1,0 0 1,
  0 0 1,0 0 1,
  0 0 1,0 0 1,
  0 0 1,0 0 1,
  0 0 1,0 0 1,
  0 0 1,0 0 1,
  0 0 1,0 0 1,
  0 0 1,0 0 1,
  0 0 1,0 0 1,
  0 0 1,0 0 1,
  0 0 1,0 0 1,
  0 0 1,0 0 1,
  0 0 1,0 0 1,
  0 0 1,0 0 1,
  0 0 1,0 0 1,
  0 0 1,0 0 1,
  0 0 1,0 0 1,
  0 0 1,0 0 1,
  0 0 1,0 0 1,
  0 0 1,0 0 1,
  0 0 1,0 0 1,
  0 0 1,0 0 1,
  0 0 1,0 0 1,
  0 0 1,0 0 1,
  0 0 1,0 0 1,
  0 0 1,0 0 1,
  0 0 1,0 0 1,
  0 0 1,0 0 1,
  0 0 1,0 0 1,
  0 0 1,0 0 1,
  0 0 1,0 0 1,
  0 0 1,0 0 1,
  0 0 1,0 0 1,
  0 0 1,0 0 1,
  0 0 1,0 0 1,
  0 0 1,0 0 1,
  0 0 1,0 0 1,
  0 0 1,0 0 1,
  0 0 1,0 0 1,
  0 0 1,0 0 1,
  0 0 1,0 0 1,
  0 0 1,0 0 1,
  0 0 1,0 0 1,
  0 0 1,0 0 1,
  0 0 1,0 0 1,
  0 0 1,0 0 1,
  0 0 1,0 0 1,
  0 0 1,0 0 1,
  0 0 1,0 0 1,
  0 0 1,0 0 1,
  0 0 1,0 0 1,
  0 0 1,0 0 1,
  0 0 1,0 0 1,
  0 0 1,0 0 1,
  0 0 1,0 0 1,
  0 0 1,0 0 1,
  0 0 1,0 0 1,
  0 0 1,0 0 1,
  0 0 1,0 0 1,
  0 0 1,0 0 1,
  0 0 1,0 0 1,
  0 0 1,0 0 1,
  0 0 1,0 0 1,
  0 0 1,0 0 1,
  0 0 1,0 0 1,
  0 0 1,0 0 1,
  0 0 1,0 0 1] }
}
}
] }
DEF TXFM_24 Transform {
  center 0 0 0
  rotation 0 0 1 0
  scale 1 1 1
  scaleOrientation 0 0 1 0
  translation 0 0 0
 children [
DEF SHAPE_96 Shape {
 appearance DEF APP_8 Appearance {
  material Material {
   ambientIntensity 1
   diffuseColor 0.079999998 0.2 0.14
   emissiveColor 0 0 0
   shininess 0.30000001
   specularColor 0.35600001 0.44 0.398
   transparency 0.17
} }
 geometry DEF FACE_96 IndexedFaceSet {
  coord DEF COORD_96 Coordinate { point [
  -11.536925 15.228466 -0.31988189,-11.538919 15.238489 -0.31988189,
  -11.558761 15.289046 -0.31988189,-11.581675 15.389439 -0.31988189,
  -11.58937 15.492126 -0.31988189,-11.581675 15.594813 -0.31988189,
  -11.558761 15.695206 -0.31988189,-11.538919 15.745763 -0.31988189,
  -11.536925 15.755786 -0.31988189,-11.532223 15.762822 -0.31988189,
  -11.52114 15.791062 -0.31988189,-11.469653 15.88024 -0.31988189,
  -11.405449 15.960749 -0.31988189,-11.391039 15.97412 -0.31988189,
  -11.387574 15.979306 -0.31988189,-11.379984 15.984377 -0.31988189,
  -11.329963 16.030789 -0.31988189,-11.244882 16.088797 -0.31988189,
  -11.169066 16.125308 -0.31988189,-11.164054 16.128657 -0.31988189,
  -11.160745 16.129315 -0.31988189,-11.152105 16.133476 -0.31988189,
  -11.053706 16.163828 -0.31988189,-10.951881 16.179176 -0.31988189,
  -10.910078 16.179176 -0.31988189,-10.900394 16.181102 -0.31988189,
  -10.890709 16.179176 -0.31988189,-10.848906 16.179176 -0.31988189,
  -10.747082 16.163828 -0.31988189,-10.648682 16.133476 -0.31988189,
  -10.640043 16.129315 -0.31988189,-10.636734 16.128657 -0.31988189,
  -10.631722 16.125308 -0.31988189,-10.555906 16.088797 -0.31988189,
  -10.470824 16.030789 -0.31988189,-10.420803 15.984377 -0.31988189,
  -10.413214 15.979306 -0.31988189,-10.409748 15.97412 -0.31988189,
  -10.395338 15.960749 -0.31988189,-10.331135 15.88024 -0.31988189,
  -10.279647 15.791062 -0.31988189,-10.268564 15.762822 -0.31988189,
  -10.263863 15.755786 -0.31988189,-10.261869 15.745763 -0.31988189,
  -10.242027 15.695206 -0.31988189,-10.219113 15.594813 -0.31988189,
  -10.211417 15.492126 -0.31988189,-10.219113 15.389439 -0.31988189,
  -10.242027 15.289046 -0.31988189,-10.261869 15.238489 -0.31988189,
  -10.263863 15.228466 -0.31988189,-10.268564 15.22143 -0.31988189,
  -10.279647 15.19319 -0.31988189,-10.331135 15.104012 -0.31988189,
  -10.395338 15.023503 -0.31988189,-10.409748 15.010132 -0.31988189,
  -10.413214 15.004946 -0.31988189,-10.420803 14.999875 -0.31988189,
  -10.470824 14.953463 -0.31988189,-10.555906 14.895455 -0.31988189,
  -10.631722 14.858944 -0.31988189,-10.636734 14.855595 -0.31988189,
  -10.640043 14.854937 -0.31988189,-10.648682 14.850776 -0.31988189,
  -10.747082 14.820424 -0.31988189,-10.848906 14.805076 -0.31988189,
  -10.890709 14.805076 -0.31988189,-10.900394 14.80315 -0.31988189,
  -10.910078 14.805076 -0.31988189,-10.951881 14.805076 -0.31988189,
  -11.053706 14.820424 -0.31988189,-11.152105 14.850776 -0.31988189,
  -11.160745 14.854937 -0.31988189,-11.164054 14.855595 -0.31988189,
  -11.169066 14.858944 -0.31988189,-11.244882 14.895455 -0.31988189,
  -11.329963 14.953463 -0.31988189,-11.379984 14.999875 -0.31988189,
  -11.387574 15.004946 -0.31988189,-11.391039 15.010132 -0.31988189,
  -11.405449 15.023503 -0.31988189,-11.469653 15.104012 -0.31988189,
  -11.52114 15.19319 -0.31988189,-11.532223 15.22143 -0.31988189,
  -11.535433 -15.354331 -0.31988189,-11.527738 -15.251644 -0.31988189,
  -11.504824 -15.151251 -0.31988189,-11.484982 -15.100694 -0.31988189,
  -11.482988 -15.090671 -0.31988189,-11.478286 -15.083634 -0.31988189,
  -11.467203 -15.055395 -0.31988189,-11.415716 -14.966217 -0.31988189,
  -11.351512 -14.885708 -0.31988189,-11.337102 -14.872337 -0.31988189,
  -11.333637 -14.867151 -0.31988189,-11.326047 -14.86208 -0.31988189,
  -11.276026 -14.815667 -0.31988189,-11.190945 -14.75766 -0.31988189,
  -11.115129 -14.721148 -0.31988189,-11.110117 -14.7178 -0.31988189,
  -11.106808 -14.717141 -0.31988189,-11.098168 -14.712981 -0.31988189,
  -10.999769 -14.682628 -0.31988189,-10.897944 -14.667281 -0.31988189,
  -10.856141 -14.667281 -0.31988189,-10.846457 -14.665354 -0.31988189,
  -10.836772 -14.667281 -0.31988189,-10.794969 -14.667281 -0.31988189,
  -10.693145 -14.682628 -0.31988189,-10.594745 -14.712981 -0.31988189,
  -10.586106 -14.717142 -0.31988189,-10.582797 -14.7178 -0.31988189,
  -10.577785 -14.721149 -0.31988189,-10.501969 -14.75766 -0.31988189,
  -10.416887 -14.815667 -0.31988189,-10.366866 -14.86208 -0.31988189,
  -10.359277 -14.867151 -0.31988189,-10.355811 -14.872337 -0.31988189,
  -10.341401 -14.885708 -0.31988189,-10.277198 -14.966217 -0.31988189,
  -10.22571 -15.055395 -0.31988189,-10.214627 -15.083634 -0.31988189,
  -10.209926 -15.090671 -0.31988189,-10.207932 -15.100694 -0.31988189,
  -10.18809 -15.151251 -0.31988189,-10.165176 -15.251644 -0.31988189,
  -10.15748 -15.354331 -0.31988189,-10.160903 -15.4 -0.31988189,
  -10.165176 -15.457017 -0.31988189,-10.18809 -15.55741 -0.31988189,
  -10.207932 -15.607967 -0.31988189,-10.209926 -15.617991 -0.31988189,
  -10.214627 -15.625027 -0.31988189,-10.22571 -15.653267 -0.31988189,
  -10.277198 -15.742445 -0.31988189,-10.341401 -15.822954 -0.31988189,
  -10.355811 -15.836325 -0.31988189,-10.359277 -15.841511 -0.31988189,
  -10.366866 -15.846582 -0.31988189,-10.416887 -15.892994 -0.31988189,
  -10.501969 -15.951002 -0.31988189,-10.577785 -15.987514 -0.31988189,
  -10.582797 -15.990862 -0.31988189,-10.586106 -15.99152 -0.31988189,
  -10.594745 -15.995681 -0.31988189,-10.693145 -16.026033 -0.31988189,
  -10.794969 -16.041381 -0.31988189,-10.836772 -16.041381 -0.31988189,
  -10.846457 -16.043307 -0.31988189,-10.856141 -16.041381 -0.31988189,
  -10.897944 -16.041381 -0.31988189,-10.999769 -16.026033 -0.31988189,
  -11.098168 -15.995681 -0.31988189,-11.106808 -15.99152 -0.31988189,
  -11.110117 -15.990862 -0.31988189,-11.115129 -15.987512 -0.31988189,
  -11.190945 -15.951002 -0.31988189,-11.276026 -15.892994 -0.31988189,
  -11.326047 -15.846582 -0.31988189,-11.333637 -15.841511 -0.31988189,
  -11.337102 -15.836325 -0.31988189,-11.351512 -15.822954 -0.31988189,
  -11.415716 -15.742445 -0.31988189,-11.467203 -15.653267 -0.31988189,
  -11.478286 -15.625027 -0.31988189,-11.482988 -15.617991 -0.31988189,
  -11.484982 -15.607967 -0.31988189,-11.504824 -15.55741 -0.31988189,
  -11.527738 -15.457017 -0.31988189,-15.866142 12.027559 -0.31988189,
  -15.858446 12.130246 -0.31988189,-15.835532 12.230639 -0.31988189,
  -15.81569 12.281196 -0.31988189,-15.813697 12.291219 -0.31988189,
  -15.808995 12.298255 -0.31988189,-15.797912 12.326495 -0.31988189,
  -15.746424 12.415673 -0.31988189,-15.682221 12.496182 -0.31988189,
  -15.667811 12.509553 -0.31988189,-15.664345 12.514739 -0.31988189,
  -15.656756 12.51981 -0.31988189,-15.606735 12.566222 -0.31988189,
  -15.521654 12.62423 -0.31988189,-15.445837 12.660741 -0.31988189,
  -15.440825 12.66409 -0.31988189,-15.437516 12.664748 -0.31988189,
  -15.428877 12.668909 -0.31988189,-15.330477 12.699261 -0.31988189,
  -15.228653 12.714609 -0.31988189,-15.18685 12.714609 -0.31988189,
  -15.177165 12.716535 -0.31988189,-15.167481 12.714609 -0.31988189,
  -15.125678 12.714609 -0.31988189,-15.023854 12.699261 -0.31988189,
  -14.925454 12.668909 -0.31988189,-14.916814 12.664748 -0.31988189,
  -14.913506 12.66409 -0.31988189,-14.908493 12.660741 -0.31988189,
  -14.832677 12.62423 -0.31988189,-14.747596 12.566222 -0.31988189,
  -14.697575 12.51981 -0.31988189,-14.689985 12.514739 -0.31988189,
  -14.68652 12.509553 -0.31988189,-14.67211 12.496182 -0.31988189,
  -14.607906 12.415673 -0.31988189,-14.556419 12.326495 -0.31988189,
  -14.545336 12.298255 -0.31988189,-14.540634 12.291219 -0.31988189,
  -14.53864 12.281196 -0.31988189,-14.518798 12.230639 -0.31988189,
  -14.495884 12.130246 -0.31988189,-14.488189 12.027559 -0.31988189,
  -14.495884 11.924872 -0.31988189,-14.518798 11.82448 -0.31988189,
  -14.53864 11.773922 -0.31988189,-14.540634 11.763899 -0.31988189,
  -14.545336 11.756863 -0.31988189,-14.556419 11.728623 -0.31988189,
  -14.607906 11.639445 -0.31988189,-14.67211 11.558936 -0.31988189,
  -14.68652 11.545565 -0.31988189,-14.689985 11.540379 -0.31988189,
  -14.697575 11.535308 -0.31988189,-14.747596 11.488896 -0.31988189,
  -14.832677 11.430888 -0.31988189,-14.908493 11.394377 -0.31988189,
  -14.913506 11.391028 -0.31988189,-14.916814 11.39037 -0.31988189,
  -14.925454 11.386209 -0.31988189,-15.023854 11.355857 -0.31988189,
  -15.125678 11.340509 -0.31988189,-15.167481 11.340509 -0.31988189,
  -15.177165 11.338583 -0.31988189,-15.18685 11.340509 -0.31988189,
  -15.228653 11.340509 -0.31988189,-15.330477 11.355857 -0.31988189,
  -15.428877 11.386209 -0.31988189,-15.437516 11.39037 -0.31988189,
  -15.440825 11.391028 -0.31988189,-15.445837 11.394377 -0.31988189,
  -15.521654 11.430888 -0.31988189,-15.606735 11.488896 -0.31988189,
  -15.656756 11.535308 -0.31988189,-15.664345 11.540379 -0.31988189,
  -15.667811 11.545565 -0.31988189,-15.682221 11.558936 -0.31988189,
  -15.746424 11.639445 -0.31988189,-15.797912 11.728623 -0.31988189,
  -15.808995 11.756863 -0.31988189,-15.813697 11.763899 -0.31988189,
  -15.81569 11.773922 -0.31988189,-15.835532 11.82448 -0.31988189,
  -15.858446 11.924872 -0.31988189,-16.751969 16.751969 -0.31988189,
  -16.751969 15.492126 -0.31988189,-16.751969 14.468504 -0.31988189,
  -16.751969 12.027559 -0.31988189,-16.751969 7.7755906 -0.31988189,
  -16.751969 5.8070866 -0.31988189,-16.751969 3.1299213 -0.31988189,
  -16.751969 1.1220472 -0.31988189,-16.751969 -0.84645669 -0.31988189,
  -16.751969 -2.8937008 -0.31988189,-16.751969 -7.3031496 -0.31988189,
  -16.751969 -9.2716535 -0.31988189,-16.751969 -12.38189 -0.31988189,
  -16.751969 -15.354331 -0.31988189,-16.751969 -16.751969 -0.31988189,
  16.751969 -16.751969 -0.31988189,16.751969 16.751969 -0.31988189,
  -15.866142 -12.38189 -0.31988189,-15.858446 -12.279203 -0.31988189,
  -15.835532 -12.17881 -0.31988189,-15.81569 -12.128253 -0.31988189,
  -15.813697 -12.11823 -0.31988189,-15.808995 -12.111193 -0.31988189,
  -15.797912 -12.082954 -0.31988189,-15.746424 -11.993776 -0.31988189,
  -15.682221 -11.913267 -0.31988189,-15.667811 -11.899896 -0.31988189,
  -15.664345 -11.89471 -0.31988189,-15.656756 -11.889639 -0.31988189,
  -15.606735 -11.843226 -0.31988189,-15.521654 -11.785219 -0.31988189,
  -15.445837 -11.748707 -0.31988189,-15.440825 -11.745359 -0.31988189,
  -15.437516 -11.7447 -0.31988189,-15.428877 -11.74054 -0.31988189,
  -15.330477 -11.710187 -0.31988189,-15.228653 -11.69484 -0.31988189,
  -15.18685 -11.69484 -0.31988189,-15.177165 -11.692913 -0.31988189,
  -15.167481 -11.69484 -0.31988189,-15.125678 -11.69484 -0.31988189,
  -15.023854 -11.710187 -0.31988189,-14.925454 -11.74054 -0.31988189,
  -14.916814 -11.744701 -0.31988189,-14.913506 -11.745359 -0.31988189,
  -14.908493 -11.748708 -0.31988189,-14.832677 -11.785219 -0.31988189,
  -14.747596 -11.843226 -0.31988189,-14.697575 -11.889639 -0.31988189,
  -14.689985 -11.89471 -0.31988189,-14.68652 -11.899896 -0.31988189,
  -14.67211 -11.913267 -0.31988189,-14.607906 -11.993776 -0.31988189,
  -14.556419 -12.082954 -0.31988189,-14.545336 -12.111193 -0.31988189,
  -14.540634 -12.11823 -0.31988189,-14.53864 -12.128253 -0.31988189,
  -14.518798 -12.17881 -0.31988189,-14.495884 -12.279203 -0.31988189,
  -14.488189 -12.38189 -0.31988189,-14.495884 -12.484576 -0.31988189,
  -14.518798 -12.584969 -0.31988189,-14.53864 -12.635526 -0.31988189,
  -14.540634 -12.64555 -0.31988189,-14.545336 -12.652586 -0.31988189,
  -14.556419 -12.680826 -0.31988189,-14.607906 -12.770004 -0.31988189,
  -14.67211 -12.850513 -0.31988189,-14.68652 -12.863884 -0.31988189,
  -14.689985 -12.86907 -0.31988189,-14.697575 -12.874141 -0.31988189,
  -14.747596 -12.920553 -0.31988189,-14.832677 -12.978561 -0.31988189,
  -14.908493 -13.015073 -0.31988189,-14.913506 -13.018421 -0.31988189,
  -14.916814 -13.019079 -0.31988189,-14.925454 -13.02324 -0.31988189,
  -15.023854 -13.053592 -0.31988189,-15.125678 -13.06894 -0.31988189,
  -15.167481 -13.06894 -0.31988189,-15.177165 -13.070866 -0.31988189,
  -15.18685 -13.06894 -0.31988189,-15.228653 -13.06894 -0.31988189,
  -15.330477 -13.053592 -0.31988189,-15.428877 -13.02324 -0.31988189,
  -15.437516 -13.019079 -0.31988189,-15.440825 -13.018421 -0.31988189,
  -15.445837 -13.015071 -0.31988189,-15.521654 -12.978561 -0.31988189,
  -15.606735 -12.920553 -0.31988189,-15.656756 -12.874141 -0.31988189,
  -15.664345 -12.86907 -0.31988189,-15.667811 -12.863884 -0.31988189,
  -15.682221 -12.850513 -0.31988189,-15.746424 -12.770004 -0.31988189,
  -15.797912 -12.680826 -0.31988189,-15.808995 -12.652586 -0.31988189,
  -15.813697 -12.64555 -0.31988189,-15.81569 -12.635526 -0.31988189,
  -15.835532 -12.584969 -0.31988189,-15.858446 -12.484576 -0.31988189,
  16.088976 15.492126 -0.31988189,16.081281 15.389439 -0.31988189,
  16.058367 15.289046 -0.31988189,16.038525 15.238489 -0.31988189,
  16.036531 15.228466 -0.31988189,16.031829 15.22143 -0.31988189,
  16.020746 15.19319 -0.31988189,15.969259 15.104012 -0.31988189,
  15.905056 15.023503 -0.31988189,15.890646 15.010132 -0.31988189,
  15.88718 15.004946 -0.31988189,15.87959 14.999875 -0.31988189,
  15.82957 14.953463 -0.31988189,15.744488 14.895455 -0.31988189,
  15.668673 14.858944 -0.31988189,15.66366 14.855595 -0.31988189,
  15.660351 14.854937 -0.31988189,15.651711 14.850776 -0.31988189,
  15.553312 14.820424 -0.31988189,15.451487 14.805076 -0.31988189,
  15.409685 14.805076 -0.31988189,15.4 14.80315 -0.31988189,
  15.390316 14.805076 -0.31988189,15.348513 14.805076 -0.31988189,
  15.246688 14.820424 -0.31988189,15.148289 14.850776 -0.31988189,
  15.139649 14.854937 -0.31988189,15.13634 14.855595 -0.31988189,
  15.131328 14.858944 -0.31988189,15.055512 14.895455 -0.31988189,
  14.97043 14.953463 -0.31988189,14.92041 14.999875 -0.31988189,
  14.91282 15.004946 -0.31988189,14.909355 15.010132 -0.31988189,
  14.894944 15.023503 -0.31988189,14.830741 15.104012 -0.31988189,
  14.779254 15.19319 -0.31988189,14.76817 15.22143 -0.31988189,
  14.763469 15.228466 -0.31988189,14.761475 15.238489 -0.31988189,
  14.741633 15.289046 -0.31988189,14.718719 15.389439 -0.31988189,
  14.711024 15.492126 -0.31988189,14.718719 15.594813 -0.31988189,
  14.741633 15.695206 -0.31988189,14.761475 15.745763 -0.31988189,
  14.763469 15.755786 -0.31988189,14.76817 15.762822 -0.31988189,
  14.779254 15.791062 -0.31988189,14.830741 15.88024 -0.31988189,
  14.894944 15.960749 -0.31988189,14.909355 15.97412 -0.31988189,
  14.91282 15.979306 -0.31988189,14.92041 15.984377 -0.31988189,
  14.97043 16.030789 -0.31988189,15.055512 16.088797 -0.31988189,
  15.131328 16.125308 -0.31988189,15.13634 16.128657 -0.31988189,
  15.139649 16.129315 -0.31988189,15.148289 16.133476 -0.31988189,
  15.246688 16.163828 -0.31988189,15.348513 16.179176 -0.31988189,
  15.390316 16.179176 -0.31988189,15.4 16.181102 -0.31988189,
  15.409685 16.179176 -0.31988189,15.451487 16.179176 -0.31988189,
  15.553312 16.163828 -0.31988189,15.651711 16.133476 -0.31988189,
  15.660351 16.129315 -0.31988189,15.66366 16.128657 -0.31988189,
  15.668673 16.125308 -0.31988189,15.744488 16.088797 -0.31988189,
  15.82957 16.030789 -0.31988189,15.87959 15.984377 -0.31988189,
  15.88718 15.979306 -0.31988189,15.890646 15.97412 -0.31988189,
  15.905056 15.960749 -0.31988189,15.969259 15.88024 -0.31988189,
  16.020746 15.791062 -0.31988189,16.031829 15.762822 -0.31988189,
  16.036531 15.755786 -0.31988189,16.038525 15.745763 -0.31988189,
  16.058367 15.695206 -0.31988189,16.081281 15.594813 -0.31988189,
  -3.8582677 12.027559 -0.31988189,-3.8505724 12.130246 -0.31988189,
  -3.8276583 12.230639 -0.31988189,-3.8078163 12.281196 -0.31988189,
  -3.8058225 12.291219 -0.31988189,-3.801121 12.298255 -0.31988189,
  -3.7900378 12.326495 -0.31988189,-3.7385504 12.415673 -0.31988189,
  -3.6743469 12.496182 -0.31988189,-3.6599364 12.509553 -0.31988189,
  -3.6564712 12.514739 -0.31988189,-3.6488816 12.51981 -0.31988189,
  -3.598861 12.566222 -0.31988189,-3.5137795 12.62423 -0.31988189,
  -3.4379635 12.660741 -0.31988189,-3.4329512 12.66409 -0.31988189,
  -3.4296425 12.664748 -0.31988189,-3.4210028 12.668909 -0.31988189,
  -3.3226031 12.699261 -0.31988189,-3.2207787 12.714609 -0.31988189,
  -3.1789757 12.714609 -0.31988189,-3.1692913 12.716535 -0.31988189,
  -3.1596065 12.714609 -0.31988189,-3.1178039 12.714609 -0.31988189,
  -3.0159795 12.699261 -0.31988189,-2.9175799 12.668909 -0.31988189,
  -2.9089401 12.664748 -0.31988189,-2.9056315 12.66409 -0.31988189,
  -2.9006191 12.660741 -0.31988189,-2.8248031 12.62423 -0.31988189,
  -2.7397217 12.566222 -0.31988189,-2.689701 12.51981 -0.31988189,
  -2.6821115 12.514739 -0.31988189,-2.678646 12.509553 -0.31988189,
  -2.6642358 12.496182 -0.31988189,-2.6000323 12.415673 -0.31988189,
  -2.5485449 12.326495 -0.31988189,-2.5374619 12.298255 -0.31988189,
  -2.5327602 12.291219 -0.31988189,-2.5307665 12.281196 -0.31988189,
  -2.5109244 12.230639 -0.31988189,-2.4880102 12.130246 -0.31988189,
  -2.480315 12.027559 -0.31988189,-2.4880102 11.924872 -0.31988189,
  -2.5109244 11.82448 -0.31988189,-2.5307665 11.773922 -0.31988189,
  -2.5327602 11.763899 -0.31988189,-2.5374619 11.756863 -0.31988189,
  -2.5485449 11.728623 -0.31988189,-2.6000323 11.639445 -0.31988189,
  -2.6642358 11.558936 -0.31988189,-2.678646 11.545565 -0.31988189,
  -2.6821115 11.540379 -0.31988189,-2.689701 11.535308 -0.31988189,
  -2.7397217 11.488896 -0.31988189,-2.8248031 11.430888 -0.31988189,
  -2.9006191 11.394377 -0.31988189,-2.9056315 11.391028 -0.31988189,
  -2.9089401 11.39037 -0.31988189,-2.9175799 11.386209 -0.31988189,
  -3.0159795 11.355857 -0.31988189,-3.1178039 11.340509 -0.31988189,
  -3.1596065 11.340509 -0.31988189,-3.1692913 11.338583 -0.31988189,
  -3.1789757 11.340509 -0.31988189,-3.2207787 11.340509 -0.31988189,
  -3.3226031 11.355857 -0.31988189,-3.4210028 11.386209 -0.31988189,
  -3.4296425 11.39037 -0.31988189,-3.4329512 11.391028 -0.31988189,
  -3.4379635 11.394377 -0.31988189,-3.5137795 11.430888 -0.31988189,
  -3.598861 11.488896 -0.31988189,-3.6488816 11.535308 -0.31988189,
  -3.6564712 11.540379 -0.31988189,-3.6599364 11.545565 -0.31988189,
  -3.6743469 11.558936 -0.31988189,-3.7385504 11.639445 -0.31988189,
  -3.7900378 11.728623 -0.31988189,-3.801121 11.756863 -0.31988189,
  -3.8058225 11.763899 -0.31988189,-3.8078163 11.773922 -0.31988189,
  -3.8276583 11.82448 -0.31988189,-3.8505724 11.924872 -0.31988189,
  -3.8900701 13.781454 -0.31988189,-3.9918945 13.796802 -0.31988189,
  -4.0902941 13.827154 -0.31988189,-4.0989339 13.831315 -0.31988189,
  -4.1022425 13.831973 -0.31988189,-4.1072548 13.835322 -0.31988189,
  -4.1830709 13.871833 -0.31988189,-4.2681524 13.929841 -0.31988189,
  -4.3181729 13.976253 -0.31988189,-4.3257625 13.981324 -0.31988189,
  -4.3292278 13.98651 -0.31988189,-4.3436382 13.999881 -0.31988189,
  -4.4078417 14.08039 -0.31988189,-4.4593291 14.169568 -0.31988189,
  -4.4704123 14.197808 -0.31988189,-4.4751139 14.204844 -0.31988189,
  -4.4771076 14.214867 -0.31988189,-4.4969496 14.265424 -0.31988189,
  -4.5198638 14.365817 -0.31988189,-4.5275591 14.468504 -0.31988189,
  -4.5198638 14.571191 -0.31988189,-4.4969496 14.671583 -0.31988189,
  -4.4771076 14.722141 -0.31988189,-4.4751139 14.732164 -0.31988189,
  -4.4704123 14.7392 -0.31988189,-4.4593291 14.76744 -0.31988189,
  -4.4078417 14.856618 -0.31988189,-4.3436382 14.937127 -0.31988189,
  -4.3292278 14.950498 -0.31988189,-4.3257625 14.955684 -0.31988189,
  -4.3181729 14.960755 -0.31988189,-4.2681524 15.007167 -0.31988189,
  -4.1830709 15.065175 -0.31988189,-4.1072548 15.101686 -0.31988189,
  -4.1022425 15.105035 -0.31988189,-4.0989339 15.105693 -0.31988189,
  -4.0902941 15.109854 -0.31988189,-3.9918945 15.140206 -0.31988189,
  -3.8900701 15.155554 -0.31988189,-3.8482671 15.155554 -0.31988189,
  -3.8385827 15.15748 -0.31988189,-3.8288978 15.155554 -0.31988189,
  -3.7870953 15.155554 -0.31988189,-3.6852709 15.140206 -0.31988189,
  -3.5868713 15.109854 -0.31988189,-3.5782314 15.105693 -0.31988189,
  -3.5749228 15.105035 -0.31988189,-3.5699105 15.101686 -0.31988189,
  -3.4940945 15.065175 -0.31988189,-3.409013 15.007167 -0.31988189,
  -3.3589923 14.960755 -0.31988189,-3.3514028 14.955684 -0.31988189,
  -3.3479373 14.950498 -0.31988189,-3.3335272 14.937127 -0.31988189,
  -3.2693236 14.856618 -0.31988189,-3.2178362 14.76744 -0.31988189,
  -3.2067532 14.7392 -0.31988189,-3.2020515 14.732164 -0.31988189,
  -3.2000578 14.722141 -0.31988189,-3.1802157 14.671583 -0.31988189,
  -3.1573016 14.571191 -0.31988189,-3.1496063 14.468504 -0.31988189,
  -3.1573016 14.365817 -0.31988189,-3.1802157 14.265424 -0.31988189,
  -3.2000578 14.214867 -0.31988189,-3.2020515 14.204844 -0.31988189,
  -3.2067532 14.197808 -0.31988189,-3.2178362 14.169568 -0.31988189,
  -3.2693236 14.08039 -0.31988189,-3.3335272 13.999881 -0.31988189,
  -3.3479373 13.98651 -0.31988189,-3.3514028 13.981324 -0.31988189,
  -3.3589923 13.976253 -0.31988189,-3.409013 13.929841 -0.31988189,
  -3.4940945 13.871833 -0.31988189,-3.5699105 13.835322 -0.31988189,
  -3.5749228 13.831973 -0.31988189,-3.5782314 13.831315 -0.31988189,
  -3.5868713 13.827154 -0.31988189,-3.6852709 13.796802 -0.31988189,
  -3.7870953 13.781454 -0.31988189,-3.8288978 13.781454 -0.31988189,
  -3.8385827 13.779528 -0.31988189,-3.8482671 13.781454 -0.31988189,
  -3.8582677 -12.38189 -0.31988189,-3.8505724 -12.279203 -0.31988189,
  -3.8276583 -12.17881 -0.31988189,-3.8078163 -12.128253 -0.31988189,
  -3.8058225 -12.11823 -0.31988189,-3.801121 -12.111193 -0.31988189,
  -3.7900378 -12.082954 -0.31988189,-3.7385504 -11.993776 -0.31988189,
  -3.6743469 -11.913267 -0.31988189,-3.6599364 -11.899896 -0.31988189,
  -3.6564712 -11.89471 -0.31988189,-3.6488816 -11.889639 -0.31988189,
  -3.598861 -11.843226 -0.31988189,-3.5137795 -11.785219 -0.31988189,
  -3.4379635 -11.748707 -0.31988189,-3.4329512 -11.745359 -0.31988189,
  -3.4296425 -11.7447 -0.31988189,-3.4210028 -11.74054 -0.31988189,
  -3.3226031 -11.710187 -0.31988189,-3.2207787 -11.69484 -0.31988189,
  -3.1789757 -11.69484 -0.31988189,-3.1692913 -11.692913 -0.31988189,
  -3.1596065 -11.69484 -0.31988189,-3.1178039 -11.69484 -0.31988189,
  -3.0159795 -11.710187 -0.31988189,-2.9175799 -11.74054 -0.31988189,
  -2.9089401 -11.744701 -0.31988189,-2.9056315 -11.745359 -0.31988189,
  -2.9006191 -11.748708 -0.31988189,-2.8248031 -11.785219 -0.31988189,
  -2.7397217 -11.843226 -0.31988189,-2.689701 -11.889639 -0.31988189,
  -2.6821115 -11.89471 -0.31988189,-2.678646 -11.899896 -0.31988189,
  -2.6642358 -11.913267 -0.31988189,-2.6000323 -11.993776 -0.31988189,
  -2.5485449 -12.082954 -0.31988189,-2.5374619 -12.111193 -0.31988189,
  -2.5327602 -12.11823 -0.31988189,-2.5307665 -12.128253 -0.31988189,
  -2.5109244 -12.17881 -0.31988189,-2.4880102 -12.279203 -0.31988189,
  -2.480315 -12.38189 -0.31988189,-2.4880102 -12.484576 -0.31988189,
  -2.5109244 -12.584969 -0.31988189,-2.5307665 -12.635526 -0.31988189,
  -2.5327602 -12.64555 -0.31988189,-2.5374619 -12.652586 -0.31988189,
  -2.5485449 -12.680826 -0.31988189,-2.6000323 -12.770004 -0.31988189,
  -2.6642358 -12.850513 -0.31988189,-2.678646 -12.863884 -0.31988189,
  -2.6821115 -12.86907 -0.31988189,-2.689701 -12.874141 -0.31988189,
  -2.7397217 -12.920553 -0.31988189,-2.8248031 -12.978561 -0.31988189,
  -2.9006191 -13.015073 -0.31988189,-2.9056315 -13.018421 -0.31988189,
  -2.9089401 -13.019079 -0.31988189,-2.9175799 -13.02324 -0.31988189,
  -3.0159795 -13.053592 -0.31988189,-3.1178039 -13.06894 -0.31988189,
  -3.1596065 -13.06894 -0.31988189,-3.1692913 -13.070866 -0.31988189,
  -3.1789757 -13.06894 -0.31988189,-3.2207787 -13.06894 -0.31988189,
  -3.3226031 -13.053592 -0.31988189,-3.4210028 -13.02324 -0.31988189,
  -3.4296425 -13.019079 -0.31988189,-3.4329512 -13.018421 -0.31988189,
  -3.4379635 -13.015071 -0.31988189,-3.5137795 -12.978561 -0.31988189,
  -3.598861 -12.920553 -0.31988189,-3.6488816 -12.874141 -0.31988189,
  -3.6564712 -12.86907 -0.31988189,-3.6599364 -12.863884 -0.31988189,
  -3.6743469 -12.850513 -0.31988189,-3.7385504 -12.770004 -0.31988189,
  -3.7900378 -12.680826 -0.31988189,-3.801121 -12.652586 -0.31988189,
  -3.8058225 -12.64555 -0.31988189,-3.8078163 -12.635526 -0.31988189,
  -3.8276583 -12.584969 -0.31988189,-3.8505724 -12.484576 -0.31988189,
  -5.1574803 14.468504 -0.31988189,-5.1651756 14.365817 -0.31988189,
  -5.1880898 14.265424 -0.31988189,-5.2079318 14.214867 -0.31988189,
  -5.2099255 14.204844 -0.31988189,-5.2146272 14.197808 -0.31988189,
  -5.2257102 14.169568 -0.31988189,-5.2771976 14.08039 -0.31988189,
  -5.3414012 13.999881 -0.31988189,-5.3558114 13.98651 -0.31988189,
  -5.3592768 13.981324 -0.31988189,-5.3668663 13.976253 -0.31988189,
  -5.416887 13.929841 -0.31988189,-5.5019685 13.871833 -0.31988189,
  -5.5777845 13.835322 -0.31988189,-5.5827968 13.831973 -0.31988189,
  -5.5861055 13.831315 -0.31988189,-5.5947453 13.827154 -0.31988189,
  -5.6931449 13.796802 -0.31988189,-5.7949693 13.781454 -0.31988189,
  -5.8367719 13.781454 -0.31988189,-5.8464567 13.779528 -0.31988189,
  -5.8561411 13.781454 -0.31988189,-5.8979441 13.781454 -0.31988189,
  -5.9997685 13.796802 -0.31988189,-6.0981681 13.827154 -0.31988189,
  -6.1068079 13.831315 -0.31988189,-6.1101165 13.831973 -0.31988189,
  -6.1151288 13.835322 -0.31988189,-6.1909449 13.871833 -0.31988189,
  -6.2760264 13.929841 -0.31988189,-6.326047 13.976253 -0.31988189,
  -6.3336366 13.981324 -0.31988189,-6.3371018 13.98651 -0.31988189,
  -6.3515122 13.999881 -0.31988189,-6.4157157 14.08039 -0.31988189,
  -6.4672031 14.169568 -0.31988189,-6.4782863 14.197808 -0.31988189,
  -6.4829879 14.204844 -0.31988189,-6.4849816 14.214867 -0.31988189,
  -6.5048236 14.265424 -0.31988189,-6.5277378 14.365817 -0.31988189,
  -6.5354331 14.468504 -0.31988189,-6.5277378 14.571191 -0.31988189,
  -6.5048236 14.671583 -0.31988189,-6.4849816 14.722141 -0.31988189,
  -6.4829879 14.732164 -0.31988189,-6.4782863 14.7392 -0.31988189,
  -6.4672031 14.76744 -0.31988189,-6.4157157 14.856618 -0.31988189,
  -6.3515122 14.937127 -0.31988189,-6.3371018 14.950498 -0.31988189,
  -6.3336366 14.955684 -0.31988189,-6.326047 14.960755 -0.31988189,
  -6.2760264 15.007167 -0.31988189,-6.1909449 15.065175 -0.31988189,
  -6.1151288 15.101686 -0.31988189,-6.1101165 15.105035 -0.31988189,
  -6.1068079 15.105693 -0.31988189,-6.0981681 15.109854 -0.31988189,
  -5.9997685 15.140206 -0.31988189,-5.8979441 15.155554 -0.31988189,
  -5.8561411 15.155554 -0.31988189,-5.8464567 15.15748 -0.31988189,
  -5.8367719 15.155554 -0.31988189,-5.7949693 15.155554 -0.31988189,
  -5.6931449 15.140206 -0.31988189,-5.5947453 15.109854 -0.31988189,
  -5.5861055 15.105693 -0.31988189,-5.5827968 15.105035 -0.31988189,
  -5.5777845 15.101686 -0.31988189,-5.5019685 15.065175 -0.31988189,
  -5.416887 15.007167 -0.31988189,-5.3668663 14.960755 -0.31988189,
  -5.3592768 14.955684 -0.31988189,-5.3558114 14.950498 -0.31988189,
  -5.3414012 14.937127 -0.31988189,-5.2771976 14.856618 -0.31988189,
  -5.2257102 14.76744 -0.31988189,-5.2146272 14.7392 -0.31988189,
  -5.2099255 14.732164 -0.31988189,-5.2079318 14.722141 -0.31988189,
  -5.1880898 14.671583 -0.31988189,-5.1651756 14.571191 -0.31988189,
  14.448819 7.7755906 -0.31988189,14.456514 7.8782772 -0.31988189,
  14.479428 7.9786701 -0.31988189,14.49927 8.0292272 -0.31988189,
  14.501264 8.0392504 -0.31988189,14.505965 8.046287 -0.31988189,
  14.517049 8.0745264 -0.31988189,14.568536 8.1637047 -0.31988189,
  14.63274 8.2442134 -0.31988189,14.64715 8.2575841 -0.31988189,
  14.650615 8.2627704 -0.31988189,14.658205 8.2678415 -0.31988189,
  14.708226 8.3142539 -0.31988189,14.793307 8.3722614 -0.31988189,
  14.869123 8.4087729 -0.31988189,14.874135 8.4121217 -0.31988189,
  14.877444 8.4127799 -0.31988189,14.886084 8.4169406 -0.31988189,
  14.984483 8.4472929 -0.31988189,15.086308 8.4626406 -0.31988189,
  15.128111 8.4626405 -0.31988189,15.137795 8.4645669 -0.31988189,
  15.147481 8.4626404 -0.31988189,15.189283 8.4626406 -0.31988189,
  15.291107 8.4472929 -0.31988189,15.389507 8.4169406 -0.31988189,
  15.398147 8.4127798 -0.31988189,15.401455 8.4121217 -0.31988189,
  15.406468 8.4087726 -0.31988189,15.482283 8.3722614 -0.31988189,
  15.567365 8.3142539 -0.31988189,15.617386 8.2678416 -0.31988189,
  15.624975 8.2627704 -0.31988189,15.628441 8.2575841 -0.31988189,
  15.642851 8.2442134 -0.31988189,15.707054 8.1637047 -0.31988189,
  15.758542 8.0745264 -0.31988189,15.769625 8.046287 -0.31988189,
  15.774326 8.0392504 -0.31988189,15.77632 8.0292272 -0.31988189,
  15.796162 7.9786701 -0.31988189,15.819076 7.8782772 -0.31988189,
  15.826772 7.7755906 -0.31988189,15.819076 7.6729039 -0.31988189,
  15.796162 7.572511 -0.31988189,15.77632 7.5219539 -0.31988189,
  15.774326 7.5119307 -0.31988189,15.769625 7.5048943 -0.31988189,
  15.758542 7.4766547 -0.31988189,15.707054 7.3874764 -0.31988189,
  15.642851 7.3069677 -0.31988189,15.628441 7.2935968 -0.31988189,
  15.624975 7.2884107 -0.31988189,15.617386 7.2833396 -0.31988189,
  15.567365 7.2369272 -0.31988189,15.482283 7.1789197 -0.31988189,
  15.406468 7.1424081 -0.31988189,15.401455 7.1390594 -0.31988189,
  15.398147 7.1384011 -0.31988189,15.389507 7.1342406 -0.31988189,
  15.291107 7.1038882 -0.31988189,15.189283 7.0885406 -0.31988189,
  15.147481 7.0885403 -0.31988189,15.137795 7.0866142 -0.31988189,
  15.128111 7.0885404 -0.31988189,15.086308 7.0885406 -0.31988189,
  14.984483 7.1038882 -0.31988189,14.886084 7.1342406 -0.31988189,
  14.877444 7.1384013 -0.31988189,14.874135 7.1390594 -0.31988189,
  14.869123 7.1424085 -0.31988189,14.793307 7.1789197 -0.31988189,
  14.708226 7.2369272 -0.31988189,14.658205 7.2833395 -0.31988189,
  14.650615 7.2884107 -0.31988189,14.64715 7.2935968 -0.31988189,
  14.63274 7.3069677 -0.31988189,14.568536 7.3874764 -0.31988189,
  14.517049 7.4766547 -0.31988189,14.505965 7.5048943 -0.31988189,
  14.501264 7.5119307 -0.31988189,14.49927 7.5219539 -0.31988189,
  14.479428 7.572511 -0.31988189,14.456514 7.6729039 -0.31988189,
  14.448819 5.8070866 -0.31988189,14.456514 5.9097732 -0.31988189,
  14.479428 6.0101661 -0.31988189,14.49927 6.0607232 -0.31988189,
  14.501264 6.0707465 -0.31988189,14.505965 6.0777831 -0.31988189,
  14.517049 6.1060224 -0.31988189,14.568536 6.1952008 -0.31988189,
  14.63274 6.2757094 -0.31988189,14.64715 6.2890802 -0.31988189,
  14.650615 6.2942665 -0.31988189,14.658205 6.2993375 -0.31988189,
  14.708226 6.34575 -0.31988189,14.793307 6.4037575 -0.31988189,
  14.869123 6.440269 -0.31988189,14.874135 6.4436178 -0.31988189,
  14.877444 6.444276 -0.31988189,14.886084 6.4484366 -0.31988189,
  14.984483 6.478789 -0.31988189,15.086308 6.4941366 -0.31988189,
  15.128111 6.4941365 -0.31988189,15.137795 6.496063 -0.31988189,
  15.147481 6.4941364 -0.31988189,15.189283 6.4941366 -0.31988189,
  15.291107 6.478789 -0.31988189,15.389507 6.4484366 -0.31988189,
  15.398147 6.4442758 -0.31988189,15.401455 6.4436178 -0.31988189,
  15.406468 6.4402686 -0.31988189,15.482283 6.4037575 -0.31988189,
  15.567365 6.34575 -0.31988189,15.617386 6.2993376 -0.31988189,
  15.624975 6.2942665 -0.31988189,15.628441 6.2890801 -0.31988189,
  15.642851 6.2757094 -0.31988189,15.707054 6.1952008 -0.31988189,
  15.758542 6.1060224 -0.31988189,15.769625 6.077783 -0.31988189,
  15.774326 6.0707465 -0.31988189,15.77632 6.0607233 -0.31988189,
  15.796162 6.0101661 -0.31988189,15.819076 5.9097732 -0.31988189,
  15.826772 5.8070866 -0.31988189,15.819076 5.7044 -0.31988189,
  15.796162 5.6040071 -0.31988189,15.77632 5.55345 -0.31988189,
  15.774326 5.5434268 -0.31988189,15.769625 5.5363903 -0.31988189,
  15.758542 5.5081508 -0.31988189,15.707054 5.4189724 -0.31988189,
  15.642851 5.3384638 -0.31988189,15.628441 5.3250928 -0.31988189,
  15.624975 5.3199067 -0.31988189,15.617386 5.3148356 -0.31988189,
  15.567365 5.2684232 -0.31988189,15.482283 5.2104157 -0.31988189,
  15.406468 5.1739041 -0.31988189,15.401455 5.1705554 -0.31988189,
  15.398147 5.1698972 -0.31988189,15.389507 5.1657366 -0.31988189,
  15.291107 5.1353843 -0.31988189,15.189283 5.1200366 -0.31988189,
  15.147481 5.1200364 -0.31988189,15.137795 5.1181102 -0.31988189,
  15.128111 5.1200365 -0.31988189,15.086308 5.1200366 -0.31988189,
  14.984483 5.1353843 -0.31988189,14.886084 5.1657366 -0.31988189,
  14.877444 5.1698974 -0.31988189,14.874135 5.1705554 -0.31988189,
  14.869123 5.1739046 -0.31988189,14.793307 5.2104157 -0.31988189,
  14.708226 5.2684232 -0.31988189,14.658205 5.3148355 -0.31988189,
  14.650615 5.3199067 -0.31988189,14.64715 5.3250929 -0.31988189,
  14.63274 5.3384638 -0.31988189,14.568536 5.4189724 -0.31988189,
  14.517049 5.5081508 -0.31988189,14.505965 5.5363904 -0.31988189,
  14.501264 5.5434268 -0.31988189,14.49927 5.55345 -0.31988189,
  14.479428 5.6040071 -0.31988189,14.456514 5.7044 -0.31988189,
  14.448819 3.1299213 -0.31988189,14.456514 3.2326079 -0.31988189,
  14.479428 3.3330008 -0.31988189,14.49927 3.3835579 -0.31988189,
  14.501264 3.3935811 -0.31988189,14.505965 3.4006178 -0.31988189,
  14.517049 3.4288571 -0.31988189,14.568536 3.5180354 -0.31988189,
  14.63274 3.5985441 -0.31988189,14.64715 3.6119148 -0.31988189,
  14.650615 3.6171011 -0.31988189,14.658205 3.6221721 -0.31988189,
  14.708226 3.6685846 -0.31988189,14.793307 3.7265921 -0.31988189,
  14.869123 3.7631037 -0.31988189,14.874135 3.7664524 -0.31988189,
  14.877444 3.7671107 -0.31988189,14.886084 3.7712713 -0.31988189,
  14.984483 3.8016236 -0.31988189,15.086308 3.8169713 -0.31988189,
  15.128111 3.8169711 -0.31988189,15.137795 3.8188976 -0.31988189,
  15.147481 3.816971 -0.31988189,15.189283 3.8169713 -0.31988189,
  15.291107 3.8016236 -0.31988189,15.389507 3.7712713 -0.31988189,
  15.398147 3.7671105 -0.31988189,15.401455 3.7664524 -0.31988189,
  15.406468 3.7631032 -0.31988189,15.482283 3.7265921 -0.31988189,
  15.567365 3.6685846 -0.31988189,15.617386 3.6221723 -0.31988189,
  15.624975 3.6171011 -0.31988189,15.628441 3.6119148 -0.31988189,
  15.642851 3.5985441 -0.31988189,15.707054 3.5180354 -0.31988189,
  15.758542 3.4288571 -0.31988189,15.769625 3.4006177 -0.31988189,
  15.774326 3.3935811 -0.31988189,15.77632 3.3835579 -0.31988189,
  15.796162 3.3330008 -0.31988189,15.819076 3.2326079 -0.31988189,
  15.826772 3.1299213 -0.31988189,15.819076 3.0272346 -0.31988189,
  15.796162 2.9268417 -0.31988189,15.77632 2.8762847 -0.31988189,
  15.774326 2.8662614 -0.31988189,15.769625 2.859225 -0.31988189,
  15.758542 2.8309854 -0.31988189,15.707054 2.7418071 -0.31988189,
  15.642851 2.6612984 -0.31988189,15.628441 2.6479274 -0.31988189,
  15.624975 2.6427414 -0.31988189,15.617386 2.6376703 -0.31988189,
  15.567365 2.5912579 -0.31988189,15.482283 2.5332504 -0.31988189,
  15.406468 2.4967387 -0.31988189,15.401455 2.4933901 -0.31988189,
  15.398147 2.4927318 -0.31988189,15.389507 2.4885713 -0.31988189,
  15.291107 2.4582189 -0.31988189,15.189283 2.4428713 -0.31988189,
  15.147481 2.4428709 -0.31988189,15.137795 2.4409449 -0.31988189,
  15.128111 2.4428711 -0.31988189,15.086308 2.4428713 -0.31988189,
  14.984483 2.4582189 -0.31988189,14.886084 2.4885713 -0.31988189,
  14.877444 2.492732 -0.31988189,14.874135 2.4933901 -0.31988189,
  14.869123 2.4967393 -0.31988189,14.793307 2.5332504 -0.31988189,
  14.708226 2.5912579 -0.31988189,14.658205 2.6376701 -0.31988189,
  14.650615 2.6427414 -0.31988189,14.64715 2.6479275 -0.31988189,
  14.63274 2.6612984 -0.31988189,14.568536 2.7418071 -0.31988189,
  14.517049 2.8309854 -0.31988189,14.505965 2.8592251 -0.31988189,
  14.501264 2.8662614 -0.31988189,14.49927 2.8762846 -0.31988189,
  14.479428 2.9268417 -0.31988189,14.456514 3.0272346 -0.31988189,
  14.448819 1.1220472 -0.31988189,14.456514 1.2247339 -0.31988189,
  14.479428 1.3251268 -0.31988189,14.49927 1.3756839 -0.31988189,
  14.501264 1.3857071 -0.31988189,14.505965 1.3927438 -0.31988189,
  14.517049 1.4209831 -0.31988189,14.568536 1.5101614 -0.31988189,
  14.63274 1.5906701 -0.31988189,14.64715 1.6040408 -0.31988189,
  14.650615 1.6092271 -0.31988189,14.658205 1.6142981 -0.31988189,
  14.708226 1.6607106 -0.31988189,14.793307 1.7187181 -0.31988189,
  14.869123 1.7552297 -0.31988189,14.874135 1.7585784 -0.31988189,
  14.877444 1.7592366 -0.31988189,14.886084 1.7633972 -0.31988189,
  14.984483 1.7937496 -0.31988189,15.086308 1.8090972 -0.31988189,
  15.128111 1.8090971 -0.31988189,15.137795 1.8110236 -0.31988189,
  15.147481 1.8090969 -0.31988189,15.189283 1.8090972 -0.31988189,
  15.291107 1.7937496 -0.31988189,15.389507 1.7633972 -0.31988189,
  15.398147 1.7592364 -0.31988189,15.401455 1.7585784 -0.31988189,
  15.406468 1.7552291 -0.31988189,15.482283 1.7187181 -0.31988189,
  15.567365 1.6607106 -0.31988189,15.617386 1.6142983 -0.31988189,
  15.624975 1.6092271 -0.31988189,15.628441 1.6040407 -0.31988189,
  15.642851 1.5906701 -0.31988189,15.707054 1.5101614 -0.31988189,
  15.758542 1.4209831 -0.31988189,15.769625 1.3927437 -0.31988189,
  15.774326 1.3857071 -0.31988189,15.77632 1.3756839 -0.31988189,
  15.796162 1.3251268 -0.31988189,15.819076 1.2247339 -0.31988189,
  15.826772 1.1220472 -0.31988189,15.819076 1.0193606 -0.31988189,
  15.796162 0.91896772 -0.31988189,15.77632 0.86841066 -0.31988189,
  15.774326 0.8583874 -0.31988189,15.769625 0.85135101 -0.31988189,
  15.758542 0.82311142 -0.31988189,15.707054 0.73393307 -0.31988189,
  15.642851 0.65342441 -0.31988189,15.628441 0.64005341 -0.31988189,
  15.624975 0.63486738 -0.31988189,15.617386 0.62979626 -0.31988189,
  15.567365 0.58338386 -0.31988189,15.482283 0.52537638 -0.31988189,
  15.406468 0.48886463 -0.31988189,15.401455 0.48551607 -0.31988189,
  15.398147 0.48485778 -0.31988189,15.389507 0.48069724 -0.31988189,
  15.291107 0.45034488 -0.31988189,15.189283 0.43499724 -0.31988189,
  15.147481 0.43499688 -0.31988189,15.137795 0.43307087 -0.31988189,
  15.128111 0.43499706 -0.31988189,15.086308 0.43499724 -0.31988189,
  14.984483 0.45034488 -0.31988189,14.886084 0.48069724 -0.31988189,
  14.877444 0.48485801 -0.31988189,14.874135 0.48551607 -0.31988189,
  14.869123 0.4888653 -0.31988189,14.793307 0.52537638 -0.31988189,
  14.708226 0.58338386 -0.31988189,14.658205 0.62979608 -0.31988189,
  14.650615 0.63486738 -0.31988189,14.64715 0.6400535 -0.31988189,
  14.63274 0.65342441 -0.31988189,14.568536 0.73393307 -0.31988189,
  14.517049 0.82311142 -0.31988189,14.505965 0.85135107 -0.31988189,
  14.501264 0.8583874 -0.31988189,14.49927 0.86841062 -0.31988189,
  14.479428 0.91896772 -0.31988189,14.456514 1.0193606 -0.31988189,
  14.448819 -0.84645669 -0.31988189,14.456514 -0.74377008 -0.31988189,
  14.479428 -0.64337717 -0.31988189,14.49927 -0.59282007 -0.31988189,
  14.501264 -0.58279685 -0.31988189,14.505965 -0.57576015 -0.31988189,
  14.517049 -0.54752087 -0.31988189,14.568536 -0.45834252 -0.31988189,
  14.63274 -0.37783386 -0.31988189,14.64715 -0.36446316 -0.31988189,
  14.650615 -0.35927682 -0.31988189,14.658205 -0.35420586 -0.31988189,
  14.708226 -0.30779331 -0.31988189,14.793307 -0.24978583 -0.31988189,
  14.869123 -0.21327417 -0.31988189,14.874135 -0.20992552 -0.31988189,
  14.877444 -0.20926728 -0.31988189,14.886084 -0.20510669 -0.31988189,
  14.984483 -0.17475433 -0.31988189,15.086308 -0.15940669 -0.31988189,
  15.128111 -0.15940688 -0.31988189,15.137795 -0.15748031 -0.31988189,
  15.147481 -0.15940707 -0.31988189,15.189283 -0.15940669 -0.31988189,
  15.291107 -0.17475433 -0.31988189,15.389507 -0.20510669 -0.31988189,
  15.398147 -0.20926753 -0.31988189,15.401455 -0.20992552 -0.31988189,
  15.406468 -0.21327487 -0.31988189,15.482283 -0.24978583 -0.31988189,
  15.567365 -0.30779331 -0.31988189,15.617386 -0.35420567 -0.31988189,
  15.624975 -0.35927682 -0.31988189,15.628441 -0.36446325 -0.31988189,
  15.642851 -0.37783386 -0.31988189,15.707054 -0.45834252 -0.31988189,
  15.758542 -0.54752087 -0.31988189,15.769625 -0.57576021 -0.31988189,
  15.774326 -0.58279685 -0.31988189,15.77632 -0.59282002 -0.31988189,
  15.796162 -0.64337717 -0.31988189,15.819076 -0.74377008 -0.31988189,
  15.826772 -0.84645669 -0.31988189,15.819076 -0.94914331 -0.31988189,
  15.796162 -1.0495362 -0.31988189,15.77632 -1.1000933 -0.31988189,
  15.774326 -1.1101165 -0.31988189,15.769625 -1.1171529 -0.31988189,
  15.758542 -1.1453925 -0.31988189,15.707054 -1.2345709 -0.31988189,
  15.642851 -1.3150795 -0.31988189,15.628441 -1.3284505 -0.31988189,
  15.624975 -1.3336366 -0.31988189,15.617386 -1.3387077 -0.31988189,
  15.567365 -1.3851201 -0.31988189,15.482283 -1.4431276 -0.31988189,
  15.406468 -1.4796394 -0.31988189,15.401455 -1.4829879 -0.31988189,
  15.398147 -1.4836462 -0.31988189,15.389507 -1.4878067 -0.31988189,
  15.291107 -1.5181591 -0.31988189,15.189283 -1.5335067 -0.31988189,
  15.147481 -1.5335071 -0.31988189,15.137795 -1.5354331 -0.31988189,
  15.128111 -1.5335069 -0.31988189,15.086308 -1.5335067 -0.31988189,
  14.984483 -1.5181591 -0.31988189,14.886084 -1.4878067 -0.31988189,
  14.877444 -1.4836459 -0.31988189,14.874135 -1.4829879 -0.31988189,
  14.869123 -1.4796386 -0.31988189,14.793307 -1.4431276 -0.31988189,
  14.708226 -1.3851201 -0.31988189,14.658205 -1.3387079 -0.31988189,
  14.650615 -1.3336366 -0.31988189,14.64715 -1.3284505 -0.31988189,
  14.63274 -1.3150795 -0.31988189,14.568536 -1.2345709 -0.31988189,
  14.517049 -1.1453925 -0.31988189,14.505965 -1.1171528 -0.31988189,
  14.501264 -1.1101165 -0.31988189,14.49927 -1.1000933 -0.31988189,
  14.479428 -1.0495362 -0.31988189,14.456514 -0.94914331 -0.31988189,
  14.448819 -2.8937008 -0.31988189,14.456514 -2.7910142 -0.31988189,
  14.479428 -2.6906213 -0.31988189,14.49927 -2.6400642 -0.31988189,
  14.501264 -2.6300409 -0.31988189,14.505965 -2.6230042 -0.31988189,
  14.517049 -2.594765 -0.31988189,14.568536 -2.5055866 -0.31988189,
  14.63274 -2.425078 -0.31988189,14.64715 -2.4117073 -0.31988189,
  14.650615 -2.4065209 -0.31988189,14.658205 -2.40145 -0.31988189,
  14.708226 -2.3550374 -0.31988189,14.793307 -2.2970299 -0.31988189,
  14.869123 -2.2605182 -0.31988189,14.874135 -2.2571696 -0.31988189,
  14.877444 -2.2565114 -0.31988189,14.886084 -2.2523508 -0.31988189,
  14.984483 -2.2219984 -0.31988189,15.086308 -2.2066508 -0.31988189,
  15.128111 -2.206651 -0.31988189,15.137795 -2.2047244 -0.31988189,
  15.147481 -2.2066512 -0.31988189,15.189283 -2.2066508 -0.31988189,
  15.291107 -2.2219984 -0.31988189,15.389507 -2.2523508 -0.31988189,
  15.398147 -2.2565116 -0.31988189,15.401455 -2.2571696 -0.31988189,
  15.406468 -2.260519 -0.31988189,15.482283 -2.2970299 -0.31988189,
  15.567365 -2.3550374 -0.31988189,15.617386 -2.4014498 -0.31988189,
  15.624975 -2.4065209 -0.31988189,15.628441 -2.4117074 -0.31988189,
  15.642851 -2.425078 -0.31988189,15.707054 -2.5055866 -0.31988189,
  15.758542 -2.594765 -0.31988189,15.769625 -2.6230043 -0.31988189,
  15.774326 -2.6300409 -0.31988189,15.77632 -2.6400641 -0.31988189,
  15.796162 -2.6906213 -0.31988189,15.819076 -2.7910142 -0.31988189,
  15.826772 -2.8937008 -0.31988189,15.819076 -2.9963874 -0.31988189,
  15.796162 -3.0967803 -0.31988189,15.77632 -3.1473374 -0.31988189,
  15.774326 -3.1573606 -0.31988189,15.769625 -3.164397 -0.31988189,
  15.758542 -3.1926366 -0.31988189,15.707054 -3.281815 -0.31988189,
  15.642851 -3.3623236 -0.31988189,15.628441 -3.3756947 -0.31988189,
  15.624975 -3.3808807 -0.31988189,15.617386 -3.3859518 -0.31988189,
  15.567365 -3.4323642 -0.31988189,15.482283 -3.4903717 -0.31988189,
  15.406468 -3.5268835 -0.31988189,15.401455 -3.530232 -0.31988189,
  15.398147 -3.5308903 -0.31988189,15.389507 -3.5350508 -0.31988189,
  15.291107 -3.5654031 -0.31988189,15.189283 -3.5807508 -0.31988189,
  15.147481 -3.5807512 -0.31988189,15.137795 -3.5826772 -0.31988189,
  15.128111 -3.580751 -0.31988189,15.086308 -3.5807508 -0.31988189,
  14.984483 -3.5654031 -0.31988189,14.886084 -3.5350508 -0.31988189,
  14.877444 -3.53089 -0.31988189,14.874135 -3.530232 -0.31988189,
  14.869123 -3.5268827 -0.31988189,14.793307 -3.4903717 -0.31988189,
  14.708226 -3.4323642 -0.31988189,14.658205 -3.385952 -0.31988189,
  14.650615 -3.3808807 -0.31988189,14.64715 -3.3756946 -0.31988189,
  14.63274 -3.3623236 -0.31988189,14.568536 -3.281815 -0.31988189,
  14.517049 -3.1926366 -0.31988189,14.505965 -3.1643969 -0.31988189,
  14.501264 -3.1573606 -0.31988189,14.49927 -3.1473374 -0.31988189,
  14.479428 -3.0967803 -0.31988189,14.456514 -2.9963874 -0.31988189,
  14.448819 -7.3031496 -0.31988189,14.456514 -7.200463 -0.31988189,
  14.479428 -7.1000701 -0.31988189,14.49927 -7.049513 -0.31988189,
  14.501264 -7.0394898 -0.31988189,14.505965 -7.032453 -0.31988189,
  14.517049 -7.0042138 -0.31988189,14.568536 -6.9150354 -0.31988189,
  14.63274 -6.8345268 -0.31988189,14.64715 -6.8211561 -0.31988189,
  14.650615 -6.8159697 -0.31988189,14.658205 -6.8108988 -0.31988189,
  14.708226 -6.7644862 -0.31988189,14.793307 -6.7064787 -0.31988189,
  14.869123 -6.669967 -0.31988189,14.874135 -6.6666184 -0.31988189,
  14.877444 -6.6659602 -0.31988189,14.886084 -6.6617996 -0.31988189,
  14.984483 -6.6314472 -0.31988189,15.086308 -6.6160996 -0.31988189,
  15.128111 -6.6160999 -0.31988189,15.137795 -6.6141732 -0.31988189,
  15.147481 -6.6161001 -0.31988189,15.189283 -6.6160996 -0.31988189,
  15.291107 -6.6314472 -0.31988189,15.389507 -6.6617996 -0.31988189,
  15.398147 -6.6659605 -0.31988189,15.401455 -6.6666184 -0.31988189,
  15.406468 -6.6699679 -0.31988189,15.482283 -6.7064787 -0.31988189,
  15.567365 -6.7644862 -0.31988189,15.617386 -6.8108986 -0.31988189,
  15.624975 -6.8159697 -0.31988189,15.628441 -6.8211562 -0.31988189,
  15.642851 -6.8345268 -0.31988189,15.707054 -6.9150354 -0.31988189,
  15.758542 -7.0042138 -0.31988189,15.769625 -7.0324531 -0.31988189,
  15.774326 -7.0394898 -0.31988189,15.77632 -7.0495129 -0.31988189,
  15.796162 -7.1000701 -0.31988189,15.819076 -7.200463 -0.31988189,
  15.826772 -7.3031496 -0.31988189,15.819076 -7.4058362 -0.31988189,
  15.796162 -7.5062291 -0.31988189,15.77632 -7.5567862 -0.31988189,
  15.774326 -7.5668095 -0.31988189,15.769625 -7.5738458 -0.31988189,
  15.758542 -7.6020854 -0.31988189,15.707054 -7.6912638 -0.31988189,
  15.642851 -7.7717724 -0.31988189,15.628441 -7.7851435 -0.31988189,
  15.624975 -7.7903295 -0.31988189,15.617386 -7.7954006 -0.31988189,
  15.567365 -7.841813 -0.31988189,15.482283 -7.8998205 -0.31988189,
  15.406468 -7.9363324 -0.31988189,15.401455 -7.9396808 -0.31988189,
  15.398147 -7.9403391 -0.31988189,15.389507 -7.9444996 -0.31988189,
  15.291107 -7.974852 -0.31988189,15.189283 -7.9901996 -0.31988189,
  15.147481 -7.9902002 -0.31988189,15.137795 -7.992126 -0.31988189,
  15.128111 -7.9901999 -0.31988189,15.086308 -7.9901996 -0.31988189,
  14.984483 -7.974852 -0.31988189,14.886084 -7.9444996 -0.31988189,
  14.877444 -7.9403388 -0.31988189,14.874135 -7.9396808 -0.31988189,
  14.869123 -7.9363314 -0.31988189,14.793307 -7.8998205 -0.31988189,
  14.708226 -7.841813 -0.31988189,14.658205 -7.7954009 -0.31988189,
  14.650615 -7.7903295 -0.31988189,14.64715 -7.7851434 -0.31988189,
  14.63274 -7.7717724 -0.31988189,14.568536 -7.6912638 -0.31988189,
  14.517049 -7.6020854 -0.31988189,14.505965 -7.5738457 -0.31988189,
  14.501264 -7.5668095 -0.31988189,14.49927 -7.5567862 -0.31988189,
  14.479428 -7.5062291 -0.31988189,14.456514 -7.4058362 -0.31988189,
  13.070866 12.027559 -0.31988189,13.063171 11.924872 -0.31988189,
  13.040257 11.82448 -0.31988189,13.020415 11.773922 -0.31988189,
  13.018421 11.763899 -0.31988189,13.013719 11.756863 -0.31988189,
  13.002636 11.728623 -0.31988189,12.951149 11.639445 -0.31988189,
  12.886945 11.558936 -0.31988189,12.872535 11.545565 -0.31988189,
  12.86907 11.540379 -0.31988189,12.86148 11.535308 -0.31988189,
  12.811459 11.488896 -0.31988189,12.726378 11.430888 -0.31988189,
  12.650562 11.394377 -0.31988189,12.64555 11.391028 -0.31988189,
  12.642241 11.39037 -0.31988189,12.633601 11.386209 -0.31988189,
  12.535202 11.355857 -0.31988189,12.433377 11.340509 -0.31988189,
  12.391575 11.340509 -0.31988189,12.38189 11.338583 -0.31988189,
  12.372206 11.340509 -0.31988189,12.330402 11.340509 -0.31988189,
  12.228578 11.355857 -0.31988189,12.130178 11.386209 -0.31988189,
  12.121538 11.39037 -0.31988189,12.11823 11.391028 -0.31988189,
  12.113217 11.394377 -0.31988189,12.037402 11.430888 -0.31988189,
  11.95232 11.488896 -0.31988189,11.9023 11.535308 -0.31988189,
  11.89471 11.540379 -0.31988189,11.891245 11.545565 -0.31988189,
  11.876834 11.558936 -0.31988189,11.812631 11.639445 -0.31988189,
  11.761143 11.728623 -0.31988189,11.75006 11.756863 -0.31988189,
  11.745359 11.763899 -0.31988189,11.743365 11.773922 -0.31988189,
  11.723523 11.82448 -0.31988189,11.700609 11.924872 -0.31988189,
  11.692913 12.027559 -0.31988189,11.700609 12.130246 -0.31988189,
  11.723523 12.230639 -0.31988189,11.743365 12.281196 -0.31988189,
  11.745359 12.291219 -0.31988189,11.75006 12.298255 -0.31988189,
  11.761143 12.326495 -0.31988189,11.812631 12.415673 -0.31988189,
  11.876834 12.496182 -0.31988189,11.891245 12.509553 -0.31988189,
  11.89471 12.514739 -0.31988189,11.9023 12.51981 -0.31988189,
  11.95232 12.566222 -0.31988189,12.037402 12.62423 -0.31988189,
  12.113217 12.660741 -0.31988189,12.11823 12.66409 -0.31988189,
  12.121538 12.664748 -0.31988189,12.130178 12.668909 -0.31988189,
  12.228578 12.699261 -0.31988189,12.330402 12.714609 -0.31988189,
  12.372206 12.714609 -0.31988189,12.38189 12.716535 -0.31988189,
  12.391575 12.714609 -0.31988189,12.433377 12.714609 -0.31988189,
  12.535202 12.699261 -0.31988189,12.633601 12.668909 -0.31988189,
  12.642241 12.664748 -0.31988189,12.64555 12.66409 -0.31988189,
  12.650562 12.660741 -0.31988189,12.726378 12.62423 -0.31988189,
  12.811459 12.566222 -0.31988189,12.86148 12.51981 -0.31988189,
  12.86907 12.514739 -0.31988189,12.872535 12.509553 -0.31988189,
  12.886945 12.496182 -0.31988189,12.951149 12.415673 -0.31988189,
  13.002636 12.326495 -0.31988189,13.013719 12.298255 -0.31988189,
  13.018421 12.291219 -0.31988189,13.020415 12.281196 -0.31988189,
  13.040257 12.230639 -0.31988189,13.063171 12.130246 -0.31988189,
  14.448819 -9.2716535 -0.31988189,14.456514 -9.1689669 -0.31988189,
  14.479428 -9.068574 -0.31988189,14.49927 -9.0180169 -0.31988189,
  14.501264 -9.0079937 -0.31988189,14.505965 -9.0009569 -0.31988189,
  14.517049 -8.9727177 -0.31988189,14.568536 -8.8835394 -0.31988189,
  14.63274 -8.8030307 -0.31988189,14.64715 -8.7896601 -0.31988189,
  14.650615 -8.7844737 -0.31988189,14.658205 -8.7794028 -0.31988189,
  14.708226 -8.7329902 -0.31988189,14.793307 -8.6749827 -0.31988189,
  14.869123 -8.6384709 -0.31988189,14.874135 -8.6351224 -0.31988189,
  14.877444 -8.6344641 -0.31988189,14.886084 -8.6303035 -0.31988189,
  14.984483 -8.5999512 -0.31988189,15.086308 -8.5846035 -0.31988189,
  15.128111 -8.5846038 -0.31988189,15.137795 -8.5826772 -0.31988189,
  15.147481 -8.5846041 -0.31988189,15.189283 -8.5846035 -0.31988189,
  15.291107 -8.5999512 -0.31988189,15.389507 -8.6303035 -0.31988189,
  15.398147 -8.6344645 -0.31988189,15.401455 -8.6351224 -0.31988189,
  15.406468 -8.6384719 -0.31988189,15.482283 -8.6749827 -0.31988189,
  15.567365 -8.7329902 -0.31988189,15.617386 -8.7794025 -0.31988189,
  15.624975 -8.7844737 -0.31988189,15.628441 -8.7896602 -0.31988189,
  15.642851 -8.8030307 -0.31988189,15.707054 -8.8835394 -0.31988189,
  15.758542 -8.9727177 -0.31988189,15.769625 -9.000957 -0.31988189,
  15.774326 -9.0079937 -0.31988189,15.77632 -9.0180168 -0.31988189,
  15.796162 -9.068574 -0.31988189,15.819076 -9.1689669 -0.31988189,
  15.826772 -9.2716535 -0.31988189,15.819076 -9.3743402 -0.31988189,
  15.796162 -9.4747331 -0.31988189,15.77632 -9.5252901 -0.31988189,
  15.774326 -9.5353134 -0.31988189,15.769625 -9.5423497 -0.31988189,
  15.758542 -9.5705894 -0.31988189,15.707054 -9.6597677 -0.31988189,
  15.642851 -9.7402764 -0.31988189,15.628441 -9.7536475 -0.31988189,
  15.624975 -9.7588334 -0.31988189,15.617386 -9.7639045 -0.31988189,
  15.567365 -9.8103169 -0.31988189,15.482283 -9.8683244 -0.31988189,
  15.406468 -9.9048364 -0.31988189,15.401455 -9.9081847 -0.31988189,
  15.398147 -9.9088431 -0.31988189,15.389507 -9.9130035 -0.31988189,
  15.291107 -9.9433559 -0.31988189,15.189283 -9.9587035 -0.31988189,
  15.147481 -9.9587041 -0.31988189,15.137795 -9.9606299 -0.31988189,
  15.128111 -9.9587038 -0.31988189,15.086308 -9.9587035 -0.31988189,
  14.984483 -9.9433559 -0.31988189,14.886084 -9.9130035 -0.31988189,
  14.877444 -9.9088427 -0.31988189,14.874135 -9.9081847 -0.31988189,
  14.869123 -9.9048353 -0.31988189,14.793307 -9.8683244 -0.31988189,
  14.708226 -9.8103169 -0.31988189,14.658205 -9.7639048 -0.31988189,
  14.650615 -9.7588334 -0.31988189,14.64715 -9.7536474 -0.31988189,
  14.63274 -9.7402764 -0.31988189,14.568536 -9.6597677 -0.31988189,
  14.517049 -9.5705894 -0.31988189,14.505965 -9.5423496 -0.31988189,
  14.501264 -9.5353134 -0.31988189,14.49927 -9.5252902 -0.31988189,
  14.479428 -9.4747331 -0.31988189,14.456514 -9.3743402 -0.31988189,
  16.043307 -15.4 -0.31988189,16.035612 -15.502687 -0.31988189,
  16.012698 -15.60308 -0.31988189,15.992856 -15.653637 -0.31988189,
  15.990862 -15.66366 -0.31988189,15.98616 -15.670696 -0.31988189,
  15.975077 -15.698936 -0.31988189,15.92359 -15.788114 -0.31988189,
  15.859386 -15.868623 -0.31988189,15.844976 -15.881994 -0.31988189,
  15.841511 -15.88718 -0.31988189,15.833921 -15.892251 -0.31988189,
  15.7839 -15.938663 -0.31988189,15.698819 -15.996671 -0.31988189,
  15.623003 -16.033183 -0.31988189,15.617991 -16.036531 -0.31988189,
  15.614682 -16.03719 -0.31988189,15.606042 -16.04135 -0.31988189,
  15.507643 -16.071702 -0.31988189,15.405818 -16.08705 -0.31988189,
  15.364016 -16.087051 -0.31988189,15.354331 -16.088976 -0.31988189,
  15.344647 -16.08705 -0.31988189,15.302843 -16.08705 -0.31988189,
  15.201019 -16.071702 -0.31988189,15.102619 -16.04135 -0.31988189,
  15.093979 -16.037189 -0.31988189,15.090671 -16.036531 -0.31988189,
  15.085658 -16.033182 -0.31988189,15.009843 -15.996671 -0.31988189,
  14.924761 -15.938663 -0.31988189,14.874741 -15.892251 -0.31988189,
  14.867151 -15.88718 -0.31988189,14.863686 -15.881994 -0.31988189,
  14.849275 -15.868623 -0.31988189,14.785072 -15.788114 -0.31988189,
  14.733584 -15.698936 -0.31988189,14.722501 -15.670696 -0.31988189,
  14.7178 -15.66366 -0.31988189,14.715806 -15.653637 -0.31988189,
  14.695964 -15.60308 -0.31988189,14.67305 -15.502687 -0.31988189,
  14.665354 -15.4 -0.31988189,14.67305 -15.297313 -0.31988189,
  14.695964 -15.19692 -0.31988189,14.715806 -15.146363 -0.31988189,
  14.7178 -15.13634 -0.31988189,14.722501 -15.129303 -0.31988189,
  14.733584 -15.101064 -0.31988189,14.785072 -15.011886 -0.31988189,
  14.849275 -14.931377 -0.31988189,14.863686 -14.918007 -0.31988189,
  14.867151 -14.91282 -0.31988189,14.874741 -14.907749 -0.31988189,
  14.924761 -14.861337 -0.31988189,15.009843 -14.803329 -0.31988189,
  15.085658 -14.766817 -0.31988189,15.090671 -14.763469 -0.31988189,
  15.093979 -14.762811 -0.31988189,15.102619 -14.75865 -0.31988189,
  15.201019 -14.728298 -0.31988189,15.302843 -14.71295 -0.31988189,
  15.344647 -14.71295 -0.31988189,15.354331 -14.711024 -0.31988189,
  15.364016 -14.712951 -0.31988189,15.405818 -14.71295 -0.31988189,
  15.507643 -14.728298 -0.31988189,15.606042 -14.75865 -0.31988189,
  15.614682 -14.762811 -0.31988189,15.617991 -14.763469 -0.31988189,
  15.623003 -14.766819 -0.31988189,15.698819 -14.803329 -0.31988189,
  15.7839 -14.861337 -0.31988189,15.833921 -14.907749 -0.31988189,
  15.841511 -14.91282 -0.31988189,15.844976 -14.918007 -0.31988189,
  15.859386 -14.931377 -0.31988189,15.92359 -15.011886 -0.31988189,
  15.975077 -15.101064 -0.31988189,15.98616 -15.129303 -0.31988189,
  15.990862 -15.13634 -0.31988189,15.992856 -15.146363 -0.31988189,
  16.012698 -15.19692 -0.31988189,16.035612 -15.297313 -0.31988189,
  -0.31496063 12.027559 -0.31988189,-0.30726535 12.130246 -0.31988189,
  -0.28435118 12.230639 -0.31988189,-0.26450917 12.281196 -0.31988189,
  -0.26251543 12.291219 -0.31988189,-0.25781397 12.298255 -0.31988189,
  -0.24673071 12.326495 -0.31988189,-0.19524331 12.415673 -0.31988189,
  -0.13103976 12.496182 -0.31988189,-0.11662934 12.509553 -0.31988189,
  -0.11316412 12.514739 -0.31988189,-0.10557447 12.51981 -0.31988189,
  -0.055553937 12.566222 -0.31988189,0.029527559 12.62423 -0.31988189,
  0.10534355 12.660741 -0.31988189,0.1103559 12.66409 -0.31988189,
  0.11366454 12.664748 -0.31988189,0.12230433 12.668909 -0.31988189,
  0.22070394 12.699261 -0.31988189,0.32252835 12.714609 -0.31988189,
  0.36433138 12.714609 -0.31988189,0.37401575 12.716535 -0.31988189,
  0.38370069 12.714609 -0.31988189,0.42550315 12.714609 -0.31988189,
  0.52732756 12.699261 -0.31988189,0.62572717 12.668909 -0.31988189,
  0.63436702 12.664748 -0.31988189,0.63767559 12.66409 -0.31988189,
  0.64268806 12.660741 -0.31988189,0.71850394 12.62423 -0.31988189,
  0.80358543 12.566222 -0.31988189,0.8536061 12.51981 -0.31988189,
  0.86119562 12.514739 -0.31988189,0.86466115 12.509553 -0.31988189,
  0.87907126 12.496182 -0.31988189,0.9432748 12.415673 -0.31988189,
  0.9947622 12.326495 -0.31988189,1.0058451 12.298255 -0.31988189,
  1.0105469 12.291219 -0.31988189,1.0125406 12.281196 -0.31988189,
  1.0323827 12.230639 -0.31988189,1.0552969 12.130246 -0.31988189,
  1.0629921 12.027559 -0.31988189,1.0552969 11.924872 -0.31988189,
  1.0323827 11.82448 -0.31988189,1.0125406 11.773922 -0.31988189,
  1.0105469 11.763899 -0.31988189,1.0058451 11.756863 -0.31988189,
  0.9947622 11.728623 -0.31988189,0.9432748 11.639445 -0.31988189,
  0.87907126 11.558936 -0.31988189,0.86466115 11.545565 -0.31988189,
  0.86119562 11.540379 -0.31988189,0.8536061 11.535308 -0.31988189,
  0.80358543 11.488896 -0.31988189,0.71850394 11.430888 -0.31988189,
  0.64268806 11.394377 -0.31988189,0.63767559 11.391028 -0.31988189,
  0.63436702 11.39037 -0.31988189,0.62572717 11.386209 -0.31988189,
  0.52732756 11.355857 -0.31988189,0.42550315 11.340509 -0.31988189,
  0.38370069 11.340509 -0.31988189,0.37401575 11.338583 -0.31988189,
  0.36433138 11.340509 -0.31988189,0.32252835 11.340509 -0.31988189,
  0.22070394 11.355857 -0.31988189,0.12230433 11.386209 -0.31988189,
  0.11366454 11.39037 -0.31988189,0.1103559 11.391028 -0.31988189,
  0.10534355 11.394377 -0.31988189,0.029527559 11.430888 -0.31988189,
  -0.055553937 11.488896 -0.31988189,-0.10557447 11.535308 -0.31988189,
  -0.11316412 11.540379 -0.31988189,-0.11662934 11.545565 -0.31988189,
  -0.13103976 11.558936 -0.31988189,-0.19524331 11.639445 -0.31988189,
  -0.24673071 11.728623 -0.31988189,-0.25781397 11.756863 -0.31988189,
  -0.26251543 11.763899 -0.31988189,-0.26450917 11.773922 -0.31988189,
  -0.28435118 11.82448 -0.31988189,-0.30726535 11.924872 -0.31988189,
  -0.31496063 -12.38189 -0.31988189,-0.30726535 -12.279203 -0.31988189,
  -0.28435118 -12.17881 -0.31988189,-0.26450917 -12.128253 -0.31988189,
  -0.26251543 -12.11823 -0.31988189,-0.25781397 -12.111193 -0.31988189,
  -0.24673071 -12.082954 -0.31988189,-0.19524331 -11.993776 -0.31988189,
  -0.13103976 -11.913267 -0.31988189,-0.11662934 -11.899896 -0.31988189,
  -0.11316412 -11.89471 -0.31988189,-0.10557447 -11.889639 -0.31988189,
  -0.055553937 -11.843226 -0.31988189,0.029527559 -11.785219 -0.31988189,
  0.10534355 -11.748707 -0.31988189,0.1103559 -11.745359 -0.31988189,
  0.11366454 -11.7447 -0.31988189,0.12230433 -11.74054 -0.31988189,
  0.22070394 -11.710187 -0.31988189,0.32252835 -11.69484 -0.31988189,
  0.36433138 -11.69484 -0.31988189,0.37401575 -11.692913 -0.31988189,
  0.38370069 -11.69484 -0.31988189,0.42550315 -11.69484 -0.31988189,
  0.52732756 -11.710187 -0.31988189,0.62572717 -11.74054 -0.31988189,
  0.63436702 -11.744701 -0.31988189,0.63767559 -11.745359 -0.31988189,
  0.64268806 -11.748708 -0.31988189,0.71850394 -11.785219 -0.31988189,
  0.80358543 -11.843226 -0.31988189,0.8536061 -11.889639 -0.31988189,
  0.86119562 -11.89471 -0.31988189,0.86466115 -11.899896 -0.31988189,
  0.87907126 -11.913267 -0.31988189,0.9432748 -11.993776 -0.31988189,
  0.9947622 -12.082954 -0.31988189,1.0058451 -12.111193 -0.31988189,
  1.0105469 -12.11823 -0.31988189,1.0125406 -12.128253 -0.31988189,
  1.0323827 -12.17881 -0.31988189,1.0552969 -12.279203 -0.31988189,
  1.0629921 -12.38189 -0.31988189,1.0552969 -12.484576 -0.31988189,
  1.0323827 -12.584969 -0.31988189,1.0125406 -12.635526 -0.31988189,
  1.0105469 -12.64555 -0.31988189,1.0058451 -12.652586 -0.31988189,
  0.9947622 -12.680826 -0.31988189,0.9432748 -12.770004 -0.31988189,
  0.87907126 -12.850513 -0.31988189,0.86466115 -12.863884 -0.31988189,
  0.86119562 -12.86907 -0.31988189,0.8536061 -12.874141 -0.31988189,
  0.80358543 -12.920553 -0.31988189,0.71850394 -12.978561 -0.31988189,
  0.64268806 -13.015073 -0.31988189,0.63767559 -13.018421 -0.31988189,
  0.63436702 -13.019079 -0.31988189,0.62572717 -13.02324 -0.31988189,
  0.52732756 -13.053592 -0.31988189,0.42550315 -13.06894 -0.31988189,
  0.38370069 -13.06894 -0.31988189,0.37401575 -13.070866 -0.31988189,
  0.36433138 -13.06894 -0.31988189,0.32252835 -13.06894 -0.31988189,
  0.22070394 -13.053592 -0.31988189,0.12230433 -13.02324 -0.31988189,
  0.11366454 -13.019079 -0.31988189,0.1103559 -13.018421 -0.31988189,
  0.10534355 -13.015071 -0.31988189,0.029527559 -12.978561 -0.31988189,
  -0.055553937 -12.920553 -0.31988189,-0.10557447 -12.874141 -0.31988189,
  -0.11316412 -12.86907 -0.31988189,-0.11662934 -12.863884 -0.31988189,
  -0.13103976 -12.850513 -0.31988189,-0.19524331 -12.770004 -0.31988189,
  -0.24673071 -12.680826 -0.31988189,-0.25781397 -12.652586 -0.31988189,
  -0.26251543 -12.64555 -0.31988189,-0.26450917 -12.635526 -0.31988189,
  -0.28435118 -12.584969 -0.31988189,-0.30726535 -12.484576 -0.31988189,
  11.692913 -12.38189 -0.31988189,11.700609 -12.279203 -0.31988189,
  11.723523 -12.17881 -0.31988189,11.743365 -12.128253 -0.31988189,
  11.745359 -12.11823 -0.31988189,11.75006 -12.111193 -0.31988189,
  11.761143 -12.082954 -0.31988189,11.812631 -11.993776 -0.31988189,
  11.876834 -11.913267 -0.31988189,11.891245 -11.899896 -0.31988189,
  11.89471 -11.89471 -0.31988189,11.9023 -11.889639 -0.31988189,
  11.95232 -11.843226 -0.31988189,12.037402 -11.785219 -0.31988189,
  12.113217 -11.748707 -0.31988189,12.11823 -11.745359 -0.31988189,
  12.121538 -11.7447 -0.31988189,12.130178 -11.74054 -0.31988189,
  12.228578 -11.710187 -0.31988189,12.330402 -11.69484 -0.31988189,
  12.372206 -11.69484 -0.31988189,12.38189 -11.692913 -0.31988189,
  12.391575 -11.69484 -0.31988189,12.433377 -11.69484 -0.31988189,
  12.535202 -11.710187 -0.31988189,12.633601 -11.74054 -0.31988189,
  12.642241 -11.744701 -0.31988189,12.64555 -11.745359 -0.31988189,
  12.650562 -11.748708 -0.31988189,12.726378 -11.785219 -0.31988189,
  12.811459 -11.843226 -0.31988189,12.86148 -11.889639 -0.31988189,
  12.86907 -11.89471 -0.31988189,12.872535 -11.899896 -0.31988189,
  12.886945 -11.913267 -0.31988189,12.951149 -11.993776 -0.31988189,
  13.002636 -12.082954 -0.31988189,13.013719 -12.111193 -0.31988189,
  13.018421 -12.11823 -0.31988189,13.020415 -12.128253 -0.31988189,
  13.040257 -12.17881 -0.31988189,13.063171 -12.279203 -0.31988189,
  13.070866 -12.38189 -0.31988189,13.063171 -12.484576 -0.31988189,
  13.040257 -12.584969 -0.31988189,13.020415 -12.635526 -0.31988189,
  13.018421 -12.64555 -0.31988189,13.013719 -12.652586 -0.31988189,
  13.002636 -12.680826 -0.31988189,12.951149 -12.770004 -0.31988189,
  12.886945 -12.850513 -0.31988189,12.872535 -12.863884 -0.31988189,
  12.86907 -12.86907 -0.31988189,12.86148 -12.874141 -0.31988189,
  12.811459 -12.920553 -0.31988189,12.726378 -12.978561 -0.31988189,
  12.650562 -13.015073 -0.31988189,12.64555 -13.018421 -0.31988189,
  12.642241 -13.019079 -0.31988189,12.633601 -13.02324 -0.31988189,
  12.535202 -13.053592 -0.31988189,12.433377 -13.06894 -0.31988189,
  12.391575 -13.06894 -0.31988189,12.38189 -13.070866 -0.31988189,
  12.372206 -13.06894 -0.31988189,12.330402 -13.06894 -0.31988189,
  12.228578 -13.053592 -0.31988189,12.130178 -13.02324 -0.31988189,
  12.121538 -13.019079 -0.31988189,12.11823 -13.018421 -0.31988189,
  12.113217 -13.015071 -0.31988189,12.037402 -12.978561 -0.31988189,
  11.95232 -12.920553 -0.31988189,11.9023 -12.874141 -0.31988189,
  11.89471 -12.86907 -0.31988189,11.891245 -12.863884 -0.31988189,
  11.876834 -12.850513 -0.31988189,11.812631 -12.770004 -0.31988189,
  11.761143 -12.680826 -0.31988189,11.75006 -12.652586 -0.31988189,
  11.745359 -12.64555 -0.31988189,11.743365 -12.635526 -0.31988189,
  11.723523 -12.584969 -0.31988189,11.700609 -12.484576 -0.31988189] }
 coordIndex [
  47,46,121,-1,121,46,122,-1,122,46,733,-1,733,46,734,-1,734,46,736,-1,736,46,738,-1,738,46,739,-1,739,46,740,-1,
  740,46,742,-1,742,46,744,-1,744,46,745,-1,745,46,747,-1,747,46,749,-1,749,46,750,-1,750,46,751,-1,751,46,269,-1,
  269,46,45,-1,121,120,47,-1,47,120,48,-1,48,120,49,-1,49,120,50,-1,50,120,51,-1,51,120,119,-1,118,117,53,-1,
  118,53,119,-1,119,53,52,-1,119,52,51,-1,54,53,115,-1,115,53,116,-1,116,53,117,-1,55,54,115,-1,55,115,56,-1,
  56,115,114,-1,56,114,57,-1,57,114,58,-1,112,111,59,-1,112,59,113,-1,113,59,58,-1,113,58,114,-1,60,59,109,-1,
  109,59,110,-1,110,59,111,-1,60,109,61,-1,61,109,62,-1,62,109,63,-1,63,109,108,-1,65,64,105,-1,105,64,106,-1,
  106,64,107,-1,107,64,108,-1,108,64,63,-1,65,105,104,-1,65,104,66,-1,66,104,103,-1,66,103,67,-1,67,103,68,-1,
  101,100,70,-1,101,70,102,-1,102,70,69,-1,102,69,103,-1,103,69,68,-1,71,70,98,-1,98,70,99,-1,99,70,100,-1,
  71,98,72,-1,72,98,73,-1,73,98,74,-1,74,98,97,-1,76,75,95,-1,95,75,96,-1,96,75,97,-1,97,75,74,-1,
  77,76,92,-1,92,76,93,-1,93,76,94,-1,94,76,95,-1,77,92,78,-1,78,92,79,-1,79,92,80,-1,80,92,91,-1,
  89,88,81,-1,89,81,90,-1,90,81,80,-1,90,80,91,-1,84,0,83,-1,84,83,85,-1,85,83,82,-1,85,82,86,-1,
  86,82,81,-1,86,81,87,-1,87,81,88,-1,212,211,312,-1,312,211,168,-1,168,211,84,-1,84,211,4,-1,4,211,5,-1,
  5,211,6,-1,6,211,8,-1,8,211,10,-1,10,211,11,-1,11,211,210,-1,309,308,214,-1,309,214,310,-1,310,214,213,-1,
  310,213,311,-1,311,213,212,-1,311,212,312,-1,303,302,220,-1,303,220,304,-1,304,220,219,-1,304,219,305,-1,305,219,218,-1,
  305,218,306,-1,306,218,217,-1,306,217,307,-1,307,217,216,-1,307,216,308,-1,308,216,215,-1,308,215,214,-1,222,221,301,-1,
  301,221,302,-1,302,221,220,-1,270,253,169,-1,270,169,271,-1,271,169,252,-1,271,252,272,-1,272,252,251,-1,272,251,273,-1,
  273,251,250,-1,273,250,274,-1,274,250,249,-1,274,249,275,-1,275,249,248,-1,275,248,276,-1,276,248,247,-1,276,247,277,-1,
  277,247,246,-1,277,246,278,-1,278,246,245,-1,278,245,279,-1,279,245,244,-1,279,244,280,-1,280,244,243,-1,280,243,281,-1,
  281,243,242,-1,281,242,282,-1,282,242,241,-1,282,241,283,-1,283,241,240,-1,283,240,284,-1,284,240,239,-1,284,239,285,-1,
  285,239,238,-1,285,238,286,-1,286,238,237,-1,286,237,287,-1,287,237,236,-1,287,236,288,-1,288,236,235,-1,288,235,289,-1,
  289,235,234,-1,289,234,290,-1,290,234,233,-1,290,233,291,-1,291,233,232,-1,291,232,292,-1,292,232,231,-1,292,231,293,-1,
  293,231,230,-1,293,230,294,-1,294,230,229,-1,294,229,295,-1,295,229,228,-1,295,228,296,-1,296,228,227,-1,296,227,297,-1,
  297,227,226,-1,297,226,298,-1,298,226,225,-1,298,225,299,-1,299,225,224,-1,299,224,300,-1,300,224,223,-1,300,223,301,-1,
  301,223,222,-1,606,522,438,-1,606,438,607,-1,607,438,521,-1,607,521,608,-1,608,521,520,-1,608,520,609,-1,609,520,519,-1,
  609,519,610,-1,610,519,518,-1,610,518,611,-1,611,518,517,-1,611,517,612,-1,612,517,516,-1,612,516,613,-1,613,516,515,-1,
  613,515,614,-1,614,515,514,-1,614,514,615,-1,615,514,513,-1,615,513,616,-1,616,513,512,-1,616,512,617,-1,617,512,511,-1,
  617,511,618,-1,618,511,510,-1,618,510,619,-1,619,510,509,-1,619,509,620,-1,620,509,508,-1,620,508,621,-1,621,508,507,-1,
  621,507,622,-1,622,507,506,-1,622,506,623,-1,623,506,505,-1,623,505,624,-1,624,505,504,-1,624,504,625,-1,625,504,503,-1,
  625,503,626,-1,626,503,502,-1,626,502,627,-1,627,502,501,-1,627,501,628,-1,628,501,500,-1,628,500,629,-1,629,500,499,-1,
  629,499,630,-1,630,499,498,-1,630,498,631,-1,631,498,497,-1,631,497,632,-1,632,497,496,-1,632,496,633,-1,633,496,495,-1,
  633,495,634,-1,634,495,494,-1,634,494,635,-1,635,494,493,-1,635,493,636,-1,636,493,492,-1,636,492,637,-1,637,492,491,-1,
  637,491,638,-1,638,491,490,-1,638,490,639,-1,639,490,489,-1,639,489,640,-1,640,489,488,-1,640,488,641,-1,641,488,487,-1,
  641,487,642,-1,642,487,486,-1,642,486,643,-1,643,486,485,-1,643,485,644,-1,644,485,484,-1,644,484,645,-1,645,484,483,-1,
  645,483,646,-1,646,483,482,-1,646,482,647,-1,647,482,481,-1,647,481,648,-1,648,481,480,-1,648,480,1781,-1,1781,480,1698,-1,
  1864,1863,1862,-1,1864,1862,1656,-1,1656,1862,1740,-1,1656,1740,1657,-1,1657,1740,1739,-1,1657,1739,1658,-1,1658,1739,1738,-1,1658,1738,1659,-1,
  1659,1738,1737,-1,1659,1737,1660,-1,1660,1737,1736,-1,1660,1736,1661,-1,1661,1736,1735,-1,1661,1735,1662,-1,1662,1735,1734,-1,1662,1734,1663,-1,
  1663,1734,1733,-1,1663,1733,1664,-1,1664,1733,1732,-1,1664,1732,1665,-1,1665,1732,1731,-1,1665,1731,1666,-1,1666,1731,1730,-1,1666,1730,1667,-1,
  1667,1730,1729,-1,1667,1729,1668,-1,1668,1729,1728,-1,1668,1728,1669,-1,1669,1728,1727,-1,1669,1727,1670,-1,1670,1727,1726,-1,1670,1726,1671,-1,
  1671,1726,1725,-1,1671,1725,1672,-1,1672,1725,1724,-1,1672,1724,1673,-1,1673,1724,1723,-1,1673,1723,1674,-1,1674,1723,1722,-1,1674,1722,1675,-1,
  1675,1722,1721,-1,1675,1721,1676,-1,1676,1721,1720,-1,1676,1720,1677,-1,1677,1720,1719,-1,1677,1719,1678,-1,1678,1719,1718,-1,1678,1718,1679,-1,
  1679,1718,1717,-1,1679,1717,1680,-1,1680,1717,1716,-1,1680,1716,1681,-1,1681,1716,1715,-1,1681,1715,1682,-1,1682,1715,1714,-1,1682,1714,1683,-1,
  1683,1714,1713,-1,1683,1713,1684,-1,1684,1713,1712,-1,1684,1712,1685,-1,1685,1712,1711,-1,1685,1711,1686,-1,1686,1711,1710,-1,1686,1710,1687,-1,
  1687,1710,1709,-1,1687,1709,1688,-1,1688,1709,1708,-1,1688,1708,1689,-1,1689,1708,1707,-1,1689,1707,1690,-1,1690,1707,1706,-1,1690,1706,1691,-1,
  1691,1706,1705,-1,1691,1705,1692,-1,1692,1705,1704,-1,1692,1704,1693,-1,1693,1704,1703,-1,1693,1703,1694,-1,1694,1703,1702,-1,1694,1702,1695,-1,
  1695,1702,1701,-1,1695,1701,1696,-1,1696,1701,1700,-1,1696,1700,1697,-1,1697,1700,1699,-1,1697,1699,1614,-1,1614,1699,1698,-1,1614,1698,480,-1,
  1363,1362,1824,-1,1824,1362,1572,-1,1572,1362,1446,-1,1446,1362,774,-1,774,1362,396,-1,396,1362,397,-1,397,1362,398,-1,398,1362,400,-1,
  400,1362,402,-1,402,1362,1445,-1,1822,1821,1364,-1,1822,1364,1823,-1,1823,1364,1363,-1,1823,1363,1824,-1,1366,1365,1820,-1,1820,1365,1821,-1,
  1821,1365,1364,-1,1865,1864,1656,-1,1865,1656,1782,-1,1782,1656,1404,-1,1782,1404,1783,-1,1783,1404,1403,-1,1783,1403,1784,-1,1784,1403,1402,-1,
  1784,1402,1785,-1,1785,1402,1401,-1,1785,1401,1786,-1,1786,1401,1400,-1,1786,1400,1787,-1,1787,1400,1399,-1,1787,1399,1788,-1,1788,1399,1398,-1,
  1788,1398,1789,-1,1789,1398,1397,-1,1789,1397,1790,-1,1790,1397,1396,-1,1790,1396,1791,-1,1791,1396,1395,-1,1791,1395,1792,-1,1792,1395,1394,-1,
  1792,1394,1793,-1,1793,1394,1393,-1,1793,1393,1794,-1,1794,1393,1392,-1,1794,1392,1795,-1,1795,1392,1391,-1,1795,1391,1796,-1,1796,1391,1390,-1,
  1796,1390,1797,-1,1797,1390,1389,-1,1797,1389,1798,-1,1798,1389,1388,-1,1798,1388,1799,-1,1799,1388,1387,-1,1799,1387,1800,-1,1800,1387,1386,-1,
  1800,1386,1801,-1,1801,1386,1385,-1,1801,1385,1802,-1,1802,1385,1384,-1,1802,1384,1803,-1,1803,1384,1383,-1,1803,1383,1804,-1,1804,1383,1382,-1,
  1804,1382,1805,-1,1805,1382,1381,-1,1805,1381,1806,-1,1806,1381,1380,-1,1806,1380,1807,-1,1807,1380,1379,-1,1807,1379,1808,-1,1808,1379,1378,-1,
  1808,1378,1809,-1,1809,1378,1377,-1,1809,1377,1810,-1,1810,1377,1376,-1,1810,1376,1811,-1,1811,1376,1375,-1,1811,1375,1812,-1,1812,1375,1374,-1,
  1812,1374,1813,-1,1813,1374,1373,-1,1813,1373,1814,-1,1814,1373,1372,-1,1814,1372,1815,-1,1815,1372,1371,-1,1815,1371,1816,-1,1816,1371,1370,-1,
  1816,1370,1817,-1,1817,1370,1369,-1,1817,1369,1818,-1,1818,1369,1368,-1,1818,1368,1819,-1,1819,1368,1367,-1,1819,1367,1820,-1,1820,1367,1366,-1,
  582,581,269,-1,582,269,583,-1,583,269,461,-1,583,461,584,-1,584,461,460,-1,584,460,459,-1,459,458,584,-1,584,458,585,-1,
  585,458,586,-1,586,458,587,-1,587,458,588,-1,588,458,589,-1,589,458,457,-1,591,590,456,-1,456,590,457,-1,457,590,589,-1,
  591,456,592,-1,592,456,593,-1,593,456,594,-1,594,456,595,-1,595,456,455,-1,596,595,452,-1,452,595,453,-1,453,595,454,-1,
  454,595,455,-1,452,451,596,-1,596,451,597,-1,597,451,598,-1,598,451,599,-1,599,451,600,-1,600,451,450,-1,601,600,446,-1,
  446,600,447,-1,447,600,448,-1,448,600,449,-1,449,600,450,-1,444,443,602,-1,444,602,445,-1,445,602,601,-1,445,601,446,-1,
  603,602,440,-1,440,602,441,-1,441,602,442,-1,442,602,443,-1,439,438,605,-1,439,605,440,-1,440,605,604,-1,440,604,603,-1,
  1486,1485,1322,-1,1486,1322,1487,-1,1487,1322,1321,-1,1487,1321,1488,-1,1488,1321,1320,-1,1488,1320,1603,-1,1603,1320,1236,-1,1603,1236,1152,-1,
  1152,1236,1153,-1,1483,1325,1324,-1,1483,1324,1484,-1,1484,1324,1323,-1,1484,1323,1485,-1,1485,1323,1322,-1,1446,774,1278,-1,1446,1278,1447,-1,
  1447,1278,1361,-1,1447,1361,1448,-1,1448,1361,1360,-1,1448,1360,1449,-1,1449,1360,1359,-1,1449,1359,1450,-1,1450,1359,1358,-1,1450,1358,1451,-1,
  1451,1358,1357,-1,1451,1357,1452,-1,1452,1357,1356,-1,1452,1356,1453,-1,1453,1356,1355,-1,1453,1355,1454,-1,1454,1355,1354,-1,1454,1354,1455,-1,
  1455,1354,1353,-1,1455,1353,1456,-1,1456,1353,1352,-1,1456,1352,1457,-1,1457,1352,1351,-1,1457,1351,1458,-1,1458,1351,1350,-1,1458,1350,1459,-1,
  1459,1350,1349,-1,1459,1349,1460,-1,1460,1349,1348,-1,1460,1348,1461,-1,1461,1348,1347,-1,1461,1347,1462,-1,1462,1347,1346,-1,1462,1346,1463,-1,
  1463,1346,1345,-1,1463,1345,1464,-1,1464,1345,1344,-1,1464,1344,1465,-1,1465,1344,1343,-1,1465,1343,1466,-1,1466,1343,1342,-1,1466,1342,1467,-1,
  1467,1342,1341,-1,1467,1341,1468,-1,1468,1341,1340,-1,1468,1340,1469,-1,1469,1340,1339,-1,1469,1339,1470,-1,1470,1339,1338,-1,1470,1338,1471,-1,
  1471,1338,1337,-1,1471,1337,1472,-1,1472,1337,1336,-1,1472,1336,1473,-1,1473,1336,1335,-1,1473,1335,1474,-1,1474,1335,1334,-1,1474,1334,1475,-1,
  1475,1334,1333,-1,1475,1333,1476,-1,1476,1333,1332,-1,1476,1332,1477,-1,1477,1332,1331,-1,1477,1331,1478,-1,1478,1331,1330,-1,1478,1330,1479,-1,
  1479,1330,1329,-1,1479,1329,1480,-1,1480,1329,1328,-1,1480,1328,1481,-1,1481,1328,1327,-1,1481,1327,1482,-1,1482,1327,1326,-1,1482,1326,1483,-1,
  1483,1326,1325,-1,1318,1317,1238,-1,1318,1238,1319,-1,1319,1238,1237,-1,1319,1237,1320,-1,1320,1237,1236,-1,1315,1241,1240,-1,1315,1240,1316,-1,
  1316,1240,1239,-1,1316,1239,1317,-1,1317,1239,1238,-1,1278,774,1194,-1,1278,1194,1279,-1,1279,1194,1277,-1,1279,1277,1280,-1,1280,1277,1276,-1,
  1280,1276,1281,-1,1281,1276,1275,-1,1281,1275,1282,-1,1282,1275,1274,-1,1282,1274,1283,-1,1283,1274,1273,-1,1283,1273,1284,-1,1284,1273,1272,-1,
  1284,1272,1285,-1,1285,1272,1271,-1,1285,1271,1286,-1,1286,1271,1270,-1,1286,1270,1287,-1,1287,1270,1269,-1,1287,1269,1288,-1,1288,1269,1268,-1,
  1288,1268,1289,-1,1289,1268,1267,-1,1289,1267,1290,-1,1290,1267,1266,-1,1290,1266,1291,-1,1291,1266,1265,-1,1291,1265,1292,-1,1292,1265,1264,-1,
  1292,1264,1293,-1,1293,1264,1263,-1,1293,1263,1294,-1,1294,1263,1262,-1,1294,1262,1295,-1,1295,1262,1261,-1,1295,1261,1296,-1,1296,1261,1260,-1,
  1296,1260,1297,-1,1297,1260,1259,-1,1297,1259,1298,-1,1298,1259,1258,-1,1298,1258,1299,-1,1299,1258,1257,-1,1299,1257,1300,-1,1300,1257,1256,-1,
  1300,1256,1301,-1,1301,1256,1255,-1,1301,1255,1302,-1,1302,1255,1254,-1,1302,1254,1303,-1,1303,1254,1253,-1,1303,1253,1304,-1,1304,1253,1252,-1,
  1304,1252,1305,-1,1305,1252,1251,-1,1305,1251,1306,-1,1306,1251,1250,-1,1306,1250,1307,-1,1307,1250,1249,-1,1307,1249,1308,-1,1308,1249,1248,-1,
  1308,1248,1309,-1,1309,1248,1247,-1,1309,1247,1310,-1,1310,1247,1246,-1,1310,1246,1311,-1,1311,1246,1245,-1,1311,1245,1312,-1,1312,1245,1244,-1,
  1312,1244,1313,-1,1313,1244,1243,-1,1313,1243,1314,-1,1314,1243,1242,-1,1314,1242,1315,-1,1315,1242,1241,-1,1234,1233,1154,-1,1234,1154,1235,-1,
  1235,1154,1153,-1,1235,1153,1236,-1,1231,1157,1156,-1,1231,1156,1232,-1,1232,1156,1155,-1,1232,1155,1233,-1,1233,1155,1154,-1,1194,774,1110,-1,
  1194,1110,1195,-1,1195,1110,1193,-1,1195,1193,1196,-1,1196,1193,1192,-1,1196,1192,1197,-1,1197,1192,1191,-1,1197,1191,1198,-1,1198,1191,1190,-1,
  1198,1190,1199,-1,1199,1190,1189,-1,1199,1189,1200,-1,1200,1189,1188,-1,1200,1188,1201,-1,1201,1188,1187,-1,1201,1187,1202,-1,1202,1187,1186,-1,
  1202,1186,1203,-1,1203,1186,1185,-1,1203,1185,1204,-1,1204,1185,1184,-1,1204,1184,1205,-1,1205,1184,1183,-1,1205,1183,1206,-1,1206,1183,1182,-1,
  1206,1182,1207,-1,1207,1182,1181,-1,1207,1181,1208,-1,1208,1181,1180,-1,1208,1180,1209,-1,1209,1180,1179,-1,1209,1179,1210,-1,1210,1179,1178,-1,
  1210,1178,1211,-1,1211,1178,1177,-1,1211,1177,1212,-1,1212,1177,1176,-1,1212,1176,1213,-1,1213,1176,1175,-1,1213,1175,1214,-1,1214,1175,1174,-1,
  1214,1174,1215,-1,1215,1174,1173,-1,1215,1173,1216,-1,1216,1173,1172,-1,1216,1172,1217,-1,1217,1172,1171,-1,1217,1171,1218,-1,1218,1171,1170,-1,
  1218,1170,1219,-1,1219,1170,1169,-1,1219,1169,1220,-1,1220,1169,1168,-1,1220,1168,1221,-1,1221,1168,1167,-1,1221,1167,1222,-1,1222,1167,1166,-1,
  1222,1166,1223,-1,1223,1166,1165,-1,1223,1165,1224,-1,1224,1165,1164,-1,1224,1164,1225,-1,1225,1164,1163,-1,1225,1163,1226,-1,1226,1163,1162,-1,
  1226,1162,1227,-1,1227,1162,1161,-1,1227,1161,1228,-1,1228,1161,1160,-1,1228,1160,1229,-1,1229,1160,1159,-1,1229,1159,1230,-1,1230,1159,1158,-1,
  1230,1158,1231,-1,1231,1158,1157,-1,1150,1149,1070,-1,1150,1070,1151,-1,1151,1070,1069,-1,1151,1069,1152,-1,1152,1069,1068,-1,1152,1068,1603,-1,
  1603,1068,984,-1,1603,984,900,-1,900,984,901,-1,1147,1073,1072,-1,1147,1072,1148,-1,1148,1072,1071,-1,1148,1071,1149,-1,1149,1071,1070,-1,
  1110,774,1026,-1,1110,1026,1111,-1,1111,1026,1109,-1,1111,1109,1112,-1,1112,1109,1108,-1,1112,1108,1113,-1,1113,1108,1107,-1,1113,1107,1114,-1,
  1114,1107,1106,-1,1114,1106,1115,-1,1115,1106,1105,-1,1115,1105,1116,-1,1116,1105,1104,-1,1116,1104,1117,-1,1117,1104,1103,-1,1117,1103,1118,-1,
  1118,1103,1102,-1,1118,1102,1119,-1,1119,1102,1101,-1,1119,1101,1120,-1,1120,1101,1100,-1,1120,1100,1121,-1,1121,1100,1099,-1,1121,1099,1122,-1,
  1122,1099,1098,-1,1122,1098,1123,-1,1123,1098,1097,-1,1123,1097,1124,-1,1124,1097,1096,-1,1124,1096,1125,-1,1125,1096,1095,-1,1125,1095,1126,-1,
  1126,1095,1094,-1,1126,1094,1127,-1,1127,1094,1093,-1,1127,1093,1128,-1,1128,1093,1092,-1,1128,1092,1129,-1,1129,1092,1091,-1,1129,1091,1130,-1,
  1130,1091,1090,-1,1130,1090,1131,-1,1131,1090,1089,-1,1131,1089,1132,-1,1132,1089,1088,-1,1132,1088,1133,-1,1133,1088,1087,-1,1133,1087,1134,-1,
  1134,1087,1086,-1,1134,1086,1135,-1,1135,1086,1085,-1,1135,1085,1136,-1,1136,1085,1084,-1,1136,1084,1137,-1,1137,1084,1083,-1,1137,1083,1138,-1,
  1138,1083,1082,-1,1138,1082,1139,-1,1139,1082,1081,-1,1139,1081,1140,-1,1140,1081,1080,-1,1140,1080,1141,-1,1141,1080,1079,-1,1141,1079,1142,-1,
  1142,1079,1078,-1,1142,1078,1143,-1,1143,1078,1077,-1,1143,1077,1144,-1,1144,1077,1076,-1,1144,1076,1145,-1,1145,1076,1075,-1,1145,1075,1146,-1,
  1146,1075,1074,-1,1146,1074,1147,-1,1147,1074,1073,-1,1066,1065,986,-1,1066,986,1067,-1,1067,986,985,-1,1067,985,1068,-1,1068,985,984,-1,
  1063,989,988,-1,1063,988,1064,-1,1064,988,987,-1,1064,987,1065,-1,1065,987,986,-1,1026,774,942,-1,1026,942,1027,-1,1027,942,1025,-1,
  1027,1025,1028,-1,1028,1025,1024,-1,1028,1024,1029,-1,1029,1024,1023,-1,1029,1023,1030,-1,1030,1023,1022,-1,1030,1022,1031,-1,1031,1022,1021,-1,
  1031,1021,1032,-1,1032,1021,1020,-1,1032,1020,1033,-1,1033,1020,1019,-1,1033,1019,1034,-1,1034,1019,1018,-1,1034,1018,1035,-1,1035,1018,1017,-1,
  1035,1017,1036,-1,1036,1017,1016,-1,1036,1016,1037,-1,1037,1016,1015,-1,1037,1015,1038,-1,1038,1015,1014,-1,1038,1014,1039,-1,1039,1014,1013,-1,
  1039,1013,1040,-1,1040,1013,1012,-1,1040,1012,1041,-1,1041,1012,1011,-1,1041,1011,1042,-1,1042,1011,1010,-1,1042,1010,1043,-1,1043,1010,1009,-1,
  1043,1009,1044,-1,1044,1009,1008,-1,1044,1008,1045,-1,1045,1008,1007,-1,1045,1007,1046,-1,1046,1007,1006,-1,1046,1006,1047,-1,1047,1006,1005,-1,
  1047,1005,1048,-1,1048,1005,1004,-1,1048,1004,1049,-1,1049,1004,1003,-1,1049,1003,1050,-1,1050,1003,1002,-1,1050,1002,1051,-1,1051,1002,1001,-1,
  1051,1001,1052,-1,1052,1001,1000,-1,1052,1000,1053,-1,1053,1000,999,-1,1053,999,1054,-1,1054,999,998,-1,1054,998,1055,-1,1055,998,997,-1,
  1055,997,1056,-1,1056,997,996,-1,1056,996,1057,-1,1057,996,995,-1,1057,995,1058,-1,1058,995,994,-1,1058,994,1059,-1,1059,994,993,-1,
  1059,993,1060,-1,1060,993,992,-1,1060,992,1061,-1,1061,992,991,-1,1061,991,1062,-1,1062,991,990,-1,1062,990,1063,-1,1063,990,989,-1,
  982,981,902,-1,982,902,983,-1,983,902,901,-1,983,901,984,-1,979,905,904,-1,979,904,980,-1,980,904,903,-1,980,903,981,-1,
  981,903,902,-1,942,774,858,-1,942,858,943,-1,943,858,941,-1,943,941,944,-1,944,941,940,-1,944,940,945,-1,945,940,939,-1,
  945,939,946,-1,946,939,938,-1,946,938,947,-1,947,938,937,-1,947,937,948,-1,948,937,936,-1,948,936,949,-1,949,936,935,-1,
  949,935,950,-1,950,935,934,-1,950,934,951,-1,951,934,933,-1,951,933,952,-1,952,933,932,-1,952,932,953,-1,953,932,931,-1,
  953,931,954,-1,954,931,930,-1,954,930,955,-1,955,930,929,-1,955,929,956,-1,956,929,928,-1,956,928,957,-1,957,928,927,-1,
  957,927,958,-1,958,927,926,-1,958,926,959,-1,959,926,925,-1,959,925,960,-1,960,925,924,-1,960,924,961,-1,961,924,923,-1,
  961,923,962,-1,962,923,922,-1,962,922,963,-1,963,922,921,-1,963,921,964,-1,964,921,920,-1,964,920,965,-1,965,920,919,-1,
  965,919,966,-1,966,919,918,-1,966,918,967,-1,967,918,917,-1,967,917,968,-1,968,917,916,-1,968,916,969,-1,969,916,915,-1,
  969,915,970,-1,970,915,914,-1,970,914,971,-1,971,914,913,-1,971,913,972,-1,972,913,912,-1,972,912,973,-1,973,912,911,-1,
  973,911,974,-1,974,911,910,-1,974,910,975,-1,975,910,909,-1,975,909,976,-1,976,909,908,-1,976,908,977,-1,977,908,907,-1,
  977,907,978,-1,978,907,906,-1,978,906,979,-1,979,906,905,-1,366,365,1603,-1,366,1603,816,-1,816,1603,900,-1,816,900,817,-1,
  817,900,899,-1,817,899,818,-1,818,899,898,-1,818,898,897,-1,895,821,820,-1,895,820,896,-1,896,820,819,-1,896,819,897,-1,
  897,819,818,-1,859,774,857,-1,859,857,860,-1,860,857,856,-1,860,856,861,-1,861,856,855,-1,861,855,862,-1,862,855,854,-1,
  862,854,863,-1,863,854,853,-1,863,853,864,-1,864,853,852,-1,864,852,865,-1,865,852,851,-1,865,851,866,-1,866,851,850,-1,
  866,850,867,-1,867,850,849,-1,867,849,868,-1,868,849,848,-1,868,848,869,-1,869,848,847,-1,869,847,870,-1,870,847,846,-1,
  870,846,871,-1,871,846,845,-1,871,845,872,-1,872,845,844,-1,872,844,873,-1,873,844,843,-1,873,843,874,-1,874,843,842,-1,
  874,842,875,-1,875,842,841,-1,875,841,876,-1,876,841,840,-1,876,840,877,-1,877,840,839,-1,877,839,878,-1,878,839,838,-1,
  878,838,879,-1,879,838,837,-1,879,837,880,-1,880,837,836,-1,880,836,881,-1,881,836,835,-1,881,835,882,-1,882,835,834,-1,
  882,834,883,-1,883,834,833,-1,883,833,884,-1,884,833,832,-1,884,832,885,-1,885,832,831,-1,885,831,886,-1,886,831,830,-1,
  886,830,887,-1,887,830,829,-1,887,829,888,-1,888,829,828,-1,888,828,889,-1,889,828,827,-1,889,827,890,-1,890,827,826,-1,
  890,826,891,-1,891,826,825,-1,891,825,892,-1,892,825,824,-1,892,824,893,-1,893,824,823,-1,893,823,894,-1,894,823,822,-1,
  894,822,895,-1,895,822,821,-1,367,366,810,-1,810,366,811,-1,811,366,812,-1,812,366,813,-1,813,366,814,-1,814,366,815,-1,
  815,366,816,-1,810,809,367,-1,367,809,368,-1,368,809,369,-1,369,809,370,-1,370,809,371,-1,371,809,808,-1,372,371,804,-1,
  804,371,805,-1,805,371,806,-1,806,371,807,-1,807,371,808,-1,804,803,372,-1,372,803,373,-1,373,803,374,-1,374,803,802,-1,
  374,802,801,-1,374,801,375,-1,375,801,800,-1,375,800,376,-1,376,800,799,-1,376,799,377,-1,377,799,798,-1,377,798,378,-1,
  378,798,797,-1,378,797,379,-1,379,797,796,-1,379,796,380,-1,380,796,795,-1,380,795,381,-1,381,795,382,-1,792,384,383,-1,
  792,383,793,-1,793,383,382,-1,793,382,794,-1,794,382,795,-1,384,792,385,-1,385,792,386,-1,386,792,387,-1,387,792,388,-1,
  388,792,791,-1,389,388,788,-1,788,388,789,-1,789,388,790,-1,790,388,791,-1,788,787,389,-1,389,787,390,-1,390,787,391,-1,
  391,787,392,-1,392,787,393,-1,393,787,394,-1,394,787,395,-1,395,787,396,-1,396,787,786,-1,1531,1530,268,-1,268,1530,356,-1,
  356,1530,357,-1,357,1530,358,-1,358,1530,1613,-1,1612,1611,360,-1,1612,360,1613,-1,1613,360,359,-1,1613,359,358,-1,361,360,1608,-1,
  1608,360,1609,-1,1609,360,1610,-1,1610,360,1611,-1,1608,1607,361,-1,361,1607,362,-1,362,1607,363,-1,363,1607,364,-1,364,1607,365,-1,
  365,1607,1606,-1,1603,365,1604,-1,1604,365,1605,-1,1605,365,1606,-1,1489,1488,1603,-1,1489,1603,1490,-1,1490,1603,1602,-1,1490,1602,1491,-1,
  1491,1602,1492,-1,1492,1602,1493,-1,1493,1602,1494,-1,1494,1602,1495,-1,1495,1602,1601,-1,1495,1601,1496,-1,1496,1601,1497,-1,1497,1601,1498,-1,
  1498,1601,1600,-1,1598,1597,1499,-1,1598,1499,1599,-1,1599,1499,1498,-1,1599,1498,1600,-1,1501,1500,1596,-1,1596,1500,1597,-1,1597,1500,1499,-1,
  1503,1502,1595,-1,1595,1502,1596,-1,1596,1502,1501,-1,1594,1593,1505,-1,1594,1505,1595,-1,1595,1505,1504,-1,1595,1504,1503,-1,1590,1507,1506,-1,
  1590,1506,1591,-1,1591,1506,1505,-1,1591,1505,1592,-1,1592,1505,1593,-1,1507,1590,1508,-1,1508,1590,1509,-1,1509,1590,1510,-1,1510,1590,1589,-1,
  1586,1585,1511,-1,1586,1511,1587,-1,1587,1511,1510,-1,1587,1510,1588,-1,1588,1510,1589,-1,1513,1512,1584,-1,1584,1512,1585,-1,1585,1512,1511,-1,
  1515,1514,1583,-1,1583,1514,1584,-1,1584,1514,1513,-1,1517,1516,1580,-1,1580,1516,1581,-1,1581,1516,1582,-1,1582,1516,1583,-1,1583,1516,1515,-1,
  1518,1517,1575,-1,1575,1517,1576,-1,1576,1517,1577,-1,1577,1517,1578,-1,1578,1517,1579,-1,1579,1517,1580,-1,1519,1518,1572,-1,1572,1518,1573,-1,
  1573,1518,1574,-1,1574,1518,1575,-1,461,269,462,-1,462,269,463,-1,463,269,464,-1,464,269,465,-1,465,269,466,-1,466,269,467,-1,
  467,269,468,-1,468,269,469,-1,469,269,470,-1,470,269,471,-1,471,269,472,-1,472,269,473,-1,473,269,474,-1,474,269,475,-1,
  475,269,476,-1,476,269,477,-1,477,269,478,-1,478,269,479,-1,479,269,1632,-1,1632,269,1633,-1,1633,269,1634,-1,1634,269,1635,-1,
  1635,269,1636,-1,1636,269,1637,-1,1637,269,1638,-1,1638,269,1639,-1,1639,269,1640,-1,1640,269,1641,-1,1641,269,1642,-1,1642,269,1643,-1,
  1643,269,1644,-1,1644,269,1645,-1,1645,269,1646,-1,1646,269,1647,-1,1647,269,1648,-1,1648,269,1649,-1,1649,269,1650,-1,1650,269,1651,-1,
  1651,269,1652,-1,1652,269,1653,-1,1653,269,1654,-1,1654,269,1655,-1,1655,269,1656,-1,1656,269,413,-1,413,269,414,-1,414,269,415,-1,
  415,269,416,-1,416,269,417,-1,417,269,418,-1,418,269,419,-1,419,269,420,-1,420,269,421,-1,421,269,422,-1,422,269,423,-1,
  423,269,424,-1,424,269,425,-1,425,269,426,-1,426,269,427,-1,427,269,428,-1,428,269,429,-1,429,269,430,-1,430,269,431,-1,
  431,269,432,-1,432,269,433,-1,433,269,434,-1,434,269,435,-1,435,269,436,-1,436,269,437,-1,437,269,354,-1,354,269,268,-1,
  412,411,413,-1,413,411,1656,-1,1656,411,409,-1,409,411,410,-1,1414,1413,1412,-1,1414,1412,404,-1,404,1412,1656,-1,404,1656,406,-1,
  406,1656,408,-1,406,408,407,-1,774,396,775,-1,775,396,776,-1,776,396,777,-1,777,396,778,-1,778,396,779,-1,779,396,780,-1,
  780,396,781,-1,781,396,782,-1,782,396,783,-1,783,396,784,-1,784,396,785,-1,785,396,786,-1,403,402,1437,-1,1437,402,1438,-1,
  1438,402,1439,-1,1439,402,1440,-1,1440,402,1441,-1,1441,402,1442,-1,1442,402,1443,-1,1443,402,1444,-1,1444,402,1445,-1,404,403,1422,-1,
  1422,403,1423,-1,1423,403,1424,-1,1424,403,1425,-1,1425,403,1426,-1,1426,403,1427,-1,1427,403,1428,-1,1428,403,1429,-1,1429,403,1430,-1,
  1430,403,1431,-1,1431,403,1432,-1,1432,403,1433,-1,1433,403,1434,-1,1434,403,1435,-1,1435,403,1436,-1,1436,403,1437,-1,1414,404,1415,-1,
  1415,404,1416,-1,1416,404,1417,-1,1417,404,1418,-1,1418,404,1419,-1,1419,404,1420,-1,1420,404,1421,-1,1421,404,1422,-1,1409,1408,1410,-1,
  1410,1408,1656,-1,1656,1408,1406,-1,1406,1408,1407,-1,1406,1405,1656,-1,1656,1405,1404,-1,1412,1411,1656,-1,1656,1411,1410,-1,1630,1629,1631,-1,
  1631,1629,480,-1,480,1629,1627,-1,1627,1629,1628,-1,1625,1624,1626,-1,1626,1624,480,-1,480,1624,1622,-1,1622,1624,1623,-1,1619,1618,1620,-1,
  1620,1618,480,-1,480,1618,1616,-1,1616,1618,1617,-1,1616,1615,480,-1,480,1615,1614,-1,1622,1621,480,-1,480,1621,1620,-1,479,1632,480,-1,
  480,1632,1631,-1,751,269,753,-1,753,269,754,-1,754,269,755,-1,755,269,756,-1,756,269,757,-1,757,269,758,-1,758,269,759,-1,
  759,269,760,-1,760,269,761,-1,761,269,560,-1,560,269,562,-1,562,269,563,-1,563,269,564,-1,564,269,565,-1,565,269,566,-1,
  566,269,567,-1,567,269,568,-1,568,269,569,-1,569,269,570,-1,570,269,571,-1,571,269,572,-1,572,269,573,-1,573,269,574,-1,
  574,269,575,-1,575,269,576,-1,576,269,577,-1,577,269,578,-1,578,269,579,-1,579,269,580,-1,580,269,581,-1,559,558,768,-1,
  768,558,769,-1,769,558,770,-1,770,558,771,-1,771,558,772,-1,772,558,556,-1,556,558,557,-1,555,554,556,-1,556,554,772,-1,
  772,554,773,-1,773,554,690,-1,690,554,553,-1,552,551,553,-1,553,551,690,-1,690,551,549,-1,549,551,550,-1,546,545,547,-1,
  547,545,690,-1,690,545,543,-1,543,545,544,-1,540,539,606,-1,540,606,541,-1,541,606,690,-1,541,690,542,-1,542,690,543,-1,
  549,548,690,-1,690,548,547,-1,765,764,560,-1,765,560,766,-1,766,560,559,-1,766,559,767,-1,767,559,768,-1,761,560,762,-1,
  762,560,763,-1,763,560,764,-1,127,126,268,-1,268,126,672,-1,672,126,673,-1,673,126,675,-1,675,126,677,-1,677,126,678,-1,
  678,126,680,-1,680,126,682,-1,682,126,683,-1,683,126,684,-1,684,126,686,-1,686,126,688,-1,688,126,689,-1,689,126,731,-1,
  731,126,732,-1,732,126,733,-1,733,126,125,-1,122,733,123,-1,123,733,124,-1,124,733,125,-1,253,269,25,-1,25,269,26,-1,
  26,269,27,-1,27,269,28,-1,28,269,29,-1,29,269,30,-1,30,269,31,-1,31,269,32,-1,32,269,33,-1,33,269,34,-1,
  34,269,35,-1,35,269,36,-1,36,269,37,-1,37,269,38,-1,38,269,39,-1,39,269,40,-1,40,269,41,-1,41,269,42,-1,
  42,269,43,-1,43,269,44,-1,44,269,45,-1,22,21,253,-1,22,253,23,-1,23,253,25,-1,23,25,24,-1,20,19,21,-1,
  21,19,253,-1,253,19,17,-1,17,19,18,-1,17,16,253,-1,253,16,181,-1,181,16,182,-1,182,16,183,-1,183,16,184,-1,
  184,16,185,-1,185,16,186,-1,186,16,187,-1,187,16,188,-1,188,16,189,-1,189,16,190,-1,190,16,191,-1,191,16,192,-1,
  192,16,14,-1,14,16,15,-1,13,12,14,-1,14,12,199,-1,199,12,200,-1,200,12,201,-1,201,12,202,-1,202,12,203,-1,
  203,12,204,-1,204,12,205,-1,205,12,206,-1,206,12,207,-1,207,12,208,-1,208,12,209,-1,209,12,210,-1,210,12,11,-1,
  192,14,193,-1,193,14,194,-1,194,14,195,-1,195,14,196,-1,196,14,197,-1,197,14,198,-1,198,14,199,-1,180,179,181,-1,
  181,179,253,-1,253,179,177,-1,177,179,178,-1,174,173,175,-1,175,173,253,-1,253,173,171,-1,171,173,172,-1,171,170,253,-1,
  253,170,169,-1,177,176,253,-1,253,176,175,-1,356,355,268,-1,268,355,354,-1,1531,268,1532,-1,1532,268,1533,-1,1533,268,1534,-1,
  1534,268,1535,-1,1535,268,1536,-1,1536,268,1537,-1,1537,268,1538,-1,1538,268,1539,-1,1539,268,1540,-1,1540,268,1541,-1,1541,268,1542,-1,
  1542,268,1543,-1,1543,268,1544,-1,1544,268,1545,-1,1545,268,1546,-1,1546,268,1547,-1,1547,268,1548,-1,1548,268,1549,-1,1549,268,1550,-1,
  1550,268,1551,-1,1551,268,1552,-1,1552,268,1553,-1,1553,268,1554,-1,1554,268,1555,-1,1555,268,1557,-1,1557,268,1740,-1,1740,268,1741,-1,
  1741,268,1742,-1,1742,268,1743,-1,1743,268,1744,-1,1744,268,1745,-1,1745,268,1746,-1,1746,268,1747,-1,1747,268,1748,-1,1748,268,1749,-1,
  1749,268,1750,-1,1750,268,1751,-1,1751,268,1752,-1,1752,268,1753,-1,1753,268,1754,-1,1754,268,1755,-1,1755,268,1756,-1,1756,268,1757,-1,
  1757,268,1758,-1,1758,268,1759,-1,1759,268,1760,-1,1760,268,1761,-1,1761,268,1762,-1,1762,268,1763,-1,1763,268,1764,-1,1764,268,649,-1,
  649,268,650,-1,650,268,651,-1,651,268,652,-1,652,268,653,-1,653,268,654,-1,654,268,655,-1,655,268,656,-1,656,268,657,-1,
  657,268,658,-1,658,268,659,-1,659,268,660,-1,660,268,661,-1,661,268,662,-1,662,268,663,-1,663,268,664,-1,664,268,665,-1,
  665,268,666,-1,666,268,667,-1,667,268,668,-1,668,268,669,-1,669,268,671,-1,671,268,672,-1,1562,1561,1560,-1,1562,1560,1740,-1,
  1740,1560,1559,-1,1740,1559,1557,-1,1557,1559,1558,-1,1565,1564,1842,-1,1842,1564,1843,-1,1843,1564,1844,-1,1844,1564,1845,-1,1845,1564,1846,-1,
  1846,1564,1847,-1,1847,1564,1848,-1,1848,1564,1849,-1,1849,1564,1850,-1,1850,1564,1851,-1,1851,1564,1852,-1,1852,1564,1853,-1,1853,1564,1562,-1,
  1562,1564,1563,-1,1567,1566,1568,-1,1568,1566,1824,-1,1824,1566,1825,-1,1825,1566,1826,-1,1826,1566,1827,-1,1827,1566,1828,-1,1828,1566,1829,-1,
  1829,1566,1830,-1,1830,1566,1831,-1,1831,1566,1565,-1,1571,1570,1824,-1,1824,1570,1568,-1,1568,1570,1569,-1,1519,1572,1520,-1,1520,1572,1521,-1,
  1521,1572,1522,-1,1522,1572,1523,-1,1523,1572,1524,-1,1524,1572,1525,-1,1525,1572,1526,-1,1526,1572,1527,-1,1527,1572,1528,-1,1528,1572,1529,-1,
  1529,1572,1446,-1,1831,1565,1832,-1,1832,1565,1833,-1,1833,1565,1834,-1,1834,1565,1835,-1,1835,1565,1836,-1,1836,1565,1837,-1,1837,1565,1838,-1,
  1838,1565,1839,-1,1839,1565,1840,-1,1840,1565,1841,-1,1841,1565,1842,-1,1853,1562,1854,-1,1854,1562,1855,-1,1855,1562,1856,-1,1856,1562,1740,-1,
  1859,1858,1740,-1,1740,1858,1856,-1,1856,1858,1857,-1,1861,1860,1862,-1,1862,1860,1740,-1,1740,1860,1859,-1,1768,1767,1769,-1,1769,1767,648,-1,
  648,1767,1765,-1,1765,1767,1766,-1,1773,1772,1774,-1,1774,1772,648,-1,648,1772,1770,-1,1770,1772,1771,-1,1779,1778,1780,-1,1780,1778,648,-1,
  648,1778,1776,-1,1776,1778,1777,-1,1774,648,1775,-1,1775,648,1776,-1,649,648,1764,-1,1764,648,1765,-1,522,606,523,-1,523,606,524,-1,
  524,606,525,-1,525,606,526,-1,526,606,527,-1,527,606,528,-1,528,606,529,-1,529,606,530,-1,530,606,531,-1,531,606,532,-1,
  532,606,533,-1,533,606,534,-1,534,606,535,-1,535,606,536,-1,536,606,537,-1,537,606,538,-1,538,606,539,-1,690,606,691,-1,
  691,606,692,-1,692,606,693,-1,693,606,694,-1,694,606,695,-1,695,606,696,-1,696,606,697,-1,697,606,698,-1,698,606,699,-1,
  699,606,700,-1,700,606,701,-1,701,606,702,-1,702,606,703,-1,703,606,704,-1,704,606,705,-1,705,606,706,-1,706,606,707,-1,
  707,606,708,-1,708,606,709,-1,709,606,710,-1,710,606,689,-1,710,689,711,-1,711,689,712,-1,712,689,713,-1,713,689,714,-1,
  714,689,715,-1,715,689,716,-1,716,689,717,-1,717,689,718,-1,718,689,719,-1,719,689,720,-1,720,689,721,-1,721,689,722,-1,
  722,689,723,-1,723,689,724,-1,724,689,725,-1,725,689,726,-1,726,689,727,-1,727,689,728,-1,728,689,729,-1,729,689,730,-1,
  730,689,731,-1,127,268,128,-1,128,268,129,-1,129,268,130,-1,130,268,131,-1,131,268,132,-1,132,268,133,-1,133,268,134,-1,
  134,268,135,-1,135,268,136,-1,136,268,137,-1,137,268,138,-1,138,268,139,-1,139,268,140,-1,140,268,141,-1,141,268,142,-1,
  142,268,143,-1,143,268,144,-1,144,268,145,-1,145,268,146,-1,146,268,147,-1,147,268,148,-1,148,268,267,-1,151,150,266,-1,
  266,150,267,-1,267,150,148,-1,148,150,149,-1,342,341,157,-1,342,157,265,-1,265,157,156,-1,265,156,266,-1,266,156,154,-1,
  266,154,152,-1,152,154,153,-1,158,157,159,-1,159,157,321,-1,321,157,322,-1,322,157,323,-1,323,157,324,-1,324,157,325,-1,
  325,157,326,-1,326,157,327,-1,327,157,328,-1,328,157,329,-1,329,157,330,-1,330,157,331,-1,331,157,332,-1,332,157,333,-1,
  333,157,334,-1,334,157,335,-1,335,157,336,-1,336,157,337,-1,337,157,338,-1,338,157,339,-1,339,157,340,-1,340,157,341,-1,
  160,159,161,-1,161,159,314,-1,314,159,315,-1,315,159,316,-1,316,159,317,-1,317,159,318,-1,318,159,319,-1,319,159,320,-1,
  320,159,321,-1,166,165,167,-1,167,165,312,-1,312,165,163,-1,163,165,164,-1,0,84,1,-1,1,84,2,-1,2,84,3,-1,
  3,84,4,-1,313,312,161,-1,161,312,162,-1,162,312,163,-1,345,344,346,-1,346,344,265,-1,265,344,342,-1,342,344,343,-1,
  263,262,353,-1,263,353,264,-1,264,353,352,-1,264,352,265,-1,265,352,350,-1,265,350,348,-1,348,350,349,-1,253,270,254,-1,
  254,270,255,-1,255,270,256,-1,256,270,257,-1,257,270,258,-1,258,270,259,-1,259,270,260,-1,260,270,261,-1,261,270,353,-1,
  346,265,347,-1,347,265,348,-1,151,266,152,-1,353,262,261,-1,350,352,351,-1,161,314,313,-1,167,312,168,-1,154,156,155,-1,
  686,688,687,-1,684,686,685,-1,680,682,681,-1,678,680,679,-1,675,677,676,-1,673,675,674,-1,669,671,670,-1,1769,648,1770,-1,
  1780,648,1781,-1,1571,1824,1572,-1,1555,1557,1556,-1,6,8,7,-1,8,10,9,-1,734,736,735,-1,736,738,737,-1,740,742,741,-1,
  742,744,743,-1,745,747,746,-1,747,749,748,-1,751,753,752,-1,560,562,561,-1,480,1627,1626,-1,1656,409,408,-1,398,400,399,-1,
  400,402,401,-1,404,406,405,-1,774,859,858,-1,438,522,605,-1]
  normalPerVertex TRUE
  normal DEF NORM_96 Normal { vector [
  0 0 -1,0 0 -1,
  0 0 -1,0 0 -1,
  0 0 -1,0 0 -1,
  0 0 -1,0 0 -1,
  0 0 -1,0 0 -1,
  0 0 -1,0 0 -1,
  0 0 -1,0 0 -1,
  0 0 -1,0 0 -1,
  0 0 -1,0 0 -1,
  0 0 -1,0 0 -1,
  0 0 -1,0 0 -1,
  0 0 -1,0 0 -1,
  0 0 -1,0 0 -1,
  0 0 -1,0 0 -1,
  0 0 -1,0 0 -1,
  0 0 -1,0 0 -1,
  0 0 -1,0 0 -1,
  0 0 -1,0 0 -1,
  0 0 -1,0 0 -1,
  0 0 -1,0 0 -1,
  0 0 -1,0 0 -1,
  0 0 -1,0 0 -1,
  0 0 -1,0 0 -1,
  0 0 -1,0 0 -1,
  0 0 -1,0 0 -1,
  0 0 -1,0 0 -1,
  0 0 -1,0 0 -1,
  0 0 -1,0 0 -1,
  0 0 -1,0 0 -1,
  0 0 -1,0 0 -1,
  0 0 -1,0 0 -1,
  0 0 -1,0 0 -1,
  0 0 -1,0 0 -1,
  0 0 -1,0 0 -1,
  0 0 -1,0 0 -1,
  0 0 -1,0 0 -1,
  0 0 -1,0 0 -1,
  0 0 -1,0 0 -1,
  0 0 -1,0 0 -1,
  0 0 -1,0 0 -1,
  0 0 -1,0 0 -1,
  0 0 -1,0 0 -1,
  0 0 -1,0 0 -1,
  0 0 -1,0 0 -1,
  0 0 -1,0 0 -1,
  0 0 -1,0 0 -1,
  0 0 -1,0 0 -1,
  0 0 -1,0 0 -1,
  0 0 -1,0 0 -1,
  0 0 -1,0 0 -1,
  0 0 -1,0 0 -1,
  0 0 -1,0 0 -1,
  0 0 -1,0 0 -1,
  0 0 -1,0 0 -1,
  0 0 -1,0 0 -1,
  0 0 -1,0 0 -1,
  0 0 -1,0 0 -1,
  0 0 -1,0 0 -1,
  0 0 -1,0 0 -1,
  0 0 -1,0 0 -1,
  0 0 -1,0 0 -1,
  0 0 -1,0 0 -1,
  0 0 -1,0 0 -1,
  0 0 -1,0 0 -1,
  0 0 -1,0 0 -1,
  0 0 -1,0 0 -1,
  0 0 -1,0 0 -1,
  0 0 -1,0 0 -1,
  0 0 -1,0 0 -1,
  0 0 -1,0 0 -1,
  0 0 -1,0 0 -1,
  0 0 -1,0 0 -1,
  0 0 -1,0 0 -1,
  0 0 -1,0 0 -1,
  0 0 -1,0 0 -1,
  0 0 -1,0 0 -1,
  0 0 -1,0 0 -1,
  0 0 -1,0 0 -1,
  0 0 -1,0 0 -1,
  0 0 -1,0 0 -1,
  0 0 -1,0 0 -1,
  0 0 -1,0 0 -1,
  0 0 -1,0 0 -1,
  0 0 -1,0 0 -1,
  0 0 -1,0 0 -1,
  0 0 -1,0 0 -1,
  0 0 -1,0 0 -1,
  0 0 -1,0 0 -1,
  0 0 -1,0 0 -1,
  0 0 -1,0 0 -1,
  0 0 -1,0 0 -1,
  0 0 -1,0 0 -1,
  0 0 -1,0 0 -1,
  0 0 -1,0 0 -1,
  0 0 -1,0 0 -1,
  0 0 -1,0 0 -1,
  0 0 -1,0 0 -1,
  0 0 -1,0 0 -1,
  0 0 -1,0 0 -1,
  0 0 -1,0 0 -1,
  0 0 -1,0 0 -1,
  0 0 -1,0 0 -1,
  0 0 -1,0 0 -1,
  0 0 -1,0 0 -1,
  0 0 -1,0 0 -1,
  0 0 -1,0 0 -1,
  0 0 -1,0 0 -1,
  0 0 -1,0 0 -1,
  0 0 -1,0 0 -1,
  0 0 -1,0 0 -1,
  0 0 -1,0 0 -1,
  0 0 -1,0 0 -1,
  0 0 -1,0 0 -1,
  0 0 -1,0 0 -1,
  0 0 -1,0 0 -1,
  0 0 -1,0 0 -1,
  0 0 -1,0 0 -1,
  0 0 -1,0 0 -1,
  0 0 -1,0 0 -1,
  0 0 -1,0 0 -1,
  0 0 -1,0 0 -1,
  0 0 -1,0 0 -1,
  0 0 -1,0 0 -1,
  0 0 -1,0 0 -1,
  0 0 -1,0 0 -1,
  0 0 -1,0 0 -1,
  0 0 -1,0 0 -1,
  0 0 -1,0 0 -1,
  0 0 -1,0 0 -1,
  0 0 -1,0 0 -1,
  0 0 -1,0 0 -1,
  0 0 -1,0 0 -1,
  0 0 -1,0 0 -1,
  0 0 -1,0 0 -1,
  0 0 -1,0 0 -1,
  0 0 -1,0 0 -1,
  0 0 -1,0 0 -1,
  0 0 -1,0 0 -1,
  0 0 -1,0 0 -1,
  0 0 -1,0 0 -1,
  0 0 -1,0 0 -1,
  0 0 -1,0 0 -1,
  0 0 -1,0 0 -1,
  0 0 -1,0 0 -1,
  0 0 -1,0 0 -1,
  0 0 -1,0 0 -1,
  0 0 -1,0 0 -1,
  0 0 -1,0 0 -1,
  0 0 -1,0 0 -1,
  0 0 -1,0 0 -1,
  0 0 -1,0 0 -1,
  0 0 -1,0 0 -1,
  0 0 -1,0 0 -1,
  0 0 -1,0 0 -1,
  0 0 -1,0 0 -1,
  0 0 -1,0 0 -1,
  0 0 -1,0 0 -1,
  0 0 -1,0 0 -1,
  0 0 -1,0 0 -1,
  0 0 -1,0 0 -1,
  0 0 -1,0 0 -1,
  0 0 -1,0 0 -1,
  0 0 -1,0 0 -1,
  0 0 -1,0 0 -1,
  0 0 -1,0 0 -1,
  0 0 -1,0 0 -1,
  0 0 -1,0 0 -1,
  0 0 -1,0 0 -1,
  0 0 -1,0 0 -1,
  0 0 -1,0 0 -1,
  0 0 -1,0 0 -1,
  0 0 -1,0 0 -1,
  0 0 -1,0 0 -1,
  0 0 -1,0 0 -1,
  0 0 -1,0 0 -1,
  0 0 -1,0 0 -1,
  0 0 -1,0 0 -1,
  0 0 -1,0 0 -1,
  0 0 -1,0 0 -1,
  0 0 -1,0 0 -1,
  0 0 -1,0 0 -1,
  0 0 -1,0 0 -1,
  0 0 -1,0 0 -1,
  0 0 -1,0 0 -1,
  0 0 -1,0 0 -1,
  0 0 -1,0 0 -1,
  0 0 -1,0 0 -1,
  0 0 -1,0 0 -1,
  0 0 -1,0 0 -1,
  0 0 -1,0 0 -1,
  0 0 -1,0 0 -1,
  0 0 -1,0 0 -1,
  0 0 -1,0 0 -1,
  0 0 -1,0 0 -1,
  0 0 -1,0 0 -1,
  0 0 -1,0 0 -1,
  0 0 -1,0 0 -1,
  0 0 -1,0 0 -1,
  0 0 -1,0 0 -1,
  0 0 -1,0 0 -1,
  0 0 -1,0 0 -1,
  0 0 -1,0 0 -1,
  0 0 -1,0 0 -1,
  0 0 -1,0 0 -1,
  0 0 -1,0 0 -1,
  0 0 -1,0 0 -1,
  0 0 -1,0 0 -1,
  0 0 -1,0 0 -1,
  0 0 -1,0 0 -1,
  0 0 -1,0 0 -1,
  0 0 -1,0 0 -1,
  0 0 -1,0 0 -1,
  0 0 -1,0 0 -1,
  0 0 -1,0 0 -1,
  0 0 -1,0 0 -1,
  0 0 -1,0 0 -1,
  0 0 -1,0 0 -1,
  0 0 -1,0 0 -1,
  0 0 -1,0 0 -1,
  0 0 -1,0 0 -1,
  0 0 -1,0 0 -1,
  0 0 -1,0 0 -1,
  0 0 -1,0 0 -1,
  0 0 -1,0 0 -1,
  0 0 -1,0 0 -1,
  0 0 -1,0 0 -1,
  0 0 -1,0 0 -1,
  0 0 -1,0 0 -1,
  0 0 -1,0 0 -1,
  0 0 -1,0 0 -1,
  0 0 -1,0 0 -1,
  0 0 -1,0 0 -1,
  0 0 -1,0 0 -1,
  0 0 -1,0 0 -1,
  0 0 -1,0 0 -1,
  0 0 -1,0 0 -1,
  0 0 -1,0 0 -1,
  0 0 -1,0 0 -1,
  0 0 -1,0 0 -1,
  0 0 -1,0 0 -1,
  0 0 -1,0 0 -1,
  0 0 -1,0 0 -1,
  0 0 -1,0 0 -1,
  0 0 -1,0 0 -1,
  0 0 -1,0 0 -1,
  0 0 -1,0 0 -1,
  0 0 -1,0 0 -1,
  0 0 -1,0 0 -1,
  0 0 -1,0 0 -1,
  0 0 -1,0 0 -1,
  0 0 -1,0 0 -1,
  0 0 -1,0 0 -1,
  0 0 -1,0 0 -1,
  0 0 -1,0 0 -1,
  0 0 -1,0 0 -1,
  0 0 -1,0 0 -1,
  0 0 -1,0 0 -1,
  0 0 -1,0 0 -1,
  0 0 -1,0 0 -1,
  0 0 -1,0 0 -1,
  0 0 -1,0 0 -1,
  0 0 -1,0 0 -1,
  0 0 -1,0 0 -1,
  0 0 -1,0 0 -1,
  0 0 -1,0 0 -1,
  0 0 -1,0 0 -1,
  0 0 -1,0 0 -1,
  0 0 -1,0 0 -1,
  0 0 -1,0 0 -1,
  0 0 -1,0 0 -1,
  0 0 -1,0 0 -1,
  0 0 -1,0 0 -1,
  0 0 -1,0 0 -1,
  0 0 -1,0 0 -1,
  0 0 -1,0 0 -1,
  0 0 -1,0 0 -1,
  0 0 -1,0 0 -1,
  0 0 -1,0 0 -1,
  0 0 -1,0 0 -1,
  0 0 -1,0 0 -1,
  0 0 -1,0 0 -1,
  0 0 -1,0 0 -1,
  0 0 -1,0 0 -1,
  0 0 -1,0 0 -1,
  0 0 -1,0 0 -1,
  0 0 -1,0 0 -1,
  0 0 -1,0 0 -1,
  0 0 -1,0 0 -1,
  0 0 -1,0 0 -1,
  0 0 -1,0 0 -1,
  0 0 -1,0 0 -1,
  0 0 -1,0 0 -1,
  0 0 -1,0 0 -1,
  0 0 -1,0 0 -1,
  0 0 -1,0 0 -1,
  0 0 -1,0 0 -1,
  0 0 -1,0 0 -1,
  0 0 -1,0 0 -1,
  0 0 -1,0 0 -1,
  0 0 -1,0 0 -1,
  0 0 -1,0 0 -1,
  0 0 -1,0 0 -1,
  0 0 -1,0 0 -1,
  0 0 -1,0 0 -1,
  0 0 -1,0 0 -1,
  0 0 -1,0 0 -1,
  0 0 -1,0 0 -1,
  0 0 -1,0 0 -1,
  0 0 -1,0 0 -1,
  0 0 -1,0 0 -1,
  0 0 -1,0 0 -1,
  0 0 -1,0 0 -1,
  0 0 -1,0 0 -1,
  0 0 -1,0 0 -1,
  0 0 -1,0 0 -1,
  0 0 -1,0 0 -1,
  0 0 -1,0 0 -1,
  0 0 -1,0 0 -1,
  0 0 -1,0 0 -1,
  0 0 -1,0 0 -1,
  0 0 -1,0 0 -1,
  0 0 -1,0 0 -1,
  0 0 -1,0 0 -1,
  0 0 -1,0 0 -1,
  0 0 -1,0 0 -1,
  0 0 -1,0 0 -1,
  0 0 -1,0 0 -1,
  0 0 -1,0 0 -1,
  0 0 -1,0 0 -1,
  0 0 -1,0 0 -1,
  0 0 -1,0 0 -1,
  0 0 -1,0 0 -1,
  0 0 -1,0 0 -1,
  0 0 -1,0 0 -1,
  0 0 -1,0 0 -1,
  0 0 -1,0 0 -1,
  0 0 -1,0 0 -1,
  0 0 -1,0 0 -1,
  0 0 -1,0 0 -1,
  0 0 -1,0 0 -1,
  0 0 -1,0 0 -1,
  0 0 -1,0 0 -1,
  0 0 -1,0 0 -1,
  0 0 -1,0 0 -1,
  0 0 -1,0 0 -1,
  0 0 -1,0 0 -1,
  0 0 -1,0 0 -1,
  0 0 -1,0 0 -1,
  0 0 -1,0 0 -1,
  0 0 -1,0 0 -1,
  0 0 -1,0 0 -1,
  0 0 -1,0 0 -1,
  0 0 -1,0 0 -1,
  0 0 -1,0 0 -1,
  0 0 -1,0 0 -1,
  0 0 -1,0 0 -1,
  0 0 -1,0 0 -1,
  0 0 -1,0 0 -1,
  0 0 -1,0 0 -1,
  0 0 -1,0 0 -1,
  0 0 -1,0 0 -1,
  0 0 -1,0 0 -1,
  0 0 -1,0 0 -1,
  0 0 -1,0 0 -1,
  0 0 -1,0 0 -1,
  0 0 -1,0 0 -1,
  0 0 -1,0 0 -1,
  0 0 -1,0 0 -1,
  0 0 -1,0 0 -1,
  0 0 -1,0 0 -1,
  0 0 -1,0 0 -1,
  0 0 -1,0 0 -1,
  0 0 -1,0 0 -1,
  0 0 -1,0 0 -1,
  0 0 -1,0 0 -1,
  0 0 -1,0 0 -1,
  0 0 -1,0 0 -1,
  0 0 -1,0 0 -1,
  0 0 -1,0 0 -1,
  0 0 -1,0 0 -1,
  0 0 -1,0 0 -1,
  0 0 -1,0 0 -1,
  0 0 -1,0 0 -1,
  0 0 -1,0 0 -1,
  0 0 -1,0 0 -1,
  0 0 -1,0 0 -1,
  0 0 -1,0 0 -1,
  0 0 -1,0 0 -1,
  0 0 -1,0 0 -1,
  0 0 -1,0 0 -1,
  0 0 -1,0 0 -1,
  0 0 -1,0 0 -1,
  0 0 -1,0 0 -1,
  0 0 -1,0 0 -1,
  0 0 -1,0 0 -1,
  0 0 -1,0 0 -1,
  0 0 -1,0 0 -1,
  0 0 -1,0 0 -1,
  0 0 -1,0 0 -1,
  0 0 -1,0 0 -1,
  0 0 -1,0 0 -1,
  0 0 -1,0 0 -1,
  0 0 -1,0 0 -1,
  0 0 -1,0 0 -1,
  0 0 -1,0 0 -1,
  0 0 -1,0 0 -1,
  0 0 -1,0 0 -1,
  0 0 -1,0 0 -1,
  0 0 -1,0 0 -1,
  0 0 -1,0 0 -1,
  0 0 -1,0 0 -1,
  0 0 -1,0 0 -1,
  0 0 -1,0 0 -1,
  0 0 -1,0 0 -1,
  0 0 -1,0 0 -1,
  0 0 -1,0 0 -1,
  0 0 -1,0 0 -1,
  0 0 -1,0 0 -1,
  0 0 -1,0 0 -1,
  0 0 -1,0 0 -1,
  0 0 -1,0 0 -1,
  0 0 -1,0 0 -1,
  0 0 -1,0 0 -1,
  0 0 -1,0 0 -1,
  0 0 -1,0 0 -1,
  0 0 -1,0 0 -1,
  0 0 -1,0 0 -1,
  0 0 -1,0 0 -1,
  0 0 -1,0 0 -1,
  0 0 -1,0 0 -1,
  0 0 -1,0 0 -1,
  0 0 -1,0 0 -1,
  0 0 -1,0 0 -1,
  0 0 -1,0 0 -1,
  0 0 -1,0 0 -1,
  0 0 -1,0 0 -1,
  0 0 -1,0 0 -1,
  0 0 -1,0 0 -1,
  0 0 -1,0 0 -1,
  0 0 -1,0 0 -1,
  0 0 -1,0 0 -1,
  0 0 -1,0 0 -1,
  0 0 -1,0 0 -1,
  0 0 -1,0 0 -1,
  0 0 -1,0 0 -1,
  0 0 -1,0 0 -1,
  0 0 -1,0 0 -1,
  0 0 -1,0 0 -1,
  0 0 -1,0 0 -1,
  0 0 -1,0 0 -1,
  0 0 -1,0 0 -1,
  0 0 -1,0 0 -1,
  0 0 -1,0 0 -1,
  0 0 -1,0 0 -1,
  0 0 -1,0 0 -1,
  0 0 -1,0 0 -1,
  0 0 -1,0 0 -1,
  0 0 -1,0 0 -1,
  0 0 -1,0 0 -1,
  0 0 -1,0 0 -1,
  0 0 -1,0 0 -1,
  0 0 -1,0 0 -1,
  0 0 -1,0 0 -1,
  0 0 -1,0 0 -1,
  0 0 -1,0 0 -1,
  0 0 -1,0 0 -1,
  0 0 -1,0 0 -1,
  0 0 -1,0 0 -1,
  0 0 -1,0 0 -1,
  0 0 -1,0 0 -1,
  0 0 -1,0 0 -1,
  0 0 -1,0 0 -1,
  0 0 -1,0 0 -1,
  0 0 -1,0 0 -1,
  0 0 -1,0 0 -1,
  0 0 -1,0 0 -1,
  0 0 -1,0 0 -1,
  0 0 -1,0 0 -1,
  0 0 -1,0 0 -1,
  0 0 -1,0 0 -1,
  0 0 -1,0 0 -1,
  0 0 -1,0 0 -1,
  0 0 -1,0 0 -1,
  0 0 -1,0 0 -1,
  0 0 -1,0 0 -1,
  0 0 -1,0 0 -1,
  0 0 -1,0 0 -1,
  0 0 -1,0 0 -1,
  0 0 -1,0 0 -1,
  0 0 -1,0 0 -1,
  0 0 -1,0 0 -1,
  0 0 -1,0 0 -1,
  0 0 -1,0 0 -1,
  0 0 -1,0 0 -1,
  0 0 -1,0 0 -1,
  0 0 -1,0 0 -1,
  0 0 -1,0 0 -1,
  0 0 -1,0 0 -1,
  0 0 -1,0 0 -1,
  0 0 -1,0 0 -1,
  0 0 -1,0 0 -1,
  0 0 -1,0 0 -1,
  0 0 -1,0 0 -1,
  0 0 -1,0 0 -1,
  0 0 -1,0 0 -1,
  0 0 -1,0 0 -1,
  0 0 -1,0 0 -1,
  0 0 -1,0 0 -1,
  0 0 -1,0 0 -1,
  0 0 -1,0 0 -1,
  0 0 -1,0 0 -1,
  0 0 -1,0 0 -1,
  0 0 -1,0 0 -1,
  0 0 -1,0 0 -1,
  0 0 -1,0 0 -1,
  0 0 -1,0 0 -1,
  0 0 -1,0 0 -1,
  0 0 -1,0 0 -1,
  0 0 -1,0 0 -1,
  0 0 -1,0 0 -1,
  0 0 -1,0 0 -1,
  0 0 -1,0 0 -1,
  0 0 -1,0 0 -1,
  0 0 -1,0 0 -1,
  0 0 -1,0 0 -1,
  0 0 -1,0 0 -1,
  0 0 -1,0 0 -1,
  0 0 -1,0 0 -1,
  0 0 -1,0 0 -1,
  0 0 -1,0 0 -1,
  0 0 -1,0 0 -1,
  0 0 -1,0 0 -1,
  0 0 -1,0 0 -1,
  0 0 -1,0 0 -1,
  0 0 -1,0 0 -1,
  0 0 -1,0 0 -1,
  0 0 -1,0 0 -1,
  0 0 -1,0 0 -1,
  0 0 -1,0 0 -1,
  0 0 -1,0 0 -1,
  0 0 -1,0 0 -1,
  0 0 -1,0 0 -1,
  0 0 -1,0 0 -1,
  0 0 -1,0 0 -1,
  0 0 -1,0 0 -1,
  0 0 -1,0 0 -1,
  0 0 -1,0 0 -1,
  0 0 -1,0 0 -1,
  0 0 -1,0 0 -1,
  0 0 -1,0 0 -1,
  0 0 -1,0 0 -1,
  0 0 -1,0 0 -1,
  0 0 -1,0 0 -1,
  0 0 -1,0 0 -1,
  0 0 -1,0 0 -1,
  0 0 -1,0 0 -1,
  0 0 -1,0 0 -1,
  0 0 -1,0 0 -1,
  0 0 -1,0 0 -1,
  0 0 -1,0 0 -1,
  0 0 -1,0 0 -1,
  0 0 -1,0 0 -1,
  0 0 -1,0 0 -1,
  0 0 -1,0 0 -1,
  0 0 -1,0 0 -1,
  0 0 -1,0 0 -1,
  0 0 -1,0 0 -1,
  0 0 -1,0 0 -1,
  0 0 -1,0 0 -1,
  0 0 -1,0 0 -1,
  0 0 -1,0 0 -1,
  0 0 -1,0 0 -1,
  0 0 -1,0 0 -1,
  0 0 -1,0 0 -1,
  0 0 -1,0 0 -1,
  0 0 -1,0 0 -1,
  0 0 -1,0 0 -1,
  0 0 -1,0 0 -1,
  0 0 -1,0 0 -1,
  0 0 -1,0 0 -1,
  0 0 -1,0 0 -1,
  0 0 -1,0 0 -1,
  0 0 -1,0 0 -1,
  0 0 -1,0 0 -1,
  0 0 -1,0 0 -1,
  0 0 -1,0 0 -1,
  0 0 -1,0 0 -1,
  0 0 -1,0 0 -1,
  0 0 -1,0 0 -1,
  0 0 -1,0 0 -1,
  0 0 -1,0 0 -1,
  0 0 -1,0 0 -1,
  0 0 -1,0 0 -1,
  0 0 -1,0 0 -1,
  0 0 -1,0 0 -1,
  0 0 -1,0 0 -1,
  0 0 -1,0 0 -1,
  0 0 -1,0 0 -1,
  0 0 -1,0 0 -1,
  0 0 -1,0 0 -1,
  0 0 -1,0 0 -1,
  0 0 -1,0 0 -1,
  0 0 -1,0 0 -1,
  0 0 -1,0 0 -1,
  0 0 -1,0 0 -1,
  0 0 -1,0 0 -1,
  0 0 -1,0 0 -1,
  0 0 -1,0 0 -1,
  0 0 -1,0 0 -1,
  0 0 -1,0 0 -1,
  0 0 -1,0 0 -1,
  0 0 -1,0 0 -1,
  0 0 -1,0 0 -1,
  0 0 -1,0 0 -1,
  0 0 -1,0 0 -1,
  0 0 -1,0 0 -1,
  0 0 -1,0 0 -1,
  0 0 -1,0 0 -1,
  0 0 -1,0 0 -1,
  0 0 -1,0 0 -1,
  0 0 -1,0 0 -1,
  0 0 -1,0 0 -1,
  0 0 -1,0 0 -1,
  0 0 -1,0 0 -1,
  0 0 -1,0 0 -1,
  0 0 -1,0 0 -1,
  0 0 -1,0 0 -1,
  0 0 -1,0 0 -1,
  0 0 -1,0 0 -1,
  0 0 -1,0 0 -1,
  0 0 -1,0 0 -1,
  0 0 -1,0 0 -1,
  0 0 -1,0 0 -1,
  0 0 -1,0 0 -1,
  0 0 -1,0 0 -1,
  0 0 -1,0 0 -1,
  0 0 -1,0 0 -1,
  0 0 -1,0 0 -1,
  0 0 -1,0 0 -1,
  0 0 -1,0 0 -1,
  0 0 -1,0 0 -1,
  0 0 -1,0 0 -1,
  0 0 -1,0 0 -1,
  0 0 -1,0 0 -1,
  0 0 -1,0 0 -1,
  0 0 -1,0 0 -1,
  0 0 -1,0 0 -1,
  0 0 -1,0 0 -1,
  0 0 -1,0 0 -1,
  0 0 -1,0 0 -1,
  0 0 -1,0 0 -1,
  0 0 -1,0 0 -1,
  0 0 -1,0 0 -1,
  0 0 -1,0 0 -1,
  0 0 -1,0 0 -1,
  0 0 -1,0 0 -1,
  0 0 -1,0 0 -1,
  0 0 -1,0 0 -1,
  0 0 -1,0 0 -1,
  0 0 -1,0 0 -1,
  0 0 -1,0 0 -1,
  0 0 -1,0 0 -1,
  0 0 -1,0 0 -1,
  0 0 -1,0 0 -1,
  0 0 -1,0 0 -1,
  0 0 -1,0 0 -1,
  0 0 -1,0 0 -1,
  0 0 -1,0 0 -1,
  0 0 -1,0 0 -1,
  0 0 -1,0 0 -1,
  0 0 -1,0 0 -1,
  0 0 -1,0 0 -1,
  0 0 -1,0 0 -1,
  0 0 -1,0 0 -1,
  0 0 -1,0 0 -1,
  0 0 -1,0 0 -1,
  0 0 -1,0 0 -1,
  0 0 -1,0 0 -1,
  0 0 -1,0 0 -1,
  0 0 -1,0 0 -1,
  0 0 -1,0 0 -1,
  0 0 -1,0 0 -1,
  0 0 -1,0 0 -1,
  0 0 -1,0 0 -1,
  0 0 -1,0 0 -1,
  0 0 -1,0 0 -1,
  0 0 -1,0 0 -1,
  0 0 -1,0 0 -1,
  0 0 -1,0 0 -1,
  0 0 -1,0 0 -1,
  0 0 -1,0 0 -1,
  0 0 -1,0 0 -1,
  0 0 -1,0 0 -1,
  0 0 -1,0 0 -1,
  0 0 -1,0 0 -1,
  0 0 -1,0 0 -1,
  0 0 -1,0 0 -1,
  0 0 -1,0 0 -1,
  0 0 -1,0 0 -1,
  0 0 -1,0 0 -1,
  0 0 -1,0 0 -1,
  0 0 -1,0 0 -1,
  0 0 -1,0 0 -1,
  0 0 -1,0 0 -1,
  0 0 -1,0 0 -1,
  0 0 -1,0 0 -1,
  0 0 -1,0 0 -1,
  0 0 -1,0 0 -1,
  0 0 -1,0 0 -1,
  0 0 -1,0 0 -1,
  0 0 -1,0 0 -1,
  0 0 -1,0 0 -1,
  0 0 -1,0 0 -1,
  0 0 -1,0 0 -1,
  0 0 -1,0 0 -1,
  0 0 -1,0 0 -1,
  0 0 -1,0 0 -1,
  0 0 -1,0 0 -1,
  0 0 -1,0 0 -1,
  0 0 -1,0 0 -1,
  0 0 -1,0 0 -1,
  0 0 -1,0 0 -1,
  0 0 -1,0 0 -1,
  0 0 -1,0 0 -1,
  0 0 -1,0 0 -1,
  0 0 -1,0 0 -1,
  0 0 -1,0 0 -1,
  0 0 -1,0 0 -1,
  0 0 -1,0 0 -1,
  0 0 -1,0 0 -1,
  0 0 -1,0 0 -1,
  0 0 -1,0 0 -1,
  0 0 -1,0 0 -1,
  0 0 -1,0 0 -1,
  0 0 -1,0 0 -1,
  0 0 -1,0 0 -1,
  0 0 -1,0 0 -1,
  0 0 -1,0 0 -1,
  0 0 -1,0 0 -1,
  0 0 -1,0 0 -1,
  0 0 -1,0 0 -1,
  0 0 -1,0 0 -1,
  0 0 -1,0 0 -1,
  0 0 -1,0 0 -1,
  0 0 -1,0 0 -1,
  0 0 -1,0 0 -1,
  0 0 -1,0 0 -1,
  0 0 -1,0 0 -1,
  0 0 -1,0 0 -1,
  0 0 -1,0 0 -1,
  0 0 -1,0 0 -1,
  0 0 -1,0 0 -1,
  0 0 -1,0 0 -1,
  0 0 -1,0 0 -1,
  0 0 -1,0 0 -1,
  0 0 -1,0 0 -1,
  0 0 -1,0 0 -1,
  0 0 -1,0 0 -1,
  0 0 -1,0 0 -1,
  0 0 -1,0 0 -1,
  0 0 -1,0 0 -1,
  0 0 -1,0 0 -1,
  0 0 -1,0 0 -1,
  0 0 -1,0 0 -1,
  0 0 -1,0 0 -1,
  0 0 -1,0 0 -1,
  0 0 -1,0 0 -1,
  0 0 -1,0 0 -1,
  0 0 -1,0 0 -1,
  0 0 -1,0 0 -1,
  0 0 -1,0 0 -1,
  0 0 -1,0 0 -1,
  0 0 -1,0 0 -1,
  0 0 -1,0 0 -1,
  0 0 -1,0 0 -1,
  0 0 -1,0 0 -1,
  0 0 -1,0 0 -1,
  0 0 -1,0 0 -1,
  0 0 -1,0 0 -1,
  0 0 -1,0 0 -1,
  0 0 -1,0 0 -1,
  0 0 -1,0 0 -1,
  0 0 -1,0 0 -1,
  0 0 -1,0 0 -1,
  0 0 -1,0 0 -1,
  0 0 -1,0 0 -1,
  0 0 -1,0 0 -1,
  0 0 -1,0 0 -1,
  0 0 -1,0 0 -1,
  0 0 -1,0 0 -1,
  0 0 -1,0 0 -1,
  0 0 -1,0 0 -1,
  0 0 -1,0 0 -1,
  0 0 -1,0 0 -1,
  0 0 -1,0 0 -1,
  0 0 -1,0 0 -1,
  0 0 -1,0 0 -1,
  0 0 -1,0 0 -1,
  0 0 -1,0 0 -1,
  0 0 -1,0 0 -1,
  0 0 -1,0 0 -1,
  0 0 -1,0 0 -1,
  0 0 -1,0 0 -1,
  0 0 -1,0 0 -1,
  0 0 -1,0 0 -1,
  0 0 -1,0 0 -1,
  0 0 -1,0 0 -1,
  0 0 -1,0 0 -1,
  0 0 -1,0 0 -1,
  0 0 -1,0 0 -1,
  0 0 -1,0 0 -1,
  0 0 -1,0 0 -1,
  0 0 -1,0 0 -1,
  0 0 -1,0 0 -1,
  0 0 -1,0 0 -1,
  0 0 -1,0 0 -1,
  0 0 -1,0 0 -1,
  0 0 -1,0 0 -1,
  0 0 -1,0 0 -1,
  0 0 -1,0 0 -1,
  0 0 -1,0 0 -1,
  0 0 -1,0 0 -1,
  0 0 -1,0 0 -1,
  0 0 -1,0 0 -1,
  0 0 -1,0 0 -1,
  0 0 -1,0 0 -1,
  0 0 -1,0 0 -1,
  0 0 -1,0 0 -1,
  0 0 -1,0 0 -1,
  0 0 -1,0 0 -1,
  0 0 -1,0 0 -1,
  0 0 -1,0 0 -1,
  0 0 -1,0 0 -1,
  0 0 -1,0 0 -1,
  0 0 -1,0 0 -1,
  0 0 -1,0 0 -1,
  0 0 -1,0 0 -1,
  0 0 -1,0 0 -1,
  0 0 -1,0 0 -1,
  0 0 -1,0 0 -1,
  0 0 -1,0 0 -1,
  0 0 -1,0 0 -1,
  0 0 -1,0 0 -1,
  0 0 -1,0 0 -1,
  0 0 -1,0 0 -1,
  0 0 -1,0 0 -1,
  0 0 -1,0 0 -1,
  0 0 -1,0 0 -1,
  0 0 -1,0 0 -1,
  0 0 -1,0 0 -1,
  0 0 -1,0 0 -1,
  0 0 -1,0 0 -1,
  0 0 -1,0 0 -1,
  0 0 -1,0 0 -1,
  0 0 -1,0 0 -1,
  0 0 -1,0 0 -1,
  0 0 -1,0 0 -1,
  0 0 -1,0 0 -1,
  0 0 -1,0 0 -1,
  0 0 -1,0 0 -1,
  0 0 -1,0 0 -1,
  0 0 -1,0 0 -1,
  0 0 -1,0 0 -1,
  0 0 -1,0 0 -1,
  0 0 -1,0 0 -1,
  0 0 -1,0 0 -1,
  0 0 -1,0 0 -1,
  0 0 -1,0 0 -1,
  0 0 -1,0 0 -1,
  0 0 -1,0 0 -1,
  0 0 -1,0 0 -1,
  0 0 -1,0 0 -1,
  0 0 -1,0 0 -1,
  0 0 -1,0 0 -1,
  0 0 -1,0 0 -1,
  0 0 -1,0 0 -1,
  0 0 -1,0 0 -1,
  0 0 -1,0 0 -1,
  0 0 -1,0 0 -1,
  0 0 -1,0 0 -1,
  0 0 -1,0 0 -1,
  0 0 -1,0 0 -1,
  0 0 -1,0 0 -1,
  0 0 -1,0 0 -1,
  0 0 -1,0 0 -1,
  0 0 -1,0 0 -1,
  0 0 -1,0 0 -1,
  0 0 -1,0 0 -1,
  0 0 -1,0 0 -1,
  0 0 -1,0 0 -1,
  0 0 -1,0 0 -1,
  0 0 -1,0 0 -1,
  0 0 -1,0 0 -1,
  0 0 -1,0 0 -1,
  0 0 -1,0 0 -1,
  0 0 -1,0 0 -1,
  0 0 -1,0 0 -1,
  0 0 -1,0 0 -1,
  0 0 -1,0 0 -1,
  0 0 -1,0 0 -1,
  0 0 -1,0 0 -1,
  0 0 -1,0 0 -1,
  0 0 -1,0 0 -1,
  0 0 -1,0 0 -1,
  0 0 -1,0 0 -1,
  0 0 -1,0 0 -1,
  0 0 -1,0 0 -1,
  0 0 -1,0 0 -1,
  0 0 -1,0 0 -1,
  0 0 -1,0 0 -1,
  0 0 -1,0 0 -1,
  0 0 -1,0 0 -1,
  0 0 -1,0 0 -1,
  0 0 -1,0 0 -1,
  0 0 -1,0 0 -1,
  0 0 -1,0 0 -1,
  0 0 -1,0 0 -1,
  0 0 -1,0 0 -1,
  0 0 -1,0 0 -1,
  0 0 -1,0 0 -1,
  0 0 -1,0 0 -1,
  0 0 -1,0 0 -1,
  0 0 -1,0 0 -1,
  0 0 -1,0 0 -1,
  0 0 -1,0 0 -1,
  0 0 -1,0 0 -1,
  0 0 -1,0 0 -1,
  0 0 -1,0 0 -1,
  0 0 -1,0 0 -1,
  0 0 -1,0 0 -1,
  0 0 -1,0 0 -1,
  0 0 -1,0 0 -1,
  0 0 -1,0 0 -1] }
}
}
] }
DEF TXFM_25 Transform {
  center 0 0 0
  rotation 0 0 1 0
  scale 1 1 1
  scaleOrientation 0 0 1 0
  translation 0 0 0
 children [
DEF SHAPE_97 Shape {
 appearance DEF APP_9 Appearance {
  material Material {
   ambientIntensity 0.74468082
   diffuseColor 0.94 0.94 0.94
   emissiveColor 0 0 0
   shininess 0.02
   specularColor 0.94599998 0.94599998 0.94599998
   transparency 0
} }
 geometry DEF FACE_97 IndexedFaceSet {
  coord DEF COORD_97 Coordinate { point [
  15.64875 -13.406046 0.34448819,15.611255 -13.387298 0.34448819,
  15.609502 -13.387096 0.34448819,15.608149 -13.385961 0.34448819,
  15.59805 -13.384181 0.34448819,15.504312 -13.384181 0.34448819,
  15.502653 -13.384784 0.34448819,15.500936 -13.384374 0.34448819,
  15.491107 -13.387298 0.34448819,15.453611 -13.406046 0.34448819,
  15.453168 -13.406514 0.34448819,15.445937 -13.411577 0.34448819,
  15.42719 -13.430324 0.34448819,15.418654 -13.44863 0.34448819,
  15.423881 -13.46814 0.34448819,15.440427 -13.479725 0.34448819,
  15.460548 -13.477965 0.34448819,15.468948 -13.472083 0.34448819,
  15.484307 -13.456723 0.34448819,15.511282 -13.443236 0.34448819,
  15.59108 -13.443236 0.34448819,15.618054 -13.456723 0.34448819,
  15.630026 -13.468694 0.34448819,15.643513 -13.495669 0.34448819,
  15.643513 -13.521403 0.34448819,15.628485 -13.566487 0.34448819,
  15.408442 -13.78653 0.34448819,15.404687 -13.794582 0.34448819,
  15.400242 -13.802281 0.34448819,15.400477 -13.803612 0.34448819,
  15.399906 -13.804836 0.34448819,15.402206 -13.813419 0.34448819,
  15.40375 -13.822173 0.34448819,15.404784 -13.823041 0.34448819,
  15.405133 -13.824345 0.34448819,15.412413 -13.829443 0.34448819,
  15.419222 -13.835156 0.34448819,15.421027 -13.835474 0.34448819,
  15.421679 -13.835931 0.34448819,15.422974 -13.835817 0.34448819,
  15.429321 -13.836937 0.34448819,15.673041 -13.836937 0.34448819,
  15.69202 -13.830028 0.34448819,15.70212 -13.812537 0.34448819,
  15.698612 -13.792645 0.34448819,15.68314 -13.779662 0.34448819,
  15.673041 -13.777881 0.34448819,15.500607 -13.777881 0.34448819,
  15.675172 -13.603316 0.34448819,15.675918 -13.601716 0.34448819,
  15.677422 -13.600792 0.34448819,15.682305 -13.591774 0.34448819,
  15.701053 -13.535532 0.34448819,15.701035 -13.534888 0.34448819,
  15.702568 -13.526194 0.34448819,15.702568 -13.488699 0.34448819,
  15.701964 -13.48704 0.34448819,15.702374 -13.485323 0.34448819,
  15.699451 -13.475494 0.34448819,15.680703 -13.437998 0.34448819,
  15.680235 -13.437555 0.34448819,15.675172 -13.430324 0.34448819,
  15.656424 -13.411577 0.34448819,15.655841 -13.411305 0.34448819,
  15.083896 -13.571657 0.34448819,15.083896 -13.413708 0.34448819,
  15.076987 -13.394728 0.34448819,15.059496 -13.384629 0.34448819,
  15.039604 -13.388137 0.34448819,15.026621 -13.403609 0.34448819,
  15.024841 -13.413708 0.34448819,15.024841 -13.807409 0.34448819,
  15.031749 -13.826389 0.34448819,15.049241 -13.836488 0.34448819,
  15.069132 -13.832981 0.34448819,15.082115 -13.817508 0.34448819,
  15.083896 -13.807409 0.34448819,15.083896 -13.630712 0.34448819,
  15.249812 -13.630712 0.34448819,15.249812 -13.807409 0.34448819,
  15.25672 -13.826389 0.34448819,15.274212 -13.836488 0.34448819,
  15.294104 -13.832981 0.34448819,15.307087 -13.817508 0.34448819,
  15.308867 -13.807409 0.34448819,15.308867 -13.413708 0.34448819,
  15.301959 -13.394728 0.34448819,15.284467 -13.384629 0.34448819,
  15.264576 -13.388137 0.34448819,15.251593 -13.403609 0.34448819,
  15.249812 -13.413708 0.34448819,15.249812 -13.571657 0.34448819,
  -10.477324 -13.35166 0.34448819,-10.513198 -13.405471 0.34448819,
  -10.545237 -13.43751 0.34448819,-10.578447 -13.454115 0.34448819,
  -10.592333 -13.468781 0.34448819,-10.593544 -13.488943 0.34448819,
  -10.581511 -13.505166 0.34448819,-10.561866 -13.509859 0.34448819,
  -10.552037 -13.506935 0.34448819,-10.514541 -13.488187 0.34448819,
  -10.514098 -13.487719 0.34448819,-10.506867 -13.482656 0.34448819,
  -10.482283 -13.458072 0.34448819,-10.482283 -13.732212 0.34448819,
  -10.565242 -13.732212 0.34448819,-10.584222 -13.73912 0.34448819,
  -10.594321 -13.756612 0.34448819,-10.590813 -13.776504 0.34448819,
  -10.575341 -13.789487 0.34448819,-10.565242 -13.791267 0.34448819,
  -10.34027 -13.791267 0.34448819,-10.32129 -13.784359 0.34448819,
  -10.311191 -13.766867 0.34448819,-10.314698 -13.746976 0.34448819,
  -10.330171 -13.733993 0.34448819,-10.34027 -13.732212 0.34448819,
  -10.423228 -13.732212 0.34448819,-10.423228 -13.368039 0.34448819,
  -10.423809 -13.366443 0.34448819,-10.423407 -13.364794 0.34448819,
  -10.427206 -13.357111 0.34448819,-10.430137 -13.349059 0.34448819,
  -10.431607 -13.34821 0.34448819,-10.432359 -13.346688 0.34448819,
  -10.440208 -13.343244 0.34448819,-10.447628 -13.33896 0.34448819,
  -10.449301 -13.339254 0.34448819,-10.450856 -13.338572 0.34448819,
  -10.459082 -13.340979 0.34448819,-10.46752 -13.342467 0.34448819,
  -10.468611 -13.343767 0.34448819,-10.470241 -13.344244 0.34448819,
  -6.1168917 16.296847 0.34448819,-6.1168917 16.454796 0.34448819,
  -6.1238 16.473776 0.34448819,-6.1412917 16.483875 0.34448819,
  -6.1611831 16.480367 0.34448819,-6.1741661 16.464895 0.34448819,
  -6.1759469 16.454796 0.34448819,-6.1759469 16.061095 0.34448819,
  -6.1690386 16.042115 0.34448819,-6.1515469 16.032016 0.34448819,
  -6.1316555 16.035523 0.34448819,-6.1186724 16.050996 0.34448819,
  -6.1168917 16.061095 0.34448819,-6.1168917 16.237792 0.34448819,
  -5.9509752 16.237792 0.34448819,-5.9509752 16.061095 0.34448819,
  -5.9440669 16.042115 0.34448819,-5.9265752 16.032016 0.34448819,
  -5.9066839 16.035523 0.34448819,-5.8937008 16.050996 0.34448819,
  -5.8919201 16.061095 0.34448819,-5.8919201 16.454796 0.34448819,
  -5.8988283 16.473776 0.34448819,-5.9163201 16.483875 0.34448819,
  -5.9362114 16.480367 0.34448819,-5.9491945 16.464895 0.34448819,
  -5.9509752 16.454796 0.34448819,-5.9509752 16.296847 0.34448819,
  -10.852278 -13.35166 0.34448819,-10.888152 -13.405471 0.34448819,
  -10.920191 -13.43751 0.34448819,-10.9534 -13.454115 0.34448819,
  -10.967287 -13.468781 0.34448819,-10.968497 -13.488943 0.34448819,
  -10.956464 -13.505166 0.34448819,-10.936819 -13.509859 0.34448819,
  -10.92699 -13.506935 0.34448819,-10.889494 -13.488187 0.34448819,
  -10.889052 -13.487719 0.34448819,-10.88182 -13.482656 0.34448819,
  -10.857237 -13.458072 0.34448819,-10.857237 -13.732212 0.34448819,
  -10.940195 -13.732212 0.34448819,-10.959175 -13.73912 0.34448819,
  -10.969274 -13.756612 0.34448819,-10.965767 -13.776504 0.34448819,
  -10.950294 -13.789487 0.34448819,-10.940195 -13.791267 0.34448819,
  -10.715223 -13.791267 0.34448819,-10.696243 -13.784359 0.34448819,
  -10.686144 -13.766867 0.34448819,-10.689652 -13.746976 0.34448819,
  -10.705124 -13.733993 0.34448819,-10.715223 -13.732212 0.34448819,
  -10.798181 -13.732212 0.34448819,-10.798181 -13.368039 0.34448819,
  -10.798763 -13.366443 0.34448819,-10.798361 -13.364794 0.34448819,
  -10.802159 -13.357111 0.34448819,-10.80509 -13.349059 0.34448819,
  -10.80656 -13.34821 0.34448819,-10.807313 -13.346688 0.34448819,
  -10.815161 -13.343244 0.34448819,-10.822581 -13.33896 0.34448819,
  -10.824254 -13.339254 0.34448819,-10.825809 -13.338572 0.34448819,
  -10.834035 -13.340979 0.34448819,-10.842473 -13.342467 0.34448819,
  -10.843564 -13.343767 0.34448819,-10.845194 -13.344244 0.34448819,
  -11.304368 -13.525988 0.34448819,-11.304368 -13.368039 0.34448819,
  -11.311276 -13.349059 0.34448819,-11.328768 -13.33896 0.34448819,
  -11.348659 -13.342467 0.34448819,-11.361643 -13.35794 0.34448819,
  -11.363423 -13.368039 0.34448819,-11.363423 -13.76174 0.34448819,
  -11.356515 -13.78072 0.34448819,-11.339023 -13.790819 0.34448819,
  -11.319132 -13.787311 0.34448819,-11.306149 -13.771839 0.34448819,
  -11.304368 -13.76174 0.34448819,-11.304368 -13.585043 0.34448819,
  -11.138452 -13.585043 0.34448819,-11.138452 -13.76174 0.34448819,
  -11.131543 -13.78072 0.34448819,-11.114052 -13.790819 0.34448819,
  -11.09416 -13.787311 0.34448819,-11.081177 -13.771839 0.34448819,
  -11.079396 -13.76174 0.34448819,-11.079396 -13.368039 0.34448819,
  -11.086305 -13.349059 0.34448819,-11.103796 -13.33896 0.34448819,
  -11.123688 -13.342467 0.34448819,-11.136671 -13.35794 0.34448819,
  -11.138452 -13.368039 0.34448819,-11.138452 -13.525988 0.34448819,
  -2.8585488 -10.646288 0.34448819,-2.8450614 -10.619313 0.34448819,
  -2.8330902 -10.607342 0.34448819,-2.8061154 -10.593854 0.34448819,
  -2.7450657 -10.593854 0.34448819,-2.7180909 -10.607342 0.34448819,
  -2.7061197 -10.619313 0.34448819,-2.6926323 -10.646288 0.34448819,
  -2.6926323 -10.707337 0.34448819,-2.7061201 -10.734312 0.34448819,
  -2.7180913 -10.746284 0.34448819,-2.7450657 -10.759771 0.34448819,
  -2.8061154 -10.759771 0.34448819,-2.8330902 -10.746284 0.34448819,
  -2.8450614 -10.734312 0.34448819,-2.8585488 -10.707337 0.34448819,
  12.692632 -10.646288 0.34448819,12.70612 -10.619313 0.34448819,
  12.718091 -10.607342 0.34448819,12.745066 -10.593854 0.34448819,
  12.806115 -10.593854 0.34448819,12.83309 -10.607342 0.34448819,
  12.845061 -10.619313 0.34448819,12.858549 -10.646288 0.34448819,
  12.858549 -10.707337 0.34448819,12.845061 -10.734312 0.34448819,
  12.83309 -10.746284 0.34448819,12.806115 -10.759771 0.34448819,
  12.745066 -10.759771 0.34448819,12.718091 -10.746284 0.34448819,
  12.70612 -10.734312 0.34448819,12.692632 -10.707337 0.34448819,
  -15.182986 -10.379219 0.34448819,-15.21886 -10.43303 0.34448819,
  -15.250899 -10.465069 0.34448819,-15.284109 -10.481674 0.34448819,
  -15.297995 -10.496341 0.34448819,-15.299206 -10.516502 0.34448819,
  -15.287173 -10.532725 0.34448819,-15.267528 -10.537418 0.34448819,
  -15.257698 -10.534494 0.34448819,-15.220203 -10.515746 0.34448819,
  -15.21976 -10.515278 0.34448819,-15.212529 -10.510215 0.34448819,
  -15.187945 -10.485631 0.34448819,-15.187945 -10.759771 0.34448819,
  -15.270904 -10.759771 0.34448819,-15.289883 -10.76668 0.34448819,
  -15.299983 -10.784171 0.34448819,-15.296475 -10.804063 0.34448819,
  -15.281003 -10.817046 0.34448819,-15.270904 -10.818826 0.34448819,
  -15.045932 -10.818826 0.34448819,-15.026952 -10.811918 0.34448819,
  -15.016853 -10.794426 0.34448819,-15.02036 -10.774535 0.34448819,
  -15.035833 -10.761552 0.34448819,-15.045932 -10.759771 0.34448819,
  -15.12889 -10.759771 0.34448819,-15.12889 -10.395598 0.34448819,
  -15.129471 -10.394002 0.34448819,-15.129069 -10.392353 0.34448819,
  -15.132868 -10.38467 0.34448819,-15.135798 -10.376618 0.34448819,
  -15.137269 -10.375769 0.34448819,-15.138021 -10.374247 0.34448819,
  -15.14587 -10.370803 0.34448819,-15.15329 -10.366519 0.34448819,
  -15.154963 -10.366813 0.34448819,-15.156517 -10.366131 0.34448819,
  -15.164744 -10.368538 0.34448819,-15.173181 -10.370026 0.34448819,
  -15.174273 -10.371326 0.34448819,-15.175902 -10.371804 0.34448819,
  -14.652231 -10.36607 0.34448819,-14.914698 -10.36607 0.34448819,
  -14.933678 -10.372979 0.34448819,-14.943777 -10.39047 0.34448819,
  -14.94027 -10.410362 0.34448819,-14.924797 -10.423345 0.34448819,
  -14.914698 -10.425126 0.34448819,-14.697011 -10.425126 0.34448819,
  -14.8481 -10.777667 0.34448819,-14.849227 -10.797834 0.34448819,
  -14.837128 -10.814007 0.34448819,-14.817463 -10.818619 0.34448819,
  -14.799435 -10.809511 0.34448819,-14.79382 -10.80093 0.34448819,
  -14.625091 -10.40723 0.34448819,-14.624896 -10.403747 0.34448819,
  -14.623152 -10.400726 0.34448819,-14.624349 -10.39394 0.34448819,
  -14.623964 -10.387063 0.34448819,-14.626054 -10.38427 0.34448819,
  -14.626659 -10.380834 0.34448819,-14.631937 -10.376406 0.34448819,
  -14.636063 -10.37089 0.34448819,-14.639459 -10.370094 0.34448819,
  -14.642132 -10.367851 0.34448819,-15.635077 -10.553547 0.34448819,
  -15.635077 -10.395598 0.34448819,-15.641985 -10.376618 0.34448819,
  -15.659477 -10.366519 0.34448819,-15.679368 -10.370026 0.34448819,
  -15.692351 -10.385499 0.34448819,-15.694132 -10.395598 0.34448819,
  -15.694132 -10.789299 0.34448819,-15.687224 -10.808279 0.34448819,
  -15.669732 -10.818378 0.34448819,-15.649841 -10.81487 0.34448819,
  -15.636857 -10.799398 0.34448819,-15.635077 -10.789299 0.34448819,
  -15.635077 -10.612602 0.34448819,-15.46916 -10.612602 0.34448819,
  -15.46916 -10.789299 0.34448819,-15.462252 -10.808279 0.34448819,
  -15.44476 -10.818378 0.34448819,-15.424869 -10.81487 0.34448819,
  -15.411886 -10.799398 0.34448819,-15.410105 -10.789299 0.34448819,
  -15.410105 -10.395598 0.34448819,-15.417013 -10.376618 0.34448819,
  -15.434505 -10.366519 0.34448819,-15.454396 -10.370026 0.34448819,
  -15.46738 -10.385499 0.34448819,-15.46916 -10.395598 0.34448819,
  -15.46916 -10.553547 0.34448819,-3.1751122 -10.379219 0.34448819,
  -3.2109862 -10.43303 0.34448819,-3.2430252 -10.465069 0.34448819,
  -3.2762346 -10.481674 0.34448819,-3.2901213 -10.496341 0.34448819,
  -3.2913319 -10.516502 0.34448819,-3.2792988 -10.532725 0.34448819,
  -3.2596539 -10.537418 0.34448819,-3.2498244 -10.534494 0.34448819,
  -3.2123291 -10.515746 0.34448819,-3.2118862 -10.515278 0.34448819,
  -3.2046551 -10.510215 0.34448819,-3.1800713 -10.485631 0.34448819,
  -3.1800713 -10.759771 0.34448819,-3.2630295 -10.759771 0.34448819,
  -3.2820094 -10.76668 0.34448819,-3.2921087 -10.784171 0.34448819,
  -3.2886012 -10.804063 0.34448819,-3.2731287 -10.817046 0.34448819,
  -3.2630295 -10.818826 0.34448819,-3.0380579 -10.818826 0.34448819,
  -3.019078 -10.811918 0.34448819,-3.0089787 -10.794426 0.34448819,
  -3.0124862 -10.774535 0.34448819,-3.0279587 -10.761552 0.34448819,
  -3.0380579 -10.759771 0.34448819,-3.1210161 -10.759771 0.34448819,
  -3.1210161 -10.395598 0.34448819,-3.1215972 -10.394002 0.34448819,
  -3.1211953 -10.392353 0.34448819,-3.1249937 -10.38467 0.34448819,
  -3.1279244 -10.376618 0.34448819,-3.1293949 -10.375769 0.34448819,
  -3.1301472 -10.374247 0.34448819,-3.1379957 -10.370803 0.34448819,
  -3.1454161 -10.366519 0.34448819,-3.1470886 -10.366813 0.34448819,
  -3.1486433 -10.366131 0.34448819,-3.1568697 -10.368538 0.34448819,
  -3.1653075 -10.370026 0.34448819,-3.1663988 -10.371326 0.34448819,
  -3.1680283 -10.371804 0.34448819,-1.9685177 12.419147 0.34448819,
  -1.9984752 12.327824 0.34448819,-1.9984693 12.327745 0.34448819,
  -1.9985157 12.327682 0.34448819,-2.0210425 12.236402 0.34448819,
  -2.0210299 12.236317 0.34448819,-2.0210752 12.236243 0.34448819,
  -2.0353252 12.147499 0.34448819,-2.0353118 12.147442 0.34448819,
  -2.0353394 12.147391 0.34448819,-2.0356295 12.144609 0.34448819,
  -2.0356197 12.144576 0.34448819,-2.035635 12.144545 0.34448819,
  -2.0369953 12.125463 0.34448819,-2.036987 12.125439 0.34448819,
  -2.0369984 12.125414 0.34448819,-2.0382366 12.098651 0.34448819,
  -2.0382319 12.098637 0.34448819,-2.0382374 12.098624 0.34448819,
  -2.0392768 12.066445 0.34448819,-2.0392732 12.066435 0.34448819,
  -2.0392776 12.066424 0.34448819,-2.0400425 12.031096 0.34448819,
  -2.040039 12.031086 0.34448819,-2.0400429 12.031076 0.34448819,
  -2.0404575 11.994865 0.34448819,-2.0404555 11.99486 0.34448819,
  -2.0404575 11.994855 0.34448819,-2.0411335 11.881574 0.34448819,
  -2.0411311 11.881568 0.34448819,-2.0411335 11.881562 0.34448819,
  -2.0408484 11.880873 0.34448819,-2.0405654 11.880178 0.34448819,
  -2.0405598 11.880176 0.34448819,-2.0405571 11.88017 0.34448819,
  -2.0398744 11.879887 0.34448819,-2.0391768 11.879593 0.34448819,
  -2.0391709 11.879596 0.34448819,-2.039165 11.879593 0.34448819,
  -1.6719591 11.879593 0.34448819,-1.6705669 11.88017 0.34448819,
  -1.6699906 11.881562 0.34448819,-1.6699996 11.994843 0.34448819,
  -1.6699465 12.022689 0.34448819,-1.6695945 12.05639 0.34448819,
  -1.6687823 12.083222 0.34448819,-1.6673606 12.105298 0.34448819,
  -1.6651803 12.124749 0.34448819,-1.662087 12.143731 0.34448819,
  -1.657926 12.16437 0.34448819,-1.6574543 12.166561 0.34448819,
  -1.6324626 12.258339 0.34448819,-1.5984528 12.345169 0.34448819,
  -1.555678 12.426701 0.34448819,-1.5044016 12.50255 0.34448819,
  -1.4448854 12.572326 0.34448819,-1.3773921 12.635641 0.34448819,
  -1.302139 12.692135 0.34448819,-1.2965823 12.695796 0.34448819,
  -1.2594953 12.717945 0.34448819,-1.2172012 12.74005 0.34448819,
  -1.1723878 12.76092 0.34448819,-1.1278268 12.779322 0.34448819,
  -1.0862673 12.79404 0.34448819,-1.0504106 12.803874 0.34448819,
  -1.0359252 12.80703 0.34448819,-1.0359252 12.115937 0.34448819,
  -1.0353488 12.114544 0.34448819,-1.0339567 12.113968 0.34448819,
  -0.66416496 12.113968 0.34448819,-0.66277283 12.114544 0.34448819,
  -0.66219646 12.115937 0.34448819,-0.66219646 12.80703 0.34448819,
  -0.64768386 12.803869 0.34448819,-0.63767402 12.801485 0.34448819,
  -0.60200118 12.790702 0.34448819,-0.56123701 12.775657 0.34448819,
  -0.51806732 12.757516 0.34448819,-0.47520709 12.737463 0.34448819,
  -0.43537441 12.716686 0.34448819,-0.40122402 12.696343 0.34448819,
  -0.38672638 12.686707 0.34448819,-0.31484134 12.631595 0.34448819,
  -0.24964055 12.568915 0.34448819,-0.1915563 12.499323 0.34448819,
  -0.15756536 12.448289 0.34448819,-0.11316412 12.514739 0.34448819,
  0.1103559 12.66409 0.34448819,0.14139307 12.670264 0.34448819,
  0.12203976 12.700098 0.34448819,0.12196378 12.70015 0.34448819,
  0.12193937 12.700239 0.34448819,0.055623622 12.785101 0.34448819,
  0.055542126 12.785147 0.34448819,0.055509449 12.785234 0.34448819,
  -0.017901969 12.863637 0.34448819,-0.017989764 12.863676 0.34448819,
  -0.018031496 12.863763 0.34448819,-0.09793622 12.934742 0.34448819,
  -0.097985039 12.934759 0.34448819,-0.098009055 12.934804 0.34448819,
  -0.099680709 12.93615 0.34448819,-0.099729921 12.936165 0.34448819,
  -0.099756693 12.936208 0.34448819,-0.1871 12.99979 0.34448819,
  -0.18719567 12.999813 0.34448819,-0.18725433 12.999891 0.34448819,
  -0.2808374 13.055386 0.34448819,-0.28093268 13.0554 0.34448819,
  -0.28099646 13.05547 0.34448819,-0.38018228 13.102608 0.34448819,
  -0.38027598 13.102613 0.34448819,-0.38034449 13.102677 0.34448819,
  -0.48449606 13.141189 0.34448819,-0.4845878 13.141186 0.34448819,
  -0.48466024 13.141242 0.34448819,-0.59314055 13.17086 0.34448819,
  -0.59322992 13.170849 0.34448819,-0.59330591 13.170898 0.34448819,
  -0.70547835 13.191353 0.34448819,-0.70555709 13.191336 0.34448819,
  -0.70562756 13.191374 0.34448819,-0.72843819 13.193754 0.34448819,
  -0.72848346 13.193741 0.34448819,-0.7285252 13.193761 0.34448819,
  -0.76259843 13.195797 0.34448819,-0.76262677 13.195788 0.34448819,
  -0.76265433 13.1958 0.34448819,-0.80227126 13.197039 0.34448819,
  -0.80229213 13.197031 0.34448819,-0.8023122 13.19704 0.34448819,
  -0.84486496 13.197482 0.34448819,-0.84488346 13.197475 0.34448819,
  -0.84490157 13.197482 0.34448819,-0.8877811 13.197129 0.34448819,
  -0.88780118 13.197121 0.34448819,-0.88782087 13.197128 0.34448819,
  -0.92842008 13.19598 0.34448819,-0.92844528 13.195969 0.34448819,
  -0.92847165 13.195978 0.34448819,-0.96418228 13.194036 0.34448819,
  -0.96422283 13.194017 0.34448819,-0.96426535 13.19403 0.34448819,
  -0.99247992 13.191294 0.34448819,-0.99251575 13.191275 0.34448819,
  -0.99255472 13.191285 0.34448819,-0.99993228 13.190283 0.34448819,
  -0.99997598 13.190258 0.34448819,-1.0000244 13.190269 0.34448819,
  -1.1094484 13.170081 0.34448819,-1.109526 13.170031 0.34448819,
  -1.1096173 13.170042 0.34448819,-1.2164839 13.140396 0.34448819,
  -1.2165567 13.14034 0.34448819,-1.216648 13.140343 0.34448819,
  -1.3200165 13.101637 0.34448819,-1.3200843 13.101574 0.34448819,
  -1.3201768 13.101569 0.34448819,-1.4191091 13.054198 0.34448819,
  -1.419172 13.054128 0.34448819,-1.419265 13.054114 0.34448819,
  -1.512822 12.998474 0.34448819,-1.5128803 12.998396 0.34448819,
  -1.5129744 12.998374 0.34448819,-1.6002165 12.934862 0.34448819,
  -1.6002504 12.934807 0.34448819,-1.6003114 12.934788 0.34448819,
  -1.6177335 12.9204 0.34448819,-1.6177587 12.920353 0.34448819,
  -1.6178094 12.920334 0.34448819,-1.6753382 12.867652 0.34448819,
  -1.6753677 12.867589 0.34448819,-1.6754315 12.867561 0.34448819,
  -1.7323012 12.808082 0.34448819,-1.732324 12.808024 0.34448819,
  -1.7323799 12.807994 0.34448819,-1.7863618 12.744299 0.34448819,
  -1.7863815 12.744238 0.34448819,-1.7864366 12.744205 0.34448819,
  -1.8353035 12.678874 0.34448819,-1.8353217 12.678803 0.34448819,
  -1.8353815 12.678761 0.34448819,-1.8769043 12.614375 0.34448819,
  -1.8769146 12.61432 0.34448819,-1.8769587 12.614286 0.34448819,
  -1.8895307 12.592317 0.34448819,-1.8895378 12.592261 0.34448819,
  -1.8895799 12.592225 0.34448819,-1.9318622 12.508293 0.34448819,
  -1.9318685 12.508213 0.34448819,-1.9319248 12.508156 0.34448819,
  -1.9684677 12.419282 0.34448819,-1.9684677 12.419206 0.34448819,
  -2.6873949 -10.796961 0.34448819,-2.6869524 -10.796494 0.34448819,
  -2.6797205 -10.79143 0.34448819,-2.6609732 -10.772682 0.34448819,
  -2.6607016 -10.772099 0.34448819,-2.6554421 -10.765008 0.34448819,
  -2.6366945 -10.727513 0.34448819,-2.6364929 -10.725759 0.34448819,
  -2.6353579 -10.724407 0.34448819,-2.6335772 -10.714308 0.34448819,
  -2.6335772 -10.639317 0.34448819,-2.6341811 -10.637658 0.34448819,
  -2.6337709 -10.635941 0.34448819,-2.6366945 -10.626112 0.34448819,
  -2.6554421 -10.588617 0.34448819,-2.6559106 -10.588174 0.34448819,
  -2.6609732 -10.580943 0.34448819,-2.6775894 -10.564327 0.34448819,
  -2.6609732 -10.547711 0.34448819,-2.6607012 -10.547127 0.34448819,
  -2.6554421 -10.540037 0.34448819,-2.6366945 -10.502541 0.34448819,
  -2.6364929 -10.500788 0.34448819,-2.6353579 -10.499435 0.34448819,
  -2.6335772 -10.489336 0.34448819,-2.6335772 -10.470589 0.34448819,
  -2.6341811 -10.46893 0.34448819,-2.6337709 -10.467213 0.34448819,
  -2.6366945 -10.457383 0.34448819,-2.6554421 -10.419888 0.34448819,
  -2.6559106 -10.419445 0.34448819,-2.6609732 -10.412214 0.34448819,
  -2.6797209 -10.393467 0.34448819,-2.6803043 -10.393194 0.34448819,
  -2.6873949 -10.387935 0.34448819,-2.7248902 -10.369188 0.34448819,
  -2.7266437 -10.368986 0.34448819,-2.7279961 -10.367851 0.34448819,
  -2.7380953 -10.36607 0.34448819,-2.8130858 -10.36607 0.34448819,
  -2.8147449 -10.366674 0.34448819,-2.8164618 -10.366264 0.34448819,
  -2.8262909 -10.369188 0.34448819,-2.8637862 -10.387935 0.34448819,
  -2.8642295 -10.388404 0.34448819,-2.8714602 -10.393467 0.34448819,
  -2.8902079 -10.412214 0.34448819,-2.8904799 -10.412797 0.34448819,
  -2.895739 -10.419888 0.34448819,-2.9144866 -10.457383 0.34448819,
  -2.9146886 -10.459137 0.34448819,-2.9158232 -10.460489 0.34448819,
  -2.9176039 -10.470589 0.34448819,-2.9176039 -10.482366 0.34448819,
  -2.9176039 -10.489336 0.34448819,-2.9170004 -10.490995 0.34448819,
  -2.9174102 -10.492712 0.34448819,-2.9144866 -10.502541 0.34448819,
  -2.895739 -10.540037 0.34448819,-2.8952709 -10.54048 0.34448819,
  -2.8902079 -10.547711 0.34448819,-2.8735917 -10.564327 0.34448819,
  -2.8902079 -10.580943 0.34448819,-2.8904799 -10.581526 0.34448819,
  -2.895739 -10.588617 0.34448819,-2.9144866 -10.626112 0.34448819,
  -2.9146886 -10.627865 0.34448819,-2.9158232 -10.629218 0.34448819,
  -2.9176039 -10.639317 0.34448819,-2.9176039 -10.707337 0.34448819,
  -2.9176039 -10.714308 0.34448819,-2.9170004 -10.715967 0.34448819,
  -2.9174102 -10.717683 0.34448819,-2.9144866 -10.727513 0.34448819,
  -2.895739 -10.765008 0.34448819,-2.8952713 -10.765451 0.34448819,
  -2.8902083 -10.772682 0.34448819,-2.8714606 -10.79143 0.34448819,
  -2.8708776 -10.791702 0.34448819,-2.8637862 -10.796961 0.34448819,
  -2.8262909 -10.815709 0.34448819,-2.8245378 -10.815911 0.34448819,
  -2.823185 -10.817046 0.34448819,-2.8130858 -10.818826 0.34448819,
  -2.7380953 -10.818826 0.34448819,-2.7364366 -10.818222 0.34448819,
  -2.7347197 -10.818633 0.34448819,-2.7248902 -10.815709 0.34448819,
  -2.6926323 -10.477559 0.34448819,-2.6926323 -10.482366 0.34448819,
  -2.7061197 -10.509341 0.34448819,-2.7180909 -10.521312 0.34448819,
  -2.7450657 -10.534799 0.34448819,-2.8061154 -10.534799 0.34448819,
  -2.8330902 -10.521312 0.34448819,-2.8450614 -10.509341 0.34448819,
  -2.8585488 -10.482366 0.34448819,-2.8585488 -10.477559 0.34448819,
  -2.8450614 -10.450584 0.34448819,-2.8330902 -10.438613 0.34448819,
  -2.8061154 -10.425126 0.34448819,-2.7450657 -10.425126 0.34448819,
  -2.7180909 -10.438613 0.34448819,-2.7061197 -10.450584 0.34448819,
  -3.6272028 -10.553547 0.34448819,-3.6272028 -10.395598 0.34448819,
  -3.634111 -10.376618 0.34448819,-3.6516028 -10.366519 0.34448819,
  -3.6714941 -10.370026 0.34448819,-3.6844772 -10.385499 0.34448819,
  -3.6862579 -10.395598 0.34448819,-3.6862579 -10.789299 0.34448819,
  -3.6793496 -10.808279 0.34448819,-3.6618579 -10.818378 0.34448819,
  -3.6419665 -10.81487 0.34448819,-3.6289835 -10.799398 0.34448819,
  -3.6272028 -10.789299 0.34448819,-3.6272028 -10.612602 0.34448819,
  -3.4612862 -10.612602 0.34448819,-3.4612862 -10.789299 0.34448819,
  -3.454378 -10.808279 0.34448819,-3.4368862 -10.818378 0.34448819,
  -3.4169949 -10.81487 0.34448819,-3.4040118 -10.799398 0.34448819,
  -3.4022311 -10.789299 0.34448819,-3.4022311 -10.395598 0.34448819,
  -3.4091394 -10.376618 0.34448819,-3.4266311 -10.366519 0.34448819,
  -3.4465224 -10.370026 0.34448819,-3.4595055 -10.385499 0.34448819,
  -3.4612862 -10.395598 0.34448819,-3.4612862 -10.553547 0.34448819,
  0.36819488 -10.379219 0.34448819,0.33232087 -10.43303 0.34448819,
  0.30028189 -10.465069 0.34448819,0.26707244 -10.481674 0.34448819,
  0.25318583 -10.496341 0.34448819,0.2519752 -10.516502 0.34448819,
  0.26400827 -10.532725 0.34448819,0.28365315 -10.537418 0.34448819,
  0.29348268 -10.534494 0.34448819,0.33097795 -10.515746 0.34448819,
  0.33142087 -10.515278 0.34448819,0.33865197 -10.510215 0.34448819,
  0.36323583 -10.485631 0.34448819,0.36323583 -10.759771 0.34448819,
  0.28027756 -10.759771 0.34448819,0.26129764 -10.76668 0.34448819,
  0.25119843 -10.784171 0.34448819,0.25470591 -10.804063 0.34448819,
  0.27017835 -10.817046 0.34448819,0.28027756 -10.818826 0.34448819,
  0.50524921 -10.818826 0.34448819,0.52422913 -10.811918 0.34448819,
  0.53432835 -10.794426 0.34448819,0.53082087 -10.774535 0.34448819,
  0.51534843 -10.761552 0.34448819,0.50524921 -10.759771 0.34448819,
  0.42229094 -10.759771 0.34448819,0.42229094 -10.395598 0.34448819,
  0.42170984 -10.394002 0.34448819,0.42211181 -10.392353 0.34448819,
  0.41831339 -10.38467 0.34448819,0.41538268 -10.376618 0.34448819,
  0.4139122 -10.375769 0.34448819,0.41315984 -10.374247 0.34448819,
  0.40531142 -10.370803 0.34448819,0.39789094 -10.366519 0.34448819,
  0.3962185 -10.366813 0.34448819,0.39466378 -10.366131 0.34448819,
  0.3864374 -10.368538 0.34448819,0.37799961 -10.370026 0.34448819,
  0.37690827 -10.371326 0.34448819,0.37527874 -10.371804 0.34448819,
  0.89895 -10.36607 0.34448819,0.63648307 -10.36607 0.34448819,
  0.61750315 -10.372979 0.34448819,0.60740394 -10.39047 0.34448819,
  0.61091142 -10.410362 0.34448819,0.62638386 -10.423345 0.34448819,
  0.63648307 -10.425126 0.34448819,0.85417008 -10.425126 0.34448819,
  0.7030811 -10.777667 0.34448819,0.70195433 -10.797834 0.34448819,
  0.71405354 -10.814007 0.34448819,0.73371811 -10.818619 0.34448819,
  0.75174646 -10.809511 0.34448819,0.75736142 -10.80093 0.34448819,
  0.92609016 -10.40723 0.34448819,0.92628465 -10.403747 0.34448819,
  0.92802913 -10.400726 0.34448819,0.92683228 -10.39394 0.34448819,
  0.92721693 -10.387063 0.34448819,0.92512717 -10.38427 0.34448819,
  0.92452165 -10.380834 0.34448819,0.9192437 -10.376406 0.34448819,
  0.91511772 -10.37089 0.34448819,0.91172165 -10.370094 0.34448819,
  0.90904921 -10.367851 0.34448819,-0.083895669 -10.553547 0.34448819,
  -0.083895669 -10.395598 0.34448819,-0.090803937 -10.376618 0.34448819,
  -0.10829567 -10.366519 0.34448819,-0.12818701 -10.370026 0.34448819,
  -0.14117008 -10.385499 0.34448819,-0.14295079 -10.395598 0.34448819,
  -0.14295079 -10.789299 0.34448819,-0.13604252 -10.808279 0.34448819,
  -0.11855079 -10.818378 0.34448819,-0.098659449 -10.81487 0.34448819,
  -0.085676378 -10.799398 0.34448819,-0.083895669 -10.789299 0.34448819,
  -0.083895669 -10.612602 0.34448819,0.082020866 -10.612602 0.34448819,
  0.082020866 -10.789299 0.34448819,0.088929134 -10.808279 0.34448819,
  0.10642087 -10.818378 0.34448819,0.1263122 -10.81487 0.34448819,
  0.13929528 -10.799398 0.34448819,0.14107598 -10.789299 0.34448819,
  0.14107598 -10.395598 0.34448819,0.13416772 -10.376618 0.34448819,
  0.11667598 -10.366519 0.34448819,0.096784646 -10.370026 0.34448819,
  0.083801575 -10.385499 0.34448819,0.082020866 -10.395598 0.34448819,
  0.082020866 -10.553547 0.34448819,15.432215 -5.3091953 0.34448819,
  15.39472 -5.2904476 0.34448819,15.392966 -5.2902457 0.34448819,
  15.391614 -5.289111 0.34448819,15.381515 -5.2873303 0.34448819,
  15.306524 -5.2873303 0.34448819,15.304865 -5.2879339 0.34448819,
  15.303148 -5.287524 0.34448819,15.293319 -5.2904476 0.34448819,
  15.255824 -5.3091953 0.34448819,15.25538 -5.3096634 0.34448819,
  15.24815 -5.3147264 0.34448819,15.229402 -5.333474 0.34448819,
  15.22913 -5.3340571 0.34448819,15.223871 -5.341148 0.34448819,
  15.205123 -5.3786433 0.34448819,15.204921 -5.3803965 0.34448819,
  15.203787 -5.3817492 0.34448819,15.202006 -5.3918484 0.34448819,
  15.202006 -5.4786161 0.34448819,15.202006 -5.4855866 0.34448819,
  15.202609 -5.4872453 0.34448819,15.2022 -5.4889622 0.34448819,
  15.205123 -5.4987917 0.34448819,15.223871 -5.536287 0.34448819,
  15.224339 -5.5367299 0.34448819,15.229402 -5.543961 0.34448819,
  15.24815 -5.5627087 0.34448819,15.248733 -5.5629807 0.34448819,
  15.255824 -5.5682398 0.34448819,15.293319 -5.5869874 0.34448819,
  15.295072 -5.587189 0.34448819,15.296425 -5.588324 0.34448819,
  15.306524 -5.5901047 0.34448819,15.381515 -5.5901047 0.34448819,
  15.383173 -5.5895008 0.34448819,15.38489 -5.589911 0.34448819,
  15.39472 -5.5869874 0.34448819,15.417645 -5.5755248 0.34448819,
  15.410352 -5.6046965 0.34448819,15.377315 -5.654252 0.34448819,
  15.364023 -5.6675437 0.34448819,15.337049 -5.6810311 0.34448819,
  15.269029 -5.6810311 0.34448819,15.250049 -5.6879394 0.34448819,
  15.23995 -5.7054311 0.34448819,15.243457 -5.7253224 0.34448819,
  15.25893 -5.7383055 0.34448819,15.269029 -5.7400862 0.34448819,
  15.344019 -5.7400862 0.34448819,15.345678 -5.7394823 0.34448819,
  15.347395 -5.7398925 0.34448819,15.357224 -5.7369689 0.34448819,
  15.39472 -5.7182213 0.34448819,15.395162 -5.7177535 0.34448819,
  15.402394 -5.7126898 0.34448819,15.421141 -5.6939421 0.34448819,
  15.421722 -5.6926953 0.34448819,15.424831 -5.6894421 0.34448819,
  15.462326 -5.6331988 0.34448819,15.462366 -5.6330335 0.34448819,
  15.466404 -5.6239815 0.34448819,15.485151 -5.5489909 0.34448819,
  15.485009 -5.5476331 0.34448819,15.486033 -5.5418295 0.34448819,
  15.486033 -5.3918484 0.34448819,15.485429 -5.3901894 0.34448819,
  15.485839 -5.3884724 0.34448819,15.482915 -5.3786433 0.34448819,
  15.464168 -5.341148 0.34448819,15.463699 -5.3407047 0.34448819,
  15.458637 -5.333474 0.34448819,15.439889 -5.3147264 0.34448819,
  15.439306 -5.3144543 0.34448819,15.426978 -5.3988189 0.34448819,
  15.426978 -5.4786161 0.34448819,15.41349 -5.5055909 0.34448819,
  15.401519 -5.5175622 0.34448819,15.374544 -5.5310496 0.34448819,
  15.313494 -5.5310496 0.34448819,15.28652 -5.5175622 0.34448819,
  15.274548 -5.5055909 0.34448819,15.261061 -5.4786161 0.34448819,
  15.261061 -5.3988189 0.34448819,15.274548 -5.3718441 0.34448819,
  15.28652 -5.3598728 0.34448819,15.313494 -5.3463854 0.34448819,
  15.374544 -5.3463854 0.34448819,15.401519 -5.3598728 0.34448819,
  15.41349 -5.3718441 0.34448819,14.86736 -5.4748067 0.34448819,
  14.86736 -5.3168579 0.34448819,14.860452 -5.297878 0.34448819,
  14.84296 -5.2877787 0.34448819,14.823069 -5.2912862 0.34448819,
  14.810086 -5.3067587 0.34448819,14.808305 -5.3168579 0.34448819,
  14.808305 -5.7105587 0.34448819,14.815213 -5.7295386 0.34448819,
  14.832705 -5.7396378 0.34448819,14.852596 -5.7361303 0.34448819,
  14.86558 -5.7206579 0.34448819,14.86736 -5.7105587 0.34448819,
  14.86736 -5.5338618 0.34448819,15.033277 -5.5338618 0.34448819,
  15.033277 -5.7105587 0.34448819,15.040185 -5.7295386 0.34448819,
  15.057677 -5.7396378 0.34448819,15.077568 -5.7361303 0.34448819,
  15.090551 -5.7206579 0.34448819,15.092332 -5.7105587 0.34448819,
  15.092332 -5.3168579 0.34448819,15.085424 -5.297878 0.34448819,
  15.067932 -5.2877787 0.34448819,15.048041 -5.2912862 0.34448819,
  15.035057 -5.3067587 0.34448819,15.033277 -5.3168579 0.34448819,
  15.033277 -5.4748067 0.34448819,15.673061 2.7095106 0.34448819,
  15.672337 2.7136217 0.34448819,15.656275 2.6895852 0.34448819,
  15.662962 2.6920189 0.34448819,15.131974 9.7782614 0.34448819,
  15.0961 9.7244504 0.34448819,15.064061 9.6924114 0.34448819,
  15.030852 9.6758067 0.34448819,15.016965 9.6611398 0.34448819,
  15.015755 9.640978 0.34448819,15.027788 9.6247555 0.34448819,
  15.047433 9.6200626 0.34448819,15.057262 9.6229862 0.34448819,
  15.094757 9.6417339 0.34448819,15.0952 9.6422024 0.34448819,
  15.102431 9.647265 0.34448819,15.127015 9.6718488 0.34448819,
  15.127015 9.3977091 0.34448819,15.044057 9.3977091 0.34448819,
  15.025077 9.3908008 0.34448819,15.014978 9.3733091 0.34448819,
  15.018485 9.3534177 0.34448819,15.033958 9.3404346 0.34448819,
  15.044057 9.3386539 0.34448819,15.269029 9.3386539 0.34448819,
  15.288009 9.3455622 0.34448819,15.298108 9.3630539 0.34448819,
  15.2946 9.3829453 0.34448819,15.279128 9.3959283 0.34448819,
  15.269029 9.3977091 0.34448819,15.18607 9.3977091 0.34448819,
  15.18607 9.7618823 0.34448819,15.185489 9.7634783 0.34448819,
  15.185891 9.7651276 0.34448819,15.182093 9.7728098 0.34448819,
  15.179162 9.7808622 0.34448819,15.177692 9.781711 0.34448819,
  15.176939 9.7832335 0.34448819,15.169091 9.7866772 0.34448819,
  15.16167 9.7909614 0.34448819,15.159998 9.7906669 0.34448819,
  15.158443 9.7913488 0.34448819,15.150217 9.7889421 0.34448819,
  15.141779 9.7874539 0.34448819,15.140688 9.7861539 0.34448819,
  15.139058 9.7856768 0.34448819,15.643982 9.7914098 0.34448819,
  15.400263 9.7914098 0.34448819,15.381283 9.7845016 0.34448819,
  15.371183 9.7670098 0.34448819,15.374691 9.7471185 0.34448819,
  15.390163 9.7341354 0.34448819,15.400263 9.7323547 0.34448819,
  15.57891 9.7323547 0.34448819,15.490527 9.6313453 0.34448819,
  15.48765 9.6239236 0.34448819,15.483669 9.6170287 0.34448819,
  15.484078 9.6147087 0.34448819,15.483227 9.6125122 0.34448819,
  15.485794 9.6049772 0.34448819,15.487177 9.5971374 0.34448819,
  15.488981 9.5956236 0.34448819,15.489741 9.5933933 0.34448819,
  15.496551 9.5892713 0.34448819,15.502649 9.5841543 0.34448819,
  15.505973 9.5835685 0.34448819,15.50702 9.5829346 0.34448819,
  15.508375 9.5831449 0.34448819,15.512748 9.5823736 0.34448819,
  15.562021 9.5823736 0.34448819,15.588996 9.5688862 0.34448819,
  15.600967 9.556915 0.34448819,15.614454 9.5299402 0.34448819,
  15.614454 9.4501429 0.34448819,15.600967 9.4231681 0.34448819,
  15.588995 9.4111965 0.34448819,15.562021 9.3977091 0.34448819,
  15.463476 9.3977091 0.34448819,15.436501 9.4111965 0.34448819,
  15.421142 9.4265559 0.34448819,15.402836 9.4350921 0.34448819,
  15.383326 9.429865 0.34448819,15.371741 9.4133197 0.34448819,
  15.373501 9.3931988 0.34448819,15.379383 9.3847984 0.34448819,
  15.398131 9.3660504 0.34448819,15.398714 9.3657787 0.34448819,
  15.405805 9.3605189 0.34448819,15.4433 9.3417713 0.34448819,
  15.445054 9.3415697 0.34448819,15.446406 9.3404346 0.34448819,
  15.456506 9.3386539 0.34448819,15.568991 9.3386539 0.34448819,
  15.57065 9.3392579 0.34448819,15.572367 9.3388476 0.34448819,
  15.582196 9.3417713 0.34448819,15.619692 9.3605189 0.34448819,
  15.620134 9.3609866 0.34448819,15.627366 9.3660504 0.34448819,
  15.646113 9.384798 0.34448819,15.646385 9.3853815 0.34448819,
  15.651644 9.392472 0.34448819,15.670392 9.4299673 0.34448819,
  15.670594 9.4317209 0.34448819,15.671729 9.4330732 0.34448819,
  15.673509 9.4431724 0.34448819,15.673509 9.5369106 0.34448819,
  15.672906 9.5385697 0.34448819,15.673316 9.5402866 0.34448819,
  15.670392 9.5501157 0.34448819,15.651644 9.587611 0.34448819,
  15.651176 9.5880543 0.34448819,15.646113 9.595285 0.34448819,
  15.627366 9.6140327 0.34448819,15.626782 9.6143047 0.34448819,
  15.619692 9.6195638 0.34448819,15.582196 9.6383114 0.34448819,
  15.580443 9.6385134 0.34448819,15.579091 9.639648 0.34448819,
  15.57664 9.6400803 0.34448819,15.666204 9.7424382 0.34448819,
  15.66908 9.7498602 0.34448819,15.673061 9.7567547 0.34448819,
  15.672652 9.7590752 0.34448819,15.673503 9.7612713 0.34448819,
  15.670936 9.7688067 0.34448819,15.669554 9.7766461 0.34448819,
  15.667749 9.7781602 0.34448819,15.666989 9.7803902 0.34448819,
  15.660179 9.7845126 0.34448819,15.654081 9.7896291 0.34448819,
  15.650757 9.7902154 0.34448819,15.64971 9.7908488 0.34448819,
  15.648355 9.790639 0.34448819,14.679884 9.6039335 0.34448819,
  14.679884 9.7618823 0.34448819,14.672976 9.7808622 0.34448819,
  14.655484 9.7909614 0.34448819,14.635593 9.7874539 0.34448819,
  14.622609 9.7719815 0.34448819,14.620829 9.7618823 0.34448819,
  14.620829 9.3681815 0.34448819,14.627737 9.3492016 0.34448819,
  14.645229 9.3391024 0.34448819,14.66512 9.3426098 0.34448819,
  14.678103 9.3580823 0.34448819,14.679884 9.3681815 0.34448819,
  14.679884 9.5448783 0.34448819,14.8458 9.5448783 0.34448819,
  14.8458 9.3681815 0.34448819,14.852709 9.3492016 0.34448819,
  14.8702 9.3391024 0.34448819,14.890092 9.3426098 0.34448819,
  14.903075 9.3580823 0.34448819,14.904856 9.3681815 0.34448819,
  14.904856 9.7618823 0.34448819,14.897947 9.7808622 0.34448819,
  14.880456 9.7909614 0.34448819,14.860564 9.7874539 0.34448819,
  14.847581 9.7719815 0.34448819,14.8458 9.7618823 0.34448819,
  14.8458 9.6039335 0.34448819,-16.58653 12.114544 0.34448819,
  -16.585138 12.113968 0.34448819,-16.215346 12.113968 0.34448819,
  -16.213954 12.114544 0.34448819,-16.213378 12.115937 0.34448819,
  -16.213378 12.80703 0.34448819,-16.198865 12.803869 0.34448819,
  -16.188855 12.801485 0.34448819,-16.153182 12.790702 0.34448819,
  -16.112418 12.775657 0.34448819,-16.069248 12.757516 0.34448819,
  -16.026388 12.737463 0.34448819,-15.986556 12.716686 0.34448819,
  -15.952405 12.696343 0.34448819,-15.937907 12.686707 0.34448819,
  -15.866022 12.631595 0.34448819,-15.800822 12.568915 0.34448819,
  -15.742737 12.499323 0.34448819,-15.708746 12.448289 0.34448819,
  -15.664345 12.514739 0.34448819,-15.440825 12.66409 0.34448819,
  -15.409788 12.670264 0.34448819,-15.429141 12.700098 0.34448819,
  -15.429217 12.70015 0.34448819,-15.429242 12.700239 0.34448819,
  -15.495557 12.785101 0.34448819,-15.495639 12.785147 0.34448819,
  -15.495672 12.785234 0.34448819,-15.569083 12.863637 0.34448819,
  -15.569171 12.863676 0.34448819,-15.569213 12.863763 0.34448819,
  -15.649117 12.934742 0.34448819,-15.649166 12.934759 0.34448819,
  -15.64919 12.934804 0.34448819,-15.650862 12.93615 0.34448819,
  -15.650911 12.936165 0.34448819,-15.650938 12.936208 0.34448819,
  -15.738281 12.99979 0.34448819,-15.738377 12.999813 0.34448819,
  -15.738435 12.999891 0.34448819,-15.832019 13.055386 0.34448819,
  -15.832114 13.0554 0.34448819,-15.832178 13.05547 0.34448819,
  -15.931363 13.102608 0.34448819,-15.931457 13.102613 0.34448819,
  -15.931526 13.102677 0.34448819,-16.035677 13.141189 0.34448819,
  -16.035769 13.141186 0.34448819,-16.035841 13.141242 0.34448819,
  -16.144322 13.17086 0.34448819,-16.144411 13.170849 0.34448819,
  -16.144487 13.170898 0.34448819,-16.256659 13.191353 0.34448819,
  -16.256738 13.191336 0.34448819,-16.256809 13.191374 0.34448819,
  -16.279619 13.193754 0.34448819,-16.279665 13.193741 0.34448819,
  -16.279706 13.193761 0.34448819,-16.31378 13.195797 0.34448819,
  -16.313808 13.195788 0.34448819,-16.313835 13.1958 0.34448819,
  -16.353452 13.197039 0.34448819,-16.353473 13.197031 0.34448819,
  -16.353493 13.19704 0.34448819,-16.396046 13.197482 0.34448819,
  -16.396065 13.197475 0.34448819,-16.396083 13.197482 0.34448819,
  -16.438962 13.197129 0.34448819,-16.438982 13.197121 0.34448819,
  -16.439002 13.197128 0.34448819,-16.479601 13.19598 0.34448819,
  -16.479626 13.195969 0.34448819,-16.479653 13.195978 0.34448819,
  -16.515363 13.194036 0.34448819,-16.515404 13.194017 0.34448819,
  -16.515446 13.19403 0.34448819,-16.543661 13.191294 0.34448819,
  -16.543697 13.191275 0.34448819,-16.543736 13.191285 0.34448819,
  -16.551113 13.190283 0.34448819,-16.551157 13.190258 0.34448819,
  -16.551206 13.190269 0.34448819,-16.66063 13.170081 0.34448819,
  -16.660707 13.170031 0.34448819,-16.660798 13.170042 0.34448819,
  -16.751969 13.144751 0.34448819,-16.751969 12.747694 0.34448819,
  -16.723569 12.76092 0.34448819,-16.679008 12.779322 0.34448819,
  -16.637448 12.79404 0.34448819,-16.601592 12.803874 0.34448819,
  -16.587106 12.80703 0.34448819,-16.587106 12.115937 0.34448819,
  -14.90567 14.020039 0.34448819,-14.906282 14.018978 0.34448819,
  -14.906161 14.018293 0.34448819,-14.906584 14.016789 0.34448819,
  -14.925331 13.829313 0.34448819,-14.925283 13.829124 0.34448819,
  -14.925365 13.828948 0.34448819,-14.922796 13.819357 0.34448819,
  -14.920346 13.809739 0.34448819,-14.920189 13.809626 0.34448819,
  -14.920138 13.809438 0.34448819,-14.912015 13.80375 0.34448819,
  -14.903946 13.79795 0.34448819,-14.903752 13.797965 0.34448819,
  -14.903593 13.797853 0.34448819,-14.893709 13.798718 0.34448819,
  -14.883804 13.799461 0.34448819,-14.883665 13.799597 0.34448819,
  -14.883472 13.799613 0.34448819,-14.875071 13.805495 0.34448819,
  -14.859712 13.820855 0.34448819,-14.832737 13.834342 0.34448819,
  -14.75294 13.834342 0.34448819,-14.725965 13.820855 0.34448819,
  -14.713994 13.808883 0.34448819,-14.700506 13.781909 0.34448819,
  -14.700506 13.702111 0.34448819,-14.713994 13.675137 0.34448819,
  -14.725965 13.663165 0.34448819,-14.75294 13.649678 0.34448819,
  -14.832737 13.649678 0.34448819,-14.859712 13.663165 0.34448819,
  -14.875071 13.678524 0.34448819,-14.893377 13.687061 0.34448819,
  -14.912887 13.681833 0.34448819,-14.924472 13.665288 0.34448819,
  -14.922712 13.645167 0.34448819,-14.91683 13.636767 0.34448819,
  -14.898082 13.618019 0.34448819,-14.897499 13.617747 0.34448819,
  -14.890408 13.612487 0.34448819,-14.852913 13.59374 0.34448819,
  -14.851159 13.593538 0.34448819,-14.849807 13.592403 0.34448819,
  -14.839707 13.590622 0.34448819,-14.745969 13.590622 0.34448819,
  -14.744311 13.591226 0.34448819,-14.742594 13.590816 0.34448819,
  -14.732764 13.59374 0.34448819,-14.695269 13.612487 0.34448819,
  -14.694826 13.612955 0.34448819,-14.687594 13.618019 0.34448819,
  -14.668847 13.636767 0.34448819,-14.668576 13.63735 0.34448819,
  -14.663316 13.644441 0.34448819,-14.644569 13.681936 0.34448819,
  -14.644367 13.683689 0.34448819,-14.643232 13.685042 0.34448819,
  -14.641451 13.695141 0.34448819,-14.641451 13.788879 0.34448819,
  -14.642055 13.790538 0.34448819,-14.641645 13.792255 0.34448819,
  -14.644569 13.802084 0.34448819,-14.663316 13.83958 0.34448819,
  -14.663785 13.840023 0.34448819,-14.668847 13.847254 0.34448819,
  -14.687595 13.866001 0.34448819,-14.688178 13.866273 0.34448819,
  -14.695269 13.871532 0.34448819,-14.732764 13.89028 0.34448819,
  -14.734518 13.890482 0.34448819,-14.73587 13.891617 0.34448819,
  -14.745969 13.893397 0.34448819,-14.839707 13.893397 0.34448819,
  -14.841367 13.892794 0.34448819,-14.843083 13.893204 0.34448819,
  -14.852913 13.89028 0.34448819,-14.860252 13.886611 0.34448819,
  -14.850481 13.984323 0.34448819,-14.689726 13.984323 0.34448819,
  -14.670746 13.991231 0.34448819,-14.660647 14.008723 0.34448819,
  -14.664155 14.028615 0.34448819,-14.679627 14.041598 0.34448819,
  -14.689726 14.043378 0.34448819,-14.877203 14.043378 0.34448819,
  -14.883096 14.041234 0.34448819,-14.889349 14.040765 0.34448819,
  -14.892304 14.037882 0.34448819,-14.896183 14.03647 0.34448819,
  -14.899318 14.03104 0.34448819,-14.903807 14.026661 0.34448819,
  -15.521587 14.834576 0.34448819,-15.599689 14.911743 0.34448819,
  -15.599779 14.91178 0.34448819,-15.599824 14.911865 0.34448819,
  -15.685452 14.982053 0.34448819,-15.685521 14.982074 0.34448819,
  -15.685559 14.982135 0.34448819,-15.729181 15.013168 0.34448819,
  -15.729251 15.013184 0.34448819,-15.729293 15.013242 0.34448819,
  -15.824025 15.071306 0.34448819,-15.824122 15.071321 0.34448819,
  -15.824186 15.071394 0.34448819,-15.92343 15.120106 0.34448819,
  -15.923528 15.120112 0.34448819,-15.923599 15.12018 0.34448819,
  -16.027103 15.159437 0.34448819,-16.0272 15.159434 0.34448819,
  -16.027277 15.159494 0.34448819,-16.134793 15.189197 0.34448819,
  -16.134888 15.189185 0.34448819,-16.134969 15.189237 0.34448819,
  -16.246247 15.209285 0.34448819,-16.24631 15.209271 0.34448819,
  -16.246365 15.209302 0.34448819,-16.259009 15.210798 0.34448819,
  -16.259049 15.210787 0.34448819,-16.259086 15.210806 0.34448819,
  -16.295914 15.213708 0.34448819,-16.29595 15.213697 0.34448819,
  -16.295984 15.213712 0.34448819,-16.339228 15.215575 0.34448819,
  -16.339254 15.215566 0.34448819,-16.339278 15.215577 0.34448819,
  -16.386141 15.216402 0.34448819,-16.386163 15.216393 0.34448819,
  -16.386185 15.216402 0.34448819,-16.43387 15.216188 0.34448819,
  -16.433893 15.216179 0.34448819,-16.433915 15.216187 0.34448819,
  -16.479628 15.214935 0.34448819,-16.479656 15.214923 0.34448819,
  -16.479684 15.214933 0.34448819,-16.520624 15.212642 0.34448819,
  -16.520666 15.212622 0.34448819,-16.52071 15.212635 0.34448819,
  -16.554083 15.209306 0.34448819,-16.554128 15.209282 0.34448819,
  -16.554178 15.209294 0.34448819,-16.589152 15.204091 0.34448819,
  -16.589206 15.204059 0.34448819,-16.589267 15.20407 0.34448819,
  -16.698193 15.181181 0.34448819,-16.698272 15.181128 0.34448819,
  -16.698366 15.181137 0.34448819,-16.751969 15.164686 0.34448819,
  -16.751969 14.767777 0.34448819,-16.721259 14.782912 0.34448819,
  -16.635552 14.814094 0.34448819,-16.545667 14.836043 0.34448819,
  -16.543093 14.836512 0.34448819,-16.507895 14.84121 0.34448819,
  -16.465971 14.84434 0.34448819,-16.42014 14.845895 0.34448819,
  -16.373252 14.845872 0.34448819,-16.328161 14.844269 0.34448819,
  -16.287716 14.841083 0.34448819,-16.254754 14.836319 0.34448819,
  -16.218454 14.828413 0.34448819,-16.128297 14.801669 0.34448819,
  -16.042747 14.765838 0.34448819,-15.962279 14.721177 0.34448819,
  -15.887396 14.667954 0.34448819,-15.818572 14.606407 0.34448819,
  -15.796109 14.583167 0.34448819,-15.745398 14.523295 0.34448819,
  -15.701669 14.459424 0.34448819,-15.66273 14.388478 0.34448819,
  -15.648617 14.358773 0.34448819,-15.619513 14.287011 0.34448819,
  -15.598402 14.216105 0.34448819,-15.58478 14.143683 0.34448819,
  -15.578159 14.067416 0.34448819,-15.578055 13.984922 0.34448819,
  -15.580916 13.902463 0.34448819,-15.580904 13.902429 0.34448819,
  -15.580917 13.902395 0.34448819,-15.580643 13.901731 0.34448819,
  -15.580389 13.901052 0.34448819,-15.580355 13.901037 0.34448819,
  -15.580341 13.901003 0.34448819,-15.579673 13.900726 0.34448819,
  -15.579017 13.900428 0.34448819,-15.578983 13.900441 0.34448819,
  -15.578949 13.900426 0.34448819,-15.46916 13.900426 0.34448819,
  -15.46916 13.855902 0.34448819,-15.635077 13.855902 0.34448819,
  -15.635077 14.013851 0.34448819,-15.641985 14.032831 0.34448819,
  -15.659477 14.04293 0.34448819,-15.679368 14.039422 0.34448819,
  -15.692351 14.02395 0.34448819,-15.694132 14.013851 0.34448819,
  -15.694132 13.62015 0.34448819,-15.687224 13.60117 0.34448819,
  -15.669732 13.591071 0.34448819,-15.649841 13.594578 0.34448819,
  -15.636857 13.610051 0.34448819,-15.635077 13.62015 0.34448819,
  -15.635077 13.796847 0.34448819,-15.46916 13.796847 0.34448819,
  -15.46916 13.62015 0.34448819,-15.462252 13.60117 0.34448819,
  -15.44476 13.591071 0.34448819,-15.424869 13.594578 0.34448819,
  -15.411886 13.610051 0.34448819,-15.410105 13.62015 0.34448819,
  -15.410105 13.900426 0.34448819,-15.298757 13.900426 0.34448819,
  -15.299206 13.892946 0.34448819,-15.287173 13.876724 0.34448819,
  -15.267528 13.872031 0.34448819,-15.257698 13.874955 0.34448819,
  -15.220203 13.893702 0.34448819,-15.21976 13.894171 0.34448819,
  -15.212529 13.899233 0.34448819,-15.187945 13.923817 0.34448819,
  -15.187945 13.649678 0.34448819,-15.270904 13.649678 0.34448819,
  -15.289883 13.642769 0.34448819,-15.299983 13.625278 0.34448819,
  -15.296475 13.605386 0.34448819,-15.281003 13.592403 0.34448819,
  -15.270904 13.590622 0.34448819,-15.045932 13.590622 0.34448819,
  -15.026952 13.597531 0.34448819,-15.016853 13.615022 0.34448819,
  -15.02036 13.634914 0.34448819,-15.035833 13.647897 0.34448819,
  -15.045932 13.649678 0.34448819,-15.12889 13.649678 0.34448819,
  -15.12889 14.013851 0.34448819,-15.129471 14.015447 0.34448819,
  -15.129069 14.017096 0.34448819,-15.132868 14.024778 0.34448819,
  -15.135798 14.032831 0.34448819,-15.137269 14.03368 0.34448819,
  -15.138021 14.035202 0.34448819,-15.14587 14.038646 0.34448819,
  -15.15329 14.04293 0.34448819,-15.154963 14.042635 0.34448819,
  -15.156517 14.043317 0.34448819,-15.164744 14.040911 0.34448819,
  -15.173181 14.039422 0.34448819,-15.174273 14.038122 0.34448819,
  -15.175902 14.037645 0.34448819,-15.182986 14.03023 0.34448819,
  -15.208246 13.992341 0.34448819,-15.208223 13.996349 0.34448819,
  -15.208229 13.996363 0.34448819,-15.208223 13.996377 0.34448819,
  -15.208509 14.030042 0.34448819,-15.208514 14.030054 0.34448819,
  -15.208509 14.030065 0.34448819,-15.209218 14.064981 0.34448819,
  -15.209224 14.064993 0.34448819,-15.209219 14.065004 0.34448819,
  -15.210321 14.099244 0.34448819,-15.210327 14.099257 0.34448819,
  -15.210322 14.099272 0.34448819,-15.211785 14.130911 0.34448819,
  -15.211794 14.13093 0.34448819,-15.211788 14.13095 0.34448819,
  -15.213583 14.158061 0.34448819,-15.2136 14.158095 0.34448819,
  -15.213589 14.15813 0.34448819,-15.215685 14.178789 0.34448819,
  -15.215716 14.178847 0.34448819,-15.2157 14.178911 0.34448819,
  -15.228074 14.254029 0.34448819,-15.228117 14.254098 0.34448819,
  -15.228104 14.254177 0.34448819,-15.254447 14.361933 0.34448819,
  -15.254504 14.362011 0.34448819,-15.254498 14.362106 0.34448819,
  -15.290253 14.466107 0.34448819,-15.290317 14.466179 0.34448819,
  -15.290319 14.466275 0.34448819,-15.335172 14.565983 0.34448819,
  -15.335243 14.56605 0.34448819,-15.335254 14.566145 0.34448819,
  -15.38889 14.661024 0.34448819,-15.388966 14.661084 0.34448819,
  -15.388986 14.661178 0.34448819,-15.451092 14.75069 0.34448819,
  -15.451173 14.750742 0.34448819,-15.451202 14.750834 0.34448819,
  -15.521463 14.834443 0.34448819,-15.521549 14.834487 0.34448819,
  0.64551102 14.020039 0.34448819,0.64489921 14.018978 0.34448819,
  0.64502008 14.018293 0.34448819,0.64459724 14.016789 0.34448819,
  0.62584961 13.829313 0.34448819,0.62589764 13.829124 0.34448819,
  0.62581575 13.828948 0.34448819,0.62838504 13.819357 0.34448819,
  0.63083504 13.809739 0.34448819,0.63099252 13.809626 0.34448819,
  0.63104291 13.809438 0.34448819,0.63916654 13.80375 0.34448819,
  0.64723504 13.79795 0.34448819,0.64742913 13.797965 0.34448819,
  0.64758858 13.797853 0.34448819,0.65747165 13.798718 0.34448819,
  0.66737677 13.799461 0.34448819,0.66751575 13.799597 0.34448819,
  0.66770945 13.799613 0.34448819,0.67610984 13.805495 0.34448819,
  0.69146929 13.820855 0.34448819,0.71844409 13.834342 0.34448819,
  0.79824134 13.834342 0.34448819,0.82521614 13.820855 0.34448819,
  0.8371874 13.808883 0.34448819,0.8506748 13.781909 0.34448819,
  0.8506748 13.702111 0.34448819,0.83718701 13.675137 0.34448819,
  0.82521575 13.663165 0.34448819,0.79824134 13.649678 0.34448819,
  0.71844409 13.649678 0.34448819,0.69146929 13.663165 0.34448819,
  0.67611024 13.678524 0.34448819,0.65780433 13.687061 0.34448819,
  0.63829449 13.681833 0.34448819,0.62670945 13.665288 0.34448819,
  0.62846929 13.645167 0.34448819,0.63435118 13.636767 0.34448819,
  0.65309882 13.618019 0.34448819,0.65368189 13.617747 0.34448819,
  0.66077323 13.612487 0.34448819,0.6982685 13.59374 0.34448819,
  0.70002165 13.593538 0.34448819,0.70137441 13.592403 0.34448819,
  0.71147362 13.590622 0.34448819,0.80521181 13.590622 0.34448819,
  0.80687047 13.591226 0.34448819,0.8085874 13.590816 0.34448819,
  0.81841693 13.59374 0.34448819,0.8559122 13.612487 0.34448819,
  0.85635472 13.612955 0.34448819,0.86358661 13.618019 0.34448819,
  0.88233386 13.636767 0.34448819,0.88260551 13.63735 0.34448819,
  0.88786496 13.644441 0.34448819,0.9066126 13.681936 0.34448819,
  0.90681417 13.683689 0.34448819,0.90794921 13.685042 0.34448819,
  0.90972992 13.695141 0.34448819,0.90972992 13.788879 0.34448819,
  0.90912598 13.790538 0.34448819,0.90953622 13.792255 0.34448819,
  0.9066126 13.802084 0.34448819,0.88786496 13.83958 0.34448819,
  0.88739646 13.840023 0.34448819,0.88233386 13.847254 0.34448819,
  0.86358622 13.866001 0.34448819,0.86300276 13.866273 0.34448819,
  0.8559122 13.871532 0.34448819,0.81841693 13.89028 0.34448819,
  0.81666339 13.890482 0.34448819,0.81531102 13.891617 0.34448819,
  0.80521181 13.893397 0.34448819,0.71147362 13.893397 0.34448819,
  0.70981457 13.892794 0.34448819,0.70809764 13.893204 0.34448819,
  0.6982685 13.89028 0.34448819,0.69092913 13.886611 0.34448819,
  0.70070039 13.984323 0.34448819,0.86145472 13.984323 0.34448819,
  0.88043465 13.991231 0.34448819,0.89053386 14.008723 0.34448819,
  0.88702638 14.028615 0.34448819,0.87155394 14.041598 0.34448819,
  0.86145472 14.043378 0.34448819,0.67397835 14.043378 0.34448819,
  0.66808543 14.041234 0.34448819,0.66183228 14.040765 0.34448819,
  0.65887677 14.037882 0.34448819,0.65499843 14.03647 0.34448819,
  0.65186299 14.03104 0.34448819,0.64737402 14.026661 0.34448819,
  -1.9437673 14.501904 0.34448819,-1.9835461 14.397756 0.34448819,
  -1.9835445 14.397689 0.34448819,-1.9835874 14.397636 0.34448819,
  -1.9934815 14.365714 0.34448819,-1.993478 14.365675 0.34448819,
  -1.9935016 14.365644 0.34448819,-2.0070512 14.315409 0.34448819,
  -2.0070465 14.315372 0.34448819,-2.0070685 14.315341 0.34448819,
  -2.0191252 14.263188 0.34448819,-2.0191189 14.26315 0.34448819,
  -2.0191398 14.263118 0.34448819,-2.0288386 14.212881 0.34448819,
  -2.0288291 14.212834 0.34448819,-2.0288539 14.212792 0.34448819,
  -2.0353295 14.168304 0.34448819,-2.0353217 14.168272 0.34448819,
  -2.0353374 14.168243 0.34448819,-2.0353602 14.168043 0.34448819,
  -2.0353508 14.16801 0.34448819,-2.0353665 14.167979 0.34448819,
  -2.0368169 14.150127 0.34448819,-2.0368071 14.150096 0.34448819,
  -2.0368209 14.150066 0.34448819,-2.0380539 14.125456 0.34448819,
  -2.0380484 14.12544 0.34448819,-2.0380551 14.125424 0.34448819,
  -2.0390528 14.095965 0.34448819,-2.0390488 14.095955 0.34448819,
  -2.0390535 14.095944 0.34448819,-2.0397961 14.063543 0.34448819,
  -2.0397929 14.063534 0.34448819,-2.0397965 14.063525 0.34448819,
  -2.0402654 14.030088 0.34448819,-2.0402622 14.03008 0.34448819,
  -2.0402654 14.030071 0.34448819,-2.0404421 13.997507 0.34448819,
  -2.0404382 13.997498 0.34448819,-2.0404421 13.997488 0.34448819,
  -2.0403079 13.967704 0.34448819,-2.0403024 13.96769 0.34448819,
  -2.0403075 13.967676 0.34448819,-2.0398433 13.942579 0.34448819,
  -2.0398327 13.942555 0.34448819,-2.0398417 13.94253 0.34448819,
  -2.0390287 13.924028 0.34448819,-2.0389965 13.923958 0.34448819,
  -2.0390173 13.923883 0.34448819,-2.0378374 13.913883 0.34448819,
  -2.0377646 13.913753 0.34448819,-2.0377839 13.913604 0.34448819,
  -2.0346433 13.901885 0.34448819,-2.0343307 13.901478 0.34448819,
  -2.0341339 13.901003 0.34448819,-2.0338878 13.900901 0.34448819,
  -2.033726 13.90069 0.34448819,-2.0332173 13.900624 0.34448819,
  -2.0327417 13.900426 0.34448819,-1.6717268 13.900426 0.34448819,
  -1.671726 13.900427 0.34448819,-1.6717244 13.900426 0.34448819,
  -1.6710087 13.900724 0.34448819,-1.6703346 13.901003 0.34448819,
  -1.6703343 13.901004 0.34448819,-1.6703331 13.901004 0.34448819,
  -1.6699693 13.901885 0.34448819,-1.6697583 13.902395 0.34448819,
  -1.6697591 13.902396 0.34448819,-1.6697583 13.902397 0.34448819,
  -1.6698835 14.01047 0.34448819,-1.669824 14.032153 0.34448819,
  -1.6687732 14.081507 0.34448819,-1.6661551 14.123998 0.34448819,
  -1.6616213 14.162156 0.34448819,-1.6548205 14.19855 0.34448819,
  -1.6453945 14.235739 0.34448819,-1.6329913 14.276243 0.34448819,
  -1.6058059 14.348328 0.34448819,-1.565187 14.430054 0.34448819,
  -1.5164024 14.506067 0.34448819,-1.4600181 14.575878 0.34448819,
  -1.3966197 14.63897 0.34448819,-1.3267776 14.694845 0.34448819,
  -1.2510709 14.742995 0.34448819,-1.170078 14.782912 0.34448819,
  -1.0843705 14.814094 0.34448819,-0.99448543 14.836043 0.34448819,
  -0.99191181 14.836512 0.34448819,-0.95671417 14.84121 0.34448819,
  -0.91479016 14.84434 0.34448819,-0.86895866 14.845895 0.34448819,
  -0.82207087 14.845872 0.34448819,-0.77697953 14.844269 0.34448819,
  -0.73653504 14.841083 0.34448819,-0.70357323 14.836319 0.34448819,
  -0.66727323 14.828413 0.34448819,-0.57711575 14.801669 0.34448819,
  -0.49156575 14.765838 0.34448819,-0.41109803 14.721177 0.34448819,
  -0.33621535 14.667954 0.34448819,-0.26739134 14.606407 0.34448819,
  -0.24492835 14.583167 0.34448819,-0.19421654 14.523295 0.34448819,
  -0.15048819 14.459424 0.34448819,-0.11154843 14.388478 0.34448819,
  -0.097435827 14.358773 0.34448819,-0.068331496 14.287011 0.34448819,
  -0.04722126 14.216105 0.34448819,-0.033598819 14.143683 0.34448819,
  -0.026977559 14.067416 0.34448819,-0.026874016 13.984922 0.34448819,
  -0.029735039 13.902463 0.34448819,-0.029722441 13.902429 0.34448819,
  -0.02973622 13.902395 0.34448819,-0.029461417 13.901731 0.34448819,
  -0.02920748 13.901052 0.34448819,-0.029174016 13.901037 0.34448819,
  -0.029159843 13.901003 0.34448819,-0.028491732 13.900726 0.34448819,
  -0.027835827 13.900428 0.34448819,-0.027801575 13.900441 0.34448819,
  -0.027767717 13.900426 0.34448819,0.082020866 13.900426 0.34448819,
  0.082020866 13.855902 0.34448819,-0.083895669 13.855902 0.34448819,
  -0.083895669 14.013851 0.34448819,-0.090803937 14.032831 0.34448819,
  -0.10829567 14.04293 0.34448819,-0.12818701 14.039422 0.34448819,
  -0.14117008 14.02395 0.34448819,-0.14295079 14.013851 0.34448819,
  -0.14295079 13.62015 0.34448819,-0.13604252 13.60117 0.34448819,
  -0.11855079 13.591071 0.34448819,-0.098659449 13.594578 0.34448819,
  -0.085676378 13.610051 0.34448819,-0.083895669 13.62015 0.34448819,
  -0.083895669 13.796847 0.34448819,0.082020866 13.796847 0.34448819,
  0.082020866 13.62015 0.34448819,0.088929134 13.60117 0.34448819,
  0.10642087 13.591071 0.34448819,0.1263122 13.594578 0.34448819,
  0.13929528 13.610051 0.34448819,0.14107598 13.62015 0.34448819,
  0.14107598 13.900426 0.34448819,0.25242441 13.900426 0.34448819,
  0.2519752 13.892946 0.34448819,0.26400827 13.876724 0.34448819,
  0.28365315 13.872031 0.34448819,0.29348268 13.874955 0.34448819,
  0.33097795 13.893702 0.34448819,0.33142087 13.894171 0.34448819,
  0.33865197 13.899233 0.34448819,0.36323583 13.923817 0.34448819,
  0.36323583 13.649678 0.34448819,0.28027756 13.649678 0.34448819,
  0.26129764 13.642769 0.34448819,0.25119843 13.625278 0.34448819,
  0.25470591 13.605386 0.34448819,0.27017835 13.592403 0.34448819,
  0.28027756 13.590622 0.34448819,0.50524921 13.590622 0.34448819,
  0.52422913 13.597531 0.34448819,0.53432835 13.615022 0.34448819,
  0.53082087 13.634914 0.34448819,0.51534843 13.647897 0.34448819,
  0.50524921 13.649678 0.34448819,0.42229094 13.649678 0.34448819,
  0.42229094 14.013851 0.34448819,0.42170984 14.015447 0.34448819,
  0.42211181 14.017096 0.34448819,0.41831339 14.024778 0.34448819,
  0.41538268 14.032831 0.34448819,0.4139122 14.03368 0.34448819,
  0.41315984 14.035202 0.34448819,0.40531142 14.038646 0.34448819,
  0.39789094 14.04293 0.34448819,0.3962185 14.042635 0.34448819,
  0.39466378 14.043317 0.34448819,0.3864374 14.040911 0.34448819,
  0.37799961 14.039422 0.34448819,0.37690827 14.038122 0.34448819,
  0.37527874 14.037645 0.34448819,0.36819488 14.03023 0.34448819,
  0.34293543 13.992341 0.34448819,0.34295787 13.996349 0.34448819,
  0.34295197 13.996363 0.34448819,0.34295787 13.996377 0.34448819,
  0.34267244 14.030042 0.34448819,0.34266732 14.030054 0.34448819,
  0.34267205 14.030065 0.34448819,0.34196299 14.064981 0.34448819,
  0.34195748 14.064993 0.34448819,0.3419622 14.065004 0.34448819,
  0.34086024 14.099244 0.34448819,0.34085394 14.099257 0.34448819,
  0.34085945 14.099272 0.34448819,0.33939567 14.130911 0.34448819,
  0.33938661 14.13093 0.34448819,0.33939331 14.13095 0.34448819,
  0.33759803 14.158061 0.34448819,0.3375815 14.158095 0.34448819,
  0.33759213 14.15813 0.34448819,0.33549646 14.178789 0.34448819,
  0.33546535 14.178847 0.34448819,0.33548071 14.178911 0.34448819,
  0.32310748 14.254029 0.34448819,0.32306457 14.254098 0.34448819,
  0.32307717 14.254177 0.34448819,0.29673386 14.361933 0.34448819,
  0.29667717 14.362011 0.34448819,0.29668307 14.362106 0.34448819,
  0.26092795 14.466107 0.34448819,0.26086457 14.466179 0.34448819,
  0.26086181 14.466275 0.34448819,0.21600906 14.565983 0.34448819,
  0.21593858 14.56605 0.34448819,0.21592717 14.566145 0.34448819,
  0.16229134 14.661024 0.34448819,0.16221496 14.661084 0.34448819,
  0.16219488 14.661178 0.34448819,0.10008898 14.75069 0.34448819,
  0.10000787 14.750742 0.34448819,0.09997874 14.750834 0.34448819,
  0.02971811 14.834443 0.34448819,0.02963189 14.834487 0.34448819,
  0.029594488 14.834576 0.34448819,-0.04850748 14.911743 0.34448819,
  -0.048597638 14.91178 0.34448819,-0.048643307 14.911865 0.34448819,
  -0.13427087 14.982053 0.34448819,-0.13433976 14.982074 0.34448819,
  -0.13437756 14.982135 0.34448819,-0.17799961 15.013168 0.34448819,
  -0.17806969 15.013184 0.34448819,-0.17811181 15.013242 0.34448819,
  -0.27284409 15.071306 0.34448819,-0.27294094 15.071321 0.34448819,
  -0.27300512 15.071394 0.34448819,-0.37224843 15.120106 0.34448819,
  -0.37234646 15.120112 0.34448819,-0.37241772 15.12018 0.34448819,
  -0.47592165 15.159437 0.34448819,-0.47601929 15.159434 0.34448819,
  -0.47609567 15.159494 0.34448819,-0.5836122 15.189197 0.34448819,
  -0.58370669 15.189185 0.34448819,-0.5837874 15.189237 0.34448819,
  -0.69506575 15.209285 0.34448819,-0.69512874 15.209271 0.34448819,
  -0.69518386 15.209302 0.34448819,-0.70782835 15.210798 0.34448819,
  -0.70786811 15.210787 0.34448819,-0.70790512 15.210806 0.34448819,
  -0.74473268 15.213708 0.34448819,-0.74476929 15.213697 0.34448819,
  -0.74480276 15.213712 0.34448819,-0.78804685 15.215575 0.34448819,
  -0.78807244 15.215566 0.34448819,-0.78809685 15.215577 0.34448819,
  -0.83496024 15.216402 0.34448819,-0.83498228 15.216393 0.34448819,
  -0.83500394 15.216402 0.34448819,-0.88268937 15.216188 0.34448819,
  -0.88271181 15.216179 0.34448819,-0.88273425 15.216187 0.34448819,
  -0.92844685 15.214935 0.34448819,-0.92847441 15.214923 0.34448819,
  -0.92850276 15.214933 0.34448819,-0.96944331 15.212642 0.34448819,
  -0.96948504 15.212622 0.34448819,-0.96952874 15.212635 0.34448819,
  -1.002902 15.209306 0.34448819,-1.0029469 15.209282 0.34448819,
  -1.0029965 15.209294 0.34448819,-1.0379705 15.204091 0.34448819,
  -1.0380244 15.204059 0.34448819,-1.0380854 15.20407 0.34448819,
  -1.1470122 15.181181 0.34448819,-1.1470906 15.181128 0.34448819,
  -1.147185 15.181137 0.34448819,-1.2521799 15.148913 0.34448819,
  -1.2522535 15.148852 0.34448819,-1.252348 15.148852 0.34448819,
  -1.3529398 15.107682 0.34448819,-1.3530071 15.107615 0.34448819,
  -1.3531016 15.107607 0.34448819,-1.4488201 15.05788 0.34448819,
  -1.4488815 15.057808 0.34448819,-1.4489744 15.057791 0.34448819,
  -1.539348 14.999898 0.34448819,-1.5394024 14.99982 0.34448819,
  -1.5394937 14.999795 0.34448819,-1.6240524 14.934124 0.34448819,
  -1.6240996 14.934042 0.34448819,-1.6241882 14.934009 0.34448819,
  -1.7024606 14.860951 0.34448819,-1.7025 14.860865 0.34448819,
  -1.7025854 14.860823 0.34448819,-1.7741008 14.780768 0.34448819,
  -1.7741323 14.780679 0.34448819,-1.7742138 14.78063 0.34448819,
  -1.8385012 14.693966 0.34448819,-1.8385244 14.693874 0.34448819,
  -1.8386012 14.693818 0.34448819,-1.8951902 14.600937 0.34448819,
  -1.8952051 14.600842 0.34448819,-1.8952764 14.600779 0.34448819,
  -1.9436957 14.502069 0.34448819,-1.943702 14.501974 0.34448819,
  12.376069 -10.379219 0.34448819,12.340195 -10.43303 0.34448819,
  12.308156 -10.465069 0.34448819,12.274946 -10.481674 0.34448819,
  12.26106 -10.496341 0.34448819,12.259849 -10.516502 0.34448819,
  12.271882 -10.532725 0.34448819,12.291527 -10.537418 0.34448819,
  12.301357 -10.534494 0.34448819,12.338852 -10.515746 0.34448819,
  12.339295 -10.515278 0.34448819,12.346526 -10.510215 0.34448819,
  12.37111 -10.485631 0.34448819,12.37111 -10.759771 0.34448819,
  12.288152 -10.759771 0.34448819,12.269172 -10.76668 0.34448819,
  12.259072 -10.784171 0.34448819,12.26258 -10.804063 0.34448819,
  12.278052 -10.817046 0.34448819,12.288152 -10.818826 0.34448819,
  12.513123 -10.818826 0.34448819,12.532103 -10.811918 0.34448819,
  12.542202 -10.794426 0.34448819,12.538695 -10.774535 0.34448819,
  12.523222 -10.761552 0.34448819,12.513123 -10.759771 0.34448819,
  12.430165 -10.759771 0.34448819,12.430165 -10.395598 0.34448819,
  12.429584 -10.394002 0.34448819,12.429986 -10.392353 0.34448819,
  12.426187 -10.38467 0.34448819,12.423257 -10.376618 0.34448819,
  12.421786 -10.375769 0.34448819,12.421034 -10.374247 0.34448819,
  12.413185 -10.370803 0.34448819,12.405765 -10.366519 0.34448819,
  12.404093 -10.366813 0.34448819,12.402538 -10.366131 0.34448819,
  12.394311 -10.368538 0.34448819,12.385874 -10.370026 0.34448819,
  12.384782 -10.371326 0.34448819,12.383153 -10.371804 0.34448819,
  12.863786 -10.796961 0.34448819,12.864229 -10.796494 0.34448819,
  12.871461 -10.79143 0.34448819,12.890208 -10.772682 0.34448819,
  12.89048 -10.772099 0.34448819,12.895739 -10.765008 0.34448819,
  12.914487 -10.727513 0.34448819,12.914688 -10.725759 0.34448819,
  12.915823 -10.724407 0.34448819,12.917604 -10.714308 0.34448819,
  12.917604 -10.639317 0.34448819,12.917 -10.637658 0.34448819,
  12.91741 -10.635941 0.34448819,12.914487 -10.626112 0.34448819,
  12.895739 -10.588617 0.34448819,12.89527 -10.588174 0.34448819,
  12.890208 -10.580943 0.34448819,12.873592 -10.564327 0.34448819,
  12.890208 -10.547711 0.34448819,12.89048 -10.547127 0.34448819,
  12.895739 -10.540037 0.34448819,12.914487 -10.502541 0.34448819,
  12.914688 -10.500788 0.34448819,12.915823 -10.499435 0.34448819,
  12.917604 -10.489336 0.34448819,12.917604 -10.470589 0.34448819,
  12.917 -10.46893 0.34448819,12.91741 -10.467213 0.34448819,
  12.914487 -10.457383 0.34448819,12.895739 -10.419888 0.34448819,
  12.89527 -10.419445 0.34448819,12.890208 -10.412214 0.34448819,
  12.87146 -10.393467 0.34448819,12.870877 -10.393194 0.34448819,
  12.863786 -10.387935 0.34448819,12.826291 -10.369188 0.34448819,
  12.824537 -10.368986 0.34448819,12.823185 -10.367851 0.34448819,
  12.813086 -10.36607 0.34448819,12.738095 -10.36607 0.34448819,
  12.736436 -10.366674 0.34448819,12.734719 -10.366264 0.34448819,
  12.72489 -10.369188 0.34448819,12.687395 -10.387935 0.34448819,
  12.686952 -10.388404 0.34448819,12.679721 -10.393467 0.34448819,
  12.660973 -10.412214 0.34448819,12.660701 -10.412797 0.34448819,
  12.655442 -10.419888 0.34448819,12.636694 -10.457383 0.34448819,
  12.636493 -10.459137 0.34448819,12.635358 -10.460489 0.34448819,
  12.633577 -10.470589 0.34448819,12.633577 -10.482366 0.34448819,
  12.633577 -10.489336 0.34448819,12.634181 -10.490995 0.34448819,
  12.633771 -10.492712 0.34448819,12.636694 -10.502541 0.34448819,
  12.655442 -10.540037 0.34448819,12.65591 -10.54048 0.34448819,
  12.660973 -10.547711 0.34448819,12.677589 -10.564327 0.34448819,
  12.660973 -10.580943 0.34448819,12.660701 -10.581526 0.34448819,
  12.655442 -10.588617 0.34448819,12.636694 -10.626112 0.34448819,
  12.636493 -10.627865 0.34448819,12.635358 -10.629218 0.34448819,
  12.633577 -10.639317 0.34448819,12.633577 -10.707337 0.34448819,
  12.633577 -10.714308 0.34448819,12.634181 -10.715967 0.34448819,
  12.633771 -10.717683 0.34448819,12.636694 -10.727513 0.34448819,
  12.655442 -10.765008 0.34448819,12.65591 -10.765451 0.34448819,
  12.660973 -10.772682 0.34448819,12.67972 -10.79143 0.34448819,
  12.680304 -10.791702 0.34448819,12.687395 -10.796961 0.34448819,
  12.72489 -10.815709 0.34448819,12.726643 -10.815911 0.34448819,
  12.727996 -10.817046 0.34448819,12.738095 -10.818826 0.34448819,
  12.813086 -10.818826 0.34448819,12.814744 -10.818222 0.34448819,
  12.816461 -10.818633 0.34448819,12.826291 -10.815709 0.34448819,
  12.858549 -10.477559 0.34448819,12.858549 -10.482366 0.34448819,
  12.845061 -10.509341 0.34448819,12.83309 -10.521312 0.34448819,
  12.806115 -10.534799 0.34448819,12.745066 -10.534799 0.34448819,
  12.718091 -10.521312 0.34448819,12.70612 -10.509341 0.34448819,
  12.692632 -10.482366 0.34448819,12.692632 -10.477559 0.34448819,
  12.70612 -10.450584 0.34448819,12.718091 -10.438613 0.34448819,
  12.745066 -10.425126 0.34448819,12.806115 -10.425126 0.34448819,
  12.83309 -10.438613 0.34448819,12.845061 -10.450584 0.34448819,
  11.923978 -10.553547 0.34448819,11.923978 -10.395598 0.34448819,
  11.91707 -10.376618 0.34448819,11.899578 -10.366519 0.34448819,
  11.879687 -10.370026 0.34448819,11.866704 -10.385499 0.34448819,
  11.864923 -10.395598 0.34448819,11.864923 -10.789299 0.34448819,
  11.871831 -10.808279 0.34448819,11.889323 -10.818378 0.34448819,
  11.909215 -10.81487 0.34448819,11.922198 -10.799398 0.34448819,
  11.923978 -10.789299 0.34448819,11.923978 -10.612602 0.34448819,
  12.089895 -10.612602 0.34448819,12.089895 -10.789299 0.34448819,
  12.096803 -10.808279 0.34448819,12.114295 -10.818378 0.34448819,
  12.134186 -10.81487 0.34448819,12.147169 -10.799398 0.34448819,
  12.14895 -10.789299 0.34448819,12.14895 -10.395598 0.34448819,
  12.142042 -10.376618 0.34448819,12.12455 -10.366519 0.34448819,
  12.104659 -10.370026 0.34448819,12.091676 -10.385499 0.34448819,
  12.089895 -10.395598 0.34448819,12.089895 -10.553547 0.34448819,
  12.376069 14.03023 0.34448819,12.340195 13.976419 0.34448819,
  12.308156 13.94438 0.34448819,12.274946 13.927775 0.34448819,
  12.26106 13.913108 0.34448819,12.259849 13.892946 0.34448819,
  12.271882 13.876724 0.34448819,12.291527 13.872031 0.34448819,
  12.301357 13.874955 0.34448819,12.338852 13.893702 0.34448819,
  12.339295 13.894171 0.34448819,12.346526 13.899233 0.34448819,
  12.37111 13.923817 0.34448819,12.37111 13.649678 0.34448819,
  12.288152 13.649678 0.34448819,12.269172 13.642769 0.34448819,
  12.259072 13.625278 0.34448819,12.26258 13.605386 0.34448819,
  12.278052 13.592403 0.34448819,12.288152 13.590622 0.34448819,
  12.513123 13.590622 0.34448819,12.532103 13.597531 0.34448819,
  12.542202 13.615022 0.34448819,12.538695 13.634914 0.34448819,
  12.523222 13.647897 0.34448819,12.513123 13.649678 0.34448819,
  12.430165 13.649678 0.34448819,12.430165 14.013851 0.34448819,
  12.429584 14.015447 0.34448819,12.429986 14.017096 0.34448819,
  12.426187 14.024778 0.34448819,12.423257 14.032831 0.34448819,
  12.421786 14.03368 0.34448819,12.421034 14.035202 0.34448819,
  12.413185 14.038646 0.34448819,12.405765 14.04293 0.34448819,
  12.404093 14.042635 0.34448819,12.402538 14.043317 0.34448819,
  12.394311 14.040911 0.34448819,12.385874 14.039422 0.34448819,
  12.384782 14.038122 0.34448819,12.383153 14.037645 0.34448819,
  12.863786 13.612487 0.34448819,12.864229 13.612955 0.34448819,
  12.871461 13.618019 0.34448819,12.890208 13.636767 0.34448819,
  12.89048 13.63735 0.34448819,12.895739 13.644441 0.34448819,
  12.914487 13.681936 0.34448819,12.914688 13.683689 0.34448819,
  12.915823 13.685042 0.34448819,12.917604 13.695141 0.34448819,
  12.917604 13.788879 0.34448819,12.917 13.790538 0.34448819,
  12.91741 13.792255 0.34448819,12.914487 13.802084 0.34448819,
  12.895739 13.83958 0.34448819,12.89527 13.840023 0.34448819,
  12.890208 13.847254 0.34448819,12.87146 13.866001 0.34448819,
  12.870877 13.866273 0.34448819,12.863786 13.871532 0.34448819,
  12.826291 13.89028 0.34448819,12.824537 13.890482 0.34448819,
  12.823185 13.891617 0.34448819,12.813086 13.893397 0.34448819,
  12.738095 13.893397 0.34448819,12.736436 13.892794 0.34448819,
  12.734719 13.893204 0.34448819,12.72489 13.89028 0.34448819,
  12.701965 13.878817 0.34448819,12.709258 13.907989 0.34448819,
  12.742294 13.957544 0.34448819,12.755586 13.970836 0.34448819,
  12.782561 13.984323 0.34448819,12.850581 13.984323 0.34448819,
  12.869561 13.991231 0.34448819,12.87966 14.008723 0.34448819,
  12.876153 14.028615 0.34448819,12.86068 14.041598 0.34448819,
  12.850581 14.043378 0.34448819,12.775591 14.043378 0.34448819,
  12.773931 14.042775 0.34448819,12.772215 14.043185 0.34448819,
  12.762385 14.040261 0.34448819,12.72489 14.021513 0.34448819,
  12.724447 14.021045 0.34448819,12.717216 14.015982 0.34448819,
  12.698469 13.997235 0.34448819,12.697887 13.995989 0.34448819,
  12.694779 13.992735 0.34448819,12.657284 13.936492 0.34448819,
  12.657243 13.936326 0.34448819,12.653206 13.927274 0.34448819,
  12.634459 13.852283 0.34448819,12.6346 13.850926 0.34448819,
  12.633577 13.845122 0.34448819,12.633577 13.702111 0.34448819,
  12.633577 13.695141 0.34448819,12.634181 13.693482 0.34448819,
  12.633771 13.691765 0.34448819,12.636694 13.681936 0.34448819,
  12.655442 13.644441 0.34448819,12.65591 13.643998 0.34448819,
  12.660973 13.636767 0.34448819,12.67972 13.618019 0.34448819,
  12.680304 13.617747 0.34448819,12.687395 13.612487 0.34448819,
  12.72489 13.59374 0.34448819,12.726643 13.593538 0.34448819,
  12.727996 13.592403 0.34448819,12.738095 13.590622 0.34448819,
  12.813086 13.590622 0.34448819,12.814744 13.591226 0.34448819,
  12.816461 13.590816 0.34448819,12.826291 13.59374 0.34448819,
  12.858549 13.781909 0.34448819,12.858549 13.702111 0.34448819,
  12.845061 13.675137 0.34448819,12.83309 13.663165 0.34448819,
  12.806115 13.649678 0.34448819,12.745066 13.649678 0.34448819,
  12.718091 13.663165 0.34448819,12.70612 13.675137 0.34448819,
  12.692632 13.702111 0.34448819,12.692632 13.781909 0.34448819,
  12.70612 13.808883 0.34448819,12.718091 13.820855 0.34448819,
  12.745066 13.834342 0.34448819,12.806115 13.834342 0.34448819,
  12.83309 13.820855 0.34448819,12.845061 13.808883 0.34448819,
  11.923978 13.855902 0.34448819,11.923978 14.013851 0.34448819,
  11.91707 14.032831 0.34448819,11.899578 14.04293 0.34448819,
  11.879687 14.039422 0.34448819,11.866704 14.02395 0.34448819,
  11.864923 14.013851 0.34448819,11.864923 13.62015 0.34448819,
  11.871831 13.60117 0.34448819,11.889323 13.591071 0.34448819,
  11.909215 13.594578 0.34448819,11.922198 13.610051 0.34448819,
  11.923978 13.62015 0.34448819,11.923978 13.796847 0.34448819,
  12.089895 13.796847 0.34448819,12.089895 13.62015 0.34448819,
  12.096803 13.60117 0.34448819,12.114295 13.591071 0.34448819,
  12.134186 13.594578 0.34448819,12.147169 13.610051 0.34448819,
  12.14895 13.62015 0.34448819,12.14895 14.013851 0.34448819,
  12.142042 14.032831 0.34448819,12.12455 14.04293 0.34448819,
  12.104659 14.039422 0.34448819,12.091676 14.02395 0.34448819,
  12.089895 14.013851 0.34448819,12.089895 13.855902 0.34448819,
  -3.8444035 16.471175 0.34448819,-3.8802776 16.417364 0.34448819,
  -3.9123165 16.385325 0.34448819,-3.945526 16.36872 0.34448819,
  -3.9594126 16.354053 0.34448819,-3.9606232 16.333891 0.34448819,
  -3.9485902 16.317669 0.34448819,-3.9289453 16.312976 0.34448819,
  -3.9191157 16.3159 0.34448819,-3.8816205 16.334647 0.34448819,
  -3.8811776 16.335116 0.34448819,-3.8739465 16.340178 0.34448819,
  -3.8493626 16.364762 0.34448819,-3.8493626 16.090622 0.34448819,
  -3.9323209 16.090622 0.34448819,-3.9513008 16.083714 0.34448819,
  -3.9614 16.066222 0.34448819,-3.9578925 16.046331 0.34448819,
  -3.9424201 16.033348 0.34448819,-3.9323209 16.031567 0.34448819,
  -3.7073492 16.031567 0.34448819,-3.6883693 16.038476 0.34448819,
  -3.6782701 16.055967 0.34448819,-3.6817776 16.075859 0.34448819,
  -3.69725 16.088842 0.34448819,-3.7073492 16.090622 0.34448819,
  -3.7903075 16.090622 0.34448819,-3.7903075 16.454796 0.34448819,
  -3.7908886 16.456392 0.34448819,-3.7904866 16.458041 0.34448819,
  -3.794285 16.465723 0.34448819,-3.7972157 16.473776 0.34448819,
  -3.7986862 16.474624 0.34448819,-3.7994386 16.476147 0.34448819,
  -3.807287 16.479591 0.34448819,-3.8147075 16.483875 0.34448819,
  -3.8163799 16.48358 0.34448819,-3.8179346 16.484262 0.34448819,
  -3.826161 16.481856 0.34448819,-3.8345988 16.480367 0.34448819,
  -3.8356902 16.479067 0.34448819,-3.8373197 16.47859 0.34448819,
  -3.3490122 16.077711 0.34448819,-3.3487406 16.078295 0.34448819,
  -3.3434811 16.085385 0.34448819,-3.3247335 16.122881 0.34448819,
  -3.3245736 16.12427 0.34448819,-3.3224976 16.128924 0.34448819,
  -3.30375 16.203915 0.34448819,-3.3038921 16.205273 0.34448819,
  -3.3028685 16.211076 0.34448819,-3.3028685 16.304815 0.34448819,
  -3.3033354 16.306097 0.34448819,-3.30375 16.311976 0.34448819,
  -3.3224976 16.386967 0.34448819,-3.3232807 16.388126 0.34448819,
  -3.3247335 16.39301 0.34448819,-3.3434811 16.430506 0.34448819,
  -3.3439496 16.430949 0.34448819,-3.3490122 16.43818 0.34448819,
  -3.3677598 16.456927 0.34448819,-3.3683433 16.457199 0.34448819,
  -3.3754339 16.462458 0.34448819,-3.4129291 16.481206 0.34448819,
  -3.4146827 16.481408 0.34448819,-3.416035 16.482543 0.34448819,
  -3.4261343 16.484323 0.34448819,-3.4636295 16.484323 0.34448819,
  -3.4652886 16.48372 0.34448819,-3.4670055 16.48413 0.34448819,
  -3.4768346 16.481206 0.34448819,-3.5143299 16.462458 0.34448819,
  -3.5147732 16.46199 0.34448819,-3.5220039 16.456927 0.34448819,
  -3.5407516 16.43818 0.34448819,-3.5410236 16.437596 0.34448819,
  -3.5462827 16.430506 0.34448819,-3.5650303 16.39301 0.34448819,
  -3.5651906 16.391621 0.34448819,-3.5672661 16.386967 0.34448819,
  -3.5860138 16.311976 0.34448819,-3.585872 16.310619 0.34448819,
  -3.5868953 16.304815 0.34448819,-3.5868953 16.214712 0.34448819,
  -3.5868953 16.211076 0.34448819,-3.5864287 16.209794 0.34448819,
  -3.5860138 16.203915 0.34448819,-3.5672661 16.128924 0.34448819,
  -3.5664835 16.127765 0.34448819,-3.5650303 16.122881 0.34448819,
  -3.5462827 16.085385 0.34448819,-3.545815 16.084943 0.34448819,
  -3.540752 16.077712 0.34448819,-3.5220043 16.058964 0.34448819,
  -3.5214213 16.058692 0.34448819,-3.5143299 16.053432 0.34448819,
  -3.4768346 16.034685 0.34448819,-3.4750815 16.034483 0.34448819,
  -3.4737287 16.033348 0.34448819,-3.4636295 16.031567 0.34448819,
  -3.4261343 16.031567 0.34448819,-3.4244756 16.032171 0.34448819,
  -3.4227587 16.031761 0.34448819,-3.4129291 16.034685 0.34448819,
  -3.3754339 16.053432 0.34448819,-3.3749913 16.0539 0.34448819,
  -3.3677594 16.058964 0.34448819,-3.3619236 16.301179 0.34448819,
  -3.3619236 16.214712 0.34448819,-3.3790039 16.146391 0.34448819,
  -3.3941591 16.116081 0.34448819,-3.4061303 16.10411 0.34448819,
  -3.4331047 16.090622 0.34448819,-3.4566591 16.090622 0.34448819,
  -3.4836339 16.10411 0.34448819,-3.4956051 16.116081 0.34448819,
  -3.5107602 16.146391 0.34448819,-3.5278402 16.214712 0.34448819,
  -3.5278402 16.301179 0.34448819,-3.5107602 16.3695 0.34448819,
  -3.4956051 16.399809 0.34448819,-3.4836339 16.411781 0.34448819,
  -3.4566591 16.425268 0.34448819,-3.4331047 16.425268 0.34448819,
  -3.4061299 16.411781 0.34448819,-3.3941587 16.399809 0.34448819,
  -3.3790039 16.3695 0.34448819,-3.1751122 14.03023 0.34448819,
  -3.2109862 13.976419 0.34448819,-3.2430252 13.94438 0.34448819,
  -3.2762346 13.927775 0.34448819,-3.2901213 13.913108 0.34448819,
  -3.2913319 13.892946 0.34448819,-3.2792988 13.876724 0.34448819,
  -3.2596539 13.872031 0.34448819,-3.2498244 13.874955 0.34448819,
  -3.2123291 13.893702 0.34448819,-3.2118862 13.894171 0.34448819,
  -3.2046551 13.899233 0.34448819,-3.1800713 13.923817 0.34448819,
  -3.1800713 13.649678 0.34448819,-3.2630295 13.649678 0.34448819,
  -3.2820094 13.642769 0.34448819,-3.2921087 13.625278 0.34448819,
  -3.2886012 13.605386 0.34448819,-3.2731287 13.592403 0.34448819,
  -3.2630295 13.590622 0.34448819,-3.0380579 13.590622 0.34448819,
  -3.019078 13.597531 0.34448819,-3.0089787 13.615022 0.34448819,
  -3.0124862 13.634914 0.34448819,-3.0279587 13.647897 0.34448819,
  -3.0380579 13.649678 0.34448819,-3.1210161 13.649678 0.34448819,
  -3.1210161 14.013851 0.34448819,-3.1215972 14.015447 0.34448819,
  -3.1211953 14.017096 0.34448819,-3.1249937 14.024778 0.34448819,
  -3.1279244 14.032831 0.34448819,-3.1293949 14.03368 0.34448819,
  -3.1301472 14.035202 0.34448819,-3.1379957 14.038646 0.34448819,
  -3.1454161 14.04293 0.34448819,-3.1470886 14.042635 0.34448819,
  -3.1486433 14.043317 0.34448819,-3.1568697 14.040911 0.34448819,
  -3.1653075 14.039422 0.34448819,-3.1663988 14.038122 0.34448819,
  -3.1680283 14.037645 0.34448819,-2.6873949 13.612487 0.34448819,
  -2.6869524 13.612955 0.34448819,-2.6797205 13.618019 0.34448819,
  -2.6609732 13.636767 0.34448819,-2.6607016 13.63735 0.34448819,
  -2.6554421 13.644441 0.34448819,-2.6366945 13.681936 0.34448819,
  -2.6364929 13.683689 0.34448819,-2.6353579 13.685042 0.34448819,
  -2.6335772 13.695141 0.34448819,-2.6335772 13.788879 0.34448819,
  -2.6341811 13.790538 0.34448819,-2.6337709 13.792255 0.34448819,
  -2.6366945 13.802084 0.34448819,-2.6554421 13.83958 0.34448819,
  -2.6559106 13.840023 0.34448819,-2.6609732 13.847254 0.34448819,
  -2.6797209 13.866001 0.34448819,-2.6803043 13.866273 0.34448819,
  -2.6873949 13.871532 0.34448819,-2.7248902 13.89028 0.34448819,
  -2.7266437 13.890482 0.34448819,-2.7279961 13.891617 0.34448819,
  -2.7380953 13.893397 0.34448819,-2.8130858 13.893397 0.34448819,
  -2.8147449 13.892794 0.34448819,-2.8164618 13.893204 0.34448819,
  -2.8262909 13.89028 0.34448819,-2.8492161 13.878817 0.34448819,
  -2.8419232 13.907989 0.34448819,-2.808887 13.957544 0.34448819,
  -2.7955949 13.970836 0.34448819,-2.7686201 13.984323 0.34448819,
  -2.7006 13.984323 0.34448819,-2.6816201 13.991231 0.34448819,
  -2.6715209 14.008723 0.34448819,-2.6750283 14.028615 0.34448819,
  -2.6905008 14.041598 0.34448819,-2.7006 14.043378 0.34448819,
  -2.7755906 14.043378 0.34448819,-2.7772496 14.042775 0.34448819,
  -2.7789665 14.043185 0.34448819,-2.7887957 14.040261 0.34448819,
  -2.8262909 14.021513 0.34448819,-2.8267343 14.021045 0.34448819,
  -2.833965 14.015982 0.34448819,-2.8527126 13.997235 0.34448819,
  -2.8532941 13.995989 0.34448819,-2.856402 13.992735 0.34448819,
  -2.8938972 13.936492 0.34448819,-2.8939378 13.936326 0.34448819,
  -2.8979748 13.927274 0.34448819,-2.9167224 13.852283 0.34448819,
  -2.9165807 13.850926 0.34448819,-2.9176039 13.845122 0.34448819,
  -2.9176039 13.702111 0.34448819,-2.9176039 13.695141 0.34448819,
  -2.9170004 13.693482 0.34448819,-2.9174102 13.691765 0.34448819,
  -2.9144866 13.681936 0.34448819,-2.895739 13.644441 0.34448819,
  -2.8952713 13.643998 0.34448819,-2.8902083 13.636767 0.34448819,
  -2.8714606 13.618019 0.34448819,-2.8708776 13.617747 0.34448819,
  -2.8637862 13.612487 0.34448819,-2.8262909 13.59374 0.34448819,
  -2.8245378 13.593538 0.34448819,-2.823185 13.592403 0.34448819,
  -2.8130858 13.590622 0.34448819,-2.7380953 13.590622 0.34448819,
  -2.7364366 13.591226 0.34448819,-2.7347197 13.590816 0.34448819,
  -2.7248902 13.59374 0.34448819,-2.6926323 13.781909 0.34448819,
  -2.6926323 13.702111 0.34448819,-2.7061201 13.675137 0.34448819,
  -2.7180913 13.663165 0.34448819,-2.7450657 13.649678 0.34448819,
  -2.8061154 13.649678 0.34448819,-2.8330902 13.663165 0.34448819,
  -2.8450614 13.675137 0.34448819,-2.8585488 13.702111 0.34448819,
  -2.8585488 13.781909 0.34448819,-2.8450614 13.808883 0.34448819,
  -2.8330902 13.820855 0.34448819,-2.8061154 13.834342 0.34448819,
  -2.7450657 13.834342 0.34448819,-2.7180909 13.820855 0.34448819,
  -2.7061197 13.808883 0.34448819,-3.4612862 13.855902 0.34448819,
  -3.5391103 13.855902 0.34448819,-3.5749228 13.831973 0.34448819,
  -3.6862581 13.809827 0.34448819,-3.6862579 13.62015 0.34448819,
  -3.6793496 13.60117 0.34448819,-3.6618579 13.591071 0.34448819,
  -3.6419665 13.594578 0.34448819,-3.6289835 13.610051 0.34448819,
  -3.6272028 13.62015 0.34448819,-3.6272028 13.796847 0.34448819,
  -3.4612862 13.796847 0.34448819,-3.4612862 13.62015 0.34448819,
  -3.454378 13.60117 0.34448819,-3.4368862 13.591071 0.34448819,
  -3.4169949 13.594578 0.34448819,-3.4040118 13.610051 0.34448819,
  -3.4022311 13.62015 0.34448819,-3.4022311 13.947362 0.34448819,
  -3.4612861 13.907902 0.34448819,-4.2964941 16.296847 0.34448819,
  -4.2964941 16.454796 0.34448819,-4.3034024 16.473776 0.34448819,
  -4.3208941 16.483875 0.34448819,-4.3407854 16.480367 0.34448819,
  -4.3537685 16.464895 0.34448819,-4.3555492 16.454796 0.34448819,
  -4.3555492 16.061095 0.34448819,-4.3486409 16.042115 0.34448819,
  -4.3311492 16.032016 0.34448819,-4.3112579 16.035523 0.34448819,
  -4.2982748 16.050996 0.34448819,-4.2964941 16.061095 0.34448819,
  -4.2964941 16.237792 0.34448819,-4.1305776 16.237792 0.34448819,
  -4.1305776 16.061095 0.34448819,-4.1236693 16.042115 0.34448819,
  -4.1061776 16.032016 0.34448819,-4.0862862 16.035523 0.34448819,
  -4.0733031 16.050996 0.34448819,-4.0715224 16.061095 0.34448819,
  -4.0715224 16.454796 0.34448819,-4.0784307 16.473776 0.34448819,
  -4.0959224 16.483875 0.34448819,-4.1158138 16.480367 0.34448819,
  -4.1287969 16.464895 0.34448819,-4.1305776 16.454796 0.34448819,
  -4.1305776 16.296847 0.34448819,-5.7624382 16.460983 0.34448819,
  -5.76305 16.459923 0.34448819,-5.7629291 16.459237 0.34448819,
  -5.763352 16.457734 0.34448819,-5.7820996 16.270257 0.34448819,
  -5.7820516 16.270069 0.34448819,-5.7821335 16.269893 0.34448819,
  -5.7795642 16.260302 0.34448819,-5.7771142 16.250684 0.34448819,
  -5.7769567 16.250571 0.34448819,-5.7769063 16.250383 0.34448819,
  -5.7687827 16.244695 0.34448819,-5.7607142 16.238894 0.34448819,
  -5.7605201 16.238909 0.34448819,-5.7603606 16.238798 0.34448819,
  -5.7504776 16.239663 0.34448819,-5.7405724 16.240406 0.34448819,
  -5.7404335 16.240542 0.34448819,-5.7402398 16.240558 0.34448819,
  -5.7318394 16.24644 0.34448819,-5.7164799 16.2618 0.34448819,
  -5.6895051 16.275287 0.34448819,-5.6097079 16.275287 0.34448819,
  -5.5827331 16.2618 0.34448819,-5.5707618 16.249828 0.34448819,
  -5.5572744 16.222854 0.34448819,-5.5572744 16.143056 0.34448819,
  -5.5707622 16.116081 0.34448819,-5.5827335 16.10411 0.34448819,
  -5.6097079 16.090622 0.34448819,-5.6895051 16.090622 0.34448819,
  -5.7164799 16.10411 0.34448819,-5.731839 16.119469 0.34448819,
  -5.7501449 16.128006 0.34448819,-5.7696547 16.122778 0.34448819,
  -5.7812398 16.106233 0.34448819,-5.7794799 16.086112 0.34448819,
  -5.773598 16.077712 0.34448819,-5.7548504 16.058964 0.34448819,
  -5.7542673 16.058692 0.34448819,-5.747176 16.053432 0.34448819,
  -5.7096807 16.034685 0.34448819,-5.7079276 16.034483 0.34448819,
  -5.7065748 16.033348 0.34448819,-5.6964756 16.031567 0.34448819,
  -5.6027374 16.031567 0.34448819,-5.6010787 16.032171 0.34448819,
  -5.5993618 16.031761 0.34448819,-5.5895323 16.034685 0.34448819,
  -5.552037 16.053432 0.34448819,-5.5515945 16.0539 0.34448819,
  -5.5443626 16.058964 0.34448819,-5.5256154 16.077711 0.34448819,
  -5.5253437 16.078295 0.34448819,-5.5200843 16.085385 0.34448819,
  -5.5013366 16.122881 0.34448819,-5.501135 16.124634 0.34448819,
  -5.5 16.125987 0.34448819,-5.4982193 16.136086 0.34448819,
  -5.4982193 16.229824 0.34448819,-5.4988232 16.231483 0.34448819,
  -5.498413 16.2332 0.34448819,-5.5013366 16.243029 0.34448819,
  -5.5200843 16.280524 0.34448819,-5.5205528 16.280968 0.34448819,
  -5.5256154 16.288198 0.34448819,-5.544363 16.306946 0.34448819,
  -5.5449465 16.307218 0.34448819,-5.552037 16.312477 0.34448819,
  -5.5895323 16.331225 0.34448819,-5.5912858 16.331427 0.34448819,
  -5.5926382 16.332561 0.34448819,-5.6027374 16.334342 0.34448819,
  -5.6964756 16.334342 0.34448819,-5.6981346 16.333739 0.34448819,
  -5.6998516 16.334148 0.34448819,-5.7096807 16.331225 0.34448819,
  -5.7170201 16.327556 0.34448819,-5.7072488 16.425268 0.34448819,
  -5.5464945 16.425268 0.34448819,-5.5275146 16.432176 0.34448819,
  -5.5174154 16.449668 0.34448819,-5.5209228 16.469559 0.34448819,
  -5.5363953 16.482543 0.34448819,-5.5464945 16.484323 0.34448819,
  -5.7339709 16.484323 0.34448819,-5.7398638 16.482179 0.34448819,
  -5.7461169 16.481709 0.34448819,-5.7490724 16.478827 0.34448819,
  -5.7529508 16.477415 0.34448819,-5.7560862 16.471985 0.34448819,
  -5.7605752 16.467606 0.34448819,15.475253 5.1457406 0.34448819,
  15.276702 5.1457406 0.34448819,15.187556 5.1280084 0.34448819,
  15.183707 5.1213406 0.34448819,15.187214 5.1014492 0.34448819,
  15.202687 5.0884661 0.34448819,15.212786 5.0866854 0.34448819,
  15.430473 5.0866854 0.34448819,15.279384 4.7341437 0.34448819,
  15.278257 4.7139772 0.34448819,15.290356 4.6978039 0.34448819,
  15.310021 4.6931925 0.34448819,15.328049 4.7022996 0.34448819,
  15.333664 4.7108807 0.34448819,15.502393 5.1045815 0.34448819,
  15.502587 5.1080642 0.34448819,15.504332 5.1110854 0.34448819,
  15.503135 5.1178709 0.34448819,15.50352 5.124748 0.34448819,
  15.50143 5.1275409 0.34448819,15.500824 5.1309768 0.34448819,
  15.495546 5.1354055 0.34448819,15.49142 5.1409209 0.34448819,
  15.488024 5.1417173 0.34448819,15.485352 5.1439598 0.34448819,
  14.86736 4.9582642 0.34448819,14.86736 5.116213 0.34448819,
  14.860452 5.1351929 0.34448819,14.84296 5.1452921 0.34448819,
  14.823069 5.1417846 0.34448819,14.810086 5.1263122 0.34448819,
  14.808305 5.116213 0.34448819,14.808305 4.7225122 0.34448819,
  14.815213 4.7035323 0.34448819,14.832705 4.6934331 0.34448819,
  14.852596 4.6969406 0.34448819,14.86558 4.712413 0.34448819,
  14.86736 4.7225122 0.34448819,14.86736 4.8992091 0.34448819,
  15.033277 4.8992091 0.34448819,15.033277 4.7225122 0.34448819,
  15.040185 4.7035323 0.34448819,15.057677 4.6934331 0.34448819,
  15.077568 4.6969406 0.34448819,15.090551 4.712413 0.34448819,
  15.092332 4.7225122 0.34448819,15.092332 5.116213 0.34448819,
  15.088039 5.1280075 0.34448819,15.043855 5.136796 0.34448819,
  15.035057 5.1263122 0.34448819,15.033277 5.116213 0.34448819,
  15.033277 4.9582642 0.34448819] }
 coordIndex [
  0,1,21,-1,0,21,22,-1,0,22,23,-1,0,23,48,-1,0,48,63,-1,21,1,2,-1,21,2,3,-1,21,3,4,-1,
  21,4,20,-1,19,20,4,-1,19,4,5,-1,19,5,6,-1,19,6,7,-1,19,7,8,-1,19,8,18,-1,8,9,16,-1,
  8,16,17,-1,8,17,18,-1,13,14,12,-1,12,14,15,-1,12,15,11,-1,11,15,16,-1,11,16,10,-1,10,16,9,-1,
  42,43,44,-1,42,44,45,-1,42,45,46,-1,42,46,41,-1,38,39,25,-1,25,39,40,-1,25,40,47,-1,47,40,41,-1,
  47,41,46,-1,31,32,27,-1,31,27,29,-1,31,29,30,-1,89,90,80,-1,80,90,91,-1,80,91,78,-1,78,91,64,-1,
  78,64,77,-1,77,64,65,-1,77,65,76,-1,76,65,75,-1,69,72,68,-1,68,72,73,-1,68,73,67,-1,67,73,74,-1,
  67,74,66,-1,66,74,75,-1,66,75,65,-1,70,71,72,-1,70,72,69,-1,973,974,969,-1,973,969,971,-1,973,971,972,-1,
  890,882,889,-1,889,882,884,-1,889,884,887,-1,887,884,885,-1,887,885,886,-1,1063,1064,1062,-1,1062,1064,1065,-1,1062,1065,1060,-1,
  1060,1065,1066,-1,1060,1066,1067,-1,1059,1060,1067,-1,1059,1067,1068,-1,1059,1068,1069,-1,1059,1069,1070,-1,1059,1070,1071,-1,1059,1071,1072,-1,
  1059,1072,985,-1,1059,985,992,-1,1059,992,1058,-1,992,993,1002,-1,992,1002,1003,-1,992,1003,1004,-1,992,1004,1005,-1,992,1005,1006,-1,
  992,1006,1007,-1,992,1007,1008,-1,992,1008,1058,-1,998,999,994,-1,994,999,1000,-1,994,1000,993,-1,993,1000,1001,-1,993,1001,1002,-1,
  996,997,998,-1,996,998,994,-1,996,994,995,-1,891,892,880,-1,891,880,881,-1,891,881,882,-1,891,882,890,-1,880,892,893,-1,
  880,893,894,-1,880,894,821,-1,880,821,895,-1,880,895,896,-1,880,896,879,-1,896,897,859,-1,896,859,877,-1,896,877,878,-1,
  896,878,879,-1,898,899,855,-1,898,855,856,-1,898,856,857,-1,898,857,858,-1,898,858,859,-1,898,859,897,-1,900,901,851,-1,
  900,851,852,-1,900,852,853,-1,900,853,854,-1,900,854,855,-1,900,855,899,-1,901,902,851,-1,851,902,903,-1,851,903,850,-1,
  850,903,830,-1,850,830,831,-1,850,831,849,-1,849,831,832,-1,849,832,848,-1,848,832,833,-1,848,833,847,-1,847,833,834,-1,
  847,834,846,-1,846,834,835,-1,846,835,845,-1,845,835,836,-1,845,836,844,-1,844,836,837,-1,844,837,838,-1,842,843,844,-1,
  842,844,838,-1,842,838,839,-1,842,839,840,-1,842,840,841,-1,986,987,990,-1,986,990,991,-1,986,991,992,-1,986,992,985,-1,
  987,988,989,-1,987,989,990,-1,1037,1038,1051,-1,1051,1038,1039,-1,1051,1039,1050,-1,1050,1039,1040,-1,1050,1040,1049,-1,1049,1040,1041,-1,
  1049,1041,1048,-1,1048,1041,1042,-1,1048,1042,1046,-1,1046,1042,1043,-1,1046,1043,1044,-1,1051,1052,1037,-1,1037,1052,1053,-1,1037,1053,1036,-1,
  1036,1053,1054,-1,1036,1054,1035,-1,1035,1054,1011,-1,1035,1011,1012,-1,1054,1055,1009,-1,1054,1009,1010,-1,1054,1010,1011,-1,1009,1055,1056,-1,
  1009,1056,1057,-1,1009,1057,1058,-1,1009,1058,1008,-1,1033,1034,1014,-1,1014,1034,1035,-1,1014,1035,1013,-1,1013,1035,1012,-1,1014,1015,1031,-1,
  1014,1031,1032,-1,1014,1032,1033,-1,1016,1017,1027,-1,1016,1027,1028,-1,1016,1028,1029,-1,1016,1029,1030,-1,1016,1030,1031,-1,1016,1031,1015,-1,
  1024,1025,1019,-1,1019,1025,1026,-1,1019,1026,1018,-1,1018,1026,1027,-1,1018,1027,1017,-1,1020,1021,1022,-1,1020,1022,1023,-1,1020,1023,1024,-1,
  1020,1024,1019,-1,964,965,966,-1,964,966,967,-1,964,967,968,-1,964,968,963,-1,969,974,975,-1,969,975,976,-1,969,976,977,-1,
  969,977,978,-1,969,978,979,-1,969,979,980,-1,969,980,981,-1,969,981,982,-1,969,982,983,-1,969,983,984,-1,969,984,943,-1,
  969,943,955,-1,969,955,956,-1,969,956,963,-1,969,963,968,-1,957,958,961,-1,957,961,962,-1,957,962,963,-1,957,963,956,-1,
  958,959,960,-1,958,960,961,-1,2630,2631,2633,-1,2630,2633,2634,-1,2630,2634,2635,-1,2630,2635,2636,-1,2630,2636,2637,-1,2630,2637,2623,-1,
  2630,2623,2624,-1,2630,2624,2629,-1,2626,2627,2625,-1,2625,2627,2628,-1,2625,2628,2624,-1,2624,2628,2629,-1,2637,2638,2640,-1,2637,2640,2642,-1,
  2637,2642,2643,-1,2637,2643,2644,-1,2637,2644,2645,-1,2637,2645,2646,-1,2637,2646,2647,-1,2637,2647,2623,-1,89,80,88,-1,88,80,81,-1,
  88,81,87,-1,87,81,82,-1,87,82,86,-1,86,82,83,-1,86,83,85,-1,85,83,84,-1,192,193,188,-1,192,188,190,-1,
  192,190,191,-1,122,123,118,-1,122,118,120,-1,122,120,121,-1,159,160,150,-1,150,160,161,-1,150,161,148,-1,148,161,134,-1,
  148,134,147,-1,147,134,135,-1,147,135,146,-1,146,135,145,-1,139,142,138,-1,138,142,143,-1,138,143,137,-1,137,143,144,-1,
  137,144,136,-1,136,144,145,-1,136,145,135,-1,140,141,142,-1,140,142,139,-1,159,150,158,-1,158,150,151,-1,158,151,157,-1,
  157,151,152,-1,157,152,156,-1,156,152,153,-1,156,153,155,-1,155,153,154,-1,113,114,115,-1,113,115,116,-1,113,116,117,-1,
  113,117,112,-1,118,123,124,-1,118,124,125,-1,118,125,126,-1,118,126,127,-1,118,127,128,-1,118,128,129,-1,118,129,130,-1,
  118,130,131,-1,118,131,132,-1,118,132,133,-1,118,133,92,-1,118,92,104,-1,118,104,105,-1,118,105,112,-1,118,112,117,-1,
  106,107,110,-1,106,110,111,-1,106,111,112,-1,106,112,105,-1,107,108,109,-1,107,109,110,-1,101,102,93,-1,93,102,103,-1,
  93,103,92,-1,92,103,104,-1,94,95,99,-1,94,99,100,-1,94,100,101,-1,94,101,93,-1,98,99,95,-1,98,95,96,-1,
  98,96,97,-1,183,184,185,-1,183,185,186,-1,183,186,187,-1,183,187,182,-1,188,193,194,-1,188,194,195,-1,188,195,196,-1,
  188,196,197,-1,188,197,198,-1,188,198,199,-1,188,199,200,-1,188,200,201,-1,188,201,202,-1,188,202,203,-1,188,203,162,-1,
  188,162,174,-1,188,174,175,-1,188,175,182,-1,188,182,187,-1,176,177,180,-1,176,180,181,-1,176,181,182,-1,176,182,175,-1,
  177,178,179,-1,177,179,180,-1,171,172,163,-1,163,172,173,-1,163,173,162,-1,162,173,174,-1,164,165,169,-1,164,169,170,-1,
  164,170,171,-1,164,171,163,-1,168,169,165,-1,168,165,166,-1,168,166,167,-1,229,230,220,-1,220,230,231,-1,220,231,218,-1,
  218,231,204,-1,218,204,217,-1,217,204,205,-1,217,205,216,-1,216,205,215,-1,209,212,208,-1,208,212,213,-1,208,213,207,-1,
  207,213,214,-1,207,214,206,-1,206,214,215,-1,206,215,205,-1,210,211,212,-1,210,212,209,-1,229,220,228,-1,228,220,221,-1,
  228,221,227,-1,227,221,222,-1,227,222,226,-1,226,222,223,-1,226,223,225,-1,225,223,224,-1,696,697,628,-1,628,697,682,-1,
  628,682,594,-1,594,682,683,-1,594,683,239,-1,239,683,684,-1,239,684,238,-1,238,684,685,-1,238,685,237,-1,237,685,686,-1,
  237,686,236,-1,236,686,687,-1,236,687,235,-1,235,687,688,-1,235,688,234,-1,234,688,689,-1,234,689,233,-1,233,689,690,-1,
  233,690,232,-1,232,690,691,-1,232,691,247,-1,247,691,637,-1,247,637,673,-1,673,637,638,-1,673,638,672,-1,672,638,639,-1,
  672,639,671,-1,671,639,655,-1,671,655,656,-1,611,612,625,-1,625,612,613,-1,625,613,624,-1,624,613,614,-1,624,614,623,-1,
  623,614,615,-1,623,615,622,-1,622,615,616,-1,622,616,620,-1,620,616,617,-1,620,617,618,-1,628,595,627,-1,627,595,596,-1,
  627,596,626,-1,626,596,611,-1,626,611,625,-1,696,628,629,-1,696,629,630,-1,696,630,631,-1,696,631,632,-1,696,632,695,-1,
  694,695,632,-1,694,632,633,-1,694,633,634,-1,694,634,635,-1,694,635,636,-1,694,636,693,-1,636,637,691,-1,636,691,692,-1,
  636,692,693,-1,602,605,601,-1,601,605,607,-1,601,607,600,-1,600,607,608,-1,600,608,599,-1,599,608,609,-1,599,609,598,-1,
  598,609,610,-1,598,610,597,-1,597,610,611,-1,597,611,596,-1,605,602,603,-1,605,603,604,-1,594,239,240,-1,594,240,241,-1,
  594,241,242,-1,594,242,681,-1,242,243,678,-1,242,678,679,-1,242,679,680,-1,242,680,681,-1,244,245,674,-1,244,674,675,-1,
  244,675,676,-1,244,676,677,-1,244,677,678,-1,244,678,243,-1,674,245,246,-1,674,246,247,-1,674,247,673,-1,644,651,643,-1,
  643,651,652,-1,643,652,642,-1,642,652,653,-1,642,653,641,-1,641,653,654,-1,641,654,640,-1,640,654,655,-1,640,655,639,-1,
  645,646,649,-1,645,649,651,-1,645,651,644,-1,2034,2035,1966,-1,1966,2035,2020,-1,1966,2020,1932,-1,1932,2020,2021,-1,1932,2021,255,-1,
  255,2021,2022,-1,255,2022,254,-1,254,2022,2023,-1,254,2023,253,-1,253,2023,2024,-1,253,2024,252,-1,252,2024,2025,-1,252,2025,251,-1,
  251,2025,2026,-1,251,2026,250,-1,250,2026,2027,-1,250,2027,249,-1,249,2027,2028,-1,249,2028,248,-1,248,2028,2029,-1,248,2029,263,-1,
  263,2029,1975,-1,263,1975,2011,-1,2011,1975,1976,-1,2011,1976,2010,-1,2010,1976,1977,-1,2010,1977,2009,-1,2009,1977,1993,-1,2009,1993,1994,-1,
  1949,1950,1963,-1,1963,1950,1951,-1,1963,1951,1962,-1,1962,1951,1952,-1,1962,1952,1961,-1,1961,1952,1953,-1,1961,1953,1960,-1,1960,1953,1954,-1,
  1960,1954,1958,-1,1958,1954,1955,-1,1958,1955,1956,-1,1966,1933,1965,-1,1965,1933,1934,-1,1965,1934,1964,-1,1964,1934,1949,-1,1964,1949,1963,-1,
  2034,1966,1967,-1,2034,1967,1968,-1,2034,1968,1969,-1,2034,1969,1970,-1,2034,1970,2033,-1,2032,2033,1970,-1,2032,1970,1971,-1,2032,1971,1972,-1,
  2032,1972,1973,-1,2032,1973,1974,-1,2032,1974,2031,-1,1974,1975,2029,-1,1974,2029,2030,-1,1974,2030,2031,-1,1940,1943,1939,-1,1939,1943,1945,-1,
  1939,1945,1938,-1,1938,1945,1946,-1,1938,1946,1937,-1,1937,1946,1947,-1,1937,1947,1936,-1,1936,1947,1948,-1,1936,1948,1935,-1,1935,1948,1949,-1,
  1935,1949,1934,-1,1943,1940,1941,-1,1943,1941,1942,-1,1932,255,256,-1,1932,256,257,-1,1932,257,258,-1,1932,258,2019,-1,258,259,2016,-1,
  258,2016,2017,-1,258,2017,2018,-1,258,2018,2019,-1,260,261,2012,-1,260,2012,2013,-1,260,2013,2014,-1,260,2014,2015,-1,260,2015,2016,-1,
  260,2016,259,-1,2012,261,262,-1,2012,262,263,-1,2012,263,2011,-1,1982,1989,1981,-1,1981,1989,1990,-1,1981,1990,1980,-1,1980,1990,1991,-1,
  1980,1991,1979,-1,1979,1991,1992,-1,1979,1992,1978,-1,1978,1992,1993,-1,1978,1993,1977,-1,1983,1984,1987,-1,1983,1987,1989,-1,1983,1989,1982,-1,
  294,295,290,-1,294,290,292,-1,294,292,293,-1,285,286,287,-1,285,287,288,-1,285,288,289,-1,285,289,284,-1,290,295,296,-1,
  290,296,297,-1,290,297,298,-1,290,298,299,-1,290,299,300,-1,290,300,301,-1,290,301,302,-1,290,302,303,-1,290,303,304,-1,
  290,304,305,-1,290,305,264,-1,290,264,276,-1,290,276,277,-1,290,277,284,-1,290,284,289,-1,278,279,282,-1,278,282,283,-1,
  278,283,284,-1,278,284,277,-1,279,280,281,-1,279,281,282,-1,1468,1469,1467,-1,1467,1469,1410,-1,1467,1410,1466,-1,1466,1410,1464,-1,
  1466,1464,1465,-1,1462,1463,1461,-1,1461,1463,1412,-1,1461,1412,1460,-1,1460,1412,1458,-1,1460,1458,1459,-1,1456,1457,1455,-1,1455,1457,1444,-1,
  1455,1444,1454,-1,1454,1444,1452,-1,1450,1451,1449,-1,1449,1451,1444,-1,1449,1444,1448,-1,1448,1444,1446,-1,1448,1446,1447,-1,1431,1432,1427,-1,
  1431,1427,1429,-1,1431,1429,1430,-1,1422,1423,1424,-1,1422,1424,1425,-1,1422,1425,1426,-1,1422,1426,1421,-1,1427,1432,1433,-1,1427,1433,1434,-1,
  1427,1434,1435,-1,1427,1435,1436,-1,1427,1436,1437,-1,1427,1437,1438,-1,1427,1438,1439,-1,1427,1439,1440,-1,1427,1440,1441,-1,1427,1441,1442,-1,
  1427,1442,1443,-1,1427,1443,1413,-1,1427,1413,1414,-1,1427,1414,1421,-1,1427,1421,1426,-1,1415,1416,1419,-1,1415,1419,1420,-1,1415,1420,1421,-1,
  1415,1421,1414,-1,1416,1417,1418,-1,1416,1418,1419,-1,1444,1457,1458,-1,1444,1458,1412,-1,1444,1412,1413,-1,1444,1413,1443,-1,1464,1410,1411,-1,
  1464,1411,1412,-1,1464,1412,1463,-1,1470,1471,1407,-1,1470,1407,1408,-1,1470,1408,1409,-1,1470,1409,1410,-1,1470,1410,1469,-1,273,274,265,-1,
  265,274,275,-1,265,275,264,-1,264,275,276,-1,266,267,271,-1,266,271,272,-1,266,272,273,-1,266,273,265,-1,270,271,267,-1,
  270,267,268,-1,270,268,269,-1,313,314,316,-1,313,316,317,-1,313,317,318,-1,313,318,319,-1,313,319,320,-1,313,320,306,-1,
  313,306,307,-1,313,307,312,-1,309,310,308,-1,308,310,311,-1,308,311,307,-1,307,311,312,-1,320,321,323,-1,320,323,325,-1,
  320,325,326,-1,320,326,327,-1,320,327,328,-1,320,328,329,-1,320,329,330,-1,320,330,306,-1,356,357,347,-1,347,357,358,-1,
  347,358,345,-1,345,358,331,-1,345,331,344,-1,344,331,332,-1,344,332,343,-1,343,332,342,-1,336,339,335,-1,335,339,340,-1,
  335,340,334,-1,334,340,341,-1,334,341,333,-1,333,341,342,-1,333,342,332,-1,337,338,339,-1,337,339,336,-1,356,347,355,-1,
  355,347,348,-1,355,348,354,-1,354,348,349,-1,354,349,353,-1,353,349,350,-1,353,350,352,-1,352,350,351,-1,389,390,385,-1,
  389,385,387,-1,389,387,388,-1,380,381,382,-1,380,382,383,-1,380,383,384,-1,380,384,379,-1,385,390,391,-1,385,391,392,-1,
  385,392,393,-1,385,393,394,-1,385,394,395,-1,385,395,396,-1,385,396,397,-1,385,397,398,-1,385,398,399,-1,385,399,400,-1,
  385,400,359,-1,385,359,371,-1,385,371,372,-1,385,372,379,-1,385,379,384,-1,373,374,377,-1,373,377,378,-1,373,378,379,-1,
  373,379,372,-1,374,375,376,-1,374,376,377,-1,368,369,360,-1,360,369,370,-1,360,370,359,-1,359,370,371,-1,361,362,366,-1,
  361,366,367,-1,361,367,368,-1,361,368,360,-1,365,366,362,-1,365,362,363,-1,365,363,364,-1,425,427,436,-1,424,436,422,-1,
  417,418,416,-1,416,418,440,-1,416,440,415,-1,415,440,413,-1,415,413,414,-1,411,412,410,-1,410,412,440,-1,410,440,409,-1,
  409,440,407,-1,409,407,408,-1,405,406,404,-1,404,406,440,-1,404,440,403,-1,403,440,401,-1,403,401,402,-1,491,492,488,-1,
  491,488,489,-1,491,489,490,-1,488,492,493,-1,488,493,494,-1,488,494,496,-1,488,496,497,-1,488,497,499,-1,488,499,500,-1,
  488,500,502,-1,488,502,503,-1,488,503,487,-1,504,505,486,-1,504,486,487,-1,504,487,503,-1,484,485,507,-1,507,485,486,-1,
  507,486,506,-1,506,486,505,-1,484,507,508,-1,484,508,509,-1,484,509,510,-1,484,510,483,-1,483,510,511,-1,483,511,512,-1,
  483,512,513,-1,483,513,482,-1,513,514,479,-1,513,479,480,-1,513,480,481,-1,513,481,482,-1,477,478,516,-1,516,478,479,-1,
  516,479,515,-1,515,479,514,-1,477,516,517,-1,477,517,518,-1,477,518,519,-1,477,519,476,-1,519,520,473,-1,519,473,474,-1,
  519,474,475,-1,519,475,476,-1,473,520,470,-1,473,470,471,-1,473,471,472,-1,470,520,521,-1,470,521,522,-1,470,522,523,-1,
  470,523,524,-1,470,524,525,-1,470,525,526,-1,470,526,527,-1,470,527,528,-1,470,528,529,-1,470,529,530,-1,470,530,531,-1,
  470,531,532,-1,470,532,533,-1,470,533,534,-1,470,534,535,-1,470,535,536,-1,470,536,537,-1,470,537,538,-1,470,538,539,-1,
  470,539,540,-1,470,540,541,-1,470,541,542,-1,470,542,543,-1,470,543,544,-1,470,544,545,-1,470,545,546,-1,470,546,547,-1,
  470,547,548,-1,470,548,549,-1,470,549,469,-1,549,550,464,-1,549,464,465,-1,549,465,466,-1,549,466,468,-1,549,468,469,-1,
  462,463,552,-1,552,463,464,-1,552,464,551,-1,551,464,550,-1,462,552,553,-1,462,553,554,-1,462,554,555,-1,462,555,461,-1,
  555,556,458,-1,555,458,459,-1,555,459,460,-1,555,460,461,-1,556,557,458,-1,458,557,558,-1,458,558,457,-1,457,558,559,-1,
  457,559,560,-1,561,562,455,-1,561,455,456,-1,561,456,457,-1,561,457,560,-1,453,454,564,-1,564,454,455,-1,564,455,563,-1,
  563,455,562,-1,453,564,565,-1,453,565,566,-1,453,566,567,-1,453,567,568,-1,453,568,569,-1,453,569,570,-1,453,570,452,-1,
  570,571,446,-1,570,446,447,-1,570,447,448,-1,570,448,449,-1,570,449,450,-1,570,450,451,-1,570,451,452,-1,442,443,441,-1,
  441,443,444,-1,441,444,440,-1,440,444,445,-1,440,445,571,-1,571,445,446,-1,440,571,572,-1,440,572,573,-1,440,573,574,-1,
  440,574,575,-1,440,575,576,-1,440,576,577,-1,440,577,578,-1,440,578,579,-1,440,579,580,-1,440,580,581,-1,440,581,582,-1,
  440,582,583,-1,440,583,584,-1,440,584,585,-1,440,585,586,-1,440,586,587,-1,440,587,588,-1,440,588,589,-1,440,589,590,-1,
  440,590,591,-1,440,591,592,-1,440,592,593,-1,440,593,401,-1,419,421,437,-1,419,439,440,-1,419,440,418,-1,422,436,437,-1,
  428,430,432,-1,428,432,433,-1,428,435,436,-1,665,666,667,-1,665,667,661,-1,665,661,662,-1,665,662,663,-1,665,663,664,-1,
  647,648,649,-1,647,649,646,-1,671,656,670,-1,670,656,657,-1,670,657,669,-1,669,657,658,-1,669,658,668,-1,668,658,659,-1,
  668,659,667,-1,667,659,660,-1,667,660,661,-1,723,724,714,-1,714,724,725,-1,714,725,712,-1,712,725,698,-1,712,698,711,-1,
  711,698,699,-1,711,699,710,-1,710,699,709,-1,703,706,702,-1,702,706,707,-1,702,707,701,-1,701,707,708,-1,701,708,700,-1,
  700,708,709,-1,700,709,699,-1,704,705,706,-1,704,706,703,-1,2309,2310,2305,-1,2305,2310,2311,-1,2305,2311,2303,-1,2303,2311,2312,-1,
  2303,2312,2302,-1,2302,2312,2313,-1,2302,2313,2301,-1,2301,2313,2314,-1,2301,2314,2300,-1,2300,2314,2315,-1,2300,2315,2299,-1,2299,2315,2316,-1,
  2299,2316,2298,-1,2298,2316,2317,-1,2298,2317,2341,-1,2341,2317,2340,-1,2309,2305,2306,-1,2309,2306,2307,-1,2309,2307,2308,-1,2275,2276,2274,-1,
  2274,2276,2277,-1,2274,2277,2273,-1,2273,2277,2278,-1,2273,2278,2271,-1,2271,2278,2279,-1,2271,2279,2270,-1,2270,2279,2280,-1,2270,2280,2269,-1,
  2269,2280,2281,-1,2269,2281,2268,-1,2268,2281,2282,-1,2268,2282,2267,-1,2267,2282,2283,-1,2267,2283,2266,-1,2266,2283,2331,-1,2266,2331,2332,-1,
  2331,2283,2284,-1,2331,2284,2285,-1,2331,2285,2286,-1,2331,2286,2350,-1,2286,2287,2348,-1,2286,2348,2349,-1,2286,2349,2350,-1,2348,2287,2288,-1,
  2348,2288,2289,-1,2348,2289,2290,-1,2348,2290,2347,-1,2346,2347,2290,-1,2346,2290,2291,-1,2346,2291,2292,-1,2346,2292,2293,-1,2346,2293,2294,-1,
  2346,2294,2345,-1,2294,2295,2343,-1,2294,2343,2344,-1,2294,2344,2345,-1,2295,2296,2343,-1,2343,2296,2297,-1,2343,2297,2342,-1,2342,2297,2298,-1,
  2342,2298,2341,-1,723,714,722,-1,722,714,715,-1,722,715,721,-1,721,715,716,-1,721,716,720,-1,720,716,717,-1,720,717,719,-1,
  719,717,718,-1,756,757,752,-1,756,752,754,-1,756,754,755,-1,747,748,749,-1,747,749,750,-1,747,750,751,-1,747,751,746,-1,
  752,757,758,-1,752,758,759,-1,752,759,760,-1,752,760,761,-1,752,761,762,-1,752,762,763,-1,752,763,764,-1,752,764,765,-1,
  752,765,766,-1,752,766,767,-1,752,767,726,-1,752,726,738,-1,752,738,739,-1,752,739,746,-1,752,746,751,-1,740,741,744,-1,
  740,744,745,-1,740,745,746,-1,740,746,739,-1,741,742,743,-1,741,743,744,-1,1788,1789,1787,-1,1787,1789,1730,-1,1787,1730,1786,-1,
  1786,1730,1784,-1,1786,1784,1785,-1,1782,1783,1781,-1,1781,1783,1732,-1,1781,1732,1780,-1,1780,1732,1778,-1,1780,1778,1779,-1,1776,1777,1775,-1,
  1775,1777,1764,-1,1775,1764,1774,-1,1774,1764,1772,-1,1770,1771,1769,-1,1769,1771,1764,-1,1769,1764,1768,-1,1768,1764,1766,-1,1768,1766,1767,-1,
  1751,1752,1747,-1,1751,1747,1749,-1,1751,1749,1750,-1,1742,1743,1744,-1,1742,1744,1745,-1,1742,1745,1746,-1,1742,1746,1741,-1,1747,1752,1753,-1,
  1747,1753,1754,-1,1747,1754,1755,-1,1747,1755,1756,-1,1747,1756,1757,-1,1747,1757,1758,-1,1747,1758,1759,-1,1747,1759,1760,-1,1747,1760,1761,-1,
  1747,1761,1762,-1,1747,1762,1763,-1,1747,1763,1733,-1,1747,1733,1734,-1,1747,1734,1741,-1,1747,1741,1746,-1,1735,1736,1739,-1,1735,1739,1740,-1,
  1735,1740,1741,-1,1735,1741,1734,-1,1736,1737,1738,-1,1736,1738,1739,-1,1764,1777,1778,-1,1764,1778,1732,-1,1764,1732,1733,-1,1764,1733,1763,-1,
  1784,1730,1731,-1,1784,1731,1732,-1,1784,1732,1783,-1,1790,1791,1727,-1,1790,1727,1728,-1,1790,1728,1729,-1,1790,1729,1730,-1,1790,1730,1789,-1,
  735,736,727,-1,727,736,737,-1,727,737,726,-1,726,737,738,-1,728,729,733,-1,728,733,734,-1,728,734,735,-1,728,735,727,-1,
  732,733,729,-1,732,729,730,-1,732,730,731,-1,775,776,778,-1,775,778,779,-1,775,779,780,-1,775,780,781,-1,775,781,782,-1,
  775,782,768,-1,775,768,769,-1,775,769,774,-1,771,772,770,-1,770,772,773,-1,770,773,769,-1,769,773,774,-1,782,783,785,-1,
  782,785,787,-1,782,787,788,-1,782,788,789,-1,782,789,790,-1,782,790,791,-1,782,791,792,-1,782,792,768,-1,818,819,809,-1,
  809,819,820,-1,809,820,807,-1,807,820,793,-1,807,793,806,-1,806,793,794,-1,806,794,805,-1,805,794,804,-1,798,801,797,-1,
  797,801,802,-1,797,802,796,-1,796,802,803,-1,796,803,795,-1,795,803,804,-1,795,804,794,-1,799,800,801,-1,799,801,798,-1,
  818,809,817,-1,817,809,810,-1,817,810,816,-1,816,810,811,-1,816,811,815,-1,815,811,812,-1,815,812,814,-1,814,812,813,-1,
  821,822,909,-1,821,909,910,-1,821,910,895,-1,909,822,823,-1,909,823,824,-1,909,824,825,-1,909,825,908,-1,907,908,825,-1,
  907,825,826,-1,907,826,827,-1,907,827,828,-1,907,828,829,-1,907,829,906,-1,829,830,904,-1,829,904,905,-1,829,905,906,-1,
  860,861,874,-1,860,874,875,-1,860,875,876,-1,860,876,877,-1,860,877,859,-1,862,863,870,-1,862,870,871,-1,862,871,872,-1,
  862,872,873,-1,862,873,874,-1,862,874,861,-1,864,865,868,-1,864,868,869,-1,864,869,870,-1,864,870,863,-1,865,866,867,-1,
  865,867,868,-1,936,937,927,-1,927,937,938,-1,927,938,925,-1,925,938,911,-1,925,911,924,-1,924,911,912,-1,924,912,923,-1,
  923,912,922,-1,916,919,915,-1,915,919,920,-1,915,920,914,-1,914,920,921,-1,914,921,913,-1,913,921,922,-1,913,922,912,-1,
  917,918,919,-1,917,919,916,-1,936,927,935,-1,935,927,928,-1,935,928,934,-1,934,928,929,-1,934,929,933,-1,933,929,930,-1,
  933,930,932,-1,932,930,931,-1,59,51,58,-1,58,51,53,-1,58,53,56,-1,56,53,54,-1,56,54,55,-1,60,61,49,-1,
  60,49,50,-1,60,50,51,-1,60,51,59,-1,48,49,61,-1,48,61,62,-1,48,62,63,-1,48,23,24,-1,48,24,25,-1,
  48,25,47,-1,25,26,35,-1,25,35,36,-1,25,36,37,-1,25,37,38,-1,26,27,33,-1,26,33,34,-1,26,34,35,-1,
  940,941,942,-1,940,942,939,-1,1098,1099,1089,-1,1089,1099,1100,-1,1089,1100,1087,-1,1087,1100,1073,-1,1087,1073,1086,-1,1086,1073,1074,-1,
  1086,1074,1085,-1,1085,1074,1084,-1,1078,1081,1077,-1,1077,1081,1082,-1,1077,1082,1076,-1,1076,1082,1083,-1,1076,1083,1075,-1,1075,1083,1084,-1,
  1075,1084,1074,-1,1079,1080,1081,-1,1079,1081,1078,-1,1098,1089,1097,-1,1097,1089,1090,-1,1097,1090,1096,-1,1096,1090,1091,-1,1096,1091,1095,-1,
  1095,1091,1092,-1,1095,1092,1094,-1,1094,1092,1093,-1,1124,1125,1121,-1,1124,1121,1122,-1,1124,1122,1123,-1,1121,1125,1126,-1,1121,1126,1127,-1,
  1121,1127,1129,-1,1121,1129,1130,-1,1121,1130,1132,-1,1121,1132,1133,-1,1121,1133,1135,-1,1121,1135,1136,-1,1121,1136,1120,-1,1137,1138,1119,-1,
  1137,1119,1120,-1,1137,1120,1136,-1,1117,1118,1140,-1,1140,1118,1119,-1,1140,1119,1139,-1,1139,1119,1138,-1,1117,1140,1141,-1,1117,1141,1142,-1,
  1117,1142,1143,-1,1117,1143,1116,-1,1116,1143,1144,-1,1116,1144,1145,-1,1116,1145,1146,-1,1116,1146,1115,-1,1146,1147,1112,-1,1146,1112,1113,-1,
  1146,1113,1114,-1,1146,1114,1115,-1,1110,1111,1149,-1,1149,1111,1112,-1,1149,1112,1148,-1,1148,1112,1147,-1,1110,1149,1150,-1,1110,1150,1151,-1,
  1110,1151,1152,-1,1110,1152,1109,-1,1152,1153,1106,-1,1152,1106,1107,-1,1152,1107,1108,-1,1152,1108,1109,-1,1106,1153,1103,-1,1106,1103,1104,-1,
  1106,1104,1105,-1,1103,1153,1154,-1,1103,1154,1155,-1,1103,1155,1156,-1,1103,1156,1157,-1,1103,1157,1158,-1,1103,1158,1159,-1,1103,1159,1160,-1,
  1103,1160,1161,-1,1103,1161,1162,-1,1103,1162,1163,-1,1103,1163,1164,-1,1103,1164,1165,-1,1103,1165,1166,-1,1103,1166,1167,-1,1103,1167,1168,-1,
  1103,1168,1169,-1,1103,1169,1170,-1,1103,1170,1171,-1,1103,1171,1172,-1,1103,1172,1173,-1,1103,1173,1174,-1,1103,1174,1175,-1,1103,1175,1176,-1,
  1103,1176,1177,-1,1103,1177,1178,-1,1103,1178,1179,-1,1103,1179,1180,-1,1103,1180,1181,-1,1103,1181,1182,-1,1103,1182,1102,-1,1182,1183,1190,-1,
  1182,1190,1191,-1,1182,1191,1192,-1,1182,1192,1101,-1,1182,1101,1102,-1,1188,1189,1185,-1,1185,1189,1190,-1,1185,1190,1184,-1,1184,1190,1183,-1,
  1186,1187,1188,-1,1186,1188,1185,-1,1195,1196,1194,-1,1194,1196,1206,-1,1194,1206,1285,-1,1285,1206,1207,-1,1285,1207,1284,-1,1284,1207,1208,-1,
  1284,1208,1209,-1,1274,1275,1276,-1,1274,1276,1277,-1,1274,1277,1278,-1,1274,1278,1273,-1,1211,1212,1280,-1,1280,1212,1213,-1,1280,1213,1279,-1,
  1279,1213,1272,-1,1279,1272,1278,-1,1278,1272,1273,-1,1268,1269,1215,-1,1215,1269,1270,-1,1215,1270,1214,-1,1214,1270,1271,-1,1214,1271,1213,-1,
  1213,1271,1272,-1,1210,1211,1280,-1,1210,1280,1281,-1,1210,1281,1282,-1,1210,1282,1209,-1,1283,1284,1209,-1,1283,1209,1282,-1,1197,1198,1199,-1,
  1197,1199,1201,-1,1197,1201,1202,-1,1197,1202,1203,-1,1197,1203,1204,-1,1197,1204,1205,-1,1197,1205,1206,-1,1197,1206,1196,-1,1245,1246,1259,-1,
  1259,1246,1247,-1,1259,1247,1258,-1,1258,1247,1248,-1,1258,1248,1257,-1,1257,1248,1249,-1,1257,1249,1256,-1,1256,1249,1250,-1,1256,1250,1254,-1,
  1254,1250,1251,-1,1254,1251,1252,-1,1259,1260,1245,-1,1245,1260,1261,-1,1245,1261,1244,-1,1244,1261,1262,-1,1244,1262,1243,-1,1243,1262,1219,-1,
  1243,1219,1220,-1,1262,1263,1217,-1,1262,1217,1218,-1,1262,1218,1219,-1,1217,1263,1264,-1,1217,1264,1265,-1,1217,1265,1266,-1,1217,1266,1216,-1,
  1215,1216,1266,-1,1215,1266,1267,-1,1215,1267,1268,-1,1241,1242,1222,-1,1222,1242,1243,-1,1222,1243,1221,-1,1221,1243,1220,-1,1222,1223,1239,-1,
  1222,1239,1240,-1,1222,1240,1241,-1,1224,1225,1235,-1,1224,1235,1236,-1,1224,1236,1237,-1,1224,1237,1238,-1,1224,1238,1239,-1,1224,1239,1223,-1,
  1232,1233,1227,-1,1227,1233,1234,-1,1227,1234,1226,-1,1226,1234,1235,-1,1226,1235,1225,-1,1228,1229,1230,-1,1228,1230,1231,-1,1228,1231,1232,-1,
  1228,1232,1227,-1,1394,1395,1384,-1,1384,1395,1396,-1,1384,1396,1383,-1,1383,1396,1397,-1,1383,1397,1382,-1,1382,1397,1399,-1,1382,1399,1381,-1,
  1381,1399,1483,-1,1381,1483,1484,-1,1388,1391,1387,-1,1387,1391,1392,-1,1387,1392,1386,-1,1386,1392,1393,-1,1386,1393,1385,-1,1385,1393,1394,-1,
  1385,1394,1384,-1,1389,1390,1391,-1,1389,1391,1388,-1,1369,1370,1371,-1,1369,1371,1373,-1,1369,1373,1374,-1,1369,1374,1375,-1,1369,1375,1376,-1,
  1369,1376,1377,-1,1369,1377,1378,-1,1369,1378,1379,-1,1369,1379,1380,-1,1369,1380,1381,-1,1369,1381,1286,-1,1369,1286,1368,-1,1286,1287,1366,-1,
  1286,1366,1367,-1,1286,1367,1368,-1,1364,1365,1289,-1,1289,1365,1366,-1,1289,1366,1288,-1,1288,1366,1287,-1,1363,1364,1289,-1,1363,1289,1290,-1,
  1363,1290,1291,-1,1363,1291,1292,-1,1363,1292,1362,-1,1362,1292,1293,-1,1362,1293,1294,-1,1362,1294,1295,-1,1362,1295,1361,-1,1295,1296,1359,-1,
  1295,1359,1360,-1,1295,1360,1361,-1,1296,1297,1359,-1,1359,1297,1298,-1,1359,1298,1358,-1,1358,1298,1299,-1,1358,1299,1300,-1,1301,1302,1357,-1,
  1301,1357,1358,-1,1301,1358,1300,-1,1355,1356,1304,-1,1304,1356,1357,-1,1304,1357,1303,-1,1303,1357,1302,-1,1355,1304,1305,-1,1355,1305,1306,-1,
  1355,1306,1307,-1,1355,1307,1354,-1,1354,1307,1308,-1,1354,1308,1309,-1,1354,1309,1310,-1,1354,1310,1353,-1,1353,1310,1311,-1,1353,1311,1312,-1,
  1353,1312,1313,-1,1353,1313,1352,-1,1352,1313,1314,-1,1352,1314,1315,-1,1352,1315,1316,-1,1352,1316,1351,-1,1351,1316,1317,-1,1351,1317,1318,-1,
  1351,1318,1319,-1,1351,1319,1350,-1,1350,1319,1320,-1,1350,1320,1321,-1,1350,1321,1322,-1,1350,1322,1349,-1,1349,1322,1323,-1,1349,1323,1324,-1,
  1349,1324,1325,-1,1349,1325,1348,-1,1348,1325,1326,-1,1348,1326,1327,-1,1348,1327,1328,-1,1348,1328,1347,-1,1347,1328,1329,-1,1347,1329,1330,-1,
  1347,1330,1331,-1,1347,1331,1346,-1,1345,1346,1331,-1,1345,1331,1332,-1,1345,1332,1333,-1,1345,1333,1334,-1,1345,1334,1335,-1,1345,1335,1336,-1,
  1345,1336,1337,-1,1345,1337,1344,-1,1344,1337,1338,-1,1344,1338,1339,-1,1344,1339,1340,-1,1344,1340,1343,-1,1341,1342,1343,-1,1341,1343,1340,-1,
  1405,1406,1407,-1,1405,1407,1474,-1,1405,1474,1475,-1,1405,1475,1476,-1,1405,1476,1477,-1,1405,1477,1478,-1,1405,1478,1479,-1,1405,1479,1480,-1,
  1405,1480,1404,-1,1481,1400,1480,-1,1480,1400,1401,-1,1480,1401,1404,-1,1404,1401,1402,-1,1404,1402,1403,-1,1400,1481,1482,-1,1400,1482,1483,-1,
  1400,1483,1399,-1,1485,1286,1381,-1,1485,1381,1484,-1,1407,1471,1472,-1,1407,1472,1473,-1,1407,1473,1474,-1,2061,2062,2052,-1,2052,2062,2063,-1,
  2052,2063,2050,-1,2050,2063,2036,-1,2050,2036,2049,-1,2049,2036,2037,-1,2049,2037,2048,-1,2048,2037,2047,-1,2041,2044,2040,-1,2040,2044,2045,-1,
  2040,2045,2039,-1,2039,2045,2046,-1,2039,2046,2038,-1,2038,2046,2047,-1,2038,2047,2037,-1,2042,2043,2044,-1,2042,2044,2041,-1,2061,2052,2060,-1,
  2060,2052,2053,-1,2060,2053,2059,-1,2059,2053,2054,-1,2059,2054,2058,-1,2058,2054,2055,-1,2058,2055,2057,-1,2057,2055,2056,-1,1487,1488,1486,-1,
  1486,1488,1498,-1,1486,1498,1577,-1,1577,1498,1499,-1,1577,1499,1576,-1,1576,1499,1500,-1,1576,1500,1501,-1,1566,1567,1568,-1,1566,1568,1569,-1,
  1566,1569,1570,-1,1566,1570,1565,-1,1503,1504,1572,-1,1572,1504,1505,-1,1572,1505,1571,-1,1571,1505,1564,-1,1571,1564,1570,-1,1570,1564,1565,-1,
  1560,1561,1507,-1,1507,1561,1562,-1,1507,1562,1506,-1,1506,1562,1563,-1,1506,1563,1505,-1,1505,1563,1564,-1,1502,1503,1572,-1,1502,1572,1573,-1,
  1502,1573,1574,-1,1502,1574,1501,-1,1575,1576,1501,-1,1575,1501,1574,-1,1489,1490,1491,-1,1489,1491,1493,-1,1489,1493,1494,-1,1489,1494,1495,-1,
  1489,1495,1496,-1,1489,1496,1497,-1,1489,1497,1498,-1,1489,1498,1488,-1,1537,1538,1551,-1,1551,1538,1539,-1,1551,1539,1550,-1,1550,1539,1540,-1,
  1550,1540,1549,-1,1549,1540,1541,-1,1549,1541,1548,-1,1548,1541,1542,-1,1548,1542,1546,-1,1546,1542,1543,-1,1546,1543,1544,-1,1551,1552,1537,-1,
  1537,1552,1553,-1,1537,1553,1536,-1,1536,1553,1554,-1,1536,1554,1535,-1,1535,1554,1511,-1,1535,1511,1512,-1,1554,1555,1509,-1,1554,1509,1510,-1,
  1554,1510,1511,-1,1509,1555,1556,-1,1509,1556,1557,-1,1509,1557,1558,-1,1509,1558,1508,-1,1507,1508,1558,-1,1507,1558,1559,-1,1507,1559,1560,-1,
  1533,1534,1514,-1,1514,1534,1535,-1,1514,1535,1513,-1,1513,1535,1512,-1,1514,1515,1531,-1,1514,1531,1532,-1,1514,1532,1533,-1,1516,1517,1527,-1,
  1516,1527,1528,-1,1516,1528,1529,-1,1516,1529,1530,-1,1516,1530,1531,-1,1516,1531,1515,-1,1524,1525,1519,-1,1519,1525,1526,-1,1519,1526,1518,-1,
  1518,1526,1527,-1,1518,1527,1517,-1,1520,1521,1522,-1,1520,1522,1523,-1,1520,1523,1524,-1,1520,1524,1519,-1,1648,1649,1643,-1,1648,1643,1644,-1,
  1648,1644,1646,-1,1614,1616,1618,-1,1614,1618,1619,-1,1614,1619,1621,-1,1611,1613,1621,-1,1611,1621,1622,-1,1611,1622,1624,-1,1608,1610,1624,-1,
  1607,1624,1605,-1,1624,1625,1605,-1,1605,1625,1627,-1,1605,1627,1604,-1,1604,1627,1602,-1,1604,1602,1603,-1,1627,1628,1602,-1,1602,1628,1630,-1,
  1602,1630,1601,-1,1601,1630,1599,-1,1601,1599,1600,-1,1597,1598,1596,-1,1596,1598,1630,-1,1596,1630,1595,-1,1595,1630,1593,-1,1595,1593,1594,-1,
  1591,1592,1590,-1,1590,1592,1637,-1,1590,1637,1589,-1,1589,1637,1587,-1,1589,1587,1588,-1,1585,1586,1584,-1,1584,1586,1637,-1,1584,1637,1583,-1,
  1583,1637,1581,-1,1583,1581,1582,-1,1888,1889,1637,-1,1637,1889,1578,-1,1637,1578,1580,-1,1580,1578,1579,-1,1714,1715,1704,-1,1704,1715,1716,-1,
  1704,1716,1703,-1,1703,1716,1717,-1,1703,1717,1702,-1,1702,1717,1719,-1,1702,1719,1701,-1,1701,1719,1803,-1,1701,1803,1804,-1,1708,1711,1707,-1,
  1707,1711,1712,-1,1707,1712,1706,-1,1706,1712,1713,-1,1706,1713,1705,-1,1705,1713,1714,-1,1705,1714,1704,-1,1709,1710,1711,-1,1709,1711,1708,-1,
  1689,1690,1691,-1,1689,1691,1693,-1,1689,1693,1694,-1,1689,1694,1695,-1,1689,1695,1696,-1,1689,1696,1697,-1,1689,1697,1698,-1,1689,1698,1699,-1,
  1689,1699,1700,-1,1689,1700,1701,-1,1689,1701,1806,-1,1689,1806,1688,-1,1806,1807,1686,-1,1806,1686,1687,-1,1806,1687,1688,-1,1684,1685,1809,-1,
  1809,1685,1686,-1,1809,1686,1808,-1,1808,1686,1807,-1,1683,1684,1809,-1,1683,1809,1810,-1,1683,1810,1811,-1,1683,1811,1812,-1,1683,1812,1682,-1,
  1682,1812,1813,-1,1682,1813,1814,-1,1682,1814,1815,-1,1682,1815,1681,-1,1815,1816,1679,-1,1815,1679,1680,-1,1815,1680,1681,-1,1816,1817,1679,-1,
  1679,1817,1818,-1,1679,1818,1678,-1,1678,1818,1819,-1,1678,1819,1820,-1,1821,1822,1677,-1,1821,1677,1678,-1,1821,1678,1820,-1,1675,1676,1824,-1,
  1824,1676,1677,-1,1824,1677,1823,-1,1823,1677,1822,-1,1675,1824,1825,-1,1675,1825,1826,-1,1675,1826,1827,-1,1675,1827,1674,-1,1674,1827,1828,-1,
  1674,1828,1829,-1,1674,1829,1830,-1,1674,1830,1673,-1,1673,1830,1831,-1,1673,1831,1832,-1,1673,1832,1833,-1,1673,1833,1672,-1,1672,1833,1834,-1,
  1672,1834,1835,-1,1672,1835,1836,-1,1672,1836,1671,-1,1671,1836,1837,-1,1671,1837,1838,-1,1671,1838,1839,-1,1671,1839,1670,-1,1670,1839,1840,-1,
  1670,1840,1841,-1,1670,1841,1842,-1,1670,1842,1669,-1,1669,1842,1843,-1,1669,1843,1844,-1,1669,1844,1845,-1,1669,1845,1668,-1,1668,1845,1846,-1,
  1668,1846,1847,-1,1668,1847,1848,-1,1668,1848,1667,-1,1667,1848,1849,-1,1667,1849,1850,-1,1667,1850,1851,-1,1667,1851,1666,-1,1665,1666,1851,-1,
  1665,1851,1852,-1,1665,1852,1853,-1,1665,1853,1854,-1,1665,1854,1855,-1,1665,1855,1856,-1,1665,1856,1857,-1,1665,1857,1664,-1,1664,1857,1858,-1,
  1664,1858,1859,-1,1664,1859,1860,-1,1664,1860,1663,-1,1662,1663,1860,-1,1662,1860,1861,-1,1662,1861,1862,-1,1662,1862,1863,-1,1662,1863,1661,-1,
  1661,1863,1864,-1,1661,1864,1865,-1,1661,1865,1866,-1,1661,1866,1660,-1,1660,1866,1867,-1,1660,1867,1868,-1,1660,1868,1869,-1,1660,1869,1659,-1,
  1658,1659,1869,-1,1658,1869,1870,-1,1658,1870,1871,-1,1658,1871,1872,-1,1658,1872,1657,-1,1656,1657,1872,-1,1656,1872,1873,-1,1656,1873,1874,-1,
  1656,1874,1875,-1,1656,1875,1655,-1,1875,1876,1650,-1,1875,1650,1651,-1,1875,1651,1652,-1,1875,1652,1653,-1,1875,1653,1654,-1,1875,1654,1655,-1,
  1649,1650,1876,-1,1649,1876,1637,-1,1649,1639,1640,-1,1649,1640,1641,-1,1637,1876,1877,-1,1637,1877,1878,-1,1637,1878,1879,-1,1637,1879,1880,-1,
  1637,1880,1881,-1,1637,1881,1882,-1,1637,1882,1883,-1,1637,1883,1884,-1,1637,1884,1885,-1,1637,1885,1886,-1,1637,1886,1887,-1,1637,1887,1888,-1,
  1593,1630,1631,-1,1593,1631,1632,-1,1593,1632,1633,-1,1593,1633,1634,-1,1593,1634,1635,-1,1593,1635,1636,-1,1593,1636,1637,-1,1593,1637,1592,-1,
  1725,1726,1727,-1,1725,1727,1794,-1,1725,1794,1795,-1,1725,1795,1796,-1,1725,1796,1797,-1,1725,1797,1798,-1,1725,1798,1799,-1,1725,1799,1800,-1,
  1725,1800,1724,-1,1801,1720,1800,-1,1800,1720,1721,-1,1800,1721,1724,-1,1724,1721,1722,-1,1724,1722,1723,-1,1720,1801,1802,-1,1720,1802,1803,-1,
  1720,1803,1719,-1,1805,1806,1701,-1,1805,1701,1804,-1,1727,1791,1792,-1,1727,1792,1793,-1,1727,1793,1794,-1,1920,1921,1916,-1,1920,1916,1918,-1,
  1920,1918,1919,-1,1911,1912,1913,-1,1911,1913,1914,-1,1911,1914,1915,-1,1911,1915,1910,-1,1916,1921,1922,-1,1916,1922,1923,-1,1916,1923,1924,-1,
  1916,1924,1925,-1,1916,1925,1926,-1,1916,1926,1927,-1,1916,1927,1928,-1,1916,1928,1929,-1,1916,1929,1930,-1,1916,1930,1931,-1,1916,1931,1890,-1,
  1916,1890,1902,-1,1916,1902,1903,-1,1916,1903,1910,-1,1916,1910,1915,-1,1904,1905,1908,-1,1904,1908,1909,-1,1904,1909,1910,-1,1904,1910,1903,-1,
  1905,1906,1907,-1,1905,1907,1908,-1,1899,1900,1891,-1,1891,1900,1901,-1,1891,1901,1890,-1,1890,1901,1902,-1,1892,1893,1897,-1,1892,1897,1898,-1,
  1892,1898,1899,-1,1892,1899,1891,-1,1896,1897,1893,-1,1896,1893,1894,-1,1896,1894,1895,-1,2003,2004,2005,-1,2003,2005,1999,-1,2003,1999,2000,-1,
  2003,2000,2001,-1,2003,2001,2002,-1,1985,1986,1987,-1,1985,1987,1984,-1,2009,1994,2008,-1,2008,1994,1995,-1,2008,1995,2007,-1,2007,1995,1996,-1,
  2007,1996,2006,-1,2006,1996,1997,-1,2006,1997,2005,-1,2005,1997,1998,-1,2005,1998,1999,-1,2094,2095,2090,-1,2094,2090,2092,-1,2094,2092,2093,-1,
  2085,2086,2087,-1,2085,2087,2088,-1,2085,2088,2089,-1,2085,2089,2084,-1,2090,2095,2096,-1,2090,2096,2097,-1,2090,2097,2098,-1,2090,2098,2099,-1,
  2090,2099,2100,-1,2090,2100,2101,-1,2090,2101,2102,-1,2090,2102,2103,-1,2090,2103,2104,-1,2090,2104,2105,-1,2090,2105,2064,-1,2090,2064,2076,-1,
  2090,2076,2077,-1,2090,2077,2084,-1,2090,2084,2089,-1,2078,2079,2082,-1,2078,2082,2083,-1,2078,2083,2084,-1,2078,2084,2077,-1,2079,2080,2081,-1,
  2079,2081,2082,-1,2073,2074,2065,-1,2065,2074,2075,-1,2065,2075,2064,-1,2064,2075,2076,-1,2066,2067,2071,-1,2066,2071,2072,-1,2066,2072,2073,-1,
  2066,2073,2065,-1,2070,2071,2067,-1,2070,2067,2068,-1,2070,2068,2069,-1,2140,2141,2142,-1,2140,2142,2143,-1,2140,2143,2144,-1,2140,2144,2139,-1,
  2138,2139,2144,-1,2138,2144,2145,-1,2138,2145,2146,-1,2138,2146,2147,-1,2138,2147,2148,-1,2138,2148,2137,-1,2136,2137,2148,-1,2136,2148,2149,-1,
  2136,2149,2150,-1,2136,2150,2151,-1,2136,2151,2135,-1,2134,2135,2151,-1,2134,2151,2152,-1,2134,2152,2153,-1,2134,2153,2154,-1,2134,2154,2190,-1,
  2134,2190,2133,-1,2108,2109,2122,-1,2122,2109,2110,-1,2122,2110,2121,-1,2121,2110,2111,-1,2121,2111,2120,-1,2120,2111,2112,-1,2120,2112,2119,-1,
  2119,2112,2113,-1,2119,2113,2117,-1,2117,2113,2114,-1,2117,2114,2115,-1,2122,2123,2108,-1,2108,2123,2124,-1,2108,2124,2107,-1,2107,2124,2125,-1,
  2107,2125,2106,-1,2106,2125,2180,-1,2106,2180,2181,-1,2125,2126,2194,-1,2125,2194,2195,-1,2125,2195,2180,-1,2194,2126,2127,-1,2194,2127,2128,-1,
  2194,2128,2129,-1,2194,2129,2193,-1,2192,2193,2129,-1,2192,2129,2130,-1,2192,2130,2131,-1,2192,2131,2132,-1,2192,2132,2133,-1,2192,2133,2191,-1,
  2154,2155,2168,-1,2154,2168,2169,-1,2154,2169,2170,-1,2154,2170,2171,-1,2154,2171,2189,-1,2154,2189,2190,-1,2186,2187,2172,-1,2172,2187,2188,-1,
  2172,2188,2171,-1,2171,2188,2189,-1,2156,2157,2166,-1,2156,2166,2167,-1,2156,2167,2168,-1,2156,2168,2155,-1,2166,2157,2165,-1,2165,2157,2159,-1,
  2165,2159,2163,-1,2163,2159,2160,-1,2163,2160,2161,-1,2178,2179,2183,-1,2183,2179,2106,-1,2183,2106,2182,-1,2182,2106,2181,-1,2183,2184,2176,-1,
  2183,2176,2177,-1,2183,2177,2178,-1,2185,2186,2172,-1,2185,2172,2173,-1,2185,2173,2174,-1,2185,2174,2175,-1,2185,2175,2176,-1,2185,2176,2184,-1,
  2221,2222,2212,-1,2212,2222,2223,-1,2212,2223,2210,-1,2210,2223,2196,-1,2210,2196,2209,-1,2209,2196,2197,-1,2209,2197,2208,-1,2208,2197,2207,-1,
  2201,2204,2200,-1,2200,2204,2205,-1,2200,2205,2199,-1,2199,2205,2206,-1,2199,2206,2198,-1,2198,2206,2207,-1,2198,2207,2197,-1,2202,2203,2204,-1,
  2202,2204,2201,-1,2221,2212,2220,-1,2220,2212,2213,-1,2220,2213,2219,-1,2219,2213,2214,-1,2219,2214,2218,-1,2218,2214,2215,-1,2218,2215,2217,-1,
  2217,2215,2216,-1,2254,2255,2250,-1,2254,2250,2252,-1,2254,2252,2253,-1,2245,2246,2247,-1,2245,2247,2248,-1,2245,2248,2249,-1,2245,2249,2244,-1,
  2250,2255,2256,-1,2250,2256,2257,-1,2250,2257,2258,-1,2250,2258,2259,-1,2250,2259,2260,-1,2250,2260,2261,-1,2250,2261,2262,-1,2250,2262,2263,-1,
  2250,2263,2264,-1,2250,2264,2265,-1,2250,2265,2224,-1,2250,2224,2236,-1,2250,2236,2237,-1,2250,2237,2244,-1,2250,2244,2249,-1,2238,2239,2242,-1,
  2238,2242,2243,-1,2238,2243,2244,-1,2238,2244,2237,-1,2239,2240,2241,-1,2239,2241,2242,-1,2233,2234,2225,-1,2225,2234,2235,-1,2225,2235,2224,-1,
  2224,2235,2236,-1,2226,2227,2231,-1,2226,2231,2232,-1,2226,2232,2233,-1,2226,2233,2225,-1,2230,2231,2227,-1,2230,2227,2228,-1,2230,2228,2229,-1,
  2332,2333,2328,-1,2332,2328,2329,-1,2332,2329,2330,-1,2332,2330,2266,-1,2326,2327,2335,-1,2335,2327,2328,-1,2335,2328,2334,-1,2334,2328,2333,-1,
  2335,2336,2324,-1,2335,2324,2325,-1,2335,2325,2326,-1,2337,2338,2320,-1,2337,2320,2321,-1,2337,2321,2322,-1,2337,2322,2323,-1,2337,2323,2324,-1,
  2337,2324,2336,-1,2318,2319,2340,-1,2340,2319,2320,-1,2340,2320,2339,-1,2339,2320,2338,-1,2381,2382,2377,-1,2381,2377,2379,-1,2381,2379,2380,-1,
  2372,2373,2374,-1,2372,2374,2375,-1,2372,2375,2376,-1,2372,2376,2371,-1,2377,2382,2383,-1,2377,2383,2384,-1,2377,2384,2385,-1,2377,2385,2386,-1,
  2377,2386,2387,-1,2377,2387,2388,-1,2377,2388,2389,-1,2377,2389,2390,-1,2377,2390,2391,-1,2377,2391,2392,-1,2377,2392,2351,-1,2377,2351,2363,-1,
  2377,2363,2364,-1,2377,2364,2371,-1,2377,2371,2376,-1,2365,2366,2369,-1,2365,2369,2370,-1,2365,2370,2371,-1,2365,2371,2364,-1,2366,2367,2368,-1,
  2366,2368,2369,-1,2360,2361,2352,-1,2352,2361,2362,-1,2352,2362,2351,-1,2351,2362,2363,-1,2353,2354,2358,-1,2353,2358,2359,-1,2353,2359,2360,-1,
  2353,2360,2352,-1,2357,2358,2354,-1,2357,2354,2355,-1,2357,2355,2356,-1,2427,2428,2429,-1,2427,2429,2430,-1,2427,2430,2431,-1,2427,2431,2426,-1,
  2425,2426,2431,-1,2425,2431,2432,-1,2425,2432,2433,-1,2425,2433,2434,-1,2425,2434,2435,-1,2425,2435,2424,-1,2423,2424,2435,-1,2423,2435,2436,-1,
  2423,2436,2437,-1,2423,2437,2438,-1,2423,2438,2422,-1,2421,2422,2438,-1,2421,2438,2439,-1,2421,2439,2440,-1,2421,2440,2441,-1,2421,2441,2477,-1,
  2421,2477,2420,-1,2395,2396,2409,-1,2409,2396,2397,-1,2409,2397,2408,-1,2408,2397,2398,-1,2408,2398,2407,-1,2407,2398,2399,-1,2407,2399,2406,-1,
  2406,2399,2400,-1,2406,2400,2404,-1,2404,2400,2401,-1,2404,2401,2402,-1,2409,2410,2395,-1,2395,2410,2411,-1,2395,2411,2394,-1,2394,2411,2412,-1,
  2394,2412,2393,-1,2393,2412,2467,-1,2393,2467,2468,-1,2412,2413,2481,-1,2412,2481,2482,-1,2412,2482,2467,-1,2481,2413,2414,-1,2481,2414,2415,-1,
  2481,2415,2416,-1,2481,2416,2480,-1,2479,2480,2416,-1,2479,2416,2417,-1,2479,2417,2418,-1,2479,2418,2419,-1,2479,2419,2420,-1,2479,2420,2478,-1,
  2441,2442,2455,-1,2441,2455,2456,-1,2441,2456,2457,-1,2441,2457,2458,-1,2441,2458,2476,-1,2441,2476,2477,-1,2473,2474,2459,-1,2459,2474,2475,-1,
  2459,2475,2458,-1,2458,2475,2476,-1,2443,2444,2453,-1,2443,2453,2454,-1,2443,2454,2455,-1,2443,2455,2442,-1,2453,2444,2452,-1,2452,2444,2446,-1,
  2452,2446,2450,-1,2450,2446,2447,-1,2450,2447,2448,-1,2465,2466,2470,-1,2470,2466,2393,-1,2470,2393,2469,-1,2469,2393,2468,-1,2470,2471,2463,-1,
  2470,2463,2464,-1,2470,2464,2465,-1,2472,2473,2459,-1,2472,2459,2460,-1,2472,2460,2461,-1,2472,2461,2462,-1,2472,2462,2463,-1,2472,2463,2471,-1,
  2494,2495,2496,-1,2494,2496,2483,-1,2494,2483,2484,-1,2494,2484,2485,-1,2494,2485,2493,-1,2493,2485,2486,-1,2493,2486,2487,-1,2493,2487,2488,-1,
  2493,2488,2489,-1,2493,2489,2490,-1,2493,2490,2491,-1,2493,2491,2492,-1,2501,2502,2496,-1,2501,2496,2497,-1,2501,2497,2498,-1,2501,2498,2499,-1,
  2501,2499,2500,-1,2528,2529,2519,-1,2519,2529,2530,-1,2519,2530,2517,-1,2517,2530,2503,-1,2517,2503,2516,-1,2516,2503,2504,-1,2516,2504,2515,-1,
  2515,2504,2514,-1,2508,2511,2507,-1,2507,2511,2512,-1,2507,2512,2506,-1,2506,2512,2513,-1,2506,2513,2505,-1,2505,2513,2514,-1,2505,2514,2504,-1,
  2509,2510,2511,-1,2509,2511,2508,-1,2528,2519,2527,-1,2527,2519,2520,-1,2527,2520,2526,-1,2526,2520,2521,-1,2526,2521,2525,-1,2525,2521,2522,-1,
  2525,2522,2524,-1,2524,2522,2523,-1,2532,2533,2531,-1,2531,2533,2543,-1,2531,2543,2622,-1,2622,2543,2544,-1,2622,2544,2621,-1,2621,2544,2545,-1,
  2621,2545,2546,-1,2611,2612,2613,-1,2611,2613,2614,-1,2611,2614,2615,-1,2611,2615,2610,-1,2548,2549,2617,-1,2617,2549,2550,-1,2617,2550,2616,-1,
  2616,2550,2609,-1,2616,2609,2615,-1,2615,2609,2610,-1,2605,2606,2552,-1,2552,2606,2607,-1,2552,2607,2551,-1,2551,2607,2608,-1,2551,2608,2550,-1,
  2550,2608,2609,-1,2547,2548,2617,-1,2547,2617,2618,-1,2547,2618,2619,-1,2547,2619,2546,-1,2620,2621,2546,-1,2620,2546,2619,-1,2534,2535,2536,-1,
  2534,2536,2538,-1,2534,2538,2539,-1,2534,2539,2540,-1,2534,2540,2541,-1,2534,2541,2542,-1,2534,2542,2543,-1,2534,2543,2533,-1,2582,2583,2596,-1,
  2596,2583,2584,-1,2596,2584,2595,-1,2595,2584,2585,-1,2595,2585,2594,-1,2594,2585,2586,-1,2594,2586,2593,-1,2593,2586,2587,-1,2593,2587,2591,-1,
  2591,2587,2588,-1,2591,2588,2589,-1,2596,2597,2582,-1,2582,2597,2598,-1,2582,2598,2581,-1,2581,2598,2599,-1,2581,2599,2580,-1,2580,2599,2556,-1,
  2580,2556,2557,-1,2599,2600,2554,-1,2599,2554,2555,-1,2599,2555,2556,-1,2554,2600,2601,-1,2554,2601,2602,-1,2554,2602,2603,-1,2554,2603,2553,-1,
  2552,2553,2603,-1,2552,2603,2604,-1,2552,2604,2605,-1,2578,2579,2559,-1,2559,2579,2580,-1,2559,2580,2558,-1,2558,2580,2557,-1,2559,2560,2576,-1,
  2559,2576,2577,-1,2559,2577,2578,-1,2561,2562,2572,-1,2561,2572,2573,-1,2561,2573,2574,-1,2561,2574,2575,-1,2561,2575,2576,-1,2561,2576,2560,-1,
  2569,2570,2564,-1,2564,2570,2571,-1,2564,2571,2563,-1,2563,2571,2572,-1,2563,2572,2562,-1,2565,2566,2567,-1,2565,2567,2568,-1,2565,2568,2569,-1,
  2565,2569,2564,-1,2672,2673,2664,-1,2664,2673,2674,-1,2664,2674,2662,-1,2662,2674,2648,-1,2662,2648,2661,-1,2661,2648,2649,-1,2661,2649,2660,-1,
  2660,2649,2659,-1,2653,2656,2652,-1,2652,2656,2657,-1,2652,2657,2651,-1,2651,2657,2658,-1,2651,2658,2650,-1,2650,2658,2659,-1,2650,2659,2649,-1,
  2654,2655,2656,-1,2654,2656,2653,-1,952,953,944,-1,944,953,954,-1,944,954,943,-1,943,954,955,-1,945,946,950,-1,945,950,951,-1,
  945,951,952,-1,945,952,944,-1,949,950,946,-1,949,946,947,-1,949,947,948,-1,2665,2666,2670,-1,2670,2666,2667,-1,2670,2667,2669,-1,
  2669,2667,2668,-1,2671,2672,2664,-1,2671,2664,2665,-1,2671,2665,2670,-1,2664,2662,2663,-1,2538,2536,2537,-1,2591,2589,2590,-1,2593,2591,2592,-1,
  2519,2517,2518,-1,2483,2496,2502,-1,2452,2450,2451,-1,2450,2448,2449,-1,2404,2402,2403,-1,2446,2444,2445,-1,2420,2477,2478,-1,2406,2404,2405,-1,
  2378,2379,2377,-1,2305,2303,2304,-1,2340,2317,2318,-1,2251,2252,2250,-1,2212,2210,2211,-1,2165,2163,2164,-1,2163,2161,2162,-1,2117,2115,2116,-1,
  2159,2157,2158,-1,2133,2190,2191,-1,2119,2117,2118,-1,2091,2092,2090,-1,1917,1918,1916,-1,1621,1619,1620,-1,1624,1622,1623,-1,1627,1625,1626,-1,
  1630,1628,1629,-1,1599,1630,1598,-1,1693,1691,1692,-1,1719,1717,1718,-1,1587,1637,1586,-1,1581,1637,1580,-1,1493,1491,1492,-1,1546,1544,1545,-1,
  1548,1546,1547,-1,2052,2050,2051,-1,1373,1371,1372,-1,1399,1397,1398,-1,1201,1199,1200,-1,1254,1252,1253,-1,1256,1254,1255,-1,1101,1192,1193,-1,
  1135,1133,1134,-1,1132,1130,1131,-1,1129,1127,1128,-1,1089,1087,1088,-1,29,27,28,-1,27,32,33,-1,53,51,52,-1,58,56,57,-1,
  927,925,926,-1,904,830,903,-1,809,807,808,-1,784,785,783,-1,778,776,777,-1,787,785,786,-1,1772,1764,1771,-1,1748,1749,1747,-1,
  1765,1766,1764,-1,753,754,752,-1,714,712,713,-1,2273,2271,2272,-1,468,466,467,-1,413,440,412,-1,407,440,406,-1,502,500,501,-1,
  499,497,498,-1,496,494,495,-1,386,387,385,-1,347,345,346,-1,322,323,321,-1,316,314,315,-1,325,323,324,-1,1452,1444,1451,-1,
  1428,1429,1427,-1,1445,1446,1444,-1,291,292,290,-1,1989,1987,1988,-1,1945,1943,1944,-1,1958,1956,1957,-1,1966,1932,1933,-1,1960,1958,1959,-1,
  651,649,650,-1,607,605,606,-1,620,618,619,-1,628,594,595,-1,622,620,621,-1,220,218,219,-1,150,148,149,-1,119,120,118,-1,
  189,190,188,-1,80,78,79,-1,2639,2640,2638,-1,2633,2631,2632,-1,2642,2640,2641,-1,1046,1044,1045,-1,1048,1046,1047,-1,884,882,883,-1,
  1062,1060,1061,-1,889,887,888,-1,970,971,969,-1]
  normalPerVertex TRUE
  normal DEF NORM_97 Normal { vector [
  0 0 1,0 0 1,
  0 0 1,0 0 1,
  0 0 1,0 0 1,
  0 0 1,0 0 1,
  0 0 1,0 0 1,
  0 0 1,0 0 1,
  0 0 1,0 0 1,
  0 0 1,0 0 1,
  0 0 1,0 0 1,
  0 0 1,0 0 1,
  0 0 1,0 0 1,
  0 0 1,0 0 1,
  0 0 1,0 0 1,
  0 0 1,0 0 1,
  0 0 1,0 0 1,
  0 0 1,0 0 1,
  0 0 1,0 0 1,
  0 0 1,0 0 1,
  0 0 1,0 0 1,
  0 0 1,0 0 1,
  0 0 1,0 0 1,
  0 0 1,0 0 1,
  0 0 1,0 0 1,
  0 0 1,0 0 1,
  0 0 1,0 0 1,
  0 0 1,0 0 1,
  0 0 1,0 0 1,
  0 0 1,0 0 1,
  0 0 1,0 0 1,
  0 0 1,0 0 1,
  0 0 1,0 0 1,
  0 0 1,0 0 1,
  0 0 1,0 0 1,
  0 0 1,0 0 1,
  0 0 1,0 0 1,
  0 0 1,0 0 1,
  0 0 1,0 0 1,
  0 0 1,0 0 1,
  0 0 1,0 0 1,
  0 0 1,0 0 1,
  0 0 1,0 0 1,
  0 0 1,0 0 1,
  0 0 1,0 0 1,
  0 0 1,0 0 1,
  0 0 1,0 0 1,
  0 0 1,0 0 1,
  0 0 1,0 0 1,
  0 0 1,0 0 1,
  0 0 1,0 0 1,
  0 0 1,0 0 1,
  0 0 1,0 0 1,
  0 0 1,0 0 1,
  0 0 1,0 0 1,
  0 0 1,0 0 1,
  0 0 1,0 0 1,
  0 0 1,0 0 1,
  0 0 1,0 0 1,
  0 0 1,0 0 1,
  0 0 1,0 0 1,
  0 0 1,0 0 1,
  0 0 1,0 0 1,
  0 0 1,0 0 1,
  0 0 1,0 0 1,
  0 0 1,0 0 1,
  0 0 1,0 0 1,
  0 0 1,0 0 1,
  0 0 1,0 0 1,
  0 0 1,0 0 1,
  0 0 1,0 0 1,
  0 0 1,0 0 1,
  0 0 1,0 0 1,
  0 0 1,0 0 1,
  0 0 1,0 0 1,
  0 0 1,0 0 1,
  0 0 1,0 0 1,
  0 0 1,0 0 1,
  0 0 1,0 0 1,
  0 0 1,0 0 1,
  0 0 1,0 0 1,
  0 0 1,0 0 1,
  0 0 1,0 0 1,
  0 0 1,0 0 1,
  0 0 1,0 0 1,
  0 0 1,0 0 1,
  0 0 1,0 0 1,
  0 0 1,0 0 1,
  0 0 1,0 0 1,
  0 0 1,0 0 1,
  0 0 1,0 0 1,
  0 0 1,0 0 1,
  0 0 1,0 0 1,
  0 0 1,0 0 1,
  0 0 1,0 0 1,
  0 0 1,0 0 1,
  0 0 1,0 0 1,
  0 0 1,0 0 1,
  0 0 1,0 0 1,
  0 0 1,0 0 1,
  0 0 1,0 0 1,
  0 0 1,0 0 1,
  0 0 1,0 0 1,
  0 0 1,0 0 1,
  0 0 1,0 0 1,
  0 0 1,0 0 1,
  0 0 1,0 0 1,
  0 0 1,0 0 1,
  0 0 1,0 0 1,
  0 0 1,0 0 1,
  0 0 1,0 0 1,
  0 0 1,0 0 1,
  0 0 1,0 0 1,
  0 0 1,0 0 1,
  0 0 1,0 0 1,
  0 0 1,0 0 1,
  0 0 1,0 0 1,
  0 0 1,0 0 1,
  0 0 1,0 0 1,
  0 0 1,0 0 1,
  0 0 1,0 0 1,
  0 0 1,0 0 1,
  0 0 1,0 0 1,
  0 0 1,0 0 1,
  0 0 1,0 0 1,
  0 0 1,0 0 1,
  0 0 1,0 0 1,
  0 0 1,0 0 1,
  0 0 1,0 0 1,
  0 0 1,0 0 1,
  0 0 1,0 0 1,
  0 0 1,0 0 1,
  0 0 1,0 0 1,
  0 0 1,0 0 1,
  0 0 1,0 0 1,
  0 0 1,0 0 1,
  0 0 1,0 0 1,
  0 0 1,0 0 1,
  0 0 1,0 0 1,
  0 0 1,0 0 1,
  0 0 1,0 0 1,
  0 0 1,0 0 1,
  0 0 1,0 0 1,
  0 0 1,0 0 1,
  0 0 1,0 0 1,
  0 0 1,0 0 1,
  0 0 1,0 0 1,
  0 0 1,0 0 1,
  0 0 1,0 0 1,
  0 0 1,0 0 1,
  0 0 1,0 0 1,
  0 0 1,0 0 1,
  0 0 1,0 0 1,
  0 0 1,0 0 1,
  0 0 1,0 0 1,
  0 0 1,0 0 1,
  0 0 1,0 0 1,
  0 0 1,0 0 1,
  0 0 1,0 0 1,
  0 0 1,0 0 1,
  0 0 1,0 0 1,
  0 0 1,0 0 1,
  0 0 1,0 0 1,
  0 0 1,0 0 1,
  0 0 1,0 0 1,
  0 0 1,0 0 1,
  0 0 1,0 0 1,
  0 0 1,0 0 1,
  0 0 1,0 0 1,
  0 0 1,0 0 1,
  0 0 1,0 0 1,
  0 0 1,0 0 1,
  0 0 1,0 0 1,
  0 0 1,0 0 1,
  0 0 1,0 0 1,
  0 0 1,0 0 1,
  0 0 1,0 0 1,
  0 0 1,0 0 1,
  0 0 1,0 0 1,
  0 0 1,0 0 1,
  0 0 1,0 0 1,
  0 0 1,0 0 1,
  0 0 1,0 0 1,
  0 0 1,0 0 1,
  0 0 1,0 0 1,
  0 0 1,0 0 1,
  0 0 1,0 0 1,
  0 0 1,0 0 1,
  0 0 1,0 0 1,
  0 0 1,0 0 1,
  0 0 1,0 0 1,
  0 0 1,0 0 1,
  0 0 1,0 0 1,
  0 0 1,0 0 1,
  0 0 1,0 0 1,
  0 0 1,0 0 1,
  0 0 1,0 0 1,
  0 0 1,0 0 1,
  0 0 1,0 0 1,
  0 0 1,0 0 1,
  0 0 1,0 0 1,
  0 0 1,0 0 1,
  0 0 1,0 0 1,
  0 0 1,0 0 1,
  0 0 1,0 0 1,
  0 0 1,0 0 1,
  0 0 1,0 0 1,
  0 0 1,0 0 1,
  0 0 1,0 0 1,
  0 0 1,0 0 1,
  0 0 1,0 0 1,
  0 0 1,0 0 1,
  0 0 1,0 0 1,
  0 0 1,0 0 1,
  0 0 1,0 0 1,
  0 0 1,0 0 1,
  0 0 1,0 0 1,
  0 0 1,0 0 1,
  0 0 1,0 0 1,
  0 0 1,0 0 1,
  0 0 1,0 0 1,
  0 0 1,0 0 1,
  0 0 1,0 0 1,
  0 0 1,0 0 1,
  0 0 1,0 0 1,
  0 0 1,0 0 1,
  0 0 1,0 0 1,
  0 0 1,0 0 1,
  0 0 1,0 0 1,
  0 0 1,0 0 1,
  0 0 1,0 0 1,
  0 0 1,0 0 1,
  0 0 1,0 0 1,
  0 0 1,0 0 1,
  0 0 1,0 0 1,
  0 0 1,0 0 1,
  0 0 1,0 0 1,
  0 0 1,0 0 1,
  0 0 1,0 0 1,
  0 0 1,0 0 1,
  0 0 1,0 0 1,
  0 0 1,0 0 1,
  0 0 1,0 0 1,
  0 0 1,0 0 1,
  0 0 1,0 0 1,
  0 0 1,0 0 1,
  0 0 1,0 0 1,
  0 0 1,0 0 1,
  0 0 1,0 0 1,
  0 0 1,0 0 1,
  0 0 1,0 0 1,
  0 0 1,0 0 1,
  0 0 1,0 0 1,
  0 0 1,0 0 1,
  0 0 1,0 0 1,
  0 0 1,0 0 1,
  0 0 1,0 0 1,
  0 0 1,0 0 1,
  0 0 1,0 0 1,
  0 0 1,0 0 1,
  0 0 1,0 0 1,
  0 0 1,0 0 1,
  0 0 1,0 0 1,
  0 0 1,0 0 1,
  0 0 1,0 0 1,
  0 0 1,0 0 1,
  0 0 1,0 0 1,
  0 0 1,0 0 1,
  0 0 1,0 0 1,
  0 0 1,0 0 1,
  0 0 1,0 0 1,
  0 0 1,0 0 1,
  0 0 1,0 0 1,
  0 0 1,0 0 1,
  0 0 1,0 0 1,
  0 0 1,0 0 1,
  0 0 1,0 0 1,
  0 0 1,0 0 1,
  0 0 1,0 0 1,
  0 0 1,0 0 1,
  0 0 1,0 0 1,
  0 0 1,0 0 1,
  0 0 1,0 0 1,
  0 0 1,0 0 1,
  0 0 1,0 0 1,
  0 0 1,0 0 1,
  0 0 1,0 0 1,
  0 0 1,0 0 1,
  0 0 1,0 0 1,
  0 0 1,0 0 1,
  0 0 1,0 0 1,
  0 0 1,0 0 1,
  0 0 1,0 0 1,
  0 0 1,0 0 1,
  0 0 1,0 0 1,
  0 0 1,0 0 1,
  0 0 1,0 0 1,
  0 0 1,0 0 1,
  0 0 1,0 0 1,
  0 0 1,0 0 1,
  0 0 1,0 0 1,
  0 0 1,0 0 1,
  0 0 1,0 0 1,
  0 0 1,0 0 1,
  0 0 1,0 0 1,
  0 0 1,0 0 1,
  0 0 1,0 0 1,
  0 0 1,0 0 1,
  0 0 1,0 0 1,
  0 0 1,0 0 1,
  0 0 1,0 0 1,
  0 0 1,0 0 1,
  0 0 1,0 0 1,
  0 0 1,0 0 1,
  0 0 1,0 0 1,
  0 0 1,0 0 1,
  0 0 1,0 0 1,
  0 0 1,0 0 1,
  0 0 1,0 0 1,
  0 0 1,0 0 1,
  0 0 1,0 0 1,
  0 0 1,0 0 1,
  0 0 1,0 0 1,
  0 0 1,0 0 1,
  0 0 1,0 0 1,
  0 0 1,0 0 1,
  0 0 1,0 0 1,
  0 0 1,0 0 1,
  0 0 1,0 0 1,
  0 0 1,0 0 1,
  0 0 1,0 0 1,
  0 0 1,0 0 1,
  0 0 1,0 0 1,
  0 0 1,0 0 1,
  0 0 1,0 0 1,
  0 0 1,0 0 1,
  0 0 1,0 0 1,
  0 0 1,0 0 1,
  0 0 1,0 0 1,
  0 0 1,0 0 1,
  0 0 1,0 0 1,
  0 0 1,0 0 1,
  0 0 1,0 0 1,
  0 0 1,0 0 1,
  0 0 1,0 0 1,
  0 0 1,0 0 1,
  0 0 1,0 0 1,
  0 0 1,0 0 1,
  0 0 1,0 0 1,
  0 0 1,0 0 1,
  0 0 1,0 0 1,
  0 0 1,0 0 1,
  0 0 1,0 0 1,
  0 0 1,0 0 1,
  0 0 1,0 0 1,
  0 0 1,0 0 1,
  0 0 1,0 0 1,
  0 0 1,0 0 1,
  0 0 1,0 0 1,
  0 0 1,0 0 1,
  0 0 1,0 0 1,
  0 0 1,0 0 1,
  0 0 1,0 0 1,
  0 0 1,0 0 1,
  0 0 1,0 0 1,
  0 0 1,0 0 1,
  0 0 1,0 0 1,
  0 0 1,0 0 1,
  0 0 1,0 0 1,
  0 0 1,0 0 1,
  0 0 1,0 0 1,
  0 0 1,0 0 1,
  0 0 1,0 0 1,
  0 0 1,0 0 1,
  0 0 1,0 0 1,
  0 0 1,0 0 1,
  0 0 1,0 0 1,
  0 0 1,0 0 1,
  0 0 1,0 0 1,
  0 0 1,0 0 1,
  0 0 1,0 0 1,
  0 0 1,0 0 1,
  0 0 1,0 0 1,
  0 0 1,0 0 1,
  0 0 1,0 0 1,
  0 0 1,0 0 1,
  0 0 1,0 0 1,
  0 0 1,0 0 1,
  0 0 1,0 0 1,
  0 0 1,0 0 1,
  0 0 1,0 0 1,
  0 0 1,0 0 1,
  0 0 1,0 0 1,
  0 0 1,0 0 1,
  0 0 1,0 0 1,
  0 0 1,0 0 1,
  0 0 1,0 0 1,
  0 0 1,0 0 1,
  0 0 1,0 0 1,
  0 0 1,0 0 1,
  0 0 1,0 0 1,
  0 0 1,0 0 1,
  0 0 1,0 0 1,
  0 0 1,0 0 1,
  0 0 1,0 0 1,
  0 0 1,0 0 1,
  0 0 1,0 0 1,
  0 0 1,0 0 1,
  0 0 1,0 0 1,
  0 0 1,0 0 1,
  0 0 1,0 0 1,
  0 0 1,0 0 1,
  0 0 1,0 0 1,
  0 0 1,0 0 1,
  0 0 1,0 0 1,
  0 0 1,0 0 1,
  0 0 1,0 0 1,
  0 0 1,0 0 1,
  0 0 1,0 0 1,
  0 0 1,0 0 1,
  0 0 1,0 0 1,
  0 0 1,0 0 1,
  0 0 1,0 0 1,
  0 0 1,0 0 1,
  0 0 1,0 0 1,
  0 0 1,0 0 1,
  0 0 1,0 0 1,
  0 0 1,0 0 1,
  0 0 1,0 0 1,
  0 0 1,0 0 1,
  0 0 1,0 0 1,
  0 0 1,0 0 1,
  0 0 1,0 0 1,
  0 0 1,0 0 1,
  0 0 1,0 0 1,
  0 0 1,0 0 1,
  0 0 1,0 0 1,
  0 0 1,0 0 1,
  0 0 1,0 0 1,
  0 0 1,0 0 1,
  0 0 1,0 0 1,
  0 0 1,0 0 1,
  0 0 1,0 0 1,
  0 0 1,0 0 1,
  0 0 1,0 0 1,
  0 0 1,0 0 1,
  0 0 1,0 0 1,
  0 0 1,0 0 1,
  0 0 1,0 0 1,
  0 0 1,0 0 1,
  0 0 1,0 0 1,
  0 0 1,0 0 1,
  0 0 1,0 0 1,
  0 0 1,0 0 1,
  0 0 1,0 0 1,
  0 0 1,0 0 1,
  0 0 1,0 0 1,
  0 0 1,0 0 1,
  0 0 1,0 0 1,
  0 0 1,0 0 1,
  0 0 1,0 0 1,
  0 0 1,0 0 1,
  0 0 1,0 0 1,
  0 0 1,0 0 1,
  0 0 1,0 0 1,
  0 0 1,0 0 1,
  0 0 1,0 0 1,
  0 0 1,0 0 1,
  0 0 1,0 0 1,
  0 0 1,0 0 1,
  0 0 1,0 0 1,
  0 0 1,0 0 1,
  0 0 1,0 0 1,
  0 0 1,0 0 1,
  0 0 1,0 0 1,
  0 0 1,0 0 1,
  0 0 1,0 0 1,
  0 0 1,0 0 1,
  0 0 1,0 0 1,
  0 0 1,0 0 1,
  0 0 1,0 0 1,
  0 0 1,0 0 1,
  0 0 1,0 0 1,
  0 0 1,0 0 1,
  0 0 1,0 0 1,
  0 0 1,0 0 1,
  0 0 1,0 0 1,
  0 0 1,0 0 1,
  0 0 1,0 0 1,
  0 0 1,0 0 1,
  0 0 1,0 0 1,
  0 0 1,0 0 1,
  0 0 1,0 0 1,
  0 0 1,0 0 1,
  0 0 1,0 0 1,
  0 0 1,0 0 1,
  0 0 1,0 0 1,
  0 0 1,0 0 1,
  0 0 1,0 0 1,
  0 0 1,0 0 1,
  0 0 1,0 0 1,
  0 0 1,0 0 1,
  0 0 1,0 0 1,
  0 0 1,0 0 1,
  0 0 1,0 0 1,
  0 0 1,0 0 1,
  0 0 1,0 0 1,
  0 0 1,0 0 1,
  0 0 1,0 0 1,
  0 0 1,0 0 1,
  0 0 1,0 0 1,
  0 0 1,0 0 1,
  0 0 1,0 0 1,
  0 0 1,0 0 1,
  0 0 1,0 0 1,
  0 0 1,0 0 1,
  0 0 1,0 0 1,
  0 0 1,0 0 1,
  0 0 1,0 0 1,
  0 0 1,0 0 1,
  0 0 1,0 0 1,
  0 0 1,0 0 1,
  0 0 1,0 0 1,
  0 0 1,0 0 1,
  0 0 1,0 0 1,
  0 0 1,0 0 1,
  0 0 1,0 0 1,
  0 0 1,0 0 1,
  0 0 1,0 0 1,
  0 0 1,0 0 1,
  0 0 1,0 0 1,
  0 0 1,0 0 1,
  0 0 1,0 0 1,
  0 0 1,0 0 1,
  0 0 1,0 0 1,
  0 0 1,0 0 1,
  0 0 1,0 0 1,
  0 0 1,0 0 1,
  0 0 1,0 0 1,
  0 0 1,0 0 1,
  0 0 1,0 0 1,
  0 0 1,0 0 1,
  0 0 1,0 0 1,
  0 0 1,0 0 1,
  0 0 1,0 0 1,
  0 0 1,0 0 1,
  0 0 1,0 0 1,
  0 0 1,0 0 1,
  0 0 1,0 0 1,
  0 0 1,0 0 1,
  0 0 1,0 0 1,
  0 0 1,0 0 1,
  0 0 1,0 0 1,
  0 0 1,0 0 1,
  0 0 1,0 0 1,
  0 0 1,0 0 1,
  0 0 1,0 0 1,
  0 0 1,0 0 1,
  0 0 1,0 0 1,
  0 0 1,0 0 1,
  0 0 1,0 0 1,
  0 0 1,0 0 1,
  0 0 1,0 0 1,
  0 0 1,0 0 1,
  0 0 1,0 0 1,
  0 0 1,0 0 1,
  0 0 1,0 0 1,
  0 0 1,0 0 1,
  0 0 1,0 0 1,
  0 0 1,0 0 1,
  0 0 1,0 0 1,
  0 0 1,0 0 1,
  0 0 1,0 0 1,
  0 0 1,0 0 1,
  0 0 1,0 0 1,
  0 0 1,0 0 1,
  0 0 1,0 0 1,
  0 0 1,0 0 1,
  0 0 1,0 0 1,
  0 0 1,0 0 1,
  0 0 1,0 0 1,
  0 0 1,0 0 1,
  0 0 1,0 0 1,
  0 0 1,0 0 1,
  0 0 1,0 0 1,
  0 0 1,0 0 1,
  0 0 1,0 0 1,
  0 0 1,0 0 1,
  0 0 1,0 0 1,
  0 0 1,0 0 1,
  0 0 1,0 0 1,
  0 0 1,0 0 1,
  0 0 1,0 0 1,
  0 0 1,0 0 1,
  0 0 1,0 0 1,
  0 0 1,0 0 1,
  0 0 1,0 0 1,
  0 0 1,0 0 1,
  0 0 1,0 0 1,
  0 0 1,0 0 1,
  0 0 1,0 0 1,
  0 0 1,0 0 1,
  0 0 1,0 0 1,
  0 0 1,0 0 1,
  0 0 1,0 0 1,
  0 0 1,0 0 1,
  0 0 1,0 0 1,
  0 0 1,0 0 1,
  0 0 1,0 0 1,
  0 0 1,0 0 1,
  0 0 1,0 0 1,
  0 0 1,0 0 1,
  0 0 1,0 0 1,
  0 0 1,0 0 1,
  0 0 1,0 0 1,
  0 0 1,0 0 1,
  0 0 1,0 0 1,
  0 0 1,0 0 1,
  0 0 1,0 0 1,
  0 0 1,0 0 1,
  0 0 1,0 0 1,
  0 0 1,0 0 1,
  0 0 1,0 0 1,
  0 0 1,0 0 1,
  0 0 1,0 0 1,
  0 0 1,0 0 1,
  0 0 1,0 0 1,
  0 0 1,0 0 1,
  0 0 1,0 0 1,
  0 0 1,0 0 1,
  0 0 1,0 0 1,
  0 0 1,0 0 1,
  0 0 1,0 0 1,
  0 0 1,0 0 1,
  0 0 1,0 0 1,
  0 0 1,0 0 1,
  0 0 1,0 0 1,
  0 0 1,0 0 1,
  0 0 1,0 0 1,
  0 0 1,0 0 1,
  0 0 1,0 0 1,
  0 0 1,0 0 1,
  0 0 1,0 0 1,
  0 0 1,0 0 1,
  0 0 1,0 0 1,
  0 0 1,0 0 1,
  0 0 1,0 0 1,
  0 0 1,0 0 1,
  0 0 1,0 0 1,
  0 0 1,0 0 1,
  0 0 1,0 0 1,
  0 0 1,0 0 1,
  0 0 1,0 0 1,
  0 0 1,0 0 1,
  0 0 1,0 0 1,
  0 0 1,0 0 1,
  0 0 1,0 0 1,
  0 0 1,0 0 1,
  0 0 1,0 0 1,
  0 0 1,0 0 1,
  0 0 1,0 0 1,
  0 0 1,0 0 1,
  0 0 1,0 0 1,
  0 0 1,0 0 1,
  0 0 1,0 0 1,
  0 0 1,0 0 1,
  0 0 1,0 0 1,
  0 0 1,0 0 1,
  0 0 1,0 0 1,
  0 0 1,0 0 1,
  0 0 1,0 0 1,
  0 0 1,0 0 1,
  0 0 1,0 0 1,
  0 0 1,0 0 1,
  0 0 1,0 0 1,
  0 0 1,0 0 1,
  0 0 1,0 0 1,
  0 0 1,0 0 1,
  0 0 1,0 0 1,
  0 0 1,0 0 1,
  0 0 1,0 0 1,
  0 0 1,0 0 1,
  0 0 1,0 0 1,
  0 0 1,0 0 1,
  0 0 1,0 0 1,
  0 0 1,0 0 1,
  0 0 1,0 0 1,
  0 0 1,0 0 1,
  0 0 1,0 0 1,
  0 0 1,0 0 1,
  0 0 1,0 0 1,
  0 0 1,0 0 1,
  0 0 1,0 0 1,
  0 0 1,0 0 1,
  0 0 1,0 0 1,
  0 0 1,0 0 1,
  0 0 1,0 0 1,
  0 0 1,0 0 1,
  0 0 1,0 0 1,
  0 0 1,0 0 1,
  0 0 1,0 0 1,
  0 0 1,0 0 1,
  0 0 1,0 0 1,
  0 0 1,0 0 1,
  0 0 1,0 0 1,
  0 0 1,0 0 1,
  0 0 1,0 0 1,
  0 0 1,0 0 1,
  0 0 1,0 0 1,
  0 0 1,0 0 1,
  0 0 1,0 0 1,
  0 0 1,0 0 1,
  0 0 1,0 0 1,
  0 0 1,0 0 1,
  0 0 1,0 0 1,
  0 0 1,0 0 1,
  0 0 1,0 0 1,
  0 0 1,0 0 1,
  0 0 1,0 0 1,
  0 0 1,0 0 1,
  0 0 1,0 0 1,
  0 0 1,0 0 1,
  0 0 1,0 0 1,
  0 0 1,0 0 1,
  0 0 1,0 0 1,
  0 0 1,0 0 1,
  0 0 1,0 0 1,
  0 0 1,0 0 1,
  0 0 1,0 0 1,
  0 0 1,0 0 1,
  0 0 1,0 0 1,
  0 0 1,0 0 1,
  0 0 1,0 0 1,
  0 0 1,0 0 1,
  0 0 1,0 0 1,
  0 0 1,0 0 1,
  0 0 1,0 0 1,
  0 0 1,0 0 1,
  0 0 1,0 0 1,
  0 0 1,0 0 1,
  0 0 1,0 0 1,
  0 0 1,0 0 1,
  0 0 1,0 0 1,
  0 0 1,0 0 1,
  0 0 1,0 0 1,
  0 0 1,0 0 1,
  0 0 1,0 0 1,
  0 0 1,0 0 1,
  0 0 1,0 0 1,
  0 0 1,0 0 1,
  0 0 1,0 0 1,
  0 0 1,0 0 1,
  0 0 1,0 0 1,
  0 0 1,0 0 1,
  0 0 1,0 0 1,
  0 0 1,0 0 1,
  0 0 1,0 0 1,
  0 0 1,0 0 1,
  0 0 1,0 0 1,
  0 0 1,0 0 1,
  0 0 1,0 0 1,
  0 0 1,0 0 1,
  0 0 1,0 0 1,
  0 0 1,0 0 1,
  0 0 1,0 0 1,
  0 0 1,0 0 1,
  0 0 1,0 0 1,
  0 0 1,0 0 1,
  0 0 1,0 0 1,
  0 0 1,0 0 1,
  0 0 1,0 0 1,
  0 0 1,0 0 1,
  0 0 1,0 0 1,
  0 0 1,0 0 1,
  0 0 1,0 0 1,
  0 0 1,0 0 1,
  0 0 1,0 0 1,
  0 0 1,0 0 1,
  0 0 1,0 0 1,
  0 0 1,0 0 1,
  0 0 1,0 0 1,
  0 0 1,0 0 1,
  0 0 1,0 0 1,
  0 0 1,0 0 1,
  0 0 1,0 0 1,
  0 0 1,0 0 1,
  0 0 1,0 0 1,
  0 0 1,0 0 1,
  0 0 1,0 0 1,
  0 0 1,0 0 1,
  0 0 1,0 0 1,
  0 0 1,0 0 1,
  0 0 1,0 0 1,
  0 0 1,0 0 1,
  0 0 1,0 0 1,
  0 0 1,0 0 1,
  0 0 1,0 0 1,
  0 0 1,0 0 1,
  0 0 1,0 0 1,
  0 0 1,0 0 1,
  0 0 1,0 0 1,
  0 0 1,0 0 1,
  0 0 1,0 0 1,
  0 0 1,0 0 1,
  0 0 1,0 0 1,
  0 0 1,0 0 1,
  0 0 1,0 0 1,
  0 0 1,0 0 1,
  0 0 1,0 0 1,
  0 0 1,0 0 1,
  0 0 1,0 0 1,
  0 0 1,0 0 1,
  0 0 1,0 0 1,
  0 0 1,0 0 1,
  0 0 1,0 0 1,
  0 0 1,0 0 1,
  0 0 1,0 0 1,
  0 0 1,0 0 1,
  0 0 1,0 0 1,
  0 0 1,0 0 1,
  0 0 1,0 0 1,
  0 0 1,0 0 1,
  0 0 1,0 0 1,
  0 0 1,0 0 1,
  0 0 1,0 0 1,
  0 0 1,0 0 1,
  0 0 1,0 0 1,
  0 0 1,0 0 1,
  0 0 1,0 0 1,
  0 0 1,0 0 1,
  0 0 1,0 0 1,
  0 0 1,0 0 1,
  0 0 1,0 0 1,
  0 0 1,0 0 1,
  0 0 1,0 0 1,
  0 0 1,0 0 1,
  0 0 1,0 0 1,
  0 0 1,0 0 1,
  0 0 1,0 0 1,
  0 0 1,0 0 1,
  0 0 1,0 0 1,
  0 0 1,0 0 1,
  0 0 1,0 0 1,
  0 0 1,0 0 1,
  0 0 1,0 0 1,
  0 0 1,0 0 1,
  0 0 1,0 0 1,
  0 0 1,0 0 1,
  0 0 1,0 0 1,
  0 0 1,0 0 1,
  0 0 1,0 0 1,
  0 0 1,0 0 1,
  0 0 1,0 0 1,
  0 0 1,0 0 1,
  0 0 1,0 0 1,
  0 0 1,0 0 1,
  0 0 1,0 0 1,
  0 0 1,0 0 1,
  0 0 1,0 0 1,
  0 0 1,0 0 1,
  0 0 1,0 0 1,
  0 0 1,0 0 1,
  0 0 1,0 0 1,
  0 0 1,0 0 1,
  0 0 1,0 0 1,
  0 0 1,0 0 1,
  0 0 1,0 0 1,
  0 0 1,0 0 1,
  0 0 1,0 0 1,
  0 0 1,0 0 1,
  0 0 1,0 0 1,
  0 0 1,0 0 1,
  0 0 1,0 0 1,
  0 0 1,0 0 1,
  0 0 1,0 0 1,
  0 0 1,0 0 1,
  0 0 1,0 0 1,
  0 0 1,0 0 1,
  0 0 1,0 0 1,
  0 0 1,0 0 1,
  0 0 1,0 0 1,
  0 0 1,0 0 1,
  0 0 1,0 0 1,
  0 0 1,0 0 1,
  0 0 1,0 0 1,
  0 0 1,0 0 1,
  0 0 1,0 0 1,
  0 0 1,0 0 1,
  0 0 1,0 0 1,
  0 0 1,0 0 1,
  0 0 1,0 0 1,
  0 0 1,0 0 1,
  0 0 1,0 0 1,
  0 0 1,0 0 1,
  0 0 1,0 0 1,
  0 0 1,0 0 1,
  0 0 1,0 0 1,
  0 0 1,0 0 1,
  0 0 1,0 0 1,
  0 0 1,0 0 1,
  0 0 1,0 0 1,
  0 0 1,0 0 1,
  0 0 1,0 0 1,
  0 0 1,0 0 1,
  0 0 1,0 0 1,
  0 0 1,0 0 1,
  0 0 1,0 0 1,
  0 0 1,0 0 1,
  0 0 1,0 0 1,
  0 0 1,0 0 1,
  0 0 1,0 0 1,
  0 0 1,0 0 1,
  0 0 1,0 0 1,
  0 0 1,0 0 1,
  0 0 1,0 0 1,
  0 0 1,0 0 1,
  0 0 1,0 0 1,
  0 0 1,0 0 1,
  0 0 1,0 0 1,
  0 0 1,0 0 1,
  0 0 1,0 0 1,
  0 0 1,0 0 1,
  0 0 1,0 0 1,
  0 0 1,0 0 1,
  0 0 1,0 0 1,
  0 0 1,0 0 1,
  0 0 1,0 0 1,
  0 0 1,0 0 1,
  0 0 1,0 0 1,
  0 0 1,0 0 1,
  0 0 1,0 0 1,
  0 0 1,0 0 1,
  0 0 1,0 0 1,
  0 0 1,0 0 1,
  0 0 1,0 0 1,
  0 0 1,0 0 1,
  0 0 1,0 0 1,
  0 0 1,0 0 1,
  0 0 1,0 0 1,
  0 0 1,0 0 1,
  0 0 1,0 0 1,
  0 0 1,0 0 1,
  0 0 1,0 0 1,
  0 0 1,0 0 1,
  0 0 1,0 0 1,
  0 0 1,0 0 1,
  0 0 1,0 0 1,
  0 0 1,0 0 1,
  0 0 1,0 0 1,
  0 0 1,0 0 1,
  0 0 1,0 0 1,
  0 0 1,0 0 1,
  0 0 1,0 0 1,
  0 0 1,0 0 1,
  0 0 1,0 0 1,
  0 0 1,0 0 1,
  0 0 1,0 0 1,
  0 0 1,0 0 1,
  0 0 1,0 0 1,
  0 0 1,0 0 1,
  0 0 1,0 0 1,
  0 0 1,0 0 1,
  0 0 1,0 0 1,
  0 0 1,0 0 1,
  0 0 1,0 0 1,
  0 0 1,0 0 1,
  0 0 1,0 0 1,
  0 0 1,0 0 1,
  0 0 1,0 0 1,
  0 0 1,0 0 1,
  0 0 1,0 0 1,
  0 0 1,0 0 1,
  0 0 1,0 0 1,
  0 0 1,0 0 1,
  0 0 1,0 0 1,
  0 0 1,0 0 1,
  0 0 1,0 0 1,
  0 0 1,0 0 1,
  0 0 1,0 0 1,
  0 0 1,0 0 1,
  0 0 1,0 0 1,
  0 0 1,0 0 1,
  0 0 1,0 0 1,
  0 0 1,0 0 1,
  0 0 1,0 0 1,
  0 0 1,0 0 1,
  0 0 1,0 0 1,
  0 0 1,0 0 1,
  0 0 1,0 0 1,
  0 0 1,0 0 1,
  0 0 1,0 0 1,
  0 0 1,0 0 1,
  0 0 1,0 0 1,
  0 0 1,0 0 1,
  0 0 1,0 0 1,
  0 0 1,0 0 1,
  0 0 1,0 0 1,
  0 0 1,0 0 1,
  0 0 1,0 0 1,
  0 0 1,0 0 1,
  0 0 1,0 0 1,
  0 0 1,0 0 1,
  0 0 1,0 0 1,
  0 0 1,0 0 1,
  0 0 1,0 0 1,
  0 0 1,0 0 1,
  0 0 1,0 0 1,
  0 0 1,0 0 1,
  0 0 1,0 0 1,
  0 0 1,0 0 1,
  0 0 1,0 0 1,
  0 0 1,0 0 1,
  0 0 1,0 0 1,
  0 0 1,0 0 1,
  0 0 1,0 0 1,
  0 0 1,0 0 1,
  0 0 1,0 0 1,
  0 0 1,0 0 1,
  0 0 1,0 0 1,
  0 0 1,0 0 1,
  0 0 1,0 0 1,
  0 0 1,0 0 1,
  0 0 1,0 0 1,
  0 0 1,0 0 1,
  0 0 1,0 0 1,
  0 0 1,0 0 1,
  0 0 1,0 0 1,
  0 0 1,0 0 1,
  0 0 1,0 0 1,
  0 0 1,0 0 1,
  0 0 1,0 0 1,
  0 0 1,0 0 1,
  0 0 1,0 0 1,
  0 0 1,0 0 1,
  0 0 1,0 0 1,
  0 0 1,0 0 1,
  0 0 1,0 0 1,
  0 0 1,0 0 1,
  0 0 1,0 0 1,
  0 0 1,0 0 1,
  0 0 1,0 0 1,
  0 0 1,0 0 1,
  0 0 1,0 0 1,
  0 0 1,0 0 1,
  0 0 1,0 0 1,
  0 0 1,0 0 1,
  0 0 1,0 0 1,
  0 0 1,0 0 1,
  0 0 1,0 0 1,
  0 0 1,0 0 1,
  0 0 1,0 0 1,
  0 0 1,0 0 1,
  0 0 1,0 0 1,
  0 0 1,0 0 1,
  0 0 1,0 0 1,
  0 0 1,0 0 1,
  0 0 1,0 0 1,
  0 0 1,0 0 1,
  0 0 1,0 0 1,
  0 0 1,0 0 1,
  0 0 1,0 0 1,
  0 0 1,0 0 1,
  0 0 1,0 0 1,
  0 0 1,0 0 1,
  0 0 1,0 0 1,
  0 0 1,0 0 1,
  0 0 1,0 0 1,
  0 0 1,0 0 1,
  0 0 1,0 0 1,
  0 0 1,0 0 1,
  0 0 1,0 0 1,
  0 0 1,0 0 1,
  0 0 1,0 0 1,
  0 0 1,0 0 1,
  0 0 1,0 0 1,
  0 0 1,0 0 1,
  0 0 1,0 0 1,
  0 0 1,0 0 1,
  0 0 1,0 0 1,
  0 0 1,0 0 1,
  0 0 1,0 0 1,
  0 0 1,0 0 1,
  0 0 1,0 0 1,
  0 0 1,0 0 1,
  0 0 1,0 0 1,
  0 0 1,0 0 1,
  0 0 1,0 0 1,
  0 0 1,0 0 1,
  0 0 1,0 0 1,
  0 0 1,0 0 1,
  0 0 1,0 0 1,
  0 0 1,0 0 1,
  0 0 1,0 0 1,
  0 0 1,0 0 1,
  0 0 1,0 0 1,
  0 0 1,0 0 1,
  0 0 1,0 0 1,
  0 0 1,0 0 1,
  0 0 1,0 0 1,
  0 0 1,0 0 1,
  0 0 1,0 0 1,
  0 0 1,0 0 1,
  0 0 1,0 0 1,
  0 0 1,0 0 1,
  0 0 1,0 0 1,
  0 0 1,0 0 1,
  0 0 1,0 0 1,
  0 0 1,0 0 1,
  0 0 1,0 0 1,
  0 0 1,0 0 1,
  0 0 1,0 0 1,
  0 0 1,0 0 1,
  0 0 1,0 0 1,
  0 0 1,0 0 1,
  0 0 1,0 0 1,
  0 0 1,0 0 1,
  0 0 1,0 0 1,
  0 0 1,0 0 1,
  0 0 1,0 0 1,
  0 0 1,0 0 1,
  0 0 1,0 0 1,
  0 0 1,0 0 1,
  0 0 1,0 0 1,
  0 0 1,0 0 1,
  0 0 1,0 0 1,
  0 0 1,0 0 1,
  0 0 1,0 0 1,
  0 0 1,0 0 1,
  0 0 1,0 0 1,
  0 0 1,0 0 1,
  0 0 1,0 0 1,
  0 0 1,0 0 1,
  0 0 1,0 0 1,
  0 0 1,0 0 1,
  0 0 1,0 0 1,
  0 0 1,0 0 1,
  0 0 1,0 0 1,
  0 0 1,0 0 1,
  0 0 1,0 0 1,
  0 0 1,0 0 1,
  0 0 1,0 0 1,
  0 0 1,0 0 1,
  0 0 1,0 0 1,
  0 0 1,0 0 1,
  0 0 1,0 0 1,
  0 0 1,0 0 1,
  0 0 1,0 0 1,
  0 0 1,0 0 1,
  0 0 1,0 0 1,
  0 0 1,0 0 1,
  0 0 1,0 0 1,
  0 0 1,0 0 1,
  0 0 1,0 0 1,
  0 0 1,0 0 1,
  0 0 1,0 0 1,
  0 0 1,0 0 1,
  0 0 1,0 0 1,
  0 0 1,0 0 1,
  0 0 1,0 0 1,
  0 0 1,0 0 1,
  0 0 1,0 0 1,
  0 0 1,0 0 1,
  0 0 1,0 0 1,
  0 0 1,0 0 1,
  0 0 1,0 0 1,
  0 0 1,0 0 1,
  0 0 1,0 0 1,
  0 0 1,0 0 1,
  0 0 1,0 0 1,
  0 0 1,0 0 1,
  0 0 1,0 0 1,
  0 0 1,0 0 1,
  0 0 1,0 0 1,
  0 0 1,0 0 1,
  0 0 1,0 0 1,
  0 0 1,0 0 1,
  0 0 1,0 0 1,
  0 0 1,0 0 1,
  0 0 1,0 0 1,
  0 0 1,0 0 1,
  0 0 1,0 0 1,
  0 0 1,0 0 1,
  0 0 1,0 0 1,
  0 0 1,0 0 1,
  0 0 1,0 0 1,
  0 0 1,0 0 1,
  0 0 1,0 0 1,
  0 0 1,0 0 1,
  0 0 1,0 0 1,
  0 0 1,0 0 1,
  0 0 1,0 0 1,
  0 0 1,0 0 1,
  0 0 1,0 0 1,
  0 0 1,0 0 1,
  0 0 1,0 0 1,
  0 0 1,0 0 1,
  0 0 1,0 0 1,
  0 0 1,0 0 1,
  0 0 1,0 0 1,
  0 0 1,0 0 1,
  0 0 1,0 0 1,
  0 0 1,0 0 1,
  0 0 1,0 0 1,
  0 0 1,0 0 1,
  0 0 1,0 0 1,
  0 0 1,0 0 1,
  0 0 1,0 0 1,
  0 0 1,0 0 1,
  0 0 1,0 0 1,
  0 0 1,0 0 1,
  0 0 1,0 0 1,
  0 0 1,0 0 1,
  0 0 1,0 0 1,
  0 0 1,0 0 1,
  0 0 1,0 0 1,
  0 0 1,0 0 1,
  0 0 1,0 0 1,
  0 0 1,0 0 1,
  0 0 1,0 0 1,
  0 0 1,0 0 1,
  0 0 1,0 0 1,
  0 0 1,0 0 1,
  0 0 1,0 0 1,
  0 0 1,0 0 1,
  0 0 1,0 0 1,
  0 0 1,0 0 1,
  0 0 1,0 0 1,
  0 0 1,0 0 1,
  0 0 1,0 0 1,
  0 0 1,0 0 1,
  0 0 1,0 0 1,
  0 0 1,0 0 1,
  0 0 1,0 0 1,
  0 0 1,0 0 1,
  0 0 1,0 0 1,
  0 0 1,0 0 1,
  0 0 1,0 0 1,
  0 0 1,0 0 1,
  0 0 1,0 0 1,
  0 0 1,0 0 1,
  0 0 1,0 0 1,
  0 0 1,0 0 1,
  0 0 1,0 0 1,
  0 0 1,0 0 1,
  0 0 1,0 0 1,
  0 0 1,0 0 1,
  0 0 1,0 0 1,
  0 0 1,0 0 1,
  0 0 1,0 0 1,
  0 0 1,0 0 1,
  0 0 1,0 0 1,
  0 0 1,0 0 1,
  0 0 1,0 0 1,
  0 0 1,0 0 1,
  0 0 1,0 0 1,
  0 0 1,0 0 1,
  0 0 1,0 0 1,
  0 0 1,0 0 1,
  0 0 1,0 0 1,
  0 0 1,0 0 1,
  0 0 1,0 0 1,
  0 0 1,0 0 1,
  0 0 1,0 0 1,
  0 0 1,0 0 1,
  0 0 1,0 0 1,
  0 0 1,0 0 1,
  0 0 1,0 0 1,
  0 0 1,0 0 1,
  0 0 1,0 0 1,
  0 0 1,0 0 1,
  0 0 1,0 0 1,
  0 0 1,0 0 1,
  0 0 1,0 0 1,
  0 0 1,0 0 1,
  0 0 1,0 0 1,
  0 0 1,0 0 1,
  0 0 1,0 0 1,
  0 0 1,0 0 1,
  0 0 1,0 0 1,
  0 0 1,0 0 1,
  0 0 1,0 0 1,
  0 0 1,0 0 1,
  0 0 1,0 0 1,
  0 0 1,0 0 1,
  0 0 1,0 0 1,
  0 0 1,0 0 1,
  0 0 1,0 0 1,
  0 0 1,0 0 1,
  0 0 1,0 0 1,
  0 0 1,0 0 1,
  0 0 1,0 0 1,
  0 0 1,0 0 1,
  0 0 1,0 0 1,
  0 0 1,0 0 1,
  0 0 1,0 0 1,
  0 0 1,0 0 1,
  0 0 1,0 0 1,
  0 0 1,0 0 1,
  0 0 1,0 0 1,
  0 0 1,0 0 1,
  0 0 1,0 0 1,
  0 0 1,0 0 1,
  0 0 1,0 0 1,
  0 0 1,0 0 1,
  0 0 1,0 0 1,
  0 0 1,0 0 1,
  0 0 1,0 0 1,
  0 0 1,0 0 1,
  0 0 1,0 0 1,
  0 0 1,0 0 1,
  0 0 1,0 0 1,
  0 0 1,0 0 1,
  0 0 1,0 0 1,
  0 0 1,0 0 1,
  0 0 1,0 0 1,
  0 0 1,0 0 1,
  0 0 1,0 0 1,
  0 0 1,0 0 1,
  0 0 1,0 0 1,
  0 0 1,0 0 1,
  0 0 1,0 0 1,
  0 0 1,0 0 1,
  0 0 1,0 0 1,
  0 0 1,0 0 1,
  0 0 1,0 0 1,
  0 0 1,0 0 1,
  0 0 1,0 0 1,
  0 0 1,0 0 1,
  0 0 1,0 0 1,
  0 0 1,0 0 1,
  0 0 1,0 0 1,
  0 0 1,0 0 1,
  0 0 1,0 0 1,
  0 0 1,0 0 1,
  0 0 1,0 0 1,
  0 0 1,0 0 1,
  0 0 1,0 0 1,
  0 0 1,0 0 1,
  0 0 1,0 0 1,
  0 0 1] }
}
}
] }
] }
